==> Launching the simulated cell (headless=1)
[INFO] [launch]: All log files can be found below /home/cite/.ros/log/2026-08-29-01-00-32-523870-ef139b725540-23
[INFO] [launch]: Default logging verbosity is set to INFO
[INFO] [launch.user]: Bringing up zone cell_a: scene plus 3 arm(s)
[INFO] [gz-1]: process started with pid [111]
[INFO] [parameter_bridge-2]: process started with pid [112]
[INFO] [robot_state_publisher-3]: process started with pid [113]
[INFO] [create-4]: process started with pid [114]
[INFO] [robot_state_publisher-5]: process started with pid [115]
[INFO] [create-6]: process started with pid [116]
[INFO] [robot_state_publisher-7]: process started with pid [117]
[INFO] [create-8]: process started with pid [118]
[INFO] [robot_state_publisher-9]: process started with pid [119]
[INFO] [create-10]: process started with pid [120]
[INFO] [frame_server.py-11]: process started with pid [121]
[INFO] [model_info.py-12]: process started with pid [122]
[INFO] [topology_server.py-13]: process started with pid [123]
[INFO] [spawner-14]: process started with pid [132]
[INFO] [move_group-15]: process started with pid [133]
[INFO] [move_group-16]: process started with pid [134]
[INFO] [move_group-17]: process started with pid [135]
[INFO] [detection_server-18]: process started with pid [136]
[detection_server-18] [INFO] [1787965233.605081632] [cite.cell_a.detection.detection_server]: watching 'beam_c1_out' on '/cite/cell_a/beam_c1_out/detection_level', publishing events on '/cite/cell_a/beam_c1_out/detection'
[detection_server-18] [INFO] [1787965233.605616382] [cite.cell_a.detection.detection_server]: watching 'beam_c2_out' on '/cite/cell_a/beam_c2_out/detection_level', publishing events on '/cite/cell_a/beam_c2_out/detection'
[detection_server-18] [INFO] [1787965233.605988923] [cite.cell_a.detection.detection_server]: watching 'beam_c3_out' on '/cite/cell_a/beam_c3_out/detection_level', publishing events on '/cite/cell_a/beam_c3_out/detection'
[detection_server-18] [INFO] [1787965233.607329257] [cite.cell_a.detection.detection_server]: watching 'beam_pick' on '/cite/cell_a/beam_pick/detection_level', publishing events on '/cite/cell_a/beam_pick/detection'
[robot_state_publisher-9] [INFO] [1787965233.609031423] [cite.cell_a.arm_3.description_publisher]: Robot initialized
[robot_state_publisher-5] [INFO] [1787965233.610441423] [cite.cell_a.arm_1.description_publisher]: Robot initialized
[detection_server-18] [INFO] [1787965233.610964965] [cite.cell_a.detection.detection_server]: detection for zone 'cell_a' is accepting goals over 4 sensor(s)
[robot_state_publisher-7] [INFO] [1787965233.611239965] [cite.cell_a.arm_2.description_publisher]: Robot initialized
[robot_state_publisher-3] [INFO] [1787965233.613959673] [scene_description_publisher]: Robot initialized
[create-6] [INFO] [1787965233.618319798] [spawn_arm_1]: Requesting list of world names.
[create-10] [INFO] [1787965233.630550465] [spawn_arm_3]: Requesting list of world names.
[create-4] [INFO] [1787965233.631213257] [spawn_scene]: Requesting list of world names.
[create-8] [INFO] [1787965233.638755923] [spawn_arm_2]: Requesting list of world names.
[parameter_bridge-2] [INFO] [1787965233.696194007] [gz_bridge]: Creating GZ->ROS Bridge: [/clock (gz.msgs.Clock) -> /clock (rosgraph_msgs/msg/Clock)] (Lazy 0)
[parameter_bridge-2] [INFO] [1787965233.703706923] [gz_bridge]: Creating ROS->GZ Bridge: [/cite/cell_a/conveyor_1/command (std_msgs/msg/Float64) -> /cite/cell_a/conveyor_1/command (gz.msgs.Double)] (Lazy 0)
[parameter_bridge-2] [INFO] [1787965233.707936298] [gz_bridge]: Creating GZ->ROS Bridge: [/cite/cell_a/conveyor_1/state (gz.msgs.Double) -> /cite/cell_a/conveyor_1/state (std_msgs/msg/Float64)] (Lazy 0)
[parameter_bridge-2] [INFO] [1787965233.710009882] [gz_bridge]: Creating ROS->GZ Bridge: [/cite/cell_a/conveyor_2/command (std_msgs/msg/Float64) -> /cite/cell_a/conveyor_2/command (gz.msgs.Double)] (Lazy 0)
[parameter_bridge-2] [INFO] [1787965233.711010507] [gz_bridge]: Creating GZ->ROS Bridge: [/cite/cell_a/conveyor_2/state (gz.msgs.Double) -> /cite/cell_a/conveyor_2/state (std_msgs/msg/Float64)] (Lazy 0)
[parameter_bridge-2] [INFO] [1787965233.712275173] [gz_bridge]: Creating ROS->GZ Bridge: [/cite/cell_a/conveyor_3/command (std_msgs/msg/Float64) -> /cite/cell_a/conveyor_3/command (gz.msgs.Double)] (Lazy 0)
[parameter_bridge-2] [INFO] [1787965233.712737923] [gz_bridge]: Creating GZ->ROS Bridge: [/cite/cell_a/conveyor_3/state (gz.msgs.Double) -> /cite/cell_a/conveyor_3/state (std_msgs/msg/Float64)] (Lazy 0)
[parameter_bridge-2] [INFO] [1787965233.713174340] [gz_bridge]: Creating GZ->ROS Bridge: [/cite/cell_a/beam_c1_out/detection (gz.msgs.Boolean) -> /cite/cell_a/beam_c1_out/detection (std_msgs/msg/Bool)] (Lazy 0)
[parameter_bridge-2] [INFO] [1787965233.713831715] [gz_bridge]: Creating GZ->ROS Bridge: [/cite/cell_a/beam_c2_out/detection (gz.msgs.Boolean) -> /cite/cell_a/beam_c2_out/detection (std_msgs/msg/Bool)] (Lazy 0)
[parameter_bridge-2] [INFO] [1787965233.714235715] [gz_bridge]: Creating GZ->ROS Bridge: [/cite/cell_a/beam_c3_out/detection (gz.msgs.Boolean) -> /cite/cell_a/beam_c3_out/detection (std_msgs/msg/Bool)] (Lazy 0)
[parameter_bridge-2] [INFO] [1787965233.715067882] [gz_bridge]: Creating GZ->ROS Bridge: [/cite/cell_a/beam_pick/detection (gz.msgs.Boolean) -> /cite/cell_a/beam_pick/detection (std_msgs/msg/Bool)] (Lazy 0)
[move_group-16] [WARN] [1787965233.717034798] [rcl.logging_rosout]: Publisher already registered for node name: 'move_group'. If this is due to multiple nodes with the same name then all logs for the logger named 'cite.cell_a.arm_2.move_group' will go out over the existing publisher. As soon as any node with that name is destructed it will unregister the publisher, preventing any further logs for that name from being published on the rosout topic.
[move_group-17] [WARN] [1787965233.717105048] [rcl.logging_rosout]: Publisher already registered for node name: 'move_group'. If this is due to multiple nodes with the same name then all logs for the logger named 'cite.cell_a.arm_3.move_group' will go out over the existing publisher. As soon as any node with that name is destructed it will unregister the publisher, preventing any further logs for that name from being published on the rosout topic.
[move_group-16] [WARN] [1787965233.722687507] [rcl.logging_rosout]: Publisher already registered for node name: 'move_group'. If this is due to multiple nodes with the same name then all logs for the logger named 'cite.cell_a.arm_2.move_group' will go out over the existing publisher. As soon as any node with that name is destructed it will unregister the publisher, preventing any further logs for that name from being published on the rosout topic.
[move_group-17] [WARN] [1787965233.725891507] [rcl.logging_rosout]: Publisher already registered for node name: 'move_group'. If this is due to multiple nodes with the same name then all logs for the logger named 'cite.cell_a.arm_3.move_group' will go out over the existing publisher. As soon as any node with that name is destructed it will unregister the publisher, preventing any further logs for that name from being published on the rosout topic.
[move_group-16] [INFO] [1787965233.731256298] [cite.cell_a.arm_2.move_group.moveit.ros.rdf_loader]: Loaded robot model in 0 seconds
[move_group-16] [INFO] [1787965233.731849923] [cite.cell_a.arm_2.move_group.moveit.core.robot_model]: Loading robot model 'arm_2'...
[move_group-16] [INFO] [1787965233.731880798] [cite.cell_a.arm_2.move_group.moveit.core.robot_model]: No root/virtual joint specified in SRDF. Assuming fixed joint
[move_group-17] [INFO] [1787965233.737549923] [cite.cell_a.arm_3.move_group.moveit.ros.rdf_loader]: Loaded robot model in 0 seconds
[move_group-17] [INFO] [1787965233.737631840] [cite.cell_a.arm_3.move_group.moveit.core.robot_model]: Loading robot model 'arm_3'...
[move_group-17] [INFO] [1787965233.737640798] [cite.cell_a.arm_3.move_group.moveit.core.robot_model]: No root/virtual joint specified in SRDF. Assuming fixed joint
[move_group-15] [WARN] [1787965233.737911173] [rcl.logging_rosout]: Publisher already registered for node name: 'move_group'. If this is due to multiple nodes with the same name then all logs for the logger named 'cite.cell_a.arm_1.move_group' will go out over the existing publisher. As soon as any node with that name is destructed it will unregister the publisher, preventing any further logs for that name from being published on the rosout topic.
[move_group-15] [WARN] [1787965233.746277840] [rcl.logging_rosout]: Publisher already registered for node name: 'move_group'. If this is due to multiple nodes with the same name then all logs for the logger named 'cite.cell_a.arm_1.move_group' will go out over the existing publisher. As soon as any node with that name is destructed it will unregister the publisher, preventing any further logs for that name from being published on the rosout topic.
[move_group-15] [INFO] [1787965233.758494673] [cite.cell_a.arm_1.move_group.moveit.ros.rdf_loader]: Loaded robot model in 0 seconds
[move_group-15] [INFO] [1787965233.758591923] [cite.cell_a.arm_1.move_group.moveit.core.robot_model]: Loading robot model 'arm_1'...
[move_group-15] [INFO] [1787965233.758601507] [cite.cell_a.arm_1.move_group.moveit.core.robot_model]: No root/virtual joint specified in SRDF. Assuming fixed joint
[move_group-16] [INFO] [1787965233.865669673] [cite.cell_a.arm_2.move_group.moveit.kinematics.kdl_kinematics_plugin]: Joint weights for group 'arm_2_xarm5': 1 1 1 1 1
[move_group-15] [INFO] [1787965233.865720632] [cite.cell_a.arm_1.move_group.moveit.kinematics.kdl_kinematics_plugin]: Joint weights for group 'arm_1_xarm5': 1 1 1 1 1
[move_group-17] [INFO] [1787965233.866277257] [cite.cell_a.arm_3.move_group.moveit.kinematics.kdl_kinematics_plugin]: Joint weights for group 'arm_3_xarm5': 1 1 1 1 1
[spawner-14] [INFO] [1787965233.895504424] [spawn_arm_1_stage0]: waiting for service /cite/cell_a/arm_1/controller_manager/list_controllers to become available...
[move_group-16] [INFO] [1787965234.092022215] [cite.cell_a.arm_2.move_group.moveit.ros.planning_scene_monitor]: Publishing maintained planning scene on 'monitored_planning_scene'
[move_group-16] [INFO] [1787965234.092260632] [cite.cell_a.arm_2.move_group.moveit.ros.moveit_cpp]: Listening to 'joint_states' for joint states
[move_group-16] [INFO] [1787965234.093040465] [cite.cell_a.arm_2.move_group.moveit.ros.current_state_monitor]: Listening to joint states on topic 'joint_states'
[move_group-16] [INFO] [1787965234.094045299] [cite.cell_a.arm_2.move_group.moveit.ros.planning_scene_monitor]: Listening to '/cite/cell_a/arm_2/attached_collision_object' for attached collision objects
[move_group-16] [INFO] [1787965234.094065757] [cite.cell_a.arm_2.move_group.moveit.ros.planning_scene_monitor]: Stopping existing planning scene publisher.
[move_group-16] [INFO] [1787965234.094583215] [cite.cell_a.arm_2.move_group.moveit.ros.planning_scene_monitor]: Stopped publishing maintained planning scene.
[move_group-16] [INFO] [1787965234.095431049] [cite.cell_a.arm_2.move_group.moveit.ros.planning_scene_monitor]: Publishing maintained planning scene on 'monitored_planning_scene'
[move_group-16] [INFO] [1787965234.095491674] [cite.cell_a.arm_2.move_group.moveit.ros.planning_scene_monitor]: Starting planning scene monitor
[move_group-16] [INFO] [1787965234.096378507] [cite.cell_a.arm_2.move_group.moveit.ros.planning_scene_monitor]: Listening to '/cite/cell_a/arm_2/planning_scene'
[move_group-16] [INFO] [1787965234.096392632] [cite.cell_a.arm_2.move_group.moveit.ros.planning_scene_monitor]: Starting world geometry update monitor for collision objects, attached objects, octomap updates.
[move_group-16] [INFO] [1787965234.096685840] [cite.cell_a.arm_2.move_group.moveit.ros.planning_scene_monitor]: Listening to 'collision_object'
[move_group-16] [INFO] [1787965234.096905340] [cite.cell_a.arm_2.move_group.moveit.ros.planning_scene_monitor]: Listening to 'planning_scene_world' for planning scene world geometry
[move_group-16] [ERROR] [1787965234.097254715] [cite.cell_a.arm_2.move_group.moveit.ros.occupancy_map_monitor]: No 3D sensor plugin(s) defined for octomap updates
[move_group-17] [INFO] [1787965234.102407215] [cite.cell_a.arm_3.move_group.moveit.ros.planning_scene_monitor]: Publishing maintained planning scene on 'monitored_planning_scene'
[move_group-17] [INFO] [1787965234.102699007] [cite.cell_a.arm_3.move_group.moveit.ros.moveit_cpp]: Listening to 'joint_states' for joint states
[move_group-17] [INFO] [1787965234.103342257] [cite.cell_a.arm_3.move_group.moveit.ros.current_state_monitor]: Listening to joint states on topic 'joint_states'
[move_group-17] [INFO] [1787965234.103924007] [cite.cell_a.arm_3.move_group.moveit.ros.planning_scene_monitor]: Listening to '/cite/cell_a/arm_3/attached_collision_object' for attached collision objects
[move_group-17] [INFO] [1787965234.103942424] [cite.cell_a.arm_3.move_group.moveit.ros.planning_scene_monitor]: Stopping existing planning scene publisher.
[move_group-17] [INFO] [1787965234.104423382] [cite.cell_a.arm_3.move_group.moveit.ros.planning_scene_monitor]: Stopped publishing maintained planning scene.
[move_group-17] [INFO] [1787965234.105391965] [cite.cell_a.arm_3.move_group.moveit.ros.planning_scene_monitor]: Publishing maintained planning scene on 'monitored_planning_scene'
[move_group-17] [INFO] [1787965234.105480257] [cite.cell_a.arm_3.move_group.moveit.ros.planning_scene_monitor]: Starting planning scene monitor
[move_group-17] [INFO] [1787965234.106388507] [cite.cell_a.arm_3.move_group.moveit.ros.planning_scene_monitor]: Listening to '/cite/cell_a/arm_3/planning_scene'
[move_group-17] [INFO] [1787965234.106399215] [cite.cell_a.arm_3.move_group.moveit.ros.planning_scene_monitor]: Starting world geometry update monitor for collision objects, attached objects, octomap updates.
[move_group-17] [INFO] [1787965234.107921174] [cite.cell_a.arm_3.move_group.moveit.ros.planning_scene_monitor]: Listening to 'collision_object'
[move_group-17] [INFO] [1787965234.108557132] [cite.cell_a.arm_3.move_group.moveit.ros.planning_scene_monitor]: Listening to 'planning_scene_world' for planning scene world geometry
[move_group-17] [ERROR] [1787965234.108934424] [cite.cell_a.arm_3.move_group.moveit.ros.occupancy_map_monitor]: No 3D sensor plugin(s) defined for octomap updates
[move_group-15] [INFO] [1787965234.116854924] [cite.cell_a.arm_1.move_group.moveit.ros.planning_scene_monitor]: Publishing maintained planning scene on 'monitored_planning_scene'
[move_group-15] [INFO] [1787965234.117040715] [cite.cell_a.arm_1.move_group.moveit.ros.moveit_cpp]: Listening to 'joint_states' for joint states
[move_group-15] [INFO] [1787965234.117870049] [cite.cell_a.arm_1.move_group.moveit.ros.current_state_monitor]: Listening to joint states on topic 'joint_states'
[move_group-15] [INFO] [1787965234.118270924] [cite.cell_a.arm_1.move_group.moveit.ros.planning_scene_monitor]: Listening to '/cite/cell_a/arm_1/attached_collision_object' for attached collision objects
[move_group-15] [INFO] [1787965234.118279674] [cite.cell_a.arm_1.move_group.moveit.ros.planning_scene_monitor]: Stopping existing planning scene publisher.
[move_group-15] [INFO] [1787965234.118645090] [cite.cell_a.arm_1.move_group.moveit.ros.planning_scene_monitor]: Stopped publishing maintained planning scene.
[move_group-15] [INFO] [1787965234.119802382] [cite.cell_a.arm_1.move_group.moveit.ros.planning_scene_monitor]: Publishing maintained planning scene on 'monitored_planning_scene'
[move_group-15] [INFO] [1787965234.119876632] [cite.cell_a.arm_1.move_group.moveit.ros.planning_scene_monitor]: Starting planning scene monitor
[move_group-15] [INFO] [1787965234.120552382] [cite.cell_a.arm_1.move_group.moveit.ros.planning_scene_monitor]: Listening to '/cite/cell_a/arm_1/planning_scene'
[move_group-15] [INFO] [1787965234.120580174] [cite.cell_a.arm_1.move_group.moveit.ros.planning_scene_monitor]: Starting world geometry update monitor for collision objects, attached objects, octomap updates.
[move_group-15] [INFO] [1787965234.121376924] [cite.cell_a.arm_1.move_group.moveit.ros.planning_scene_monitor]: Listening to 'collision_object'
[move_group-15] [INFO] [1787965234.123827757] [cite.cell_a.arm_1.move_group.moveit.ros.planning_scene_monitor]: Listening to 'planning_scene_world' for planning scene world geometry
[move_group-15] [ERROR] [1787965234.124171632] [cite.cell_a.arm_1.move_group.moveit.ros.occupancy_map_monitor]: No 3D sensor plugin(s) defined for octomap updates
[move_group-16] [INFO] [1787965234.220839799] [cite.cell_a.arm_2.move_group.moveit.planners.pilz.joint_limits_aggregator]: Reading limits from namespace robot_description_planning
[move_group-16] [INFO] [1787965234.226502132] [cite.cell_a.arm_2.move_group.moveit.planners.pilz.command_planner]: Available plugins: pilz_industrial_motion_planner/PlanningContextLoaderCIRC pilz_industrial_motion_planner/PlanningContextLoaderLIN pilz_industrial_motion_planner/PlanningContextLoaderPTP 
[move_group-16] [INFO] [1787965234.226528090] [cite.cell_a.arm_2.move_group.moveit.planners.pilz.command_planner]: About to load: pilz_industrial_motion_planner/PlanningContextLoaderCIRC
[move_group-16] [INFO] [1787965234.229796007] [cite.cell_a.arm_2.move_group.moveit.planners.pilz.command_planner]: Registered Algorithm [CIRC]
[move_group-16] [INFO] [1787965234.229821632] [cite.cell_a.arm_2.move_group.moveit.planners.pilz.command_planner]: About to load: pilz_industrial_motion_planner/PlanningContextLoaderLIN
[move_group-17] [INFO] [1787965234.230725924] [cite.cell_a.arm_3.move_group.moveit.planners.pilz.joint_limits_aggregator]: Reading limits from namespace robot_description_planning
[move_group-16] [INFO] [1787965234.233716674] [cite.cell_a.arm_2.move_group.moveit.planners.pilz.command_planner]: Registered Algorithm [LIN]
[move_group-16] [INFO] [1787965234.233735340] [cite.cell_a.arm_2.move_group.moveit.planners.pilz.command_planner]: About to load: pilz_industrial_motion_planner/PlanningContextLoaderPTP
[move_group-16] [INFO] [1787965234.235140174] [cite.cell_a.arm_2.move_group.moveit.planners.pilz.command_planner]: Registered Algorithm [PTP]
[move_group-16] [INFO] [1787965234.235164257] [cite.cell_a.arm_2.move_group.moveit.ros.planning_pipeline]: Successfully loaded planner 'Pilz Industrial Motion Planner'
[move_group-16] [INFO] [1787965234.235844674] [cite.cell_a.arm_2.move_group]: Try loading adapter 'default_planning_request_adapters/ResolveConstraintFrames'
[move_group-16] [INFO] [1787965234.237255215] [cite.cell_a.arm_2.move_group]: Loaded adapter 'default_planning_request_adapters/ResolveConstraintFrames'
[move_group-16] [INFO] [1787965234.237274757] [cite.cell_a.arm_2.move_group]: Try loading adapter 'default_planning_request_adapters/ValidateWorkspaceBounds'
[move_group-16] [INFO] [1787965234.237491049] [cite.cell_a.arm_2.move_group]: Loaded adapter 'default_planning_request_adapters/ValidateWorkspaceBounds'
[move_group-16] [INFO] [1787965234.237497090] [cite.cell_a.arm_2.move_group]: Try loading adapter 'default_planning_request_adapters/CheckStartStateBounds'
[move_group-16] [INFO] [1787965234.237506924] [cite.cell_a.arm_2.move_group]: Loaded adapter 'default_planning_request_adapters/CheckStartStateBounds'
[move_group-16] [INFO] [1787965234.237509424] [cite.cell_a.arm_2.move_group]: Try loading adapter 'default_planning_request_adapters/CheckStartStateCollision'
[move_group-16] [INFO] [1787965234.237521174] [cite.cell_a.arm_2.move_group]: Loaded adapter 'default_planning_request_adapters/CheckStartStateCollision'
[gz-1] [1;33m[Wrn] [conveyor.cpp:169] [0m[1;33m[cite_conveyor] belt at [0m[1;33m1.05[0m[1;33m [0m[1;33m0[0m[1;33m [0m[1;33m0.6[0m[1;33m [0m[1;33m0[0m[1;33m [0m[1;33m0[0m[1;33m [0m[1;33m0[0m[1;33m commanded on '[0m[1;33m/cite/cell_a/conveyor_1/command[0m[1;33m', reporting on '[0m[1;33m/cite/cell_a/conveyor_1/state[0m[1;33m'[0m
[gz-1] [1;33m[Wrn] [conveyor.cpp:169] [0m[1;33m[cite_conveyor] belt at [0m[1;33m3.15[0m[1;33m [0m[1;33m0[0m[1;33m [0m[1;33m0.6[0m[1;33m [0m[1;33m0[0m[1;33m [0m[1;33m0[0m[1;33m [0m[1;33m0[0m[1;33m commanded on '[0m[1;33m/cite/cell_a/conveyor_2/command[0m[1;33m', reporting on '[0m[1;33m/cite/cell_a/conveyor_2/state[0m[1;33m'[0m
[gz-1] [1;33m[Wrn] [conveyor.cpp:169] [0m[1;33m[cite_conveyor] belt at [0m[1;33m5.25[0m[1;33m [0m[1;33m0[0m[1;33m [0m[1;33m0.6[0m[1;33m [0m[1;33m0[0m[1;33m [0m[1;33m0[0m[1;33m [0m[1;33m0[0m[1;33m commanded on '[0m[1;33m/cite/cell_a/conveyor_3/command[0m[1;33m', reporting on '[0m[1;33m/cite/cell_a/conveyor_3/state[0m[1;33m'[0m
[move_group-17] [INFO] [1787965234.237239674] [cite.cell_a.arm_3.move_group.moveit.planners.pilz.command_planner]: Available plugins: pilz_industrial_motion_planner/PlanningContextLoaderCIRC pilz_industrial_motion_planner/PlanningContextLoaderLIN pilz_industrial_motion_planner/PlanningContextLoaderPTP 
[move_group-17] [INFO] [1787965234.237255299] [cite.cell_a.arm_3.move_group.moveit.planners.pilz.command_planner]: About to load: pilz_industrial_motion_planner/PlanningContextLoaderCIRC
[move_group-17] [INFO] [1787965234.238069465] [cite.cell_a.arm_3.move_group.moveit.planners.pilz.command_planner]: Registered Algorithm [CIRC]
[move_group-17] [INFO] [1787965234.238082299] [cite.cell_a.arm_3.move_group.moveit.planners.pilz.command_planner]: About to load: pilz_industrial_motion_planner/PlanningContextLoaderLIN
[move_group-17] [INFO] [1787965234.238526007] [cite.cell_a.arm_3.move_group.moveit.planners.pilz.command_planner]: Registered Algorithm [LIN]
[move_group-17] [INFO] [1787965234.238534174] [cite.cell_a.arm_3.move_group.moveit.planners.pilz.command_planner]: About to load: pilz_industrial_motion_planner/PlanningContextLoaderPTP
[move_group-17] [INFO] [1787965234.238948049] [cite.cell_a.arm_3.move_group.moveit.planners.pilz.command_planner]: Registered Algorithm [PTP]
[move_group-17] [INFO] [1787965234.238958049] [cite.cell_a.arm_3.move_group.moveit.ros.planning_pipeline]: Successfully loaded planner 'Pilz Industrial Motion Planner'
[move_group-17] [INFO] [1787965234.239580299] [cite.cell_a.arm_3.move_group]: Try loading adapter 'default_planning_request_adapters/ResolveConstraintFrames'
[move_group-17] [INFO] [1787965234.239996590] [cite.cell_a.arm_3.move_group]: Loaded adapter 'default_planning_request_adapters/ResolveConstraintFrames'
[move_group-17] [INFO] [1787965234.240003257] [cite.cell_a.arm_3.move_group]: Try loading adapter 'default_planning_request_adapters/ValidateWorkspaceBounds'
[move_group-17] [INFO] [1787965234.240191465] [cite.cell_a.arm_3.move_group]: Loaded adapter 'default_planning_request_adapters/ValidateWorkspaceBounds'
[move_group-17] [INFO] [1787965234.240195965] [cite.cell_a.arm_3.move_group]: Try loading adapter 'default_planning_request_adapters/CheckStartStateBounds'
[move_group-17] [INFO] [1787965234.240204465] [cite.cell_a.arm_3.move_group]: Loaded adapter 'default_planning_request_adapters/CheckStartStateBounds'
[move_group-17] [INFO] [1787965234.240206882] [cite.cell_a.arm_3.move_group]: Try loading adapter 'default_planning_request_adapters/CheckStartStateCollision'
[move_group-17] [INFO] [1787965234.240220590] [cite.cell_a.arm_3.move_group]: Loaded adapter 'default_planning_request_adapters/CheckStartStateCollision'
[move_group-17] [INFO] [1787965234.240943799] [cite.cell_a.arm_3.move_group]: Try loading adapter 'default_planning_response_adapters/ValidateSolution'
[move_group-16] [INFO] [1787965234.238341757] [cite.cell_a.arm_2.move_group]: Try loading adapter 'default_planning_response_adapters/ValidateSolution'
[move_group-15] [INFO] [1787965234.241838590] [cite.cell_a.arm_1.move_group.moveit.planners.pilz.joint_limits_aggregator]: Reading limits from namespace robot_description_planning
[gz-1] [1;33m[Wrn] [break_beam.cpp:189] [0m[1;33m[cite_beam] beam at [0m[1;33m1.627[0m[1;33m [0m[1;33m0.25[0m[1;33m [0m[1;33m0.63[0m[1;33m [0m[1;33m0[0m[1;33m [0m[1;33m0[0m[1;33m [0m[1;33m0[0m[1;33m reporting on '[0m[1;33m/cite/cell_a/beam_c1_out/detection[0m[1;33m'[0m
[gz-1] [1;33m[Wrn] [break_beam.cpp:189] [0m[1;33m[cite_beam] beam at [0m[1;33m3.727[0m[1;33m [0m[1;33m0.25[0m[1;33m [0m[1;33m0.63[0m[1;33m [0m[1;33m0[0m[1;33m [0m[1;33m0[0m[1;33m [0m[1;33m0[0m[1;33m reporting on '[0m[1;33m/cite/cell_a/beam_c2_out/detection[0m[1;33m'[0m
[gz-1] [1;33m[Wrn] [break_beam.cpp:189] [0m[1;33m[cite_beam] beam at [0m[1;33m5.75[0m[1;33m [0m[1;33m0.25[0m[1;33m [0m[1;33m0.63[0m[1;33m [0m[1;33m0[0m[1;33m [0m[1;33m0[0m[1;33m [0m[1;33m0[0m[1;33m reporting on '[0m[1;33m/cite/cell_a/beam_c3_out/detection[0m[1;33m'[0m
[gz-1] [1;33m[Wrn] [break_beam.cpp:189] [0m[1;33m[cite_beam] beam at [0m[1;33m-0.475[0m[1;33m [0m[1;33m0.25[0m[1;33m [0m[1;33m0.63[0m[1;33m [0m[1;33m0[0m[1;33m [0m[1;33m0[0m[1;33m [0m[1;33m0[0m[1;33m reporting on '[0m[1;33m/cite/cell_a/beam_pick/detection[0m[1;33m'[0m
[move_group-17] [INFO] [1787965234.245104674] [cite.cell_a.arm_3.move_group]: Loaded adapter 'default_planning_response_adapters/ValidateSolution'
[move_group-17] [INFO] [1787965234.245127132] [cite.cell_a.arm_3.move_group]: Try loading adapter 'default_planning_response_adapters/DisplayMotionPath'
[move_group-17] [INFO] [1787965234.246170299] [cite.cell_a.arm_3.move_group]: Loaded adapter 'default_planning_response_adapters/DisplayMotionPath'
[move_group-16] [INFO] [1787965234.245178007] [cite.cell_a.arm_2.move_group]: Loaded adapter 'default_planning_response_adapters/ValidateSolution'
[move_group-16] [INFO] [1787965234.245262340] [cite.cell_a.arm_2.move_group]: Try loading adapter 'default_planning_response_adapters/DisplayMotionPath'
[move_group-16] [INFO] [1787965234.246523465] [cite.cell_a.arm_2.move_group]: Loaded adapter 'default_planning_response_adapters/DisplayMotionPath'
[move_group-15] [INFO] [1787965234.250693299] [cite.cell_a.arm_1.move_group.moveit.planners.pilz.command_planner]: Available plugins: pilz_industrial_motion_planner/PlanningContextLoaderCIRC pilz_industrial_motion_planner/PlanningContextLoaderLIN pilz_industrial_motion_planner/PlanningContextLoaderPTP 
[move_group-15] [INFO] [1787965234.250726715] [cite.cell_a.arm_1.move_group.moveit.planners.pilz.command_planner]: About to load: pilz_industrial_motion_planner/PlanningContextLoaderCIRC
[move_group-15] [INFO] [1787965234.251395549] [cite.cell_a.arm_1.move_group.moveit.planners.pilz.command_planner]: Registered Algorithm [CIRC]
[move_group-15] [INFO] [1787965234.251415465] [cite.cell_a.arm_1.move_group.moveit.planners.pilz.command_planner]: About to load: pilz_industrial_motion_planner/PlanningContextLoaderLIN
[move_group-15] [INFO] [1787965234.251826924] [cite.cell_a.arm_1.move_group.moveit.planners.pilz.command_planner]: Registered Algorithm [LIN]
[move_group-15] [INFO] [1787965234.251834590] [cite.cell_a.arm_1.move_group.moveit.planners.pilz.command_planner]: About to load: pilz_industrial_motion_planner/PlanningContextLoaderPTP
[move_group-15] [INFO] [1787965234.252222965] [cite.cell_a.arm_1.move_group.moveit.planners.pilz.command_planner]: Registered Algorithm [PTP]
[move_group-15] [INFO] [1787965234.252232799] [cite.cell_a.arm_1.move_group.moveit.ros.planning_pipeline]: Successfully loaded planner 'Pilz Industrial Motion Planner'
[move_group-15] [INFO] [1787965234.252923299] [cite.cell_a.arm_1.move_group]: Try loading adapter 'default_planning_request_adapters/ResolveConstraintFrames'
[move_group-15] [INFO] [1787965234.253262090] [cite.cell_a.arm_1.move_group]: Loaded adapter 'default_planning_request_adapters/ResolveConstraintFrames'
[move_group-15] [INFO] [1787965234.253265924] [cite.cell_a.arm_1.move_group]: Try loading adapter 'default_planning_request_adapters/ValidateWorkspaceBounds'
[move_group-15] [INFO] [1787965234.253459424] [cite.cell_a.arm_1.move_group]: Loaded adapter 'default_planning_request_adapters/ValidateWorkspaceBounds'
[move_group-15] [INFO] [1787965234.253463465] [cite.cell_a.arm_1.move_group]: Try loading adapter 'default_planning_request_adapters/CheckStartStateBounds'
[move_group-15] [INFO] [1787965234.253473007] [cite.cell_a.arm_1.move_group]: Loaded adapter 'default_planning_request_adapters/CheckStartStateBounds'
[move_group-15] [INFO] [1787965234.253475590] [cite.cell_a.arm_1.move_group]: Try loading adapter 'default_planning_request_adapters/CheckStartStateCollision'
[move_group-15] [INFO] [1787965234.253483757] [cite.cell_a.arm_1.move_group]: Loaded adapter 'default_planning_request_adapters/CheckStartStateCollision'
[move_group-15] [INFO] [1787965234.254056924] [cite.cell_a.arm_1.move_group]: Try loading adapter 'default_planning_response_adapters/ValidateSolution'
[move_group-15] [INFO] [1787965234.257353049] [cite.cell_a.arm_1.move_group]: Loaded adapter 'default_planning_response_adapters/ValidateSolution'
[move_group-15] [INFO] [1787965234.257374757] [cite.cell_a.arm_1.move_group]: Try loading adapter 'default_planning_response_adapters/DisplayMotionPath'
[move_group-15] [INFO] [1787965234.257708215] [cite.cell_a.arm_1.move_group]: Loaded adapter 'default_planning_response_adapters/DisplayMotionPath'
[move_group-17] [INFO] [1787965234.259768799] [cite.cell_a.arm_3.move_group.moveit.ros.planning_pipeline]: Successfully loaded planner 'OMPL'
[move_group-16] [INFO] [1787965234.259771965] [cite.cell_a.arm_2.move_group.moveit.ros.planning_pipeline]: Successfully loaded planner 'OMPL'
[move_group-17] [INFO] [1787965234.260811549] [cite.cell_a.arm_3.move_group]: Try loading adapter 'default_planning_request_adapters/ResolveConstraintFrames'
[move_group-16] [INFO] [1787965234.260854090] [cite.cell_a.arm_2.move_group]: Try loading adapter 'default_planning_request_adapters/ResolveConstraintFrames'
[move_group-17] [INFO] [1787965234.260904715] [cite.cell_a.arm_3.move_group]: Loaded adapter 'default_planning_request_adapters/ResolveConstraintFrames'
[move_group-17] [INFO] [1787965234.260908424] [cite.cell_a.arm_3.move_group]: Try loading adapter 'default_planning_request_adapters/ValidateWorkspaceBounds'
[move_group-16] [INFO] [1787965234.260944632] [cite.cell_a.arm_2.move_group]: Loaded adapter 'default_planning_request_adapters/ResolveConstraintFrames'
[move_group-16] [INFO] [1787965234.260948549] [cite.cell_a.arm_2.move_group]: Try loading adapter 'default_planning_request_adapters/ValidateWorkspaceBounds'
[move_group-17] [INFO] [1787965234.261099590] [cite.cell_a.arm_3.move_group]: Loaded adapter 'default_planning_request_adapters/ValidateWorkspaceBounds'
[move_group-17] [INFO] [1787965234.261103674] [cite.cell_a.arm_3.move_group]: Try loading adapter 'default_planning_request_adapters/CheckStartStateBounds'
[move_group-17] [INFO] [1787965234.261112465] [cite.cell_a.arm_3.move_group]: Loaded adapter 'default_planning_request_adapters/CheckStartStateBounds'
[move_group-17] [INFO] [1787965234.261141924] [cite.cell_a.arm_3.move_group]: Try loading adapter 'default_planning_request_adapters/CheckStartStateCollision'
[move_group-17] [INFO] [1787965234.261153215] [cite.cell_a.arm_3.move_group]: Loaded adapter 'default_planning_request_adapters/CheckStartStateCollision'
[move_group-16] [INFO] [1787965234.261163507] [cite.cell_a.arm_2.move_group]: Loaded adapter 'default_planning_request_adapters/ValidateWorkspaceBounds'
[move_group-16] [INFO] [1787965234.261169174] [cite.cell_a.arm_2.move_group]: Try loading adapter 'default_planning_request_adapters/CheckStartStateBounds'
[move_group-16] [INFO] [1787965234.261178382] [cite.cell_a.arm_2.move_group]: Loaded adapter 'default_planning_request_adapters/CheckStartStateBounds'
[move_group-16] [INFO] [1787965234.261192424] [cite.cell_a.arm_2.move_group]: Try loading adapter 'default_planning_request_adapters/CheckStartStateCollision'
[move_group-16] [INFO] [1787965234.261199007] [cite.cell_a.arm_2.move_group]: Loaded adapter 'default_planning_request_adapters/CheckStartStateCollision'
[move_group-17] [INFO] [1787965234.262269507] [cite.cell_a.arm_3.move_group]: Try loading adapter 'default_planning_response_adapters/AddTimeOptimalParameterization'
[move_group-16] [INFO] [1787965234.262275590] [cite.cell_a.arm_2.move_group]: Try loading adapter 'default_planning_response_adapters/AddTimeOptimalParameterization'
[move_group-16] [INFO] [1787965234.262605299] [cite.cell_a.arm_2.move_group]: Loaded adapter 'default_planning_response_adapters/AddTimeOptimalParameterization'
[move_group-16] [INFO] [1787965234.262613007] [cite.cell_a.arm_2.move_group]: Try loading adapter 'default_planning_response_adapters/ValidateSolution'
[move_group-16] [INFO] [1787965234.263871799] [cite.cell_a.arm_2.move_group]: Loaded adapter 'default_planning_response_adapters/ValidateSolution'
[move_group-16] [INFO] [1787965234.263891590] [cite.cell_a.arm_2.move_group]: Try loading adapter 'default_planning_response_adapters/DisplayMotionPath'
[move_group-16] [INFO] [1787965234.264353465] [cite.cell_a.arm_2.move_group]: Loaded adapter 'default_planning_response_adapters/DisplayMotionPath'
[move_group-17] [INFO] [1787965234.264609632] [cite.cell_a.arm_3.move_group]: Loaded adapter 'default_planning_response_adapters/AddTimeOptimalParameterization'
[move_group-17] [INFO] [1787965234.264629174] [cite.cell_a.arm_3.move_group]: Try loading adapter 'default_planning_response_adapters/ValidateSolution'
[move_group-17] [INFO] [1787965234.265309799] [cite.cell_a.arm_3.move_group]: Loaded adapter 'default_planning_response_adapters/ValidateSolution'
[move_group-17] [INFO] [1787965234.265322549] [cite.cell_a.arm_3.move_group]: Try loading adapter 'default_planning_response_adapters/DisplayMotionPath'
[move_group-17] [INFO] [1787965234.266017340] [cite.cell_a.arm_3.move_group]: Loaded adapter 'default_planning_response_adapters/DisplayMotionPath'
[move_group-17] [WARN] [1787965234.266983215] [rcl.logging_rosout]: Publisher already registered for node name: 'move_group'. If this is due to multiple nodes with the same name then all logs for the logger named 'cite.cell_a.arm_3.move_group' will go out over the existing publisher. As soon as any node with that name is destructed it will unregister the publisher, preventing any further logs for that name from being published on the rosout topic.
[move_group-16] [WARN] [1787965234.266031090] [rcl.logging_rosout]: Publisher already registered for node name: 'move_group'. If this is due to multiple nodes with the same name then all logs for the logger named 'cite.cell_a.arm_2.move_group' will go out over the existing publisher. As soon as any node with that name is destructed it will unregister the publisher, preventing any further logs for that name from being published on the rosout topic.
[move_group-15] [INFO] [1787965234.266178049] [cite.cell_a.arm_1.move_group.moveit.ros.planning_pipeline]: Successfully loaded planner 'OMPL'
[move_group-15] [INFO] [1787965234.266931465] [cite.cell_a.arm_1.move_group]: Try loading adapter 'default_planning_request_adapters/ResolveConstraintFrames'
[move_group-15] [INFO] [1787965234.267006965] [cite.cell_a.arm_1.move_group]: Loaded adapter 'default_planning_request_adapters/ResolveConstraintFrames'
[move_group-15] [INFO] [1787965234.267010340] [cite.cell_a.arm_1.move_group]: Try loading adapter 'default_planning_request_adapters/ValidateWorkspaceBounds'
[move_group-15] [INFO] [1787965234.267290757] [cite.cell_a.arm_1.move_group]: Loaded adapter 'default_planning_request_adapters/ValidateWorkspaceBounds'
[move_group-15] [INFO] [1787965234.267297799] [cite.cell_a.arm_1.move_group]: Try loading adapter 'default_planning_request_adapters/CheckStartStateBounds'
[move_group-15] [INFO] [1787965234.267307965] [cite.cell_a.arm_1.move_group]: Loaded adapter 'default_planning_request_adapters/CheckStartStateBounds'
[move_group-15] [INFO] [1787965234.267325132] [cite.cell_a.arm_1.move_group]: Try loading adapter 'default_planning_request_adapters/CheckStartStateCollision'
[move_group-15] [INFO] [1787965234.267331632] [cite.cell_a.arm_1.move_group]: Loaded adapter 'default_planning_request_adapters/CheckStartStateCollision'
[move_group-15] [INFO] [1787965234.267922674] [cite.cell_a.arm_1.move_group]: Try loading adapter 'default_planning_response_adapters/AddTimeOptimalParameterization'
[move_group-15] [INFO] [1787965234.268859424] [cite.cell_a.arm_1.move_group]: Loaded adapter 'default_planning_response_adapters/AddTimeOptimalParameterization'
[move_group-15] [INFO] [1787965234.268880090] [cite.cell_a.arm_1.move_group]: Try loading adapter 'default_planning_response_adapters/ValidateSolution'
[move_group-15] [INFO] [1787965234.269676632] [cite.cell_a.arm_1.move_group]: Loaded adapter 'default_planning_response_adapters/ValidateSolution'
[move_group-15] [INFO] [1787965234.269686965] [cite.cell_a.arm_1.move_group]: Try loading adapter 'default_planning_response_adapters/DisplayMotionPath'
[move_group-15] [INFO] [1787965234.269998299] [cite.cell_a.arm_1.move_group]: Loaded adapter 'default_planning_response_adapters/DisplayMotionPath'
[move_group-15] [WARN] [1787965234.270789965] [rcl.logging_rosout]: Publisher already registered for node name: 'move_group'. If this is due to multiple nodes with the same name then all logs for the logger named 'cite.cell_a.arm_1.move_group' will go out over the existing publisher. As soon as any node with that name is destructed it will unregister the publisher, preventing any further logs for that name from being published on the rosout topic.
[model_info.py-12] [INFO] [1787965234.292905590] [cite.facility.model_info]: configured for model 773b868ee603
[move_group-16] [INFO] [1787965234.306162924] [cite.cell_a.arm_2.move_group.moveit.plugins.simple_controller_manager]: Added FollowJointTrajectory controller for arm_2_joint_trajectory_controller
[move_group-16] [INFO] [1787965234.306217799] [cite.cell_a.arm_2.move_group.moveit.plugins.simple_controller_manager]: arm_2_gripper_controller will command a max effort of: 0
[move_group-17] [INFO] [1787965234.306183590] [cite.cell_a.arm_3.move_group.moveit.plugins.simple_controller_manager]: Added FollowJointTrajectory controller for arm_3_joint_trajectory_controller
[move_group-17] [INFO] [1787965234.306217590] [cite.cell_a.arm_3.move_group.moveit.plugins.simple_controller_manager]: arm_3_gripper_controller will command a max effort of: 0
[move_group-15] [INFO] [1787965234.308525215] [cite.cell_a.arm_1.move_group.moveit.plugins.simple_controller_manager]: Added FollowJointTrajectory controller for arm_1_joint_trajectory_controller
[move_group-15] [INFO] [1787965234.308561382] [cite.cell_a.arm_1.move_group.moveit.plugins.simple_controller_manager]: arm_1_gripper_controller will command a max effort of: 0
[move_group-16] [INFO] [1787965234.309659757] [cite.cell_a.arm_2.move_group.moveit.plugins.simple_controller_manager]: Added GripperCommand controller for arm_2_gripper_controller
[move_group-16] [INFO] [1787965234.309794674] [cite.cell_a.arm_2.move_group.moveit.plugins.simple_controller_manager]: Returned 2 controllers in list
[move_group-16] [INFO] [1787965234.309809965] [cite.cell_a.arm_2.move_group.moveit.plugins.simple_controller_manager]: Returned 2 controllers in list
[move_group-16] [INFO] [1787965234.310428257] [cite.cell_a.arm_2.move_group.moveit.ros.trajectory_execution_manager]: Trajectory execution is not managing controllers
[move_group-16] [INFO] [1787965234.310450549] [cite.cell_a.arm_2.move_group]: MoveGroup debug mode is ON
[move_group-17] [INFO] [1787965234.312451799] [cite.cell_a.arm_3.move_group.moveit.plugins.simple_controller_manager]: Added GripperCommand controller for arm_3_gripper_controller
[move_group-17] [INFO] [1787965234.312663715] [cite.cell_a.arm_3.move_group.moveit.plugins.simple_controller_manager]: Returned 2 controllers in list
[move_group-17] [INFO] [1787965234.312694382] [cite.cell_a.arm_3.move_group.moveit.plugins.simple_controller_manager]: Returned 2 controllers in list
[move_group-17] [INFO] [1787965234.313459257] [cite.cell_a.arm_3.move_group.moveit.ros.trajectory_execution_manager]: Trajectory execution is not managing controllers
[move_group-17] [INFO] [1787965234.313498924] [cite.cell_a.arm_3.move_group]: MoveGroup debug mode is ON
[move_group-15] [INFO] [1787965234.313841132] [cite.cell_a.arm_1.move_group.moveit.plugins.simple_controller_manager]: Added GripperCommand controller for arm_1_gripper_controller
[move_group-15] [INFO] [1787965234.313958757] [cite.cell_a.arm_1.move_group.moveit.plugins.simple_controller_manager]: Returned 2 controllers in list
[move_group-15] [INFO] [1787965234.313972549] [cite.cell_a.arm_1.move_group.moveit.plugins.simple_controller_manager]: Returned 2 controllers in list
[move_group-15] [INFO] [1787965234.314409507] [cite.cell_a.arm_1.move_group.moveit.ros.trajectory_execution_manager]: Trajectory execution is not managing controllers
[move_group-15] [INFO] [1787965234.314431424] [cite.cell_a.arm_1.move_group]: MoveGroup debug mode is ON
[move_group-15] [INFO] [1787965234.341831174] [cite.cell_a.arm_1.move_group.moveit.ros.move_group.executable]: 
[move_group-15] 
[move_group-15] ********************************************************
[move_group-15] * MoveGroup using: 
[move_group-15] *     - apply_planning_scene_service
[move_group-15] *     - clear_octomap_service
[move_group-15] *     - get_group_urdf
[move_group-15] *     - load_geometry_from_file
[move_group-15] *     - CartesianPathService
[move_group-15] *     - execute_trajectory_action
[move_group-15] *     - get_planning_scene_service
[move_group-15] *     - kinematics_service
[move_group-15] *     - move_action
[move_group-15] *     - motion_plan_service
[move_group-15] *     - query_planners_service
[move_group-15] *     - state_validation_service
[move_group-15] *     - save_geometry_to_file
[move_group-15] ********************************************************
[move_group-15] 
[move_group-15] [INFO] [1787965234.341877215] [cite.cell_a.arm_1.move_group.moveit.ros.move_group.context]: MoveGroup context using pipeline pilz_industrial_motion_planner
[move_group-15] [INFO] [1787965234.341883882] [cite.cell_a.arm_1.move_group.moveit.ros.move_group.context]: MoveGroup context initialization complete
[move_group-15] [96mLoading 'move_group/ApplyPlanningSceneService'...[0m
[move_group-15] [96mLoading 'move_group/ClearOctomapService'...[0m
[move_group-15] [96mLoading 'move_group/GetUrdfService'...[0m
[move_group-15] [96mLoading 'move_group/LoadGeometryFromFileService'...[0m
[move_group-15] [96mLoading 'move_group/MoveGroupCartesianPathService'...[0m
[move_group-15] [96mLoading 'move_group/MoveGroupExecuteTrajectoryAction'...[0m
[move_group-15] [96mLoading 'move_group/MoveGroupGetPlanningSceneService'...[0m
[move_group-15] [96mLoading 'move_group/MoveGroupKinematicsService'...[0m
[move_group-15] [96mLoading 'move_group/MoveGroupMoveAction'...[0m
[move_group-15] [96mLoading 'move_group/MoveGroupPlanService'...[0m
[move_group-15] [96mLoading 'move_group/MoveGroupQueryPlannersService'...[0m
[move_group-15] [96mLoading 'move_group/MoveGroupStateValidationService'...[0m
[move_group-15] [96mLoading 'move_group/SaveGeometryToFileService'...[0m
[move_group-15] 
[move_group-15] [92mYou can start planning now![0m
[move_group-15] 
[move_group-17] [INFO] [1787965234.344159757] [cite.cell_a.arm_3.move_group.moveit.ros.move_group.executable]: 
[move_group-17] 
[move_group-17] ********************************************************
[move_group-17] * MoveGroup using: 
[move_group-17] *     - apply_planning_scene_service
[move_group-17] *     - clear_octomap_service
[move_group-17] *     - get_group_urdf
[move_group-17] *     - load_geometry_from_file
[move_group-17] *     - CartesianPathService
[move_group-17] *     - execute_trajectory_action
[move_group-17] *     - get_planning_scene_service
[move_group-17] *     - kinematics_service
[move_group-17] *     - move_action
[move_group-17] *     - motion_plan_service
[move_group-17] *     - query_planners_service
[move_group-17] *     - state_validation_service
[move_group-17] *     - save_geometry_to_file
[move_group-17] ********************************************************
[move_group-17] 
[move_group-17] [INFO] [1787965234.344199174] [cite.cell_a.arm_3.move_group.moveit.ros.move_group.context]: MoveGroup context using pipeline pilz_industrial_motion_planner
[move_group-17] [INFO] [1787965234.344205590] [cite.cell_a.arm_3.move_group.moveit.ros.move_group.context]: MoveGroup context initialization complete
[move_group-17] [96mLoading 'move_group/ApplyPlanningSceneService'...[0m
[move_group-17] [96mLoading 'move_group/ClearOctomapService'...[0m
[move_group-17] [96mLoading 'move_group/GetUrdfService'...[0m
[move_group-17] [96mLoading 'move_group/LoadGeometryFromFileService'...[0m
[move_group-17] [96mLoading 'move_group/MoveGroupCartesianPathService'...[0m
[move_group-17] [96mLoading 'move_group/MoveGroupExecuteTrajectoryAction'...[0m
[move_group-17] [96mLoading 'move_group/MoveGroupGetPlanningSceneService'...[0m
[move_group-17] [96mLoading 'move_group/MoveGroupKinematicsService'...[0m
[move_group-17] [96mLoading 'move_group/MoveGroupMoveAction'...[0m
[move_group-17] [96mLoading 'move_group/MoveGroupPlanService'...[0m
[move_group-17] [96mLoading 'move_group/MoveGroupQueryPlannersService'...[0m
[move_group-17] [96mLoading 'move_group/MoveGroupStateValidationService'...[0m
[move_group-17] [96mLoading 'move_group/SaveGeometryToFileService'...[0m
[move_group-17] 
[move_group-17] [92mYou can start planning now![0m
[move_group-17] 
[move_group-16] [INFO] [1787965234.347603132] [cite.cell_a.arm_2.move_group.moveit.ros.move_group.executable]: 
[move_group-16] 
[move_group-16] ********************************************************
[move_group-16] * MoveGroup using: 
[move_group-16] *     - apply_planning_scene_service
[move_group-16] *     - clear_octomap_service
[move_group-16] *     - get_group_urdf
[move_group-16] *     - load_geometry_from_file
[move_group-16] *     - CartesianPathService
[move_group-16] *     - execute_trajectory_action
[move_group-16] *     - get_planning_scene_service
[move_group-16] *     - kinematics_service
[move_group-16] *     - move_action
[move_group-16] *     - motion_plan_service
[move_group-16] *     - query_planners_service
[move_group-16] *     - state_validation_service
[move_group-16] *     - save_geometry_to_file
[move_group-16] ********************************************************
[move_group-16] 
[move_group-16] [INFO] [1787965234.347645174] [cite.cell_a.arm_2.move_group.moveit.ros.move_group.context]: MoveGroup context using pipeline pilz_industrial_motion_planner
[move_group-16] [INFO] [1787965234.347651424] [cite.cell_a.arm_2.move_group.moveit.ros.move_group.context]: MoveGroup context initialization complete
[move_group-16] [96mLoading 'move_group/ApplyPlanningSceneService'...[0m
[move_group-16] [96mLoading 'move_group/ClearOctomapService'...[0m
[move_group-16] [96mLoading 'move_group/GetUrdfService'...[0m
[move_group-16] [96mLoading 'move_group/LoadGeometryFromFileService'...[0m
[move_group-16] [96mLoading 'move_group/MoveGroupCartesianPathService'...[0m
[move_group-16] [96mLoading 'move_group/MoveGroupExecuteTrajectoryAction'...[0m
[move_group-16] [96mLoading 'move_group/MoveGroupGetPlanningSceneService'...[0m
[move_group-16] [96mLoading 'move_group/MoveGroupKinematicsService'...[0m
[move_group-16] [96mLoading 'move_group/MoveGroupMoveAction'...[0m
[move_group-16] [96mLoading 'move_group/MoveGroupPlanService'...[0m
[move_group-16] [96mLoading 'move_group/MoveGroupQueryPlannersService'...[0m
[move_group-16] [96mLoading 'move_group/MoveGroupStateValidationService'...[0m
[move_group-16] [96mLoading 'move_group/SaveGeometryToFileService'...[0m
[move_group-16] 
[move_group-16] [92mYou can start planning now![0m
[move_group-16] 
[create-6] [INFO] [1787965234.349416424] [spawn_arm_1]: Waiting messages on topic [/cite/cell_a/arm_1/robot_description].
[create-8] [INFO] [1787965234.450461924] [spawn_arm_2]: Waiting messages on topic [/cite/cell_a/arm_2/robot_description].
[create-10] [INFO] [1787965234.552383674] [spawn_arm_3]: Waiting messages on topic [/cite/cell_a/arm_3/robot_description].
[create-6] [INFO] [1787965234.653108507] [spawn_arm_1]: Entity creation successful.
[create-8] [INFO] [1787965234.653206132] [spawn_arm_2]: Entity creation successful.
[create-10] [INFO] [1787965234.655850424] [spawn_arm_3]: Entity creation successful.
[create-4] [INFO] [1787965234.656049382] [spawn_scene]: Waiting messages on topic [robot_description].
[create-4] [INFO] [1787965234.673236799] [spawn_scene]: Entity creation successful.
[INFO] [create-6]: process has finished cleanly [pid 116]
[INFO] [create-10]: process has finished cleanly [pid 120]
[INFO] [create-8]: process has finished cleanly [pid 118]
[INFO] [create-4]: process has finished cleanly [pid 114]
[gz-1] [1;33mWarning [parser_urdf.cc:1170][0m multiple inconsistent <self_collide> exists due to fixed joint reduction overwriting previous value [1] with [0].
[gz-1] [1;31m[Err] [SystemLoader.cc:92] [0m[1;31mFailed to load system plugin [[0m[1;31mlibgazebo_mimic_joint_plugin.so[0m[1;31m] : Could not find shared library.[0m[1;31m[0m
[gz-1] [1;31m[Err] [SystemLoader.cc:92] [0m[1;31mFailed to load system plugin [[0m[1;31mlibgazebo_mimic_joint_plugin.so[0m[1;31m] : Could not find shared library.[0m[1;31m[0m
[gz-1] [1;31m[Err] [SystemLoader.cc:92] [0m[1;31mFailed to load system plugin [[0m[1;31mlibgazebo_mimic_joint_plugin.so[0m[1;31m] : Could not find shared library.[0m[1;31m[0m
[gz-1] [1;31m[Err] [SystemLoader.cc:92] [0m[1;31mFailed to load system plugin [[0m[1;31mlibgazebo_mimic_joint_plugin.so[0m[1;31m] : Could not find shared library.[0m[1;31m[0m
[gz-1] [1;31m[Err] [SystemLoader.cc:92] [0m[1;31mFailed to load system plugin [[0m[1;31mlibgazebo_mimic_joint_plugin.so[0m[1;31m] : Could not find shared library.[0m[1;31m[0m
[gz-1] [INFO] [1787965236.075637758] [cite.cell_a.arm_1.gz_ros_control]: [gz_ros2_control] Fixed joint ['arm_1_mount_world_anchor'] (Entity='60') is skipped.
[gz-1] [INFO] [1787965236.083138716] [cite.cell_a.arm_1.gz_ros_control]: Loading controller_manager
[gz-1] [INFO] [1787965236.099799341] [cite.cell_a.arm_1.controller_manager]: Using ROS clock for triggering controller manager cycles.
[gz-1] [INFO] [1787965236.103762633] [cite.cell_a.arm_1.controller_manager]: Subscribing to '/cite/cell_a/arm_1/robot_description' topic for robot description.
[gz-1] [WARN] [1787965236.105107175] [cite.cell_a.arm_1.gz_ros_control]: Waiting RM to load and initialize hardware...
[gz-1] [WARN] [1787965237.104148092] [cite.cell_a.arm_1.controller_manager]: Waiting for data on 'robot_description' topic to finish initialization
[gz-1] [INFO] [1787965237.551109592] [cite.cell_a.arm_1.controller_manager]: Received robot description from topic.
[gz-1] [INFO] [1787965237.554506175] [cite.cell_a.arm_1.gz_ros_control]: Using JointLimiter for joint 'arm_1_joint5' in hardware 'arm_1_gz_ros2_control/GazeboSimSystem' : '  has position limits: true [-6.28319, 6.28319]
[gz-1]   has velocity limits: true [3.14]
[gz-1]   has acceleration limits: false [nan]
[gz-1]   has deceleration limits: false [nan]
[gz-1]   has jerk limits: false [nan]
[gz-1]   has effort limits: true [20]
[gz-1]   angle wraparound: false'
[gz-1] [INFO] [1787965237.554531925] [cite.cell_a.arm_1.gz_ros_control]: Creating JointSaturationLimiter for joint 'arm_1_joint5' in hardware 'arm_1_gz_ros2_control/GazeboSimSystem'
[gz-1] [INFO] [1787965237.554560384] [cite.cell_a.arm_1.gz_ros_control]: Using JointLimiter for joint 'arm_1_joint4' in hardware 'arm_1_gz_ros2_control/GazeboSimSystem' : '  has position limits: true [-1.69297, 3.14159]
[gz-1]   has velocity limits: true [3.14]
[gz-1]   has acceleration limits: false [nan]
[gz-1]   has deceleration limits: false [nan]
[gz-1]   has jerk limits: false [nan]
[gz-1]   has effort limits: true [20]
[gz-1]   angle wraparound: false'
[gz-1] [INFO] [1787965237.554608884] [cite.cell_a.arm_1.gz_ros_control]: Creating JointSaturationLimiter for joint 'arm_1_joint4' in hardware 'arm_1_gz_ros2_control/GazeboSimSystem'
[gz-1] [INFO] [1787965237.554618009] [cite.cell_a.arm_1.gz_ros_control]: Using JointLimiter for joint 'arm_1_joint2' in hardware 'arm_1_gz_ros2_control/GazeboSimSystem' : '  has position limits: true [-2.059, 2.0944]
[gz-1]   has velocity limits: true [3.14]
[gz-1]   has acceleration limits: false [nan]
[gz-1]   has deceleration limits: false [nan]
[gz-1]   has jerk limits: false [nan]
[gz-1]   has effort limits: true [50]
[gz-1]   angle wraparound: false'
[gz-1] [INFO] [1787965237.554623217] [cite.cell_a.arm_1.gz_ros_control]: Creating JointSaturationLimiter for joint 'arm_1_joint2' in hardware 'arm_1_gz_ros2_control/GazeboSimSystem'
[gz-1] [INFO] [1787965237.554630550] [cite.cell_a.arm_1.gz_ros_control]: Using JointLimiter for joint 'arm_1_joint3' in hardware 'arm_1_gz_ros2_control/GazeboSimSystem' : '  has position limits: true [-3.927, 0.19198]
[gz-1]   has velocity limits: true [3.14]
[gz-1]   has acceleration limits: false [nan]
[gz-1]   has deceleration limits: false [nan]
[gz-1]   has jerk limits: false [nan]
[gz-1]   has effort limits: true [30]
[gz-1]   angle wraparound: false'
[gz-1] [INFO] [1787965237.554634509] [cite.cell_a.arm_1.gz_ros_control]: Creating JointSaturationLimiter for joint 'arm_1_joint3' in hardware 'arm_1_gz_ros2_control/GazeboSimSystem'
[gz-1] [INFO] [1787965237.554639967] [cite.cell_a.arm_1.gz_ros_control]: Using JointLimiter for joint 'arm_1_joint1' in hardware 'arm_1_gz_ros2_control/GazeboSimSystem' : '  has position limits: true [-6.28319, 6.28319]
[gz-1]   has velocity limits: true [3.14]
[gz-1]   has acceleration limits: false [nan]
[gz-1]   has deceleration limits: false [nan]
[gz-1]   has jerk limits: false [nan]
[gz-1]   has effort limits: true [50]
[gz-1]   angle wraparound: false'
[gz-1] [INFO] [1787965237.554643759] [cite.cell_a.arm_1.gz_ros_control]: Creating JointSaturationLimiter for joint 'arm_1_joint1' in hardware 'arm_1_gz_ros2_control/GazeboSimSystem'
[gz-1] [INFO] [1787965237.554652759] [cite.cell_a.arm_1.gz_ros_control]: Using JointLimiter for joint 'arm_1_right_inner_knuckle_joint' in hardware 'arm_1_XArmGripperSystem' : '  has position limits: true [0, 0.85]
[gz-1]   has velocity limits: true [2]
[gz-1]   has acceleration limits: false [nan]
[gz-1]   has deceleration limits: false [nan]
[gz-1]   has jerk limits: false [nan]
[gz-1]   has effort limits: true [50]
[gz-1]   angle wraparound: false'
[gz-1] [INFO] [1787965237.554679550] [cite.cell_a.arm_1.gz_ros_control]: Creating JointSaturationLimiter for joint 'arm_1_right_inner_knuckle_joint' in hardware 'arm_1_XArmGripperSystem'
[gz-1] [INFO] [1787965237.554687717] [cite.cell_a.arm_1.gz_ros_control]: Using JointLimiter for joint 'arm_1_right_finger_joint' in hardware 'arm_1_XArmGripperSystem' : '  has position limits: true [0, 0.85]
[gz-1]   has velocity limits: true [2]
[gz-1]   has acceleration limits: false [nan]
[gz-1]   has deceleration limits: false [nan]
[gz-1]   has jerk limits: false [nan]
[gz-1]   has effort limits: true [50]
[gz-1]   angle wraparound: false'
[gz-1] [INFO] [1787965237.554691842] [cite.cell_a.arm_1.gz_ros_control]: Creating JointSaturationLimiter for joint 'arm_1_right_finger_joint' in hardware 'arm_1_XArmGripperSystem'
[gz-1] [INFO] [1787965237.554698675] [cite.cell_a.arm_1.gz_ros_control]: Using JointLimiter for joint 'arm_1_right_outer_knuckle_joint' in hardware 'arm_1_XArmGripperSystem' : '  has position limits: true [0, 0.85]
[gz-1]   has velocity limits: true [2]
[gz-1]   has acceleration limits: false [nan]
[gz-1]   has deceleration limits: false [nan]
[gz-1]   has jerk limits: false [nan]
[gz-1]   has effort limits: true [50]
[gz-1]   angle wraparound: false'
[gz-1] [INFO] [1787965237.554702509] [cite.cell_a.arm_1.gz_ros_control]: Creating JointSaturationLimiter for joint 'arm_1_right_outer_knuckle_joint' in hardware 'arm_1_XArmGripperSystem'
[gz-1] [INFO] [1787965237.554707800] [cite.cell_a.arm_1.gz_ros_control]: Using JointLimiter for joint 'arm_1_left_inner_knuckle_joint' in hardware 'arm_1_XArmGripperSystem' : '  has position limits: true [0, 0.85]
[gz-1]   has velocity limits: true [2]
[gz-1]   has acceleration limits: false [nan]
[gz-1]   has deceleration limits: false [nan]
[gz-1]   has jerk limits: false [nan]
[gz-1]   has effort limits: true [50]
[gz-1]   angle wraparound: false'
[gz-1] [INFO] [1787965237.554711592] [cite.cell_a.arm_1.gz_ros_control]: Creating JointSaturationLimiter for joint 'arm_1_left_inner_knuckle_joint' in hardware 'arm_1_XArmGripperSystem'
[gz-1] [INFO] [1787965237.554717050] [cite.cell_a.arm_1.gz_ros_control]: Using JointLimiter for joint 'arm_1_left_finger_joint' in hardware 'arm_1_XArmGripperSystem' : '  has position limits: true [0, 0.85]
[gz-1]   has velocity limits: true [2]
[gz-1]   has acceleration limits: false [nan]
[gz-1]   has deceleration limits: false [nan]
[gz-1]   has jerk limits: false [nan]
[gz-1]   has effort limits: true [50]
[gz-1]   angle wraparound: false'
[gz-1] [INFO] [1787965237.554720800] [cite.cell_a.arm_1.gz_ros_control]: Creating JointSaturationLimiter for joint 'arm_1_left_finger_joint' in hardware 'arm_1_XArmGripperSystem'
[gz-1] [INFO] [1787965237.554725925] [cite.cell_a.arm_1.gz_ros_control]: Using JointLimiter for joint 'arm_1_drive_joint' in hardware 'arm_1_XArmGripperSystem' : '  has position limits: true [0, 0.85]
[gz-1]   has velocity limits: true [1]
[gz-1]   has acceleration limits: false [nan]
[gz-1]   has deceleration limits: false [nan]
[gz-1]   has jerk limits: false [nan]
[gz-1]   has effort limits: true [50]
[gz-1]   angle wraparound: false'
[gz-1] [INFO] [1787965237.554731050] [cite.cell_a.arm_1.gz_ros_control]: Creating JointSaturationLimiter for joint 'arm_1_drive_joint' in hardware 'arm_1_XArmGripperSystem'
[gz-1] [INFO] [1787965237.554738634] [cite.cell_a.arm_1.controller_manager]: Enforcing command limits is enabled...
[gz-1] [INFO] [1787965237.559581842] [cite.cell_a.arm_1.gz_ros_control]: The position_proportional_gain has been set to: 0.1
[gz-1] [INFO] [1787965237.559631550] [cite.cell_a.arm_1.gz_ros_control]: Loading joint: arm_1_joint1
[gz-1] [INFO] [1787965237.559638592] [cite.cell_a.arm_1.gz_ros_control]: 	State:
[gz-1] [INFO] [1787965237.559643717] [cite.cell_a.arm_1.gz_ros_control]: 		 position
[gz-1] [INFO] [1787965237.559647300] [cite.cell_a.arm_1.gz_ros_control]: 		 velocity
[gz-1] [INFO] [1787965237.559652759] [cite.cell_a.arm_1.gz_ros_control]: 	Command:
[gz-1] [INFO] [1787965237.559655592] [cite.cell_a.arm_1.gz_ros_control]: 		 position
[gz-1] [INFO] [1787965237.559666925] [cite.cell_a.arm_1.gz_ros_control]: 		 velocity
[gz-1] [INFO] [1787965237.559674717] [cite.cell_a.arm_1.gz_ros_control]: Loading joint: arm_1_joint2
[gz-1] [INFO] [1787965237.559678217] [cite.cell_a.arm_1.gz_ros_control]: 	State:
[gz-1] [INFO] [1787965237.559704925] [cite.cell_a.arm_1.gz_ros_control]: 		 position
[gz-1] [INFO] [1787965237.559714092] [cite.cell_a.arm_1.gz_ros_control]: 		 velocity
[gz-1] [INFO] [1787965237.559716925] [cite.cell_a.arm_1.gz_ros_control]: 	Command:
[gz-1] [INFO] [1787965237.559719550] [cite.cell_a.arm_1.gz_ros_control]: 		 position
[gz-1] [INFO] [1787965237.559726425] [cite.cell_a.arm_1.gz_ros_control]: 		 velocity
[gz-1] [INFO] [1787965237.559733092] [cite.cell_a.arm_1.gz_ros_control]: Loading joint: arm_1_joint3
[gz-1] [INFO] [1787965237.559736134] [cite.cell_a.arm_1.gz_ros_control]: 	State:
[gz-1] [INFO] [1787965237.559738759] [cite.cell_a.arm_1.gz_ros_control]: 		 position
[gz-1] [INFO] [1787965237.559742092] [cite.cell_a.arm_1.gz_ros_control]: 		 velocity
[gz-1] [INFO] [1787965237.559744592] [cite.cell_a.arm_1.gz_ros_control]: 	Command:
[gz-1] [INFO] [1787965237.559747009] [cite.cell_a.arm_1.gz_ros_control]: 		 position
[gz-1] [INFO] [1787965237.559751759] [cite.cell_a.arm_1.gz_ros_control]: 		 velocity
[gz-1] [INFO] [1787965237.559757217] [cite.cell_a.arm_1.gz_ros_control]: Loading joint: arm_1_joint4
[gz-1] [INFO] [1787965237.559760259] [cite.cell_a.arm_1.gz_ros_control]: 	State:
[gz-1] [INFO] [1787965237.559765092] [cite.cell_a.arm_1.gz_ros_control]: 		 position
[gz-1] [INFO] [1787965237.559767759] [cite.cell_a.arm_1.gz_ros_control]: 		 velocity
[gz-1] [INFO] [1787965237.559770342] [cite.cell_a.arm_1.gz_ros_control]: 	Command:
[gz-1] [INFO] [1787965237.559772925] [cite.cell_a.arm_1.gz_ros_control]: 		 position
[gz-1] [INFO] [1787965237.559776884] [cite.cell_a.arm_1.gz_ros_control]: 		 velocity
[gz-1] [INFO] [1787965237.559782175] [cite.cell_a.arm_1.gz_ros_control]: Loading joint: arm_1_joint5
[gz-1] [INFO] [1787965237.559785300] [cite.cell_a.arm_1.gz_ros_control]: 	State:
[gz-1] [INFO] [1787965237.559788009] [cite.cell_a.arm_1.gz_ros_control]: 		 position
[gz-1] [INFO] [1787965237.559791592] [cite.cell_a.arm_1.gz_ros_control]: 		 velocity
[gz-1] [INFO] [1787965237.559794342] [cite.cell_a.arm_1.gz_ros_control]: 	Command:
[gz-1] [INFO] [1787965237.559796800] [cite.cell_a.arm_1.gz_ros_control]: 		 position
[gz-1] [INFO] [1787965237.559801592] [cite.cell_a.arm_1.gz_ros_control]: 		 velocity
[gz-1] [INFO] [1787965237.559933467] [cite.cell_a.arm_1.controller_manager]: Initialize hardware 'arm_1_gz_ros2_control/GazeboSimSystem' 
[gz-1] [WARN] [1787965237.559956342] [cite.cell_a.arm_1.controller_manager.hardware_component.system.arm_1_gz_ros2_control/GazeboSimSystem]: Executor is not available during hardware component initialization for 'arm_1_gz_ros2_control/GazeboSimSystem'. Skipping node creation!
[gz-1] [INFO] [1787965237.560038967] [cite.cell_a.arm_1.controller_manager]: Successful initialization of hardware 'arm_1_gz_ros2_control/GazeboSimSystem'
[gz-1] [INFO] [1787965237.560232800] [cite.cell_a.arm_1.gz_ros_control]: The position_proportional_gain has been set to: 0.1
[gz-1] [INFO] [1787965237.560249800] [cite.cell_a.arm_1.gz_ros_control]: Loading joint: arm_1_drive_joint
[gz-1] [INFO] [1787965237.560253967] [cite.cell_a.arm_1.gz_ros_control]: 	State:
[gz-1] [INFO] [1787965237.560256884] [cite.cell_a.arm_1.gz_ros_control]: 		 position
[gz-1] [INFO] [1787965237.560259967] [cite.cell_a.arm_1.gz_ros_control]: 		 velocity
[gz-1] [INFO] [1787965237.560262967] [cite.cell_a.arm_1.gz_ros_control]: 	Command:
[gz-1] [INFO] [1787965237.560265425] [cite.cell_a.arm_1.gz_ros_control]: 		 position
[gz-1] [INFO] [1787965237.560270300] [cite.cell_a.arm_1.gz_ros_control]: 		 velocity
[gz-1] [INFO] [1787965237.560278342] [cite.cell_a.arm_1.gz_ros_control]: Loading joint: arm_1_left_finger_joint
[gz-1] [INFO] [1787965237.560282675] [cite.cell_a.arm_1.gz_ros_control]: Joint 'arm_1_left_finger_joint'is mimicking joint 'arm_1_drive_joint' with multiplier: 1 and offset: 0
[gz-1] [INFO] [1787965237.560287717] [cite.cell_a.arm_1.gz_ros_control]: 	State:
[gz-1] [INFO] [1787965237.560290550] [cite.cell_a.arm_1.gz_ros_control]: 		 position
[gz-1] [INFO] [1787965237.560295509] [cite.cell_a.arm_1.gz_ros_control]: 		 velocity
[gz-1] [INFO] [1787965237.560298175] [cite.cell_a.arm_1.gz_ros_control]: 	Command:
[gz-1] [INFO] [1787965237.560303717] [cite.cell_a.arm_1.gz_ros_control]: Loading joint: arm_1_left_inner_knuckle_joint
[gz-1] [INFO] [1787965237.560307550] [cite.cell_a.arm_1.gz_ros_control]: Joint 'arm_1_left_inner_knuckle_joint'is mimicking joint 'arm_1_drive_joint' with multiplier: 1 and offset: 0
[gz-1] [INFO] [1787965237.560314884] [cite.cell_a.arm_1.gz_ros_control]: 	State:
[gz-1] [INFO] [1787965237.560317717] [cite.cell_a.arm_1.gz_ros_control]: 		 position
[gz-1] [INFO] [1787965237.560321009] [cite.cell_a.arm_1.gz_ros_control]: 		 velocity
[gz-1] [INFO] [1787965237.560323550] [cite.cell_a.arm_1.gz_ros_control]: 	Command:
[gz-1] [INFO] [1787965237.560329175] [cite.cell_a.arm_1.gz_ros_control]: Loading joint: arm_1_right_outer_knuckle_joint
[gz-1] [INFO] [1787965237.560332884] [cite.cell_a.arm_1.gz_ros_control]: Joint 'arm_1_right_outer_knuckle_joint'is mimicking joint 'arm_1_drive_joint' with multiplier: 1 and offset: 0
[gz-1] [INFO] [1787965237.560336009] [cite.cell_a.arm_1.gz_ros_control]: 	State:
[gz-1] [INFO] [1787965237.560338634] [cite.cell_a.arm_1.gz_ros_control]: 		 position
[gz-1] [INFO] [1787965237.560341300] [cite.cell_a.arm_1.gz_ros_control]: 		 velocity
[gz-1] [INFO] [1787965237.560343842] [cite.cell_a.arm_1.gz_ros_control]: 	Command:
[gz-1] [INFO] [1787965237.560349175] [cite.cell_a.arm_1.gz_ros_control]: Loading joint: arm_1_right_finger_joint
[gz-1] [INFO] [1787965237.560352634] [cite.cell_a.arm_1.gz_ros_control]: Joint 'arm_1_right_finger_joint'is mimicking joint 'arm_1_drive_joint' with multiplier: 1 and offset: 0
[gz-1] [INFO] [1787965237.560355717] [cite.cell_a.arm_1.gz_ros_control]: 	State:
[gz-1] [INFO] [1787965237.560358342] [cite.cell_a.arm_1.gz_ros_control]: 		 position
[gz-1] [INFO] [1787965237.560361842] [cite.cell_a.arm_1.gz_ros_control]: 		 velocity
[gz-1] [INFO] [1787965237.560364384] [cite.cell_a.arm_1.gz_ros_control]: 	Command:
[gz-1] [INFO] [1787965237.560369009] [cite.cell_a.arm_1.gz_ros_control]: Loading joint: arm_1_right_inner_knuckle_joint
[gz-1] [INFO] [1787965237.560372467] [cite.cell_a.arm_1.gz_ros_control]: Joint 'arm_1_right_inner_knuckle_joint'is mimicking joint 'arm_1_drive_joint' with multiplier: 1 and offset: 0
[gz-1] [INFO] [1787965237.560375675] [cite.cell_a.arm_1.gz_ros_control]: 	State:
[gz-1] [INFO] [1787965237.560378509] [cite.cell_a.arm_1.gz_ros_control]: 		 position
[gz-1] [INFO] [1787965237.560388092] [cite.cell_a.arm_1.gz_ros_control]: 		 velocity
[gz-1] [INFO] [1787965237.560391134] [cite.cell_a.arm_1.gz_ros_control]: 	Command:
[gz-1] [INFO] [1787965237.560408800] [cite.cell_a.arm_1.controller_manager]: Initialize hardware 'arm_1_XArmGripperSystem' 
[gz-1] [WARN] [1787965237.560415175] [cite.cell_a.arm_1.controller_manager.hardware_component.system.arm_1_XArmGripperSystem]: Executor is not available during hardware component initialization for 'arm_1_XArmGripperSystem'. Skipping node creation!
[gz-1] [INFO] [1787965237.560451509] [cite.cell_a.arm_1.controller_manager]: Successful initialization of hardware 'arm_1_XArmGripperSystem'
[gz-1] [INFO] [1787965237.560517717] [cite.cell_a.arm_1.controller_manager]: Activating component 'arm_1_XArmGripperSystem'.
[gz-1] [INFO] [1787965237.560528050] [resource_manager]: 'configure' hardware 'arm_1_XArmGripperSystem' 
[gz-1] [INFO] [1787965237.560532884] [cite.cell_a.arm_1.gz_ros_control]: System Successfully configured!
[gz-1] [INFO] [1787965237.560536634] [resource_manager]: Successful 'configure' of hardware 'arm_1_XArmGripperSystem'
[gz-1] [INFO] [1787965237.560543717] [resource_manager]: 'activate' hardware 'arm_1_XArmGripperSystem' 
[gz-1] [INFO] [1787965237.560559342] [resource_manager]: Successful 'activate' of hardware 'arm_1_XArmGripperSystem'
[gz-1] [INFO] [1787965237.560804509] [cite.cell_a.arm_1.controller_manager]: Activating component 'arm_1_gz_ros2_control/GazeboSimSystem'.
[gz-1] [INFO] [1787965237.560822134] [resource_manager]: 'configure' hardware 'arm_1_gz_ros2_control/GazeboSimSystem' 
[gz-1] [INFO] [1787965237.560825550] [cite.cell_a.arm_1.gz_ros_control]: System Successfully configured!
[gz-1] [INFO] [1787965237.560830467] [resource_manager]: Successful 'configure' of hardware 'arm_1_gz_ros2_control/GazeboSimSystem'
[gz-1] [INFO] [1787965237.560834259] [resource_manager]: 'activate' hardware 'arm_1_gz_ros2_control/GazeboSimSystem' 
[gz-1] [INFO] [1787965237.560837175] [resource_manager]: Successful 'activate' of hardware 'arm_1_gz_ros2_control/GazeboSimSystem'
[gz-1] [WARN] [1787965237.560856175] [cite.cell_a.arm_1.controller_manager]: Component 'arm_1_XArmGripperSystem' does not have read or write statistics initialized, skipping registration.
[gz-1] [WARN] [1787965237.560868967] [cite.cell_a.arm_1.controller_manager]: Component 'arm_1_gz_ros2_control/GazeboSimSystem' does not have read or write statistics initialized, skipping registration.
[gz-1] [INFO] [1787965237.560875592] [cite.cell_a.arm_1.controller_manager]: Resource Manager has been successfully initialized. Starting Controller Manager services...
[frame_server.py-11] [INFO] [1787965238.094948426] [cite.facility.frame_server]: configured with 21 static transform(s)
[frame_server.py-11] [INFO] [1787965238.102633717] [cite.facility.frame_server]: published 21 static transform(s)
[gz-1] [1;33mWarning [parser_urdf.cc:1170][0m multiple inconsistent <self_collide> exists due to fixed joint reduction overwriting previous value [1] with [0].
[topology_server.py-13] [INFO] [1787965238.128066634] [cite.facility.topology_server]: configured with 5 station(s) and 4 edge(s)
[gz-1] [1;31m[Err] [SystemLoader.cc:92] [0m[1;31mFailed to load system plugin [[0m[1;31mlibgazebo_mimic_joint_plugin.so[0m[1;31m] : Could not find shared library.[0m[1;31m[0m
[gz-1] [1;31m[Err] [SystemLoader.cc:92] [0m[1;31mFailed to load system plugin [[0m[1;31mlibgazebo_mimic_joint_plugin.so[0m[1;31m] : Could not find shared library.[0m[1;31m[0m
[gz-1] [1;31m[Err] [SystemLoader.cc:92] [0m[1;31mFailed to load system plugin [[0m[1;31mlibgazebo_mimic_joint_plugin.so[0m[1;31m] : Could not find shared library.[0m[1;31m[0m
[gz-1] [1;31m[Err] [SystemLoader.cc:92] [0m[1;31mFailed to load system plugin [[0m[1;31mlibgazebo_mimic_joint_plugin.so[0m[1;31m] : Could not find shared library.[0m[1;31m[0m
[gz-1] [1;31m[Err] [SystemLoader.cc:92] [0m[1;31mFailed to load system plugin [[0m[1;31mlibgazebo_mimic_joint_plugin.so[0m[1;31m] : Could not find shared library.[0m[1;31m[0m
[gz-1] [INFO] [1787965238.217927842] [cite.cell_a.arm_2.gz_ros_control]: [gz_ros2_control] Fixed joint ['arm_2_mount_world_anchor'] (Entity='111') is skipped.
[gz-1] [INFO] [1787965238.224719717] [cite.cell_a.arm_2.gz_ros_control]: Loading controller_manager
[gz-1] [INFO] [1787965238.239867509] [cite.cell_a.arm_2.controller_manager]: Using ROS clock for triggering controller manager cycles.
[gz-1] [INFO] [1787965238.241238509] [cite.cell_a.arm_2.controller_manager]: Subscribing to '/cite/cell_a/arm_2/robot_description' topic for robot description.
[gz-1] [WARN] [1787965238.242916301] [cite.cell_a.arm_2.gz_ros_control]: Waiting RM to load and initialize hardware...
[gz-1] [INFO] [1787965238.253011634] [cite.cell_a.arm_2.controller_manager]: Received robot description from topic.
[gz-1] [INFO] [1787965238.254265217] [cite.cell_a.arm_2.gz_ros_control]: Using JointLimiter for joint 'arm_2_joint5' in hardware 'arm_2_gz_ros2_control/GazeboSimSystem' : '  has position limits: true [-6.28319, 6.28319]
[gz-1]   has velocity limits: true [3.14]
[gz-1]   has acceleration limits: false [nan]
[gz-1]   has deceleration limits: false [nan]
[gz-1]   has jerk limits: false [nan]
[gz-1]   has effort limits: true [20]
[gz-1]   angle wraparound: false'
[gz-1] [INFO] [1787965238.254282134] [cite.cell_a.arm_2.gz_ros_control]: Creating JointSaturationLimiter for joint 'arm_2_joint5' in hardware 'arm_2_gz_ros2_control/GazeboSimSystem'
[gz-1] [INFO] [1787965238.254289384] [cite.cell_a.arm_2.gz_ros_control]: Using JointLimiter for joint 'arm_2_joint4' in hardware 'arm_2_gz_ros2_control/GazeboSimSystem' : '  has position limits: true [-1.69297, 3.14159]
[gz-1]   has velocity limits: true [3.14]
[gz-1]   has acceleration limits: false [nan]
[gz-1]   has deceleration limits: false [nan]
[gz-1]   has jerk limits: false [nan]
[gz-1]   has effort limits: true [20]
[gz-1]   angle wraparound: false'
[gz-1] [INFO] [1787965238.254292842] [cite.cell_a.arm_2.gz_ros_control]: Creating JointSaturationLimiter for joint 'arm_2_joint4' in hardware 'arm_2_gz_ros2_control/GazeboSimSystem'
[gz-1] [INFO] [1787965238.254296801] [cite.cell_a.arm_2.gz_ros_control]: Using JointLimiter for joint 'arm_2_joint3' in hardware 'arm_2_gz_ros2_control/GazeboSimSystem' : '  has position limits: true [-3.927, 0.19198]
[gz-1]   has velocity limits: true [3.14]
[gz-1]   has acceleration limits: false [nan]
[gz-1]   has deceleration limits: false [nan]
[gz-1]   has jerk limits: false [nan]
[gz-1]   has effort limits: true [30]
[gz-1]   angle wraparound: false'
[gz-1] [INFO] [1787965238.254299801] [cite.cell_a.arm_2.gz_ros_control]: Creating JointSaturationLimiter for joint 'arm_2_joint3' in hardware 'arm_2_gz_ros2_control/GazeboSimSystem'
[gz-1] [INFO] [1787965238.254303301] [cite.cell_a.arm_2.gz_ros_control]: Using JointLimiter for joint 'arm_2_joint2' in hardware 'arm_2_gz_ros2_control/GazeboSimSystem' : '  has position limits: true [-2.059, 2.0944]
[gz-1]   has velocity limits: true [3.14]
[gz-1]   has acceleration limits: false [nan]
[gz-1]   has deceleration limits: false [nan]
[gz-1]   has jerk limits: false [nan]
[gz-1]   has effort limits: true [50]
[gz-1]   angle wraparound: false'
[gz-1] [INFO] [1787965238.254306051] [cite.cell_a.arm_2.gz_ros_control]: Creating JointSaturationLimiter for joint 'arm_2_joint2' in hardware 'arm_2_gz_ros2_control/GazeboSimSystem'
[gz-1] [INFO] [1787965238.254309259] [cite.cell_a.arm_2.gz_ros_control]: Using JointLimiter for joint 'arm_2_joint1' in hardware 'arm_2_gz_ros2_control/GazeboSimSystem' : '  has position limits: true [-6.28319, 6.28319]
[gz-1]   has velocity limits: true [3.14]
[gz-1]   has acceleration limits: false [nan]
[gz-1]   has deceleration limits: false [nan]
[gz-1]   has jerk limits: false [nan]
[gz-1]   has effort limits: true [50]
[gz-1]   angle wraparound: false'
[gz-1] [INFO] [1787965238.254311592] [cite.cell_a.arm_2.gz_ros_control]: Creating JointSaturationLimiter for joint 'arm_2_joint1' in hardware 'arm_2_gz_ros2_control/GazeboSimSystem'
[gz-1] [INFO] [1787965238.254340884] [cite.cell_a.arm_2.gz_ros_control]: Using JointLimiter for joint 'arm_2_right_inner_knuckle_joint' in hardware 'arm_2_XArmGripperSystem' : '  has position limits: true [0, 0.85]
[gz-1]   has velocity limits: true [2]
[gz-1]   has acceleration limits: false [nan]
[gz-1]   has deceleration limits: false [nan]
[gz-1]   has jerk limits: false [nan]
[gz-1]   has effort limits: true [50]
[gz-1]   angle wraparound: false'
[gz-1] [INFO] [1787965238.254347259] [cite.cell_a.arm_2.gz_ros_control]: Creating JointSaturationLimiter for joint 'arm_2_right_inner_knuckle_joint' in hardware 'arm_2_XArmGripperSystem'
[gz-1] [INFO] [1787965238.254351426] [cite.cell_a.arm_2.gz_ros_control]: Using JointLimiter for joint 'arm_2_right_finger_joint' in hardware 'arm_2_XArmGripperSystem' : '  has position limits: true [0, 0.85]
[gz-1]   has velocity limits: true [2]
[gz-1]   has acceleration limits: false [nan]
[gz-1]   has deceleration limits: false [nan]
[gz-1]   has jerk limits: false [nan]
[gz-1]   has effort limits: true [50]
[gz-1]   angle wraparound: false'
[gz-1] [INFO] [1787965238.254353842] [cite.cell_a.arm_2.gz_ros_control]: Creating JointSaturationLimiter for joint 'arm_2_right_finger_joint' in hardware 'arm_2_XArmGripperSystem'
[gz-1] [INFO] [1787965238.254357551] [cite.cell_a.arm_2.gz_ros_control]: Using JointLimiter for joint 'arm_2_right_outer_knuckle_joint' in hardware 'arm_2_XArmGripperSystem' : '  has position limits: true [0, 0.85]
[gz-1]   has velocity limits: true [2]
[gz-1]   has acceleration limits: false [nan]
[gz-1]   has deceleration limits: false [nan]
[gz-1]   has jerk limits: false [nan]
[gz-1]   has effort limits: true [50]
[gz-1]   angle wraparound: false'
[gz-1] [INFO] [1787965238.254359926] [cite.cell_a.arm_2.gz_ros_control]: Creating JointSaturationLimiter for joint 'arm_2_right_outer_knuckle_joint' in hardware 'arm_2_XArmGripperSystem'
[gz-1] [INFO] [1787965238.254363301] [cite.cell_a.arm_2.gz_ros_control]: Using JointLimiter for joint 'arm_2_left_finger_joint' in hardware 'arm_2_XArmGripperSystem' : '  has position limits: true [0, 0.85]
[gz-1]   has velocity limits: true [2]
[gz-1]   has acceleration limits: false [nan]
[gz-1]   has deceleration limits: false [nan]
[gz-1]   has jerk limits: false [nan]
[gz-1]   has effort limits: true [50]
[gz-1]   angle wraparound: false'
[gz-1] [INFO] [1787965238.254365551] [cite.cell_a.arm_2.gz_ros_control]: Creating JointSaturationLimiter for joint 'arm_2_left_finger_joint' in hardware 'arm_2_XArmGripperSystem'
[gz-1] [INFO] [1787965238.254368884] [cite.cell_a.arm_2.gz_ros_control]: Using JointLimiter for joint 'arm_2_left_inner_knuckle_joint' in hardware 'arm_2_XArmGripperSystem' : '  has position limits: true [0, 0.85]
[gz-1]   has velocity limits: true [2]
[gz-1]   has acceleration limits: false [nan]
[gz-1]   has deceleration limits: false [nan]
[gz-1]   has jerk limits: false [nan]
[gz-1]   has effort limits: true [50]
[gz-1]   angle wraparound: false'
[gz-1] [INFO] [1787965238.254371301] [cite.cell_a.arm_2.gz_ros_control]: Creating JointSaturationLimiter for joint 'arm_2_left_inner_knuckle_joint' in hardware 'arm_2_XArmGripperSystem'
[gz-1] [INFO] [1787965238.254375259] [cite.cell_a.arm_2.gz_ros_control]: Using JointLimiter for joint 'arm_2_drive_joint' in hardware 'arm_2_XArmGripperSystem' : '  has position limits: true [0, 0.85]
[gz-1]   has velocity limits: true [1]
[gz-1]   has acceleration limits: false [nan]
[gz-1]   has deceleration limits: false [nan]
[gz-1]   has jerk limits: false [nan]
[gz-1]   has effort limits: true [50]
[gz-1]   angle wraparound: false'
[gz-1] [INFO] [1787965238.254378759] [cite.cell_a.arm_2.gz_ros_control]: Creating JointSaturationLimiter for joint 'arm_2_drive_joint' in hardware 'arm_2_XArmGripperSystem'
[gz-1] [INFO] [1787965238.254384592] [cite.cell_a.arm_2.controller_manager]: Enforcing command limits is enabled...
[gz-1] [INFO] [1787965238.255363592] [cite.cell_a.arm_2.gz_ros_control]: The position_proportional_gain has been set to: 0.1
[gz-1] [INFO] [1787965238.255394051] [cite.cell_a.arm_2.gz_ros_control]: Loading joint: arm_2_joint1
[gz-1] [INFO] [1787965238.255397634] [cite.cell_a.arm_2.gz_ros_control]: 	State:
[gz-1] [INFO] [1787965238.255400384] [cite.cell_a.arm_2.gz_ros_control]: 		 position
[gz-1] [INFO] [1787965238.255402592] [cite.cell_a.arm_2.gz_ros_control]: 		 velocity
[gz-1] [INFO] [1787965238.255405384] [cite.cell_a.arm_2.gz_ros_control]: 	Command:
[gz-1] [INFO] [1787965238.255411217] [cite.cell_a.arm_2.gz_ros_control]: 		 position
[gz-1] [INFO] [1787965238.255416884] [cite.cell_a.arm_2.gz_ros_control]: 		 velocity
[gz-1] [INFO] [1787965238.255422009] [cite.cell_a.arm_2.gz_ros_control]: Loading joint: arm_2_joint2
[gz-1] [INFO] [1787965238.255424842] [cite.cell_a.arm_2.gz_ros_control]: 	State:
[gz-1] [INFO] [1787965238.255426634] [cite.cell_a.arm_2.gz_ros_control]: 		 position
[gz-1] [INFO] [1787965238.255428592] [cite.cell_a.arm_2.gz_ros_control]: 		 velocity
[gz-1] [INFO] [1787965238.255430342] [cite.cell_a.arm_2.gz_ros_control]: 	Command:
[gz-1] [INFO] [1787965238.255431967] [cite.cell_a.arm_2.gz_ros_control]: 		 position
[gz-1] [INFO] [1787965238.255434967] [cite.cell_a.arm_2.gz_ros_control]: 		 velocity
[gz-1] [INFO] [1787965238.255441176] [cite.cell_a.arm_2.gz_ros_control]: Loading joint: arm_2_joint3
[gz-1] [INFO] [1787965238.255442967] [cite.cell_a.arm_2.gz_ros_control]: 	State:
[gz-1] [INFO] [1787965238.255444592] [cite.cell_a.arm_2.gz_ros_control]: 		 position
[gz-1] [INFO] [1787965238.255446926] [cite.cell_a.arm_2.gz_ros_control]: 		 velocity
[gz-1] [INFO] [1787965238.255448842] [cite.cell_a.arm_2.gz_ros_control]: 	Command:
[gz-1] [INFO] [1787965238.255450717] [cite.cell_a.arm_2.gz_ros_control]: 		 position
[gz-1] [INFO] [1787965238.255454301] [cite.cell_a.arm_2.gz_ros_control]: 		 velocity
[gz-1] [INFO] [1787965238.255458592] [cite.cell_a.arm_2.gz_ros_control]: Loading joint: arm_2_joint4
[gz-1] [INFO] [1787965238.255460342] [cite.cell_a.arm_2.gz_ros_control]: 	State:
[gz-1] [INFO] [1787965238.255462051] [cite.cell_a.arm_2.gz_ros_control]: 		 position
[gz-1] [INFO] [1787965238.255463676] [cite.cell_a.arm_2.gz_ros_control]: 		 velocity
[gz-1] [INFO] [1787965238.255465676] [cite.cell_a.arm_2.gz_ros_control]: 	Command:
[gz-1] [INFO] [1787965238.255467467] [cite.cell_a.arm_2.gz_ros_control]: 		 position
[gz-1] [INFO] [1787965238.255470592] [cite.cell_a.arm_2.gz_ros_control]: 		 velocity
[gz-1] [INFO] [1787965238.255474842] [cite.cell_a.arm_2.gz_ros_control]: Loading joint: arm_2_joint5
[gz-1] [INFO] [1787965238.255477051] [cite.cell_a.arm_2.gz_ros_control]: 	State:
[gz-1] [INFO] [1787965238.255479134] [cite.cell_a.arm_2.gz_ros_control]: 		 position
[gz-1] [INFO] [1787965238.255481801] [cite.cell_a.arm_2.gz_ros_control]: 		 velocity
[gz-1] [INFO] [1787965238.255483884] [cite.cell_a.arm_2.gz_ros_control]: 	Command:
[gz-1] [INFO] [1787965238.255485801] [cite.cell_a.arm_2.gz_ros_control]: 		 position
[gz-1] [INFO] [1787965238.255489551] [cite.cell_a.arm_2.gz_ros_control]: 		 velocity
[gz-1] [INFO] [1787965238.255514134] [cite.cell_a.arm_2.controller_manager]: Initialize hardware 'arm_2_gz_ros2_control/GazeboSimSystem' 
[gz-1] [WARN] [1787965238.255520051] [cite.cell_a.arm_2.controller_manager.hardware_component.system.arm_2_gz_ros2_control/GazeboSimSystem]: Executor is not available during hardware component initialization for 'arm_2_gz_ros2_control/GazeboSimSystem'. Skipping node creation!
[gz-1] [INFO] [1787965238.255543676] [cite.cell_a.arm_2.controller_manager]: Successful initialization of hardware 'arm_2_gz_ros2_control/GazeboSimSystem'
[gz-1] [INFO] [1787965238.255629551] [cite.cell_a.arm_2.gz_ros_control]: The position_proportional_gain has been set to: 0.1
[gz-1] [INFO] [1787965238.255635842] [cite.cell_a.arm_2.gz_ros_control]: Loading joint: arm_2_drive_joint
[gz-1] [INFO] [1787965238.255638676] [cite.cell_a.arm_2.gz_ros_control]: 	State:
[gz-1] [INFO] [1787965238.255641009] [cite.cell_a.arm_2.gz_ros_control]: 		 position
[gz-1] [INFO] [1787965238.255643217] [cite.cell_a.arm_2.gz_ros_control]: 		 velocity
[gz-1] [INFO] [1787965238.255645426] [cite.cell_a.arm_2.gz_ros_control]: 	Command:
[gz-1] [INFO] [1787965238.255647176] [cite.cell_a.arm_2.gz_ros_control]: 		 position
[gz-1] [INFO] [1787965238.255650009] [cite.cell_a.arm_2.gz_ros_control]: 		 velocity
[gz-1] [INFO] [1787965238.255654384] [cite.cell_a.arm_2.gz_ros_control]: Loading joint: arm_2_left_finger_joint
[gz-1] [INFO] [1787965238.255656926] [cite.cell_a.arm_2.gz_ros_control]: Joint 'arm_2_left_finger_joint'is mimicking joint 'arm_2_drive_joint' with multiplier: 1 and offset: 0
[gz-1] [INFO] [1787965238.255659259] [cite.cell_a.arm_2.gz_ros_control]: 	State:
[gz-1] [INFO] [1787965238.255660926] [cite.cell_a.arm_2.gz_ros_control]: 		 position
[gz-1] [INFO] [1787965238.255663051] [cite.cell_a.arm_2.gz_ros_control]: 		 velocity
[gz-1] [INFO] [1787965238.255668259] [cite.cell_a.arm_2.gz_ros_control]: 	Command:
[gz-1] [INFO] [1787965238.255673634] [cite.cell_a.arm_2.gz_ros_control]: Loading joint: arm_2_left_inner_knuckle_joint
[gz-1] [INFO] [1787965238.255675926] [cite.cell_a.arm_2.gz_ros_control]: Joint 'arm_2_left_inner_knuckle_joint'is mimicking joint 'arm_2_drive_joint' with multiplier: 1 and offset: 0
[gz-1] [INFO] [1787965238.255678009] [cite.cell_a.arm_2.gz_ros_control]: 	State:
[gz-1] [INFO] [1787965238.255679676] [cite.cell_a.arm_2.gz_ros_control]: 		 position
[gz-1] [INFO] [1787965238.255681551] [cite.cell_a.arm_2.gz_ros_control]: 		 velocity
[gz-1] [INFO] [1787965238.255683092] [cite.cell_a.arm_2.gz_ros_control]: 	Command:
[gz-1] [INFO] [1787965238.255686884] [cite.cell_a.arm_2.gz_ros_control]: Loading joint: arm_2_right_outer_knuckle_joint
[gz-1] [INFO] [1787965238.255689051] [cite.cell_a.arm_2.gz_ros_control]: Joint 'arm_2_right_outer_knuckle_joint'is mimicking joint 'arm_2_drive_joint' with multiplier: 1 and offset: 0
[gz-1] [INFO] [1787965238.255691592] [cite.cell_a.arm_2.gz_ros_control]: 	State:
[gz-1] [INFO] [1787965238.255693676] [cite.cell_a.arm_2.gz_ros_control]: 		 position
[gz-1] [INFO] [1787965238.255701384] [cite.cell_a.arm_2.gz_ros_control]: 		 velocity
[gz-1] [INFO] [1787965238.255703676] [cite.cell_a.arm_2.gz_ros_control]: 	Command:
[gz-1] [INFO] [1787965238.255707842] [cite.cell_a.arm_2.gz_ros_control]: Loading joint: arm_2_right_finger_joint
[gz-1] [INFO] [1787965238.255710592] [cite.cell_a.arm_2.gz_ros_control]: Joint 'arm_2_right_finger_joint'is mimicking joint 'arm_2_drive_joint' with multiplier: 1 and offset: 0
[gz-1] [INFO] [1787965238.255712884] [cite.cell_a.arm_2.gz_ros_control]: 	State:
[gz-1] [INFO] [1787965238.255714801] [cite.cell_a.arm_2.gz_ros_control]: 		 position
[gz-1] [INFO] [1787965238.255717384] [cite.cell_a.arm_2.gz_ros_control]: 		 velocity
[gz-1] [INFO] [1787965238.255719509] [cite.cell_a.arm_2.gz_ros_control]: 	Command:
[gz-1] [INFO] [1787965238.255723051] [cite.cell_a.arm_2.gz_ros_control]: Loading joint: arm_2_right_inner_knuckle_joint
[gz-1] [INFO] [1787965238.255725342] [cite.cell_a.arm_2.gz_ros_control]: Joint 'arm_2_right_inner_knuckle_joint'is mimicking joint 'arm_2_drive_joint' with multiplier: 1 and offset: 0
[gz-1] [INFO] [1787965238.255727426] [cite.cell_a.arm_2.gz_ros_control]: 	State:
[gz-1] [INFO] [1787965238.255728967] [cite.cell_a.arm_2.gz_ros_control]: 		 position
[gz-1] [INFO] [1787965238.255730634] [cite.cell_a.arm_2.gz_ros_control]: 		 velocity
[gz-1] [INFO] [1787965238.255732301] [cite.cell_a.arm_2.gz_ros_control]: 	Command:
[gz-1] [INFO] [1787965238.255740592] [cite.cell_a.arm_2.controller_manager]: Initialize hardware 'arm_2_XArmGripperSystem' 
[gz-1] [WARN] [1787965238.255759551] [cite.cell_a.arm_2.controller_manager.hardware_component.system.arm_2_XArmGripperSystem]: Executor is not available during hardware component initialization for 'arm_2_XArmGripperSystem'. Skipping node creation!
[gz-1] [INFO] [1787965238.255781009] [cite.cell_a.arm_2.controller_manager]: Successful initialization of hardware 'arm_2_XArmGripperSystem'
[gz-1] [INFO] [1787965238.255808634] [cite.cell_a.arm_2.controller_manager]: Activating component 'arm_2_XArmGripperSystem'.
[gz-1] [INFO] [1787965238.255812551] [resource_manager]: 'configure' hardware 'arm_2_XArmGripperSystem' 
[gz-1] [INFO] [1787965238.255814092] [cite.cell_a.arm_2.gz_ros_control]: System Successfully configured!
[gz-1] [INFO] [1787965238.255816426] [resource_manager]: Successful 'configure' of hardware 'arm_2_XArmGripperSystem'
[gz-1] [INFO] [1787965238.255818592] [resource_manager]: 'activate' hardware 'arm_2_XArmGripperSystem' 
[gz-1] [INFO] [1787965238.255821134] [resource_manager]: Successful 'activate' of hardware 'arm_2_XArmGripperSystem'
[gz-1] [INFO] [1787965238.255835884] [cite.cell_a.arm_2.controller_manager]: Activating component 'arm_2_gz_ros2_control/GazeboSimSystem'.
[gz-1] [INFO] [1787965238.255838801] [resource_manager]: 'configure' hardware 'arm_2_gz_ros2_control/GazeboSimSystem' 
[gz-1] [INFO] [1787965238.255840092] [cite.cell_a.arm_2.gz_ros_control]: System Successfully configured!
[gz-1] [INFO] [1787965238.255843134] [resource_manager]: Successful 'configure' of hardware 'arm_2_gz_ros2_control/GazeboSimSystem'
[gz-1] [INFO] [1787965238.255848342] [resource_manager]: 'activate' hardware 'arm_2_gz_ros2_control/GazeboSimSystem' 
[gz-1] [INFO] [1787965238.255850509] [resource_manager]: Successful 'activate' of hardware 'arm_2_gz_ros2_control/GazeboSimSystem'
[gz-1] [WARN] [1787965238.255860426] [cite.cell_a.arm_2.controller_manager]: Component 'arm_2_XArmGripperSystem' does not have read or write statistics initialized, skipping registration.
[gz-1] [WARN] [1787965238.255863967] [cite.cell_a.arm_2.controller_manager]: Component 'arm_2_gz_ros2_control/GazeboSimSystem' does not have read or write statistics initialized, skipping registration.
[gz-1] [INFO] [1787965238.255868134] [cite.cell_a.arm_2.controller_manager]: Resource Manager has been successfully initialized. Starting Controller Manager services...
[gz-1] [INFO] [1787965238.685631967] [cite.cell_a.arm_1.controller_manager]: Loading controller : 'arm_1_joint_state_broadcaster' of type 'joint_state_broadcaster/JointStateBroadcaster'
[gz-1] [INFO] [1787965238.685706759] [cite.cell_a.arm_1.controller_manager]: Loading controller 'arm_1_joint_state_broadcaster'
[gz-1] [INFO] [1787965238.694334134] [cite.cell_a.arm_1.controller_manager]: Controller 'arm_1_joint_state_broadcaster' node arguments: --ros-args --params-file /workspace/workspace/install/cite_generated/share/cite_generated/control/cell_a_arm_1_controllers.yaml -p use_sim_time:=true --param use_sim_time:=true 
[spawner-14] [INFO] [1787965238.714881926] [spawn_arm_1_stage0]: Loaded arm_1_joint_state_broadcaster
[gz-1] [INFO] [1787965238.716683176] [cite.cell_a.arm_1.controller_manager]: Configuring controller: 'arm_1_joint_state_broadcaster'
[gz-1] [INFO] [1787965238.716887884] [cite.cell_a.arm_1.arm_1_joint_state_broadcaster]: 'joints' or 'interfaces' parameter is empty. All available state interfaces will be published
[gz-1] [INFO] [1787965238.816130884] [cite.cell_a.arm_1.controller_manager]: Activating controllers: [ arm_1_joint_state_broadcaster ]
[gz-1] [1;33mWarning [parser_urdf.cc:1170][0m multiple inconsistent <self_collide> exists due to fixed joint reduction overwriting previous value [1] with [0].
[gz-1] [1;31m[Err] [SystemLoader.cc:92] [0m[1;31mFailed to load system plugin [[0m[1;31mlibgazebo_mimic_joint_plugin.so[0m[1;31m] : Could not find shared library.[0m[1;31m[0m
[gz-1] [1;31m[Err] [SystemLoader.cc:92] [0m[1;31mFailed to load system plugin [[0m[1;31mlibgazebo_mimic_joint_plugin.so[0m[1;31m] : Could not find shared library.[0m[1;31m[0m
[gz-1] [1;31m[Err] [SystemLoader.cc:92] [0m[1;31mFailed to load system plugin [[0m[1;31mlibgazebo_mimic_joint_plugin.so[0m[1;31m] : Could not find shared library.[0m[1;31m[0m
[gz-1] [1;31m[Err] [SystemLoader.cc:92] [0m[1;31mFailed to load system plugin [[0m[1;31mlibgazebo_mimic_joint_plugin.so[0m[1;31m] : Could not find shared library.[0m[1;31m[0m
[gz-1] [1;31m[Err] [SystemLoader.cc:92] [0m[1;31mFailed to load system plugin [[0m[1;31mlibgazebo_mimic_joint_plugin.so[0m[1;31m] : Could not find shared library.[0m[1;31m[0m
[gz-1] [INFO] [1787965240.293853427] [cite.cell_a.arm_3.gz_ros_control]: [gz_ros2_control] Fixed joint ['arm_3_mount_world_anchor'] (Entity='162') is skipped.
[gz-1] [INFO] [1787965240.296725010] [cite.cell_a.arm_3.gz_ros_control]: Loading controller_manager
[gz-1] [INFO] [1787965240.315335927] [cite.cell_a.arm_3.controller_manager]: Using ROS clock for triggering controller manager cycles.
[gz-1] [INFO] [1787965240.316465552] [cite.cell_a.arm_3.controller_manager]: Subscribing to '/cite/cell_a/arm_3/robot_description' topic for robot description.
[gz-1] [WARN] [1787965240.317864093] [cite.cell_a.arm_3.gz_ros_control]: Waiting RM to load and initialize hardware...
[gz-1] [INFO] [1787965240.328707510] [cite.cell_a.arm_3.controller_manager]: Received robot description from topic.
[gz-1] [INFO] [1787965240.330130302] [cite.cell_a.arm_3.gz_ros_control]: Using JointLimiter for joint 'arm_3_joint5' in hardware 'arm_3_gz_ros2_control/GazeboSimSystem' : '  has position limits: true [-6.28319, 6.28319]
[gz-1]   has velocity limits: true [3.14]
[gz-1]   has acceleration limits: false [nan]
[gz-1]   has deceleration limits: false [nan]
[gz-1]   has jerk limits: false [nan]
[gz-1]   has effort limits: true [20]
[gz-1]   angle wraparound: false'
[gz-1] [INFO] [1787965240.330154968] [cite.cell_a.arm_3.gz_ros_control]: Creating JointSaturationLimiter for joint 'arm_3_joint5' in hardware 'arm_3_gz_ros2_control/GazeboSimSystem'
[gz-1] [INFO] [1787965240.330161718] [cite.cell_a.arm_3.gz_ros_control]: Using JointLimiter for joint 'arm_3_joint3' in hardware 'arm_3_gz_ros2_control/GazeboSimSystem' : '  has position limits: true [-3.927, 0.19198]
[gz-1]   has velocity limits: true [3.14]
[gz-1]   has acceleration limits: false [nan]
[gz-1]   has deceleration limits: false [nan]
[gz-1]   has jerk limits: false [nan]
[gz-1]   has effort limits: true [30]
[gz-1]   angle wraparound: false'
[gz-1] [INFO] [1787965240.330164593] [cite.cell_a.arm_3.gz_ros_control]: Creating JointSaturationLimiter for joint 'arm_3_joint3' in hardware 'arm_3_gz_ros2_control/GazeboSimSystem'
[gz-1] [INFO] [1787965240.330167968] [cite.cell_a.arm_3.gz_ros_control]: Using JointLimiter for joint 'arm_3_joint4' in hardware 'arm_3_gz_ros2_control/GazeboSimSystem' : '  has position limits: true [-1.69297, 3.14159]
[gz-1]   has velocity limits: true [3.14]
[gz-1]   has acceleration limits: false [nan]
[gz-1]   has deceleration limits: false [nan]
[gz-1]   has jerk limits: false [nan]
[gz-1]   has effort limits: true [20]
[gz-1]   angle wraparound: false'
[gz-1] [INFO] [1787965240.330194218] [cite.cell_a.arm_3.gz_ros_control]: Creating JointSaturationLimiter for joint 'arm_3_joint4' in hardware 'arm_3_gz_ros2_control/GazeboSimSystem'
[gz-1] [INFO] [1787965240.330202302] [cite.cell_a.arm_3.gz_ros_control]: Using JointLimiter for joint 'arm_3_joint2' in hardware 'arm_3_gz_ros2_control/GazeboSimSystem' : '  has position limits: true [-2.059, 2.0944]
[gz-1]   has velocity limits: true [3.14]
[gz-1]   has acceleration limits: false [nan]
[gz-1]   has deceleration limits: false [nan]
[gz-1]   has jerk limits: false [nan]
[gz-1]   has effort limits: true [50]
[gz-1]   angle wraparound: false'
[gz-1] [INFO] [1787965240.330204885] [cite.cell_a.arm_3.gz_ros_control]: Creating JointSaturationLimiter for joint 'arm_3_joint2' in hardware 'arm_3_gz_ros2_control/GazeboSimSystem'
[gz-1] [INFO] [1787965240.330207802] [cite.cell_a.arm_3.gz_ros_control]: Using JointLimiter for joint 'arm_3_joint1' in hardware 'arm_3_gz_ros2_control/GazeboSimSystem' : '  has position limits: true [-6.28319, 6.28319]
[gz-1]   has velocity limits: true [3.14]
[gz-1]   has acceleration limits: false [nan]
[gz-1]   has deceleration limits: false [nan]
[gz-1]   has jerk limits: false [nan]
[gz-1]   has effort limits: true [50]
[gz-1]   angle wraparound: false'
[gz-1] [INFO] [1787965240.330209927] [cite.cell_a.arm_3.gz_ros_control]: Creating JointSaturationLimiter for joint 'arm_3_joint1' in hardware 'arm_3_gz_ros2_control/GazeboSimSystem'
[gz-1] [INFO] [1787965240.330213302] [cite.cell_a.arm_3.gz_ros_control]: Using JointLimiter for joint 'arm_3_right_inner_knuckle_joint' in hardware 'arm_3_XArmGripperSystem' : '  has position limits: true [0, 0.85]
[gz-1]   has velocity limits: true [2]
[gz-1]   has acceleration limits: false [nan]
[gz-1]   has deceleration limits: false [nan]
[gz-1]   has jerk limits: false [nan]
[gz-1]   has effort limits: true [50]
[gz-1]   angle wraparound: false'
[gz-1] [INFO] [1787965240.330215843] [cite.cell_a.arm_3.gz_ros_control]: Creating JointSaturationLimiter for joint 'arm_3_right_inner_knuckle_joint' in hardware 'arm_3_XArmGripperSystem'
[gz-1] [INFO] [1787965240.330219510] [cite.cell_a.arm_3.gz_ros_control]: Using JointLimiter for joint 'arm_3_right_finger_joint' in hardware 'arm_3_XArmGripperSystem' : '  has position limits: true [0, 0.85]
[gz-1]   has velocity limits: true [2]
[gz-1]   has acceleration limits: false [nan]
[gz-1]   has deceleration limits: false [nan]
[gz-1]   has jerk limits: false [nan]
[gz-1]   has effort limits: true [50]
[gz-1]   angle wraparound: false'
[gz-1] [INFO] [1787965240.330221677] [cite.cell_a.arm_3.gz_ros_control]: Creating JointSaturationLimiter for joint 'arm_3_right_finger_joint' in hardware 'arm_3_XArmGripperSystem'
[gz-1] [INFO] [1787965240.330225552] [cite.cell_a.arm_3.gz_ros_control]: Using JointLimiter for joint 'arm_3_right_outer_knuckle_joint' in hardware 'arm_3_XArmGripperSystem' : '  has position limits: true [0, 0.85]
[gz-1]   has velocity limits: true [2]
[gz-1]   has acceleration limits: false [nan]
[gz-1]   has deceleration limits: false [nan]
[gz-1]   has jerk limits: false [nan]
[gz-1]   has effort limits: true [50]
[gz-1]   angle wraparound: false'
[gz-1] [INFO] [1787965240.330228177] [cite.cell_a.arm_3.gz_ros_control]: Creating JointSaturationLimiter for joint 'arm_3_right_outer_knuckle_joint' in hardware 'arm_3_XArmGripperSystem'
[gz-1] [INFO] [1787965240.330231968] [cite.cell_a.arm_3.gz_ros_control]: Using JointLimiter for joint 'arm_3_left_inner_knuckle_joint' in hardware 'arm_3_XArmGripperSystem' : '  has position limits: true [0, 0.85]
[gz-1]   has velocity limits: true [2]
[gz-1]   has acceleration limits: false [nan]
[gz-1]   has deceleration limits: false [nan]
[gz-1]   has jerk limits: false [nan]
[gz-1]   has effort limits: true [50]
[gz-1]   angle wraparound: false'
[gz-1] [INFO] [1787965240.330234510] [cite.cell_a.arm_3.gz_ros_control]: Creating JointSaturationLimiter for joint 'arm_3_left_inner_knuckle_joint' in hardware 'arm_3_XArmGripperSystem'
[gz-1] [INFO] [1787965240.330238552] [cite.cell_a.arm_3.gz_ros_control]: Using JointLimiter for joint 'arm_3_left_finger_joint' in hardware 'arm_3_XArmGripperSystem' : '  has position limits: true [0, 0.85]
[gz-1]   has velocity limits: true [2]
[gz-1]   has acceleration limits: false [nan]
[gz-1]   has deceleration limits: false [nan]
[gz-1]   has jerk limits: false [nan]
[gz-1]   has effort limits: true [50]
[gz-1]   angle wraparound: false'
[gz-1] [INFO] [1787965240.330243593] [cite.cell_a.arm_3.gz_ros_control]: Creating JointSaturationLimiter for joint 'arm_3_left_finger_joint' in hardware 'arm_3_XArmGripperSystem'
[gz-1] [INFO] [1787965240.330248010] [cite.cell_a.arm_3.gz_ros_control]: Using JointLimiter for joint 'arm_3_drive_joint' in hardware 'arm_3_XArmGripperSystem' : '  has position limits: true [0, 0.85]
[gz-1]   has velocity limits: true [1]
[gz-1]   has acceleration limits: false [nan]
[gz-1]   has deceleration limits: false [nan]
[gz-1]   has jerk limits: false [nan]
[gz-1]   has effort limits: true [50]
[gz-1]   angle wraparound: false'
[gz-1] [INFO] [1787965240.330250843] [cite.cell_a.arm_3.gz_ros_control]: Creating JointSaturationLimiter for joint 'arm_3_drive_joint' in hardware 'arm_3_XArmGripperSystem'
[gz-1] [INFO] [1787965240.330256468] [cite.cell_a.arm_3.controller_manager]: Enforcing command limits is enabled...
[gz-1] [INFO] [1787965240.331217843] [cite.cell_a.arm_3.gz_ros_control]: The position_proportional_gain has been set to: 0.1
[gz-1] [INFO] [1787965240.331244677] [cite.cell_a.arm_3.gz_ros_control]: Loading joint: arm_3_joint1
[gz-1] [INFO] [1787965240.331247802] [cite.cell_a.arm_3.gz_ros_control]: 	State:
[gz-1] [INFO] [1787965240.331250052] [cite.cell_a.arm_3.gz_ros_control]: 		 position
[gz-1] [INFO] [1787965240.331251885] [cite.cell_a.arm_3.gz_ros_control]: 		 velocity
[gz-1] [INFO] [1787965240.331254260] [cite.cell_a.arm_3.gz_ros_control]: 	Command:
[gz-1] [INFO] [1787965240.331255927] [cite.cell_a.arm_3.gz_ros_control]: 		 position
[gz-1] [INFO] [1787965240.331260760] [cite.cell_a.arm_3.gz_ros_control]: 		 velocity
[gz-1] [INFO] [1787965240.331265218] [cite.cell_a.arm_3.gz_ros_control]: Loading joint: arm_3_joint2
[gz-1] [INFO] [1787965240.331266885] [cite.cell_a.arm_3.gz_ros_control]: 	State:
[gz-1] [INFO] [1787965240.331268510] [cite.cell_a.arm_3.gz_ros_control]: 		 position
[gz-1] [INFO] [1787965240.331270135] [cite.cell_a.arm_3.gz_ros_control]: 		 velocity
[gz-1] [INFO] [1787965240.331271593] [cite.cell_a.arm_3.gz_ros_control]: 	Command:
[gz-1] [INFO] [1787965240.331272927] [cite.cell_a.arm_3.gz_ros_control]: 		 position
[gz-1] [INFO] [1787965240.331277427] [cite.cell_a.arm_3.gz_ros_control]: 		 velocity
[gz-1] [INFO] [1787965240.331280885] [cite.cell_a.arm_3.gz_ros_control]: Loading joint: arm_3_joint3
[gz-1] [INFO] [1787965240.331282468] [cite.cell_a.arm_3.gz_ros_control]: 	State:
[gz-1] [INFO] [1787965240.331283885] [cite.cell_a.arm_3.gz_ros_control]: 		 position
[gz-1] [INFO] [1787965240.331285885] [cite.cell_a.arm_3.gz_ros_control]: 		 velocity
[gz-1] [INFO] [1787965240.331287260] [cite.cell_a.arm_3.gz_ros_control]: 	Command:
[gz-1] [INFO] [1787965240.331288635] [cite.cell_a.arm_3.gz_ros_control]: 		 position
[gz-1] [INFO] [1787965240.331291135] [cite.cell_a.arm_3.gz_ros_control]: 		 velocity
[gz-1] [INFO] [1787965240.331294260] [cite.cell_a.arm_3.gz_ros_control]: Loading joint: arm_3_joint4
[gz-1] [INFO] [1787965240.331295802] [cite.cell_a.arm_3.gz_ros_control]: 	State:
[gz-1] [INFO] [1787965240.331297260] [cite.cell_a.arm_3.gz_ros_control]: 		 position
[gz-1] [INFO] [1787965240.331298635] [cite.cell_a.arm_3.gz_ros_control]: 		 velocity
[gz-1] [INFO] [1787965240.331300093] [cite.cell_a.arm_3.gz_ros_control]: 	Command:
[gz-1] [INFO] [1787965240.331301468] [cite.cell_a.arm_3.gz_ros_control]: 		 position
[gz-1] [INFO] [1787965240.331303635] [cite.cell_a.arm_3.gz_ros_control]: 		 velocity
[gz-1] [INFO] [1787965240.331316968] [cite.cell_a.arm_3.gz_ros_control]: Loading joint: arm_3_joint5
[gz-1] [INFO] [1787965240.331319760] [cite.cell_a.arm_3.gz_ros_control]: 	State:
[gz-1] [INFO] [1787965240.331321218] [cite.cell_a.arm_3.gz_ros_control]: 		 position
[gz-1] [INFO] [1787965240.331323218] [cite.cell_a.arm_3.gz_ros_control]: 		 velocity
[gz-1] [INFO] [1787965240.331324760] [cite.cell_a.arm_3.gz_ros_control]: 	Command:
[gz-1] [INFO] [1787965240.331326260] [cite.cell_a.arm_3.gz_ros_control]: 		 position
[gz-1] [INFO] [1787965240.331328885] [cite.cell_a.arm_3.gz_ros_control]: 		 velocity
[gz-1] [INFO] [1787965240.331349635] [cite.cell_a.arm_3.controller_manager]: Initialize hardware 'arm_3_gz_ros2_control/GazeboSimSystem' 
[gz-1] [WARN] [1787965240.331356927] [cite.cell_a.arm_3.controller_manager.hardware_component.system.arm_3_gz_ros2_control/GazeboSimSystem]: Executor is not available during hardware component initialization for 'arm_3_gz_ros2_control/GazeboSimSystem'. Skipping node creation!
[gz-1] [INFO] [1787965240.331385427] [cite.cell_a.arm_3.controller_manager]: Successful initialization of hardware 'arm_3_gz_ros2_control/GazeboSimSystem'
[gz-1] [INFO] [1787965240.331456843] [cite.cell_a.arm_3.gz_ros_control]: The position_proportional_gain has been set to: 0.1
[gz-1] [INFO] [1787965240.331463968] [cite.cell_a.arm_3.gz_ros_control]: Loading joint: arm_3_drive_joint
[gz-1] [INFO] [1787965240.331465968] [cite.cell_a.arm_3.gz_ros_control]: 	State:
[gz-1] [INFO] [1787965240.331467677] [cite.cell_a.arm_3.gz_ros_control]: 		 position
[gz-1] [INFO] [1787965240.331469177] [cite.cell_a.arm_3.gz_ros_control]: 		 velocity
[gz-1] [INFO] [1787965240.331470885] [cite.cell_a.arm_3.gz_ros_control]: 	Command:
[gz-1] [INFO] [1787965240.331472177] [cite.cell_a.arm_3.gz_ros_control]: 		 position
[gz-1] [INFO] [1787965240.331474760] [cite.cell_a.arm_3.gz_ros_control]: 		 velocity
[gz-1] [INFO] [1787965240.331479052] [cite.cell_a.arm_3.gz_ros_control]: Loading joint: arm_3_left_finger_joint
[gz-1] [INFO] [1787965240.331481343] [cite.cell_a.arm_3.gz_ros_control]: Joint 'arm_3_left_finger_joint'is mimicking joint 'arm_3_drive_joint' with multiplier: 1 and offset: 0
[gz-1] [INFO] [1787965240.331483343] [cite.cell_a.arm_3.gz_ros_control]: 	State:
[gz-1] [INFO] [1787965240.331484802] [cite.cell_a.arm_3.gz_ros_control]: 		 position
[gz-1] [INFO] [1787965240.331486343] [cite.cell_a.arm_3.gz_ros_control]: 		 velocity
[gz-1] [INFO] [1787965240.331487927] [cite.cell_a.arm_3.gz_ros_control]: 	Command:
[gz-1] [INFO] [1787965240.331495260] [cite.cell_a.arm_3.gz_ros_control]: Loading joint: arm_3_left_inner_knuckle_joint
[gz-1] [INFO] [1787965240.331497385] [cite.cell_a.arm_3.gz_ros_control]: Joint 'arm_3_left_inner_knuckle_joint'is mimicking joint 'arm_3_drive_joint' with multiplier: 1 and offset: 0
[gz-1] [INFO] [1787965240.331500343] [cite.cell_a.arm_3.gz_ros_control]: 	State:
[gz-1] [INFO] [1787965240.331501760] [cite.cell_a.arm_3.gz_ros_control]: 		 position
[gz-1] [INFO] [1787965240.331503510] [cite.cell_a.arm_3.gz_ros_control]: 		 velocity
[gz-1] [INFO] [1787965240.331505093] [cite.cell_a.arm_3.gz_ros_control]: 	Command:
[gz-1] [INFO] [1787965240.331508427] [cite.cell_a.arm_3.gz_ros_control]: Loading joint: arm_3_right_outer_knuckle_joint
[gz-1] [INFO] [1787965240.331510385] [cite.cell_a.arm_3.gz_ros_control]: Joint 'arm_3_right_outer_knuckle_joint'is mimicking joint 'arm_3_drive_joint' with multiplier: 1 and offset: 0
[gz-1] [INFO] [1787965240.331512093] [cite.cell_a.arm_3.gz_ros_control]: 	State:
[gz-1] [INFO] [1787965240.331513510] [cite.cell_a.arm_3.gz_ros_control]: 		 position
[gz-1] [INFO] [1787965240.331514843] [cite.cell_a.arm_3.gz_ros_control]: 		 velocity
[gz-1] [INFO] [1787965240.331516260] [cite.cell_a.arm_3.gz_ros_control]: 	Command:
[gz-1] [INFO] [1787965240.331519552] [cite.cell_a.arm_3.gz_ros_control]: Loading joint: arm_3_right_finger_joint
[gz-1] [INFO] [1787965240.331521510] [cite.cell_a.arm_3.gz_ros_control]: Joint 'arm_3_right_finger_joint'is mimicking joint 'arm_3_drive_joint' with multiplier: 1 and offset: 0
[gz-1] [INFO] [1787965240.331523260] [cite.cell_a.arm_3.gz_ros_control]: 	State:
[gz-1] [INFO] [1787965240.331524552] [cite.cell_a.arm_3.gz_ros_control]: 		 position
[gz-1] [INFO] [1787965240.331526343] [cite.cell_a.arm_3.gz_ros_control]: 		 velocity
[gz-1] [INFO] [1787965240.331527802] [cite.cell_a.arm_3.gz_ros_control]: 	Command:
[gz-1] [INFO] [1787965240.331530635] [cite.cell_a.arm_3.gz_ros_control]: Loading joint: arm_3_right_inner_knuckle_joint
[gz-1] [INFO] [1787965240.331532552] [cite.cell_a.arm_3.gz_ros_control]: Joint 'arm_3_right_inner_knuckle_joint'is mimicking joint 'arm_3_drive_joint' with multiplier: 1 and offset: 0
[gz-1] [INFO] [1787965240.331534385] [cite.cell_a.arm_3.gz_ros_control]: 	State:
[gz-1] [INFO] [1787965240.331536135] [cite.cell_a.arm_3.gz_ros_control]: 		 position
[gz-1] [INFO] [1787965240.331537635] [cite.cell_a.arm_3.gz_ros_control]: 		 velocity
[gz-1] [INFO] [1787965240.331539052] [cite.cell_a.arm_3.gz_ros_control]: 	Command:
[gz-1] [INFO] [1787965240.331546677] [cite.cell_a.arm_3.controller_manager]: Initialize hardware 'arm_3_XArmGripperSystem' 
[gz-1] [WARN] [1787965240.331549927] [cite.cell_a.arm_3.controller_manager.hardware_component.system.arm_3_XArmGripperSystem]: Executor is not available during hardware component initialization for 'arm_3_XArmGripperSystem'. Skipping node creation!
[gz-1] [INFO] [1787965240.331561635] [cite.cell_a.arm_3.controller_manager]: Successful initialization of hardware 'arm_3_XArmGripperSystem'
[gz-1] [INFO] [1787965240.331634718] [cite.cell_a.arm_3.controller_manager]: Activating component 'arm_3_XArmGripperSystem'.
[gz-1] [INFO] [1787965240.331640468] [resource_manager]: 'configure' hardware 'arm_3_XArmGripperSystem' 
[gz-1] [INFO] [1787965240.331642052] [cite.cell_a.arm_3.gz_ros_control]: System Successfully configured!
[gz-1] [INFO] [1787965240.331644302] [resource_manager]: Successful 'configure' of hardware 'arm_3_XArmGripperSystem'
[gz-1] [INFO] [1787965240.331646385] [resource_manager]: 'activate' hardware 'arm_3_XArmGripperSystem' 
[gz-1] [INFO] [1787965240.331648343] [resource_manager]: Successful 'activate' of hardware 'arm_3_XArmGripperSystem'
[gz-1] [INFO] [1787965240.331669468] [cite.cell_a.arm_3.controller_manager]: Activating component 'arm_3_gz_ros2_control/GazeboSimSystem'.
[gz-1] [INFO] [1787965240.331673635] [resource_manager]: 'configure' hardware 'arm_3_gz_ros2_control/GazeboSimSystem' 
[gz-1] [INFO] [1787965240.331674802] [cite.cell_a.arm_3.gz_ros_control]: System Successfully configured!
[gz-1] [INFO] [1787965240.331677260] [resource_manager]: Successful 'configure' of hardware 'arm_3_gz_ros2_control/GazeboSimSystem'
[gz-1] [INFO] [1787965240.331679218] [resource_manager]: 'activate' hardware 'arm_3_gz_ros2_control/GazeboSimSystem' 
[gz-1] [INFO] [1787965240.331680552] [resource_manager]: Successful 'activate' of hardware 'arm_3_gz_ros2_control/GazeboSimSystem'
[gz-1] [WARN] [1787965240.331689093] [cite.cell_a.arm_3.controller_manager]: Component 'arm_3_XArmGripperSystem' does not have read or write statistics initialized, skipping registration.
[gz-1] [WARN] [1787965240.331691385] [cite.cell_a.arm_3.controller_manager]: Component 'arm_3_gz_ros2_control/GazeboSimSystem' does not have read or write statistics initialized, skipping registration.
[gz-1] [INFO] [1787965240.331695218] [cite.cell_a.arm_3.controller_manager]: Resource Manager has been successfully initialized. Starting Controller Manager services...
[gz-1] [1;31m[Err] [Physics.cc:1808] [0m[1;31mAttempting to create a mimic constraint for joint [[0m[1;31marm_1_left_finger_joint[0m[1;31m] but the chosen physics engine does not support [0m[1;31mmimic constraints, so no constraint will be [0m[1;31mcreated.[0m[1;31m[0m
[detection_server-18] [INFO] [1787965242.605837344] [cite.cell_a.detection.detection_server]: 'beam_pick' first reported CLEAR
[detection_server-18] [INFO] [1787965242.606064844] [cite.cell_a.detection.detection_server]: 'beam_c3_out' first reported CLEAR
[detection_server-18] [INFO] [1787965242.606148886] [cite.cell_a.detection.detection_server]: 'beam_c2_out' first reported CLEAR
[detection_server-18] [INFO] [1787965242.606203969] [cite.cell_a.detection.detection_server]: 'beam_c1_out' first reported CLEAR
[gz-1] [WARN] [1787965242.608276344] [cite.cell_a.arm_1.gz_ros_control]:  Desired controller update period (0.00666667 s) is slower than the gazebo simulation period (0.001 s).
[gz-1] [WARN] [1787965242.608620594] [cite.cell_a.arm_2.gz_ros_control]:  Desired controller update period (0.00666667 s) is slower than the gazebo simulation period (0.001 s).
[gz-1] [WARN] [1787965242.608725261] [cite.cell_a.arm_3.gz_ros_control]:  Desired controller update period (0.00666667 s) is slower than the gazebo simulation period (0.001 s).
[gz-1] [INFO] [1787965242.616346136] [cite.cell_a.arm_1.controller_manager]: Successfully switched controllers!
[spawner-14] [INFO] [1787965242.627632136] [spawn_arm_1_stage0]: Configured and activated arm_1_joint_state_broadcaster
[INFO] [spawner-14]: process has finished cleanly [pid 132]
[INFO] [spawner-19]: process started with pid [593]
[spawner-19] [INFO] [1787965243.021482011] [spawn_arm_1_stage1]: waiting for service /cite/cell_a/arm_1/controller_manager/list_controllers to become available...
[gz-1] [INFO] [1787965243.525617053] [cite.cell_a.arm_1.controller_manager]: Loading controller : 'arm_1_gripper_controller' of type 'position_controllers/GripperActionController'
[gz-1] [INFO] [1787965243.525653886] [cite.cell_a.arm_1.controller_manager]: Loading controller 'arm_1_gripper_controller'
[gz-1] [INFO] [1787965243.531000345] [cite.cell_a.arm_1.controller_manager]: Controller 'arm_1_gripper_controller' node arguments: --ros-args --params-file /workspace/workspace/install/cite_generated/share/cite_generated/control/cell_a_arm_1_controllers.yaml -p use_sim_time:=true --param use_sim_time:=true 
[gz-1] [WARN] [1787965243.547691428] [cite.cell_a.arm_1.arm_1_gripper_controller]: [Deprecated]: the `position_controllers/GripperActionController` and `effort_controllers::GripperActionController` controllers are replaced by 'parallel_gripper_controllers/GripperActionController' controller
[spawner-19] [INFO] [1787965243.552626428] [spawn_arm_1_stage1]: Loaded arm_1_gripper_controller
[gz-1] [INFO] [1787965243.554170761] [cite.cell_a.arm_1.controller_manager]: Configuring controller: 'arm_1_gripper_controller'
[gz-1] [INFO] [1787965243.554244636] [cite.cell_a.arm_1.arm_1_gripper_controller]: Action status changes will be monitored at 20.000000 Hz.
[gz-1] [INFO] [1787965243.560388553] [cite.cell_a.arm_1.controller_manager]: Activating controllers: [ arm_1_gripper_controller ]
[gz-1] [INFO] [1787965243.569493970] [cite.cell_a.arm_1.controller_manager]: Successfully switched controllers!
[spawner-19] [INFO] [1787965243.577300095] [spawn_arm_1_stage1]: Configured and activated arm_1_gripper_controller
[gz-1] [INFO] [1787965243.577974803] [cite.cell_a.arm_1.controller_manager]: Loading controller : 'arm_1_joint_trajectory_controller' of type 'joint_trajectory_controller/JointTrajectoryController'
[gz-1] [INFO] [1787965243.578011886] [cite.cell_a.arm_1.controller_manager]: Loading controller 'arm_1_joint_trajectory_controller'
[gz-1] [INFO] [1787965243.583139720] [cite.cell_a.arm_1.controller_manager]: Controller 'arm_1_joint_trajectory_controller' node arguments: --ros-args --params-file /workspace/workspace/install/cite_generated/share/cite_generated/control/cell_a_arm_1_controllers.yaml -p use_sim_time:=true --param use_sim_time:=true 
[spawner-19] [INFO] [1787965243.609240053] [spawn_arm_1_stage1]: Loaded arm_1_joint_trajectory_controller
[gz-1] [INFO] [1787965243.609537011] [cite.cell_a.arm_1.controller_manager]: Configuring controller: 'arm_1_joint_trajectory_controller'
[gz-1] [INFO] [1787965243.609678095] [cite.cell_a.arm_1.arm_1_joint_trajectory_controller]: No specific joint names are used for command interfaces. Using 'joints' parameter.
[gz-1] [INFO] [1787965243.609722886] [cite.cell_a.arm_1.arm_1_joint_trajectory_controller]: Command interfaces are [position] and state interfaces are [position velocity].
[gz-1] [INFO] [1787965243.609759178] [cite.cell_a.arm_1.arm_1_joint_trajectory_controller]: Using 'splines' interpolation method.
[gz-1] [INFO] [1787965243.613661303] [cite.cell_a.arm_1.arm_1_joint_trajectory_controller]: Action status changes will be monitored at 20.00 Hz.
[gz-1] [INFO] [1787965243.619788220] [cite.cell_a.arm_1.arm_1_joint_trajectory_controller]: Setting initial scaling factor to 1.000000
[gz-1] [INFO] [1787965243.619810845] [cite.cell_a.arm_1.arm_1_joint_trajectory_controller]: No scaling interface set. This controller will not read speed scaling from the hardware.
[gz-1] [INFO] [1787965243.623166845] [cite.cell_a.arm_1.controller_manager]: Activating controllers: [ arm_1_joint_trajectory_controller ]
[gz-1] [INFO] [1787965243.628806845] [cite.cell_a.arm_1.controller_manager]: Successfully switched controllers!
[spawner-19] [INFO] [1787965243.636294303] [spawn_arm_1_stage1]: Configured and activated arm_1_joint_trajectory_controller
[INFO] [spawner-19]: process has finished cleanly [pid 593]
[INFO] [spawner-20]: process started with pid [611]
[spawner-20] [INFO] [1787965243.969127470] [spawn_arm_2_stage0]: waiting for service /cite/cell_a/arm_2/controller_manager/list_controllers to become available...
[gz-1] [INFO] [1787965246.229118846] [cite.cell_a.arm_2.controller_manager]: Loading controller : 'arm_2_joint_state_broadcaster' of type 'joint_state_broadcaster/JointStateBroadcaster'
[gz-1] [INFO] [1787965246.229159846] [cite.cell_a.arm_2.controller_manager]: Loading controller 'arm_2_joint_state_broadcaster'
[gz-1] [INFO] [1787965246.230015388] [cite.cell_a.arm_2.controller_manager]: Controller 'arm_2_joint_state_broadcaster' node arguments: --ros-args --params-file /workspace/workspace/install/cite_generated/share/cite_generated/control/cell_a_arm_2_controllers.yaml -p use_sim_time:=true --param use_sim_time:=true 
[spawner-20] [INFO] [1787965246.247494554] [spawn_arm_2_stage0]: Loaded arm_2_joint_state_broadcaster
[gz-1] [INFO] [1787965246.248672179] [cite.cell_a.arm_2.controller_manager]: Configuring controller: 'arm_2_joint_state_broadcaster'
[gz-1] [INFO] [1787965246.248717971] [cite.cell_a.arm_2.arm_2_joint_state_broadcaster]: 'joints' or 'interfaces' parameter is empty. All available state interfaces will be published
[gz-1] [INFO] [1787965246.254557596] [cite.cell_a.arm_2.controller_manager]: Activating controllers: [ arm_2_joint_state_broadcaster ]
[gz-1] [INFO] [1787965246.259982596] [cite.cell_a.arm_2.controller_manager]: Successfully switched controllers!
[spawner-20] [INFO] [1787965246.269303929] [spawn_arm_2_stage0]: Configured and activated arm_2_joint_state_broadcaster
[INFO] [spawner-20]: process has finished cleanly [pid 611]
[INFO] [spawner-21]: process started with pid [629]
[spawner-21] [INFO] [1787965246.600284305] [spawn_arm_2_stage1]: waiting for service /cite/cell_a/arm_2/controller_manager/list_controllers to become available...
[gz-1] [INFO] [1787965247.689847472] [cite.cell_a.arm_2.controller_manager]: Loading controller : 'arm_2_gripper_controller' of type 'position_controllers/GripperActionController'
[gz-1] [INFO] [1787965247.689907763] [cite.cell_a.arm_2.controller_manager]: Loading controller 'arm_2_gripper_controller'
[gz-1] [INFO] [1787965247.690813680] [cite.cell_a.arm_2.controller_manager]: Controller 'arm_2_gripper_controller' node arguments: --ros-args --params-file /workspace/workspace/install/cite_generated/share/cite_generated/control/cell_a_arm_2_controllers.yaml -p use_sim_time:=true --param use_sim_time:=true 
[gz-1] [WARN] [1787965247.706680347] [cite.cell_a.arm_2.arm_2_gripper_controller]: [Deprecated]: the `position_controllers/GripperActionController` and `effort_controllers::GripperActionController` controllers are replaced by 'parallel_gripper_controllers/GripperActionController' controller
[spawner-21] [INFO] [1787965247.709443680] [spawn_arm_2_stage1]: Loaded arm_2_gripper_controller
[gz-1] [INFO] [1787965247.710886097] [cite.cell_a.arm_2.controller_manager]: Configuring controller: 'arm_2_gripper_controller'
[gz-1] [INFO] [1787965247.710935388] [cite.cell_a.arm_2.arm_2_gripper_controller]: Action status changes will be monitored at 20.000000 Hz.
[gz-1] [INFO] [1787965247.717081847] [cite.cell_a.arm_2.controller_manager]: Activating controllers: [ arm_2_gripper_controller ]
[gz-1] [INFO] [1787965247.725948805] [cite.cell_a.arm_2.controller_manager]: Successfully switched controllers!
[spawner-21] [INFO] [1787965247.734385847] [spawn_arm_2_stage1]: Configured and activated arm_2_gripper_controller
[gz-1] [INFO] [1787965247.735047763] [cite.cell_a.arm_2.controller_manager]: Loading controller : 'arm_2_joint_trajectory_controller' of type 'joint_trajectory_controller/JointTrajectoryController'
[gz-1] [INFO] [1787965247.735069722] [cite.cell_a.arm_2.controller_manager]: Loading controller 'arm_2_joint_trajectory_controller'
[gz-1] [INFO] [1787965247.735709847] [cite.cell_a.arm_2.controller_manager]: Controller 'arm_2_joint_trajectory_controller' node arguments: --ros-args --params-file /workspace/workspace/install/cite_generated/share/cite_generated/control/cell_a_arm_2_controllers.yaml -p use_sim_time:=true --param use_sim_time:=true 
[spawner-21] [INFO] [1787965247.769241597] [spawn_arm_2_stage1]: Loaded arm_2_joint_trajectory_controller
[gz-1] [INFO] [1787965247.769519305] [cite.cell_a.arm_2.controller_manager]: Configuring controller: 'arm_2_joint_trajectory_controller'
[gz-1] [INFO] [1787965247.769631222] [cite.cell_a.arm_2.arm_2_joint_trajectory_controller]: No specific joint names are used for command interfaces. Using 'joints' parameter.
[gz-1] [INFO] [1787965247.769641388] [cite.cell_a.arm_2.arm_2_joint_trajectory_controller]: Command interfaces are [position] and state interfaces are [position velocity].
[gz-1] [INFO] [1787965247.769647555] [cite.cell_a.arm_2.arm_2_joint_trajectory_controller]: Using 'splines' interpolation method.
[gz-1] [INFO] [1787965247.771628013] [cite.cell_a.arm_2.arm_2_joint_trajectory_controller]: Action status changes will be monitored at 20.00 Hz.
[gz-1] [INFO] [1787965247.775844513] [cite.cell_a.arm_2.arm_2_joint_trajectory_controller]: Setting initial scaling factor to 1.000000
[gz-1] [INFO] [1787965247.775866930] [cite.cell_a.arm_2.arm_2_joint_trajectory_controller]: No scaling interface set. This controller will not read speed scaling from the hardware.
[gz-1] [INFO] [1787965247.783179347] [cite.cell_a.arm_2.controller_manager]: Activating controllers: [ arm_2_joint_trajectory_controller ]
[gz-1] [INFO] [1787965247.788403513] [cite.cell_a.arm_2.controller_manager]: Successfully switched controllers!
[spawner-21] [INFO] [1787965247.796308430] [spawn_arm_2_stage1]: Configured and activated arm_2_joint_trajectory_controller
[INFO] [spawner-21]: process has finished cleanly [pid 629]
[INFO] [spawner-22]: process started with pid [665]
[spawner-22] [INFO] [1787965248.145976222] [spawn_arm_3_stage0]: waiting for service /cite/cell_a/arm_3/controller_manager/list_controllers to become available...
[gz-1] [INFO] [1787965249.402550625] [cite.cell_a.arm_3.controller_manager]: Loading controller : 'arm_3_joint_state_broadcaster' of type 'joint_state_broadcaster/JointStateBroadcaster'
[gz-1] [INFO] [1787965249.402583167] [cite.cell_a.arm_3.controller_manager]: Loading controller 'arm_3_joint_state_broadcaster'
[gz-1] [INFO] [1787965249.403398833] [cite.cell_a.arm_3.controller_manager]: Controller 'arm_3_joint_state_broadcaster' node arguments: --ros-args --params-file /workspace/workspace/install/cite_generated/share/cite_generated/control/cell_a_arm_3_controllers.yaml -p use_sim_time:=true --param use_sim_time:=true 
[spawner-22] [INFO] [1787965249.426493833] [spawn_arm_3_stage0]: Loaded arm_3_joint_state_broadcaster
[gz-1] [INFO] [1787965249.428433958] [cite.cell_a.arm_3.controller_manager]: Configuring controller: 'arm_3_joint_state_broadcaster'
[gz-1] [INFO] [1787965249.428488500] [cite.cell_a.arm_3.arm_3_joint_state_broadcaster]: 'joints' or 'interfaces' parameter is empty. All available state interfaces will be published
[gz-1] [INFO] [1787965249.441378000] [cite.cell_a.arm_3.controller_manager]: Activating controllers: [ arm_3_joint_state_broadcaster ]
[gz-1] [INFO] [1787965249.446018583] [cite.cell_a.arm_3.controller_manager]: Successfully switched controllers!
[spawner-22] [INFO] [1787965249.454286417] [spawn_arm_3_stage0]: Configured and activated arm_3_joint_state_broadcaster
[INFO] [spawner-22]: process has finished cleanly [pid 665]
[INFO] [spawner-23]: process started with pid [698]
[spawner-23] [INFO] [1787965250.235982000] [spawn_arm_3_stage1]: waiting for service /cite/cell_a/arm_3/controller_manager/list_controllers to become available...
[gz-1] [INFO] [1787965253.249390085] [cite.cell_a.arm_3.controller_manager]: Loading controller : 'arm_3_gripper_controller' of type 'position_controllers/GripperActionController'
[gz-1] [INFO] [1787965253.249421335] [cite.cell_a.arm_3.controller_manager]: Loading controller 'arm_3_gripper_controller'
[gz-1] [INFO] [1787965253.250176210] [cite.cell_a.arm_3.controller_manager]: Controller 'arm_3_gripper_controller' node arguments: --ros-args --params-file /workspace/workspace/install/cite_generated/share/cite_generated/control/cell_a_arm_3_controllers.yaml -p use_sim_time:=true --param use_sim_time:=true 
[gz-1] [WARN] [1787965253.264283377] [cite.cell_a.arm_3.arm_3_gripper_controller]: [Deprecated]: the `position_controllers/GripperActionController` and `effort_controllers::GripperActionController` controllers are replaced by 'parallel_gripper_controllers/GripperActionController' controller
[spawner-23] [INFO] [1787965253.268330502] [spawn_arm_3_stage1]: Loaded arm_3_gripper_controller
[gz-1] [INFO] [1787965253.269711960] [cite.cell_a.arm_3.controller_manager]: Configuring controller: 'arm_3_gripper_controller'
[gz-1] [INFO] [1787965253.269763960] [cite.cell_a.arm_3.arm_3_gripper_controller]: Action status changes will be monitored at 20.000000 Hz.
[gz-1] [INFO] [1787965253.275732002] [cite.cell_a.arm_3.controller_manager]: Activating controllers: [ arm_3_gripper_controller ]
[gz-1] [INFO] [1787965253.283815002] [cite.cell_a.arm_3.controller_manager]: Successfully switched controllers!
[spawner-23] [INFO] [1787965253.291287543] [spawn_arm_3_stage1]: Configured and activated arm_3_gripper_controller
[gz-1] [INFO] [1787965253.291906502] [cite.cell_a.arm_3.controller_manager]: Loading controller : 'arm_3_joint_trajectory_controller' of type 'joint_trajectory_controller/JointTrajectoryController'
[gz-1] [INFO] [1787965253.291924918] [cite.cell_a.arm_3.controller_manager]: Loading controller 'arm_3_joint_trajectory_controller'
[gz-1] [INFO] [1787965253.292350127] [cite.cell_a.arm_3.controller_manager]: Controller 'arm_3_joint_trajectory_controller' node arguments: --ros-args --params-file /workspace/workspace/install/cite_generated/share/cite_generated/control/cell_a_arm_3_controllers.yaml -p use_sim_time:=true --param use_sim_time:=true 
[spawner-23] [INFO] [1787965253.323194127] [spawn_arm_3_stage1]: Loaded arm_3_joint_trajectory_controller
[gz-1] [INFO] [1787965253.323914085] [cite.cell_a.arm_3.controller_manager]: Configuring controller: 'arm_3_joint_trajectory_controller'
[gz-1] [INFO] [1787965253.324002418] [cite.cell_a.arm_3.arm_3_joint_trajectory_controller]: No specific joint names are used for command interfaces. Using 'joints' parameter.
[gz-1] [INFO] [1787965253.324016460] [cite.cell_a.arm_3.arm_3_joint_trajectory_controller]: Command interfaces are [position] and state interfaces are [position velocity].
[gz-1] [INFO] [1787965253.324022668] [cite.cell_a.arm_3.arm_3_joint_trajectory_controller]: Using 'splines' interpolation method.
[gz-1] [INFO] [1787965253.326589377] [cite.cell_a.arm_3.arm_3_joint_trajectory_controller]: Action status changes will be monitored at 20.00 Hz.
[gz-1] [INFO] [1787965253.332901377] [cite.cell_a.arm_3.arm_3_joint_trajectory_controller]: Setting initial scaling factor to 1.000000
[gz-1] [INFO] [1787965253.332923668] [cite.cell_a.arm_3.arm_3_joint_trajectory_controller]: No scaling interface set. This controller will not read speed scaling from the hardware.
[gz-1] [INFO] [1787965253.337226502] [cite.cell_a.arm_3.controller_manager]: Activating controllers: [ arm_3_joint_trajectory_controller ]
[gz-1] [INFO] [1787965253.342194418] [cite.cell_a.arm_3.controller_manager]: Successfully switched controllers!
[spawner-23] [INFO] [1787965253.350024918] [spawn_arm_3_stage1]: Configured and activated arm_3_joint_trajectory_controller
[INFO] [spawner-23]: process has finished cleanly [pid 698]
[INFO] [planning_scene_loader.py-24]: process started with pid [728]
[planning_scene_loader.py-24] [INFO] [1787965255.950582711] [cite.cell_a.arm_1.load_planning_scene_arm_1]: loaded 12 collision object(s) for zone 'cell_a' in cite_world
[INFO] [planning_scene_loader.py-24]: process has finished cleanly [pid 728]
[INFO] [planning_scene_loader.py-25]: process started with pid [743]
[planning_scene_loader.py-25] [INFO] [1787965258.495720838] [cite.cell_a.arm_2.load_planning_scene_arm_2]: loaded 12 collision object(s) for zone 'cell_a' in cite_world
[INFO] [planning_scene_loader.py-25]: process has finished cleanly [pid 743]
[INFO] [planning_scene_loader.py-26]: process started with pid [773]
[planning_scene_loader.py-26] [INFO] [1787965262.155507339] [cite.cell_a.arm_3.load_planning_scene_arm_3]: loaded 12 collision object(s) for zone 'cell_a' in cite_world
[INFO] [planning_scene_loader.py-26]: process has finished cleanly [pid 773]
[INFO] [skill_server-27]: process started with pid [824]
[INFO] [skill_server-28]: process started with pid [825]
[INFO] [skill_server-29]: process started with pid [826]
[skill_server-27] [WARN] [1787965263.335788840] [rcl.logging_rosout]: Publisher already registered for node name: 'skill_server'. If this is due to multiple nodes with the same name then all logs for the logger named 'cite.cell_a.arm_1.skill_server' will go out over the existing publisher. As soon as any node with that name is destructed it will unregister the publisher, preventing any further logs for that name from being published on the rosout topic.
[skill_server-28] [WARN] [1787965263.341071882] [rcl.logging_rosout]: Publisher already registered for node name: 'skill_server'. If this is due to multiple nodes with the same name then all logs for the logger named 'cite.cell_a.arm_2.skill_server' will go out over the existing publisher. As soon as any node with that name is destructed it will unregister the publisher, preventing any further logs for that name from being published on the rosout topic.
[skill_server-29] [WARN] [1787965263.340975257] [rcl.logging_rosout]: Publisher already registered for node name: 'skill_server'. If this is due to multiple nodes with the same name then all logs for the logger named 'cite.cell_a.arm_3.skill_server' will go out over the existing publisher. As soon as any node with that name is destructed it will unregister the publisher, preventing any further logs for that name from being published on the rosout topic.
[skill_server-29] [INFO] [1787965263.356092173] [cite.cell_a.arm_3.skill_server.moveit.ros.rdf_loader]: Loaded robot model in 0 seconds
[skill_server-29] [INFO] [1787965263.356438173] [cite.cell_a.arm_3.skill_server.moveit.core.robot_model]: Loading robot model 'arm_3'...
[skill_server-29] [INFO] [1787965263.356456882] [cite.cell_a.arm_3.skill_server.moveit.core.robot_model]: No root/virtual joint specified in SRDF. Assuming fixed joint
[skill_server-27] [INFO] [1787965263.356656257] [cite.cell_a.arm_1.skill_server.moveit.ros.rdf_loader]: Loaded robot model in 0 seconds
[skill_server-27] [INFO] [1787965263.356715715] [cite.cell_a.arm_1.skill_server.moveit.core.robot_model]: Loading robot model 'arm_1'...
[skill_server-27] [INFO] [1787965263.356726007] [cite.cell_a.arm_1.skill_server.moveit.core.robot_model]: No root/virtual joint specified in SRDF. Assuming fixed joint
[skill_server-28] [INFO] [1787965263.362295423] [cite.cell_a.arm_2.skill_server.moveit.ros.rdf_loader]: Loaded robot model in 0 seconds
[skill_server-28] [INFO] [1787965263.362366298] [cite.cell_a.arm_2.skill_server.moveit.core.robot_model]: Loading robot model 'arm_2'...
[skill_server-28] [INFO] [1787965263.362374340] [cite.cell_a.arm_2.skill_server.moveit.core.robot_model]: No root/virtual joint specified in SRDF. Assuming fixed joint
[skill_server-28] [INFO] [1787965263.456776757] [cite.cell_a.arm_2.skill_server.moveit.kinematics.kdl_kinematics_plugin]: Joint weights for group 'arm_2_xarm5': 1 1 1 1 1
[skill_server-27] [INFO] [1787965263.457401507] [cite.cell_a.arm_1.skill_server.moveit.kinematics.kdl_kinematics_plugin]: Joint weights for group 'arm_1_xarm5': 1 1 1 1 1
[skill_server-29] [INFO] [1787965263.461391715] [cite.cell_a.arm_3.skill_server.moveit.kinematics.kdl_kinematics_plugin]: Joint weights for group 'arm_3_xarm5': 1 1 1 1 1
[skill_server-27] [INFO] [1787965263.664714423] [cite.cell_a.arm_1.skill_server.moveit.ros.move_group_interface]: Ready to take commands for planning group arm_1_xarm5.
[skill_server-27] [INFO] [1787965263.664750340] [cite.cell_a.arm_1.skill_server]: planning for group 'arm_1_xarm5' with end effector 'arm_1_link_tcp' (planning frame 'arm_1_mount')
[skill_server-27] [INFO] [1787965263.664754423] [cite.cell_a.arm_1.skill_server]: planner: pilz_industrial_motion_planner/PTP, falling back to ompl (its own default planner) (ADR-0027)
[skill_server-29] [INFO] [1787965263.669035048] [cite.cell_a.arm_3.skill_server.moveit.ros.move_group_interface]: Ready to take commands for planning group arm_3_xarm5.
[skill_server-29] [INFO] [1787965263.669521173] [cite.cell_a.arm_3.skill_server]: planning for group 'arm_3_xarm5' with end effector 'arm_3_link_tcp' (planning frame 'arm_3_mount')
[skill_server-29] [INFO] [1787965263.669526090] [cite.cell_a.arm_3.skill_server]: planner: pilz_industrial_motion_planner/PTP, falling back to ompl (its own default planner) (ADR-0027)
[skill_server-29] [INFO] [1787965263.690056840] [cite.cell_a.arm_3.skill_server]: skills for arm_3 are accepting goals
[skill_server-27] [INFO] [1787965263.693158673] [cite.cell_a.arm_1.skill_server]: skills for arm_1 are accepting goals
[skill_server-28] [INFO] [1787965265.551088508] [cite.cell_a.arm_2.skill_server.moveit.ros.move_group_interface]: Ready to take commands for planning group arm_2_xarm5.
[skill_server-28] [INFO] [1787965265.551120133] [cite.cell_a.arm_2.skill_server]: planning for group 'arm_2_xarm5' with end effector 'arm_2_link_tcp' (planning frame 'arm_2_mount')
[skill_server-28] [INFO] [1787965265.551124258] [cite.cell_a.arm_2.skill_server]: planner: pilz_industrial_motion_planner/PTP, falling back to ompl (its own default planner) (ADR-0027)
[skill_server-28] [INFO] [1787965265.572733133] [cite.cell_a.arm_2.skill_server]: skills for arm_2 are accepting goals
[WARNING] [launch]: user interrupted with ctrl-c (SIGINT)
[move_group-15] [INFO] [1787965361.562367635] [rclcpp]: signal_handler(SIGINT/SIGTERM)
[INFO] [parameter_bridge-2]: process has finished cleanly [pid 112]
[INFO] [robot_state_publisher-5]: process has finished cleanly [pid 115]
[INFO] [robot_state_publisher-9]: process has finished cleanly [pid 119]
[ERROR] [move_group-17]: process has died [pid 135, exit code -11, cmd '/opt/ros/jazzy/lib/moveit_ros_move_group/move_group --ros-args -r __node:=move_group -r __ns:=/cite/cell_a/arm_3 --params-file /tmp/launch_params_j6r1pxsv --params-file /tmp/launch_params__nosb8hs --params-file /tmp/launch_params_rnbcc_y0 --params-file /tmp/launch_params_j9_1yx4u --params-file /tmp/launch_params_cdmvg2sn --params-file /tmp/launch_params_h7qx9i60 -r /tf:=/tf -r /tf_static:=/tf_static'].
[ERROR] [move_group-15]: process has died [pid 133, exit code -11, cmd '/opt/ros/jazzy/lib/moveit_ros_move_group/move_group --ros-args -r __node:=move_group -r __ns:=/cite/cell_a/arm_1 --params-file /tmp/launch_params_tei794zd --params-file /tmp/launch_params_dzg6kv2a --params-file /tmp/launch_params_5jg8snlb --params-file /tmp/launch_params_io9o9yvc --params-file /tmp/launch_params_vo53mn4c --params-file /tmp/launch_params_xn59tm5t -r /tf:=/tf -r /tf_static:=/tf_static'].
[ERROR] [move_group-16]: process has died [pid 134, exit code -11, cmd '/opt/ros/jazzy/lib/moveit_ros_move_group/move_group --ros-args -r __node:=move_group -r __ns:=/cite/cell_a/arm_2 --params-file /tmp/launch_params_hg8ce26k --params-file /tmp/launch_params_ohfgo7rn --params-file /tmp/launch_params_izto16_p --params-file /tmp/launch_params_9tk4jiey --params-file /tmp/launch_params_bfsh4495 --params-file /tmp/launch_params_62ox_5ho -r /tf:=/tf -r /tf_static:=/tf_static'].
[INFO] [detection_server-18]: process has finished cleanly [pid 136]
[INFO] [robot_state_publisher-3]: process has finished cleanly [pid 113]
[INFO] [skill_server-28]: process has finished cleanly [pid 825]
[INFO] [robot_state_publisher-7]: process has finished cleanly [pid 117]
[INFO] [skill_server-27]: process has finished cleanly [pid 824]
[INFO] [model_info.py-12]: process has finished cleanly [pid 122]
[INFO] [topology_server.py-13]: process has finished cleanly [pid 123]
[INFO] [skill_server-29]: process has finished cleanly [pid 826]
[INFO] [frame_server.py-11]: process has finished cleanly [pid 121]
[INFO] [gz-1]: process has finished cleanly [pid 111]
[skill_server-29] [INFO] [1787965361.562352802] [rclcpp]: signal_handler(SIGINT/SIGTERM)
[robot_state_publisher-5] [INFO] [1787965361.562454344] [rclcpp]: signal_handler(SIGINT/SIGTERM)
[detection_server-18] [INFO] [1787965361.562490219] [rclcpp]: signal_handler(SIGINT/SIGTERM)
[move_group-17] [INFO] [1787965361.562645469] [rclcpp]: signal_handler(SIGINT/SIGTERM)
[parameter_bridge-2] [INFO] [1787965361.562737052] [rclcpp]: signal_handler(SIGINT/SIGTERM)
[robot_state_publisher-3] [INFO] [1787965361.562756135] [rclcpp]: signal_handler(SIGINT/SIGTERM)
[robot_state_publisher-9] [INFO] [1787965361.563543635] [rclcpp]: signal_handler(SIGINT/SIGTERM)
[move_group-16] [INFO] [1787965361.565378385] [rclcpp]: signal_handler(SIGINT/SIGTERM)
[move_group-16] [INFO] [1787965361.663194177] [cite.cell_a.arm_2.move_group.moveit.ros.moveit_cpp]: Deleting MoveItCpp
[move_group-16] Stack trace (most recent call last):
[move_group-16] #15   Object "/usr/lib/aarch64-linux-gnu/ld-linux-aarch64.so.1", at 0xffffffffffffffff, in 
[move_group-16] #14   Object "/opt/ros/jazzy/lib/moveit_ros_move_group/move_group", at 0xaaaaba1f1d6f, in _start
[move_group-16] #13   Source "../csu/libc-start.c", line 360, in __libc_start_main_impl [0xffff90a68597]
[move_group-16] #12   Source "../sysdeps/nptl/libc_start_call_main.h", line 58, in __aarch64_ldadd4_relax [0xffff90a684c3]
[move_group-16] #11   Object "/opt/ros/jazzy/lib/moveit_ros_move_group/move_group", at 0xaaaaba1f0a67, in main
[move_group-16] #10   Object "/opt/ros/jazzy/lib/moveit_ros_move_group/move_group", at 0xaaaaba1f36f7, in 
[move_group-16] #9    Object "/opt/ros/jazzy/lib/libmoveit_cpp.so.2.12.4", at 0xffff91719e5f, in moveit_cpp::MoveItCpp::~MoveItCpp()
[move_group-16] #8    Object "/opt/ros/jazzy/lib/libmoveit_cpp.so.2.12.4", at 0xffff91719c57, in 
[move_group-16] #7    Object "/opt/ros/jazzy/lib/libmoveit_trajectory_execution_manager.so.2.12.4", at 0xffff908658ff, in trajectory_execution_manager::TrajectoryExecutionManager::~TrajectoryExecutionManager()
[move_group-16] #6    Object "/opt/ros/jazzy/lib/libmoveit_trajectory_execution_manager.so.2.12.4", at 0xffff90876c5f, in 
[move_group-16] #5    Object "/opt/ros/jazzy/lib/librclcpp.so", at 0xffff911335c3, in rclcpp::Node::~Node()
[move_group-16] #4    Object "/opt/ros/jazzy/lib/librclcpp.so", at 0xffff910cc4cf, in 
[move_group-16] #3    Object "/opt/ros/jazzy/lib/librclcpp.so", at 0xffff91131c17, in 
[move_group-16] #2    Object "/opt/ros/jazzy/lib/librclcpp.so", at 0xffff91131b57, in rclcpp::node_interfaces::NodeBase::~NodeBase()
[move_group-16] #1    Object "/opt/ros/jazzy/lib/librclcpp.so", at 0xffff910cc5ab, in 
[move_group-16] #0    Object "/opt/ros/jazzy/lib/librclcpp.so", at 0xffff910d1384, in rclcpp::CallbackGroup::~CallbackGroup()
[move_group-16] Segmentation fault (Address not mapped to object [0xffff7ebaddc0])
[skill_server-28] [INFO] [1787965361.565686635] [rclcpp]: signal_handler(SIGINT/SIGTERM)
[skill_server-28] Warning: class_loader.ClassLoader: SEVERE WARNING!!! Attempting to unload library while objects created by this loader exist in the heap! You should delete your objects before attempting to unload the library or destroying the ClassLoader. The library will NOT be unloaded.
[skill_server-28]          at line 127 in ./src/class_loader.cpp
[robot_state_publisher-7] [INFO] [1787965361.565817260] [rclcpp]: signal_handler(SIGINT/SIGTERM)
[skill_server-27] [INFO] [1787965361.567242969] [rclcpp]: signal_handler(SIGINT/SIGTERM)
[skill_server-27] Warning: class_loader.ClassLoader: SEVERE WARNING!!! Attempting to unload library while objects created by this loader exist in the heap! You should delete your objects before attempting to unload the library or destroying the ClassLoader. The library will NOT be unloaded.
[skill_server-27]          at line 127 in ./src/class_loader.cpp
[topology_server.py-13] [INFO] [1787965361.568483219] [cite_runtime]: rcl reported 'failed to initialize wait set: the given context is not valid, either rcl_init() was not called or rcl_shutdown() was called., at ./src/rcl/wait.c:130' after the context was already invalid, which is the documented wait-set race in rclpy/executors.py; treating it as the shutdown it can only have been.
[skill_server-29] Warning: class_loader.ClassLoader: SEVERE WARNING!!! Attempting to unload library while objects created by this loader exist in the heap! You should delete your objects before attempting to unload the library or destroying the ClassLoader. The library will NOT be unloaded.
[skill_server-29]          at line 127 in ./src/class_loader.cpp
[move_group-17] [INFO] [1787965361.678410886] [cite.cell_a.arm_3.move_group.moveit.ros.moveit_cpp]: Deleting MoveItCpp
[move_group-17] Stack trace (most recent call last):
[move_group-17] #15   Object "/usr/lib/aarch64-linux-gnu/ld-linux-aarch64.so.1", at 0xffffffffffffffff, in 
[move_group-17] #14   Object "/opt/ros/jazzy/lib/moveit_ros_move_group/move_group", at 0xaaaab1bc1d6f, in _start
[move_group-17] #13   Source "../csu/libc-start.c", line 360, in __libc_start_main_impl [0xffff86068597]
[move_group-17] #12   Source "../sysdeps/nptl/libc_start_call_main.h", line 58, in __aarch64_ldadd4_relax [0xffff860684c3]
[move_group-17] #11   Object "/opt/ros/jazzy/lib/moveit_ros_move_group/move_group", at 0xaaaab1bc0a67, in main
[move_group-17] #10   Object "/opt/ros/jazzy/lib/moveit_ros_move_group/move_group", at 0xaaaab1bc36f7, in 
[move_group-17] #9    Object "/opt/ros/jazzy/lib/libmoveit_cpp.so.2.12.4", at 0xffff86c99e5f, in moveit_cpp::MoveItCpp::~MoveItCpp()
[move_group-17] #8    Object "/opt/ros/jazzy/lib/libmoveit_cpp.so.2.12.4", at 0xffff86c99c57, in 
[move_group-17] #7    Object "/opt/ros/jazzy/lib/libmoveit_trajectory_execution_manager.so.2.12.4", at 0xffff85de58ff, in trajectory_execution_manager::TrajectoryExecutionManager::~TrajectoryExecutionManager()
[move_group-17] #6    Object "/opt/ros/jazzy/lib/libmoveit_trajectory_execution_manager.so.2.12.4", at 0xffff85df6c5f, in 
[move_group-17] #5    Object "/opt/ros/jazzy/lib/librclcpp.so", at 0xffff867335c3, in rclcpp::Node::~Node()
[move_group-17] #4    Object "/opt/ros/jazzy/lib/librclcpp.so", at 0xffff866cc4cf, in 
[move_group-17] #3    Object "/opt/ros/jazzy/lib/librclcpp.so", at 0xffff86731c17, in 
[move_group-17] #2    Object "/opt/ros/jazzy/lib/librclcpp.so", at 0xffff86731b57, in rclcpp::node_interfaces::NodeBase::~NodeBase()
[move_group-17] #1    Object "/opt/ros/jazzy/lib/librclcpp.so", at 0xffff866cc5ab, in 
[move_group-17] #0    Object "/opt/ros/jazzy/lib/librclcpp.so", at 0xffff866d1384, in rclcpp::CallbackGroup::~CallbackGroup()
[move_group-17] Segmentation fault (Address not mapped to object [0xffff73feddc0])
[move_group-15] [INFO] [1787965361.679957677] [cite.cell_a.arm_1.move_group.moveit.ros.moveit_cpp]: Deleting MoveItCpp
[move_group-15] Stack trace (most recent call last):
[move_group-15] #15   Object "/usr/lib/aarch64-linux-gnu/ld-linux-aarch64.so.1", at 0xffffffffffffffff, in 
[move_group-15] #14   Object "/opt/ros/jazzy/lib/moveit_ros_move_group/move_group", at 0xaaaae3ce1d6f, in _start
[move_group-15] #13   Source "../csu/libc-start.c", line 360, in __libc_start_main_impl [0xffffb5c68597]
[move_group-15] #12   Source "../sysdeps/nptl/libc_start_call_main.h", line 58, in __aarch64_ldadd4_relax [0xffffb5c684c3]
[move_group-15] #11   Object "/opt/ros/jazzy/lib/moveit_ros_move_group/move_group", at 0xaaaae3ce0a67, in main
[move_group-15] #10   Object "/opt/ros/jazzy/lib/moveit_ros_move_group/move_group", at 0xaaaae3ce36f7, in 
[move_group-15] #9    Object "/opt/ros/jazzy/lib/libmoveit_cpp.so.2.12.4", at 0xffffb6929e5f, in moveit_cpp::MoveItCpp::~MoveItCpp()
[move_group-15] #8    Object "/opt/ros/jazzy/lib/libmoveit_cpp.so.2.12.4", at 0xffffb6929c57, in 
[move_group-15] #7    Object "/opt/ros/jazzy/lib/libmoveit_trajectory_execution_manager.so.2.12.4", at 0xffffb5a658ff, in trajectory_execution_manager::TrajectoryExecutionManager::~TrajectoryExecutionManager()
[move_group-15] #6    Object "/opt/ros/jazzy/lib/libmoveit_trajectory_execution_manager.so.2.12.4", at 0xffffb5a76c5f, in 
[move_group-15] #5    Object "/opt/ros/jazzy/lib/librclcpp.so", at 0xffffb63335c3, in rclcpp::Node::~Node()
[move_group-15] #4    Object "/opt/ros/jazzy/lib/librclcpp.so", at 0xffffb62cc4cf, in 
[move_group-15] #3    Object "/opt/ros/jazzy/lib/librclcpp.so", at 0xffffb6331c17, in 
[move_group-15] #2    Object "/opt/ros/jazzy/lib/librclcpp.so", at 0xffffb6331b57, in rclcpp::node_interfaces::NodeBase::~NodeBase()
[move_group-15] #1    Object "/opt/ros/jazzy/lib/librclcpp.so", at 0xffffb62cc5ab, in 
[move_group-15] #0    Object "/opt/ros/jazzy/lib/librclcpp.so", at 0xffffb62d1384, in rclcpp::CallbackGroup::~CallbackGroup()
[move_group-15] Segmentation fault (Address not mapped to object [0xffffa2beddc0])
[gz-1] [INFO] [1787965361.698169802] [cite.cell_a.arm_1.controller_manager.pal_statistics]: Async messages lost 0
[gz-1] [INFO] [1787965361.698337927] [cite.cell_a.arm_1.controller_manager.pal_statistics]: publish_async_failures_ 1790
[gz-1] [INFO] [1787965361.703152219] [cite.cell_a.arm_1.controller_manager.pal_statistics]: Async messages lost 0
[gz-1] [INFO] [1787965361.703172219] [cite.cell_a.arm_1.controller_manager.pal_statistics]: publish_async_failures_ 167
[INFO] [launch]: process[gz-1] was required: shutting down launched system
[ERROR] [launch]: Caught exception in launch (see debug for traceback): Cannot shutdown a ROS adapter that is not running
