sim_t,drive_joint_rad
39.935000,0.000097
39.942000,0.000097
39.949000,0.000097
39.956000,0.000097
39.963000,0.000097
39.970000,0.000097
39.977000,0.000097
39.984000,0.000097
39.991000,0.000097
39.998000,0.000097
40.005000,0.000097
40.012000,0.000097
40.019000,0.000097
40.026000,0.000097
40.033000,0.000097
40.040000,0.000097
40.047000,0.000097
40.054000,0.000097
40.061000,0.000097
40.068000,0.000097
40.075000,0.000097
40.082000,0.000097
40.089000,0.000097
40.096000,0.000097
40.103000,0.000097
40.110000,0.000097
40.117000,0.000097
40.124000,0.000097
40.131000,0.000097
40.138000,0.000097
40.145000,0.000097
40.152000,0.000097
40.159000,0.000097
40.166000,0.000097
40.173000,0.000097
40.180000,0.000097
40.187000,0.000097
40.194000,0.000097
40.201000,0.000097
40.208000,0.000097
40.215000,0.000097
40.222000,0.000097
40.229000,0.000097
40.236000,0.000097
40.243000,0.000097
40.250000,0.000097
40.257000,0.000097
40.264000,0.000097
40.271000,0.000097
40.278000,0.000097
40.285000,0.000097
40.292000,0.000097
40.299000,0.000097
40.306000,0.000097
40.313000,0.000097
40.320000,0.000097
40.327000,0.000097
40.334000,0.000097
40.341000,0.000097
40.348000,0.000097
40.355000,0.000097
40.362000,0.000097
40.369000,0.000097
40.376000,0.000097
40.383000,0.000097
40.390000,0.000097
40.397000,0.000097
40.404000,0.000097
40.411000,0.000097
40.418000,0.000097
40.425000,0.000097
40.432000,0.000097
40.439000,0.000097
40.446000,0.000097
40.453000,0.000097
40.460000,0.000097
40.467000,0.000097
40.474000,0.000097
40.481000,0.000097
40.488000,0.000097
40.495000,0.000097
40.502000,0.000097
40.509000,0.000097
40.516000,0.000097
40.523000,0.000097
40.530000,0.000097
40.537000,0.000097
40.544000,0.000097
40.551000,0.000097
40.558000,0.000097
40.565000,0.000097
40.572000,0.000097
40.579000,0.000097
40.586000,0.000097
40.593000,0.000097
40.600000,0.000097
40.607000,0.000097
40.614000,0.000097
40.621000,0.000097
40.628000,0.000097
40.635000,0.000097
40.642000,0.000097
40.649000,0.000097
40.656000,0.000097
40.663000,0.000097
40.670000,0.000097
40.677000,0.000097
40.684000,0.000097
40.691000,0.000097
40.698000,0.000097
40.705000,0.000097
40.712000,0.000097
40.719000,0.000097
40.726000,0.000097
40.733000,0.000097
40.740000,0.000097
40.747000,0.000097
40.754000,0.000097
40.761000,0.000097
40.768000,0.000097
40.775000,0.000097
40.782000,0.000097
40.789000,0.000097
40.796000,0.000097
40.803000,0.000097
40.810000,0.000097
40.817000,0.000097
40.824000,0.000097
40.831000,0.000097
40.838000,0.000097
40.845000,0.000097
40.852000,0.000097
40.859000,0.000097
40.866000,0.000097
40.873000,0.000097
40.880000,0.000097
40.887000,0.000097
40.894000,0.000097
40.901000,0.000097
40.908000,0.000097
40.915000,0.000097
40.922000,0.000097
40.929000,0.000097
40.936000,0.000097
40.943000,0.000097
40.950000,0.000097
40.957000,0.000097
40.964000,0.000097
40.971000,0.000097
40.978000,0.000097
40.985000,0.000097
40.992000,0.000097
40.999000,0.000097
41.006000,0.000097
41.013000,0.000097
41.020000,0.000097
41.027000,0.000097
41.034000,0.000097
41.041000,0.000097
41.048000,0.000097
41.055000,0.000097
41.062000,0.000097
41.069000,0.000097
41.076000,0.000097
41.083000,0.000097
41.090000,0.000097
41.097000,0.000097
41.104000,0.000097
41.111000,0.000097
41.118000,0.000097
41.125000,0.000097
41.132000,0.000097
41.139000,0.000097
41.146000,0.000097
41.153000,0.000097
41.160000,0.000097
41.167000,0.000097
41.174000,0.000097
41.181000,0.000097
41.188000,0.000097
41.195000,0.000097
41.202000,0.000097
41.209000,0.000097
41.216000,0.000097
41.223000,0.000097
41.230000,0.000097
41.237000,0.000097
41.244000,0.000097
41.251000,0.000097
41.258000,0.000097
41.265000,0.000097
41.272000,0.000097
41.279000,0.000097
41.286000,0.000097
41.293000,0.000097
41.300000,0.000097
41.307000,0.000097
41.314000,0.000097
41.321000,0.000097
41.328000,0.000097
41.335000,0.000097
41.342000,0.000097
41.349000,0.000097
41.356000,0.000097
41.363000,0.000097
41.370000,0.000097
41.377000,0.000097
41.384000,0.000097
41.391000,0.000097
41.398000,0.000097
41.405000,0.000097
41.412000,0.000097
41.419000,0.000097
41.426000,0.000097
41.433000,0.000097
41.440000,0.000097
41.447000,0.000097
41.454000,0.000097
41.461000,0.000097
41.468000,0.000097
41.475000,0.000097
41.482000,0.000097
41.489000,0.000097
41.496000,0.000097
41.503000,0.000097
41.510000,0.000097
41.517000,0.000097
41.524000,0.000097
41.531000,0.000097
41.538000,0.000097
41.545000,0.000097
41.552000,0.000097
41.559000,0.000097
41.566000,0.000097
41.573000,0.000097
41.580000,0.000097
41.587000,0.000097
41.594000,0.000097
41.601000,0.000097
41.608000,0.000097
41.615000,0.000097
41.622000,0.000097
41.629000,0.000097
41.636000,0.000097
41.643000,0.000097
41.650000,0.000097
41.657000,0.000097
41.664000,0.000097
41.671000,0.000097
41.678000,0.000097
41.685000,0.000097
41.692000,0.000097
41.699000,0.000097
41.706000,0.000097
41.713000,0.000097
41.720000,0.000097
41.727000,0.000097
41.734000,0.000097
41.741000,0.000097
41.748000,0.000097
41.755000,0.000097
41.762000,0.000097
41.769000,0.000097
41.776000,0.000097
41.783000,0.000097
41.790000,0.000097
41.797000,0.000097
41.804000,0.000097
41.811000,0.000097
41.818000,0.000097
41.825000,0.000097
41.832000,0.000097
41.839000,0.000097
41.846000,0.000097
41.853000,0.000097
41.860000,0.000097
41.867000,0.000097
41.874000,0.000097
41.881000,0.000097
41.888000,0.000097
41.895000,0.000097
41.902000,0.000097
41.909000,0.000097
41.916000,0.000097
41.923000,0.000097
41.930000,0.000097
41.937000,0.000097
41.944000,0.000097
41.951000,0.000097
41.958000,0.000097
41.965000,0.000097
41.972000,0.000097
41.979000,0.000097
41.986000,0.000097
41.993000,0.000097
42.000000,0.000097
42.007000,0.000097
42.014000,0.000097
42.021000,0.000097
42.028000,0.000097
42.035000,0.000097
42.042000,0.000097
42.049000,0.000097
42.056000,0.000097
42.063000,0.000097
42.070000,0.000097
42.077000,0.000097
42.084000,0.000097
42.091000,0.000097
42.098000,0.000097
42.105000,0.000097
42.112000,0.000097
42.119000,0.000097
42.126000,0.000097
42.133000,0.000097
42.140000,0.000097
42.147000,0.000097
42.154000,0.000097
42.161000,0.000097
42.168000,0.000097
42.175000,0.000097
42.182000,0.000097
42.189000,0.000097
42.196000,0.000097
42.203000,0.000097
42.210000,0.000097
42.217000,0.000097
42.224000,0.000097
42.231000,0.000097
42.238000,0.000097
42.245000,0.000097
42.252000,0.000097
42.259000,0.000097
42.266000,0.000097
42.273000,0.000097
42.280000,0.000097
42.287000,0.000097
42.294000,0.000097
42.301000,0.000097
42.308000,0.000097
42.315000,0.000097
42.322000,0.000097
42.329000,0.000097
42.336000,0.000097
42.343000,0.000097
42.350000,0.000097
42.357000,0.000097
42.364000,0.000097
42.371000,0.000097
42.378000,0.000097
42.385000,0.000097
42.392000,0.000097
42.399000,0.000097
42.406000,0.000097
42.413000,0.000097
42.420000,0.000097
42.427000,0.000097
42.434000,0.000097
42.441000,0.000097
42.448000,0.000097
42.455000,0.000097
42.462000,0.000097
42.469000,0.000097
42.476000,0.000097
42.483000,0.000097
42.490000,0.000097
42.497000,0.000097
42.504000,0.000097
42.511000,0.000097
42.518000,0.000097
42.525000,0.000097
42.532000,0.000097
42.539000,0.000097
42.546000,0.000097
42.553000,0.000097
42.560000,0.000097
42.567000,0.000097
42.574000,0.000097
42.581000,0.000097
42.588000,0.000097
42.595000,0.000097
42.602000,0.000097
42.609000,0.000097
42.616000,0.000097
42.623000,0.000097
42.630000,0.000097
42.637000,0.000097
42.644000,0.000097
42.651000,0.000097
42.658000,0.000097
42.665000,0.000097
42.672000,0.000097
42.679000,0.000097
42.686000,0.000097
42.693000,0.000097
42.700000,0.000097
42.707000,0.000097
42.714000,0.000097
42.721000,0.000097
42.728000,0.000097
42.735000,0.000097
42.742000,0.000097
42.749000,0.000097
42.756000,0.000097
42.763000,0.000097
42.770000,0.000097
42.777000,0.000097
42.784000,0.000097
42.791000,0.000097
42.798000,0.000097
42.805000,0.000097
42.812000,0.000097
42.819000,0.000097
42.826000,0.000097
42.833000,0.000097
42.840000,0.000097
42.847000,0.000097
42.854000,0.000097
42.861000,0.000097
42.868000,0.000097
42.875000,0.000097
42.882000,0.000097
42.889000,0.000097
42.896000,0.000097
42.903000,0.000097
42.910000,0.000097
42.917000,0.000097
42.924000,0.000097
42.931000,0.000097
42.938000,0.000097
42.945000,0.000097
42.952000,0.000097
42.959000,0.000097
42.966000,0.000097
42.973000,0.000097
42.980000,0.000097
42.987000,0.000097
42.994000,0.000097
43.001000,0.000097
43.008000,0.000097
43.015000,0.000097
43.022000,0.000097
43.029000,0.000097
43.036000,0.000097
43.043000,0.000097
43.050000,0.000097
43.057000,0.000097
43.064000,0.000097
43.071000,0.000097
43.078000,0.000097
43.085000,0.000097
43.092000,0.000097
43.099000,0.000097
43.106000,0.000097
43.113000,0.000097
43.120000,0.000097
43.127000,0.000097
43.134000,0.000097
43.141000,0.000097
43.148000,0.000097
43.155000,0.000097
43.162000,0.000097
43.169000,0.000097
43.176000,0.000097
43.183000,0.000097
43.190000,0.000097
43.197000,0.000097
43.204000,0.000097
43.211000,0.000097
43.218000,0.000097
43.225000,0.000097
43.232000,0.000097
43.239000,0.000097
43.246000,0.000097
43.253000,0.000097
43.260000,0.000097
43.267000,0.000097
43.274000,0.000097
43.281000,0.000097
43.288000,0.000097
43.295000,0.000097
43.302000,0.000097
43.309000,0.000097
43.316000,0.000097
43.323000,0.000097
43.330000,0.000097
43.337000,0.000097
43.344000,0.000097
43.351000,0.000097
43.358000,0.000097
43.365000,0.000097
43.372000,0.000097
43.379000,0.000097
43.386000,0.000097
43.393000,0.000097
43.400000,0.000097
43.407000,0.000097
43.414000,0.000097
43.421000,0.000097
43.428000,0.000097
43.435000,0.000097
43.442000,0.000097
43.449000,0.000097
43.456000,0.000097
43.463000,0.000097
43.470000,0.000097
43.477000,0.000097
43.484000,0.000097
43.491000,0.000097
43.498000,0.000097
43.505000,0.000097
43.512000,0.000097
43.519000,0.000097
43.526000,0.000097
43.533000,0.000097
43.540000,0.000097
43.547000,0.000097
43.554000,0.000097
43.561000,0.000097
43.568000,0.000097
43.575000,0.000097
43.582000,0.000097
43.589000,0.000097
43.596000,0.000097
43.603000,0.000097
43.610000,0.000097
43.617000,0.000097
43.624000,0.000097
43.631000,0.000097
43.638000,0.000097
43.645000,0.000097
43.652000,0.000097
43.659000,0.000097
43.666000,0.000097
43.673000,0.000097
43.680000,0.000097
43.687000,0.000097
43.694000,0.000097
43.701000,0.000097
43.708000,0.000097
43.715000,0.000097
43.722000,0.000097
43.729000,0.000097
43.736000,0.000097
43.743000,0.000097
43.750000,0.000097
43.757000,0.000097
43.764000,0.000097
43.771000,0.000097
43.778000,0.000097
43.785000,0.000097
43.792000,0.000097
43.799000,0.000097
43.806000,0.000097
43.813000,0.000097
43.820000,0.000097
43.827000,0.000097
43.834000,0.000097
43.841000,0.000097
43.848000,0.000097
43.855000,0.000097
43.862000,0.000097
43.869000,0.000097
43.876000,0.000097
43.883000,0.000097
43.890000,0.000097
43.897000,0.000097
43.904000,0.000097
43.911000,0.000097
43.918000,0.000097
43.925000,0.000097
43.932000,0.000097
43.939000,0.000097
43.946000,0.000097
43.953000,0.000097
43.960000,0.000097
43.967000,0.000097
43.974000,0.000097
43.981000,0.000097
43.988000,0.000097
43.995000,0.000097
44.002000,0.000097
44.009000,0.000097
44.016000,0.000097
44.023000,0.000097
44.030000,0.000097
44.037000,0.000097
44.044000,0.000097
44.051000,0.000097
44.058000,0.000097
44.065000,0.000097
44.072000,0.000097
44.079000,0.000097
44.086000,0.000097
44.093000,0.000097
44.100000,0.000097
44.107000,0.000097
44.114000,0.000097
44.121000,0.000097
44.128000,0.000097
44.135000,0.000097
44.142000,0.000097
44.149000,0.000097
44.156000,0.000097
44.163000,0.000097
44.170000,0.000097
44.177000,0.000097
44.184000,0.000097
44.191000,0.000097
44.198000,0.000097
44.205000,0.000097
44.212000,0.000097
44.219000,0.000097
44.226000,0.000097
44.233000,0.000097
44.240000,0.000097
44.247000,0.000097
44.254000,0.000097
44.261000,0.000097
44.268000,0.000097
44.275000,0.000097
44.282000,0.000097
44.289000,0.000097
44.296000,0.000097
44.303000,0.000097
44.310000,0.000097
44.317000,0.000097
44.324000,0.000097
44.331000,0.000097
44.335000,0.000097
44.345000,0.000097
44.352000,0.000097
44.359000,0.000097
44.366000,0.000097
44.373000,0.000097
44.380000,0.000097
44.387000,0.000097
44.394000,0.000097
44.401000,0.000097
44.408000,0.000097
44.415000,0.000097
44.422000,0.000097
44.429000,0.000097
44.436000,0.000097
44.443000,0.000097
44.450000,0.000097
44.457000,0.000097
44.464000,0.000097
44.471000,0.000097
44.478000,0.000097
44.485000,0.000097
44.492000,0.000097
44.499000,0.000097
44.506000,0.000097
44.513000,0.000097
44.520000,0.000097
44.527000,0.000097
44.534000,0.000097
44.541000,0.000097
44.548000,0.000097
44.555000,0.000097
44.562000,0.000097
44.569000,0.000097
44.576000,0.000097
44.583000,0.000097
44.590000,0.000097
44.597000,0.000097
44.604000,0.000097
44.611000,0.000097
44.618000,0.000097
44.625000,0.000097
44.632000,0.000097
44.639000,0.000097
44.646000,0.000097
44.653000,0.000097
44.660000,0.000097
44.667000,0.000097
44.674000,0.000097
44.681000,0.000097
44.688000,0.000097
44.695000,0.000097
44.702000,0.000097
44.709000,0.000097
44.716000,0.000097
44.723000,0.000097
44.730000,0.000097
44.737000,0.000097
44.744000,0.000097
44.751000,0.000097
44.758000,0.000097
44.765000,0.000097
44.772000,0.000097
44.779000,0.000097
44.786000,0.000097
44.793000,0.000097
44.800000,0.000097
44.807000,0.000097
44.814000,0.000097
44.821000,0.000097
44.828000,0.000097
44.835000,0.000097
44.842000,0.000097
44.849000,0.000097
44.856000,0.000097
44.863000,0.000097
44.870000,0.000097
44.877000,0.000097
44.884000,0.000097
44.891000,0.000097
44.898000,0.000097
44.905000,0.000097
44.912000,0.000097
44.919000,0.000097
44.926000,0.000097
44.933000,0.000097
44.940000,0.000097
44.947000,0.000097
44.954000,0.000097
44.961000,0.000097
44.968000,0.000097
44.975000,0.000097
44.982000,0.000097
44.989000,0.000097
44.996000,0.000097
45.003000,0.000097
45.010000,0.000097
45.017000,0.000097
45.024000,0.000097
45.031000,0.000097
45.038000,0.000097
45.045000,0.000097
45.052000,0.000097
45.059000,0.000097
45.066000,0.000097
45.073000,0.000097
45.080000,0.000097
45.087000,0.000097
45.094000,0.000097
45.101000,0.000097
45.108000,0.000097
45.115000,0.000097
45.122000,0.000097
45.129000,0.000097
45.136000,0.000097
45.143000,0.000097
45.150000,0.000097
45.157000,0.000097
45.164000,0.000097
45.171000,0.000097
45.178000,0.000097
45.185000,0.000097
45.192000,0.000097
45.199000,0.000097
45.206000,0.000097
45.213000,0.000097
45.220000,0.000097
45.227000,0.000097
45.234000,0.000097
45.241000,0.000097
45.248000,0.000097
45.255000,0.000097
45.262000,0.000097
45.269000,0.000097
45.276000,0.000097
45.283000,0.000097
45.290000,0.000097
45.297000,0.000097
45.304000,0.000097
45.311000,0.000097
45.318000,0.000097
45.325000,0.000097
45.332000,0.000097
45.339000,0.000097
45.346000,0.000097
45.353000,0.000097
45.360000,0.000097
45.367000,0.000097
45.374000,0.000097
45.381000,0.000097
45.388000,0.000097
45.395000,0.000097
45.402000,0.000097
45.409000,0.000097
45.416000,0.000097
45.423000,0.000097
45.430000,0.000097
45.437000,0.000097
45.444000,0.000097
45.451000,0.000097
45.458000,0.000097
45.465000,0.000097
45.472000,0.000097
45.479000,0.000097
45.486000,0.000097
45.493000,0.000097
45.500000,0.000097
45.507000,0.000097
45.514000,0.000097
45.521000,0.000097
45.528000,0.000097
45.535000,0.000097
45.542000,0.000097
45.549000,0.000097
45.556000,0.000097
45.563000,0.000097
45.570000,0.000097
45.577000,0.000097
45.584000,0.000097
45.591000,0.000097
45.598000,0.000097
45.605000,0.000097
45.612000,0.000097
45.619000,0.000097
45.626000,0.000097
45.633000,0.000097
45.640000,0.000097
45.647000,0.000097
45.654000,0.000097
45.661000,0.000097
45.668000,0.000097
45.675000,0.000097
45.682000,0.000097
45.689000,0.000097
45.696000,0.000097
45.703000,0.000097
45.710000,0.000097
45.717000,0.000097
45.724000,0.000097
45.731000,0.000097
45.738000,0.000097
45.745000,0.000097
45.752000,0.000097
45.759000,0.000097
45.766000,0.000097
45.773000,0.000097
45.780000,0.000097
45.787000,0.000097
45.794000,0.000097
45.801000,0.000097
45.808000,0.000097
45.815000,0.000097
45.822000,0.000097
45.829000,0.000097
45.836000,0.000097
45.843000,0.000097
45.850000,0.000097
45.857000,0.000097
45.864000,0.000097
45.871000,0.000097
45.878000,0.000097
45.885000,0.000097
45.892000,0.000097
45.899000,0.000097
45.906000,0.000097
45.913000,0.000097
45.920000,0.000097
45.927000,0.000097
45.934000,0.000097
45.941000,0.000097
45.948000,0.000097
45.955000,0.000097
45.962000,0.000097
45.969000,0.000097
45.976000,0.000097
45.983000,0.000097
45.990000,0.000097
45.997000,0.000097
46.004000,0.000097
46.011000,0.000097
46.018000,0.000097
46.025000,0.000097
46.032000,0.000097
46.039000,0.000097
46.046000,0.000097
46.053000,0.000097
46.060000,0.000097
46.067000,0.000097
46.074000,0.000097
46.081000,0.000097
46.088000,0.000097
46.095000,0.000097
46.102000,0.000097
46.109000,0.000097
46.116000,0.000097
46.123000,0.000097
46.130000,0.000097
46.137000,0.000097
46.144000,0.000097
46.151000,0.000097
46.158000,0.000097
46.165000,0.000097
46.172000,0.000097
46.179000,0.000097
46.186000,0.000097
46.193000,0.000097
46.200000,0.000097
46.207000,0.000097
46.214000,0.000097
46.221000,0.000097
46.228000,0.000097
46.235000,0.000097
46.242000,0.000097
46.249000,0.000097
46.256000,0.000097
46.263000,0.000097
46.270000,0.000097
46.277000,0.000097
46.284000,0.000097
46.291000,0.000097
46.298000,0.000097
46.305000,0.000097
46.312000,0.000097
46.319000,0.000097
46.326000,0.000097
46.333000,0.000097
46.339000,0.000097
46.347000,0.000097
46.354000,0.000097
46.361000,0.000097
46.368000,0.000097
46.375000,0.000097
46.382000,0.000097
46.389000,0.000097
46.396000,0.000097
46.403000,0.000097
46.410000,0.000097
46.417000,0.000097
46.424000,0.000097
46.431000,0.000097
46.438000,0.000097
46.445000,0.000097
46.452000,0.000097
46.459000,0.000097
46.466000,0.000097
46.473000,0.000097
46.480000,0.000097
46.487000,0.000097
46.494000,0.000097
46.501000,0.000097
46.508000,0.000097
46.515000,0.000097
46.522000,0.000097
46.529000,0.000097
46.536000,0.000097
46.543000,0.000097
46.550000,0.000097
46.557000,0.000097
46.564000,0.000097
46.571000,0.000097
46.578000,0.000097
46.585000,0.000097
46.592000,0.000097
46.599000,0.000097
46.606000,0.000097
46.613000,0.000097
46.620000,0.000097
46.627000,0.000097
46.634000,0.000097
46.641000,0.000097
46.648000,0.000097
46.655000,0.000097
46.662000,0.000097
46.669000,0.000097
46.676000,0.000097
46.683000,0.000097
46.690000,0.000097
46.697000,0.000097
46.704000,0.000097
46.711000,0.000097
46.718000,0.000097
46.725000,0.000097
46.732000,0.000097
46.739000,0.000097
46.746000,0.000097
46.753000,0.000097
46.760000,0.000097
46.767000,0.000097
46.774000,0.000097
46.781000,0.000097
46.788000,0.000097
46.795000,0.000097
46.802000,0.000097
46.809000,0.000097
46.816000,0.000097
46.823000,0.000097
46.830000,0.000097
46.837000,0.000097
46.844000,0.000097
46.851000,0.000097
46.858000,0.000097
46.865000,0.000097
46.872000,0.000097
46.879000,0.000097
46.886000,0.000097
46.893000,0.000097
46.900000,0.000097
46.907000,0.000097
46.914000,0.000097
46.921000,0.000097
46.928000,0.000097
46.935000,0.000097
46.942000,0.000097
46.949000,0.000097
46.956000,0.000097
46.963000,0.000097
46.970000,0.000097
46.977000,0.000097
46.984000,0.000097
46.991000,0.000097
46.998000,0.000097
47.005000,0.000097
47.012000,0.000097
47.019000,0.000097
47.026000,0.000097
47.033000,0.000097
47.040000,0.000097
47.047000,0.000097
47.054000,0.000097
47.061000,0.000097
47.068000,0.000097
47.074000,0.000097
47.081000,0.000097
47.089000,0.000097
47.095000,0.000097
47.100000,0.000097
47.108000,0.000097
47.117000,0.000097
47.124000,0.000097
47.131000,0.000097
47.138000,0.000097
47.145000,0.000097
47.152000,0.000097
47.159000,0.000097
47.166000,0.000097
47.173000,0.000097
47.180000,0.000097
47.187000,0.000097
47.194000,0.000097
47.201000,0.000097
47.208000,0.000097
47.215000,0.000087
47.222000,0.000078
47.229000,0.000070
47.236000,0.000062
47.243000,0.000056
47.250000,0.000050
47.257000,0.000045
47.264000,0.000040
47.271000,0.000036
47.278000,0.000032
47.285000,0.000029
47.292000,0.000026
47.299000,0.000023
47.306000,0.000021
47.313000,0.000018
47.320000,0.000016
47.324000,0.000015
47.334000,0.000013
47.341000,0.000012
47.348000,0.000011
47.355000,0.000009
47.362000,0.000008
47.369000,0.000008
47.376000,0.000007
47.383000,0.000006
47.390000,0.000005
47.397000,0.000005
47.404000,0.000004
47.411000,0.000004
47.418000,0.000003
47.425000,0.000003
47.432000,0.000003
47.439000,0.000002
47.446000,0.000002
47.453000,0.000002
47.460000,0.000002
47.467000,0.000002
47.474000,0.000001
47.481000,0.000001
47.488000,0.000001
47.495000,0.000001
47.502000,0.000001
47.509000,0.000001
47.516000,0.000001
47.523000,0.000001
47.530000,0.000001
47.537000,0.000001
47.544000,0.000000
47.551000,0.000000
47.558000,0.000000
47.565000,0.000000
47.572000,0.000000
47.579000,0.000000
47.586000,0.000000
47.593000,0.000000
47.600000,0.000000
47.607000,0.000000
47.614000,0.000000
47.621000,0.000000
47.628000,0.000000
47.635000,0.000000
47.642000,0.000000
47.649000,0.000000
47.656000,0.000000
47.663000,0.000000
47.670000,0.000000
47.677000,0.000000
47.684000,0.000000
47.691000,0.000000
47.698000,0.000000
47.705000,0.000000
47.712000,0.000000
47.719000,0.000000
47.726000,0.000000
47.733000,0.000000
47.740000,0.000000
47.747000,0.000000
47.754000,0.000000
47.761000,0.000000
47.768000,0.000000
47.775000,0.000000
47.782000,0.000000
47.789000,0.000000
47.796000,0.000000
47.803000,0.000000
47.810000,0.000000
47.817000,0.000000
47.824000,0.000000
47.831000,0.000000
47.838000,0.000000
47.845000,0.000000
47.852000,0.000000
47.859000,0.000000
47.866000,0.000000
47.873000,0.000000
47.880000,0.000000
47.887000,0.000000
47.894000,0.000000
47.901000,0.000000
47.908000,0.000000
47.915000,0.000000
47.922000,0.000000
47.929000,0.000000
47.936000,0.000000
47.943000,0.000000
47.950000,0.000000
47.957000,0.000000
47.964000,0.000000
47.971000,0.000000
47.978000,0.000000
47.985000,0.000000
47.992000,0.000000
47.999000,0.000000
48.006000,0.000000
48.013000,0.000000
48.020000,0.000000
48.027000,0.000000
48.034000,0.000000
48.041000,0.000000
48.048000,0.000000
48.055000,0.000000
48.062000,0.000000
48.069000,0.000000
48.076000,0.000000
48.083000,0.000000
48.090000,0.000000
48.097000,0.000000
48.104000,0.000000
48.111000,0.000000
48.118000,0.000000
48.125000,0.000000
48.132000,0.000000
48.139000,0.000000
48.146000,0.000000
48.153000,0.000000
48.160000,0.000000
48.167000,0.000000
48.174000,0.000000
48.181000,0.000000
48.188000,0.000000
48.195000,0.000000
48.202000,0.000000
48.209000,-0.000000
48.216000,-0.000000
48.223000,-0.000000
48.230000,-0.000000
48.237000,-0.000000
48.244000,-0.000000
48.251000,-0.000000
48.258000,-0.000000
48.265000,-0.000000
48.272000,-0.000000
48.279000,-0.000000
48.286000,-0.000000
48.293000,-0.000000
48.300000,-0.000000
48.307000,-0.000000
48.314000,-0.000000
48.321000,-0.000000
48.328000,-0.000000
48.335000,-0.000000
48.342000,-0.000000
48.349000,-0.000000
48.356000,-0.000000
48.363000,-0.000000
48.370000,-0.000000
48.377000,-0.000000
48.384000,-0.000000
48.391000,-0.000000
48.398000,-0.000000
48.405000,-0.000000
48.412000,-0.000000
48.419000,-0.000000
48.426000,-0.000000
48.433000,-0.000000
48.440000,-0.000000
48.447000,-0.000000
48.454000,-0.000000
48.461000,-0.000000
48.468000,-0.000000
48.475000,-0.000000
48.482000,-0.000000
48.489000,-0.000000
48.496000,-0.000000
48.503000,-0.000000
48.510000,-0.000000
48.517000,-0.000000
48.524000,-0.000000
48.531000,-0.000000
48.538000,-0.000000
48.545000,-0.000000
48.552000,-0.000000
48.559000,-0.000000
48.566000,-0.000000
48.573000,-0.000000
48.580000,-0.000000
48.587000,-0.000000
48.594000,-0.000000
48.601000,-0.000000
48.608000,-0.000000
48.615000,-0.000000
48.622000,-0.000000
48.629000,-0.000000
48.636000,-0.000000
48.643000,-0.000000
48.650000,-0.000000
48.657000,-0.000000
48.664000,-0.000000
48.671000,-0.000000
48.678000,-0.000000
48.685000,-0.000000
48.692000,-0.000000
48.699000,-0.000000
48.706000,-0.000000
48.713000,-0.000000
48.720000,-0.000000
48.727000,-0.000000
48.734000,-0.000000
48.741000,-0.000000
48.748000,-0.000000
48.755000,-0.000000
48.762000,-0.000000
48.769000,-0.000000
48.776000,-0.000000
48.783000,-0.000000
48.790000,-0.000000
48.797000,-0.000000
48.804000,-0.000000
48.811000,-0.000000
48.818000,-0.000000
48.825000,-0.000000
48.832000,-0.000000
48.839000,-0.000000
48.846000,-0.000000
48.853000,-0.000000
48.860000,-0.000000
48.867000,-0.000000
48.874000,-0.000000
48.881000,-0.000000
48.888000,-0.000000
48.895000,-0.000000
48.902000,-0.000000
48.909000,-0.000000
48.916000,-0.000000
48.923000,-0.000000
48.930000,-0.000000
48.937000,-0.000000
48.944000,-0.000000
48.951000,-0.000000
48.958000,-0.000000
48.965000,-0.000000
48.972000,-0.000000
48.979000,-0.000000
48.986000,-0.000000
48.993000,-0.000000
49.000000,-0.000000
49.007000,-0.000000
49.014000,-0.000000
49.021000,-0.000000
49.028000,-0.000000
49.035000,-0.000000
49.042000,-0.000000
49.049000,-0.000000
49.056000,-0.000000
49.063000,-0.000000
49.070000,-0.000000
49.077000,-0.000000
49.084000,-0.000000
49.091000,-0.000000
49.098000,-0.000000
49.105000,-0.000000
49.112000,-0.000000
49.119000,-0.000000
49.126000,-0.000000
49.133000,-0.000000
49.140000,-0.000000
49.147000,-0.000000
49.154000,-0.000000
49.161000,-0.000000
49.168000,-0.000000
49.175000,-0.000000
49.182000,-0.000000
49.189000,-0.000000
49.196000,-0.000000
49.203000,-0.000000
49.210000,-0.000000
49.217000,-0.000000
49.224000,-0.000000
49.231000,-0.000000
49.238000,-0.000000
49.245000,-0.000000
49.252000,-0.000000
49.259000,-0.000000
49.266000,-0.000000
49.273000,-0.000000
49.280000,-0.000000
49.287000,-0.000000
49.294000,-0.000000
49.301000,-0.000000
49.308000,-0.000000
49.315000,-0.000000
49.322000,-0.000000
49.329000,-0.000000
49.336000,-0.000000
49.343000,-0.000000
49.350000,-0.000000
49.357000,-0.000000
49.364000,-0.000000
49.371000,-0.000000
49.378000,-0.000000
49.385000,-0.000000
49.392000,-0.000000
49.399000,-0.000000
49.406000,-0.000000
49.413000,-0.000000
49.420000,-0.000000
49.427000,-0.000000
49.434000,-0.000000
49.441000,-0.000000
49.448000,-0.000000
49.455000,-0.000000
49.462000,-0.000000
49.469000,-0.000000
49.476000,-0.000000
49.483000,-0.000000
49.490000,-0.000000
49.497000,-0.000000
49.504000,-0.000000
49.511000,-0.000000
49.518000,-0.000000
49.525000,-0.000000
49.532000,-0.000000
49.539000,-0.000000
49.546000,-0.000000
49.553000,-0.000000
49.560000,-0.000000
49.567000,-0.000000
49.574000,-0.000000
49.581000,-0.000000
49.588000,-0.000000
49.595000,-0.000000
49.602000,-0.000000
49.609000,-0.000000
49.616000,-0.000000
49.623000,-0.000000
49.630000,-0.000000
49.637000,-0.000000
49.644000,-0.000000
49.651000,-0.000000
49.658000,-0.000000
49.665000,-0.000000
49.672000,-0.000000
49.679000,-0.000000
49.686000,-0.000000
49.693000,-0.000000
49.700000,-0.000000
49.707000,-0.000000
49.714000,-0.000000
49.721000,-0.000000
49.728000,-0.000000
49.735000,-0.000000
49.742000,-0.000000
49.749000,-0.000000
49.756000,-0.000000
49.763000,-0.000000
49.770000,-0.000000
49.777000,-0.000000
49.784000,-0.000000
49.791000,-0.000000
49.798000,-0.000000
49.805000,-0.000000
49.812000,-0.000000
49.819000,-0.000000
49.826000,-0.000000
49.833000,-0.000000
49.840000,-0.000000
49.847000,-0.000000
49.854000,-0.000000
49.861000,-0.000000
49.868000,-0.000000
49.875000,-0.000000
49.882000,-0.000000
49.889000,-0.000000
49.896000,-0.000000
49.903000,-0.000000
49.910000,-0.000000
49.917000,-0.000000
49.924000,-0.000000
49.931000,-0.000000
49.938000,-0.000000
49.945000,-0.000000
49.952000,-0.000000
49.959000,-0.000000
49.966000,-0.000000
49.973000,-0.000000
49.980000,-0.000000
49.987000,-0.000000
49.994000,-0.000000
50.001000,-0.000000
50.008000,-0.000000
50.015000,-0.000000
50.022000,-0.000000
50.029000,-0.000000
50.036000,-0.000000
50.043000,-0.000000
50.050000,-0.000000
50.057000,-0.000000
50.064000,-0.000000
50.071000,-0.000000
50.078000,-0.000000
50.085000,-0.000000
50.092000,-0.000000
50.099000,-0.000000
50.106000,-0.000000
50.113000,-0.000000
50.120000,-0.000000
50.127000,-0.000000
50.134000,-0.000000
50.141000,-0.000000
50.148000,-0.000000
50.155000,-0.000000
50.162000,-0.000000
50.169000,-0.000000
50.176000,-0.000000
50.183000,-0.000000
50.190000,-0.000000
50.197000,-0.000000
50.204000,-0.000000
50.211000,-0.000000
50.218000,-0.000000
50.225000,-0.000000
50.232000,-0.000000
50.239000,-0.000000
50.246000,-0.000000
50.253000,-0.000000
50.260000,-0.000000
50.267000,-0.000000
50.274000,-0.000000
50.281000,-0.000000
50.288000,-0.000000
50.295000,-0.000000
50.302000,-0.000000
50.309000,-0.000000
50.314000,-0.000000
50.323000,-0.000000
50.330000,-0.000000
50.337000,-0.000000
50.344000,-0.000000
50.351000,-0.000000
50.358000,-0.000000
50.365000,-0.000000
50.372000,-0.000000
50.379000,-0.000000
50.386000,-0.000000
50.393000,-0.000000
50.400000,-0.000000
50.407000,-0.000000
50.414000,-0.000000
50.421000,-0.000000
50.428000,-0.000000
50.435000,-0.000000
50.442000,-0.000000
50.449000,-0.000000
50.456000,-0.000000
50.463000,-0.000000
50.470000,-0.000000
50.477000,-0.000000
50.484000,-0.000000
50.491000,-0.000000
50.498000,-0.000000
50.505000,-0.000000
50.512000,-0.000000
50.519000,-0.000000
50.526000,-0.000000
50.533000,-0.000000
50.540000,-0.000000
50.547000,-0.000000
50.554000,-0.000000
50.561000,-0.000000
50.568000,-0.000000
50.575000,-0.000000
50.582000,-0.000000
50.589000,-0.000000
50.596000,-0.000000
50.603000,-0.000000
50.610000,-0.000000
50.617000,-0.000000
50.624000,-0.000000
50.631000,-0.000000
50.638000,-0.000000
50.645000,-0.000000
50.652000,-0.000000
50.659000,-0.000000
50.666000,-0.000000
50.673000,-0.000000
50.680000,-0.000000
50.687000,-0.000000
50.694000,-0.000000
50.701000,-0.000000
50.708000,-0.000000
50.715000,-0.000000
50.722000,-0.000000
50.729000,-0.000000
50.736000,-0.000000
50.743000,-0.000000
50.750000,-0.000000
50.757000,-0.000000
50.764000,-0.000000
50.771000,-0.000000
50.778000,-0.000000
50.785000,-0.000000
50.792000,-0.000000
50.799000,-0.000000
50.806000,-0.000000
50.813000,-0.000000
50.820000,-0.000000
50.827000,-0.000000
50.834000,-0.000000
50.841000,-0.000000
50.848000,-0.000000
50.855000,-0.000000
50.862000,-0.000000
50.869000,-0.000000
50.876000,-0.000000
50.883000,-0.000000
50.890000,-0.000000
50.897000,-0.000000
50.904000,-0.000000
50.911000,-0.000000
50.918000,-0.000000
50.924000,-0.000000
50.932000,-0.000000
50.939000,-0.000000
50.946000,-0.000000
50.953000,-0.000000
50.960000,-0.000000
50.967000,-0.000000
50.974000,-0.000000
50.981000,-0.000000
50.988000,-0.000000
50.995000,-0.000000
51.002000,-0.000000
51.009000,-0.000000
51.016000,-0.000000
51.023000,-0.000000
51.030000,-0.000000
51.037000,-0.000000
51.044000,-0.000000
51.051000,-0.000000
51.058000,-0.000000
51.065000,-0.000000
51.072000,-0.000000
51.079000,-0.000000
51.086000,-0.000000
51.093000,-0.000000
51.100000,-0.000000
51.107000,-0.000000
51.114000,-0.000000
51.121000,-0.000000
51.128000,-0.000000
51.135000,-0.000000
51.142000,-0.000000
51.149000,-0.000000
51.156000,-0.000000
51.163000,-0.000000
51.170000,-0.000000
51.177000,-0.000000
51.184000,-0.000000
51.191000,-0.000000
51.198000,-0.000000
51.205000,-0.000000
51.212000,-0.000000
51.219000,-0.000000
51.226000,-0.000000
51.233000,-0.000000
51.240000,-0.000000
51.247000,-0.000000
51.254000,-0.000000
51.261000,-0.000000
51.268000,-0.000000
51.275000,-0.000000
51.282000,0.000003
51.289000,0.000027
51.296000,0.000069
51.303000,0.000080
51.310000,0.000079
51.317000,0.000080
51.324000,0.000078
51.331000,0.000080
51.338000,0.000081
51.345000,0.000082
51.352000,0.000081
51.359000,0.000080
51.366000,0.000080
51.373000,0.000081
51.380000,0.000083
51.387000,0.000079
51.394000,0.000082
51.401000,0.000080
51.408000,0.000084
51.415000,0.000082
51.422000,0.000081
51.429000,0.000079
51.436000,0.000079
51.443000,0.000087
51.450000,0.000086
51.457000,0.000086
51.464000,0.000086
51.471000,0.000087
51.478000,0.000088
51.485000,0.000089
51.492000,0.000079
51.499000,0.000082
51.506000,0.000084
51.513000,0.000087
51.520000,0.000090
51.527000,0.000080
51.534000,0.000084
51.541000,0.000088
51.548000,0.000079
51.555000,0.000084
51.562000,0.000089
51.569000,0.000080
51.576000,0.000086
51.583000,0.000092
51.590000,0.000082
51.597000,0.000089
51.604000,0.000080
51.611000,0.000087
51.618000,0.000078
51.625000,0.000086
51.632000,0.000095
51.639000,0.000085
51.646000,0.000094
51.653000,0.000084
51.660000,0.000094
51.667000,0.000084
51.674000,0.000094
51.681000,0.000084
51.688000,0.000095
51.695000,0.000085
51.702000,0.000097
51.709000,0.000086
51.716000,0.000077
51.723000,0.000089
51.730000,0.000079
51.737000,0.000093
51.744000,0.000083
51.751000,0.000097
51.758000,0.000087
51.765000,0.000078
51.772000,0.000093
51.779000,0.000083
51.786000,0.000098
51.793000,0.000088
51.800000,0.000079
51.807000,0.000095
51.814000,0.000085
51.821000,0.000076
51.828000,0.000094
51.835000,0.000084
51.842000,0.000075
51.849000,0.000094
51.856000,0.000084
51.863000,0.000075
51.870000,0.000095
51.877000,0.000085
51.884000,0.000076
51.891000,0.000096
51.898000,0.000086
51.905000,0.000077
51.912000,0.000069
51.919000,0.000084
51.926000,0.000075
51.933000,0.000067
51.940000,0.000083
51.947000,0.000075
51.954000,0.000067
51.961000,0.000083
51.968000,0.000075
51.975000,0.000067
51.982000,0.000091
51.989000,0.000082
51.996000,0.000073
52.003000,0.000065
52.010000,0.000091
52.017000,0.000081
52.024000,0.000073
52.031000,0.000065
52.038000,0.000091
52.045000,0.000082
52.052000,0.000073
52.059000,0.000065
52.063000,0.000093
52.073000,0.000083
52.080000,0.000074
52.087000,0.000066
52.094000,0.000059
52.101000,0.000081
52.108000,0.000072
52.115000,0.000065
52.122000,0.000058
52.129000,0.000088
52.136000,0.000079
52.143000,0.000070
52.150000,0.000063
52.157000,0.000056
52.164000,0.000087
52.171000,0.000078
52.178000,0.000070
52.185000,0.000062
52.192000,0.000056
52.199000,0.000088
52.206000,0.000079
52.213000,0.000070
52.220000,0.000063
52.227000,0.000056
52.234000,0.000089
52.241000,0.000080
52.248000,0.000071
52.255000,0.000064
52.262000,0.000057
52.269000,0.000051
52.276000,0.000085
52.283000,0.000076
52.290000,0.000068
52.297000,0.000061
52.304000,0.000055
52.311000,0.000049
52.318000,0.000084
52.325000,0.000075
52.332000,0.000068
52.339000,0.000060
52.346000,0.000054
52.353000,0.000048
52.360000,0.000085
52.367000,0.000076
52.374000,0.000068
52.381000,0.000061
52.388000,0.000054
52.395000,0.000049
52.402000,0.000044
52.409000,0.000075
52.416000,0.000067
52.423000,0.000060
52.430000,0.000053
52.437000,0.000048
52.444000,0.000043
52.451000,0.000081
52.458000,0.000073
52.465000,0.000065
52.472000,0.000058
52.479000,0.000052
52.486000,0.000047
52.493000,0.000042
52.500000,0.000081
52.507000,0.000073
52.514000,0.000065
52.521000,0.000058
52.528000,0.000052
52.535000,0.000047
52.542000,0.000042
52.549000,0.000037
52.556000,0.000078
52.561000,0.000070
52.570000,0.000063
52.577000,0.000056
52.584000,0.000050
52.591000,0.000045
52.598000,0.000040
52.605000,0.000036
52.612000,0.000078
52.619000,0.000070
52.626000,0.000062
52.633000,0.000056
52.640000,0.000050
52.647000,0.000045
52.654000,0.000040
52.661000,0.000036
52.668000,0.000032
52.675000,0.000075
52.682000,0.000067
52.689000,0.000060
52.696000,0.000054
52.702000,0.000048
52.710000,0.000043
52.717000,0.000038
52.724000,0.000034
52.731000,0.000031
52.738000,0.000075
52.745000,0.000067
52.752000,0.000060
52.759000,0.000053
52.766000,0.000048
52.773000,0.000043
52.780000,0.000038
52.787000,0.000034
52.794000,0.000031
52.801000,0.000027
52.808000,0.000072
52.815000,0.000065
52.822000,0.000058
52.829000,0.000052
52.836000,0.000046
52.843000,0.000041
52.850000,0.000037
52.857000,0.000033
52.864000,0.000030
52.871000,0.000027
52.878000,0.000024
52.885000,0.000070
52.892000,0.000062
52.899000,0.000056
52.906000,0.000050
52.913000,0.000045
52.920000,0.000040
52.927000,0.000036
52.934000,0.000032
52.941000,0.000029
52.948000,0.000026
52.955000,0.000023
52.962000,0.000021
52.969000,0.000067
52.976000,0.000060
52.983000,0.000054
52.990000,0.000048
52.997000,0.000043
53.004000,0.000039
53.011000,0.000035
53.018000,0.000031
53.025000,0.000028
53.032000,0.000025
53.039000,0.000022
53.046000,0.000020
53.053000,0.000018
53.060000,0.000016
53.067000,0.000064
53.074000,0.000057
53.081000,0.000051
53.088000,0.000046
53.095000,0.000041
53.102000,0.000036
53.109000,0.000033
53.116000,0.000029
53.123000,0.000026
53.130000,0.000023
53.137000,0.000021
53.144000,0.000019
53.151000,0.000017
53.158000,0.000015
53.165000,0.000013
53.172000,0.000012
53.179000,0.000011
53.186000,0.000060
53.193000,0.000053
53.200000,0.000048
53.207000,0.000043
53.214000,0.000038
53.221000,0.000034
53.228000,0.000031
53.235000,0.000027
53.242000,0.000025
53.249000,0.000022
53.256000,0.000020
53.263000,0.000018
53.270000,0.000016
53.277000,0.000014
53.284000,0.000013
53.291000,0.000011
53.298000,0.000010
53.305000,0.000009
53.312000,0.000008
53.319000,0.000007
53.326000,0.000006
53.333000,0.000006
53.340000,0.000056
53.347000,0.000050
53.354000,0.000045
53.361000,0.000040
53.368000,0.000036
53.375000,0.000032
53.382000,0.000029
53.389000,0.000026
53.396000,0.000023
53.403000,0.000021
53.410000,0.000018
53.417000,0.000016
53.424000,0.000015
53.431000,0.000013
53.438000,0.000012
53.445000,0.000011
53.452000,0.000009
53.459000,0.000008
53.466000,0.000008
53.473000,0.000007
53.480000,0.000006
53.487000,0.000005
53.494000,0.000005
53.501000,0.000054
53.508000,0.000048
53.515000,0.000043
53.522000,0.000039
53.529000,0.000035
53.536000,0.000031
53.543000,0.000028
53.550000,0.000025
53.557000,0.000022
53.564000,0.000020
53.571000,0.000018
53.578000,0.000016
53.585000,0.000014
53.592000,0.000013
53.599000,0.000011
53.606000,0.000010
53.613000,0.000009
53.620000,0.000008
53.627000,0.000007
53.634000,0.000007
53.641000,0.000006
53.648000,0.000005
53.655000,0.000015
53.662000,0.000014
53.669000,0.000012
53.676000,0.000011
53.683000,0.000010
53.690000,0.000009
53.697000,0.000008
53.704000,0.000007
53.711000,0.000006
53.718000,0.000006
53.725000,0.000005
53.732000,0.000055
53.739000,0.000049
53.746000,0.000044
53.753000,0.000039
53.760000,0.000035
53.767000,0.000032
53.774000,0.000028
53.781000,0.000025
53.788000,0.000023
53.795000,0.000020
53.802000,0.000018
53.809000,0.000016
53.815000,0.000014
53.823000,0.000013
53.830000,0.000012
53.837000,0.000010
53.844000,0.000009
53.851000,0.000008
53.858000,0.000007
53.865000,0.000007
53.872000,0.000006
53.879000,0.000005
53.886000,0.000005
53.893000,0.000015
53.900000,0.000013
53.907000,0.000012
53.914000,0.000011
53.921000,0.000009
53.928000,0.000008
53.935000,0.000008
53.942000,0.000007
53.949000,0.000006
53.956000,0.000005
53.963000,0.000005
53.970000,0.000055
53.977000,0.000049
53.984000,0.000044
53.991000,0.000039
53.998000,0.000035
54.005000,0.000031
54.012000,0.000028
54.019000,0.000025
54.026000,0.000022
54.033000,0.000020
54.040000,0.000018
54.047000,0.000016
54.054000,0.000014
54.061000,0.000013
54.068000,0.000012
54.075000,0.000010
54.082000,0.000009
54.089000,0.000008
54.096000,0.000007
54.103000,0.000007
54.110000,0.000006
54.117000,0.000005
54.124000,0.000005
54.131000,0.000015
54.138000,0.000013
54.145000,0.000012
54.152000,0.000011
54.159000,0.000009
54.166000,0.000008
54.173000,0.000008
54.180000,0.000007
54.187000,0.000006
54.194000,0.000005
54.201000,0.000005
54.208000,0.000055
54.215000,0.000049
54.222000,0.000044
54.229000,0.000039
54.236000,0.000035
54.243000,0.000031
54.250000,0.000028
54.257000,0.000025
54.264000,0.000022
54.271000,0.000020
54.278000,0.000018
54.285000,0.000016
54.292000,0.000014
54.298000,0.000013
54.306000,0.000012
54.313000,0.000010
54.320000,0.000009
54.327000,0.000008
54.334000,0.000007
54.341000,0.000007
54.348000,0.000006
54.355000,0.000005
54.362000,0.000005
54.369000,0.000015
54.376000,0.000013
54.383000,0.000012
54.390000,0.000011
54.397000,0.000009
54.404000,0.000008
54.411000,0.000008
54.418000,0.000007
54.425000,0.000006
54.432000,0.000005
54.439000,0.000005
54.446000,0.000055
54.453000,0.000049
54.460000,0.000044
54.467000,0.000039
54.474000,0.000035
54.481000,0.000031
54.488000,0.000028
54.495000,0.000025
54.502000,0.000022
54.509000,0.000020
54.516000,0.000018
54.523000,0.000016
54.530000,0.000014
54.537000,0.000013
54.544000,0.000012
54.551000,0.000010
54.558000,0.000009
54.565000,0.000008
54.572000,0.000007
54.579000,0.000007
54.586000,0.000006
54.593000,0.000005
54.600000,0.000005
54.607000,0.000015
54.614000,0.000013
54.621000,0.000012
54.628000,0.000011
54.635000,0.000009
54.642000,0.000008
54.649000,0.000008
54.656000,0.000007
54.663000,0.000006
54.670000,0.000005
54.676000,0.000005
54.684000,0.000055
54.691000,0.000049
54.697000,0.000044
54.705000,0.000039
54.712000,0.000035
54.719000,0.000031
54.726000,0.000028
54.733000,0.000025
54.740000,0.000022
54.746000,0.000020
54.754000,0.000018
54.761000,0.000016
54.768000,0.000014
54.775000,0.000013
54.782000,0.000012
54.789000,0.000010
54.796000,0.000009
54.803000,0.000008
54.810000,0.000007
54.817000,0.000007
54.824000,0.000006
54.831000,0.000005
54.838000,0.000005
54.845000,0.000015
54.852000,0.000013
54.859000,0.000012
54.866000,0.000011
54.873000,0.000009
54.880000,0.000008
54.887000,0.000008
54.894000,0.000007
54.901000,0.000006
54.908000,0.000005
54.915000,0.000005
54.922000,0.000055
54.929000,0.000049
54.936000,0.000044
54.942000,0.000039
54.950000,0.000035
54.957000,0.000031
54.964000,0.000028
54.971000,0.000025
54.978000,0.000022
54.985000,0.000020
54.992000,0.000018
54.999000,0.000016
55.006000,0.000014
55.013000,0.000013
55.020000,0.000012
55.027000,0.000010
55.034000,0.000009
55.041000,0.000008
55.048000,0.000007
55.055000,0.000007
55.062000,0.000006
55.069000,0.000005
55.076000,0.000005
55.083000,0.000015
55.090000,0.000013
55.097000,0.000012
55.104000,0.000011
55.111000,0.000009
55.118000,0.000008
55.125000,0.000008
55.132000,0.000007
55.139000,0.000006
55.146000,0.000005
55.153000,0.000005
55.160000,0.000004
55.167000,0.000004
55.174000,0.000003
55.181000,0.000054
55.188000,0.000048
55.195000,0.000043
55.202000,0.000038
55.208000,0.000034
55.216000,0.000031
55.223000,0.000028
55.230000,0.000025
55.237000,0.000022
55.244000,0.000020
55.251000,0.000018
55.258000,0.000016
55.265000,0.000014
55.272000,0.000013
55.279000,0.000011
55.286000,0.000010
55.293000,0.000009
55.300000,0.000008
55.307000,0.000007
55.314000,0.000007
55.321000,0.000006
55.328000,0.000005
55.335000,0.000005
55.342000,0.000004
55.349000,0.000004
55.356000,0.000003
55.363000,0.000003
55.370000,0.000003
55.377000,0.000002
55.384000,0.000002
55.391000,0.000002
55.398000,0.000002
55.405000,0.000002
55.412000,0.000001
55.419000,0.000001
55.426000,0.000001
55.432000,0.000001
55.440000,0.000001
55.447000,0.000001
55.454000,0.000001
55.461000,0.000001
55.468000,0.000001
55.475000,0.000001
55.482000,0.000000
55.489000,0.000000
55.496000,0.000000
55.503000,0.000000
55.510000,0.000000
55.517000,0.000000
55.524000,0.000000
55.531000,0.000000
55.538000,0.000000
55.545000,0.000000
55.552000,0.000000
55.559000,0.000000
55.566000,0.000000
55.573000,0.000000
55.580000,0.000000
55.587000,0.000000
55.594000,0.000000
55.601000,0.000000
55.608000,0.000000
55.615000,0.000000
55.622000,0.000000
55.629000,0.000000
55.636000,0.000000
55.643000,0.000000
55.650000,0.000000
55.657000,0.000000
55.664000,0.000000
55.671000,0.000000
55.678000,0.000000
55.685000,0.000000
55.692000,0.000000
55.699000,0.000000
55.706000,0.000000
55.713000,0.000000
55.720000,0.000000
55.727000,0.000000
55.734000,0.000000
55.741000,0.000000
55.748000,0.000000
55.755000,0.000000
55.762000,0.000000
55.769000,0.000000
55.776000,0.000000
55.783000,0.000000
55.790000,0.000000
55.797000,0.000000
55.804000,0.000000
55.811000,0.000000
55.818000,0.000000
55.825000,0.000000
55.832000,0.000000
55.839000,0.000000
55.846000,0.000000
55.853000,0.000000
55.860000,0.000000
55.867000,0.000000
55.874000,0.000000
55.881000,0.000000
55.888000,0.000000
55.895000,0.000000
55.902000,0.000000
55.909000,0.000000
55.916000,0.000000
55.923000,0.000000
55.930000,0.000000
55.937000,0.000000
55.944000,0.000000
55.951000,0.000000
55.958000,0.000000
55.965000,0.000000
55.972000,0.000000
55.979000,0.000000
55.986000,0.000000
55.993000,0.000000
56.000000,0.000000
56.007000,0.000000
56.014000,0.000000
56.021000,0.000000
56.028000,0.000000
56.035000,0.000000
56.042000,0.000000
56.049000,0.000000
56.056000,0.000000
56.063000,0.000000
56.070000,0.000000
56.077000,0.000000
56.084000,0.000000
56.091000,0.000000
56.098000,0.000000
56.105000,0.000000
56.112000,0.000000
56.119000,0.000000
56.126000,0.000000
56.133000,0.000000
56.140000,0.000000
56.147000,0.000000
56.154000,0.000000
56.161000,0.000000
56.168000,0.000000
56.175000,0.000000
56.182000,0.000000
56.189000,0.000000
56.196000,0.000000
56.203000,0.000000
56.210000,0.000000
56.217000,0.000000
56.224000,0.000000
56.231000,0.000000
56.238000,0.000000
56.245000,0.000000
56.252000,0.000000
56.259000,0.000000
56.266000,0.000000
56.273000,0.000000
56.280000,0.000000
56.287000,0.000000
56.294000,0.000000
56.301000,0.000000
56.308000,0.000000
56.315000,0.000000
56.322000,0.000000
56.329000,0.000000
56.336000,0.000000
56.343000,0.000000
56.350000,0.000000
56.357000,0.000000
56.364000,0.000000
56.371000,0.000000
56.378000,0.000000
56.385000,0.000000
56.392000,0.000000
56.399000,0.000000
56.406000,0.000000
56.413000,0.000000
56.420000,0.000000
56.427000,0.000000
56.434000,0.000000
56.441000,0.000000
56.448000,0.000000
56.455000,0.000000
56.462000,0.000000
56.469000,0.000000
56.476000,0.000000
56.483000,0.000000
56.490000,0.000000
56.497000,0.000000
56.504000,0.000000
56.511000,0.000000
56.518000,0.000000
56.525000,0.000000
56.532000,0.000000
56.539000,0.000000
56.546000,0.000000
56.553000,0.000000
56.560000,0.000000
56.567000,0.000000
56.574000,0.000000
56.581000,0.000000
56.588000,0.000000
56.594000,0.000000
56.602000,0.000000
56.609000,0.000000
56.616000,0.000000
56.623000,0.000000
56.630000,0.000000
56.637000,0.000000
56.644000,0.000000
56.651000,0.000000
56.658000,0.000000
56.665000,0.000000
56.672000,0.000000
56.679000,0.000000
56.686000,0.000000
56.693000,0.000000
56.700000,0.000000
56.707000,0.000000
56.714000,0.000000
56.721000,0.000000
56.728000,0.000000
56.735000,0.000000
56.742000,0.000000
56.749000,0.000000
56.756000,0.000000
56.763000,0.000000
56.770000,0.000000
56.777000,0.000000
56.784000,0.000000
56.791000,0.000000
56.798000,0.000000
56.805000,0.000000
56.812000,0.000000
56.819000,0.000000
56.826000,0.000000
56.833000,0.000000
56.840000,0.000000
56.847000,0.000000
56.854000,0.000000
56.861000,0.000000
56.868000,0.000000
56.875000,0.000000
56.882000,0.000000
56.889000,0.000000
56.896000,0.000000
56.903000,0.000000
56.910000,0.000000
56.917000,0.000000
56.924000,0.000000
56.931000,0.000000
56.938000,0.000000
56.945000,0.000000
56.952000,0.000000
56.959000,0.000000
56.966000,0.000000
56.973000,0.000000
56.980000,0.000000
56.987000,0.000000
56.994000,0.000000
57.001000,0.000000
57.008000,0.000000
57.015000,0.000000
57.022000,0.000000
57.029000,0.000000
57.036000,0.000000
57.043000,0.000000
57.050000,0.000000
57.057000,0.000000
57.064000,0.000000
57.071000,0.000000
57.078000,0.000000
57.085000,0.000000
57.092000,0.000000
57.099000,0.000000
57.106000,0.000000
57.113000,0.000000
57.120000,0.000000
57.127000,0.000000
57.134000,0.000000
57.141000,0.000000
57.148000,0.000000
57.155000,0.000000
57.162000,0.000000
57.169000,0.000000
57.176000,0.000000
57.183000,0.000000
57.190000,0.000000
57.197000,0.000000
57.204000,0.000000
57.211000,0.000000
57.218000,0.000000
57.225000,0.000000
57.232000,0.000000
57.239000,0.000050
57.246000,0.000045
57.253000,0.000040
57.260000,0.000036
57.267000,0.000032
57.274000,0.000029
57.281000,0.000726
57.288000,0.002050
57.295000,0.003934
57.302000,0.006321
57.309000,0.009157
57.316000,0.012396
57.323000,0.015994
57.330000,0.019915
57.337000,0.024124
57.344000,0.028591
57.351000,0.033289
57.358000,0.038194
57.365000,0.043283
57.372000,0.048538
57.379000,0.053942
57.386000,0.059478
57.393000,0.065133
57.400000,0.070894
57.407000,0.076750
57.414000,0.082691
57.421000,0.088709
57.428000,0.094794
57.435000,0.100941
57.442000,0.107142
57.449000,0.113392
57.456000,0.119686
57.463000,0.126019
57.470000,0.132387
57.477000,0.138786
57.484000,0.145214
57.491000,0.151666
57.498000,0.158141
57.505000,0.164637
57.512000,0.171150
57.519000,0.177679
57.526000,0.184223
57.533000,0.190779
57.540000,0.197347
57.547000,0.203926
57.554000,0.210514
57.561000,0.217110
57.568000,0.223713
57.575000,0.230323
57.582000,0.236939
57.589000,0.243561
57.596000,0.250187
57.603000,0.256817
57.610000,0.263451
57.617000,0.270089
57.624000,0.276730
57.631000,0.283373
57.638000,0.290019
57.645000,0.296667
57.652000,0.303317
57.659000,0.309969
57.666000,0.316622
57.673000,0.323277
57.680000,0.329933
57.687000,0.336590
57.694000,0.343248
57.701000,0.349907
57.708000,0.356566
57.715000,0.363227
57.722000,0.369888
57.729000,0.376550
57.736000,0.383212
57.743000,0.389875
57.750000,0.396481
57.757000,0.402394
57.764000,0.406226
57.771000,0.406701
57.778000,0.406838
57.785000,0.407244
57.792000,0.407669
57.799000,0.407908
57.806000,0.408249
57.813000,0.408670
57.820000,0.408672
57.827000,0.408740
57.834000,0.408761
57.841000,0.409014
57.848000,0.408499
57.855000,0.408325
57.862000,0.408471
57.869000,0.408966
57.876000,0.408871
57.883000,0.408733
57.890000,0.408600
57.897000,0.408459
57.904000,0.408309
57.911000,0.408160
57.918000,0.408342
57.925000,0.408216
57.932000,0.408390
57.939000,0.408270
57.946000,0.408137
57.953000,0.408000
57.960000,0.407865
57.967000,0.407734
57.974000,0.407607
57.981000,0.407484
57.988000,0.407711
57.995000,0.407603
58.002000,0.407824
58.009000,0.407719
58.016000,0.407600
58.023000,0.407478
58.030000,0.407357
58.037000,0.407238
58.044000,0.407471
58.051000,0.407372
58.058000,0.407277
58.065000,0.407180
58.072000,0.407080
58.079000,0.406979
58.086000,0.406879
58.093000,0.406780
58.100000,0.406680
58.107000,0.406960
58.114000,0.406881
58.121000,0.406787
58.128000,0.406690
58.135000,0.406598
58.142000,0.406511
58.149000,0.406428
58.156000,0.406350
58.163000,0.406600
58.170000,0.406881
58.177000,0.407136
58.184000,0.407091
58.191000,0.407015
58.198000,0.406944
58.205000,0.406862
58.212000,0.407782
58.219000,0.407722
58.226000,0.407605
58.233000,0.407469
58.240000,0.407328
58.247000,0.407188
58.254000,0.407370
58.261000,0.407249
58.268000,0.407465
58.275000,0.407350
58.282000,0.407225
58.289000,0.407100
58.296000,0.407279
58.303000,0.407190
58.310000,0.407083
58.317000,0.406975
58.324000,0.406883
58.331000,0.406799
58.338000,0.406718
58.345000,0.407268
58.352000,0.407540
58.359000,0.407472
58.366000,0.407709
58.373000,0.407957
58.380000,0.408209
58.387000,0.408124
58.394000,0.408340
58.401000,0.408253
58.408000,0.408145
58.415000,0.408031
58.422000,0.407917
58.429000,0.407805
58.436000,0.407695
58.442000,0.407590
58.450000,0.407505
58.457000,0.407429
58.464000,0.407356
58.471000,0.407284
58.478000,0.407214
58.485000,0.407143
58.492000,0.407074
58.499000,0.407317
58.506000,0.407259
58.513000,0.407180
58.520000,0.407094
58.527000,0.407020
58.534000,0.406950
58.541000,0.406882
58.548000,0.407124
58.555000,0.407049
58.562000,0.406973
58.569000,0.406904
58.576000,0.407140
58.583000,0.407068
58.590000,0.407000
58.597000,0.406934
58.604000,0.406869
58.611000,0.406804
58.618000,0.406740
58.625000,0.406676
58.632000,0.406612
58.639000,0.406857
58.646000,0.406786
58.653000,0.406716
58.660000,0.406650
58.667000,0.406585
58.674000,0.406521
58.681000,0.406457
58.688000,0.406394
58.695000,0.406636
58.702000,0.406560
58.709000,0.406805
58.716000,0.406761
58.723000,0.406655
58.730000,0.406576
58.737000,0.406895
58.744000,0.407208
58.751000,0.407164
58.758000,0.407095
58.765000,0.407025
58.772000,0.406947
58.779000,0.406864
58.786000,0.406780
58.793000,0.406697
58.800000,0.407010
58.807000,0.406949
58.814000,0.406881
58.821000,0.406808
58.828000,0.406736
58.835000,0.406663
58.842000,0.406589
58.849000,0.406516
58.856000,0.406444
58.863000,0.406373
58.870000,0.406303
58.877000,0.406233
58.884000,0.406165
58.891000,0.406464
58.898000,0.406402
58.905000,0.407183
58.912000,0.407114
58.919000,0.407083
58.926000,0.407411
58.933000,0.407325
58.940000,0.407221
58.947000,0.407124
58.954000,0.407025
58.960000,0.406933
58.968000,0.406837
58.975000,0.406741
58.982000,0.407087
58.989000,0.406970
58.996000,0.406877
59.003000,0.406783
59.010000,0.406685
59.017000,0.406588
59.024000,0.406828
59.031000,0.406827
59.038000,0.406757
59.045000,0.406683
59.052000,0.406606
59.059000,0.406534
59.066000,0.406460
59.073000,0.407019
59.080000,0.406981
59.087000,0.407045
59.094000,0.407063
59.101000,0.406964
59.108000,0.406873
59.115000,0.406812
59.122000,0.406780
59.129000,0.407175
59.136000,0.407536
59.143000,0.407422
59.150000,0.407308
59.157000,0.407212
59.164000,0.407123
59.171000,0.407520
59.178000,0.407695
59.185000,0.407758
59.192000,0.407644
59.199000,0.407530
59.206000,0.407414
59.213000,0.407355
59.220000,0.407319
59.227000,0.407626
59.234000,0.407905
59.241000,0.407950
59.248000,0.407916
59.255000,0.407851
59.262000,0.407796
59.269000,0.407751
59.276000,0.407973
59.283000,0.407969
59.290000,0.407905
59.297000,0.407853
59.304000,0.407811
59.311000,0.407773
59.318000,0.407732
59.325000,0.407694
59.332000,0.407875
59.339000,0.407876
59.346000,0.407927
59.353000,0.407960
59.360000,0.408187
59.367000,0.408210
59.374000,0.408921
59.381000,0.408989
59.388000,0.408966
59.395000,0.408947
59.402000,0.409123
59.409000,0.409096
59.416000,0.409080
59.423000,0.409260
59.430000,0.409250
59.437000,0.409231
59.444000,0.409216
59.451000,0.409203
59.458000,0.409191
59.465000,0.409183
59.472000,0.409174
59.479000,0.409165
59.486000,0.409156
59.493000,0.409151
59.500000,0.409144
59.507000,0.409137
59.514000,0.409131
59.521000,0.409125
59.528000,0.409119
59.535000,0.409113
59.542000,0.409108
59.549000,0.409104
59.556000,0.409100
59.563000,0.409095
59.570000,0.409187
59.577000,0.409313
59.584000,0.409415
59.591000,0.409382
59.598000,0.409324
59.605000,0.409281
59.612000,0.409495
59.619000,0.409738
59.626000,0.410000
59.633000,0.410239
59.640000,0.410509
59.647000,0.410769
59.654000,0.411021
59.661000,0.411285
59.668000,0.411549
59.675000,0.411808
59.682000,0.412062
59.689000,0.412186
59.696000,0.412324
59.703000,0.412438
59.710000,0.412570
59.717000,0.412611
59.724000,0.412685
59.731000,0.412760
59.738000,0.412812
59.745000,0.412859
59.752000,0.412901
59.759000,0.412935
59.766000,0.412964
59.773000,0.412988
59.780000,0.412961
59.787000,0.412973
59.794000,0.412974
59.801000,0.412732
59.808000,0.412727
59.815000,0.412809
59.822000,0.412936
59.829000,0.413081
59.836000,0.413231
59.843000,0.412987
59.850000,0.412716
59.857000,0.412450
59.864000,0.412226
59.871000,0.412007
59.878000,0.411798
59.885000,0.411598
59.892000,0.411514
59.899000,0.411377
59.906000,0.411228
59.913000,0.411084
59.920000,0.410997
59.927000,0.411003
59.934000,0.411158
59.941000,0.411275
59.948000,0.411167
59.955000,0.411214
59.962000,0.411399
59.969000,0.411661
59.976000,0.411979
59.983000,0.412342
59.990000,0.412734
59.997000,0.413143
60.004000,0.413558
60.011000,0.413974
60.018000,0.414384
60.025000,0.414785
60.032000,0.415173
60.039000,0.415548
60.046000,0.415907
60.053000,0.416250
60.060000,0.415978
60.067000,0.415644
60.074000,0.415233
60.081000,0.414852
60.088000,0.414589
60.095000,0.414505
60.102000,0.414574
60.109000,0.414533
60.116000,0.414219
60.123000,0.413946
60.130000,0.413733
60.137000,0.413654
60.144000,0.413755
60.151000,0.413896
60.158000,0.413829
60.165000,0.413612
60.172000,0.413444
60.179000,0.413391
60.186000,0.413302
60.193000,0.413183
60.200000,0.412990
60.207000,0.412810
60.213000,0.412640
60.221000,0.412477
60.228000,0.412321
60.235000,0.412168
60.242000,0.412021
60.249000,0.412068
60.256000,0.411910
60.263000,0.411768
60.270000,0.411634
60.277000,0.411506
60.284000,0.411383
60.291000,0.411331
60.298000,0.411497
60.305000,0.411784
60.312000,0.412156
60.319000,0.412591
60.326000,0.413076
60.333000,0.413381
60.340000,0.413389
60.347000,0.413535
60.354000,0.413432
60.361000,0.413286
60.368000,0.413119
60.375000,0.412985
60.382000,0.412987
60.389000,0.413171
60.396000,0.413459
60.403000,0.413824
60.410000,0.414249
60.417000,0.414717
60.424000,0.415181
60.431000,0.415676
60.438000,0.415102
60.445000,0.414662
60.452000,0.414387
60.459000,0.414121
60.466000,0.413865
60.473000,0.413659
60.480000,0.413469
60.487000,0.413348
60.494000,0.413135
60.501000,0.412956
60.508000,0.412808
60.515000,0.412669
60.522000,0.412535
60.529000,0.412409
60.536000,0.412287
60.543000,0.412181
60.550000,0.412132
60.557000,0.412230
60.564000,0.412523
60.571000,0.412930
60.578000,0.413420
60.585000,0.413974
60.592000,0.414254
60.599000,0.414202
60.606000,0.414170
60.613000,0.414346
60.620000,0.414675
60.627000,0.414389
60.634000,0.414159
60.641000,0.413970
60.648000,0.413783
60.655000,0.413603
60.662000,0.413428
60.669000,0.413340
60.676000,0.413204
60.683000,0.413068
60.690000,0.412930
60.697000,0.412796
60.704000,0.412664
60.711000,0.412661
60.718000,0.412547
60.725000,0.412575
60.732000,0.412644
60.739000,0.412475
60.746000,0.412327
60.753000,0.412559
60.760000,0.412492
60.767000,0.412541
60.774000,0.412651
60.781000,0.412911
60.788000,0.413079
60.795000,0.413237
60.802000,0.413398
60.809000,0.413558
60.816000,0.413725
60.823000,0.413900
60.830000,0.414066
60.837000,0.414118
60.844000,0.414221
60.851000,0.414336
60.858000,0.414461
60.865000,0.414603
60.872000,0.414758
60.879000,0.414934
60.886000,0.415125
60.893000,0.415333
60.900000,0.415560
60.907000,0.415570
60.914000,0.415519
60.921000,0.415558
60.928000,0.415636
60.935000,0.415396
60.942000,0.415328
60.949000,0.415300
60.956000,0.415312
60.963000,0.415359
60.970000,0.415439
60.977000,0.415550
60.984000,0.415691
60.991000,0.415858
60.998000,0.416051
61.005000,0.416267
61.012000,0.416506
61.019000,0.416765
61.026000,0.416548
61.033000,0.416523
61.040000,0.416559
61.047000,0.416160
61.054000,0.416059
61.061000,0.416015
61.068000,0.416022
61.075000,0.416074
61.082000,0.416167
61.089000,0.416295
61.096000,0.416455
61.103000,0.416646
61.110000,0.416863
61.117000,0.417104
61.124000,0.417367
61.131000,0.417650
61.138000,0.417951
61.145000,0.418270
61.152000,0.418604
61.159000,0.419590
61.166000,0.419678
61.173000,0.419864
61.180000,0.420971
61.187000,0.421058
61.194000,0.421180
61.201000,0.421277
61.207000,0.421375
61.215000,0.421467
61.222000,0.421262
61.229000,0.421219
61.236000,0.420861
61.243000,0.421298
61.250000,0.421188
61.257000,0.420693
61.264000,0.420545
61.271000,0.420418
61.278000,0.420166
61.285000,0.420041
61.292000,0.419926
61.299000,0.419815
61.306000,0.419706
61.313000,0.419497
61.320000,0.419381
61.327000,0.419270
61.334000,0.419161
61.341000,0.419053
61.348000,0.418946
61.355000,0.418848
61.362000,0.418676
61.369000,0.418516
61.376000,0.418402
61.383000,0.418293
61.390000,0.418186
61.397000,0.418080
61.404000,0.417979
61.411000,0.417875
61.418000,0.417771
61.425000,0.417666
61.432000,0.417561
61.439000,0.417456
61.446000,0.417364
61.453000,0.417261
61.460000,0.417157
61.467000,0.417050
61.474000,0.416937
61.481000,0.416822
61.488000,0.416705
61.495000,0.416589
61.502000,0.416474
61.509000,0.416361
61.516000,0.416250
61.523000,0.416144
61.530000,0.416039
61.537000,0.415937
61.544000,0.415841
61.551000,0.415756
61.558000,0.415689
61.565000,0.415645
61.572000,0.415625
61.579000,0.415633
61.586000,0.415503
61.593000,0.415414
61.600000,0.415319
61.607000,0.415227
61.614000,0.415169
61.621000,0.415076
61.628000,0.414976
61.635000,0.414873
61.642000,0.414827
61.649000,0.414736
61.656000,0.414800
61.663000,0.414788
61.670000,0.414747
61.677000,0.414736
61.684000,0.414784
61.691000,0.414758
61.698000,0.414705
61.705000,0.414632
61.712000,0.414543
61.719000,0.414445
61.726000,0.414345
61.733000,0.414249
61.740000,0.414223
61.747000,0.414156
61.754000,0.414074
61.761000,0.414082
61.768000,0.414026
61.775000,0.414023
61.782000,0.414041
61.789000,0.414006
61.796000,0.414076
61.803000,0.414071
61.810000,0.414134
61.817000,0.414119
61.824000,0.414066
61.831000,0.413994
61.838000,0.414006
61.845000,0.413955
61.852000,0.413873
61.859000,0.413797
61.866000,0.413706
61.873000,0.413608
61.880000,0.413626
61.887000,0.413565
61.894000,0.413487
61.901000,0.413397
61.908000,0.413309
61.915000,0.413231
61.922000,0.413170
61.929000,0.413218
61.936000,0.413213
61.943000,0.413201
61.950000,0.413269
61.957000,0.413359
61.964000,0.413392
61.971000,0.413375
61.978000,0.413359
61.985000,0.413317
61.992000,0.413358
61.999000,0.413323
62.006000,0.413270
62.013000,0.413212
62.020000,0.413159
62.027000,0.413119
62.034000,0.413072
62.041000,0.412959
62.048000,0.412846
62.055000,0.412748
62.062000,0.412651
62.069000,0.412558
62.076000,0.412465
62.083000,0.412376
62.090000,0.412327
62.097000,0.412246
62.104000,0.412301
62.111000,0.412451
62.118000,0.412619
62.125000,0.412569
62.132000,0.412438
62.139000,0.412482
62.146000,0.412491
62.153000,0.412362
62.160000,0.412254
62.167000,0.412162
62.174000,0.412058
62.181000,0.411956
62.188000,0.411995
62.195000,0.412068
62.202000,0.411932
62.209000,0.411832
62.216000,0.411735
62.223000,0.411650
62.230000,0.411662
62.237000,0.411807
62.244000,0.412025
62.251000,0.412132
62.258000,0.412195
62.265000,0.412192
62.272000,0.412204
62.279000,0.412214
62.286000,0.412221
62.293000,0.412198
62.300000,0.412216
62.307000,0.412378
62.314000,0.412655
62.321000,0.412941
62.328000,0.413111
62.335000,0.413275
62.342000,0.413583
62.349000,0.413938
62.356000,0.413956
62.363000,0.413757
62.370000,0.413638
62.377000,0.413622
62.384000,0.413771
62.391000,0.414020
62.398000,0.414340
62.405000,0.414713
62.412000,0.415128
62.419000,0.415030
62.426000,0.414879
62.433000,0.414822
62.440000,0.414949
62.447000,0.415185
62.454000,0.414953
62.461000,0.414764
62.468000,0.414558
62.475000,0.414369
62.482000,0.414266
62.489000,0.414351
62.496000,0.414525
62.503000,0.414841
62.510000,0.415235
62.517000,0.415692
62.524000,0.416200
62.531000,0.416742
62.538000,0.417310
62.545000,0.417257
62.552000,0.417389
62.559000,0.417647
62.566000,0.417975
62.573000,0.418354
62.580000,0.418776
62.587000,0.419229
62.594000,0.419699
62.601000,0.420174
62.608000,0.420647
62.615000,0.421113
62.622000,0.421568
62.629000,0.421893
62.636000,0.422177
62.643000,0.422365
62.650000,0.422626
62.657000,0.422727
62.664000,0.422387
62.671000,0.422355
62.678000,0.422431
62.685000,0.422588
62.692000,0.421921
62.699000,0.421701
62.706000,0.421715
62.713000,0.421846
62.720000,0.422063
62.726000,0.422343
62.734000,0.421963
62.741000,0.421232
62.748000,0.420640
62.755000,0.419495
62.762000,0.418928
62.769000,0.418187
62.776000,0.417719
62.783000,0.417362
62.790000,0.416932
62.797000,0.416632
62.804000,0.416374
62.811000,0.416162
62.818000,0.415995
62.825000,0.415873
62.832000,0.415658
62.839000,0.415513
62.846000,0.415371
62.853000,0.415219
62.860000,0.415089
62.867000,0.414963
62.874000,0.414855
62.881000,0.414769
62.888000,0.414707
62.895000,0.414671
62.902000,0.414658
62.909000,0.414632
62.916000,0.414614
62.923000,0.414609
62.930000,0.414594
62.937000,0.414575
62.944000,0.414509
62.951000,0.414423
62.958000,0.414333
62.965000,0.414252
62.972000,0.414184
62.977000,0.414136
62.986000,0.414105
62.993000,0.414095
63.000000,0.414110
63.007000,0.414148
63.014000,0.414211
63.021000,0.414299
63.028000,0.414413
63.035000,0.414551
63.042000,0.414715
63.049000,0.414901
63.056000,0.415109
63.063000,0.415340
63.070000,0.415590
63.077000,0.415631
63.084000,0.415378
63.091000,0.415172
63.098000,0.414954
63.105000,0.414639
63.112000,0.414438
63.119000,0.414280
63.126000,0.414091
63.133000,0.413912
63.140000,0.413798
63.147000,0.413667
63.154000,0.413663
63.161000,0.413709
63.168000,0.413809
63.175000,0.413742
63.182000,0.413797
63.189000,0.413880
63.196000,0.413990
63.203000,0.414053
63.210000,0.414119
63.217000,0.414203
63.224000,0.414233
63.231000,0.414213
63.238000,0.414154
63.245000,0.414071
63.252000,0.413980
63.259000,0.413890
63.266000,0.413810
63.273000,0.413746
63.280000,0.413702
63.287000,0.413679
63.294000,0.413708
63.301000,0.413710
63.308000,0.413713
63.315000,0.413724
63.322000,0.413746
63.329000,0.413807
63.336000,0.413797
63.343000,0.413760
63.350000,0.413710
63.357000,0.413709
63.364000,0.413653
63.371000,0.413579
63.378000,0.413499
63.385000,0.413424
63.392000,0.413360
63.399000,0.413313
63.406000,0.413286
63.413000,0.413282
63.420000,0.413301
63.427000,0.413345
63.434000,0.413414
63.441000,0.413507
63.448000,0.413624
63.455000,0.413767
63.462000,0.413932
63.469000,0.414119
63.476000,0.414328
63.483000,0.414557
63.490000,0.414806
63.497000,0.414651
63.504000,0.414737
63.511000,0.414853
63.518000,0.414789
63.525000,0.414684
63.532000,0.414590
63.539000,0.414483
63.546000,0.414378
63.553000,0.414281
63.560000,0.414201
63.567000,0.414159
63.574000,0.414088
63.581000,0.414019
63.588000,0.414037
63.595000,0.413976
63.602000,0.413893
63.609000,0.413861
63.616000,0.413781
63.623000,0.413667
63.630000,0.413529
63.637000,0.413484
63.644000,0.413396
63.651000,0.413278
63.658000,0.413148
63.665000,0.413020
63.672000,0.412900
63.679000,0.412791
63.686000,0.412692
63.693000,0.412610
63.700000,0.412550
63.707000,0.412513
63.714000,0.412502
63.721000,0.412516
63.728000,0.412558
63.735000,0.412771
63.742000,0.412820
63.749000,0.412876
63.756000,0.412915
63.763000,0.413022
63.770000,0.413028
63.777000,0.413043
63.784000,0.413049
63.791000,0.413094
63.798000,0.413087
63.805000,0.413065
63.812000,0.413040
63.819000,0.413019
63.826000,0.413047
63.833000,0.413111
63.840000,0.413077
63.847000,0.413017
63.854000,0.412946
63.861000,0.412874
63.868000,0.412893
63.875000,0.412836
63.882000,0.412768
63.889000,0.412701
63.896000,0.412740
63.903000,0.412805
63.910000,0.412795
63.917000,0.412741
63.924000,0.412666
63.931000,0.412582
63.938000,0.412500
63.945000,0.412427
63.952000,0.412370
63.959000,0.412333
63.966000,0.412317
63.973000,0.412326
63.980000,0.412360
63.987000,0.412420
63.994000,0.412505
64.001000,0.412615
64.008000,0.412695
64.015000,0.412786
64.022000,0.412883
64.029000,0.412990
64.036000,0.413110
64.043000,0.413246
64.050000,0.413400
64.057000,0.413574
64.064000,0.413768
64.071000,0.413980
64.078000,0.414212
64.085000,0.414463
64.092000,0.414731
64.099000,0.415015
64.106000,0.414924
64.113000,0.414817
64.120000,0.414714
64.127000,0.414690
64.134000,0.414707
64.141000,0.414763
64.148000,0.414854
64.155000,0.414977
64.162000,0.415131
64.169000,0.415096
64.176000,0.415036
64.183000,0.415064
64.190000,0.415130
64.197000,0.415230
64.204000,0.415362
64.211000,0.415524
64.218000,0.415714
64.225000,0.415928
64.232000,0.416167
64.239000,0.416427
64.246000,0.416707
64.253000,0.417006
64.260000,0.417322
64.267000,0.418139
64.274000,0.418828
64.281000,0.419218
64.288000,0.419658
64.295000,0.420063
64.302000,0.420194
64.309000,0.420494
64.316000,0.420405
64.323000,0.420305
64.330000,0.419935
64.337000,0.419770
64.344000,0.419620
64.351000,0.419296
64.358000,0.419133
64.365000,0.418979
64.372000,0.418842
64.379000,0.418713
64.386000,0.418587
64.393000,0.418466
64.400000,0.418348
64.407000,0.418233
64.414000,0.418122
64.421000,0.418015
64.428000,0.417909
64.435000,0.417806
64.442000,0.417578
64.449000,0.417455
64.456000,0.417343
64.463000,0.417237
64.470000,0.417137
64.477000,0.417045
64.484000,0.416843
64.491000,0.416739
64.498000,0.416638
64.505000,0.416544
64.512000,0.416463
64.519000,0.416401
64.526000,0.416363
64.533000,0.416257
64.540000,0.416121
64.547000,0.416033
64.554000,0.415938
64.561000,0.415843
64.568000,0.415755
64.575000,0.415683
64.582000,0.415567
64.589000,0.415483
64.596000,0.415405
64.603000,0.415339
64.610000,0.415241
64.617000,0.415163
64.624000,0.415093
64.631000,0.415036
64.638000,0.414999
64.645000,0.414981
64.652000,0.414969
64.659000,0.414994
64.666000,0.415046
64.673000,0.415117
64.680000,0.415205
64.687000,0.415177
64.694000,0.415222
64.701000,0.415176
64.708000,0.415054
64.715000,0.414936
64.722000,0.414812
64.729000,0.414707
64.736000,0.414584
64.743000,0.414501
64.750000,0.414440
64.757000,0.414367
64.764000,0.414385
64.771000,0.414493
64.778000,0.414484
64.785000,0.414333
64.792000,0.414327
64.799000,0.414354
64.806000,0.414342
64.813000,0.414249
64.820000,0.414126
64.827000,0.414057
64.834000,0.414064
64.841000,0.414112
64.848000,0.414111
64.855000,0.414000
64.862000,0.413929
64.869000,0.413888
64.876000,0.413920
64.883000,0.413996
64.890000,0.413946
64.897000,0.414004
64.904000,0.413913
64.911000,0.413871
64.918000,0.413795
64.925000,0.413716
64.932000,0.413679
64.939000,0.413699
64.946000,0.413810
64.953000,0.414059
64.960000,0.414401
64.967000,0.414718
64.974000,0.414838
64.981000,0.414896
64.988000,0.414710
64.995000,0.414738
65.002000,0.414868
65.009000,0.415138
65.016000,0.415448
65.023000,0.415291
65.030000,0.415207
65.037000,0.415140
65.044000,0.415000
65.051000,0.414725
65.058000,0.414626
65.065000,0.414502
65.072000,0.414393
65.079000,0.414318
65.086000,0.414248
65.093000,0.414156
65.100000,0.414198
65.107000,0.414252
65.114000,0.414110
65.121000,0.414014
65.128000,0.413910
65.135000,0.413864
65.142000,0.413830
65.149000,0.413858
65.156000,0.413836
65.163000,0.413893
65.170000,0.413867
65.177000,0.413894
65.184000,0.413912
65.191000,0.413866
65.198000,0.413808
65.205000,0.413745
65.212000,0.413822
65.219000,0.413715
65.226000,0.413649
65.233000,0.413624
65.240000,0.413614
65.247000,0.413616
65.254000,0.413626
65.261000,0.413641
65.268000,0.413641
65.275000,0.413683
65.282000,0.413674
65.289000,0.413630
65.296000,0.413572
65.303000,0.413440
65.310000,0.413398
65.317000,0.413307
65.324000,0.413216
65.331000,0.413166
65.338000,0.413212
65.345000,0.413443
65.352000,0.413826
65.359000,0.414304
65.366000,0.414828
65.373000,0.415422
65.380000,0.416064
65.387000,0.416746
65.394000,0.417461
65.401000,0.417951
65.408000,0.418348
65.415000,0.418739
65.422000,0.418546
65.429000,0.418807
65.436000,0.419161
65.443000,0.419592
65.450000,0.420087
65.457000,0.419849
65.464000,0.419974
65.471000,0.420224
65.478000,0.420529
65.485000,0.420908
65.492000,0.420289
65.499000,0.419986
65.506000,0.419706
65.513000,0.419659
65.520000,0.419815
65.527000,0.420094
65.534000,0.420465
65.541000,0.420910
65.548000,0.421416
65.555000,0.421969
65.562000,0.422549
65.569000,0.423141
65.576000,0.423735
65.583000,0.424322
65.590000,0.424897
65.597000,0.424412
65.604000,0.424535
65.611000,0.424764
65.618000,0.425069
65.625000,0.425428
65.632000,0.425821
65.639000,0.426236
65.646000,0.426662
65.653000,0.427091
65.660000,0.427516
65.667000,0.427829
65.674000,0.428169
65.681000,0.428366
65.688000,0.428527
65.695000,0.428665
65.702000,0.428778
65.709000,0.428878
65.716000,0.428966
65.723000,0.429053
65.730000,0.429041
65.737000,0.429139
65.744000,0.429156
65.751000,0.429198
65.758000,0.429334
65.765000,0.429994
65.772000,0.430535
65.779000,0.431063
65.786000,0.431083
65.793000,0.430989
65.800000,0.430354
65.807000,0.430038
65.814000,0.429177
65.821000,0.428884
65.828000,0.428761
65.835000,0.428768
65.842000,0.427887
65.849000,0.427457
65.856000,0.426751
65.863000,0.425763
65.870000,0.424295
65.877000,0.423114
65.884000,0.422288
65.891000,0.421666
65.898000,0.421199
65.905000,0.420857
65.911000,0.420196
65.919000,0.419551
65.926000,0.419105
65.933000,0.418761
65.940000,0.418469
65.947000,0.418227
65.954000,0.418031
65.961000,0.417881
65.968000,0.417775
65.975000,0.417406
65.982000,0.417217
65.989000,0.417062
65.996000,0.416819
66.003000,0.416615
66.010000,0.416458
66.017000,0.416343
66.024000,0.416221
66.031000,0.416096
66.038000,0.415981
66.045000,0.415874
66.052000,0.415800
66.059000,0.415699
66.066000,0.415587
66.073000,0.415472
66.080000,0.415356
66.087000,0.415243
66.094000,0.415135
66.101000,0.415032
66.108000,0.414989
66.115000,0.414986
66.122000,0.414912
66.129000,0.414919
66.136000,0.414883
66.143000,0.415064
66.150000,0.415075
66.157000,0.415124
66.164000,0.415286
66.171000,0.415424
66.178000,0.415456
66.185000,0.415432
66.192000,0.415364
66.199000,0.415265
66.206000,0.415155
66.213000,0.415107
66.220000,0.415010
66.227000,0.414900
66.234000,0.414784
66.241000,0.414666
66.248000,0.414639
66.255000,0.414542
66.262000,0.414433
66.269000,0.414319
66.276000,0.414207
66.283000,0.414101
66.290000,0.414003
66.297000,0.413915
66.304000,0.413838
66.311000,0.413779
66.318000,0.413801
66.325000,0.413814
66.332000,0.413815
66.339000,0.413815
66.346000,0.413820
66.353000,0.413837
66.360000,0.413869
66.367000,0.413919
66.374000,0.413989
66.381000,0.414080
66.388000,0.414175
66.395000,0.414215
66.402000,0.414287
66.409000,0.414365
66.416000,0.414453
66.423000,0.414555
66.430000,0.414529
66.437000,0.414568
66.444000,0.414614
66.451000,0.414673
66.458000,0.414639
66.465000,0.414648
66.472000,0.414664
66.479000,0.414628
66.486000,0.414588
66.493000,0.414526
66.500000,0.414446
66.507000,0.414362
66.514000,0.414299
66.521000,0.414196
66.528000,0.414086
66.535000,0.413979
66.542000,0.413883
66.549000,0.413803
66.556000,0.413744
66.563000,0.413708
66.570000,0.413694
66.577000,0.413705
66.584000,0.413742
66.591000,0.413807
66.598000,0.413823
66.605000,0.413870
66.612000,0.413892
66.619000,0.413908
66.626000,0.413913
66.633000,0.413887
66.640000,0.413850
66.647000,0.413837
66.654000,0.413775
66.661000,0.413702
66.668000,0.413629
66.675000,0.413563
66.682000,0.413512
66.689000,0.413475
66.696000,0.413459
66.703000,0.413468
66.710000,0.413516
66.717000,0.413521
66.724000,0.413547
66.731000,0.413578
66.738000,0.413619
66.745000,0.413649
66.752000,0.413675
66.759000,0.413701
66.766000,0.413733
66.773000,0.413776
66.780000,0.413833
66.787000,0.413907
66.794000,0.413940
66.801000,0.413935
66.808000,0.413972
66.815000,0.414022
66.822000,0.413989
66.829000,0.413995
66.836000,0.414009
66.843000,0.414037
66.850000,0.414080
66.857000,0.414142
66.864000,0.414223
66.871000,0.414325
66.878000,0.414242
66.885000,0.414264
66.892000,0.414306
66.899000,0.414229
66.906000,0.414216
66.913000,0.414217
66.920000,0.414236
66.927000,0.414188
66.934000,0.414172
66.941000,0.414162
66.948000,0.414151
66.955000,0.414108
66.962000,0.414077
66.969000,0.414051
66.976000,0.414037
66.983000,0.414038
66.990000,0.414059
66.997000,0.414103
67.004000,0.414068
67.011000,0.414070
67.018000,0.414082
67.025000,0.414110
67.032000,0.414157
67.039000,0.414224
67.046000,0.414313
67.053000,0.414424
67.060000,0.414559
67.067000,0.414716
67.074000,0.414895
67.081000,0.415096
67.088000,0.415317
67.095000,0.415558
67.102000,0.415817
67.109000,0.415590
67.116000,0.415645
67.123000,0.415740
67.130000,0.415873
67.137000,0.416037
67.144000,0.416232
67.151000,0.416453
67.158000,0.416700
67.165000,0.416969
67.172000,0.417258
67.179000,0.417566
67.186000,0.417892
67.193000,0.419720
67.200000,0.420706
67.207000,0.420899
67.214000,0.422181
67.221000,0.422162
67.228000,0.421843
67.235000,0.421759
67.242000,0.421658
67.249000,0.421552
67.256000,0.421440
67.263000,0.421321
67.270000,0.421203
67.277000,0.421079
67.284000,0.420949
67.291000,0.420814
67.298000,0.420673
67.305000,0.420527
67.312000,0.420377
67.319000,0.420220
67.326000,0.420062
67.333000,0.419900
67.340000,0.419732
67.347000,0.419560
67.354000,0.419384
67.361000,0.419236
67.368000,0.419136
67.375000,0.419067
67.382000,0.419042
67.389000,0.418995
67.396000,0.418897
67.403000,0.418786
67.410000,0.418670
67.417000,0.418337
67.424000,0.418200
67.431000,0.418100
67.438000,0.417946
67.445000,0.417872
67.452000,0.417822
67.459000,0.417676
67.466000,0.417553
67.473000,0.417419
67.480000,0.417319
67.487000,0.417335
67.494000,0.417294
67.501000,0.417160
67.508000,0.417023
67.515000,0.416920
67.522000,0.416851
67.529000,0.416804
67.536000,0.416777
67.543000,0.416766
67.550000,0.416769
67.557000,0.416799
67.564000,0.416765
67.571000,0.416694
67.578000,0.416499
67.585000,0.416428
67.592000,0.416396
67.599000,0.416386
67.606000,0.416389
67.613000,0.416274
67.620000,0.416138
67.627000,0.416024
67.634000,0.415942
67.641000,0.415889
67.648000,0.415856
67.655000,0.415824
67.662000,0.415728
67.669000,0.415694
67.676000,0.415677
67.683000,0.415672
67.690000,0.415680
67.697000,0.415661
67.704000,0.415629
67.711000,0.415596
67.718000,0.415478
67.725000,0.415381
67.732000,0.415339
67.739000,0.415228
67.746000,0.415104
67.753000,0.414971
67.760000,0.414869
67.767000,0.414803
67.774000,0.414791
67.781000,0.414665
67.788000,0.414559
67.795000,0.414573
67.802000,0.414462
67.809000,0.414343
67.816000,0.414240
67.823000,0.414178
67.830000,0.414137
67.837000,0.414114
67.844000,0.414055
67.851000,0.414078
67.858000,0.414034
67.865000,0.413923
67.872000,0.413797
67.879000,0.413678
67.886000,0.413562
67.893000,0.413460
67.900000,0.413365
67.907000,0.413267
67.914000,0.413356
67.921000,0.413505
67.928000,0.413486
67.935000,0.413406
67.942000,0.413471
67.949000,0.413394
67.956000,0.413399
67.963000,0.413271
67.970000,0.413288
67.977000,0.413176
67.984000,0.413215
67.991000,0.413237
67.998000,0.413366
68.005000,0.413527
68.012000,0.413718
68.019000,0.413934
68.026000,0.414174
68.033000,0.414432
68.040000,0.414706
68.047000,0.414523
68.054000,0.414526
68.061000,0.414568
68.068000,0.414629
68.075000,0.414622
68.082000,0.414653
68.089000,0.414691
68.096000,0.414741
68.103000,0.414754
68.110000,0.414722
68.117000,0.414670
68.124000,0.414607
68.131000,0.414539
68.138000,0.414477
68.145000,0.414426
68.152000,0.414394
68.159000,0.414332
68.166000,0.414267
68.173000,0.414208
68.180000,0.414161
68.187000,0.414131
68.194000,0.414121
68.201000,0.414134
68.208000,0.414172
68.215000,0.414234
68.222000,0.414321
68.229000,0.414433
68.236000,0.414569
68.243000,0.414728
68.250000,0.414910
68.257000,0.414765
68.264000,0.414803
68.271000,0.414871
68.278000,0.414968
68.285000,0.415093
68.292000,0.415245
68.299000,0.415422
68.306000,0.415622
68.313000,0.415844
68.320000,0.416087
68.327000,0.416348
68.334000,0.416628
68.341000,0.416924
68.348000,0.417238
68.355000,0.417568
68.362000,0.417912
68.369000,0.418270
68.376000,0.418641
68.383000,0.418654
68.390000,0.418578
68.397000,0.418655
68.404000,0.418788
68.411000,0.418969
68.418000,0.419189
68.425000,0.419445
68.432000,0.419730
68.439000,0.420042
68.446000,0.420376
68.453000,0.420728
68.460000,0.421090
68.467000,0.421453
68.474000,0.421811
68.481000,0.422162
68.488000,0.422503
68.495000,0.422117
68.502000,0.422137
68.509000,0.422236
68.516000,0.422399
68.523000,0.422617
68.530000,0.422872
68.537000,0.423151
68.544000,0.423445
68.551000,0.423746
68.558000,0.424048
68.565000,0.424348
68.572000,0.423898
68.579000,0.423880
68.586000,0.423950
68.593000,0.424094
68.600000,0.424294
68.607000,0.424532
68.614000,0.424795
68.621000,0.425074
68.628000,0.425361
68.635000,0.425412
68.642000,0.425094
68.649000,0.424412
68.656000,0.423870
68.663000,0.423286
68.670000,0.422831
68.677000,0.422430
68.684000,0.421591
68.691000,0.421025
68.698000,0.420277
68.705000,0.419734
68.712000,0.419236
68.719000,0.418774
68.726000,0.418338
68.733000,0.417928
68.740000,0.417539
68.747000,0.417168
68.754000,0.416817
68.761000,0.416499
68.768000,0.416223
68.775000,0.415804
68.782000,0.415517
68.789000,0.415251
68.796000,0.415016
68.803000,0.414792
68.810000,0.414578
68.817000,0.414372
68.824000,0.414176
68.831000,0.413989
68.838000,0.413808
68.845000,0.413753
68.852000,0.413609
68.859000,0.413464
68.866000,0.413321
68.873000,0.413183
68.880000,0.413077
68.887000,0.413031
68.894000,0.413154
68.901000,0.413477
68.908000,0.413895
68.915000,0.414382
68.922000,0.414924
68.929000,0.414987
68.936000,0.414963
68.943000,0.415026
68.950000,0.415331
68.957000,0.415400
68.964000,0.415305
68.971000,0.415124
68.978000,0.414938
68.985000,0.414744
68.992000,0.414551
68.999000,0.414363
69.006000,0.414181
69.013000,0.414017
69.020000,0.413899
69.027000,0.413911
69.034000,0.413730
69.041000,0.413563
69.048000,0.413683
69.055000,0.413538
69.062000,0.413394
69.069000,0.413398
69.076000,0.413269
69.083000,0.413138
69.090000,0.413002
69.097000,0.412864
69.104000,0.412731
69.111000,0.412603
69.118000,0.412479
69.125000,0.412359
69.132000,0.412244
69.139000,0.412305
69.146000,0.412181
69.153000,0.412246
69.160000,0.412313
69.167000,0.412191
69.174000,0.412270
69.181000,0.412160
69.188000,0.412252
69.195000,0.412161
69.202000,0.412066
69.209000,0.411965
69.216000,0.412079
69.223000,0.411987
69.230000,0.412278
69.237000,0.412523
69.244000,0.412778
69.251000,0.413045
69.258000,0.413322
69.265000,0.413610
69.272000,0.413738
69.279000,0.413874
69.286000,0.414033
69.293000,0.414062
69.300000,0.414117
69.307000,0.414166
69.314000,0.414215
69.321000,0.414269
69.328000,0.414333
69.335000,0.414409
69.342000,0.414500
69.349000,0.414608
69.356000,0.414735
69.363000,0.414880
69.370000,0.415045
69.377000,0.415229
69.384000,0.415432
69.391000,0.415653
69.398000,0.415893
69.405000,0.416150
69.412000,0.416423
69.419000,0.416711
69.426000,0.417014
69.433000,0.417329
69.440000,0.417649
69.447000,0.417968
69.454000,0.418804
69.461000,0.419101
69.468000,0.419495
69.475000,0.419818
69.482000,0.420026
69.489000,0.420149
69.496000,0.420029
69.503000,0.420033
69.510000,0.420053
69.517000,0.419936
69.524000,0.419652
69.531000,0.419502
69.538000,0.419410
69.545000,0.419370
69.552000,0.419374
69.559000,0.419418
69.566000,0.419497
69.573000,0.419496
69.580000,0.419434
69.587000,0.419156
69.594000,0.419029
69.601000,0.418965
69.608000,0.418954
69.615000,0.418991
69.622000,0.419030
69.629000,0.418970
69.636000,0.418467
69.643000,0.418938
69.650000,0.419001
69.657000,0.419006
69.664000,0.418963
69.671000,0.418899
69.678000,0.418793
69.685000,0.418661
69.692000,0.418405
69.699000,0.418141
69.706000,0.417994
69.713000,0.417861
69.720000,0.417738
69.727000,0.417623
69.734000,0.417513
69.741000,0.417404
69.748000,0.417295
69.755000,0.417186
69.762000,0.417052
69.769000,0.416945
69.776000,0.416837
69.783000,0.416727
69.790000,0.416618
69.797000,0.416511
69.804000,0.416404
69.811000,0.416297
69.818000,0.416190
69.825000,0.416092
69.832000,0.416014
69.839000,0.415915
69.846000,0.415812
69.853000,0.415707
69.860000,0.415601
69.867000,0.415493
69.874000,0.415392
69.881000,0.415281
69.888000,0.415163
69.895000,0.415039
69.902000,0.414909
69.909000,0.414772
69.916000,0.414651
69.923000,0.414512
69.930000,0.414367
69.937000,0.414223
69.944000,0.414092
69.951000,0.413981
69.958000,0.413884
69.965000,0.413821
69.972000,0.413789
69.979000,0.413770
69.986000,0.413794
69.993000,0.413755
70.000000,0.413635
70.007000,0.413502
70.014000,0.413371
70.021000,0.413242
70.028000,0.413119
70.035000,0.413010
70.042000,0.412919
70.049000,0.412880
70.056000,0.412860
70.063000,0.412898
70.070000,0.413015
70.077000,0.413221
70.084000,0.413548
70.091000,0.413773
70.098000,0.413925
70.105000,0.413993
70.112000,0.413999
70.119000,0.414000
70.126000,0.414000
70.133000,0.413999
70.140000,0.413992
70.147000,0.413982
70.154000,0.413984
70.161000,0.414099
70.168000,0.414102
70.175000,0.414127
70.182000,0.414151
70.189000,0.414172
70.196000,0.414151
70.203000,0.414181
70.210000,0.414154
70.217000,0.414117
70.224000,0.414163
70.231000,0.414116
70.238000,0.414283
70.245000,0.414385
70.252000,0.414465
70.259000,0.414532
70.266000,0.414640
70.273000,0.414615
70.280000,0.415131
70.287000,0.415418
70.294000,0.415345
70.301000,0.415666
70.308000,0.416108
70.315000,0.416649
70.322000,0.417093
70.329000,0.417504
70.336000,0.417752
70.343000,0.417994
70.350000,0.417956
70.357000,0.418030
70.364000,0.417629
70.371000,0.417371
70.378000,0.417120
70.385000,0.416922
70.392000,0.416864
70.399000,0.417046
70.406000,0.417377
70.413000,0.417815
70.420000,0.418331
70.427000,0.418907
70.434000,0.419533
70.441000,0.420201
70.448000,0.420902
70.455000,0.421374
70.462000,0.421676
70.469000,0.422017
70.476000,0.421774
70.483000,0.421907
70.490000,0.422162
70.497000,0.422519
70.504000,0.422958
70.511000,0.423464
70.518000,0.424025
70.525000,0.424280
70.532000,0.424580
70.539000,0.424877
70.546000,0.425035
70.553000,0.425184
70.560000,0.425338
70.567000,0.425398
70.574000,0.425457
70.581000,0.425018
70.588000,0.425050
70.595000,0.425258
70.602000,0.425594
70.609000,0.426020
70.616000,0.426508
70.623000,0.426868
70.630000,0.427084
70.637000,0.427359
70.644000,0.427499
70.651000,0.427639
70.658000,0.427776
70.665000,0.427824
70.672000,0.427902
70.679000,0.428057
70.686000,0.428453
70.693000,0.429193
70.700000,0.430033
70.707000,0.430563
70.714000,0.430620
70.721000,0.430701
70.728000,0.430688
70.735000,0.430618
70.742000,0.430454
70.749000,0.429988
70.756000,0.429549
70.763000,0.428748
70.770000,0.428527
70.777000,0.428494
70.784000,0.427836
70.791000,0.426835
70.798000,0.426084
70.805000,0.425396
70.812000,0.424757
70.819000,0.424159
70.826000,0.423593
70.833000,0.423055
70.840000,0.421998
70.847000,0.421457
70.854000,0.420975
70.861000,0.420517
70.868000,0.419817
70.875000,0.419498
70.882000,0.419297
70.889000,0.419112
70.896000,0.418866
70.903000,0.418256
70.910000,0.417763
70.917000,0.417547
70.924000,0.417360
70.931000,0.417165
70.938000,0.416965
70.945000,0.416771
70.952000,0.416585
70.959000,0.416405
70.966000,0.416233
70.973000,0.416068
70.980000,0.415910
70.987000,0.415759
70.994000,0.415613
71.001000,0.415531
71.008000,0.415430
71.015000,0.415376
71.022000,0.415241
71.029000,0.415131
71.036000,0.415067
71.043000,0.415027
71.050000,0.415030
71.057000,0.414895
71.064000,0.414813
71.071000,0.414805
71.078000,0.414680
71.085000,0.414560
71.092000,0.414474
71.099000,0.414520
71.106000,0.414401
71.113000,0.414285
71.120000,0.414198
71.127000,0.414232
71.134000,0.414118
71.141000,0.414009
71.148000,0.413925
71.155000,0.413873
71.162000,0.413841
71.169000,0.413733
71.176000,0.413627
71.183000,0.413526
71.190000,0.413603
71.197000,0.413699
71.204000,0.413602
71.211000,0.413495
71.218000,0.413388
71.225000,0.413285
71.232000,0.413185
71.239000,0.413087
71.246000,0.412992
71.253000,0.412899
71.260000,0.412808
71.267000,0.412888
71.274000,0.412860
71.281000,0.412752
71.288000,0.412654
71.295000,0.412559
71.302000,0.412624
71.309000,0.412692
71.316000,0.412585
71.323000,0.412761
71.330000,0.412671
71.337000,0.412822
71.344000,0.412742
71.351000,0.412804
71.358000,0.412705
71.365000,0.412608
71.372000,0.412506
71.379000,0.412405
71.386000,0.412308
71.393000,0.412213
71.400000,0.412121
71.407000,0.412025
71.414000,0.412412
71.421000,0.412793
71.428000,0.413123
71.435000,0.413455
71.442000,0.413790
71.449000,0.414128
71.456000,0.414471
71.463000,0.414821
71.470000,0.415178
71.477000,0.415543
71.484000,0.415916
71.491000,0.416247
71.498000,0.416144
71.505000,0.415944
71.512000,0.415663
71.519000,0.415338
71.526000,0.415019
71.533000,0.414795
71.540000,0.414636
71.547000,0.414372
71.554000,0.414118
71.561000,0.413936
71.568000,0.413788
71.575000,0.413551
71.582000,0.413356
71.589000,0.413168
71.596000,0.412990
71.603000,0.412817
71.610000,0.412653
71.617000,0.412495
71.624000,0.412541
71.631000,0.412428
71.638000,0.412298
71.645000,0.412163
71.652000,0.412030
71.659000,0.411929
71.666000,0.412012
71.673000,0.411856
71.680000,0.411716
71.687000,0.411586
71.694000,0.411547
71.701000,0.411894
71.708000,0.411963
71.715000,0.412316
71.722000,0.412597
71.729000,0.412888
71.736000,0.413185
71.743000,0.413493
71.750000,0.413809
71.756000,0.414136
71.764000,0.414473
71.771000,0.414819
71.778000,0.415175
71.785000,0.415541
71.792000,0.415915
71.799000,0.416296
71.806000,0.416675
71.813000,0.417046
71.820000,0.417407
71.827000,0.417755
71.834000,0.418090
71.841000,0.418412
71.848000,0.418420
71.855000,0.418005
71.862000,0.417577
71.869000,0.417124
71.876000,0.416725
71.883000,0.416345
71.890000,0.415836
71.897000,0.415451
71.904000,0.415246
71.911000,0.415145
71.918000,0.415132
71.925000,0.415190
71.932000,0.415308
71.939000,0.415477
71.946000,0.415689
71.953000,0.415936
71.960000,0.416214
71.967000,0.416517
71.974000,0.416844
71.981000,0.417189
71.988000,0.417476
71.995000,0.417532
72.002000,0.417625
72.008000,0.417704
72.016000,0.417771
72.023000,0.417830
72.030000,0.417883
72.037000,0.417933
72.044000,0.417981
72.051000,0.418028
72.058000,0.418074
72.065000,0.418120
72.072000,0.418168
72.079000,0.418216
72.086000,0.417056
72.093000,0.415908
72.100000,0.414181
72.107000,0.411935
72.114000,0.409225
72.121000,0.406100
72.128000,0.402603
72.135000,0.398773
72.142000,0.394645
72.149000,0.390250
72.156000,0.385617
72.163000,0.380771
72.170000,0.375733
72.177000,0.370524
72.184000,0.365162
72.191000,0.359664
72.198000,0.354042
72.205000,0.348311
72.212000,0.342481
72.219000,0.336564
72.226000,0.330568
72.233000,0.324502
72.240000,0.318372
72.247000,0.312186
72.254000,0.305950
72.261000,0.299668
72.268000,0.293347
72.275000,0.286988
72.282000,0.280598
72.289000,0.274178
72.296000,0.267733
72.303000,0.261264
72.310000,0.254775
72.317000,0.248266
72.324000,0.241742
72.331000,0.235202
72.338000,0.228649
72.345000,0.222084
72.352000,0.215508
72.359000,0.208923
72.366000,0.202330
72.373000,0.195728
72.380000,0.189120
72.387000,0.182506
72.394000,0.175886
72.401000,0.169261
72.408000,0.162632
72.415000,0.155999
72.422000,0.149362
72.429000,0.142722
72.436000,0.136080
72.443000,0.129434
72.450000,0.122787
72.457000,0.116138
72.464000,0.109486
72.471000,0.102834
72.478000,0.096179
72.485000,0.089524
72.492000,0.082867
72.499000,0.076209
72.506000,0.069550
72.513000,0.062891
72.520000,0.056287
72.527000,0.050377
72.534000,0.045088
72.541000,0.040353
72.548000,0.036116
72.555000,0.032324
72.562000,0.028930
72.569000,0.025892
72.576000,0.023174
72.583000,0.020740
72.590000,0.018563
72.597000,0.016614
72.604000,0.014869
72.611000,0.013308
72.618000,0.011911
72.625000,0.010660
72.632000,0.009541
72.639000,0.008539
72.646000,0.007642
72.653000,0.006840
72.660000,0.006122
72.667000,0.005479
72.674000,0.004904
72.681000,0.004389
72.688000,0.003928
72.695000,0.003515
72.702000,0.003146
72.709000,0.002816
72.716000,0.002520
72.723000,0.002256
72.730000,0.002019
72.737000,0.001807
72.744000,0.001617
72.751000,0.001447
72.758000,0.001295
72.765000,0.001159
72.772000,0.001038
72.779000,0.000929
72.786000,0.000831
72.793000,0.000744
72.800000,0.000666
72.807000,0.000596
72.814000,0.000533
72.821000,0.000477
72.828000,0.000427
72.835000,0.000382
72.842000,0.000342
72.849000,0.000306
72.856000,0.000274
72.863000,0.000245
72.870000,0.000220
72.877000,0.000197
72.884000,0.000176
72.891000,0.000157
72.898000,0.000141
72.905000,0.000126
72.912000,0.000113
72.919000,0.000101
72.926000,0.000090
72.933000,0.000081
72.940000,0.000072
72.947000,0.000065
72.954000,0.000058
72.961000,0.000052
72.968000,0.000046
72.975000,0.000042
72.982000,0.000037
72.989000,0.000033
72.996000,0.000030
73.003000,0.000027
73.010000,0.000024
73.017000,0.000021
73.024000,0.000069
73.031000,0.000062
73.038000,0.000055
73.045000,0.000049
73.052000,0.000044
73.059000,0.000040
73.066000,0.000035
73.073000,0.000032
73.080000,0.000028
73.087000,0.000025
73.094000,0.000023
73.101000,0.000073
73.108000,0.000065
73.115000,0.000058
73.122000,0.000052
73.129000,0.000047
73.136000,0.000042
73.143000,0.000037
73.150000,0.000034
73.157000,0.000030
73.164000,0.000027
73.171000,0.000074
73.178000,0.000066
73.185000,0.000059
73.192000,0.000053
73.199000,0.000047
73.206000,0.000042
73.213000,0.000038
73.220000,0.000034
73.227000,0.000030
73.234000,0.000077
73.241000,0.000069
73.248000,0.000062
73.255000,0.000055
73.262000,0.000050
73.269000,0.000044
73.276000,0.000040
73.283000,0.000036
73.290000,0.000032
73.297000,0.000081
73.304000,0.000073
73.311000,0.000065
73.318000,0.000058
73.325000,0.000052
73.332000,0.000047
73.339000,0.000042
73.346000,0.000037
73.353000,0.000083
73.360000,0.000075
73.367000,0.000067
73.374000,0.000060
73.381000,0.000053
73.388000,0.000048
73.395000,0.000043
73.402000,0.000038
73.409000,0.000084
73.416000,0.000075
73.423000,0.000067
73.430000,0.000060
73.437000,0.000054
73.444000,0.000048
73.451000,0.000043
73.458000,0.000089
73.465000,0.000079
73.472000,0.000071
73.479000,0.000064
73.486000,0.000057
73.493000,0.000051
73.500000,0.000046
73.507000,0.000091
73.514000,0.000081
73.521000,0.000073
73.528000,0.000065
73.535000,0.000058
73.542000,0.000052
73.549000,0.000047
73.556000,0.000092
73.563000,0.000082
73.570000,0.000073
73.577000,0.000066
73.584000,0.000059
73.591000,0.000053
73.598000,0.000047
73.605000,0.000092
73.612000,0.000083
73.619000,0.000074
73.626000,0.000066
73.633000,0.000059
73.640000,0.000053
73.647000,0.000047
73.654000,0.000095
73.661000,0.000085
73.668000,0.000076
73.675000,0.000068
73.682000,0.000061
73.689000,0.000055
73.696000,0.000099
73.703000,0.000089
73.710000,0.000079
73.717000,0.000071
73.724000,0.000063
73.731000,0.000057
73.738000,0.000101
73.745000,0.000090
73.752000,0.000081
73.759000,0.000072
73.766000,0.000065
73.773000,0.000058
73.780000,0.000102
73.787000,0.000091
73.794000,0.000082
73.801000,0.000073
73.808000,0.000065
73.815000,0.000058
73.822000,0.000102
73.829000,0.000092
73.836000,0.000082
73.843000,0.000073
73.850000,0.000066
73.857000,0.000059
73.864000,0.000103
73.871000,0.000092
73.878000,0.000082
73.885000,0.000074
73.892000,0.000066
73.899000,0.000059
73.906000,0.000104
73.913000,0.000093
73.920000,0.000083
73.927000,0.000074
73.934000,0.000067
73.941000,0.000060
73.948000,0.000103
73.955000,0.000093
73.962000,0.000083
73.969000,0.000074
73.976000,0.000066
73.983000,0.000059
73.990000,0.000103
73.997000,0.000092
74.004000,0.000083
74.011000,0.000074
74.018000,0.000066
74.025000,0.000059
74.032000,0.000103
74.039000,0.000092
74.046000,0.000083
74.053000,0.000074
74.060000,0.000066
74.067000,0.000059
74.074000,0.000103
74.081000,0.000092
74.088000,0.000082
74.095000,0.000074
74.102000,0.000066
74.109000,0.000059
74.116000,0.000053
74.123000,0.000094
74.130000,0.000084
74.137000,0.000075
74.144000,0.000067
74.151000,0.000060
74.158000,0.000054
74.165000,0.000098
74.172000,0.000088
74.179000,0.000079
74.186000,0.000071
74.193000,0.000063
74.200000,0.000056
74.207000,0.000051
74.214000,0.000095
74.221000,0.000085
74.228000,0.000076
74.235000,0.000068
74.242000,0.000061
74.249000,0.000055
74.256000,0.000049
74.263000,0.000094
74.270000,0.000084
74.277000,0.000075
74.284000,0.000067
74.291000,0.000060
74.298000,0.000054
74.305000,0.000048
74.312000,0.000093
74.319000,0.000083
74.326000,0.000075
74.333000,0.000067
74.340000,0.000060
74.347000,0.000053
74.354000,0.000048
74.361000,0.000043
74.368000,0.000088
74.375000,0.000079
74.382000,0.000071
74.389000,0.000063
74.396000,0.000057
74.403000,0.000051
74.410000,0.000045
74.417000,0.000041
74.424000,0.000086
74.431000,0.000077
74.438000,0.000069
74.445000,0.000062
74.452000,0.000055
74.459000,0.000050
74.466000,0.000044
74.473000,0.000040
74.480000,0.000085
74.487000,0.000076
74.494000,0.000068
74.501000,0.000061
74.508000,0.000055
74.515000,0.000049
74.522000,0.000044
74.529000,0.000039
74.536000,0.000035
74.543000,0.000081
74.550000,0.000073
74.557000,0.000065
74.564000,0.000058
74.571000,0.000052
74.578000,0.000047
74.585000,0.000042
74.592000,0.000037
74.599000,0.000034
74.606000,0.000080
74.613000,0.000072
74.620000,0.000064
74.627000,0.000057
74.634000,0.000051
74.641000,0.000046
74.648000,0.000041
74.655000,0.000037
74.662000,0.000033
74.669000,0.000029
74.676000,0.000076
74.683000,0.000068
74.690000,0.000061
74.697000,0.000055
74.704000,0.000049
74.711000,0.000044
74.718000,0.000039
74.725000,0.000035
74.732000,0.000031
74.739000,0.000028
74.746000,0.000025
74.753000,0.000072
74.760000,0.000065
74.767000,0.000058
74.774000,0.000052
74.781000,0.000046
74.788000,0.000042
74.795000,0.000037
74.802000,0.000033
74.809000,0.000030
74.816000,0.000027
74.823000,0.000024
74.830000,0.000021
74.837000,0.000069
74.844000,0.000062
74.851000,0.000055
74.858000,0.000049
74.865000,0.000044
74.872000,0.000040
74.879000,0.000035
74.886000,0.000032
74.893000,0.000028
74.900000,0.000025
74.907000,0.000023
74.914000,0.000020
74.921000,0.000018
74.928000,0.000016
74.935000,0.000061
74.942000,0.000055
74.949000,0.000049
74.956000,0.000044
74.963000,0.000039
74.970000,0.000035
74.977000,0.000031
74.984000,0.000028
74.991000,0.000025
74.998000,0.000023
75.005000,0.000020
75.012000,0.000018
75.019000,0.000016
75.026000,0.000014
75.033000,0.000013
75.040000,0.000012
75.047000,0.000060
75.054000,0.000054
75.061000,0.000048
75.068000,0.000043
75.075000,0.000039
75.082000,0.000035
75.089000,0.000031
75.096000,0.000028
75.103000,0.000025
75.110000,0.000022
75.117000,0.000020
75.124000,0.000018
75.131000,0.000016
75.138000,0.000014
75.145000,0.000013
75.152000,0.000011
75.159000,0.000010
75.166000,0.000009
75.173000,0.000058
75.180000,0.000052
75.187000,0.000047
75.194000,0.000042
75.201000,0.000037
75.208000,0.000034
75.215000,0.000030
75.222000,0.000027
75.229000,0.000024
75.236000,0.000022
75.243000,0.000019
75.250000,0.000017
75.257000,0.000015
75.264000,0.000014
75.271000,0.000012
75.278000,0.000011
75.285000,0.000010
75.292000,0.000009
75.299000,0.000058
75.306000,0.000052
75.313000,0.000047
75.320000,0.000042
75.327000,0.000037
75.334000,0.000033
75.341000,0.000030
75.348000,0.000027
75.355000,0.000024
75.362000,0.000021
75.369000,0.000019
75.376000,0.000017
75.383000,0.000015
75.390000,0.000014
75.397000,0.000012
75.404000,0.000011
75.411000,0.000010
75.418000,0.000009
75.425000,0.000008
75.432000,0.000058
75.439000,0.000052
75.446000,0.000046
75.453000,0.000041
75.460000,0.000037
75.467000,0.000033
75.474000,0.000030
75.481000,0.000027
75.488000,0.000024
75.495000,0.000021
75.502000,0.000019
75.509000,0.000017
75.516000,0.000015
75.523000,0.000014
75.530000,0.000012
75.537000,0.000011
75.544000,0.000010
75.551000,0.000009
75.558000,0.000008
75.565000,0.000007
75.572000,0.000006
75.579000,0.000006
75.586000,0.000005
75.593000,0.000004
75.600000,0.000004
75.607000,0.000004
75.614000,0.000003
75.621000,0.000003
75.628000,0.000003
75.635000,0.000002
75.642000,0.000002
75.649000,0.000002
75.656000,0.000002
75.663000,0.000001
75.670000,0.000001
75.677000,0.000001
75.684000,0.000001
75.691000,0.000001
75.698000,0.000001
75.705000,0.000001
75.712000,0.000001
75.719000,0.000001
75.726000,0.000001
75.733000,0.000000
75.740000,0.000000
75.747000,0.000000
75.754000,0.000000
75.761000,0.000000
75.768000,0.000000
75.775000,0.000000
75.782000,0.000000
75.789000,0.000000
75.796000,0.000000
75.803000,0.000000
75.810000,0.000000
75.817000,0.000000
75.824000,0.000000
75.831000,0.000000
75.838000,0.000000
75.845000,0.000000
75.852000,0.000000
75.859000,0.000000
75.866000,0.000000
75.873000,0.000000
75.880000,0.000000
75.887000,0.000000
75.894000,0.000000
75.901000,0.000000
75.908000,0.000000
75.915000,0.000000
75.922000,0.000000
75.929000,0.000000
75.936000,0.000000
75.943000,0.000000
75.950000,0.000000
75.955000,0.000000
75.964000,0.000000
75.971000,0.000000
75.978000,0.000000
75.985000,0.000000
75.992000,0.000000
75.999000,0.000000
76.006000,0.000000
76.013000,0.000000
76.020000,0.000000
76.027000,0.000000
76.034000,0.000000
76.041000,0.000000
76.048000,0.000000
76.055000,0.000000
76.062000,0.000000
76.069000,0.000000
76.076000,0.000000
76.083000,0.000000
76.090000,0.000000
76.097000,0.000000
76.103000,0.000000
76.111000,0.000000
76.118000,0.000000
76.125000,0.000000
76.132000,0.000000
76.139000,0.000000
76.146000,0.000000
76.153000,0.000000
76.160000,0.000000
76.167000,0.000000
76.174000,0.000000
76.181000,0.000000
76.188000,0.000000
76.195000,0.000000
76.202000,0.000000
76.209000,0.000000
76.216000,0.000000
76.223000,0.000000
76.230000,0.000000
76.237000,0.000000
76.244000,0.000000
76.251000,0.000000
76.258000,0.000000
76.265000,0.000000
76.272000,0.000000
76.279000,0.000000
76.286000,0.000000
76.293000,0.000000
76.300000,0.000000
76.307000,0.000000
76.314000,0.000000
76.321000,0.000000
76.328000,0.000000
76.335000,0.000000
76.342000,0.000000
76.349000,0.000000
76.356000,0.000000
76.363000,0.000000
76.370000,0.000000
76.377000,0.000000
76.384000,0.000000
76.391000,0.000000
76.398000,0.000000
76.405000,0.000000
76.412000,0.000000
76.419000,0.000000
76.426000,0.000000
76.433000,0.000000
76.440000,0.000000
76.447000,0.000000
76.454000,0.000000
76.461000,0.000000
76.468000,0.000000
76.475000,0.000000
76.482000,0.000000
76.489000,0.000000
76.496000,0.000000
76.503000,0.000000
76.510000,0.000000
76.517000,0.000000
76.524000,0.000000
76.531000,0.000000
76.538000,0.000000
76.545000,0.000000
76.552000,0.000000
76.559000,0.000000
76.566000,0.000000
76.573000,0.000000
76.580000,0.000000
76.587000,0.000000
76.594000,0.000000
76.601000,0.000000
76.608000,0.000000
76.615000,0.000000
76.622000,0.000000
76.629000,0.000000
76.636000,0.000000
76.643000,0.000000
76.650000,0.000000
76.657000,0.000000
76.664000,0.000000
76.671000,0.000000
76.678000,0.000000
76.685000,0.000000
76.692000,0.000000
76.699000,0.000000
76.706000,0.000000
76.713000,0.000000
76.720000,0.000000
76.727000,0.000000
76.734000,0.000000
76.741000,0.000000
76.748000,0.000000
76.755000,0.000000
76.762000,0.000000
76.769000,0.000000
76.776000,0.000000
76.783000,0.000000
76.790000,0.000000
76.797000,0.000000
76.804000,0.000000
76.811000,0.000000
76.818000,0.000000
76.825000,0.000000
76.832000,0.000000
76.839000,0.000000
76.846000,0.000000
76.853000,0.000000
76.860000,0.000000
76.867000,0.000000
76.874000,0.000000
76.881000,0.000000
76.888000,0.000000
76.895000,0.000000
76.902000,0.000000
76.909000,0.000000
76.916000,0.000000
76.923000,0.000000
76.930000,0.000000
76.937000,0.000000
76.944000,0.000000
76.951000,0.000000
76.958000,0.000000
76.965000,0.000000
76.972000,0.000000
76.979000,0.000000
76.986000,0.000000
76.993000,0.000000
77.000000,0.000000
77.007000,0.000000
77.014000,0.000000
77.021000,0.000000
77.028000,0.000000
77.035000,0.000000
77.042000,0.000000
77.049000,0.000000
77.056000,0.000000
77.063000,0.000000
77.070000,0.000000
77.077000,0.000000
77.084000,0.000000
77.091000,0.000000
77.098000,0.000000
77.105000,0.000000
77.112000,0.000000
77.119000,0.000000
77.126000,0.000000
77.133000,0.000000
77.140000,0.000000
77.147000,0.000000
77.154000,0.000000
77.161000,0.000000
77.168000,0.000000
77.175000,0.000000
77.182000,0.000000
77.189000,0.000000
77.196000,0.000000
77.203000,0.000000
77.210000,0.000000
77.217000,0.000000
77.224000,0.000000
77.231000,0.000000
77.238000,0.000000
77.245000,0.000000
77.252000,0.000000
77.259000,0.000000
77.266000,0.000000
77.273000,0.000000
77.280000,0.000000
77.287000,0.000000
77.294000,0.000000
77.301000,0.000000
77.308000,0.000000
77.315000,0.000000
77.322000,0.000000
77.329000,0.000000
77.336000,0.000000
77.343000,0.000000
77.350000,0.000000
77.357000,0.000000
77.364000,0.000000
77.371000,0.000000
77.378000,0.000000
77.385000,0.000000
77.392000,0.000000
77.399000,0.000000
77.406000,0.000000
77.413000,0.000000
77.420000,0.000000
77.427000,0.000000
77.434000,0.000000
77.441000,0.000000
77.448000,0.000000
77.455000,0.000000
77.462000,0.000000
77.469000,0.000000
77.476000,0.000000
77.483000,0.000000
77.490000,0.000000
77.497000,0.000000
77.504000,0.000000
77.511000,0.000000
77.518000,0.000000
77.525000,0.000000
77.532000,0.000000
77.539000,0.000000
77.546000,0.000000
77.553000,0.000000
77.560000,0.000000
77.567000,0.000000
77.574000,0.000093
77.581000,0.000083
77.588000,0.000075
77.595000,0.000067
77.602000,0.000060
77.609000,0.000053
77.616000,0.000048
77.623000,0.000043
77.630000,0.000038
77.636000,0.000034
77.644000,0.000031
77.651000,0.000027
77.658000,0.000025
77.665000,0.000022
77.672000,0.000020
77.679000,0.000018
77.686000,0.000016
77.693000,0.000014
77.700000,0.000013
77.707000,0.000011
77.714000,0.000010
77.721000,0.000009
77.728000,0.000008
77.735000,0.000007
77.742000,0.000006
77.749000,0.000006
77.756000,0.000005
77.763000,0.000005
77.770000,0.000004
77.777000,0.000004
77.784000,0.000003
77.791000,0.000003
77.798000,0.000003
77.805000,0.000002
77.812000,0.000002
77.819000,0.000002
77.826000,0.000002
77.833000,0.000002
77.840000,0.000001
77.847000,0.000001
77.854000,0.000001
77.861000,0.000001
77.868000,0.000001
77.875000,0.000001
77.882000,0.000001
77.889000,0.000001
77.895000,0.000001
77.903000,0.000001
77.910000,0.000000
77.917000,0.000000
77.924000,0.000000
77.931000,0.000000
77.938000,0.000000
77.945000,0.000000
77.952000,0.000000
77.959000,0.000000
77.966000,0.000000
77.973000,0.000000
77.980000,0.000000
77.987000,0.000000
77.994000,0.000000
78.001000,0.000000
78.008000,0.000000
78.015000,0.000000
78.022000,0.000000
78.029000,0.000000
78.036000,0.000000
78.043000,0.000000
78.050000,0.000000
78.057000,0.000000
78.064000,0.000000
78.071000,0.000000
78.078000,0.000000
78.085000,0.000000
78.092000,0.000000
78.099000,0.000000
78.106000,0.000000
78.113000,0.000000
78.120000,0.000000
78.127000,0.000000
78.134000,0.000000
78.141000,0.000000
78.148000,0.000000
78.155000,0.000000
78.162000,0.000000
78.169000,0.000000
78.176000,0.000000
78.183000,0.000000
78.190000,0.000000
78.197000,0.000000
78.204000,0.000000
78.211000,0.000000
78.218000,0.000000
78.225000,0.000000
78.232000,0.000000
78.239000,0.000000
78.246000,0.000000
78.253000,0.000000
78.260000,0.000000
78.267000,0.000000
78.274000,0.000000
78.281000,0.000000
78.288000,0.000000
78.295000,0.000000
78.302000,0.000000
78.309000,0.000000
78.316000,0.000000
78.323000,0.000000
78.330000,0.000000
78.337000,0.000000
78.344000,0.000000
78.351000,0.000000
78.358000,0.000000
78.365000,0.000000
78.372000,0.000000
78.379000,0.000000
78.386000,0.000000
78.393000,0.000000
78.400000,0.000000
78.407000,0.000000
78.414000,0.000000
78.421000,0.000000
78.428000,0.000000
78.435000,0.000000
78.442000,0.000000
78.449000,0.000000
78.456000,0.000000
78.463000,0.000000
78.470000,0.000000
78.477000,0.000000
78.484000,0.000000
78.491000,0.000000
78.498000,0.000000
78.505000,0.000000
78.512000,0.000000
78.519000,0.000000
78.526000,0.000000
78.533000,0.000000
78.540000,0.000000
78.547000,0.000000
78.554000,0.000000
78.561000,0.000000
78.568000,0.000000
78.575000,0.000000
78.582000,0.000000
78.589000,0.000000
78.596000,0.000000
78.603000,0.000000
78.610000,-0.000000
78.617000,0.000011
78.624000,0.000010
78.631000,0.000009
78.638000,0.000008
78.645000,0.000007
78.652000,0.000006
78.659000,0.000006
78.666000,0.000005
78.673000,0.000004
78.680000,0.000004
78.687000,0.000004
78.694000,0.000003
78.701000,0.000003
78.708000,0.000003
78.715000,0.000002
78.722000,0.000002
78.729000,0.000002
78.736000,0.000002
78.743000,0.000001
78.750000,0.000001
78.757000,0.000001
78.764000,0.000001
78.771000,0.000001
78.778000,0.000001
78.785000,0.000001
78.792000,0.000001
78.799000,0.000001
78.806000,0.000001
78.813000,0.000000
78.820000,0.000000
78.827000,0.000000
78.834000,0.000000
78.841000,0.000000
78.848000,0.000000
78.855000,0.000000
78.862000,0.000000
78.869000,0.000000
78.876000,0.000000
78.883000,0.000000
78.890000,0.000000
78.897000,0.000000
78.904000,0.000000
78.911000,0.000000
78.918000,0.000000
78.925000,0.000000
78.932000,0.000000
78.939000,0.000000
78.946000,0.000000
78.953000,0.000000
78.960000,0.000000
78.967000,0.000000
78.974000,0.000000
78.981000,0.000000
78.988000,0.000000
78.995000,0.000000
79.002000,0.000000
79.009000,0.000000
79.016000,0.000000
79.023000,0.000000
79.030000,0.000000
79.037000,0.000000
79.044000,0.000000
79.051000,0.000000
79.058000,0.000000
79.065000,0.000000
79.072000,0.000000
79.079000,0.000000
79.086000,0.000000
79.093000,0.000000
79.100000,0.000000
79.107000,0.000000
79.114000,0.000000
79.121000,0.000000
79.128000,0.000000
79.135000,0.000000
79.142000,0.000000
79.149000,0.000000
79.156000,0.000000
79.163000,0.000000
79.170000,0.000000
79.177000,0.000000
79.184000,0.000000
79.191000,0.000000
79.198000,0.000000
79.205000,0.000000
79.211000,0.000000
79.219000,0.000000
79.226000,0.000000
79.233000,0.000000
79.240000,0.000000
79.247000,0.000000
79.254000,0.000000
79.261000,0.000000
79.268000,0.000000
79.275000,0.000000
79.282000,0.000000
79.289000,0.000000
79.296000,0.000000
79.303000,0.000000
79.310000,0.000000
79.317000,0.000000
79.324000,0.000000
79.331000,0.000000
79.338000,0.000000
79.345000,0.000000
79.352000,0.000000
79.359000,0.000000
79.366000,0.000000
79.373000,0.000000
79.380000,0.000000
79.387000,0.000000
79.394000,0.000000
79.401000,0.000000
79.408000,0.000000
79.415000,0.000000
79.422000,0.000000
79.429000,0.000000
79.436000,0.000000
79.443000,0.000000
79.450000,0.000000
79.457000,0.000000
79.464000,0.000000
79.471000,0.000000
79.478000,0.000000
79.485000,-0.000000
79.492000,-0.000000
79.499000,-0.000000
79.506000,-0.000000
79.513000,-0.000000
79.520000,-0.000000
79.527000,-0.000000
79.534000,-0.000000
79.541000,-0.000000
79.548000,-0.000000
79.555000,-0.000000
79.562000,-0.000000
79.569000,-0.000000
79.576000,-0.000000
79.583000,-0.000000
79.590000,-0.000000
79.597000,-0.000000
79.604000,-0.000000
79.610000,-0.000000
79.618000,-0.000000
79.625000,-0.000000
79.632000,-0.000000
79.639000,-0.000000
79.646000,-0.000000
79.653000,-0.000000
79.660000,-0.000000
79.667000,-0.000000
79.674000,-0.000000
79.681000,-0.000000
79.688000,-0.000000
79.695000,-0.000000
79.702000,-0.000000
79.709000,-0.000000
79.716000,-0.000000
79.723000,-0.000000
79.730000,-0.000000
79.737000,-0.000000
79.744000,-0.000000
79.751000,-0.000000
79.758000,-0.000000
79.765000,-0.000000
79.772000,-0.000000
79.779000,-0.000000
79.786000,-0.000000
79.793000,-0.000000
79.800000,-0.000000
79.807000,-0.000000
79.813000,-0.000000
79.821000,-0.000000
79.828000,-0.000000
79.834000,-0.000000
79.842000,-0.000000
79.849000,-0.000000
79.856000,-0.000000
79.863000,-0.000000
79.870000,-0.000000
79.877000,-0.000000
79.884000,-0.000000
79.891000,-0.000000
79.898000,-0.000000
79.905000,-0.000000
79.912000,-0.000000
79.919000,-0.000000
79.926000,-0.000000
79.933000,-0.000000
79.940000,-0.000000
79.947000,-0.000000
79.954000,-0.000000
79.961000,-0.000000
79.968000,-0.000000
79.975000,-0.000000
79.982000,-0.000000
79.989000,-0.000000
79.996000,-0.000000
80.003000,-0.000000
80.010000,-0.000000
80.017000,-0.000000
80.024000,-0.000000
80.031000,-0.000000
80.038000,-0.000000
80.045000,-0.000000
80.052000,-0.000000
80.059000,-0.000000
80.066000,-0.000000
80.073000,-0.000000
80.080000,-0.000000
80.087000,-0.000000
80.094000,-0.000000
80.101000,-0.000000
80.108000,-0.000000
80.115000,-0.000000
80.122000,-0.000000
80.129000,-0.000000
80.136000,-0.000000
80.143000,-0.000000
80.150000,-0.000000
80.157000,-0.000000
80.164000,-0.000000
80.171000,-0.000000
80.178000,-0.000000
80.185000,-0.000000
80.192000,-0.000000
80.199000,-0.000000
80.206000,-0.000000
80.213000,-0.000000
80.220000,-0.000000
80.227000,-0.000000
80.234000,-0.000000
80.241000,-0.000000
80.248000,-0.000000
80.255000,-0.000000
80.262000,-0.000000
80.269000,-0.000000
80.276000,-0.000000
80.283000,-0.000000
80.290000,-0.000000
80.297000,-0.000000
80.304000,-0.000000
80.311000,-0.000000
80.318000,-0.000000
80.325000,-0.000000
80.332000,-0.000000
80.339000,-0.000000
80.346000,-0.000000
80.353000,-0.000000
80.360000,-0.000000
80.367000,-0.000000
80.374000,-0.000000
80.381000,-0.000000
80.388000,-0.000000
80.395000,-0.000000
80.402000,-0.000000
80.409000,-0.000000
80.416000,-0.000000
80.423000,-0.000000
80.430000,-0.000000
80.437000,-0.000000
80.444000,-0.000000
80.451000,-0.000000
80.458000,-0.000000
80.465000,-0.000000
80.472000,-0.000000
80.479000,-0.000000
