entity,sim_t,x,y,z,qx,qy,qz,qw
arm_1,476.689000,0.000000,-0.350000,0.600000,0.000000,0.000000,0.707107,0.707107
arm_1,476.705000,0.000000,-0.350000,0.600000,0.000000,0.000000,0.707107,0.707107
arm_1,476.721000,0.000000,-0.350000,0.600000,0.000000,0.000000,0.707107,0.707107
arm_1,476.738000,0.000000,-0.350000,0.600000,0.000000,0.000000,0.707107,0.707107
arm_1,476.755000,0.000000,-0.350000,0.600000,0.000000,0.000000,0.707107,0.707107
arm_1,476.771000,0.000000,-0.350000,0.600000,0.000000,0.000000,0.707107,0.707107
arm_1,476.788000,0.000000,-0.350000,0.600000,0.000000,0.000000,0.707107,0.707107
arm_1,476.805000,0.000000,-0.350000,0.600000,0.000000,0.000000,0.707107,0.707107
arm_1,476.823000,0.000000,-0.350000,0.600000,0.000000,0.000000,0.707107,0.707107
arm_1,476.840000,0.000000,-0.350000,0.600000,0.000000,0.000000,0.707107,0.707107
arm_1,476.856000,0.000000,-0.350000,0.600000,0.000000,0.000000,0.707107,0.707107
arm_1,476.872000,0.000000,-0.350000,0.600000,0.000000,0.000000,0.707107,0.707107
arm_1,476.888000,0.000000,-0.350000,0.600000,0.000000,0.000000,0.707107,0.707107
arm_1,476.905000,0.000000,-0.350000,0.600000,0.000000,0.000000,0.707107,0.707107
arm_1,476.922000,0.000000,-0.350000,0.600000,0.000000,0.000000,0.707107,0.707107
arm_1,476.939000,0.000000,-0.350000,0.600000,0.000000,0.000000,0.707107,0.707107
arm_1,476.956000,0.000000,-0.350000,0.600000,0.000000,0.000000,0.707107,0.707107
arm_1,476.973000,0.000000,-0.350000,0.600000,0.000000,0.000000,0.707107,0.707107
arm_1,476.990000,0.000000,-0.350000,0.600000,0.000000,0.000000,0.707107,0.707107
arm_1,477.007000,0.000000,-0.350000,0.600000,0.000000,0.000000,0.707107,0.707107
arm_1,477.024000,0.000000,-0.350000,0.600000,0.000000,0.000000,0.707107,0.707107
arm_1,477.041000,0.000000,-0.350000,0.600000,0.000000,0.000000,0.707107,0.707107
arm_1,477.058000,0.000000,-0.350000,0.600000,0.000000,0.000000,0.707107,0.707107
arm_1,477.075000,0.000000,-0.350000,0.600000,0.000000,0.000000,0.707107,0.707107
arm_1,477.092000,0.000000,-0.350000,0.600000,0.000000,0.000000,0.707107,0.707107
arm_1,477.106000,0.000000,-0.350000,0.600000,0.000000,0.000000,0.707107,0.707107
arm_1,477.121000,0.000000,-0.350000,0.600000,0.000000,0.000000,0.707107,0.707107
arm_1,477.138000,0.000000,-0.350000,0.600000,0.000000,0.000000,0.707107,0.707107
arm_1,477.156000,0.000000,-0.350000,0.600000,0.000000,0.000000,0.707107,0.707107
arm_1,477.173000,0.000000,-0.350000,0.600000,0.000000,0.000000,0.707107,0.707107
arm_1,477.189000,0.000000,-0.350000,0.600000,0.000000,0.000000,0.707107,0.707107
arm_1,477.206000,0.000000,-0.350000,0.600000,0.000000,0.000000,0.707107,0.707107
arm_1,477.223000,0.000000,-0.350000,0.600000,0.000000,0.000000,0.707107,0.707107
arm_1,477.240000,0.000000,-0.350000,0.600000,0.000000,0.000000,0.707107,0.707107
arm_1,477.257000,0.000000,-0.350000,0.600000,0.000000,0.000000,0.707107,0.707107
arm_1,477.274000,0.000000,-0.350000,0.600000,0.000000,0.000000,0.707107,0.707107
arm_1,477.291000,0.000000,-0.350000,0.600000,0.000000,0.000000,0.707107,0.707107
arm_1,477.309000,0.000000,-0.350000,0.600000,0.000000,0.000000,0.707107,0.707107
arm_1,477.325000,0.000000,-0.350000,0.600000,0.000000,0.000000,0.707107,0.707107
arm_1,477.341000,0.000000,-0.350000,0.600000,0.000000,0.000000,0.707107,0.707107
arm_1,477.358000,0.000000,-0.350000,0.600000,0.000000,0.000000,0.707107,0.707107
arm_1,477.375000,0.000000,-0.350000,0.600000,0.000000,0.000000,0.707107,0.707107
arm_1,477.392000,0.000000,-0.350000,0.600000,0.000000,0.000000,0.707107,0.707107
arm_1,477.409000,0.000000,-0.350000,0.600000,0.000000,0.000000,0.707107,0.707107
arm_1,477.427000,0.000000,-0.350000,0.600000,0.000000,0.000000,0.707107,0.707107
arm_1,477.444000,0.000000,-0.350000,0.600000,0.000000,0.000000,0.707107,0.707107
arm_1,477.460000,0.000000,-0.350000,0.600000,0.000000,0.000000,0.707107,0.707107
arm_1,477.476000,0.000000,-0.350000,0.600000,0.000000,0.000000,0.707107,0.707107
arm_1,477.492000,0.000000,-0.350000,0.600000,0.000000,0.000000,0.707107,0.707107
arm_1,477.508000,0.000000,-0.350000,0.600000,0.000000,0.000000,0.707107,0.707107
arm_1,477.524000,0.000000,-0.350000,0.600000,0.000000,0.000000,0.707107,0.707107
arm_1,477.541000,0.000000,-0.350000,0.600000,0.000000,0.000000,0.707107,0.707107
arm_1,477.558000,0.000000,-0.350000,0.600000,0.000000,0.000000,0.707107,0.707107
arm_1,477.575000,0.000000,-0.350000,0.600000,0.000000,0.000000,0.707107,0.707107
arm_1,477.592000,0.000000,-0.350000,0.600000,0.000000,0.000000,0.707107,0.707107
arm_1,477.609000,0.000000,-0.350000,0.600000,0.000000,0.000000,0.707107,0.707107
arm_1,477.626000,0.000000,-0.350000,0.600000,0.000000,0.000000,0.707107,0.707107
arm_1,477.642000,0.000000,-0.350000,0.600000,0.000000,0.000000,0.707107,0.707107
arm_1,477.658000,0.000000,-0.350000,0.600000,0.000000,0.000000,0.707107,0.707107
arm_1,477.673000,0.000000,-0.350000,0.600000,0.000000,0.000000,0.707107,0.707107
arm_1,477.690000,0.000000,-0.350000,0.600000,0.000000,0.000000,0.707107,0.707107
arm_1,477.707000,0.000000,-0.350000,0.600000,0.000000,0.000000,0.707107,0.707107
arm_1,477.724000,0.000000,-0.350000,0.600000,0.000000,0.000000,0.707107,0.707107
arm_1,477.741000,0.000000,-0.350000,0.600000,0.000000,0.000000,0.707107,0.707107
arm_1,477.758000,0.000000,-0.350000,0.600000,0.000000,0.000000,0.707107,0.707107
arm_1,477.775000,0.000000,-0.350000,0.600000,0.000000,0.000000,0.707107,0.707107
arm_1,477.792000,0.000000,-0.350000,0.600000,0.000000,0.000000,0.707107,0.707107
arm_1,477.809000,0.000000,-0.350000,0.600000,0.000000,0.000000,0.707107,0.707107
arm_1,477.825000,0.000000,-0.350000,0.600000,0.000000,0.000000,0.707107,0.707107
arm_1,477.842000,0.000000,-0.350000,0.600000,0.000000,0.000000,0.707107,0.707107
arm_1,477.859000,0.000000,-0.350000,0.600000,0.000000,0.000000,0.707107,0.707107
arm_1,477.876000,0.000000,-0.350000,0.600000,0.000000,0.000000,0.707107,0.707107
arm_1,477.892000,0.000000,-0.350000,0.600000,0.000000,0.000000,0.707107,0.707107
arm_1,477.909000,0.000000,-0.350000,0.600000,0.000000,0.000000,0.707107,0.707107
arm_1,477.926000,0.000000,-0.350000,0.600000,0.000000,0.000000,0.707107,0.707107
arm_1,477.943000,0.000000,-0.350000,0.600000,0.000000,0.000000,0.707107,0.707107
arm_1,477.960000,0.000000,-0.350000,0.600000,0.000000,0.000000,0.707107,0.707107
arm_1,477.977000,0.000000,-0.350000,0.600000,0.000000,0.000000,0.707107,0.707107
arm_1,477.994000,0.000000,-0.350000,0.600000,0.000000,0.000000,0.707107,0.707107
arm_1,478.011000,0.000000,-0.350000,0.600000,0.000000,0.000000,0.707107,0.707107
arm_1,478.028000,0.000000,-0.350000,0.600000,0.000000,0.000000,0.707107,0.707107
arm_1,478.045000,0.000000,-0.350000,0.600000,0.000000,0.000000,0.707107,0.707107
arm_1,478.062000,0.000000,-0.350000,0.600000,0.000000,0.000000,0.707107,0.707107
arm_1,478.079000,0.000000,-0.350000,0.600000,0.000000,0.000000,0.707107,0.707107
arm_1,478.096000,0.000000,-0.350000,0.600000,0.000000,0.000000,0.707107,0.707107
arm_1,478.112000,0.000000,-0.350000,0.600000,0.000000,0.000000,0.707107,0.707107
arm_1,478.127000,0.000000,-0.350000,0.600000,0.000000,0.000000,0.707107,0.707107
arm_1,478.144000,0.000000,-0.350000,0.600000,0.000000,0.000000,0.707107,0.707107
arm_1,478.161000,0.000000,-0.350000,0.600000,0.000000,0.000000,0.707107,0.707107
arm_1,478.178000,0.000000,-0.350000,0.600000,0.000000,0.000000,0.707107,0.707107
arm_1,478.195000,0.000000,-0.350000,0.600000,0.000000,0.000000,0.707107,0.707107
arm_1,478.212000,0.000000,-0.350000,0.600000,0.000000,0.000000,0.707107,0.707107
arm_1,478.229000,0.000000,-0.350000,0.600000,0.000000,0.000000,0.707107,0.707107
arm_1,478.246000,0.000000,-0.350000,0.600000,0.000000,0.000000,0.707107,0.707107
arm_1,478.263000,0.000000,-0.350000,0.600000,0.000000,0.000000,0.707107,0.707107
arm_1,478.280000,0.000000,-0.350000,0.600000,0.000000,0.000000,0.707107,0.707107
arm_1,478.296000,0.000000,-0.350000,0.600000,0.000000,0.000000,0.707107,0.707107
arm_1,478.311000,0.000000,-0.350000,0.600000,0.000000,0.000000,0.707107,0.707107
arm_1,478.328000,0.000000,-0.350000,0.600000,0.000000,0.000000,0.707107,0.707107
arm_1,478.344000,0.000000,-0.350000,0.600000,0.000000,0.000000,0.707107,0.707107
arm_1,478.360000,0.000000,-0.350000,0.600000,0.000000,0.000000,0.707107,0.707107
arm_1,478.377000,0.000000,-0.350000,0.600000,0.000000,0.000000,0.707107,0.707107
arm_1,478.394000,0.000000,-0.350000,0.600000,0.000000,0.000000,0.707107,0.707107
arm_1,478.411000,0.000000,-0.350000,0.600000,0.000000,0.000000,0.707107,0.707107
arm_1,478.428000,0.000000,-0.350000,0.600000,0.000000,0.000000,0.707107,0.707107
arm_1,478.445000,0.000000,-0.350000,0.600000,0.000000,0.000000,0.707107,0.707107
arm_1,478.459000,0.000000,-0.350000,0.600000,0.000000,0.000000,0.707107,0.707107
arm_1,478.475000,0.000000,-0.350000,0.600000,0.000000,0.000000,0.707107,0.707107
arm_1,478.492000,0.000000,-0.350000,0.600000,0.000000,0.000000,0.707107,0.707107
arm_1,478.509000,0.000000,-0.350000,0.600000,0.000000,0.000000,0.707107,0.707107
arm_1,478.526000,0.000000,-0.350000,0.600000,0.000000,0.000000,0.707107,0.707107
arm_1,478.543000,0.000000,-0.350000,0.600000,0.000000,0.000000,0.707107,0.707107
arm_1,478.560000,0.000000,-0.350000,0.600000,0.000000,0.000000,0.707107,0.707107
arm_1,478.577000,0.000000,-0.350000,0.600000,0.000000,0.000000,0.707107,0.707107
arm_1,478.594000,0.000000,-0.350000,0.600000,0.000000,0.000000,0.707107,0.707107
arm_1,478.610000,0.000000,-0.350000,0.600000,0.000000,0.000000,0.707107,0.707107
arm_1,478.627000,0.000000,-0.350000,0.600000,0.000000,0.000000,0.707107,0.707107
arm_1,478.644000,0.000000,-0.350000,0.600000,0.000000,0.000000,0.707107,0.707107
arm_1,478.661000,0.000000,-0.350000,0.600000,0.000000,0.000000,0.707107,0.707107
arm_1,478.679000,0.000000,-0.350000,0.600000,0.000000,0.000000,0.707107,0.707107
arm_1,478.696000,0.000000,-0.350000,0.600000,0.000000,0.000000,0.707107,0.707107
arm_1,478.713000,0.000000,-0.350000,0.600000,0.000000,0.000000,0.707107,0.707107
arm_1,478.730000,0.000000,-0.350000,0.600000,0.000000,0.000000,0.707107,0.707107
arm_1,478.747000,0.000000,-0.350000,0.600000,0.000000,0.000000,0.707107,0.707107
arm_1,478.764000,0.000000,-0.350000,0.600000,0.000000,0.000000,0.707107,0.707107
arm_1,478.781000,0.000000,-0.350000,0.600000,0.000000,0.000000,0.707107,0.707107
arm_1,478.798000,0.000000,-0.350000,0.600000,0.000000,0.000000,0.707107,0.707107
arm_1,478.814000,0.000000,-0.350000,0.600000,0.000000,0.000000,0.707107,0.707107
arm_1,478.831000,0.000000,-0.350000,0.600000,0.000000,0.000000,0.707107,0.707107
arm_1,478.847000,0.000000,-0.350000,0.600000,0.000000,0.000000,0.707107,0.707107
arm_1,478.864000,0.000000,-0.350000,0.600000,0.000000,0.000000,0.707107,0.707107
arm_1,478.881000,0.000000,-0.350000,0.600000,0.000000,0.000000,0.707107,0.707107
arm_1,478.898000,0.000000,-0.350000,0.600000,0.000000,0.000000,0.707107,0.707107
arm_1,478.915000,0.000000,-0.350000,0.600000,0.000000,0.000000,0.707107,0.707107
arm_1,478.932000,0.000000,-0.350000,0.600000,0.000000,0.000000,0.707107,0.707107
arm_1,478.949000,0.000000,-0.350000,0.600000,0.000000,0.000000,0.707107,0.707107
arm_1,478.966000,0.000000,-0.350000,0.600000,0.000000,0.000000,0.707107,0.707107
arm_1,478.983000,0.000000,-0.350000,0.600000,0.000000,0.000000,0.707107,0.707107
arm_1,479.000000,0.000000,-0.350000,0.600000,0.000000,0.000000,0.707107,0.707107
arm_1,479.017000,0.000000,-0.350000,0.600000,0.000000,0.000000,0.707107,0.707107
arm_1,479.034000,0.000000,-0.350000,0.600000,0.000000,0.000000,0.707107,0.707107
arm_1,479.051000,0.000000,-0.350000,0.600000,0.000000,0.000000,0.707107,0.707107
arm_1,479.068000,0.000000,-0.350000,0.600000,0.000000,0.000000,0.707107,0.707107
arm_1,479.085000,0.000000,-0.350000,0.600000,0.000000,0.000000,0.707107,0.707107
arm_1,479.102000,0.000000,-0.350000,0.600000,0.000000,0.000000,0.707107,0.707107
arm_1,479.119000,0.000000,-0.350000,0.600000,0.000000,0.000000,0.707107,0.707107
arm_1,479.135000,0.000000,-0.350000,0.600000,0.000000,0.000000,0.707107,0.707107
arm_1,479.152000,0.000000,-0.350000,0.600000,0.000000,0.000000,0.707107,0.707107
arm_1,479.170000,0.000000,-0.350000,0.600000,0.000000,0.000000,0.707107,0.707107
arm_1,479.187000,0.000000,-0.350000,0.600000,0.000000,0.000000,0.707107,0.707107
arm_1,479.205000,0.000000,-0.350000,0.600000,0.000000,0.000000,0.707107,0.707107
arm_1,479.222000,0.000000,-0.350000,0.600000,0.000000,0.000000,0.707107,0.707107
arm_1,479.239000,0.000000,-0.350000,0.600000,0.000000,0.000000,0.707107,0.707107
arm_1,479.255000,0.000000,-0.350000,0.600000,0.000000,0.000000,0.707107,0.707107
arm_1,479.271000,0.000000,-0.350000,0.600000,0.000000,0.000000,0.707107,0.707107
arm_1,479.287000,0.000000,-0.350000,0.600000,0.000000,0.000000,0.707107,0.707107
arm_1,479.304000,0.000000,-0.350000,0.600000,0.000000,0.000000,0.707107,0.707107
arm_1,479.321000,0.000000,-0.350000,0.600000,0.000000,0.000000,0.707107,0.707107
arm_1,479.338000,0.000000,-0.350000,0.600000,0.000000,0.000000,0.707107,0.707107
arm_1,479.354000,0.000000,-0.350000,0.600000,0.000000,0.000000,0.707107,0.707107
arm_1,479.371000,0.000000,-0.350000,0.600000,0.000000,0.000000,0.707107,0.707107
arm_1,479.388000,0.000000,-0.350000,0.600000,0.000000,0.000000,0.707107,0.707107
arm_1,479.405000,0.000000,-0.350000,0.600000,0.000000,0.000000,0.707107,0.707107
arm_1,479.422000,0.000000,-0.350000,0.600000,0.000000,0.000000,0.707107,0.707107
arm_1,479.438000,0.000000,-0.350000,0.600000,0.000000,0.000000,0.707107,0.707107
arm_1,479.451000,0.000000,-0.350000,0.600000,0.000000,0.000000,0.707107,0.707107
arm_1,479.464000,0.000000,-0.350000,0.600000,0.000000,0.000000,0.707107,0.707107
arm_1,479.480000,0.000000,-0.350000,0.600000,0.000000,0.000000,0.707107,0.707107
arm_1,479.494000,0.000000,-0.350000,0.600000,0.000000,0.000000,0.707107,0.707107
arm_1,479.511000,0.000000,-0.350000,0.600000,0.000000,0.000000,0.707107,0.707107
arm_1,479.528000,0.000000,-0.350000,0.600000,0.000000,0.000000,0.707107,0.707107
arm_1,479.545000,0.000000,-0.350000,0.600000,0.000000,0.000000,0.707107,0.707107
arm_1,479.559000,0.000000,-0.350000,0.600000,0.000000,0.000000,0.707107,0.707107
arm_1,479.571000,0.000000,-0.350000,0.600000,0.000000,0.000000,0.707107,0.707107
arm_1,479.588000,0.000000,-0.350000,0.600000,0.000000,0.000000,0.707107,0.707107
arm_1,479.604000,0.000000,-0.350000,0.600000,0.000000,0.000000,0.707107,0.707107
arm_1,479.620000,0.000000,-0.350000,0.600000,0.000000,0.000000,0.707107,0.707107
arm_1,479.636000,0.000000,-0.350000,0.600000,0.000000,0.000000,0.707107,0.707107
arm_1,479.652000,0.000000,-0.350000,0.600000,0.000000,0.000000,0.707107,0.707107
arm_1,479.669000,0.000000,-0.350000,0.600000,0.000000,0.000000,0.707107,0.707107
arm_1,479.685000,0.000000,-0.350000,0.600000,0.000000,0.000000,0.707107,0.707107
arm_1,479.702000,0.000000,-0.350000,0.600000,0.000000,0.000000,0.707107,0.707107
arm_1,479.720000,0.000000,-0.350000,0.600000,0.000000,0.000000,0.707107,0.707107
arm_1,479.737000,0.000000,-0.350000,0.600000,0.000000,0.000000,0.707107,0.707107
arm_1,479.753000,0.000000,-0.350000,0.600000,0.000000,0.000000,0.707107,0.707107
arm_1,479.768000,0.000000,-0.350000,0.600000,0.000000,0.000000,0.707107,0.707107
arm_1,479.786000,0.000000,-0.350000,0.600000,0.000000,0.000000,0.707107,0.707107
arm_1,479.803000,0.000000,-0.350000,0.600000,0.000000,0.000000,0.707107,0.707107
arm_1,479.819000,0.000000,-0.350000,0.600000,0.000000,0.000000,0.707107,0.707107
arm_1,479.827000,0.000000,-0.350000,0.600000,0.000000,0.000000,0.707107,0.707107
arm_1,479.844000,0.000000,-0.350000,0.600000,0.000000,0.000000,0.707107,0.707107
arm_1,479.861000,0.000000,-0.350000,0.600000,0.000000,0.000000,0.707107,0.707107
arm_1,479.878000,0.000000,-0.350000,0.600000,0.000000,0.000000,0.707107,0.707107
arm_1,479.895000,0.000000,-0.350000,0.600000,0.000000,0.000000,0.707107,0.707107
arm_1,479.912000,0.000000,-0.350000,0.600000,0.000000,0.000000,0.707107,0.707107
arm_1,479.929000,0.000000,-0.350000,0.600000,0.000000,0.000000,0.707107,0.707107
arm_1,479.947000,0.000000,-0.350000,0.600000,0.000000,0.000000,0.707107,0.707107
arm_1,479.964000,0.000000,-0.350000,0.600000,0.000000,0.000000,0.707107,0.707107
arm_1,479.979000,0.000000,-0.350000,0.600000,0.000000,0.000000,0.707107,0.707107
arm_1,479.996000,0.000000,-0.350000,0.600000,0.000000,0.000000,0.707107,0.707107
arm_1,480.013000,0.000000,-0.350000,0.600000,0.000000,0.000000,0.707107,0.707107
arm_1,480.030000,0.000000,-0.350000,0.600000,0.000000,0.000000,0.707107,0.707107
arm_1,480.047000,0.000000,-0.350000,0.600000,0.000000,0.000000,0.707107,0.707107
arm_1,480.064000,0.000000,-0.350000,0.600000,0.000000,0.000000,0.707107,0.707107
arm_1,480.081000,0.000000,-0.350000,0.600000,0.000000,0.000000,0.707107,0.707107
arm_1,480.098000,0.000000,-0.350000,0.600000,0.000000,0.000000,0.707107,0.707107
arm_1,480.115000,0.000000,-0.350000,0.600000,0.000000,0.000000,0.707107,0.707107
arm_1,480.132000,0.000000,-0.350000,0.600000,0.000000,0.000000,0.707107,0.707107
arm_1,480.149000,0.000000,-0.350000,0.600000,0.000000,0.000000,0.707107,0.707107
arm_1,480.166000,0.000000,-0.350000,0.600000,0.000000,0.000000,0.707107,0.707107
arm_1,480.183000,0.000000,-0.350000,0.600000,0.000000,0.000000,0.707107,0.707107
arm_1,480.200000,0.000000,-0.350000,0.600000,0.000000,0.000000,0.707107,0.707107
arm_1,480.218000,0.000000,-0.350000,0.600000,0.000000,0.000000,0.707107,0.707107
arm_1,480.234000,0.000000,-0.350000,0.600000,0.000000,0.000000,0.707107,0.707107
arm_1,480.251000,0.000000,-0.350000,0.600000,0.000000,0.000000,0.707107,0.707107
arm_1,480.268000,0.000000,-0.350000,0.600000,0.000000,0.000000,0.707107,0.707107
arm_1,480.285000,0.000000,-0.350000,0.600000,0.000000,0.000000,0.707107,0.707107
arm_1,480.302000,0.000000,-0.350000,0.600000,0.000000,0.000000,0.707107,0.707107
arm_1,480.319000,0.000000,-0.350000,0.600000,0.000000,0.000000,0.707107,0.707107
arm_1,480.336000,0.000000,-0.350000,0.600000,0.000000,0.000000,0.707107,0.707107
arm_1,480.353000,0.000000,-0.350000,0.600000,0.000000,0.000000,0.707107,0.707107
arm_1,480.369000,0.000000,-0.350000,0.600000,0.000000,0.000000,0.707107,0.707107
arm_1,480.386000,0.000000,-0.350000,0.600000,0.000000,0.000000,0.707107,0.707107
arm_1,480.402000,0.000000,-0.350000,0.600000,0.000000,0.000000,0.707107,0.707107
arm_1,480.418000,0.000000,-0.350000,0.600000,0.000000,0.000000,0.707107,0.707107
arm_1,480.435000,0.000000,-0.350000,0.600000,0.000000,0.000000,0.707107,0.707107
arm_1,480.452000,0.000000,-0.350000,0.600000,0.000000,0.000000,0.707107,0.707107
arm_1,480.469000,0.000000,-0.350000,0.600000,0.000000,0.000000,0.707107,0.707107
arm_1,480.487000,0.000000,-0.350000,0.600000,0.000000,0.000000,0.707107,0.707107
arm_1,480.504000,0.000000,-0.350000,0.600000,0.000000,0.000000,0.707107,0.707107
arm_1,480.521000,0.000000,-0.350000,0.600000,0.000000,0.000000,0.707107,0.707107
arm_1,480.539000,0.000000,-0.350000,0.600000,0.000000,0.000000,0.707107,0.707107
arm_1,480.556000,0.000000,-0.350000,0.600000,0.000000,0.000000,0.707107,0.707107
arm_1,480.573000,0.000000,-0.350000,0.600000,0.000000,0.000000,0.707107,0.707107
arm_1,480.590000,0.000000,-0.350000,0.600000,0.000000,0.000000,0.707107,0.707107
arm_1,480.607000,0.000000,-0.350000,0.600000,0.000000,0.000000,0.707107,0.707107
arm_1,480.625000,0.000000,-0.350000,0.600000,0.000000,0.000000,0.707107,0.707107
arm_1,480.642000,0.000000,-0.350000,0.600000,0.000000,0.000000,0.707107,0.707107
arm_1,480.660000,0.000000,-0.350000,0.600000,0.000000,0.000000,0.707107,0.707107
arm_1,480.678000,0.000000,-0.350000,0.600000,0.000000,0.000000,0.707107,0.707107
arm_1,480.696000,0.000000,-0.350000,0.600000,0.000000,0.000000,0.707107,0.707107
arm_1,480.713000,0.000000,-0.350000,0.600000,0.000000,0.000000,0.707107,0.707107
arm_1,480.730000,0.000000,-0.350000,0.600000,0.000000,0.000000,0.707107,0.707107
arm_1,480.747000,0.000000,-0.350000,0.600000,0.000000,0.000000,0.707107,0.707107
arm_1,480.764000,0.000000,-0.350000,0.600000,0.000000,0.000000,0.707107,0.707107
arm_1,480.781000,0.000000,-0.350000,0.600000,0.000000,0.000000,0.707107,0.707107
arm_1,480.788000,0.000000,-0.350000,0.600000,0.000000,0.000000,0.707107,0.707107
arm_1,480.802000,0.000000,-0.350000,0.600000,0.000000,0.000000,0.707107,0.707107
arm_1,480.819000,0.000000,-0.350000,0.600000,0.000000,0.000000,0.707107,0.707107
arm_1,480.836000,0.000000,-0.350000,0.600000,0.000000,0.000000,0.707107,0.707107
arm_1,480.853000,0.000000,-0.350000,0.600000,0.000000,0.000000,0.707107,0.707107
arm_1,480.870000,0.000000,-0.350000,0.600000,0.000000,0.000000,0.707107,0.707107
arm_1,480.887000,0.000000,-0.350000,0.600000,0.000000,0.000000,0.707107,0.707107
arm_1,480.904000,0.000000,-0.350000,0.600000,0.000000,0.000000,0.707107,0.707107
arm_1,480.921000,0.000000,-0.350000,0.600000,0.000000,0.000000,0.707107,0.707107
arm_1,480.938000,0.000000,-0.350000,0.600000,0.000000,0.000000,0.707107,0.707107
arm_1,480.955000,0.000000,-0.350000,0.600000,0.000000,0.000000,0.707107,0.707107
arm_1,480.972000,0.000000,-0.350000,0.600000,0.000000,0.000000,0.707107,0.707107
arm_1,480.988000,0.000000,-0.350000,0.600000,0.000000,0.000000,0.707107,0.707107
arm_1,481.004000,0.000000,-0.350000,0.600000,0.000000,0.000000,0.707107,0.707107
arm_1,481.021000,0.000000,-0.350000,0.600000,0.000000,0.000000,0.707107,0.707107
arm_1,481.038000,0.000000,-0.350000,0.600000,0.000000,0.000000,0.707107,0.707107
arm_1,481.055000,0.000000,-0.350000,0.600000,0.000000,0.000000,0.707107,0.707107
arm_1,481.073000,0.000000,-0.350000,0.600000,0.000000,0.000000,0.707107,0.707107
arm_1,481.090000,0.000000,-0.350000,0.600000,0.000000,0.000000,0.707107,0.707107
arm_1,481.107000,0.000000,-0.350000,0.600000,0.000000,0.000000,0.707107,0.707107
arm_1,481.124000,0.000000,-0.350000,0.600000,0.000000,0.000000,0.707107,0.707107
arm_1,481.140000,0.000000,-0.350000,0.600000,0.000000,0.000000,0.707107,0.707107
arm_1,481.157000,0.000000,-0.350000,0.600000,0.000000,0.000000,0.707107,0.707107
arm_1,481.175000,0.000000,-0.350000,0.600000,0.000000,0.000000,0.707107,0.707107
arm_1,481.192000,0.000000,-0.350000,0.600000,0.000000,0.000000,0.707107,0.707107
arm_1,481.209000,0.000000,-0.350000,0.600000,0.000000,0.000000,0.707107,0.707107
arm_1,481.226000,0.000000,-0.350000,0.600000,0.000000,0.000000,0.707107,0.707107
arm_1,481.243000,0.000000,-0.350000,0.600000,0.000000,0.000000,0.707107,0.707107
arm_1,481.259000,0.000000,-0.350000,0.600000,0.000000,0.000000,0.707107,0.707107
arm_1,481.273000,0.000000,-0.350000,0.600000,0.000000,0.000000,0.707107,0.707107
arm_1,481.287000,0.000000,-0.350000,0.600000,0.000000,0.000000,0.707107,0.707107
arm_1,481.304000,0.000000,-0.350000,0.600000,0.000000,0.000000,0.707107,0.707107
arm_1,481.321000,0.000000,-0.350000,0.600000,0.000000,0.000000,0.707107,0.707107
arm_1,481.338000,0.000000,-0.350000,0.600000,0.000000,0.000000,0.707107,0.707107
arm_1,481.355000,0.000000,-0.350000,0.600000,0.000000,0.000000,0.707107,0.707107
arm_1,481.372000,0.000000,-0.350000,0.600000,0.000000,0.000000,0.707107,0.707107
arm_1,481.390000,0.000000,-0.350000,0.600000,0.000000,0.000000,0.707107,0.707107
arm_1,481.408000,0.000000,-0.350000,0.600000,0.000000,0.000000,0.707107,0.707107
arm_1,481.425000,0.000000,-0.350000,0.600000,0.000000,0.000000,0.707107,0.707107
arm_1,481.442000,0.000000,-0.350000,0.600000,0.000000,0.000000,0.707107,0.707107
arm_1,481.459000,0.000000,-0.350000,0.600000,0.000000,0.000000,0.707107,0.707107
arm_1,481.476000,0.000000,-0.350000,0.600000,0.000000,0.000000,0.707107,0.707107
arm_1,481.493000,0.000000,-0.350000,0.600000,0.000000,0.000000,0.707107,0.707107
arm_1,481.510000,0.000000,-0.350000,0.600000,0.000000,0.000000,0.707107,0.707107
arm_1,481.527000,0.000000,-0.350000,0.600000,0.000000,0.000000,0.707107,0.707107
arm_1,481.544000,0.000000,-0.350000,0.600000,0.000000,0.000000,0.707107,0.707107
arm_1,481.561000,0.000000,-0.350000,0.600000,0.000000,0.000000,0.707107,0.707107
arm_1,481.578000,0.000000,-0.350000,0.600000,0.000000,0.000000,0.707107,0.707107
arm_1,481.595000,0.000000,-0.350000,0.600000,0.000000,0.000000,0.707107,0.707107
arm_1,481.612000,0.000000,-0.350000,0.600000,0.000000,0.000000,0.707107,0.707107
arm_1,481.629000,0.000000,-0.350000,0.600000,0.000000,0.000000,0.707107,0.707107
arm_1,481.646000,0.000000,-0.350000,0.600000,0.000000,0.000000,0.707107,0.707107
arm_1,481.664000,0.000000,-0.350000,0.600000,0.000000,0.000000,0.707107,0.707107
arm_1,481.682000,0.000000,-0.350000,0.600000,0.000000,0.000000,0.707107,0.707107
arm_1,481.699000,0.000000,-0.350000,0.600000,0.000000,0.000000,0.707107,0.707107
arm_1,481.716000,0.000000,-0.350000,0.600000,0.000000,0.000000,0.707107,0.707107
arm_1,481.733000,0.000000,-0.350000,0.600000,0.000000,0.000000,0.707107,0.707107
arm_1,481.750000,0.000000,-0.350000,0.600000,0.000000,0.000000,0.707107,0.707107
arm_1,481.767000,0.000000,-0.350000,0.600000,0.000000,0.000000,0.707107,0.707107
arm_1,481.784000,0.000000,-0.350000,0.600000,0.000000,0.000000,0.707107,0.707107
arm_1,481.801000,0.000000,-0.350000,0.600000,0.000000,0.000000,0.707107,0.707107
arm_1,481.818000,0.000000,-0.350000,0.600000,0.000000,0.000000,0.707107,0.707107
arm_1,481.836000,0.000000,-0.350000,0.600000,0.000000,0.000000,0.707107,0.707107
arm_1,481.853000,0.000000,-0.350000,0.600000,0.000000,0.000000,0.707107,0.707107
arm_1,481.871000,0.000000,-0.350000,0.600000,0.000000,0.000000,0.707107,0.707107
arm_1,481.887000,0.000000,-0.350000,0.600000,0.000000,0.000000,0.707107,0.707107
arm_1,481.904000,0.000000,-0.350000,0.600000,0.000000,0.000000,0.707107,0.707107
arm_1,481.919000,0.000000,-0.350000,0.600000,0.000000,0.000000,0.707107,0.707107
arm_1,481.934000,0.000000,-0.350000,0.600000,0.000000,0.000000,0.707107,0.707107
arm_1,481.950000,0.000000,-0.350000,0.600000,0.000000,0.000000,0.707107,0.707107
arm_1,481.967000,0.000000,-0.350000,0.600000,0.000000,0.000000,0.707107,0.707107
arm_1,481.982000,0.000000,-0.350000,0.600000,0.000000,0.000000,0.707107,0.707107
arm_1,481.994000,0.000000,-0.350000,0.600000,0.000000,0.000000,0.707107,0.707107
arm_1,482.009000,0.000000,-0.350000,0.600000,0.000000,0.000000,0.707107,0.707107
arm_1,482.026000,0.000000,-0.350000,0.600000,0.000000,0.000000,0.707107,0.707107
arm_1,482.043000,0.000000,-0.350000,0.600000,0.000000,0.000000,0.707107,0.707107
arm_1,482.061000,0.000000,-0.350000,0.600000,0.000000,0.000000,0.707107,0.707107
arm_1,482.078000,0.000000,-0.350000,0.600000,0.000000,0.000000,0.707107,0.707107
arm_1,482.095000,0.000000,-0.350000,0.600000,0.000000,0.000000,0.707107,0.707107
arm_1,482.112000,0.000000,-0.350000,0.600000,0.000000,0.000000,0.707107,0.707107
arm_1,482.129000,0.000000,-0.350000,0.600000,0.000000,0.000000,0.707107,0.707107
arm_1,482.146000,0.000000,-0.350000,0.600000,0.000000,0.000000,0.707107,0.707107
arm_1,482.163000,0.000000,-0.350000,0.600000,0.000000,0.000000,0.707107,0.707107
arm_1,482.178000,0.000000,-0.350000,0.600000,0.000000,0.000000,0.707107,0.707107
arm_1,482.195000,0.000000,-0.350000,0.600000,0.000000,0.000000,0.707107,0.707107
arm_1,482.212000,0.000000,-0.350000,0.600000,0.000000,0.000000,0.707107,0.707107
arm_1,482.229000,0.000000,-0.350000,0.600000,0.000000,0.000000,0.707107,0.707107
arm_1,482.246000,0.000000,-0.350000,0.600000,0.000000,0.000000,0.707107,0.707107
arm_1,482.263000,0.000000,-0.350000,0.600000,0.000000,0.000000,0.707107,0.707107
arm_1,482.280000,0.000000,-0.350000,0.600000,0.000000,0.000000,0.707107,0.707107
arm_1,482.297000,0.000000,-0.350000,0.600000,0.000000,0.000000,0.707107,0.707107
arm_1,482.314000,0.000000,-0.350000,0.600000,0.000000,0.000000,0.707107,0.707107
arm_1,482.331000,0.000000,-0.350000,0.600000,0.000000,0.000000,0.707107,0.707107
arm_1,482.349000,0.000000,-0.350000,0.600000,0.000000,0.000000,0.707107,0.707107
arm_1,482.365000,0.000000,-0.350000,0.600000,0.000000,0.000000,0.707107,0.707107
arm_1,482.380000,0.000000,-0.350000,0.600000,0.000000,0.000000,0.707107,0.707107
arm_1,482.396000,0.000000,-0.350000,0.600000,0.000000,0.000000,0.707107,0.707107
arm_1,482.413000,0.000000,-0.350000,0.600000,0.000000,0.000000,0.707107,0.707107
arm_1,482.430000,0.000000,-0.350000,0.600000,0.000000,0.000000,0.707107,0.707107
arm_1,482.446000,0.000000,-0.350000,0.600000,0.000000,0.000000,0.707107,0.707107
arm_1,482.463000,0.000000,-0.350000,0.600000,0.000000,0.000000,0.707107,0.707107
arm_1,482.480000,0.000000,-0.350000,0.600000,0.000000,0.000000,0.707107,0.707107
arm_1,482.497000,0.000000,-0.350000,0.600000,0.000000,0.000000,0.707107,0.707107
arm_1,482.514000,0.000000,-0.350000,0.600000,0.000000,0.000000,0.707107,0.707107
arm_1,482.531000,0.000000,-0.350000,0.600000,0.000000,0.000000,0.707107,0.707107
arm_1,482.548000,0.000000,-0.350000,0.600000,0.000000,0.000000,0.707107,0.707107
arm_1,482.565000,0.000000,-0.350000,0.600000,0.000000,0.000000,0.707107,0.707107
arm_1,482.582000,0.000000,-0.350000,0.600000,0.000000,0.000000,0.707107,0.707107
arm_1,482.599000,0.000000,-0.350000,0.600000,0.000000,0.000000,0.707107,0.707107
arm_1,482.616000,0.000000,-0.350000,0.600000,0.000000,0.000000,0.707107,0.707107
arm_1,482.633000,0.000000,-0.350000,0.600000,0.000000,0.000000,0.707107,0.707107
arm_1,482.650000,0.000000,-0.350000,0.600000,0.000000,0.000000,0.707107,0.707107
arm_1,482.666000,0.000000,-0.350000,0.600000,0.000000,0.000000,0.707107,0.707107
arm_1,482.683000,0.000000,-0.350000,0.600000,0.000000,0.000000,0.707107,0.707107
arm_1,482.700000,0.000000,-0.350000,0.600000,0.000000,0.000000,0.707107,0.707107
arm_1,482.716000,0.000000,-0.350000,0.600000,0.000000,0.000000,0.707107,0.707107
arm_1,482.732000,0.000000,-0.350000,0.600000,0.000000,0.000000,0.707107,0.707107
arm_1,482.749000,0.000000,-0.350000,0.600000,0.000000,0.000000,0.707107,0.707107
arm_1,482.766000,0.000000,-0.350000,0.600000,0.000000,0.000000,0.707107,0.707107
arm_1,482.783000,0.000000,-0.350000,0.600000,0.000000,0.000000,0.707107,0.707107
arm_1,482.800000,0.000000,-0.350000,0.600000,0.000000,0.000000,0.707107,0.707107
arm_1,482.817000,0.000000,-0.350000,0.600000,0.000000,0.000000,0.707107,0.707107
arm_1,482.834000,0.000000,-0.350000,0.600000,0.000000,0.000000,0.707107,0.707107
arm_1,482.851000,0.000000,-0.350000,0.600000,0.000000,0.000000,0.707107,0.707107
arm_1,482.868000,0.000000,-0.350000,0.600000,0.000000,0.000000,0.707107,0.707107
arm_1,482.885000,0.000000,-0.350000,0.600000,0.000000,0.000000,0.707107,0.707107
arm_1,482.902000,0.000000,-0.350000,0.600000,0.000000,0.000000,0.707107,0.707107
arm_1,482.919000,0.000000,-0.350000,0.600000,0.000000,0.000000,0.707107,0.707107
arm_1,482.936000,0.000000,-0.350000,0.600000,0.000000,0.000000,0.707107,0.707107
arm_1,482.952000,0.000000,-0.350000,0.600000,0.000000,0.000000,0.707107,0.707107
arm_1,482.969000,0.000000,-0.350000,0.600000,0.000000,0.000000,0.707107,0.707107
arm_1,482.987000,0.000000,-0.350000,0.600000,0.000000,0.000000,0.707107,0.707107
arm_1,483.003000,0.000000,-0.350000,0.600000,0.000000,0.000000,0.707107,0.707107
arm_1,483.019000,0.000000,-0.350000,0.600000,0.000000,0.000000,0.707107,0.707107
arm_1,483.034000,0.000000,-0.350000,0.600000,0.000000,0.000000,0.707107,0.707107
arm_1,483.051000,0.000000,-0.350000,0.600000,0.000000,0.000000,0.707107,0.707107
arm_1,483.068000,0.000000,-0.350000,0.600000,0.000000,0.000000,0.707107,0.707107
arm_1,483.081000,0.000000,-0.350000,0.600000,0.000000,0.000000,0.707107,0.707107
arm_1,483.092000,0.000000,-0.350000,0.600000,0.000000,0.000000,0.707107,0.707107
arm_1,483.104000,0.000000,-0.350000,0.600000,0.000000,0.000000,0.707107,0.707107
arm_1,483.113000,0.000000,-0.350000,0.600000,0.000000,0.000000,0.707107,0.707107
arm_1,483.129000,0.000000,-0.350000,0.600000,0.000000,0.000000,0.707107,0.707107
arm_1,483.145000,0.000000,-0.350000,0.600000,0.000000,0.000000,0.707107,0.707107
arm_1,483.162000,0.000000,-0.350000,0.600000,0.000000,0.000000,0.707107,0.707107
arm_1,483.178000,0.000000,-0.350000,0.600000,0.000000,0.000000,0.707107,0.707107
arm_1,483.195000,0.000000,-0.350000,0.600000,0.000000,0.000000,0.707107,0.707107
arm_1,483.212000,0.000000,-0.350000,0.600000,0.000000,0.000000,0.707107,0.707107
arm_1,483.229000,0.000000,-0.350000,0.600000,0.000000,0.000000,0.707107,0.707107
arm_1,483.246000,0.000000,-0.350000,0.600000,0.000000,0.000000,0.707107,0.707107
arm_1,483.259000,0.000000,-0.350000,0.600000,0.000000,0.000000,0.707107,0.707107
arm_1,483.272000,0.000000,-0.350000,0.600000,0.000000,0.000000,0.707107,0.707107
arm_1,483.283000,0.000000,-0.350000,0.600000,0.000000,0.000000,0.707107,0.707107
arm_1,483.297000,0.000000,-0.350000,0.600000,0.000000,0.000000,0.707107,0.707107
arm_1,483.311000,0.000000,-0.350000,0.600000,0.000000,0.000000,0.707107,0.707107
arm_1,483.328000,0.000000,-0.350000,0.600000,0.000000,0.000000,0.707107,0.707107
arm_1,483.345000,0.000000,-0.350000,0.600000,0.000000,0.000000,0.707107,0.707107
arm_1,483.362000,0.000000,-0.350000,0.600000,0.000000,0.000000,0.707107,0.707107
arm_1,483.379000,0.000000,-0.350000,0.600000,0.000000,0.000000,0.707107,0.707107
arm_1,483.395000,0.000000,-0.350000,0.600000,0.000000,0.000000,0.707107,0.707107
arm_1,483.412000,0.000000,-0.350000,0.600000,0.000000,0.000000,0.707107,0.707107
arm_1,483.428000,0.000000,-0.350000,0.600000,0.000000,0.000000,0.707107,0.707107
arm_1,483.445000,0.000000,-0.350000,0.600000,0.000000,0.000000,0.707107,0.707107
arm_1,483.463000,0.000000,-0.350000,0.600000,0.000000,0.000000,0.707107,0.707107
arm_1,483.480000,0.000000,-0.350000,0.600000,0.000000,0.000000,0.707107,0.707107
arm_1,483.497000,0.000000,-0.350000,0.600000,0.000000,0.000000,0.707107,0.707107
arm_1,483.513000,0.000000,-0.350000,0.600000,0.000000,0.000000,0.707107,0.707107
arm_1,483.531000,0.000000,-0.350000,0.600000,0.000000,0.000000,0.707107,0.707107
arm_1,483.548000,0.000000,-0.350000,0.600000,0.000000,0.000000,0.707107,0.707107
arm_1,483.565000,0.000000,-0.350000,0.600000,0.000000,0.000000,0.707107,0.707107
arm_1,483.582000,0.000000,-0.350000,0.600000,0.000000,0.000000,0.707107,0.707107
arm_1,483.599000,0.000000,-0.350000,0.600000,0.000000,0.000000,0.707107,0.707107
arm_1,483.616000,0.000000,-0.350000,0.600000,0.000000,0.000000,0.707107,0.707107
arm_1,483.632000,0.000000,-0.350000,0.600000,0.000000,0.000000,0.707107,0.707107
arm_1,483.649000,0.000000,-0.350000,0.600000,0.000000,0.000000,0.707107,0.707107
arm_1,483.666000,0.000000,-0.350000,0.600000,0.000000,0.000000,0.707107,0.707107
arm_1,483.683000,0.000000,-0.350000,0.600000,0.000000,0.000000,0.707107,0.707107
arm_1,483.700000,0.000000,-0.350000,0.600000,0.000000,0.000000,0.707107,0.707107
arm_1,483.717000,0.000000,-0.350000,0.600000,0.000000,0.000000,0.707107,0.707107
arm_1,483.734000,0.000000,-0.350000,0.600000,0.000000,0.000000,0.707107,0.707107
arm_1,483.751000,0.000000,-0.350000,0.600000,0.000000,0.000000,0.707107,0.707107
arm_1,483.769000,0.000000,-0.350000,0.600000,0.000000,0.000000,0.707107,0.707107
arm_1,483.786000,0.000000,-0.350000,0.600000,0.000000,0.000000,0.707107,0.707107
arm_1,483.803000,0.000000,-0.350000,0.600000,0.000000,0.000000,0.707107,0.707107
arm_1,483.821000,0.000000,-0.350000,0.600000,0.000000,0.000000,0.707107,0.707107
arm_1,483.839000,0.000000,-0.350000,0.600000,0.000000,0.000000,0.707107,0.707107
arm_1,483.856000,0.000000,-0.350000,0.600000,0.000000,0.000000,0.707107,0.707107
arm_1,483.874000,0.000000,-0.350000,0.600000,0.000000,0.000000,0.707107,0.707107
arm_1,483.891000,0.000000,-0.350000,0.600000,0.000000,0.000000,0.707107,0.707107
arm_1,483.909000,0.000000,-0.350000,0.600000,0.000000,0.000000,0.707107,0.707107
arm_1,483.926000,0.000000,-0.350000,0.600000,0.000000,0.000000,0.707107,0.707107
arm_1,483.943000,0.000000,-0.350000,0.600000,0.000000,0.000000,0.707107,0.707107
arm_1,483.960000,0.000000,-0.350000,0.600000,0.000000,0.000000,0.707107,0.707107
arm_1,483.977000,0.000000,-0.350000,0.600000,0.000000,0.000000,0.707107,0.707107
arm_1,483.993000,0.000000,-0.350000,0.600000,0.000000,0.000000,0.707107,0.707107
arm_1,484.009000,0.000000,-0.350000,0.600000,0.000000,0.000000,0.707107,0.707107
arm_1,484.026000,0.000000,-0.350000,0.600000,0.000000,0.000000,0.707107,0.707107
arm_1,484.043000,0.000000,-0.350000,0.600000,0.000000,0.000000,0.707107,0.707107
arm_1,484.060000,0.000000,-0.350000,0.600000,0.000000,0.000000,0.707107,0.707107
arm_1,484.078000,0.000000,-0.350000,0.600000,0.000000,0.000000,0.707107,0.707107
arm_1,484.094000,0.000000,-0.350000,0.600000,0.000000,0.000000,0.707107,0.707107
arm_1,484.110000,0.000000,-0.350000,0.600000,0.000000,0.000000,0.707107,0.707107
arm_1,484.127000,0.000000,-0.350000,0.600000,0.000000,0.000000,0.707107,0.707107
arm_1,484.144000,0.000000,-0.350000,0.600000,0.000000,0.000000,0.707107,0.707107
arm_1,484.161000,0.000000,-0.350000,0.600000,0.000000,0.000000,0.707107,0.707107
arm_1,484.178000,0.000000,-0.350000,0.600000,0.000000,0.000000,0.707107,0.707107
arm_1,484.195000,0.000000,-0.350000,0.600000,0.000000,0.000000,0.707107,0.707107
arm_1,484.212000,0.000000,-0.350000,0.600000,0.000000,0.000000,0.707107,0.707107
arm_1,484.229000,0.000000,-0.350000,0.600000,0.000000,0.000000,0.707107,0.707107
arm_1,484.246000,0.000000,-0.350000,0.600000,0.000000,0.000000,0.707107,0.707107
arm_1,484.263000,0.000000,-0.350000,0.600000,0.000000,0.000000,0.707107,0.707107
arm_1,484.280000,0.000000,-0.350000,0.600000,0.000000,0.000000,0.707107,0.707107
arm_1,484.293000,0.000000,-0.350000,0.600000,0.000000,0.000000,0.707107,0.707107
arm_1,484.301000,0.000000,-0.350000,0.600000,0.000000,0.000000,0.707107,0.707107
arm_1,484.315000,0.000000,-0.350000,0.600000,0.000000,0.000000,0.707107,0.707107
arm_1,484.331000,0.000000,-0.350000,0.600000,0.000000,0.000000,0.707107,0.707107
arm_1,484.348000,0.000000,-0.350000,0.600000,0.000000,0.000000,0.707107,0.707107
arm_1,484.366000,0.000000,-0.350000,0.600000,0.000000,0.000000,0.707107,0.707107
arm_1,484.383000,0.000000,-0.350000,0.600000,0.000000,0.000000,0.707107,0.707107
arm_1,484.400000,0.000000,-0.350000,0.600000,0.000000,0.000000,0.707107,0.707107
arm_1,484.417000,0.000000,-0.350000,0.600000,0.000000,0.000000,0.707107,0.707107
arm_1,484.434000,0.000000,-0.350000,0.600000,0.000000,0.000000,0.707107,0.707107
arm_1,484.450000,0.000000,-0.350000,0.600000,0.000000,0.000000,0.707107,0.707107
arm_1,484.467000,0.000000,-0.350000,0.600000,0.000000,0.000000,0.707107,0.707107
arm_1,484.484000,0.000000,-0.350000,0.600000,0.000000,0.000000,0.707107,0.707107
arm_1,484.501000,0.000000,-0.350000,0.600000,0.000000,0.000000,0.707107,0.707107
arm_1,484.519000,0.000000,-0.350000,0.600000,0.000000,0.000000,0.707107,0.707107
arm_1,484.536000,0.000000,-0.350000,0.600000,0.000000,0.000000,0.707107,0.707107
arm_1,484.553000,0.000000,-0.350000,0.600000,0.000000,0.000000,0.707107,0.707107
arm_1,484.570000,0.000000,-0.350000,0.600000,0.000000,0.000000,0.707107,0.707107
arm_1,484.587000,0.000000,-0.350000,0.600000,0.000000,0.000000,0.707107,0.707107
arm_1,484.603000,0.000000,-0.350000,0.600000,0.000000,0.000000,0.707107,0.707107
arm_1,484.620000,0.000000,-0.350000,0.600000,0.000000,0.000000,0.707107,0.707107
arm_1,484.638000,0.000000,-0.350000,0.600000,0.000000,0.000000,0.707107,0.707107
arm_1,484.655000,0.000000,-0.350000,0.600000,0.000000,0.000000,0.707107,0.707107
arm_1,484.671000,0.000000,-0.350000,0.600000,0.000000,0.000000,0.707107,0.707107
arm_1,484.683000,0.000000,-0.350000,0.600000,0.000000,0.000000,0.707107,0.707107
arm_1,484.693000,0.000000,-0.350000,0.600000,0.000000,0.000000,0.707107,0.707107
arm_1,484.705000,0.000000,-0.350000,0.600000,0.000000,0.000000,0.707107,0.707107
arm_1,484.717000,0.000000,-0.350000,0.600000,0.000000,0.000000,0.707107,0.707107
arm_1,484.729000,0.000000,-0.350000,0.600000,0.000000,0.000000,0.707107,0.707107
arm_1,484.741000,0.000000,-0.350000,0.600000,0.000000,0.000000,0.707107,0.707107
arm_1,484.753000,0.000000,-0.350000,0.600000,0.000000,0.000000,0.707107,0.707107
arm_1,484.765000,0.000000,-0.350000,0.600000,0.000000,0.000000,0.707107,0.707107
arm_1,484.777000,0.000000,-0.350000,0.600000,0.000000,0.000000,0.707107,0.707107
arm_1,484.789000,0.000000,-0.350000,0.600000,0.000000,0.000000,0.707107,0.707107
arm_1,484.801000,0.000000,-0.350000,0.600000,0.000000,0.000000,0.707107,0.707107
arm_1,484.813000,0.000000,-0.350000,0.600000,0.000000,0.000000,0.707107,0.707107
arm_1,484.825000,0.000000,-0.350000,0.600000,0.000000,0.000000,0.707107,0.707107
arm_1,484.837000,0.000000,-0.350000,0.600000,0.000000,0.000000,0.707107,0.707107
arm_1,484.849000,0.000000,-0.350000,0.600000,0.000000,0.000000,0.707107,0.707107
arm_1,484.862000,0.000000,-0.350000,0.600000,0.000000,0.000000,0.707107,0.707107
arm_1,484.874000,0.000000,-0.350000,0.600000,0.000000,0.000000,0.707107,0.707107
arm_1,484.886000,0.000000,-0.350000,0.600000,0.000000,0.000000,0.707107,0.707107
arm_1,484.898000,0.000000,-0.350000,0.600000,0.000000,0.000000,0.707107,0.707107
arm_1,484.910000,0.000000,-0.350000,0.600000,0.000000,0.000000,0.707107,0.707107
arm_1,484.922000,0.000000,-0.350000,0.600000,0.000000,0.000000,0.707107,0.707107
arm_1,484.934000,0.000000,-0.350000,0.600000,0.000000,0.000000,0.707107,0.707107
arm_1,484.946000,0.000000,-0.350000,0.600000,0.000000,0.000000,0.707107,0.707107
arm_1,484.956000,0.000000,-0.350000,0.600000,0.000000,0.000000,0.707107,0.707107
arm_1,484.968000,0.000000,-0.350000,0.600000,0.000000,0.000000,0.707107,0.707107
arm_1,484.980000,0.000000,-0.350000,0.600000,0.000000,0.000000,0.707107,0.707107
arm_1,484.992000,0.000000,-0.350000,0.600000,0.000000,0.000000,0.707107,0.707107
arm_1,485.004000,0.000000,-0.350000,0.600000,0.000000,0.000000,0.707107,0.707107
arm_1,485.015000,0.000000,-0.350000,0.600000,0.000000,0.000000,0.707107,0.707107
arm_1,485.026000,0.000000,-0.350000,0.600000,0.000000,0.000000,0.707107,0.707107
arm_1,485.037000,0.000000,-0.350000,0.600000,0.000000,0.000000,0.707107,0.707107
arm_1,485.047000,0.000000,-0.350000,0.600000,0.000000,0.000000,0.707107,0.707107
arm_1,485.057000,0.000000,-0.350000,0.600000,0.000000,0.000000,0.707107,0.707107
arm_1,485.067000,0.000000,-0.350000,0.600000,0.000000,0.000000,0.707107,0.707107
arm_1,485.077000,0.000000,-0.350000,0.600000,0.000000,0.000000,0.707107,0.707107
arm_1,485.087000,0.000000,-0.350000,0.600000,0.000000,0.000000,0.707107,0.707107
arm_1,485.096000,0.000000,-0.350000,0.600000,0.000000,0.000000,0.707107,0.707107
arm_1,485.106000,0.000000,-0.350000,0.600000,0.000000,0.000000,0.707107,0.707107
arm_1,485.116000,0.000000,-0.350000,0.600000,0.000000,0.000000,0.707107,0.707107
arm_1,485.126000,0.000000,-0.350000,0.600000,0.000000,0.000000,0.707107,0.707107
arm_1,485.132000,0.000000,-0.350000,0.600000,0.000000,0.000000,0.707107,0.707107
arm_1,485.142000,0.000000,-0.350000,0.600000,0.000000,0.000000,0.707107,0.707107
arm_1,485.152000,0.000000,-0.350000,0.600000,0.000000,0.000000,0.707107,0.707107
arm_1,485.162000,0.000000,-0.350000,0.600000,0.000000,0.000000,0.707107,0.707107
arm_1,485.172000,0.000000,-0.350000,0.600000,0.000000,0.000000,0.707107,0.707107
arm_1,485.182000,0.000000,-0.350000,0.600000,0.000000,0.000000,0.707107,0.707107
arm_1,485.192000,0.000000,-0.350000,0.600000,0.000000,0.000000,0.707107,0.707107
arm_1,485.202000,0.000000,-0.350000,0.600000,0.000000,0.000000,0.707107,0.707107
arm_1,485.213000,0.000000,-0.350000,0.600000,0.000000,0.000000,0.707107,0.707107
arm_1,485.223000,0.000000,-0.350000,0.600000,0.000000,0.000000,0.707107,0.707107
arm_1,485.233000,0.000000,-0.350000,0.600000,0.000000,0.000000,0.707107,0.707107
arm_1,485.244000,0.000000,-0.350000,0.600000,0.000000,0.000000,0.707107,0.707107
arm_1,485.254000,0.000000,-0.350000,0.600000,0.000000,0.000000,0.707107,0.707107
arm_1,485.264000,0.000000,-0.350000,0.600000,0.000000,0.000000,0.707107,0.707107
arm_1,485.275000,0.000000,-0.350000,0.600000,0.000000,0.000000,0.707107,0.707107
arm_1,485.285000,0.000000,-0.350000,0.600000,0.000000,0.000000,0.707107,0.707107
arm_1,485.295000,0.000000,-0.350000,0.600000,0.000000,0.000000,0.707107,0.707107
arm_1,485.305000,0.000000,-0.350000,0.600000,0.000000,0.000000,0.707107,0.707107
arm_1,485.316000,0.000000,-0.350000,0.600000,0.000000,0.000000,0.707107,0.707107
arm_1,485.326000,0.000000,-0.350000,0.600000,0.000000,0.000000,0.707107,0.707107
arm_1,485.336000,0.000000,-0.350000,0.600000,0.000000,0.000000,0.707107,0.707107
arm_1,485.347000,0.000000,-0.350000,0.600000,0.000000,0.000000,0.707107,0.707107
arm_1,485.357000,0.000000,-0.350000,0.600000,0.000000,0.000000,0.707107,0.707107
arm_1,485.367000,0.000000,-0.350000,0.600000,0.000000,0.000000,0.707107,0.707107
arm_1,485.377000,0.000000,-0.350000,0.600000,0.000000,0.000000,0.707107,0.707107
arm_1,485.386000,0.000000,-0.350000,0.600000,0.000000,0.000000,0.707107,0.707107
arm_1,485.396000,0.000000,-0.350000,0.600000,0.000000,0.000000,0.707107,0.707107
arm_1,485.406000,0.000000,-0.350000,0.600000,0.000000,0.000000,0.707107,0.707107
arm_1,485.416000,0.000000,-0.350000,0.600000,0.000000,0.000000,0.707107,0.707107
arm_1,485.426000,0.000000,-0.350000,0.600000,0.000000,0.000000,0.707107,0.707107
arm_1,485.436000,0.000000,-0.350000,0.600000,0.000000,0.000000,0.707107,0.707107
arm_1,485.446000,0.000000,-0.350000,0.600000,0.000000,0.000000,0.707107,0.707107
arm_1,485.456000,0.000000,-0.350000,0.600000,0.000000,0.000000,0.707107,0.707107
arm_1,485.466000,0.000000,-0.350000,0.600000,0.000000,0.000000,0.707107,0.707107
arm_1,485.477000,0.000000,-0.350000,0.600000,0.000000,0.000000,0.707107,0.707107
arm_1,485.487000,0.000000,-0.350000,0.600000,0.000000,0.000000,0.707107,0.707107
arm_1,485.497000,0.000000,-0.350000,0.600000,0.000000,0.000000,0.707107,0.707107
arm_1,485.507000,0.000000,-0.350000,0.600000,0.000000,0.000000,0.707107,0.707107
arm_1,485.518000,0.000000,-0.350000,0.600000,0.000000,0.000000,0.707107,0.707107
arm_1,485.528000,0.000000,-0.350000,0.600000,0.000000,0.000000,0.707107,0.707107
arm_1,485.534000,0.000000,-0.350000,0.600000,0.000000,0.000000,0.707107,0.707107
arm_1,485.543000,0.000000,-0.350000,0.600000,0.000000,0.000000,0.707107,0.707107
arm_1,485.553000,0.000000,-0.350000,0.600000,0.000000,0.000000,0.707107,0.707107
arm_1,485.562000,0.000000,-0.350000,0.600000,0.000000,0.000000,0.707107,0.707107
arm_1,485.570000,0.000000,-0.350000,0.600000,0.000000,0.000000,0.707107,0.707107
arm_1,485.578000,0.000000,-0.350000,0.600000,0.000000,0.000000,0.707107,0.707107
arm_1,485.588000,0.000000,-0.350000,0.600000,0.000000,0.000000,0.707107,0.707107
arm_1,485.598000,0.000000,-0.350000,0.600000,0.000000,0.000000,0.707107,0.707107
arm_1,485.608000,0.000000,-0.350000,0.600000,0.000000,0.000000,0.707107,0.707107
arm_1,485.618000,0.000000,-0.350000,0.600000,0.000000,0.000000,0.707107,0.707107
arm_1,485.628000,0.000000,-0.350000,0.600000,0.000000,0.000000,0.707107,0.707107
arm_1,485.638000,0.000000,-0.350000,0.600000,0.000000,0.000000,0.707107,0.707107
arm_1,485.648000,0.000000,-0.350000,0.600000,0.000000,0.000000,0.707107,0.707107
arm_1,485.657000,0.000000,-0.350000,0.600000,0.000000,0.000000,0.707107,0.707107
arm_1,485.667000,0.000000,-0.350000,0.600000,0.000000,0.000000,0.707107,0.707107
arm_1,485.677000,0.000000,-0.350000,0.600000,0.000000,0.000000,0.707107,0.707107
arm_1,485.687000,0.000000,-0.350000,0.600000,0.000000,0.000000,0.707107,0.707107
arm_1,485.697000,0.000000,-0.350000,0.600000,0.000000,0.000000,0.707107,0.707107
arm_1,485.707000,0.000000,-0.350000,0.600000,0.000000,0.000000,0.707107,0.707107
arm_1,485.717000,0.000000,-0.350000,0.600000,0.000000,0.000000,0.707107,0.707107
arm_1,485.727000,0.000000,-0.350000,0.600000,0.000000,0.000000,0.707107,0.707107
arm_1,485.737000,0.000000,-0.350000,0.600000,0.000000,0.000000,0.707107,0.707107
arm_1,485.747000,0.000000,-0.350000,0.600000,0.000000,0.000000,0.707107,0.707107
arm_1,485.757000,0.000000,-0.350000,0.600000,0.000000,0.000000,0.707107,0.707107
arm_1,485.767000,0.000000,-0.350000,0.600000,0.000000,0.000000,0.707107,0.707107
arm_1,485.777000,0.000000,-0.350000,0.600000,0.000000,0.000000,0.707107,0.707107
arm_1,485.788000,0.000000,-0.350000,0.600000,0.000000,0.000000,0.707107,0.707107
arm_1,485.798000,0.000000,-0.350000,0.600000,0.000000,0.000000,0.707107,0.707107
arm_1,485.808000,0.000000,-0.350000,0.600000,0.000000,0.000000,0.707107,0.707107
arm_1,485.818000,0.000000,-0.350000,0.600000,0.000000,0.000000,0.707107,0.707107
arm_1,485.828000,0.000000,-0.350000,0.600000,0.000000,0.000000,0.707107,0.707107
arm_1,485.838000,0.000000,-0.350000,0.600000,0.000000,0.000000,0.707107,0.707107
arm_1,485.848000,0.000000,-0.350000,0.600000,0.000000,0.000000,0.707107,0.707107
arm_1,485.858000,0.000000,-0.350000,0.600000,0.000000,0.000000,0.707107,0.707107
arm_1,485.868000,0.000000,-0.350000,0.600000,0.000000,0.000000,0.707107,0.707107
arm_1,485.878000,0.000000,-0.350000,0.600000,0.000000,0.000000,0.707107,0.707107
arm_1,485.888000,0.000000,-0.350000,0.600000,0.000000,0.000000,0.707107,0.707107
arm_1,485.898000,0.000000,-0.350000,0.600000,0.000000,0.000000,0.707107,0.707107
arm_1,485.908000,0.000000,-0.350000,0.600000,0.000000,0.000000,0.707107,0.707107
arm_1,485.918000,0.000000,-0.350000,0.600000,0.000000,0.000000,0.707107,0.707107
arm_1,485.928000,0.000000,-0.350000,0.600000,0.000000,0.000000,0.707107,0.707107
arm_1,485.938000,0.000000,-0.350000,0.600000,0.000000,0.000000,0.707107,0.707107
arm_1,485.948000,0.000000,-0.350000,0.600000,0.000000,0.000000,0.707107,0.707107
arm_1,485.958000,0.000000,-0.350000,0.600000,0.000000,0.000000,0.707107,0.707107
arm_1,485.968000,0.000000,-0.350000,0.600000,0.000000,0.000000,0.707107,0.707107
arm_1,485.978000,0.000000,-0.350000,0.600000,0.000000,0.000000,0.707107,0.707107
arm_1,485.988000,0.000000,-0.350000,0.600000,0.000000,0.000000,0.707107,0.707107
arm_1,485.997000,0.000000,-0.350000,0.600000,0.000000,0.000000,0.707107,0.707107
arm_1,486.006000,0.000000,-0.350000,0.600000,0.000000,0.000000,0.707107,0.707107
arm_1,486.016000,0.000000,-0.350000,0.600000,0.000000,0.000000,0.707107,0.707107
arm_1,486.026000,0.000000,-0.350000,0.600000,0.000000,0.000000,0.707107,0.707107
arm_1,486.036000,0.000000,-0.350000,0.600000,0.000000,0.000000,0.707107,0.707107
arm_1,486.046000,0.000000,-0.350000,0.600000,0.000000,0.000000,0.707107,0.707107
arm_1,486.056000,0.000000,-0.350000,0.600000,0.000000,0.000000,0.707107,0.707107
arm_1,486.066000,0.000000,-0.350000,0.600000,0.000000,0.000000,0.707107,0.707107
arm_1,486.076000,0.000000,-0.350000,0.600000,0.000000,0.000000,0.707107,0.707107
arm_1,486.087000,0.000000,-0.350000,0.600000,0.000000,0.000000,0.707107,0.707107
arm_1,486.097000,0.000000,-0.350000,0.600000,0.000000,0.000000,0.707107,0.707107
arm_1,486.107000,0.000000,-0.350000,0.600000,0.000000,0.000000,0.707107,0.707107
arm_1,486.117000,0.000000,-0.350000,0.600000,0.000000,0.000000,0.707107,0.707107
arm_1,486.126000,0.000000,-0.350000,0.600000,0.000000,0.000000,0.707107,0.707107
arm_1,486.136000,0.000000,-0.350000,0.600000,0.000000,0.000000,0.707107,0.707107
arm_1,486.146000,0.000000,-0.350000,0.600000,0.000000,0.000000,0.707107,0.707107
arm_1,486.156000,0.000000,-0.350000,0.600000,0.000000,0.000000,0.707107,0.707107
arm_1,486.166000,0.000000,-0.350000,0.600000,0.000000,0.000000,0.707107,0.707107
arm_1,486.176000,0.000000,-0.350000,0.600000,0.000000,0.000000,0.707107,0.707107
arm_1,486.186000,0.000000,-0.350000,0.600000,0.000000,0.000000,0.707107,0.707107
arm_1,486.196000,0.000000,-0.350000,0.600000,0.000000,0.000000,0.707107,0.707107
arm_1,486.205000,0.000000,-0.350000,0.600000,0.000000,0.000000,0.707107,0.707107
arm_1,486.214000,0.000000,-0.350000,0.600000,0.000000,0.000000,0.707107,0.707107
arm_1,486.224000,0.000000,-0.350000,0.600000,0.000000,0.000000,0.707107,0.707107
arm_1,486.233000,0.000000,-0.350000,0.600000,0.000000,0.000000,0.707107,0.707107
arm_1,486.243000,0.000000,-0.350000,0.600000,0.000000,0.000000,0.707107,0.707107
arm_1,486.253000,0.000000,-0.350000,0.600000,0.000000,0.000000,0.707107,0.707107
arm_1,486.263000,0.000000,-0.350000,0.600000,0.000000,0.000000,0.707107,0.707107
arm_1,486.273000,0.000000,-0.350000,0.600000,0.000000,0.000000,0.707107,0.707107
arm_1,486.283000,0.000000,-0.350000,0.600000,0.000000,0.000000,0.707107,0.707107
arm_1,486.293000,0.000000,-0.350000,0.600000,0.000000,0.000000,0.707107,0.707107
arm_1,486.303000,0.000000,-0.350000,0.600000,0.000000,0.000000,0.707107,0.707107
arm_1,486.313000,0.000000,-0.350000,0.600000,0.000000,0.000000,0.707107,0.707107
arm_1,486.323000,0.000000,-0.350000,0.600000,0.000000,0.000000,0.707107,0.707107
arm_1,486.334000,0.000000,-0.350000,0.600000,0.000000,0.000000,0.707107,0.707107
arm_1,486.344000,0.000000,-0.350000,0.600000,0.000000,0.000000,0.707107,0.707107
arm_1,486.355000,0.000000,-0.350000,0.600000,0.000000,0.000000,0.707107,0.707107
arm_1,486.365000,0.000000,-0.350000,0.600000,0.000000,0.000000,0.707107,0.707107
arm_1,486.375000,0.000000,-0.350000,0.600000,0.000000,0.000000,0.707107,0.707107
arm_1,486.385000,0.000000,-0.350000,0.600000,0.000000,0.000000,0.707107,0.707107
arm_1,486.395000,0.000000,-0.350000,0.600000,0.000000,0.000000,0.707107,0.707107
arm_1,486.405000,0.000000,-0.350000,0.600000,0.000000,0.000000,0.707107,0.707107
arm_1,486.416000,0.000000,-0.350000,0.600000,0.000000,0.000000,0.707107,0.707107
arm_1,486.427000,0.000000,-0.350000,0.600000,0.000000,0.000000,0.707107,0.707107
arm_1,486.438000,0.000000,-0.350000,0.600000,0.000000,0.000000,0.707107,0.707107
arm_1,486.448000,0.000000,-0.350000,0.600000,0.000000,0.000000,0.707107,0.707107
arm_1,486.459000,0.000000,-0.350000,0.600000,0.000000,0.000000,0.707107,0.707107
arm_1,486.470000,0.000000,-0.350000,0.600000,0.000000,0.000000,0.707107,0.707107
arm_1,486.480000,0.000000,-0.350000,0.600000,0.000000,0.000000,0.707107,0.707107
arm_1,486.491000,0.000000,-0.350000,0.600000,0.000000,0.000000,0.707107,0.707107
arm_1,486.501000,0.000000,-0.350000,0.600000,0.000000,0.000000,0.707107,0.707107
arm_1,486.512000,0.000000,-0.350000,0.600000,0.000000,0.000000,0.707107,0.707107
arm_1,486.523000,0.000000,-0.350000,0.600000,0.000000,0.000000,0.707107,0.707107
arm_1,486.533000,0.000000,-0.350000,0.600000,0.000000,0.000000,0.707107,0.707107
arm_1,486.543000,0.000000,-0.350000,0.600000,0.000000,0.000000,0.707107,0.707107
arm_1,486.553000,0.000000,-0.350000,0.600000,0.000000,0.000000,0.707107,0.707107
arm_1,486.564000,0.000000,-0.350000,0.600000,0.000000,0.000000,0.707107,0.707107
arm_1,486.574000,0.000000,-0.350000,0.600000,0.000000,0.000000,0.707107,0.707107
arm_1,486.585000,0.000000,-0.350000,0.600000,0.000000,0.000000,0.707107,0.707107
arm_1,486.596000,0.000000,-0.350000,0.600000,0.000000,0.000000,0.707107,0.707107
arm_1,486.606000,0.000000,-0.350000,0.600000,0.000000,0.000000,0.707107,0.707107
arm_1,486.617000,0.000000,-0.350000,0.600000,0.000000,0.000000,0.707107,0.707107
arm_1,486.628000,0.000000,-0.350000,0.600000,0.000000,0.000000,0.707107,0.707107
arm_1,486.638000,0.000000,-0.350000,0.600000,0.000000,0.000000,0.707107,0.707107
arm_1,486.648000,0.000000,-0.350000,0.600000,0.000000,0.000000,0.707107,0.707107
arm_1,486.659000,0.000000,-0.350000,0.600000,0.000000,0.000000,0.707107,0.707107
arm_1,486.669000,0.000000,-0.350000,0.600000,0.000000,0.000000,0.707107,0.707107
arm_1,486.679000,0.000000,-0.350000,0.600000,0.000000,0.000000,0.707107,0.707107
arm_1,486.690000,0.000000,-0.350000,0.600000,0.000000,0.000000,0.707107,0.707107
arm_1,486.700000,0.000000,-0.350000,0.600000,0.000000,0.000000,0.707107,0.707107
arm_1,486.710000,0.000000,-0.350000,0.600000,0.000000,0.000000,0.707107,0.707107
arm_1,486.720000,0.000000,-0.350000,0.600000,0.000000,0.000000,0.707107,0.707107
arm_1,486.730000,0.000000,-0.350000,0.600000,0.000000,0.000000,0.707107,0.707107
arm_1,486.740000,0.000000,-0.350000,0.600000,0.000000,0.000000,0.707107,0.707107
arm_1,486.751000,0.000000,-0.350000,0.600000,0.000000,0.000000,0.707107,0.707107
arm_1,486.761000,0.000000,-0.350000,0.600000,0.000000,0.000000,0.707107,0.707107
arm_1,486.771000,0.000000,-0.350000,0.600000,0.000000,0.000000,0.707107,0.707107
arm_1,486.781000,0.000000,-0.350000,0.600000,0.000000,0.000000,0.707107,0.707107
arm_1,486.792000,0.000000,-0.350000,0.600000,0.000000,0.000000,0.707107,0.707107
arm_1,486.802000,0.000000,-0.350000,0.600000,0.000000,0.000000,0.707107,0.707107
arm_1,486.812000,0.000000,-0.350000,0.600000,0.000000,0.000000,0.707107,0.707107
arm_1,486.821000,0.000000,-0.350000,0.600000,0.000000,0.000000,0.707107,0.707107
arm_1,486.831000,0.000000,-0.350000,0.600000,0.000000,0.000000,0.707107,0.707107
arm_1,486.842000,0.000000,-0.350000,0.600000,0.000000,0.000000,0.707107,0.707107
arm_1,486.853000,0.000000,-0.350000,0.600000,0.000000,0.000000,0.707107,0.707107
arm_1,486.864000,0.000000,-0.350000,0.600000,0.000000,0.000000,0.707107,0.707107
arm_1,486.874000,0.000000,-0.350000,0.600000,0.000000,0.000000,0.707107,0.707107
arm_1,486.885000,0.000000,-0.350000,0.600000,0.000000,0.000000,0.707107,0.707107
arm_1,486.896000,0.000000,-0.350000,0.600000,0.000000,0.000000,0.707107,0.707107
arm_1,486.906000,0.000000,-0.350000,0.600000,0.000000,0.000000,0.707107,0.707107
arm_1,486.917000,0.000000,-0.350000,0.600000,0.000000,0.000000,0.707107,0.707107
arm_1,486.928000,0.000000,-0.350000,0.600000,0.000000,0.000000,0.707107,0.707107
arm_1,486.939000,0.000000,-0.350000,0.600000,0.000000,0.000000,0.707107,0.707107
arm_1,486.950000,0.000000,-0.350000,0.600000,0.000000,0.000000,0.707107,0.707107
arm_1,486.961000,0.000000,-0.350000,0.600000,0.000000,0.000000,0.707107,0.707107
arm_1,486.972000,0.000000,-0.350000,0.600000,0.000000,0.000000,0.707107,0.707107
arm_1,486.983000,0.000000,-0.350000,0.600000,0.000000,0.000000,0.707107,0.707107
arm_1,486.994000,0.000000,-0.350000,0.600000,0.000000,0.000000,0.707107,0.707107
arm_1,487.005000,0.000000,-0.350000,0.600000,0.000000,0.000000,0.707107,0.707107
arm_1,487.016000,0.000000,-0.350000,0.600000,0.000000,0.000000,0.707107,0.707107
arm_1,487.027000,0.000000,-0.350000,0.600000,0.000000,0.000000,0.707107,0.707107
arm_1,487.038000,0.000000,-0.350000,0.600000,0.000000,0.000000,0.707107,0.707107
arm_1,487.048000,0.000000,-0.350000,0.600000,0.000000,0.000000,0.707107,0.707107
arm_1,487.059000,0.000000,-0.350000,0.600000,0.000000,0.000000,0.707107,0.707107
arm_1,487.070000,0.000000,-0.350000,0.600000,0.000000,0.000000,0.707107,0.707107
arm_1,487.080000,0.000000,-0.350000,0.600000,0.000000,0.000000,0.707107,0.707107
arm_1,487.091000,0.000000,-0.350000,0.600000,0.000000,0.000000,0.707107,0.707107
arm_1,487.102000,0.000000,-0.350000,0.600000,0.000000,0.000000,0.707107,0.707107
arm_1,487.112000,0.000000,-0.350000,0.600000,0.000000,0.000000,0.707107,0.707107
arm_1,487.122000,0.000000,-0.350000,0.600000,0.000000,0.000000,0.707107,0.707107
arm_1,487.132000,0.000000,-0.350000,0.600000,0.000000,0.000000,0.707107,0.707107
arm_1,487.141000,0.000000,-0.350000,0.600000,0.000000,0.000000,0.707107,0.707107
arm_1,487.151000,0.000000,-0.350000,0.600000,0.000000,0.000000,0.707107,0.707107
arm_1,487.161000,0.000000,-0.350000,0.600000,0.000000,0.000000,0.707107,0.707107
arm_1,487.171000,0.000000,-0.350000,0.600000,0.000000,0.000000,0.707107,0.707107
arm_1,487.181000,0.000000,-0.350000,0.600000,0.000000,0.000000,0.707107,0.707107
arm_1,487.191000,0.000000,-0.350000,0.600000,0.000000,0.000000,0.707107,0.707107
arm_1,487.201000,0.000000,-0.350000,0.600000,0.000000,0.000000,0.707107,0.707107
arm_1,487.212000,0.000000,-0.350000,0.600000,0.000000,0.000000,0.707107,0.707107
arm_1,487.223000,0.000000,-0.350000,0.600000,0.000000,0.000000,0.707107,0.707107
arm_1,487.234000,0.000000,-0.350000,0.600000,0.000000,0.000000,0.707107,0.707107
arm_1,487.245000,0.000000,-0.350000,0.600000,0.000000,0.000000,0.707107,0.707107
arm_1,487.256000,0.000000,-0.350000,0.600000,0.000000,0.000000,0.707107,0.707107
arm_1,487.267000,0.000000,-0.350000,0.600000,0.000000,0.000000,0.707107,0.707107
arm_1,487.277000,0.000000,-0.350000,0.600000,0.000000,0.000000,0.707107,0.707107
arm_1,487.288000,0.000000,-0.350000,0.600000,0.000000,0.000000,0.707107,0.707107
arm_1,487.298000,0.000000,-0.350000,0.600000,0.000000,0.000000,0.707107,0.707107
arm_1,487.308000,0.000000,-0.350000,0.600000,0.000000,0.000000,0.707107,0.707107
arm_1,487.319000,0.000000,-0.350000,0.600000,0.000000,0.000000,0.707107,0.707107
arm_1,487.330000,0.000000,-0.350000,0.600000,0.000000,0.000000,0.707107,0.707107
arm_1,487.341000,0.000000,-0.350000,0.600000,0.000000,0.000000,0.707107,0.707107
arm_1,487.352000,0.000000,-0.350000,0.600000,0.000000,0.000000,0.707107,0.707107
arm_1,487.363000,0.000000,-0.350000,0.600000,0.000000,0.000000,0.707107,0.707107
arm_1,487.374000,0.000000,-0.350000,0.600000,0.000000,0.000000,0.707107,0.707107
arm_1,487.385000,0.000000,-0.350000,0.600000,0.000000,0.000000,0.707107,0.707107
arm_1,487.396000,0.000000,-0.350000,0.600000,0.000000,0.000000,0.707107,0.707107
arm_1,487.407000,0.000000,-0.350000,0.600000,0.000000,0.000000,0.707107,0.707107
arm_1,487.415000,0.000000,-0.350000,0.600000,0.000000,0.000000,0.707107,0.707107
arm_1,487.425000,0.000000,-0.350000,0.600000,0.000000,0.000000,0.707107,0.707107
arm_1,487.433000,0.000000,-0.350000,0.600000,0.000000,0.000000,0.707107,0.707107
arm_1,487.443000,0.000000,-0.350000,0.600000,0.000000,0.000000,0.707107,0.707107
arm_1,487.450000,0.000000,-0.350000,0.600000,0.000000,0.000000,0.707107,0.707107
arm_1,487.454000,0.000000,-0.350000,0.600000,0.000000,0.000000,0.707107,0.707107
arm_1,487.461000,0.000000,-0.350000,0.600000,0.000000,0.000000,0.707107,0.707107
arm_1,487.470000,0.000000,-0.350000,0.600000,0.000000,0.000000,0.707107,0.707107
arm_1,487.480000,0.000000,-0.350000,0.600000,0.000000,0.000000,0.707107,0.707107
arm_1,487.490000,0.000000,-0.350000,0.600000,0.000000,0.000000,0.707107,0.707107
arm_1,487.499000,0.000000,-0.350000,0.600000,0.000000,0.000000,0.707107,0.707107
arm_1,487.509000,0.000000,-0.350000,0.600000,0.000000,0.000000,0.707107,0.707107
arm_1,487.519000,0.000000,-0.350000,0.600000,0.000000,0.000000,0.707107,0.707107
arm_1,487.529000,0.000000,-0.350000,0.600000,0.000000,0.000000,0.707107,0.707107
arm_1,487.540000,0.000000,-0.350000,0.600000,0.000000,0.000000,0.707107,0.707107
arm_1,487.552000,0.000000,-0.350000,0.600000,0.000000,0.000000,0.707107,0.707107
arm_1,487.564000,0.000000,-0.350000,0.600000,0.000000,0.000000,0.707107,0.707107
arm_1,487.576000,0.000000,-0.350000,0.600000,0.000000,0.000000,0.707107,0.707107
arm_1,487.588000,0.000000,-0.350000,0.600000,0.000000,0.000000,0.707107,0.707107
arm_1,487.600000,0.000000,-0.350000,0.600000,0.000000,0.000000,0.707107,0.707107
arm_1,487.612000,0.000000,-0.350000,0.600000,0.000000,0.000000,0.707107,0.707107
arm_1,487.623000,0.000000,-0.350000,0.600000,0.000000,0.000000,0.707107,0.707107
arm_1,487.634000,0.000000,-0.350000,0.600000,0.000000,0.000000,0.707107,0.707107
arm_1,487.644000,0.000000,-0.350000,0.600000,0.000000,0.000000,0.707107,0.707107
arm_1,487.655000,0.000000,-0.350000,0.600000,0.000000,0.000000,0.707107,0.707107
arm_1,487.665000,0.000000,-0.350000,0.600000,0.000000,0.000000,0.707107,0.707107
arm_1,487.674000,0.000000,-0.350000,0.600000,0.000000,0.000000,0.707107,0.707107
arm_1,487.685000,0.000000,-0.350000,0.600000,0.000000,0.000000,0.707107,0.707107
arm_1,487.696000,0.000000,-0.350000,0.600000,0.000000,0.000000,0.707107,0.707107
arm_1,487.707000,0.000000,-0.350000,0.600000,0.000000,0.000000,0.707107,0.707107
arm_1,487.718000,0.000000,-0.350000,0.600000,0.000000,0.000000,0.707107,0.707107
arm_1,487.728000,0.000000,-0.350000,0.600000,0.000000,0.000000,0.707107,0.707107
arm_1,487.739000,0.000000,-0.350000,0.600000,0.000000,0.000000,0.707107,0.707107
arm_1,487.749000,0.000000,-0.350000,0.600000,0.000000,0.000000,0.707107,0.707107
arm_1,487.760000,0.000000,-0.350000,0.600000,0.000000,0.000000,0.707107,0.707107
arm_1,487.771000,0.000000,-0.350000,0.600000,0.000000,0.000000,0.707107,0.707107
arm_1,487.782000,0.000000,-0.350000,0.600000,0.000000,0.000000,0.707107,0.707107
arm_1,487.789000,0.000000,-0.350000,0.600000,0.000000,0.000000,0.707107,0.707107
arm_1,487.799000,0.000000,-0.350000,0.600000,0.000000,0.000000,0.707107,0.707107
arm_1,487.810000,0.000000,-0.350000,0.600000,0.000000,0.000000,0.707107,0.707107
arm_1,487.821000,0.000000,-0.350000,0.600000,0.000000,0.000000,0.707107,0.707107
arm_1,487.832000,0.000000,-0.350000,0.600000,0.000000,0.000000,0.707107,0.707107
arm_1,487.843000,0.000000,-0.350000,0.600000,0.000000,0.000000,0.707107,0.707107
arm_1,487.854000,0.000000,-0.350000,0.600000,0.000000,0.000000,0.707107,0.707107
arm_1,487.864000,0.000000,-0.350000,0.600000,0.000000,0.000000,0.707107,0.707107
arm_1,487.874000,0.000000,-0.350000,0.600000,0.000000,0.000000,0.707107,0.707107
arm_1,487.885000,0.000000,-0.350000,0.600000,0.000000,0.000000,0.707107,0.707107
arm_1,487.895000,0.000000,-0.350000,0.600000,0.000000,0.000000,0.707107,0.707107
arm_1,487.906000,0.000000,-0.350000,0.600000,0.000000,0.000000,0.707107,0.707107
arm_1,487.917000,0.000000,-0.350000,0.600000,0.000000,0.000000,0.707107,0.707107
arm_1,487.927000,0.000000,-0.350000,0.600000,0.000000,0.000000,0.707107,0.707107
arm_1,487.937000,0.000000,-0.350000,0.600000,0.000000,0.000000,0.707107,0.707107
arm_1,487.947000,0.000000,-0.350000,0.600000,0.000000,0.000000,0.707107,0.707107
arm_1,487.958000,0.000000,-0.350000,0.600000,0.000000,0.000000,0.707107,0.707107
arm_1,487.969000,0.000000,-0.350000,0.600000,0.000000,0.000000,0.707107,0.707107
arm_1,487.979000,0.000000,-0.350000,0.600000,0.000000,0.000000,0.707107,0.707107
arm_1,487.990000,0.000000,-0.350000,0.600000,0.000000,0.000000,0.707107,0.707107
arm_1,488.001000,0.000000,-0.350000,0.600000,0.000000,0.000000,0.707107,0.707107
arm_1,488.011000,0.000000,-0.350000,0.600000,0.000000,0.000000,0.707107,0.707107
arm_1,488.021000,0.000000,-0.350000,0.600000,0.000000,0.000000,0.707107,0.707107
arm_1,488.032000,0.000000,-0.350000,0.600000,0.000000,0.000000,0.707107,0.707107
arm_1,488.043000,0.000000,-0.350000,0.600000,0.000000,0.000000,0.707107,0.707107
arm_1,488.053000,0.000000,-0.350000,0.600000,0.000000,0.000000,0.707107,0.707107
arm_1,488.064000,0.000000,-0.350000,0.600000,0.000000,0.000000,0.707107,0.707107
arm_1,488.075000,0.000000,-0.350000,0.600000,0.000000,0.000000,0.707107,0.707107
arm_1,488.086000,0.000000,-0.350000,0.600000,0.000000,0.000000,0.707107,0.707107
arm_1,488.097000,0.000000,-0.350000,0.600000,0.000000,0.000000,0.707107,0.707107
arm_1,488.108000,0.000000,-0.350000,0.600000,0.000000,0.000000,0.707107,0.707107
arm_1,488.118000,0.000000,-0.350000,0.600000,0.000000,0.000000,0.707107,0.707107
arm_1,488.129000,0.000000,-0.350000,0.600000,0.000000,0.000000,0.707107,0.707107
arm_1,488.142000,0.000000,-0.350000,0.600000,0.000000,0.000000,0.707107,0.707107
arm_1,488.154000,0.000000,-0.350000,0.600000,0.000000,0.000000,0.707107,0.707107
arm_1,488.166000,0.000000,-0.350000,0.600000,0.000000,0.000000,0.707107,0.707107
arm_1,488.175000,0.000000,-0.350000,0.600000,0.000000,0.000000,0.707107,0.707107
arm_1,488.185000,0.000000,-0.350000,0.600000,0.000000,0.000000,0.707107,0.707107
arm_1,488.189000,0.000000,-0.350000,0.600000,0.000000,0.000000,0.707107,0.707107
arm_1,488.196000,0.000000,-0.350000,0.600000,0.000000,0.000000,0.707107,0.707107
arm_1,488.206000,0.000000,-0.350000,0.600000,0.000000,0.000000,0.707107,0.707107
arm_1,488.217000,0.000000,-0.350000,0.600000,0.000000,0.000000,0.707107,0.707107
arm_1,488.227000,0.000000,-0.350000,0.600000,0.000000,0.000000,0.707107,0.707107
arm_1,488.238000,0.000000,-0.350000,0.600000,0.000000,0.000000,0.707107,0.707107
arm_1,488.249000,0.000000,-0.350000,0.600000,0.000000,0.000000,0.707107,0.707107
arm_1,488.259000,0.000000,-0.350000,0.600000,0.000000,0.000000,0.707107,0.707107
arm_1,488.270000,0.000000,-0.350000,0.600000,0.000000,0.000000,0.707107,0.707107
arm_1,488.281000,0.000000,-0.350000,0.600000,0.000000,0.000000,0.707107,0.707107
arm_1,488.292000,0.000000,-0.350000,0.600000,0.000000,0.000000,0.707107,0.707107
arm_1,488.303000,0.000000,-0.350000,0.600000,0.000000,0.000000,0.707107,0.707107
arm_1,488.314000,0.000000,-0.350000,0.600000,0.000000,0.000000,0.707107,0.707107
arm_1,488.324000,0.000000,-0.350000,0.600000,0.000000,0.000000,0.707107,0.707107
arm_1,488.334000,0.000000,-0.350000,0.600000,0.000000,0.000000,0.707107,0.707107
arm_1,488.344000,0.000000,-0.350000,0.600000,0.000000,0.000000,0.707107,0.707107
arm_1,488.354000,0.000000,-0.350000,0.600000,0.000000,0.000000,0.707107,0.707107
arm_1,488.365000,0.000000,-0.350000,0.600000,0.000000,0.000000,0.707107,0.707107
arm_1,488.376000,0.000000,-0.350000,0.600000,0.000000,0.000000,0.707107,0.707107
arm_1,488.387000,0.000000,-0.350000,0.600000,0.000000,0.000000,0.707107,0.707107
arm_1,488.397000,0.000000,-0.350000,0.600000,0.000000,0.000000,0.707107,0.707107
arm_1,488.408000,0.000000,-0.350000,0.600000,0.000000,0.000000,0.707107,0.707107
arm_1,488.419000,0.000000,-0.350000,0.600000,0.000000,0.000000,0.707107,0.707107
arm_1,488.430000,0.000000,-0.350000,0.600000,0.000000,0.000000,0.707107,0.707107
arm_1,488.441000,0.000000,-0.350000,0.600000,0.000000,0.000000,0.707107,0.707107
arm_1,488.452000,0.000000,-0.350000,0.600000,0.000000,0.000000,0.707107,0.707107
arm_1,488.462000,0.000000,-0.350000,0.600000,0.000000,0.000000,0.707107,0.707107
arm_1,488.474000,0.000000,-0.350000,0.600000,0.000000,0.000000,0.707107,0.707107
arm_1,488.486000,0.000000,-0.350000,0.600000,0.000000,0.000000,0.707107,0.707107
arm_1,488.498000,0.000000,-0.350000,0.600000,0.000000,0.000000,0.707107,0.707107
arm_1,488.510000,0.000000,-0.350000,0.600000,0.000000,0.000000,0.707107,0.707107
arm_1,488.524000,0.000000,-0.350000,0.600000,0.000000,0.000000,0.707107,0.707107
arm_1,488.538000,0.000000,-0.350000,0.600000,0.000000,0.000000,0.707107,0.707107
arm_1,488.552000,0.000000,-0.350000,0.600000,0.000000,0.000000,0.707107,0.707107
arm_1,488.566000,0.000000,-0.350000,0.600000,0.000000,0.000000,0.707107,0.707107
arm_1,488.580000,0.000000,-0.350000,0.600000,0.000000,0.000000,0.707107,0.707107
arm_1,488.594000,0.000000,-0.350000,0.600000,0.000000,0.000000,0.707107,0.707107
arm_1,488.608000,0.000000,-0.350000,0.600000,0.000000,0.000000,0.707107,0.707107
arm_1,488.622000,0.000000,-0.350000,0.600000,0.000000,0.000000,0.707107,0.707107
arm_1,488.636000,0.000000,-0.350000,0.600000,0.000000,0.000000,0.707107,0.707107
arm_1,488.650000,0.000000,-0.350000,0.600000,0.000000,0.000000,0.707107,0.707107
arm_1,488.664000,0.000000,-0.350000,0.600000,0.000000,0.000000,0.707107,0.707107
arm_1,488.678000,0.000000,-0.350000,0.600000,0.000000,0.000000,0.707107,0.707107
arm_1,488.692000,0.000000,-0.350000,0.600000,0.000000,0.000000,0.707107,0.707107
arm_1,488.706000,0.000000,-0.350000,0.600000,0.000000,0.000000,0.707107,0.707107
arm_1,488.720000,0.000000,-0.350000,0.600000,0.000000,0.000000,0.707107,0.707107
arm_1,488.734000,0.000000,-0.350000,0.600000,0.000000,0.000000,0.707107,0.707107
arm_1,488.749000,0.000000,-0.350000,0.600000,0.000000,0.000000,0.707107,0.707107
arm_1,488.764000,0.000000,-0.350000,0.600000,0.000000,0.000000,0.707107,0.707107
arm_1,488.779000,0.000000,-0.350000,0.600000,0.000000,0.000000,0.707107,0.707107
arm_1,488.793000,0.000000,-0.350000,0.600000,0.000000,0.000000,0.707107,0.707107
arm_1,488.808000,0.000000,-0.350000,0.600000,0.000000,0.000000,0.707107,0.707107
arm_1,488.822000,0.000000,-0.350000,0.600000,0.000000,0.000000,0.707107,0.707107
arm_1,488.837000,0.000000,-0.350000,0.600000,0.000000,0.000000,0.707107,0.707107
arm_1,488.852000,0.000000,-0.350000,0.600000,0.000000,0.000000,0.707107,0.707107
arm_1,488.866000,0.000000,-0.350000,0.600000,0.000000,0.000000,0.707107,0.707107
arm_1,488.879000,0.000000,-0.350000,0.600000,0.000000,0.000000,0.707107,0.707107
arm_1,488.893000,0.000000,-0.350000,0.600000,0.000000,0.000000,0.707107,0.707107
arm_1,488.907000,0.000000,-0.350000,0.600000,0.000000,0.000000,0.707107,0.707107
arm_1,488.921000,0.000000,-0.350000,0.600000,0.000000,0.000000,0.707107,0.707107
arm_1,488.935000,0.000000,-0.350000,0.600000,0.000000,0.000000,0.707107,0.707107
arm_1,488.949000,0.000000,-0.350000,0.600000,0.000000,0.000000,0.707107,0.707107
arm_1,488.963000,0.000000,-0.350000,0.600000,0.000000,0.000000,0.707107,0.707107
arm_1,488.977000,0.000000,-0.350000,0.600000,0.000000,0.000000,0.707107,0.707107
arm_1,488.992000,0.000000,-0.350000,0.600000,0.000000,0.000000,0.707107,0.707107
arm_1,489.006000,0.000000,-0.350000,0.600000,0.000000,0.000000,0.707107,0.707107
arm_1,489.020000,0.000000,-0.350000,0.600000,0.000000,0.000000,0.707107,0.707107
arm_1,489.034000,0.000000,-0.350000,0.600000,0.000000,0.000000,0.707107,0.707107
arm_1,489.049000,0.000000,-0.350000,0.600000,0.000000,0.000000,0.707107,0.707107
arm_1,489.062000,0.000000,-0.350000,0.600000,0.000000,0.000000,0.707107,0.707107
arm_1,489.073000,0.000000,-0.350000,0.600000,0.000000,0.000000,0.707107,0.707107
arm_1,489.085000,0.000000,-0.350000,0.600000,0.000000,0.000000,0.707107,0.707107
arm_1,489.099000,0.000000,-0.350000,0.600000,0.000000,0.000000,0.707107,0.707107
arm_1,489.112000,0.000000,-0.350000,0.600000,0.000000,0.000000,0.707107,0.707107
arm_1,489.126000,0.000000,-0.350000,0.600000,0.000000,0.000000,0.707107,0.707107
arm_1,489.138000,0.000000,-0.350000,0.600000,0.000000,0.000000,0.707107,0.707107
arm_1,489.152000,0.000000,-0.350000,0.600000,0.000000,0.000000,0.707107,0.707107
arm_1,489.165000,0.000000,-0.350000,0.600000,0.000000,0.000000,0.707107,0.707107
arm_1,489.179000,0.000000,-0.350000,0.600000,0.000000,0.000000,0.707107,0.707107
arm_1,489.193000,0.000000,-0.350000,0.600000,0.000000,0.000000,0.707107,0.707107
arm_1,489.207000,0.000000,-0.350000,0.600000,0.000000,0.000000,0.707107,0.707107
arm_1,489.221000,0.000000,-0.350000,0.600000,0.000000,0.000000,0.707107,0.707107
arm_1,489.236000,0.000000,-0.350000,0.600000,0.000000,0.000000,0.707107,0.707107
arm_1,489.250000,0.000000,-0.350000,0.600000,0.000000,0.000000,0.707107,0.707107
arm_1,489.263000,0.000000,-0.350000,0.600000,0.000000,0.000000,0.707107,0.707107
arm_1,489.276000,0.000000,-0.350000,0.600000,0.000000,0.000000,0.707107,0.707107
arm_1,489.289000,0.000000,-0.350000,0.600000,0.000000,0.000000,0.707107,0.707107
arm_1,489.303000,0.000000,-0.350000,0.600000,0.000000,0.000000,0.707107,0.707107
arm_1,489.317000,0.000000,-0.350000,0.600000,0.000000,0.000000,0.707107,0.707107
arm_1,489.331000,0.000000,-0.350000,0.600000,0.000000,0.000000,0.707107,0.707107
arm_1,489.345000,0.000000,-0.350000,0.600000,0.000000,0.000000,0.707107,0.707107
arm_1,489.360000,0.000000,-0.350000,0.600000,0.000000,0.000000,0.707107,0.707107
arm_1,489.374000,0.000000,-0.350000,0.600000,0.000000,0.000000,0.707107,0.707107
arm_1,489.388000,0.000000,-0.350000,0.600000,0.000000,0.000000,0.707107,0.707107
arm_1,489.402000,0.000000,-0.350000,0.600000,0.000000,0.000000,0.707107,0.707107
arm_1,489.416000,0.000000,-0.350000,0.600000,0.000000,0.000000,0.707107,0.707107
arm_1,489.430000,0.000000,-0.350000,0.600000,0.000000,0.000000,0.707107,0.707107
arm_1,489.445000,0.000000,-0.350000,0.600000,0.000000,0.000000,0.707107,0.707107
arm_1,489.459000,0.000000,-0.350000,0.600000,0.000000,0.000000,0.707107,0.707107
arm_1,489.472000,0.000000,-0.350000,0.600000,0.000000,0.000000,0.707107,0.707107
arm_1,489.486000,0.000000,-0.350000,0.600000,0.000000,0.000000,0.707107,0.707107
arm_1,489.500000,0.000000,-0.350000,0.600000,0.000000,0.000000,0.707107,0.707107
arm_1,489.514000,0.000000,-0.350000,0.600000,0.000000,0.000000,0.707107,0.707107
arm_1,489.528000,0.000000,-0.350000,0.600000,0.000000,0.000000,0.707107,0.707107
arm_1,489.542000,0.000000,-0.350000,0.600000,0.000000,0.000000,0.707107,0.707107
arm_1,489.557000,0.000000,-0.350000,0.600000,0.000000,0.000000,0.707107,0.707107
arm_1,489.571000,0.000000,-0.350000,0.600000,0.000000,0.000000,0.707107,0.707107
arm_1,489.585000,0.000000,-0.350000,0.600000,0.000000,0.000000,0.707107,0.707107
arm_1,489.599000,0.000000,-0.350000,0.600000,0.000000,0.000000,0.707107,0.707107
arm_1,489.613000,0.000000,-0.350000,0.600000,0.000000,0.000000,0.707107,0.707107
arm_1,489.628000,0.000000,-0.350000,0.600000,0.000000,0.000000,0.707107,0.707107
arm_1,489.642000,0.000000,-0.350000,0.600000,0.000000,0.000000,0.707107,0.707107
arm_1,489.657000,0.000000,-0.350000,0.600000,0.000000,0.000000,0.707107,0.707107
arm_1,489.672000,0.000000,-0.350000,0.600000,0.000000,0.000000,0.707107,0.707107
arm_1,489.686000,0.000000,-0.350000,0.600000,0.000000,0.000000,0.707107,0.707107
arm_1,489.700000,0.000000,-0.350000,0.600000,0.000000,0.000000,0.707107,0.707107
arm_1,489.714000,0.000000,-0.350000,0.600000,0.000000,0.000000,0.707107,0.707107
arm_1,489.727000,0.000000,-0.350000,0.600000,0.000000,0.000000,0.707107,0.707107
arm_1,489.739000,0.000000,-0.350000,0.600000,0.000000,0.000000,0.707107,0.707107
arm_1,489.753000,0.000000,-0.350000,0.600000,0.000000,0.000000,0.707107,0.707107
arm_1,489.767000,0.000000,-0.350000,0.600000,0.000000,0.000000,0.707107,0.707107
arm_1,489.781000,0.000000,-0.350000,0.600000,0.000000,0.000000,0.707107,0.707107
arm_1,489.795000,0.000000,-0.350000,0.600000,0.000000,0.000000,0.707107,0.707107
arm_1,489.809000,0.000000,-0.350000,0.600000,0.000000,0.000000,0.707107,0.707107
arm_1,489.823000,0.000000,-0.350000,0.600000,0.000000,0.000000,0.707107,0.707107
arm_1,489.837000,0.000000,-0.350000,0.600000,0.000000,0.000000,0.707107,0.707107
arm_1,489.852000,0.000000,-0.350000,0.600000,0.000000,0.000000,0.707107,0.707107
arm_1,489.866000,0.000000,-0.350000,0.600000,0.000000,0.000000,0.707107,0.707107
arm_1,489.881000,0.000000,-0.350000,0.600000,0.000000,0.000000,0.707107,0.707107
arm_1,489.896000,0.000000,-0.350000,0.600000,0.000000,0.000000,0.707107,0.707107
arm_1,489.911000,0.000000,-0.350000,0.600000,0.000000,0.000000,0.707107,0.707107
arm_1,489.926000,0.000000,-0.350000,0.600000,0.000000,0.000000,0.707107,0.707107
arm_1,489.941000,0.000000,-0.350000,0.600000,0.000000,0.000000,0.707107,0.707107
arm_1,489.955000,0.000000,-0.350000,0.600000,0.000000,0.000000,0.707107,0.707107
arm_1,489.969000,0.000000,-0.350000,0.600000,0.000000,0.000000,0.707107,0.707107
arm_1,489.982000,0.000000,-0.350000,0.600000,0.000000,0.000000,0.707107,0.707107
arm_1,489.993000,0.000000,-0.350000,0.600000,0.000000,0.000000,0.707107,0.707107
arm_1,490.007000,0.000000,-0.350000,0.600000,0.000000,0.000000,0.707107,0.707107
arm_1,490.021000,0.000000,-0.350000,0.600000,0.000000,0.000000,0.707107,0.707107
arm_1,490.035000,0.000000,-0.350000,0.600000,0.000000,0.000000,0.707107,0.707107
arm_1,490.050000,0.000000,-0.350000,0.600000,0.000000,0.000000,0.707107,0.707107
arm_1,490.064000,0.000000,-0.350000,0.600000,0.000000,0.000000,0.707107,0.707107
arm_1,490.078000,0.000000,-0.350000,0.600000,0.000000,0.000000,0.707107,0.707107
arm_1,490.092000,0.000000,-0.350000,0.600000,0.000000,0.000000,0.707107,0.707107
arm_1,490.106000,0.000000,-0.350000,0.600000,0.000000,0.000000,0.707107,0.707107
arm_1,490.120000,0.000000,-0.350000,0.600000,0.000000,0.000000,0.707107,0.707107
arm_1,490.134000,0.000000,-0.350000,0.600000,0.000000,0.000000,0.707107,0.707107
arm_1,490.148000,0.000000,-0.350000,0.600000,0.000000,0.000000,0.707107,0.707107
arm_1,490.163000,0.000000,-0.350000,0.600000,0.000000,0.000000,0.707107,0.707107
arm_1,490.175000,0.000000,-0.350000,0.600000,0.000000,0.000000,0.707107,0.707107
arm_1,490.184000,0.000000,-0.350000,0.600000,0.000000,0.000000,0.707107,0.707107
arm_1,490.196000,0.000000,-0.350000,0.600000,0.000000,0.000000,0.707107,0.707107
arm_1,490.206000,0.000000,-0.350000,0.600000,0.000000,0.000000,0.707107,0.707107
arm_1,490.219000,0.000000,-0.350000,0.600000,0.000000,0.000000,0.707107,0.707107
arm_1,490.232000,0.000000,-0.350000,0.600000,0.000000,0.000000,0.707107,0.707107
arm_1,490.246000,0.000000,-0.350000,0.600000,0.000000,0.000000,0.707107,0.707107
arm_1,490.260000,0.000000,-0.350000,0.600000,0.000000,0.000000,0.707107,0.707107
arm_1,490.274000,0.000000,-0.350000,0.600000,0.000000,0.000000,0.707107,0.707107
arm_1,490.288000,0.000000,-0.350000,0.600000,0.000000,0.000000,0.707107,0.707107
arm_1,490.302000,0.000000,-0.350000,0.600000,0.000000,0.000000,0.707107,0.707107
arm_1,490.316000,0.000000,-0.350000,0.600000,0.000000,0.000000,0.707107,0.707107
arm_1,490.330000,0.000000,-0.350000,0.600000,0.000000,0.000000,0.707107,0.707107
arm_1,490.343000,0.000000,-0.350000,0.600000,0.000000,0.000000,0.707107,0.707107
arm_1,490.357000,0.000000,-0.350000,0.600000,0.000000,0.000000,0.707107,0.707107
arm_1,490.362000,0.000000,-0.350000,0.600000,0.000000,0.000000,0.707107,0.707107
arm_1,490.373000,0.000000,-0.350000,0.600000,0.000000,0.000000,0.707107,0.707107
arm_1,490.386000,0.000000,-0.350000,0.600000,0.000000,0.000000,0.707107,0.707107
arm_1,490.400000,0.000000,-0.350000,0.600000,0.000000,0.000000,0.707107,0.707107
arm_1,490.413000,0.000000,-0.350000,0.600000,0.000000,0.000000,0.707107,0.707107
arm_1,490.427000,0.000000,-0.350000,0.600000,0.000000,0.000000,0.707107,0.707107
arm_1,490.440000,0.000000,-0.350000,0.600000,0.000000,0.000000,0.707107,0.707107
arm_1,490.454000,0.000000,-0.350000,0.600000,0.000000,0.000000,0.707107,0.707107
arm_1,490.467000,0.000000,-0.350000,0.600000,0.000000,0.000000,0.707107,0.707107
arm_1,490.480000,0.000000,-0.350000,0.600000,0.000000,0.000000,0.707107,0.707107
arm_1,490.494000,0.000000,-0.350000,0.600000,0.000000,0.000000,0.707107,0.707107
arm_1,490.507000,0.000000,-0.350000,0.600000,0.000000,0.000000,0.707107,0.707107
arm_1,490.520000,0.000000,-0.350000,0.600000,0.000000,0.000000,0.707107,0.707107
arm_1,490.534000,0.000000,-0.350000,0.600000,0.000000,0.000000,0.707107,0.707107
arm_1,490.547000,0.000000,-0.350000,0.600000,0.000000,0.000000,0.707107,0.707107
arm_1,490.561000,0.000000,-0.350000,0.600000,0.000000,0.000000,0.707107,0.707107
arm_1,490.575000,0.000000,-0.350000,0.600000,0.000000,0.000000,0.707107,0.707107
arm_1,490.589000,0.000000,-0.350000,0.600000,0.000000,0.000000,0.707107,0.707107
arm_1,490.603000,0.000000,-0.350000,0.600000,0.000000,0.000000,0.707107,0.707107
arm_1,490.617000,0.000000,-0.350000,0.600000,0.000000,0.000000,0.707107,0.707107
arm_1,490.629000,0.000000,-0.350000,0.600000,0.000000,0.000000,0.707107,0.707107
arm_1,490.641000,0.000000,-0.350000,0.600000,0.000000,0.000000,0.707107,0.707107
arm_1,490.653000,0.000000,-0.350000,0.600000,0.000000,0.000000,0.707107,0.707107
arm_1,490.665000,0.000000,-0.350000,0.600000,0.000000,0.000000,0.707107,0.707107
arm_1,490.676000,0.000000,-0.350000,0.600000,0.000000,0.000000,0.707107,0.707107
arm_1,490.688000,0.000000,-0.350000,0.600000,0.000000,0.000000,0.707107,0.707107
arm_1,490.700000,0.000000,-0.350000,0.600000,0.000000,0.000000,0.707107,0.707107
arm_1,490.712000,0.000000,-0.350000,0.600000,0.000000,0.000000,0.707107,0.707107
arm_1,490.724000,0.000000,-0.350000,0.600000,0.000000,0.000000,0.707107,0.707107
arm_1,490.736000,0.000000,-0.350000,0.600000,0.000000,0.000000,0.707107,0.707107
arm_1,490.748000,0.000000,-0.350000,0.600000,0.000000,0.000000,0.707107,0.707107
arm_1,490.760000,0.000000,-0.350000,0.600000,0.000000,0.000000,0.707107,0.707107
arm_1,490.772000,0.000000,-0.350000,0.600000,0.000000,0.000000,0.707107,0.707107
arm_1,490.784000,0.000000,-0.350000,0.600000,0.000000,0.000000,0.707107,0.707107
arm_1,490.796000,0.000000,-0.350000,0.600000,0.000000,0.000000,0.707107,0.707107
arm_1,490.807000,0.000000,-0.350000,0.600000,0.000000,0.000000,0.707107,0.707107
arm_1,490.819000,0.000000,-0.350000,0.600000,0.000000,0.000000,0.707107,0.707107
arm_1,490.830000,0.000000,-0.350000,0.600000,0.000000,0.000000,0.707107,0.707107
arm_1,490.842000,0.000000,-0.350000,0.600000,0.000000,0.000000,0.707107,0.707107
arm_1,490.854000,0.000000,-0.350000,0.600000,0.000000,0.000000,0.707107,0.707107
arm_1,490.866000,0.000000,-0.350000,0.600000,0.000000,0.000000,0.707107,0.707107
arm_1,490.878000,0.000000,-0.350000,0.600000,0.000000,0.000000,0.707107,0.707107
arm_1,490.892000,0.000000,-0.350000,0.600000,0.000000,0.000000,0.707107,0.707107
arm_1,490.906000,0.000000,-0.350000,0.600000,0.000000,0.000000,0.707107,0.707107
arm_1,490.920000,0.000000,-0.350000,0.600000,0.000000,0.000000,0.707107,0.707107
arm_1,490.934000,0.000000,-0.350000,0.600000,0.000000,0.000000,0.707107,0.707107
arm_1,490.946000,0.000000,-0.350000,0.600000,0.000000,0.000000,0.707107,0.707107
arm_1,490.960000,0.000000,-0.350000,0.600000,0.000000,0.000000,0.707107,0.707107
arm_1,490.975000,0.000000,-0.350000,0.600000,0.000000,0.000000,0.707107,0.707107
arm_1,490.989000,0.000000,-0.350000,0.600000,0.000000,0.000000,0.707107,0.707107
arm_1,491.003000,0.000000,-0.350000,0.600000,0.000000,0.000000,0.707107,0.707107
arm_1,491.014000,0.000000,-0.350000,0.600000,0.000000,0.000000,0.707107,0.707107
arm_1,491.026000,0.000000,-0.350000,0.600000,0.000000,0.000000,0.707107,0.707107
arm_1,491.040000,0.000000,-0.350000,0.600000,0.000000,0.000000,0.707107,0.707107
arm_1,491.054000,0.000000,-0.350000,0.600000,0.000000,0.000000,0.707107,0.707107
arm_1,491.068000,0.000000,-0.350000,0.600000,0.000000,0.000000,0.707107,0.707107
arm_1,491.082000,0.000000,-0.350000,0.600000,0.000000,0.000000,0.707107,0.707107
arm_1,491.096000,0.000000,-0.350000,0.600000,0.000000,0.000000,0.707107,0.707107
arm_1,491.111000,0.000000,-0.350000,0.600000,0.000000,0.000000,0.707107,0.707107
arm_1,491.126000,0.000000,-0.350000,0.600000,0.000000,0.000000,0.707107,0.707107
arm_1,491.141000,0.000000,-0.350000,0.600000,0.000000,0.000000,0.707107,0.707107
arm_1,491.156000,0.000000,-0.350000,0.600000,0.000000,0.000000,0.707107,0.707107
arm_1,491.171000,0.000000,-0.350000,0.600000,0.000000,0.000000,0.707107,0.707107
arm_1,491.186000,0.000000,-0.350000,0.600000,0.000000,0.000000,0.707107,0.707107
arm_1,491.201000,0.000000,-0.350000,0.600000,0.000000,0.000000,0.707107,0.707107
arm_1,491.215000,0.000000,-0.350000,0.600000,0.000000,0.000000,0.707107,0.707107
arm_1,491.229000,0.000000,-0.350000,0.600000,0.000000,0.000000,0.707107,0.707107
arm_1,491.243000,0.000000,-0.350000,0.600000,0.000000,0.000000,0.707107,0.707107
arm_1,491.257000,0.000000,-0.350000,0.600000,0.000000,0.000000,0.707107,0.707107
arm_1,491.272000,0.000000,-0.350000,0.600000,0.000000,0.000000,0.707107,0.707107
arm_1,491.286000,0.000000,-0.350000,0.600000,0.000000,0.000000,0.707107,0.707107
arm_1,491.300000,0.000000,-0.350000,0.600000,0.000000,0.000000,0.707107,0.707107
arm_1,491.315000,0.000000,-0.350000,0.600000,0.000000,0.000000,0.707107,0.707107
arm_1,491.329000,0.000000,-0.350000,0.600000,0.000000,0.000000,0.707107,0.707107
arm_1,491.343000,0.000000,-0.350000,0.600000,0.000000,0.000000,0.707107,0.707107
arm_1,491.358000,0.000000,-0.350000,0.600000,0.000000,0.000000,0.707107,0.707107
arm_1,491.373000,0.000000,-0.350000,0.600000,0.000000,0.000000,0.707107,0.707107
arm_1,491.388000,0.000000,-0.350000,0.600000,0.000000,0.000000,0.707107,0.707107
arm_1,491.402000,0.000000,-0.350000,0.600000,0.000000,0.000000,0.707107,0.707107
arm_1,491.417000,0.000000,-0.350000,0.600000,0.000000,0.000000,0.707107,0.707107
arm_1,491.430000,0.000000,-0.350000,0.600000,0.000000,0.000000,0.707107,0.707107
arm_1,491.444000,0.000000,-0.350000,0.600000,0.000000,0.000000,0.707107,0.707107
arm_1,491.458000,0.000000,-0.350000,0.600000,0.000000,0.000000,0.707107,0.707107
arm_1,491.473000,0.000000,-0.350000,0.600000,0.000000,0.000000,0.707107,0.707107
arm_1,491.487000,0.000000,-0.350000,0.600000,0.000000,0.000000,0.707107,0.707107
arm_1,491.501000,0.000000,-0.350000,0.600000,0.000000,0.000000,0.707107,0.707107
arm_1,491.516000,0.000000,-0.350000,0.600000,0.000000,0.000000,0.707107,0.707107
arm_1,491.530000,0.000000,-0.350000,0.600000,0.000000,0.000000,0.707107,0.707107
arm_1,491.542000,0.000000,-0.350000,0.600000,0.000000,0.000000,0.707107,0.707107
arm_1,491.554000,0.000000,-0.350000,0.600000,0.000000,0.000000,0.707107,0.707107
arm_1,491.566000,0.000000,-0.350000,0.600000,0.000000,0.000000,0.707107,0.707107
arm_1,491.579000,0.000000,-0.350000,0.600000,0.000000,0.000000,0.707107,0.707107
arm_1,491.592000,0.000000,-0.350000,0.600000,0.000000,0.000000,0.707107,0.707107
arm_1,491.604000,0.000000,-0.350000,0.600000,0.000000,0.000000,0.707107,0.707107
arm_1,491.616000,0.000000,-0.350000,0.600000,0.000000,0.000000,0.707107,0.707107
arm_1,491.628000,0.000000,-0.350000,0.600000,0.000000,0.000000,0.707107,0.707107
arm_1,491.640000,0.000000,-0.350000,0.600000,0.000000,0.000000,0.707107,0.707107
arm_1,491.652000,0.000000,-0.350000,0.600000,0.000000,0.000000,0.707107,0.707107
arm_1,491.665000,0.000000,-0.350000,0.600000,0.000000,0.000000,0.707107,0.707107
arm_1,491.678000,0.000000,-0.350000,0.600000,0.000000,0.000000,0.707107,0.707107
arm_1,491.690000,0.000000,-0.350000,0.600000,0.000000,0.000000,0.707107,0.707107
arm_1,491.702000,0.000000,-0.350000,0.600000,0.000000,0.000000,0.707107,0.707107
arm_1,491.713000,0.000000,-0.350000,0.600000,0.000000,0.000000,0.707107,0.707107
arm_1,491.724000,0.000000,-0.350000,0.600000,0.000000,0.000000,0.707107,0.707107
arm_1,491.735000,0.000000,-0.350000,0.600000,0.000000,0.000000,0.707107,0.707107
arm_1,491.745000,0.000000,-0.350000,0.600000,0.000000,0.000000,0.707107,0.707107
arm_1,491.757000,0.000000,-0.350000,0.600000,0.000000,0.000000,0.707107,0.707107
arm_1,491.770000,0.000000,-0.350000,0.600000,0.000000,0.000000,0.707107,0.707107
arm_1,491.783000,0.000000,-0.350000,0.600000,0.000000,0.000000,0.707107,0.707107
arm_1,491.795000,0.000000,-0.350000,0.600000,0.000000,0.000000,0.707107,0.707107
arm_1,491.808000,0.000000,-0.350000,0.600000,0.000000,0.000000,0.707107,0.707107
arm_1,491.822000,0.000000,-0.350000,0.600000,0.000000,0.000000,0.707107,0.707107
arm_1,491.836000,0.000000,-0.350000,0.600000,0.000000,0.000000,0.707107,0.707107
arm_1,491.850000,0.000000,-0.350000,0.600000,0.000000,0.000000,0.707107,0.707107
arm_1,491.864000,0.000000,-0.350000,0.600000,0.000000,0.000000,0.707107,0.707107
arm_1,491.878000,0.000000,-0.350000,0.600000,0.000000,0.000000,0.707107,0.707107
arm_1,491.892000,0.000000,-0.350000,0.600000,0.000000,0.000000,0.707107,0.707107
arm_1,491.905000,0.000000,-0.350000,0.600000,0.000000,0.000000,0.707107,0.707107
arm_1,491.920000,0.000000,-0.350000,0.600000,0.000000,0.000000,0.707107,0.707107
arm_1,491.934000,0.000000,-0.350000,0.600000,0.000000,0.000000,0.707107,0.707107
arm_1,491.949000,0.000000,-0.350000,0.600000,0.000000,0.000000,0.707107,0.707107
arm_1,491.963000,0.000000,-0.350000,0.600000,0.000000,0.000000,0.707107,0.707107
arm_1,491.978000,0.000000,-0.350000,0.600000,0.000000,0.000000,0.707107,0.707107
arm_1,491.992000,0.000000,-0.350000,0.600000,0.000000,0.000000,0.707107,0.707107
arm_1,492.006000,0.000000,-0.350000,0.600000,0.000000,0.000000,0.707107,0.707107
arm_1,492.020000,0.000000,-0.350000,0.600000,0.000000,0.000000,0.707107,0.707107
arm_1,492.034000,0.000000,-0.350000,0.600000,0.000000,0.000000,0.707107,0.707107
arm_1,492.047000,0.000000,-0.350000,0.600000,0.000000,0.000000,0.707107,0.707107
arm_1,492.061000,0.000000,-0.350000,0.600000,0.000000,0.000000,0.707107,0.707107
arm_1,492.075000,0.000000,-0.350000,0.600000,0.000000,0.000000,0.707107,0.707107
arm_1,492.089000,0.000000,-0.350000,0.600000,0.000000,0.000000,0.707107,0.707107
arm_1,492.103000,0.000000,-0.350000,0.600000,0.000000,0.000000,0.707107,0.707107
arm_1,492.117000,0.000000,-0.350000,0.600000,0.000000,0.000000,0.707107,0.707107
arm_1,492.131000,0.000000,-0.350000,0.600000,0.000000,0.000000,0.707107,0.707107
arm_1,492.144000,0.000000,-0.350000,0.600000,0.000000,0.000000,0.707107,0.707107
arm_1,492.158000,0.000000,-0.350000,0.600000,0.000000,0.000000,0.707107,0.707107
arm_1,492.172000,0.000000,-0.350000,0.600000,0.000000,0.000000,0.707107,0.707107
arm_1,492.186000,0.000000,-0.350000,0.600000,0.000000,0.000000,0.707107,0.707107
arm_1,492.200000,0.000000,-0.350000,0.600000,0.000000,0.000000,0.707107,0.707107
arm_1,492.213000,0.000000,-0.350000,0.600000,0.000000,0.000000,0.707107,0.707107
arm_1,492.227000,0.000000,-0.350000,0.600000,0.000000,0.000000,0.707107,0.707107
arm_1,492.241000,0.000000,-0.350000,0.600000,0.000000,0.000000,0.707107,0.707107
arm_1,492.255000,0.000000,-0.350000,0.600000,0.000000,0.000000,0.707107,0.707107
arm_1,492.270000,0.000000,-0.350000,0.600000,0.000000,0.000000,0.707107,0.707107
arm_1,492.285000,0.000000,-0.350000,0.600000,0.000000,0.000000,0.707107,0.707107
arm_1,492.299000,0.000000,-0.350000,0.600000,0.000000,0.000000,0.707107,0.707107
arm_1,492.313000,0.000000,-0.350000,0.600000,0.000000,0.000000,0.707107,0.707107
arm_1,492.327000,0.000000,-0.350000,0.600000,0.000000,0.000000,0.707107,0.707107
arm_1,492.341000,0.000000,-0.350000,0.600000,0.000000,0.000000,0.707107,0.707107
arm_1,492.354000,0.000000,-0.350000,0.600000,0.000000,0.000000,0.707107,0.707107
arm_1,492.366000,0.000000,-0.350000,0.600000,0.000000,0.000000,0.707107,0.707107
arm_1,492.378000,0.000000,-0.350000,0.600000,0.000000,0.000000,0.707107,0.707107
arm_1,492.390000,0.000000,-0.350000,0.600000,0.000000,0.000000,0.707107,0.707107
arm_1,492.397000,0.000000,-0.350000,0.600000,0.000000,0.000000,0.707107,0.707107
arm_1,492.404000,0.000000,-0.350000,0.600000,0.000000,0.000000,0.707107,0.707107
arm_1,492.411000,0.000000,-0.350000,0.600000,0.000000,0.000000,0.707107,0.707107
arm_1,492.420000,0.000000,-0.350000,0.600000,0.000000,0.000000,0.707107,0.707107
arm_1,492.429000,0.000000,-0.350000,0.600000,0.000000,0.000000,0.707107,0.707107
arm_1,492.439000,0.000000,-0.350000,0.600000,0.000000,0.000000,0.707107,0.707107
arm_1,492.447000,0.000000,-0.350000,0.600000,0.000000,0.000000,0.707107,0.707107
arm_1,492.457000,0.000000,-0.350000,0.600000,0.000000,0.000000,0.707107,0.707107
arm_1,492.464000,0.000000,-0.350000,0.600000,0.000000,0.000000,0.707107,0.707107
arm_1,492.474000,0.000000,-0.350000,0.600000,0.000000,0.000000,0.707107,0.707107
arm_1,492.484000,0.000000,-0.350000,0.600000,0.000000,0.000000,0.707107,0.707107
arm_1,492.496000,0.000000,-0.350000,0.600000,0.000000,0.000000,0.707107,0.707107
arm_1,492.508000,0.000000,-0.350000,0.600000,0.000000,0.000000,0.707107,0.707107
arm_1,492.521000,0.000000,-0.350000,0.600000,0.000000,0.000000,0.707107,0.707107
arm_1,492.535000,0.000000,-0.350000,0.600000,0.000000,0.000000,0.707107,0.707107
arm_1,492.545000,0.000000,-0.350000,0.600000,0.000000,0.000000,0.707107,0.707107
arm_1,492.559000,0.000000,-0.350000,0.600000,0.000000,0.000000,0.707107,0.707107
arm_1,492.572000,0.000000,-0.350000,0.600000,0.000000,0.000000,0.707107,0.707107
arm_1,492.586000,0.000000,-0.350000,0.600000,0.000000,0.000000,0.707107,0.707107
arm_1,492.601000,0.000000,-0.350000,0.600000,0.000000,0.000000,0.707107,0.707107
arm_1,492.615000,0.000000,-0.350000,0.600000,0.000000,0.000000,0.707107,0.707107
arm_1,492.630000,0.000000,-0.350000,0.600000,0.000000,0.000000,0.707107,0.707107
arm_1,492.645000,0.000000,-0.350000,0.600000,0.000000,0.000000,0.707107,0.707107
arm_1,492.660000,0.000000,-0.350000,0.600000,0.000000,0.000000,0.707107,0.707107
arm_1,492.675000,0.000000,-0.350000,0.600000,0.000000,0.000000,0.707107,0.707107
arm_1,492.690000,0.000000,-0.350000,0.600000,0.000000,0.000000,0.707107,0.707107
arm_1,492.705000,0.000000,-0.350000,0.600000,0.000000,0.000000,0.707107,0.707107
arm_1,492.720000,0.000000,-0.350000,0.600000,0.000000,0.000000,0.707107,0.707107
arm_1,492.734000,0.000000,-0.350000,0.600000,0.000000,0.000000,0.707107,0.707107
arm_1,492.749000,0.000000,-0.350000,0.600000,0.000000,0.000000,0.707107,0.707107
arm_1,492.764000,0.000000,-0.350000,0.600000,0.000000,0.000000,0.707107,0.707107
arm_1,492.779000,0.000000,-0.350000,0.600000,0.000000,0.000000,0.707107,0.707107
arm_1,492.794000,0.000000,-0.350000,0.600000,0.000000,0.000000,0.707107,0.707107
arm_1,492.808000,0.000000,-0.350000,0.600000,0.000000,0.000000,0.707107,0.707107
arm_1,492.823000,0.000000,-0.350000,0.600000,0.000000,0.000000,0.707107,0.707107
arm_1,492.838000,0.000000,-0.350000,0.600000,0.000000,0.000000,0.707107,0.707107
arm_1,492.853000,0.000000,-0.350000,0.600000,0.000000,0.000000,0.707107,0.707107
arm_1,492.868000,0.000000,-0.350000,0.600000,0.000000,0.000000,0.707107,0.707107
arm_1,492.883000,0.000000,-0.350000,0.600000,0.000000,0.000000,0.707107,0.707107
arm_1,492.898000,0.000000,-0.350000,0.600000,0.000000,0.000000,0.707107,0.707107
arm_1,492.913000,0.000000,-0.350000,0.600000,0.000000,0.000000,0.707107,0.707107
arm_1,492.928000,0.000000,-0.350000,0.600000,0.000000,0.000000,0.707107,0.707107
arm_1,492.942000,0.000000,-0.350000,0.600000,0.000000,0.000000,0.707107,0.707107
arm_1,492.956000,0.000000,-0.350000,0.600000,0.000000,0.000000,0.707107,0.707107
arm_1,492.970000,0.000000,-0.350000,0.600000,0.000000,0.000000,0.707107,0.707107
arm_1,492.984000,0.000000,-0.350000,0.600000,0.000000,0.000000,0.707107,0.707107
arm_1,492.997000,0.000000,-0.350000,0.600000,0.000000,0.000000,0.707107,0.707107
arm_1,493.009000,0.000000,-0.350000,0.600000,0.000000,0.000000,0.707107,0.707107
arm_1,493.020000,0.000000,-0.350000,0.600000,0.000000,0.000000,0.707107,0.707107
arm_1,493.031000,0.000000,-0.350000,0.600000,0.000000,0.000000,0.707107,0.707107
arm_1,493.042000,0.000000,-0.350000,0.600000,0.000000,0.000000,0.707107,0.707107
arm_1,493.054000,0.000000,-0.350000,0.600000,0.000000,0.000000,0.707107,0.707107
arm_1,493.067000,0.000000,-0.350000,0.600000,0.000000,0.000000,0.707107,0.707107
arm_1,493.078000,0.000000,-0.350000,0.600000,0.000000,0.000000,0.707107,0.707107
arm_1,493.088000,0.000000,-0.350000,0.600000,0.000000,0.000000,0.707107,0.707107
arm_1,493.100000,0.000000,-0.350000,0.600000,0.000000,0.000000,0.707107,0.707107
arm_1,493.112000,0.000000,-0.350000,0.600000,0.000000,0.000000,0.707107,0.707107
arm_1,493.124000,0.000000,-0.350000,0.600000,0.000000,0.000000,0.707107,0.707107
arm_1,493.136000,0.000000,-0.350000,0.600000,0.000000,0.000000,0.707107,0.707107
arm_1,493.149000,0.000000,-0.350000,0.600000,0.000000,0.000000,0.707107,0.707107
arm_1,493.161000,0.000000,-0.350000,0.600000,0.000000,0.000000,0.707107,0.707107
arm_1,493.174000,0.000000,-0.350000,0.600000,0.000000,0.000000,0.707107,0.707107
arm_1,493.187000,0.000000,-0.350000,0.600000,0.000000,0.000000,0.707107,0.707107
arm_1,493.199000,0.000000,-0.350000,0.600000,0.000000,0.000000,0.707107,0.707107
arm_1,493.211000,0.000000,-0.350000,0.600000,0.000000,0.000000,0.707107,0.707107
arm_1,493.224000,0.000000,-0.350000,0.600000,0.000000,0.000000,0.707107,0.707107
arm_1,493.236000,0.000000,-0.350000,0.600000,0.000000,0.000000,0.707107,0.707107
arm_1,493.247000,0.000000,-0.350000,0.600000,0.000000,0.000000,0.707107,0.707107
arm_1,493.258000,0.000000,-0.350000,0.600000,0.000000,0.000000,0.707107,0.707107
arm_1,493.268000,0.000000,-0.350000,0.600000,0.000000,0.000000,0.707107,0.707107
arm_1,493.279000,0.000000,-0.350000,0.600000,0.000000,0.000000,0.707107,0.707107
arm_1,493.290000,0.000000,-0.350000,0.600000,0.000000,0.000000,0.707107,0.707107
arm_1,493.300000,0.000000,-0.350000,0.600000,0.000000,0.000000,0.707107,0.707107
arm_1,493.309000,0.000000,-0.350000,0.600000,0.000000,0.000000,0.707107,0.707107
arm_1,493.319000,0.000000,-0.350000,0.600000,0.000000,0.000000,0.707107,0.707107
arm_1,493.329000,0.000000,-0.350000,0.600000,0.000000,0.000000,0.707107,0.707107
arm_1,493.340000,0.000000,-0.350000,0.600000,0.000000,0.000000,0.707107,0.707107
arm_1,493.350000,0.000000,-0.350000,0.600000,0.000000,0.000000,0.707107,0.707107
arm_1,493.361000,0.000000,-0.350000,0.600000,0.000000,0.000000,0.707107,0.707107
arm_1,493.372000,0.000000,-0.350000,0.600000,0.000000,0.000000,0.707107,0.707107
arm_1,493.382000,0.000000,-0.350000,0.600000,0.000000,0.000000,0.707107,0.707107
arm_1,493.393000,0.000000,-0.350000,0.600000,0.000000,0.000000,0.707107,0.707107
arm_1,493.404000,0.000000,-0.350000,0.600000,0.000000,0.000000,0.707107,0.707107
arm_1,493.415000,0.000000,-0.350000,0.600000,0.000000,0.000000,0.707107,0.707107
arm_1,493.426000,0.000000,-0.350000,0.600000,0.000000,0.000000,0.707107,0.707107
arm_1,493.438000,0.000000,-0.350000,0.600000,0.000000,0.000000,0.707107,0.707107
arm_1,493.451000,0.000000,-0.350000,0.600000,0.000000,0.000000,0.707107,0.707107
arm_1,493.464000,0.000000,-0.350000,0.600000,0.000000,0.000000,0.707107,0.707107
arm_1,493.476000,0.000000,-0.350000,0.600000,0.000000,0.000000,0.707107,0.707107
arm_1,493.488000,0.000000,-0.350000,0.600000,0.000000,0.000000,0.707107,0.707107
arm_1,493.501000,0.000000,-0.350000,0.600000,0.000000,0.000000,0.707107,0.707107
arm_1,493.514000,0.000000,-0.350000,0.600000,0.000000,0.000000,0.707107,0.707107
arm_1,493.527000,0.000000,-0.350000,0.600000,0.000000,0.000000,0.707107,0.707107
arm_1,493.539000,0.000000,-0.350000,0.600000,0.000000,0.000000,0.707107,0.707107
arm_1,493.552000,0.000000,-0.350000,0.600000,0.000000,0.000000,0.707107,0.707107
arm_1,493.564000,0.000000,-0.350000,0.600000,0.000000,0.000000,0.707107,0.707107
arm_1,493.575000,0.000000,-0.350000,0.600000,0.000000,0.000000,0.707107,0.707107
arm_1,493.587000,0.000000,-0.350000,0.600000,0.000000,0.000000,0.707107,0.707107
arm_1,493.599000,0.000000,-0.350000,0.600000,0.000000,0.000000,0.707107,0.707107
arm_1,493.611000,0.000000,-0.350000,0.600000,0.000000,0.000000,0.707107,0.707107
arm_1,493.622000,0.000000,-0.350000,0.600000,0.000000,0.000000,0.707107,0.707107
arm_1,493.633000,0.000000,-0.350000,0.600000,0.000000,0.000000,0.707107,0.707107
arm_1,493.643000,0.000000,-0.350000,0.600000,0.000000,0.000000,0.707107,0.707107
arm_1,493.654000,0.000000,-0.350000,0.600000,0.000000,0.000000,0.707107,0.707107
arm_1,493.665000,0.000000,-0.350000,0.600000,0.000000,0.000000,0.707107,0.707107
arm_1,493.677000,0.000000,-0.350000,0.600000,0.000000,0.000000,0.707107,0.707107
arm_1,493.689000,0.000000,-0.350000,0.600000,0.000000,0.000000,0.707107,0.707107
arm_1,493.701000,0.000000,-0.350000,0.600000,0.000000,0.000000,0.707107,0.707107
arm_1,493.712000,0.000000,-0.350000,0.600000,0.000000,0.000000,0.707107,0.707107
arm_1,493.724000,0.000000,-0.350000,0.600000,0.000000,0.000000,0.707107,0.707107
arm_1,493.736000,0.000000,-0.350000,0.600000,0.000000,0.000000,0.707107,0.707107
arm_1,493.749000,0.000000,-0.350000,0.600000,0.000000,0.000000,0.707107,0.707107
arm_1,493.762000,0.000000,-0.350000,0.600000,0.000000,0.000000,0.707107,0.707107
arm_1,493.776000,0.000000,-0.350000,0.600000,0.000000,0.000000,0.707107,0.707107
arm_1,493.789000,0.000000,-0.350000,0.600000,0.000000,0.000000,0.707107,0.707107
arm_1,493.803000,0.000000,-0.350000,0.600000,0.000000,0.000000,0.707107,0.707107
arm_1,493.816000,0.000000,-0.350000,0.600000,0.000000,0.000000,0.707107,0.707107
arm_1,493.830000,0.000000,-0.350000,0.600000,0.000000,0.000000,0.707107,0.707107
arm_1,493.844000,0.000000,-0.350000,0.600000,0.000000,0.000000,0.707107,0.707107
arm_1,493.854000,0.000000,-0.350000,0.600000,0.000000,0.000000,0.707107,0.707107
arm_1,493.864000,0.000000,-0.350000,0.600000,0.000000,0.000000,0.707107,0.707107
arm_1,493.876000,0.000000,-0.350000,0.600000,0.000000,0.000000,0.707107,0.707107
arm_1,493.888000,0.000000,-0.350000,0.600000,0.000000,0.000000,0.707107,0.707107
arm_1,493.900000,0.000000,-0.350000,0.600000,0.000000,0.000000,0.707107,0.707107
arm_1,493.913000,0.000000,-0.350000,0.600000,0.000000,0.000000,0.707107,0.707107
arm_1,493.926000,0.000000,-0.350000,0.600000,0.000000,0.000000,0.707107,0.707107
arm_1,493.938000,0.000000,-0.350000,0.600000,0.000000,0.000000,0.707107,0.707107
arm_1,493.950000,0.000000,-0.350000,0.600000,0.000000,0.000000,0.707107,0.707107
arm_1,493.962000,0.000000,-0.350000,0.600000,0.000000,0.000000,0.707107,0.707107
arm_1,493.974000,0.000000,-0.350000,0.600000,0.000000,0.000000,0.707107,0.707107
arm_1,493.985000,0.000000,-0.350000,0.600000,0.000000,0.000000,0.707107,0.707107
arm_1,493.996000,0.000000,-0.350000,0.600000,0.000000,0.000000,0.707107,0.707107
arm_1,494.008000,0.000000,-0.350000,0.600000,0.000000,0.000000,0.707107,0.707107
arm_1,494.020000,0.000000,-0.350000,0.600000,0.000000,0.000000,0.707107,0.707107
arm_1,494.032000,0.000000,-0.350000,0.600000,0.000000,0.000000,0.707107,0.707107
arm_1,494.044000,0.000000,-0.350000,0.600000,0.000000,0.000000,0.707107,0.707107
arm_1,494.056000,0.000000,-0.350000,0.600000,0.000000,0.000000,0.707107,0.707107
arm_1,494.069000,0.000000,-0.350000,0.600000,0.000000,0.000000,0.707107,0.707107
arm_1,494.082000,0.000000,-0.350000,0.600000,0.000000,0.000000,0.707107,0.707107
arm_1,494.089000,0.000000,-0.350000,0.600000,0.000000,0.000000,0.707107,0.707107
arm_1,494.099000,0.000000,-0.350000,0.600000,0.000000,0.000000,0.707107,0.707107
arm_1,494.111000,0.000000,-0.350000,0.600000,0.000000,0.000000,0.707107,0.707107
arm_1,494.123000,0.000000,-0.350000,0.600000,0.000000,0.000000,0.707107,0.707107
arm_1,494.135000,0.000000,-0.350000,0.600000,0.000000,0.000000,0.707107,0.707107
arm_1,494.148000,0.000000,-0.350000,0.600000,0.000000,0.000000,0.707107,0.707107
arm_1,494.160000,0.000000,-0.350000,0.600000,0.000000,0.000000,0.707107,0.707107
arm_1,494.173000,0.000000,-0.350000,0.600000,0.000000,0.000000,0.707107,0.707107
arm_1,494.185000,0.000000,-0.350000,0.600000,0.000000,0.000000,0.707107,0.707107
arm_1,494.197000,0.000000,-0.350000,0.600000,0.000000,0.000000,0.707107,0.707107
arm_1,494.209000,0.000000,-0.350000,0.600000,0.000000,0.000000,0.707107,0.707107
arm_1,494.221000,0.000000,-0.350000,0.600000,0.000000,0.000000,0.707107,0.707107
arm_1,494.233000,0.000000,-0.350000,0.600000,0.000000,0.000000,0.707107,0.707107
arm_1,494.246000,0.000000,-0.350000,0.600000,0.000000,0.000000,0.707107,0.707107
arm_1,494.258000,0.000000,-0.350000,0.600000,0.000000,0.000000,0.707107,0.707107
arm_1,494.268000,0.000000,-0.350000,0.600000,0.000000,0.000000,0.707107,0.707107
arm_1,494.279000,0.000000,-0.350000,0.600000,0.000000,0.000000,0.707107,0.707107
arm_1,494.291000,0.000000,-0.350000,0.600000,0.000000,0.000000,0.707107,0.707107
arm_1,494.303000,0.000000,-0.350000,0.600000,0.000000,0.000000,0.707107,0.707107
arm_1,494.316000,0.000000,-0.350000,0.600000,0.000000,0.000000,0.707107,0.707107
arm_1,494.328000,0.000000,-0.350000,0.600000,0.000000,0.000000,0.707107,0.707107
arm_1,494.341000,0.000000,-0.350000,0.600000,0.000000,0.000000,0.707107,0.707107
arm_1,494.354000,0.000000,-0.350000,0.600000,0.000000,0.000000,0.707107,0.707107
arm_1,494.366000,0.000000,-0.350000,0.600000,0.000000,0.000000,0.707107,0.707107
arm_1,494.379000,0.000000,-0.350000,0.600000,0.000000,0.000000,0.707107,0.707107
arm_1,494.391000,0.000000,-0.350000,0.600000,0.000000,0.000000,0.707107,0.707107
arm_1,494.403000,0.000000,-0.350000,0.600000,0.000000,0.000000,0.707107,0.707107
arm_1,494.416000,0.000000,-0.350000,0.600000,0.000000,0.000000,0.707107,0.707107
arm_1,494.428000,0.000000,-0.350000,0.600000,0.000000,0.000000,0.707107,0.707107
arm_1,494.441000,0.000000,-0.350000,0.600000,0.000000,0.000000,0.707107,0.707107
arm_1,494.454000,0.000000,-0.350000,0.600000,0.000000,0.000000,0.707107,0.707107
arm_1,494.459000,0.000000,-0.350000,0.600000,0.000000,0.000000,0.707107,0.707107
arm_1,494.470000,0.000000,-0.350000,0.600000,0.000000,0.000000,0.707107,0.707107
arm_1,494.482000,0.000000,-0.350000,0.600000,0.000000,0.000000,0.707107,0.707107
arm_1,494.494000,0.000000,-0.350000,0.600000,0.000000,0.000000,0.707107,0.707107
arm_1,494.505000,0.000000,-0.350000,0.600000,0.000000,0.000000,0.707107,0.707107
arm_1,494.516000,0.000000,-0.350000,0.600000,0.000000,0.000000,0.707107,0.707107
arm_1,494.527000,0.000000,-0.350000,0.600000,0.000000,0.000000,0.707107,0.707107
arm_1,494.538000,0.000000,-0.350000,0.600000,0.000000,0.000000,0.707107,0.707107
arm_1,494.549000,0.000000,-0.350000,0.600000,0.000000,0.000000,0.707107,0.707107
arm_1,494.560000,0.000000,-0.350000,0.600000,0.000000,0.000000,0.707107,0.707107
arm_1,494.571000,0.000000,-0.350000,0.600000,0.000000,0.000000,0.707107,0.707107
arm_1,494.582000,0.000000,-0.350000,0.600000,0.000000,0.000000,0.707107,0.707107
arm_1,494.593000,0.000000,-0.350000,0.600000,0.000000,0.000000,0.707107,0.707107
arm_1,494.604000,0.000000,-0.350000,0.600000,0.000000,0.000000,0.707107,0.707107
arm_1,494.615000,0.000000,-0.350000,0.600000,0.000000,0.000000,0.707107,0.707107
arm_1,494.626000,0.000000,-0.350000,0.600000,0.000000,0.000000,0.707107,0.707107
arm_1,494.636000,0.000000,-0.350000,0.600000,0.000000,0.000000,0.707107,0.707107
arm_1,494.644000,0.000000,-0.350000,0.600000,0.000000,0.000000,0.707107,0.707107
arm_1,494.652000,0.000000,-0.350000,0.600000,0.000000,0.000000,0.707107,0.707107
arm_1,494.661000,0.000000,-0.350000,0.600000,0.000000,0.000000,0.707107,0.707107
arm_1,494.669000,0.000000,-0.350000,0.600000,0.000000,0.000000,0.707107,0.707107
arm_1,494.677000,0.000000,-0.350000,0.600000,0.000000,0.000000,0.707107,0.707107
arm_1,494.687000,0.000000,-0.350000,0.600000,0.000000,0.000000,0.707107,0.707107
arm_1,494.698000,0.000000,-0.350000,0.600000,0.000000,0.000000,0.707107,0.707107
arm_1,494.708000,0.000000,-0.350000,0.600000,0.000000,0.000000,0.707107,0.707107
arm_1,494.718000,0.000000,-0.350000,0.600000,0.000000,0.000000,0.707107,0.707107
arm_1,494.729000,0.000000,-0.350000,0.600000,0.000000,0.000000,0.707107,0.707107
arm_1,494.740000,0.000000,-0.350000,0.600000,0.000000,0.000000,0.707107,0.707107
arm_1,494.751000,0.000000,-0.350000,0.600000,0.000000,0.000000,0.707107,0.707107
arm_1,494.762000,0.000000,-0.350000,0.600000,0.000000,0.000000,0.707107,0.707107
arm_1,494.772000,0.000000,-0.350000,0.600000,0.000000,0.000000,0.707107,0.707107
arm_1,494.783000,0.000000,-0.350000,0.600000,0.000000,0.000000,0.707107,0.707107
arm_1,494.794000,0.000000,-0.350000,0.600000,0.000000,0.000000,0.707107,0.707107
arm_1,494.805000,0.000000,-0.350000,0.600000,0.000000,0.000000,0.707107,0.707107
arm_1,494.816000,0.000000,-0.350000,0.600000,0.000000,0.000000,0.707107,0.707107
arm_1,494.826000,0.000000,-0.350000,0.600000,0.000000,0.000000,0.707107,0.707107
arm_1,494.837000,0.000000,-0.350000,0.600000,0.000000,0.000000,0.707107,0.707107
arm_1,494.848000,0.000000,-0.350000,0.600000,0.000000,0.000000,0.707107,0.707107
arm_1,494.859000,0.000000,-0.350000,0.600000,0.000000,0.000000,0.707107,0.707107
arm_1,494.869000,0.000000,-0.350000,0.600000,0.000000,0.000000,0.707107,0.707107
arm_1,494.879000,0.000000,-0.350000,0.600000,0.000000,0.000000,0.707107,0.707107
arm_1,494.889000,0.000000,-0.350000,0.600000,0.000000,0.000000,0.707107,0.707107
arm_1,494.899000,0.000000,-0.350000,0.600000,0.000000,0.000000,0.707107,0.707107
arm_1,494.908000,0.000000,-0.350000,0.600000,0.000000,0.000000,0.707107,0.707107
arm_1,494.918000,0.000000,-0.350000,0.600000,0.000000,0.000000,0.707107,0.707107
arm_1,494.927000,0.000000,-0.350000,0.600000,0.000000,0.000000,0.707107,0.707107
arm_1,494.937000,0.000000,-0.350000,0.600000,0.000000,0.000000,0.707107,0.707107
arm_1,494.946000,0.000000,-0.350000,0.600000,0.000000,0.000000,0.707107,0.707107
arm_1,494.956000,0.000000,-0.350000,0.600000,0.000000,0.000000,0.707107,0.707107
arm_1,494.966000,0.000000,-0.350000,0.600000,0.000000,0.000000,0.707107,0.707107
arm_1,494.976000,0.000000,-0.350000,0.600000,0.000000,0.000000,0.707107,0.707107
arm_1,494.986000,0.000000,-0.350000,0.600000,0.000000,0.000000,0.707107,0.707107
arm_1,494.996000,0.000000,-0.350000,0.600000,0.000000,0.000000,0.707107,0.707107
arm_1,495.006000,0.000000,-0.350000,0.600000,0.000000,0.000000,0.707107,0.707107
arm_1,495.016000,0.000000,-0.350000,0.600000,0.000000,0.000000,0.707107,0.707107
arm_1,495.026000,0.000000,-0.350000,0.600000,0.000000,0.000000,0.707107,0.707107
arm_1,495.036000,0.000000,-0.350000,0.600000,0.000000,0.000000,0.707107,0.707107
arm_1,495.046000,0.000000,-0.350000,0.600000,0.000000,0.000000,0.707107,0.707107
arm_1,495.056000,0.000000,-0.350000,0.600000,0.000000,0.000000,0.707107,0.707107
arm_1,495.066000,0.000000,-0.350000,0.600000,0.000000,0.000000,0.707107,0.707107
arm_1,495.076000,0.000000,-0.350000,0.600000,0.000000,0.000000,0.707107,0.707107
arm_1,495.087000,0.000000,-0.350000,0.600000,0.000000,0.000000,0.707107,0.707107
arm_1,495.098000,0.000000,-0.350000,0.600000,0.000000,0.000000,0.707107,0.707107
arm_1,495.109000,0.000000,-0.350000,0.600000,0.000000,0.000000,0.707107,0.707107
arm_1,495.120000,0.000000,-0.350000,0.600000,0.000000,0.000000,0.707107,0.707107
arm_1,495.131000,0.000000,-0.350000,0.600000,0.000000,0.000000,0.707107,0.707107
arm_1,495.142000,0.000000,-0.350000,0.600000,0.000000,0.000000,0.707107,0.707107
arm_1,495.153000,0.000000,-0.350000,0.600000,0.000000,0.000000,0.707107,0.707107
arm_1,495.164000,0.000000,-0.350000,0.600000,0.000000,0.000000,0.707107,0.707107
arm_1,495.175000,0.000000,-0.350000,0.600000,0.000000,0.000000,0.707107,0.707107
arm_1,495.186000,0.000000,-0.350000,0.600000,0.000000,0.000000,0.707107,0.707107
arm_1,495.197000,0.000000,-0.350000,0.600000,0.000000,0.000000,0.707107,0.707107
arm_1,495.208000,0.000000,-0.350000,0.600000,0.000000,0.000000,0.707107,0.707107
arm_1,495.219000,0.000000,-0.350000,0.600000,0.000000,0.000000,0.707107,0.707107
arm_1,495.231000,0.000000,-0.350000,0.600000,0.000000,0.000000,0.707107,0.707107
arm_1,495.242000,0.000000,-0.350000,0.600000,0.000000,0.000000,0.707107,0.707107
arm_1,495.253000,0.000000,-0.350000,0.600000,0.000000,0.000000,0.707107,0.707107
arm_1,495.264000,0.000000,-0.350000,0.600000,0.000000,0.000000,0.707107,0.707107
arm_1,495.275000,0.000000,-0.350000,0.600000,0.000000,0.000000,0.707107,0.707107
arm_1,495.286000,0.000000,-0.350000,0.600000,0.000000,0.000000,0.707107,0.707107
arm_1,495.297000,0.000000,-0.350000,0.600000,0.000000,0.000000,0.707107,0.707107
arm_1,495.308000,0.000000,-0.350000,0.600000,0.000000,0.000000,0.707107,0.707107
arm_1,495.319000,0.000000,-0.350000,0.600000,0.000000,0.000000,0.707107,0.707107
arm_1,495.330000,0.000000,-0.350000,0.600000,0.000000,0.000000,0.707107,0.707107
arm_1,495.340000,0.000000,-0.350000,0.600000,0.000000,0.000000,0.707107,0.707107
arm_1,495.343000,0.000000,-0.350000,0.600000,0.000000,0.000000,0.707107,0.707107
arm_1,495.353000,0.000000,-0.350000,0.600000,0.000000,0.000000,0.707107,0.707107
arm_1,495.363000,0.000000,-0.350000,0.600000,0.000000,0.000000,0.707107,0.707107
arm_1,495.373000,0.000000,-0.350000,0.600000,0.000000,0.000000,0.707107,0.707107
arm_1,495.383000,0.000000,-0.350000,0.600000,0.000000,0.000000,0.707107,0.707107
arm_1,495.393000,0.000000,-0.350000,0.600000,0.000000,0.000000,0.707107,0.707107
arm_1,495.403000,0.000000,-0.350000,0.600000,0.000000,0.000000,0.707107,0.707107
arm_1,495.414000,0.000000,-0.350000,0.600000,0.000000,0.000000,0.707107,0.707107
arm_1,495.424000,0.000000,-0.350000,0.600000,0.000000,0.000000,0.707107,0.707107
arm_1,495.434000,0.000000,-0.350000,0.600000,0.000000,0.000000,0.707107,0.707107
arm_1,495.444000,0.000000,-0.350000,0.600000,0.000000,0.000000,0.707107,0.707107
arm_1,495.455000,0.000000,-0.350000,0.600000,0.000000,0.000000,0.707107,0.707107
arm_1,495.466000,0.000000,-0.350000,0.600000,0.000000,0.000000,0.707107,0.707107
arm_1,495.477000,0.000000,-0.350000,0.600000,0.000000,0.000000,0.707107,0.707107
arm_1,495.487000,0.000000,-0.350000,0.600000,0.000000,0.000000,0.707107,0.707107
arm_1,495.497000,0.000000,-0.350000,0.600000,0.000000,0.000000,0.707107,0.707107
arm_1,495.507000,0.000000,-0.350000,0.600000,0.000000,0.000000,0.707107,0.707107
arm_1,495.518000,0.000000,-0.350000,0.600000,0.000000,0.000000,0.707107,0.707107
arm_1,495.528000,0.000000,-0.350000,0.600000,0.000000,0.000000,0.707107,0.707107
arm_1,495.539000,0.000000,-0.350000,0.600000,0.000000,0.000000,0.707107,0.707107
arm_1,495.549000,0.000000,-0.350000,0.600000,0.000000,0.000000,0.707107,0.707107
arm_1,495.560000,0.000000,-0.350000,0.600000,0.000000,0.000000,0.707107,0.707107
arm_1,495.571000,0.000000,-0.350000,0.600000,0.000000,0.000000,0.707107,0.707107
arm_1,495.581000,0.000000,-0.350000,0.600000,0.000000,0.000000,0.707107,0.707107
arm_1,495.591000,0.000000,-0.350000,0.600000,0.000000,0.000000,0.707107,0.707107
arm_1,495.602000,0.000000,-0.350000,0.600000,0.000000,0.000000,0.707107,0.707107
arm_1,495.612000,0.000000,-0.350000,0.600000,0.000000,0.000000,0.707107,0.707107
arm_1,495.622000,0.000000,-0.350000,0.600000,0.000000,0.000000,0.707107,0.707107
arm_1,495.632000,0.000000,-0.350000,0.600000,0.000000,0.000000,0.707107,0.707107
arm_1,495.642000,0.000000,-0.350000,0.600000,0.000000,0.000000,0.707107,0.707107
arm_1,495.652000,0.000000,-0.350000,0.600000,0.000000,0.000000,0.707107,0.707107
arm_1,495.662000,0.000000,-0.350000,0.600000,0.000000,0.000000,0.707107,0.707107
arm_1,495.672000,0.000000,-0.350000,0.600000,0.000000,0.000000,0.707107,0.707107
arm_1,495.682000,0.000000,-0.350000,0.600000,0.000000,0.000000,0.707107,0.707107
arm_1,495.692000,0.000000,-0.350000,0.600000,0.000000,0.000000,0.707107,0.707107
arm_1,495.703000,0.000000,-0.350000,0.600000,0.000000,0.000000,0.707107,0.707107
arm_1,495.714000,0.000000,-0.350000,0.600000,0.000000,0.000000,0.707107,0.707107
arm_1,495.725000,0.000000,-0.350000,0.600000,0.000000,0.000000,0.707107,0.707107
arm_1,495.736000,0.000000,-0.350000,0.600000,0.000000,0.000000,0.707107,0.707107
arm_1,495.747000,0.000000,-0.350000,0.600000,0.000000,0.000000,0.707107,0.707107
arm_1,495.758000,0.000000,-0.350000,0.600000,0.000000,0.000000,0.707107,0.707107
arm_1,495.769000,0.000000,-0.350000,0.600000,0.000000,0.000000,0.707107,0.707107
arm_1,495.780000,0.000000,-0.350000,0.600000,0.000000,0.000000,0.707107,0.707107
arm_1,495.791000,0.000000,-0.350000,0.600000,0.000000,0.000000,0.707107,0.707107
arm_1,495.801000,0.000000,-0.350000,0.600000,0.000000,0.000000,0.707107,0.707107
arm_1,495.812000,0.000000,-0.350000,0.600000,0.000000,0.000000,0.707107,0.707107
arm_1,495.820000,0.000000,-0.350000,0.600000,0.000000,0.000000,0.707107,0.707107
arm_1,495.830000,0.000000,-0.350000,0.600000,0.000000,0.000000,0.707107,0.707107
arm_1,495.838000,0.000000,-0.350000,0.600000,0.000000,0.000000,0.707107,0.707107
arm_1,495.847000,0.000000,-0.350000,0.600000,0.000000,0.000000,0.707107,0.707107
arm_1,495.857000,0.000000,-0.350000,0.600000,0.000000,0.000000,0.707107,0.707107
arm_1,495.866000,0.000000,-0.350000,0.600000,0.000000,0.000000,0.707107,0.707107
arm_1,495.875000,0.000000,-0.350000,0.600000,0.000000,0.000000,0.707107,0.707107
arm_1,495.884000,0.000000,-0.350000,0.600000,0.000000,0.000000,0.707107,0.707107
arm_1,495.893000,0.000000,-0.350000,0.600000,0.000000,0.000000,0.707107,0.707107
arm_1,495.902000,0.000000,-0.350000,0.600000,0.000000,0.000000,0.707107,0.707107
arm_1,495.912000,0.000000,-0.350000,0.600000,0.000000,0.000000,0.707107,0.707107
arm_1,495.921000,0.000000,-0.350000,0.600000,0.000000,0.000000,0.707107,0.707107
arm_1,495.930000,0.000000,-0.350000,0.600000,0.000000,0.000000,0.707107,0.707107
arm_1,495.935000,0.000000,-0.350000,0.600000,0.000000,0.000000,0.707107,0.707107
arm_1,495.945000,0.000000,-0.350000,0.600000,0.000000,0.000000,0.707107,0.707107
arm_1,495.955000,0.000000,-0.350000,0.600000,0.000000,0.000000,0.707107,0.707107
arm_1,495.965000,0.000000,-0.350000,0.600000,0.000000,0.000000,0.707107,0.707107
arm_1,495.975000,0.000000,-0.350000,0.600000,0.000000,0.000000,0.707107,0.707107
arm_1,495.985000,0.000000,-0.350000,0.600000,0.000000,0.000000,0.707107,0.707107
arm_1,495.995000,0.000000,-0.350000,0.600000,0.000000,0.000000,0.707107,0.707107
arm_1,496.006000,0.000000,-0.350000,0.600000,0.000000,0.000000,0.707107,0.707107
arm_1,496.016000,0.000000,-0.350000,0.600000,0.000000,0.000000,0.707107,0.707107
arm_1,496.027000,0.000000,-0.350000,0.600000,0.000000,0.000000,0.707107,0.707107
arm_1,496.037000,0.000000,-0.350000,0.600000,0.000000,0.000000,0.707107,0.707107
arm_1,496.048000,0.000000,-0.350000,0.600000,0.000000,0.000000,0.707107,0.707107
arm_1,496.058000,0.000000,-0.350000,0.600000,0.000000,0.000000,0.707107,0.707107
arm_1,496.069000,0.000000,-0.350000,0.600000,0.000000,0.000000,0.707107,0.707107
arm_1,496.080000,0.000000,-0.350000,0.600000,0.000000,0.000000,0.707107,0.707107
arm_1,496.091000,0.000000,-0.350000,0.600000,0.000000,0.000000,0.707107,0.707107
arm_1,496.102000,0.000000,-0.350000,0.600000,0.000000,0.000000,0.707107,0.707107
arm_1,496.112000,0.000000,-0.350000,0.600000,0.000000,0.000000,0.707107,0.707107
arm_1,496.122000,0.000000,-0.350000,0.600000,0.000000,0.000000,0.707107,0.707107
arm_1,496.131000,0.000000,-0.350000,0.600000,0.000000,0.000000,0.707107,0.707107
arm_1,496.141000,0.000000,-0.350000,0.600000,0.000000,0.000000,0.707107,0.707107
arm_1,496.150000,0.000000,-0.350000,0.600000,0.000000,0.000000,0.707107,0.707107
arm_1,496.160000,0.000000,-0.350000,0.600000,0.000000,0.000000,0.707107,0.707107
arm_1,496.171000,0.000000,-0.350000,0.600000,0.000000,0.000000,0.707107,0.707107
arm_1,496.183000,0.000000,-0.350000,0.600000,0.000000,0.000000,0.707107,0.707107
arm_1,496.195000,0.000000,-0.350000,0.600000,0.000000,0.000000,0.707107,0.707107
arm_1,496.206000,0.000000,-0.350000,0.600000,0.000000,0.000000,0.707107,0.707107
arm_1,496.217000,0.000000,-0.350000,0.600000,0.000000,0.000000,0.707107,0.707107
arm_1,496.230000,0.000000,-0.350000,0.600000,0.000000,0.000000,0.707107,0.707107
arm_1,496.243000,0.000000,-0.350000,0.600000,0.000000,0.000000,0.707107,0.707107
arm_1,496.255000,0.000000,-0.350000,0.600000,0.000000,0.000000,0.707107,0.707107
arm_1,496.269000,0.000000,-0.350000,0.600000,0.000000,0.000000,0.707107,0.707107
arm_1,496.284000,0.000000,-0.350000,0.600000,0.000000,0.000000,0.707107,0.707107
arm_1,496.298000,0.000000,-0.350000,0.600000,0.000000,0.000000,0.707107,0.707107
arm_1,496.308000,0.000000,-0.350000,0.600000,0.000000,0.000000,0.707107,0.707107
arm_1,496.318000,0.000000,-0.350000,0.600000,0.000000,0.000000,0.707107,0.707107
arm_1,496.329000,0.000000,-0.350000,0.600000,0.000000,0.000000,0.707107,0.707107
arm_1,496.342000,0.000000,-0.350000,0.600000,0.000000,0.000000,0.707107,0.707107
arm_1,496.355000,0.000000,-0.350000,0.600000,0.000000,0.000000,0.707107,0.707107
arm_1,496.368000,0.000000,-0.350000,0.600000,0.000000,0.000000,0.707107,0.707107
arm_1,496.379000,0.000000,-0.350000,0.600000,0.000000,0.000000,0.707107,0.707107
arm_1,496.389000,0.000000,-0.350000,0.600000,0.000000,0.000000,0.707107,0.707107
arm_1,496.399000,0.000000,-0.350000,0.600000,0.000000,0.000000,0.707107,0.707107
arm_1,496.409000,0.000000,-0.350000,0.600000,0.000000,0.000000,0.707107,0.707107
arm_1,496.419000,0.000000,-0.350000,0.600000,0.000000,0.000000,0.707107,0.707107
arm_1,496.429000,0.000000,-0.350000,0.600000,0.000000,0.000000,0.707107,0.707107
arm_1,496.438000,0.000000,-0.350000,0.600000,0.000000,0.000000,0.707107,0.707107
arm_1,496.444000,0.000000,-0.350000,0.600000,0.000000,0.000000,0.707107,0.707107
arm_1,496.450000,0.000000,-0.350000,0.600000,0.000000,0.000000,0.707107,0.707107
arm_1,496.460000,0.000000,-0.350000,0.600000,0.000000,0.000000,0.707107,0.707107
arm_1,496.470000,0.000000,-0.350000,0.600000,0.000000,0.000000,0.707107,0.707107
arm_1,496.481000,0.000000,-0.350000,0.600000,0.000000,0.000000,0.707107,0.707107
arm_1,496.491000,0.000000,-0.350000,0.600000,0.000000,0.000000,0.707107,0.707107
arm_1,496.502000,0.000000,-0.350000,0.600000,0.000000,0.000000,0.707107,0.707107
arm_1,496.512000,0.000000,-0.350000,0.600000,0.000000,0.000000,0.707107,0.707107
arm_1,496.522000,0.000000,-0.350000,0.600000,0.000000,0.000000,0.707107,0.707107
arm_1,496.533000,0.000000,-0.350000,0.600000,0.000000,0.000000,0.707107,0.707107
arm_1,496.546000,0.000000,-0.350000,0.600000,0.000000,0.000000,0.707107,0.707107
arm_1,496.559000,0.000000,-0.350000,0.600000,0.000000,0.000000,0.707107,0.707107
arm_1,496.572000,0.000000,-0.350000,0.600000,0.000000,0.000000,0.707107,0.707107
arm_1,496.584000,0.000000,-0.350000,0.600000,0.000000,0.000000,0.707107,0.707107
arm_1,496.596000,0.000000,-0.350000,0.600000,0.000000,0.000000,0.707107,0.707107
arm_1,496.608000,0.000000,-0.350000,0.600000,0.000000,0.000000,0.707107,0.707107
arm_1,496.621000,0.000000,-0.350000,0.600000,0.000000,0.000000,0.707107,0.707107
arm_1,496.634000,0.000000,-0.350000,0.600000,0.000000,0.000000,0.707107,0.707107
arm_1,496.647000,0.000000,-0.350000,0.600000,0.000000,0.000000,0.707107,0.707107
arm_1,496.658000,0.000000,-0.350000,0.600000,0.000000,0.000000,0.707107,0.707107
arm_1,496.669000,0.000000,-0.350000,0.600000,0.000000,0.000000,0.707107,0.707107
arm_1,496.682000,0.000000,-0.350000,0.600000,0.000000,0.000000,0.707107,0.707107
arm_1,496.695000,0.000000,-0.350000,0.600000,0.000000,0.000000,0.707107,0.707107
arm_1,496.708000,0.000000,-0.350000,0.600000,0.000000,0.000000,0.707107,0.707107
arm_1,496.721000,0.000000,-0.350000,0.600000,0.000000,0.000000,0.707107,0.707107
arm_1,496.733000,0.000000,-0.350000,0.600000,0.000000,0.000000,0.707107,0.707107
arm_1,496.744000,0.000000,-0.350000,0.600000,0.000000,0.000000,0.707107,0.707107
arm_1,496.754000,0.000000,-0.350000,0.600000,0.000000,0.000000,0.707107,0.707107
arm_1,496.765000,0.000000,-0.350000,0.600000,0.000000,0.000000,0.707107,0.707107
arm_1,496.776000,0.000000,-0.350000,0.600000,0.000000,0.000000,0.707107,0.707107
arm_1,496.786000,0.000000,-0.350000,0.600000,0.000000,0.000000,0.707107,0.707107
arm_1,496.796000,0.000000,-0.350000,0.600000,0.000000,0.000000,0.707107,0.707107
arm_1,496.806000,0.000000,-0.350000,0.600000,0.000000,0.000000,0.707107,0.707107
arm_1,496.816000,0.000000,-0.350000,0.600000,0.000000,0.000000,0.707107,0.707107
arm_1,496.827000,0.000000,-0.350000,0.600000,0.000000,0.000000,0.707107,0.707107
arm_1,496.838000,0.000000,-0.350000,0.600000,0.000000,0.000000,0.707107,0.707107
arm_1,496.848000,0.000000,-0.350000,0.600000,0.000000,0.000000,0.707107,0.707107
arm_1,496.858000,0.000000,-0.350000,0.600000,0.000000,0.000000,0.707107,0.707107
arm_1,496.869000,0.000000,-0.350000,0.600000,0.000000,0.000000,0.707107,0.707107
arm_1,496.882000,0.000000,-0.350000,0.600000,0.000000,0.000000,0.707107,0.707107
arm_1,496.895000,0.000000,-0.350000,0.600000,0.000000,0.000000,0.707107,0.707107
arm_1,496.908000,0.000000,-0.350000,0.600000,0.000000,0.000000,0.707107,0.707107
arm_1,496.921000,0.000000,-0.350000,0.600000,0.000000,0.000000,0.707107,0.707107
arm_1,496.932000,0.000000,-0.350000,0.600000,0.000000,0.000000,0.707107,0.707107
arm_1,496.941000,0.000000,-0.350000,0.600000,0.000000,0.000000,0.707107,0.707107
arm_1,496.949000,0.000000,-0.350000,0.600000,0.000000,0.000000,0.707107,0.707107
arm_1,496.958000,0.000000,-0.350000,0.600000,0.000000,0.000000,0.707107,0.707107
arm_1,496.970000,0.000000,-0.350000,0.600000,0.000000,0.000000,0.707107,0.707107
arm_1,496.983000,0.000000,-0.350000,0.600000,0.000000,0.000000,0.707107,0.707107
arm_1,496.996000,0.000000,-0.350000,0.600000,0.000000,0.000000,0.707107,0.707107
arm_1,497.009000,0.000000,-0.350000,0.600000,0.000000,0.000000,0.707107,0.707107
arm_1,497.022000,0.000000,-0.350000,0.600000,0.000000,0.000000,0.707107,0.707107
arm_1,497.036000,0.000000,-0.350000,0.600000,0.000000,0.000000,0.707107,0.707107
arm_1,497.048000,0.000000,-0.350000,0.600000,0.000000,0.000000,0.707107,0.707107
arm_1,497.059000,0.000000,-0.350000,0.600000,0.000000,0.000000,0.707107,0.707107
arm_1,497.070000,0.000000,-0.350000,0.600000,0.000000,0.000000,0.707107,0.707107
arm_1,497.080000,0.000000,-0.350000,0.600000,0.000000,0.000000,0.707107,0.707107
arm_1,497.091000,0.000000,-0.350000,0.600000,0.000000,0.000000,0.707107,0.707107
arm_1,497.102000,0.000000,-0.350000,0.600000,0.000000,0.000000,0.707107,0.707107
arm_1,497.113000,0.000000,-0.350000,0.600000,0.000000,0.000000,0.707107,0.707107
arm_1,497.124000,0.000000,-0.350000,0.600000,0.000000,0.000000,0.707107,0.707107
arm_1,497.135000,0.000000,-0.350000,0.600000,0.000000,0.000000,0.707107,0.707107
arm_1,497.146000,0.000000,-0.350000,0.600000,0.000000,0.000000,0.707107,0.707107
arm_1,497.157000,0.000000,-0.350000,0.600000,0.000000,0.000000,0.707107,0.707107
arm_1,497.168000,0.000000,-0.350000,0.600000,0.000000,0.000000,0.707107,0.707107
arm_1,497.179000,0.000000,-0.350000,0.600000,0.000000,0.000000,0.707107,0.707107
arm_1,497.190000,0.000000,-0.350000,0.600000,0.000000,0.000000,0.707107,0.707107
arm_1,497.201000,0.000000,-0.350000,0.600000,0.000000,0.000000,0.707107,0.707107
arm_1,497.211000,0.000000,-0.350000,0.600000,0.000000,0.000000,0.707107,0.707107
arm_1,497.222000,0.000000,-0.350000,0.600000,0.000000,0.000000,0.707107,0.707107
arm_1,497.233000,0.000000,-0.350000,0.600000,0.000000,0.000000,0.707107,0.707107
arm_1,497.244000,0.000000,-0.350000,0.600000,0.000000,0.000000,0.707107,0.707107
arm_1,497.255000,0.000000,-0.350000,0.600000,0.000000,0.000000,0.707107,0.707107
arm_1,497.265000,0.000000,-0.350000,0.600000,0.000000,0.000000,0.707107,0.707107
arm_1,497.275000,0.000000,-0.350000,0.600000,0.000000,0.000000,0.707107,0.707107
arm_1,497.285000,0.000000,-0.350000,0.600000,0.000000,0.000000,0.707107,0.707107
arm_1,497.296000,0.000000,-0.350000,0.600000,0.000000,0.000000,0.707107,0.707107
arm_1,497.307000,0.000000,-0.350000,0.600000,0.000000,0.000000,0.707107,0.707107
arm_1,497.318000,0.000000,-0.350000,0.600000,0.000000,0.000000,0.707107,0.707107
arm_1,497.329000,0.000000,-0.350000,0.600000,0.000000,0.000000,0.707107,0.707107
arm_1,497.340000,0.000000,-0.350000,0.600000,0.000000,0.000000,0.707107,0.707107
arm_1,497.350000,0.000000,-0.350000,0.600000,0.000000,0.000000,0.707107,0.707107
arm_1,497.361000,0.000000,-0.350000,0.600000,0.000000,0.000000,0.707107,0.707107
arm_1,497.372000,0.000000,-0.350000,0.600000,0.000000,0.000000,0.707107,0.707107
arm_1,497.383000,0.000000,-0.350000,0.600000,0.000000,0.000000,0.707107,0.707107
arm_1,497.393000,0.000000,-0.350000,0.600000,0.000000,0.000000,0.707107,0.707107
arm_1,497.404000,0.000000,-0.350000,0.600000,0.000000,0.000000,0.707107,0.707107
arm_1,497.414000,0.000000,-0.350000,0.600000,0.000000,0.000000,0.707107,0.707107
arm_1,497.425000,0.000000,-0.350000,0.600000,0.000000,0.000000,0.707107,0.707107
arm_1,497.435000,0.000000,-0.350000,0.600000,0.000000,0.000000,0.707107,0.707107
arm_1,497.446000,0.000000,-0.350000,0.600000,0.000000,0.000000,0.707107,0.707107
arm_1,497.458000,0.000000,-0.350000,0.600000,0.000000,0.000000,0.707107,0.707107
arm_1,497.470000,0.000000,-0.350000,0.600000,0.000000,0.000000,0.707107,0.707107
arm_1,497.483000,0.000000,-0.350000,0.600000,0.000000,0.000000,0.707107,0.707107
arm_1,497.495000,0.000000,-0.350000,0.600000,0.000000,0.000000,0.707107,0.707107
arm_1,497.508000,0.000000,-0.350000,0.600000,0.000000,0.000000,0.707107,0.707107
arm_1,497.521000,0.000000,-0.350000,0.600000,0.000000,0.000000,0.707107,0.707107
arm_1,497.533000,0.000000,-0.350000,0.600000,0.000000,0.000000,0.707107,0.707107
arm_1,497.544000,0.000000,-0.350000,0.600000,0.000000,0.000000,0.707107,0.707107
arm_1,497.554000,0.000000,-0.350000,0.600000,0.000000,0.000000,0.707107,0.707107
arm_1,497.565000,0.000000,-0.350000,0.600000,0.000000,0.000000,0.707107,0.707107
arm_1,497.575000,0.000000,-0.350000,0.600000,0.000000,0.000000,0.707107,0.707107
arm_1,497.584000,0.000000,-0.350000,0.600000,0.000000,0.000000,0.707107,0.707107
arm_1,497.592000,0.000000,-0.350000,0.600000,0.000000,0.000000,0.707107,0.707107
arm_1,497.602000,0.000000,-0.350000,0.600000,0.000000,0.000000,0.707107,0.707107
arm_1,497.612000,0.000000,-0.350000,0.600000,0.000000,0.000000,0.707107,0.707107
arm_1,497.623000,0.000000,-0.350000,0.600000,0.000000,0.000000,0.707107,0.707107
arm_1,497.634000,0.000000,-0.350000,0.600000,0.000000,0.000000,0.707107,0.707107
arm_1,497.645000,0.000000,-0.350000,0.600000,0.000000,0.000000,0.707107,0.707107
arm_1,497.656000,0.000000,-0.350000,0.600000,0.000000,0.000000,0.707107,0.707107
arm_1,497.667000,0.000000,-0.350000,0.600000,0.000000,0.000000,0.707107,0.707107
arm_1,497.678000,0.000000,-0.350000,0.600000,0.000000,0.000000,0.707107,0.707107
arm_1,497.689000,0.000000,-0.350000,0.600000,0.000000,0.000000,0.707107,0.707107
arm_1,497.702000,0.000000,-0.350000,0.600000,0.000000,0.000000,0.707107,0.707107
arm_1,497.713000,0.000000,-0.350000,0.600000,0.000000,0.000000,0.707107,0.707107
arm_1,497.723000,0.000000,-0.350000,0.600000,0.000000,0.000000,0.707107,0.707107
arm_1,497.735000,0.000000,-0.350000,0.600000,0.000000,0.000000,0.707107,0.707107
arm_1,497.748000,0.000000,-0.350000,0.600000,0.000000,0.000000,0.707107,0.707107
arm_1,497.759000,0.000000,-0.350000,0.600000,0.000000,0.000000,0.707107,0.707107
arm_1,497.770000,0.000000,-0.350000,0.600000,0.000000,0.000000,0.707107,0.707107
arm_1,497.781000,0.000000,-0.350000,0.600000,0.000000,0.000000,0.707107,0.707107
arm_1,497.792000,0.000000,-0.350000,0.600000,0.000000,0.000000,0.707107,0.707107
arm_1,497.803000,0.000000,-0.350000,0.600000,0.000000,0.000000,0.707107,0.707107
arm_1,497.815000,0.000000,-0.350000,0.600000,0.000000,0.000000,0.707107,0.707107
arm_1,497.828000,0.000000,-0.350000,0.600000,0.000000,0.000000,0.707107,0.707107
arm_1,497.840000,0.000000,-0.350000,0.600000,0.000000,0.000000,0.707107,0.707107
arm_1,497.853000,0.000000,-0.350000,0.600000,0.000000,0.000000,0.707107,0.707107
arm_1,497.866000,0.000000,-0.350000,0.600000,0.000000,0.000000,0.707107,0.707107
arm_1,497.879000,0.000000,-0.350000,0.600000,0.000000,0.000000,0.707107,0.707107
arm_1,497.893000,0.000000,-0.350000,0.600000,0.000000,0.000000,0.707107,0.707107
arm_1,497.907000,0.000000,-0.350000,0.600000,0.000000,0.000000,0.707107,0.707107
arm_1,497.919000,0.000000,-0.350000,0.600000,0.000000,0.000000,0.707107,0.707107
arm_1,497.930000,0.000000,-0.350000,0.600000,0.000000,0.000000,0.707107,0.707107
arm_1,497.940000,0.000000,-0.350000,0.600000,0.000000,0.000000,0.707107,0.707107
arm_1,497.951000,0.000000,-0.350000,0.600000,0.000000,0.000000,0.707107,0.707107
arm_1,497.962000,0.000000,-0.350000,0.600000,0.000000,0.000000,0.707107,0.707107
arm_1,497.972000,0.000000,-0.350000,0.600000,0.000000,0.000000,0.707107,0.707107
arm_1,497.983000,0.000000,-0.350000,0.600000,0.000000,0.000000,0.707107,0.707107
arm_1,497.994000,0.000000,-0.350000,0.600000,0.000000,0.000000,0.707107,0.707107
arm_1,498.004000,0.000000,-0.350000,0.600000,0.000000,0.000000,0.707107,0.707107
arm_1,498.015000,0.000000,-0.350000,0.600000,0.000000,0.000000,0.707107,0.707107
arm_1,498.026000,0.000000,-0.350000,0.600000,0.000000,0.000000,0.707107,0.707107
arm_1,498.036000,0.000000,-0.350000,0.600000,0.000000,0.000000,0.707107,0.707107
arm_1,498.047000,0.000000,-0.350000,0.600000,0.000000,0.000000,0.707107,0.707107
arm_1,498.057000,0.000000,-0.350000,0.600000,0.000000,0.000000,0.707107,0.707107
arm_1,498.067000,0.000000,-0.350000,0.600000,0.000000,0.000000,0.707107,0.707107
arm_1,498.078000,0.000000,-0.350000,0.600000,0.000000,0.000000,0.707107,0.707107
arm_1,498.089000,0.000000,-0.350000,0.600000,0.000000,0.000000,0.707107,0.707107
arm_1,498.100000,0.000000,-0.350000,0.600000,0.000000,0.000000,0.707107,0.707107
arm_1,498.111000,0.000000,-0.350000,0.600000,0.000000,0.000000,0.707107,0.707107
arm_1,498.121000,0.000000,-0.350000,0.600000,0.000000,0.000000,0.707107,0.707107
arm_1,498.131000,0.000000,-0.350000,0.600000,0.000000,0.000000,0.707107,0.707107
arm_1,498.141000,0.000000,-0.350000,0.600000,0.000000,0.000000,0.707107,0.707107
arm_1,498.151000,0.000000,-0.350000,0.600000,0.000000,0.000000,0.707107,0.707107
arm_1,498.162000,0.000000,-0.350000,0.600000,0.000000,0.000000,0.707107,0.707107
arm_1,498.172000,0.000000,-0.350000,0.600000,0.000000,0.000000,0.707107,0.707107
arm_1,498.183000,0.000000,-0.350000,0.600000,0.000000,0.000000,0.707107,0.707107
arm_1,498.193000,0.000000,-0.350000,0.600000,0.000000,0.000000,0.707107,0.707107
arm_1,498.204000,0.000000,-0.350000,0.600000,0.000000,0.000000,0.707107,0.707107
arm_1,498.216000,0.000000,-0.350000,0.600000,0.000000,0.000000,0.707107,0.707107
arm_1,498.229000,0.000000,-0.350000,0.600000,0.000000,0.000000,0.707107,0.707107
arm_1,498.241000,0.000000,-0.350000,0.600000,0.000000,0.000000,0.707107,0.707107
arm_1,498.253000,0.000000,-0.350000,0.600000,0.000000,0.000000,0.707107,0.707107
arm_1,498.265000,0.000000,-0.350000,0.600000,0.000000,0.000000,0.707107,0.707107
arm_1,498.278000,0.000000,-0.350000,0.600000,0.000000,0.000000,0.707107,0.707107
arm_1,498.290000,0.000000,-0.350000,0.600000,0.000000,0.000000,0.707107,0.707107
arm_1,498.301000,0.000000,-0.350000,0.600000,0.000000,0.000000,0.707107,0.707107
arm_1,498.311000,0.000000,-0.350000,0.600000,0.000000,0.000000,0.707107,0.707107
arm_1,498.321000,0.000000,-0.350000,0.600000,0.000000,0.000000,0.707107,0.707107
arm_1,498.331000,0.000000,-0.350000,0.600000,0.000000,0.000000,0.707107,0.707107
arm_1,498.341000,0.000000,-0.350000,0.600000,0.000000,0.000000,0.707107,0.707107
arm_1,498.353000,0.000000,-0.350000,0.600000,0.000000,0.000000,0.707107,0.707107
arm_1,498.366000,0.000000,-0.350000,0.600000,0.000000,0.000000,0.707107,0.707107
arm_1,498.379000,0.000000,-0.350000,0.600000,0.000000,0.000000,0.707107,0.707107
arm_1,498.392000,0.000000,-0.350000,0.600000,0.000000,0.000000,0.707107,0.707107
arm_1,498.405000,0.000000,-0.350000,0.600000,0.000000,0.000000,0.707107,0.707107
arm_1,498.418000,0.000000,-0.350000,0.600000,0.000000,0.000000,0.707107,0.707107
arm_1,498.431000,0.000000,-0.350000,0.600000,0.000000,0.000000,0.707107,0.707107
arm_1,498.446000,0.000000,-0.350000,0.600000,0.000000,0.000000,0.707107,0.707107
arm_1,498.461000,0.000000,-0.350000,0.600000,0.000000,0.000000,0.707107,0.707107
arm_1,498.476000,0.000000,-0.350000,0.600000,0.000000,0.000000,0.707107,0.707107
arm_1,498.492000,0.000000,-0.350000,0.600000,0.000000,0.000000,0.707107,0.707107
arm_1,498.507000,0.000000,-0.350000,0.600000,0.000000,0.000000,0.707107,0.707107
arm_1,498.523000,0.000000,-0.350000,0.600000,0.000000,0.000000,0.707107,0.707107
arm_1,498.539000,0.000000,-0.350000,0.600000,0.000000,0.000000,0.707107,0.707107
arm_1,498.555000,0.000000,-0.350000,0.600000,0.000000,0.000000,0.707107,0.707107
arm_1,498.571000,0.000000,-0.350000,0.600000,0.000000,0.000000,0.707107,0.707107
arm_1,498.587000,0.000000,-0.350000,0.600000,0.000000,0.000000,0.707107,0.707107
arm_1,498.603000,0.000000,-0.350000,0.600000,0.000000,0.000000,0.707107,0.707107
arm_1,498.618000,0.000000,-0.350000,0.600000,0.000000,0.000000,0.707107,0.707107
arm_1,498.635000,0.000000,-0.350000,0.600000,0.000000,0.000000,0.707107,0.707107
arm_1,498.650000,0.000000,-0.350000,0.600000,0.000000,0.000000,0.707107,0.707107
arm_1,498.666000,0.000000,-0.350000,0.600000,0.000000,0.000000,0.707107,0.707107
arm_1,498.681000,0.000000,-0.350000,0.600000,0.000000,0.000000,0.707107,0.707107
arm_1,498.696000,0.000000,-0.350000,0.600000,0.000000,0.000000,0.707107,0.707107
arm_1,498.711000,0.000000,-0.350000,0.600000,0.000000,0.000000,0.707107,0.707107
arm_1,498.727000,0.000000,-0.350000,0.600000,0.000000,0.000000,0.707107,0.707107
arm_1,498.744000,0.000000,-0.350000,0.600000,0.000000,0.000000,0.707107,0.707107
arm_1,498.762000,0.000000,-0.350000,0.600000,0.000000,0.000000,0.707107,0.707107
arm_1,498.779000,0.000000,-0.350000,0.600000,0.000000,0.000000,0.707107,0.707107
arm_1,498.797000,0.000000,-0.350000,0.600000,0.000000,0.000000,0.707107,0.707107
arm_1,498.814000,0.000000,-0.350000,0.600000,0.000000,0.000000,0.707107,0.707107
arm_1,498.830000,0.000000,-0.350000,0.600000,0.000000,0.000000,0.707107,0.707107
arm_1,498.847000,0.000000,-0.350000,0.600000,0.000000,0.000000,0.707107,0.707107
arm_1,498.864000,0.000000,-0.350000,0.600000,0.000000,0.000000,0.707107,0.707107
arm_1,498.880000,0.000000,-0.350000,0.600000,0.000000,0.000000,0.707107,0.707107
arm_1,498.897000,0.000000,-0.350000,0.600000,0.000000,0.000000,0.707107,0.707107
arm_1,498.914000,0.000000,-0.350000,0.600000,0.000000,0.000000,0.707107,0.707107
arm_1,498.930000,0.000000,-0.350000,0.600000,0.000000,0.000000,0.707107,0.707107
arm_1,498.947000,0.000000,-0.350000,0.600000,0.000000,0.000000,0.707107,0.707107
arm_1,498.964000,0.000000,-0.350000,0.600000,0.000000,0.000000,0.707107,0.707107
arm_1,498.979000,0.000000,-0.350000,0.600000,0.000000,0.000000,0.707107,0.707107
arm_1,498.990000,0.000000,-0.350000,0.600000,0.000000,0.000000,0.707107,0.707107
arm_1,499.003000,0.000000,-0.350000,0.600000,0.000000,0.000000,0.707107,0.707107
arm_1,499.018000,0.000000,-0.350000,0.600000,0.000000,0.000000,0.707107,0.707107
arm_1,499.034000,0.000000,-0.350000,0.600000,0.000000,0.000000,0.707107,0.707107
arm_1,499.050000,0.000000,-0.350000,0.600000,0.000000,0.000000,0.707107,0.707107
arm_1,499.064000,0.000000,-0.350000,0.600000,0.000000,0.000000,0.707107,0.707107
arm_1,499.079000,0.000000,-0.350000,0.600000,0.000000,0.000000,0.707107,0.707107
arm_1,499.090000,0.000000,-0.350000,0.600000,0.000000,0.000000,0.707107,0.707107
arm_1,499.107000,0.000000,-0.350000,0.600000,0.000000,0.000000,0.707107,0.707107
arm_1,499.124000,0.000000,-0.350000,0.600000,0.000000,0.000000,0.707107,0.707107
arm_1,499.141000,0.000000,-0.350000,0.600000,0.000000,0.000000,0.707107,0.707107
arm_1,499.158000,0.000000,-0.350000,0.600000,0.000000,0.000000,0.707107,0.707107
arm_1,499.175000,0.000000,-0.350000,0.600000,0.000000,0.000000,0.707107,0.707107
arm_1,499.192000,0.000000,-0.350000,0.600000,0.000000,0.000000,0.707107,0.707107
arm_1,499.209000,0.000000,-0.350000,0.600000,0.000000,0.000000,0.707107,0.707107
arm_1,499.225000,0.000000,-0.350000,0.600000,0.000000,0.000000,0.707107,0.707107
arm_1,499.241000,0.000000,-0.350000,0.600000,0.000000,0.000000,0.707107,0.707107
arm_1,499.258000,0.000000,-0.350000,0.600000,0.000000,0.000000,0.707107,0.707107
arm_1,499.274000,0.000000,-0.350000,0.600000,0.000000,0.000000,0.707107,0.707107
arm_1,499.289000,0.000000,-0.350000,0.600000,0.000000,0.000000,0.707107,0.707107
arm_1,499.305000,0.000000,-0.350000,0.600000,0.000000,0.000000,0.707107,0.707107
arm_1,499.322000,0.000000,-0.350000,0.600000,0.000000,0.000000,0.707107,0.707107
arm_1,499.339000,0.000000,-0.350000,0.600000,0.000000,0.000000,0.707107,0.707107
arm_1,499.356000,0.000000,-0.350000,0.600000,0.000000,0.000000,0.707107,0.707107
arm_1,499.373000,0.000000,-0.350000,0.600000,0.000000,0.000000,0.707107,0.707107
arm_1,499.390000,0.000000,-0.350000,0.600000,0.000000,0.000000,0.707107,0.707107
arm_1,499.407000,0.000000,-0.350000,0.600000,0.000000,0.000000,0.707107,0.707107
arm_1,499.424000,0.000000,-0.350000,0.600000,0.000000,0.000000,0.707107,0.707107
arm_1,499.440000,0.000000,-0.350000,0.600000,0.000000,0.000000,0.707107,0.707107
arm_1,499.457000,0.000000,-0.350000,0.600000,0.000000,0.000000,0.707107,0.707107
arm_1,499.474000,0.000000,-0.350000,0.600000,0.000000,0.000000,0.707107,0.707107
arm_1,499.491000,0.000000,-0.350000,0.600000,0.000000,0.000000,0.707107,0.707107
arm_1,499.507000,0.000000,-0.350000,0.600000,0.000000,0.000000,0.707107,0.707107
arm_1,499.523000,0.000000,-0.350000,0.600000,0.000000,0.000000,0.707107,0.707107
arm_1,499.540000,0.000000,-0.350000,0.600000,0.000000,0.000000,0.707107,0.707107
arm_1,499.557000,0.000000,-0.350000,0.600000,0.000000,0.000000,0.707107,0.707107
arm_1,499.574000,0.000000,-0.350000,0.600000,0.000000,0.000000,0.707107,0.707107
arm_1,499.591000,0.000000,-0.350000,0.600000,0.000000,0.000000,0.707107,0.707107
arm_1,499.607000,0.000000,-0.350000,0.600000,0.000000,0.000000,0.707107,0.707107
arm_1,499.624000,0.000000,-0.350000,0.600000,0.000000,0.000000,0.707107,0.707107
arm_1,499.641000,0.000000,-0.350000,0.600000,0.000000,0.000000,0.707107,0.707107
arm_1,499.658000,0.000000,-0.350000,0.600000,0.000000,0.000000,0.707107,0.707107
arm_1,499.675000,0.000000,-0.350000,0.600000,0.000000,0.000000,0.707107,0.707107
arm_1,499.693000,0.000000,-0.350000,0.600000,0.000000,0.000000,0.707107,0.707107
arm_1,499.710000,0.000000,-0.350000,0.600000,0.000000,0.000000,0.707107,0.707107
arm_1,499.727000,0.000000,-0.350000,0.600000,0.000000,0.000000,0.707107,0.707107
arm_1,499.744000,0.000000,-0.350000,0.600000,0.000000,0.000000,0.707107,0.707107
arm_1,499.761000,0.000000,-0.350000,0.600000,0.000000,0.000000,0.707107,0.707107
arm_1,499.778000,0.000000,-0.350000,0.600000,0.000000,0.000000,0.707107,0.707107
arm_1,499.795000,0.000000,-0.350000,0.600000,0.000000,0.000000,0.707107,0.707107
arm_1,499.809000,0.000000,-0.350000,0.600000,0.000000,0.000000,0.707107,0.707107
arm_1,499.824000,0.000000,-0.350000,0.600000,0.000000,0.000000,0.707107,0.707107
arm_1,499.841000,0.000000,-0.350000,0.600000,0.000000,0.000000,0.707107,0.707107
arm_1,499.857000,0.000000,-0.350000,0.600000,0.000000,0.000000,0.707107,0.707107
arm_1,499.873000,0.000000,-0.350000,0.600000,0.000000,0.000000,0.707107,0.707107
arm_1,499.890000,0.000000,-0.350000,0.600000,0.000000,0.000000,0.707107,0.707107
arm_1,499.907000,0.000000,-0.350000,0.600000,0.000000,0.000000,0.707107,0.707107
arm_1,499.924000,0.000000,-0.350000,0.600000,0.000000,0.000000,0.707107,0.707107
arm_1,499.941000,0.000000,-0.350000,0.600000,0.000000,0.000000,0.707107,0.707107
arm_1,499.958000,0.000000,-0.350000,0.600000,0.000000,0.000000,0.707107,0.707107
arm_1,499.975000,0.000000,-0.350000,0.600000,0.000000,0.000000,0.707107,0.707107
arm_1,499.991000,0.000000,-0.350000,0.600000,0.000000,0.000000,0.707107,0.707107
arm_1,500.007000,0.000000,-0.350000,0.600000,0.000000,0.000000,0.707107,0.707107
arm_1,500.024000,0.000000,-0.350000,0.600000,0.000000,0.000000,0.707107,0.707107
arm_1,500.041000,0.000000,-0.350000,0.600000,0.000000,0.000000,0.707107,0.707107
arm_1,500.058000,0.000000,-0.350000,0.600000,0.000000,0.000000,0.707107,0.707107
arm_1,500.075000,0.000000,-0.350000,0.600000,0.000000,0.000000,0.707107,0.707107
arm_1,500.092000,0.000000,-0.350000,0.600000,0.000000,0.000000,0.707107,0.707107
arm_1,500.109000,0.000000,-0.350000,0.600000,0.000000,0.000000,0.707107,0.707107
arm_1,500.126000,0.000000,-0.350000,0.600000,0.000000,0.000000,0.707107,0.707107
arm_1,500.143000,0.000000,-0.350000,0.600000,0.000000,0.000000,0.707107,0.707107
arm_1,500.160000,0.000000,-0.350000,0.600000,0.000000,0.000000,0.707107,0.707107
arm_1,500.176000,0.000000,-0.350000,0.600000,0.000000,0.000000,0.707107,0.707107
arm_1,500.192000,0.000000,-0.350000,0.600000,0.000000,0.000000,0.707107,0.707107
arm_1,500.206000,0.000000,-0.350000,0.600000,0.000000,0.000000,0.707107,0.707107
arm_1,500.220000,0.000000,-0.350000,0.600000,0.000000,0.000000,0.707107,0.707107
arm_1,500.235000,0.000000,-0.350000,0.600000,0.000000,0.000000,0.707107,0.707107
arm_1,500.248000,0.000000,-0.350000,0.600000,0.000000,0.000000,0.707107,0.707107
arm_1,500.263000,0.000000,-0.350000,0.600000,0.000000,0.000000,0.707107,0.707107
arm_1,500.278000,0.000000,-0.350000,0.600000,0.000000,0.000000,0.707107,0.707107
arm_1,500.293000,0.000000,-0.350000,0.600000,0.000000,0.000000,0.707107,0.707107
arm_1,500.309000,0.000000,-0.350000,0.600000,0.000000,0.000000,0.707107,0.707107
arm_1,500.326000,0.000000,-0.350000,0.600000,0.000000,0.000000,0.707107,0.707107
arm_1,500.343000,0.000000,-0.350000,0.600000,0.000000,0.000000,0.707107,0.707107
arm_1,500.360000,0.000000,-0.350000,0.600000,0.000000,0.000000,0.707107,0.707107
arm_1,500.377000,0.000000,-0.350000,0.600000,0.000000,0.000000,0.707107,0.707107
arm_1,500.394000,0.000000,-0.350000,0.600000,0.000000,0.000000,0.707107,0.707107
arm_1,500.410000,0.000000,-0.350000,0.600000,0.000000,0.000000,0.707107,0.707107
arm_1,500.427000,0.000000,-0.350000,0.600000,0.000000,0.000000,0.707107,0.707107
arm_1,500.444000,0.000000,-0.350000,0.600000,0.000000,0.000000,0.707107,0.707107
arm_1,500.461000,0.000000,-0.350000,0.600000,0.000000,0.000000,0.707107,0.707107
arm_1,500.478000,0.000000,-0.350000,0.600000,0.000000,0.000000,0.707107,0.707107
arm_1,500.493000,0.000000,-0.350000,0.600000,0.000000,0.000000,0.707107,0.707107
arm_1,500.509000,0.000000,-0.350000,0.600000,0.000000,0.000000,0.707107,0.707107
arm_1,500.525000,0.000000,-0.350000,0.600000,0.000000,0.000000,0.707107,0.707107
arm_1,500.542000,0.000000,-0.350000,0.600000,0.000000,0.000000,0.707107,0.707107
arm_1,500.558000,0.000000,-0.350000,0.600000,0.000000,0.000000,0.707107,0.707107
arm_1,500.574000,0.000000,-0.350000,0.600000,0.000000,0.000000,0.707107,0.707107
arm_1,500.590000,0.000000,-0.350000,0.600000,0.000000,0.000000,0.707107,0.707107
arm_1,500.606000,0.000000,-0.350000,0.600000,0.000000,0.000000,0.707107,0.707107
arm_1,500.622000,0.000000,-0.350000,0.600000,0.000000,0.000000,0.707107,0.707107
arm_1,500.638000,0.000000,-0.350000,0.600000,0.000000,0.000000,0.707107,0.707107
arm_1,500.654000,0.000000,-0.350000,0.600000,0.000000,0.000000,0.707107,0.707107
arm_1,500.671000,0.000000,-0.350000,0.600000,0.000000,0.000000,0.707107,0.707107
arm_1,500.688000,0.000000,-0.350000,0.600000,0.000000,0.000000,0.707107,0.707107
arm_1,500.699000,0.000000,-0.350000,0.600000,0.000000,0.000000,0.707107,0.707107
arm_1,500.708000,0.000000,-0.350000,0.600000,0.000000,0.000000,0.707107,0.707107
arm_1,500.718000,0.000000,-0.350000,0.600000,0.000000,0.000000,0.707107,0.707107
arm_1,500.733000,0.000000,-0.350000,0.600000,0.000000,0.000000,0.707107,0.707107
arm_1,500.745000,0.000000,-0.350000,0.600000,0.000000,0.000000,0.707107,0.707107
arm_1,500.759000,0.000000,-0.350000,0.600000,0.000000,0.000000,0.707107,0.707107
arm_1,500.773000,0.000000,-0.350000,0.600000,0.000000,0.000000,0.707107,0.707107
arm_1,500.777000,0.000000,-0.350000,0.600000,0.000000,0.000000,0.707107,0.707107
arm_1,500.791000,0.000000,-0.350000,0.600000,0.000000,0.000000,0.707107,0.707107
arm_1,500.807000,0.000000,-0.350000,0.600000,0.000000,0.000000,0.707107,0.707107
arm_1,500.823000,0.000000,-0.350000,0.600000,0.000000,0.000000,0.707107,0.707107
arm_1,500.839000,0.000000,-0.350000,0.600000,0.000000,0.000000,0.707107,0.707107
arm_1,500.855000,0.000000,-0.350000,0.600000,0.000000,0.000000,0.707107,0.707107
arm_1,500.872000,0.000000,-0.350000,0.600000,0.000000,0.000000,0.707107,0.707107
arm_1,500.889000,0.000000,-0.350000,0.600000,0.000000,0.000000,0.707107,0.707107
arm_1,500.906000,0.000000,-0.350000,0.600000,0.000000,0.000000,0.707107,0.707107
arm_1,500.922000,0.000000,-0.350000,0.600000,0.000000,0.000000,0.707107,0.707107
arm_1,500.938000,0.000000,-0.350000,0.600000,0.000000,0.000000,0.707107,0.707107
arm_1,500.954000,0.000000,-0.350000,0.600000,0.000000,0.000000,0.707107,0.707107
arm_1,500.971000,0.000000,-0.350000,0.600000,0.000000,0.000000,0.707107,0.707107
arm_1,500.987000,0.000000,-0.350000,0.600000,0.000000,0.000000,0.707107,0.707107
arm_1,501.003000,0.000000,-0.350000,0.600000,0.000000,0.000000,0.707107,0.707107
arm_1,501.019000,0.000000,-0.350000,0.600000,0.000000,0.000000,0.707107,0.707107
arm_1,501.035000,0.000000,-0.350000,0.600000,0.000000,0.000000,0.707107,0.707107
arm_1,501.050000,0.000000,-0.350000,0.600000,0.000000,0.000000,0.707107,0.707107
arm_1,501.065000,0.000000,-0.350000,0.600000,0.000000,0.000000,0.707107,0.707107
arm_1,501.080000,0.000000,-0.350000,0.600000,0.000000,0.000000,0.707107,0.707107
arm_1,501.096000,0.000000,-0.350000,0.600000,0.000000,0.000000,0.707107,0.707107
arm_1,501.112000,0.000000,-0.350000,0.600000,0.000000,0.000000,0.707107,0.707107
arm_1,501.128000,0.000000,-0.350000,0.600000,0.000000,0.000000,0.707107,0.707107
arm_1,501.144000,0.000000,-0.350000,0.600000,0.000000,0.000000,0.707107,0.707107
arm_1,501.155000,0.000000,-0.350000,0.600000,0.000000,0.000000,0.707107,0.707107
arm_1,501.170000,0.000000,-0.350000,0.600000,0.000000,0.000000,0.707107,0.707107
arm_1,501.186000,0.000000,-0.350000,0.600000,0.000000,0.000000,0.707107,0.707107
arm_1,501.202000,0.000000,-0.350000,0.600000,0.000000,0.000000,0.707107,0.707107
arm_1,501.217000,0.000000,-0.350000,0.600000,0.000000,0.000000,0.707107,0.707107
arm_1,501.233000,0.000000,-0.350000,0.600000,0.000000,0.000000,0.707107,0.707107
arm_1,501.249000,0.000000,-0.350000,0.600000,0.000000,0.000000,0.707107,0.707107
arm_1,501.265000,0.000000,-0.350000,0.600000,0.000000,0.000000,0.707107,0.707107
arm_1,501.282000,0.000000,-0.350000,0.600000,0.000000,0.000000,0.707107,0.707107
arm_1,501.299000,0.000000,-0.350000,0.600000,0.000000,0.000000,0.707107,0.707107
arm_1,501.316000,0.000000,-0.350000,0.600000,0.000000,0.000000,0.707107,0.707107
arm_1,501.332000,0.000000,-0.350000,0.600000,0.000000,0.000000,0.707107,0.707107
arm_1,501.349000,0.000000,-0.350000,0.600000,0.000000,0.000000,0.707107,0.707107
arm_1,501.366000,0.000000,-0.350000,0.600000,0.000000,0.000000,0.707107,0.707107
arm_1,501.383000,0.000000,-0.350000,0.600000,0.000000,0.000000,0.707107,0.707107
arm_1,501.400000,0.000000,-0.350000,0.600000,0.000000,0.000000,0.707107,0.707107
arm_1,501.417000,0.000000,-0.350000,0.600000,0.000000,0.000000,0.707107,0.707107
arm_1,501.434000,0.000000,-0.350000,0.600000,0.000000,0.000000,0.707107,0.707107
arm_1,501.451000,0.000000,-0.350000,0.600000,0.000000,0.000000,0.707107,0.707107
arm_1,501.468000,0.000000,-0.350000,0.600000,0.000000,0.000000,0.707107,0.707107
arm_1,501.485000,0.000000,-0.350000,0.600000,0.000000,0.000000,0.707107,0.707107
arm_1,501.502000,0.000000,-0.350000,0.600000,0.000000,0.000000,0.707107,0.707107
arm_1,501.519000,0.000000,-0.350000,0.600000,0.000000,0.000000,0.707107,0.707107
arm_1,501.536000,0.000000,-0.350000,0.600000,0.000000,0.000000,0.707107,0.707107
arm_1,501.553000,0.000000,-0.350000,0.600000,0.000000,0.000000,0.707107,0.707107
arm_1,501.570000,0.000000,-0.350000,0.600000,0.000000,0.000000,0.707107,0.707107
arm_1,501.587000,0.000000,-0.350000,0.600000,0.000000,0.000000,0.707107,0.707107
arm_1,501.604000,0.000000,-0.350000,0.600000,0.000000,0.000000,0.707107,0.707107
arm_1,501.621000,0.000000,-0.350000,0.600000,0.000000,0.000000,0.707107,0.707107
arm_1,501.638000,0.000000,-0.350000,0.600000,0.000000,0.000000,0.707107,0.707107
arm_1,501.655000,0.000000,-0.350000,0.600000,0.000000,0.000000,0.707107,0.707107
arm_1,501.672000,0.000000,-0.350000,0.600000,0.000000,0.000000,0.707107,0.707107
arm_1,501.689000,0.000000,-0.350000,0.600000,0.000000,0.000000,0.707107,0.707107
arm_1,501.705000,0.000000,-0.350000,0.600000,0.000000,0.000000,0.707107,0.707107
arm_1,501.721000,0.000000,-0.350000,0.600000,0.000000,0.000000,0.707107,0.707107
arm_1,501.737000,0.000000,-0.350000,0.600000,0.000000,0.000000,0.707107,0.707107
arm_1,501.754000,0.000000,-0.350000,0.600000,0.000000,0.000000,0.707107,0.707107
arm_1,501.770000,0.000000,-0.350000,0.600000,0.000000,0.000000,0.707107,0.707107
arm_1,501.785000,0.000000,-0.350000,0.600000,0.000000,0.000000,0.707107,0.707107
arm_1,501.801000,0.000000,-0.350000,0.600000,0.000000,0.000000,0.707107,0.707107
arm_1,501.816000,0.000000,-0.350000,0.600000,0.000000,0.000000,0.707107,0.707107
arm_1,501.832000,0.000000,-0.350000,0.600000,0.000000,0.000000,0.707107,0.707107
arm_1,501.849000,0.000000,-0.350000,0.600000,0.000000,0.000000,0.707107,0.707107
arm_1,501.866000,0.000000,-0.350000,0.600000,0.000000,0.000000,0.707107,0.707107
arm_1,501.883000,0.000000,-0.350000,0.600000,0.000000,0.000000,0.707107,0.707107
arm_1,501.900000,0.000000,-0.350000,0.600000,0.000000,0.000000,0.707107,0.707107
arm_1,501.917000,0.000000,-0.350000,0.600000,0.000000,0.000000,0.707107,0.707107
arm_1,501.933000,0.000000,-0.350000,0.600000,0.000000,0.000000,0.707107,0.707107
arm_1,501.950000,0.000000,-0.350000,0.600000,0.000000,0.000000,0.707107,0.707107
arm_1,501.967000,0.000000,-0.350000,0.600000,0.000000,0.000000,0.707107,0.707107
arm_1,501.983000,0.000000,-0.350000,0.600000,0.000000,0.000000,0.707107,0.707107
arm_1,502.000000,0.000000,-0.350000,0.600000,0.000000,0.000000,0.707107,0.707107
arm_1,502.017000,0.000000,-0.350000,0.600000,0.000000,0.000000,0.707107,0.707107
arm_1,502.034000,0.000000,-0.350000,0.600000,0.000000,0.000000,0.707107,0.707107
arm_1,502.051000,0.000000,-0.350000,0.600000,0.000000,0.000000,0.707107,0.707107
arm_1,502.063000,0.000000,-0.350000,0.600000,0.000000,0.000000,0.707107,0.707107
arm_1,502.073000,0.000000,-0.350000,0.600000,0.000000,0.000000,0.707107,0.707107
arm_1,502.084000,0.000000,-0.350000,0.600000,0.000000,0.000000,0.707107,0.707107
arm_1,502.100000,0.000000,-0.350000,0.600000,0.000000,0.000000,0.707107,0.707107
arm_1,502.114000,0.000000,-0.350000,0.600000,0.000000,0.000000,0.707107,0.707107
arm_1,502.127000,0.000000,-0.350000,0.600000,0.000000,0.000000,0.707107,0.707107
arm_1,502.142000,0.000000,-0.350000,0.600000,0.000000,0.000000,0.707107,0.707107
arm_1,502.156000,0.000000,-0.350000,0.600000,0.000000,0.000000,0.707107,0.707107
arm_1,502.173000,0.000000,-0.350000,0.600000,0.000000,0.000000,0.707107,0.707107
arm_1,502.189000,0.000000,-0.350000,0.600000,0.000000,0.000000,0.707107,0.707107
arm_1,502.206000,0.000000,-0.350000,0.600000,0.000000,0.000000,0.707107,0.707107
arm_1,502.223000,0.000000,-0.350000,0.600000,0.000000,0.000000,0.707107,0.707107
arm_1,502.240000,0.000000,-0.350000,0.600000,0.000000,0.000000,0.707107,0.707107
arm_1,502.257000,0.000000,-0.350000,0.600000,0.000000,0.000000,0.707107,0.707107
arm_1,502.274000,0.000000,-0.350000,0.600000,0.000000,0.000000,0.707107,0.707107
arm_1,502.291000,0.000000,-0.350000,0.600000,0.000000,0.000000,0.707107,0.707107
arm_1,502.308000,0.000000,-0.350000,0.600000,0.000000,0.000000,0.707107,0.707107
arm_1,502.325000,0.000000,-0.350000,0.600000,0.000000,0.000000,0.707107,0.707107
arm_1,502.342000,0.000000,-0.350000,0.600000,0.000000,0.000000,0.707107,0.707107
arm_1,502.358000,0.000000,-0.350000,0.600000,0.000000,0.000000,0.707107,0.707107
arm_1,502.374000,0.000000,-0.350000,0.600000,0.000000,0.000000,0.707107,0.707107
arm_1,502.390000,0.000000,-0.350000,0.600000,0.000000,0.000000,0.707107,0.707107
arm_1,502.407000,0.000000,-0.350000,0.600000,0.000000,0.000000,0.707107,0.707107
arm_1,502.424000,0.000000,-0.350000,0.600000,0.000000,0.000000,0.707107,0.707107
arm_1,502.440000,0.000000,-0.350000,0.600000,0.000000,0.000000,0.707107,0.707107
arm_1,502.452000,0.000000,-0.350000,0.600000,0.000000,0.000000,0.707107,0.707107
arm_1,502.461000,0.000000,-0.350000,0.600000,0.000000,0.000000,0.707107,0.707107
arm_1,502.477000,0.000000,-0.350000,0.600000,0.000000,0.000000,0.707107,0.707107
arm_1,502.493000,0.000000,-0.350000,0.600000,0.000000,0.000000,0.707107,0.707107
arm_1,502.510000,0.000000,-0.350000,0.600000,0.000000,0.000000,0.707107,0.707107
arm_1,502.527000,0.000000,-0.350000,0.600000,0.000000,0.000000,0.707107,0.707107
arm_1,502.545000,0.000000,-0.350000,0.600000,0.000000,0.000000,0.707107,0.707107
arm_1,502.562000,0.000000,-0.350000,0.600000,0.000000,0.000000,0.707107,0.707107
arm_1,502.579000,0.000000,-0.350000,0.600000,0.000000,0.000000,0.707107,0.707107
arm_1,502.596000,0.000000,-0.350000,0.600000,0.000000,0.000000,0.707107,0.707107
arm_1,502.611000,0.000000,-0.350000,0.600000,0.000000,0.000000,0.707107,0.707107
arm_1,502.622000,0.000000,-0.350000,0.600000,0.000000,0.000000,0.707107,0.707107
arm_1,502.628000,0.000000,-0.350000,0.600000,0.000000,0.000000,0.707107,0.707107
arm_1,502.641000,0.000000,-0.350000,0.600000,0.000000,0.000000,0.707107,0.707107
arm_1,502.657000,0.000000,-0.350000,0.600000,0.000000,0.000000,0.707107,0.707107
arm_1,502.672000,0.000000,-0.350000,0.600000,0.000000,0.000000,0.707107,0.707107
arm_1,502.687000,0.000000,-0.350000,0.600000,0.000000,0.000000,0.707107,0.707107
arm_1,502.702000,0.000000,-0.350000,0.600000,0.000000,0.000000,0.707107,0.707107
arm_1,502.718000,0.000000,-0.350000,0.600000,0.000000,0.000000,0.707107,0.707107
arm_1,502.735000,0.000000,-0.350000,0.600000,0.000000,0.000000,0.707107,0.707107
arm_1,502.752000,0.000000,-0.350000,0.600000,0.000000,0.000000,0.707107,0.707107
arm_1,502.768000,0.000000,-0.350000,0.600000,0.000000,0.000000,0.707107,0.707107
arm_1,502.785000,0.000000,-0.350000,0.600000,0.000000,0.000000,0.707107,0.707107
arm_1,502.801000,0.000000,-0.350000,0.600000,0.000000,0.000000,0.707107,0.707107
arm_1,502.817000,0.000000,-0.350000,0.600000,0.000000,0.000000,0.707107,0.707107
arm_1,502.833000,0.000000,-0.350000,0.600000,0.000000,0.000000,0.707107,0.707107
arm_1,502.850000,0.000000,-0.350000,0.600000,0.000000,0.000000,0.707107,0.707107
arm_1,502.867000,0.000000,-0.350000,0.600000,0.000000,0.000000,0.707107,0.707107
arm_1,502.882000,0.000000,-0.350000,0.600000,0.000000,0.000000,0.707107,0.707107
arm_1,502.899000,0.000000,-0.350000,0.600000,0.000000,0.000000,0.707107,0.707107
arm_1,502.916000,0.000000,-0.350000,0.600000,0.000000,0.000000,0.707107,0.707107
arm_1,502.932000,0.000000,-0.350000,0.600000,0.000000,0.000000,0.707107,0.707107
arm_1,502.947000,0.000000,-0.350000,0.600000,0.000000,0.000000,0.707107,0.707107
arm_1,502.963000,0.000000,-0.350000,0.600000,0.000000,0.000000,0.707107,0.707107
arm_1,502.979000,0.000000,-0.350000,0.600000,0.000000,0.000000,0.707107,0.707107
arm_1,502.992000,0.000000,-0.350000,0.600000,0.000000,0.000000,0.707107,0.707107
arm_1,503.005000,0.000000,-0.350000,0.600000,0.000000,0.000000,0.707107,0.707107
arm_1,503.018000,0.000000,-0.350000,0.600000,0.000000,0.000000,0.707107,0.707107
arm_1,503.034000,0.000000,-0.350000,0.600000,0.000000,0.000000,0.707107,0.707107
arm_1,503.050000,0.000000,-0.350000,0.600000,0.000000,0.000000,0.707107,0.707107
arm_1,503.066000,0.000000,-0.350000,0.600000,0.000000,0.000000,0.707107,0.707107
arm_1,503.082000,0.000000,-0.350000,0.600000,0.000000,0.000000,0.707107,0.707107
arm_1,503.099000,0.000000,-0.350000,0.600000,0.000000,0.000000,0.707107,0.707107
arm_1,503.116000,0.000000,-0.350000,0.600000,0.000000,0.000000,0.707107,0.707107
arm_1,503.132000,0.000000,-0.350000,0.600000,0.000000,0.000000,0.707107,0.707107
arm_1,503.149000,0.000000,-0.350000,0.600000,0.000000,0.000000,0.707107,0.707107
arm_1,503.165000,0.000000,-0.350000,0.600000,0.000000,0.000000,0.707107,0.707107
arm_1,503.180000,0.000000,-0.350000,0.600000,0.000000,0.000000,0.707107,0.707107
arm_1,503.196000,0.000000,-0.350000,0.600000,0.000000,0.000000,0.707107,0.707107
arm_1,503.213000,0.000000,-0.350000,0.600000,0.000000,0.000000,0.707107,0.707107
arm_1,503.229000,0.000000,-0.350000,0.600000,0.000000,0.000000,0.707107,0.707107
arm_1,503.245000,0.000000,-0.350000,0.600000,0.000000,0.000000,0.707107,0.707107
arm_1,503.262000,0.000000,-0.350000,0.600000,0.000000,0.000000,0.707107,0.707107
arm_1,503.279000,0.000000,-0.350000,0.600000,0.000000,0.000000,0.707107,0.707107
arm_1,503.295000,0.000000,-0.350000,0.600000,0.000000,0.000000,0.707107,0.707107
arm_1,503.311000,0.000000,-0.350000,0.600000,0.000000,0.000000,0.707107,0.707107
arm_1,503.327000,0.000000,-0.350000,0.600000,0.000000,0.000000,0.707107,0.707107
arm_1,503.342000,0.000000,-0.350000,0.600000,0.000000,0.000000,0.707107,0.707107
arm_1,503.358000,0.000000,-0.350000,0.600000,0.000000,0.000000,0.707107,0.707107
arm_1,503.375000,0.000000,-0.350000,0.600000,0.000000,0.000000,0.707107,0.707107
arm_1,503.390000,0.000000,-0.350000,0.600000,0.000000,0.000000,0.707107,0.707107
arm_1,503.406000,0.000000,-0.350000,0.600000,0.000000,0.000000,0.707107,0.707107
arm_1,503.423000,0.000000,-0.350000,0.600000,0.000000,0.000000,0.707107,0.707107
arm_1,503.439000,0.000000,-0.350000,0.600000,0.000000,0.000000,0.707107,0.707107
arm_1,503.455000,0.000000,-0.350000,0.600000,0.000000,0.000000,0.707107,0.707107
arm_1,503.470000,0.000000,-0.350000,0.600000,0.000000,0.000000,0.707107,0.707107
arm_1,503.485000,0.000000,-0.350000,0.600000,0.000000,0.000000,0.707107,0.707107
arm_1,503.501000,0.000000,-0.350000,0.600000,0.000000,0.000000,0.707107,0.707107
arm_1,503.518000,0.000000,-0.350000,0.600000,0.000000,0.000000,0.707107,0.707107
arm_1,503.533000,0.000000,-0.350000,0.600000,0.000000,0.000000,0.707107,0.707107
arm_1,503.549000,0.000000,-0.350000,0.600000,0.000000,0.000000,0.707107,0.707107
arm_1,503.565000,0.000000,-0.350000,0.600000,0.000000,0.000000,0.707107,0.707107
arm_1,503.573000,0.000000,-0.350000,0.600000,0.000000,0.000000,0.707107,0.707107
arm_1,503.579000,0.000000,-0.350000,0.600000,0.000000,0.000000,0.707107,0.707107
arm_1,503.592000,0.000000,-0.350000,0.600000,0.000000,0.000000,0.707107,0.707107
arm_1,503.607000,0.000000,-0.350000,0.600000,0.000000,0.000000,0.707107,0.707107
arm_1,503.623000,0.000000,-0.350000,0.600000,0.000000,0.000000,0.707107,0.707107
arm_1,503.637000,0.000000,-0.350000,0.600000,0.000000,0.000000,0.707107,0.707107
arm_1,503.653000,0.000000,-0.350000,0.600000,0.000000,0.000000,0.707107,0.707107
arm_1,503.669000,0.000000,-0.350000,0.600000,0.000000,0.000000,0.707107,0.707107
arm_1,503.686000,0.000000,-0.350000,0.600000,0.000000,0.000000,0.707107,0.707107
arm_1,503.703000,0.000000,-0.350000,0.600000,0.000000,0.000000,0.707107,0.707107
arm_1,503.720000,0.000000,-0.350000,0.600000,0.000000,0.000000,0.707107,0.707107
arm_1,503.736000,0.000000,-0.350000,0.600000,0.000000,0.000000,0.707107,0.707107
arm_1,503.753000,0.000000,-0.350000,0.600000,0.000000,0.000000,0.707107,0.707107
arm_1,503.770000,0.000000,-0.350000,0.600000,0.000000,0.000000,0.707107,0.707107
arm_1,503.786000,0.000000,-0.350000,0.600000,0.000000,0.000000,0.707107,0.707107
arm_1,503.803000,0.000000,-0.350000,0.600000,0.000000,0.000000,0.707107,0.707107
arm_1,503.819000,0.000000,-0.350000,0.600000,0.000000,0.000000,0.707107,0.707107
arm_1,503.836000,0.000000,-0.350000,0.600000,0.000000,0.000000,0.707107,0.707107
arm_1,503.852000,0.000000,-0.350000,0.600000,0.000000,0.000000,0.707107,0.707107
arm_1,503.867000,0.000000,-0.350000,0.600000,0.000000,0.000000,0.707107,0.707107
arm_1,503.883000,0.000000,-0.350000,0.600000,0.000000,0.000000,0.707107,0.707107
arm_1,503.900000,0.000000,-0.350000,0.600000,0.000000,0.000000,0.707107,0.707107
arm_1,503.917000,0.000000,-0.350000,0.600000,0.000000,0.000000,0.707107,0.707107
arm_1,503.933000,0.000000,-0.350000,0.600000,0.000000,0.000000,0.707107,0.707107
arm_1,503.950000,0.000000,-0.350000,0.600000,0.000000,0.000000,0.707107,0.707107
arm_1,503.967000,0.000000,-0.350000,0.600000,0.000000,0.000000,0.707107,0.707107
arm_1,503.984000,0.000000,-0.350000,0.600000,0.000000,0.000000,0.707107,0.707107
arm_1,504.001000,0.000000,-0.350000,0.600000,0.000000,0.000000,0.707107,0.707107
arm_1,504.017000,0.000000,-0.350000,0.600000,0.000000,0.000000,0.707107,0.707107
arm_1,504.034000,0.000000,-0.350000,0.600000,0.000000,0.000000,0.707107,0.707107
arm_1,504.051000,0.000000,-0.350000,0.600000,0.000000,0.000000,0.707107,0.707107
arm_1,504.067000,0.000000,-0.350000,0.600000,0.000000,0.000000,0.707107,0.707107
arm_1,504.083000,0.000000,-0.350000,0.600000,0.000000,0.000000,0.707107,0.707107
arm_1,504.099000,0.000000,-0.350000,0.600000,0.000000,0.000000,0.707107,0.707107
arm_1,504.116000,0.000000,-0.350000,0.600000,0.000000,0.000000,0.707107,0.707107
arm_1,504.133000,0.000000,-0.350000,0.600000,0.000000,0.000000,0.707107,0.707107
arm_1,504.149000,0.000000,-0.350000,0.600000,0.000000,0.000000,0.707107,0.707107
arm_1,504.166000,0.000000,-0.350000,0.600000,0.000000,0.000000,0.707107,0.707107
arm_1,504.182000,0.000000,-0.350000,0.600000,0.000000,0.000000,0.707107,0.707107
arm_1,504.198000,0.000000,-0.350000,0.600000,0.000000,0.000000,0.707107,0.707107
arm_1,504.214000,0.000000,-0.350000,0.600000,0.000000,0.000000,0.707107,0.707107
arm_1,504.231000,0.000000,-0.350000,0.600000,0.000000,0.000000,0.707107,0.707107
arm_1,504.247000,0.000000,-0.350000,0.600000,0.000000,0.000000,0.707107,0.707107
arm_1,504.262000,0.000000,-0.350000,0.600000,0.000000,0.000000,0.707107,0.707107
arm_1,504.279000,0.000000,-0.350000,0.600000,0.000000,0.000000,0.707107,0.707107
arm_1,504.295000,0.000000,-0.350000,0.600000,0.000000,0.000000,0.707107,0.707107
arm_1,504.312000,0.000000,-0.350000,0.600000,0.000000,0.000000,0.707107,0.707107
arm_1,504.329000,0.000000,-0.350000,0.600000,0.000000,0.000000,0.707107,0.707107
arm_1,504.344000,0.000000,-0.350000,0.600000,0.000000,0.000000,0.707107,0.707107
arm_1,504.358000,0.000000,-0.350000,0.600000,0.000000,0.000000,0.707107,0.707107
arm_1,504.370000,0.000000,-0.350000,0.600000,0.000000,0.000000,0.707107,0.707107
arm_1,504.384000,0.000000,-0.350000,0.600000,0.000000,0.000000,0.707107,0.707107
arm_1,504.399000,0.000000,-0.350000,0.600000,0.000000,0.000000,0.707107,0.707107
arm_1,504.411000,0.000000,-0.350000,0.600000,0.000000,0.000000,0.707107,0.707107
arm_1,504.426000,0.000000,-0.350000,0.600000,0.000000,0.000000,0.707107,0.707107
arm_1,504.440000,0.000000,-0.350000,0.600000,0.000000,0.000000,0.707107,0.707107
arm_1,504.446000,0.000000,-0.350000,0.600000,0.000000,0.000000,0.707107,0.707107
arm_1,504.455000,0.000000,-0.350000,0.600000,0.000000,0.000000,0.707107,0.707107
arm_1,504.470000,0.000000,-0.350000,0.600000,0.000000,0.000000,0.707107,0.707107
arm_1,504.484000,0.000000,-0.350000,0.600000,0.000000,0.000000,0.707107,0.707107
arm_1,504.500000,0.000000,-0.350000,0.600000,0.000000,0.000000,0.707107,0.707107
arm_1,504.513000,0.000000,-0.350000,0.600000,0.000000,0.000000,0.707107,0.707107
arm_1,504.529000,0.000000,-0.350000,0.600000,0.000000,0.000000,0.707107,0.707107
arm_1,504.546000,0.000000,-0.350000,0.600000,0.000000,0.000000,0.707107,0.707107
arm_1,504.561000,0.000000,-0.350000,0.600000,0.000000,0.000000,0.707107,0.707107
arm_1,504.577000,0.000000,-0.350000,0.600000,0.000000,0.000000,0.707107,0.707107
arm_1,504.594000,0.000000,-0.350000,0.600000,0.000000,0.000000,0.707107,0.707107
arm_1,504.611000,0.000000,-0.350000,0.600000,0.000000,0.000000,0.707107,0.707107
arm_1,504.627000,0.000000,-0.350000,0.600000,0.000000,0.000000,0.707107,0.707107
arm_1,504.643000,0.000000,-0.350000,0.600000,0.000000,0.000000,0.707107,0.707107
arm_1,504.659000,0.000000,-0.350000,0.600000,0.000000,0.000000,0.707107,0.707107
arm_1,504.675000,0.000000,-0.350000,0.600000,0.000000,0.000000,0.707107,0.707107
arm_1,504.692000,0.000000,-0.350000,0.600000,0.000000,0.000000,0.707107,0.707107
arm_1,504.708000,0.000000,-0.350000,0.600000,0.000000,0.000000,0.707107,0.707107
arm_1,504.725000,0.000000,-0.350000,0.600000,0.000000,0.000000,0.707107,0.707107
arm_1,504.741000,0.000000,-0.350000,0.600000,0.000000,0.000000,0.707107,0.707107
arm_1,504.758000,0.000000,-0.350000,0.600000,0.000000,0.000000,0.707107,0.707107
arm_1,504.775000,0.000000,-0.350000,0.600000,0.000000,0.000000,0.707107,0.707107
arm_1,504.792000,0.000000,-0.350000,0.600000,0.000000,0.000000,0.707107,0.707107
arm_1,504.809000,0.000000,-0.350000,0.600000,0.000000,0.000000,0.707107,0.707107
arm_1,504.826000,0.000000,-0.350000,0.600000,0.000000,0.000000,0.707107,0.707107
arm_1,504.841000,0.000000,-0.350000,0.600000,0.000000,0.000000,0.707107,0.707107
arm_1,504.851000,0.000000,-0.350000,0.600000,0.000000,0.000000,0.707107,0.707107
arm_1,504.867000,0.000000,-0.350000,0.600000,0.000000,0.000000,0.707107,0.707107
arm_1,504.883000,0.000000,-0.350000,0.600000,0.000000,0.000000,0.707107,0.707107
arm_1,504.899000,0.000000,-0.350000,0.600000,0.000000,0.000000,0.707107,0.707107
arm_1,504.915000,0.000000,-0.350000,0.600000,0.000000,0.000000,0.707107,0.707107
arm_1,504.932000,0.000000,-0.350000,0.600000,0.000000,0.000000,0.707107,0.707107
arm_1,504.949000,0.000000,-0.350000,0.600000,0.000000,0.000000,0.707107,0.707107
arm_1,504.965000,0.000000,-0.350000,0.600000,0.000000,0.000000,0.707107,0.707107
arm_1,504.981000,0.000000,-0.350000,0.600000,0.000000,0.000000,0.707107,0.707107
arm_1,504.997000,0.000000,-0.350000,0.600000,0.000000,0.000000,0.707107,0.707107
arm_1,505.011000,0.000000,-0.350000,0.600000,0.000000,0.000000,0.707107,0.707107
arm_1,505.027000,0.000000,-0.350000,0.600000,0.000000,0.000000,0.707107,0.707107
arm_1,505.043000,0.000000,-0.350000,0.600000,0.000000,0.000000,0.707107,0.707107
arm_1,505.060000,0.000000,-0.350000,0.600000,0.000000,0.000000,0.707107,0.707107
arm_1,505.077000,0.000000,-0.350000,0.600000,0.000000,0.000000,0.707107,0.707107
arm_1,505.092000,0.000000,-0.350000,0.600000,0.000000,0.000000,0.707107,0.707107
arm_1,505.108000,0.000000,-0.350000,0.600000,0.000000,0.000000,0.707107,0.707107
arm_1,505.125000,0.000000,-0.350000,0.600000,0.000000,0.000000,0.707107,0.707107
arm_1,505.141000,0.000000,-0.350000,0.600000,0.000000,0.000000,0.707107,0.707107
arm_1,505.157000,0.000000,-0.350000,0.600000,0.000000,0.000000,0.707107,0.707107
arm_1,505.173000,0.000000,-0.350000,0.600000,0.000000,0.000000,0.707107,0.707107
arm_1,505.187000,0.000000,-0.350000,0.600000,0.000000,0.000000,0.707107,0.707107
arm_1,505.202000,0.000000,-0.350000,0.600000,0.000000,0.000000,0.707107,0.707107
arm_1,505.216000,0.000000,-0.350000,0.600000,0.000000,0.000000,0.707107,0.707107
arm_1,505.232000,0.000000,-0.350000,0.600000,0.000000,0.000000,0.707107,0.707107
arm_1,505.248000,0.000000,-0.350000,0.600000,0.000000,0.000000,0.707107,0.707107
arm_1,505.265000,0.000000,-0.350000,0.600000,0.000000,0.000000,0.707107,0.707107
arm_1,505.281000,0.000000,-0.350000,0.600000,0.000000,0.000000,0.707107,0.707107
arm_1,505.297000,0.000000,-0.350000,0.600000,0.000000,0.000000,0.707107,0.707107
arm_1,505.311000,0.000000,-0.350000,0.600000,0.000000,0.000000,0.707107,0.707107
arm_1,505.327000,0.000000,-0.350000,0.600000,0.000000,0.000000,0.707107,0.707107
arm_1,505.342000,0.000000,-0.350000,0.600000,0.000000,0.000000,0.707107,0.707107
arm_1,505.359000,0.000000,-0.350000,0.600000,0.000000,0.000000,0.707107,0.707107
arm_1,505.375000,0.000000,-0.350000,0.600000,0.000000,0.000000,0.707107,0.707107
arm_1,505.391000,0.000000,-0.350000,0.600000,0.000000,0.000000,0.707107,0.707107
arm_1,505.406000,0.000000,-0.350000,0.600000,0.000000,0.000000,0.707107,0.707107
arm_1,505.417000,0.000000,-0.350000,0.600000,0.000000,0.000000,0.707107,0.707107
arm_1,505.433000,0.000000,-0.350000,0.600000,0.000000,0.000000,0.707107,0.707107
arm_1,505.443000,0.000000,-0.350000,0.600000,0.000000,0.000000,0.707107,0.707107
arm_1,505.452000,0.000000,-0.350000,0.600000,0.000000,0.000000,0.707107,0.707107
arm_1,505.463000,0.000000,-0.350000,0.600000,0.000000,0.000000,0.707107,0.707107
arm_1,505.470000,0.000000,-0.350000,0.600000,0.000000,0.000000,0.707107,0.707107
arm_1,505.477000,0.000000,-0.350000,0.600000,0.000000,0.000000,0.707107,0.707107
arm_1,505.486000,0.000000,-0.350000,0.600000,0.000000,0.000000,0.707107,0.707107
arm_1,505.497000,0.000000,-0.350000,0.600000,0.000000,0.000000,0.707107,0.707107
arm_1,505.512000,0.000000,-0.350000,0.600000,0.000000,0.000000,0.707107,0.707107
arm_1,505.527000,0.000000,-0.350000,0.600000,0.000000,0.000000,0.707107,0.707107
arm_1,505.541000,0.000000,-0.350000,0.600000,0.000000,0.000000,0.707107,0.707107
arm_1,505.555000,0.000000,-0.350000,0.600000,0.000000,0.000000,0.707107,0.707107
arm_1,505.571000,0.000000,-0.350000,0.600000,0.000000,0.000000,0.707107,0.707107
arm_1,505.587000,0.000000,-0.350000,0.600000,0.000000,0.000000,0.707107,0.707107
arm_1,505.603000,0.000000,-0.350000,0.600000,0.000000,0.000000,0.707107,0.707107
arm_1,505.618000,0.000000,-0.350000,0.600000,0.000000,0.000000,0.707107,0.707107
arm_1,505.633000,0.000000,-0.350000,0.600000,0.000000,0.000000,0.707107,0.707107
arm_1,505.646000,0.000000,-0.350000,0.600000,0.000000,0.000000,0.707107,0.707107
arm_1,505.661000,0.000000,-0.350000,0.600000,0.000000,0.000000,0.707107,0.707107
arm_1,505.676000,0.000000,-0.350000,0.600000,0.000000,0.000000,0.707107,0.707107
arm_1,505.692000,0.000000,-0.350000,0.600000,0.000000,0.000000,0.707107,0.707107
arm_1,505.708000,0.000000,-0.350000,0.600000,0.000000,0.000000,0.707107,0.707107
arm_1,505.718000,0.000000,-0.350000,0.600000,0.000000,0.000000,0.707107,0.707107
arm_1,505.733000,0.000000,-0.350000,0.600000,0.000000,0.000000,0.707107,0.707107
arm_1,505.747000,0.000000,-0.350000,0.600000,0.000000,0.000000,0.707107,0.707107
arm_1,505.752000,0.000000,-0.350000,0.600000,0.000000,0.000000,0.707107,0.707107
arm_1,505.763000,0.000000,-0.350000,0.600000,0.000000,0.000000,0.707107,0.707107
arm_1,505.776000,0.000000,-0.350000,0.600000,0.000000,0.000000,0.707107,0.707107
arm_1,505.790000,0.000000,-0.350000,0.600000,0.000000,0.000000,0.707107,0.707107
arm_1,505.804000,0.000000,-0.350000,0.600000,0.000000,0.000000,0.707107,0.707107
arm_1,505.820000,0.000000,-0.350000,0.600000,0.000000,0.000000,0.707107,0.707107
arm_1,505.836000,0.000000,-0.350000,0.600000,0.000000,0.000000,0.707107,0.707107
arm_1,505.847000,0.000000,-0.350000,0.600000,0.000000,0.000000,0.707107,0.707107
arm_1,505.862000,0.000000,-0.350000,0.600000,0.000000,0.000000,0.707107,0.707107
arm_1,505.876000,0.000000,-0.350000,0.600000,0.000000,0.000000,0.707107,0.707107
arm_1,505.891000,0.000000,-0.350000,0.600000,0.000000,0.000000,0.707107,0.707107
arm_1,505.907000,0.000000,-0.350000,0.600000,0.000000,0.000000,0.707107,0.707107
arm_1,505.920000,0.000000,-0.350000,0.600000,0.000000,0.000000,0.707107,0.707107
arm_1,505.934000,0.000000,-0.350000,0.600000,0.000000,0.000000,0.707107,0.707107
arm_1,505.950000,0.000000,-0.350000,0.600000,0.000000,0.000000,0.707107,0.707107
arm_1,505.958000,0.000000,-0.350000,0.600000,0.000000,0.000000,0.707107,0.707107
arm_1,505.973000,0.000000,-0.350000,0.600000,0.000000,0.000000,0.707107,0.707107
arm_1,505.988000,0.000000,-0.350000,0.600000,0.000000,0.000000,0.707107,0.707107
arm_1,506.001000,0.000000,-0.350000,0.600000,0.000000,0.000000,0.707107,0.707107
arm_1,506.017000,0.000000,-0.350000,0.600000,0.000000,0.000000,0.707107,0.707107
arm_1,506.033000,0.000000,-0.350000,0.600000,0.000000,0.000000,0.707107,0.707107
arm_1,506.050000,0.000000,-0.350000,0.600000,0.000000,0.000000,0.707107,0.707107
arm_1,506.066000,0.000000,-0.350000,0.600000,0.000000,0.000000,0.707107,0.707107
arm_1,506.082000,0.000000,-0.350000,0.600000,0.000000,0.000000,0.707107,0.707107
arm_1,506.098000,0.000000,-0.350000,0.600000,0.000000,0.000000,0.707107,0.707107
arm_1,506.114000,0.000000,-0.350000,0.600000,0.000000,0.000000,0.707107,0.707107
arm_1,506.130000,0.000000,-0.350000,0.600000,0.000000,0.000000,0.707107,0.707107
arm_1,506.146000,0.000000,-0.350000,0.600000,0.000000,0.000000,0.707107,0.707107
arm_1,506.162000,0.000000,-0.350000,0.600000,0.000000,0.000000,0.707107,0.707107
arm_1,506.179000,0.000000,-0.350000,0.600000,0.000000,0.000000,0.707107,0.707107
arm_1,506.195000,0.000000,-0.350000,0.600000,0.000000,0.000000,0.707107,0.707107
arm_1,506.211000,0.000000,-0.350000,0.600000,0.000000,0.000000,0.707107,0.707107
arm_1,506.227000,0.000000,-0.350000,0.600000,0.000000,0.000000,0.707107,0.707107
arm_1,506.244000,0.000000,-0.350000,0.600000,0.000000,0.000000,0.707107,0.707107
arm_1,506.261000,0.000000,-0.350000,0.600000,0.000000,0.000000,0.707107,0.707107
arm_1,506.277000,0.000000,-0.350000,0.600000,0.000000,0.000000,0.707107,0.707107
arm_1,506.294000,0.000000,-0.350000,0.600000,0.000000,0.000000,0.707107,0.707107
arm_1,506.311000,0.000000,-0.350000,0.600000,0.000000,0.000000,0.707107,0.707107
arm_1,506.327000,0.000000,-0.350000,0.600000,0.000000,0.000000,0.707107,0.707107
arm_1,506.341000,0.000000,-0.350000,0.600000,0.000000,0.000000,0.707107,0.707107
arm_1,506.354000,0.000000,-0.350000,0.600000,0.000000,0.000000,0.707107,0.707107
arm_1,506.370000,0.000000,-0.350000,0.600000,0.000000,0.000000,0.707107,0.707107
arm_1,506.387000,0.000000,-0.350000,0.600000,0.000000,0.000000,0.707107,0.707107
arm_1,506.404000,0.000000,-0.350000,0.600000,0.000000,0.000000,0.707107,0.707107
arm_1,506.420000,0.000000,-0.350000,0.600000,0.000000,0.000000,0.707107,0.707107
arm_1,506.437000,0.000000,-0.350000,0.600000,0.000000,0.000000,0.707107,0.707107
arm_1,506.453000,0.000000,-0.350000,0.600000,0.000000,0.000000,0.707107,0.707107
arm_1,506.470000,0.000000,-0.350000,0.600000,0.000000,0.000000,0.707107,0.707107
arm_1,506.486000,0.000000,-0.350000,0.600000,0.000000,0.000000,0.707107,0.707107
arm_1,506.500000,0.000000,-0.350000,0.600000,0.000000,0.000000,0.707107,0.707107
arm_1,506.514000,0.000000,-0.350000,0.600000,0.000000,0.000000,0.707107,0.707107
arm_1,506.527000,0.000000,-0.350000,0.600000,0.000000,0.000000,0.707107,0.707107
arm_1,506.541000,0.000000,-0.350000,0.600000,0.000000,0.000000,0.707107,0.707107
arm_1,506.557000,0.000000,-0.350000,0.600000,0.000000,0.000000,0.707107,0.707107
arm_1,506.571000,0.000000,-0.350000,0.600000,0.000000,0.000000,0.707107,0.707107
arm_1,506.586000,0.000000,-0.350000,0.600000,0.000000,0.000000,0.707107,0.707107
arm_1,506.602000,0.000000,-0.350000,0.600000,0.000000,0.000000,0.707107,0.707107
arm_1,506.617000,0.000000,-0.350000,0.600000,0.000000,0.000000,0.707107,0.707107
arm_1,506.633000,0.000000,-0.350000,0.600000,0.000000,0.000000,0.707107,0.707107
arm_1,506.649000,0.000000,-0.350000,0.600000,0.000000,0.000000,0.707107,0.707107
arm_1,506.666000,0.000000,-0.350000,0.600000,0.000000,0.000000,0.707107,0.707107
arm_1,506.682000,0.000000,-0.350000,0.600000,0.000000,0.000000,0.707107,0.707107
arm_1,506.699000,0.000000,-0.350000,0.600000,0.000000,0.000000,0.707107,0.707107
arm_1,506.708000,0.000000,-0.350000,0.600000,0.000000,0.000000,0.707107,0.707107
arm_1,506.719000,0.000000,-0.350000,0.600000,0.000000,0.000000,0.707107,0.707107
arm_1,506.735000,0.000000,-0.350000,0.600000,0.000000,0.000000,0.707107,0.707107
arm_1,506.752000,0.000000,-0.350000,0.600000,0.000000,0.000000,0.707107,0.707107
arm_1,506.767000,0.000000,-0.350000,0.600000,0.000000,0.000000,0.707107,0.707107
arm_1,506.783000,0.000000,-0.350000,0.600000,0.000000,0.000000,0.707107,0.707107
arm_1,506.799000,0.000000,-0.350000,0.600000,0.000000,0.000000,0.707107,0.707107
arm_1,506.815000,0.000000,-0.350000,0.600000,0.000000,0.000000,0.707107,0.707107
arm_1,506.832000,0.000000,-0.350000,0.600000,0.000000,0.000000,0.707107,0.707107
arm_1,506.849000,0.000000,-0.350000,0.600000,0.000000,0.000000,0.707107,0.707107
arm_1,506.866000,0.000000,-0.350000,0.600000,0.000000,0.000000,0.707107,0.707107
arm_1,506.883000,0.000000,-0.350000,0.600000,0.000000,0.000000,0.707107,0.707107
arm_1,506.899000,0.000000,-0.350000,0.600000,0.000000,0.000000,0.707107,0.707107
arm_1,506.915000,0.000000,-0.350000,0.600000,0.000000,0.000000,0.707107,0.707107
arm_1,506.932000,0.000000,-0.350000,0.600000,0.000000,0.000000,0.707107,0.707107
arm_1,506.948000,0.000000,-0.350000,0.600000,0.000000,0.000000,0.707107,0.707107
arm_1,506.964000,0.000000,-0.350000,0.600000,0.000000,0.000000,0.707107,0.707107
arm_1,506.980000,0.000000,-0.350000,0.600000,0.000000,0.000000,0.707107,0.707107
arm_1,506.997000,0.000000,-0.350000,0.600000,0.000000,0.000000,0.707107,0.707107
arm_1,507.014000,0.000000,-0.350000,0.600000,0.000000,0.000000,0.707107,0.707107
arm_1,507.030000,0.000000,-0.350000,0.600000,0.000000,0.000000,0.707107,0.707107
arm_1,507.046000,0.000000,-0.350000,0.600000,0.000000,0.000000,0.707107,0.707107
arm_1,507.061000,0.000000,-0.350000,0.600000,0.000000,0.000000,0.707107,0.707107
arm_1,507.077000,0.000000,-0.350000,0.600000,0.000000,0.000000,0.707107,0.707107
arm_1,507.094000,0.000000,-0.350000,0.600000,0.000000,0.000000,0.707107,0.707107
arm_1,507.110000,0.000000,-0.350000,0.600000,0.000000,0.000000,0.707107,0.707107
arm_1,507.126000,0.000000,-0.350000,0.600000,0.000000,0.000000,0.707107,0.707107
arm_1,507.142000,0.000000,-0.350000,0.600000,0.000000,0.000000,0.707107,0.707107
arm_1,507.159000,0.000000,-0.350000,0.600000,0.000000,0.000000,0.707107,0.707107
arm_1,507.176000,0.000000,-0.350000,0.600000,0.000000,0.000000,0.707107,0.707107
arm_1,507.192000,0.000000,-0.350000,0.600000,0.000000,0.000000,0.707107,0.707107
arm_1,507.206000,0.000000,-0.350000,0.600000,0.000000,0.000000,0.707107,0.707107
arm_1,507.221000,0.000000,-0.350000,0.600000,0.000000,0.000000,0.707107,0.707107
arm_1,507.238000,0.000000,-0.350000,0.600000,0.000000,0.000000,0.707107,0.707107
arm_1,507.255000,0.000000,-0.350000,0.600000,0.000000,0.000000,0.707107,0.707107
arm_1,507.270000,0.000000,-0.350000,0.600000,0.000000,0.000000,0.707107,0.707107
arm_1,507.284000,0.000000,-0.350000,0.600000,0.000000,0.000000,0.707107,0.707107
arm_1,507.300000,0.000000,-0.350000,0.600000,0.000000,0.000000,0.707107,0.707107
arm_1,507.317000,0.000000,-0.350000,0.600000,0.000000,0.000000,0.707107,0.707107
arm_1,507.333000,0.000000,-0.350000,0.600000,0.000000,0.000000,0.707107,0.707107
arm_1,507.348000,0.000000,-0.350000,0.600000,0.000000,0.000000,0.707107,0.707107
arm_1,507.364000,0.000000,-0.350000,0.600000,0.000000,0.000000,0.707107,0.707107
arm_1,507.381000,0.000000,-0.350000,0.600000,0.000000,0.000000,0.707107,0.707107
arm_1,507.397000,0.000000,-0.350000,0.600000,0.000000,0.000000,0.707107,0.707107
arm_1,507.413000,0.000000,-0.350000,0.600000,0.000000,0.000000,0.707107,0.707107
arm_1,507.430000,0.000000,-0.350000,0.600000,0.000000,0.000000,0.707107,0.707107
arm_1,507.447000,0.000000,-0.350000,0.600000,0.000000,0.000000,0.707107,0.707107
arm_1,507.463000,0.000000,-0.350000,0.600000,0.000000,0.000000,0.707107,0.707107
arm_1,507.478000,0.000000,-0.350000,0.600000,0.000000,0.000000,0.707107,0.707107
arm_1,507.494000,0.000000,-0.350000,0.600000,0.000000,0.000000,0.707107,0.707107
arm_1,507.510000,0.000000,-0.350000,0.600000,0.000000,0.000000,0.707107,0.707107
arm_1,507.526000,0.000000,-0.350000,0.600000,0.000000,0.000000,0.707107,0.707107
arm_1,507.540000,0.000000,-0.350000,0.600000,0.000000,0.000000,0.707107,0.707107
arm_1,507.555000,0.000000,-0.350000,0.600000,0.000000,0.000000,0.707107,0.707107
arm_1,507.571000,0.000000,-0.350000,0.600000,0.000000,0.000000,0.707107,0.707107
arm_1,507.588000,0.000000,-0.350000,0.600000,0.000000,0.000000,0.707107,0.707107
arm_1,507.604000,0.000000,-0.350000,0.600000,0.000000,0.000000,0.707107,0.707107
arm_1,507.620000,0.000000,-0.350000,0.600000,0.000000,0.000000,0.707107,0.707107
arm_1,507.637000,0.000000,-0.350000,0.600000,0.000000,0.000000,0.707107,0.707107
arm_1,507.653000,0.000000,-0.350000,0.600000,0.000000,0.000000,0.707107,0.707107
arm_1,507.669000,0.000000,-0.350000,0.600000,0.000000,0.000000,0.707107,0.707107
arm_1,507.685000,0.000000,-0.350000,0.600000,0.000000,0.000000,0.707107,0.707107
arm_1,507.702000,0.000000,-0.350000,0.600000,0.000000,0.000000,0.707107,0.707107
arm_1,507.719000,0.000000,-0.350000,0.600000,0.000000,0.000000,0.707107,0.707107
arm_1,507.735000,0.000000,-0.350000,0.600000,0.000000,0.000000,0.707107,0.707107
arm_1,507.751000,0.000000,-0.350000,0.600000,0.000000,0.000000,0.707107,0.707107
arm_1,507.767000,0.000000,-0.350000,0.600000,0.000000,0.000000,0.707107,0.707107
arm_1,507.782000,0.000000,-0.350000,0.600000,0.000000,0.000000,0.707107,0.707107
arm_1,507.799000,0.000000,-0.350000,0.600000,0.000000,0.000000,0.707107,0.707107
arm_1,507.816000,0.000000,-0.350000,0.600000,0.000000,0.000000,0.707107,0.707107
arm_1,507.831000,0.000000,-0.350000,0.600000,0.000000,0.000000,0.707107,0.707107
arm_1,507.848000,0.000000,-0.350000,0.600000,0.000000,0.000000,0.707107,0.707107
arm_1,507.865000,0.000000,-0.350000,0.600000,0.000000,0.000000,0.707107,0.707107
arm_1,507.882000,0.000000,-0.350000,0.600000,0.000000,0.000000,0.707107,0.707107
arm_1,507.899000,0.000000,-0.350000,0.600000,0.000000,0.000000,0.707107,0.707107
arm_1,507.915000,0.000000,-0.350000,0.600000,0.000000,0.000000,0.707107,0.707107
arm_1,507.932000,0.000000,-0.350000,0.600000,0.000000,0.000000,0.707107,0.707107
arm_1,507.949000,0.000000,-0.350000,0.600000,0.000000,0.000000,0.707107,0.707107
arm_1,507.960000,0.000000,-0.350000,0.600000,0.000000,0.000000,0.707107,0.707107
arm_1,507.968000,0.000000,-0.350000,0.600000,0.000000,0.000000,0.707107,0.707107
arm_1,507.984000,0.000000,-0.350000,0.600000,0.000000,0.000000,0.707107,0.707107
arm_1,508.000000,0.000000,-0.350000,0.600000,0.000000,0.000000,0.707107,0.707107
arm_1,508.013000,0.000000,-0.350000,0.600000,0.000000,0.000000,0.707107,0.707107
arm_1,508.026000,0.000000,-0.350000,0.600000,0.000000,0.000000,0.707107,0.707107
arm_1,508.038000,0.000000,-0.350000,0.600000,0.000000,0.000000,0.707107,0.707107
arm_1,508.049000,0.000000,-0.350000,0.600000,0.000000,0.000000,0.707107,0.707107
arm_1,508.065000,0.000000,-0.350000,0.600000,0.000000,0.000000,0.707107,0.707107
arm_1,508.081000,0.000000,-0.350000,0.600000,0.000000,0.000000,0.707107,0.707107
arm_1,508.094000,0.000000,-0.350000,0.600000,0.000000,0.000000,0.707107,0.707107
arm_1,508.100000,0.000000,-0.350000,0.600000,0.000000,0.000000,0.707107,0.707107
arm_1,508.116000,0.000000,-0.350000,0.600000,0.000000,0.000000,0.707107,0.707107
arm_1,508.132000,0.000000,-0.350000,0.600000,0.000000,0.000000,0.707107,0.707107
arm_1,508.147000,0.000000,-0.350000,0.600000,0.000000,0.000000,0.707107,0.707107
arm_1,508.162000,0.000000,-0.350000,0.600000,0.000000,0.000000,0.707107,0.707107
arm_1,508.177000,0.000000,-0.350000,0.600000,0.000000,0.000000,0.707107,0.707107
arm_1,508.193000,0.000000,-0.350000,0.600000,0.000000,0.000000,0.707107,0.707107
arm_1,508.208000,0.000000,-0.350000,0.600000,0.000000,0.000000,0.707107,0.707107
arm_1,508.224000,0.000000,-0.350000,0.600000,0.000000,0.000000,0.707107,0.707107
arm_1,508.241000,0.000000,-0.350000,0.600000,0.000000,0.000000,0.707107,0.707107
arm_1,508.258000,0.000000,-0.350000,0.600000,0.000000,0.000000,0.707107,0.707107
arm_1,508.275000,0.000000,-0.350000,0.600000,0.000000,0.000000,0.707107,0.707107
arm_1,508.291000,0.000000,-0.350000,0.600000,0.000000,0.000000,0.707107,0.707107
arm_1,508.307000,0.000000,-0.350000,0.600000,0.000000,0.000000,0.707107,0.707107
arm_1,508.324000,0.000000,-0.350000,0.600000,0.000000,0.000000,0.707107,0.707107
arm_1,508.339000,0.000000,-0.350000,0.600000,0.000000,0.000000,0.707107,0.707107
arm_1,508.352000,0.000000,-0.350000,0.600000,0.000000,0.000000,0.707107,0.707107
arm_1,508.368000,0.000000,-0.350000,0.600000,0.000000,0.000000,0.707107,0.707107
arm_1,508.383000,0.000000,-0.350000,0.600000,0.000000,0.000000,0.707107,0.707107
arm_1,508.396000,0.000000,-0.350000,0.600000,0.000000,0.000000,0.707107,0.707107
arm_1,508.410000,0.000000,-0.350000,0.600000,0.000000,0.000000,0.707107,0.707107
arm_1,508.425000,0.000000,-0.350000,0.600000,0.000000,0.000000,0.707107,0.707107
arm_1,508.440000,0.000000,-0.350000,0.600000,0.000000,0.000000,0.707107,0.707107
arm_1,508.455000,0.000000,-0.350000,0.600000,0.000000,0.000000,0.707107,0.707107
arm_1,508.470000,0.000000,-0.350000,0.600000,0.000000,0.000000,0.707107,0.707107
arm_1,508.486000,0.000000,-0.350000,0.600000,0.000000,0.000000,0.707107,0.707107
arm_1,508.501000,0.000000,-0.350000,0.600000,0.000000,0.000000,0.707107,0.707107
arm_1,508.516000,0.000000,-0.350000,0.600000,0.000000,0.000000,0.707107,0.707107
arm_1,508.532000,0.000000,-0.350000,0.600000,0.000000,0.000000,0.707107,0.707107
arm_1,508.548000,0.000000,-0.350000,0.600000,0.000000,0.000000,0.707107,0.707107
arm_1,508.564000,0.000000,-0.350000,0.600000,0.000000,0.000000,0.707107,0.707107
arm_1,508.580000,0.000000,-0.350000,0.600000,0.000000,0.000000,0.707107,0.707107
arm_1,508.596000,0.000000,-0.350000,0.600000,0.000000,0.000000,0.707107,0.707107
arm_1,508.612000,0.000000,-0.350000,0.600000,0.000000,0.000000,0.707107,0.707107
arm_1,508.628000,0.000000,-0.350000,0.600000,0.000000,0.000000,0.707107,0.707107
arm_1,508.643000,0.000000,-0.350000,0.600000,0.000000,0.000000,0.707107,0.707107
arm_1,508.658000,0.000000,-0.350000,0.600000,0.000000,0.000000,0.707107,0.707107
arm_1,508.674000,0.000000,-0.350000,0.600000,0.000000,0.000000,0.707107,0.707107
arm_1,508.690000,0.000000,-0.350000,0.600000,0.000000,0.000000,0.707107,0.707107
arm_1,508.706000,0.000000,-0.350000,0.600000,0.000000,0.000000,0.707107,0.707107
arm_1,508.722000,0.000000,-0.350000,0.600000,0.000000,0.000000,0.707107,0.707107
arm_1,508.738000,0.000000,-0.350000,0.600000,0.000000,0.000000,0.707107,0.707107
arm_1,508.755000,0.000000,-0.350000,0.600000,0.000000,0.000000,0.707107,0.707107
arm_1,508.771000,0.000000,-0.350000,0.600000,0.000000,0.000000,0.707107,0.707107
arm_1,508.788000,0.000000,-0.350000,0.600000,0.000000,0.000000,0.707107,0.707107
arm_1,508.804000,0.000000,-0.350000,0.600000,0.000000,0.000000,0.707107,0.707107
arm_1,508.821000,0.000000,-0.350000,0.600000,0.000000,0.000000,0.707107,0.707107
arm_1,508.838000,0.000000,-0.350000,0.600000,0.000000,0.000000,0.707107,0.707107
arm_1,508.853000,0.000000,-0.350000,0.600000,0.000000,0.000000,0.707107,0.707107
arm_1,508.867000,0.000000,-0.350000,0.600000,0.000000,0.000000,0.707107,0.707107
arm_1,508.881000,0.000000,-0.350000,0.600000,0.000000,0.000000,0.707107,0.707107
arm_1,508.896000,0.000000,-0.350000,0.600000,0.000000,0.000000,0.707107,0.707107
arm_1,508.912000,0.000000,-0.350000,0.600000,0.000000,0.000000,0.707107,0.707107
arm_1,508.928000,0.000000,-0.350000,0.600000,0.000000,0.000000,0.707107,0.707107
arm_1,508.945000,0.000000,-0.350000,0.600000,0.000000,0.000000,0.707107,0.707107
arm_1,508.959000,0.000000,-0.350000,0.600000,0.000000,0.000000,0.707107,0.707107
arm_1,508.975000,0.000000,-0.350000,0.600000,0.000000,0.000000,0.707107,0.707107
arm_1,508.991000,0.000000,-0.350000,0.600000,0.000000,0.000000,0.707107,0.707107
arm_1,509.008000,0.000000,-0.350000,0.600000,0.000000,0.000000,0.707107,0.707107
arm_1,509.024000,0.000000,-0.350000,0.600000,0.000000,0.000000,0.707107,0.707107
arm_1,509.040000,0.000000,-0.350000,0.600000,0.000000,0.000000,0.707107,0.707107
arm_1,509.054000,0.000000,-0.350000,0.600000,0.000000,0.000000,0.707107,0.707107
arm_1,509.069000,0.000000,-0.350000,0.600000,0.000000,0.000000,0.707107,0.707107
arm_1,509.086000,0.000000,-0.350000,0.600000,0.000000,0.000000,0.707107,0.707107
arm_1,509.103000,0.000000,-0.350000,0.600000,0.000000,0.000000,0.707107,0.707107
arm_1,509.120000,0.000000,-0.350000,0.600000,0.000000,0.000000,0.707107,0.707107
arm_1,509.136000,0.000000,-0.350000,0.600000,0.000000,0.000000,0.707107,0.707107
arm_1,509.149000,0.000000,-0.350000,0.600000,0.000000,0.000000,0.707107,0.707107
arm_1,509.158000,0.000000,-0.350000,0.600000,0.000000,0.000000,0.707107,0.707107
arm_1,509.172000,0.000000,-0.350000,0.600000,0.000000,0.000000,0.707107,0.707107
arm_1,509.188000,0.000000,-0.350000,0.600000,0.000000,0.000000,0.707107,0.707107
arm_1,509.203000,0.000000,-0.350000,0.600000,0.000000,0.000000,0.707107,0.707107
arm_1,509.216000,0.000000,-0.350000,0.600000,0.000000,0.000000,0.707107,0.707107
arm_1,509.226000,0.000000,-0.350000,0.600000,0.000000,0.000000,0.707107,0.707107
arm_1,509.235000,0.000000,-0.350000,0.600000,0.000000,0.000000,0.707107,0.707107
arm_1,509.245000,0.000000,-0.350000,0.600000,0.000000,0.000000,0.707107,0.707107
arm_1,509.259000,0.000000,-0.350000,0.600000,0.000000,0.000000,0.707107,0.707107
arm_1,509.275000,0.000000,-0.350000,0.600000,0.000000,0.000000,0.707107,0.707107
arm_1,509.291000,0.000000,-0.350000,0.600000,0.000000,0.000000,0.707107,0.707107
arm_1,509.307000,0.000000,-0.350000,0.600000,0.000000,0.000000,0.707107,0.707107
arm_1,509.322000,0.000000,-0.350000,0.600000,0.000000,0.000000,0.707107,0.707107
arm_1,509.339000,0.000000,-0.350000,0.600000,0.000000,0.000000,0.707107,0.707107
arm_1,509.355000,0.000000,-0.350000,0.600000,0.000000,0.000000,0.707107,0.707107
arm_1,509.370000,0.000000,-0.350000,0.600000,0.000000,0.000000,0.707107,0.707107
arm_1,509.385000,0.000000,-0.350000,0.600000,0.000000,0.000000,0.707107,0.707107
arm_1,509.399000,0.000000,-0.350000,0.600000,0.000000,0.000000,0.707107,0.707107
arm_1,509.415000,0.000000,-0.350000,0.600000,0.000000,0.000000,0.707107,0.707107
arm_1,509.430000,0.000000,-0.350000,0.600000,0.000000,0.000000,0.707107,0.707107
arm_1,509.444000,0.000000,-0.350000,0.600000,0.000000,0.000000,0.707107,0.707107
arm_1,509.459000,0.000000,-0.350000,0.600000,0.000000,0.000000,0.707107,0.707107
arm_1,509.474000,0.000000,-0.350000,0.600000,0.000000,0.000000,0.707107,0.707107
arm_1,509.490000,0.000000,-0.350000,0.600000,0.000000,0.000000,0.707107,0.707107
arm_1,509.506000,0.000000,-0.350000,0.600000,0.000000,0.000000,0.707107,0.707107
arm_1,509.520000,0.000000,-0.350000,0.600000,0.000000,0.000000,0.707107,0.707107
arm_1,509.534000,0.000000,-0.350000,0.600000,0.000000,0.000000,0.707107,0.707107
arm_1,509.550000,0.000000,-0.350000,0.600000,0.000000,0.000000,0.707107,0.707107
arm_1,509.566000,0.000000,-0.350000,0.600000,0.000000,0.000000,0.707107,0.707107
arm_1,509.582000,0.000000,-0.350000,0.600000,0.000000,0.000000,0.707107,0.707107
arm_1,509.598000,0.000000,-0.350000,0.600000,0.000000,0.000000,0.707107,0.707107
arm_1,509.613000,0.000000,-0.350000,0.600000,0.000000,0.000000,0.707107,0.707107
arm_1,509.628000,0.000000,-0.350000,0.600000,0.000000,0.000000,0.707107,0.707107
arm_1,509.644000,0.000000,-0.350000,0.600000,0.000000,0.000000,0.707107,0.707107
arm_1,509.660000,0.000000,-0.350000,0.600000,0.000000,0.000000,0.707107,0.707107
arm_1,509.676000,0.000000,-0.350000,0.600000,0.000000,0.000000,0.707107,0.707107
arm_1,509.692000,0.000000,-0.350000,0.600000,0.000000,0.000000,0.707107,0.707107
arm_1,509.707000,0.000000,-0.350000,0.600000,0.000000,0.000000,0.707107,0.707107
arm_1,509.721000,0.000000,-0.350000,0.600000,0.000000,0.000000,0.707107,0.707107
arm_1,509.734000,0.000000,-0.350000,0.600000,0.000000,0.000000,0.707107,0.707107
arm_1,509.747000,0.000000,-0.350000,0.600000,0.000000,0.000000,0.707107,0.707107
arm_1,509.761000,0.000000,-0.350000,0.600000,0.000000,0.000000,0.707107,0.707107
arm_1,509.776000,0.000000,-0.350000,0.600000,0.000000,0.000000,0.707107,0.707107
arm_1,509.791000,0.000000,-0.350000,0.600000,0.000000,0.000000,0.707107,0.707107
arm_1,509.806000,0.000000,-0.350000,0.600000,0.000000,0.000000,0.707107,0.707107
arm_1,509.822000,0.000000,-0.350000,0.600000,0.000000,0.000000,0.707107,0.707107
arm_1,509.837000,0.000000,-0.350000,0.600000,0.000000,0.000000,0.707107,0.707107
arm_1,509.852000,0.000000,-0.350000,0.600000,0.000000,0.000000,0.707107,0.707107
arm_1,509.867000,0.000000,-0.350000,0.600000,0.000000,0.000000,0.707107,0.707107
arm_1,509.882000,0.000000,-0.350000,0.600000,0.000000,0.000000,0.707107,0.707107
arm_1,509.897000,0.000000,-0.350000,0.600000,0.000000,0.000000,0.707107,0.707107
arm_1,509.912000,0.000000,-0.350000,0.600000,0.000000,0.000000,0.707107,0.707107
arm_1,509.928000,0.000000,-0.350000,0.600000,0.000000,0.000000,0.707107,0.707107
arm_1,509.944000,0.000000,-0.350000,0.600000,0.000000,0.000000,0.707107,0.707107
arm_1,509.960000,0.000000,-0.350000,0.600000,0.000000,0.000000,0.707107,0.707107
arm_1,509.976000,0.000000,-0.350000,0.600000,0.000000,0.000000,0.707107,0.707107
arm_1,509.991000,0.000000,-0.350000,0.600000,0.000000,0.000000,0.707107,0.707107
arm_1,510.006000,0.000000,-0.350000,0.600000,0.000000,0.000000,0.707107,0.707107
arm_1,510.020000,0.000000,-0.350000,0.600000,0.000000,0.000000,0.707107,0.707107
arm_1,510.036000,0.000000,-0.350000,0.600000,0.000000,0.000000,0.707107,0.707107
arm_1,510.052000,0.000000,-0.350000,0.600000,0.000000,0.000000,0.707107,0.707107
arm_1,510.069000,0.000000,-0.350000,0.600000,0.000000,0.000000,0.707107,0.707107
arm_1,510.085000,0.000000,-0.350000,0.600000,0.000000,0.000000,0.707107,0.707107
arm_1,510.100000,0.000000,-0.350000,0.600000,0.000000,0.000000,0.707107,0.707107
arm_1,510.117000,0.000000,-0.350000,0.600000,0.000000,0.000000,0.707107,0.707107
arm_1,510.132000,0.000000,-0.350000,0.600000,0.000000,0.000000,0.707107,0.707107
arm_1,510.147000,0.000000,-0.350000,0.600000,0.000000,0.000000,0.707107,0.707107
arm_1,510.162000,0.000000,-0.350000,0.600000,0.000000,0.000000,0.707107,0.707107
arm_1,510.174000,0.000000,-0.350000,0.600000,0.000000,0.000000,0.707107,0.707107
arm_1,510.188000,0.000000,-0.350000,0.600000,0.000000,0.000000,0.707107,0.707107
arm_1,510.204000,0.000000,-0.350000,0.600000,0.000000,0.000000,0.707107,0.707107
arm_1,510.221000,0.000000,-0.350000,0.600000,0.000000,0.000000,0.707107,0.707107
arm_1,510.237000,0.000000,-0.350000,0.600000,0.000000,0.000000,0.707107,0.707107
arm_1,510.254000,0.000000,-0.350000,0.600000,0.000000,0.000000,0.707107,0.707107
arm_1,510.269000,0.000000,-0.350000,0.600000,0.000000,0.000000,0.707107,0.707107
arm_1,510.285000,0.000000,-0.350000,0.600000,0.000000,0.000000,0.707107,0.707107
arm_1,510.301000,0.000000,-0.350000,0.600000,0.000000,0.000000,0.707107,0.707107
arm_1,510.317000,0.000000,-0.350000,0.600000,0.000000,0.000000,0.707107,0.707107
arm_1,510.333000,0.000000,-0.350000,0.600000,0.000000,0.000000,0.707107,0.707107
arm_1,510.349000,0.000000,-0.350000,0.600000,0.000000,0.000000,0.707107,0.707107
arm_1,510.365000,0.000000,-0.350000,0.600000,0.000000,0.000000,0.707107,0.707107
arm_1,510.380000,0.000000,-0.350000,0.600000,0.000000,0.000000,0.707107,0.707107
arm_1,510.395000,0.000000,-0.350000,0.600000,0.000000,0.000000,0.707107,0.707107
arm_1,510.411000,0.000000,-0.350000,0.600000,0.000000,0.000000,0.707107,0.707107
arm_1,510.427000,0.000000,-0.350000,0.600000,0.000000,0.000000,0.707107,0.707107
arm_1,510.443000,0.000000,-0.350000,0.600000,0.000000,0.000000,0.707107,0.707107
arm_1,510.458000,0.000000,-0.350000,0.600000,0.000000,0.000000,0.707107,0.707107
arm_1,510.474000,0.000000,-0.350000,0.600000,0.000000,0.000000,0.707107,0.707107
arm_1,510.489000,0.000000,-0.350000,0.600000,0.000000,0.000000,0.707107,0.707107
arm_1,510.504000,0.000000,-0.350000,0.600000,0.000000,0.000000,0.707107,0.707107
arm_1,510.519000,0.000000,-0.350000,0.600000,0.000000,0.000000,0.707107,0.707107
arm_1,510.535000,0.000000,-0.350000,0.600000,0.000000,0.000000,0.707107,0.707107
arm_1,510.552000,0.000000,-0.350000,0.600000,0.000000,0.000000,0.707107,0.707107
arm_1,510.568000,0.000000,-0.350000,0.600000,0.000000,0.000000,0.707107,0.707107
arm_1,510.584000,0.000000,-0.350000,0.600000,0.000000,0.000000,0.707107,0.707107
arm_1,510.599000,0.000000,-0.350000,0.600000,0.000000,0.000000,0.707107,0.707107
arm_1,510.614000,0.000000,-0.350000,0.600000,0.000000,0.000000,0.707107,0.707107
arm_1,510.626000,0.000000,-0.350000,0.600000,0.000000,0.000000,0.707107,0.707107
arm_1,510.641000,0.000000,-0.350000,0.600000,0.000000,0.000000,0.707107,0.707107
arm_1,510.656000,0.000000,-0.350000,0.600000,0.000000,0.000000,0.707107,0.707107
arm_1,510.672000,0.000000,-0.350000,0.600000,0.000000,0.000000,0.707107,0.707107
arm_1,510.687000,0.000000,-0.350000,0.600000,0.000000,0.000000,0.707107,0.707107
arm_1,510.702000,0.000000,-0.350000,0.600000,0.000000,0.000000,0.707107,0.707107
arm_1,510.717000,0.000000,-0.350000,0.600000,0.000000,0.000000,0.707107,0.707107
arm_1,510.733000,0.000000,-0.350000,0.600000,0.000000,0.000000,0.707107,0.707107
arm_1,510.748000,0.000000,-0.350000,0.600000,0.000000,0.000000,0.707107,0.707107
arm_1,510.765000,0.000000,-0.350000,0.600000,0.000000,0.000000,0.707107,0.707107
arm_1,510.781000,0.000000,-0.350000,0.600000,0.000000,0.000000,0.707107,0.707107
arm_1,510.797000,0.000000,-0.350000,0.600000,0.000000,0.000000,0.707107,0.707107
arm_1,510.802000,0.000000,-0.350000,0.600000,0.000000,0.000000,0.707107,0.707107
arm_1,510.815000,0.000000,-0.350000,0.600000,0.000000,0.000000,0.707107,0.707107
arm_1,510.831000,0.000000,-0.350000,0.600000,0.000000,0.000000,0.707107,0.707107
arm_1,510.846000,0.000000,-0.350000,0.600000,0.000000,0.000000,0.707107,0.707107
arm_1,510.861000,0.000000,-0.350000,0.600000,0.000000,0.000000,0.707107,0.707107
arm_1,510.876000,0.000000,-0.350000,0.600000,0.000000,0.000000,0.707107,0.707107
arm_1,510.892000,0.000000,-0.350000,0.600000,0.000000,0.000000,0.707107,0.707107
arm_1,510.908000,0.000000,-0.350000,0.600000,0.000000,0.000000,0.707107,0.707107
arm_1,510.924000,0.000000,-0.350000,0.600000,0.000000,0.000000,0.707107,0.707107
arm_1,510.940000,0.000000,-0.350000,0.600000,0.000000,0.000000,0.707107,0.707107
arm_1,510.956000,0.000000,-0.350000,0.600000,0.000000,0.000000,0.707107,0.707107
arm_1,510.966000,0.000000,-0.350000,0.600000,0.000000,0.000000,0.707107,0.707107
arm_1,510.975000,0.000000,-0.350000,0.600000,0.000000,0.000000,0.707107,0.707107
arm_1,510.987000,0.000000,-0.350000,0.600000,0.000000,0.000000,0.707107,0.707107
arm_1,510.996000,0.000000,-0.350000,0.600000,0.000000,0.000000,0.707107,0.707107
arm_1,511.009000,0.000000,-0.350000,0.600000,0.000000,0.000000,0.707107,0.707107
arm_1,511.022000,0.000000,-0.350000,0.600000,0.000000,0.000000,0.707107,0.707107
arm_1,511.033000,0.000000,-0.350000,0.600000,0.000000,0.000000,0.707107,0.707107
arm_1,511.043000,0.000000,-0.350000,0.600000,0.000000,0.000000,0.707107,0.707107
arm_1,511.058000,0.000000,-0.350000,0.600000,0.000000,0.000000,0.707107,0.707107
arm_1,511.074000,0.000000,-0.350000,0.600000,0.000000,0.000000,0.707107,0.707107
arm_1,511.091000,0.000000,-0.350000,0.600000,0.000000,0.000000,0.707107,0.707107
arm_1,511.106000,0.000000,-0.350000,0.600000,0.000000,0.000000,0.707107,0.707107
arm_1,511.122000,0.000000,-0.350000,0.600000,0.000000,0.000000,0.707107,0.707107
arm_1,511.138000,0.000000,-0.350000,0.600000,0.000000,0.000000,0.707107,0.707107
arm_1,511.153000,0.000000,-0.350000,0.600000,0.000000,0.000000,0.707107,0.707107
arm_1,511.169000,0.000000,-0.350000,0.600000,0.000000,0.000000,0.707107,0.707107
arm_1,511.185000,0.000000,-0.350000,0.600000,0.000000,0.000000,0.707107,0.707107
arm_1,511.202000,0.000000,-0.350000,0.600000,0.000000,0.000000,0.707107,0.707107
arm_1,511.218000,0.000000,-0.350000,0.600000,0.000000,0.000000,0.707107,0.707107
arm_1,511.233000,0.000000,-0.350000,0.600000,0.000000,0.000000,0.707107,0.707107
arm_1,511.250000,0.000000,-0.350000,0.600000,0.000000,0.000000,0.707107,0.707107
arm_1,511.267000,0.000000,-0.350000,0.600000,0.000000,0.000000,0.707107,0.707107
arm_1,511.282000,0.000000,-0.350000,0.600000,0.000000,0.000000,0.707107,0.707107
arm_1,511.296000,0.000000,-0.350000,0.600000,0.000000,0.000000,0.707107,0.707107
arm_1,511.311000,0.000000,-0.350000,0.600000,0.000000,0.000000,0.707107,0.707107
arm_1,511.327000,0.000000,-0.350000,0.600000,0.000000,0.000000,0.707107,0.707107
arm_1,511.344000,0.000000,-0.350000,0.600000,0.000000,0.000000,0.707107,0.707107
arm_1,511.360000,0.000000,-0.350000,0.600000,0.000000,0.000000,0.707107,0.707107
arm_1,511.376000,0.000000,-0.350000,0.600000,0.000000,0.000000,0.707107,0.707107
arm_1,511.392000,0.000000,-0.350000,0.600000,0.000000,0.000000,0.707107,0.707107
arm_1,511.408000,0.000000,-0.350000,0.600000,0.000000,0.000000,0.707107,0.707107
arm_1,511.425000,0.000000,-0.350000,0.600000,0.000000,0.000000,0.707107,0.707107
probe_part_paired2_011,476.689000,-0.475000,-0.000000,0.624999,0.000000,0.000000,-0.000000,1.000000
probe_part_paired2_011,476.705000,-0.475000,-0.000000,0.624999,0.000000,0.000000,-0.000000,1.000000
probe_part_paired2_011,476.721000,-0.475000,-0.000000,0.624999,0.000000,0.000000,-0.000000,1.000000
probe_part_paired2_011,476.738000,-0.475000,-0.000000,0.624999,0.000000,0.000000,-0.000000,1.000000
probe_part_paired2_011,476.755000,-0.475000,-0.000000,0.624999,0.000000,0.000000,-0.000000,1.000000
probe_part_paired2_011,476.771000,-0.475000,-0.000000,0.624999,0.000000,0.000000,-0.000000,1.000000
probe_part_paired2_011,476.788000,-0.475000,-0.000000,0.624999,0.000000,0.000000,-0.000000,1.000000
probe_part_paired2_011,476.805000,-0.475000,-0.000000,0.624999,0.000000,0.000000,-0.000000,1.000000
probe_part_paired2_011,476.823000,-0.475000,-0.000000,0.624999,0.000000,0.000000,-0.000000,1.000000
probe_part_paired2_011,476.840000,-0.475000,-0.000000,0.624999,0.000000,0.000000,-0.000000,1.000000
probe_part_paired2_011,476.856000,-0.475000,-0.000000,0.624999,0.000000,0.000000,-0.000000,1.000000
probe_part_paired2_011,476.872000,-0.475000,-0.000000,0.624999,0.000000,0.000000,-0.000000,1.000000
probe_part_paired2_011,476.888000,-0.475000,-0.000000,0.624999,0.000000,0.000000,-0.000000,1.000000
probe_part_paired2_011,476.905000,-0.475000,-0.000000,0.624999,0.000000,0.000000,-0.000000,1.000000
probe_part_paired2_011,476.922000,-0.475000,-0.000000,0.624999,0.000000,0.000000,-0.000000,1.000000
probe_part_paired2_011,476.939000,-0.475000,-0.000000,0.624999,0.000000,0.000000,-0.000000,1.000000
probe_part_paired2_011,476.956000,-0.475000,-0.000000,0.624999,0.000000,0.000000,-0.000000,1.000000
probe_part_paired2_011,476.973000,-0.475000,-0.000000,0.624999,0.000000,0.000000,-0.000000,1.000000
probe_part_paired2_011,476.990000,-0.475000,-0.000000,0.624999,0.000000,0.000000,-0.000000,1.000000
probe_part_paired2_011,477.007000,-0.475000,-0.000000,0.624999,0.000000,0.000000,-0.000000,1.000000
probe_part_paired2_011,477.024000,-0.475000,-0.000000,0.624999,0.000000,0.000000,-0.000000,1.000000
probe_part_paired2_011,477.041000,-0.475000,-0.000000,0.624999,0.000000,0.000000,-0.000000,1.000000
probe_part_paired2_011,477.058000,-0.475000,-0.000000,0.624999,0.000000,0.000000,-0.000000,1.000000
probe_part_paired2_011,477.075000,-0.475000,-0.000000,0.624999,0.000000,0.000000,-0.000000,1.000000
probe_part_paired2_011,477.092000,-0.475000,-0.000000,0.624999,0.000000,0.000000,-0.000000,1.000000
probe_part_paired2_011,477.106000,-0.475000,-0.000000,0.624999,0.000000,0.000000,-0.000000,1.000000
probe_part_paired2_011,477.121000,-0.475000,-0.000000,0.624999,0.000000,0.000000,-0.000000,1.000000
probe_part_paired2_011,477.138000,-0.475000,-0.000000,0.624999,0.000000,0.000000,-0.000000,1.000000
probe_part_paired2_011,477.156000,-0.475000,-0.000000,0.624999,0.000000,0.000000,-0.000000,1.000000
probe_part_paired2_011,477.173000,-0.475000,-0.000000,0.624999,0.000000,0.000000,-0.000000,1.000000
probe_part_paired2_011,477.189000,-0.475000,-0.000000,0.624999,0.000000,0.000000,-0.000000,1.000000
probe_part_paired2_011,477.206000,-0.475000,-0.000000,0.624999,0.000000,0.000000,-0.000000,1.000000
probe_part_paired2_011,477.223000,-0.475000,-0.000000,0.624999,0.000000,0.000000,-0.000000,1.000000
probe_part_paired2_011,477.240000,-0.475000,-0.000000,0.624999,0.000000,0.000000,-0.000000,1.000000
probe_part_paired2_011,477.257000,-0.475000,-0.000000,0.624999,0.000000,0.000000,-0.000000,1.000000
probe_part_paired2_011,477.274000,-0.475000,-0.000000,0.624999,0.000000,0.000000,-0.000000,1.000000
probe_part_paired2_011,477.291000,-0.475000,-0.000000,0.624999,0.000000,0.000000,-0.000000,1.000000
probe_part_paired2_011,477.309000,-0.475000,-0.000000,0.624999,0.000000,0.000000,-0.000000,1.000000
probe_part_paired2_011,477.325000,-0.475000,-0.000000,0.624999,0.000000,0.000000,-0.000000,1.000000
probe_part_paired2_011,477.341000,-0.475000,-0.000000,0.624999,0.000000,0.000000,-0.000000,1.000000
probe_part_paired2_011,477.358000,-0.475000,-0.000000,0.624999,0.000000,0.000000,-0.000000,1.000000
probe_part_paired2_011,477.375000,-0.475000,-0.000000,0.624999,0.000000,0.000000,-0.000000,1.000000
probe_part_paired2_011,477.392000,-0.475000,-0.000000,0.624999,0.000000,0.000000,-0.000000,1.000000
probe_part_paired2_011,477.409000,-0.475000,-0.000000,0.624999,0.000000,0.000000,-0.000000,1.000000
probe_part_paired2_011,477.427000,-0.475000,-0.000000,0.624999,0.000000,0.000000,-0.000000,1.000000
probe_part_paired2_011,477.444000,-0.475000,-0.000000,0.624999,0.000000,0.000000,-0.000000,1.000000
probe_part_paired2_011,477.460000,-0.475000,-0.000000,0.624999,0.000000,0.000000,-0.000000,1.000000
probe_part_paired2_011,477.476000,-0.475000,-0.000000,0.624999,0.000000,0.000000,-0.000000,1.000000
probe_part_paired2_011,477.492000,-0.475000,-0.000000,0.624999,0.000000,0.000000,-0.000000,1.000000
probe_part_paired2_011,477.508000,-0.475000,-0.000000,0.624999,0.000000,0.000000,-0.000000,1.000000
probe_part_paired2_011,477.524000,-0.475000,-0.000000,0.624999,0.000000,0.000000,-0.000000,1.000000
probe_part_paired2_011,477.541000,-0.475000,-0.000000,0.624999,0.000000,0.000000,-0.000000,1.000000
probe_part_paired2_011,477.558000,-0.475000,-0.000000,0.624999,0.000000,0.000000,-0.000000,1.000000
probe_part_paired2_011,477.575000,-0.475000,-0.000000,0.624999,0.000000,0.000000,-0.000000,1.000000
probe_part_paired2_011,477.592000,-0.475000,-0.000000,0.624999,0.000000,0.000000,-0.000000,1.000000
probe_part_paired2_011,477.609000,-0.475000,-0.000000,0.624999,0.000000,0.000000,-0.000000,1.000000
probe_part_paired2_011,477.626000,-0.475000,-0.000000,0.624999,0.000000,0.000000,-0.000000,1.000000
probe_part_paired2_011,477.642000,-0.475000,-0.000000,0.624999,0.000000,0.000000,-0.000000,1.000000
probe_part_paired2_011,477.658000,-0.475000,-0.000000,0.624999,0.000000,0.000000,-0.000000,1.000000
probe_part_paired2_011,477.673000,-0.475000,-0.000000,0.624999,0.000000,0.000000,-0.000000,1.000000
probe_part_paired2_011,477.690000,-0.475000,-0.000000,0.624999,0.000000,0.000000,-0.000000,1.000000
probe_part_paired2_011,477.707000,-0.475000,-0.000000,0.624999,0.000000,0.000000,-0.000000,1.000000
probe_part_paired2_011,477.724000,-0.475000,-0.000000,0.624999,0.000000,0.000000,-0.000000,1.000000
probe_part_paired2_011,477.741000,-0.475000,-0.000000,0.624999,0.000000,0.000000,-0.000000,1.000000
probe_part_paired2_011,477.758000,-0.475000,-0.000000,0.624999,0.000000,0.000000,-0.000000,1.000000
probe_part_paired2_011,477.775000,-0.475000,-0.000000,0.624999,0.000000,0.000000,-0.000000,1.000000
probe_part_paired2_011,477.792000,-0.475000,-0.000000,0.624999,0.000000,0.000000,-0.000000,1.000000
probe_part_paired2_011,477.809000,-0.475000,-0.000000,0.624999,0.000000,0.000000,-0.000000,1.000000
probe_part_paired2_011,477.825000,-0.475000,-0.000000,0.624999,0.000000,0.000000,-0.000000,1.000000
probe_part_paired2_011,477.842000,-0.475000,-0.000000,0.624999,0.000000,0.000000,-0.000000,1.000000
probe_part_paired2_011,477.859000,-0.475000,-0.000000,0.624999,0.000000,0.000000,-0.000000,1.000000
probe_part_paired2_011,477.876000,-0.475000,-0.000000,0.624999,0.000000,0.000000,-0.000000,1.000000
probe_part_paired2_011,477.892000,-0.475000,-0.000000,0.624999,0.000000,0.000000,-0.000000,1.000000
probe_part_paired2_011,477.909000,-0.475000,-0.000000,0.624999,0.000000,0.000000,-0.000000,1.000000
probe_part_paired2_011,477.926000,-0.475000,-0.000000,0.624999,0.000000,0.000000,-0.000000,1.000000
probe_part_paired2_011,477.943000,-0.475000,-0.000000,0.624999,0.000000,0.000000,-0.000000,1.000000
probe_part_paired2_011,477.960000,-0.475000,-0.000000,0.624999,0.000000,0.000000,-0.000000,1.000000
probe_part_paired2_011,477.977000,-0.475000,-0.000000,0.624999,0.000000,0.000000,-0.000000,1.000000
probe_part_paired2_011,477.994000,-0.475000,-0.000000,0.624999,0.000000,0.000000,-0.000000,1.000000
probe_part_paired2_011,478.011000,-0.475000,-0.000000,0.624999,0.000000,0.000000,-0.000000,1.000000
probe_part_paired2_011,478.028000,-0.475000,-0.000000,0.624999,0.000000,0.000000,-0.000000,1.000000
probe_part_paired2_011,478.045000,-0.475000,-0.000000,0.624999,0.000000,0.000000,-0.000000,1.000000
probe_part_paired2_011,478.062000,-0.475000,-0.000000,0.624999,0.000000,0.000000,-0.000000,1.000000
probe_part_paired2_011,478.079000,-0.475000,-0.000000,0.624999,0.000000,0.000000,-0.000000,1.000000
probe_part_paired2_011,478.096000,-0.475000,-0.000000,0.624999,0.000000,0.000000,-0.000000,1.000000
probe_part_paired2_011,478.112000,-0.475000,-0.000000,0.624999,0.000000,0.000000,-0.000000,1.000000
probe_part_paired2_011,478.127000,-0.475000,-0.000000,0.624999,0.000000,0.000000,-0.000000,1.000000
probe_part_paired2_011,478.144000,-0.475000,-0.000000,0.624999,0.000000,0.000000,-0.000000,1.000000
probe_part_paired2_011,478.161000,-0.475000,-0.000000,0.624999,0.000000,0.000000,-0.000000,1.000000
probe_part_paired2_011,478.178000,-0.475000,-0.000000,0.624999,0.000000,0.000000,-0.000000,1.000000
probe_part_paired2_011,478.195000,-0.475000,-0.000000,0.624999,0.000000,0.000000,-0.000000,1.000000
probe_part_paired2_011,478.212000,-0.475000,-0.000000,0.624999,0.000000,0.000000,-0.000000,1.000000
probe_part_paired2_011,478.229000,-0.475000,-0.000000,0.624999,0.000000,0.000000,-0.000000,1.000000
probe_part_paired2_011,478.246000,-0.475000,-0.000000,0.624999,0.000000,0.000000,-0.000000,1.000000
probe_part_paired2_011,478.263000,-0.475000,-0.000000,0.624999,0.000000,0.000000,-0.000000,1.000000
probe_part_paired2_011,478.280000,-0.475000,-0.000000,0.624999,0.000000,0.000000,-0.000000,1.000000
probe_part_paired2_011,478.296000,-0.475000,-0.000000,0.624999,0.000000,0.000000,-0.000000,1.000000
probe_part_paired2_011,478.311000,-0.475000,-0.000000,0.624999,0.000000,0.000000,-0.000000,1.000000
probe_part_paired2_011,478.328000,-0.475000,-0.000000,0.624999,0.000000,0.000000,-0.000000,1.000000
probe_part_paired2_011,478.344000,-0.475000,-0.000000,0.624999,0.000000,0.000000,-0.000000,1.000000
probe_part_paired2_011,478.360000,-0.475000,-0.000000,0.624999,0.000000,0.000000,-0.000000,1.000000
probe_part_paired2_011,478.377000,-0.475000,-0.000000,0.624999,0.000000,0.000000,-0.000000,1.000000
probe_part_paired2_011,478.394000,-0.475000,-0.000000,0.624999,0.000000,0.000000,-0.000000,1.000000
probe_part_paired2_011,478.411000,-0.475000,-0.000000,0.624999,0.000000,0.000000,-0.000000,1.000000
probe_part_paired2_011,478.428000,-0.475000,-0.000000,0.624999,0.000000,0.000000,-0.000000,1.000000
probe_part_paired2_011,478.445000,-0.475000,-0.000000,0.624999,0.000000,0.000000,-0.000000,1.000000
probe_part_paired2_011,478.459000,-0.475000,-0.000000,0.624999,0.000000,0.000000,-0.000000,1.000000
probe_part_paired2_011,478.475000,-0.475000,-0.000000,0.624999,0.000000,0.000000,-0.000000,1.000000
probe_part_paired2_011,478.492000,-0.475000,-0.000000,0.624999,0.000000,0.000000,-0.000000,1.000000
probe_part_paired2_011,478.509000,-0.475000,-0.000000,0.624999,0.000000,0.000000,-0.000000,1.000000
probe_part_paired2_011,478.526000,-0.475000,-0.000000,0.624999,0.000000,0.000000,-0.000000,1.000000
probe_part_paired2_011,478.543000,-0.475000,-0.000000,0.624999,0.000000,0.000000,-0.000000,1.000000
probe_part_paired2_011,478.560000,-0.475000,-0.000000,0.624999,0.000000,0.000000,-0.000000,1.000000
probe_part_paired2_011,478.577000,-0.475000,-0.000000,0.624999,0.000000,0.000000,-0.000000,1.000000
probe_part_paired2_011,478.594000,-0.475000,-0.000000,0.624999,0.000000,0.000000,-0.000000,1.000000
probe_part_paired2_011,478.610000,-0.475000,-0.000000,0.624999,0.000000,0.000000,-0.000000,1.000000
probe_part_paired2_011,478.627000,-0.475000,-0.000000,0.624999,0.000000,0.000000,-0.000000,1.000000
probe_part_paired2_011,478.644000,-0.475000,-0.000000,0.624999,0.000000,0.000000,-0.000000,1.000000
probe_part_paired2_011,478.661000,-0.475000,-0.000000,0.624999,0.000000,0.000000,-0.000000,1.000000
probe_part_paired2_011,478.679000,-0.475000,-0.000000,0.624999,0.000000,0.000000,-0.000000,1.000000
probe_part_paired2_011,478.696000,-0.475000,-0.000000,0.624999,0.000000,0.000000,-0.000000,1.000000
probe_part_paired2_011,478.713000,-0.475000,-0.000000,0.624999,0.000000,0.000000,-0.000000,1.000000
probe_part_paired2_011,478.730000,-0.475000,-0.000000,0.624999,0.000000,0.000000,-0.000000,1.000000
probe_part_paired2_011,478.747000,-0.475000,-0.000000,0.624999,0.000000,0.000000,-0.000000,1.000000
probe_part_paired2_011,478.764000,-0.475000,-0.000000,0.624999,0.000000,0.000000,-0.000000,1.000000
probe_part_paired2_011,478.781000,-0.475000,-0.000000,0.624999,0.000000,0.000000,-0.000000,1.000000
probe_part_paired2_011,478.798000,-0.475000,-0.000000,0.624999,0.000000,0.000000,-0.000000,1.000000
probe_part_paired2_011,478.814000,-0.475000,-0.000000,0.624999,0.000000,0.000000,-0.000000,1.000000
probe_part_paired2_011,478.831000,-0.475000,-0.000000,0.624999,0.000000,0.000000,-0.000000,1.000000
probe_part_paired2_011,478.847000,-0.475000,-0.000000,0.624999,0.000000,0.000000,-0.000000,1.000000
probe_part_paired2_011,478.864000,-0.475000,-0.000000,0.624999,0.000000,0.000000,-0.000000,1.000000
probe_part_paired2_011,478.881000,-0.475000,-0.000000,0.624999,0.000000,0.000000,-0.000000,1.000000
probe_part_paired2_011,478.898000,-0.475000,-0.000000,0.624999,0.000000,0.000000,-0.000000,1.000000
probe_part_paired2_011,478.915000,-0.475000,-0.000000,0.624999,0.000000,0.000000,-0.000000,1.000000
probe_part_paired2_011,478.932000,-0.475000,-0.000000,0.624999,0.000000,0.000000,-0.000000,1.000000
probe_part_paired2_011,478.949000,-0.475000,-0.000000,0.624999,0.000000,0.000000,-0.000000,1.000000
probe_part_paired2_011,478.966000,-0.475000,-0.000000,0.624999,0.000000,0.000000,-0.000000,1.000000
probe_part_paired2_011,478.983000,-0.475000,-0.000000,0.624999,0.000000,0.000000,-0.000000,1.000000
probe_part_paired2_011,479.000000,-0.475000,-0.000000,0.624999,0.000000,0.000000,-0.000000,1.000000
probe_part_paired2_011,479.017000,-0.475000,-0.000000,0.624999,0.000000,0.000000,-0.000000,1.000000
probe_part_paired2_011,479.034000,-0.475000,-0.000000,0.624999,0.000000,0.000000,-0.000000,1.000000
probe_part_paired2_011,479.051000,-0.475000,-0.000000,0.624999,0.000000,0.000000,-0.000000,1.000000
probe_part_paired2_011,479.068000,-0.475000,-0.000000,0.624999,0.000000,0.000000,-0.000000,1.000000
probe_part_paired2_011,479.085000,-0.475000,-0.000000,0.624999,0.000000,0.000000,-0.000000,1.000000
probe_part_paired2_011,479.102000,-0.475000,-0.000000,0.624999,0.000000,0.000000,-0.000000,1.000000
probe_part_paired2_011,479.119000,-0.475000,-0.000000,0.624999,0.000000,0.000000,-0.000000,1.000000
probe_part_paired2_011,479.135000,-0.475000,-0.000000,0.624999,0.000000,0.000000,-0.000000,1.000000
probe_part_paired2_011,479.152000,-0.475000,-0.000000,0.624999,0.000000,0.000000,-0.000000,1.000000
probe_part_paired2_011,479.170000,-0.475000,-0.000000,0.624999,0.000000,0.000000,-0.000000,1.000000
probe_part_paired2_011,479.187000,-0.475000,-0.000000,0.624999,0.000000,0.000000,-0.000000,1.000000
probe_part_paired2_011,479.205000,-0.475000,-0.000000,0.624999,0.000000,0.000000,-0.000000,1.000000
probe_part_paired2_011,479.222000,-0.475000,-0.000000,0.624999,0.000000,0.000000,-0.000000,1.000000
probe_part_paired2_011,479.239000,-0.475000,-0.000000,0.624999,0.000000,0.000000,-0.000000,1.000000
probe_part_paired2_011,479.255000,-0.475000,-0.000000,0.624999,0.000000,0.000000,-0.000000,1.000000
probe_part_paired2_011,479.271000,-0.475000,-0.000000,0.624999,0.000000,0.000000,-0.000000,1.000000
probe_part_paired2_011,479.287000,-0.475000,-0.000000,0.624999,0.000000,0.000000,-0.000000,1.000000
probe_part_paired2_011,479.304000,-0.475000,-0.000000,0.624999,0.000000,0.000000,-0.000000,1.000000
probe_part_paired2_011,479.321000,-0.475000,-0.000000,0.624999,0.000000,0.000000,-0.000000,1.000000
probe_part_paired2_011,479.338000,-0.475000,-0.000000,0.624999,0.000000,0.000000,-0.000000,1.000000
probe_part_paired2_011,479.354000,-0.475000,-0.000000,0.624999,0.000000,0.000000,-0.000000,1.000000
probe_part_paired2_011,479.371000,-0.475000,-0.000000,0.624999,0.000000,0.000000,-0.000000,1.000000
probe_part_paired2_011,479.388000,-0.475000,-0.000000,0.624999,0.000000,0.000000,-0.000000,1.000000
probe_part_paired2_011,479.405000,-0.475000,-0.000000,0.624999,0.000000,0.000000,-0.000000,1.000000
probe_part_paired2_011,479.422000,-0.475000,-0.000000,0.624999,0.000000,0.000000,-0.000000,1.000000
probe_part_paired2_011,479.438000,-0.475000,-0.000000,0.624999,0.000000,0.000000,-0.000000,1.000000
probe_part_paired2_011,479.451000,-0.475000,-0.000000,0.624999,0.000000,0.000000,-0.000000,1.000000
probe_part_paired2_011,479.464000,-0.475000,-0.000000,0.624999,0.000000,0.000000,-0.000000,1.000000
probe_part_paired2_011,479.480000,-0.475000,-0.000000,0.624999,0.000000,0.000000,-0.000000,1.000000
probe_part_paired2_011,479.494000,-0.475000,-0.000000,0.624999,0.000000,0.000000,-0.000000,1.000000
probe_part_paired2_011,479.511000,-0.475000,-0.000000,0.624999,0.000000,0.000000,-0.000000,1.000000
probe_part_paired2_011,479.528000,-0.475000,-0.000000,0.624999,0.000000,0.000000,-0.000000,1.000000
probe_part_paired2_011,479.545000,-0.475000,-0.000000,0.624999,0.000000,0.000000,-0.000000,1.000000
probe_part_paired2_011,479.559000,-0.475000,-0.000000,0.624999,0.000000,0.000000,-0.000000,1.000000
probe_part_paired2_011,479.571000,-0.475000,-0.000000,0.624999,0.000000,0.000000,-0.000000,1.000000
probe_part_paired2_011,479.588000,-0.475000,-0.000000,0.624999,0.000000,0.000000,-0.000000,1.000000
probe_part_paired2_011,479.604000,-0.475000,-0.000000,0.624999,0.000000,0.000000,-0.000000,1.000000
probe_part_paired2_011,479.620000,-0.475000,-0.000000,0.624999,0.000000,0.000000,-0.000000,1.000000
probe_part_paired2_011,479.636000,-0.475000,-0.000000,0.624999,0.000000,0.000000,-0.000000,1.000000
probe_part_paired2_011,479.652000,-0.475000,-0.000000,0.624999,0.000000,0.000000,-0.000000,1.000000
probe_part_paired2_011,479.669000,-0.475000,-0.000000,0.624999,0.000000,0.000000,-0.000000,1.000000
probe_part_paired2_011,479.685000,-0.475000,-0.000000,0.624999,0.000000,0.000000,-0.000000,1.000000
probe_part_paired2_011,479.702000,-0.475000,-0.000000,0.624999,0.000000,0.000000,-0.000000,1.000000
probe_part_paired2_011,479.720000,-0.475000,-0.000000,0.624999,0.000000,0.000000,-0.000000,1.000000
probe_part_paired2_011,479.737000,-0.475000,-0.000000,0.624999,0.000000,0.000000,-0.000000,1.000000
probe_part_paired2_011,479.753000,-0.475000,-0.000000,0.624999,0.000000,0.000000,-0.000000,1.000000
probe_part_paired2_011,479.768000,-0.475000,-0.000000,0.624999,0.000000,0.000000,-0.000000,1.000000
probe_part_paired2_011,479.786000,-0.475000,-0.000000,0.624999,0.000000,0.000000,-0.000000,1.000000
probe_part_paired2_011,479.803000,-0.475000,-0.000000,0.624999,0.000000,0.000000,-0.000000,1.000000
probe_part_paired2_011,479.819000,-0.475000,-0.000000,0.624999,0.000000,0.000000,-0.000000,1.000000
probe_part_paired2_011,479.827000,-0.475000,-0.000000,0.624999,0.000000,0.000000,-0.000000,1.000000
probe_part_paired2_011,479.844000,-0.475000,-0.000000,0.624999,0.000000,0.000000,-0.000000,1.000000
probe_part_paired2_011,479.861000,-0.475000,-0.000000,0.624999,0.000000,0.000000,-0.000000,1.000000
probe_part_paired2_011,479.878000,-0.475000,-0.000000,0.624999,0.000000,0.000000,-0.000000,1.000000
probe_part_paired2_011,479.895000,-0.475000,-0.000000,0.624999,0.000000,0.000000,-0.000000,1.000000
probe_part_paired2_011,479.912000,-0.475000,-0.000000,0.624999,0.000000,0.000000,-0.000000,1.000000
probe_part_paired2_011,479.929000,-0.475000,-0.000000,0.624999,0.000000,0.000000,-0.000000,1.000000
probe_part_paired2_011,479.947000,-0.475000,-0.000000,0.624999,0.000000,0.000000,-0.000000,1.000000
probe_part_paired2_011,479.964000,-0.475000,-0.000000,0.624999,0.000000,0.000000,-0.000000,1.000000
probe_part_paired2_011,479.979000,-0.475000,-0.000000,0.624999,0.000000,0.000000,-0.000000,1.000000
probe_part_paired2_011,479.996000,-0.475000,-0.000000,0.624999,0.000000,0.000000,-0.000000,1.000000
probe_part_paired2_011,480.013000,-0.475000,-0.000000,0.624999,0.000000,0.000000,-0.000000,1.000000
probe_part_paired2_011,480.030000,-0.475000,-0.000000,0.624999,0.000000,0.000000,-0.000000,1.000000
probe_part_paired2_011,480.047000,-0.475000,-0.000000,0.624999,0.000000,0.000000,-0.000000,1.000000
probe_part_paired2_011,480.064000,-0.475000,-0.000000,0.624999,0.000000,0.000000,-0.000000,1.000000
probe_part_paired2_011,480.081000,-0.475000,-0.000000,0.624999,0.000000,0.000000,-0.000000,1.000000
probe_part_paired2_011,480.098000,-0.475000,-0.000000,0.624999,0.000000,0.000000,-0.000000,1.000000
probe_part_paired2_011,480.115000,-0.475000,-0.000000,0.624999,0.000000,0.000000,-0.000000,1.000000
probe_part_paired2_011,480.132000,-0.475000,-0.000000,0.624999,0.000000,0.000000,-0.000000,1.000000
probe_part_paired2_011,480.149000,-0.475000,-0.000000,0.624999,0.000000,0.000000,-0.000000,1.000000
probe_part_paired2_011,480.166000,-0.475000,-0.000000,0.624999,0.000000,0.000000,-0.000000,1.000000
probe_part_paired2_011,480.183000,-0.475000,-0.000000,0.624999,0.000000,0.000000,-0.000000,1.000000
probe_part_paired2_011,480.200000,-0.475000,-0.000000,0.624999,0.000000,0.000000,-0.000000,1.000000
probe_part_paired2_011,480.218000,-0.475000,-0.000000,0.624999,0.000000,0.000000,-0.000000,1.000000
probe_part_paired2_011,480.234000,-0.475000,-0.000000,0.624999,0.000000,0.000000,-0.000000,1.000000
probe_part_paired2_011,480.251000,-0.475000,-0.000000,0.624999,0.000000,0.000000,-0.000000,1.000000
probe_part_paired2_011,480.268000,-0.475000,-0.000000,0.624999,0.000000,0.000000,-0.000000,1.000000
probe_part_paired2_011,480.285000,-0.475000,-0.000000,0.624999,0.000000,0.000000,-0.000000,1.000000
probe_part_paired2_011,480.302000,-0.475000,-0.000000,0.624999,0.000000,0.000000,-0.000000,1.000000
probe_part_paired2_011,480.319000,-0.475000,-0.000000,0.624999,0.000000,0.000000,-0.000000,1.000000
probe_part_paired2_011,480.336000,-0.475000,-0.000000,0.624999,0.000000,0.000000,-0.000000,1.000000
probe_part_paired2_011,480.353000,-0.475000,-0.000000,0.624999,0.000000,0.000000,-0.000000,1.000000
probe_part_paired2_011,480.369000,-0.475000,-0.000000,0.624999,0.000000,0.000000,-0.000000,1.000000
probe_part_paired2_011,480.386000,-0.475000,-0.000000,0.624999,0.000000,0.000000,-0.000000,1.000000
probe_part_paired2_011,480.402000,-0.475000,-0.000000,0.624999,0.000000,0.000000,-0.000000,1.000000
probe_part_paired2_011,480.418000,-0.475000,-0.000000,0.624999,0.000000,0.000000,-0.000000,1.000000
probe_part_paired2_011,480.435000,-0.475000,-0.000000,0.624999,0.000000,0.000000,-0.000000,1.000000
probe_part_paired2_011,480.452000,-0.475000,-0.000000,0.624999,0.000000,0.000000,-0.000000,1.000000
probe_part_paired2_011,480.469000,-0.475000,-0.000000,0.624999,0.000000,0.000000,-0.000000,1.000000
probe_part_paired2_011,480.487000,-0.475000,-0.000000,0.624999,0.000000,0.000000,-0.000000,1.000000
probe_part_paired2_011,480.504000,-0.475000,-0.000000,0.624999,0.000000,0.000000,-0.000000,1.000000
probe_part_paired2_011,480.521000,-0.475000,-0.000000,0.624999,0.000000,0.000000,-0.000000,1.000000
probe_part_paired2_011,480.539000,-0.475000,-0.000000,0.624999,0.000000,0.000000,-0.000000,1.000000
probe_part_paired2_011,480.556000,-0.475000,-0.000000,0.624999,0.000000,0.000000,-0.000000,1.000000
probe_part_paired2_011,480.573000,-0.475000,-0.000000,0.624999,0.000000,0.000000,-0.000000,1.000000
probe_part_paired2_011,480.590000,-0.475000,-0.000000,0.624999,0.000000,0.000000,-0.000000,1.000000
probe_part_paired2_011,480.607000,-0.475000,-0.000000,0.624999,0.000000,0.000000,-0.000000,1.000000
probe_part_paired2_011,480.625000,-0.475000,-0.000000,0.624999,0.000000,0.000000,-0.000000,1.000000
probe_part_paired2_011,480.642000,-0.475000,-0.000000,0.624999,0.000000,0.000000,-0.000000,1.000000
probe_part_paired2_011,480.660000,-0.475000,-0.000000,0.624999,0.000000,0.000000,-0.000000,1.000000
probe_part_paired2_011,480.678000,-0.475000,-0.000000,0.624999,0.000000,0.000000,-0.000000,1.000000
probe_part_paired2_011,480.696000,-0.475000,-0.000000,0.624999,0.000000,0.000000,-0.000000,1.000000
probe_part_paired2_011,480.713000,-0.475000,-0.000000,0.624999,0.000000,0.000000,-0.000000,1.000000
probe_part_paired2_011,480.730000,-0.475000,-0.000000,0.624999,0.000000,0.000000,-0.000000,1.000000
probe_part_paired2_011,480.747000,-0.475000,-0.000000,0.624999,0.000000,0.000000,-0.000000,1.000000
probe_part_paired2_011,480.764000,-0.475000,-0.000000,0.624999,0.000000,0.000000,-0.000000,1.000000
probe_part_paired2_011,480.781000,-0.475000,-0.000000,0.624999,0.000000,0.000000,-0.000000,1.000000
probe_part_paired2_011,480.788000,-0.475000,-0.000000,0.624999,0.000000,0.000000,-0.000000,1.000000
probe_part_paired2_011,480.802000,-0.475000,-0.000000,0.624999,0.000000,0.000000,-0.000000,1.000000
probe_part_paired2_011,480.819000,-0.475000,-0.000000,0.624999,0.000000,0.000000,-0.000000,1.000000
probe_part_paired2_011,480.836000,-0.475000,-0.000000,0.624999,0.000000,0.000000,-0.000000,1.000000
probe_part_paired2_011,480.853000,-0.475000,-0.000000,0.624999,0.000000,0.000000,-0.000000,1.000000
probe_part_paired2_011,480.870000,-0.475000,-0.000000,0.624999,0.000000,0.000000,-0.000000,1.000000
probe_part_paired2_011,480.887000,-0.475000,-0.000000,0.624999,0.000000,0.000000,-0.000000,1.000000
probe_part_paired2_011,480.904000,-0.475000,-0.000000,0.624999,0.000000,0.000000,-0.000000,1.000000
probe_part_paired2_011,480.921000,-0.475000,-0.000000,0.624999,0.000000,0.000000,-0.000000,1.000000
probe_part_paired2_011,480.938000,-0.475000,-0.000000,0.624999,0.000000,0.000000,-0.000000,1.000000
probe_part_paired2_011,480.955000,-0.475000,-0.000000,0.624999,0.000000,0.000000,-0.000000,1.000000
probe_part_paired2_011,480.972000,-0.475000,-0.000000,0.624999,0.000000,0.000000,-0.000000,1.000000
probe_part_paired2_011,480.988000,-0.475000,-0.000000,0.624999,0.000000,0.000000,-0.000000,1.000000
probe_part_paired2_011,481.004000,-0.475000,-0.000000,0.624999,0.000000,0.000000,-0.000000,1.000000
probe_part_paired2_011,481.021000,-0.475000,-0.000000,0.624999,0.000000,0.000000,-0.000000,1.000000
probe_part_paired2_011,481.038000,-0.475000,-0.000000,0.624999,0.000000,0.000000,-0.000000,1.000000
probe_part_paired2_011,481.055000,-0.475000,-0.000000,0.624999,0.000000,0.000000,-0.000000,1.000000
probe_part_paired2_011,481.073000,-0.475000,-0.000000,0.624999,0.000000,0.000000,-0.000000,1.000000
probe_part_paired2_011,481.090000,-0.475000,-0.000000,0.624999,0.000000,0.000000,-0.000000,1.000000
probe_part_paired2_011,481.107000,-0.475000,-0.000000,0.624999,0.000000,0.000000,-0.000000,1.000000
probe_part_paired2_011,481.124000,-0.475000,-0.000000,0.624999,0.000000,0.000000,-0.000000,1.000000
probe_part_paired2_011,481.140000,-0.475000,-0.000000,0.624999,0.000000,0.000000,-0.000000,1.000000
probe_part_paired2_011,481.157000,-0.475000,-0.000000,0.624999,0.000000,0.000000,-0.000000,1.000000
probe_part_paired2_011,481.175000,-0.475000,-0.000000,0.624999,0.000000,0.000000,-0.000000,1.000000
probe_part_paired2_011,481.192000,-0.475000,-0.000000,0.624999,0.000000,0.000000,-0.000000,1.000000
probe_part_paired2_011,481.209000,-0.475000,-0.000000,0.624999,0.000000,0.000000,-0.000000,1.000000
probe_part_paired2_011,481.226000,-0.475000,-0.000000,0.624999,0.000000,0.000000,-0.000000,1.000000
probe_part_paired2_011,481.243000,-0.475000,-0.000000,0.624999,0.000000,0.000000,-0.000000,1.000000
probe_part_paired2_011,481.259000,-0.475000,-0.000000,0.624999,0.000000,0.000000,-0.000000,1.000000
probe_part_paired2_011,481.273000,-0.475000,-0.000000,0.624999,0.000000,0.000000,-0.000000,1.000000
probe_part_paired2_011,481.287000,-0.475000,-0.000000,0.624999,0.000000,0.000000,-0.000000,1.000000
probe_part_paired2_011,481.304000,-0.475000,-0.000000,0.624999,0.000000,0.000000,-0.000000,1.000000
probe_part_paired2_011,481.321000,-0.475000,-0.000000,0.624999,0.000000,0.000000,-0.000000,1.000000
probe_part_paired2_011,481.338000,-0.475000,-0.000000,0.624999,0.000000,0.000000,-0.000000,1.000000
probe_part_paired2_011,481.355000,-0.475000,-0.000000,0.624999,0.000000,0.000000,-0.000000,1.000000
probe_part_paired2_011,481.372000,-0.475000,-0.000000,0.624999,0.000000,0.000000,-0.000000,1.000000
probe_part_paired2_011,481.390000,-0.475000,-0.000000,0.624999,0.000000,0.000000,-0.000000,1.000000
probe_part_paired2_011,481.408000,-0.475000,-0.000000,0.624999,0.000000,0.000000,-0.000000,1.000000
probe_part_paired2_011,481.425000,-0.475000,-0.000000,0.624999,0.000000,0.000000,-0.000000,1.000000
probe_part_paired2_011,481.442000,-0.475000,-0.000000,0.624999,0.000000,0.000000,-0.000000,1.000000
probe_part_paired2_011,481.459000,-0.475000,-0.000000,0.624999,0.000000,0.000000,-0.000000,1.000000
probe_part_paired2_011,481.476000,-0.475000,-0.000000,0.624999,0.000000,0.000000,-0.000000,1.000000
probe_part_paired2_011,481.493000,-0.475000,-0.000000,0.624999,0.000000,0.000000,-0.000000,1.000000
probe_part_paired2_011,481.510000,-0.475000,-0.000000,0.624999,0.000000,0.000000,-0.000000,1.000000
probe_part_paired2_011,481.527000,-0.475000,-0.000000,0.624999,0.000000,0.000000,-0.000000,1.000000
probe_part_paired2_011,481.544000,-0.475000,-0.000000,0.624999,0.000000,0.000000,-0.000000,1.000000
probe_part_paired2_011,481.561000,-0.475000,-0.000000,0.624999,0.000000,0.000000,-0.000000,1.000000
probe_part_paired2_011,481.578000,-0.475000,-0.000000,0.624999,0.000000,0.000000,-0.000000,1.000000
probe_part_paired2_011,481.595000,-0.475000,-0.000000,0.624999,0.000000,0.000000,-0.000000,1.000000
probe_part_paired2_011,481.612000,-0.475000,-0.000000,0.624999,0.000000,0.000000,-0.000000,1.000000
probe_part_paired2_011,481.629000,-0.475000,-0.000000,0.624999,0.000000,0.000000,-0.000000,1.000000
probe_part_paired2_011,481.646000,-0.475000,-0.000000,0.624999,0.000000,0.000000,-0.000000,1.000000
probe_part_paired2_011,481.664000,-0.475000,-0.000000,0.624999,0.000000,0.000000,-0.000000,1.000000
probe_part_paired2_011,481.682000,-0.475000,-0.000000,0.624999,0.000000,0.000000,-0.000000,1.000000
probe_part_paired2_011,481.699000,-0.475000,-0.000000,0.624999,0.000000,0.000000,-0.000000,1.000000
probe_part_paired2_011,481.716000,-0.475000,-0.000000,0.624999,0.000000,0.000000,-0.000000,1.000000
probe_part_paired2_011,481.733000,-0.475000,-0.000000,0.624999,0.000000,0.000000,-0.000000,1.000000
probe_part_paired2_011,481.750000,-0.475000,-0.000000,0.624999,0.000000,0.000000,-0.000000,1.000000
probe_part_paired2_011,481.767000,-0.475000,-0.000000,0.624999,0.000000,0.000000,-0.000000,1.000000
probe_part_paired2_011,481.784000,-0.475000,-0.000000,0.624999,0.000000,0.000000,-0.000000,1.000000
probe_part_paired2_011,481.801000,-0.475000,-0.000000,0.624999,0.000000,0.000000,-0.000000,1.000000
probe_part_paired2_011,481.818000,-0.475000,-0.000000,0.624999,0.000000,0.000000,-0.000000,1.000000
probe_part_paired2_011,481.836000,-0.475000,-0.000000,0.624999,0.000000,0.000000,-0.000000,1.000000
probe_part_paired2_011,481.853000,-0.475000,-0.000000,0.624999,0.000000,0.000000,-0.000000,1.000000
probe_part_paired2_011,481.871000,-0.475000,-0.000000,0.624999,0.000000,0.000000,-0.000000,1.000000
probe_part_paired2_011,481.887000,-0.475000,-0.000000,0.624999,0.000000,0.000000,-0.000000,1.000000
probe_part_paired2_011,481.904000,-0.475000,-0.000000,0.624999,0.000000,0.000000,-0.000000,1.000000
probe_part_paired2_011,481.919000,-0.475000,-0.000000,0.624999,0.000000,0.000000,-0.000000,1.000000
probe_part_paired2_011,481.934000,-0.475000,-0.000000,0.624999,0.000000,0.000000,-0.000000,1.000000
probe_part_paired2_011,481.950000,-0.475000,-0.000000,0.624999,0.000000,0.000000,-0.000000,1.000000
probe_part_paired2_011,481.967000,-0.475000,-0.000000,0.624999,0.000000,0.000000,-0.000000,1.000000
probe_part_paired2_011,481.982000,-0.475000,-0.000000,0.624999,0.000000,0.000000,-0.000000,1.000000
probe_part_paired2_011,481.994000,-0.475000,-0.000000,0.624999,0.000000,0.000000,-0.000000,1.000000
probe_part_paired2_011,482.009000,-0.475000,-0.000000,0.624999,0.000000,0.000000,-0.000000,1.000000
probe_part_paired2_011,482.026000,-0.475000,-0.000000,0.624999,0.000000,0.000000,-0.000000,1.000000
probe_part_paired2_011,482.043000,-0.475000,-0.000000,0.624999,0.000000,0.000000,-0.000000,1.000000
probe_part_paired2_011,482.061000,-0.475000,-0.000000,0.624999,0.000000,0.000000,-0.000000,1.000000
probe_part_paired2_011,482.078000,-0.475000,-0.000000,0.624999,0.000000,0.000000,-0.000000,1.000000
probe_part_paired2_011,482.095000,-0.475000,-0.000000,0.624999,0.000000,0.000000,-0.000000,1.000000
probe_part_paired2_011,482.112000,-0.475000,-0.000000,0.624999,0.000000,0.000000,-0.000000,1.000000
probe_part_paired2_011,482.129000,-0.475000,-0.000000,0.624999,0.000000,0.000000,-0.000000,1.000000
probe_part_paired2_011,482.146000,-0.475000,-0.000000,0.624999,0.000000,0.000000,-0.000000,1.000000
probe_part_paired2_011,482.163000,-0.475000,-0.000000,0.624999,0.000000,0.000000,-0.000000,1.000000
probe_part_paired2_011,482.178000,-0.475000,-0.000000,0.624999,0.000000,0.000000,-0.000000,1.000000
probe_part_paired2_011,482.195000,-0.475000,-0.000000,0.624999,0.000000,0.000000,-0.000000,1.000000
probe_part_paired2_011,482.212000,-0.475000,-0.000000,0.624999,0.000000,0.000000,-0.000000,1.000000
probe_part_paired2_011,482.229000,-0.475000,-0.000000,0.624999,0.000000,0.000000,-0.000000,1.000000
probe_part_paired2_011,482.246000,-0.475000,-0.000000,0.624999,0.000000,0.000000,-0.000000,1.000000
probe_part_paired2_011,482.263000,-0.475000,-0.000000,0.624999,0.000000,0.000000,-0.000000,1.000000
probe_part_paired2_011,482.280000,-0.475000,-0.000000,0.624999,0.000000,0.000000,-0.000000,1.000000
probe_part_paired2_011,482.297000,-0.475000,-0.000000,0.624999,0.000000,0.000000,-0.000000,1.000000
probe_part_paired2_011,482.314000,-0.475000,-0.000000,0.624999,0.000000,0.000000,-0.000000,1.000000
probe_part_paired2_011,482.331000,-0.475000,-0.000000,0.624999,0.000000,0.000000,-0.000000,1.000000
probe_part_paired2_011,482.349000,-0.475000,-0.000000,0.624999,0.000000,0.000000,-0.000000,1.000000
probe_part_paired2_011,482.365000,-0.475000,-0.000000,0.624999,0.000000,0.000000,-0.000000,1.000000
probe_part_paired2_011,482.380000,-0.475000,-0.000000,0.624999,0.000000,0.000000,-0.000000,1.000000
probe_part_paired2_011,482.396000,-0.475000,-0.000000,0.624999,0.000000,0.000000,-0.000000,1.000000
probe_part_paired2_011,482.413000,-0.475000,-0.000000,0.624999,0.000000,0.000000,-0.000000,1.000000
probe_part_paired2_011,482.430000,-0.475000,-0.000000,0.624999,0.000000,0.000000,-0.000000,1.000000
probe_part_paired2_011,482.446000,-0.475000,-0.000000,0.624999,0.000000,0.000000,-0.000000,1.000000
probe_part_paired2_011,482.463000,-0.475000,-0.000000,0.624999,0.000000,0.000000,-0.000000,1.000000
probe_part_paired2_011,482.480000,-0.475000,-0.000000,0.624999,0.000000,0.000000,-0.000000,1.000000
probe_part_paired2_011,482.497000,-0.475000,-0.000000,0.624999,0.000000,0.000000,-0.000000,1.000000
probe_part_paired2_011,482.514000,-0.475000,-0.000000,0.624999,0.000000,0.000000,-0.000000,1.000000
probe_part_paired2_011,482.531000,-0.475000,-0.000000,0.624999,0.000000,0.000000,-0.000000,1.000000
probe_part_paired2_011,482.548000,-0.475000,-0.000000,0.624999,0.000000,0.000000,-0.000000,1.000000
probe_part_paired2_011,482.565000,-0.475000,-0.000000,0.624999,0.000000,0.000000,-0.000000,1.000000
probe_part_paired2_011,482.582000,-0.475000,-0.000000,0.624999,0.000000,0.000000,-0.000000,1.000000
probe_part_paired2_011,482.599000,-0.475000,-0.000000,0.624999,0.000000,0.000000,-0.000000,1.000000
probe_part_paired2_011,482.616000,-0.475000,-0.000000,0.624999,0.000000,0.000000,-0.000000,1.000000
probe_part_paired2_011,482.633000,-0.475000,-0.000000,0.624999,0.000000,0.000000,-0.000000,1.000000
probe_part_paired2_011,482.650000,-0.475000,-0.000000,0.624999,0.000000,0.000000,-0.000000,1.000000
probe_part_paired2_011,482.666000,-0.475000,-0.000000,0.624999,0.000000,0.000000,-0.000000,1.000000
probe_part_paired2_011,482.683000,-0.475000,-0.000000,0.624999,0.000000,0.000000,-0.000000,1.000000
probe_part_paired2_011,482.700000,-0.475000,-0.000000,0.624999,0.000000,0.000000,-0.000000,1.000000
probe_part_paired2_011,482.716000,-0.475000,-0.000000,0.624999,0.000000,0.000000,-0.000000,1.000000
probe_part_paired2_011,482.732000,-0.475000,-0.000000,0.624999,0.000000,0.000000,-0.000000,1.000000
probe_part_paired2_011,482.749000,-0.475000,-0.000000,0.624999,0.000000,0.000000,-0.000000,1.000000
probe_part_paired2_011,482.766000,-0.475000,-0.000000,0.624999,0.000000,0.000000,-0.000000,1.000000
probe_part_paired2_011,482.783000,-0.475000,-0.000000,0.624999,0.000000,0.000000,-0.000000,1.000000
probe_part_paired2_011,482.800000,-0.475000,-0.000000,0.624999,0.000000,0.000000,-0.000000,1.000000
probe_part_paired2_011,482.817000,-0.475000,-0.000000,0.624999,0.000000,0.000000,-0.000000,1.000000
probe_part_paired2_011,482.834000,-0.475000,-0.000000,0.624999,0.000000,0.000000,-0.000000,1.000000
probe_part_paired2_011,482.851000,-0.475000,-0.000000,0.624999,0.000000,0.000000,-0.000000,1.000000
probe_part_paired2_011,482.868000,-0.475000,-0.000000,0.624999,0.000000,0.000000,-0.000000,1.000000
probe_part_paired2_011,482.885000,-0.475000,-0.000000,0.624999,0.000000,0.000000,-0.000000,1.000000
probe_part_paired2_011,482.902000,-0.475000,-0.000000,0.624999,0.000000,0.000000,-0.000000,1.000000
probe_part_paired2_011,482.919000,-0.475000,-0.000000,0.624999,0.000000,0.000000,-0.000000,1.000000
probe_part_paired2_011,482.936000,-0.475000,-0.000000,0.624999,0.000000,0.000000,-0.000000,1.000000
probe_part_paired2_011,482.952000,-0.475000,-0.000000,0.624999,0.000000,0.000000,-0.000000,1.000000
probe_part_paired2_011,482.969000,-0.475000,-0.000000,0.624999,0.000000,0.000000,-0.000000,1.000000
probe_part_paired2_011,482.987000,-0.475000,-0.000000,0.624999,0.000000,0.000000,-0.000000,1.000000
probe_part_paired2_011,483.003000,-0.475000,-0.000000,0.624999,0.000000,0.000000,-0.000000,1.000000
probe_part_paired2_011,483.019000,-0.475000,-0.000000,0.624999,0.000000,0.000000,-0.000000,1.000000
probe_part_paired2_011,483.034000,-0.475000,-0.000000,0.624999,0.000000,0.000000,-0.000000,1.000000
probe_part_paired2_011,483.051000,-0.475000,-0.000000,0.624999,0.000000,0.000000,-0.000000,1.000000
probe_part_paired2_011,483.068000,-0.475000,-0.000000,0.624999,0.000000,0.000000,-0.000000,1.000000
probe_part_paired2_011,483.081000,-0.475000,-0.000000,0.624999,0.000000,0.000000,-0.000000,1.000000
probe_part_paired2_011,483.092000,-0.475000,-0.000000,0.624999,0.000000,0.000000,-0.000000,1.000000
probe_part_paired2_011,483.104000,-0.475000,-0.000000,0.624999,0.000000,0.000000,-0.000000,1.000000
probe_part_paired2_011,483.113000,-0.475000,-0.000000,0.624999,0.000000,0.000000,-0.000000,1.000000
probe_part_paired2_011,483.129000,-0.475000,-0.000000,0.624999,0.000000,0.000000,-0.000000,1.000000
probe_part_paired2_011,483.145000,-0.475000,-0.000000,0.624999,0.000000,0.000000,-0.000000,1.000000
probe_part_paired2_011,483.162000,-0.475000,-0.000000,0.624999,0.000000,0.000000,-0.000000,1.000000
probe_part_paired2_011,483.178000,-0.475000,-0.000000,0.624999,0.000000,0.000000,-0.000000,1.000000
probe_part_paired2_011,483.195000,-0.475000,-0.000000,0.624999,0.000000,0.000000,-0.000000,1.000000
probe_part_paired2_011,483.212000,-0.475000,-0.000000,0.624999,0.000000,0.000000,-0.000000,1.000000
probe_part_paired2_011,483.229000,-0.475000,-0.000000,0.624999,0.000000,0.000000,-0.000000,1.000000
probe_part_paired2_011,483.246000,-0.475000,-0.000000,0.624999,0.000000,0.000000,-0.000000,1.000000
probe_part_paired2_011,483.259000,-0.475000,-0.000000,0.624999,0.000000,0.000000,-0.000000,1.000000
probe_part_paired2_011,483.272000,-0.475000,-0.000000,0.624999,0.000000,0.000000,-0.000000,1.000000
probe_part_paired2_011,483.283000,-0.475000,-0.000000,0.624999,0.000000,0.000000,-0.000000,1.000000
probe_part_paired2_011,483.297000,-0.475000,-0.000000,0.624999,0.000000,0.000000,-0.000000,1.000000
probe_part_paired2_011,483.311000,-0.475000,-0.000000,0.624999,0.000000,0.000000,-0.000000,1.000000
probe_part_paired2_011,483.328000,-0.475000,-0.000000,0.624999,0.000000,0.000000,-0.000000,1.000000
probe_part_paired2_011,483.345000,-0.475000,-0.000000,0.624999,0.000000,0.000000,-0.000000,1.000000
probe_part_paired2_011,483.362000,-0.475000,-0.000000,0.624999,0.000000,0.000000,-0.000000,1.000000
probe_part_paired2_011,483.379000,-0.475000,-0.000000,0.624999,0.000000,0.000000,-0.000000,1.000000
probe_part_paired2_011,483.395000,-0.475000,-0.000000,0.624999,0.000000,0.000000,-0.000000,1.000000
probe_part_paired2_011,483.412000,-0.475000,-0.000000,0.624999,0.000000,0.000000,-0.000000,1.000000
probe_part_paired2_011,483.428000,-0.475000,-0.000000,0.624999,0.000000,0.000000,-0.000000,1.000000
probe_part_paired2_011,483.445000,-0.475000,-0.000000,0.624999,0.000000,0.000000,-0.000000,1.000000
probe_part_paired2_011,483.463000,-0.475000,-0.000000,0.624999,0.000000,0.000000,-0.000000,1.000000
probe_part_paired2_011,483.480000,-0.475000,-0.000000,0.624999,0.000000,0.000000,-0.000000,1.000000
probe_part_paired2_011,483.497000,-0.475000,-0.000000,0.624999,0.000000,0.000000,-0.000000,1.000000
probe_part_paired2_011,483.513000,-0.475000,-0.000000,0.624999,0.000000,0.000000,-0.000000,1.000000
probe_part_paired2_011,483.531000,-0.475000,-0.000000,0.624999,0.000000,0.000000,-0.000000,1.000000
probe_part_paired2_011,483.548000,-0.475000,-0.000000,0.624999,0.000000,0.000000,-0.000000,1.000000
probe_part_paired2_011,483.565000,-0.475000,-0.000000,0.624999,0.000000,0.000000,-0.000000,1.000000
probe_part_paired2_011,483.582000,-0.475000,-0.000000,0.624999,0.000000,0.000000,-0.000000,1.000000
probe_part_paired2_011,483.599000,-0.475000,-0.000000,0.624999,0.000000,0.000000,-0.000000,1.000000
probe_part_paired2_011,483.616000,-0.475000,-0.000000,0.624999,0.000000,0.000000,-0.000000,1.000000
probe_part_paired2_011,483.632000,-0.475000,-0.000000,0.624999,0.000000,0.000000,-0.000000,1.000000
probe_part_paired2_011,483.649000,-0.475000,-0.000000,0.624999,0.000000,0.000000,-0.000000,1.000000
probe_part_paired2_011,483.666000,-0.475000,-0.000000,0.624999,0.000000,0.000000,-0.000000,1.000000
probe_part_paired2_011,483.683000,-0.475000,-0.000000,0.624999,0.000000,0.000000,-0.000000,1.000000
probe_part_paired2_011,483.700000,-0.475000,-0.000000,0.624999,0.000000,0.000000,-0.000000,1.000000
probe_part_paired2_011,483.717000,-0.475000,-0.000000,0.624999,0.000000,0.000000,-0.000000,1.000000
probe_part_paired2_011,483.734000,-0.475000,-0.000000,0.624999,0.000000,0.000000,-0.000000,1.000000
probe_part_paired2_011,483.751000,-0.475000,-0.000000,0.624999,0.000000,0.000000,-0.000000,1.000000
probe_part_paired2_011,483.769000,-0.475000,-0.000000,0.624999,0.000000,0.000000,-0.000000,1.000000
probe_part_paired2_011,483.786000,-0.475000,-0.000000,0.624999,0.000000,0.000000,-0.000000,1.000000
probe_part_paired2_011,483.803000,-0.475000,-0.000000,0.624999,0.000000,0.000000,-0.000000,1.000000
probe_part_paired2_011,483.821000,-0.475000,-0.000000,0.624999,0.000000,0.000000,-0.000000,1.000000
probe_part_paired2_011,483.839000,-0.475000,-0.000000,0.624999,0.000000,0.000000,-0.000000,1.000000
probe_part_paired2_011,483.856000,-0.475000,-0.000000,0.624999,0.000000,0.000000,-0.000000,1.000000
probe_part_paired2_011,483.874000,-0.475000,-0.000000,0.624999,0.000000,0.000000,-0.000000,1.000000
probe_part_paired2_011,483.891000,-0.475000,-0.000000,0.624999,0.000000,0.000000,-0.000000,1.000000
probe_part_paired2_011,483.909000,-0.475000,-0.000000,0.624999,0.000000,0.000000,-0.000000,1.000000
probe_part_paired2_011,483.926000,-0.475000,-0.000000,0.624999,0.000000,0.000000,-0.000000,1.000000
probe_part_paired2_011,483.943000,-0.475000,-0.000000,0.624999,0.000000,0.000000,-0.000000,1.000000
probe_part_paired2_011,483.960000,-0.475000,-0.000000,0.624999,0.000000,0.000000,-0.000000,1.000000
probe_part_paired2_011,483.977000,-0.475000,-0.000000,0.624999,0.000000,0.000000,-0.000000,1.000000
probe_part_paired2_011,483.993000,-0.475000,-0.000000,0.624999,0.000000,0.000000,-0.000000,1.000000
probe_part_paired2_011,484.009000,-0.475000,-0.000000,0.624999,0.000000,0.000000,-0.000000,1.000000
probe_part_paired2_011,484.026000,-0.475000,-0.000000,0.624999,0.000000,0.000000,-0.000000,1.000000
probe_part_paired2_011,484.043000,-0.475000,-0.000000,0.624999,0.000000,0.000000,-0.000000,1.000000
probe_part_paired2_011,484.060000,-0.475000,-0.000000,0.624999,0.000000,0.000000,-0.000000,1.000000
probe_part_paired2_011,484.078000,-0.475000,-0.000000,0.624999,0.000000,0.000000,-0.000000,1.000000
probe_part_paired2_011,484.094000,-0.475000,-0.000000,0.624999,0.000000,0.000000,-0.000000,1.000000
probe_part_paired2_011,484.110000,-0.475000,-0.000000,0.624999,0.000000,0.000000,-0.000000,1.000000
probe_part_paired2_011,484.127000,-0.475000,-0.000000,0.624999,0.000000,0.000000,-0.000000,1.000000
probe_part_paired2_011,484.144000,-0.475000,-0.000000,0.624999,0.000000,0.000000,-0.000000,1.000000
probe_part_paired2_011,484.161000,-0.475000,-0.000000,0.624999,0.000000,0.000000,-0.000000,1.000000
probe_part_paired2_011,484.178000,-0.475000,-0.000000,0.624999,0.000000,0.000000,-0.000000,1.000000
probe_part_paired2_011,484.195000,-0.475000,-0.000000,0.624999,0.000000,0.000000,-0.000000,1.000000
probe_part_paired2_011,484.212000,-0.475000,-0.000000,0.624999,0.000000,0.000000,-0.000000,1.000000
probe_part_paired2_011,484.229000,-0.475000,-0.000000,0.624999,0.000000,0.000000,-0.000000,1.000000
probe_part_paired2_011,484.246000,-0.475000,-0.000000,0.624999,0.000000,0.000000,-0.000000,1.000000
probe_part_paired2_011,484.263000,-0.475000,-0.000000,0.624999,0.000000,0.000000,-0.000000,1.000000
probe_part_paired2_011,484.280000,-0.475000,-0.000000,0.624999,0.000000,0.000000,-0.000000,1.000000
probe_part_paired2_011,484.293000,-0.475000,-0.000000,0.624999,0.000000,0.000000,-0.000000,1.000000
probe_part_paired2_011,484.301000,-0.475000,-0.000000,0.624999,0.000000,0.000000,-0.000000,1.000000
probe_part_paired2_011,484.315000,-0.475000,-0.000000,0.624999,0.000000,0.000000,-0.000000,1.000000
probe_part_paired2_011,484.331000,-0.475000,-0.000000,0.624999,0.000000,0.000000,-0.000000,1.000000
probe_part_paired2_011,484.348000,-0.475000,-0.000000,0.624999,0.000000,0.000000,-0.000000,1.000000
probe_part_paired2_011,484.366000,-0.475000,-0.000000,0.624999,0.000000,0.000000,-0.000000,1.000000
probe_part_paired2_011,484.383000,-0.475000,-0.000000,0.624999,0.000000,0.000000,-0.000000,1.000000
probe_part_paired2_011,484.400000,-0.475000,-0.000000,0.624999,0.000000,0.000000,-0.000000,1.000000
probe_part_paired2_011,484.417000,-0.475000,-0.000000,0.624999,0.000000,0.000000,-0.000000,1.000000
probe_part_paired2_011,484.434000,-0.475000,-0.000000,0.624999,0.000000,0.000000,-0.000000,1.000000
probe_part_paired2_011,484.450000,-0.475000,-0.000000,0.624999,0.000000,0.000000,-0.000000,1.000000
probe_part_paired2_011,484.467000,-0.475000,-0.000000,0.624999,0.000000,0.000000,-0.000000,1.000000
probe_part_paired2_011,484.484000,-0.475000,-0.000000,0.624999,0.000000,0.000000,-0.000000,1.000000
probe_part_paired2_011,484.501000,-0.475000,-0.000000,0.624999,0.000000,0.000000,-0.000000,1.000000
probe_part_paired2_011,484.519000,-0.475000,-0.000000,0.624999,0.000000,0.000000,-0.000000,1.000000
probe_part_paired2_011,484.536000,-0.475000,-0.000000,0.624999,0.000000,0.000000,-0.000000,1.000000
probe_part_paired2_011,484.553000,-0.475000,-0.000000,0.624999,0.000000,0.000000,-0.000000,1.000000
probe_part_paired2_011,484.570000,-0.475000,-0.000000,0.624999,0.000000,0.000000,-0.000000,1.000000
probe_part_paired2_011,484.587000,-0.475000,-0.000000,0.624999,0.000000,0.000000,-0.000000,1.000000
probe_part_paired2_011,484.603000,-0.475000,-0.000000,0.624999,0.000000,0.000000,-0.000000,1.000000
probe_part_paired2_011,484.620000,-0.475000,-0.000000,0.624999,0.000000,0.000000,-0.000000,1.000000
probe_part_paired2_011,484.638000,-0.475000,-0.000000,0.624999,0.000000,0.000000,-0.000000,1.000000
probe_part_paired2_011,484.655000,-0.475000,-0.000000,0.624999,0.000000,0.000000,-0.000000,1.000000
probe_part_paired2_011,484.671000,-0.475000,0.000082,0.625001,-0.000015,0.000000,-0.000000,1.000000
probe_part_paired2_011,484.683000,-0.475054,0.000238,0.624981,0.000285,-0.000653,-0.000000,1.000000
probe_part_paired2_011,484.693000,-0.475112,0.000197,0.624995,0.000492,-0.000584,-0.000001,1.000000
probe_part_paired2_011,484.705000,-0.475138,0.000239,0.624996,0.000446,-0.000522,-0.000009,1.000000
probe_part_paired2_011,484.717000,-0.475155,0.000263,0.624997,0.000423,-0.000465,-0.000014,1.000000
probe_part_paired2_011,484.729000,-0.475168,0.000274,0.625000,0.000416,-0.000415,-0.000018,1.000000
probe_part_paired2_011,484.741000,-0.475179,0.000290,0.624999,0.000333,-0.000338,0.000001,1.000000
probe_part_paired2_011,484.753000,-0.475190,0.000300,0.625000,0.000326,-0.000302,-0.000004,1.000000
probe_part_paired2_011,484.765000,-0.475196,0.000301,0.625003,0.000332,-0.000279,-0.000009,1.000000
probe_part_paired2_011,484.777000,-0.475199,0.000295,0.625006,0.000347,-0.000268,-0.000014,1.000000
probe_part_paired2_011,484.789000,-0.475200,0.000286,0.625009,0.000366,-0.000261,-0.000017,1.000000
probe_part_paired2_011,484.801000,-0.475198,0.000284,0.625005,0.000368,-0.000160,0.000048,1.000000
probe_part_paired2_011,484.813000,-0.475205,0.000290,0.625006,0.000363,-0.000144,0.000041,1.000000
probe_part_paired2_011,484.825000,-0.475208,0.000289,0.625008,0.000368,-0.000131,0.000035,1.000000
probe_part_paired2_011,484.837000,-0.475209,0.000284,0.625010,0.000379,-0.000124,0.000030,1.000000
probe_part_paired2_011,484.849000,-0.475213,0.000292,0.625007,0.000281,-0.000077,0.000047,1.000000
probe_part_paired2_011,484.862000,-0.475217,0.000294,0.625008,0.000282,-0.000069,0.000039,1.000000
probe_part_paired2_011,484.874000,-0.475218,0.000289,0.625009,0.000294,-0.000064,0.000033,1.000000
probe_part_paired2_011,484.886000,-0.475216,0.000279,0.625010,0.000311,-0.000060,0.000028,1.000000
probe_part_paired2_011,484.898000,-0.475214,0.000269,0.625012,0.000329,-0.000061,0.000025,1.000000
probe_part_paired2_011,484.910000,-0.475211,0.000259,0.625013,0.000343,-0.000062,0.000023,1.000000
probe_part_paired2_011,484.922000,-0.475209,0.000251,0.625015,0.000356,-0.000063,0.000021,1.000000
probe_part_paired2_011,484.934000,-0.475207,0.000244,0.625016,0.000366,-0.000064,0.000019,1.000000
probe_part_paired2_011,484.946000,-0.475203,0.000245,0.625009,0.000326,0.000029,0.000106,1.000000
probe_part_paired2_011,484.956000,-0.475209,0.000254,0.625009,0.000318,0.000028,0.000100,1.000000
probe_part_paired2_011,484.968000,-0.475211,0.000256,0.625010,0.000318,0.000023,0.000092,1.000000
probe_part_paired2_011,484.980000,-0.475212,0.000252,0.625011,0.000326,0.000021,0.000086,1.000000
probe_part_paired2_011,484.992000,-0.475211,0.000246,0.625012,0.000338,0.000019,0.000081,1.000000
probe_part_paired2_011,485.004000,-0.475209,0.000239,0.625013,0.000348,0.000017,0.000077,1.000000
probe_part_paired2_011,485.015000,-0.475209,0.000239,0.625010,0.000234,0.000053,0.000069,1.000000
probe_part_paired2_011,485.026000,-0.475218,0.000233,0.625007,0.000158,0.000044,-0.000002,1.000000
probe_part_paired2_011,485.037000,-0.475219,0.000227,0.625008,0.000176,0.000043,-0.000004,1.000000
probe_part_paired2_011,485.047000,-0.475221,0.000228,0.625003,0.000069,0.000034,-0.000077,1.000000
probe_part_paired2_011,485.057000,-0.475223,0.000217,0.625004,0.000098,0.000035,-0.000077,1.000000
probe_part_paired2_011,485.067000,-0.475221,0.000212,0.625005,0.000107,0.000032,-0.000076,1.000000
probe_part_paired2_011,485.077000,-0.475218,0.000207,0.625005,0.000115,0.000028,-0.000075,1.000000
probe_part_paired2_011,485.087000,-0.475216,0.000202,0.625005,0.000122,0.000024,-0.000075,1.000000
probe_part_paired2_011,485.096000,-0.475220,0.000203,0.624997,-0.000049,0.000032,-0.000138,1.000000
probe_part_paired2_011,485.106000,-0.475225,0.000189,0.625000,-0.000004,0.000036,-0.000138,1.000000
probe_part_paired2_011,485.116000,-0.475228,0.000181,0.624998,-0.000005,0.000017,-0.000178,1.000000
probe_part_paired2_011,485.126000,-0.475228,0.000179,0.624999,0.000007,0.000016,-0.000174,1.000000
probe_part_paired2_011,485.132000,-0.475228,0.000176,0.624998,-0.000004,0.000016,-0.000184,1.000000
probe_part_paired2_011,485.142000,-0.475230,0.000173,0.624999,0.000010,0.000017,-0.000181,1.000000
probe_part_paired2_011,485.152000,-0.475229,0.000170,0.625000,0.000020,0.000015,-0.000178,1.000000
probe_part_paired2_011,485.162000,-0.475227,0.000167,0.625000,0.000029,0.000014,-0.000177,1.000000
probe_part_paired2_011,485.172000,-0.475224,0.000163,0.625000,0.000037,0.000012,-0.000176,1.000000
probe_part_paired2_011,485.182000,-0.475222,0.000170,0.624995,-0.000145,0.000039,-0.000219,1.000000
probe_part_paired2_011,485.192000,-0.475225,0.000156,0.624996,-0.000105,0.000038,-0.000218,1.000000
probe_part_paired2_011,485.202000,-0.475229,0.000149,0.624996,-0.000104,0.000040,-0.000285,1.000000
probe_part_paired2_011,485.213000,-0.475233,0.000148,0.624996,-0.000088,0.000040,-0.000280,1.000000
probe_part_paired2_011,485.223000,-0.475238,0.000145,0.624994,-0.000093,0.000036,-0.000368,1.000000
probe_part_paired2_011,485.233000,-0.475248,0.000149,0.624994,-0.000076,0.000038,-0.000388,1.000000
probe_part_paired2_011,485.244000,-0.475255,0.000155,0.624995,-0.000067,0.000042,-0.000382,1.000000
probe_part_paired2_011,485.254000,-0.475258,0.000159,0.624994,-0.000066,0.000037,-0.000399,1.000000
probe_part_paired2_011,485.264000,-0.475262,0.000162,0.624995,-0.000059,0.000037,-0.000394,1.000000
probe_part_paired2_011,485.275000,-0.475262,0.000158,0.624996,-0.000047,0.000035,-0.000390,1.000000
probe_part_paired2_011,485.285000,-0.475260,0.000153,0.624996,-0.000034,0.000032,-0.000387,1.000000
probe_part_paired2_011,485.295000,-0.475255,0.000149,0.624996,-0.000036,0.000044,-0.000394,1.000000
probe_part_paired2_011,485.305000,-0.475259,0.000156,0.624995,-0.000038,0.000039,-0.000410,1.000000
probe_part_paired2_011,485.316000,-0.475265,0.000162,0.624996,-0.000033,0.000041,-0.000405,1.000000
probe_part_paired2_011,485.326000,-0.475269,0.000169,0.624995,-0.000036,0.000057,-0.000411,1.000000
probe_part_paired2_011,485.336000,-0.475274,0.000176,0.624994,-0.000028,0.000049,-0.000421,1.000000
probe_part_paired2_011,485.347000,-0.475278,0.000181,0.624995,-0.000025,0.000051,-0.000416,1.000000
probe_part_paired2_011,485.357000,-0.475283,0.000188,0.624995,-0.000024,0.000062,-0.000421,1.000000
probe_part_paired2_011,485.367000,-0.475285,0.000190,0.624996,-0.000019,0.000061,-0.000417,1.000000
probe_part_paired2_011,485.377000,-0.475285,0.000185,0.624996,-0.000005,0.000057,-0.000412,1.000000
probe_part_paired2_011,485.386000,-0.475283,0.000180,0.624997,0.000007,0.000053,-0.000409,1.000000
probe_part_paired2_011,485.396000,-0.475279,0.000173,0.624998,0.000019,0.000048,-0.000406,1.000000
probe_part_paired2_011,485.406000,-0.475276,0.000167,0.624999,0.000030,0.000043,-0.000403,1.000000
probe_part_paired2_011,485.416000,-0.475272,0.000162,0.624999,0.000039,0.000038,-0.000401,1.000000
probe_part_paired2_011,485.426000,-0.475268,0.000157,0.625000,0.000047,0.000034,-0.000398,1.000000
probe_part_paired2_011,485.436000,-0.475265,0.000153,0.625000,0.000055,0.000030,-0.000395,1.000000
probe_part_paired2_011,485.446000,-0.475257,0.000107,0.624999,0.000046,0.000012,0.002362,0.999997
probe_part_paired2_011,485.456000,-0.475259,0.000104,0.624995,-0.000077,0.000027,0.002319,0.999997
probe_part_paired2_011,485.466000,-0.475262,0.000090,0.624997,-0.000039,0.000021,0.002318,0.999997
probe_part_paired2_011,485.477000,-0.475259,0.000081,0.624998,-0.000021,0.000020,0.002316,0.999997
probe_part_paired2_011,485.487000,-0.475256,0.000075,0.624998,-0.000012,0.000019,0.002315,0.999997
probe_part_paired2_011,485.497000,-0.475252,0.000070,0.624999,-0.000005,0.000019,0.002314,0.999997
probe_part_paired2_011,485.507000,-0.475249,0.000065,0.624999,0.000001,0.000018,0.002313,0.999997
probe_part_paired2_011,485.518000,-0.475244,0.000061,0.624999,0.000007,0.000017,0.002312,0.999997
probe_part_paired2_011,485.528000,-0.475240,0.000061,0.624998,-0.000022,0.000016,0.002283,0.999997
probe_part_paired2_011,485.534000,-0.475243,0.000056,0.624999,-0.000004,0.000016,0.002282,0.999997
probe_part_paired2_011,485.543000,-0.475243,0.000052,0.624999,0.000008,0.000016,0.002281,0.999997
probe_part_paired2_011,485.553000,-0.475244,0.000048,0.624999,-0.000001,0.000015,0.002252,0.999997
probe_part_paired2_011,485.562000,-0.475246,0.000044,0.624999,-0.000003,0.000015,0.002219,0.999998
probe_part_paired2_011,485.570000,-0.475247,0.000040,0.624999,0.000012,0.000015,0.002219,0.999998
probe_part_paired2_011,485.578000,-0.475246,0.000038,0.625000,0.000018,0.000015,0.002218,0.999998
probe_part_paired2_011,485.588000,-0.475249,0.000043,0.624996,-0.000078,0.000011,0.002186,0.999998
probe_part_paired2_011,485.598000,-0.475249,0.000039,0.624996,-0.000063,0.000011,0.002185,0.999998
probe_part_paired2_011,485.608000,-0.475246,0.000039,0.624996,-0.000092,0.000022,0.002142,0.999998
probe_part_paired2_011,485.618000,-0.475249,0.000032,0.624996,-0.000065,0.000007,0.002140,0.999998
probe_part_paired2_011,485.628000,-0.475248,0.000030,0.624997,-0.000055,0.000008,0.002139,0.999998
probe_part_paired2_011,485.638000,-0.475245,0.000028,0.624997,-0.000048,0.000008,0.002139,0.999998
probe_part_paired2_011,485.648000,-0.475245,0.000028,0.624996,-0.000069,0.000006,0.002094,0.999998
probe_part_paired2_011,485.657000,-0.475246,0.000025,0.624997,-0.000054,0.000005,0.002093,0.999998
probe_part_paired2_011,485.667000,-0.475245,0.000026,0.624997,-0.000051,0.000005,0.002092,0.999998
probe_part_paired2_011,485.677000,-0.475246,0.000024,0.624996,-0.000066,0.000005,0.002045,0.999998
probe_part_paired2_011,485.687000,-0.475246,0.000023,0.624997,-0.000056,0.000006,0.002045,0.999998
probe_part_paired2_011,485.697000,-0.475245,0.000026,0.624997,-0.000053,0.000006,0.002044,0.999998
probe_part_paired2_011,485.707000,-0.475246,0.000026,0.624996,-0.000076,0.000002,0.001984,0.999998
probe_part_paired2_011,485.717000,-0.475246,0.000024,0.624996,-0.000063,0.000003,0.001983,0.999998
probe_part_paired2_011,485.727000,-0.475246,0.000026,0.624996,-0.000089,0.000011,0.001937,0.999998
probe_part_paired2_011,485.737000,-0.475248,0.000022,0.624996,-0.000067,0.000006,0.001936,0.999998
probe_part_paired2_011,485.747000,-0.475247,0.000024,0.624997,-0.000062,0.000006,0.001935,0.999998
probe_part_paired2_011,485.757000,-0.475247,0.000027,0.624997,-0.000061,0.000007,0.001935,0.999998
probe_part_paired2_011,485.767000,-0.475247,0.000026,0.624996,-0.000084,0.000004,0.001875,0.999998
probe_part_paired2_011,485.777000,-0.475249,0.000024,0.624995,-0.000090,0.000007,0.001844,0.999998
probe_part_paired2_011,485.788000,-0.475251,0.000021,0.624996,-0.000068,0.000008,0.001843,0.999998
probe_part_paired2_011,485.798000,-0.475252,0.000021,0.624996,-0.000089,0.000008,0.001796,0.999998
probe_part_paired2_011,485.808000,-0.475256,0.000017,0.624995,-0.000094,0.000002,0.001740,0.999998
probe_part_paired2_011,485.818000,-0.475257,0.000014,0.624996,-0.000077,0.000003,0.001739,0.999998
probe_part_paired2_011,485.828000,-0.475257,0.000013,0.624995,-0.000097,0.000010,0.001692,0.999999
probe_part_paired2_011,485.838000,-0.475263,0.000011,0.624993,-0.000137,0.000008,0.001566,0.999999
probe_part_paired2_011,485.848000,-0.475271,0.000001,0.624995,-0.000090,0.000009,0.001565,0.999999
probe_part_paired2_011,485.858000,-0.475272,0.000001,0.624995,-0.000101,0.000016,0.001527,0.999999
probe_part_paired2_011,485.868000,-0.475279,-0.000005,0.624995,-0.000088,0.000004,0.001479,0.999999
probe_part_paired2_011,485.878000,-0.475280,-0.000009,0.624996,-0.000068,0.000005,0.001478,0.999999
probe_part_paired2_011,485.888000,-0.475283,-0.000011,0.624995,-0.000094,-0.000000,0.001392,0.999999
probe_part_paired2_011,485.898000,-0.475287,-0.000017,0.624996,-0.000066,0.000001,0.001391,0.999999
probe_part_paired2_011,485.908000,-0.475286,-0.000019,0.624997,-0.000054,0.000002,0.001391,0.999999
probe_part_paired2_011,485.918000,-0.475286,-0.000019,0.624996,-0.000070,0.000003,0.001349,0.999999
probe_part_paired2_011,485.928000,-0.475287,-0.000023,0.624997,-0.000052,0.000004,0.001348,0.999999
probe_part_paired2_011,485.938000,-0.475286,-0.000024,0.624997,-0.000044,0.000005,0.001347,0.999999
probe_part_paired2_011,485.948000,-0.475284,-0.000024,0.624997,-0.000040,0.000005,0.001347,0.999999
probe_part_paired2_011,485.958000,-0.475282,-0.000023,0.624998,-0.000037,0.000005,0.001346,0.999999
probe_part_paired2_011,485.968000,-0.475280,-0.000018,0.624998,-0.000037,0.000006,0.001346,0.999999
probe_part_paired2_011,485.978000,-0.475280,-0.000017,0.624997,-0.000064,0.000003,0.001288,0.999999
probe_part_paired2_011,485.988000,-0.475282,-0.000019,0.624996,-0.000071,0.000005,0.001256,0.999999
probe_part_paired2_011,485.997000,-0.475285,-0.000022,0.624997,-0.000050,0.000006,0.001256,0.999999
probe_part_paired2_011,486.006000,-0.475284,-0.000023,0.624998,-0.000041,0.000007,0.001255,0.999999
probe_part_paired2_011,486.016000,-0.475283,-0.000021,0.624998,-0.000038,0.000007,0.001254,0.999999
probe_part_paired2_011,486.026000,-0.475282,-0.000018,0.624996,-0.000070,0.000008,0.001197,0.999999
probe_part_paired2_011,486.036000,-0.475284,-0.000021,0.624997,-0.000051,0.000005,0.001196,0.999999
probe_part_paired2_011,486.046000,-0.475287,-0.000022,0.624997,-0.000060,0.000004,0.001155,0.999999
probe_part_paired2_011,486.056000,-0.475287,-0.000023,0.624997,-0.000048,0.000005,0.001154,0.999999
probe_part_paired2_011,486.066000,-0.475286,-0.000023,0.624997,-0.000045,0.000005,0.001154,0.999999
probe_part_paired2_011,486.076000,-0.475284,-0.000017,0.624998,-0.000044,0.000006,0.001153,0.999999
probe_part_paired2_011,486.087000,-0.475283,-0.000013,0.624998,-0.000044,0.000007,0.001153,0.999999
probe_part_paired2_011,486.097000,-0.475287,-0.000006,0.624997,0.000008,0.000026,0.001124,0.999999
probe_part_paired2_011,486.107000,-0.475288,-0.000007,0.624998,0.000020,0.000025,0.001123,0.999999
probe_part_paired2_011,486.117000,-0.475287,-0.000006,0.624998,0.000025,0.000024,0.001122,0.999999
probe_part_paired2_011,486.126000,-0.475288,-0.000003,0.624997,-0.000020,0.000035,0.001057,0.999999
probe_part_paired2_011,486.136000,-0.475293,-0.000004,0.624996,-0.000039,0.000037,0.000981,1.000000
probe_part_paired2_011,486.146000,-0.475302,-0.000013,0.624998,0.000006,0.000036,0.000980,1.000000
probe_part_paired2_011,486.156000,-0.475303,-0.000015,0.624999,0.000020,0.000034,0.000980,1.000000
probe_part_paired2_011,486.166000,-0.475302,-0.000015,0.625000,0.000028,0.000032,0.000979,1.000000
probe_part_paired2_011,486.176000,-0.475304,-0.000016,0.624999,0.000018,0.000031,0.000951,1.000000
probe_part_paired2_011,486.186000,-0.475302,-0.000014,0.624998,-0.000006,0.000034,0.000923,1.000000
probe_part_paired2_011,486.196000,-0.475308,-0.000020,0.624999,0.000007,0.000027,0.000912,1.000000
probe_part_paired2_011,486.205000,-0.475311,-0.000023,0.624999,0.000005,0.000025,0.000901,1.000000
probe_part_paired2_011,486.214000,-0.475315,-0.000027,0.625000,0.000029,0.000025,0.000901,1.000000
probe_part_paired2_011,486.224000,-0.475315,-0.000028,0.625000,0.000040,0.000024,0.000900,1.000000
probe_part_paired2_011,486.233000,-0.475314,-0.000028,0.625001,0.000044,0.000023,0.000900,1.000000
probe_part_paired2_011,486.243000,-0.475316,-0.000020,0.624997,-0.000060,0.000027,0.000867,1.000000
probe_part_paired2_011,486.253000,-0.475320,-0.000024,0.624996,-0.000057,0.000013,0.000819,1.000000
probe_part_paired2_011,486.263000,-0.475321,-0.000028,0.624997,-0.000041,0.000013,0.000818,1.000000
probe_part_paired2_011,486.273000,-0.475321,-0.000029,0.624997,-0.000049,0.000012,0.000780,1.000000
probe_part_paired2_011,486.283000,-0.475321,-0.000029,0.624997,-0.000065,0.000023,0.000743,1.000000
probe_part_paired2_011,486.293000,-0.475329,-0.000034,0.624996,-0.000064,0.000007,0.000656,1.000000
probe_part_paired2_011,486.303000,-0.475332,-0.000039,0.624996,-0.000058,0.000018,0.000627,1.000000
probe_part_paired2_011,486.313000,-0.475337,-0.000045,0.624997,-0.000041,0.000021,0.000601,1.000000
probe_part_paired2_011,486.323000,-0.475339,-0.000049,0.624997,-0.000036,0.000029,0.000572,1.000000
probe_part_paired2_011,486.334000,-0.475343,-0.000055,0.624998,-0.000005,0.000025,0.000571,1.000000
probe_part_paired2_011,486.344000,-0.475344,-0.000058,0.624998,-0.000006,0.000025,0.000542,1.000000
probe_part_paired2_011,486.355000,-0.475345,-0.000061,0.624999,0.000010,0.000024,0.000541,1.000000
probe_part_paired2_011,486.365000,-0.475343,-0.000062,0.624999,0.000017,0.000023,0.000540,1.000000
probe_part_paired2_011,486.375000,-0.475341,-0.000061,0.624998,-0.000018,0.000037,0.000488,1.000000
probe_part_paired2_011,486.385000,-0.475351,-0.000068,0.624999,0.000010,0.000032,0.000448,1.000000
probe_part_paired2_011,486.395000,-0.475353,-0.000072,0.625000,0.000031,0.000030,0.000447,1.000000
probe_part_paired2_011,486.405000,-0.475352,-0.000073,0.625000,0.000039,0.000029,0.000446,1.000000
probe_part_paired2_011,486.416000,-0.475350,-0.000073,0.625001,0.000045,0.000027,0.000446,1.000000
probe_part_paired2_011,486.427000,-0.475348,-0.000073,0.625001,0.000048,0.000026,0.000445,1.000000
probe_part_paired2_011,486.438000,-0.475346,-0.000073,0.625001,0.000051,0.000025,0.000445,1.000000
probe_part_paired2_011,486.448000,-0.475344,-0.000072,0.625001,0.000053,0.000024,0.000444,1.000000
probe_part_paired2_011,486.459000,-0.475341,-0.000070,0.625002,0.000056,0.000022,0.000443,1.000000
probe_part_paired2_011,486.470000,-0.475342,-0.000066,0.625006,0.000059,0.000022,0.000443,1.000000
probe_part_paired2_011,486.480000,-0.475343,-0.000061,0.625010,0.000059,0.000022,0.000443,1.000000
probe_part_paired2_011,486.491000,-0.475344,-0.000054,0.625020,0.000060,0.000022,0.000442,1.000000
probe_part_paired2_011,486.501000,-0.475345,-0.000048,0.625031,0.000061,0.000022,0.000442,1.000000
probe_part_paired2_011,486.512000,-0.475347,-0.000042,0.625049,0.000062,0.000022,0.000441,1.000000
probe_part_paired2_011,486.523000,-0.475349,-0.000035,0.625072,0.000063,0.000022,0.000441,1.000000
probe_part_paired2_011,486.533000,-0.475352,-0.000028,0.625100,0.000064,0.000021,0.000440,1.000000
probe_part_paired2_011,486.543000,-0.475355,-0.000021,0.625133,0.000065,0.000021,0.000440,1.000000
probe_part_paired2_011,486.553000,-0.475359,-0.000013,0.625172,0.000066,0.000021,0.000439,1.000000
probe_part_paired2_011,486.564000,-0.475364,-0.000004,0.625223,0.000066,0.000020,0.000439,1.000000
probe_part_paired2_011,486.574000,-0.475370,0.000004,0.625277,0.000067,0.000020,0.000439,1.000000
probe_part_paired2_011,486.585000,-0.475376,0.000015,0.625345,0.000068,0.000020,0.000438,1.000000
probe_part_paired2_011,486.596000,-0.475384,0.000025,0.625422,0.000068,0.000020,0.000438,1.000000
probe_part_paired2_011,486.606000,-0.475391,0.000036,0.625499,0.000069,0.000020,0.000437,1.000000
probe_part_paired2_011,486.617000,-0.475400,0.000048,0.625594,0.000069,0.000020,0.000437,1.000000
probe_part_paired2_011,486.628000,-0.475410,0.000073,0.625687,0.000085,0.000009,0.000420,1.000000
probe_part_paired2_011,486.638000,-0.475420,0.000101,0.625782,0.000091,-0.000002,0.000403,1.000000
probe_part_paired2_011,486.648000,-0.475431,0.000096,0.625886,0.000124,-0.000002,0.000402,1.000000
probe_part_paired2_011,486.659000,-0.475444,0.000104,0.626017,0.000137,-0.000002,0.000401,1.000000
probe_part_paired2_011,486.669000,-0.475456,0.000116,0.626145,0.000140,-0.000003,0.000401,1.000000
probe_part_paired2_011,486.679000,-0.475469,0.000143,0.626271,0.000165,-0.000036,0.000374,1.000000
probe_part_paired2_011,486.690000,-0.475484,0.000151,0.626428,0.000178,-0.000036,0.000373,1.000000
probe_part_paired2_011,486.700000,-0.475499,0.000179,0.626571,0.000210,-0.000069,0.000343,1.000000
probe_part_paired2_011,486.710000,-0.475514,0.000189,0.626728,0.000220,-0.000068,0.000341,1.000000
probe_part_paired2_011,486.720000,-0.475530,0.000203,0.626898,0.000224,-0.000068,0.000340,1.000000
probe_part_paired2_011,486.730000,-0.475547,0.000230,0.627067,0.000254,-0.000095,0.000313,1.000000
probe_part_paired2_011,486.740000,-0.475565,0.000244,0.627250,0.000260,-0.000095,0.000309,1.000000
probe_part_paired2_011,486.751000,-0.475585,0.000261,0.627465,0.000266,-0.000095,0.000308,1.000000
probe_part_paired2_011,486.761000,-0.475605,0.000303,0.627652,0.000301,-0.000118,0.000270,1.000000
probe_part_paired2_011,486.771000,-0.475626,0.000316,0.627849,0.000347,-0.000124,0.000252,1.000000
probe_part_paired2_011,486.781000,-0.475646,0.000329,0.628066,0.000359,-0.000124,0.000248,1.000000
probe_part_paired2_011,486.792000,-0.475670,0.000346,0.628319,0.000367,-0.000124,0.000246,1.000000
probe_part_paired2_011,486.802000,-0.475693,0.000377,0.628547,0.000381,-0.000130,0.000225,1.000000
probe_part_paired2_011,486.812000,-0.475715,0.000393,0.628794,0.000389,-0.000130,0.000222,1.000000
probe_part_paired2_011,486.821000,-0.475737,0.000408,0.629026,0.000395,-0.000130,0.000221,1.000000
probe_part_paired2_011,486.831000,-0.475761,0.000426,0.629292,0.000402,-0.000130,0.000221,1.000000
probe_part_paired2_011,486.842000,-0.475788,0.000446,0.629595,0.000409,-0.000131,0.000220,1.000000
probe_part_paired2_011,486.853000,-0.475816,0.000468,0.629909,0.000415,-0.000131,0.000219,1.000000
probe_part_paired2_011,486.864000,-0.475845,0.000490,0.630232,0.000421,-0.000132,0.000219,1.000000
probe_part_paired2_011,486.874000,-0.475872,0.000530,0.630530,0.000425,-0.000141,0.000198,1.000000
probe_part_paired2_011,486.885000,-0.475903,0.000566,0.630852,0.000441,-0.000147,0.000177,1.000000
probe_part_paired2_011,486.896000,-0.475934,0.000587,0.631201,0.000454,-0.000148,0.000172,1.000000
probe_part_paired2_011,486.906000,-0.475963,0.000608,0.631529,0.000461,-0.000148,0.000171,1.000000
probe_part_paired2_011,486.917000,-0.475995,0.000632,0.631903,0.000469,-0.000148,0.000170,1.000000
probe_part_paired2_011,486.928000,-0.476028,0.000657,0.632287,0.000476,-0.000149,0.000169,1.000000
probe_part_paired2_011,486.939000,-0.476062,0.000699,0.632672,0.000484,-0.000154,0.000151,1.000000
probe_part_paired2_011,486.950000,-0.476097,0.000738,0.633062,0.000496,-0.000160,0.000130,1.000000
probe_part_paired2_011,486.961000,-0.476132,0.000760,0.633471,0.000514,-0.000161,0.000125,1.000000
probe_part_paired2_011,486.972000,-0.476168,0.000800,0.633888,0.000523,-0.000167,0.000106,1.000000
probe_part_paired2_011,486.983000,-0.476203,0.000823,0.634316,0.000538,-0.000168,0.000101,1.000000
probe_part_paired2_011,486.994000,-0.476240,0.000849,0.634761,0.000547,-0.000169,0.000098,1.000000
probe_part_paired2_011,487.005000,-0.476277,0.000876,0.635218,0.000556,-0.000169,0.000097,1.000000
probe_part_paired2_011,487.016000,-0.476315,0.000903,0.635686,0.000563,-0.000170,0.000097,1.000000
probe_part_paired2_011,487.027000,-0.476353,0.000932,0.636165,0.000570,-0.000170,0.000096,1.000000
probe_part_paired2_011,487.038000,-0.476391,0.000961,0.636654,0.000576,-0.000171,0.000095,1.000000
probe_part_paired2_011,487.048000,-0.476426,0.000988,0.637108,0.000581,-0.000171,0.000095,1.000000
probe_part_paired2_011,487.059000,-0.476465,0.001019,0.637617,0.000586,-0.000172,0.000094,1.000000
probe_part_paired2_011,487.070000,-0.476505,0.001050,0.638137,0.000590,-0.000172,0.000093,1.000000
probe_part_paired2_011,487.080000,-0.476541,0.001079,0.638618,0.000594,-0.000173,0.000093,1.000000
probe_part_paired2_011,487.091000,-0.476581,0.001113,0.639157,0.000594,-0.000174,0.000092,1.000000
probe_part_paired2_011,487.102000,-0.476622,0.001161,0.639693,0.000603,-0.000180,0.000071,1.000000
probe_part_paired2_011,487.112000,-0.476659,0.001190,0.640198,0.000607,-0.000181,0.000067,1.000000
probe_part_paired2_011,487.122000,-0.476696,0.001222,0.640714,0.000606,-0.000182,0.000063,1.000000
probe_part_paired2_011,487.132000,-0.476734,0.001254,0.641239,0.000603,-0.000183,0.000059,1.000000
probe_part_paired2_011,487.141000,-0.476767,0.001283,0.641718,0.000601,-0.000184,0.000056,1.000000
probe_part_paired2_011,487.151000,-0.476805,0.001314,0.642259,0.000598,-0.000185,0.000052,1.000000
probe_part_paired2_011,487.161000,-0.476843,0.001362,0.642802,0.000594,-0.000192,0.000031,1.000000
probe_part_paired2_011,487.171000,-0.476881,0.001386,0.643354,0.000609,-0.000193,0.000026,1.000000
probe_part_paired2_011,487.181000,-0.476919,0.001416,0.643921,0.000610,-0.000194,0.000021,1.000000
probe_part_paired2_011,487.191000,-0.476957,0.001446,0.644497,0.000610,-0.000196,0.000017,1.000000
probe_part_paired2_011,487.201000,-0.476994,0.001476,0.645081,0.000610,-0.000197,0.000013,1.000000
probe_part_paired2_011,487.212000,-0.477037,0.001518,0.645722,0.000623,-0.000204,-0.000010,1.000000
probe_part_paired2_011,487.223000,-0.477078,0.001550,0.646385,0.000626,-0.000206,-0.000015,1.000000
probe_part_paired2_011,487.234000,-0.477120,0.001581,0.647059,0.000627,-0.000207,-0.000020,1.000000
probe_part_paired2_011,487.245000,-0.477161,0.001613,0.647745,0.000628,-0.000209,-0.000024,1.000000
probe_part_paired2_011,487.256000,-0.477203,0.001671,0.648422,0.000627,-0.000224,-0.000064,1.000000
probe_part_paired2_011,487.267000,-0.477244,0.001697,0.649118,0.000641,-0.000226,-0.000059,1.000000
probe_part_paired2_011,487.277000,-0.477253,0.001722,0.649751,0.000650,-0.000798,-0.000057,0.999999
probe_part_paired2_011,487.288000,-0.477249,0.001752,0.650453,0.000653,-0.001686,-0.000058,0.999998
probe_part_paired2_011,487.298000,-0.477286,0.001779,0.651124,0.000655,-0.001687,-0.000059,0.999998
probe_part_paired2_011,487.308000,-0.477322,0.001821,0.651794,0.000656,-0.001709,-0.000076,0.999998
probe_part_paired2_011,487.319000,-0.477362,0.001860,0.652543,0.000636,-0.001720,-0.000071,0.999998
probe_part_paired2_011,487.330000,-0.477401,0.001893,0.653308,0.000629,-0.001722,-0.000066,0.999998
probe_part_paired2_011,487.341000,-0.477438,0.001920,0.654084,0.000633,-0.001760,-0.000063,0.999998
probe_part_paired2_011,487.352000,-0.477476,0.001946,0.654874,0.000640,-0.001773,-0.000063,0.999998
probe_part_paired2_011,487.363000,-0.477514,0.001973,0.655676,0.000646,-0.001774,-0.000063,0.999998
probe_part_paired2_011,487.374000,-0.477551,0.001998,0.656488,0.000651,-0.001775,-0.000064,0.999998
probe_part_paired2_011,487.385000,-0.477587,0.002024,0.657311,0.000655,-0.001776,-0.000064,0.999998
probe_part_paired2_011,487.396000,-0.477623,0.002049,0.658144,0.000659,-0.001777,-0.000064,0.999998
probe_part_paired2_011,487.407000,-0.477658,0.002074,0.658989,0.000662,-0.001778,-0.000064,0.999998
probe_part_paired2_011,487.415000,-0.477684,0.002109,0.659595,0.000655,-0.001788,-0.000080,0.999998
probe_part_paired2_011,487.425000,-0.477714,0.002138,0.660372,0.000642,-0.001790,-0.000075,0.999998
probe_part_paired2_011,487.433000,-0.477738,0.002158,0.660997,0.000638,-0.001804,-0.000072,0.999998
probe_part_paired2_011,487.443000,-0.477767,0.002180,0.661783,0.000638,-0.001818,-0.000067,0.999998
probe_part_paired2_011,487.450000,-0.477787,0.002193,0.662349,0.000644,-0.001820,-0.000067,0.999998
probe_part_paired2_011,487.454000,-0.477798,0.002200,0.662675,0.000647,-0.001821,-0.000067,0.999998
probe_part_paired2_011,487.461000,-0.477818,0.002213,0.663249,0.000651,-0.001821,-0.000067,0.999998
probe_part_paired2_011,487.470000,-0.477843,0.002229,0.663993,0.000656,-0.001822,-0.000067,0.999998
probe_part_paired2_011,487.480000,-0.477870,0.002258,0.664817,0.000664,-0.001845,-0.000086,0.999998
probe_part_paired2_011,487.490000,-0.477895,0.002284,0.665654,0.000647,-0.001847,-0.000082,0.999998
probe_part_paired2_011,487.499000,-0.477918,0.002313,0.666398,0.000647,-0.001857,-0.000088,0.999998
probe_part_paired2_011,487.509000,-0.477941,0.002342,0.667247,0.000622,-0.001858,-0.000083,0.999998
probe_part_paired2_011,487.519000,-0.477964,0.002365,0.668111,0.000609,-0.001860,-0.000079,0.999998
probe_part_paired2_011,487.529000,-0.477986,0.002383,0.668986,0.000605,-0.001863,-0.000074,0.999998
probe_part_paired2_011,487.540000,-0.478009,0.002399,0.669961,0.000607,-0.001864,-0.000070,0.999998
probe_part_paired2_011,487.552000,-0.478032,0.002409,0.671038,0.000623,-0.001865,-0.000066,0.999998
probe_part_paired2_011,487.564000,-0.478054,0.002415,0.672131,0.000647,-0.001867,-0.000064,0.999998
probe_part_paired2_011,487.576000,-0.478074,0.002420,0.673238,0.000668,-0.001868,-0.000065,0.999998
probe_part_paired2_011,487.588000,-0.478092,0.002426,0.674357,0.000685,-0.001870,-0.000065,0.999998
probe_part_paired2_011,487.600000,-0.478109,0.002432,0.675490,0.000700,-0.001871,-0.000065,0.999998
probe_part_paired2_011,487.612000,-0.478123,0.002437,0.676636,0.000713,-0.001873,-0.000066,0.999998
probe_part_paired2_011,487.623000,-0.478133,0.002447,0.677684,0.000759,-0.001869,-0.000047,0.999998
probe_part_paired2_011,487.634000,-0.478143,0.002453,0.678750,0.000764,-0.001870,-0.000052,0.999998
probe_part_paired2_011,487.644000,-0.478102,0.002463,0.679686,0.000778,-0.002853,-0.000073,0.999996
probe_part_paired2_011,487.655000,-0.477877,0.002465,0.680631,0.000786,-0.007451,-0.000077,0.999972
probe_part_paired2_011,487.665000,-0.477745,0.002468,0.681539,0.000787,-0.010144,-0.000080,0.999948
probe_part_paired2_011,487.674000,-0.477747,0.002471,0.682427,0.000787,-0.010145,-0.000080,0.999948
probe_part_paired2_011,487.685000,-0.477748,0.002472,0.683513,0.000787,-0.010147,-0.000081,0.999948
probe_part_paired2_011,487.696000,-0.477747,0.002472,0.684597,0.000786,-0.010148,-0.000081,0.999948
probe_part_paired2_011,487.707000,-0.477744,0.002470,0.685678,0.000786,-0.010150,-0.000081,0.999948
probe_part_paired2_011,487.718000,-0.477739,0.002467,0.686755,0.000786,-0.010151,-0.000082,0.999948
probe_part_paired2_011,487.728000,-0.477733,0.002464,0.687729,0.000786,-0.010152,-0.000082,0.999948
probe_part_paired2_011,487.739000,-0.477725,0.002458,0.688796,0.000785,-0.010154,-0.000083,0.999948
probe_part_paired2_011,487.749000,-0.477716,0.002463,0.689749,0.000787,-0.010173,-0.000101,0.999948
probe_part_paired2_011,487.760000,-0.477694,0.002460,0.690789,0.000777,-0.010377,-0.000098,0.999946
probe_part_paired2_011,487.771000,-0.477592,0.002446,0.691782,0.000788,-0.012120,-0.000100,0.999926
probe_part_paired2_011,487.782000,-0.477493,0.002434,0.692772,0.000791,-0.013776,-0.000102,0.999905
probe_part_paired2_011,487.789000,-0.477482,0.002426,0.693428,0.000792,-0.013777,-0.000102,0.999905
probe_part_paired2_011,487.799000,-0.477467,0.002432,0.694344,0.000777,-0.013787,-0.000117,0.999905
probe_part_paired2_011,487.810000,-0.477445,0.002423,0.695351,0.000766,-0.013840,-0.000114,0.999904
probe_part_paired2_011,487.821000,-0.477396,0.002403,0.696340,0.000780,-0.014395,-0.000115,0.999896
probe_part_paired2_011,487.832000,-0.477362,0.002392,0.697321,0.000789,-0.014650,-0.000134,0.999892
probe_part_paired2_011,487.843000,-0.477339,0.002388,0.698301,0.000760,-0.014652,-0.000129,0.999892
probe_part_paired2_011,487.854000,-0.477314,0.002377,0.699273,0.000744,-0.014654,-0.000124,0.999892
probe_part_paired2_011,487.864000,-0.477290,0.002353,0.700152,0.000760,-0.014655,-0.000124,0.999892
probe_part_paired2_011,487.874000,-0.477265,0.002332,0.701025,0.000768,-0.014657,-0.000123,0.999892
probe_part_paired2_011,487.885000,-0.477237,0.002309,0.701976,0.000775,-0.014659,-0.000122,0.999892
probe_part_paired2_011,487.895000,-0.477210,0.002287,0.702831,0.000781,-0.014660,-0.000121,0.999892
probe_part_paired2_011,487.906000,-0.477180,0.002262,0.703763,0.000786,-0.014661,-0.000120,0.999892
probe_part_paired2_011,487.917000,-0.477148,0.002237,0.704683,0.000791,-0.014663,-0.000120,0.999892
probe_part_paired2_011,487.927000,-0.477118,0.002214,0.705512,0.000795,-0.014664,-0.000119,0.999892
probe_part_paired2_011,487.937000,-0.477089,0.002208,0.706316,0.000780,-0.014675,-0.000135,0.999892
probe_part_paired2_011,487.947000,-0.477057,0.002194,0.707121,0.000758,-0.014689,-0.000130,0.999892
probe_part_paired2_011,487.958000,-0.477018,0.002167,0.707996,0.000764,-0.014765,-0.000128,0.999891
probe_part_paired2_011,487.969000,-0.476982,0.002136,0.708868,0.000774,-0.014768,-0.000127,0.999891
probe_part_paired2_011,487.979000,-0.476949,0.002109,0.709651,0.000780,-0.014769,-0.000126,0.999891
probe_part_paired2_011,487.990000,-0.476912,0.002094,0.710488,0.000772,-0.014781,-0.000144,0.999890
probe_part_paired2_011,488.001000,-0.476874,0.002075,0.711314,0.000771,-0.014815,-0.000152,0.999890
probe_part_paired2_011,488.011000,-0.476839,0.002065,0.712059,0.000733,-0.014817,-0.000147,0.999890
probe_part_paired2_011,488.021000,-0.476803,0.002050,0.712799,0.000710,-0.014819,-0.000142,0.999890
probe_part_paired2_011,488.032000,-0.476763,0.002010,0.713608,0.000735,-0.014830,-0.000142,0.999890
probe_part_paired2_011,488.043000,-0.476722,0.001976,0.714410,0.000748,-0.014831,-0.000140,0.999890
probe_part_paired2_011,488.053000,-0.476685,0.001944,0.715131,0.000759,-0.014833,-0.000139,0.999890
probe_part_paired2_011,488.064000,-0.476644,0.001911,0.715903,0.000792,-0.014856,-0.000154,0.999889
probe_part_paired2_011,488.075000,-0.476602,0.001898,0.716654,0.000770,-0.014878,-0.000162,0.999889
probe_part_paired2_011,488.086000,-0.476560,0.001883,0.717404,0.000736,-0.014880,-0.000156,0.999889
probe_part_paired2_011,488.097000,-0.476518,0.001858,0.718147,0.000722,-0.014882,-0.000152,0.999889
probe_part_paired2_011,488.108000,-0.476475,0.001819,0.718885,0.000743,-0.014883,-0.000150,0.999889
probe_part_paired2_011,488.118000,-0.476436,0.001786,0.719549,0.000754,-0.014885,-0.000149,0.999889
probe_part_paired2_011,488.129000,-0.476393,0.001751,0.720270,0.000759,-0.014886,-0.000145,0.999889
probe_part_paired2_011,488.142000,-0.476340,0.001712,0.721106,0.000761,-0.014912,-0.000140,0.999889
probe_part_paired2_011,488.154000,-0.476293,0.001677,0.721865,0.000761,-0.014913,-0.000135,0.999889
probe_part_paired2_011,488.166000,-0.476245,0.001641,0.722611,0.000761,-0.014913,-0.000131,0.999888
probe_part_paired2_011,488.175000,-0.476191,0.001598,0.723141,0.000855,-0.015241,-0.000105,0.999883
probe_part_paired2_011,488.185000,-0.476141,0.001558,0.723726,0.000895,-0.015469,-0.000130,0.999880
probe_part_paired2_011,488.189000,-0.476124,0.001544,0.723965,0.000902,-0.015493,-0.000130,0.999880
probe_part_paired2_011,488.196000,-0.476096,0.001521,0.724380,0.000910,-0.015494,-0.000130,0.999880
probe_part_paired2_011,488.206000,-0.476056,0.001489,0.724967,0.000917,-0.015495,-0.000130,0.999880
probe_part_paired2_011,488.217000,-0.476012,0.001455,0.725603,0.000924,-0.015496,-0.000131,0.999880
probe_part_paired2_011,488.227000,-0.475973,0.001424,0.726172,0.000929,-0.015496,-0.000131,0.999879
probe_part_paired2_011,488.238000,-0.475929,0.001391,0.726786,0.000935,-0.015497,-0.000131,0.999879
probe_part_paired2_011,488.249000,-0.475885,0.001358,0.727390,0.000939,-0.015520,-0.000132,0.999879
probe_part_paired2_011,488.259000,-0.475845,0.001328,0.727929,0.000941,-0.015529,-0.000131,0.999879
probe_part_paired2_011,488.270000,-0.475802,0.001296,0.728512,0.000944,-0.015530,-0.000130,0.999879
probe_part_paired2_011,488.281000,-0.475760,0.001264,0.729083,0.000947,-0.015531,-0.000130,0.999879
probe_part_paired2_011,488.292000,-0.475717,0.001232,0.729645,0.000949,-0.015532,-0.000130,0.999879
probe_part_paired2_011,488.303000,-0.475675,0.001200,0.730195,0.000952,-0.015533,-0.000129,0.999879
probe_part_paired2_011,488.314000,-0.475633,0.001169,0.730735,0.000954,-0.015534,-0.000129,0.999879
probe_part_paired2_011,488.324000,-0.475596,0.001141,0.731216,0.000956,-0.015535,-0.000129,0.999879
probe_part_paired2_011,488.334000,-0.475558,0.001113,0.731689,0.000957,-0.015536,-0.000129,0.999879
probe_part_paired2_011,488.344000,-0.475521,0.001085,0.732153,0.000958,-0.015536,-0.000128,0.999879
probe_part_paired2_011,488.354000,-0.475480,0.001063,0.732596,0.000970,-0.015653,-0.000149,0.999877
probe_part_paired2_011,488.365000,-0.475440,0.001050,0.733077,0.000932,-0.015655,-0.000143,0.999877
probe_part_paired2_011,488.376000,-0.475398,0.001030,0.733548,0.000912,-0.015711,-0.000139,0.999876
probe_part_paired2_011,488.387000,-0.475239,0.000994,0.733948,0.000931,-0.018071,-0.000141,0.999836
probe_part_paired2_011,488.397000,-0.475064,0.000966,0.734290,0.000938,-0.020798,-0.000144,0.999783
probe_part_paired2_011,488.408000,-0.475027,0.000936,0.734738,0.000943,-0.020799,-0.000144,0.999783
probe_part_paired2_011,488.419000,-0.474990,0.000907,0.735177,0.000947,-0.020799,-0.000145,0.999783
probe_part_paired2_011,488.430000,-0.474953,0.000879,0.735605,0.000950,-0.020800,-0.000145,0.999783
probe_part_paired2_011,488.441000,-0.474917,0.000851,0.736022,0.000953,-0.020800,-0.000145,0.999783
probe_part_paired2_011,488.452000,-0.474872,0.000824,0.736423,0.000956,-0.020990,-0.000145,0.999779
probe_part_paired2_011,488.462000,-0.474840,0.000801,0.736783,0.000959,-0.020991,-0.000146,0.999779
probe_part_paired2_011,488.474000,-0.474803,0.000774,0.737203,0.000959,-0.020991,-0.000148,0.999779
probe_part_paired2_011,488.486000,-0.474767,0.000750,0.737609,0.000954,-0.020991,-0.000148,0.999779
probe_part_paired2_011,488.498000,-0.474732,0.000731,0.738002,0.000938,-0.020992,-0.000148,0.999779
probe_part_paired2_011,488.510000,-0.474697,0.000711,0.738381,0.000923,-0.020992,-0.000147,0.999779
probe_part_paired2_011,488.524000,-0.474658,0.000688,0.738808,0.000909,-0.020993,-0.000147,0.999779
probe_part_paired2_011,488.538000,-0.474620,0.000666,0.739217,0.000896,-0.020993,-0.000147,0.999779
probe_part_paired2_011,488.552000,-0.474584,0.000643,0.739609,0.000885,-0.020994,-0.000146,0.999779
probe_part_paired2_011,488.566000,-0.474549,0.000621,0.739984,0.000875,-0.020994,-0.000146,0.999779
probe_part_paired2_011,488.580000,-0.474515,0.000600,0.740342,0.000867,-0.020995,-0.000146,0.999779
probe_part_paired2_011,488.594000,-0.474483,0.000579,0.740682,0.000860,-0.020995,-0.000145,0.999779
probe_part_paired2_011,488.608000,-0.474452,0.000559,0.741006,0.000854,-0.020996,-0.000145,0.999779
probe_part_paired2_011,488.622000,-0.474423,0.000539,0.741313,0.000849,-0.020996,-0.000145,0.999779
probe_part_paired2_011,488.636000,-0.474395,0.000520,0.741603,0.000844,-0.020996,-0.000145,0.999779
probe_part_paired2_011,488.650000,-0.474369,0.000502,0.741875,0.000841,-0.020997,-0.000144,0.999779
probe_part_paired2_011,488.664000,-0.474344,0.000485,0.742130,0.000838,-0.020997,-0.000144,0.999779
probe_part_paired2_011,488.678000,-0.474321,0.000469,0.742368,0.000835,-0.020997,-0.000144,0.999779
probe_part_paired2_011,488.692000,-0.474299,0.000455,0.742588,0.000832,-0.020997,-0.000144,0.999779
probe_part_paired2_011,488.706000,-0.474279,0.000444,0.742791,0.000823,-0.020998,-0.000143,0.999779
probe_part_paired2_011,488.720000,-0.474261,0.000434,0.742976,0.000815,-0.020998,-0.000143,0.999779
probe_part_paired2_011,488.734000,-0.474244,0.000424,0.743144,0.000808,-0.020998,-0.000143,0.999779
probe_part_paired2_011,488.749000,-0.474228,0.000415,0.743305,0.000802,-0.020998,-0.000143,0.999779
probe_part_paired2_011,488.764000,-0.474214,0.000407,0.743446,0.000797,-0.020998,-0.000142,0.999779
probe_part_paired2_011,488.779000,-0.474202,0.000399,0.743567,0.000793,-0.020998,-0.000142,0.999779
probe_part_paired2_011,488.793000,-0.474193,0.000394,0.743663,0.000790,-0.020999,-0.000142,0.999779
probe_part_paired2_011,488.808000,-0.474184,0.000389,0.743746,0.000787,-0.020999,-0.000141,0.999779
probe_part_paired2_011,488.822000,-0.474178,0.000385,0.743808,0.000784,-0.020999,-0.000141,0.999779
probe_part_paired2_011,488.837000,-0.474173,0.000382,0.743861,0.000782,-0.020999,-0.000141,0.999779
probe_part_paired2_011,488.852000,-0.474168,0.000379,0.743903,0.000781,-0.020999,-0.000141,0.999779
probe_part_paired2_011,488.866000,-0.474165,0.000376,0.743934,0.000784,-0.020999,-0.000141,0.999779
probe_part_paired2_011,488.879000,-0.474163,0.000372,0.743958,0.000788,-0.020999,-0.000141,0.999779
probe_part_paired2_011,488.893000,-0.474161,0.000369,0.743979,0.000793,-0.020999,-0.000140,0.999779
probe_part_paired2_011,488.907000,-0.474159,0.000367,0.743996,0.000796,-0.020999,-0.000140,0.999779
probe_part_paired2_011,488.921000,-0.474158,0.000365,0.744009,0.000798,-0.020999,-0.000140,0.999779
probe_part_paired2_011,488.935000,-0.474157,0.000363,0.744014,0.000801,-0.020999,-0.000140,0.999779
probe_part_paired2_011,488.949000,-0.474156,0.000366,0.744009,0.000803,-0.020999,-0.000140,0.999779
probe_part_paired2_011,488.963000,-0.474150,0.000373,0.744006,0.000805,-0.020999,-0.000140,0.999779
probe_part_paired2_011,488.977000,-0.474137,0.000389,0.744003,0.000808,-0.020999,-0.000139,0.999779
probe_part_paired2_011,488.992000,-0.474116,0.000417,0.744001,0.000809,-0.020999,-0.000139,0.999779
probe_part_paired2_011,489.006000,-0.474086,0.000456,0.743999,0.000811,-0.020999,-0.000139,0.999779
probe_part_paired2_011,489.020000,-0.474046,0.000508,0.743997,0.000813,-0.020999,-0.000139,0.999779
probe_part_paired2_011,489.034000,-0.473995,0.000573,0.743995,0.000815,-0.020999,-0.000139,0.999779
probe_part_paired2_011,489.049000,-0.473928,0.000661,0.743994,0.000817,-0.020999,-0.000139,0.999779
probe_part_paired2_011,489.062000,-0.473859,0.000750,0.743992,0.000818,-0.020999,-0.000138,0.999779
probe_part_paired2_011,489.073000,-0.473791,0.000839,0.743991,0.000819,-0.020999,-0.000138,0.999779
probe_part_paired2_011,489.085000,-0.473709,0.000946,0.743990,0.000820,-0.020999,-0.000138,0.999779
probe_part_paired2_011,489.099000,-0.473601,0.001086,0.743988,0.000820,-0.020999,-0.000138,0.999779
probe_part_paired2_011,489.112000,-0.473490,0.001230,0.743986,0.000822,-0.020999,-0.000138,0.999779
probe_part_paired2_011,489.126000,-0.473356,0.001404,0.743984,0.000823,-0.020999,-0.000137,0.999779
probe_part_paired2_011,489.138000,-0.473232,0.001566,0.743982,0.000824,-0.020999,-0.000137,0.999779
probe_part_paired2_011,489.152000,-0.473073,0.001772,0.743980,0.000825,-0.020999,-0.000137,0.999779
probe_part_paired2_011,489.165000,-0.472912,0.001981,0.743977,0.000826,-0.020999,-0.000137,0.999779
probe_part_paired2_011,489.179000,-0.472726,0.002222,0.743975,0.000827,-0.020999,-0.000137,0.999779
probe_part_paired2_011,489.193000,-0.472526,0.002481,0.743972,0.000828,-0.020999,-0.000136,0.999779
probe_part_paired2_011,489.207000,-0.472312,0.002758,0.743969,0.000828,-0.020999,-0.000136,0.999779
probe_part_paired2_011,489.221000,-0.472084,0.003053,0.743965,0.000829,-0.020999,-0.000136,0.999779
probe_part_paired2_011,489.236000,-0.471824,0.003389,0.743962,0.000830,-0.020999,-0.000136,0.999779
probe_part_paired2_011,489.250000,-0.471566,0.003721,0.743958,0.000831,-0.020999,-0.000136,0.999779
probe_part_paired2_011,489.263000,-0.471314,0.004046,0.743954,0.000831,-0.020999,-0.000135,0.999779
probe_part_paired2_011,489.276000,-0.471051,0.004383,0.743950,0.000832,-0.020999,-0.000135,0.999779
probe_part_paired2_011,489.289000,-0.470775,0.004738,0.743946,0.000833,-0.020999,-0.000135,0.999779
probe_part_paired2_011,489.303000,-0.470462,0.005138,0.743942,0.000833,-0.020999,-0.000135,0.999779
probe_part_paired2_011,489.317000,-0.470135,0.005557,0.743937,0.000834,-0.020999,-0.000134,0.999779
probe_part_paired2_011,489.331000,-0.469793,0.005993,0.743932,0.000834,-0.020999,-0.000134,0.999779
probe_part_paired2_011,489.345000,-0.469437,0.006447,0.743927,0.000835,-0.020999,-0.000134,0.999779
probe_part_paired2_011,489.360000,-0.469039,0.006953,0.743921,0.000835,-0.021000,-0.000134,0.999779
probe_part_paired2_011,489.374000,-0.468653,0.007444,0.743916,0.000835,-0.021000,-0.000133,0.999779
probe_part_paired2_011,489.388000,-0.468251,0.007952,0.743910,0.000836,-0.021000,-0.000133,0.999779
probe_part_paired2_011,489.402000,-0.467835,0.008478,0.743904,0.000837,-0.021000,-0.000133,0.999779
probe_part_paired2_011,489.416000,-0.467403,0.009021,0.743898,0.000838,-0.021000,-0.000133,0.999779
probe_part_paired2_011,489.430000,-0.466957,0.009582,0.743892,0.000839,-0.021000,-0.000132,0.999779
probe_part_paired2_011,489.445000,-0.466462,0.010202,0.743884,0.000840,-0.021000,-0.000132,0.999779
probe_part_paired2_011,489.459000,-0.465985,0.010799,0.743878,0.000840,-0.021000,-0.000132,0.999779
probe_part_paired2_011,489.472000,-0.465528,0.011369,0.743871,0.000841,-0.021000,-0.000132,0.999779
probe_part_paired2_011,489.486000,-0.465020,0.012000,0.743864,0.000842,-0.021000,-0.000131,0.999779
probe_part_paired2_011,489.500000,-0.464498,0.012647,0.743857,0.000843,-0.021001,-0.000131,0.999779
probe_part_paired2_011,489.514000,-0.463960,0.013312,0.743849,0.000844,-0.021001,-0.000131,0.999779
probe_part_paired2_011,489.528000,-0.463407,0.013994,0.743841,0.000845,-0.021001,-0.000131,0.999779
probe_part_paired2_011,489.542000,-0.462838,0.014693,0.743833,0.000846,-0.021001,-0.000130,0.999779
probe_part_paired2_011,489.557000,-0.462211,0.015461,0.743824,0.000848,-0.021001,-0.000130,0.999779
probe_part_paired2_011,489.571000,-0.461609,0.016195,0.743816,0.000849,-0.021001,-0.000130,0.999779
probe_part_paired2_011,489.585000,-0.460992,0.016946,0.743808,0.000851,-0.021001,-0.000129,0.999779
probe_part_paired2_011,489.599000,-0.460359,0.017714,0.743799,0.000853,-0.021001,-0.000129,0.999779
probe_part_paired2_011,489.613000,-0.459709,0.018498,0.743790,0.000855,-0.021002,-0.000129,0.999779
probe_part_paired2_011,489.628000,-0.458996,0.019357,0.743780,0.000857,-0.021002,-0.000129,0.999779
probe_part_paired2_011,489.642000,-0.458313,0.020175,0.743771,0.000859,-0.021002,-0.000128,0.999779
probe_part_paired2_011,489.657000,-0.457563,0.021070,0.743761,0.000861,-0.021002,-0.000128,0.999779
probe_part_paired2_011,489.672000,-0.456794,0.021985,0.743750,0.000864,-0.021002,-0.000128,0.999779
probe_part_paired2_011,489.686000,-0.456060,0.022854,0.743740,0.000866,-0.021002,-0.000127,0.999779
probe_part_paired2_011,489.700000,-0.455309,0.023740,0.743730,0.000868,-0.021003,-0.000127,0.999779
probe_part_paired2_011,489.714000,-0.454541,0.024643,0.743720,0.000871,-0.021003,-0.000127,0.999779
probe_part_paired2_011,489.727000,-0.453814,0.025494,0.743710,0.000873,-0.021003,-0.000127,0.999779
probe_part_paired2_011,489.739000,-0.453128,0.026293,0.743701,0.000876,-0.021003,-0.000126,0.999779
probe_part_paired2_011,489.753000,-0.452313,0.027239,0.743690,0.000878,-0.021003,-0.000126,0.999779
probe_part_paired2_011,489.767000,-0.451481,0.028201,0.743679,0.000881,-0.021003,-0.000126,0.999779
probe_part_paired2_011,489.781000,-0.450632,0.029179,0.743668,0.000884,-0.021004,-0.000125,0.999779
probe_part_paired2_011,489.795000,-0.449766,0.030171,0.743656,0.000888,-0.021004,-0.000125,0.999779
probe_part_paired2_011,489.809000,-0.448882,0.031180,0.743645,0.000891,-0.021004,-0.000125,0.999779
probe_part_paired2_011,489.823000,-0.447981,0.032203,0.743633,0.000894,-0.021004,-0.000124,0.999779
probe_part_paired2_011,489.837000,-0.447061,0.033242,0.743621,0.000898,-0.021005,-0.000124,0.999779
probe_part_paired2_011,489.852000,-0.446057,0.034371,0.743608,0.000901,-0.021005,-0.000124,0.999779
probe_part_paired2_011,489.866000,-0.445101,0.035440,0.743595,0.000905,-0.021005,-0.000123,0.999779
probe_part_paired2_011,489.881000,-0.444057,0.036603,0.743582,0.000908,-0.021005,-0.000123,0.999779
probe_part_paired2_011,489.896000,-0.442992,0.037782,0.743568,0.000912,-0.021005,-0.000123,0.999779
probe_part_paired2_011,489.911000,-0.441906,0.038978,0.743554,0.000916,-0.021006,-0.000122,0.999779
probe_part_paired2_011,489.926000,-0.440798,0.040190,0.743540,0.000920,-0.021006,-0.000122,0.999779
probe_part_paired2_011,489.941000,-0.439670,0.041419,0.743525,0.000924,-0.021006,-0.000121,0.999779
probe_part_paired2_011,489.955000,-0.438597,0.042581,0.743512,0.000928,-0.021007,-0.000121,0.999779
probe_part_paired2_011,489.969000,-0.437506,0.043756,0.743498,0.000932,-0.021007,-0.000121,0.999779
probe_part_paired2_011,489.982000,-0.436475,0.044860,0.743485,0.000935,-0.021007,-0.000120,0.999779
probe_part_paired2_011,489.993000,-0.435591,0.045802,0.743473,0.000938,-0.021007,-0.000120,0.999779
probe_part_paired2_011,490.007000,-0.434448,0.047015,0.743459,0.000942,-0.021008,-0.000120,0.999779
probe_part_paired2_011,490.021000,-0.433286,0.048241,0.743444,0.000946,-0.021008,-0.000119,0.999779
probe_part_paired2_011,490.035000,-0.432104,0.049480,0.743429,0.000950,-0.021008,-0.000119,0.999779
probe_part_paired2_011,490.050000,-0.430816,0.050823,0.743413,0.000954,-0.021008,-0.000118,0.999779
probe_part_paired2_011,490.064000,-0.429593,0.052089,0.743398,0.000958,-0.021009,-0.000118,0.999779
probe_part_paired2_011,490.078000,-0.428351,0.053368,0.743382,0.000962,-0.021009,-0.000118,0.999779
probe_part_paired2_011,490.092000,-0.427089,0.054660,0.743366,0.000966,-0.021009,-0.000117,0.999779
probe_part_paired2_011,490.106000,-0.425807,0.055964,0.743350,0.000969,-0.021010,-0.000117,0.999779
probe_part_paired2_011,490.120000,-0.424504,0.057281,0.743334,0.000973,-0.021010,-0.000116,0.999779
probe_part_paired2_011,490.134000,-0.423181,0.058609,0.743318,0.000977,-0.021010,-0.000116,0.999779
probe_part_paired2_011,490.148000,-0.421838,0.059950,0.743301,0.000981,-0.021011,-0.000115,0.999779
probe_part_paired2_011,490.163000,-0.420375,0.061400,0.743283,0.000986,-0.021011,-0.000115,0.999779
probe_part_paired2_011,490.175000,-0.419189,0.062568,0.743269,0.000989,-0.021011,-0.000114,0.999779
probe_part_paired2_011,490.184000,-0.418288,0.063451,0.743258,0.000992,-0.021011,-0.000114,0.999779
probe_part_paired2_011,490.196000,-0.417075,0.064635,0.743243,0.000995,-0.021012,-0.000114,0.999779
probe_part_paired2_011,490.206000,-0.416056,0.065623,0.743230,0.000997,-0.021012,-0.000113,0.999779
probe_part_paired2_011,490.219000,-0.414714,0.066918,0.743214,0.001001,-0.021012,-0.000113,0.999779
probe_part_paired2_011,490.232000,-0.413347,0.068228,0.743197,0.001004,-0.021013,-0.000113,0.999779
probe_part_paired2_011,490.246000,-0.411855,0.069650,0.743179,0.001007,-0.021013,-0.000112,0.999779
probe_part_paired2_011,490.260000,-0.410341,0.071081,0.743161,0.001011,-0.021013,-0.000112,0.999779
probe_part_paired2_011,490.274000,-0.408805,0.072523,0.743142,0.001014,-0.021014,-0.000111,0.999779
probe_part_paired2_011,490.288000,-0.407248,0.073974,0.743123,0.001017,-0.021014,-0.000111,0.999779
probe_part_paired2_011,490.302000,-0.405669,0.075435,0.743104,0.001020,-0.021015,-0.000110,0.999779
probe_part_paired2_011,490.316000,-0.404068,0.076906,0.743085,0.001023,-0.021015,-0.000110,0.999779
probe_part_paired2_011,490.330000,-0.402445,0.078386,0.743065,0.001027,-0.021015,-0.000109,0.999779
probe_part_paired2_011,490.343000,-0.400917,0.079769,0.743047,0.001029,-0.021016,-0.000109,0.999779
probe_part_paired2_011,490.357000,-0.399250,0.081267,0.743027,0.001033,-0.021016,-0.000108,0.999779
probe_part_paired2_011,490.362000,-0.398649,0.081805,0.743020,0.001034,-0.021016,-0.000108,0.999779
probe_part_paired2_011,490.373000,-0.397316,0.082990,0.743004,0.001036,-0.021017,-0.000108,0.999779
probe_part_paired2_011,490.386000,-0.395724,0.084398,0.742985,0.001038,-0.021017,-0.000107,0.999779
probe_part_paired2_011,490.400000,-0.393987,0.085922,0.742964,0.001041,-0.021018,-0.000107,0.999779
probe_part_paired2_011,490.413000,-0.392353,0.087344,0.742945,0.001043,-0.021018,-0.000106,0.999779
probe_part_paired2_011,490.427000,-0.390571,0.088884,0.742924,0.001046,-0.021018,-0.000105,0.999779
probe_part_paired2_011,490.440000,-0.388894,0.090321,0.742904,0.001048,-0.021019,-0.000105,0.999779
probe_part_paired2_011,490.454000,-0.387066,0.091876,0.742883,0.001051,-0.021019,-0.000104,0.999779
probe_part_paired2_011,490.467000,-0.385346,0.093327,0.742862,0.001053,-0.021020,-0.000104,0.999778
probe_part_paired2_011,490.480000,-0.383605,0.094784,0.742842,0.001055,-0.021020,-0.000103,0.999778
probe_part_paired2_011,490.494000,-0.381708,0.096360,0.742820,0.001058,-0.021021,-0.000103,0.999778
probe_part_paired2_011,490.507000,-0.379925,0.097827,0.742799,0.001060,-0.021021,-0.000102,0.999778
probe_part_paired2_011,490.520000,-0.378125,0.099298,0.742778,0.001062,-0.021022,-0.000102,0.999778
probe_part_paired2_011,490.534000,-0.376168,0.100883,0.742755,0.001064,-0.021022,-0.000101,0.999778
probe_part_paired2_011,490.547000,-0.374336,0.102354,0.742734,0.001066,-0.021023,-0.000101,0.999778
probe_part_paired2_011,490.561000,-0.372349,0.103937,0.742711,0.001068,-0.021023,-0.000100,0.999778
probe_part_paired2_011,490.575000,-0.370348,0.105516,0.742688,0.001070,-0.021024,-0.000100,0.999778
probe_part_paired2_011,490.589000,-0.368336,0.107090,0.742665,0.001071,-0.021024,-0.000099,0.999778
probe_part_paired2_011,490.603000,-0.366312,0.108659,0.742642,0.001073,-0.021025,-0.000098,0.999778
probe_part_paired2_011,490.617000,-0.364279,0.110221,0.742619,0.001075,-0.021025,-0.000098,0.999778
probe_part_paired2_011,490.629000,-0.362528,0.111555,0.742599,0.001076,-0.021026,-0.000097,0.999778
probe_part_paired2_011,490.641000,-0.360771,0.112886,0.742578,0.001072,-0.021026,-0.000096,0.999778
probe_part_paired2_011,490.653000,-0.359008,0.114213,0.742557,0.001065,-0.021026,-0.000097,0.999778
probe_part_paired2_011,490.665000,-0.357238,0.115534,0.742536,0.001057,-0.021024,-0.000099,0.999778
probe_part_paired2_011,490.676000,-0.355621,0.116753,0.742493,0.000944,-0.020850,-0.000122,0.999782
probe_part_paired2_011,490.688000,-0.353841,0.118057,0.742469,0.000950,-0.020850,-0.000123,0.999782
probe_part_paired2_011,490.700000,-0.352055,0.119358,0.742448,0.000947,-0.020851,-0.000124,0.999782
probe_part_paired2_011,490.712000,-0.350264,0.120653,0.742427,0.000943,-0.020851,-0.000125,0.999782
probe_part_paired2_011,490.724000,-0.348468,0.121941,0.742406,0.000940,-0.020851,-0.000125,0.999782
probe_part_paired2_011,490.736000,-0.346667,0.123222,0.742385,0.000937,-0.020852,-0.000126,0.999782
probe_part_paired2_011,490.748000,-0.344860,0.124496,0.742365,0.000935,-0.020861,-0.000126,0.999782
probe_part_paired2_011,490.760000,-0.343049,0.125764,0.742344,0.000933,-0.020862,-0.000127,0.999782
probe_part_paired2_011,490.772000,-0.341233,0.127024,0.742323,0.000931,-0.020862,-0.000127,0.999782
probe_part_paired2_011,490.784000,-0.339412,0.128279,0.742303,0.000928,-0.020861,-0.000127,0.999782
probe_part_paired2_011,490.796000,-0.337587,0.129524,0.742282,0.000928,-0.020861,-0.000128,0.999782
probe_part_paired2_011,490.807000,-0.335909,0.130661,0.742263,0.000926,-0.020860,-0.000128,0.999782
probe_part_paired2_011,490.819000,-0.334075,0.131894,0.742243,0.000926,-0.020860,-0.000128,0.999782
probe_part_paired2_011,490.830000,-0.332389,0.133019,0.742224,0.000924,-0.020859,-0.000128,0.999782
probe_part_paired2_011,490.842000,-0.330546,0.134238,0.742204,0.000924,-0.020859,-0.000128,0.999782
probe_part_paired2_011,490.854000,-0.328698,0.135451,0.742183,0.000922,-0.020858,-0.000128,0.999782
probe_part_paired2_011,490.866000,-0.326846,0.136657,0.742163,0.000920,-0.020858,-0.000127,0.999782
probe_part_paired2_011,490.878000,-0.324989,0.137857,0.742142,0.000914,-0.020858,-0.000127,0.999782
probe_part_paired2_011,490.892000,-0.322817,0.139247,0.742117,0.000908,-0.020858,-0.000126,0.999782
probe_part_paired2_011,490.906000,-0.320639,0.140627,0.742093,0.000905,-0.020859,-0.000125,0.999782
probe_part_paired2_011,490.920000,-0.318456,0.141996,0.742069,0.000905,-0.020859,-0.000124,0.999782
probe_part_paired2_011,490.934000,-0.316266,0.143355,0.742046,0.000907,-0.020860,-0.000123,0.999782
probe_part_paired2_011,490.946000,-0.314385,0.144511,0.742026,0.000910,-0.020860,-0.000122,0.999782
probe_part_paired2_011,490.960000,-0.312185,0.145850,0.742003,0.000915,-0.020861,-0.000122,0.999782
probe_part_paired2_011,490.975000,-0.309821,0.147273,0.741979,0.000922,-0.020861,-0.000121,0.999782
probe_part_paired2_011,490.989000,-0.307609,0.148591,0.741956,0.000929,-0.020862,-0.000120,0.999782
probe_part_paired2_011,491.003000,-0.305391,0.149901,0.741934,0.000934,-0.020862,-0.000119,0.999782
probe_part_paired2_011,491.014000,-0.303645,0.150923,0.741916,0.000937,-0.020863,-0.000118,0.999782
probe_part_paired2_011,491.026000,-0.301736,0.152030,0.741896,0.000941,-0.020863,-0.000117,0.999782
probe_part_paired2_011,491.040000,-0.299504,0.153314,0.741873,0.000945,-0.020864,-0.000116,0.999782
probe_part_paired2_011,491.054000,-0.297266,0.154588,0.741850,0.000949,-0.020864,-0.000115,0.999782
probe_part_paired2_011,491.068000,-0.295023,0.155851,0.741827,0.000953,-0.020865,-0.000114,0.999782
probe_part_paired2_011,491.082000,-0.292774,0.157105,0.741804,0.000956,-0.020865,-0.000113,0.999782
probe_part_paired2_011,491.096000,-0.290520,0.158350,0.741781,0.000960,-0.020866,-0.000112,0.999782
probe_part_paired2_011,491.111000,-0.288099,0.159672,0.741756,0.000963,-0.020866,-0.000111,0.999782
probe_part_paired2_011,491.126000,-0.285672,0.160982,0.741732,0.000966,-0.020867,-0.000110,0.999782
probe_part_paired2_011,491.141000,-0.283240,0.162281,0.741707,0.000968,-0.020868,-0.000109,0.999782
probe_part_paired2_011,491.156000,-0.280801,0.163569,0.741682,0.000971,-0.020868,-0.000108,0.999782
probe_part_paired2_011,491.171000,-0.278357,0.164845,0.741656,0.000973,-0.020869,-0.000107,0.999782
probe_part_paired2_011,491.186000,-0.275906,0.166109,0.741631,0.000975,-0.020870,-0.000106,0.999782
probe_part_paired2_011,491.201000,-0.273450,0.167362,0.741606,0.000977,-0.020870,-0.000105,0.999782
probe_part_paired2_011,491.215000,-0.271153,0.168521,0.741583,0.000979,-0.020871,-0.000104,0.999782
probe_part_paired2_011,491.229000,-0.268851,0.169670,0.741559,0.000981,-0.020871,-0.000104,0.999782
probe_part_paired2_011,491.243000,-0.266543,0.170808,0.741536,0.000982,-0.020872,-0.000103,0.999782
probe_part_paired2_011,491.257000,-0.264231,0.171936,0.741512,0.000984,-0.020873,-0.000102,0.999782
probe_part_paired2_011,491.272000,-0.261749,0.173134,0.741487,0.000985,-0.020873,-0.000101,0.999782
probe_part_paired2_011,491.286000,-0.259427,0.174240,0.741463,0.000987,-0.020874,-0.000100,0.999782
probe_part_paired2_011,491.300000,-0.257101,0.175337,0.741440,0.000989,-0.020874,-0.000099,0.999782
probe_part_paired2_011,491.315000,-0.254603,0.176500,0.741415,0.000990,-0.020875,-0.000098,0.999782
probe_part_paired2_011,491.329000,-0.252267,0.177576,0.741391,0.000992,-0.020875,-0.000097,0.999782
probe_part_paired2_011,491.343000,-0.249927,0.178640,0.741367,0.000994,-0.020876,-0.000096,0.999782
probe_part_paired2_011,491.358000,-0.247414,0.179770,0.741342,0.000995,-0.020877,-0.000095,0.999782
probe_part_paired2_011,491.373000,-0.244896,0.180887,0.741317,0.000997,-0.020877,-0.000094,0.999782
probe_part_paired2_011,491.388000,-0.242373,0.181992,0.741292,0.000999,-0.020878,-0.000093,0.999782
probe_part_paired2_011,491.402000,-0.240014,0.183013,0.741268,0.001001,-0.020879,-0.000092,0.999782
probe_part_paired2_011,491.417000,-0.237482,0.184095,0.741243,0.001002,-0.020879,-0.000091,0.999781
probe_part_paired2_011,491.430000,-0.235283,0.185023,0.741221,0.001004,-0.020880,-0.000091,0.999781
probe_part_paired2_011,491.444000,-0.232912,0.186012,0.741197,0.001006,-0.020880,-0.000090,0.999781
probe_part_paired2_011,491.458000,-0.230536,0.186991,0.741174,0.001008,-0.020881,-0.000089,0.999781
probe_part_paired2_011,491.473000,-0.227985,0.188028,0.741149,0.001010,-0.020881,-0.000088,0.999781
probe_part_paired2_011,491.487000,-0.225601,0.188985,0.741125,0.001011,-0.020882,-0.000087,0.999781
probe_part_paired2_011,491.501000,-0.223213,0.189931,0.741101,0.001013,-0.020883,-0.000086,0.999781
probe_part_paired2_011,491.516000,-0.220649,0.190933,0.741076,0.001015,-0.020883,-0.000085,0.999781
probe_part_paired2_011,491.530000,-0.218253,0.191858,0.741053,0.001017,-0.020884,-0.000084,0.999781
probe_part_paired2_011,491.542000,-0.216205,0.192669,0.741014,0.000882,-0.020713,-0.000105,0.999785
probe_part_paired2_011,491.554000,-0.214148,0.193439,0.740983,0.000902,-0.020656,-0.000107,0.999786
probe_part_paired2_011,491.566000,-0.212084,0.194210,0.740960,0.000900,-0.020683,-0.000108,0.999786
probe_part_paired2_011,491.579000,-0.209846,0.195036,0.740937,0.000897,-0.020684,-0.000109,0.999786
probe_part_paired2_011,491.592000,-0.207605,0.195853,0.740914,0.000893,-0.020684,-0.000110,0.999786
probe_part_paired2_011,491.604000,-0.205532,0.196599,0.740892,0.000891,-0.020719,-0.000110,0.999785
probe_part_paired2_011,491.616000,-0.203458,0.197337,0.740872,0.000887,-0.020719,-0.000110,0.999785
probe_part_paired2_011,491.628000,-0.201381,0.198066,0.740851,0.000885,-0.020719,-0.000111,0.999785
probe_part_paired2_011,491.640000,-0.199302,0.198787,0.740830,0.000883,-0.020718,-0.000112,0.999785
probe_part_paired2_011,491.652000,-0.197220,0.199501,0.740809,0.000880,-0.020718,-0.000112,0.999785
probe_part_paired2_011,491.665000,-0.194962,0.200265,0.740786,0.000879,-0.020718,-0.000112,0.999785
probe_part_paired2_011,491.678000,-0.192701,0.201020,0.740764,0.000877,-0.020717,-0.000112,0.999785
probe_part_paired2_011,491.690000,-0.190611,0.201707,0.740743,0.000876,-0.020716,-0.000112,0.999785
probe_part_paired2_011,491.702000,-0.188519,0.202388,0.740723,0.000874,-0.020716,-0.000112,0.999785
probe_part_paired2_011,491.713000,-0.186599,0.203029,0.740688,0.000736,-0.020746,-0.000136,0.999784
probe_part_paired2_011,491.724000,-0.184677,0.203652,0.740660,0.000703,-0.020748,-0.000131,0.999784
probe_part_paired2_011,491.735000,-0.182753,0.204262,0.740634,0.000680,-0.020748,-0.000127,0.999785
probe_part_paired2_011,491.745000,-0.181002,0.204808,0.740613,0.000667,-0.020748,-0.000124,0.999785
probe_part_paired2_011,491.757000,-0.178899,0.205454,0.740590,0.000658,-0.020748,-0.000120,0.999785
probe_part_paired2_011,491.770000,-0.176609,0.206144,0.740561,0.000649,-0.020928,-0.000117,0.999781
probe_part_paired2_011,491.783000,-0.174326,0.206830,0.740537,0.000630,-0.020928,-0.000114,0.999781
probe_part_paired2_011,491.795000,-0.172216,0.207456,0.740513,0.000607,-0.020928,-0.000113,0.999781
probe_part_paired2_011,491.808000,-0.169927,0.208120,0.740488,0.000599,-0.020929,-0.000113,0.999781
probe_part_paired2_011,491.822000,-0.167460,0.208819,0.740463,0.000602,-0.020929,-0.000112,0.999781
probe_part_paired2_011,491.836000,-0.164990,0.209507,0.740440,0.000605,-0.020929,-0.000112,0.999781
probe_part_paired2_011,491.850000,-0.162517,0.210184,0.740417,0.000607,-0.020930,-0.000112,0.999781
probe_part_paired2_011,491.864000,-0.160042,0.210851,0.740394,0.000610,-0.020930,-0.000111,0.999781
probe_part_paired2_011,491.878000,-0.157564,0.211506,0.740371,0.000612,-0.020930,-0.000111,0.999781
probe_part_paired2_011,491.892000,-0.155083,0.212151,0.740347,0.000614,-0.020931,-0.000111,0.999781
probe_part_paired2_011,491.905000,-0.152777,0.212740,0.740326,0.000616,-0.020931,-0.000111,0.999781
probe_part_paired2_011,491.920000,-0.150113,0.213411,0.740300,0.000609,-0.020931,-0.000110,0.999781
probe_part_paired2_011,491.934000,-0.147624,0.214026,0.740275,0.000604,-0.020932,-0.000109,0.999781
probe_part_paired2_011,491.949000,-0.144955,0.214672,0.740249,0.000599,-0.020932,-0.000109,0.999781
probe_part_paired2_011,491.963000,-0.142461,0.215263,0.740224,0.000595,-0.020932,-0.000109,0.999781
probe_part_paired2_011,491.978000,-0.139787,0.215884,0.740198,0.000593,-0.020933,-0.000108,0.999781
probe_part_paired2_011,491.992000,-0.137288,0.216450,0.740174,0.000595,-0.020933,-0.000108,0.999781
probe_part_paired2_011,492.006000,-0.134787,0.217004,0.740150,0.000599,-0.020933,-0.000107,0.999781
probe_part_paired2_011,492.020000,-0.132284,0.217545,0.740127,0.000608,-0.020934,-0.000107,0.999781
probe_part_paired2_011,492.034000,-0.129779,0.218074,0.740105,0.000619,-0.020934,-0.000107,0.999781
probe_part_paired2_011,492.047000,-0.127451,0.218554,0.740085,0.000633,-0.020934,-0.000106,0.999781
probe_part_paired2_011,492.061000,-0.124942,0.219060,0.740064,0.000649,-0.020935,-0.000106,0.999781
probe_part_paired2_011,492.075000,-0.122430,0.219554,0.740043,0.000667,-0.020935,-0.000105,0.999781
probe_part_paired2_011,492.089000,-0.119917,0.220037,0.740022,0.000684,-0.020935,-0.000105,0.999781
probe_part_paired2_011,492.103000,-0.117402,0.220509,0.740002,0.000700,-0.020936,-0.000104,0.999781
probe_part_paired2_011,492.117000,-0.114884,0.220971,0.739981,0.000715,-0.020936,-0.000104,0.999781
probe_part_paired2_011,492.131000,-0.112365,0.221422,0.739959,0.000728,-0.020937,-0.000103,0.999781
probe_part_paired2_011,492.144000,-0.110025,0.221832,0.739939,0.000739,-0.020937,-0.000102,0.999781
probe_part_paired2_011,492.158000,-0.107502,0.222262,0.739918,0.000751,-0.020938,-0.000101,0.999780
probe_part_paired2_011,492.172000,-0.104978,0.222682,0.739896,0.000761,-0.020938,-0.000101,0.999780
probe_part_paired2_011,492.186000,-0.102489,0.223085,0.739874,0.000771,-0.020938,-0.000100,0.999780
probe_part_paired2_011,492.200000,-0.099955,0.223485,0.739852,0.000780,-0.020939,-0.000099,0.999780
probe_part_paired2_011,492.213000,-0.097601,0.223846,0.739831,0.000788,-0.020939,-0.000098,0.999780
probe_part_paired2_011,492.227000,-0.095066,0.224224,0.739808,0.000795,-0.020940,-0.000097,0.999780
probe_part_paired2_011,492.241000,-0.092531,0.224591,0.739786,0.000802,-0.020940,-0.000097,0.999780
probe_part_paired2_011,492.255000,-0.089995,0.224948,0.739763,0.000807,-0.020941,-0.000096,0.999780
probe_part_paired2_011,492.270000,-0.087277,0.225317,0.739738,0.000812,-0.020941,-0.000095,0.999780
probe_part_paired2_011,492.285000,-0.084557,0.225674,0.739713,0.000816,-0.020942,-0.000094,0.999780
probe_part_paired2_011,492.299000,-0.082019,0.225996,0.739690,0.000819,-0.020942,-0.000093,0.999780
probe_part_paired2_011,492.313000,-0.079479,0.226307,0.739666,0.000821,-0.020943,-0.000092,0.999780
probe_part_paired2_011,492.327000,-0.076939,0.226607,0.739643,0.000823,-0.020943,-0.000091,0.999780
probe_part_paired2_011,492.341000,-0.074397,0.226896,0.739619,0.000825,-0.020943,-0.000090,0.999780
probe_part_paired2_011,492.354000,-0.072037,0.227154,0.739597,0.000826,-0.020944,-0.000089,0.999780
probe_part_paired2_011,492.366000,-0.069857,0.227384,0.739577,0.000827,-0.020944,-0.000089,0.999780
probe_part_paired2_011,492.378000,-0.067677,0.227605,0.739556,0.000828,-0.020945,-0.000088,0.999780
probe_part_paired2_011,492.390000,-0.065496,0.227819,0.739536,0.000829,-0.020945,-0.000087,0.999780
probe_part_paired2_011,492.397000,-0.064223,0.227940,0.739524,0.000830,-0.020945,-0.000087,0.999780
probe_part_paired2_011,492.404000,-0.062951,0.228057,0.739512,0.000830,-0.020946,-0.000086,0.999780
probe_part_paired2_011,492.411000,-0.061678,0.228173,0.739500,0.000830,-0.020946,-0.000086,0.999780
probe_part_paired2_011,492.420000,-0.060041,0.228316,0.739484,0.000831,-0.020946,-0.000085,0.999780
probe_part_paired2_011,492.429000,-0.058404,0.228456,0.739469,0.000831,-0.020946,-0.000085,0.999780
probe_part_paired2_011,492.439000,-0.056611,0.228603,0.739452,0.000832,-0.020947,-0.000084,0.999780
probe_part_paired2_011,492.447000,-0.055174,0.228717,0.739438,0.000832,-0.020947,-0.000084,0.999780
probe_part_paired2_011,492.457000,-0.053355,0.228856,0.739421,0.000833,-0.020947,-0.000083,0.999780
probe_part_paired2_011,492.464000,-0.052076,0.228950,0.739409,0.000833,-0.020948,-0.000083,0.999780
probe_part_paired2_011,492.474000,-0.050249,0.229079,0.739392,0.000834,-0.020948,-0.000082,0.999780
probe_part_paired2_011,492.484000,-0.048423,0.229203,0.739375,0.000834,-0.020948,-0.000081,0.999780
probe_part_paired2_011,492.496000,-0.046233,0.229344,0.739354,0.000835,-0.020949,-0.000081,0.999780
probe_part_paired2_011,492.508000,-0.044043,0.229477,0.739334,0.000836,-0.020949,-0.000080,0.999780
probe_part_paired2_011,492.521000,-0.041671,0.229611,0.739312,0.000836,-0.020949,-0.000079,0.999780
probe_part_paired2_011,492.535000,-0.039117,0.229745,0.739288,0.000837,-0.020950,-0.000078,0.999780
probe_part_paired2_011,492.545000,-0.037293,0.229834,0.739270,0.000838,-0.020950,-0.000078,0.999780
probe_part_paired2_011,492.559000,-0.034740,0.229948,0.739246,0.000839,-0.020951,-0.000077,0.999780
probe_part_paired2_011,492.572000,-0.032369,0.230044,0.739224,0.000840,-0.020951,-0.000076,0.999780
probe_part_paired2_011,492.586000,-0.029815,0.230136,0.739200,0.000841,-0.020952,-0.000075,0.999780
probe_part_paired2_011,492.601000,-0.027080,0.230223,0.739175,0.000842,-0.020952,-0.000074,0.999780
probe_part_paired2_011,492.615000,-0.024527,0.230292,0.739151,0.000843,-0.020952,-0.000074,0.999780
probe_part_paired2_011,492.630000,-0.021792,0.230354,0.739125,0.000845,-0.020953,-0.000073,0.999780
probe_part_paired2_011,492.645000,-0.019057,0.230402,0.739099,0.000846,-0.020953,-0.000072,0.999780
probe_part_paired2_011,492.660000,-0.016322,0.230438,0.739074,0.000848,-0.020954,-0.000071,0.999780
probe_part_paired2_011,492.675000,-0.013587,0.230461,0.739048,0.000850,-0.020954,-0.000070,0.999780
probe_part_paired2_011,492.690000,-0.010853,0.230470,0.739023,0.000852,-0.020955,-0.000069,0.999780
probe_part_paired2_011,492.705000,-0.008119,0.230467,0.738997,0.000853,-0.020955,-0.000068,0.999780
probe_part_paired2_011,492.720000,-0.005385,0.230451,0.738972,0.000855,-0.020956,-0.000068,0.999780
probe_part_paired2_011,492.734000,-0.002834,0.230424,0.738948,0.000857,-0.020956,-0.000067,0.999780
probe_part_paired2_011,492.749000,-0.000101,0.230383,0.738922,0.000859,-0.020957,-0.000066,0.999780
probe_part_paired2_011,492.764000,0.002632,0.230329,0.738897,0.000861,-0.020957,-0.000065,0.999780
probe_part_paired2_011,492.779000,0.005364,0.230262,0.738871,0.000863,-0.020958,-0.000064,0.999780
probe_part_paired2_011,492.794000,0.008095,0.230183,0.738846,0.000866,-0.020958,-0.000063,0.999780
probe_part_paired2_011,492.808000,0.010644,0.230097,0.738822,0.000868,-0.020959,-0.000063,0.999780
probe_part_paired2_011,492.823000,0.013374,0.229992,0.738796,0.000870,-0.020959,-0.000062,0.999780
probe_part_paired2_011,492.838000,0.016103,0.229874,0.738771,0.000872,-0.020960,-0.000061,0.999780
probe_part_paired2_011,492.853000,0.018832,0.229744,0.738746,0.000875,-0.020961,-0.000060,0.999780
probe_part_paired2_011,492.868000,0.021560,0.229601,0.738720,0.000877,-0.020961,-0.000059,0.999780
probe_part_paired2_011,492.883000,0.024286,0.229444,0.738695,0.000880,-0.020962,-0.000059,0.999780
probe_part_paired2_011,492.898000,0.027012,0.229275,0.738669,0.000882,-0.020962,-0.000058,0.999780
probe_part_paired2_011,492.913000,0.029737,0.229093,0.738644,0.000885,-0.020963,-0.000057,0.999780
probe_part_paired2_011,492.928000,0.032460,0.228899,0.738618,0.000888,-0.020963,-0.000056,0.999780
probe_part_paired2_011,492.942000,0.035001,0.228705,0.738594,0.000890,-0.020964,-0.000055,0.999780
probe_part_paired2_011,492.956000,0.037541,0.228501,0.738571,0.000892,-0.020964,-0.000054,0.999780
probe_part_paired2_011,492.970000,0.040079,0.228286,0.738547,0.000894,-0.020964,-0.000054,0.999780
probe_part_paired2_011,492.984000,0.042617,0.228059,0.738523,0.000896,-0.020965,-0.000053,0.999780
probe_part_paired2_011,492.997000,0.044972,0.227839,0.738501,0.000897,-0.020965,-0.000052,0.999780
probe_part_paired2_011,493.009000,0.047147,0.227642,0.738465,0.000799,-0.021040,-0.000076,0.999778
probe_part_paired2_011,493.020000,0.049138,0.227440,0.738443,0.000804,-0.021040,-0.000078,0.999778
probe_part_paired2_011,493.031000,0.051129,0.227234,0.738422,0.000801,-0.021040,-0.000079,0.999778
probe_part_paired2_011,493.042000,0.053120,0.227022,0.738401,0.000797,-0.021075,-0.000080,0.999778
probe_part_paired2_011,493.054000,0.055294,0.226783,0.738377,0.000792,-0.021174,-0.000081,0.999775
probe_part_paired2_011,493.067000,0.057643,0.226514,0.738354,0.000788,-0.021174,-0.000082,0.999775
probe_part_paired2_011,493.078000,0.059629,0.226279,0.738334,0.000783,-0.021174,-0.000082,0.999775
probe_part_paired2_011,493.088000,0.061434,0.226059,0.738317,0.000781,-0.021174,-0.000083,0.999775
probe_part_paired2_011,493.100000,0.063599,0.225787,0.738295,0.000778,-0.021174,-0.000084,0.999775
probe_part_paired2_011,493.112000,0.065763,0.225507,0.738274,0.000776,-0.021174,-0.000084,0.999775
probe_part_paired2_011,493.124000,0.067925,0.225220,0.738253,0.000772,-0.021174,-0.000084,0.999776
probe_part_paired2_011,493.136000,0.070087,0.224923,0.738232,0.000771,-0.021173,-0.000084,0.999776
probe_part_paired2_011,493.149000,0.072426,0.224592,0.738209,0.000769,-0.021173,-0.000084,0.999776
probe_part_paired2_011,493.161000,0.074585,0.224278,0.738188,0.000767,-0.021171,-0.000085,0.999776
probe_part_paired2_011,493.174000,0.076922,0.223930,0.738165,0.000764,-0.021171,-0.000085,0.999776
probe_part_paired2_011,493.187000,0.079257,0.223571,0.738142,0.000763,-0.021169,-0.000085,0.999776
probe_part_paired2_011,493.199000,0.081411,0.223232,0.738121,0.000761,-0.021169,-0.000085,0.999776
probe_part_paired2_011,493.211000,0.083564,0.222884,0.738100,0.000760,-0.021168,-0.000085,0.999776
probe_part_paired2_011,493.224000,0.085894,0.222498,0.738078,0.000758,-0.021167,-0.000085,0.999776
probe_part_paired2_011,493.236000,0.088044,0.222133,0.738057,0.000757,-0.021166,-0.000085,0.999776
probe_part_paired2_011,493.247000,0.090013,0.221793,0.738037,0.000755,-0.021166,-0.000085,0.999776
probe_part_paired2_011,493.258000,0.091980,0.221444,0.738018,0.000754,-0.021165,-0.000085,0.999776
probe_part_paired2_011,493.268000,0.093768,0.221122,0.738001,0.000753,-0.021165,-0.000085,0.999776
probe_part_paired2_011,493.279000,0.095733,0.220761,0.737981,0.000752,-0.021164,-0.000086,0.999776
probe_part_paired2_011,493.290000,0.097697,0.220393,0.737962,0.000752,-0.021163,-0.000086,0.999776
probe_part_paired2_011,493.300000,0.099481,0.220074,0.737932,0.000623,-0.021192,-0.000110,0.999775
probe_part_paired2_011,493.309000,0.101085,0.219785,0.737894,0.000595,-0.021200,-0.000116,0.999775
probe_part_paired2_011,493.319000,0.102867,0.219443,0.737865,0.000574,-0.021200,-0.000112,0.999775
probe_part_paired2_011,493.329000,0.104647,0.219074,0.737836,0.000618,-0.021210,-0.000135,0.999775
probe_part_paired2_011,493.340000,0.106604,0.218686,0.737811,0.000594,-0.021211,-0.000129,0.999775
probe_part_paired2_011,493.350000,0.108382,0.218326,0.737778,0.000587,-0.021231,-0.000139,0.999774
probe_part_paired2_011,493.361000,0.110336,0.217928,0.737750,0.000558,-0.021245,-0.000133,0.999774
probe_part_paired2_011,493.372000,0.112288,0.217506,0.737717,0.000569,-0.021256,-0.000154,0.999774
probe_part_paired2_011,493.382000,0.114062,0.217130,0.737694,0.000547,-0.021257,-0.000149,0.999774
probe_part_paired2_011,493.393000,0.116012,0.216706,0.737671,0.000531,-0.021259,-0.000143,0.999774
probe_part_paired2_011,493.404000,0.117960,0.216269,0.737650,0.000529,-0.021260,-0.000139,0.999774
probe_part_paired2_011,493.415000,0.119907,0.215819,0.737633,0.000540,-0.021261,-0.000135,0.999774
probe_part_paired2_011,493.426000,0.121851,0.215364,0.737616,0.000546,-0.021261,-0.000131,0.999774
probe_part_paired2_011,493.438000,0.123972,0.214860,0.737598,0.000556,-0.021280,-0.000126,0.999773
probe_part_paired2_011,493.451000,0.126266,0.214303,0.737578,0.000567,-0.021280,-0.000120,0.999773
probe_part_paired2_011,493.464000,0.128557,0.213738,0.737559,0.000578,-0.021280,-0.000115,0.999773
probe_part_paired2_011,493.476000,0.130670,0.213207,0.737542,0.000589,-0.021280,-0.000110,0.999773
probe_part_paired2_011,493.488000,0.132782,0.212669,0.737523,0.000599,-0.021303,-0.000106,0.999773
probe_part_paired2_011,493.501000,0.135067,0.212078,0.737504,0.000609,-0.021303,-0.000102,0.999773
probe_part_paired2_011,493.514000,0.137348,0.211477,0.737484,0.000619,-0.021303,-0.000098,0.999773
probe_part_paired2_011,493.527000,0.139630,0.210868,0.737463,0.000628,-0.021351,-0.000094,0.999772
probe_part_paired2_011,493.539000,0.141735,0.210298,0.737431,0.000711,-0.021392,-0.000069,0.999771
probe_part_paired2_011,493.552000,0.144009,0.209681,0.737405,0.000698,-0.021393,-0.000066,0.999771
probe_part_paired2_011,493.564000,0.146105,0.209101,0.737383,0.000691,-0.021393,-0.000063,0.999771
probe_part_paired2_011,493.575000,0.148025,0.208561,0.737363,0.000687,-0.021393,-0.000060,0.999771
probe_part_paired2_011,493.587000,0.150117,0.207963,0.737343,0.000687,-0.021393,-0.000057,0.999771
probe_part_paired2_011,493.599000,0.152207,0.207356,0.737322,0.000688,-0.021393,-0.000054,0.999771
probe_part_paired2_011,493.611000,0.154294,0.206741,0.737302,0.000691,-0.021393,-0.000051,0.999771
probe_part_paired2_011,493.622000,0.156207,0.206171,0.737283,0.000694,-0.021433,-0.000049,0.999770
probe_part_paired2_011,493.633000,0.158116,0.205593,0.737265,0.000697,-0.021433,-0.000047,0.999770
probe_part_paired2_011,493.643000,0.159849,0.205062,0.737249,0.000701,-0.021433,-0.000045,0.999770
probe_part_paired2_011,493.654000,0.161756,0.204471,0.737229,0.000705,-0.021475,-0.000043,0.999769
probe_part_paired2_011,493.665000,0.163659,0.203874,0.737211,0.000709,-0.021475,-0.000040,0.999769
probe_part_paired2_011,493.677000,0.165732,0.203216,0.737192,0.000714,-0.021474,-0.000038,0.999769
probe_part_paired2_011,493.689000,0.167802,0.202549,0.737172,0.000718,-0.021474,-0.000036,0.999769
probe_part_paired2_011,493.701000,0.169870,0.201875,0.737152,0.000723,-0.021473,-0.000034,0.999769
probe_part_paired2_011,493.712000,0.171763,0.201253,0.737134,0.000720,-0.021475,-0.000032,0.999769
probe_part_paired2_011,493.724000,0.173826,0.200570,0.737112,0.000710,-0.021475,-0.000031,0.999769
probe_part_paired2_011,493.736000,0.175886,0.199866,0.737092,0.000734,-0.021475,-0.000031,0.999769
probe_part_paired2_011,493.749000,0.178114,0.199098,0.737073,0.000752,-0.021475,-0.000032,0.999769
probe_part_paired2_011,493.762000,0.180339,0.198321,0.737054,0.000767,-0.021475,-0.000032,0.999769
probe_part_paired2_011,493.776000,0.182731,0.197476,0.737033,0.000781,-0.021476,-0.000032,0.999769
probe_part_paired2_011,493.789000,0.184949,0.196682,0.737013,0.000793,-0.021476,-0.000032,0.999769
probe_part_paired2_011,493.803000,0.187334,0.195818,0.736992,0.000804,-0.021476,-0.000033,0.999769
probe_part_paired2_011,493.816000,0.189545,0.195006,0.736971,0.000814,-0.021476,-0.000033,0.999769
probe_part_paired2_011,493.830000,0.191922,0.194122,0.736949,0.000824,-0.021476,-0.000033,0.999769
probe_part_paired2_011,493.844000,0.194296,0.193237,0.736920,0.000808,-0.021457,0.000001,0.999769
probe_part_paired2_011,493.854000,0.195981,0.192583,0.736894,0.000838,-0.021311,-0.000001,0.999773
probe_part_paired2_011,493.864000,0.197673,0.191933,0.736875,0.000845,-0.021351,-0.000002,0.999772
probe_part_paired2_011,493.876000,0.199699,0.191145,0.736856,0.000855,-0.021352,-0.000002,0.999772
probe_part_paired2_011,493.888000,0.201721,0.190352,0.736837,0.000859,-0.021353,-0.000003,0.999772
probe_part_paired2_011,493.900000,0.203741,0.189550,0.736817,0.000866,-0.021353,-0.000003,0.999772
probe_part_paired2_011,493.913000,0.205925,0.188675,0.736796,0.000869,-0.021353,-0.000004,0.999772
probe_part_paired2_011,493.926000,0.208105,0.187790,0.736775,0.000874,-0.021353,-0.000004,0.999772
probe_part_paired2_011,493.938000,0.210114,0.186965,0.736755,0.000878,-0.021353,-0.000005,0.999772
probe_part_paired2_011,493.950000,0.212120,0.186134,0.736735,0.000880,-0.021352,-0.000005,0.999772
probe_part_paired2_011,493.962000,0.214123,0.185298,0.736715,0.000875,-0.021352,-0.000008,0.999772
probe_part_paired2_011,493.974000,0.216122,0.184454,0.736693,0.000871,-0.021351,-0.000011,0.999772
probe_part_paired2_011,493.985000,0.217952,0.183674,0.736674,0.000868,-0.021350,-0.000014,0.999772
probe_part_paired2_011,493.996000,0.219778,0.182888,0.736654,0.000865,-0.021350,-0.000016,0.999772
probe_part_paired2_011,494.008000,0.221768,0.182022,0.736632,0.000863,-0.021348,-0.000019,0.999772
probe_part_paired2_011,494.020000,0.223754,0.181149,0.736611,0.000860,-0.021347,-0.000022,0.999772
probe_part_paired2_011,494.032000,0.225737,0.180269,0.736590,0.000858,-0.021346,-0.000025,0.999772
probe_part_paired2_011,494.044000,0.227717,0.179381,0.736568,0.000855,-0.021345,-0.000028,0.999772
probe_part_paired2_011,494.056000,0.229692,0.178485,0.736547,0.000853,-0.021344,-0.000030,0.999772
probe_part_paired2_011,494.069000,0.231829,0.177506,0.736524,0.000851,-0.021343,-0.000033,0.999772
probe_part_paired2_011,494.082000,0.233961,0.176519,0.736501,0.000850,-0.021341,-0.000036,0.999772
probe_part_paired2_011,494.089000,0.235108,0.175984,0.736489,0.000849,-0.021341,-0.000037,0.999772
probe_part_paired2_011,494.099000,0.236743,0.175214,0.736471,0.000847,-0.021340,-0.000039,0.999772
probe_part_paired2_011,494.111000,0.238703,0.174285,0.736450,0.000846,-0.021338,-0.000041,0.999772
probe_part_paired2_011,494.123000,0.240658,0.173348,0.736429,0.000845,-0.021337,-0.000043,0.999772
probe_part_paired2_011,494.135000,0.242610,0.172403,0.736408,0.000844,-0.021337,-0.000045,0.999772
probe_part_paired2_011,494.148000,0.244721,0.171372,0.736385,0.000842,-0.021335,-0.000047,0.999772
probe_part_paired2_011,494.160000,0.246665,0.170412,0.736363,0.000841,-0.021334,-0.000048,0.999772
probe_part_paired2_011,494.173000,0.248767,0.169364,0.736341,0.000840,-0.021334,-0.000050,0.999772
probe_part_paired2_011,494.185000,0.250703,0.168389,0.736319,0.000839,-0.021332,-0.000051,0.999772
probe_part_paired2_011,494.197000,0.252636,0.167407,0.736298,0.000838,-0.021331,-0.000053,0.999772
probe_part_paired2_011,494.209000,0.254565,0.166418,0.736277,0.000837,-0.021331,-0.000054,0.999772
probe_part_paired2_011,494.221000,0.256489,0.165421,0.736256,0.000836,-0.021330,-0.000056,0.999772
probe_part_paired2_011,494.233000,0.258410,0.164417,0.736235,0.000836,-0.021329,-0.000057,0.999772
probe_part_paired2_011,494.246000,0.260487,0.163322,0.736212,0.000835,-0.021328,-0.000059,0.999772
probe_part_paired2_011,494.258000,0.262399,0.162317,0.736184,0.000723,-0.021353,-0.000086,0.999772
probe_part_paired2_011,494.268000,0.263990,0.161479,0.736155,0.000684,-0.021354,-0.000081,0.999772
probe_part_paired2_011,494.279000,0.265886,0.160521,0.736050,0.000712,-0.024275,-0.000084,0.999705
probe_part_paired2_011,494.291000,0.268246,0.159478,0.735790,0.000723,-0.033145,-0.000091,0.999450
probe_part_paired2_011,494.303000,0.270265,0.158430,0.735709,0.000730,-0.035488,-0.000094,0.999370
probe_part_paired2_011,494.316000,0.272317,0.157287,0.735687,0.000736,-0.035500,-0.000096,0.999369
probe_part_paired2_011,494.328000,0.274206,0.156224,0.735668,0.000740,-0.035500,-0.000098,0.999369
probe_part_paired2_011,494.341000,0.276248,0.155066,0.735646,0.000745,-0.035499,-0.000099,0.999369
probe_part_paired2_011,494.354000,0.278284,0.153899,0.735625,0.000748,-0.035499,-0.000100,0.999369
probe_part_paired2_011,494.366000,0.280160,0.152815,0.735605,0.000751,-0.035498,-0.000101,0.999369
probe_part_paired2_011,494.379000,0.282187,0.151634,0.735583,0.000753,-0.035497,-0.000102,0.999370
probe_part_paired2_011,494.391000,0.284054,0.150537,0.735562,0.000753,-0.035496,-0.000102,0.999370
probe_part_paired2_011,494.403000,0.285917,0.149433,0.735542,0.000752,-0.035495,-0.000101,0.999370
probe_part_paired2_011,494.416000,0.287930,0.148229,0.735519,0.000750,-0.035495,-0.000101,0.999370
probe_part_paired2_011,494.428000,0.289783,0.147111,0.735498,0.000749,-0.035494,-0.000101,0.999370
probe_part_paired2_011,494.441000,0.291786,0.145892,0.735475,0.000748,-0.035493,-0.000101,0.999370
probe_part_paired2_011,494.454000,0.293784,0.144665,0.735452,0.000747,-0.035492,-0.000101,0.999370
probe_part_paired2_011,494.459000,0.294551,0.144190,0.735444,0.000748,-0.035492,-0.000101,0.999370
probe_part_paired2_011,494.470000,0.296236,0.143143,0.735424,0.000747,-0.035491,-0.000101,0.999370
probe_part_paired2_011,494.482000,0.298070,0.141994,0.735403,0.000746,-0.035491,-0.000101,0.999370
probe_part_paired2_011,494.494000,0.299899,0.140838,0.735382,0.000745,-0.035490,-0.000101,0.999370
probe_part_paired2_011,494.505000,0.301571,0.139793,0.735350,0.000622,-0.035512,-0.000124,0.999369
probe_part_paired2_011,494.516000,0.303280,0.138718,0.735302,0.000629,-0.036276,-0.000122,0.999342
probe_part_paired2_011,494.527000,0.305001,0.137650,0.735238,0.000629,-0.037457,-0.000146,0.999298
probe_part_paired2_011,494.538000,0.306663,0.136574,0.735212,0.000611,-0.037463,-0.000141,0.999298
probe_part_paired2_011,494.549000,0.308321,0.135479,0.735191,0.000626,-0.037471,-0.000139,0.999298
probe_part_paired2_011,494.560000,0.309977,0.134381,0.735171,0.000635,-0.037522,-0.000137,0.999296
probe_part_paired2_011,494.571000,0.311627,0.133278,0.735154,0.000642,-0.037523,-0.000134,0.999296
probe_part_paired2_011,494.582000,0.313273,0.132170,0.735136,0.000647,-0.037524,-0.000132,0.999296
probe_part_paired2_011,494.593000,0.314914,0.131065,0.735106,0.000651,-0.037544,-0.000150,0.999295
probe_part_paired2_011,494.604000,0.316552,0.129960,0.735081,0.000626,-0.037545,-0.000143,0.999295
probe_part_paired2_011,494.615000,0.318186,0.128832,0.735060,0.000640,-0.037547,-0.000142,0.999295
probe_part_paired2_011,494.626000,0.319816,0.127700,0.735041,0.000649,-0.037547,-0.000139,0.999295
probe_part_paired2_011,494.636000,0.321294,0.126667,0.735026,0.000656,-0.037548,-0.000137,0.999295
probe_part_paired2_011,494.644000,0.322475,0.125838,0.735013,0.000659,-0.037549,-0.000135,0.999295
probe_part_paired2_011,494.652000,0.323653,0.125006,0.735000,0.000662,-0.037549,-0.000133,0.999295
probe_part_paired2_011,494.661000,0.324975,0.124067,0.734986,0.000666,-0.037550,-0.000132,0.999295
probe_part_paired2_011,494.669000,0.326149,0.123229,0.734973,0.000669,-0.037550,-0.000130,0.999294
probe_part_paired2_011,494.677000,0.327320,0.122389,0.734960,0.000671,-0.037551,-0.000128,0.999294
probe_part_paired2_011,494.687000,0.328781,0.121340,0.734933,0.000689,-0.037558,-0.000140,0.999294
probe_part_paired2_011,494.698000,0.330385,0.120187,0.734907,0.000665,-0.037574,-0.000135,0.999294
probe_part_paired2_011,494.708000,0.331843,0.119116,0.734886,0.000684,-0.037661,-0.000134,0.999290
probe_part_paired2_011,494.718000,0.333295,0.118046,0.734868,0.000691,-0.037689,-0.000132,0.999289
probe_part_paired2_011,494.729000,0.334886,0.116867,0.734842,0.000706,-0.037698,-0.000151,0.999289
probe_part_paired2_011,494.740000,0.336474,0.115696,0.734816,0.000676,-0.037699,-0.000144,0.999289
probe_part_paired2_011,494.751000,0.338057,0.114504,0.734793,0.000683,-0.037709,-0.000141,0.999289
probe_part_paired2_011,494.762000,0.339637,0.113304,0.734775,0.000691,-0.037709,-0.000139,0.999289
probe_part_paired2_011,494.772000,0.341069,0.112210,0.734759,0.000698,-0.037710,-0.000137,0.999288
probe_part_paired2_011,494.783000,0.342641,0.111001,0.734741,0.000703,-0.037711,-0.000134,0.999288
probe_part_paired2_011,494.794000,0.344209,0.109787,0.734724,0.000709,-0.037712,-0.000132,0.999288
probe_part_paired2_011,494.805000,0.345771,0.108569,0.734706,0.000713,-0.037713,-0.000129,0.999288
probe_part_paired2_011,494.816000,0.347329,0.107346,0.734689,0.000716,-0.037713,-0.000127,0.999288
probe_part_paired2_011,494.826000,0.348738,0.106236,0.734663,0.000729,-0.037721,-0.000146,0.999288
probe_part_paired2_011,494.837000,0.350282,0.105023,0.734637,0.000698,-0.037722,-0.000139,0.999288
probe_part_paired2_011,494.848000,0.351818,0.103790,0.734613,0.000709,-0.037748,-0.000137,0.999287
probe_part_paired2_011,494.859000,0.353344,0.102557,0.734595,0.000717,-0.037768,-0.000135,0.999286
probe_part_paired2_011,494.869000,0.354724,0.101437,0.734577,0.000723,-0.037827,-0.000133,0.999284
probe_part_paired2_011,494.879000,0.356092,0.100331,0.734547,0.000711,-0.037836,-0.000149,0.999284
probe_part_paired2_011,494.889000,0.357451,0.099221,0.734524,0.000697,-0.037868,-0.000145,0.999282
probe_part_paired2_011,494.899000,0.358801,0.098099,0.734506,0.000713,-0.037890,-0.000144,0.999282
probe_part_paired2_011,494.908000,0.360006,0.097104,0.734478,0.000708,-0.037899,-0.000161,0.999281
probe_part_paired2_011,494.918000,0.361335,0.096004,0.734456,0.000683,-0.037912,-0.000155,0.999281
probe_part_paired2_011,494.927000,0.362522,0.094999,0.734439,0.000698,-0.037913,-0.000154,0.999281
probe_part_paired2_011,494.937000,0.363830,0.093888,0.734424,0.000707,-0.037914,-0.000152,0.999281
probe_part_paired2_011,494.946000,0.364997,0.092891,0.734411,0.000714,-0.037915,-0.000149,0.999281
probe_part_paired2_011,494.956000,0.366284,0.091795,0.734383,0.000710,-0.037924,-0.000167,0.999280
probe_part_paired2_011,494.966000,0.367560,0.090707,0.734362,0.000687,-0.037937,-0.000161,0.999280
probe_part_paired2_011,494.976000,0.368825,0.089606,0.734344,0.000699,-0.037938,-0.000159,0.999280
probe_part_paired2_011,494.986000,0.370078,0.088511,0.734329,0.000706,-0.037939,-0.000156,0.999280
probe_part_paired2_011,494.996000,0.371320,0.087419,0.734315,0.000713,-0.037939,-0.000154,0.999280
probe_part_paired2_011,495.006000,0.372551,0.086331,0.734301,0.000719,-0.037940,-0.000151,0.999280
probe_part_paired2_011,495.016000,0.373769,0.085249,0.734287,0.000723,-0.037941,-0.000148,0.999280
probe_part_paired2_011,495.026000,0.374979,0.084169,0.734272,0.000728,-0.037970,-0.000146,0.999279
probe_part_paired2_011,495.036000,0.376176,0.083101,0.734244,0.000739,-0.038010,-0.000159,0.999277
probe_part_paired2_011,495.046000,0.377361,0.082041,0.734224,0.000720,-0.038011,-0.000154,0.999277
probe_part_paired2_011,495.056000,0.378535,0.080971,0.734208,0.000734,-0.038011,-0.000152,0.999277
probe_part_paired2_011,495.066000,0.379697,0.079907,0.734193,0.000743,-0.038022,-0.000150,0.999277
probe_part_paired2_011,495.076000,0.380848,0.078853,0.734168,0.000748,-0.038043,-0.000170,0.999276
probe_part_paired2_011,495.087000,0.382101,0.077710,0.734146,0.000721,-0.038044,-0.000163,0.999276
probe_part_paired2_011,495.098000,0.383341,0.076558,0.734126,0.000726,-0.038045,-0.000160,0.999276
probe_part_paired2_011,495.109000,0.384567,0.075408,0.734111,0.000737,-0.038046,-0.000158,0.999276
probe_part_paired2_011,495.120000,0.385780,0.074267,0.734097,0.000743,-0.038047,-0.000155,0.999276
probe_part_paired2_011,495.131000,0.386980,0.073132,0.734083,0.000748,-0.038048,-0.000153,0.999276
probe_part_paired2_011,495.142000,0.388165,0.072009,0.734056,0.000762,-0.038068,-0.000166,0.999275
probe_part_paired2_011,495.153000,0.389338,0.070901,0.734035,0.000736,-0.038069,-0.000160,0.999275
probe_part_paired2_011,495.164000,0.390497,0.069778,0.734018,0.000756,-0.038070,-0.000159,0.999275
probe_part_paired2_011,495.175000,0.391644,0.068668,0.734004,0.000762,-0.038078,-0.000156,0.999274
probe_part_paired2_011,495.186000,0.392778,0.067564,0.733991,0.000768,-0.038079,-0.000153,0.999274
probe_part_paired2_011,495.197000,0.393900,0.066468,0.733976,0.000773,-0.038120,-0.000151,0.999273
probe_part_paired2_011,495.208000,0.395014,0.065377,0.733960,0.000777,-0.038225,-0.000148,0.999269
probe_part_paired2_011,495.219000,0.396118,0.064297,0.733942,0.000773,-0.038413,-0.000144,0.999262
probe_part_paired2_011,495.231000,0.397314,0.063127,0.733918,0.000767,-0.038724,-0.000140,0.999250
probe_part_paired2_011,495.242000,0.398382,0.062062,0.733903,0.000761,-0.038730,-0.000136,0.999249
probe_part_paired2_011,495.253000,0.399464,0.060990,0.733864,0.000840,-0.039206,-0.000110,0.999231
probe_part_paired2_011,495.264000,0.400551,0.059930,0.733829,0.000860,-0.040037,-0.000111,0.999198
probe_part_paired2_011,495.275000,0.401583,0.058881,0.733816,0.000870,-0.040080,-0.000111,0.999196
probe_part_paired2_011,495.286000,0.402601,0.057840,0.733804,0.000878,-0.040080,-0.000111,0.999196
probe_part_paired2_011,495.297000,0.403607,0.056808,0.733792,0.000883,-0.040080,-0.000111,0.999196
probe_part_paired2_011,495.308000,0.404607,0.055790,0.733760,0.000888,-0.040252,-0.000130,0.999189
probe_part_paired2_011,495.319000,0.405657,0.054768,0.733713,0.000905,-0.041548,-0.000132,0.999136
probe_part_paired2_011,495.330000,0.406677,0.053757,0.733676,0.000912,-0.042537,-0.000133,0.999094
probe_part_paired2_011,495.340000,0.407552,0.052847,0.733663,0.000914,-0.042618,-0.000132,0.999091
probe_part_paired2_011,495.343000,0.407813,0.052578,0.733658,0.000915,-0.042701,-0.000131,0.999087
probe_part_paired2_011,495.353000,0.408671,0.051682,0.733644,0.000916,-0.042810,-0.000130,0.999083
probe_part_paired2_011,495.363000,0.409523,0.050797,0.733618,0.000906,-0.042884,-0.000146,0.999080
probe_part_paired2_011,495.373000,0.410370,0.049912,0.733596,0.000898,-0.043051,-0.000143,0.999072
probe_part_paired2_011,495.383000,0.411213,0.049024,0.733577,0.000910,-0.043312,-0.000143,0.999061
probe_part_paired2_011,495.393000,0.412046,0.048147,0.733560,0.000914,-0.043574,-0.000141,0.999050
probe_part_paired2_011,495.403000,0.412872,0.047276,0.733542,0.000919,-0.043891,-0.000141,0.999036
probe_part_paired2_011,495.414000,0.413767,0.046327,0.733523,0.000922,-0.044196,-0.000139,0.999022
probe_part_paired2_011,495.424000,0.414571,0.045471,0.733506,0.000924,-0.044470,-0.000138,0.999010
probe_part_paired2_011,495.434000,0.415367,0.044622,0.733487,0.000928,-0.044802,-0.000138,0.998995
probe_part_paired2_011,495.444000,0.416143,0.043791,0.733462,0.000921,-0.044932,-0.000155,0.998990
probe_part_paired2_011,495.455000,0.416987,0.042880,0.733439,0.000908,-0.045090,-0.000151,0.998982
probe_part_paired2_011,495.466000,0.417824,0.041982,0.733406,0.000897,-0.045341,-0.000167,0.998971
probe_part_paired2_011,495.477000,0.418645,0.041082,0.733385,0.000899,-0.045488,-0.000165,0.998964
probe_part_paired2_011,495.487000,0.419377,0.040267,0.733374,0.000909,-0.045516,-0.000164,0.998963
probe_part_paired2_011,495.497000,0.420098,0.039462,0.733364,0.000914,-0.045522,-0.000162,0.998963
probe_part_paired2_011,495.507000,0.420820,0.038663,0.733341,0.000934,-0.045743,-0.000175,0.998953
probe_part_paired2_011,495.518000,0.421592,0.037813,0.733324,0.000896,-0.045745,-0.000167,0.998953
probe_part_paired2_011,495.528000,0.422292,0.037023,0.733309,0.000919,-0.045878,-0.000168,0.998947
probe_part_paired2_011,495.539000,0.423043,0.036171,0.733299,0.000923,-0.045887,-0.000166,0.998946
probe_part_paired2_011,495.549000,0.423716,0.035408,0.733279,0.000927,-0.045898,-0.000185,0.998946
probe_part_paired2_011,495.560000,0.424447,0.034592,0.733262,0.000890,-0.045900,-0.000177,0.998946
probe_part_paired2_011,495.571000,0.425168,0.033758,0.733249,0.000912,-0.045926,-0.000177,0.998944
probe_part_paired2_011,495.581000,0.425813,0.033016,0.733241,0.000916,-0.045927,-0.000175,0.998944
probe_part_paired2_011,495.591000,0.426449,0.032279,0.733233,0.000922,-0.045927,-0.000173,0.998944
probe_part_paired2_011,495.602000,0.427150,0.031479,0.733219,0.000926,-0.046140,-0.000170,0.998935
probe_part_paired2_011,495.612000,0.427780,0.030759,0.733207,0.000930,-0.046357,-0.000169,0.998925
probe_part_paired2_011,495.622000,0.428399,0.030047,0.733195,0.000934,-0.046541,-0.000167,0.998916
probe_part_paired2_011,495.632000,0.429010,0.029344,0.733182,0.000938,-0.046745,-0.000165,0.998906
probe_part_paired2_011,495.642000,0.429611,0.028649,0.733159,0.000949,-0.046931,-0.000186,0.998898
probe_part_paired2_011,495.652000,0.430195,0.027978,0.733145,0.000915,-0.046943,-0.000180,0.998897
probe_part_paired2_011,495.662000,0.430772,0.027295,0.733132,0.000923,-0.046981,-0.000178,0.998895
probe_part_paired2_011,495.672000,0.431351,0.026620,0.733117,0.000933,-0.047222,-0.000177,0.998884
probe_part_paired2_011,495.682000,0.431921,0.025955,0.733105,0.000938,-0.047454,-0.000176,0.998873
probe_part_paired2_011,495.692000,0.432479,0.025297,0.733084,0.000954,-0.047624,-0.000189,0.998865
probe_part_paired2_011,495.703000,0.433075,0.024599,0.733069,0.000923,-0.047639,-0.000182,0.998864
probe_part_paired2_011,495.714000,0.433662,0.023890,0.733057,0.000940,-0.047673,-0.000181,0.998863
probe_part_paired2_011,495.725000,0.434249,0.023195,0.733044,0.000947,-0.047882,-0.000180,0.998853
probe_part_paired2_011,495.736000,0.434826,0.022511,0.733032,0.000951,-0.048118,-0.000178,0.998841
probe_part_paired2_011,495.747000,0.435394,0.021836,0.733019,0.000956,-0.048350,-0.000176,0.998830
probe_part_paired2_011,495.758000,0.435948,0.021173,0.732997,0.000964,-0.048537,-0.000196,0.998821
probe_part_paired2_011,495.769000,0.436485,0.020537,0.732983,0.000925,-0.048538,-0.000188,0.998821
probe_part_paired2_011,495.780000,0.437014,0.019887,0.732970,0.000943,-0.048606,-0.000187,0.998818
probe_part_paired2_011,495.791000,0.437544,0.019250,0.732958,0.000951,-0.048843,-0.000186,0.998806
probe_part_paired2_011,495.801000,0.438016,0.018681,0.732947,0.000956,-0.049049,-0.000184,0.998796
probe_part_paired2_011,495.812000,0.438526,0.018066,0.732936,0.000959,-0.049264,-0.000182,0.998785
probe_part_paired2_011,495.820000,0.438898,0.017624,0.732924,0.000962,-0.049565,-0.000181,0.998770
probe_part_paired2_011,495.830000,0.439356,0.017079,0.732910,0.000966,-0.049931,-0.000181,0.998752
probe_part_paired2_011,495.838000,0.439704,0.016656,0.732891,0.000966,-0.050006,-0.000200,0.998748
probe_part_paired2_011,495.847000,0.440086,0.016195,0.732880,0.000934,-0.050007,-0.000194,0.998748
probe_part_paired2_011,495.857000,0.440511,0.015667,0.732867,0.000955,-0.050159,-0.000194,0.998741
probe_part_paired2_011,495.866000,0.440893,0.015203,0.732856,0.000962,-0.050394,-0.000193,0.998729
probe_part_paired2_011,495.875000,0.441265,0.014748,0.732847,0.000966,-0.050577,-0.000191,0.998720
probe_part_paired2_011,495.884000,0.441620,0.014310,0.732828,0.000949,-0.050585,-0.000208,0.998719
probe_part_paired2_011,495.893000,0.441972,0.013874,0.732818,0.000939,-0.050592,-0.000204,0.998719
probe_part_paired2_011,495.902000,0.442317,0.013436,0.732811,0.000950,-0.050608,-0.000203,0.998718
probe_part_paired2_011,495.912000,0.442695,0.012959,0.732794,0.000960,-0.050697,-0.000224,0.998714
probe_part_paired2_011,495.921000,0.443026,0.012547,0.732774,0.000948,-0.050705,-0.000235,0.998713
probe_part_paired2_011,495.930000,0.443351,0.012156,0.732760,0.000902,-0.050706,-0.000227,0.998713
probe_part_paired2_011,495.935000,0.443529,0.011930,0.732753,0.000905,-0.050707,-0.000226,0.998713
probe_part_paired2_011,495.945000,0.443879,0.011476,0.732746,0.000927,-0.050709,-0.000226,0.998713
probe_part_paired2_011,495.955000,0.444222,0.011037,0.732742,0.000934,-0.050735,-0.000224,0.998712
probe_part_paired2_011,495.965000,0.444558,0.010608,0.732739,0.000937,-0.050736,-0.000221,0.998712
probe_part_paired2_011,495.975000,0.444885,0.010189,0.732723,0.000936,-0.050744,-0.000240,0.998711
probe_part_paired2_011,495.985000,0.445206,0.009793,0.732714,0.000904,-0.050758,-0.000234,0.998711
probe_part_paired2_011,495.995000,0.445519,0.009386,0.732707,0.000916,-0.050758,-0.000232,0.998711
probe_part_paired2_011,496.006000,0.445855,0.008951,0.732703,0.000923,-0.050772,-0.000229,0.998710
probe_part_paired2_011,496.016000,0.446153,0.008566,0.732700,0.000930,-0.050786,-0.000227,0.998709
probe_part_paired2_011,496.027000,0.446472,0.008152,0.732697,0.000934,-0.050787,-0.000224,0.998709
probe_part_paired2_011,496.037000,0.446755,0.007789,0.732693,0.000938,-0.050845,-0.000222,0.998706
probe_part_paired2_011,496.048000,0.447061,0.007396,0.732689,0.000940,-0.050909,-0.000220,0.998703
probe_part_paired2_011,496.058000,0.447334,0.007048,0.732683,0.000946,-0.051022,-0.000218,0.998697
probe_part_paired2_011,496.069000,0.447624,0.006677,0.732678,0.000943,-0.051104,-0.000214,0.998693
probe_part_paired2_011,496.080000,0.447968,0.006319,0.732643,0.000936,-0.052371,-0.000213,0.998627
probe_part_paired2_011,496.091000,0.448309,0.005973,0.732605,0.000923,-0.053747,-0.000212,0.998554
probe_part_paired2_011,496.102000,0.448571,0.005640,0.732598,0.000909,-0.053793,-0.000210,0.998552
probe_part_paired2_011,496.112000,0.448809,0.005328,0.732578,0.000989,-0.053934,-0.000180,0.998544
probe_part_paired2_011,496.122000,0.449086,0.005029,0.732549,0.001013,-0.054987,-0.000182,0.998487
probe_part_paired2_011,496.131000,0.449426,0.004772,0.732481,0.001024,-0.057742,-0.000185,0.998331
probe_part_paired2_011,496.141000,0.449812,0.004499,0.732400,0.001028,-0.061095,-0.000188,0.998131
probe_part_paired2_011,496.150000,0.450045,0.004265,0.732375,0.001019,-0.062083,-0.000187,0.998070
probe_part_paired2_011,496.160000,0.450464,0.004014,0.732274,0.001006,-0.066275,-0.000189,0.997801
probe_part_paired2_011,496.171000,0.451100,0.003745,0.732088,0.001005,-0.074268,-0.000197,0.997238
probe_part_paired2_011,496.183000,0.451978,0.003456,0.731822,0.001019,-0.086482,-0.000210,0.996253
probe_part_paired2_011,496.195000,0.452993,0.003179,0.731523,0.001036,-0.101233,-0.000226,0.994862
probe_part_paired2_011,496.206000,0.454006,0.002938,0.731244,0.001051,-0.116248,-0.000243,0.993220
probe_part_paired2_011,496.217000,0.455093,0.002708,0.730970,0.001063,-0.132537,-0.000261,0.991178
probe_part_paired2_011,496.230000,0.456417,0.002453,0.730675,0.001073,-0.152451,-0.000283,0.988310
probe_part_paired2_011,496.243000,0.457731,0.002214,0.730427,0.001080,-0.172126,-0.000305,0.985074
probe_part_paired2_011,496.255000,0.458887,0.002008,0.730247,0.001084,-0.189305,-0.000324,0.981918
probe_part_paired2_011,496.269000,0.460106,0.001784,0.730096,0.001086,-0.207171,-0.000343,0.978304
probe_part_paired2_011,496.284000,0.461170,0.001565,0.729997,0.001086,-0.222333,-0.000360,0.974970
probe_part_paired2_011,496.298000,0.461877,0.001388,0.729946,0.001213,-0.231898,-0.000329,0.972739
probe_part_paired2_011,496.308000,0.462103,0.001258,0.729931,0.001232,-0.234134,-0.000335,0.972203
probe_part_paired2_011,496.318000,0.462187,0.001144,0.729930,0.001238,-0.234134,-0.000334,0.972203
probe_part_paired2_011,496.329000,0.462272,0.001030,0.729929,0.001241,-0.234134,-0.000333,0.972203
probe_part_paired2_011,496.342000,0.462362,0.000911,0.729929,0.001244,-0.234134,-0.000332,0.972203
probe_part_paired2_011,496.355000,0.462440,0.000807,0.729929,0.001245,-0.234134,-0.000331,0.972203
probe_part_paired2_011,496.368000,0.462507,0.000718,0.729928,0.001247,-0.234134,-0.000330,0.972203
probe_part_paired2_011,496.379000,0.462555,0.000658,0.729915,0.001170,-0.234151,-0.000324,0.972199
probe_part_paired2_011,496.389000,0.462592,0.000599,0.729900,0.001208,-0.234152,-0.000342,0.972199
probe_part_paired2_011,496.399000,0.462623,0.000555,0.729899,0.001216,-0.234152,-0.000341,0.972199
probe_part_paired2_011,496.409000,0.462649,0.000519,0.729899,0.001218,-0.234152,-0.000340,0.972199
probe_part_paired2_011,496.419000,0.462672,0.000488,0.729900,0.001218,-0.234152,-0.000338,0.972199
probe_part_paired2_011,496.429000,0.462692,0.000463,0.729901,0.001219,-0.234152,-0.000337,0.972199
probe_part_paired2_011,496.438000,0.462707,0.000443,0.729901,0.001219,-0.234152,-0.000336,0.972199
probe_part_paired2_011,496.444000,0.462715,0.000431,0.729901,0.001219,-0.234152,-0.000336,0.972199
probe_part_paired2_011,496.450000,0.462718,0.000427,0.729902,0.001219,-0.234152,-0.000335,0.972199
probe_part_paired2_011,496.460000,0.462711,0.000438,0.729902,0.001219,-0.234152,-0.000336,0.972199
probe_part_paired2_011,496.470000,0.462705,0.000443,0.729887,0.001236,-0.234153,-0.000344,0.972199
probe_part_paired2_011,496.481000,0.462701,0.000448,0.729880,0.001242,-0.234153,-0.000346,0.972199
probe_part_paired2_011,496.491000,0.462698,0.000455,0.729870,0.001241,-0.234153,-0.000346,0.972199
probe_part_paired2_011,496.502000,0.462695,0.000461,0.729855,0.001240,-0.234153,-0.000346,0.972199
probe_part_paired2_011,496.512000,0.462694,0.000467,0.729835,0.001239,-0.234153,-0.000346,0.972199
probe_part_paired2_011,496.522000,0.462694,0.000473,0.729810,0.001239,-0.234153,-0.000346,0.972199
probe_part_paired2_011,496.533000,0.462694,0.000479,0.729776,0.001238,-0.234153,-0.000346,0.972199
probe_part_paired2_011,496.546000,0.462696,0.000487,0.729725,0.001237,-0.234153,-0.000346,0.972199
probe_part_paired2_011,496.559000,0.462700,0.000494,0.729662,0.001235,-0.234153,-0.000346,0.972199
probe_part_paired2_011,496.572000,0.462705,0.000502,0.729587,0.001235,-0.234153,-0.000346,0.972199
probe_part_paired2_011,496.584000,0.462711,0.000509,0.729506,0.001234,-0.234153,-0.000346,0.972199
probe_part_paired2_011,496.596000,0.462717,0.000517,0.729414,0.001233,-0.234153,-0.000345,0.972199
probe_part_paired2_011,496.608000,0.462725,0.000525,0.729311,0.001233,-0.234153,-0.000345,0.972199
probe_part_paired2_011,496.621000,0.462735,0.000533,0.729186,0.001232,-0.234153,-0.000345,0.972199
probe_part_paired2_011,496.634000,0.462746,0.000543,0.729046,0.001231,-0.234153,-0.000345,0.972199
probe_part_paired2_011,496.647000,0.462758,0.000558,0.728882,0.001131,-0.234155,-0.000326,0.972199
probe_part_paired2_011,496.658000,0.462769,0.000559,0.728738,0.001151,-0.234155,-0.000331,0.972199
probe_part_paired2_011,496.669000,0.462781,0.000567,0.728588,0.001155,-0.234155,-0.000332,0.972199
probe_part_paired2_011,496.682000,0.462797,0.000579,0.728398,0.001157,-0.234155,-0.000332,0.972199
probe_part_paired2_011,496.695000,0.462813,0.000591,0.728194,0.001158,-0.234155,-0.000332,0.972199
probe_part_paired2_011,496.708000,0.462831,0.000605,0.727976,0.001159,-0.234154,-0.000333,0.972199
probe_part_paired2_011,496.721000,0.462850,0.000619,0.727743,0.001160,-0.234154,-0.000333,0.972199
probe_part_paired2_011,496.733000,0.462868,0.000633,0.727515,0.001161,-0.234154,-0.000333,0.972199
probe_part_paired2_011,496.744000,0.462886,0.000646,0.727295,0.001161,-0.234154,-0.000333,0.972199
probe_part_paired2_011,496.754000,0.462902,0.000662,0.727074,0.001065,-0.234158,-0.000315,0.972198
probe_part_paired2_011,496.765000,0.462921,0.000669,0.726831,0.001082,-0.234158,-0.000319,0.972198
probe_part_paired2_011,496.776000,0.462941,0.000682,0.726581,0.001087,-0.234158,-0.000320,0.972198
probe_part_paired2_011,496.786000,0.462959,0.000698,0.726336,0.001094,-0.234159,-0.000326,0.972198
probe_part_paired2_011,496.796000,0.462979,0.000706,0.726088,0.001110,-0.234159,-0.000330,0.972198
probe_part_paired2_011,496.806000,0.462998,0.000719,0.725834,0.001114,-0.234159,-0.000330,0.972198
probe_part_paired2_011,496.816000,0.463019,0.000733,0.725572,0.001115,-0.234159,-0.000330,0.972198
probe_part_paired2_011,496.827000,0.463042,0.000750,0.725274,0.001115,-0.234159,-0.000330,0.972198
probe_part_paired2_011,496.838000,0.463065,0.000768,0.724966,0.001115,-0.234159,-0.000330,0.972198
probe_part_paired2_011,496.848000,0.463087,0.000784,0.724677,0.001115,-0.234159,-0.000330,0.972198
probe_part_paired2_011,496.858000,0.463110,0.000801,0.724379,0.001115,-0.234158,-0.000330,0.972198
probe_part_paired2_011,496.869000,0.463135,0.000821,0.724041,0.001115,-0.234158,-0.000329,0.972198
probe_part_paired2_011,496.882000,0.463166,0.000844,0.723629,0.001115,-0.234158,-0.000329,0.972198
probe_part_paired2_011,496.895000,0.463198,0.000868,0.723202,0.001115,-0.234158,-0.000329,0.972198
probe_part_paired2_011,496.908000,0.463230,0.000892,0.722760,0.001115,-0.234158,-0.000328,0.972198
probe_part_paired2_011,496.921000,0.463263,0.000917,0.722303,0.001115,-0.234158,-0.000328,0.972198
probe_part_paired2_011,496.932000,0.463291,0.000950,0.721897,0.001023,-0.234166,-0.000312,0.972196
probe_part_paired2_011,496.941000,0.463315,0.000958,0.721558,0.001045,-0.234166,-0.000317,0.972196
probe_part_paired2_011,496.949000,0.463336,0.000970,0.721255,0.001052,-0.234166,-0.000318,0.972196
probe_part_paired2_011,496.958000,0.463360,0.000987,0.720909,0.001055,-0.234166,-0.000319,0.972196
probe_part_paired2_011,496.970000,0.463393,0.001011,0.720437,0.001056,-0.234165,-0.000319,0.972196
probe_part_paired2_011,496.983000,0.463429,0.001037,0.719911,0.001058,-0.234165,-0.000319,0.972196
probe_part_paired2_011,496.996000,0.463466,0.001064,0.719371,0.001058,-0.234165,-0.000318,0.972196
probe_part_paired2_011,497.009000,0.463502,0.001091,0.718817,0.001059,-0.234165,-0.000318,0.972196
probe_part_paired2_011,497.022000,0.463540,0.001118,0.718248,0.001059,-0.234165,-0.000318,0.972196
probe_part_paired2_011,497.036000,0.463581,0.001148,0.717618,0.001060,-0.234164,-0.000318,0.972196
probe_part_paired2_011,497.048000,0.463616,0.001177,0.717052,0.000968,-0.234166,-0.000301,0.972196
probe_part_paired2_011,497.059000,0.463648,0.001194,0.716531,0.000983,-0.234166,-0.000304,0.972196
probe_part_paired2_011,497.070000,0.463680,0.001214,0.715991,0.001013,-0.234166,-0.000315,0.972196
probe_part_paired2_011,497.080000,0.463710,0.001233,0.715500,0.001020,-0.234166,-0.000317,0.972196
probe_part_paired2_011,497.091000,0.463743,0.001256,0.714953,0.001021,-0.234166,-0.000316,0.972196
probe_part_paired2_011,497.102000,0.463777,0.001281,0.714395,0.001022,-0.234166,-0.000316,0.972196
probe_part_paired2_011,497.113000,0.463810,0.001305,0.713827,0.001022,-0.234166,-0.000316,0.972196
probe_part_paired2_011,497.124000,0.463843,0.001329,0.713248,0.001022,-0.234166,-0.000315,0.972196
probe_part_paired2_011,497.135000,0.463876,0.001353,0.712659,0.001022,-0.234166,-0.000315,0.972196
probe_part_paired2_011,497.146000,0.463909,0.001377,0.712059,0.001022,-0.234165,-0.000315,0.972196
probe_part_paired2_011,497.157000,0.463942,0.001402,0.711437,0.001043,-0.234165,-0.000324,0.972196
probe_part_paired2_011,497.168000,0.463976,0.001423,0.710815,0.001052,-0.234165,-0.000325,0.972196
probe_part_paired2_011,497.179000,0.464009,0.001447,0.710183,0.001052,-0.234165,-0.000325,0.972196
probe_part_paired2_011,497.190000,0.464041,0.001470,0.709530,0.001077,-0.234165,-0.000335,0.972196
probe_part_paired2_011,497.201000,0.464074,0.001493,0.708877,0.001081,-0.234165,-0.000335,0.972196
probe_part_paired2_011,497.211000,0.464104,0.001515,0.708276,0.001080,-0.234165,-0.000335,0.972196
probe_part_paired2_011,497.222000,0.464136,0.001539,0.707604,0.001078,-0.234165,-0.000334,0.972196
probe_part_paired2_011,497.233000,0.464168,0.001563,0.706923,0.001077,-0.234165,-0.000333,0.972196
probe_part_paired2_011,497.244000,0.464200,0.001586,0.706231,0.001076,-0.234164,-0.000332,0.972196
probe_part_paired2_011,497.255000,0.464231,0.001610,0.705528,0.001074,-0.234164,-0.000331,0.972196
probe_part_paired2_011,497.265000,0.464259,0.001630,0.704881,0.001073,-0.234164,-0.000330,0.972196
probe_part_paired2_011,497.275000,0.464287,0.001651,0.704225,0.001072,-0.234164,-0.000330,0.972197
probe_part_paired2_011,497.285000,0.464315,0.001671,0.703560,0.001072,-0.234164,-0.000329,0.972197
probe_part_paired2_011,497.296000,0.464344,0.001697,0.702811,0.001075,-0.234164,-0.000334,0.972196
probe_part_paired2_011,497.307000,0.464374,0.001713,0.702055,0.001088,-0.234164,-0.000336,0.972196
probe_part_paired2_011,497.318000,0.464402,0.001733,0.701292,0.001091,-0.234164,-0.000336,0.972196
probe_part_paired2_011,497.329000,0.464431,0.001753,0.700521,0.001090,-0.234164,-0.000336,0.972197
probe_part_paired2_011,497.340000,0.464458,0.001773,0.699739,0.001089,-0.234164,-0.000335,0.972197
probe_part_paired2_011,497.350000,0.464483,0.001790,0.699019,0.001088,-0.234163,-0.000334,0.972197
probe_part_paired2_011,497.361000,0.464509,0.001809,0.698217,0.001087,-0.234163,-0.000333,0.972197
probe_part_paired2_011,497.372000,0.464534,0.001830,0.697394,0.001100,-0.234163,-0.000340,0.972197
probe_part_paired2_011,497.383000,0.464559,0.001843,0.696568,0.001110,-0.234163,-0.000342,0.972197
probe_part_paired2_011,497.393000,0.464580,0.001857,0.695812,0.001111,-0.234163,-0.000341,0.972197
probe_part_paired2_011,497.404000,0.464603,0.001874,0.694970,0.001110,-0.234163,-0.000340,0.972197
probe_part_paired2_011,497.414000,0.464624,0.001888,0.694196,0.001108,-0.234163,-0.000339,0.972197
probe_part_paired2_011,497.425000,0.464645,0.001903,0.693335,0.001107,-0.234163,-0.000338,0.972197
probe_part_paired2_011,497.435000,0.464663,0.001916,0.692543,0.001106,-0.234162,-0.000337,0.972197
probe_part_paired2_011,497.446000,0.464683,0.001930,0.691662,0.001105,-0.234162,-0.000337,0.972197
probe_part_paired2_011,497.458000,0.464702,0.001943,0.690690,0.001104,-0.234162,-0.000336,0.972197
probe_part_paired2_011,497.470000,0.464721,0.001956,0.689705,0.001103,-0.234162,-0.000334,0.972197
probe_part_paired2_011,497.483000,0.464739,0.001968,0.688624,0.001101,-0.234161,-0.000333,0.972197
probe_part_paired2_011,497.495000,0.464755,0.001978,0.687613,0.001100,-0.234161,-0.000332,0.972197
probe_part_paired2_011,497.508000,0.464770,0.001988,0.686503,0.001099,-0.234161,-0.000331,0.972197
probe_part_paired2_011,497.521000,0.464783,0.001995,0.685380,0.001098,-0.234160,-0.000330,0.972197
probe_part_paired2_011,497.533000,0.464793,0.002007,0.684320,0.000999,-0.234164,-0.000311,0.972197
probe_part_paired2_011,497.544000,0.464800,0.001999,0.683334,0.001044,-0.234164,-0.000326,0.972197
probe_part_paired2_011,497.554000,0.464806,0.001998,0.682449,0.001051,-0.234163,-0.000327,0.972197
probe_part_paired2_011,497.565000,0.464811,0.001997,0.681460,0.001079,-0.234163,-0.000337,0.972197
probe_part_paired2_011,497.575000,0.464814,0.001996,0.680572,0.001082,-0.234163,-0.000337,0.972197
probe_part_paired2_011,497.584000,0.464816,0.001995,0.679774,0.001082,-0.234163,-0.000336,0.972197
probe_part_paired2_011,497.592000,0.464817,0.001995,0.679067,0.001081,-0.234163,-0.000336,0.972197
probe_part_paired2_011,497.602000,0.464816,0.001992,0.678184,0.001079,-0.234163,-0.000335,0.972197
probe_part_paired2_011,497.612000,0.464815,0.001989,0.677305,0.001079,-0.234163,-0.000334,0.972197
probe_part_paired2_011,497.623000,0.464811,0.001985,0.676343,0.001077,-0.234163,-0.000333,0.972197
probe_part_paired2_011,497.634000,0.464806,0.001979,0.675387,0.001076,-0.234163,-0.000331,0.972197
probe_part_paired2_011,497.645000,0.464800,0.001972,0.674438,0.001075,-0.234163,-0.000330,0.972197
probe_part_paired2_011,497.656000,0.464792,0.001964,0.673497,0.001074,-0.234162,-0.000329,0.972197
probe_part_paired2_011,497.667000,0.464783,0.001954,0.672563,0.001074,-0.234162,-0.000329,0.972197
probe_part_paired2_011,497.678000,0.464773,0.001944,0.671638,0.001073,-0.234162,-0.000328,0.972197
probe_part_paired2_011,497.689000,0.464761,0.001933,0.670721,0.001073,-0.234162,-0.000327,0.972197
probe_part_paired2_011,497.702000,0.464745,0.001919,0.669649,0.001072,-0.234161,-0.000326,0.972197
probe_part_paired2_011,497.713000,0.464731,0.001906,0.668752,0.001071,-0.234161,-0.000325,0.972197
probe_part_paired2_011,497.723000,0.464716,0.001893,0.667945,0.001071,-0.234161,-0.000324,0.972197
probe_part_paired2_011,497.735000,0.464698,0.001876,0.666987,0.001070,-0.234160,-0.000324,0.972197
probe_part_paired2_011,497.748000,0.464677,0.001858,0.665963,0.001069,-0.234160,-0.000322,0.972197
probe_part_paired2_011,497.759000,0.464657,0.001841,0.665092,0.000983,-0.234159,-0.000307,0.972198
probe_part_paired2_011,497.770000,0.464637,0.001819,0.664244,0.000993,-0.234159,-0.000308,0.972198
probe_part_paired2_011,497.781000,0.464616,0.001799,0.663409,0.000995,-0.234159,-0.000308,0.972198
probe_part_paired2_011,497.792000,0.464594,0.001780,0.662584,0.000997,-0.234158,-0.000308,0.972198
probe_part_paired2_011,497.803000,0.464571,0.001759,0.661769,0.000998,-0.234158,-0.000308,0.972198
probe_part_paired2_011,497.815000,0.464545,0.001737,0.660891,0.000998,-0.234158,-0.000307,0.972198
probe_part_paired2_011,497.828000,0.464516,0.001712,0.659954,0.000999,-0.234158,-0.000306,0.972198
probe_part_paired2_011,497.840000,0.464489,0.001687,0.659102,0.001000,-0.234157,-0.000306,0.972198
probe_part_paired2_011,497.853000,0.464458,0.001661,0.658193,0.001000,-0.234157,-0.000305,0.972198
probe_part_paired2_011,497.866000,0.464426,0.001634,0.657299,0.001001,-0.234157,-0.000305,0.972198
probe_part_paired2_011,497.879000,0.464394,0.001606,0.656419,0.001000,-0.234157,-0.000304,0.972198
probe_part_paired2_011,497.893000,0.464358,0.001574,0.655487,0.001001,-0.234157,-0.000303,0.972198
probe_part_paired2_011,497.907000,0.464321,0.001543,0.654572,0.001001,-0.234157,-0.000303,0.972198
probe_part_paired2_011,497.919000,0.464289,0.001524,0.653790,0.000899,-0.234155,-0.000283,0.972199
probe_part_paired2_011,497.930000,0.464259,0.001489,0.653089,0.000922,-0.234155,-0.000288,0.972199
probe_part_paired2_011,497.940000,0.464232,0.001462,0.652452,0.000952,-0.234155,-0.000299,0.972199
probe_part_paired2_011,497.951000,0.464201,0.001432,0.651763,0.000984,-0.234155,-0.000311,0.972199
probe_part_paired2_011,497.962000,0.464170,0.001405,0.651097,0.000989,-0.234155,-0.000312,0.972199
probe_part_paired2_011,497.972000,0.464142,0.001385,0.650493,0.001003,-0.234155,-0.000319,0.972199
probe_part_paired2_011,497.983000,0.464111,0.001354,0.649844,0.001016,-0.234155,-0.000321,0.972199
probe_part_paired2_011,497.994000,0.464080,0.001328,0.649208,0.001017,-0.234155,-0.000321,0.972199
probe_part_paired2_011,498.004000,0.464051,0.001305,0.648641,0.001017,-0.234155,-0.000320,0.972199
probe_part_paired2_011,498.015000,0.464020,0.001280,0.648026,0.001015,-0.234155,-0.000319,0.972199
probe_part_paired2_011,498.026000,0.463988,0.001254,0.647422,0.001013,-0.234155,-0.000319,0.972199
probe_part_paired2_011,498.036000,0.463959,0.001231,0.646882,0.001012,-0.234155,-0.000318,0.972199
probe_part_paired2_011,498.047000,0.463928,0.001206,0.646298,0.001011,-0.234155,-0.000317,0.972199
probe_part_paired2_011,498.057000,0.463899,0.001182,0.645775,0.001010,-0.234155,-0.000316,0.972199
probe_part_paired2_011,498.067000,0.463869,0.001160,0.645237,0.001051,-0.234155,-0.000335,0.972199
probe_part_paired2_011,498.078000,0.463838,0.001128,0.644677,0.001065,-0.234155,-0.000338,0.972199
probe_part_paired2_011,498.089000,0.463806,0.001103,0.644132,0.001065,-0.234155,-0.000337,0.972199
probe_part_paired2_011,498.100000,0.463775,0.001079,0.643598,0.001063,-0.234155,-0.000336,0.972199
probe_part_paired2_011,498.111000,0.463744,0.001054,0.643073,0.001060,-0.234155,-0.000335,0.972199
probe_part_paired2_011,498.121000,0.463715,0.001032,0.642605,0.001058,-0.234155,-0.000334,0.972199
probe_part_paired2_011,498.131000,0.463687,0.001010,0.642146,0.001056,-0.234155,-0.000333,0.972199
probe_part_paired2_011,498.141000,0.463659,0.000988,0.641695,0.001054,-0.234155,-0.000332,0.972199
probe_part_paired2_011,498.151000,0.463631,0.000966,0.641253,0.001053,-0.234155,-0.000331,0.972199
probe_part_paired2_011,498.162000,0.463601,0.000942,0.640776,0.001052,-0.234155,-0.000331,0.972199
probe_part_paired2_011,498.172000,0.463573,0.000920,0.640353,0.001051,-0.234155,-0.000330,0.972199
probe_part_paired2_011,498.183000,0.463543,0.000896,0.639895,0.001049,-0.234155,-0.000329,0.972199
probe_part_paired2_011,498.193000,0.463517,0.000875,0.639489,0.001048,-0.234155,-0.000329,0.972199
probe_part_paired2_011,498.204000,0.463487,0.000852,0.639051,0.001047,-0.234155,-0.000328,0.972199
probe_part_paired2_011,498.216000,0.463456,0.000828,0.638585,0.001046,-0.234155,-0.000327,0.972199
probe_part_paired2_011,498.229000,0.463422,0.000801,0.638095,0.001045,-0.234155,-0.000327,0.972199
probe_part_paired2_011,498.241000,0.463392,0.000777,0.637654,0.001044,-0.234155,-0.000326,0.972199
probe_part_paired2_011,498.253000,0.463362,0.000753,0.637226,0.001044,-0.234155,-0.000326,0.972199
probe_part_paired2_011,498.265000,0.463333,0.000730,0.636810,0.001043,-0.234155,-0.000325,0.972199
probe_part_paired2_011,498.278000,0.463302,0.000705,0.636374,0.001042,-0.234155,-0.000324,0.972199
probe_part_paired2_011,498.290000,0.463273,0.000688,0.635971,0.000943,-0.234153,-0.000306,0.972199
probe_part_paired2_011,498.301000,0.463248,0.000660,0.635620,0.000962,-0.234153,-0.000310,0.972199
probe_part_paired2_011,498.311000,0.463225,0.000639,0.635313,0.000967,-0.234153,-0.000311,0.972199
probe_part_paired2_011,498.321000,0.463203,0.000620,0.635015,0.000968,-0.234153,-0.000311,0.972199
probe_part_paired2_011,498.331000,0.463182,0.000603,0.634725,0.000970,-0.234153,-0.000311,0.972199
probe_part_paired2_011,498.341000,0.463161,0.000586,0.634444,0.000970,-0.234153,-0.000311,0.972199
probe_part_paired2_011,498.353000,0.463136,0.000566,0.634118,0.000971,-0.234153,-0.000311,0.972199
probe_part_paired2_011,498.366000,0.463110,0.000544,0.633778,0.000972,-0.234153,-0.000311,0.972199
probe_part_paired2_011,498.379000,0.462593,0.000531,0.633488,0.000958,-0.225901,-0.000300,0.974150
probe_part_paired2_011,498.392000,0.461947,0.000520,0.633232,0.000937,-0.215451,-0.000286,0.976514
probe_part_paired2_011,498.405000,0.461684,0.000499,0.632960,0.000943,-0.211409,-0.000283,0.977397
probe_part_paired2_011,498.418000,0.461592,0.000484,0.632684,0.000934,-0.210227,-0.000280,0.977652
probe_part_paired2_011,498.431000,0.461392,0.000478,0.632433,0.000906,-0.207197,-0.000271,0.978299
probe_part_paired2_011,498.446000,0.461169,0.000475,0.632160,0.000868,-0.203825,-0.000260,0.979007
probe_part_paired2_011,498.461000,0.460958,0.000474,0.631904,0.000828,-0.200602,-0.000249,0.979672
probe_part_paired2_011,498.476000,0.460757,0.000474,0.631666,0.000787,-0.197545,-0.000239,0.980294
probe_part_paired2_011,498.492000,0.460557,0.000475,0.631433,0.000744,-0.194480,-0.000229,0.980906
probe_part_paired2_011,498.507000,0.460382,0.000476,0.631233,0.000706,-0.191802,-0.000220,0.981433
probe_part_paired2_011,498.523000,0.460210,0.000475,0.631040,0.000673,-0.189162,-0.000213,0.981946
probe_part_paired2_011,498.539000,0.460055,0.000473,0.630869,0.000646,-0.186771,-0.000208,0.982403
probe_part_paired2_011,498.555000,0.459917,0.000467,0.630719,0.000631,-0.184645,-0.000205,0.982805
probe_part_paired2_011,498.571000,0.459796,0.000467,0.630588,0.000605,-0.182769,-0.000201,0.983156
probe_part_paired2_011,498.587000,0.459692,0.000457,0.630479,0.000607,-0.181167,-0.000201,0.983452
probe_part_paired2_011,498.603000,0.459605,0.000451,0.630388,0.000605,-0.179815,-0.000200,0.983700
probe_part_paired2_011,498.618000,0.459541,0.000451,0.630321,0.000588,-0.178821,-0.000199,0.983881
probe_part_paired2_011,498.635000,0.459484,0.000440,0.630263,0.000603,-0.177940,-0.000201,0.984041
probe_part_paired2_011,498.650000,0.459445,0.000442,0.630223,0.000585,-0.177338,-0.000200,0.984150
probe_part_paired2_011,498.666000,0.459411,0.000441,0.630188,0.000579,-0.176811,-0.000200,0.984245
probe_part_paired2_011,498.681000,0.459387,0.000437,0.630164,0.000580,-0.176439,-0.000201,0.984311
probe_part_paired2_011,498.696000,0.459368,0.000435,0.630144,0.000580,-0.176143,-0.000201,0.984364
probe_part_paired2_011,498.711000,0.459353,0.000351,0.630139,0.000771,-0.175908,-0.000231,0.984406
probe_part_paired2_011,498.727000,0.459364,0.000082,0.630165,0.000972,-0.176007,-0.000067,0.984388
probe_part_paired2_011,498.744000,0.459599,-0.000102,0.629836,0.000262,-0.169113,-0.001787,0.985595
probe_part_paired2_011,498.762000,0.460427,-0.000215,0.629312,0.000707,-0.148942,-0.004717,0.988834
probe_part_paired2_011,498.779000,0.461922,-0.000307,0.628639,0.000876,-0.120607,-0.007200,0.992674
probe_part_paired2_011,498.797000,0.464284,-0.000321,0.627538,0.000601,-0.078478,-0.007615,0.996887
probe_part_paired2_011,498.814000,0.467221,-0.000321,0.625822,0.000182,-0.023666,-0.007637,0.999691
probe_part_paired2_011,498.830000,0.469119,-0.000329,0.625332,0.000046,0.013680,-0.007639,0.999877
probe_part_paired2_011,498.847000,0.469260,-0.000331,0.625483,0.000068,0.016435,-0.007639,0.999836
probe_part_paired2_011,498.864000,0.468518,-0.000321,0.624905,-0.000022,0.001850,-0.007639,0.999969
probe_part_paired2_011,498.880000,0.468462,-0.000321,0.624950,-0.000012,0.000733,-0.007639,0.999971
probe_part_paired2_011,498.897000,0.468456,-0.000321,0.624958,-0.000010,0.000618,-0.007639,0.999971
probe_part_paired2_011,498.914000,0.468451,-0.000321,0.624965,-0.000009,0.000521,-0.007639,0.999971
probe_part_paired2_011,498.930000,0.468448,-0.000321,0.624970,-0.000008,0.000443,-0.007639,0.999971
probe_part_paired2_011,498.947000,0.468444,-0.000321,0.624975,-0.000006,0.000374,-0.007639,0.999971
probe_part_paired2_011,498.964000,0.468441,-0.000321,0.624979,-0.000005,0.000315,-0.007639,0.999971
probe_part_paired2_011,498.979000,0.468439,-0.000321,0.624982,-0.000005,0.000271,-0.007639,0.999971
probe_part_paired2_011,498.990000,0.468438,-0.000321,0.624983,-0.000004,0.000243,-0.007639,0.999971
probe_part_paired2_011,499.003000,0.468436,-0.000321,0.624985,-0.000004,0.000213,-0.007639,0.999971
probe_part_paired2_011,499.018000,0.468435,-0.000321,0.624988,-0.000003,0.000183,-0.007639,0.999971
probe_part_paired2_011,499.034000,0.468433,-0.000321,0.624989,-0.000003,0.000156,-0.007639,0.999971
probe_part_paired2_011,499.050000,0.468432,-0.000321,0.624991,-0.000002,0.000133,-0.007639,0.999971
probe_part_paired2_011,499.064000,0.468431,-0.000321,0.624992,-0.000002,0.000115,-0.007639,0.999971
probe_part_paired2_011,499.079000,0.468430,-0.000321,0.624993,-0.000002,0.000099,-0.007639,0.999971
probe_part_paired2_011,499.090000,0.468430,-0.000321,0.624994,-0.000002,0.000090,-0.007639,0.999971
probe_part_paired2_011,499.107000,0.468429,-0.000321,0.624995,-0.000001,0.000075,-0.007639,0.999971
probe_part_paired2_011,499.124000,0.468429,-0.000321,0.624996,-0.000001,0.000064,-0.007639,0.999971
probe_part_paired2_011,499.141000,0.468428,-0.000321,0.624996,-0.000001,0.000053,-0.007639,0.999971
probe_part_paired2_011,499.158000,0.468428,-0.000321,0.624997,-0.000001,0.000046,-0.007639,0.999971
probe_part_paired2_011,499.175000,0.468427,-0.000321,0.624997,-0.000001,0.000038,-0.007639,0.999971
probe_part_paired2_011,499.192000,0.468427,-0.000321,0.624998,-0.000001,0.000033,-0.007639,0.999971
probe_part_paired2_011,499.209000,0.468427,-0.000321,0.624998,-0.000000,0.000027,-0.007639,0.999971
probe_part_paired2_011,499.225000,0.468427,-0.000321,0.624998,-0.000000,0.000024,-0.007639,0.999971
probe_part_paired2_011,499.241000,0.468426,-0.000321,0.624999,-0.000000,0.000020,-0.007639,0.999971
probe_part_paired2_011,499.258000,0.468426,-0.000321,0.624999,-0.000000,0.000017,-0.007639,0.999971
probe_part_paired2_011,499.274000,0.468426,-0.000321,0.624999,-0.000000,0.000015,-0.007639,0.999971
probe_part_paired2_011,499.289000,0.468426,-0.000321,0.624999,-0.000000,0.000012,-0.007639,0.999971
probe_part_paired2_011,499.305000,0.468426,-0.000321,0.624999,-0.000000,0.000010,-0.007639,0.999971
probe_part_paired2_011,499.322000,0.468426,-0.000321,0.624999,-0.000000,0.000009,-0.007639,0.999971
probe_part_paired2_011,499.339000,0.468426,-0.000321,0.624999,-0.000000,0.000008,-0.007639,0.999971
probe_part_paired2_011,499.356000,0.468426,-0.000321,0.625000,-0.000000,0.000006,-0.007639,0.999971
probe_part_paired2_011,499.373000,0.468426,-0.000321,0.625000,-0.000000,0.000005,-0.007639,0.999971
probe_part_paired2_011,499.390000,0.468426,-0.000321,0.625000,-0.000000,0.000005,-0.007639,0.999971
probe_part_paired2_011,499.407000,0.468426,-0.000321,0.625000,-0.000000,0.000004,-0.007639,0.999971
probe_part_paired2_011,499.424000,0.468426,-0.000321,0.625000,-0.000000,0.000003,-0.007639,0.999971
probe_part_paired2_011,499.440000,0.468426,-0.000321,0.625000,-0.000000,0.000003,-0.007639,0.999971
probe_part_paired2_011,499.457000,0.468426,-0.000321,0.625000,-0.000000,0.000003,-0.007639,0.999971
probe_part_paired2_011,499.474000,0.468426,-0.000321,0.625000,-0.000000,0.000002,-0.007639,0.999971
probe_part_paired2_011,499.491000,0.468426,-0.000321,0.625000,-0.000000,0.000002,-0.007639,0.999971
probe_part_paired2_011,499.507000,0.468426,-0.000321,0.625000,-0.000000,0.000002,-0.007639,0.999971
probe_part_paired2_011,499.523000,0.468426,-0.000321,0.625000,-0.000000,0.000002,-0.007639,0.999971
probe_part_paired2_011,499.540000,0.468425,-0.000321,0.625000,-0.000000,0.000001,-0.007639,0.999971
probe_part_paired2_011,499.557000,0.468425,-0.000321,0.625000,-0.000000,0.000001,-0.007639,0.999971
probe_part_paired2_011,499.574000,0.468425,-0.000321,0.625000,-0.000000,0.000001,-0.007639,0.999971
probe_part_paired2_011,499.591000,0.468425,-0.000321,0.625000,-0.000000,0.000001,-0.007639,0.999971
probe_part_paired2_011,499.607000,0.468425,-0.000321,0.625000,-0.000000,0.000001,-0.007639,0.999971
probe_part_paired2_011,499.624000,0.468425,-0.000321,0.625000,-0.000000,0.000001,-0.007639,0.999971
probe_part_paired2_011,499.641000,0.468425,-0.000321,0.625000,-0.000000,0.000001,-0.007639,0.999971
probe_part_paired2_011,499.658000,0.468425,-0.000321,0.625000,-0.000000,0.000001,-0.007639,0.999971
probe_part_paired2_011,499.675000,0.468425,-0.000321,0.625000,-0.000000,0.000001,-0.007639,0.999971
probe_part_paired2_011,499.693000,0.468425,-0.000321,0.625000,-0.000000,0.000001,-0.007639,0.999971
probe_part_paired2_011,499.710000,0.468425,-0.000321,0.625000,-0.000000,0.000001,-0.007639,0.999971
probe_part_paired2_011,499.727000,0.468425,-0.000321,0.625000,-0.000000,0.000001,-0.007639,0.999971
probe_part_paired2_011,499.744000,0.468425,-0.000321,0.625000,-0.000000,0.000001,-0.007639,0.999971
probe_part_paired2_011,499.761000,0.468425,-0.000321,0.625000,-0.000000,0.000000,-0.007639,0.999971
probe_part_paired2_011,499.778000,0.468425,-0.000321,0.625000,-0.000000,0.000000,-0.007639,0.999971
probe_part_paired2_011,499.795000,0.468425,-0.000321,0.625000,-0.000000,0.000000,-0.007639,0.999971
probe_part_paired2_011,499.809000,0.468425,-0.000321,0.625000,-0.000000,0.000000,-0.007639,0.999971
probe_part_paired2_011,499.824000,0.468425,-0.000321,0.625000,-0.000000,0.000000,-0.007639,0.999971
probe_part_paired2_011,499.841000,0.468425,-0.000321,0.625000,-0.000000,0.000000,-0.007639,0.999971
probe_part_paired2_011,499.857000,0.468425,-0.000321,0.625000,-0.000000,0.000000,-0.007639,0.999971
probe_part_paired2_011,499.873000,0.468425,-0.000321,0.625000,-0.000000,0.000000,-0.007639,0.999971
probe_part_paired2_011,499.890000,0.468425,-0.000321,0.625000,-0.000000,0.000000,-0.007639,0.999971
probe_part_paired2_011,499.907000,0.468425,-0.000321,0.625000,-0.000000,0.000000,-0.007639,0.999971
probe_part_paired2_011,499.924000,0.468425,-0.000321,0.625000,-0.000000,0.000000,-0.007639,0.999971
probe_part_paired2_011,499.941000,0.468425,-0.000321,0.625000,-0.000000,0.000000,-0.007639,0.999971
probe_part_paired2_011,499.958000,0.468425,-0.000321,0.625000,-0.000000,0.000000,-0.007639,0.999971
probe_part_paired2_011,499.975000,0.468425,-0.000321,0.625000,-0.000000,0.000000,-0.007639,0.999971
probe_part_paired2_011,499.991000,0.468425,-0.000321,0.625000,-0.000000,0.000000,-0.007639,0.999971
probe_part_paired2_011,500.007000,0.468425,-0.000321,0.625000,-0.000000,0.000000,-0.007639,0.999971
probe_part_paired2_011,500.024000,0.468425,-0.000321,0.625000,-0.000000,0.000000,-0.007639,0.999971
probe_part_paired2_011,500.041000,0.468425,-0.000321,0.625000,-0.000000,0.000000,-0.007639,0.999971
probe_part_paired2_011,500.058000,0.468425,-0.000321,0.625000,-0.000000,0.000000,-0.007639,0.999971
probe_part_paired2_011,500.075000,0.468425,-0.000321,0.625000,-0.000000,0.000000,-0.007639,0.999971
probe_part_paired2_011,500.092000,0.468425,-0.000321,0.625000,-0.000000,0.000000,-0.007639,0.999971
probe_part_paired2_011,500.109000,0.468425,-0.000321,0.625000,-0.000000,0.000000,-0.007639,0.999971
probe_part_paired2_011,500.126000,0.468425,-0.000321,0.625000,-0.000000,0.000000,-0.007639,0.999971
probe_part_paired2_011,500.143000,0.468425,-0.000321,0.625000,-0.000000,0.000000,-0.007639,0.999971
probe_part_paired2_011,500.160000,0.468425,-0.000321,0.625000,-0.000000,0.000000,-0.007639,0.999971
probe_part_paired2_011,500.176000,0.468425,-0.000321,0.625000,-0.000000,0.000000,-0.007639,0.999971
probe_part_paired2_011,500.192000,0.468425,-0.000321,0.625000,-0.000000,0.000000,-0.007639,0.999971
probe_part_paired2_011,500.206000,0.468425,-0.000321,0.625000,-0.000000,0.000000,-0.007639,0.999971
probe_part_paired2_011,500.220000,0.468425,-0.000321,0.625000,-0.000000,0.000000,-0.007639,0.999971
probe_part_paired2_011,500.235000,0.468425,-0.000321,0.625000,-0.000000,0.000000,-0.007639,0.999971
probe_part_paired2_011,500.248000,0.468425,-0.000321,0.625000,-0.000000,0.000000,-0.007639,0.999971
probe_part_paired2_011,500.263000,0.468425,-0.000321,0.625000,-0.000000,0.000000,-0.007639,0.999971
probe_part_paired2_011,500.278000,0.468425,-0.000321,0.625000,-0.000000,0.000000,-0.007639,0.999971
probe_part_paired2_011,500.293000,0.468425,-0.000321,0.625000,-0.000000,0.000000,-0.007639,0.999971
probe_part_paired2_011,500.309000,0.468425,-0.000321,0.625000,-0.000000,0.000000,-0.007639,0.999971
probe_part_paired2_011,500.326000,0.468425,-0.000321,0.625000,-0.000000,0.000000,-0.007639,0.999971
probe_part_paired2_011,500.343000,0.468425,-0.000321,0.625000,-0.000000,0.000000,-0.007639,0.999971
probe_part_paired2_011,500.360000,0.468425,-0.000321,0.625000,-0.000000,0.000000,-0.007639,0.999971
probe_part_paired2_011,500.377000,0.468425,-0.000321,0.625000,-0.000000,0.000000,-0.007639,0.999971
probe_part_paired2_011,500.394000,0.468425,-0.000321,0.625000,-0.000000,0.000000,-0.007639,0.999971
probe_part_paired2_011,500.410000,0.468425,-0.000321,0.625000,-0.000000,0.000000,-0.007639,0.999971
probe_part_paired2_011,500.427000,0.468425,-0.000321,0.625000,-0.000000,0.000000,-0.007639,0.999971
probe_part_paired2_011,500.444000,0.468425,-0.000321,0.625000,-0.000000,0.000000,-0.007639,0.999971
probe_part_paired2_011,500.461000,0.468425,-0.000321,0.625000,-0.000000,0.000000,-0.007639,0.999971
probe_part_paired2_011,500.478000,0.468425,-0.000321,0.625000,-0.000000,0.000000,-0.007639,0.999971
probe_part_paired2_011,500.493000,0.468425,-0.000321,0.625000,-0.000000,0.000000,-0.007639,0.999971
probe_part_paired2_011,500.509000,0.468425,-0.000321,0.625000,-0.000000,0.000000,-0.007639,0.999971
probe_part_paired2_011,500.525000,0.468425,-0.000321,0.625000,-0.000000,0.000000,-0.007639,0.999971
probe_part_paired2_011,500.542000,0.468425,-0.000321,0.625000,-0.000000,0.000000,-0.007639,0.999971
probe_part_paired2_011,500.558000,0.468425,-0.000321,0.625000,-0.000000,0.000000,-0.007639,0.999971
probe_part_paired2_011,500.574000,0.468425,-0.000321,0.625000,-0.000000,0.000000,-0.007639,0.999971
probe_part_paired2_011,500.590000,0.468425,-0.000321,0.625000,-0.000000,0.000000,-0.007639,0.999971
probe_part_paired2_011,500.606000,0.468425,-0.000321,0.625000,-0.000000,0.000000,-0.007639,0.999971
probe_part_paired2_011,500.622000,0.468425,-0.000321,0.625000,-0.000000,0.000000,-0.007639,0.999971
probe_part_paired2_011,500.638000,0.468425,-0.000321,0.625000,-0.000000,0.000000,-0.007639,0.999971
probe_part_paired2_011,500.654000,0.468425,-0.000321,0.625000,-0.000000,0.000000,-0.007639,0.999971
probe_part_paired2_011,500.671000,0.468425,-0.000321,0.625000,-0.000000,0.000000,-0.007639,0.999971
probe_part_paired2_011,500.688000,0.468425,-0.000321,0.625000,-0.000000,0.000000,-0.007639,0.999971
probe_part_paired2_011,500.699000,0.468425,-0.000321,0.625000,-0.000000,0.000000,-0.007639,0.999971
probe_part_paired2_011,500.708000,0.468425,-0.000321,0.625000,-0.000000,0.000000,-0.007639,0.999971
probe_part_paired2_011,500.718000,0.468425,-0.000321,0.625000,-0.000000,0.000000,-0.007639,0.999971
probe_part_paired2_011,500.733000,0.468425,-0.000321,0.625000,-0.000000,0.000000,-0.007639,0.999971
probe_part_paired2_011,500.745000,0.468425,-0.000321,0.625000,-0.000000,0.000000,-0.007639,0.999971
probe_part_paired2_011,500.759000,0.468425,-0.000321,0.625000,-0.000000,0.000000,-0.007639,0.999971
probe_part_paired2_011,500.773000,0.468425,-0.000321,0.625000,-0.000000,0.000000,-0.007639,0.999971
probe_part_paired2_011,500.777000,0.468425,-0.000321,0.625000,-0.000000,0.000000,-0.007639,0.999971
probe_part_paired2_011,500.791000,0.468425,-0.000321,0.625000,-0.000000,0.000000,-0.007639,0.999971
probe_part_paired2_011,500.807000,0.468425,-0.000321,0.625000,-0.000000,0.000000,-0.007639,0.999971
probe_part_paired2_011,500.823000,0.468425,-0.000321,0.625000,-0.000000,0.000000,-0.007639,0.999971
probe_part_paired2_011,500.839000,0.468425,-0.000321,0.625000,-0.000000,0.000000,-0.007639,0.999971
probe_part_paired2_011,500.855000,0.468425,-0.000321,0.625000,-0.000000,0.000000,-0.007639,0.999971
probe_part_paired2_011,500.872000,0.468425,-0.000321,0.625000,-0.000000,0.000000,-0.007639,0.999971
probe_part_paired2_011,500.889000,0.468425,-0.000321,0.625000,-0.000000,0.000000,-0.007639,0.999971
probe_part_paired2_011,500.906000,0.468425,-0.000321,0.625000,-0.000000,0.000000,-0.007639,0.999971
probe_part_paired2_011,500.922000,0.468425,-0.000321,0.625000,-0.000000,0.000000,-0.007639,0.999971
probe_part_paired2_011,500.938000,0.468425,-0.000321,0.625000,-0.000000,0.000000,-0.007639,0.999971
probe_part_paired2_011,500.954000,0.468425,-0.000321,0.625000,-0.000000,0.000000,-0.007639,0.999971
probe_part_paired2_011,500.971000,0.468425,-0.000321,0.625000,-0.000000,0.000000,-0.007639,0.999971
probe_part_paired2_011,500.987000,0.468425,-0.000321,0.625000,-0.000000,0.000000,-0.007639,0.999971
probe_part_paired2_011,501.003000,0.468425,-0.000321,0.625000,-0.000000,0.000000,-0.007639,0.999971
probe_part_paired2_011,501.019000,0.468425,-0.000321,0.625000,-0.000000,0.000000,-0.007639,0.999971
probe_part_paired2_011,501.035000,0.468425,-0.000321,0.625000,-0.000000,0.000000,-0.007639,0.999971
probe_part_paired2_011,501.050000,0.468425,-0.000321,0.625000,-0.000000,0.000000,-0.007639,0.999971
probe_part_paired2_011,501.065000,0.468425,-0.000321,0.625000,-0.000000,0.000000,-0.007639,0.999971
probe_part_paired2_011,501.080000,0.468425,-0.000321,0.625000,-0.000000,0.000000,-0.007639,0.999971
probe_part_paired2_011,501.096000,0.468425,-0.000321,0.625000,-0.000000,0.000000,-0.007639,0.999971
probe_part_paired2_011,501.112000,0.468425,-0.000321,0.625000,-0.000000,0.000000,-0.007639,0.999971
probe_part_paired2_011,501.128000,0.468425,-0.000321,0.625000,-0.000000,0.000000,-0.007639,0.999971
probe_part_paired2_011,501.144000,0.468425,-0.000321,0.625000,-0.000000,0.000000,-0.007639,0.999971
probe_part_paired2_011,501.155000,0.468425,-0.000321,0.625000,-0.000000,0.000000,-0.007639,0.999971
probe_part_paired2_011,501.170000,0.468425,-0.000321,0.625000,-0.000000,0.000000,-0.007639,0.999971
probe_part_paired2_011,501.186000,0.468425,-0.000321,0.625000,-0.000000,0.000000,-0.007639,0.999971
probe_part_paired2_011,501.202000,0.468425,-0.000321,0.625000,-0.000000,0.000000,-0.007639,0.999971
probe_part_paired2_011,501.217000,0.468425,-0.000321,0.625000,-0.000000,0.000000,-0.007639,0.999971
probe_part_paired2_011,501.233000,0.468425,-0.000321,0.625000,-0.000000,0.000000,-0.007639,0.999971
probe_part_paired2_011,501.249000,0.468425,-0.000321,0.625000,-0.000000,0.000000,-0.007639,0.999971
probe_part_paired2_011,501.265000,0.468425,-0.000321,0.625000,-0.000000,0.000000,-0.007639,0.999971
probe_part_paired2_011,501.282000,0.468425,-0.000321,0.625000,-0.000000,0.000000,-0.007639,0.999971
probe_part_paired2_011,501.299000,0.468425,-0.000321,0.625000,-0.000000,0.000000,-0.007639,0.999971
probe_part_paired2_011,501.316000,0.468425,-0.000321,0.625000,-0.000000,0.000000,-0.007639,0.999971
probe_part_paired2_011,501.332000,0.468425,-0.000321,0.625000,-0.000000,0.000000,-0.007639,0.999971
probe_part_paired2_011,501.349000,0.468425,-0.000321,0.625000,-0.000000,0.000000,-0.007639,0.999971
probe_part_paired2_011,501.366000,0.468425,-0.000321,0.625000,-0.000000,0.000000,-0.007639,0.999971
probe_part_paired2_011,501.383000,0.468425,-0.000321,0.625000,-0.000000,0.000000,-0.007639,0.999971
probe_part_paired2_011,501.400000,0.468425,-0.000321,0.625000,-0.000000,0.000000,-0.007639,0.999971
probe_part_paired2_011,501.417000,0.468425,-0.000321,0.625000,-0.000000,0.000000,-0.007639,0.999971
probe_part_paired2_011,501.434000,0.468425,-0.000321,0.625000,-0.000000,0.000000,-0.007639,0.999971
probe_part_paired2_011,501.451000,0.468425,-0.000321,0.625000,-0.000000,0.000000,-0.007639,0.999971
probe_part_paired2_011,501.468000,0.468425,-0.000321,0.625000,-0.000000,0.000000,-0.007639,0.999971
probe_part_paired2_011,501.485000,0.468425,-0.000321,0.625000,-0.000000,0.000000,-0.007639,0.999971
probe_part_paired2_011,501.502000,0.468425,-0.000321,0.625000,-0.000000,0.000000,-0.007639,0.999971
probe_part_paired2_011,501.519000,0.468425,-0.000321,0.625000,-0.000000,0.000000,-0.007639,0.999971
probe_part_paired2_011,501.536000,0.468425,-0.000321,0.625000,-0.000000,0.000000,-0.007639,0.999971
probe_part_paired2_011,501.553000,0.468425,-0.000321,0.625000,-0.000000,0.000000,-0.007639,0.999971
probe_part_paired2_011,501.570000,0.468425,-0.000321,0.625000,-0.000000,0.000000,-0.007639,0.999971
probe_part_paired2_011,501.587000,0.468425,-0.000321,0.625000,-0.000000,0.000000,-0.007639,0.999971
probe_part_paired2_011,501.604000,0.468425,-0.000321,0.625000,-0.000000,0.000000,-0.007639,0.999971
probe_part_paired2_011,501.621000,0.468425,-0.000321,0.625000,-0.000000,0.000000,-0.007639,0.999971
probe_part_paired2_011,501.638000,0.468425,-0.000321,0.625000,-0.000000,0.000000,-0.007639,0.999971
probe_part_paired2_011,501.655000,0.468425,-0.000321,0.625000,-0.000000,0.000000,-0.007639,0.999971
probe_part_paired2_011,501.672000,0.468425,-0.000321,0.625000,-0.000000,0.000000,-0.007639,0.999971
probe_part_paired2_011,501.689000,0.468425,-0.000321,0.625000,-0.000000,0.000000,-0.007639,0.999971
probe_part_paired2_011,501.705000,0.468425,-0.000321,0.625000,-0.000000,0.000000,-0.007639,0.999971
probe_part_paired2_011,501.721000,0.468425,-0.000321,0.625000,-0.000000,0.000000,-0.007639,0.999971
probe_part_paired2_011,501.737000,0.468425,-0.000321,0.625000,-0.000000,0.000000,-0.007639,0.999971
probe_part_paired2_011,501.754000,0.468425,-0.000321,0.625000,-0.000000,0.000000,-0.007639,0.999971
probe_part_paired2_011,501.770000,0.468425,-0.000321,0.625000,-0.000000,0.000000,-0.007639,0.999971
probe_part_paired2_011,501.785000,0.468425,-0.000321,0.625000,-0.000000,0.000000,-0.007639,0.999971
probe_part_paired2_011,501.801000,0.468425,-0.000321,0.625000,-0.000000,0.000000,-0.007639,0.999971
probe_part_paired2_011,501.816000,0.468425,-0.000321,0.625000,-0.000000,0.000000,-0.007639,0.999971
probe_part_paired2_011,501.832000,0.468425,-0.000321,0.625000,-0.000000,0.000000,-0.007639,0.999971
probe_part_paired2_011,501.849000,0.468425,-0.000321,0.625000,-0.000000,0.000000,-0.007639,0.999971
probe_part_paired2_011,501.866000,0.468425,-0.000321,0.625000,-0.000000,0.000000,-0.007639,0.999971
probe_part_paired2_011,501.883000,0.468425,-0.000321,0.625000,-0.000000,0.000000,-0.007639,0.999971
probe_part_paired2_011,501.900000,0.468425,-0.000321,0.625000,-0.000000,0.000000,-0.007639,0.999971
probe_part_paired2_011,501.917000,0.468425,-0.000321,0.625000,-0.000000,0.000000,-0.007639,0.999971
probe_part_paired2_011,501.933000,0.468425,-0.000321,0.625000,-0.000000,0.000000,-0.007639,0.999971
probe_part_paired2_011,501.950000,0.468425,-0.000321,0.625000,-0.000000,0.000000,-0.007639,0.999971
probe_part_paired2_011,501.967000,0.468425,-0.000321,0.625000,-0.000000,0.000000,-0.007639,0.999971
probe_part_paired2_011,501.983000,0.468425,-0.000321,0.625000,-0.000000,0.000000,-0.007639,0.999971
probe_part_paired2_011,502.000000,0.468425,-0.000321,0.625000,-0.000000,0.000000,-0.007639,0.999971
probe_part_paired2_011,502.017000,0.468425,-0.000321,0.625000,-0.000000,0.000000,-0.007639,0.999971
probe_part_paired2_011,502.034000,0.468425,-0.000321,0.625000,-0.000000,0.000000,-0.007639,0.999971
probe_part_paired2_011,502.051000,0.468425,-0.000321,0.625000,-0.000000,0.000000,-0.007639,0.999971
probe_part_paired2_011,502.063000,0.468425,-0.000321,0.625000,-0.000000,0.000000,-0.007639,0.999971
probe_part_paired2_011,502.073000,0.468425,-0.000321,0.625000,-0.000000,0.000000,-0.007639,0.999971
probe_part_paired2_011,502.084000,0.468425,-0.000321,0.625000,-0.000000,0.000000,-0.007639,0.999971
probe_part_paired2_011,502.100000,0.468425,-0.000321,0.625000,-0.000000,0.000000,-0.007639,0.999971
probe_part_paired2_011,502.114000,0.468425,-0.000321,0.625000,-0.000000,0.000000,-0.007639,0.999971
probe_part_paired2_011,502.127000,0.468425,-0.000321,0.625000,-0.000000,0.000000,-0.007639,0.999971
probe_part_paired2_011,502.142000,0.468425,-0.000321,0.625000,-0.000000,0.000000,-0.007639,0.999971
probe_part_paired2_011,502.156000,0.468425,-0.000321,0.625000,-0.000000,0.000000,-0.007639,0.999971
probe_part_paired2_011,502.173000,0.468425,-0.000321,0.625000,-0.000000,0.000000,-0.007639,0.999971
probe_part_paired2_011,502.189000,0.468425,-0.000321,0.625000,-0.000000,0.000000,-0.007639,0.999971
probe_part_paired2_011,502.206000,0.468425,-0.000321,0.625000,-0.000000,0.000000,-0.007639,0.999971
probe_part_paired2_011,502.223000,0.468425,-0.000321,0.625000,-0.000000,0.000000,-0.007639,0.999971
probe_part_paired2_011,502.240000,0.468425,-0.000321,0.625000,-0.000000,0.000000,-0.007639,0.999971
probe_part_paired2_011,502.257000,0.468425,-0.000321,0.625000,-0.000000,0.000000,-0.007639,0.999971
probe_part_paired2_011,502.274000,0.468425,-0.000321,0.625000,-0.000000,0.000000,-0.007639,0.999971
probe_part_paired2_011,502.291000,0.468425,-0.000321,0.625000,-0.000000,0.000000,-0.007639,0.999971
probe_part_paired2_011,502.308000,0.468425,-0.000321,0.625000,-0.000000,0.000000,-0.007639,0.999971
probe_part_paired2_011,502.325000,0.468425,-0.000321,0.625000,-0.000000,0.000000,-0.007639,0.999971
probe_part_paired2_011,502.342000,0.468425,-0.000321,0.625000,-0.000000,0.000000,-0.007639,0.999971
probe_part_paired2_011,502.358000,0.468425,-0.000321,0.625000,-0.000000,0.000000,-0.007639,0.999971
probe_part_paired2_011,502.374000,0.468425,-0.000321,0.625000,-0.000000,0.000000,-0.007639,0.999971
probe_part_paired2_011,502.390000,0.468425,-0.000321,0.625000,-0.000000,0.000000,-0.007639,0.999971
probe_part_paired2_011,502.407000,0.468425,-0.000321,0.625000,-0.000000,0.000000,-0.007639,0.999971
probe_part_paired2_011,502.424000,0.468425,-0.000321,0.625000,-0.000000,0.000000,-0.007639,0.999971
probe_part_paired2_011,502.440000,0.468425,-0.000321,0.625000,-0.000000,0.000000,-0.007639,0.999971
probe_part_paired2_011,502.452000,0.468425,-0.000321,0.625000,-0.000000,0.000000,-0.007639,0.999971
probe_part_paired2_011,502.461000,0.468425,-0.000321,0.625000,-0.000000,0.000000,-0.007639,0.999971
probe_part_paired2_011,502.477000,0.468425,-0.000321,0.625000,-0.000000,0.000000,-0.007639,0.999971
probe_part_paired2_011,502.493000,0.468425,-0.000321,0.625000,-0.000000,0.000000,-0.007639,0.999971
probe_part_paired2_011,502.510000,0.468425,-0.000321,0.625000,-0.000000,0.000000,-0.007639,0.999971
probe_part_paired2_011,502.527000,0.468425,-0.000321,0.625000,-0.000000,0.000000,-0.007639,0.999971
probe_part_paired2_011,502.545000,0.468425,-0.000321,0.625000,-0.000000,0.000000,-0.007639,0.999971
probe_part_paired2_011,502.562000,0.468425,-0.000321,0.625000,-0.000000,0.000000,-0.007639,0.999971
probe_part_paired2_011,502.579000,0.468425,-0.000321,0.625000,-0.000000,0.000000,-0.007639,0.999971
probe_part_paired2_011,502.596000,0.468425,-0.000321,0.625000,-0.000000,0.000000,-0.007639,0.999971
probe_part_paired2_011,502.611000,0.468425,-0.000321,0.625000,-0.000000,0.000000,-0.007639,0.999971
probe_part_paired2_011,502.622000,0.468425,-0.000321,0.625000,-0.000000,0.000000,-0.007639,0.999971
probe_part_paired2_011,502.628000,0.468425,-0.000321,0.625000,-0.000000,0.000000,-0.007639,0.999971
probe_part_paired2_011,502.641000,0.468425,-0.000321,0.625000,-0.000000,0.000000,-0.007639,0.999971
probe_part_paired2_011,502.657000,0.468425,-0.000321,0.625000,-0.000000,0.000000,-0.007639,0.999971
probe_part_paired2_011,502.672000,0.468425,-0.000321,0.625000,-0.000000,0.000000,-0.007639,0.999971
probe_part_paired2_011,502.687000,0.468425,-0.000321,0.625000,-0.000000,0.000000,-0.007639,0.999971
probe_part_paired2_011,502.702000,0.468425,-0.000321,0.625000,-0.000000,0.000000,-0.007639,0.999971
probe_part_paired2_011,502.718000,0.468425,-0.000321,0.625000,-0.000000,0.000000,-0.007639,0.999971
probe_part_paired2_011,502.735000,0.468425,-0.000321,0.625000,-0.000000,0.000000,-0.007639,0.999971
probe_part_paired2_011,502.752000,0.468425,-0.000321,0.625000,-0.000000,0.000000,-0.007639,0.999971
probe_part_paired2_011,502.768000,0.468425,-0.000321,0.625000,-0.000000,0.000000,-0.007639,0.999971
probe_part_paired2_011,502.785000,0.468425,-0.000321,0.625000,-0.000000,0.000000,-0.007639,0.999971
probe_part_paired2_011,502.801000,0.468425,-0.000321,0.625000,-0.000000,0.000000,-0.007639,0.999971
probe_part_paired2_011,502.817000,0.468425,-0.000321,0.625000,-0.000000,0.000000,-0.007639,0.999971
probe_part_paired2_011,502.833000,0.468425,-0.000321,0.625000,-0.000000,0.000000,-0.007639,0.999971
probe_part_paired2_011,502.850000,0.468425,-0.000321,0.625000,-0.000000,0.000000,-0.007639,0.999971
probe_part_paired2_011,502.867000,0.468425,-0.000321,0.625000,-0.000000,0.000000,-0.007639,0.999971
probe_part_paired2_011,502.882000,0.468425,-0.000321,0.625000,-0.000000,0.000000,-0.007639,0.999971
probe_part_paired2_011,502.899000,0.468425,-0.000321,0.625000,-0.000000,0.000000,-0.007639,0.999971
probe_part_paired2_011,502.916000,0.468425,-0.000321,0.625000,-0.000000,0.000000,-0.007639,0.999971
probe_part_paired2_011,502.932000,0.468425,-0.000321,0.625000,-0.000000,0.000000,-0.007639,0.999971
probe_part_paired2_011,502.947000,0.468425,-0.000321,0.625000,-0.000000,0.000000,-0.007639,0.999971
probe_part_paired2_011,502.963000,0.468425,-0.000321,0.625000,-0.000000,0.000000,-0.007639,0.999971
probe_part_paired2_011,502.979000,0.468425,-0.000321,0.625000,-0.000000,0.000000,-0.007639,0.999971
probe_part_paired2_011,502.992000,0.468425,-0.000321,0.625000,-0.000000,0.000000,-0.007639,0.999971
probe_part_paired2_011,503.005000,0.468425,-0.000321,0.625000,-0.000000,0.000000,-0.007639,0.999971
probe_part_paired2_011,503.018000,0.468425,-0.000321,0.625000,-0.000000,0.000000,-0.007639,0.999971
probe_part_paired2_011,503.034000,0.468425,-0.000321,0.625000,-0.000000,0.000000,-0.007639,0.999971
probe_part_paired2_011,503.050000,0.468425,-0.000321,0.625000,-0.000000,0.000000,-0.007639,0.999971
probe_part_paired2_011,503.066000,0.468425,-0.000321,0.625000,-0.000000,0.000000,-0.007639,0.999971
probe_part_paired2_011,503.082000,0.468425,-0.000321,0.625000,-0.000000,0.000000,-0.007639,0.999971
probe_part_paired2_011,503.099000,0.468425,-0.000321,0.625000,-0.000000,0.000000,-0.007639,0.999971
probe_part_paired2_011,503.116000,0.468425,-0.000321,0.625000,-0.000000,0.000000,-0.007639,0.999971
probe_part_paired2_011,503.132000,0.468425,-0.000321,0.625000,-0.000000,0.000000,-0.007639,0.999971
probe_part_paired2_011,503.149000,0.468425,-0.000321,0.625000,-0.000000,0.000000,-0.007639,0.999971
probe_part_paired2_011,503.165000,0.468425,-0.000321,0.625000,-0.000000,0.000000,-0.007639,0.999971
probe_part_paired2_011,503.180000,0.468425,-0.000321,0.625000,-0.000000,0.000000,-0.007639,0.999971
probe_part_paired2_011,503.196000,0.468425,-0.000321,0.625000,-0.000000,0.000000,-0.007639,0.999971
probe_part_paired2_011,503.213000,0.468425,-0.000321,0.625000,-0.000000,0.000000,-0.007639,0.999971
probe_part_paired2_011,503.229000,0.468425,-0.000321,0.625000,-0.000000,0.000000,-0.007639,0.999971
probe_part_paired2_011,503.245000,0.468425,-0.000321,0.625000,-0.000000,0.000000,-0.007639,0.999971
probe_part_paired2_011,503.262000,0.468425,-0.000321,0.625000,-0.000000,0.000000,-0.007639,0.999971
probe_part_paired2_011,503.279000,0.468425,-0.000321,0.625000,-0.000000,0.000000,-0.007639,0.999971
probe_part_paired2_011,503.295000,0.468425,-0.000321,0.625000,-0.000000,0.000000,-0.007639,0.999971
probe_part_paired2_011,503.311000,0.468425,-0.000321,0.625000,-0.000000,0.000000,-0.007639,0.999971
probe_part_paired2_011,503.327000,0.468425,-0.000321,0.625000,-0.000000,0.000000,-0.007639,0.999971
probe_part_paired2_011,503.342000,0.468425,-0.000321,0.625000,-0.000000,0.000000,-0.007639,0.999971
probe_part_paired2_011,503.358000,0.468425,-0.000321,0.625000,-0.000000,0.000000,-0.007639,0.999971
probe_part_paired2_011,503.375000,0.468425,-0.000321,0.625000,-0.000000,0.000000,-0.007639,0.999971
probe_part_paired2_011,503.390000,0.468425,-0.000321,0.625000,-0.000000,0.000000,-0.007639,0.999971
probe_part_paired2_011,503.406000,0.468425,-0.000321,0.625000,-0.000000,0.000000,-0.007639,0.999971
probe_part_paired2_011,503.423000,0.468425,-0.000321,0.625000,-0.000000,0.000000,-0.007639,0.999971
probe_part_paired2_011,503.439000,0.468425,-0.000321,0.625000,-0.000000,0.000000,-0.007639,0.999971
probe_part_paired2_011,503.455000,0.468425,-0.000321,0.625000,-0.000000,0.000000,-0.007639,0.999971
probe_part_paired2_011,503.470000,0.468425,-0.000321,0.625000,-0.000000,0.000000,-0.007639,0.999971
probe_part_paired2_011,503.485000,0.468425,-0.000321,0.625000,-0.000000,0.000000,-0.007639,0.999971
probe_part_paired2_011,503.501000,0.468425,-0.000321,0.625000,-0.000000,0.000000,-0.007639,0.999971
probe_part_paired2_011,503.518000,0.468425,-0.000321,0.625000,-0.000000,0.000000,-0.007639,0.999971
probe_part_paired2_011,503.533000,0.468425,-0.000321,0.625000,-0.000000,0.000000,-0.007639,0.999971
probe_part_paired2_011,503.549000,0.468425,-0.000321,0.625000,-0.000000,0.000000,-0.007639,0.999971
probe_part_paired2_011,503.565000,0.468425,-0.000321,0.625000,-0.000000,0.000000,-0.007639,0.999971
probe_part_paired2_011,503.573000,0.468425,-0.000321,0.625000,-0.000000,0.000000,-0.007639,0.999971
probe_part_paired2_011,503.579000,0.468425,-0.000321,0.625000,-0.000000,0.000000,-0.007639,0.999971
probe_part_paired2_011,503.592000,0.468425,-0.000321,0.625000,-0.000000,0.000000,-0.007639,0.999971
probe_part_paired2_011,503.607000,0.468425,-0.000321,0.625000,-0.000000,0.000000,-0.007639,0.999971
probe_part_paired2_011,503.623000,0.468425,-0.000321,0.625000,-0.000000,0.000000,-0.007639,0.999971
probe_part_paired2_011,503.637000,0.468425,-0.000321,0.625000,-0.000000,0.000000,-0.007639,0.999971
probe_part_paired2_011,503.653000,0.468425,-0.000321,0.625000,-0.000000,0.000000,-0.007639,0.999971
probe_part_paired2_011,503.669000,0.468425,-0.000321,0.625000,-0.000000,0.000000,-0.007639,0.999971
probe_part_paired2_011,503.686000,0.468425,-0.000321,0.625000,-0.000000,0.000000,-0.007639,0.999971
probe_part_paired2_011,503.703000,0.468425,-0.000321,0.625000,-0.000000,0.000000,-0.007639,0.999971
probe_part_paired2_011,503.720000,0.468425,-0.000321,0.625000,-0.000000,0.000000,-0.007639,0.999971
probe_part_paired2_011,503.736000,0.468425,-0.000321,0.625000,-0.000000,0.000000,-0.007639,0.999971
probe_part_paired2_011,503.753000,0.468425,-0.000321,0.625000,-0.000000,0.000000,-0.007639,0.999971
probe_part_paired2_011,503.770000,0.468425,-0.000321,0.625000,-0.000000,0.000000,-0.007639,0.999971
probe_part_paired2_011,503.786000,0.468425,-0.000321,0.625000,-0.000000,0.000000,-0.007639,0.999971
probe_part_paired2_011,503.803000,0.468425,-0.000321,0.625000,-0.000000,0.000000,-0.007639,0.999971
probe_part_paired2_011,503.819000,0.468425,-0.000321,0.625000,-0.000000,0.000000,-0.007639,0.999971
probe_part_paired2_011,503.836000,0.468425,-0.000321,0.625000,-0.000000,0.000000,-0.007639,0.999971
probe_part_paired2_011,503.852000,0.468425,-0.000321,0.625000,-0.000000,0.000000,-0.007639,0.999971
probe_part_paired2_011,503.867000,0.468425,-0.000321,0.625000,-0.000000,0.000000,-0.007639,0.999971
probe_part_paired2_011,503.883000,0.468425,-0.000321,0.625000,-0.000000,0.000000,-0.007639,0.999971
probe_part_paired2_011,503.900000,0.468425,-0.000321,0.625000,-0.000000,0.000000,-0.007639,0.999971
probe_part_paired2_011,503.917000,0.468425,-0.000321,0.625000,-0.000000,0.000000,-0.007639,0.999971
probe_part_paired2_011,503.933000,0.468425,-0.000321,0.625000,-0.000000,0.000000,-0.007639,0.999971
probe_part_paired2_011,503.950000,0.468425,-0.000321,0.625000,-0.000000,0.000000,-0.007639,0.999971
probe_part_paired2_011,503.967000,0.468425,-0.000321,0.625000,-0.000000,0.000000,-0.007639,0.999971
probe_part_paired2_011,503.984000,0.468425,-0.000321,0.625000,-0.000000,0.000000,-0.007639,0.999971
probe_part_paired2_011,504.001000,0.468425,-0.000321,0.625000,-0.000000,0.000000,-0.007639,0.999971
probe_part_paired2_011,504.017000,0.468425,-0.000321,0.625000,-0.000000,0.000000,-0.007639,0.999971
probe_part_paired2_011,504.034000,0.468425,-0.000321,0.625000,-0.000000,0.000000,-0.007639,0.999971
probe_part_paired2_011,504.051000,0.468425,-0.000321,0.625000,-0.000000,0.000000,-0.007639,0.999971
probe_part_paired2_011,504.067000,0.468425,-0.000321,0.625000,-0.000000,0.000000,-0.007639,0.999971
probe_part_paired2_011,504.083000,0.468425,-0.000321,0.625000,-0.000000,0.000000,-0.007639,0.999971
probe_part_paired2_011,504.099000,0.468425,-0.000321,0.625000,-0.000000,0.000000,-0.007639,0.999971
probe_part_paired2_011,504.116000,0.468425,-0.000321,0.625000,-0.000000,0.000000,-0.007639,0.999971
probe_part_paired2_011,504.133000,0.468425,-0.000321,0.625000,-0.000000,0.000000,-0.007639,0.999971
probe_part_paired2_011,504.149000,0.468425,-0.000321,0.625000,-0.000000,0.000000,-0.007639,0.999971
probe_part_paired2_011,504.166000,0.468425,-0.000321,0.625000,-0.000000,0.000000,-0.007639,0.999971
probe_part_paired2_011,504.182000,0.468425,-0.000321,0.625000,-0.000000,0.000000,-0.007639,0.999971
probe_part_paired2_011,504.198000,0.468425,-0.000321,0.625000,-0.000000,0.000000,-0.007639,0.999971
probe_part_paired2_011,504.214000,0.468425,-0.000321,0.625000,-0.000000,0.000000,-0.007639,0.999971
probe_part_paired2_011,504.231000,0.468425,-0.000321,0.625000,-0.000000,0.000000,-0.007639,0.999971
probe_part_paired2_011,504.247000,0.468425,-0.000321,0.625000,-0.000000,0.000000,-0.007639,0.999971
probe_part_paired2_011,504.262000,0.468425,-0.000321,0.625000,-0.000000,0.000000,-0.007639,0.999971
probe_part_paired2_011,504.279000,0.468425,-0.000321,0.625000,-0.000000,0.000000,-0.007639,0.999971
probe_part_paired2_011,504.295000,0.468425,-0.000321,0.625000,-0.000000,0.000000,-0.007639,0.999971
probe_part_paired2_011,504.312000,0.468425,-0.000321,0.625000,-0.000000,0.000000,-0.007639,0.999971
probe_part_paired2_011,504.329000,0.468425,-0.000321,0.625000,-0.000000,0.000000,-0.007639,0.999971
probe_part_paired2_011,504.344000,0.468425,-0.000321,0.625000,-0.000000,0.000000,-0.007639,0.999971
probe_part_paired2_011,504.358000,0.468425,-0.000321,0.625000,-0.000000,0.000000,-0.007639,0.999971
probe_part_paired2_011,504.370000,0.468425,-0.000321,0.625000,-0.000000,0.000000,-0.007639,0.999971
probe_part_paired2_011,504.384000,0.468425,-0.000321,0.625000,-0.000000,0.000000,-0.007639,0.999971
probe_part_paired2_011,504.399000,0.468425,-0.000321,0.625000,-0.000000,0.000000,-0.007639,0.999971
probe_part_paired2_011,504.411000,0.468425,-0.000321,0.625000,-0.000000,0.000000,-0.007639,0.999971
probe_part_paired2_011,504.426000,0.468425,-0.000321,0.625000,-0.000000,0.000000,-0.007639,0.999971
probe_part_paired2_011,504.440000,0.468425,-0.000321,0.625000,-0.000000,0.000000,-0.007639,0.999971
probe_part_paired2_011,504.446000,0.468425,-0.000321,0.625000,-0.000000,0.000000,-0.007639,0.999971
probe_part_paired2_011,504.455000,0.468425,-0.000321,0.625000,-0.000000,0.000000,-0.007639,0.999971
probe_part_paired2_011,504.470000,0.468425,-0.000321,0.625000,-0.000000,0.000000,-0.007639,0.999971
probe_part_paired2_011,504.484000,0.468425,-0.000321,0.625000,-0.000000,0.000000,-0.007639,0.999971
probe_part_paired2_011,504.500000,0.468425,-0.000321,0.625000,-0.000000,0.000000,-0.007639,0.999971
probe_part_paired2_011,504.513000,0.468425,-0.000321,0.625000,-0.000000,0.000000,-0.007639,0.999971
probe_part_paired2_011,504.529000,0.468425,-0.000321,0.625000,-0.000000,0.000000,-0.007639,0.999971
probe_part_paired2_011,504.546000,0.468425,-0.000321,0.625000,-0.000000,0.000000,-0.007639,0.999971
probe_part_paired2_011,504.561000,0.468425,-0.000321,0.625000,-0.000000,0.000000,-0.007639,0.999971
probe_part_paired2_011,504.577000,0.468425,-0.000321,0.625000,-0.000000,0.000000,-0.007639,0.999971
probe_part_paired2_011,504.594000,0.468425,-0.000321,0.625000,-0.000000,0.000000,-0.007639,0.999971
probe_part_paired2_011,504.611000,0.468425,-0.000321,0.625000,-0.000000,0.000000,-0.007639,0.999971
probe_part_paired2_011,504.627000,0.468425,-0.000321,0.625000,-0.000000,0.000000,-0.007639,0.999971
probe_part_paired2_011,504.643000,0.468425,-0.000321,0.625000,-0.000000,0.000000,-0.007639,0.999971
probe_part_paired2_011,504.659000,0.468425,-0.000321,0.625000,-0.000000,0.000000,-0.007639,0.999971
probe_part_paired2_011,504.675000,0.468425,-0.000321,0.625000,-0.000000,0.000000,-0.007639,0.999971
probe_part_paired2_011,504.692000,0.468425,-0.000321,0.625000,-0.000000,0.000000,-0.007639,0.999971
probe_part_paired2_011,504.708000,0.468425,-0.000321,0.625000,-0.000000,0.000000,-0.007639,0.999971
probe_part_paired2_011,504.725000,0.468425,-0.000321,0.625000,-0.000000,0.000000,-0.007639,0.999971
probe_part_paired2_011,504.741000,0.468425,-0.000321,0.625000,-0.000000,0.000000,-0.007639,0.999971
probe_part_paired2_011,504.758000,0.468425,-0.000321,0.625000,-0.000000,0.000000,-0.007639,0.999971
probe_part_paired2_011,504.775000,0.468425,-0.000321,0.625000,-0.000000,0.000000,-0.007639,0.999971
probe_part_paired2_011,504.792000,0.468425,-0.000321,0.625000,-0.000000,0.000000,-0.007639,0.999971
probe_part_paired2_011,504.809000,0.468425,-0.000321,0.625000,-0.000000,0.000000,-0.007639,0.999971
probe_part_paired2_011,504.826000,0.468425,-0.000321,0.625000,-0.000000,0.000000,-0.007639,0.999971
probe_part_paired2_011,504.841000,0.468425,-0.000321,0.625000,-0.000000,0.000000,-0.007639,0.999971
probe_part_paired2_011,504.851000,0.468425,-0.000321,0.625000,-0.000000,0.000000,-0.007639,0.999971
probe_part_paired2_011,504.867000,0.468425,-0.000321,0.625000,-0.000000,0.000000,-0.007639,0.999971
probe_part_paired2_011,504.883000,0.468425,-0.000321,0.625000,-0.000000,0.000000,-0.007639,0.999971
probe_part_paired2_011,504.899000,0.468425,-0.000321,0.625000,-0.000000,0.000000,-0.007639,0.999971
probe_part_paired2_011,504.915000,0.468425,-0.000321,0.625000,-0.000000,0.000000,-0.007639,0.999971
probe_part_paired2_011,504.932000,0.468425,-0.000321,0.625000,-0.000000,0.000000,-0.007639,0.999971
probe_part_paired2_011,504.949000,0.468425,-0.000321,0.625000,-0.000000,0.000000,-0.007639,0.999971
probe_part_paired2_011,504.965000,0.468425,-0.000321,0.625000,-0.000000,0.000000,-0.007639,0.999971
probe_part_paired2_011,504.981000,0.468425,-0.000321,0.625000,-0.000000,0.000000,-0.007639,0.999971
probe_part_paired2_011,504.997000,0.468425,-0.000321,0.625000,-0.000000,0.000000,-0.007639,0.999971
probe_part_paired2_011,505.011000,0.468425,-0.000321,0.625000,-0.000000,0.000000,-0.007639,0.999971
probe_part_paired2_011,505.027000,0.468425,-0.000321,0.625000,-0.000000,0.000000,-0.007639,0.999971
probe_part_paired2_011,505.043000,0.468425,-0.000321,0.625000,-0.000000,0.000000,-0.007639,0.999971
probe_part_paired2_011,505.060000,0.468425,-0.000321,0.625000,-0.000000,0.000000,-0.007639,0.999971
probe_part_paired2_011,505.077000,0.468425,-0.000321,0.625000,-0.000000,0.000000,-0.007639,0.999971
probe_part_paired2_011,505.092000,0.468425,-0.000321,0.625000,-0.000000,0.000000,-0.007639,0.999971
probe_part_paired2_011,505.108000,0.468425,-0.000321,0.625000,-0.000000,0.000000,-0.007639,0.999971
probe_part_paired2_011,505.125000,0.468425,-0.000321,0.625000,-0.000000,0.000000,-0.007639,0.999971
probe_part_paired2_011,505.141000,0.468425,-0.000321,0.625000,-0.000000,0.000000,-0.007639,0.999971
probe_part_paired2_011,505.157000,0.468425,-0.000321,0.625000,-0.000000,0.000000,-0.007639,0.999971
probe_part_paired2_011,505.173000,0.468425,-0.000321,0.625000,-0.000000,0.000000,-0.007639,0.999971
probe_part_paired2_011,505.187000,0.468425,-0.000321,0.625000,-0.000000,0.000000,-0.007639,0.999971
probe_part_paired2_011,505.202000,0.468425,-0.000321,0.625000,-0.000000,0.000000,-0.007639,0.999971
probe_part_paired2_011,505.216000,0.468425,-0.000321,0.625000,-0.000000,0.000000,-0.007639,0.999971
probe_part_paired2_011,505.232000,0.468425,-0.000321,0.625000,-0.000000,0.000000,-0.007639,0.999971
probe_part_paired2_011,505.248000,0.468425,-0.000321,0.625000,-0.000000,0.000000,-0.007639,0.999971
probe_part_paired2_011,505.265000,0.468425,-0.000321,0.625000,-0.000000,0.000000,-0.007639,0.999971
probe_part_paired2_011,505.281000,0.468425,-0.000321,0.625000,-0.000000,0.000000,-0.007639,0.999971
probe_part_paired2_011,505.297000,0.468425,-0.000321,0.625000,-0.000000,0.000000,-0.007639,0.999971
probe_part_paired2_011,505.311000,0.468425,-0.000321,0.625000,-0.000000,0.000000,-0.007639,0.999971
probe_part_paired2_011,505.327000,0.468425,-0.000321,0.625000,-0.000000,0.000000,-0.007639,0.999971
probe_part_paired2_011,505.342000,0.468425,-0.000321,0.625000,-0.000000,0.000000,-0.007639,0.999971
probe_part_paired2_011,505.359000,0.468425,-0.000321,0.625000,-0.000000,0.000000,-0.007639,0.999971
probe_part_paired2_011,505.375000,0.468425,-0.000321,0.625000,-0.000000,0.000000,-0.007639,0.999971
probe_part_paired2_011,505.391000,0.468425,-0.000321,0.625000,-0.000000,0.000000,-0.007639,0.999971
probe_part_paired2_011,505.406000,0.468425,-0.000321,0.625000,-0.000000,0.000000,-0.007639,0.999971
probe_part_paired2_011,505.417000,0.468425,-0.000321,0.625000,-0.000000,0.000000,-0.007639,0.999971
probe_part_paired2_011,505.433000,0.468425,-0.000321,0.625000,-0.000000,0.000000,-0.007639,0.999971
probe_part_paired2_011,505.443000,0.468425,-0.000321,0.625000,-0.000000,0.000000,-0.007639,0.999971
probe_part_paired2_011,505.452000,0.468425,-0.000321,0.625000,-0.000000,0.000000,-0.007639,0.999971
probe_part_paired2_011,505.463000,0.468425,-0.000321,0.625000,-0.000000,0.000000,-0.007639,0.999971
probe_part_paired2_011,505.470000,0.468425,-0.000321,0.625000,-0.000000,0.000000,-0.007639,0.999971
probe_part_paired2_011,505.477000,0.468425,-0.000321,0.625000,-0.000000,0.000000,-0.007639,0.999971
probe_part_paired2_011,505.486000,0.468425,-0.000321,0.625000,-0.000000,0.000000,-0.007639,0.999971
probe_part_paired2_011,505.497000,0.468425,-0.000321,0.625000,-0.000000,0.000000,-0.007639,0.999971
probe_part_paired2_011,505.512000,0.468425,-0.000321,0.625000,-0.000000,0.000000,-0.007639,0.999971
probe_part_paired2_011,505.527000,0.468425,-0.000321,0.625000,-0.000000,0.000000,-0.007639,0.999971
probe_part_paired2_011,505.541000,0.468425,-0.000321,0.625000,-0.000000,0.000000,-0.007639,0.999971
probe_part_paired2_011,505.555000,0.468425,-0.000321,0.625000,-0.000000,0.000000,-0.007639,0.999971
probe_part_paired2_011,505.571000,0.468425,-0.000321,0.625000,-0.000000,0.000000,-0.007639,0.999971
probe_part_paired2_011,505.587000,0.468425,-0.000321,0.625000,-0.000000,0.000000,-0.007639,0.999971
probe_part_paired2_011,505.603000,0.468425,-0.000321,0.625000,-0.000000,0.000000,-0.007639,0.999971
probe_part_paired2_011,505.618000,0.468425,-0.000321,0.625000,-0.000000,0.000000,-0.007639,0.999971
probe_part_paired2_011,505.633000,0.468425,-0.000321,0.625000,-0.000000,0.000000,-0.007639,0.999971
probe_part_paired2_011,505.646000,0.468425,-0.000321,0.625000,-0.000000,0.000000,-0.007639,0.999971
probe_part_paired2_011,505.661000,0.468425,-0.000321,0.625000,-0.000000,0.000000,-0.007639,0.999971
probe_part_paired2_011,505.676000,0.468425,-0.000321,0.625000,-0.000000,0.000000,-0.007639,0.999971
probe_part_paired2_011,505.692000,0.468425,-0.000321,0.625000,-0.000000,0.000000,-0.007639,0.999971
probe_part_paired2_011,505.708000,0.468425,-0.000321,0.625000,-0.000000,0.000000,-0.007639,0.999971
probe_part_paired2_011,505.718000,0.468425,-0.000321,0.625000,-0.000000,0.000000,-0.007639,0.999971
probe_part_paired2_011,505.733000,0.468425,-0.000321,0.625000,-0.000000,0.000000,-0.007639,0.999971
probe_part_paired2_011,505.747000,0.468425,-0.000321,0.625000,-0.000000,0.000000,-0.007639,0.999971
probe_part_paired2_011,505.752000,0.468425,-0.000321,0.625000,-0.000000,0.000000,-0.007639,0.999971
probe_part_paired2_011,505.763000,0.468425,-0.000321,0.625000,-0.000000,0.000000,-0.007639,0.999971
probe_part_paired2_011,505.776000,0.468425,-0.000321,0.625000,-0.000000,0.000000,-0.007639,0.999971
probe_part_paired2_011,505.790000,0.468425,-0.000321,0.625000,-0.000000,0.000000,-0.007639,0.999971
probe_part_paired2_011,505.804000,0.468425,-0.000321,0.625000,-0.000000,0.000000,-0.007639,0.999971
probe_part_paired2_011,505.820000,0.468425,-0.000321,0.625000,-0.000000,0.000000,-0.007639,0.999971
probe_part_paired2_011,505.836000,0.468425,-0.000321,0.625000,-0.000000,0.000000,-0.007639,0.999971
probe_part_paired2_011,505.847000,0.468425,-0.000321,0.625000,-0.000000,0.000000,-0.007639,0.999971
probe_part_paired2_011,505.862000,0.468425,-0.000321,0.625000,-0.000000,0.000000,-0.007639,0.999971
probe_part_paired2_011,505.876000,0.468425,-0.000321,0.625000,-0.000000,0.000000,-0.007639,0.999971
probe_part_paired2_011,505.891000,0.468425,-0.000321,0.625000,-0.000000,0.000000,-0.007639,0.999971
probe_part_paired2_011,505.907000,0.468425,-0.000321,0.625000,-0.000000,0.000000,-0.007639,0.999971
probe_part_paired2_011,505.920000,0.468425,-0.000321,0.625000,-0.000000,0.000000,-0.007639,0.999971
probe_part_paired2_011,505.934000,0.468425,-0.000321,0.625000,-0.000000,0.000000,-0.007639,0.999971
probe_part_paired2_011,505.950000,0.468425,-0.000321,0.625000,-0.000000,0.000000,-0.007639,0.999971
probe_part_paired2_011,505.958000,0.468425,-0.000321,0.625000,-0.000000,0.000000,-0.007639,0.999971
probe_part_paired2_011,505.973000,0.468425,-0.000321,0.625000,-0.000000,0.000000,-0.007639,0.999971
probe_part_paired2_011,505.988000,0.468425,-0.000321,0.625000,-0.000000,0.000000,-0.007639,0.999971
probe_part_paired2_011,506.001000,0.468425,-0.000321,0.625000,-0.000000,0.000000,-0.007639,0.999971
probe_part_paired2_011,506.017000,0.468425,-0.000321,0.625000,-0.000000,0.000000,-0.007639,0.999971
probe_part_paired2_011,506.033000,0.468425,-0.000321,0.625000,-0.000000,0.000000,-0.007639,0.999971
probe_part_paired2_011,506.050000,0.468425,-0.000321,0.625000,-0.000000,0.000000,-0.007639,0.999971
probe_part_paired2_011,506.066000,0.468425,-0.000321,0.625000,-0.000000,0.000000,-0.007639,0.999971
probe_part_paired2_011,506.082000,0.468425,-0.000321,0.625000,-0.000000,0.000000,-0.007639,0.999971
probe_part_paired2_011,506.098000,0.468425,-0.000321,0.625000,-0.000000,0.000000,-0.007639,0.999971
probe_part_paired2_011,506.114000,0.468425,-0.000321,0.625000,-0.000000,0.000000,-0.007639,0.999971
probe_part_paired2_011,506.130000,0.468425,-0.000321,0.625000,-0.000000,0.000000,-0.007639,0.999971
probe_part_paired2_011,506.146000,0.468425,-0.000321,0.625000,-0.000000,0.000000,-0.007639,0.999971
probe_part_paired2_011,506.162000,0.468425,-0.000321,0.625000,-0.000000,0.000000,-0.007639,0.999971
probe_part_paired2_011,506.179000,0.468425,-0.000321,0.625000,-0.000000,0.000000,-0.007639,0.999971
probe_part_paired2_011,506.195000,0.468425,-0.000321,0.625000,-0.000000,0.000000,-0.007639,0.999971
probe_part_paired2_011,506.211000,0.468425,-0.000321,0.625000,-0.000000,0.000000,-0.007639,0.999971
probe_part_paired2_011,506.227000,0.468425,-0.000321,0.625000,-0.000000,0.000000,-0.007639,0.999971
probe_part_paired2_011,506.244000,0.468425,-0.000321,0.625000,-0.000000,0.000000,-0.007639,0.999971
probe_part_paired2_011,506.261000,0.468425,-0.000321,0.625000,-0.000000,0.000000,-0.007639,0.999971
probe_part_paired2_011,506.277000,0.468425,-0.000321,0.625000,-0.000000,0.000000,-0.007639,0.999971
probe_part_paired2_011,506.294000,0.468425,-0.000321,0.625000,-0.000000,0.000000,-0.007639,0.999971
probe_part_paired2_011,506.311000,0.468425,-0.000321,0.625000,-0.000000,0.000000,-0.007639,0.999971
probe_part_paired2_011,506.327000,0.468425,-0.000321,0.625000,-0.000000,0.000000,-0.007639,0.999971
probe_part_paired2_011,506.341000,0.468425,-0.000321,0.625000,-0.000000,0.000000,-0.007639,0.999971
probe_part_paired2_011,506.354000,0.468425,-0.000321,0.625000,-0.000000,0.000000,-0.007639,0.999971
probe_part_paired2_011,506.370000,0.468425,-0.000321,0.625000,-0.000000,0.000000,-0.007639,0.999971
probe_part_paired2_011,506.387000,0.468425,-0.000321,0.625000,-0.000000,0.000000,-0.007639,0.999971
probe_part_paired2_011,506.404000,0.468425,-0.000321,0.625000,-0.000000,0.000000,-0.007639,0.999971
probe_part_paired2_011,506.420000,0.468425,-0.000321,0.625000,-0.000000,0.000000,-0.007639,0.999971
probe_part_paired2_011,506.437000,0.468425,-0.000321,0.625000,-0.000000,0.000000,-0.007639,0.999971
probe_part_paired2_011,506.453000,0.468425,-0.000321,0.625000,-0.000000,0.000000,-0.007639,0.999971
probe_part_paired2_011,506.470000,0.468425,-0.000321,0.625000,-0.000000,0.000000,-0.007639,0.999971
probe_part_paired2_011,506.486000,0.468425,-0.000321,0.625000,-0.000000,0.000000,-0.007639,0.999971
probe_part_paired2_011,506.500000,0.468425,-0.000321,0.625000,-0.000000,0.000000,-0.007639,0.999971
probe_part_paired2_011,506.514000,0.468425,-0.000321,0.625000,-0.000000,0.000000,-0.007639,0.999971
probe_part_paired2_011,506.527000,0.468425,-0.000321,0.625000,-0.000000,0.000000,-0.007639,0.999971
probe_part_paired2_011,506.541000,0.468425,-0.000321,0.625000,-0.000000,0.000000,-0.007639,0.999971
probe_part_paired2_011,506.557000,0.468425,-0.000321,0.625000,-0.000000,0.000000,-0.007639,0.999971
probe_part_paired2_011,506.571000,0.468425,-0.000321,0.625000,-0.000000,0.000000,-0.007639,0.999971
probe_part_paired2_011,506.586000,0.468425,-0.000321,0.625000,-0.000000,0.000000,-0.007639,0.999971
probe_part_paired2_011,506.602000,0.468425,-0.000321,0.625000,-0.000000,0.000000,-0.007639,0.999971
probe_part_paired2_011,506.617000,0.468425,-0.000321,0.625000,-0.000000,0.000000,-0.007639,0.999971
probe_part_paired2_011,506.633000,0.468425,-0.000321,0.625000,-0.000000,0.000000,-0.007639,0.999971
probe_part_paired2_011,506.649000,0.468425,-0.000321,0.625000,-0.000000,0.000000,-0.007639,0.999971
probe_part_paired2_011,506.666000,0.468425,-0.000321,0.625000,-0.000000,0.000000,-0.007639,0.999971
probe_part_paired2_011,506.682000,0.468425,-0.000321,0.625000,-0.000000,0.000000,-0.007639,0.999971
probe_part_paired2_011,506.699000,0.468425,-0.000321,0.625000,-0.000000,0.000000,-0.007639,0.999971
probe_part_paired2_011,506.708000,0.468425,-0.000321,0.625000,-0.000000,0.000000,-0.007639,0.999971
probe_part_paired2_011,506.719000,0.468425,-0.000321,0.625000,-0.000000,0.000000,-0.007639,0.999971
probe_part_paired2_011,506.735000,0.468425,-0.000321,0.625000,-0.000000,0.000000,-0.007639,0.999971
probe_part_paired2_011,506.752000,0.468425,-0.000321,0.625000,-0.000000,0.000000,-0.007639,0.999971
probe_part_paired2_011,506.767000,0.468425,-0.000321,0.625000,-0.000000,0.000000,-0.007639,0.999971
probe_part_paired2_011,506.783000,0.468425,-0.000321,0.625000,-0.000000,0.000000,-0.007639,0.999971
probe_part_paired2_011,506.799000,0.468425,-0.000321,0.625000,-0.000000,0.000000,-0.007639,0.999971
probe_part_paired2_011,506.815000,0.468425,-0.000321,0.625000,-0.000000,0.000000,-0.007639,0.999971
probe_part_paired2_011,506.832000,0.468425,-0.000321,0.625000,-0.000000,0.000000,-0.007639,0.999971
probe_part_paired2_011,506.849000,0.468425,-0.000321,0.625000,-0.000000,0.000000,-0.007639,0.999971
probe_part_paired2_011,506.866000,0.468425,-0.000321,0.625000,-0.000000,0.000000,-0.007639,0.999971
probe_part_paired2_011,506.883000,0.468425,-0.000321,0.625000,-0.000000,0.000000,-0.007639,0.999971
probe_part_paired2_011,506.899000,0.468425,-0.000321,0.625000,-0.000000,0.000000,-0.007639,0.999971
probe_part_paired2_011,506.915000,0.468425,-0.000321,0.625000,-0.000000,0.000000,-0.007639,0.999971
probe_part_paired2_011,506.932000,0.468425,-0.000321,0.625000,-0.000000,0.000000,-0.007639,0.999971
probe_part_paired2_011,506.948000,0.468425,-0.000321,0.625000,-0.000000,0.000000,-0.007639,0.999971
probe_part_paired2_011,506.964000,0.468425,-0.000321,0.625000,-0.000000,0.000000,-0.007639,0.999971
probe_part_paired2_011,506.980000,0.468425,-0.000321,0.625000,-0.000000,0.000000,-0.007639,0.999971
probe_part_paired2_011,506.997000,0.468425,-0.000321,0.625000,-0.000000,0.000000,-0.007639,0.999971
probe_part_paired2_011,507.014000,0.468425,-0.000321,0.625000,-0.000000,0.000000,-0.007639,0.999971
probe_part_paired2_011,507.030000,0.468425,-0.000321,0.625000,-0.000000,0.000000,-0.007639,0.999971
probe_part_paired2_011,507.046000,0.468425,-0.000321,0.625000,-0.000000,0.000000,-0.007639,0.999971
probe_part_paired2_011,507.061000,0.468425,-0.000321,0.625000,-0.000000,0.000000,-0.007639,0.999971
probe_part_paired2_011,507.077000,0.468425,-0.000321,0.625000,-0.000000,0.000000,-0.007639,0.999971
probe_part_paired2_011,507.094000,0.468425,-0.000321,0.625000,-0.000000,0.000000,-0.007639,0.999971
probe_part_paired2_011,507.110000,0.468425,-0.000321,0.625000,-0.000000,0.000000,-0.007639,0.999971
probe_part_paired2_011,507.126000,0.468425,-0.000321,0.625000,-0.000000,0.000000,-0.007639,0.999971
probe_part_paired2_011,507.142000,0.468425,-0.000321,0.625000,-0.000000,0.000000,-0.007639,0.999971
probe_part_paired2_011,507.159000,0.468425,-0.000321,0.625000,-0.000000,0.000000,-0.007639,0.999971
probe_part_paired2_011,507.176000,0.468425,-0.000321,0.625000,-0.000000,0.000000,-0.007639,0.999971
probe_part_paired2_011,507.192000,0.468425,-0.000321,0.625000,-0.000000,0.000000,-0.007639,0.999971
probe_part_paired2_011,507.206000,0.468425,-0.000321,0.625000,-0.000000,0.000000,-0.007639,0.999971
probe_part_paired2_011,507.221000,0.468425,-0.000321,0.625000,-0.000000,0.000000,-0.007639,0.999971
probe_part_paired2_011,507.238000,0.468425,-0.000321,0.625000,-0.000000,0.000000,-0.007639,0.999971
probe_part_paired2_011,507.255000,0.468425,-0.000321,0.625000,-0.000000,0.000000,-0.007639,0.999971
probe_part_paired2_011,507.270000,0.468425,-0.000321,0.625000,-0.000000,0.000000,-0.007639,0.999971
probe_part_paired2_011,507.284000,0.468425,-0.000321,0.625000,-0.000000,0.000000,-0.007639,0.999971
probe_part_paired2_011,507.300000,0.468425,-0.000321,0.625000,-0.000000,0.000000,-0.007639,0.999971
probe_part_paired2_011,507.317000,0.468425,-0.000321,0.625000,-0.000000,0.000000,-0.007639,0.999971
probe_part_paired2_011,507.333000,0.468425,-0.000321,0.625000,-0.000000,0.000000,-0.007639,0.999971
probe_part_paired2_011,507.348000,0.468425,-0.000321,0.625000,-0.000000,0.000000,-0.007639,0.999971
probe_part_paired2_011,507.364000,0.468425,-0.000321,0.625000,-0.000000,0.000000,-0.007639,0.999971
probe_part_paired2_011,507.381000,0.468425,-0.000321,0.625000,-0.000000,0.000000,-0.007639,0.999971
probe_part_paired2_011,507.397000,0.468425,-0.000321,0.625000,-0.000000,0.000000,-0.007639,0.999971
probe_part_paired2_011,507.413000,0.468425,-0.000321,0.625000,-0.000000,0.000000,-0.007639,0.999971
probe_part_paired2_011,507.430000,0.468425,-0.000321,0.625000,-0.000000,0.000000,-0.007639,0.999971
probe_part_paired2_011,507.447000,0.468425,-0.000321,0.625000,-0.000000,0.000000,-0.007639,0.999971
probe_part_paired2_011,507.463000,0.468425,-0.000321,0.625000,-0.000000,0.000000,-0.007639,0.999971
probe_part_paired2_011,507.478000,0.468425,-0.000321,0.625000,-0.000000,0.000000,-0.007639,0.999971
probe_part_paired2_011,507.494000,0.468425,-0.000321,0.625000,-0.000000,0.000000,-0.007639,0.999971
probe_part_paired2_011,507.510000,0.468425,-0.000321,0.625000,-0.000000,0.000000,-0.007639,0.999971
probe_part_paired2_011,507.526000,0.468425,-0.000321,0.625000,-0.000000,0.000000,-0.007639,0.999971
probe_part_paired2_011,507.540000,0.468425,-0.000321,0.625000,-0.000000,0.000000,-0.007639,0.999971
probe_part_paired2_011,507.555000,0.468425,-0.000321,0.625000,-0.000000,0.000000,-0.007639,0.999971
probe_part_paired2_011,507.571000,0.468425,-0.000321,0.625000,-0.000000,0.000000,-0.007639,0.999971
probe_part_paired2_011,507.588000,0.468425,-0.000321,0.625000,-0.000000,0.000000,-0.007639,0.999971
probe_part_paired2_011,507.604000,0.468425,-0.000321,0.625000,-0.000000,0.000000,-0.007639,0.999971
probe_part_paired2_011,507.620000,0.468425,-0.000321,0.625000,-0.000000,0.000000,-0.007639,0.999971
probe_part_paired2_011,507.637000,0.468425,-0.000321,0.625000,-0.000000,0.000000,-0.007639,0.999971
probe_part_paired2_011,507.653000,0.468425,-0.000321,0.625000,-0.000000,0.000000,-0.007639,0.999971
probe_part_paired2_011,507.669000,0.468425,-0.000321,0.625000,-0.000000,0.000000,-0.007639,0.999971
probe_part_paired2_011,507.685000,0.468425,-0.000321,0.625000,-0.000000,0.000000,-0.007639,0.999971
probe_part_paired2_011,507.702000,0.468425,-0.000321,0.625000,-0.000000,0.000000,-0.007639,0.999971
probe_part_paired2_011,507.719000,0.468425,-0.000321,0.625000,-0.000000,0.000000,-0.007639,0.999971
probe_part_paired2_011,507.735000,0.468425,-0.000321,0.625000,-0.000000,0.000000,-0.007639,0.999971
probe_part_paired2_011,507.751000,0.468425,-0.000321,0.625000,-0.000000,0.000000,-0.007639,0.999971
probe_part_paired2_011,507.767000,0.468425,-0.000321,0.625000,-0.000000,0.000000,-0.007639,0.999971
probe_part_paired2_011,507.782000,0.468425,-0.000321,0.625000,-0.000000,0.000000,-0.007639,0.999971
probe_part_paired2_011,507.799000,0.468425,-0.000321,0.625000,-0.000000,0.000000,-0.007639,0.999971
probe_part_paired2_011,507.816000,0.468425,-0.000321,0.625000,-0.000000,0.000000,-0.007639,0.999971
probe_part_paired2_011,507.831000,0.468425,-0.000321,0.625000,-0.000000,0.000000,-0.007639,0.999971
probe_part_paired2_011,507.848000,0.468425,-0.000321,0.625000,-0.000000,0.000000,-0.007639,0.999971
probe_part_paired2_011,507.865000,0.468425,-0.000321,0.625000,-0.000000,0.000000,-0.007639,0.999971
probe_part_paired2_011,507.882000,0.468425,-0.000321,0.625000,-0.000000,0.000000,-0.007639,0.999971
probe_part_paired2_011,507.899000,0.468425,-0.000321,0.625000,-0.000000,0.000000,-0.007639,0.999971
probe_part_paired2_011,507.915000,0.468425,-0.000321,0.625000,-0.000000,0.000000,-0.007639,0.999971
probe_part_paired2_011,507.932000,0.468425,-0.000321,0.625000,-0.000000,0.000000,-0.007639,0.999971
probe_part_paired2_011,507.949000,0.468425,-0.000321,0.625000,-0.000000,0.000000,-0.007639,0.999971
probe_part_paired2_011,507.960000,0.468425,-0.000321,0.625000,-0.000000,0.000000,-0.007639,0.999971
probe_part_paired2_011,507.968000,0.468425,-0.000321,0.625000,-0.000000,0.000000,-0.007639,0.999971
probe_part_paired2_011,507.984000,0.468425,-0.000321,0.625000,-0.000000,0.000000,-0.007639,0.999971
probe_part_paired2_011,508.000000,0.468425,-0.000321,0.625000,-0.000000,0.000000,-0.007639,0.999971
probe_part_paired2_011,508.013000,0.468425,-0.000321,0.625000,-0.000000,0.000000,-0.007639,0.999971
probe_part_paired2_011,508.026000,0.468425,-0.000321,0.625000,-0.000000,0.000000,-0.007639,0.999971
probe_part_paired2_011,508.038000,0.468425,-0.000321,0.625000,-0.000000,0.000000,-0.007639,0.999971
probe_part_paired2_011,508.049000,0.468425,-0.000321,0.625000,-0.000000,0.000000,-0.007639,0.999971
probe_part_paired2_011,508.065000,0.468425,-0.000321,0.625000,-0.000000,0.000000,-0.007639,0.999971
probe_part_paired2_011,508.081000,0.468425,-0.000321,0.625000,-0.000000,0.000000,-0.007639,0.999971
probe_part_paired2_011,508.094000,0.468425,-0.000321,0.625000,-0.000000,0.000000,-0.007639,0.999971
probe_part_paired2_011,508.100000,0.468425,-0.000321,0.625000,-0.000000,0.000000,-0.007639,0.999971
probe_part_paired2_011,508.116000,0.468425,-0.000321,0.625000,-0.000000,0.000000,-0.007639,0.999971
probe_part_paired2_011,508.132000,0.468425,-0.000321,0.625000,-0.000000,0.000000,-0.007639,0.999971
probe_part_paired2_011,508.147000,0.468425,-0.000321,0.625000,-0.000000,0.000000,-0.007639,0.999971
probe_part_paired2_011,508.162000,0.468425,-0.000321,0.625000,-0.000000,0.000000,-0.007639,0.999971
probe_part_paired2_011,508.177000,0.468425,-0.000321,0.625000,-0.000000,0.000000,-0.007639,0.999971
probe_part_paired2_011,508.193000,0.468425,-0.000321,0.625000,-0.000000,0.000000,-0.007639,0.999971
probe_part_paired2_011,508.208000,0.468425,-0.000321,0.625000,-0.000000,0.000000,-0.007639,0.999971
probe_part_paired2_011,508.224000,0.468425,-0.000321,0.625000,-0.000000,0.000000,-0.007639,0.999971
probe_part_paired2_011,508.241000,0.468425,-0.000321,0.625000,-0.000000,0.000000,-0.007639,0.999971
probe_part_paired2_011,508.258000,0.468425,-0.000321,0.625000,-0.000000,0.000000,-0.007639,0.999971
probe_part_paired2_011,508.275000,0.468425,-0.000321,0.625000,-0.000000,0.000000,-0.007639,0.999971
probe_part_paired2_011,508.291000,0.468425,-0.000321,0.625000,-0.000000,0.000000,-0.007639,0.999971
probe_part_paired2_011,508.307000,0.468425,-0.000321,0.625000,-0.000000,0.000000,-0.007639,0.999971
probe_part_paired2_011,508.324000,0.468425,-0.000321,0.625000,-0.000000,0.000000,-0.007639,0.999971
probe_part_paired2_011,508.339000,0.468425,-0.000321,0.625000,-0.000000,0.000000,-0.007639,0.999971
probe_part_paired2_011,508.352000,0.468425,-0.000321,0.625000,-0.000000,0.000000,-0.007639,0.999971
probe_part_paired2_011,508.368000,0.468425,-0.000321,0.625000,-0.000000,0.000000,-0.007639,0.999971
probe_part_paired2_011,508.383000,0.468425,-0.000321,0.625000,-0.000000,0.000000,-0.007639,0.999971
probe_part_paired2_011,508.396000,0.468425,-0.000321,0.625000,-0.000000,0.000000,-0.007639,0.999971
probe_part_paired2_011,508.410000,0.468425,-0.000321,0.625000,-0.000000,0.000000,-0.007639,0.999971
probe_part_paired2_011,508.425000,0.468425,-0.000321,0.625000,-0.000000,0.000000,-0.007639,0.999971
probe_part_paired2_011,508.440000,0.468425,-0.000321,0.625000,-0.000000,0.000000,-0.007639,0.999971
probe_part_paired2_011,508.455000,0.468425,-0.000321,0.625000,-0.000000,0.000000,-0.007639,0.999971
probe_part_paired2_011,508.470000,0.468425,-0.000321,0.625000,-0.000000,0.000000,-0.007639,0.999971
probe_part_paired2_011,508.486000,0.468425,-0.000321,0.625000,-0.000000,0.000000,-0.007639,0.999971
probe_part_paired2_011,508.501000,0.468425,-0.000321,0.625000,-0.000000,0.000000,-0.007639,0.999971
probe_part_paired2_011,508.516000,0.468425,-0.000321,0.625000,-0.000000,0.000000,-0.007639,0.999971
probe_part_paired2_011,508.532000,0.468425,-0.000321,0.625000,-0.000000,0.000000,-0.007639,0.999971
probe_part_paired2_011,508.548000,0.468425,-0.000321,0.625000,-0.000000,0.000000,-0.007639,0.999971
probe_part_paired2_011,508.564000,0.468425,-0.000321,0.625000,-0.000000,0.000000,-0.007639,0.999971
probe_part_paired2_011,508.580000,0.468425,-0.000321,0.625000,-0.000000,0.000000,-0.007639,0.999971
probe_part_paired2_011,508.596000,0.468425,-0.000321,0.625000,-0.000000,0.000000,-0.007639,0.999971
probe_part_paired2_011,508.612000,0.468425,-0.000321,0.625000,-0.000000,0.000000,-0.007639,0.999971
probe_part_paired2_011,508.628000,0.468425,-0.000321,0.625000,-0.000000,0.000000,-0.007639,0.999971
probe_part_paired2_011,508.643000,0.468425,-0.000321,0.625000,-0.000000,0.000000,-0.007639,0.999971
probe_part_paired2_011,508.658000,0.468425,-0.000321,0.625000,-0.000000,0.000000,-0.007639,0.999971
probe_part_paired2_011,508.674000,0.468425,-0.000321,0.625000,-0.000000,0.000000,-0.007639,0.999971
probe_part_paired2_011,508.690000,0.468425,-0.000321,0.625000,-0.000000,0.000000,-0.007639,0.999971
probe_part_paired2_011,508.706000,0.468425,-0.000321,0.625000,-0.000000,0.000000,-0.007639,0.999971
probe_part_paired2_011,508.722000,0.468425,-0.000321,0.625000,-0.000000,0.000000,-0.007639,0.999971
probe_part_paired2_011,508.738000,0.468425,-0.000321,0.625000,-0.000000,0.000000,-0.007639,0.999971
probe_part_paired2_011,508.755000,0.468425,-0.000321,0.625000,-0.000000,0.000000,-0.007639,0.999971
probe_part_paired2_011,508.771000,0.468425,-0.000321,0.625000,-0.000000,0.000000,-0.007639,0.999971
probe_part_paired2_011,508.788000,0.468425,-0.000321,0.625000,-0.000000,0.000000,-0.007639,0.999971
probe_part_paired2_011,508.804000,0.468425,-0.000321,0.625000,-0.000000,0.000000,-0.007639,0.999971
probe_part_paired2_011,508.821000,0.468425,-0.000321,0.625000,-0.000000,0.000000,-0.007639,0.999971
probe_part_paired2_011,508.838000,0.468425,-0.000321,0.625000,-0.000000,0.000000,-0.007639,0.999971
probe_part_paired2_011,508.853000,0.468425,-0.000321,0.625000,-0.000000,0.000000,-0.007639,0.999971
probe_part_paired2_011,508.867000,0.468425,-0.000321,0.625000,-0.000000,0.000000,-0.007639,0.999971
probe_part_paired2_011,508.881000,0.468425,-0.000321,0.625000,-0.000000,0.000000,-0.007639,0.999971
probe_part_paired2_011,508.896000,0.468425,-0.000321,0.625000,-0.000000,0.000000,-0.007639,0.999971
probe_part_paired2_011,508.912000,0.468425,-0.000321,0.625000,-0.000000,0.000000,-0.007639,0.999971
probe_part_paired2_011,508.928000,0.468425,-0.000321,0.625000,-0.000000,0.000000,-0.007639,0.999971
probe_part_paired2_011,508.945000,0.468425,-0.000321,0.625000,-0.000000,0.000000,-0.007639,0.999971
probe_part_paired2_011,508.959000,0.468425,-0.000321,0.625000,-0.000000,0.000000,-0.007639,0.999971
probe_part_paired2_011,508.975000,0.468425,-0.000321,0.625000,-0.000000,0.000000,-0.007639,0.999971
probe_part_paired2_011,508.991000,0.468425,-0.000321,0.625000,-0.000000,0.000000,-0.007639,0.999971
probe_part_paired2_011,509.008000,0.468425,-0.000321,0.625000,-0.000000,0.000000,-0.007639,0.999971
probe_part_paired2_011,509.024000,0.468425,-0.000321,0.625000,-0.000000,0.000000,-0.007639,0.999971
probe_part_paired2_011,509.040000,0.468425,-0.000321,0.625000,-0.000000,0.000000,-0.007639,0.999971
probe_part_paired2_011,509.054000,0.468425,-0.000321,0.625000,-0.000000,0.000000,-0.007639,0.999971
probe_part_paired2_011,509.069000,0.468425,-0.000321,0.625000,-0.000000,0.000000,-0.007639,0.999971
probe_part_paired2_011,509.086000,0.468425,-0.000321,0.625000,-0.000000,0.000000,-0.007639,0.999971
probe_part_paired2_011,509.103000,0.468425,-0.000321,0.625000,-0.000000,0.000000,-0.007639,0.999971
probe_part_paired2_011,509.120000,0.468425,-0.000321,0.625000,-0.000000,0.000000,-0.007639,0.999971
probe_part_paired2_011,509.136000,0.468425,-0.000321,0.625000,-0.000000,0.000000,-0.007639,0.999971
probe_part_paired2_011,509.149000,0.468425,-0.000321,0.625000,-0.000000,0.000000,-0.007639,0.999971
probe_part_paired2_011,509.158000,0.468425,-0.000321,0.625000,-0.000000,0.000000,-0.007639,0.999971
probe_part_paired2_011,509.172000,0.468425,-0.000321,0.625000,-0.000000,0.000000,-0.007639,0.999971
probe_part_paired2_011,509.188000,0.468425,-0.000321,0.625000,-0.000000,0.000000,-0.007639,0.999971
probe_part_paired2_011,509.203000,0.468425,-0.000321,0.625000,-0.000000,0.000000,-0.007639,0.999971
probe_part_paired2_011,509.216000,0.468425,-0.000321,0.625000,-0.000000,0.000000,-0.007639,0.999971
probe_part_paired2_011,509.226000,0.468425,-0.000321,0.625000,-0.000000,0.000000,-0.007639,0.999971
probe_part_paired2_011,509.235000,0.468425,-0.000321,0.625000,-0.000000,0.000000,-0.007639,0.999971
probe_part_paired2_011,509.245000,0.468425,-0.000321,0.625000,-0.000000,0.000000,-0.007639,0.999971
probe_part_paired2_011,509.259000,0.468425,-0.000321,0.625000,-0.000000,0.000000,-0.007639,0.999971
probe_part_paired2_011,509.275000,0.468425,-0.000321,0.625000,-0.000000,0.000000,-0.007639,0.999971
probe_part_paired2_011,509.291000,0.468425,-0.000321,0.625000,-0.000000,0.000000,-0.007639,0.999971
probe_part_paired2_011,509.307000,0.468425,-0.000321,0.625000,-0.000000,0.000000,-0.007639,0.999971
probe_part_paired2_011,509.322000,0.468425,-0.000321,0.625000,-0.000000,0.000000,-0.007639,0.999971
probe_part_paired2_011,509.339000,0.468425,-0.000321,0.625000,-0.000000,0.000000,-0.007639,0.999971
probe_part_paired2_011,509.355000,0.468425,-0.000321,0.625000,-0.000000,0.000000,-0.007639,0.999971
probe_part_paired2_011,509.370000,0.468425,-0.000321,0.625000,-0.000000,0.000000,-0.007639,0.999971
probe_part_paired2_011,509.385000,0.468425,-0.000321,0.625000,-0.000000,0.000000,-0.007639,0.999971
probe_part_paired2_011,509.399000,0.468425,-0.000321,0.625000,-0.000000,0.000000,-0.007639,0.999971
probe_part_paired2_011,509.415000,0.468425,-0.000321,0.625000,-0.000000,0.000000,-0.007639,0.999971
probe_part_paired2_011,509.430000,0.468425,-0.000321,0.625000,-0.000000,0.000000,-0.007639,0.999971
probe_part_paired2_011,509.444000,0.468425,-0.000321,0.625000,-0.000000,0.000000,-0.007639,0.999971
probe_part_paired2_011,509.459000,0.468425,-0.000321,0.625000,-0.000000,0.000000,-0.007639,0.999971
probe_part_paired2_011,509.474000,0.468425,-0.000321,0.625000,-0.000000,0.000000,-0.007639,0.999971
probe_part_paired2_011,509.490000,0.468425,-0.000321,0.625000,-0.000000,0.000000,-0.007639,0.999971
probe_part_paired2_011,509.506000,0.468425,-0.000321,0.625000,-0.000000,0.000000,-0.007639,0.999971
probe_part_paired2_011,509.520000,0.468425,-0.000321,0.625000,-0.000000,0.000000,-0.007639,0.999971
probe_part_paired2_011,509.534000,0.468425,-0.000321,0.625000,-0.000000,0.000000,-0.007639,0.999971
probe_part_paired2_011,509.550000,0.468425,-0.000321,0.625000,-0.000000,0.000000,-0.007639,0.999971
probe_part_paired2_011,509.566000,0.468425,-0.000321,0.625000,-0.000000,0.000000,-0.007639,0.999971
probe_part_paired2_011,509.582000,0.468425,-0.000321,0.625000,-0.000000,0.000000,-0.007639,0.999971
probe_part_paired2_011,509.598000,0.468425,-0.000321,0.625000,-0.000000,0.000000,-0.007639,0.999971
probe_part_paired2_011,509.613000,0.468425,-0.000321,0.625000,-0.000000,0.000000,-0.007639,0.999971
probe_part_paired2_011,509.628000,0.468425,-0.000321,0.625000,-0.000000,0.000000,-0.007639,0.999971
probe_part_paired2_011,509.644000,0.468425,-0.000321,0.625000,-0.000000,0.000000,-0.007639,0.999971
probe_part_paired2_011,509.660000,0.468425,-0.000321,0.625000,-0.000000,0.000000,-0.007639,0.999971
probe_part_paired2_011,509.676000,0.468425,-0.000321,0.625000,-0.000000,0.000000,-0.007639,0.999971
probe_part_paired2_011,509.692000,0.468425,-0.000321,0.625000,-0.000000,0.000000,-0.007639,0.999971
probe_part_paired2_011,509.707000,0.468425,-0.000321,0.625000,-0.000000,0.000000,-0.007639,0.999971
probe_part_paired2_011,509.721000,0.468425,-0.000321,0.625000,-0.000000,0.000000,-0.007639,0.999971
probe_part_paired2_011,509.734000,0.468425,-0.000321,0.625000,-0.000000,0.000000,-0.007639,0.999971
probe_part_paired2_011,509.747000,0.468425,-0.000321,0.625000,-0.000000,0.000000,-0.007639,0.999971
probe_part_paired2_011,509.761000,0.468425,-0.000321,0.625000,-0.000000,0.000000,-0.007639,0.999971
probe_part_paired2_011,509.776000,0.468425,-0.000321,0.625000,-0.000000,0.000000,-0.007639,0.999971
probe_part_paired2_011,509.791000,0.468425,-0.000321,0.625000,-0.000000,0.000000,-0.007639,0.999971
probe_part_paired2_011,509.806000,0.468425,-0.000321,0.625000,-0.000000,0.000000,-0.007639,0.999971
probe_part_paired2_011,509.822000,0.468425,-0.000321,0.625000,-0.000000,0.000000,-0.007639,0.999971
probe_part_paired2_011,509.837000,0.468425,-0.000321,0.625000,-0.000000,0.000000,-0.007639,0.999971
probe_part_paired2_011,509.852000,0.468425,-0.000321,0.625000,-0.000000,0.000000,-0.007639,0.999971
probe_part_paired2_011,509.867000,0.468425,-0.000321,0.625000,-0.000000,0.000000,-0.007639,0.999971
probe_part_paired2_011,509.882000,0.468425,-0.000321,0.625000,-0.000000,0.000000,-0.007639,0.999971
probe_part_paired2_011,509.897000,0.468425,-0.000321,0.625000,-0.000000,0.000000,-0.007639,0.999971
probe_part_paired2_011,509.912000,0.468425,-0.000321,0.625000,-0.000000,0.000000,-0.007639,0.999971
probe_part_paired2_011,509.928000,0.468425,-0.000321,0.625000,-0.000000,0.000000,-0.007639,0.999971
probe_part_paired2_011,509.944000,0.468425,-0.000321,0.625000,-0.000000,0.000000,-0.007639,0.999971
probe_part_paired2_011,509.960000,0.468425,-0.000321,0.625000,-0.000000,0.000000,-0.007639,0.999971
probe_part_paired2_011,509.976000,0.468425,-0.000321,0.625000,-0.000000,0.000000,-0.007639,0.999971
probe_part_paired2_011,509.991000,0.468425,-0.000321,0.625000,-0.000000,0.000000,-0.007639,0.999971
probe_part_paired2_011,510.006000,0.468425,-0.000321,0.625000,-0.000000,0.000000,-0.007639,0.999971
probe_part_paired2_011,510.020000,0.468425,-0.000321,0.625000,-0.000000,0.000000,-0.007639,0.999971
probe_part_paired2_011,510.036000,0.468425,-0.000321,0.625000,-0.000000,0.000000,-0.007639,0.999971
probe_part_paired2_011,510.052000,0.468425,-0.000321,0.625000,-0.000000,0.000000,-0.007639,0.999971
probe_part_paired2_011,510.069000,0.468425,-0.000321,0.625000,-0.000000,0.000000,-0.007639,0.999971
probe_part_paired2_011,510.085000,0.468425,-0.000321,0.625000,-0.000000,0.000000,-0.007639,0.999971
probe_part_paired2_011,510.100000,0.468425,-0.000321,0.625000,-0.000000,0.000000,-0.007639,0.999971
probe_part_paired2_011,510.117000,0.468425,-0.000321,0.625000,-0.000000,0.000000,-0.007639,0.999971
probe_part_paired2_011,510.132000,0.468425,-0.000321,0.625000,-0.000000,0.000000,-0.007639,0.999971
probe_part_paired2_011,510.147000,0.468425,-0.000321,0.625000,-0.000000,0.000000,-0.007639,0.999971
probe_part_paired2_011,510.162000,0.468425,-0.000321,0.625000,-0.000000,0.000000,-0.007639,0.999971
probe_part_paired2_011,510.174000,0.468425,-0.000321,0.625000,-0.000000,0.000000,-0.007639,0.999971
probe_part_paired2_011,510.188000,0.468425,-0.000321,0.625000,-0.000000,0.000000,-0.007639,0.999971
probe_part_paired2_011,510.204000,0.468425,-0.000321,0.625000,-0.000000,0.000000,-0.007639,0.999971
probe_part_paired2_011,510.221000,0.468425,-0.000321,0.625000,-0.000000,0.000000,-0.007639,0.999971
probe_part_paired2_011,510.237000,0.468425,-0.000321,0.625000,-0.000000,0.000000,-0.007639,0.999971
probe_part_paired2_011,510.254000,0.468425,-0.000321,0.625000,-0.000000,0.000000,-0.007639,0.999971
probe_part_paired2_011,510.269000,0.468425,-0.000321,0.625000,-0.000000,0.000000,-0.007639,0.999971
probe_part_paired2_011,510.285000,0.468425,-0.000321,0.625000,-0.000000,0.000000,-0.007639,0.999971
probe_part_paired2_011,510.301000,0.468425,-0.000321,0.625000,-0.000000,0.000000,-0.007639,0.999971
probe_part_paired2_011,510.317000,0.468425,-0.000321,0.625000,-0.000000,0.000000,-0.007639,0.999971
probe_part_paired2_011,510.333000,0.468425,-0.000321,0.625000,-0.000000,0.000000,-0.007639,0.999971
probe_part_paired2_011,510.349000,0.468425,-0.000321,0.625000,-0.000000,0.000000,-0.007639,0.999971
probe_part_paired2_011,510.365000,0.468425,-0.000321,0.625000,-0.000000,0.000000,-0.007639,0.999971
probe_part_paired2_011,510.380000,0.468425,-0.000321,0.625000,-0.000000,0.000000,-0.007639,0.999971
probe_part_paired2_011,510.395000,0.468425,-0.000321,0.625000,-0.000000,0.000000,-0.007639,0.999971
probe_part_paired2_011,510.411000,0.468425,-0.000321,0.625000,-0.000000,0.000000,-0.007639,0.999971
probe_part_paired2_011,510.427000,0.468425,-0.000321,0.625000,-0.000000,0.000000,-0.007639,0.999971
probe_part_paired2_011,510.443000,0.468425,-0.000321,0.625000,-0.000000,0.000000,-0.007639,0.999971
probe_part_paired2_011,510.458000,0.468425,-0.000321,0.625000,-0.000000,0.000000,-0.007639,0.999971
probe_part_paired2_011,510.474000,0.468425,-0.000321,0.625000,-0.000000,0.000000,-0.007639,0.999971
probe_part_paired2_011,510.489000,0.468425,-0.000321,0.625000,-0.000000,0.000000,-0.007639,0.999971
probe_part_paired2_011,510.504000,0.468425,-0.000321,0.625000,-0.000000,0.000000,-0.007639,0.999971
probe_part_paired2_011,510.519000,0.468425,-0.000321,0.625000,-0.000000,0.000000,-0.007639,0.999971
probe_part_paired2_011,510.535000,0.468425,-0.000321,0.625000,-0.000000,0.000000,-0.007639,0.999971
probe_part_paired2_011,510.552000,0.468425,-0.000321,0.625000,-0.000000,0.000000,-0.007639,0.999971
probe_part_paired2_011,510.568000,0.468425,-0.000321,0.625000,-0.000000,0.000000,-0.007639,0.999971
probe_part_paired2_011,510.584000,0.468425,-0.000321,0.625000,-0.000000,0.000000,-0.007639,0.999971
probe_part_paired2_011,510.599000,0.468425,-0.000321,0.625000,-0.000000,0.000000,-0.007639,0.999971
probe_part_paired2_011,510.614000,0.468425,-0.000321,0.625000,-0.000000,0.000000,-0.007639,0.999971
probe_part_paired2_011,510.626000,0.468425,-0.000321,0.625000,-0.000000,0.000000,-0.007639,0.999971
probe_part_paired2_011,510.641000,0.468425,-0.000321,0.625000,-0.000000,0.000000,-0.007639,0.999971
probe_part_paired2_011,510.656000,0.468425,-0.000321,0.625000,-0.000000,0.000000,-0.007639,0.999971
probe_part_paired2_011,510.672000,0.468425,-0.000321,0.625000,-0.000000,0.000000,-0.007639,0.999971
probe_part_paired2_011,510.687000,0.468425,-0.000321,0.625000,-0.000000,0.000000,-0.007639,0.999971
probe_part_paired2_011,510.702000,0.468425,-0.000321,0.625000,-0.000000,0.000000,-0.007639,0.999971
probe_part_paired2_011,510.717000,0.468425,-0.000321,0.625000,-0.000000,0.000000,-0.007639,0.999971
probe_part_paired2_011,510.733000,0.468425,-0.000321,0.625000,-0.000000,0.000000,-0.007639,0.999971
probe_part_paired2_011,510.748000,0.468425,-0.000321,0.625000,-0.000000,0.000000,-0.007639,0.999971
probe_part_paired2_011,510.765000,0.468425,-0.000321,0.625000,-0.000000,0.000000,-0.007639,0.999971
probe_part_paired2_011,510.781000,0.468425,-0.000321,0.625000,-0.000000,0.000000,-0.007639,0.999971
probe_part_paired2_011,510.797000,0.468425,-0.000321,0.625000,-0.000000,0.000000,-0.007639,0.999971
probe_part_paired2_011,510.802000,0.468425,-0.000321,0.625000,-0.000000,0.000000,-0.007639,0.999971
probe_part_paired2_011,510.815000,0.468425,-0.000321,0.625000,-0.000000,0.000000,-0.007639,0.999971
probe_part_paired2_011,510.831000,0.468425,-0.000321,0.625000,-0.000000,0.000000,-0.007639,0.999971
probe_part_paired2_011,510.846000,0.468425,-0.000321,0.625000,-0.000000,0.000000,-0.007639,0.999971
probe_part_paired2_011,510.861000,0.468425,-0.000321,0.625000,-0.000000,0.000000,-0.007639,0.999971
probe_part_paired2_011,510.876000,0.468425,-0.000321,0.625000,-0.000000,0.000000,-0.007639,0.999971
probe_part_paired2_011,510.892000,0.468425,-0.000321,0.625000,-0.000000,0.000000,-0.007639,0.999971
probe_part_paired2_011,510.908000,0.468425,-0.000321,0.625000,-0.000000,0.000000,-0.007639,0.999971
probe_part_paired2_011,510.924000,0.468425,-0.000321,0.625000,-0.000000,0.000000,-0.007639,0.999971
probe_part_paired2_011,510.940000,0.468425,-0.000321,0.625000,-0.000000,0.000000,-0.007639,0.999971
probe_part_paired2_011,510.956000,0.468425,-0.000321,0.625000,-0.000000,0.000000,-0.007639,0.999971
probe_part_paired2_011,510.966000,0.468425,-0.000321,0.625000,-0.000000,0.000000,-0.007639,0.999971
probe_part_paired2_011,510.975000,0.468425,-0.000321,0.625000,-0.000000,0.000000,-0.007639,0.999971
probe_part_paired2_011,510.987000,0.468425,-0.000321,0.625000,-0.000000,0.000000,-0.007639,0.999971
probe_part_paired2_011,510.996000,0.468425,-0.000321,0.625000,-0.000000,0.000000,-0.007639,0.999971
probe_part_paired2_011,511.009000,0.468425,-0.000321,0.625000,-0.000000,0.000000,-0.007639,0.999971
probe_part_paired2_011,511.022000,0.468425,-0.000321,0.625000,-0.000000,0.000000,-0.007639,0.999971
probe_part_paired2_011,511.033000,0.468425,-0.000321,0.625000,-0.000000,0.000000,-0.007639,0.999971
probe_part_paired2_011,511.043000,0.468425,-0.000321,0.625000,-0.000000,0.000000,-0.007639,0.999971
probe_part_paired2_011,511.058000,0.468425,-0.000321,0.625000,-0.000000,0.000000,-0.007639,0.999971
probe_part_paired2_011,511.074000,0.468425,-0.000321,0.625000,-0.000000,0.000000,-0.007639,0.999971
probe_part_paired2_011,511.091000,0.468425,-0.000321,0.625000,-0.000000,0.000000,-0.007639,0.999971
probe_part_paired2_011,511.106000,0.468425,-0.000321,0.625000,-0.000000,0.000000,-0.007639,0.999971
probe_part_paired2_011,511.122000,0.468425,-0.000321,0.625000,-0.000000,0.000000,-0.007639,0.999971
probe_part_paired2_011,511.138000,0.468425,-0.000321,0.625000,-0.000000,0.000000,-0.007639,0.999971
probe_part_paired2_011,511.153000,0.468425,-0.000321,0.625000,-0.000000,0.000000,-0.007639,0.999971
probe_part_paired2_011,511.169000,0.468425,-0.000321,0.625000,-0.000000,0.000000,-0.007639,0.999971
probe_part_paired2_011,511.185000,0.468425,-0.000321,0.625000,-0.000000,0.000000,-0.007639,0.999971
probe_part_paired2_011,511.202000,0.468425,-0.000321,0.625000,-0.000000,0.000000,-0.007639,0.999971
probe_part_paired2_011,511.218000,0.468425,-0.000321,0.625000,-0.000000,0.000000,-0.007639,0.999971
probe_part_paired2_011,511.233000,0.468425,-0.000321,0.625000,-0.000000,0.000000,-0.007639,0.999971
probe_part_paired2_011,511.250000,0.468425,-0.000321,0.625000,-0.000000,0.000000,-0.007639,0.999971
probe_part_paired2_011,511.267000,0.468425,-0.000321,0.625000,-0.000000,0.000000,-0.007639,0.999971
probe_part_paired2_011,511.282000,0.468425,-0.000321,0.625000,-0.000000,0.000000,-0.007639,0.999971
probe_part_paired2_011,511.296000,0.468425,-0.000321,0.625000,-0.000000,0.000000,-0.007639,0.999971
probe_part_paired2_011,511.311000,0.468425,-0.000321,0.625000,-0.000000,0.000000,-0.007639,0.999971
probe_part_paired2_011,511.327000,0.468425,-0.000321,0.625000,-0.000000,0.000000,-0.007639,0.999971
probe_part_paired2_011,511.344000,0.468425,-0.000321,0.625000,-0.000000,0.000000,-0.007639,0.999971
probe_part_paired2_011,511.360000,0.468425,-0.000321,0.625000,-0.000000,0.000000,-0.007639,0.999971
probe_part_paired2_011,511.376000,0.468425,-0.000321,0.625000,-0.000000,0.000000,-0.007639,0.999971
probe_part_paired2_011,511.392000,0.468425,-0.000321,0.625000,-0.000000,0.000000,-0.007639,0.999971
probe_part_paired2_011,511.408000,0.468425,-0.000321,0.625000,-0.000000,0.000000,-0.007639,0.999971
probe_part_paired2_011,511.425000,0.468425,-0.000321,0.625000,-0.000000,0.000000,-0.007639,0.999971
arm_1_left_finger,476.689000,0.499763,-0.011966,0.543568,-0.585016,0.492691,-0.492736,0.414998
arm_1_left_finger,476.705000,0.499763,-0.011966,0.543568,-0.585016,0.492691,-0.492736,0.414998
arm_1_left_finger,476.721000,0.499763,-0.011966,0.543568,-0.585016,0.492691,-0.492736,0.414998
arm_1_left_finger,476.738000,0.499763,-0.011966,0.543568,-0.585016,0.492691,-0.492736,0.414998
arm_1_left_finger,476.755000,0.499763,-0.011966,0.543568,-0.585016,0.492691,-0.492736,0.414998
arm_1_left_finger,476.771000,0.499763,-0.011966,0.543568,-0.585016,0.492691,-0.492736,0.414998
arm_1_left_finger,476.788000,0.499763,-0.011966,0.543568,-0.585016,0.492691,-0.492736,0.414998
arm_1_left_finger,476.805000,0.499763,-0.011966,0.543568,-0.585016,0.492691,-0.492736,0.414998
arm_1_left_finger,476.823000,0.499763,-0.011966,0.543568,-0.585016,0.492691,-0.492736,0.414998
arm_1_left_finger,476.840000,0.499763,-0.011966,0.543568,-0.585016,0.492691,-0.492736,0.414998
arm_1_left_finger,476.856000,0.499763,-0.011966,0.543568,-0.585016,0.492691,-0.492736,0.414998
arm_1_left_finger,476.872000,0.499763,-0.011966,0.543568,-0.585016,0.492691,-0.492736,0.414998
arm_1_left_finger,476.888000,0.499763,-0.011966,0.543568,-0.585016,0.492691,-0.492736,0.414998
arm_1_left_finger,476.905000,0.499765,-0.011961,0.543565,-0.585018,0.492694,-0.492729,0.415000
arm_1_left_finger,476.922000,0.499771,-0.011947,0.543555,-0.585026,0.492703,-0.492707,0.415004
arm_1_left_finger,476.939000,0.499781,-0.011920,0.543537,-0.585041,0.492720,-0.492665,0.415012
arm_1_left_finger,476.956000,0.499799,-0.011875,0.543507,-0.585067,0.492748,-0.492596,0.415025
arm_1_left_finger,476.973000,0.499824,-0.011810,0.543463,-0.585102,0.492788,-0.492498,0.415043
arm_1_left_finger,476.990000,0.499857,-0.011723,0.543405,-0.585151,0.492843,-0.492364,0.415069
arm_1_left_finger,477.007000,0.499900,-0.011613,0.543331,-0.585212,0.492912,-0.492196,0.415100
arm_1_left_finger,477.024000,0.499952,-0.011478,0.543240,-0.585287,0.492996,-0.491989,0.415139
arm_1_left_finger,477.041000,0.500014,-0.011317,0.543132,-0.585376,0.493096,-0.491743,0.415186
arm_1_left_finger,477.058000,0.500086,-0.011130,0.543007,-0.585480,0.493213,-0.491458,0.415239
arm_1_left_finger,477.075000,0.500168,-0.010916,0.542863,-0.585599,0.493347,-0.491130,0.415301
arm_1_left_finger,477.092000,0.500261,-0.010675,0.542702,-0.585732,0.493497,-0.490762,0.415369
arm_1_left_finger,477.106000,0.500345,-0.010456,0.542554,-0.585853,0.493633,-0.490427,0.415431
arm_1_left_finger,477.121000,0.500442,-0.010200,0.542383,-0.585995,0.493793,-0.490036,0.415503
arm_1_left_finger,477.138000,0.500562,-0.009885,0.542171,-0.586169,0.493989,-0.489555,0.415592
arm_1_left_finger,477.156000,0.500701,-0.009520,0.541927,-0.586370,0.494216,-0.488998,0.415694
arm_1_left_finger,477.173000,0.500842,-0.009144,0.541675,-0.586577,0.494450,-0.488425,0.415797
arm_1_left_finger,477.189000,0.500985,-0.008766,0.541422,-0.586786,0.494685,-0.487848,0.415902
arm_1_left_finger,477.206000,0.501146,-0.008335,0.541134,-0.587022,0.494952,-0.487192,0.416019
arm_1_left_finger,477.223000,0.501317,-0.007876,0.540826,-0.587274,0.495236,-0.486493,0.416143
arm_1_left_finger,477.240000,0.501498,-0.007389,0.540501,-0.587541,0.495538,-0.485751,0.416273
arm_1_left_finger,477.257000,0.501689,-0.006872,0.540155,-0.587824,0.495857,-0.484965,0.416411
arm_1_left_finger,477.274000,0.501889,-0.006327,0.539791,-0.588121,0.496194,-0.484137,0.416553
arm_1_left_finger,477.291000,0.502099,-0.005753,0.539408,-0.588434,0.496548,-0.483264,0.416703
arm_1_left_finger,477.309000,0.502331,-0.005113,0.538981,-0.588782,0.496942,-0.482293,0.416866
arm_1_left_finger,477.325000,0.502546,-0.004517,0.538584,-0.589106,0.497309,-0.481388,0.417017
arm_1_left_finger,477.341000,0.502769,-0.003895,0.538169,-0.589443,0.497691,-0.480446,0.417173
arm_1_left_finger,477.358000,0.503014,-0.003206,0.537711,-0.589815,0.498113,-0.479403,0.417343
arm_1_left_finger,477.375000,0.503268,-0.002487,0.537232,-0.590203,0.498553,-0.478314,0.417517
arm_1_left_finger,477.392000,0.503530,-0.001740,0.536735,-0.590605,0.499010,-0.477184,0.417696
arm_1_left_finger,477.409000,0.503800,-0.000962,0.536218,-0.591022,0.499485,-0.476009,0.417879
arm_1_left_finger,477.427000,0.504095,-0.000107,0.535651,-0.591480,0.500006,-0.474718,0.418077
arm_1_left_finger,477.444000,0.504381,0.000732,0.535094,-0.591927,0.500516,-0.473454,0.418267
arm_1_left_finger,477.460000,0.504657,0.001548,0.534553,-0.592362,0.501011,-0.472224,0.418449
arm_1_left_finger,477.476000,0.504940,0.002390,0.533995,-0.592809,0.501522,-0.470957,0.418633
arm_1_left_finger,477.492000,0.505227,0.003254,0.533424,-0.593266,0.502044,-0.469659,0.418817
arm_1_left_finger,477.508000,0.505522,0.004151,0.532831,-0.593740,0.502586,-0.468311,0.419006
arm_1_left_finger,477.524000,0.505823,0.005074,0.532221,-0.594225,0.503142,-0.466926,0.419195
arm_1_left_finger,477.541000,0.506149,0.006084,0.531555,-0.594755,0.503749,-0.465413,0.419397
arm_1_left_finger,477.558000,0.506480,0.007124,0.530869,-0.595299,0.504373,-0.463856,0.419600
arm_1_left_finger,477.575000,0.506817,0.008194,0.530164,-0.595856,0.505013,-0.462258,0.419804
arm_1_left_finger,477.592000,0.507159,0.009295,0.529440,-0.596428,0.505670,-0.460614,0.420007
arm_1_left_finger,477.609000,0.507507,0.010425,0.528696,-0.597013,0.506344,-0.458928,0.420210
arm_1_left_finger,477.626000,0.507859,0.011587,0.527934,-0.597612,0.507034,-0.457198,0.420411
arm_1_left_finger,477.642000,0.508194,0.012708,0.527198,-0.598188,0.507699,-0.455531,0.420600
arm_1_left_finger,477.658000,0.508533,0.013856,0.526446,-0.598776,0.508378,-0.453826,0.420786
arm_1_left_finger,477.673000,0.508853,0.014956,0.525725,-0.599337,0.509028,-0.452193,0.420959
arm_1_left_finger,477.690000,0.509220,0.016234,0.524889,-0.599987,0.509780,-0.450301,0.421153
arm_1_left_finger,477.707000,0.509589,0.017542,0.524035,-0.600649,0.510548,-0.448366,0.421343
arm_1_left_finger,477.724000,0.509962,0.018881,0.523161,-0.601324,0.511332,-0.446388,0.421529
arm_1_left_finger,477.741000,0.510336,0.020251,0.522267,-0.602012,0.512132,-0.444368,0.421710
arm_1_left_finger,477.758000,0.510713,0.021652,0.521355,-0.602712,0.512949,-0.442305,0.421887
arm_1_left_finger,477.775000,0.511091,0.023086,0.520423,-0.603425,0.513781,-0.440198,0.422058
arm_1_left_finger,477.792000,0.511470,0.024549,0.519472,-0.604150,0.514629,-0.438050,0.422223
arm_1_left_finger,477.809000,0.511850,0.026045,0.518501,-0.604888,0.515493,-0.435857,0.422381
arm_1_left_finger,477.825000,0.512208,0.027482,0.517570,-0.605594,0.516320,-0.433756,0.422523
arm_1_left_finger,477.842000,0.512588,0.029038,0.516562,-0.606355,0.517214,-0.431482,0.422666
arm_1_left_finger,477.859000,0.512968,0.030627,0.515534,-0.607128,0.518124,-0.429166,0.422801
arm_1_left_finger,477.876000,0.513347,0.032247,0.514488,-0.607912,0.519048,-0.426808,0.422926
arm_1_left_finger,477.892000,0.513702,0.033802,0.513485,-0.608661,0.519933,-0.424549,0.423036
arm_1_left_finger,477.909000,0.514077,0.035485,0.512400,-0.609468,0.520888,-0.422109,0.423141
arm_1_left_finger,477.926000,0.514451,0.037199,0.511297,-0.610286,0.521858,-0.419627,0.423236
arm_1_left_finger,477.943000,0.514821,0.038946,0.510174,-0.611115,0.522843,-0.417103,0.423319
arm_1_left_finger,477.960000,0.515188,0.040724,0.509032,-0.611955,0.523842,-0.414539,0.423390
arm_1_left_finger,477.977000,0.515552,0.042535,0.507871,-0.612806,0.524857,-0.411932,0.423447
arm_1_left_finger,477.994000,0.515911,0.044378,0.506690,-0.613666,0.525886,-0.409284,0.423491
arm_1_left_finger,478.011000,0.516266,0.046254,0.505490,-0.614538,0.526929,-0.406595,0.423519
arm_1_left_finger,478.028000,0.516615,0.048161,0.504271,-0.615420,0.527988,-0.403866,0.423533
arm_1_left_finger,478.045000,0.516959,0.050101,0.503033,-0.616311,0.529060,-0.401096,0.423531
arm_1_left_finger,478.062000,0.517296,0.052074,0.501775,-0.617212,0.530147,-0.398285,0.423511
arm_1_left_finger,478.079000,0.517626,0.054078,0.500499,-0.618123,0.531247,-0.395436,0.423475
arm_1_left_finger,478.096000,0.517949,0.056116,0.499203,-0.619044,0.532363,-0.392544,0.423420
arm_1_left_finger,478.112000,0.518246,0.058063,0.497966,-0.619918,0.533424,-0.389788,0.423350
arm_1_left_finger,478.127000,0.518518,0.059915,0.496791,-0.620745,0.534431,-0.387172,0.423269
arm_1_left_finger,478.144000,0.518817,0.062044,0.495441,-0.621691,0.535585,-0.384170,0.423158
arm_1_left_finger,478.161000,0.519107,0.064206,0.494072,-0.622645,0.536752,-0.381129,0.423026
arm_1_left_finger,478.178000,0.519386,0.066400,0.492685,-0.623608,0.537932,-0.378050,0.422872
arm_1_left_finger,478.195000,0.519655,0.068627,0.491278,-0.624579,0.539126,-0.374932,0.422694
arm_1_left_finger,478.212000,0.519913,0.070886,0.489852,-0.625558,0.540332,-0.371777,0.422493
arm_1_left_finger,478.229000,0.520159,0.073178,0.488407,-0.626544,0.541552,-0.368583,0.422267
arm_1_left_finger,478.246000,0.520393,0.075502,0.486944,-0.627538,0.542785,-0.365353,0.422016
arm_1_left_finger,478.263000,0.520613,0.077859,0.485461,-0.628540,0.544030,-0.362085,0.421739
arm_1_left_finger,478.280000,0.520820,0.080248,0.483960,-0.629548,0.545287,-0.358781,0.421434
arm_1_left_finger,478.296000,0.521002,0.082526,0.482530,-0.630504,0.546482,-0.355639,0.421122
arm_1_left_finger,478.311000,0.521160,0.084688,0.481174,-0.631405,0.547612,-0.352663,0.420806
arm_1_left_finger,478.328000,0.521326,0.087169,0.479620,-0.632432,0.548904,-0.349257,0.420420
arm_1_left_finger,478.344000,0.521466,0.089532,0.478140,-0.633404,0.550131,-0.346021,0.420029
arm_1_left_finger,478.360000,0.521592,0.091924,0.476644,-0.634382,0.551368,-0.342753,0.419611
arm_1_left_finger,478.377000,0.521709,0.094497,0.475036,-0.635427,0.552694,-0.339248,0.419134
arm_1_left_finger,478.394000,0.521808,0.097101,0.473410,-0.636476,0.554030,-0.335710,0.418625
arm_1_left_finger,478.411000,0.521889,0.099739,0.471764,-0.637531,0.555379,-0.332137,0.418082
arm_1_left_finger,478.428000,0.521950,0.102409,0.470100,-0.638592,0.556739,-0.328531,0.417504
arm_1_left_finger,478.445000,0.521992,0.105111,0.468418,-0.639657,0.558110,-0.324892,0.416890
arm_1_left_finger,478.459000,0.522010,0.107358,0.467019,-0.640537,0.559247,-0.321874,0.416357
arm_1_left_finger,478.475000,0.522014,0.109947,0.465409,-0.641544,0.560552,-0.318405,0.415718
arm_1_left_finger,478.492000,0.521997,0.112717,0.463687,-0.642614,0.561943,-0.314704,0.415005
arm_1_left_finger,478.509000,0.521959,0.115505,0.461956,-0.643682,0.563337,-0.310992,0.414256
arm_1_left_finger,478.526000,0.521898,0.118304,0.460218,-0.644747,0.564732,-0.307276,0.413474
arm_1_left_finger,478.543000,0.521815,0.121113,0.458475,-0.645807,0.566126,-0.303558,0.412658
arm_1_left_finger,478.560000,0.521709,0.123928,0.456730,-0.646861,0.567518,-0.299844,0.411809
arm_1_left_finger,478.577000,0.521581,0.126748,0.454982,0.647909,-0.568908,0.296135,-0.410928
arm_1_left_finger,478.594000,0.521431,0.129572,0.453233,0.648950,-0.570294,0.292433,-0.410014
arm_1_left_finger,478.610000,0.521269,0.132232,0.451586,0.649924,-0.571595,0.288957,-0.409124
arm_1_left_finger,478.627000,0.521076,0.135060,0.449835,0.650951,-0.572973,0.285273,-0.408148
arm_1_left_finger,478.644000,0.520860,0.137888,0.448085,0.651970,-0.574346,0.281600,-0.407140
arm_1_left_finger,478.661000,0.520621,0.140717,0.446335,0.652981,-0.575715,0.277939,-0.406101
arm_1_left_finger,478.679000,0.520345,0.143711,0.444483,0.654043,-0.577158,0.274076,-0.404967
arm_1_left_finger,478.696000,0.520061,0.146539,0.442735,0.655038,-0.578516,0.270441,-0.403864
arm_1_left_finger,478.713000,0.519756,0.149365,0.440988,0.656024,-0.579869,0.266820,-0.402730
arm_1_left_finger,478.730000,0.519428,0.152189,0.439242,0.657002,-0.581216,0.263214,-0.401566
arm_1_left_finger,478.747000,0.519078,0.155012,0.437497,0.657972,-0.582557,0.259621,-0.400371
arm_1_left_finger,478.764000,0.518707,0.157833,0.435753,0.658933,-0.583893,0.256044,-0.399146
arm_1_left_finger,478.781000,0.518313,0.160652,0.434011,0.659886,-0.585223,0.252482,-0.397891
arm_1_left_finger,478.798000,0.517898,0.163468,0.432270,0.660830,-0.586548,0.248935,-0.396606
arm_1_left_finger,478.814000,0.517488,0.166115,0.430633,0.661712,-0.587789,0.245612,-0.395369
arm_1_left_finger,478.831000,0.517031,0.168926,0.428895,0.662640,-0.589102,0.242096,-0.394026
arm_1_left_finger,478.847000,0.516582,0.171568,0.427260,0.663505,-0.590333,0.238802,-0.392735
arm_1_left_finger,478.864000,0.516083,0.174373,0.425525,0.664417,-0.591635,0.235319,-0.391335
arm_1_left_finger,478.881000,0.515563,0.177174,0.423792,0.665320,-0.592931,0.231852,-0.389906
arm_1_left_finger,478.898000,0.515022,0.179971,0.422060,0.666214,-0.594221,0.228403,-0.388448
arm_1_left_finger,478.915000,0.514460,0.182765,0.420330,0.667100,-0.595506,0.224971,-0.386961
arm_1_left_finger,478.932000,0.513877,0.185555,0.418601,0.667977,-0.596784,0.221557,-0.385445
arm_1_left_finger,478.949000,0.513273,0.188340,0.416874,0.668846,-0.598056,0.218160,-0.383900
arm_1_left_finger,478.966000,0.512647,0.191122,0.415149,0.669707,-0.599323,0.214782,-0.382327
arm_1_left_finger,478.983000,0.512001,0.193899,0.413425,0.670558,-0.600583,0.211422,-0.380726
arm_1_left_finger,479.000000,0.511334,0.196671,0.411704,0.671401,-0.601837,0.208081,-0.379097
arm_1_left_finger,479.017000,0.510647,0.199439,0.409984,0.672236,-0.603086,0.204759,-0.377439
arm_1_left_finger,479.034000,0.509938,0.202201,0.408265,0.673062,-0.604328,0.201455,-0.375754
arm_1_left_finger,479.051000,0.509210,0.204959,0.406549,0.673880,-0.605564,0.198171,-0.374042
arm_1_left_finger,479.068000,0.508460,0.207711,0.404834,0.674688,-0.606794,0.194907,-0.372301
arm_1_left_finger,479.085000,0.507691,0.210459,0.403122,0.675489,-0.608017,0.191662,-0.370534
arm_1_left_finger,479.102000,0.506901,0.213200,0.401411,0.676280,-0.609235,0.188438,-0.368739
arm_1_left_finger,479.119000,0.506091,0.215936,0.399702,0.677063,-0.610446,0.185233,-0.366918
arm_1_left_finger,479.135000,0.505310,0.218506,0.398095,0.677793,-0.611581,0.182236,-0.365179
arm_1_left_finger,479.152000,0.504462,0.221231,0.396390,0.678559,-0.612780,0.179072,-0.363306
arm_1_left_finger,479.170000,0.503541,0.224109,0.394586,0.679361,-0.614043,0.175744,-0.361294
arm_1_left_finger,479.187000,0.502651,0.226821,0.392884,0.680110,-0.615230,0.172623,-0.359366
arm_1_left_finger,479.205000,0.501688,0.229686,0.391085,0.680893,-0.616479,0.169341,-0.357297
arm_1_left_finger,479.222000,0.500757,0.232385,0.389387,0.681624,-0.617653,0.166264,-0.355317
arm_1_left_finger,479.239000,0.499807,0.235077,0.387692,0.682347,-0.618820,0.163209,-0.353310
arm_1_left_finger,479.255000,0.498896,0.237604,0.386098,0.683019,-0.619912,0.160353,-0.351399
arm_1_left_finger,479.271000,0.497967,0.240126,0.384505,0.683683,-0.621000,0.157518,-0.349465
arm_1_left_finger,479.287000,0.497021,0.242641,0.382915,0.684340,-0.622081,0.154702,-0.347509
arm_1_left_finger,479.304000,0.495997,0.245306,0.381227,0.685029,-0.623224,0.151731,-0.345406
arm_1_left_finger,479.321000,0.494954,0.247964,0.379541,0.685710,-0.624360,0.148784,-0.343279
arm_1_left_finger,479.338000,0.493892,0.250615,0.377857,0.686382,-0.625490,0.145860,-0.341127
arm_1_left_finger,479.354000,0.492876,0.253102,0.376273,0.687006,-0.626547,0.143129,-0.339079
arm_1_left_finger,479.371000,0.491777,0.255738,0.374593,0.687662,-0.627665,0.140250,-0.336881
arm_1_left_finger,479.388000,0.490660,0.258366,0.372915,0.688309,-0.628775,0.137394,-0.334658
arm_1_left_finger,479.405000,0.489525,0.260986,0.371239,0.688947,-0.629880,0.134563,-0.332411
arm_1_left_finger,479.422000,0.488371,0.263597,0.369565,0.689576,-0.630977,0.131755,-0.330141
arm_1_left_finger,479.438000,0.487267,0.266048,0.367991,0.690161,-0.632004,0.129134,-0.327984
arm_1_left_finger,479.451000,0.486359,0.268034,0.366714,0.690630,-0.632835,0.127021,-0.326216
arm_1_left_finger,479.464000,0.485440,0.270014,0.365437,0.691094,-0.633661,0.124922,-0.324434
arm_1_left_finger,479.480000,0.484295,0.272445,0.363868,0.691658,-0.634673,0.122359,-0.322223
arm_1_left_finger,479.494000,0.483280,0.274566,0.362497,0.692146,-0.635553,0.120133,-0.320272
arm_1_left_finger,479.511000,0.482030,0.277133,0.360834,0.692730,-0.636616,0.117454,-0.317882
arm_1_left_finger,479.528000,0.480763,0.279691,0.359172,0.693306,-0.637673,0.114800,-0.315471
arm_1_left_finger,479.545000,0.479478,0.282241,0.357513,0.693872,-0.638722,0.112172,-0.313037
arm_1_left_finger,479.559000,0.478407,0.284333,0.356148,0.694333,-0.639582,0.110026,-0.311016
arm_1_left_finger,479.571000,0.477479,0.286122,0.354979,0.694723,-0.640315,0.108201,-0.309273
arm_1_left_finger,479.588000,0.476149,0.288648,0.353325,0.695268,-0.641348,0.105638,-0.306785
arm_1_left_finger,479.604000,0.474882,0.291016,0.351770,0.695773,-0.642313,0.103248,-0.304423
arm_1_left_finger,479.620000,0.473600,0.293376,0.350217,0.696270,-0.643273,0.100882,-0.302044
arm_1_left_finger,479.636000,0.472302,0.295728,0.348666,0.696760,-0.644227,0.098540,-0.299645
arm_1_left_finger,479.652000,0.470989,0.298071,0.347117,0.697242,-0.645175,0.096221,-0.297229
arm_1_left_finger,479.669000,0.469593,0.300524,0.345491,0.697740,-0.646164,0.093808,-0.294669
arm_1_left_finger,479.685000,0.468246,0.302855,0.343941,0.698207,-0.647102,0.091532,-0.292211
arm_1_left_finger,479.702000,0.466800,0.305320,0.342298,0.698695,-0.648091,0.089141,-0.289580
arm_1_left_finger,479.720000,0.465250,0.307918,0.340561,0.699202,-0.649130,0.086640,-0.286774
arm_1_left_finger,479.737000,0.463771,0.310360,0.338923,0.699672,-0.650105,0.084307,-0.284105
arm_1_left_finger,479.753000,0.462363,0.312648,0.337384,0.700106,-0.651015,0.082137,-0.281576
arm_1_left_finger,479.768000,0.461031,0.314784,0.335943,0.700506,-0.651862,0.080125,-0.279190
arm_1_left_finger,479.786000,0.459415,0.317336,0.334216,0.700977,-0.652872,0.077740,-0.276308
arm_1_left_finger,479.803000,0.457873,0.319735,0.332587,0.701412,-0.653818,0.075516,-0.273568
arm_1_left_finger,479.819000,0.456407,0.321983,0.331057,0.701815,-0.654703,0.073449,-0.270972
arm_1_left_finger,479.827000,0.455669,0.323103,0.330292,0.702013,-0.655142,0.072425,-0.269669
arm_1_left_finger,479.844000,0.454089,0.325475,0.328669,0.702428,-0.656072,0.070270,-0.266885
arm_1_left_finger,479.861000,0.452493,0.327836,0.327048,0.702834,-0.656994,0.068143,-0.264084
arm_1_left_finger,479.878000,0.450882,0.330186,0.325429,0.703231,-0.657909,0.066045,-0.261266
arm_1_left_finger,479.895000,0.449255,0.332524,0.323812,0.703620,-0.658817,0.063975,-0.258431
arm_1_left_finger,479.912000,0.447612,0.334850,0.322197,0.704000,-0.659718,0.061935,-0.255579
arm_1_left_finger,479.929000,0.445955,0.337165,0.320584,0.704371,-0.660612,0.059923,-0.252710
arm_1_left_finger,479.947000,0.444183,0.339604,0.318879,0.704755,-0.661550,0.057825,-0.249655
arm_1_left_finger,479.964000,0.442494,0.341895,0.317271,0.705109,-0.662430,0.055874,-0.246752
arm_1_left_finger,479.979000,0.440991,0.343906,0.315853,0.705414,-0.663199,0.054176,-0.244178
arm_1_left_finger,479.996000,0.439275,0.346175,0.314249,0.705751,-0.664065,0.052281,-0.241246
arm_1_left_finger,480.013000,0.437543,0.348431,0.312646,0.706080,-0.664923,0.050414,-0.238299
arm_1_left_finger,480.030000,0.435797,0.350675,0.311045,0.706400,-0.665775,0.048578,-0.235337
arm_1_left_finger,480.047000,0.434036,0.352908,0.309447,0.706711,-0.666619,0.046771,-0.232359
arm_1_left_finger,480.064000,0.432261,0.355127,0.307850,0.707014,-0.667456,0.044994,-0.229367
arm_1_left_finger,480.081000,0.430472,0.357335,0.306256,0.707308,-0.668285,0.043248,-0.226361
arm_1_left_finger,480.098000,0.428670,0.359530,0.304663,0.707591,-0.669107,0.041541,-0.223350
arm_1_left_finger,480.115000,0.426856,0.361713,0.303071,0.707870,-0.669922,0.039848,-0.220308
arm_1_left_finger,480.132000,0.425024,0.363883,0.301483,0.708140,-0.670730,0.038190,-0.217257
arm_1_left_finger,480.149000,0.423179,0.366040,0.299896,0.708399,-0.671531,0.036566,-0.214196
arm_1_left_finger,480.166000,0.421319,0.368184,0.298311,0.708650,-0.672324,0.034971,-0.211121
arm_1_left_finger,480.183000,0.419447,0.370315,0.296729,0.708893,-0.673110,0.033408,-0.208034
arm_1_left_finger,480.200000,0.417561,0.372433,0.295148,0.709127,-0.673888,0.031876,-0.204934
arm_1_left_finger,480.218000,0.415549,0.374661,0.293477,0.709365,-0.674704,0.030286,-0.201637
arm_1_left_finger,480.234000,0.413748,0.376630,0.291993,0.709569,-0.675423,0.028904,-0.198697
arm_1_left_finger,480.251000,0.411822,0.378708,0.290418,0.709777,-0.676179,0.027464,-0.195560
arm_1_left_finger,480.268000,0.409883,0.380773,0.288845,0.709977,-0.676928,0.026056,-0.192412
arm_1_left_finger,480.285000,0.407931,0.382825,0.287274,0.710168,-0.677669,0.024680,-0.189254
arm_1_left_finger,480.302000,0.405966,0.384863,0.285705,0.710350,-0.678403,0.023336,-0.186086
arm_1_left_finger,480.319000,0.403989,0.386887,0.284138,0.710524,-0.679129,0.022022,-0.182904
arm_1_left_finger,480.336000,0.401999,0.388898,0.282573,0.710690,-0.679848,0.020739,-0.179712
arm_1_left_finger,480.353000,0.399997,0.390895,0.281009,0.710845,-0.680560,0.019494,-0.176515
arm_1_left_finger,480.369000,0.398100,0.392762,0.279540,0.710986,-0.681223,0.018342,-0.173488
arm_1_left_finger,480.386000,0.396074,0.394732,0.277980,0.711126,-0.681919,0.017154,-0.170269
arm_1_left_finger,480.402000,0.394157,0.396573,0.276514,0.711250,-0.682568,0.016066,-0.167231
arm_1_left_finger,480.418000,0.392230,0.398401,0.275051,0.711365,-0.683210,0.015010,-0.164190
arm_1_left_finger,480.435000,0.390175,0.400324,0.273502,0.711481,-0.683883,0.013913,-0.160949
arm_1_left_finger,480.452000,0.388116,0.402227,0.271959,0.711587,-0.684546,0.012858,-0.157718
arm_1_left_finger,480.469000,0.386082,0.404084,0.270445,0.711682,-0.685191,0.011856,-0.154537
arm_1_left_finger,480.487000,0.383899,0.406048,0.268833,0.711777,-0.685870,0.010809,-0.151124
arm_1_left_finger,480.504000,0.381847,0.407872,0.267326,0.711857,-0.686498,0.009866,-0.147929
arm_1_left_finger,480.521000,0.379803,0.409666,0.265834,0.711927,-0.687113,0.008967,-0.144761
arm_1_left_finger,480.539000,0.377649,0.411531,0.264273,0.711992,-0.687750,0.008051,-0.141427
arm_1_left_finger,480.556000,0.375625,0.413260,0.262816,0.712046,-0.688339,0.007227,-0.138306
arm_1_left_finger,480.573000,0.373614,0.414958,0.261376,0.712091,-0.688914,0.006440,-0.135213
arm_1_left_finger,480.590000,0.371616,0.416625,0.259953,0.712129,-0.689476,0.005691,-0.132149
arm_1_left_finger,480.607000,0.369631,0.418260,0.258548,0.712158,-0.690025,0.004977,-0.129114
arm_1_left_finger,480.625000,0.367545,0.419958,0.257080,0.712182,-0.690593,0.004260,-0.125934
arm_1_left_finger,480.642000,0.365590,0.421530,0.255711,0.712197,-0.691117,0.003618,-0.122962
arm_1_left_finger,480.660000,0.363536,0.423161,0.254280,0.712206,-0.691658,0.002975,-0.119849
arm_1_left_finger,480.678000,0.361500,0.424758,0.252870,0.712207,-0.692185,0.002368,-0.116772
arm_1_left_finger,480.696000,0.359482,0.426322,0.251480,0.712201,-0.692699,0.001797,-0.113730
arm_1_left_finger,480.713000,0.357594,0.427768,0.250185,0.712189,-0.693173,0.001289,-0.110893
arm_1_left_finger,480.730000,0.355723,0.429185,0.248907,0.712171,-0.693634,0.000812,-0.108088
arm_1_left_finger,480.747000,0.353868,0.430574,0.247647,0.712147,-0.694085,0.000365,-0.105318
arm_1_left_finger,480.764000,0.352032,0.431934,0.246405,0.712118,-0.694525,-0.000050,-0.102586
arm_1_left_finger,480.781000,0.350211,0.433266,0.245181,0.712086,-0.694953,-0.000456,-0.099869
arm_1_left_finger,480.788000,0.349469,0.433807,0.244681,0.712069,-0.695127,-0.000601,-0.098775
arm_1_left_finger,480.802000,0.347990,0.434873,0.243692,0.712037,-0.695468,-0.000906,-0.096575
arm_1_left_finger,480.819000,0.346214,0.436144,0.242507,0.711993,-0.695872,-0.001241,-0.093950
arm_1_left_finger,480.836000,0.344455,0.437387,0.241339,0.711943,-0.696267,-0.001551,-0.091358
arm_1_left_finger,480.853000,0.342715,0.438604,0.240189,0.711891,-0.696651,-0.001844,-0.088795
arm_1_left_finger,480.870000,0.340996,0.439795,0.239056,0.711834,-0.697026,-0.002110,-0.086271
arm_1_left_finger,480.887000,0.339297,0.440961,0.237939,0.711773,-0.697391,-0.002351,-0.083785
arm_1_left_finger,480.904000,0.337619,0.442100,0.236841,0.711707,-0.697746,-0.002564,-0.081343
arm_1_left_finger,480.921000,0.335959,0.443215,0.235760,0.711641,-0.698092,-0.002778,-0.078912
arm_1_left_finger,480.938000,0.334322,0.444304,0.234696,0.711570,-0.698428,-0.002955,-0.076536
arm_1_left_finger,480.955000,0.332703,0.445369,0.233649,0.711496,-0.698756,-0.003124,-0.074184
arm_1_left_finger,480.972000,0.331107,0.446410,0.232619,0.711420,-0.699075,-0.003267,-0.071876
arm_1_left_finger,480.988000,0.329624,0.447368,0.231666,0.711345,-0.699367,-0.003390,-0.069733
arm_1_left_finger,481.004000,0.328161,0.448306,0.230727,0.711268,-0.699651,-0.003494,-0.067626
arm_1_left_finger,481.021000,0.326628,0.449279,0.229746,0.711184,-0.699945,-0.003578,-0.065433
arm_1_left_finger,481.038000,0.325115,0.450230,0.228783,0.711099,-0.700231,-0.003673,-0.063250
arm_1_left_finger,481.055000,0.323626,0.451158,0.227835,0.711010,-0.700510,-0.003729,-0.061129
arm_1_left_finger,481.073000,0.322072,0.452116,0.226852,0.710917,-0.700795,-0.003795,-0.058899
arm_1_left_finger,481.090000,0.320630,0.452999,0.225939,0.710825,-0.701057,-0.003825,-0.056850
arm_1_left_finger,481.107000,0.319209,0.453860,0.225045,0.710733,-0.701312,-0.003860,-0.054821
arm_1_left_finger,481.124000,0.317812,0.454700,0.224165,0.710639,-0.701559,-0.003861,-0.052849
arm_1_left_finger,481.140000,0.316518,0.455471,0.223355,0.710551,-0.701784,-0.003876,-0.051004
arm_1_left_finger,481.157000,0.315164,0.456271,0.222509,0.710455,-0.702018,-0.003868,-0.049091
arm_1_left_finger,481.175000,0.313759,0.457096,0.221631,0.710353,-0.702257,-0.003848,-0.047107
arm_1_left_finger,481.192000,0.312454,0.457853,0.220820,0.710256,-0.702476,-0.003821,-0.045270
arm_1_left_finger,481.209000,0.311175,0.458592,0.220024,0.710159,-0.702688,-0.003782,-0.043472
arm_1_left_finger,481.226000,0.309919,0.459310,0.219247,0.710061,-0.702894,-0.003738,-0.041708
arm_1_left_finger,481.243000,0.308687,0.460010,0.218484,0.709963,-0.703093,-0.003675,-0.039991
arm_1_left_finger,481.259000,0.307549,0.460650,0.217783,0.709871,-0.703275,-0.003628,-0.038392
arm_1_left_finger,481.273000,0.306571,0.461197,0.217181,0.709791,-0.703430,-0.003574,-0.037027
arm_1_left_finger,481.287000,0.305612,0.461732,0.216589,0.709710,-0.703581,-0.003505,-0.035697
arm_1_left_finger,481.304000,0.304467,0.462364,0.215888,0.709613,-0.703758,-0.003438,-0.034095
arm_1_left_finger,481.321000,0.303347,0.462979,0.215202,0.709516,-0.703930,-0.003355,-0.032539
arm_1_left_finger,481.338000,0.302253,0.463575,0.214532,0.709420,-0.704096,-0.003264,-0.031025
arm_1_left_finger,481.355000,0.301182,0.464154,0.213879,0.709324,-0.704256,-0.003177,-0.029537
arm_1_left_finger,481.372000,0.300137,0.464716,0.213243,0.709229,-0.704411,-0.003081,-0.028093
arm_1_left_finger,481.390000,0.299059,0.465292,0.212585,0.709130,-0.704569,-0.002973,-0.026605
arm_1_left_finger,481.408000,0.298008,0.465849,0.211948,0.709032,-0.704722,-0.002868,-0.025155
arm_1_left_finger,481.425000,0.297041,0.466358,0.211362,0.708940,-0.704860,-0.002763,-0.023825
arm_1_left_finger,481.442000,0.296102,0.466850,0.210792,0.708850,-0.704994,-0.002653,-0.022536
arm_1_left_finger,481.459000,0.295186,0.467327,0.210239,0.708761,-0.705123,-0.002548,-0.021275
arm_1_left_finger,481.476000,0.294296,0.467787,0.209703,0.708674,-0.705247,-0.002438,-0.020057
arm_1_left_finger,481.493000,0.293434,0.468231,0.209181,0.708588,-0.705366,-0.002322,-0.018880
arm_1_left_finger,481.510000,0.292596,0.468660,0.208677,0.708504,-0.705480,-0.002217,-0.017729
arm_1_left_finger,481.527000,0.291783,0.469073,0.208190,0.708422,-0.705590,-0.002105,-0.016621
arm_1_left_finger,481.544000,0.290996,0.469471,0.207717,0.708341,-0.705696,-0.001994,-0.015548
arm_1_left_finger,481.561000,0.290238,0.469854,0.207261,0.708263,-0.705797,-0.001882,-0.014514
arm_1_left_finger,481.578000,0.289503,0.470222,0.206821,0.708186,-0.705894,-0.001774,-0.013513
arm_1_left_finger,481.595000,0.288795,0.470574,0.206398,0.708112,-0.705987,-0.001665,-0.012552
arm_1_left_finger,481.612000,0.288114,0.470913,0.205991,0.708039,-0.706076,-0.001558,-0.011627
arm_1_left_finger,481.629000,0.287460,0.471237,0.205598,0.707969,-0.706160,-0.001453,-0.010739
arm_1_left_finger,481.646000,0.286830,0.471546,0.205224,0.707902,-0.706241,-0.001351,-0.009886
arm_1_left_finger,481.664000,0.286192,0.471859,0.204844,0.707832,-0.706322,-0.001244,-0.009023
arm_1_left_finger,481.682000,0.285585,0.472155,0.204482,0.707766,-0.706398,-0.001140,-0.008202
arm_1_left_finger,481.699000,0.285040,0.472421,0.204156,0.707706,-0.706467,-0.001045,-0.007465
arm_1_left_finger,481.716000,0.284520,0.472673,0.203848,0.707649,-0.706531,-0.000955,-0.006762
arm_1_left_finger,481.733000,0.284026,0.472911,0.203555,0.707594,-0.706593,-0.000867,-0.006096
arm_1_left_finger,481.750000,0.283559,0.473135,0.203278,0.707542,-0.706650,-0.000782,-0.005468
arm_1_left_finger,481.767000,0.283121,0.473347,0.203015,0.707492,-0.706704,-0.000688,-0.004887
arm_1_left_finger,481.784000,0.282707,0.473544,0.202771,0.707446,-0.706754,-0.000625,-0.004318
arm_1_left_finger,481.801000,0.282320,0.473729,0.202542,0.707402,-0.706801,-0.000553,-0.003798
arm_1_left_finger,481.818000,0.281960,0.473900,0.202329,0.707361,-0.706845,-0.000484,-0.003315
arm_1_left_finger,481.836000,0.281608,0.474067,0.202121,0.707321,-0.706887,-0.000416,-0.002843
arm_1_left_finger,481.853000,0.281303,0.474211,0.201941,0.707286,-0.706924,-0.000357,-0.002433
arm_1_left_finger,481.871000,0.281012,0.474350,0.201766,0.707252,-0.706959,-0.000301,-0.002039
arm_1_left_finger,481.887000,0.280776,0.474461,0.201627,0.707225,-0.706987,-0.000255,-0.001722
arm_1_left_finger,481.904000,0.280552,0.474567,0.201496,0.707199,-0.707013,-0.000211,-0.001423
arm_1_left_finger,481.919000,0.280377,0.474649,0.201393,0.707179,-0.707034,-0.000176,-0.001189
arm_1_left_finger,481.934000,0.280223,0.474721,0.201302,0.707161,-0.707052,-0.000145,-0.000983
arm_1_left_finger,481.950000,0.280081,0.474788,0.201218,0.707144,-0.707069,-0.000116,-0.000793
arm_1_left_finger,481.967000,0.279957,0.474846,0.201145,0.707130,-0.707083,-0.000095,-0.000624
arm_1_left_finger,481.982000,0.279869,0.474887,0.201094,0.707120,-0.707094,-0.000080,-0.000504
arm_1_left_finger,481.994000,0.279815,0.474913,0.201059,0.707113,-0.707100,-0.000062,-0.000435
arm_1_left_finger,482.009000,0.279757,0.474940,0.201025,0.707107,-0.707107,-0.000052,-0.000357
arm_1_left_finger,482.026000,0.279758,0.474940,0.201025,0.707107,-0.707107,-0.000052,-0.000359
arm_1_left_finger,482.043000,0.279773,0.474933,0.201028,0.707108,-0.707105,-0.000055,-0.000378
arm_1_left_finger,482.061000,0.279786,0.474929,0.201017,0.707110,-0.707104,-0.000057,-0.000395
arm_1_left_finger,482.078000,0.279797,0.474928,0.200989,0.707111,-0.707102,-0.000069,-0.000398
arm_1_left_finger,482.095000,0.279806,0.474928,0.200944,0.707112,-0.707102,-0.000075,-0.000401
arm_1_left_finger,482.112000,0.279815,0.474932,0.200879,0.707112,-0.707101,-0.000076,-0.000408
arm_1_left_finger,482.129000,0.279824,0.474937,0.200792,0.707113,-0.707101,-0.000073,-0.000417
arm_1_left_finger,482.146000,0.279833,0.474945,0.200683,0.707113,-0.707100,-0.000069,-0.000424
arm_1_left_finger,482.163000,0.279843,0.474955,0.200549,0.707113,-0.707100,-0.000105,-0.000391
arm_1_left_finger,482.178000,0.279852,0.474965,0.200412,0.707113,-0.707100,-0.000093,-0.000404
arm_1_left_finger,482.195000,0.279864,0.474979,0.200234,0.707113,-0.707100,-0.000078,-0.000421
arm_1_left_finger,482.212000,0.279876,0.474995,0.200030,0.707113,-0.707100,-0.000071,-0.000429
arm_1_left_finger,482.229000,0.279890,0.475014,0.199802,0.707113,-0.707100,-0.000099,-0.000400
arm_1_left_finger,482.246000,0.279904,0.475034,0.199549,0.707113,-0.707100,-0.000082,-0.000418
arm_1_left_finger,482.263000,0.279920,0.475056,0.199270,0.707113,-0.707100,-0.000072,-0.000426
arm_1_left_finger,482.280000,0.279938,0.475080,0.198965,0.707113,-0.707100,-0.000103,-0.000394
arm_1_left_finger,482.297000,0.279956,0.475106,0.198635,0.707113,-0.707100,-0.000081,-0.000415
arm_1_left_finger,482.314000,0.279975,0.475133,0.198279,0.707113,-0.707100,-0.000072,-0.000423
arm_1_left_finger,482.331000,0.279996,0.475163,0.197897,0.707113,-0.707101,-0.000105,-0.000388
arm_1_left_finger,482.349000,0.280019,0.475196,0.197465,0.707113,-0.707101,-0.000080,-0.000410
arm_1_left_finger,482.365000,0.280041,0.475228,0.197056,0.707113,-0.707101,-0.000072,-0.000417
arm_1_left_finger,482.380000,0.280062,0.475258,0.196652,0.707112,-0.707101,-0.000068,-0.000419
arm_1_left_finger,482.396000,0.280086,0.475292,0.196199,0.707112,-0.707101,-0.000097,-0.000387
arm_1_left_finger,482.413000,0.280112,0.475330,0.195692,0.707112,-0.707101,-0.000079,-0.000403
arm_1_left_finger,482.430000,0.280139,0.475369,0.195160,0.707112,-0.707102,-0.000070,-0.000410
arm_1_left_finger,482.446000,0.280165,0.475407,0.194635,0.707112,-0.707102,-0.000065,-0.000412
arm_1_left_finger,482.463000,0.280194,0.475449,0.194052,0.707111,-0.707102,-0.000086,-0.000388
arm_1_left_finger,482.480000,0.280223,0.475492,0.193444,0.707111,-0.707102,-0.000072,-0.000398
arm_1_left_finger,482.497000,0.280254,0.475536,0.192809,0.707111,-0.707103,-0.000065,-0.000402
arm_1_left_finger,482.514000,0.280285,0.475581,0.192148,0.707111,-0.707103,-0.000089,-0.000375
arm_1_left_finger,482.531000,0.280317,0.475627,0.191462,0.707110,-0.707103,-0.000073,-0.000388
arm_1_left_finger,482.548000,0.280349,0.475675,0.190749,0.707110,-0.707103,-0.000065,-0.000392
arm_1_left_finger,482.565000,0.280382,0.475723,0.190011,0.707110,-0.707104,-0.000099,-0.000354
arm_1_left_finger,482.582000,0.280415,0.475772,0.189247,0.707110,-0.707104,-0.000078,-0.000371
arm_1_left_finger,482.599000,0.280449,0.475821,0.188457,0.707109,-0.707104,-0.000069,-0.000376
arm_1_left_finger,482.616000,0.280483,0.475871,0.187641,0.707109,-0.707105,-0.000063,-0.000378
arm_1_left_finger,482.633000,0.280518,0.475922,0.186799,0.707109,-0.707105,-0.000059,-0.000377
arm_1_left_finger,482.650000,0.280552,0.475973,0.185932,0.707108,-0.707105,-0.000084,-0.000348
arm_1_left_finger,482.666000,0.280585,0.476021,0.185091,0.707108,-0.707106,-0.000075,-0.000353
arm_1_left_finger,482.683000,0.280619,0.476072,0.184173,0.707107,-0.707106,-0.000066,-0.000357
arm_1_left_finger,482.700000,0.280654,0.476124,0.183229,0.707107,-0.707106,-0.000060,-0.000358
arm_1_left_finger,482.716000,0.280686,0.476172,0.182317,0.707107,-0.707107,-0.000057,-0.000356
arm_1_left_finger,482.732000,0.280718,0.476220,0.181382,0.707106,-0.707107,-0.000093,-0.000316
arm_1_left_finger,482.749000,0.280752,0.476270,0.180364,0.707106,-0.707108,-0.000076,-0.000328
arm_1_left_finger,482.766000,0.280786,0.476321,0.179320,0.707106,-0.707108,-0.000065,-0.000333
arm_1_left_finger,482.783000,0.280818,0.476370,0.178251,0.707105,-0.707108,-0.000058,-0.000334
arm_1_left_finger,482.800000,0.280851,0.476419,0.177155,0.707105,-0.707109,-0.000055,-0.000332
arm_1_left_finger,482.817000,0.280882,0.476467,0.176034,0.707104,-0.707109,-0.000052,-0.000329
arm_1_left_finger,482.834000,0.280913,0.476514,0.174886,0.707104,-0.707110,-0.000080,-0.000295
arm_1_left_finger,482.851000,0.280943,0.476560,0.173714,0.707103,-0.707110,-0.000071,-0.000298
arm_1_left_finger,482.868000,0.280971,0.476605,0.172515,0.707103,-0.707111,-0.000063,-0.000300
arm_1_left_finger,482.885000,0.280999,0.476648,0.171291,0.707102,-0.707111,-0.000057,-0.000300
arm_1_left_finger,482.902000,0.281025,0.476689,0.170042,0.707102,-0.707112,-0.000052,-0.000298
arm_1_left_finger,482.919000,0.281050,0.476729,0.168766,0.707101,-0.707112,-0.000049,-0.000295
arm_1_left_finger,482.936000,0.281073,0.476767,0.167465,0.707101,-0.707113,-0.000046,-0.000291
arm_1_left_finger,482.952000,0.281094,0.476801,0.166218,0.707100,-0.707113,-0.000044,-0.000286
arm_1_left_finger,482.969000,0.281114,0.476834,0.164867,0.707100,-0.707114,-0.000080,-0.000243
arm_1_left_finger,482.987000,0.281133,0.476867,0.163409,0.707099,-0.707114,-0.000068,-0.000248
arm_1_left_finger,483.003000,0.281148,0.476894,0.162089,0.707099,-0.707115,-0.000065,-0.000244
arm_1_left_finger,483.019000,0.281161,0.476919,0.160747,0.707098,-0.707115,-0.000066,-0.000236
arm_1_left_finger,483.034000,0.281172,0.476939,0.159468,0.707098,-0.707116,-0.000071,-0.000225
arm_1_left_finger,483.051000,0.281182,0.476960,0.157993,0.707097,-0.707117,-0.000064,-0.000224
arm_1_left_finger,483.068000,0.281189,0.476977,0.156492,0.707096,-0.707117,-0.000059,-0.000222
arm_1_left_finger,483.081000,0.281193,0.476988,0.155329,0.707096,-0.707118,-0.000036,-0.000239
arm_1_left_finger,483.092000,0.281195,0.476995,0.154338,0.707095,-0.707118,-0.000040,-0.000229
arm_1_left_finger,483.104000,0.281196,0.477002,0.153252,0.707095,-0.707118,-0.000049,-0.000215
arm_1_left_finger,483.113000,0.281196,0.477005,0.152435,0.707095,-0.707119,-0.000035,-0.000225
arm_1_left_finger,483.129000,0.281193,0.477009,0.150985,0.707094,-0.707119,-0.000035,-0.000217
arm_1_left_finger,483.145000,0.281188,0.477009,0.149539,0.707094,-0.707120,-0.000035,-0.000210
arm_1_left_finger,483.162000,0.281181,0.477006,0.148013,0.707093,-0.707121,-0.000034,-0.000203
arm_1_left_finger,483.178000,0.281171,0.476999,0.146590,0.707092,-0.707121,-0.000034,-0.000196
arm_1_left_finger,483.195000,0.281158,0.476988,0.145102,0.707092,-0.707122,-0.000033,-0.000189
arm_1_left_finger,483.212000,0.281142,0.476974,0.143624,0.707091,-0.707122,-0.000031,-0.000183
arm_1_left_finger,483.229000,0.281124,0.476957,0.142167,0.707091,-0.707123,-0.000029,-0.000177
arm_1_left_finger,483.246000,0.281104,0.476937,0.140732,0.707090,-0.707124,-0.000027,-0.000172
arm_1_left_finger,483.259000,0.281087,0.476919,0.139650,0.707090,-0.707124,-0.000030,-0.000163
arm_1_left_finger,483.272000,0.281069,0.476900,0.138582,0.707089,-0.707124,-0.000035,-0.000153
arm_1_left_finger,483.283000,0.281053,0.476882,0.137690,0.707089,-0.707125,-0.000052,-0.000131
arm_1_left_finger,483.297000,0.281031,0.476858,0.136569,0.707088,-0.707125,-0.000061,-0.000116
arm_1_left_finger,483.311000,0.281009,0.476833,0.135465,0.707088,-0.707126,-0.000024,-0.000148
arm_1_left_finger,483.328000,0.280980,0.476800,0.134148,0.707087,-0.707126,-0.000022,-0.000143
arm_1_left_finger,483.345000,0.280949,0.476764,0.132856,0.707087,-0.707127,-0.000059,-0.000099
arm_1_left_finger,483.362000,0.280917,0.476727,0.131590,0.707086,-0.707127,-0.000052,-0.000100
arm_1_left_finger,483.379000,0.280884,0.476688,0.130349,0.707086,-0.707128,-0.000041,-0.000103
arm_1_left_finger,483.395000,0.280852,0.476650,0.129205,0.707085,-0.707128,-0.000037,-0.000102
arm_1_left_finger,483.412000,0.280817,0.476608,0.128014,0.707085,-0.707129,-0.000030,-0.000103
arm_1_left_finger,483.428000,0.280783,0.476567,0.126917,0.707084,-0.707129,-0.000028,-0.000099
arm_1_left_finger,483.445000,0.280746,0.476523,0.125777,0.707084,-0.707130,-0.000024,-0.000097
arm_1_left_finger,483.463000,0.280706,0.476475,0.124598,0.707083,-0.707130,-0.000019,-0.000096
arm_1_left_finger,483.480000,0.280668,0.476428,0.123511,0.707083,-0.707131,-0.000016,-0.000093
arm_1_left_finger,483.497000,0.280630,0.476381,0.122449,0.707083,-0.707131,-0.000052,-0.000052
arm_1_left_finger,483.513000,0.280593,0.476336,0.121475,0.707082,-0.707131,-0.000047,-0.000051
arm_1_left_finger,483.531000,0.280551,0.476285,0.120405,0.707082,-0.707132,-0.000031,-0.000062
arm_1_left_finger,483.548000,0.280512,0.476236,0.119422,0.707081,-0.707132,-0.000024,-0.000064
arm_1_left_finger,483.565000,0.280472,0.476187,0.118465,0.707081,-0.707133,-0.000019,-0.000064
arm_1_left_finger,483.582000,0.280433,0.476138,0.117533,0.707081,-0.707133,-0.000015,-0.000063
arm_1_left_finger,483.599000,0.280393,0.476088,0.116628,0.707080,-0.707133,-0.000012,-0.000062
arm_1_left_finger,483.616000,0.280354,0.476039,0.115747,0.707080,-0.707134,-0.000036,-0.000032
arm_1_left_finger,483.632000,0.280317,0.475993,0.114943,0.707079,-0.707134,-0.000027,-0.000037
arm_1_left_finger,483.649000,0.280279,0.475945,0.114113,0.707079,-0.707134,-0.000018,-0.000042
arm_1_left_finger,483.666000,0.280240,0.475897,0.113309,0.707079,-0.707135,-0.000012,-0.000043
arm_1_left_finger,483.683000,0.280202,0.475849,0.112531,0.707078,-0.707135,-0.000009,-0.000043
arm_1_left_finger,483.700000,0.280165,0.475802,0.111777,0.707078,-0.707135,-0.000034,-0.000014
arm_1_left_finger,483.717000,0.280128,0.475756,0.111051,0.707078,-0.707136,-0.000021,-0.000023
arm_1_left_finger,483.734000,0.280092,0.475710,0.110349,0.707078,-0.707136,-0.000014,-0.000027
arm_1_left_finger,483.751000,0.280057,0.475666,0.109674,0.707077,-0.707136,-0.000009,-0.000028
arm_1_left_finger,483.769000,0.280020,0.475619,0.108986,0.707077,-0.707137,-0.000037,0.000004
arm_1_left_finger,483.786000,0.279987,0.475577,0.108363,0.707077,-0.707137,-0.000023,-0.000007
arm_1_left_finger,483.803000,0.279954,0.475535,0.107765,0.707077,-0.707137,-0.000014,-0.000013
arm_1_left_finger,483.821000,0.279921,0.475493,0.107161,0.707076,-0.707137,-0.000007,-0.000017
arm_1_left_finger,483.839000,0.279888,0.475452,0.106584,0.707076,-0.707138,-0.000030,0.000010
arm_1_left_finger,483.856000,0.279859,0.475414,0.106067,0.707076,-0.707138,-0.000015,-0.000002
arm_1_left_finger,483.874000,0.279829,0.475376,0.105546,0.707076,-0.707138,-0.000006,-0.000009
arm_1_left_finger,483.891000,0.279802,0.475342,0.105081,0.707075,-0.707138,-0.000037,0.000024
arm_1_left_finger,483.909000,0.279775,0.475307,0.104615,0.707075,-0.707138,-0.000018,0.000008
arm_1_left_finger,483.926000,0.279751,0.475276,0.104203,0.707075,-0.707139,-0.000010,0.000002
arm_1_left_finger,483.943000,0.279727,0.475247,0.103815,0.707075,-0.707139,-0.000004,-0.000002
arm_1_left_finger,483.960000,0.279706,0.475219,0.103453,0.707075,-0.707139,-0.000024,0.000020
arm_1_left_finger,483.977000,0.279685,0.475193,0.103116,0.707075,-0.707139,-0.000011,0.000009
arm_1_left_finger,483.993000,0.279667,0.475170,0.102822,0.707074,-0.707139,-0.000005,0.000005
arm_1_left_finger,484.009000,0.279651,0.475149,0.102551,0.707074,-0.707139,-0.000043,0.000043
arm_1_left_finger,484.026000,0.279635,0.475128,0.102287,0.707074,-0.707139,-0.000019,0.000021
arm_1_left_finger,484.043000,0.279620,0.475109,0.102049,0.707074,-0.707139,-0.000008,0.000011
arm_1_left_finger,484.060000,0.279607,0.475092,0.101836,0.707074,-0.707139,-0.000002,0.000007
arm_1_left_finger,484.078000,0.279596,0.475077,0.101636,0.707074,-0.707140,0.000003,0.000003
arm_1_left_finger,484.094000,0.279586,0.475064,0.101485,0.707074,-0.707140,0.000003,0.000004
arm_1_left_finger,484.110000,0.279578,0.475054,0.101356,0.707074,-0.707140,0.000003,0.000004
arm_1_left_finger,484.127000,0.279570,0.475045,0.101243,0.707074,-0.707140,0.000003,0.000004
arm_1_left_finger,484.144000,0.279565,0.475038,0.101155,0.707074,-0.707140,0.000004,0.000004
arm_1_left_finger,484.161000,0.279560,0.475032,0.101088,0.707074,-0.707140,0.000000,0.000008
arm_1_left_finger,484.178000,0.279557,0.475028,0.101037,0.707074,-0.707140,-0.000002,0.000010
arm_1_left_finger,484.195000,0.279575,0.475025,0.100980,0.707074,-0.707140,0.000129,-0.000121
arm_1_left_finger,484.212000,0.279731,0.475022,0.100817,0.707073,-0.707140,0.000588,-0.000579
arm_1_left_finger,484.229000,0.280015,0.475021,0.100557,0.707073,-0.707139,0.000985,-0.000976
arm_1_left_finger,484.246000,0.280393,0.475019,0.100229,0.707073,-0.707139,0.001271,-0.001262
arm_1_left_finger,484.263000,0.280851,0.475018,0.099848,0.707072,-0.707138,0.001512,-0.001503
arm_1_left_finger,484.280000,0.281368,0.475017,0.099433,0.707072,-0.707138,0.001682,-0.001672
arm_1_left_finger,484.293000,0.281798,0.475017,0.099098,0.707071,-0.707138,0.001790,-0.001780
arm_1_left_finger,484.301000,0.282074,0.475016,0.098886,0.707071,-0.707137,0.001843,-0.001833
arm_1_left_finger,484.315000,0.282577,0.475016,0.098510,0.707071,-0.707137,0.001923,-0.001914
arm_1_left_finger,484.331000,0.283179,0.475015,0.098072,0.707071,-0.707137,0.001997,-0.001987
arm_1_left_finger,484.348000,0.283844,0.475015,0.097604,0.707071,-0.707137,0.002058,-0.002048
arm_1_left_finger,484.366000,0.284572,0.475015,0.097109,0.707071,-0.707137,0.002104,-0.002095
arm_1_left_finger,484.383000,0.285279,0.475015,0.096644,0.707070,-0.707137,0.002139,-0.002130
arm_1_left_finger,484.400000,0.286003,0.475014,0.096186,0.707070,-0.707137,0.002164,-0.002154
arm_1_left_finger,484.417000,0.286740,0.475014,0.095735,0.707070,-0.707137,0.002185,-0.002175
arm_1_left_finger,484.434000,0.287490,0.475014,0.095292,0.707070,-0.707136,0.002200,-0.002190
arm_1_left_finger,484.450000,0.288206,0.475014,0.094885,0.707070,-0.707136,0.002211,-0.002201
arm_1_left_finger,484.467000,0.288977,0.475014,0.094463,0.707070,-0.707136,0.002220,-0.002211
arm_1_left_finger,484.484000,0.289756,0.475014,0.094051,0.707070,-0.707136,0.002227,-0.002217
arm_1_left_finger,484.501000,0.290544,0.475014,0.093652,0.707070,-0.707136,0.002232,-0.002223
arm_1_left_finger,484.519000,0.291387,0.475013,0.093242,0.707070,-0.707136,0.002236,-0.002227
arm_1_left_finger,484.536000,0.292191,0.475013,0.092867,0.707070,-0.707136,0.002240,-0.002230
arm_1_left_finger,484.553000,0.293001,0.475013,0.092505,0.707070,-0.707136,0.002242,-0.002232
arm_1_left_finger,484.570000,0.293818,0.475013,0.092156,0.707070,-0.707136,0.002244,-0.002234
arm_1_left_finger,484.587000,0.294641,0.475013,0.091821,0.707070,-0.707136,0.002245,-0.002235
arm_1_left_finger,484.603000,0.295420,0.475013,0.091517,0.707070,-0.707136,0.002246,-0.002236
arm_1_left_finger,484.620000,0.296254,0.475013,0.091206,0.707070,-0.707136,0.002247,-0.002237
arm_1_left_finger,484.638000,0.297142,0.475013,0.090893,0.707070,-0.707136,0.002247,-0.002238
arm_1_left_finger,484.655000,0.297986,0.475013,0.090610,0.707070,-0.707136,0.002248,-0.002238
arm_1_left_finger,484.671000,0.298753,0.475013,0.090367,0.707071,-0.707137,0.002102,-0.002092
arm_1_left_finger,484.683000,0.299086,0.475068,0.090352,0.707073,-0.707139,0.000902,-0.001004
arm_1_left_finger,484.693000,0.299144,0.475119,0.090402,0.707074,-0.707140,0.000219,-0.000415
arm_1_left_finger,484.705000,0.299198,0.475139,0.090412,0.707074,-0.707140,0.000123,-0.000355
arm_1_left_finger,484.717000,0.299230,0.475152,0.090420,0.707074,-0.707140,0.000056,-0.000311
arm_1_left_finger,484.729000,0.299247,0.475161,0.090426,0.707074,-0.707140,0.000008,-0.000280
arm_1_left_finger,484.741000,0.299280,0.475168,0.090425,0.707074,-0.707140,0.000053,-0.000336
arm_1_left_finger,484.753000,0.299294,0.475176,0.090431,0.707074,-0.707140,-0.000001,-0.000296
arm_1_left_finger,484.765000,0.299297,0.475180,0.090435,0.707074,-0.707140,-0.000037,-0.000268
arm_1_left_finger,484.777000,0.299292,0.475182,0.090439,0.707074,-0.707140,-0.000060,-0.000249
arm_1_left_finger,484.789000,0.299284,0.475183,0.090442,0.707074,-0.707140,-0.000072,-0.000237
arm_1_left_finger,484.801000,0.299287,0.475180,0.090437,0.707074,-0.707140,0.000025,-0.000329
arm_1_left_finger,484.813000,0.299296,0.475185,0.090441,0.707074,-0.707140,-0.000019,-0.000295
arm_1_left_finger,484.825000,0.299295,0.475187,0.090444,0.707074,-0.707140,-0.000046,-0.000271
arm_1_left_finger,484.837000,0.299289,0.475188,0.090446,0.707074,-0.707140,-0.000063,-0.000255
arm_1_left_finger,484.849000,0.299308,0.475189,0.090442,0.707074,-0.707140,0.000003,-0.000324
arm_1_left_finger,484.862000,0.299310,0.475192,0.090446,0.707074,-0.707140,-0.000040,-0.000286
arm_1_left_finger,484.874000,0.299303,0.475192,0.090448,0.707074,-0.707140,-0.000064,-0.000262
arm_1_left_finger,484.886000,0.299291,0.475191,0.090449,0.707074,-0.707140,-0.000079,-0.000245
arm_1_left_finger,484.898000,0.299278,0.475189,0.090450,0.707074,-0.707140,-0.000082,-0.000238
arm_1_left_finger,484.910000,0.299265,0.475186,0.090451,0.707074,-0.707140,-0.000079,-0.000236
arm_1_left_finger,484.922000,0.299254,0.475184,0.090451,0.707074,-0.707140,-0.000075,-0.000236
arm_1_left_finger,484.934000,0.299243,0.475182,0.090451,0.707074,-0.707140,-0.000071,-0.000236
arm_1_left_finger,484.946000,0.299249,0.475178,0.090443,0.707074,-0.707140,0.000048,-0.000346
arm_1_left_finger,484.956000,0.299260,0.475182,0.090447,0.707074,-0.707140,0.000005,-0.000312
arm_1_left_finger,484.968000,0.299263,0.475185,0.090449,0.707074,-0.707140,-0.000033,-0.000279
arm_1_left_finger,484.980000,0.299258,0.475185,0.090451,0.707074,-0.707140,-0.000055,-0.000258
arm_1_left_finger,484.992000,0.299251,0.475184,0.090452,0.707074,-0.707140,-0.000065,-0.000246
arm_1_left_finger,485.004000,0.299242,0.475183,0.090453,0.707074,-0.707140,-0.000066,-0.000242
arm_1_left_finger,485.015000,0.299250,0.475180,0.090447,0.707074,-0.707140,0.000023,-0.000326
arm_1_left_finger,485.026000,0.299267,0.475186,0.090450,0.707074,-0.707140,-0.000016,-0.000297
arm_1_left_finger,485.037000,0.299261,0.475187,0.090453,0.707074,-0.707140,-0.000057,-0.000258
arm_1_left_finger,485.047000,0.299272,0.475187,0.090450,0.707074,-0.707140,-0.000004,-0.000310
arm_1_left_finger,485.057000,0.299263,0.475188,0.090454,0.707074,-0.707140,-0.000066,-0.000251
arm_1_left_finger,485.067000,0.299254,0.475187,0.090455,0.707074,-0.707140,-0.000074,-0.000240
arm_1_left_finger,485.077000,0.299244,0.475185,0.090455,0.707074,-0.707140,-0.000076,-0.000234
arm_1_left_finger,485.087000,0.299235,0.475183,0.090455,0.707074,-0.707140,-0.000075,-0.000232
arm_1_left_finger,485.096000,0.299260,0.475182,0.090447,0.707074,-0.707140,0.000054,-0.000357
arm_1_left_finger,485.106000,0.299254,0.475186,0.090455,0.707074,-0.707140,-0.000057,-0.000255
arm_1_left_finger,485.116000,0.299261,0.475187,0.090454,0.707074,-0.707140,-0.000040,-0.000273
arm_1_left_finger,485.126000,0.299253,0.475187,0.090456,0.707074,-0.707140,-0.000069,-0.000244
arm_1_left_finger,485.132000,0.299261,0.475185,0.090451,0.707074,-0.707140,0.000001,-0.000309
arm_1_left_finger,485.142000,0.299256,0.475186,0.090455,0.707074,-0.707140,-0.000052,-0.000260
arm_1_left_finger,485.152000,0.299247,0.475186,0.090456,0.707074,-0.707140,-0.000072,-0.000239
arm_1_left_finger,485.162000,0.299236,0.475184,0.090457,0.707074,-0.707140,-0.000080,-0.000228
arm_1_left_finger,485.172000,0.299224,0.475181,0.090457,0.707074,-0.707140,-0.000081,-0.000223
arm_1_left_finger,485.182000,0.299231,0.475177,0.090450,0.707074,-0.707140,0.000033,-0.000328
arm_1_left_finger,485.192000,0.299223,0.475181,0.090456,0.707074,-0.707140,-0.000060,-0.000241
arm_1_left_finger,485.202000,0.299247,0.475181,0.090450,0.707074,-0.707140,0.000022,-0.000322
arm_1_left_finger,485.213000,0.299245,0.475184,0.090454,0.707074,-0.707140,-0.000045,-0.000262
arm_1_left_finger,485.223000,0.299286,0.475183,0.090442,0.707074,-0.707139,0.000107,-0.000410
arm_1_left_finger,485.233000,0.299310,0.475190,0.090445,0.707074,-0.707139,0.000059,-0.000375
arm_1_left_finger,485.244000,0.299316,0.475196,0.090451,0.707074,-0.707140,-0.000024,-0.000303
arm_1_left_finger,485.254000,0.299329,0.475196,0.090448,0.707074,-0.707140,0.000015,-0.000343
arm_1_left_finger,485.264000,0.299330,0.475200,0.090452,0.707074,-0.707140,-0.000041,-0.000295
arm_1_left_finger,485.275000,0.299321,0.475200,0.090454,0.707074,-0.707140,-0.000075,-0.000261
arm_1_left_finger,485.285000,0.299308,0.475198,0.090455,0.707074,-0.707140,-0.000090,-0.000244
arm_1_left_finger,485.295000,0.299306,0.475192,0.090449,0.707074,-0.707140,0.000007,-0.000330
arm_1_left_finger,485.305000,0.299325,0.475195,0.090446,0.707074,-0.707140,0.000034,-0.000361
arm_1_left_finger,485.316000,0.299329,0.475199,0.090451,0.707074,-0.707140,-0.000032,-0.000304
arm_1_left_finger,485.326000,0.299347,0.475201,0.090449,0.707074,-0.707140,-0.000005,-0.000335
arm_1_left_finger,485.336000,0.299364,0.475203,0.090447,0.707074,-0.707140,0.000025,-0.000368
arm_1_left_finger,485.347000,0.299367,0.475208,0.090451,0.707074,-0.707140,-0.000037,-0.000315
arm_1_left_finger,485.357000,0.299385,0.475210,0.090449,0.707074,-0.707140,-0.000013,-0.000344
arm_1_left_finger,485.367000,0.299383,0.475212,0.090452,0.707074,-0.707140,-0.000055,-0.000305
arm_1_left_finger,485.377000,0.299373,0.475212,0.090455,0.707074,-0.707140,-0.000084,-0.000276
arm_1_left_finger,485.386000,0.299360,0.475210,0.090456,0.707074,-0.707140,-0.000096,-0.000261
arm_1_left_finger,485.396000,0.299345,0.475207,0.090456,0.707074,-0.707140,-0.000101,-0.000251
arm_1_left_finger,485.406000,0.299330,0.475204,0.090456,0.707074,-0.707140,-0.000101,-0.000246
arm_1_left_finger,485.416000,0.299315,0.475201,0.090457,0.707074,-0.707140,-0.000099,-0.000242
arm_1_left_finger,485.426000,0.299301,0.475198,0.090457,0.707074,-0.707140,-0.000096,-0.000240
arm_1_left_finger,485.436000,0.299287,0.475195,0.090457,0.707074,-0.707140,-0.000093,-0.000237
arm_1_left_finger,485.446000,0.299292,0.475192,0.090450,0.707074,-0.707140,-0.000010,-0.000315
arm_1_left_finger,485.456000,0.299300,0.475192,0.090448,0.707074,-0.707140,0.000018,-0.000341
arm_1_left_finger,485.466000,0.299290,0.475194,0.090455,0.707074,-0.707140,-0.000072,-0.000256
arm_1_left_finger,485.477000,0.299274,0.475192,0.090456,0.707074,-0.707140,-0.000095,-0.000229
arm_1_left_finger,485.487000,0.299258,0.475189,0.090457,0.707074,-0.707140,-0.000097,-0.000222
arm_1_left_finger,485.497000,0.299243,0.475186,0.090457,0.707074,-0.707140,-0.000094,-0.000218
arm_1_left_finger,485.507000,0.299229,0.475182,0.090456,0.707074,-0.707140,-0.000091,-0.000216
arm_1_left_finger,485.518000,0.299214,0.475179,0.090456,0.707074,-0.707140,-0.000087,-0.000214
arm_1_left_finger,485.528000,0.299216,0.475174,0.090449,0.707074,-0.707140,0.000011,-0.000301
arm_1_left_finger,485.534000,0.299213,0.475176,0.090453,0.707074,-0.707140,-0.000039,-0.000255
arm_1_left_finger,485.543000,0.299205,0.475176,0.090455,0.707074,-0.707140,-0.000067,-0.000226
arm_1_left_finger,485.553000,0.299213,0.475176,0.090453,0.707074,-0.707140,-0.000038,-0.000254
arm_1_left_finger,485.562000,0.299224,0.475176,0.090451,0.707074,-0.707140,-0.000024,-0.000269
arm_1_left_finger,485.570000,0.299218,0.475177,0.090454,0.707074,-0.707140,-0.000060,-0.000235
arm_1_left_finger,485.578000,0.299210,0.475176,0.090454,0.707074,-0.707140,-0.000071,-0.000222
arm_1_left_finger,485.588000,0.299223,0.475177,0.090452,0.707074,-0.707140,-0.000039,-0.000255
arm_1_left_finger,485.598000,0.299214,0.475177,0.090454,0.707074,-0.707140,-0.000070,-0.000224
arm_1_left_finger,485.608000,0.299217,0.475173,0.090448,0.707074,-0.707140,0.000019,-0.000305
arm_1_left_finger,485.618000,0.299212,0.475175,0.090453,0.707074,-0.707140,-0.000052,-0.000238
arm_1_left_finger,485.628000,0.299202,0.475174,0.090454,0.707074,-0.707140,-0.000070,-0.000218
arm_1_left_finger,485.638000,0.299191,0.475172,0.090454,0.707074,-0.707140,-0.000074,-0.000211
arm_1_left_finger,485.648000,0.299200,0.475171,0.090450,0.707074,-0.707140,-0.000024,-0.000259
arm_1_left_finger,485.657000,0.299193,0.475171,0.090453,0.707074,-0.707140,-0.000058,-0.000226
arm_1_left_finger,485.667000,0.299187,0.475170,0.090453,0.707074,-0.707140,-0.000061,-0.000220
arm_1_left_finger,485.677000,0.299196,0.475170,0.090450,0.707074,-0.707140,-0.000032,-0.000248
arm_1_left_finger,485.687000,0.299190,0.475170,0.090452,0.707074,-0.707140,-0.000056,-0.000224
arm_1_left_finger,485.697000,0.299183,0.475169,0.090452,0.707074,-0.707140,-0.000058,-0.000222
arm_1_left_finger,485.707000,0.299192,0.475168,0.090449,0.707074,-0.707140,-0.000018,-0.000258
arm_1_left_finger,485.717000,0.299186,0.475168,0.090451,0.707074,-0.707140,-0.000054,-0.000225
arm_1_left_finger,485.727000,0.299195,0.475166,0.090446,0.707074,-0.707140,0.000009,-0.000283
arm_1_left_finger,485.737000,0.299190,0.475168,0.090450,0.707074,-0.707140,-0.000049,-0.000229
arm_1_left_finger,485.747000,0.299184,0.475168,0.090451,0.707074,-0.707140,-0.000057,-0.000220
arm_1_left_finger,485.757000,0.299179,0.475167,0.090451,0.707074,-0.707140,-0.000056,-0.000219
arm_1_left_finger,485.767000,0.299187,0.475166,0.090447,0.707074,-0.707140,-0.000018,-0.000254
arm_1_left_finger,485.777000,0.299198,0.475166,0.090445,0.707074,-0.707140,0.000008,-0.000280
arm_1_left_finger,485.788000,0.299192,0.475168,0.090449,0.707074,-0.707140,-0.000051,-0.000226
arm_1_left_finger,485.798000,0.299202,0.475167,0.090445,0.707074,-0.707140,-0.000007,-0.000268
arm_1_left_finger,485.808000,0.299215,0.475169,0.090445,0.707074,-0.707140,-0.000012,-0.000266
arm_1_left_finger,485.818000,0.299209,0.475170,0.090447,0.707074,-0.707140,-0.000054,-0.000226
arm_1_left_finger,485.828000,0.299216,0.475168,0.090443,0.707074,-0.707140,-0.000005,-0.000271
arm_1_left_finger,485.838000,0.299262,0.475169,0.090432,0.707074,-0.707139,0.000107,-0.000381
arm_1_left_finger,485.848000,0.299263,0.475176,0.090441,0.707074,-0.707139,-0.000027,-0.000262
arm_1_left_finger,485.858000,0.299270,0.475175,0.090437,0.707074,-0.707139,0.000019,-0.000306
arm_1_left_finger,485.868000,0.299285,0.475180,0.090439,0.707074,-0.707139,-0.000019,-0.000276
arm_1_left_finger,485.878000,0.299278,0.475181,0.090442,0.707074,-0.707139,-0.000062,-0.000237
arm_1_left_finger,485.888000,0.299304,0.475181,0.090435,0.707074,-0.707139,0.000018,-0.000315
arm_1_left_finger,485.898000,0.299299,0.475184,0.090440,0.707074,-0.707139,-0.000053,-0.000251
arm_1_left_finger,485.908000,0.299290,0.475183,0.090441,0.707074,-0.707139,-0.000071,-0.000232
arm_1_left_finger,485.918000,0.299297,0.475181,0.090437,0.707074,-0.707139,-0.000021,-0.000279
arm_1_left_finger,485.928000,0.299290,0.475182,0.090440,0.707074,-0.707140,-0.000061,-0.000241
arm_1_left_finger,485.938000,0.299281,0.475181,0.090441,0.707074,-0.707140,-0.000071,-0.000229
arm_1_left_finger,485.948000,0.299272,0.475179,0.090441,0.707074,-0.707140,-0.000073,-0.000225
arm_1_left_finger,485.958000,0.299263,0.475178,0.090441,0.707074,-0.707140,-0.000068,-0.000228
arm_1_left_finger,485.968000,0.299257,0.475176,0.090440,0.707074,-0.707140,-0.000062,-0.000232
arm_1_left_finger,485.978000,0.299266,0.475175,0.090436,0.707074,-0.707140,-0.000012,-0.000277
arm_1_left_finger,485.988000,0.299276,0.475175,0.090433,0.707074,-0.707140,0.000015,-0.000304
arm_1_left_finger,485.997000,0.299273,0.475177,0.090438,0.707074,-0.707140,-0.000044,-0.000249
arm_1_left_finger,486.006000,0.299266,0.475177,0.090439,0.707074,-0.707140,-0.000062,-0.000231
arm_1_left_finger,486.016000,0.299259,0.475176,0.090439,0.707074,-0.707140,-0.000063,-0.000229
arm_1_left_finger,486.026000,0.299267,0.475173,0.090433,0.707074,-0.707140,0.000004,-0.000290
arm_1_left_finger,486.036000,0.299262,0.475175,0.090437,0.707074,-0.707140,-0.000049,-0.000241
arm_1_left_finger,486.046000,0.299274,0.475176,0.090435,0.707074,-0.707140,-0.000032,-0.000259
arm_1_left_finger,486.056000,0.299267,0.475176,0.090437,0.707074,-0.707140,-0.000059,-0.000232
arm_1_left_finger,486.066000,0.299260,0.475175,0.090437,0.707074,-0.707140,-0.000063,-0.000227
arm_1_left_finger,486.076000,0.299254,0.475173,0.090437,0.707074,-0.707140,-0.000059,-0.000229
arm_1_left_finger,486.087000,0.299248,0.475173,0.090438,0.707074,-0.707140,-0.000057,-0.000230
arm_1_left_finger,486.097000,0.299262,0.475174,0.090436,0.707074,-0.707140,-0.000023,-0.000266
arm_1_left_finger,486.107000,0.299256,0.475175,0.090438,0.707074,-0.707140,-0.000056,-0.000235
arm_1_left_finger,486.117000,0.299248,0.475174,0.090439,0.707074,-0.707140,-0.000064,-0.000225
arm_1_left_finger,486.126000,0.299275,0.475172,0.090430,0.707074,-0.707140,0.000052,-0.000336
arm_1_left_finger,486.136000,0.299305,0.475174,0.090424,0.707074,-0.707139,0.000107,-0.000392
arm_1_left_finger,486.146000,0.299307,0.475181,0.090434,0.707074,-0.707140,-0.000025,-0.000275
arm_1_left_finger,486.156000,0.299300,0.475182,0.090436,0.707074,-0.707140,-0.000060,-0.000243
arm_1_left_finger,486.166000,0.299293,0.475181,0.090437,0.707074,-0.707140,-0.000069,-0.000233
arm_1_left_finger,486.176000,0.299302,0.475181,0.090435,0.707074,-0.707140,-0.000039,-0.000262
arm_1_left_finger,486.186000,0.299307,0.475178,0.090429,0.707074,-0.707140,0.000040,-0.000335
arm_1_left_finger,486.196000,0.299322,0.475182,0.090431,0.707074,-0.707139,0.000004,-0.000306
arm_1_left_finger,486.205000,0.299333,0.475183,0.090429,0.707074,-0.707139,0.000018,-0.000321
arm_1_left_finger,486.214000,0.299330,0.475186,0.090434,0.707074,-0.707139,-0.000046,-0.000263
arm_1_left_finger,486.224000,0.299322,0.475186,0.090435,0.707074,-0.707140,-0.000067,-0.000243
arm_1_left_finger,486.233000,0.299314,0.475185,0.090436,0.707074,-0.707140,-0.000072,-0.000237
arm_1_left_finger,486.243000,0.299327,0.475185,0.090432,0.707074,-0.707140,-0.000025,-0.000283
arm_1_left_finger,486.253000,0.299339,0.475187,0.090432,0.707074,-0.707140,-0.000032,-0.000279
arm_1_left_finger,486.263000,0.299331,0.475188,0.090435,0.707074,-0.707140,-0.000066,-0.000247
arm_1_left_finger,486.273000,0.299339,0.475187,0.090432,0.707074,-0.707140,-0.000034,-0.000278
arm_1_left_finger,486.283000,0.299345,0.475185,0.090427,0.707074,-0.707139,0.000025,-0.000331
arm_1_left_finger,486.293000,0.299376,0.475189,0.090424,0.707074,-0.707139,0.000034,-0.000347
arm_1_left_finger,486.303000,0.299386,0.475190,0.090423,0.707074,-0.707139,0.000039,-0.000354
arm_1_left_finger,486.313000,0.299398,0.475193,0.090424,0.707074,-0.707139,0.000010,-0.000331
arm_1_left_finger,486.323000,0.299406,0.475194,0.090423,0.707074,-0.707139,0.000020,-0.000342
arm_1_left_finger,486.334000,0.299401,0.475197,0.090428,0.707074,-0.707139,-0.000058,-0.000271
arm_1_left_finger,486.344000,0.299409,0.475197,0.090426,0.707074,-0.707139,-0.000035,-0.000294
arm_1_left_finger,486.355000,0.299401,0.475198,0.090428,0.707074,-0.707139,-0.000070,-0.000261
arm_1_left_finger,486.365000,0.299392,0.475196,0.090429,0.707074,-0.707140,-0.000077,-0.000253
arm_1_left_finger,486.375000,0.299411,0.475192,0.090417,0.707074,-0.707139,0.000059,-0.000377
arm_1_left_finger,486.385000,0.299427,0.475198,0.090421,0.707074,-0.707139,-0.000012,-0.000318
arm_1_left_finger,486.395000,0.299421,0.475200,0.090425,0.707074,-0.707139,-0.000062,-0.000272
arm_1_left_finger,486.405000,0.299413,0.475199,0.090426,0.707074,-0.707140,-0.000074,-0.000259
arm_1_left_finger,486.416000,0.299402,0.475197,0.090426,0.707074,-0.707140,-0.000077,-0.000254
arm_1_left_finger,486.427000,0.299392,0.475195,0.090426,0.707074,-0.707140,-0.000077,-0.000251
arm_1_left_finger,486.438000,0.299381,0.475193,0.090426,0.707074,-0.707140,-0.000075,-0.000250
arm_1_left_finger,486.448000,0.299373,0.475191,0.090426,0.707074,-0.707140,-0.000073,-0.000248
arm_1_left_finger,486.459000,0.299364,0.475189,0.090426,0.707074,-0.707140,-0.000072,-0.000247
arm_1_left_finger,486.470000,0.299356,0.475190,0.090430,0.707074,-0.707140,-0.000068,-0.000252
arm_1_left_finger,486.480000,0.299352,0.475191,0.090435,0.707074,-0.707140,-0.000064,-0.000256
arm_1_left_finger,486.491000,0.299347,0.475192,0.090443,0.707074,-0.707140,-0.000062,-0.000259
arm_1_left_finger,486.501000,0.299343,0.475193,0.090455,0.707074,-0.707140,-0.000062,-0.000260
arm_1_left_finger,486.512000,0.299338,0.475195,0.090472,0.707074,-0.707140,-0.000062,-0.000260
arm_1_left_finger,486.523000,0.299335,0.475197,0.090496,0.707074,-0.707140,-0.000062,-0.000261
arm_1_left_finger,486.533000,0.299332,0.475200,0.090523,0.707074,-0.707140,-0.000062,-0.000261
arm_1_left_finger,486.543000,0.299329,0.475203,0.090556,0.707074,-0.707140,-0.000062,-0.000261
arm_1_left_finger,486.553000,0.299327,0.475207,0.090596,0.707074,-0.707140,-0.000062,-0.000262
arm_1_left_finger,486.564000,0.299325,0.475212,0.090647,0.707074,-0.707140,-0.000061,-0.000262
arm_1_left_finger,486.574000,0.299324,0.475217,0.090701,0.707074,-0.707140,-0.000061,-0.000262
arm_1_left_finger,486.585000,0.299324,0.475224,0.090768,0.707074,-0.707140,-0.000061,-0.000262
arm_1_left_finger,486.596000,0.299324,0.475231,0.090845,0.707074,-0.707140,-0.000061,-0.000262
arm_1_left_finger,486.606000,0.299324,0.475239,0.090923,0.707074,-0.707140,-0.000061,-0.000262
arm_1_left_finger,486.617000,0.299326,0.475248,0.091017,0.707074,-0.707140,-0.000061,-0.000262
arm_1_left_finger,486.628000,0.299349,0.475258,0.091115,0.707074,-0.707140,-0.000013,-0.000310
arm_1_left_finger,486.638000,0.299371,0.475268,0.091211,0.707074,-0.707140,0.000080,-0.000402
arm_1_left_finger,486.648000,0.299374,0.475278,0.091322,0.707074,-0.707140,-0.000034,-0.000288
arm_1_left_finger,486.659000,0.299376,0.475291,0.091454,0.707074,-0.707140,-0.000065,-0.000257
arm_1_left_finger,486.669000,0.299379,0.475303,0.091583,0.707074,-0.707140,-0.000068,-0.000254
arm_1_left_finger,486.679000,0.299403,0.475316,0.091713,0.707073,-0.707140,-0.000001,-0.000320
arm_1_left_finger,486.690000,0.299409,0.475332,0.091873,0.707073,-0.707140,-0.000050,-0.000271
arm_1_left_finger,486.700000,0.299436,0.475346,0.092021,0.707073,-0.707140,0.000015,-0.000335
arm_1_left_finger,486.710000,0.299444,0.475362,0.092182,0.707073,-0.707140,-0.000038,-0.000282
arm_1_left_finger,486.720000,0.299451,0.475378,0.092353,0.707073,-0.707140,-0.000058,-0.000263
arm_1_left_finger,486.730000,0.299478,0.475395,0.092526,0.707073,-0.707140,0.000009,-0.000328
arm_1_left_finger,486.740000,0.299489,0.475413,0.092713,0.707073,-0.707140,-0.000039,-0.000281
arm_1_left_finger,486.751000,0.299498,0.475433,0.092929,0.707073,-0.707140,-0.000060,-0.000259
arm_1_left_finger,486.761000,0.299546,0.475452,0.093122,0.707073,-0.707140,0.000092,-0.000410
arm_1_left_finger,486.771000,0.299576,0.475472,0.093330,0.707073,-0.707140,0.000031,-0.000349
arm_1_left_finger,486.781000,0.299588,0.475493,0.093552,0.707073,-0.707141,-0.000037,-0.000280
arm_1_left_finger,486.792000,0.299598,0.475516,0.093807,0.707073,-0.707141,-0.000063,-0.000254
arm_1_left_finger,486.802000,0.299631,0.475538,0.094040,0.707073,-0.707141,-0.000025,-0.000291
arm_1_left_finger,486.812000,0.299642,0.475561,0.094290,0.707073,-0.707141,-0.000058,-0.000259
arm_1_left_finger,486.821000,0.299651,0.475582,0.094522,0.707073,-0.707141,-0.000071,-0.000245
arm_1_left_finger,486.831000,0.299659,0.475607,0.094788,0.707073,-0.707141,-0.000077,-0.000238
arm_1_left_finger,486.842000,0.299669,0.475634,0.095091,0.707073,-0.707141,-0.000080,-0.000236
arm_1_left_finger,486.853000,0.299680,0.475662,0.095404,0.707072,-0.707141,-0.000079,-0.000236
arm_1_left_finger,486.864000,0.299692,0.475691,0.095727,0.707072,-0.707141,-0.000078,-0.000236
arm_1_left_finger,486.874000,0.299722,0.475718,0.096025,0.707072,-0.707141,0.000050,-0.000363
arm_1_left_finger,486.885000,0.299766,0.475748,0.096358,0.707072,-0.707141,0.000023,-0.000336
arm_1_left_finger,486.896000,0.299785,0.475779,0.096711,0.707072,-0.707141,-0.000043,-0.000269
arm_1_left_finger,486.906000,0.299800,0.475808,0.097040,0.707072,-0.707142,-0.000065,-0.000247
arm_1_left_finger,486.917000,0.299815,0.475840,0.097414,0.707072,-0.707142,-0.000074,-0.000237
arm_1_left_finger,486.928000,0.299829,0.475873,0.097798,0.707072,-0.707142,-0.000077,-0.000233
arm_1_left_finger,486.939000,0.299866,0.475907,0.098186,0.707072,-0.707142,0.000016,-0.000325
arm_1_left_finger,486.950000,0.299908,0.475941,0.098583,0.707072,-0.707142,0.000047,-0.000355
arm_1_left_finger,486.961000,0.299929,0.475976,0.098997,0.707071,-0.707142,-0.000039,-0.000269
arm_1_left_finger,486.972000,0.299965,0.476011,0.099417,0.707071,-0.707142,0.000052,-0.000359
arm_1_left_finger,486.983000,0.299989,0.476047,0.099851,0.707071,-0.707142,-0.000036,-0.000270
arm_1_left_finger,486.994000,0.300009,0.476084,0.100297,0.707071,-0.707142,-0.000064,-0.000241
arm_1_left_finger,487.005000,0.300026,0.476121,0.100754,0.707071,-0.707143,-0.000075,-0.000230
arm_1_left_finger,487.016000,0.300044,0.476159,0.101223,0.707071,-0.707143,-0.000079,-0.000225
arm_1_left_finger,487.027000,0.300062,0.476197,0.101701,0.707071,-0.707143,-0.000079,-0.000224
arm_1_left_finger,487.038000,0.300080,0.476235,0.102190,0.707071,-0.707143,-0.000078,-0.000225
arm_1_left_finger,487.048000,0.300097,0.476271,0.102643,0.707070,-0.707143,-0.000077,-0.000225
arm_1_left_finger,487.059000,0.300117,0.476310,0.103152,0.707070,-0.707143,-0.000075,-0.000226
arm_1_left_finger,487.070000,0.300137,0.476349,0.103671,0.707070,-0.707143,-0.000073,-0.000227
arm_1_left_finger,487.080000,0.300156,0.476386,0.104152,0.707070,-0.707144,-0.000072,-0.000228
arm_1_left_finger,487.091000,0.300179,0.476426,0.104691,0.707070,-0.707144,-0.000066,-0.000233
arm_1_left_finger,487.102000,0.300227,0.476466,0.105232,0.707070,-0.707144,-0.000010,-0.000288
arm_1_left_finger,487.112000,0.300251,0.476503,0.105740,0.707070,-0.707144,-0.000041,-0.000255
arm_1_left_finger,487.122000,0.300275,0.476541,0.106256,0.707069,-0.707144,-0.000050,-0.000246
arm_1_left_finger,487.132000,0.300300,0.476578,0.106781,0.707069,-0.707144,-0.000050,-0.000245
arm_1_left_finger,487.141000,0.300322,0.476612,0.107261,0.707069,-0.707144,-0.000049,-0.000244
arm_1_left_finger,487.151000,0.300348,0.476650,0.107802,0.707069,-0.707145,-0.000048,-0.000245
arm_1_left_finger,487.161000,0.300393,0.476687,0.108346,0.707069,-0.707145,0.000068,-0.000359
arm_1_left_finger,487.171000,0.300420,0.476725,0.108904,0.707069,-0.707145,-0.000020,-0.000270
arm_1_left_finger,487.181000,0.300446,0.476763,0.109472,0.707069,-0.707145,-0.000040,-0.000250
arm_1_left_finger,487.191000,0.300471,0.476801,0.110048,0.707068,-0.707145,-0.000046,-0.000243
arm_1_left_finger,487.201000,0.300497,0.476839,0.110633,0.707068,-0.707145,-0.000047,-0.000240
arm_1_left_finger,487.212000,0.300545,0.476881,0.111281,0.707068,-0.707145,-0.000018,-0.000268
arm_1_left_finger,487.223000,0.300573,0.476923,0.111946,0.707068,-0.707146,-0.000041,-0.000244
arm_1_left_finger,487.234000,0.300600,0.476964,0.112621,0.707068,-0.707146,-0.000047,-0.000236
arm_1_left_finger,487.245000,0.300628,0.477006,0.113307,0.707067,-0.707146,-0.000049,-0.000234
arm_1_left_finger,487.256000,0.300694,0.477047,0.113991,0.707067,-0.707146,0.000129,-0.000409
arm_1_left_finger,487.267000,0.300728,0.477088,0.114696,0.707067,-0.707146,-0.000007,-0.000272
arm_1_left_finger,487.277000,0.300751,0.477125,0.115349,0.707067,-0.707147,-0.000044,-0.000234
arm_1_left_finger,487.288000,0.300777,0.477166,0.116077,0.707067,-0.707147,-0.000053,-0.000224
arm_1_left_finger,487.298000,0.300799,0.477203,0.116748,0.707067,-0.707147,-0.000054,-0.000222
arm_1_left_finger,487.308000,0.300843,0.477239,0.117422,0.707066,-0.707147,0.000043,-0.000318
arm_1_left_finger,487.319000,0.300881,0.477279,0.118175,0.707066,-0.707147,0.000006,-0.000279
arm_1_left_finger,487.330000,0.300912,0.477318,0.118943,0.707066,-0.707148,-0.000022,-0.000250
arm_1_left_finger,487.341000,0.300938,0.477357,0.119722,0.707066,-0.707148,-0.000046,-0.000225
arm_1_left_finger,487.352000,0.300960,0.477395,0.120512,0.707065,-0.707148,-0.000055,-0.000214
arm_1_left_finger,487.363000,0.300982,0.477433,0.121314,0.707065,-0.707148,-0.000056,-0.000212
arm_1_left_finger,487.374000,0.301004,0.477470,0.122126,0.707065,-0.707149,-0.000056,-0.000211
arm_1_left_finger,487.385000,0.301026,0.477507,0.122949,0.707065,-0.707149,-0.000054,-0.000212
arm_1_left_finger,487.396000,0.301048,0.477543,0.123781,0.707065,-0.707149,-0.000051,-0.000213
arm_1_left_finger,487.407000,0.301070,0.477578,0.124626,0.707064,-0.707149,-0.000049,-0.000213
arm_1_left_finger,487.415000,0.301112,0.477603,0.125238,0.707064,-0.707149,0.000032,-0.000293
arm_1_left_finger,487.425000,0.301142,0.477634,0.126018,0.707064,-0.707150,0.000002,-0.000262
arm_1_left_finger,487.433000,0.301162,0.477658,0.126645,0.707064,-0.707150,-0.000015,-0.000243
arm_1_left_finger,487.443000,0.301183,0.477687,0.127432,0.707064,-0.707150,-0.000032,-0.000225
arm_1_left_finger,487.450000,0.301195,0.477708,0.127999,0.707063,-0.707150,-0.000045,-0.000211
arm_1_left_finger,487.454000,0.301201,0.477719,0.128325,0.707063,-0.707150,-0.000048,-0.000207
arm_1_left_finger,487.461000,0.301213,0.477739,0.128899,0.707063,-0.707150,-0.000051,-0.000204
arm_1_left_finger,487.470000,0.301227,0.477764,0.129643,0.707063,-0.707151,-0.000052,-0.000202
arm_1_left_finger,487.480000,0.301261,0.477790,0.130471,0.707063,-0.707151,0.000044,-0.000296
arm_1_left_finger,487.490000,0.301288,0.477816,0.131311,0.707062,-0.707151,0.000012,-0.000263
arm_1_left_finger,487.499000,0.301328,0.477838,0.132062,0.707062,-0.707151,0.000071,-0.000319
arm_1_left_finger,487.509000,0.301358,0.477862,0.132916,0.707062,-0.707151,0.000030,-0.000277
arm_1_left_finger,487.519000,0.301381,0.477885,0.133783,0.707062,-0.707152,-0.000001,-0.000245
arm_1_left_finger,487.529000,0.301398,0.477907,0.134659,0.707062,-0.707152,-0.000023,-0.000221
arm_1_left_finger,487.540000,0.301411,0.477930,0.135636,0.707061,-0.707152,-0.000042,-0.000200
arm_1_left_finger,487.552000,0.301420,0.477954,0.136714,0.707061,-0.707153,-0.000064,-0.000177
arm_1_left_finger,487.564000,0.301423,0.477976,0.137806,0.707061,-0.707153,-0.000078,-0.000160
arm_1_left_finger,487.576000,0.301424,0.477996,0.138912,0.707060,-0.707153,-0.000077,-0.000159
arm_1_left_finger,487.588000,0.301426,0.478014,0.140031,0.707060,-0.707153,-0.000072,-0.000162
arm_1_left_finger,487.600000,0.301428,0.478031,0.141162,0.707060,-0.707154,-0.000067,-0.000165
arm_1_left_finger,487.612000,0.301430,0.478045,0.142307,0.707059,-0.707154,-0.000063,-0.000168
arm_1_left_finger,487.623000,0.301450,0.478057,0.143362,0.707059,-0.707154,-0.000021,-0.000208
arm_1_left_finger,487.634000,0.301454,0.478067,0.144429,0.707059,-0.707155,-0.000037,-0.000190
arm_1_left_finger,487.644000,0.301474,0.478074,0.145402,0.707059,-0.707155,-0.000008,-0.000216
arm_1_left_finger,487.655000,0.301475,0.478080,0.146483,0.707058,-0.707155,-0.000037,-0.000185
arm_1_left_finger,487.665000,0.301475,0.478084,0.147469,0.707058,-0.707156,-0.000041,-0.000180
arm_1_left_finger,487.674000,0.301474,0.478086,0.148358,0.707058,-0.707156,-0.000040,-0.000179
arm_1_left_finger,487.685000,0.301472,0.478087,0.149443,0.707057,-0.707156,-0.000039,-0.000179
arm_1_left_finger,487.696000,0.301468,0.478086,0.150527,0.707057,-0.707156,-0.000037,-0.000179
arm_1_left_finger,487.707000,0.301464,0.478084,0.151608,0.707057,-0.707157,-0.000036,-0.000178
arm_1_left_finger,487.718000,0.301459,0.478079,0.152686,0.707057,-0.707157,-0.000035,-0.000178
arm_1_left_finger,487.728000,0.301453,0.478073,0.153660,0.707056,-0.707157,-0.000033,-0.000177
arm_1_left_finger,487.739000,0.301445,0.478065,0.154727,0.707056,-0.707158,-0.000032,-0.000176
arm_1_left_finger,487.749000,0.301456,0.478055,0.155684,0.707056,-0.707158,0.000066,-0.000273
arm_1_left_finger,487.760000,0.301456,0.478044,0.156734,0.707055,-0.707158,0.000007,-0.000211
arm_1_left_finger,487.771000,0.301443,0.478030,0.157780,0.707055,-0.707158,-0.000032,-0.000171
arm_1_left_finger,487.782000,0.301429,0.478015,0.158817,0.707055,-0.707159,-0.000037,-0.000164
arm_1_left_finger,487.789000,0.301419,0.478005,0.159473,0.707055,-0.707159,-0.000037,-0.000163
arm_1_left_finger,487.799000,0.301433,0.477989,0.160395,0.707054,-0.707159,0.000044,-0.000242
arm_1_left_finger,487.810000,0.301426,0.477970,0.161408,0.707054,-0.707159,-0.000000,-0.000196
arm_1_left_finger,487.821000,0.301405,0.477949,0.162415,0.707054,-0.707160,-0.000039,-0.000156
arm_1_left_finger,487.832000,0.301401,0.477927,0.163407,0.707054,-0.707160,0.000048,-0.000240
arm_1_left_finger,487.843000,0.301395,0.477904,0.164391,0.707053,-0.707160,0.000026,-0.000216
arm_1_left_finger,487.854000,0.301384,0.477879,0.165365,0.707053,-0.707160,0.000002,-0.000191
arm_1_left_finger,487.864000,0.301361,0.477856,0.166247,0.707053,-0.707161,-0.000040,-0.000148
arm_1_left_finger,487.874000,0.301337,0.477831,0.167119,0.707053,-0.707161,-0.000047,-0.000139
arm_1_left_finger,487.885000,0.301310,0.477803,0.168070,0.707052,-0.707161,-0.000048,-0.000137
arm_1_left_finger,487.895000,0.301285,0.477776,0.168925,0.707052,-0.707161,-0.000046,-0.000138
arm_1_left_finger,487.906000,0.301257,0.477746,0.169856,0.707052,-0.707162,-0.000044,-0.000138
arm_1_left_finger,487.917000,0.301229,0.477714,0.170777,0.707052,-0.707162,-0.000041,-0.000139
arm_1_left_finger,487.927000,0.301204,0.477685,0.171605,0.707051,-0.707162,-0.000039,-0.000140
arm_1_left_finger,487.937000,0.301206,0.477655,0.172416,0.707051,-0.707162,0.000038,-0.000215
arm_1_left_finger,487.947000,0.301192,0.477624,0.173223,0.707051,-0.707163,0.000022,-0.000197
arm_1_left_finger,487.958000,0.301166,0.477589,0.174104,0.707051,-0.707163,-0.000025,-0.000149
arm_1_left_finger,487.969000,0.301134,0.477553,0.174976,0.707050,-0.707163,-0.000040,-0.000132
arm_1_left_finger,487.979000,0.301105,0.477520,0.175759,0.707050,-0.707163,-0.000042,-0.000129
arm_1_left_finger,487.990000,0.301099,0.477482,0.176603,0.707050,-0.707164,0.000031,-0.000200
arm_1_left_finger,488.001000,0.301090,0.477444,0.177437,0.707050,-0.707164,0.000091,-0.000259
arm_1_left_finger,488.011000,0.301081,0.477409,0.178187,0.707050,-0.707164,0.000060,-0.000226
arm_1_left_finger,488.021000,0.301066,0.477374,0.178930,0.707049,-0.707164,0.000027,-0.000192
arm_1_left_finger,488.032000,0.301028,0.477334,0.179743,0.707049,-0.707164,-0.000041,-0.000123
arm_1_left_finger,488.043000,0.300989,0.477294,0.180546,0.707049,-0.707165,-0.000052,-0.000110
arm_1_left_finger,488.053000,0.300954,0.477257,0.181266,0.707049,-0.707165,-0.000054,-0.000107
arm_1_left_finger,488.064000,0.300930,0.477215,0.182044,0.707049,-0.707165,0.000022,-0.000182
arm_1_left_finger,488.075000,0.300928,0.477174,0.182805,0.707048,-0.707165,0.000064,-0.000221
arm_1_left_finger,488.086000,0.300910,0.477132,0.183559,0.707048,-0.707165,0.000037,-0.000194
arm_1_left_finger,488.097000,0.300884,0.477089,0.184306,0.707048,-0.707166,-0.000002,-0.000153
arm_1_left_finger,488.108000,0.300844,0.477047,0.185046,0.707048,-0.707166,-0.000050,-0.000104
arm_1_left_finger,488.118000,0.300806,0.477008,0.185710,0.707048,-0.707166,-0.000056,-0.000097
arm_1_left_finger,488.129000,0.300766,0.476965,0.186430,0.707047,-0.707166,-0.000050,-0.000102
arm_1_left_finger,488.142000,0.300722,0.476914,0.187267,0.707047,-0.707166,-0.000042,-0.000108
arm_1_left_finger,488.154000,0.300682,0.476866,0.188025,0.707047,-0.707167,-0.000037,-0.000112
arm_1_left_finger,488.166000,0.300643,0.476819,0.188771,0.707047,-0.707167,-0.000033,-0.000115
arm_1_left_finger,488.175000,0.300617,0.476783,0.189320,0.707047,-0.707167,-0.000035,-0.000112
arm_1_left_finger,488.185000,0.300590,0.476743,0.189921,0.707046,-0.707167,-0.000028,-0.000117
arm_1_left_finger,488.189000,0.300575,0.476728,0.190161,0.707046,-0.707167,-0.000042,-0.000102
arm_1_left_finger,488.196000,0.300548,0.476700,0.190577,0.707046,-0.707167,-0.000052,-0.000092
arm_1_left_finger,488.206000,0.300511,0.476660,0.191164,0.707046,-0.707168,-0.000053,-0.000091
arm_1_left_finger,488.217000,0.300471,0.476617,0.191799,0.707046,-0.707168,-0.000050,-0.000093
arm_1_left_finger,488.227000,0.300435,0.476577,0.192367,0.707046,-0.707168,-0.000047,-0.000095
arm_1_left_finger,488.238000,0.300396,0.476534,0.192981,0.707046,-0.707168,-0.000043,-0.000097
arm_1_left_finger,488.249000,0.300358,0.476491,0.193585,0.707045,-0.707168,-0.000040,-0.000099
arm_1_left_finger,488.259000,0.300325,0.476451,0.194124,0.707045,-0.707168,-0.000036,-0.000102
arm_1_left_finger,488.270000,0.300289,0.476409,0.194706,0.707045,-0.707168,-0.000033,-0.000105
arm_1_left_finger,488.281000,0.300254,0.476366,0.195278,0.707045,-0.707169,-0.000032,-0.000105
arm_1_left_finger,488.292000,0.300219,0.476324,0.195839,0.707045,-0.707169,-0.000029,-0.000106
arm_1_left_finger,488.303000,0.300185,0.476282,0.196389,0.707045,-0.707169,-0.000029,-0.000106
arm_1_left_finger,488.314000,0.300152,0.476240,0.196929,0.707044,-0.707169,-0.000027,-0.000107
arm_1_left_finger,488.324000,0.300122,0.476203,0.197410,0.707044,-0.707169,-0.000026,-0.000107
arm_1_left_finger,488.334000,0.300092,0.476165,0.197883,0.707044,-0.707169,-0.000025,-0.000107
arm_1_left_finger,488.344000,0.300063,0.476128,0.198346,0.707044,-0.707169,-0.000024,-0.000108
arm_1_left_finger,488.354000,0.300048,0.476092,0.198797,0.707044,-0.707170,0.000070,-0.000200
arm_1_left_finger,488.365000,0.300035,0.476052,0.199281,0.707044,-0.707170,0.000055,-0.000185
arm_1_left_finger,488.376000,0.300017,0.476013,0.199756,0.707044,-0.707170,0.000023,-0.000152
arm_1_left_finger,488.387000,0.299983,0.475974,0.200225,0.707044,-0.707170,-0.000027,-0.000101
arm_1_left_finger,488.397000,0.299952,0.475939,0.200643,0.707043,-0.707170,-0.000033,-0.000094
arm_1_left_finger,488.408000,0.299920,0.475902,0.201092,0.707043,-0.707170,-0.000032,-0.000095
arm_1_left_finger,488.419000,0.299889,0.475864,0.201530,0.707043,-0.707170,-0.000030,-0.000096
arm_1_left_finger,488.430000,0.299859,0.475828,0.201958,0.707043,-0.707170,-0.000028,-0.000097
arm_1_left_finger,488.441000,0.299829,0.475792,0.202375,0.707043,-0.707171,-0.000026,-0.000098
arm_1_left_finger,488.452000,0.299800,0.475757,0.202781,0.707043,-0.707171,-0.000026,-0.000098
arm_1_left_finger,488.462000,0.299774,0.475725,0.203140,0.707043,-0.707171,-0.000026,-0.000096
arm_1_left_finger,488.474000,0.299744,0.475688,0.203560,0.707043,-0.707171,-0.000022,-0.000100
arm_1_left_finger,488.486000,0.299718,0.475652,0.203966,0.707043,-0.707171,-0.000013,-0.000108
arm_1_left_finger,488.498000,0.299695,0.475617,0.204359,0.707042,-0.707171,-0.000001,-0.000120
arm_1_left_finger,488.510000,0.299674,0.475582,0.204739,0.707042,-0.707171,0.000002,-0.000122
arm_1_left_finger,488.524000,0.299650,0.475543,0.205166,0.707042,-0.707171,0.000002,-0.000121
arm_1_left_finger,488.538000,0.299627,0.475506,0.205576,0.707042,-0.707171,0.000000,-0.000119
arm_1_left_finger,488.552000,0.299603,0.475469,0.205969,0.707042,-0.707172,-0.000001,-0.000117
arm_1_left_finger,488.566000,0.299581,0.475434,0.206344,0.707042,-0.707172,-0.000003,-0.000115
arm_1_left_finger,488.580000,0.299559,0.475401,0.206703,0.707042,-0.707172,-0.000004,-0.000113
arm_1_left_finger,488.594000,0.299537,0.475369,0.207044,0.707042,-0.707172,-0.000005,-0.000111
arm_1_left_finger,488.608000,0.299517,0.475338,0.207368,0.707042,-0.707172,-0.000006,-0.000109
arm_1_left_finger,488.622000,0.299497,0.475309,0.207675,0.707042,-0.707172,-0.000007,-0.000108
arm_1_left_finger,488.636000,0.299478,0.475281,0.207965,0.707041,-0.707172,-0.000008,-0.000107
arm_1_left_finger,488.650000,0.299460,0.475254,0.208238,0.707041,-0.707172,-0.000008,-0.000105
arm_1_left_finger,488.664000,0.299442,0.475230,0.208493,0.707041,-0.707172,-0.000009,-0.000104
arm_1_left_finger,488.678000,0.299426,0.475207,0.208731,0.707041,-0.707172,-0.000010,-0.000103
arm_1_left_finger,488.692000,0.299411,0.475185,0.208951,0.707041,-0.707172,-0.000008,-0.000104
arm_1_left_finger,488.706000,0.299400,0.475165,0.209154,0.707041,-0.707172,-0.000002,-0.000110
arm_1_left_finger,488.720000,0.299389,0.475147,0.209339,0.707041,-0.707172,-0.000002,-0.000110
arm_1_left_finger,488.734000,0.299380,0.475130,0.209508,0.707041,-0.707173,-0.000002,-0.000109
arm_1_left_finger,488.749000,0.299371,0.475114,0.209669,0.707041,-0.707173,-0.000004,-0.000108
arm_1_left_finger,488.764000,0.299363,0.475100,0.209810,0.707041,-0.707173,-0.000005,-0.000106
arm_1_left_finger,488.779000,0.299356,0.475088,0.209932,0.707041,-0.707173,-0.000006,-0.000105
arm_1_left_finger,488.793000,0.299350,0.475079,0.210028,0.707041,-0.707173,-0.000007,-0.000104
arm_1_left_finger,488.808000,0.299346,0.475070,0.210111,0.707041,-0.707173,-0.000008,-0.000103
arm_1_left_finger,488.822000,0.299342,0.475064,0.210174,0.707041,-0.707173,-0.000008,-0.000102
arm_1_left_finger,488.837000,0.299339,0.475059,0.210227,0.707041,-0.707173,-0.000009,-0.000102
arm_1_left_finger,488.852000,0.299337,0.475055,0.210269,0.707041,-0.707173,-0.000009,-0.000101
arm_1_left_finger,488.866000,0.299333,0.475052,0.210300,0.707041,-0.707173,-0.000016,-0.000095
arm_1_left_finger,488.879000,0.299330,0.475049,0.210324,0.707041,-0.707173,-0.000017,-0.000093
arm_1_left_finger,488.893000,0.299326,0.475047,0.210344,0.707041,-0.707173,-0.000018,-0.000092
arm_1_left_finger,488.907000,0.299323,0.475046,0.210361,0.707041,-0.707173,-0.000016,-0.000094
arm_1_left_finger,488.921000,0.299321,0.475044,0.210374,0.707041,-0.707173,-0.000015,-0.000095
arm_1_left_finger,488.935000,0.299320,0.475044,0.210379,0.707041,-0.707173,-0.000017,-0.000094
arm_1_left_finger,488.949000,0.299322,0.475042,0.210375,0.707041,-0.707173,-0.000015,-0.000095
arm_1_left_finger,488.963000,0.299330,0.475036,0.210371,0.707041,-0.707173,-0.000015,-0.000096
arm_1_left_finger,488.977000,0.299345,0.475023,0.210368,0.707041,-0.707173,-0.000015,-0.000095
arm_1_left_finger,488.992000,0.299373,0.475002,0.210366,0.707041,-0.707173,-0.000013,-0.000097
arm_1_left_finger,489.006000,0.299412,0.474972,0.210364,0.707041,-0.707173,-0.000013,-0.000097
arm_1_left_finger,489.020000,0.299463,0.474932,0.210362,0.707041,-0.707173,-0.000013,-0.000097
arm_1_left_finger,489.034000,0.299529,0.474882,0.210360,0.707041,-0.707173,-0.000014,-0.000096
arm_1_left_finger,489.049000,0.299616,0.474814,0.210358,0.707041,-0.707173,-0.000013,-0.000097
arm_1_left_finger,489.062000,0.299706,0.474745,0.210357,0.707041,-0.707173,-0.000014,-0.000096
arm_1_left_finger,489.073000,0.299794,0.474677,0.210355,0.707041,-0.707173,-0.000013,-0.000097
arm_1_left_finger,489.085000,0.299901,0.474595,0.210354,0.707041,-0.707173,-0.000012,-0.000098
arm_1_left_finger,489.099000,0.300041,0.474487,0.210352,0.707041,-0.707173,-0.000013,-0.000097
arm_1_left_finger,489.112000,0.300185,0.474376,0.210350,0.707041,-0.707173,-0.000013,-0.000097
arm_1_left_finger,489.126000,0.300359,0.474243,0.210348,0.707041,-0.707173,-0.000012,-0.000097
arm_1_left_finger,489.138000,0.300520,0.474118,0.210346,0.707041,-0.707173,-0.000013,-0.000097
arm_1_left_finger,489.152000,0.300727,0.473959,0.210344,0.707041,-0.707173,-0.000012,-0.000098
arm_1_left_finger,489.165000,0.300935,0.473798,0.210341,0.707041,-0.707173,-0.000011,-0.000098
arm_1_left_finger,489.179000,0.301177,0.473612,0.210338,0.707041,-0.707173,-0.000012,-0.000098
arm_1_left_finger,489.193000,0.301436,0.473412,0.210335,0.707041,-0.707173,-0.000012,-0.000097
arm_1_left_finger,489.207000,0.301713,0.473198,0.210332,0.707041,-0.707173,-0.000012,-0.000098
arm_1_left_finger,489.221000,0.302007,0.472970,0.210329,0.707041,-0.707173,-0.000012,-0.000097
arm_1_left_finger,489.236000,0.302343,0.472710,0.210325,0.707041,-0.707173,-0.000012,-0.000098
arm_1_left_finger,489.250000,0.302675,0.472452,0.210321,0.707041,-0.707173,-0.000011,-0.000098
arm_1_left_finger,489.263000,0.303000,0.472200,0.210318,0.707041,-0.707172,-0.000011,-0.000098
arm_1_left_finger,489.276000,0.303338,0.471937,0.210314,0.707041,-0.707172,-0.000012,-0.000097
arm_1_left_finger,489.289000,0.303692,0.471661,0.210310,0.707041,-0.707172,-0.000012,-0.000097
arm_1_left_finger,489.303000,0.304092,0.471348,0.210305,0.707041,-0.707172,-0.000011,-0.000098
arm_1_left_finger,489.317000,0.304511,0.471021,0.210301,0.707041,-0.707172,-0.000011,-0.000098
arm_1_left_finger,489.331000,0.304947,0.470680,0.210296,0.707041,-0.707172,-0.000011,-0.000098
arm_1_left_finger,489.345000,0.305401,0.470323,0.210290,0.707041,-0.707172,-0.000011,-0.000098
arm_1_left_finger,489.360000,0.305907,0.469925,0.210285,0.707041,-0.707172,-0.000010,-0.000099
arm_1_left_finger,489.374000,0.306398,0.469539,0.210279,0.707041,-0.707172,-0.000010,-0.000099
arm_1_left_finger,489.388000,0.306906,0.469137,0.210273,0.707041,-0.707172,-0.000011,-0.000097
arm_1_left_finger,489.402000,0.307431,0.468721,0.210267,0.707041,-0.707172,-0.000010,-0.000098
arm_1_left_finger,489.416000,0.307974,0.468290,0.210261,0.707041,-0.707172,-0.000011,-0.000097
arm_1_left_finger,489.430000,0.308535,0.467843,0.210255,0.707041,-0.707172,-0.000010,-0.000098
arm_1_left_finger,489.445000,0.309156,0.467348,0.210248,0.707042,-0.707172,-0.000010,-0.000097
arm_1_left_finger,489.459000,0.309753,0.466871,0.210241,0.707042,-0.707172,-0.000010,-0.000097
arm_1_left_finger,489.472000,0.310323,0.466414,0.210234,0.707042,-0.707172,-0.000010,-0.000097
arm_1_left_finger,489.486000,0.310953,0.465906,0.210227,0.707042,-0.707172,-0.000010,-0.000097
arm_1_left_finger,489.500000,0.311601,0.465384,0.210219,0.707042,-0.707172,-0.000010,-0.000097
arm_1_left_finger,489.514000,0.312266,0.464846,0.210212,0.707042,-0.707172,-0.000010,-0.000097
arm_1_left_finger,489.528000,0.312948,0.464293,0.210204,0.707042,-0.707172,-0.000010,-0.000097
arm_1_left_finger,489.542000,0.313647,0.463724,0.210196,0.707042,-0.707172,-0.000010,-0.000097
arm_1_left_finger,489.557000,0.314414,0.463097,0.210187,0.707042,-0.707172,-0.000010,-0.000096
arm_1_left_finger,489.571000,0.315148,0.462495,0.210179,0.707042,-0.707172,-0.000010,-0.000096
arm_1_left_finger,489.585000,0.315899,0.461878,0.210170,0.707042,-0.707171,-0.000010,-0.000096
arm_1_left_finger,489.599000,0.316667,0.461244,0.210161,0.707042,-0.707171,-0.000010,-0.000096
arm_1_left_finger,489.613000,0.317451,0.460595,0.210152,0.707042,-0.707171,-0.000010,-0.000095
arm_1_left_finger,489.628000,0.318310,0.459881,0.210142,0.707042,-0.707171,-0.000010,-0.000095
arm_1_left_finger,489.642000,0.319128,0.459198,0.210133,0.707042,-0.707171,-0.000010,-0.000095
arm_1_left_finger,489.657000,0.320023,0.458449,0.210123,0.707042,-0.707171,-0.000010,-0.000095
arm_1_left_finger,489.672000,0.320937,0.457680,0.210112,0.707042,-0.707171,-0.000010,-0.000095
arm_1_left_finger,489.686000,0.321807,0.456946,0.210102,0.707043,-0.707171,-0.000010,-0.000095
arm_1_left_finger,489.700000,0.322693,0.456194,0.210092,0.707043,-0.707171,-0.000010,-0.000094
arm_1_left_finger,489.714000,0.323595,0.455427,0.210081,0.707043,-0.707171,-0.000009,-0.000094
arm_1_left_finger,489.727000,0.324446,0.454699,0.210072,0.707043,-0.707171,-0.000009,-0.000094
arm_1_left_finger,489.739000,0.325245,0.454014,0.210062,0.707043,-0.707171,-0.000009,-0.000094
arm_1_left_finger,489.753000,0.326191,0.453199,0.210051,0.707043,-0.707171,-0.000009,-0.000094
arm_1_left_finger,489.767000,0.327153,0.452367,0.210040,0.707043,-0.707171,-0.000009,-0.000093
arm_1_left_finger,489.781000,0.328130,0.451518,0.210029,0.707043,-0.707171,-0.000009,-0.000093
arm_1_left_finger,489.795000,0.329123,0.450651,0.210017,0.707043,-0.707170,-0.000009,-0.000093
arm_1_left_finger,489.809000,0.330131,0.449767,0.210005,0.707043,-0.707170,-0.000009,-0.000093
arm_1_left_finger,489.823000,0.331154,0.448866,0.209993,0.707043,-0.707170,-0.000009,-0.000093
arm_1_left_finger,489.837000,0.332192,0.447946,0.209981,0.707043,-0.707170,-0.000009,-0.000092
arm_1_left_finger,489.852000,0.333321,0.446942,0.209968,0.707043,-0.707170,-0.000009,-0.000092
arm_1_left_finger,489.866000,0.334391,0.445986,0.209955,0.707044,-0.707170,-0.000008,-0.000092
arm_1_left_finger,489.881000,0.335553,0.444942,0.209942,0.707044,-0.707170,-0.000008,-0.000092
arm_1_left_finger,489.896000,0.336732,0.443877,0.209928,0.707044,-0.707170,-0.000008,-0.000092
arm_1_left_finger,489.911000,0.337928,0.442790,0.209913,0.707044,-0.707170,-0.000008,-0.000092
arm_1_left_finger,489.926000,0.339140,0.441683,0.209899,0.707044,-0.707170,-0.000008,-0.000091
arm_1_left_finger,489.941000,0.340368,0.440554,0.209884,0.707044,-0.707170,-0.000008,-0.000091
arm_1_left_finger,489.955000,0.341530,0.439481,0.209870,0.707044,-0.707169,-0.000007,-0.000091
arm_1_left_finger,489.969000,0.342705,0.438390,0.209856,0.707044,-0.707169,-0.000007,-0.000091
arm_1_left_finger,489.982000,0.343808,0.437359,0.209843,0.707044,-0.707169,-0.000007,-0.000091
arm_1_left_finger,489.993000,0.344751,0.436475,0.209832,0.707044,-0.707169,-0.000007,-0.000091
arm_1_left_finger,490.007000,0.345963,0.435332,0.209817,0.707044,-0.707169,-0.000006,-0.000091
arm_1_left_finger,490.021000,0.347188,0.434170,0.209802,0.707045,-0.707169,-0.000006,-0.000091
arm_1_left_finger,490.035000,0.348428,0.432988,0.209787,0.707045,-0.707169,-0.000006,-0.000091
arm_1_left_finger,490.050000,0.349770,0.431699,0.209771,0.707045,-0.707169,-0.000006,-0.000091
arm_1_left_finger,490.064000,0.351036,0.430477,0.209755,0.707045,-0.707169,-0.000006,-0.000090
arm_1_left_finger,490.078000,0.352315,0.429234,0.209739,0.707045,-0.707169,-0.000005,-0.000090
arm_1_left_finger,490.092000,0.353606,0.427972,0.209723,0.707045,-0.707168,-0.000005,-0.000090
arm_1_left_finger,490.106000,0.354910,0.426690,0.209707,0.707045,-0.707168,-0.000004,-0.000090
arm_1_left_finger,490.120000,0.356227,0.425387,0.209691,0.707045,-0.707168,-0.000004,-0.000090
arm_1_left_finger,490.134000,0.357555,0.424064,0.209674,0.707045,-0.707168,-0.000004,-0.000090
arm_1_left_finger,490.148000,0.358896,0.422721,0.209657,0.707046,-0.707168,-0.000004,-0.000090
arm_1_left_finger,490.163000,0.360345,0.421258,0.209639,0.707046,-0.707168,-0.000003,-0.000090
arm_1_left_finger,490.175000,0.361514,0.420071,0.209624,0.707046,-0.707168,-0.000003,-0.000089
arm_1_left_finger,490.184000,0.362396,0.419171,0.209613,0.707046,-0.707168,-0.000003,-0.000089
arm_1_left_finger,490.196000,0.363580,0.417957,0.209598,0.707046,-0.707168,-0.000002,-0.000090
arm_1_left_finger,490.206000,0.364568,0.416938,0.209586,0.707046,-0.707167,-0.000002,-0.000090
arm_1_left_finger,490.219000,0.365862,0.415596,0.209569,0.707046,-0.707167,-0.000001,-0.000090
arm_1_left_finger,490.232000,0.367172,0.414229,0.209552,0.707046,-0.707167,-0.000001,-0.000090
arm_1_left_finger,490.246000,0.368594,0.412736,0.209534,0.707046,-0.707167,-0.000000,-0.000090
arm_1_left_finger,490.260000,0.370025,0.411222,0.209515,0.707047,-0.707167,-0.000000,-0.000089
arm_1_left_finger,490.274000,0.371466,0.409687,0.209496,0.707047,-0.707167,0.000000,-0.000090
arm_1_left_finger,490.288000,0.372917,0.408130,0.209477,0.707047,-0.707167,0.000001,-0.000090
arm_1_left_finger,490.302000,0.374378,0.406550,0.209458,0.707047,-0.707167,0.000001,-0.000090
arm_1_left_finger,490.316000,0.375849,0.404949,0.209439,0.707047,-0.707166,0.000002,-0.000089
arm_1_left_finger,490.330000,0.377329,0.403325,0.209419,0.707047,-0.707166,0.000002,-0.000089
arm_1_left_finger,490.343000,0.378712,0.401798,0.209400,0.707047,-0.707166,0.000003,-0.000089
arm_1_left_finger,490.357000,0.380209,0.400130,0.209380,0.707047,-0.707166,0.000003,-0.000089
arm_1_left_finger,490.362000,0.380747,0.399529,0.209373,0.707048,-0.707166,0.000003,-0.000089
arm_1_left_finger,490.373000,0.381932,0.398197,0.209357,0.707048,-0.707166,0.000004,-0.000089
arm_1_left_finger,490.386000,0.383340,0.396604,0.209338,0.707048,-0.707166,0.000004,-0.000089
arm_1_left_finger,490.400000,0.384864,0.394867,0.209317,0.707048,-0.707166,0.000004,-0.000089
arm_1_left_finger,490.413000,0.386286,0.393233,0.209298,0.707048,-0.707166,0.000005,-0.000089
arm_1_left_finger,490.427000,0.387825,0.391450,0.209276,0.707048,-0.707165,0.000005,-0.000089
arm_1_left_finger,490.440000,0.389262,0.389774,0.209257,0.707048,-0.707165,0.000006,-0.000089
arm_1_left_finger,490.454000,0.390817,0.387945,0.209235,0.707048,-0.707165,0.000006,-0.000089
arm_1_left_finger,490.467000,0.392268,0.386225,0.209215,0.707049,-0.707165,0.000006,-0.000089
arm_1_left_finger,490.480000,0.393725,0.384484,0.209194,0.707049,-0.707165,0.000007,-0.000089
arm_1_left_finger,490.494000,0.395300,0.382586,0.209172,0.707049,-0.707165,0.000007,-0.000089
arm_1_left_finger,490.507000,0.396767,0.380804,0.209151,0.707049,-0.707165,0.000008,-0.000089
arm_1_left_finger,490.520000,0.398237,0.379003,0.209130,0.707049,-0.707164,0.000008,-0.000089
arm_1_left_finger,490.534000,0.399822,0.377046,0.209107,0.707049,-0.707164,0.000009,-0.000089
arm_1_left_finger,490.547000,0.401294,0.375214,0.209086,0.707049,-0.707164,0.000009,-0.000089
arm_1_left_finger,490.561000,0.402876,0.373227,0.209063,0.707050,-0.707164,0.000010,-0.000088
arm_1_left_finger,490.575000,0.404455,0.371226,0.209039,0.707050,-0.707164,0.000010,-0.000088
arm_1_left_finger,490.589000,0.406029,0.369213,0.209016,0.707050,-0.707164,0.000011,-0.000088
arm_1_left_finger,490.603000,0.407598,0.367189,0.208993,0.707050,-0.707163,0.000011,-0.000088
arm_1_left_finger,490.617000,0.409160,0.365156,0.208970,0.707050,-0.707163,0.000012,-0.000088
arm_1_left_finger,490.629000,0.410494,0.363405,0.208949,0.707050,-0.707163,0.000013,-0.000089
arm_1_left_finger,490.641000,0.411824,0.361648,0.208929,0.707050,-0.707163,0.000020,-0.000095
arm_1_left_finger,490.653000,0.413150,0.359884,0.208908,0.707051,-0.707163,0.000027,-0.000102
arm_1_left_finger,490.665000,0.414471,0.358115,0.208886,0.707051,-0.707163,0.000031,-0.000105
arm_1_left_finger,490.676000,0.415706,0.356487,0.208858,0.707051,-0.707163,0.000077,-0.000150
arm_1_left_finger,490.688000,0.417013,0.354707,0.208837,0.707051,-0.707163,0.000030,-0.000103
arm_1_left_finger,490.700000,0.418314,0.352921,0.208816,0.707051,-0.707162,0.000023,-0.000096
arm_1_left_finger,490.712000,0.419608,0.351130,0.208795,0.707051,-0.707162,0.000022,-0.000094
arm_1_left_finger,490.724000,0.420895,0.349334,0.208775,0.707051,-0.707162,0.000022,-0.000094
arm_1_left_finger,490.736000,0.422175,0.347532,0.208754,0.707052,-0.707162,0.000021,-0.000093
arm_1_left_finger,490.748000,0.423449,0.345726,0.208734,0.707052,-0.707162,0.000021,-0.000092
arm_1_left_finger,490.760000,0.424716,0.343915,0.208713,0.707052,-0.707162,0.000021,-0.000091
arm_1_left_finger,490.772000,0.425976,0.342098,0.208693,0.707052,-0.707162,0.000020,-0.000090
arm_1_left_finger,490.784000,0.427229,0.340277,0.208672,0.707052,-0.707161,0.000022,-0.000091
arm_1_left_finger,490.796000,0.428475,0.338452,0.208652,0.707052,-0.707161,0.000018,-0.000087
arm_1_left_finger,490.807000,0.429611,0.336774,0.208633,0.707052,-0.707161,0.000020,-0.000088
arm_1_left_finger,490.819000,0.430844,0.334939,0.208613,0.707052,-0.707161,0.000018,-0.000087
arm_1_left_finger,490.830000,0.431968,0.333254,0.208594,0.707053,-0.707161,0.000020,-0.000088
arm_1_left_finger,490.842000,0.433187,0.331410,0.208574,0.707053,-0.707161,0.000019,-0.000086
arm_1_left_finger,490.854000,0.434400,0.329562,0.208553,0.707053,-0.707161,0.000021,-0.000088
arm_1_left_finger,490.866000,0.435605,0.327710,0.208533,0.707053,-0.707161,0.000024,-0.000090
arm_1_left_finger,490.878000,0.436805,0.325853,0.208512,0.707053,-0.707160,0.000026,-0.000092
arm_1_left_finger,490.892000,0.438195,0.323681,0.208488,0.707053,-0.707160,0.000026,-0.000091
arm_1_left_finger,490.906000,0.439575,0.321503,0.208464,0.707053,-0.707160,0.000023,-0.000088
arm_1_left_finger,490.920000,0.440944,0.319319,0.208440,0.707054,-0.707160,0.000021,-0.000085
arm_1_left_finger,490.934000,0.442303,0.317130,0.208417,0.707054,-0.707160,0.000018,-0.000081
arm_1_left_finger,490.946000,0.443459,0.315248,0.208397,0.707054,-0.707160,0.000016,-0.000079
arm_1_left_finger,490.960000,0.444798,0.313048,0.208374,0.707054,-0.707159,0.000014,-0.000076
arm_1_left_finger,490.975000,0.446221,0.310684,0.208349,0.707054,-0.707159,0.000013,-0.000075
arm_1_left_finger,490.989000,0.447539,0.308472,0.208327,0.707054,-0.707159,0.000012,-0.000074
arm_1_left_finger,491.003000,0.448847,0.306254,0.208304,0.707055,-0.707159,0.000015,-0.000075
arm_1_left_finger,491.014000,0.449869,0.304507,0.208286,0.707055,-0.707159,0.000016,-0.000076
arm_1_left_finger,491.026000,0.450976,0.302598,0.208266,0.707055,-0.707159,0.000017,-0.000076
arm_1_left_finger,491.040000,0.452260,0.300365,0.208243,0.707055,-0.707159,0.000018,-0.000077
arm_1_left_finger,491.054000,0.453533,0.298128,0.208219,0.707055,-0.707158,0.000019,-0.000077
arm_1_left_finger,491.068000,0.454796,0.295884,0.208196,0.707055,-0.707158,0.000019,-0.000077
arm_1_left_finger,491.082000,0.456050,0.293635,0.208173,0.707055,-0.707158,0.000020,-0.000078
arm_1_left_finger,491.096000,0.457294,0.291381,0.208150,0.707056,-0.707158,0.000021,-0.000078
arm_1_left_finger,491.111000,0.458616,0.288960,0.208125,0.707056,-0.707158,0.000022,-0.000078
arm_1_left_finger,491.126000,0.459926,0.286533,0.208099,0.707056,-0.707158,0.000023,-0.000078
arm_1_left_finger,491.141000,0.461225,0.284101,0.208074,0.707056,-0.707157,0.000023,-0.000078
arm_1_left_finger,491.156000,0.462512,0.281662,0.208049,0.707056,-0.707157,0.000024,-0.000078
arm_1_left_finger,491.171000,0.463788,0.279217,0.208024,0.707056,-0.707157,0.000025,-0.000078
arm_1_left_finger,491.186000,0.465052,0.276767,0.207999,0.707057,-0.707157,0.000025,-0.000078
arm_1_left_finger,491.201000,0.466305,0.274310,0.207974,0.707057,-0.707157,0.000026,-0.000078
arm_1_left_finger,491.215000,0.467464,0.272013,0.207950,0.707057,-0.707157,0.000026,-0.000078
arm_1_left_finger,491.229000,0.468612,0.269711,0.207926,0.707057,-0.707156,0.000027,-0.000078
arm_1_left_finger,491.243000,0.469751,0.267403,0.207903,0.707057,-0.707156,0.000027,-0.000078
arm_1_left_finger,491.257000,0.470879,0.265091,0.207879,0.707057,-0.707156,0.000028,-0.000078
arm_1_left_finger,491.272000,0.472076,0.262609,0.207854,0.707058,-0.707156,0.000028,-0.000077
arm_1_left_finger,491.286000,0.473183,0.260287,0.207830,0.707058,-0.707156,0.000028,-0.000077
arm_1_left_finger,491.300000,0.474279,0.257960,0.207807,0.707058,-0.707156,0.000029,-0.000077
arm_1_left_finger,491.315000,0.475443,0.255462,0.207781,0.707058,-0.707156,0.000029,-0.000077
arm_1_left_finger,491.329000,0.476518,0.253126,0.207758,0.707058,-0.707155,0.000029,-0.000076
arm_1_left_finger,491.343000,0.477582,0.250785,0.207734,0.707058,-0.707155,0.000030,-0.000076
arm_1_left_finger,491.358000,0.478712,0.248273,0.207709,0.707059,-0.707155,0.000030,-0.000076
arm_1_left_finger,491.373000,0.479829,0.245755,0.207683,0.707059,-0.707155,0.000030,-0.000076
arm_1_left_finger,491.388000,0.480934,0.243232,0.207658,0.707059,-0.707155,0.000030,-0.000075
arm_1_left_finger,491.402000,0.481955,0.240873,0.207634,0.707059,-0.707155,0.000031,-0.000075
arm_1_left_finger,491.417000,0.483037,0.238340,0.207609,0.707059,-0.707154,0.000031,-0.000075
arm_1_left_finger,491.430000,0.483965,0.236142,0.207587,0.707059,-0.707154,0.000031,-0.000074
arm_1_left_finger,491.444000,0.484954,0.233770,0.207563,0.707059,-0.707154,0.000031,-0.000074
arm_1_left_finger,491.458000,0.485932,0.231394,0.207540,0.707060,-0.707154,0.000032,-0.000074
arm_1_left_finger,491.473000,0.486969,0.228843,0.207514,0.707060,-0.707154,0.000032,-0.000073
arm_1_left_finger,491.487000,0.487926,0.226459,0.207491,0.707060,-0.707154,0.000032,-0.000073
arm_1_left_finger,491.501000,0.488872,0.224070,0.207467,0.707060,-0.707153,0.000032,-0.000073
arm_1_left_finger,491.516000,0.489874,0.221507,0.207442,0.707060,-0.707153,0.000033,-0.000072
arm_1_left_finger,491.530000,0.490798,0.219110,0.207418,0.707060,-0.707153,0.000033,-0.000072
arm_1_left_finger,491.542000,0.491616,0.217053,0.207387,0.707061,-0.707153,0.000178,-0.000216
arm_1_left_finger,491.554000,0.492397,0.214993,0.207366,0.707061,-0.707153,0.000062,-0.000100
arm_1_left_finger,491.566000,0.493167,0.212930,0.207344,0.707061,-0.707153,0.000047,-0.000085
arm_1_left_finger,491.579000,0.493993,0.210692,0.207322,0.707061,-0.707153,0.000043,-0.000080
arm_1_left_finger,491.592000,0.494809,0.208451,0.207299,0.707061,-0.707152,0.000041,-0.000078
arm_1_left_finger,491.604000,0.495554,0.206379,0.207279,0.707061,-0.707152,0.000041,-0.000077
arm_1_left_finger,491.616000,0.496291,0.204305,0.207258,0.707061,-0.707152,0.000042,-0.000078
arm_1_left_finger,491.628000,0.497020,0.202228,0.207237,0.707062,-0.707152,0.000041,-0.000076
arm_1_left_finger,491.640000,0.497741,0.200149,0.207216,0.707062,-0.707152,0.000040,-0.000074
arm_1_left_finger,491.652000,0.498454,0.198067,0.207196,0.707062,-0.707152,0.000041,-0.000075
arm_1_left_finger,491.665000,0.499217,0.195809,0.207173,0.707062,-0.707152,0.000039,-0.000073
arm_1_left_finger,491.678000,0.499971,0.193548,0.207151,0.707062,-0.707151,0.000039,-0.000073
arm_1_left_finger,491.690000,0.500659,0.191458,0.207130,0.707062,-0.707151,0.000039,-0.000071
arm_1_left_finger,491.702000,0.501339,0.189366,0.207110,0.707062,-0.707151,0.000040,-0.000072
arm_1_left_finger,491.713000,0.501991,0.187446,0.207079,0.707062,-0.707151,0.000146,-0.000178
arm_1_left_finger,491.724000,0.502619,0.185524,0.207055,0.707063,-0.707151,0.000116,-0.000147
arm_1_left_finger,491.735000,0.503233,0.183600,0.207033,0.707063,-0.707151,0.000090,-0.000121
arm_1_left_finger,491.745000,0.503782,0.181849,0.207014,0.707063,-0.707151,0.000072,-0.000103
arm_1_left_finger,491.757000,0.504429,0.179746,0.206992,0.707063,-0.707151,0.000057,-0.000087
arm_1_left_finger,491.770000,0.505119,0.177465,0.206969,0.707063,-0.707150,0.000052,-0.000082
arm_1_left_finger,491.783000,0.505804,0.175182,0.206945,0.707063,-0.707150,0.000061,-0.000091
arm_1_left_finger,491.795000,0.506429,0.173072,0.206922,0.707063,-0.707150,0.000069,-0.000098
arm_1_left_finger,491.808000,0.507093,0.170783,0.206898,0.707064,-0.707150,0.000051,-0.000080
arm_1_left_finger,491.822000,0.507792,0.168316,0.206875,0.707064,-0.707150,0.000037,-0.000065
arm_1_left_finger,491.836000,0.508479,0.165846,0.206852,0.707064,-0.707150,0.000034,-0.000061
arm_1_left_finger,491.850000,0.509155,0.163373,0.206828,0.707064,-0.707150,0.000034,-0.000060
arm_1_left_finger,491.864000,0.509820,0.160897,0.206805,0.707064,-0.707149,0.000034,-0.000060
arm_1_left_finger,491.878000,0.510475,0.158419,0.206782,0.707064,-0.707149,0.000035,-0.000061
arm_1_left_finger,491.892000,0.511118,0.155938,0.206758,0.707064,-0.707149,0.000036,-0.000061
arm_1_left_finger,491.905000,0.511706,0.153632,0.206737,0.707065,-0.707149,0.000037,-0.000062
arm_1_left_finger,491.920000,0.512376,0.150968,0.206711,0.707065,-0.707149,0.000046,-0.000070
arm_1_left_finger,491.934000,0.512990,0.148479,0.206686,0.707065,-0.707149,0.000048,-0.000072
arm_1_left_finger,491.949000,0.513636,0.145810,0.206660,0.707065,-0.707148,0.000049,-0.000071
arm_1_left_finger,491.963000,0.514228,0.143316,0.206635,0.707065,-0.707148,0.000048,-0.000070
arm_1_left_finger,491.978000,0.514848,0.140642,0.206609,0.707065,-0.707148,0.000045,-0.000067
arm_1_left_finger,491.992000,0.515414,0.138143,0.206586,0.707066,-0.707148,0.000042,-0.000063
arm_1_left_finger,492.006000,0.515968,0.135642,0.206562,0.707066,-0.707148,0.000037,-0.000058
arm_1_left_finger,492.020000,0.516510,0.133139,0.206539,0.707066,-0.707148,0.000032,-0.000053
arm_1_left_finger,492.034000,0.517038,0.130634,0.206517,0.707066,-0.707147,0.000028,-0.000047
arm_1_left_finger,492.047000,0.517518,0.128306,0.206496,0.707066,-0.707147,0.000024,-0.000043
arm_1_left_finger,492.061000,0.518023,0.125796,0.206475,0.707066,-0.707147,0.000021,-0.000039
arm_1_left_finger,492.075000,0.518516,0.123285,0.206453,0.707067,-0.707147,0.000019,-0.000037
arm_1_left_finger,492.089000,0.518998,0.120771,0.206431,0.707067,-0.707147,0.000019,-0.000037
arm_1_left_finger,492.103000,0.519469,0.118256,0.206410,0.707067,-0.707147,0.000021,-0.000038
arm_1_left_finger,492.117000,0.519930,0.115739,0.206388,0.707067,-0.707147,0.000023,-0.000040
arm_1_left_finger,492.131000,0.520380,0.113220,0.206366,0.707067,-0.707146,0.000025,-0.000041
arm_1_left_finger,492.144000,0.520789,0.110879,0.206345,0.707067,-0.707146,0.000027,-0.000043
arm_1_left_finger,492.158000,0.521219,0.108357,0.206323,0.707067,-0.707146,0.000028,-0.000044
arm_1_left_finger,492.172000,0.521638,0.105833,0.206300,0.707068,-0.707146,0.000030,-0.000045
arm_1_left_finger,492.186000,0.522040,0.103344,0.206278,0.707068,-0.707146,0.000031,-0.000046
arm_1_left_finger,492.200000,0.522439,0.100809,0.206255,0.707068,-0.707146,0.000033,-0.000046
arm_1_left_finger,492.213000,0.522800,0.098456,0.206234,0.707068,-0.707145,0.000034,-0.000047
arm_1_left_finger,492.227000,0.523177,0.095921,0.206211,0.707068,-0.707145,0.000035,-0.000048
arm_1_left_finger,492.241000,0.523544,0.093385,0.206188,0.707068,-0.707145,0.000037,-0.000049
arm_1_left_finger,492.255000,0.523900,0.090849,0.206165,0.707069,-0.707145,0.000039,-0.000051
arm_1_left_finger,492.270000,0.524269,0.088131,0.206140,0.707069,-0.707145,0.000041,-0.000052
arm_1_left_finger,492.285000,0.524626,0.085412,0.206114,0.707069,-0.707145,0.000042,-0.000053
arm_1_left_finger,492.299000,0.524947,0.082873,0.206091,0.707069,-0.707145,0.000043,-0.000053
arm_1_left_finger,492.313000,0.525258,0.080333,0.206067,0.707069,-0.707144,0.000044,-0.000054
arm_1_left_finger,492.327000,0.525558,0.077793,0.206043,0.707069,-0.707144,0.000045,-0.000054
arm_1_left_finger,492.341000,0.525846,0.075252,0.206020,0.707070,-0.707144,0.000046,-0.000055
arm_1_left_finger,492.354000,0.526104,0.072891,0.205997,0.707070,-0.707144,0.000047,-0.000055
arm_1_left_finger,492.366000,0.526334,0.070711,0.205977,0.707070,-0.707144,0.000047,-0.000055
arm_1_left_finger,492.378000,0.526555,0.068531,0.205956,0.707070,-0.707144,0.000047,-0.000055
arm_1_left_finger,492.390000,0.526769,0.066350,0.205936,0.707070,-0.707143,0.000048,-0.000055
arm_1_left_finger,492.397000,0.526889,0.065078,0.205924,0.707070,-0.707143,0.000048,-0.000055
arm_1_left_finger,492.404000,0.527007,0.063805,0.205912,0.707070,-0.707143,0.000048,-0.000055
arm_1_left_finger,492.411000,0.527122,0.062532,0.205900,0.707070,-0.707143,0.000048,-0.000054
arm_1_left_finger,492.420000,0.527266,0.060895,0.205884,0.707070,-0.707143,0.000048,-0.000054
arm_1_left_finger,492.429000,0.527405,0.059258,0.205869,0.707071,-0.707143,0.000049,-0.000054
arm_1_left_finger,492.439000,0.527553,0.057465,0.205852,0.707071,-0.707143,0.000049,-0.000054
arm_1_left_finger,492.447000,0.527666,0.056028,0.205839,0.707071,-0.707143,0.000049,-0.000054
arm_1_left_finger,492.457000,0.527805,0.054209,0.205821,0.707071,-0.707143,0.000049,-0.000053
arm_1_left_finger,492.464000,0.527900,0.052930,0.205809,0.707071,-0.707143,0.000049,-0.000053
arm_1_left_finger,492.474000,0.528029,0.051104,0.205792,0.707071,-0.707143,0.000049,-0.000053
arm_1_left_finger,492.484000,0.528153,0.049278,0.205775,0.707071,-0.707142,0.000049,-0.000053
arm_1_left_finger,492.496000,0.528294,0.047087,0.205754,0.707071,-0.707142,0.000049,-0.000053
arm_1_left_finger,492.508000,0.528427,0.044897,0.205734,0.707071,-0.707142,0.000049,-0.000052
arm_1_left_finger,492.521000,0.528561,0.042525,0.205711,0.707072,-0.707142,0.000050,-0.000052
arm_1_left_finger,492.535000,0.528695,0.039971,0.205687,0.707072,-0.707142,0.000050,-0.000052
arm_1_left_finger,492.545000,0.528783,0.038147,0.205670,0.707072,-0.707142,0.000050,-0.000051
arm_1_left_finger,492.559000,0.528897,0.035594,0.205646,0.707072,-0.707142,0.000050,-0.000051
arm_1_left_finger,492.572000,0.528993,0.033223,0.205624,0.707072,-0.707141,0.000050,-0.000050
arm_1_left_finger,492.586000,0.529086,0.030670,0.205600,0.707072,-0.707141,0.000050,-0.000050
arm_1_left_finger,492.601000,0.529172,0.027934,0.205574,0.707072,-0.707141,0.000050,-0.000050
arm_1_left_finger,492.615000,0.529242,0.025381,0.205550,0.707073,-0.707141,0.000050,-0.000049
arm_1_left_finger,492.630000,0.529303,0.022646,0.205525,0.707073,-0.707141,0.000050,-0.000049
arm_1_left_finger,492.645000,0.529352,0.019911,0.205499,0.707073,-0.707141,0.000050,-0.000048
arm_1_left_finger,492.660000,0.529387,0.017176,0.205473,0.707073,-0.707140,0.000050,-0.000048
arm_1_left_finger,492.675000,0.529410,0.014442,0.205448,0.707073,-0.707140,0.000050,-0.000047
arm_1_left_finger,492.690000,0.529419,0.011707,0.205422,0.707073,-0.707140,0.000050,-0.000047
arm_1_left_finger,492.705000,0.529416,0.008973,0.205396,0.707074,-0.707140,0.000050,-0.000046
arm_1_left_finger,492.720000,0.529400,0.006239,0.205371,0.707074,-0.707140,0.000050,-0.000046
arm_1_left_finger,492.734000,0.529373,0.003688,0.205347,0.707074,-0.707140,0.000050,-0.000045
arm_1_left_finger,492.749000,0.529332,0.000955,0.205321,0.707074,-0.707139,0.000050,-0.000045
arm_1_left_finger,492.764000,0.529278,-0.001777,0.205296,0.707074,-0.707139,0.000050,-0.000045
arm_1_left_finger,492.779000,0.529211,-0.004509,0.205270,0.707074,-0.707139,0.000050,-0.000044
arm_1_left_finger,492.794000,0.529131,-0.007240,0.205245,0.707075,-0.707139,0.000050,-0.000044
arm_1_left_finger,492.808000,0.529045,-0.009789,0.205221,0.707075,-0.707139,0.000050,-0.000043
arm_1_left_finger,492.823000,0.528940,-0.012519,0.205195,0.707075,-0.707139,0.000050,-0.000043
arm_1_left_finger,492.838000,0.528823,-0.015248,0.205170,0.707075,-0.707138,0.000050,-0.000042
arm_1_left_finger,492.853000,0.528692,-0.017977,0.205144,0.707075,-0.707138,0.000050,-0.000042
arm_1_left_finger,492.868000,0.528549,-0.020704,0.205118,0.707075,-0.707138,0.000050,-0.000042
arm_1_left_finger,492.883000,0.528392,-0.023431,0.205093,0.707076,-0.707138,0.000050,-0.000041
arm_1_left_finger,492.898000,0.528223,-0.026157,0.205067,0.707076,-0.707138,0.000050,-0.000041
arm_1_left_finger,492.913000,0.528041,-0.028881,0.205042,0.707076,-0.707138,0.000050,-0.000040
arm_1_left_finger,492.928000,0.527846,-0.031605,0.205016,0.707076,-0.707137,0.000051,-0.000040
arm_1_left_finger,492.942000,0.527653,-0.034145,0.204992,0.707076,-0.707137,0.000051,-0.000040
arm_1_left_finger,492.956000,0.527449,-0.036685,0.204968,0.707076,-0.707137,0.000051,-0.000040
arm_1_left_finger,492.970000,0.527233,-0.039224,0.204944,0.707077,-0.707137,0.000052,-0.000040
arm_1_left_finger,492.984000,0.527007,-0.041761,0.204920,0.707077,-0.707137,0.000052,-0.000040
arm_1_left_finger,492.997000,0.526786,-0.044116,0.204898,0.707077,-0.707137,0.000052,-0.000039
arm_1_left_finger,493.009000,0.526602,-0.046289,0.204869,0.707077,-0.707137,0.000117,-0.000104
arm_1_left_finger,493.020000,0.526403,-0.048280,0.204849,0.707077,-0.707136,0.000073,-0.000060
arm_1_left_finger,493.031000,0.526197,-0.050270,0.204830,0.707077,-0.707136,0.000064,-0.000050
arm_1_left_finger,493.042000,0.525984,-0.052260,0.204810,0.707077,-0.707136,0.000061,-0.000047
arm_1_left_finger,493.054000,0.525744,-0.054429,0.204789,0.707077,-0.707136,0.000060,-0.000046
arm_1_left_finger,493.067000,0.525475,-0.056777,0.204766,0.707078,-0.707136,0.000060,-0.000045
arm_1_left_finger,493.078000,0.525239,-0.058764,0.204747,0.707078,-0.707136,0.000061,-0.000046
arm_1_left_finger,493.088000,0.525018,-0.060569,0.204729,0.707078,-0.707136,0.000059,-0.000044
arm_1_left_finger,493.100000,0.524746,-0.062734,0.204708,0.707078,-0.707136,0.000059,-0.000043
arm_1_left_finger,493.112000,0.524466,-0.064897,0.204687,0.707078,-0.707135,0.000058,-0.000042
arm_1_left_finger,493.124000,0.524178,-0.067060,0.204666,0.707078,-0.707135,0.000060,-0.000044
arm_1_left_finger,493.136000,0.523881,-0.069221,0.204645,0.707078,-0.707135,0.000058,-0.000041
arm_1_left_finger,493.149000,0.523550,-0.071561,0.204622,0.707079,-0.707135,0.000058,-0.000041
arm_1_left_finger,493.161000,0.523236,-0.073719,0.204601,0.707079,-0.707135,0.000057,-0.000040
arm_1_left_finger,493.174000,0.522887,-0.076056,0.204579,0.707079,-0.707135,0.000059,-0.000041
arm_1_left_finger,493.187000,0.522528,-0.078391,0.204556,0.707079,-0.707135,0.000057,-0.000039
arm_1_left_finger,493.199000,0.522188,-0.080545,0.204535,0.707079,-0.707134,0.000058,-0.000040
arm_1_left_finger,493.211000,0.521840,-0.082697,0.204514,0.707079,-0.707134,0.000057,-0.000038
arm_1_left_finger,493.224000,0.521454,-0.085028,0.204491,0.707079,-0.707134,0.000058,-0.000039
arm_1_left_finger,493.236000,0.521089,-0.087177,0.204470,0.707080,-0.707134,0.000056,-0.000037
arm_1_left_finger,493.247000,0.520748,-0.089146,0.204451,0.707080,-0.707134,0.000060,-0.000040
arm_1_left_finger,493.258000,0.520400,-0.091114,0.204432,0.707080,-0.707134,0.000058,-0.000038
arm_1_left_finger,493.268000,0.520078,-0.092902,0.204414,0.707080,-0.707134,0.000058,-0.000037
arm_1_left_finger,493.279000,0.519716,-0.094867,0.204395,0.707080,-0.707134,0.000057,-0.000036
arm_1_left_finger,493.290000,0.519348,-0.096830,0.204376,0.707080,-0.707133,0.000056,-0.000035
arm_1_left_finger,493.300000,0.519040,-0.098614,0.204349,0.707080,-0.707133,0.000176,-0.000155
arm_1_left_finger,493.309000,0.518767,-0.100219,0.204322,0.707080,-0.707133,0.000207,-0.000186
arm_1_left_finger,493.319000,0.518432,-0.102000,0.204299,0.707080,-0.707133,0.000130,-0.000109
arm_1_left_finger,493.329000,0.518081,-0.103781,0.204280,0.707080,-0.707133,0.000131,-0.000109
arm_1_left_finger,493.340000,0.517693,-0.105738,0.204258,0.707081,-0.707133,0.000104,-0.000082
arm_1_left_finger,493.350000,0.517347,-0.107516,0.204234,0.707081,-0.707133,0.000146,-0.000124
arm_1_left_finger,493.361000,0.516948,-0.109470,0.204211,0.707081,-0.707133,0.000112,-0.000090
arm_1_left_finger,493.372000,0.516542,-0.111422,0.204188,0.707081,-0.707133,0.000125,-0.000103
arm_1_left_finger,493.382000,0.516164,-0.113196,0.204168,0.707081,-0.707132,0.000098,-0.000075
arm_1_left_finger,493.393000,0.515737,-0.115146,0.204147,0.707081,-0.707132,0.000076,-0.000053
arm_1_left_finger,493.404000,0.515298,-0.117094,0.204129,0.707081,-0.707132,0.000049,-0.000026
arm_1_left_finger,493.415000,0.514845,-0.119040,0.204112,0.707081,-0.707132,0.000029,-0.000005
arm_1_left_finger,493.426000,0.514386,-0.120984,0.204095,0.707082,-0.707132,0.000025,-0.000001
arm_1_left_finger,493.438000,0.513877,-0.123104,0.204077,0.707082,-0.707132,0.000023,0.000002
arm_1_left_finger,493.451000,0.513316,-0.125398,0.204058,0.707082,-0.707132,0.000022,0.000003
arm_1_left_finger,493.464000,0.512746,-0.127689,0.204038,0.707082,-0.707131,0.000023,0.000002
arm_1_left_finger,493.476000,0.512212,-0.129802,0.204020,0.707082,-0.707131,0.000025,0.000001
arm_1_left_finger,493.488000,0.511671,-0.131912,0.204001,0.707082,-0.707131,0.000026,-0.000001
arm_1_left_finger,493.501000,0.511076,-0.134196,0.203981,0.707082,-0.707131,0.000029,-0.000003
arm_1_left_finger,493.514000,0.510473,-0.136478,0.203961,0.707083,-0.707131,0.000031,-0.000005
arm_1_left_finger,493.527000,0.509861,-0.138757,0.203940,0.707083,-0.707131,0.000034,-0.000007
arm_1_left_finger,493.539000,0.509303,-0.140858,0.203916,0.707083,-0.707131,0.000087,-0.000060
arm_1_left_finger,493.552000,0.508685,-0.143132,0.203892,0.707083,-0.707131,0.000072,-0.000044
arm_1_left_finger,493.564000,0.508103,-0.145228,0.203871,0.707083,-0.707130,0.000062,-0.000034
arm_1_left_finger,493.575000,0.507561,-0.147148,0.203852,0.707083,-0.707130,0.000055,-0.000028
arm_1_left_finger,493.587000,0.506961,-0.149240,0.203832,0.707083,-0.707130,0.000050,-0.000022
arm_1_left_finger,493.599000,0.506352,-0.151329,0.203812,0.707084,-0.707130,0.000047,-0.000019
arm_1_left_finger,493.611000,0.505735,-0.153416,0.203792,0.707084,-0.707130,0.000045,-0.000017
arm_1_left_finger,493.622000,0.505162,-0.155327,0.203774,0.707084,-0.707130,0.000045,-0.000016
arm_1_left_finger,493.633000,0.504583,-0.157236,0.203755,0.707084,-0.707130,0.000044,-0.000015
arm_1_left_finger,493.643000,0.504051,-0.158969,0.203739,0.707084,-0.707129,0.000044,-0.000015
arm_1_left_finger,493.654000,0.503459,-0.160874,0.203721,0.707084,-0.707129,0.000044,-0.000015
arm_1_left_finger,493.665000,0.502860,-0.162776,0.203702,0.707084,-0.707129,0.000044,-0.000014
arm_1_left_finger,493.677000,0.502200,-0.164849,0.203682,0.707084,-0.707129,0.000045,-0.000014
arm_1_left_finger,493.689000,0.501532,-0.166919,0.203662,0.707085,-0.707129,0.000045,-0.000015
arm_1_left_finger,493.701000,0.500857,-0.168987,0.203642,0.707085,-0.707129,0.000046,-0.000015
arm_1_left_finger,493.712000,0.500233,-0.170880,0.203623,0.707085,-0.707129,0.000056,-0.000025
arm_1_left_finger,493.724000,0.499548,-0.172942,0.203602,0.707085,-0.707129,0.000062,-0.000031
arm_1_left_finger,493.736000,0.498845,-0.175002,0.203584,0.707085,-0.707128,0.000028,0.000003
arm_1_left_finger,493.749000,0.498073,-0.177230,0.203564,0.707085,-0.707128,0.000025,0.000007
arm_1_left_finger,493.762000,0.497294,-0.179455,0.203544,0.707085,-0.707128,0.000027,0.000005
arm_1_left_finger,493.776000,0.496446,-0.181847,0.203522,0.707086,-0.707128,0.000030,0.000002
arm_1_left_finger,493.789000,0.495650,-0.184065,0.203501,0.707086,-0.707128,0.000033,-0.000001
arm_1_left_finger,493.803000,0.494783,-0.186450,0.203479,0.707086,-0.707128,0.000036,-0.000003
arm_1_left_finger,493.816000,0.493969,-0.188661,0.203458,0.707086,-0.707128,0.000038,-0.000004
arm_1_left_finger,493.830000,0.493083,-0.191038,0.203435,0.707086,-0.707127,0.000039,-0.000006
arm_1_left_finger,493.844000,0.492204,-0.193410,0.203407,0.707086,-0.707127,0.000157,-0.000124
arm_1_left_finger,493.854000,0.491559,-0.195103,0.203390,0.707086,-0.707127,0.000063,-0.000029
arm_1_left_finger,493.864000,0.490908,-0.196793,0.203374,0.707087,-0.707127,0.000045,-0.000011
arm_1_left_finger,493.876000,0.490118,-0.198818,0.203355,0.707087,-0.707127,0.000037,-0.000003
arm_1_left_finger,493.888000,0.489322,-0.200841,0.203335,0.707087,-0.707127,0.000040,-0.000006
arm_1_left_finger,493.900000,0.488518,-0.202860,0.203315,0.707087,-0.707127,0.000040,-0.000005
arm_1_left_finger,493.913000,0.487640,-0.205043,0.203294,0.707087,-0.707126,0.000045,-0.000010
arm_1_left_finger,493.926000,0.486753,-0.207224,0.203272,0.707087,-0.707126,0.000044,-0.000008
arm_1_left_finger,493.938000,0.485927,-0.209233,0.203252,0.707087,-0.707126,0.000045,-0.000010
arm_1_left_finger,493.950000,0.485094,-0.211238,0.203232,0.707088,-0.707126,0.000048,-0.000012
arm_1_left_finger,493.962000,0.484256,-0.213241,0.203211,0.707088,-0.707126,0.000059,-0.000022
arm_1_left_finger,493.974000,0.483412,-0.215240,0.203189,0.707088,-0.707126,0.000061,-0.000025
arm_1_left_finger,493.985000,0.482631,-0.217069,0.203170,0.707088,-0.707126,0.000061,-0.000025
arm_1_left_finger,493.996000,0.481844,-0.218896,0.203150,0.707088,-0.707126,0.000061,-0.000024
arm_1_left_finger,494.008000,0.480978,-0.220886,0.203129,0.707088,-0.707125,0.000061,-0.000023
arm_1_left_finger,494.020000,0.480105,-0.222872,0.203108,0.707088,-0.707125,0.000060,-0.000023
arm_1_left_finger,494.032000,0.479224,-0.224854,0.203086,0.707088,-0.707125,0.000060,-0.000022
arm_1_left_finger,494.044000,0.478335,-0.226834,0.203065,0.707089,-0.707125,0.000059,-0.000022
arm_1_left_finger,494.056000,0.477439,-0.228809,0.203044,0.707089,-0.707125,0.000059,-0.000021
arm_1_left_finger,494.069000,0.476460,-0.230946,0.203021,0.707089,-0.707125,0.000059,-0.000021
arm_1_left_finger,494.082000,0.475473,-0.233078,0.202998,0.707089,-0.707125,0.000058,-0.000020
arm_1_left_finger,494.089000,0.474937,-0.234224,0.202986,0.707089,-0.707124,0.000058,-0.000020
arm_1_left_finger,494.099000,0.474168,-0.235860,0.202968,0.707089,-0.707124,0.000058,-0.000019
arm_1_left_finger,494.111000,0.473238,-0.237819,0.202947,0.707089,-0.707124,0.000058,-0.000019
arm_1_left_finger,494.123000,0.472301,-0.239774,0.202926,0.707089,-0.707124,0.000058,-0.000018
arm_1_left_finger,494.135000,0.471356,-0.241726,0.202905,0.707090,-0.707124,0.000057,-0.000018
arm_1_left_finger,494.148000,0.470325,-0.243836,0.202882,0.707090,-0.707124,0.000057,-0.000018
arm_1_left_finger,494.160000,0.469365,-0.245781,0.202861,0.707090,-0.707124,0.000057,-0.000017
arm_1_left_finger,494.173000,0.468317,-0.247882,0.202838,0.707090,-0.707124,0.000057,-0.000017
arm_1_left_finger,494.185000,0.467342,-0.249819,0.202817,0.707090,-0.707123,0.000057,-0.000017
arm_1_left_finger,494.197000,0.466360,-0.251751,0.202796,0.707090,-0.707123,0.000057,-0.000016
arm_1_left_finger,494.209000,0.465370,-0.253679,0.202775,0.707090,-0.707123,0.000057,-0.000016
arm_1_left_finger,494.221000,0.464374,-0.255604,0.202754,0.707091,-0.707123,0.000057,-0.000016
arm_1_left_finger,494.233000,0.463370,-0.257525,0.202733,0.707091,-0.707123,0.000057,-0.000016
arm_1_left_finger,494.246000,0.462274,-0.259601,0.202710,0.707091,-0.707123,0.000057,-0.000015
arm_1_left_finger,494.258000,0.461276,-0.261513,0.202683,0.707091,-0.707123,0.000196,-0.000155
arm_1_left_finger,494.268000,0.460444,-0.263104,0.202658,0.707091,-0.707122,0.000161,-0.000119
arm_1_left_finger,494.279000,0.459495,-0.264851,0.202640,0.707091,-0.707122,0.000060,-0.000018
arm_1_left_finger,494.291000,0.458452,-0.266752,0.202620,0.707091,-0.707122,0.000041,0.000000
arm_1_left_finger,494.303000,0.457402,-0.268649,0.202601,0.707091,-0.707122,0.000039,0.000003
arm_1_left_finger,494.316000,0.456257,-0.270700,0.202579,0.707092,-0.707122,0.000040,0.000002
arm_1_left_finger,494.328000,0.455193,-0.272589,0.202559,0.707092,-0.707122,0.000041,0.000001
arm_1_left_finger,494.341000,0.454033,-0.274630,0.202538,0.707092,-0.707122,0.000043,-0.000000
arm_1_left_finger,494.354000,0.452865,-0.276667,0.202516,0.707092,-0.707122,0.000044,-0.000002
arm_1_left_finger,494.366000,0.451780,-0.278543,0.202495,0.707092,-0.707121,0.000046,-0.000003
arm_1_left_finger,494.379000,0.450597,-0.280570,0.202473,0.707092,-0.707121,0.000047,-0.000004
arm_1_left_finger,494.391000,0.449499,-0.282436,0.202453,0.707092,-0.707121,0.000051,-0.000007
arm_1_left_finger,494.403000,0.448394,-0.284299,0.202432,0.707093,-0.707121,0.000053,-0.000010
arm_1_left_finger,494.416000,0.447190,-0.286311,0.202409,0.707093,-0.707121,0.000055,-0.000011
arm_1_left_finger,494.428000,0.446072,-0.288165,0.202388,0.707093,-0.707121,0.000056,-0.000012
arm_1_left_finger,494.441000,0.444852,-0.290168,0.202365,0.707093,-0.707121,0.000057,-0.000012
arm_1_left_finger,494.454000,0.443624,-0.292165,0.202343,0.707093,-0.707120,0.000057,-0.000012
arm_1_left_finger,494.459000,0.443150,-0.292932,0.202334,0.707093,-0.707120,0.000054,-0.000010
arm_1_left_finger,494.470000,0.442102,-0.294617,0.202315,0.707093,-0.707120,0.000054,-0.000010
arm_1_left_finger,494.482000,0.440953,-0.296451,0.202293,0.707093,-0.707120,0.000055,-0.000010
arm_1_left_finger,494.494000,0.439797,-0.298280,0.202272,0.707094,-0.707120,0.000055,-0.000010
arm_1_left_finger,494.505000,0.438762,-0.299952,0.202244,0.707094,-0.707120,0.000171,-0.000126
arm_1_left_finger,494.516000,0.437697,-0.301621,0.202222,0.707094,-0.707120,0.000079,-0.000034
arm_1_left_finger,494.527000,0.436640,-0.303286,0.202197,0.707094,-0.707120,0.000132,-0.000087
arm_1_left_finger,494.538000,0.435568,-0.304947,0.202174,0.707094,-0.707120,0.000092,-0.000048
arm_1_left_finger,494.549000,0.434475,-0.306605,0.202156,0.707094,-0.707119,0.000046,-0.000001
arm_1_left_finger,494.560000,0.433376,-0.308258,0.202138,0.707094,-0.707119,0.000035,0.000011
arm_1_left_finger,494.571000,0.432271,-0.309908,0.202121,0.707094,-0.707119,0.000034,0.000012
arm_1_left_finger,494.582000,0.431161,-0.311553,0.202103,0.707095,-0.707119,0.000035,0.000011
arm_1_left_finger,494.593000,0.430065,-0.313195,0.202079,0.707095,-0.707119,0.000118,-0.000073
arm_1_left_finger,494.604000,0.428960,-0.314833,0.202056,0.707095,-0.707119,0.000100,-0.000055
arm_1_left_finger,494.615000,0.427834,-0.316466,0.202038,0.707095,-0.707119,0.000047,-0.000001
arm_1_left_finger,494.626000,0.426701,-0.318096,0.202020,0.707095,-0.707119,0.000034,0.000013
arm_1_left_finger,494.636000,0.425665,-0.319574,0.202004,0.707095,-0.707118,0.000031,0.000016
arm_1_left_finger,494.644000,0.424835,-0.320754,0.201991,0.707095,-0.707118,0.000033,0.000013
arm_1_left_finger,494.652000,0.424001,-0.321932,0.201978,0.707095,-0.707118,0.000034,0.000012
arm_1_left_finger,494.661000,0.423060,-0.323255,0.201963,0.707095,-0.707118,0.000036,0.000011
arm_1_left_finger,494.669000,0.422220,-0.324428,0.201950,0.707096,-0.707118,0.000036,0.000011
arm_1_left_finger,494.677000,0.421379,-0.325599,0.201937,0.707096,-0.707118,0.000038,0.000009
arm_1_left_finger,494.687000,0.420338,-0.327060,0.201915,0.707096,-0.707118,0.000123,-0.000077
arm_1_left_finger,494.698000,0.419186,-0.328663,0.201892,0.707096,-0.707118,0.000098,-0.000051
arm_1_left_finger,494.708000,0.418118,-0.330117,0.201876,0.707096,-0.707118,0.000044,0.000003
arm_1_left_finger,494.718000,0.417046,-0.331567,0.201860,0.707096,-0.707117,0.000034,0.000013
arm_1_left_finger,494.729000,0.415874,-0.333159,0.201838,0.707096,-0.707117,0.000122,-0.000075
arm_1_left_finger,494.740000,0.414702,-0.334746,0.201815,0.707096,-0.707117,0.000105,-0.000058
arm_1_left_finger,494.751000,0.413512,-0.336329,0.201796,0.707096,-0.707117,0.000050,-0.000003
arm_1_left_finger,494.762000,0.412311,-0.337908,0.201778,0.707097,-0.707117,0.000033,0.000015
arm_1_left_finger,494.772000,0.411213,-0.339340,0.201762,0.707097,-0.707117,0.000029,0.000019
arm_1_left_finger,494.783000,0.410001,-0.340912,0.201744,0.707097,-0.707117,0.000030,0.000018
arm_1_left_finger,494.794000,0.408784,-0.342479,0.201727,0.707097,-0.707117,0.000030,0.000018
arm_1_left_finger,494.805000,0.407563,-0.344041,0.201709,0.707097,-0.707116,0.000033,0.000015
arm_1_left_finger,494.816000,0.406338,-0.345599,0.201690,0.707097,-0.707116,0.000036,0.000012
arm_1_left_finger,494.826000,0.405236,-0.347008,0.201669,0.707097,-0.707116,0.000125,-0.000077
arm_1_left_finger,494.837000,0.404022,-0.348552,0.201646,0.707097,-0.707116,0.000108,-0.000060
arm_1_left_finger,494.848000,0.402793,-0.350086,0.201627,0.707098,-0.707116,0.000049,-0.000001
arm_1_left_finger,494.859000,0.401558,-0.351611,0.201609,0.707098,-0.707116,0.000035,0.000014
arm_1_left_finger,494.869000,0.400435,-0.352989,0.201594,0.707098,-0.707116,0.000030,0.000019
arm_1_left_finger,494.879000,0.399339,-0.354357,0.201570,0.707098,-0.707116,0.000107,-0.000058
arm_1_left_finger,494.889000,0.398229,-0.355715,0.201551,0.707098,-0.707116,0.000078,-0.000030
arm_1_left_finger,494.899000,0.397107,-0.357064,0.201535,0.707098,-0.707115,0.000036,0.000013
arm_1_left_finger,494.908000,0.396122,-0.358268,0.201515,0.707098,-0.707115,0.000106,-0.000057
arm_1_left_finger,494.918000,0.395020,-0.359597,0.201495,0.707098,-0.707115,0.000093,-0.000045
arm_1_left_finger,494.927000,0.394016,-0.360784,0.201481,0.707098,-0.707115,0.000041,0.000007
arm_1_left_finger,494.937000,0.392902,-0.362091,0.201466,0.707098,-0.707115,0.000026,0.000023
arm_1_left_finger,494.946000,0.391902,-0.363259,0.201453,0.707099,-0.707115,0.000023,0.000026
arm_1_left_finger,494.956000,0.390815,-0.364546,0.201432,0.707099,-0.707115,0.000097,-0.000048
arm_1_left_finger,494.966000,0.389724,-0.365821,0.201413,0.707099,-0.707115,0.000087,-0.000038
arm_1_left_finger,494.976000,0.388624,-0.367086,0.201398,0.707099,-0.707115,0.000036,0.000013
arm_1_left_finger,494.986000,0.387525,-0.368339,0.201383,0.707099,-0.707115,0.000026,0.000024
arm_1_left_finger,494.996000,0.386430,-0.369581,0.201369,0.707099,-0.707114,0.000023,0.000026
arm_1_left_finger,495.006000,0.385338,-0.370811,0.201355,0.707099,-0.707114,0.000023,0.000027
arm_1_left_finger,495.016000,0.384252,-0.372030,0.201341,0.707099,-0.707114,0.000026,0.000024
arm_1_left_finger,495.026000,0.383169,-0.373238,0.201326,0.707099,-0.707114,0.000027,0.000022
arm_1_left_finger,495.036000,0.382111,-0.374433,0.201306,0.707099,-0.707114,0.000099,-0.000049
arm_1_left_finger,495.046000,0.381050,-0.375618,0.201288,0.707100,-0.707114,0.000082,-0.000032
arm_1_left_finger,495.056000,0.379980,-0.376792,0.201274,0.707100,-0.707114,0.000038,0.000012
arm_1_left_finger,495.066000,0.378914,-0.377954,0.201260,0.707100,-0.707114,0.000025,0.000025
arm_1_left_finger,495.076000,0.377870,-0.379105,0.201241,0.707100,-0.707114,0.000100,-0.000050
arm_1_left_finger,495.087000,0.376724,-0.380357,0.201221,0.707100,-0.707114,0.000090,-0.000040
arm_1_left_finger,495.098000,0.375572,-0.381597,0.201205,0.707100,-0.707113,0.000043,0.000007
arm_1_left_finger,495.109000,0.374420,-0.382823,0.201191,0.707100,-0.707113,0.000025,0.000026
arm_1_left_finger,495.120000,0.373274,-0.384035,0.201177,0.707100,-0.707113,0.000023,0.000027
arm_1_left_finger,495.131000,0.372135,-0.385235,0.201162,0.707100,-0.707113,0.000025,0.000026
arm_1_left_finger,495.142000,0.371023,-0.386420,0.201142,0.707100,-0.707113,0.000094,-0.000044
arm_1_left_finger,495.153000,0.369911,-0.387593,0.201123,0.707101,-0.707113,0.000087,-0.000036
arm_1_left_finger,495.164000,0.368790,-0.388752,0.201110,0.707101,-0.707113,0.000030,0.000020
arm_1_left_finger,495.175000,0.367676,-0.389898,0.201096,0.707101,-0.707113,0.000025,0.000026
arm_1_left_finger,495.186000,0.366568,-0.391032,0.201082,0.707101,-0.707113,0.000025,0.000026
arm_1_left_finger,495.197000,0.365468,-0.392152,0.201068,0.707101,-0.707113,0.000026,0.000024
arm_1_left_finger,495.208000,0.364374,-0.393260,0.201055,0.707101,-0.707112,0.000028,0.000022
arm_1_left_finger,495.219000,0.363291,-0.394354,0.201040,0.707101,-0.707112,0.000037,0.000014
arm_1_left_finger,495.231000,0.362118,-0.395534,0.201024,0.707101,-0.707112,0.000044,0.000007
arm_1_left_finger,495.242000,0.361051,-0.396601,0.201009,0.707101,-0.707112,0.000048,0.000004
arm_1_left_finger,495.253000,0.359997,-0.397656,0.200993,0.707101,-0.707112,0.000058,-0.000007
arm_1_left_finger,495.264000,0.358935,-0.398699,0.200981,0.707102,-0.707112,0.000022,0.000029
arm_1_left_finger,495.275000,0.357883,-0.399729,0.200969,0.707102,-0.707112,0.000018,0.000033
arm_1_left_finger,495.286000,0.356837,-0.400747,0.200956,0.707102,-0.707112,0.000020,0.000031
arm_1_left_finger,495.297000,0.355802,-0.401753,0.200944,0.707102,-0.707112,0.000026,0.000025
arm_1_left_finger,495.308000,0.354796,-0.402746,0.200924,0.707102,-0.707112,0.000067,-0.000016
arm_1_left_finger,495.319000,0.353773,-0.403727,0.200912,0.707102,-0.707112,0.000028,0.000023
arm_1_left_finger,495.330000,0.352758,-0.404696,0.200901,0.707102,-0.707111,0.000023,0.000029
arm_1_left_finger,495.340000,0.351844,-0.405567,0.200889,0.707102,-0.707111,0.000027,0.000024
arm_1_left_finger,495.343000,0.351574,-0.405823,0.200886,0.707102,-0.707111,0.000028,0.000023
arm_1_left_finger,495.353000,0.350675,-0.406675,0.200875,0.707102,-0.707111,0.000031,0.000020
arm_1_left_finger,495.363000,0.349798,-0.407524,0.200857,0.707102,-0.707111,0.000114,-0.000063
arm_1_left_finger,495.373000,0.348915,-0.408362,0.200843,0.707102,-0.707111,0.000067,-0.000016
arm_1_left_finger,495.383000,0.348027,-0.409192,0.200833,0.707103,-0.707111,0.000033,0.000018
arm_1_left_finger,495.393000,0.347146,-0.410011,0.200822,0.707103,-0.707111,0.000028,0.000023
arm_1_left_finger,495.403000,0.346272,-0.410820,0.200812,0.707103,-0.707111,0.000026,0.000026
arm_1_left_finger,495.414000,0.345319,-0.411699,0.200801,0.707103,-0.707111,0.000028,0.000024
arm_1_left_finger,495.424000,0.344460,-0.412488,0.200790,0.707103,-0.707111,0.000030,0.000021
arm_1_left_finger,495.434000,0.343609,-0.413268,0.200780,0.707103,-0.707111,0.000031,0.000021
arm_1_left_finger,495.444000,0.342787,-0.414037,0.200763,0.707103,-0.707111,0.000116,-0.000065
arm_1_left_finger,495.455000,0.341878,-0.414873,0.200748,0.707103,-0.707111,0.000070,-0.000018
arm_1_left_finger,495.466000,0.340990,-0.415698,0.200730,0.707103,-0.707110,0.000122,-0.000071
arm_1_left_finger,495.477000,0.340093,-0.416511,0.200717,0.707103,-0.707110,0.000053,-0.000002
arm_1_left_finger,495.487000,0.339276,-0.417241,0.200708,0.707103,-0.707110,0.000028,0.000023
arm_1_left_finger,495.497000,0.338467,-0.417962,0.200699,0.707103,-0.707110,0.000024,0.000028
arm_1_left_finger,495.507000,0.337677,-0.418673,0.200687,0.707103,-0.707110,0.000102,-0.000051
arm_1_left_finger,495.518000,0.336823,-0.419445,0.200671,0.707103,-0.707110,0.000100,-0.000049
arm_1_left_finger,495.528000,0.336035,-0.420138,0.200663,0.707104,-0.707110,0.000031,0.000021
arm_1_left_finger,495.539000,0.335179,-0.420889,0.200654,0.707104,-0.707110,0.000025,0.000027
arm_1_left_finger,495.549000,0.334424,-0.421562,0.200640,0.707104,-0.707110,0.000100,-0.000048
arm_1_left_finger,495.560000,0.333603,-0.422292,0.200626,0.707104,-0.707110,0.000098,-0.000047
arm_1_left_finger,495.571000,0.332771,-0.423012,0.200617,0.707104,-0.707110,0.000028,0.000024
arm_1_left_finger,495.581000,0.332025,-0.423657,0.200609,0.707104,-0.707110,0.000023,0.000029
arm_1_left_finger,495.591000,0.331284,-0.424293,0.200601,0.707104,-0.707110,0.000020,0.000032
arm_1_left_finger,495.602000,0.330480,-0.424983,0.200593,0.707104,-0.707110,0.000021,0.000030
arm_1_left_finger,495.612000,0.329756,-0.425601,0.200585,0.707104,-0.707109,0.000023,0.000029
arm_1_left_finger,495.622000,0.329041,-0.426210,0.200577,0.707104,-0.707109,0.000024,0.000028
arm_1_left_finger,495.632000,0.328334,-0.426811,0.200569,0.707104,-0.707109,0.000026,0.000026
arm_1_left_finger,495.642000,0.327649,-0.427403,0.200557,0.707104,-0.707109,0.000104,-0.000053
arm_1_left_finger,495.652000,0.326975,-0.427986,0.200544,0.707104,-0.707109,0.000104,-0.000052
arm_1_left_finger,495.662000,0.326295,-0.428561,0.200536,0.707104,-0.707109,0.000048,0.000003
arm_1_left_finger,495.672000,0.325618,-0.429128,0.200529,0.707104,-0.707109,0.000026,0.000026
arm_1_left_finger,495.682000,0.324950,-0.429686,0.200522,0.707104,-0.707109,0.000023,0.000029
arm_1_left_finger,495.692000,0.324302,-0.430236,0.200511,0.707104,-0.707109,0.000099,-0.000048
arm_1_left_finger,495.703000,0.323602,-0.430831,0.200498,0.707105,-0.707109,0.000089,-0.000038
arm_1_left_finger,495.714000,0.322894,-0.431417,0.200491,0.707105,-0.707109,0.000032,0.000020
arm_1_left_finger,495.725000,0.322195,-0.431992,0.200484,0.707105,-0.707109,0.000021,0.000031
arm_1_left_finger,495.736000,0.321507,-0.432558,0.200477,0.707105,-0.707109,0.000023,0.000029
arm_1_left_finger,495.747000,0.320828,-0.433113,0.200470,0.707105,-0.707109,0.000023,0.000029
arm_1_left_finger,495.758000,0.320175,-0.433658,0.200458,0.707105,-0.707109,0.000101,-0.000050
arm_1_left_finger,495.769000,0.319536,-0.434195,0.200446,0.707105,-0.707109,0.000102,-0.000050
arm_1_left_finger,495.780000,0.318888,-0.434721,0.200439,0.707105,-0.707109,0.000036,0.000016
arm_1_left_finger,495.791000,0.318248,-0.435237,0.200433,0.707105,-0.707109,0.000023,0.000029
arm_1_left_finger,495.801000,0.317676,-0.435699,0.200427,0.707105,-0.707108,0.000022,0.000030
arm_1_left_finger,495.812000,0.317057,-0.436197,0.200421,0.707105,-0.707108,0.000025,0.000027
arm_1_left_finger,495.820000,0.316613,-0.436553,0.200416,0.707105,-0.707108,0.000026,0.000026
arm_1_left_finger,495.830000,0.316065,-0.436992,0.200411,0.707105,-0.707108,0.000026,0.000027
arm_1_left_finger,495.838000,0.315653,-0.437337,0.200400,0.707105,-0.707108,0.000104,-0.000052
arm_1_left_finger,495.847000,0.315190,-0.437719,0.200390,0.707105,-0.707108,0.000104,-0.000053
arm_1_left_finger,495.857000,0.314665,-0.438136,0.200385,0.707105,-0.707108,0.000037,0.000015
arm_1_left_finger,495.866000,0.314198,-0.438505,0.200381,0.707105,-0.707108,0.000024,0.000028
arm_1_left_finger,495.875000,0.313740,-0.438868,0.200376,0.707105,-0.707108,0.000024,0.000028
arm_1_left_finger,495.884000,0.313313,-0.439224,0.200364,0.707105,-0.707108,0.000100,-0.000048
arm_1_left_finger,495.893000,0.312878,-0.439575,0.200357,0.707105,-0.707108,0.000065,-0.000013
arm_1_left_finger,495.902000,0.312439,-0.439919,0.200353,0.707105,-0.707108,0.000030,0.000022
arm_1_left_finger,495.912000,0.311974,-0.440294,0.200345,0.707105,-0.707108,0.000094,-0.000043
arm_1_left_finger,495.921000,0.311574,-0.440625,0.200333,0.707105,-0.707108,0.000151,-0.000101
arm_1_left_finger,495.930000,0.311181,-0.440950,0.200323,0.707105,-0.707108,0.000137,-0.000086
arm_1_left_finger,495.935000,0.310956,-0.441128,0.200320,0.707105,-0.707108,0.000084,-0.000033
arm_1_left_finger,495.945000,0.310502,-0.441478,0.200317,0.707106,-0.707108,0.000022,0.000030
arm_1_left_finger,495.955000,0.310058,-0.441820,0.200314,0.707106,-0.707108,0.000011,0.000040
arm_1_left_finger,495.965000,0.309623,-0.442156,0.200310,0.707106,-0.707108,0.000015,0.000037
arm_1_left_finger,495.975000,0.309215,-0.442483,0.200302,0.707106,-0.707108,0.000081,-0.000030
arm_1_left_finger,495.985000,0.308813,-0.442804,0.200294,0.707106,-0.707108,0.000085,-0.000033
arm_1_left_finger,495.995000,0.308407,-0.443117,0.200290,0.707106,-0.707108,0.000029,0.000023
arm_1_left_finger,496.006000,0.307966,-0.443453,0.200287,0.707106,-0.707108,0.000017,0.000035
arm_1_left_finger,496.016000,0.307576,-0.443750,0.200285,0.707106,-0.707108,0.000012,0.000040
arm_1_left_finger,496.027000,0.307157,-0.444070,0.200281,0.707106,-0.707108,0.000015,0.000037
arm_1_left_finger,496.037000,0.306790,-0.444349,0.200279,0.707106,-0.707108,0.000017,0.000035
arm_1_left_finger,496.048000,0.306392,-0.444652,0.200275,0.707106,-0.707108,0.000022,0.000030
arm_1_left_finger,496.058000,0.306041,-0.444919,0.200273,0.707106,-0.707108,0.000020,0.000032
arm_1_left_finger,496.069000,0.305666,-0.445205,0.200269,0.707106,-0.707108,0.000029,0.000023
arm_1_left_finger,496.080000,0.305305,-0.445481,0.200265,0.707106,-0.707107,0.000039,0.000013
arm_1_left_finger,496.091000,0.304956,-0.445750,0.200260,0.707106,-0.707107,0.000049,0.000003
arm_1_left_finger,496.102000,0.304620,-0.446009,0.200255,0.707106,-0.707107,0.000056,-0.000004
arm_1_left_finger,496.112000,0.304329,-0.446237,0.200249,0.707106,-0.707108,0.000075,-0.000024
arm_1_left_finger,496.122000,0.304031,-0.446458,0.200247,0.707106,-0.707107,0.000020,0.000031
arm_1_left_finger,496.131000,0.303771,-0.446652,0.200246,0.707106,-0.707107,0.000012,0.000040
arm_1_left_finger,496.141000,0.303492,-0.446859,0.200245,0.707106,-0.707107,0.000019,0.000032
arm_1_left_finger,496.150000,0.303254,-0.447040,0.200242,0.707106,-0.707107,0.000037,0.000015
arm_1_left_finger,496.160000,0.303000,-0.447235,0.200238,0.707106,-0.707107,0.000049,0.000002
arm_1_left_finger,496.171000,0.302729,-0.447440,0.200235,0.707106,-0.707107,0.000038,0.000014
arm_1_left_finger,496.183000,0.302438,-0.447655,0.200234,0.707106,-0.707107,0.000018,0.000034
arm_1_left_finger,496.195000,0.302158,-0.447860,0.200233,0.707106,-0.707107,0.000010,0.000042
arm_1_left_finger,496.206000,0.301914,-0.448038,0.200233,0.707106,-0.707107,0.000008,0.000045
arm_1_left_finger,496.217000,0.301679,-0.448208,0.200233,0.707106,-0.707107,0.000009,0.000044
arm_1_left_finger,496.230000,0.301419,-0.448399,0.200232,0.707106,-0.707107,0.000016,0.000036
arm_1_left_finger,496.243000,0.301176,-0.448577,0.200231,0.707106,-0.707107,0.000021,0.000031
arm_1_left_finger,496.255000,0.300966,-0.448731,0.200230,0.707106,-0.707107,0.000025,0.000027
arm_1_left_finger,496.269000,0.300739,-0.448898,0.200228,0.707106,-0.707107,0.000030,0.000023
arm_1_left_finger,496.284000,0.300517,-0.449063,0.200227,0.707106,-0.707107,0.000035,0.000017
arm_1_left_finger,496.298000,0.300348,-0.449201,0.200219,0.707097,-0.707117,0.000126,-0.000074
arm_1_left_finger,496.308000,0.300224,-0.449292,0.200219,0.707098,-0.707116,0.000051,0.000001
arm_1_left_finger,496.318000,0.300108,-0.449377,0.200218,0.707099,-0.707114,0.000034,0.000018
arm_1_left_finger,496.329000,0.299991,-0.449462,0.200218,0.707100,-0.707113,0.000031,0.000021
arm_1_left_finger,496.342000,0.299868,-0.449553,0.200217,0.707101,-0.707112,0.000032,0.000020
arm_1_left_finger,496.355000,0.299761,-0.449631,0.200217,0.707102,-0.707111,0.000033,0.000019
arm_1_left_finger,496.368000,0.299669,-0.449697,0.200216,0.707103,-0.707110,0.000035,0.000018
arm_1_left_finger,496.379000,0.299623,-0.449744,0.200210,0.707099,-0.707114,0.000085,-0.000033
arm_1_left_finger,496.389000,0.299583,-0.449780,0.200207,0.707097,-0.707117,0.000061,-0.000010
arm_1_left_finger,496.399000,0.299537,-0.449812,0.200207,0.707098,-0.707115,0.000033,0.000019
arm_1_left_finger,496.409000,0.299498,-0.449839,0.200208,0.707099,-0.707114,0.000028,0.000024
arm_1_left_finger,496.419000,0.299464,-0.449862,0.200209,0.707100,-0.707113,0.000028,0.000024
arm_1_left_finger,496.429000,0.299436,-0.449881,0.200209,0.707101,-0.707112,0.000030,0.000022
arm_1_left_finger,496.438000,0.299413,-0.449896,0.200210,0.707102,-0.707112,0.000031,0.000021
arm_1_left_finger,496.444000,0.299400,-0.449905,0.200210,0.707102,-0.707111,0.000032,0.000021
arm_1_left_finger,496.450000,0.299395,-0.449908,0.200211,0.707103,-0.707111,0.000031,0.000021
arm_1_left_finger,496.460000,0.299401,-0.449901,0.200211,0.707102,-0.707111,0.000031,0.000021
arm_1_left_finger,496.470000,0.299420,-0.449895,0.200204,0.707103,-0.707111,0.000065,-0.000014
arm_1_left_finger,496.481000,0.299425,-0.449890,0.200199,0.707102,-0.707111,0.000037,0.000015
arm_1_left_finger,496.491000,0.299428,-0.449887,0.200189,0.707102,-0.707112,0.000033,0.000019
arm_1_left_finger,496.502000,0.299432,-0.449885,0.200174,0.707102,-0.707112,0.000033,0.000019
arm_1_left_finger,496.512000,0.299435,-0.449883,0.200155,0.707102,-0.707112,0.000033,0.000019
arm_1_left_finger,496.522000,0.299437,-0.449883,0.200130,0.707101,-0.707112,0.000033,0.000019
arm_1_left_finger,496.533000,0.299440,-0.449884,0.200095,0.707101,-0.707112,0.000033,0.000019
arm_1_left_finger,496.546000,0.299444,-0.449886,0.200044,0.707101,-0.707112,0.000034,0.000017
arm_1_left_finger,496.559000,0.299448,-0.449889,0.199981,0.707101,-0.707113,0.000035,0.000016
arm_1_left_finger,496.572000,0.299453,-0.449894,0.199906,0.707101,-0.707113,0.000036,0.000016
arm_1_left_finger,496.584000,0.299458,-0.449900,0.199825,0.707101,-0.707113,0.000037,0.000015
arm_1_left_finger,496.596000,0.299464,-0.449907,0.199733,0.707101,-0.707113,0.000038,0.000014
arm_1_left_finger,496.608000,0.299470,-0.449915,0.199630,0.707101,-0.707113,0.000038,0.000014
arm_1_left_finger,496.621000,0.299478,-0.449924,0.199504,0.707101,-0.707113,0.000041,0.000011
arm_1_left_finger,496.634000,0.299487,-0.449935,0.199365,0.707101,-0.707113,0.000041,0.000011
arm_1_left_finger,496.647000,0.299519,-0.449947,0.199206,0.707101,-0.707113,0.000121,-0.000070
arm_1_left_finger,496.658000,0.299525,-0.449959,0.199067,0.707101,-0.707112,0.000045,0.000006
arm_1_left_finger,496.669000,0.299531,-0.449971,0.198917,0.707101,-0.707112,0.000031,0.000020
arm_1_left_finger,496.682000,0.299540,-0.449986,0.198727,0.707101,-0.707112,0.000030,0.000021
arm_1_left_finger,496.695000,0.299549,-0.450003,0.198523,0.707101,-0.707112,0.000031,0.000020
arm_1_left_finger,496.708000,0.299560,-0.450021,0.198305,0.707101,-0.707112,0.000032,0.000019
arm_1_left_finger,496.721000,0.299572,-0.450039,0.198072,0.707101,-0.707112,0.000033,0.000017
arm_1_left_finger,496.733000,0.299584,-0.450058,0.197844,0.707102,-0.707112,0.000034,0.000017
arm_1_left_finger,496.744000,0.299595,-0.450075,0.197624,0.707102,-0.707112,0.000035,0.000016
arm_1_left_finger,496.754000,0.299629,-0.450092,0.197408,0.707102,-0.707112,0.000104,-0.000054
arm_1_left_finger,496.765000,0.299640,-0.450111,0.197169,0.707102,-0.707112,0.000040,0.000009
arm_1_left_finger,496.776000,0.299651,-0.450131,0.196920,0.707102,-0.707112,0.000028,0.000022
arm_1_left_finger,496.786000,0.299675,-0.450149,0.196680,0.707102,-0.707112,0.000117,-0.000068
arm_1_left_finger,496.796000,0.299687,-0.450168,0.196435,0.707102,-0.707111,0.000045,0.000004
arm_1_left_finger,496.806000,0.299698,-0.450188,0.196182,0.707102,-0.707111,0.000030,0.000019
arm_1_left_finger,496.816000,0.299710,-0.450209,0.195921,0.707102,-0.707111,0.000028,0.000021
arm_1_left_finger,496.827000,0.299725,-0.450232,0.195623,0.707103,-0.707111,0.000028,0.000021
arm_1_left_finger,496.838000,0.299740,-0.450255,0.195315,0.707103,-0.707111,0.000029,0.000019
arm_1_left_finger,496.848000,0.299753,-0.450277,0.195025,0.707103,-0.707111,0.000029,0.000020
arm_1_left_finger,496.858000,0.299768,-0.450300,0.194728,0.707103,-0.707111,0.000029,0.000020
arm_1_left_finger,496.869000,0.299784,-0.450325,0.194390,0.707103,-0.707110,0.000030,0.000019
arm_1_left_finger,496.882000,0.299804,-0.450356,0.193977,0.707103,-0.707110,0.000031,0.000017
arm_1_left_finger,496.895000,0.299825,-0.450387,0.193550,0.707104,-0.707110,0.000032,0.000016
arm_1_left_finger,496.908000,0.299847,-0.450420,0.193108,0.707104,-0.707110,0.000033,0.000015
arm_1_left_finger,496.921000,0.299870,-0.450453,0.192652,0.707104,-0.707110,0.000033,0.000015
arm_1_left_finger,496.932000,0.299910,-0.450481,0.192248,0.707104,-0.707109,0.000154,-0.000107
arm_1_left_finger,496.941000,0.299926,-0.450505,0.191915,0.707104,-0.707109,0.000058,-0.000011
arm_1_left_finger,496.949000,0.299940,-0.450526,0.191613,0.707104,-0.707109,0.000034,0.000013
arm_1_left_finger,496.958000,0.299955,-0.450550,0.191268,0.707105,-0.707109,0.000027,0.000020
arm_1_left_finger,496.970000,0.299976,-0.450583,0.190795,0.707105,-0.707109,0.000026,0.000021
arm_1_left_finger,496.983000,0.299999,-0.450619,0.190270,0.707105,-0.707109,0.000027,0.000020
arm_1_left_finger,496.996000,0.300023,-0.450656,0.189730,0.707105,-0.707108,0.000028,0.000018
arm_1_left_finger,497.009000,0.300048,-0.450692,0.189175,0.707106,-0.707108,0.000029,0.000017
arm_1_left_finger,497.022000,0.300073,-0.450730,0.188606,0.707106,-0.707108,0.000030,0.000016
arm_1_left_finger,497.036000,0.300101,-0.450771,0.187976,0.707106,-0.707107,0.000031,0.000015
arm_1_left_finger,497.048000,0.300148,-0.450806,0.187416,0.707106,-0.707107,0.000090,-0.000045
arm_1_left_finger,497.059000,0.300169,-0.450838,0.186899,0.707107,-0.707107,0.000034,0.000010
arm_1_left_finger,497.070000,0.300203,-0.450871,0.186368,0.707107,-0.707107,0.000049,-0.000005
arm_1_left_finger,497.080000,0.300221,-0.450901,0.185879,0.707107,-0.707107,0.000025,0.000019
arm_1_left_finger,497.091000,0.300242,-0.450934,0.185332,0.707107,-0.707106,0.000021,0.000022
arm_1_left_finger,497.102000,0.300263,-0.450967,0.184773,0.707108,-0.707106,0.000022,0.000022
arm_1_left_finger,497.113000,0.300284,-0.451000,0.184205,0.707108,-0.707106,0.000022,0.000021
arm_1_left_finger,497.124000,0.300305,-0.451033,0.183626,0.707108,-0.707105,0.000024,0.000019
arm_1_left_finger,497.135000,0.300327,-0.451067,0.183037,0.707108,-0.707105,0.000024,0.000018
arm_1_left_finger,497.146000,0.300349,-0.451100,0.182438,0.707109,-0.707105,0.000024,0.000018
arm_1_left_finger,497.157000,0.300385,-0.451133,0.181823,0.707109,-0.707105,0.000069,-0.000028
arm_1_left_finger,497.168000,0.300407,-0.451166,0.181203,0.707109,-0.707104,0.000030,0.000011
arm_1_left_finger,497.179000,0.300428,-0.451199,0.180572,0.707109,-0.707104,0.000024,0.000017
arm_1_left_finger,497.190000,0.300464,-0.451232,0.179927,0.707110,-0.707104,0.000049,-0.000008
arm_1_left_finger,497.201000,0.300484,-0.451265,0.179275,0.707110,-0.707104,0.000024,0.000016
arm_1_left_finger,497.211000,0.300503,-0.451295,0.178674,0.707110,-0.707103,0.000021,0.000019
arm_1_left_finger,497.222000,0.300523,-0.451327,0.178003,0.707111,-0.707103,0.000021,0.000019
arm_1_left_finger,497.233000,0.300544,-0.451359,0.177322,0.707111,-0.707103,0.000021,0.000018
arm_1_left_finger,497.244000,0.300564,-0.451391,0.176630,0.707111,-0.707102,0.000022,0.000017
arm_1_left_finger,497.255000,0.300585,-0.451422,0.175927,0.707112,-0.707102,0.000023,0.000016
arm_1_left_finger,497.265000,0.300604,-0.451451,0.175280,0.707112,-0.707102,0.000023,0.000015
arm_1_left_finger,497.275000,0.300622,-0.451479,0.174624,0.707112,-0.707101,0.000023,0.000015
arm_1_left_finger,497.285000,0.300640,-0.451506,0.173960,0.707113,-0.707101,0.000022,0.000015
arm_1_left_finger,497.296000,0.300673,-0.451536,0.173215,0.707113,-0.707101,0.000116,-0.000080
arm_1_left_finger,497.307000,0.300693,-0.451565,0.172463,0.707113,-0.707100,0.000039,-0.000003
arm_1_left_finger,497.318000,0.300711,-0.451594,0.171702,0.707114,-0.707100,0.000023,0.000013
arm_1_left_finger,497.329000,0.300729,-0.451622,0.170931,0.707114,-0.707100,0.000021,0.000015
arm_1_left_finger,497.340000,0.300746,-0.451650,0.170148,0.707114,-0.707099,0.000021,0.000015
arm_1_left_finger,497.350000,0.300762,-0.451674,0.169429,0.707115,-0.707099,0.000021,0.000014
arm_1_left_finger,497.361000,0.300778,-0.451700,0.168627,0.707115,-0.707098,0.000020,0.000015
arm_1_left_finger,497.372000,0.300808,-0.451726,0.167810,0.707115,-0.707098,0.000082,-0.000048
arm_1_left_finger,497.383000,0.300823,-0.451750,0.166988,0.707116,-0.707098,0.000029,0.000005
arm_1_left_finger,497.393000,0.300836,-0.451772,0.166232,0.707116,-0.707097,0.000020,0.000014
arm_1_left_finger,497.404000,0.300850,-0.451795,0.165390,0.707117,-0.707097,0.000018,0.000015
arm_1_left_finger,497.414000,0.300861,-0.451815,0.164617,0.707117,-0.707097,0.000018,0.000015
arm_1_left_finger,497.425000,0.300874,-0.451837,0.163755,0.707117,-0.707096,0.000018,0.000014
arm_1_left_finger,497.435000,0.300884,-0.451855,0.162964,0.707118,-0.707096,0.000017,0.000015
arm_1_left_finger,497.446000,0.300895,-0.451874,0.162083,0.707118,-0.707095,0.000017,0.000014
arm_1_left_finger,497.458000,0.300906,-0.451894,0.161111,0.707119,-0.707095,0.000017,0.000014
arm_1_left_finger,497.470000,0.300916,-0.451913,0.160126,0.707119,-0.707094,0.000018,0.000013
arm_1_left_finger,497.483000,0.300926,-0.451931,0.159045,0.707120,-0.707094,0.000018,0.000012
arm_1_left_finger,497.495000,0.300934,-0.451947,0.158034,0.707120,-0.707093,0.000018,0.000011
arm_1_left_finger,497.508000,0.300941,-0.451962,0.156924,0.707121,-0.707093,0.000018,0.000010
arm_1_left_finger,497.521000,0.300947,-0.451975,0.155801,0.707121,-0.707092,0.000019,0.000009
arm_1_left_finger,497.533000,0.300975,-0.451985,0.154746,0.707121,-0.707092,0.000102,-0.000075
arm_1_left_finger,497.544000,0.300989,-0.451993,0.153774,0.707122,-0.707092,0.000041,-0.000015
arm_1_left_finger,497.554000,0.300987,-0.451999,0.152890,0.707122,-0.707091,0.000012,0.000014
arm_1_left_finger,497.565000,0.300998,-0.452004,0.151911,0.707123,-0.707091,0.000022,0.000003
arm_1_left_finger,497.575000,0.300994,-0.452007,0.151024,0.707123,-0.707090,0.000005,0.000019
arm_1_left_finger,497.584000,0.300990,-0.452009,0.150227,0.707124,-0.707090,0.000003,0.000021
arm_1_left_finger,497.592000,0.300986,-0.452009,0.149519,0.707124,-0.707090,0.000003,0.000021
arm_1_left_finger,497.602000,0.300980,-0.452009,0.148636,0.707124,-0.707089,0.000004,0.000020
arm_1_left_finger,497.612000,0.300974,-0.452007,0.147758,0.707125,-0.707089,0.000004,0.000019
arm_1_left_finger,497.623000,0.300966,-0.452004,0.146795,0.707125,-0.707088,0.000006,0.000017
arm_1_left_finger,497.634000,0.300957,-0.451999,0.145840,0.707126,-0.707088,0.000007,0.000016
arm_1_left_finger,497.645000,0.300947,-0.451993,0.144891,0.707126,-0.707087,0.000007,0.000015
arm_1_left_finger,497.656000,0.300936,-0.451985,0.143949,0.707127,-0.707087,0.000008,0.000014
arm_1_left_finger,497.667000,0.300925,-0.451976,0.143016,0.707127,-0.707086,0.000006,0.000014
arm_1_left_finger,497.678000,0.300912,-0.451966,0.142090,0.707128,-0.707086,0.000006,0.000014
arm_1_left_finger,497.689000,0.300898,-0.451954,0.141174,0.707128,-0.707086,0.000007,0.000013
arm_1_left_finger,497.702000,0.300881,-0.451938,0.140102,0.707129,-0.707085,0.000007,0.000012
arm_1_left_finger,497.713000,0.300865,-0.451924,0.139205,0.707129,-0.707085,0.000007,0.000012
arm_1_left_finger,497.723000,0.300851,-0.451909,0.138398,0.707129,-0.707084,0.000007,0.000011
arm_1_left_finger,497.735000,0.300833,-0.451891,0.137440,0.707130,-0.707084,0.000008,0.000010
arm_1_left_finger,497.748000,0.300812,-0.451870,0.136415,0.707130,-0.707083,0.000009,0.000009
arm_1_left_finger,497.759000,0.300816,-0.451851,0.135553,0.707131,-0.707083,0.000041,-0.000025
arm_1_left_finger,497.770000,0.300795,-0.451831,0.134707,0.707131,-0.707083,0.000006,0.000010
arm_1_left_finger,497.781000,0.300774,-0.451810,0.133872,0.707131,-0.707082,0.000000,0.000015
arm_1_left_finger,497.792000,0.300751,-0.451788,0.133047,0.707132,-0.707082,-0.000002,0.000017
arm_1_left_finger,497.803000,0.300728,-0.451765,0.132232,0.707132,-0.707081,-0.000002,0.000017
arm_1_left_finger,497.815000,0.300703,-0.451739,0.131354,0.707133,-0.707081,-0.000000,0.000015
arm_1_left_finger,497.828000,0.300675,-0.451710,0.130417,0.707133,-0.707080,0.000000,0.000014
arm_1_left_finger,497.840000,0.300649,-0.451683,0.129565,0.707133,-0.707080,0.000000,0.000013
arm_1_left_finger,497.853000,0.300620,-0.451652,0.128656,0.707134,-0.707080,0.000002,0.000012
arm_1_left_finger,497.866000,0.300591,-0.451620,0.127762,0.707134,-0.707079,0.000002,0.000011
arm_1_left_finger,497.879000,0.300563,-0.451588,0.126881,0.707135,-0.707079,0.000004,0.000008
arm_1_left_finger,497.893000,0.300531,-0.451552,0.125950,0.707135,-0.707078,0.000004,0.000007
arm_1_left_finger,497.907000,0.300499,-0.451515,0.125034,0.707136,-0.707078,0.000004,0.000007
arm_1_left_finger,497.919000,0.300495,-0.451483,0.124256,0.707136,-0.707078,0.000103,-0.000093
arm_1_left_finger,497.930000,0.300467,-0.451453,0.123561,0.707136,-0.707077,0.000012,-0.000002
arm_1_left_finger,497.940000,0.300455,-0.451426,0.122934,0.707136,-0.707077,0.000022,-0.000012
arm_1_left_finger,497.951000,0.300440,-0.451396,0.122254,0.707137,-0.707077,0.000020,-0.000011
arm_1_left_finger,497.962000,0.300410,-0.451365,0.121590,0.707137,-0.707076,-0.000008,0.000017
arm_1_left_finger,497.972000,0.300395,-0.451337,0.120991,0.707137,-0.707076,0.000078,-0.000071
arm_1_left_finger,497.983000,0.300366,-0.451306,0.120347,0.707138,-0.707076,0.000002,0.000005
arm_1_left_finger,497.994000,0.300336,-0.451275,0.119712,0.707138,-0.707076,-0.000012,0.000020
arm_1_left_finger,498.004000,0.300308,-0.451246,0.119145,0.707138,-0.707075,-0.000014,0.000021
arm_1_left_finger,498.015000,0.300278,-0.451215,0.118530,0.707139,-0.707075,-0.000012,0.000020
arm_1_left_finger,498.026000,0.300248,-0.451183,0.117926,0.707139,-0.707075,-0.000011,0.000018
arm_1_left_finger,498.036000,0.300222,-0.451154,0.117385,0.707139,-0.707074,-0.000010,0.000017
arm_1_left_finger,498.047000,0.300192,-0.451123,0.116801,0.707139,-0.707074,-0.000009,0.000015
arm_1_left_finger,498.057000,0.300166,-0.451094,0.116279,0.707140,-0.707074,-0.000008,0.000014
arm_1_left_finger,498.067000,0.300169,-0.451065,0.115756,0.707140,-0.707074,0.000071,-0.000066
arm_1_left_finger,498.078000,0.300139,-0.451033,0.115201,0.707140,-0.707073,-0.000001,0.000006
arm_1_left_finger,498.089000,0.300109,-0.451001,0.114657,0.707140,-0.707073,-0.000013,0.000018
arm_1_left_finger,498.100000,0.300079,-0.450970,0.114122,0.707141,-0.707073,-0.000014,0.000018
arm_1_left_finger,498.111000,0.300050,-0.450939,0.113598,0.707141,-0.707073,-0.000013,0.000017
arm_1_left_finger,498.121000,0.300024,-0.450910,0.113130,0.707141,-0.707072,-0.000012,0.000016
arm_1_left_finger,498.131000,0.299998,-0.450882,0.112672,0.707141,-0.707072,-0.000011,0.000015
arm_1_left_finger,498.141000,0.299973,-0.450854,0.112220,0.707142,-0.707072,-0.000010,0.000014
arm_1_left_finger,498.151000,0.299948,-0.450826,0.111779,0.707142,-0.707072,-0.000009,0.000013
arm_1_left_finger,498.162000,0.299921,-0.450796,0.111302,0.707142,-0.707071,-0.000009,0.000012
arm_1_left_finger,498.172000,0.299897,-0.450769,0.110878,0.707142,-0.707071,-0.000008,0.000011
arm_1_left_finger,498.183000,0.299871,-0.450739,0.110420,0.707143,-0.707071,-0.000007,0.000010
arm_1_left_finger,498.193000,0.299847,-0.450712,0.110014,0.707143,-0.707071,-0.000008,0.000011
arm_1_left_finger,498.204000,0.299821,-0.450683,0.109576,0.707143,-0.707071,-0.000008,0.000011
arm_1_left_finger,498.216000,0.299794,-0.450651,0.109111,0.707143,-0.707070,-0.000008,0.000010
arm_1_left_finger,498.229000,0.299765,-0.450618,0.108620,0.707143,-0.707070,-0.000007,0.000009
arm_1_left_finger,498.241000,0.299738,-0.450588,0.108180,0.707144,-0.707070,-0.000007,0.000009
arm_1_left_finger,498.253000,0.299713,-0.450558,0.107751,0.707144,-0.707070,-0.000006,0.000008
arm_1_left_finger,498.265000,0.299687,-0.450528,0.107336,0.707144,-0.707069,-0.000006,0.000008
arm_1_left_finger,498.278000,0.299661,-0.450497,0.106899,0.707144,-0.707069,-0.000004,0.000005
arm_1_left_finger,498.290000,0.299661,-0.450469,0.106502,0.707144,-0.707069,0.000078,-0.000078
arm_1_left_finger,498.301000,0.299637,-0.450444,0.106154,0.707145,-0.707069,0.000002,-0.000001
arm_1_left_finger,498.311000,0.299616,-0.450421,0.105848,0.707145,-0.707069,-0.000012,0.000012
arm_1_left_finger,498.321000,0.299596,-0.450399,0.105550,0.707145,-0.707069,-0.000013,0.000014
arm_1_left_finger,498.331000,0.299576,-0.450378,0.105260,0.707145,-0.707068,-0.000015,0.000015
arm_1_left_finger,498.341000,0.299556,-0.450357,0.104980,0.707145,-0.707068,-0.000014,0.000014
arm_1_left_finger,498.353000,0.299534,-0.450332,0.104653,0.707145,-0.707068,-0.000013,0.000013
arm_1_left_finger,498.366000,0.299510,-0.450306,0.104314,0.707146,-0.707068,-0.000013,0.000012
arm_1_left_finger,498.379000,0.299492,-0.450281,0.103986,0.707146,-0.707068,0.000008,-0.000009
arm_1_left_finger,498.392000,0.299480,-0.450258,0.103672,0.707146,-0.707068,0.000017,-0.000017
arm_1_left_finger,498.405000,0.299460,-0.450234,0.103375,0.707146,-0.707068,-0.000006,0.000006
arm_1_left_finger,498.418000,0.299443,-0.450212,0.103091,0.707146,-0.707067,0.000006,-0.000006
arm_1_left_finger,498.431000,0.299435,-0.450191,0.102819,0.707146,-0.707067,0.000026,-0.000027
arm_1_left_finger,498.446000,0.299431,-0.450168,0.102521,0.707146,-0.707067,0.000040,-0.000041
arm_1_left_finger,498.461000,0.299430,-0.450146,0.102242,0.707147,-0.707067,0.000046,-0.000048
arm_1_left_finger,498.476000,0.299432,-0.450126,0.101981,0.707147,-0.707067,0.000049,-0.000051
arm_1_left_finger,498.492000,0.299435,-0.450106,0.101723,0.707147,-0.707067,0.000049,-0.000051
arm_1_left_finger,498.507000,0.299438,-0.450088,0.101502,0.707147,-0.707067,0.000047,-0.000048
arm_1_left_finger,498.523000,0.299440,-0.450071,0.101287,0.707147,-0.707067,0.000036,-0.000038
arm_1_left_finger,498.539000,0.299440,-0.450056,0.101094,0.707147,-0.707066,0.000031,-0.000033
arm_1_left_finger,498.555000,0.299435,-0.450042,0.100925,0.707147,-0.707066,0.000020,-0.000022
arm_1_left_finger,498.571000,0.299436,-0.450030,0.100777,0.707147,-0.707066,0.000022,-0.000024
arm_1_left_finger,498.587000,0.299428,-0.450020,0.100653,0.707147,-0.707066,0.000006,-0.000008
arm_1_left_finger,498.603000,0.299424,-0.450012,0.100549,0.707147,-0.707066,-0.000009,0.000007
arm_1_left_finger,498.618000,0.299423,-0.450005,0.100471,0.707147,-0.707066,0.000007,-0.000009
arm_1_left_finger,498.635000,0.299414,-0.450000,0.100405,0.707147,-0.707066,-0.000013,0.000010
arm_1_left_finger,498.650000,0.299414,-0.449996,0.100357,0.707147,-0.707066,0.000006,-0.000008
arm_1_left_finger,498.666000,0.299414,-0.449993,0.100317,0.707147,-0.707066,0.000000,-0.000002
arm_1_left_finger,498.681000,0.299411,-0.449990,0.100289,0.707147,-0.707066,-0.000004,0.000002
arm_1_left_finger,498.696000,0.299410,-0.449989,0.100267,0.707147,-0.707066,-0.000006,0.000003
arm_1_left_finger,498.711000,0.299345,-0.449987,0.100268,0.707147,-0.707066,-0.000266,0.000263
arm_1_left_finger,498.727000,0.299118,-0.449986,0.100321,0.707147,-0.707066,-0.000685,0.000682
arm_1_left_finger,498.744000,0.298738,-0.449985,0.100425,0.707147,-0.707065,-0.001049,0.001047
arm_1_left_finger,498.762000,0.298215,-0.449984,0.100581,0.707146,-0.707065,-0.001350,0.001348
arm_1_left_finger,498.779000,0.297637,-0.449984,0.100763,0.707146,-0.707064,-0.001560,0.001558
arm_1_left_finger,498.797000,0.296959,-0.449983,0.100988,0.707145,-0.707064,-0.001733,0.001731
arm_1_left_finger,498.814000,0.296273,-0.449983,0.101228,0.707145,-0.707064,-0.001854,0.001852
arm_1_left_finger,498.830000,0.295597,-0.449983,0.101476,0.707145,-0.707063,-0.001945,0.001943
arm_1_left_finger,498.847000,0.294856,-0.449983,0.101760,0.707145,-0.707063,-0.002015,0.002013
arm_1_left_finger,498.864000,0.294098,-0.449983,0.102063,0.707144,-0.707063,-0.002072,0.002069
arm_1_left_finger,498.880000,0.293375,-0.449983,0.102366,0.707144,-0.707063,-0.002112,0.002110
arm_1_left_finger,498.897000,0.292599,-0.449983,0.102705,0.707144,-0.707063,-0.002143,0.002141
arm_1_left_finger,498.914000,0.291819,-0.449983,0.103060,0.707144,-0.707063,-0.002169,0.002167
arm_1_left_finger,498.930000,0.291084,-0.449983,0.103409,0.707144,-0.707063,-0.002187,0.002185
arm_1_left_finger,498.947000,0.290303,-0.449983,0.103794,0.707144,-0.707063,-0.002202,0.002200
arm_1_left_finger,498.964000,0.289524,-0.449983,0.104193,0.707144,-0.707063,-0.002213,0.002211
arm_1_left_finger,498.979000,0.288840,-0.449983,0.104558,0.707144,-0.707063,-0.002221,0.002219
arm_1_left_finger,498.990000,0.288340,-0.449983,0.104832,0.707144,-0.707063,-0.002226,0.002224
arm_1_left_finger,499.003000,0.287752,-0.449983,0.105163,0.707144,-0.707063,-0.002230,0.002228
arm_1_left_finger,499.018000,0.287078,-0.449983,0.105555,0.707144,-0.707063,-0.002234,0.002232
arm_1_left_finger,499.034000,0.286363,-0.449983,0.105984,0.707144,-0.707062,-0.002238,0.002236
arm_1_left_finger,499.050000,0.285655,-0.449983,0.106424,0.707144,-0.707062,-0.002241,0.002239
arm_1_left_finger,499.064000,0.285040,-0.449983,0.106819,0.707144,-0.707062,-0.002242,0.002240
arm_1_left_finger,499.079000,0.284386,-0.449983,0.107251,0.707144,-0.707062,-0.002244,0.002242
arm_1_left_finger,499.090000,0.283910,-0.449983,0.107574,0.707144,-0.707062,-0.002245,0.002243
arm_1_left_finger,499.107000,0.283182,-0.449983,0.108083,0.707144,-0.707062,-0.002246,0.002244
arm_1_left_finger,499.124000,0.282461,-0.449984,0.108604,0.707144,-0.707062,-0.002247,0.002245
arm_1_left_finger,499.141000,0.281779,-0.449984,0.109114,0.707144,-0.707063,-0.002085,0.002083
arm_1_left_finger,499.158000,0.281253,-0.449984,0.109518,0.707146,-0.707064,-0.001617,0.001615
arm_1_left_finger,499.175000,0.280853,-0.449984,0.109833,0.707146,-0.707065,-0.001241,0.001238
arm_1_left_finger,499.192000,0.280549,-0.449984,0.110076,0.707147,-0.707065,-0.000952,0.000950
arm_1_left_finger,499.209000,0.280319,-0.449984,0.110262,0.707147,-0.707066,-0.000724,0.000722
arm_1_left_finger,499.225000,0.280153,-0.449984,0.110398,0.707147,-0.707066,-0.000567,0.000565
arm_1_left_finger,499.241000,0.280024,-0.449984,0.110504,0.707147,-0.707066,-0.000441,0.000438
arm_1_left_finger,499.258000,0.279919,-0.449984,0.110591,0.707147,-0.707066,-0.000336,0.000334
arm_1_left_finger,499.274000,0.279843,-0.449984,0.110654,0.707147,-0.707066,-0.000264,0.000262
arm_1_left_finger,499.289000,0.279787,-0.449984,0.110701,0.707147,-0.707066,-0.000210,0.000208
arm_1_left_finger,499.305000,0.279741,-0.449984,0.110739,0.707148,-0.707066,-0.000163,0.000160
arm_1_left_finger,499.322000,0.279703,-0.449984,0.110773,0.707148,-0.707066,-0.000126,0.000123
arm_1_left_finger,499.339000,0.279675,-0.449985,0.110807,0.707148,-0.707066,-0.000098,0.000095
arm_1_left_finger,499.356000,0.279655,-0.449987,0.110846,0.707148,-0.707066,-0.000075,0.000073
arm_1_left_finger,499.373000,0.279640,-0.449991,0.110894,0.707148,-0.707066,-0.000060,0.000057
arm_1_left_finger,499.390000,0.279632,-0.449996,0.110955,0.707148,-0.707066,-0.000046,0.000044
arm_1_left_finger,499.407000,0.279627,-0.450003,0.111031,0.707148,-0.707066,-0.000037,0.000034
arm_1_left_finger,499.424000,0.279627,-0.450012,0.111125,0.707148,-0.707066,-0.000029,0.000027
arm_1_left_finger,499.440000,0.279629,-0.450022,0.111230,0.707148,-0.707066,-0.000024,0.000022
arm_1_left_finger,499.457000,0.279635,-0.450035,0.111362,0.707148,-0.707066,-0.000019,0.000017
arm_1_left_finger,499.474000,0.279644,-0.450050,0.111515,0.707148,-0.707066,-0.000016,0.000014
arm_1_left_finger,499.491000,0.279655,-0.450068,0.111689,0.707148,-0.707066,-0.000013,0.000011
arm_1_left_finger,499.507000,0.279667,-0.450086,0.111873,0.707148,-0.707066,-0.000011,0.000010
arm_1_left_finger,499.523000,0.279682,-0.450107,0.112077,0.707148,-0.707066,-0.000010,0.000008
arm_1_left_finger,499.540000,0.279699,-0.450131,0.112316,0.707148,-0.707066,-0.000008,0.000007
arm_1_left_finger,499.557000,0.279719,-0.450157,0.112578,0.707148,-0.707066,-0.000007,0.000006
arm_1_left_finger,499.574000,0.279740,-0.450185,0.112863,0.707148,-0.707066,-0.000006,0.000005
arm_1_left_finger,499.591000,0.279763,-0.450215,0.113171,0.707148,-0.707066,-0.000006,0.000005
arm_1_left_finger,499.607000,0.279787,-0.450246,0.113484,0.707147,-0.707066,-0.000005,0.000005
arm_1_left_finger,499.624000,0.279814,-0.450281,0.113835,0.707147,-0.707066,-0.000004,0.000004
arm_1_left_finger,499.641000,0.279844,-0.450317,0.114212,0.707147,-0.707066,0.000001,-0.000000
arm_1_left_finger,499.658000,0.279874,-0.450356,0.114615,0.707147,-0.707066,-0.000005,0.000005
arm_1_left_finger,499.675000,0.279905,-0.450397,0.115041,0.707147,-0.707066,-0.000004,0.000005
arm_1_left_finger,499.693000,0.279940,-0.450442,0.115518,0.707147,-0.707066,-0.000004,0.000005
arm_1_left_finger,499.710000,0.279977,-0.450487,0.115992,0.707147,-0.707066,0.000005,-0.000003
arm_1_left_finger,499.727000,0.280013,-0.450533,0.116491,0.707147,-0.707066,-0.000003,0.000005
arm_1_left_finger,499.744000,0.280050,-0.450582,0.117014,0.707147,-0.707066,-0.000003,0.000005
arm_1_left_finger,499.761000,0.280089,-0.450632,0.117561,0.707147,-0.707066,-0.000002,0.000005
arm_1_left_finger,499.778000,0.280130,-0.450683,0.118130,0.707147,-0.707066,0.000001,0.000002
arm_1_left_finger,499.795000,0.280171,-0.450737,0.118726,0.707147,-0.707066,-0.000002,0.000006
arm_1_left_finger,499.809000,0.280206,-0.450781,0.119234,0.707147,-0.707066,-0.000002,0.000005
arm_1_left_finger,499.824000,0.280244,-0.450831,0.119797,0.707147,-0.707066,-0.000001,0.000005
arm_1_left_finger,499.841000,0.280290,-0.450888,0.120455,0.707147,-0.707066,0.000001,0.000004
arm_1_left_finger,499.857000,0.280333,-0.450943,0.121099,0.707147,-0.707066,-0.000001,0.000006
arm_1_left_finger,499.873000,0.280376,-0.450999,0.121764,0.707147,-0.707066,0.000000,0.000006
arm_1_left_finger,499.890000,0.280424,-0.451058,0.122474,0.707147,-0.707066,0.000006,0.000001
arm_1_left_finger,499.907000,0.280471,-0.451120,0.123231,0.707147,-0.707066,0.000001,0.000006
arm_1_left_finger,499.924000,0.280520,-0.451182,0.124014,0.707147,-0.707066,0.000001,0.000006
arm_1_left_finger,499.941000,0.280571,-0.451246,0.124817,0.707147,-0.707066,0.000009,-0.000001
arm_1_left_finger,499.958000,0.280621,-0.451310,0.125647,0.707147,-0.707066,0.000002,0.000006
arm_1_left_finger,499.975000,0.280671,-0.451375,0.126500,0.707147,-0.707066,0.000003,0.000006
arm_1_left_finger,499.991000,0.280721,-0.451437,0.127323,0.707147,-0.707066,0.000013,-0.000003
arm_1_left_finger,500.007000,0.280768,-0.451499,0.128170,0.707147,-0.707066,0.000004,0.000006
arm_1_left_finger,500.024000,0.280820,-0.451565,0.129092,0.707147,-0.707066,0.000004,0.000007
arm_1_left_finger,500.041000,0.280873,-0.451631,0.130038,0.707147,-0.707066,0.000012,0.000000
arm_1_left_finger,500.058000,0.280924,-0.451698,0.131009,0.707147,-0.707066,0.000006,0.000007
arm_1_left_finger,500.075000,0.280976,-0.451764,0.132005,0.707147,-0.707066,0.000006,0.000007
arm_1_left_finger,500.092000,0.281029,-0.451830,0.133024,0.707147,-0.707066,0.000010,0.000004
arm_1_left_finger,500.109000,0.281080,-0.451896,0.134069,0.707147,-0.707066,0.000007,0.000007
arm_1_left_finger,500.126000,0.281131,-0.451962,0.135138,0.707147,-0.707066,0.000008,0.000007
arm_1_left_finger,500.143000,0.281183,-0.452027,0.136230,0.707147,-0.707066,0.000010,0.000007
arm_1_left_finger,500.160000,0.281233,-0.452091,0.137350,0.707147,-0.707066,0.000010,0.000008
arm_1_left_finger,500.176000,0.281281,-0.452151,0.138424,0.707147,-0.707066,0.000018,0.000000
arm_1_left_finger,500.192000,0.281327,-0.452210,0.139521,0.707147,-0.707066,0.000011,0.000008
arm_1_left_finger,500.206000,0.281366,-0.452261,0.140499,0.707147,-0.707066,0.000012,0.000008
arm_1_left_finger,500.220000,0.281407,-0.452312,0.141493,0.707147,-0.707066,0.000016,0.000004
arm_1_left_finger,500.235000,0.281448,-0.452364,0.142578,0.707147,-0.707066,0.000013,0.000008
arm_1_left_finger,500.248000,0.281482,-0.452409,0.143534,0.707147,-0.707066,0.000014,0.000008
arm_1_left_finger,500.263000,0.281523,-0.452460,0.144653,0.707147,-0.707066,0.000016,0.000006
arm_1_left_finger,500.278000,0.281561,-0.452509,0.145794,0.707147,-0.707066,0.000015,0.000008
arm_1_left_finger,500.293000,0.281600,-0.452557,0.146952,0.707147,-0.707066,0.000031,-0.000007
arm_1_left_finger,500.309000,0.281638,-0.452606,0.148211,0.707147,-0.707066,0.000017,0.000008
arm_1_left_finger,500.326000,0.281677,-0.452656,0.149573,0.707147,-0.707066,0.000017,0.000009
arm_1_left_finger,500.343000,0.281716,-0.452704,0.150959,0.707147,-0.707066,0.000020,0.000007
arm_1_left_finger,500.360000,0.281751,-0.452750,0.152371,0.707147,-0.707066,0.000019,0.000009
arm_1_left_finger,500.377000,0.281786,-0.452793,0.153806,0.707147,-0.707066,0.000024,0.000005
arm_1_left_finger,500.394000,0.281817,-0.452833,0.155268,0.707147,-0.707066,0.000021,0.000009
arm_1_left_finger,500.410000,0.281846,-0.452867,0.156666,0.707147,-0.707066,0.000033,-0.000001
arm_1_left_finger,500.427000,0.281872,-0.452901,0.158177,0.707147,-0.707066,0.000023,0.000010
arm_1_left_finger,500.444000,0.281897,-0.452932,0.159710,0.707147,-0.707066,0.000039,-0.000005
arm_1_left_finger,500.461000,0.281918,-0.452959,0.161270,0.707147,-0.707066,0.000025,0.000010
arm_1_left_finger,500.478000,0.281938,-0.452982,0.162854,0.707147,-0.707066,0.000043,-0.000008
arm_1_left_finger,500.493000,0.281951,-0.452999,0.164276,0.707147,-0.707066,0.000027,0.000009
arm_1_left_finger,500.509000,0.281962,-0.453014,0.165814,0.707147,-0.707066,0.000027,0.000010
arm_1_left_finger,500.525000,0.281972,-0.453025,0.167362,0.707147,-0.707066,0.000030,0.000009
arm_1_left_finger,500.542000,0.281977,-0.453032,0.169016,0.707147,-0.707066,0.000029,0.000011
arm_1_left_finger,500.558000,0.281981,-0.453034,0.170570,0.707147,-0.707066,0.000033,0.000008
arm_1_left_finger,500.574000,0.281979,-0.453033,0.172120,0.707147,-0.707067,0.000031,0.000011
arm_1_left_finger,500.590000,0.281977,-0.453027,0.173660,0.707147,-0.707067,0.000037,0.000006
arm_1_left_finger,500.606000,0.281969,-0.453018,0.175190,0.707147,-0.707067,0.000033,0.000011
arm_1_left_finger,500.622000,0.281960,-0.453005,0.176704,0.707147,-0.707067,0.000047,-0.000001
arm_1_left_finger,500.638000,0.281947,-0.452988,0.178206,0.707147,-0.707067,0.000036,0.000011
arm_1_left_finger,500.654000,0.281931,-0.452968,0.179690,0.707147,-0.707067,0.000036,0.000011
arm_1_left_finger,500.671000,0.281913,-0.452942,0.181246,0.707147,-0.707067,0.000039,0.000010
arm_1_left_finger,500.688000,0.281890,-0.452913,0.182783,0.707147,-0.707067,0.000038,0.000012
arm_1_left_finger,500.699000,0.281876,-0.452893,0.183764,0.707147,-0.707067,0.000051,-0.000001
arm_1_left_finger,500.708000,0.281862,-0.452875,0.184562,0.707147,-0.707067,0.000042,0.000009
arm_1_left_finger,500.718000,0.281845,-0.452854,0.185440,0.707147,-0.707067,0.000040,0.000012
arm_1_left_finger,500.733000,0.281819,-0.452820,0.186743,0.707147,-0.707067,0.000041,0.000012
arm_1_left_finger,500.745000,0.281798,-0.452792,0.187772,0.707147,-0.707067,0.000046,0.000008
arm_1_left_finger,500.759000,0.281771,-0.452757,0.188959,0.707147,-0.707067,0.000042,0.000012
arm_1_left_finger,500.773000,0.281742,-0.452720,0.190130,0.707147,-0.707067,0.000043,0.000012
arm_1_left_finger,500.777000,0.281733,-0.452709,0.190461,0.707147,-0.707067,0.000044,0.000012
arm_1_left_finger,500.791000,0.281705,-0.452670,0.191610,0.707147,-0.707067,0.000046,0.000011
arm_1_left_finger,500.807000,0.281668,-0.452623,0.192905,0.707147,-0.707067,0.000045,0.000012
arm_1_left_finger,500.823000,0.281632,-0.452575,0.194177,0.707147,-0.707067,0.000057,0.000001
arm_1_left_finger,500.839000,0.281592,-0.452524,0.195430,0.707147,-0.707067,0.000047,0.000012
arm_1_left_finger,500.855000,0.281552,-0.452472,0.196661,0.707147,-0.707067,0.000047,0.000012
arm_1_left_finger,500.872000,0.281509,-0.452415,0.197944,0.707147,-0.707067,0.000052,0.000008
arm_1_left_finger,500.889000,0.281463,-0.452357,0.199205,0.707147,-0.707067,0.000049,0.000013
arm_1_left_finger,500.906000,0.281416,-0.452296,0.200442,0.707147,-0.707067,0.000050,0.000012
arm_1_left_finger,500.922000,0.281373,-0.452239,0.201581,0.707147,-0.707067,0.000052,0.000012
arm_1_left_finger,500.938000,0.281327,-0.452180,0.202701,0.707147,-0.707067,0.000051,0.000013
arm_1_left_finger,500.954000,0.281280,-0.452120,0.203800,0.707147,-0.707067,0.000052,0.000013
arm_1_left_finger,500.971000,0.281231,-0.452056,0.204941,0.707147,-0.707067,0.000054,0.000012
arm_1_left_finger,500.987000,0.281184,-0.451995,0.205995,0.707147,-0.707067,0.000053,0.000013
arm_1_left_finger,501.003000,0.281135,-0.451933,0.207028,0.707147,-0.707067,0.000055,0.000013
arm_1_left_finger,501.019000,0.281089,-0.451871,0.208036,0.707147,-0.707067,0.000056,0.000012
arm_1_left_finger,501.035000,0.281040,-0.451808,0.209025,0.707147,-0.707067,0.000055,0.000013
arm_1_left_finger,501.050000,0.280994,-0.451750,0.209932,0.707147,-0.707067,0.000056,0.000013
arm_1_left_finger,501.065000,0.280950,-0.451691,0.210819,0.707147,-0.707067,0.000060,0.000010
arm_1_left_finger,501.080000,0.280904,-0.451632,0.211688,0.707147,-0.707067,0.000057,0.000013
arm_1_left_finger,501.096000,0.280855,-0.451569,0.212594,0.707147,-0.707067,0.000058,0.000013
arm_1_left_finger,501.112000,0.280808,-0.451507,0.213476,0.707147,-0.707067,0.000071,0.000001
arm_1_left_finger,501.128000,0.280759,-0.451445,0.214339,0.707147,-0.707067,0.000059,0.000013
arm_1_left_finger,501.144000,0.280711,-0.451383,0.215180,0.707147,-0.707067,0.000060,0.000014
arm_1_left_finger,501.155000,0.280678,-0.451341,0.215742,0.707147,-0.707067,0.000060,0.000013
arm_1_left_finger,501.170000,0.280635,-0.451284,0.216493,0.707147,-0.707067,0.000070,0.000004
arm_1_left_finger,501.186000,0.280588,-0.451223,0.217278,0.707147,-0.707067,0.000061,0.000013
arm_1_left_finger,501.202000,0.280541,-0.451163,0.218040,0.707147,-0.707067,0.000061,0.000014
arm_1_left_finger,501.217000,0.280498,-0.451108,0.218734,0.707147,-0.707067,0.000062,0.000013
arm_1_left_finger,501.233000,0.280454,-0.451050,0.219452,0.707147,-0.707067,0.000068,0.000008
arm_1_left_finger,501.249000,0.280409,-0.450993,0.220151,0.707147,-0.707067,0.000063,0.000014
arm_1_left_finger,501.265000,0.280365,-0.450937,0.220826,0.707147,-0.707067,0.000063,0.000014
arm_1_left_finger,501.282000,0.280319,-0.450878,0.221520,0.707147,-0.707067,0.000064,0.000013
arm_1_left_finger,501.299000,0.280277,-0.450821,0.222188,0.707147,-0.707067,0.000068,0.000010
arm_1_left_finger,501.316000,0.280233,-0.450765,0.222833,0.707147,-0.707067,0.000065,0.000014
arm_1_left_finger,501.332000,0.280193,-0.450714,0.223417,0.707147,-0.707067,0.000065,0.000014
arm_1_left_finger,501.349000,0.280151,-0.450661,0.224014,0.707147,-0.707067,0.000066,0.000013
arm_1_left_finger,501.366000,0.280113,-0.450610,0.224584,0.707147,-0.707067,0.000072,0.000007
arm_1_left_finger,501.383000,0.280074,-0.450560,0.225132,0.707147,-0.707067,0.000066,0.000014
arm_1_left_finger,501.400000,0.280037,-0.450513,0.225655,0.707147,-0.707067,0.000067,0.000014
arm_1_left_finger,501.417000,0.280001,-0.450467,0.226153,0.707147,-0.707067,0.000067,0.000014
arm_1_left_finger,501.434000,0.279967,-0.450423,0.226626,0.707147,-0.707067,0.000068,0.000013
arm_1_left_finger,501.451000,0.279935,-0.450381,0.227073,0.707147,-0.707067,0.000069,0.000013
arm_1_left_finger,501.468000,0.279904,-0.450340,0.227497,0.707147,-0.707067,0.000068,0.000014
arm_1_left_finger,501.485000,0.279874,-0.450302,0.227896,0.707147,-0.707067,0.000068,0.000014
arm_1_left_finger,501.502000,0.279846,-0.450267,0.228271,0.707147,-0.707067,0.000069,0.000014
arm_1_left_finger,501.519000,0.279819,-0.450233,0.228620,0.707147,-0.707067,0.000069,0.000013
arm_1_left_finger,501.536000,0.279797,-0.450201,0.228944,0.707147,-0.707067,0.000072,0.000011
arm_1_left_finger,501.553000,0.279773,-0.450172,0.229244,0.707147,-0.707067,0.000069,0.000014
arm_1_left_finger,501.570000,0.279752,-0.450145,0.229520,0.707147,-0.707067,0.000069,0.000014
arm_1_left_finger,501.587000,0.279733,-0.450120,0.229770,0.707147,-0.707067,0.000070,0.000014
arm_1_left_finger,501.604000,0.279715,-0.450098,0.229996,0.707147,-0.707067,0.000070,0.000013
arm_1_left_finger,501.621000,0.279699,-0.450078,0.230198,0.707147,-0.707067,0.000047,0.000037
arm_1_left_finger,501.638000,0.279688,-0.450060,0.230373,0.707147,-0.707067,0.000078,0.000006
arm_1_left_finger,501.655000,0.279675,-0.450045,0.230526,0.707147,-0.707067,0.000070,0.000014
arm_1_left_finger,501.672000,0.279665,-0.450032,0.230653,0.707147,-0.707067,0.000070,0.000014
arm_1_left_finger,501.689000,0.279657,-0.450022,0.230756,0.707147,-0.707067,0.000070,0.000014
arm_1_left_finger,501.705000,0.279650,-0.450015,0.230831,0.707147,-0.707067,0.000071,0.000013
arm_1_left_finger,501.721000,0.279646,-0.450009,0.230889,0.707147,-0.707067,0.000071,0.000013
arm_1_left_finger,501.737000,0.279642,-0.450004,0.230935,0.707147,-0.707067,0.000068,0.000016
arm_1_left_finger,501.754000,0.279639,-0.450001,0.230972,0.707147,-0.707067,0.000066,0.000019
arm_1_left_finger,501.770000,0.279639,-0.449998,0.230997,0.707147,-0.707067,0.000077,0.000007
arm_1_left_finger,501.785000,0.279637,-0.449996,0.231017,0.707147,-0.707067,0.000071,0.000014
arm_1_left_finger,501.801000,0.279635,-0.449994,0.231034,0.707147,-0.707067,0.000070,0.000014
arm_1_left_finger,501.816000,0.279634,-0.449993,0.231045,0.707147,-0.707067,0.000071,0.000014
arm_1_left_finger,501.832000,0.279634,-0.449993,0.231047,0.707147,-0.707067,0.000072,0.000014
arm_1_left_finger,501.849000,0.279639,-0.449991,0.231044,0.707147,-0.707066,0.000078,0.000014
arm_1_left_finger,501.866000,0.279654,-0.449985,0.231047,0.707149,-0.707064,0.000091,0.000026
arm_1_left_finger,501.883000,0.279681,-0.449974,0.231058,0.707152,-0.707061,0.000124,0.000036
arm_1_left_finger,501.900000,0.279724,-0.449956,0.231078,0.707158,-0.707056,0.000183,0.000046
arm_1_left_finger,501.917000,0.279786,-0.449930,0.231108,0.707165,-0.707048,0.000274,0.000053
arm_1_left_finger,501.933000,0.279861,-0.449898,0.231147,0.707175,-0.707039,0.000384,0.000065
arm_1_left_finger,501.950000,0.279962,-0.449855,0.231198,0.707187,-0.707026,0.000533,0.000078
arm_1_left_finger,501.967000,0.280085,-0.449802,0.231262,0.707202,-0.707011,0.000679,0.000129
arm_1_left_finger,501.983000,0.280222,-0.449743,0.231334,0.707219,-0.706994,0.000888,0.000139
arm_1_left_finger,502.000000,0.280387,-0.449672,0.231420,0.707240,-0.706973,0.001134,0.000160
arm_1_left_finger,502.017000,0.280576,-0.449591,0.231520,0.707263,-0.706949,0.001409,0.000188
arm_1_left_finger,502.034000,0.280793,-0.449497,0.231634,0.707290,-0.706922,0.001692,0.000254
arm_1_left_finger,502.051000,0.281035,-0.449393,0.231761,0.707319,-0.706891,0.002056,0.000277
arm_1_left_finger,502.063000,0.281220,-0.449313,0.231859,0.707342,-0.706868,0.002320,0.000309
arm_1_left_finger,502.073000,0.281383,-0.449242,0.231945,0.707362,-0.706847,0.002543,0.000349
arm_1_left_finger,502.084000,0.281573,-0.449159,0.232045,0.707385,-0.706823,0.002803,0.000392
arm_1_left_finger,502.100000,0.281867,-0.449031,0.232201,0.707420,-0.706785,0.003245,0.000422
arm_1_left_finger,502.114000,0.282143,-0.448911,0.232347,0.707454,-0.706750,0.003646,0.000462
arm_1_left_finger,502.127000,0.282414,-0.448793,0.232490,0.707487,-0.706715,0.004038,0.000505
arm_1_left_finger,502.142000,0.282744,-0.448648,0.232666,0.707526,-0.706672,0.004517,0.000555
arm_1_left_finger,502.156000,0.283071,-0.448505,0.232839,0.707565,-0.706630,0.004988,0.000605
arm_1_left_finger,502.173000,0.283489,-0.448321,0.233061,0.707615,-0.706576,0.005573,0.000689
arm_1_left_finger,502.189000,0.283906,-0.448137,0.233282,0.707665,-0.706521,0.006182,0.000746
arm_1_left_finger,502.206000,0.284374,-0.447930,0.233531,0.707720,-0.706460,0.006823,0.000850
arm_1_left_finger,502.223000,0.284866,-0.447711,0.233793,0.707778,-0.706394,0.007556,0.000902
arm_1_left_finger,502.240000,0.285383,-0.447481,0.234069,0.707838,-0.706325,0.008311,0.000971
arm_1_left_finger,502.257000,0.285925,-0.447238,0.234357,0.707901,-0.706253,0.009069,0.001074
arm_1_left_finger,502.274000,0.286492,-0.446983,0.234661,0.707966,-0.706176,0.009906,0.001140
arm_1_left_finger,502.291000,0.287084,-0.446717,0.234977,0.708034,-0.706096,0.010767,0.001218
arm_1_left_finger,502.308000,0.287700,-0.446437,0.235307,0.708104,-0.706011,0.011641,0.001322
arm_1_left_finger,502.325000,0.288342,-0.446145,0.235651,0.708176,-0.705923,0.012582,0.001398
arm_1_left_finger,502.342000,0.289007,-0.445841,0.236009,0.708250,-0.705831,0.013517,0.001516
arm_1_left_finger,502.358000,0.289657,-0.445542,0.236358,0.708322,-0.705739,0.014476,0.001584
arm_1_left_finger,502.374000,0.290328,-0.445233,0.236720,0.708396,-0.705644,0.015458,0.001661
arm_1_left_finger,502.390000,0.291020,-0.444912,0.237094,0.708471,-0.705547,0.016428,0.001783
arm_1_left_finger,502.407000,0.291781,-0.444557,0.237504,0.708553,-0.705437,0.017558,0.001851
arm_1_left_finger,502.424000,0.292565,-0.444190,0.237929,0.708637,-0.705323,0.018709,0.001932
arm_1_left_finger,502.440000,0.293325,-0.443831,0.238341,0.708717,-0.705213,0.019786,0.002050
arm_1_left_finger,502.452000,0.293910,-0.443555,0.238659,0.708778,-0.705127,0.020637,0.002115
arm_1_left_finger,502.461000,0.294356,-0.443343,0.238902,0.708824,-0.705060,0.021317,0.002133
arm_1_left_finger,502.477000,0.295167,-0.442956,0.239343,0.708908,-0.704940,0.022471,0.002248
arm_1_left_finger,502.493000,0.295998,-0.442557,0.239797,0.708992,-0.704814,0.023702,0.002315
arm_1_left_finger,502.510000,0.296905,-0.442119,0.240292,0.709084,-0.704676,0.025039,0.002392
arm_1_left_finger,502.527000,0.297836,-0.441667,0.240802,0.709176,-0.704533,0.026379,0.002502
arm_1_left_finger,502.545000,0.298847,-0.441172,0.241358,0.709275,-0.704376,0.027881,0.002572
arm_1_left_finger,502.562000,0.299827,-0.440689,0.241897,0.709369,-0.704223,0.029293,0.002681
arm_1_left_finger,502.579000,0.300830,-0.440192,0.242450,0.709465,-0.704063,0.030787,0.002739
arm_1_left_finger,502.596000,0.301858,-0.439679,0.243019,0.709561,-0.703898,0.032310,0.002804
arm_1_left_finger,502.611000,0.302784,-0.439213,0.243532,0.709646,-0.703749,0.033644,0.002898
arm_1_left_finger,502.622000,0.303474,-0.438864,0.243915,0.709708,-0.703637,0.034649,0.002956
arm_1_left_finger,502.628000,0.303855,-0.438671,0.244127,0.709743,-0.703573,0.035244,0.002946
arm_1_left_finger,502.641000,0.304690,-0.438246,0.244592,0.709817,-0.703434,0.036484,0.002990
arm_1_left_finger,502.657000,0.305736,-0.437709,0.245176,0.709909,-0.703259,0.038039,0.003039
arm_1_left_finger,502.672000,0.306736,-0.437193,0.245735,0.709995,-0.703091,0.039494,0.003114
arm_1_left_finger,502.687000,0.307754,-0.436664,0.246306,0.710081,-0.702917,0.041017,0.003145
arm_1_left_finger,502.702000,0.308789,-0.436122,0.246888,0.710167,-0.702738,0.042563,0.003176
arm_1_left_finger,502.718000,0.309913,-0.435530,0.247522,0.710259,-0.702544,0.044199,0.003249
arm_1_left_finger,502.735000,0.311129,-0.434883,0.248209,0.710356,-0.702328,0.046040,0.003253
arm_1_left_finger,502.752000,0.312368,-0.434220,0.248912,0.710453,-0.702105,0.047901,0.003265
arm_1_left_finger,502.768000,0.313554,-0.433579,0.249587,0.710543,-0.701893,0.049649,0.003308
arm_1_left_finger,502.785000,0.314837,-0.432881,0.250318,0.710638,-0.701656,0.051590,0.003297
arm_1_left_finger,502.801000,0.316063,-0.432207,0.251021,0.710726,-0.701428,0.053437,0.003291
arm_1_left_finger,502.817000,0.317309,-0.431517,0.251736,0.710814,-0.701196,0.055288,0.003305
arm_1_left_finger,502.833000,0.318576,-0.430810,0.252465,0.710900,-0.700954,0.057209,0.003274
arm_1_left_finger,502.850000,0.319942,-0.430041,0.253255,0.710991,-0.700694,0.059236,0.003282
arm_1_left_finger,502.867000,0.321329,-0.429253,0.254060,0.711080,-0.700421,0.061363,0.003213
arm_1_left_finger,502.882000,0.322571,-0.428541,0.254783,0.711157,-0.700175,0.063251,0.003162
arm_1_left_finger,502.899000,0.323999,-0.427715,0.255617,0.711242,-0.699891,0.065397,0.003123
arm_1_left_finger,502.916000,0.325429,-0.426881,0.256455,0.711325,-0.699599,0.067589,0.003033
arm_1_left_finger,502.932000,0.326816,-0.426064,0.257271,0.711402,-0.699317,0.069671,0.002983
arm_1_left_finger,502.947000,0.328131,-0.425282,0.258048,0.711472,-0.699042,0.071698,0.002879
arm_1_left_finger,502.963000,0.329551,-0.424431,0.258890,0.711544,-0.698741,0.073881,0.002763
arm_1_left_finger,502.979000,0.330989,-0.423561,0.259746,0.711614,-0.698437,0.076056,0.002676
arm_1_left_finger,502.992000,0.332170,-0.422840,0.260451,0.711668,-0.698181,0.077878,0.002561
arm_1_left_finger,503.005000,0.333353,-0.422112,0.261160,0.711721,-0.697923,0.079692,0.002455
arm_1_left_finger,503.018000,0.334559,-0.421365,0.261885,0.711772,-0.697656,0.081551,0.002330
arm_1_left_finger,503.034000,0.336057,-0.420428,0.262789,0.711832,-0.697319,0.083878,0.002150
arm_1_left_finger,503.050000,0.337573,-0.419471,0.263708,0.711889,-0.696979,0.086197,0.001996
arm_1_left_finger,503.066000,0.339105,-0.418494,0.264640,0.711943,-0.696624,0.088592,0.001779
arm_1_left_finger,503.082000,0.340652,-0.417498,0.265586,0.711993,-0.696268,0.090960,0.001606
arm_1_left_finger,503.099000,0.342315,-0.416416,0.266608,0.712042,-0.695871,0.093581,0.001330
arm_1_left_finger,503.116000,0.343996,-0.415310,0.267646,0.712087,-0.695472,0.096179,0.001095
arm_1_left_finger,503.132000,0.345594,-0.414247,0.268637,0.712125,-0.695079,0.098702,0.000806
arm_1_left_finger,503.149000,0.347311,-0.413094,0.269707,0.712160,-0.694660,0.101362,0.000537
arm_1_left_finger,503.165000,0.348942,-0.411986,0.270729,0.712189,-0.694247,0.103957,0.000203
arm_1_left_finger,503.180000,0.350485,-0.410928,0.271700,0.712212,-0.693854,0.106399,-0.000111
arm_1_left_finger,503.196000,0.352145,-0.409777,0.272750,0.712232,-0.693430,0.108994,-0.000426
arm_1_left_finger,503.213000,0.353925,-0.408529,0.273883,0.712247,-0.692961,0.111839,-0.000837
arm_1_left_finger,503.229000,0.355616,-0.407330,0.274964,0.712257,-0.692517,0.114498,-0.001196
arm_1_left_finger,503.245000,0.357321,-0.406108,0.276061,0.712260,-0.692054,0.117233,-0.001625
arm_1_left_finger,503.262000,0.359149,-0.404783,0.277242,0.712258,-0.691560,0.120123,-0.002054
arm_1_left_finger,503.279000,0.360991,-0.403432,0.278441,0.712249,-0.691043,0.123102,-0.002569
arm_1_left_finger,503.295000,0.362739,-0.402135,0.279585,0.712235,-0.690556,0.125873,-0.003013
arm_1_left_finger,503.311000,0.364500,-0.400812,0.280744,0.712214,-0.690047,0.128737,-0.003547
arm_1_left_finger,503.327000,0.366274,-0.399466,0.281919,0.712187,-0.689529,0.131615,-0.004091
arm_1_left_finger,503.342000,0.367949,-0.398180,0.283034,0.712155,-0.689040,0.134302,-0.004586
arm_1_left_finger,503.358000,0.369748,-0.396782,0.284240,0.712115,-0.688499,0.137242,-0.005186
arm_1_left_finger,503.375000,0.371673,-0.395269,0.285538,0.712064,-0.687919,0.140352,-0.005807
arm_1_left_finger,503.390000,0.373382,-0.393909,0.286698,0.712012,-0.687387,0.143164,-0.006425
arm_1_left_finger,503.406000,0.375214,-0.392435,0.287949,0.711950,-0.686822,0.146124,-0.007045
arm_1_left_finger,503.423000,0.377168,-0.390842,0.289293,0.711875,-0.686192,0.149376,-0.007823
arm_1_left_finger,503.439000,0.379009,-0.389323,0.290568,0.711798,-0.685605,0.152375,-0.008503
arm_1_left_finger,503.455000,0.380851,-0.387784,0.291852,0.711712,-0.684992,0.155455,-0.009282
arm_1_left_finger,503.470000,0.382576,-0.386326,0.293063,0.711624,-0.684414,0.158329,-0.010017
arm_1_left_finger,503.485000,0.384298,-0.384853,0.294280,0.711530,-0.683839,0.161164,-0.010728
arm_1_left_finger,503.501000,0.386130,-0.383268,0.295583,0.711422,-0.683204,0.164248,-0.011570
arm_1_left_finger,503.518000,0.388069,-0.381568,0.296974,0.711300,-0.682533,0.167472,-0.012439
arm_1_left_finger,503.533000,0.389774,-0.380055,0.298205,0.711184,-0.681923,0.170359,-0.013272
arm_1_left_finger,503.549000,0.391586,-0.378428,0.299522,0.711054,-0.681281,0.173375,-0.014121
arm_1_left_finger,503.565000,0.393389,-0.376789,0.300843,0.710915,-0.680614,0.176459,-0.015068
arm_1_left_finger,503.573000,0.394287,-0.375964,0.301505,0.710843,-0.680286,0.177966,-0.015515
arm_1_left_finger,503.579000,0.394949,-0.375353,0.301994,0.710788,-0.680032,0.179119,-0.015891
arm_1_left_finger,503.592000,0.396402,-0.374003,0.303073,0.710665,-0.679485,0.181596,-0.016671
arm_1_left_finger,503.607000,0.398072,-0.372434,0.304321,0.710517,-0.678857,0.184422,-0.017557
arm_1_left_finger,503.623000,0.399844,-0.370749,0.305655,0.710350,-0.678166,0.187479,-0.018577
arm_1_left_finger,503.637000,0.401387,-0.369265,0.306825,0.710200,-0.677575,0.190084,-0.019420
arm_1_left_finger,503.653000,0.403140,-0.367559,0.308165,0.710019,-0.676868,0.193141,-0.020496
arm_1_left_finger,503.669000,0.404882,-0.365841,0.309507,0.709830,-0.676160,0.196173,-0.021575
arm_1_left_finger,503.686000,0.406723,-0.364004,0.310936,0.709623,-0.675409,0.199354,-0.022712
arm_1_left_finger,503.703000,0.408551,-0.362154,0.312368,0.709407,-0.674658,0.202506,-0.023853
arm_1_left_finger,503.720000,0.410368,-0.360292,0.313803,0.709181,-0.673876,0.205726,-0.025100
arm_1_left_finger,503.736000,0.412066,-0.358528,0.315156,0.708963,-0.673158,0.208670,-0.026214
arm_1_left_finger,503.753000,0.413859,-0.356642,0.316597,0.708720,-0.672361,0.211873,-0.027510
arm_1_left_finger,503.770000,0.415640,-0.354744,0.318041,0.708470,-0.671580,0.214995,-0.028756
arm_1_left_finger,503.786000,0.417305,-0.352947,0.319402,0.708226,-0.670819,0.217985,-0.030015
arm_1_left_finger,503.803000,0.419061,-0.351025,0.320852,0.707960,-0.670024,0.221090,-0.031310
arm_1_left_finger,503.819000,0.420703,-0.349206,0.322218,0.707699,-0.669249,0.224062,-0.032615
arm_1_left_finger,503.836000,0.422434,-0.347261,0.323674,0.707417,-0.668440,0.227147,-0.033958
arm_1_left_finger,503.852000,0.424053,-0.345420,0.325046,0.707141,-0.667651,0.230102,-0.035308
arm_1_left_finger,503.867000,0.425559,-0.343684,0.326334,0.706875,-0.666912,0.232847,-0.036576
arm_1_left_finger,503.883000,0.427155,-0.341823,0.327711,0.706587,-0.666129,0.235731,-0.037914
arm_1_left_finger,503.900000,0.428838,-0.339834,0.329177,0.706273,-0.665295,0.238775,-0.039347
arm_1_left_finger,503.917000,0.430508,-0.337834,0.330646,0.705946,-0.664425,0.241885,-0.040887
arm_1_left_finger,503.933000,0.432067,-0.335940,0.332030,0.705634,-0.663627,0.244728,-0.042280
arm_1_left_finger,503.950000,0.433711,-0.333918,0.333504,0.705290,-0.662746,0.247811,-0.043860
arm_1_left_finger,503.967000,0.435346,-0.331885,0.334980,0.704942,-0.661882,0.250815,-0.045394
arm_1_left_finger,503.984000,0.436961,-0.329840,0.336460,0.704580,-0.660982,0.253884,-0.047033
arm_1_left_finger,504.001000,0.438563,-0.327784,0.337942,0.704213,-0.660092,0.256899,-0.048651
arm_1_left_finger,504.017000,0.440058,-0.325838,0.339340,0.703859,-0.659248,0.259723,-0.050192
arm_1_left_finger,504.034000,0.441633,-0.323761,0.340828,0.703476,-0.658352,0.262693,-0.051834
arm_1_left_finger,504.051000,0.443194,-0.321673,0.342318,0.703084,-0.657443,0.265665,-0.053515
arm_1_left_finger,504.067000,0.444651,-0.319698,0.343723,0.702706,-0.656579,0.268458,-0.055125
arm_1_left_finger,504.083000,0.446094,-0.317713,0.345131,0.702320,-0.655708,0.271242,-0.056759
arm_1_left_finger,504.099000,0.447526,-0.315719,0.346540,0.701932,-0.654854,0.273957,-0.058353
arm_1_left_finger,504.116000,0.449032,-0.313591,0.348041,0.701503,-0.653902,0.276923,-0.060168
arm_1_left_finger,504.133000,0.450524,-0.311452,0.349544,0.701067,-0.652951,0.279854,-0.061985
arm_1_left_finger,504.149000,0.451915,-0.309429,0.350961,0.700653,-0.652066,0.282563,-0.063674
arm_1_left_finger,504.166000,0.453379,-0.307270,0.352469,0.700199,-0.651099,0.285475,-0.065543
arm_1_left_finger,504.182000,0.454743,-0.305229,0.353890,0.699769,-0.650201,0.288159,-0.067275
arm_1_left_finger,504.198000,0.456094,-0.303179,0.355314,0.699327,-0.649279,0.290875,-0.069074
arm_1_left_finger,504.214000,0.457431,-0.301120,0.356740,0.698882,-0.648371,0.293531,-0.070843
arm_1_left_finger,504.231000,0.458838,-0.298923,0.358258,0.698395,-0.647375,0.296394,-0.072804
arm_1_left_finger,504.247000,0.460147,-0.296847,0.359688,0.697934,-0.646456,0.299024,-0.074614
arm_1_left_finger,504.262000,0.461363,-0.294892,0.361031,0.697490,-0.645565,0.301527,-0.076382
arm_1_left_finger,504.279000,0.462726,-0.292668,0.362556,0.696984,-0.644571,0.304306,-0.078359
arm_1_left_finger,504.295000,0.463994,-0.290566,0.363993,0.696494,-0.643610,0.306946,-0.080282
arm_1_left_finger,504.312000,0.465327,-0.288324,0.365522,0.695971,-0.642601,0.309699,-0.082305
arm_1_left_finger,504.329000,0.466645,-0.286072,0.367054,0.695441,-0.641593,0.312423,-0.084336
arm_1_left_finger,504.344000,0.467794,-0.284078,0.368408,0.694958,-0.640668,0.314873,-0.086210
arm_1_left_finger,504.358000,0.468855,-0.282210,0.369672,0.694504,-0.639810,0.317131,-0.087955
arm_1_left_finger,504.370000,0.469756,-0.280605,0.370758,0.694118,-0.639099,0.318999,-0.089398
arm_1_left_finger,504.384000,0.470798,-0.278726,0.372026,0.693651,-0.638223,0.321254,-0.091189
arm_1_left_finger,504.399000,0.471901,-0.276706,0.373386,0.693154,-0.637317,0.323585,-0.093045
arm_1_left_finger,504.411000,0.472775,-0.275086,0.374475,0.692744,-0.636561,0.325495,-0.094600
arm_1_left_finger,504.426000,0.473856,-0.273054,0.375838,0.692224,-0.635609,0.327875,-0.096563
arm_1_left_finger,504.440000,0.474853,-0.271152,0.377112,0.691743,-0.634751,0.330019,-0.098338
arm_1_left_finger,504.446000,0.475277,-0.270335,0.377658,0.691527,-0.634352,0.330990,-0.099164
arm_1_left_finger,504.455000,0.475909,-0.269107,0.378479,0.691210,-0.633786,0.332380,-0.100339
arm_1_left_finger,504.470000,0.476953,-0.267057,0.379847,0.690681,-0.632853,0.334658,-0.102281
arm_1_left_finger,504.484000,0.477915,-0.265137,0.381126,0.690171,-0.631944,0.336836,-0.104177
arm_1_left_finger,504.500000,0.479001,-0.262936,0.382589,0.689591,-0.630934,0.339247,-0.106290
arm_1_left_finger,504.513000,0.479872,-0.261142,0.383779,0.689107,-0.630083,0.341244,-0.108075
arm_1_left_finger,504.529000,0.480931,-0.258929,0.385245,0.688515,-0.629066,0.343622,-0.110216
arm_1_left_finger,504.546000,0.482040,-0.256569,0.386806,0.687862,-0.627931,0.346221,-0.112608
arm_1_left_finger,504.561000,0.483005,-0.254481,0.388184,0.687292,-0.626965,0.348425,-0.114654
arm_1_left_finger,504.577000,0.484019,-0.252247,0.389656,0.686664,-0.625892,0.350827,-0.116926
arm_1_left_finger,504.594000,0.485080,-0.249866,0.391222,0.685998,-0.624773,0.353314,-0.119306
arm_1_left_finger,504.611000,0.486123,-0.247477,0.392790,0.685325,-0.623653,0.355775,-0.121698
arm_1_left_finger,504.627000,0.487090,-0.245223,0.394268,0.684674,-0.622562,0.358129,-0.124027
arm_1_left_finger,504.643000,0.488041,-0.242962,0.395747,0.684025,-0.621495,0.360414,-0.126315
arm_1_left_finger,504.659000,0.488977,-0.240695,0.397228,0.683372,-0.620433,0.362666,-0.128602
arm_1_left_finger,504.675000,0.489898,-0.238422,0.398711,0.682694,-0.619317,0.364986,-0.130998
arm_1_left_finger,504.692000,0.490859,-0.236001,0.400289,0.681980,-0.618165,0.367364,-0.133489
arm_1_left_finger,504.708000,0.491747,-0.233715,0.401775,0.681290,-0.617048,0.369632,-0.135901
arm_1_left_finger,504.725000,0.492673,-0.231281,0.403356,0.680557,-0.615879,0.371981,-0.138436
arm_1_left_finger,504.741000,0.493529,-0.228984,0.404845,0.679864,-0.614783,0.374160,-0.140823
arm_1_left_finger,504.758000,0.494421,-0.226538,0.406430,0.679104,-0.613573,0.376521,-0.143449
arm_1_left_finger,504.775000,0.495295,-0.224085,0.408016,0.678346,-0.612386,0.378815,-0.146041
arm_1_left_finger,504.792000,0.496152,-0.221626,0.409604,0.677582,-0.611198,0.381083,-0.148644
arm_1_left_finger,504.809000,0.496990,-0.219161,0.411194,0.676812,-0.610010,0.383321,-0.151253
arm_1_left_finger,504.826000,0.497810,-0.216691,0.412785,0.676014,-0.608766,0.385620,-0.153971
arm_1_left_finger,504.841000,0.498518,-0.214507,0.414191,0.675321,-0.607710,0.387557,-0.156300
arm_1_left_finger,504.851000,0.498982,-0.213048,0.415129,0.674850,-0.606991,0.388859,-0.157883
arm_1_left_finger,504.867000,0.499712,-0.210710,0.416630,0.674082,-0.605814,0.390964,-0.160467
arm_1_left_finger,504.883000,0.500426,-0.208368,0.418133,0.673320,-0.604666,0.392998,-0.163008
arm_1_left_finger,504.899000,0.501123,-0.206021,0.419637,0.672556,-0.603524,0.394996,-0.165545
arm_1_left_finger,504.915000,0.501804,-0.203669,0.421143,0.671761,-0.602322,0.397061,-0.168192
arm_1_left_finger,504.932000,0.502509,-0.201166,0.422744,0.670927,-0.601083,0.399167,-0.170945
arm_1_left_finger,504.949000,0.503196,-0.198658,0.424347,0.670088,-0.599846,0.401241,-0.173703
arm_1_left_finger,504.965000,0.503825,-0.196294,0.425857,0.669268,-0.598627,0.403249,-0.176398
arm_1_left_finger,504.981000,0.504437,-0.193925,0.427368,0.668463,-0.597451,0.405165,-0.179026
arm_1_left_finger,504.997000,0.505033,-0.191552,0.428880,0.667632,-0.596230,0.407124,-0.181737
arm_1_left_finger,505.011000,0.505542,-0.189473,0.430205,0.666918,-0.595201,0.408757,-0.184048
arm_1_left_finger,505.027000,0.506106,-0.187094,0.431719,0.666076,-0.593975,0.410671,-0.186776
arm_1_left_finger,505.043000,0.506654,-0.184711,0.433235,0.665229,-0.592751,0.412557,-0.189509
arm_1_left_finger,505.060000,0.507217,-0.182175,0.434847,0.664332,-0.591471,0.414503,-0.192386
arm_1_left_finger,505.077000,0.507761,-0.179636,0.436460,0.663412,-0.590153,0.416473,-0.195330
arm_1_left_finger,505.092000,0.508226,-0.177392,0.437884,0.662611,-0.589022,0.418142,-0.197884
arm_1_left_finger,505.108000,0.508705,-0.174996,0.439404,0.661728,-0.587767,0.419964,-0.200689
arm_1_left_finger,505.125000,0.509195,-0.172447,0.441021,0.660798,-0.586461,0.421833,-0.203635
arm_1_left_finger,505.141000,0.509638,-0.170045,0.442543,0.659920,-0.585238,0.423557,-0.206403
arm_1_left_finger,505.157000,0.510065,-0.167640,0.444066,0.659010,-0.583958,0.425332,-0.209266
arm_1_left_finger,505.173000,0.510474,-0.165233,0.445590,0.658114,-0.582718,0.427026,-0.212072
arm_1_left_finger,505.187000,0.510818,-0.163125,0.446925,0.657309,-0.581599,0.428533,-0.214585
arm_1_left_finger,505.202000,0.511172,-0.160864,0.448355,0.656460,-0.580436,0.430078,-0.217228
arm_1_left_finger,505.216000,0.511489,-0.158752,0.449691,0.655641,-0.579305,0.431558,-0.219767
arm_1_left_finger,505.232000,0.511834,-0.156336,0.451219,0.654720,-0.578050,0.433175,-0.222618
arm_1_left_finger,505.248000,0.512163,-0.153919,0.452747,0.653768,-0.576746,0.434832,-0.225549
arm_1_left_finger,505.265000,0.512492,-0.151348,0.454372,0.652767,-0.575391,0.436522,-0.228623
arm_1_left_finger,505.281000,0.512785,-0.148927,0.455902,0.651825,-0.574124,0.438074,-0.231509
arm_1_left_finger,505.297000,0.513059,-0.146504,0.457432,0.650848,-0.572799,0.439675,-0.234486
arm_1_left_finger,505.311000,0.513286,-0.144382,0.458772,0.650016,-0.571693,0.440986,-0.237018
arm_1_left_finger,505.327000,0.513527,-0.141957,0.460304,0.649024,-0.570359,0.442549,-0.240019
arm_1_left_finger,505.342000,0.513738,-0.139682,0.461741,0.648115,-0.569155,0.443929,-0.242767
arm_1_left_finger,505.359000,0.513958,-0.137104,0.463368,0.647048,-0.567732,0.445541,-0.245972
arm_1_left_finger,505.375000,0.514147,-0.134681,0.464899,0.646059,-0.566429,0.446984,-0.248940
arm_1_left_finger,505.391000,0.514317,-0.132264,0.466425,0.645073,-0.565136,0.448388,-0.251894
arm_1_left_finger,505.406000,0.514461,-0.130009,0.467849,0.644117,-0.563876,0.449743,-0.254732
arm_1_left_finger,505.417000,0.514556,-0.128362,0.468889,-0.643425,0.562971,-0.450698,0.256785
arm_1_left_finger,505.433000,0.514679,-0.125981,0.470393,-0.642432,0.561680,-0.452036,0.259732
arm_1_left_finger,505.443000,0.514746,-0.124502,0.471327,-0.641805,0.560865,-0.452870,0.261583
arm_1_left_finger,505.452000,0.514801,-0.123178,0.472163,-0.641244,0.560138,-0.453605,0.263238
arm_1_left_finger,505.463000,0.514861,-0.121567,0.473181,-0.640553,0.559242,-0.454502,0.265269
arm_1_left_finger,505.470000,0.514895,-0.120547,0.473826,-0.640129,0.558700,-0.455034,0.266520
arm_1_left_finger,505.477000,0.514926,-0.119531,0.474468,-0.639668,0.558096,-0.455637,0.267858
arm_1_left_finger,505.486000,0.514960,-0.118232,0.475289,-0.639109,0.557377,-0.456336,0.269495
arm_1_left_finger,505.497000,0.514996,-0.116652,0.476287,-0.638422,0.556494,-0.457187,0.271499
arm_1_left_finger,505.512000,0.515031,-0.114515,0.477638,-0.637505,0.555324,-0.458289,0.274178
arm_1_left_finger,505.527000,0.515053,-0.112400,0.478976,-0.636562,0.554113,-0.459423,0.276907
arm_1_left_finger,505.541000,0.515061,-0.110444,0.480213,-0.635719,0.553047,-0.460389,0.279359
arm_1_left_finger,505.555000,0.515057,-0.108507,0.481439,-0.634845,0.551931,-0.461402,0.281874
arm_1_left_finger,505.571000,0.515039,-0.106315,0.482826,-0.633887,0.550724,-0.462459,0.284644
arm_1_left_finger,505.587000,0.515007,-0.104148,0.484198,-0.632891,0.549458,-0.463569,0.287487
arm_1_left_finger,505.603000,0.514962,-0.102005,0.485555,-0.631940,0.548267,-0.464573,0.290218
arm_1_left_finger,505.618000,0.514907,-0.100020,0.486813,-0.631022,0.547109,-0.465550,0.292826
arm_1_left_finger,505.633000,0.514841,-0.098056,0.488058,-0.630116,0.545972,-0.466487,0.295395
arm_1_left_finger,505.646000,0.514775,-0.096373,0.489125,-0.629368,0.545047,-0.467218,0.297533
arm_1_left_finger,505.661000,0.514688,-0.094451,0.490344,-0.628462,0.543912,-0.468130,0.300084
arm_1_left_finger,505.676000,0.514592,-0.092552,0.491549,-0.627570,0.542801,-0.469000,0.302592
arm_1_left_finger,505.692000,0.514479,-0.090550,0.492820,-0.626645,0.541657,-0.469868,0.305201
arm_1_left_finger,505.708000,0.514354,-0.088574,0.494076,-0.625705,0.540491,-0.470748,0.307829
arm_1_left_finger,505.718000,0.514272,-0.087353,0.494852,-0.625129,0.539781,-0.471272,0.309441
arm_1_left_finger,505.733000,0.514140,-0.085539,0.496005,-0.624288,0.538752,-0.472007,0.311802
arm_1_left_finger,505.747000,0.514010,-0.083867,0.497069,-0.623480,0.537756,-0.472725,0.314044
arm_1_left_finger,505.752000,0.513961,-0.083275,0.497446,-0.623186,0.537393,-0.472987,0.314851
arm_1_left_finger,505.763000,0.513852,-0.081980,0.498270,-0.622565,0.536632,-0.473518,0.316575
arm_1_left_finger,505.776000,0.513718,-0.080466,0.499234,-0.621862,0.535779,-0.474087,0.318544
arm_1_left_finger,505.790000,0.513566,-0.078854,0.500261,-0.621067,0.534806,-0.474755,0.320728
arm_1_left_finger,505.804000,0.513409,-0.077262,0.501276,-0.620286,0.533853,-0.475393,0.322875
arm_1_left_finger,505.820000,0.513222,-0.075466,0.502421,-0.619430,0.532818,-0.476052,0.325246
arm_1_left_finger,505.836000,0.513028,-0.073698,0.503550,-0.618544,0.531740,-0.476754,0.327662
arm_1_left_finger,505.847000,0.512891,-0.072497,0.504317,-0.617950,0.531021,-0.477205,0.329285
arm_1_left_finger,505.862000,0.512698,-0.070878,0.505351,-0.617140,0.530041,-0.477817,0.331489
arm_1_left_finger,505.876000,0.512513,-0.069388,0.506303,-0.616396,0.529143,-0.478364,0.333515
arm_1_left_finger,505.891000,0.512311,-0.067814,0.507310,-0.615627,0.528222,-0.478898,0.335620
arm_1_left_finger,505.907000,0.512089,-0.066160,0.508369,-0.614783,0.527206,-0.479501,0.337897
arm_1_left_finger,505.920000,0.511905,-0.064834,0.509218,-0.614111,0.526401,-0.479965,0.339711
arm_1_left_finger,505.934000,0.511704,-0.063427,0.510120,-0.613394,0.525542,-0.480451,0.341644
arm_1_left_finger,505.950000,0.511469,-0.061842,0.511136,-0.612604,0.524602,-0.480958,0.343786
arm_1_left_finger,505.958000,0.511350,-0.061059,0.511638,-0.612186,0.524100,-0.481244,0.344893
arm_1_left_finger,505.973000,0.511125,-0.059609,0.512569,-0.611466,0.523248,-0.481683,0.346846
arm_1_left_finger,505.988000,0.510896,-0.058181,0.513487,-0.610719,0.522357,-0.482161,0.348836
arm_1_left_finger,506.001000,0.510695,-0.056962,0.514270,-0.610085,0.521605,-0.482551,0.350526
arm_1_left_finger,506.017000,0.510446,-0.055484,0.515220,-0.609311,0.520686,-0.483023,0.352584
arm_1_left_finger,506.033000,0.510194,-0.054033,0.516154,-0.608587,0.519837,-0.483418,0.354539
arm_1_left_finger,506.050000,0.509923,-0.052519,0.517129,-0.607774,0.518873,-0.483903,0.356680
arm_1_left_finger,506.066000,0.509666,-0.051121,0.518030,-0.607028,0.517993,-0.484329,0.358645
arm_1_left_finger,506.082000,0.509408,-0.049748,0.518915,-0.606297,0.517131,-0.484734,0.360572
arm_1_left_finger,506.098000,0.509148,-0.048400,0.519785,-0.605611,0.516330,-0.485076,0.362409
arm_1_left_finger,506.114000,0.508888,-0.047077,0.520639,-0.604892,0.515485,-0.485465,0.364288
arm_1_left_finger,506.130000,0.508627,-0.045781,0.521477,-0.604189,0.514661,-0.485833,0.366123
arm_1_left_finger,506.146000,0.508365,-0.044510,0.522299,-0.603500,0.513855,-0.486183,0.367922
arm_1_left_finger,506.162000,0.508103,-0.043264,0.523105,-0.602825,0.513067,-0.486516,0.369685
arm_1_left_finger,506.179000,0.507825,-0.041968,0.523945,-0.602149,0.512282,-0.486816,0.371475
arm_1_left_finger,506.195000,0.507564,-0.040773,0.524718,-0.601491,0.511516,-0.487132,0.373180
arm_1_left_finger,506.211000,0.507304,-0.039604,0.525477,-0.600847,0.510766,-0.487432,0.374849
arm_1_left_finger,506.227000,0.507045,-0.038460,0.526219,-0.600215,0.510033,-0.487718,0.376481
arm_1_left_finger,506.244000,0.506771,-0.037273,0.526990,-0.599558,0.509271,-0.488010,0.378179
arm_1_left_finger,506.261000,0.506498,-0.036114,0.527743,-0.598915,0.508527,-0.488287,0.379838
arm_1_left_finger,506.277000,0.506244,-0.035048,0.528436,-0.598356,0.507884,-0.488493,0.381312
arm_1_left_finger,506.294000,0.505977,-0.033943,0.529155,-0.597728,0.507158,-0.488762,0.382915
arm_1_left_finger,506.311000,0.505711,-0.032866,0.529856,-0.597122,0.506459,-0.489008,0.384467
arm_1_left_finger,506.327000,0.505465,-0.031879,0.530500,-0.596567,0.505820,-0.489227,0.385889
arm_1_left_finger,506.341000,0.505251,-0.031035,0.531050,-0.596096,0.505278,-0.489405,0.387099
arm_1_left_finger,506.354000,0.505055,-0.030268,0.531550,-0.595675,0.504796,-0.489554,0.388188
arm_1_left_finger,506.370000,0.504817,-0.029347,0.532151,-0.595153,0.504197,-0.489748,0.389519
arm_1_left_finger,506.387000,0.504567,-0.028394,0.532774,-0.594612,0.503576,-0.489945,0.390899
arm_1_left_finger,506.404000,0.504322,-0.027470,0.533378,-0.594084,0.502971,-0.490135,0.392241
arm_1_left_finger,506.420000,0.504095,-0.026625,0.533930,-0.593605,0.502422,-0.490299,0.393462
arm_1_left_finger,506.437000,0.503858,-0.025754,0.534500,-0.593106,0.501852,-0.490469,0.394728
arm_1_left_finger,506.453000,0.503640,-0.024960,0.535020,-0.592655,0.501337,-0.490616,0.395876
arm_1_left_finger,506.470000,0.503413,-0.024142,0.535555,-0.592189,0.500807,-0.490763,0.397059
arm_1_left_finger,506.486000,0.503204,-0.023397,0.536043,-0.591771,0.500331,-0.490887,0.398128
arm_1_left_finger,506.500000,0.503026,-0.022766,0.536457,-0.591374,0.499875,-0.491043,0.399098
arm_1_left_finger,506.514000,0.502851,-0.022153,0.536859,-0.591023,0.499476,-0.491147,0.399987
arm_1_left_finger,506.527000,0.502692,-0.021600,0.537222,-0.590715,0.499127,-0.491229,0.400777
arm_1_left_finger,506.541000,0.502525,-0.021023,0.537601,-0.590404,0.498776,-0.491299,0.401585
arm_1_left_finger,506.557000,0.502340,-0.020386,0.538019,-0.589994,0.498307,-0.491457,0.402576
arm_1_left_finger,506.571000,0.502183,-0.019852,0.538370,-0.589688,0.497960,-0.491541,0.403351
arm_1_left_finger,506.586000,0.502018,-0.019295,0.538736,-0.589374,0.497605,-0.491620,0.404151
arm_1_left_finger,506.602000,0.501848,-0.018724,0.539112,-0.589064,0.497256,-0.491684,0.404954
arm_1_left_finger,506.617000,0.501695,-0.018211,0.539449,-0.588724,0.496867,-0.491815,0.405765
arm_1_left_finger,506.633000,0.501537,-0.017687,0.539794,-0.588423,0.496527,-0.491890,0.406526
arm_1_left_finger,506.649000,0.501385,-0.017188,0.540123,-0.588149,0.496218,-0.491945,0.407233
arm_1_left_finger,506.666000,0.501231,-0.016683,0.540456,-0.587824,0.495849,-0.492056,0.408016
arm_1_left_finger,506.682000,0.501092,-0.016232,0.540753,-0.587563,0.495555,-0.492119,0.408673
arm_1_left_finger,506.699000,0.500953,-0.015779,0.541051,-0.587325,0.495288,-0.492152,0.409299
arm_1_left_finger,506.708000,0.500881,-0.015549,0.541202,-0.587162,0.495101,-0.492220,0.409678
arm_1_left_finger,506.719000,0.500798,-0.015280,0.541380,-0.586995,0.494913,-0.492268,0.410086
arm_1_left_finger,506.735000,0.500681,-0.014907,0.541626,-0.586789,0.494682,-0.492305,0.410614
arm_1_left_finger,506.752000,0.500566,-0.014538,0.541870,-0.586555,0.494416,-0.492377,0.411182
arm_1_left_finger,506.767000,0.500470,-0.014234,0.542070,-0.586374,0.494212,-0.492421,0.411633
arm_1_left_finger,506.783000,0.500375,-0.013932,0.542269,-0.586195,0.494010,-0.492464,0.412079
arm_1_left_finger,506.799000,0.500286,-0.013654,0.542453,-0.586029,0.493823,-0.492504,0.412491
arm_1_left_finger,506.815000,0.500205,-0.013399,0.542621,-0.585877,0.493652,-0.492539,0.412868
arm_1_left_finger,506.832000,0.500128,-0.013155,0.542783,-0.585732,0.493488,-0.492573,0.413230
arm_1_left_finger,506.849000,0.500058,-0.012936,0.542927,-0.585601,0.493342,-0.492603,0.413554
arm_1_left_finger,506.866000,0.499997,-0.012746,0.543053,-0.585487,0.493214,-0.492630,0.413837
arm_1_left_finger,506.883000,0.499943,-0.012580,0.543162,-0.585389,0.493102,-0.492652,0.414082
arm_1_left_finger,506.899000,0.499901,-0.012449,0.543249,-0.585310,0.493014,-0.492670,0.414277
arm_1_left_finger,506.915000,0.499866,-0.012341,0.543320,-0.585246,0.492942,-0.492685,0.414437
arm_1_left_finger,506.932000,0.499837,-0.012251,0.543380,-0.585192,0.492881,-0.492697,0.414570
arm_1_left_finger,506.948000,0.499816,-0.012186,0.543423,-0.585153,0.492837,-0.492705,0.414667
arm_1_left_finger,506.964000,0.499800,-0.012135,0.543456,-0.585123,0.492803,-0.492712,0.414742
arm_1_left_finger,506.980000,0.499787,-0.012096,0.543482,-0.585099,0.492777,-0.492717,0.414800
arm_1_left_finger,506.997000,0.499777,-0.012064,0.543503,-0.585080,0.492755,-0.492722,0.414848
arm_1_left_finger,507.014000,0.499769,-0.012040,0.543519,-0.585066,0.492739,-0.492725,0.414884
arm_1_left_finger,507.030000,0.499763,-0.012022,0.543531,-0.585055,0.492727,-0.492727,0.414910
arm_1_left_finger,507.046000,0.499759,-0.012008,0.543540,-0.585047,0.492718,-0.492729,0.414931
arm_1_left_finger,507.061000,0.499756,-0.011999,0.543547,-0.585041,0.492711,-0.492730,0.414945
arm_1_left_finger,507.077000,0.499753,-0.011990,0.543552,-0.585036,0.492706,-0.492732,0.414957
arm_1_left_finger,507.094000,0.499751,-0.011983,0.543557,-0.585032,0.492701,-0.492732,0.414967
arm_1_left_finger,507.110000,0.499749,-0.011979,0.543560,-0.585029,0.492698,-0.492733,0.414975
arm_1_left_finger,507.126000,0.499748,-0.011975,0.543563,-0.585027,0.492695,-0.492734,0.414981
arm_1_left_finger,507.142000,0.499747,-0.011972,0.543565,-0.585025,0.492693,-0.492734,0.414985
arm_1_left_finger,507.159000,0.499746,-0.011969,0.543566,-0.585023,0.492691,-0.492734,0.414989
arm_1_left_finger,507.176000,0.499746,-0.011967,0.543568,-0.585022,0.492690,-0.492735,0.414992
arm_1_left_finger,507.192000,0.499745,-0.011966,0.543568,-0.585021,0.492689,-0.492735,0.414994
arm_1_left_finger,507.206000,0.499745,-0.011965,0.543569,-0.585021,0.492689,-0.492735,0.414995
arm_1_left_finger,507.221000,0.499745,-0.011964,0.543570,-0.585020,0.492688,-0.492735,0.414996
arm_1_left_finger,507.238000,0.499744,-0.011963,0.543570,-0.585020,0.492688,-0.492735,0.414998
arm_1_left_finger,507.255000,0.499744,-0.011962,0.543571,-0.585019,0.492687,-0.492735,0.414999
arm_1_left_finger,507.270000,0.499744,-0.011962,0.543571,-0.585019,0.492687,-0.492735,0.414999
arm_1_left_finger,507.284000,0.499744,-0.011962,0.543571,-0.585019,0.492687,-0.492735,0.414999
arm_1_left_finger,507.300000,0.499744,-0.011961,0.543571,-0.585019,0.492686,-0.492735,0.415000
arm_1_left_finger,507.317000,0.499744,-0.011961,0.543571,-0.585019,0.492686,-0.492735,0.415000
arm_1_left_finger,507.333000,0.499744,-0.011961,0.543571,-0.585019,0.492686,-0.492735,0.415000
arm_1_left_finger,507.348000,0.499744,-0.011961,0.543571,-0.585019,0.492686,-0.492735,0.415000
arm_1_left_finger,507.364000,0.499744,-0.011961,0.543571,-0.585019,0.492686,-0.492735,0.415000
arm_1_left_finger,507.381000,0.499744,-0.011961,0.543571,-0.585019,0.492686,-0.492735,0.415000
arm_1_left_finger,507.397000,0.499744,-0.011961,0.543571,-0.585019,0.492686,-0.492735,0.415000
arm_1_left_finger,507.413000,0.499744,-0.011961,0.543571,-0.585019,0.492686,-0.492735,0.415000
arm_1_left_finger,507.430000,0.499744,-0.011961,0.543571,-0.585019,0.492686,-0.492735,0.415000
arm_1_left_finger,507.447000,0.499744,-0.011961,0.543571,-0.585019,0.492686,-0.492735,0.415000
arm_1_left_finger,507.463000,0.499744,-0.011961,0.543571,-0.585019,0.492686,-0.492735,0.415000
arm_1_left_finger,507.478000,0.499744,-0.011961,0.543571,-0.585019,0.492686,-0.492735,0.415000
arm_1_left_finger,507.494000,0.499744,-0.011961,0.543571,-0.585019,0.492686,-0.492735,0.415000
arm_1_left_finger,507.510000,0.499744,-0.011961,0.543571,-0.585019,0.492686,-0.492735,0.415000
arm_1_left_finger,507.526000,0.499744,-0.011961,0.543571,-0.585019,0.492686,-0.492735,0.415000
arm_1_left_finger,507.540000,0.499744,-0.011961,0.543571,-0.585019,0.492686,-0.492735,0.415000
arm_1_left_finger,507.555000,0.499744,-0.011961,0.543571,-0.585019,0.492686,-0.492735,0.415000
arm_1_left_finger,507.571000,0.499744,-0.011961,0.543571,-0.585019,0.492686,-0.492735,0.415000
arm_1_left_finger,507.588000,0.499744,-0.011961,0.543571,-0.585019,0.492686,-0.492735,0.415000
arm_1_left_finger,507.604000,0.499744,-0.011961,0.543571,-0.585019,0.492686,-0.492735,0.415000
arm_1_left_finger,507.620000,0.499744,-0.011961,0.543571,-0.585019,0.492686,-0.492735,0.415000
arm_1_left_finger,507.637000,0.499743,-0.011960,0.543572,-0.585018,0.492686,-0.492736,0.415001
arm_1_left_finger,507.653000,0.499743,-0.011960,0.543572,-0.585018,0.492686,-0.492736,0.415001
arm_1_left_finger,507.669000,0.499743,-0.011960,0.543572,-0.585018,0.492686,-0.492736,0.415001
arm_1_left_finger,507.685000,0.499743,-0.011960,0.543572,-0.585018,0.492686,-0.492736,0.415001
arm_1_left_finger,507.702000,0.499743,-0.011960,0.543572,-0.585018,0.492686,-0.492736,0.415001
arm_1_left_finger,507.719000,0.499743,-0.011960,0.543572,-0.585018,0.492686,-0.492736,0.415001
arm_1_left_finger,507.735000,0.499743,-0.011960,0.543572,-0.585018,0.492686,-0.492736,0.415001
arm_1_left_finger,507.751000,0.499743,-0.011960,0.543572,-0.585018,0.492686,-0.492736,0.415001
arm_1_left_finger,507.767000,0.499743,-0.011960,0.543572,-0.585018,0.492686,-0.492736,0.415001
arm_1_left_finger,507.782000,0.499743,-0.011960,0.543572,-0.585018,0.492686,-0.492736,0.415001
arm_1_left_finger,507.799000,0.499743,-0.011960,0.543572,-0.585018,0.492686,-0.492736,0.415001
arm_1_left_finger,507.816000,0.499743,-0.011960,0.543572,-0.585018,0.492686,-0.492736,0.415001
arm_1_left_finger,507.831000,0.499743,-0.011960,0.543572,-0.585018,0.492686,-0.492736,0.415001
arm_1_left_finger,507.848000,0.499743,-0.011960,0.543572,-0.585018,0.492686,-0.492736,0.415001
arm_1_left_finger,507.865000,0.499743,-0.011960,0.543572,-0.585018,0.492686,-0.492736,0.415001
arm_1_left_finger,507.882000,0.499743,-0.011960,0.543572,-0.585018,0.492686,-0.492736,0.415001
arm_1_left_finger,507.899000,0.499743,-0.011960,0.543572,-0.585018,0.492686,-0.492736,0.415001
arm_1_left_finger,507.915000,0.499743,-0.011960,0.543572,-0.585018,0.492686,-0.492736,0.415001
arm_1_left_finger,507.932000,0.499743,-0.011960,0.543572,-0.585018,0.492686,-0.492736,0.415001
arm_1_left_finger,507.949000,0.499743,-0.011960,0.543572,-0.585018,0.492686,-0.492736,0.415001
arm_1_left_finger,507.960000,0.499743,-0.011960,0.543572,-0.585018,0.492686,-0.492736,0.415001
arm_1_left_finger,507.968000,0.499743,-0.011960,0.543572,-0.585018,0.492686,-0.492736,0.415001
arm_1_left_finger,507.984000,0.499743,-0.011960,0.543572,-0.585018,0.492686,-0.492736,0.415001
arm_1_left_finger,508.000000,0.499743,-0.011960,0.543572,-0.585018,0.492686,-0.492736,0.415001
arm_1_left_finger,508.013000,0.499743,-0.011960,0.543572,-0.585018,0.492686,-0.492736,0.415001
arm_1_left_finger,508.026000,0.499743,-0.011960,0.543572,-0.585018,0.492686,-0.492736,0.415001
arm_1_left_finger,508.038000,0.499743,-0.011960,0.543572,-0.585018,0.492686,-0.492736,0.415001
arm_1_left_finger,508.049000,0.499743,-0.011960,0.543572,-0.585018,0.492686,-0.492736,0.415001
arm_1_left_finger,508.065000,0.499743,-0.011960,0.543572,-0.585018,0.492686,-0.492736,0.415001
arm_1_left_finger,508.081000,0.499743,-0.011960,0.543572,-0.585018,0.492686,-0.492736,0.415001
arm_1_left_finger,508.094000,0.499743,-0.011960,0.543572,-0.585018,0.492686,-0.492736,0.415001
arm_1_left_finger,508.100000,0.499743,-0.011960,0.543572,-0.585018,0.492686,-0.492736,0.415001
arm_1_left_finger,508.116000,0.499743,-0.011960,0.543572,-0.585018,0.492686,-0.492736,0.415001
arm_1_left_finger,508.132000,0.499743,-0.011960,0.543572,-0.585018,0.492686,-0.492736,0.415001
arm_1_left_finger,508.147000,0.499743,-0.011960,0.543572,-0.585018,0.492686,-0.492736,0.415001
arm_1_left_finger,508.162000,0.499743,-0.011960,0.543572,-0.585018,0.492686,-0.492736,0.415001
arm_1_left_finger,508.177000,0.499743,-0.011960,0.543572,-0.585018,0.492686,-0.492736,0.415001
arm_1_left_finger,508.193000,0.499743,-0.011960,0.543572,-0.585018,0.492686,-0.492736,0.415001
arm_1_left_finger,508.208000,0.499743,-0.011960,0.543572,-0.585018,0.492686,-0.492736,0.415001
arm_1_left_finger,508.224000,0.499743,-0.011960,0.543572,-0.585018,0.492686,-0.492736,0.415001
arm_1_left_finger,508.241000,0.499743,-0.011960,0.543572,-0.585018,0.492686,-0.492736,0.415001
arm_1_left_finger,508.258000,0.499743,-0.011960,0.543572,-0.585018,0.492686,-0.492736,0.415001
arm_1_left_finger,508.275000,0.499743,-0.011960,0.543572,-0.585018,0.492686,-0.492736,0.415001
arm_1_left_finger,508.291000,0.499743,-0.011960,0.543572,-0.585018,0.492686,-0.492736,0.415001
arm_1_left_finger,508.307000,0.499743,-0.011960,0.543572,-0.585018,0.492686,-0.492736,0.415001
arm_1_left_finger,508.324000,0.499743,-0.011960,0.543572,-0.585018,0.492686,-0.492736,0.415001
arm_1_left_finger,508.339000,0.499743,-0.011960,0.543572,-0.585018,0.492686,-0.492736,0.415001
arm_1_left_finger,508.352000,0.499743,-0.011960,0.543572,-0.585018,0.492686,-0.492736,0.415001
arm_1_left_finger,508.368000,0.499743,-0.011960,0.543572,-0.585018,0.492686,-0.492736,0.415001
arm_1_left_finger,508.383000,0.499743,-0.011960,0.543572,-0.585018,0.492686,-0.492736,0.415001
arm_1_left_finger,508.396000,0.499743,-0.011960,0.543572,-0.585018,0.492686,-0.492736,0.415001
arm_1_left_finger,508.410000,0.499743,-0.011960,0.543572,-0.585018,0.492686,-0.492736,0.415001
arm_1_left_finger,508.425000,0.499743,-0.011960,0.543572,-0.585018,0.492686,-0.492736,0.415001
arm_1_left_finger,508.440000,0.499743,-0.011960,0.543572,-0.585018,0.492686,-0.492736,0.415001
arm_1_left_finger,508.455000,0.499743,-0.011960,0.543572,-0.585018,0.492686,-0.492736,0.415001
arm_1_left_finger,508.470000,0.499743,-0.011960,0.543572,-0.585018,0.492686,-0.492736,0.415001
arm_1_left_finger,508.486000,0.499743,-0.011960,0.543572,-0.585018,0.492686,-0.492736,0.415001
arm_1_left_finger,508.501000,0.499743,-0.011960,0.543572,-0.585018,0.492686,-0.492736,0.415001
arm_1_left_finger,508.516000,0.499743,-0.011960,0.543572,-0.585018,0.492686,-0.492736,0.415001
arm_1_left_finger,508.532000,0.499743,-0.011960,0.543572,-0.585018,0.492686,-0.492736,0.415001
arm_1_left_finger,508.548000,0.499743,-0.011960,0.543572,-0.585018,0.492686,-0.492736,0.415001
arm_1_left_finger,508.564000,0.499743,-0.011960,0.543572,-0.585018,0.492686,-0.492736,0.415001
arm_1_left_finger,508.580000,0.499743,-0.011960,0.543572,-0.585018,0.492686,-0.492736,0.415001
arm_1_left_finger,508.596000,0.499743,-0.011960,0.543572,-0.585018,0.492686,-0.492736,0.415001
arm_1_left_finger,508.612000,0.499743,-0.011960,0.543572,-0.585018,0.492686,-0.492736,0.415001
arm_1_left_finger,508.628000,0.499743,-0.011960,0.543572,-0.585018,0.492686,-0.492736,0.415001
arm_1_left_finger,508.643000,0.499743,-0.011960,0.543572,-0.585018,0.492686,-0.492736,0.415001
arm_1_left_finger,508.658000,0.499743,-0.011960,0.543572,-0.585018,0.492686,-0.492736,0.415001
arm_1_left_finger,508.674000,0.499743,-0.011960,0.543572,-0.585018,0.492686,-0.492736,0.415001
arm_1_left_finger,508.690000,0.499743,-0.011960,0.543572,-0.585018,0.492686,-0.492736,0.415001
arm_1_left_finger,508.706000,0.499743,-0.011960,0.543572,-0.585018,0.492686,-0.492736,0.415001
arm_1_left_finger,508.722000,0.499743,-0.011960,0.543572,-0.585018,0.492686,-0.492736,0.415001
arm_1_left_finger,508.738000,0.499743,-0.011960,0.543572,-0.585018,0.492686,-0.492736,0.415001
arm_1_left_finger,508.755000,0.499743,-0.011960,0.543572,-0.585018,0.492686,-0.492736,0.415001
arm_1_left_finger,508.771000,0.499743,-0.011960,0.543572,-0.585018,0.492686,-0.492736,0.415001
arm_1_left_finger,508.788000,0.499743,-0.011960,0.543572,-0.585018,0.492686,-0.492736,0.415001
arm_1_left_finger,508.804000,0.499743,-0.011960,0.543572,-0.585018,0.492686,-0.492736,0.415001
arm_1_left_finger,508.821000,0.499743,-0.011960,0.543572,-0.585018,0.492686,-0.492736,0.415001
arm_1_left_finger,508.838000,0.499743,-0.011960,0.543572,-0.585018,0.492686,-0.492736,0.415001
arm_1_left_finger,508.853000,0.499743,-0.011960,0.543572,-0.585018,0.492686,-0.492736,0.415001
arm_1_left_finger,508.867000,0.499743,-0.011960,0.543572,-0.585018,0.492686,-0.492736,0.415001
arm_1_left_finger,508.881000,0.499743,-0.011960,0.543572,-0.585018,0.492686,-0.492736,0.415001
arm_1_left_finger,508.896000,0.499743,-0.011960,0.543572,-0.585018,0.492686,-0.492736,0.415001
arm_1_left_finger,508.912000,0.499743,-0.011960,0.543572,-0.585018,0.492686,-0.492736,0.415001
arm_1_left_finger,508.928000,0.499743,-0.011960,0.543572,-0.585018,0.492686,-0.492736,0.415001
arm_1_left_finger,508.945000,0.499743,-0.011960,0.543572,-0.585018,0.492686,-0.492736,0.415001
arm_1_left_finger,508.959000,0.499743,-0.011960,0.543572,-0.585018,0.492686,-0.492736,0.415001
arm_1_left_finger,508.975000,0.499743,-0.011960,0.543572,-0.585018,0.492686,-0.492736,0.415001
arm_1_left_finger,508.991000,0.499743,-0.011960,0.543572,-0.585018,0.492686,-0.492736,0.415001
arm_1_left_finger,509.008000,0.499743,-0.011960,0.543572,-0.585018,0.492686,-0.492736,0.415001
arm_1_left_finger,509.024000,0.499743,-0.011960,0.543572,-0.585018,0.492686,-0.492736,0.415001
arm_1_left_finger,509.040000,0.499743,-0.011960,0.543572,-0.585018,0.492686,-0.492736,0.415001
arm_1_left_finger,509.054000,0.499743,-0.011960,0.543572,-0.585018,0.492686,-0.492736,0.415001
arm_1_left_finger,509.069000,0.499743,-0.011960,0.543572,-0.585018,0.492686,-0.492736,0.415001
arm_1_left_finger,509.086000,0.499743,-0.011960,0.543572,-0.585018,0.492686,-0.492736,0.415001
arm_1_left_finger,509.103000,0.499743,-0.011960,0.543572,-0.585018,0.492686,-0.492736,0.415001
arm_1_left_finger,509.120000,0.499743,-0.011960,0.543572,-0.585018,0.492686,-0.492736,0.415001
arm_1_left_finger,509.136000,0.499743,-0.011960,0.543572,-0.585018,0.492686,-0.492736,0.415001
arm_1_left_finger,509.149000,0.499743,-0.011960,0.543572,-0.585018,0.492686,-0.492736,0.415001
arm_1_left_finger,509.158000,0.499743,-0.011960,0.543572,-0.585018,0.492686,-0.492736,0.415001
arm_1_left_finger,509.172000,0.499743,-0.011960,0.543572,-0.585018,0.492686,-0.492736,0.415001
arm_1_left_finger,509.188000,0.499743,-0.011960,0.543572,-0.585018,0.492686,-0.492736,0.415001
arm_1_left_finger,509.203000,0.499743,-0.011960,0.543572,-0.585018,0.492686,-0.492736,0.415001
arm_1_left_finger,509.216000,0.499743,-0.011960,0.543572,-0.585018,0.492686,-0.492736,0.415001
arm_1_left_finger,509.226000,0.499743,-0.011960,0.543572,-0.585018,0.492686,-0.492736,0.415001
arm_1_left_finger,509.235000,0.499743,-0.011960,0.543572,-0.585018,0.492686,-0.492736,0.415001
arm_1_left_finger,509.245000,0.499743,-0.011960,0.543572,-0.585018,0.492686,-0.492736,0.415001
arm_1_left_finger,509.259000,0.499743,-0.011960,0.543572,-0.585018,0.492686,-0.492736,0.415001
arm_1_left_finger,509.275000,0.499743,-0.011960,0.543572,-0.585018,0.492686,-0.492736,0.415001
arm_1_left_finger,509.291000,0.499743,-0.011960,0.543572,-0.585018,0.492686,-0.492736,0.415001
arm_1_left_finger,509.307000,0.499743,-0.011960,0.543572,-0.585018,0.492686,-0.492736,0.415001
arm_1_left_finger,509.322000,0.499743,-0.011960,0.543572,-0.585018,0.492686,-0.492736,0.415001
arm_1_left_finger,509.339000,0.499743,-0.011960,0.543572,-0.585018,0.492686,-0.492736,0.415001
arm_1_left_finger,509.355000,0.499743,-0.011960,0.543572,-0.585018,0.492686,-0.492736,0.415001
arm_1_left_finger,509.370000,0.499743,-0.011960,0.543572,-0.585018,0.492686,-0.492736,0.415001
arm_1_left_finger,509.385000,0.499743,-0.011960,0.543572,-0.585018,0.492686,-0.492736,0.415001
arm_1_left_finger,509.399000,0.499743,-0.011960,0.543572,-0.585018,0.492686,-0.492736,0.415001
arm_1_left_finger,509.415000,0.499743,-0.011960,0.543572,-0.585018,0.492686,-0.492736,0.415001
arm_1_left_finger,509.430000,0.499743,-0.011960,0.543572,-0.585018,0.492686,-0.492736,0.415001
arm_1_left_finger,509.444000,0.499743,-0.011960,0.543572,-0.585018,0.492686,-0.492736,0.415001
arm_1_left_finger,509.459000,0.499743,-0.011960,0.543572,-0.585018,0.492686,-0.492736,0.415001
arm_1_left_finger,509.474000,0.499743,-0.011960,0.543572,-0.585018,0.492686,-0.492736,0.415001
arm_1_left_finger,509.490000,0.499743,-0.011960,0.543572,-0.585018,0.492686,-0.492736,0.415001
arm_1_left_finger,509.506000,0.499743,-0.011960,0.543572,-0.585018,0.492686,-0.492736,0.415001
arm_1_left_finger,509.520000,0.499743,-0.011960,0.543572,-0.585018,0.492686,-0.492736,0.415001
arm_1_left_finger,509.534000,0.499743,-0.011960,0.543572,-0.585018,0.492686,-0.492736,0.415001
arm_1_left_finger,509.550000,0.499743,-0.011960,0.543572,-0.585018,0.492686,-0.492736,0.415001
arm_1_left_finger,509.566000,0.499743,-0.011960,0.543572,-0.585018,0.492686,-0.492736,0.415001
arm_1_left_finger,509.582000,0.499743,-0.011960,0.543572,-0.585018,0.492686,-0.492736,0.415001
arm_1_left_finger,509.598000,0.499743,-0.011960,0.543572,-0.585018,0.492686,-0.492736,0.415001
arm_1_left_finger,509.613000,0.499743,-0.011960,0.543572,-0.585018,0.492686,-0.492736,0.415001
arm_1_left_finger,509.628000,0.499743,-0.011960,0.543572,-0.585018,0.492686,-0.492736,0.415001
arm_1_left_finger,509.644000,0.499743,-0.011960,0.543572,-0.585018,0.492686,-0.492736,0.415001
arm_1_left_finger,509.660000,0.499743,-0.011960,0.543572,-0.585018,0.492686,-0.492736,0.415001
arm_1_left_finger,509.676000,0.499743,-0.011960,0.543572,-0.585018,0.492686,-0.492736,0.415001
arm_1_left_finger,509.692000,0.499743,-0.011960,0.543572,-0.585018,0.492686,-0.492736,0.415001
arm_1_left_finger,509.707000,0.499743,-0.011960,0.543572,-0.585018,0.492686,-0.492736,0.415001
arm_1_left_finger,509.721000,0.499743,-0.011960,0.543572,-0.585018,0.492686,-0.492736,0.415001
arm_1_left_finger,509.734000,0.499743,-0.011960,0.543572,-0.585018,0.492686,-0.492736,0.415001
arm_1_left_finger,509.747000,0.499743,-0.011960,0.543572,-0.585018,0.492686,-0.492736,0.415001
arm_1_left_finger,509.761000,0.499743,-0.011960,0.543572,-0.585018,0.492686,-0.492736,0.415001
arm_1_left_finger,509.776000,0.499743,-0.011960,0.543572,-0.585018,0.492686,-0.492736,0.415001
arm_1_left_finger,509.791000,0.499743,-0.011960,0.543572,-0.585018,0.492686,-0.492736,0.415001
arm_1_left_finger,509.806000,0.499743,-0.011960,0.543572,-0.585018,0.492686,-0.492736,0.415001
arm_1_left_finger,509.822000,0.499743,-0.011960,0.543572,-0.585018,0.492686,-0.492736,0.415001
arm_1_left_finger,509.837000,0.499743,-0.011960,0.543572,-0.585018,0.492686,-0.492736,0.415001
arm_1_left_finger,509.852000,0.499743,-0.011960,0.543572,-0.585018,0.492686,-0.492736,0.415001
arm_1_left_finger,509.867000,0.499743,-0.011960,0.543572,-0.585018,0.492686,-0.492736,0.415001
arm_1_left_finger,509.882000,0.499743,-0.011960,0.543572,-0.585018,0.492686,-0.492736,0.415001
arm_1_left_finger,509.897000,0.499743,-0.011960,0.543572,-0.585018,0.492686,-0.492736,0.415001
arm_1_left_finger,509.912000,0.499743,-0.011960,0.543572,-0.585018,0.492686,-0.492736,0.415001
arm_1_left_finger,509.928000,0.499743,-0.011960,0.543572,-0.585018,0.492686,-0.492736,0.415001
arm_1_left_finger,509.944000,0.499743,-0.011960,0.543572,-0.585018,0.492686,-0.492736,0.415001
arm_1_left_finger,509.960000,0.499743,-0.011960,0.543572,-0.585018,0.492686,-0.492736,0.415001
arm_1_left_finger,509.976000,0.499743,-0.011960,0.543572,-0.585018,0.492686,-0.492736,0.415001
arm_1_left_finger,509.991000,0.499743,-0.011960,0.543572,-0.585018,0.492686,-0.492736,0.415001
arm_1_left_finger,510.006000,0.499743,-0.011960,0.543572,-0.585018,0.492686,-0.492736,0.415001
arm_1_left_finger,510.020000,0.499743,-0.011960,0.543572,-0.585018,0.492686,-0.492736,0.415001
arm_1_left_finger,510.036000,0.499743,-0.011960,0.543572,-0.585018,0.492686,-0.492736,0.415001
arm_1_left_finger,510.052000,0.499743,-0.011960,0.543572,-0.585018,0.492686,-0.492736,0.415001
arm_1_left_finger,510.069000,0.499743,-0.011960,0.543572,-0.585018,0.492686,-0.492736,0.415001
arm_1_left_finger,510.085000,0.499743,-0.011960,0.543572,-0.585018,0.492686,-0.492736,0.415001
arm_1_left_finger,510.100000,0.499743,-0.011960,0.543572,-0.585018,0.492686,-0.492736,0.415001
arm_1_left_finger,510.117000,0.499743,-0.011960,0.543572,-0.585018,0.492686,-0.492736,0.415001
arm_1_left_finger,510.132000,0.499743,-0.011960,0.543572,-0.585018,0.492686,-0.492736,0.415001
arm_1_left_finger,510.147000,0.499743,-0.011960,0.543572,-0.585018,0.492686,-0.492736,0.415001
arm_1_left_finger,510.162000,0.499743,-0.011960,0.543572,-0.585018,0.492686,-0.492736,0.415001
arm_1_left_finger,510.174000,0.499743,-0.011960,0.543572,-0.585018,0.492686,-0.492736,0.415001
arm_1_left_finger,510.188000,0.499743,-0.011960,0.543572,-0.585018,0.492686,-0.492736,0.415001
arm_1_left_finger,510.204000,0.499743,-0.011960,0.543572,-0.585018,0.492686,-0.492736,0.415001
arm_1_left_finger,510.221000,0.499743,-0.011960,0.543572,-0.585018,0.492686,-0.492736,0.415001
arm_1_left_finger,510.237000,0.499743,-0.011960,0.543572,-0.585018,0.492686,-0.492736,0.415001
arm_1_left_finger,510.254000,0.499743,-0.011960,0.543572,-0.585018,0.492686,-0.492736,0.415001
arm_1_left_finger,510.269000,0.499743,-0.011960,0.543572,-0.585018,0.492686,-0.492736,0.415001
arm_1_left_finger,510.285000,0.499743,-0.011960,0.543572,-0.585018,0.492686,-0.492736,0.415001
arm_1_left_finger,510.301000,0.499743,-0.011960,0.543572,-0.585018,0.492686,-0.492736,0.415001
arm_1_left_finger,510.317000,0.499743,-0.011960,0.543572,-0.585018,0.492686,-0.492736,0.415001
arm_1_left_finger,510.333000,0.499743,-0.011960,0.543572,-0.585018,0.492686,-0.492736,0.415001
arm_1_left_finger,510.349000,0.499743,-0.011960,0.543572,-0.585018,0.492686,-0.492736,0.415001
arm_1_left_finger,510.365000,0.499743,-0.011960,0.543572,-0.585018,0.492686,-0.492736,0.415001
arm_1_left_finger,510.380000,0.499743,-0.011960,0.543572,-0.585018,0.492686,-0.492736,0.415001
arm_1_left_finger,510.395000,0.499743,-0.011960,0.543572,-0.585018,0.492686,-0.492736,0.415001
arm_1_left_finger,510.411000,0.499743,-0.011960,0.543572,-0.585018,0.492686,-0.492736,0.415001
arm_1_left_finger,510.427000,0.499743,-0.011960,0.543572,-0.585018,0.492686,-0.492736,0.415001
arm_1_left_finger,510.443000,0.499743,-0.011960,0.543572,-0.585018,0.492686,-0.492736,0.415001
arm_1_left_finger,510.458000,0.499743,-0.011960,0.543572,-0.585018,0.492686,-0.492736,0.415001
arm_1_left_finger,510.474000,0.499743,-0.011960,0.543572,-0.585018,0.492686,-0.492736,0.415001
arm_1_left_finger,510.489000,0.499743,-0.011960,0.543572,-0.585018,0.492686,-0.492736,0.415001
arm_1_left_finger,510.504000,0.499743,-0.011960,0.543572,-0.585018,0.492686,-0.492736,0.415001
arm_1_left_finger,510.519000,0.499743,-0.011960,0.543572,-0.585018,0.492686,-0.492736,0.415001
arm_1_left_finger,510.535000,0.499743,-0.011960,0.543572,-0.585018,0.492686,-0.492736,0.415001
arm_1_left_finger,510.552000,0.499743,-0.011960,0.543572,-0.585018,0.492686,-0.492736,0.415001
arm_1_left_finger,510.568000,0.499743,-0.011960,0.543572,-0.585018,0.492686,-0.492736,0.415001
arm_1_left_finger,510.584000,0.499743,-0.011960,0.543572,-0.585018,0.492686,-0.492736,0.415001
arm_1_left_finger,510.599000,0.499743,-0.011960,0.543572,-0.585018,0.492686,-0.492736,0.415001
arm_1_left_finger,510.614000,0.499743,-0.011960,0.543572,-0.585018,0.492686,-0.492736,0.415001
arm_1_left_finger,510.626000,0.499743,-0.011960,0.543572,-0.585018,0.492686,-0.492736,0.415001
arm_1_left_finger,510.641000,0.499743,-0.011960,0.543572,-0.585018,0.492686,-0.492736,0.415001
arm_1_left_finger,510.656000,0.499743,-0.011960,0.543572,-0.585018,0.492686,-0.492736,0.415001
arm_1_left_finger,510.672000,0.499743,-0.011960,0.543572,-0.585018,0.492686,-0.492736,0.415001
arm_1_left_finger,510.687000,0.499743,-0.011960,0.543572,-0.585018,0.492686,-0.492736,0.415001
arm_1_left_finger,510.702000,0.499743,-0.011960,0.543572,-0.585018,0.492686,-0.492736,0.415001
arm_1_left_finger,510.717000,0.499743,-0.011960,0.543572,-0.585018,0.492686,-0.492736,0.415001
arm_1_left_finger,510.733000,0.499743,-0.011960,0.543572,-0.585018,0.492686,-0.492736,0.415001
arm_1_left_finger,510.748000,0.499743,-0.011960,0.543572,-0.585018,0.492686,-0.492736,0.415001
arm_1_left_finger,510.765000,0.499743,-0.011960,0.543572,-0.585018,0.492686,-0.492736,0.415001
arm_1_left_finger,510.781000,0.499743,-0.011960,0.543572,-0.585018,0.492686,-0.492736,0.415001
arm_1_left_finger,510.797000,0.499743,-0.011960,0.543572,-0.585018,0.492686,-0.492736,0.415001
arm_1_left_finger,510.802000,0.499743,-0.011960,0.543572,-0.585018,0.492686,-0.492736,0.415001
arm_1_left_finger,510.815000,0.499743,-0.011960,0.543572,-0.585018,0.492686,-0.492736,0.415001
arm_1_left_finger,510.831000,0.499743,-0.011960,0.543572,-0.585018,0.492686,-0.492736,0.415001
arm_1_left_finger,510.846000,0.499743,-0.011960,0.543572,-0.585018,0.492686,-0.492736,0.415001
arm_1_left_finger,510.861000,0.499743,-0.011960,0.543572,-0.585018,0.492686,-0.492736,0.415001
arm_1_left_finger,510.876000,0.499743,-0.011960,0.543572,-0.585018,0.492686,-0.492736,0.415001
arm_1_left_finger,510.892000,0.499743,-0.011960,0.543572,-0.585018,0.492686,-0.492736,0.415001
arm_1_left_finger,510.908000,0.499743,-0.011960,0.543572,-0.585018,0.492686,-0.492736,0.415001
arm_1_left_finger,510.924000,0.499743,-0.011960,0.543572,-0.585018,0.492686,-0.492736,0.415001
arm_1_left_finger,510.940000,0.499743,-0.011960,0.543572,-0.585018,0.492686,-0.492736,0.415001
arm_1_left_finger,510.956000,0.499743,-0.011960,0.543572,-0.585018,0.492686,-0.492736,0.415001
arm_1_left_finger,510.966000,0.499743,-0.011960,0.543572,-0.585018,0.492686,-0.492736,0.415001
arm_1_left_finger,510.975000,0.499743,-0.011960,0.543572,-0.585018,0.492686,-0.492736,0.415001
arm_1_left_finger,510.987000,0.499743,-0.011960,0.543572,-0.585018,0.492686,-0.492736,0.415001
arm_1_left_finger,510.996000,0.499743,-0.011960,0.543572,-0.585018,0.492686,-0.492736,0.415001
arm_1_left_finger,511.009000,0.499743,-0.011960,0.543572,-0.585018,0.492686,-0.492736,0.415001
arm_1_left_finger,511.022000,0.499743,-0.011960,0.543572,-0.585018,0.492686,-0.492736,0.415001
arm_1_left_finger,511.033000,0.499743,-0.011960,0.543572,-0.585018,0.492686,-0.492736,0.415001
arm_1_left_finger,511.043000,0.499743,-0.011960,0.543572,-0.585018,0.492686,-0.492736,0.415001
arm_1_left_finger,511.058000,0.499743,-0.011960,0.543572,-0.585018,0.492686,-0.492736,0.415001
arm_1_left_finger,511.074000,0.499743,-0.011960,0.543572,-0.585018,0.492686,-0.492736,0.415001
arm_1_left_finger,511.091000,0.499743,-0.011960,0.543572,-0.585018,0.492686,-0.492736,0.415001
arm_1_left_finger,511.106000,0.499743,-0.011960,0.543572,-0.585018,0.492686,-0.492736,0.415001
arm_1_left_finger,511.122000,0.499743,-0.011960,0.543572,-0.585018,0.492686,-0.492736,0.415001
arm_1_left_finger,511.138000,0.499743,-0.011960,0.543572,-0.585018,0.492686,-0.492736,0.415001
arm_1_left_finger,511.153000,0.499743,-0.011960,0.543572,-0.585018,0.492686,-0.492736,0.415001
arm_1_left_finger,511.169000,0.499743,-0.011960,0.543572,-0.585018,0.492686,-0.492736,0.415001
arm_1_left_finger,511.185000,0.499743,-0.011960,0.543572,-0.585018,0.492686,-0.492736,0.415001
arm_1_left_finger,511.202000,0.499743,-0.011960,0.543572,-0.585018,0.492686,-0.492736,0.415001
arm_1_left_finger,511.218000,0.499743,-0.011960,0.543572,-0.585018,0.492686,-0.492736,0.415001
arm_1_left_finger,511.233000,0.499743,-0.011960,0.543572,-0.585018,0.492686,-0.492736,0.415001
arm_1_left_finger,511.250000,0.499743,-0.011960,0.543572,-0.585018,0.492686,-0.492736,0.415001
arm_1_left_finger,511.267000,0.499743,-0.011960,0.543572,-0.585018,0.492686,-0.492736,0.415001
arm_1_left_finger,511.282000,0.499743,-0.011960,0.543572,-0.585018,0.492686,-0.492736,0.415001
arm_1_left_finger,511.296000,0.499743,-0.011960,0.543572,-0.585018,0.492686,-0.492736,0.415001
arm_1_left_finger,511.311000,0.499743,-0.011960,0.543572,-0.585018,0.492686,-0.492736,0.415001
arm_1_left_finger,511.327000,0.499743,-0.011960,0.543572,-0.585018,0.492686,-0.492736,0.415001
arm_1_left_finger,511.344000,0.499743,-0.011960,0.543572,-0.585018,0.492686,-0.492736,0.415001
arm_1_left_finger,511.360000,0.499743,-0.011960,0.543572,-0.585018,0.492686,-0.492736,0.415001
arm_1_left_finger,511.376000,0.499743,-0.011960,0.543572,-0.585018,0.492686,-0.492736,0.415001
arm_1_left_finger,511.392000,0.499743,-0.011960,0.543572,-0.585018,0.492686,-0.492736,0.415001
arm_1_left_finger,511.408000,0.499743,-0.011960,0.543572,-0.585018,0.492686,-0.492736,0.415001
arm_1_left_finger,511.425000,0.499743,-0.011960,0.543572,-0.585018,0.492686,-0.492736,0.415001
arm_1_right_finger,476.689000,0.523372,0.012000,0.680418,-0.585044,0.492725,-0.492702,0.414958
arm_1_right_finger,476.705000,0.523372,0.012000,0.680419,-0.585038,0.492717,-0.492710,0.414968
arm_1_right_finger,476.721000,0.523371,0.012000,0.680420,-0.585036,0.492715,-0.492712,0.414970
arm_1_right_finger,476.738000,0.523371,0.012001,0.680421,-0.585031,0.492709,-0.492718,0.414977
arm_1_right_finger,476.755000,0.523370,0.012001,0.680422,-0.585026,0.492704,-0.492723,0.414983
arm_1_right_finger,476.771000,0.523370,0.012001,0.680422,-0.585025,0.492702,-0.492725,0.414985
arm_1_right_finger,476.788000,0.523369,0.012001,0.680423,-0.585022,0.492699,-0.492728,0.414989
arm_1_right_finger,476.805000,0.523369,0.012001,0.680423,-0.585021,0.492697,-0.492730,0.414991
arm_1_right_finger,476.823000,0.523369,0.012001,0.680423,-0.585019,0.492695,-0.492732,0.414994
arm_1_right_finger,476.840000,0.523372,0.012000,0.680419,-0.585040,0.492720,-0.492707,0.414964
arm_1_right_finger,476.856000,0.523371,0.012000,0.680420,-0.585036,0.492715,-0.492712,0.414969
arm_1_right_finger,476.872000,0.523371,0.012001,0.680420,-0.585033,0.492712,-0.492715,0.414974
arm_1_right_finger,476.888000,0.523371,0.012001,0.680421,-0.585031,0.492709,-0.492718,0.414977
arm_1_right_finger,476.905000,0.523373,0.012004,0.680419,-0.585029,0.492707,-0.492716,0.414984
arm_1_right_finger,476.922000,0.523383,0.012015,0.680409,-0.585034,0.492712,-0.492698,0.414992
arm_1_right_finger,476.939000,0.523402,0.012036,0.680391,-0.585049,0.492729,-0.492656,0.415001
arm_1_right_finger,476.956000,0.523434,0.012070,0.680360,-0.585074,0.492757,-0.492587,0.415014
arm_1_right_finger,476.973000,0.523479,0.012119,0.680316,-0.585110,0.492797,-0.492489,0.415033
arm_1_right_finger,476.990000,0.523541,0.012185,0.680256,-0.585160,0.492853,-0.492354,0.415056
arm_1_right_finger,477.007000,0.523619,0.012268,0.680180,-0.585223,0.492925,-0.492182,0.415084
arm_1_right_finger,477.024000,0.523716,0.012371,0.680085,-0.585308,0.493021,-0.491964,0.415110
arm_1_right_finger,477.041000,0.523827,0.012493,0.679980,-0.585378,0.493098,-0.491742,0.415184
arm_1_right_finger,477.058000,0.523959,0.012635,0.679851,-0.585486,0.493220,-0.491450,0.415231
arm_1_right_finger,477.075000,0.524109,0.012798,0.679705,-0.585599,0.493347,-0.491130,0.415300
arm_1_right_finger,477.092000,0.524278,0.012981,0.679540,-0.585732,0.493497,-0.490762,0.415369
arm_1_right_finger,477.106000,0.524432,0.013148,0.679390,-0.585853,0.493633,-0.490427,0.415431
arm_1_right_finger,477.121000,0.524611,0.013343,0.679214,-0.585995,0.493793,-0.490036,0.415503
arm_1_right_finger,477.138000,0.524832,0.013582,0.678998,-0.586169,0.493989,-0.489555,0.415592
arm_1_right_finger,477.156000,0.525087,0.013860,0.678748,-0.586370,0.494216,-0.488998,0.415694
arm_1_right_finger,477.173000,0.525349,0.014146,0.678490,-0.586577,0.494450,-0.488425,0.415797
arm_1_right_finger,477.189000,0.525613,0.014435,0.678230,-0.586786,0.494685,-0.487848,0.415902
arm_1_right_finger,477.206000,0.525912,0.014764,0.677934,-0.587022,0.494952,-0.487192,0.416019
arm_1_right_finger,477.223000,0.526231,0.015114,0.677618,-0.587274,0.495236,-0.486493,0.416143
arm_1_right_finger,477.240000,0.526568,0.015487,0.677283,-0.587541,0.495538,-0.485751,0.416273
arm_1_right_finger,477.257000,0.526925,0.015882,0.676928,-0.587824,0.495857,-0.484965,0.416411
arm_1_right_finger,477.274000,0.527300,0.016299,0.676553,-0.588121,0.496194,-0.484137,0.416553
arm_1_right_finger,477.291000,0.527694,0.016740,0.676156,-0.588434,0.496548,-0.483264,0.416703
arm_1_right_finger,477.309000,0.528132,0.017230,0.675716,-0.588782,0.496942,-0.482293,0.416866
arm_1_right_finger,477.325000,0.528539,0.017688,0.675304,-0.589106,0.497309,-0.481388,0.417017
arm_1_right_finger,477.341000,0.528962,0.018166,0.674875,-0.589443,0.497691,-0.480446,0.417173
arm_1_right_finger,477.358000,0.529430,0.018696,0.674399,-0.589815,0.498113,-0.479403,0.417343
arm_1_right_finger,477.375000,0.529916,0.019251,0.673902,-0.590203,0.498553,-0.478314,0.417517
arm_1_right_finger,477.392000,0.530419,0.019828,0.673384,-0.590605,0.499010,-0.477184,0.417696
arm_1_right_finger,477.409000,0.530941,0.020429,0.672846,-0.591022,0.499485,-0.476009,0.417879
arm_1_right_finger,477.427000,0.531513,0.021091,0.672253,-0.591480,0.500006,-0.474718,0.418077
arm_1_right_finger,477.444000,0.532071,0.021741,0.671671,-0.591927,0.500516,-0.473454,0.418267
arm_1_right_finger,477.460000,0.532612,0.022374,0.671104,-0.592362,0.501011,-0.472224,0.418449
arm_1_right_finger,477.476000,0.533168,0.023029,0.670518,-0.592809,0.501522,-0.470957,0.418633
arm_1_right_finger,477.492000,0.533736,0.023701,0.669917,-0.593266,0.502044,-0.469659,0.418817
arm_1_right_finger,477.508000,0.534323,0.024400,0.669292,-0.593740,0.502586,-0.468311,0.419006
arm_1_right_finger,477.524000,0.534924,0.025121,0.668649,-0.594225,0.503142,-0.466926,0.419195
arm_1_right_finger,477.541000,0.535579,0.025911,0.667944,-0.594755,0.503749,-0.465413,0.419397
arm_1_right_finger,477.558000,0.536250,0.026726,0.667217,-0.595299,0.504373,-0.463856,0.419600
arm_1_right_finger,477.575000,0.536936,0.027565,0.666468,-0.595856,0.505013,-0.462258,0.419804
arm_1_right_finger,477.592000,0.537638,0.028431,0.665697,-0.596428,0.505670,-0.460614,0.420007
arm_1_right_finger,477.609000,0.538356,0.029321,0.664904,-0.597013,0.506344,-0.458928,0.420210
arm_1_right_finger,477.626000,0.539088,0.030238,0.664088,-0.597612,0.507034,-0.457198,0.420411
arm_1_right_finger,477.642000,0.539791,0.031124,0.663300,-0.598188,0.507699,-0.455531,0.420600
arm_1_right_finger,477.658000,0.540507,0.032033,0.662492,-0.598776,0.508378,-0.453826,0.420786
arm_1_right_finger,477.673000,0.541189,0.032906,0.661716,-0.599337,0.509028,-0.452193,0.420959
arm_1_right_finger,477.690000,0.541976,0.033922,0.660813,-0.599987,0.509780,-0.450301,0.421153
arm_1_right_finger,477.707000,0.542777,0.034964,0.659889,-0.600649,0.510548,-0.448366,0.421343
arm_1_right_finger,477.724000,0.543591,0.036033,0.658941,-0.601324,0.511332,-0.446388,0.421529
arm_1_right_finger,477.741000,0.544418,0.037129,0.657969,-0.602012,0.512132,-0.444368,0.421710
arm_1_right_finger,477.758000,0.545257,0.038253,0.656974,-0.602712,0.512949,-0.442305,0.421887
arm_1_right_finger,477.775000,0.546109,0.039404,0.655954,-0.603425,0.513781,-0.440198,0.422058
arm_1_right_finger,477.792000,0.546973,0.040583,0.654911,-0.604150,0.514629,-0.438050,0.422223
arm_1_right_finger,477.809000,0.547849,0.041790,0.653843,-0.604888,0.515493,-0.435857,0.422381
arm_1_right_finger,477.825000,0.548683,0.042952,0.652816,-0.605594,0.516320,-0.433756,0.422523
arm_1_right_finger,477.842000,0.549580,0.044215,0.651701,-0.606355,0.517214,-0.431482,0.422666
arm_1_right_finger,477.859000,0.550488,0.045506,0.650561,-0.607128,0.518124,-0.429166,0.422801
arm_1_right_finger,477.876000,0.551405,0.046826,0.649396,-0.607912,0.519048,-0.426808,0.422926
arm_1_right_finger,477.892000,0.552278,0.048095,0.648277,-0.608661,0.519933,-0.424549,0.423036
arm_1_right_finger,477.909000,0.553215,0.049473,0.647063,-0.609468,0.520888,-0.422109,0.423141
arm_1_right_finger,477.926000,0.554159,0.050879,0.645823,-0.610286,0.521858,-0.419627,0.423236
arm_1_right_finger,477.943000,0.555113,0.052316,0.644558,-0.611115,0.522843,-0.417103,0.423319
arm_1_right_finger,477.960000,0.556074,0.053783,0.643268,-0.611955,0.523842,-0.414539,0.423390
arm_1_right_finger,477.977000,0.557043,0.055280,0.641950,-0.612806,0.524857,-0.411932,0.423447
arm_1_right_finger,477.994000,0.558018,0.056808,0.640607,-0.613666,0.525886,-0.409284,0.423491
arm_1_right_finger,478.011000,0.559001,0.058367,0.639237,-0.614538,0.526929,-0.406595,0.423519
arm_1_right_finger,478.028000,0.559989,0.059957,0.637841,-0.615420,0.527988,-0.403866,0.423533
arm_1_right_finger,478.045000,0.560982,0.061578,0.636418,-0.616311,0.529060,-0.401096,0.423531
arm_1_right_finger,478.062000,0.561980,0.063231,0.634967,-0.617212,0.530147,-0.398285,0.423511
arm_1_right_finger,478.079000,0.562983,0.064914,0.633490,-0.618123,0.531247,-0.395436,0.423475
arm_1_right_finger,478.096000,0.563990,0.066631,0.631985,-0.619044,0.532363,-0.392544,0.423420
arm_1_right_finger,478.112000,0.564940,0.068276,0.630543,-0.619918,0.533424,-0.389788,0.423350
arm_1_right_finger,478.127000,0.565833,0.069844,0.629169,-0.620745,0.534431,-0.387172,0.423269
arm_1_right_finger,478.144000,0.566847,0.071652,0.627585,-0.621691,0.535585,-0.384170,0.423158
arm_1_right_finger,478.161000,0.567862,0.073492,0.625973,-0.622645,0.536752,-0.381129,0.423026
arm_1_right_finger,478.178000,0.568879,0.075366,0.624333,-0.623608,0.537932,-0.378050,0.422872
arm_1_right_finger,478.195000,0.569896,0.077273,0.622664,-0.624579,0.539126,-0.374932,0.422694
arm_1_right_finger,478.212000,0.570912,0.079212,0.620967,-0.625558,0.540332,-0.371777,0.422493
arm_1_right_finger,478.229000,0.571927,0.081186,0.619240,-0.626544,0.541552,-0.368583,0.422267
arm_1_right_finger,478.246000,0.572941,0.083193,0.617484,-0.627538,0.542785,-0.365353,0.422016
arm_1_right_finger,478.263000,0.573952,0.085235,0.615699,-0.628540,0.544030,-0.362085,0.421739
arm_1_right_finger,478.280000,0.574961,0.087310,0.613884,-0.629548,0.545287,-0.358781,0.421434
arm_1_right_finger,478.296000,0.575906,0.089294,0.612149,-0.630504,0.546482,-0.355639,0.421122
arm_1_right_finger,478.311000,0.576789,0.091183,0.610498,-0.631405,0.547612,-0.352663,0.420806
arm_1_right_finger,478.328000,0.577785,0.093356,0.608598,-0.632432,0.548904,-0.349257,0.420420
arm_1_right_finger,478.344000,0.578717,0.095432,0.606783,-0.633404,0.550131,-0.346021,0.420029
arm_1_right_finger,478.360000,0.579643,0.097539,0.604940,-0.634382,0.551368,-0.342753,0.419611
arm_1_right_finger,478.377000,0.580619,0.099812,0.602952,-0.635427,0.552694,-0.339248,0.419134
arm_1_right_finger,478.394000,0.581588,0.102119,0.600934,-0.636476,0.554030,-0.335710,0.418625
arm_1_right_finger,478.411000,0.582548,0.104464,0.598884,-0.637531,0.555379,-0.332137,0.418082
arm_1_right_finger,478.428000,0.583499,0.106843,0.596802,-0.638592,0.556739,-0.328531,0.417504
arm_1_right_finger,478.445000,0.584439,0.109258,0.594689,-0.639657,0.558110,-0.324892,0.416890
arm_1_right_finger,478.459000,0.585204,0.111273,0.592926,-0.640537,0.559247,-0.321874,0.416357
arm_1_right_finger,478.475000,0.586067,0.113600,0.590889,-0.641544,0.560552,-0.318405,0.415718
arm_1_right_finger,478.492000,0.586969,0.116097,0.588701,-0.642614,0.561943,-0.314704,0.415005
arm_1_right_finger,478.509000,0.587852,0.118617,0.586493,-0.643682,0.563337,-0.310992,0.414256
arm_1_right_finger,478.526000,0.588715,0.121156,0.584269,-0.644747,0.564732,-0.307276,0.413474
arm_1_right_finger,478.543000,0.589558,0.123710,0.582029,-0.645807,0.566126,-0.303558,0.412658
arm_1_right_finger,478.560000,0.590378,0.126278,0.579776,-0.646861,0.567518,-0.299844,0.411809
arm_1_right_finger,478.577000,0.591176,0.128857,0.577511,0.647909,-0.568908,0.296135,-0.410928
arm_1_right_finger,478.594000,0.591950,0.131448,0.575236,0.648950,-0.570294,0.292433,-0.410014
arm_1_right_finger,478.610000,0.592657,0.133894,0.573086,0.649924,-0.571595,0.288957,-0.409124
arm_1_right_finger,478.627000,0.593385,0.136502,0.570792,0.650951,-0.572973,0.285273,-0.408148
arm_1_right_finger,478.644000,0.594089,0.139118,0.568490,0.651970,-0.574346,0.281600,-0.407140
arm_1_right_finger,478.661000,0.594768,0.141741,0.566179,0.652981,-0.575715,0.277939,-0.406101
arm_1_right_finger,478.679000,0.595459,0.144526,0.563725,0.654043,-0.577158,0.274076,-0.404967
arm_1_right_finger,478.696000,0.596087,0.147162,0.561399,0.655038,-0.578516,0.270441,-0.403864
arm_1_right_finger,478.713000,0.596690,0.149805,0.559065,0.656024,-0.579869,0.266820,-0.402730
arm_1_right_finger,478.730000,0.597267,0.152452,0.556725,0.657002,-0.581216,0.263214,-0.401566
arm_1_right_finger,478.747000,0.597819,0.155105,0.554378,0.657972,-0.582557,0.259621,-0.400371
arm_1_right_finger,478.764000,0.598346,0.157763,0.552024,0.658933,-0.583893,0.256044,-0.399146
arm_1_right_finger,478.781000,0.598847,0.160425,0.549664,0.659886,-0.585223,0.252482,-0.397891
arm_1_right_finger,478.798000,0.599322,0.163091,0.547297,0.660830,-0.586548,0.248935,-0.396606
arm_1_right_finger,478.814000,0.599746,0.165605,0.545065,0.661712,-0.587789,0.245612,-0.395369
arm_1_right_finger,478.831000,0.600172,0.168278,0.542686,0.662640,-0.589102,0.242096,-0.394026
arm_1_right_finger,478.847000,0.600549,0.170798,0.540443,0.663505,-0.590333,0.238802,-0.392735
arm_1_right_finger,478.864000,0.600924,0.173478,0.538053,0.664417,-0.591635,0.235319,-0.391335
arm_1_right_finger,478.881000,0.601274,0.176161,0.535658,0.665320,-0.592931,0.231852,-0.389906
arm_1_right_finger,478.898000,0.601597,0.178846,0.533257,0.666214,-0.594221,0.228403,-0.388448
arm_1_right_finger,478.915000,0.601895,0.181534,0.530850,0.667100,-0.595506,0.224971,-0.386961
arm_1_right_finger,478.932000,0.602167,0.184225,0.528439,0.667977,-0.596784,0.221557,-0.385445
arm_1_right_finger,478.949000,0.602412,0.186917,0.526022,0.668846,-0.598056,0.218160,-0.383900
arm_1_right_finger,478.966000,0.602632,0.189610,0.523600,0.669707,-0.599323,0.214782,-0.382327
arm_1_right_finger,478.983000,0.602825,0.192305,0.521174,0.670558,-0.600583,0.211422,-0.380726
arm_1_right_finger,479.000000,0.602993,0.195002,0.518742,0.671401,-0.601837,0.208081,-0.379097
arm_1_right_finger,479.017000,0.603134,0.197699,0.516306,0.672236,-0.603086,0.204759,-0.377439
arm_1_right_finger,479.034000,0.603249,0.200396,0.513865,0.673062,-0.604328,0.201455,-0.375754
arm_1_right_finger,479.051000,0.603338,0.203095,0.511419,0.673880,-0.605564,0.198171,-0.374042
arm_1_right_finger,479.068000,0.603400,0.205793,0.508969,0.674688,-0.606794,0.194907,-0.372301
arm_1_right_finger,479.085000,0.603436,0.208491,0.506515,0.675489,-0.608017,0.191662,-0.370534
arm_1_right_finger,479.102000,0.603446,0.211189,0.504057,0.676280,-0.609235,0.188438,-0.368739
arm_1_right_finger,479.119000,0.603430,0.213886,0.501595,0.677063,-0.610446,0.185233,-0.366918
arm_1_right_finger,479.135000,0.603391,0.216424,0.499274,0.677793,-0.611581,0.182236,-0.365179
arm_1_right_finger,479.152000,0.603324,0.219119,0.496804,0.678559,-0.612780,0.179072,-0.363306
arm_1_right_finger,479.170000,0.603224,0.221972,0.494185,0.679361,-0.614043,0.175744,-0.361294
arm_1_right_finger,479.187000,0.603103,0.224664,0.491708,0.680110,-0.615230,0.172623,-0.359366
arm_1_right_finger,479.205000,0.602946,0.227513,0.489081,0.680893,-0.616479,0.169341,-0.357297
arm_1_right_finger,479.222000,0.602771,0.230202,0.486597,0.681624,-0.617653,0.166264,-0.355317
arm_1_right_finger,479.239000,0.602570,0.232888,0.484110,0.682347,-0.618820,0.163209,-0.353310
arm_1_right_finger,479.255000,0.602356,0.235413,0.481766,0.683019,-0.619912,0.160353,-0.351399
arm_1_right_finger,479.271000,0.602120,0.237937,0.479419,0.683683,-0.621000,0.157518,-0.349465
arm_1_right_finger,479.287000,0.601860,0.240457,0.477070,0.684340,-0.622081,0.154702,-0.347509
arm_1_right_finger,479.304000,0.601558,0.243132,0.474572,0.685029,-0.623224,0.151731,-0.345406
arm_1_right_finger,479.321000,0.601231,0.245803,0.472071,0.685710,-0.624360,0.148784,-0.343279
arm_1_right_finger,479.338000,0.600877,0.248471,0.469567,0.686382,-0.625490,0.145860,-0.341127
arm_1_right_finger,479.354000,0.600521,0.250978,0.467209,0.687006,-0.626547,0.143129,-0.339079
arm_1_right_finger,479.371000,0.600117,0.253638,0.464701,0.687662,-0.627665,0.140250,-0.336881
arm_1_right_finger,479.388000,0.599687,0.256293,0.462191,0.688309,-0.628775,0.137394,-0.334658
arm_1_right_finger,479.405000,0.599231,0.258943,0.459679,0.688947,-0.629880,0.134563,-0.332411
arm_1_right_finger,479.422000,0.598749,0.261589,0.457165,0.689576,-0.630977,0.131755,-0.330141
arm_1_right_finger,479.438000,0.598273,0.264074,0.454797,0.690161,-0.632004,0.129134,-0.327984
arm_1_right_finger,479.451000,0.597868,0.266090,0.452872,0.690630,-0.632835,0.127021,-0.326216
arm_1_right_finger,479.464000,0.597449,0.268102,0.450946,0.691094,-0.633661,0.124922,-0.324434
arm_1_right_finger,479.480000,0.596912,0.270574,0.448575,0.691658,-0.634673,0.122359,-0.322223
arm_1_right_finger,479.494000,0.596424,0.272733,0.446499,0.692146,-0.635553,0.120133,-0.320272
arm_1_right_finger,479.511000,0.595808,0.275349,0.443977,0.692730,-0.636616,0.117454,-0.317882
arm_1_right_finger,479.528000,0.595166,0.277958,0.441454,0.693306,-0.637673,0.114800,-0.315471
arm_1_right_finger,479.545000,0.594499,0.280561,0.438930,0.693872,-0.638722,0.112172,-0.313037
arm_1_right_finger,479.559000,0.593931,0.282699,0.436850,0.694333,-0.639582,0.110026,-0.311016
arm_1_right_finger,479.571000,0.593430,0.284528,0.435068,0.694723,-0.640315,0.108201,-0.309273
arm_1_right_finger,479.588000,0.592699,0.287113,0.432541,0.695268,-0.641348,0.105638,-0.306785
arm_1_right_finger,479.604000,0.591987,0.289539,0.430163,0.695773,-0.642313,0.103248,-0.304423
arm_1_right_finger,479.620000,0.591254,0.291958,0.427785,0.696270,-0.643273,0.100882,-0.302044
arm_1_right_finger,479.636000,0.590499,0.294371,0.425406,0.696760,-0.644227,0.098540,-0.299645
arm_1_right_finger,479.652000,0.589721,0.296776,0.423027,0.697242,-0.645175,0.096221,-0.297229
arm_1_right_finger,479.669000,0.588880,0.299295,0.420527,0.697739,-0.646164,0.093812,-0.294674
arm_1_right_finger,479.685000,0.588055,0.301691,0.418142,0.698207,-0.647102,0.091532,-0.292211
arm_1_right_finger,479.702000,0.587155,0.304227,0.415609,0.698695,-0.648091,0.089141,-0.289580
arm_1_right_finger,479.720000,0.586176,0.306901,0.412929,0.699202,-0.649130,0.086640,-0.286774
arm_1_right_finger,479.737000,0.585226,0.309415,0.410399,0.699672,-0.650105,0.084307,-0.284105
arm_1_right_finger,479.753000,0.584310,0.311773,0.408019,0.700106,-0.651015,0.082137,-0.281576
arm_1_right_finger,479.768000,0.583432,0.313975,0.405789,0.700506,-0.651862,0.080125,-0.279190
arm_1_right_finger,479.786000,0.582354,0.316607,0.403114,0.700977,-0.652872,0.077740,-0.276308
arm_1_right_finger,479.803000,0.581310,0.319082,0.400588,0.701412,-0.653818,0.075516,-0.273568
arm_1_right_finger,479.819000,0.580307,0.321402,0.398213,0.701815,-0.654703,0.073449,-0.270972
arm_1_right_finger,479.827000,0.579797,0.322558,0.397025,0.702013,-0.655142,0.072425,-0.269669
arm_1_right_finger,479.844000,0.578696,0.325008,0.394503,0.702428,-0.656072,0.070270,-0.266885
arm_1_right_finger,479.861000,0.577572,0.327447,0.391982,0.702834,-0.656994,0.068143,-0.264084
arm_1_right_finger,479.878000,0.576424,0.329874,0.389462,0.703231,-0.657909,0.066045,-0.261266
arm_1_right_finger,479.895000,0.575253,0.332291,0.386944,0.703620,-0.658817,0.063975,-0.258431
arm_1_right_finger,479.912000,0.574058,0.334696,0.384428,0.704000,-0.659718,0.061935,-0.255579
arm_1_right_finger,479.929000,0.572840,0.337089,0.381914,0.704371,-0.660612,0.059923,-0.252710
arm_1_right_finger,479.947000,0.571526,0.339610,0.379254,0.704755,-0.661550,0.057825,-0.249655
arm_1_right_finger,479.964000,0.570261,0.341979,0.376743,0.705109,-0.662430,0.055874,-0.246752
arm_1_right_finger,479.979000,0.569125,0.344059,0.374530,0.705414,-0.663199,0.054176,-0.244178
arm_1_right_finger,479.996000,0.567817,0.346405,0.372024,0.705751,-0.664065,0.052281,-0.241246
arm_1_right_finger,480.013000,0.566487,0.348738,0.369520,0.706080,-0.664923,0.050414,-0.238299
arm_1_right_finger,480.030000,0.565134,0.351059,0.367018,0.706400,-0.665775,0.048578,-0.235337
arm_1_right_finger,480.047000,0.563759,0.353367,0.364519,0.706711,-0.666619,0.046771,-0.232359
arm_1_right_finger,480.064000,0.562362,0.355661,0.362023,0.707014,-0.667456,0.044994,-0.229367
arm_1_right_finger,480.081000,0.560943,0.357942,0.359530,0.707308,-0.668285,0.043248,-0.226361
arm_1_right_finger,480.098000,0.559502,0.360210,0.357039,0.707594,-0.669108,0.041532,-0.223340
arm_1_right_finger,480.115000,0.558037,0.362465,0.354548,0.707871,-0.669923,0.039846,-0.220306
arm_1_right_finger,480.132000,0.556552,0.364706,0.352063,0.708139,-0.670730,0.038190,-0.217257
arm_1_right_finger,480.149000,0.555047,0.366932,0.349582,0.708399,-0.671531,0.036566,-0.214196
arm_1_right_finger,480.166000,0.553520,0.369144,0.347105,0.708650,-0.672324,0.034971,-0.211121
arm_1_right_finger,480.183000,0.551972,0.371342,0.344631,0.708893,-0.673110,0.033408,-0.208034
arm_1_right_finger,480.200000,0.550404,0.373526,0.342161,0.709127,-0.673888,0.031876,-0.204934
arm_1_right_finger,480.218000,0.548720,0.375821,0.339549,0.709365,-0.674704,0.030287,-0.201638
arm_1_right_finger,480.234000,0.547204,0.377848,0.337232,0.709569,-0.675423,0.028904,-0.198697
arm_1_right_finger,480.251000,0.545574,0.379987,0.334773,0.709777,-0.676179,0.027465,-0.195561
arm_1_right_finger,480.268000,0.543924,0.382111,0.332318,0.709977,-0.676928,0.026057,-0.192414
arm_1_right_finger,480.285000,0.542253,0.384219,0.329868,0.710168,-0.677669,0.024681,-0.189255
arm_1_right_finger,480.302000,0.540563,0.386312,0.327422,0.710350,-0.678403,0.023336,-0.186085
arm_1_right_finger,480.319000,0.538853,0.388389,0.324981,0.710524,-0.679129,0.022023,-0.182905
arm_1_right_finger,480.336000,0.537123,0.390451,0.322544,0.710689,-0.679848,0.020741,-0.179714
arm_1_right_finger,480.353000,0.535374,0.392497,0.320112,0.710846,-0.680560,0.019491,-0.176513
arm_1_right_finger,480.369000,0.533710,0.394407,0.317827,0.710985,-0.681223,0.018344,-0.173491
arm_1_right_finger,480.386000,0.531924,0.396421,0.315404,0.711126,-0.681919,0.017156,-0.170271
arm_1_right_finger,480.402000,0.530227,0.398302,0.313128,0.711250,-0.682568,0.016067,-0.167232
arm_1_right_finger,480.418000,0.528513,0.400167,0.310859,0.711366,-0.683210,0.015007,-0.164187
arm_1_right_finger,480.435000,0.526679,0.402128,0.308458,0.711481,-0.683883,0.013915,-0.160951
arm_1_right_finger,480.452000,0.524833,0.404065,0.306071,0.711587,-0.684546,0.012858,-0.157717
arm_1_right_finger,480.469000,0.523002,0.405953,0.303730,0.711683,-0.685191,0.011851,-0.154531
arm_1_right_finger,480.487000,0.521030,0.407949,0.301239,0.711777,-0.685870,0.010810,-0.151125
arm_1_right_finger,480.504000,0.519168,0.409799,0.298915,0.711856,-0.686498,0.009869,-0.147931
arm_1_right_finger,480.521000,0.517306,0.411616,0.296617,0.711927,-0.687113,0.008966,-0.144759
arm_1_right_finger,480.539000,0.515338,0.413503,0.294214,0.711992,-0.687750,0.008052,-0.141428
arm_1_right_finger,480.556000,0.513482,0.415251,0.291974,0.712046,-0.688339,0.007229,-0.138308
arm_1_right_finger,480.573000,0.511632,0.416964,0.289764,0.712091,-0.688914,0.006443,-0.135215
arm_1_right_finger,480.590000,0.509788,0.418643,0.287583,0.712128,-0.689476,0.005693,-0.132152
arm_1_right_finger,480.607000,0.507950,0.420288,0.285433,0.712158,-0.690025,0.004980,-0.129117
arm_1_right_finger,480.625000,0.506013,0.421993,0.283188,0.712182,-0.690593,0.004263,-0.125937
arm_1_right_finger,480.642000,0.504191,0.423570,0.281098,0.712197,-0.691117,0.003621,-0.122965
arm_1_right_finger,480.660000,0.502273,0.425203,0.278919,0.712205,-0.691658,0.002978,-0.119852
arm_1_right_finger,480.678000,0.500365,0.426800,0.276773,0.712206,-0.692185,0.002371,-0.116774
arm_1_right_finger,480.696000,0.498470,0.428360,0.274660,0.712200,-0.692699,0.001800,-0.113733
arm_1_right_finger,480.713000,0.496691,0.429801,0.272696,0.712188,-0.693173,0.001291,-0.110895
arm_1_right_finger,480.730000,0.494924,0.431211,0.270762,0.712171,-0.693634,0.000813,-0.108089
arm_1_right_finger,480.747000,0.493169,0.432590,0.268857,0.712148,-0.694085,0.000363,-0.105316
arm_1_right_finger,480.764000,0.491428,0.433939,0.266982,0.712119,-0.694525,-0.000058,-0.102578
arm_1_right_finger,480.781000,0.489699,0.435258,0.265136,0.712085,-0.694953,-0.000453,-0.099872
arm_1_right_finger,480.788000,0.488992,0.435792,0.264385,0.712070,-0.695127,-0.000608,-0.098768
arm_1_right_finger,480.802000,0.487584,0.436846,0.262897,0.712037,-0.695468,-0.000904,-0.096578
arm_1_right_finger,480.819000,0.485888,0.438098,0.261117,0.711992,-0.695872,-0.001241,-0.093950
arm_1_right_finger,480.836000,0.484206,0.439323,0.259366,0.711944,-0.696267,-0.001553,-0.091356
arm_1_right_finger,480.853000,0.482540,0.440519,0.257644,0.711891,-0.696651,-0.001842,-0.088797
arm_1_right_finger,480.870000,0.480889,0.441687,0.255950,0.711834,-0.697026,-0.002107,-0.086273
arm_1_right_finger,480.887000,0.479255,0.442828,0.254285,0.711773,-0.697391,-0.002351,-0.083785
arm_1_right_finger,480.904000,0.477639,0.443942,0.252650,0.711709,-0.697746,-0.002574,-0.081332
arm_1_right_finger,480.921000,0.476038,0.445030,0.251042,0.711641,-0.698092,-0.002776,-0.078914
arm_1_right_finger,480.938000,0.474456,0.446091,0.249463,0.711570,-0.698428,-0.002958,-0.076533
arm_1_right_finger,480.955000,0.472891,0.447127,0.247911,0.711496,-0.698756,-0.003121,-0.074187
arm_1_right_finger,480.972000,0.471345,0.448138,0.246387,0.711419,-0.699075,-0.003266,-0.071877
arm_1_right_finger,480.988000,0.469907,0.449066,0.244979,0.711345,-0.699367,-0.003387,-0.069736
arm_1_right_finger,481.004000,0.468485,0.449973,0.243595,0.711268,-0.699651,-0.003493,-0.067627
arm_1_right_finger,481.021000,0.466994,0.450913,0.242152,0.711185,-0.699945,-0.003590,-0.065422
arm_1_right_finger,481.038000,0.465521,0.451829,0.240735,0.711099,-0.700231,-0.003671,-0.063253
arm_1_right_finger,481.055000,0.464070,0.452722,0.239346,0.711011,-0.700509,-0.003738,-0.061119
arm_1_right_finger,481.073000,0.462553,0.453643,0.237904,0.710917,-0.700795,-0.003793,-0.058901
arm_1_right_finger,481.090000,0.461143,0.454490,0.236571,0.710825,-0.701057,-0.003831,-0.056844
arm_1_right_finger,481.107000,0.459754,0.455313,0.235264,0.710733,-0.701312,-0.003857,-0.054824
arm_1_right_finger,481.124000,0.458386,0.456116,0.233984,0.710639,-0.701559,-0.003871,-0.052839
arm_1_right_finger,481.140000,0.457117,0.456852,0.232803,0.710550,-0.701785,-0.003874,-0.051006
arm_1_right_finger,481.157000,0.455791,0.457613,0.231574,0.710455,-0.702018,-0.003866,-0.049093
arm_1_right_finger,481.175000,0.454409,0.458397,0.230301,0.710353,-0.702257,-0.003847,-0.047108
arm_1_right_finger,481.192000,0.453128,0.459116,0.229127,0.710256,-0.702476,-0.003818,-0.045272
arm_1_right_finger,481.209000,0.451869,0.459815,0.227977,0.710159,-0.702688,-0.003781,-0.043472
arm_1_right_finger,481.226000,0.450633,0.460494,0.226854,0.710061,-0.702894,-0.003736,-0.041710
arm_1_right_finger,481.243000,0.449418,0.461154,0.225755,0.709963,-0.703093,-0.003683,-0.039984
arm_1_right_finger,481.259000,0.448297,0.461758,0.224745,0.709871,-0.703275,-0.003626,-0.038394
arm_1_right_finger,481.273000,0.447333,0.462273,0.223881,0.709790,-0.703430,-0.003571,-0.037029
arm_1_right_finger,481.287000,0.446384,0.462775,0.223032,0.709710,-0.703581,-0.003512,-0.035689
arm_1_right_finger,481.304000,0.445254,0.463368,0.222025,0.709613,-0.703758,-0.003436,-0.034097
arm_1_right_finger,481.321000,0.444148,0.463944,0.221044,0.709516,-0.703930,-0.003353,-0.032541
arm_1_right_finger,481.338000,0.443064,0.464502,0.220086,0.709420,-0.704096,-0.003266,-0.031022
arm_1_right_finger,481.355000,0.442005,0.465042,0.219154,0.709324,-0.704256,-0.003175,-0.029539
arm_1_right_finger,481.372000,0.440971,0.465566,0.218247,0.709229,-0.704411,-0.003079,-0.028095
arm_1_right_finger,481.390000,0.439901,0.466102,0.217312,0.709130,-0.704569,-0.002974,-0.026604
arm_1_right_finger,481.408000,0.438860,0.466619,0.216406,0.709032,-0.704722,-0.002866,-0.025157
arm_1_right_finger,481.425000,0.437902,0.467092,0.215575,0.708940,-0.704860,-0.002762,-0.023827
arm_1_right_finger,481.442000,0.436969,0.467548,0.214767,0.708850,-0.704994,-0.002655,-0.022534
arm_1_right_finger,481.459000,0.436060,0.467989,0.213984,0.708761,-0.705123,-0.002546,-0.021277
arm_1_right_finger,481.476000,0.435177,0.468414,0.213225,0.708674,-0.705247,-0.002436,-0.020058
arm_1_right_finger,481.493000,0.434318,0.468824,0.212489,0.708588,-0.705366,-0.002326,-0.018876
arm_1_right_finger,481.510000,0.433485,0.469218,0.211777,0.708504,-0.705480,-0.002215,-0.017731
arm_1_right_finger,481.527000,0.432679,0.469598,0.211090,0.708422,-0.705590,-0.002103,-0.016622
arm_1_right_finger,481.544000,0.431896,0.469964,0.210425,0.708341,-0.705696,-0.001992,-0.015549
arm_1_right_finger,481.561000,0.431139,0.470316,0.209784,0.708263,-0.705797,-0.001882,-0.014514
arm_1_right_finger,481.578000,0.430408,0.470653,0.209166,0.708186,-0.705894,-0.001772,-0.013515
arm_1_right_finger,481.595000,0.429704,0.470976,0.208572,0.708112,-0.705987,-0.001664,-0.012554
arm_1_right_finger,481.612000,0.429026,0.471285,0.208002,0.708039,-0.706076,-0.001557,-0.011629
arm_1_right_finger,481.629000,0.428372,0.471581,0.207452,0.707969,-0.706160,-0.001452,-0.010740
arm_1_right_finger,481.646000,0.427746,0.471864,0.206928,0.707902,-0.706241,-0.001349,-0.009888
arm_1_right_finger,481.664000,0.427110,0.472149,0.206397,0.707832,-0.706322,-0.001243,-0.009025
arm_1_right_finger,481.682000,0.426505,0.472418,0.205892,0.707766,-0.706398,-0.001139,-0.008203
arm_1_right_finger,481.699000,0.425959,0.472660,0.205437,0.707706,-0.706467,-0.001045,-0.007465
arm_1_right_finger,481.716000,0.425441,0.472889,0.205007,0.707649,-0.706531,-0.000953,-0.006764
arm_1_right_finger,481.733000,0.424949,0.473105,0.204598,0.707594,-0.706593,-0.000865,-0.006097
arm_1_right_finger,481.750000,0.424484,0.473309,0.204213,0.707542,-0.706650,-0.000781,-0.005469
arm_1_right_finger,481.767000,0.424044,0.473501,0.203849,0.707492,-0.706704,-0.000700,-0.004876
arm_1_right_finger,481.784000,0.423630,0.473680,0.203508,0.707446,-0.706754,-0.000623,-0.004319
arm_1_right_finger,481.801000,0.423245,0.473847,0.203190,0.707402,-0.706801,-0.000551,-0.003800
arm_1_right_finger,481.818000,0.422886,0.474001,0.202894,0.707361,-0.706845,-0.000483,-0.003316
arm_1_right_finger,481.836000,0.422535,0.474152,0.202605,0.707321,-0.706887,-0.000415,-0.002844
arm_1_right_finger,481.853000,0.422231,0.474283,0.202355,0.707286,-0.706924,-0.000329,-0.002462
arm_1_right_finger,481.871000,0.421937,0.474408,0.202113,0.707252,-0.706959,-0.000298,-0.002042
arm_1_right_finger,481.887000,0.421701,0.474508,0.201920,0.707225,-0.706987,-0.000253,-0.001724
arm_1_right_finger,481.904000,0.421479,0.474603,0.201738,0.707199,-0.707013,-0.000209,-0.001425
arm_1_right_finger,481.919000,0.421304,0.474678,0.201595,0.707179,-0.707034,-0.000175,-0.001190
arm_1_right_finger,481.934000,0.421150,0.474743,0.201469,0.707161,-0.707052,-0.000144,-0.000984
arm_1_right_finger,481.950000,0.421009,0.474803,0.201353,0.707144,-0.707069,-0.000111,-0.000798
arm_1_right_finger,481.967000,0.420886,0.474855,0.201252,0.707130,-0.707083,-0.000086,-0.000633
arm_1_right_finger,481.982000,0.420797,0.474892,0.201179,0.707120,-0.707094,-0.000043,-0.000542
arm_1_right_finger,481.994000,0.420742,0.474916,0.201134,0.707113,-0.707100,-0.000058,-0.000439
arm_1_right_finger,482.009000,0.420684,0.474940,0.201087,0.707107,-0.707107,-0.000050,-0.000359
arm_1_right_finger,482.026000,0.420685,0.474940,0.201087,0.707107,-0.707107,-0.000051,-0.000360
arm_1_right_finger,482.043000,0.420700,0.474934,0.201093,0.707108,-0.707105,-0.000054,-0.000380
arm_1_right_finger,482.061000,0.420714,0.474930,0.201085,0.707110,-0.707104,-0.000052,-0.000401
arm_1_right_finger,482.078000,0.420724,0.474929,0.201057,0.707111,-0.707102,-0.000068,-0.000398
arm_1_right_finger,482.095000,0.420731,0.474930,0.201012,0.707112,-0.707102,-0.000019,-0.000457
arm_1_right_finger,482.112000,0.420738,0.474934,0.200946,0.707112,-0.707101,-0.000005,-0.000479
arm_1_right_finger,482.129000,0.420751,0.474940,0.200863,0.707113,-0.707101,-0.000063,-0.000426
arm_1_right_finger,482.146000,0.420762,0.474947,0.200756,0.707113,-0.707100,-0.000029,-0.000465
arm_1_right_finger,482.163000,0.420770,0.474958,0.200621,0.707113,-0.707100,-0.000041,-0.000455
arm_1_right_finger,482.178000,0.420779,0.474968,0.200484,0.707113,-0.707100,-0.000066,-0.000432
arm_1_right_finger,482.195000,0.420792,0.474982,0.200308,0.707113,-0.707100,-0.000036,-0.000462
arm_1_right_finger,482.212000,0.420805,0.474998,0.200104,0.707113,-0.707100,-0.000060,-0.000440
arm_1_right_finger,482.229000,0.420818,0.475016,0.199875,0.707113,-0.707100,-0.000030,-0.000470
arm_1_right_finger,482.246000,0.420833,0.475036,0.199622,0.707113,-0.707100,-0.000061,-0.000439
arm_1_right_finger,482.263000,0.420848,0.475058,0.199342,0.707113,-0.707100,-0.000071,-0.000428
arm_1_right_finger,482.280000,0.420865,0.475082,0.199038,0.707113,-0.707100,-0.000060,-0.000438
arm_1_right_finger,482.297000,0.420883,0.475108,0.198706,0.707113,-0.707100,-0.000070,-0.000426
arm_1_right_finger,482.314000,0.420901,0.475136,0.198350,0.707113,-0.707100,-0.000029,-0.000466
arm_1_right_finger,482.331000,0.420924,0.475166,0.197969,0.707113,-0.707101,-0.000057,-0.000436
arm_1_right_finger,482.349000,0.420946,0.475199,0.197536,0.707113,-0.707101,-0.000059,-0.000432
arm_1_right_finger,482.365000,0.420969,0.475230,0.197127,0.707113,-0.707101,-0.000060,-0.000429
arm_1_right_finger,482.380000,0.420990,0.475260,0.196723,0.707112,-0.707101,-0.000060,-0.000427
arm_1_right_finger,482.396000,0.421014,0.475294,0.196270,0.707112,-0.707101,-0.000065,-0.000420
arm_1_right_finger,482.413000,0.421039,0.475332,0.195763,0.707112,-0.707101,-0.000062,-0.000420
arm_1_right_finger,482.430000,0.421067,0.475371,0.195230,0.707112,-0.707102,-0.000024,-0.000456
arm_1_right_finger,482.446000,0.421092,0.475409,0.194704,0.707112,-0.707102,-0.000057,-0.000420
arm_1_right_finger,482.463000,0.421122,0.475450,0.194122,0.707111,-0.707102,-0.000058,-0.000416
arm_1_right_finger,482.480000,0.421151,0.475493,0.193512,0.707111,-0.707102,-0.000062,-0.000408
arm_1_right_finger,482.497000,0.421181,0.475537,0.192877,0.707111,-0.707103,-0.000063,-0.000404
arm_1_right_finger,482.514000,0.421213,0.475583,0.192216,0.707111,-0.707103,-0.000061,-0.000403
arm_1_right_finger,482.531000,0.421240,0.475629,0.191525,0.707110,-0.707103,-0.000006,-0.000454
arm_1_right_finger,482.548000,0.421274,0.475676,0.190814,0.707110,-0.707103,-0.000020,-0.000437
arm_1_right_finger,482.565000,0.421309,0.475724,0.190076,0.707110,-0.707104,-0.000032,-0.000422
arm_1_right_finger,482.582000,0.421343,0.475773,0.189312,0.707110,-0.707104,-0.000037,-0.000412
arm_1_right_finger,482.599000,0.421377,0.475822,0.188522,0.707109,-0.707104,-0.000041,-0.000404
arm_1_right_finger,482.616000,0.421410,0.475872,0.187704,0.707109,-0.707105,-0.000060,-0.000381
arm_1_right_finger,482.633000,0.421446,0.475923,0.186863,0.707109,-0.707105,-0.000056,-0.000381
arm_1_right_finger,482.650000,0.421479,0.475973,0.185994,0.707108,-0.707105,-0.000056,-0.000376
arm_1_right_finger,482.666000,0.421513,0.476021,0.185153,0.707108,-0.707106,-0.000038,-0.000390
arm_1_right_finger,482.683000,0.421547,0.476073,0.184234,0.707107,-0.707106,-0.000056,-0.000368
arm_1_right_finger,482.700000,0.421580,0.476124,0.183289,0.707107,-0.707106,-0.000026,-0.000393
arm_1_right_finger,482.716000,0.421614,0.476172,0.182377,0.707107,-0.707107,-0.000059,-0.000355
arm_1_right_finger,482.732000,0.421644,0.476220,0.181440,0.707106,-0.707107,-0.000066,-0.000342
arm_1_right_finger,482.749000,0.421680,0.476270,0.180423,0.707106,-0.707108,-0.000048,-0.000356
arm_1_right_finger,482.766000,0.421713,0.476320,0.179377,0.707106,-0.707108,-0.000048,-0.000350
arm_1_right_finger,482.783000,0.421745,0.476370,0.178307,0.707105,-0.707108,-0.000050,-0.000343
arm_1_right_finger,482.800000,0.421778,0.476418,0.177211,0.707105,-0.707109,-0.000032,-0.000355
arm_1_right_finger,482.817000,0.421810,0.476466,0.176089,0.707104,-0.707109,-0.000025,-0.000356
arm_1_right_finger,482.834000,0.421840,0.476513,0.174941,0.707104,-0.707110,-0.000017,-0.000358
arm_1_right_finger,482.851000,0.421869,0.476559,0.173767,0.707103,-0.707110,-0.000057,-0.000312
arm_1_right_finger,482.868000,0.421898,0.476603,0.172567,0.707103,-0.707111,-0.000059,-0.000304
arm_1_right_finger,482.885000,0.421925,0.476646,0.171342,0.707102,-0.707111,-0.000059,-0.000298
arm_1_right_finger,482.902000,0.421952,0.476687,0.170093,0.707102,-0.707112,-0.000046,-0.000305
arm_1_right_finger,482.919000,0.421976,0.476727,0.168814,0.707101,-0.707112,-0.000064,-0.000279
arm_1_right_finger,482.936000,0.421999,0.476765,0.167513,0.707101,-0.707113,-0.000056,-0.000281
arm_1_right_finger,482.952000,0.422019,0.476798,0.166264,0.707100,-0.707113,-0.000056,-0.000275
arm_1_right_finger,482.969000,0.422041,0.476832,0.164913,0.707100,-0.707114,-0.000041,-0.000283
arm_1_right_finger,482.987000,0.422059,0.476864,0.163453,0.707099,-0.707114,-0.000054,-0.000262
arm_1_right_finger,483.003000,0.422074,0.476891,0.162133,0.707099,-0.707115,-0.000053,-0.000256
arm_1_right_finger,483.019000,0.422088,0.476915,0.160790,0.707098,-0.707115,-0.000016,-0.000286
arm_1_right_finger,483.034000,0.422098,0.476936,0.159509,0.707098,-0.707116,-0.000052,-0.000244
arm_1_right_finger,483.051000,0.422109,0.476956,0.158033,0.707097,-0.707117,-0.000047,-0.000241
arm_1_right_finger,483.068000,0.422117,0.476973,0.156532,0.707096,-0.707117,-0.000013,-0.000268
arm_1_right_finger,483.081000,0.422119,0.476984,0.155367,0.707096,-0.707118,-0.000010,-0.000264
arm_1_right_finger,483.092000,0.422121,0.476991,0.154375,0.707095,-0.707118,-0.000035,-0.000234
arm_1_right_finger,483.104000,0.422122,0.476997,0.153288,0.707095,-0.707118,-0.000009,-0.000255
arm_1_right_finger,483.113000,0.422123,0.477001,0.152472,0.707095,-0.707119,-0.000004,-0.000256
arm_1_right_finger,483.129000,0.422120,0.477004,0.151021,0.707094,-0.707119,-0.000014,-0.000238
arm_1_right_finger,483.145000,0.422109,0.477004,0.149569,0.707094,-0.707120,0.000022,-0.000267
arm_1_right_finger,483.162000,0.422106,0.477000,0.148046,0.707093,-0.707121,-0.000031,-0.000206
arm_1_right_finger,483.178000,0.422097,0.476993,0.146622,0.707092,-0.707121,-0.000030,-0.000199
arm_1_right_finger,483.195000,0.422084,0.476982,0.145133,0.707092,-0.707122,-0.000028,-0.000193
arm_1_right_finger,483.212000,0.422068,0.476968,0.143653,0.707091,-0.707122,-0.000044,-0.000170
arm_1_right_finger,483.229000,0.422049,0.476950,0.142195,0.707091,-0.707123,-0.000043,-0.000163
arm_1_right_finger,483.246000,0.422031,0.476930,0.140760,0.707090,-0.707124,-0.000025,-0.000174
arm_1_right_finger,483.259000,0.422014,0.476912,0.139677,0.707090,-0.707124,0.000005,-0.000198
arm_1_right_finger,483.272000,0.421996,0.476893,0.138608,0.707089,-0.707124,-0.000024,-0.000164
arm_1_right_finger,483.283000,0.421978,0.476875,0.137714,0.707089,-0.707125,-0.000040,-0.000143
arm_1_right_finger,483.297000,0.421957,0.476851,0.136593,0.707088,-0.707125,-0.000020,-0.000157
arm_1_right_finger,483.311000,0.421935,0.476825,0.135489,0.707088,-0.707126,-0.000035,-0.000137
arm_1_right_finger,483.328000,0.421905,0.476792,0.134170,0.707087,-0.707126,-0.000035,-0.000129
arm_1_right_finger,483.345000,0.421876,0.476756,0.132878,0.707087,-0.707127,-0.000020,-0.000138
arm_1_right_finger,483.362000,0.421844,0.476719,0.131610,0.707086,-0.707127,-0.000016,-0.000135
arm_1_right_finger,483.379000,0.421811,0.476680,0.130368,0.707086,-0.707128,-0.000015,-0.000130
arm_1_right_finger,483.395000,0.421779,0.476641,0.129224,0.707085,-0.707128,0.000007,-0.000146
arm_1_right_finger,483.412000,0.421744,0.476599,0.128032,0.707085,-0.707129,0.000011,-0.000144
arm_1_right_finger,483.428000,0.421709,0.476558,0.126933,0.707084,-0.707129,-0.000032,-0.000095
arm_1_right_finger,483.445000,0.421673,0.476514,0.125794,0.707084,-0.707130,-0.000013,-0.000108
arm_1_right_finger,483.463000,0.421632,0.476465,0.124612,0.707083,-0.707130,0.000017,-0.000131
arm_1_right_finger,483.480000,0.421596,0.476419,0.123526,0.707083,-0.707131,-0.000011,-0.000098
arm_1_right_finger,483.497000,0.421557,0.476371,0.122464,0.707083,-0.707131,-0.000009,-0.000095
arm_1_right_finger,483.513000,0.421519,0.476326,0.121488,0.707082,-0.707131,-0.000009,-0.000090
arm_1_right_finger,483.531000,0.421479,0.476275,0.120419,0.707082,-0.707132,0.000010,-0.000103
arm_1_right_finger,483.548000,0.421439,0.476226,0.119434,0.707081,-0.707132,0.000019,-0.000107
arm_1_right_finger,483.565000,0.421399,0.476176,0.118475,0.707081,-0.707133,-0.000024,-0.000059
arm_1_right_finger,483.582000,0.421360,0.476127,0.117544,0.707081,-0.707133,-0.000008,-0.000070
arm_1_right_finger,483.599000,0.421321,0.476078,0.116638,0.707080,-0.707133,0.000012,-0.000086
arm_1_right_finger,483.616000,0.421281,0.476029,0.115756,0.707080,-0.707134,-0.000022,-0.000047
arm_1_right_finger,483.632000,0.421245,0.475982,0.114952,0.707079,-0.707134,-0.000006,-0.000058
arm_1_right_finger,483.649000,0.421207,0.475934,0.114122,0.707079,-0.707134,0.000013,-0.000074
arm_1_right_finger,483.666000,0.421167,0.475885,0.113316,0.707079,-0.707135,-0.000019,-0.000036
arm_1_right_finger,483.683000,0.421130,0.475838,0.112538,0.707078,-0.707135,-0.000005,-0.000047
arm_1_right_finger,483.700000,0.421091,0.475791,0.111782,0.707078,-0.707135,0.000028,-0.000076
arm_1_right_finger,483.717000,0.421055,0.475744,0.111056,0.707078,-0.707136,0.000024,-0.000068
arm_1_right_finger,483.734000,0.421019,0.475699,0.110354,0.707078,-0.707136,0.000020,-0.000061
arm_1_right_finger,483.751000,0.420984,0.475654,0.109678,0.707077,-0.707136,0.000017,-0.000054
arm_1_right_finger,483.769000,0.420947,0.475607,0.108990,0.707077,-0.707137,-0.000015,-0.000018
arm_1_right_finger,483.786000,0.420914,0.475565,0.108366,0.707077,-0.707137,0.000022,-0.000052
arm_1_right_finger,483.803000,0.420882,0.475523,0.107769,0.707077,-0.707137,-0.000000,-0.000027
arm_1_right_finger,483.821000,0.420849,0.475481,0.107164,0.707076,-0.707137,0.000012,-0.000036
arm_1_right_finger,483.839000,0.420816,0.475440,0.106587,0.707076,-0.707138,0.000024,-0.000044
arm_1_right_finger,483.856000,0.420787,0.475402,0.106069,0.707076,-0.707138,0.000019,-0.000036
arm_1_right_finger,483.874000,0.420756,0.475364,0.105547,0.707076,-0.707138,-0.000016,0.000001
arm_1_right_finger,483.891000,0.420725,0.475330,0.105078,0.707075,-0.707138,0.000058,-0.000071
arm_1_right_finger,483.909000,0.420702,0.475295,0.104615,0.707075,-0.707138,0.000009,-0.000020
arm_1_right_finger,483.926000,0.420679,0.475264,0.104203,0.707075,-0.707139,-0.000000,-0.000008
arm_1_right_finger,483.943000,0.420656,0.475234,0.103816,0.707075,-0.707139,-0.000003,-0.000003
arm_1_right_finger,483.960000,0.420635,0.475206,0.103454,0.707075,-0.707139,0.000041,-0.000046
arm_1_right_finger,483.977000,0.420614,0.475180,0.103117,0.707075,-0.707139,0.000031,-0.000033
arm_1_right_finger,483.993000,0.420595,0.475157,0.102821,0.707074,-0.707139,0.000027,-0.000027
arm_1_right_finger,484.009000,0.420578,0.475136,0.102550,0.707074,-0.707139,0.000003,-0.000002
arm_1_right_finger,484.026000,0.420564,0.475115,0.102288,0.707074,-0.707139,0.000042,-0.000040
arm_1_right_finger,484.043000,0.420547,0.475096,0.102047,0.707074,-0.707139,0.000029,-0.000026
arm_1_right_finger,484.060000,0.420534,0.475079,0.101835,0.707074,-0.707139,0.000001,0.000004
arm_1_right_finger,484.078000,0.420522,0.475063,0.101637,0.707074,-0.707140,0.000009,-0.000004
arm_1_right_finger,484.094000,0.420513,0.475051,0.101485,0.707074,-0.707140,0.000004,0.000002
arm_1_right_finger,484.110000,0.420505,0.475041,0.101356,0.707074,-0.707140,0.000004,0.000003
arm_1_right_finger,484.127000,0.420498,0.475032,0.101243,0.707074,-0.707140,0.000004,0.000003
arm_1_right_finger,484.144000,0.420493,0.475025,0.101155,0.707074,-0.707140,0.000011,-0.000003
arm_1_right_finger,484.161000,0.420489,0.475019,0.101088,0.707074,-0.707140,0.000014,-0.000005
arm_1_right_finger,484.178000,0.420486,0.475015,0.101036,0.707074,-0.707140,0.000011,-0.000002
arm_1_right_finger,484.195000,0.420478,0.475012,0.100992,0.707074,-0.707140,0.000008,0.000000
arm_1_right_finger,484.212000,0.420372,0.475009,0.100875,0.707074,-0.707140,0.000005,0.000004
arm_1_right_finger,484.229000,0.420134,0.475007,0.100654,0.707074,-0.707140,0.000004,0.000005
arm_1_right_finger,484.246000,0.419788,0.475006,0.100354,0.707074,-0.707140,0.000004,0.000005
arm_1_right_finger,484.263000,0.419359,0.475005,0.099994,0.707074,-0.707140,0.000004,0.000005
arm_1_right_finger,484.280000,0.418864,0.475004,0.099593,0.707074,-0.707140,0.000004,0.000005
arm_1_right_finger,484.293000,0.418448,0.475004,0.099266,0.707074,-0.707140,0.000004,0.000005
arm_1_right_finger,484.301000,0.418179,0.475003,0.099058,0.707074,-0.707140,0.000004,0.000005
arm_1_right_finger,484.315000,0.417687,0.475003,0.098686,0.707074,-0.707140,0.000004,0.000005
arm_1_right_finger,484.331000,0.417097,0.475003,0.098252,0.707074,-0.707140,0.000004,0.000005
arm_1_right_finger,484.348000,0.416442,0.475003,0.097786,0.707074,-0.707140,0.000004,0.000005
arm_1_right_finger,484.366000,0.415722,0.475002,0.097290,0.707074,-0.707140,0.000004,0.000005
arm_1_right_finger,484.383000,0.415022,0.475002,0.096825,0.707074,-0.707140,0.000004,0.000005
arm_1_right_finger,484.400000,0.414305,0.475002,0.096364,0.707074,-0.707140,0.000004,0.000005
arm_1_right_finger,484.417000,0.413572,0.475002,0.095910,0.707074,-0.707140,0.000004,0.000005
arm_1_right_finger,484.434000,0.412827,0.475002,0.095464,0.707074,-0.707140,0.000004,0.000005
arm_1_right_finger,484.450000,0.412115,0.475002,0.095053,0.707074,-0.707140,0.000004,0.000005
arm_1_right_finger,484.467000,0.411348,0.475002,0.094627,0.707074,-0.707140,0.000004,0.000005
arm_1_right_finger,484.484000,0.410572,0.475002,0.094211,0.707074,-0.707140,0.000004,0.000005
arm_1_right_finger,484.501000,0.409787,0.475002,0.093807,0.707074,-0.707140,0.000004,0.000005
arm_1_right_finger,484.519000,0.408948,0.475002,0.093392,0.707074,-0.707140,0.000004,0.000005
arm_1_right_finger,484.536000,0.408147,0.475002,0.093012,0.707074,-0.707140,0.000004,0.000005
arm_1_right_finger,484.553000,0.407339,0.475003,0.092646,0.707074,-0.707140,0.000004,0.000005
arm_1_right_finger,484.570000,0.406525,0.475003,0.092292,0.707074,-0.707140,0.000004,0.000005
arm_1_right_finger,484.587000,0.405704,0.475003,0.091951,0.707074,-0.707140,0.000004,0.000005
arm_1_right_finger,484.603000,0.404927,0.475003,0.091642,0.707074,-0.707140,0.000004,0.000005
arm_1_right_finger,484.620000,0.404095,0.475003,0.091326,0.707074,-0.707140,0.000004,0.000005
arm_1_right_finger,484.638000,0.403209,0.475003,0.091007,0.707074,-0.707140,0.000004,0.000005
arm_1_right_finger,484.655000,0.402367,0.475003,0.090719,0.707074,-0.707140,0.000004,0.000005
arm_1_right_finger,484.671000,0.401580,0.475003,0.090464,0.707074,-0.707140,0.000004,0.000005
arm_1_right_finger,484.683000,0.401190,0.475059,0.090416,0.707074,-0.707140,0.000234,-0.000336
arm_1_right_finger,484.693000,0.401123,0.475109,0.090451,0.707073,-0.707140,0.000329,-0.000525
arm_1_right_finger,484.705000,0.401130,0.475129,0.090474,0.707073,-0.707140,0.000631,-0.000862
arm_1_right_finger,484.717000,0.401134,0.475143,0.090489,0.707073,-0.707139,0.000802,-0.001058
arm_1_right_finger,484.729000,0.401136,0.475152,0.090499,0.707073,-0.707139,0.000882,-0.001154
arm_1_right_finger,484.741000,0.401131,0.475159,0.090505,0.707073,-0.707139,0.000956,-0.001240
arm_1_right_finger,484.753000,0.401133,0.475166,0.090513,0.707072,-0.707139,0.001039,-0.001337
arm_1_right_finger,484.765000,0.401133,0.475171,0.090517,0.707072,-0.707139,0.001049,-0.001354
arm_1_right_finger,484.777000,0.401132,0.475173,0.090519,0.707072,-0.707139,0.001014,-0.001322
arm_1_right_finger,484.789000,0.401131,0.475173,0.090519,0.707073,-0.707139,0.000950,-0.001259
arm_1_right_finger,484.801000,0.401125,0.475171,0.090513,0.707073,-0.707139,0.000868,-0.001172
arm_1_right_finger,484.813000,0.401127,0.475175,0.090519,0.707073,-0.707139,0.000929,-0.001242
arm_1_right_finger,484.825000,0.401127,0.475178,0.090522,0.707073,-0.707139,0.000932,-0.001249
arm_1_right_finger,484.837000,0.401127,0.475178,0.090522,0.707073,-0.707139,0.000900,-0.001218
arm_1_right_finger,484.849000,0.401124,0.475180,0.090523,0.707073,-0.707139,0.000930,-0.001250
arm_1_right_finger,484.862000,0.401125,0.475182,0.090526,0.707073,-0.707139,0.000961,-0.001286
arm_1_right_finger,484.874000,0.401125,0.475183,0.090526,0.707073,-0.707139,0.000935,-0.001261
arm_1_right_finger,484.886000,0.401123,0.475181,0.090524,0.707073,-0.707139,0.000875,-0.001199
arm_1_right_finger,484.898000,0.401123,0.475179,0.090521,0.707073,-0.707139,0.000807,-0.001127
arm_1_right_finger,484.910000,0.401123,0.475177,0.090519,0.707073,-0.707139,0.000743,-0.001058
arm_1_right_finger,484.922000,0.401123,0.475175,0.090516,0.707073,-0.707140,0.000684,-0.000995
arm_1_right_finger,484.934000,0.401123,0.475173,0.090514,0.707073,-0.707140,0.000631,-0.000938
arm_1_right_finger,484.946000,0.401121,0.475168,0.090508,0.707073,-0.707140,0.000589,-0.000887
arm_1_right_finger,484.956000,0.401123,0.475173,0.090514,0.707073,-0.707140,0.000669,-0.000977
arm_1_right_finger,484.968000,0.401123,0.475175,0.090516,0.707073,-0.707140,0.000699,-0.001010
arm_1_right_finger,484.980000,0.401122,0.475176,0.090517,0.707073,-0.707140,0.000684,-0.000996
arm_1_right_finger,484.992000,0.401122,0.475175,0.090515,0.707073,-0.707140,0.000643,-0.000953
arm_1_right_finger,485.004000,0.401122,0.475173,0.090514,0.707073,-0.707140,0.000600,-0.000908
arm_1_right_finger,485.015000,0.401119,0.475171,0.090511,0.707073,-0.707140,0.000577,-0.000879
arm_1_right_finger,485.026000,0.401104,0.475177,0.090513,0.707073,-0.707140,0.000573,-0.000886
arm_1_right_finger,485.037000,0.401102,0.475178,0.090513,0.707073,-0.707140,0.000550,-0.000865
arm_1_right_finger,485.047000,0.401098,0.475177,0.090512,0.707073,-0.707140,0.000543,-0.000857
arm_1_right_finger,485.057000,0.401093,0.475179,0.090512,0.707073,-0.707140,0.000504,-0.000820
arm_1_right_finger,485.067000,0.401095,0.475177,0.090511,0.707073,-0.707140,0.000473,-0.000787
arm_1_right_finger,485.077000,0.401097,0.475175,0.090509,0.707073,-0.707140,0.000440,-0.000750
arm_1_right_finger,485.087000,0.401098,0.475173,0.090507,0.707073,-0.707140,0.000406,-0.000713
arm_1_right_finger,485.096000,0.401089,0.475172,0.090504,0.707073,-0.707140,0.000410,-0.000713
arm_1_right_finger,485.106000,0.401081,0.475177,0.090506,0.707074,-0.707140,0.000374,-0.000686
arm_1_right_finger,485.116000,0.401074,0.475177,0.090505,0.707074,-0.707140,0.000346,-0.000659
arm_1_right_finger,485.126000,0.401075,0.475177,0.090505,0.707074,-0.707140,0.000333,-0.000646
arm_1_right_finger,485.132000,0.401071,0.475175,0.090502,0.707074,-0.707140,0.000317,-0.000625
arm_1_right_finger,485.142000,0.401071,0.475177,0.090504,0.707074,-0.707140,0.000318,-0.000629
arm_1_right_finger,485.152000,0.401074,0.475176,0.090504,0.707074,-0.707140,0.000300,-0.000611
arm_1_right_finger,485.162000,0.401077,0.475174,0.090502,0.707074,-0.707140,0.000271,-0.000579
arm_1_right_finger,485.172000,0.401080,0.475172,0.090501,0.707074,-0.707140,0.000239,-0.000543
arm_1_right_finger,485.182000,0.401086,0.475168,0.090498,0.707074,-0.707140,0.000256,-0.000552
arm_1_right_finger,485.192000,0.401080,0.475171,0.090500,0.707074,-0.707140,0.000219,-0.000521
arm_1_right_finger,485.202000,0.401067,0.475171,0.090497,0.707074,-0.707140,0.000213,-0.000513
arm_1_right_finger,485.213000,0.401066,0.475174,0.090499,0.707074,-0.707140,0.000229,-0.000535
arm_1_right_finger,485.223000,0.401048,0.475173,0.090494,0.707074,-0.707139,0.000249,-0.000551
arm_1_right_finger,485.233000,0.401040,0.475180,0.090500,0.707074,-0.707139,0.000326,-0.000642
arm_1_right_finger,485.244000,0.401042,0.475186,0.090507,0.707074,-0.707139,0.000396,-0.000723
arm_1_right_finger,485.254000,0.401039,0.475187,0.090507,0.707074,-0.707139,0.000427,-0.000756
arm_1_right_finger,485.264000,0.401041,0.475190,0.090511,0.707074,-0.707139,0.000464,-0.000799
arm_1_right_finger,485.275000,0.401043,0.475190,0.090511,0.707074,-0.707139,0.000448,-0.000785
arm_1_right_finger,485.285000,0.401046,0.475188,0.090510,0.707074,-0.707140,0.000411,-0.000744
arm_1_right_finger,485.295000,0.401046,0.475183,0.090504,0.707074,-0.707140,0.000361,-0.000683
arm_1_right_finger,485.305000,0.401043,0.475185,0.090506,0.707074,-0.707139,0.000420,-0.000747
arm_1_right_finger,485.316000,0.401046,0.475190,0.090511,0.707073,-0.707139,0.000478,-0.000814
arm_1_right_finger,485.326000,0.401043,0.475192,0.090513,0.707073,-0.707139,0.000531,-0.000871
arm_1_right_finger,485.336000,0.401039,0.475194,0.090514,0.707073,-0.707139,0.000572,-0.000915
arm_1_right_finger,485.347000,0.401042,0.475198,0.090520,0.707073,-0.707139,0.000626,-0.000978
arm_1_right_finger,485.357000,0.401038,0.475201,0.090521,0.707073,-0.707139,0.000676,-0.001032
arm_1_right_finger,485.367000,0.401040,0.475202,0.090524,0.707073,-0.707139,0.000697,-0.001057
arm_1_right_finger,485.377000,0.401042,0.475202,0.090524,0.707073,-0.707139,0.000672,-0.001032
arm_1_right_finger,485.386000,0.401044,0.475200,0.090522,0.707073,-0.707139,0.000633,-0.000990
arm_1_right_finger,485.396000,0.401047,0.475198,0.090520,0.707073,-0.707139,0.000584,-0.000936
arm_1_right_finger,485.406000,0.401051,0.475195,0.090517,0.707073,-0.707140,0.000535,-0.000881
arm_1_right_finger,485.416000,0.401054,0.475191,0.090515,0.707073,-0.707140,0.000488,-0.000829
arm_1_right_finger,485.426000,0.401058,0.475188,0.090512,0.707073,-0.707140,0.000444,-0.000779
arm_1_right_finger,485.436000,0.401062,0.475185,0.090510,0.707073,-0.707140,0.000403,-0.000733
arm_1_right_finger,485.446000,0.401050,0.475182,0.090503,0.707073,-0.707140,0.000311,-0.000636
arm_1_right_finger,485.456000,0.401048,0.475182,0.090502,0.707074,-0.707140,0.000321,-0.000644
arm_1_right_finger,485.466000,0.401043,0.475185,0.090504,0.707074,-0.707140,0.000285,-0.000613
arm_1_right_finger,485.477000,0.401045,0.475183,0.090502,0.707074,-0.707140,0.000238,-0.000562
arm_1_right_finger,485.487000,0.401049,0.475179,0.090499,0.707074,-0.707140,0.000196,-0.000514
arm_1_right_finger,485.497000,0.401054,0.475176,0.090497,0.707074,-0.707140,0.000157,-0.000469
arm_1_right_finger,485.507000,0.401058,0.475173,0.090495,0.707074,-0.707140,0.000122,-0.000428
arm_1_right_finger,485.518000,0.401063,0.475169,0.090492,0.707074,-0.707140,0.000087,-0.000387
arm_1_right_finger,485.528000,0.401068,0.475164,0.090488,0.707074,-0.707140,0.000079,-0.000367
arm_1_right_finger,485.534000,0.401064,0.475166,0.090489,0.707074,-0.707140,0.000069,-0.000363
arm_1_right_finger,485.543000,0.401065,0.475166,0.090489,0.707074,-0.707140,0.000050,-0.000343
arm_1_right_finger,485.553000,0.401061,0.475166,0.090489,0.707074,-0.707140,0.000056,-0.000348
arm_1_right_finger,485.562000,0.401055,0.475167,0.090488,0.707074,-0.707140,0.000065,-0.000358
arm_1_right_finger,485.570000,0.401055,0.475168,0.090489,0.707074,-0.707140,0.000050,-0.000345
arm_1_right_finger,485.578000,0.401057,0.475167,0.090488,0.707074,-0.707140,0.000032,-0.000325
arm_1_right_finger,485.588000,0.401056,0.475168,0.090489,0.707074,-0.707140,0.000075,-0.000369
arm_1_right_finger,485.598000,0.401057,0.475167,0.090489,0.707074,-0.707140,0.000049,-0.000343
arm_1_right_finger,485.608000,0.401059,0.475163,0.090485,0.707074,-0.707140,0.000045,-0.000331
arm_1_right_finger,485.618000,0.401055,0.475166,0.090486,0.707074,-0.707140,0.000028,-0.000318
arm_1_right_finger,485.628000,0.401057,0.475165,0.090486,0.707074,-0.707140,0.000004,-0.000293
arm_1_right_finger,485.638000,0.401061,0.475163,0.090484,0.707074,-0.707140,-0.000021,-0.000265
arm_1_right_finger,485.648000,0.401059,0.475161,0.090483,0.707074,-0.707140,-0.000008,-0.000274
arm_1_right_finger,485.657000,0.401059,0.475162,0.090483,0.707074,-0.707140,-0.000023,-0.000260
arm_1_right_finger,485.667000,0.401063,0.475161,0.090483,0.707074,-0.707140,-0.000032,-0.000250
arm_1_right_finger,485.677000,0.401059,0.475160,0.090481,0.707074,-0.707140,-0.000018,-0.000262
arm_1_right_finger,485.687000,0.401060,0.475160,0.090482,0.707074,-0.707140,-0.000030,-0.000251
arm_1_right_finger,485.697000,0.401064,0.475159,0.090482,0.707074,-0.707140,-0.000033,-0.000247
arm_1_right_finger,485.707000,0.401062,0.475158,0.090480,0.707074,-0.707140,-0.000017,-0.000259
arm_1_right_finger,485.717000,0.401062,0.475159,0.090481,0.707074,-0.707140,-0.000029,-0.000249
arm_1_right_finger,485.727000,0.401062,0.475156,0.090478,0.707074,-0.707140,-0.000012,-0.000261
arm_1_right_finger,485.737000,0.401059,0.475159,0.090480,0.707074,-0.707140,-0.000025,-0.000253
arm_1_right_finger,485.747000,0.401062,0.475158,0.090480,0.707074,-0.707140,-0.000032,-0.000245
arm_1_right_finger,485.757000,0.401066,0.475157,0.090480,0.707074,-0.707140,-0.000033,-0.000243
arm_1_right_finger,485.767000,0.401063,0.475156,0.090478,0.707074,-0.707140,-0.000018,-0.000254
arm_1_right_finger,485.777000,0.401059,0.475156,0.090478,0.707074,-0.707140,-0.000004,-0.000268
arm_1_right_finger,485.788000,0.401057,0.475158,0.090479,0.707074,-0.707140,-0.000017,-0.000260
arm_1_right_finger,485.798000,0.401055,0.475157,0.090478,0.707074,-0.707140,-0.000001,-0.000273
arm_1_right_finger,485.808000,0.401046,0.475160,0.090478,0.707074,-0.707140,0.000013,-0.000291
arm_1_right_finger,485.818000,0.401046,0.475161,0.090479,0.707074,-0.707140,-0.000001,-0.000279
arm_1_right_finger,485.828000,0.401044,0.475159,0.090476,0.707074,-0.707140,0.000004,-0.000280
arm_1_right_finger,485.838000,0.401024,0.475160,0.090473,0.707074,-0.707139,0.000073,-0.000348
arm_1_right_finger,485.848000,0.401014,0.475167,0.090478,0.707074,-0.707139,0.000065,-0.000354
arm_1_right_finger,485.858000,0.401012,0.475166,0.090476,0.707074,-0.707139,0.000066,-0.000353
arm_1_right_finger,485.868000,0.401001,0.475170,0.090477,0.707074,-0.707139,0.000079,-0.000374
arm_1_right_finger,485.878000,0.401000,0.475171,0.090478,0.707074,-0.707139,0.000057,-0.000356
arm_1_right_finger,485.888000,0.400990,0.475171,0.090476,0.707074,-0.707139,0.000087,-0.000385
arm_1_right_finger,485.898000,0.400986,0.475174,0.090477,0.707074,-0.707139,0.000069,-0.000372
arm_1_right_finger,485.908000,0.400988,0.475174,0.090476,0.707074,-0.707139,0.000043,-0.000347
arm_1_right_finger,485.918000,0.400986,0.475172,0.090474,0.707074,-0.707139,0.000046,-0.000346
arm_1_right_finger,485.928000,0.400986,0.475173,0.090475,0.707074,-0.707140,0.000027,-0.000329
arm_1_right_finger,485.938000,0.400988,0.475172,0.090474,0.707074,-0.707140,0.000004,-0.000305
arm_1_right_finger,485.948000,0.400992,0.475170,0.090472,0.707074,-0.707140,-0.000018,-0.000280
arm_1_right_finger,485.958000,0.400996,0.475168,0.090471,0.707074,-0.707140,-0.000032,-0.000263
arm_1_right_finger,485.968000,0.401001,0.475167,0.090471,0.707074,-0.707140,-0.000034,-0.000259
arm_1_right_finger,485.978000,0.401000,0.475165,0.090469,0.707074,-0.707140,-0.000015,-0.000274
arm_1_right_finger,485.988000,0.400997,0.475165,0.090468,0.707074,-0.707140,-0.000001,-0.000287
arm_1_right_finger,485.997000,0.400993,0.475168,0.090470,0.707074,-0.707140,-0.000009,-0.000284
arm_1_right_finger,486.006000,0.400994,0.475167,0.090470,0.707074,-0.707140,-0.000024,-0.000270
arm_1_right_finger,486.016000,0.400998,0.475166,0.090470,0.707074,-0.707140,-0.000033,-0.000259
arm_1_right_finger,486.026000,0.400999,0.475163,0.090467,0.707074,-0.707140,-0.000015,-0.000270
arm_1_right_finger,486.036000,0.400997,0.475165,0.090468,0.707074,-0.707140,-0.000024,-0.000266
arm_1_right_finger,486.046000,0.400992,0.475166,0.090468,0.707074,-0.707140,-0.000006,-0.000285
arm_1_right_finger,486.056000,0.400993,0.475166,0.090468,0.707074,-0.707140,-0.000020,-0.000272
arm_1_right_finger,486.066000,0.400996,0.475165,0.090468,0.707074,-0.707140,-0.000031,-0.000259
arm_1_right_finger,486.076000,0.401000,0.475164,0.090468,0.707074,-0.707140,-0.000034,-0.000254
arm_1_right_finger,486.087000,0.401006,0.475163,0.090468,0.707074,-0.707140,-0.000034,-0.000252
arm_1_right_finger,486.097000,0.401004,0.475164,0.090469,0.707074,-0.707140,-0.000001,-0.000287
arm_1_right_finger,486.107000,0.401004,0.475165,0.090470,0.707074,-0.707140,-0.000013,-0.000278
arm_1_right_finger,486.117000,0.401007,0.475164,0.090470,0.707074,-0.707140,-0.000027,-0.000263
arm_1_right_finger,486.126000,0.401002,0.475163,0.090467,0.707074,-0.707140,0.000022,-0.000306
arm_1_right_finger,486.136000,0.400989,0.475164,0.090466,0.707074,-0.707139,0.000069,-0.000355
arm_1_right_finger,486.146000,0.400979,0.475172,0.090472,0.707074,-0.707140,0.000067,-0.000368
arm_1_right_finger,486.156000,0.400980,0.475173,0.090472,0.707074,-0.707140,0.000051,-0.000354
arm_1_right_finger,486.166000,0.400983,0.475172,0.090472,0.707074,-0.707140,0.000032,-0.000334
arm_1_right_finger,486.176000,0.400979,0.475172,0.090471,0.707074,-0.707140,0.000044,-0.000345
arm_1_right_finger,486.186000,0.400980,0.475169,0.090468,0.707074,-0.707140,0.000047,-0.000342
arm_1_right_finger,486.196000,0.400969,0.475173,0.090470,0.707074,-0.707139,0.000065,-0.000367
arm_1_right_finger,486.205000,0.400963,0.475174,0.090470,0.707074,-0.707139,0.000075,-0.000378
arm_1_right_finger,486.214000,0.400960,0.475177,0.090472,0.707074,-0.707139,0.000065,-0.000375
arm_1_right_finger,486.224000,0.400962,0.475177,0.090472,0.707074,-0.707140,0.000047,-0.000357
arm_1_right_finger,486.233000,0.400965,0.475175,0.090471,0.707074,-0.707140,0.000029,-0.000338
arm_1_right_finger,486.243000,0.400966,0.475176,0.090472,0.707074,-0.707140,0.000074,-0.000382
arm_1_right_finger,486.253000,0.400958,0.475178,0.090472,0.707074,-0.707140,0.000083,-0.000395
arm_1_right_finger,486.263000,0.400958,0.475178,0.090472,0.707074,-0.707140,0.000062,-0.000375
arm_1_right_finger,486.273000,0.400954,0.475178,0.090470,0.707074,-0.707140,0.000066,-0.000377
arm_1_right_finger,486.283000,0.400953,0.475175,0.090468,0.707074,-0.707139,0.000066,-0.000373
arm_1_right_finger,486.293000,0.400936,0.475179,0.090468,0.707074,-0.707139,0.000108,-0.000421
arm_1_right_finger,486.303000,0.400929,0.475181,0.090467,0.707074,-0.707139,0.000110,-0.000425
arm_1_right_finger,486.313000,0.400919,0.475184,0.090468,0.707074,-0.707139,0.000116,-0.000437
arm_1_right_finger,486.323000,0.400913,0.475185,0.090467,0.707074,-0.707139,0.000117,-0.000440
arm_1_right_finger,486.334000,0.400909,0.475188,0.090469,0.707074,-0.707139,0.000100,-0.000430
arm_1_right_finger,486.344000,0.400904,0.475188,0.090468,0.707074,-0.707139,0.000101,-0.000430
arm_1_right_finger,486.355000,0.400905,0.475188,0.090468,0.707074,-0.707139,0.000080,-0.000410
arm_1_right_finger,486.365000,0.400909,0.475187,0.090467,0.707074,-0.707140,0.000058,-0.000387
arm_1_right_finger,486.375000,0.400905,0.475182,0.090462,0.707074,-0.707139,0.000081,-0.000399
arm_1_right_finger,486.385000,0.400892,0.475188,0.090464,0.707074,-0.707139,0.000102,-0.000431
arm_1_right_finger,486.395000,0.400890,0.475190,0.090466,0.707074,-0.707139,0.000086,-0.000420
arm_1_right_finger,486.405000,0.400893,0.475189,0.090465,0.707074,-0.707140,0.000066,-0.000400
arm_1_right_finger,486.416000,0.400897,0.475187,0.090464,0.707074,-0.707140,0.000044,-0.000375
arm_1_right_finger,486.427000,0.400902,0.475185,0.090463,0.707074,-0.707140,0.000024,-0.000351
arm_1_right_finger,486.438000,0.400906,0.475183,0.090462,0.707074,-0.707140,0.000005,-0.000329
arm_1_right_finger,486.448000,0.400911,0.475182,0.090461,0.707074,-0.707140,-0.000011,-0.000311
arm_1_right_finger,486.459000,0.400915,0.475180,0.090460,0.707074,-0.707140,-0.000026,-0.000292
arm_1_right_finger,486.470000,0.400921,0.475181,0.090463,0.707074,-0.707140,-0.000036,-0.000283
arm_1_right_finger,486.480000,0.400928,0.475181,0.090468,0.707074,-0.707140,-0.000038,-0.000282
arm_1_right_finger,486.491000,0.400935,0.475182,0.090477,0.707074,-0.707140,-0.000039,-0.000282
arm_1_right_finger,486.501000,0.400941,0.475184,0.090489,0.707074,-0.707140,-0.000039,-0.000282
arm_1_right_finger,486.512000,0.400948,0.475185,0.090507,0.707074,-0.707140,-0.000039,-0.000283
arm_1_right_finger,486.523000,0.400955,0.475188,0.090530,0.707074,-0.707140,-0.000039,-0.000283
arm_1_right_finger,486.533000,0.400962,0.475191,0.090557,0.707074,-0.707140,-0.000039,-0.000283
arm_1_right_finger,486.543000,0.400970,0.475194,0.090590,0.707074,-0.707140,-0.000039,-0.000284
arm_1_right_finger,486.553000,0.400977,0.475198,0.090630,0.707074,-0.707140,-0.000039,-0.000284
arm_1_right_finger,486.564000,0.400987,0.475203,0.090681,0.707074,-0.707140,-0.000039,-0.000284
arm_1_right_finger,486.574000,0.400995,0.475208,0.090735,0.707074,-0.707140,-0.000039,-0.000284
arm_1_right_finger,486.585000,0.401006,0.475214,0.090803,0.707074,-0.707140,-0.000039,-0.000284
arm_1_right_finger,486.596000,0.401017,0.475222,0.090879,0.707074,-0.707140,-0.000039,-0.000284
arm_1_right_finger,486.606000,0.401027,0.475229,0.090957,0.707074,-0.707140,-0.000039,-0.000284
arm_1_right_finger,486.617000,0.401039,0.475239,0.091052,0.707074,-0.707140,-0.000039,-0.000284
arm_1_right_finger,486.628000,0.401047,0.475248,0.091154,0.707074,-0.707140,0.000028,-0.000351
arm_1_right_finger,486.638000,0.401062,0.475258,0.091257,0.707074,-0.707140,0.000078,-0.000400
arm_1_right_finger,486.648000,0.401057,0.475269,0.091363,0.707074,-0.707140,0.000079,-0.000400
arm_1_right_finger,486.659000,0.401068,0.475282,0.091493,0.707074,-0.707140,0.000065,-0.000386
arm_1_right_finger,486.669000,0.401082,0.475294,0.091621,0.707073,-0.707140,0.000056,-0.000378
arm_1_right_finger,486.679000,0.401094,0.475307,0.091757,0.707073,-0.707140,0.000108,-0.000429
arm_1_right_finger,486.690000,0.401104,0.475322,0.091914,0.707073,-0.707140,0.000110,-0.000431
arm_1_right_finger,486.700000,0.401116,0.475337,0.092067,0.707073,-0.707140,0.000159,-0.000480
arm_1_right_finger,486.710000,0.401125,0.475352,0.092226,0.707073,-0.707140,0.000178,-0.000498
arm_1_right_finger,486.720000,0.401140,0.475368,0.092397,0.707073,-0.707140,0.000182,-0.000502
arm_1_right_finger,486.730000,0.401153,0.475385,0.092574,0.707073,-0.707140,0.000221,-0.000540
arm_1_right_finger,486.740000,0.401165,0.475403,0.092760,0.707073,-0.707140,0.000245,-0.000565
arm_1_right_finger,486.751000,0.401183,0.475423,0.092975,0.707073,-0.707140,0.000247,-0.000566
arm_1_right_finger,486.761000,0.401197,0.475442,0.093179,0.707073,-0.707140,0.000317,-0.000635
arm_1_right_finger,486.771000,0.401195,0.475462,0.093386,0.707073,-0.707140,0.000367,-0.000685
arm_1_right_finger,486.781000,0.401207,0.475483,0.093606,0.707073,-0.707140,0.000393,-0.000710
arm_1_right_finger,486.792000,0.401228,0.475507,0.093859,0.707073,-0.707140,0.000393,-0.000710
arm_1_right_finger,486.802000,0.401243,0.475529,0.094097,0.707072,-0.707141,0.000454,-0.000771
arm_1_right_finger,486.812000,0.401262,0.475551,0.094346,0.707072,-0.707141,0.000460,-0.000776
arm_1_right_finger,486.821000,0.401281,0.475573,0.094576,0.707072,-0.707141,0.000450,-0.000766
arm_1_right_finger,486.831000,0.401305,0.475597,0.094842,0.707072,-0.707141,0.000432,-0.000748
arm_1_right_finger,486.842000,0.401331,0.475624,0.095143,0.707072,-0.707141,0.000409,-0.000725
arm_1_right_finger,486.853000,0.401359,0.475652,0.095456,0.707072,-0.707141,0.000387,-0.000702
arm_1_right_finger,486.864000,0.401387,0.475681,0.095778,0.707072,-0.707141,0.000365,-0.000680
arm_1_right_finger,486.874000,0.401417,0.475708,0.096082,0.707072,-0.707141,0.000374,-0.000688
arm_1_right_finger,486.885000,0.401430,0.475738,0.096418,0.707072,-0.707141,0.000489,-0.000801
arm_1_right_finger,486.896000,0.401451,0.475769,0.096769,0.707072,-0.707141,0.000509,-0.000821
arm_1_right_finger,486.906000,0.401475,0.475798,0.097097,0.707072,-0.707141,0.000504,-0.000815
arm_1_right_finger,486.917000,0.401504,0.475830,0.097470,0.707071,-0.707141,0.000487,-0.000798
arm_1_right_finger,486.928000,0.401535,0.475863,0.097853,0.707071,-0.707142,0.000465,-0.000775
arm_1_right_finger,486.939000,0.401565,0.475897,0.098246,0.707071,-0.707142,0.000487,-0.000796
arm_1_right_finger,486.950000,0.401587,0.475931,0.098647,0.707071,-0.707142,0.000548,-0.000857
arm_1_right_finger,486.961000,0.401608,0.475966,0.099057,0.707071,-0.707142,0.000572,-0.000879
arm_1_right_finger,486.972000,0.401639,0.476001,0.099482,0.707071,-0.707142,0.000575,-0.000881
arm_1_right_finger,486.983000,0.401661,0.476037,0.099913,0.707071,-0.707142,0.000611,-0.000917
arm_1_right_finger,486.994000,0.401691,0.476074,0.100358,0.707071,-0.707142,0.000607,-0.000913
arm_1_right_finger,487.005000,0.401724,0.476111,0.100814,0.707070,-0.707142,0.000588,-0.000893
arm_1_right_finger,487.016000,0.401758,0.476148,0.101281,0.707070,-0.707142,0.000564,-0.000869
arm_1_right_finger,487.027000,0.401793,0.476186,0.101758,0.707070,-0.707143,0.000540,-0.000843
arm_1_right_finger,487.038000,0.401828,0.476225,0.102246,0.707070,-0.707143,0.000516,-0.000819
arm_1_right_finger,487.048000,0.401861,0.476260,0.102698,0.707070,-0.707143,0.000496,-0.000798
arm_1_right_finger,487.059000,0.401896,0.476299,0.103206,0.707070,-0.707143,0.000476,-0.000777
arm_1_right_finger,487.070000,0.401932,0.476339,0.103725,0.707070,-0.707143,0.000457,-0.000757
arm_1_right_finger,487.080000,0.401965,0.476375,0.104205,0.707070,-0.707143,0.000442,-0.000741
arm_1_right_finger,487.091000,0.402002,0.476415,0.104743,0.707070,-0.707144,0.000432,-0.000731
arm_1_right_finger,487.102000,0.402031,0.476456,0.105289,0.707069,-0.707144,0.000492,-0.000789
arm_1_right_finger,487.112000,0.402059,0.476493,0.105797,0.707069,-0.707144,0.000511,-0.000807
arm_1_right_finger,487.122000,0.402091,0.476530,0.106313,0.707069,-0.707144,0.000520,-0.000816
arm_1_right_finger,487.132000,0.402123,0.476567,0.106838,0.707069,-0.707144,0.000529,-0.000824
arm_1_right_finger,487.141000,0.402152,0.476601,0.107318,0.707069,-0.707144,0.000536,-0.000830
arm_1_right_finger,487.151000,0.402184,0.476639,0.107859,0.707069,-0.707144,0.000543,-0.000836
arm_1_right_finger,487.161000,0.402217,0.476677,0.108410,0.707068,-0.707144,0.000575,-0.000866
arm_1_right_finger,487.171000,0.402238,0.476714,0.108966,0.707068,-0.707145,0.000607,-0.000898
arm_1_right_finger,487.181000,0.402268,0.476752,0.109533,0.707068,-0.707145,0.000622,-0.000911
arm_1_right_finger,487.191000,0.402298,0.476790,0.110109,0.707068,-0.707145,0.000628,-0.000916
arm_1_right_finger,487.201000,0.402330,0.476828,0.110694,0.707068,-0.707145,0.000630,-0.000918
arm_1_right_finger,487.212000,0.402354,0.476870,0.111345,0.707067,-0.707145,0.000675,-0.000961
arm_1_right_finger,487.223000,0.402387,0.476912,0.112009,0.707067,-0.707145,0.000686,-0.000971
arm_1_right_finger,487.234000,0.402420,0.476953,0.112684,0.707067,-0.707146,0.000688,-0.000972
arm_1_right_finger,487.245000,0.402454,0.476995,0.113370,0.707067,-0.707146,0.000686,-0.000969
arm_1_right_finger,487.256000,0.402482,0.477036,0.114063,0.707067,-0.707146,0.000729,-0.001010
arm_1_right_finger,487.267000,0.402502,0.477077,0.114766,0.707066,-0.707146,0.000816,-0.001095
arm_1_right_finger,487.277000,0.402529,0.477114,0.115417,0.707066,-0.707146,0.000822,-0.001100
arm_1_right_finger,487.288000,0.402563,0.477155,0.116145,0.707066,-0.707146,0.000818,-0.001095
arm_1_right_finger,487.298000,0.402593,0.477191,0.116815,0.707066,-0.707147,0.000811,-0.001087
arm_1_right_finger,487.308000,0.402621,0.477227,0.117494,0.707065,-0.707147,0.000832,-0.001107
arm_1_right_finger,487.319000,0.402653,0.477267,0.118251,0.707065,-0.707147,0.000938,-0.001212
arm_1_right_finger,487.330000,0.402683,0.477306,0.119019,0.707065,-0.707147,0.000990,-0.001262
arm_1_right_finger,487.341000,0.402713,0.477345,0.119797,0.707065,-0.707147,0.000997,-0.001268
arm_1_right_finger,487.352000,0.402744,0.477384,0.120586,0.707064,-0.707147,0.000979,-0.001249
arm_1_right_finger,487.363000,0.402775,0.477421,0.121387,0.707064,-0.707148,0.000959,-0.001227
arm_1_right_finger,487.374000,0.402805,0.477458,0.122197,0.707064,-0.707148,0.000937,-0.001204
arm_1_right_finger,487.385000,0.402835,0.477495,0.123019,0.707064,-0.707148,0.000918,-0.001183
arm_1_right_finger,487.396000,0.402864,0.477531,0.123851,0.707064,-0.707148,0.000900,-0.001163
arm_1_right_finger,487.407000,0.402893,0.477566,0.124695,0.707063,-0.707149,0.000883,-0.001146
arm_1_right_finger,487.415000,0.402909,0.477591,0.125313,0.707063,-0.707149,0.000944,-0.001204
arm_1_right_finger,487.425000,0.402932,0.477622,0.126095,0.707063,-0.707149,0.001018,-0.001278
arm_1_right_finger,487.433000,0.402950,0.477646,0.126722,0.707063,-0.707149,0.001050,-0.001309
arm_1_right_finger,487.443000,0.402973,0.477675,0.127509,0.707062,-0.707149,0.001064,-0.001321
arm_1_right_finger,487.450000,0.402987,0.477695,0.128075,0.707062,-0.707149,0.001054,-0.001310
arm_1_right_finger,487.454000,0.402996,0.477707,0.128401,0.707062,-0.707149,0.001046,-0.001302
arm_1_right_finger,487.461000,0.403012,0.477726,0.128973,0.707062,-0.707150,0.001032,-0.001287
arm_1_right_finger,487.470000,0.403032,0.477751,0.129716,0.707062,-0.707150,0.001013,-0.001266
arm_1_right_finger,487.480000,0.403049,0.477777,0.130548,0.707062,-0.707150,0.000991,-0.001242
arm_1_right_finger,487.490000,0.403069,0.477803,0.131390,0.707061,-0.707150,0.001082,-0.001332
arm_1_right_finger,487.499000,0.403079,0.477825,0.132146,0.707061,-0.707150,0.001135,-0.001384
arm_1_right_finger,487.509000,0.403098,0.477849,0.133003,0.707060,-0.707150,0.001263,-0.001509
arm_1_right_finger,487.519000,0.403116,0.477872,0.133872,0.707060,-0.707150,0.001336,-0.001582
arm_1_right_finger,487.529000,0.403134,0.477894,0.134749,0.707060,-0.707151,0.001370,-0.001614
arm_1_right_finger,487.540000,0.403153,0.477917,0.135725,0.707059,-0.707151,0.001378,-0.001620
arm_1_right_finger,487.552000,0.403172,0.477941,0.136800,0.707059,-0.707151,0.001341,-0.001581
arm_1_right_finger,487.564000,0.403189,0.477962,0.137888,0.707059,-0.707152,0.001268,-0.001506
arm_1_right_finger,487.576000,0.403206,0.477983,0.138991,0.707059,-0.707152,0.001191,-0.001428
arm_1_right_finger,487.588000,0.403223,0.478001,0.140106,0.707059,-0.707153,0.001123,-0.001357
arm_1_right_finger,487.600000,0.403237,0.478017,0.141235,0.707059,-0.707153,0.001061,-0.001294
arm_1_right_finger,487.612000,0.403251,0.478032,0.142378,0.707058,-0.707153,0.001007,-0.001237
arm_1_right_finger,487.623000,0.403250,0.478043,0.143432,0.707058,-0.707154,0.000979,-0.001207
arm_1_right_finger,487.634000,0.403258,0.478053,0.144499,0.707058,-0.707154,0.000974,-0.001200
arm_1_right_finger,487.644000,0.403254,0.478060,0.145473,0.707058,-0.707154,0.000973,-0.001198
arm_1_right_finger,487.655000,0.403259,0.478066,0.146552,0.707057,-0.707155,0.000973,-0.001195
arm_1_right_finger,487.665000,0.403265,0.478070,0.147538,0.707057,-0.707155,0.000969,-0.001190
arm_1_right_finger,487.674000,0.403269,0.478072,0.148426,0.707057,-0.707155,0.000965,-0.001185
arm_1_right_finger,487.685000,0.403273,0.478073,0.149511,0.707057,-0.707155,0.000961,-0.001179
arm_1_right_finger,487.696000,0.403275,0.478072,0.150595,0.707056,-0.707156,0.000957,-0.001173
arm_1_right_finger,487.707000,0.403276,0.478069,0.151676,0.707056,-0.707156,0.000953,-0.001167
arm_1_right_finger,487.718000,0.403275,0.478064,0.152753,0.707056,-0.707156,0.000950,-0.001162
arm_1_right_finger,487.728000,0.403273,0.478058,0.153727,0.707055,-0.707157,0.000947,-0.001158
arm_1_right_finger,487.739000,0.403269,0.478050,0.154793,0.707055,-0.707157,0.000945,-0.001153
arm_1_right_finger,487.749000,0.403260,0.478041,0.155755,0.707055,-0.707157,0.000947,-0.001153
arm_1_right_finger,487.760000,0.403248,0.478029,0.156806,0.707054,-0.707157,0.001042,-0.001246
arm_1_right_finger,487.771000,0.403236,0.478016,0.157849,0.707054,-0.707158,0.001038,-0.001240
arm_1_right_finger,487.782000,0.403227,0.478000,0.158886,0.707054,-0.707158,0.001029,-0.001230
arm_1_right_finger,487.789000,0.403221,0.477990,0.159542,0.707054,-0.707158,0.001024,-0.001223
arm_1_right_finger,487.799000,0.403207,0.477974,0.160470,0.707053,-0.707158,0.001094,-0.001292
arm_1_right_finger,487.810000,0.403192,0.477955,0.161485,0.707053,-0.707158,0.001176,-0.001372
arm_1_right_finger,487.821000,0.403175,0.477934,0.162489,0.707053,-0.707159,0.001160,-0.001355
arm_1_right_finger,487.832000,0.403155,0.477912,0.163483,0.707052,-0.707159,0.001127,-0.001319
arm_1_right_finger,487.843000,0.403142,0.477889,0.164471,0.707052,-0.707159,0.001247,-0.001437
arm_1_right_finger,487.854000,0.403126,0.477864,0.165448,0.707051,-0.707159,0.001325,-0.001514
arm_1_right_finger,487.864000,0.403106,0.477840,0.166326,0.707051,-0.707159,0.001309,-0.001496
arm_1_right_finger,487.874000,0.403090,0.477815,0.167198,0.707051,-0.707160,0.001285,-0.001471
arm_1_right_finger,487.885000,0.403072,0.477787,0.168147,0.707051,-0.707160,0.001257,-0.001441
arm_1_right_finger,487.895000,0.403055,0.477760,0.169001,0.707051,-0.707160,0.001233,-0.001416
arm_1_right_finger,487.906000,0.403035,0.477730,0.169931,0.707051,-0.707161,0.001209,-0.001390
arm_1_right_finger,487.917000,0.403014,0.477698,0.170850,0.707050,-0.707161,0.001187,-0.001366
arm_1_right_finger,487.927000,0.402995,0.477669,0.171678,0.707050,-0.707161,0.001168,-0.001347
arm_1_right_finger,487.937000,0.402968,0.477639,0.172494,0.707050,-0.707161,0.001228,-0.001405
arm_1_right_finger,487.947000,0.402948,0.477607,0.173304,0.707049,-0.707161,0.001319,-0.001494
arm_1_right_finger,487.958000,0.402920,0.477572,0.174184,0.707049,-0.707162,0.001342,-0.001515
arm_1_right_finger,487.969000,0.402894,0.477537,0.175054,0.707049,-0.707162,0.001320,-0.001492
arm_1_right_finger,487.979000,0.402872,0.477503,0.175837,0.707049,-0.707162,0.001297,-0.001468
arm_1_right_finger,487.990000,0.402839,0.477466,0.176685,0.707048,-0.707162,0.001333,-0.001502
arm_1_right_finger,488.001000,0.402804,0.477428,0.177522,0.707048,-0.707162,0.001350,-0.001517
arm_1_right_finger,488.011000,0.402781,0.477393,0.178278,0.707048,-0.707162,0.001514,-0.001680
arm_1_right_finger,488.021000,0.402757,0.477357,0.179024,0.707047,-0.707162,0.001627,-0.001792
arm_1_right_finger,488.032000,0.402724,0.477317,0.179833,0.707047,-0.707163,0.001604,-0.001767
arm_1_right_finger,488.043000,0.402696,0.477277,0.180633,0.707047,-0.707163,0.001566,-0.001728
arm_1_right_finger,488.053000,0.402672,0.477240,0.181352,0.707047,-0.707163,0.001528,-0.001689
arm_1_right_finger,488.064000,0.402634,0.477199,0.182129,0.707047,-0.707164,0.001439,-0.001598
arm_1_right_finger,488.075000,0.402597,0.477157,0.182896,0.707046,-0.707164,0.001550,-0.001708
arm_1_right_finger,488.086000,0.402572,0.477115,0.183656,0.707046,-0.707163,0.001697,-0.001853
arm_1_right_finger,488.097000,0.402543,0.477073,0.184404,0.707045,-0.707163,0.001782,-0.001937
arm_1_right_finger,488.108000,0.402510,0.477030,0.185141,0.707045,-0.707164,0.001755,-0.001909
arm_1_right_finger,488.118000,0.402484,0.476991,0.185804,0.707045,-0.707164,0.001719,-0.001872
arm_1_right_finger,488.129000,0.402458,0.476948,0.186522,0.707045,-0.707164,0.001693,-0.001845
arm_1_right_finger,488.142000,0.402427,0.476897,0.187358,0.707045,-0.707164,0.001677,-0.001827
arm_1_right_finger,488.154000,0.402397,0.476849,0.188116,0.707045,-0.707165,0.001668,-0.001817
arm_1_right_finger,488.166000,0.402367,0.476802,0.188862,0.707044,-0.707165,0.001663,-0.001811
arm_1_right_finger,488.175000,0.402320,0.476766,0.189405,0.707045,-0.707165,0.001534,-0.001681
arm_1_right_finger,488.185000,0.402275,0.476726,0.190002,0.707045,-0.707166,0.001435,-0.001580
arm_1_right_finger,488.189000,0.402263,0.476710,0.190241,0.707045,-0.707166,0.001424,-0.001569
arm_1_right_finger,488.196000,0.402245,0.476682,0.190655,0.707045,-0.707166,0.001404,-0.001548
arm_1_right_finger,488.206000,0.402220,0.476643,0.191241,0.707044,-0.707166,0.001376,-0.001519
arm_1_right_finger,488.217000,0.402193,0.476599,0.191874,0.707044,-0.707166,0.001347,-0.001489
arm_1_right_finger,488.227000,0.402168,0.476560,0.192441,0.707044,-0.707167,0.001323,-0.001464
arm_1_right_finger,488.238000,0.402140,0.476516,0.193055,0.707044,-0.707167,0.001299,-0.001439
arm_1_right_finger,488.249000,0.402112,0.476473,0.193658,0.707044,-0.707167,0.001278,-0.001418
arm_1_right_finger,488.259000,0.402086,0.476434,0.194196,0.707044,-0.707167,0.001264,-0.001403
arm_1_right_finger,488.270000,0.402058,0.476391,0.194778,0.707044,-0.707167,0.001250,-0.001388
arm_1_right_finger,488.281000,0.402029,0.476348,0.195348,0.707044,-0.707168,0.001236,-0.001373
arm_1_right_finger,488.292000,0.402000,0.476306,0.195909,0.707043,-0.707168,0.001225,-0.001360
arm_1_right_finger,488.303000,0.401971,0.476264,0.196459,0.707043,-0.707168,0.001213,-0.001347
arm_1_right_finger,488.314000,0.401943,0.476222,0.196998,0.707043,-0.707168,0.001203,-0.001336
arm_1_right_finger,488.324000,0.401917,0.476185,0.197479,0.707043,-0.707168,0.001194,-0.001327
arm_1_right_finger,488.334000,0.401891,0.476147,0.197951,0.707043,-0.707168,0.001186,-0.001318
arm_1_right_finger,488.344000,0.401865,0.476110,0.198414,0.707043,-0.707169,0.001179,-0.001310
arm_1_right_finger,488.354000,0.401832,0.476074,0.198866,0.707043,-0.707169,0.001127,-0.001257
arm_1_right_finger,488.365000,0.401807,0.476034,0.199356,0.707042,-0.707169,0.001275,-0.001404
arm_1_right_finger,488.376000,0.401778,0.475995,0.199835,0.707042,-0.707169,0.001377,-0.001505
arm_1_right_finger,488.387000,0.401745,0.475956,0.200301,0.707042,-0.707169,0.001358,-0.001485
arm_1_right_finger,488.397000,0.401720,0.475921,0.200718,0.707042,-0.707169,0.001337,-0.001463
arm_1_right_finger,488.408000,0.401694,0.475883,0.201165,0.707042,-0.707169,0.001318,-0.001444
arm_1_right_finger,488.419000,0.401669,0.475846,0.201603,0.707042,-0.707169,0.001300,-0.001426
arm_1_right_finger,488.430000,0.401644,0.475810,0.202030,0.707042,-0.707169,0.001285,-0.001410
arm_1_right_finger,488.441000,0.401619,0.475774,0.202446,0.707042,-0.707169,0.001271,-0.001395
arm_1_right_finger,488.452000,0.401594,0.475738,0.202851,0.707042,-0.707170,0.001259,-0.001382
arm_1_right_finger,488.462000,0.401573,0.475707,0.203210,0.707041,-0.707170,0.001249,-0.001372
arm_1_right_finger,488.474000,0.401548,0.475670,0.203630,0.707041,-0.707170,0.001242,-0.001364
arm_1_right_finger,488.486000,0.401524,0.475634,0.204037,0.707041,-0.707170,0.001251,-0.001372
arm_1_right_finger,488.498000,0.401503,0.475598,0.204432,0.707041,-0.707170,0.001294,-0.001415
arm_1_right_finger,488.510000,0.401481,0.475564,0.204814,0.707041,-0.707170,0.001341,-0.001461
arm_1_right_finger,488.524000,0.401456,0.475525,0.205243,0.707041,-0.707170,0.001392,-0.001511
arm_1_right_finger,488.538000,0.401431,0.475487,0.205655,0.707040,-0.707170,0.001438,-0.001556
arm_1_right_finger,488.552000,0.401406,0.475451,0.206050,0.707040,-0.707170,0.001477,-0.001595
arm_1_right_finger,488.566000,0.401382,0.475416,0.206427,0.707040,-0.707170,0.001511,-0.001628
arm_1_right_finger,488.580000,0.401359,0.475382,0.206786,0.707040,-0.707170,0.001541,-0.001657
arm_1_right_finger,488.594000,0.401337,0.475350,0.207128,0.707040,-0.707170,0.001566,-0.001681
arm_1_right_finger,488.608000,0.401316,0.475319,0.207453,0.707040,-0.707170,0.001587,-0.001702
arm_1_right_finger,488.622000,0.401295,0.475290,0.207761,0.707039,-0.707170,0.001605,-0.001720
arm_1_right_finger,488.636000,0.401276,0.475262,0.208052,0.707039,-0.707170,0.001621,-0.001735
arm_1_right_finger,488.650000,0.401257,0.475236,0.208325,0.707039,-0.707170,0.001633,-0.001747
arm_1_right_finger,488.664000,0.401240,0.475211,0.208580,0.707039,-0.707170,0.001644,-0.001757
arm_1_right_finger,488.678000,0.401223,0.475188,0.208818,0.707039,-0.707170,0.001652,-0.001765
arm_1_right_finger,488.692000,0.401208,0.475166,0.209039,0.707039,-0.707170,0.001661,-0.001773
arm_1_right_finger,488.706000,0.401195,0.475146,0.209243,0.707039,-0.707170,0.001687,-0.001799
arm_1_right_finger,488.720000,0.401183,0.475128,0.209430,0.707039,-0.707170,0.001714,-0.001825
arm_1_right_finger,488.734000,0.401171,0.475111,0.209600,0.707039,-0.707170,0.001738,-0.001849
arm_1_right_finger,488.749000,0.401160,0.475095,0.209762,0.707038,-0.707170,0.001760,-0.001871
arm_1_right_finger,488.764000,0.401150,0.475081,0.209904,0.707038,-0.707170,0.001778,-0.001889
arm_1_right_finger,488.779000,0.401141,0.475069,0.210026,0.707038,-0.707170,0.001794,-0.001905
arm_1_right_finger,488.793000,0.401134,0.475060,0.210122,0.707038,-0.707170,0.001806,-0.001917
arm_1_right_finger,488.808000,0.401128,0.475051,0.210207,0.707038,-0.707170,0.001817,-0.001928
arm_1_right_finger,488.822000,0.401124,0.475045,0.210269,0.707038,-0.707170,0.001826,-0.001936
arm_1_right_finger,488.837000,0.401120,0.475040,0.210322,0.707038,-0.707170,0.001833,-0.001943
arm_1_right_finger,488.852000,0.401117,0.475036,0.210364,0.707038,-0.707170,0.001838,-0.001948
arm_1_right_finger,488.866000,0.401114,0.475033,0.210395,0.707038,-0.707170,0.001832,-0.001942
arm_1_right_finger,488.879000,0.401112,0.475030,0.210418,0.707038,-0.707170,0.001819,-0.001929
arm_1_right_finger,488.893000,0.401110,0.475028,0.210438,0.707038,-0.707170,0.001804,-0.001914
arm_1_right_finger,488.907000,0.401109,0.475027,0.210455,0.707038,-0.707171,0.001793,-0.001903
arm_1_right_finger,488.921000,0.401108,0.475025,0.210468,0.707038,-0.707171,0.001784,-0.001894
arm_1_right_finger,488.935000,0.401108,0.475025,0.210471,0.707038,-0.707171,0.001772,-0.001882
arm_1_right_finger,488.949000,0.401111,0.475023,0.210467,0.707038,-0.707171,0.001765,-0.001874
arm_1_right_finger,488.963000,0.401119,0.475017,0.210463,0.707038,-0.707171,0.001757,-0.001867
arm_1_right_finger,488.977000,0.401137,0.475004,0.210460,0.707038,-0.707171,0.001748,-0.001858
arm_1_right_finger,488.992000,0.401166,0.474983,0.210457,0.707038,-0.707171,0.001742,-0.001852
arm_1_right_finger,489.006000,0.401205,0.474953,0.210455,0.707038,-0.707171,0.001736,-0.001845
arm_1_right_finger,489.020000,0.401257,0.474913,0.210452,0.707038,-0.707171,0.001730,-0.001840
arm_1_right_finger,489.034000,0.401324,0.474863,0.210450,0.707038,-0.707171,0.001722,-0.001832
arm_1_right_finger,489.049000,0.401412,0.474795,0.210448,0.707038,-0.707171,0.001716,-0.001825
arm_1_right_finger,489.062000,0.401502,0.474726,0.210447,0.707038,-0.707171,0.001709,-0.001819
arm_1_right_finger,489.073000,0.401591,0.474658,0.210445,0.707038,-0.707171,0.001706,-0.001816
arm_1_right_finger,489.085000,0.401698,0.474576,0.210443,0.707039,-0.707171,0.001704,-0.001814
arm_1_right_finger,489.099000,0.401839,0.474468,0.210441,0.707039,-0.707171,0.001702,-0.001811
arm_1_right_finger,489.112000,0.401983,0.474357,0.210439,0.707039,-0.707171,0.001696,-0.001806
arm_1_right_finger,489.126000,0.402158,0.474224,0.210437,0.707039,-0.707171,0.001692,-0.001801
arm_1_right_finger,489.138000,0.402320,0.474099,0.210435,0.707039,-0.707171,0.001689,-0.001798
arm_1_right_finger,489.152000,0.402527,0.473940,0.210432,0.707039,-0.707171,0.001684,-0.001793
arm_1_right_finger,489.165000,0.402736,0.473779,0.210430,0.707039,-0.707171,0.001682,-0.001791
arm_1_right_finger,489.179000,0.402977,0.473593,0.210427,0.707039,-0.707171,0.001679,-0.001789
arm_1_right_finger,489.193000,0.403236,0.473393,0.210424,0.707039,-0.707171,0.001677,-0.001786
arm_1_right_finger,489.207000,0.403514,0.473179,0.210421,0.707039,-0.707171,0.001674,-0.001784
arm_1_right_finger,489.221000,0.403809,0.472951,0.210417,0.707039,-0.707171,0.001671,-0.001780
arm_1_right_finger,489.236000,0.404145,0.472691,0.210413,0.707039,-0.707171,0.001667,-0.001776
arm_1_right_finger,489.250000,0.404477,0.472433,0.210410,0.707039,-0.707171,0.001666,-0.001775
arm_1_right_finger,489.263000,0.404802,0.472181,0.210406,0.707039,-0.707171,0.001666,-0.001775
arm_1_right_finger,489.276000,0.405140,0.471918,0.210402,0.707039,-0.707171,0.001663,-0.001772
arm_1_right_finger,489.289000,0.405495,0.471642,0.210398,0.707039,-0.707170,0.001659,-0.001768
arm_1_right_finger,489.303000,0.405896,0.471329,0.210393,0.707039,-0.707170,0.001658,-0.001767
arm_1_right_finger,489.317000,0.406314,0.471002,0.210388,0.707039,-0.707170,0.001656,-0.001764
arm_1_right_finger,489.331000,0.406750,0.470661,0.210383,0.707039,-0.707170,0.001654,-0.001763
arm_1_right_finger,489.345000,0.407204,0.470305,0.210378,0.707039,-0.707170,0.001652,-0.001761
arm_1_right_finger,489.360000,0.407711,0.469907,0.210372,0.707039,-0.707170,0.001652,-0.001760
arm_1_right_finger,489.374000,0.408201,0.469520,0.210367,0.707039,-0.707170,0.001652,-0.001760
arm_1_right_finger,489.388000,0.408710,0.469118,0.210361,0.707039,-0.707170,0.001650,-0.001758
arm_1_right_finger,489.402000,0.409236,0.468702,0.210354,0.707039,-0.707170,0.001648,-0.001755
arm_1_right_finger,489.416000,0.409779,0.468271,0.210348,0.707039,-0.707170,0.001643,-0.001750
arm_1_right_finger,489.430000,0.410340,0.467824,0.210342,0.707039,-0.707170,0.001641,-0.001748
arm_1_right_finger,489.445000,0.410961,0.467330,0.210334,0.707039,-0.707170,0.001639,-0.001746
arm_1_right_finger,489.459000,0.411558,0.466852,0.210328,0.707039,-0.707170,0.001636,-0.001743
arm_1_right_finger,489.472000,0.412129,0.466395,0.210321,0.707039,-0.707170,0.001634,-0.001740
arm_1_right_finger,489.486000,0.412759,0.465888,0.210314,0.707040,-0.707170,0.001631,-0.001738
arm_1_right_finger,489.500000,0.413407,0.465365,0.210306,0.707040,-0.707170,0.001628,-0.001735
arm_1_right_finger,489.514000,0.414073,0.464827,0.210298,0.707040,-0.707170,0.001625,-0.001732
arm_1_right_finger,489.528000,0.414755,0.464274,0.210290,0.707040,-0.707170,0.001622,-0.001728
arm_1_right_finger,489.542000,0.415455,0.463705,0.210282,0.707040,-0.707170,0.001618,-0.001724
arm_1_right_finger,489.557000,0.416223,0.463078,0.210273,0.707040,-0.707170,0.001613,-0.001719
arm_1_right_finger,489.571000,0.416957,0.462476,0.210264,0.707040,-0.707170,0.001608,-0.001714
arm_1_right_finger,489.585000,0.417709,0.461859,0.210255,0.707040,-0.707170,0.001603,-0.001709
arm_1_right_finger,489.599000,0.418477,0.461226,0.210246,0.707040,-0.707170,0.001598,-0.001703
arm_1_right_finger,489.613000,0.419262,0.460576,0.210237,0.707040,-0.707170,0.001592,-0.001697
arm_1_right_finger,489.628000,0.420121,0.459863,0.210227,0.707040,-0.707170,0.001585,-0.001690
arm_1_right_finger,489.642000,0.420940,0.459180,0.210217,0.707040,-0.707169,0.001578,-0.001683
arm_1_right_finger,489.657000,0.421836,0.458430,0.210207,0.707040,-0.707169,0.001571,-0.001675
arm_1_right_finger,489.672000,0.422751,0.457662,0.210196,0.707040,-0.707169,0.001563,-0.001667
arm_1_right_finger,489.686000,0.423622,0.456927,0.210185,0.707041,-0.707169,0.001555,-0.001659
arm_1_right_finger,489.700000,0.424509,0.456176,0.210175,0.707041,-0.707169,0.001547,-0.001651
arm_1_right_finger,489.714000,0.425412,0.455408,0.210164,0.707041,-0.707169,0.001539,-0.001642
arm_1_right_finger,489.727000,0.426264,0.454680,0.210154,0.707041,-0.707169,0.001531,-0.001634
arm_1_right_finger,489.739000,0.427064,0.453995,0.210144,0.707041,-0.707169,0.001524,-0.001627
arm_1_right_finger,489.753000,0.428011,0.453180,0.210133,0.707041,-0.707169,0.001514,-0.001617
arm_1_right_finger,489.767000,0.428974,0.452348,0.210121,0.707041,-0.707169,0.001505,-0.001607
arm_1_right_finger,489.781000,0.429952,0.451499,0.210109,0.707041,-0.707169,0.001495,-0.001597
arm_1_right_finger,489.795000,0.430946,0.450633,0.210097,0.707041,-0.707169,0.001485,-0.001586
arm_1_right_finger,489.809000,0.431956,0.449749,0.210085,0.707041,-0.707169,0.001474,-0.001576
arm_1_right_finger,489.823000,0.432980,0.448847,0.210073,0.707042,-0.707169,0.001463,-0.001565
arm_1_right_finger,489.837000,0.434020,0.447928,0.210060,0.707042,-0.707169,0.001452,-0.001553
arm_1_right_finger,489.852000,0.435150,0.446924,0.210046,0.707042,-0.707169,0.001439,-0.001540
arm_1_right_finger,489.866000,0.436221,0.445968,0.210033,0.707042,-0.707169,0.001428,-0.001528
arm_1_right_finger,489.881000,0.437384,0.444924,0.210019,0.707042,-0.707169,0.001416,-0.001516
arm_1_right_finger,489.896000,0.438565,0.443858,0.210004,0.707042,-0.707168,0.001403,-0.001503
arm_1_right_finger,489.911000,0.439762,0.442772,0.209989,0.707042,-0.707168,0.001391,-0.001490
arm_1_right_finger,489.926000,0.440976,0.441665,0.209974,0.707042,-0.707168,0.001377,-0.001476
arm_1_right_finger,489.941000,0.442206,0.440536,0.209959,0.707043,-0.707168,0.001364,-0.001463
arm_1_right_finger,489.955000,0.443369,0.439463,0.209945,0.707043,-0.707168,0.001351,-0.001449
arm_1_right_finger,489.969000,0.444546,0.438372,0.209930,0.707043,-0.707168,0.001337,-0.001435
arm_1_right_finger,489.982000,0.445651,0.437341,0.209916,0.707043,-0.707168,0.001326,-0.001423
arm_1_right_finger,489.993000,0.446594,0.436457,0.209904,0.707043,-0.707168,0.001316,-0.001413
arm_1_right_finger,490.007000,0.447808,0.435314,0.209889,0.707043,-0.707168,0.001303,-0.001400
arm_1_right_finger,490.021000,0.449035,0.434152,0.209874,0.707043,-0.707168,0.001289,-0.001386
arm_1_right_finger,490.035000,0.450276,0.432970,0.209858,0.707043,-0.707168,0.001277,-0.001373
arm_1_right_finger,490.050000,0.451620,0.431681,0.209841,0.707044,-0.707168,0.001263,-0.001359
arm_1_right_finger,490.064000,0.452888,0.430459,0.209825,0.707044,-0.707168,0.001250,-0.001345
arm_1_right_finger,490.078000,0.454168,0.429217,0.209809,0.707044,-0.707167,0.001237,-0.001332
arm_1_right_finger,490.092000,0.455461,0.427954,0.209792,0.707044,-0.707167,0.001225,-0.001319
arm_1_right_finger,490.106000,0.456767,0.426672,0.209775,0.707044,-0.707167,0.001212,-0.001306
arm_1_right_finger,490.120000,0.458084,0.425370,0.209759,0.707044,-0.707167,0.001200,-0.001294
arm_1_right_finger,490.134000,0.459414,0.424047,0.209741,0.707044,-0.707167,0.001186,-0.001280
arm_1_right_finger,490.148000,0.460756,0.422703,0.209724,0.707044,-0.707167,0.001172,-0.001265
arm_1_right_finger,490.163000,0.462208,0.421240,0.209705,0.707045,-0.707167,0.001158,-0.001250
arm_1_right_finger,490.175000,0.463378,0.420054,0.209690,0.707045,-0.707167,0.001146,-0.001239
arm_1_right_finger,490.184000,0.464261,0.419153,0.209678,0.707045,-0.707167,0.001138,-0.001230
arm_1_right_finger,490.196000,0.465446,0.417939,0.209663,0.707045,-0.707167,0.001127,-0.001219
arm_1_right_finger,490.206000,0.466436,0.416920,0.209650,0.707045,-0.707167,0.001118,-0.001210
arm_1_right_finger,490.219000,0.467731,0.415579,0.209633,0.707045,-0.707166,0.001107,-0.001198
arm_1_right_finger,490.232000,0.469043,0.414212,0.209615,0.707045,-0.707166,0.001097,-0.001187
arm_1_right_finger,490.246000,0.470465,0.412719,0.209597,0.707045,-0.707166,0.001086,-0.001176
arm_1_right_finger,490.260000,0.471898,0.411205,0.209577,0.707046,-0.707166,0.001075,-0.001164
arm_1_right_finger,490.274000,0.473340,0.409669,0.209558,0.707046,-0.707166,0.001064,-0.001153
arm_1_right_finger,490.288000,0.474793,0.408112,0.209539,0.707046,-0.707166,0.001053,-0.001142
arm_1_right_finger,490.302000,0.476255,0.406533,0.209519,0.707046,-0.707166,0.001043,-0.001132
arm_1_right_finger,490.316000,0.477727,0.404932,0.209499,0.707046,-0.707166,0.001033,-0.001121
arm_1_right_finger,490.330000,0.479208,0.403308,0.209479,0.707046,-0.707166,0.001022,-0.001110
arm_1_right_finger,490.343000,0.480592,0.401781,0.209460,0.707046,-0.707165,0.001013,-0.001100
arm_1_right_finger,490.357000,0.482091,0.400113,0.209440,0.707047,-0.707165,0.001003,-0.001089
arm_1_right_finger,490.362000,0.482629,0.399512,0.209432,0.707047,-0.707165,0.000999,-0.001086
arm_1_right_finger,490.373000,0.483815,0.398180,0.209416,0.707047,-0.707165,0.000992,-0.001078
arm_1_right_finger,490.386000,0.485224,0.396587,0.209396,0.707047,-0.707165,0.000984,-0.001069
arm_1_right_finger,490.400000,0.486749,0.394850,0.209375,0.707047,-0.707165,0.000975,-0.001060
arm_1_right_finger,490.413000,0.488172,0.393216,0.209355,0.707047,-0.707165,0.000967,-0.001051
arm_1_right_finger,490.427000,0.489712,0.391433,0.209334,0.707047,-0.707165,0.000959,-0.001042
arm_1_right_finger,490.440000,0.491150,0.389757,0.209314,0.707048,-0.707165,0.000951,-0.001034
arm_1_right_finger,490.454000,0.492706,0.387928,0.209292,0.707048,-0.707164,0.000943,-0.001026
arm_1_right_finger,490.467000,0.494158,0.386208,0.209271,0.707048,-0.707164,0.000936,-0.001018
arm_1_right_finger,490.480000,0.495615,0.384467,0.209250,0.707048,-0.707164,0.000929,-0.001010
arm_1_right_finger,490.494000,0.497192,0.382570,0.209227,0.707048,-0.707164,0.000921,-0.001002
arm_1_right_finger,490.507000,0.498660,0.380787,0.209206,0.707048,-0.707164,0.000914,-0.000995
arm_1_right_finger,490.520000,0.500131,0.378987,0.209185,0.707048,-0.707164,0.000908,-0.000988
arm_1_right_finger,490.534000,0.501717,0.377030,0.209162,0.707049,-0.707164,0.000902,-0.000981
arm_1_right_finger,490.547000,0.503189,0.375198,0.209140,0.707049,-0.707164,0.000896,-0.000975
arm_1_right_finger,490.561000,0.504772,0.373210,0.209117,0.707049,-0.707163,0.000890,-0.000968
arm_1_right_finger,490.575000,0.506351,0.371209,0.209094,0.707049,-0.707163,0.000884,-0.000962
arm_1_right_finger,490.589000,0.507926,0.369197,0.209070,0.707049,-0.707163,0.000878,-0.000956
arm_1_right_finger,490.603000,0.509496,0.367173,0.209047,0.707049,-0.707163,0.000873,-0.000950
arm_1_right_finger,490.617000,0.511058,0.365139,0.209023,0.707050,-0.707163,0.000868,-0.000944
arm_1_right_finger,490.629000,0.512393,0.363389,0.209003,0.707050,-0.707163,0.000864,-0.000940
arm_1_right_finger,490.641000,0.513722,0.361631,0.208983,0.707050,-0.707163,0.000873,-0.000948
arm_1_right_finger,490.653000,0.515046,0.359868,0.208963,0.707050,-0.707162,0.000890,-0.000965
arm_1_right_finger,490.665000,0.516363,0.358098,0.208943,0.707050,-0.707162,0.000916,-0.000991
arm_1_right_finger,490.676000,0.517556,0.356471,0.208921,0.707050,-0.707162,0.001027,-0.001101
arm_1_right_finger,490.688000,0.518857,0.354691,0.208899,0.707050,-0.707162,0.001057,-0.001130
arm_1_right_finger,490.700000,0.520156,0.352905,0.208879,0.707050,-0.707162,0.001077,-0.001149
arm_1_right_finger,490.712000,0.521450,0.351114,0.208859,0.707050,-0.707161,0.001091,-0.001163
arm_1_right_finger,490.724000,0.522737,0.349318,0.208839,0.707050,-0.707161,0.001103,-0.001175
arm_1_right_finger,490.736000,0.524017,0.347516,0.208819,0.707051,-0.707161,0.001114,-0.001185
arm_1_right_finger,490.748000,0.525291,0.345710,0.208799,0.707051,-0.707161,0.001123,-0.001193
arm_1_right_finger,490.760000,0.526558,0.343899,0.208779,0.707051,-0.707161,0.001131,-0.001202
arm_1_right_finger,490.772000,0.527818,0.342083,0.208759,0.707051,-0.707161,0.001139,-0.001208
arm_1_right_finger,490.784000,0.529071,0.340262,0.208738,0.707051,-0.707161,0.001148,-0.001218
arm_1_right_finger,490.796000,0.530317,0.338436,0.208718,0.707051,-0.707160,0.001151,-0.001220
arm_1_right_finger,490.807000,0.531453,0.336758,0.208700,0.707051,-0.707160,0.001157,-0.001225
arm_1_right_finger,490.819000,0.532686,0.334924,0.208679,0.707051,-0.707160,0.001158,-0.001226
arm_1_right_finger,490.830000,0.533810,0.333238,0.208661,0.707052,-0.707160,0.001164,-0.001231
arm_1_right_finger,490.842000,0.535030,0.331395,0.208641,0.707052,-0.707160,0.001166,-0.001232
arm_1_right_finger,490.854000,0.536242,0.329547,0.208620,0.707052,-0.707160,0.001171,-0.001237
arm_1_right_finger,490.866000,0.537448,0.327694,0.208600,0.707052,-0.707160,0.001176,-0.001242
arm_1_right_finger,490.878000,0.538648,0.325837,0.208580,0.707052,-0.707159,0.001196,-0.001261
arm_1_right_finger,490.892000,0.540038,0.323666,0.208557,0.707052,-0.707159,0.001216,-0.001281
arm_1_right_finger,490.906000,0.541418,0.321488,0.208534,0.707052,-0.707159,0.001230,-0.001294
arm_1_right_finger,490.920000,0.542789,0.319304,0.208510,0.707052,-0.707159,0.001235,-0.001299
arm_1_right_finger,490.934000,0.544149,0.317114,0.208486,0.707053,-0.707159,0.001231,-0.001295
arm_1_right_finger,490.946000,0.545307,0.315233,0.208466,0.707053,-0.707159,0.001223,-0.001286
arm_1_right_finger,490.960000,0.546648,0.313032,0.208442,0.707053,-0.707158,0.001207,-0.001270
arm_1_right_finger,490.975000,0.548075,0.310669,0.208417,0.707053,-0.707158,0.001186,-0.001248
arm_1_right_finger,490.989000,0.549397,0.308456,0.208393,0.707053,-0.707158,0.001164,-0.001224
arm_1_right_finger,491.003000,0.550708,0.306239,0.208369,0.707054,-0.707158,0.001145,-0.001205
arm_1_right_finger,491.014000,0.551732,0.304492,0.208351,0.707054,-0.707158,0.001131,-0.001191
arm_1_right_finger,491.026000,0.552842,0.302583,0.208330,0.707054,-0.707158,0.001118,-0.001177
arm_1_right_finger,491.040000,0.554127,0.300351,0.208307,0.707054,-0.707158,0.001103,-0.001162
arm_1_right_finger,491.054000,0.555403,0.298113,0.208283,0.707054,-0.707158,0.001089,-0.001148
arm_1_right_finger,491.068000,0.556669,0.295869,0.208259,0.707054,-0.707157,0.001077,-0.001134
arm_1_right_finger,491.082000,0.557924,0.293621,0.208235,0.707055,-0.707157,0.001065,-0.001122
arm_1_right_finger,491.096000,0.559170,0.291367,0.208211,0.707055,-0.707157,0.001054,-0.001110
arm_1_right_finger,491.111000,0.560493,0.288946,0.208186,0.707055,-0.707157,0.001043,-0.001099
arm_1_right_finger,491.126000,0.561805,0.286519,0.208160,0.707055,-0.707157,0.001033,-0.001089
arm_1_right_finger,491.141000,0.563105,0.284086,0.208135,0.707055,-0.707157,0.001024,-0.001079
arm_1_right_finger,491.156000,0.564394,0.281647,0.208109,0.707055,-0.707157,0.001016,-0.001070
arm_1_right_finger,491.171000,0.565671,0.279203,0.208084,0.707056,-0.707156,0.001008,-0.001061
arm_1_right_finger,491.186000,0.566936,0.276752,0.208058,0.707056,-0.707156,0.001001,-0.001053
arm_1_right_finger,491.201000,0.568190,0.274296,0.208033,0.707056,-0.707156,0.000994,-0.001046
arm_1_right_finger,491.215000,0.569349,0.271999,0.208009,0.707056,-0.707156,0.000988,-0.001040
arm_1_right_finger,491.229000,0.570499,0.269696,0.207985,0.707056,-0.707156,0.000982,-0.001033
arm_1_right_finger,491.243000,0.571638,0.267389,0.207961,0.707056,-0.707156,0.000977,-0.001027
arm_1_right_finger,491.257000,0.572766,0.265077,0.207937,0.707057,-0.707156,0.000972,-0.001022
arm_1_right_finger,491.272000,0.573965,0.262594,0.207912,0.707057,-0.707155,0.000966,-0.001015
arm_1_right_finger,491.286000,0.575072,0.260273,0.207888,0.707057,-0.707155,0.000961,-0.001010
arm_1_right_finger,491.300000,0.576169,0.257946,0.207864,0.707057,-0.707155,0.000956,-0.001004
arm_1_right_finger,491.315000,0.577333,0.255448,0.207838,0.707057,-0.707155,0.000950,-0.000998
arm_1_right_finger,491.329000,0.578409,0.253112,0.207815,0.707057,-0.707155,0.000945,-0.000992
arm_1_right_finger,491.343000,0.579474,0.250772,0.207791,0.707058,-0.707155,0.000940,-0.000986
arm_1_right_finger,491.358000,0.580604,0.248259,0.207765,0.707058,-0.707154,0.000934,-0.000980
arm_1_right_finger,491.373000,0.581722,0.245741,0.207739,0.707058,-0.707154,0.000929,-0.000974
arm_1_right_finger,491.388000,0.582828,0.243218,0.207714,0.707058,-0.707154,0.000923,-0.000967
arm_1_right_finger,491.402000,0.583849,0.240859,0.207690,0.707058,-0.707154,0.000917,-0.000961
arm_1_right_finger,491.417000,0.584932,0.238327,0.207664,0.707059,-0.707154,0.000911,-0.000955
arm_1_right_finger,491.430000,0.585861,0.236128,0.207642,0.707059,-0.707154,0.000906,-0.000949
arm_1_right_finger,491.444000,0.586851,0.233756,0.207618,0.707059,-0.707154,0.000900,-0.000942
arm_1_right_finger,491.458000,0.587830,0.231380,0.207594,0.707059,-0.707153,0.000894,-0.000936
arm_1_right_finger,491.473000,0.588868,0.228830,0.207569,0.707059,-0.707153,0.000887,-0.000929
arm_1_right_finger,491.487000,0.589825,0.226445,0.207545,0.707059,-0.707153,0.000881,-0.000922
arm_1_right_finger,491.501000,0.590772,0.224057,0.207521,0.707060,-0.707153,0.000875,-0.000915
arm_1_right_finger,491.516000,0.591775,0.221493,0.207495,0.707060,-0.707153,0.000868,-0.000907
arm_1_right_finger,491.530000,0.592700,0.219097,0.207471,0.707060,-0.707153,0.000861,-0.000900
arm_1_right_finger,491.542000,0.593488,0.217039,0.207451,0.707060,-0.707152,0.000970,-0.001008
arm_1_right_finger,491.554000,0.594251,0.214979,0.207427,0.707060,-0.707152,0.001019,-0.001057
arm_1_right_finger,491.566000,0.595019,0.212917,0.207406,0.707060,-0.707152,0.001042,-0.001079
arm_1_right_finger,491.579000,0.595844,0.210679,0.207384,0.707060,-0.707152,0.001058,-0.001095
arm_1_right_finger,491.592000,0.596659,0.208438,0.207362,0.707060,-0.707152,0.001072,-0.001108
arm_1_right_finger,491.604000,0.597404,0.206366,0.207342,0.707060,-0.707151,0.001083,-0.001119
arm_1_right_finger,491.616000,0.598141,0.204292,0.207321,0.707061,-0.707151,0.001094,-0.001129
arm_1_right_finger,491.628000,0.598869,0.202215,0.207301,0.707061,-0.707151,0.001103,-0.001138
arm_1_right_finger,491.640000,0.599590,0.200136,0.207281,0.707061,-0.707151,0.001111,-0.001145
arm_1_right_finger,491.652000,0.600303,0.198054,0.207260,0.707061,-0.707151,0.001120,-0.001154
arm_1_right_finger,491.665000,0.601066,0.195796,0.207238,0.707061,-0.707151,0.001126,-0.001160
arm_1_right_finger,491.678000,0.601820,0.193535,0.207216,0.707061,-0.707151,0.001132,-0.001165
arm_1_right_finger,491.690000,0.602507,0.191445,0.207196,0.707061,-0.707150,0.001134,-0.001167
arm_1_right_finger,491.702000,0.603187,0.189353,0.207175,0.707061,-0.707150,0.001139,-0.001172
arm_1_right_finger,491.713000,0.603802,0.187433,0.207156,0.707061,-0.707150,0.001275,-0.001307
arm_1_right_finger,491.724000,0.604410,0.185511,0.207137,0.707061,-0.707150,0.001425,-0.001456
arm_1_right_finger,491.735000,0.605013,0.183587,0.207118,0.707061,-0.707149,0.001532,-0.001562
arm_1_right_finger,491.745000,0.605555,0.181836,0.207101,0.707061,-0.707149,0.001596,-0.001627
arm_1_right_finger,491.757000,0.606198,0.179733,0.207081,0.707061,-0.707149,0.001644,-0.001674
arm_1_right_finger,491.770000,0.606888,0.177453,0.207059,0.707061,-0.707148,0.001680,-0.001709
arm_1_right_finger,491.783000,0.607570,0.175169,0.207038,0.707061,-0.707148,0.001740,-0.001769
arm_1_right_finger,491.795000,0.608192,0.173059,0.207019,0.707061,-0.707148,0.001812,-0.001840
arm_1_right_finger,491.808000,0.608852,0.170771,0.206996,0.707061,-0.707148,0.001859,-0.001887
arm_1_right_finger,491.822000,0.609552,0.168304,0.206972,0.707061,-0.707147,0.001863,-0.001891
arm_1_right_finger,491.836000,0.610243,0.165834,0.206949,0.707061,-0.707147,0.001857,-0.001884
arm_1_right_finger,491.850000,0.610922,0.163361,0.206925,0.707062,-0.707147,0.001849,-0.001875
arm_1_right_finger,491.864000,0.611591,0.160885,0.206901,0.707062,-0.707147,0.001840,-0.001866
arm_1_right_finger,491.878000,0.612249,0.158407,0.206878,0.707062,-0.707147,0.001832,-0.001857
arm_1_right_finger,491.892000,0.612895,0.155926,0.206854,0.707062,-0.707147,0.001824,-0.001849
arm_1_right_finger,491.905000,0.613485,0.153620,0.206832,0.707062,-0.707147,0.001817,-0.001842
arm_1_right_finger,491.920000,0.614156,0.150956,0.206807,0.707062,-0.707146,0.001830,-0.001854
arm_1_right_finger,491.934000,0.614770,0.148467,0.206783,0.707062,-0.707146,0.001848,-0.001871
arm_1_right_finger,491.949000,0.615415,0.145798,0.206758,0.707063,-0.707146,0.001865,-0.001888
arm_1_right_finger,491.963000,0.616005,0.143304,0.206734,0.707063,-0.707146,0.001880,-0.001902
arm_1_right_finger,491.978000,0.616625,0.140630,0.206708,0.707063,-0.707146,0.001889,-0.001910
arm_1_right_finger,491.992000,0.617192,0.138131,0.206684,0.707063,-0.707145,0.001887,-0.001908
arm_1_right_finger,492.006000,0.617747,0.135631,0.206660,0.707063,-0.707145,0.001875,-0.001895
arm_1_right_finger,492.020000,0.618291,0.133127,0.206636,0.707063,-0.707145,0.001850,-0.001870
arm_1_right_finger,492.034000,0.618824,0.130622,0.206611,0.707064,-0.707145,0.001813,-0.001833
arm_1_right_finger,492.047000,0.619309,0.128294,0.206589,0.707064,-0.707145,0.001770,-0.001789
arm_1_right_finger,492.061000,0.619820,0.125785,0.206564,0.707064,-0.707145,0.001715,-0.001734
arm_1_right_finger,492.075000,0.620321,0.123273,0.206540,0.707065,-0.707145,0.001654,-0.001672
arm_1_right_finger,492.089000,0.620810,0.120760,0.206516,0.707065,-0.707145,0.001593,-0.001611
arm_1_right_finger,492.103000,0.621289,0.118245,0.206491,0.707065,-0.707145,0.001536,-0.001553
arm_1_right_finger,492.117000,0.621756,0.115728,0.206467,0.707065,-0.707145,0.001482,-0.001499
arm_1_right_finger,492.131000,0.622213,0.113209,0.206443,0.707066,-0.707145,0.001433,-0.001449
arm_1_right_finger,492.144000,0.622627,0.110868,0.206420,0.707066,-0.707145,0.001391,-0.001407
arm_1_right_finger,492.158000,0.623062,0.108346,0.206396,0.707066,-0.707145,0.001349,-0.001364
arm_1_right_finger,492.172000,0.623486,0.105822,0.206372,0.707066,-0.707145,0.001311,-0.001325
arm_1_right_finger,492.186000,0.623893,0.103333,0.206348,0.707067,-0.707145,0.001275,-0.001289
arm_1_right_finger,492.200000,0.624296,0.100798,0.206324,0.707067,-0.707145,0.001242,-0.001255
arm_1_right_finger,492.213000,0.624660,0.098444,0.206301,0.707067,-0.707144,0.001213,-0.001226
arm_1_right_finger,492.227000,0.625041,0.095909,0.206277,0.707067,-0.707144,0.001185,-0.001198
arm_1_right_finger,492.241000,0.625410,0.093374,0.206253,0.707067,-0.707144,0.001161,-0.001173
arm_1_right_finger,492.255000,0.625769,0.090838,0.206229,0.707068,-0.707144,0.001140,-0.001152
arm_1_right_finger,492.270000,0.626141,0.088120,0.206203,0.707068,-0.707144,0.001122,-0.001133
arm_1_right_finger,492.285000,0.626499,0.085401,0.206177,0.707068,-0.707144,0.001106,-0.001117
arm_1_right_finger,492.299000,0.626823,0.082862,0.206153,0.707068,-0.707144,0.001094,-0.001104
arm_1_right_finger,492.313000,0.627135,0.080323,0.206129,0.707068,-0.707144,0.001085,-0.001094
arm_1_right_finger,492.327000,0.627435,0.077782,0.206105,0.707069,-0.707143,0.001076,-0.001086
arm_1_right_finger,492.341000,0.627725,0.075241,0.206081,0.707069,-0.707143,0.001070,-0.001078
arm_1_right_finger,492.354000,0.627984,0.072880,0.206058,0.707069,-0.707143,0.001065,-0.001073
arm_1_right_finger,492.366000,0.628214,0.070701,0.206038,0.707069,-0.707143,0.001060,-0.001068
arm_1_right_finger,492.378000,0.628436,0.068520,0.206017,0.707069,-0.707143,0.001057,-0.001064
arm_1_right_finger,492.390000,0.628650,0.066339,0.205996,0.707069,-0.707143,0.001054,-0.001061
arm_1_right_finger,492.397000,0.628771,0.065067,0.205984,0.707069,-0.707143,0.001052,-0.001059
arm_1_right_finger,492.404000,0.628889,0.063794,0.205972,0.707069,-0.707143,0.001050,-0.001057
arm_1_right_finger,492.411000,0.629004,0.062521,0.205960,0.707070,-0.707142,0.001049,-0.001055
arm_1_right_finger,492.420000,0.629148,0.060885,0.205945,0.707070,-0.707142,0.001047,-0.001053
arm_1_right_finger,492.429000,0.629287,0.059248,0.205929,0.707070,-0.707142,0.001045,-0.001051
arm_1_right_finger,492.439000,0.629435,0.057455,0.205912,0.707070,-0.707142,0.001044,-0.001049
arm_1_right_finger,492.447000,0.629549,0.056017,0.205898,0.707070,-0.707142,0.001042,-0.001047
arm_1_right_finger,492.457000,0.629688,0.054199,0.205881,0.707070,-0.707142,0.001039,-0.001044
arm_1_right_finger,492.464000,0.629783,0.052920,0.205869,0.707070,-0.707142,0.001038,-0.001042
arm_1_right_finger,492.474000,0.629912,0.051093,0.205852,0.707070,-0.707142,0.001035,-0.001039
arm_1_right_finger,492.484000,0.630037,0.049267,0.205834,0.707070,-0.707142,0.001033,-0.001037
arm_1_right_finger,492.496000,0.630178,0.047077,0.205814,0.707071,-0.707142,0.001031,-0.001034
arm_1_right_finger,492.508000,0.630311,0.044887,0.205793,0.707071,-0.707141,0.001028,-0.001031
arm_1_right_finger,492.521000,0.630445,0.042515,0.205770,0.707071,-0.707141,0.001025,-0.001028
arm_1_right_finger,492.535000,0.630580,0.039961,0.205746,0.707071,-0.707141,0.001022,-0.001024
arm_1_right_finger,492.545000,0.630668,0.038137,0.205729,0.707071,-0.707141,0.001020,-0.001021
arm_1_right_finger,492.559000,0.630783,0.035584,0.205705,0.707071,-0.707141,0.001016,-0.001017
arm_1_right_finger,492.572000,0.630879,0.033213,0.205682,0.707071,-0.707141,0.001013,-0.001013
arm_1_right_finger,492.586000,0.630972,0.030660,0.205658,0.707072,-0.707141,0.001009,-0.001009
arm_1_right_finger,492.601000,0.631059,0.027924,0.205632,0.707072,-0.707140,0.001004,-0.001004
arm_1_right_finger,492.615000,0.631129,0.025372,0.205608,0.707072,-0.707140,0.000999,-0.000999
arm_1_right_finger,492.630000,0.631191,0.022636,0.205582,0.707072,-0.707140,0.000994,-0.000993
arm_1_right_finger,492.645000,0.631240,0.019901,0.205556,0.707072,-0.707140,0.000988,-0.000987
arm_1_right_finger,492.660000,0.631277,0.017167,0.205530,0.707072,-0.707140,0.000983,-0.000980
arm_1_right_finger,492.675000,0.631300,0.014432,0.205504,0.707073,-0.707140,0.000976,-0.000974
arm_1_right_finger,492.690000,0.631310,0.011698,0.205478,0.707073,-0.707139,0.000970,-0.000967
arm_1_right_finger,492.705000,0.631308,0.008964,0.205452,0.707073,-0.707139,0.000963,-0.000959
arm_1_right_finger,492.720000,0.631293,0.006230,0.205426,0.707073,-0.707139,0.000956,-0.000952
arm_1_right_finger,492.734000,0.631267,0.003679,0.205402,0.707073,-0.707139,0.000949,-0.000944
arm_1_right_finger,492.749000,0.631227,0.000946,0.205376,0.707073,-0.707139,0.000942,-0.000936
arm_1_right_finger,492.764000,0.631173,-0.001787,0.205350,0.707074,-0.707139,0.000934,-0.000928
arm_1_right_finger,492.779000,0.631107,-0.004518,0.205324,0.707074,-0.707139,0.000926,-0.000920
arm_1_right_finger,492.794000,0.631028,-0.007250,0.205298,0.707074,-0.707138,0.000918,-0.000911
arm_1_right_finger,492.808000,0.630943,-0.009798,0.205274,0.707074,-0.707138,0.000910,-0.000903
arm_1_right_finger,492.823000,0.630839,-0.012528,0.205248,0.707074,-0.707138,0.000901,-0.000894
arm_1_right_finger,492.838000,0.630723,-0.015258,0.205222,0.707075,-0.707138,0.000893,-0.000885
arm_1_right_finger,492.853000,0.630593,-0.017986,0.205196,0.707075,-0.707138,0.000884,-0.000875
arm_1_right_finger,492.868000,0.630451,-0.020714,0.205170,0.707075,-0.707138,0.000874,-0.000866
arm_1_right_finger,492.883000,0.630296,-0.023440,0.205143,0.707075,-0.707137,0.000865,-0.000856
arm_1_right_finger,492.898000,0.630128,-0.026166,0.205117,0.707075,-0.707137,0.000856,-0.000846
arm_1_right_finger,492.913000,0.629947,-0.028890,0.205091,0.707075,-0.707137,0.000846,-0.000836
arm_1_right_finger,492.928000,0.629753,-0.031614,0.205065,0.707076,-0.707137,0.000837,-0.000826
arm_1_right_finger,492.942000,0.629561,-0.034154,0.205041,0.707076,-0.707137,0.000829,-0.000817
arm_1_right_finger,492.956000,0.629357,-0.036694,0.205017,0.707076,-0.707137,0.000821,-0.000809
arm_1_right_finger,492.970000,0.629143,-0.039232,0.204993,0.707076,-0.707137,0.000813,-0.000801
arm_1_right_finger,492.984000,0.628917,-0.041770,0.204968,0.707076,-0.707136,0.000806,-0.000793
arm_1_right_finger,492.997000,0.628697,-0.044125,0.204946,0.707076,-0.707136,0.000799,-0.000787
arm_1_right_finger,493.009000,0.628480,-0.046298,0.204923,0.707076,-0.707136,0.000873,-0.000860
arm_1_right_finger,493.020000,0.628274,-0.048289,0.204902,0.707077,-0.707136,0.000900,-0.000886
arm_1_right_finger,493.031000,0.628066,-0.050279,0.204883,0.707077,-0.707136,0.000920,-0.000907
arm_1_right_finger,493.042000,0.627852,-0.052268,0.204864,0.707077,-0.707136,0.000937,-0.000923
arm_1_right_finger,493.054000,0.627611,-0.054437,0.204844,0.707077,-0.707135,0.000953,-0.000939
arm_1_right_finger,493.067000,0.627341,-0.056786,0.204821,0.707077,-0.707135,0.000969,-0.000955
arm_1_right_finger,493.078000,0.627104,-0.058772,0.204802,0.707077,-0.707135,0.000982,-0.000967
arm_1_right_finger,493.088000,0.626883,-0.060577,0.204785,0.707077,-0.707135,0.000991,-0.000976
arm_1_right_finger,493.100000,0.626611,-0.062742,0.204764,0.707077,-0.707135,0.001001,-0.000985
arm_1_right_finger,493.112000,0.626330,-0.064905,0.204744,0.707077,-0.707135,0.001010,-0.000994
arm_1_right_finger,493.124000,0.626041,-0.067068,0.204723,0.707078,-0.707135,0.001020,-0.001004
arm_1_right_finger,493.136000,0.625744,-0.069229,0.204702,0.707078,-0.707134,0.001026,-0.001009
arm_1_right_finger,493.149000,0.625412,-0.071569,0.204680,0.707078,-0.707134,0.001031,-0.001014
arm_1_right_finger,493.161000,0.625098,-0.073727,0.204659,0.707078,-0.707134,0.001036,-0.001018
arm_1_right_finger,493.174000,0.624749,-0.076064,0.204637,0.707078,-0.707134,0.001044,-0.001026
arm_1_right_finger,493.187000,0.624390,-0.078399,0.204614,0.707078,-0.707134,0.001048,-0.001030
arm_1_right_finger,493.199000,0.624050,-0.080553,0.204593,0.707078,-0.707134,0.001054,-0.001036
arm_1_right_finger,493.211000,0.623702,-0.082705,0.204573,0.707079,-0.707134,0.001057,-0.001039
arm_1_right_finger,493.224000,0.623316,-0.085036,0.204550,0.707079,-0.707133,0.001063,-0.001044
arm_1_right_finger,493.236000,0.622950,-0.087185,0.204529,0.707079,-0.707133,0.001065,-0.001045
arm_1_right_finger,493.247000,0.622609,-0.089154,0.204510,0.707079,-0.707133,0.001070,-0.001051
arm_1_right_finger,493.258000,0.622261,-0.091122,0.204491,0.707079,-0.707133,0.001073,-0.001053
arm_1_right_finger,493.268000,0.621938,-0.092909,0.204474,0.707079,-0.707133,0.001075,-0.001055
arm_1_right_finger,493.279000,0.621576,-0.094874,0.204455,0.707079,-0.707133,0.001078,-0.001057
arm_1_right_finger,493.290000,0.621208,-0.096838,0.204436,0.707079,-0.707133,0.001080,-0.001060
arm_1_right_finger,493.300000,0.620867,-0.098622,0.204418,0.707079,-0.707132,0.001177,-0.001156
arm_1_right_finger,493.309000,0.620547,-0.100226,0.204399,0.707079,-0.707132,0.001344,-0.001323
arm_1_right_finger,493.319000,0.620190,-0.102008,0.204380,0.707079,-0.707132,0.001499,-0.001477
arm_1_right_finger,493.329000,0.619815,-0.103788,0.204357,0.707079,-0.707132,0.001411,-0.001389
arm_1_right_finger,493.340000,0.619418,-0.105745,0.204339,0.707079,-0.707131,0.001529,-0.001507
arm_1_right_finger,493.350000,0.619041,-0.107523,0.204318,0.707079,-0.707131,0.001574,-0.001552
arm_1_right_finger,493.361000,0.618632,-0.109477,0.204300,0.707079,-0.707131,0.001717,-0.001694
arm_1_right_finger,493.372000,0.618198,-0.111430,0.204276,0.707079,-0.707131,0.001686,-0.001663
arm_1_right_finger,493.382000,0.617816,-0.113203,0.204260,0.707079,-0.707130,0.001798,-0.001775
arm_1_right_finger,493.393000,0.617389,-0.115153,0.204243,0.707079,-0.707130,0.001878,-0.001855
arm_1_right_finger,493.404000,0.616953,-0.117101,0.204224,0.707079,-0.707130,0.001912,-0.001889
arm_1_right_finger,493.415000,0.616511,-0.119047,0.204206,0.707079,-0.707130,0.001894,-0.001870
arm_1_right_finger,493.426000,0.616064,-0.120992,0.204188,0.707079,-0.707129,0.001875,-0.001851
arm_1_right_finger,493.438000,0.615568,-0.123111,0.204169,0.707079,-0.707129,0.001846,-0.001821
arm_1_right_finger,493.451000,0.615021,-0.125405,0.204147,0.707080,-0.707129,0.001807,-0.001782
arm_1_right_finger,493.464000,0.614465,-0.127696,0.204126,0.707080,-0.707129,0.001765,-0.001740
arm_1_right_finger,493.476000,0.613942,-0.129809,0.204106,0.707080,-0.707129,0.001726,-0.001701
arm_1_right_finger,493.488000,0.613412,-0.131919,0.204086,0.707080,-0.707129,0.001688,-0.001662
arm_1_right_finger,493.501000,0.612828,-0.134203,0.204064,0.707081,-0.707129,0.001648,-0.001622
arm_1_right_finger,493.514000,0.612234,-0.136485,0.204042,0.707081,-0.707129,0.001611,-0.001585
arm_1_right_finger,493.527000,0.611631,-0.138764,0.204020,0.707081,-0.707129,0.001577,-0.001550
arm_1_right_finger,493.539000,0.611053,-0.140865,0.203995,0.707081,-0.707129,0.001512,-0.001485
arm_1_right_finger,493.552000,0.610433,-0.143139,0.203974,0.707081,-0.707129,0.001576,-0.001548
arm_1_right_finger,493.564000,0.609852,-0.145235,0.203954,0.707081,-0.707129,0.001611,-0.001583
arm_1_right_finger,493.575000,0.609313,-0.147154,0.203935,0.707082,-0.707128,0.001628,-0.001600
arm_1_right_finger,493.587000,0.608716,-0.149246,0.203915,0.707082,-0.707128,0.001635,-0.001606
arm_1_right_finger,493.599000,0.608112,-0.151336,0.203894,0.707082,-0.707128,0.001633,-0.001604
arm_1_right_finger,493.611000,0.607500,-0.153423,0.203874,0.707082,-0.707128,0.001625,-0.001596
arm_1_right_finger,493.622000,0.606931,-0.155333,0.203855,0.707082,-0.707128,0.001614,-0.001585
arm_1_right_finger,493.633000,0.606356,-0.157242,0.203836,0.707082,-0.707128,0.001602,-0.001573
arm_1_right_finger,493.643000,0.605828,-0.158975,0.203819,0.707082,-0.707128,0.001590,-0.001560
arm_1_right_finger,493.654000,0.605240,-0.160880,0.203800,0.707083,-0.707128,0.001575,-0.001545
arm_1_right_finger,493.665000,0.604645,-0.162783,0.203781,0.707083,-0.707127,0.001560,-0.001530
arm_1_right_finger,493.677000,0.603989,-0.164855,0.203761,0.707083,-0.707127,0.001543,-0.001513
arm_1_right_finger,493.689000,0.603325,-0.166926,0.203740,0.707083,-0.707127,0.001527,-0.001496
arm_1_right_finger,493.701000,0.602654,-0.168993,0.203719,0.707083,-0.707127,0.001510,-0.001479
arm_1_right_finger,493.712000,0.602033,-0.170886,0.203701,0.707083,-0.707127,0.001511,-0.001480
arm_1_right_finger,493.724000,0.601348,-0.172949,0.203681,0.707083,-0.707127,0.001538,-0.001506
arm_1_right_finger,493.736000,0.600649,-0.175008,0.203658,0.707084,-0.707127,0.001487,-0.001456
arm_1_right_finger,493.749000,0.599887,-0.177236,0.203636,0.707084,-0.707127,0.001426,-0.001394
arm_1_right_finger,493.762000,0.599117,-0.179461,0.203613,0.707084,-0.707127,0.001370,-0.001337
arm_1_right_finger,493.776000,0.598278,-0.181853,0.203589,0.707084,-0.707127,0.001315,-0.001283
arm_1_right_finger,493.789000,0.597489,-0.184071,0.203566,0.707085,-0.707127,0.001270,-0.001238
arm_1_right_finger,493.803000,0.596630,-0.186456,0.203542,0.707085,-0.707127,0.001226,-0.001193
arm_1_right_finger,493.816000,0.595822,-0.188667,0.203519,0.707085,-0.707127,0.001189,-0.001156
arm_1_right_finger,493.830000,0.594942,-0.191043,0.203495,0.707085,-0.707126,0.001153,-0.001119
arm_1_right_finger,493.844000,0.594049,-0.193416,0.203470,0.707086,-0.707126,0.001104,-0.001070
arm_1_right_finger,493.854000,0.593395,-0.195108,0.203449,0.707086,-0.707126,0.001097,-0.001063
arm_1_right_finger,493.864000,0.592747,-0.196799,0.203431,0.707086,-0.707126,0.001091,-0.001056
arm_1_right_finger,493.876000,0.591963,-0.198824,0.203410,0.707086,-0.707126,0.001065,-0.001030
arm_1_right_finger,493.888000,0.591173,-0.200846,0.203390,0.707086,-0.707126,0.001044,-0.001010
arm_1_right_finger,493.900000,0.590375,-0.202865,0.203369,0.707086,-0.707126,0.001021,-0.000986
arm_1_right_finger,493.913000,0.589502,-0.205049,0.203347,0.707086,-0.707126,0.001005,-0.000970
arm_1_right_finger,493.926000,0.588619,-0.207229,0.203325,0.707087,-0.707126,0.000986,-0.000951
arm_1_right_finger,493.938000,0.587797,-0.209238,0.203304,0.707087,-0.707125,0.000972,-0.000937
arm_1_right_finger,493.950000,0.586967,-0.211244,0.203283,0.707087,-0.707125,0.000961,-0.000925
arm_1_right_finger,493.962000,0.586131,-0.213246,0.203263,0.707087,-0.707125,0.000965,-0.000929
arm_1_right_finger,493.974000,0.585285,-0.215245,0.203242,0.707087,-0.707125,0.000976,-0.000939
arm_1_right_finger,493.985000,0.584504,-0.217075,0.203223,0.707087,-0.707125,0.000985,-0.000948
arm_1_right_finger,493.996000,0.583716,-0.218901,0.203204,0.707087,-0.707125,0.000993,-0.000956
arm_1_right_finger,494.008000,0.582849,-0.220891,0.203183,0.707088,-0.707125,0.001002,-0.000964
arm_1_right_finger,494.020000,0.581975,-0.222877,0.203162,0.707088,-0.707125,0.001009,-0.000972
arm_1_right_finger,494.032000,0.581093,-0.224860,0.203141,0.707088,-0.707124,0.001016,-0.000978
arm_1_right_finger,494.044000,0.580204,-0.226839,0.203120,0.707088,-0.707124,0.001022,-0.000984
arm_1_right_finger,494.056000,0.579307,-0.228814,0.203099,0.707088,-0.707124,0.001028,-0.000990
arm_1_right_finger,494.069000,0.578328,-0.230951,0.203076,0.707088,-0.707124,0.001033,-0.000995
arm_1_right_finger,494.082000,0.577339,-0.233083,0.203053,0.707088,-0.707124,0.001038,-0.001000
arm_1_right_finger,494.089000,0.576804,-0.234229,0.203041,0.707088,-0.707124,0.001040,-0.001002
arm_1_right_finger,494.099000,0.576034,-0.235865,0.203023,0.707088,-0.707124,0.001043,-0.001005
arm_1_right_finger,494.111000,0.575104,-0.237824,0.203002,0.707089,-0.707123,0.001047,-0.001007
arm_1_right_finger,494.123000,0.574166,-0.239779,0.202981,0.707089,-0.707123,0.001049,-0.001010
arm_1_right_finger,494.135000,0.573221,-0.241731,0.202960,0.707089,-0.707123,0.001052,-0.001013
arm_1_right_finger,494.148000,0.572189,-0.243841,0.202938,0.707089,-0.707123,0.001055,-0.001015
arm_1_right_finger,494.160000,0.571229,-0.245785,0.202917,0.707089,-0.707123,0.001057,-0.001017
arm_1_right_finger,494.173000,0.570181,-0.247887,0.202894,0.707089,-0.707123,0.001059,-0.001019
arm_1_right_finger,494.185000,0.569206,-0.249823,0.202873,0.707089,-0.707123,0.001061,-0.001021
arm_1_right_finger,494.197000,0.568224,-0.251756,0.202852,0.707090,-0.707122,0.001063,-0.001022
arm_1_right_finger,494.209000,0.567234,-0.253684,0.202831,0.707090,-0.707122,0.001065,-0.001024
arm_1_right_finger,494.221000,0.566237,-0.255609,0.202810,0.707090,-0.707122,0.001067,-0.001026
arm_1_right_finger,494.233000,0.565233,-0.257529,0.202789,0.707090,-0.707122,0.001068,-0.001027
arm_1_right_finger,494.246000,0.564138,-0.259606,0.202766,0.707090,-0.707122,0.001070,-0.001029
arm_1_right_finger,494.258000,0.563119,-0.261518,0.202745,0.707090,-0.707122,0.001073,-0.001032
arm_1_right_finger,494.268000,0.562263,-0.263109,0.202727,0.707090,-0.707121,0.001250,-0.001209
arm_1_right_finger,494.279000,0.561306,-0.264855,0.202704,0.707090,-0.707121,0.001251,-0.001209
arm_1_right_finger,494.291000,0.560266,-0.266756,0.202682,0.707090,-0.707121,0.001230,-0.001189
arm_1_right_finger,494.303000,0.559221,-0.268654,0.202662,0.707091,-0.707121,0.001208,-0.001166
arm_1_right_finger,494.316000,0.558081,-0.270705,0.202639,0.707091,-0.707121,0.001185,-0.001142
arm_1_right_finger,494.328000,0.557022,-0.272593,0.202618,0.707091,-0.707121,0.001166,-0.001123
arm_1_right_finger,494.341000,0.555867,-0.274635,0.202596,0.707091,-0.707121,0.001148,-0.001105
arm_1_right_finger,494.354000,0.554703,-0.276671,0.202573,0.707091,-0.707121,0.001132,-0.001090
arm_1_right_finger,494.366000,0.553621,-0.278547,0.202553,0.707091,-0.707120,0.001120,-0.001077
arm_1_right_finger,494.379000,0.552441,-0.280574,0.202530,0.707092,-0.707120,0.001108,-0.001065
arm_1_right_finger,494.391000,0.551345,-0.282440,0.202509,0.707092,-0.707120,0.001106,-0.001062
arm_1_right_finger,494.403000,0.550242,-0.284303,0.202488,0.707092,-0.707120,0.001105,-0.001061
arm_1_right_finger,494.416000,0.549039,-0.286315,0.202466,0.707092,-0.707120,0.001106,-0.001062
arm_1_right_finger,494.428000,0.547921,-0.288169,0.202445,0.707092,-0.707120,0.001108,-0.001064
arm_1_right_finger,494.441000,0.546702,-0.290172,0.202422,0.707092,-0.707120,0.001110,-0.001066
arm_1_right_finger,494.454000,0.545475,-0.292169,0.202400,0.707092,-0.707120,0.001112,-0.001068
arm_1_right_finger,494.459000,0.545000,-0.292936,0.202391,0.707092,-0.707119,0.001111,-0.001066
arm_1_right_finger,494.470000,0.543953,-0.294621,0.202371,0.707093,-0.707119,0.001113,-0.001068
arm_1_right_finger,494.482000,0.542804,-0.296454,0.202350,0.707093,-0.707119,0.001115,-0.001070
arm_1_right_finger,494.494000,0.541648,-0.298283,0.202329,0.707093,-0.707119,0.001116,-0.001071
arm_1_right_finger,494.505000,0.540581,-0.299956,0.202310,0.707093,-0.707119,0.001203,-0.001158
arm_1_right_finger,494.516000,0.539500,-0.301625,0.202287,0.707093,-0.707119,0.001272,-0.001227
arm_1_right_finger,494.527000,0.538414,-0.303290,0.202265,0.707093,-0.707118,0.001300,-0.001256
arm_1_right_finger,494.538000,0.537330,-0.304951,0.202245,0.707093,-0.707118,0.001404,-0.001359
arm_1_right_finger,494.549000,0.536238,-0.306608,0.202225,0.707093,-0.707118,0.001398,-0.001353
arm_1_right_finger,494.560000,0.535144,-0.308262,0.202206,0.707093,-0.707118,0.001376,-0.001330
arm_1_right_finger,494.571000,0.534045,-0.309911,0.202187,0.707093,-0.707118,0.001354,-0.001308
arm_1_right_finger,494.582000,0.532942,-0.311557,0.202168,0.707093,-0.707118,0.001334,-0.001288
arm_1_right_finger,494.593000,0.531825,-0.313198,0.202147,0.707093,-0.707118,0.001318,-0.001272
arm_1_right_finger,494.604000,0.530711,-0.314836,0.202128,0.707093,-0.707117,0.001427,-0.001381
arm_1_right_finger,494.615000,0.529584,-0.316470,0.202108,0.707094,-0.707117,0.001431,-0.001385
arm_1_right_finger,494.626000,0.528457,-0.318099,0.202089,0.707094,-0.707117,0.001410,-0.001364
arm_1_right_finger,494.636000,0.527429,-0.319577,0.202072,0.707094,-0.707117,0.001390,-0.001343
arm_1_right_finger,494.644000,0.526603,-0.320758,0.202058,0.707094,-0.707117,0.001376,-0.001330
arm_1_right_finger,494.652000,0.525774,-0.321935,0.202044,0.707094,-0.707117,0.001362,-0.001316
arm_1_right_finger,494.661000,0.524838,-0.323258,0.202029,0.707094,-0.707117,0.001349,-0.001302
arm_1_right_finger,494.669000,0.524002,-0.324431,0.202015,0.707094,-0.707117,0.001336,-0.001289
arm_1_right_finger,494.677000,0.523164,-0.325602,0.202002,0.707094,-0.707117,0.001325,-0.001278
arm_1_right_finger,494.687000,0.522104,-0.327063,0.201982,0.707095,-0.707117,0.001286,-0.001239
arm_1_right_finger,494.698000,0.520942,-0.328666,0.201963,0.707095,-0.707116,0.001398,-0.001351
arm_1_right_finger,494.708000,0.519875,-0.330120,0.201944,0.707095,-0.707116,0.001385,-0.001338
arm_1_right_finger,494.718000,0.518808,-0.331570,0.201927,0.707095,-0.707116,0.001369,-0.001322
arm_1_right_finger,494.729000,0.517622,-0.333162,0.201905,0.707095,-0.707116,0.001296,-0.001249
arm_1_right_finger,494.740000,0.516441,-0.334749,0.201887,0.707095,-0.707116,0.001421,-0.001373
arm_1_right_finger,494.751000,0.515248,-0.336332,0.201867,0.707095,-0.707116,0.001454,-0.001406
arm_1_right_finger,494.762000,0.514053,-0.337911,0.201848,0.707095,-0.707116,0.001439,-0.001392
arm_1_right_finger,494.772000,0.512963,-0.339343,0.201831,0.707095,-0.707115,0.001420,-0.001372
arm_1_right_finger,494.783000,0.511759,-0.340915,0.201812,0.707096,-0.707115,0.001399,-0.001351
arm_1_right_finger,494.794000,0.510549,-0.342482,0.201793,0.707096,-0.707115,0.001377,-0.001329
arm_1_right_finger,494.805000,0.509335,-0.344044,0.201775,0.707096,-0.707115,0.001359,-0.001310
arm_1_right_finger,494.816000,0.508116,-0.345601,0.201756,0.707096,-0.707115,0.001344,-0.001296
arm_1_right_finger,494.826000,0.506996,-0.347011,0.201736,0.707096,-0.707115,0.001292,-0.001244
arm_1_right_finger,494.837000,0.505772,-0.348554,0.201718,0.707096,-0.707115,0.001419,-0.001371
arm_1_right_finger,494.848000,0.504539,-0.350089,0.201697,0.707096,-0.707115,0.001440,-0.001392
arm_1_right_finger,494.859000,0.503310,-0.351614,0.201678,0.707096,-0.707114,0.001426,-0.001378
arm_1_right_finger,494.869000,0.502194,-0.352991,0.201661,0.707096,-0.707114,0.001407,-0.001358
arm_1_right_finger,494.879000,0.501071,-0.354360,0.201642,0.707096,-0.707114,0.001438,-0.001389
arm_1_right_finger,494.889000,0.499955,-0.355718,0.201625,0.707096,-0.707114,0.001516,-0.001468
arm_1_right_finger,494.899000,0.498837,-0.357066,0.201607,0.707097,-0.707114,0.001502,-0.001453
arm_1_right_finger,494.908000,0.497828,-0.358271,0.201590,0.707097,-0.707114,0.001502,-0.001453
arm_1_right_finger,494.918000,0.496720,-0.359599,0.201574,0.707097,-0.707114,0.001604,-0.001555
arm_1_right_finger,494.927000,0.495718,-0.360786,0.201558,0.707097,-0.707113,0.001602,-0.001553
arm_1_right_finger,494.937000,0.494612,-0.362094,0.201542,0.707097,-0.707113,0.001584,-0.001535
arm_1_right_finger,494.946000,0.493621,-0.363261,0.201527,0.707097,-0.707113,0.001564,-0.001515
arm_1_right_finger,494.956000,0.492511,-0.364548,0.201508,0.707097,-0.707113,0.001548,-0.001499
arm_1_right_finger,494.966000,0.491417,-0.365824,0.201493,0.707097,-0.707113,0.001642,-0.001592
arm_1_right_finger,494.976000,0.490319,-0.367088,0.201476,0.707097,-0.707113,0.001648,-0.001599
arm_1_right_finger,494.986000,0.489229,-0.368341,0.201461,0.707097,-0.707113,0.001633,-0.001584
arm_1_right_finger,494.996000,0.488143,-0.369583,0.201445,0.707097,-0.707113,0.001611,-0.001561
arm_1_right_finger,495.006000,0.487060,-0.370813,0.201430,0.707098,-0.707113,0.001588,-0.001539
arm_1_right_finger,495.016000,0.485982,-0.372032,0.201415,0.707098,-0.707112,0.001570,-0.001520
arm_1_right_finger,495.026000,0.484906,-0.373240,0.201400,0.707098,-0.707112,0.001550,-0.001500
arm_1_right_finger,495.036000,0.483826,-0.374436,0.201382,0.707098,-0.707112,0.001531,-0.001482
arm_1_right_finger,495.046000,0.482760,-0.375620,0.201367,0.707098,-0.707112,0.001618,-0.001568
arm_1_right_finger,495.056000,0.481693,-0.376794,0.201351,0.707098,-0.707112,0.001612,-0.001562
arm_1_right_finger,495.066000,0.480633,-0.377956,0.201335,0.707098,-0.707112,0.001592,-0.001542
arm_1_right_finger,495.076000,0.479570,-0.379107,0.201318,0.707098,-0.707112,0.001550,-0.001501
arm_1_right_finger,495.087000,0.478419,-0.380359,0.201302,0.707098,-0.707112,0.001660,-0.001610
arm_1_right_finger,495.098000,0.477267,-0.381599,0.201285,0.707098,-0.707111,0.001688,-0.001638
arm_1_right_finger,495.109000,0.476123,-0.382825,0.201269,0.707098,-0.707111,0.001668,-0.001618
arm_1_right_finger,495.120000,0.474987,-0.384037,0.201254,0.707099,-0.707111,0.001647,-0.001597
arm_1_right_finger,495.131000,0.473857,-0.385237,0.201239,0.707099,-0.707111,0.001626,-0.001575
arm_1_right_finger,495.142000,0.472723,-0.386422,0.201220,0.707099,-0.707111,0.001597,-0.001547
arm_1_right_finger,495.153000,0.471607,-0.387595,0.201206,0.707099,-0.707111,0.001700,-0.001649
arm_1_right_finger,495.164000,0.470489,-0.388754,0.201189,0.707099,-0.707111,0.001684,-0.001633
arm_1_right_finger,495.175000,0.469384,-0.389900,0.201174,0.707099,-0.707111,0.001666,-0.001615
arm_1_right_finger,495.186000,0.468286,-0.391033,0.201159,0.707099,-0.707111,0.001646,-0.001595
arm_1_right_finger,495.197000,0.467194,-0.392154,0.201145,0.707099,-0.707111,0.001627,-0.001576
arm_1_right_finger,495.208000,0.466108,-0.393262,0.201130,0.707099,-0.707111,0.001608,-0.001557
arm_1_right_finger,495.219000,0.465032,-0.394356,0.201117,0.707100,-0.707110,0.001613,-0.001562
arm_1_right_finger,495.231000,0.463864,-0.395535,0.201101,0.707100,-0.707110,0.001627,-0.001575
arm_1_right_finger,495.242000,0.462800,-0.396603,0.201088,0.707100,-0.707110,0.001645,-0.001593
arm_1_right_finger,495.253000,0.461722,-0.397658,0.201067,0.707100,-0.707110,0.001549,-0.001498
arm_1_right_finger,495.264000,0.460668,-0.398701,0.201052,0.707100,-0.707110,0.001516,-0.001465
arm_1_right_finger,495.275000,0.459624,-0.399731,0.201038,0.707100,-0.707110,0.001482,-0.001431
arm_1_right_finger,495.286000,0.458588,-0.400749,0.201025,0.707100,-0.707110,0.001451,-0.001400
arm_1_right_finger,495.297000,0.457561,-0.401754,0.201011,0.707101,-0.707110,0.001430,-0.001379
arm_1_right_finger,495.308000,0.456527,-0.402747,0.200994,0.707101,-0.707110,0.001440,-0.001389
arm_1_right_finger,495.319000,0.455509,-0.403729,0.200980,0.707101,-0.707110,0.001421,-0.001370
arm_1_right_finger,495.330000,0.454503,-0.404697,0.200966,0.707101,-0.707110,0.001399,-0.001348
arm_1_right_finger,495.340000,0.453596,-0.405568,0.200955,0.707101,-0.707110,0.001388,-0.001337
arm_1_right_finger,495.343000,0.453328,-0.405824,0.200952,0.707101,-0.707110,0.001385,-0.001334
arm_1_right_finger,495.353000,0.452435,-0.406676,0.200940,0.707101,-0.707110,0.001376,-0.001325
arm_1_right_finger,495.363000,0.451534,-0.407525,0.200926,0.707101,-0.707110,0.001394,-0.001343
arm_1_right_finger,495.373000,0.450643,-0.408364,0.200914,0.707101,-0.707110,0.001470,-0.001419
arm_1_right_finger,495.383000,0.449759,-0.409193,0.200902,0.707101,-0.707110,0.001464,-0.001413
arm_1_right_finger,495.393000,0.448885,-0.410012,0.200891,0.707101,-0.707109,0.001453,-0.001402
arm_1_right_finger,495.403000,0.448018,-0.410821,0.200880,0.707101,-0.707109,0.001438,-0.001387
arm_1_right_finger,495.414000,0.447072,-0.411700,0.200868,0.707101,-0.707109,0.001424,-0.001373
arm_1_right_finger,495.424000,0.446220,-0.412490,0.200857,0.707102,-0.707109,0.001413,-0.001362
arm_1_right_finger,495.434000,0.445374,-0.413269,0.200846,0.707102,-0.707109,0.001401,-0.001349
arm_1_right_finger,495.444000,0.444527,-0.414039,0.200833,0.707102,-0.707109,0.001404,-0.001353
arm_1_right_finger,495.455000,0.443609,-0.414875,0.200820,0.707102,-0.707109,0.001497,-0.001445
arm_1_right_finger,495.466000,0.442693,-0.415699,0.200806,0.707102,-0.707109,0.001532,-0.001481
arm_1_right_finger,495.477000,0.441790,-0.416512,0.200793,0.707101,-0.707109,0.001595,-0.001544
arm_1_right_finger,495.487000,0.440979,-0.417242,0.200782,0.707102,-0.707109,0.001584,-0.001533
arm_1_right_finger,495.497000,0.440179,-0.417963,0.200773,0.707102,-0.707108,0.001572,-0.001521
arm_1_right_finger,495.507000,0.439374,-0.418674,0.200759,0.707102,-0.707109,0.001482,-0.001431
arm_1_right_finger,495.518000,0.438514,-0.419446,0.200750,0.707102,-0.707108,0.001619,-0.001568
arm_1_right_finger,495.528000,0.437728,-0.420138,0.200738,0.707102,-0.707108,0.001608,-0.001557
arm_1_right_finger,495.539000,0.436881,-0.420889,0.200728,0.707102,-0.707108,0.001600,-0.001549
arm_1_right_finger,495.549000,0.436108,-0.421563,0.200716,0.707102,-0.707108,0.001550,-0.001499
arm_1_right_finger,495.560000,0.435282,-0.422293,0.200707,0.707102,-0.707108,0.001686,-0.001634
arm_1_right_finger,495.571000,0.434454,-0.423013,0.200695,0.707102,-0.707108,0.001676,-0.001624
arm_1_right_finger,495.581000,0.433716,-0.423658,0.200686,0.707102,-0.707108,0.001668,-0.001616
arm_1_right_finger,495.591000,0.432985,-0.424294,0.200678,0.707102,-0.707108,0.001651,-0.001599
arm_1_right_finger,495.602000,0.432190,-0.424984,0.200669,0.707102,-0.707108,0.001635,-0.001583
arm_1_right_finger,495.612000,0.431474,-0.425602,0.200660,0.707102,-0.707108,0.001618,-0.001566
arm_1_right_finger,495.622000,0.430767,-0.426211,0.200652,0.707102,-0.707108,0.001601,-0.001549
arm_1_right_finger,495.632000,0.430067,-0.426811,0.200643,0.707103,-0.707108,0.001586,-0.001534
arm_1_right_finger,495.642000,0.429363,-0.427404,0.200631,0.707103,-0.707108,0.001521,-0.001470
arm_1_right_finger,495.652000,0.428682,-0.427987,0.200624,0.707102,-0.707107,0.001646,-0.001594
arm_1_right_finger,495.662000,0.427999,-0.428562,0.200615,0.707102,-0.707107,0.001673,-0.001621
arm_1_right_finger,495.672000,0.427328,-0.429129,0.200606,0.707103,-0.707107,0.001659,-0.001607
arm_1_right_finger,495.682000,0.426667,-0.429687,0.200598,0.707103,-0.707107,0.001644,-0.001592
arm_1_right_finger,495.692000,0.426002,-0.430237,0.200587,0.707103,-0.707107,0.001561,-0.001509
arm_1_right_finger,495.703000,0.425295,-0.430832,0.200579,0.707103,-0.707107,0.001685,-0.001633
arm_1_right_finger,495.714000,0.424589,-0.431417,0.200569,0.707103,-0.707107,0.001682,-0.001630
arm_1_right_finger,495.725000,0.423899,-0.431993,0.200561,0.707103,-0.707107,0.001667,-0.001615
arm_1_right_finger,495.736000,0.423220,-0.432558,0.200553,0.707103,-0.707107,0.001653,-0.001601
arm_1_right_finger,495.747000,0.422549,-0.433114,0.200545,0.707103,-0.707107,0.001634,-0.001582
arm_1_right_finger,495.758000,0.421878,-0.433659,0.200534,0.707103,-0.707107,0.001565,-0.001513
arm_1_right_finger,495.769000,0.421231,-0.434195,0.200528,0.707103,-0.707107,0.001702,-0.001650
arm_1_right_finger,495.780000,0.420584,-0.434721,0.200518,0.707103,-0.707107,0.001706,-0.001654
arm_1_right_finger,495.791000,0.419952,-0.435238,0.200511,0.707103,-0.707107,0.001691,-0.001639
arm_1_right_finger,495.801000,0.419387,-0.435699,0.200504,0.707103,-0.707107,0.001675,-0.001623
arm_1_right_finger,495.812000,0.418776,-0.436198,0.200498,0.707103,-0.707106,0.001660,-0.001608
arm_1_right_finger,495.820000,0.418338,-0.436554,0.200493,0.707103,-0.707106,0.001649,-0.001597
arm_1_right_finger,495.830000,0.417796,-0.436992,0.200486,0.707103,-0.707106,0.001634,-0.001582
arm_1_right_finger,495.838000,0.417359,-0.437338,0.200478,0.707103,-0.707107,0.001612,-0.001560
arm_1_right_finger,495.847000,0.416889,-0.437719,0.200474,0.707103,-0.707106,0.001725,-0.001674
arm_1_right_finger,495.857000,0.416364,-0.438137,0.200465,0.707103,-0.707106,0.001720,-0.001668
arm_1_right_finger,495.866000,0.415903,-0.438506,0.200460,0.707103,-0.707106,0.001708,-0.001656
arm_1_right_finger,495.875000,0.415452,-0.438868,0.200455,0.707103,-0.707106,0.001696,-0.001644
arm_1_right_finger,495.884000,0.414997,-0.439224,0.200447,0.707103,-0.707106,0.001708,-0.001656
arm_1_right_finger,495.893000,0.414556,-0.439575,0.200441,0.707103,-0.707106,0.001779,-0.001728
arm_1_right_finger,495.902000,0.414122,-0.439919,0.200435,0.707103,-0.707106,0.001773,-0.001721
arm_1_right_finger,495.912000,0.413637,-0.440294,0.200426,0.707104,-0.707106,0.001694,-0.001643
arm_1_right_finger,495.921000,0.413209,-0.440625,0.200418,0.707103,-0.707106,0.001709,-0.001658
arm_1_right_finger,495.930000,0.412804,-0.440950,0.200415,0.707103,-0.707106,0.001889,-0.001838
arm_1_right_finger,495.935000,0.412575,-0.441128,0.200411,0.707103,-0.707105,0.001930,-0.001879
arm_1_right_finger,495.945000,0.412127,-0.441478,0.200405,0.707103,-0.707105,0.001918,-0.001866
arm_1_right_finger,495.955000,0.411695,-0.441821,0.200400,0.707103,-0.707105,0.001904,-0.001852
arm_1_right_finger,495.965000,0.411272,-0.442156,0.200397,0.707103,-0.707105,0.001891,-0.001839
arm_1_right_finger,495.975000,0.410844,-0.442484,0.200388,0.707103,-0.707106,0.001833,-0.001782
arm_1_right_finger,495.985000,0.410440,-0.442804,0.200386,0.707103,-0.707105,0.001946,-0.001895
arm_1_right_finger,495.995000,0.410037,-0.443117,0.200380,0.707103,-0.707105,0.001958,-0.001907
arm_1_right_finger,496.006000,0.409608,-0.443453,0.200376,0.707103,-0.707105,0.001946,-0.001894
arm_1_right_finger,496.016000,0.409229,-0.443751,0.200372,0.707103,-0.707105,0.001926,-0.001874
arm_1_right_finger,496.027000,0.408821,-0.444070,0.200369,0.707103,-0.707105,0.001909,-0.001857
arm_1_right_finger,496.037000,0.408464,-0.444349,0.200365,0.707104,-0.707105,0.001894,-0.001842
arm_1_right_finger,496.048000,0.408075,-0.444652,0.200362,0.707104,-0.707105,0.001882,-0.001829
arm_1_right_finger,496.058000,0.407731,-0.444919,0.200358,0.707104,-0.707105,0.001864,-0.001812
arm_1_right_finger,496.069000,0.407364,-0.445205,0.200355,0.707104,-0.707105,0.001864,-0.001812
arm_1_right_finger,496.080000,0.407009,-0.445481,0.200352,0.707104,-0.707105,0.001881,-0.001829
arm_1_right_finger,496.091000,0.406664,-0.445750,0.200349,0.707104,-0.707105,0.001915,-0.001862
arm_1_right_finger,496.102000,0.406329,-0.446009,0.200346,0.707104,-0.707105,0.001959,-0.001907
arm_1_right_finger,496.112000,0.406010,-0.446238,0.200336,0.707104,-0.707105,0.001857,-0.001806
arm_1_right_finger,496.122000,0.405716,-0.446459,0.200331,0.707104,-0.707105,0.001829,-0.001778
arm_1_right_finger,496.131000,0.405464,-0.446652,0.200329,0.707104,-0.707105,0.001800,-0.001748
arm_1_right_finger,496.141000,0.405196,-0.446859,0.200326,0.707104,-0.707105,0.001779,-0.001728
arm_1_right_finger,496.150000,0.404963,-0.447040,0.200325,0.707104,-0.707105,0.001796,-0.001744
arm_1_right_finger,496.160000,0.404712,-0.447235,0.200324,0.707104,-0.707105,0.001830,-0.001778
arm_1_right_finger,496.171000,0.404443,-0.447440,0.200321,0.707104,-0.707105,0.001846,-0.001794
arm_1_right_finger,496.183000,0.404160,-0.447655,0.200317,0.707104,-0.707105,0.001817,-0.001765
arm_1_right_finger,496.195000,0.403890,-0.447860,0.200314,0.707104,-0.707105,0.001767,-0.001714
arm_1_right_finger,496.206000,0.403655,-0.448038,0.200311,0.707104,-0.707105,0.001718,-0.001666
arm_1_right_finger,496.217000,0.403431,-0.448208,0.200309,0.707105,-0.707105,0.001671,-0.001619
arm_1_right_finger,496.230000,0.403181,-0.448399,0.200307,0.707105,-0.707105,0.001627,-0.001575
arm_1_right_finger,496.243000,0.402947,-0.448577,0.200305,0.707105,-0.707105,0.001594,-0.001542
arm_1_right_finger,496.255000,0.402744,-0.448731,0.200303,0.707105,-0.707105,0.001570,-0.001518
arm_1_right_finger,496.269000,0.402524,-0.448899,0.200300,0.707105,-0.707105,0.001550,-0.001498
arm_1_right_finger,496.284000,0.402307,-0.449063,0.200298,0.707105,-0.707105,0.001539,-0.001486
arm_1_right_finger,496.298000,0.402111,-0.449203,0.200293,0.707095,-0.707115,0.001491,-0.001439
arm_1_right_finger,496.308000,0.401981,-0.449295,0.200289,0.707096,-0.707114,0.001497,-0.001445
arm_1_right_finger,496.318000,0.401869,-0.449379,0.200288,0.707098,-0.707113,0.001493,-0.001441
arm_1_right_finger,496.329000,0.401757,-0.449464,0.200287,0.707099,-0.707112,0.001487,-0.001435
arm_1_right_finger,496.342000,0.401639,-0.449554,0.200286,0.707100,-0.707111,0.001480,-0.001427
arm_1_right_finger,496.355000,0.401537,-0.449632,0.200285,0.707101,-0.707110,0.001474,-0.001421
arm_1_right_finger,496.368000,0.401450,-0.449698,0.200285,0.707102,-0.707109,0.001468,-0.001416
arm_1_right_finger,496.379000,0.401375,-0.449746,0.200281,0.707098,-0.707113,0.001461,-0.001409
arm_1_right_finger,496.389000,0.401306,-0.449783,0.200274,0.707095,-0.707116,0.001410,-0.001358
arm_1_right_finger,496.399000,0.401265,-0.449814,0.200273,0.707097,-0.707114,0.001414,-0.001362
arm_1_right_finger,496.409000,0.401232,-0.449841,0.200274,0.707098,-0.707113,0.001414,-0.001362
arm_1_right_finger,496.419000,0.401205,-0.449863,0.200275,0.707099,-0.707112,0.001414,-0.001362
arm_1_right_finger,496.429000,0.401182,-0.449882,0.200275,0.707100,-0.707111,0.001413,-0.001361
arm_1_right_finger,496.438000,0.401165,-0.449897,0.200276,0.707101,-0.707110,0.001412,-0.001360
arm_1_right_finger,496.444000,0.401154,-0.449906,0.200276,0.707101,-0.707110,0.001412,-0.001360
arm_1_right_finger,496.450000,0.401153,-0.449908,0.200276,0.707101,-0.707110,0.001412,-0.001360
arm_1_right_finger,496.460000,0.401165,-0.449902,0.200276,0.707101,-0.707110,0.001411,-0.001359
arm_1_right_finger,496.470000,0.401160,-0.449896,0.200269,0.707101,-0.707110,0.001364,-0.001312
arm_1_right_finger,496.481000,0.401167,-0.449892,0.200264,0.707101,-0.707110,0.001373,-0.001321
arm_1_right_finger,496.491000,0.401176,-0.449888,0.200254,0.707101,-0.707110,0.001379,-0.001327
arm_1_right_finger,496.502000,0.401185,-0.449886,0.200239,0.707100,-0.707110,0.001383,-0.001331
arm_1_right_finger,496.512000,0.401193,-0.449885,0.200219,0.707100,-0.707111,0.001386,-0.001334
arm_1_right_finger,496.522000,0.401201,-0.449885,0.200194,0.707100,-0.707111,0.001389,-0.001337
arm_1_right_finger,496.533000,0.401209,-0.449885,0.200160,0.707100,-0.707111,0.001391,-0.001340
arm_1_right_finger,496.546000,0.401218,-0.449887,0.200109,0.707100,-0.707111,0.001394,-0.001343
arm_1_right_finger,496.559000,0.401227,-0.449891,0.200047,0.707100,-0.707111,0.001397,-0.001345
arm_1_right_finger,496.572000,0.401236,-0.449896,0.199971,0.707100,-0.707111,0.001399,-0.001347
arm_1_right_finger,496.584000,0.401245,-0.449902,0.199890,0.707100,-0.707111,0.001401,-0.001349
arm_1_right_finger,496.596000,0.401254,-0.449908,0.199799,0.707100,-0.707111,0.001402,-0.001351
arm_1_right_finger,496.608000,0.401263,-0.449916,0.199696,0.707100,-0.707111,0.001404,-0.001352
arm_1_right_finger,496.621000,0.401272,-0.449926,0.199570,0.707100,-0.707111,0.001405,-0.001353
arm_1_right_finger,496.634000,0.401282,-0.449937,0.199431,0.707100,-0.707111,0.001405,-0.001354
arm_1_right_finger,496.647000,0.401283,-0.449949,0.199275,0.707100,-0.707111,0.001410,-0.001359
arm_1_right_finger,496.658000,0.401285,-0.449960,0.199133,0.707100,-0.707111,0.001417,-0.001366
arm_1_right_finger,496.669000,0.401296,-0.449972,0.198983,0.707100,-0.707111,0.001414,-0.001363
arm_1_right_finger,496.682000,0.401310,-0.449988,0.198793,0.707100,-0.707111,0.001409,-0.001358
arm_1_right_finger,496.695000,0.401326,-0.450004,0.198589,0.707100,-0.707111,0.001404,-0.001354
arm_1_right_finger,496.708000,0.401342,-0.450022,0.198370,0.707100,-0.707111,0.001400,-0.001349
arm_1_right_finger,496.721000,0.401358,-0.450041,0.198137,0.707100,-0.707111,0.001396,-0.001346
arm_1_right_finger,496.733000,0.401374,-0.450059,0.197909,0.707100,-0.707111,0.001392,-0.001342
arm_1_right_finger,496.744000,0.401388,-0.450077,0.197689,0.707100,-0.707111,0.001390,-0.001339
arm_1_right_finger,496.754000,0.401391,-0.450093,0.197476,0.707100,-0.707110,0.001395,-0.001345
arm_1_right_finger,496.765000,0.401399,-0.450112,0.197234,0.707101,-0.707110,0.001397,-0.001347
arm_1_right_finger,496.776000,0.401415,-0.450132,0.196985,0.707101,-0.707110,0.001392,-0.001342
arm_1_right_finger,496.786000,0.401423,-0.450151,0.196745,0.707101,-0.707110,0.001328,-0.001279
arm_1_right_finger,496.796000,0.401431,-0.450170,0.196499,0.707101,-0.707110,0.001344,-0.001295
arm_1_right_finger,496.806000,0.401447,-0.450189,0.196245,0.707101,-0.707110,0.001345,-0.001296
arm_1_right_finger,496.816000,0.401465,-0.450210,0.195983,0.707101,-0.707110,0.001345,-0.001296
arm_1_right_finger,496.827000,0.401485,-0.450233,0.195686,0.707101,-0.707110,0.001344,-0.001295
arm_1_right_finger,496.838000,0.401505,-0.450256,0.195377,0.707101,-0.707110,0.001343,-0.001294
arm_1_right_finger,496.848000,0.401524,-0.450278,0.195088,0.707102,-0.707109,0.001342,-0.001293
arm_1_right_finger,496.858000,0.401543,-0.450301,0.194790,0.707102,-0.707109,0.001341,-0.001292
arm_1_right_finger,496.869000,0.401564,-0.450326,0.194452,0.707102,-0.707109,0.001340,-0.001291
arm_1_right_finger,496.882000,0.401590,-0.450357,0.194040,0.707102,-0.707109,0.001339,-0.001291
arm_1_right_finger,496.895000,0.401616,-0.450388,0.193613,0.707102,-0.707109,0.001338,-0.001290
arm_1_right_finger,496.908000,0.401642,-0.450421,0.193171,0.707103,-0.707109,0.001338,-0.001290
arm_1_right_finger,496.921000,0.401668,-0.450454,0.192714,0.707103,-0.707108,0.001337,-0.001289
arm_1_right_finger,496.932000,0.401687,-0.450482,0.192315,0.707103,-0.707108,0.001332,-0.001285
arm_1_right_finger,496.941000,0.401694,-0.450506,0.191979,0.707103,-0.707108,0.001348,-0.001301
arm_1_right_finger,496.949000,0.401709,-0.450527,0.191676,0.707103,-0.707108,0.001348,-0.001301
arm_1_right_finger,496.958000,0.401728,-0.450551,0.191330,0.707103,-0.707108,0.001345,-0.001298
arm_1_right_finger,496.970000,0.401754,-0.450584,0.190858,0.707104,-0.707108,0.001339,-0.001292
arm_1_right_finger,496.983000,0.401784,-0.450620,0.190332,0.707104,-0.707107,0.001333,-0.001287
arm_1_right_finger,496.996000,0.401813,-0.450656,0.189792,0.707104,-0.707107,0.001329,-0.001283
arm_1_right_finger,497.009000,0.401842,-0.450693,0.189237,0.707104,-0.707107,0.001325,-0.001279
arm_1_right_finger,497.022000,0.401871,-0.450730,0.188668,0.707105,-0.707107,0.001321,-0.001275
arm_1_right_finger,497.036000,0.401903,-0.450771,0.188038,0.707105,-0.707106,0.001317,-0.001272
arm_1_right_finger,497.048000,0.401918,-0.450806,0.187481,0.707105,-0.707106,0.001330,-0.001285
arm_1_right_finger,497.059000,0.401937,-0.450838,0.186961,0.707105,-0.707106,0.001330,-0.001286
arm_1_right_finger,497.070000,0.401947,-0.450871,0.186428,0.707106,-0.707106,0.001290,-0.001246
arm_1_right_finger,497.080000,0.401970,-0.450901,0.185938,0.707106,-0.707105,0.001291,-0.001248
arm_1_right_finger,497.091000,0.401997,-0.450934,0.185391,0.707106,-0.707105,0.001289,-0.001246
arm_1_right_finger,497.102000,0.402024,-0.450967,0.184833,0.707106,-0.707105,0.001287,-0.001244
arm_1_right_finger,497.113000,0.402051,-0.451000,0.184265,0.707107,-0.707105,0.001285,-0.001242
arm_1_right_finger,497.124000,0.402078,-0.451033,0.183686,0.707107,-0.707104,0.001283,-0.001240
arm_1_right_finger,497.135000,0.402105,-0.451066,0.183097,0.707107,-0.707104,0.001281,-0.001238
arm_1_right_finger,497.146000,0.402131,-0.451099,0.182497,0.707108,-0.707104,0.001279,-0.001237
arm_1_right_finger,497.157000,0.402145,-0.451133,0.181883,0.707108,-0.707104,0.001247,-0.001205
arm_1_right_finger,497.168000,0.402167,-0.451166,0.181262,0.707108,-0.707103,0.001256,-0.001215
arm_1_right_finger,497.179000,0.402194,-0.451199,0.180630,0.707108,-0.707103,0.001260,-0.001219
arm_1_right_finger,497.190000,0.402206,-0.451231,0.179985,0.707109,-0.707103,0.001237,-0.001196
arm_1_right_finger,497.201000,0.402231,-0.451264,0.179333,0.707109,-0.707102,0.001247,-0.001207
arm_1_right_finger,497.211000,0.402255,-0.451294,0.178732,0.707109,-0.707102,0.001253,-0.001213
arm_1_right_finger,497.222000,0.402282,-0.451326,0.178061,0.707110,-0.707102,0.001258,-0.001218
arm_1_right_finger,497.233000,0.402309,-0.451358,0.177380,0.707110,-0.707101,0.001262,-0.001223
arm_1_right_finger,497.244000,0.402334,-0.451390,0.176688,0.707110,-0.707101,0.001265,-0.001226
arm_1_right_finger,497.255000,0.402360,-0.451421,0.175986,0.707111,-0.707101,0.001268,-0.001229
arm_1_right_finger,497.265000,0.402382,-0.451449,0.175339,0.707111,-0.707100,0.001271,-0.001232
arm_1_right_finger,497.275000,0.402404,-0.451477,0.174683,0.707111,-0.707100,0.001273,-0.001235
arm_1_right_finger,497.285000,0.402426,-0.451504,0.174019,0.707112,-0.707100,0.001275,-0.001237
arm_1_right_finger,497.296000,0.402442,-0.451534,0.173275,0.707112,-0.707100,0.001228,-0.001191
arm_1_right_finger,497.307000,0.402456,-0.451563,0.172522,0.707112,-0.707099,0.001259,-0.001222
arm_1_right_finger,497.318000,0.402477,-0.451592,0.171760,0.707113,-0.707099,0.001267,-0.001230
arm_1_right_finger,497.329000,0.402500,-0.451620,0.170989,0.707113,-0.707098,0.001271,-0.001235
arm_1_right_finger,497.340000,0.402521,-0.451647,0.170207,0.707113,-0.707098,0.001275,-0.001239
arm_1_right_finger,497.350000,0.402540,-0.451672,0.169488,0.707114,-0.707098,0.001278,-0.001243
arm_1_right_finger,497.361000,0.402561,-0.451698,0.168686,0.707114,-0.707097,0.001280,-0.001245
arm_1_right_finger,497.372000,0.402570,-0.451723,0.167870,0.707114,-0.707097,0.001247,-0.001213
arm_1_right_finger,497.383000,0.402583,-0.451748,0.167047,0.707115,-0.707097,0.001263,-0.001229
arm_1_right_finger,497.393000,0.402600,-0.451769,0.166290,0.707115,-0.707096,0.001269,-0.001236
arm_1_right_finger,497.404000,0.402618,-0.451792,0.165449,0.707115,-0.707096,0.001275,-0.001242
arm_1_right_finger,497.414000,0.402634,-0.451812,0.164675,0.707116,-0.707095,0.001278,-0.001246
arm_1_right_finger,497.425000,0.402651,-0.451834,0.163814,0.707116,-0.707095,0.001282,-0.001250
arm_1_right_finger,497.435000,0.402665,-0.451852,0.163023,0.707117,-0.707095,0.001286,-0.001254
arm_1_right_finger,497.446000,0.402680,-0.451871,0.162142,0.707117,-0.707094,0.001289,-0.001258
arm_1_right_finger,497.458000,0.402695,-0.451891,0.161170,0.707118,-0.707094,0.001292,-0.001261
arm_1_right_finger,497.470000,0.402709,-0.451909,0.160185,0.707118,-0.707093,0.001295,-0.001264
arm_1_right_finger,497.483000,0.402722,-0.451928,0.159105,0.707118,-0.707093,0.001297,-0.001267
arm_1_right_finger,497.495000,0.402733,-0.451943,0.158093,0.707119,-0.707092,0.001299,-0.001270
arm_1_right_finger,497.508000,0.402743,-0.451958,0.156984,0.707119,-0.707092,0.001301,-0.001272
arm_1_right_finger,497.521000,0.402751,-0.451971,0.155861,0.707120,-0.707091,0.001302,-0.001274
arm_1_right_finger,497.533000,0.402748,-0.451981,0.154810,0.707120,-0.707091,0.001315,-0.001288
arm_1_right_finger,497.544000,0.402728,-0.451988,0.153834,0.707121,-0.707091,0.001288,-0.001262
arm_1_right_finger,497.554000,0.402731,-0.451994,0.152949,0.707121,-0.707090,0.001293,-0.001267
arm_1_right_finger,497.565000,0.402719,-0.451999,0.151969,0.707122,-0.707090,0.001263,-0.001239
arm_1_right_finger,497.575000,0.402722,-0.452002,0.151082,0.707122,-0.707089,0.001271,-0.001246
arm_1_right_finger,497.584000,0.402724,-0.452004,0.150284,0.707122,-0.707089,0.001275,-0.001251
arm_1_right_finger,497.592000,0.402726,-0.452004,0.149577,0.707123,-0.707089,0.001278,-0.001254
arm_1_right_finger,497.602000,0.402727,-0.452004,0.148694,0.707123,-0.707088,0.001281,-0.001257
arm_1_right_finger,497.612000,0.402726,-0.452002,0.147816,0.707124,-0.707088,0.001283,-0.001259
arm_1_right_finger,497.623000,0.402725,-0.451999,0.146854,0.707124,-0.707087,0.001285,-0.001263
arm_1_right_finger,497.634000,0.402721,-0.451994,0.145898,0.707125,-0.707087,0.001288,-0.001265
arm_1_right_finger,497.645000,0.402716,-0.451987,0.144949,0.707125,-0.707086,0.001290,-0.001268
arm_1_right_finger,497.656000,0.402710,-0.451979,0.144008,0.707126,-0.707086,0.001292,-0.001270
arm_1_right_finger,497.667000,0.402703,-0.451970,0.143074,0.707126,-0.707085,0.001293,-0.001272
arm_1_right_finger,497.678000,0.402694,-0.451960,0.142149,0.707126,-0.707085,0.001293,-0.001272
arm_1_right_finger,497.689000,0.402685,-0.451948,0.141233,0.707127,-0.707084,0.001294,-0.001274
arm_1_right_finger,497.702000,0.402672,-0.451932,0.140161,0.707127,-0.707084,0.001295,-0.001276
arm_1_right_finger,497.713000,0.402660,-0.451917,0.139264,0.707128,-0.707083,0.001295,-0.001277
arm_1_right_finger,497.723000,0.402648,-0.451903,0.138457,0.707128,-0.707083,0.001296,-0.001277
arm_1_right_finger,497.735000,0.402632,-0.451885,0.137498,0.707129,-0.707083,0.001296,-0.001278
arm_1_right_finger,497.748000,0.402614,-0.451863,0.136474,0.707129,-0.707082,0.001297,-0.001279
arm_1_right_finger,497.759000,0.402583,-0.451844,0.135614,0.707129,-0.707082,0.001314,-0.001298
arm_1_right_finger,497.770000,0.402563,-0.451824,0.134766,0.707130,-0.707081,0.001315,-0.001299
arm_1_right_finger,497.781000,0.402546,-0.451802,0.133931,0.707130,-0.707081,0.001310,-0.001295
arm_1_right_finger,497.792000,0.402529,-0.451780,0.133105,0.707131,-0.707081,0.001306,-0.001291
arm_1_right_finger,497.803000,0.402511,-0.451758,0.132290,0.707131,-0.707080,0.001301,-0.001286
arm_1_right_finger,497.815000,0.402491,-0.451732,0.131413,0.707131,-0.707080,0.001297,-0.001282
arm_1_right_finger,497.828000,0.402468,-0.451703,0.130475,0.707132,-0.707079,0.001292,-0.001279
arm_1_right_finger,497.840000,0.402445,-0.451675,0.129623,0.707132,-0.707079,0.001288,-0.001274
arm_1_right_finger,497.853000,0.402421,-0.451644,0.128714,0.707133,-0.707078,0.001284,-0.001271
arm_1_right_finger,497.866000,0.402395,-0.451612,0.127819,0.707133,-0.707078,0.001281,-0.001268
arm_1_right_finger,497.879000,0.402368,-0.451579,0.126939,0.707134,-0.707078,0.001278,-0.001266
arm_1_right_finger,497.893000,0.402338,-0.451544,0.126007,0.707134,-0.707077,0.001276,-0.001264
arm_1_right_finger,497.907000,0.402308,-0.451507,0.125091,0.707135,-0.707077,0.001273,-0.001262
arm_1_right_finger,497.919000,0.402274,-0.451475,0.124318,0.707135,-0.707076,0.001284,-0.001274
arm_1_right_finger,497.930000,0.402240,-0.451445,0.123619,0.707135,-0.707076,0.001290,-0.001280
arm_1_right_finger,497.940000,0.402202,-0.451417,0.122990,0.707135,-0.707076,0.001255,-0.001245
arm_1_right_finger,497.951000,0.402162,-0.451387,0.122310,0.707136,-0.707076,0.001229,-0.001220
arm_1_right_finger,497.962000,0.402138,-0.451356,0.121645,0.707136,-0.707075,0.001236,-0.001228
arm_1_right_finger,497.972000,0.402110,-0.451328,0.121047,0.707136,-0.707075,0.001188,-0.001180
arm_1_right_finger,497.983000,0.402081,-0.451297,0.120401,0.707137,-0.707075,0.001219,-0.001211
arm_1_right_finger,497.994000,0.402059,-0.451266,0.119766,0.707137,-0.707075,0.001227,-0.001220
arm_1_right_finger,498.004000,0.402039,-0.451237,0.119199,0.707137,-0.707074,0.001232,-0.001225
arm_1_right_finger,498.015000,0.402018,-0.451205,0.118585,0.707138,-0.707074,0.001237,-0.001230
arm_1_right_finger,498.026000,0.401996,-0.451174,0.117981,0.707138,-0.707074,0.001241,-0.001234
arm_1_right_finger,498.036000,0.401975,-0.451145,0.117440,0.707138,-0.707073,0.001244,-0.001238
arm_1_right_finger,498.047000,0.401952,-0.451113,0.116857,0.707138,-0.707073,0.001248,-0.001242
arm_1_right_finger,498.057000,0.401931,-0.451084,0.116334,0.707139,-0.707073,0.001250,-0.001244
arm_1_right_finger,498.067000,0.401884,-0.451055,0.115812,0.707139,-0.707073,0.001194,-0.001189
arm_1_right_finger,498.078000,0.401855,-0.451023,0.115255,0.707139,-0.707072,0.001217,-0.001212
arm_1_right_finger,498.089000,0.401833,-0.450992,0.114711,0.707139,-0.707072,0.001229,-0.001224
arm_1_right_finger,498.100000,0.401812,-0.450960,0.114177,0.707140,-0.707072,0.001238,-0.001234
arm_1_right_finger,498.111000,0.401790,-0.450929,0.113653,0.707140,-0.707071,0.001246,-0.001242
arm_1_right_finger,498.121000,0.401771,-0.450900,0.113186,0.707140,-0.707071,0.001252,-0.001248
arm_1_right_finger,498.131000,0.401751,-0.450872,0.112727,0.707140,-0.707071,0.001258,-0.001254
arm_1_right_finger,498.141000,0.401731,-0.450844,0.112276,0.707141,-0.707071,0.001263,-0.001260
arm_1_right_finger,498.151000,0.401711,-0.450816,0.111835,0.707141,-0.707071,0.001267,-0.001264
arm_1_right_finger,498.162000,0.401689,-0.450786,0.111358,0.707141,-0.707070,0.001271,-0.001268
arm_1_right_finger,498.172000,0.401669,-0.450758,0.110934,0.707141,-0.707070,0.001274,-0.001271
arm_1_right_finger,498.183000,0.401646,-0.450729,0.110477,0.707141,-0.707070,0.001278,-0.001275
arm_1_right_finger,498.193000,0.401626,-0.450702,0.110071,0.707142,-0.707070,0.001281,-0.001279
arm_1_right_finger,498.204000,0.401605,-0.450672,0.109633,0.707142,-0.707069,0.001284,-0.001282
arm_1_right_finger,498.216000,0.401581,-0.450641,0.109168,0.707142,-0.707069,0.001287,-0.001285
arm_1_right_finger,498.229000,0.401556,-0.450607,0.108677,0.707142,-0.707069,0.001290,-0.001288
arm_1_right_finger,498.241000,0.401533,-0.450577,0.108237,0.707143,-0.707069,0.001292,-0.001291
arm_1_right_finger,498.253000,0.401510,-0.450547,0.107809,0.707143,-0.707068,0.001294,-0.001292
arm_1_right_finger,498.265000,0.401487,-0.450518,0.107393,0.707143,-0.707068,0.001295,-0.001294
arm_1_right_finger,498.278000,0.401463,-0.450486,0.106957,0.707143,-0.707068,0.001297,-0.001296
arm_1_right_finger,498.290000,0.401432,-0.450458,0.106563,0.707143,-0.707068,0.001308,-0.001307
arm_1_right_finger,498.301000,0.401404,-0.450433,0.106213,0.707143,-0.707068,0.001316,-0.001315
arm_1_right_finger,498.311000,0.401385,-0.450410,0.105906,0.707144,-0.707068,0.001313,-0.001312
arm_1_right_finger,498.321000,0.401369,-0.450388,0.105608,0.707144,-0.707067,0.001308,-0.001308
arm_1_right_finger,498.331000,0.401353,-0.450367,0.105318,0.707144,-0.707067,0.001304,-0.001304
arm_1_right_finger,498.341000,0.401338,-0.450346,0.105037,0.707144,-0.707067,0.001301,-0.001301
arm_1_right_finger,498.353000,0.401320,-0.450321,0.104710,0.707144,-0.707067,0.001297,-0.001298
arm_1_right_finger,498.366000,0.401301,-0.450295,0.104370,0.707144,-0.707067,0.001293,-0.001293
arm_1_right_finger,498.379000,0.401286,-0.450270,0.104046,0.707144,-0.707067,0.001324,-0.001324
arm_1_right_finger,498.392000,0.401270,-0.450246,0.103735,0.707144,-0.707066,0.001391,-0.001392
arm_1_right_finger,498.405000,0.401250,-0.450223,0.103437,0.707145,-0.707066,0.001392,-0.001393
arm_1_right_finger,498.418000,0.401235,-0.450201,0.103154,0.707145,-0.707066,0.001410,-0.001411
arm_1_right_finger,498.431000,0.401224,-0.450180,0.102886,0.707145,-0.707066,0.001488,-0.001489
arm_1_right_finger,498.446000,0.401210,-0.450157,0.102594,0.707145,-0.707065,0.001610,-0.001611
arm_1_right_finger,498.461000,0.401197,-0.450135,0.102321,0.707144,-0.707065,0.001748,-0.001749
arm_1_right_finger,498.476000,0.401184,-0.450114,0.102067,0.707144,-0.707064,0.001890,-0.001891
arm_1_right_finger,498.492000,0.401171,-0.450094,0.101816,0.707144,-0.707064,0.002038,-0.002040
arm_1_right_finger,498.507000,0.401159,-0.450077,0.101601,0.707144,-0.707063,0.002171,-0.002173
arm_1_right_finger,498.523000,0.401146,-0.450060,0.101391,0.707143,-0.707063,0.002295,-0.002297
arm_1_right_finger,498.539000,0.401134,-0.450044,0.101202,0.707143,-0.707062,0.002389,-0.002391
arm_1_right_finger,498.555000,0.401123,-0.450031,0.101035,0.707143,-0.707062,0.002440,-0.002443
arm_1_right_finger,498.571000,0.401115,-0.450019,0.100890,0.707143,-0.707062,0.002522,-0.002524
arm_1_right_finger,498.587000,0.401104,-0.450009,0.100765,0.707143,-0.707062,0.002524,-0.002527
arm_1_right_finger,498.603000,0.401095,-0.450000,0.100662,0.707143,-0.707062,0.002546,-0.002548
arm_1_right_finger,498.618000,0.401093,-0.449994,0.100586,0.707143,-0.707061,0.002576,-0.002578
arm_1_right_finger,498.635000,0.401085,-0.449988,0.100517,0.707143,-0.707062,0.002541,-0.002543
arm_1_right_finger,498.650000,0.401085,-0.449984,0.100471,0.707143,-0.707061,0.002567,-0.002570
arm_1_right_finger,498.666000,0.401082,-0.449981,0.100432,0.707143,-0.707061,0.002587,-0.002590
arm_1_right_finger,498.681000,0.401079,-0.449979,0.100404,0.707143,-0.707061,0.002579,-0.002582
arm_1_right_finger,498.696000,0.401078,-0.449977,0.100381,0.707143,-0.707061,0.002579,-0.002582
arm_1_right_finger,498.711000,0.401037,-0.449975,0.100352,0.707144,-0.707063,0.002145,-0.002148
arm_1_right_finger,498.727000,0.400968,-0.449974,0.100316,0.707147,-0.707066,0.000594,-0.000596
arm_1_right_finger,498.744000,0.401209,-0.449973,0.100378,0.707148,-0.707066,0.000032,-0.000035
arm_1_right_finger,498.762000,0.401681,-0.449972,0.100516,0.707148,-0.707066,-0.000003,0.000001
arm_1_right_finger,498.779000,0.402227,-0.449972,0.100686,0.707148,-0.707066,-0.000005,0.000003
arm_1_right_finger,498.797000,0.402880,-0.449971,0.100899,0.707148,-0.707066,-0.000005,0.000003
arm_1_right_finger,498.814000,0.403549,-0.449971,0.101130,0.707148,-0.707066,-0.000005,0.000003
arm_1_right_finger,498.830000,0.404213,-0.449970,0.101369,0.707148,-0.707066,-0.000005,0.000003
arm_1_right_finger,498.847000,0.404945,-0.449970,0.101644,0.707148,-0.707066,-0.000005,0.000003
arm_1_right_finger,498.864000,0.405696,-0.449970,0.101941,0.707148,-0.707066,-0.000005,0.000003
arm_1_right_finger,498.880000,0.406415,-0.449970,0.102237,0.707148,-0.707066,-0.000005,0.000003
arm_1_right_finger,498.897000,0.407188,-0.449969,0.102569,0.707148,-0.707066,-0.000005,0.000003
arm_1_right_finger,498.914000,0.407967,-0.449969,0.102917,0.707148,-0.707066,-0.000005,0.000003
arm_1_right_finger,498.930000,0.408701,-0.449969,0.103260,0.707148,-0.707066,-0.000005,0.000003
arm_1_right_finger,498.947000,0.409482,-0.449969,0.103639,0.707148,-0.707066,-0.000005,0.000003
arm_1_right_finger,498.964000,0.410262,-0.449969,0.104033,0.707148,-0.707066,-0.000005,0.000003
arm_1_right_finger,498.979000,0.410947,-0.449969,0.104393,0.707148,-0.707066,-0.000005,0.000003
arm_1_right_finger,498.990000,0.411448,-0.449969,0.104663,0.707148,-0.707066,-0.000005,0.000003
arm_1_right_finger,499.003000,0.412038,-0.449969,0.104991,0.707148,-0.707066,-0.000005,0.000003
arm_1_right_finger,499.018000,0.412714,-0.449969,0.105378,0.707148,-0.707066,-0.000005,0.000003
arm_1_right_finger,499.034000,0.413431,-0.449968,0.105802,0.707148,-0.707066,-0.000005,0.000003
arm_1_right_finger,499.050000,0.414142,-0.449968,0.106238,0.707148,-0.707066,-0.000005,0.000003
arm_1_right_finger,499.064000,0.414759,-0.449968,0.106628,0.707148,-0.707066,-0.000005,0.000003
arm_1_right_finger,499.079000,0.415415,-0.449968,0.107056,0.707148,-0.707066,-0.000005,0.000003
arm_1_right_finger,499.090000,0.415893,-0.449968,0.107376,0.707148,-0.707066,-0.000005,0.000003
arm_1_right_finger,499.107000,0.416625,-0.449968,0.107880,0.707148,-0.707066,-0.000005,0.000003
arm_1_right_finger,499.124000,0.417349,-0.449968,0.108397,0.707148,-0.707066,-0.000005,0.000003
arm_1_right_finger,499.141000,0.418054,-0.449968,0.108917,0.707148,-0.707066,-0.000005,0.000003
arm_1_right_finger,499.158000,0.418640,-0.449968,0.109363,0.707148,-0.707066,-0.000005,0.000003
arm_1_right_finger,499.175000,0.419087,-0.449968,0.109712,0.707148,-0.707066,-0.000005,0.000003
arm_1_right_finger,499.192000,0.419427,-0.449968,0.109982,0.707148,-0.707066,-0.000005,0.000003
arm_1_right_finger,499.209000,0.419685,-0.449968,0.110189,0.707148,-0.707066,-0.000005,0.000003
arm_1_right_finger,499.225000,0.419871,-0.449968,0.110341,0.707148,-0.707066,-0.000005,0.000003
arm_1_right_finger,499.241000,0.420015,-0.449968,0.110459,0.707148,-0.707066,-0.000005,0.000003
arm_1_right_finger,499.258000,0.420132,-0.449968,0.110556,0.707148,-0.707066,-0.000005,0.000003
arm_1_right_finger,499.274000,0.420217,-0.449968,0.110627,0.707148,-0.707066,-0.000005,0.000003
arm_1_right_finger,499.289000,0.420280,-0.449968,0.110678,0.707148,-0.707066,-0.000005,0.000003
arm_1_right_finger,499.305000,0.420331,-0.449968,0.110722,0.707148,-0.707066,-0.000005,0.000003
arm_1_right_finger,499.322000,0.420374,-0.449968,0.110760,0.707148,-0.707066,-0.000005,0.000003
arm_1_right_finger,499.339000,0.420407,-0.449969,0.110796,0.707148,-0.707066,-0.000005,0.000003
arm_1_right_finger,499.356000,0.420433,-0.449971,0.110837,0.707148,-0.707066,-0.000005,0.000003
arm_1_right_finger,499.373000,0.420455,-0.449974,0.110887,0.707148,-0.707066,-0.000005,0.000003
arm_1_right_finger,499.390000,0.420473,-0.449980,0.110949,0.707148,-0.707066,-0.000005,0.000003
arm_1_right_finger,499.407000,0.420490,-0.449987,0.111026,0.707148,-0.707066,-0.000005,0.000003
arm_1_right_finger,499.424000,0.420505,-0.449995,0.111121,0.707148,-0.707066,-0.000005,0.000003
arm_1_right_finger,499.440000,0.420519,-0.450006,0.111227,0.707148,-0.707066,-0.000005,0.000003
arm_1_right_finger,499.457000,0.420535,-0.450019,0.111359,0.707148,-0.707066,-0.000005,0.000003
arm_1_right_finger,499.474000,0.420550,-0.450034,0.111512,0.707148,-0.707066,-0.000005,0.000003
arm_1_right_finger,499.491000,0.420567,-0.450051,0.111686,0.707148,-0.707066,-0.000005,0.000003
arm_1_right_finger,499.507000,0.420583,-0.450070,0.111870,0.707148,-0.707066,-0.000005,0.000003
arm_1_right_finger,499.523000,0.420601,-0.450090,0.112075,0.707148,-0.707066,-0.000005,0.000003
arm_1_right_finger,499.540000,0.420621,-0.450114,0.112314,0.707148,-0.707066,-0.000004,0.000003
arm_1_right_finger,499.557000,0.420642,-0.450140,0.112576,0.707148,-0.707066,-0.000004,0.000003
arm_1_right_finger,499.574000,0.420665,-0.450169,0.112861,0.707148,-0.707066,-0.000004,0.000003
arm_1_right_finger,499.591000,0.420690,-0.450199,0.113170,0.707148,-0.707066,-0.000004,0.000003
arm_1_right_finger,499.607000,0.420714,-0.450230,0.113482,0.707147,-0.707066,-0.000004,0.000003
arm_1_right_finger,499.624000,0.420741,-0.450264,0.113834,0.707147,-0.707066,-0.000003,0.000003
arm_1_right_finger,499.641000,0.420769,-0.450301,0.114211,0.707147,-0.707066,-0.000003,0.000003
arm_1_right_finger,499.658000,0.420799,-0.450340,0.114614,0.707147,-0.707066,-0.000003,0.000003
arm_1_right_finger,499.675000,0.420832,-0.450381,0.115040,0.707147,-0.707066,-0.000003,0.000003
arm_1_right_finger,499.693000,0.420867,-0.450426,0.115517,0.707147,-0.707066,-0.000002,0.000003
arm_1_right_finger,499.710000,0.420902,-0.450471,0.115991,0.707147,-0.707066,-0.000002,0.000003
arm_1_right_finger,499.727000,0.420938,-0.450517,0.116490,0.707147,-0.707066,-0.000002,0.000003
arm_1_right_finger,499.744000,0.420976,-0.450565,0.117013,0.707147,-0.707066,-0.000001,0.000004
arm_1_right_finger,499.761000,0.421016,-0.450615,0.117560,0.707147,-0.707066,-0.000001,0.000004
arm_1_right_finger,499.778000,0.421055,-0.450667,0.118130,0.707147,-0.707066,-0.000001,0.000004
arm_1_right_finger,499.795000,0.421097,-0.450720,0.118725,0.707147,-0.707066,-0.000000,0.000004
arm_1_right_finger,499.809000,0.421132,-0.450765,0.119233,0.707147,-0.707066,0.000000,0.000004
arm_1_right_finger,499.824000,0.421171,-0.450814,0.119796,0.707147,-0.707066,0.000000,0.000004
arm_1_right_finger,499.841000,0.421215,-0.450872,0.120455,0.707147,-0.707066,0.000001,0.000004
arm_1_right_finger,499.857000,0.421258,-0.450926,0.121098,0.707147,-0.707066,0.000001,0.000004
arm_1_right_finger,499.873000,0.421302,-0.450982,0.121763,0.707147,-0.707066,0.000002,0.000004
arm_1_right_finger,499.890000,0.421348,-0.451042,0.122474,0.707147,-0.707066,0.000002,0.000004
arm_1_right_finger,499.907000,0.421396,-0.451103,0.123231,0.707147,-0.707066,0.000003,0.000004
arm_1_right_finger,499.924000,0.421446,-0.451166,0.124013,0.707147,-0.707066,0.000003,0.000004
arm_1_right_finger,499.941000,0.421495,-0.451230,0.124818,0.707147,-0.707066,0.000004,0.000004
arm_1_right_finger,499.958000,0.421545,-0.451294,0.125647,0.707147,-0.707066,0.000004,0.000004
arm_1_right_finger,499.975000,0.421597,-0.451359,0.126500,0.707147,-0.707066,0.000005,0.000004
arm_1_right_finger,499.991000,0.421644,-0.451421,0.127324,0.707147,-0.707066,0.000005,0.000004
arm_1_right_finger,500.007000,0.421693,-0.451483,0.128170,0.707147,-0.707066,0.000006,0.000004
arm_1_right_finger,500.024000,0.421745,-0.451549,0.129092,0.707147,-0.707066,0.000007,0.000005
arm_1_right_finger,500.041000,0.421796,-0.451615,0.130039,0.707147,-0.707066,0.000007,0.000005
arm_1_right_finger,500.058000,0.421848,-0.451681,0.131009,0.707147,-0.707066,0.000008,0.000005
arm_1_right_finger,500.075000,0.421901,-0.451748,0.132006,0.707147,-0.707066,0.000008,0.000005
arm_1_right_finger,500.092000,0.421952,-0.451814,0.133025,0.707147,-0.707066,0.000009,0.000005
arm_1_right_finger,500.109000,0.422004,-0.451880,0.134069,0.707147,-0.707066,0.000010,0.000005
arm_1_right_finger,500.126000,0.422056,-0.451946,0.135139,0.707147,-0.707066,0.000010,0.000005
arm_1_right_finger,500.143000,0.422106,-0.452011,0.136231,0.707147,-0.707066,0.000011,0.000005
arm_1_right_finger,500.160000,0.422158,-0.452075,0.137351,0.707147,-0.707066,0.000012,0.000005
arm_1_right_finger,500.176000,0.422204,-0.452135,0.138426,0.707147,-0.707066,0.000013,0.000005
arm_1_right_finger,500.192000,0.422250,-0.452194,0.139522,0.707147,-0.707066,0.000013,0.000005
arm_1_right_finger,500.206000,0.422291,-0.452245,0.140501,0.707147,-0.707066,0.000014,0.000005
arm_1_right_finger,500.220000,0.422329,-0.452295,0.141495,0.707147,-0.707066,0.000015,0.000006
arm_1_right_finger,500.235000,0.422371,-0.452348,0.142580,0.707147,-0.707066,0.000015,0.000006
arm_1_right_finger,500.248000,0.422407,-0.452393,0.143536,0.707147,-0.707066,0.000016,0.000006
arm_1_right_finger,500.263000,0.422446,-0.452443,0.144655,0.707147,-0.707066,0.000017,0.000006
arm_1_right_finger,500.278000,0.422485,-0.452493,0.145796,0.707147,-0.707066,0.000017,0.000006
arm_1_right_finger,500.293000,0.422523,-0.452541,0.146956,0.707147,-0.707066,0.000018,0.000006
arm_1_right_finger,500.309000,0.422561,-0.452590,0.148214,0.707147,-0.707066,0.000019,0.000006
arm_1_right_finger,500.326000,0.422601,-0.452640,0.149576,0.707147,-0.707066,0.000020,0.000006
arm_1_right_finger,500.343000,0.422638,-0.452688,0.150962,0.707147,-0.707066,0.000021,0.000006
arm_1_right_finger,500.360000,0.422675,-0.452734,0.152373,0.707147,-0.707066,0.000022,0.000006
arm_1_right_finger,500.377000,0.422708,-0.452776,0.153810,0.707147,-0.707066,0.000023,0.000007
arm_1_right_finger,500.394000,0.422740,-0.452816,0.155271,0.707147,-0.707066,0.000023,0.000007
arm_1_right_finger,500.410000,0.422768,-0.452851,0.156670,0.707147,-0.707066,0.000024,0.000007
arm_1_right_finger,500.427000,0.422794,-0.452885,0.158181,0.707147,-0.707066,0.000025,0.000007
arm_1_right_finger,500.444000,0.422819,-0.452916,0.159715,0.707147,-0.707066,0.000026,0.000007
arm_1_right_finger,500.461000,0.422840,-0.452943,0.161274,0.707147,-0.707066,0.000027,0.000007
arm_1_right_finger,500.478000,0.422860,-0.452966,0.162860,0.707147,-0.707066,0.000028,0.000007
arm_1_right_finger,500.493000,0.422873,-0.452983,0.164280,0.707147,-0.707066,0.000029,0.000007
arm_1_right_finger,500.509000,0.422885,-0.452998,0.165818,0.707147,-0.707066,0.000030,0.000007
arm_1_right_finger,500.525000,0.422894,-0.453009,0.167367,0.707147,-0.707066,0.000031,0.000008
arm_1_right_finger,500.542000,0.422901,-0.453016,0.169020,0.707147,-0.707066,0.000032,0.000008
arm_1_right_finger,500.558000,0.422902,-0.453018,0.170575,0.707147,-0.707066,0.000033,0.000008
arm_1_right_finger,500.574000,0.422902,-0.453017,0.172125,0.707147,-0.707067,0.000034,0.000008
arm_1_right_finger,500.590000,0.422898,-0.453011,0.173665,0.707147,-0.707067,0.000035,0.000008
arm_1_right_finger,500.606000,0.422892,-0.453002,0.175195,0.707147,-0.707067,0.000036,0.000008
arm_1_right_finger,500.622000,0.422882,-0.452989,0.176711,0.707147,-0.707067,0.000037,0.000008
arm_1_right_finger,500.638000,0.422869,-0.452972,0.178211,0.707147,-0.707067,0.000038,0.000008
arm_1_right_finger,500.654000,0.422855,-0.452951,0.179696,0.707147,-0.707067,0.000039,0.000009
arm_1_right_finger,500.671000,0.422835,-0.452926,0.181252,0.707147,-0.707067,0.000040,0.000009
arm_1_right_finger,500.688000,0.422813,-0.452897,0.182789,0.707147,-0.707067,0.000041,0.000009
arm_1_right_finger,500.699000,0.422798,-0.452877,0.183772,0.707147,-0.707067,0.000042,0.000009
arm_1_right_finger,500.708000,0.422783,-0.452859,0.184568,0.707147,-0.707067,0.000042,0.000009
arm_1_right_finger,500.718000,0.422768,-0.452838,0.185447,0.707147,-0.707067,0.000043,0.000009
arm_1_right_finger,500.733000,0.422743,-0.452804,0.186750,0.707147,-0.707067,0.000044,0.000009
arm_1_right_finger,500.745000,0.422720,-0.452776,0.187779,0.707147,-0.707067,0.000044,0.000009
arm_1_right_finger,500.759000,0.422694,-0.452741,0.188966,0.707147,-0.707067,0.000045,0.000009
arm_1_right_finger,500.773000,0.422666,-0.452704,0.190137,0.707147,-0.707067,0.000046,0.000009
arm_1_right_finger,500.777000,0.422658,-0.452693,0.190468,0.707147,-0.707067,0.000046,0.000009
arm_1_right_finger,500.791000,0.422627,-0.452654,0.191617,0.707147,-0.707067,0.000047,0.000010
arm_1_right_finger,500.807000,0.422592,-0.452607,0.192912,0.707147,-0.707067,0.000048,0.000010
arm_1_right_finger,500.823000,0.422554,-0.452559,0.194185,0.707147,-0.707067,0.000048,0.000010
arm_1_right_finger,500.839000,0.422515,-0.452508,0.195437,0.707147,-0.707067,0.000049,0.000010
arm_1_right_finger,500.855000,0.422476,-0.452456,0.196669,0.707147,-0.707067,0.000050,0.000010
arm_1_right_finger,500.872000,0.422431,-0.452399,0.197953,0.707147,-0.707067,0.000051,0.000010
arm_1_right_finger,500.889000,0.422387,-0.452341,0.199213,0.707147,-0.707067,0.000052,0.000010
arm_1_right_finger,500.906000,0.422341,-0.452280,0.200450,0.707147,-0.707067,0.000052,0.000010
arm_1_right_finger,500.922000,0.422295,-0.452223,0.201590,0.707147,-0.707067,0.000053,0.000010
arm_1_right_finger,500.938000,0.422251,-0.452164,0.202710,0.707147,-0.707067,0.000054,0.000010
arm_1_right_finger,500.954000,0.422205,-0.452104,0.203808,0.707147,-0.707067,0.000054,0.000011
arm_1_right_finger,500.971000,0.422155,-0.452040,0.204950,0.707147,-0.707067,0.000055,0.000011
arm_1_right_finger,500.987000,0.422108,-0.451979,0.206004,0.707147,-0.707067,0.000056,0.000011
arm_1_right_finger,501.003000,0.422061,-0.451917,0.207036,0.707147,-0.707067,0.000057,0.000011
arm_1_right_finger,501.019000,0.422012,-0.451855,0.208045,0.707147,-0.707067,0.000057,0.000011
arm_1_right_finger,501.035000,0.421964,-0.451793,0.209034,0.707147,-0.707067,0.000058,0.000011
arm_1_right_finger,501.050000,0.421920,-0.451734,0.209941,0.707147,-0.707067,0.000058,0.000011
arm_1_right_finger,501.065000,0.421873,-0.451675,0.210828,0.707147,-0.707067,0.000059,0.000011
arm_1_right_finger,501.080000,0.421828,-0.451616,0.211697,0.707147,-0.707067,0.000059,0.000011
arm_1_right_finger,501.096000,0.421780,-0.451553,0.212603,0.707147,-0.707067,0.000060,0.000011
arm_1_right_finger,501.112000,0.421732,-0.451491,0.213487,0.707147,-0.707067,0.000061,0.000011
arm_1_right_finger,501.128000,0.421683,-0.451429,0.214348,0.707147,-0.707067,0.000061,0.000011
arm_1_right_finger,501.144000,0.421636,-0.451367,0.215190,0.707147,-0.707067,0.000062,0.000011
arm_1_right_finger,501.155000,0.421604,-0.451325,0.215752,0.707147,-0.707067,0.000062,0.000011
arm_1_right_finger,501.170000,0.421559,-0.451268,0.216504,0.707147,-0.707067,0.000063,0.000012
arm_1_right_finger,501.186000,0.421512,-0.451207,0.217288,0.707147,-0.707067,0.000063,0.000012
arm_1_right_finger,501.202000,0.421466,-0.451147,0.218050,0.707147,-0.707067,0.000063,0.000012
arm_1_right_finger,501.217000,0.421424,-0.451092,0.218745,0.707147,-0.707067,0.000064,0.000012
arm_1_right_finger,501.233000,0.421378,-0.451034,0.219463,0.707147,-0.707067,0.000064,0.000012
arm_1_right_finger,501.249000,0.421334,-0.450977,0.220161,0.707147,-0.707067,0.000065,0.000012
arm_1_right_finger,501.265000,0.421291,-0.450921,0.220837,0.707147,-0.707067,0.000065,0.000012
arm_1_right_finger,501.282000,0.421246,-0.450862,0.221531,0.707147,-0.707067,0.000066,0.000012
arm_1_right_finger,501.299000,0.421201,-0.450805,0.222199,0.707147,-0.707067,0.000066,0.000012
arm_1_right_finger,501.316000,0.421158,-0.450749,0.222844,0.707147,-0.707067,0.000067,0.000012
arm_1_right_finger,501.332000,0.421119,-0.450698,0.223428,0.707147,-0.707067,0.000067,0.000012
arm_1_right_finger,501.349000,0.421079,-0.450645,0.224025,0.707147,-0.707067,0.000067,0.000012
arm_1_right_finger,501.366000,0.421038,-0.450594,0.224596,0.707147,-0.707067,0.000068,0.000012
arm_1_right_finger,501.383000,0.421000,-0.450544,0.225143,0.707147,-0.707067,0.000068,0.000012
arm_1_right_finger,501.400000,0.420963,-0.450497,0.225666,0.707147,-0.707067,0.000068,0.000012
arm_1_right_finger,501.417000,0.420928,-0.450451,0.226164,0.707147,-0.707067,0.000069,0.000012
arm_1_right_finger,501.434000,0.420894,-0.450407,0.226637,0.707147,-0.707067,0.000069,0.000012
arm_1_right_finger,501.451000,0.420860,-0.450365,0.227084,0.707147,-0.707067,0.000069,0.000012
arm_1_right_finger,501.468000,0.420830,-0.450325,0.227508,0.707147,-0.707067,0.000069,0.000012
arm_1_right_finger,501.485000,0.420801,-0.450287,0.227907,0.707147,-0.707067,0.000070,0.000012
arm_1_right_finger,501.502000,0.420773,-0.450251,0.228282,0.707147,-0.707067,0.000070,0.000012
arm_1_right_finger,501.519000,0.420748,-0.450217,0.228631,0.707147,-0.707067,0.000108,-0.000026
arm_1_right_finger,501.536000,0.420722,-0.450185,0.228956,0.707147,-0.707067,0.000073,0.000010
arm_1_right_finger,501.553000,0.420699,-0.450156,0.229255,0.707147,-0.707067,0.000071,0.000012
arm_1_right_finger,501.570000,0.420679,-0.450129,0.229531,0.707147,-0.707067,0.000071,0.000013
arm_1_right_finger,501.587000,0.420660,-0.450105,0.229781,0.707147,-0.707067,0.000071,0.000013
arm_1_right_finger,501.604000,0.420643,-0.450082,0.230008,0.707147,-0.707067,0.000099,-0.000015
arm_1_right_finger,501.621000,0.420628,-0.450062,0.230210,0.707147,-0.707067,0.000105,-0.000022
arm_1_right_finger,501.638000,0.420614,-0.450045,0.230385,0.707147,-0.707067,0.000096,-0.000012
arm_1_right_finger,501.655000,0.420601,-0.450029,0.230537,0.707147,-0.707067,0.000073,0.000011
arm_1_right_finger,501.672000,0.420592,-0.450017,0.230665,0.707147,-0.707067,0.000072,0.000013
arm_1_right_finger,501.689000,0.420584,-0.450006,0.230768,0.707147,-0.707067,0.000072,0.000013
arm_1_right_finger,501.705000,0.420579,-0.449999,0.230843,0.707147,-0.707067,0.000086,-0.000002
arm_1_right_finger,501.721000,0.420574,-0.449993,0.230901,0.707147,-0.707067,0.000093,-0.000008
arm_1_right_finger,501.737000,0.420571,-0.449988,0.230947,0.707147,-0.707067,0.000090,-0.000006
arm_1_right_finger,501.754000,0.420568,-0.449985,0.230983,0.707147,-0.707067,0.000099,-0.000015
arm_1_right_finger,501.770000,0.420565,-0.449982,0.231009,0.707147,-0.707067,0.000086,-0.000002
arm_1_right_finger,501.785000,0.420563,-0.449980,0.231029,0.707147,-0.707067,0.000073,0.000011
arm_1_right_finger,501.801000,0.420562,-0.449978,0.231045,0.707147,-0.707067,0.000072,0.000013
arm_1_right_finger,501.816000,0.420562,-0.449977,0.231057,0.707147,-0.707067,0.000072,0.000013
arm_1_right_finger,501.832000,0.420562,-0.449977,0.231059,0.707147,-0.707067,0.000100,-0.000015
arm_1_right_finger,501.849000,0.420568,-0.449975,0.231057,0.707147,-0.707066,0.000114,-0.000021
arm_1_right_finger,501.866000,0.420583,-0.449969,0.231064,0.707149,-0.707064,0.000126,-0.000009
arm_1_right_finger,501.883000,0.420608,-0.449956,0.231080,0.707152,-0.707061,0.000134,0.000026
arm_1_right_finger,501.900000,0.420652,-0.449936,0.231111,0.707158,-0.707056,0.000197,0.000032
arm_1_right_finger,501.917000,0.420715,-0.449907,0.231157,0.707165,-0.707048,0.000303,0.000025
arm_1_right_finger,501.933000,0.420789,-0.449871,0.231214,0.707175,-0.707039,0.000392,0.000057
arm_1_right_finger,501.950000,0.420890,-0.449823,0.231290,0.707187,-0.707026,0.000544,0.000067
arm_1_right_finger,501.967000,0.421014,-0.449764,0.231386,0.707202,-0.707011,0.000746,0.000062
arm_1_right_finger,501.983000,0.421150,-0.449698,0.231491,0.707219,-0.706994,0.000914,0.000114
arm_1_right_finger,502.000000,0.421315,-0.449619,0.231618,0.707240,-0.706973,0.001155,0.000138
arm_1_right_finger,502.017000,0.421505,-0.449528,0.231766,0.707263,-0.706949,0.001429,0.000168
arm_1_right_finger,502.034000,0.421722,-0.449423,0.231935,0.707290,-0.706922,0.001754,0.000191
arm_1_right_finger,502.051000,0.421962,-0.449307,0.232122,0.707319,-0.706891,0.002090,0.000243
arm_1_right_finger,502.063000,0.422147,-0.449217,0.232265,0.707342,-0.706868,0.002340,0.000290
arm_1_right_finger,502.073000,0.422310,-0.449138,0.232393,0.707362,-0.706847,0.002576,0.000316
arm_1_right_finger,502.084000,0.422500,-0.449046,0.232541,0.707385,-0.706823,0.002846,0.000349
arm_1_right_finger,502.100000,0.422793,-0.448903,0.232770,0.707421,-0.706785,0.003292,0.000375
arm_1_right_finger,502.114000,0.423069,-0.448769,0.232986,0.707454,-0.706750,0.003665,0.000444
arm_1_right_finger,502.127000,0.423340,-0.448637,0.233198,0.707487,-0.706715,0.004066,0.000476
arm_1_right_finger,502.142000,0.423664,-0.448475,0.233452,0.707526,-0.706672,0.004589,0.000482
arm_1_right_finger,502.156000,0.423995,-0.448315,0.233712,0.707565,-0.706630,0.004988,0.000605
arm_1_right_finger,502.173000,0.424413,-0.448109,0.234040,0.707615,-0.706575,0.005616,0.000646
arm_1_right_finger,502.189000,0.424829,-0.447903,0.234367,0.707665,-0.706521,0.006182,0.000746
arm_1_right_finger,502.206000,0.425295,-0.447672,0.234735,0.707720,-0.706459,0.006891,0.000782
arm_1_right_finger,502.223000,0.425786,-0.447428,0.235123,0.707778,-0.706394,0.007568,0.000890
arm_1_right_finger,502.240000,0.426302,-0.447170,0.235530,0.707838,-0.706325,0.008317,0.000965
arm_1_right_finger,502.257000,0.426843,-0.446898,0.235959,0.707901,-0.706253,0.009098,0.001046
arm_1_right_finger,502.274000,0.427408,-0.446613,0.236408,0.707966,-0.706176,0.009940,0.001106
arm_1_right_finger,502.291000,0.427994,-0.446314,0.236875,0.708034,-0.706095,0.010819,0.001166
arm_1_right_finger,502.308000,0.428612,-0.446001,0.237367,0.708104,-0.706011,0.011665,0.001298
arm_1_right_finger,502.325000,0.429245,-0.445674,0.237873,0.708176,-0.705921,0.012652,0.001327
arm_1_right_finger,502.342000,0.429911,-0.445333,0.238406,0.708250,-0.705829,0.013592,0.001441
arm_1_right_finger,502.358000,0.430559,-0.444998,0.238927,0.708322,-0.705738,0.014523,0.001537
arm_1_right_finger,502.374000,0.431227,-0.444651,0.239465,0.708396,-0.705644,0.015488,0.001631
arm_1_right_finger,502.390000,0.431915,-0.444291,0.240020,0.708471,-0.705546,0.016470,0.001741
arm_1_right_finger,502.407000,0.432667,-0.443893,0.240628,0.708553,-0.705435,0.017628,0.001780
arm_1_right_finger,502.424000,0.433450,-0.443481,0.241262,0.708637,-0.705322,0.018744,0.001897
arm_1_right_finger,502.440000,0.434206,-0.443078,0.241878,0.708717,-0.705212,0.019821,0.002014
arm_1_right_finger,502.452000,0.434786,-0.442767,0.242351,0.708778,-0.705125,0.020674,0.002077
arm_1_right_finger,502.461000,0.435229,-0.442529,0.242713,0.708824,-0.705059,0.021323,0.002128
arm_1_right_finger,502.477000,0.436033,-0.442094,0.243370,0.708908,-0.704938,0.022529,0.002189
arm_1_right_finger,502.493000,0.436857,-0.441646,0.244047,0.708993,-0.704813,0.023720,0.002297
arm_1_right_finger,502.510000,0.437756,-0.441153,0.244788,0.709084,-0.704674,0.025074,0.002358
arm_1_right_finger,502.527000,0.438674,-0.440644,0.245547,0.709176,-0.704530,0.026460,0.002421
arm_1_right_finger,502.545000,0.439680,-0.440087,0.246381,0.709275,-0.704375,0.027891,0.002563
arm_1_right_finger,502.562000,0.440650,-0.439544,0.247188,0.709370,-0.704220,0.029354,0.002620
arm_1_right_finger,502.579000,0.441641,-0.438983,0.248017,0.709465,-0.704063,0.030795,0.002731
arm_1_right_finger,502.596000,0.442655,-0.438405,0.248867,0.709561,-0.703896,0.032354,0.002760
arm_1_right_finger,502.611000,0.443571,-0.437880,0.249639,0.709646,-0.703746,0.033705,0.002836
arm_1_right_finger,502.622000,0.444251,-0.437486,0.250213,0.709708,-0.703635,0.034692,0.002913
arm_1_right_finger,502.628000,0.444625,-0.437268,0.250529,0.709743,-0.703570,0.035304,0.002886
arm_1_right_finger,502.641000,0.445453,-0.436788,0.251231,0.709817,-0.703433,0.036515,0.002958
arm_1_right_finger,502.657000,0.446485,-0.436182,0.252109,0.709909,-0.703258,0.038060,0.003018
arm_1_right_finger,502.672000,0.447467,-0.435599,0.252948,0.709995,-0.703091,0.039509,0.003099
arm_1_right_finger,502.687000,0.448470,-0.435001,0.253808,0.710081,-0.702917,0.041024,0.003138
arm_1_right_finger,502.702000,0.449489,-0.434389,0.254685,0.710167,-0.702738,0.042564,0.003175
arm_1_right_finger,502.718000,0.450589,-0.433719,0.255636,0.710259,-0.702538,0.044289,0.003158
arm_1_right_finger,502.735000,0.451788,-0.432987,0.256677,0.710356,-0.702327,0.046055,0.003238
arm_1_right_finger,502.752000,0.453004,-0.432236,0.257738,0.710453,-0.702105,0.047905,0.003261
arm_1_right_finger,502.768000,0.454165,-0.431511,0.258756,0.710543,-0.701890,0.049681,0.003275
arm_1_right_finger,502.785000,0.455417,-0.430720,0.259858,0.710638,-0.701651,0.051657,0.003228
arm_1_right_finger,502.801000,0.456622,-0.429956,0.260925,0.710726,-0.701429,0.053432,0.003296
arm_1_right_finger,502.817000,0.457841,-0.429173,0.262010,0.710814,-0.701193,0.055327,0.003266
arm_1_right_finger,502.833000,0.459077,-0.428371,0.263115,0.710901,-0.700952,0.057237,0.003246
arm_1_right_finger,502.850000,0.460410,-0.427498,0.264313,0.710991,-0.700688,0.059304,0.003213
arm_1_right_finger,502.867000,0.461756,-0.426604,0.265528,0.711080,-0.700415,0.061432,0.003143
arm_1_right_finger,502.882000,0.462970,-0.425794,0.266631,0.711157,-0.700175,0.063246,0.003168
arm_1_right_finger,502.899000,0.464357,-0.424856,0.267898,0.711243,-0.699890,0.065407,0.003113
arm_1_right_finger,502.916000,0.465748,-0.423907,0.269175,0.711325,-0.699599,0.067597,0.003025
arm_1_right_finger,502.932000,0.467091,-0.422978,0.270417,0.711402,-0.699315,0.069697,0.002958
arm_1_right_finger,502.947000,0.468366,-0.422088,0.271602,0.711472,-0.699039,0.071724,0.002853
arm_1_right_finger,502.963000,0.469741,-0.421118,0.272887,0.711544,-0.698739,0.073899,0.002746
arm_1_right_finger,502.979000,0.471129,-0.420127,0.274191,0.711614,-0.698434,0.076086,0.002645
arm_1_right_finger,502.992000,0.472269,-0.419306,0.275269,0.711669,-0.698180,0.077889,0.002551
arm_1_right_finger,503.005000,0.473406,-0.418477,0.276348,0.711721,-0.697915,0.079764,0.002382
arm_1_right_finger,503.018000,0.474569,-0.417624,0.277460,0.711772,-0.697655,0.081562,0.002319
arm_1_right_finger,503.034000,0.476011,-0.416555,0.278844,0.711832,-0.697320,0.083876,0.002152
arm_1_right_finger,503.050000,0.477465,-0.415463,0.280250,0.711889,-0.696978,0.086201,0.001992
arm_1_right_finger,503.066000,0.478934,-0.414348,0.281680,0.711943,-0.696621,0.088621,0.001751
arm_1_right_finger,503.082000,0.480412,-0.413210,0.283129,0.711993,-0.696257,0.091046,0.001518
arm_1_right_finger,503.099000,0.482001,-0.411973,0.284697,0.712042,-0.695866,0.093620,0.001290
arm_1_right_finger,503.116000,0.483604,-0.410709,0.286291,0.712087,-0.695466,0.096217,0.001055
arm_1_right_finger,503.132000,0.485127,-0.409494,0.287817,0.712125,-0.695077,0.098719,0.000789
arm_1_right_finger,503.149000,0.486757,-0.408174,0.289462,0.712160,-0.694655,0.101395,0.000503
arm_1_right_finger,503.165000,0.488302,-0.406907,0.291033,0.712189,-0.694248,0.103955,0.000204
arm_1_right_finger,503.180000,0.489762,-0.405695,0.292530,0.712212,-0.693848,0.106435,-0.000148
arm_1_right_finger,503.196000,0.491328,-0.404377,0.294146,0.712232,-0.693422,0.109049,-0.000482
arm_1_right_finger,503.213000,0.493007,-0.402947,0.295895,0.712247,-0.692960,0.111845,-0.000844
arm_1_right_finger,503.229000,0.494596,-0.401574,0.297563,0.712257,-0.692516,0.114503,-0.001202
arm_1_right_finger,503.245000,0.496196,-0.400172,0.299257,0.712260,-0.692056,0.117222,-0.001613
arm_1_right_finger,503.262000,0.497905,-0.398654,0.301082,0.712258,-0.691554,0.120154,-0.002086
arm_1_right_finger,503.279000,0.499623,-0.397104,0.302933,0.712249,-0.691041,0.123111,-0.002579
arm_1_right_finger,503.295000,0.501251,-0.395615,0.304703,0.712235,-0.690553,0.125894,-0.003034
arm_1_right_finger,503.311000,0.502886,-0.394098,0.306497,0.712214,-0.690038,0.128787,-0.003598
arm_1_right_finger,503.327000,0.504530,-0.392551,0.308317,0.712187,-0.689535,0.131588,-0.004063
arm_1_right_finger,503.342000,0.506076,-0.391075,0.310044,0.712155,-0.689035,0.134331,-0.004616
arm_1_right_finger,503.358000,0.507734,-0.389470,0.311914,0.712114,-0.688492,0.137278,-0.005223
arm_1_right_finger,503.375000,0.509502,-0.387732,0.313927,0.712064,-0.687909,0.140400,-0.005856
arm_1_right_finger,503.390000,0.511064,-0.386170,0.315724,0.712012,-0.687381,0.143194,-0.006456
arm_1_right_finger,503.406000,0.512737,-0.384476,0.317668,0.711950,-0.686815,0.146159,-0.007082
arm_1_right_finger,503.423000,0.514512,-0.382647,0.319751,0.711875,-0.686180,0.149429,-0.007878
arm_1_right_finger,503.439000,0.516179,-0.380901,0.321729,0.711797,-0.685585,0.152461,-0.008593
arm_1_right_finger,503.455000,0.517848,-0.379131,0.323731,0.711712,-0.684997,0.155435,-0.009262
arm_1_right_finger,503.470000,0.519401,-0.377454,0.325614,0.711624,-0.684407,0.158361,-0.010050
arm_1_right_finger,503.485000,0.520944,-0.375762,0.327503,0.711530,-0.683836,0.161176,-0.010740
arm_1_right_finger,503.501000,0.522584,-0.373939,0.329533,0.711422,-0.683203,0.164251,-0.011574
arm_1_right_finger,503.518000,0.524311,-0.371984,0.331696,0.711299,-0.682518,0.167532,-0.012502
arm_1_right_finger,503.533000,0.525822,-0.370245,0.333608,0.711184,-0.681926,0.170348,-0.013261
arm_1_right_finger,503.549000,0.527421,-0.368375,0.335656,0.711053,-0.681266,0.173433,-0.014181
arm_1_right_finger,503.565000,0.529007,-0.366491,0.337710,0.710915,-0.680608,0.176479,-0.015089
arm_1_right_finger,503.573000,0.529796,-0.365543,0.338742,0.710842,-0.680269,0.178030,-0.015582
arm_1_right_finger,503.579000,0.530380,-0.364839,0.339509,0.710788,-0.680031,0.179124,-0.015897
arm_1_right_finger,503.592000,0.531644,-0.363289,0.341182,0.710665,-0.679482,0.181609,-0.016684
arm_1_right_finger,503.607000,0.533101,-0.361483,0.343131,0.710517,-0.678861,0.184404,-0.017539
arm_1_right_finger,503.623000,0.534636,-0.359547,0.345207,0.710349,-0.678156,0.187516,-0.018616
arm_1_right_finger,503.637000,0.535968,-0.357841,0.347031,0.710200,-0.677572,0.190092,-0.019428
arm_1_right_finger,503.653000,0.537470,-0.355882,0.349111,0.710018,-0.676864,0.193154,-0.020509
arm_1_right_finger,503.669000,0.538964,-0.353907,0.351208,0.709829,-0.676152,0.196198,-0.021601
arm_1_right_finger,503.686000,0.540530,-0.351797,0.353433,0.709622,-0.675403,0.199377,-0.022736
arm_1_right_finger,503.703000,0.542077,-0.349673,0.355663,0.709406,-0.674641,0.202562,-0.023912
arm_1_right_finger,503.720000,0.543601,-0.347537,0.357889,0.709182,-0.673883,0.205704,-0.025077
arm_1_right_finger,503.736000,0.545025,-0.345511,0.360000,0.708962,-0.673149,0.208700,-0.026245
arm_1_right_finger,503.753000,0.546517,-0.343347,0.362243,0.708720,-0.672366,0.211859,-0.027495
arm_1_right_finger,503.770000,0.547988,-0.341170,0.364486,0.708469,-0.671572,0.215019,-0.028781
arm_1_right_finger,503.786000,0.549359,-0.339108,0.366607,0.708225,-0.670815,0.217998,-0.030028
arm_1_right_finger,503.803000,0.550797,-0.336904,0.368865,0.707958,-0.670010,0.221130,-0.031353
arm_1_right_finger,503.819000,0.552127,-0.334820,0.370984,0.707697,-0.669233,0.224109,-0.032664
arm_1_right_finger,503.836000,0.553525,-0.332593,0.373246,0.707417,-0.668440,0.227145,-0.033956
arm_1_right_finger,503.852000,0.554824,-0.330483,0.375381,0.707140,-0.667647,0.230115,-0.035322
arm_1_right_finger,503.867000,0.556026,-0.328496,0.377385,0.706877,-0.666919,0.232826,-0.036554
arm_1_right_finger,503.883000,0.557291,-0.326366,0.379526,0.706586,-0.666123,0.235750,-0.037933
arm_1_right_finger,503.900000,0.558614,-0.324091,0.381802,0.706272,-0.665292,0.238782,-0.039354
arm_1_right_finger,503.917000,0.559915,-0.321806,0.384076,0.705945,-0.664421,0.241897,-0.040899
arm_1_right_finger,503.933000,0.561125,-0.319642,0.386228,0.705632,-0.663615,0.244762,-0.042315
arm_1_right_finger,503.950000,0.562387,-0.317333,0.388512,0.705291,-0.662751,0.247796,-0.043845
arm_1_right_finger,503.967000,0.563630,-0.315012,0.390800,0.704938,-0.661859,0.250875,-0.045458
arm_1_right_finger,503.984000,0.564853,-0.312679,0.393095,0.704582,-0.660993,0.253856,-0.047004
arm_1_right_finger,504.001000,0.566052,-0.310336,0.395385,0.704213,-0.660092,0.256897,-0.048649
arm_1_right_finger,504.017000,0.567165,-0.308119,0.397551,0.703859,-0.659251,0.259715,-0.050184
arm_1_right_finger,504.034000,0.568325,-0.305755,0.399850,0.703475,-0.658349,0.262701,-0.051843
arm_1_right_finger,504.051000,0.569463,-0.303379,0.402152,0.703081,-0.657430,0.265697,-0.053549
arm_1_right_finger,504.067000,0.570513,-0.301135,0.404317,0.702706,-0.656579,0.268459,-0.055126
arm_1_right_finger,504.083000,0.571547,-0.298880,0.406489,0.702321,-0.655709,0.271238,-0.056756
arm_1_right_finger,504.099000,0.572561,-0.296617,0.408662,0.701928,-0.654833,0.274006,-0.058406
arm_1_right_finger,504.116000,0.573618,-0.294201,0.410976,0.701502,-0.653895,0.276938,-0.060184
arm_1_right_finger,504.133000,0.574653,-0.291776,0.413291,0.701068,-0.652954,0.279847,-0.061977
arm_1_right_finger,504.149000,0.575606,-0.289485,0.415472,0.700651,-0.652057,0.282584,-0.063697
arm_1_right_finger,504.166000,0.576596,-0.287043,0.417785,0.700197,-0.651088,0.285500,-0.065569
arm_1_right_finger,504.182000,0.577510,-0.284734,0.419970,0.699764,-0.650182,0.288204,-0.067323
arm_1_right_finger,504.198000,0.578404,-0.282417,0.422157,0.699324,-0.649268,0.290898,-0.069099
arm_1_right_finger,504.214000,0.579278,-0.280092,0.424344,0.698877,-0.648349,0.293579,-0.070895
arm_1_right_finger,504.231000,0.580183,-0.277615,0.426667,0.698395,-0.647378,0.296388,-0.072797
arm_1_right_finger,504.247000,0.581016,-0.275274,0.428858,0.697932,-0.646445,0.299048,-0.074639
arm_1_right_finger,504.262000,0.581778,-0.273074,0.430912,0.697490,-0.645566,0.301526,-0.076381
arm_1_right_finger,504.279000,0.582618,-0.270574,0.433235,0.696979,-0.644552,0.304347,-0.078403
arm_1_right_finger,504.295000,0.583391,-0.268211,0.435430,0.696492,-0.643602,0.306964,-0.080301
arm_1_right_finger,504.312000,0.584188,-0.265694,0.437759,0.695971,-0.642601,0.309699,-0.082305
arm_1_right_finger,504.329000,0.584964,-0.263168,0.440095,0.695441,-0.641593,0.312422,-0.084334
arm_1_right_finger,504.344000,0.585627,-0.260935,0.442151,0.694954,-0.640653,0.314904,-0.086243
arm_1_right_finger,504.358000,0.586230,-0.258845,0.444071,0.694503,-0.639805,0.317140,-0.087965
arm_1_right_finger,504.370000,0.586734,-0.257050,0.445718,0.694109,-0.639066,0.319066,-0.089471
arm_1_right_finger,504.384000,0.587308,-0.254951,0.447639,0.693647,-0.638212,0.321278,-0.091215
arm_1_right_finger,504.399000,0.587907,-0.252695,0.449706,0.693143,-0.637278,0.323662,-0.093128
arm_1_right_finger,504.411000,0.588370,-0.250890,0.451348,0.692738,-0.636540,0.325536,-0.094645
arm_1_right_finger,504.426000,0.588937,-0.248624,0.453416,0.692220,-0.635596,0.327901,-0.096591
arm_1_right_finger,504.440000,0.589446,-0.246508,0.455338,0.691735,-0.634724,0.330070,-0.098394
arm_1_right_finger,504.446000,0.589659,-0.245601,0.456159,0.691528,-0.634356,0.330983,-0.099157
arm_1_right_finger,504.455000,0.589975,-0.244235,0.457400,0.691210,-0.633787,0.332377,-0.100336
arm_1_right_finger,504.470000,0.590485,-0.241959,0.459458,0.690673,-0.632825,0.334710,-0.102337
arm_1_right_finger,504.484000,0.590946,-0.239827,0.461389,0.690166,-0.631926,0.336869,-0.104212
arm_1_right_finger,504.500000,0.591452,-0.237387,0.463590,0.689585,-0.630914,0.339284,-0.106331
arm_1_right_finger,504.513000,0.591845,-0.235405,0.465371,0.689101,-0.630063,0.341280,-0.108115
arm_1_right_finger,504.529000,0.592313,-0.232956,0.467573,0.688508,-0.629043,0.343663,-0.110261
arm_1_right_finger,504.546000,0.592786,-0.230351,0.469911,0.687862,-0.627931,0.346221,-0.112607
arm_1_right_finger,504.561000,0.593182,-0.228049,0.471970,0.687282,-0.626936,0.348476,-0.114710
arm_1_right_finger,504.577000,0.593585,-0.225588,0.474171,0.686667,-0.625900,0.350813,-0.116910
arm_1_right_finger,504.594000,0.593990,-0.222969,0.476507,0.685997,-0.624769,0.353322,-0.119315
arm_1_right_finger,504.611000,0.594370,-0.220346,0.478844,0.685315,-0.623624,0.355826,-0.121754
arm_1_right_finger,504.627000,0.594706,-0.217874,0.481043,0.684681,-0.622584,0.358091,-0.123985
arm_1_right_finger,504.643000,0.595019,-0.215399,0.483236,0.684017,-0.621473,0.360453,-0.126358
arm_1_right_finger,504.659000,0.595312,-0.212920,0.485432,0.683356,-0.620390,0.362740,-0.128683
arm_1_right_finger,504.675000,0.595582,-0.210439,0.487627,0.682689,-0.619302,0.365011,-0.131027
arm_1_right_finger,504.692000,0.595846,-0.207798,0.489960,0.681970,-0.618140,0.367407,-0.133536
arm_1_right_finger,504.708000,0.596071,-0.205313,0.492147,0.681295,-0.617061,0.369610,-0.135877
arm_1_right_finger,504.725000,0.596287,-0.202666,0.494478,0.680559,-0.615882,0.371976,-0.138430
arm_1_right_finger,504.741000,0.596468,-0.200174,0.496669,0.679859,-0.614771,0.374180,-0.140846
arm_1_right_finger,504.758000,0.596636,-0.197523,0.498994,0.679108,-0.613583,0.376505,-0.143431
arm_1_right_finger,504.775000,0.596779,-0.194870,0.501319,0.678353,-0.612404,0.378786,-0.146009
arm_1_right_finger,504.792000,0.596897,-0.192216,0.503642,0.677580,-0.611193,0.381091,-0.148653
arm_1_right_finger,504.809000,0.596991,-0.189560,0.505963,0.676807,-0.609996,0.383344,-0.151279
arm_1_right_finger,504.826000,0.597060,-0.186902,0.508282,0.676018,-0.608777,0.385602,-0.153950
arm_1_right_finger,504.841000,0.597101,-0.184554,0.510332,0.675324,-0.607717,0.387546,-0.156288
arm_1_right_finger,504.851000,0.597116,-0.182991,0.511687,0.674849,-0.606987,0.388865,-0.157889
arm_1_right_finger,504.867000,0.597124,-0.180485,0.513873,0.674088,-0.605828,0.390942,-0.160443
arm_1_right_finger,504.883000,0.597110,-0.177980,0.516049,0.673327,-0.604683,0.392972,-0.162979
arm_1_right_finger,504.899000,0.597073,-0.175476,0.518221,0.672553,-0.603517,0.395006,-0.165556
arm_1_right_finger,504.915000,0.597015,-0.172971,0.520391,0.671766,-0.602334,0.397042,-0.168171
arm_1_right_finger,504.932000,0.596929,-0.170308,0.522699,0.670931,-0.601094,0.399151,-0.170927
arm_1_right_finger,504.949000,0.596817,-0.167646,0.525002,0.670085,-0.599840,0.401250,-0.173713
arm_1_right_finger,504.965000,0.596690,-0.165141,0.527167,0.669279,-0.598651,0.403212,-0.176357
arm_1_right_finger,504.981000,0.596540,-0.162636,0.529330,0.668466,-0.597458,0.405155,-0.179015
arm_1_right_finger,504.997000,0.596369,-0.160132,0.531491,0.667645,-0.596260,0.407080,-0.181687
arm_1_right_finger,505.011000,0.596200,-0.157941,0.533382,0.666918,-0.595200,0.408758,-0.184049
arm_1_right_finger,505.027000,0.595987,-0.155440,0.535534,0.666088,-0.594002,0.410633,-0.186733
arm_1_right_finger,505.043000,0.595752,-0.152940,0.537682,0.665245,-0.592787,0.412506,-0.189452
arm_1_right_finger,505.060000,0.595478,-0.150285,0.539966,0.664338,-0.591485,0.414483,-0.192364
arm_1_right_finger,505.077000,0.595179,-0.147631,0.542247,0.663429,-0.590189,0.416422,-0.195273
arm_1_right_finger,505.092000,0.594895,-0.145289,0.544261,0.662617,-0.589034,0.418124,-0.197864
arm_1_right_finger,505.108000,0.594570,-0.142795,0.546402,0.661745,-0.587802,0.419915,-0.200634
arm_1_right_finger,505.125000,0.594200,-0.140147,0.548675,0.660808,-0.586482,0.421803,-0.203601
arm_1_right_finger,505.141000,0.593830,-0.137658,0.550809,0.659919,-0.585236,0.423558,-0.206405
arm_1_right_finger,505.157000,0.593438,-0.135171,0.552940,0.659023,-0.583986,0.425294,-0.209223
arm_1_right_finger,505.173000,0.593024,-0.132687,0.555067,0.658119,-0.582730,0.427010,-0.212054
arm_1_right_finger,505.187000,0.592643,-0.130517,0.556921,0.657319,-0.581619,0.428506,-0.214554
arm_1_right_finger,505.202000,0.592217,-0.128195,0.558907,0.656462,-0.580440,0.430072,-0.217222
arm_1_right_finger,505.216000,0.591802,-0.126027,0.560764,0.655656,-0.579335,0.431518,-0.219722
arm_1_right_finger,505.232000,0.591307,-0.123555,0.562878,0.654725,-0.578061,0.433161,-0.222602
arm_1_right_finger,505.248000,0.590790,-0.121086,0.564989,0.653787,-0.576782,0.434785,-0.225496
arm_1_right_finger,505.265000,0.590216,-0.118467,0.567228,0.652778,-0.575411,0.436495,-0.228593
arm_1_right_finger,505.281000,0.589654,-0.116007,0.569331,0.651824,-0.574121,0.438078,-0.231513
arm_1_right_finger,505.297000,0.589071,-0.113551,0.571429,0.650862,-0.572826,0.439640,-0.234446
arm_1_right_finger,505.311000,0.588543,-0.111406,0.573257,0.650011,-0.571682,0.441000,-0.237034
arm_1_right_finger,505.327000,0.587918,-0.108959,0.575347,0.649035,-0.570378,0.442524,-0.239990
arm_1_right_finger,505.342000,0.587314,-0.106669,0.577300,0.648117,-0.569158,0.443926,-0.242763
arm_1_right_finger,505.359000,0.586605,-0.104079,0.579513,0.647062,-0.567757,0.445509,-0.245937
arm_1_right_finger,505.375000,0.585918,-0.101652,0.581586,0.646066,-0.566441,0.446968,-0.248922
arm_1_right_finger,505.391000,0.585211,-0.099238,0.583647,0.645067,-0.565125,0.448402,-0.251909
arm_1_right_finger,505.406000,0.584533,-0.096990,0.585565,0.644131,-0.563900,0.449713,-0.254698
arm_1_right_finger,505.417000,0.584025,-0.095351,0.586970,-0.643441,0.562997,-0.450665,0.256747
arm_1_right_finger,505.433000,0.583275,-0.092988,0.588988,-0.642437,0.561689,-0.452025,0.259719
arm_1_right_finger,505.443000,0.582800,-0.091524,0.590235,-0.641807,0.560868,-0.452866,0.261578
arm_1_right_finger,505.452000,0.582366,-0.090214,0.591356,-0.641250,0.560149,-0.453591,0.263222
arm_1_right_finger,505.463000,0.581831,-0.088624,0.592713,-0.640555,0.559246,-0.454498,0.265264
arm_1_right_finger,505.470000,0.581488,-0.087619,0.593569,-0.640122,0.558688,-0.455048,0.266537
arm_1_right_finger,505.477000,0.581141,-0.086617,0.594430,-0.639684,0.558123,-0.455605,0.267821
arm_1_right_finger,505.486000,0.580694,-0.085341,0.595517,-0.639124,0.557402,-0.456306,0.269461
arm_1_right_finger,505.497000,0.580140,-0.083788,0.596849,-0.638438,0.556520,-0.457155,0.271463
arm_1_right_finger,505.512000,0.579378,-0.081695,0.598637,-0.637511,0.555333,-0.458278,0.274165
arm_1_right_finger,505.527000,0.578609,-0.079627,0.600403,-0.636576,0.554137,-0.459395,0.276875
arm_1_right_finger,505.541000,0.577881,-0.077719,0.602039,-0.635715,0.553041,-0.460397,0.279368
arm_1_right_finger,505.555000,0.577149,-0.075835,0.603648,-0.634854,0.551946,-0.461384,0.281853
arm_1_right_finger,505.571000,0.576304,-0.073708,0.605470,-0.633876,0.550706,-0.462480,0.284668
arm_1_right_finger,505.587000,0.575451,-0.071610,0.607265,-0.632904,0.549480,-0.463544,0.287457
arm_1_right_finger,505.603000,0.574592,-0.069541,0.609037,-0.631939,0.548266,-0.464575,0.290220
arm_1_right_finger,505.618000,0.573780,-0.067628,0.610682,-0.631038,0.547135,-0.465520,0.292791
arm_1_right_finger,505.633000,0.572965,-0.065743,0.612295,-0.630138,0.546007,-0.466446,0.295347
arm_1_right_finger,505.646000,0.572254,-0.064128,0.613681,-0.629365,0.545041,-0.467225,0.297542
arm_1_right_finger,505.661000,0.571429,-0.062289,0.615263,-0.628477,0.543936,-0.468102,0.300051
arm_1_right_finger,505.676000,0.570602,-0.060476,0.616823,-0.627586,0.542824,-0.468973,0.302560
arm_1_right_finger,505.692000,0.569717,-0.058571,0.618458,-0.626657,0.541676,-0.469846,0.305176
arm_1_right_finger,505.708000,0.568830,-0.056696,0.620069,-0.625726,0.540525,-0.470710,0.307785
arm_1_right_finger,505.718000,0.568273,-0.055538,0.621066,-0.625145,0.539806,-0.471243,0.309407
arm_1_right_finger,505.733000,0.567437,-0.053822,0.622546,-0.624286,0.538749,-0.472010,0.311806
arm_1_right_finger,505.747000,0.566656,-0.052244,0.623907,-0.623486,0.537765,-0.472713,0.314031
arm_1_right_finger,505.752000,0.566379,-0.051688,0.624381,-0.623211,0.537431,-0.472944,0.314802
arm_1_right_finger,505.763000,0.565763,-0.050468,0.625435,-0.622591,0.536671,-0.473474,0.316525
arm_1_right_finger,505.776000,0.565038,-0.049047,0.626661,-0.621854,0.535768,-0.474100,0.318559
arm_1_right_finger,505.790000,0.564256,-0.047536,0.627966,-0.621081,0.534826,-0.474732,0.320701
arm_1_right_finger,505.804000,0.563474,-0.046046,0.629253,-0.620305,0.533880,-0.475362,0.322839
arm_1_right_finger,505.820000,0.562581,-0.044370,0.630704,-0.619418,0.532801,-0.476072,0.325269
arm_1_right_finger,505.836000,0.561692,-0.042725,0.632124,-0.618553,0.531752,-0.476740,0.327645
arm_1_right_finger,505.847000,0.561080,-0.041609,0.633092,-0.617960,0.531036,-0.477189,0.329266
arm_1_right_finger,505.862000,0.560248,-0.040108,0.634393,-0.617154,0.530061,-0.477795,0.331464
arm_1_right_finger,505.876000,0.559474,-0.038730,0.635588,-0.616412,0.529167,-0.478338,0.333484
arm_1_right_finger,505.891000,0.558650,-0.037278,0.636843,-0.615634,0.528232,-0.478888,0.335608
arm_1_right_finger,505.907000,0.557770,-0.035754,0.638169,-0.614800,0.527230,-0.479474,0.337866
arm_1_right_finger,505.920000,0.557060,-0.034537,0.639225,-0.614128,0.526425,-0.479938,0.339680
arm_1_right_finger,505.934000,0.556299,-0.033246,0.640345,-0.613419,0.525578,-0.480412,0.341598
arm_1_right_finger,505.950000,0.555432,-0.031796,0.641609,-0.612608,0.524607,-0.480952,0.343779
arm_1_right_finger,505.958000,0.554999,-0.031079,0.642236,-0.612201,0.524122,-0.481221,0.344866
arm_1_right_finger,505.973000,0.554194,-0.029757,0.643388,-0.611459,0.523238,-0.481694,0.346859
arm_1_right_finger,505.988000,0.553394,-0.028457,0.644521,-0.610723,0.522363,-0.482154,0.348829
arm_1_right_finger,506.001000,0.552706,-0.027350,0.645485,-0.610101,0.521627,-0.482528,0.350498
arm_1_right_finger,506.017000,0.551863,-0.026011,0.646656,-0.609330,0.520712,-0.482995,0.352551
arm_1_right_finger,506.033000,0.551027,-0.024699,0.647804,-0.608568,0.519810,-0.483446,0.354573
arm_1_right_finger,506.050000,0.550149,-0.023334,0.648995,-0.607781,0.518883,-0.483892,0.356667
arm_1_right_finger,506.066000,0.549328,-0.022074,0.650100,-0.607047,0.518018,-0.484301,0.358612
arm_1_right_finger,506.082000,0.548515,-0.020841,0.651182,-0.606318,0.517159,-0.484705,0.360537
arm_1_right_finger,506.098000,0.547711,-0.019632,0.652242,-0.605602,0.516318,-0.485089,0.362424
arm_1_right_finger,506.114000,0.546915,-0.018449,0.653281,-0.604896,0.515491,-0.485458,0.364280
arm_1_right_finger,506.130000,0.546129,-0.017292,0.654298,-0.604202,0.514678,-0.485814,0.366102
arm_1_right_finger,506.146000,0.545352,-0.016160,0.655293,-0.603523,0.513885,-0.486152,0.367886
arm_1_right_finger,506.162000,0.544585,-0.015052,0.656268,-0.602852,0.513102,-0.486479,0.369641
arm_1_right_finger,506.179000,0.543780,-0.013902,0.657282,-0.602150,0.512283,-0.486815,0.371474
arm_1_right_finger,506.195000,0.543035,-0.012846,0.658212,-0.601501,0.511529,-0.487118,0.373163
arm_1_right_finger,506.211000,0.542296,-0.011811,0.659129,-0.600852,0.510773,-0.487425,0.374840
arm_1_right_finger,506.227000,0.541571,-0.010803,0.660020,-0.600229,0.510051,-0.487700,0.376459
arm_1_right_finger,506.244000,0.540813,-0.009758,0.660943,-0.599581,0.509300,-0.487979,0.378143
arm_1_right_finger,506.261000,0.540067,-0.008740,0.661845,-0.598941,0.508560,-0.488252,0.379797
arm_1_right_finger,506.277000,0.539379,-0.007806,0.662669,-0.598355,0.507883,-0.488494,0.381314
arm_1_right_finger,506.294000,0.538656,-0.006838,0.663533,-0.597725,0.507154,-0.488766,0.382920
arm_1_right_finger,506.311000,0.537950,-0.005897,0.664368,-0.597128,0.506466,-0.489001,0.384459
arm_1_right_finger,506.327000,0.537300,-0.005036,0.665131,-0.596582,0.505838,-0.489208,0.385867
arm_1_right_finger,506.341000,0.536739,-0.004302,0.665786,-0.596101,0.505285,-0.489398,0.387091
arm_1_right_finger,506.354000,0.536228,-0.003635,0.666379,-0.595669,0.504788,-0.489562,0.388197
arm_1_right_finger,506.370000,0.535613,-0.002836,0.667088,-0.595157,0.504202,-0.489743,0.389513
arm_1_right_finger,506.387000,0.534970,-0.002009,0.667828,-0.594607,0.503570,-0.489951,0.390906
arm_1_right_finger,506.404000,0.534345,-0.001210,0.668540,-0.594090,0.502978,-0.490128,0.392232
arm_1_right_finger,506.420000,0.533769,-0.000480,0.669193,-0.593601,0.502418,-0.490304,0.393468
arm_1_right_finger,506.437000,0.533176,0.000271,0.669860,-0.593114,0.501862,-0.490459,0.394715
arm_1_right_finger,506.453000,0.532630,0.000955,0.670474,-0.592656,0.501339,-0.490614,0.395874
arm_1_right_finger,506.470000,0.532065,0.001658,0.671105,-0.592177,0.500792,-0.490779,0.397077
arm_1_right_finger,506.486000,0.531551,0.002297,0.671673,-0.591762,0.500320,-0.490898,0.398141
arm_1_right_finger,506.500000,0.531112,0.002839,0.672159,-0.591398,0.499905,-0.491012,0.399062
arm_1_right_finger,506.514000,0.530684,0.003364,0.672630,-0.591044,0.499502,-0.491121,0.399956
arm_1_right_finger,506.527000,0.530294,0.003838,0.673059,-0.590708,0.499119,-0.491238,0.400787
arm_1_right_finger,506.541000,0.529889,0.004331,0.673502,-0.590374,0.498739,-0.491337,0.401630
arm_1_right_finger,506.557000,0.529442,0.004874,0.673986,-0.590020,0.498339,-0.491424,0.402537
arm_1_right_finger,506.571000,0.529064,0.005330,0.674395,-0.589706,0.497982,-0.491518,0.403324
arm_1_right_finger,506.586000,0.528670,0.005804,0.674820,-0.589386,0.497619,-0.491605,0.404134
arm_1_right_finger,506.602000,0.528264,0.006290,0.675257,-0.589052,0.497241,-0.491698,0.404971
arm_1_right_finger,506.617000,0.527894,0.006727,0.675656,-0.588732,0.496877,-0.491805,0.405753
arm_1_right_finger,506.633000,0.527519,0.007172,0.676057,-0.588424,0.496528,-0.491889,0.406525
arm_1_right_finger,506.649000,0.527161,0.007596,0.676438,-0.588131,0.496197,-0.491966,0.407258
arm_1_right_finger,506.666000,0.526797,0.008024,0.676825,-0.587834,0.495861,-0.492044,0.408002
arm_1_right_finger,506.682000,0.526472,0.008406,0.677169,-0.587570,0.495562,-0.492111,0.408664
arm_1_right_finger,506.699000,0.526145,0.008789,0.677514,-0.587304,0.495263,-0.492177,0.409329
arm_1_right_finger,506.708000,0.525978,0.008983,0.677690,-0.587167,0.495108,-0.492213,0.409670
arm_1_right_finger,506.719000,0.525782,0.009211,0.677896,-0.587005,0.494924,-0.492256,0.410072
arm_1_right_finger,506.735000,0.525512,0.009525,0.678179,-0.586789,0.494681,-0.492306,0.410615
arm_1_right_finger,506.752000,0.525244,0.009837,0.678459,-0.586575,0.494440,-0.492353,0.411154
arm_1_right_finger,506.767000,0.525020,0.010094,0.678694,-0.586385,0.494225,-0.492409,0.411618
arm_1_right_finger,506.783000,0.524801,0.010348,0.678922,-0.586213,0.494032,-0.492442,0.412052
arm_1_right_finger,506.799000,0.524595,0.010583,0.679137,-0.586036,0.493832,-0.492495,0.412480
arm_1_right_finger,506.815000,0.524410,0.010797,0.679329,-0.585892,0.493670,-0.492522,0.412847
arm_1_right_finger,506.832000,0.524233,0.011002,0.679511,-0.585760,0.493522,-0.492539,0.413190
arm_1_right_finger,506.849000,0.524069,0.011187,0.679683,-0.585613,0.493355,-0.492590,0.413538
arm_1_right_finger,506.866000,0.523931,0.011347,0.679823,-0.585515,0.493246,-0.492597,0.413798
arm_1_right_finger,506.883000,0.523807,0.011486,0.679954,-0.585401,0.493118,-0.492637,0.414064
arm_1_right_finger,506.899000,0.523709,0.011597,0.680055,-0.585316,0.493022,-0.492663,0.414268
arm_1_right_finger,506.915000,0.523629,0.011688,0.680138,-0.585250,0.492947,-0.492680,0.414431
arm_1_right_finger,506.932000,0.523565,0.011763,0.680203,-0.585210,0.492903,-0.492675,0.414545
arm_1_right_finger,506.948000,0.523516,0.011818,0.680254,-0.585164,0.492851,-0.492692,0.414651
arm_1_right_finger,506.964000,0.523478,0.011860,0.680293,-0.585131,0.492813,-0.492703,0.414731
arm_1_right_finger,506.980000,0.523449,0.011893,0.680324,-0.585105,0.492784,-0.492711,0.414792
arm_1_right_finger,506.997000,0.523425,0.011920,0.680349,-0.585084,0.492760,-0.492718,0.414843
arm_1_right_finger,507.014000,0.523409,0.011940,0.680362,-0.585089,0.492767,-0.492697,0.414850
arm_1_right_finger,507.030000,0.523396,0.011955,0.680377,-0.585075,0.492751,-0.492703,0.414881
arm_1_right_finger,507.046000,0.523385,0.011967,0.680388,-0.585064,0.492738,-0.492709,0.414906
arm_1_right_finger,507.061000,0.523378,0.011975,0.680396,-0.585058,0.492732,-0.492710,0.414921
arm_1_right_finger,507.077000,0.523371,0.011982,0.680403,-0.585050,0.492723,-0.492714,0.414937
arm_1_right_finger,507.094000,0.523365,0.011988,0.680409,-0.585042,0.492713,-0.492720,0.414953
arm_1_right_finger,507.110000,0.523362,0.011993,0.680413,-0.585037,0.492707,-0.492724,0.414964
arm_1_right_finger,507.126000,0.523359,0.011996,0.680416,-0.585034,0.492704,-0.492725,0.414971
arm_1_right_finger,507.142000,0.523356,0.011998,0.680419,-0.585031,0.492701,-0.492726,0.414977
arm_1_right_finger,507.159000,0.523354,0.012001,0.680421,-0.585028,0.492697,-0.492729,0.414983
arm_1_right_finger,507.176000,0.523353,0.012002,0.680423,-0.585025,0.492694,-0.492731,0.414988
arm_1_right_finger,507.192000,0.523351,0.012003,0.680424,-0.585024,0.492692,-0.492731,0.414990
arm_1_right_finger,507.206000,0.523351,0.012004,0.680425,-0.585024,0.492692,-0.492731,0.414991
arm_1_right_finger,507.221000,0.523350,0.012005,0.680425,-0.585023,0.492691,-0.492731,0.414993
arm_1_right_finger,507.238000,0.523353,0.012005,0.680420,-0.585048,0.492721,-0.492702,0.414958
arm_1_right_finger,507.255000,0.523352,0.012005,0.680422,-0.585040,0.492711,-0.492711,0.414970
arm_1_right_finger,507.270000,0.523351,0.012006,0.680423,-0.585039,0.492711,-0.492711,0.414971
arm_1_right_finger,507.284000,0.523352,0.012006,0.680422,-0.585043,0.492715,-0.492707,0.414966
arm_1_right_finger,507.300000,0.523351,0.012006,0.680423,-0.585039,0.492711,-0.492711,0.414971
arm_1_right_finger,507.317000,0.523350,0.012006,0.680424,-0.585032,0.492702,-0.492720,0.414982
arm_1_right_finger,507.333000,0.523350,0.012007,0.680425,-0.585031,0.492701,-0.492721,0.414983
arm_1_right_finger,507.348000,0.523350,0.012007,0.680425,-0.585031,0.492701,-0.492721,0.414983
arm_1_right_finger,507.364000,0.523349,0.012007,0.680426,-0.585029,0.492699,-0.492723,0.414986
arm_1_right_finger,507.381000,0.523349,0.012007,0.680426,-0.585026,0.492695,-0.492726,0.414990
arm_1_right_finger,507.397000,0.523349,0.012007,0.680427,-0.585025,0.492694,-0.492728,0.414992
arm_1_right_finger,507.413000,0.523348,0.012007,0.680427,-0.585024,0.492692,-0.492729,0.414993
arm_1_right_finger,507.430000,0.523348,0.012007,0.680427,-0.585022,0.492690,-0.492731,0.414996
arm_1_right_finger,507.447000,0.523348,0.012007,0.680427,-0.585022,0.492690,-0.492732,0.414997
arm_1_right_finger,507.463000,0.523351,0.012006,0.680422,-0.585046,0.492719,-0.492702,0.414961
arm_1_right_finger,507.478000,0.523351,0.012006,0.680422,-0.585046,0.492719,-0.492702,0.414961
arm_1_right_finger,507.494000,0.523351,0.012007,0.680423,-0.585042,0.492714,-0.492707,0.414967
arm_1_right_finger,507.510000,0.523350,0.012007,0.680424,-0.585039,0.492710,-0.492711,0.414973
arm_1_right_finger,507.526000,0.523350,0.012007,0.680424,-0.585034,0.492704,-0.492717,0.414979
arm_1_right_finger,507.540000,0.523350,0.012007,0.680424,-0.585038,0.492710,-0.492711,0.414973
arm_1_right_finger,507.555000,0.523350,0.012007,0.680424,-0.585039,0.492710,-0.492711,0.414973
arm_1_right_finger,507.571000,0.523350,0.012007,0.680424,-0.585036,0.492706,-0.492715,0.414977
arm_1_right_finger,507.588000,0.523349,0.012007,0.680425,-0.585031,0.492701,-0.492721,0.414984
arm_1_right_finger,507.604000,0.523349,0.012007,0.680426,-0.585029,0.492698,-0.492723,0.414986
arm_1_right_finger,507.620000,0.523349,0.012007,0.680426,-0.585027,0.492697,-0.492725,0.414989
arm_1_right_finger,507.637000,0.523349,0.012007,0.680427,-0.585024,0.492693,-0.492729,0.414993
arm_1_right_finger,507.653000,0.523348,0.012007,0.680427,-0.585024,0.492692,-0.492729,0.414994
arm_1_right_finger,507.669000,0.523348,0.012007,0.680427,-0.585023,0.492691,-0.492730,0.414995
arm_1_right_finger,507.685000,0.523348,0.012007,0.680427,-0.585022,0.492691,-0.492731,0.414996
arm_1_right_finger,507.702000,0.523348,0.012007,0.680427,-0.585022,0.492690,-0.492731,0.414997
arm_1_right_finger,507.719000,0.523351,0.012007,0.680423,-0.585042,0.492714,-0.492707,0.414968
arm_1_right_finger,507.735000,0.523350,0.012007,0.680423,-0.585037,0.492708,-0.492714,0.414975
arm_1_right_finger,507.751000,0.523350,0.012007,0.680424,-0.585035,0.492706,-0.492715,0.414977
arm_1_right_finger,507.767000,0.523350,0.012007,0.680425,-0.585033,0.492703,-0.492718,0.414981
arm_1_right_finger,507.782000,0.523350,0.012007,0.680425,-0.585033,0.492703,-0.492718,0.414981
arm_1_right_finger,507.799000,0.523349,0.012007,0.680426,-0.585029,0.492698,-0.492723,0.414986
arm_1_right_finger,507.816000,0.523349,0.012007,0.680426,-0.585026,0.492695,-0.492726,0.414991
arm_1_right_finger,507.831000,0.523349,0.012007,0.680426,-0.585026,0.492695,-0.492726,0.414991
arm_1_right_finger,507.848000,0.523348,0.012007,0.680427,-0.585023,0.492692,-0.492730,0.414994
arm_1_right_finger,507.865000,0.523348,0.012007,0.680427,-0.585022,0.492690,-0.492731,0.414996
arm_1_right_finger,507.882000,0.523348,0.012007,0.680427,-0.585022,0.492690,-0.492731,0.414997
arm_1_right_finger,507.899000,0.523351,0.012007,0.680423,-0.585042,0.492714,-0.492707,0.414968
arm_1_right_finger,507.915000,0.523350,0.012007,0.680424,-0.585039,0.492710,-0.492711,0.414973
arm_1_right_finger,507.932000,0.523350,0.012007,0.680425,-0.585033,0.492703,-0.492718,0.414981
arm_1_right_finger,507.949000,0.523349,0.012007,0.680426,-0.585028,0.492697,-0.492724,0.414988
arm_1_right_finger,507.960000,0.523350,0.012007,0.680424,-0.585038,0.492710,-0.492711,0.414973
arm_1_right_finger,507.968000,0.523348,0.012007,0.680427,-0.585024,0.492692,-0.492729,0.414994
arm_1_right_finger,507.984000,0.523348,0.012007,0.680427,-0.585023,0.492691,-0.492730,0.414995
arm_1_right_finger,508.000000,0.523348,0.012007,0.680427,-0.585022,0.492691,-0.492731,0.414996
arm_1_right_finger,508.013000,0.523348,0.012007,0.680427,-0.585024,0.492692,-0.492729,0.414994
arm_1_right_finger,508.026000,0.523349,0.012007,0.680426,-0.585026,0.492695,-0.492726,0.414991
arm_1_right_finger,508.038000,0.523349,0.012007,0.680425,-0.585031,0.492701,-0.492721,0.414984
arm_1_right_finger,508.049000,0.523351,0.012007,0.680423,-0.585040,0.492712,-0.492710,0.414971
arm_1_right_finger,508.065000,0.523350,0.012007,0.680424,-0.585038,0.492710,-0.492711,0.414973
arm_1_right_finger,508.081000,0.523350,0.012007,0.680424,-0.585036,0.492706,-0.492715,0.414977
arm_1_right_finger,508.094000,0.523351,0.012007,0.680423,-0.585042,0.492714,-0.492707,0.414968
arm_1_right_finger,508.100000,0.523349,0.012007,0.680426,-0.585027,0.492697,-0.492725,0.414989
arm_1_right_finger,508.116000,0.523349,0.012007,0.680426,-0.585026,0.492695,-0.492726,0.414991
arm_1_right_finger,508.132000,0.523348,0.012007,0.680427,-0.585025,0.492694,-0.492728,0.414992
arm_1_right_finger,508.147000,0.523348,0.012007,0.680427,-0.585025,0.492694,-0.492728,0.414992
arm_1_right_finger,508.162000,0.523349,0.012007,0.680427,-0.585024,0.492693,-0.492729,0.414993
arm_1_right_finger,508.177000,0.523348,0.012007,0.680427,-0.585025,0.492693,-0.492728,0.414992
arm_1_right_finger,508.193000,0.523348,0.012007,0.680427,-0.585024,0.492692,-0.492729,0.414994
arm_1_right_finger,508.208000,0.523348,0.012007,0.680427,-0.585024,0.492692,-0.492729,0.414994
arm_1_right_finger,508.224000,0.523348,0.012007,0.680427,-0.585023,0.492691,-0.492730,0.414995
arm_1_right_finger,508.241000,0.523348,0.012007,0.680427,-0.585022,0.492690,-0.492731,0.414997
arm_1_right_finger,508.258000,0.523352,0.012006,0.680422,-0.585044,0.492716,-0.492705,0.414965
arm_1_right_finger,508.275000,0.523350,0.012007,0.680424,-0.585038,0.492710,-0.492711,0.414973
arm_1_right_finger,508.291000,0.523350,0.012007,0.680424,-0.585036,0.492706,-0.492715,0.414977
arm_1_right_finger,508.307000,0.523350,0.012007,0.680425,-0.585033,0.492703,-0.492718,0.414981
arm_1_right_finger,508.324000,0.523349,0.012007,0.680426,-0.585029,0.492698,-0.492723,0.414986
arm_1_right_finger,508.339000,0.523349,0.012007,0.680426,-0.585029,0.492698,-0.492723,0.414986
arm_1_right_finger,508.352000,0.523350,0.012007,0.680425,-0.585033,0.492703,-0.492718,0.414981
arm_1_right_finger,508.368000,0.523349,0.012007,0.680425,-0.585029,0.492699,-0.492722,0.414985
arm_1_right_finger,508.383000,0.523349,0.012007,0.680425,-0.585031,0.492701,-0.492721,0.414984
arm_1_right_finger,508.396000,0.523350,0.012007,0.680424,-0.585036,0.492706,-0.492715,0.414977
arm_1_right_finger,508.410000,0.523350,0.012007,0.680424,-0.585039,0.492710,-0.492711,0.414973
arm_1_right_finger,508.425000,0.523350,0.012007,0.680424,-0.585039,0.492710,-0.492711,0.414973
arm_1_right_finger,508.440000,0.523350,0.012007,0.680424,-0.585039,0.492710,-0.492711,0.414973
arm_1_right_finger,508.455000,0.523350,0.012007,0.680424,-0.585039,0.492710,-0.492711,0.414973
arm_1_right_finger,508.470000,0.523350,0.012007,0.680423,-0.585037,0.492708,-0.492714,0.414975
arm_1_right_finger,508.486000,0.523350,0.012007,0.680424,-0.585035,0.492706,-0.492715,0.414977
arm_1_right_finger,508.501000,0.523350,0.012007,0.680424,-0.585036,0.492706,-0.492715,0.414977
arm_1_right_finger,508.516000,0.523350,0.012007,0.680424,-0.585036,0.492706,-0.492715,0.414977
arm_1_right_finger,508.532000,0.523350,0.012007,0.680425,-0.585033,0.492703,-0.492718,0.414981
arm_1_right_finger,508.548000,0.523349,0.012007,0.680425,-0.585031,0.492701,-0.492721,0.414984
arm_1_right_finger,508.564000,0.523349,0.012007,0.680426,-0.585029,0.492698,-0.492723,0.414986
arm_1_right_finger,508.580000,0.523349,0.012007,0.680426,-0.585026,0.492695,-0.492726,0.414990
arm_1_right_finger,508.596000,0.523349,0.012007,0.680426,-0.585026,0.492695,-0.492726,0.414991
arm_1_right_finger,508.612000,0.523348,0.012007,0.680427,-0.585025,0.492694,-0.492728,0.414992
arm_1_right_finger,508.628000,0.523348,0.012007,0.680427,-0.585024,0.492692,-0.492729,0.414994
arm_1_right_finger,508.643000,0.523348,0.012007,0.680427,-0.585024,0.492692,-0.492729,0.414994
arm_1_right_finger,508.658000,0.523348,0.012007,0.680427,-0.585024,0.492692,-0.492729,0.414994
arm_1_right_finger,508.674000,0.523348,0.012007,0.680427,-0.585023,0.492691,-0.492730,0.414995
arm_1_right_finger,508.690000,0.523348,0.012007,0.680427,-0.585022,0.492690,-0.492731,0.414996
arm_1_right_finger,508.706000,0.523348,0.012007,0.680427,-0.585022,0.492690,-0.492732,0.414997
arm_1_right_finger,508.722000,0.523348,0.012007,0.680427,-0.585022,0.492690,-0.492731,0.414997
arm_1_right_finger,508.738000,0.523351,0.012006,0.680422,-0.585046,0.492719,-0.492702,0.414962
arm_1_right_finger,508.755000,0.523350,0.012007,0.680424,-0.585039,0.492710,-0.492711,0.414973
arm_1_right_finger,508.771000,0.523350,0.012007,0.680424,-0.585036,0.492706,-0.492715,0.414977
arm_1_right_finger,508.788000,0.523349,0.012007,0.680425,-0.585029,0.492699,-0.492722,0.414985
arm_1_right_finger,508.804000,0.523349,0.012007,0.680426,-0.585029,0.492698,-0.492723,0.414987
arm_1_right_finger,508.821000,0.523349,0.012007,0.680426,-0.585026,0.492695,-0.492726,0.414991
arm_1_right_finger,508.838000,0.523348,0.012007,0.680427,-0.585024,0.492692,-0.492729,0.414994
arm_1_right_finger,508.853000,0.523348,0.012007,0.680427,-0.585024,0.492692,-0.492729,0.414994
arm_1_right_finger,508.867000,0.523348,0.012007,0.680427,-0.585025,0.492694,-0.492728,0.414992
arm_1_right_finger,508.881000,0.523349,0.012007,0.680426,-0.585026,0.492695,-0.492726,0.414991
arm_1_right_finger,508.896000,0.523349,0.012007,0.680426,-0.585025,0.492694,-0.492727,0.414992
arm_1_right_finger,508.912000,0.523348,0.012007,0.680427,-0.585025,0.492693,-0.492728,0.414992
arm_1_right_finger,508.928000,0.523348,0.012007,0.680427,-0.585024,0.492692,-0.492729,0.414994
arm_1_right_finger,508.945000,0.523348,0.012007,0.680427,-0.585022,0.492691,-0.492731,0.414996
arm_1_right_finger,508.959000,0.523348,0.012007,0.680427,-0.585023,0.492691,-0.492730,0.414995
arm_1_right_finger,508.975000,0.523348,0.012007,0.680427,-0.585022,0.492691,-0.492731,0.414996
arm_1_right_finger,508.991000,0.523348,0.012007,0.680427,-0.585022,0.492690,-0.492731,0.414997
arm_1_right_finger,509.008000,0.523351,0.012006,0.680422,-0.585046,0.492719,-0.492702,0.414962
arm_1_right_finger,509.024000,0.523351,0.012007,0.680423,-0.585042,0.492714,-0.492707,0.414968
arm_1_right_finger,509.040000,0.523350,0.012007,0.680424,-0.585039,0.492710,-0.492711,0.414973
arm_1_right_finger,509.054000,0.523351,0.012007,0.680423,-0.585042,0.492714,-0.492707,0.414968
arm_1_right_finger,509.069000,0.523351,0.012007,0.680423,-0.585042,0.492714,-0.492707,0.414968
arm_1_right_finger,509.086000,0.523350,0.012007,0.680424,-0.585036,0.492706,-0.492715,0.414977
arm_1_right_finger,509.103000,0.523349,0.012007,0.680425,-0.585029,0.492699,-0.492722,0.414985
arm_1_right_finger,509.120000,0.523349,0.012007,0.680426,-0.585027,0.492696,-0.492725,0.414989
arm_1_right_finger,509.136000,0.523349,0.012007,0.680426,-0.585026,0.492695,-0.492726,0.414991
arm_1_right_finger,509.149000,0.523349,0.012007,0.680426,-0.585029,0.492698,-0.492723,0.414986
arm_1_right_finger,509.158000,0.523351,0.012006,0.680422,-0.585046,0.492719,-0.492702,0.414962
arm_1_right_finger,509.172000,0.523348,0.012007,0.680427,-0.585022,0.492690,-0.492731,0.414997
arm_1_right_finger,509.188000,0.523351,0.012006,0.680422,-0.585046,0.492719,-0.492702,0.414962
arm_1_right_finger,509.203000,0.523352,0.012006,0.680422,-0.585044,0.492716,-0.492705,0.414965
arm_1_right_finger,509.216000,0.523348,0.012007,0.680427,-0.585021,0.492689,-0.492732,0.414997
arm_1_right_finger,509.226000,0.523349,0.012007,0.680426,-0.585026,0.492695,-0.492726,0.414991
arm_1_right_finger,509.235000,0.523350,0.012007,0.680424,-0.585039,0.492710,-0.492711,0.414973
arm_1_right_finger,509.245000,0.523348,0.012007,0.680427,-0.585022,0.492691,-0.492731,0.414996
arm_1_right_finger,509.259000,0.523348,0.012007,0.680427,-0.585023,0.492691,-0.492730,0.414995
arm_1_right_finger,509.275000,0.523348,0.012007,0.680427,-0.585022,0.492691,-0.492731,0.414996
arm_1_right_finger,509.291000,0.523348,0.012007,0.680427,-0.585022,0.492690,-0.492731,0.414997
arm_1_right_finger,509.307000,0.523348,0.012007,0.680427,-0.585022,0.492690,-0.492731,0.414997
arm_1_right_finger,509.322000,0.523348,0.012007,0.680427,-0.585021,0.492689,-0.492732,0.414997
arm_1_right_finger,509.339000,0.523351,0.012007,0.680423,-0.585042,0.492714,-0.492707,0.414968
arm_1_right_finger,509.355000,0.523350,0.012007,0.680424,-0.585039,0.492710,-0.492711,0.414973
arm_1_right_finger,509.370000,0.523350,0.012007,0.680424,-0.585039,0.492710,-0.492711,0.414973
arm_1_right_finger,509.385000,0.523350,0.012007,0.680424,-0.585039,0.492710,-0.492711,0.414973
arm_1_right_finger,509.399000,0.523351,0.012007,0.680423,-0.585042,0.492714,-0.492707,0.414968
arm_1_right_finger,509.415000,0.523350,0.012007,0.680423,-0.585037,0.492708,-0.492714,0.414975
arm_1_right_finger,509.430000,0.523350,0.012007,0.680424,-0.585038,0.492710,-0.492711,0.414973
arm_1_right_finger,509.444000,0.523351,0.012007,0.680423,-0.585042,0.492714,-0.492707,0.414968
arm_1_right_finger,509.459000,0.523351,0.012007,0.680423,-0.585042,0.492714,-0.492707,0.414968
arm_1_right_finger,509.474000,0.523351,0.012007,0.680423,-0.585042,0.492714,-0.492707,0.414968
arm_1_right_finger,509.490000,0.523350,0.012007,0.680424,-0.585039,0.492710,-0.492711,0.414973
arm_1_right_finger,509.506000,0.523350,0.012007,0.680424,-0.585036,0.492706,-0.492715,0.414977
arm_1_right_finger,509.520000,0.523350,0.012007,0.680423,-0.585037,0.492708,-0.492714,0.414975
arm_1_right_finger,509.534000,0.523351,0.012007,0.680423,-0.585042,0.492714,-0.492707,0.414968
arm_1_right_finger,509.550000,0.523350,0.012007,0.680424,-0.585039,0.492710,-0.492711,0.414973
arm_1_right_finger,509.566000,0.523350,0.012007,0.680424,-0.585036,0.492706,-0.492715,0.414977
arm_1_right_finger,509.582000,0.523350,0.012007,0.680425,-0.585033,0.492703,-0.492718,0.414981
arm_1_right_finger,509.598000,0.523349,0.012007,0.680425,-0.585031,0.492701,-0.492721,0.414984
arm_1_right_finger,509.613000,0.523349,0.012007,0.680425,-0.585031,0.492701,-0.492721,0.414984
arm_1_right_finger,509.628000,0.523349,0.012007,0.680425,-0.585029,0.492699,-0.492722,0.414985
arm_1_right_finger,509.644000,0.523349,0.012007,0.680426,-0.585029,0.492698,-0.492723,0.414987
arm_1_right_finger,509.660000,0.523349,0.012007,0.680426,-0.585027,0.492696,-0.492725,0.414989
arm_1_right_finger,509.676000,0.523349,0.012007,0.680426,-0.585026,0.492695,-0.492726,0.414991
arm_1_right_finger,509.692000,0.523348,0.012007,0.680427,-0.585025,0.492694,-0.492728,0.414992
arm_1_right_finger,509.707000,0.523348,0.012007,0.680427,-0.585025,0.492694,-0.492728,0.414992
arm_1_right_finger,509.721000,0.523349,0.012007,0.680426,-0.585026,0.492695,-0.492726,0.414991
arm_1_right_finger,509.734000,0.523349,0.012007,0.680426,-0.585028,0.492697,-0.492724,0.414988
arm_1_right_finger,509.747000,0.523350,0.012007,0.680425,-0.585033,0.492703,-0.492718,0.414981
arm_1_right_finger,509.761000,0.523350,0.012007,0.680424,-0.585036,0.492706,-0.492715,0.414977
arm_1_right_finger,509.776000,0.523350,0.012007,0.680424,-0.585036,0.492706,-0.492715,0.414977
arm_1_right_finger,509.791000,0.523350,0.012007,0.680424,-0.585036,0.492706,-0.492715,0.414977
arm_1_right_finger,509.806000,0.523350,0.012007,0.680424,-0.585036,0.492706,-0.492715,0.414977
arm_1_right_finger,509.822000,0.523350,0.012007,0.680425,-0.585033,0.492703,-0.492718,0.414981
arm_1_right_finger,509.837000,0.523350,0.012007,0.680425,-0.585031,0.492702,-0.492720,0.414983
arm_1_right_finger,509.852000,0.523350,0.012007,0.680425,-0.585033,0.492703,-0.492718,0.414981
arm_1_right_finger,509.867000,0.523350,0.012007,0.680425,-0.585033,0.492703,-0.492718,0.414981
arm_1_right_finger,509.882000,0.523350,0.012007,0.680425,-0.585033,0.492703,-0.492718,0.414981
arm_1_right_finger,509.897000,0.523350,0.012007,0.680425,-0.585033,0.492703,-0.492718,0.414981
arm_1_right_finger,509.912000,0.523350,0.012007,0.680425,-0.585033,0.492703,-0.492718,0.414981
arm_1_right_finger,509.928000,0.523349,0.012007,0.680425,-0.585031,0.492701,-0.492721,0.414984
arm_1_right_finger,509.944000,0.523349,0.012007,0.680426,-0.585028,0.492697,-0.492724,0.414988
arm_1_right_finger,509.960000,0.523349,0.012007,0.680426,-0.585027,0.492696,-0.492725,0.414989
arm_1_right_finger,509.976000,0.523349,0.012007,0.680426,-0.585026,0.492695,-0.492726,0.414991
arm_1_right_finger,509.991000,0.523349,0.012007,0.680426,-0.585026,0.492695,-0.492726,0.414991
arm_1_right_finger,510.006000,0.523349,0.012007,0.680426,-0.585026,0.492695,-0.492726,0.414991
arm_1_right_finger,510.020000,0.523349,0.012007,0.680426,-0.585027,0.492697,-0.492725,0.414989
arm_1_right_finger,510.036000,0.523349,0.012007,0.680426,-0.585026,0.492695,-0.492726,0.414991
arm_1_right_finger,510.052000,0.523349,0.012007,0.680427,-0.585024,0.492693,-0.492729,0.414993
arm_1_right_finger,510.069000,0.523348,0.012007,0.680427,-0.585023,0.492691,-0.492730,0.414995
arm_1_right_finger,510.085000,0.523348,0.012007,0.680427,-0.585022,0.492691,-0.492731,0.414996
arm_1_right_finger,510.100000,0.523348,0.012007,0.680427,-0.585022,0.492691,-0.492731,0.414996
arm_1_right_finger,510.117000,0.523348,0.012007,0.680427,-0.585022,0.492690,-0.492731,0.414997
arm_1_right_finger,510.132000,0.523348,0.012007,0.680427,-0.585022,0.492690,-0.492731,0.414997
arm_1_right_finger,510.147000,0.523348,0.012007,0.680427,-0.585022,0.492690,-0.492731,0.414997
arm_1_right_finger,510.162000,0.523348,0.012007,0.680427,-0.585021,0.492689,-0.492732,0.414997
arm_1_right_finger,510.174000,0.523348,0.012007,0.680427,-0.585023,0.492691,-0.492730,0.414995
arm_1_right_finger,510.188000,0.523348,0.012007,0.680427,-0.585024,0.492692,-0.492729,0.414994
arm_1_right_finger,510.204000,0.523348,0.012007,0.680427,-0.585023,0.492691,-0.492730,0.414995
arm_1_right_finger,510.221000,0.523348,0.012007,0.680427,-0.585022,0.492690,-0.492731,0.414997
arm_1_right_finger,510.237000,0.523348,0.012007,0.680427,-0.585022,0.492690,-0.492731,0.414997
arm_1_right_finger,510.254000,0.523351,0.012007,0.680423,-0.585040,0.492712,-0.492710,0.414971
arm_1_right_finger,510.269000,0.523351,0.012007,0.680423,-0.585042,0.492714,-0.492707,0.414968
arm_1_right_finger,510.285000,0.523350,0.012007,0.680424,-0.585039,0.492710,-0.492711,0.414973
arm_1_right_finger,510.301000,0.523350,0.012007,0.680424,-0.585036,0.492706,-0.492715,0.414977
arm_1_right_finger,510.317000,0.523350,0.012007,0.680425,-0.585033,0.492703,-0.492718,0.414981
arm_1_right_finger,510.333000,0.523349,0.012007,0.680425,-0.585031,0.492701,-0.492721,0.414984
arm_1_right_finger,510.349000,0.523349,0.012007,0.680426,-0.585029,0.492698,-0.492723,0.414986
arm_1_right_finger,510.365000,0.523349,0.012007,0.680426,-0.585026,0.492695,-0.492726,0.414990
arm_1_right_finger,510.380000,0.523349,0.012007,0.680426,-0.585027,0.492696,-0.492725,0.414989
arm_1_right_finger,510.395000,0.523349,0.012007,0.680426,-0.585027,0.492696,-0.492725,0.414989
arm_1_right_finger,510.411000,0.523349,0.012007,0.680426,-0.585026,0.492695,-0.492726,0.414991
arm_1_right_finger,510.427000,0.523348,0.012007,0.680427,-0.585025,0.492694,-0.492728,0.414992
arm_1_right_finger,510.443000,0.523348,0.012007,0.680427,-0.585024,0.492692,-0.492729,0.414994
arm_1_right_finger,510.458000,0.523348,0.012007,0.680427,-0.585024,0.492692,-0.492729,0.414994
arm_1_right_finger,510.474000,0.523348,0.012007,0.680427,-0.585022,0.492691,-0.492730,0.414995
arm_1_right_finger,510.489000,0.523348,0.012007,0.680427,-0.585023,0.492691,-0.492730,0.414995
arm_1_right_finger,510.504000,0.523348,0.012007,0.680427,-0.585023,0.492691,-0.492730,0.414995
arm_1_right_finger,510.519000,0.523348,0.012007,0.680427,-0.585023,0.492691,-0.492730,0.414995
arm_1_right_finger,510.535000,0.523348,0.012007,0.680427,-0.585022,0.492691,-0.492731,0.414996
arm_1_right_finger,510.552000,0.523348,0.012007,0.680427,-0.585022,0.492690,-0.492731,0.414997
arm_1_right_finger,510.568000,0.523352,0.012006,0.680422,-0.585044,0.492716,-0.492705,0.414965
arm_1_right_finger,510.584000,0.523351,0.012007,0.680423,-0.585042,0.492714,-0.492707,0.414968
arm_1_right_finger,510.599000,0.523351,0.012007,0.680423,-0.585042,0.492714,-0.492707,0.414968
arm_1_right_finger,510.614000,0.523351,0.012007,0.680423,-0.585042,0.492714,-0.492707,0.414968
arm_1_right_finger,510.626000,0.523348,0.012007,0.680427,-0.585022,0.492690,-0.492731,0.414997
arm_1_right_finger,510.641000,0.523348,0.012007,0.680427,-0.585022,0.492690,-0.492731,0.414997
arm_1_right_finger,510.656000,0.523348,0.012007,0.680427,-0.585022,0.492690,-0.492731,0.414997
arm_1_right_finger,510.672000,0.523348,0.012007,0.680427,-0.585022,0.492690,-0.492731,0.414997
arm_1_right_finger,510.687000,0.523348,0.012007,0.680427,-0.585021,0.492689,-0.492732,0.414997
arm_1_right_finger,510.702000,0.523348,0.012007,0.680427,-0.585022,0.492690,-0.492732,0.414997
arm_1_right_finger,510.717000,0.523348,0.012007,0.680427,-0.585022,0.492690,-0.492731,0.414997
arm_1_right_finger,510.733000,0.523351,0.012006,0.680422,-0.585046,0.492719,-0.492702,0.414962
arm_1_right_finger,510.748000,0.523351,0.012006,0.680422,-0.585046,0.492719,-0.492702,0.414962
arm_1_right_finger,510.765000,0.523350,0.012007,0.680424,-0.585039,0.492710,-0.492711,0.414973
arm_1_right_finger,510.781000,0.523350,0.012007,0.680424,-0.585034,0.492704,-0.492717,0.414979
arm_1_right_finger,510.797000,0.523350,0.012007,0.680425,-0.585033,0.492703,-0.492718,0.414981
arm_1_right_finger,510.802000,0.523348,0.012007,0.680427,-0.585025,0.492693,-0.492728,0.414992
arm_1_right_finger,510.815000,0.523349,0.012007,0.680426,-0.585027,0.492696,-0.492725,0.414989
arm_1_right_finger,510.831000,0.523349,0.012007,0.680426,-0.585026,0.492695,-0.492726,0.414991
arm_1_right_finger,510.846000,0.523349,0.012007,0.680426,-0.585026,0.492695,-0.492726,0.414991
arm_1_right_finger,510.861000,0.523349,0.012007,0.680426,-0.585026,0.492695,-0.492726,0.414991
arm_1_right_finger,510.876000,0.523349,0.012007,0.680426,-0.585026,0.492695,-0.492726,0.414991
arm_1_right_finger,510.892000,0.523349,0.012007,0.680427,-0.585024,0.492693,-0.492729,0.414993
arm_1_right_finger,510.908000,0.523348,0.012007,0.680427,-0.585024,0.492692,-0.492729,0.414994
arm_1_right_finger,510.924000,0.523348,0.012007,0.680427,-0.585023,0.492691,-0.492730,0.414995
arm_1_right_finger,510.940000,0.523348,0.012007,0.680427,-0.585022,0.492691,-0.492731,0.414996
arm_1_right_finger,510.956000,0.523348,0.012007,0.680427,-0.585022,0.492690,-0.492731,0.414997
arm_1_right_finger,510.966000,0.523349,0.012007,0.680426,-0.585026,0.492695,-0.492726,0.414991
arm_1_right_finger,510.975000,0.523350,0.012007,0.680424,-0.585039,0.492710,-0.492711,0.414973
arm_1_right_finger,510.987000,0.523348,0.012007,0.680427,-0.585022,0.492690,-0.492731,0.414997
arm_1_right_finger,510.996000,0.523349,0.012007,0.680426,-0.585025,0.492694,-0.492727,0.414992
arm_1_right_finger,511.009000,0.523349,0.012007,0.680426,-0.585029,0.492698,-0.492723,0.414987
arm_1_right_finger,511.022000,0.523350,0.012007,0.680425,-0.585033,0.492703,-0.492718,0.414981
arm_1_right_finger,511.033000,0.523351,0.012006,0.680422,-0.585046,0.492719,-0.492702,0.414962
arm_1_right_finger,511.043000,0.523348,0.012007,0.680427,-0.585024,0.492692,-0.492729,0.414994
arm_1_right_finger,511.058000,0.523348,0.012007,0.680427,-0.585024,0.492692,-0.492729,0.414994
arm_1_right_finger,511.074000,0.523348,0.012007,0.680427,-0.585023,0.492691,-0.492730,0.414995
arm_1_right_finger,511.091000,0.523348,0.012007,0.680427,-0.585022,0.492690,-0.492731,0.414997
arm_1_right_finger,511.106000,0.523348,0.012007,0.680427,-0.585021,0.492689,-0.492732,0.414997
arm_1_right_finger,511.122000,0.523348,0.012007,0.680427,-0.585022,0.492690,-0.492732,0.414997
arm_1_right_finger,511.138000,0.523351,0.012006,0.680422,-0.585046,0.492719,-0.492702,0.414962
arm_1_right_finger,511.153000,0.523351,0.012006,0.680422,-0.585046,0.492719,-0.492702,0.414962
arm_1_right_finger,511.169000,0.523351,0.012007,0.680423,-0.585042,0.492714,-0.492707,0.414968
arm_1_right_finger,511.185000,0.523350,0.012007,0.680424,-0.585039,0.492710,-0.492711,0.414973
arm_1_right_finger,511.202000,0.523350,0.012007,0.680425,-0.585031,0.492702,-0.492720,0.414983
arm_1_right_finger,511.218000,0.523349,0.012007,0.680425,-0.585031,0.492701,-0.492721,0.414984
arm_1_right_finger,511.233000,0.523349,0.012007,0.680425,-0.585031,0.492701,-0.492721,0.414984
arm_1_right_finger,511.250000,0.523349,0.012007,0.680426,-0.585027,0.492697,-0.492725,0.414989
arm_1_right_finger,511.267000,0.523348,0.012007,0.680427,-0.585025,0.492694,-0.492728,0.414992
arm_1_right_finger,511.282000,0.523348,0.012007,0.680427,-0.585025,0.492694,-0.492728,0.414992
arm_1_right_finger,511.296000,0.523349,0.012007,0.680426,-0.585026,0.492695,-0.492726,0.414991
arm_1_right_finger,511.311000,0.523349,0.012007,0.680426,-0.585025,0.492694,-0.492727,0.414992
arm_1_right_finger,511.327000,0.523348,0.012007,0.680427,-0.585025,0.492693,-0.492728,0.414992
arm_1_right_finger,511.344000,0.523348,0.012007,0.680427,-0.585023,0.492691,-0.492730,0.414995
arm_1_right_finger,511.360000,0.523348,0.012007,0.680427,-0.585022,0.492691,-0.492731,0.414996
arm_1_right_finger,511.376000,0.523348,0.012007,0.680427,-0.585022,0.492690,-0.492731,0.414997
arm_1_right_finger,511.392000,0.523348,0.012007,0.680427,-0.585022,0.492690,-0.492731,0.414997
arm_1_right_finger,511.408000,0.523352,0.012006,0.680422,-0.585044,0.492716,-0.492705,0.414965
arm_1_right_finger,511.425000,0.523350,0.012007,0.680424,-0.585038,0.492710,-0.492711,0.414973
