entity,sim_t,x,y,z,qx,qy,qz,qw
arm_1,180.235000,0.000000,-0.350000,0.600000,0.000000,0.000000,0.707107,0.707107
arm_1,180.249000,0.000000,-0.350000,0.600000,0.000000,0.000000,0.707107,0.707107
arm_1,180.264000,0.000000,-0.350000,0.600000,0.000000,0.000000,0.707107,0.707107
arm_1,180.281000,0.000000,-0.350000,0.600000,0.000000,0.000000,0.707107,0.707107
arm_1,180.297000,0.000000,-0.350000,0.600000,0.000000,0.000000,0.707107,0.707107
arm_1,180.311000,0.000000,-0.350000,0.600000,0.000000,0.000000,0.707107,0.707107
arm_1,180.326000,0.000000,-0.350000,0.600000,0.000000,0.000000,0.707107,0.707107
arm_1,180.341000,0.000000,-0.350000,0.600000,0.000000,0.000000,0.707107,0.707107
arm_1,180.357000,0.000000,-0.350000,0.600000,0.000000,0.000000,0.707107,0.707107
arm_1,180.373000,0.000000,-0.350000,0.600000,0.000000,0.000000,0.707107,0.707107
arm_1,180.389000,0.000000,-0.350000,0.600000,0.000000,0.000000,0.707107,0.707107
arm_1,180.405000,0.000000,-0.350000,0.600000,0.000000,0.000000,0.707107,0.707107
arm_1,180.422000,0.000000,-0.350000,0.600000,0.000000,0.000000,0.707107,0.707107
arm_1,180.439000,0.000000,-0.350000,0.600000,0.000000,0.000000,0.707107,0.707107
arm_1,180.456000,0.000000,-0.350000,0.600000,0.000000,0.000000,0.707107,0.707107
arm_1,180.473000,0.000000,-0.350000,0.600000,0.000000,0.000000,0.707107,0.707107
arm_1,180.490000,0.000000,-0.350000,0.600000,0.000000,0.000000,0.707107,0.707107
arm_1,180.507000,0.000000,-0.350000,0.600000,0.000000,0.000000,0.707107,0.707107
arm_1,180.524000,0.000000,-0.350000,0.600000,0.000000,0.000000,0.707107,0.707107
arm_1,180.541000,0.000000,-0.350000,0.600000,0.000000,0.000000,0.707107,0.707107
arm_1,180.559000,0.000000,-0.350000,0.600000,0.000000,0.000000,0.707107,0.707107
arm_1,180.576000,0.000000,-0.350000,0.600000,0.000000,0.000000,0.707107,0.707107
arm_1,180.593000,0.000000,-0.350000,0.600000,0.000000,0.000000,0.707107,0.707107
arm_1,180.609000,0.000000,-0.350000,0.600000,0.000000,0.000000,0.707107,0.707107
arm_1,180.625000,0.000000,-0.350000,0.600000,0.000000,0.000000,0.707107,0.707107
arm_1,180.642000,0.000000,-0.350000,0.600000,0.000000,0.000000,0.707107,0.707107
arm_1,180.659000,0.000000,-0.350000,0.600000,0.000000,0.000000,0.707107,0.707107
arm_1,180.676000,0.000000,-0.350000,0.600000,0.000000,0.000000,0.707107,0.707107
arm_1,180.693000,0.000000,-0.350000,0.600000,0.000000,0.000000,0.707107,0.707107
arm_1,180.710000,0.000000,-0.350000,0.600000,0.000000,0.000000,0.707107,0.707107
arm_1,180.727000,0.000000,-0.350000,0.600000,0.000000,0.000000,0.707107,0.707107
arm_1,180.744000,0.000000,-0.350000,0.600000,0.000000,0.000000,0.707107,0.707107
arm_1,180.762000,0.000000,-0.350000,0.600000,0.000000,0.000000,0.707107,0.707107
arm_1,180.780000,0.000000,-0.350000,0.600000,0.000000,0.000000,0.707107,0.707107
arm_1,180.797000,0.000000,-0.350000,0.600000,0.000000,0.000000,0.707107,0.707107
arm_1,180.814000,0.000000,-0.350000,0.600000,0.000000,0.000000,0.707107,0.707107
arm_1,180.831000,0.000000,-0.350000,0.600000,0.000000,0.000000,0.707107,0.707107
arm_1,180.844000,0.000000,-0.350000,0.600000,0.000000,0.000000,0.707107,0.707107
arm_1,180.860000,0.000000,-0.350000,0.600000,0.000000,0.000000,0.707107,0.707107
arm_1,180.877000,0.000000,-0.350000,0.600000,0.000000,0.000000,0.707107,0.707107
arm_1,180.895000,0.000000,-0.350000,0.600000,0.000000,0.000000,0.707107,0.707107
arm_1,180.912000,0.000000,-0.350000,0.600000,0.000000,0.000000,0.707107,0.707107
arm_1,180.929000,0.000000,-0.350000,0.600000,0.000000,0.000000,0.707107,0.707107
arm_1,180.946000,0.000000,-0.350000,0.600000,0.000000,0.000000,0.707107,0.707107
arm_1,180.963000,0.000000,-0.350000,0.600000,0.000000,0.000000,0.707107,0.707107
arm_1,180.981000,0.000000,-0.350000,0.600000,0.000000,0.000000,0.707107,0.707107
arm_1,180.999000,0.000000,-0.350000,0.600000,0.000000,0.000000,0.707107,0.707107
arm_1,181.016000,0.000000,-0.350000,0.600000,0.000000,0.000000,0.707107,0.707107
arm_1,181.033000,0.000000,-0.350000,0.600000,0.000000,0.000000,0.707107,0.707107
arm_1,181.050000,0.000000,-0.350000,0.600000,0.000000,0.000000,0.707107,0.707107
arm_1,181.067000,0.000000,-0.350000,0.600000,0.000000,0.000000,0.707107,0.707107
arm_1,181.084000,0.000000,-0.350000,0.600000,0.000000,0.000000,0.707107,0.707107
arm_1,181.099000,0.000000,-0.350000,0.600000,0.000000,0.000000,0.707107,0.707107
arm_1,181.115000,0.000000,-0.350000,0.600000,0.000000,0.000000,0.707107,0.707107
arm_1,181.132000,0.000000,-0.350000,0.600000,0.000000,0.000000,0.707107,0.707107
arm_1,181.148000,0.000000,-0.350000,0.600000,0.000000,0.000000,0.707107,0.707107
arm_1,181.164000,0.000000,-0.350000,0.600000,0.000000,0.000000,0.707107,0.707107
arm_1,181.181000,0.000000,-0.350000,0.600000,0.000000,0.000000,0.707107,0.707107
arm_1,181.198000,0.000000,-0.350000,0.600000,0.000000,0.000000,0.707107,0.707107
arm_1,181.215000,0.000000,-0.350000,0.600000,0.000000,0.000000,0.707107,0.707107
arm_1,181.232000,0.000000,-0.350000,0.600000,0.000000,0.000000,0.707107,0.707107
arm_1,181.249000,0.000000,-0.350000,0.600000,0.000000,0.000000,0.707107,0.707107
arm_1,181.264000,0.000000,-0.350000,0.600000,0.000000,0.000000,0.707107,0.707107
arm_1,181.280000,0.000000,-0.350000,0.600000,0.000000,0.000000,0.707107,0.707107
arm_1,181.297000,0.000000,-0.350000,0.600000,0.000000,0.000000,0.707107,0.707107
arm_1,181.314000,0.000000,-0.350000,0.600000,0.000000,0.000000,0.707107,0.707107
arm_1,181.331000,0.000000,-0.350000,0.600000,0.000000,0.000000,0.707107,0.707107
arm_1,181.348000,0.000000,-0.350000,0.600000,0.000000,0.000000,0.707107,0.707107
arm_1,181.365000,0.000000,-0.350000,0.600000,0.000000,0.000000,0.707107,0.707107
arm_1,181.382000,0.000000,-0.350000,0.600000,0.000000,0.000000,0.707107,0.707107
arm_1,181.398000,0.000000,-0.350000,0.600000,0.000000,0.000000,0.707107,0.707107
arm_1,181.414000,0.000000,-0.350000,0.600000,0.000000,0.000000,0.707107,0.707107
arm_1,181.430000,0.000000,-0.350000,0.600000,0.000000,0.000000,0.707107,0.707107
arm_1,181.446000,0.000000,-0.350000,0.600000,0.000000,0.000000,0.707107,0.707107
arm_1,181.462000,0.000000,-0.350000,0.600000,0.000000,0.000000,0.707107,0.707107
arm_1,181.479000,0.000000,-0.350000,0.600000,0.000000,0.000000,0.707107,0.707107
arm_1,181.496000,0.000000,-0.350000,0.600000,0.000000,0.000000,0.707107,0.707107
arm_1,181.513000,0.000000,-0.350000,0.600000,0.000000,0.000000,0.707107,0.707107
arm_1,181.530000,0.000000,-0.350000,0.600000,0.000000,0.000000,0.707107,0.707107
arm_1,181.547000,0.000000,-0.350000,0.600000,0.000000,0.000000,0.707107,0.707107
arm_1,181.564000,0.000000,-0.350000,0.600000,0.000000,0.000000,0.707107,0.707107
arm_1,181.581000,0.000000,-0.350000,0.600000,0.000000,0.000000,0.707107,0.707107
arm_1,181.599000,0.000000,-0.350000,0.600000,0.000000,0.000000,0.707107,0.707107
arm_1,181.616000,0.000000,-0.350000,0.600000,0.000000,0.000000,0.707107,0.707107
arm_1,181.633000,0.000000,-0.350000,0.600000,0.000000,0.000000,0.707107,0.707107
arm_1,181.651000,0.000000,-0.350000,0.600000,0.000000,0.000000,0.707107,0.707107
arm_1,181.669000,0.000000,-0.350000,0.600000,0.000000,0.000000,0.707107,0.707107
arm_1,181.687000,0.000000,-0.350000,0.600000,0.000000,0.000000,0.707107,0.707107
arm_1,181.704000,0.000000,-0.350000,0.600000,0.000000,0.000000,0.707107,0.707107
arm_1,181.721000,0.000000,-0.350000,0.600000,0.000000,0.000000,0.707107,0.707107
arm_1,181.739000,0.000000,-0.350000,0.600000,0.000000,0.000000,0.707107,0.707107
arm_1,181.756000,0.000000,-0.350000,0.600000,0.000000,0.000000,0.707107,0.707107
arm_1,181.774000,0.000000,-0.350000,0.600000,0.000000,0.000000,0.707107,0.707107
arm_1,181.791000,0.000000,-0.350000,0.600000,0.000000,0.000000,0.707107,0.707107
arm_1,181.809000,0.000000,-0.350000,0.600000,0.000000,0.000000,0.707107,0.707107
arm_1,181.827000,0.000000,-0.350000,0.600000,0.000000,0.000000,0.707107,0.707107
arm_1,181.840000,0.000000,-0.350000,0.600000,0.000000,0.000000,0.707107,0.707107
arm_1,181.856000,0.000000,-0.350000,0.600000,0.000000,0.000000,0.707107,0.707107
arm_1,181.873000,0.000000,-0.350000,0.600000,0.000000,0.000000,0.707107,0.707107
arm_1,181.889000,0.000000,-0.350000,0.600000,0.000000,0.000000,0.707107,0.707107
arm_1,181.904000,0.000000,-0.350000,0.600000,0.000000,0.000000,0.707107,0.707107
arm_1,181.920000,0.000000,-0.350000,0.600000,0.000000,0.000000,0.707107,0.707107
arm_1,181.937000,0.000000,-0.350000,0.600000,0.000000,0.000000,0.707107,0.707107
arm_1,181.954000,0.000000,-0.350000,0.600000,0.000000,0.000000,0.707107,0.707107
arm_1,181.971000,0.000000,-0.350000,0.600000,0.000000,0.000000,0.707107,0.707107
arm_1,181.988000,0.000000,-0.350000,0.600000,0.000000,0.000000,0.707107,0.707107
arm_1,182.004000,0.000000,-0.350000,0.600000,0.000000,0.000000,0.707107,0.707107
arm_1,182.021000,0.000000,-0.350000,0.600000,0.000000,0.000000,0.707107,0.707107
arm_1,182.038000,0.000000,-0.350000,0.600000,0.000000,0.000000,0.707107,0.707107
arm_1,182.055000,0.000000,-0.350000,0.600000,0.000000,0.000000,0.707107,0.707107
arm_1,182.073000,0.000000,-0.350000,0.600000,0.000000,0.000000,0.707107,0.707107
arm_1,182.091000,0.000000,-0.350000,0.600000,0.000000,0.000000,0.707107,0.707107
arm_1,182.109000,0.000000,-0.350000,0.600000,0.000000,0.000000,0.707107,0.707107
arm_1,182.125000,0.000000,-0.350000,0.600000,0.000000,0.000000,0.707107,0.707107
arm_1,182.141000,0.000000,-0.350000,0.600000,0.000000,0.000000,0.707107,0.707107
arm_1,182.157000,0.000000,-0.350000,0.600000,0.000000,0.000000,0.707107,0.707107
arm_1,182.173000,0.000000,-0.350000,0.600000,0.000000,0.000000,0.707107,0.707107
arm_1,182.190000,0.000000,-0.350000,0.600000,0.000000,0.000000,0.707107,0.707107
arm_1,182.207000,0.000000,-0.350000,0.600000,0.000000,0.000000,0.707107,0.707107
arm_1,182.224000,0.000000,-0.350000,0.600000,0.000000,0.000000,0.707107,0.707107
arm_1,182.241000,0.000000,-0.350000,0.600000,0.000000,0.000000,0.707107,0.707107
arm_1,182.258000,0.000000,-0.350000,0.600000,0.000000,0.000000,0.707107,0.707107
arm_1,182.275000,0.000000,-0.350000,0.600000,0.000000,0.000000,0.707107,0.707107
arm_1,182.292000,0.000000,-0.350000,0.600000,0.000000,0.000000,0.707107,0.707107
arm_1,182.310000,0.000000,-0.350000,0.600000,0.000000,0.000000,0.707107,0.707107
arm_1,182.327000,0.000000,-0.350000,0.600000,0.000000,0.000000,0.707107,0.707107
arm_1,182.343000,0.000000,-0.350000,0.600000,0.000000,0.000000,0.707107,0.707107
arm_1,182.360000,0.000000,-0.350000,0.600000,0.000000,0.000000,0.707107,0.707107
arm_1,182.378000,0.000000,-0.350000,0.600000,0.000000,0.000000,0.707107,0.707107
arm_1,182.396000,0.000000,-0.350000,0.600000,0.000000,0.000000,0.707107,0.707107
arm_1,182.413000,0.000000,-0.350000,0.600000,0.000000,0.000000,0.707107,0.707107
arm_1,182.431000,0.000000,-0.350000,0.600000,0.000000,0.000000,0.707107,0.707107
arm_1,182.449000,0.000000,-0.350000,0.600000,0.000000,0.000000,0.707107,0.707107
arm_1,182.466000,0.000000,-0.350000,0.600000,0.000000,0.000000,0.707107,0.707107
arm_1,182.483000,0.000000,-0.350000,0.600000,0.000000,0.000000,0.707107,0.707107
arm_1,182.501000,0.000000,-0.350000,0.600000,0.000000,0.000000,0.707107,0.707107
arm_1,182.519000,0.000000,-0.350000,0.600000,0.000000,0.000000,0.707107,0.707107
arm_1,182.536000,0.000000,-0.350000,0.600000,0.000000,0.000000,0.707107,0.707107
arm_1,182.553000,0.000000,-0.350000,0.600000,0.000000,0.000000,0.707107,0.707107
arm_1,182.569000,0.000000,-0.350000,0.600000,0.000000,0.000000,0.707107,0.707107
arm_1,182.585000,0.000000,-0.350000,0.600000,0.000000,0.000000,0.707107,0.707107
arm_1,182.602000,0.000000,-0.350000,0.600000,0.000000,0.000000,0.707107,0.707107
arm_1,182.619000,0.000000,-0.350000,0.600000,0.000000,0.000000,0.707107,0.707107
arm_1,182.636000,0.000000,-0.350000,0.600000,0.000000,0.000000,0.707107,0.707107
arm_1,182.653000,0.000000,-0.350000,0.600000,0.000000,0.000000,0.707107,0.707107
arm_1,182.670000,0.000000,-0.350000,0.600000,0.000000,0.000000,0.707107,0.707107
arm_1,182.687000,0.000000,-0.350000,0.600000,0.000000,0.000000,0.707107,0.707107
arm_1,182.705000,0.000000,-0.350000,0.600000,0.000000,0.000000,0.707107,0.707107
arm_1,182.722000,0.000000,-0.350000,0.600000,0.000000,0.000000,0.707107,0.707107
arm_1,182.739000,0.000000,-0.350000,0.600000,0.000000,0.000000,0.707107,0.707107
arm_1,182.757000,0.000000,-0.350000,0.600000,0.000000,0.000000,0.707107,0.707107
arm_1,182.774000,0.000000,-0.350000,0.600000,0.000000,0.000000,0.707107,0.707107
arm_1,182.792000,0.000000,-0.350000,0.600000,0.000000,0.000000,0.707107,0.707107
arm_1,182.809000,0.000000,-0.350000,0.600000,0.000000,0.000000,0.707107,0.707107
arm_1,182.826000,0.000000,-0.350000,0.600000,0.000000,0.000000,0.707107,0.707107
arm_1,182.843000,0.000000,-0.350000,0.600000,0.000000,0.000000,0.707107,0.707107
arm_1,182.861000,0.000000,-0.350000,0.600000,0.000000,0.000000,0.707107,0.707107
arm_1,182.878000,0.000000,-0.350000,0.600000,0.000000,0.000000,0.707107,0.707107
arm_1,182.895000,0.000000,-0.350000,0.600000,0.000000,0.000000,0.707107,0.707107
arm_1,182.912000,0.000000,-0.350000,0.600000,0.000000,0.000000,0.707107,0.707107
arm_1,182.930000,0.000000,-0.350000,0.600000,0.000000,0.000000,0.707107,0.707107
arm_1,182.948000,0.000000,-0.350000,0.600000,0.000000,0.000000,0.707107,0.707107
arm_1,182.965000,0.000000,-0.350000,0.600000,0.000000,0.000000,0.707107,0.707107
arm_1,182.983000,0.000000,-0.350000,0.600000,0.000000,0.000000,0.707107,0.707107
arm_1,183.000000,0.000000,-0.350000,0.600000,0.000000,0.000000,0.707107,0.707107
arm_1,183.017000,0.000000,-0.350000,0.600000,0.000000,0.000000,0.707107,0.707107
arm_1,183.034000,0.000000,-0.350000,0.600000,0.000000,0.000000,0.707107,0.707107
arm_1,183.051000,0.000000,-0.350000,0.600000,0.000000,0.000000,0.707107,0.707107
arm_1,183.069000,0.000000,-0.350000,0.600000,0.000000,0.000000,0.707107,0.707107
arm_1,183.085000,0.000000,-0.350000,0.600000,0.000000,0.000000,0.707107,0.707107
arm_1,183.099000,0.000000,-0.350000,0.600000,0.000000,0.000000,0.707107,0.707107
arm_1,183.114000,0.000000,-0.350000,0.600000,0.000000,0.000000,0.707107,0.707107
arm_1,183.130000,0.000000,-0.350000,0.600000,0.000000,0.000000,0.707107,0.707107
arm_1,183.146000,0.000000,-0.350000,0.600000,0.000000,0.000000,0.707107,0.707107
arm_1,183.162000,0.000000,-0.350000,0.600000,0.000000,0.000000,0.707107,0.707107
arm_1,183.178000,0.000000,-0.350000,0.600000,0.000000,0.000000,0.707107,0.707107
arm_1,183.196000,0.000000,-0.350000,0.600000,0.000000,0.000000,0.707107,0.707107
arm_1,183.213000,0.000000,-0.350000,0.600000,0.000000,0.000000,0.707107,0.707107
arm_1,183.230000,0.000000,-0.350000,0.600000,0.000000,0.000000,0.707107,0.707107
arm_1,183.246000,0.000000,-0.350000,0.600000,0.000000,0.000000,0.707107,0.707107
arm_1,183.261000,0.000000,-0.350000,0.600000,0.000000,0.000000,0.707107,0.707107
arm_1,183.276000,0.000000,-0.350000,0.600000,0.000000,0.000000,0.707107,0.707107
arm_1,183.292000,0.000000,-0.350000,0.600000,0.000000,0.000000,0.707107,0.707107
arm_1,183.308000,0.000000,-0.350000,0.600000,0.000000,0.000000,0.707107,0.707107
arm_1,183.324000,0.000000,-0.350000,0.600000,0.000000,0.000000,0.707107,0.707107
arm_1,183.340000,0.000000,-0.350000,0.600000,0.000000,0.000000,0.707107,0.707107
arm_1,183.356000,0.000000,-0.350000,0.600000,0.000000,0.000000,0.707107,0.707107
arm_1,183.372000,0.000000,-0.350000,0.600000,0.000000,0.000000,0.707107,0.707107
arm_1,183.389000,0.000000,-0.350000,0.600000,0.000000,0.000000,0.707107,0.707107
arm_1,183.406000,0.000000,-0.350000,0.600000,0.000000,0.000000,0.707107,0.707107
arm_1,183.423000,0.000000,-0.350000,0.600000,0.000000,0.000000,0.707107,0.707107
arm_1,183.440000,0.000000,-0.350000,0.600000,0.000000,0.000000,0.707107,0.707107
arm_1,183.457000,0.000000,-0.350000,0.600000,0.000000,0.000000,0.707107,0.707107
arm_1,183.474000,0.000000,-0.350000,0.600000,0.000000,0.000000,0.707107,0.707107
arm_1,183.491000,0.000000,-0.350000,0.600000,0.000000,0.000000,0.707107,0.707107
arm_1,183.509000,0.000000,-0.350000,0.600000,0.000000,0.000000,0.707107,0.707107
arm_1,183.526000,0.000000,-0.350000,0.600000,0.000000,0.000000,0.707107,0.707107
arm_1,183.543000,0.000000,-0.350000,0.600000,0.000000,0.000000,0.707107,0.707107
arm_1,183.560000,0.000000,-0.350000,0.600000,0.000000,0.000000,0.707107,0.707107
arm_1,183.577000,0.000000,-0.350000,0.600000,0.000000,0.000000,0.707107,0.707107
arm_1,183.595000,0.000000,-0.350000,0.600000,0.000000,0.000000,0.707107,0.707107
arm_1,183.612000,0.000000,-0.350000,0.600000,0.000000,0.000000,0.707107,0.707107
arm_1,183.630000,0.000000,-0.350000,0.600000,0.000000,0.000000,0.707107,0.707107
arm_1,183.647000,0.000000,-0.350000,0.600000,0.000000,0.000000,0.707107,0.707107
arm_1,183.664000,0.000000,-0.350000,0.600000,0.000000,0.000000,0.707107,0.707107
arm_1,183.681000,0.000000,-0.350000,0.600000,0.000000,0.000000,0.707107,0.707107
arm_1,183.698000,0.000000,-0.350000,0.600000,0.000000,0.000000,0.707107,0.707107
arm_1,183.715000,0.000000,-0.350000,0.600000,0.000000,0.000000,0.707107,0.707107
arm_1,183.732000,0.000000,-0.350000,0.600000,0.000000,0.000000,0.707107,0.707107
arm_1,183.750000,0.000000,-0.350000,0.600000,0.000000,0.000000,0.707107,0.707107
arm_1,183.767000,0.000000,-0.350000,0.600000,0.000000,0.000000,0.707107,0.707107
arm_1,183.784000,0.000000,-0.350000,0.600000,0.000000,0.000000,0.707107,0.707107
arm_1,183.802000,0.000000,-0.350000,0.600000,0.000000,0.000000,0.707107,0.707107
arm_1,183.820000,0.000000,-0.350000,0.600000,0.000000,0.000000,0.707107,0.707107
arm_1,183.836000,0.000000,-0.350000,0.600000,0.000000,0.000000,0.707107,0.707107
arm_1,183.852000,0.000000,-0.350000,0.600000,0.000000,0.000000,0.707107,0.707107
arm_1,183.868000,0.000000,-0.350000,0.600000,0.000000,0.000000,0.707107,0.707107
arm_1,183.885000,0.000000,-0.350000,0.600000,0.000000,0.000000,0.707107,0.707107
arm_1,183.902000,0.000000,-0.350000,0.600000,0.000000,0.000000,0.707107,0.707107
arm_1,183.920000,0.000000,-0.350000,0.600000,0.000000,0.000000,0.707107,0.707107
arm_1,183.937000,0.000000,-0.350000,0.600000,0.000000,0.000000,0.707107,0.707107
arm_1,183.954000,0.000000,-0.350000,0.600000,0.000000,0.000000,0.707107,0.707107
arm_1,183.972000,0.000000,-0.350000,0.600000,0.000000,0.000000,0.707107,0.707107
arm_1,183.989000,0.000000,-0.350000,0.600000,0.000000,0.000000,0.707107,0.707107
arm_1,184.006000,0.000000,-0.350000,0.600000,0.000000,0.000000,0.707107,0.707107
arm_1,184.023000,0.000000,-0.350000,0.600000,0.000000,0.000000,0.707107,0.707107
arm_1,184.040000,0.000000,-0.350000,0.600000,0.000000,0.000000,0.707107,0.707107
arm_1,184.058000,0.000000,-0.350000,0.600000,0.000000,0.000000,0.707107,0.707107
arm_1,184.075000,0.000000,-0.350000,0.600000,0.000000,0.000000,0.707107,0.707107
arm_1,184.092000,0.000000,-0.350000,0.600000,0.000000,0.000000,0.707107,0.707107
arm_1,184.109000,0.000000,-0.350000,0.600000,0.000000,0.000000,0.707107,0.707107
arm_1,184.125000,0.000000,-0.350000,0.600000,0.000000,0.000000,0.707107,0.707107
arm_1,184.142000,0.000000,-0.350000,0.600000,0.000000,0.000000,0.707107,0.707107
arm_1,184.159000,0.000000,-0.350000,0.600000,0.000000,0.000000,0.707107,0.707107
arm_1,184.176000,0.000000,-0.350000,0.600000,0.000000,0.000000,0.707107,0.707107
arm_1,184.193000,0.000000,-0.350000,0.600000,0.000000,0.000000,0.707107,0.707107
arm_1,184.209000,0.000000,-0.350000,0.600000,0.000000,0.000000,0.707107,0.707107
arm_1,184.226000,0.000000,-0.350000,0.600000,0.000000,0.000000,0.707107,0.707107
arm_1,184.244000,0.000000,-0.350000,0.600000,0.000000,0.000000,0.707107,0.707107
arm_1,184.261000,0.000000,-0.350000,0.600000,0.000000,0.000000,0.707107,0.707107
arm_1,184.278000,0.000000,-0.350000,0.600000,0.000000,0.000000,0.707107,0.707107
arm_1,184.294000,0.000000,-0.350000,0.600000,0.000000,0.000000,0.707107,0.707107
arm_1,184.311000,0.000000,-0.350000,0.600000,0.000000,0.000000,0.707107,0.707107
arm_1,184.327000,0.000000,-0.350000,0.600000,0.000000,0.000000,0.707107,0.707107
arm_1,184.342000,0.000000,-0.350000,0.600000,0.000000,0.000000,0.707107,0.707107
arm_1,184.357000,0.000000,-0.350000,0.600000,0.000000,0.000000,0.707107,0.707107
arm_1,184.373000,0.000000,-0.350000,0.600000,0.000000,0.000000,0.707107,0.707107
arm_1,184.388000,0.000000,-0.350000,0.600000,0.000000,0.000000,0.707107,0.707107
arm_1,184.404000,0.000000,-0.350000,0.600000,0.000000,0.000000,0.707107,0.707107
arm_1,184.420000,0.000000,-0.350000,0.600000,0.000000,0.000000,0.707107,0.707107
arm_1,184.436000,0.000000,-0.350000,0.600000,0.000000,0.000000,0.707107,0.707107
arm_1,184.451000,0.000000,-0.350000,0.600000,0.000000,0.000000,0.707107,0.707107
arm_1,184.467000,0.000000,-0.350000,0.600000,0.000000,0.000000,0.707107,0.707107
arm_1,184.484000,0.000000,-0.350000,0.600000,0.000000,0.000000,0.707107,0.707107
arm_1,184.500000,0.000000,-0.350000,0.600000,0.000000,0.000000,0.707107,0.707107
arm_1,184.516000,0.000000,-0.350000,0.600000,0.000000,0.000000,0.707107,0.707107
arm_1,184.533000,0.000000,-0.350000,0.600000,0.000000,0.000000,0.707107,0.707107
arm_1,184.549000,0.000000,-0.350000,0.600000,0.000000,0.000000,0.707107,0.707107
arm_1,184.566000,0.000000,-0.350000,0.600000,0.000000,0.000000,0.707107,0.707107
arm_1,184.581000,0.000000,-0.350000,0.600000,0.000000,0.000000,0.707107,0.707107
arm_1,184.596000,0.000000,-0.350000,0.600000,0.000000,0.000000,0.707107,0.707107
arm_1,184.610000,0.000000,-0.350000,0.600000,0.000000,0.000000,0.707107,0.707107
arm_1,184.624000,0.000000,-0.350000,0.600000,0.000000,0.000000,0.707107,0.707107
arm_1,184.639000,0.000000,-0.350000,0.600000,0.000000,0.000000,0.707107,0.707107
arm_1,184.654000,0.000000,-0.350000,0.600000,0.000000,0.000000,0.707107,0.707107
arm_1,184.670000,0.000000,-0.350000,0.600000,0.000000,0.000000,0.707107,0.707107
arm_1,184.686000,0.000000,-0.350000,0.600000,0.000000,0.000000,0.707107,0.707107
arm_1,184.702000,0.000000,-0.350000,0.600000,0.000000,0.000000,0.707107,0.707107
arm_1,184.718000,0.000000,-0.350000,0.600000,0.000000,0.000000,0.707107,0.707107
arm_1,184.734000,0.000000,-0.350000,0.600000,0.000000,0.000000,0.707107,0.707107
arm_1,184.748000,0.000000,-0.350000,0.600000,0.000000,0.000000,0.707107,0.707107
arm_1,184.764000,0.000000,-0.350000,0.600000,0.000000,0.000000,0.707107,0.707107
arm_1,184.780000,0.000000,-0.350000,0.600000,0.000000,0.000000,0.707107,0.707107
arm_1,184.795000,0.000000,-0.350000,0.600000,0.000000,0.000000,0.707107,0.707107
arm_1,184.812000,0.000000,-0.350000,0.600000,0.000000,0.000000,0.707107,0.707107
arm_1,184.826000,0.000000,-0.350000,0.600000,0.000000,0.000000,0.707107,0.707107
arm_1,184.842000,0.000000,-0.350000,0.600000,0.000000,0.000000,0.707107,0.707107
arm_1,184.858000,0.000000,-0.350000,0.600000,0.000000,0.000000,0.707107,0.707107
arm_1,184.875000,0.000000,-0.350000,0.600000,0.000000,0.000000,0.707107,0.707107
arm_1,184.890000,0.000000,-0.350000,0.600000,0.000000,0.000000,0.707107,0.707107
arm_1,184.906000,0.000000,-0.350000,0.600000,0.000000,0.000000,0.707107,0.707107
arm_1,184.914000,0.000000,-0.350000,0.600000,0.000000,0.000000,0.707107,0.707107
arm_1,184.927000,0.000000,-0.350000,0.600000,0.000000,0.000000,0.707107,0.707107
arm_1,184.944000,0.000000,-0.350000,0.600000,0.000000,0.000000,0.707107,0.707107
arm_1,184.961000,0.000000,-0.350000,0.600000,0.000000,0.000000,0.707107,0.707107
arm_1,184.978000,0.000000,-0.350000,0.600000,0.000000,0.000000,0.707107,0.707107
arm_1,184.994000,0.000000,-0.350000,0.600000,0.000000,0.000000,0.707107,0.707107
arm_1,185.007000,0.000000,-0.350000,0.600000,0.000000,0.000000,0.707107,0.707107
arm_1,185.023000,0.000000,-0.350000,0.600000,0.000000,0.000000,0.707107,0.707107
arm_1,185.039000,0.000000,-0.350000,0.600000,0.000000,0.000000,0.707107,0.707107
arm_1,185.055000,0.000000,-0.350000,0.600000,0.000000,0.000000,0.707107,0.707107
arm_1,185.071000,0.000000,-0.350000,0.600000,0.000000,0.000000,0.707107,0.707107
arm_1,185.087000,0.000000,-0.350000,0.600000,0.000000,0.000000,0.707107,0.707107
arm_1,185.103000,0.000000,-0.350000,0.600000,0.000000,0.000000,0.707107,0.707107
arm_1,185.120000,0.000000,-0.350000,0.600000,0.000000,0.000000,0.707107,0.707107
arm_1,185.137000,0.000000,-0.350000,0.600000,0.000000,0.000000,0.707107,0.707107
arm_1,185.154000,0.000000,-0.350000,0.600000,0.000000,0.000000,0.707107,0.707107
arm_1,185.171000,0.000000,-0.350000,0.600000,0.000000,0.000000,0.707107,0.707107
arm_1,185.189000,0.000000,-0.350000,0.600000,0.000000,0.000000,0.707107,0.707107
arm_1,185.206000,0.000000,-0.350000,0.600000,0.000000,0.000000,0.707107,0.707107
arm_1,185.223000,0.000000,-0.350000,0.600000,0.000000,0.000000,0.707107,0.707107
arm_1,185.240000,0.000000,-0.350000,0.600000,0.000000,0.000000,0.707107,0.707107
arm_1,185.257000,0.000000,-0.350000,0.600000,0.000000,0.000000,0.707107,0.707107
arm_1,185.274000,0.000000,-0.350000,0.600000,0.000000,0.000000,0.707107,0.707107
arm_1,185.290000,0.000000,-0.350000,0.600000,0.000000,0.000000,0.707107,0.707107
arm_1,185.306000,0.000000,-0.350000,0.600000,0.000000,0.000000,0.707107,0.707107
arm_1,185.321000,0.000000,-0.350000,0.600000,0.000000,0.000000,0.707107,0.707107
arm_1,185.337000,0.000000,-0.350000,0.600000,0.000000,0.000000,0.707107,0.707107
arm_1,185.352000,0.000000,-0.350000,0.600000,0.000000,0.000000,0.707107,0.707107
arm_1,185.366000,0.000000,-0.350000,0.600000,0.000000,0.000000,0.707107,0.707107
arm_1,185.381000,0.000000,-0.350000,0.600000,0.000000,0.000000,0.707107,0.707107
arm_1,185.397000,0.000000,-0.350000,0.600000,0.000000,0.000000,0.707107,0.707107
arm_1,185.414000,0.000000,-0.350000,0.600000,0.000000,0.000000,0.707107,0.707107
arm_1,185.431000,0.000000,-0.350000,0.600000,0.000000,0.000000,0.707107,0.707107
arm_1,185.447000,0.000000,-0.350000,0.600000,0.000000,0.000000,0.707107,0.707107
arm_1,185.464000,0.000000,-0.350000,0.600000,0.000000,0.000000,0.707107,0.707107
arm_1,185.480000,0.000000,-0.350000,0.600000,0.000000,0.000000,0.707107,0.707107
arm_1,185.491000,0.000000,-0.350000,0.600000,0.000000,0.000000,0.707107,0.707107
arm_1,185.504000,0.000000,-0.350000,0.600000,0.000000,0.000000,0.707107,0.707107
arm_1,185.520000,0.000000,-0.350000,0.600000,0.000000,0.000000,0.707107,0.707107
arm_1,185.536000,0.000000,-0.350000,0.600000,0.000000,0.000000,0.707107,0.707107
arm_1,185.553000,0.000000,-0.350000,0.600000,0.000000,0.000000,0.707107,0.707107
arm_1,185.567000,0.000000,-0.350000,0.600000,0.000000,0.000000,0.707107,0.707107
arm_1,185.583000,0.000000,-0.350000,0.600000,0.000000,0.000000,0.707107,0.707107
arm_1,185.600000,0.000000,-0.350000,0.600000,0.000000,0.000000,0.707107,0.707107
arm_1,185.617000,0.000000,-0.350000,0.600000,0.000000,0.000000,0.707107,0.707107
arm_1,185.634000,0.000000,-0.350000,0.600000,0.000000,0.000000,0.707107,0.707107
arm_1,185.651000,0.000000,-0.350000,0.600000,0.000000,0.000000,0.707107,0.707107
arm_1,185.668000,0.000000,-0.350000,0.600000,0.000000,0.000000,0.707107,0.707107
arm_1,185.685000,0.000000,-0.350000,0.600000,0.000000,0.000000,0.707107,0.707107
arm_1,185.703000,0.000000,-0.350000,0.600000,0.000000,0.000000,0.707107,0.707107
arm_1,185.721000,0.000000,-0.350000,0.600000,0.000000,0.000000,0.707107,0.707107
arm_1,185.739000,0.000000,-0.350000,0.600000,0.000000,0.000000,0.707107,0.707107
arm_1,185.756000,0.000000,-0.350000,0.600000,0.000000,0.000000,0.707107,0.707107
arm_1,185.773000,0.000000,-0.350000,0.600000,0.000000,0.000000,0.707107,0.707107
arm_1,185.790000,0.000000,-0.350000,0.600000,0.000000,0.000000,0.707107,0.707107
arm_1,185.807000,0.000000,-0.350000,0.600000,0.000000,0.000000,0.707107,0.707107
arm_1,185.825000,0.000000,-0.350000,0.600000,0.000000,0.000000,0.707107,0.707107
arm_1,185.843000,0.000000,-0.350000,0.600000,0.000000,0.000000,0.707107,0.707107
arm_1,185.860000,0.000000,-0.350000,0.600000,0.000000,0.000000,0.707107,0.707107
arm_1,185.878000,0.000000,-0.350000,0.600000,0.000000,0.000000,0.707107,0.707107
arm_1,185.895000,0.000000,-0.350000,0.600000,0.000000,0.000000,0.707107,0.707107
arm_1,185.912000,0.000000,-0.350000,0.600000,0.000000,0.000000,0.707107,0.707107
arm_1,185.929000,0.000000,-0.350000,0.600000,0.000000,0.000000,0.707107,0.707107
arm_1,185.947000,0.000000,-0.350000,0.600000,0.000000,0.000000,0.707107,0.707107
arm_1,185.964000,0.000000,-0.350000,0.600000,0.000000,0.000000,0.707107,0.707107
arm_1,185.980000,0.000000,-0.350000,0.600000,0.000000,0.000000,0.707107,0.707107
arm_1,185.984000,0.000000,-0.350000,0.600000,0.000000,0.000000,0.707107,0.707107
arm_1,185.994000,0.000000,-0.350000,0.600000,0.000000,0.000000,0.707107,0.707107
arm_1,186.010000,0.000000,-0.350000,0.600000,0.000000,0.000000,0.707107,0.707107
arm_1,186.027000,0.000000,-0.350000,0.600000,0.000000,0.000000,0.707107,0.707107
arm_1,186.044000,0.000000,-0.350000,0.600000,0.000000,0.000000,0.707107,0.707107
arm_1,186.061000,0.000000,-0.350000,0.600000,0.000000,0.000000,0.707107,0.707107
arm_1,186.077000,0.000000,-0.350000,0.600000,0.000000,0.000000,0.707107,0.707107
arm_1,186.094000,0.000000,-0.350000,0.600000,0.000000,0.000000,0.707107,0.707107
arm_1,186.111000,0.000000,-0.350000,0.600000,0.000000,0.000000,0.707107,0.707107
arm_1,186.128000,0.000000,-0.350000,0.600000,0.000000,0.000000,0.707107,0.707107
arm_1,186.145000,0.000000,-0.350000,0.600000,0.000000,0.000000,0.707107,0.707107
arm_1,186.162000,0.000000,-0.350000,0.600000,0.000000,0.000000,0.707107,0.707107
arm_1,186.180000,0.000000,-0.350000,0.600000,0.000000,0.000000,0.707107,0.707107
arm_1,186.197000,0.000000,-0.350000,0.600000,0.000000,0.000000,0.707107,0.707107
arm_1,186.214000,0.000000,-0.350000,0.600000,0.000000,0.000000,0.707107,0.707107
arm_1,186.231000,0.000000,-0.350000,0.600000,0.000000,0.000000,0.707107,0.707107
arm_1,186.249000,0.000000,-0.350000,0.600000,0.000000,0.000000,0.707107,0.707107
arm_1,186.266000,0.000000,-0.350000,0.600000,0.000000,0.000000,0.707107,0.707107
arm_1,186.283000,0.000000,-0.350000,0.600000,0.000000,0.000000,0.707107,0.707107
arm_1,186.300000,0.000000,-0.350000,0.600000,0.000000,0.000000,0.707107,0.707107
arm_1,186.318000,0.000000,-0.350000,0.600000,0.000000,0.000000,0.707107,0.707107
arm_1,186.335000,0.000000,-0.350000,0.600000,0.000000,0.000000,0.707107,0.707107
arm_1,186.353000,0.000000,-0.350000,0.600000,0.000000,0.000000,0.707107,0.707107
arm_1,186.370000,0.000000,-0.350000,0.600000,0.000000,0.000000,0.707107,0.707107
arm_1,186.387000,0.000000,-0.350000,0.600000,0.000000,0.000000,0.707107,0.707107
arm_1,186.404000,0.000000,-0.350000,0.600000,0.000000,0.000000,0.707107,0.707107
arm_1,186.422000,0.000000,-0.350000,0.600000,0.000000,0.000000,0.707107,0.707107
arm_1,186.439000,0.000000,-0.350000,0.600000,0.000000,0.000000,0.707107,0.707107
arm_1,186.456000,0.000000,-0.350000,0.600000,0.000000,0.000000,0.707107,0.707107
arm_1,186.473000,0.000000,-0.350000,0.600000,0.000000,0.000000,0.707107,0.707107
arm_1,186.490000,0.000000,-0.350000,0.600000,0.000000,0.000000,0.707107,0.707107
arm_1,186.508000,0.000000,-0.350000,0.600000,0.000000,0.000000,0.707107,0.707107
arm_1,186.526000,0.000000,-0.350000,0.600000,0.000000,0.000000,0.707107,0.707107
arm_1,186.544000,0.000000,-0.350000,0.600000,0.000000,0.000000,0.707107,0.707107
arm_1,186.561000,0.000000,-0.350000,0.600000,0.000000,0.000000,0.707107,0.707107
arm_1,186.579000,0.000000,-0.350000,0.600000,0.000000,0.000000,0.707107,0.707107
arm_1,186.596000,0.000000,-0.350000,0.600000,0.000000,0.000000,0.707107,0.707107
arm_1,186.613000,0.000000,-0.350000,0.600000,0.000000,0.000000,0.707107,0.707107
arm_1,186.631000,0.000000,-0.350000,0.600000,0.000000,0.000000,0.707107,0.707107
arm_1,186.649000,0.000000,-0.350000,0.600000,0.000000,0.000000,0.707107,0.707107
arm_1,186.667000,0.000000,-0.350000,0.600000,0.000000,0.000000,0.707107,0.707107
arm_1,186.684000,0.000000,-0.350000,0.600000,0.000000,0.000000,0.707107,0.707107
arm_1,186.702000,0.000000,-0.350000,0.600000,0.000000,0.000000,0.707107,0.707107
arm_1,186.720000,0.000000,-0.350000,0.600000,0.000000,0.000000,0.707107,0.707107
arm_1,186.737000,0.000000,-0.350000,0.600000,0.000000,0.000000,0.707107,0.707107
arm_1,186.755000,0.000000,-0.350000,0.600000,0.000000,0.000000,0.707107,0.707107
arm_1,186.773000,0.000000,-0.350000,0.600000,0.000000,0.000000,0.707107,0.707107
arm_1,186.791000,0.000000,-0.350000,0.600000,0.000000,0.000000,0.707107,0.707107
arm_1,186.808000,0.000000,-0.350000,0.600000,0.000000,0.000000,0.707107,0.707107
arm_1,186.825000,0.000000,-0.350000,0.600000,0.000000,0.000000,0.707107,0.707107
arm_1,186.842000,0.000000,-0.350000,0.600000,0.000000,0.000000,0.707107,0.707107
arm_1,186.859000,0.000000,-0.350000,0.600000,0.000000,0.000000,0.707107,0.707107
arm_1,186.877000,0.000000,-0.350000,0.600000,0.000000,0.000000,0.707107,0.707107
arm_1,186.894000,0.000000,-0.350000,0.600000,0.000000,0.000000,0.707107,0.707107
arm_1,186.912000,0.000000,-0.350000,0.600000,0.000000,0.000000,0.707107,0.707107
arm_1,186.930000,0.000000,-0.350000,0.600000,0.000000,0.000000,0.707107,0.707107
arm_1,186.948000,0.000000,-0.350000,0.600000,0.000000,0.000000,0.707107,0.707107
arm_1,186.962000,0.000000,-0.350000,0.600000,0.000000,0.000000,0.707107,0.707107
arm_1,186.977000,0.000000,-0.350000,0.600000,0.000000,0.000000,0.707107,0.707107
arm_1,186.991000,0.000000,-0.350000,0.600000,0.000000,0.000000,0.707107,0.707107
arm_1,187.007000,0.000000,-0.350000,0.600000,0.000000,0.000000,0.707107,0.707107
arm_1,187.023000,0.000000,-0.350000,0.600000,0.000000,0.000000,0.707107,0.707107
arm_1,187.040000,0.000000,-0.350000,0.600000,0.000000,0.000000,0.707107,0.707107
arm_1,187.056000,0.000000,-0.350000,0.600000,0.000000,0.000000,0.707107,0.707107
arm_1,187.073000,0.000000,-0.350000,0.600000,0.000000,0.000000,0.707107,0.707107
arm_1,187.090000,0.000000,-0.350000,0.600000,0.000000,0.000000,0.707107,0.707107
arm_1,187.108000,0.000000,-0.350000,0.600000,0.000000,0.000000,0.707107,0.707107
arm_1,187.125000,0.000000,-0.350000,0.600000,0.000000,0.000000,0.707107,0.707107
arm_1,187.143000,0.000000,-0.350000,0.600000,0.000000,0.000000,0.707107,0.707107
arm_1,187.160000,0.000000,-0.350000,0.600000,0.000000,0.000000,0.707107,0.707107
arm_1,187.178000,0.000000,-0.350000,0.600000,0.000000,0.000000,0.707107,0.707107
arm_1,187.195000,0.000000,-0.350000,0.600000,0.000000,0.000000,0.707107,0.707107
arm_1,187.213000,0.000000,-0.350000,0.600000,0.000000,0.000000,0.707107,0.707107
arm_1,187.229000,0.000000,-0.350000,0.600000,0.000000,0.000000,0.707107,0.707107
arm_1,187.246000,0.000000,-0.350000,0.600000,0.000000,0.000000,0.707107,0.707107
arm_1,187.261000,0.000000,-0.350000,0.600000,0.000000,0.000000,0.707107,0.707107
arm_1,187.277000,0.000000,-0.350000,0.600000,0.000000,0.000000,0.707107,0.707107
arm_1,187.293000,0.000000,-0.350000,0.600000,0.000000,0.000000,0.707107,0.707107
arm_1,187.311000,0.000000,-0.350000,0.600000,0.000000,0.000000,0.707107,0.707107
arm_1,187.328000,0.000000,-0.350000,0.600000,0.000000,0.000000,0.707107,0.707107
arm_1,187.345000,0.000000,-0.350000,0.600000,0.000000,0.000000,0.707107,0.707107
arm_1,187.362000,0.000000,-0.350000,0.600000,0.000000,0.000000,0.707107,0.707107
arm_1,187.379000,0.000000,-0.350000,0.600000,0.000000,0.000000,0.707107,0.707107
arm_1,187.394000,0.000000,-0.350000,0.600000,0.000000,0.000000,0.707107,0.707107
arm_1,187.410000,0.000000,-0.350000,0.600000,0.000000,0.000000,0.707107,0.707107
arm_1,187.427000,0.000000,-0.350000,0.600000,0.000000,0.000000,0.707107,0.707107
arm_1,187.445000,0.000000,-0.350000,0.600000,0.000000,0.000000,0.707107,0.707107
arm_1,187.462000,0.000000,-0.350000,0.600000,0.000000,0.000000,0.707107,0.707107
arm_1,187.479000,0.000000,-0.350000,0.600000,0.000000,0.000000,0.707107,0.707107
arm_1,187.496000,0.000000,-0.350000,0.600000,0.000000,0.000000,0.707107,0.707107
arm_1,187.514000,0.000000,-0.350000,0.600000,0.000000,0.000000,0.707107,0.707107
arm_1,187.531000,0.000000,-0.350000,0.600000,0.000000,0.000000,0.707107,0.707107
arm_1,187.548000,0.000000,-0.350000,0.600000,0.000000,0.000000,0.707107,0.707107
arm_1,187.565000,0.000000,-0.350000,0.600000,0.000000,0.000000,0.707107,0.707107
arm_1,187.582000,0.000000,-0.350000,0.600000,0.000000,0.000000,0.707107,0.707107
arm_1,187.600000,0.000000,-0.350000,0.600000,0.000000,0.000000,0.707107,0.707107
arm_1,187.617000,0.000000,-0.350000,0.600000,0.000000,0.000000,0.707107,0.707107
arm_1,187.635000,0.000000,-0.350000,0.600000,0.000000,0.000000,0.707107,0.707107
arm_1,187.652000,0.000000,-0.350000,0.600000,0.000000,0.000000,0.707107,0.707107
arm_1,187.670000,0.000000,-0.350000,0.600000,0.000000,0.000000,0.707107,0.707107
arm_1,187.687000,0.000000,-0.350000,0.600000,0.000000,0.000000,0.707107,0.707107
arm_1,187.704000,0.000000,-0.350000,0.600000,0.000000,0.000000,0.707107,0.707107
arm_1,187.721000,0.000000,-0.350000,0.600000,0.000000,0.000000,0.707107,0.707107
arm_1,187.738000,0.000000,-0.350000,0.600000,0.000000,0.000000,0.707107,0.707107
arm_1,187.755000,0.000000,-0.350000,0.600000,0.000000,0.000000,0.707107,0.707107
arm_1,187.772000,0.000000,-0.350000,0.600000,0.000000,0.000000,0.707107,0.707107
arm_1,187.789000,0.000000,-0.350000,0.600000,0.000000,0.000000,0.707107,0.707107
arm_1,187.806000,0.000000,-0.350000,0.600000,0.000000,0.000000,0.707107,0.707107
arm_1,187.824000,0.000000,-0.350000,0.600000,0.000000,0.000000,0.707107,0.707107
arm_1,187.842000,0.000000,-0.350000,0.600000,0.000000,0.000000,0.707107,0.707107
arm_1,187.859000,0.000000,-0.350000,0.600000,0.000000,0.000000,0.707107,0.707107
arm_1,187.875000,0.000000,-0.350000,0.600000,0.000000,0.000000,0.707107,0.707107
arm_1,187.891000,0.000000,-0.350000,0.600000,0.000000,0.000000,0.707107,0.707107
arm_1,187.908000,0.000000,-0.350000,0.600000,0.000000,0.000000,0.707107,0.707107
arm_1,187.923000,0.000000,-0.350000,0.600000,0.000000,0.000000,0.707107,0.707107
arm_1,187.938000,0.000000,-0.350000,0.600000,0.000000,0.000000,0.707107,0.707107
arm_1,187.950000,0.000000,-0.350000,0.600000,0.000000,0.000000,0.707107,0.707107
arm_1,187.964000,0.000000,-0.350000,0.600000,0.000000,0.000000,0.707107,0.707107
arm_1,187.980000,0.000000,-0.350000,0.600000,0.000000,0.000000,0.707107,0.707107
arm_1,187.995000,0.000000,-0.350000,0.600000,0.000000,0.000000,0.707107,0.707107
arm_1,188.012000,0.000000,-0.350000,0.600000,0.000000,0.000000,0.707107,0.707107
arm_1,188.030000,0.000000,-0.350000,0.600000,0.000000,0.000000,0.707107,0.707107
arm_1,188.047000,0.000000,-0.350000,0.600000,0.000000,0.000000,0.707107,0.707107
arm_1,188.064000,0.000000,-0.350000,0.600000,0.000000,0.000000,0.707107,0.707107
arm_1,188.081000,0.000000,-0.350000,0.600000,0.000000,0.000000,0.707107,0.707107
arm_1,188.098000,0.000000,-0.350000,0.600000,0.000000,0.000000,0.707107,0.707107
arm_1,188.115000,0.000000,-0.350000,0.600000,0.000000,0.000000,0.707107,0.707107
arm_1,188.132000,0.000000,-0.350000,0.600000,0.000000,0.000000,0.707107,0.707107
arm_1,188.149000,0.000000,-0.350000,0.600000,0.000000,0.000000,0.707107,0.707107
arm_1,188.167000,0.000000,-0.350000,0.600000,0.000000,0.000000,0.707107,0.707107
arm_1,188.185000,0.000000,-0.350000,0.600000,0.000000,0.000000,0.707107,0.707107
arm_1,188.202000,0.000000,-0.350000,0.600000,0.000000,0.000000,0.707107,0.707107
arm_1,188.213000,0.000000,-0.350000,0.600000,0.000000,0.000000,0.707107,0.707107
arm_1,188.224000,0.000000,-0.350000,0.600000,0.000000,0.000000,0.707107,0.707107
arm_1,188.235000,0.000000,-0.350000,0.600000,0.000000,0.000000,0.707107,0.707107
arm_1,188.246000,0.000000,-0.350000,0.600000,0.000000,0.000000,0.707107,0.707107
arm_1,188.257000,0.000000,-0.350000,0.600000,0.000000,0.000000,0.707107,0.707107
arm_1,188.268000,0.000000,-0.350000,0.600000,0.000000,0.000000,0.707107,0.707107
arm_1,188.279000,0.000000,-0.350000,0.600000,0.000000,0.000000,0.707107,0.707107
arm_1,188.289000,0.000000,-0.350000,0.600000,0.000000,0.000000,0.707107,0.707107
arm_1,188.300000,0.000000,-0.350000,0.600000,0.000000,0.000000,0.707107,0.707107
arm_1,188.311000,0.000000,-0.350000,0.600000,0.000000,0.000000,0.707107,0.707107
arm_1,188.321000,0.000000,-0.350000,0.600000,0.000000,0.000000,0.707107,0.707107
arm_1,188.332000,0.000000,-0.350000,0.600000,0.000000,0.000000,0.707107,0.707107
arm_1,188.343000,0.000000,-0.350000,0.600000,0.000000,0.000000,0.707107,0.707107
arm_1,188.354000,0.000000,-0.350000,0.600000,0.000000,0.000000,0.707107,0.707107
arm_1,188.363000,0.000000,-0.350000,0.600000,0.000000,0.000000,0.707107,0.707107
arm_1,188.373000,0.000000,-0.350000,0.600000,0.000000,0.000000,0.707107,0.707107
arm_1,188.383000,0.000000,-0.350000,0.600000,0.000000,0.000000,0.707107,0.707107
arm_1,188.393000,0.000000,-0.350000,0.600000,0.000000,0.000000,0.707107,0.707107
arm_1,188.403000,0.000000,-0.350000,0.600000,0.000000,0.000000,0.707107,0.707107
arm_1,188.413000,0.000000,-0.350000,0.600000,0.000000,0.000000,0.707107,0.707107
arm_1,188.423000,0.000000,-0.350000,0.600000,0.000000,0.000000,0.707107,0.707107
arm_1,188.433000,0.000000,-0.350000,0.600000,0.000000,0.000000,0.707107,0.707107
arm_1,188.443000,0.000000,-0.350000,0.600000,0.000000,0.000000,0.707107,0.707107
arm_1,188.454000,0.000000,-0.350000,0.600000,0.000000,0.000000,0.707107,0.707107
arm_1,188.464000,0.000000,-0.350000,0.600000,0.000000,0.000000,0.707107,0.707107
arm_1,188.475000,0.000000,-0.350000,0.600000,0.000000,0.000000,0.707107,0.707107
arm_1,188.486000,0.000000,-0.350000,0.600000,0.000000,0.000000,0.707107,0.707107
arm_1,188.495000,0.000000,-0.350000,0.600000,0.000000,0.000000,0.707107,0.707107
arm_1,188.504000,0.000000,-0.350000,0.600000,0.000000,0.000000,0.707107,0.707107
arm_1,188.514000,0.000000,-0.350000,0.600000,0.000000,0.000000,0.707107,0.707107
arm_1,188.525000,0.000000,-0.350000,0.600000,0.000000,0.000000,0.707107,0.707107
arm_1,188.535000,0.000000,-0.350000,0.600000,0.000000,0.000000,0.707107,0.707107
arm_1,188.545000,0.000000,-0.350000,0.600000,0.000000,0.000000,0.707107,0.707107
arm_1,188.555000,0.000000,-0.350000,0.600000,0.000000,0.000000,0.707107,0.707107
arm_1,188.566000,0.000000,-0.350000,0.600000,0.000000,0.000000,0.707107,0.707107
arm_1,188.577000,0.000000,-0.350000,0.600000,0.000000,0.000000,0.707107,0.707107
arm_1,188.587000,0.000000,-0.350000,0.600000,0.000000,0.000000,0.707107,0.707107
arm_1,188.597000,0.000000,-0.350000,0.600000,0.000000,0.000000,0.707107,0.707107
arm_1,188.607000,0.000000,-0.350000,0.600000,0.000000,0.000000,0.707107,0.707107
arm_1,188.616000,0.000000,-0.350000,0.600000,0.000000,0.000000,0.707107,0.707107
arm_1,188.625000,0.000000,-0.350000,0.600000,0.000000,0.000000,0.707107,0.707107
arm_1,188.634000,0.000000,-0.350000,0.600000,0.000000,0.000000,0.707107,0.707107
arm_1,188.644000,0.000000,-0.350000,0.600000,0.000000,0.000000,0.707107,0.707107
arm_1,188.652000,0.000000,-0.350000,0.600000,0.000000,0.000000,0.707107,0.707107
arm_1,188.662000,0.000000,-0.350000,0.600000,0.000000,0.000000,0.707107,0.707107
arm_1,188.671000,0.000000,-0.350000,0.600000,0.000000,0.000000,0.707107,0.707107
arm_1,188.680000,0.000000,-0.350000,0.600000,0.000000,0.000000,0.707107,0.707107
arm_1,188.690000,0.000000,-0.350000,0.600000,0.000000,0.000000,0.707107,0.707107
arm_1,188.699000,0.000000,-0.350000,0.600000,0.000000,0.000000,0.707107,0.707107
arm_1,188.709000,0.000000,-0.350000,0.600000,0.000000,0.000000,0.707107,0.707107
arm_1,188.719000,0.000000,-0.350000,0.600000,0.000000,0.000000,0.707107,0.707107
arm_1,188.729000,0.000000,-0.350000,0.600000,0.000000,0.000000,0.707107,0.707107
arm_1,188.739000,0.000000,-0.350000,0.600000,0.000000,0.000000,0.707107,0.707107
arm_1,188.749000,0.000000,-0.350000,0.600000,0.000000,0.000000,0.707107,0.707107
arm_1,188.759000,0.000000,-0.350000,0.600000,0.000000,0.000000,0.707107,0.707107
arm_1,188.768000,0.000000,-0.350000,0.600000,0.000000,0.000000,0.707107,0.707107
arm_1,188.778000,0.000000,-0.350000,0.600000,0.000000,0.000000,0.707107,0.707107
arm_1,188.788000,0.000000,-0.350000,0.600000,0.000000,0.000000,0.707107,0.707107
arm_1,188.798000,0.000000,-0.350000,0.600000,0.000000,0.000000,0.707107,0.707107
arm_1,188.808000,0.000000,-0.350000,0.600000,0.000000,0.000000,0.707107,0.707107
arm_1,188.818000,0.000000,-0.350000,0.600000,0.000000,0.000000,0.707107,0.707107
arm_1,188.828000,0.000000,-0.350000,0.600000,0.000000,0.000000,0.707107,0.707107
arm_1,188.838000,0.000000,-0.350000,0.600000,0.000000,0.000000,0.707107,0.707107
arm_1,188.848000,0.000000,-0.350000,0.600000,0.000000,0.000000,0.707107,0.707107
arm_1,188.858000,0.000000,-0.350000,0.600000,0.000000,0.000000,0.707107,0.707107
arm_1,188.868000,0.000000,-0.350000,0.600000,0.000000,0.000000,0.707107,0.707107
arm_1,188.878000,0.000000,-0.350000,0.600000,0.000000,0.000000,0.707107,0.707107
arm_1,188.888000,0.000000,-0.350000,0.600000,0.000000,0.000000,0.707107,0.707107
arm_1,188.898000,0.000000,-0.350000,0.600000,0.000000,0.000000,0.707107,0.707107
arm_1,188.908000,0.000000,-0.350000,0.600000,0.000000,0.000000,0.707107,0.707107
arm_1,188.918000,0.000000,-0.350000,0.600000,0.000000,0.000000,0.707107,0.707107
arm_1,188.928000,0.000000,-0.350000,0.600000,0.000000,0.000000,0.707107,0.707107
arm_1,188.938000,0.000000,-0.350000,0.600000,0.000000,0.000000,0.707107,0.707107
arm_1,188.948000,0.000000,-0.350000,0.600000,0.000000,0.000000,0.707107,0.707107
arm_1,188.957000,0.000000,-0.350000,0.600000,0.000000,0.000000,0.707107,0.707107
arm_1,188.966000,0.000000,-0.350000,0.600000,0.000000,0.000000,0.707107,0.707107
arm_1,188.976000,0.000000,-0.350000,0.600000,0.000000,0.000000,0.707107,0.707107
arm_1,188.985000,0.000000,-0.350000,0.600000,0.000000,0.000000,0.707107,0.707107
arm_1,188.994000,0.000000,-0.350000,0.600000,0.000000,0.000000,0.707107,0.707107
arm_1,189.004000,0.000000,-0.350000,0.600000,0.000000,0.000000,0.707107,0.707107
arm_1,189.014000,0.000000,-0.350000,0.600000,0.000000,0.000000,0.707107,0.707107
arm_1,189.024000,0.000000,-0.350000,0.600000,0.000000,0.000000,0.707107,0.707107
arm_1,189.034000,0.000000,-0.350000,0.600000,0.000000,0.000000,0.707107,0.707107
arm_1,189.044000,0.000000,-0.350000,0.600000,0.000000,0.000000,0.707107,0.707107
arm_1,189.053000,0.000000,-0.350000,0.600000,0.000000,0.000000,0.707107,0.707107
arm_1,189.063000,0.000000,-0.350000,0.600000,0.000000,0.000000,0.707107,0.707107
arm_1,189.072000,0.000000,-0.350000,0.600000,0.000000,0.000000,0.707107,0.707107
arm_1,189.082000,0.000000,-0.350000,0.600000,0.000000,0.000000,0.707107,0.707107
arm_1,189.092000,0.000000,-0.350000,0.600000,0.000000,0.000000,0.707107,0.707107
arm_1,189.103000,0.000000,-0.350000,0.600000,0.000000,0.000000,0.707107,0.707107
arm_1,189.113000,0.000000,-0.350000,0.600000,0.000000,0.000000,0.707107,0.707107
arm_1,189.122000,0.000000,-0.350000,0.600000,0.000000,0.000000,0.707107,0.707107
arm_1,189.131000,0.000000,-0.350000,0.600000,0.000000,0.000000,0.707107,0.707107
arm_1,189.139000,0.000000,-0.350000,0.600000,0.000000,0.000000,0.707107,0.707107
arm_1,189.146000,0.000000,-0.350000,0.600000,0.000000,0.000000,0.707107,0.707107
arm_1,189.154000,0.000000,-0.350000,0.600000,0.000000,0.000000,0.707107,0.707107
arm_1,189.163000,0.000000,-0.350000,0.600000,0.000000,0.000000,0.707107,0.707107
arm_1,189.172000,0.000000,-0.350000,0.600000,0.000000,0.000000,0.707107,0.707107
arm_1,189.181000,0.000000,-0.350000,0.600000,0.000000,0.000000,0.707107,0.707107
arm_1,189.191000,0.000000,-0.350000,0.600000,0.000000,0.000000,0.707107,0.707107
arm_1,189.201000,0.000000,-0.350000,0.600000,0.000000,0.000000,0.707107,0.707107
arm_1,189.211000,0.000000,-0.350000,0.600000,0.000000,0.000000,0.707107,0.707107
arm_1,189.221000,0.000000,-0.350000,0.600000,0.000000,0.000000,0.707107,0.707107
arm_1,189.231000,0.000000,-0.350000,0.600000,0.000000,0.000000,0.707107,0.707107
arm_1,189.240000,0.000000,-0.350000,0.600000,0.000000,0.000000,0.707107,0.707107
arm_1,189.250000,0.000000,-0.350000,0.600000,0.000000,0.000000,0.707107,0.707107
arm_1,189.260000,0.000000,-0.350000,0.600000,0.000000,0.000000,0.707107,0.707107
arm_1,189.270000,0.000000,-0.350000,0.600000,0.000000,0.000000,0.707107,0.707107
arm_1,189.280000,0.000000,-0.350000,0.600000,0.000000,0.000000,0.707107,0.707107
arm_1,189.290000,0.000000,-0.350000,0.600000,0.000000,0.000000,0.707107,0.707107
arm_1,189.299000,0.000000,-0.350000,0.600000,0.000000,0.000000,0.707107,0.707107
arm_1,189.309000,0.000000,-0.350000,0.600000,0.000000,0.000000,0.707107,0.707107
arm_1,189.319000,0.000000,-0.350000,0.600000,0.000000,0.000000,0.707107,0.707107
arm_1,189.330000,0.000000,-0.350000,0.600000,0.000000,0.000000,0.707107,0.707107
arm_1,189.341000,0.000000,-0.350000,0.600000,0.000000,0.000000,0.707107,0.707107
arm_1,189.351000,0.000000,-0.350000,0.600000,0.000000,0.000000,0.707107,0.707107
arm_1,189.361000,0.000000,-0.350000,0.600000,0.000000,0.000000,0.707107,0.707107
arm_1,189.371000,0.000000,-0.350000,0.600000,0.000000,0.000000,0.707107,0.707107
arm_1,189.381000,0.000000,-0.350000,0.600000,0.000000,0.000000,0.707107,0.707107
arm_1,189.391000,0.000000,-0.350000,0.600000,0.000000,0.000000,0.707107,0.707107
arm_1,189.401000,0.000000,-0.350000,0.600000,0.000000,0.000000,0.707107,0.707107
arm_1,189.412000,0.000000,-0.350000,0.600000,0.000000,0.000000,0.707107,0.707107
arm_1,189.423000,0.000000,-0.350000,0.600000,0.000000,0.000000,0.707107,0.707107
arm_1,189.434000,0.000000,-0.350000,0.600000,0.000000,0.000000,0.707107,0.707107
arm_1,189.445000,0.000000,-0.350000,0.600000,0.000000,0.000000,0.707107,0.707107
arm_1,189.456000,0.000000,-0.350000,0.600000,0.000000,0.000000,0.707107,0.707107
arm_1,189.467000,0.000000,-0.350000,0.600000,0.000000,0.000000,0.707107,0.707107
arm_1,189.478000,0.000000,-0.350000,0.600000,0.000000,0.000000,0.707107,0.707107
arm_1,189.489000,0.000000,-0.350000,0.600000,0.000000,0.000000,0.707107,0.707107
arm_1,189.500000,0.000000,-0.350000,0.600000,0.000000,0.000000,0.707107,0.707107
arm_1,189.511000,0.000000,-0.350000,0.600000,0.000000,0.000000,0.707107,0.707107
arm_1,189.522000,0.000000,-0.350000,0.600000,0.000000,0.000000,0.707107,0.707107
arm_1,189.533000,0.000000,-0.350000,0.600000,0.000000,0.000000,0.707107,0.707107
arm_1,189.544000,0.000000,-0.350000,0.600000,0.000000,0.000000,0.707107,0.707107
arm_1,189.555000,0.000000,-0.350000,0.600000,0.000000,0.000000,0.707107,0.707107
arm_1,189.566000,0.000000,-0.350000,0.600000,0.000000,0.000000,0.707107,0.707107
arm_1,189.575000,0.000000,-0.350000,0.600000,0.000000,0.000000,0.707107,0.707107
arm_1,189.586000,0.000000,-0.350000,0.600000,0.000000,0.000000,0.707107,0.707107
arm_1,189.596000,0.000000,-0.350000,0.600000,0.000000,0.000000,0.707107,0.707107
arm_1,189.606000,0.000000,-0.350000,0.600000,0.000000,0.000000,0.707107,0.707107
arm_1,189.617000,0.000000,-0.350000,0.600000,0.000000,0.000000,0.707107,0.707107
arm_1,189.628000,0.000000,-0.350000,0.600000,0.000000,0.000000,0.707107,0.707107
arm_1,189.639000,0.000000,-0.350000,0.600000,0.000000,0.000000,0.707107,0.707107
arm_1,189.650000,0.000000,-0.350000,0.600000,0.000000,0.000000,0.707107,0.707107
arm_1,189.661000,0.000000,-0.350000,0.600000,0.000000,0.000000,0.707107,0.707107
arm_1,189.672000,0.000000,-0.350000,0.600000,0.000000,0.000000,0.707107,0.707107
arm_1,189.683000,0.000000,-0.350000,0.600000,0.000000,0.000000,0.707107,0.707107
arm_1,189.694000,0.000000,-0.350000,0.600000,0.000000,0.000000,0.707107,0.707107
arm_1,189.705000,0.000000,-0.350000,0.600000,0.000000,0.000000,0.707107,0.707107
arm_1,189.716000,0.000000,-0.350000,0.600000,0.000000,0.000000,0.707107,0.707107
arm_1,189.727000,0.000000,-0.350000,0.600000,0.000000,0.000000,0.707107,0.707107
arm_1,189.738000,0.000000,-0.350000,0.600000,0.000000,0.000000,0.707107,0.707107
arm_1,189.749000,0.000000,-0.350000,0.600000,0.000000,0.000000,0.707107,0.707107
arm_1,189.760000,0.000000,-0.350000,0.600000,0.000000,0.000000,0.707107,0.707107
arm_1,189.771000,0.000000,-0.350000,0.600000,0.000000,0.000000,0.707107,0.707107
arm_1,189.782000,0.000000,-0.350000,0.600000,0.000000,0.000000,0.707107,0.707107
arm_1,189.791000,0.000000,-0.350000,0.600000,0.000000,0.000000,0.707107,0.707107
arm_1,189.801000,0.000000,-0.350000,0.600000,0.000000,0.000000,0.707107,0.707107
arm_1,189.811000,0.000000,-0.350000,0.600000,0.000000,0.000000,0.707107,0.707107
arm_1,189.822000,0.000000,-0.350000,0.600000,0.000000,0.000000,0.707107,0.707107
arm_1,189.833000,0.000000,-0.350000,0.600000,0.000000,0.000000,0.707107,0.707107
arm_1,189.843000,0.000000,-0.350000,0.600000,0.000000,0.000000,0.707107,0.707107
arm_1,189.854000,0.000000,-0.350000,0.600000,0.000000,0.000000,0.707107,0.707107
arm_1,189.865000,0.000000,-0.350000,0.600000,0.000000,0.000000,0.707107,0.707107
arm_1,189.876000,0.000000,-0.350000,0.600000,0.000000,0.000000,0.707107,0.707107
arm_1,189.887000,0.000000,-0.350000,0.600000,0.000000,0.000000,0.707107,0.707107
arm_1,189.898000,0.000000,-0.350000,0.600000,0.000000,0.000000,0.707107,0.707107
arm_1,189.909000,0.000000,-0.350000,0.600000,0.000000,0.000000,0.707107,0.707107
arm_1,189.920000,0.000000,-0.350000,0.600000,0.000000,0.000000,0.707107,0.707107
arm_1,189.931000,0.000000,-0.350000,0.600000,0.000000,0.000000,0.707107,0.707107
arm_1,189.942000,0.000000,-0.350000,0.600000,0.000000,0.000000,0.707107,0.707107
arm_1,189.953000,0.000000,-0.350000,0.600000,0.000000,0.000000,0.707107,0.707107
arm_1,189.964000,0.000000,-0.350000,0.600000,0.000000,0.000000,0.707107,0.707107
arm_1,189.973000,0.000000,-0.350000,0.600000,0.000000,0.000000,0.707107,0.707107
arm_1,189.983000,0.000000,-0.350000,0.600000,0.000000,0.000000,0.707107,0.707107
arm_1,189.992000,0.000000,-0.350000,0.600000,0.000000,0.000000,0.707107,0.707107
arm_1,190.002000,0.000000,-0.350000,0.600000,0.000000,0.000000,0.707107,0.707107
arm_1,190.012000,0.000000,-0.350000,0.600000,0.000000,0.000000,0.707107,0.707107
arm_1,190.022000,0.000000,-0.350000,0.600000,0.000000,0.000000,0.707107,0.707107
arm_1,190.032000,0.000000,-0.350000,0.600000,0.000000,0.000000,0.707107,0.707107
arm_1,190.043000,0.000000,-0.350000,0.600000,0.000000,0.000000,0.707107,0.707107
arm_1,190.053000,0.000000,-0.350000,0.600000,0.000000,0.000000,0.707107,0.707107
arm_1,190.064000,0.000000,-0.350000,0.600000,0.000000,0.000000,0.707107,0.707107
arm_1,190.075000,0.000000,-0.350000,0.600000,0.000000,0.000000,0.707107,0.707107
arm_1,190.085000,0.000000,-0.350000,0.600000,0.000000,0.000000,0.707107,0.707107
arm_1,190.095000,0.000000,-0.350000,0.600000,0.000000,0.000000,0.707107,0.707107
arm_1,190.105000,0.000000,-0.350000,0.600000,0.000000,0.000000,0.707107,0.707107
arm_1,190.115000,0.000000,-0.350000,0.600000,0.000000,0.000000,0.707107,0.707107
arm_1,190.126000,0.000000,-0.350000,0.600000,0.000000,0.000000,0.707107,0.707107
arm_1,190.137000,0.000000,-0.350000,0.600000,0.000000,0.000000,0.707107,0.707107
arm_1,190.148000,0.000000,-0.350000,0.600000,0.000000,0.000000,0.707107,0.707107
arm_1,190.159000,0.000000,-0.350000,0.600000,0.000000,0.000000,0.707107,0.707107
arm_1,190.170000,0.000000,-0.350000,0.600000,0.000000,0.000000,0.707107,0.707107
arm_1,190.181000,0.000000,-0.350000,0.600000,0.000000,0.000000,0.707107,0.707107
arm_1,190.191000,0.000000,-0.350000,0.600000,0.000000,0.000000,0.707107,0.707107
arm_1,190.201000,0.000000,-0.350000,0.600000,0.000000,0.000000,0.707107,0.707107
arm_1,190.212000,0.000000,-0.350000,0.600000,0.000000,0.000000,0.707107,0.707107
arm_1,190.223000,0.000000,-0.350000,0.600000,0.000000,0.000000,0.707107,0.707107
arm_1,190.234000,0.000000,-0.350000,0.600000,0.000000,0.000000,0.707107,0.707107
arm_1,190.245000,0.000000,-0.350000,0.600000,0.000000,0.000000,0.707107,0.707107
arm_1,190.256000,0.000000,-0.350000,0.600000,0.000000,0.000000,0.707107,0.707107
arm_1,190.266000,0.000000,-0.350000,0.600000,0.000000,0.000000,0.707107,0.707107
arm_1,190.276000,0.000000,-0.350000,0.600000,0.000000,0.000000,0.707107,0.707107
arm_1,190.287000,0.000000,-0.350000,0.600000,0.000000,0.000000,0.707107,0.707107
arm_1,190.298000,0.000000,-0.350000,0.600000,0.000000,0.000000,0.707107,0.707107
arm_1,190.309000,0.000000,-0.350000,0.600000,0.000000,0.000000,0.707107,0.707107
arm_1,190.319000,0.000000,-0.350000,0.600000,0.000000,0.000000,0.707107,0.707107
arm_1,190.329000,0.000000,-0.350000,0.600000,0.000000,0.000000,0.707107,0.707107
arm_1,190.340000,0.000000,-0.350000,0.600000,0.000000,0.000000,0.707107,0.707107
arm_1,190.350000,0.000000,-0.350000,0.600000,0.000000,0.000000,0.707107,0.707107
arm_1,190.361000,0.000000,-0.350000,0.600000,0.000000,0.000000,0.707107,0.707107
arm_1,190.371000,0.000000,-0.350000,0.600000,0.000000,0.000000,0.707107,0.707107
arm_1,190.381000,0.000000,-0.350000,0.600000,0.000000,0.000000,0.707107,0.707107
arm_1,190.391000,0.000000,-0.350000,0.600000,0.000000,0.000000,0.707107,0.707107
arm_1,190.401000,0.000000,-0.350000,0.600000,0.000000,0.000000,0.707107,0.707107
arm_1,190.411000,0.000000,-0.350000,0.600000,0.000000,0.000000,0.707107,0.707107
arm_1,190.421000,0.000000,-0.350000,0.600000,0.000000,0.000000,0.707107,0.707107
arm_1,190.431000,0.000000,-0.350000,0.600000,0.000000,0.000000,0.707107,0.707107
arm_1,190.441000,0.000000,-0.350000,0.600000,0.000000,0.000000,0.707107,0.707107
arm_1,190.451000,0.000000,-0.350000,0.600000,0.000000,0.000000,0.707107,0.707107
arm_1,190.461000,0.000000,-0.350000,0.600000,0.000000,0.000000,0.707107,0.707107
arm_1,190.471000,0.000000,-0.350000,0.600000,0.000000,0.000000,0.707107,0.707107
arm_1,190.481000,0.000000,-0.350000,0.600000,0.000000,0.000000,0.707107,0.707107
arm_1,190.492000,0.000000,-0.350000,0.600000,0.000000,0.000000,0.707107,0.707107
arm_1,190.502000,0.000000,-0.350000,0.600000,0.000000,0.000000,0.707107,0.707107
arm_1,190.512000,0.000000,-0.350000,0.600000,0.000000,0.000000,0.707107,0.707107
arm_1,190.523000,0.000000,-0.350000,0.600000,0.000000,0.000000,0.707107,0.707107
arm_1,190.534000,0.000000,-0.350000,0.600000,0.000000,0.000000,0.707107,0.707107
arm_1,190.545000,0.000000,-0.350000,0.600000,0.000000,0.000000,0.707107,0.707107
arm_1,190.556000,0.000000,-0.350000,0.600000,0.000000,0.000000,0.707107,0.707107
arm_1,190.567000,0.000000,-0.350000,0.600000,0.000000,0.000000,0.707107,0.707107
arm_1,190.578000,0.000000,-0.350000,0.600000,0.000000,0.000000,0.707107,0.707107
arm_1,190.589000,0.000000,-0.350000,0.600000,0.000000,0.000000,0.707107,0.707107
arm_1,190.599000,0.000000,-0.350000,0.600000,0.000000,0.000000,0.707107,0.707107
arm_1,190.610000,0.000000,-0.350000,0.600000,0.000000,0.000000,0.707107,0.707107
arm_1,190.621000,0.000000,-0.350000,0.600000,0.000000,0.000000,0.707107,0.707107
arm_1,190.631000,0.000000,-0.350000,0.600000,0.000000,0.000000,0.707107,0.707107
arm_1,190.641000,0.000000,-0.350000,0.600000,0.000000,0.000000,0.707107,0.707107
arm_1,190.651000,0.000000,-0.350000,0.600000,0.000000,0.000000,0.707107,0.707107
arm_1,190.661000,0.000000,-0.350000,0.600000,0.000000,0.000000,0.707107,0.707107
arm_1,190.672000,0.000000,-0.350000,0.600000,0.000000,0.000000,0.707107,0.707107
arm_1,190.683000,0.000000,-0.350000,0.600000,0.000000,0.000000,0.707107,0.707107
arm_1,190.694000,0.000000,-0.350000,0.600000,0.000000,0.000000,0.707107,0.707107
arm_1,190.705000,0.000000,-0.350000,0.600000,0.000000,0.000000,0.707107,0.707107
arm_1,190.715000,0.000000,-0.350000,0.600000,0.000000,0.000000,0.707107,0.707107
arm_1,190.726000,0.000000,-0.350000,0.600000,0.000000,0.000000,0.707107,0.707107
arm_1,190.737000,0.000000,-0.350000,0.600000,0.000000,0.000000,0.707107,0.707107
arm_1,190.748000,0.000000,-0.350000,0.600000,0.000000,0.000000,0.707107,0.707107
arm_1,190.759000,0.000000,-0.350000,0.600000,0.000000,0.000000,0.707107,0.707107
arm_1,190.770000,0.000000,-0.350000,0.600000,0.000000,0.000000,0.707107,0.707107
arm_1,190.781000,0.000000,-0.350000,0.600000,0.000000,0.000000,0.707107,0.707107
arm_1,190.792000,0.000000,-0.350000,0.600000,0.000000,0.000000,0.707107,0.707107
arm_1,190.802000,0.000000,-0.350000,0.600000,0.000000,0.000000,0.707107,0.707107
arm_1,190.812000,0.000000,-0.350000,0.600000,0.000000,0.000000,0.707107,0.707107
arm_1,190.822000,0.000000,-0.350000,0.600000,0.000000,0.000000,0.707107,0.707107
arm_1,190.832000,0.000000,-0.350000,0.600000,0.000000,0.000000,0.707107,0.707107
arm_1,190.843000,0.000000,-0.350000,0.600000,0.000000,0.000000,0.707107,0.707107
arm_1,190.853000,0.000000,-0.350000,0.600000,0.000000,0.000000,0.707107,0.707107
arm_1,190.864000,0.000000,-0.350000,0.600000,0.000000,0.000000,0.707107,0.707107
arm_1,190.875000,0.000000,-0.350000,0.600000,0.000000,0.000000,0.707107,0.707107
arm_1,190.884000,0.000000,-0.350000,0.600000,0.000000,0.000000,0.707107,0.707107
arm_1,190.894000,0.000000,-0.350000,0.600000,0.000000,0.000000,0.707107,0.707107
arm_1,190.905000,0.000000,-0.350000,0.600000,0.000000,0.000000,0.707107,0.707107
arm_1,190.916000,0.000000,-0.350000,0.600000,0.000000,0.000000,0.707107,0.707107
arm_1,190.927000,0.000000,-0.350000,0.600000,0.000000,0.000000,0.707107,0.707107
arm_1,190.937000,0.000000,-0.350000,0.600000,0.000000,0.000000,0.707107,0.707107
arm_1,190.947000,0.000000,-0.350000,0.600000,0.000000,0.000000,0.707107,0.707107
arm_1,190.957000,0.000000,-0.350000,0.600000,0.000000,0.000000,0.707107,0.707107
arm_1,190.967000,0.000000,-0.350000,0.600000,0.000000,0.000000,0.707107,0.707107
arm_1,190.977000,0.000000,-0.350000,0.600000,0.000000,0.000000,0.707107,0.707107
arm_1,190.987000,0.000000,-0.350000,0.600000,0.000000,0.000000,0.707107,0.707107
arm_1,190.996000,0.000000,-0.350000,0.600000,0.000000,0.000000,0.707107,0.707107
arm_1,191.005000,0.000000,-0.350000,0.600000,0.000000,0.000000,0.707107,0.707107
arm_1,191.014000,0.000000,-0.350000,0.600000,0.000000,0.000000,0.707107,0.707107
arm_1,191.024000,0.000000,-0.350000,0.600000,0.000000,0.000000,0.707107,0.707107
arm_1,191.034000,0.000000,-0.350000,0.600000,0.000000,0.000000,0.707107,0.707107
arm_1,191.045000,0.000000,-0.350000,0.600000,0.000000,0.000000,0.707107,0.707107
arm_1,191.056000,0.000000,-0.350000,0.600000,0.000000,0.000000,0.707107,0.707107
arm_1,191.067000,0.000000,-0.350000,0.600000,0.000000,0.000000,0.707107,0.707107
arm_1,191.078000,0.000000,-0.350000,0.600000,0.000000,0.000000,0.707107,0.707107
arm_1,191.089000,0.000000,-0.350000,0.600000,0.000000,0.000000,0.707107,0.707107
arm_1,191.099000,0.000000,-0.350000,0.600000,0.000000,0.000000,0.707107,0.707107
arm_1,191.109000,0.000000,-0.350000,0.600000,0.000000,0.000000,0.707107,0.707107
arm_1,191.119000,0.000000,-0.350000,0.600000,0.000000,0.000000,0.707107,0.707107
arm_1,191.129000,0.000000,-0.350000,0.600000,0.000000,0.000000,0.707107,0.707107
arm_1,191.140000,0.000000,-0.350000,0.600000,0.000000,0.000000,0.707107,0.707107
arm_1,191.150000,0.000000,-0.350000,0.600000,0.000000,0.000000,0.707107,0.707107
arm_1,191.161000,0.000000,-0.350000,0.600000,0.000000,0.000000,0.707107,0.707107
arm_1,191.172000,0.000000,-0.350000,0.600000,0.000000,0.000000,0.707107,0.707107
arm_1,191.183000,0.000000,-0.350000,0.600000,0.000000,0.000000,0.707107,0.707107
arm_1,191.194000,0.000000,-0.350000,0.600000,0.000000,0.000000,0.707107,0.707107
arm_1,191.205000,0.000000,-0.350000,0.600000,0.000000,0.000000,0.707107,0.707107
arm_1,191.216000,0.000000,-0.350000,0.600000,0.000000,0.000000,0.707107,0.707107
arm_1,191.227000,0.000000,-0.350000,0.600000,0.000000,0.000000,0.707107,0.707107
arm_1,191.238000,0.000000,-0.350000,0.600000,0.000000,0.000000,0.707107,0.707107
arm_1,191.249000,0.000000,-0.350000,0.600000,0.000000,0.000000,0.707107,0.707107
arm_1,191.260000,0.000000,-0.350000,0.600000,0.000000,0.000000,0.707107,0.707107
arm_1,191.271000,0.000000,-0.350000,0.600000,0.000000,0.000000,0.707107,0.707107
arm_1,191.282000,0.000000,-0.350000,0.600000,0.000000,0.000000,0.707107,0.707107
arm_1,191.293000,0.000000,-0.350000,0.600000,0.000000,0.000000,0.707107,0.707107
arm_1,191.304000,0.000000,-0.350000,0.600000,0.000000,0.000000,0.707107,0.707107
arm_1,191.315000,0.000000,-0.350000,0.600000,0.000000,0.000000,0.707107,0.707107
arm_1,191.326000,0.000000,-0.350000,0.600000,0.000000,0.000000,0.707107,0.707107
arm_1,191.337000,0.000000,-0.350000,0.600000,0.000000,0.000000,0.707107,0.707107
arm_1,191.348000,0.000000,-0.350000,0.600000,0.000000,0.000000,0.707107,0.707107
arm_1,191.358000,0.000000,-0.350000,0.600000,0.000000,0.000000,0.707107,0.707107
arm_1,191.368000,0.000000,-0.350000,0.600000,0.000000,0.000000,0.707107,0.707107
arm_1,191.379000,0.000000,-0.350000,0.600000,0.000000,0.000000,0.707107,0.707107
arm_1,191.389000,0.000000,-0.350000,0.600000,0.000000,0.000000,0.707107,0.707107
arm_1,191.400000,0.000000,-0.350000,0.600000,0.000000,0.000000,0.707107,0.707107
arm_1,191.411000,0.000000,-0.350000,0.600000,0.000000,0.000000,0.707107,0.707107
arm_1,191.421000,0.000000,-0.350000,0.600000,0.000000,0.000000,0.707107,0.707107
arm_1,191.432000,0.000000,-0.350000,0.600000,0.000000,0.000000,0.707107,0.707107
arm_1,191.442000,0.000000,-0.350000,0.600000,0.000000,0.000000,0.707107,0.707107
arm_1,191.452000,0.000000,-0.350000,0.600000,0.000000,0.000000,0.707107,0.707107
arm_1,191.462000,0.000000,-0.350000,0.600000,0.000000,0.000000,0.707107,0.707107
arm_1,191.472000,0.000000,-0.350000,0.600000,0.000000,0.000000,0.707107,0.707107
arm_1,191.483000,0.000000,-0.350000,0.600000,0.000000,0.000000,0.707107,0.707107
arm_1,191.493000,0.000000,-0.350000,0.600000,0.000000,0.000000,0.707107,0.707107
arm_1,191.504000,0.000000,-0.350000,0.600000,0.000000,0.000000,0.707107,0.707107
arm_1,191.515000,0.000000,-0.350000,0.600000,0.000000,0.000000,0.707107,0.707107
arm_1,191.525000,0.000000,-0.350000,0.600000,0.000000,0.000000,0.707107,0.707107
arm_1,191.535000,0.000000,-0.350000,0.600000,0.000000,0.000000,0.707107,0.707107
arm_1,191.545000,0.000000,-0.350000,0.600000,0.000000,0.000000,0.707107,0.707107
arm_1,191.556000,0.000000,-0.350000,0.600000,0.000000,0.000000,0.707107,0.707107
arm_1,191.567000,0.000000,-0.350000,0.600000,0.000000,0.000000,0.707107,0.707107
arm_1,191.577000,0.000000,-0.350000,0.600000,0.000000,0.000000,0.707107,0.707107
arm_1,191.588000,0.000000,-0.350000,0.600000,0.000000,0.000000,0.707107,0.707107
arm_1,191.599000,0.000000,-0.350000,0.600000,0.000000,0.000000,0.707107,0.707107
arm_1,191.609000,0.000000,-0.350000,0.600000,0.000000,0.000000,0.707107,0.707107
arm_1,191.619000,0.000000,-0.350000,0.600000,0.000000,0.000000,0.707107,0.707107
arm_1,191.630000,0.000000,-0.350000,0.600000,0.000000,0.000000,0.707107,0.707107
arm_1,191.640000,0.000000,-0.350000,0.600000,0.000000,0.000000,0.707107,0.707107
arm_1,191.650000,0.000000,-0.350000,0.600000,0.000000,0.000000,0.707107,0.707107
arm_1,191.661000,0.000000,-0.350000,0.600000,0.000000,0.000000,0.707107,0.707107
arm_1,191.672000,0.000000,-0.350000,0.600000,0.000000,0.000000,0.707107,0.707107
arm_1,191.683000,0.000000,-0.350000,0.600000,0.000000,0.000000,0.707107,0.707107
arm_1,191.694000,0.000000,-0.350000,0.600000,0.000000,0.000000,0.707107,0.707107
arm_1,191.705000,0.000000,-0.350000,0.600000,0.000000,0.000000,0.707107,0.707107
arm_1,191.716000,0.000000,-0.350000,0.600000,0.000000,0.000000,0.707107,0.707107
arm_1,191.727000,0.000000,-0.350000,0.600000,0.000000,0.000000,0.707107,0.707107
arm_1,191.738000,0.000000,-0.350000,0.600000,0.000000,0.000000,0.707107,0.707107
arm_1,191.748000,0.000000,-0.350000,0.600000,0.000000,0.000000,0.707107,0.707107
arm_1,191.758000,0.000000,-0.350000,0.600000,0.000000,0.000000,0.707107,0.707107
arm_1,191.769000,0.000000,-0.350000,0.600000,0.000000,0.000000,0.707107,0.707107
arm_1,191.779000,0.000000,-0.350000,0.600000,0.000000,0.000000,0.707107,0.707107
arm_1,191.789000,0.000000,-0.350000,0.600000,0.000000,0.000000,0.707107,0.707107
arm_1,191.799000,0.000000,-0.350000,0.600000,0.000000,0.000000,0.707107,0.707107
arm_1,191.810000,0.000000,-0.350000,0.600000,0.000000,0.000000,0.707107,0.707107
arm_1,191.820000,0.000000,-0.350000,0.600000,0.000000,0.000000,0.707107,0.707107
arm_1,191.830000,0.000000,-0.350000,0.600000,0.000000,0.000000,0.707107,0.707107
arm_1,191.841000,0.000000,-0.350000,0.600000,0.000000,0.000000,0.707107,0.707107
arm_1,191.851000,0.000000,-0.350000,0.600000,0.000000,0.000000,0.707107,0.707107
arm_1,191.862000,0.000000,-0.350000,0.600000,0.000000,0.000000,0.707107,0.707107
arm_1,191.873000,0.000000,-0.350000,0.600000,0.000000,0.000000,0.707107,0.707107
arm_1,191.884000,0.000000,-0.350000,0.600000,0.000000,0.000000,0.707107,0.707107
arm_1,191.895000,0.000000,-0.350000,0.600000,0.000000,0.000000,0.707107,0.707107
arm_1,191.905000,0.000000,-0.350000,0.600000,0.000000,0.000000,0.707107,0.707107
arm_1,191.916000,0.000000,-0.350000,0.600000,0.000000,0.000000,0.707107,0.707107
arm_1,191.927000,0.000000,-0.350000,0.600000,0.000000,0.000000,0.707107,0.707107
arm_1,191.938000,0.000000,-0.350000,0.600000,0.000000,0.000000,0.707107,0.707107
arm_1,191.948000,0.000000,-0.350000,0.600000,0.000000,0.000000,0.707107,0.707107
arm_1,191.959000,0.000000,-0.350000,0.600000,0.000000,0.000000,0.707107,0.707107
arm_1,191.969000,0.000000,-0.350000,0.600000,0.000000,0.000000,0.707107,0.707107
arm_1,191.980000,0.000000,-0.350000,0.600000,0.000000,0.000000,0.707107,0.707107
arm_1,191.990000,0.000000,-0.350000,0.600000,0.000000,0.000000,0.707107,0.707107
arm_1,192.000000,0.000000,-0.350000,0.600000,0.000000,0.000000,0.707107,0.707107
arm_1,192.010000,0.000000,-0.350000,0.600000,0.000000,0.000000,0.707107,0.707107
arm_1,192.020000,0.000000,-0.350000,0.600000,0.000000,0.000000,0.707107,0.707107
arm_1,192.031000,0.000000,-0.350000,0.600000,0.000000,0.000000,0.707107,0.707107
arm_1,192.041000,0.000000,-0.350000,0.600000,0.000000,0.000000,0.707107,0.707107
arm_1,192.051000,0.000000,-0.350000,0.600000,0.000000,0.000000,0.707107,0.707107
arm_1,192.061000,0.000000,-0.350000,0.600000,0.000000,0.000000,0.707107,0.707107
arm_1,192.071000,0.000000,-0.350000,0.600000,0.000000,0.000000,0.707107,0.707107
arm_1,192.081000,0.000000,-0.350000,0.600000,0.000000,0.000000,0.707107,0.707107
arm_1,192.091000,0.000000,-0.350000,0.600000,0.000000,0.000000,0.707107,0.707107
arm_1,192.102000,0.000000,-0.350000,0.600000,0.000000,0.000000,0.707107,0.707107
arm_1,192.112000,0.000000,-0.350000,0.600000,0.000000,0.000000,0.707107,0.707107
arm_1,192.123000,0.000000,-0.350000,0.600000,0.000000,0.000000,0.707107,0.707107
arm_1,192.133000,0.000000,-0.350000,0.600000,0.000000,0.000000,0.707107,0.707107
arm_1,192.143000,0.000000,-0.350000,0.600000,0.000000,0.000000,0.707107,0.707107
arm_1,192.153000,0.000000,-0.350000,0.600000,0.000000,0.000000,0.707107,0.707107
arm_1,192.163000,0.000000,-0.350000,0.600000,0.000000,0.000000,0.707107,0.707107
arm_1,192.173000,0.000000,-0.350000,0.600000,0.000000,0.000000,0.707107,0.707107
arm_1,192.183000,0.000000,-0.350000,0.600000,0.000000,0.000000,0.707107,0.707107
arm_1,192.194000,0.000000,-0.350000,0.600000,0.000000,0.000000,0.707107,0.707107
arm_1,192.203000,0.000000,-0.350000,0.600000,0.000000,0.000000,0.707107,0.707107
arm_1,192.213000,0.000000,-0.350000,0.600000,0.000000,0.000000,0.707107,0.707107
arm_1,192.223000,0.000000,-0.350000,0.600000,0.000000,0.000000,0.707107,0.707107
arm_1,192.231000,0.000000,-0.350000,0.600000,0.000000,0.000000,0.707107,0.707107
arm_1,192.239000,0.000000,-0.350000,0.600000,0.000000,0.000000,0.707107,0.707107
arm_1,192.248000,0.000000,-0.350000,0.600000,0.000000,0.000000,0.707107,0.707107
arm_1,192.258000,0.000000,-0.350000,0.600000,0.000000,0.000000,0.707107,0.707107
arm_1,192.268000,0.000000,-0.350000,0.600000,0.000000,0.000000,0.707107,0.707107
arm_1,192.278000,0.000000,-0.350000,0.600000,0.000000,0.000000,0.707107,0.707107
arm_1,192.289000,0.000000,-0.350000,0.600000,0.000000,0.000000,0.707107,0.707107
arm_1,192.298000,0.000000,-0.350000,0.600000,0.000000,0.000000,0.707107,0.707107
arm_1,192.308000,0.000000,-0.350000,0.600000,0.000000,0.000000,0.707107,0.707107
arm_1,192.318000,0.000000,-0.350000,0.600000,0.000000,0.000000,0.707107,0.707107
arm_1,192.328000,0.000000,-0.350000,0.600000,0.000000,0.000000,0.707107,0.707107
arm_1,192.338000,0.000000,-0.350000,0.600000,0.000000,0.000000,0.707107,0.707107
arm_1,192.348000,0.000000,-0.350000,0.600000,0.000000,0.000000,0.707107,0.707107
arm_1,192.358000,0.000000,-0.350000,0.600000,0.000000,0.000000,0.707107,0.707107
arm_1,192.367000,0.000000,-0.350000,0.600000,0.000000,0.000000,0.707107,0.707107
arm_1,192.377000,0.000000,-0.350000,0.600000,0.000000,0.000000,0.707107,0.707107
arm_1,192.387000,0.000000,-0.350000,0.600000,0.000000,0.000000,0.707107,0.707107
arm_1,192.397000,0.000000,-0.350000,0.600000,0.000000,0.000000,0.707107,0.707107
arm_1,192.407000,0.000000,-0.350000,0.600000,0.000000,0.000000,0.707107,0.707107
arm_1,192.417000,0.000000,-0.350000,0.600000,0.000000,0.000000,0.707107,0.707107
arm_1,192.427000,0.000000,-0.350000,0.600000,0.000000,0.000000,0.707107,0.707107
arm_1,192.437000,0.000000,-0.350000,0.600000,0.000000,0.000000,0.707107,0.707107
arm_1,192.446000,0.000000,-0.350000,0.600000,0.000000,0.000000,0.707107,0.707107
arm_1,192.453000,0.000000,-0.350000,0.600000,0.000000,0.000000,0.707107,0.707107
arm_1,192.461000,0.000000,-0.350000,0.600000,0.000000,0.000000,0.707107,0.707107
arm_1,192.470000,0.000000,-0.350000,0.600000,0.000000,0.000000,0.707107,0.707107
arm_1,192.473000,0.000000,-0.350000,0.600000,0.000000,0.000000,0.707107,0.707107
arm_1,192.479000,0.000000,-0.350000,0.600000,0.000000,0.000000,0.707107,0.707107
arm_1,192.488000,0.000000,-0.350000,0.600000,0.000000,0.000000,0.707107,0.707107
arm_1,192.498000,0.000000,-0.350000,0.600000,0.000000,0.000000,0.707107,0.707107
arm_1,192.508000,0.000000,-0.350000,0.600000,0.000000,0.000000,0.707107,0.707107
arm_1,192.518000,0.000000,-0.350000,0.600000,0.000000,0.000000,0.707107,0.707107
arm_1,192.528000,0.000000,-0.350000,0.600000,0.000000,0.000000,0.707107,0.707107
arm_1,192.538000,0.000000,-0.350000,0.600000,0.000000,0.000000,0.707107,0.707107
arm_1,192.548000,0.000000,-0.350000,0.600000,0.000000,0.000000,0.707107,0.707107
arm_1,192.558000,0.000000,-0.350000,0.600000,0.000000,0.000000,0.707107,0.707107
arm_1,192.568000,0.000000,-0.350000,0.600000,0.000000,0.000000,0.707107,0.707107
arm_1,192.578000,0.000000,-0.350000,0.600000,0.000000,0.000000,0.707107,0.707107
arm_1,192.588000,0.000000,-0.350000,0.600000,0.000000,0.000000,0.707107,0.707107
arm_1,192.598000,0.000000,-0.350000,0.600000,0.000000,0.000000,0.707107,0.707107
arm_1,192.608000,0.000000,-0.350000,0.600000,0.000000,0.000000,0.707107,0.707107
arm_1,192.618000,0.000000,-0.350000,0.600000,0.000000,0.000000,0.707107,0.707107
arm_1,192.628000,0.000000,-0.350000,0.600000,0.000000,0.000000,0.707107,0.707107
arm_1,192.638000,0.000000,-0.350000,0.600000,0.000000,0.000000,0.707107,0.707107
arm_1,192.648000,0.000000,-0.350000,0.600000,0.000000,0.000000,0.707107,0.707107
arm_1,192.657000,0.000000,-0.350000,0.600000,0.000000,0.000000,0.707107,0.707107
arm_1,192.667000,0.000000,-0.350000,0.600000,0.000000,0.000000,0.707107,0.707107
arm_1,192.677000,0.000000,-0.350000,0.600000,0.000000,0.000000,0.707107,0.707107
arm_1,192.687000,0.000000,-0.350000,0.600000,0.000000,0.000000,0.707107,0.707107
arm_1,192.697000,0.000000,-0.350000,0.600000,0.000000,0.000000,0.707107,0.707107
arm_1,192.707000,0.000000,-0.350000,0.600000,0.000000,0.000000,0.707107,0.707107
arm_1,192.717000,0.000000,-0.350000,0.600000,0.000000,0.000000,0.707107,0.707107
arm_1,192.726000,0.000000,-0.350000,0.600000,0.000000,0.000000,0.707107,0.707107
arm_1,192.736000,0.000000,-0.350000,0.600000,0.000000,0.000000,0.707107,0.707107
arm_1,192.746000,0.000000,-0.350000,0.600000,0.000000,0.000000,0.707107,0.707107
arm_1,192.756000,0.000000,-0.350000,0.600000,0.000000,0.000000,0.707107,0.707107
arm_1,192.766000,0.000000,-0.350000,0.600000,0.000000,0.000000,0.707107,0.707107
arm_1,192.776000,0.000000,-0.350000,0.600000,0.000000,0.000000,0.707107,0.707107
arm_1,192.786000,0.000000,-0.350000,0.600000,0.000000,0.000000,0.707107,0.707107
arm_1,192.796000,0.000000,-0.350000,0.600000,0.000000,0.000000,0.707107,0.707107
arm_1,192.806000,0.000000,-0.350000,0.600000,0.000000,0.000000,0.707107,0.707107
arm_1,192.816000,0.000000,-0.350000,0.600000,0.000000,0.000000,0.707107,0.707107
arm_1,192.826000,0.000000,-0.350000,0.600000,0.000000,0.000000,0.707107,0.707107
arm_1,192.837000,0.000000,-0.350000,0.600000,0.000000,0.000000,0.707107,0.707107
arm_1,192.848000,0.000000,-0.350000,0.600000,0.000000,0.000000,0.707107,0.707107
arm_1,192.858000,0.000000,-0.350000,0.600000,0.000000,0.000000,0.707107,0.707107
arm_1,192.868000,0.000000,-0.350000,0.600000,0.000000,0.000000,0.707107,0.707107
arm_1,192.878000,0.000000,-0.350000,0.600000,0.000000,0.000000,0.707107,0.707107
arm_1,192.888000,0.000000,-0.350000,0.600000,0.000000,0.000000,0.707107,0.707107
arm_1,192.898000,0.000000,-0.350000,0.600000,0.000000,0.000000,0.707107,0.707107
arm_1,192.908000,0.000000,-0.350000,0.600000,0.000000,0.000000,0.707107,0.707107
arm_1,192.918000,0.000000,-0.350000,0.600000,0.000000,0.000000,0.707107,0.707107
arm_1,192.928000,0.000000,-0.350000,0.600000,0.000000,0.000000,0.707107,0.707107
arm_1,192.938000,0.000000,-0.350000,0.600000,0.000000,0.000000,0.707107,0.707107
arm_1,192.947000,0.000000,-0.350000,0.600000,0.000000,0.000000,0.707107,0.707107
arm_1,192.958000,0.000000,-0.350000,0.600000,0.000000,0.000000,0.707107,0.707107
arm_1,192.968000,0.000000,-0.350000,0.600000,0.000000,0.000000,0.707107,0.707107
arm_1,192.978000,0.000000,-0.350000,0.600000,0.000000,0.000000,0.707107,0.707107
arm_1,192.988000,0.000000,-0.350000,0.600000,0.000000,0.000000,0.707107,0.707107
arm_1,192.998000,0.000000,-0.350000,0.600000,0.000000,0.000000,0.707107,0.707107
arm_1,193.008000,0.000000,-0.350000,0.600000,0.000000,0.000000,0.707107,0.707107
arm_1,193.018000,0.000000,-0.350000,0.600000,0.000000,0.000000,0.707107,0.707107
arm_1,193.028000,0.000000,-0.350000,0.600000,0.000000,0.000000,0.707107,0.707107
arm_1,193.039000,0.000000,-0.350000,0.600000,0.000000,0.000000,0.707107,0.707107
arm_1,193.049000,0.000000,-0.350000,0.600000,0.000000,0.000000,0.707107,0.707107
arm_1,193.059000,0.000000,-0.350000,0.600000,0.000000,0.000000,0.707107,0.707107
arm_1,193.069000,0.000000,-0.350000,0.600000,0.000000,0.000000,0.707107,0.707107
arm_1,193.079000,0.000000,-0.350000,0.600000,0.000000,0.000000,0.707107,0.707107
arm_1,193.089000,0.000000,-0.350000,0.600000,0.000000,0.000000,0.707107,0.707107
arm_1,193.099000,0.000000,-0.350000,0.600000,0.000000,0.000000,0.707107,0.707107
arm_1,193.110000,0.000000,-0.350000,0.600000,0.000000,0.000000,0.707107,0.707107
arm_1,193.121000,0.000000,-0.350000,0.600000,0.000000,0.000000,0.707107,0.707107
arm_1,193.132000,0.000000,-0.350000,0.600000,0.000000,0.000000,0.707107,0.707107
arm_1,193.142000,0.000000,-0.350000,0.600000,0.000000,0.000000,0.707107,0.707107
arm_1,193.153000,0.000000,-0.350000,0.600000,0.000000,0.000000,0.707107,0.707107
arm_1,193.164000,0.000000,-0.350000,0.600000,0.000000,0.000000,0.707107,0.707107
arm_1,193.175000,0.000000,-0.350000,0.600000,0.000000,0.000000,0.707107,0.707107
arm_1,193.185000,0.000000,-0.350000,0.600000,0.000000,0.000000,0.707107,0.707107
arm_1,193.196000,0.000000,-0.350000,0.600000,0.000000,0.000000,0.707107,0.707107
arm_1,193.207000,0.000000,-0.350000,0.600000,0.000000,0.000000,0.707107,0.707107
arm_1,193.218000,0.000000,-0.350000,0.600000,0.000000,0.000000,0.707107,0.707107
arm_1,193.228000,0.000000,-0.350000,0.600000,0.000000,0.000000,0.707107,0.707107
arm_1,193.238000,0.000000,-0.350000,0.600000,0.000000,0.000000,0.707107,0.707107
arm_1,193.249000,0.000000,-0.350000,0.600000,0.000000,0.000000,0.707107,0.707107
arm_1,193.260000,0.000000,-0.350000,0.600000,0.000000,0.000000,0.707107,0.707107
arm_1,193.270000,0.000000,-0.350000,0.600000,0.000000,0.000000,0.707107,0.707107
arm_1,193.281000,0.000000,-0.350000,0.600000,0.000000,0.000000,0.707107,0.707107
arm_1,193.291000,0.000000,-0.350000,0.600000,0.000000,0.000000,0.707107,0.707107
arm_1,193.301000,0.000000,-0.350000,0.600000,0.000000,0.000000,0.707107,0.707107
arm_1,193.310000,0.000000,-0.350000,0.600000,0.000000,0.000000,0.707107,0.707107
arm_1,193.319000,0.000000,-0.350000,0.600000,0.000000,0.000000,0.707107,0.707107
arm_1,193.328000,0.000000,-0.350000,0.600000,0.000000,0.000000,0.707107,0.707107
arm_1,193.337000,0.000000,-0.350000,0.600000,0.000000,0.000000,0.707107,0.707107
arm_1,193.346000,0.000000,-0.350000,0.600000,0.000000,0.000000,0.707107,0.707107
arm_1,193.356000,0.000000,-0.350000,0.600000,0.000000,0.000000,0.707107,0.707107
arm_1,193.367000,0.000000,-0.350000,0.600000,0.000000,0.000000,0.707107,0.707107
arm_1,193.378000,0.000000,-0.350000,0.600000,0.000000,0.000000,0.707107,0.707107
arm_1,193.389000,0.000000,-0.350000,0.600000,0.000000,0.000000,0.707107,0.707107
arm_1,193.400000,0.000000,-0.350000,0.600000,0.000000,0.000000,0.707107,0.707107
arm_1,193.411000,0.000000,-0.350000,0.600000,0.000000,0.000000,0.707107,0.707107
arm_1,193.422000,0.000000,-0.350000,0.600000,0.000000,0.000000,0.707107,0.707107
arm_1,193.433000,0.000000,-0.350000,0.600000,0.000000,0.000000,0.707107,0.707107
arm_1,193.444000,0.000000,-0.350000,0.600000,0.000000,0.000000,0.707107,0.707107
arm_1,193.455000,0.000000,-0.350000,0.600000,0.000000,0.000000,0.707107,0.707107
arm_1,193.466000,0.000000,-0.350000,0.600000,0.000000,0.000000,0.707107,0.707107
arm_1,193.477000,0.000000,-0.350000,0.600000,0.000000,0.000000,0.707107,0.707107
arm_1,193.488000,0.000000,-0.350000,0.600000,0.000000,0.000000,0.707107,0.707107
arm_1,193.497000,0.000000,-0.350000,0.600000,0.000000,0.000000,0.707107,0.707107
arm_1,193.507000,0.000000,-0.350000,0.600000,0.000000,0.000000,0.707107,0.707107
arm_1,193.516000,0.000000,-0.350000,0.600000,0.000000,0.000000,0.707107,0.707107
arm_1,193.525000,0.000000,-0.350000,0.600000,0.000000,0.000000,0.707107,0.707107
arm_1,193.535000,0.000000,-0.350000,0.600000,0.000000,0.000000,0.707107,0.707107
arm_1,193.543000,0.000000,-0.350000,0.600000,0.000000,0.000000,0.707107,0.707107
arm_1,193.553000,0.000000,-0.350000,0.600000,0.000000,0.000000,0.707107,0.707107
arm_1,193.564000,0.000000,-0.350000,0.600000,0.000000,0.000000,0.707107,0.707107
arm_1,193.575000,0.000000,-0.350000,0.600000,0.000000,0.000000,0.707107,0.707107
arm_1,193.586000,0.000000,-0.350000,0.600000,0.000000,0.000000,0.707107,0.707107
arm_1,193.597000,0.000000,-0.350000,0.600000,0.000000,0.000000,0.707107,0.707107
arm_1,193.608000,0.000000,-0.350000,0.600000,0.000000,0.000000,0.707107,0.707107
arm_1,193.619000,0.000000,-0.350000,0.600000,0.000000,0.000000,0.707107,0.707107
arm_1,193.629000,0.000000,-0.350000,0.600000,0.000000,0.000000,0.707107,0.707107
arm_1,193.639000,0.000000,-0.350000,0.600000,0.000000,0.000000,0.707107,0.707107
arm_1,193.649000,0.000000,-0.350000,0.600000,0.000000,0.000000,0.707107,0.707107
arm_1,193.659000,0.000000,-0.350000,0.600000,0.000000,0.000000,0.707107,0.707107
arm_1,193.669000,0.000000,-0.350000,0.600000,0.000000,0.000000,0.707107,0.707107
arm_1,193.680000,0.000000,-0.350000,0.600000,0.000000,0.000000,0.707107,0.707107
arm_1,193.691000,0.000000,-0.350000,0.600000,0.000000,0.000000,0.707107,0.707107
arm_1,193.702000,0.000000,-0.350000,0.600000,0.000000,0.000000,0.707107,0.707107
arm_1,193.713000,0.000000,-0.350000,0.600000,0.000000,0.000000,0.707107,0.707107
arm_1,193.723000,0.000000,-0.350000,0.600000,0.000000,0.000000,0.707107,0.707107
arm_1,193.734000,0.000000,-0.350000,0.600000,0.000000,0.000000,0.707107,0.707107
arm_1,193.745000,0.000000,-0.350000,0.600000,0.000000,0.000000,0.707107,0.707107
arm_1,193.756000,0.000000,-0.350000,0.600000,0.000000,0.000000,0.707107,0.707107
arm_1,193.767000,0.000000,-0.350000,0.600000,0.000000,0.000000,0.707107,0.707107
arm_1,193.778000,0.000000,-0.350000,0.600000,0.000000,0.000000,0.707107,0.707107
arm_1,193.789000,0.000000,-0.350000,0.600000,0.000000,0.000000,0.707107,0.707107
arm_1,193.800000,0.000000,-0.350000,0.600000,0.000000,0.000000,0.707107,0.707107
arm_1,193.811000,0.000000,-0.350000,0.600000,0.000000,0.000000,0.707107,0.707107
arm_1,193.822000,0.000000,-0.350000,0.600000,0.000000,0.000000,0.707107,0.707107
arm_1,193.833000,0.000000,-0.350000,0.600000,0.000000,0.000000,0.707107,0.707107
arm_1,193.844000,0.000000,-0.350000,0.600000,0.000000,0.000000,0.707107,0.707107
arm_1,193.855000,0.000000,-0.350000,0.600000,0.000000,0.000000,0.707107,0.707107
arm_1,193.866000,0.000000,-0.350000,0.600000,0.000000,0.000000,0.707107,0.707107
arm_1,193.877000,0.000000,-0.350000,0.600000,0.000000,0.000000,0.707107,0.707107
arm_1,193.888000,0.000000,-0.350000,0.600000,0.000000,0.000000,0.707107,0.707107
arm_1,193.897000,0.000000,-0.350000,0.600000,0.000000,0.000000,0.707107,0.707107
arm_1,193.907000,0.000000,-0.350000,0.600000,0.000000,0.000000,0.707107,0.707107
arm_1,193.918000,0.000000,-0.350000,0.600000,0.000000,0.000000,0.707107,0.707107
arm_1,193.928000,0.000000,-0.350000,0.600000,0.000000,0.000000,0.707107,0.707107
arm_1,193.937000,0.000000,-0.350000,0.600000,0.000000,0.000000,0.707107,0.707107
arm_1,193.946000,0.000000,-0.350000,0.600000,0.000000,0.000000,0.707107,0.707107
arm_1,193.957000,0.000000,-0.350000,0.600000,0.000000,0.000000,0.707107,0.707107
arm_1,193.967000,0.000000,-0.350000,0.600000,0.000000,0.000000,0.707107,0.707107
arm_1,193.977000,0.000000,-0.350000,0.600000,0.000000,0.000000,0.707107,0.707107
arm_1,193.988000,0.000000,-0.350000,0.600000,0.000000,0.000000,0.707107,0.707107
arm_1,193.998000,0.000000,-0.350000,0.600000,0.000000,0.000000,0.707107,0.707107
arm_1,194.008000,0.000000,-0.350000,0.600000,0.000000,0.000000,0.707107,0.707107
arm_1,194.018000,0.000000,-0.350000,0.600000,0.000000,0.000000,0.707107,0.707107
arm_1,194.028000,0.000000,-0.350000,0.600000,0.000000,0.000000,0.707107,0.707107
arm_1,194.038000,0.000000,-0.350000,0.600000,0.000000,0.000000,0.707107,0.707107
arm_1,194.049000,0.000000,-0.350000,0.600000,0.000000,0.000000,0.707107,0.707107
arm_1,194.060000,0.000000,-0.350000,0.600000,0.000000,0.000000,0.707107,0.707107
arm_1,194.070000,0.000000,-0.350000,0.600000,0.000000,0.000000,0.707107,0.707107
arm_1,194.080000,0.000000,-0.350000,0.600000,0.000000,0.000000,0.707107,0.707107
arm_1,194.090000,0.000000,-0.350000,0.600000,0.000000,0.000000,0.707107,0.707107
arm_1,194.101000,0.000000,-0.350000,0.600000,0.000000,0.000000,0.707107,0.707107
arm_1,194.112000,0.000000,-0.350000,0.600000,0.000000,0.000000,0.707107,0.707107
arm_1,194.123000,0.000000,-0.350000,0.600000,0.000000,0.000000,0.707107,0.707107
arm_1,194.133000,0.000000,-0.350000,0.600000,0.000000,0.000000,0.707107,0.707107
arm_1,194.142000,0.000000,-0.350000,0.600000,0.000000,0.000000,0.707107,0.707107
arm_1,194.152000,0.000000,-0.350000,0.600000,0.000000,0.000000,0.707107,0.707107
arm_1,194.162000,0.000000,-0.350000,0.600000,0.000000,0.000000,0.707107,0.707107
arm_1,194.173000,0.000000,-0.350000,0.600000,0.000000,0.000000,0.707107,0.707107
arm_1,194.183000,0.000000,-0.350000,0.600000,0.000000,0.000000,0.707107,0.707107
arm_1,194.193000,0.000000,-0.350000,0.600000,0.000000,0.000000,0.707107,0.707107
arm_1,194.204000,0.000000,-0.350000,0.600000,0.000000,0.000000,0.707107,0.707107
arm_1,194.214000,0.000000,-0.350000,0.600000,0.000000,0.000000,0.707107,0.707107
arm_1,194.223000,0.000000,-0.350000,0.600000,0.000000,0.000000,0.707107,0.707107
arm_1,194.232000,0.000000,-0.350000,0.600000,0.000000,0.000000,0.707107,0.707107
arm_1,194.243000,0.000000,-0.350000,0.600000,0.000000,0.000000,0.707107,0.707107
arm_1,194.254000,0.000000,-0.350000,0.600000,0.000000,0.000000,0.707107,0.707107
arm_1,194.265000,0.000000,-0.350000,0.600000,0.000000,0.000000,0.707107,0.707107
arm_1,194.275000,0.000000,-0.350000,0.600000,0.000000,0.000000,0.707107,0.707107
arm_1,194.285000,0.000000,-0.350000,0.600000,0.000000,0.000000,0.707107,0.707107
arm_1,194.296000,0.000000,-0.350000,0.600000,0.000000,0.000000,0.707107,0.707107
arm_1,194.307000,0.000000,-0.350000,0.600000,0.000000,0.000000,0.707107,0.707107
arm_1,194.318000,0.000000,-0.350000,0.600000,0.000000,0.000000,0.707107,0.707107
arm_1,194.328000,0.000000,-0.350000,0.600000,0.000000,0.000000,0.707107,0.707107
arm_1,194.338000,0.000000,-0.350000,0.600000,0.000000,0.000000,0.707107,0.707107
arm_1,194.349000,0.000000,-0.350000,0.600000,0.000000,0.000000,0.707107,0.707107
arm_1,194.360000,0.000000,-0.350000,0.600000,0.000000,0.000000,0.707107,0.707107
arm_1,194.370000,0.000000,-0.350000,0.600000,0.000000,0.000000,0.707107,0.707107
arm_1,194.381000,0.000000,-0.350000,0.600000,0.000000,0.000000,0.707107,0.707107
arm_1,194.391000,0.000000,-0.350000,0.600000,0.000000,0.000000,0.707107,0.707107
arm_1,194.402000,0.000000,-0.350000,0.600000,0.000000,0.000000,0.707107,0.707107
arm_1,194.413000,0.000000,-0.350000,0.600000,0.000000,0.000000,0.707107,0.707107
arm_1,194.424000,0.000000,-0.350000,0.600000,0.000000,0.000000,0.707107,0.707107
arm_1,194.435000,0.000000,-0.350000,0.600000,0.000000,0.000000,0.707107,0.707107
arm_1,194.446000,0.000000,-0.350000,0.600000,0.000000,0.000000,0.707107,0.707107
arm_1,194.455000,0.000000,-0.350000,0.600000,0.000000,0.000000,0.707107,0.707107
arm_1,194.464000,0.000000,-0.350000,0.600000,0.000000,0.000000,0.707107,0.707107
arm_1,194.474000,0.000000,-0.350000,0.600000,0.000000,0.000000,0.707107,0.707107
arm_1,194.479000,0.000000,-0.350000,0.600000,0.000000,0.000000,0.707107,0.707107
arm_1,194.487000,0.000000,-0.350000,0.600000,0.000000,0.000000,0.707107,0.707107
arm_1,194.496000,0.000000,-0.350000,0.600000,0.000000,0.000000,0.707107,0.707107
arm_1,194.505000,0.000000,-0.350000,0.600000,0.000000,0.000000,0.707107,0.707107
arm_1,194.513000,0.000000,-0.350000,0.600000,0.000000,0.000000,0.707107,0.707107
arm_1,194.522000,0.000000,-0.350000,0.600000,0.000000,0.000000,0.707107,0.707107
arm_1,194.532000,0.000000,-0.350000,0.600000,0.000000,0.000000,0.707107,0.707107
arm_1,194.541000,0.000000,-0.350000,0.600000,0.000000,0.000000,0.707107,0.707107
arm_1,194.550000,0.000000,-0.350000,0.600000,0.000000,0.000000,0.707107,0.707107
arm_1,194.559000,0.000000,-0.350000,0.600000,0.000000,0.000000,0.707107,0.707107
arm_1,194.569000,0.000000,-0.350000,0.600000,0.000000,0.000000,0.707107,0.707107
arm_1,194.579000,0.000000,-0.350000,0.600000,0.000000,0.000000,0.707107,0.707107
arm_1,194.583000,0.000000,-0.350000,0.600000,0.000000,0.000000,0.707107,0.707107
arm_1,194.591000,0.000000,-0.350000,0.600000,0.000000,0.000000,0.707107,0.707107
arm_1,194.601000,0.000000,-0.350000,0.600000,0.000000,0.000000,0.707107,0.707107
arm_1,194.612000,0.000000,-0.350000,0.600000,0.000000,0.000000,0.707107,0.707107
arm_1,194.623000,0.000000,-0.350000,0.600000,0.000000,0.000000,0.707107,0.707107
arm_1,194.634000,0.000000,-0.350000,0.600000,0.000000,0.000000,0.707107,0.707107
arm_1,194.644000,0.000000,-0.350000,0.600000,0.000000,0.000000,0.707107,0.707107
arm_1,194.655000,0.000000,-0.350000,0.600000,0.000000,0.000000,0.707107,0.707107
arm_1,194.666000,0.000000,-0.350000,0.600000,0.000000,0.000000,0.707107,0.707107
arm_1,194.676000,0.000000,-0.350000,0.600000,0.000000,0.000000,0.707107,0.707107
arm_1,194.686000,0.000000,-0.350000,0.600000,0.000000,0.000000,0.707107,0.707107
arm_1,194.696000,0.000000,-0.350000,0.600000,0.000000,0.000000,0.707107,0.707107
arm_1,194.706000,0.000000,-0.350000,0.600000,0.000000,0.000000,0.707107,0.707107
arm_1,194.717000,0.000000,-0.350000,0.600000,0.000000,0.000000,0.707107,0.707107
arm_1,194.728000,0.000000,-0.350000,0.600000,0.000000,0.000000,0.707107,0.707107
arm_1,194.739000,0.000000,-0.350000,0.600000,0.000000,0.000000,0.707107,0.707107
arm_1,194.750000,0.000000,-0.350000,0.600000,0.000000,0.000000,0.707107,0.707107
arm_1,194.761000,0.000000,-0.350000,0.600000,0.000000,0.000000,0.707107,0.707107
arm_1,194.771000,0.000000,-0.350000,0.600000,0.000000,0.000000,0.707107,0.707107
arm_1,194.782000,0.000000,-0.350000,0.600000,0.000000,0.000000,0.707107,0.707107
arm_1,194.793000,0.000000,-0.350000,0.600000,0.000000,0.000000,0.707107,0.707107
arm_1,194.803000,0.000000,-0.350000,0.600000,0.000000,0.000000,0.707107,0.707107
arm_1,194.812000,0.000000,-0.350000,0.600000,0.000000,0.000000,0.707107,0.707107
arm_1,194.819000,0.000000,-0.350000,0.600000,0.000000,0.000000,0.707107,0.707107
arm_1,194.827000,0.000000,-0.350000,0.600000,0.000000,0.000000,0.707107,0.707107
arm_1,194.832000,0.000000,-0.350000,0.600000,0.000000,0.000000,0.707107,0.707107
arm_1,194.841000,0.000000,-0.350000,0.600000,0.000000,0.000000,0.707107,0.707107
arm_1,194.852000,0.000000,-0.350000,0.600000,0.000000,0.000000,0.707107,0.707107
arm_1,194.862000,0.000000,-0.350000,0.600000,0.000000,0.000000,0.707107,0.707107
arm_1,194.873000,0.000000,-0.350000,0.600000,0.000000,0.000000,0.707107,0.707107
arm_1,194.883000,0.000000,-0.350000,0.600000,0.000000,0.000000,0.707107,0.707107
arm_1,194.893000,0.000000,-0.350000,0.600000,0.000000,0.000000,0.707107,0.707107
arm_1,194.903000,0.000000,-0.350000,0.600000,0.000000,0.000000,0.707107,0.707107
arm_1,194.914000,0.000000,-0.350000,0.600000,0.000000,0.000000,0.707107,0.707107
arm_1,194.924000,0.000000,-0.350000,0.600000,0.000000,0.000000,0.707107,0.707107
arm_1,194.933000,0.000000,-0.350000,0.600000,0.000000,0.000000,0.707107,0.707107
arm_1,194.943000,0.000000,-0.350000,0.600000,0.000000,0.000000,0.707107,0.707107
arm_1,194.953000,0.000000,-0.350000,0.600000,0.000000,0.000000,0.707107,0.707107
arm_1,194.963000,0.000000,-0.350000,0.600000,0.000000,0.000000,0.707107,0.707107
arm_1,194.974000,0.000000,-0.350000,0.600000,0.000000,0.000000,0.707107,0.707107
arm_1,194.984000,0.000000,-0.350000,0.600000,0.000000,0.000000,0.707107,0.707107
arm_1,194.994000,0.000000,-0.350000,0.600000,0.000000,0.000000,0.707107,0.707107
arm_1,195.002000,0.000000,-0.350000,0.600000,0.000000,0.000000,0.707107,0.707107
arm_1,195.011000,0.000000,-0.350000,0.600000,0.000000,0.000000,0.707107,0.707107
arm_1,195.020000,0.000000,-0.350000,0.600000,0.000000,0.000000,0.707107,0.707107
arm_1,195.029000,0.000000,-0.350000,0.600000,0.000000,0.000000,0.707107,0.707107
arm_1,195.039000,0.000000,-0.350000,0.600000,0.000000,0.000000,0.707107,0.707107
arm_1,195.049000,0.000000,-0.350000,0.600000,0.000000,0.000000,0.707107,0.707107
arm_1,195.059000,0.000000,-0.350000,0.600000,0.000000,0.000000,0.707107,0.707107
arm_1,195.069000,0.000000,-0.350000,0.600000,0.000000,0.000000,0.707107,0.707107
arm_1,195.079000,0.000000,-0.350000,0.600000,0.000000,0.000000,0.707107,0.707107
arm_1,195.089000,0.000000,-0.350000,0.600000,0.000000,0.000000,0.707107,0.707107
arm_1,195.099000,0.000000,-0.350000,0.600000,0.000000,0.000000,0.707107,0.707107
arm_1,195.109000,0.000000,-0.350000,0.600000,0.000000,0.000000,0.707107,0.707107
arm_1,195.119000,0.000000,-0.350000,0.600000,0.000000,0.000000,0.707107,0.707107
arm_1,195.129000,0.000000,-0.350000,0.600000,0.000000,0.000000,0.707107,0.707107
arm_1,195.138000,0.000000,-0.350000,0.600000,0.000000,0.000000,0.707107,0.707107
arm_1,195.148000,0.000000,-0.350000,0.600000,0.000000,0.000000,0.707107,0.707107
arm_1,195.155000,0.000000,-0.350000,0.600000,0.000000,0.000000,0.707107,0.707107
arm_1,195.162000,0.000000,-0.350000,0.600000,0.000000,0.000000,0.707107,0.707107
arm_1,195.171000,0.000000,-0.350000,0.600000,0.000000,0.000000,0.707107,0.707107
arm_1,195.181000,0.000000,-0.350000,0.600000,0.000000,0.000000,0.707107,0.707107
arm_1,195.191000,0.000000,-0.350000,0.600000,0.000000,0.000000,0.707107,0.707107
arm_1,195.201000,0.000000,-0.350000,0.600000,0.000000,0.000000,0.707107,0.707107
arm_1,195.211000,0.000000,-0.350000,0.600000,0.000000,0.000000,0.707107,0.707107
arm_1,195.221000,0.000000,-0.350000,0.600000,0.000000,0.000000,0.707107,0.707107
arm_1,195.231000,0.000000,-0.350000,0.600000,0.000000,0.000000,0.707107,0.707107
arm_1,195.242000,0.000000,-0.350000,0.600000,0.000000,0.000000,0.707107,0.707107
arm_1,195.252000,0.000000,-0.350000,0.600000,0.000000,0.000000,0.707107,0.707107
arm_1,195.263000,0.000000,-0.350000,0.600000,0.000000,0.000000,0.707107,0.707107
arm_1,195.273000,0.000000,-0.350000,0.600000,0.000000,0.000000,0.707107,0.707107
arm_1,195.283000,0.000000,-0.350000,0.600000,0.000000,0.000000,0.707107,0.707107
arm_1,195.294000,0.000000,-0.350000,0.600000,0.000000,0.000000,0.707107,0.707107
arm_1,195.304000,0.000000,-0.350000,0.600000,0.000000,0.000000,0.707107,0.707107
arm_1,195.314000,0.000000,-0.350000,0.600000,0.000000,0.000000,0.707107,0.707107
arm_1,195.325000,0.000000,-0.350000,0.600000,0.000000,0.000000,0.707107,0.707107
arm_1,195.335000,0.000000,-0.350000,0.600000,0.000000,0.000000,0.707107,0.707107
arm_1,195.345000,0.000000,-0.350000,0.600000,0.000000,0.000000,0.707107,0.707107
arm_1,195.356000,0.000000,-0.350000,0.600000,0.000000,0.000000,0.707107,0.707107
arm_1,195.366000,0.000000,-0.350000,0.600000,0.000000,0.000000,0.707107,0.707107
arm_1,195.376000,0.000000,-0.350000,0.600000,0.000000,0.000000,0.707107,0.707107
arm_1,195.386000,0.000000,-0.350000,0.600000,0.000000,0.000000,0.707107,0.707107
arm_1,195.396000,0.000000,-0.350000,0.600000,0.000000,0.000000,0.707107,0.707107
arm_1,195.405000,0.000000,-0.350000,0.600000,0.000000,0.000000,0.707107,0.707107
arm_1,195.415000,0.000000,-0.350000,0.600000,0.000000,0.000000,0.707107,0.707107
arm_1,195.424000,0.000000,-0.350000,0.600000,0.000000,0.000000,0.707107,0.707107
arm_1,195.434000,0.000000,-0.350000,0.600000,0.000000,0.000000,0.707107,0.707107
arm_1,195.444000,0.000000,-0.350000,0.600000,0.000000,0.000000,0.707107,0.707107
arm_1,195.454000,0.000000,-0.350000,0.600000,0.000000,0.000000,0.707107,0.707107
arm_1,195.464000,0.000000,-0.350000,0.600000,0.000000,0.000000,0.707107,0.707107
arm_1,195.475000,0.000000,-0.350000,0.600000,0.000000,0.000000,0.707107,0.707107
arm_1,195.484000,0.000000,-0.350000,0.600000,0.000000,0.000000,0.707107,0.707107
arm_1,195.493000,0.000000,-0.350000,0.600000,0.000000,0.000000,0.707107,0.707107
arm_1,195.503000,0.000000,-0.350000,0.600000,0.000000,0.000000,0.707107,0.707107
arm_1,195.514000,0.000000,-0.350000,0.600000,0.000000,0.000000,0.707107,0.707107
arm_1,195.524000,0.000000,-0.350000,0.600000,0.000000,0.000000,0.707107,0.707107
arm_1,195.534000,0.000000,-0.350000,0.600000,0.000000,0.000000,0.707107,0.707107
arm_1,195.544000,0.000000,-0.350000,0.600000,0.000000,0.000000,0.707107,0.707107
arm_1,195.554000,0.000000,-0.350000,0.600000,0.000000,0.000000,0.707107,0.707107
arm_1,195.564000,0.000000,-0.350000,0.600000,0.000000,0.000000,0.707107,0.707107
arm_1,195.573000,0.000000,-0.350000,0.600000,0.000000,0.000000,0.707107,0.707107
arm_1,195.583000,0.000000,-0.350000,0.600000,0.000000,0.000000,0.707107,0.707107
arm_1,195.593000,0.000000,-0.350000,0.600000,0.000000,0.000000,0.707107,0.707107
arm_1,195.603000,0.000000,-0.350000,0.600000,0.000000,0.000000,0.707107,0.707107
arm_1,195.613000,0.000000,-0.350000,0.600000,0.000000,0.000000,0.707107,0.707107
arm_1,195.623000,0.000000,-0.350000,0.600000,0.000000,0.000000,0.707107,0.707107
arm_1,195.632000,0.000000,-0.350000,0.600000,0.000000,0.000000,0.707107,0.707107
arm_1,195.638000,0.000000,-0.350000,0.600000,0.000000,0.000000,0.707107,0.707107
arm_1,195.648000,0.000000,-0.350000,0.600000,0.000000,0.000000,0.707107,0.707107
arm_1,195.658000,0.000000,-0.350000,0.600000,0.000000,0.000000,0.707107,0.707107
arm_1,195.667000,0.000000,-0.350000,0.600000,0.000000,0.000000,0.707107,0.707107
arm_1,195.677000,0.000000,-0.350000,0.600000,0.000000,0.000000,0.707107,0.707107
arm_1,195.686000,0.000000,-0.350000,0.600000,0.000000,0.000000,0.707107,0.707107
arm_1,195.696000,0.000000,-0.350000,0.600000,0.000000,0.000000,0.707107,0.707107
arm_1,195.705000,0.000000,-0.350000,0.600000,0.000000,0.000000,0.707107,0.707107
arm_1,195.715000,0.000000,-0.350000,0.600000,0.000000,0.000000,0.707107,0.707107
arm_1,195.724000,0.000000,-0.350000,0.600000,0.000000,0.000000,0.707107,0.707107
arm_1,195.734000,0.000000,-0.350000,0.600000,0.000000,0.000000,0.707107,0.707107
arm_1,195.744000,0.000000,-0.350000,0.600000,0.000000,0.000000,0.707107,0.707107
arm_1,195.754000,0.000000,-0.350000,0.600000,0.000000,0.000000,0.707107,0.707107
arm_1,195.763000,0.000000,-0.350000,0.600000,0.000000,0.000000,0.707107,0.707107
arm_1,195.773000,0.000000,-0.350000,0.600000,0.000000,0.000000,0.707107,0.707107
arm_1,195.783000,0.000000,-0.350000,0.600000,0.000000,0.000000,0.707107,0.707107
arm_1,195.793000,0.000000,-0.350000,0.600000,0.000000,0.000000,0.707107,0.707107
arm_1,195.803000,0.000000,-0.350000,0.600000,0.000000,0.000000,0.707107,0.707107
arm_1,195.814000,0.000000,-0.350000,0.600000,0.000000,0.000000,0.707107,0.707107
arm_1,195.825000,0.000000,-0.350000,0.600000,0.000000,0.000000,0.707107,0.707107
arm_1,195.836000,0.000000,-0.350000,0.600000,0.000000,0.000000,0.707107,0.707107
arm_1,195.847000,0.000000,-0.350000,0.600000,0.000000,0.000000,0.707107,0.707107
arm_1,195.857000,0.000000,-0.350000,0.600000,0.000000,0.000000,0.707107,0.707107
arm_1,195.867000,0.000000,-0.350000,0.600000,0.000000,0.000000,0.707107,0.707107
arm_1,195.877000,0.000000,-0.350000,0.600000,0.000000,0.000000,0.707107,0.707107
arm_1,195.887000,0.000000,-0.350000,0.600000,0.000000,0.000000,0.707107,0.707107
arm_1,195.898000,0.000000,-0.350000,0.600000,0.000000,0.000000,0.707107,0.707107
arm_1,195.908000,0.000000,-0.350000,0.600000,0.000000,0.000000,0.707107,0.707107
arm_1,195.918000,0.000000,-0.350000,0.600000,0.000000,0.000000,0.707107,0.707107
arm_1,195.928000,0.000000,-0.350000,0.600000,0.000000,0.000000,0.707107,0.707107
arm_1,195.937000,0.000000,-0.350000,0.600000,0.000000,0.000000,0.707107,0.707107
arm_1,195.946000,0.000000,-0.350000,0.600000,0.000000,0.000000,0.707107,0.707107
arm_1,195.956000,0.000000,-0.350000,0.600000,0.000000,0.000000,0.707107,0.707107
arm_1,195.966000,0.000000,-0.350000,0.600000,0.000000,0.000000,0.707107,0.707107
arm_1,195.976000,0.000000,-0.350000,0.600000,0.000000,0.000000,0.707107,0.707107
arm_1,195.985000,0.000000,-0.350000,0.600000,0.000000,0.000000,0.707107,0.707107
arm_1,195.995000,0.000000,-0.350000,0.600000,0.000000,0.000000,0.707107,0.707107
arm_1,196.002000,0.000000,-0.350000,0.600000,0.000000,0.000000,0.707107,0.707107
arm_1,196.010000,0.000000,-0.350000,0.600000,0.000000,0.000000,0.707107,0.707107
arm_1,196.020000,0.000000,-0.350000,0.600000,0.000000,0.000000,0.707107,0.707107
arm_1,196.030000,0.000000,-0.350000,0.600000,0.000000,0.000000,0.707107,0.707107
arm_1,196.040000,0.000000,-0.350000,0.600000,0.000000,0.000000,0.707107,0.707107
arm_1,196.050000,0.000000,-0.350000,0.600000,0.000000,0.000000,0.707107,0.707107
arm_1,196.060000,0.000000,-0.350000,0.600000,0.000000,0.000000,0.707107,0.707107
arm_1,196.070000,0.000000,-0.350000,0.600000,0.000000,0.000000,0.707107,0.707107
arm_1,196.080000,0.000000,-0.350000,0.600000,0.000000,0.000000,0.707107,0.707107
arm_1,196.090000,0.000000,-0.350000,0.600000,0.000000,0.000000,0.707107,0.707107
arm_1,196.100000,0.000000,-0.350000,0.600000,0.000000,0.000000,0.707107,0.707107
arm_1,196.110000,0.000000,-0.350000,0.600000,0.000000,0.000000,0.707107,0.707107
arm_1,196.120000,0.000000,-0.350000,0.600000,0.000000,0.000000,0.707107,0.707107
arm_1,196.130000,0.000000,-0.350000,0.600000,0.000000,0.000000,0.707107,0.707107
arm_1,196.140000,0.000000,-0.350000,0.600000,0.000000,0.000000,0.707107,0.707107
arm_1,196.150000,0.000000,-0.350000,0.600000,0.000000,0.000000,0.707107,0.707107
arm_1,196.160000,0.000000,-0.350000,0.600000,0.000000,0.000000,0.707107,0.707107
arm_1,196.170000,0.000000,-0.350000,0.600000,0.000000,0.000000,0.707107,0.707107
arm_1,196.180000,0.000000,-0.350000,0.600000,0.000000,0.000000,0.707107,0.707107
arm_1,196.191000,0.000000,-0.350000,0.600000,0.000000,0.000000,0.707107,0.707107
arm_1,196.199000,0.000000,-0.350000,0.600000,0.000000,0.000000,0.707107,0.707107
arm_1,196.209000,0.000000,-0.350000,0.600000,0.000000,0.000000,0.707107,0.707107
arm_1,196.220000,0.000000,-0.350000,0.600000,0.000000,0.000000,0.707107,0.707107
arm_1,196.230000,0.000000,-0.350000,0.600000,0.000000,0.000000,0.707107,0.707107
arm_1,196.240000,0.000000,-0.350000,0.600000,0.000000,0.000000,0.707107,0.707107
arm_1,196.250000,0.000000,-0.350000,0.600000,0.000000,0.000000,0.707107,0.707107
arm_1,196.261000,0.000000,-0.350000,0.600000,0.000000,0.000000,0.707107,0.707107
arm_1,196.270000,0.000000,-0.350000,0.600000,0.000000,0.000000,0.707107,0.707107
arm_1,196.280000,0.000000,-0.350000,0.600000,0.000000,0.000000,0.707107,0.707107
arm_1,196.290000,0.000000,-0.350000,0.600000,0.000000,0.000000,0.707107,0.707107
arm_1,196.301000,0.000000,-0.350000,0.600000,0.000000,0.000000,0.707107,0.707107
arm_1,196.311000,0.000000,-0.350000,0.600000,0.000000,0.000000,0.707107,0.707107
arm_1,196.321000,0.000000,-0.350000,0.600000,0.000000,0.000000,0.707107,0.707107
arm_1,196.330000,0.000000,-0.350000,0.600000,0.000000,0.000000,0.707107,0.707107
arm_1,196.340000,0.000000,-0.350000,0.600000,0.000000,0.000000,0.707107,0.707107
arm_1,196.350000,0.000000,-0.350000,0.600000,0.000000,0.000000,0.707107,0.707107
arm_1,196.359000,0.000000,-0.350000,0.600000,0.000000,0.000000,0.707107,0.707107
arm_1,196.369000,0.000000,-0.350000,0.600000,0.000000,0.000000,0.707107,0.707107
arm_1,196.378000,0.000000,-0.350000,0.600000,0.000000,0.000000,0.707107,0.707107
arm_1,196.388000,0.000000,-0.350000,0.600000,0.000000,0.000000,0.707107,0.707107
arm_1,196.398000,0.000000,-0.350000,0.600000,0.000000,0.000000,0.707107,0.707107
arm_1,196.409000,0.000000,-0.350000,0.600000,0.000000,0.000000,0.707107,0.707107
arm_1,196.419000,0.000000,-0.350000,0.600000,0.000000,0.000000,0.707107,0.707107
arm_1,196.430000,0.000000,-0.350000,0.600000,0.000000,0.000000,0.707107,0.707107
arm_1,196.440000,0.000000,-0.350000,0.600000,0.000000,0.000000,0.707107,0.707107
arm_1,196.450000,0.000000,-0.350000,0.600000,0.000000,0.000000,0.707107,0.707107
arm_1,196.460000,0.000000,-0.350000,0.600000,0.000000,0.000000,0.707107,0.707107
arm_1,196.470000,0.000000,-0.350000,0.600000,0.000000,0.000000,0.707107,0.707107
arm_1,196.480000,0.000000,-0.350000,0.600000,0.000000,0.000000,0.707107,0.707107
arm_1,196.491000,0.000000,-0.350000,0.600000,0.000000,0.000000,0.707107,0.707107
arm_1,196.502000,0.000000,-0.350000,0.600000,0.000000,0.000000,0.707107,0.707107
arm_1,196.513000,0.000000,-0.350000,0.600000,0.000000,0.000000,0.707107,0.707107
arm_1,196.524000,0.000000,-0.350000,0.600000,0.000000,0.000000,0.707107,0.707107
arm_1,196.535000,0.000000,-0.350000,0.600000,0.000000,0.000000,0.707107,0.707107
arm_1,196.546000,0.000000,-0.350000,0.600000,0.000000,0.000000,0.707107,0.707107
arm_1,196.557000,0.000000,-0.350000,0.600000,0.000000,0.000000,0.707107,0.707107
arm_1,196.568000,0.000000,-0.350000,0.600000,0.000000,0.000000,0.707107,0.707107
arm_1,196.579000,0.000000,-0.350000,0.600000,0.000000,0.000000,0.707107,0.707107
arm_1,196.590000,0.000000,-0.350000,0.600000,0.000000,0.000000,0.707107,0.707107
arm_1,196.601000,0.000000,-0.350000,0.600000,0.000000,0.000000,0.707107,0.707107
arm_1,196.611000,0.000000,-0.350000,0.600000,0.000000,0.000000,0.707107,0.707107
arm_1,196.622000,0.000000,-0.350000,0.600000,0.000000,0.000000,0.707107,0.707107
arm_1,196.633000,0.000000,-0.350000,0.600000,0.000000,0.000000,0.707107,0.707107
arm_1,196.644000,0.000000,-0.350000,0.600000,0.000000,0.000000,0.707107,0.707107
arm_1,196.654000,0.000000,-0.350000,0.600000,0.000000,0.000000,0.707107,0.707107
arm_1,196.663000,0.000000,-0.350000,0.600000,0.000000,0.000000,0.707107,0.707107
arm_1,196.672000,0.000000,-0.350000,0.600000,0.000000,0.000000,0.707107,0.707107
arm_1,196.680000,0.000000,-0.350000,0.600000,0.000000,0.000000,0.707107,0.707107
arm_1,196.689000,0.000000,-0.350000,0.600000,0.000000,0.000000,0.707107,0.707107
arm_1,196.696000,0.000000,-0.350000,0.600000,0.000000,0.000000,0.707107,0.707107
arm_1,196.704000,0.000000,-0.350000,0.600000,0.000000,0.000000,0.707107,0.707107
arm_1,196.712000,0.000000,-0.350000,0.600000,0.000000,0.000000,0.707107,0.707107
arm_1,196.722000,0.000000,-0.350000,0.600000,0.000000,0.000000,0.707107,0.707107
arm_1,196.732000,0.000000,-0.350000,0.600000,0.000000,0.000000,0.707107,0.707107
arm_1,196.742000,0.000000,-0.350000,0.600000,0.000000,0.000000,0.707107,0.707107
arm_1,196.753000,0.000000,-0.350000,0.600000,0.000000,0.000000,0.707107,0.707107
arm_1,196.761000,0.000000,-0.350000,0.600000,0.000000,0.000000,0.707107,0.707107
arm_1,196.768000,0.000000,-0.350000,0.600000,0.000000,0.000000,0.707107,0.707107
arm_1,196.777000,0.000000,-0.350000,0.600000,0.000000,0.000000,0.707107,0.707107
arm_1,196.786000,0.000000,-0.350000,0.600000,0.000000,0.000000,0.707107,0.707107
arm_1,196.796000,0.000000,-0.350000,0.600000,0.000000,0.000000,0.707107,0.707107
arm_1,196.806000,0.000000,-0.350000,0.600000,0.000000,0.000000,0.707107,0.707107
arm_1,196.816000,0.000000,-0.350000,0.600000,0.000000,0.000000,0.707107,0.707107
arm_1,196.827000,0.000000,-0.350000,0.600000,0.000000,0.000000,0.707107,0.707107
arm_1,196.837000,0.000000,-0.350000,0.600000,0.000000,0.000000,0.707107,0.707107
arm_1,196.847000,0.000000,-0.350000,0.600000,0.000000,0.000000,0.707107,0.707107
arm_1,196.851000,0.000000,-0.350000,0.600000,0.000000,0.000000,0.707107,0.707107
arm_1,196.861000,0.000000,-0.350000,0.600000,0.000000,0.000000,0.707107,0.707107
arm_1,196.870000,0.000000,-0.350000,0.600000,0.000000,0.000000,0.707107,0.707107
arm_1,196.880000,0.000000,-0.350000,0.600000,0.000000,0.000000,0.707107,0.707107
arm_1,196.889000,0.000000,-0.350000,0.600000,0.000000,0.000000,0.707107,0.707107
arm_1,196.899000,0.000000,-0.350000,0.600000,0.000000,0.000000,0.707107,0.707107
arm_1,196.909000,0.000000,-0.350000,0.600000,0.000000,0.000000,0.707107,0.707107
arm_1,196.920000,0.000000,-0.350000,0.600000,0.000000,0.000000,0.707107,0.707107
arm_1,196.929000,0.000000,-0.350000,0.600000,0.000000,0.000000,0.707107,0.707107
arm_1,196.939000,0.000000,-0.350000,0.600000,0.000000,0.000000,0.707107,0.707107
arm_1,196.949000,0.000000,-0.350000,0.600000,0.000000,0.000000,0.707107,0.707107
arm_1,196.959000,0.000000,-0.350000,0.600000,0.000000,0.000000,0.707107,0.707107
arm_1,196.970000,0.000000,-0.350000,0.600000,0.000000,0.000000,0.707107,0.707107
arm_1,196.980000,0.000000,-0.350000,0.600000,0.000000,0.000000,0.707107,0.707107
arm_1,196.990000,0.000000,-0.350000,0.600000,0.000000,0.000000,0.707107,0.707107
arm_1,197.001000,0.000000,-0.350000,0.600000,0.000000,0.000000,0.707107,0.707107
arm_1,197.012000,0.000000,-0.350000,0.600000,0.000000,0.000000,0.707107,0.707107
arm_1,197.022000,0.000000,-0.350000,0.600000,0.000000,0.000000,0.707107,0.707107
arm_1,197.033000,0.000000,-0.350000,0.600000,0.000000,0.000000,0.707107,0.707107
arm_1,197.043000,0.000000,-0.350000,0.600000,0.000000,0.000000,0.707107,0.707107
arm_1,197.054000,0.000000,-0.350000,0.600000,0.000000,0.000000,0.707107,0.707107
arm_1,197.065000,0.000000,-0.350000,0.600000,0.000000,0.000000,0.707107,0.707107
arm_1,197.076000,0.000000,-0.350000,0.600000,0.000000,0.000000,0.707107,0.707107
arm_1,197.087000,0.000000,-0.350000,0.600000,0.000000,0.000000,0.707107,0.707107
arm_1,197.098000,0.000000,-0.350000,0.600000,0.000000,0.000000,0.707107,0.707107
arm_1,197.109000,0.000000,-0.350000,0.600000,0.000000,0.000000,0.707107,0.707107
arm_1,197.120000,0.000000,-0.350000,0.600000,0.000000,0.000000,0.707107,0.707107
arm_1,197.131000,0.000000,-0.350000,0.600000,0.000000,0.000000,0.707107,0.707107
arm_1,197.142000,0.000000,-0.350000,0.600000,0.000000,0.000000,0.707107,0.707107
arm_1,197.152000,0.000000,-0.350000,0.600000,0.000000,0.000000,0.707107,0.707107
arm_1,197.163000,0.000000,-0.350000,0.600000,0.000000,0.000000,0.707107,0.707107
arm_1,197.174000,0.000000,-0.350000,0.600000,0.000000,0.000000,0.707107,0.707107
arm_1,197.184000,0.000000,-0.350000,0.600000,0.000000,0.000000,0.707107,0.707107
arm_1,197.193000,0.000000,-0.350000,0.600000,0.000000,0.000000,0.707107,0.707107
arm_1,197.202000,0.000000,-0.350000,0.600000,0.000000,0.000000,0.707107,0.707107
arm_1,197.212000,0.000000,-0.350000,0.600000,0.000000,0.000000,0.707107,0.707107
arm_1,197.222000,0.000000,-0.350000,0.600000,0.000000,0.000000,0.707107,0.707107
arm_1,197.233000,0.000000,-0.350000,0.600000,0.000000,0.000000,0.707107,0.707107
arm_1,197.243000,0.000000,-0.350000,0.600000,0.000000,0.000000,0.707107,0.707107
arm_1,197.254000,0.000000,-0.350000,0.600000,0.000000,0.000000,0.707107,0.707107
arm_1,197.265000,0.000000,-0.350000,0.600000,0.000000,0.000000,0.707107,0.707107
arm_1,197.275000,0.000000,-0.350000,0.600000,0.000000,0.000000,0.707107,0.707107
arm_1,197.285000,0.000000,-0.350000,0.600000,0.000000,0.000000,0.707107,0.707107
arm_1,197.295000,0.000000,-0.350000,0.600000,0.000000,0.000000,0.707107,0.707107
arm_1,197.305000,0.000000,-0.350000,0.600000,0.000000,0.000000,0.707107,0.707107
arm_1,197.315000,0.000000,-0.350000,0.600000,0.000000,0.000000,0.707107,0.707107
arm_1,197.326000,0.000000,-0.350000,0.600000,0.000000,0.000000,0.707107,0.707107
arm_1,197.337000,0.000000,-0.350000,0.600000,0.000000,0.000000,0.707107,0.707107
arm_1,197.348000,0.000000,-0.350000,0.600000,0.000000,0.000000,0.707107,0.707107
arm_1,197.358000,0.000000,-0.350000,0.600000,0.000000,0.000000,0.707107,0.707107
arm_1,197.368000,0.000000,-0.350000,0.600000,0.000000,0.000000,0.707107,0.707107
arm_1,197.379000,0.000000,-0.350000,0.600000,0.000000,0.000000,0.707107,0.707107
arm_1,197.389000,0.000000,-0.350000,0.600000,0.000000,0.000000,0.707107,0.707107
arm_1,197.400000,0.000000,-0.350000,0.600000,0.000000,0.000000,0.707107,0.707107
arm_1,197.409000,0.000000,-0.350000,0.600000,0.000000,0.000000,0.707107,0.707107
arm_1,197.417000,0.000000,-0.350000,0.600000,0.000000,0.000000,0.707107,0.707107
arm_1,197.426000,0.000000,-0.350000,0.600000,0.000000,0.000000,0.707107,0.707107
arm_1,197.436000,0.000000,-0.350000,0.600000,0.000000,0.000000,0.707107,0.707107
arm_1,197.446000,0.000000,-0.350000,0.600000,0.000000,0.000000,0.707107,0.707107
arm_1,197.456000,0.000000,-0.350000,0.600000,0.000000,0.000000,0.707107,0.707107
arm_1,197.466000,0.000000,-0.350000,0.600000,0.000000,0.000000,0.707107,0.707107
arm_1,197.476000,0.000000,-0.350000,0.600000,0.000000,0.000000,0.707107,0.707107
arm_1,197.485000,0.000000,-0.350000,0.600000,0.000000,0.000000,0.707107,0.707107
arm_1,197.495000,0.000000,-0.350000,0.600000,0.000000,0.000000,0.707107,0.707107
arm_1,197.505000,0.000000,-0.350000,0.600000,0.000000,0.000000,0.707107,0.707107
arm_1,197.514000,0.000000,-0.350000,0.600000,0.000000,0.000000,0.707107,0.707107
arm_1,197.524000,0.000000,-0.350000,0.600000,0.000000,0.000000,0.707107,0.707107
arm_1,197.534000,0.000000,-0.350000,0.600000,0.000000,0.000000,0.707107,0.707107
arm_1,197.545000,0.000000,-0.350000,0.600000,0.000000,0.000000,0.707107,0.707107
arm_1,197.555000,0.000000,-0.350000,0.600000,0.000000,0.000000,0.707107,0.707107
arm_1,197.564000,0.000000,-0.350000,0.600000,0.000000,0.000000,0.707107,0.707107
arm_1,197.571000,0.000000,-0.350000,0.600000,0.000000,0.000000,0.707107,0.707107
arm_1,197.579000,0.000000,-0.350000,0.600000,0.000000,0.000000,0.707107,0.707107
arm_1,197.589000,0.000000,-0.350000,0.600000,0.000000,0.000000,0.707107,0.707107
arm_1,197.598000,0.000000,-0.350000,0.600000,0.000000,0.000000,0.707107,0.707107
arm_1,197.607000,0.000000,-0.350000,0.600000,0.000000,0.000000,0.707107,0.707107
arm_1,197.616000,0.000000,-0.350000,0.600000,0.000000,0.000000,0.707107,0.707107
arm_1,197.624000,0.000000,-0.350000,0.600000,0.000000,0.000000,0.707107,0.707107
arm_1,197.633000,0.000000,-0.350000,0.600000,0.000000,0.000000,0.707107,0.707107
arm_1,197.642000,0.000000,-0.350000,0.600000,0.000000,0.000000,0.707107,0.707107
arm_1,197.650000,0.000000,-0.350000,0.600000,0.000000,0.000000,0.707107,0.707107
arm_1,197.660000,0.000000,-0.350000,0.600000,0.000000,0.000000,0.707107,0.707107
arm_1,197.670000,0.000000,-0.350000,0.600000,0.000000,0.000000,0.707107,0.707107
arm_1,197.680000,0.000000,-0.350000,0.600000,0.000000,0.000000,0.707107,0.707107
arm_1,197.690000,0.000000,-0.350000,0.600000,0.000000,0.000000,0.707107,0.707107
arm_1,197.700000,0.000000,-0.350000,0.600000,0.000000,0.000000,0.707107,0.707107
arm_1,197.710000,0.000000,-0.350000,0.600000,0.000000,0.000000,0.707107,0.707107
arm_1,197.720000,0.000000,-0.350000,0.600000,0.000000,0.000000,0.707107,0.707107
arm_1,197.730000,0.000000,-0.350000,0.600000,0.000000,0.000000,0.707107,0.707107
arm_1,197.741000,0.000000,-0.350000,0.600000,0.000000,0.000000,0.707107,0.707107
arm_1,197.751000,0.000000,-0.350000,0.600000,0.000000,0.000000,0.707107,0.707107
arm_1,197.762000,0.000000,-0.350000,0.600000,0.000000,0.000000,0.707107,0.707107
arm_1,197.772000,0.000000,-0.350000,0.600000,0.000000,0.000000,0.707107,0.707107
arm_1,197.782000,0.000000,-0.350000,0.600000,0.000000,0.000000,0.707107,0.707107
arm_1,197.792000,0.000000,-0.350000,0.600000,0.000000,0.000000,0.707107,0.707107
arm_1,197.802000,0.000000,-0.350000,0.600000,0.000000,0.000000,0.707107,0.707107
arm_1,197.813000,0.000000,-0.350000,0.600000,0.000000,0.000000,0.707107,0.707107
arm_1,197.824000,0.000000,-0.350000,0.600000,0.000000,0.000000,0.707107,0.707107
arm_1,197.834000,0.000000,-0.350000,0.600000,0.000000,0.000000,0.707107,0.707107
arm_1,197.843000,0.000000,-0.350000,0.600000,0.000000,0.000000,0.707107,0.707107
arm_1,197.852000,0.000000,-0.350000,0.600000,0.000000,0.000000,0.707107,0.707107
arm_1,197.862000,0.000000,-0.350000,0.600000,0.000000,0.000000,0.707107,0.707107
arm_1,197.872000,0.000000,-0.350000,0.600000,0.000000,0.000000,0.707107,0.707107
arm_1,197.883000,0.000000,-0.350000,0.600000,0.000000,0.000000,0.707107,0.707107
arm_1,197.894000,0.000000,-0.350000,0.600000,0.000000,0.000000,0.707107,0.707107
arm_1,197.905000,0.000000,-0.350000,0.600000,0.000000,0.000000,0.707107,0.707107
arm_1,197.915000,0.000000,-0.350000,0.600000,0.000000,0.000000,0.707107,0.707107
arm_1,197.925000,0.000000,-0.350000,0.600000,0.000000,0.000000,0.707107,0.707107
arm_1,197.935000,0.000000,-0.350000,0.600000,0.000000,0.000000,0.707107,0.707107
arm_1,197.945000,0.000000,-0.350000,0.600000,0.000000,0.000000,0.707107,0.707107
arm_1,197.955000,0.000000,-0.350000,0.600000,0.000000,0.000000,0.707107,0.707107
arm_1,197.966000,0.000000,-0.350000,0.600000,0.000000,0.000000,0.707107,0.707107
arm_1,197.977000,0.000000,-0.350000,0.600000,0.000000,0.000000,0.707107,0.707107
arm_1,197.987000,0.000000,-0.350000,0.600000,0.000000,0.000000,0.707107,0.707107
arm_1,197.998000,0.000000,-0.350000,0.600000,0.000000,0.000000,0.707107,0.707107
arm_1,198.009000,0.000000,-0.350000,0.600000,0.000000,0.000000,0.707107,0.707107
arm_1,198.020000,0.000000,-0.350000,0.600000,0.000000,0.000000,0.707107,0.707107
arm_1,198.030000,0.000000,-0.350000,0.600000,0.000000,0.000000,0.707107,0.707107
arm_1,198.040000,0.000000,-0.350000,0.600000,0.000000,0.000000,0.707107,0.707107
arm_1,198.048000,0.000000,-0.350000,0.600000,0.000000,0.000000,0.707107,0.707107
arm_1,198.058000,0.000000,-0.350000,0.600000,0.000000,0.000000,0.707107,0.707107
arm_1,198.067000,0.000000,-0.350000,0.600000,0.000000,0.000000,0.707107,0.707107
arm_1,198.076000,0.000000,-0.350000,0.600000,0.000000,0.000000,0.707107,0.707107
arm_1,198.085000,0.000000,-0.350000,0.600000,0.000000,0.000000,0.707107,0.707107
arm_1,198.094000,0.000000,-0.350000,0.600000,0.000000,0.000000,0.707107,0.707107
arm_1,198.104000,0.000000,-0.350000,0.600000,0.000000,0.000000,0.707107,0.707107
arm_1,198.114000,0.000000,-0.350000,0.600000,0.000000,0.000000,0.707107,0.707107
arm_1,198.124000,0.000000,-0.350000,0.600000,0.000000,0.000000,0.707107,0.707107
arm_1,198.134000,0.000000,-0.350000,0.600000,0.000000,0.000000,0.707107,0.707107
arm_1,198.144000,0.000000,-0.350000,0.600000,0.000000,0.000000,0.707107,0.707107
arm_1,198.154000,0.000000,-0.350000,0.600000,0.000000,0.000000,0.707107,0.707107
arm_1,198.164000,0.000000,-0.350000,0.600000,0.000000,0.000000,0.707107,0.707107
arm_1,198.174000,0.000000,-0.350000,0.600000,0.000000,0.000000,0.707107,0.707107
arm_1,198.184000,0.000000,-0.350000,0.600000,0.000000,0.000000,0.707107,0.707107
arm_1,198.194000,0.000000,-0.350000,0.600000,0.000000,0.000000,0.707107,0.707107
arm_1,198.204000,0.000000,-0.350000,0.600000,0.000000,0.000000,0.707107,0.707107
arm_1,198.213000,0.000000,-0.350000,0.600000,0.000000,0.000000,0.707107,0.707107
arm_1,198.223000,0.000000,-0.350000,0.600000,0.000000,0.000000,0.707107,0.707107
arm_1,198.232000,0.000000,-0.350000,0.600000,0.000000,0.000000,0.707107,0.707107
arm_1,198.240000,0.000000,-0.350000,0.600000,0.000000,0.000000,0.707107,0.707107
arm_1,198.249000,0.000000,-0.350000,0.600000,0.000000,0.000000,0.707107,0.707107
arm_1,198.259000,0.000000,-0.350000,0.600000,0.000000,0.000000,0.707107,0.707107
arm_1,198.269000,0.000000,-0.350000,0.600000,0.000000,0.000000,0.707107,0.707107
arm_1,198.280000,0.000000,-0.350000,0.600000,0.000000,0.000000,0.707107,0.707107
arm_1,198.291000,0.000000,-0.350000,0.600000,0.000000,0.000000,0.707107,0.707107
arm_1,198.302000,0.000000,-0.350000,0.600000,0.000000,0.000000,0.707107,0.707107
arm_1,198.313000,0.000000,-0.350000,0.600000,0.000000,0.000000,0.707107,0.707107
arm_1,198.323000,0.000000,-0.350000,0.600000,0.000000,0.000000,0.707107,0.707107
arm_1,198.334000,0.000000,-0.350000,0.600000,0.000000,0.000000,0.707107,0.707107
arm_1,198.345000,0.000000,-0.350000,0.600000,0.000000,0.000000,0.707107,0.707107
arm_1,198.355000,0.000000,-0.350000,0.600000,0.000000,0.000000,0.707107,0.707107
arm_1,198.365000,0.000000,-0.350000,0.600000,0.000000,0.000000,0.707107,0.707107
arm_1,198.374000,0.000000,-0.350000,0.600000,0.000000,0.000000,0.707107,0.707107
arm_1,198.383000,0.000000,-0.350000,0.600000,0.000000,0.000000,0.707107,0.707107
arm_1,198.393000,0.000000,-0.350000,0.600000,0.000000,0.000000,0.707107,0.707107
arm_1,198.403000,0.000000,-0.350000,0.600000,0.000000,0.000000,0.707107,0.707107
arm_1,198.413000,0.000000,-0.350000,0.600000,0.000000,0.000000,0.707107,0.707107
arm_1,198.423000,0.000000,-0.350000,0.600000,0.000000,0.000000,0.707107,0.707107
arm_1,198.433000,0.000000,-0.350000,0.600000,0.000000,0.000000,0.707107,0.707107
arm_1,198.443000,0.000000,-0.350000,0.600000,0.000000,0.000000,0.707107,0.707107
arm_1,198.453000,0.000000,-0.350000,0.600000,0.000000,0.000000,0.707107,0.707107
arm_1,198.463000,0.000000,-0.350000,0.600000,0.000000,0.000000,0.707107,0.707107
arm_1,198.473000,0.000000,-0.350000,0.600000,0.000000,0.000000,0.707107,0.707107
arm_1,198.483000,0.000000,-0.350000,0.600000,0.000000,0.000000,0.707107,0.707107
arm_1,198.493000,0.000000,-0.350000,0.600000,0.000000,0.000000,0.707107,0.707107
arm_1,198.503000,0.000000,-0.350000,0.600000,0.000000,0.000000,0.707107,0.707107
arm_1,198.513000,0.000000,-0.350000,0.600000,0.000000,0.000000,0.707107,0.707107
arm_1,198.523000,0.000000,-0.350000,0.600000,0.000000,0.000000,0.707107,0.707107
arm_1,198.533000,0.000000,-0.350000,0.600000,0.000000,0.000000,0.707107,0.707107
arm_1,198.543000,0.000000,-0.350000,0.600000,0.000000,0.000000,0.707107,0.707107
arm_1,198.554000,0.000000,-0.350000,0.600000,0.000000,0.000000,0.707107,0.707107
arm_1,198.564000,0.000000,-0.350000,0.600000,0.000000,0.000000,0.707107,0.707107
arm_1,198.574000,0.000000,-0.350000,0.600000,0.000000,0.000000,0.707107,0.707107
arm_1,198.584000,0.000000,-0.350000,0.600000,0.000000,0.000000,0.707107,0.707107
arm_1,198.594000,0.000000,-0.350000,0.600000,0.000000,0.000000,0.707107,0.707107
arm_1,198.604000,0.000000,-0.350000,0.600000,0.000000,0.000000,0.707107,0.707107
arm_1,198.613000,0.000000,-0.350000,0.600000,0.000000,0.000000,0.707107,0.707107
arm_1,198.623000,0.000000,-0.350000,0.600000,0.000000,0.000000,0.707107,0.707107
arm_1,198.633000,0.000000,-0.350000,0.600000,0.000000,0.000000,0.707107,0.707107
arm_1,198.644000,0.000000,-0.350000,0.600000,0.000000,0.000000,0.707107,0.707107
arm_1,198.655000,0.000000,-0.350000,0.600000,0.000000,0.000000,0.707107,0.707107
arm_1,198.666000,0.000000,-0.350000,0.600000,0.000000,0.000000,0.707107,0.707107
arm_1,198.677000,0.000000,-0.350000,0.600000,0.000000,0.000000,0.707107,0.707107
arm_1,198.688000,0.000000,-0.350000,0.600000,0.000000,0.000000,0.707107,0.707107
arm_1,198.699000,0.000000,-0.350000,0.600000,0.000000,0.000000,0.707107,0.707107
arm_1,198.710000,0.000000,-0.350000,0.600000,0.000000,0.000000,0.707107,0.707107
arm_1,198.721000,0.000000,-0.350000,0.600000,0.000000,0.000000,0.707107,0.707107
arm_1,198.732000,0.000000,-0.350000,0.600000,0.000000,0.000000,0.707107,0.707107
arm_1,198.743000,0.000000,-0.350000,0.600000,0.000000,0.000000,0.707107,0.707107
arm_1,198.754000,0.000000,-0.350000,0.600000,0.000000,0.000000,0.707107,0.707107
arm_1,198.765000,0.000000,-0.350000,0.600000,0.000000,0.000000,0.707107,0.707107
arm_1,198.776000,0.000000,-0.350000,0.600000,0.000000,0.000000,0.707107,0.707107
arm_1,198.787000,0.000000,-0.350000,0.600000,0.000000,0.000000,0.707107,0.707107
arm_1,198.798000,0.000000,-0.350000,0.600000,0.000000,0.000000,0.707107,0.707107
arm_1,198.809000,0.000000,-0.350000,0.600000,0.000000,0.000000,0.707107,0.707107
arm_1,198.820000,0.000000,-0.350000,0.600000,0.000000,0.000000,0.707107,0.707107
arm_1,198.831000,0.000000,-0.350000,0.600000,0.000000,0.000000,0.707107,0.707107
arm_1,198.842000,0.000000,-0.350000,0.600000,0.000000,0.000000,0.707107,0.707107
arm_1,198.853000,0.000000,-0.350000,0.600000,0.000000,0.000000,0.707107,0.707107
arm_1,198.864000,0.000000,-0.350000,0.600000,0.000000,0.000000,0.707107,0.707107
arm_1,198.875000,0.000000,-0.350000,0.600000,0.000000,0.000000,0.707107,0.707107
arm_1,198.885000,0.000000,-0.350000,0.600000,0.000000,0.000000,0.707107,0.707107
arm_1,198.895000,0.000000,-0.350000,0.600000,0.000000,0.000000,0.707107,0.707107
arm_1,198.906000,0.000000,-0.350000,0.600000,0.000000,0.000000,0.707107,0.707107
arm_1,198.916000,0.000000,-0.350000,0.600000,0.000000,0.000000,0.707107,0.707107
arm_1,198.926000,0.000000,-0.350000,0.600000,0.000000,0.000000,0.707107,0.707107
arm_1,198.936000,0.000000,-0.350000,0.600000,0.000000,0.000000,0.707107,0.707107
arm_1,198.946000,0.000000,-0.350000,0.600000,0.000000,0.000000,0.707107,0.707107
arm_1,198.957000,0.000000,-0.350000,0.600000,0.000000,0.000000,0.707107,0.707107
arm_1,198.968000,0.000000,-0.350000,0.600000,0.000000,0.000000,0.707107,0.707107
arm_1,198.978000,0.000000,-0.350000,0.600000,0.000000,0.000000,0.707107,0.707107
arm_1,198.989000,0.000000,-0.350000,0.600000,0.000000,0.000000,0.707107,0.707107
arm_1,198.999000,0.000000,-0.350000,0.600000,0.000000,0.000000,0.707107,0.707107
arm_1,199.009000,0.000000,-0.350000,0.600000,0.000000,0.000000,0.707107,0.707107
arm_1,199.019000,0.000000,-0.350000,0.600000,0.000000,0.000000,0.707107,0.707107
arm_1,199.029000,0.000000,-0.350000,0.600000,0.000000,0.000000,0.707107,0.707107
arm_1,199.039000,0.000000,-0.350000,0.600000,0.000000,0.000000,0.707107,0.707107
arm_1,199.050000,0.000000,-0.350000,0.600000,0.000000,0.000000,0.707107,0.707107
arm_1,199.060000,0.000000,-0.350000,0.600000,0.000000,0.000000,0.707107,0.707107
arm_1,199.071000,0.000000,-0.350000,0.600000,0.000000,0.000000,0.707107,0.707107
arm_1,199.082000,0.000000,-0.350000,0.600000,0.000000,0.000000,0.707107,0.707107
arm_1,199.092000,0.000000,-0.350000,0.600000,0.000000,0.000000,0.707107,0.707107
arm_1,199.102000,0.000000,-0.350000,0.600000,0.000000,0.000000,0.707107,0.707107
arm_1,199.113000,0.000000,-0.350000,0.600000,0.000000,0.000000,0.707107,0.707107
arm_1,199.123000,0.000000,-0.350000,0.600000,0.000000,0.000000,0.707107,0.707107
arm_1,199.134000,0.000000,-0.350000,0.600000,0.000000,0.000000,0.707107,0.707107
arm_1,199.145000,0.000000,-0.350000,0.600000,0.000000,0.000000,0.707107,0.707107
arm_1,199.156000,0.000000,-0.350000,0.600000,0.000000,0.000000,0.707107,0.707107
arm_1,199.167000,0.000000,-0.350000,0.600000,0.000000,0.000000,0.707107,0.707107
arm_1,199.178000,0.000000,-0.350000,0.600000,0.000000,0.000000,0.707107,0.707107
arm_1,199.189000,0.000000,-0.350000,0.600000,0.000000,0.000000,0.707107,0.707107
arm_1,199.200000,0.000000,-0.350000,0.600000,0.000000,0.000000,0.707107,0.707107
arm_1,199.211000,0.000000,-0.350000,0.600000,0.000000,0.000000,0.707107,0.707107
arm_1,199.222000,0.000000,-0.350000,0.600000,0.000000,0.000000,0.707107,0.707107
arm_1,199.231000,0.000000,-0.350000,0.600000,0.000000,0.000000,0.707107,0.707107
arm_1,199.241000,0.000000,-0.350000,0.600000,0.000000,0.000000,0.707107,0.707107
arm_1,199.250000,0.000000,-0.350000,0.600000,0.000000,0.000000,0.707107,0.707107
arm_1,199.258000,0.000000,-0.350000,0.600000,0.000000,0.000000,0.707107,0.707107
arm_1,199.267000,0.000000,-0.350000,0.600000,0.000000,0.000000,0.707107,0.707107
arm_1,199.276000,0.000000,-0.350000,0.600000,0.000000,0.000000,0.707107,0.707107
arm_1,199.285000,0.000000,-0.350000,0.600000,0.000000,0.000000,0.707107,0.707107
arm_1,199.294000,0.000000,-0.350000,0.600000,0.000000,0.000000,0.707107,0.707107
arm_1,199.304000,0.000000,-0.350000,0.600000,0.000000,0.000000,0.707107,0.707107
arm_1,199.314000,0.000000,-0.350000,0.600000,0.000000,0.000000,0.707107,0.707107
arm_1,199.325000,0.000000,-0.350000,0.600000,0.000000,0.000000,0.707107,0.707107
arm_1,199.335000,0.000000,-0.350000,0.600000,0.000000,0.000000,0.707107,0.707107
arm_1,199.346000,0.000000,-0.350000,0.600000,0.000000,0.000000,0.707107,0.707107
arm_1,199.356000,0.000000,-0.350000,0.600000,0.000000,0.000000,0.707107,0.707107
arm_1,199.367000,0.000000,-0.350000,0.600000,0.000000,0.000000,0.707107,0.707107
arm_1,199.377000,0.000000,-0.350000,0.600000,0.000000,0.000000,0.707107,0.707107
arm_1,199.387000,0.000000,-0.350000,0.600000,0.000000,0.000000,0.707107,0.707107
arm_1,199.398000,0.000000,-0.350000,0.600000,0.000000,0.000000,0.707107,0.707107
arm_1,199.409000,0.000000,-0.350000,0.600000,0.000000,0.000000,0.707107,0.707107
arm_1,199.419000,0.000000,-0.350000,0.600000,0.000000,0.000000,0.707107,0.707107
arm_1,199.429000,0.000000,-0.350000,0.600000,0.000000,0.000000,0.707107,0.707107
arm_1,199.439000,0.000000,-0.350000,0.600000,0.000000,0.000000,0.707107,0.707107
arm_1,199.450000,0.000000,-0.350000,0.600000,0.000000,0.000000,0.707107,0.707107
arm_1,199.461000,0.000000,-0.350000,0.600000,0.000000,0.000000,0.707107,0.707107
arm_1,199.471000,0.000000,-0.350000,0.600000,0.000000,0.000000,0.707107,0.707107
arm_1,199.481000,0.000000,-0.350000,0.600000,0.000000,0.000000,0.707107,0.707107
arm_1,199.492000,0.000000,-0.350000,0.600000,0.000000,0.000000,0.707107,0.707107
arm_1,199.502000,0.000000,-0.350000,0.600000,0.000000,0.000000,0.707107,0.707107
arm_1,199.513000,0.000000,-0.350000,0.600000,0.000000,0.000000,0.707107,0.707107
arm_1,199.524000,0.000000,-0.350000,0.600000,0.000000,0.000000,0.707107,0.707107
arm_1,199.535000,0.000000,-0.350000,0.600000,0.000000,0.000000,0.707107,0.707107
arm_1,199.545000,0.000000,-0.350000,0.600000,0.000000,0.000000,0.707107,0.707107
arm_1,199.556000,0.000000,-0.350000,0.600000,0.000000,0.000000,0.707107,0.707107
arm_1,199.567000,0.000000,-0.350000,0.600000,0.000000,0.000000,0.707107,0.707107
arm_1,199.577000,0.000000,-0.350000,0.600000,0.000000,0.000000,0.707107,0.707107
arm_1,199.588000,0.000000,-0.350000,0.600000,0.000000,0.000000,0.707107,0.707107
arm_1,199.598000,0.000000,-0.350000,0.600000,0.000000,0.000000,0.707107,0.707107
arm_1,199.608000,0.000000,-0.350000,0.600000,0.000000,0.000000,0.707107,0.707107
arm_1,199.619000,0.000000,-0.350000,0.600000,0.000000,0.000000,0.707107,0.707107
arm_1,199.630000,0.000000,-0.350000,0.600000,0.000000,0.000000,0.707107,0.707107
arm_1,199.641000,0.000000,-0.350000,0.600000,0.000000,0.000000,0.707107,0.707107
arm_1,199.652000,0.000000,-0.350000,0.600000,0.000000,0.000000,0.707107,0.707107
arm_1,199.663000,0.000000,-0.350000,0.600000,0.000000,0.000000,0.707107,0.707107
arm_1,199.673000,0.000000,-0.350000,0.600000,0.000000,0.000000,0.707107,0.707107
arm_1,199.683000,0.000000,-0.350000,0.600000,0.000000,0.000000,0.707107,0.707107
arm_1,199.693000,0.000000,-0.350000,0.600000,0.000000,0.000000,0.707107,0.707107
arm_1,199.704000,0.000000,-0.350000,0.600000,0.000000,0.000000,0.707107,0.707107
arm_1,199.715000,0.000000,-0.350000,0.600000,0.000000,0.000000,0.707107,0.707107
arm_1,199.726000,0.000000,-0.350000,0.600000,0.000000,0.000000,0.707107,0.707107
arm_1,199.737000,0.000000,-0.350000,0.600000,0.000000,0.000000,0.707107,0.707107
arm_1,199.748000,0.000000,-0.350000,0.600000,0.000000,0.000000,0.707107,0.707107
arm_1,199.759000,0.000000,-0.350000,0.600000,0.000000,0.000000,0.707107,0.707107
arm_1,199.769000,0.000000,-0.350000,0.600000,0.000000,0.000000,0.707107,0.707107
arm_1,199.779000,0.000000,-0.350000,0.600000,0.000000,0.000000,0.707107,0.707107
arm_1,199.789000,0.000000,-0.350000,0.600000,0.000000,0.000000,0.707107,0.707107
arm_1,199.799000,0.000000,-0.350000,0.600000,0.000000,0.000000,0.707107,0.707107
arm_1,199.809000,0.000000,-0.350000,0.600000,0.000000,0.000000,0.707107,0.707107
arm_1,199.819000,0.000000,-0.350000,0.600000,0.000000,0.000000,0.707107,0.707107
arm_1,199.828000,0.000000,-0.350000,0.600000,0.000000,0.000000,0.707107,0.707107
arm_1,199.837000,0.000000,-0.350000,0.600000,0.000000,0.000000,0.707107,0.707107
arm_1,199.847000,0.000000,-0.350000,0.600000,0.000000,0.000000,0.707107,0.707107
arm_1,199.857000,0.000000,-0.350000,0.600000,0.000000,0.000000,0.707107,0.707107
arm_1,199.867000,0.000000,-0.350000,0.600000,0.000000,0.000000,0.707107,0.707107
arm_1,199.877000,0.000000,-0.350000,0.600000,0.000000,0.000000,0.707107,0.707107
arm_1,199.887000,0.000000,-0.350000,0.600000,0.000000,0.000000,0.707107,0.707107
arm_1,199.897000,0.000000,-0.350000,0.600000,0.000000,0.000000,0.707107,0.707107
arm_1,199.907000,0.000000,-0.350000,0.600000,0.000000,0.000000,0.707107,0.707107
arm_1,199.916000,0.000000,-0.350000,0.600000,0.000000,0.000000,0.707107,0.707107
arm_1,199.925000,0.000000,-0.350000,0.600000,0.000000,0.000000,0.707107,0.707107
arm_1,199.933000,0.000000,-0.350000,0.600000,0.000000,0.000000,0.707107,0.707107
arm_1,199.940000,0.000000,-0.350000,0.600000,0.000000,0.000000,0.707107,0.707107
arm_1,199.947000,0.000000,-0.350000,0.600000,0.000000,0.000000,0.707107,0.707107
arm_1,199.953000,0.000000,-0.350000,0.600000,0.000000,0.000000,0.707107,0.707107
arm_1,199.960000,0.000000,-0.350000,0.600000,0.000000,0.000000,0.707107,0.707107
arm_1,199.968000,0.000000,-0.350000,0.600000,0.000000,0.000000,0.707107,0.707107
arm_1,199.977000,0.000000,-0.350000,0.600000,0.000000,0.000000,0.707107,0.707107
arm_1,199.986000,0.000000,-0.350000,0.600000,0.000000,0.000000,0.707107,0.707107
arm_1,199.995000,0.000000,-0.350000,0.600000,0.000000,0.000000,0.707107,0.707107
arm_1,200.004000,0.000000,-0.350000,0.600000,0.000000,0.000000,0.707107,0.707107
arm_1,200.013000,0.000000,-0.350000,0.600000,0.000000,0.000000,0.707107,0.707107
arm_1,200.023000,0.000000,-0.350000,0.600000,0.000000,0.000000,0.707107,0.707107
arm_1,200.033000,0.000000,-0.350000,0.600000,0.000000,0.000000,0.707107,0.707107
arm_1,200.043000,0.000000,-0.350000,0.600000,0.000000,0.000000,0.707107,0.707107
arm_1,200.053000,0.000000,-0.350000,0.600000,0.000000,0.000000,0.707107,0.707107
arm_1,200.062000,0.000000,-0.350000,0.600000,0.000000,0.000000,0.707107,0.707107
arm_1,200.072000,0.000000,-0.350000,0.600000,0.000000,0.000000,0.707107,0.707107
arm_1,200.080000,0.000000,-0.350000,0.600000,0.000000,0.000000,0.707107,0.707107
arm_1,200.088000,0.000000,-0.350000,0.600000,0.000000,0.000000,0.707107,0.707107
arm_1,200.098000,0.000000,-0.350000,0.600000,0.000000,0.000000,0.707107,0.707107
arm_1,200.107000,0.000000,-0.350000,0.600000,0.000000,0.000000,0.707107,0.707107
arm_1,200.117000,0.000000,-0.350000,0.600000,0.000000,0.000000,0.707107,0.707107
arm_1,200.127000,0.000000,-0.350000,0.600000,0.000000,0.000000,0.707107,0.707107
arm_1,200.137000,0.000000,-0.350000,0.600000,0.000000,0.000000,0.707107,0.707107
arm_1,200.146000,0.000000,-0.350000,0.600000,0.000000,0.000000,0.707107,0.707107
arm_1,200.155000,0.000000,-0.350000,0.600000,0.000000,0.000000,0.707107,0.707107
arm_1,200.162000,0.000000,-0.350000,0.600000,0.000000,0.000000,0.707107,0.707107
arm_1,200.171000,0.000000,-0.350000,0.600000,0.000000,0.000000,0.707107,0.707107
arm_1,200.179000,0.000000,-0.350000,0.600000,0.000000,0.000000,0.707107,0.707107
arm_1,200.188000,0.000000,-0.350000,0.600000,0.000000,0.000000,0.707107,0.707107
arm_1,200.198000,0.000000,-0.350000,0.600000,0.000000,0.000000,0.707107,0.707107
arm_1,200.208000,0.000000,-0.350000,0.600000,0.000000,0.000000,0.707107,0.707107
arm_1,200.217000,0.000000,-0.350000,0.600000,0.000000,0.000000,0.707107,0.707107
arm_1,200.226000,0.000000,-0.350000,0.600000,0.000000,0.000000,0.707107,0.707107
arm_1,200.236000,0.000000,-0.350000,0.600000,0.000000,0.000000,0.707107,0.707107
arm_1,200.244000,0.000000,-0.350000,0.600000,0.000000,0.000000,0.707107,0.707107
arm_1,200.254000,0.000000,-0.350000,0.600000,0.000000,0.000000,0.707107,0.707107
arm_1,200.262000,0.000000,-0.350000,0.600000,0.000000,0.000000,0.707107,0.707107
arm_1,200.272000,0.000000,-0.350000,0.600000,0.000000,0.000000,0.707107,0.707107
arm_1,200.282000,0.000000,-0.350000,0.600000,0.000000,0.000000,0.707107,0.707107
arm_1,200.293000,0.000000,-0.350000,0.600000,0.000000,0.000000,0.707107,0.707107
arm_1,200.303000,0.000000,-0.350000,0.600000,0.000000,0.000000,0.707107,0.707107
arm_1,200.312000,0.000000,-0.350000,0.600000,0.000000,0.000000,0.707107,0.707107
arm_1,200.318000,0.000000,-0.350000,0.600000,0.000000,0.000000,0.707107,0.707107
arm_1,200.328000,0.000000,-0.350000,0.600000,0.000000,0.000000,0.707107,0.707107
arm_1,200.338000,0.000000,-0.350000,0.600000,0.000000,0.000000,0.707107,0.707107
arm_1,200.349000,0.000000,-0.350000,0.600000,0.000000,0.000000,0.707107,0.707107
arm_1,200.359000,0.000000,-0.350000,0.600000,0.000000,0.000000,0.707107,0.707107
arm_1,200.370000,0.000000,-0.350000,0.600000,0.000000,0.000000,0.707107,0.707107
arm_1,200.379000,0.000000,-0.350000,0.600000,0.000000,0.000000,0.707107,0.707107
arm_1,200.389000,0.000000,-0.350000,0.600000,0.000000,0.000000,0.707107,0.707107
arm_1,200.399000,0.000000,-0.350000,0.600000,0.000000,0.000000,0.707107,0.707107
arm_1,200.409000,0.000000,-0.350000,0.600000,0.000000,0.000000,0.707107,0.707107
arm_1,200.420000,0.000000,-0.350000,0.600000,0.000000,0.000000,0.707107,0.707107
arm_1,200.430000,0.000000,-0.350000,0.600000,0.000000,0.000000,0.707107,0.707107
arm_1,200.440000,0.000000,-0.350000,0.600000,0.000000,0.000000,0.707107,0.707107
arm_1,200.451000,0.000000,-0.350000,0.600000,0.000000,0.000000,0.707107,0.707107
arm_1,200.461000,0.000000,-0.350000,0.600000,0.000000,0.000000,0.707107,0.707107
arm_1,200.471000,0.000000,-0.350000,0.600000,0.000000,0.000000,0.707107,0.707107
arm_1,200.480000,0.000000,-0.350000,0.600000,0.000000,0.000000,0.707107,0.707107
arm_1,200.487000,0.000000,-0.350000,0.600000,0.000000,0.000000,0.707107,0.707107
arm_1,200.496000,0.000000,-0.350000,0.600000,0.000000,0.000000,0.707107,0.707107
arm_1,200.504000,0.000000,-0.350000,0.600000,0.000000,0.000000,0.707107,0.707107
arm_1,200.513000,0.000000,-0.350000,0.600000,0.000000,0.000000,0.707107,0.707107
arm_1,200.523000,0.000000,-0.350000,0.600000,0.000000,0.000000,0.707107,0.707107
arm_1,200.533000,0.000000,-0.350000,0.600000,0.000000,0.000000,0.707107,0.707107
arm_1,200.543000,0.000000,-0.350000,0.600000,0.000000,0.000000,0.707107,0.707107
arm_1,200.554000,0.000000,-0.350000,0.600000,0.000000,0.000000,0.707107,0.707107
arm_1,200.565000,0.000000,-0.350000,0.600000,0.000000,0.000000,0.707107,0.707107
arm_1,200.576000,0.000000,-0.350000,0.600000,0.000000,0.000000,0.707107,0.707107
arm_1,200.587000,0.000000,-0.350000,0.600000,0.000000,0.000000,0.707107,0.707107
arm_1,200.598000,0.000000,-0.350000,0.600000,0.000000,0.000000,0.707107,0.707107
arm_1,200.609000,0.000000,-0.350000,0.600000,0.000000,0.000000,0.707107,0.707107
arm_1,200.620000,0.000000,-0.350000,0.600000,0.000000,0.000000,0.707107,0.707107
arm_1,200.631000,0.000000,-0.350000,0.600000,0.000000,0.000000,0.707107,0.707107
arm_1,200.640000,0.000000,-0.350000,0.600000,0.000000,0.000000,0.707107,0.707107
arm_1,200.651000,0.000000,-0.350000,0.600000,0.000000,0.000000,0.707107,0.707107
arm_1,200.662000,0.000000,-0.350000,0.600000,0.000000,0.000000,0.707107,0.707107
arm_1,200.672000,0.000000,-0.350000,0.600000,0.000000,0.000000,0.707107,0.707107
arm_1,200.681000,0.000000,-0.350000,0.600000,0.000000,0.000000,0.707107,0.707107
arm_1,200.690000,0.000000,-0.350000,0.600000,0.000000,0.000000,0.707107,0.707107
arm_1,200.699000,0.000000,-0.350000,0.600000,0.000000,0.000000,0.707107,0.707107
arm_1,200.708000,0.000000,-0.350000,0.600000,0.000000,0.000000,0.707107,0.707107
arm_1,200.718000,0.000000,-0.350000,0.600000,0.000000,0.000000,0.707107,0.707107
arm_1,200.728000,0.000000,-0.350000,0.600000,0.000000,0.000000,0.707107,0.707107
arm_1,200.738000,0.000000,-0.350000,0.600000,0.000000,0.000000,0.707107,0.707107
arm_1,200.749000,0.000000,-0.350000,0.600000,0.000000,0.000000,0.707107,0.707107
arm_1,200.760000,0.000000,-0.350000,0.600000,0.000000,0.000000,0.707107,0.707107
arm_1,200.771000,0.000000,-0.350000,0.600000,0.000000,0.000000,0.707107,0.707107
arm_1,200.782000,0.000000,-0.350000,0.600000,0.000000,0.000000,0.707107,0.707107
arm_1,200.793000,0.000000,-0.350000,0.600000,0.000000,0.000000,0.707107,0.707107
arm_1,200.804000,0.000000,-0.350000,0.600000,0.000000,0.000000,0.707107,0.707107
arm_1,200.815000,0.000000,-0.350000,0.600000,0.000000,0.000000,0.707107,0.707107
arm_1,200.826000,0.000000,-0.350000,0.600000,0.000000,0.000000,0.707107,0.707107
arm_1,200.837000,0.000000,-0.350000,0.600000,0.000000,0.000000,0.707107,0.707107
arm_1,200.848000,0.000000,-0.350000,0.600000,0.000000,0.000000,0.707107,0.707107
arm_1,200.859000,0.000000,-0.350000,0.600000,0.000000,0.000000,0.707107,0.707107
arm_1,200.869000,0.000000,-0.350000,0.600000,0.000000,0.000000,0.707107,0.707107
arm_1,200.879000,0.000000,-0.350000,0.600000,0.000000,0.000000,0.707107,0.707107
arm_1,200.890000,0.000000,-0.350000,0.600000,0.000000,0.000000,0.707107,0.707107
arm_1,200.901000,0.000000,-0.350000,0.600000,0.000000,0.000000,0.707107,0.707107
arm_1,200.911000,0.000000,-0.350000,0.600000,0.000000,0.000000,0.707107,0.707107
arm_1,200.922000,0.000000,-0.350000,0.600000,0.000000,0.000000,0.707107,0.707107
arm_1,200.933000,0.000000,-0.350000,0.600000,0.000000,0.000000,0.707107,0.707107
arm_1,200.944000,0.000000,-0.350000,0.600000,0.000000,0.000000,0.707107,0.707107
arm_1,200.955000,0.000000,-0.350000,0.600000,0.000000,0.000000,0.707107,0.707107
arm_1,200.966000,0.000000,-0.350000,0.600000,0.000000,0.000000,0.707107,0.707107
arm_1,200.977000,0.000000,-0.350000,0.600000,0.000000,0.000000,0.707107,0.707107
arm_1,200.988000,0.000000,-0.350000,0.600000,0.000000,0.000000,0.707107,0.707107
arm_1,200.999000,0.000000,-0.350000,0.600000,0.000000,0.000000,0.707107,0.707107
arm_1,201.010000,0.000000,-0.350000,0.600000,0.000000,0.000000,0.707107,0.707107
arm_1,201.021000,0.000000,-0.350000,0.600000,0.000000,0.000000,0.707107,0.707107
arm_1,201.032000,0.000000,-0.350000,0.600000,0.000000,0.000000,0.707107,0.707107
arm_1,201.043000,0.000000,-0.350000,0.600000,0.000000,0.000000,0.707107,0.707107
arm_1,201.054000,0.000000,-0.350000,0.600000,0.000000,0.000000,0.707107,0.707107
arm_1,201.065000,0.000000,-0.350000,0.600000,0.000000,0.000000,0.707107,0.707107
arm_1,201.075000,0.000000,-0.350000,0.600000,0.000000,0.000000,0.707107,0.707107
arm_1,201.085000,0.000000,-0.350000,0.600000,0.000000,0.000000,0.707107,0.707107
arm_1,201.094000,0.000000,-0.350000,0.600000,0.000000,0.000000,0.707107,0.707107
arm_1,201.104000,0.000000,-0.350000,0.600000,0.000000,0.000000,0.707107,0.707107
arm_1,201.115000,0.000000,-0.350000,0.600000,0.000000,0.000000,0.707107,0.707107
arm_1,201.125000,0.000000,-0.350000,0.600000,0.000000,0.000000,0.707107,0.707107
arm_1,201.135000,0.000000,-0.350000,0.600000,0.000000,0.000000,0.707107,0.707107
arm_1,201.144000,0.000000,-0.350000,0.600000,0.000000,0.000000,0.707107,0.707107
arm_1,201.154000,0.000000,-0.350000,0.600000,0.000000,0.000000,0.707107,0.707107
arm_1,201.164000,0.000000,-0.350000,0.600000,0.000000,0.000000,0.707107,0.707107
arm_1,201.174000,0.000000,-0.350000,0.600000,0.000000,0.000000,0.707107,0.707107
arm_1,201.184000,0.000000,-0.350000,0.600000,0.000000,0.000000,0.707107,0.707107
arm_1,201.195000,0.000000,-0.350000,0.600000,0.000000,0.000000,0.707107,0.707107
arm_1,201.206000,0.000000,-0.350000,0.600000,0.000000,0.000000,0.707107,0.707107
arm_1,201.217000,0.000000,-0.350000,0.600000,0.000000,0.000000,0.707107,0.707107
arm_1,201.227000,0.000000,-0.350000,0.600000,0.000000,0.000000,0.707107,0.707107
arm_1,201.238000,0.000000,-0.350000,0.600000,0.000000,0.000000,0.707107,0.707107
arm_1,201.249000,0.000000,-0.350000,0.600000,0.000000,0.000000,0.707107,0.707107
arm_1,201.259000,0.000000,-0.350000,0.600000,0.000000,0.000000,0.707107,0.707107
arm_1,201.270000,0.000000,-0.350000,0.600000,0.000000,0.000000,0.707107,0.707107
arm_1,201.281000,0.000000,-0.350000,0.600000,0.000000,0.000000,0.707107,0.707107
arm_1,201.291000,0.000000,-0.350000,0.600000,0.000000,0.000000,0.707107,0.707107
arm_1,201.302000,0.000000,-0.350000,0.600000,0.000000,0.000000,0.707107,0.707107
arm_1,201.311000,0.000000,-0.350000,0.600000,0.000000,0.000000,0.707107,0.707107
arm_1,201.321000,0.000000,-0.350000,0.600000,0.000000,0.000000,0.707107,0.707107
arm_1,201.331000,0.000000,-0.350000,0.600000,0.000000,0.000000,0.707107,0.707107
arm_1,201.341000,0.000000,-0.350000,0.600000,0.000000,0.000000,0.707107,0.707107
arm_1,201.351000,0.000000,-0.350000,0.600000,0.000000,0.000000,0.707107,0.707107
arm_1,201.361000,0.000000,-0.350000,0.600000,0.000000,0.000000,0.707107,0.707107
arm_1,201.371000,0.000000,-0.350000,0.600000,0.000000,0.000000,0.707107,0.707107
arm_1,201.380000,0.000000,-0.350000,0.600000,0.000000,0.000000,0.707107,0.707107
arm_1,201.390000,0.000000,-0.350000,0.600000,0.000000,0.000000,0.707107,0.707107
arm_1,201.400000,0.000000,-0.350000,0.600000,0.000000,0.000000,0.707107,0.707107
arm_1,201.411000,0.000000,-0.350000,0.600000,0.000000,0.000000,0.707107,0.707107
arm_1,201.422000,0.000000,-0.350000,0.600000,0.000000,0.000000,0.707107,0.707107
arm_1,201.433000,0.000000,-0.350000,0.600000,0.000000,0.000000,0.707107,0.707107
arm_1,201.444000,0.000000,-0.350000,0.600000,0.000000,0.000000,0.707107,0.707107
arm_1,201.454000,0.000000,-0.350000,0.600000,0.000000,0.000000,0.707107,0.707107
arm_1,201.465000,0.000000,-0.350000,0.600000,0.000000,0.000000,0.707107,0.707107
arm_1,201.476000,0.000000,-0.350000,0.600000,0.000000,0.000000,0.707107,0.707107
arm_1,201.487000,0.000000,-0.350000,0.600000,0.000000,0.000000,0.707107,0.707107
arm_1,201.497000,0.000000,-0.350000,0.600000,0.000000,0.000000,0.707107,0.707107
arm_1,201.507000,0.000000,-0.350000,0.600000,0.000000,0.000000,0.707107,0.707107
arm_1,201.517000,0.000000,-0.350000,0.600000,0.000000,0.000000,0.707107,0.707107
arm_1,201.527000,0.000000,-0.350000,0.600000,0.000000,0.000000,0.707107,0.707107
arm_1,201.539000,0.000000,-0.350000,0.600000,0.000000,0.000000,0.707107,0.707107
arm_1,201.554000,0.000000,-0.350000,0.600000,0.000000,0.000000,0.707107,0.707107
arm_1,201.571000,0.000000,-0.350000,0.600000,0.000000,0.000000,0.707107,0.707107
arm_1,201.588000,0.000000,-0.350000,0.600000,0.000000,0.000000,0.707107,0.707107
arm_1,201.606000,0.000000,-0.350000,0.600000,0.000000,0.000000,0.707107,0.707107
arm_1,201.623000,0.000000,-0.350000,0.600000,0.000000,0.000000,0.707107,0.707107
arm_1,201.640000,0.000000,-0.350000,0.600000,0.000000,0.000000,0.707107,0.707107
arm_1,201.658000,0.000000,-0.350000,0.600000,0.000000,0.000000,0.707107,0.707107
arm_1,201.675000,0.000000,-0.350000,0.600000,0.000000,0.000000,0.707107,0.707107
arm_1,201.692000,0.000000,-0.350000,0.600000,0.000000,0.000000,0.707107,0.707107
arm_1,201.710000,0.000000,-0.350000,0.600000,0.000000,0.000000,0.707107,0.707107
arm_1,201.728000,0.000000,-0.350000,0.600000,0.000000,0.000000,0.707107,0.707107
arm_1,201.746000,0.000000,-0.350000,0.600000,0.000000,0.000000,0.707107,0.707107
arm_1,201.763000,0.000000,-0.350000,0.600000,0.000000,0.000000,0.707107,0.707107
arm_1,201.766000,0.000000,-0.350000,0.600000,0.000000,0.000000,0.707107,0.707107
arm_1,201.769000,0.000000,-0.350000,0.600000,0.000000,0.000000,0.707107,0.707107
arm_1,201.773000,0.000000,-0.350000,0.600000,0.000000,0.000000,0.707107,0.707107
arm_1,201.777000,0.000000,-0.350000,0.600000,0.000000,0.000000,0.707107,0.707107
arm_1,201.789000,0.000000,-0.350000,0.600000,0.000000,0.000000,0.707107,0.707107
arm_1,201.805000,0.000000,-0.350000,0.600000,0.000000,0.000000,0.707107,0.707107
arm_1,201.822000,0.000000,-0.350000,0.600000,0.000000,0.000000,0.707107,0.707107
arm_1,201.839000,0.000000,-0.350000,0.600000,0.000000,0.000000,0.707107,0.707107
arm_1,201.856000,0.000000,-0.350000,0.600000,0.000000,0.000000,0.707107,0.707107
arm_1,201.873000,0.000000,-0.350000,0.600000,0.000000,0.000000,0.707107,0.707107
arm_1,201.890000,0.000000,-0.350000,0.600000,0.000000,0.000000,0.707107,0.707107
arm_1,201.908000,0.000000,-0.350000,0.600000,0.000000,0.000000,0.707107,0.707107
arm_1,201.923000,0.000000,-0.350000,0.600000,0.000000,0.000000,0.707107,0.707107
arm_1,201.939000,0.000000,-0.350000,0.600000,0.000000,0.000000,0.707107,0.707107
arm_1,201.955000,0.000000,-0.350000,0.600000,0.000000,0.000000,0.707107,0.707107
arm_1,201.971000,0.000000,-0.350000,0.600000,0.000000,0.000000,0.707107,0.707107
arm_1,201.988000,0.000000,-0.350000,0.600000,0.000000,0.000000,0.707107,0.707107
arm_1,202.005000,0.000000,-0.350000,0.600000,0.000000,0.000000,0.707107,0.707107
arm_1,202.021000,0.000000,-0.350000,0.600000,0.000000,0.000000,0.707107,0.707107
arm_1,202.036000,0.000000,-0.350000,0.600000,0.000000,0.000000,0.707107,0.707107
arm_1,202.049000,0.000000,-0.350000,0.600000,0.000000,0.000000,0.707107,0.707107
arm_1,202.064000,0.000000,-0.350000,0.600000,0.000000,0.000000,0.707107,0.707107
arm_1,202.081000,0.000000,-0.350000,0.600000,0.000000,0.000000,0.707107,0.707107
arm_1,202.097000,0.000000,-0.350000,0.600000,0.000000,0.000000,0.707107,0.707107
arm_1,202.112000,0.000000,-0.350000,0.600000,0.000000,0.000000,0.707107,0.707107
arm_1,202.129000,0.000000,-0.350000,0.600000,0.000000,0.000000,0.707107,0.707107
arm_1,202.147000,0.000000,-0.350000,0.600000,0.000000,0.000000,0.707107,0.707107
arm_1,202.164000,0.000000,-0.350000,0.600000,0.000000,0.000000,0.707107,0.707107
arm_1,202.181000,0.000000,-0.350000,0.600000,0.000000,0.000000,0.707107,0.707107
arm_1,202.198000,0.000000,-0.350000,0.600000,0.000000,0.000000,0.707107,0.707107
arm_1,202.215000,0.000000,-0.350000,0.600000,0.000000,0.000000,0.707107,0.707107
arm_1,202.232000,0.000000,-0.350000,0.600000,0.000000,0.000000,0.707107,0.707107
arm_1,202.249000,0.000000,-0.350000,0.600000,0.000000,0.000000,0.707107,0.707107
arm_1,202.266000,0.000000,-0.350000,0.600000,0.000000,0.000000,0.707107,0.707107
arm_1,202.282000,0.000000,-0.350000,0.600000,0.000000,0.000000,0.707107,0.707107
arm_1,202.298000,0.000000,-0.350000,0.600000,0.000000,0.000000,0.707107,0.707107
arm_1,202.314000,0.000000,-0.350000,0.600000,0.000000,0.000000,0.707107,0.707107
arm_1,202.329000,0.000000,-0.350000,0.600000,0.000000,0.000000,0.707107,0.707107
arm_1,202.345000,0.000000,-0.350000,0.600000,0.000000,0.000000,0.707107,0.707107
arm_1,202.361000,0.000000,-0.350000,0.600000,0.000000,0.000000,0.707107,0.707107
arm_1,202.377000,0.000000,-0.350000,0.600000,0.000000,0.000000,0.707107,0.707107
arm_1,202.393000,0.000000,-0.350000,0.600000,0.000000,0.000000,0.707107,0.707107
arm_1,202.408000,0.000000,-0.350000,0.600000,0.000000,0.000000,0.707107,0.707107
arm_1,202.424000,0.000000,-0.350000,0.600000,0.000000,0.000000,0.707107,0.707107
arm_1,202.441000,0.000000,-0.350000,0.600000,0.000000,0.000000,0.707107,0.707107
arm_1,202.458000,0.000000,-0.350000,0.600000,0.000000,0.000000,0.707107,0.707107
arm_1,202.475000,0.000000,-0.350000,0.600000,0.000000,0.000000,0.707107,0.707107
arm_1,202.491000,0.000000,-0.350000,0.600000,0.000000,0.000000,0.707107,0.707107
arm_1,202.508000,0.000000,-0.350000,0.600000,0.000000,0.000000,0.707107,0.707107
arm_1,202.525000,0.000000,-0.350000,0.600000,0.000000,0.000000,0.707107,0.707107
arm_1,202.542000,0.000000,-0.350000,0.600000,0.000000,0.000000,0.707107,0.707107
arm_1,202.558000,0.000000,-0.350000,0.600000,0.000000,0.000000,0.707107,0.707107
arm_1,202.571000,0.000000,-0.350000,0.600000,0.000000,0.000000,0.707107,0.707107
arm_1,202.587000,0.000000,-0.350000,0.600000,0.000000,0.000000,0.707107,0.707107
arm_1,202.603000,0.000000,-0.350000,0.600000,0.000000,0.000000,0.707107,0.707107
arm_1,202.619000,0.000000,-0.350000,0.600000,0.000000,0.000000,0.707107,0.707107
arm_1,202.635000,0.000000,-0.350000,0.600000,0.000000,0.000000,0.707107,0.707107
arm_1,202.651000,0.000000,-0.350000,0.600000,0.000000,0.000000,0.707107,0.707107
arm_1,202.668000,0.000000,-0.350000,0.600000,0.000000,0.000000,0.707107,0.707107
arm_1,202.685000,0.000000,-0.350000,0.600000,0.000000,0.000000,0.707107,0.707107
arm_1,202.702000,0.000000,-0.350000,0.600000,0.000000,0.000000,0.707107,0.707107
arm_1,202.719000,0.000000,-0.350000,0.600000,0.000000,0.000000,0.707107,0.707107
arm_1,202.735000,0.000000,-0.350000,0.600000,0.000000,0.000000,0.707107,0.707107
arm_1,202.752000,0.000000,-0.350000,0.600000,0.000000,0.000000,0.707107,0.707107
arm_1,202.769000,0.000000,-0.350000,0.600000,0.000000,0.000000,0.707107,0.707107
arm_1,202.786000,0.000000,-0.350000,0.600000,0.000000,0.000000,0.707107,0.707107
arm_1,202.803000,0.000000,-0.350000,0.600000,0.000000,0.000000,0.707107,0.707107
arm_1,202.820000,0.000000,-0.350000,0.600000,0.000000,0.000000,0.707107,0.707107
arm_1,202.837000,0.000000,-0.350000,0.600000,0.000000,0.000000,0.707107,0.707107
arm_1,202.854000,0.000000,-0.350000,0.600000,0.000000,0.000000,0.707107,0.707107
arm_1,202.871000,0.000000,-0.350000,0.600000,0.000000,0.000000,0.707107,0.707107
arm_1,202.887000,0.000000,-0.350000,0.600000,0.000000,0.000000,0.707107,0.707107
arm_1,202.903000,0.000000,-0.350000,0.600000,0.000000,0.000000,0.707107,0.707107
arm_1,202.918000,0.000000,-0.350000,0.600000,0.000000,0.000000,0.707107,0.707107
arm_1,202.934000,0.000000,-0.350000,0.600000,0.000000,0.000000,0.707107,0.707107
arm_1,202.949000,0.000000,-0.350000,0.600000,0.000000,0.000000,0.707107,0.707107
arm_1,202.964000,0.000000,-0.350000,0.600000,0.000000,0.000000,0.707107,0.707107
arm_1,202.980000,0.000000,-0.350000,0.600000,0.000000,0.000000,0.707107,0.707107
arm_1,202.996000,0.000000,-0.350000,0.600000,0.000000,0.000000,0.707107,0.707107
arm_1,203.013000,0.000000,-0.350000,0.600000,0.000000,0.000000,0.707107,0.707107
arm_1,203.029000,0.000000,-0.350000,0.600000,0.000000,0.000000,0.707107,0.707107
arm_1,203.045000,0.000000,-0.350000,0.600000,0.000000,0.000000,0.707107,0.707107
arm_1,203.062000,0.000000,-0.350000,0.600000,0.000000,0.000000,0.707107,0.707107
arm_1,203.078000,0.000000,-0.350000,0.600000,0.000000,0.000000,0.707107,0.707107
arm_1,203.095000,0.000000,-0.350000,0.600000,0.000000,0.000000,0.707107,0.707107
arm_1,203.113000,0.000000,-0.350000,0.600000,0.000000,0.000000,0.707107,0.707107
arm_1,203.122000,0.000000,-0.350000,0.600000,0.000000,0.000000,0.707107,0.707107
arm_1,203.128000,0.000000,-0.350000,0.600000,0.000000,0.000000,0.707107,0.707107
arm_1,203.140000,0.000000,-0.350000,0.600000,0.000000,0.000000,0.707107,0.707107
arm_1,203.153000,0.000000,-0.350000,0.600000,0.000000,0.000000,0.707107,0.707107
arm_1,203.168000,0.000000,-0.350000,0.600000,0.000000,0.000000,0.707107,0.707107
arm_1,203.183000,0.000000,-0.350000,0.600000,0.000000,0.000000,0.707107,0.707107
arm_1,203.199000,0.000000,-0.350000,0.600000,0.000000,0.000000,0.707107,0.707107
arm_1,203.216000,0.000000,-0.350000,0.600000,0.000000,0.000000,0.707107,0.707107
arm_1,203.233000,0.000000,-0.350000,0.600000,0.000000,0.000000,0.707107,0.707107
arm_1,203.249000,0.000000,-0.350000,0.600000,0.000000,0.000000,0.707107,0.707107
arm_1,203.262000,0.000000,-0.350000,0.600000,0.000000,0.000000,0.707107,0.707107
arm_1,203.278000,0.000000,-0.350000,0.600000,0.000000,0.000000,0.707107,0.707107
arm_1,203.286000,0.000000,-0.350000,0.600000,0.000000,0.000000,0.707107,0.707107
arm_1,203.299000,0.000000,-0.350000,0.600000,0.000000,0.000000,0.707107,0.707107
arm_1,203.314000,0.000000,-0.350000,0.600000,0.000000,0.000000,0.707107,0.707107
arm_1,203.329000,0.000000,-0.350000,0.600000,0.000000,0.000000,0.707107,0.707107
arm_1,203.344000,0.000000,-0.350000,0.600000,0.000000,0.000000,0.707107,0.707107
arm_1,203.360000,0.000000,-0.350000,0.600000,0.000000,0.000000,0.707107,0.707107
arm_1,203.375000,0.000000,-0.350000,0.600000,0.000000,0.000000,0.707107,0.707107
arm_1,203.391000,0.000000,-0.350000,0.600000,0.000000,0.000000,0.707107,0.707107
arm_1,203.407000,0.000000,-0.350000,0.600000,0.000000,0.000000,0.707107,0.707107
arm_1,203.424000,0.000000,-0.350000,0.600000,0.000000,0.000000,0.707107,0.707107
arm_1,203.441000,0.000000,-0.350000,0.600000,0.000000,0.000000,0.707107,0.707107
arm_1,203.458000,0.000000,-0.350000,0.600000,0.000000,0.000000,0.707107,0.707107
arm_1,203.475000,0.000000,-0.350000,0.600000,0.000000,0.000000,0.707107,0.707107
arm_1,203.492000,0.000000,-0.350000,0.600000,0.000000,0.000000,0.707107,0.707107
arm_1,203.509000,0.000000,-0.350000,0.600000,0.000000,0.000000,0.707107,0.707107
arm_1,203.526000,0.000000,-0.350000,0.600000,0.000000,0.000000,0.707107,0.707107
arm_1,203.543000,0.000000,-0.350000,0.600000,0.000000,0.000000,0.707107,0.707107
arm_1,203.561000,0.000000,-0.350000,0.600000,0.000000,0.000000,0.707107,0.707107
arm_1,203.578000,0.000000,-0.350000,0.600000,0.000000,0.000000,0.707107,0.707107
arm_1,203.595000,0.000000,-0.350000,0.600000,0.000000,0.000000,0.707107,0.707107
arm_1,203.612000,0.000000,-0.350000,0.600000,0.000000,0.000000,0.707107,0.707107
arm_1,203.630000,0.000000,-0.350000,0.600000,0.000000,0.000000,0.707107,0.707107
arm_1,203.645000,0.000000,-0.350000,0.600000,0.000000,0.000000,0.707107,0.707107
arm_1,203.660000,0.000000,-0.350000,0.600000,0.000000,0.000000,0.707107,0.707107
arm_1,203.676000,0.000000,-0.350000,0.600000,0.000000,0.000000,0.707107,0.707107
arm_1,203.693000,0.000000,-0.350000,0.600000,0.000000,0.000000,0.707107,0.707107
arm_1,203.710000,0.000000,-0.350000,0.600000,0.000000,0.000000,0.707107,0.707107
arm_1,203.727000,0.000000,-0.350000,0.600000,0.000000,0.000000,0.707107,0.707107
arm_1,203.743000,0.000000,-0.350000,0.600000,0.000000,0.000000,0.707107,0.707107
arm_1,203.759000,0.000000,-0.350000,0.600000,0.000000,0.000000,0.707107,0.707107
arm_1,203.776000,0.000000,-0.350000,0.600000,0.000000,0.000000,0.707107,0.707107
arm_1,203.790000,0.000000,-0.350000,0.600000,0.000000,0.000000,0.707107,0.707107
arm_1,203.807000,0.000000,-0.350000,0.600000,0.000000,0.000000,0.707107,0.707107
arm_1,203.822000,0.000000,-0.350000,0.600000,0.000000,0.000000,0.707107,0.707107
arm_1,203.839000,0.000000,-0.350000,0.600000,0.000000,0.000000,0.707107,0.707107
arm_1,203.855000,0.000000,-0.350000,0.600000,0.000000,0.000000,0.707107,0.707107
arm_1,203.870000,0.000000,-0.350000,0.600000,0.000000,0.000000,0.707107,0.707107
arm_1,203.886000,0.000000,-0.350000,0.600000,0.000000,0.000000,0.707107,0.707107
arm_1,203.899000,0.000000,-0.350000,0.600000,0.000000,0.000000,0.707107,0.707107
arm_1,203.912000,0.000000,-0.350000,0.600000,0.000000,0.000000,0.707107,0.707107
arm_1,203.928000,0.000000,-0.350000,0.600000,0.000000,0.000000,0.707107,0.707107
arm_1,203.944000,0.000000,-0.350000,0.600000,0.000000,0.000000,0.707107,0.707107
arm_1,203.961000,0.000000,-0.350000,0.600000,0.000000,0.000000,0.707107,0.707107
arm_1,203.977000,0.000000,-0.350000,0.600000,0.000000,0.000000,0.707107,0.707107
arm_1,203.994000,0.000000,-0.350000,0.600000,0.000000,0.000000,0.707107,0.707107
arm_1,204.011000,0.000000,-0.350000,0.600000,0.000000,0.000000,0.707107,0.707107
arm_1,204.028000,0.000000,-0.350000,0.600000,0.000000,0.000000,0.707107,0.707107
arm_1,204.045000,0.000000,-0.350000,0.600000,0.000000,0.000000,0.707107,0.707107
arm_1,204.062000,0.000000,-0.350000,0.600000,0.000000,0.000000,0.707107,0.707107
arm_1,204.078000,0.000000,-0.350000,0.600000,0.000000,0.000000,0.707107,0.707107
arm_1,204.094000,0.000000,-0.350000,0.600000,0.000000,0.000000,0.707107,0.707107
arm_1,204.110000,0.000000,-0.350000,0.600000,0.000000,0.000000,0.707107,0.707107
arm_1,204.127000,0.000000,-0.350000,0.600000,0.000000,0.000000,0.707107,0.707107
arm_1,204.144000,0.000000,-0.350000,0.600000,0.000000,0.000000,0.707107,0.707107
arm_1,204.161000,0.000000,-0.350000,0.600000,0.000000,0.000000,0.707107,0.707107
arm_1,204.178000,0.000000,-0.350000,0.600000,0.000000,0.000000,0.707107,0.707107
arm_1,204.195000,0.000000,-0.350000,0.600000,0.000000,0.000000,0.707107,0.707107
arm_1,204.212000,0.000000,-0.350000,0.600000,0.000000,0.000000,0.707107,0.707107
arm_1,204.229000,0.000000,-0.350000,0.600000,0.000000,0.000000,0.707107,0.707107
arm_1,204.246000,0.000000,-0.350000,0.600000,0.000000,0.000000,0.707107,0.707107
arm_1,204.263000,0.000000,-0.350000,0.600000,0.000000,0.000000,0.707107,0.707107
arm_1,204.280000,0.000000,-0.350000,0.600000,0.000000,0.000000,0.707107,0.707107
arm_1,204.297000,0.000000,-0.350000,0.600000,0.000000,0.000000,0.707107,0.707107
arm_1,204.314000,0.000000,-0.350000,0.600000,0.000000,0.000000,0.707107,0.707107
arm_1,204.330000,0.000000,-0.350000,0.600000,0.000000,0.000000,0.707107,0.707107
arm_1,204.347000,0.000000,-0.350000,0.600000,0.000000,0.000000,0.707107,0.707107
arm_1,204.365000,0.000000,-0.350000,0.600000,0.000000,0.000000,0.707107,0.707107
arm_1,204.382000,0.000000,-0.350000,0.600000,0.000000,0.000000,0.707107,0.707107
arm_1,204.399000,0.000000,-0.350000,0.600000,0.000000,0.000000,0.707107,0.707107
arm_1,204.416000,0.000000,-0.350000,0.600000,0.000000,0.000000,0.707107,0.707107
arm_1,204.434000,0.000000,-0.350000,0.600000,0.000000,0.000000,0.707107,0.707107
arm_1,204.452000,0.000000,-0.350000,0.600000,0.000000,0.000000,0.707107,0.707107
arm_1,204.469000,0.000000,-0.350000,0.600000,0.000000,0.000000,0.707107,0.707107
arm_1,204.485000,0.000000,-0.350000,0.600000,0.000000,0.000000,0.707107,0.707107
arm_1,204.502000,0.000000,-0.350000,0.600000,0.000000,0.000000,0.707107,0.707107
arm_1,204.518000,0.000000,-0.350000,0.600000,0.000000,0.000000,0.707107,0.707107
arm_1,204.535000,0.000000,-0.350000,0.600000,0.000000,0.000000,0.707107,0.707107
arm_1,204.552000,0.000000,-0.350000,0.600000,0.000000,0.000000,0.707107,0.707107
arm_1,204.569000,0.000000,-0.350000,0.600000,0.000000,0.000000,0.707107,0.707107
arm_1,204.586000,0.000000,-0.350000,0.600000,0.000000,0.000000,0.707107,0.707107
arm_1,204.602000,0.000000,-0.350000,0.600000,0.000000,0.000000,0.707107,0.707107
arm_1,204.619000,0.000000,-0.350000,0.600000,0.000000,0.000000,0.707107,0.707107
arm_1,204.636000,0.000000,-0.350000,0.600000,0.000000,0.000000,0.707107,0.707107
arm_1,204.653000,0.000000,-0.350000,0.600000,0.000000,0.000000,0.707107,0.707107
arm_1,204.670000,0.000000,-0.350000,0.600000,0.000000,0.000000,0.707107,0.707107
arm_1,204.687000,0.000000,-0.350000,0.600000,0.000000,0.000000,0.707107,0.707107
arm_1,204.704000,0.000000,-0.350000,0.600000,0.000000,0.000000,0.707107,0.707107
arm_1,204.721000,0.000000,-0.350000,0.600000,0.000000,0.000000,0.707107,0.707107
arm_1,204.738000,0.000000,-0.350000,0.600000,0.000000,0.000000,0.707107,0.707107
arm_1,204.756000,0.000000,-0.350000,0.600000,0.000000,0.000000,0.707107,0.707107
arm_1,204.772000,0.000000,-0.350000,0.600000,0.000000,0.000000,0.707107,0.707107
arm_1,204.789000,0.000000,-0.350000,0.600000,0.000000,0.000000,0.707107,0.707107
arm_1,204.806000,0.000000,-0.350000,0.600000,0.000000,0.000000,0.707107,0.707107
arm_1,204.823000,0.000000,-0.350000,0.600000,0.000000,0.000000,0.707107,0.707107
arm_1,204.840000,0.000000,-0.350000,0.600000,0.000000,0.000000,0.707107,0.707107
arm_1,204.855000,0.000000,-0.350000,0.600000,0.000000,0.000000,0.707107,0.707107
arm_1,204.871000,0.000000,-0.350000,0.600000,0.000000,0.000000,0.707107,0.707107
arm_1,204.888000,0.000000,-0.350000,0.600000,0.000000,0.000000,0.707107,0.707107
arm_1,204.904000,0.000000,-0.350000,0.600000,0.000000,0.000000,0.707107,0.707107
arm_1,204.921000,0.000000,-0.350000,0.600000,0.000000,0.000000,0.707107,0.707107
arm_1,204.937000,0.000000,-0.350000,0.600000,0.000000,0.000000,0.707107,0.707107
arm_1,204.954000,0.000000,-0.350000,0.600000,0.000000,0.000000,0.707107,0.707107
arm_1,204.970000,0.000000,-0.350000,0.600000,0.000000,0.000000,0.707107,0.707107
arm_1,204.986000,0.000000,-0.350000,0.600000,0.000000,0.000000,0.707107,0.707107
arm_1,205.003000,0.000000,-0.350000,0.600000,0.000000,0.000000,0.707107,0.707107
arm_1,205.019000,0.000000,-0.350000,0.600000,0.000000,0.000000,0.707107,0.707107
arm_1,205.034000,0.000000,-0.350000,0.600000,0.000000,0.000000,0.707107,0.707107
arm_1,205.050000,0.000000,-0.350000,0.600000,0.000000,0.000000,0.707107,0.707107
arm_1,205.066000,0.000000,-0.350000,0.600000,0.000000,0.000000,0.707107,0.707107
arm_1,205.083000,0.000000,-0.350000,0.600000,0.000000,0.000000,0.707107,0.707107
arm_1,205.100000,0.000000,-0.350000,0.600000,0.000000,0.000000,0.707107,0.707107
arm_1,205.116000,0.000000,-0.350000,0.600000,0.000000,0.000000,0.707107,0.707107
arm_1,205.133000,0.000000,-0.350000,0.600000,0.000000,0.000000,0.707107,0.707107
arm_1,205.150000,0.000000,-0.350000,0.600000,0.000000,0.000000,0.707107,0.707107
arm_1,205.167000,0.000000,-0.350000,0.600000,0.000000,0.000000,0.707107,0.707107
arm_1,205.184000,0.000000,-0.350000,0.600000,0.000000,0.000000,0.707107,0.707107
arm_1,205.200000,0.000000,-0.350000,0.600000,0.000000,0.000000,0.707107,0.707107
arm_1,205.217000,0.000000,-0.350000,0.600000,0.000000,0.000000,0.707107,0.707107
arm_1,205.234000,0.000000,-0.350000,0.600000,0.000000,0.000000,0.707107,0.707107
arm_1,205.252000,0.000000,-0.350000,0.600000,0.000000,0.000000,0.707107,0.707107
arm_1,205.269000,0.000000,-0.350000,0.600000,0.000000,0.000000,0.707107,0.707107
arm_1,205.286000,0.000000,-0.350000,0.600000,0.000000,0.000000,0.707107,0.707107
arm_1,205.302000,0.000000,-0.350000,0.600000,0.000000,0.000000,0.707107,0.707107
arm_1,205.318000,0.000000,-0.350000,0.600000,0.000000,0.000000,0.707107,0.707107
arm_1,205.335000,0.000000,-0.350000,0.600000,0.000000,0.000000,0.707107,0.707107
arm_1,205.352000,0.000000,-0.350000,0.600000,0.000000,0.000000,0.707107,0.707107
arm_1,205.368000,0.000000,-0.350000,0.600000,0.000000,0.000000,0.707107,0.707107
arm_1,205.385000,0.000000,-0.350000,0.600000,0.000000,0.000000,0.707107,0.707107
arm_1,205.402000,0.000000,-0.350000,0.600000,0.000000,0.000000,0.707107,0.707107
arm_1,205.419000,0.000000,-0.350000,0.600000,0.000000,0.000000,0.707107,0.707107
arm_1,205.435000,0.000000,-0.350000,0.600000,0.000000,0.000000,0.707107,0.707107
arm_1,205.452000,0.000000,-0.350000,0.600000,0.000000,0.000000,0.707107,0.707107
arm_1,205.469000,0.000000,-0.350000,0.600000,0.000000,0.000000,0.707107,0.707107
arm_1,205.486000,0.000000,-0.350000,0.600000,0.000000,0.000000,0.707107,0.707107
arm_1,205.502000,0.000000,-0.350000,0.600000,0.000000,0.000000,0.707107,0.707107
arm_1,205.519000,0.000000,-0.350000,0.600000,0.000000,0.000000,0.707107,0.707107
arm_1,205.535000,0.000000,-0.350000,0.600000,0.000000,0.000000,0.707107,0.707107
arm_1,205.551000,0.000000,-0.350000,0.600000,0.000000,0.000000,0.707107,0.707107
arm_1,205.567000,0.000000,-0.350000,0.600000,0.000000,0.000000,0.707107,0.707107
arm_1,205.584000,0.000000,-0.350000,0.600000,0.000000,0.000000,0.707107,0.707107
arm_1,205.601000,0.000000,-0.350000,0.600000,0.000000,0.000000,0.707107,0.707107
arm_1,205.618000,0.000000,-0.350000,0.600000,0.000000,0.000000,0.707107,0.707107
arm_1,205.635000,0.000000,-0.350000,0.600000,0.000000,0.000000,0.707107,0.707107
arm_1,205.652000,0.000000,-0.350000,0.600000,0.000000,0.000000,0.707107,0.707107
arm_1,205.669000,0.000000,-0.350000,0.600000,0.000000,0.000000,0.707107,0.707107
arm_1,205.686000,0.000000,-0.350000,0.600000,0.000000,0.000000,0.707107,0.707107
arm_1,205.702000,0.000000,-0.350000,0.600000,0.000000,0.000000,0.707107,0.707107
arm_1,205.719000,0.000000,-0.350000,0.600000,0.000000,0.000000,0.707107,0.707107
arm_1,205.735000,0.000000,-0.350000,0.600000,0.000000,0.000000,0.707107,0.707107
arm_1,205.752000,0.000000,-0.350000,0.600000,0.000000,0.000000,0.707107,0.707107
arm_1,205.769000,0.000000,-0.350000,0.600000,0.000000,0.000000,0.707107,0.707107
arm_1,205.785000,0.000000,-0.350000,0.600000,0.000000,0.000000,0.707107,0.707107
arm_1,205.801000,0.000000,-0.350000,0.600000,0.000000,0.000000,0.707107,0.707107
arm_1,205.818000,0.000000,-0.350000,0.600000,0.000000,0.000000,0.707107,0.707107
arm_1,205.835000,0.000000,-0.350000,0.600000,0.000000,0.000000,0.707107,0.707107
arm_1,205.851000,0.000000,-0.350000,0.600000,0.000000,0.000000,0.707107,0.707107
arm_1,205.868000,0.000000,-0.350000,0.600000,0.000000,0.000000,0.707107,0.707107
arm_1,205.885000,0.000000,-0.350000,0.600000,0.000000,0.000000,0.707107,0.707107
arm_1,205.901000,0.000000,-0.350000,0.600000,0.000000,0.000000,0.707107,0.707107
arm_1,205.917000,0.000000,-0.350000,0.600000,0.000000,0.000000,0.707107,0.707107
arm_1,205.934000,0.000000,-0.350000,0.600000,0.000000,0.000000,0.707107,0.707107
arm_1,205.951000,0.000000,-0.350000,0.600000,0.000000,0.000000,0.707107,0.707107
arm_1,205.969000,0.000000,-0.350000,0.600000,0.000000,0.000000,0.707107,0.707107
arm_1,205.987000,0.000000,-0.350000,0.600000,0.000000,0.000000,0.707107,0.707107
arm_1,206.003000,0.000000,-0.350000,0.600000,0.000000,0.000000,0.707107,0.707107
arm_1,206.019000,0.000000,-0.350000,0.600000,0.000000,0.000000,0.707107,0.707107
arm_1,206.035000,0.000000,-0.350000,0.600000,0.000000,0.000000,0.707107,0.707107
arm_1,206.053000,0.000000,-0.350000,0.600000,0.000000,0.000000,0.707107,0.707107
arm_1,206.070000,0.000000,-0.350000,0.600000,0.000000,0.000000,0.707107,0.707107
arm_1,206.086000,0.000000,-0.350000,0.600000,0.000000,0.000000,0.707107,0.707107
arm_1,206.102000,0.000000,-0.350000,0.600000,0.000000,0.000000,0.707107,0.707107
arm_1,206.118000,0.000000,-0.350000,0.600000,0.000000,0.000000,0.707107,0.707107
arm_1,206.135000,0.000000,-0.350000,0.600000,0.000000,0.000000,0.707107,0.707107
arm_1,206.151000,0.000000,-0.350000,0.600000,0.000000,0.000000,0.707107,0.707107
arm_1,206.168000,0.000000,-0.350000,0.600000,0.000000,0.000000,0.707107,0.707107
arm_1,206.185000,0.000000,-0.350000,0.600000,0.000000,0.000000,0.707107,0.707107
arm_1,206.202000,0.000000,-0.350000,0.600000,0.000000,0.000000,0.707107,0.707107
arm_1,206.218000,0.000000,-0.350000,0.600000,0.000000,0.000000,0.707107,0.707107
arm_1,206.234000,0.000000,-0.350000,0.600000,0.000000,0.000000,0.707107,0.707107
arm_1,206.251000,0.000000,-0.350000,0.600000,0.000000,0.000000,0.707107,0.707107
arm_1,206.268000,0.000000,-0.350000,0.600000,0.000000,0.000000,0.707107,0.707107
arm_1,206.284000,0.000000,-0.350000,0.600000,0.000000,0.000000,0.707107,0.707107
arm_1,206.301000,0.000000,-0.350000,0.600000,0.000000,0.000000,0.707107,0.707107
arm_1,206.318000,0.000000,-0.350000,0.600000,0.000000,0.000000,0.707107,0.707107
arm_1,206.335000,0.000000,-0.350000,0.600000,0.000000,0.000000,0.707107,0.707107
arm_1,206.352000,0.000000,-0.350000,0.600000,0.000000,0.000000,0.707107,0.707107
arm_1,206.368000,0.000000,-0.350000,0.600000,0.000000,0.000000,0.707107,0.707107
arm_1,206.385000,0.000000,-0.350000,0.600000,0.000000,0.000000,0.707107,0.707107
arm_1,206.402000,0.000000,-0.350000,0.600000,0.000000,0.000000,0.707107,0.707107
arm_1,206.419000,0.000000,-0.350000,0.600000,0.000000,0.000000,0.707107,0.707107
arm_1,206.436000,0.000000,-0.350000,0.600000,0.000000,0.000000,0.707107,0.707107
arm_1,206.454000,0.000000,-0.350000,0.600000,0.000000,0.000000,0.707107,0.707107
arm_1,206.472000,0.000000,-0.350000,0.600000,0.000000,0.000000,0.707107,0.707107
arm_1,206.489000,0.000000,-0.350000,0.600000,0.000000,0.000000,0.707107,0.707107
arm_1,206.506000,0.000000,-0.350000,0.600000,0.000000,0.000000,0.707107,0.707107
arm_1,206.523000,0.000000,-0.350000,0.600000,0.000000,0.000000,0.707107,0.707107
arm_1,206.540000,0.000000,-0.350000,0.600000,0.000000,0.000000,0.707107,0.707107
arm_1,206.557000,0.000000,-0.350000,0.600000,0.000000,0.000000,0.707107,0.707107
arm_1,206.575000,0.000000,-0.350000,0.600000,0.000000,0.000000,0.707107,0.707107
arm_1,206.591000,0.000000,-0.350000,0.600000,0.000000,0.000000,0.707107,0.707107
arm_1,206.608000,0.000000,-0.350000,0.600000,0.000000,0.000000,0.707107,0.707107
arm_1,206.624000,0.000000,-0.350000,0.600000,0.000000,0.000000,0.707107,0.707107
arm_1,206.638000,0.000000,-0.350000,0.600000,0.000000,0.000000,0.707107,0.707107
arm_1,206.654000,0.000000,-0.350000,0.600000,0.000000,0.000000,0.707107,0.707107
arm_1,206.671000,0.000000,-0.350000,0.600000,0.000000,0.000000,0.707107,0.707107
arm_1,206.687000,0.000000,-0.350000,0.600000,0.000000,0.000000,0.707107,0.707107
arm_1,206.704000,0.000000,-0.350000,0.600000,0.000000,0.000000,0.707107,0.707107
arm_1,206.721000,0.000000,-0.350000,0.600000,0.000000,0.000000,0.707107,0.707107
arm_1,206.739000,0.000000,-0.350000,0.600000,0.000000,0.000000,0.707107,0.707107
arm_1,206.756000,0.000000,-0.350000,0.600000,0.000000,0.000000,0.707107,0.707107
arm_1,206.771000,0.000000,-0.350000,0.600000,0.000000,0.000000,0.707107,0.707107
arm_1,206.786000,0.000000,-0.350000,0.600000,0.000000,0.000000,0.707107,0.707107
arm_1,206.801000,0.000000,-0.350000,0.600000,0.000000,0.000000,0.707107,0.707107
arm_1,206.817000,0.000000,-0.350000,0.600000,0.000000,0.000000,0.707107,0.707107
arm_1,206.828000,0.000000,-0.350000,0.600000,0.000000,0.000000,0.707107,0.707107
arm_1,206.842000,0.000000,-0.350000,0.600000,0.000000,0.000000,0.707107,0.707107
arm_1,206.858000,0.000000,-0.350000,0.600000,0.000000,0.000000,0.707107,0.707107
arm_1,206.874000,0.000000,-0.350000,0.600000,0.000000,0.000000,0.707107,0.707107
arm_1,206.889000,0.000000,-0.350000,0.600000,0.000000,0.000000,0.707107,0.707107
arm_1,206.906000,0.000000,-0.350000,0.600000,0.000000,0.000000,0.707107,0.707107
arm_1,206.922000,0.000000,-0.350000,0.600000,0.000000,0.000000,0.707107,0.707107
arm_1,206.939000,0.000000,-0.350000,0.600000,0.000000,0.000000,0.707107,0.707107
arm_1,206.956000,0.000000,-0.350000,0.600000,0.000000,0.000000,0.707107,0.707107
arm_1,206.972000,0.000000,-0.350000,0.600000,0.000000,0.000000,0.707107,0.707107
arm_1,206.989000,0.000000,-0.350000,0.600000,0.000000,0.000000,0.707107,0.707107
arm_1,207.006000,0.000000,-0.350000,0.600000,0.000000,0.000000,0.707107,0.707107
arm_1,207.023000,0.000000,-0.350000,0.600000,0.000000,0.000000,0.707107,0.707107
arm_1,207.040000,0.000000,-0.350000,0.600000,0.000000,0.000000,0.707107,0.707107
arm_1,207.057000,0.000000,-0.350000,0.600000,0.000000,0.000000,0.707107,0.707107
arm_1,207.074000,0.000000,-0.350000,0.600000,0.000000,0.000000,0.707107,0.707107
arm_1,207.091000,0.000000,-0.350000,0.600000,0.000000,0.000000,0.707107,0.707107
arm_1,207.108000,0.000000,-0.350000,0.600000,0.000000,0.000000,0.707107,0.707107
arm_1,207.124000,0.000000,-0.350000,0.600000,0.000000,0.000000,0.707107,0.707107
arm_1,207.140000,0.000000,-0.350000,0.600000,0.000000,0.000000,0.707107,0.707107
arm_1,207.155000,0.000000,-0.350000,0.600000,0.000000,0.000000,0.707107,0.707107
arm_1,207.171000,0.000000,-0.350000,0.600000,0.000000,0.000000,0.707107,0.707107
arm_1,207.187000,0.000000,-0.350000,0.600000,0.000000,0.000000,0.707107,0.707107
arm_1,207.204000,0.000000,-0.350000,0.600000,0.000000,0.000000,0.707107,0.707107
arm_1,207.221000,0.000000,-0.350000,0.600000,0.000000,0.000000,0.707107,0.707107
arm_1,207.238000,0.000000,-0.350000,0.600000,0.000000,0.000000,0.707107,0.707107
arm_1,207.253000,0.000000,-0.350000,0.600000,0.000000,0.000000,0.707107,0.707107
arm_1,207.267000,0.000000,-0.350000,0.600000,0.000000,0.000000,0.707107,0.707107
arm_1,207.281000,0.000000,-0.350000,0.600000,0.000000,0.000000,0.707107,0.707107
arm_1,207.296000,0.000000,-0.350000,0.600000,0.000000,0.000000,0.707107,0.707107
arm_1,207.313000,0.000000,-0.350000,0.600000,0.000000,0.000000,0.707107,0.707107
arm_1,207.330000,0.000000,-0.350000,0.600000,0.000000,0.000000,0.707107,0.707107
arm_1,207.347000,0.000000,-0.350000,0.600000,0.000000,0.000000,0.707107,0.707107
arm_1,207.363000,0.000000,-0.350000,0.600000,0.000000,0.000000,0.707107,0.707107
arm_1,207.380000,0.000000,-0.350000,0.600000,0.000000,0.000000,0.707107,0.707107
arm_1,207.397000,0.000000,-0.350000,0.600000,0.000000,0.000000,0.707107,0.707107
arm_1,207.414000,0.000000,-0.350000,0.600000,0.000000,0.000000,0.707107,0.707107
arm_1,207.432000,0.000000,-0.350000,0.600000,0.000000,0.000000,0.707107,0.707107
arm_1,207.450000,0.000000,-0.350000,0.600000,0.000000,0.000000,0.707107,0.707107
arm_1,207.467000,0.000000,-0.350000,0.600000,0.000000,0.000000,0.707107,0.707107
arm_1,207.484000,0.000000,-0.350000,0.600000,0.000000,0.000000,0.707107,0.707107
arm_1,207.502000,0.000000,-0.350000,0.600000,0.000000,0.000000,0.707107,0.707107
arm_1,207.519000,0.000000,-0.350000,0.600000,0.000000,0.000000,0.707107,0.707107
arm_1,207.536000,0.000000,-0.350000,0.600000,0.000000,0.000000,0.707107,0.707107
arm_1,207.553000,0.000000,-0.350000,0.600000,0.000000,0.000000,0.707107,0.707107
arm_1,207.571000,0.000000,-0.350000,0.600000,0.000000,0.000000,0.707107,0.707107
arm_1,207.588000,0.000000,-0.350000,0.600000,0.000000,0.000000,0.707107,0.707107
arm_1,207.605000,0.000000,-0.350000,0.600000,0.000000,0.000000,0.707107,0.707107
arm_1,207.610000,0.000000,-0.350000,0.600000,0.000000,0.000000,0.707107,0.707107
arm_1,207.624000,0.000000,-0.350000,0.600000,0.000000,0.000000,0.707107,0.707107
arm_1,207.640000,0.000000,-0.350000,0.600000,0.000000,0.000000,0.707107,0.707107
arm_1,207.655000,0.000000,-0.350000,0.600000,0.000000,0.000000,0.707107,0.707107
arm_1,207.672000,0.000000,-0.350000,0.600000,0.000000,0.000000,0.707107,0.707107
arm_1,207.688000,0.000000,-0.350000,0.600000,0.000000,0.000000,0.707107,0.707107
arm_1,207.704000,0.000000,-0.350000,0.600000,0.000000,0.000000,0.707107,0.707107
arm_1,207.721000,0.000000,-0.350000,0.600000,0.000000,0.000000,0.707107,0.707107
arm_1,207.737000,0.000000,-0.350000,0.600000,0.000000,0.000000,0.707107,0.707107
arm_1,207.754000,0.000000,-0.350000,0.600000,0.000000,0.000000,0.707107,0.707107
arm_1,207.771000,0.000000,-0.350000,0.600000,0.000000,0.000000,0.707107,0.707107
arm_1,207.788000,0.000000,-0.350000,0.600000,0.000000,0.000000,0.707107,0.707107
arm_1,207.805000,0.000000,-0.350000,0.600000,0.000000,0.000000,0.707107,0.707107
arm_1,207.822000,0.000000,-0.350000,0.600000,0.000000,0.000000,0.707107,0.707107
arm_1,207.838000,0.000000,-0.350000,0.600000,0.000000,0.000000,0.707107,0.707107
arm_1,207.855000,0.000000,-0.350000,0.600000,0.000000,0.000000,0.707107,0.707107
arm_1,207.871000,0.000000,-0.350000,0.600000,0.000000,0.000000,0.707107,0.707107
arm_1,207.888000,0.000000,-0.350000,0.600000,0.000000,0.000000,0.707107,0.707107
arm_1,207.905000,0.000000,-0.350000,0.600000,0.000000,0.000000,0.707107,0.707107
arm_1,207.923000,0.000000,-0.350000,0.600000,0.000000,0.000000,0.707107,0.707107
arm_1,207.938000,0.000000,-0.350000,0.600000,0.000000,0.000000,0.707107,0.707107
arm_1,207.955000,0.000000,-0.350000,0.600000,0.000000,0.000000,0.707107,0.707107
arm_1,207.970000,0.000000,-0.350000,0.600000,0.000000,0.000000,0.707107,0.707107
arm_1,207.986000,0.000000,-0.350000,0.600000,0.000000,0.000000,0.707107,0.707107
arm_1,208.002000,0.000000,-0.350000,0.600000,0.000000,0.000000,0.707107,0.707107
arm_1,208.019000,0.000000,-0.350000,0.600000,0.000000,0.000000,0.707107,0.707107
arm_1,208.036000,0.000000,-0.350000,0.600000,0.000000,0.000000,0.707107,0.707107
arm_1,208.053000,0.000000,-0.350000,0.600000,0.000000,0.000000,0.707107,0.707107
arm_1,208.070000,0.000000,-0.350000,0.600000,0.000000,0.000000,0.707107,0.707107
arm_1,208.088000,0.000000,-0.350000,0.600000,0.000000,0.000000,0.707107,0.707107
arm_1,208.105000,0.000000,-0.350000,0.600000,0.000000,0.000000,0.707107,0.707107
arm_1,208.123000,0.000000,-0.350000,0.600000,0.000000,0.000000,0.707107,0.707107
arm_1,208.141000,0.000000,-0.350000,0.600000,0.000000,0.000000,0.707107,0.707107
arm_1,208.158000,0.000000,-0.350000,0.600000,0.000000,0.000000,0.707107,0.707107
arm_1,208.176000,0.000000,-0.350000,0.600000,0.000000,0.000000,0.707107,0.707107
arm_1,208.194000,0.000000,-0.350000,0.600000,0.000000,0.000000,0.707107,0.707107
arm_1,208.211000,0.000000,-0.350000,0.600000,0.000000,0.000000,0.707107,0.707107
arm_1,208.229000,0.000000,-0.350000,0.600000,0.000000,0.000000,0.707107,0.707107
arm_1,208.246000,0.000000,-0.350000,0.600000,0.000000,0.000000,0.707107,0.707107
arm_1,208.264000,0.000000,-0.350000,0.600000,0.000000,0.000000,0.707107,0.707107
arm_1,208.281000,0.000000,-0.350000,0.600000,0.000000,0.000000,0.707107,0.707107
arm_1,208.298000,0.000000,-0.350000,0.600000,0.000000,0.000000,0.707107,0.707107
arm_1,208.314000,0.000000,-0.350000,0.600000,0.000000,0.000000,0.707107,0.707107
arm_1,208.328000,0.000000,-0.350000,0.600000,0.000000,0.000000,0.707107,0.707107
arm_1,208.344000,0.000000,-0.350000,0.600000,0.000000,0.000000,0.707107,0.707107
arm_1,208.360000,0.000000,-0.350000,0.600000,0.000000,0.000000,0.707107,0.707107
arm_1,208.376000,0.000000,-0.350000,0.600000,0.000000,0.000000,0.707107,0.707107
arm_1,208.393000,0.000000,-0.350000,0.600000,0.000000,0.000000,0.707107,0.707107
arm_1,208.410000,0.000000,-0.350000,0.600000,0.000000,0.000000,0.707107,0.707107
arm_1,208.427000,0.000000,-0.350000,0.600000,0.000000,0.000000,0.707107,0.707107
arm_1,208.444000,0.000000,-0.350000,0.600000,0.000000,0.000000,0.707107,0.707107
arm_1,208.461000,0.000000,-0.350000,0.600000,0.000000,0.000000,0.707107,0.707107
arm_1,208.478000,0.000000,-0.350000,0.600000,0.000000,0.000000,0.707107,0.707107
arm_1,208.495000,0.000000,-0.350000,0.600000,0.000000,0.000000,0.707107,0.707107
arm_1,208.512000,0.000000,-0.350000,0.600000,0.000000,0.000000,0.707107,0.707107
arm_1,208.530000,0.000000,-0.350000,0.600000,0.000000,0.000000,0.707107,0.707107
arm_1,208.547000,0.000000,-0.350000,0.600000,0.000000,0.000000,0.707107,0.707107
arm_1,208.564000,0.000000,-0.350000,0.600000,0.000000,0.000000,0.707107,0.707107
arm_1,208.580000,0.000000,-0.350000,0.600000,0.000000,0.000000,0.707107,0.707107
arm_1,208.596000,0.000000,-0.350000,0.600000,0.000000,0.000000,0.707107,0.707107
arm_1,208.614000,0.000000,-0.350000,0.600000,0.000000,0.000000,0.707107,0.707107
arm_1,208.628000,0.000000,-0.350000,0.600000,0.000000,0.000000,0.707107,0.707107
arm_1,208.645000,0.000000,-0.350000,0.600000,0.000000,0.000000,0.707107,0.707107
arm_1,208.659000,0.000000,-0.350000,0.600000,0.000000,0.000000,0.707107,0.707107
arm_1,208.674000,0.000000,-0.350000,0.600000,0.000000,0.000000,0.707107,0.707107
arm_1,208.690000,0.000000,-0.350000,0.600000,0.000000,0.000000,0.707107,0.707107
arm_1,208.707000,0.000000,-0.350000,0.600000,0.000000,0.000000,0.707107,0.707107
arm_1,208.724000,0.000000,-0.350000,0.600000,0.000000,0.000000,0.707107,0.707107
arm_1,208.742000,0.000000,-0.350000,0.600000,0.000000,0.000000,0.707107,0.707107
arm_1,208.758000,0.000000,-0.350000,0.600000,0.000000,0.000000,0.707107,0.707107
arm_1,208.775000,0.000000,-0.350000,0.600000,0.000000,0.000000,0.707107,0.707107
arm_1,208.792000,0.000000,-0.350000,0.600000,0.000000,0.000000,0.707107,0.707107
arm_1,208.809000,0.000000,-0.350000,0.600000,0.000000,0.000000,0.707107,0.707107
arm_1,208.826000,0.000000,-0.350000,0.600000,0.000000,0.000000,0.707107,0.707107
arm_1,208.844000,0.000000,-0.350000,0.600000,0.000000,0.000000,0.707107,0.707107
arm_1,208.861000,0.000000,-0.350000,0.600000,0.000000,0.000000,0.707107,0.707107
arm_1,208.877000,0.000000,-0.350000,0.600000,0.000000,0.000000,0.707107,0.707107
arm_1,208.894000,0.000000,-0.350000,0.600000,0.000000,0.000000,0.707107,0.707107
arm_1,208.910000,0.000000,-0.350000,0.600000,0.000000,0.000000,0.707107,0.707107
arm_1,208.924000,0.000000,-0.350000,0.600000,0.000000,0.000000,0.707107,0.707107
arm_1,208.939000,0.000000,-0.350000,0.600000,0.000000,0.000000,0.707107,0.707107
arm_1,208.953000,0.000000,-0.350000,0.600000,0.000000,0.000000,0.707107,0.707107
arm_1,208.968000,0.000000,-0.350000,0.600000,0.000000,0.000000,0.707107,0.707107
arm_1,208.982000,0.000000,-0.350000,0.600000,0.000000,0.000000,0.707107,0.707107
arm_1,208.999000,0.000000,-0.350000,0.600000,0.000000,0.000000,0.707107,0.707107
arm_1,209.016000,0.000000,-0.350000,0.600000,0.000000,0.000000,0.707107,0.707107
arm_1,209.033000,0.000000,-0.350000,0.600000,0.000000,0.000000,0.707107,0.707107
arm_1,209.049000,0.000000,-0.350000,0.600000,0.000000,0.000000,0.707107,0.707107
arm_1,209.065000,0.000000,-0.350000,0.600000,0.000000,0.000000,0.707107,0.707107
arm_1,209.081000,0.000000,-0.350000,0.600000,0.000000,0.000000,0.707107,0.707107
arm_1,209.098000,0.000000,-0.350000,0.600000,0.000000,0.000000,0.707107,0.707107
arm_1,209.114000,0.000000,-0.350000,0.600000,0.000000,0.000000,0.707107,0.707107
arm_1,209.131000,0.000000,-0.350000,0.600000,0.000000,0.000000,0.707107,0.707107
arm_1,209.149000,0.000000,-0.350000,0.600000,0.000000,0.000000,0.707107,0.707107
arm_1,209.166000,0.000000,-0.350000,0.600000,0.000000,0.000000,0.707107,0.707107
arm_1,209.183000,0.000000,-0.350000,0.600000,0.000000,0.000000,0.707107,0.707107
arm_1,209.199000,0.000000,-0.350000,0.600000,0.000000,0.000000,0.707107,0.707107
arm_1,209.213000,0.000000,-0.350000,0.600000,0.000000,0.000000,0.707107,0.707107
arm_1,209.229000,0.000000,-0.350000,0.600000,0.000000,0.000000,0.707107,0.707107
arm_1,209.245000,0.000000,-0.350000,0.600000,0.000000,0.000000,0.707107,0.707107
arm_1,209.260000,0.000000,-0.350000,0.600000,0.000000,0.000000,0.707107,0.707107
arm_1,209.273000,0.000000,-0.350000,0.600000,0.000000,0.000000,0.707107,0.707107
arm_1,209.286000,0.000000,-0.350000,0.600000,0.000000,0.000000,0.707107,0.707107
arm_1,209.299000,0.000000,-0.350000,0.600000,0.000000,0.000000,0.707107,0.707107
arm_1,209.308000,0.000000,-0.350000,0.600000,0.000000,0.000000,0.707107,0.707107
arm_1,209.324000,0.000000,-0.350000,0.600000,0.000000,0.000000,0.707107,0.707107
arm_1,209.340000,0.000000,-0.350000,0.600000,0.000000,0.000000,0.707107,0.707107
arm_1,209.355000,0.000000,-0.350000,0.600000,0.000000,0.000000,0.707107,0.707107
arm_1,209.372000,0.000000,-0.350000,0.600000,0.000000,0.000000,0.707107,0.707107
arm_1,209.389000,0.000000,-0.350000,0.600000,0.000000,0.000000,0.707107,0.707107
arm_1,209.406000,0.000000,-0.350000,0.600000,0.000000,0.000000,0.707107,0.707107
arm_1,209.423000,0.000000,-0.350000,0.600000,0.000000,0.000000,0.707107,0.707107
arm_1,209.441000,0.000000,-0.350000,0.600000,0.000000,0.000000,0.707107,0.707107
arm_1,209.458000,0.000000,-0.350000,0.600000,0.000000,0.000000,0.707107,0.707107
arm_1,209.475000,0.000000,-0.350000,0.600000,0.000000,0.000000,0.707107,0.707107
arm_1,209.492000,0.000000,-0.350000,0.600000,0.000000,0.000000,0.707107,0.707107
arm_1,209.509000,0.000000,-0.350000,0.600000,0.000000,0.000000,0.707107,0.707107
arm_1,209.527000,0.000000,-0.350000,0.600000,0.000000,0.000000,0.707107,0.707107
arm_1,209.545000,0.000000,-0.350000,0.600000,0.000000,0.000000,0.707107,0.707107
arm_1,209.563000,0.000000,-0.350000,0.600000,0.000000,0.000000,0.707107,0.707107
arm_1,209.580000,0.000000,-0.350000,0.600000,0.000000,0.000000,0.707107,0.707107
arm_1,209.597000,0.000000,-0.350000,0.600000,0.000000,0.000000,0.707107,0.707107
arm_1,209.615000,0.000000,-0.350000,0.600000,0.000000,0.000000,0.707107,0.707107
arm_1,209.631000,0.000000,-0.350000,0.600000,0.000000,0.000000,0.707107,0.707107
arm_1,209.647000,0.000000,-0.350000,0.600000,0.000000,0.000000,0.707107,0.707107
arm_1,209.662000,0.000000,-0.350000,0.600000,0.000000,0.000000,0.707107,0.707107
arm_1,209.677000,0.000000,-0.350000,0.600000,0.000000,0.000000,0.707107,0.707107
arm_1,209.691000,0.000000,-0.350000,0.600000,0.000000,0.000000,0.707107,0.707107
arm_1,209.707000,0.000000,-0.350000,0.600000,0.000000,0.000000,0.707107,0.707107
arm_1,209.723000,0.000000,-0.350000,0.600000,0.000000,0.000000,0.707107,0.707107
arm_1,209.740000,0.000000,-0.350000,0.600000,0.000000,0.000000,0.707107,0.707107
arm_1,209.756000,0.000000,-0.350000,0.600000,0.000000,0.000000,0.707107,0.707107
arm_1,209.772000,0.000000,-0.350000,0.600000,0.000000,0.000000,0.707107,0.707107
arm_1,209.788000,0.000000,-0.350000,0.600000,0.000000,0.000000,0.707107,0.707107
arm_1,209.805000,0.000000,-0.350000,0.600000,0.000000,0.000000,0.707107,0.707107
arm_1,209.822000,0.000000,-0.350000,0.600000,0.000000,0.000000,0.707107,0.707107
arm_1,209.839000,0.000000,-0.350000,0.600000,0.000000,0.000000,0.707107,0.707107
arm_1,209.857000,0.000000,-0.350000,0.600000,0.000000,0.000000,0.707107,0.707107
arm_1,209.875000,0.000000,-0.350000,0.600000,0.000000,0.000000,0.707107,0.707107
arm_1,209.892000,0.000000,-0.350000,0.600000,0.000000,0.000000,0.707107,0.707107
arm_1,209.910000,0.000000,-0.350000,0.600000,0.000000,0.000000,0.707107,0.707107
arm_1,209.927000,0.000000,-0.350000,0.600000,0.000000,0.000000,0.707107,0.707107
arm_1,209.943000,0.000000,-0.350000,0.600000,0.000000,0.000000,0.707107,0.707107
arm_1,209.960000,0.000000,-0.350000,0.600000,0.000000,0.000000,0.707107,0.707107
arm_1,209.976000,0.000000,-0.350000,0.600000,0.000000,0.000000,0.707107,0.707107
arm_1,209.993000,0.000000,-0.350000,0.600000,0.000000,0.000000,0.707107,0.707107
arm_1,210.010000,0.000000,-0.350000,0.600000,0.000000,0.000000,0.707107,0.707107
arm_1,210.028000,0.000000,-0.350000,0.600000,0.000000,0.000000,0.707107,0.707107
arm_1,210.046000,0.000000,-0.350000,0.600000,0.000000,0.000000,0.707107,0.707107
arm_1,210.064000,0.000000,-0.350000,0.600000,0.000000,0.000000,0.707107,0.707107
arm_1,210.082000,0.000000,-0.350000,0.600000,0.000000,0.000000,0.707107,0.707107
arm_1,210.100000,0.000000,-0.350000,0.600000,0.000000,0.000000,0.707107,0.707107
arm_1,210.118000,0.000000,-0.350000,0.600000,0.000000,0.000000,0.707107,0.707107
arm_1,210.135000,0.000000,-0.350000,0.600000,0.000000,0.000000,0.707107,0.707107
arm_1,210.153000,0.000000,-0.350000,0.600000,0.000000,0.000000,0.707107,0.707107
arm_1,210.170000,0.000000,-0.350000,0.600000,0.000000,0.000000,0.707107,0.707107
arm_1,210.188000,0.000000,-0.350000,0.600000,0.000000,0.000000,0.707107,0.707107
arm_1,210.205000,0.000000,-0.350000,0.600000,0.000000,0.000000,0.707107,0.707107
arm_1,210.222000,0.000000,-0.350000,0.600000,0.000000,0.000000,0.707107,0.707107
arm_1,210.240000,0.000000,-0.350000,0.600000,0.000000,0.000000,0.707107,0.707107
arm_1,210.258000,0.000000,-0.350000,0.600000,0.000000,0.000000,0.707107,0.707107
arm_1,210.275000,0.000000,-0.350000,0.600000,0.000000,0.000000,0.707107,0.707107
arm_1,210.291000,0.000000,-0.350000,0.600000,0.000000,0.000000,0.707107,0.707107
arm_1,210.308000,0.000000,-0.350000,0.600000,0.000000,0.000000,0.707107,0.707107
arm_1,210.326000,0.000000,-0.350000,0.600000,0.000000,0.000000,0.707107,0.707107
arm_1,210.344000,0.000000,-0.350000,0.600000,0.000000,0.000000,0.707107,0.707107
arm_1,210.361000,0.000000,-0.350000,0.600000,0.000000,0.000000,0.707107,0.707107
arm_1,210.379000,0.000000,-0.350000,0.600000,0.000000,0.000000,0.707107,0.707107
arm_1,210.397000,0.000000,-0.350000,0.600000,0.000000,0.000000,0.707107,0.707107
arm_1,210.413000,0.000000,-0.350000,0.600000,0.000000,0.000000,0.707107,0.707107
arm_1,210.430000,0.000000,-0.350000,0.600000,0.000000,0.000000,0.707107,0.707107
arm_1,210.447000,0.000000,-0.350000,0.600000,0.000000,0.000000,0.707107,0.707107
arm_1,210.463000,0.000000,-0.350000,0.600000,0.000000,0.000000,0.707107,0.707107
arm_1,210.480000,0.000000,-0.350000,0.600000,0.000000,0.000000,0.707107,0.707107
arm_1,210.498000,0.000000,-0.350000,0.600000,0.000000,0.000000,0.707107,0.707107
arm_1,210.515000,0.000000,-0.350000,0.600000,0.000000,0.000000,0.707107,0.707107
arm_1,210.532000,0.000000,-0.350000,0.600000,0.000000,0.000000,0.707107,0.707107
arm_1,210.550000,0.000000,-0.350000,0.600000,0.000000,0.000000,0.707107,0.707107
arm_1,210.568000,0.000000,-0.350000,0.600000,0.000000,0.000000,0.707107,0.707107
arm_1,210.586000,0.000000,-0.350000,0.600000,0.000000,0.000000,0.707107,0.707107
arm_1,210.604000,0.000000,-0.350000,0.600000,0.000000,0.000000,0.707107,0.707107
arm_1,210.622000,0.000000,-0.350000,0.600000,0.000000,0.000000,0.707107,0.707107
arm_1,210.639000,0.000000,-0.350000,0.600000,0.000000,0.000000,0.707107,0.707107
arm_1,210.656000,0.000000,-0.350000,0.600000,0.000000,0.000000,0.707107,0.707107
arm_1,210.673000,0.000000,-0.350000,0.600000,0.000000,0.000000,0.707107,0.707107
arm_1,210.690000,0.000000,-0.350000,0.600000,0.000000,0.000000,0.707107,0.707107
arm_1,210.707000,0.000000,-0.350000,0.600000,0.000000,0.000000,0.707107,0.707107
arm_1,210.723000,0.000000,-0.350000,0.600000,0.000000,0.000000,0.707107,0.707107
arm_1,210.739000,0.000000,-0.350000,0.600000,0.000000,0.000000,0.707107,0.707107
arm_1,210.755000,0.000000,-0.350000,0.600000,0.000000,0.000000,0.707107,0.707107
arm_1,210.772000,0.000000,-0.350000,0.600000,0.000000,0.000000,0.707107,0.707107
arm_1,210.789000,0.000000,-0.350000,0.600000,0.000000,0.000000,0.707107,0.707107
arm_1,210.806000,0.000000,-0.350000,0.600000,0.000000,0.000000,0.707107,0.707107
arm_1,210.823000,0.000000,-0.350000,0.600000,0.000000,0.000000,0.707107,0.707107
arm_1,210.840000,0.000000,-0.350000,0.600000,0.000000,0.000000,0.707107,0.707107
arm_1,210.858000,0.000000,-0.350000,0.600000,0.000000,0.000000,0.707107,0.707107
arm_1,210.873000,0.000000,-0.350000,0.600000,0.000000,0.000000,0.707107,0.707107
arm_1,210.890000,0.000000,-0.350000,0.600000,0.000000,0.000000,0.707107,0.707107
arm_1,210.905000,0.000000,-0.350000,0.600000,0.000000,0.000000,0.707107,0.707107
arm_1,210.920000,0.000000,-0.350000,0.600000,0.000000,0.000000,0.707107,0.707107
arm_1,210.937000,0.000000,-0.350000,0.600000,0.000000,0.000000,0.707107,0.707107
arm_1,210.954000,0.000000,-0.350000,0.600000,0.000000,0.000000,0.707107,0.707107
arm_1,210.971000,0.000000,-0.350000,0.600000,0.000000,0.000000,0.707107,0.707107
arm_1,210.988000,0.000000,-0.350000,0.600000,0.000000,0.000000,0.707107,0.707107
arm_1,211.005000,0.000000,-0.350000,0.600000,0.000000,0.000000,0.707107,0.707107
arm_1,211.022000,0.000000,-0.350000,0.600000,0.000000,0.000000,0.707107,0.707107
arm_1,211.039000,0.000000,-0.350000,0.600000,0.000000,0.000000,0.707107,0.707107
arm_1,211.056000,0.000000,-0.350000,0.600000,0.000000,0.000000,0.707107,0.707107
arm_1,211.073000,0.000000,-0.350000,0.600000,0.000000,0.000000,0.707107,0.707107
arm_1,211.089000,0.000000,-0.350000,0.600000,0.000000,0.000000,0.707107,0.707107
arm_1,211.107000,0.000000,-0.350000,0.600000,0.000000,0.000000,0.707107,0.707107
arm_1,211.124000,0.000000,-0.350000,0.600000,0.000000,0.000000,0.707107,0.707107
arm_1,211.141000,0.000000,-0.350000,0.600000,0.000000,0.000000,0.707107,0.707107
arm_1,211.157000,0.000000,-0.350000,0.600000,0.000000,0.000000,0.707107,0.707107
arm_1,211.174000,0.000000,-0.350000,0.600000,0.000000,0.000000,0.707107,0.707107
arm_1,211.191000,0.000000,-0.350000,0.600000,0.000000,0.000000,0.707107,0.707107
arm_1,211.207000,0.000000,-0.350000,0.600000,0.000000,0.000000,0.707107,0.707107
arm_1,211.223000,0.000000,-0.350000,0.600000,0.000000,0.000000,0.707107,0.707107
arm_1,211.240000,0.000000,-0.350000,0.600000,0.000000,0.000000,0.707107,0.707107
arm_1,211.258000,0.000000,-0.350000,0.600000,0.000000,0.000000,0.707107,0.707107
arm_1,211.274000,0.000000,-0.350000,0.600000,0.000000,0.000000,0.707107,0.707107
arm_1,211.285000,0.000000,-0.350000,0.600000,0.000000,0.000000,0.707107,0.707107
arm_1,211.298000,0.000000,-0.350000,0.600000,0.000000,0.000000,0.707107,0.707107
arm_1,211.313000,0.000000,-0.350000,0.600000,0.000000,0.000000,0.707107,0.707107
arm_1,211.329000,0.000000,-0.350000,0.600000,0.000000,0.000000,0.707107,0.707107
arm_1,211.345000,0.000000,-0.350000,0.600000,0.000000,0.000000,0.707107,0.707107
arm_1,211.360000,0.000000,-0.350000,0.600000,0.000000,0.000000,0.707107,0.707107
arm_1,211.374000,0.000000,-0.350000,0.600000,0.000000,0.000000,0.707107,0.707107
arm_1,211.388000,0.000000,-0.350000,0.600000,0.000000,0.000000,0.707107,0.707107
arm_1,211.403000,0.000000,-0.350000,0.600000,0.000000,0.000000,0.707107,0.707107
arm_1,211.418000,0.000000,-0.350000,0.600000,0.000000,0.000000,0.707107,0.707107
arm_1,211.433000,0.000000,-0.350000,0.600000,0.000000,0.000000,0.707107,0.707107
arm_1,211.447000,0.000000,-0.350000,0.600000,0.000000,0.000000,0.707107,0.707107
arm_1,211.462000,0.000000,-0.350000,0.600000,0.000000,0.000000,0.707107,0.707107
arm_1,211.478000,0.000000,-0.350000,0.600000,0.000000,0.000000,0.707107,0.707107
arm_1,211.494000,0.000000,-0.350000,0.600000,0.000000,0.000000,0.707107,0.707107
arm_1,211.510000,0.000000,-0.350000,0.600000,0.000000,0.000000,0.707107,0.707107
arm_1,211.526000,0.000000,-0.350000,0.600000,0.000000,0.000000,0.707107,0.707107
arm_1,211.540000,0.000000,-0.350000,0.600000,0.000000,0.000000,0.707107,0.707107
arm_1,211.554000,0.000000,-0.350000,0.600000,0.000000,0.000000,0.707107,0.707107
arm_1,211.567000,0.000000,-0.350000,0.600000,0.000000,0.000000,0.707107,0.707107
arm_1,211.582000,0.000000,-0.350000,0.600000,0.000000,0.000000,0.707107,0.707107
arm_1,211.597000,0.000000,-0.350000,0.600000,0.000000,0.000000,0.707107,0.707107
arm_1,211.611000,0.000000,-0.350000,0.600000,0.000000,0.000000,0.707107,0.707107
arm_1,211.627000,0.000000,-0.350000,0.600000,0.000000,0.000000,0.707107,0.707107
arm_1,211.643000,0.000000,-0.350000,0.600000,0.000000,0.000000,0.707107,0.707107
arm_1,211.659000,0.000000,-0.350000,0.600000,0.000000,0.000000,0.707107,0.707107
arm_1,211.675000,0.000000,-0.350000,0.600000,0.000000,0.000000,0.707107,0.707107
arm_1,211.692000,0.000000,-0.350000,0.600000,0.000000,0.000000,0.707107,0.707107
arm_1,211.709000,0.000000,-0.350000,0.600000,0.000000,0.000000,0.707107,0.707107
arm_1,211.726000,0.000000,-0.350000,0.600000,0.000000,0.000000,0.707107,0.707107
arm_1,211.742000,0.000000,-0.350000,0.600000,0.000000,0.000000,0.707107,0.707107
arm_1,211.759000,0.000000,-0.350000,0.600000,0.000000,0.000000,0.707107,0.707107
arm_1,211.776000,0.000000,-0.350000,0.600000,0.000000,0.000000,0.707107,0.707107
arm_1,211.792000,0.000000,-0.350000,0.600000,0.000000,0.000000,0.707107,0.707107
arm_1,211.808000,0.000000,-0.350000,0.600000,0.000000,0.000000,0.707107,0.707107
arm_1,211.825000,0.000000,-0.350000,0.600000,0.000000,0.000000,0.707107,0.707107
arm_1,211.842000,0.000000,-0.350000,0.600000,0.000000,0.000000,0.707107,0.707107
arm_1,211.858000,0.000000,-0.350000,0.600000,0.000000,0.000000,0.707107,0.707107
arm_1,211.875000,0.000000,-0.350000,0.600000,0.000000,0.000000,0.707107,0.707107
arm_1,211.893000,0.000000,-0.350000,0.600000,0.000000,0.000000,0.707107,0.707107
arm_1,211.910000,0.000000,-0.350000,0.600000,0.000000,0.000000,0.707107,0.707107
arm_1,211.927000,0.000000,-0.350000,0.600000,0.000000,0.000000,0.707107,0.707107
arm_1,211.941000,0.000000,-0.350000,0.600000,0.000000,0.000000,0.707107,0.707107
arm_1,211.955000,0.000000,-0.350000,0.600000,0.000000,0.000000,0.707107,0.707107
arm_1,211.971000,0.000000,-0.350000,0.600000,0.000000,0.000000,0.707107,0.707107
arm_1,211.988000,0.000000,-0.350000,0.600000,0.000000,0.000000,0.707107,0.707107
arm_1,212.005000,0.000000,-0.350000,0.600000,0.000000,0.000000,0.707107,0.707107
arm_1,212.020000,0.000000,-0.350000,0.600000,0.000000,0.000000,0.707107,0.707107
arm_1,212.035000,0.000000,-0.350000,0.600000,0.000000,0.000000,0.707107,0.707107
arm_1,212.051000,0.000000,-0.350000,0.600000,0.000000,0.000000,0.707107,0.707107
arm_1,212.067000,0.000000,-0.350000,0.600000,0.000000,0.000000,0.707107,0.707107
arm_1,212.084000,0.000000,-0.350000,0.600000,0.000000,0.000000,0.707107,0.707107
arm_1,212.101000,0.000000,-0.350000,0.600000,0.000000,0.000000,0.707107,0.707107
arm_1,212.119000,0.000000,-0.350000,0.600000,0.000000,0.000000,0.707107,0.707107
arm_1,212.136000,0.000000,-0.350000,0.600000,0.000000,0.000000,0.707107,0.707107
arm_1,212.153000,0.000000,-0.350000,0.600000,0.000000,0.000000,0.707107,0.707107
arm_1,212.171000,0.000000,-0.350000,0.600000,0.000000,0.000000,0.707107,0.707107
arm_1,212.185000,0.000000,-0.350000,0.600000,0.000000,0.000000,0.707107,0.707107
arm_1,212.203000,0.000000,-0.350000,0.600000,0.000000,0.000000,0.707107,0.707107
arm_1,212.221000,0.000000,-0.350000,0.600000,0.000000,0.000000,0.707107,0.707107
arm_1,212.238000,0.000000,-0.350000,0.600000,0.000000,0.000000,0.707107,0.707107
arm_1,212.255000,0.000000,-0.350000,0.600000,0.000000,0.000000,0.707107,0.707107
arm_1,212.272000,0.000000,-0.350000,0.600000,0.000000,0.000000,0.707107,0.707107
arm_1,212.289000,0.000000,-0.350000,0.600000,0.000000,0.000000,0.707107,0.707107
arm_1,212.307000,0.000000,-0.350000,0.600000,0.000000,0.000000,0.707107,0.707107
arm_1,212.324000,0.000000,-0.350000,0.600000,0.000000,0.000000,0.707107,0.707107
arm_1,212.341000,0.000000,-0.350000,0.600000,0.000000,0.000000,0.707107,0.707107
arm_1,212.354000,0.000000,-0.350000,0.600000,0.000000,0.000000,0.707107,0.707107
arm_1,212.362000,0.000000,-0.350000,0.600000,0.000000,0.000000,0.707107,0.707107
arm_1,212.379000,0.000000,-0.350000,0.600000,0.000000,0.000000,0.707107,0.707107
arm_1,212.396000,0.000000,-0.350000,0.600000,0.000000,0.000000,0.707107,0.707107
arm_1,212.413000,0.000000,-0.350000,0.600000,0.000000,0.000000,0.707107,0.707107
arm_1,212.430000,0.000000,-0.350000,0.600000,0.000000,0.000000,0.707107,0.707107
arm_1,212.446000,0.000000,-0.350000,0.600000,0.000000,0.000000,0.707107,0.707107
arm_1,212.463000,0.000000,-0.350000,0.600000,0.000000,0.000000,0.707107,0.707107
arm_1,212.480000,0.000000,-0.350000,0.600000,0.000000,0.000000,0.707107,0.707107
arm_1,212.496000,0.000000,-0.350000,0.600000,0.000000,0.000000,0.707107,0.707107
arm_1,212.513000,0.000000,-0.350000,0.600000,0.000000,0.000000,0.707107,0.707107
arm_1,212.530000,0.000000,-0.350000,0.600000,0.000000,0.000000,0.707107,0.707107
arm_1,212.547000,0.000000,-0.350000,0.600000,0.000000,0.000000,0.707107,0.707107
arm_1,212.564000,0.000000,-0.350000,0.600000,0.000000,0.000000,0.707107,0.707107
arm_1,212.582000,0.000000,-0.350000,0.600000,0.000000,0.000000,0.707107,0.707107
arm_1,212.599000,0.000000,-0.350000,0.600000,0.000000,0.000000,0.707107,0.707107
arm_1,212.616000,0.000000,-0.350000,0.600000,0.000000,0.000000,0.707107,0.707107
arm_1,212.633000,0.000000,-0.350000,0.600000,0.000000,0.000000,0.707107,0.707107
arm_1,212.651000,0.000000,-0.350000,0.600000,0.000000,0.000000,0.707107,0.707107
arm_1,212.669000,0.000000,-0.350000,0.600000,0.000000,0.000000,0.707107,0.707107
arm_1,212.687000,0.000000,-0.350000,0.600000,0.000000,0.000000,0.707107,0.707107
arm_1,212.704000,0.000000,-0.350000,0.600000,0.000000,0.000000,0.707107,0.707107
arm_1,212.721000,0.000000,-0.350000,0.600000,0.000000,0.000000,0.707107,0.707107
arm_1,212.738000,0.000000,-0.350000,0.600000,0.000000,0.000000,0.707107,0.707107
arm_1,212.755000,0.000000,-0.350000,0.600000,0.000000,0.000000,0.707107,0.707107
arm_1,212.769000,0.000000,-0.350000,0.600000,0.000000,0.000000,0.707107,0.707107
arm_1,212.786000,0.000000,-0.350000,0.600000,0.000000,0.000000,0.707107,0.707107
arm_1,212.802000,0.000000,-0.350000,0.600000,0.000000,0.000000,0.707107,0.707107
arm_1,212.819000,0.000000,-0.350000,0.600000,0.000000,0.000000,0.707107,0.707107
arm_1,212.836000,0.000000,-0.350000,0.600000,0.000000,0.000000,0.707107,0.707107
arm_1,212.854000,0.000000,-0.350000,0.600000,0.000000,0.000000,0.707107,0.707107
arm_1,212.871000,0.000000,-0.350000,0.600000,0.000000,0.000000,0.707107,0.707107
arm_1,212.888000,0.000000,-0.350000,0.600000,0.000000,0.000000,0.707107,0.707107
arm_1,212.903000,0.000000,-0.350000,0.600000,0.000000,0.000000,0.707107,0.707107
arm_1,212.918000,0.000000,-0.350000,0.600000,0.000000,0.000000,0.707107,0.707107
arm_1,212.931000,0.000000,-0.350000,0.600000,0.000000,0.000000,0.707107,0.707107
arm_1,212.946000,0.000000,-0.350000,0.600000,0.000000,0.000000,0.707107,0.707107
arm_1,212.962000,0.000000,-0.350000,0.600000,0.000000,0.000000,0.707107,0.707107
arm_1,212.978000,0.000000,-0.350000,0.600000,0.000000,0.000000,0.707107,0.707107
arm_1,212.995000,0.000000,-0.350000,0.600000,0.000000,0.000000,0.707107,0.707107
arm_1,213.011000,0.000000,-0.350000,0.600000,0.000000,0.000000,0.707107,0.707107
arm_1,213.028000,0.000000,-0.350000,0.600000,0.000000,0.000000,0.707107,0.707107
arm_1,213.045000,0.000000,-0.350000,0.600000,0.000000,0.000000,0.707107,0.707107
arm_1,213.062000,0.000000,-0.350000,0.600000,0.000000,0.000000,0.707107,0.707107
arm_1,213.079000,0.000000,-0.350000,0.600000,0.000000,0.000000,0.707107,0.707107
arm_1,213.096000,0.000000,-0.350000,0.600000,0.000000,0.000000,0.707107,0.707107
arm_1,213.113000,0.000000,-0.350000,0.600000,0.000000,0.000000,0.707107,0.707107
arm_1,213.130000,0.000000,-0.350000,0.600000,0.000000,0.000000,0.707107,0.707107
arm_1,213.146000,0.000000,-0.350000,0.600000,0.000000,0.000000,0.707107,0.707107
arm_1,213.163000,0.000000,-0.350000,0.600000,0.000000,0.000000,0.707107,0.707107
arm_1,213.180000,0.000000,-0.350000,0.600000,0.000000,0.000000,0.707107,0.707107
arm_1,213.197000,0.000000,-0.350000,0.600000,0.000000,0.000000,0.707107,0.707107
arm_1,213.214000,0.000000,-0.350000,0.600000,0.000000,0.000000,0.707107,0.707107
arm_1,213.231000,0.000000,-0.350000,0.600000,0.000000,0.000000,0.707107,0.707107
arm_1,213.248000,0.000000,-0.350000,0.600000,0.000000,0.000000,0.707107,0.707107
arm_1,213.265000,0.000000,-0.350000,0.600000,0.000000,0.000000,0.707107,0.707107
arm_1,213.282000,0.000000,-0.350000,0.600000,0.000000,0.000000,0.707107,0.707107
arm_1,213.299000,0.000000,-0.350000,0.600000,0.000000,0.000000,0.707107,0.707107
arm_1,213.317000,0.000000,-0.350000,0.600000,0.000000,0.000000,0.707107,0.707107
arm_1,213.334000,0.000000,-0.350000,0.600000,0.000000,0.000000,0.707107,0.707107
arm_1,213.351000,0.000000,-0.350000,0.600000,0.000000,0.000000,0.707107,0.707107
arm_1,213.368000,0.000000,-0.350000,0.600000,0.000000,0.000000,0.707107,0.707107
arm_1,213.385000,0.000000,-0.350000,0.600000,0.000000,0.000000,0.707107,0.707107
arm_1,213.403000,0.000000,-0.350000,0.600000,0.000000,0.000000,0.707107,0.707107
arm_1,213.421000,0.000000,-0.350000,0.600000,0.000000,0.000000,0.707107,0.707107
arm_1,213.438000,0.000000,-0.350000,0.600000,0.000000,0.000000,0.707107,0.707107
arm_1,213.452000,0.000000,-0.350000,0.600000,0.000000,0.000000,0.707107,0.707107
arm_1,213.467000,0.000000,-0.350000,0.600000,0.000000,0.000000,0.707107,0.707107
arm_1,213.480000,0.000000,-0.350000,0.600000,0.000000,0.000000,0.707107,0.707107
arm_1,213.496000,0.000000,-0.350000,0.600000,0.000000,0.000000,0.707107,0.707107
arm_1,213.513000,0.000000,-0.350000,0.600000,0.000000,0.000000,0.707107,0.707107
arm_1,213.529000,0.000000,-0.350000,0.600000,0.000000,0.000000,0.707107,0.707107
arm_1,213.546000,0.000000,-0.350000,0.600000,0.000000,0.000000,0.707107,0.707107
arm_1,213.563000,0.000000,-0.350000,0.600000,0.000000,0.000000,0.707107,0.707107
arm_1,213.581000,0.000000,-0.350000,0.600000,0.000000,0.000000,0.707107,0.707107
arm_1,213.598000,0.000000,-0.350000,0.600000,0.000000,0.000000,0.707107,0.707107
arm_1,213.615000,0.000000,-0.350000,0.600000,0.000000,0.000000,0.707107,0.707107
arm_1,213.631000,0.000000,-0.350000,0.600000,0.000000,0.000000,0.707107,0.707107
arm_1,213.647000,0.000000,-0.350000,0.600000,0.000000,0.000000,0.707107,0.707107
arm_1,213.662000,0.000000,-0.350000,0.600000,0.000000,0.000000,0.707107,0.707107
arm_1,213.679000,0.000000,-0.350000,0.600000,0.000000,0.000000,0.707107,0.707107
arm_1,213.695000,0.000000,-0.350000,0.600000,0.000000,0.000000,0.707107,0.707107
arm_1,213.712000,0.000000,-0.350000,0.600000,0.000000,0.000000,0.707107,0.707107
arm_1,213.729000,0.000000,-0.350000,0.600000,0.000000,0.000000,0.707107,0.707107
arm_1,213.746000,0.000000,-0.350000,0.600000,0.000000,0.000000,0.707107,0.707107
arm_1,213.763000,0.000000,-0.350000,0.600000,0.000000,0.000000,0.707107,0.707107
arm_1,213.781000,0.000000,-0.350000,0.600000,0.000000,0.000000,0.707107,0.707107
arm_1,213.798000,0.000000,-0.350000,0.600000,0.000000,0.000000,0.707107,0.707107
arm_1,213.816000,0.000000,-0.350000,0.600000,0.000000,0.000000,0.707107,0.707107
arm_1,213.833000,0.000000,-0.350000,0.600000,0.000000,0.000000,0.707107,0.707107
arm_1,213.850000,0.000000,-0.350000,0.600000,0.000000,0.000000,0.707107,0.707107
arm_1,213.866000,0.000000,-0.350000,0.600000,0.000000,0.000000,0.707107,0.707107
arm_1,213.883000,0.000000,-0.350000,0.600000,0.000000,0.000000,0.707107,0.707107
arm_1,213.900000,0.000000,-0.350000,0.600000,0.000000,0.000000,0.707107,0.707107
arm_1,213.917000,0.000000,-0.350000,0.600000,0.000000,0.000000,0.707107,0.707107
arm_1,213.933000,0.000000,-0.350000,0.600000,0.000000,0.000000,0.707107,0.707107
arm_1,213.948000,0.000000,-0.350000,0.600000,0.000000,0.000000,0.707107,0.707107
arm_1,213.964000,0.000000,-0.350000,0.600000,0.000000,0.000000,0.707107,0.707107
arm_1,213.980000,0.000000,-0.350000,0.600000,0.000000,0.000000,0.707107,0.707107
arm_1,213.996000,0.000000,-0.350000,0.600000,0.000000,0.000000,0.707107,0.707107
arm_1,214.012000,0.000000,-0.350000,0.600000,0.000000,0.000000,0.707107,0.707107
arm_1,214.028000,0.000000,-0.350000,0.600000,0.000000,0.000000,0.707107,0.707107
arm_1,214.044000,0.000000,-0.350000,0.600000,0.000000,0.000000,0.707107,0.707107
arm_1,214.060000,0.000000,-0.350000,0.600000,0.000000,0.000000,0.707107,0.707107
arm_1,214.077000,0.000000,-0.350000,0.600000,0.000000,0.000000,0.707107,0.707107
arm_1,214.093000,0.000000,-0.350000,0.600000,0.000000,0.000000,0.707107,0.707107
arm_1,214.110000,0.000000,-0.350000,0.600000,0.000000,0.000000,0.707107,0.707107
arm_1,214.127000,0.000000,-0.350000,0.600000,0.000000,0.000000,0.707107,0.707107
arm_1,214.144000,0.000000,-0.350000,0.600000,0.000000,0.000000,0.707107,0.707107
arm_1,214.161000,0.000000,-0.350000,0.600000,0.000000,0.000000,0.707107,0.707107
arm_1,214.178000,0.000000,-0.350000,0.600000,0.000000,0.000000,0.707107,0.707107
arm_1,214.195000,0.000000,-0.350000,0.600000,0.000000,0.000000,0.707107,0.707107
arm_1,214.211000,0.000000,-0.350000,0.600000,0.000000,0.000000,0.707107,0.707107
arm_1,214.227000,0.000000,-0.350000,0.600000,0.000000,0.000000,0.707107,0.707107
arm_1,214.243000,0.000000,-0.350000,0.600000,0.000000,0.000000,0.707107,0.707107
arm_1,214.259000,0.000000,-0.350000,0.600000,0.000000,0.000000,0.707107,0.707107
arm_1,214.275000,0.000000,-0.350000,0.600000,0.000000,0.000000,0.707107,0.707107
arm_1,214.291000,0.000000,-0.350000,0.600000,0.000000,0.000000,0.707107,0.707107
arm_1,214.305000,0.000000,-0.350000,0.600000,0.000000,0.000000,0.707107,0.707107
arm_1,214.321000,0.000000,-0.350000,0.600000,0.000000,0.000000,0.707107,0.707107
arm_1,214.338000,0.000000,-0.350000,0.600000,0.000000,0.000000,0.707107,0.707107
arm_1,214.355000,0.000000,-0.350000,0.600000,0.000000,0.000000,0.707107,0.707107
arm_1,214.372000,0.000000,-0.350000,0.600000,0.000000,0.000000,0.707107,0.707107
arm_1,214.388000,0.000000,-0.350000,0.600000,0.000000,0.000000,0.707107,0.707107
arm_1,214.404000,0.000000,-0.350000,0.600000,0.000000,0.000000,0.707107,0.707107
arm_1,214.420000,0.000000,-0.350000,0.600000,0.000000,0.000000,0.707107,0.707107
arm_1,214.436000,0.000000,-0.350000,0.600000,0.000000,0.000000,0.707107,0.707107
arm_1,214.441000,0.000000,-0.350000,0.600000,0.000000,0.000000,0.707107,0.707107
arm_1,214.454000,0.000000,-0.350000,0.600000,0.000000,0.000000,0.707107,0.707107
arm_1,214.470000,0.000000,-0.350000,0.600000,0.000000,0.000000,0.707107,0.707107
arm_1,214.486000,0.000000,-0.350000,0.600000,0.000000,0.000000,0.707107,0.707107
arm_1,214.501000,0.000000,-0.350000,0.600000,0.000000,0.000000,0.707107,0.707107
arm_1,214.517000,0.000000,-0.350000,0.600000,0.000000,0.000000,0.707107,0.707107
arm_1,214.533000,0.000000,-0.350000,0.600000,0.000000,0.000000,0.707107,0.707107
arm_1,214.547000,0.000000,-0.350000,0.600000,0.000000,0.000000,0.707107,0.707107
arm_1,214.562000,0.000000,-0.350000,0.600000,0.000000,0.000000,0.707107,0.707107
probe_part_paired_004,180.235000,-0.475000,-0.000000,0.624999,0.000000,0.000000,-0.000000,1.000000
probe_part_paired_004,180.249000,-0.475000,-0.000000,0.624999,0.000000,0.000000,-0.000000,1.000000
probe_part_paired_004,180.264000,-0.475000,-0.000000,0.624999,0.000000,0.000000,-0.000000,1.000000
probe_part_paired_004,180.281000,-0.475000,-0.000000,0.624999,0.000000,0.000000,-0.000000,1.000000
probe_part_paired_004,180.297000,-0.475000,-0.000000,0.624999,0.000000,0.000000,-0.000000,1.000000
probe_part_paired_004,180.311000,-0.475000,-0.000000,0.624999,0.000000,0.000000,-0.000000,1.000000
probe_part_paired_004,180.326000,-0.475000,-0.000000,0.624999,0.000000,0.000000,-0.000000,1.000000
probe_part_paired_004,180.341000,-0.475000,-0.000000,0.624999,0.000000,0.000000,-0.000000,1.000000
probe_part_paired_004,180.357000,-0.475000,-0.000000,0.624999,0.000000,0.000000,-0.000000,1.000000
probe_part_paired_004,180.373000,-0.475000,-0.000000,0.624999,0.000000,0.000000,-0.000000,1.000000
probe_part_paired_004,180.389000,-0.475000,-0.000000,0.624999,0.000000,0.000000,-0.000000,1.000000
probe_part_paired_004,180.405000,-0.475000,-0.000000,0.624999,0.000000,0.000000,-0.000000,1.000000
probe_part_paired_004,180.422000,-0.475000,-0.000000,0.624999,0.000000,0.000000,-0.000000,1.000000
probe_part_paired_004,180.439000,-0.475000,-0.000000,0.624999,0.000000,0.000000,-0.000000,1.000000
probe_part_paired_004,180.456000,-0.475000,-0.000000,0.624999,0.000000,0.000000,-0.000000,1.000000
probe_part_paired_004,180.473000,-0.475000,-0.000000,0.624999,0.000000,0.000000,-0.000000,1.000000
probe_part_paired_004,180.490000,-0.475000,-0.000000,0.624999,0.000000,0.000000,-0.000000,1.000000
probe_part_paired_004,180.507000,-0.475000,-0.000000,0.624999,0.000000,0.000000,-0.000000,1.000000
probe_part_paired_004,180.524000,-0.475000,-0.000000,0.624999,0.000000,0.000000,-0.000000,1.000000
probe_part_paired_004,180.541000,-0.475000,-0.000000,0.624999,0.000000,0.000000,-0.000000,1.000000
probe_part_paired_004,180.559000,-0.475000,-0.000000,0.624999,0.000000,0.000000,-0.000000,1.000000
probe_part_paired_004,180.576000,-0.475000,-0.000000,0.624999,0.000000,0.000000,-0.000000,1.000000
probe_part_paired_004,180.593000,-0.475000,-0.000000,0.624999,0.000000,0.000000,-0.000000,1.000000
probe_part_paired_004,180.609000,-0.475000,-0.000000,0.624999,0.000000,0.000000,-0.000000,1.000000
probe_part_paired_004,180.625000,-0.475000,-0.000000,0.624999,0.000000,0.000000,-0.000000,1.000000
probe_part_paired_004,180.642000,-0.475000,-0.000000,0.624999,0.000000,0.000000,-0.000000,1.000000
probe_part_paired_004,180.659000,-0.475000,-0.000000,0.624999,0.000000,0.000000,-0.000000,1.000000
probe_part_paired_004,180.676000,-0.475000,-0.000000,0.624999,0.000000,0.000000,-0.000000,1.000000
probe_part_paired_004,180.693000,-0.475000,-0.000000,0.624999,0.000000,0.000000,-0.000000,1.000000
probe_part_paired_004,180.710000,-0.475000,-0.000000,0.624999,0.000000,0.000000,-0.000000,1.000000
probe_part_paired_004,180.727000,-0.475000,-0.000000,0.624999,0.000000,0.000000,-0.000000,1.000000
probe_part_paired_004,180.744000,-0.475000,-0.000000,0.624999,0.000000,0.000000,-0.000000,1.000000
probe_part_paired_004,180.762000,-0.475000,-0.000000,0.624999,0.000000,0.000000,-0.000000,1.000000
probe_part_paired_004,180.780000,-0.475000,-0.000000,0.624999,0.000000,0.000000,-0.000000,1.000000
probe_part_paired_004,180.797000,-0.475000,-0.000000,0.624999,0.000000,0.000000,-0.000000,1.000000
probe_part_paired_004,180.814000,-0.475000,-0.000000,0.624999,0.000000,0.000000,-0.000000,1.000000
probe_part_paired_004,180.831000,-0.475000,-0.000000,0.624999,0.000000,0.000000,-0.000000,1.000000
probe_part_paired_004,180.844000,-0.475000,-0.000000,0.624999,0.000000,0.000000,-0.000000,1.000000
probe_part_paired_004,180.860000,-0.475000,-0.000000,0.624999,0.000000,0.000000,-0.000000,1.000000
probe_part_paired_004,180.877000,-0.475000,-0.000000,0.624999,0.000000,0.000000,-0.000000,1.000000
probe_part_paired_004,180.895000,-0.475000,-0.000000,0.624999,0.000000,0.000000,-0.000000,1.000000
probe_part_paired_004,180.912000,-0.475000,-0.000000,0.624999,0.000000,0.000000,-0.000000,1.000000
probe_part_paired_004,180.929000,-0.475000,-0.000000,0.624999,0.000000,0.000000,-0.000000,1.000000
probe_part_paired_004,180.946000,-0.475000,-0.000000,0.624999,0.000000,0.000000,-0.000000,1.000000
probe_part_paired_004,180.963000,-0.475000,-0.000000,0.624999,0.000000,0.000000,-0.000000,1.000000
probe_part_paired_004,180.981000,-0.475000,-0.000000,0.624999,0.000000,0.000000,-0.000000,1.000000
probe_part_paired_004,180.999000,-0.475000,-0.000000,0.624999,0.000000,0.000000,-0.000000,1.000000
probe_part_paired_004,181.016000,-0.475000,-0.000000,0.624999,0.000000,0.000000,-0.000000,1.000000
probe_part_paired_004,181.033000,-0.475000,-0.000000,0.624999,0.000000,0.000000,-0.000000,1.000000
probe_part_paired_004,181.050000,-0.475000,-0.000000,0.624999,0.000000,0.000000,-0.000000,1.000000
probe_part_paired_004,181.067000,-0.475000,-0.000000,0.624999,0.000000,0.000000,-0.000000,1.000000
probe_part_paired_004,181.084000,-0.475000,-0.000000,0.624999,0.000000,0.000000,-0.000000,1.000000
probe_part_paired_004,181.099000,-0.475000,-0.000000,0.624999,0.000000,0.000000,-0.000000,1.000000
probe_part_paired_004,181.115000,-0.475000,-0.000000,0.624999,0.000000,0.000000,-0.000000,1.000000
probe_part_paired_004,181.132000,-0.475000,-0.000000,0.624999,0.000000,0.000000,-0.000000,1.000000
probe_part_paired_004,181.148000,-0.475000,-0.000000,0.624999,0.000000,0.000000,-0.000000,1.000000
probe_part_paired_004,181.164000,-0.475000,-0.000000,0.624999,0.000000,0.000000,-0.000000,1.000000
probe_part_paired_004,181.181000,-0.475000,-0.000000,0.624999,0.000000,0.000000,-0.000000,1.000000
probe_part_paired_004,181.198000,-0.475000,-0.000000,0.624999,0.000000,0.000000,-0.000000,1.000000
probe_part_paired_004,181.215000,-0.475000,-0.000000,0.624999,0.000000,0.000000,-0.000000,1.000000
probe_part_paired_004,181.232000,-0.475000,-0.000000,0.624999,0.000000,0.000000,-0.000000,1.000000
probe_part_paired_004,181.249000,-0.475000,-0.000000,0.624999,0.000000,0.000000,-0.000000,1.000000
probe_part_paired_004,181.264000,-0.475000,-0.000000,0.624999,0.000000,0.000000,-0.000000,1.000000
probe_part_paired_004,181.280000,-0.475000,-0.000000,0.624999,0.000000,0.000000,-0.000000,1.000000
probe_part_paired_004,181.297000,-0.475000,-0.000000,0.624999,0.000000,0.000000,-0.000000,1.000000
probe_part_paired_004,181.314000,-0.475000,-0.000000,0.624999,0.000000,0.000000,-0.000000,1.000000
probe_part_paired_004,181.331000,-0.475000,-0.000000,0.624999,0.000000,0.000000,-0.000000,1.000000
probe_part_paired_004,181.348000,-0.475000,-0.000000,0.624999,0.000000,0.000000,-0.000000,1.000000
probe_part_paired_004,181.365000,-0.475000,-0.000000,0.624999,0.000000,0.000000,-0.000000,1.000000
probe_part_paired_004,181.382000,-0.475000,-0.000000,0.624999,0.000000,0.000000,-0.000000,1.000000
probe_part_paired_004,181.398000,-0.475000,-0.000000,0.624999,0.000000,0.000000,-0.000000,1.000000
probe_part_paired_004,181.414000,-0.475000,-0.000000,0.624999,0.000000,0.000000,-0.000000,1.000000
probe_part_paired_004,181.430000,-0.475000,-0.000000,0.624999,0.000000,0.000000,-0.000000,1.000000
probe_part_paired_004,181.446000,-0.475000,-0.000000,0.624999,0.000000,0.000000,-0.000000,1.000000
probe_part_paired_004,181.462000,-0.475000,-0.000000,0.624999,0.000000,0.000000,-0.000000,1.000000
probe_part_paired_004,181.479000,-0.475000,-0.000000,0.624999,0.000000,0.000000,-0.000000,1.000000
probe_part_paired_004,181.496000,-0.475000,-0.000000,0.624999,0.000000,0.000000,-0.000000,1.000000
probe_part_paired_004,181.513000,-0.475000,-0.000000,0.624999,0.000000,0.000000,-0.000000,1.000000
probe_part_paired_004,181.530000,-0.475000,-0.000000,0.624999,0.000000,0.000000,-0.000000,1.000000
probe_part_paired_004,181.547000,-0.475000,-0.000000,0.624999,0.000000,0.000000,-0.000000,1.000000
probe_part_paired_004,181.564000,-0.475000,-0.000000,0.624999,0.000000,0.000000,-0.000000,1.000000
probe_part_paired_004,181.581000,-0.475000,-0.000000,0.624999,0.000000,0.000000,-0.000000,1.000000
probe_part_paired_004,181.599000,-0.475000,-0.000000,0.624999,0.000000,0.000000,-0.000000,1.000000
probe_part_paired_004,181.616000,-0.475000,-0.000000,0.624999,0.000000,0.000000,-0.000000,1.000000
probe_part_paired_004,181.633000,-0.475000,-0.000000,0.624999,0.000000,0.000000,-0.000000,1.000000
probe_part_paired_004,181.651000,-0.475000,-0.000000,0.624999,0.000000,0.000000,-0.000000,1.000000
probe_part_paired_004,181.669000,-0.475000,-0.000000,0.624999,0.000000,0.000000,-0.000000,1.000000
probe_part_paired_004,181.687000,-0.475000,-0.000000,0.624999,0.000000,0.000000,-0.000000,1.000000
probe_part_paired_004,181.704000,-0.475000,-0.000000,0.624999,0.000000,0.000000,-0.000000,1.000000
probe_part_paired_004,181.721000,-0.475000,-0.000000,0.624999,0.000000,0.000000,-0.000000,1.000000
probe_part_paired_004,181.739000,-0.475000,-0.000000,0.624999,0.000000,0.000000,-0.000000,1.000000
probe_part_paired_004,181.756000,-0.475000,-0.000000,0.624999,0.000000,0.000000,-0.000000,1.000000
probe_part_paired_004,181.774000,-0.475000,-0.000000,0.624999,0.000000,0.000000,-0.000000,1.000000
probe_part_paired_004,181.791000,-0.475000,-0.000000,0.624999,0.000000,0.000000,-0.000000,1.000000
probe_part_paired_004,181.809000,-0.475000,-0.000000,0.624999,0.000000,0.000000,-0.000000,1.000000
probe_part_paired_004,181.827000,-0.475000,-0.000000,0.624999,0.000000,0.000000,-0.000000,1.000000
probe_part_paired_004,181.840000,-0.475000,-0.000000,0.624999,0.000000,0.000000,-0.000000,1.000000
probe_part_paired_004,181.856000,-0.475000,-0.000000,0.624999,0.000000,0.000000,-0.000000,1.000000
probe_part_paired_004,181.873000,-0.475000,-0.000000,0.624999,0.000000,0.000000,-0.000000,1.000000
probe_part_paired_004,181.889000,-0.475000,-0.000000,0.624999,0.000000,0.000000,-0.000000,1.000000
probe_part_paired_004,181.904000,-0.475000,-0.000000,0.624999,0.000000,0.000000,-0.000000,1.000000
probe_part_paired_004,181.920000,-0.475000,-0.000000,0.624999,0.000000,0.000000,-0.000000,1.000000
probe_part_paired_004,181.937000,-0.475000,-0.000000,0.624999,0.000000,0.000000,-0.000000,1.000000
probe_part_paired_004,181.954000,-0.475000,-0.000000,0.624999,0.000000,0.000000,-0.000000,1.000000
probe_part_paired_004,181.971000,-0.475000,-0.000000,0.624999,0.000000,0.000000,-0.000000,1.000000
probe_part_paired_004,181.988000,-0.475000,-0.000000,0.624999,0.000000,0.000000,-0.000000,1.000000
probe_part_paired_004,182.004000,-0.475000,-0.000000,0.624999,0.000000,0.000000,-0.000000,1.000000
probe_part_paired_004,182.021000,-0.475000,-0.000000,0.624999,0.000000,0.000000,-0.000000,1.000000
probe_part_paired_004,182.038000,-0.475000,-0.000000,0.624999,0.000000,0.000000,-0.000000,1.000000
probe_part_paired_004,182.055000,-0.475000,-0.000000,0.624999,0.000000,0.000000,-0.000000,1.000000
probe_part_paired_004,182.073000,-0.475000,-0.000000,0.624999,0.000000,0.000000,-0.000000,1.000000
probe_part_paired_004,182.091000,-0.475000,-0.000000,0.624999,0.000000,0.000000,-0.000000,1.000000
probe_part_paired_004,182.109000,-0.475000,-0.000000,0.624999,0.000000,0.000000,-0.000000,1.000000
probe_part_paired_004,182.125000,-0.475000,-0.000000,0.624999,0.000000,0.000000,-0.000000,1.000000
probe_part_paired_004,182.141000,-0.475000,-0.000000,0.624999,0.000000,0.000000,-0.000000,1.000000
probe_part_paired_004,182.157000,-0.475000,-0.000000,0.624999,0.000000,0.000000,-0.000000,1.000000
probe_part_paired_004,182.173000,-0.475000,-0.000000,0.624999,0.000000,0.000000,-0.000000,1.000000
probe_part_paired_004,182.190000,-0.475000,-0.000000,0.624999,0.000000,0.000000,-0.000000,1.000000
probe_part_paired_004,182.207000,-0.475000,-0.000000,0.624999,0.000000,0.000000,-0.000000,1.000000
probe_part_paired_004,182.224000,-0.475000,-0.000000,0.624999,0.000000,0.000000,-0.000000,1.000000
probe_part_paired_004,182.241000,-0.475000,-0.000000,0.624999,0.000000,0.000000,-0.000000,1.000000
probe_part_paired_004,182.258000,-0.475000,-0.000000,0.624999,0.000000,0.000000,-0.000000,1.000000
probe_part_paired_004,182.275000,-0.475000,-0.000000,0.624999,0.000000,0.000000,-0.000000,1.000000
probe_part_paired_004,182.292000,-0.475000,-0.000000,0.624999,0.000000,0.000000,-0.000000,1.000000
probe_part_paired_004,182.310000,-0.475000,-0.000000,0.624999,0.000000,0.000000,-0.000000,1.000000
probe_part_paired_004,182.327000,-0.475000,-0.000000,0.624999,0.000000,0.000000,-0.000000,1.000000
probe_part_paired_004,182.343000,-0.475000,-0.000000,0.624999,0.000000,0.000000,-0.000000,1.000000
probe_part_paired_004,182.360000,-0.475000,-0.000000,0.624999,0.000000,0.000000,-0.000000,1.000000
probe_part_paired_004,182.378000,-0.475000,-0.000000,0.624999,0.000000,0.000000,-0.000000,1.000000
probe_part_paired_004,182.396000,-0.475000,-0.000000,0.624999,0.000000,0.000000,-0.000000,1.000000
probe_part_paired_004,182.413000,-0.475000,-0.000000,0.624999,0.000000,0.000000,-0.000000,1.000000
probe_part_paired_004,182.431000,-0.475000,-0.000000,0.624999,0.000000,0.000000,-0.000000,1.000000
probe_part_paired_004,182.449000,-0.475000,-0.000000,0.624999,0.000000,0.000000,-0.000000,1.000000
probe_part_paired_004,182.466000,-0.475000,-0.000000,0.624999,0.000000,0.000000,-0.000000,1.000000
probe_part_paired_004,182.483000,-0.475000,-0.000000,0.624999,0.000000,0.000000,-0.000000,1.000000
probe_part_paired_004,182.501000,-0.475000,-0.000000,0.624999,0.000000,0.000000,-0.000000,1.000000
probe_part_paired_004,182.519000,-0.475000,-0.000000,0.624999,0.000000,0.000000,-0.000000,1.000000
probe_part_paired_004,182.536000,-0.475000,-0.000000,0.624999,0.000000,0.000000,-0.000000,1.000000
probe_part_paired_004,182.553000,-0.475000,-0.000000,0.624999,0.000000,0.000000,-0.000000,1.000000
probe_part_paired_004,182.569000,-0.475000,-0.000000,0.624999,0.000000,0.000000,-0.000000,1.000000
probe_part_paired_004,182.585000,-0.475000,-0.000000,0.624999,0.000000,0.000000,-0.000000,1.000000
probe_part_paired_004,182.602000,-0.475000,-0.000000,0.624999,0.000000,0.000000,-0.000000,1.000000
probe_part_paired_004,182.619000,-0.475000,-0.000000,0.624999,0.000000,0.000000,-0.000000,1.000000
probe_part_paired_004,182.636000,-0.475000,-0.000000,0.624999,0.000000,0.000000,-0.000000,1.000000
probe_part_paired_004,182.653000,-0.475000,-0.000000,0.624999,0.000000,0.000000,-0.000000,1.000000
probe_part_paired_004,182.670000,-0.475000,-0.000000,0.624999,0.000000,0.000000,-0.000000,1.000000
probe_part_paired_004,182.687000,-0.475000,-0.000000,0.624999,0.000000,0.000000,-0.000000,1.000000
probe_part_paired_004,182.705000,-0.475000,-0.000000,0.624999,0.000000,0.000000,-0.000000,1.000000
probe_part_paired_004,182.722000,-0.475000,-0.000000,0.624999,0.000000,0.000000,-0.000000,1.000000
probe_part_paired_004,182.739000,-0.475000,-0.000000,0.624999,0.000000,0.000000,-0.000000,1.000000
probe_part_paired_004,182.757000,-0.475000,-0.000000,0.624999,0.000000,0.000000,-0.000000,1.000000
probe_part_paired_004,182.774000,-0.475000,-0.000000,0.624999,0.000000,0.000000,-0.000000,1.000000
probe_part_paired_004,182.792000,-0.475000,-0.000000,0.624999,0.000000,0.000000,-0.000000,1.000000
probe_part_paired_004,182.809000,-0.475000,-0.000000,0.624999,0.000000,0.000000,-0.000000,1.000000
probe_part_paired_004,182.826000,-0.475000,-0.000000,0.624999,0.000000,0.000000,-0.000000,1.000000
probe_part_paired_004,182.843000,-0.475000,-0.000000,0.624999,0.000000,0.000000,-0.000000,1.000000
probe_part_paired_004,182.861000,-0.475000,-0.000000,0.624999,0.000000,0.000000,-0.000000,1.000000
probe_part_paired_004,182.878000,-0.475000,-0.000000,0.624999,0.000000,0.000000,-0.000000,1.000000
probe_part_paired_004,182.895000,-0.475000,-0.000000,0.624999,0.000000,0.000000,-0.000000,1.000000
probe_part_paired_004,182.912000,-0.475000,-0.000000,0.624999,0.000000,0.000000,-0.000000,1.000000
probe_part_paired_004,182.930000,-0.475000,-0.000000,0.624999,0.000000,0.000000,-0.000000,1.000000
probe_part_paired_004,182.948000,-0.475000,-0.000000,0.624999,0.000000,0.000000,-0.000000,1.000000
probe_part_paired_004,182.965000,-0.475000,-0.000000,0.624999,0.000000,0.000000,-0.000000,1.000000
probe_part_paired_004,182.983000,-0.475000,-0.000000,0.624999,0.000000,0.000000,-0.000000,1.000000
probe_part_paired_004,183.000000,-0.475000,-0.000000,0.624999,0.000000,0.000000,-0.000000,1.000000
probe_part_paired_004,183.017000,-0.475000,-0.000000,0.624999,0.000000,0.000000,-0.000000,1.000000
probe_part_paired_004,183.034000,-0.475000,-0.000000,0.624999,0.000000,0.000000,-0.000000,1.000000
probe_part_paired_004,183.051000,-0.475000,-0.000000,0.624999,0.000000,0.000000,-0.000000,1.000000
probe_part_paired_004,183.069000,-0.475000,-0.000000,0.624999,0.000000,0.000000,-0.000000,1.000000
probe_part_paired_004,183.085000,-0.475000,-0.000000,0.624999,0.000000,0.000000,-0.000000,1.000000
probe_part_paired_004,183.099000,-0.475000,-0.000000,0.624999,0.000000,0.000000,-0.000000,1.000000
probe_part_paired_004,183.114000,-0.475000,-0.000000,0.624999,0.000000,0.000000,-0.000000,1.000000
probe_part_paired_004,183.130000,-0.475000,-0.000000,0.624999,0.000000,0.000000,-0.000000,1.000000
probe_part_paired_004,183.146000,-0.475000,-0.000000,0.624999,0.000000,0.000000,-0.000000,1.000000
probe_part_paired_004,183.162000,-0.475000,-0.000000,0.624999,0.000000,0.000000,-0.000000,1.000000
probe_part_paired_004,183.178000,-0.475000,-0.000000,0.624999,0.000000,0.000000,-0.000000,1.000000
probe_part_paired_004,183.196000,-0.475000,-0.000000,0.624999,0.000000,0.000000,-0.000000,1.000000
probe_part_paired_004,183.213000,-0.475000,-0.000000,0.624999,0.000000,0.000000,-0.000000,1.000000
probe_part_paired_004,183.230000,-0.475000,-0.000000,0.624999,0.000000,0.000000,-0.000000,1.000000
probe_part_paired_004,183.246000,-0.475000,-0.000000,0.624999,0.000000,0.000000,-0.000000,1.000000
probe_part_paired_004,183.261000,-0.475000,-0.000000,0.624999,0.000000,0.000000,-0.000000,1.000000
probe_part_paired_004,183.276000,-0.475000,-0.000000,0.624999,0.000000,0.000000,-0.000000,1.000000
probe_part_paired_004,183.292000,-0.475000,-0.000000,0.624999,0.000000,0.000000,-0.000000,1.000000
probe_part_paired_004,183.308000,-0.475000,-0.000000,0.624999,0.000000,0.000000,-0.000000,1.000000
probe_part_paired_004,183.324000,-0.475000,-0.000000,0.624999,0.000000,0.000000,-0.000000,1.000000
probe_part_paired_004,183.340000,-0.475000,-0.000000,0.624999,0.000000,0.000000,-0.000000,1.000000
probe_part_paired_004,183.356000,-0.475000,-0.000000,0.624999,0.000000,0.000000,-0.000000,1.000000
probe_part_paired_004,183.372000,-0.475000,-0.000000,0.624999,0.000000,0.000000,-0.000000,1.000000
probe_part_paired_004,183.389000,-0.475000,-0.000000,0.624999,0.000000,0.000000,-0.000000,1.000000
probe_part_paired_004,183.406000,-0.475000,-0.000000,0.624999,0.000000,0.000000,-0.000000,1.000000
probe_part_paired_004,183.423000,-0.475000,-0.000000,0.624999,0.000000,0.000000,-0.000000,1.000000
probe_part_paired_004,183.440000,-0.475000,-0.000000,0.624999,0.000000,0.000000,-0.000000,1.000000
probe_part_paired_004,183.457000,-0.475000,-0.000000,0.624999,0.000000,0.000000,-0.000000,1.000000
probe_part_paired_004,183.474000,-0.475000,-0.000000,0.624999,0.000000,0.000000,-0.000000,1.000000
probe_part_paired_004,183.491000,-0.475000,-0.000000,0.624999,0.000000,0.000000,-0.000000,1.000000
probe_part_paired_004,183.509000,-0.475000,-0.000000,0.624999,0.000000,0.000000,-0.000000,1.000000
probe_part_paired_004,183.526000,-0.475000,-0.000000,0.624999,0.000000,0.000000,-0.000000,1.000000
probe_part_paired_004,183.543000,-0.475000,-0.000000,0.624999,0.000000,0.000000,-0.000000,1.000000
probe_part_paired_004,183.560000,-0.475000,-0.000000,0.624999,0.000000,0.000000,-0.000000,1.000000
probe_part_paired_004,183.577000,-0.475000,-0.000000,0.624999,0.000000,0.000000,-0.000000,1.000000
probe_part_paired_004,183.595000,-0.475000,-0.000000,0.624999,0.000000,0.000000,-0.000000,1.000000
probe_part_paired_004,183.612000,-0.475000,-0.000000,0.624999,0.000000,0.000000,-0.000000,1.000000
probe_part_paired_004,183.630000,-0.475000,-0.000000,0.624999,0.000000,0.000000,-0.000000,1.000000
probe_part_paired_004,183.647000,-0.475000,-0.000000,0.624999,0.000000,0.000000,-0.000000,1.000000
probe_part_paired_004,183.664000,-0.475000,-0.000000,0.624999,0.000000,0.000000,-0.000000,1.000000
probe_part_paired_004,183.681000,-0.475000,-0.000000,0.624999,0.000000,0.000000,-0.000000,1.000000
probe_part_paired_004,183.698000,-0.475000,-0.000000,0.624999,0.000000,0.000000,-0.000000,1.000000
probe_part_paired_004,183.715000,-0.475000,-0.000000,0.624999,0.000000,0.000000,-0.000000,1.000000
probe_part_paired_004,183.732000,-0.475000,-0.000000,0.624999,0.000000,0.000000,-0.000000,1.000000
probe_part_paired_004,183.750000,-0.475000,-0.000000,0.624999,0.000000,0.000000,-0.000000,1.000000
probe_part_paired_004,183.767000,-0.475000,-0.000000,0.624999,0.000000,0.000000,-0.000000,1.000000
probe_part_paired_004,183.784000,-0.475000,-0.000000,0.624999,0.000000,0.000000,-0.000000,1.000000
probe_part_paired_004,183.802000,-0.475000,-0.000000,0.624999,0.000000,0.000000,-0.000000,1.000000
probe_part_paired_004,183.820000,-0.475000,-0.000000,0.624999,0.000000,0.000000,-0.000000,1.000000
probe_part_paired_004,183.836000,-0.475000,-0.000000,0.624999,0.000000,0.000000,-0.000000,1.000000
probe_part_paired_004,183.852000,-0.475000,-0.000000,0.624999,0.000000,0.000000,-0.000000,1.000000
probe_part_paired_004,183.868000,-0.475000,-0.000000,0.624999,0.000000,0.000000,-0.000000,1.000000
probe_part_paired_004,183.885000,-0.475000,-0.000000,0.624999,0.000000,0.000000,-0.000000,1.000000
probe_part_paired_004,183.902000,-0.475000,-0.000000,0.624999,0.000000,0.000000,-0.000000,1.000000
probe_part_paired_004,183.920000,-0.475000,-0.000000,0.624999,0.000000,0.000000,-0.000000,1.000000
probe_part_paired_004,183.937000,-0.475000,-0.000000,0.624999,0.000000,0.000000,-0.000000,1.000000
probe_part_paired_004,183.954000,-0.475000,-0.000000,0.624999,0.000000,0.000000,-0.000000,1.000000
probe_part_paired_004,183.972000,-0.475000,-0.000000,0.624999,0.000000,0.000000,-0.000000,1.000000
probe_part_paired_004,183.989000,-0.475000,-0.000000,0.624999,0.000000,0.000000,-0.000000,1.000000
probe_part_paired_004,184.006000,-0.475000,-0.000000,0.624999,0.000000,0.000000,-0.000000,1.000000
probe_part_paired_004,184.023000,-0.475000,-0.000000,0.624999,0.000000,0.000000,-0.000000,1.000000
probe_part_paired_004,184.040000,-0.475000,-0.000000,0.624999,0.000000,0.000000,-0.000000,1.000000
probe_part_paired_004,184.058000,-0.475000,-0.000000,0.624999,0.000000,0.000000,-0.000000,1.000000
probe_part_paired_004,184.075000,-0.475000,-0.000000,0.624999,0.000000,0.000000,-0.000000,1.000000
probe_part_paired_004,184.092000,-0.475000,-0.000000,0.624999,0.000000,0.000000,-0.000000,1.000000
probe_part_paired_004,184.109000,-0.475000,-0.000000,0.624999,0.000000,0.000000,-0.000000,1.000000
probe_part_paired_004,184.125000,-0.475000,-0.000000,0.624999,0.000000,0.000000,-0.000000,1.000000
probe_part_paired_004,184.142000,-0.475000,-0.000000,0.624999,0.000000,0.000000,-0.000000,1.000000
probe_part_paired_004,184.159000,-0.475000,-0.000000,0.624999,0.000000,0.000000,-0.000000,1.000000
probe_part_paired_004,184.176000,-0.475000,-0.000000,0.624999,0.000000,0.000000,-0.000000,1.000000
probe_part_paired_004,184.193000,-0.475000,-0.000000,0.624999,0.000000,0.000000,-0.000000,1.000000
probe_part_paired_004,184.209000,-0.475000,-0.000000,0.624999,0.000000,0.000000,-0.000000,1.000000
probe_part_paired_004,184.226000,-0.475000,-0.000000,0.624999,0.000000,0.000000,-0.000000,1.000000
probe_part_paired_004,184.244000,-0.475000,-0.000000,0.624999,0.000000,0.000000,-0.000000,1.000000
probe_part_paired_004,184.261000,-0.475000,-0.000000,0.624999,0.000000,0.000000,-0.000000,1.000000
probe_part_paired_004,184.278000,-0.475000,-0.000000,0.624999,0.000000,0.000000,-0.000000,1.000000
probe_part_paired_004,184.294000,-0.475000,-0.000000,0.624999,0.000000,0.000000,-0.000000,1.000000
probe_part_paired_004,184.311000,-0.475000,-0.000000,0.624999,0.000000,0.000000,-0.000000,1.000000
probe_part_paired_004,184.327000,-0.475000,-0.000000,0.624999,0.000000,0.000000,-0.000000,1.000000
probe_part_paired_004,184.342000,-0.475000,-0.000000,0.624999,0.000000,0.000000,-0.000000,1.000000
probe_part_paired_004,184.357000,-0.475000,-0.000000,0.624999,0.000000,0.000000,-0.000000,1.000000
probe_part_paired_004,184.373000,-0.475000,-0.000000,0.624999,0.000000,0.000000,-0.000000,1.000000
probe_part_paired_004,184.388000,-0.475000,-0.000000,0.624999,0.000000,0.000000,-0.000000,1.000000
probe_part_paired_004,184.404000,-0.475000,-0.000000,0.624999,0.000000,0.000000,-0.000000,1.000000
probe_part_paired_004,184.420000,-0.475000,-0.000000,0.624999,0.000000,0.000000,-0.000000,1.000000
probe_part_paired_004,184.436000,-0.475000,-0.000000,0.624999,0.000000,0.000000,-0.000000,1.000000
probe_part_paired_004,184.451000,-0.475000,-0.000000,0.624999,0.000000,0.000000,-0.000000,1.000000
probe_part_paired_004,184.467000,-0.475000,-0.000000,0.624999,0.000000,0.000000,-0.000000,1.000000
probe_part_paired_004,184.484000,-0.475000,-0.000000,0.624999,0.000000,0.000000,-0.000000,1.000000
probe_part_paired_004,184.500000,-0.475000,-0.000000,0.624999,0.000000,0.000000,-0.000000,1.000000
probe_part_paired_004,184.516000,-0.475000,-0.000000,0.624999,0.000000,0.000000,-0.000000,1.000000
probe_part_paired_004,184.533000,-0.475000,-0.000000,0.624999,0.000000,0.000000,-0.000000,1.000000
probe_part_paired_004,184.549000,-0.475000,-0.000000,0.624999,0.000000,0.000000,-0.000000,1.000000
probe_part_paired_004,184.566000,-0.475000,-0.000000,0.624999,0.000000,0.000000,-0.000000,1.000000
probe_part_paired_004,184.581000,-0.475000,-0.000000,0.624999,0.000000,0.000000,-0.000000,1.000000
probe_part_paired_004,184.596000,-0.475000,-0.000000,0.624999,0.000000,0.000000,-0.000000,1.000000
probe_part_paired_004,184.610000,-0.475000,-0.000000,0.624999,0.000000,0.000000,-0.000000,1.000000
probe_part_paired_004,184.624000,-0.475000,-0.000000,0.624999,0.000000,0.000000,-0.000000,1.000000
probe_part_paired_004,184.639000,-0.475000,-0.000000,0.624999,0.000000,0.000000,-0.000000,1.000000
probe_part_paired_004,184.654000,-0.475000,-0.000000,0.624999,0.000000,0.000000,-0.000000,1.000000
probe_part_paired_004,184.670000,-0.475000,-0.000000,0.624999,0.000000,0.000000,-0.000000,1.000000
probe_part_paired_004,184.686000,-0.475000,-0.000000,0.624999,0.000000,0.000000,-0.000000,1.000000
probe_part_paired_004,184.702000,-0.475000,-0.000000,0.624999,0.000000,0.000000,-0.000000,1.000000
probe_part_paired_004,184.718000,-0.475000,-0.000000,0.624999,0.000000,0.000000,-0.000000,1.000000
probe_part_paired_004,184.734000,-0.475000,-0.000000,0.624999,0.000000,0.000000,-0.000000,1.000000
probe_part_paired_004,184.748000,-0.475000,-0.000000,0.624999,0.000000,0.000000,-0.000000,1.000000
probe_part_paired_004,184.764000,-0.475000,-0.000000,0.624999,0.000000,0.000000,-0.000000,1.000000
probe_part_paired_004,184.780000,-0.475000,-0.000000,0.624999,0.000000,0.000000,-0.000000,1.000000
probe_part_paired_004,184.795000,-0.475000,-0.000000,0.624999,0.000000,0.000000,-0.000000,1.000000
probe_part_paired_004,184.812000,-0.475000,-0.000000,0.624999,0.000000,0.000000,-0.000000,1.000000
probe_part_paired_004,184.826000,-0.475000,-0.000000,0.624999,0.000000,0.000000,-0.000000,1.000000
probe_part_paired_004,184.842000,-0.475000,-0.000000,0.624999,0.000000,0.000000,-0.000000,1.000000
probe_part_paired_004,184.858000,-0.475000,-0.000000,0.624999,0.000000,0.000000,-0.000000,1.000000
probe_part_paired_004,184.875000,-0.475000,-0.000000,0.624999,0.000000,0.000000,-0.000000,1.000000
probe_part_paired_004,184.890000,-0.475000,-0.000000,0.624999,0.000000,0.000000,-0.000000,1.000000
probe_part_paired_004,184.906000,-0.475000,-0.000000,0.624999,0.000000,0.000000,-0.000000,1.000000
probe_part_paired_004,184.914000,-0.475000,-0.000000,0.624999,0.000000,0.000000,-0.000000,1.000000
probe_part_paired_004,184.927000,-0.475000,-0.000000,0.624999,0.000000,0.000000,-0.000000,1.000000
probe_part_paired_004,184.944000,-0.475000,-0.000000,0.624999,0.000000,0.000000,-0.000000,1.000000
probe_part_paired_004,184.961000,-0.475000,-0.000000,0.624999,0.000000,0.000000,-0.000000,1.000000
probe_part_paired_004,184.978000,-0.475000,-0.000000,0.624999,0.000000,0.000000,-0.000000,1.000000
probe_part_paired_004,184.994000,-0.475000,-0.000000,0.624999,0.000000,0.000000,-0.000000,1.000000
probe_part_paired_004,185.007000,-0.475000,-0.000000,0.624999,0.000000,0.000000,-0.000000,1.000000
probe_part_paired_004,185.023000,-0.475000,-0.000000,0.624999,0.000000,0.000000,-0.000000,1.000000
probe_part_paired_004,185.039000,-0.475000,-0.000000,0.624999,0.000000,0.000000,-0.000000,1.000000
probe_part_paired_004,185.055000,-0.475000,-0.000000,0.624999,0.000000,0.000000,-0.000000,1.000000
probe_part_paired_004,185.071000,-0.475000,-0.000000,0.624999,0.000000,0.000000,-0.000000,1.000000
probe_part_paired_004,185.087000,-0.475000,-0.000000,0.624999,0.000000,0.000000,-0.000000,1.000000
probe_part_paired_004,185.103000,-0.475000,-0.000000,0.624999,0.000000,0.000000,-0.000000,1.000000
probe_part_paired_004,185.120000,-0.475000,-0.000000,0.624999,0.000000,0.000000,-0.000000,1.000000
probe_part_paired_004,185.137000,-0.475000,-0.000000,0.624999,0.000000,0.000000,-0.000000,1.000000
probe_part_paired_004,185.154000,-0.475000,-0.000000,0.624999,0.000000,0.000000,-0.000000,1.000000
probe_part_paired_004,185.171000,-0.475000,-0.000000,0.624999,0.000000,0.000000,-0.000000,1.000000
probe_part_paired_004,185.189000,-0.475000,-0.000000,0.624999,0.000000,0.000000,-0.000000,1.000000
probe_part_paired_004,185.206000,-0.475000,-0.000000,0.624999,0.000000,0.000000,-0.000000,1.000000
probe_part_paired_004,185.223000,-0.475000,-0.000000,0.624999,0.000000,0.000000,-0.000000,1.000000
probe_part_paired_004,185.240000,-0.475000,-0.000000,0.624999,0.000000,0.000000,-0.000000,1.000000
probe_part_paired_004,185.257000,-0.475000,-0.000000,0.624999,0.000000,0.000000,-0.000000,1.000000
probe_part_paired_004,185.274000,-0.475000,-0.000000,0.624999,0.000000,0.000000,-0.000000,1.000000
probe_part_paired_004,185.290000,-0.475000,-0.000000,0.624999,0.000000,0.000000,-0.000000,1.000000
probe_part_paired_004,185.306000,-0.475000,-0.000000,0.624999,0.000000,0.000000,-0.000000,1.000000
probe_part_paired_004,185.321000,-0.475000,-0.000000,0.624999,0.000000,0.000000,-0.000000,1.000000
probe_part_paired_004,185.337000,-0.475000,-0.000000,0.624999,0.000000,0.000000,-0.000000,1.000000
probe_part_paired_004,185.352000,-0.475000,-0.000000,0.624999,0.000000,0.000000,-0.000000,1.000000
probe_part_paired_004,185.366000,-0.475000,-0.000000,0.624999,0.000000,0.000000,-0.000000,1.000000
probe_part_paired_004,185.381000,-0.475000,-0.000000,0.624999,0.000000,0.000000,-0.000000,1.000000
probe_part_paired_004,185.397000,-0.475000,-0.000000,0.624999,0.000000,0.000000,-0.000000,1.000000
probe_part_paired_004,185.414000,-0.475000,-0.000000,0.624999,0.000000,0.000000,-0.000000,1.000000
probe_part_paired_004,185.431000,-0.475000,-0.000000,0.624999,0.000000,0.000000,-0.000000,1.000000
probe_part_paired_004,185.447000,-0.475000,-0.000000,0.624999,0.000000,0.000000,-0.000000,1.000000
probe_part_paired_004,185.464000,-0.475000,-0.000000,0.624999,0.000000,0.000000,-0.000000,1.000000
probe_part_paired_004,185.480000,-0.475000,-0.000000,0.624999,0.000000,0.000000,-0.000000,1.000000
probe_part_paired_004,185.491000,-0.475000,-0.000000,0.624999,0.000000,0.000000,-0.000000,1.000000
probe_part_paired_004,185.504000,-0.475000,-0.000000,0.624999,0.000000,0.000000,-0.000000,1.000000
probe_part_paired_004,185.520000,-0.475000,-0.000000,0.624999,0.000000,0.000000,-0.000000,1.000000
probe_part_paired_004,185.536000,-0.475000,-0.000000,0.624999,0.000000,0.000000,-0.000000,1.000000
probe_part_paired_004,185.553000,-0.475000,-0.000000,0.624999,0.000000,0.000000,-0.000000,1.000000
probe_part_paired_004,185.567000,-0.475000,-0.000000,0.624999,0.000000,0.000000,-0.000000,1.000000
probe_part_paired_004,185.583000,-0.475000,-0.000000,0.624999,0.000000,0.000000,-0.000000,1.000000
probe_part_paired_004,185.600000,-0.475000,-0.000000,0.624999,0.000000,0.000000,-0.000000,1.000000
probe_part_paired_004,185.617000,-0.475000,-0.000000,0.624999,0.000000,0.000000,-0.000000,1.000000
probe_part_paired_004,185.634000,-0.475000,-0.000000,0.624999,0.000000,0.000000,-0.000000,1.000000
probe_part_paired_004,185.651000,-0.475000,-0.000000,0.624999,0.000000,0.000000,-0.000000,1.000000
probe_part_paired_004,185.668000,-0.475000,-0.000000,0.624999,0.000000,0.000000,-0.000000,1.000000
probe_part_paired_004,185.685000,-0.475000,-0.000000,0.624999,0.000000,0.000000,-0.000000,1.000000
probe_part_paired_004,185.703000,-0.475000,-0.000000,0.624999,0.000000,0.000000,-0.000000,1.000000
probe_part_paired_004,185.721000,-0.475000,-0.000000,0.624999,0.000000,0.000000,-0.000000,1.000000
probe_part_paired_004,185.739000,-0.475000,-0.000000,0.624999,0.000000,0.000000,-0.000000,1.000000
probe_part_paired_004,185.756000,-0.475000,-0.000000,0.624999,0.000000,0.000000,-0.000000,1.000000
probe_part_paired_004,185.773000,-0.475000,-0.000000,0.624999,0.000000,0.000000,-0.000000,1.000000
probe_part_paired_004,185.790000,-0.475000,-0.000000,0.624999,0.000000,0.000000,-0.000000,1.000000
probe_part_paired_004,185.807000,-0.475000,-0.000000,0.624999,0.000000,0.000000,-0.000000,1.000000
probe_part_paired_004,185.825000,-0.475000,-0.000000,0.624999,0.000000,0.000000,-0.000000,1.000000
probe_part_paired_004,185.843000,-0.475000,-0.000000,0.624999,0.000000,0.000000,-0.000000,1.000000
probe_part_paired_004,185.860000,-0.475000,-0.000000,0.624999,0.000000,0.000000,-0.000000,1.000000
probe_part_paired_004,185.878000,-0.475000,-0.000000,0.624999,0.000000,0.000000,-0.000000,1.000000
probe_part_paired_004,185.895000,-0.475000,-0.000000,0.624999,0.000000,0.000000,-0.000000,1.000000
probe_part_paired_004,185.912000,-0.475000,-0.000000,0.624999,0.000000,0.000000,-0.000000,1.000000
probe_part_paired_004,185.929000,-0.475000,-0.000000,0.624999,0.000000,0.000000,-0.000000,1.000000
probe_part_paired_004,185.947000,-0.475000,-0.000000,0.624999,0.000000,0.000000,-0.000000,1.000000
probe_part_paired_004,185.964000,-0.475000,-0.000000,0.624999,0.000000,0.000000,-0.000000,1.000000
probe_part_paired_004,185.980000,-0.475000,-0.000000,0.624999,0.000000,0.000000,-0.000000,1.000000
probe_part_paired_004,185.984000,-0.475000,-0.000000,0.624999,0.000000,0.000000,-0.000000,1.000000
probe_part_paired_004,185.994000,-0.475000,-0.000000,0.624999,0.000000,0.000000,-0.000000,1.000000
probe_part_paired_004,186.010000,-0.475000,-0.000000,0.624999,0.000000,0.000000,-0.000000,1.000000
probe_part_paired_004,186.027000,-0.475000,-0.000000,0.624999,0.000000,0.000000,-0.000000,1.000000
probe_part_paired_004,186.044000,-0.475000,-0.000000,0.624999,0.000000,0.000000,-0.000000,1.000000
probe_part_paired_004,186.061000,-0.475000,-0.000000,0.624999,0.000000,0.000000,-0.000000,1.000000
probe_part_paired_004,186.077000,-0.475000,-0.000000,0.624999,0.000000,0.000000,-0.000000,1.000000
probe_part_paired_004,186.094000,-0.475000,-0.000000,0.624999,0.000000,0.000000,-0.000000,1.000000
probe_part_paired_004,186.111000,-0.475000,-0.000000,0.624999,0.000000,0.000000,-0.000000,1.000000
probe_part_paired_004,186.128000,-0.475000,-0.000000,0.624999,0.000000,0.000000,-0.000000,1.000000
probe_part_paired_004,186.145000,-0.475000,-0.000000,0.624999,0.000000,0.000000,-0.000000,1.000000
probe_part_paired_004,186.162000,-0.475000,-0.000000,0.624999,0.000000,0.000000,-0.000000,1.000000
probe_part_paired_004,186.180000,-0.475000,-0.000000,0.624999,0.000000,0.000000,-0.000000,1.000000
probe_part_paired_004,186.197000,-0.475000,-0.000000,0.624999,0.000000,0.000000,-0.000000,1.000000
probe_part_paired_004,186.214000,-0.475000,-0.000000,0.624999,0.000000,0.000000,-0.000000,1.000000
probe_part_paired_004,186.231000,-0.475000,-0.000000,0.624999,0.000000,0.000000,-0.000000,1.000000
probe_part_paired_004,186.249000,-0.475000,-0.000000,0.624999,0.000000,0.000000,-0.000000,1.000000
probe_part_paired_004,186.266000,-0.475000,-0.000000,0.624999,0.000000,0.000000,-0.000000,1.000000
probe_part_paired_004,186.283000,-0.475000,-0.000000,0.624999,0.000000,0.000000,-0.000000,1.000000
probe_part_paired_004,186.300000,-0.475000,-0.000000,0.624999,0.000000,0.000000,-0.000000,1.000000
probe_part_paired_004,186.318000,-0.475000,-0.000000,0.624999,0.000000,0.000000,-0.000000,1.000000
probe_part_paired_004,186.335000,-0.475000,-0.000000,0.624999,0.000000,0.000000,-0.000000,1.000000
probe_part_paired_004,186.353000,-0.475000,-0.000000,0.624999,0.000000,0.000000,-0.000000,1.000000
probe_part_paired_004,186.370000,-0.475000,-0.000000,0.624999,0.000000,0.000000,-0.000000,1.000000
probe_part_paired_004,186.387000,-0.475000,-0.000000,0.624999,0.000000,0.000000,-0.000000,1.000000
probe_part_paired_004,186.404000,-0.475000,-0.000000,0.624999,0.000000,0.000000,-0.000000,1.000000
probe_part_paired_004,186.422000,-0.475000,-0.000000,0.624999,0.000000,0.000000,-0.000000,1.000000
probe_part_paired_004,186.439000,-0.475000,-0.000000,0.624999,0.000000,0.000000,-0.000000,1.000000
probe_part_paired_004,186.456000,-0.475000,-0.000000,0.624999,0.000000,0.000000,-0.000000,1.000000
probe_part_paired_004,186.473000,-0.475000,-0.000000,0.624999,0.000000,0.000000,-0.000000,1.000000
probe_part_paired_004,186.490000,-0.475000,-0.000000,0.624999,0.000000,0.000000,-0.000000,1.000000
probe_part_paired_004,186.508000,-0.475000,-0.000000,0.624999,0.000000,0.000000,-0.000000,1.000000
probe_part_paired_004,186.526000,-0.475000,-0.000000,0.624999,0.000000,0.000000,-0.000000,1.000000
probe_part_paired_004,186.544000,-0.475000,-0.000000,0.624999,0.000000,0.000000,-0.000000,1.000000
probe_part_paired_004,186.561000,-0.475000,-0.000000,0.624999,0.000000,0.000000,-0.000000,1.000000
probe_part_paired_004,186.579000,-0.475000,-0.000000,0.624999,0.000000,0.000000,-0.000000,1.000000
probe_part_paired_004,186.596000,-0.475000,-0.000000,0.624999,0.000000,0.000000,-0.000000,1.000000
probe_part_paired_004,186.613000,-0.475000,-0.000000,0.624999,0.000000,0.000000,-0.000000,1.000000
probe_part_paired_004,186.631000,-0.475000,-0.000000,0.624999,0.000000,0.000000,-0.000000,1.000000
probe_part_paired_004,186.649000,-0.475000,-0.000000,0.624999,0.000000,0.000000,-0.000000,1.000000
probe_part_paired_004,186.667000,-0.475000,-0.000000,0.624999,0.000000,0.000000,-0.000000,1.000000
probe_part_paired_004,186.684000,-0.475000,-0.000000,0.624999,0.000000,0.000000,-0.000000,1.000000
probe_part_paired_004,186.702000,-0.475000,-0.000000,0.624999,0.000000,0.000000,-0.000000,1.000000
probe_part_paired_004,186.720000,-0.475000,-0.000000,0.624999,0.000000,0.000000,-0.000000,1.000000
probe_part_paired_004,186.737000,-0.475000,-0.000000,0.624999,0.000000,0.000000,-0.000000,1.000000
probe_part_paired_004,186.755000,-0.475000,-0.000000,0.624999,0.000000,0.000000,-0.000000,1.000000
probe_part_paired_004,186.773000,-0.475000,-0.000000,0.624999,0.000000,0.000000,-0.000000,1.000000
probe_part_paired_004,186.791000,-0.475000,-0.000000,0.624999,0.000000,0.000000,-0.000000,1.000000
probe_part_paired_004,186.808000,-0.475000,-0.000000,0.624999,0.000000,0.000000,-0.000000,1.000000
probe_part_paired_004,186.825000,-0.475000,-0.000000,0.624999,0.000000,0.000000,-0.000000,1.000000
probe_part_paired_004,186.842000,-0.475000,-0.000000,0.624999,0.000000,0.000000,-0.000000,1.000000
probe_part_paired_004,186.859000,-0.475000,-0.000000,0.624999,0.000000,0.000000,-0.000000,1.000000
probe_part_paired_004,186.877000,-0.475000,-0.000000,0.624999,0.000000,0.000000,-0.000000,1.000000
probe_part_paired_004,186.894000,-0.475000,-0.000000,0.624999,0.000000,0.000000,-0.000000,1.000000
probe_part_paired_004,186.912000,-0.475000,-0.000000,0.624999,0.000000,0.000000,-0.000000,1.000000
probe_part_paired_004,186.930000,-0.475000,-0.000000,0.624999,0.000000,0.000000,-0.000000,1.000000
probe_part_paired_004,186.948000,-0.475000,-0.000000,0.624999,0.000000,0.000000,-0.000000,1.000000
probe_part_paired_004,186.962000,-0.475000,-0.000000,0.624999,0.000000,0.000000,-0.000000,1.000000
probe_part_paired_004,186.977000,-0.475000,-0.000000,0.624999,0.000000,0.000000,-0.000000,1.000000
probe_part_paired_004,186.991000,-0.475000,-0.000000,0.624999,0.000000,0.000000,-0.000000,1.000000
probe_part_paired_004,187.007000,-0.475000,-0.000000,0.624999,0.000000,0.000000,-0.000000,1.000000
probe_part_paired_004,187.023000,-0.475000,-0.000000,0.624999,0.000000,0.000000,-0.000000,1.000000
probe_part_paired_004,187.040000,-0.475000,-0.000000,0.624999,0.000000,0.000000,-0.000000,1.000000
probe_part_paired_004,187.056000,-0.475000,-0.000000,0.624999,0.000000,0.000000,-0.000000,1.000000
probe_part_paired_004,187.073000,-0.475000,-0.000000,0.624999,0.000000,0.000000,-0.000000,1.000000
probe_part_paired_004,187.090000,-0.475000,-0.000000,0.624999,0.000000,0.000000,-0.000000,1.000000
probe_part_paired_004,187.108000,-0.475000,-0.000000,0.624999,0.000000,0.000000,-0.000000,1.000000
probe_part_paired_004,187.125000,-0.475000,-0.000000,0.624999,0.000000,0.000000,-0.000000,1.000000
probe_part_paired_004,187.143000,-0.475000,-0.000000,0.624999,0.000000,0.000000,-0.000000,1.000000
probe_part_paired_004,187.160000,-0.475000,-0.000000,0.624999,0.000000,0.000000,-0.000000,1.000000
probe_part_paired_004,187.178000,-0.475000,-0.000000,0.624999,0.000000,0.000000,-0.000000,1.000000
probe_part_paired_004,187.195000,-0.475000,-0.000000,0.624999,0.000000,0.000000,-0.000000,1.000000
probe_part_paired_004,187.213000,-0.475000,-0.000000,0.624999,0.000000,0.000000,-0.000000,1.000000
probe_part_paired_004,187.229000,-0.475000,-0.000000,0.624999,0.000000,0.000000,-0.000000,1.000000
probe_part_paired_004,187.246000,-0.475000,-0.000000,0.624999,0.000000,0.000000,-0.000000,1.000000
probe_part_paired_004,187.261000,-0.475000,-0.000000,0.624999,0.000000,0.000000,-0.000000,1.000000
probe_part_paired_004,187.277000,-0.475000,-0.000000,0.624999,0.000000,0.000000,-0.000000,1.000000
probe_part_paired_004,187.293000,-0.475000,-0.000000,0.624999,0.000000,0.000000,-0.000000,1.000000
probe_part_paired_004,187.311000,-0.475000,-0.000000,0.624999,0.000000,0.000000,-0.000000,1.000000
probe_part_paired_004,187.328000,-0.475000,-0.000000,0.624999,0.000000,0.000000,-0.000000,1.000000
probe_part_paired_004,187.345000,-0.475000,-0.000000,0.624999,0.000000,0.000000,-0.000000,1.000000
probe_part_paired_004,187.362000,-0.475000,-0.000000,0.624999,0.000000,0.000000,-0.000000,1.000000
probe_part_paired_004,187.379000,-0.475000,-0.000000,0.624999,0.000000,0.000000,-0.000000,1.000000
probe_part_paired_004,187.394000,-0.475000,-0.000000,0.624999,0.000000,0.000000,-0.000000,1.000000
probe_part_paired_004,187.410000,-0.475000,-0.000000,0.624999,0.000000,0.000000,-0.000000,1.000000
probe_part_paired_004,187.427000,-0.475000,-0.000000,0.624999,0.000000,0.000000,-0.000000,1.000000
probe_part_paired_004,187.445000,-0.475000,-0.000000,0.624999,0.000000,0.000000,-0.000000,1.000000
probe_part_paired_004,187.462000,-0.475000,-0.000000,0.624999,0.000000,0.000000,-0.000000,1.000000
probe_part_paired_004,187.479000,-0.475000,-0.000000,0.624999,0.000000,0.000000,-0.000000,1.000000
probe_part_paired_004,187.496000,-0.475000,-0.000000,0.624999,0.000000,0.000000,-0.000000,1.000000
probe_part_paired_004,187.514000,-0.475000,-0.000000,0.624999,0.000000,0.000000,-0.000000,1.000000
probe_part_paired_004,187.531000,-0.475000,-0.000000,0.624999,0.000000,0.000000,-0.000000,1.000000
probe_part_paired_004,187.548000,-0.475000,-0.000000,0.624999,0.000000,0.000000,-0.000000,1.000000
probe_part_paired_004,187.565000,-0.475000,-0.000000,0.624999,0.000000,0.000000,-0.000000,1.000000
probe_part_paired_004,187.582000,-0.475000,-0.000000,0.624999,0.000000,0.000000,-0.000000,1.000000
probe_part_paired_004,187.600000,-0.475000,-0.000000,0.624999,0.000000,0.000000,-0.000000,1.000000
probe_part_paired_004,187.617000,-0.475000,-0.000000,0.624999,0.000000,0.000000,-0.000000,1.000000
probe_part_paired_004,187.635000,-0.475000,-0.000000,0.624999,0.000000,0.000000,-0.000000,1.000000
probe_part_paired_004,187.652000,-0.475000,-0.000000,0.624999,0.000000,0.000000,-0.000000,1.000000
probe_part_paired_004,187.670000,-0.475000,-0.000000,0.624999,0.000000,0.000000,-0.000000,1.000000
probe_part_paired_004,187.687000,-0.475000,-0.000000,0.624999,0.000000,0.000000,-0.000000,1.000000
probe_part_paired_004,187.704000,-0.475000,-0.000000,0.624999,0.000000,0.000000,-0.000000,1.000000
probe_part_paired_004,187.721000,-0.475000,-0.000000,0.624999,0.000000,0.000000,-0.000000,1.000000
probe_part_paired_004,187.738000,-0.475000,-0.000000,0.624999,0.000000,0.000000,-0.000000,1.000000
probe_part_paired_004,187.755000,-0.475000,-0.000000,0.624999,0.000000,0.000000,-0.000000,1.000000
probe_part_paired_004,187.772000,-0.475000,-0.000000,0.624999,0.000000,0.000000,-0.000000,1.000000
probe_part_paired_004,187.789000,-0.475000,-0.000000,0.624999,0.000000,0.000000,-0.000000,1.000000
probe_part_paired_004,187.806000,-0.475000,-0.000000,0.624999,0.000000,0.000000,-0.000000,1.000000
probe_part_paired_004,187.824000,-0.475000,-0.000000,0.624999,0.000000,0.000000,-0.000000,1.000000
probe_part_paired_004,187.842000,-0.475000,-0.000000,0.624999,0.000000,0.000000,-0.000000,1.000000
probe_part_paired_004,187.859000,-0.475000,-0.000000,0.624999,0.000000,0.000000,-0.000000,1.000000
probe_part_paired_004,187.875000,-0.475000,-0.000000,0.624999,0.000000,0.000000,-0.000000,1.000000
probe_part_paired_004,187.891000,-0.475000,-0.000000,0.624999,0.000000,0.000000,-0.000000,1.000000
probe_part_paired_004,187.908000,-0.475000,-0.000000,0.624999,0.000000,0.000000,-0.000000,1.000000
probe_part_paired_004,187.923000,-0.475000,-0.000000,0.624999,0.000000,0.000000,-0.000000,1.000000
probe_part_paired_004,187.938000,-0.475000,-0.000000,0.624999,0.000000,0.000000,-0.000000,1.000000
probe_part_paired_004,187.950000,-0.475000,-0.000000,0.624999,0.000000,0.000000,-0.000000,1.000000
probe_part_paired_004,187.964000,-0.475000,-0.000000,0.624999,0.000000,0.000000,-0.000000,1.000000
probe_part_paired_004,187.980000,-0.475000,-0.000000,0.624999,0.000000,0.000000,-0.000000,1.000000
probe_part_paired_004,187.995000,-0.475000,-0.000000,0.624999,0.000000,0.000000,-0.000000,1.000000
probe_part_paired_004,188.012000,-0.475000,-0.000000,0.624999,0.000000,0.000000,-0.000000,1.000000
probe_part_paired_004,188.030000,-0.475000,-0.000000,0.624999,0.000000,0.000000,-0.000000,1.000000
probe_part_paired_004,188.047000,-0.475000,-0.000000,0.624999,0.000000,0.000000,-0.000000,1.000000
probe_part_paired_004,188.064000,-0.475000,-0.000000,0.624999,0.000000,0.000000,-0.000000,1.000000
probe_part_paired_004,188.081000,-0.475000,-0.000000,0.624999,0.000000,0.000000,-0.000000,1.000000
probe_part_paired_004,188.098000,-0.475000,-0.000000,0.624999,0.000000,0.000000,-0.000000,1.000000
probe_part_paired_004,188.115000,-0.475000,-0.000000,0.624999,0.000000,0.000000,-0.000000,1.000000
probe_part_paired_004,188.132000,-0.475000,-0.000000,0.624999,0.000000,0.000000,-0.000000,1.000000
probe_part_paired_004,188.149000,-0.475000,-0.000000,0.624999,0.000000,0.000000,-0.000000,1.000000
probe_part_paired_004,188.167000,-0.475000,-0.000000,0.624999,0.000000,0.000000,-0.000000,1.000000
probe_part_paired_004,188.185000,-0.475000,-0.000000,0.624999,0.000000,0.000000,-0.000000,1.000000
probe_part_paired_004,188.202000,-0.475000,0.000128,0.624998,-0.000034,-0.000000,0.000001,1.000000
probe_part_paired_004,188.213000,-0.475085,0.000247,0.625015,0.000276,0.000099,0.000002,1.000000
probe_part_paired_004,188.224000,-0.475146,0.000196,0.625029,0.000486,0.000167,0.000002,1.000000
probe_part_paired_004,188.235000,-0.475160,0.000232,0.625022,0.000376,0.000160,-0.000027,1.000000
probe_part_paired_004,188.246000,-0.475174,0.000246,0.625022,0.000359,0.000159,-0.000022,1.000000
probe_part_paired_004,188.257000,-0.475172,0.000259,0.625012,0.000320,0.000011,-0.000018,1.000000
probe_part_paired_004,188.268000,-0.475176,0.000266,0.625012,0.000299,0.000011,-0.000015,1.000000
probe_part_paired_004,188.279000,-0.475178,0.000268,0.625011,0.000287,0.000011,-0.000012,1.000000
probe_part_paired_004,188.289000,-0.475179,0.000269,0.625010,0.000265,0.000035,-0.000003,1.000000
probe_part_paired_004,188.300000,-0.475183,0.000275,0.625009,0.000247,0.000033,0.000000,1.000000
probe_part_paired_004,188.311000,-0.475187,0.000223,0.625014,0.000344,0.000055,0.000011,1.000000
probe_part_paired_004,188.321000,-0.475180,0.000217,0.625013,0.000307,0.000082,0.000018,1.000000
probe_part_paired_004,188.332000,-0.475177,0.000217,0.625005,0.000260,-0.000012,0.000026,1.000000
probe_part_paired_004,188.343000,-0.475180,0.000225,0.625005,0.000240,-0.000009,0.000028,1.000000
probe_part_paired_004,188.354000,-0.475179,0.000223,0.625004,0.000208,0.000020,0.000035,1.000000
probe_part_paired_004,188.363000,-0.475180,0.000209,0.625004,0.000200,0.000046,0.000039,1.000000
probe_part_paired_004,188.373000,-0.475182,0.000213,0.625004,0.000190,0.000042,0.000035,1.000000
probe_part_paired_004,188.383000,-0.475182,0.000214,0.625004,0.000187,0.000039,0.000034,1.000000
probe_part_paired_004,188.393000,-0.475181,0.000212,0.625005,0.000190,0.000036,0.000034,1.000000
probe_part_paired_004,188.403000,-0.475180,0.000209,0.625006,0.000195,0.000033,0.000034,1.000000
probe_part_paired_004,188.413000,-0.475177,0.000204,0.625006,0.000202,0.000031,0.000034,1.000000
probe_part_paired_004,188.423000,-0.475177,0.000160,0.625007,0.000267,-0.000011,0.000039,1.000000
probe_part_paired_004,188.433000,-0.475173,0.000154,0.625008,0.000278,-0.000015,0.000039,1.000000
probe_part_paired_004,188.443000,-0.475169,0.000154,0.625006,0.000200,0.000020,0.000044,1.000000
probe_part_paired_004,188.454000,-0.475170,0.000159,0.625006,0.000201,0.000018,0.000037,1.000000
probe_part_paired_004,188.464000,-0.475171,0.000161,0.625006,0.000197,0.000016,0.000033,1.000000
probe_part_paired_004,188.475000,-0.475170,0.000160,0.625007,0.000198,0.000015,0.000033,1.000000
probe_part_paired_004,188.486000,-0.475169,0.000157,0.625007,0.000202,0.000014,0.000033,1.000000
probe_part_paired_004,188.495000,-0.475167,0.000153,0.625008,0.000209,0.000012,0.000033,1.000000
probe_part_paired_004,188.504000,-0.475165,0.000150,0.625008,0.000215,0.000011,0.000034,1.000000
probe_part_paired_004,188.514000,-0.475163,0.000145,0.625009,0.000223,0.000009,0.000034,1.000000
probe_part_paired_004,188.525000,-0.475172,0.000191,0.625139,0.002895,-0.000039,0.000016,0.999996
probe_part_paired_004,188.535000,-0.475191,0.000313,0.625126,0.002598,-0.000007,-0.000007,0.999997
probe_part_paired_004,188.545000,-0.475220,0.000416,0.625119,0.002438,0.000013,-0.000004,0.999997
probe_part_paired_004,188.555000,-0.475242,0.000480,0.625113,0.002312,0.000018,0.000000,0.999997
probe_part_paired_004,188.566000,-0.475258,0.000533,0.625108,0.002204,0.000018,0.000004,0.999998
probe_part_paired_004,188.577000,-0.475269,0.000574,0.625103,0.002116,0.000018,0.000007,0.999998
probe_part_paired_004,188.587000,-0.475274,0.000575,0.625108,0.002268,0.000044,0.000073,0.999997
probe_part_paired_004,188.597000,-0.475279,0.000596,0.625106,0.002216,0.000040,0.000066,0.999998
probe_part_paired_004,188.607000,-0.475279,0.000589,0.625109,0.002350,0.000064,0.000126,0.999997
probe_part_paired_004,188.616000,-0.475279,0.000579,0.625108,0.002371,0.000088,0.000169,0.999997
probe_part_paired_004,188.625000,-0.475280,0.000571,0.625104,0.002317,0.000100,0.000191,0.999997
probe_part_paired_004,188.634000,-0.475282,0.000577,0.625104,0.002300,0.000093,0.000187,0.999997
probe_part_paired_004,188.644000,-0.475283,0.000579,0.625105,0.002290,0.000085,0.000182,0.999997
probe_part_paired_004,188.652000,-0.475280,0.000561,0.625102,0.002269,0.000102,0.000205,0.999997
probe_part_paired_004,188.662000,-0.475280,0.000562,0.625103,0.002261,0.000094,0.000201,0.999997
probe_part_paired_004,188.671000,-0.475277,0.000544,0.625099,0.002217,0.000107,0.000217,0.999998
probe_part_paired_004,188.680000,-0.475277,0.000545,0.625100,0.002210,0.000100,0.000213,0.999998
probe_part_paired_004,188.690000,-0.475274,0.000529,0.625096,0.002154,0.000112,0.000226,0.999998
probe_part_paired_004,188.699000,-0.475274,0.000532,0.625097,0.002145,0.000106,0.000221,0.999998
probe_part_paired_004,188.709000,-0.475274,0.000524,0.625093,0.002075,0.000124,0.000232,0.999998
probe_part_paired_004,188.719000,-0.475275,0.000526,0.625094,0.002070,0.000123,0.000227,0.999998
probe_part_paired_004,188.729000,-0.475272,0.000502,0.625083,0.001944,0.000074,0.000178,0.999998
probe_part_paired_004,188.739000,-0.475274,0.000501,0.625078,0.001867,0.000054,0.000152,0.999998
probe_part_paired_004,188.749000,-0.475279,0.000513,0.625079,0.001845,0.000057,0.000148,0.999998
probe_part_paired_004,188.759000,-0.475281,0.000519,0.625080,0.001834,0.000058,0.000143,0.999998
probe_part_paired_004,188.768000,-0.475282,0.000521,0.625080,0.001832,0.000056,0.000139,0.999998
probe_part_paired_004,188.778000,-0.475281,0.000518,0.625082,0.001836,0.000053,0.000134,0.999998
probe_part_paired_004,188.788000,-0.475280,0.000514,0.625083,0.001845,0.000049,0.000130,0.999998
probe_part_paired_004,188.798000,-0.475277,0.000507,0.625084,0.001857,0.000045,0.000126,0.999998
probe_part_paired_004,188.808000,-0.475273,0.000491,0.625080,0.001813,0.000021,0.000100,0.999998
probe_part_paired_004,188.818000,-0.475273,0.000486,0.625070,0.001686,-0.000018,0.000053,0.999999
probe_part_paired_004,188.828000,-0.475278,0.000500,0.625070,0.001661,-0.000014,0.000049,0.999999
probe_part_paired_004,188.838000,-0.475281,0.000503,0.625065,0.001583,-0.000032,0.000028,0.999999
probe_part_paired_004,188.848000,-0.475285,0.000508,0.625060,0.001503,-0.000029,0.000033,0.999999
probe_part_paired_004,188.858000,-0.475289,0.000514,0.625055,0.001420,-0.000026,0.000034,0.999999
probe_part_paired_004,188.868000,-0.475293,0.000518,0.625049,0.001335,-0.000043,0.000014,0.999999
probe_part_paired_004,188.878000,-0.475298,0.000529,0.625050,0.001313,-0.000039,0.000019,0.999999
probe_part_paired_004,188.888000,-0.475299,0.000518,0.625040,0.001177,-0.000039,0.000026,0.999999
probe_part_paired_004,188.898000,-0.475304,0.000532,0.625040,0.001152,-0.000035,0.000031,0.999999
probe_part_paired_004,188.908000,-0.475307,0.000538,0.625041,0.001140,-0.000032,0.000034,0.999999
probe_part_paired_004,188.918000,-0.475307,0.000539,0.625042,0.001138,-0.000032,0.000033,0.999999
probe_part_paired_004,188.928000,-0.475308,0.000540,0.625043,0.001137,-0.000031,0.000034,0.999999
probe_part_paired_004,188.938000,-0.475306,0.000538,0.625045,0.001138,-0.000031,0.000034,0.999999
probe_part_paired_004,188.948000,-0.475305,0.000536,0.625046,0.001140,-0.000032,0.000034,0.999999
probe_part_paired_004,188.957000,-0.475303,0.000532,0.625047,0.001143,-0.000033,0.000034,0.999999
probe_part_paired_004,188.966000,-0.475301,0.000528,0.625049,0.001149,-0.000035,0.000034,0.999999
probe_part_paired_004,188.976000,-0.475298,0.000524,0.625050,0.001155,-0.000036,0.000034,0.999999
probe_part_paired_004,188.985000,-0.475296,0.000520,0.625051,0.001160,-0.000037,0.000034,0.999999
probe_part_paired_004,188.994000,-0.475293,0.000514,0.625052,0.001168,-0.000039,0.000034,0.999999
probe_part_paired_004,189.004000,-0.475290,0.000508,0.625053,0.001176,-0.000041,0.000034,0.999999
probe_part_paired_004,189.014000,-0.475287,0.000502,0.625054,0.001185,-0.000044,0.000034,0.999999
probe_part_paired_004,189.024000,-0.475284,0.000493,0.625050,0.001134,-0.000063,0.000013,0.999999
probe_part_paired_004,189.034000,-0.475284,0.000494,0.625050,0.001132,-0.000062,0.000017,0.999999
probe_part_paired_004,189.044000,-0.475282,0.000485,0.625046,0.001086,-0.000063,0.000024,0.999999
probe_part_paired_004,189.053000,-0.475283,0.000489,0.625047,0.001078,-0.000060,0.000029,0.999999
probe_part_paired_004,189.063000,-0.475283,0.000489,0.625047,0.001077,-0.000060,0.000033,0.999999
probe_part_paired_004,189.072000,-0.475283,0.000487,0.625038,0.000964,-0.000076,0.000017,1.000000
probe_part_paired_004,189.082000,-0.475288,0.000499,0.625037,0.000940,-0.000071,0.000022,1.000000
probe_part_paired_004,189.092000,-0.475290,0.000505,0.625038,0.000929,-0.000068,0.000026,1.000000
probe_part_paired_004,189.103000,-0.475290,0.000506,0.625038,0.000925,-0.000067,0.000032,1.000000
probe_part_paired_004,189.113000,-0.475289,0.000503,0.625040,0.000930,-0.000068,0.000034,1.000000
probe_part_paired_004,189.122000,-0.475288,0.000499,0.625041,0.000936,-0.000069,0.000034,1.000000
probe_part_paired_004,189.131000,-0.475284,0.000489,0.625037,0.000895,-0.000071,0.000035,1.000000
probe_part_paired_004,189.139000,-0.475285,0.000491,0.625037,0.000891,-0.000069,0.000034,1.000000
probe_part_paired_004,189.146000,-0.475285,0.000491,0.625037,0.000891,-0.000069,0.000034,1.000000
probe_part_paired_004,189.154000,-0.475283,0.000485,0.625034,0.000844,-0.000088,0.000013,1.000000
probe_part_paired_004,189.163000,-0.475285,0.000490,0.625034,0.000833,-0.000084,0.000017,1.000000
probe_part_paired_004,189.172000,-0.475285,0.000492,0.625035,0.000829,-0.000083,0.000022,1.000000
probe_part_paired_004,189.181000,-0.475285,0.000490,0.625035,0.000831,-0.000083,0.000026,1.000000
probe_part_paired_004,189.191000,-0.475283,0.000486,0.625037,0.000838,-0.000084,0.000031,1.000000
probe_part_paired_004,189.201000,-0.475281,0.000480,0.625038,0.000846,-0.000087,0.000034,1.000000
probe_part_paired_004,189.211000,-0.475278,0.000475,0.625039,0.000853,-0.000089,0.000034,1.000000
probe_part_paired_004,189.221000,-0.475269,0.000468,0.625037,0.000853,-0.000044,0.000034,1.000000
probe_part_paired_004,189.231000,-0.475268,0.000466,0.625033,0.000805,-0.000044,0.000035,1.000000
probe_part_paired_004,189.240000,-0.475268,0.000471,0.625033,0.000793,-0.000042,0.000034,1.000000
probe_part_paired_004,189.250000,-0.475268,0.000475,0.625033,0.000781,-0.000041,0.000034,1.000000
probe_part_paired_004,189.260000,-0.475267,0.000474,0.625024,0.000680,-0.000061,0.000020,1.000000
probe_part_paired_004,189.270000,-0.475274,0.000493,0.625023,0.000644,-0.000055,0.000025,1.000000
probe_part_paired_004,189.280000,-0.475278,0.000503,0.625023,0.000624,-0.000051,0.000030,1.000000
probe_part_paired_004,189.290000,-0.475279,0.000508,0.625023,0.000611,-0.000049,0.000034,1.000000
probe_part_paired_004,189.299000,-0.475279,0.000511,0.625023,0.000599,-0.000046,0.000034,1.000000
probe_part_paired_004,189.309000,-0.475278,0.000514,0.625023,0.000583,-0.000042,0.000034,1.000000
probe_part_paired_004,189.319000,-0.475277,0.000516,0.625022,0.000568,-0.000039,0.000034,1.000000
probe_part_paired_004,189.330000,-0.475276,0.000517,0.625022,0.000552,-0.000036,0.000034,1.000000
probe_part_paired_004,189.341000,-0.475273,0.000507,0.625018,0.000497,-0.000019,0.000040,1.000000
probe_part_paired_004,189.351000,-0.475275,0.000515,0.625018,0.000473,-0.000018,0.000035,1.000000
probe_part_paired_004,189.361000,-0.475276,0.000519,0.625017,0.000455,-0.000017,0.000034,1.000000
probe_part_paired_004,189.371000,-0.475275,0.000521,0.625017,0.000441,-0.000015,0.000034,1.000000
probe_part_paired_004,189.381000,-0.475275,0.000521,0.625017,0.000431,-0.000014,0.000034,1.000000
probe_part_paired_004,189.391000,-0.475273,0.000519,0.625017,0.000423,-0.000014,0.000034,1.000000
probe_part_paired_004,189.401000,-0.475274,0.000518,0.625018,0.000421,-0.000013,0.000034,1.000000
probe_part_paired_004,189.412000,-0.475274,0.000516,0.625022,0.000420,-0.000012,0.000034,1.000000
probe_part_paired_004,189.423000,-0.475275,0.000514,0.625031,0.000419,-0.000012,0.000034,1.000000
probe_part_paired_004,189.434000,-0.475276,0.000511,0.625044,0.000419,-0.000011,0.000034,1.000000
probe_part_paired_004,189.445000,-0.475278,0.000509,0.625062,0.000420,-0.000010,0.000034,1.000000
probe_part_paired_004,189.456000,-0.475280,0.000482,0.625081,0.000487,0.000030,0.000066,1.000000
probe_part_paired_004,189.467000,-0.475281,0.000448,0.625097,0.000543,0.000094,0.000130,1.000000
probe_part_paired_004,189.478000,-0.475284,0.000454,0.625133,0.000532,0.000093,0.000124,1.000000
probe_part_paired_004,189.489000,-0.475288,0.000442,0.625172,0.000551,0.000121,0.000155,1.000000
probe_part_paired_004,189.500000,-0.475292,0.000433,0.625216,0.000550,0.000137,0.000181,1.000000
probe_part_paired_004,189.511000,-0.475298,0.000438,0.625278,0.000546,0.000136,0.000176,1.000000
probe_part_paired_004,189.522000,-0.475305,0.000442,0.625352,0.000548,0.000135,0.000170,1.000000
probe_part_paired_004,189.533000,-0.475312,0.000446,0.625435,0.000551,0.000134,0.000163,1.000000
probe_part_paired_004,189.544000,-0.475321,0.000452,0.625529,0.000551,0.000134,0.000156,1.000000
probe_part_paired_004,189.555000,-0.475330,0.000444,0.625625,0.000604,0.000170,0.000179,1.000000
probe_part_paired_004,189.566000,-0.475339,0.000438,0.625730,0.000646,0.000199,0.000202,1.000000
probe_part_paired_004,189.575000,-0.475348,0.000447,0.625827,0.000639,0.000199,0.000195,1.000000
probe_part_paired_004,189.586000,-0.475361,0.000457,0.625957,0.000635,0.000199,0.000186,1.000000
probe_part_paired_004,189.596000,-0.475373,0.000466,0.626084,0.000634,0.000199,0.000178,1.000000
probe_part_paired_004,189.606000,-0.475385,0.000478,0.626221,0.000628,0.000199,0.000170,1.000000
probe_part_paired_004,189.617000,-0.475400,0.000493,0.626380,0.000619,0.000199,0.000161,1.000000
probe_part_paired_004,189.628000,-0.475416,0.000508,0.626549,0.000608,0.000199,0.000153,1.000000
probe_part_paired_004,189.639000,-0.475433,0.000523,0.626727,0.000601,0.000199,0.000145,1.000000
probe_part_paired_004,189.650000,-0.475450,0.000539,0.626914,0.000593,0.000199,0.000137,1.000000
probe_part_paired_004,189.661000,-0.475469,0.000554,0.627116,0.000589,0.000199,0.000130,1.000000
probe_part_paired_004,189.672000,-0.475489,0.000571,0.627327,0.000582,0.000198,0.000122,1.000000
probe_part_paired_004,189.683000,-0.475508,0.000567,0.627547,0.000749,0.000230,0.000155,1.000000
probe_part_paired_004,189.694000,-0.475529,0.000590,0.627778,0.000731,0.000230,0.000147,1.000000
probe_part_paired_004,189.705000,-0.475551,0.000596,0.628016,0.000848,0.000264,0.000175,1.000000
probe_part_paired_004,189.716000,-0.475573,0.000605,0.628262,0.000930,0.000299,0.000199,1.000000
probe_part_paired_004,189.727000,-0.475597,0.000632,0.628524,0.000906,0.000299,0.000190,1.000000
probe_part_paired_004,189.738000,-0.475621,0.000661,0.628798,0.000877,0.000298,0.000182,1.000000
probe_part_paired_004,189.749000,-0.475647,0.000690,0.629081,0.000853,0.000298,0.000174,1.000000
probe_part_paired_004,189.760000,-0.475674,0.000720,0.629376,0.000826,0.000298,0.000165,1.000000
probe_part_paired_004,189.771000,-0.475701,0.000744,0.629681,0.000815,0.000297,0.000157,1.000000
probe_part_paired_004,189.782000,-0.475729,0.000769,0.630000,0.000807,0.000296,0.000150,1.000000
probe_part_paired_004,189.791000,-0.475753,0.000790,0.630267,0.000798,0.000296,0.000143,1.000000
probe_part_paired_004,189.801000,-0.475779,0.000813,0.630574,0.000789,0.000295,0.000137,1.000000
probe_part_paired_004,189.811000,-0.475805,0.000812,0.630887,0.000990,0.000326,0.000173,0.999999
probe_part_paired_004,189.822000,-0.475836,0.000846,0.631243,0.000961,0.000326,0.000165,0.999999
probe_part_paired_004,189.833000,-0.475868,0.000881,0.631608,0.000928,0.000325,0.000157,1.000000
probe_part_paired_004,189.843000,-0.475897,0.000907,0.631951,0.000920,0.000325,0.000150,1.000000
probe_part_paired_004,189.854000,-0.475929,0.000941,0.632333,0.000891,0.000324,0.000143,1.000000
probe_part_paired_004,189.865000,-0.475963,0.000976,0.632731,0.000861,0.000323,0.000135,1.000000
probe_part_paired_004,189.876000,-0.475997,0.001013,0.633139,0.000829,0.000322,0.000127,1.000000
probe_part_paired_004,189.887000,-0.476032,0.001050,0.633557,0.000797,0.000321,0.000118,1.000000
probe_part_paired_004,189.898000,-0.476067,0.001086,0.633986,0.000767,0.000321,0.000111,1.000000
probe_part_paired_004,189.909000,-0.476104,0.001082,0.634424,0.000996,0.000249,0.000032,0.999999
probe_part_paired_004,189.920000,-0.476141,0.001117,0.634879,0.000974,0.000248,0.000034,0.999999
probe_part_paired_004,189.931000,-0.476177,0.001155,0.635342,0.000944,0.000247,0.000037,1.000000
probe_part_paired_004,189.942000,-0.476215,0.001195,0.635815,0.000911,0.000247,0.000040,1.000000
probe_part_paired_004,189.953000,-0.476252,0.001235,0.636298,0.000876,0.000246,0.000043,1.000000
probe_part_paired_004,189.964000,-0.476290,0.001275,0.636792,0.000842,0.000246,0.000043,1.000000
probe_part_paired_004,189.973000,-0.476322,0.001308,0.637204,0.000815,0.000245,0.000043,1.000000
probe_part_paired_004,189.983000,-0.476357,0.001344,0.637671,0.000787,0.000244,0.000043,1.000000
probe_part_paired_004,189.992000,-0.476389,0.001376,0.638098,0.000762,0.000243,0.000044,1.000000
probe_part_paired_004,190.002000,-0.476352,0.001514,0.638632,0.003586,0.000762,-0.003378,0.999988
probe_part_paired_004,190.012000,-0.476352,0.001571,0.639151,0.003588,-0.000726,-0.002980,0.999989
probe_part_paired_004,190.022000,-0.476323,0.001669,0.639692,0.003605,-0.003224,-0.002752,0.999985
probe_part_paired_004,190.032000,-0.476360,0.001727,0.640186,0.003514,-0.003225,-0.002746,0.999985
probe_part_paired_004,190.043000,-0.476400,0.001776,0.640749,0.003458,-0.003226,-0.002741,0.999985
probe_part_paired_004,190.053000,-0.476437,0.001816,0.641277,0.003421,-0.003227,-0.002736,0.999985
probe_part_paired_004,190.064000,-0.476476,0.001806,0.641864,0.003296,-0.003221,-0.002671,0.999986
probe_part_paired_004,190.075000,-0.476517,0.001847,0.642472,0.003266,-0.003222,-0.002665,0.999986
probe_part_paired_004,190.085000,-0.476552,0.001831,0.643028,0.003144,-0.003217,-0.002604,0.999986
probe_part_paired_004,190.095000,-0.476587,0.001818,0.643594,0.002996,-0.003214,-0.002546,0.999987
probe_part_paired_004,190.105000,-0.476625,0.001856,0.644175,0.002964,-0.003206,-0.002536,0.999987
probe_part_paired_004,190.115000,-0.476661,0.001842,0.644755,0.002880,-0.003201,-0.002485,0.999988
probe_part_paired_004,190.126000,-0.476702,0.001877,0.645417,0.002864,-0.003199,-0.002474,0.999988
probe_part_paired_004,190.137000,-0.476741,0.001863,0.646081,0.002791,-0.003202,-0.002427,0.999988
probe_part_paired_004,190.148000,-0.476782,0.001893,0.646766,0.002790,-0.003202,-0.002417,0.999988
probe_part_paired_004,190.159000,-0.476823,0.001926,0.647461,0.002780,-0.003202,-0.002406,0.999988
probe_part_paired_004,190.170000,-0.476864,0.001962,0.648165,0.002760,-0.003201,-0.002396,0.999988
probe_part_paired_004,190.181000,-0.476905,0.002001,0.648880,0.002731,-0.003197,-0.002385,0.999988
probe_part_paired_004,190.191000,-0.476940,0.001986,0.649532,0.002674,-0.003198,-0.002337,0.999989
probe_part_paired_004,190.201000,-0.476977,0.002016,0.650202,0.002664,-0.003198,-0.002328,0.999989
probe_part_paired_004,190.212000,-0.477016,0.002051,0.650949,0.002646,-0.003198,-0.002317,0.999989
probe_part_paired_004,190.223000,-0.477053,0.002007,0.651690,0.002523,-0.003208,-0.002241,0.999989
probe_part_paired_004,190.234000,-0.477048,0.001971,0.652462,0.002780,-0.003578,0.002409,0.999987
probe_part_paired_004,190.245000,-0.477087,0.002013,0.653232,0.002738,-0.003579,0.002403,0.999987
probe_part_paired_004,190.256000,-0.477126,0.002049,0.654019,0.002716,-0.003581,0.002398,0.999987
probe_part_paired_004,190.266000,-0.477161,0.002077,0.654745,0.002705,-0.003582,0.002393,0.999987
probe_part_paired_004,190.276000,-0.477195,0.002104,0.655483,0.002699,-0.003584,0.002389,0.999987
probe_part_paired_004,190.287000,-0.477232,0.002129,0.656306,0.002703,-0.003587,0.002378,0.999987
probe_part_paired_004,190.298000,-0.477269,0.002152,0.657143,0.002711,-0.003590,0.002368,0.999987
probe_part_paired_004,190.309000,-0.477307,0.002146,0.657981,0.002657,-0.003593,0.002312,0.999987
probe_part_paired_004,190.319000,-0.477339,0.002165,0.658763,0.002670,-0.003596,0.002308,0.999987
probe_part_paired_004,190.329000,-0.477370,0.002184,0.659552,0.002680,-0.003599,0.002304,0.999987
probe_part_paired_004,190.340000,-0.477404,0.002203,0.660433,0.002695,-0.003601,0.002299,0.999987
probe_part_paired_004,190.350000,-0.477436,0.002200,0.661233,0.002648,-0.003606,0.002253,0.999987
probe_part_paired_004,190.361000,-0.477469,0.002220,0.662133,0.002655,-0.003609,0.002249,0.999987
probe_part_paired_004,190.371000,-0.477499,0.002220,0.662952,0.002613,-0.003613,0.002204,0.999988
probe_part_paired_004,190.381000,-0.477527,0.002240,0.663789,0.002614,-0.003616,0.002200,0.999988
probe_part_paired_004,190.391000,-0.477554,0.002256,0.664635,0.002620,-0.003619,0.002196,0.999988
probe_part_paired_004,190.401000,-0.477580,0.002272,0.665491,0.002627,-0.003622,0.002193,0.999988
probe_part_paired_004,190.411000,-0.477605,0.002287,0.666357,0.002636,-0.003624,0.002189,0.999988
probe_part_paired_004,190.421000,-0.477631,0.002289,0.667221,0.002592,-0.003628,0.002147,0.999988
probe_part_paired_004,190.431000,-0.477654,0.002304,0.668104,0.002596,-0.003630,0.002143,0.999988
probe_part_paired_004,190.441000,-0.477678,0.002309,0.668987,0.002550,-0.003634,0.002102,0.999988
probe_part_paired_004,190.451000,-0.477699,0.002325,0.669886,0.002548,-0.003635,0.002098,0.999988
probe_part_paired_004,190.461000,-0.477719,0.002338,0.670796,0.002548,-0.003638,0.002095,0.999988
probe_part_paired_004,190.471000,-0.477738,0.002349,0.671716,0.002555,-0.003639,0.002091,0.999988
probe_part_paired_004,190.481000,-0.477757,0.002351,0.672637,0.002517,-0.003643,0.002051,0.999988
probe_part_paired_004,190.492000,-0.477775,0.002363,0.673667,0.002516,-0.003644,0.002048,0.999988
probe_part_paired_004,190.502000,-0.477790,0.002372,0.674616,0.002520,-0.003645,0.002045,0.999988
probe_part_paired_004,190.512000,-0.477804,0.002380,0.675574,0.002526,-0.003644,0.002040,0.999988
probe_part_paired_004,190.523000,-0.477817,0.002388,0.676641,0.002531,-0.003641,0.002034,0.999988
probe_part_paired_004,190.534000,-0.477829,0.002396,0.677719,0.002535,-0.003639,0.002029,0.999988
probe_part_paired_004,190.545000,-0.477839,0.002403,0.678806,0.002536,-0.003636,0.002023,0.999988
probe_part_paired_004,190.556000,-0.477847,0.002413,0.679902,0.002530,-0.003634,0.002018,0.999988
probe_part_paired_004,190.567000,-0.477855,0.002416,0.680992,0.002480,-0.003646,0.001978,0.999988
probe_part_paired_004,190.578000,-0.477859,0.002428,0.682094,0.002457,-0.003645,0.001973,0.999988
probe_part_paired_004,190.589000,-0.477861,0.002439,0.683198,0.002434,-0.003643,0.001968,0.999988
probe_part_paired_004,190.599000,-0.477863,0.002438,0.684191,0.002373,-0.003657,0.001927,0.999989
probe_part_paired_004,190.610000,-0.477862,0.002447,0.685290,0.002347,-0.003657,0.001922,0.999989
probe_part_paired_004,190.621000,-0.477859,0.002444,0.686389,0.002352,-0.003657,0.001918,0.999989
probe_part_paired_004,190.631000,-0.477856,0.002427,0.687380,0.002427,-0.003657,0.001868,0.999989
probe_part_paired_004,190.641000,-0.477850,0.002431,0.688369,0.002403,-0.003656,0.001864,0.999989
probe_part_paired_004,190.651000,-0.477844,0.002424,0.689344,0.002344,-0.003670,0.001823,0.999989
probe_part_paired_004,190.661000,-0.477836,0.002407,0.690315,0.002309,-0.003683,0.001781,0.999989
probe_part_paired_004,190.672000,-0.477824,0.002400,0.691383,0.002306,-0.003681,0.001774,0.999989
probe_part_paired_004,190.683000,-0.477811,0.002391,0.692447,0.002308,-0.003678,0.001769,0.999989
probe_part_paired_004,190.694000,-0.477797,0.002376,0.693494,0.002260,-0.003691,0.001728,0.999989
probe_part_paired_004,190.705000,-0.477780,0.002363,0.694538,0.002265,-0.003688,0.001722,0.999989
probe_part_paired_004,190.715000,-0.477765,0.002342,0.695475,0.002232,-0.003699,0.001683,0.999989
probe_part_paired_004,190.726000,-0.477745,0.002333,0.696500,0.002221,-0.003697,0.001677,0.999989
probe_part_paired_004,190.737000,-0.477724,0.002317,0.697519,0.002223,-0.003694,0.001671,0.999989
probe_part_paired_004,190.748000,-0.477701,0.002303,0.698529,0.002217,-0.003689,0.001662,0.999989
probe_part_paired_004,190.759000,-0.477677,0.002297,0.699527,0.002185,-0.003688,0.001654,0.999989
probe_part_paired_004,190.770000,-0.477652,0.002291,0.700512,0.002151,-0.003689,0.001646,0.999990
probe_part_paired_004,190.781000,-0.477626,0.002283,0.701486,0.002117,-0.003690,0.001640,0.999990
probe_part_paired_004,190.792000,-0.477598,0.002272,0.702451,0.002094,-0.003691,0.001633,0.999990
probe_part_paired_004,190.802000,-0.477572,0.002261,0.703318,0.002073,-0.003692,0.001626,0.999990
probe_part_paired_004,190.812000,-0.477547,0.002224,0.704174,0.002225,-0.003711,0.001563,0.999989
probe_part_paired_004,190.822000,-0.477519,0.002213,0.705025,0.002201,-0.003712,0.001556,0.999989
probe_part_paired_004,190.832000,-0.477490,0.002200,0.705866,0.002180,-0.003713,0.001550,0.999990
probe_part_paired_004,190.843000,-0.477461,0.002163,0.706781,0.002251,-0.003719,0.001478,0.999989
probe_part_paired_004,190.853000,-0.477433,0.002122,0.707598,0.002369,-0.003742,0.001424,0.999989
probe_part_paired_004,190.864000,-0.477398,0.002096,0.708496,0.002375,-0.003742,0.001419,0.999989
probe_part_paired_004,190.875000,-0.477363,0.002076,0.709383,0.002360,-0.003743,0.001412,0.999989
probe_part_paired_004,190.884000,-0.477336,0.002035,0.710095,0.002466,-0.003758,0.001363,0.999989
probe_part_paired_004,190.894000,-0.477302,0.002009,0.710885,0.002476,-0.003754,0.001356,0.999989
probe_part_paired_004,190.905000,-0.477264,0.001992,0.711743,0.002450,-0.003759,0.001351,0.999989
probe_part_paired_004,190.916000,-0.477228,0.001954,0.712582,0.002520,-0.003773,0.001306,0.999989
probe_part_paired_004,190.927000,-0.477189,0.001937,0.713415,0.002492,-0.003770,0.001299,0.999989
probe_part_paired_004,190.937000,-0.477154,0.001917,0.714163,0.002477,-0.003771,0.001296,0.999989
probe_part_paired_004,190.947000,-0.477117,0.001908,0.714901,0.002427,-0.003774,0.001294,0.999989
probe_part_paired_004,190.957000,-0.477084,0.001867,0.715625,0.002485,-0.003775,0.001226,0.999989
probe_part_paired_004,190.967000,-0.477046,0.001842,0.716347,0.002480,-0.003776,0.001223,0.999989
probe_part_paired_004,190.977000,-0.477009,0.001834,0.717058,0.002429,-0.003779,0.001222,0.999989
probe_part_paired_004,190.987000,-0.476974,0.001785,0.717757,0.002500,-0.003780,0.001153,0.999989
probe_part_paired_004,190.996000,-0.476940,0.001760,0.718383,0.002504,-0.003781,0.001152,0.999989
probe_part_paired_004,191.005000,-0.476906,0.001750,0.718999,0.002464,-0.003782,0.001152,0.999989
probe_part_paired_004,191.014000,-0.476871,0.001748,0.719602,0.002400,-0.003784,0.001151,0.999989
probe_part_paired_004,191.024000,-0.476836,0.001706,0.720265,0.002462,-0.003782,0.001074,0.999989
probe_part_paired_004,191.034000,-0.476797,0.001674,0.720926,0.002476,-0.003783,0.001072,0.999989
probe_part_paired_004,191.045000,-0.476754,0.001659,0.721644,0.002432,-0.003785,0.001072,0.999989
probe_part_paired_004,191.056000,-0.476710,0.001657,0.722345,0.002349,-0.003788,0.001071,0.999989
probe_part_paired_004,191.067000,-0.476667,0.001661,0.723030,0.002249,-0.003789,0.001068,0.999990
probe_part_paired_004,191.078000,-0.476624,0.001659,0.723702,0.002165,-0.003791,0.001064,0.999990
probe_part_paired_004,191.089000,-0.476580,0.001649,0.724365,0.002108,-0.003792,0.001060,0.999990
probe_part_paired_004,191.099000,-0.476541,0.001641,0.724961,0.002053,-0.003793,0.001056,0.999990
probe_part_paired_004,191.109000,-0.476501,0.001623,0.725549,0.002025,-0.003794,0.001053,0.999990
probe_part_paired_004,191.119000,-0.476466,0.001565,0.726131,0.002175,-0.003814,0.000957,0.999990
probe_part_paired_004,191.129000,-0.476426,0.001562,0.726701,0.002101,-0.003816,0.000954,0.999990
probe_part_paired_004,191.140000,-0.476383,0.001566,0.727312,0.002002,-0.003817,0.000950,0.999990
probe_part_paired_004,191.150000,-0.476348,0.001502,0.727857,0.002171,-0.003839,0.000845,0.999990
probe_part_paired_004,191.161000,-0.476305,0.001472,0.728460,0.002174,-0.003841,0.000844,0.999990
probe_part_paired_004,191.172000,-0.476263,0.001465,0.729048,0.002106,-0.003842,0.000843,0.999990
probe_part_paired_004,191.183000,-0.476220,0.001465,0.729619,0.002018,-0.003843,0.000839,0.999990
probe_part_paired_004,191.194000,-0.476178,0.001470,0.730175,0.001917,-0.003844,0.000836,0.999990
probe_part_paired_004,191.205000,-0.476136,0.001479,0.730718,0.001805,-0.003845,0.000833,0.999991
probe_part_paired_004,191.216000,-0.476095,0.001479,0.731248,0.001723,-0.003847,0.000829,0.999991
probe_part_paired_004,191.227000,-0.476054,0.001473,0.731773,0.001656,-0.003848,0.000826,0.999991
probe_part_paired_004,191.238000,-0.476013,0.001463,0.732289,0.001600,-0.003849,0.000823,0.999991
probe_part_paired_004,191.249000,-0.475973,0.001444,0.732795,0.001574,-0.003850,0.000820,0.999991
probe_part_paired_004,191.260000,-0.475938,0.001374,0.733292,0.001790,-0.003870,0.000717,0.999991
probe_part_paired_004,191.271000,-0.475898,0.001354,0.733786,0.001770,-0.003871,0.000713,0.999991
probe_part_paired_004,191.282000,-0.475859,0.001351,0.734262,0.001699,-0.003872,0.000710,0.999991
probe_part_paired_004,191.293000,-0.475826,0.001253,0.734733,0.001979,-0.003890,0.000607,0.999990
probe_part_paired_004,191.304000,-0.475788,0.001240,0.735195,0.001939,-0.003891,0.000606,0.999990
probe_part_paired_004,191.315000,-0.475751,0.001235,0.735638,0.001878,-0.003892,0.000604,0.999990
probe_part_paired_004,191.326000,-0.475714,0.001239,0.736066,0.001790,-0.003893,0.000601,0.999991
probe_part_paired_004,191.337000,-0.475678,0.001248,0.736479,0.001690,-0.003894,0.000598,0.999991
probe_part_paired_004,191.348000,-0.475643,0.001259,0.736879,0.001585,-0.003895,0.000594,0.999991
probe_part_paired_004,191.358000,-0.475612,0.001270,0.737232,0.001490,-0.003896,0.000592,0.999991
probe_part_paired_004,191.368000,-0.475581,0.001279,0.737576,0.001398,-0.003896,0.000589,0.999991
probe_part_paired_004,191.379000,-0.475548,0.001289,0.737944,0.001301,-0.003897,0.000587,0.999991
probe_part_paired_004,191.389000,-0.475522,0.001218,0.738272,0.001551,-0.003913,0.000493,0.999991
probe_part_paired_004,191.400000,-0.475490,0.001212,0.738634,0.001505,-0.003914,0.000490,0.999991
probe_part_paired_004,191.411000,-0.475459,0.001212,0.738979,0.001440,-0.003915,0.000487,0.999991
probe_part_paired_004,191.421000,-0.475436,0.001146,0.739281,0.001675,-0.003935,0.000387,0.999991
probe_part_paired_004,191.432000,-0.475406,0.001108,0.739620,0.001730,-0.003935,0.000386,0.999991
probe_part_paired_004,191.442000,-0.475380,0.001100,0.739914,0.001699,-0.003936,0.000385,0.999991
probe_part_paired_004,191.452000,-0.475354,0.001102,0.740192,0.001644,-0.003937,0.000383,0.999991
probe_part_paired_004,191.462000,-0.475330,0.001108,0.740457,0.001576,-0.003937,0.000381,0.999991
probe_part_paired_004,191.472000,-0.475307,0.000940,0.740729,0.002163,-0.003910,0.000363,0.999990
probe_part_paired_004,191.483000,-0.475279,0.000833,0.741025,0.002419,-0.003856,0.000439,0.999990
probe_part_paired_004,191.493000,-0.475256,0.000795,0.741287,0.002482,-0.003856,0.000437,0.999989
probe_part_paired_004,191.504000,-0.475232,0.000750,0.741561,0.002564,-0.003856,0.000435,0.999989
probe_part_paired_004,191.515000,-0.475210,0.000712,0.741822,0.002628,-0.003857,0.000435,0.999989
probe_part_paired_004,191.525000,-0.475185,0.000588,0.742041,0.002866,-0.003736,0.000547,0.999989
probe_part_paired_004,191.535000,-0.475164,0.000530,0.742251,0.002911,-0.003674,0.000576,0.999989
probe_part_paired_004,191.545000,-0.475145,0.000483,0.742447,0.002898,-0.003660,0.000610,0.999989
probe_part_paired_004,191.556000,-0.475125,0.000464,0.742659,0.002912,-0.003660,0.000607,0.999989
probe_part_paired_004,191.567000,-0.475107,0.000445,0.742858,0.002925,-0.003660,0.000602,0.999989
probe_part_paired_004,191.577000,-0.475091,0.000432,0.743028,0.002930,-0.003661,0.000598,0.999989
probe_part_paired_004,191.588000,-0.475077,0.000396,0.743196,0.002883,-0.003663,0.000550,0.999989
probe_part_paired_004,191.599000,-0.475061,0.000384,0.743360,0.002884,-0.003663,0.000545,0.999989
probe_part_paired_004,191.609000,-0.475048,0.000375,0.743499,0.002880,-0.003663,0.000540,0.999989
probe_part_paired_004,191.619000,-0.475038,0.000347,0.743621,0.002830,-0.003666,0.000494,0.999989
probe_part_paired_004,191.630000,-0.475025,0.000340,0.743752,0.002823,-0.003667,0.000489,0.999989
probe_part_paired_004,191.640000,-0.475016,0.000314,0.743854,0.002781,-0.003670,0.000444,0.999989
probe_part_paired_004,191.650000,-0.475007,0.000308,0.743955,0.002779,-0.003671,0.000438,0.999989
probe_part_paired_004,191.661000,-0.474997,0.000302,0.744056,0.002774,-0.003671,0.000433,0.999989
probe_part_paired_004,191.672000,-0.474989,0.000299,0.744146,0.002767,-0.003671,0.000428,0.999989
probe_part_paired_004,191.683000,-0.474981,0.000299,0.744224,0.002753,-0.003671,0.000423,0.999989
probe_part_paired_004,191.694000,-0.474975,0.000302,0.744290,0.002730,-0.003672,0.000414,0.999989
probe_part_paired_004,191.705000,-0.474970,0.000310,0.744344,0.002699,-0.003672,0.000403,0.999990
probe_part_paired_004,191.716000,-0.474965,0.000320,0.744389,0.002660,-0.003672,0.000391,0.999990
probe_part_paired_004,191.727000,-0.474961,0.000335,0.744424,0.002613,-0.003673,0.000378,0.999990
probe_part_paired_004,191.738000,-0.474958,0.000352,0.744451,0.002560,-0.003672,0.000366,0.999990
probe_part_paired_004,191.748000,-0.474956,0.000371,0.744470,0.002504,-0.003672,0.000355,0.999990
probe_part_paired_004,191.758000,-0.474953,0.000342,0.744484,0.002673,-0.003622,0.000392,0.999990
probe_part_paired_004,191.769000,-0.474953,0.000358,0.744471,0.002638,-0.003623,0.000379,0.999990
probe_part_paired_004,191.779000,-0.474952,0.000377,0.744459,0.002596,-0.003623,0.000368,0.999990
probe_part_paired_004,191.789000,-0.474948,0.000401,0.744447,0.002548,-0.003623,0.000358,0.999990
probe_part_paired_004,191.799000,-0.474942,0.000432,0.744434,0.002493,-0.003623,0.000347,0.999990
probe_part_paired_004,191.810000,-0.474930,0.000473,0.744421,0.002426,-0.003624,0.000336,0.999990
probe_part_paired_004,191.820000,-0.474915,0.000518,0.744409,0.002360,-0.003624,0.000326,0.999991
probe_part_paired_004,191.830000,-0.474895,0.000571,0.744397,0.002289,-0.003624,0.000317,0.999991
probe_part_paired_004,191.841000,-0.474870,0.000564,0.744386,0.002544,-0.003717,0.000206,0.999990
probe_part_paired_004,191.851000,-0.474839,0.000615,0.744384,0.002518,-0.003717,0.000198,0.999990
probe_part_paired_004,191.862000,-0.474799,0.000685,0.744380,0.002474,-0.003718,0.000190,0.999990
probe_part_paired_004,191.873000,-0.474752,0.000769,0.744374,0.002416,-0.003718,0.000183,0.999990
probe_part_paired_004,191.884000,-0.474698,0.000865,0.744366,0.002347,-0.003718,0.000175,0.999990
probe_part_paired_004,191.895000,-0.474635,0.000976,0.744357,0.002270,-0.003718,0.000168,0.999990
probe_part_paired_004,191.905000,-0.474572,0.001087,0.744347,0.002194,-0.003718,0.000162,0.999991
probe_part_paired_004,191.916000,-0.474426,0.001290,0.744396,0.005452,-0.002994,-0.003931,0.999973
probe_part_paired_004,191.927000,-0.474341,0.001451,0.744370,0.005309,-0.002989,-0.003915,0.999974
probe_part_paired_004,191.938000,-0.474255,0.001603,0.744354,0.005226,-0.003000,-0.003751,0.999975
probe_part_paired_004,191.948000,-0.474164,0.001756,0.744342,0.005129,-0.002998,-0.003742,0.999975
probe_part_paired_004,191.959000,-0.474052,0.001871,0.744323,0.004924,-0.003003,-0.003701,0.999977
probe_part_paired_004,191.969000,-0.473945,0.002016,0.744323,0.004910,-0.003003,-0.003690,0.999977
probe_part_paired_004,191.980000,-0.473817,0.002140,0.744315,0.004739,-0.003008,-0.003651,0.999978
probe_part_paired_004,191.990000,-0.473627,0.002142,0.744320,0.004891,-0.003160,0.001997,0.999981
probe_part_paired_004,192.000000,-0.473499,0.002319,0.744318,0.004864,-0.003159,0.001997,0.999981
probe_part_paired_004,192.010000,-0.473363,0.002499,0.744318,0.004849,-0.003159,0.001996,0.999981
probe_part_paired_004,192.020000,-0.473220,0.002686,0.744321,0.004845,-0.003159,0.001995,0.999981
probe_part_paired_004,192.031000,-0.473056,0.002894,0.744327,0.004862,-0.003155,0.001993,0.999981
probe_part_paired_004,192.041000,-0.472897,0.003095,0.744335,0.004876,-0.003152,0.001991,0.999981
probe_part_paired_004,192.051000,-0.472733,0.003304,0.744343,0.004889,-0.003149,0.001989,0.999981
probe_part_paired_004,192.061000,-0.472560,0.003523,0.744352,0.004902,-0.003146,0.001986,0.999981
probe_part_paired_004,192.071000,-0.472381,0.003751,0.744360,0.004916,-0.003143,0.001983,0.999981
probe_part_paired_004,192.081000,-0.472194,0.003987,0.744369,0.004931,-0.003140,0.001979,0.999981
probe_part_paired_004,192.091000,-0.472000,0.004233,0.744379,0.004947,-0.003137,0.001976,0.999981
probe_part_paired_004,192.102000,-0.471778,0.004513,0.744389,0.004964,-0.003134,0.001971,0.999981
probe_part_paired_004,192.112000,-0.471568,0.004777,0.744399,0.004980,-0.003130,0.001967,0.999981
probe_part_paired_004,192.123000,-0.471329,0.005078,0.744410,0.004998,-0.003126,0.001961,0.999981
probe_part_paired_004,192.133000,-0.471106,0.005322,0.744411,0.004885,-0.003145,0.001906,0.999981
probe_part_paired_004,192.143000,-0.470874,0.005619,0.744421,0.004887,-0.003142,0.001902,0.999981
probe_part_paired_004,192.153000,-0.470635,0.005887,0.744421,0.004785,-0.003160,0.001848,0.999982
probe_part_paired_004,192.163000,-0.470388,0.006206,0.744430,0.004778,-0.003156,0.001843,0.999982
probe_part_paired_004,192.173000,-0.470133,0.006531,0.744439,0.004779,-0.003153,0.001838,0.999982
probe_part_paired_004,192.183000,-0.469871,0.006866,0.744448,0.004779,-0.003150,0.001833,0.999982
probe_part_paired_004,192.194000,-0.469573,0.007244,0.744457,0.004779,-0.003146,0.001827,0.999982
probe_part_paired_004,192.203000,-0.469325,0.007527,0.744456,0.004682,-0.003163,0.001777,0.999982
probe_part_paired_004,192.213000,-0.469040,0.007895,0.744465,0.004661,-0.003160,0.001773,0.999983
probe_part_paired_004,192.223000,-0.468747,0.008279,0.744471,0.004624,-0.003158,0.001769,0.999983
probe_part_paired_004,192.231000,-0.468507,0.008579,0.744476,0.004632,-0.003155,0.001763,0.999983
probe_part_paired_004,192.239000,-0.468263,0.008888,0.744484,0.004633,-0.003152,0.001759,0.999983
probe_part_paired_004,192.248000,-0.467982,0.009241,0.744492,0.004634,-0.003149,0.001756,0.999983
probe_part_paired_004,192.258000,-0.467662,0.009644,0.744502,0.004634,-0.003148,0.001754,0.999983
probe_part_paired_004,192.268000,-0.467338,0.010034,0.744503,0.004459,-0.003176,0.001678,0.999984
probe_part_paired_004,192.278000,-0.467003,0.010455,0.744510,0.004456,-0.003172,0.001672,0.999984
probe_part_paired_004,192.289000,-0.466626,0.010927,0.744521,0.004459,-0.003170,0.001669,0.999984
probe_part_paired_004,192.298000,-0.466313,0.011264,0.744512,0.004287,-0.003204,0.001581,0.999984
probe_part_paired_004,192.308000,-0.465956,0.011692,0.744512,0.004197,-0.003220,0.001533,0.999985
probe_part_paired_004,192.318000,-0.465593,0.012130,0.744512,0.004116,-0.003239,0.001483,0.999985
probe_part_paired_004,192.328000,-0.465218,0.012600,0.744520,0.004102,-0.003243,0.001477,0.999985
probe_part_paired_004,192.338000,-0.464838,0.013055,0.744520,0.004025,-0.003263,0.001427,0.999986
probe_part_paired_004,192.348000,-0.464448,0.013541,0.744528,0.004014,-0.003265,0.001421,0.999986
probe_part_paired_004,192.358000,-0.464050,0.014036,0.744537,0.004001,-0.003268,0.001416,0.999986
probe_part_paired_004,192.367000,-0.463688,0.014466,0.744537,0.003931,-0.003288,0.001365,0.999986
probe_part_paired_004,192.377000,-0.463274,0.014974,0.744547,0.003927,-0.003289,0.001359,0.999986
probe_part_paired_004,192.387000,-0.462853,0.015495,0.744557,0.003913,-0.003292,0.001354,0.999986
probe_part_paired_004,192.397000,-0.462424,0.016025,0.744567,0.003896,-0.003293,0.001349,0.999986
probe_part_paired_004,192.407000,-0.461989,0.016542,0.744568,0.003821,-0.003309,0.001299,0.999986
probe_part_paired_004,192.417000,-0.461546,0.017069,0.744568,0.003750,-0.003312,0.001252,0.999987
probe_part_paired_004,192.427000,-0.461093,0.017622,0.744578,0.003744,-0.003312,0.001246,0.999987
probe_part_paired_004,192.437000,-0.460631,0.018180,0.744589,0.003740,-0.003313,0.001240,0.999987
probe_part_paired_004,192.446000,-0.460211,0.018675,0.744591,0.003680,-0.003316,0.001195,0.999987
probe_part_paired_004,192.453000,-0.459878,0.019077,0.744599,0.003677,-0.003316,0.001191,0.999987
probe_part_paired_004,192.461000,-0.459492,0.019542,0.744608,0.003675,-0.003317,0.001186,0.999987
probe_part_paired_004,192.470000,-0.459052,0.020071,0.744619,0.003672,-0.003318,0.001181,0.999987
probe_part_paired_004,192.473000,-0.458904,0.020248,0.744623,0.003670,-0.003318,0.001180,0.999987
probe_part_paired_004,192.479000,-0.458605,0.020608,0.744630,0.003663,-0.003318,0.001177,0.999987
probe_part_paired_004,192.488000,-0.458153,0.021137,0.744632,0.003596,-0.003320,0.001132,0.999987
probe_part_paired_004,192.498000,-0.457641,0.021751,0.744642,0.003584,-0.003321,0.001126,0.999987
probe_part_paired_004,192.508000,-0.457121,0.022374,0.744654,0.003570,-0.003321,0.001120,0.999987
probe_part_paired_004,192.518000,-0.456594,0.022988,0.744657,0.003506,-0.003324,0.001074,0.999988
probe_part_paired_004,192.528000,-0.456057,0.023626,0.744667,0.003493,-0.003325,0.001068,0.999988
probe_part_paired_004,192.538000,-0.455510,0.024274,0.744679,0.003478,-0.003325,0.001062,0.999988
probe_part_paired_004,192.548000,-0.454956,0.024929,0.744691,0.003466,-0.003326,0.001056,0.999988
probe_part_paired_004,192.558000,-0.454393,0.025594,0.744703,0.003452,-0.003324,0.001050,0.999988
probe_part_paired_004,192.568000,-0.453821,0.026261,0.744717,0.003457,-0.003321,0.001044,0.999988
probe_part_paired_004,192.578000,-0.453241,0.026937,0.744732,0.003458,-0.003317,0.001039,0.999988
probe_part_paired_004,192.588000,-0.452654,0.027606,0.744737,0.003398,-0.003331,0.000993,0.999988
probe_part_paired_004,192.598000,-0.452056,0.028306,0.744749,0.003375,-0.003328,0.000989,0.999988
probe_part_paired_004,192.608000,-0.451449,0.029004,0.744763,0.003383,-0.003324,0.000983,0.999988
probe_part_paired_004,192.618000,-0.450834,0.029713,0.744778,0.003382,-0.003320,0.000978,0.999988
probe_part_paired_004,192.628000,-0.450211,0.030418,0.744784,0.003317,-0.003334,0.000934,0.999989
probe_part_paired_004,192.638000,-0.449578,0.031145,0.744797,0.003312,-0.003330,0.000929,0.999989
probe_part_paired_004,192.648000,-0.448936,0.031876,0.744812,0.003315,-0.003326,0.000923,0.999989
probe_part_paired_004,192.657000,-0.448351,0.032542,0.744826,0.003316,-0.003323,0.000918,0.999989
probe_part_paired_004,192.667000,-0.447693,0.033277,0.744833,0.003258,-0.003335,0.000878,0.999989
probe_part_paired_004,192.677000,-0.447025,0.034036,0.744846,0.003245,-0.003331,0.000873,0.999989
probe_part_paired_004,192.687000,-0.446347,0.034796,0.744861,0.003251,-0.003328,0.000867,0.999989
probe_part_paired_004,192.697000,-0.445661,0.035566,0.744878,0.003252,-0.003325,0.000863,0.999989
probe_part_paired_004,192.707000,-0.444965,0.036346,0.744895,0.003249,-0.003324,0.000862,0.999989
probe_part_paired_004,192.717000,-0.444260,0.037133,0.744911,0.003242,-0.003323,0.000861,0.999989
probe_part_paired_004,192.726000,-0.443620,0.037834,0.744917,0.003145,-0.003345,0.000799,0.999989
probe_part_paired_004,192.736000,-0.442898,0.038627,0.744921,0.003080,-0.003355,0.000761,0.999989
probe_part_paired_004,192.746000,-0.442167,0.039429,0.744937,0.003092,-0.003351,0.000756,0.999989
probe_part_paired_004,192.756000,-0.441425,0.040244,0.744954,0.003090,-0.003350,0.000754,0.999989
probe_part_paired_004,192.766000,-0.440676,0.041058,0.744964,0.002987,-0.003373,0.000696,0.999990
probe_part_paired_004,192.776000,-0.439916,0.041878,0.744969,0.002937,-0.003383,0.000657,0.999990
probe_part_paired_004,192.786000,-0.439148,0.042717,0.744971,0.002852,-0.003401,0.000612,0.999990
probe_part_paired_004,192.796000,-0.438368,0.043570,0.744981,0.002816,-0.003401,0.000606,0.999990
probe_part_paired_004,192.806000,-0.437579,0.044411,0.744997,0.002839,-0.003397,0.000600,0.999990
probe_part_paired_004,192.816000,-0.436780,0.045264,0.745017,0.002848,-0.003394,0.000595,0.999990
probe_part_paired_004,192.826000,-0.435973,0.046110,0.745027,0.002822,-0.003405,0.000556,0.999990
probe_part_paired_004,192.837000,-0.435072,0.047066,0.745048,0.002827,-0.003402,0.000551,0.999990
probe_part_paired_004,192.848000,-0.434159,0.048031,0.745070,0.002830,-0.003400,0.000548,0.999990
probe_part_paired_004,192.858000,-0.433321,0.048909,0.745082,0.002742,-0.003421,0.000493,0.999990
probe_part_paired_004,192.868000,-0.432472,0.049787,0.745092,0.002722,-0.003431,0.000456,0.999990
probe_part_paired_004,192.878000,-0.431612,0.050683,0.745109,0.002730,-0.003429,0.000450,0.999990
probe_part_paired_004,192.888000,-0.430741,0.051588,0.745128,0.002732,-0.003427,0.000447,0.999990
probe_part_paired_004,192.898000,-0.429862,0.052492,0.745139,0.002698,-0.003435,0.000414,0.999990
probe_part_paired_004,192.908000,-0.428972,0.053409,0.745157,0.002703,-0.003433,0.000410,0.999990
probe_part_paired_004,192.918000,-0.428073,0.054329,0.745169,0.002630,-0.003453,0.000356,0.999991
probe_part_paired_004,192.928000,-0.427162,0.055258,0.745187,0.002637,-0.003451,0.000351,0.999991
probe_part_paired_004,192.938000,-0.426241,0.056197,0.745207,0.002632,-0.003450,0.000350,0.999991
probe_part_paired_004,192.947000,-0.425404,0.057047,0.745225,0.002628,-0.003449,0.000349,0.999991
probe_part_paired_004,192.958000,-0.424368,0.058093,0.745247,0.002628,-0.003448,0.000348,0.999991
probe_part_paired_004,192.968000,-0.423419,0.059041,0.745257,0.002484,-0.003491,0.000245,0.999991
probe_part_paired_004,192.978000,-0.422456,0.059997,0.745271,0.002505,-0.003489,0.000240,0.999991
probe_part_paired_004,192.988000,-0.421483,0.060964,0.745291,0.002508,-0.003489,0.000238,0.999991
probe_part_paired_004,192.998000,-0.420499,0.061939,0.745312,0.002508,-0.003488,0.000237,0.999991
probe_part_paired_004,193.008000,-0.419504,0.062920,0.745333,0.002507,-0.003487,0.000236,0.999991
probe_part_paired_004,193.018000,-0.418501,0.063900,0.745347,0.002442,-0.003510,0.000184,0.999991
probe_part_paired_004,193.028000,-0.417486,0.064889,0.745363,0.002381,-0.003531,0.000134,0.999991
probe_part_paired_004,193.039000,-0.416357,0.065981,0.745383,0.002396,-0.003531,0.000133,0.999991
probe_part_paired_004,193.049000,-0.415317,0.066985,0.745404,0.002398,-0.003530,0.000132,0.999991
probe_part_paired_004,193.059000,-0.414270,0.068006,0.745408,0.002241,-0.003555,0.000086,0.999991
probe_part_paired_004,193.069000,-0.413209,0.069050,0.745416,0.002148,-0.003556,0.000091,0.999991
probe_part_paired_004,193.079000,-0.412137,0.070054,0.745424,0.002106,-0.003557,0.000090,0.999991
probe_part_paired_004,193.089000,-0.411055,0.071099,0.745438,0.002043,-0.003558,0.000095,0.999992
probe_part_paired_004,193.099000,-0.409961,0.072125,0.745445,0.001984,-0.003561,0.000084,0.999992
probe_part_paired_004,193.110000,-0.408745,0.073285,0.745461,0.001914,-0.003561,0.000088,0.999992
probe_part_paired_004,193.121000,-0.407515,0.074454,0.745475,0.001839,-0.003561,0.000090,0.999992
probe_part_paired_004,193.132000,-0.406272,0.075631,0.745490,0.001760,-0.003561,0.000094,0.999992
probe_part_paired_004,193.142000,-0.405130,0.076708,0.745502,0.001685,-0.003561,0.000096,0.999992
probe_part_paired_004,193.153000,-0.403860,0.077899,0.745515,0.001597,-0.003561,0.000099,0.999992
probe_part_paired_004,193.164000,-0.402576,0.079099,0.745527,0.001506,-0.003561,0.000103,0.999993
probe_part_paired_004,193.175000,-0.401278,0.080305,0.745539,0.001411,-0.003561,0.000106,0.999993
probe_part_paired_004,193.185000,-0.400087,0.081406,0.745549,0.001327,-0.003561,0.000109,0.999993
probe_part_paired_004,193.196000,-0.398762,0.082622,0.745561,0.001239,-0.003562,0.000109,0.999993
probe_part_paired_004,193.207000,-0.397424,0.083839,0.745573,0.001155,-0.003562,0.000110,0.999993
probe_part_paired_004,193.218000,-0.396071,0.085061,0.745587,0.001078,-0.003562,0.000110,0.999993
probe_part_paired_004,193.228000,-0.394829,0.086173,0.745600,0.001013,-0.003562,0.000110,0.999993
probe_part_paired_004,193.238000,-0.393442,0.087276,0.745673,0.004093,-0.002005,-0.003250,0.999984
probe_part_paired_004,193.249000,-0.392123,0.088639,0.745632,0.004623,-0.005841,-0.002393,0.999969
probe_part_paired_004,193.260000,-0.390714,0.089885,0.745628,0.004526,-0.005841,-0.002391,0.999970
probe_part_paired_004,193.270000,-0.389419,0.090894,0.745622,0.004288,-0.005854,-0.002315,0.999971
probe_part_paired_004,193.281000,-0.387917,0.092017,0.745662,0.004552,-0.006022,0.003151,0.999967
probe_part_paired_004,193.291000,-0.386600,0.093127,0.745680,0.004569,-0.006017,0.003143,0.999967
probe_part_paired_004,193.301000,-0.385268,0.094247,0.745705,0.004570,-0.006014,0.003136,0.999967
probe_part_paired_004,193.310000,-0.384060,0.095258,0.745728,0.004568,-0.006011,0.003130,0.999967
probe_part_paired_004,193.319000,-0.382842,0.096271,0.745752,0.004567,-0.006008,0.003124,0.999967
probe_part_paired_004,193.328000,-0.381614,0.097288,0.745776,0.004565,-0.006005,0.003118,0.999967
probe_part_paired_004,193.337000,-0.380377,0.098306,0.745801,0.004564,-0.006002,0.003112,0.999967
probe_part_paired_004,193.346000,-0.379132,0.099325,0.745825,0.004563,-0.005998,0.003106,0.999967
probe_part_paired_004,193.356000,-0.377739,0.100458,0.745852,0.004563,-0.005995,0.003099,0.999967
probe_part_paired_004,193.367000,-0.376196,0.101704,0.745883,0.004564,-0.005991,0.003092,0.999967
probe_part_paired_004,193.378000,-0.374643,0.102949,0.745913,0.004566,-0.005988,0.003085,0.999967
probe_part_paired_004,193.389000,-0.373081,0.104192,0.745944,0.004571,-0.005984,0.003079,0.999967
probe_part_paired_004,193.400000,-0.371511,0.105432,0.745976,0.004578,-0.005980,0.003072,0.999967
probe_part_paired_004,193.411000,-0.369933,0.106669,0.746007,0.004587,-0.005976,0.003065,0.999967
probe_part_paired_004,193.422000,-0.368349,0.107902,0.746039,0.004596,-0.005972,0.003058,0.999967
probe_part_paired_004,193.433000,-0.366757,0.109131,0.746071,0.004607,-0.005968,0.003052,0.999967
probe_part_paired_004,193.444000,-0.365160,0.110356,0.746104,0.004619,-0.005965,0.003045,0.999967
probe_part_paired_004,193.455000,-0.363556,0.111576,0.746136,0.004633,-0.005962,0.003042,0.999967
probe_part_paired_004,193.466000,-0.361947,0.112794,0.746169,0.004639,-0.005961,0.003039,0.999967
probe_part_paired_004,193.477000,-0.360333,0.114016,0.746200,0.004621,-0.005960,0.003037,0.999967
probe_part_paired_004,193.488000,-0.358714,0.115236,0.746227,0.004593,-0.005960,0.003036,0.999967
probe_part_paired_004,193.497000,-0.357385,0.116228,0.746250,0.004574,-0.005960,0.003034,0.999967
probe_part_paired_004,193.507000,-0.355905,0.117335,0.746273,0.004530,-0.005961,0.003032,0.999967
probe_part_paired_004,193.516000,-0.354569,0.118339,0.746292,0.004454,-0.005963,0.003031,0.999968
probe_part_paired_004,193.525000,-0.353231,0.119348,0.746305,0.004354,-0.005966,0.003028,0.999968
probe_part_paired_004,193.535000,-0.351740,0.120443,0.746320,0.004309,-0.005968,0.003024,0.999968
probe_part_paired_004,193.543000,-0.350550,0.121249,0.746334,0.004458,-0.005956,0.002916,0.999968
probe_part_paired_004,193.553000,-0.349053,0.122330,0.746362,0.004436,-0.005957,0.002915,0.999968
probe_part_paired_004,193.564000,-0.347402,0.123525,0.746388,0.004371,-0.005959,0.002913,0.999968
probe_part_paired_004,193.575000,-0.345746,0.124732,0.746407,0.004256,-0.005961,0.002911,0.999969
probe_part_paired_004,193.586000,-0.344087,0.125934,0.746420,0.004138,-0.005964,0.002907,0.999969
probe_part_paired_004,193.597000,-0.342423,0.127099,0.746438,0.004116,-0.005967,0.002902,0.999970
probe_part_paired_004,193.608000,-0.340760,0.128191,0.746465,0.004330,-0.005980,0.002797,0.999969
probe_part_paired_004,193.619000,-0.339088,0.129357,0.746495,0.004272,-0.005982,0.002795,0.999969
probe_part_paired_004,193.629000,-0.337570,0.130357,0.746514,0.004421,-0.005989,0.002695,0.999969
probe_part_paired_004,193.639000,-0.336044,0.131385,0.746543,0.004435,-0.005991,0.002693,0.999969
probe_part_paired_004,193.649000,-0.334514,0.132411,0.746572,0.004440,-0.005991,0.002692,0.999969
probe_part_paired_004,193.659000,-0.332982,0.133441,0.746599,0.004418,-0.005992,0.002690,0.999969
probe_part_paired_004,193.669000,-0.331446,0.134481,0.746622,0.004352,-0.005994,0.002689,0.999969
probe_part_paired_004,193.680000,-0.329753,0.135637,0.746640,0.004229,-0.005996,0.002687,0.999969
probe_part_paired_004,193.691000,-0.328056,0.136784,0.746652,0.004116,-0.005999,0.002683,0.999970
probe_part_paired_004,193.702000,-0.326355,0.137889,0.746671,0.004112,-0.006002,0.002678,0.999970
probe_part_paired_004,193.713000,-0.324651,0.138980,0.746699,0.004129,-0.006005,0.002672,0.999970
probe_part_paired_004,193.723000,-0.323102,0.139912,0.746727,0.004360,-0.006028,0.002570,0.999969
probe_part_paired_004,193.734000,-0.321391,0.141023,0.746758,0.004289,-0.006031,0.002568,0.999969
probe_part_paired_004,193.745000,-0.319676,0.142138,0.746778,0.004181,-0.006035,0.002564,0.999970
probe_part_paired_004,193.756000,-0.317957,0.143217,0.746797,0.004169,-0.006038,0.002560,0.999970
probe_part_paired_004,193.767000,-0.316235,0.144278,0.746826,0.004189,-0.006041,0.002554,0.999970
probe_part_paired_004,193.778000,-0.314509,0.145336,0.746856,0.004200,-0.006048,0.002548,0.999970
probe_part_paired_004,193.789000,-0.312779,0.146388,0.746887,0.004213,-0.006056,0.002542,0.999970
probe_part_paired_004,193.800000,-0.311045,0.147435,0.746918,0.004221,-0.006069,0.002537,0.999969
probe_part_paired_004,193.811000,-0.309309,0.148487,0.746949,0.004199,-0.006073,0.002532,0.999970
probe_part_paired_004,193.822000,-0.307569,0.149574,0.746968,0.004059,-0.006074,0.002527,0.999970
probe_part_paired_004,193.833000,-0.305826,0.150638,0.746980,0.003969,-0.006077,0.002523,0.999970
probe_part_paired_004,193.844000,-0.304079,0.151663,0.747001,0.003973,-0.006077,0.002519,0.999970
probe_part_paired_004,193.855000,-0.302329,0.152677,0.747029,0.003995,-0.006079,0.002514,0.999970
probe_part_paired_004,193.866000,-0.300575,0.153682,0.747062,0.004027,-0.006089,0.002507,0.999970
probe_part_paired_004,193.877000,-0.299081,0.154698,0.747191,0.004048,0.000622,0.002440,0.999989
probe_part_paired_004,193.888000,-0.298109,0.155733,0.747525,0.003970,0.020965,0.002262,0.999770
probe_part_paired_004,193.897000,-0.296890,0.156462,0.747636,0.004597,0.026575,0.001964,0.999634
probe_part_paired_004,193.907000,-0.295284,0.157417,0.747653,0.004436,0.026566,0.001955,0.999635
probe_part_paired_004,193.918000,-0.293514,0.158487,0.747656,0.004180,0.026557,0.001942,0.999637
probe_part_paired_004,193.928000,-0.291903,0.159463,0.747647,0.003921,0.026554,0.001930,0.999638
probe_part_paired_004,193.937000,-0.290450,0.160309,0.747642,0.003774,0.026553,0.001922,0.999638
probe_part_paired_004,193.946000,-0.289000,0.161064,0.747643,0.003954,0.026531,0.001826,0.999638
probe_part_paired_004,193.957000,-0.287219,0.162056,0.747665,0.003867,0.026525,0.001818,0.999639
probe_part_paired_004,193.967000,-0.285605,0.162834,0.747674,0.004237,0.026482,0.001629,0.999639
probe_part_paired_004,193.977000,-0.283981,0.163676,0.747711,0.004304,0.026481,0.001630,0.999639
probe_part_paired_004,193.988000,-0.282191,0.164597,0.747751,0.004371,0.026480,0.001630,0.999638
probe_part_paired_004,193.998000,-0.280561,0.165430,0.747788,0.004430,0.026480,0.001631,0.999638
probe_part_paired_004,194.008000,-0.278929,0.166263,0.747824,0.004470,0.026479,0.001631,0.999638
probe_part_paired_004,194.018000,-0.277298,0.167032,0.747860,0.004745,0.026460,0.001536,0.999637
probe_part_paired_004,194.028000,-0.275661,0.167848,0.747900,0.004809,0.026460,0.001537,0.999637
probe_part_paired_004,194.038000,-0.274021,0.168660,0.747937,0.004865,0.026459,0.001537,0.999637
probe_part_paired_004,194.049000,-0.272214,0.169554,0.747977,0.004912,0.026459,0.001537,0.999637
probe_part_paired_004,194.060000,-0.270409,0.170388,0.748015,0.005168,0.026444,0.001439,0.999636
probe_part_paired_004,194.070000,-0.268761,0.171190,0.748052,0.005210,0.026444,0.001440,0.999636
probe_part_paired_004,194.080000,-0.267116,0.171930,0.748087,0.005453,0.026445,0.001339,0.999635
probe_part_paired_004,194.090000,-0.265463,0.172727,0.748124,0.005478,0.026444,0.001339,0.999634
probe_part_paired_004,194.101000,-0.263642,0.173598,0.748160,0.005501,0.026444,0.001338,0.999634
probe_part_paired_004,194.112000,-0.261818,0.174463,0.748195,0.005522,0.026443,0.001338,0.999634
probe_part_paired_004,194.123000,-0.259991,0.175324,0.748228,0.005540,0.026443,0.001338,0.999634
probe_part_paired_004,194.133000,-0.258328,0.176102,0.748258,0.005555,0.026442,0.001338,0.999634
probe_part_paired_004,194.142000,-0.256835,0.176742,0.748284,0.005743,0.026456,0.001231,0.999633
probe_part_paired_004,194.152000,-0.255166,0.177462,0.748316,0.005804,0.026563,0.001235,0.999630
probe_part_paired_004,194.162000,-0.253496,0.178230,0.748346,0.005804,0.026563,0.001233,0.999630
probe_part_paired_004,194.173000,-0.251656,0.179071,0.748376,0.005794,0.026564,0.001232,0.999630
probe_part_paired_004,194.183000,-0.249985,0.179792,0.748395,0.005559,0.026524,0.001132,0.999632
probe_part_paired_004,194.193000,-0.248311,0.180512,0.748412,0.005346,0.026487,0.001038,0.999634
probe_part_paired_004,194.204000,-0.246464,0.181340,0.748439,0.005320,0.026487,0.001036,0.999634
probe_part_paired_004,194.214000,-0.244782,0.182082,0.748464,0.005310,0.026486,0.001034,0.999635
probe_part_paired_004,194.223000,-0.243266,0.182740,0.748487,0.005316,0.026485,0.001033,0.999635
probe_part_paired_004,194.232000,-0.241749,0.183395,0.748513,0.005321,0.026486,0.001032,0.999634
probe_part_paired_004,194.243000,-0.239892,0.184192,0.748543,0.005319,0.026487,0.001031,0.999634
probe_part_paired_004,194.254000,-0.238033,0.184982,0.748574,0.005318,0.026487,0.001029,0.999634
probe_part_paired_004,194.265000,-0.236171,0.185767,0.748604,0.005317,0.026488,0.001028,0.999634
probe_part_paired_004,194.275000,-0.234482,0.186412,0.748615,0.004921,0.026412,0.000845,0.999639
probe_part_paired_004,194.285000,-0.232787,0.187092,0.748632,0.004732,0.026379,0.000759,0.999641
probe_part_paired_004,194.296000,-0.230918,0.187861,0.748658,0.004722,0.026378,0.000758,0.999641
probe_part_paired_004,194.307000,-0.229046,0.188617,0.748687,0.004727,0.026379,0.000756,0.999641
probe_part_paired_004,194.318000,-0.227175,0.189343,0.748709,0.004570,0.026348,0.000674,0.999642
probe_part_paired_004,194.328000,-0.225469,0.190020,0.748735,0.004569,0.026349,0.000673,0.999642
probe_part_paired_004,194.338000,-0.223761,0.190692,0.748763,0.004569,0.026350,0.000672,0.999642
probe_part_paired_004,194.349000,-0.221880,0.191424,0.748793,0.004571,0.026350,0.000671,0.999642
probe_part_paired_004,194.360000,-0.219997,0.192149,0.748824,0.004574,0.026351,0.000669,0.999642
probe_part_paired_004,194.370000,-0.218282,0.192804,0.748852,0.004574,0.026352,0.000668,0.999642
probe_part_paired_004,194.381000,-0.216394,0.193520,0.748882,0.004572,0.026353,0.000667,0.999642
probe_part_paired_004,194.391000,-0.214676,0.194164,0.748910,0.004572,0.026354,0.000666,0.999642
probe_part_paired_004,194.402000,-0.212783,0.194867,0.748940,0.004571,0.026354,0.000665,0.999642
probe_part_paired_004,194.413000,-0.210891,0.195541,0.748963,0.004386,0.026315,0.000578,0.999644
probe_part_paired_004,194.424000,-0.208994,0.196232,0.748990,0.004386,0.026316,0.000577,0.999644
probe_part_paired_004,194.435000,-0.207098,0.196891,0.749012,0.004229,0.026279,0.000494,0.999646
probe_part_paired_004,194.446000,-0.205196,0.197566,0.749040,0.004233,0.026279,0.000493,0.999646
probe_part_paired_004,194.455000,-0.203639,0.198113,0.749065,0.004235,0.026280,0.000492,0.999646
probe_part_paired_004,194.464000,-0.202080,0.198657,0.749090,0.004235,0.026281,0.000491,0.999646
probe_part_paired_004,194.474000,-0.200346,0.199256,0.749117,0.004235,0.026281,0.000490,0.999646
probe_part_paired_004,194.479000,-0.199481,0.199535,0.749124,0.004073,0.026242,0.000409,0.999647
probe_part_paired_004,194.487000,-0.198094,0.199992,0.749136,0.003925,0.026206,0.000331,0.999649
probe_part_paired_004,194.496000,-0.196530,0.200516,0.749158,0.003937,0.026206,0.000330,0.999649
probe_part_paired_004,194.505000,-0.194967,0.201021,0.749175,0.003813,0.026173,0.000256,0.999650
probe_part_paired_004,194.513000,-0.193575,0.201481,0.749195,0.003817,0.026174,0.000256,0.999650
probe_part_paired_004,194.522000,-0.192009,0.201979,0.749212,0.003703,0.026144,0.000190,0.999651
probe_part_paired_004,194.532000,-0.190265,0.202545,0.749238,0.003702,0.026143,0.000197,0.999651
probe_part_paired_004,194.541000,-0.188696,0.203037,0.749256,0.003587,0.026114,0.000132,0.999653
probe_part_paired_004,194.550000,-0.187126,0.203532,0.749253,0.003267,0.026107,0.000095,0.999654
probe_part_paired_004,194.559000,-0.185552,0.204063,0.749259,0.003164,0.026106,0.000097,0.999654
probe_part_paired_004,194.569000,-0.183802,0.204616,0.749271,0.003141,0.026106,0.000102,0.999654
probe_part_paired_004,194.579000,-0.182051,0.205151,0.749294,0.003156,0.026111,0.000109,0.999654
probe_part_paired_004,194.583000,-0.181351,0.205344,0.749298,0.003068,0.026108,0.000090,0.999654
probe_part_paired_004,194.591000,-0.179949,0.205753,0.749310,0.003020,0.026100,0.000071,0.999655
probe_part_paired_004,194.601000,-0.178194,0.206295,0.749332,0.002976,0.026098,0.000074,0.999655
probe_part_paired_004,194.612000,-0.176262,0.206889,0.749354,0.002913,0.026097,0.000078,0.999655
probe_part_paired_004,194.623000,-0.174328,0.207480,0.749374,0.002839,0.026095,0.000081,0.999655
probe_part_paired_004,194.634000,-0.172392,0.208068,0.749392,0.002757,0.026094,0.000084,0.999656
probe_part_paired_004,194.644000,-0.170631,0.208597,0.749408,0.002675,0.026094,0.000084,0.999656
probe_part_paired_004,194.655000,-0.168691,0.209169,0.749424,0.002599,0.026094,0.000084,0.999656
probe_part_paired_004,194.666000,-0.166750,0.209708,0.749447,0.002604,0.026094,0.000084,0.999656
probe_part_paired_004,194.676000,-0.164983,0.210153,0.749468,0.002536,0.026107,0.000120,0.999656
probe_part_paired_004,194.686000,-0.163215,0.210645,0.749493,0.002501,0.026107,0.000120,0.999656
probe_part_paired_004,194.696000,-0.161445,0.211083,0.749510,0.002474,0.026130,0.000152,0.999655
probe_part_paired_004,194.706000,-0.159675,0.211561,0.749536,0.002449,0.026130,0.000152,0.999656
probe_part_paired_004,194.717000,-0.157726,0.212085,0.749561,0.002403,0.026130,0.000152,0.999656
probe_part_paired_004,194.728000,-0.155775,0.212606,0.749584,0.002344,0.026130,0.000152,0.999656
probe_part_paired_004,194.739000,-0.153822,0.213064,0.749603,0.002362,0.026171,0.000187,0.999655
probe_part_paired_004,194.750000,-0.151868,0.213564,0.749630,0.002329,0.026171,0.000180,0.999655
probe_part_paired_004,194.761000,-0.149913,0.214060,0.749654,0.002285,0.026170,0.000172,0.999655
probe_part_paired_004,194.771000,-0.148133,0.214450,0.749674,0.002350,0.026230,0.000212,0.999653
probe_part_paired_004,194.782000,-0.146175,0.214927,0.749701,0.002326,0.026229,0.000204,0.999653
probe_part_paired_004,194.793000,-0.144215,0.215400,0.749727,0.002294,0.026229,0.000196,0.999653
probe_part_paired_004,194.803000,-0.142432,0.215826,0.749749,0.002257,0.026228,0.000189,0.999653
probe_part_paired_004,194.812000,-0.140827,0.216207,0.749769,0.002219,0.026228,0.000182,0.999654
probe_part_paired_004,194.819000,-0.139578,0.216502,0.749783,0.002185,0.026228,0.000177,0.999654
probe_part_paired_004,194.827000,-0.138149,0.216837,0.749799,0.002144,0.026227,0.000171,0.999654
probe_part_paired_004,194.832000,-0.137254,0.216981,0.749806,0.002338,0.026290,0.000231,0.999652
probe_part_paired_004,194.841000,-0.135646,0.217338,0.749831,0.002332,0.026289,0.000225,0.999652
probe_part_paired_004,194.852000,-0.133679,0.217773,0.749859,0.002307,0.026289,0.000216,0.999652
probe_part_paired_004,194.862000,-0.131889,0.218167,0.749882,0.002273,0.026288,0.000208,0.999652
probe_part_paired_004,194.873000,-0.129918,0.218532,0.749905,0.002454,0.026348,0.000262,0.999650
probe_part_paired_004,194.883000,-0.128125,0.218857,0.749929,0.002581,0.026405,0.000303,0.999648
probe_part_paired_004,194.893000,-0.126332,0.219218,0.749960,0.002596,0.026404,0.000296,0.999648
probe_part_paired_004,194.903000,-0.124539,0.219576,0.749989,0.002596,0.026404,0.000289,0.999648
probe_part_paired_004,194.914000,-0.122564,0.219968,0.750018,0.002584,0.026404,0.000280,0.999648
probe_part_paired_004,194.924000,-0.120767,0.220277,0.750040,0.002685,0.026457,0.000315,0.999646
probe_part_paired_004,194.933000,-0.119149,0.220551,0.750059,0.002719,0.026506,0.000337,0.999645
probe_part_paired_004,194.943000,-0.117351,0.220884,0.750087,0.002727,0.026505,0.000330,0.999645
probe_part_paired_004,194.953000,-0.115554,0.221166,0.750100,0.002677,0.026516,0.000309,0.999645
probe_part_paired_004,194.963000,-0.113754,0.221488,0.750127,0.002688,0.026514,0.000305,0.999645
probe_part_paired_004,194.974000,-0.111773,0.221832,0.750158,0.002704,0.026514,0.000300,0.999645
probe_part_paired_004,194.984000,-0.109972,0.222140,0.750187,0.002717,0.026514,0.000297,0.999645
probe_part_paired_004,194.994000,-0.108171,0.222428,0.750209,0.002690,0.026508,0.000253,0.999645
probe_part_paired_004,195.002000,-0.106729,0.222667,0.750230,0.002698,0.026508,0.000250,0.999645
probe_part_paired_004,195.011000,-0.105105,0.222933,0.750255,0.002705,0.026507,0.000245,0.999645
probe_part_paired_004,195.020000,-0.103481,0.223194,0.750280,0.002710,0.026506,0.000241,0.999645
probe_part_paired_004,195.029000,-0.101856,0.223452,0.750304,0.002712,0.026506,0.000237,0.999645
probe_part_paired_004,195.039000,-0.100050,0.223735,0.750331,0.002708,0.026505,0.000232,0.999645
probe_part_paired_004,195.049000,-0.098243,0.224015,0.750357,0.002698,0.026504,0.000227,0.999645
probe_part_paired_004,195.059000,-0.096437,0.224275,0.750375,0.002654,0.026499,0.000184,0.999645
probe_part_paired_004,195.069000,-0.094629,0.224547,0.750397,0.002635,0.026498,0.000179,0.999645
probe_part_paired_004,195.079000,-0.092820,0.224814,0.750420,0.002613,0.026498,0.000174,0.999645
probe_part_paired_004,195.089000,-0.091012,0.225057,0.750436,0.002567,0.026492,0.000136,0.999646
probe_part_paired_004,195.099000,-0.089201,0.225312,0.750458,0.002546,0.026491,0.000139,0.999646
probe_part_paired_004,195.109000,-0.087389,0.225540,0.750474,0.002500,0.026486,0.000158,0.999646
probe_part_paired_004,195.119000,-0.085577,0.225782,0.750497,0.002485,0.026484,0.000162,0.999646
probe_part_paired_004,195.129000,-0.083765,0.226018,0.750521,0.002470,0.026484,0.000162,0.999646
probe_part_paired_004,195.138000,-0.082134,0.226226,0.750542,0.002453,0.026484,0.000161,0.999646
probe_part_paired_004,195.148000,-0.080320,0.226453,0.750566,0.002430,0.026484,0.000160,0.999646
probe_part_paired_004,195.155000,-0.079050,0.226610,0.750582,0.002412,0.026484,0.000160,0.999646
probe_part_paired_004,195.162000,-0.077780,0.226764,0.750598,0.002391,0.026484,0.000159,0.999646
probe_part_paired_004,195.171000,-0.076147,0.226961,0.750617,0.002360,0.026484,0.000159,0.999646
probe_part_paired_004,195.181000,-0.074332,0.227176,0.750638,0.002319,0.026484,0.000157,0.999647
probe_part_paired_004,195.191000,-0.072516,0.227388,0.750658,0.002273,0.026484,0.000156,0.999647
probe_part_paired_004,195.201000,-0.070699,0.227595,0.750677,0.002220,0.026484,0.000154,0.999647
probe_part_paired_004,195.211000,-0.068883,0.227800,0.750695,0.002162,0.026484,0.000152,0.999647
probe_part_paired_004,195.221000,-0.067063,0.227912,0.750709,0.002441,0.026580,0.000243,0.999644
probe_part_paired_004,195.231000,-0.065246,0.228088,0.750735,0.002437,0.026580,0.000236,0.999644
probe_part_paired_004,195.242000,-0.063246,0.228279,0.750761,0.002415,0.026580,0.000228,0.999644
probe_part_paired_004,195.252000,-0.061426,0.228412,0.750781,0.002485,0.026625,0.000257,0.999642
probe_part_paired_004,195.263000,-0.059425,0.228587,0.750808,0.002467,0.026624,0.000250,0.999642
probe_part_paired_004,195.273000,-0.057606,0.228743,0.750831,0.002446,0.026624,0.000242,0.999642
probe_part_paired_004,195.283000,-0.055787,0.228895,0.750854,0.002418,0.026624,0.000234,0.999643
probe_part_paired_004,195.294000,-0.053785,0.229059,0.750878,0.002380,0.026623,0.000224,0.999643
probe_part_paired_004,195.304000,-0.051963,0.229166,0.750895,0.002492,0.026670,0.000263,0.999641
probe_part_paired_004,195.314000,-0.050141,0.229264,0.750915,0.002557,0.026715,0.000289,0.999640
probe_part_paired_004,195.325000,-0.048138,0.229373,0.750936,0.002560,0.026744,0.000314,0.999639
probe_part_paired_004,195.335000,-0.046316,0.229465,0.750953,0.002542,0.026757,0.000334,0.999639
probe_part_paired_004,195.345000,-0.044496,0.229555,0.750970,0.002509,0.026751,0.000289,0.999639
probe_part_paired_004,195.356000,-0.042492,0.229664,0.750999,0.002514,0.026750,0.000285,0.999639
probe_part_paired_004,195.366000,-0.040671,0.229755,0.751026,0.002524,0.026749,0.000281,0.999639
probe_part_paired_004,195.376000,-0.038849,0.229840,0.751054,0.002536,0.026749,0.000277,0.999639
probe_part_paired_004,195.386000,-0.037026,0.229920,0.751082,0.002545,0.026749,0.000273,0.999639
probe_part_paired_004,195.396000,-0.035204,0.229996,0.751110,0.002550,0.026749,0.000269,0.999639
probe_part_paired_004,195.405000,-0.033565,0.230049,0.751126,0.002521,0.026743,0.000228,0.999639
probe_part_paired_004,195.415000,-0.031743,0.230118,0.751151,0.002516,0.026743,0.000223,0.999639
probe_part_paired_004,195.424000,-0.030102,0.230175,0.751174,0.002510,0.026742,0.000218,0.999639
probe_part_paired_004,195.434000,-0.028281,0.230221,0.751190,0.002477,0.026736,0.000176,0.999639
probe_part_paired_004,195.444000,-0.026458,0.230275,0.751215,0.002469,0.026735,0.000171,0.999639
probe_part_paired_004,195.454000,-0.024636,0.230323,0.751239,0.002458,0.026735,0.000167,0.999640
probe_part_paired_004,195.464000,-0.022813,0.230367,0.751264,0.002445,0.026735,0.000162,0.999640
probe_part_paired_004,195.475000,-0.020808,0.230410,0.751290,0.002423,0.026734,0.000158,0.999640
probe_part_paired_004,195.484000,-0.019166,0.230423,0.751303,0.002388,0.026730,0.000170,0.999640
probe_part_paired_004,195.493000,-0.017526,0.230449,0.751324,0.002369,0.026730,0.000165,0.999640
probe_part_paired_004,195.503000,-0.015703,0.230473,0.751346,0.002345,0.026729,0.000160,0.999640
probe_part_paired_004,195.514000,-0.013698,0.230495,0.751371,0.002315,0.026729,0.000155,0.999640
probe_part_paired_004,195.524000,-0.011876,0.230511,0.751393,0.002282,0.026729,0.000154,0.999640
probe_part_paired_004,195.534000,-0.010052,0.230496,0.751409,0.002305,0.026770,0.000180,0.999639
probe_part_paired_004,195.544000,-0.008230,0.230500,0.751430,0.002275,0.026770,0.000173,0.999639
probe_part_paired_004,195.554000,-0.006408,0.230499,0.751451,0.002243,0.026769,0.000166,0.999639
probe_part_paired_004,195.564000,-0.004585,0.230493,0.751472,0.002206,0.026769,0.000159,0.999639
probe_part_paired_004,195.573000,-0.002946,0.230484,0.751490,0.002170,0.026768,0.000152,0.999639
probe_part_paired_004,195.583000,-0.001124,0.230471,0.751510,0.002124,0.026768,0.000149,0.999639
probe_part_paired_004,195.593000,0.000697,0.230455,0.751528,0.002072,0.026768,0.000148,0.999640
probe_part_paired_004,195.603000,0.002519,0.230434,0.751546,0.002015,0.026768,0.000146,0.999640
probe_part_paired_004,195.613000,0.004342,0.230321,0.751559,0.002316,0.026869,0.000244,0.999636
probe_part_paired_004,195.623000,0.006163,0.230274,0.751585,0.002310,0.026868,0.000237,0.999636
probe_part_paired_004,195.632000,0.007802,0.230197,0.751602,0.002379,0.026914,0.000267,0.999635
probe_part_paired_004,195.638000,0.008894,0.230160,0.751617,0.002382,0.026914,0.000263,0.999635
probe_part_paired_004,195.648000,0.010714,0.230096,0.751642,0.002374,0.026914,0.000257,0.999635
probe_part_paired_004,195.658000,0.012534,0.230029,0.751667,0.002360,0.026914,0.000250,0.999635
probe_part_paired_004,195.667000,0.014173,0.229912,0.751677,0.002422,0.026976,0.000305,0.999633
probe_part_paired_004,195.677000,0.015992,0.229829,0.751702,0.002425,0.026975,0.000298,0.999633
probe_part_paired_004,195.686000,0.017629,0.229729,0.751717,0.002412,0.026988,0.000317,0.999633
probe_part_paired_004,195.696000,0.019447,0.229635,0.751743,0.002416,0.026986,0.000312,0.999633
probe_part_paired_004,195.705000,0.021083,0.229543,0.751766,0.002421,0.026984,0.000305,0.999633
probe_part_paired_004,195.715000,0.022901,0.229436,0.751793,0.002425,0.026983,0.000297,0.999633
probe_part_paired_004,195.724000,0.024536,0.229337,0.751817,0.002426,0.026982,0.000291,0.999633
probe_part_paired_004,195.734000,0.026352,0.229222,0.751844,0.002421,0.026981,0.000284,0.999633
probe_part_paired_004,195.744000,0.028168,0.229105,0.751869,0.002411,0.026981,0.000276,0.999633
probe_part_paired_004,195.754000,0.029984,0.228984,0.751894,0.002393,0.026981,0.000269,0.999633
probe_part_paired_004,195.763000,0.031618,0.228852,0.751908,0.002399,0.027011,0.000288,0.999632
probe_part_paired_004,195.773000,0.033433,0.228721,0.751931,0.002378,0.027011,0.000280,0.999632
probe_part_paired_004,195.783000,0.035247,0.228586,0.751953,0.002354,0.027011,0.000272,0.999632
probe_part_paired_004,195.793000,0.037060,0.228447,0.751975,0.002325,0.027011,0.000263,0.999632
probe_part_paired_004,195.803000,0.038874,0.228276,0.751992,0.002366,0.027052,0.000284,0.999631
probe_part_paired_004,195.814000,0.040868,0.228109,0.752016,0.002339,0.027052,0.000275,0.999631
probe_part_paired_004,195.825000,0.042860,0.227936,0.752040,0.002306,0.027051,0.000266,0.999631
probe_part_paired_004,195.836000,0.044852,0.227759,0.752063,0.002268,0.027051,0.000255,0.999631
probe_part_paired_004,195.847000,0.046843,0.227577,0.752086,0.002224,0.027051,0.000245,0.999632
probe_part_paired_004,195.857000,0.048653,0.227408,0.752105,0.002177,0.027050,0.000236,0.999632
probe_part_paired_004,195.867000,0.050462,0.227189,0.752124,0.002332,0.027094,0.000275,0.999630
probe_part_paired_004,195.877000,0.052270,0.227004,0.752146,0.002301,0.027094,0.000266,0.999630
probe_part_paired_004,195.887000,0.054078,0.226815,0.752166,0.002262,0.027094,0.000257,0.999630
probe_part_paired_004,195.898000,0.056065,0.226603,0.752188,0.002212,0.027093,0.000247,0.999630
probe_part_paired_004,195.908000,0.057870,0.226407,0.752206,0.002160,0.027093,0.000238,0.999631
probe_part_paired_004,195.918000,0.059675,0.226208,0.752224,0.002102,0.027093,0.000229,0.999631
probe_part_paired_004,195.928000,0.061479,0.226005,0.752240,0.002038,0.027093,0.000220,0.999631
probe_part_paired_004,195.937000,0.063105,0.225712,0.752256,0.002462,0.027186,0.000326,0.999627
probe_part_paired_004,195.946000,0.064728,0.225466,0.752275,0.002559,0.027235,0.000356,0.999626
probe_part_paired_004,195.956000,0.066529,0.225222,0.752303,0.002568,0.027234,0.000349,0.999626
probe_part_paired_004,195.966000,0.068330,0.224976,0.752330,0.002565,0.027234,0.000341,0.999626
probe_part_paired_004,195.976000,0.070130,0.224726,0.752355,0.002555,0.027234,0.000332,0.999626
probe_part_paired_004,195.985000,0.071749,0.224500,0.752377,0.002538,0.027234,0.000324,0.999626
probe_part_paired_004,195.995000,0.073547,0.224245,0.752400,0.002512,0.027234,0.000315,0.999626
probe_part_paired_004,196.002000,0.074805,0.224065,0.752416,0.002490,0.027233,0.000307,0.999626
probe_part_paired_004,196.010000,0.076242,0.223857,0.752433,0.002460,0.027233,0.000299,0.999626
probe_part_paired_004,196.020000,0.078038,0.223595,0.752453,0.002416,0.027233,0.000289,0.999626
probe_part_paired_004,196.030000,0.079833,0.223330,0.752471,0.002365,0.027233,0.000279,0.999626
probe_part_paired_004,196.040000,0.081626,0.223061,0.752489,0.002308,0.027232,0.000270,0.999626
probe_part_paired_004,196.050000,0.083420,0.222732,0.752505,0.002523,0.027281,0.000322,0.999625
probe_part_paired_004,196.060000,0.085212,0.222442,0.752529,0.002499,0.027281,0.000312,0.999625
probe_part_paired_004,196.070000,0.087003,0.222149,0.752550,0.002462,0.027280,0.000302,0.999625
probe_part_paired_004,196.080000,0.088792,0.221854,0.752570,0.002416,0.027280,0.000292,0.999625
probe_part_paired_004,196.090000,0.090581,0.221557,0.752589,0.002361,0.027280,0.000282,0.999625
probe_part_paired_004,196.100000,0.092369,0.221192,0.752607,0.002595,0.027330,0.000337,0.999623
probe_part_paired_004,196.110000,0.094155,0.220873,0.752631,0.002574,0.027330,0.000327,0.999623
probe_part_paired_004,196.120000,0.095943,0.220455,0.752651,0.002858,0.027435,0.000409,0.999619
probe_part_paired_004,196.130000,0.097726,0.220112,0.752680,0.002871,0.027434,0.000402,0.999619
probe_part_paired_004,196.140000,0.099509,0.219766,0.752707,0.002872,0.027434,0.000393,0.999619
probe_part_paired_004,196.150000,0.101290,0.219418,0.752733,0.002864,0.027434,0.000385,0.999619
probe_part_paired_004,196.160000,0.103072,0.219033,0.752753,0.002922,0.027482,0.000408,0.999618
probe_part_paired_004,196.170000,0.104851,0.218646,0.752772,0.002918,0.027499,0.000431,0.999617
probe_part_paired_004,196.180000,0.106629,0.218277,0.752798,0.002922,0.027497,0.000425,0.999618
probe_part_paired_004,196.191000,0.108583,0.217867,0.752827,0.002921,0.027495,0.000415,0.999618
probe_part_paired_004,196.199000,0.110003,0.217565,0.752847,0.002917,0.027495,0.000409,0.999618
probe_part_paired_004,196.209000,0.111777,0.217185,0.752872,0.002906,0.027494,0.000400,0.999618
probe_part_paired_004,196.220000,0.113727,0.216763,0.752899,0.002886,0.027494,0.000390,0.999618
probe_part_paired_004,196.230000,0.115498,0.216377,0.752922,0.002862,0.027494,0.000380,0.999618
probe_part_paired_004,196.240000,0.117269,0.215954,0.752940,0.002906,0.027539,0.000400,0.999616
probe_part_paired_004,196.250000,0.119038,0.215528,0.752956,0.002893,0.027553,0.000422,0.999616
probe_part_paired_004,196.261000,0.120982,0.215079,0.752982,0.002882,0.027551,0.000414,0.999616
probe_part_paired_004,196.270000,0.122571,0.214707,0.753004,0.002870,0.027551,0.000406,0.999616
probe_part_paired_004,196.280000,0.124335,0.214290,0.753027,0.002852,0.027551,0.000397,0.999616
probe_part_paired_004,196.290000,0.126098,0.213869,0.753050,0.002830,0.027551,0.000387,0.999616
probe_part_paired_004,196.301000,0.128035,0.213403,0.753075,0.002799,0.027551,0.000375,0.999616
probe_part_paired_004,196.311000,0.129796,0.212941,0.753092,0.002869,0.027597,0.000399,0.999615
probe_part_paired_004,196.321000,0.131554,0.212504,0.753115,0.002848,0.027597,0.000389,0.999615
probe_part_paired_004,196.330000,0.133136,0.212077,0.753129,0.002885,0.027642,0.000409,0.999614
probe_part_paired_004,196.340000,0.134891,0.211627,0.753152,0.002870,0.027642,0.000400,0.999614
probe_part_paired_004,196.350000,0.136645,0.211173,0.753175,0.002851,0.027641,0.000390,0.999614
probe_part_paired_004,196.359000,0.138222,0.210761,0.753195,0.002830,0.027641,0.000381,0.999614
probe_part_paired_004,196.369000,0.139972,0.210299,0.753217,0.002801,0.027641,0.000371,0.999614
probe_part_paired_004,196.378000,0.141548,0.209844,0.753233,0.002880,0.027688,0.000397,0.999612
probe_part_paired_004,196.388000,0.143295,0.209369,0.753256,0.002861,0.027688,0.000387,0.999612
probe_part_paired_004,196.398000,0.145041,0.208890,0.753278,0.002837,0.027688,0.000377,0.999613
probe_part_paired_004,196.409000,0.146960,0.208359,0.753302,0.002804,0.027688,0.000365,0.999613
probe_part_paired_004,196.419000,0.148703,0.207873,0.753323,0.002768,0.027688,0.000354,0.999613
probe_part_paired_004,196.430000,0.150618,0.207334,0.753345,0.002721,0.027688,0.000342,0.999613
probe_part_paired_004,196.440000,0.152357,0.206841,0.753364,0.002672,0.027688,0.000331,0.999613
probe_part_paired_004,196.450000,0.154095,0.206299,0.753379,0.002850,0.027732,0.000375,0.999611
probe_part_paired_004,196.460000,0.155832,0.205743,0.753400,0.002972,0.027782,0.000407,0.999610
probe_part_paired_004,196.470000,0.157566,0.205220,0.753425,0.002963,0.027782,0.000398,0.999610
probe_part_paired_004,196.480000,0.159298,0.204694,0.753449,0.002945,0.027782,0.000388,0.999610
probe_part_paired_004,196.491000,0.161201,0.204113,0.753474,0.002917,0.027781,0.000377,0.999610
probe_part_paired_004,196.502000,0.163102,0.203528,0.753498,0.002880,0.027781,0.000364,0.999610
probe_part_paired_004,196.513000,0.165000,0.202940,0.753520,0.002833,0.027781,0.000352,0.999610
probe_part_paired_004,196.524000,0.166897,0.202348,0.753540,0.002779,0.027781,0.000340,0.999610
probe_part_paired_004,196.535000,0.168792,0.201693,0.753563,0.002977,0.027827,0.000383,0.999608
probe_part_paired_004,196.546000,0.170684,0.201080,0.753587,0.002946,0.027827,0.000371,0.999608
probe_part_paired_004,196.557000,0.172574,0.200465,0.753610,0.002904,0.027827,0.000358,0.999608
probe_part_paired_004,196.568000,0.174462,0.199846,0.753631,0.002852,0.027827,0.000346,0.999609
probe_part_paired_004,196.579000,0.176347,0.199224,0.753651,0.002791,0.027827,0.000334,0.999609
probe_part_paired_004,196.590000,0.178229,0.198598,0.753669,0.002723,0.027827,0.000322,0.999609
probe_part_paired_004,196.601000,0.180111,0.197895,0.753693,0.002985,0.027877,0.000375,0.999607
probe_part_paired_004,196.611000,0.181818,0.197304,0.753715,0.002955,0.027877,0.000364,0.999607
probe_part_paired_004,196.622000,0.183694,0.196651,0.753738,0.002908,0.027877,0.000352,0.999607
probe_part_paired_004,196.633000,0.185567,0.195996,0.753758,0.002850,0.027877,0.000341,0.999607
probe_part_paired_004,196.644000,0.187438,0.195338,0.753777,0.002783,0.027877,0.000329,0.999607
probe_part_paired_004,196.654000,0.189137,0.194737,0.753793,0.002714,0.027876,0.000318,0.999608
probe_part_paired_004,196.663000,0.190663,0.194155,0.753811,0.002763,0.027876,0.000317,0.999608
probe_part_paired_004,196.672000,0.192189,0.193576,0.753837,0.002793,0.027876,0.000317,0.999607
probe_part_paired_004,196.680000,0.193543,0.193056,0.753861,0.002823,0.027876,0.000318,0.999607
probe_part_paired_004,196.689000,0.195061,0.192416,0.753888,0.003102,0.027863,0.000235,0.999607
probe_part_paired_004,196.696000,0.196243,0.191957,0.753913,0.003124,0.027862,0.000235,0.999607
probe_part_paired_004,196.704000,0.197594,0.191429,0.753939,0.003148,0.027862,0.000235,0.999607
probe_part_paired_004,196.712000,0.198944,0.190862,0.753962,0.003222,0.027912,0.000288,0.999605
probe_part_paired_004,196.722000,0.200628,0.190196,0.753992,0.003243,0.027912,0.000289,0.999605
probe_part_paired_004,196.732000,0.202310,0.189525,0.754021,0.003259,0.027912,0.000289,0.999605
probe_part_paired_004,196.742000,0.203990,0.188850,0.754049,0.003273,0.027912,0.000289,0.999605
probe_part_paired_004,196.753000,0.205835,0.188102,0.754081,0.003287,0.027912,0.000289,0.999605
probe_part_paired_004,196.761000,0.207175,0.187554,0.754103,0.003297,0.027912,0.000289,0.999605
probe_part_paired_004,196.768000,0.208346,0.187072,0.754122,0.003305,0.027911,0.000289,0.999605
probe_part_paired_004,196.777000,0.209852,0.186425,0.754142,0.003295,0.027937,0.000330,0.999604
probe_part_paired_004,196.786000,0.211355,0.185799,0.754165,0.003300,0.027937,0.000330,0.999604
probe_part_paired_004,196.796000,0.213022,0.185098,0.754192,0.003306,0.027937,0.000330,0.999604
probe_part_paired_004,196.806000,0.214689,0.184373,0.754213,0.003238,0.027930,0.000351,0.999605
probe_part_paired_004,196.816000,0.216352,0.183660,0.754238,0.003254,0.027930,0.000350,0.999605
probe_part_paired_004,196.827000,0.218178,0.182872,0.754267,0.003262,0.027931,0.000350,0.999604
probe_part_paired_004,196.837000,0.219834,0.182138,0.754287,0.003159,0.027903,0.000282,0.999606
probe_part_paired_004,196.847000,0.221490,0.181409,0.754312,0.003173,0.027903,0.000281,0.999606
probe_part_paired_004,196.851000,0.222141,0.181121,0.754322,0.003175,0.027903,0.000280,0.999606
probe_part_paired_004,196.861000,0.223788,0.180390,0.754348,0.003178,0.027904,0.000280,0.999606
probe_part_paired_004,196.870000,0.225275,0.179725,0.754371,0.003180,0.027904,0.000279,0.999606
probe_part_paired_004,196.880000,0.226923,0.178971,0.754392,0.003075,0.027874,0.000211,0.999607
probe_part_paired_004,196.889000,0.228405,0.178294,0.754413,0.003088,0.027875,0.000211,0.999607
probe_part_paired_004,196.899000,0.230049,0.177541,0.754438,0.003091,0.027875,0.000210,0.999607
probe_part_paired_004,196.909000,0.231689,0.176772,0.754458,0.002996,0.027846,0.000148,0.999608
probe_part_paired_004,196.920000,0.233492,0.175930,0.754484,0.003004,0.027846,0.000156,0.999608
probe_part_paired_004,196.929000,0.234964,0.175220,0.754494,0.002865,0.027838,0.000134,0.999608
probe_part_paired_004,196.939000,0.236597,0.174443,0.754515,0.002875,0.027843,0.000141,0.999608
probe_part_paired_004,196.949000,0.238228,0.173664,0.754540,0.002876,0.027848,0.000149,0.999608
probe_part_paired_004,196.959000,0.239856,0.172870,0.754558,0.002818,0.027847,0.000142,0.999608
probe_part_paired_004,196.970000,0.241644,0.172001,0.754585,0.002817,0.027852,0.000150,0.999608
probe_part_paired_004,196.980000,0.243266,0.171198,0.754605,0.002758,0.027851,0.000145,0.999608
probe_part_paired_004,196.990000,0.244886,0.170398,0.754629,0.002762,0.027857,0.000152,0.999608
probe_part_paired_004,197.001000,0.246665,0.169513,0.754657,0.002760,0.027858,0.000157,0.999608
probe_part_paired_004,197.012000,0.248441,0.168623,0.754685,0.002757,0.027859,0.000157,0.999608
probe_part_paired_004,197.022000,0.250050,0.167804,0.754703,0.002668,0.027831,0.000100,0.999609
probe_part_paired_004,197.033000,0.251820,0.166895,0.754725,0.002606,0.027827,0.000096,0.999609
probe_part_paired_004,197.043000,0.253426,0.166069,0.754745,0.002607,0.027827,0.000102,0.999609
probe_part_paired_004,197.054000,0.255189,0.165153,0.754772,0.002612,0.027827,0.000109,0.999609
probe_part_paired_004,197.065000,0.256949,0.164230,0.754795,0.002538,0.027822,0.000105,0.999610
probe_part_paired_004,197.076000,0.258705,0.163300,0.754813,0.002474,0.027818,0.000100,0.999610
probe_part_paired_004,197.087000,0.260458,0.162364,0.754837,0.002484,0.027819,0.000108,0.999610
probe_part_paired_004,197.098000,0.262208,0.161424,0.754865,0.002486,0.027819,0.000116,0.999610
probe_part_paired_004,197.109000,0.263955,0.160480,0.754894,0.002485,0.027819,0.000123,0.999610
probe_part_paired_004,197.120000,0.265698,0.159530,0.754922,0.002484,0.027820,0.000130,0.999610
probe_part_paired_004,197.131000,0.267438,0.158574,0.754950,0.002482,0.027821,0.000138,0.999610
probe_part_paired_004,197.142000,0.269174,0.157612,0.754978,0.002480,0.027822,0.000145,0.999610
probe_part_paired_004,197.152000,0.270750,0.156732,0.755003,0.002477,0.027822,0.000159,0.999610
probe_part_paired_004,197.163000,0.272480,0.155757,0.755031,0.002478,0.027821,0.000157,0.999610
probe_part_paired_004,197.174000,0.274206,0.154777,0.755058,0.002477,0.027821,0.000155,0.999610
probe_part_paired_004,197.184000,0.275772,0.153881,0.755083,0.002477,0.027821,0.000153,0.999610
probe_part_paired_004,197.193000,0.277179,0.153070,0.755105,0.002477,0.027821,0.000151,0.999610
probe_part_paired_004,197.202000,0.278583,0.152255,0.755123,0.002354,0.027780,0.000090,0.999611
probe_part_paired_004,197.212000,0.280141,0.151344,0.755140,0.002357,0.027779,0.000098,0.999611
probe_part_paired_004,197.222000,0.281696,0.150422,0.755158,0.002280,0.027768,0.000098,0.999612
probe_part_paired_004,197.233000,0.283403,0.149405,0.755183,0.002296,0.027768,0.000107,0.999612
probe_part_paired_004,197.243000,0.284953,0.148478,0.755205,0.002208,0.027757,0.000122,0.999612
probe_part_paired_004,197.254000,0.286653,0.147451,0.755227,0.002225,0.027759,0.000130,0.999612
probe_part_paired_004,197.265000,0.288349,0.146420,0.755254,0.002230,0.027759,0.000138,0.999612
probe_part_paired_004,197.275000,0.289888,0.145479,0.755279,0.002232,0.027759,0.000139,0.999612
probe_part_paired_004,197.285000,0.291423,0.144527,0.755296,0.002148,0.027723,0.000085,0.999613
probe_part_paired_004,197.295000,0.292956,0.143570,0.755313,0.002097,0.027715,0.000085,0.999614
probe_part_paired_004,197.305000,0.294486,0.142613,0.755337,0.002106,0.027715,0.000092,0.999614
probe_part_paired_004,197.315000,0.296012,0.141652,0.755363,0.002107,0.027716,0.000099,0.999614
probe_part_paired_004,197.326000,0.297688,0.140591,0.755391,0.002108,0.027717,0.000107,0.999614
probe_part_paired_004,197.337000,0.299360,0.139524,0.755418,0.002108,0.027717,0.000115,0.999614
probe_part_paired_004,197.348000,0.301028,0.138451,0.755446,0.002107,0.027717,0.000123,0.999614
probe_part_paired_004,197.358000,0.302554,0.137509,0.755459,0.001887,0.027677,0.000326,0.999615
probe_part_paired_004,197.368000,0.304064,0.136566,0.755463,0.001760,0.027677,0.000320,0.999615
probe_part_paired_004,197.379000,0.305721,0.135520,0.755469,0.001629,0.027677,0.000314,0.999616
probe_part_paired_004,197.389000,0.307224,0.134562,0.755475,0.001516,0.027677,0.000309,0.999616
probe_part_paired_004,197.400000,0.308874,0.133497,0.755483,0.001411,0.027677,0.000304,0.999616
probe_part_paired_004,197.409000,0.310221,0.132616,0.755492,0.001342,0.027676,0.000301,0.999616
probe_part_paired_004,197.417000,0.311417,0.131827,0.755501,0.001288,0.027676,0.000298,0.999616
probe_part_paired_004,197.426000,0.312759,0.130930,0.755514,0.001247,0.027676,0.000295,0.999616
probe_part_paired_004,197.436000,0.314247,0.129931,0.755529,0.001194,0.027676,0.000291,0.999616
probe_part_paired_004,197.446000,0.315731,0.128926,0.755545,0.001144,0.027676,0.000288,0.999616
probe_part_paired_004,197.456000,0.317213,0.127916,0.755562,0.001097,0.027676,0.000285,0.999616
probe_part_paired_004,197.466000,0.318691,0.126900,0.755578,0.001053,0.027676,0.000282,0.999616
probe_part_paired_004,197.476000,0.320162,0.125817,0.755596,0.001288,0.027648,0.000184,0.999617
probe_part_paired_004,197.485000,0.321489,0.124815,0.755623,0.001489,0.027694,0.000264,0.999615
probe_part_paired_004,197.495000,0.322957,0.123768,0.755656,0.001507,0.027694,0.000264,0.999615
probe_part_paired_004,197.505000,0.324422,0.122731,0.755682,0.001478,0.027694,0.000262,0.999615
probe_part_paired_004,197.514000,0.325740,0.121747,0.755701,0.001558,0.027742,0.000328,0.999614
probe_part_paired_004,197.524000,0.327198,0.120703,0.755725,0.001525,0.027742,0.000316,0.999614
probe_part_paired_004,197.534000,0.328653,0.119640,0.755747,0.001534,0.027742,0.000310,0.999614
probe_part_paired_004,197.545000,0.330250,0.118469,0.755777,0.001534,0.027742,0.000309,0.999614
probe_part_paired_004,197.555000,0.331698,0.117418,0.755799,0.001482,0.027742,0.000305,0.999614
probe_part_paired_004,197.564000,0.332998,0.116471,0.755816,0.001424,0.027742,0.000302,0.999614
probe_part_paired_004,197.571000,0.334008,0.115732,0.755827,0.001379,0.027742,0.000299,0.999614
probe_part_paired_004,197.579000,0.335159,0.114887,0.755839,0.001322,0.027742,0.000297,0.999614
probe_part_paired_004,197.589000,0.336596,0.113824,0.755853,0.001259,0.027742,0.000293,0.999614
probe_part_paired_004,197.598000,0.337886,0.112861,0.755867,0.001206,0.027742,0.000290,0.999614
probe_part_paired_004,197.607000,0.339173,0.111890,0.755880,0.001167,0.027742,0.000287,0.999614
probe_part_paired_004,197.616000,0.340454,0.110853,0.755896,0.001383,0.027717,0.000187,0.999615
probe_part_paired_004,197.624000,0.341593,0.109973,0.755918,0.001384,0.027717,0.000187,0.999615
probe_part_paired_004,197.633000,0.342872,0.108985,0.755940,0.001367,0.027717,0.000186,0.999615
probe_part_paired_004,197.642000,0.344147,0.107995,0.755960,0.001347,0.027717,0.000185,0.999615
probe_part_paired_004,197.650000,0.345277,0.107113,0.755977,0.001327,0.027717,0.000184,0.999615
probe_part_paired_004,197.660000,0.346687,0.105929,0.756005,0.001588,0.027762,0.000272,0.999613
probe_part_paired_004,197.670000,0.348090,0.104764,0.756037,0.001700,0.027813,0.000334,0.999612
probe_part_paired_004,197.680000,0.349483,0.103651,0.756065,0.001687,0.027813,0.000323,0.999612
probe_part_paired_004,197.690000,0.350867,0.102546,0.756088,0.001655,0.027813,0.000311,0.999612
probe_part_paired_004,197.700000,0.352243,0.101445,0.756108,0.001607,0.027813,0.000300,0.999612
probe_part_paired_004,197.710000,0.353612,0.100283,0.756128,0.001808,0.027866,0.000349,0.999610
probe_part_paired_004,197.720000,0.354969,0.099177,0.756151,0.001779,0.027866,0.000337,0.999610
probe_part_paired_004,197.730000,0.356316,0.098077,0.756171,0.001738,0.027866,0.000326,0.999610
probe_part_paired_004,197.741000,0.357785,0.096873,0.756191,0.001681,0.027866,0.000313,0.999610
probe_part_paired_004,197.751000,0.359111,0.095784,0.756207,0.001620,0.027866,0.000302,0.999610
probe_part_paired_004,197.762000,0.360557,0.094532,0.756220,0.001834,0.027920,0.000360,0.999608
probe_part_paired_004,197.772000,0.361859,0.093430,0.756244,0.001828,0.027920,0.000349,0.999608
probe_part_paired_004,197.782000,0.363149,0.092341,0.756265,0.001794,0.027920,0.000338,0.999609
probe_part_paired_004,197.792000,0.364429,0.091257,0.756283,0.001749,0.027920,0.000326,0.999609
probe_part_paired_004,197.802000,0.365697,0.090181,0.756300,0.001694,0.027920,0.000315,0.999609
probe_part_paired_004,197.813000,0.367080,0.089003,0.756316,0.001625,0.027920,0.000303,0.999609
probe_part_paired_004,197.824000,0.368448,0.087834,0.756330,0.001548,0.027919,0.000290,0.999609
probe_part_paired_004,197.834000,0.369681,0.086776,0.756341,0.001472,0.027919,0.000279,0.999609
probe_part_paired_004,197.843000,0.370779,0.085829,0.756351,0.001400,0.027919,0.000269,0.999609
probe_part_paired_004,197.852000,0.371999,0.084983,0.756451,0.005098,0.027793,-0.003895,0.999593
probe_part_paired_004,197.862000,0.373190,0.083928,0.756452,0.005038,0.027779,-0.003693,0.999595
probe_part_paired_004,197.872000,0.374441,0.082778,0.756474,0.004570,0.029198,-0.003302,0.999558
probe_part_paired_004,197.883000,0.375715,0.081659,0.756477,0.004742,0.027979,-0.002993,0.999593
probe_part_paired_004,197.894000,0.376995,0.080497,0.756494,0.004729,0.027983,-0.002982,0.999593
probe_part_paired_004,197.905000,0.378265,0.079293,0.756507,0.004564,0.027974,-0.002936,0.999594
probe_part_paired_004,197.915000,0.379432,0.078243,0.756538,0.004482,0.028219,-0.002538,0.999588
probe_part_paired_004,197.925000,0.380521,0.077189,0.756518,0.004600,0.026469,-0.002313,0.999636
probe_part_paired_004,197.935000,0.381479,0.076200,0.756452,0.004873,0.020879,-0.002195,0.999768
probe_part_paired_004,197.945000,0.382587,0.075162,0.756466,0.004877,0.020881,-0.002186,0.999768
probe_part_paired_004,197.955000,0.383643,0.074091,0.756452,0.004729,0.019449,-0.002133,0.999797
probe_part_paired_004,197.966000,0.384836,0.072962,0.756475,0.004729,0.019448,-0.002126,0.999797
probe_part_paired_004,197.977000,0.386015,0.071840,0.756498,0.004729,0.019447,-0.002117,0.999797
probe_part_paired_004,197.987000,0.387076,0.070824,0.756520,0.004730,0.019446,-0.002111,0.999797
probe_part_paired_004,197.998000,0.388230,0.069713,0.756543,0.004733,0.019445,-0.002104,0.999798
probe_part_paired_004,198.009000,0.389371,0.068607,0.756567,0.004736,0.019447,-0.002097,0.999797
probe_part_paired_004,198.020000,0.390499,0.067509,0.756591,0.004735,0.019452,-0.002087,0.999797
probe_part_paired_004,198.030000,0.391516,0.066472,0.756603,0.004575,0.019442,-0.002045,0.999798
probe_part_paired_004,198.040000,0.392519,0.065489,0.756625,0.004571,0.019441,-0.002039,0.999798
probe_part_paired_004,198.048000,0.393309,0.064709,0.756641,0.004571,0.019440,-0.002035,0.999799
probe_part_paired_004,198.058000,0.394293,0.063692,0.756654,0.004412,0.019429,-0.001995,0.999800
probe_part_paired_004,198.067000,0.395172,0.062776,0.756664,0.004307,0.019425,-0.001964,0.999800
probe_part_paired_004,198.076000,0.396042,0.061909,0.756683,0.004298,0.019425,-0.001960,0.999800
probe_part_paired_004,198.085000,0.396903,0.061045,0.756700,0.004294,0.019424,-0.001955,0.999800
probe_part_paired_004,198.094000,0.397756,0.060186,0.756717,0.004289,0.019422,-0.001949,0.999800
probe_part_paired_004,198.104000,0.398693,0.059237,0.756736,0.004284,0.019419,-0.001943,0.999800
probe_part_paired_004,198.114000,0.399620,0.058298,0.756755,0.004267,0.019418,-0.001937,0.999800
probe_part_paired_004,198.124000,0.400537,0.057372,0.756771,0.004233,0.019417,-0.001932,0.999801
probe_part_paired_004,198.134000,0.401446,0.056402,0.756779,0.004080,0.019406,-0.001894,0.999802
probe_part_paired_004,198.144000,0.402342,0.055478,0.756797,0.004078,0.019403,-0.001887,0.999802
probe_part_paired_004,198.154000,0.403229,0.054560,0.756816,0.004073,0.019401,-0.001881,0.999802
probe_part_paired_004,198.164000,0.404105,0.053655,0.756833,0.004051,0.019400,-0.001875,0.999802
probe_part_paired_004,198.174000,0.404971,0.052751,0.756849,0.004044,0.019398,-0.001870,0.999802
probe_part_paired_004,198.184000,0.405827,0.051851,0.756867,0.004042,0.019399,-0.001863,0.999802
probe_part_paired_004,198.194000,0.406675,0.050922,0.756877,0.003899,0.019386,-0.001826,0.999803
probe_part_paired_004,198.204000,0.407514,0.050005,0.756887,0.003756,0.019376,-0.001790,0.999804
probe_part_paired_004,198.213000,0.408259,0.049223,0.756900,0.003723,0.019375,-0.001784,0.999804
probe_part_paired_004,198.223000,0.409071,0.048356,0.756909,0.003703,0.019170,-0.001773,0.999808
probe_part_paired_004,198.232000,0.409801,0.047536,0.756915,0.003625,0.019161,-0.001743,0.999808
probe_part_paired_004,198.240000,0.410442,0.046851,0.756929,0.003610,0.019161,-0.001740,0.999808
probe_part_paired_004,198.249000,0.411155,0.046089,0.756942,0.003582,0.019160,-0.001736,0.999809
probe_part_paired_004,198.259000,0.412036,0.045227,0.757022,0.003442,0.022237,-0.001566,0.999746
probe_part_paired_004,198.269000,0.412917,0.044362,0.757112,0.003306,0.025603,-0.001381,0.999666
probe_part_paired_004,198.280000,0.413851,0.043420,0.757200,0.003163,0.028546,-0.001220,0.999587
probe_part_paired_004,198.291000,0.414755,0.042490,0.757275,0.003043,0.030878,-0.001090,0.999518
probe_part_paired_004,198.302000,0.415558,0.041594,0.757289,0.003028,0.030357,-0.001078,0.999534
probe_part_paired_004,198.313000,0.415963,0.040855,0.757156,0.003621,0.016542,-0.000980,0.999856
probe_part_paired_004,198.323000,0.416687,0.040068,0.757148,0.003562,0.016542,-0.000980,0.999856
probe_part_paired_004,198.334000,0.417472,0.039198,0.757153,0.003539,0.016542,-0.000980,0.999856
probe_part_paired_004,198.345000,0.418247,0.038336,0.757165,0.003518,0.016543,-0.000977,0.999856
probe_part_paired_004,198.355000,0.418941,0.037563,0.757177,0.003494,0.016543,-0.000974,0.999857
probe_part_paired_004,198.365000,0.419629,0.036744,0.757184,0.003409,0.016559,-0.000918,0.999857
probe_part_paired_004,198.374000,0.420238,0.036058,0.757198,0.003398,0.016559,-0.000916,0.999857
probe_part_paired_004,198.383000,0.420843,0.035277,0.757197,0.003244,0.016565,-0.000839,0.999857
probe_part_paired_004,198.393000,0.421504,0.034528,0.757214,0.003228,0.016566,-0.000838,0.999857
probe_part_paired_004,198.403000,0.422157,0.033739,0.757221,0.003151,0.016558,-0.000805,0.999858
probe_part_paired_004,198.413000,0.422800,0.033004,0.757236,0.003137,0.016558,-0.000798,0.999858
probe_part_paired_004,198.423000,0.423434,0.032280,0.757248,0.003110,0.016561,-0.000795,0.999858
probe_part_paired_004,198.433000,0.424063,0.031482,0.757245,0.002969,0.016545,-0.000743,0.999858
probe_part_paired_004,198.443000,0.424679,0.030732,0.757252,0.002924,0.016539,-0.000765,0.999859
probe_part_paired_004,198.453000,0.425287,0.030022,0.757268,0.002931,0.016539,-0.000763,0.999859
probe_part_paired_004,198.463000,0.425886,0.029319,0.757283,0.002937,0.016539,-0.000760,0.999859
probe_part_paired_004,198.473000,0.426477,0.028624,0.757299,0.002942,0.016538,-0.000757,0.999859
probe_part_paired_004,198.483000,0.427059,0.027937,0.757314,0.002946,0.016538,-0.000752,0.999859
probe_part_paired_004,198.493000,0.427633,0.027259,0.757328,0.002946,0.016536,-0.000746,0.999859
probe_part_paired_004,198.503000,0.428198,0.026591,0.757342,0.002940,0.016535,-0.000741,0.999859
probe_part_paired_004,198.513000,0.428756,0.025933,0.757354,0.002927,0.016534,-0.000735,0.999859
probe_part_paired_004,198.523000,0.429332,0.025262,0.757385,0.002802,0.017436,-0.000692,0.999844
probe_part_paired_004,198.533000,0.429890,0.024602,0.757415,0.002736,0.017977,-0.000665,0.999834
probe_part_paired_004,198.543000,0.430441,0.023946,0.757445,0.002650,0.018570,-0.000637,0.999824
probe_part_paired_004,198.554000,0.431108,0.023136,0.757466,0.002675,0.018291,0.005565,0.999814
probe_part_paired_004,198.564000,0.431623,0.022529,0.757464,0.002634,0.018291,0.005555,0.999814
probe_part_paired_004,198.574000,0.432129,0.021928,0.757468,0.002600,0.018290,0.005545,0.999814
probe_part_paired_004,198.584000,0.432628,0.021323,0.757475,0.002600,0.018292,0.005537,0.999814
probe_part_paired_004,198.594000,0.433116,0.020706,0.757477,0.002548,0.018271,0.005481,0.999815
probe_part_paired_004,198.604000,0.433599,0.020118,0.757488,0.002547,0.018270,0.005475,0.999815
probe_part_paired_004,198.613000,0.434026,0.019596,0.757498,0.002545,0.018273,0.005469,0.999815
probe_part_paired_004,198.623000,0.434493,0.019024,0.757510,0.002543,0.018276,0.005461,0.999815
probe_part_paired_004,198.633000,0.434952,0.018459,0.757522,0.002541,0.018280,0.005453,0.999815
probe_part_paired_004,198.644000,0.435448,0.017847,0.757535,0.002541,0.018284,0.005445,0.999815
probe_part_paired_004,198.655000,0.435935,0.017245,0.757548,0.002543,0.018288,0.005437,0.999815
probe_part_paired_004,198.666000,0.436412,0.016653,0.757561,0.002547,0.018291,0.005430,0.999815
probe_part_paired_004,198.677000,0.436879,0.016070,0.757575,0.002552,0.018295,0.005423,0.999815
probe_part_paired_004,198.688000,0.437337,0.015496,0.757588,0.002560,0.018299,0.005415,0.999815
probe_part_paired_004,198.699000,0.437785,0.014933,0.757602,0.002570,0.018306,0.005404,0.999815
probe_part_paired_004,198.710000,0.438224,0.014377,0.757616,0.002582,0.018315,0.005391,0.999814
probe_part_paired_004,198.721000,0.438654,0.013832,0.757629,0.002595,0.018323,0.005379,0.999814
probe_part_paired_004,198.732000,0.439075,0.013297,0.757643,0.002608,0.018331,0.005367,0.999814
probe_part_paired_004,198.743000,0.439487,0.012773,0.757657,0.002621,0.018339,0.005358,0.999814
probe_part_paired_004,198.754000,0.439889,0.012260,0.757671,0.002633,0.018347,0.005349,0.999814
probe_part_paired_004,198.765000,0.440283,0.011758,0.757684,0.002644,0.018355,0.005338,0.999814
probe_part_paired_004,198.776000,0.440666,0.011268,0.757696,0.002653,0.018362,0.005327,0.999814
probe_part_paired_004,198.787000,0.441042,0.010789,0.757708,0.002662,0.018372,0.005314,0.999814
probe_part_paired_004,198.798000,0.441387,0.010322,0.757738,0.002672,0.018962,0.005300,0.999803
probe_part_paired_004,198.809000,0.441744,0.009865,0.757749,0.002679,0.018972,0.005287,0.999802
probe_part_paired_004,198.820000,0.442093,0.009419,0.757760,0.002685,0.018980,0.005274,0.999802
probe_part_paired_004,198.831000,0.442437,0.008981,0.757765,0.002672,0.018781,0.005231,0.999806
probe_part_paired_004,198.842000,0.442823,0.008529,0.757731,0.002467,0.016804,0.004893,0.999844
probe_part_paired_004,198.853000,0.443222,0.008080,0.757683,0.002167,0.013994,0.004416,0.999890
probe_part_paired_004,198.864000,0.443611,0.007641,0.757639,0.001860,0.011241,0.003933,0.999927
probe_part_paired_004,198.875000,0.444078,0.007180,0.757529,0.001118,0.005244,0.002825,0.999982
probe_part_paired_004,198.885000,0.444533,0.006796,0.757412,0.000290,-0.001296,0.001320,0.999998
probe_part_paired_004,198.895000,0.444794,0.006476,0.757421,0.000320,-0.001292,0.001295,0.999998
probe_part_paired_004,198.906000,0.445073,0.006124,0.757422,0.000295,-0.001284,0.001282,0.999998
probe_part_paired_004,198.916000,0.445319,0.005802,0.757425,0.000302,-0.001281,0.001274,0.999998
probe_part_paired_004,198.926000,0.445559,0.005489,0.757431,0.000307,-0.001276,0.001265,0.999998
probe_part_paired_004,198.936000,0.445790,0.005186,0.757437,0.000312,-0.001268,0.001255,0.999998
probe_part_paired_004,198.946000,0.446018,0.004892,0.757443,0.000312,-0.001281,0.001194,0.999998
probe_part_paired_004,198.957000,0.446261,0.004579,0.757449,0.000311,-0.001303,0.001100,0.999998
probe_part_paired_004,198.968000,0.446493,0.004296,0.757444,0.000328,-0.001311,0.001038,0.999999
probe_part_paired_004,198.978000,0.446694,0.004038,0.757441,0.000377,-0.001310,0.001011,0.999999
probe_part_paired_004,198.989000,0.446908,0.003753,0.757438,0.000389,-0.001306,0.001005,0.999999
probe_part_paired_004,198.999000,0.447095,0.003504,0.757443,0.000399,-0.001304,0.000999,0.999999
probe_part_paired_004,199.009000,0.447275,0.003281,0.757436,0.000422,-0.001304,0.000972,0.999999
probe_part_paired_004,199.019000,0.447448,0.003047,0.757440,0.000438,-0.001304,0.000968,0.999999
probe_part_paired_004,199.029000,0.447615,0.002825,0.757445,0.000444,-0.001303,0.000964,0.999999
probe_part_paired_004,199.039000,0.447773,0.002627,0.757441,0.000469,-0.001302,0.000913,0.999999
probe_part_paired_004,199.050000,0.447941,0.002407,0.757442,0.000469,-0.001299,0.000905,0.999999
probe_part_paired_004,199.060000,0.448085,0.002215,0.757444,0.000469,-0.001299,0.000902,0.999999
probe_part_paired_004,199.071000,0.448236,0.002016,0.757448,0.000467,-0.001298,0.000897,0.999999
probe_part_paired_004,199.082000,0.448379,0.001827,0.757452,0.000466,-0.001295,0.000891,0.999999
probe_part_paired_004,199.092000,0.448501,0.001665,0.757455,0.000465,-0.001295,0.000883,0.999999
probe_part_paired_004,199.102000,0.448617,0.001516,0.757451,0.000570,-0.001312,0.000816,0.999999
probe_part_paired_004,199.113000,0.448736,0.001356,0.757451,0.000576,-0.001312,0.000815,0.999999
probe_part_paired_004,199.123000,0.448838,0.001222,0.757453,0.000576,-0.001312,0.000814,0.999999
probe_part_paired_004,199.134000,0.448941,0.001085,0.757456,0.000574,-0.001310,0.000811,0.999999
probe_part_paired_004,199.145000,0.449037,0.000958,0.757459,0.000575,-0.001313,0.000792,0.999999
probe_part_paired_004,199.156000,0.449124,0.000843,0.757461,0.000574,-0.001314,0.000782,0.999999
probe_part_paired_004,199.167000,0.449234,0.000823,0.757468,0.001619,-0.000145,-0.001523,0.999998
probe_part_paired_004,199.178000,0.449304,0.000786,0.757444,0.001485,-0.000168,-0.001515,0.999998
probe_part_paired_004,199.189000,0.449657,0.000636,0.757524,0.001045,0.009462,-0.001082,0.999954
probe_part_paired_004,199.200000,0.449801,0.000548,0.757556,0.000944,0.012444,-0.000943,0.999922
probe_part_paired_004,199.211000,0.449902,0.000462,0.757585,0.000804,0.014243,-0.000833,0.999898
probe_part_paired_004,199.222000,0.450048,0.000341,0.757591,0.000901,0.014631,0.002772,0.999889
probe_part_paired_004,199.231000,0.450073,0.000322,0.757582,0.000887,0.014627,0.002739,0.999889
probe_part_paired_004,199.241000,0.450099,0.000306,0.757572,0.000838,0.014627,0.002732,0.999889
probe_part_paired_004,199.250000,0.450119,0.000290,0.757567,0.000813,0.014626,0.002727,0.999889
probe_part_paired_004,199.258000,0.450134,0.000274,0.757564,0.000802,0.014626,0.002724,0.999889
probe_part_paired_004,199.267000,0.450135,0.000268,0.757564,0.000817,0.014629,0.002716,0.999889
probe_part_paired_004,199.276000,0.450125,0.000279,0.757566,0.000829,0.014631,0.002708,0.999889
probe_part_paired_004,199.285000,0.450116,0.000287,0.757566,0.000842,0.014633,0.002701,0.999889
probe_part_paired_004,199.294000,0.450109,0.000295,0.757565,0.000853,0.014634,0.002695,0.999889
probe_part_paired_004,199.304000,0.450101,0.000312,0.757551,0.000859,0.014630,0.002660,0.999889
probe_part_paired_004,199.314000,0.450095,0.000336,0.757525,0.000833,0.014625,0.002620,0.999889
probe_part_paired_004,199.325000,0.450091,0.000339,0.757501,0.000855,0.014628,0.002609,0.999889
probe_part_paired_004,199.335000,0.450087,0.000350,0.757471,0.000862,0.014621,0.002571,0.999889
probe_part_paired_004,199.346000,0.450086,0.000359,0.757435,0.000863,0.014625,0.002559,0.999889
probe_part_paired_004,199.356000,0.450086,0.000362,0.757399,0.000879,0.014627,0.002550,0.999889
probe_part_paired_004,199.367000,0.450087,0.000366,0.757354,0.000894,0.014628,0.002543,0.999889
probe_part_paired_004,199.377000,0.450089,0.000370,0.757305,0.000904,0.014630,0.002538,0.999889
probe_part_paired_004,199.387000,0.450092,0.000376,0.757249,0.000911,0.014631,0.002532,0.999889
probe_part_paired_004,199.398000,0.450097,0.000384,0.757178,0.000916,0.014631,0.002523,0.999889
probe_part_paired_004,199.409000,0.450102,0.000393,0.757098,0.000921,0.014632,0.002513,0.999889
probe_part_paired_004,199.419000,0.450105,0.000422,0.756995,0.000980,0.014629,0.002451,0.999890
probe_part_paired_004,199.429000,0.450112,0.000426,0.756898,0.000994,0.014630,0.002444,0.999889
probe_part_paired_004,199.439000,0.450119,0.000431,0.756800,0.001008,0.014632,0.002436,0.999889
probe_part_paired_004,199.450000,0.450127,0.000446,0.756675,0.001082,0.014636,0.002398,0.999889
probe_part_paired_004,199.461000,0.450135,0.000481,0.756521,0.001027,0.014624,0.002328,0.999890
probe_part_paired_004,199.471000,0.450145,0.000483,0.756388,0.001049,0.014625,0.002319,0.999890
probe_part_paired_004,199.481000,0.450156,0.000487,0.756255,0.001067,0.014625,0.002312,0.999890
probe_part_paired_004,199.492000,0.450167,0.000507,0.756089,0.001047,0.014621,0.002271,0.999890
probe_part_paired_004,199.502000,0.450178,0.000515,0.755930,0.001056,0.014614,0.002234,0.999890
probe_part_paired_004,199.513000,0.450192,0.000530,0.755749,0.001048,0.014617,0.002221,0.999890
probe_part_paired_004,199.524000,0.450207,0.000543,0.755563,0.001049,0.014618,0.002214,0.999890
probe_part_paired_004,199.535000,0.450223,0.000558,0.755367,0.001047,0.014619,0.002208,0.999890
probe_part_paired_004,199.545000,0.450237,0.000567,0.755174,0.001146,0.014610,0.002170,0.999890
probe_part_paired_004,199.556000,0.450254,0.000587,0.754955,0.001132,0.014611,0.002163,0.999890
probe_part_paired_004,199.567000,0.450272,0.000607,0.754726,0.001120,0.014611,0.002157,0.999890
probe_part_paired_004,199.577000,0.450288,0.000617,0.754504,0.001228,0.014600,0.002118,0.999890
probe_part_paired_004,199.588000,0.450308,0.000637,0.754254,0.001217,0.014600,0.002112,0.999890
probe_part_paired_004,199.598000,0.450326,0.000657,0.754021,0.001206,0.014602,0.002106,0.999890
probe_part_paired_004,199.608000,0.450346,0.000677,0.753778,0.001196,0.014600,0.002096,0.999891
probe_part_paired_004,199.619000,0.450376,0.000681,0.753497,0.001346,0.014548,0.001859,0.999892
probe_part_paired_004,199.630000,0.450399,0.000703,0.753208,0.001336,0.014549,0.001854,0.999892
probe_part_paired_004,199.641000,0.450422,0.000727,0.752911,0.001326,0.014551,0.001847,0.999892
probe_part_paired_004,199.652000,0.450452,0.000745,0.752604,0.001330,0.014539,0.001715,0.999892
probe_part_paired_004,199.663000,0.450477,0.000768,0.752286,0.001322,0.014539,0.001711,0.999892
probe_part_paired_004,199.673000,0.450500,0.000790,0.751988,0.001315,0.014538,0.001707,0.999892
probe_part_paired_004,199.683000,0.450523,0.000811,0.751681,0.001309,0.014533,0.001701,0.999892
probe_part_paired_004,199.693000,0.450547,0.000833,0.751366,0.001304,0.014536,0.001691,0.999892
probe_part_paired_004,199.704000,0.450353,0.000879,0.751081,0.001358,0.020125,0.001519,0.999795
probe_part_paired_004,199.715000,0.450098,0.000941,0.750801,0.001438,0.027256,0.001308,0.999627
probe_part_paired_004,199.726000,0.449790,0.001018,0.750530,0.001600,0.035795,0.001064,0.999357
probe_part_paired_004,199.737000,0.449771,0.001022,0.750141,0.001692,0.036895,0.000942,0.999317
probe_part_paired_004,199.748000,0.449800,0.001053,0.749736,0.001665,0.036895,0.000936,0.999317
probe_part_paired_004,199.759000,0.449826,0.001060,0.749321,0.001745,0.036879,0.000863,0.999318
probe_part_paired_004,199.769000,0.449853,0.001110,0.748932,0.001661,0.036879,0.000856,0.999318
probe_part_paired_004,199.779000,0.449881,0.001155,0.748533,0.001586,0.036879,0.000849,0.999318
probe_part_paired_004,199.789000,0.449905,0.001162,0.748125,0.001670,0.036862,0.000770,0.999319
probe_part_paired_004,199.799000,0.449935,0.001166,0.747710,0.001761,0.036915,0.000815,0.999317
probe_part_paired_004,199.809000,0.449963,0.001201,0.747291,0.001721,0.036915,0.000809,0.999317
probe_part_paired_004,199.819000,0.449993,0.001191,0.746860,0.001943,0.036972,0.000837,0.999314
probe_part_paired_004,199.828000,0.450020,0.001178,0.746470,0.002114,0.037021,0.000860,0.999312
probe_part_paired_004,199.837000,0.450047,0.001175,0.746071,0.002201,0.037058,0.000876,0.999310
probe_part_paired_004,199.847000,0.450077,0.001194,0.745628,0.002214,0.037061,0.000872,0.999310
probe_part_paired_004,199.857000,0.450105,0.001200,0.745166,0.002202,0.037048,0.000827,0.999311
probe_part_paired_004,199.867000,0.450136,0.001220,0.744704,0.002213,0.037051,0.000823,0.999311
probe_part_paired_004,199.877000,0.450166,0.001241,0.744234,0.002220,0.037055,0.000817,0.999310
probe_part_paired_004,199.887000,0.450196,0.001262,0.743755,0.002226,0.037058,0.000812,0.999310
probe_part_paired_004,199.897000,0.450227,0.001285,0.743267,0.002229,0.037059,0.000810,0.999310
probe_part_paired_004,199.907000,0.450257,0.001318,0.742770,0.002204,0.037060,0.000808,0.999310
probe_part_paired_004,199.916000,0.450282,0.001322,0.742298,0.002118,0.037023,0.000707,0.999312
probe_part_paired_004,199.925000,0.450310,0.001338,0.741832,0.002133,0.037027,0.000700,0.999312
probe_part_paired_004,199.933000,0.450334,0.001354,0.741416,0.002142,0.037029,0.000697,0.999312
probe_part_paired_004,199.940000,0.450356,0.001371,0.741047,0.002141,0.037030,0.000695,0.999312
probe_part_paired_004,199.947000,0.450376,0.001385,0.740672,0.002071,0.037007,0.000633,0.999313
probe_part_paired_004,199.953000,0.450394,0.001395,0.740348,0.002084,0.037009,0.000630,0.999313
probe_part_paired_004,199.960000,0.450414,0.001409,0.739961,0.002021,0.036987,0.000572,0.999314
probe_part_paired_004,199.968000,0.450439,0.001421,0.739517,0.002043,0.036989,0.000566,0.999313
probe_part_paired_004,199.977000,0.450467,0.001441,0.739014,0.002045,0.036990,0.000564,0.999313
probe_part_paired_004,199.986000,0.450493,0.001458,0.738497,0.001992,0.036968,0.000505,0.999314
probe_part_paired_004,199.995000,0.450521,0.001474,0.737980,0.002004,0.036970,0.000502,0.999314
probe_part_paired_004,200.004000,0.450548,0.001494,0.737458,0.002007,0.036971,0.000500,0.999314
probe_part_paired_004,200.013000,0.450576,0.001526,0.736930,0.001972,0.036971,0.000497,0.999314
probe_part_paired_004,200.023000,0.450606,0.001573,0.736335,0.001900,0.036968,0.000490,0.999315
probe_part_paired_004,200.033000,0.450637,0.001626,0.735717,0.001810,0.036965,0.000482,0.999315
probe_part_paired_004,200.043000,0.450667,0.001681,0.735087,0.001711,0.036965,0.000474,0.999315
probe_part_paired_004,200.053000,0.450699,0.001697,0.734447,0.001708,0.037009,0.000516,0.999313
probe_part_paired_004,200.062000,0.450726,0.001723,0.733870,0.001689,0.037008,0.000510,0.999313
probe_part_paired_004,200.072000,0.450755,0.001764,0.733223,0.001629,0.037008,0.000505,0.999314
probe_part_paired_004,200.080000,0.450780,0.001755,0.732697,0.001695,0.037057,0.000552,0.999312
probe_part_paired_004,200.088000,0.450803,0.001763,0.732173,0.001719,0.037057,0.000550,0.999312
probe_part_paired_004,200.098000,0.450833,0.001750,0.731508,0.001874,0.037093,0.000584,0.999310
probe_part_paired_004,200.107000,0.450860,0.001744,0.730903,0.001954,0.037116,0.000611,0.999309
probe_part_paired_004,200.117000,0.450888,0.001757,0.730228,0.001975,0.037117,0.000607,0.999309
probe_part_paired_004,200.127000,0.450914,0.001760,0.729537,0.001972,0.037105,0.000566,0.999309
probe_part_paired_004,200.137000,0.450940,0.001770,0.728836,0.001956,0.037092,0.000523,0.999310
probe_part_paired_004,200.146000,0.450964,0.001799,0.728200,0.001917,0.037092,0.000517,0.999310
probe_part_paired_004,200.155000,0.450987,0.001826,0.727555,0.001887,0.037090,0.000510,0.999310
probe_part_paired_004,200.162000,0.451005,0.001831,0.727052,0.001907,0.037091,0.000508,0.999310
probe_part_paired_004,200.171000,0.451028,0.001840,0.726403,0.001928,0.037091,0.000506,0.999310
probe_part_paired_004,200.179000,0.451049,0.001839,0.725812,0.001953,0.037093,0.000530,0.999310
probe_part_paired_004,200.188000,0.451069,0.001847,0.725141,0.001936,0.037081,0.000489,0.999310
probe_part_paired_004,200.198000,0.451093,0.001858,0.724393,0.001953,0.037084,0.000483,0.999310
probe_part_paired_004,200.208000,0.451114,0.001870,0.723632,0.001932,0.037072,0.000442,0.999311
probe_part_paired_004,200.217000,0.451134,0.001898,0.722941,0.001889,0.037071,0.000435,0.999311
probe_part_paired_004,200.226000,0.451154,0.001905,0.722245,0.001910,0.037072,0.000430,0.999311
probe_part_paired_004,200.236000,0.451175,0.001915,0.721469,0.001924,0.037074,0.000426,0.999311
probe_part_paired_004,200.244000,0.451190,0.001914,0.720833,0.001924,0.037066,0.000391,0.999311
probe_part_paired_004,200.254000,0.451209,0.001924,0.720040,0.001934,0.037068,0.000388,0.999311
probe_part_paired_004,200.262000,0.451222,0.001942,0.719392,0.001850,0.037046,0.000329,0.999312
probe_part_paired_004,200.272000,0.451240,0.001945,0.718580,0.001878,0.037048,0.000323,0.999312
probe_part_paired_004,200.282000,0.451257,0.001953,0.717765,0.001887,0.037049,0.000322,0.999312
probe_part_paired_004,200.293000,0.451274,0.001963,0.716858,0.001893,0.037049,0.000320,0.999312
probe_part_paired_004,200.303000,0.451287,0.001965,0.716016,0.001856,0.037026,0.000262,0.999313
probe_part_paired_004,200.312000,0.451300,0.001971,0.715258,0.001862,0.037026,0.000261,0.999313
probe_part_paired_004,200.318000,0.451308,0.001978,0.714749,0.001855,0.037023,0.000258,0.999313
probe_part_paired_004,200.328000,0.451320,0.002000,0.713890,0.001812,0.037017,0.000252,0.999313
probe_part_paired_004,200.338000,0.451332,0.002029,0.713019,0.001744,0.037013,0.000245,0.999313
probe_part_paired_004,200.349000,0.451343,0.002064,0.712048,0.001655,0.037013,0.000239,0.999313
probe_part_paired_004,200.359000,0.451351,0.002096,0.711157,0.001571,0.037012,0.000233,0.999314
probe_part_paired_004,200.370000,0.451359,0.002130,0.710171,0.001479,0.037012,0.000227,0.999314
probe_part_paired_004,200.379000,0.451365,0.002155,0.709362,0.001406,0.037011,0.000222,0.999314
probe_part_paired_004,200.389000,0.451369,0.002179,0.708463,0.001337,0.037011,0.000217,0.999314
probe_part_paired_004,200.399000,0.451373,0.002202,0.707566,0.001266,0.037010,0.000212,0.999314
probe_part_paired_004,200.409000,0.451375,0.002220,0.706671,0.001208,0.037009,0.000207,0.999314
probe_part_paired_004,200.420000,0.451376,0.002237,0.705690,0.001146,0.037009,0.000202,0.999314
probe_part_paired_004,200.430000,0.451371,0.002200,0.704804,0.001314,0.036982,0.000108,0.999315
probe_part_paired_004,200.440000,0.451369,0.002195,0.703930,0.001317,0.036981,0.000106,0.999315
probe_part_paired_004,200.451000,0.451368,0.002155,0.702974,0.001411,0.037025,0.000172,0.999313
probe_part_paired_004,200.461000,0.451364,0.002165,0.702109,0.001364,0.037024,0.000161,0.999313
probe_part_paired_004,200.471000,0.451358,0.002178,0.701247,0.001304,0.037024,0.000150,0.999314
probe_part_paired_004,200.480000,0.451352,0.002191,0.700475,0.001245,0.037023,0.000139,0.999314
probe_part_paired_004,200.487000,0.451346,0.002200,0.699878,0.001199,0.037023,0.000131,0.999314
probe_part_paired_004,200.496000,0.451339,0.002201,0.699116,0.001172,0.037022,0.000124,0.999314
probe_part_paired_004,200.504000,0.451331,0.002196,0.698448,0.001164,0.037022,0.000122,0.999314
probe_part_paired_004,200.513000,0.451321,0.002194,0.697702,0.001142,0.037021,0.000119,0.999314
probe_part_paired_004,200.523000,0.451310,0.002190,0.696880,0.001120,0.037021,0.000117,0.999314
probe_part_paired_004,200.533000,0.451295,0.002062,0.696073,0.001617,0.037068,0.000104,0.999311
probe_part_paired_004,200.543000,0.451282,0.002049,0.695276,0.001616,0.037068,0.000097,0.999311
probe_part_paired_004,200.554000,0.451266,0.002043,0.694404,0.001589,0.037068,0.000087,0.999311
probe_part_paired_004,200.565000,0.451249,0.002043,0.693536,0.001544,0.037067,0.000076,0.999312
probe_part_paired_004,200.576000,0.451231,0.002047,0.692676,0.001484,0.037067,0.000066,0.999312
probe_part_paired_004,200.587000,0.451214,0.001988,0.691827,0.001702,0.037117,0.000126,0.999309
probe_part_paired_004,200.598000,0.451194,0.001983,0.690991,0.001664,0.037116,0.000115,0.999310
probe_part_paired_004,200.609000,0.451173,0.001982,0.690162,0.001612,0.037116,0.000104,0.999310
probe_part_paired_004,200.620000,0.451151,0.001984,0.689341,0.001550,0.037115,0.000093,0.999310
probe_part_paired_004,200.631000,0.451129,0.001989,0.688529,0.001479,0.037115,0.000081,0.999310
probe_part_paired_004,200.640000,0.451113,0.001870,0.687871,0.001961,0.037219,0.000215,0.999305
probe_part_paired_004,200.651000,0.451089,0.001846,0.687093,0.001969,0.037219,0.000206,0.999305
probe_part_paired_004,200.662000,0.451064,0.001828,0.686321,0.001960,0.037218,0.000195,0.999305
probe_part_paired_004,200.672000,0.451041,0.001815,0.685626,0.001940,0.037218,0.000184,0.999305
probe_part_paired_004,200.681000,0.451020,0.001806,0.685006,0.001912,0.037217,0.000174,0.999305
probe_part_paired_004,200.690000,0.450999,0.001800,0.684392,0.001878,0.037217,0.000164,0.999305
probe_part_paired_004,200.699000,0.450977,0.001795,0.683784,0.001836,0.037216,0.000155,0.999306
probe_part_paired_004,200.708000,0.450955,0.001793,0.683181,0.001789,0.037216,0.000145,0.999306
probe_part_paired_004,200.718000,0.450931,0.001722,0.682523,0.002047,0.037266,0.000205,0.999303
probe_part_paired_004,200.728000,0.450906,0.001709,0.681876,0.002022,0.037265,0.000194,0.999303
probe_part_paired_004,200.738000,0.450880,0.001699,0.681235,0.001987,0.037265,0.000183,0.999303
probe_part_paired_004,200.749000,0.450851,0.001692,0.680538,0.001939,0.037265,0.000170,0.999304
probe_part_paired_004,200.760000,0.450822,0.001688,0.679850,0.001882,0.037264,0.000158,0.999304
probe_part_paired_004,200.771000,0.450793,0.001687,0.679171,0.001816,0.037264,0.000146,0.999304
probe_part_paired_004,200.782000,0.450763,0.001688,0.678500,0.001743,0.037263,0.000134,0.999304
probe_part_paired_004,200.793000,0.450733,0.001691,0.677839,0.001663,0.037263,0.000121,0.999304
probe_part_paired_004,200.804000,0.450788,0.001781,0.677263,0.005109,0.037977,-0.003849,0.999258
probe_part_paired_004,200.815000,0.450751,0.001794,0.676606,0.004993,0.037970,-0.003713,0.999260
probe_part_paired_004,200.826000,0.450717,0.001801,0.675970,0.004891,0.037967,-0.003635,0.999260
probe_part_paired_004,200.837000,0.450686,0.001810,0.675345,0.004788,0.037968,-0.003628,0.999261
probe_part_paired_004,200.848000,0.450655,0.001801,0.674735,0.004735,0.037969,-0.003617,0.999261
probe_part_paired_004,200.859000,0.450625,0.001777,0.674142,0.004727,0.037968,-0.003605,0.999261
probe_part_paired_004,200.869000,0.450597,0.001753,0.673617,0.004726,0.037970,-0.003595,0.999261
probe_part_paired_004,200.879000,0.450569,0.001730,0.673100,0.004722,0.037970,-0.003585,0.999261
probe_part_paired_004,200.890000,0.450538,0.001704,0.672544,0.004718,0.037970,-0.003573,0.999261
probe_part_paired_004,200.901000,0.450510,0.001629,0.671991,0.004617,0.037979,-0.003509,0.999262
probe_part_paired_004,200.911000,0.450482,0.001606,0.671504,0.004614,0.037979,-0.003498,0.999262
probe_part_paired_004,200.922000,0.450452,0.001581,0.670977,0.004610,0.037980,-0.003486,0.999262
probe_part_paired_004,200.933000,0.450422,0.001556,0.670461,0.004607,0.037980,-0.003475,0.999262
probe_part_paired_004,200.944000,0.450391,0.001531,0.669954,0.004603,0.037980,-0.003463,0.999262
probe_part_paired_004,200.955000,0.450364,0.001457,0.669453,0.004514,0.037995,-0.003393,0.999262
probe_part_paired_004,200.966000,0.450337,0.001386,0.668961,0.004387,0.037998,-0.003337,0.999263
probe_part_paired_004,200.977000,0.450307,0.001362,0.668486,0.004383,0.037998,-0.003326,0.999263
probe_part_paired_004,200.988000,0.450278,0.001337,0.668022,0.004380,0.037998,-0.003314,0.999263
probe_part_paired_004,200.999000,0.450252,0.001266,0.667559,0.004252,0.038002,-0.003256,0.999263
probe_part_paired_004,201.010000,0.450223,0.001244,0.667115,0.004247,0.038004,-0.003246,0.999263
probe_part_paired_004,201.021000,0.450195,0.001221,0.666681,0.004243,0.038004,-0.003234,0.999263
probe_part_paired_004,201.032000,0.450169,0.001147,0.666251,0.004115,0.038009,-0.003181,0.999264
probe_part_paired_004,201.043000,0.450141,0.001125,0.665839,0.004111,0.038016,-0.003171,0.999264
probe_part_paired_004,201.054000,0.450114,0.001103,0.665435,0.004106,0.038016,-0.003160,0.999264
probe_part_paired_004,201.065000,0.450087,0.001081,0.665042,0.004103,0.038016,-0.003148,0.999264
probe_part_paired_004,201.075000,0.450063,0.001061,0.664693,0.004100,0.038017,-0.003137,0.999264
probe_part_paired_004,201.085000,0.450042,0.000997,0.664346,0.003977,0.038021,-0.003081,0.999264
probe_part_paired_004,201.094000,0.450021,0.000980,0.664047,0.003974,0.038021,-0.003072,0.999264
probe_part_paired_004,201.104000,0.450001,0.000920,0.663715,0.003845,0.038013,-0.003026,0.999265
probe_part_paired_004,201.115000,0.449976,0.000894,0.663371,0.003862,0.038013,-0.003018,0.999265
probe_part_paired_004,201.125000,0.449975,0.000774,0.663058,0.003614,0.037983,0.003587,0.999265
probe_part_paired_004,201.135000,0.449953,0.000770,0.662751,0.003572,0.037985,0.003578,0.999266
probe_part_paired_004,201.144000,0.449932,0.000732,0.662473,0.003473,0.037965,0.003515,0.999267
probe_part_paired_004,201.154000,0.449909,0.000690,0.662179,0.003400,0.037948,0.003453,0.999268
probe_part_paired_004,201.164000,0.449889,0.000675,0.661905,0.003398,0.037952,0.003446,0.999268
probe_part_paired_004,201.174000,0.449869,0.000660,0.661639,0.003396,0.037955,0.003439,0.999268
probe_part_paired_004,201.184000,0.449850,0.000644,0.661383,0.003394,0.037959,0.003431,0.999268
probe_part_paired_004,201.195000,0.449829,0.000628,0.661110,0.003392,0.037963,0.003422,0.999268
probe_part_paired_004,201.206000,0.449807,0.000587,0.660839,0.003328,0.037949,0.003363,0.999268
probe_part_paired_004,201.217000,0.449788,0.000572,0.660586,0.003327,0.037953,0.003354,0.999268
probe_part_paired_004,201.227000,0.449769,0.000537,0.660357,0.003269,0.037938,0.003297,0.999269
probe_part_paired_004,201.238000,0.449751,0.000523,0.660124,0.003267,0.037942,0.003289,0.999269
probe_part_paired_004,201.249000,0.449733,0.000509,0.659901,0.003265,0.037947,0.003281,0.999269
probe_part_paired_004,201.259000,0.449718,0.000497,0.659708,0.003263,0.037951,0.003273,0.999269
probe_part_paired_004,201.270000,0.449702,0.000485,0.659505,0.003261,0.037956,0.003264,0.999269
probe_part_paired_004,201.281000,0.449686,0.000473,0.659312,0.003258,0.037960,0.003256,0.999269
probe_part_paired_004,201.291000,0.449670,0.000425,0.659128,0.003158,0.037929,0.003157,0.999270
probe_part_paired_004,201.302000,0.449656,0.000419,0.658951,0.003148,0.037929,0.003149,0.999271
probe_part_paired_004,201.311000,0.449644,0.000396,0.658807,0.003095,0.037911,0.003098,0.999272
probe_part_paired_004,201.321000,0.449632,0.000391,0.658662,0.003085,0.037911,0.003091,0.999272
probe_part_paired_004,201.331000,0.449622,0.000385,0.658527,0.003079,0.037910,0.003085,0.999272
probe_part_paired_004,201.341000,0.449612,0.000378,0.658401,0.003076,0.037909,0.003078,0.999272
probe_part_paired_004,201.351000,0.449602,0.000371,0.658285,0.003074,0.037909,0.003071,0.999272
probe_part_paired_004,201.361000,0.449592,0.000349,0.658168,0.003028,0.037896,0.003020,0.999273
probe_part_paired_004,201.371000,0.449584,0.000346,0.658066,0.003022,0.037895,0.003014,0.999273
probe_part_paired_004,201.380000,0.449575,0.000328,0.657974,0.002975,0.037879,0.002965,0.999274
probe_part_paired_004,201.390000,0.449567,0.000315,0.657878,0.002920,0.037862,0.002915,0.999274
probe_part_paired_004,201.400000,0.449561,0.000316,0.657798,0.002903,0.037861,0.002909,0.999275
probe_part_paired_004,201.411000,0.449555,0.000316,0.657722,0.002892,0.037861,0.002902,0.999275
probe_part_paired_004,201.422000,0.449549,0.000313,0.657657,0.002887,0.037865,0.002894,0.999275
probe_part_paired_004,201.433000,0.449545,0.000311,0.657603,0.002884,0.037869,0.002886,0.999274
probe_part_paired_004,201.444000,0.449541,0.000309,0.657559,0.002883,0.037873,0.002879,0.999274
probe_part_paired_004,201.454000,0.449538,0.000307,0.657526,0.002881,0.037877,0.002873,0.999274
probe_part_paired_004,201.465000,0.449535,0.000307,0.657495,0.002875,0.037881,0.002866,0.999274
probe_part_paired_004,201.476000,0.449532,0.000311,0.657468,0.002861,0.037886,0.002857,0.999274
probe_part_paired_004,201.487000,0.449529,0.000289,0.657440,0.002793,0.037876,0.002812,0.999275
probe_part_paired_004,201.497000,0.449527,0.000291,0.657424,0.002784,0.037881,0.002804,0.999274
probe_part_paired_004,201.507000,0.449526,0.000268,0.657411,0.002824,0.037887,0.002795,0.999274
probe_part_paired_004,201.517000,0.449524,0.000157,0.657414,0.002901,0.037881,0.002777,0.999274
probe_part_paired_004,201.527000,0.449527,0.000008,0.657428,0.001830,0.038289,0.001795,0.999263
probe_part_paired_004,201.539000,0.449528,-0.000221,0.656759,0.000680,0.038376,0.001722,0.999262
probe_part_paired_004,201.554000,0.449529,-0.000506,0.653938,-0.000793,0.038489,0.001628,0.999257
probe_part_paired_004,201.571000,0.449530,-0.000829,0.648076,-0.002463,0.038616,0.001521,0.999250
probe_part_paired_004,201.588000,0.449531,-0.001151,0.639382,-0.004133,0.038744,0.001414,0.999240
probe_part_paired_004,201.606000,0.449532,-0.001493,0.627090,-0.005901,0.038879,0.001300,0.999226
probe_part_paired_004,201.623000,0.444175,-0.002169,0.624669,0.004986,-0.065933,0.003859,0.997804
probe_part_paired_004,201.640000,0.438440,-0.001890,0.622355,-0.001483,-0.184767,0.005174,0.982768
probe_part_paired_004,201.658000,0.432383,-0.001907,0.617997,-0.001683,-0.321971,0.004561,0.946737
probe_part_paired_004,201.675000,0.426684,-0.001907,0.611231,-0.002437,-0.450405,0.004560,0.892809
probe_part_paired_004,201.692000,0.420986,-0.001906,0.601633,-0.003143,-0.570100,0.004470,0.821557
probe_part_paired_004,201.710000,0.414952,-0.001906,0.588383,-0.003824,-0.684732,0.004281,0.728772
probe_part_paired_004,201.728000,0.408918,-0.001906,0.571959,-0.004422,-0.784471,0.003999,0.620137
probe_part_paired_004,201.746000,0.402884,-0.001906,0.552359,0.004924,0.867148,-0.003630,-0.498014
probe_part_paired_004,201.763000,0.397186,-0.001906,0.530932,0.005300,0.927939,-0.003209,-0.372681
probe_part_paired_004,201.766000,0.396180,-0.001906,0.526857,0.005355,0.936826,-0.003128,-0.349741
probe_part_paired_004,201.769000,0.395175,-0.001906,0.522694,0.005408,0.945146,-0.003045,-0.326589
probe_part_paired_004,201.773000,0.393834,-0.001906,0.517005,0.005473,0.955349,-0.002931,-0.295415
probe_part_paired_004,201.777000,0.392493,-0.001906,0.511160,0.005532,0.964524,-0.002815,-0.263924
probe_part_paired_004,201.789000,0.388470,-0.001906,0.492684,0.005673,0.985788,-0.002447,-0.167881
probe_part_paired_004,201.805000,0.383107,-0.001905,0.465854,0.005776,0.999280,-0.001921,-0.037461
probe_part_paired_004,201.822000,0.377409,-0.001905,0.434598,0.005777,0.994791,-0.001326,0.101764
probe_part_paired_004,201.839000,0.371710,-0.001905,0.400509,0.005665,0.970999,-0.000705,0.239015
probe_part_paired_004,201.856000,0.366011,-0.001905,0.363589,0.005444,0.928366,-0.000071,0.371628
probe_part_paired_004,201.873000,0.360313,-0.001905,0.323836,0.005117,0.867719,0.000565,0.497029
probe_part_paired_004,201.890000,0.354614,-0.001905,0.281252,0.004690,0.790234,0.001190,0.612787
probe_part_paired_004,201.908000,0.348581,-0.001905,0.233075,0.004140,0.691515,0.001826,0.722348
probe_part_paired_004,201.923000,0.343552,-0.001904,0.190502,0.003612,0.597658,0.002327,0.801739
probe_part_paired_004,201.939000,0.338189,-0.001904,0.142661,0.002988,0.487627,0.002822,0.873043
probe_part_paired_004,201.955000,0.332826,-0.001904,0.092311,0.002314,0.369212,0.003268,0.929336
probe_part_paired_004,201.971000,0.327462,-0.001904,0.039452,0.001599,0.244450,0.003658,0.969654
probe_part_paired_004,201.988000,0.309764,-0.001988,0.025929,0.002390,-0.023500,0.003205,0.999716
probe_part_paired_004,202.005000,0.300223,-0.002060,0.031566,0.002772,-0.162724,0.002949,0.986663
probe_part_paired_004,202.021000,0.291415,-0.002113,0.034613,0.002729,-0.290530,0.002406,0.956859
probe_part_paired_004,202.036000,0.283115,-0.002114,0.035298,0.001410,-0.403373,0.000275,0.915035
probe_part_paired_004,202.049000,0.275920,-0.002052,0.034222,-0.000343,-0.496584,-0.001267,0.867988
probe_part_paired_004,202.064000,0.267654,-0.001955,0.031034,-0.001743,-0.599550,-0.002123,0.800332
probe_part_paired_004,202.081000,0.258397,-0.001859,0.024859,-0.002844,-0.709404,-0.003403,0.704788
probe_part_paired_004,202.097000,0.255927,-0.001846,0.026419,-0.002950,-0.731634,-0.003309,0.681684
probe_part_paired_004,202.112000,0.254575,-0.001838,0.027190,-0.003006,-0.742856,-0.003260,0.669437
probe_part_paired_004,202.129000,0.254231,-0.001837,0.027400,-0.003020,-0.745772,-0.003248,0.666186
probe_part_paired_004,202.147000,0.255050,-0.001843,0.026747,-0.002971,-0.735719,-0.003292,0.677272
probe_part_paired_004,202.164000,0.256842,-0.001858,0.025145,-0.002857,-0.712150,-0.003392,0.702014
probe_part_paired_004,202.181000,0.257206,-0.001850,0.024987,-0.002990,-0.707065,-0.003256,0.707135
probe_part_paired_004,202.198000,0.257205,-0.001847,0.024991,-0.003024,-0.707083,-0.003222,0.707116
probe_part_paired_004,202.215000,0.257205,-0.001846,0.024992,-0.003040,-0.707086,-0.003206,0.707114
probe_part_paired_004,202.232000,0.257204,-0.001845,0.024993,-0.003052,-0.707088,-0.003193,0.707112
probe_part_paired_004,202.249000,0.257204,-0.001844,0.024994,-0.003064,-0.707090,-0.003182,0.707110
probe_part_paired_004,202.266000,0.257204,-0.001844,0.024995,-0.003073,-0.707092,-0.003173,0.707108
probe_part_paired_004,202.282000,0.257204,-0.001843,0.024996,-0.003080,-0.707093,-0.003166,0.707107
probe_part_paired_004,202.298000,0.257204,-0.001843,0.024997,-0.003087,-0.707094,-0.003159,0.707106
probe_part_paired_004,202.314000,0.257204,-0.001843,0.024997,-0.003091,-0.707095,-0.003154,0.707105
probe_part_paired_004,202.329000,0.257204,-0.001842,0.024997,-0.003096,-0.707095,-0.003150,0.707104
probe_part_paired_004,202.345000,0.257204,-0.001842,0.024998,-0.003101,-0.707096,-0.003145,0.707104
probe_part_paired_004,202.361000,0.257204,-0.001842,0.024998,-0.003104,-0.707097,-0.003142,0.707103
probe_part_paired_004,202.377000,0.257204,-0.001841,0.024998,-0.003106,-0.707097,-0.003140,0.707103
probe_part_paired_004,202.393000,0.257204,-0.001841,0.024999,-0.003108,-0.707097,-0.003138,0.707102
probe_part_paired_004,202.408000,0.257204,-0.001841,0.024999,-0.003110,-0.707098,-0.003135,0.707102
probe_part_paired_004,202.424000,0.257204,-0.001841,0.024999,-0.003113,-0.707098,-0.003133,0.707102
probe_part_paired_004,202.441000,0.257204,-0.001841,0.024999,-0.003114,-0.707098,-0.003132,0.707101
probe_part_paired_004,202.458000,0.257204,-0.001841,0.024999,-0.003116,-0.707099,-0.003130,0.707101
probe_part_paired_004,202.475000,0.257204,-0.001841,0.024999,-0.003117,-0.707099,-0.003129,0.707101
probe_part_paired_004,202.491000,0.257204,-0.001841,0.025000,-0.003118,-0.707099,-0.003128,0.707101
probe_part_paired_004,202.508000,0.257204,-0.001841,0.025000,-0.003118,-0.707099,-0.003128,0.707101
probe_part_paired_004,202.525000,0.257204,-0.001841,0.025000,-0.003119,-0.707099,-0.003127,0.707101
probe_part_paired_004,202.542000,0.257204,-0.001841,0.025000,-0.003120,-0.707099,-0.003126,0.707100
probe_part_paired_004,202.558000,0.257204,-0.001841,0.025000,-0.003120,-0.707099,-0.003126,0.707100
probe_part_paired_004,202.571000,0.257204,-0.001841,0.025000,-0.003120,-0.707099,-0.003126,0.707100
probe_part_paired_004,202.587000,0.257204,-0.001840,0.025000,-0.003121,-0.707100,-0.003125,0.707100
probe_part_paired_004,202.603000,0.257204,-0.001840,0.025000,-0.003121,-0.707100,-0.003125,0.707100
probe_part_paired_004,202.619000,0.257204,-0.001840,0.025000,-0.003121,-0.707100,-0.003125,0.707100
probe_part_paired_004,202.635000,0.257204,-0.001840,0.025000,-0.003121,-0.707100,-0.003125,0.707100
probe_part_paired_004,202.651000,0.257204,-0.001840,0.025000,-0.003122,-0.707100,-0.003124,0.707100
probe_part_paired_004,202.668000,0.257204,-0.001840,0.025000,-0.003122,-0.707100,-0.003124,0.707100
probe_part_paired_004,202.685000,0.257204,-0.001840,0.025000,-0.003122,-0.707100,-0.003124,0.707100
probe_part_paired_004,202.702000,0.257204,-0.001840,0.025000,-0.003122,-0.707100,-0.003124,0.707100
probe_part_paired_004,202.719000,0.257204,-0.001840,0.025000,-0.003122,-0.707100,-0.003124,0.707100
probe_part_paired_004,202.735000,0.257204,-0.001840,0.025000,-0.003122,-0.707100,-0.003124,0.707100
probe_part_paired_004,202.752000,0.257204,-0.001840,0.025000,-0.003122,-0.707100,-0.003124,0.707100
probe_part_paired_004,202.769000,0.257204,-0.001840,0.025000,-0.003122,-0.707100,-0.003124,0.707100
probe_part_paired_004,202.786000,0.257204,-0.001840,0.025000,-0.003122,-0.707100,-0.003124,0.707100
probe_part_paired_004,202.803000,0.257204,-0.001840,0.025000,-0.003122,-0.707100,-0.003124,0.707100
probe_part_paired_004,202.820000,0.257204,-0.001840,0.025000,-0.003122,-0.707100,-0.003124,0.707100
probe_part_paired_004,202.837000,0.257204,-0.001840,0.025000,-0.003122,-0.707100,-0.003124,0.707100
probe_part_paired_004,202.854000,0.257204,-0.001840,0.025000,-0.003122,-0.707100,-0.003124,0.707100
probe_part_paired_004,202.871000,0.257204,-0.001840,0.025000,-0.003122,-0.707100,-0.003124,0.707100
probe_part_paired_004,202.887000,0.257204,-0.001840,0.025000,-0.003123,-0.707100,-0.003123,0.707100
probe_part_paired_004,202.903000,0.257204,-0.001840,0.025000,-0.003123,-0.707100,-0.003123,0.707100
probe_part_paired_004,202.918000,0.257204,-0.001840,0.025000,-0.003123,-0.707100,-0.003123,0.707100
probe_part_paired_004,202.934000,0.257204,-0.001840,0.025000,-0.003123,-0.707100,-0.003123,0.707100
probe_part_paired_004,202.949000,0.257204,-0.001840,0.025000,-0.003123,-0.707100,-0.003123,0.707100
probe_part_paired_004,202.964000,0.257204,-0.001840,0.025000,-0.003123,-0.707100,-0.003123,0.707100
probe_part_paired_004,202.980000,0.257204,-0.001840,0.025000,-0.003123,-0.707100,-0.003123,0.707100
probe_part_paired_004,202.996000,0.257204,-0.001840,0.025000,-0.003123,-0.707100,-0.003123,0.707100
probe_part_paired_004,203.013000,0.257204,-0.001840,0.025000,-0.003123,-0.707100,-0.003123,0.707100
probe_part_paired_004,203.029000,0.257204,-0.001840,0.025000,-0.003123,-0.707100,-0.003123,0.707100
probe_part_paired_004,203.045000,0.257204,-0.001840,0.025000,-0.003123,-0.707100,-0.003123,0.707100
probe_part_paired_004,203.062000,0.257204,-0.001840,0.025000,-0.003123,-0.707100,-0.003123,0.707100
probe_part_paired_004,203.078000,0.257204,-0.001840,0.025000,-0.003123,-0.707100,-0.003123,0.707100
probe_part_paired_004,203.095000,0.257204,-0.001840,0.025000,-0.003123,-0.707100,-0.003123,0.707100
probe_part_paired_004,203.113000,0.257204,-0.001840,0.025000,-0.003123,-0.707100,-0.003123,0.707100
probe_part_paired_004,203.122000,0.257204,-0.001840,0.025000,-0.003123,-0.707100,-0.003123,0.707100
probe_part_paired_004,203.128000,0.257204,-0.001840,0.025000,-0.003123,-0.707100,-0.003123,0.707100
probe_part_paired_004,203.140000,0.257204,-0.001840,0.025000,-0.003123,-0.707100,-0.003123,0.707100
probe_part_paired_004,203.153000,0.257204,-0.001840,0.025000,-0.003123,-0.707100,-0.003123,0.707100
probe_part_paired_004,203.168000,0.257204,-0.001840,0.025000,-0.003123,-0.707100,-0.003123,0.707100
probe_part_paired_004,203.183000,0.257204,-0.001840,0.025000,-0.003123,-0.707100,-0.003123,0.707100
probe_part_paired_004,203.199000,0.257204,-0.001840,0.025000,-0.003123,-0.707100,-0.003123,0.707100
probe_part_paired_004,203.216000,0.257204,-0.001840,0.025000,-0.003123,-0.707100,-0.003123,0.707100
probe_part_paired_004,203.233000,0.257204,-0.001840,0.025000,-0.003123,-0.707100,-0.003123,0.707100
probe_part_paired_004,203.249000,0.257204,-0.001840,0.025000,-0.003123,-0.707100,-0.003123,0.707100
probe_part_paired_004,203.262000,0.257204,-0.001840,0.025000,-0.003123,-0.707100,-0.003123,0.707100
probe_part_paired_004,203.278000,0.257204,-0.001840,0.025000,-0.003123,-0.707100,-0.003123,0.707100
probe_part_paired_004,203.286000,0.257204,-0.001840,0.025000,-0.003123,-0.707100,-0.003123,0.707100
probe_part_paired_004,203.299000,0.257204,-0.001840,0.025000,-0.003123,-0.707100,-0.003123,0.707100
probe_part_paired_004,203.314000,0.257204,-0.001840,0.025000,-0.003123,-0.707100,-0.003123,0.707100
probe_part_paired_004,203.329000,0.257204,-0.001840,0.025000,-0.003123,-0.707100,-0.003123,0.707100
probe_part_paired_004,203.344000,0.257204,-0.001840,0.025000,-0.003123,-0.707100,-0.003123,0.707100
probe_part_paired_004,203.360000,0.257204,-0.001840,0.025000,-0.003123,-0.707100,-0.003123,0.707100
probe_part_paired_004,203.375000,0.257204,-0.001840,0.025000,-0.003123,-0.707100,-0.003123,0.707100
probe_part_paired_004,203.391000,0.257204,-0.001840,0.025000,-0.003123,-0.707100,-0.003123,0.707100
probe_part_paired_004,203.407000,0.257204,-0.001840,0.025000,-0.003123,-0.707100,-0.003123,0.707100
probe_part_paired_004,203.424000,0.257204,-0.001840,0.025000,-0.003123,-0.707100,-0.003123,0.707100
probe_part_paired_004,203.441000,0.257204,-0.001840,0.025000,-0.003123,-0.707100,-0.003123,0.707100
probe_part_paired_004,203.458000,0.257204,-0.001840,0.025000,-0.003123,-0.707100,-0.003123,0.707100
probe_part_paired_004,203.475000,0.257204,-0.001840,0.025000,-0.003123,-0.707100,-0.003123,0.707100
probe_part_paired_004,203.492000,0.257204,-0.001840,0.025000,-0.003123,-0.707100,-0.003123,0.707100
probe_part_paired_004,203.509000,0.257204,-0.001840,0.025000,-0.003123,-0.707100,-0.003123,0.707100
probe_part_paired_004,203.526000,0.257204,-0.001840,0.025000,-0.003123,-0.707100,-0.003123,0.707100
probe_part_paired_004,203.543000,0.257204,-0.001840,0.025000,-0.003123,-0.707100,-0.003123,0.707100
probe_part_paired_004,203.561000,0.257204,-0.001840,0.025000,-0.003123,-0.707100,-0.003123,0.707100
probe_part_paired_004,203.578000,0.257204,-0.001840,0.025000,-0.003123,-0.707100,-0.003123,0.707100
probe_part_paired_004,203.595000,0.257204,-0.001840,0.025000,-0.003123,-0.707100,-0.003123,0.707100
probe_part_paired_004,203.612000,0.257204,-0.001840,0.025000,-0.003123,-0.707100,-0.003123,0.707100
probe_part_paired_004,203.630000,0.257204,-0.001840,0.025000,-0.003123,-0.707100,-0.003123,0.707100
probe_part_paired_004,203.645000,0.257204,-0.001840,0.025000,-0.003123,-0.707100,-0.003123,0.707100
probe_part_paired_004,203.660000,0.257204,-0.001840,0.025000,-0.003123,-0.707100,-0.003123,0.707100
probe_part_paired_004,203.676000,0.257204,-0.001840,0.025000,-0.003123,-0.707100,-0.003123,0.707100
probe_part_paired_004,203.693000,0.257204,-0.001840,0.025000,-0.003123,-0.707100,-0.003123,0.707100
probe_part_paired_004,203.710000,0.257204,-0.001840,0.025000,-0.003123,-0.707100,-0.003123,0.707100
probe_part_paired_004,203.727000,0.257204,-0.001840,0.025000,-0.003123,-0.707100,-0.003123,0.707100
probe_part_paired_004,203.743000,0.257204,-0.001840,0.025000,-0.003123,-0.707100,-0.003123,0.707100
probe_part_paired_004,203.759000,0.257204,-0.001840,0.025000,-0.003123,-0.707100,-0.003123,0.707100
probe_part_paired_004,203.776000,0.257204,-0.001840,0.025000,-0.003123,-0.707100,-0.003123,0.707100
probe_part_paired_004,203.790000,0.257204,-0.001840,0.025000,-0.003123,-0.707100,-0.003123,0.707100
probe_part_paired_004,203.807000,0.257204,-0.001840,0.025000,-0.003123,-0.707100,-0.003123,0.707100
probe_part_paired_004,203.822000,0.257204,-0.001840,0.025000,-0.003123,-0.707100,-0.003123,0.707100
probe_part_paired_004,203.839000,0.257204,-0.001840,0.025000,-0.003123,-0.707100,-0.003123,0.707100
probe_part_paired_004,203.855000,0.257204,-0.001840,0.025000,-0.003123,-0.707100,-0.003123,0.707100
probe_part_paired_004,203.870000,0.257204,-0.001840,0.025000,-0.003123,-0.707100,-0.003123,0.707100
probe_part_paired_004,203.886000,0.257204,-0.001840,0.025000,-0.003123,-0.707100,-0.003123,0.707100
probe_part_paired_004,203.899000,0.257204,-0.001840,0.025000,-0.003123,-0.707100,-0.003123,0.707100
probe_part_paired_004,203.912000,0.257204,-0.001840,0.025000,-0.003123,-0.707100,-0.003123,0.707100
probe_part_paired_004,203.928000,0.257204,-0.001840,0.025000,-0.003123,-0.707100,-0.003123,0.707100
probe_part_paired_004,203.944000,0.257204,-0.001840,0.025000,-0.003123,-0.707100,-0.003123,0.707100
probe_part_paired_004,203.961000,0.257204,-0.001840,0.025000,-0.003123,-0.707100,-0.003123,0.707100
probe_part_paired_004,203.977000,0.257204,-0.001840,0.025000,-0.003123,-0.707100,-0.003123,0.707100
probe_part_paired_004,203.994000,0.257204,-0.001840,0.025000,-0.003123,-0.707100,-0.003123,0.707100
probe_part_paired_004,204.011000,0.257204,-0.001840,0.025000,-0.003123,-0.707100,-0.003123,0.707100
probe_part_paired_004,204.028000,0.257204,-0.001840,0.025000,-0.003123,-0.707100,-0.003123,0.707100
probe_part_paired_004,204.045000,0.257204,-0.001840,0.025000,-0.003123,-0.707100,-0.003123,0.707100
probe_part_paired_004,204.062000,0.257204,-0.001840,0.025000,-0.003123,-0.707100,-0.003123,0.707100
probe_part_paired_004,204.078000,0.257204,-0.001840,0.025000,-0.003123,-0.707100,-0.003123,0.707100
probe_part_paired_004,204.094000,0.257204,-0.001840,0.025000,-0.003123,-0.707100,-0.003123,0.707100
probe_part_paired_004,204.110000,0.257204,-0.001840,0.025000,-0.003123,-0.707100,-0.003123,0.707100
probe_part_paired_004,204.127000,0.257204,-0.001840,0.025000,-0.003123,-0.707100,-0.003123,0.707100
probe_part_paired_004,204.144000,0.257204,-0.001840,0.025000,-0.003123,-0.707100,-0.003123,0.707100
probe_part_paired_004,204.161000,0.257204,-0.001840,0.025000,-0.003123,-0.707100,-0.003123,0.707100
probe_part_paired_004,204.178000,0.257204,-0.001840,0.025000,-0.003123,-0.707100,-0.003123,0.707100
probe_part_paired_004,204.195000,0.257204,-0.001840,0.025000,-0.003123,-0.707100,-0.003123,0.707100
probe_part_paired_004,204.212000,0.257204,-0.001840,0.025000,-0.003123,-0.707100,-0.003123,0.707100
probe_part_paired_004,204.229000,0.257204,-0.001840,0.025000,-0.003123,-0.707100,-0.003123,0.707100
probe_part_paired_004,204.246000,0.257204,-0.001840,0.025000,-0.003123,-0.707100,-0.003123,0.707100
probe_part_paired_004,204.263000,0.257204,-0.001840,0.025000,-0.003123,-0.707100,-0.003123,0.707100
probe_part_paired_004,204.280000,0.257204,-0.001840,0.025000,-0.003123,-0.707100,-0.003123,0.707100
probe_part_paired_004,204.297000,0.257204,-0.001840,0.025000,-0.003123,-0.707100,-0.003123,0.707100
probe_part_paired_004,204.314000,0.257204,-0.001840,0.025000,-0.003123,-0.707100,-0.003123,0.707100
probe_part_paired_004,204.330000,0.257204,-0.001840,0.025000,-0.003123,-0.707100,-0.003123,0.707100
probe_part_paired_004,204.347000,0.257204,-0.001840,0.025000,-0.003123,-0.707100,-0.003123,0.707100
probe_part_paired_004,204.365000,0.257204,-0.001840,0.025000,-0.003123,-0.707100,-0.003123,0.707100
probe_part_paired_004,204.382000,0.257204,-0.001840,0.025000,-0.003123,-0.707100,-0.003123,0.707100
probe_part_paired_004,204.399000,0.257204,-0.001840,0.025000,-0.003123,-0.707100,-0.003123,0.707100
probe_part_paired_004,204.416000,0.257204,-0.001840,0.025000,-0.003123,-0.707100,-0.003123,0.707100
probe_part_paired_004,204.434000,0.257204,-0.001840,0.025000,-0.003123,-0.707100,-0.003123,0.707100
probe_part_paired_004,204.452000,0.257204,-0.001840,0.025000,-0.003123,-0.707100,-0.003123,0.707100
probe_part_paired_004,204.469000,0.257204,-0.001840,0.025000,-0.003123,-0.707100,-0.003123,0.707100
probe_part_paired_004,204.485000,0.257204,-0.001840,0.025000,-0.003123,-0.707100,-0.003123,0.707100
probe_part_paired_004,204.502000,0.257204,-0.001840,0.025000,-0.003123,-0.707100,-0.003123,0.707100
probe_part_paired_004,204.518000,0.257204,-0.001840,0.025000,-0.003123,-0.707100,-0.003123,0.707100
probe_part_paired_004,204.535000,0.257204,-0.001840,0.025000,-0.003123,-0.707100,-0.003123,0.707100
probe_part_paired_004,204.552000,0.257204,-0.001840,0.025000,-0.003123,-0.707100,-0.003123,0.707100
probe_part_paired_004,204.569000,0.257204,-0.001840,0.025000,-0.003123,-0.707100,-0.003123,0.707100
probe_part_paired_004,204.586000,0.257204,-0.001840,0.025000,-0.003123,-0.707100,-0.003123,0.707100
probe_part_paired_004,204.602000,0.257204,-0.001840,0.025000,-0.003123,-0.707100,-0.003123,0.707100
probe_part_paired_004,204.619000,0.257204,-0.001840,0.025000,-0.003123,-0.707100,-0.003123,0.707100
probe_part_paired_004,204.636000,0.257204,-0.001840,0.025000,-0.003123,-0.707100,-0.003123,0.707100
probe_part_paired_004,204.653000,0.257204,-0.001840,0.025000,-0.003123,-0.707100,-0.003123,0.707100
probe_part_paired_004,204.670000,0.257204,-0.001840,0.025000,-0.003123,-0.707100,-0.003123,0.707100
probe_part_paired_004,204.687000,0.257204,-0.001840,0.025000,-0.003123,-0.707100,-0.003123,0.707100
probe_part_paired_004,204.704000,0.257204,-0.001840,0.025000,-0.003123,-0.707100,-0.003123,0.707100
probe_part_paired_004,204.721000,0.257204,-0.001840,0.025000,-0.003123,-0.707100,-0.003123,0.707100
probe_part_paired_004,204.738000,0.257204,-0.001840,0.025000,-0.003123,-0.707100,-0.003123,0.707100
probe_part_paired_004,204.756000,0.257204,-0.001840,0.025000,-0.003123,-0.707100,-0.003123,0.707100
probe_part_paired_004,204.772000,0.257204,-0.001840,0.025000,-0.003123,-0.707100,-0.003123,0.707100
probe_part_paired_004,204.789000,0.257204,-0.001840,0.025000,-0.003123,-0.707100,-0.003123,0.707100
probe_part_paired_004,204.806000,0.257204,-0.001840,0.025000,-0.003123,-0.707100,-0.003123,0.707100
probe_part_paired_004,204.823000,0.257204,-0.001840,0.025000,-0.003123,-0.707100,-0.003123,0.707100
probe_part_paired_004,204.840000,0.257204,-0.001840,0.025000,-0.003123,-0.707100,-0.003123,0.707100
probe_part_paired_004,204.855000,0.257204,-0.001840,0.025000,-0.003123,-0.707100,-0.003123,0.707100
probe_part_paired_004,204.871000,0.257204,-0.001840,0.025000,-0.003123,-0.707100,-0.003123,0.707100
probe_part_paired_004,204.888000,0.257204,-0.001840,0.025000,-0.003123,-0.707100,-0.003123,0.707100
probe_part_paired_004,204.904000,0.257204,-0.001840,0.025000,-0.003123,-0.707100,-0.003123,0.707100
probe_part_paired_004,204.921000,0.257204,-0.001840,0.025000,-0.003123,-0.707100,-0.003123,0.707100
probe_part_paired_004,204.937000,0.257204,-0.001840,0.025000,-0.003123,-0.707100,-0.003123,0.707100
probe_part_paired_004,204.954000,0.257204,-0.001840,0.025000,-0.003123,-0.707100,-0.003123,0.707100
probe_part_paired_004,204.970000,0.257204,-0.001840,0.025000,-0.003123,-0.707100,-0.003123,0.707100
probe_part_paired_004,204.986000,0.257204,-0.001840,0.025000,-0.003123,-0.707100,-0.003123,0.707100
probe_part_paired_004,205.003000,0.257204,-0.001840,0.025000,-0.003123,-0.707100,-0.003123,0.707100
probe_part_paired_004,205.019000,0.257204,-0.001840,0.025000,-0.003123,-0.707100,-0.003123,0.707100
probe_part_paired_004,205.034000,0.257204,-0.001840,0.025000,-0.003123,-0.707100,-0.003123,0.707100
probe_part_paired_004,205.050000,0.257204,-0.001840,0.025000,-0.003123,-0.707100,-0.003123,0.707100
probe_part_paired_004,205.066000,0.257204,-0.001840,0.025000,-0.003123,-0.707100,-0.003123,0.707100
probe_part_paired_004,205.083000,0.257204,-0.001840,0.025000,-0.003123,-0.707100,-0.003123,0.707100
probe_part_paired_004,205.100000,0.257204,-0.001840,0.025000,-0.003123,-0.707100,-0.003123,0.707100
probe_part_paired_004,205.116000,0.257204,-0.001840,0.025000,-0.003123,-0.707100,-0.003123,0.707100
probe_part_paired_004,205.133000,0.257204,-0.001840,0.025000,-0.003123,-0.707100,-0.003123,0.707100
probe_part_paired_004,205.150000,0.257204,-0.001840,0.025000,-0.003123,-0.707100,-0.003123,0.707100
probe_part_paired_004,205.167000,0.257204,-0.001840,0.025000,-0.003123,-0.707100,-0.003123,0.707100
probe_part_paired_004,205.184000,0.257204,-0.001840,0.025000,-0.003123,-0.707100,-0.003123,0.707100
probe_part_paired_004,205.200000,0.257204,-0.001840,0.025000,-0.003123,-0.707100,-0.003123,0.707100
probe_part_paired_004,205.217000,0.257204,-0.001840,0.025000,-0.003123,-0.707100,-0.003123,0.707100
probe_part_paired_004,205.234000,0.257204,-0.001840,0.025000,-0.003123,-0.707100,-0.003123,0.707100
probe_part_paired_004,205.252000,0.257204,-0.001840,0.025000,-0.003123,-0.707100,-0.003123,0.707100
probe_part_paired_004,205.269000,0.257204,-0.001840,0.025000,-0.003123,-0.707100,-0.003123,0.707100
probe_part_paired_004,205.286000,0.257204,-0.001840,0.025000,-0.003123,-0.707100,-0.003123,0.707100
probe_part_paired_004,205.302000,0.257204,-0.001840,0.025000,-0.003123,-0.707100,-0.003123,0.707100
probe_part_paired_004,205.318000,0.257204,-0.001840,0.025000,-0.003123,-0.707100,-0.003123,0.707100
probe_part_paired_004,205.335000,0.257204,-0.001840,0.025000,-0.003123,-0.707100,-0.003123,0.707100
probe_part_paired_004,205.352000,0.257204,-0.001840,0.025000,-0.003123,-0.707100,-0.003123,0.707100
probe_part_paired_004,205.368000,0.257204,-0.001840,0.025000,-0.003123,-0.707100,-0.003123,0.707100
probe_part_paired_004,205.385000,0.257204,-0.001840,0.025000,-0.003123,-0.707100,-0.003123,0.707100
probe_part_paired_004,205.402000,0.257204,-0.001840,0.025000,-0.003123,-0.707100,-0.003123,0.707100
probe_part_paired_004,205.419000,0.257204,-0.001840,0.025000,-0.003123,-0.707100,-0.003123,0.707100
probe_part_paired_004,205.435000,0.257204,-0.001840,0.025000,-0.003123,-0.707100,-0.003123,0.707100
probe_part_paired_004,205.452000,0.257204,-0.001840,0.025000,-0.003123,-0.707100,-0.003123,0.707100
probe_part_paired_004,205.469000,0.257204,-0.001840,0.025000,-0.003123,-0.707100,-0.003123,0.707100
probe_part_paired_004,205.486000,0.257204,-0.001840,0.025000,-0.003123,-0.707100,-0.003123,0.707100
probe_part_paired_004,205.502000,0.257204,-0.001840,0.025000,-0.003123,-0.707100,-0.003123,0.707100
probe_part_paired_004,205.519000,0.257204,-0.001840,0.025000,-0.003123,-0.707100,-0.003123,0.707100
probe_part_paired_004,205.535000,0.257204,-0.001840,0.025000,-0.003123,-0.707100,-0.003123,0.707100
probe_part_paired_004,205.551000,0.257204,-0.001840,0.025000,-0.003123,-0.707100,-0.003123,0.707100
probe_part_paired_004,205.567000,0.257204,-0.001840,0.025000,-0.003123,-0.707100,-0.003123,0.707100
probe_part_paired_004,205.584000,0.257204,-0.001840,0.025000,-0.003123,-0.707100,-0.003123,0.707100
probe_part_paired_004,205.601000,0.257204,-0.001840,0.025000,-0.003123,-0.707100,-0.003123,0.707100
probe_part_paired_004,205.618000,0.257204,-0.001840,0.025000,-0.003123,-0.707100,-0.003123,0.707100
probe_part_paired_004,205.635000,0.257204,-0.001840,0.025000,-0.003123,-0.707100,-0.003123,0.707100
probe_part_paired_004,205.652000,0.257204,-0.001840,0.025000,-0.003123,-0.707100,-0.003123,0.707100
probe_part_paired_004,205.669000,0.257204,-0.001840,0.025000,-0.003123,-0.707100,-0.003123,0.707100
probe_part_paired_004,205.686000,0.257204,-0.001840,0.025000,-0.003123,-0.707100,-0.003123,0.707100
probe_part_paired_004,205.702000,0.257204,-0.001840,0.025000,-0.003123,-0.707100,-0.003123,0.707100
probe_part_paired_004,205.719000,0.257204,-0.001840,0.025000,-0.003123,-0.707100,-0.003123,0.707100
probe_part_paired_004,205.735000,0.257204,-0.001840,0.025000,-0.003123,-0.707100,-0.003123,0.707100
probe_part_paired_004,205.752000,0.257204,-0.001840,0.025000,-0.003123,-0.707100,-0.003123,0.707100
probe_part_paired_004,205.769000,0.257204,-0.001840,0.025000,-0.003123,-0.707100,-0.003123,0.707100
probe_part_paired_004,205.785000,0.257204,-0.001840,0.025000,-0.003123,-0.707100,-0.003123,0.707100
probe_part_paired_004,205.801000,0.257204,-0.001840,0.025000,-0.003123,-0.707100,-0.003123,0.707100
probe_part_paired_004,205.818000,0.257204,-0.001840,0.025000,-0.003123,-0.707100,-0.003123,0.707100
probe_part_paired_004,205.835000,0.257204,-0.001840,0.025000,-0.003123,-0.707100,-0.003123,0.707100
probe_part_paired_004,205.851000,0.257204,-0.001840,0.025000,-0.003123,-0.707100,-0.003123,0.707100
probe_part_paired_004,205.868000,0.257204,-0.001840,0.025000,-0.003123,-0.707100,-0.003123,0.707100
probe_part_paired_004,205.885000,0.257204,-0.001840,0.025000,-0.003123,-0.707100,-0.003123,0.707100
probe_part_paired_004,205.901000,0.257204,-0.001840,0.025000,-0.003123,-0.707100,-0.003123,0.707100
probe_part_paired_004,205.917000,0.257204,-0.001840,0.025000,-0.003123,-0.707100,-0.003123,0.707100
probe_part_paired_004,205.934000,0.257204,-0.001840,0.025000,-0.003123,-0.707100,-0.003123,0.707100
probe_part_paired_004,205.951000,0.257204,-0.001840,0.025000,-0.003123,-0.707100,-0.003123,0.707100
probe_part_paired_004,205.969000,0.257204,-0.001840,0.025000,-0.003123,-0.707100,-0.003123,0.707100
probe_part_paired_004,205.987000,0.257204,-0.001840,0.025000,-0.003123,-0.707100,-0.003123,0.707100
probe_part_paired_004,206.003000,0.257204,-0.001840,0.025000,-0.003123,-0.707100,-0.003123,0.707100
probe_part_paired_004,206.019000,0.257204,-0.001840,0.025000,-0.003123,-0.707100,-0.003123,0.707100
probe_part_paired_004,206.035000,0.257204,-0.001840,0.025000,-0.003123,-0.707100,-0.003123,0.707100
probe_part_paired_004,206.053000,0.257204,-0.001840,0.025000,-0.003123,-0.707100,-0.003123,0.707100
probe_part_paired_004,206.070000,0.257204,-0.001840,0.025000,-0.003123,-0.707100,-0.003123,0.707100
probe_part_paired_004,206.086000,0.257204,-0.001840,0.025000,-0.003123,-0.707100,-0.003123,0.707100
probe_part_paired_004,206.102000,0.257204,-0.001840,0.025000,-0.003123,-0.707100,-0.003123,0.707100
probe_part_paired_004,206.118000,0.257204,-0.001840,0.025000,-0.003123,-0.707100,-0.003123,0.707100
probe_part_paired_004,206.135000,0.257204,-0.001840,0.025000,-0.003123,-0.707100,-0.003123,0.707100
probe_part_paired_004,206.151000,0.257204,-0.001840,0.025000,-0.003123,-0.707100,-0.003123,0.707100
probe_part_paired_004,206.168000,0.257204,-0.001840,0.025000,-0.003123,-0.707100,-0.003123,0.707100
probe_part_paired_004,206.185000,0.257204,-0.001840,0.025000,-0.003123,-0.707100,-0.003123,0.707100
probe_part_paired_004,206.202000,0.257204,-0.001840,0.025000,-0.003123,-0.707100,-0.003123,0.707100
probe_part_paired_004,206.218000,0.257204,-0.001840,0.025000,-0.003123,-0.707100,-0.003123,0.707100
probe_part_paired_004,206.234000,0.257204,-0.001840,0.025000,-0.003123,-0.707100,-0.003123,0.707100
probe_part_paired_004,206.251000,0.257204,-0.001840,0.025000,-0.003123,-0.707100,-0.003123,0.707100
probe_part_paired_004,206.268000,0.257204,-0.001840,0.025000,-0.003123,-0.707100,-0.003123,0.707100
probe_part_paired_004,206.284000,0.257204,-0.001840,0.025000,-0.003123,-0.707100,-0.003123,0.707100
probe_part_paired_004,206.301000,0.257204,-0.001840,0.025000,-0.003123,-0.707100,-0.003123,0.707100
probe_part_paired_004,206.318000,0.257204,-0.001840,0.025000,-0.003123,-0.707100,-0.003123,0.707100
probe_part_paired_004,206.335000,0.257204,-0.001840,0.025000,-0.003123,-0.707100,-0.003123,0.707100
probe_part_paired_004,206.352000,0.257204,-0.001840,0.025000,-0.003123,-0.707100,-0.003123,0.707100
probe_part_paired_004,206.368000,0.257204,-0.001840,0.025000,-0.003123,-0.707100,-0.003123,0.707100
probe_part_paired_004,206.385000,0.257204,-0.001840,0.025000,-0.003123,-0.707100,-0.003123,0.707100
probe_part_paired_004,206.402000,0.257204,-0.001840,0.025000,-0.003123,-0.707100,-0.003123,0.707100
probe_part_paired_004,206.419000,0.257204,-0.001840,0.025000,-0.003123,-0.707100,-0.003123,0.707100
probe_part_paired_004,206.436000,0.257204,-0.001840,0.025000,-0.003123,-0.707100,-0.003123,0.707100
probe_part_paired_004,206.454000,0.257204,-0.001840,0.025000,-0.003123,-0.707100,-0.003123,0.707100
probe_part_paired_004,206.472000,0.257204,-0.001840,0.025000,-0.003123,-0.707100,-0.003123,0.707100
probe_part_paired_004,206.489000,0.257204,-0.001840,0.025000,-0.003123,-0.707100,-0.003123,0.707100
probe_part_paired_004,206.506000,0.257204,-0.001840,0.025000,-0.003123,-0.707100,-0.003123,0.707100
probe_part_paired_004,206.523000,0.257204,-0.001840,0.025000,-0.003123,-0.707100,-0.003123,0.707100
probe_part_paired_004,206.540000,0.257204,-0.001840,0.025000,-0.003123,-0.707100,-0.003123,0.707100
probe_part_paired_004,206.557000,0.257204,-0.001840,0.025000,-0.003123,-0.707100,-0.003123,0.707100
probe_part_paired_004,206.575000,0.257204,-0.001840,0.025000,-0.003123,-0.707100,-0.003123,0.707100
probe_part_paired_004,206.591000,0.257204,-0.001840,0.025000,-0.003123,-0.707100,-0.003123,0.707100
probe_part_paired_004,206.608000,0.257204,-0.001840,0.025000,-0.003123,-0.707100,-0.003123,0.707100
probe_part_paired_004,206.624000,0.257204,-0.001840,0.025000,-0.003123,-0.707100,-0.003123,0.707100
probe_part_paired_004,206.638000,0.257204,-0.001840,0.025000,-0.003123,-0.707100,-0.003123,0.707100
probe_part_paired_004,206.654000,0.257204,-0.001840,0.025000,-0.003123,-0.707100,-0.003123,0.707100
probe_part_paired_004,206.671000,0.257204,-0.001840,0.025000,-0.003123,-0.707100,-0.003123,0.707100
probe_part_paired_004,206.687000,0.257204,-0.001840,0.025000,-0.003123,-0.707100,-0.003123,0.707100
probe_part_paired_004,206.704000,0.257204,-0.001840,0.025000,-0.003123,-0.707100,-0.003123,0.707100
probe_part_paired_004,206.721000,0.257204,-0.001840,0.025000,-0.003123,-0.707100,-0.003123,0.707100
probe_part_paired_004,206.739000,0.257204,-0.001840,0.025000,-0.003123,-0.707100,-0.003123,0.707100
probe_part_paired_004,206.756000,0.257204,-0.001840,0.025000,-0.003123,-0.707100,-0.003123,0.707100
probe_part_paired_004,206.771000,0.257204,-0.001840,0.025000,-0.003123,-0.707100,-0.003123,0.707100
probe_part_paired_004,206.786000,0.257204,-0.001840,0.025000,-0.003123,-0.707100,-0.003123,0.707100
probe_part_paired_004,206.801000,0.257204,-0.001840,0.025000,-0.003123,-0.707100,-0.003123,0.707100
probe_part_paired_004,206.817000,0.257204,-0.001840,0.025000,-0.003123,-0.707100,-0.003123,0.707100
probe_part_paired_004,206.828000,0.257204,-0.001840,0.025000,-0.003123,-0.707100,-0.003123,0.707100
probe_part_paired_004,206.842000,0.257204,-0.001840,0.025000,-0.003123,-0.707100,-0.003123,0.707100
probe_part_paired_004,206.858000,0.257204,-0.001840,0.025000,-0.003123,-0.707100,-0.003123,0.707100
probe_part_paired_004,206.874000,0.257204,-0.001840,0.025000,-0.003123,-0.707100,-0.003123,0.707100
probe_part_paired_004,206.889000,0.257204,-0.001840,0.025000,-0.003123,-0.707100,-0.003123,0.707100
probe_part_paired_004,206.906000,0.257204,-0.001840,0.025000,-0.003123,-0.707100,-0.003123,0.707100
probe_part_paired_004,206.922000,0.257204,-0.001840,0.025000,-0.003123,-0.707100,-0.003123,0.707100
probe_part_paired_004,206.939000,0.257204,-0.001840,0.025000,-0.003123,-0.707100,-0.003123,0.707100
probe_part_paired_004,206.956000,0.257204,-0.001840,0.025000,-0.003123,-0.707100,-0.003123,0.707100
probe_part_paired_004,206.972000,0.257204,-0.001840,0.025000,-0.003123,-0.707100,-0.003123,0.707100
probe_part_paired_004,206.989000,0.257204,-0.001840,0.025000,-0.003123,-0.707100,-0.003123,0.707100
probe_part_paired_004,207.006000,0.257204,-0.001840,0.025000,-0.003123,-0.707100,-0.003123,0.707100
probe_part_paired_004,207.023000,0.257204,-0.001840,0.025000,-0.003123,-0.707100,-0.003123,0.707100
probe_part_paired_004,207.040000,0.257204,-0.001840,0.025000,-0.003123,-0.707100,-0.003123,0.707100
probe_part_paired_004,207.057000,0.257204,-0.001840,0.025000,-0.003123,-0.707100,-0.003123,0.707100
probe_part_paired_004,207.074000,0.257204,-0.001840,0.025000,-0.003123,-0.707100,-0.003123,0.707100
probe_part_paired_004,207.091000,0.257204,-0.001840,0.025000,-0.003123,-0.707100,-0.003123,0.707100
probe_part_paired_004,207.108000,0.257204,-0.001840,0.025000,-0.003123,-0.707100,-0.003123,0.707100
probe_part_paired_004,207.124000,0.257204,-0.001840,0.025000,-0.003123,-0.707100,-0.003123,0.707100
probe_part_paired_004,207.140000,0.257204,-0.001840,0.025000,-0.003123,-0.707100,-0.003123,0.707100
probe_part_paired_004,207.155000,0.257204,-0.001840,0.025000,-0.003123,-0.707100,-0.003123,0.707100
probe_part_paired_004,207.171000,0.257204,-0.001840,0.025000,-0.003123,-0.707100,-0.003123,0.707100
probe_part_paired_004,207.187000,0.257204,-0.001840,0.025000,-0.003123,-0.707100,-0.003123,0.707100
probe_part_paired_004,207.204000,0.257204,-0.001840,0.025000,-0.003123,-0.707100,-0.003123,0.707100
probe_part_paired_004,207.221000,0.257204,-0.001840,0.025000,-0.003123,-0.707100,-0.003123,0.707100
probe_part_paired_004,207.238000,0.257204,-0.001840,0.025000,-0.003123,-0.707100,-0.003123,0.707100
probe_part_paired_004,207.253000,0.257204,-0.001840,0.025000,-0.003123,-0.707100,-0.003123,0.707100
probe_part_paired_004,207.267000,0.257204,-0.001840,0.025000,-0.003123,-0.707100,-0.003123,0.707100
probe_part_paired_004,207.281000,0.257204,-0.001840,0.025000,-0.003123,-0.707100,-0.003123,0.707100
probe_part_paired_004,207.296000,0.257204,-0.001840,0.025000,-0.003123,-0.707100,-0.003123,0.707100
probe_part_paired_004,207.313000,0.257204,-0.001840,0.025000,-0.003123,-0.707100,-0.003123,0.707100
probe_part_paired_004,207.330000,0.257204,-0.001840,0.025000,-0.003123,-0.707100,-0.003123,0.707100
probe_part_paired_004,207.347000,0.257204,-0.001840,0.025000,-0.003123,-0.707100,-0.003123,0.707100
probe_part_paired_004,207.363000,0.257204,-0.001840,0.025000,-0.003123,-0.707100,-0.003123,0.707100
probe_part_paired_004,207.380000,0.257204,-0.001840,0.025000,-0.003123,-0.707100,-0.003123,0.707100
probe_part_paired_004,207.397000,0.257204,-0.001840,0.025000,-0.003123,-0.707100,-0.003123,0.707100
probe_part_paired_004,207.414000,0.257204,-0.001840,0.025000,-0.003123,-0.707100,-0.003123,0.707100
probe_part_paired_004,207.432000,0.257204,-0.001840,0.025000,-0.003123,-0.707100,-0.003123,0.707100
probe_part_paired_004,207.450000,0.257204,-0.001840,0.025000,-0.003123,-0.707100,-0.003123,0.707100
probe_part_paired_004,207.467000,0.257204,-0.001840,0.025000,-0.003123,-0.707100,-0.003123,0.707100
probe_part_paired_004,207.484000,0.257204,-0.001840,0.025000,-0.003123,-0.707100,-0.003123,0.707100
probe_part_paired_004,207.502000,0.257204,-0.001840,0.025000,-0.003123,-0.707100,-0.003123,0.707100
probe_part_paired_004,207.519000,0.257204,-0.001840,0.025000,-0.003123,-0.707100,-0.003123,0.707100
probe_part_paired_004,207.536000,0.257204,-0.001840,0.025000,-0.003123,-0.707100,-0.003123,0.707100
probe_part_paired_004,207.553000,0.257204,-0.001840,0.025000,-0.003123,-0.707100,-0.003123,0.707100
probe_part_paired_004,207.571000,0.257204,-0.001840,0.025000,-0.003123,-0.707100,-0.003123,0.707100
probe_part_paired_004,207.588000,0.257204,-0.001840,0.025000,-0.003123,-0.707100,-0.003123,0.707100
probe_part_paired_004,207.605000,0.257204,-0.001840,0.025000,-0.003123,-0.707100,-0.003123,0.707100
probe_part_paired_004,207.610000,0.257204,-0.001840,0.025000,-0.003123,-0.707100,-0.003123,0.707100
probe_part_paired_004,207.624000,0.257204,-0.001840,0.025000,-0.003123,-0.707100,-0.003123,0.707100
probe_part_paired_004,207.640000,0.257204,-0.001840,0.025000,-0.003123,-0.707100,-0.003123,0.707100
probe_part_paired_004,207.655000,0.257204,-0.001840,0.025000,-0.003123,-0.707100,-0.003123,0.707100
probe_part_paired_004,207.672000,0.257204,-0.001840,0.025000,-0.003123,-0.707100,-0.003123,0.707100
probe_part_paired_004,207.688000,0.257204,-0.001840,0.025000,-0.003123,-0.707100,-0.003123,0.707100
probe_part_paired_004,207.704000,0.257204,-0.001840,0.025000,-0.003123,-0.707100,-0.003123,0.707100
probe_part_paired_004,207.721000,0.257204,-0.001840,0.025000,-0.003123,-0.707100,-0.003123,0.707100
probe_part_paired_004,207.737000,0.257204,-0.001840,0.025000,-0.003123,-0.707100,-0.003123,0.707100
probe_part_paired_004,207.754000,0.257204,-0.001840,0.025000,-0.003123,-0.707100,-0.003123,0.707100
probe_part_paired_004,207.771000,0.257204,-0.001840,0.025000,-0.003123,-0.707100,-0.003123,0.707100
probe_part_paired_004,207.788000,0.257204,-0.001840,0.025000,-0.003123,-0.707100,-0.003123,0.707100
probe_part_paired_004,207.805000,0.257204,-0.001840,0.025000,-0.003123,-0.707100,-0.003123,0.707100
probe_part_paired_004,207.822000,0.257204,-0.001840,0.025000,-0.003123,-0.707100,-0.003123,0.707100
probe_part_paired_004,207.838000,0.257204,-0.001840,0.025000,-0.003123,-0.707100,-0.003123,0.707100
probe_part_paired_004,207.855000,0.257204,-0.001840,0.025000,-0.003123,-0.707100,-0.003123,0.707100
probe_part_paired_004,207.871000,0.257204,-0.001840,0.025000,-0.003123,-0.707100,-0.003123,0.707100
probe_part_paired_004,207.888000,0.257204,-0.001840,0.025000,-0.003123,-0.707100,-0.003123,0.707100
probe_part_paired_004,207.905000,0.257204,-0.001840,0.025000,-0.003123,-0.707100,-0.003123,0.707100
probe_part_paired_004,207.923000,0.257204,-0.001840,0.025000,-0.003123,-0.707100,-0.003123,0.707100
probe_part_paired_004,207.938000,0.257204,-0.001840,0.025000,-0.003123,-0.707100,-0.003123,0.707100
probe_part_paired_004,207.955000,0.257204,-0.001840,0.025000,-0.003123,-0.707100,-0.003123,0.707100
probe_part_paired_004,207.970000,0.257204,-0.001840,0.025000,-0.003123,-0.707100,-0.003123,0.707100
probe_part_paired_004,207.986000,0.257204,-0.001840,0.025000,-0.003123,-0.707100,-0.003123,0.707100
probe_part_paired_004,208.002000,0.257204,-0.001840,0.025000,-0.003123,-0.707100,-0.003123,0.707100
probe_part_paired_004,208.019000,0.257204,-0.001840,0.025000,-0.003123,-0.707100,-0.003123,0.707100
probe_part_paired_004,208.036000,0.257204,-0.001840,0.025000,-0.003123,-0.707100,-0.003123,0.707100
probe_part_paired_004,208.053000,0.257204,-0.001840,0.025000,-0.003123,-0.707100,-0.003123,0.707100
probe_part_paired_004,208.070000,0.257204,-0.001840,0.025000,-0.003123,-0.707100,-0.003123,0.707100
probe_part_paired_004,208.088000,0.257204,-0.001840,0.025000,-0.003123,-0.707100,-0.003123,0.707100
probe_part_paired_004,208.105000,0.257204,-0.001840,0.025000,-0.003123,-0.707100,-0.003123,0.707100
probe_part_paired_004,208.123000,0.257204,-0.001840,0.025000,-0.003123,-0.707100,-0.003123,0.707100
probe_part_paired_004,208.141000,0.257204,-0.001840,0.025000,-0.003123,-0.707100,-0.003123,0.707100
probe_part_paired_004,208.158000,0.257204,-0.001840,0.025000,-0.003123,-0.707100,-0.003123,0.707100
probe_part_paired_004,208.176000,0.257204,-0.001840,0.025000,-0.003123,-0.707100,-0.003123,0.707100
probe_part_paired_004,208.194000,0.257204,-0.001840,0.025000,-0.003123,-0.707100,-0.003123,0.707100
probe_part_paired_004,208.211000,0.257204,-0.001840,0.025000,-0.003123,-0.707100,-0.003123,0.707100
probe_part_paired_004,208.229000,0.257204,-0.001840,0.025000,-0.003123,-0.707100,-0.003123,0.707100
probe_part_paired_004,208.246000,0.257204,-0.001840,0.025000,-0.003123,-0.707100,-0.003123,0.707100
probe_part_paired_004,208.264000,0.257204,-0.001840,0.025000,-0.003123,-0.707100,-0.003123,0.707100
probe_part_paired_004,208.281000,0.257204,-0.001840,0.025000,-0.003123,-0.707100,-0.003123,0.707100
probe_part_paired_004,208.298000,0.257204,-0.001840,0.025000,-0.003123,-0.707100,-0.003123,0.707100
probe_part_paired_004,208.314000,0.257204,-0.001840,0.025000,-0.003123,-0.707100,-0.003123,0.707100
probe_part_paired_004,208.328000,0.257204,-0.001840,0.025000,-0.003123,-0.707100,-0.003123,0.707100
probe_part_paired_004,208.344000,0.257204,-0.001840,0.025000,-0.003123,-0.707100,-0.003123,0.707100
probe_part_paired_004,208.360000,0.257204,-0.001840,0.025000,-0.003123,-0.707100,-0.003123,0.707100
probe_part_paired_004,208.376000,0.257204,-0.001840,0.025000,-0.003123,-0.707100,-0.003123,0.707100
probe_part_paired_004,208.393000,0.257204,-0.001840,0.025000,-0.003123,-0.707100,-0.003123,0.707100
probe_part_paired_004,208.410000,0.257204,-0.001840,0.025000,-0.003123,-0.707100,-0.003123,0.707100
probe_part_paired_004,208.427000,0.257204,-0.001840,0.025000,-0.003123,-0.707100,-0.003123,0.707100
probe_part_paired_004,208.444000,0.257204,-0.001840,0.025000,-0.003123,-0.707100,-0.003123,0.707100
probe_part_paired_004,208.461000,0.257204,-0.001840,0.025000,-0.003123,-0.707100,-0.003123,0.707100
probe_part_paired_004,208.478000,0.257204,-0.001840,0.025000,-0.003123,-0.707100,-0.003123,0.707100
probe_part_paired_004,208.495000,0.257204,-0.001840,0.025000,-0.003123,-0.707100,-0.003123,0.707100
probe_part_paired_004,208.512000,0.257204,-0.001840,0.025000,-0.003123,-0.707100,-0.003123,0.707100
probe_part_paired_004,208.530000,0.257204,-0.001840,0.025000,-0.003123,-0.707100,-0.003123,0.707100
probe_part_paired_004,208.547000,0.257204,-0.001840,0.025000,-0.003123,-0.707100,-0.003123,0.707100
probe_part_paired_004,208.564000,0.257204,-0.001840,0.025000,-0.003123,-0.707100,-0.003123,0.707100
probe_part_paired_004,208.580000,0.257204,-0.001840,0.025000,-0.003123,-0.707100,-0.003123,0.707100
probe_part_paired_004,208.596000,0.257204,-0.001840,0.025000,-0.003123,-0.707100,-0.003123,0.707100
probe_part_paired_004,208.614000,0.257204,-0.001840,0.025000,-0.003123,-0.707100,-0.003123,0.707100
probe_part_paired_004,208.628000,0.257204,-0.001840,0.025000,-0.003123,-0.707100,-0.003123,0.707100
probe_part_paired_004,208.645000,0.257204,-0.001840,0.025000,-0.003123,-0.707100,-0.003123,0.707100
probe_part_paired_004,208.659000,0.257204,-0.001840,0.025000,-0.003123,-0.707100,-0.003123,0.707100
probe_part_paired_004,208.674000,0.257204,-0.001840,0.025000,-0.003123,-0.707100,-0.003123,0.707100
probe_part_paired_004,208.690000,0.257204,-0.001840,0.025000,-0.003123,-0.707100,-0.003123,0.707100
probe_part_paired_004,208.707000,0.257204,-0.001840,0.025000,-0.003123,-0.707100,-0.003123,0.707100
probe_part_paired_004,208.724000,0.257204,-0.001840,0.025000,-0.003123,-0.707100,-0.003123,0.707100
probe_part_paired_004,208.742000,0.257204,-0.001840,0.025000,-0.003123,-0.707100,-0.003123,0.707100
probe_part_paired_004,208.758000,0.257204,-0.001840,0.025000,-0.003123,-0.707100,-0.003123,0.707100
probe_part_paired_004,208.775000,0.257204,-0.001840,0.025000,-0.003123,-0.707100,-0.003123,0.707100
probe_part_paired_004,208.792000,0.257204,-0.001840,0.025000,-0.003123,-0.707100,-0.003123,0.707100
probe_part_paired_004,208.809000,0.257204,-0.001840,0.025000,-0.003123,-0.707100,-0.003123,0.707100
probe_part_paired_004,208.826000,0.257204,-0.001840,0.025000,-0.003123,-0.707100,-0.003123,0.707100
probe_part_paired_004,208.844000,0.257204,-0.001840,0.025000,-0.003123,-0.707100,-0.003123,0.707100
probe_part_paired_004,208.861000,0.257204,-0.001840,0.025000,-0.003123,-0.707100,-0.003123,0.707100
probe_part_paired_004,208.877000,0.257204,-0.001840,0.025000,-0.003123,-0.707100,-0.003123,0.707100
probe_part_paired_004,208.894000,0.257204,-0.001840,0.025000,-0.003123,-0.707100,-0.003123,0.707100
probe_part_paired_004,208.910000,0.257204,-0.001840,0.025000,-0.003123,-0.707100,-0.003123,0.707100
probe_part_paired_004,208.924000,0.257204,-0.001840,0.025000,-0.003123,-0.707100,-0.003123,0.707100
probe_part_paired_004,208.939000,0.257204,-0.001840,0.025000,-0.003123,-0.707100,-0.003123,0.707100
probe_part_paired_004,208.953000,0.257204,-0.001840,0.025000,-0.003123,-0.707100,-0.003123,0.707100
probe_part_paired_004,208.968000,0.257204,-0.001840,0.025000,-0.003123,-0.707100,-0.003123,0.707100
probe_part_paired_004,208.982000,0.257204,-0.001840,0.025000,-0.003123,-0.707100,-0.003123,0.707100
probe_part_paired_004,208.999000,0.257204,-0.001840,0.025000,-0.003123,-0.707100,-0.003123,0.707100
probe_part_paired_004,209.016000,0.257204,-0.001840,0.025000,-0.003123,-0.707100,-0.003123,0.707100
probe_part_paired_004,209.033000,0.257204,-0.001840,0.025000,-0.003123,-0.707100,-0.003123,0.707100
probe_part_paired_004,209.049000,0.257204,-0.001840,0.025000,-0.003123,-0.707100,-0.003123,0.707100
probe_part_paired_004,209.065000,0.257204,-0.001840,0.025000,-0.003123,-0.707100,-0.003123,0.707100
probe_part_paired_004,209.081000,0.257204,-0.001840,0.025000,-0.003123,-0.707100,-0.003123,0.707100
probe_part_paired_004,209.098000,0.257204,-0.001840,0.025000,-0.003123,-0.707100,-0.003123,0.707100
probe_part_paired_004,209.114000,0.257204,-0.001840,0.025000,-0.003123,-0.707100,-0.003123,0.707100
probe_part_paired_004,209.131000,0.257204,-0.001840,0.025000,-0.003123,-0.707100,-0.003123,0.707100
probe_part_paired_004,209.149000,0.257204,-0.001840,0.025000,-0.003123,-0.707100,-0.003123,0.707100
probe_part_paired_004,209.166000,0.257204,-0.001840,0.025000,-0.003123,-0.707100,-0.003123,0.707100
probe_part_paired_004,209.183000,0.257204,-0.001840,0.025000,-0.003123,-0.707100,-0.003123,0.707100
probe_part_paired_004,209.199000,0.257204,-0.001840,0.025000,-0.003123,-0.707100,-0.003123,0.707100
probe_part_paired_004,209.213000,0.257204,-0.001840,0.025000,-0.003123,-0.707100,-0.003123,0.707100
probe_part_paired_004,209.229000,0.257204,-0.001840,0.025000,-0.003123,-0.707100,-0.003123,0.707100
probe_part_paired_004,209.245000,0.257204,-0.001840,0.025000,-0.003123,-0.707100,-0.003123,0.707100
probe_part_paired_004,209.260000,0.257204,-0.001840,0.025000,-0.003123,-0.707100,-0.003123,0.707100
probe_part_paired_004,209.273000,0.257204,-0.001840,0.025000,-0.003123,-0.707100,-0.003123,0.707100
probe_part_paired_004,209.286000,0.257204,-0.001840,0.025000,-0.003123,-0.707100,-0.003123,0.707100
probe_part_paired_004,209.299000,0.257204,-0.001840,0.025000,-0.003123,-0.707100,-0.003123,0.707100
probe_part_paired_004,209.308000,0.257204,-0.001840,0.025000,-0.003123,-0.707100,-0.003123,0.707100
probe_part_paired_004,209.324000,0.257204,-0.001840,0.025000,-0.003123,-0.707100,-0.003123,0.707100
probe_part_paired_004,209.340000,0.257204,-0.001840,0.025000,-0.003123,-0.707100,-0.003123,0.707100
probe_part_paired_004,209.355000,0.257204,-0.001840,0.025000,-0.003123,-0.707100,-0.003123,0.707100
probe_part_paired_004,209.372000,0.257204,-0.001840,0.025000,-0.003123,-0.707100,-0.003123,0.707100
probe_part_paired_004,209.389000,0.257204,-0.001840,0.025000,-0.003123,-0.707100,-0.003123,0.707100
probe_part_paired_004,209.406000,0.257204,-0.001840,0.025000,-0.003123,-0.707100,-0.003123,0.707100
probe_part_paired_004,209.423000,0.257204,-0.001840,0.025000,-0.003123,-0.707100,-0.003123,0.707100
probe_part_paired_004,209.441000,0.257204,-0.001840,0.025000,-0.003123,-0.707100,-0.003123,0.707100
probe_part_paired_004,209.458000,0.257204,-0.001840,0.025000,-0.003123,-0.707100,-0.003123,0.707100
probe_part_paired_004,209.475000,0.257204,-0.001840,0.025000,-0.003123,-0.707100,-0.003123,0.707100
probe_part_paired_004,209.492000,0.257204,-0.001840,0.025000,-0.003123,-0.707100,-0.003123,0.707100
probe_part_paired_004,209.509000,0.257204,-0.001840,0.025000,-0.003123,-0.707100,-0.003123,0.707100
probe_part_paired_004,209.527000,0.257204,-0.001840,0.025000,-0.003123,-0.707100,-0.003123,0.707100
probe_part_paired_004,209.545000,0.257204,-0.001840,0.025000,-0.003123,-0.707100,-0.003123,0.707100
probe_part_paired_004,209.563000,0.257204,-0.001840,0.025000,-0.003123,-0.707100,-0.003123,0.707100
probe_part_paired_004,209.580000,0.257204,-0.001840,0.025000,-0.003123,-0.707100,-0.003123,0.707100
probe_part_paired_004,209.597000,0.257204,-0.001840,0.025000,-0.003123,-0.707100,-0.003123,0.707100
probe_part_paired_004,209.615000,0.257204,-0.001840,0.025000,-0.003123,-0.707100,-0.003123,0.707100
probe_part_paired_004,209.631000,0.257204,-0.001840,0.025000,-0.003123,-0.707100,-0.003123,0.707100
probe_part_paired_004,209.647000,0.257204,-0.001840,0.025000,-0.003123,-0.707100,-0.003123,0.707100
probe_part_paired_004,209.662000,0.257204,-0.001840,0.025000,-0.003123,-0.707100,-0.003123,0.707100
probe_part_paired_004,209.677000,0.257204,-0.001840,0.025000,-0.003123,-0.707100,-0.003123,0.707100
probe_part_paired_004,209.691000,0.257204,-0.001840,0.025000,-0.003123,-0.707100,-0.003123,0.707100
probe_part_paired_004,209.707000,0.257204,-0.001840,0.025000,-0.003123,-0.707100,-0.003123,0.707100
probe_part_paired_004,209.723000,0.257204,-0.001840,0.025000,-0.003123,-0.707100,-0.003123,0.707100
probe_part_paired_004,209.740000,0.257204,-0.001840,0.025000,-0.003123,-0.707100,-0.003123,0.707100
probe_part_paired_004,209.756000,0.257204,-0.001840,0.025000,-0.003123,-0.707100,-0.003123,0.707100
probe_part_paired_004,209.772000,0.257204,-0.001840,0.025000,-0.003123,-0.707100,-0.003123,0.707100
probe_part_paired_004,209.788000,0.257204,-0.001840,0.025000,-0.003123,-0.707100,-0.003123,0.707100
probe_part_paired_004,209.805000,0.257204,-0.001840,0.025000,-0.003123,-0.707100,-0.003123,0.707100
probe_part_paired_004,209.822000,0.257204,-0.001840,0.025000,-0.003123,-0.707100,-0.003123,0.707100
probe_part_paired_004,209.839000,0.257204,-0.001840,0.025000,-0.003123,-0.707100,-0.003123,0.707100
probe_part_paired_004,209.857000,0.257204,-0.001840,0.025000,-0.003123,-0.707100,-0.003123,0.707100
probe_part_paired_004,209.875000,0.257204,-0.001840,0.025000,-0.003123,-0.707100,-0.003123,0.707100
probe_part_paired_004,209.892000,0.257204,-0.001840,0.025000,-0.003123,-0.707100,-0.003123,0.707100
probe_part_paired_004,209.910000,0.257204,-0.001840,0.025000,-0.003123,-0.707100,-0.003123,0.707100
probe_part_paired_004,209.927000,0.257204,-0.001840,0.025000,-0.003123,-0.707100,-0.003123,0.707100
probe_part_paired_004,209.943000,0.257204,-0.001840,0.025000,-0.003123,-0.707100,-0.003123,0.707100
probe_part_paired_004,209.960000,0.257204,-0.001840,0.025000,-0.003123,-0.707100,-0.003123,0.707100
probe_part_paired_004,209.976000,0.257204,-0.001840,0.025000,-0.003123,-0.707100,-0.003123,0.707100
probe_part_paired_004,209.993000,0.257204,-0.001840,0.025000,-0.003123,-0.707100,-0.003123,0.707100
probe_part_paired_004,210.010000,0.257204,-0.001840,0.025000,-0.003123,-0.707100,-0.003123,0.707100
probe_part_paired_004,210.028000,0.257204,-0.001840,0.025000,-0.003123,-0.707100,-0.003123,0.707100
probe_part_paired_004,210.046000,0.257204,-0.001840,0.025000,-0.003123,-0.707100,-0.003123,0.707100
probe_part_paired_004,210.064000,0.257204,-0.001840,0.025000,-0.003123,-0.707100,-0.003123,0.707100
probe_part_paired_004,210.082000,0.257204,-0.001840,0.025000,-0.003123,-0.707100,-0.003123,0.707100
probe_part_paired_004,210.100000,0.257204,-0.001840,0.025000,-0.003123,-0.707100,-0.003123,0.707100
probe_part_paired_004,210.118000,0.257204,-0.001840,0.025000,-0.003123,-0.707100,-0.003123,0.707100
probe_part_paired_004,210.135000,0.257204,-0.001840,0.025000,-0.003123,-0.707100,-0.003123,0.707100
probe_part_paired_004,210.153000,0.257204,-0.001840,0.025000,-0.003123,-0.707100,-0.003123,0.707100
probe_part_paired_004,210.170000,0.257204,-0.001840,0.025000,-0.003123,-0.707100,-0.003123,0.707100
probe_part_paired_004,210.188000,0.257204,-0.001840,0.025000,-0.003123,-0.707100,-0.003123,0.707100
probe_part_paired_004,210.205000,0.257204,-0.001840,0.025000,-0.003123,-0.707100,-0.003123,0.707100
probe_part_paired_004,210.222000,0.257204,-0.001840,0.025000,-0.003123,-0.707100,-0.003123,0.707100
probe_part_paired_004,210.240000,0.257204,-0.001840,0.025000,-0.003123,-0.707100,-0.003123,0.707100
probe_part_paired_004,210.258000,0.257204,-0.001840,0.025000,-0.003123,-0.707100,-0.003123,0.707100
probe_part_paired_004,210.275000,0.257204,-0.001840,0.025000,-0.003123,-0.707100,-0.003123,0.707100
probe_part_paired_004,210.291000,0.257204,-0.001840,0.025000,-0.003123,-0.707100,-0.003123,0.707100
probe_part_paired_004,210.308000,0.257204,-0.001840,0.025000,-0.003123,-0.707100,-0.003123,0.707100
probe_part_paired_004,210.326000,0.257204,-0.001840,0.025000,-0.003123,-0.707100,-0.003123,0.707100
probe_part_paired_004,210.344000,0.257204,-0.001840,0.025000,-0.003123,-0.707100,-0.003123,0.707100
probe_part_paired_004,210.361000,0.257204,-0.001840,0.025000,-0.003123,-0.707100,-0.003123,0.707100
probe_part_paired_004,210.379000,0.257204,-0.001840,0.025000,-0.003123,-0.707100,-0.003123,0.707100
probe_part_paired_004,210.397000,0.257204,-0.001840,0.025000,-0.003123,-0.707100,-0.003123,0.707100
probe_part_paired_004,210.413000,0.257204,-0.001840,0.025000,-0.003123,-0.707100,-0.003123,0.707100
probe_part_paired_004,210.430000,0.257204,-0.001840,0.025000,-0.003123,-0.707100,-0.003123,0.707100
probe_part_paired_004,210.447000,0.257204,-0.001840,0.025000,-0.003123,-0.707100,-0.003123,0.707100
probe_part_paired_004,210.463000,0.257204,-0.001840,0.025000,-0.003123,-0.707100,-0.003123,0.707100
probe_part_paired_004,210.480000,0.257204,-0.001840,0.025000,-0.003123,-0.707100,-0.003123,0.707100
probe_part_paired_004,210.498000,0.257204,-0.001840,0.025000,-0.003123,-0.707100,-0.003123,0.707100
probe_part_paired_004,210.515000,0.257204,-0.001840,0.025000,-0.003123,-0.707100,-0.003123,0.707100
probe_part_paired_004,210.532000,0.257204,-0.001840,0.025000,-0.003123,-0.707100,-0.003123,0.707100
probe_part_paired_004,210.550000,0.257204,-0.001840,0.025000,-0.003123,-0.707100,-0.003123,0.707100
probe_part_paired_004,210.568000,0.257204,-0.001840,0.025000,-0.003123,-0.707100,-0.003123,0.707100
probe_part_paired_004,210.586000,0.257204,-0.001840,0.025000,-0.003123,-0.707100,-0.003123,0.707100
probe_part_paired_004,210.604000,0.257204,-0.001840,0.025000,-0.003123,-0.707100,-0.003123,0.707100
probe_part_paired_004,210.622000,0.257204,-0.001840,0.025000,-0.003123,-0.707100,-0.003123,0.707100
probe_part_paired_004,210.639000,0.257204,-0.001840,0.025000,-0.003123,-0.707100,-0.003123,0.707100
probe_part_paired_004,210.656000,0.257204,-0.001840,0.025000,-0.003123,-0.707100,-0.003123,0.707100
probe_part_paired_004,210.673000,0.257204,-0.001840,0.025000,-0.003123,-0.707100,-0.003123,0.707100
probe_part_paired_004,210.690000,0.257204,-0.001840,0.025000,-0.003123,-0.707100,-0.003123,0.707100
probe_part_paired_004,210.707000,0.257204,-0.001840,0.025000,-0.003123,-0.707100,-0.003123,0.707100
probe_part_paired_004,210.723000,0.257204,-0.001840,0.025000,-0.003123,-0.707100,-0.003123,0.707100
probe_part_paired_004,210.739000,0.257204,-0.001840,0.025000,-0.003123,-0.707100,-0.003123,0.707100
probe_part_paired_004,210.755000,0.257204,-0.001840,0.025000,-0.003123,-0.707100,-0.003123,0.707100
probe_part_paired_004,210.772000,0.257204,-0.001840,0.025000,-0.003123,-0.707100,-0.003123,0.707100
probe_part_paired_004,210.789000,0.257204,-0.001840,0.025000,-0.003123,-0.707100,-0.003123,0.707100
probe_part_paired_004,210.806000,0.257204,-0.001840,0.025000,-0.003123,-0.707100,-0.003123,0.707100
probe_part_paired_004,210.823000,0.257204,-0.001840,0.025000,-0.003123,-0.707100,-0.003123,0.707100
probe_part_paired_004,210.840000,0.257204,-0.001840,0.025000,-0.003123,-0.707100,-0.003123,0.707100
probe_part_paired_004,210.858000,0.257204,-0.001840,0.025000,-0.003123,-0.707100,-0.003123,0.707100
probe_part_paired_004,210.873000,0.257204,-0.001840,0.025000,-0.003123,-0.707100,-0.003123,0.707100
probe_part_paired_004,210.890000,0.257204,-0.001840,0.025000,-0.003123,-0.707100,-0.003123,0.707100
probe_part_paired_004,210.905000,0.257204,-0.001840,0.025000,-0.003123,-0.707100,-0.003123,0.707100
probe_part_paired_004,210.920000,0.257204,-0.001840,0.025000,-0.003123,-0.707100,-0.003123,0.707100
probe_part_paired_004,210.937000,0.257204,-0.001840,0.025000,-0.003123,-0.707100,-0.003123,0.707100
probe_part_paired_004,210.954000,0.257204,-0.001840,0.025000,-0.003123,-0.707100,-0.003123,0.707100
probe_part_paired_004,210.971000,0.257204,-0.001840,0.025000,-0.003123,-0.707100,-0.003123,0.707100
probe_part_paired_004,210.988000,0.257204,-0.001840,0.025000,-0.003123,-0.707100,-0.003123,0.707100
probe_part_paired_004,211.005000,0.257204,-0.001840,0.025000,-0.003123,-0.707100,-0.003123,0.707100
probe_part_paired_004,211.022000,0.257204,-0.001840,0.025000,-0.003123,-0.707100,-0.003123,0.707100
probe_part_paired_004,211.039000,0.257204,-0.001840,0.025000,-0.003123,-0.707100,-0.003123,0.707100
probe_part_paired_004,211.056000,0.257204,-0.001840,0.025000,-0.003123,-0.707100,-0.003123,0.707100
probe_part_paired_004,211.073000,0.257204,-0.001840,0.025000,-0.003123,-0.707100,-0.003123,0.707100
probe_part_paired_004,211.089000,0.257204,-0.001840,0.025000,-0.003123,-0.707100,-0.003123,0.707100
probe_part_paired_004,211.107000,0.257204,-0.001840,0.025000,-0.003123,-0.707100,-0.003123,0.707100
probe_part_paired_004,211.124000,0.257204,-0.001840,0.025000,-0.003123,-0.707100,-0.003123,0.707100
probe_part_paired_004,211.141000,0.257204,-0.001840,0.025000,-0.003123,-0.707100,-0.003123,0.707100
probe_part_paired_004,211.157000,0.257204,-0.001840,0.025000,-0.003123,-0.707100,-0.003123,0.707100
probe_part_paired_004,211.174000,0.257204,-0.001840,0.025000,-0.003123,-0.707100,-0.003123,0.707100
probe_part_paired_004,211.191000,0.257204,-0.001840,0.025000,-0.003123,-0.707100,-0.003123,0.707100
probe_part_paired_004,211.207000,0.257204,-0.001840,0.025000,-0.003123,-0.707100,-0.003123,0.707100
probe_part_paired_004,211.223000,0.257204,-0.001840,0.025000,-0.003123,-0.707100,-0.003123,0.707100
probe_part_paired_004,211.240000,0.257204,-0.001840,0.025000,-0.003123,-0.707100,-0.003123,0.707100
probe_part_paired_004,211.258000,0.257204,-0.001840,0.025000,-0.003123,-0.707100,-0.003123,0.707100
probe_part_paired_004,211.274000,0.257204,-0.001840,0.025000,-0.003123,-0.707100,-0.003123,0.707100
probe_part_paired_004,211.285000,0.257204,-0.001840,0.025000,-0.003123,-0.707100,-0.003123,0.707100
probe_part_paired_004,211.298000,0.257204,-0.001840,0.025000,-0.003123,-0.707100,-0.003123,0.707100
probe_part_paired_004,211.313000,0.257204,-0.001840,0.025000,-0.003123,-0.707100,-0.003123,0.707100
probe_part_paired_004,211.329000,0.257204,-0.001840,0.025000,-0.003123,-0.707100,-0.003123,0.707100
probe_part_paired_004,211.345000,0.257204,-0.001840,0.025000,-0.003123,-0.707100,-0.003123,0.707100
probe_part_paired_004,211.360000,0.257204,-0.001840,0.025000,-0.003123,-0.707100,-0.003123,0.707100
probe_part_paired_004,211.374000,0.257204,-0.001840,0.025000,-0.003123,-0.707100,-0.003123,0.707100
probe_part_paired_004,211.388000,0.257204,-0.001840,0.025000,-0.003123,-0.707100,-0.003123,0.707100
probe_part_paired_004,211.403000,0.257204,-0.001840,0.025000,-0.003123,-0.707100,-0.003123,0.707100
probe_part_paired_004,211.418000,0.257204,-0.001840,0.025000,-0.003123,-0.707100,-0.003123,0.707100
probe_part_paired_004,211.433000,0.257204,-0.001840,0.025000,-0.003123,-0.707100,-0.003123,0.707100
probe_part_paired_004,211.447000,0.257204,-0.001840,0.025000,-0.003123,-0.707100,-0.003123,0.707100
probe_part_paired_004,211.462000,0.257204,-0.001840,0.025000,-0.003123,-0.707100,-0.003123,0.707100
probe_part_paired_004,211.478000,0.257204,-0.001840,0.025000,-0.003123,-0.707100,-0.003123,0.707100
probe_part_paired_004,211.494000,0.257204,-0.001840,0.025000,-0.003123,-0.707100,-0.003123,0.707100
probe_part_paired_004,211.510000,0.257204,-0.001840,0.025000,-0.003123,-0.707100,-0.003123,0.707100
probe_part_paired_004,211.526000,0.257204,-0.001840,0.025000,-0.003123,-0.707100,-0.003123,0.707100
probe_part_paired_004,211.540000,0.257204,-0.001840,0.025000,-0.003123,-0.707100,-0.003123,0.707100
probe_part_paired_004,211.554000,0.257204,-0.001840,0.025000,-0.003123,-0.707100,-0.003123,0.707100
probe_part_paired_004,211.567000,0.257204,-0.001840,0.025000,-0.003123,-0.707100,-0.003123,0.707100
probe_part_paired_004,211.582000,0.257204,-0.001840,0.025000,-0.003123,-0.707100,-0.003123,0.707100
probe_part_paired_004,211.597000,0.257204,-0.001840,0.025000,-0.003123,-0.707100,-0.003123,0.707100
probe_part_paired_004,211.611000,0.257204,-0.001840,0.025000,-0.003123,-0.707100,-0.003123,0.707100
probe_part_paired_004,211.627000,0.257204,-0.001840,0.025000,-0.003123,-0.707100,-0.003123,0.707100
probe_part_paired_004,211.643000,0.257204,-0.001840,0.025000,-0.003123,-0.707100,-0.003123,0.707100
probe_part_paired_004,211.659000,0.257204,-0.001840,0.025000,-0.003123,-0.707100,-0.003123,0.707100
probe_part_paired_004,211.675000,0.257204,-0.001840,0.025000,-0.003123,-0.707100,-0.003123,0.707100
probe_part_paired_004,211.692000,0.257204,-0.001840,0.025000,-0.003123,-0.707100,-0.003123,0.707100
probe_part_paired_004,211.709000,0.257204,-0.001840,0.025000,-0.003123,-0.707100,-0.003123,0.707100
probe_part_paired_004,211.726000,0.257204,-0.001840,0.025000,-0.003123,-0.707100,-0.003123,0.707100
probe_part_paired_004,211.742000,0.257204,-0.001840,0.025000,-0.003123,-0.707100,-0.003123,0.707100
probe_part_paired_004,211.759000,0.257204,-0.001840,0.025000,-0.003123,-0.707100,-0.003123,0.707100
probe_part_paired_004,211.776000,0.257204,-0.001840,0.025000,-0.003123,-0.707100,-0.003123,0.707100
probe_part_paired_004,211.792000,0.257204,-0.001840,0.025000,-0.003123,-0.707100,-0.003123,0.707100
probe_part_paired_004,211.808000,0.257204,-0.001840,0.025000,-0.003123,-0.707100,-0.003123,0.707100
probe_part_paired_004,211.825000,0.257204,-0.001840,0.025000,-0.003123,-0.707100,-0.003123,0.707100
probe_part_paired_004,211.842000,0.257204,-0.001840,0.025000,-0.003123,-0.707100,-0.003123,0.707100
probe_part_paired_004,211.858000,0.257204,-0.001840,0.025000,-0.003123,-0.707100,-0.003123,0.707100
probe_part_paired_004,211.875000,0.257204,-0.001840,0.025000,-0.003123,-0.707100,-0.003123,0.707100
probe_part_paired_004,211.893000,0.257204,-0.001840,0.025000,-0.003123,-0.707100,-0.003123,0.707100
probe_part_paired_004,211.910000,0.257204,-0.001840,0.025000,-0.003123,-0.707100,-0.003123,0.707100
probe_part_paired_004,211.927000,0.257204,-0.001840,0.025000,-0.003123,-0.707100,-0.003123,0.707100
probe_part_paired_004,211.941000,0.257204,-0.001840,0.025000,-0.003123,-0.707100,-0.003123,0.707100
probe_part_paired_004,211.955000,0.257204,-0.001840,0.025000,-0.003123,-0.707100,-0.003123,0.707100
probe_part_paired_004,211.971000,0.257204,-0.001840,0.025000,-0.003123,-0.707100,-0.003123,0.707100
probe_part_paired_004,211.988000,0.257204,-0.001840,0.025000,-0.003123,-0.707100,-0.003123,0.707100
probe_part_paired_004,212.005000,0.257204,-0.001840,0.025000,-0.003123,-0.707100,-0.003123,0.707100
probe_part_paired_004,212.020000,0.257204,-0.001840,0.025000,-0.003123,-0.707100,-0.003123,0.707100
probe_part_paired_004,212.035000,0.257204,-0.001840,0.025000,-0.003123,-0.707100,-0.003123,0.707100
probe_part_paired_004,212.051000,0.257204,-0.001840,0.025000,-0.003123,-0.707100,-0.003123,0.707100
probe_part_paired_004,212.067000,0.257204,-0.001840,0.025000,-0.003123,-0.707100,-0.003123,0.707100
probe_part_paired_004,212.084000,0.257204,-0.001840,0.025000,-0.003123,-0.707100,-0.003123,0.707100
probe_part_paired_004,212.101000,0.257204,-0.001840,0.025000,-0.003123,-0.707100,-0.003123,0.707100
probe_part_paired_004,212.119000,0.257204,-0.001840,0.025000,-0.003123,-0.707100,-0.003123,0.707100
probe_part_paired_004,212.136000,0.257204,-0.001840,0.025000,-0.003123,-0.707100,-0.003123,0.707100
probe_part_paired_004,212.153000,0.257204,-0.001840,0.025000,-0.003123,-0.707100,-0.003123,0.707100
probe_part_paired_004,212.171000,0.257204,-0.001840,0.025000,-0.003123,-0.707100,-0.003123,0.707100
probe_part_paired_004,212.185000,0.257204,-0.001840,0.025000,-0.003123,-0.707100,-0.003123,0.707100
probe_part_paired_004,212.203000,0.257204,-0.001840,0.025000,-0.003123,-0.707100,-0.003123,0.707100
probe_part_paired_004,212.221000,0.257204,-0.001840,0.025000,-0.003123,-0.707100,-0.003123,0.707100
probe_part_paired_004,212.238000,0.257204,-0.001840,0.025000,-0.003123,-0.707100,-0.003123,0.707100
probe_part_paired_004,212.255000,0.257204,-0.001840,0.025000,-0.003123,-0.707100,-0.003123,0.707100
probe_part_paired_004,212.272000,0.257204,-0.001840,0.025000,-0.003123,-0.707100,-0.003123,0.707100
probe_part_paired_004,212.289000,0.257204,-0.001840,0.025000,-0.003123,-0.707100,-0.003123,0.707100
probe_part_paired_004,212.307000,0.257204,-0.001840,0.025000,-0.003123,-0.707100,-0.003123,0.707100
probe_part_paired_004,212.324000,0.257204,-0.001840,0.025000,-0.003123,-0.707100,-0.003123,0.707100
probe_part_paired_004,212.341000,0.257204,-0.001840,0.025000,-0.003123,-0.707100,-0.003123,0.707100
probe_part_paired_004,212.354000,0.257204,-0.001840,0.025000,-0.003123,-0.707100,-0.003123,0.707100
probe_part_paired_004,212.362000,0.257204,-0.001840,0.025000,-0.003123,-0.707100,-0.003123,0.707100
probe_part_paired_004,212.379000,0.257204,-0.001840,0.025000,-0.003123,-0.707100,-0.003123,0.707100
probe_part_paired_004,212.396000,0.257204,-0.001840,0.025000,-0.003123,-0.707100,-0.003123,0.707100
probe_part_paired_004,212.413000,0.257204,-0.001840,0.025000,-0.003123,-0.707100,-0.003123,0.707100
probe_part_paired_004,212.430000,0.257204,-0.001840,0.025000,-0.003123,-0.707100,-0.003123,0.707100
probe_part_paired_004,212.446000,0.257204,-0.001840,0.025000,-0.003123,-0.707100,-0.003123,0.707100
probe_part_paired_004,212.463000,0.257204,-0.001840,0.025000,-0.003123,-0.707100,-0.003123,0.707100
probe_part_paired_004,212.480000,0.257204,-0.001840,0.025000,-0.003123,-0.707100,-0.003123,0.707100
probe_part_paired_004,212.496000,0.257204,-0.001840,0.025000,-0.003123,-0.707100,-0.003123,0.707100
probe_part_paired_004,212.513000,0.257204,-0.001840,0.025000,-0.003123,-0.707100,-0.003123,0.707100
probe_part_paired_004,212.530000,0.257204,-0.001840,0.025000,-0.003123,-0.707100,-0.003123,0.707100
probe_part_paired_004,212.547000,0.257204,-0.001840,0.025000,-0.003123,-0.707100,-0.003123,0.707100
probe_part_paired_004,212.564000,0.257204,-0.001840,0.025000,-0.003123,-0.707100,-0.003123,0.707100
probe_part_paired_004,212.582000,0.257204,-0.001840,0.025000,-0.003123,-0.707100,-0.003123,0.707100
probe_part_paired_004,212.599000,0.257204,-0.001840,0.025000,-0.003123,-0.707100,-0.003123,0.707100
probe_part_paired_004,212.616000,0.257204,-0.001840,0.025000,-0.003123,-0.707100,-0.003123,0.707100
probe_part_paired_004,212.633000,0.257204,-0.001840,0.025000,-0.003123,-0.707100,-0.003123,0.707100
probe_part_paired_004,212.651000,0.257204,-0.001840,0.025000,-0.003123,-0.707100,-0.003123,0.707100
probe_part_paired_004,212.669000,0.257204,-0.001840,0.025000,-0.003123,-0.707100,-0.003123,0.707100
probe_part_paired_004,212.687000,0.257204,-0.001840,0.025000,-0.003123,-0.707100,-0.003123,0.707100
probe_part_paired_004,212.704000,0.257204,-0.001840,0.025000,-0.003123,-0.707100,-0.003123,0.707100
probe_part_paired_004,212.721000,0.257204,-0.001840,0.025000,-0.003123,-0.707100,-0.003123,0.707100
probe_part_paired_004,212.738000,0.257204,-0.001840,0.025000,-0.003123,-0.707100,-0.003123,0.707100
probe_part_paired_004,212.755000,0.257204,-0.001840,0.025000,-0.003123,-0.707100,-0.003123,0.707100
probe_part_paired_004,212.769000,0.257204,-0.001840,0.025000,-0.003123,-0.707100,-0.003123,0.707100
probe_part_paired_004,212.786000,0.257204,-0.001840,0.025000,-0.003123,-0.707100,-0.003123,0.707100
probe_part_paired_004,212.802000,0.257204,-0.001840,0.025000,-0.003123,-0.707100,-0.003123,0.707100
probe_part_paired_004,212.819000,0.257204,-0.001840,0.025000,-0.003123,-0.707100,-0.003123,0.707100
probe_part_paired_004,212.836000,0.257204,-0.001840,0.025000,-0.003123,-0.707100,-0.003123,0.707100
probe_part_paired_004,212.854000,0.257204,-0.001840,0.025000,-0.003123,-0.707100,-0.003123,0.707100
probe_part_paired_004,212.871000,0.257204,-0.001840,0.025000,-0.003123,-0.707100,-0.003123,0.707100
probe_part_paired_004,212.888000,0.257204,-0.001840,0.025000,-0.003123,-0.707100,-0.003123,0.707100
probe_part_paired_004,212.903000,0.257204,-0.001840,0.025000,-0.003123,-0.707100,-0.003123,0.707100
probe_part_paired_004,212.918000,0.257204,-0.001840,0.025000,-0.003123,-0.707100,-0.003123,0.707100
probe_part_paired_004,212.931000,0.257204,-0.001840,0.025000,-0.003123,-0.707100,-0.003123,0.707100
probe_part_paired_004,212.946000,0.257204,-0.001840,0.025000,-0.003123,-0.707100,-0.003123,0.707100
probe_part_paired_004,212.962000,0.257204,-0.001840,0.025000,-0.003123,-0.707100,-0.003123,0.707100
probe_part_paired_004,212.978000,0.257204,-0.001840,0.025000,-0.003123,-0.707100,-0.003123,0.707100
probe_part_paired_004,212.995000,0.257204,-0.001840,0.025000,-0.003123,-0.707100,-0.003123,0.707100
probe_part_paired_004,213.011000,0.257204,-0.001840,0.025000,-0.003123,-0.707100,-0.003123,0.707100
probe_part_paired_004,213.028000,0.257204,-0.001840,0.025000,-0.003123,-0.707100,-0.003123,0.707100
probe_part_paired_004,213.045000,0.257204,-0.001840,0.025000,-0.003123,-0.707100,-0.003123,0.707100
probe_part_paired_004,213.062000,0.257204,-0.001840,0.025000,-0.003123,-0.707100,-0.003123,0.707100
probe_part_paired_004,213.079000,0.257204,-0.001840,0.025000,-0.003123,-0.707100,-0.003123,0.707100
probe_part_paired_004,213.096000,0.257204,-0.001840,0.025000,-0.003123,-0.707100,-0.003123,0.707100
probe_part_paired_004,213.113000,0.257204,-0.001840,0.025000,-0.003123,-0.707100,-0.003123,0.707100
probe_part_paired_004,213.130000,0.257204,-0.001840,0.025000,-0.003123,-0.707100,-0.003123,0.707100
probe_part_paired_004,213.146000,0.257204,-0.001840,0.025000,-0.003123,-0.707100,-0.003123,0.707100
probe_part_paired_004,213.163000,0.257204,-0.001840,0.025000,-0.003123,-0.707100,-0.003123,0.707100
probe_part_paired_004,213.180000,0.257204,-0.001840,0.025000,-0.003123,-0.707100,-0.003123,0.707100
probe_part_paired_004,213.197000,0.257204,-0.001840,0.025000,-0.003123,-0.707100,-0.003123,0.707100
probe_part_paired_004,213.214000,0.257204,-0.001840,0.025000,-0.003123,-0.707100,-0.003123,0.707100
probe_part_paired_004,213.231000,0.257204,-0.001840,0.025000,-0.003123,-0.707100,-0.003123,0.707100
probe_part_paired_004,213.248000,0.257204,-0.001840,0.025000,-0.003123,-0.707100,-0.003123,0.707100
probe_part_paired_004,213.265000,0.257204,-0.001840,0.025000,-0.003123,-0.707100,-0.003123,0.707100
probe_part_paired_004,213.282000,0.257204,-0.001840,0.025000,-0.003123,-0.707100,-0.003123,0.707100
probe_part_paired_004,213.299000,0.257204,-0.001840,0.025000,-0.003123,-0.707100,-0.003123,0.707100
probe_part_paired_004,213.317000,0.257204,-0.001840,0.025000,-0.003123,-0.707100,-0.003123,0.707100
probe_part_paired_004,213.334000,0.257204,-0.001840,0.025000,-0.003123,-0.707100,-0.003123,0.707100
probe_part_paired_004,213.351000,0.257204,-0.001840,0.025000,-0.003123,-0.707100,-0.003123,0.707100
probe_part_paired_004,213.368000,0.257204,-0.001840,0.025000,-0.003123,-0.707100,-0.003123,0.707100
probe_part_paired_004,213.385000,0.257204,-0.001840,0.025000,-0.003123,-0.707100,-0.003123,0.707100
probe_part_paired_004,213.403000,0.257204,-0.001840,0.025000,-0.003123,-0.707100,-0.003123,0.707100
probe_part_paired_004,213.421000,0.257204,-0.001840,0.025000,-0.003123,-0.707100,-0.003123,0.707100
probe_part_paired_004,213.438000,0.257204,-0.001840,0.025000,-0.003123,-0.707100,-0.003123,0.707100
probe_part_paired_004,213.452000,0.257204,-0.001840,0.025000,-0.003123,-0.707100,-0.003123,0.707100
probe_part_paired_004,213.467000,0.257204,-0.001840,0.025000,-0.003123,-0.707100,-0.003123,0.707100
probe_part_paired_004,213.480000,0.257204,-0.001840,0.025000,-0.003123,-0.707100,-0.003123,0.707100
probe_part_paired_004,213.496000,0.257204,-0.001840,0.025000,-0.003123,-0.707100,-0.003123,0.707100
probe_part_paired_004,213.513000,0.257204,-0.001840,0.025000,-0.003123,-0.707100,-0.003123,0.707100
probe_part_paired_004,213.529000,0.257204,-0.001840,0.025000,-0.003123,-0.707100,-0.003123,0.707100
probe_part_paired_004,213.546000,0.257204,-0.001840,0.025000,-0.003123,-0.707100,-0.003123,0.707100
probe_part_paired_004,213.563000,0.257204,-0.001840,0.025000,-0.003123,-0.707100,-0.003123,0.707100
probe_part_paired_004,213.581000,0.257204,-0.001840,0.025000,-0.003123,-0.707100,-0.003123,0.707100
probe_part_paired_004,213.598000,0.257204,-0.001840,0.025000,-0.003123,-0.707100,-0.003123,0.707100
probe_part_paired_004,213.615000,0.257204,-0.001840,0.025000,-0.003123,-0.707100,-0.003123,0.707100
probe_part_paired_004,213.631000,0.257204,-0.001840,0.025000,-0.003123,-0.707100,-0.003123,0.707100
probe_part_paired_004,213.647000,0.257204,-0.001840,0.025000,-0.003123,-0.707100,-0.003123,0.707100
probe_part_paired_004,213.662000,0.257204,-0.001840,0.025000,-0.003123,-0.707100,-0.003123,0.707100
probe_part_paired_004,213.679000,0.257204,-0.001840,0.025000,-0.003123,-0.707100,-0.003123,0.707100
probe_part_paired_004,213.695000,0.257204,-0.001840,0.025000,-0.003123,-0.707100,-0.003123,0.707100
probe_part_paired_004,213.712000,0.257204,-0.001840,0.025000,-0.003123,-0.707100,-0.003123,0.707100
probe_part_paired_004,213.729000,0.257204,-0.001840,0.025000,-0.003123,-0.707100,-0.003123,0.707100
probe_part_paired_004,213.746000,0.257204,-0.001840,0.025000,-0.003123,-0.707100,-0.003123,0.707100
probe_part_paired_004,213.763000,0.257204,-0.001840,0.025000,-0.003123,-0.707100,-0.003123,0.707100
probe_part_paired_004,213.781000,0.257204,-0.001840,0.025000,-0.003123,-0.707100,-0.003123,0.707100
probe_part_paired_004,213.798000,0.257204,-0.001840,0.025000,-0.003123,-0.707100,-0.003123,0.707100
probe_part_paired_004,213.816000,0.257204,-0.001840,0.025000,-0.003123,-0.707100,-0.003123,0.707100
probe_part_paired_004,213.833000,0.257204,-0.001840,0.025000,-0.003123,-0.707100,-0.003123,0.707100
probe_part_paired_004,213.850000,0.257204,-0.001840,0.025000,-0.003123,-0.707100,-0.003123,0.707100
probe_part_paired_004,213.866000,0.257204,-0.001840,0.025000,-0.003123,-0.707100,-0.003123,0.707100
probe_part_paired_004,213.883000,0.257204,-0.001840,0.025000,-0.003123,-0.707100,-0.003123,0.707100
probe_part_paired_004,213.900000,0.257204,-0.001840,0.025000,-0.003123,-0.707100,-0.003123,0.707100
probe_part_paired_004,213.917000,0.257204,-0.001840,0.025000,-0.003123,-0.707100,-0.003123,0.707100
probe_part_paired_004,213.933000,0.257204,-0.001840,0.025000,-0.003123,-0.707100,-0.003123,0.707100
probe_part_paired_004,213.948000,0.257204,-0.001840,0.025000,-0.003123,-0.707100,-0.003123,0.707100
probe_part_paired_004,213.964000,0.257204,-0.001840,0.025000,-0.003123,-0.707100,-0.003123,0.707100
probe_part_paired_004,213.980000,0.257204,-0.001840,0.025000,-0.003123,-0.707100,-0.003123,0.707100
probe_part_paired_004,213.996000,0.257204,-0.001840,0.025000,-0.003123,-0.707100,-0.003123,0.707100
probe_part_paired_004,214.012000,0.257204,-0.001840,0.025000,-0.003123,-0.707100,-0.003123,0.707100
probe_part_paired_004,214.028000,0.257204,-0.001840,0.025000,-0.003123,-0.707100,-0.003123,0.707100
probe_part_paired_004,214.044000,0.257204,-0.001840,0.025000,-0.003123,-0.707100,-0.003123,0.707100
probe_part_paired_004,214.060000,0.257204,-0.001840,0.025000,-0.003123,-0.707100,-0.003123,0.707100
probe_part_paired_004,214.077000,0.257204,-0.001840,0.025000,-0.003123,-0.707100,-0.003123,0.707100
probe_part_paired_004,214.093000,0.257204,-0.001840,0.025000,-0.003123,-0.707100,-0.003123,0.707100
probe_part_paired_004,214.110000,0.257204,-0.001840,0.025000,-0.003123,-0.707100,-0.003123,0.707100
probe_part_paired_004,214.127000,0.257204,-0.001840,0.025000,-0.003123,-0.707100,-0.003123,0.707100
probe_part_paired_004,214.144000,0.257204,-0.001840,0.025000,-0.003123,-0.707100,-0.003123,0.707100
probe_part_paired_004,214.161000,0.257204,-0.001840,0.025000,-0.003123,-0.707100,-0.003123,0.707100
probe_part_paired_004,214.178000,0.257204,-0.001840,0.025000,-0.003123,-0.707100,-0.003123,0.707100
probe_part_paired_004,214.195000,0.257204,-0.001840,0.025000,-0.003123,-0.707100,-0.003123,0.707100
probe_part_paired_004,214.211000,0.257204,-0.001840,0.025000,-0.003123,-0.707100,-0.003123,0.707100
probe_part_paired_004,214.227000,0.257204,-0.001840,0.025000,-0.003123,-0.707100,-0.003123,0.707100
probe_part_paired_004,214.243000,0.257204,-0.001840,0.025000,-0.003123,-0.707100,-0.003123,0.707100
probe_part_paired_004,214.259000,0.257204,-0.001840,0.025000,-0.003123,-0.707100,-0.003123,0.707100
probe_part_paired_004,214.275000,0.257204,-0.001840,0.025000,-0.003123,-0.707100,-0.003123,0.707100
probe_part_paired_004,214.291000,0.257204,-0.001840,0.025000,-0.003123,-0.707100,-0.003123,0.707100
probe_part_paired_004,214.305000,0.257204,-0.001840,0.025000,-0.003123,-0.707100,-0.003123,0.707100
probe_part_paired_004,214.321000,0.257204,-0.001840,0.025000,-0.003123,-0.707100,-0.003123,0.707100
probe_part_paired_004,214.338000,0.257204,-0.001840,0.025000,-0.003123,-0.707100,-0.003123,0.707100
probe_part_paired_004,214.355000,0.257204,-0.001840,0.025000,-0.003123,-0.707100,-0.003123,0.707100
probe_part_paired_004,214.372000,0.257204,-0.001840,0.025000,-0.003123,-0.707100,-0.003123,0.707100
probe_part_paired_004,214.388000,0.257204,-0.001840,0.025000,-0.003123,-0.707100,-0.003123,0.707100
probe_part_paired_004,214.404000,0.257204,-0.001840,0.025000,-0.003123,-0.707100,-0.003123,0.707100
probe_part_paired_004,214.420000,0.257204,-0.001840,0.025000,-0.003123,-0.707100,-0.003123,0.707100
probe_part_paired_004,214.436000,0.257204,-0.001840,0.025000,-0.003123,-0.707100,-0.003123,0.707100
probe_part_paired_004,214.441000,0.257204,-0.001840,0.025000,-0.003123,-0.707100,-0.003123,0.707100
probe_part_paired_004,214.454000,0.257204,-0.001840,0.025000,-0.003123,-0.707100,-0.003123,0.707100
probe_part_paired_004,214.470000,0.257204,-0.001840,0.025000,-0.003123,-0.707100,-0.003123,0.707100
probe_part_paired_004,214.486000,0.257204,-0.001840,0.025000,-0.003123,-0.707100,-0.003123,0.707100
probe_part_paired_004,214.501000,0.257204,-0.001840,0.025000,-0.003123,-0.707100,-0.003123,0.707100
probe_part_paired_004,214.517000,0.257204,-0.001840,0.025000,-0.003123,-0.707100,-0.003123,0.707100
probe_part_paired_004,214.533000,0.257204,-0.001840,0.025000,-0.003123,-0.707100,-0.003123,0.707100
probe_part_paired_004,214.547000,0.257204,-0.001840,0.025000,-0.003123,-0.707100,-0.003123,0.707100
probe_part_paired_004,214.562000,0.257204,-0.001840,0.025000,-0.003123,-0.707100,-0.003123,0.707100
arm_1_left_finger,180.235000,0.499784,-0.011956,0.543532,-0.585010,0.492703,-0.492721,0.415010
arm_1_left_finger,180.249000,0.499784,-0.011956,0.543532,-0.585010,0.492703,-0.492721,0.415010
arm_1_left_finger,180.264000,0.499784,-0.011956,0.543532,-0.585010,0.492703,-0.492721,0.415010
arm_1_left_finger,180.281000,0.499784,-0.011956,0.543532,-0.585010,0.492703,-0.492721,0.415010
arm_1_left_finger,180.297000,0.499784,-0.011956,0.543532,-0.585010,0.492703,-0.492721,0.415010
arm_1_left_finger,180.311000,0.499784,-0.011956,0.543532,-0.585010,0.492703,-0.492721,0.415010
arm_1_left_finger,180.326000,0.499784,-0.011956,0.543532,-0.585010,0.492703,-0.492721,0.415010
arm_1_left_finger,180.341000,0.499784,-0.011956,0.543532,-0.585010,0.492703,-0.492721,0.415010
arm_1_left_finger,180.357000,0.499784,-0.011956,0.543532,-0.585010,0.492703,-0.492721,0.415010
arm_1_left_finger,180.373000,0.499784,-0.011956,0.543532,-0.585010,0.492703,-0.492721,0.415010
arm_1_left_finger,180.389000,0.499784,-0.011956,0.543532,-0.585010,0.492703,-0.492721,0.415010
arm_1_left_finger,180.405000,0.499784,-0.011956,0.543532,-0.585010,0.492703,-0.492721,0.415010
arm_1_left_finger,180.422000,0.499785,-0.011954,0.543530,-0.585011,0.492704,-0.492717,0.415011
arm_1_left_finger,180.439000,0.499789,-0.011943,0.543523,-0.585017,0.492711,-0.492701,0.415014
arm_1_left_finger,180.456000,0.499799,-0.011920,0.543506,-0.585030,0.492726,-0.492665,0.415021
arm_1_left_finger,180.473000,0.499815,-0.011880,0.543478,-0.585052,0.492750,-0.492605,0.415033
arm_1_left_finger,180.490000,0.499838,-0.011822,0.543437,-0.585085,0.492787,-0.492515,0.415050
arm_1_left_finger,180.507000,0.499871,-0.011741,0.543380,-0.585129,0.492837,-0.492392,0.415073
arm_1_left_finger,180.524000,0.499912,-0.011638,0.543307,-0.585186,0.492901,-0.492234,0.415103
arm_1_left_finger,180.541000,0.499964,-0.011510,0.543217,-0.585258,0.492981,-0.492039,0.415140
arm_1_left_finger,180.559000,0.500029,-0.011348,0.543102,-0.585348,0.493083,-0.491790,0.415187
arm_1_left_finger,180.576000,0.500102,-0.011166,0.542974,-0.585448,0.493196,-0.491513,0.415238
arm_1_left_finger,180.593000,0.500185,-0.010959,0.542828,-0.585563,0.493325,-0.491197,0.415298
arm_1_left_finger,180.609000,0.500273,-0.010739,0.542672,-0.585685,0.493463,-0.490859,0.415360
arm_1_left_finger,180.625000,0.500370,-0.010494,0.542500,-0.585821,0.493615,-0.490486,0.415430
arm_1_left_finger,180.642000,0.500484,-0.010208,0.542298,-0.585979,0.493794,-0.490048,0.415511
arm_1_left_finger,180.659000,0.500609,-0.009892,0.542075,-0.586153,0.493990,-0.489567,0.415599
arm_1_left_finger,180.676000,0.500745,-0.009550,0.541834,-0.586343,0.494203,-0.489044,0.415695
arm_1_left_finger,180.693000,0.500891,-0.009178,0.541572,-0.586547,0.494434,-0.488477,0.415797
arm_1_left_finger,180.710000,0.501048,-0.008778,0.541290,-0.586767,0.494682,-0.487867,0.415907
arm_1_left_finger,180.727000,0.501215,-0.008350,0.540989,-0.587003,0.494948,-0.487215,0.416024
arm_1_left_finger,180.744000,0.501393,-0.007892,0.540667,-0.587254,0.495231,-0.486518,0.416148
arm_1_left_finger,180.762000,0.501592,-0.007377,0.540304,-0.587536,0.495550,-0.485734,0.416286
arm_1_left_finger,180.780000,0.501803,-0.006829,0.539919,-0.587836,0.495889,-0.484901,0.416431
arm_1_left_finger,180.797000,0.502013,-0.006282,0.539535,-0.588134,0.496226,-0.484070,0.416574
arm_1_left_finger,180.814000,0.502232,-0.005706,0.539130,-0.588448,0.496582,-0.483195,0.416723
arm_1_left_finger,180.831000,0.502461,-0.005101,0.538706,-0.588777,0.496954,-0.482277,0.416878
arm_1_left_finger,180.844000,0.502643,-0.004618,0.538367,-0.589039,0.497251,-0.481545,0.417000
arm_1_left_finger,180.860000,0.502874,-0.004001,0.537935,-0.589374,0.497630,-0.480609,0.417155
arm_1_left_finger,180.877000,0.503128,-0.003316,0.537455,-0.589744,0.498050,-0.479572,0.417324
arm_1_left_finger,180.895000,0.503407,-0.002560,0.536926,-0.590152,0.498513,-0.478428,0.417508
arm_1_left_finger,180.912000,0.503680,-0.001815,0.536404,-0.590552,0.498968,-0.477302,0.417686
arm_1_left_finger,180.929000,0.503961,-0.001041,0.535864,-0.590968,0.499440,-0.476133,0.417869
arm_1_left_finger,180.946000,0.504251,-0.000236,0.535302,-0.591398,0.499930,-0.474919,0.418055
arm_1_left_finger,180.963000,0.504549,0.000597,0.534720,-0.591843,0.500437,-0.473663,0.418244
arm_1_left_finger,180.981000,0.504873,0.001513,0.534082,-0.592330,0.500992,-0.472285,0.418448
arm_1_left_finger,180.999000,0.505205,0.002461,0.533421,-0.592833,0.501566,-0.470859,0.418655
arm_1_left_finger,181.016000,0.505527,0.003388,0.532776,-0.593324,0.502126,-0.469466,0.418853
arm_1_left_finger,181.033000,0.505855,0.004345,0.532111,-0.593828,0.502703,-0.468031,0.419052
arm_1_left_finger,181.050000,0.506191,0.005332,0.531425,-0.594347,0.503297,-0.466552,0.419254
arm_1_left_finger,181.067000,0.506533,0.006349,0.530719,-0.594879,0.503907,-0.465030,0.419456
arm_1_left_finger,181.084000,0.506881,0.007397,0.529993,-0.595426,0.504535,-0.463464,0.419659
arm_1_left_finger,181.099000,0.507193,0.008347,0.529335,-0.595921,0.505102,-0.462046,0.419838
arm_1_left_finger,181.115000,0.507531,0.009386,0.528615,-0.596460,0.505722,-0.460496,0.420029
arm_1_left_finger,181.132000,0.507895,0.010519,0.527832,-0.597045,0.506397,-0.458808,0.420231
arm_1_left_finger,181.148000,0.508243,0.011615,0.527075,-0.597610,0.507047,-0.457178,0.420421
arm_1_left_finger,181.164000,0.508595,0.012738,0.526300,-0.598186,0.507712,-0.455511,0.420609
arm_1_left_finger,181.181000,0.508972,0.013959,0.525458,-0.598810,0.508433,-0.453699,0.420807
arm_1_left_finger,181.198000,0.509354,0.015213,0.524594,-0.599449,0.509172,-0.451842,0.421003
arm_1_left_finger,181.215000,0.509740,0.016497,0.523711,-0.600100,0.509926,-0.449943,0.421196
arm_1_left_finger,181.232000,0.510129,0.017813,0.522807,-0.600765,0.510698,-0.448000,0.421385
arm_1_left_finger,181.249000,0.510521,0.019160,0.521882,-0.601443,0.511485,-0.446014,0.421570
arm_1_left_finger,181.264000,0.510869,0.020374,0.521050,-0.602051,0.512192,-0.444227,0.421730
arm_1_left_finger,181.280000,0.511242,0.021696,0.520144,-0.602711,0.512961,-0.442284,0.421895
arm_1_left_finger,181.297000,0.511640,0.023131,0.519162,-0.603424,0.513793,-0.440177,0.422066
arm_1_left_finger,181.314000,0.512040,0.024598,0.518160,-0.604149,0.514641,-0.438029,0.422231
arm_1_left_finger,181.331000,0.512441,0.026097,0.517136,-0.604888,0.515506,-0.435836,0.422389
arm_1_left_finger,181.348000,0.512842,0.027627,0.516093,-0.605637,0.516385,-0.433602,0.422539
arm_1_left_finger,181.365000,0.513244,0.029189,0.515029,-0.606399,0.517280,-0.431325,0.422682
arm_1_left_finger,181.382000,0.513645,0.030783,0.513944,-0.607173,0.518190,-0.429007,0.422816
arm_1_left_finger,181.398000,0.514022,0.032312,0.512905,-0.607912,0.519061,-0.426786,0.422933
arm_1_left_finger,181.414000,0.514398,0.033870,0.511847,-0.608661,0.519946,-0.424527,0.423042
arm_1_left_finger,181.430000,0.514773,0.035457,0.510771,-0.609421,0.520844,-0.422230,0.423142
arm_1_left_finger,181.446000,0.515145,0.037072,0.509678,-0.610190,0.521756,-0.419898,0.423232
arm_1_left_finger,181.462000,0.515516,0.038715,0.508566,-0.610969,0.522680,-0.417528,0.423311
arm_1_left_finger,181.479000,0.515907,0.040492,0.507365,-0.611807,0.523677,-0.414970,0.423384
arm_1_left_finger,181.496000,0.516294,0.042301,0.506143,-0.612655,0.524689,-0.412372,0.423443
arm_1_left_finger,181.513000,0.516678,0.044144,0.504901,-0.613515,0.525716,-0.409730,0.423489
arm_1_left_finger,181.530000,0.517057,0.046019,0.503638,-0.614385,0.526757,-0.407049,0.423520
arm_1_left_finger,181.547000,0.517432,0.047927,0.502355,-0.615265,0.527813,-0.404326,0.423536
arm_1_left_finger,181.564000,0.517801,0.049866,0.501051,-0.616155,0.528883,-0.401563,0.423537
arm_1_left_finger,181.581000,0.518163,0.051838,0.499728,-0.617055,0.529967,-0.398760,0.423520
arm_1_left_finger,181.599000,0.518540,0.053962,0.498304,-0.618018,0.531130,-0.395748,0.423484
arm_1_left_finger,181.616000,0.518889,0.056002,0.496938,-0.618937,0.532243,-0.392862,0.423430
arm_1_left_finger,181.633000,0.519230,0.058075,0.495551,-0.619866,0.533371,-0.389935,0.423358
arm_1_left_finger,181.651000,0.519582,0.060305,0.494062,-0.620859,0.534579,-0.386794,0.423260
arm_1_left_finger,181.669000,0.519924,0.062572,0.492549,-0.621862,0.535803,-0.383609,0.423139
arm_1_left_finger,181.687000,0.520256,0.064876,0.491013,-0.622875,0.537042,-0.380381,0.422994
arm_1_left_finger,181.704000,0.520558,0.067085,0.489542,-0.623840,0.538225,-0.377292,0.422834
arm_1_left_finger,181.721000,0.520850,0.069327,0.488051,-0.624813,0.539422,-0.374166,0.422650
arm_1_left_finger,181.739000,0.521147,0.071737,0.486450,-0.625852,0.540703,-0.370813,0.422430
arm_1_left_finger,181.756000,0.521415,0.074047,0.484917,-0.626841,0.541927,-0.367609,0.422197
arm_1_left_finger,181.774000,0.521685,0.076528,0.483272,-0.627896,0.543236,-0.364175,0.421921
arm_1_left_finger,181.791000,0.521927,0.078905,0.481698,-0.628900,0.544485,-0.360894,0.421634
arm_1_left_finger,181.809000,0.522168,0.081457,0.480008,-0.629971,0.545822,-0.357381,0.421300
arm_1_left_finger,181.827000,0.522392,0.084046,0.478297,-0.631050,0.547172,-0.353827,0.420934
arm_1_left_finger,181.840000,0.522543,0.085938,0.477047,-0.631833,0.548156,-0.351235,0.420649
arm_1_left_finger,181.856000,0.522717,0.088294,0.475492,-0.632803,0.549376,-0.348017,0.420275
arm_1_left_finger,181.873000,0.522886,0.090828,0.473821,-0.633838,0.550684,-0.344565,0.419847
arm_1_left_finger,181.889000,0.523030,0.093242,0.472230,-0.634818,0.551925,-0.341284,0.419416
arm_1_left_finger,181.904000,0.523150,0.095532,0.470722,-0.635742,0.553099,-0.338180,0.418985
arm_1_left_finger,181.920000,0.523263,0.098002,0.469097,-0.636732,0.554360,-0.334841,0.418497
arm_1_left_finger,181.937000,0.523365,0.100658,0.467351,-0.637788,0.555711,-0.331261,0.417945
arm_1_left_finger,181.954000,0.523447,0.103347,0.465583,-0.638850,0.557074,-0.327645,0.417358
arm_1_left_finger,181.971000,0.523509,0.106068,0.463797,-0.639916,0.558447,-0.324000,0.416734
arm_1_left_finger,181.988000,0.523550,0.108817,0.461993,-0.640986,0.559830,-0.320326,0.416075
arm_1_left_finger,182.004000,0.523569,0.111427,0.460282,-0.641994,0.561137,-0.316850,0.415422
arm_1_left_finger,182.021000,0.523568,0.114217,0.458453,-0.643063,0.562530,-0.313144,0.414694
arm_1_left_finger,182.038000,0.523545,0.117023,0.456615,-0.644131,0.563924,-0.309429,0.413931
arm_1_left_finger,182.055000,0.523499,0.119839,0.454770,-0.645194,0.565319,-0.305712,0.413134
arm_1_left_finger,182.073000,0.523426,0.122831,0.452813,-0.646314,0.566795,-0.301776,0.412254
arm_1_left_finger,182.091000,0.523327,0.125829,0.450851,-0.647427,0.568267,-0.297846,0.411337
arm_1_left_finger,182.109000,0.523202,0.128832,0.448887,0.648533,-0.569737,0.293922,-0.410384
arm_1_left_finger,182.125000,0.523070,0.131504,0.447140,0.649509,-0.571039,0.290442,-0.409506
arm_1_left_finger,182.141000,0.522918,0.134177,0.445392,0.650479,-0.572338,0.286970,-0.408600
arm_1_left_finger,182.157000,0.522745,0.136852,0.443644,0.651443,-0.573633,0.283508,-0.407666
arm_1_left_finger,182.173000,0.522553,0.139528,0.441896,0.652399,-0.574923,0.280056,-0.406704
arm_1_left_finger,182.190000,0.522326,0.142370,0.440039,0.653407,-0.576290,0.276399,-0.405651
arm_1_left_finger,182.207000,0.522077,0.145213,0.438182,0.654407,-0.577651,0.272756,-0.404568
arm_1_left_finger,182.224000,0.521805,0.148054,0.436325,0.655399,-0.579007,0.269126,-0.403453
arm_1_left_finger,182.241000,0.521511,0.150894,0.434470,0.656383,-0.580357,0.265510,-0.402308
arm_1_left_finger,182.258000,0.521194,0.153733,0.432615,0.657358,-0.581702,0.261908,-0.401132
arm_1_left_finger,182.275000,0.520855,0.156569,0.430761,0.658325,-0.583042,0.258321,-0.399926
arm_1_left_finger,182.292000,0.520493,0.159404,0.428909,0.659284,-0.584375,0.254748,-0.398690
arm_1_left_finger,182.310000,0.520087,0.162403,0.426948,0.660290,-0.585781,0.250983,-0.397348
arm_1_left_finger,182.327000,0.519680,0.165233,0.425098,0.661231,-0.587103,0.247442,-0.396050
arm_1_left_finger,182.343000,0.519276,0.167894,0.423357,0.662109,-0.588342,0.244125,-0.394801
arm_1_left_finger,182.360000,0.518827,0.170718,0.421509,0.663034,-0.589653,0.240616,-0.393445
arm_1_left_finger,182.378000,0.518326,0.173705,0.419554,0.664004,-0.591035,0.236919,-0.391978
arm_1_left_finger,182.396000,0.517802,0.176688,0.417600,0.664964,-0.592410,0.233240,-0.390478
arm_1_left_finger,182.413000,0.517284,0.179502,0.415756,0.665862,-0.593702,0.229783,-0.389031
arm_1_left_finger,182.431000,0.516712,0.182477,0.413805,0.666804,-0.595064,0.226142,-0.387467
arm_1_left_finger,182.449000,0.516115,0.185449,0.411856,0.667736,-0.596420,0.222521,-0.385871
arm_1_left_finger,182.466000,0.515530,0.188250,0.410016,0.668608,-0.597694,0.219119,-0.384334
arm_1_left_finger,182.483000,0.514923,0.191048,0.408178,0.669471,-0.598962,0.215735,-0.382769
arm_1_left_finger,182.501000,0.514258,0.194005,0.406233,0.670375,-0.600298,0.212172,-0.381080
arm_1_left_finger,182.519000,0.513568,0.196958,0.404290,0.671270,-0.601627,0.208631,-0.379360
arm_1_left_finger,182.536000,0.512895,0.199741,0.402457,0.672106,-0.602876,0.205305,-0.377707
arm_1_left_finger,182.553000,0.512200,0.202520,0.400625,0.672934,-0.604120,0.201998,-0.376026
arm_1_left_finger,182.569000,0.511528,0.205130,0.398902,0.673705,-0.605284,0.198903,-0.374419
arm_1_left_finger,182.585000,0.510837,0.207736,0.397181,0.674469,-0.606443,0.195826,-0.372788
arm_1_left_finger,182.602000,0.510082,0.210500,0.395353,0.675272,-0.607668,0.192575,-0.371027
arm_1_left_finger,182.619000,0.509306,0.213258,0.393527,0.676067,-0.608888,0.189345,-0.369240
arm_1_left_finger,182.636000,0.508510,0.216010,0.391703,0.676852,-0.610101,0.186134,-0.367426
arm_1_left_finger,182.653000,0.507693,0.218757,0.389880,0.677630,-0.611308,0.182944,-0.365585
arm_1_left_finger,182.670000,0.506856,0.221497,0.388059,0.678398,-0.612508,0.179775,-0.363717
arm_1_left_finger,182.687000,0.505998,0.224232,0.386240,0.679158,-0.613703,0.176626,-0.361823
arm_1_left_finger,182.705000,0.505080,0.227084,0.384340,0.679944,-0.614945,0.173357,-0.359814
arm_1_left_finger,182.722000,0.504182,0.229802,0.382526,0.680685,-0.616125,0.170256,-0.357869
arm_1_left_finger,182.739000,0.503259,0.232526,0.380706,0.681422,-0.617304,0.167162,-0.355889
arm_1_left_finger,182.757000,0.502261,0.235401,0.378782,0.682191,-0.618545,0.163912,-0.353766
arm_1_left_finger,182.774000,0.501298,0.238107,0.376968,0.682909,-0.619710,0.160867,-0.351735
arm_1_left_finger,182.792000,0.500258,0.240964,0.375050,0.683659,-0.620935,0.157669,-0.349559
arm_1_left_finger,182.809000,0.499255,0.243653,0.373240,0.684358,-0.622085,0.154673,-0.347478
arm_1_left_finger,182.826000,0.498233,0.246334,0.371434,0.685048,-0.623229,0.151700,-0.345373
arm_1_left_finger,182.843000,0.497191,0.249007,0.369629,0.685729,-0.624366,0.148751,-0.343244
arm_1_left_finger,182.861000,0.496067,0.251829,0.367720,0.686441,-0.625562,0.145654,-0.340962
arm_1_left_finger,182.878000,0.494986,0.254485,0.365920,0.687105,-0.626686,0.142753,-0.338783
arm_1_left_finger,182.895000,0.493885,0.257134,0.364121,0.687759,-0.627802,0.139876,-0.336580
arm_1_left_finger,182.912000,0.492766,0.259774,0.362325,0.688405,-0.628912,0.137022,-0.334354
arm_1_left_finger,182.930000,0.491560,0.262560,0.360424,0.689080,-0.630080,0.134027,-0.331970
arm_1_left_finger,182.948000,0.490332,0.265337,0.358526,0.689745,-0.631241,0.131059,-0.329560
arm_1_left_finger,182.965000,0.489153,0.267951,0.356736,0.690364,-0.632331,0.128281,-0.327261
arm_1_left_finger,182.983000,0.487885,0.270709,0.354841,0.691010,-0.633477,0.125367,-0.324801
arm_1_left_finger,183.000000,0.486668,0.273305,0.353055,0.691611,-0.634553,0.122639,-0.322454
arm_1_left_finger,183.017000,0.485432,0.275892,0.351270,0.692203,-0.635622,0.119937,-0.320085
arm_1_left_finger,183.034000,0.484178,0.278470,0.349486,0.692787,-0.636685,0.117259,-0.317693
arm_1_left_finger,183.051000,0.482906,0.281039,0.347705,0.693362,-0.637741,0.114607,-0.315279
arm_1_left_finger,183.069000,0.481539,0.283749,0.345821,0.693962,-0.638851,0.111826,-0.312699
arm_1_left_finger,183.085000,0.480307,0.286149,0.344148,0.694487,-0.639832,0.109378,-0.310386
arm_1_left_finger,183.099000,0.479215,0.288242,0.342686,0.694940,-0.640686,0.107255,-0.308346
arm_1_left_finger,183.114000,0.478033,0.290477,0.341120,0.695418,-0.641595,0.105000,-0.306144
arm_1_left_finger,183.130000,0.476756,0.292853,0.339452,0.695922,-0.642559,0.102617,-0.303777
arm_1_left_finger,183.146000,0.475463,0.295220,0.337786,0.696417,-0.643517,0.100257,-0.301392
arm_1_left_finger,183.162000,0.474155,0.297578,0.336121,0.696905,-0.644469,0.097920,-0.298989
arm_1_left_finger,183.178000,0.472831,0.299928,0.334458,0.697385,-0.645415,0.095607,-0.296567
arm_1_left_finger,183.196000,0.471323,0.302560,0.332588,0.697916,-0.646472,0.093033,-0.293821
arm_1_left_finger,183.213000,0.469882,0.305035,0.330825,0.698409,-0.647464,0.090629,-0.291207
arm_1_left_finger,183.230000,0.468423,0.307500,0.329064,0.698893,-0.648448,0.088253,-0.288574
arm_1_left_finger,183.246000,0.467034,0.309810,0.327408,0.699341,-0.649368,0.086041,-0.286077
arm_1_left_finger,183.261000,0.465718,0.311968,0.325856,0.699753,-0.650226,0.083990,-0.283721
arm_1_left_finger,183.276000,0.464390,0.314117,0.324307,0.700159,-0.651077,0.081959,-0.281350
arm_1_left_finger,183.292000,0.462958,0.316399,0.322656,0.700585,-0.651980,0.079818,-0.278804
arm_1_left_finger,183.308000,0.461511,0.318673,0.321006,0.701003,-0.652876,0.077700,-0.276242
arm_1_left_finger,183.324000,0.460050,0.320936,0.319358,0.701413,-0.653767,0.075608,-0.273664
arm_1_left_finger,183.340000,0.458574,0.323189,0.317712,0.701816,-0.654651,0.073540,-0.271070
arm_1_left_finger,183.356000,0.457084,0.325432,0.316067,0.702211,-0.655529,0.071497,-0.268459
arm_1_left_finger,183.372000,0.455580,0.327666,0.314424,0.702598,-0.656400,0.069480,-0.265833
arm_1_left_finger,183.389000,0.453969,0.330021,0.312685,0.703000,-0.657317,0.067369,-0.263033
arm_1_left_finger,183.406000,0.452343,0.332365,0.310947,0.703394,-0.658227,0.065286,-0.260215
arm_1_left_finger,183.423000,0.450695,0.334706,0.309205,0.703780,-0.659134,0.063225,-0.257370
arm_1_left_finger,183.440000,0.449031,0.337035,0.307466,0.704157,-0.660033,0.061194,-0.254509
arm_1_left_finger,183.457000,0.447352,0.339351,0.305728,0.704526,-0.660924,0.059191,-0.251632
arm_1_left_finger,183.474000,0.445658,0.341654,0.303993,0.704886,-0.661809,0.057219,-0.248739
arm_1_left_finger,183.491000,0.443948,0.343945,0.302260,0.705237,-0.662686,0.055275,-0.245830
arm_1_left_finger,183.509000,0.442122,0.346358,0.300427,0.705600,-0.663607,0.053250,-0.242733
arm_1_left_finger,183.526000,0.440381,0.348623,0.298698,0.705934,-0.664469,0.051368,-0.239792
arm_1_left_finger,183.543000,0.438625,0.350876,0.296971,0.706258,-0.665324,0.049516,-0.236837
arm_1_left_finger,183.560000,0.436855,0.353116,0.295246,0.706575,-0.666171,0.047694,-0.233866
arm_1_left_finger,183.577000,0.435069,0.355343,0.293523,0.706882,-0.667012,0.045901,-0.230881
arm_1_left_finger,183.595000,0.433163,0.357687,0.291700,0.707198,-0.667894,0.044036,-0.227704
arm_1_left_finger,183.612000,0.431347,0.359888,0.289981,0.707488,-0.668719,0.042308,-0.224691
arm_1_left_finger,183.630000,0.429414,0.362205,0.288161,0.707783,-0.669585,0.040514,-0.221488
arm_1_left_finger,183.647000,0.427568,0.364379,0.286446,0.708057,-0.670396,0.038840,-0.218439
arm_1_left_finger,183.664000,0.425709,0.366539,0.284732,0.708321,-0.671199,0.037203,-0.215382
arm_1_left_finger,183.681000,0.423835,0.368687,0.283021,0.708576,-0.671995,0.035596,-0.212311
arm_1_left_finger,183.698000,0.421948,0.370821,0.281311,0.708822,-0.672783,0.034021,-0.209229
arm_1_left_finger,183.715000,0.420046,0.372941,0.279603,0.709060,-0.673565,0.032476,-0.206132
arm_1_left_finger,183.732000,0.418131,0.375048,0.277897,0.709289,-0.674338,0.030962,-0.203024
arm_1_left_finger,183.750000,0.416088,0.377264,0.276092,0.709522,-0.675150,0.029393,-0.199720
arm_1_left_finger,183.767000,0.414145,0.379342,0.274390,0.709733,-0.675908,0.027943,-0.196587
arm_1_left_finger,183.784000,0.412188,0.381407,0.272689,0.709936,-0.676659,0.026525,-0.193443
arm_1_left_finger,183.802000,0.410102,0.383578,0.270890,0.710141,-0.677446,0.025058,-0.190102
arm_1_left_finger,183.820000,0.408001,0.385734,0.269094,0.710337,-0.678225,0.023624,-0.186747
arm_1_left_finger,183.836000,0.406121,0.387636,0.267498,0.710502,-0.678911,0.022381,-0.183755
arm_1_left_finger,183.852000,0.404229,0.389526,0.265905,0.710661,-0.679589,0.021165,-0.180754
arm_1_left_finger,183.868000,0.402327,0.391404,0.264312,0.710811,-0.680261,0.019978,-0.177744
arm_1_left_finger,183.885000,0.400293,0.393384,0.262622,0.710963,-0.680968,0.018748,-0.174537
arm_1_left_finger,183.902000,0.398247,0.395351,0.260934,0.711106,-0.681667,0.017551,-0.171321
arm_1_left_finger,183.920000,0.396067,0.397417,0.259149,0.711247,-0.682399,0.016318,-0.167906
arm_1_left_finger,183.937000,0.393996,0.399351,0.257466,0.711374,-0.683082,0.015182,-0.164668
arm_1_left_finger,183.954000,0.391918,0.401268,0.255787,0.711490,-0.683757,0.014087,-0.161434
arm_1_left_finger,183.972000,0.389711,0.403274,0.254019,0.711604,-0.684460,0.012960,-0.158007
arm_1_left_finger,183.989000,0.387628,0.405144,0.252359,0.711702,-0.685113,0.011942,-0.154786
arm_1_left_finger,184.006000,0.385547,0.406985,0.250713,0.711792,-0.685754,0.010954,-0.151573
arm_1_left_finger,184.023000,0.383471,0.408798,0.249081,0.711873,-0.686382,0.010007,-0.148379
arm_1_left_finger,184.040000,0.381403,0.410581,0.247466,0.711945,-0.686998,0.009100,-0.145209
arm_1_left_finger,184.058000,0.379223,0.412435,0.245773,0.712010,-0.687636,0.008187,-0.141883
arm_1_left_finger,184.075000,0.377176,0.414154,0.244193,0.712065,-0.688226,0.007357,-0.138760
arm_1_left_finger,184.092000,0.375138,0.415842,0.242631,0.712112,-0.688802,0.006564,-0.135663
arm_1_left_finger,184.109000,0.373114,0.417498,0.241087,0.712151,-0.689366,0.005808,-0.132596
arm_1_left_finger,184.125000,0.371221,0.419028,0.239651,0.712181,-0.689885,0.005131,-0.129735
arm_1_left_finger,184.142000,0.369222,0.420623,0.238143,0.712205,-0.690424,0.004445,-0.126724
arm_1_left_finger,184.159000,0.367239,0.422187,0.236654,0.712222,-0.690950,0.003794,-0.123745
arm_1_left_finger,184.176000,0.365270,0.423721,0.235184,0.712233,-0.691464,0.003177,-0.120796
arm_1_left_finger,184.193000,0.363317,0.425224,0.233733,0.712236,-0.691967,0.002592,-0.117879
arm_1_left_finger,184.209000,0.361494,0.426611,0.232384,0.712233,-0.692428,0.002073,-0.115164
arm_1_left_finger,184.226000,0.359573,0.428056,0.230970,0.712224,-0.692907,0.001552,-0.112311
arm_1_left_finger,184.244000,0.357556,0.429553,0.229494,0.712209,-0.693402,0.001025,-0.109319
arm_1_left_finger,184.261000,0.355669,0.430938,0.228118,0.712189,-0.693857,0.000563,-0.106531
arm_1_left_finger,184.278000,0.353801,0.432294,0.226762,0.712163,-0.694301,0.000130,-0.103779
arm_1_left_finger,184.294000,0.352059,0.433544,0.225503,0.712133,-0.694709,-0.000250,-0.101221
arm_1_left_finger,184.311000,0.350226,0.434844,0.224183,0.712096,-0.695132,-0.000627,-0.098537
arm_1_left_finger,184.327000,0.348517,0.436043,0.222959,0.712059,-0.695521,-0.000971,-0.096030
arm_1_left_finger,184.342000,0.346932,0.437145,0.221826,0.712019,-0.695876,-0.001262,-0.093717
arm_1_left_finger,184.357000,0.345359,0.438226,0.220708,0.711977,-0.696224,-0.001540,-0.091427
arm_1_left_finger,184.373000,0.343700,0.439356,0.219531,0.711927,-0.696587,-0.001813,-0.089016
arm_1_left_finger,184.388000,0.342162,0.440394,0.218442,0.711877,-0.696918,-0.002045,-0.086791
arm_1_left_finger,184.404000,0.340536,0.441479,0.217299,0.711821,-0.697263,-0.002285,-0.084434
arm_1_left_finger,184.420000,0.338929,0.442542,0.216170,0.711761,-0.697600,-0.002497,-0.082119
arm_1_left_finger,184.436000,0.337339,0.443582,0.215059,0.711699,-0.697929,-0.002698,-0.079827
arm_1_left_finger,184.451000,0.335868,0.444537,0.214031,0.711638,-0.698229,-0.002864,-0.077715
arm_1_left_finger,184.467000,0.334314,0.445534,0.212952,0.711570,-0.698542,-0.003029,-0.075486
arm_1_left_finger,184.484000,0.332685,0.446570,0.211823,0.711495,-0.698865,-0.003184,-0.073157
arm_1_left_finger,184.500000,0.331171,0.447523,0.210777,0.711422,-0.699162,-0.003315,-0.070995
arm_1_left_finger,184.516000,0.329678,0.448455,0.209747,0.711347,-0.699451,-0.003429,-0.068868
arm_1_left_finger,184.533000,0.328110,0.449423,0.208672,0.711265,-0.699749,-0.003535,-0.066641
arm_1_left_finger,184.549000,0.326657,0.450313,0.207676,0.711185,-0.700023,-0.003619,-0.064580
arm_1_left_finger,184.566000,0.325133,0.451236,0.206636,0.711099,-0.700306,-0.003696,-0.062424
arm_1_left_finger,184.581000,0.323809,0.452032,0.205732,0.711021,-0.700549,-0.003750,-0.060553
arm_1_left_finger,184.596000,0.322500,0.452812,0.204844,0.710942,-0.700785,-0.003795,-0.058709
arm_1_left_finger,184.610000,0.321297,0.453524,0.204027,0.710867,-0.701001,-0.003823,-0.057019
arm_1_left_finger,184.624000,0.320108,0.454221,0.203224,0.710791,-0.701212,-0.003850,-0.055345
arm_1_left_finger,184.639000,0.318851,0.454952,0.202376,0.710709,-0.701432,-0.003865,-0.053584
arm_1_left_finger,184.654000,0.317615,0.455666,0.201542,0.710626,-0.701646,-0.003871,-0.051853
arm_1_left_finger,184.670000,0.316314,0.456411,0.200669,0.710537,-0.701868,-0.003869,-0.050035
arm_1_left_finger,184.686000,0.315036,0.457138,0.199811,0.710446,-0.702085,-0.003851,-0.048258
arm_1_left_finger,184.702000,0.313777,0.457846,0.198969,0.710356,-0.702295,-0.003837,-0.046500
arm_1_left_finger,184.718000,0.312540,0.458537,0.198144,0.710265,-0.702499,-0.003808,-0.044782
arm_1_left_finger,184.734000,0.311326,0.459211,0.197334,0.710173,-0.702697,-0.003770,-0.043097
arm_1_left_finger,184.748000,0.310280,0.459787,0.196639,0.710093,-0.702866,-0.003733,-0.041648
arm_1_left_finger,184.764000,0.309104,0.460429,0.195860,0.710001,-0.703053,-0.003683,-0.040023
arm_1_left_finger,184.780000,0.307952,0.461054,0.195095,0.709908,-0.703235,-0.003626,-0.038432
arm_1_left_finger,184.795000,0.306891,0.461625,0.194394,0.709822,-0.703401,-0.003568,-0.036969
arm_1_left_finger,184.812000,0.305713,0.462255,0.193615,0.709724,-0.703583,-0.003482,-0.035361
arm_1_left_finger,184.826000,0.304760,0.462761,0.192988,0.709645,-0.703728,-0.003431,-0.034040
arm_1_left_finger,184.842000,0.303692,0.463324,0.192286,0.709554,-0.703890,-0.003355,-0.032574
arm_1_left_finger,184.858000,0.302646,0.463871,0.191600,0.709463,-0.704046,-0.003273,-0.031143
arm_1_left_finger,184.875000,0.301561,0.464435,0.190887,0.709368,-0.704207,-0.003181,-0.029658
arm_1_left_finger,184.890000,0.300623,0.464919,0.190274,0.709284,-0.704345,-0.003098,-0.028377
arm_1_left_finger,184.906000,0.299645,0.465421,0.189635,0.709196,-0.704487,-0.003006,-0.027044
arm_1_left_finger,184.914000,0.299166,0.465666,0.189320,0.709151,-0.704556,-0.002946,-0.026401
arm_1_left_finger,184.927000,0.298408,0.466051,0.188827,0.709082,-0.704664,-0.002880,-0.025359
arm_1_left_finger,184.944000,0.297423,0.466549,0.188186,0.708990,-0.704804,-0.002777,-0.024019
arm_1_left_finger,184.961000,0.296463,0.467031,0.187562,0.708900,-0.704938,-0.002670,-0.022718
arm_1_left_finger,184.978000,0.295537,0.467493,0.186959,0.708811,-0.705067,-0.002561,-0.021463
arm_1_left_finger,184.994000,0.294682,0.467917,0.186405,0.708728,-0.705185,-0.002459,-0.020304
arm_1_left_finger,185.007000,0.294008,0.468250,0.185969,0.708663,-0.705277,-0.002375,-0.019393
arm_1_left_finger,185.023000,0.293196,0.468648,0.185444,0.708583,-0.705387,-0.002270,-0.018298
arm_1_left_finger,185.039000,0.292409,0.469033,0.184933,0.708504,-0.705493,-0.002164,-0.017234
arm_1_left_finger,185.055000,0.291643,0.469404,0.184439,0.708427,-0.705595,-0.002061,-0.016202
arm_1_left_finger,185.071000,0.290901,0.469763,0.183961,0.708352,-0.705693,-0.001956,-0.015203
arm_1_left_finger,185.087000,0.290184,0.470108,0.183497,0.708278,-0.705787,-0.001838,-0.014252
arm_1_left_finger,185.103000,0.289489,0.470440,0.183051,0.708207,-0.705877,-0.001749,-0.013305
arm_1_left_finger,185.120000,0.288777,0.470779,0.182593,0.708133,-0.705969,-0.001641,-0.012349
arm_1_left_finger,185.137000,0.288091,0.471104,0.182153,0.708061,-0.706057,-0.001535,-0.011431
arm_1_left_finger,185.154000,0.287432,0.471414,0.181731,0.707992,-0.706141,-0.001430,-0.010550
arm_1_left_finger,185.171000,0.286801,0.471711,0.181325,0.707924,-0.706220,-0.001327,-0.009705
arm_1_left_finger,185.189000,0.286162,0.472009,0.180916,0.707856,-0.706300,-0.001222,-0.008849
arm_1_left_finger,185.206000,0.285584,0.472278,0.180547,0.707794,-0.706372,-0.001124,-0.008079
arm_1_left_finger,185.223000,0.285035,0.472532,0.180196,0.707734,-0.706440,-0.001030,-0.007347
arm_1_left_finger,185.240000,0.284514,0.472774,0.179860,0.707677,-0.706504,-0.000934,-0.006655
arm_1_left_finger,185.257000,0.284018,0.473002,0.179544,0.707623,-0.706565,-0.000852,-0.005990
arm_1_left_finger,185.274000,0.283549,0.473217,0.179246,0.707571,-0.706622,-0.000768,-0.005366
arm_1_left_finger,185.290000,0.283132,0.473407,0.178980,0.707525,-0.706672,-0.000692,-0.004812
arm_1_left_finger,185.306000,0.282739,0.473586,0.178730,0.707481,-0.706719,-0.000620,-0.004291
arm_1_left_finger,185.321000,0.282393,0.473743,0.178510,0.707442,-0.706761,-0.000556,-0.003832
arm_1_left_finger,185.337000,0.282049,0.473900,0.178288,0.707403,-0.706802,-0.000491,-0.003373
arm_1_left_finger,185.352000,0.281746,0.474037,0.178096,0.707369,-0.706838,-0.000435,-0.002970
arm_1_left_finger,185.366000,0.281482,0.474156,0.177929,0.707340,-0.706869,-0.000385,-0.002621
arm_1_left_finger,185.381000,0.281220,0.474274,0.177763,0.707310,-0.706900,-0.000334,-0.002274
arm_1_left_finger,185.397000,0.280965,0.474388,0.177601,0.707281,-0.706930,-0.000285,-0.001936
arm_1_left_finger,185.414000,0.280720,0.474498,0.177445,0.707253,-0.706959,-0.000276,-0.001573
arm_1_left_finger,185.431000,0.280504,0.474596,0.177305,0.707228,-0.706984,-0.000185,-0.001333
arm_1_left_finger,185.447000,0.280323,0.474677,0.177191,0.707208,-0.707005,-0.000160,-0.001084
arm_1_left_finger,185.464000,0.280158,0.474750,0.177086,0.707189,-0.707024,-0.000128,-0.000865
arm_1_left_finger,185.480000,0.280027,0.474809,0.177004,0.707174,-0.707039,-0.000102,-0.000693
arm_1_left_finger,185.491000,0.279951,0.474842,0.176956,0.707165,-0.707048,-0.000087,-0.000593
arm_1_left_finger,185.504000,0.279877,0.474876,0.176909,0.707157,-0.707057,-0.000072,-0.000495
arm_1_left_finger,185.520000,0.279803,0.474908,0.176863,0.707148,-0.707065,-0.000069,-0.000385
arm_1_left_finger,185.536000,0.279746,0.474934,0.176827,0.707142,-0.707072,-0.000066,-0.000302
arm_1_left_finger,185.553000,0.279700,0.474954,0.176797,0.707136,-0.707077,-0.000054,-0.000243
arm_1_left_finger,185.567000,0.279676,0.474968,0.176773,0.707133,-0.707081,-0.000067,-0.000185
arm_1_left_finger,185.583000,0.279647,0.474980,0.176757,0.707130,-0.707084,-0.000032,-0.000179
arm_1_left_finger,185.600000,0.279669,0.474970,0.176771,0.707132,-0.707081,-0.000033,-0.000212
arm_1_left_finger,185.617000,0.279688,0.474962,0.176775,0.707135,-0.707079,-0.000036,-0.000239
arm_1_left_finger,185.634000,0.279704,0.474957,0.176765,0.707136,-0.707077,-0.000038,-0.000260
arm_1_left_finger,185.651000,0.279717,0.474954,0.176737,0.707138,-0.707076,-0.000040,-0.000276
arm_1_left_finger,185.668000,0.279728,0.474955,0.176690,0.707139,-0.707075,-0.000041,-0.000288
arm_1_left_finger,185.685000,0.279739,0.474957,0.176621,0.707139,-0.707074,-0.000042,-0.000297
arm_1_left_finger,185.703000,0.279750,0.474963,0.176524,0.707140,-0.707074,-0.000043,-0.000304
arm_1_left_finger,185.721000,0.279761,0.474972,0.176399,0.707140,-0.707073,-0.000048,-0.000305
arm_1_left_finger,185.739000,0.279772,0.474983,0.176247,0.707141,-0.707073,-0.000050,-0.000307
arm_1_left_finger,185.756000,0.279784,0.474995,0.176078,0.707141,-0.707072,-0.000050,-0.000309
arm_1_left_finger,185.773000,0.279796,0.475010,0.175883,0.707141,-0.707072,-0.000049,-0.000312
arm_1_left_finger,185.790000,0.279810,0.475027,0.175662,0.707141,-0.707072,-0.000073,-0.000289
arm_1_left_finger,185.807000,0.279824,0.475046,0.175415,0.707141,-0.707072,-0.000061,-0.000302
arm_1_left_finger,185.825000,0.279841,0.475068,0.175125,0.707141,-0.707072,-0.000053,-0.000310
arm_1_left_finger,185.843000,0.279859,0.475093,0.174806,0.707141,-0.707072,-0.000076,-0.000287
arm_1_left_finger,185.860000,0.279877,0.475118,0.174476,0.707142,-0.707072,-0.000061,-0.000301
arm_1_left_finger,185.878000,0.279897,0.475147,0.174099,0.707141,-0.707072,-0.000051,-0.000310
arm_1_left_finger,185.895000,0.279918,0.475176,0.173714,0.707141,-0.707072,-0.000074,-0.000286
arm_1_left_finger,185.912000,0.279940,0.475207,0.173303,0.707141,-0.707072,-0.000060,-0.000299
arm_1_left_finger,185.929000,0.279963,0.475240,0.172865,0.707141,-0.707072,-0.000052,-0.000305
arm_1_left_finger,185.947000,0.279988,0.475276,0.172372,0.707141,-0.707072,-0.000075,-0.000281
arm_1_left_finger,185.964000,0.280013,0.475312,0.171883,0.707141,-0.707072,-0.000060,-0.000294
arm_1_left_finger,185.980000,0.280038,0.475348,0.171393,0.707141,-0.707072,-0.000053,-0.000299
arm_1_left_finger,185.984000,0.280044,0.475357,0.171268,0.707141,-0.707072,-0.000084,-0.000268
arm_1_left_finger,185.994000,0.280060,0.475380,0.170946,0.707141,-0.707072,-0.000051,-0.000300
arm_1_left_finger,186.010000,0.280087,0.475418,0.170412,0.707141,-0.707072,-0.000086,-0.000263
arm_1_left_finger,186.027000,0.280116,0.475459,0.169819,0.707141,-0.707072,-0.000065,-0.000282
arm_1_left_finger,186.044000,0.280145,0.475502,0.169200,0.707141,-0.707072,-0.000054,-0.000290
arm_1_left_finger,186.061000,0.280176,0.475546,0.168557,0.707141,-0.707072,-0.000048,-0.000294
arm_1_left_finger,186.077000,0.280205,0.475588,0.167923,0.707141,-0.707073,-0.000071,-0.000268
arm_1_left_finger,186.094000,0.280237,0.475634,0.167224,0.707141,-0.707073,-0.000057,-0.000280
arm_1_left_finger,186.111000,0.280269,0.475681,0.166498,0.707141,-0.707073,-0.000049,-0.000285
arm_1_left_finger,186.128000,0.280302,0.475729,0.165745,0.707141,-0.707073,-0.000045,-0.000286
arm_1_left_finger,186.145000,0.280336,0.475778,0.164966,0.707141,-0.707073,-0.000071,-0.000258
arm_1_left_finger,186.162000,0.280370,0.475827,0.164159,0.707141,-0.707073,-0.000058,-0.000267
arm_1_left_finger,186.180000,0.280406,0.475880,0.163277,0.707140,-0.707073,-0.000049,-0.000273
arm_1_left_finger,186.197000,0.280441,0.475930,0.162415,0.707140,-0.707073,-0.000045,-0.000274
arm_1_left_finger,186.214000,0.280475,0.475981,0.161528,0.707140,-0.707073,-0.000074,-0.000241
arm_1_left_finger,186.231000,0.280510,0.476032,0.160612,0.707140,-0.707073,-0.000060,-0.000252
arm_1_left_finger,186.249000,0.280547,0.476086,0.159614,0.707140,-0.707073,-0.000049,-0.000260
arm_1_left_finger,186.266000,0.280581,0.476137,0.158644,0.707140,-0.707074,-0.000044,-0.000261
arm_1_left_finger,186.283000,0.280616,0.476188,0.157647,0.707140,-0.707074,-0.000079,-0.000222
arm_1_left_finger,186.300000,0.280650,0.476238,0.156623,0.707140,-0.707074,-0.000062,-0.000235
arm_1_left_finger,186.318000,0.280686,0.476291,0.155510,0.707140,-0.707074,-0.000051,-0.000242
arm_1_left_finger,186.335000,0.280719,0.476341,0.154431,0.707140,-0.707074,-0.000045,-0.000244
arm_1_left_finger,186.353000,0.280754,0.476393,0.153259,0.707139,-0.707074,-0.000040,-0.000245
arm_1_left_finger,186.370000,0.280785,0.476441,0.152125,0.707139,-0.707074,-0.000067,-0.000213
arm_1_left_finger,186.387000,0.280817,0.476487,0.150964,0.707139,-0.707074,-0.000059,-0.000218
arm_1_left_finger,186.404000,0.280847,0.476533,0.149777,0.707139,-0.707074,-0.000051,-0.000221
arm_1_left_finger,186.422000,0.280878,0.476580,0.148491,0.707139,-0.707075,-0.000043,-0.000224
arm_1_left_finger,186.439000,0.280905,0.476623,0.147249,0.707139,-0.707075,-0.000039,-0.000223
arm_1_left_finger,186.456000,0.280932,0.476665,0.145979,0.707139,-0.707075,-0.000037,-0.000221
arm_1_left_finger,186.473000,0.280957,0.476705,0.144684,0.707139,-0.707075,-0.000034,-0.000218
arm_1_left_finger,186.490000,0.280981,0.476742,0.143361,0.707138,-0.707075,-0.000033,-0.000215
arm_1_left_finger,186.508000,0.281005,0.476780,0.141932,0.707138,-0.707075,-0.000064,-0.000179
arm_1_left_finger,186.526000,0.281026,0.476815,0.140472,0.707138,-0.707075,-0.000052,-0.000185
arm_1_left_finger,186.544000,0.281045,0.476847,0.138983,0.707138,-0.707076,-0.000045,-0.000186
arm_1_left_finger,186.561000,0.281061,0.476875,0.137550,0.707138,-0.707076,-0.000042,-0.000184
arm_1_left_finger,186.579000,0.281076,0.476901,0.136004,0.707138,-0.707076,-0.000037,-0.000183
arm_1_left_finger,186.596000,0.281087,0.476923,0.134515,0.707137,-0.707076,-0.000036,-0.000179
arm_1_left_finger,186.613000,0.281096,0.476941,0.133001,0.707137,-0.707076,-0.000035,-0.000174
arm_1_left_finger,186.631000,0.281103,0.476957,0.131370,0.707137,-0.707076,-0.000033,-0.000170
arm_1_left_finger,186.649000,0.281107,0.476969,0.129718,0.707137,-0.707077,-0.000031,-0.000166
arm_1_left_finger,186.667000,0.281107,0.476976,0.128056,0.707137,-0.707077,-0.000029,-0.000162
arm_1_left_finger,186.684000,0.281104,0.476979,0.126486,0.707137,-0.707077,-0.000028,-0.000157
arm_1_left_finger,186.702000,0.281098,0.476978,0.124833,0.707136,-0.707077,-0.000026,-0.000152
arm_1_left_finger,186.720000,0.281089,0.476973,0.123193,0.707136,-0.707077,-0.000024,-0.000148
arm_1_left_finger,186.737000,0.281078,0.476964,0.121660,0.707136,-0.707077,-0.000024,-0.000143
arm_1_left_finger,186.755000,0.281063,0.476950,0.120057,0.707136,-0.707078,-0.000022,-0.000138
arm_1_left_finger,186.773000,0.281046,0.476933,0.118477,0.707136,-0.707078,-0.000021,-0.000134
arm_1_left_finger,186.791000,0.281026,0.476912,0.116923,0.707136,-0.707078,-0.000020,-0.000129
arm_1_left_finger,186.808000,0.281004,0.476890,0.115480,0.707135,-0.707078,-0.000019,-0.000125
arm_1_left_finger,186.825000,0.280981,0.476864,0.114061,0.707135,-0.707078,-0.000018,-0.000120
arm_1_left_finger,186.842000,0.280956,0.476836,0.112666,0.707135,-0.707078,-0.000055,-0.000077
arm_1_left_finger,186.859000,0.280929,0.476805,0.111297,0.707135,-0.707079,-0.000049,-0.000079
arm_1_left_finger,186.877000,0.280899,0.476770,0.109876,0.707135,-0.707079,-0.000038,-0.000084
arm_1_left_finger,186.894000,0.280869,0.476734,0.108561,0.707135,-0.707079,-0.000034,-0.000084
arm_1_left_finger,186.912000,0.280835,0.476695,0.107198,0.707135,-0.707079,-0.000027,-0.000085
arm_1_left_finger,186.930000,0.280800,0.476653,0.105864,0.707134,-0.707079,-0.000023,-0.000084
arm_1_left_finger,186.948000,0.280764,0.476609,0.104560,0.707134,-0.707079,-0.000018,-0.000084
arm_1_left_finger,186.962000,0.280736,0.476575,0.103572,0.707134,-0.707079,-0.000021,-0.000078
arm_1_left_finger,186.977000,0.280704,0.476536,0.102526,0.707134,-0.707079,-0.000022,-0.000072
arm_1_left_finger,186.991000,0.280674,0.476499,0.101570,0.707134,-0.707080,-0.000027,-0.000064
arm_1_left_finger,187.007000,0.280639,0.476456,0.100499,0.707134,-0.707080,-0.000026,-0.000060
arm_1_left_finger,187.023000,0.280604,0.476413,0.099453,0.707134,-0.707080,-0.000023,-0.000060
arm_1_left_finger,187.040000,0.280565,0.476365,0.098366,0.707134,-0.707080,-0.000019,-0.000060
arm_1_left_finger,187.056000,0.280529,0.476320,0.097369,0.707134,-0.707080,-0.000016,-0.000059
arm_1_left_finger,187.073000,0.280490,0.476272,0.096335,0.707133,-0.707080,-0.000014,-0.000058
arm_1_left_finger,187.090000,0.280451,0.476223,0.095328,0.707133,-0.707080,-0.000012,-0.000056
arm_1_left_finger,187.108000,0.280410,0.476171,0.094291,0.707133,-0.707080,-0.000047,-0.000017
arm_1_left_finger,187.125000,0.280371,0.476122,0.093340,0.707133,-0.707080,-0.000035,-0.000025
arm_1_left_finger,187.143000,0.280329,0.476070,0.092362,0.707133,-0.707081,-0.000023,-0.000033
arm_1_left_finger,187.160000,0.280290,0.476021,0.091465,0.707133,-0.707081,-0.000018,-0.000035
arm_1_left_finger,187.178000,0.280249,0.475969,0.090545,0.707133,-0.707081,-0.000012,-0.000038
arm_1_left_finger,187.195000,0.280211,0.475921,0.089704,0.707133,-0.707081,-0.000009,-0.000037
arm_1_left_finger,187.213000,0.280171,0.475870,0.088843,0.707133,-0.707081,-0.000038,-0.000004
arm_1_left_finger,187.229000,0.280136,0.475825,0.088102,0.707133,-0.707081,-0.000028,-0.000012
arm_1_left_finger,187.246000,0.280099,0.475778,0.087342,0.707132,-0.707081,-0.000018,-0.000019
arm_1_left_finger,187.261000,0.280067,0.475737,0.086692,0.707132,-0.707081,-0.000015,-0.000020
arm_1_left_finger,187.277000,0.280033,0.475695,0.086022,0.707132,-0.707081,-0.000011,-0.000021
arm_1_left_finger,187.293000,0.280000,0.475653,0.085376,0.707132,-0.707081,-0.000008,-0.000022
arm_1_left_finger,187.311000,0.279964,0.475607,0.084678,0.707132,-0.707081,-0.000036,0.000009
arm_1_left_finger,187.328000,0.279931,0.475564,0.084046,0.707132,-0.707081,-0.000022,-0.000002
arm_1_left_finger,187.345000,0.279899,0.475524,0.083446,0.707132,-0.707082,-0.000013,-0.000009
arm_1_left_finger,187.362000,0.279868,0.475484,0.082865,0.707132,-0.707082,-0.000008,-0.000012
arm_1_left_finger,187.379000,0.279838,0.475445,0.082311,0.707132,-0.707082,-0.000004,-0.000014
arm_1_left_finger,187.394000,0.279812,0.475412,0.081845,0.707132,-0.707082,-0.000041,0.000025
arm_1_left_finger,187.410000,0.279785,0.475378,0.081371,0.707132,-0.707082,-0.000029,0.000015
arm_1_left_finger,187.427000,0.279758,0.475343,0.080893,0.707132,-0.707082,-0.000017,0.000005
arm_1_left_finger,187.445000,0.279731,0.475309,0.080415,0.707132,-0.707082,-0.000007,-0.000004
arm_1_left_finger,187.462000,0.279707,0.475277,0.079992,0.707132,-0.707082,-0.000041,0.000032
arm_1_left_finger,187.479000,0.279684,0.475248,0.079595,0.707132,-0.707082,-0.000022,0.000014
arm_1_left_finger,187.496000,0.279662,0.475220,0.079224,0.707132,-0.707082,-0.000012,0.000006
arm_1_left_finger,187.514000,0.279641,0.475192,0.078861,0.707132,-0.707082,-0.000005,0.000000
arm_1_left_finger,187.531000,0.279622,0.475168,0.078545,0.707132,-0.707082,-0.000043,0.000039
arm_1_left_finger,187.548000,0.279605,0.475146,0.078256,0.707131,-0.707082,-0.000020,0.000017
arm_1_left_finger,187.565000,0.279589,0.475126,0.077992,0.707131,-0.707082,-0.000009,0.000007
arm_1_left_finger,187.582000,0.279575,0.475107,0.077756,0.707131,-0.707082,-0.000003,0.000002
arm_1_left_finger,187.600000,0.279564,0.475090,0.077532,0.707131,-0.707082,0.000003,-0.000003
arm_1_left_finger,187.617000,0.279552,0.475076,0.077351,0.707131,-0.707082,0.000002,-0.000001
arm_1_left_finger,187.635000,0.279542,0.475063,0.077187,0.707131,-0.707082,0.000002,-0.000001
arm_1_left_finger,187.652000,0.279534,0.475053,0.077060,0.707131,-0.707082,0.000003,-0.000001
arm_1_left_finger,187.670000,0.279527,0.475044,0.076953,0.707131,-0.707082,0.000003,-0.000000
arm_1_left_finger,187.687000,0.279522,0.475038,0.076877,0.707131,-0.707082,-0.000004,0.000007
arm_1_left_finger,187.704000,0.279518,0.475034,0.076818,0.707131,-0.707082,-0.000010,0.000012
arm_1_left_finger,187.721000,0.279524,0.475030,0.076766,0.707131,-0.707082,0.000056,-0.000053
arm_1_left_finger,187.738000,0.279655,0.475028,0.076620,0.707131,-0.707082,0.000514,-0.000510
arm_1_left_finger,187.755000,0.279917,0.475025,0.076374,0.707131,-0.707082,0.000916,-0.000912
arm_1_left_finger,187.772000,0.280282,0.475024,0.076054,0.707130,-0.707081,0.001236,-0.001233
arm_1_left_finger,187.789000,0.280725,0.475023,0.075682,0.707130,-0.707081,0.001465,-0.001461
arm_1_left_finger,187.806000,0.281234,0.475022,0.075269,0.707129,-0.707080,0.001658,-0.001655
arm_1_left_finger,187.824000,0.281826,0.475021,0.074806,0.707129,-0.707080,0.001798,-0.001795
arm_1_left_finger,187.842000,0.282465,0.475021,0.074324,0.707129,-0.707080,0.001914,-0.001911
arm_1_left_finger,187.859000,0.283100,0.475020,0.073860,0.707129,-0.707079,0.001990,-0.001987
arm_1_left_finger,187.875000,0.283725,0.475020,0.073418,0.707128,-0.707079,0.002050,-0.002047
arm_1_left_finger,187.891000,0.284369,0.475020,0.072978,0.707128,-0.707079,0.002095,-0.002091
arm_1_left_finger,187.908000,0.285071,0.475020,0.072512,0.707128,-0.707079,0.002130,-0.002126
arm_1_left_finger,187.923000,0.285706,0.475020,0.072106,0.707128,-0.707079,0.002155,-0.002152
arm_1_left_finger,187.938000,0.286352,0.475020,0.071705,0.707128,-0.707079,0.002175,-0.002172
arm_1_left_finger,187.950000,0.286876,0.475020,0.071389,0.707128,-0.707079,0.002187,-0.002184
arm_1_left_finger,187.964000,0.287495,0.475020,0.071026,0.707128,-0.707079,0.002199,-0.002196
arm_1_left_finger,187.980000,0.288211,0.475020,0.070619,0.707128,-0.707079,0.002211,-0.002207
arm_1_left_finger,187.995000,0.288891,0.475020,0.070246,0.707128,-0.707079,0.002219,-0.002215
arm_1_left_finger,188.012000,0.289670,0.475020,0.069834,0.707128,-0.707079,0.002226,-0.002222
arm_1_left_finger,188.030000,0.290504,0.475020,0.069410,0.707128,-0.707079,0.002231,-0.002228
arm_1_left_finger,188.047000,0.291300,0.475020,0.069023,0.707128,-0.707079,0.002235,-0.002232
arm_1_left_finger,188.064000,0.292103,0.475020,0.068647,0.707128,-0.707079,0.002238,-0.002235
arm_1_left_finger,188.081000,0.292913,0.475020,0.068285,0.707128,-0.707079,0.002241,-0.002237
arm_1_left_finger,188.098000,0.293730,0.475020,0.067935,0.707128,-0.707079,0.002243,-0.002239
arm_1_left_finger,188.115000,0.294552,0.475020,0.067599,0.707128,-0.707079,0.002244,-0.002241
arm_1_left_finger,188.132000,0.295380,0.475020,0.067275,0.707128,-0.707079,0.002245,-0.002242
arm_1_left_finger,188.149000,0.296214,0.475020,0.066965,0.707128,-0.707079,0.002246,-0.002242
arm_1_left_finger,188.167000,0.297102,0.475020,0.066651,0.707128,-0.707079,0.002246,-0.002243
arm_1_left_finger,188.185000,0.297996,0.475020,0.066353,0.707128,-0.707079,0.002247,-0.002243
arm_1_left_finger,188.202000,0.298802,0.475020,0.066098,0.707128,-0.707079,0.002071,-0.002068
arm_1_left_finger,188.213000,0.299108,0.475097,0.066112,0.707131,-0.707082,0.000897,-0.001036
arm_1_left_finger,188.224000,0.299166,0.475152,0.066165,0.707131,-0.707082,0.000177,-0.000414
arm_1_left_finger,188.235000,0.299219,0.475163,0.066163,0.707131,-0.707082,0.000192,-0.000449
arm_1_left_finger,188.246000,0.299244,0.475176,0.066172,0.707131,-0.707082,0.000065,-0.000345
arm_1_left_finger,188.257000,0.299259,0.475180,0.066172,0.707131,-0.707082,0.000021,-0.000307
arm_1_left_finger,188.268000,0.299268,0.475184,0.066174,0.707131,-0.707082,-0.000009,-0.000283
arm_1_left_finger,188.279000,0.299271,0.475186,0.066175,0.707131,-0.707082,-0.000029,-0.000267
arm_1_left_finger,188.289000,0.299284,0.475187,0.066172,0.707131,-0.707082,0.000015,-0.000313
arm_1_left_finger,188.300000,0.299291,0.475190,0.066174,0.707131,-0.707082,-0.000017,-0.000286
arm_1_left_finger,188.311000,0.299282,0.475194,0.066182,0.707131,-0.707082,-0.000130,-0.000180
arm_1_left_finger,188.321000,0.299277,0.475188,0.066175,0.707131,-0.707082,-0.000006,-0.000293
arm_1_left_finger,188.332000,0.299290,0.475188,0.066172,0.707131,-0.707082,-0.000000,-0.000299
arm_1_left_finger,188.343000,0.299293,0.475191,0.066174,0.707131,-0.707082,-0.000030,-0.000274
arm_1_left_finger,188.354000,0.299301,0.475190,0.066172,0.707131,-0.707082,0.000008,-0.000312
arm_1_left_finger,188.363000,0.299308,0.475190,0.066175,0.707131,-0.707083,-0.000018,-0.000289
arm_1_left_finger,188.373000,0.299307,0.475192,0.066176,0.707131,-0.707083,-0.000046,-0.000264
arm_1_left_finger,188.383000,0.299300,0.475192,0.066178,0.707131,-0.707083,-0.000064,-0.000245
arm_1_left_finger,188.393000,0.299291,0.475191,0.066179,0.707131,-0.707082,-0.000074,-0.000233
arm_1_left_finger,188.403000,0.299280,0.475190,0.066179,0.707131,-0.707082,-0.000079,-0.000225
arm_1_left_finger,188.413000,0.299268,0.475188,0.066180,0.707131,-0.707082,-0.000082,-0.000218
arm_1_left_finger,188.423000,0.299253,0.475186,0.066182,0.707131,-0.707082,-0.000116,-0.000181
arm_1_left_finger,188.433000,0.299236,0.475182,0.066181,0.707131,-0.707082,-0.000098,-0.000192
arm_1_left_finger,188.443000,0.299237,0.475178,0.066175,0.707131,-0.707082,0.000019,-0.000300
arm_1_left_finger,188.454000,0.299239,0.475179,0.066178,0.707130,-0.707084,-0.000031,-0.000254
arm_1_left_finger,188.464000,0.299234,0.475180,0.066179,0.707130,-0.707084,-0.000050,-0.000236
arm_1_left_finger,188.475000,0.299227,0.475179,0.066180,0.707130,-0.707083,-0.000061,-0.000223
arm_1_left_finger,188.486000,0.299218,0.475178,0.066180,0.707130,-0.707083,-0.000066,-0.000215
arm_1_left_finger,188.495000,0.299208,0.475176,0.066181,0.707131,-0.707083,-0.000069,-0.000209
arm_1_left_finger,188.504000,0.299200,0.475174,0.066181,0.707131,-0.707083,-0.000070,-0.000205
arm_1_left_finger,188.514000,0.299190,0.475172,0.066181,0.707131,-0.707083,-0.000069,-0.000202
arm_1_left_finger,188.525000,0.299287,0.475178,0.066159,0.707131,-0.707083,0.000258,-0.000538
arm_1_left_finger,188.535000,0.299396,0.475194,0.066148,0.707131,-0.707082,0.000369,-0.000679
arm_1_left_finger,188.545000,0.299493,0.475220,0.066153,0.707131,-0.707082,0.000295,-0.000651
arm_1_left_finger,188.555000,0.299559,0.475241,0.066160,0.707131,-0.707082,0.000194,-0.000587
arm_1_left_finger,188.566000,0.299611,0.475256,0.066164,0.707131,-0.707082,0.000120,-0.000540
arm_1_left_finger,188.577000,0.299649,0.475267,0.066167,0.707131,-0.707082,0.000072,-0.000512
arm_1_left_finger,188.587000,0.299672,0.475272,0.066167,0.707131,-0.707082,0.000032,-0.000484
arm_1_left_finger,188.597000,0.299689,0.475277,0.066168,0.707131,-0.707082,0.000006,-0.000466
arm_1_left_finger,188.607000,0.299701,0.475279,0.066167,0.707131,-0.707083,-0.000007,-0.000459
arm_1_left_finger,188.616000,0.299709,0.475280,0.066165,0.707131,-0.707083,-0.000015,-0.000454
arm_1_left_finger,188.625000,0.299719,0.475281,0.066164,0.707131,-0.707083,-0.000026,-0.000446
arm_1_left_finger,188.634000,0.299720,0.475283,0.066167,0.707131,-0.707083,-0.000055,-0.000420
arm_1_left_finger,188.644000,0.299715,0.475284,0.066169,0.707131,-0.707083,-0.000078,-0.000397
arm_1_left_finger,188.652000,0.299712,0.475281,0.066166,0.707131,-0.707083,-0.000057,-0.000414
arm_1_left_finger,188.662000,0.299706,0.475282,0.066168,0.707131,-0.707083,-0.000080,-0.000391
arm_1_left_finger,188.671000,0.299702,0.475279,0.066166,0.707131,-0.707083,-0.000056,-0.000411
arm_1_left_finger,188.680000,0.299697,0.475279,0.066167,0.707131,-0.707082,-0.000077,-0.000389
arm_1_left_finger,188.690000,0.299694,0.475276,0.066165,0.707131,-0.707083,-0.000053,-0.000410
arm_1_left_finger,188.699000,0.299690,0.475277,0.066167,0.707131,-0.707082,-0.000075,-0.000388
arm_1_left_finger,188.709000,0.299693,0.475277,0.066166,0.707131,-0.707083,-0.000056,-0.000407
arm_1_left_finger,188.719000,0.299689,0.475278,0.066168,0.707131,-0.707082,-0.000078,-0.000386
arm_1_left_finger,188.729000,0.299692,0.475272,0.066160,0.707131,-0.707083,-0.000008,-0.000446
arm_1_left_finger,188.739000,0.299701,0.475272,0.066158,0.707131,-0.707083,0.000004,-0.000460
arm_1_left_finger,188.749000,0.299708,0.475277,0.066162,0.707131,-0.707083,-0.000034,-0.000429
arm_1_left_finger,188.759000,0.299708,0.475279,0.066165,0.707131,-0.707082,-0.000063,-0.000404
arm_1_left_finger,188.768000,0.299703,0.475280,0.066167,0.707131,-0.707082,-0.000081,-0.000386
arm_1_left_finger,188.778000,0.299693,0.475279,0.066169,0.707131,-0.707082,-0.000096,-0.000369
arm_1_left_finger,188.788000,0.299681,0.475278,0.066171,0.707131,-0.707082,-0.000107,-0.000355
arm_1_left_finger,188.798000,0.299666,0.475275,0.066172,0.707131,-0.707082,-0.000114,-0.000343
arm_1_left_finger,188.808000,0.299656,0.475270,0.066168,0.707131,-0.707082,-0.000061,-0.000387
arm_1_left_finger,188.818000,0.299674,0.475267,0.066159,0.707131,-0.707083,0.000014,-0.000459
arm_1_left_finger,188.828000,0.299683,0.475272,0.066163,0.707131,-0.707082,-0.000027,-0.000426
arm_1_left_finger,188.838000,0.299696,0.475273,0.066161,0.707131,-0.707082,-0.000013,-0.000443
arm_1_left_finger,188.848000,0.299712,0.475276,0.066159,0.707131,-0.707083,-0.000010,-0.000451
arm_1_left_finger,188.858000,0.299729,0.475279,0.066158,0.707131,-0.707083,-0.000009,-0.000457
arm_1_left_finger,188.868000,0.299744,0.475280,0.066156,0.707131,-0.707083,-0.000003,-0.000467
arm_1_left_finger,188.878000,0.299750,0.475285,0.066160,0.707131,-0.707082,-0.000041,-0.000436
arm_1_left_finger,188.888000,0.299768,0.475283,0.066153,0.707131,-0.707083,0.000005,-0.000482
arm_1_left_finger,188.898000,0.299776,0.475288,0.066157,0.707131,-0.707083,-0.000034,-0.000450
arm_1_left_finger,188.908000,0.299776,0.475291,0.066161,0.707131,-0.707082,-0.000064,-0.000424
arm_1_left_finger,188.918000,0.299771,0.475292,0.066163,0.707131,-0.707082,-0.000084,-0.000405
arm_1_left_finger,188.928000,0.299762,0.475292,0.066165,0.707131,-0.707082,-0.000096,-0.000392
arm_1_left_finger,188.938000,0.299752,0.475291,0.066167,0.707131,-0.707082,-0.000102,-0.000384
arm_1_left_finger,188.948000,0.299741,0.475289,0.066168,0.707131,-0.707082,-0.000106,-0.000376
arm_1_left_finger,188.957000,0.299730,0.475288,0.066170,0.707131,-0.707082,-0.000108,-0.000371
arm_1_left_finger,188.966000,0.299718,0.475286,0.066171,0.707131,-0.707082,-0.000110,-0.000365
arm_1_left_finger,188.976000,0.299704,0.475284,0.066172,0.707131,-0.707082,-0.000112,-0.000360
arm_1_left_finger,188.985000,0.299692,0.475281,0.066172,0.707131,-0.707082,-0.000113,-0.000354
arm_1_left_finger,188.994000,0.299679,0.475279,0.066173,0.707131,-0.707082,-0.000113,-0.000349
arm_1_left_finger,189.004000,0.299664,0.475277,0.066174,0.707131,-0.707082,-0.000114,-0.000344
arm_1_left_finger,189.014000,0.299649,0.475274,0.066175,0.707131,-0.707082,-0.000115,-0.000338
arm_1_left_finger,189.024000,0.299646,0.475270,0.066171,0.707131,-0.707082,-0.000065,-0.000381
arm_1_left_finger,189.034000,0.299639,0.475270,0.066173,0.707131,-0.707082,-0.000084,-0.000362
arm_1_left_finger,189.044000,0.299638,0.475267,0.066169,0.707131,-0.707082,-0.000040,-0.000401
arm_1_left_finger,189.053000,0.299636,0.475268,0.066171,0.707131,-0.707082,-0.000063,-0.000380
arm_1_left_finger,189.063000,0.299629,0.475268,0.066173,0.707131,-0.707082,-0.000083,-0.000360
arm_1_left_finger,189.072000,0.299649,0.475266,0.066164,0.707131,-0.707082,0.000009,-0.000449
arm_1_left_finger,189.082000,0.299657,0.475270,0.066167,0.707131,-0.707082,-0.000031,-0.000417
arm_1_left_finger,189.092000,0.299657,0.475272,0.066170,0.707131,-0.707082,-0.000059,-0.000391
arm_1_left_finger,189.103000,0.299650,0.475272,0.066172,0.707131,-0.707082,-0.000082,-0.000369
arm_1_left_finger,189.113000,0.299640,0.475271,0.066174,0.707131,-0.707082,-0.000096,-0.000353
arm_1_left_finger,189.122000,0.299628,0.475270,0.066175,0.707131,-0.707082,-0.000105,-0.000341
arm_1_left_finger,189.131000,0.299625,0.475266,0.066171,0.707131,-0.707082,-0.000051,-0.000389
arm_1_left_finger,189.139000,0.299622,0.475266,0.066173,0.707131,-0.707082,-0.000070,-0.000371
arm_1_left_finger,189.146000,0.299617,0.475266,0.066174,0.707131,-0.707082,-0.000082,-0.000358
arm_1_left_finger,189.154000,0.299618,0.475263,0.066170,0.707131,-0.707082,-0.000029,-0.000407
arm_1_left_finger,189.163000,0.299618,0.475265,0.066172,0.707131,-0.707082,-0.000055,-0.000384
arm_1_left_finger,189.172000,0.299614,0.475265,0.066174,0.707131,-0.707082,-0.000074,-0.000364
arm_1_left_finger,189.181000,0.299606,0.475265,0.066176,0.707131,-0.707082,-0.000089,-0.000348
arm_1_left_finger,189.191000,0.299594,0.475263,0.066177,0.707131,-0.707082,-0.000101,-0.000334
arm_1_left_finger,189.201000,0.299580,0.475261,0.066179,0.707131,-0.707082,-0.000106,-0.000324
arm_1_left_finger,189.211000,0.299566,0.475259,0.066179,0.707131,-0.707082,-0.000106,-0.000320
arm_1_left_finger,189.221000,0.299551,0.475253,0.066176,0.707131,-0.707082,-0.000099,-0.000315
arm_1_left_finger,189.231000,0.299555,0.475250,0.066172,0.707131,-0.707082,-0.000039,-0.000372
arm_1_left_finger,189.240000,0.299554,0.475251,0.066173,0.707131,-0.707082,-0.000056,-0.000357
arm_1_left_finger,189.250000,0.299551,0.475251,0.066174,0.707131,-0.707082,-0.000064,-0.000349
arm_1_left_finger,189.260000,0.299569,0.475248,0.066164,0.707131,-0.707082,0.000048,-0.000456
arm_1_left_finger,189.270000,0.299584,0.475254,0.066168,0.707131,-0.707082,-0.000001,-0.000418
arm_1_left_finger,189.280000,0.299589,0.475257,0.066171,0.707131,-0.707082,-0.000037,-0.000388
arm_1_left_finger,189.290000,0.299587,0.475258,0.066173,0.707131,-0.707082,-0.000058,-0.000368
arm_1_left_finger,189.299000,0.299584,0.475258,0.066174,0.707131,-0.707082,-0.000068,-0.000358
arm_1_left_finger,189.309000,0.299580,0.475258,0.066174,0.707131,-0.707082,-0.000071,-0.000354
arm_1_left_finger,189.319000,0.299574,0.475257,0.066175,0.707131,-0.707082,-0.000071,-0.000351
arm_1_left_finger,189.330000,0.299568,0.475256,0.066175,0.707131,-0.707082,-0.000071,-0.000349
arm_1_left_finger,189.341000,0.299568,0.475252,0.066170,0.707131,-0.707082,-0.000021,-0.000395
arm_1_left_finger,189.351000,0.299572,0.475254,0.066172,0.707131,-0.707082,-0.000041,-0.000377
arm_1_left_finger,189.361000,0.299571,0.475255,0.066173,0.707131,-0.707082,-0.000055,-0.000364
arm_1_left_finger,189.371000,0.299567,0.475255,0.066174,0.707131,-0.707082,-0.000065,-0.000354
arm_1_left_finger,189.381000,0.299563,0.475254,0.066174,0.707131,-0.707082,-0.000070,-0.000347
arm_1_left_finger,189.391000,0.299557,0.475253,0.066175,0.707131,-0.707082,-0.000074,-0.000341
arm_1_left_finger,189.401000,0.299551,0.475253,0.066177,0.707131,-0.707082,-0.000077,-0.000339
arm_1_left_finger,189.412000,0.299544,0.475254,0.066182,0.707131,-0.707082,-0.000078,-0.000338
arm_1_left_finger,189.423000,0.299539,0.475254,0.066189,0.707131,-0.707082,-0.000079,-0.000337
arm_1_left_finger,189.434000,0.299532,0.475256,0.066202,0.707131,-0.707082,-0.000080,-0.000337
arm_1_left_finger,189.445000,0.299526,0.475257,0.066221,0.707131,-0.707082,-0.000080,-0.000337
arm_1_left_finger,189.456000,0.299522,0.475260,0.066244,0.707131,-0.707082,-0.000078,-0.000342
arm_1_left_finger,189.467000,0.299527,0.475263,0.066273,0.707131,-0.707082,-0.000052,-0.000368
arm_1_left_finger,189.478000,0.299525,0.475266,0.066310,0.707131,-0.707082,-0.000067,-0.000353
arm_1_left_finger,189.489000,0.299527,0.475271,0.066355,0.707131,-0.707082,-0.000048,-0.000371
arm_1_left_finger,189.500000,0.299533,0.475276,0.066408,0.707131,-0.707082,-0.000052,-0.000367
arm_1_left_finger,189.511000,0.299530,0.475282,0.066471,0.707131,-0.707082,-0.000076,-0.000343
arm_1_left_finger,189.522000,0.299526,0.475288,0.066546,0.707131,-0.707082,-0.000089,-0.000329
arm_1_left_finger,189.533000,0.299521,0.475296,0.066629,0.707131,-0.707082,-0.000093,-0.000325
arm_1_left_finger,189.544000,0.299518,0.475305,0.066723,0.707131,-0.707082,-0.000090,-0.000328
arm_1_left_finger,189.555000,0.299522,0.475314,0.066824,0.707131,-0.707082,-0.000067,-0.000351
arm_1_left_finger,189.566000,0.299528,0.475325,0.066934,0.707132,-0.707082,-0.000047,-0.000370
arm_1_left_finger,189.575000,0.299531,0.475334,0.067033,0.707132,-0.707082,-0.000066,-0.000350
arm_1_left_finger,189.586000,0.299533,0.475346,0.067164,0.707132,-0.707082,-0.000078,-0.000339
arm_1_left_finger,189.596000,0.299535,0.475358,0.067292,0.707132,-0.707082,-0.000083,-0.000334
arm_1_left_finger,189.606000,0.299538,0.475371,0.067428,0.707132,-0.707082,-0.000077,-0.000339
arm_1_left_finger,189.617000,0.299545,0.475385,0.067587,0.707132,-0.707082,-0.000070,-0.000345
arm_1_left_finger,189.628000,0.299553,0.475401,0.067757,0.707132,-0.707082,-0.000065,-0.000350
arm_1_left_finger,189.639000,0.299562,0.475418,0.067935,0.707132,-0.707081,-0.000067,-0.000347
arm_1_left_finger,189.650000,0.299572,0.475435,0.068122,0.707132,-0.707081,-0.000062,-0.000352
arm_1_left_finger,189.661000,0.299582,0.475454,0.068325,0.707132,-0.707081,-0.000063,-0.000351
arm_1_left_finger,189.672000,0.299594,0.475473,0.068536,0.707132,-0.707081,-0.000059,-0.000354
arm_1_left_finger,189.683000,0.299608,0.475494,0.068759,0.707132,-0.707081,-0.000057,-0.000356
arm_1_left_finger,189.694000,0.299625,0.475515,0.068991,0.707133,-0.707081,-0.000049,-0.000363
arm_1_left_finger,189.705000,0.299645,0.475537,0.069233,0.707133,-0.707081,-0.000040,-0.000372
arm_1_left_finger,189.716000,0.299667,0.475560,0.069485,0.707133,-0.707081,-0.000034,-0.000376
arm_1_left_finger,189.727000,0.299687,0.475584,0.069749,0.707133,-0.707081,-0.000044,-0.000366
arm_1_left_finger,189.738000,0.299708,0.475609,0.070023,0.707133,-0.707080,-0.000037,-0.000372
arm_1_left_finger,189.749000,0.299730,0.475634,0.070308,0.707133,-0.707080,-0.000043,-0.000366
arm_1_left_finger,189.760000,0.299753,0.475661,0.070604,0.707133,-0.707080,-0.000035,-0.000373
arm_1_left_finger,189.771000,0.299773,0.475688,0.070911,0.707134,-0.707080,-0.000049,-0.000357
arm_1_left_finger,189.782000,0.299792,0.475716,0.071230,0.707134,-0.707080,-0.000053,-0.000353
arm_1_left_finger,189.791000,0.299809,0.475740,0.071498,0.707134,-0.707080,-0.000053,-0.000353
arm_1_left_finger,189.801000,0.299828,0.475766,0.071805,0.707134,-0.707079,-0.000051,-0.000353
arm_1_left_finger,189.811000,0.299847,0.475794,0.072121,0.707134,-0.707079,-0.000054,-0.000350
arm_1_left_finger,189.822000,0.299874,0.475824,0.072478,0.707134,-0.707079,-0.000035,-0.000367
arm_1_left_finger,189.833000,0.299903,0.475856,0.072844,0.707135,-0.707079,-0.000024,-0.000378
arm_1_left_finger,189.843000,0.299925,0.475885,0.073188,0.707135,-0.707079,-0.000041,-0.000360
arm_1_left_finger,189.854000,0.299954,0.475917,0.073571,0.707135,-0.707079,-0.000028,-0.000372
arm_1_left_finger,189.865000,0.299986,0.475951,0.073970,0.707135,-0.707078,-0.000020,-0.000379
arm_1_left_finger,189.876000,0.300019,0.475985,0.074379,0.707135,-0.707078,-0.000015,-0.000382
arm_1_left_finger,189.887000,0.300053,0.476019,0.074798,0.707136,-0.707078,-0.000014,-0.000383
arm_1_left_finger,189.898000,0.300088,0.476055,0.075229,0.707136,-0.707078,-0.000014,-0.000382
arm_1_left_finger,189.909000,0.300113,0.476091,0.075673,0.707136,-0.707077,-0.000070,-0.000324
arm_1_left_finger,189.920000,0.300141,0.476127,0.076127,0.707136,-0.707077,-0.000044,-0.000349
arm_1_left_finger,189.931000,0.300174,0.476164,0.076590,0.707136,-0.707077,-0.000028,-0.000364
arm_1_left_finger,189.942000,0.300209,0.476201,0.077065,0.707137,-0.707077,-0.000018,-0.000372
arm_1_left_finger,189.953000,0.300245,0.476239,0.077549,0.707137,-0.707077,-0.000013,-0.000376
arm_1_left_finger,189.964000,0.300282,0.476277,0.078045,0.707137,-0.707076,-0.000011,-0.000377
arm_1_left_finger,189.973000,0.300313,0.476309,0.078458,0.707137,-0.707076,-0.000011,-0.000376
arm_1_left_finger,189.983000,0.300347,0.476344,0.078926,0.707138,-0.707076,-0.000011,-0.000374
arm_1_left_finger,189.992000,0.300377,0.476376,0.079355,0.707138,-0.707076,-0.000012,-0.000372
arm_1_left_finger,190.002000,0.300471,0.476412,0.079822,0.707138,-0.707075,0.000161,-0.000544
arm_1_left_finger,190.012000,0.300531,0.476448,0.080309,0.707138,-0.707075,0.000128,-0.000510
arm_1_left_finger,190.022000,0.300619,0.476485,0.080796,0.707138,-0.707075,0.000200,-0.000580
arm_1_left_finger,190.032000,0.300677,0.476522,0.081303,0.707139,-0.707075,0.000104,-0.000483
arm_1_left_finger,190.043000,0.300722,0.476562,0.081874,0.707139,-0.707074,0.000027,-0.000404
arm_1_left_finger,190.053000,0.300757,0.476599,0.082406,0.707139,-0.707074,-0.000009,-0.000368
arm_1_left_finger,190.064000,0.300782,0.476640,0.083004,0.707140,-0.707074,-0.000050,-0.000324
arm_1_left_finger,190.075000,0.300813,0.476682,0.083613,0.707140,-0.707073,-0.000044,-0.000329
arm_1_left_finger,190.085000,0.300832,0.476719,0.084178,0.707140,-0.707073,-0.000068,-0.000303
arm_1_left_finger,190.095000,0.300852,0.476757,0.084752,0.707141,-0.707073,-0.000070,-0.000300
arm_1_left_finger,190.105000,0.300881,0.476794,0.085332,0.707141,-0.707073,-0.000041,-0.000327
arm_1_left_finger,190.115000,0.300900,0.476832,0.085925,0.707141,-0.707072,-0.000082,-0.000284
arm_1_left_finger,190.126000,0.300926,0.476873,0.086585,0.707142,-0.707072,-0.000063,-0.000302
arm_1_left_finger,190.137000,0.300940,0.476915,0.087261,0.707142,-0.707072,-0.000097,-0.000266
arm_1_left_finger,190.148000,0.300960,0.476956,0.087944,0.707142,-0.707071,-0.000085,-0.000276
arm_1_left_finger,190.159000,0.300983,0.476997,0.088639,0.707143,-0.707071,-0.000071,-0.000288
arm_1_left_finger,190.170000,0.301010,0.477038,0.089344,0.707143,-0.707071,-0.000057,-0.000301
arm_1_left_finger,190.181000,0.301041,0.477079,0.090058,0.707143,-0.707070,-0.000042,-0.000314
arm_1_left_finger,190.191000,0.301054,0.477116,0.090721,0.707144,-0.707070,-0.000077,-0.000277
arm_1_left_finger,190.201000,0.301076,0.477153,0.091392,0.707144,-0.707070,-0.000069,-0.000283
arm_1_left_finger,190.212000,0.301102,0.477193,0.092138,0.707144,-0.707069,-0.000057,-0.000293
arm_1_left_finger,190.223000,0.301116,0.477233,0.092899,0.707145,-0.707069,-0.000099,-0.000249
arm_1_left_finger,190.234000,0.301175,0.477272,0.093659,0.707145,-0.707068,0.000047,-0.000393
arm_1_left_finger,190.245000,0.301213,0.477311,0.094435,0.707145,-0.707068,0.000000,-0.000344
arm_1_left_finger,190.256000,0.301242,0.477350,0.095225,0.707146,-0.707068,-0.000033,-0.000309
arm_1_left_finger,190.266000,0.301264,0.477385,0.095954,0.707146,-0.707067,-0.000053,-0.000287
arm_1_left_finger,190.276000,0.301284,0.477419,0.096692,0.707147,-0.707067,-0.000065,-0.000273
arm_1_left_finger,190.287000,0.301301,0.477456,0.097517,0.707147,-0.707066,-0.000079,-0.000257
arm_1_left_finger,190.298000,0.301315,0.477492,0.098353,0.707148,-0.707066,-0.000089,-0.000245
arm_1_left_finger,190.309000,0.301327,0.477528,0.099200,0.707148,-0.707066,-0.000092,-0.000239
arm_1_left_finger,190.319000,0.301338,0.477560,0.099981,0.707148,-0.707065,-0.000096,-0.000233
arm_1_left_finger,190.329000,0.301348,0.477592,0.100771,0.707149,-0.707065,-0.000095,-0.000232
arm_1_left_finger,190.340000,0.301358,0.477625,0.101650,0.707149,-0.707064,-0.000100,-0.000226
arm_1_left_finger,190.350000,0.301370,0.477655,0.102458,0.707150,-0.707064,-0.000086,-0.000237
arm_1_left_finger,190.361000,0.301381,0.477687,0.103358,0.707150,-0.707064,-0.000089,-0.000231
arm_1_left_finger,190.371000,0.301395,0.477716,0.104184,0.707150,-0.707063,-0.000071,-0.000247
arm_1_left_finger,190.381000,0.301406,0.477743,0.105021,0.707151,-0.707063,-0.000076,-0.000240
arm_1_left_finger,190.391000,0.301415,0.477770,0.105867,0.707151,-0.707062,-0.000084,-0.000230
arm_1_left_finger,190.401000,0.301422,0.477796,0.106723,0.707152,-0.707062,-0.000088,-0.000224
arm_1_left_finger,190.411000,0.301428,0.477821,0.107589,0.707152,-0.707061,-0.000091,-0.000219
arm_1_left_finger,190.421000,0.301443,0.477845,0.108460,0.707153,-0.707061,-0.000066,-0.000241
arm_1_left_finger,190.431000,0.301450,0.477868,0.109344,0.707153,-0.707061,-0.000078,-0.000227
arm_1_left_finger,190.441000,0.301467,0.477890,0.110233,0.707153,-0.707060,-0.000048,-0.000254
arm_1_left_finger,190.451000,0.301475,0.477911,0.111134,0.707154,-0.707060,-0.000064,-0.000236
arm_1_left_finger,190.461000,0.301481,0.477930,0.112044,0.707154,-0.707059,-0.000071,-0.000227
arm_1_left_finger,190.471000,0.301484,0.477949,0.112964,0.707155,-0.707059,-0.000081,-0.000215
arm_1_left_finger,190.481000,0.301496,0.477967,0.113891,0.707155,-0.707058,-0.000048,-0.000245
arm_1_left_finger,190.492000,0.301501,0.477984,0.114923,0.707156,-0.707058,-0.000065,-0.000226
arm_1_left_finger,190.502000,0.301502,0.477999,0.115872,0.707156,-0.707057,-0.000076,-0.000212
arm_1_left_finger,190.512000,0.301501,0.478013,0.116831,0.707157,-0.707057,-0.000080,-0.000205
arm_1_left_finger,190.523000,0.301499,0.478026,0.117897,0.707157,-0.707056,-0.000080,-0.000203
arm_1_left_finger,190.534000,0.301496,0.478038,0.118974,0.707158,-0.707056,-0.000078,-0.000202
arm_1_left_finger,190.545000,0.301493,0.478048,0.120061,0.707158,-0.707055,-0.000071,-0.000206
arm_1_left_finger,190.556000,0.301492,0.478056,0.121156,0.707159,-0.707055,-0.000060,-0.000215
arm_1_left_finger,190.567000,0.301502,0.478062,0.122253,0.707159,-0.707054,-0.000024,-0.000248
arm_1_left_finger,190.578000,0.301506,0.478066,0.123357,0.707160,-0.707054,-0.000028,-0.000240
arm_1_left_finger,190.589000,0.301507,0.478068,0.124461,0.707161,-0.707053,-0.000028,-0.000238
arm_1_left_finger,190.599000,0.301516,0.478069,0.125462,0.707161,-0.707052,-0.000001,-0.000262
arm_1_left_finger,190.610000,0.301518,0.478067,0.126564,0.707162,-0.707052,-0.000022,-0.000238
arm_1_left_finger,190.621000,0.301506,0.478064,0.127665,0.707162,-0.707051,-0.000057,-0.000200
arm_1_left_finger,190.631000,0.301501,0.478059,0.128661,0.707163,-0.707051,-0.000040,-0.000215
arm_1_left_finger,190.641000,0.301497,0.478053,0.129651,0.707163,-0.707050,-0.000028,-0.000224
arm_1_left_finger,190.651000,0.301499,0.478045,0.130634,0.707164,-0.707050,-0.000004,-0.000245
arm_1_left_finger,190.661000,0.301493,0.478035,0.131613,0.707164,-0.707049,0.000003,-0.000249
arm_1_left_finger,190.672000,0.301479,0.478024,0.132685,0.707165,-0.707049,-0.000048,-0.000197
arm_1_left_finger,190.683000,0.301461,0.478010,0.133750,0.707165,-0.707048,-0.000060,-0.000181
arm_1_left_finger,190.694000,0.301453,0.477994,0.134802,0.707166,-0.707048,-0.000017,-0.000222
arm_1_left_finger,190.705000,0.301432,0.477978,0.135849,0.707166,-0.707047,-0.000056,-0.000180
arm_1_left_finger,190.715000,0.301420,0.477961,0.136791,0.707167,-0.707047,-0.000014,-0.000219
arm_1_left_finger,190.726000,0.301402,0.477941,0.137819,0.707167,-0.707046,-0.000043,-0.000188
arm_1_left_finger,190.737000,0.301377,0.477919,0.138839,0.707168,-0.707046,-0.000057,-0.000171
arm_1_left_finger,190.748000,0.301354,0.477897,0.139848,0.707168,-0.707045,-0.000049,-0.000177
arm_1_left_finger,190.759000,0.301338,0.477872,0.140845,0.707169,-0.707045,-0.000020,-0.000203
arm_1_left_finger,190.770000,0.301323,0.477847,0.141832,0.707169,-0.707044,-0.000009,-0.000211
arm_1_left_finger,190.781000,0.301308,0.477820,0.142807,0.707170,-0.707044,-0.000005,-0.000213
arm_1_left_finger,190.792000,0.301290,0.477792,0.143774,0.707170,-0.707043,-0.000014,-0.000202
arm_1_left_finger,190.802000,0.301271,0.477766,0.144642,0.707171,-0.707043,-0.000017,-0.000197
arm_1_left_finger,190.812000,0.301251,0.477738,0.145504,0.707171,-0.707042,-0.000017,-0.000195
arm_1_left_finger,190.822000,0.301233,0.477710,0.146355,0.707171,-0.707042,-0.000014,-0.000195
arm_1_left_finger,190.832000,0.301213,0.477681,0.147198,0.707172,-0.707042,-0.000016,-0.000191
arm_1_left_finger,190.843000,0.301194,0.477648,0.148114,0.707172,-0.707041,0.000017,-0.000222
arm_1_left_finger,190.853000,0.301171,0.477617,0.148939,0.707173,-0.707041,-0.000016,-0.000187
arm_1_left_finger,190.864000,0.301137,0.477582,0.149838,0.707173,-0.707040,-0.000045,-0.000156
arm_1_left_finger,190.875000,0.301108,0.477547,0.150725,0.707174,-0.707040,-0.000033,-0.000165
arm_1_left_finger,190.884000,0.301083,0.477517,0.151443,0.707174,-0.707040,-0.000042,-0.000154
arm_1_left_finger,190.894000,0.301049,0.477483,0.152234,0.707174,-0.707039,-0.000058,-0.000136
arm_1_left_finger,190.905000,0.301021,0.477446,0.153091,0.707175,-0.707039,-0.000020,-0.000172
arm_1_left_finger,190.916000,0.300995,0.477407,0.153935,0.707175,-0.707038,-0.000007,-0.000183
arm_1_left_finger,190.927000,0.300970,0.477368,0.154769,0.707176,-0.707038,-0.000005,-0.000183
arm_1_left_finger,190.937000,0.300943,0.477332,0.155519,0.707176,-0.707038,-0.000021,-0.000165
arm_1_left_finger,190.947000,0.300925,0.477296,0.156257,0.707176,-0.707037,0.000018,-0.000202
arm_1_left_finger,190.957000,0.300904,0.477259,0.156986,0.707177,-0.707037,-0.000004,-0.000178
arm_1_left_finger,190.967000,0.300872,0.477222,0.157710,0.707177,-0.707036,-0.000029,-0.000151
arm_1_left_finger,190.977000,0.300853,0.477184,0.158420,0.707177,-0.707036,0.000018,-0.000196
arm_1_left_finger,190.987000,0.300827,0.477147,0.159125,0.707178,-0.707036,-0.000024,-0.000153
arm_1_left_finger,190.996000,0.300795,0.477112,0.159753,0.707178,-0.707035,-0.000045,-0.000130
arm_1_left_finger,191.005000,0.300774,0.477078,0.160367,0.707178,-0.707035,0.000001,-0.000174
arm_1_left_finger,191.014000,0.300763,0.477043,0.160971,0.707179,-0.707035,0.000045,-0.000217
arm_1_left_finger,191.024000,0.300746,0.477004,0.161639,0.707179,-0.707034,0.000015,-0.000185
arm_1_left_finger,191.034000,0.300708,0.476965,0.162304,0.707179,-0.707034,-0.000042,-0.000127
arm_1_left_finger,191.045000,0.300682,0.476922,0.163020,0.707180,-0.707034,0.000006,-0.000172
arm_1_left_finger,191.056000,0.300670,0.476879,0.163721,0.707180,-0.707033,0.000058,-0.000223
arm_1_left_finger,191.067000,0.300665,0.476836,0.164409,0.707180,-0.707033,0.000092,-0.000255
arm_1_left_finger,191.078000,0.300659,0.476792,0.165086,0.707181,-0.707033,0.000078,-0.000239
arm_1_left_finger,191.089000,0.300644,0.476749,0.165754,0.707181,-0.707032,0.000047,-0.000206
arm_1_left_finger,191.099000,0.300630,0.476709,0.166353,0.707181,-0.707032,0.000050,-0.000208
arm_1_left_finger,191.109000,0.300607,0.476670,0.166944,0.707182,-0.707032,0.000026,-0.000182
arm_1_left_finger,191.119000,0.300578,0.476631,0.167529,0.707182,-0.707032,0.000016,-0.000171
arm_1_left_finger,191.129000,0.300568,0.476591,0.168099,0.707182,-0.707031,0.000060,-0.000213
arm_1_left_finger,191.140000,0.300564,0.476548,0.168713,0.707183,-0.707031,0.000095,-0.000247
arm_1_left_finger,191.150000,0.300541,0.476509,0.169268,0.707183,-0.707031,-0.000026,-0.000125
arm_1_left_finger,191.161000,0.300500,0.476466,0.169871,0.707183,-0.707030,-0.000031,-0.000118
arm_1_left_finger,191.172000,0.300482,0.476424,0.170458,0.707184,-0.707030,0.000032,-0.000180
arm_1_left_finger,191.183000,0.300473,0.476381,0.171030,0.707184,-0.707030,0.000074,-0.000219
arm_1_left_finger,191.194000,0.300472,0.476339,0.171590,0.707184,-0.707029,0.000101,-0.000246
arm_1_left_finger,191.205000,0.300475,0.476298,0.172137,0.707184,-0.707029,0.000122,-0.000264
arm_1_left_finger,191.216000,0.300472,0.476256,0.172675,0.707185,-0.707029,0.000078,-0.000219
arm_1_left_finger,191.227000,0.300462,0.476215,0.173204,0.707185,-0.707029,0.000056,-0.000196
arm_1_left_finger,191.238000,0.300449,0.476175,0.173723,0.707185,-0.707028,0.000053,-0.000191
arm_1_left_finger,191.249000,0.300427,0.476135,0.174233,0.707185,-0.707028,0.000016,-0.000153
arm_1_left_finger,191.260000,0.300396,0.476095,0.174736,0.707186,-0.707028,-0.000057,-0.000079
arm_1_left_finger,191.271000,0.300364,0.476056,0.175227,0.707186,-0.707028,-0.000012,-0.000123
arm_1_left_finger,191.282000,0.300352,0.476017,0.175703,0.707186,-0.707027,0.000046,-0.000180
arm_1_left_finger,191.293000,0.300289,0.475979,0.176181,0.707186,-0.707027,-0.000101,-0.000032
arm_1_left_finger,191.304000,0.300263,0.475941,0.176639,0.707187,-0.707027,-0.000015,-0.000116
arm_1_left_finger,191.315000,0.300247,0.475904,0.177081,0.707187,-0.707027,0.000031,-0.000161
arm_1_left_finger,191.326000,0.300243,0.475868,0.177510,0.707187,-0.707026,0.000076,-0.000205
arm_1_left_finger,191.337000,0.300246,0.475832,0.177926,0.707187,-0.707026,0.000104,-0.000231
arm_1_left_finger,191.348000,0.300253,0.475797,0.178330,0.707187,-0.707026,0.000118,-0.000245
arm_1_left_finger,191.358000,0.300261,0.475765,0.178688,0.707188,-0.707026,0.000123,-0.000249
arm_1_left_finger,191.368000,0.300269,0.475734,0.179036,0.707188,-0.707026,0.000123,-0.000248
arm_1_left_finger,191.379000,0.300277,0.475701,0.179409,0.707188,-0.707025,0.000119,-0.000243
arm_1_left_finger,191.389000,0.300248,0.475672,0.179749,0.707188,-0.707025,-0.000054,-0.000069
arm_1_left_finger,191.400000,0.300230,0.475640,0.180109,0.707188,-0.707025,0.000008,-0.000130
arm_1_left_finger,191.411000,0.300223,0.475609,0.180454,0.707189,-0.707025,0.000047,-0.000168
arm_1_left_finger,191.421000,0.300195,0.475582,0.180766,0.707189,-0.707025,-0.000089,-0.000031
arm_1_left_finger,191.432000,0.300146,0.475552,0.181102,0.707189,-0.707025,-0.000099,-0.000021
arm_1_left_finger,191.442000,0.300126,0.475526,0.181392,0.707189,-0.707025,-0.000024,-0.000095
arm_1_left_finger,191.452000,0.300118,0.475501,0.181670,0.707189,-0.707024,0.000028,-0.000147
arm_1_left_finger,191.462000,0.300117,0.475476,0.181936,0.707189,-0.707024,0.000063,-0.000180
arm_1_left_finger,191.472000,0.300028,0.475452,0.182219,0.707189,-0.707024,-0.000211,0.000094
arm_1_left_finger,191.483000,0.299952,0.475427,0.182514,0.707190,-0.707024,-0.000263,0.000146
arm_1_left_finger,191.493000,0.299898,0.475404,0.182767,0.707190,-0.707024,-0.000193,0.000077
arm_1_left_finger,191.504000,0.299839,0.475380,0.183036,0.707190,-0.707024,-0.000181,0.000066
arm_1_left_finger,191.515000,0.299786,0.475357,0.183292,0.707190,-0.707024,-0.000156,0.000041
arm_1_left_finger,191.525000,0.299728,0.475337,0.183518,0.707190,-0.707024,-0.000188,0.000074
arm_1_left_finger,191.535000,0.299688,0.475318,0.183731,0.707190,-0.707023,-0.000135,0.000022
arm_1_left_finger,191.545000,0.299656,0.475300,0.183931,0.707190,-0.707023,-0.000097,-0.000016
arm_1_left_finger,191.556000,0.299626,0.475280,0.184141,0.707190,-0.707023,-0.000079,-0.000033
arm_1_left_finger,191.567000,0.299598,0.475262,0.184338,0.707190,-0.707023,-0.000071,-0.000041
arm_1_left_finger,191.577000,0.299575,0.475246,0.184508,0.707191,-0.707023,-0.000060,-0.000051
arm_1_left_finger,191.588000,0.299554,0.475229,0.184683,0.707191,-0.707023,-0.000050,-0.000060
arm_1_left_finger,191.599000,0.299534,0.475214,0.184847,0.707191,-0.707023,-0.000048,-0.000061
arm_1_left_finger,191.609000,0.299517,0.475201,0.184986,0.707191,-0.707023,-0.000044,-0.000065
arm_1_left_finger,191.619000,0.299503,0.475188,0.185115,0.707191,-0.707023,-0.000029,-0.000080
arm_1_left_finger,191.630000,0.299488,0.475176,0.185247,0.707191,-0.707023,-0.000034,-0.000074
arm_1_left_finger,191.640000,0.299477,0.475165,0.185357,0.707191,-0.707023,-0.000029,-0.000078
arm_1_left_finger,191.650000,0.299463,0.475156,0.185458,0.707191,-0.707023,-0.000039,-0.000068
arm_1_left_finger,191.661000,0.299449,0.475146,0.185560,0.707191,-0.707023,-0.000040,-0.000067
arm_1_left_finger,191.672000,0.299437,0.475138,0.185650,0.707191,-0.707022,-0.000035,-0.000072
arm_1_left_finger,191.683000,0.299427,0.475130,0.185728,0.707191,-0.707022,-0.000026,-0.000081
arm_1_left_finger,191.694000,0.299422,0.475124,0.185794,0.707191,-0.707022,-0.000013,-0.000094
arm_1_left_finger,191.705000,0.299421,0.475118,0.185849,0.707191,-0.707022,-0.000000,-0.000107
arm_1_left_finger,191.716000,0.299424,0.475114,0.185894,0.707191,-0.707022,0.000013,-0.000120
arm_1_left_finger,191.727000,0.299431,0.475110,0.185930,0.707191,-0.707022,0.000027,-0.000133
arm_1_left_finger,191.738000,0.299441,0.475107,0.185959,0.707191,-0.707022,0.000039,-0.000146
arm_1_left_finger,191.748000,0.299453,0.475104,0.185981,0.707191,-0.707022,0.000050,-0.000156
arm_1_left_finger,191.758000,0.299453,0.475103,0.186002,0.707191,-0.707022,-0.000007,-0.000102
arm_1_left_finger,191.769000,0.299461,0.475103,0.185989,0.707191,-0.707022,0.000011,-0.000120
arm_1_left_finger,191.779000,0.299472,0.475102,0.185978,0.707191,-0.707022,0.000025,-0.000133
arm_1_left_finger,191.789000,0.299490,0.475098,0.185968,0.707191,-0.707022,0.000038,-0.000146
arm_1_left_finger,191.799000,0.299513,0.475092,0.185957,0.707191,-0.707022,0.000049,-0.000157
arm_1_left_finger,191.810000,0.299548,0.475080,0.185946,0.707191,-0.707022,0.000062,-0.000169
arm_1_left_finger,191.820000,0.299587,0.475065,0.185937,0.707191,-0.707022,0.000071,-0.000179
arm_1_left_finger,191.830000,0.299634,0.475045,0.185927,0.707191,-0.707022,0.000080,-0.000188
arm_1_left_finger,191.841000,0.299667,0.475019,0.185926,0.707189,-0.707025,-0.000042,-0.000066
arm_1_left_finger,191.851000,0.299708,0.474988,0.185923,0.707189,-0.707025,-0.000009,-0.000099
arm_1_left_finger,191.862000,0.299769,0.474948,0.185919,0.707189,-0.707024,0.000020,-0.000128
arm_1_left_finger,191.873000,0.299845,0.474901,0.185914,0.707190,-0.707024,0.000043,-0.000151
arm_1_left_finger,191.884000,0.299935,0.474846,0.185908,0.707190,-0.707024,0.000062,-0.000169
arm_1_left_finger,191.895000,0.300039,0.474784,0.185901,0.707190,-0.707023,0.000077,-0.000184
arm_1_left_finger,191.905000,0.300144,0.474721,0.185895,0.707190,-0.707023,0.000088,-0.000195
arm_1_left_finger,191.916000,0.300297,0.474643,0.185881,0.707190,-0.707023,0.000264,-0.000371
arm_1_left_finger,191.927000,0.300458,0.474558,0.185867,0.707190,-0.707023,0.000189,-0.000296
arm_1_left_finger,191.938000,0.300610,0.474465,0.185860,0.707191,-0.707023,0.000129,-0.000236
arm_1_left_finger,191.948000,0.300758,0.474373,0.185853,0.707191,-0.707023,0.000118,-0.000224
arm_1_left_finger,191.959000,0.300912,0.474265,0.185852,0.707181,-0.707033,0.000020,-0.000126
arm_1_left_finger,191.969000,0.301049,0.474158,0.185854,0.707182,-0.707032,-0.000006,-0.000100
arm_1_left_finger,191.980000,0.301206,0.474034,0.185859,0.707172,-0.707042,-0.000045,-0.000061
arm_1_left_finger,191.990000,0.301373,0.473914,0.185858,0.707162,-0.707051,0.000053,-0.000159
arm_1_left_finger,192.000000,0.301545,0.473785,0.185859,0.707166,-0.707047,0.000017,-0.000123
arm_1_left_finger,192.010000,0.301720,0.473649,0.185863,0.707170,-0.707043,-0.000011,-0.000095
arm_1_left_finger,192.020000,0.301900,0.473506,0.185867,0.707173,-0.707040,-0.000031,-0.000075
arm_1_left_finger,192.031000,0.302100,0.473340,0.185875,0.707176,-0.707038,-0.000062,-0.000044
arm_1_left_finger,192.041000,0.302291,0.473182,0.185882,0.707178,-0.707035,-0.000068,-0.000038
arm_1_left_finger,192.051000,0.302491,0.473017,0.185890,0.707180,-0.707033,-0.000070,-0.000036
arm_1_left_finger,192.061000,0.302700,0.472844,0.185897,0.707182,-0.707032,-0.000071,-0.000035
arm_1_left_finger,192.071000,0.302918,0.472664,0.185905,0.707183,-0.707030,-0.000072,-0.000034
arm_1_left_finger,192.081000,0.303145,0.472477,0.185913,0.707184,-0.707029,-0.000073,-0.000033
arm_1_left_finger,192.091000,0.303381,0.472283,0.185922,0.707185,-0.707028,-0.000074,-0.000032
arm_1_left_finger,192.102000,0.303650,0.472061,0.185932,0.707186,-0.707027,-0.000075,-0.000031
arm_1_left_finger,192.112000,0.303905,0.471851,0.185941,0.707187,-0.707027,-0.000076,-0.000030
arm_1_left_finger,192.123000,0.304195,0.471612,0.185951,0.707188,-0.707026,-0.000077,-0.000029
arm_1_left_finger,192.133000,0.304463,0.471386,0.185962,0.707188,-0.707025,-0.000081,-0.000024
arm_1_left_finger,192.143000,0.304750,0.471154,0.185970,0.707188,-0.707025,-0.000063,-0.000042
arm_1_left_finger,192.153000,0.305040,0.470913,0.185980,0.707189,-0.707025,-0.000073,-0.000031
arm_1_left_finger,192.163000,0.305348,0.470666,0.185988,0.707189,-0.707024,-0.000049,-0.000055
arm_1_left_finger,192.173000,0.305664,0.470410,0.185996,0.707189,-0.707024,-0.000051,-0.000054
arm_1_left_finger,192.183000,0.305989,0.470148,0.186005,0.707190,-0.707024,-0.000051,-0.000054
arm_1_left_finger,192.194000,0.306358,0.469850,0.186014,0.707190,-0.707024,-0.000051,-0.000054
arm_1_left_finger,192.203000,0.306663,0.469600,0.186023,0.707190,-0.707024,-0.000067,-0.000038
arm_1_left_finger,192.213000,0.307020,0.469315,0.186031,0.707190,-0.707023,-0.000029,-0.000075
arm_1_left_finger,192.223000,0.307394,0.469022,0.186036,0.707190,-0.707023,0.000001,-0.000105
arm_1_left_finger,192.231000,0.307690,0.468782,0.186044,0.707190,-0.707023,-0.000041,-0.000064
arm_1_left_finger,192.239000,0.307991,0.468538,0.186051,0.707190,-0.707023,-0.000045,-0.000059
arm_1_left_finger,192.248000,0.308336,0.468257,0.186060,0.707190,-0.707023,-0.000049,-0.000055
arm_1_left_finger,192.258000,0.308730,0.467937,0.186070,0.707190,-0.707023,-0.000050,-0.000055
arm_1_left_finger,192.268000,0.309139,0.467610,0.186077,0.707191,-0.707023,-0.000014,-0.000090
arm_1_left_finger,192.278000,0.309553,0.467275,0.186086,0.707191,-0.707023,-0.000038,-0.000066
arm_1_left_finger,192.289000,0.310015,0.466897,0.186098,0.707191,-0.707023,-0.000048,-0.000056
arm_1_left_finger,192.298000,0.310399,0.466581,0.186107,0.707191,-0.707023,-0.000048,-0.000056
arm_1_left_finger,192.308000,0.310843,0.466223,0.186116,0.707191,-0.707023,-0.000026,-0.000077
arm_1_left_finger,192.318000,0.311295,0.465857,0.186125,0.707191,-0.707023,-0.000018,-0.000085
arm_1_left_finger,192.328000,0.311756,0.465483,0.186134,0.707191,-0.707023,-0.000020,-0.000083
arm_1_left_finger,192.338000,0.312226,0.465101,0.186143,0.707191,-0.707023,-0.000016,-0.000087
arm_1_left_finger,192.348000,0.312704,0.464711,0.186153,0.707191,-0.707023,-0.000022,-0.000081
arm_1_left_finger,192.358000,0.313191,0.464313,0.186162,0.707191,-0.707023,-0.000023,-0.000079
arm_1_left_finger,192.367000,0.313636,0.463949,0.186171,0.707191,-0.707023,-0.000022,-0.000081
arm_1_left_finger,192.377000,0.314138,0.463536,0.186182,0.707191,-0.707023,-0.000032,-0.000070
arm_1_left_finger,192.387000,0.314649,0.463115,0.186192,0.707191,-0.707023,-0.000027,-0.000076
arm_1_left_finger,192.397000,0.315170,0.462686,0.186203,0.707191,-0.707023,-0.000021,-0.000081
arm_1_left_finger,192.407000,0.315702,0.462249,0.186212,0.707191,-0.707023,-0.000012,-0.000090
arm_1_left_finger,192.417000,0.316244,0.461804,0.186221,0.707191,-0.707023,-0.000008,-0.000094
arm_1_left_finger,192.427000,0.316790,0.461350,0.186233,0.707191,-0.707023,-0.000025,-0.000077
arm_1_left_finger,192.437000,0.317341,0.460889,0.186245,0.707191,-0.707023,-0.000034,-0.000068
arm_1_left_finger,192.446000,0.317850,0.460466,0.186254,0.707191,-0.707023,-0.000014,-0.000087
arm_1_left_finger,192.453000,0.318248,0.460133,0.186262,0.707190,-0.707023,-0.000025,-0.000076
arm_1_left_finger,192.461000,0.318706,0.459748,0.186272,0.707190,-0.707023,-0.000034,-0.000068
arm_1_left_finger,192.470000,0.319228,0.459307,0.186284,0.707190,-0.707023,-0.000036,-0.000065
arm_1_left_finger,192.473000,0.319403,0.459159,0.186287,0.707190,-0.707023,-0.000036,-0.000065
arm_1_left_finger,192.479000,0.319757,0.458861,0.186295,0.707190,-0.707023,-0.000030,-0.000071
arm_1_left_finger,192.488000,0.320301,0.458407,0.186304,0.707190,-0.707023,0.000000,-0.000101
arm_1_left_finger,192.498000,0.320908,0.457895,0.186316,0.707190,-0.707023,-0.000014,-0.000086
arm_1_left_finger,192.508000,0.321523,0.457374,0.186328,0.707190,-0.707023,-0.000017,-0.000083
arm_1_left_finger,192.518000,0.322151,0.456845,0.186339,0.707190,-0.707023,0.000001,-0.000101
arm_1_left_finger,192.528000,0.322783,0.456308,0.186351,0.707190,-0.707023,-0.000012,-0.000088
arm_1_left_finger,192.538000,0.323423,0.455762,0.186363,0.707190,-0.707023,-0.000017,-0.000083
arm_1_left_finger,192.548000,0.324071,0.455208,0.186376,0.707190,-0.707023,-0.000019,-0.000081
arm_1_left_finger,192.558000,0.324727,0.454644,0.186389,0.707190,-0.707023,-0.000020,-0.000080
arm_1_left_finger,192.568000,0.325386,0.454073,0.186403,0.707190,-0.707023,-0.000037,-0.000062
arm_1_left_finger,192.578000,0.326053,0.453492,0.186418,0.707190,-0.707023,-0.000040,-0.000060
arm_1_left_finger,192.588000,0.326733,0.452903,0.186431,0.707190,-0.707023,-0.000015,-0.000084
arm_1_left_finger,192.598000,0.327425,0.452305,0.186444,0.707190,-0.707024,-0.000007,-0.000092
arm_1_left_finger,192.608000,0.328116,0.451698,0.186459,0.707190,-0.707024,-0.000036,-0.000063
arm_1_left_finger,192.618000,0.328815,0.451083,0.186474,0.707190,-0.707024,-0.000036,-0.000062
arm_1_left_finger,192.628000,0.329532,0.450459,0.186487,0.707190,-0.707024,-0.000001,-0.000097
arm_1_left_finger,192.638000,0.330251,0.449825,0.186501,0.707190,-0.707024,-0.000026,-0.000072
arm_1_left_finger,192.648000,0.330973,0.449183,0.186517,0.707190,-0.707024,-0.000036,-0.000062
arm_1_left_finger,192.657000,0.331631,0.448597,0.186531,0.707190,-0.707024,-0.000037,-0.000060
arm_1_left_finger,192.667000,0.332377,0.447938,0.186544,0.707190,-0.707024,0.000000,-0.000098
arm_1_left_finger,192.677000,0.333129,0.447270,0.186559,0.707190,-0.707024,-0.000017,-0.000080
arm_1_left_finger,192.687000,0.333881,0.446592,0.186575,0.707190,-0.707024,-0.000035,-0.000062
arm_1_left_finger,192.697000,0.334641,0.445906,0.186592,0.707190,-0.707024,-0.000036,-0.000060
arm_1_left_finger,192.707000,0.335411,0.445209,0.186608,0.707190,-0.707024,-0.000031,-0.000065
arm_1_left_finger,192.717000,0.336189,0.444505,0.186624,0.707190,-0.707024,-0.000025,-0.000071
arm_1_left_finger,192.726000,0.336902,0.443862,0.186636,0.707190,-0.707024,-0.000007,-0.000089
arm_1_left_finger,192.736000,0.337707,0.443139,0.186649,0.707190,-0.707024,0.000010,-0.000106
arm_1_left_finger,192.746000,0.338503,0.442407,0.186667,0.707190,-0.707024,-0.000031,-0.000064
arm_1_left_finger,192.756000,0.339308,0.441665,0.186684,0.707189,-0.707024,-0.000031,-0.000065
arm_1_left_finger,192.766000,0.340130,0.440915,0.186698,0.707189,-0.707024,0.000026,-0.000121
arm_1_left_finger,192.776000,0.340963,0.440153,0.186712,0.707189,-0.707024,0.000023,-0.000118
arm_1_left_finger,192.786000,0.341813,0.439383,0.186722,0.707189,-0.707024,0.000056,-0.000151
arm_1_left_finger,192.796000,0.342662,0.438603,0.186736,0.707189,-0.707024,0.000024,-0.000119
arm_1_left_finger,192.806000,0.343497,0.437814,0.186756,0.707189,-0.707024,-0.000039,-0.000055
arm_1_left_finger,192.816000,0.344341,0.437015,0.186775,0.707189,-0.707024,-0.000046,-0.000048
arm_1_left_finger,192.826000,0.345198,0.436206,0.186793,0.707189,-0.707024,-0.000037,-0.000057
arm_1_left_finger,192.837000,0.346143,0.435305,0.186814,0.707189,-0.707024,-0.000040,-0.000053
arm_1_left_finger,192.848000,0.347098,0.434392,0.186835,0.707189,-0.707024,-0.000040,-0.000053
arm_1_left_finger,192.858000,0.347984,0.433552,0.186851,0.707189,-0.707024,0.000017,-0.000110
arm_1_left_finger,192.868000,0.348873,0.432702,0.186869,0.707189,-0.707025,0.000011,-0.000103
arm_1_left_finger,192.878000,0.349761,0.431842,0.186888,0.707189,-0.707025,-0.000028,-0.000064
arm_1_left_finger,192.888000,0.350657,0.430971,0.186908,0.707189,-0.707025,-0.000034,-0.000058
arm_1_left_finger,192.898000,0.351569,0.430091,0.186925,0.707189,-0.707025,-0.000004,-0.000088
arm_1_left_finger,192.908000,0.352478,0.429200,0.186945,0.707189,-0.707025,-0.000029,-0.000063
arm_1_left_finger,192.918000,0.353406,0.428299,0.186961,0.707189,-0.707025,0.000015,-0.000106
arm_1_left_finger,192.928000,0.354327,0.427389,0.186981,0.707189,-0.707025,-0.000025,-0.000066
arm_1_left_finger,192.938000,0.355257,0.426467,0.187002,0.707189,-0.707025,-0.000024,-0.000067
arm_1_left_finger,192.947000,0.356099,0.425629,0.187020,0.707189,-0.707025,-0.000028,-0.000062
arm_1_left_finger,192.958000,0.357134,0.424594,0.187042,0.707189,-0.707025,-0.000031,-0.000059
arm_1_left_finger,192.968000,0.358103,0.423641,0.187056,0.707189,-0.707025,0.000112,-0.000202
arm_1_left_finger,192.978000,0.359056,0.422678,0.187077,0.707189,-0.707025,-0.000005,-0.000085
arm_1_left_finger,192.988000,0.360015,0.421705,0.187099,0.707188,-0.707025,-0.000028,-0.000061
arm_1_left_finger,192.998000,0.360980,0.420721,0.187120,0.707188,-0.707025,-0.000031,-0.000058
arm_1_left_finger,193.008000,0.361951,0.419726,0.187142,0.707188,-0.707025,-0.000031,-0.000058
arm_1_left_finger,193.018000,0.362938,0.418721,0.187160,0.707188,-0.707025,0.000003,-0.000092
arm_1_left_finger,193.028000,0.363932,0.417704,0.187178,0.707188,-0.707025,0.000056,-0.000144
arm_1_left_finger,193.039000,0.365018,0.416575,0.187203,0.707188,-0.707025,-0.000020,-0.000068
arm_1_left_finger,193.049000,0.366012,0.415535,0.187225,0.707188,-0.707025,-0.000029,-0.000058
arm_1_left_finger,193.059000,0.367055,0.414486,0.187234,0.707188,-0.707025,0.000116,-0.000203
arm_1_left_finger,193.069000,0.368095,0.413425,0.187247,0.707188,-0.707025,0.000122,-0.000209
arm_1_left_finger,193.079000,0.369116,0.412353,0.187266,0.707188,-0.707026,0.000045,-0.000131
arm_1_left_finger,193.089000,0.370154,0.411270,0.187282,0.707188,-0.707026,0.000066,-0.000152
arm_1_left_finger,193.099000,0.371196,0.410176,0.187299,0.707188,-0.707026,0.000062,-0.000148
arm_1_left_finger,193.110000,0.372350,0.408960,0.187318,0.707188,-0.707026,0.000070,-0.000156
arm_1_left_finger,193.121000,0.373512,0.407730,0.187335,0.707188,-0.707026,0.000079,-0.000164
arm_1_left_finger,193.132000,0.374682,0.406487,0.187353,0.707188,-0.707026,0.000088,-0.000172
arm_1_left_finger,193.142000,0.375753,0.405344,0.187368,0.707188,-0.707026,0.000095,-0.000180
arm_1_left_finger,193.153000,0.376938,0.404075,0.187385,0.707188,-0.707026,0.000104,-0.000188
arm_1_left_finger,193.164000,0.378131,0.402791,0.187401,0.707187,-0.707026,0.000112,-0.000196
arm_1_left_finger,193.175000,0.379332,0.401493,0.187417,0.707187,-0.707026,0.000119,-0.000202
arm_1_left_finger,193.185000,0.380429,0.400301,0.187431,0.707187,-0.707026,0.000121,-0.000204
arm_1_left_finger,193.196000,0.381640,0.398976,0.187448,0.707187,-0.707026,0.000119,-0.000202
arm_1_left_finger,193.207000,0.382855,0.397638,0.187465,0.707187,-0.707026,0.000115,-0.000197
arm_1_left_finger,193.218000,0.384074,0.396285,0.187482,0.707187,-0.707026,0.000109,-0.000191
arm_1_left_finger,193.228000,0.385184,0.395043,0.187499,0.707187,-0.707026,0.000103,-0.000184
arm_1_left_finger,193.238000,0.386303,0.393788,0.187515,0.707187,-0.707026,0.000116,-0.000197
arm_1_left_finger,193.249000,0.387640,0.392396,0.187503,0.707187,-0.707026,0.000389,-0.000470
arm_1_left_finger,193.260000,0.388892,0.390987,0.187517,0.707187,-0.707027,0.000193,-0.000273
arm_1_left_finger,193.270000,0.389982,0.389695,0.187545,0.707187,-0.707027,-0.000047,-0.000032
arm_1_left_finger,193.281000,0.391221,0.388258,0.187566,0.707187,-0.707027,0.000115,-0.000194
arm_1_left_finger,193.291000,0.392329,0.386940,0.187592,0.707187,-0.707027,0.000002,-0.000081
arm_1_left_finger,193.301000,0.393441,0.385609,0.187618,0.707187,-0.707027,-0.000018,-0.000060
arm_1_left_finger,193.310000,0.394444,0.384400,0.187642,0.707187,-0.707027,-0.000023,-0.000055
arm_1_left_finger,193.319000,0.395449,0.383182,0.187666,0.707187,-0.707027,-0.000026,-0.000052
arm_1_left_finger,193.328000,0.396457,0.381954,0.187690,0.707187,-0.707027,-0.000027,-0.000050
arm_1_left_finger,193.337000,0.397466,0.380717,0.187714,0.707187,-0.707027,-0.000028,-0.000050
arm_1_left_finger,193.346000,0.398477,0.379471,0.187738,0.707186,-0.707027,-0.000028,-0.000049
arm_1_left_finger,193.356000,0.399600,0.378077,0.187766,0.707186,-0.707027,-0.000028,-0.000048
arm_1_left_finger,193.367000,0.400836,0.376534,0.187796,0.707186,-0.707027,-0.000030,-0.000046
arm_1_left_finger,193.378000,0.402071,0.374981,0.187826,0.707186,-0.707027,-0.000031,-0.000045
arm_1_left_finger,193.389000,0.403304,0.373419,0.187857,0.707186,-0.707027,-0.000033,-0.000042
arm_1_left_finger,193.400000,0.404533,0.371849,0.187888,0.707186,-0.707027,-0.000036,-0.000038
arm_1_left_finger,193.411000,0.405760,0.370271,0.187919,0.707186,-0.707028,-0.000038,-0.000036
arm_1_left_finger,193.422000,0.406982,0.368686,0.187950,0.707186,-0.707028,-0.000040,-0.000034
arm_1_left_finger,193.433000,0.408201,0.367094,0.187982,0.707186,-0.707028,-0.000042,-0.000031
arm_1_left_finger,193.444000,0.409415,0.365496,0.188014,0.707186,-0.707028,-0.000044,-0.000029
arm_1_left_finger,193.455000,0.410624,0.363893,0.188046,0.707186,-0.707028,-0.000046,-0.000026
arm_1_left_finger,193.466000,0.411831,0.362284,0.188077,0.707186,-0.707028,-0.000036,-0.000036
arm_1_left_finger,193.477000,0.413040,0.360669,0.188106,0.707186,-0.707028,-0.000004,-0.000067
arm_1_left_finger,193.488000,0.414249,0.359049,0.188134,0.707186,-0.707028,0.000006,-0.000077
arm_1_left_finger,193.497000,0.415233,0.357721,0.188158,0.707185,-0.707028,0.000006,-0.000077
arm_1_left_finger,193.507000,0.416330,0.356240,0.188181,0.707185,-0.707028,0.000036,-0.000107
arm_1_left_finger,193.516000,0.417325,0.354905,0.188199,0.707185,-0.707028,0.000090,-0.000160
arm_1_left_finger,193.525000,0.418327,0.353566,0.188214,0.707185,-0.707028,0.000132,-0.000202
arm_1_left_finger,193.535000,0.419418,0.352075,0.188236,0.707185,-0.707028,0.000071,-0.000140
arm_1_left_finger,193.543000,0.420267,0.350880,0.188260,0.707185,-0.707028,-0.000044,-0.000025
arm_1_left_finger,193.553000,0.421335,0.349383,0.188286,0.707185,-0.707028,-0.000002,-0.000067
arm_1_left_finger,193.564000,0.422519,0.347732,0.188311,0.707185,-0.707029,0.000057,-0.000125
arm_1_left_finger,193.575000,0.423715,0.346076,0.188330,0.707185,-0.707029,0.000126,-0.000194
arm_1_left_finger,193.586000,0.424910,0.344417,0.188348,0.707185,-0.707029,0.000142,-0.000210
arm_1_left_finger,193.597000,0.426073,0.342753,0.188374,0.707185,-0.707029,0.000047,-0.000114
arm_1_left_finger,193.608000,0.427202,0.341086,0.188408,0.707185,-0.707029,-0.000071,0.000004
arm_1_left_finger,193.619000,0.428353,0.339414,0.188434,0.707185,-0.707029,0.000032,-0.000099
arm_1_left_finger,193.629000,0.429388,0.337891,0.188460,0.707185,-0.707029,-0.000024,-0.000042
arm_1_left_finger,193.639000,0.430406,0.336364,0.188489,0.707184,-0.707029,-0.000037,-0.000029
arm_1_left_finger,193.649000,0.431422,0.334835,0.188517,0.707184,-0.707029,-0.000029,-0.000036
arm_1_left_finger,193.659000,0.432441,0.333302,0.188543,0.707184,-0.707029,0.000006,-0.000071
arm_1_left_finger,193.669000,0.433469,0.331766,0.188565,0.707184,-0.707029,0.000072,-0.000136
arm_1_left_finger,193.680000,0.434615,0.330073,0.188583,0.707184,-0.707029,0.000147,-0.000211
arm_1_left_finger,193.691000,0.435756,0.328376,0.188600,0.707184,-0.707029,0.000146,-0.000209
arm_1_left_finger,193.702000,0.436858,0.326675,0.188628,0.707184,-0.707029,0.000033,-0.000096
arm_1_left_finger,193.713000,0.437943,0.324971,0.188658,0.707184,-0.707030,-0.000011,-0.000051
arm_1_left_finger,193.723000,0.438909,0.323418,0.188690,0.707184,-0.707030,-0.000088,0.000026
arm_1_left_finger,193.734000,0.440003,0.321707,0.188715,0.707184,-0.707030,0.000050,-0.000112
arm_1_left_finger,193.745000,0.441108,0.319992,0.188735,0.707184,-0.707030,0.000120,-0.000181
arm_1_left_finger,193.756000,0.442183,0.318273,0.188761,0.707184,-0.707030,0.000034,-0.000095
arm_1_left_finger,193.767000,0.443237,0.316551,0.188792,0.707184,-0.707030,-0.000015,-0.000046
arm_1_left_finger,193.778000,0.444286,0.314825,0.188823,0.707184,-0.707030,-0.000019,-0.000040
arm_1_left_finger,193.789000,0.445328,0.313096,0.188854,0.707184,-0.707030,-0.000023,-0.000036
arm_1_left_finger,193.800000,0.446366,0.311363,0.188884,0.707183,-0.707030,-0.000017,-0.000042
arm_1_left_finger,193.811000,0.447406,0.309626,0.188912,0.707183,-0.707030,0.000035,-0.000093
arm_1_left_finger,193.822000,0.448480,0.307886,0.188928,0.707183,-0.707030,0.000159,-0.000217
arm_1_left_finger,193.833000,0.449539,0.306143,0.188947,0.707183,-0.707030,0.000126,-0.000183
arm_1_left_finger,193.844000,0.450561,0.304396,0.188975,0.707183,-0.707030,0.000028,-0.000084
arm_1_left_finger,193.855000,0.451567,0.302646,0.189006,0.707183,-0.707030,-0.000018,-0.000038
arm_1_left_finger,193.866000,0.452560,0.300892,0.189039,0.707183,-0.707030,-0.000040,-0.000016
arm_1_left_finger,193.877000,0.453564,0.299135,0.189067,0.707183,-0.707031,0.000037,-0.000092
arm_1_left_finger,193.888000,0.454597,0.297375,0.189084,0.707183,-0.707031,0.000146,-0.000201
arm_1_left_finger,193.897000,0.455399,0.295932,0.189111,0.707183,-0.707031,0.000011,-0.000067
arm_1_left_finger,193.907000,0.456340,0.294326,0.189123,0.707183,-0.707031,0.000192,-0.000248
arm_1_left_finger,193.918000,0.457402,0.292557,0.189128,0.707183,-0.707031,0.000336,-0.000391
arm_1_left_finger,193.928000,0.458377,0.290946,0.189128,0.707183,-0.707031,0.000387,-0.000442
arm_1_left_finger,193.937000,0.459225,0.289493,0.189135,0.707182,-0.707031,0.000323,-0.000376
arm_1_left_finger,193.946000,0.460025,0.288038,0.189155,0.707182,-0.707031,0.000077,-0.000131
arm_1_left_finger,193.957000,0.461006,0.286257,0.189177,0.707182,-0.707031,0.000144,-0.000198
arm_1_left_finger,193.967000,0.461864,0.284636,0.189205,0.707182,-0.707031,-0.000102,0.000048
arm_1_left_finger,193.977000,0.462694,0.283011,0.189239,0.707182,-0.707031,-0.000108,0.000055
arm_1_left_finger,193.988000,0.463602,0.281221,0.189276,0.707182,-0.707031,-0.000111,0.000059
arm_1_left_finger,193.998000,0.464422,0.279591,0.189309,0.707182,-0.707031,-0.000110,0.000058
arm_1_left_finger,194.008000,0.465243,0.277959,0.189342,0.707182,-0.707031,-0.000084,0.000033
arm_1_left_finger,194.018000,0.466040,0.276324,0.189379,0.707182,-0.707032,-0.000149,0.000098
arm_1_left_finger,194.028000,0.466842,0.274686,0.189413,0.707182,-0.707032,-0.000126,0.000076
arm_1_left_finger,194.038000,0.467642,0.273046,0.189447,0.707182,-0.707032,-0.000111,0.000061
arm_1_left_finger,194.049000,0.468521,0.271239,0.189483,0.707182,-0.707032,-0.000087,0.000037
arm_1_left_finger,194.060000,0.469384,0.269429,0.189521,0.707182,-0.707032,-0.000133,0.000083
arm_1_left_finger,194.070000,0.470171,0.267781,0.189554,0.707182,-0.707032,-0.000095,0.000047
arm_1_left_finger,194.080000,0.470942,0.266131,0.189590,0.707182,-0.707032,-0.000134,0.000085
arm_1_left_finger,194.090000,0.471724,0.264478,0.189621,0.707182,-0.707032,-0.000078,0.000030
arm_1_left_finger,194.101000,0.472581,0.262657,0.189654,0.707182,-0.707032,-0.000054,0.000007
arm_1_left_finger,194.112000,0.473435,0.260833,0.189686,0.707181,-0.707032,-0.000044,-0.000003
arm_1_left_finger,194.123000,0.474283,0.259006,0.189719,0.707181,-0.707032,-0.000037,-0.000009
arm_1_left_finger,194.133000,0.475050,0.257342,0.189747,0.707181,-0.707032,-0.000032,-0.000014
arm_1_left_finger,194.142000,0.475725,0.255844,0.189777,0.707181,-0.707032,-0.000081,0.000035
arm_1_left_finger,194.152000,0.476476,0.254176,0.189808,0.707181,-0.707032,-0.000050,0.000004
arm_1_left_finger,194.162000,0.477231,0.252506,0.189835,0.707181,-0.707032,-0.000018,-0.000027
arm_1_left_finger,194.173000,0.478060,0.250666,0.189865,0.707181,-0.707032,0.000003,-0.000047
arm_1_left_finger,194.183000,0.478809,0.248991,0.189891,0.707181,-0.707033,0.000012,-0.000056
arm_1_left_finger,194.193000,0.479555,0.247314,0.189917,0.707181,-0.707033,0.000020,-0.000063
arm_1_left_finger,194.204000,0.480372,0.245467,0.189944,0.707181,-0.707033,0.000030,-0.000073
arm_1_left_finger,194.214000,0.481105,0.243785,0.189970,0.707181,-0.707033,0.000011,-0.000054
arm_1_left_finger,194.223000,0.481755,0.242270,0.189995,0.707181,-0.707033,-0.000010,-0.000032
arm_1_left_finger,194.232000,0.482401,0.240752,0.190021,0.707181,-0.707033,-0.000011,-0.000030
arm_1_left_finger,194.243000,0.483187,0.238895,0.190051,0.707181,-0.707033,-0.000005,-0.000036
arm_1_left_finger,194.254000,0.483966,0.237036,0.190081,0.707181,-0.707033,-0.000004,-0.000037
arm_1_left_finger,194.265000,0.484739,0.235174,0.190110,0.707181,-0.707033,-0.000002,-0.000038
arm_1_left_finger,194.275000,0.485443,0.233479,0.190136,0.707180,-0.707033,0.000029,-0.000069
arm_1_left_finger,194.285000,0.486144,0.231782,0.190160,0.707180,-0.707033,0.000045,-0.000085
arm_1_left_finger,194.296000,0.486904,0.229912,0.190188,0.707180,-0.707033,0.000018,-0.000057
arm_1_left_finger,194.307000,0.487651,0.228041,0.190219,0.707180,-0.707033,-0.000006,-0.000033
arm_1_left_finger,194.318000,0.488395,0.226166,0.190248,0.707180,-0.707033,0.000004,-0.000042
arm_1_left_finger,194.328000,0.489064,0.224460,0.190275,0.707180,-0.707033,-0.000002,-0.000036
arm_1_left_finger,194.338000,0.489726,0.222752,0.190303,0.707180,-0.707034,-0.000006,-0.000031
arm_1_left_finger,194.349000,0.490447,0.220871,0.190333,0.707180,-0.707034,-0.000010,-0.000027
arm_1_left_finger,194.360000,0.491161,0.218988,0.190364,0.707180,-0.707034,-0.000011,-0.000026
arm_1_left_finger,194.370000,0.491806,0.217273,0.190391,0.707180,-0.707034,-0.000007,-0.000029
arm_1_left_finger,194.381000,0.492510,0.215385,0.190421,0.707180,-0.707034,-0.000002,-0.000034
arm_1_left_finger,194.391000,0.493144,0.213667,0.190448,0.707180,-0.707034,-0.000002,-0.000034
arm_1_left_finger,194.402000,0.493836,0.211774,0.190478,0.707180,-0.707034,0.000000,-0.000035
arm_1_left_finger,194.413000,0.494528,0.209879,0.190506,0.707180,-0.707034,0.000046,-0.000081
arm_1_left_finger,194.424000,0.495209,0.207982,0.190535,0.707179,-0.707034,0.000014,-0.000048
arm_1_left_finger,194.435000,0.495887,0.206083,0.190563,0.707179,-0.707034,0.000031,-0.000065
arm_1_left_finger,194.446000,0.496552,0.204181,0.190593,0.707179,-0.707034,0.000003,-0.000037
arm_1_left_finger,194.455000,0.497091,0.202624,0.190618,0.707179,-0.707034,-0.000002,-0.000031
arm_1_left_finger,194.464000,0.497625,0.201065,0.190642,0.707179,-0.707034,-0.000002,-0.000031
arm_1_left_finger,194.474000,0.498214,0.199331,0.190669,0.707179,-0.707034,-0.000000,-0.000032
arm_1_left_finger,194.479000,0.498515,0.198464,0.190680,0.707179,-0.707034,0.000043,-0.000075
arm_1_left_finger,194.487000,0.498992,0.197075,0.190699,0.707179,-0.707034,0.000057,-0.000089
arm_1_left_finger,194.496000,0.499510,0.195511,0.190724,0.707179,-0.707035,0.000008,-0.000040
arm_1_left_finger,194.505000,0.500031,0.193945,0.190746,0.707179,-0.707035,0.000029,-0.000061
arm_1_left_finger,194.513000,0.500484,0.192553,0.190768,0.707179,-0.707035,0.000008,-0.000039
arm_1_left_finger,194.522000,0.500998,0.190985,0.190790,0.707179,-0.707035,0.000024,-0.000055
arm_1_left_finger,194.532000,0.501556,0.189241,0.190817,0.707179,-0.707035,0.000009,-0.000039
arm_1_left_finger,194.541000,0.502061,0.187670,0.190839,0.707179,-0.707035,0.000056,-0.000086
arm_1_left_finger,194.550000,0.502605,0.186098,0.190848,0.707179,-0.707035,0.000220,-0.000249
arm_1_left_finger,194.559000,0.503134,0.184524,0.190860,0.707179,-0.707035,0.000207,-0.000236
arm_1_left_finger,194.569000,0.503687,0.182775,0.190882,0.707179,-0.707035,0.000075,-0.000104
arm_1_left_finger,194.579000,0.504216,0.181023,0.190910,0.707178,-0.707035,0.000009,-0.000037
arm_1_left_finger,194.583000,0.504431,0.180322,0.190920,0.707178,-0.707035,0.000027,-0.000055
arm_1_left_finger,194.591000,0.504856,0.178919,0.190940,0.707178,-0.707035,0.000042,-0.000069
arm_1_left_finger,194.601000,0.505391,0.177164,0.190962,0.707178,-0.707035,0.000067,-0.000095
arm_1_left_finger,194.612000,0.505977,0.175232,0.190986,0.707178,-0.707035,0.000089,-0.000116
arm_1_left_finger,194.623000,0.506560,0.173298,0.191008,0.707178,-0.707035,0.000106,-0.000133
arm_1_left_finger,194.634000,0.507141,0.171362,0.191029,0.707178,-0.707035,0.000120,-0.000146
arm_1_left_finger,194.644000,0.507665,0.169601,0.191048,0.707178,-0.707035,0.000130,-0.000156
arm_1_left_finger,194.655000,0.508231,0.167661,0.191069,0.707178,-0.707036,0.000107,-0.000133
arm_1_left_finger,194.666000,0.508764,0.165720,0.191099,0.707178,-0.707036,0.000026,-0.000051
arm_1_left_finger,194.676000,0.509239,0.163954,0.191127,0.707178,-0.707036,0.000001,-0.000025
arm_1_left_finger,194.686000,0.509721,0.162187,0.191150,0.707178,-0.707036,0.000045,-0.000070
arm_1_left_finger,194.696000,0.510187,0.160418,0.191178,0.707178,-0.707036,0.000001,-0.000025
arm_1_left_finger,194.706000,0.510656,0.158647,0.191202,0.707178,-0.707036,0.000034,-0.000057
arm_1_left_finger,194.717000,0.511170,0.156698,0.191228,0.707178,-0.707036,0.000061,-0.000084
arm_1_left_finger,194.728000,0.511683,0.154748,0.191252,0.707178,-0.707036,0.000082,-0.000105
arm_1_left_finger,194.739000,0.512172,0.152796,0.191281,0.707177,-0.707036,0.000031,-0.000053
arm_1_left_finger,194.750000,0.512663,0.150842,0.191307,0.707177,-0.707036,0.000048,-0.000071
arm_1_left_finger,194.761000,0.513151,0.148887,0.191333,0.707177,-0.707036,0.000063,-0.000085
arm_1_left_finger,194.771000,0.513570,0.147108,0.191361,0.707177,-0.707036,0.000021,-0.000042
arm_1_left_finger,194.782000,0.514038,0.145150,0.191389,0.707177,-0.707036,0.000034,-0.000056
arm_1_left_finger,194.793000,0.514501,0.143190,0.191415,0.707177,-0.707036,0.000048,-0.000069
arm_1_left_finger,194.803000,0.514920,0.141407,0.191439,0.707177,-0.707037,0.000061,-0.000081
arm_1_left_finger,194.812000,0.515295,0.139802,0.191459,0.707177,-0.707037,0.000072,-0.000092
arm_1_left_finger,194.819000,0.515584,0.138552,0.191474,0.707177,-0.707037,0.000080,-0.000100
arm_1_left_finger,194.827000,0.515913,0.137124,0.191491,0.707177,-0.707037,0.000090,-0.000109
arm_1_left_finger,194.832000,0.516098,0.136231,0.191508,0.707177,-0.707037,-0.000014,-0.000005
arm_1_left_finger,194.841000,0.516447,0.134622,0.191531,0.707177,-0.707037,0.000013,-0.000032
arm_1_left_finger,194.852000,0.516872,0.132655,0.191558,0.707177,-0.707037,0.000039,-0.000057
arm_1_left_finger,194.862000,0.517257,0.130865,0.191582,0.707177,-0.707037,0.000059,-0.000077
arm_1_left_finger,194.873000,0.517655,0.128896,0.191613,0.707177,-0.707037,-0.000014,-0.000004
arm_1_left_finger,194.883000,0.518007,0.127104,0.191643,0.707177,-0.707037,-0.000044,0.000026
arm_1_left_finger,194.893000,0.518357,0.125311,0.191671,0.707176,-0.707037,-0.000020,0.000002
arm_1_left_finger,194.903000,0.518706,0.123517,0.191698,0.707176,-0.707037,0.000001,-0.000018
arm_1_left_finger,194.914000,0.519088,0.121543,0.191727,0.707176,-0.707037,0.000022,-0.000039
arm_1_left_finger,194.924000,0.519421,0.119747,0.191755,0.707176,-0.707037,-0.000004,-0.000012
arm_1_left_finger,194.933000,0.519716,0.118130,0.191780,0.707176,-0.707037,-0.000008,-0.000008
arm_1_left_finger,194.943000,0.520040,0.116332,0.191808,0.707176,-0.707037,-0.000005,-0.000011
arm_1_left_finger,194.953000,0.520361,0.114533,0.191835,0.707176,-0.707037,0.000011,-0.000026
arm_1_left_finger,194.963000,0.520674,0.112733,0.191863,0.707176,-0.707038,-0.000001,-0.000014
arm_1_left_finger,194.974000,0.521009,0.110753,0.191894,0.707176,-0.707038,-0.000011,-0.000003
arm_1_left_finger,194.984000,0.521308,0.108951,0.191922,0.707176,-0.707038,-0.000013,-0.000001
arm_1_left_finger,194.994000,0.521606,0.107149,0.191949,0.707176,-0.707038,0.000022,-0.000035
arm_1_left_finger,195.002000,0.521840,0.105706,0.191971,0.707176,-0.707038,0.000009,-0.000022
arm_1_left_finger,195.011000,0.522097,0.104083,0.191995,0.707176,-0.707038,0.000002,-0.000015
arm_1_left_finger,195.020000,0.522351,0.102459,0.192020,0.707176,-0.707038,0.000002,-0.000015
arm_1_left_finger,195.029000,0.522601,0.100834,0.192044,0.707176,-0.707038,0.000007,-0.000019
arm_1_left_finger,195.039000,0.522875,0.099028,0.192071,0.707176,-0.707038,0.000016,-0.000028
arm_1_left_finger,195.049000,0.523147,0.097221,0.192096,0.707175,-0.707038,0.000028,-0.000039
arm_1_left_finger,195.059000,0.523418,0.095413,0.192120,0.707175,-0.707038,0.000057,-0.000069
arm_1_left_finger,195.069000,0.523682,0.093605,0.192144,0.707175,-0.707038,0.000052,-0.000063
arm_1_left_finger,195.079000,0.523942,0.091796,0.192168,0.707175,-0.707038,0.000052,-0.000063
arm_1_left_finger,195.089000,0.524198,0.089986,0.192191,0.707175,-0.707038,0.000059,-0.000070
arm_1_left_finger,195.099000,0.524445,0.088176,0.192215,0.707175,-0.707038,0.000052,-0.000062
arm_1_left_finger,195.109000,0.524688,0.086365,0.192239,0.707175,-0.707038,0.000060,-0.000069
arm_1_left_finger,195.119000,0.524923,0.084553,0.192264,0.707175,-0.707039,0.000047,-0.000056
arm_1_left_finger,195.129000,0.525151,0.082741,0.192289,0.707175,-0.707039,0.000042,-0.000051
arm_1_left_finger,195.138000,0.525352,0.081109,0.192311,0.707175,-0.707039,0.000043,-0.000052
arm_1_left_finger,195.148000,0.525571,0.079296,0.192335,0.707175,-0.707039,0.000049,-0.000057
arm_1_left_finger,195.155000,0.525722,0.078026,0.192352,0.707175,-0.707039,0.000054,-0.000062
arm_1_left_finger,195.162000,0.525872,0.076756,0.192368,0.707175,-0.707039,0.000061,-0.000068
arm_1_left_finger,195.171000,0.526061,0.075123,0.192388,0.707175,-0.707039,0.000070,-0.000077
arm_1_left_finger,195.181000,0.526269,0.073307,0.192410,0.707175,-0.707039,0.000080,-0.000088
arm_1_left_finger,195.191000,0.526473,0.071491,0.192432,0.707175,-0.707039,0.000091,-0.000098
arm_1_left_finger,195.201000,0.526674,0.069675,0.192452,0.707174,-0.707039,0.000102,-0.000109
arm_1_left_finger,195.211000,0.526872,0.067858,0.192472,0.707174,-0.707039,0.000113,-0.000119
arm_1_left_finger,195.221000,0.527042,0.066041,0.192499,0.707174,-0.707039,0.000033,-0.000039
arm_1_left_finger,195.231000,0.527210,0.064224,0.192524,0.707174,-0.707039,0.000035,-0.000041
arm_1_left_finger,195.242000,0.527392,0.062224,0.192551,0.707174,-0.707039,0.000048,-0.000054
arm_1_left_finger,195.252000,0.527545,0.060405,0.192577,0.707174,-0.707039,0.000034,-0.000039
arm_1_left_finger,195.263000,0.527711,0.058404,0.192604,0.707174,-0.707039,0.000041,-0.000046
arm_1_left_finger,195.273000,0.527859,0.056585,0.192629,0.707174,-0.707040,0.000050,-0.000054
arm_1_left_finger,195.283000,0.528003,0.054765,0.192652,0.707174,-0.707040,0.000060,-0.000064
arm_1_left_finger,195.294000,0.528158,0.052763,0.192677,0.707174,-0.707040,0.000073,-0.000076
arm_1_left_finger,195.304000,0.528290,0.050943,0.192701,0.707174,-0.707040,0.000051,-0.000054
arm_1_left_finger,195.314000,0.528407,0.049122,0.192727,0.707174,-0.707040,0.000032,-0.000035
arm_1_left_finger,195.325000,0.528532,0.047119,0.192755,0.707174,-0.707040,0.000035,-0.000038
arm_1_left_finger,195.335000,0.528639,0.045298,0.192781,0.707174,-0.707040,0.000035,-0.000038
arm_1_left_finger,195.345000,0.528742,0.043477,0.192806,0.707174,-0.707040,0.000033,-0.000035
arm_1_left_finger,195.356000,0.528843,0.041473,0.192835,0.707173,-0.707040,0.000014,-0.000015
arm_1_left_finger,195.366000,0.528925,0.039651,0.192862,0.707173,-0.707040,0.000002,-0.000003
arm_1_left_finger,195.376000,0.529002,0.037829,0.192890,0.707173,-0.707040,-0.000003,0.000002
arm_1_left_finger,195.386000,0.529073,0.036007,0.192918,0.707173,-0.707040,-0.000000,-0.000001
arm_1_left_finger,195.396000,0.529140,0.034185,0.192945,0.707173,-0.707040,0.000007,-0.000007
arm_1_left_finger,195.405000,0.529203,0.032544,0.192967,0.707173,-0.707040,0.000037,-0.000037
arm_1_left_finger,195.415000,0.529264,0.030722,0.192992,0.707173,-0.707040,0.000030,-0.000030
arm_1_left_finger,195.424000,0.529315,0.029081,0.193015,0.707173,-0.707041,0.000030,-0.000030
arm_1_left_finger,195.434000,0.529371,0.027259,0.193039,0.707173,-0.707041,0.000045,-0.000044
arm_1_left_finger,195.444000,0.529417,0.025436,0.193064,0.707173,-0.707041,0.000037,-0.000035
arm_1_left_finger,195.454000,0.529457,0.023613,0.193090,0.707173,-0.707041,0.000036,-0.000034
arm_1_left_finger,195.464000,0.529493,0.021790,0.193114,0.707173,-0.707041,0.000040,-0.000038
arm_1_left_finger,195.475000,0.529528,0.019785,0.193141,0.707173,-0.707041,0.000048,-0.000046
arm_1_left_finger,195.484000,0.529554,0.018145,0.193162,0.707173,-0.707041,0.000060,-0.000057
arm_1_left_finger,195.493000,0.529574,0.016504,0.193183,0.707173,-0.707041,0.000056,-0.000054
arm_1_left_finger,195.503000,0.529591,0.014682,0.193207,0.707173,-0.707041,0.000057,-0.000054
arm_1_left_finger,195.514000,0.529604,0.012677,0.193233,0.707172,-0.707041,0.000062,-0.000059
arm_1_left_finger,195.524000,0.529612,0.010854,0.193256,0.707172,-0.707041,0.000071,-0.000067
arm_1_left_finger,195.534000,0.529614,0.009032,0.193278,0.707172,-0.707041,0.000072,-0.000068
arm_1_left_finger,195.544000,0.529611,0.007209,0.193301,0.707172,-0.707041,0.000071,-0.000067
arm_1_left_finger,195.554000,0.529602,0.005387,0.193324,0.707172,-0.707041,0.000074,-0.000069
arm_1_left_finger,195.564000,0.529589,0.003565,0.193346,0.707172,-0.707041,0.000079,-0.000075
arm_1_left_finger,195.573000,0.529574,0.001926,0.193366,0.707172,-0.707041,0.000086,-0.000081
arm_1_left_finger,195.583000,0.529554,0.000104,0.193387,0.707172,-0.707042,0.000095,-0.000090
arm_1_left_finger,195.593000,0.529530,-0.001718,0.193407,0.707172,-0.707042,0.000105,-0.000100
arm_1_left_finger,195.603000,0.529503,-0.003539,0.193427,0.707172,-0.707042,0.000115,-0.000109
arm_1_left_finger,195.613000,0.529451,-0.005360,0.193453,0.707172,-0.707042,0.000026,-0.000019
arm_1_left_finger,195.623000,0.529395,-0.007180,0.193478,0.707172,-0.707042,0.000037,-0.000030
arm_1_left_finger,195.632000,0.529339,-0.008819,0.193501,0.707172,-0.707042,0.000035,-0.000029
arm_1_left_finger,195.638000,0.529297,-0.009911,0.193516,0.707172,-0.707042,0.000028,-0.000021
arm_1_left_finger,195.648000,0.529225,-0.011731,0.193541,0.707172,-0.707042,0.000033,-0.000026
arm_1_left_finger,195.658000,0.529149,-0.013550,0.193566,0.707172,-0.707042,0.000040,-0.000033
arm_1_left_finger,195.667000,0.529076,-0.015188,0.193589,0.707171,-0.707042,0.000049,-0.000042
arm_1_left_finger,195.677000,0.528985,-0.017007,0.193615,0.707171,-0.707042,0.000030,-0.000022
arm_1_left_finger,195.686000,0.528900,-0.018644,0.193638,0.707171,-0.707042,0.000037,-0.000029
arm_1_left_finger,195.696000,0.528798,-0.020462,0.193664,0.707171,-0.707042,0.000022,-0.000013
arm_1_left_finger,195.705000,0.528699,-0.022098,0.193688,0.707171,-0.707042,0.000013,-0.000004
arm_1_left_finger,195.715000,0.528584,-0.023915,0.193715,0.707171,-0.707042,0.000011,-0.000002
arm_1_left_finger,195.724000,0.528476,-0.025550,0.193739,0.707171,-0.707042,0.000015,-0.000005
arm_1_left_finger,195.734000,0.528353,-0.027367,0.193765,0.707171,-0.707043,0.000023,-0.000013
arm_1_left_finger,195.744000,0.528227,-0.029183,0.193790,0.707171,-0.707043,0.000033,-0.000024
arm_1_left_finger,195.754000,0.528098,-0.030999,0.193814,0.707171,-0.707043,0.000046,-0.000036
arm_1_left_finger,195.763000,0.527980,-0.032632,0.193835,0.707171,-0.707043,0.000059,-0.000048
arm_1_left_finger,195.773000,0.527843,-0.034447,0.193859,0.707171,-0.707043,0.000057,-0.000047
arm_1_left_finger,195.783000,0.527700,-0.036261,0.193882,0.707171,-0.707043,0.000061,-0.000050
arm_1_left_finger,195.793000,0.527553,-0.038074,0.193905,0.707171,-0.707043,0.000068,-0.000057
arm_1_left_finger,195.803000,0.527399,-0.039887,0.193929,0.707171,-0.707043,0.000064,-0.000052
arm_1_left_finger,195.814000,0.527224,-0.041880,0.193954,0.707171,-0.707043,0.000064,-0.000052
arm_1_left_finger,195.825000,0.527043,-0.043873,0.193979,0.707170,-0.707043,0.000070,-0.000058
arm_1_left_finger,195.836000,0.526857,-0.045865,0.194004,0.707170,-0.707043,0.000078,-0.000066
arm_1_left_finger,195.847000,0.526668,-0.047856,0.194028,0.707170,-0.707043,0.000088,-0.000076
arm_1_left_finger,195.857000,0.526491,-0.049665,0.194049,0.707170,-0.707043,0.000098,-0.000085
arm_1_left_finger,195.867000,0.526296,-0.051474,0.194074,0.707170,-0.707043,0.000062,-0.000049
arm_1_left_finger,195.877000,0.526103,-0.053282,0.194096,0.707170,-0.707043,0.000073,-0.000060
arm_1_left_finger,195.887000,0.525906,-0.055089,0.194118,0.707170,-0.707044,0.000084,-0.000071
arm_1_left_finger,195.898000,0.525687,-0.057076,0.194141,0.707170,-0.707044,0.000097,-0.000083
arm_1_left_finger,195.908000,0.525484,-0.058881,0.194162,0.707170,-0.707044,0.000108,-0.000094
arm_1_left_finger,195.918000,0.525278,-0.060686,0.194181,0.707170,-0.707044,0.000118,-0.000104
arm_1_left_finger,195.928000,0.525068,-0.062490,0.194200,0.707170,-0.707044,0.000129,-0.000114
arm_1_left_finger,195.937000,0.524841,-0.064113,0.194227,0.707170,-0.707044,0.000008,0.000007
arm_1_left_finger,195.946000,0.524616,-0.065735,0.194252,0.707170,-0.707044,0.000002,0.000013
arm_1_left_finger,195.956000,0.524364,-0.067537,0.194279,0.707170,-0.707044,0.000010,0.000005
arm_1_left_finger,195.966000,0.524108,-0.069338,0.194305,0.707170,-0.707044,0.000021,-0.000005
arm_1_left_finger,195.976000,0.523850,-0.071137,0.194330,0.707169,-0.707044,0.000034,-0.000018
arm_1_left_finger,195.985000,0.523616,-0.072756,0.194352,0.707169,-0.707044,0.000046,-0.000030
arm_1_left_finger,195.995000,0.523353,-0.074554,0.194375,0.707169,-0.707044,0.000060,-0.000043
arm_1_left_finger,196.002000,0.523167,-0.075812,0.194391,0.707169,-0.707044,0.000069,-0.000053
arm_1_left_finger,196.010000,0.522953,-0.077250,0.194409,0.707169,-0.707044,0.000080,-0.000063
arm_1_left_finger,196.020000,0.522684,-0.079045,0.194430,0.707169,-0.707044,0.000093,-0.000076
arm_1_left_finger,196.030000,0.522411,-0.080840,0.194450,0.707169,-0.707044,0.000105,-0.000088
arm_1_left_finger,196.040000,0.522136,-0.082634,0.194470,0.707169,-0.707044,0.000117,-0.000099
arm_1_left_finger,196.050000,0.521840,-0.084426,0.194494,0.707169,-0.707045,0.000034,-0.000016
arm_1_left_finger,196.060000,0.521541,-0.086218,0.194517,0.707169,-0.707045,0.000059,-0.000041
arm_1_left_finger,196.070000,0.521240,-0.088008,0.194539,0.707169,-0.707045,0.000078,-0.000060
arm_1_left_finger,196.080000,0.520937,-0.089798,0.194560,0.707169,-0.707045,0.000095,-0.000077
arm_1_left_finger,196.090000,0.520632,-0.091586,0.194580,0.707169,-0.707045,0.000111,-0.000092
arm_1_left_finger,196.100000,0.520302,-0.093373,0.194606,0.707169,-0.707045,0.000025,-0.000006
arm_1_left_finger,196.110000,0.519974,-0.095159,0.194630,0.707169,-0.707045,0.000052,-0.000033
arm_1_left_finger,196.120000,0.519615,-0.096944,0.194661,0.707169,-0.707045,-0.000018,0.000037
arm_1_left_finger,196.130000,0.519262,-0.098728,0.194689,0.707169,-0.707045,-0.000002,0.000022
arm_1_left_finger,196.140000,0.518907,-0.100511,0.194715,0.707168,-0.707045,0.000012,0.000008
arm_1_left_finger,196.150000,0.518550,-0.102292,0.194740,0.707168,-0.707045,0.000028,-0.000007
arm_1_left_finger,196.160000,0.518185,-0.104072,0.194766,0.707168,-0.707045,0.000024,-0.000004
arm_1_left_finger,196.170000,0.517815,-0.105851,0.194792,0.707168,-0.707045,0.000023,-0.000002
arm_1_left_finger,196.180000,0.517438,-0.107629,0.194818,0.707168,-0.707045,0.000018,0.000003
arm_1_left_finger,196.191000,0.517018,-0.109583,0.194847,0.707168,-0.707045,0.000020,0.000001
arm_1_left_finger,196.199000,0.516710,-0.111003,0.194868,0.707168,-0.707046,0.000025,-0.000004
arm_1_left_finger,196.209000,0.516321,-0.112777,0.194893,0.707168,-0.707046,0.000034,-0.000013
arm_1_left_finger,196.220000,0.515890,-0.114727,0.194919,0.707168,-0.707046,0.000047,-0.000025
arm_1_left_finger,196.230000,0.515496,-0.116498,0.194943,0.707168,-0.707046,0.000059,-0.000037
arm_1_left_finger,196.240000,0.515092,-0.118267,0.194967,0.707168,-0.707046,0.000052,-0.000030
arm_1_left_finger,196.250000,0.514683,-0.120036,0.194991,0.707168,-0.707046,0.000047,-0.000024
arm_1_left_finger,196.261000,0.514225,-0.121979,0.195019,0.707168,-0.707046,0.000041,-0.000019
arm_1_left_finger,196.270000,0.513846,-0.123568,0.195041,0.707168,-0.707046,0.000042,-0.000019
arm_1_left_finger,196.280000,0.513421,-0.125332,0.195065,0.707167,-0.707046,0.000047,-0.000025
arm_1_left_finger,196.290000,0.512993,-0.127095,0.195088,0.707167,-0.707046,0.000056,-0.000033
arm_1_left_finger,196.301000,0.512518,-0.129032,0.195113,0.707167,-0.707046,0.000067,-0.000044
arm_1_left_finger,196.311000,0.512076,-0.130792,0.195137,0.707167,-0.707046,0.000054,-0.000031
arm_1_left_finger,196.321000,0.511631,-0.132550,0.195161,0.707167,-0.707046,0.000059,-0.000035
arm_1_left_finger,196.330000,0.511225,-0.134131,0.195182,0.707167,-0.707046,0.000054,-0.000030
arm_1_left_finger,196.340000,0.510767,-0.135886,0.195206,0.707167,-0.707046,0.000052,-0.000028
arm_1_left_finger,196.350000,0.510305,-0.137640,0.195230,0.707167,-0.707047,0.000054,-0.000030
arm_1_left_finger,196.359000,0.509886,-0.139217,0.195251,0.707167,-0.707047,0.000059,-0.000035
arm_1_left_finger,196.369000,0.509416,-0.140968,0.195274,0.707167,-0.707047,0.000067,-0.000042
arm_1_left_finger,196.378000,0.508983,-0.142542,0.195296,0.707167,-0.707047,0.000050,-0.000025
arm_1_left_finger,196.388000,0.508500,-0.144289,0.195320,0.707167,-0.707047,0.000054,-0.000029
arm_1_left_finger,196.398000,0.508013,-0.146035,0.195343,0.707167,-0.707047,0.000061,-0.000035
arm_1_left_finger,196.409000,0.507474,-0.147954,0.195368,0.707167,-0.707047,0.000070,-0.000045
arm_1_left_finger,196.419000,0.506980,-0.149697,0.195390,0.707167,-0.707047,0.000081,-0.000055
arm_1_left_finger,196.430000,0.506434,-0.151611,0.195413,0.707167,-0.707047,0.000093,-0.000067
arm_1_left_finger,196.440000,0.505934,-0.153350,0.195433,0.707166,-0.707047,0.000104,-0.000077
arm_1_left_finger,196.450000,0.505421,-0.155088,0.195456,0.707166,-0.707047,0.000053,-0.000026
arm_1_left_finger,196.460000,0.504888,-0.156823,0.195483,0.707166,-0.707047,0.000024,0.000003
arm_1_left_finger,196.470000,0.504356,-0.158557,0.195508,0.707166,-0.707047,0.000036,-0.000008
arm_1_left_finger,196.480000,0.503822,-0.160289,0.195532,0.707166,-0.707047,0.000048,-0.000021
arm_1_left_finger,196.491000,0.503232,-0.162192,0.195557,0.707166,-0.707047,0.000062,-0.000034
arm_1_left_finger,196.502000,0.502638,-0.164093,0.195581,0.707166,-0.707047,0.000076,-0.000048
arm_1_left_finger,196.513000,0.502042,-0.165991,0.195605,0.707166,-0.707048,0.000090,-0.000062
arm_1_left_finger,196.524000,0.501442,-0.167888,0.195627,0.707166,-0.707048,0.000103,-0.000075
arm_1_left_finger,196.535000,0.500815,-0.169782,0.195656,0.707166,-0.707048,0.000048,-0.000020
arm_1_left_finger,196.546000,0.500193,-0.171674,0.195680,0.707166,-0.707048,0.000067,-0.000038
arm_1_left_finger,196.557000,0.499569,-0.173564,0.195704,0.707166,-0.707048,0.000083,-0.000055
arm_1_left_finger,196.568000,0.498943,-0.175451,0.195727,0.707166,-0.707048,0.000099,-0.000070
arm_1_left_finger,196.579000,0.498313,-0.177336,0.195748,0.707166,-0.707048,0.000113,-0.000084
arm_1_left_finger,196.590000,0.497679,-0.179218,0.195769,0.707166,-0.707048,0.000125,-0.000096
arm_1_left_finger,196.601000,0.497010,-0.181099,0.195799,0.707166,-0.707048,0.000044,-0.000014
arm_1_left_finger,196.611000,0.496410,-0.182806,0.195821,0.707165,-0.707048,0.000067,-0.000037
arm_1_left_finger,196.622000,0.495749,-0.184681,0.195845,0.707165,-0.707048,0.000089,-0.000059
arm_1_left_finger,196.633000,0.495086,-0.186555,0.195867,0.707165,-0.707048,0.000107,-0.000077
arm_1_left_finger,196.644000,0.494421,-0.188425,0.195888,0.707165,-0.707048,0.000122,-0.000092
arm_1_left_finger,196.654000,0.493813,-0.190124,0.195906,0.707165,-0.707048,0.000135,-0.000105
arm_1_left_finger,196.663000,0.493229,-0.191650,0.195931,0.707165,-0.707049,0.000005,0.000026
arm_1_left_finger,196.672000,0.492641,-0.193176,0.195957,0.707165,-0.707049,-0.000019,0.000050
arm_1_left_finger,196.680000,0.492113,-0.194530,0.195981,0.707165,-0.707049,-0.000032,0.000062
arm_1_left_finger,196.689000,0.491503,-0.196052,0.196011,0.707165,-0.707049,-0.000101,0.000132
arm_1_left_finger,196.696000,0.491034,-0.197234,0.196031,0.707165,-0.707049,-0.000059,0.000091
arm_1_left_finger,196.704000,0.490496,-0.198584,0.196055,0.707165,-0.707049,-0.000041,0.000072
arm_1_left_finger,196.712000,0.489954,-0.199933,0.196078,0.707165,-0.707049,-0.000031,0.000063
arm_1_left_finger,196.722000,0.489276,-0.201617,0.196106,0.707165,-0.707049,-0.000017,0.000049
arm_1_left_finger,196.732000,0.488595,-0.203299,0.196134,0.707165,-0.707049,-0.000011,0.000043
arm_1_left_finger,196.742000,0.487909,-0.204978,0.196162,0.707165,-0.707049,-0.000008,0.000040
arm_1_left_finger,196.753000,0.487149,-0.206823,0.196192,0.707164,-0.707049,-0.000004,0.000036
arm_1_left_finger,196.761000,0.486592,-0.208163,0.196213,0.707164,-0.707049,-0.000002,0.000034
arm_1_left_finger,196.768000,0.486103,-0.209335,0.196232,0.707164,-0.707049,-0.000000,0.000032
arm_1_left_finger,196.777000,0.485476,-0.210839,0.196255,0.707164,-0.707049,0.000016,0.000016
arm_1_left_finger,196.786000,0.484841,-0.212342,0.196279,0.707164,-0.707049,0.000011,0.000021
arm_1_left_finger,196.796000,0.484130,-0.214009,0.196305,0.707164,-0.707049,0.000009,0.000023
arm_1_left_finger,196.806000,0.483420,-0.215674,0.196330,0.707164,-0.707049,0.000052,-0.000019
arm_1_left_finger,196.816000,0.482698,-0.217337,0.196356,0.707164,-0.707050,0.000016,0.000017
arm_1_left_finger,196.827000,0.481900,-0.219163,0.196385,0.707164,-0.707050,0.000011,0.000022
arm_1_left_finger,196.837000,0.481176,-0.220821,0.196409,0.707164,-0.707050,0.000060,-0.000027
arm_1_left_finger,196.847000,0.480439,-0.222476,0.196435,0.707164,-0.707050,0.000020,0.000014
arm_1_left_finger,196.851000,0.480148,-0.223128,0.196446,0.707164,-0.707050,0.000016,0.000017
arm_1_left_finger,196.861000,0.479407,-0.224774,0.196472,0.707164,-0.707050,0.000014,0.000020
arm_1_left_finger,196.870000,0.478733,-0.226261,0.196495,0.707164,-0.707050,0.000014,0.000019
arm_1_left_finger,196.880000,0.477989,-0.227911,0.196518,0.707164,-0.707050,0.000072,-0.000038
arm_1_left_finger,196.889000,0.477306,-0.229393,0.196542,0.707164,-0.707050,0.000026,0.000008
arm_1_left_finger,196.899000,0.476543,-0.231037,0.196568,0.707163,-0.707050,0.000017,0.000017
arm_1_left_finger,196.909000,0.475784,-0.232678,0.196591,0.707163,-0.707050,0.000058,-0.000023
arm_1_left_finger,196.920000,0.474934,-0.234481,0.196620,0.707163,-0.707050,0.000022,0.000012
arm_1_left_finger,196.929000,0.474254,-0.235953,0.196637,0.707163,-0.707050,0.000097,-0.000062
arm_1_left_finger,196.939000,0.473472,-0.237587,0.196662,0.707163,-0.707050,0.000029,0.000005
arm_1_left_finger,196.949000,0.472684,-0.239218,0.196688,0.707163,-0.707050,0.000017,0.000018
arm_1_left_finger,196.959000,0.471900,-0.240846,0.196711,0.707163,-0.707050,0.000030,0.000005
arm_1_left_finger,196.970000,0.471022,-0.242634,0.196740,0.707163,-0.707051,0.000017,0.000018
arm_1_left_finger,196.980000,0.470228,-0.244257,0.196763,0.707163,-0.707051,0.000051,-0.000016
arm_1_left_finger,196.990000,0.469419,-0.245877,0.196789,0.707163,-0.707051,0.000021,0.000014
arm_1_left_finger,197.001000,0.468524,-0.247656,0.196817,0.707163,-0.707051,0.000016,0.000019
arm_1_left_finger,197.012000,0.467623,-0.249431,0.196846,0.707163,-0.707051,0.000016,0.000020
arm_1_left_finger,197.022000,0.466813,-0.251043,0.196867,0.707163,-0.707051,0.000064,-0.000029
arm_1_left_finger,197.033000,0.465911,-0.252812,0.196892,0.707163,-0.707051,0.000103,-0.000067
arm_1_left_finger,197.043000,0.465080,-0.254418,0.196917,0.707163,-0.707051,0.000039,-0.000004
arm_1_left_finger,197.054000,0.464154,-0.256181,0.196946,0.707162,-0.707051,0.000016,0.000020
arm_1_left_finger,197.065000,0.463237,-0.257941,0.196970,0.707162,-0.707051,0.000083,-0.000047
arm_1_left_finger,197.076000,0.462316,-0.259697,0.196994,0.707162,-0.707051,0.000094,-0.000057
arm_1_left_finger,197.087000,0.461374,-0.261450,0.197022,0.707162,-0.707051,0.000023,0.000014
arm_1_left_finger,197.098000,0.460424,-0.263200,0.197051,0.707162,-0.707051,0.000012,0.000025
arm_1_left_finger,197.109000,0.459470,-0.264946,0.197080,0.707162,-0.707051,0.000013,0.000023
arm_1_left_finger,197.120000,0.458510,-0.266689,0.197108,0.707162,-0.707051,0.000017,0.000020
arm_1_left_finger,197.131000,0.457546,-0.268429,0.197136,0.707162,-0.707052,0.000020,0.000017
arm_1_left_finger,197.142000,0.456576,-0.270165,0.197163,0.707162,-0.707052,0.000023,0.000014
arm_1_left_finger,197.152000,0.455690,-0.271740,0.197188,0.707162,-0.707052,0.000026,0.000011
arm_1_left_finger,197.163000,0.454710,-0.273470,0.197216,0.707162,-0.707052,0.000026,0.000011
arm_1_left_finger,197.174000,0.453724,-0.275196,0.197243,0.707162,-0.707052,0.000028,0.000009
arm_1_left_finger,197.184000,0.452823,-0.276762,0.197268,0.707162,-0.707052,0.000030,0.000008
arm_1_left_finger,197.193000,0.452009,-0.278169,0.197290,0.707162,-0.707052,0.000031,0.000006
arm_1_left_finger,197.202000,0.451208,-0.279573,0.197306,0.707162,-0.707052,0.000142,-0.000104
arm_1_left_finger,197.212000,0.450298,-0.281131,0.197330,0.707161,-0.707052,0.000054,-0.000016
arm_1_left_finger,197.222000,0.449392,-0.282686,0.197350,0.707161,-0.707052,0.000082,-0.000044
arm_1_left_finger,197.233000,0.448371,-0.284393,0.197379,0.707161,-0.707052,0.000027,0.000011
arm_1_left_finger,197.243000,0.447455,-0.285941,0.197399,0.707161,-0.707052,0.000129,-0.000091
arm_1_left_finger,197.254000,0.446425,-0.287641,0.197427,0.707161,-0.707052,0.000035,0.000003
arm_1_left_finger,197.265000,0.445389,-0.289338,0.197455,0.707161,-0.707052,0.000021,0.000017
arm_1_left_finger,197.275000,0.444442,-0.290876,0.197480,0.707161,-0.707052,0.000021,0.000018
arm_1_left_finger,197.285000,0.443504,-0.292412,0.197501,0.707161,-0.707053,0.000048,-0.000009
arm_1_left_finger,197.295000,0.442560,-0.293945,0.197523,0.707161,-0.707053,0.000047,-0.000008
arm_1_left_finger,197.305000,0.441596,-0.295475,0.197549,0.707161,-0.707053,0.000019,0.000020
arm_1_left_finger,197.315000,0.440630,-0.297001,0.197574,0.707161,-0.707053,0.000017,0.000022
arm_1_left_finger,197.326000,0.439562,-0.298677,0.197602,0.707161,-0.707053,0.000020,0.000019
arm_1_left_finger,197.337000,0.438489,-0.300349,0.197629,0.707161,-0.707053,0.000023,0.000017
arm_1_left_finger,197.348000,0.437411,-0.302017,0.197657,0.707161,-0.707053,0.000025,0.000014
arm_1_left_finger,197.358000,0.436478,-0.303530,0.197666,0.707161,-0.707053,0.000235,-0.000196
arm_1_left_finger,197.368000,0.435535,-0.305040,0.197677,0.707160,-0.707053,0.000232,-0.000192
arm_1_left_finger,197.379000,0.434490,-0.306697,0.197690,0.707160,-0.707053,0.000223,-0.000184
arm_1_left_finger,197.389000,0.433533,-0.308200,0.197702,0.707160,-0.707053,0.000215,-0.000175
arm_1_left_finger,197.400000,0.432469,-0.309850,0.197717,0.707160,-0.707053,0.000191,-0.000151
arm_1_left_finger,197.409000,0.431589,-0.311196,0.197731,0.707160,-0.707053,0.000167,-0.000128
arm_1_left_finger,197.417000,0.430801,-0.312391,0.197745,0.707160,-0.707053,0.000153,-0.000113
arm_1_left_finger,197.426000,0.429904,-0.313733,0.197761,0.707160,-0.707053,0.000119,-0.000079
arm_1_left_finger,197.436000,0.428904,-0.315221,0.197780,0.707160,-0.707054,0.000120,-0.000080
arm_1_left_finger,197.446000,0.427899,-0.316706,0.197799,0.707160,-0.707054,0.000118,-0.000078
arm_1_left_finger,197.456000,0.426889,-0.318187,0.197817,0.707160,-0.707054,0.000114,-0.000074
arm_1_left_finger,197.466000,0.425873,-0.319665,0.197837,0.707160,-0.707054,0.000110,-0.000070
arm_1_left_finger,197.476000,0.424833,-0.321140,0.197862,0.707160,-0.707054,-0.000001,0.000042
arm_1_left_finger,197.485000,0.423867,-0.322464,0.197892,0.707160,-0.707054,-0.000079,0.000121
arm_1_left_finger,197.495000,0.422807,-0.323932,0.197920,0.707160,-0.707054,-0.000030,0.000072
arm_1_left_finger,197.505000,0.421758,-0.325397,0.197944,0.707160,-0.707054,0.000033,0.000008
arm_1_left_finger,197.514000,0.420807,-0.326713,0.197966,0.707160,-0.707054,0.000013,0.000029
arm_1_left_finger,197.524000,0.419753,-0.328171,0.197988,0.707160,-0.707054,0.000053,-0.000012
arm_1_left_finger,197.534000,0.418685,-0.329626,0.198014,0.707160,-0.707054,0.000003,0.000038
arm_1_left_finger,197.545000,0.417503,-0.331223,0.198042,0.707159,-0.707054,0.000022,0.000020
arm_1_left_finger,197.555000,0.416441,-0.332670,0.198063,0.707159,-0.707054,0.000076,-0.000035
arm_1_left_finger,197.564000,0.415487,-0.333970,0.198080,0.707159,-0.707054,0.000108,-0.000067
arm_1_left_finger,197.571000,0.414744,-0.334980,0.198092,0.707159,-0.707054,0.000116,-0.000075
arm_1_left_finger,197.579000,0.413895,-0.336131,0.198106,0.707159,-0.707054,0.000131,-0.000089
arm_1_left_finger,197.589000,0.412828,-0.337567,0.198124,0.707159,-0.707054,0.000128,-0.000086
arm_1_left_finger,197.598000,0.411862,-0.338857,0.198140,0.707159,-0.707055,0.000124,-0.000083
arm_1_left_finger,197.607000,0.410889,-0.340144,0.198158,0.707159,-0.707055,0.000103,-0.000061
arm_1_left_finger,197.616000,0.409894,-0.341429,0.198181,0.707159,-0.707055,-0.000005,0.000047
arm_1_left_finger,197.624000,0.409005,-0.342568,0.198201,0.707159,-0.707055,0.000011,0.000031
arm_1_left_finger,197.633000,0.408009,-0.343847,0.198223,0.707159,-0.707055,0.000035,0.000007
arm_1_left_finger,197.642000,0.407012,-0.345122,0.198243,0.707159,-0.707055,0.000049,-0.000007
arm_1_left_finger,197.650000,0.406125,-0.346252,0.198261,0.707159,-0.707055,0.000056,-0.000014
arm_1_left_finger,197.660000,0.404978,-0.347659,0.198294,0.707159,-0.707055,-0.000068,0.000110
arm_1_left_finger,197.670000,0.403841,-0.349059,0.198323,0.707159,-0.707055,-0.000036,0.000079
arm_1_left_finger,197.680000,0.402718,-0.350452,0.198348,0.707159,-0.707055,0.000013,0.000030
arm_1_left_finger,197.690000,0.401603,-0.351837,0.198370,0.707159,-0.707055,0.000051,-0.000008
arm_1_left_finger,197.700000,0.400494,-0.353213,0.198390,0.707158,-0.707055,0.000080,-0.000038
arm_1_left_finger,197.710000,0.399363,-0.354579,0.198417,0.707158,-0.707055,0.000021,0.000021
arm_1_left_finger,197.720000,0.398249,-0.355936,0.198439,0.707158,-0.707055,0.000049,-0.000007
arm_1_left_finger,197.730000,0.397141,-0.357283,0.198460,0.707158,-0.707055,0.000072,-0.000030
arm_1_left_finger,197.741000,0.395929,-0.358753,0.198481,0.707158,-0.707055,0.000093,-0.000051
arm_1_left_finger,197.751000,0.394833,-0.360078,0.198499,0.707158,-0.707055,0.000109,-0.000067
arm_1_left_finger,197.762000,0.393619,-0.361522,0.198522,0.707158,-0.707055,0.000025,0.000018
arm_1_left_finger,197.772000,0.392508,-0.362824,0.198545,0.707158,-0.707056,0.000033,0.000010
arm_1_left_finger,197.782000,0.391410,-0.364114,0.198566,0.707158,-0.707056,0.000059,-0.000016
arm_1_left_finger,197.792000,0.390319,-0.365394,0.198585,0.707158,-0.707056,0.000081,-0.000038
arm_1_left_finger,197.802000,0.389235,-0.366662,0.198603,0.707158,-0.707056,0.000099,-0.000056
arm_1_left_finger,197.813000,0.388051,-0.368044,0.198621,0.707158,-0.707056,0.000116,-0.000073
arm_1_left_finger,197.824000,0.386874,-0.369412,0.198638,0.707158,-0.707056,0.000129,-0.000087
arm_1_left_finger,197.834000,0.385810,-0.370645,0.198653,0.707158,-0.707056,0.000140,-0.000098
arm_1_left_finger,197.843000,0.384859,-0.371743,0.198665,0.707157,-0.707056,0.000149,-0.000106
arm_1_left_finger,197.852000,0.383965,-0.372833,0.198662,0.707157,-0.707056,0.000304,-0.000262
arm_1_left_finger,197.862000,0.382917,-0.374034,0.198675,0.707157,-0.707056,0.000181,-0.000138
arm_1_left_finger,197.872000,0.381830,-0.375222,0.198700,0.707157,-0.707056,-0.000006,0.000048
arm_1_left_finger,197.883000,0.380693,-0.376516,0.198712,0.707157,-0.707056,0.000123,-0.000080
arm_1_left_finger,197.894000,0.379526,-0.377796,0.198735,0.707157,-0.707056,0.000056,-0.000013
arm_1_left_finger,197.905000,0.378355,-0.379064,0.198760,0.707157,-0.707057,0.000002,0.000040
arm_1_left_finger,197.915000,0.377298,-0.380204,0.198781,0.707157,-0.707057,0.000097,-0.000055
arm_1_left_finger,197.925000,0.376268,-0.381333,0.198796,0.707157,-0.707057,0.000052,-0.000009
arm_1_left_finger,197.935000,0.375257,-0.382451,0.198807,0.707157,-0.707057,0.000134,-0.000091
arm_1_left_finger,197.945000,0.374215,-0.383558,0.198828,0.707157,-0.707057,0.000042,0.000000
arm_1_left_finger,197.955000,0.373175,-0.384653,0.198849,0.707157,-0.707057,0.000020,0.000022
arm_1_left_finger,197.966000,0.372037,-0.385845,0.198873,0.707157,-0.707057,0.000009,0.000034
arm_1_left_finger,197.977000,0.370905,-0.387024,0.198896,0.707157,-0.707057,0.000003,0.000040
arm_1_left_finger,197.987000,0.369879,-0.388085,0.198918,0.707157,-0.707057,-0.000001,0.000043
arm_1_left_finger,197.998000,0.368757,-0.389238,0.198942,0.707157,-0.707057,-0.000004,0.000046
arm_1_left_finger,198.009000,0.367641,-0.390380,0.198965,0.707157,-0.707057,-0.000005,0.000047
arm_1_left_finger,198.020000,0.366532,-0.391507,0.198989,0.707156,-0.707057,-0.000001,0.000044
arm_1_left_finger,198.030000,0.365526,-0.392522,0.199011,0.707156,-0.707057,-0.000021,0.000064
arm_1_left_finger,198.040000,0.364532,-0.393525,0.199031,0.707156,-0.707057,-0.000001,0.000043
arm_1_left_finger,198.048000,0.363744,-0.394314,0.199047,0.707156,-0.707057,-0.000001,0.000044
arm_1_left_finger,198.058000,0.362757,-0.395296,0.199069,0.707156,-0.707057,-0.000008,0.000051
arm_1_left_finger,198.067000,0.361868,-0.396174,0.199089,0.707156,-0.707057,-0.000013,0.000056
arm_1_left_finger,198.076000,0.360992,-0.397043,0.199106,0.707156,-0.707057,0.000007,0.000036
arm_1_left_finger,198.085000,0.360120,-0.397904,0.199124,0.707156,-0.707057,0.000008,0.000034
arm_1_left_finger,198.094000,0.359252,-0.398757,0.199141,0.707156,-0.707058,0.000008,0.000035
arm_1_left_finger,198.104000,0.358295,-0.399694,0.199160,0.707156,-0.707058,0.000008,0.000035
arm_1_left_finger,198.114000,0.357346,-0.400621,0.199178,0.707156,-0.707058,0.000025,0.000018
arm_1_left_finger,198.124000,0.356410,-0.401537,0.199194,0.707156,-0.707058,0.000046,-0.000004
arm_1_left_finger,198.134000,0.355470,-0.402444,0.199213,0.707156,-0.707058,0.000016,0.000027
arm_1_left_finger,198.144000,0.354537,-0.403340,0.199232,0.707156,-0.707058,0.000010,0.000033
arm_1_left_finger,198.154000,0.353610,-0.404226,0.199250,0.707156,-0.707058,0.000008,0.000035
arm_1_left_finger,198.164000,0.352695,-0.405103,0.199267,0.707156,-0.707058,0.000027,0.000016
arm_1_left_finger,198.174000,0.351782,-0.405968,0.199285,0.707156,-0.707058,0.000014,0.000028
arm_1_left_finger,198.184000,0.350874,-0.406825,0.199303,0.707156,-0.707058,0.000006,0.000036
arm_1_left_finger,198.194000,0.349971,-0.407671,0.199321,0.707156,-0.707058,0.000005,0.000038
arm_1_left_finger,198.204000,0.349079,-0.408507,0.199338,0.707156,-0.707058,0.000025,0.000017
arm_1_left_finger,198.213000,0.348290,-0.409252,0.199351,0.707156,-0.707058,0.000051,-0.000008
arm_1_left_finger,198.223000,0.347416,-0.410070,0.199366,0.707155,-0.707058,0.000033,0.000010
arm_1_left_finger,198.232000,0.346622,-0.410798,0.199383,0.707155,-0.707058,-0.000003,0.000046
arm_1_left_finger,198.240000,0.345930,-0.411439,0.199396,0.707155,-0.707058,0.000021,0.000022
arm_1_left_finger,198.249000,0.345161,-0.412151,0.199409,0.707155,-0.707058,0.000043,-0.000000
arm_1_left_finger,198.259000,0.344304,-0.412935,0.199426,0.707155,-0.707058,-0.000000,0.000043
arm_1_left_finger,198.269000,0.343444,-0.413709,0.199445,0.707155,-0.707058,-0.000029,0.000072
arm_1_left_finger,198.280000,0.342503,-0.414549,0.199467,0.707155,-0.707058,-0.000044,0.000087
arm_1_left_finger,198.291000,0.341571,-0.415378,0.199489,0.707155,-0.707058,-0.000040,0.000083
arm_1_left_finger,198.302000,0.340664,-0.416196,0.199506,0.707155,-0.707058,0.000017,0.000026
arm_1_left_finger,198.313000,0.339872,-0.417002,0.199491,0.707155,-0.707058,0.000336,-0.000293
arm_1_left_finger,198.323000,0.339089,-0.417726,0.199499,0.707155,-0.707058,0.000172,-0.000129
arm_1_left_finger,198.334000,0.338216,-0.418511,0.199512,0.707155,-0.707058,0.000068,-0.000025
arm_1_left_finger,198.345000,0.337345,-0.419286,0.199528,0.707155,-0.707059,0.000041,0.000002
arm_1_left_finger,198.355000,0.336563,-0.419980,0.199541,0.707155,-0.707059,0.000038,0.000005
arm_1_left_finger,198.365000,0.335780,-0.420666,0.199557,0.707155,-0.707059,0.000004,0.000039
arm_1_left_finger,198.374000,0.335085,-0.421275,0.199570,0.707155,-0.707059,0.000015,0.000028
arm_1_left_finger,198.383000,0.334376,-0.421876,0.199588,0.707155,-0.707059,-0.000038,0.000081
arm_1_left_finger,198.393000,0.333616,-0.422537,0.199603,0.707155,-0.707059,0.000007,0.000036
arm_1_left_finger,198.403000,0.332854,-0.423188,0.199620,0.707155,-0.707059,-0.000007,0.000050
arm_1_left_finger,198.413000,0.332110,-0.423831,0.199633,0.707155,-0.707059,0.000016,0.000027
arm_1_left_finger,198.423000,0.331378,-0.424465,0.199646,0.707155,-0.707059,0.000034,0.000008
arm_1_left_finger,198.433000,0.330638,-0.425090,0.199663,0.707155,-0.707059,-0.000015,0.000058
arm_1_left_finger,198.443000,0.329908,-0.425707,0.199678,0.707154,-0.707059,-0.000019,0.000062
arm_1_left_finger,198.453000,0.329188,-0.426315,0.199694,0.707154,-0.707059,-0.000015,0.000058
arm_1_left_finger,198.463000,0.328475,-0.426914,0.199709,0.707154,-0.707059,-0.000014,0.000056
arm_1_left_finger,198.473000,0.327771,-0.427505,0.199724,0.707154,-0.707059,-0.000011,0.000054
arm_1_left_finger,198.483000,0.327076,-0.428087,0.199738,0.707154,-0.707059,-0.000008,0.000051
arm_1_left_finger,198.493000,0.326389,-0.428661,0.199752,0.707154,-0.707059,-0.000003,0.000045
arm_1_left_finger,198.503000,0.325713,-0.429226,0.199765,0.707154,-0.707059,0.000006,0.000036
arm_1_left_finger,198.513000,0.325046,-0.429783,0.199777,0.707154,-0.707059,0.000017,0.000025
arm_1_left_finger,198.523000,0.324377,-0.430332,0.199793,0.707154,-0.707059,-0.000040,0.000083
arm_1_left_finger,198.533000,0.323711,-0.430872,0.199810,0.707154,-0.707059,-0.000036,0.000079
arm_1_left_finger,198.543000,0.323050,-0.431404,0.199827,0.707154,-0.707059,-0.000042,0.000085
arm_1_left_finger,198.554000,0.322380,-0.431980,0.199832,0.707154,-0.707059,0.000206,-0.000163
arm_1_left_finger,198.564000,0.321772,-0.432495,0.199838,0.707154,-0.707059,0.000120,-0.000078
arm_1_left_finger,198.574000,0.321167,-0.433001,0.199846,0.707154,-0.707059,0.000077,-0.000034
arm_1_left_finger,198.584000,0.320557,-0.433500,0.199857,0.707154,-0.707059,0.000021,0.000021
arm_1_left_finger,198.594000,0.319955,-0.433990,0.199869,0.707154,-0.707059,0.000013,0.000029
arm_1_left_finger,198.604000,0.319359,-0.434473,0.199881,0.707154,-0.707059,0.000005,0.000038
arm_1_left_finger,198.613000,0.318829,-0.434900,0.199891,0.707154,-0.707059,0.000001,0.000041
arm_1_left_finger,198.623000,0.318247,-0.435367,0.199903,0.707154,-0.707059,-0.000001,0.000044
arm_1_left_finger,198.633000,0.317673,-0.435826,0.199915,0.707154,-0.707059,-0.000003,0.000046
arm_1_left_finger,198.644000,0.317052,-0.436322,0.199928,0.707154,-0.707059,-0.000005,0.000048
arm_1_left_finger,198.655000,0.316439,-0.436809,0.199941,0.707154,-0.707060,-0.000007,0.000050
arm_1_left_finger,198.666000,0.315836,-0.437286,0.199954,0.707154,-0.707060,-0.000010,0.000052
arm_1_left_finger,198.677000,0.315244,-0.437753,0.199967,0.707154,-0.707060,-0.000012,0.000054
arm_1_left_finger,198.688000,0.314660,-0.438211,0.199980,0.707154,-0.707060,-0.000014,0.000057
arm_1_left_finger,198.699000,0.314086,-0.438660,0.199993,0.707154,-0.707060,-0.000018,0.000060
arm_1_left_finger,198.710000,0.313521,-0.439099,0.200007,0.707154,-0.707060,-0.000021,0.000063
arm_1_left_finger,198.721000,0.312966,-0.439530,0.200020,0.707154,-0.707060,-0.000023,0.000066
arm_1_left_finger,198.732000,0.312421,-0.439951,0.200033,0.707154,-0.707060,-0.000024,0.000067
arm_1_left_finger,198.743000,0.311887,-0.440363,0.200045,0.707154,-0.707060,-0.000023,0.000065
arm_1_left_finger,198.754000,0.311364,-0.440765,0.200058,0.707154,-0.707060,-0.000021,0.000063
arm_1_left_finger,198.765000,0.310851,-0.441159,0.200070,0.707154,-0.707060,-0.000018,0.000060
arm_1_left_finger,198.776000,0.310351,-0.441542,0.200081,0.707154,-0.707060,-0.000015,0.000057
arm_1_left_finger,198.787000,0.309861,-0.441918,0.200093,0.707154,-0.707060,-0.000012,0.000054
arm_1_left_finger,198.798000,0.309384,-0.442284,0.200103,0.707154,-0.707060,-0.000005,0.000047
arm_1_left_finger,198.809000,0.308917,-0.442641,0.200113,0.707154,-0.707060,-0.000005,0.000047
arm_1_left_finger,198.820000,0.308460,-0.442990,0.200123,0.707154,-0.707060,-0.000003,0.000045
arm_1_left_finger,198.831000,0.308014,-0.443329,0.200133,0.707154,-0.707060,-0.000008,0.000050
arm_1_left_finger,198.842000,0.307565,-0.443660,0.200147,0.707154,-0.707060,-0.000060,0.000102
arm_1_left_finger,198.853000,0.307116,-0.443981,0.200164,0.707154,-0.707060,-0.000099,0.000142
arm_1_left_finger,198.864000,0.306675,-0.444294,0.200182,0.707154,-0.707060,-0.000112,0.000155
arm_1_left_finger,198.875000,0.306220,-0.444598,0.200207,0.707154,-0.707060,-0.000224,0.000266
arm_1_left_finger,198.885000,0.305828,-0.444866,0.200226,0.707154,-0.707060,-0.000098,0.000140
arm_1_left_finger,198.895000,0.305495,-0.445128,0.200229,0.707154,-0.707060,0.000093,-0.000051
arm_1_left_finger,198.906000,0.305139,-0.445407,0.200232,0.707154,-0.707060,0.000071,-0.000029
arm_1_left_finger,198.916000,0.304816,-0.445653,0.200238,0.707154,-0.707060,0.000030,0.000012
arm_1_left_finger,198.926000,0.304499,-0.445893,0.200245,0.707154,-0.707060,0.000020,0.000022
arm_1_left_finger,198.936000,0.304193,-0.446125,0.200251,0.707153,-0.707060,0.000019,0.000024
arm_1_left_finger,198.946000,0.303896,-0.446350,0.200256,0.707153,-0.707060,0.000025,0.000018
arm_1_left_finger,198.957000,0.303581,-0.446589,0.200261,0.707153,-0.707060,0.000029,0.000014
arm_1_left_finger,198.968000,0.303301,-0.446820,0.200259,0.707153,-0.707060,0.000110,-0.000068
arm_1_left_finger,198.978000,0.303047,-0.447022,0.200260,0.707153,-0.707060,0.000145,-0.000103
arm_1_left_finger,198.989000,0.302764,-0.447237,0.200265,0.707153,-0.707060,0.000039,0.000003
arm_1_left_finger,198.999000,0.302513,-0.447424,0.200270,0.707153,-0.707060,0.000018,0.000024
arm_1_left_finger,199.009000,0.302293,-0.447604,0.200268,0.707153,-0.707060,0.000055,-0.000013
arm_1_left_finger,199.019000,0.302058,-0.447778,0.200274,0.707153,-0.707060,0.000016,0.000026
arm_1_left_finger,199.029000,0.301833,-0.447944,0.200279,0.707153,-0.707060,0.000013,0.000029
arm_1_left_finger,199.039000,0.301637,-0.448104,0.200278,0.707152,-0.707062,0.000086,-0.000044
arm_1_left_finger,199.050000,0.301415,-0.448271,0.200281,0.707152,-0.707062,0.000046,-0.000004
arm_1_left_finger,199.060000,0.301221,-0.448416,0.200285,0.707152,-0.707061,0.000029,0.000013
arm_1_left_finger,199.071000,0.301018,-0.448567,0.200289,0.707152,-0.707061,0.000026,0.000016
arm_1_left_finger,199.082000,0.300827,-0.448710,0.200293,0.707153,-0.707061,0.000026,0.000016
arm_1_left_finger,199.092000,0.300662,-0.448832,0.200296,0.707153,-0.707061,0.000027,0.000016
arm_1_left_finger,199.102000,0.300520,-0.448946,0.200295,0.707141,-0.707073,0.000076,-0.000034
arm_1_left_finger,199.113000,0.300359,-0.449066,0.200298,0.707143,-0.707071,0.000036,0.000006
arm_1_left_finger,199.123000,0.300222,-0.449167,0.200301,0.707145,-0.707069,0.000028,0.000014
arm_1_left_finger,199.134000,0.300083,-0.449271,0.200303,0.707146,-0.707068,0.000027,0.000015
arm_1_left_finger,199.145000,0.299954,-0.449366,0.200306,0.707147,-0.707066,0.000026,0.000017
arm_1_left_finger,199.156000,0.299836,-0.449454,0.200308,0.707148,-0.707065,0.000028,0.000014
arm_1_left_finger,199.167000,0.299813,-0.449532,0.200286,0.707149,-0.707065,0.000279,-0.000237
arm_1_left_finger,199.178000,0.299773,-0.449602,0.200271,0.707150,-0.707064,0.000253,-0.000211
arm_1_left_finger,199.189000,0.299662,-0.449664,0.200281,0.707150,-0.707063,-0.000029,0.000071
arm_1_left_finger,199.200000,0.299573,-0.449718,0.200287,0.707151,-0.707063,-0.000031,0.000073
arm_1_left_finger,199.211000,0.299489,-0.449763,0.200295,0.707151,-0.707062,-0.000054,0.000096
arm_1_left_finger,199.222000,0.299443,-0.449801,0.200294,0.707151,-0.707062,0.000084,-0.000042
arm_1_left_finger,199.231000,0.299425,-0.449828,0.200289,0.707149,-0.707065,0.000154,-0.000112
arm_1_left_finger,199.241000,0.299406,-0.449853,0.200285,0.707149,-0.707064,0.000108,-0.000066
arm_1_left_finger,199.250000,0.299386,-0.449873,0.200284,0.707150,-0.707064,0.000073,-0.000030
arm_1_left_finger,199.258000,0.299367,-0.449888,0.200284,0.707150,-0.707063,0.000044,-0.000002
arm_1_left_finger,199.267000,0.299356,-0.449890,0.200287,0.707151,-0.707063,0.000001,0.000041
arm_1_left_finger,199.276000,0.299360,-0.449880,0.200288,0.707151,-0.707063,-0.000010,0.000052
arm_1_left_finger,199.285000,0.299361,-0.449872,0.200288,0.707151,-0.707063,-0.000016,0.000058
arm_1_left_finger,199.294000,0.299361,-0.449866,0.200286,0.707151,-0.707063,-0.000016,0.000058
arm_1_left_finger,199.304000,0.299377,-0.449859,0.200275,0.707152,-0.707062,0.000067,-0.000026
arm_1_left_finger,199.314000,0.299406,-0.449854,0.200254,0.707152,-0.707061,0.000110,-0.000070
arm_1_left_finger,199.325000,0.299406,-0.449850,0.200237,0.707152,-0.707061,0.000009,0.000031
arm_1_left_finger,199.335000,0.299419,-0.449848,0.200210,0.707152,-0.707061,0.000074,-0.000034
arm_1_left_finger,199.346000,0.299423,-0.449847,0.200177,0.707152,-0.707061,0.000019,0.000022
arm_1_left_finger,199.356000,0.299419,-0.449847,0.200143,0.707152,-0.707061,-0.000007,0.000047
arm_1_left_finger,199.367000,0.299414,-0.449848,0.200097,0.707152,-0.707062,-0.000014,0.000055
arm_1_left_finger,199.377000,0.299410,-0.449851,0.200048,0.707152,-0.707062,-0.000012,0.000053
arm_1_left_finger,199.387000,0.299408,-0.449854,0.199991,0.707152,-0.707062,-0.000006,0.000048
arm_1_left_finger,199.398000,0.299406,-0.449859,0.199920,0.707152,-0.707062,-0.000001,0.000042
arm_1_left_finger,199.409000,0.299405,-0.449864,0.199839,0.707151,-0.707062,0.000002,0.000040
arm_1_left_finger,199.419000,0.299448,-0.449870,0.199744,0.707152,-0.707062,0.000124,-0.000083
arm_1_left_finger,199.429000,0.299451,-0.449877,0.199653,0.707151,-0.707062,0.000025,0.000016
arm_1_left_finger,199.439000,0.299449,-0.449885,0.199556,0.707151,-0.707062,0.000001,0.000041
arm_1_left_finger,199.450000,0.299467,-0.449894,0.199434,0.707151,-0.707062,0.000062,-0.000020
arm_1_left_finger,199.461000,0.299519,-0.449904,0.199291,0.707151,-0.707062,0.000159,-0.000117
arm_1_left_finger,199.471000,0.299521,-0.449914,0.199167,0.707151,-0.707063,0.000025,0.000017
arm_1_left_finger,199.481000,0.299519,-0.449925,0.199036,0.707151,-0.707063,-0.000005,0.000048
arm_1_left_finger,199.492000,0.299542,-0.449938,0.198874,0.707151,-0.707063,0.000052,-0.000010
arm_1_left_finger,199.502000,0.299555,-0.449950,0.198721,0.707151,-0.707063,0.000082,-0.000040
arm_1_left_finger,199.513000,0.299566,-0.449965,0.198544,0.707150,-0.707063,0.000031,0.000011
arm_1_left_finger,199.524000,0.299571,-0.449980,0.198358,0.707150,-0.707063,0.000017,0.000026
arm_1_left_finger,199.535000,0.299577,-0.449996,0.198163,0.707150,-0.707064,0.000013,0.000030
arm_1_left_finger,199.545000,0.299592,-0.450011,0.197973,0.707150,-0.707064,0.000064,-0.000020
arm_1_left_finger,199.556000,0.299606,-0.450029,0.197756,0.707150,-0.707064,0.000040,0.000004
arm_1_left_finger,199.567000,0.299618,-0.450047,0.197529,0.707149,-0.707064,0.000031,0.000013
arm_1_left_finger,199.577000,0.299636,-0.450065,0.197312,0.707149,-0.707064,0.000051,-0.000007
arm_1_left_finger,199.588000,0.299649,-0.450085,0.197064,0.707149,-0.707065,0.000035,0.000010
arm_1_left_finger,199.598000,0.299662,-0.450103,0.196831,0.707149,-0.707065,0.000032,0.000013
arm_1_left_finger,199.608000,0.299674,-0.450123,0.196589,0.707148,-0.707065,0.000030,0.000015
arm_1_left_finger,199.619000,0.299691,-0.450144,0.196312,0.707148,-0.707065,0.000052,-0.000007
arm_1_left_finger,199.630000,0.299706,-0.450167,0.196025,0.707148,-0.707066,0.000035,0.000010
arm_1_left_finger,199.641000,0.299721,-0.450190,0.195729,0.707148,-0.707066,0.000032,0.000014
arm_1_left_finger,199.652000,0.299735,-0.450214,0.195422,0.707147,-0.707066,0.000025,0.000021
arm_1_left_finger,199.663000,0.299750,-0.450239,0.195104,0.707147,-0.707066,0.000026,0.000020
arm_1_left_finger,199.673000,0.299765,-0.450262,0.194806,0.707147,-0.707067,0.000028,0.000019
arm_1_left_finger,199.683000,0.299779,-0.450285,0.194500,0.707147,-0.707067,0.000029,0.000018
arm_1_left_finger,199.693000,0.299795,-0.450309,0.194185,0.707146,-0.707067,0.000030,0.000017
arm_1_left_finger,199.704000,0.299832,-0.450336,0.193823,0.707146,-0.707067,0.000097,-0.000050
arm_1_left_finger,199.715000,0.299884,-0.450363,0.193446,0.707146,-0.707068,0.000159,-0.000111
arm_1_left_finger,199.726000,0.299947,-0.450391,0.193055,0.707145,-0.707068,0.000243,-0.000195
arm_1_left_finger,199.737000,0.299987,-0.450420,0.192662,0.707145,-0.707068,0.000119,-0.000070
arm_1_left_finger,199.748000,0.300016,-0.450449,0.192260,0.707145,-0.707069,0.000083,-0.000034
arm_1_left_finger,199.759000,0.300050,-0.450479,0.191848,0.707144,-0.707069,0.000092,-0.000043
arm_1_left_finger,199.769000,0.300093,-0.450506,0.191460,0.707144,-0.707069,0.000140,-0.000090
arm_1_left_finger,199.779000,0.300136,-0.450533,0.191064,0.707144,-0.707070,0.000141,-0.000091
arm_1_left_finger,199.789000,0.300170,-0.450561,0.190661,0.707143,-0.707070,0.000120,-0.000069
arm_1_left_finger,199.799000,0.300201,-0.450590,0.190252,0.707143,-0.707071,0.000085,-0.000034
arm_1_left_finger,199.809000,0.300229,-0.450618,0.189834,0.707143,-0.707071,0.000085,-0.000034
arm_1_left_finger,199.819000,0.300242,-0.450647,0.189412,0.707142,-0.707071,0.000006,0.000046
arm_1_left_finger,199.828000,0.300245,-0.450673,0.189028,0.707142,-0.707072,-0.000022,0.000074
arm_1_left_finger,199.837000,0.300255,-0.450699,0.188635,0.707141,-0.707072,-0.000010,0.000063
arm_1_left_finger,199.847000,0.300264,-0.450729,0.188191,0.707141,-0.707072,-0.000010,0.000062
arm_1_left_finger,199.857000,0.300280,-0.450759,0.187736,0.707141,-0.707073,0.000005,0.000047
arm_1_left_finger,199.867000,0.300290,-0.450789,0.187274,0.707140,-0.707073,-0.000002,0.000054
arm_1_left_finger,199.877000,0.300302,-0.450819,0.186803,0.707140,-0.707074,-0.000001,0.000054
arm_1_left_finger,199.887000,0.300314,-0.450849,0.186324,0.707140,-0.707074,0.000002,0.000052
arm_1_left_finger,199.897000,0.300327,-0.450880,0.185835,0.707139,-0.707074,0.000007,0.000046
arm_1_left_finger,199.907000,0.300348,-0.450911,0.185336,0.707139,-0.707075,0.000045,0.000009
arm_1_left_finger,199.916000,0.300380,-0.450938,0.184875,0.707138,-0.707075,0.000097,-0.000043
arm_1_left_finger,199.925000,0.300392,-0.450966,0.184414,0.707138,-0.707076,0.000027,0.000027
arm_1_left_finger,199.933000,0.300402,-0.450990,0.183998,0.707138,-0.707076,0.000009,0.000046
arm_1_left_finger,199.940000,0.300412,-0.451012,0.183630,0.707137,-0.707076,0.000013,0.000042
arm_1_left_finger,199.947000,0.300434,-0.451033,0.183258,0.707137,-0.707077,0.000065,-0.000010
arm_1_left_finger,199.953000,0.300441,-0.451052,0.182936,0.707137,-0.707077,0.000024,0.000032
arm_1_left_finger,199.960000,0.300462,-0.451074,0.182551,0.707136,-0.707077,0.000099,-0.000043
arm_1_left_finger,199.968000,0.300471,-0.451098,0.182112,0.707136,-0.707078,0.000026,0.000030
arm_1_left_finger,199.977000,0.300482,-0.451126,0.181609,0.707136,-0.707078,0.000016,0.000040
arm_1_left_finger,199.986000,0.300505,-0.451154,0.181097,0.707135,-0.707079,0.000057,-0.000001
arm_1_left_finger,199.995000,0.300516,-0.451182,0.180581,0.707135,-0.707079,0.000016,0.000041
arm_1_left_finger,200.004000,0.300527,-0.451209,0.180059,0.707134,-0.707079,0.000011,0.000047
arm_1_left_finger,200.013000,0.300549,-0.451237,0.179530,0.707134,-0.707080,0.000059,-0.000001
arm_1_left_finger,200.023000,0.300586,-0.451267,0.178935,0.707133,-0.707080,0.000114,-0.000055
arm_1_left_finger,200.033000,0.300631,-0.451297,0.178318,0.707133,-0.707081,0.000153,-0.000093
arm_1_left_finger,200.043000,0.300681,-0.451327,0.177692,0.707132,-0.707081,0.000176,-0.000117
arm_1_left_finger,200.053000,0.300724,-0.451357,0.177060,0.707132,-0.707082,0.000141,-0.000081
arm_1_left_finger,200.062000,0.300747,-0.451384,0.176488,0.707131,-0.707082,0.000086,-0.000025
arm_1_left_finger,200.072000,0.300781,-0.451413,0.175842,0.707131,-0.707083,0.000113,-0.000051
arm_1_left_finger,200.080000,0.300800,-0.451437,0.175322,0.707130,-0.707083,0.000064,-0.000002
arm_1_left_finger,200.088000,0.300804,-0.451460,0.174801,0.707130,-0.707084,0.000010,0.000053
arm_1_left_finger,200.098000,0.300806,-0.451488,0.174142,0.707129,-0.707084,-0.000018,0.000081
arm_1_left_finger,200.107000,0.300811,-0.451513,0.173542,0.707129,-0.707085,-0.000002,0.000065
arm_1_left_finger,200.117000,0.300815,-0.451541,0.172867,0.707128,-0.707086,-0.000010,0.000074
arm_1_left_finger,200.127000,0.300826,-0.451568,0.172181,0.707127,-0.707086,0.000018,0.000046
arm_1_left_finger,200.137000,0.300843,-0.451595,0.171485,0.707127,-0.707087,0.000065,-0.000000
arm_1_left_finger,200.146000,0.300866,-0.451619,0.170849,0.707126,-0.707087,0.000085,-0.000020
arm_1_left_finger,200.155000,0.300886,-0.451642,0.170207,0.707126,-0.707088,0.000074,-0.000009
arm_1_left_finger,200.162000,0.300888,-0.451660,0.169707,0.707125,-0.707088,0.000020,0.000046
arm_1_left_finger,200.171000,0.300890,-0.451683,0.169058,0.707125,-0.707089,-0.000003,0.000070
arm_1_left_finger,200.179000,0.300899,-0.451702,0.168473,0.707124,-0.707089,0.000018,0.000049
arm_1_left_finger,200.188000,0.300914,-0.451724,0.167806,0.707124,-0.707090,0.000071,-0.000005
arm_1_left_finger,200.198000,0.300919,-0.451747,0.167062,0.707123,-0.707091,0.000021,0.000046
arm_1_left_finger,200.208000,0.300937,-0.451770,0.166305,0.707122,-0.707091,0.000080,-0.000012
arm_1_left_finger,200.217000,0.300958,-0.451790,0.165614,0.707122,-0.707092,0.000098,-0.000029
arm_1_left_finger,200.226000,0.300960,-0.451809,0.164923,0.707121,-0.707092,0.000028,0.000042
arm_1_left_finger,200.236000,0.300961,-0.451830,0.164147,0.707121,-0.707093,0.000013,0.000057
arm_1_left_finger,200.244000,0.300970,-0.451846,0.163517,0.707120,-0.707094,0.000033,0.000038
arm_1_left_finger,200.254000,0.300971,-0.451865,0.162725,0.707119,-0.707094,0.000019,0.000052
arm_1_left_finger,200.262000,0.300996,-0.451880,0.162079,0.707119,-0.707095,0.000111,-0.000040
arm_1_left_finger,200.272000,0.300993,-0.451897,0.161272,0.707118,-0.707096,0.000029,0.000043
arm_1_left_finger,200.282000,0.300992,-0.451914,0.160457,0.707117,-0.707096,0.000019,0.000054
arm_1_left_finger,200.293000,0.300991,-0.451931,0.159550,0.707117,-0.707097,0.000020,0.000054
arm_1_left_finger,200.303000,0.301000,-0.451946,0.158713,0.707116,-0.707098,0.000036,0.000038
arm_1_left_finger,200.312000,0.300998,-0.451958,0.157955,0.707115,-0.707098,0.000025,0.000050
arm_1_left_finger,200.318000,0.300999,-0.451966,0.157445,0.707115,-0.707099,0.000040,0.000036
arm_1_left_finger,200.328000,0.301011,-0.451978,0.156585,0.707114,-0.707099,0.000088,-0.000011
arm_1_left_finger,200.338000,0.301032,-0.451989,0.155714,0.707113,-0.707100,0.000132,-0.000054
arm_1_left_finger,200.349000,0.301060,-0.451999,0.154746,0.707113,-0.707101,0.000163,-0.000085
arm_1_left_finger,200.359000,0.301088,-0.452008,0.153858,0.707112,-0.707102,0.000178,-0.000099
arm_1_left_finger,200.370000,0.301118,-0.452015,0.152876,0.707111,-0.707102,0.000184,-0.000104
arm_1_left_finger,200.379000,0.301142,-0.452021,0.152071,0.707110,-0.707103,0.000184,-0.000104
arm_1_left_finger,200.389000,0.301165,-0.452025,0.151176,0.707110,-0.707104,0.000173,-0.000092
arm_1_left_finger,200.399000,0.301186,-0.452028,0.150282,0.707109,-0.707105,0.000172,-0.000091
arm_1_left_finger,200.409000,0.301203,-0.452030,0.149391,0.707108,-0.707105,0.000161,-0.000079
arm_1_left_finger,200.420000,0.301220,-0.452031,0.148415,0.707107,-0.707106,0.000153,-0.000069
arm_1_left_finger,200.430000,0.301221,-0.452030,0.147534,0.707106,-0.707107,0.000087,-0.000003
arm_1_left_finger,200.440000,0.301211,-0.452028,0.146662,0.707106,-0.707108,0.000066,0.000019
arm_1_left_finger,200.451000,0.301199,-0.452024,0.145708,0.707105,-0.707109,0.000075,0.000011
arm_1_left_finger,200.461000,0.301201,-0.452019,0.144842,0.707104,-0.707109,0.000110,-0.000023
arm_1_left_finger,200.471000,0.301207,-0.452014,0.143982,0.707103,-0.707110,0.000136,-0.000049
arm_1_left_finger,200.480000,0.301215,-0.452007,0.143211,0.707103,-0.707111,0.000151,-0.000063
arm_1_left_finger,200.487000,0.301221,-0.452002,0.142616,0.707102,-0.707111,0.000158,-0.000070
arm_1_left_finger,200.496000,0.301220,-0.451994,0.141859,0.707102,-0.707112,0.000116,-0.000027
arm_1_left_finger,200.504000,0.301211,-0.451986,0.141192,0.707101,-0.707112,0.000094,-0.000005
arm_1_left_finger,200.513000,0.301204,-0.451976,0.140447,0.707100,-0.707113,0.000096,-0.000006
arm_1_left_finger,200.523000,0.301196,-0.451965,0.139626,0.707100,-0.707114,0.000097,-0.000006
arm_1_left_finger,200.533000,0.301142,-0.451952,0.138827,0.707099,-0.707115,-0.000026,0.000118
arm_1_left_finger,200.543000,0.301119,-0.451939,0.138026,0.707098,-0.707115,0.000029,0.000064
arm_1_left_finger,200.554000,0.301102,-0.451923,0.137151,0.707097,-0.707116,0.000074,0.000019
arm_1_left_finger,200.565000,0.301092,-0.451905,0.136284,0.707097,-0.707117,0.000109,-0.000015
arm_1_left_finger,200.576000,0.301088,-0.451887,0.135425,0.707096,-0.707118,0.000136,-0.000042
arm_1_left_finger,200.587000,0.301060,-0.451868,0.134583,0.707095,-0.707118,0.000073,0.000022
arm_1_left_finger,200.598000,0.301046,-0.451848,0.133746,0.707095,-0.707119,0.000102,-0.000006
arm_1_left_finger,200.609000,0.301037,-0.451827,0.132918,0.707094,-0.707120,0.000125,-0.000029
arm_1_left_finger,200.620000,0.301032,-0.451805,0.132099,0.707093,-0.707120,0.000144,-0.000048
arm_1_left_finger,200.631000,0.301030,-0.451783,0.131290,0.707092,-0.707121,0.000160,-0.000063
arm_1_left_finger,200.640000,0.300987,-0.451764,0.130647,0.707092,-0.707122,-0.000004,0.000103
arm_1_left_finger,200.651000,0.300952,-0.451740,0.129865,0.707091,-0.707122,0.000030,0.000069
arm_1_left_finger,200.662000,0.300923,-0.451715,0.129092,0.707090,-0.707123,0.000059,0.000041
arm_1_left_finger,200.672000,0.300901,-0.451692,0.128397,0.707090,-0.707124,0.000081,0.000018
arm_1_left_finger,200.681000,0.300885,-0.451670,0.127777,0.707089,-0.707124,0.000099,0.000001
arm_1_left_finger,200.690000,0.300872,-0.451649,0.127163,0.707089,-0.707125,0.000115,-0.000014
arm_1_left_finger,200.699000,0.300862,-0.451627,0.126556,0.707088,-0.707125,0.000130,-0.000029
arm_1_left_finger,200.708000,0.300853,-0.451605,0.125955,0.707088,-0.707126,0.000143,-0.000041
arm_1_left_finger,200.718000,0.300815,-0.451579,0.125303,0.707087,-0.707126,0.000069,0.000033
arm_1_left_finger,200.728000,0.300793,-0.451554,0.124656,0.707087,-0.707127,0.000092,0.000011
arm_1_left_finger,200.738000,0.300776,-0.451528,0.124015,0.707086,-0.707127,0.000111,-0.000008
arm_1_left_finger,200.749000,0.300761,-0.451499,0.123319,0.707086,-0.707128,0.000130,-0.000026
arm_1_left_finger,200.760000,0.300749,-0.451470,0.122632,0.707085,-0.707129,0.000146,-0.000042
arm_1_left_finger,200.771000,0.300741,-0.451440,0.121955,0.707084,-0.707129,0.000161,-0.000056
arm_1_left_finger,200.782000,0.300735,-0.451410,0.121288,0.707084,-0.707130,0.000174,-0.000069
arm_1_left_finger,200.793000,0.300732,-0.451380,0.120630,0.707083,-0.707130,0.000185,-0.000079
arm_1_left_finger,200.804000,0.300757,-0.451350,0.119974,0.707083,-0.707131,0.000365,-0.000259
arm_1_left_finger,200.815000,0.300774,-0.451319,0.119331,0.707082,-0.707131,0.000261,-0.000155
arm_1_left_finger,200.826000,0.300779,-0.451288,0.118702,0.707082,-0.707132,0.000230,-0.000123
arm_1_left_finger,200.837000,0.300782,-0.451258,0.118083,0.707081,-0.707132,0.000215,-0.000107
arm_1_left_finger,200.848000,0.300769,-0.451227,0.117480,0.707081,-0.707133,0.000148,-0.000040
arm_1_left_finger,200.859000,0.300739,-0.451196,0.116892,0.707080,-0.707133,0.000087,0.000021
arm_1_left_finger,200.869000,0.300707,-0.451168,0.116368,0.707080,-0.707134,0.000065,0.000044
arm_1_left_finger,200.879000,0.300675,-0.451139,0.115852,0.707079,-0.707134,0.000060,0.000049
arm_1_left_finger,200.890000,0.300640,-0.451109,0.115296,0.707079,-0.707135,0.000058,0.000051
arm_1_left_finger,200.901000,0.300598,-0.451078,0.114751,0.707078,-0.707135,0.000039,0.000071
arm_1_left_finger,200.911000,0.300565,-0.451050,0.114263,0.707078,-0.707136,0.000052,0.000058
arm_1_left_finger,200.922000,0.300529,-0.451019,0.113736,0.707077,-0.707136,0.000056,0.000054
arm_1_left_finger,200.933000,0.300493,-0.450988,0.113219,0.707077,-0.707137,0.000058,0.000053
arm_1_left_finger,200.944000,0.300458,-0.450958,0.112713,0.707076,-0.707137,0.000059,0.000053
arm_1_left_finger,200.955000,0.300417,-0.450928,0.112219,0.707076,-0.707138,0.000046,0.000066
arm_1_left_finger,200.966000,0.300377,-0.450898,0.111735,0.707076,-0.707138,0.000050,0.000062
arm_1_left_finger,200.977000,0.300342,-0.450868,0.111259,0.707075,-0.707138,0.000057,0.000056
arm_1_left_finger,200.988000,0.300308,-0.450838,0.110794,0.707075,-0.707139,0.000059,0.000054
arm_1_left_finger,200.999000,0.300269,-0.450809,0.110341,0.707074,-0.707139,0.000041,0.000072
arm_1_left_finger,201.010000,0.300236,-0.450780,0.109896,0.707074,-0.707140,0.000058,0.000056
arm_1_left_finger,201.021000,0.300202,-0.450751,0.109462,0.707074,-0.707140,0.000060,0.000054
arm_1_left_finger,201.032000,0.300161,-0.450723,0.109040,0.707073,-0.707140,0.000042,0.000072
arm_1_left_finger,201.043000,0.300127,-0.450695,0.108627,0.707073,-0.707141,0.000058,0.000057
arm_1_left_finger,201.054000,0.300095,-0.450668,0.108223,0.707072,-0.707141,0.000061,0.000054
arm_1_left_finger,201.065000,0.300063,-0.450641,0.107830,0.707072,-0.707141,0.000061,0.000054
arm_1_left_finger,201.075000,0.300034,-0.450617,0.107481,0.707072,-0.707142,0.000061,0.000054
arm_1_left_finger,201.085000,0.300001,-0.450593,0.107143,0.707072,-0.707142,0.000054,0.000062
arm_1_left_finger,201.094000,0.299976,-0.450572,0.106844,0.707071,-0.707142,0.000060,0.000056
arm_1_left_finger,201.104000,0.299945,-0.450549,0.106520,0.707071,-0.707143,0.000050,0.000066
arm_1_left_finger,201.115000,0.299908,-0.450524,0.106176,0.707071,-0.707143,0.000038,0.000079
arm_1_left_finger,201.125000,0.299916,-0.450501,0.105859,0.707070,-0.707143,0.000187,-0.000071
arm_1_left_finger,201.135000,0.299908,-0.450480,0.105556,0.707070,-0.707143,0.000150,-0.000034
arm_1_left_finger,201.144000,0.299892,-0.450460,0.105292,0.707070,-0.707144,0.000108,0.000009
arm_1_left_finger,201.154000,0.299869,-0.450440,0.105010,0.707070,-0.707144,0.000081,0.000036
arm_1_left_finger,201.164000,0.299845,-0.450419,0.104736,0.707069,-0.707144,0.000072,0.000045
arm_1_left_finger,201.174000,0.299820,-0.450399,0.104470,0.707069,-0.707144,0.000067,0.000050
arm_1_left_finger,201.184000,0.299796,-0.450380,0.104214,0.707069,-0.707145,0.000065,0.000053
arm_1_left_finger,201.195000,0.299769,-0.450360,0.103941,0.707069,-0.707145,0.000063,0.000055
arm_1_left_finger,201.206000,0.299743,-0.450339,0.103679,0.707068,-0.707145,0.000065,0.000053
arm_1_left_finger,201.217000,0.299717,-0.450320,0.103427,0.707068,-0.707145,0.000064,0.000054
arm_1_left_finger,201.227000,0.299696,-0.450303,0.103206,0.707068,-0.707145,0.000069,0.000049
arm_1_left_finger,201.238000,0.299672,-0.450285,0.102973,0.707068,-0.707146,0.000066,0.000053
arm_1_left_finger,201.249000,0.299648,-0.450268,0.102751,0.707068,-0.707146,0.000064,0.000055
arm_1_left_finger,201.259000,0.299627,-0.450252,0.102557,0.707068,-0.707146,0.000064,0.000055
arm_1_left_finger,201.270000,0.299604,-0.450236,0.102354,0.707067,-0.707146,0.000064,0.000055
arm_1_left_finger,201.281000,0.299582,-0.450221,0.102161,0.707067,-0.707146,0.000066,0.000054
arm_1_left_finger,201.291000,0.299568,-0.450208,0.101992,0.707067,-0.707147,0.000104,0.000015
arm_1_left_finger,201.302000,0.299552,-0.450194,0.101817,0.707067,-0.707147,0.000089,0.000030
arm_1_left_finger,201.311000,0.299542,-0.450183,0.101681,0.707067,-0.707147,0.000105,0.000015
arm_1_left_finger,201.321000,0.299529,-0.450171,0.101538,0.707067,-0.707147,0.000091,0.000029
arm_1_left_finger,201.331000,0.299515,-0.450161,0.101404,0.707067,-0.707147,0.000080,0.000040
arm_1_left_finger,201.341000,0.299499,-0.450151,0.101278,0.707066,-0.707147,0.000073,0.000047
arm_1_left_finger,201.351000,0.299484,-0.450141,0.101162,0.707066,-0.707147,0.000069,0.000051
arm_1_left_finger,201.361000,0.299472,-0.450132,0.101053,0.707066,-0.707147,0.000095,0.000025
arm_1_left_finger,201.371000,0.299461,-0.450124,0.100952,0.707066,-0.707147,0.000084,0.000036
arm_1_left_finger,201.380000,0.299454,-0.450117,0.100868,0.707066,-0.707147,0.000107,0.000013
arm_1_left_finger,201.390000,0.299452,-0.450110,0.100780,0.707066,-0.707148,0.000122,-0.000002
arm_1_left_finger,201.400000,0.299446,-0.450104,0.100703,0.707066,-0.707148,0.000104,0.000017
arm_1_left_finger,201.411000,0.299437,-0.450098,0.100627,0.707066,-0.707148,0.000088,0.000032
arm_1_left_finger,201.422000,0.299426,-0.450092,0.100564,0.707066,-0.707148,0.000077,0.000044
arm_1_left_finger,201.433000,0.299414,-0.450088,0.100511,0.707066,-0.707148,0.000071,0.000050
arm_1_left_finger,201.444000,0.299402,-0.450084,0.100466,0.707066,-0.707148,0.000068,0.000053
arm_1_left_finger,201.454000,0.299391,-0.450081,0.100433,0.707066,-0.707148,0.000068,0.000053
arm_1_left_finger,201.465000,0.299381,-0.450078,0.100401,0.707066,-0.707148,0.000074,0.000047
arm_1_left_finger,201.476000,0.299374,-0.450076,0.100375,0.707066,-0.707148,0.000085,0.000037
arm_1_left_finger,201.487000,0.299363,-0.450074,0.100354,0.707066,-0.707148,0.000069,0.000052
arm_1_left_finger,201.497000,0.299356,-0.450073,0.100337,0.707066,-0.707148,0.000079,0.000042
arm_1_left_finger,201.507000,0.299329,-0.450071,0.100329,0.707066,-0.707148,-0.000023,0.000144
arm_1_left_finger,201.517000,0.299231,-0.450070,0.100345,0.707065,-0.707148,-0.000295,0.000416
arm_1_left_finger,201.527000,0.299078,-0.450069,0.100379,0.707065,-0.707148,-0.000552,0.000671
arm_1_left_finger,201.539000,0.298830,-0.450068,0.100443,0.707065,-0.707148,-0.000818,0.000938
arm_1_left_finger,201.554000,0.298435,-0.450067,0.100554,0.707065,-0.707147,-0.001099,0.001219
arm_1_left_finger,201.571000,0.297901,-0.450066,0.100716,0.707064,-0.707147,-0.001338,0.001459
arm_1_left_finger,201.588000,0.297293,-0.450066,0.100911,0.707064,-0.707146,-0.001531,0.001652
arm_1_left_finger,201.606000,0.296593,-0.450065,0.101148,0.707063,-0.707146,-0.001680,0.001801
arm_1_left_finger,201.623000,0.295891,-0.450065,0.101398,0.707063,-0.707146,-0.001790,0.001912
arm_1_left_finger,201.640000,0.295161,-0.450064,0.101671,0.707063,-0.707146,-0.001873,0.001994
arm_1_left_finger,201.658000,0.294366,-0.450064,0.101982,0.707063,-0.707145,-0.001939,0.002061
arm_1_left_finger,201.675000,0.293602,-0.450064,0.102296,0.707062,-0.707145,-0.001986,0.002108
arm_1_left_finger,201.692000,0.292828,-0.450063,0.102628,0.707062,-0.707145,-0.002022,0.002144
arm_1_left_finger,201.710000,0.292004,-0.450063,0.102998,0.707062,-0.707145,-0.002052,0.002173
arm_1_left_finger,201.728000,0.291177,-0.450063,0.103386,0.707062,-0.707145,-0.002074,0.002195
arm_1_left_finger,201.746000,0.290350,-0.450063,0.103791,0.707062,-0.707145,-0.002090,0.002211
arm_1_left_finger,201.763000,0.289571,-0.450062,0.104189,0.707062,-0.707145,-0.002102,0.002223
arm_1_left_finger,201.766000,0.289434,-0.450062,0.104261,0.707062,-0.707145,-0.002104,0.002225
arm_1_left_finger,201.769000,0.289297,-0.450062,0.104333,0.707062,-0.707145,-0.002105,0.002227
arm_1_left_finger,201.773000,0.289114,-0.450062,0.104430,0.707062,-0.707145,-0.002107,0.002229
arm_1_left_finger,201.777000,0.288932,-0.450062,0.104527,0.707062,-0.707145,-0.002110,0.002231
arm_1_left_finger,201.789000,0.288386,-0.450062,0.104825,0.707062,-0.707145,-0.002114,0.002236
arm_1_left_finger,201.805000,0.287662,-0.450062,0.105232,0.707062,-0.707145,-0.002120,0.002242
arm_1_left_finger,201.822000,0.286899,-0.450062,0.105677,0.707062,-0.707145,-0.002125,0.002247
arm_1_left_finger,201.839000,0.286141,-0.450062,0.106135,0.707062,-0.707145,-0.002129,0.002250
arm_1_left_finger,201.856000,0.285389,-0.450061,0.106607,0.707062,-0.707145,-0.002131,0.002253
arm_1_left_finger,201.873000,0.284645,-0.450061,0.107091,0.707062,-0.707145,-0.002133,0.002255
arm_1_left_finger,201.890000,0.283908,-0.450061,0.107587,0.707062,-0.707145,-0.002135,0.002256
arm_1_left_finger,201.908000,0.283136,-0.450061,0.108125,0.707062,-0.707145,-0.002136,0.002258
arm_1_left_finger,201.923000,0.282500,-0.450061,0.108584,0.707062,-0.707145,-0.002137,0.002258
arm_1_left_finger,201.939000,0.281845,-0.450061,0.109071,0.707062,-0.707145,-0.002032,0.002154
arm_1_left_finger,201.955000,0.281319,-0.450060,0.109474,0.707063,-0.707146,-0.001613,0.001734
arm_1_left_finger,201.971000,0.280912,-0.450060,0.109792,0.707064,-0.707147,-0.001246,0.001368
arm_1_left_finger,201.988000,0.280585,-0.450060,0.110052,0.707065,-0.707147,-0.000913,0.001035
arm_1_left_finger,202.005000,0.280335,-0.450060,0.110254,0.707065,-0.707148,-0.000679,0.000801
arm_1_left_finger,202.021000,0.280155,-0.450060,0.110401,0.707065,-0.707148,-0.000502,0.000624
arm_1_left_finger,202.036000,0.280023,-0.450060,0.110509,0.707065,-0.707148,-0.000372,0.000493
arm_1_left_finger,202.049000,0.279932,-0.450060,0.110584,0.707065,-0.707148,-0.000285,0.000406
arm_1_left_finger,202.064000,0.279848,-0.450060,0.110654,0.707065,-0.707148,-0.000201,0.000323
arm_1_left_finger,202.081000,0.279774,-0.450060,0.110715,0.707065,-0.707148,-0.000129,0.000251
arm_1_left_finger,202.097000,0.279720,-0.450060,0.110760,0.707065,-0.707148,-0.000079,0.000200
arm_1_left_finger,202.112000,0.279681,-0.450060,0.110793,0.707065,-0.707148,-0.000039,0.000160
arm_1_left_finger,202.129000,0.279647,-0.450061,0.110827,0.707066,-0.707148,-0.000004,0.000126
arm_1_left_finger,202.147000,0.279620,-0.450062,0.110864,0.707066,-0.707148,0.000022,0.000099
arm_1_left_finger,202.164000,0.279603,-0.450065,0.110906,0.707066,-0.707148,0.000042,0.000079
arm_1_left_finger,202.181000,0.279591,-0.450069,0.110959,0.707066,-0.707148,0.000056,0.000065
arm_1_left_finger,202.198000,0.279584,-0.450075,0.111026,0.707066,-0.707148,0.000068,0.000053
arm_1_left_finger,202.215000,0.279581,-0.450082,0.111109,0.707066,-0.707148,0.000077,0.000045
arm_1_left_finger,202.232000,0.279582,-0.450092,0.111210,0.707066,-0.707148,0.000083,0.000038
arm_1_left_finger,202.249000,0.279586,-0.450104,0.111331,0.707066,-0.707148,0.000088,0.000033
arm_1_left_finger,202.266000,0.279593,-0.450118,0.111472,0.707066,-0.707148,0.000092,0.000029
arm_1_left_finger,202.282000,0.279602,-0.450133,0.111624,0.707065,-0.707148,0.000095,0.000026
arm_1_left_finger,202.298000,0.279613,-0.450150,0.111796,0.707065,-0.707148,0.000097,0.000024
arm_1_left_finger,202.314000,0.279626,-0.450170,0.111987,0.707065,-0.707148,0.000098,0.000023
arm_1_left_finger,202.329000,0.279640,-0.450189,0.112185,0.707065,-0.707148,0.000100,0.000021
arm_1_left_finger,202.345000,0.279657,-0.450213,0.112415,0.707065,-0.707148,0.000101,0.000020
arm_1_left_finger,202.361000,0.279675,-0.450237,0.112666,0.707065,-0.707148,0.000101,0.000019
arm_1_left_finger,202.377000,0.279695,-0.450264,0.112937,0.707065,-0.707148,0.000102,0.000019
arm_1_left_finger,202.393000,0.279717,-0.450293,0.113229,0.707065,-0.707148,0.000102,0.000018
arm_1_left_finger,202.408000,0.279739,-0.450322,0.113522,0.707065,-0.707148,0.000102,0.000018
arm_1_left_finger,202.424000,0.279764,-0.450355,0.113854,0.707065,-0.707148,0.000102,0.000018
arm_1_left_finger,202.441000,0.279794,-0.450391,0.114229,0.707065,-0.707148,0.000108,0.000012
arm_1_left_finger,202.458000,0.279824,-0.450430,0.114629,0.707065,-0.707148,0.000101,0.000018
arm_1_left_finger,202.475000,0.279854,-0.450470,0.115053,0.707065,-0.707148,0.000101,0.000018
arm_1_left_finger,202.491000,0.279885,-0.450510,0.115474,0.707065,-0.707148,0.000101,0.000018
arm_1_left_finger,202.508000,0.279921,-0.450555,0.115942,0.707065,-0.707148,0.000114,0.000005
arm_1_left_finger,202.525000,0.279956,-0.450601,0.116436,0.707065,-0.707148,0.000100,0.000018
arm_1_left_finger,202.542000,0.279993,-0.450649,0.116955,0.707065,-0.707148,0.000100,0.000018
arm_1_left_finger,202.558000,0.280028,-0.450696,0.117464,0.707065,-0.707148,0.000100,0.000018
arm_1_left_finger,202.571000,0.280060,-0.450735,0.117892,0.707065,-0.707148,0.000115,0.000002
arm_1_left_finger,202.587000,0.280098,-0.450784,0.118440,0.707065,-0.707148,0.000099,0.000018
arm_1_left_finger,202.603000,0.280136,-0.450835,0.119010,0.707065,-0.707148,0.000098,0.000018
arm_1_left_finger,202.619000,0.280176,-0.450887,0.119601,0.707065,-0.707148,0.000098,0.000018
arm_1_left_finger,202.635000,0.280219,-0.450940,0.120211,0.707065,-0.707148,0.000104,0.000012
arm_1_left_finger,202.651000,0.280260,-0.450994,0.120844,0.707065,-0.707148,0.000097,0.000018
arm_1_left_finger,202.668000,0.280305,-0.451053,0.121541,0.707065,-0.707148,0.000097,0.000018
arm_1_left_finger,202.685000,0.280353,-0.451113,0.122259,0.707065,-0.707148,0.000110,0.000005
arm_1_left_finger,202.702000,0.280400,-0.451175,0.123005,0.707065,-0.707148,0.000096,0.000018
arm_1_left_finger,202.719000,0.280447,-0.451237,0.123774,0.707065,-0.707148,0.000096,0.000018
arm_1_left_finger,202.735000,0.280493,-0.451296,0.124520,0.707065,-0.707148,0.000096,0.000017
arm_1_left_finger,202.752000,0.280544,-0.451360,0.125334,0.707065,-0.707148,0.000095,0.000017
arm_1_left_finger,202.769000,0.280593,-0.451425,0.126174,0.707065,-0.707148,0.000094,0.000018
arm_1_left_finger,202.786000,0.280643,-0.451490,0.127040,0.707065,-0.707148,0.000094,0.000017
arm_1_left_finger,202.803000,0.280695,-0.451555,0.127927,0.707065,-0.707148,0.000094,0.000017
arm_1_left_finger,202.820000,0.280745,-0.451621,0.128841,0.707065,-0.707148,0.000093,0.000018
arm_1_left_finger,202.837000,0.280797,-0.451688,0.129777,0.707065,-0.707148,0.000108,0.000002
arm_1_left_finger,202.854000,0.280848,-0.451754,0.130740,0.707065,-0.707149,0.000092,0.000017
arm_1_left_finger,202.871000,0.280898,-0.451820,0.131727,0.707065,-0.707149,0.000091,0.000018
arm_1_left_finger,202.887000,0.280948,-0.451883,0.132677,0.707065,-0.707149,0.000100,0.000008
arm_1_left_finger,202.903000,0.280995,-0.451945,0.133650,0.707065,-0.707149,0.000090,0.000017
arm_1_left_finger,202.918000,0.281040,-0.452003,0.134582,0.707065,-0.707149,0.000089,0.000017
arm_1_left_finger,202.934000,0.281089,-0.452065,0.135596,0.707065,-0.707149,0.000096,0.000010
arm_1_left_finger,202.949000,0.281132,-0.452122,0.136568,0.707065,-0.707149,0.000088,0.000017
arm_1_left_finger,202.964000,0.281175,-0.452179,0.137559,0.707065,-0.707149,0.000088,0.000017
arm_1_left_finger,202.980000,0.281222,-0.452239,0.138636,0.707065,-0.707149,0.000091,0.000013
arm_1_left_finger,202.996000,0.281267,-0.452298,0.139736,0.707065,-0.707149,0.000086,0.000017
arm_1_left_finger,203.013000,0.281316,-0.452359,0.140927,0.707065,-0.707149,0.000103,-0.000001
arm_1_left_finger,203.029000,0.281359,-0.452416,0.142073,0.707065,-0.707149,0.000086,0.000016
arm_1_left_finger,203.045000,0.281401,-0.452472,0.143241,0.707065,-0.707149,0.000084,0.000017
arm_1_left_finger,203.062000,0.281447,-0.452530,0.144504,0.707065,-0.707149,0.000087,0.000013
arm_1_left_finger,203.078000,0.281486,-0.452582,0.145717,0.707065,-0.707149,0.000083,0.000017
arm_1_left_finger,203.095000,0.281529,-0.452637,0.147028,0.707065,-0.707149,0.000095,0.000004
arm_1_left_finger,203.113000,0.281571,-0.452692,0.148446,0.707065,-0.707149,0.000081,0.000017
arm_1_left_finger,203.122000,0.281591,-0.452719,0.149166,0.707065,-0.707149,0.000081,0.000017
arm_1_left_finger,203.128000,0.281604,-0.452736,0.149647,0.707065,-0.707149,0.000081,0.000017
arm_1_left_finger,203.140000,0.281632,-0.452770,0.150615,0.707065,-0.707149,0.000088,0.000008
arm_1_left_finger,203.153000,0.281658,-0.452806,0.151688,0.707065,-0.707149,0.000079,0.000016
arm_1_left_finger,203.168000,0.281688,-0.452845,0.152944,0.707065,-0.707149,0.000078,0.000017
arm_1_left_finger,203.183000,0.281717,-0.452882,0.154218,0.707064,-0.707149,0.000086,0.000009
arm_1_left_finger,203.199000,0.281745,-0.452919,0.155600,0.707064,-0.707149,0.000077,0.000016
arm_1_left_finger,203.216000,0.281774,-0.452955,0.157091,0.707064,-0.707149,0.000094,-0.000002
arm_1_left_finger,203.233000,0.281798,-0.452989,0.158607,0.707064,-0.707149,0.000076,0.000016
arm_1_left_finger,203.249000,0.281818,-0.453017,0.160057,0.707064,-0.707149,0.000075,0.000016
arm_1_left_finger,203.262000,0.281835,-0.453037,0.161248,0.707064,-0.707149,0.000076,0.000014
arm_1_left_finger,203.278000,0.281851,-0.453059,0.162739,0.707064,-0.707149,0.000073,0.000016
arm_1_left_finger,203.286000,0.281860,-0.453069,0.163491,0.707064,-0.707149,0.000090,-0.000002
arm_1_left_finger,203.299000,0.281869,-0.453083,0.164729,0.707064,-0.707149,0.000073,0.000015
arm_1_left_finger,203.314000,0.281878,-0.453096,0.166174,0.707064,-0.707149,0.000071,0.000016
arm_1_left_finger,203.329000,0.281886,-0.453106,0.167626,0.707064,-0.707149,0.000074,0.000012
arm_1_left_finger,203.344000,0.281890,-0.453112,0.169084,0.707064,-0.707149,0.000069,0.000016
arm_1_left_finger,203.360000,0.281892,-0.453114,0.170637,0.707064,-0.707149,0.000077,0.000007
arm_1_left_finger,203.375000,0.281890,-0.453113,0.172090,0.707064,-0.707150,0.000068,0.000015
arm_1_left_finger,203.391000,0.281884,-0.453108,0.173631,0.707064,-0.707150,0.000067,0.000015
arm_1_left_finger,203.407000,0.281877,-0.453098,0.175158,0.707064,-0.707150,0.000067,0.000014
arm_1_left_finger,203.424000,0.281865,-0.453085,0.176768,0.707064,-0.707150,0.000065,0.000015
arm_1_left_finger,203.441000,0.281851,-0.453066,0.178360,0.707064,-0.707150,0.000066,0.000013
arm_1_left_finger,203.458000,0.281833,-0.453045,0.179933,0.707064,-0.707150,0.000063,0.000015
arm_1_left_finger,203.475000,0.281813,-0.453019,0.181486,0.707064,-0.707150,0.000067,0.000010
arm_1_left_finger,203.492000,0.281789,-0.452989,0.183018,0.707064,-0.707150,0.000062,0.000015
arm_1_left_finger,203.509000,0.281764,-0.452957,0.184528,0.707064,-0.707150,0.000070,0.000005
arm_1_left_finger,203.526000,0.281734,-0.452920,0.186017,0.707064,-0.707150,0.000060,0.000014
arm_1_left_finger,203.543000,0.281703,-0.452881,0.187482,0.707064,-0.707150,0.000060,0.000014
arm_1_left_finger,203.561000,0.281668,-0.452837,0.189008,0.707064,-0.707150,0.000059,0.000013
arm_1_left_finger,203.578000,0.281632,-0.452792,0.190426,0.707064,-0.707150,0.000058,0.000014
arm_1_left_finger,203.595000,0.281596,-0.452744,0.191820,0.707064,-0.707150,0.000060,0.000010
arm_1_left_finger,203.612000,0.281556,-0.452695,0.193190,0.707064,-0.707150,0.000056,0.000014
arm_1_left_finger,203.630000,0.281514,-0.452640,0.194615,0.707064,-0.707150,0.000071,-0.000002
arm_1_left_finger,203.645000,0.281475,-0.452592,0.195782,0.707063,-0.707150,0.000056,0.000013
arm_1_left_finger,203.660000,0.281436,-0.452543,0.196931,0.707063,-0.707150,0.000054,0.000013
arm_1_left_finger,203.676000,0.281395,-0.452489,0.198134,0.707063,-0.707150,0.000063,0.000004
arm_1_left_finger,203.693000,0.281348,-0.452430,0.199391,0.707063,-0.707150,0.000053,0.000013
arm_1_left_finger,203.710000,0.281300,-0.452370,0.200623,0.707063,-0.707150,0.000053,0.000013
arm_1_left_finger,203.727000,0.281253,-0.452309,0.201829,0.707063,-0.707150,0.000055,0.000010
arm_1_left_finger,203.743000,0.281206,-0.452250,0.202944,0.707063,-0.707150,0.000051,0.000013
arm_1_left_finger,203.759000,0.281158,-0.452190,0.204037,0.707063,-0.707150,0.000051,0.000013
arm_1_left_finger,203.776000,0.281109,-0.452126,0.205173,0.707063,-0.707150,0.000053,0.000010
arm_1_left_finger,203.790000,0.281067,-0.452072,0.206092,0.707063,-0.707150,0.000049,0.000013
arm_1_left_finger,203.807000,0.281015,-0.452007,0.207185,0.707063,-0.707150,0.000049,0.000012
arm_1_left_finger,203.822000,0.280971,-0.451948,0.208128,0.707063,-0.707150,0.000055,0.000006
arm_1_left_finger,203.839000,0.280918,-0.451882,0.209176,0.707063,-0.707150,0.000048,0.000012
arm_1_left_finger,203.855000,0.280868,-0.451820,0.210139,0.707063,-0.707150,0.000047,0.000012
arm_1_left_finger,203.870000,0.280824,-0.451761,0.211021,0.707063,-0.707150,0.000060,-0.000001
arm_1_left_finger,203.886000,0.280774,-0.451698,0.211942,0.707063,-0.707150,0.000047,0.000012
arm_1_left_finger,203.899000,0.280733,-0.451647,0.212675,0.707063,-0.707150,0.000046,0.000012
arm_1_left_finger,203.912000,0.280693,-0.451597,0.213393,0.707063,-0.707150,0.000046,0.000012
arm_1_left_finger,203.928000,0.280646,-0.451535,0.214255,0.707063,-0.707150,0.000051,0.000006
arm_1_left_finger,203.944000,0.280597,-0.451473,0.215098,0.707063,-0.707151,0.000045,0.000012
arm_1_left_finger,203.961000,0.280545,-0.451408,0.215969,0.707063,-0.707151,0.000044,0.000012
arm_1_left_finger,203.977000,0.280497,-0.451347,0.216767,0.707063,-0.707151,0.000044,0.000011
arm_1_left_finger,203.994000,0.280449,-0.451283,0.217589,0.707063,-0.707151,0.000044,0.000011
arm_1_left_finger,204.011000,0.280399,-0.451220,0.218388,0.707063,-0.707151,0.000043,0.000011
arm_1_left_finger,204.028000,0.280350,-0.451158,0.219162,0.707063,-0.707151,0.000043,0.000011
arm_1_left_finger,204.045000,0.280304,-0.451097,0.219910,0.707063,-0.707151,0.000050,0.000003
arm_1_left_finger,204.062000,0.280256,-0.451037,0.220635,0.707063,-0.707151,0.000042,0.000011
arm_1_left_finger,204.078000,0.280212,-0.450981,0.221296,0.707063,-0.707151,0.000042,0.000011
arm_1_left_finger,204.094000,0.280169,-0.450927,0.221934,0.707063,-0.707151,0.000042,0.000011
arm_1_left_finger,204.110000,0.280129,-0.450874,0.222548,0.707063,-0.707151,0.000050,0.000002
arm_1_left_finger,204.127000,0.280086,-0.450819,0.223180,0.707063,-0.707151,0.000041,0.000011
arm_1_left_finger,204.144000,0.280043,-0.450766,0.223786,0.707063,-0.707151,0.000040,0.000011
arm_1_left_finger,204.161000,0.280002,-0.450714,0.224367,0.707063,-0.707151,0.000040,0.000010
arm_1_left_finger,204.178000,0.279965,-0.450664,0.224922,0.707063,-0.707151,0.000053,-0.000002
arm_1_left_finger,204.195000,0.279926,-0.450615,0.225455,0.707063,-0.707151,0.000040,0.000010
arm_1_left_finger,204.212000,0.279889,-0.450569,0.225963,0.707063,-0.707151,0.000039,0.000011
arm_1_left_finger,204.229000,0.279854,-0.450524,0.226446,0.707063,-0.707151,0.000039,0.000010
arm_1_left_finger,204.246000,0.279820,-0.450481,0.226904,0.707063,-0.707151,0.000039,0.000010
arm_1_left_finger,204.263000,0.279790,-0.450440,0.227336,0.707063,-0.707151,0.000042,0.000007
arm_1_left_finger,204.280000,0.279759,-0.450402,0.227746,0.707063,-0.707151,0.000038,0.000010
arm_1_left_finger,204.297000,0.279730,-0.450365,0.228130,0.707063,-0.707151,0.000038,0.000010
arm_1_left_finger,204.314000,0.279702,-0.450330,0.228489,0.707063,-0.707151,0.000038,0.000010
arm_1_left_finger,204.330000,0.279678,-0.450300,0.228806,0.707063,-0.707151,0.000038,0.000010
arm_1_left_finger,204.347000,0.279656,-0.450269,0.229115,0.707063,-0.707151,0.000046,0.000002
arm_1_left_finger,204.365000,0.279632,-0.450240,0.229419,0.707063,-0.707151,0.000038,0.000010
arm_1_left_finger,204.382000,0.279612,-0.450214,0.229680,0.707063,-0.707151,0.000037,0.000010
arm_1_left_finger,204.399000,0.279593,-0.450191,0.229916,0.707063,-0.707151,0.000038,0.000010
arm_1_left_finger,204.416000,0.279577,-0.450170,0.230128,0.707063,-0.707151,0.000038,0.000009
arm_1_left_finger,204.434000,0.279561,-0.450150,0.230325,0.707063,-0.707151,0.000005,0.000042
arm_1_left_finger,204.452000,0.279548,-0.450133,0.230494,0.707063,-0.707151,0.000036,0.000011
arm_1_left_finger,204.469000,0.279538,-0.450120,0.230628,0.707063,-0.707151,0.000035,0.000012
arm_1_left_finger,204.485000,0.279529,-0.450110,0.230733,0.707063,-0.707151,0.000021,0.000026
arm_1_left_finger,204.502000,0.279522,-0.450101,0.230819,0.707063,-0.707151,0.000014,0.000032
arm_1_left_finger,204.518000,0.279519,-0.450094,0.230881,0.707063,-0.707151,0.000042,0.000005
arm_1_left_finger,204.535000,0.279515,-0.450089,0.230933,0.707063,-0.707151,0.000037,0.000010
arm_1_left_finger,204.552000,0.279511,-0.450085,0.230973,0.707063,-0.707151,0.000037,0.000010
arm_1_left_finger,204.569000,0.279508,-0.450082,0.231003,0.707063,-0.707151,0.000037,0.000009
arm_1_left_finger,204.586000,0.279506,-0.450080,0.231026,0.707063,-0.707151,0.000037,0.000009
arm_1_left_finger,204.602000,0.279505,-0.450078,0.231043,0.707063,-0.707151,0.000021,0.000026
arm_1_left_finger,204.619000,0.279504,-0.450077,0.231057,0.707063,-0.707151,0.000009,0.000038
arm_1_left_finger,204.636000,0.279505,-0.450077,0.231056,0.707063,-0.707151,0.000010,0.000038
arm_1_left_finger,204.653000,0.279511,-0.450075,0.231053,0.707064,-0.707150,0.000023,0.000035
arm_1_left_finger,204.670000,0.279530,-0.450068,0.231056,0.707066,-0.707148,0.000071,0.000013
arm_1_left_finger,204.687000,0.279559,-0.450056,0.231068,0.707069,-0.707144,0.000113,0.000019
arm_1_left_finger,204.704000,0.279605,-0.450036,0.231090,0.707075,-0.707139,0.000179,0.000027
arm_1_left_finger,204.721000,0.279669,-0.450009,0.231122,0.707083,-0.707131,0.000271,0.000039
arm_1_left_finger,204.738000,0.279754,-0.449973,0.231166,0.707093,-0.707120,0.000393,0.000053
arm_1_left_finger,204.756000,0.279867,-0.449924,0.231224,0.707107,-0.707106,0.000551,0.000077
arm_1_left_finger,204.772000,0.279988,-0.449872,0.231287,0.707122,-0.707091,0.000721,0.000101
arm_1_left_finger,204.789000,0.280140,-0.449807,0.231366,0.707141,-0.707072,0.000938,0.000128
arm_1_left_finger,204.806000,0.280314,-0.449732,0.231458,0.707163,-0.707050,0.001188,0.000157
arm_1_left_finger,204.823000,0.280513,-0.449647,0.231563,0.707187,-0.707025,0.001443,0.000223
arm_1_left_finger,204.840000,0.280736,-0.449550,0.231680,0.707214,-0.706997,0.001776,0.000247
arm_1_left_finger,204.855000,0.280953,-0.449457,0.231794,0.707241,-0.706969,0.002090,0.000281
arm_1_left_finger,204.871000,0.281206,-0.449347,0.231928,0.707272,-0.706937,0.002458,0.000319
arm_1_left_finger,204.888000,0.281499,-0.449220,0.232082,0.707307,-0.706900,0.002883,0.000364
arm_1_left_finger,204.904000,0.281796,-0.449091,0.232240,0.707344,-0.706862,0.003273,0.000450
arm_1_left_finger,204.921000,0.282138,-0.448942,0.232420,0.707385,-0.706818,0.003784,0.000485
arm_1_left_finger,204.937000,0.282479,-0.448793,0.232601,0.707426,-0.706774,0.004284,0.000531
arm_1_left_finger,204.954000,0.282868,-0.448622,0.232807,0.707472,-0.706724,0.004818,0.000621
arm_1_left_finger,204.970000,0.283258,-0.448451,0.233014,0.707519,-0.706673,0.005396,0.000666
arm_1_left_finger,204.986000,0.283670,-0.448270,0.233233,0.707568,-0.706620,0.005997,0.000722
arm_1_left_finger,205.003000,0.284132,-0.448066,0.233478,0.707622,-0.706559,0.006633,0.000823
arm_1_left_finger,205.019000,0.284589,-0.447863,0.233721,0.707676,-0.706499,0.007309,0.000876
arm_1_left_finger,205.034000,0.285036,-0.447664,0.233959,0.707728,-0.706439,0.007960,0.000937
arm_1_left_finger,205.050000,0.285534,-0.447441,0.234225,0.707786,-0.706373,0.008682,0.001008
arm_1_left_finger,205.066000,0.286057,-0.447207,0.234504,0.707847,-0.706303,0.009406,0.001116
arm_1_left_finger,205.083000,0.286637,-0.446947,0.234814,0.707913,-0.706224,0.010263,0.001180
arm_1_left_finger,205.100000,0.287240,-0.446674,0.235136,0.707982,-0.706142,0.011143,0.001257
arm_1_left_finger,205.116000,0.287831,-0.446406,0.235453,0.708049,-0.706061,0.011973,0.001365
arm_1_left_finger,205.133000,0.288483,-0.446109,0.235803,0.708122,-0.705970,0.012933,0.001437
arm_1_left_finger,205.150000,0.289155,-0.445802,0.236164,0.708196,-0.705878,0.013861,0.001572
arm_1_left_finger,205.167000,0.289857,-0.445478,0.236542,0.708274,-0.705779,0.014906,0.001636
arm_1_left_finger,205.184000,0.290583,-0.445143,0.236933,0.708353,-0.705675,0.015975,0.001712
arm_1_left_finger,205.200000,0.291289,-0.444815,0.237314,0.708430,-0.705574,0.017007,0.001793
arm_1_left_finger,205.217000,0.292063,-0.444453,0.237732,0.708512,-0.705463,0.018111,0.001906
arm_1_left_finger,205.234000,0.292855,-0.444081,0.238161,0.708596,-0.705348,0.019278,0.001984
arm_1_left_finger,205.252000,0.293727,-0.443669,0.238635,0.708688,-0.705220,0.020527,0.002103
arm_1_left_finger,205.269000,0.294576,-0.443266,0.239096,0.708776,-0.705094,0.021780,0.002178
arm_1_left_finger,205.286000,0.295448,-0.442849,0.239571,0.708865,-0.704963,0.023063,0.002260
arm_1_left_finger,205.302000,0.296291,-0.442444,0.240031,0.708950,-0.704837,0.024273,0.002366
arm_1_left_finger,205.318000,0.297155,-0.442026,0.240504,0.709037,-0.704704,0.025549,0.002437
arm_1_left_finger,205.335000,0.298097,-0.441567,0.241020,0.709130,-0.704559,0.026936,0.002514
arm_1_left_finger,205.352000,0.299061,-0.441095,0.241550,0.709223,-0.704409,0.028334,0.002614
arm_1_left_finger,205.368000,0.299991,-0.440636,0.242062,0.709313,-0.704263,0.029709,0.002680
arm_1_left_finger,205.385000,0.301002,-0.440134,0.242620,0.709408,-0.704103,0.031162,0.002791
arm_1_left_finger,205.402000,0.302036,-0.439617,0.243192,0.709504,-0.703936,0.032711,0.002839
arm_1_left_finger,205.419000,0.303094,-0.439084,0.243778,0.709601,-0.703763,0.034281,0.002899
arm_1_left_finger,205.435000,0.304111,-0.438568,0.244343,0.709692,-0.703597,0.035758,0.002986
arm_1_left_finger,205.452000,0.305214,-0.438005,0.244958,0.709790,-0.703413,0.037409,0.003029
arm_1_left_finger,205.469000,0.306341,-0.437425,0.245588,0.709887,-0.703225,0.039044,0.003118
arm_1_left_finger,205.486000,0.307483,-0.436833,0.246228,0.709984,-0.703030,0.040764,0.003143
arm_1_left_finger,205.502000,0.308587,-0.436255,0.246848,0.710076,-0.702839,0.042413,0.003177
arm_1_left_finger,205.519000,0.309782,-0.435626,0.247521,0.710174,-0.702632,0.044168,0.003239
arm_1_left_finger,205.535000,0.310927,-0.435018,0.248168,0.710265,-0.702429,0.045891,0.003253
arm_1_left_finger,205.551000,0.312092,-0.434395,0.248829,0.710356,-0.702221,0.047638,0.003268
arm_1_left_finger,205.567000,0.313277,-0.433756,0.249502,0.710446,-0.702009,0.049383,0.003312
arm_1_left_finger,205.584000,0.314557,-0.433061,0.250231,0.710542,-0.701774,0.051317,0.003304
arm_1_left_finger,205.601000,0.315859,-0.432347,0.250976,0.710636,-0.701535,0.053238,0.003338
arm_1_left_finger,205.618000,0.317183,-0.431615,0.251736,0.710729,-0.701285,0.055254,0.003303
arm_1_left_finger,205.635000,0.318529,-0.430863,0.252511,0.710821,-0.701028,0.057293,0.003274
arm_1_left_finger,205.652000,0.319897,-0.430094,0.253301,0.710911,-0.700767,0.059335,0.003268
arm_1_left_finger,205.669000,0.321286,-0.429304,0.254107,0.711000,-0.700494,0.061449,0.003214
arm_1_left_finger,205.686000,0.322697,-0.428496,0.254928,0.711087,-0.700218,0.063557,0.003193
arm_1_left_finger,205.702000,0.324043,-0.427717,0.255714,0.711167,-0.699947,0.065620,0.003115
arm_1_left_finger,205.719000,0.325495,-0.426869,0.256565,0.711251,-0.699651,0.067840,0.003029
arm_1_left_finger,205.735000,0.326880,-0.426053,0.257380,0.711327,-0.699368,0.069927,0.002970
arm_1_left_finger,205.752000,0.328371,-0.425166,0.258261,0.711405,-0.699055,0.072221,0.002853
arm_1_left_finger,205.769000,0.329883,-0.424257,0.259158,0.711481,-0.698738,0.074510,0.002765
arm_1_left_finger,205.785000,0.331324,-0.423383,0.260017,0.711550,-0.698427,0.076737,0.002626
arm_1_left_finger,205.801000,0.332784,-0.422490,0.260889,0.711616,-0.698114,0.078950,0.002523
arm_1_left_finger,205.818000,0.334354,-0.421519,0.261832,0.711684,-0.697765,0.081394,0.002338
arm_1_left_finger,205.835000,0.335943,-0.420526,0.262790,0.711748,-0.697413,0.083816,0.002193
arm_1_left_finger,205.851000,0.337457,-0.419571,0.263707,0.711804,-0.697068,0.086182,0.001990
arm_1_left_finger,205.868000,0.339083,-0.418534,0.264697,0.711861,-0.696697,0.088676,0.001809
arm_1_left_finger,205.885000,0.340729,-0.417474,0.265703,0.711914,-0.696310,0.091258,0.001558
arm_1_left_finger,205.901000,0.342295,-0.416455,0.266665,0.711960,-0.695945,0.093661,0.001365
arm_1_left_finger,205.917000,0.343877,-0.415415,0.267641,0.712002,-0.695561,0.096160,0.001088
arm_1_left_finger,205.934000,0.345576,-0.414286,0.268695,0.712042,-0.695153,0.098780,0.000844
arm_1_left_finger,205.951000,0.347293,-0.413132,0.269765,0.712077,-0.694724,0.101508,0.000504
arm_1_left_finger,205.969000,0.349130,-0.411884,0.270916,0.712109,-0.694267,0.104373,0.000184
arm_1_left_finger,205.987000,0.350986,-0.410608,0.272085,0.712135,-0.693789,0.107331,-0.000217
arm_1_left_finger,206.003000,0.352652,-0.409449,0.273141,0.712153,-0.693363,0.109932,-0.000533
arm_1_left_finger,206.019000,0.354333,-0.408267,0.274211,0.712166,-0.692918,0.112622,-0.000930
arm_1_left_finger,206.035000,0.356028,-0.407062,0.275297,0.712173,-0.692472,0.115281,-0.001285
arm_1_left_finger,206.053000,0.357953,-0.405678,0.276536,0.712175,-0.691946,0.118383,-0.001790
arm_1_left_finger,206.070000,0.359786,-0.404343,0.277724,0.712170,-0.691447,0.121285,-0.002228
arm_1_left_finger,206.086000,0.361526,-0.403062,0.278858,0.712160,-0.690956,0.124099,-0.002720
arm_1_left_finger,206.102000,0.363279,-0.401756,0.280007,0.712143,-0.690467,0.126874,-0.003166
arm_1_left_finger,206.118000,0.365046,-0.400425,0.281171,0.712120,-0.689953,0.129754,-0.003714
arm_1_left_finger,206.135000,0.366937,-0.398984,0.282426,0.712088,-0.689398,0.132828,-0.004307
arm_1_left_finger,206.151000,0.368730,-0.397600,0.283623,0.712051,-0.688870,0.135715,-0.004854
arm_1_left_finger,206.168000,0.370649,-0.396101,0.284912,0.712004,-0.688288,0.138853,-0.005504
arm_1_left_finger,206.185000,0.372581,-0.394573,0.286219,0.711949,-0.687700,0.141986,-0.006148
arm_1_left_finger,206.202000,0.374526,-0.393016,0.287543,0.711885,-0.687090,0.145186,-0.006862
arm_1_left_finger,206.218000,0.376363,-0.391526,0.288803,0.711818,-0.686514,0.148179,-0.007521
arm_1_left_finger,206.234000,0.378204,-0.390015,0.290074,0.711743,-0.685918,0.151230,-0.008249
arm_1_left_finger,206.251000,0.380162,-0.388387,0.291435,0.711655,-0.685283,0.154446,-0.009013
arm_1_left_finger,206.268000,0.382118,-0.386740,0.292805,0.711558,-0.684629,0.157708,-0.009843
arm_1_left_finger,206.284000,0.383956,-0.385173,0.294102,0.711459,-0.684014,0.160744,-0.010610
arm_1_left_finger,206.301000,0.385903,-0.383490,0.295485,0.711345,-0.683342,0.164012,-0.011495
arm_1_left_finger,206.318000,0.387844,-0.381792,0.296875,0.711223,-0.682670,0.167246,-0.012371
arm_1_left_finger,206.335000,0.389776,-0.380078,0.298270,0.711093,-0.681994,0.170460,-0.013254
arm_1_left_finger,206.352000,0.391701,-0.378349,0.299669,0.710952,-0.681291,0.173742,-0.014239
arm_1_left_finger,206.368000,0.393503,-0.376709,0.300990,0.710814,-0.680642,0.176753,-0.015113
arm_1_left_finger,206.385000,0.395409,-0.374952,0.302397,0.710657,-0.679924,0.180028,-0.016150
arm_1_left_finger,206.402000,0.397305,-0.373182,0.303808,0.710493,-0.679215,0.183229,-0.017142
arm_1_left_finger,206.419000,0.399190,-0.371399,0.305223,0.710318,-0.678483,0.186486,-0.018226
arm_1_left_finger,206.436000,0.401064,-0.369602,0.306641,0.710137,-0.677758,0.189678,-0.019274
arm_1_left_finger,206.454000,0.403036,-0.367685,0.308147,0.709934,-0.676967,0.193108,-0.020473
arm_1_left_finger,206.472000,0.404996,-0.365753,0.309656,0.709723,-0.676179,0.196485,-0.021655
arm_1_left_finger,206.489000,0.406835,-0.363916,0.311084,0.709515,-0.675434,0.199644,-0.022773
arm_1_left_finger,206.506000,0.408662,-0.362066,0.312515,0.709297,-0.674660,0.202869,-0.023995
arm_1_left_finger,206.523000,0.410477,-0.360204,0.313950,0.709072,-0.673900,0.206017,-0.025170
arm_1_left_finger,206.540000,0.412281,-0.358329,0.315388,0.708836,-0.673112,0.209220,-0.026437
arm_1_left_finger,206.557000,0.414072,-0.356442,0.316828,0.708594,-0.672335,0.212355,-0.027667
arm_1_left_finger,206.575000,0.415955,-0.354431,0.318357,0.708326,-0.671486,0.215723,-0.029058
arm_1_left_finger,206.591000,0.417617,-0.352631,0.319719,0.708082,-0.670742,0.218655,-0.030263
arm_1_left_finger,206.608000,0.419371,-0.350708,0.321168,0.707812,-0.669927,0.221812,-0.031622
arm_1_left_finger,206.624000,0.421011,-0.348886,0.322535,0.707552,-0.669169,0.224727,-0.032873
arm_1_left_finger,206.638000,0.422436,-0.347284,0.323733,0.707316,-0.668489,0.227307,-0.034025
arm_1_left_finger,206.654000,0.424054,-0.345443,0.325105,0.707043,-0.667725,0.230189,-0.035299
arm_1_left_finger,206.671000,0.425761,-0.343475,0.326565,0.706740,-0.666877,0.233326,-0.036768
arm_1_left_finger,206.687000,0.427355,-0.341613,0.327942,0.706452,-0.666101,0.236189,-0.038087
arm_1_left_finger,206.704000,0.429037,-0.339623,0.329408,0.706132,-0.665238,0.239306,-0.039604
arm_1_left_finger,206.721000,0.430705,-0.337621,0.330877,0.705807,-0.664392,0.242347,-0.041076
arm_1_left_finger,206.739000,0.432456,-0.335489,0.332435,0.705451,-0.663467,0.245613,-0.042723
arm_1_left_finger,206.756000,0.434097,-0.333464,0.333909,0.705108,-0.662603,0.248641,-0.044256
arm_1_left_finger,206.771000,0.435533,-0.331668,0.335212,0.704796,-0.661823,0.251332,-0.045659
arm_1_left_finger,206.786000,0.436962,-0.329863,0.336516,0.704478,-0.661043,0.254001,-0.047066
arm_1_left_finger,206.801000,0.438376,-0.328050,0.337824,0.704154,-0.660256,0.256666,-0.048498
arm_1_left_finger,206.817000,0.439873,-0.326106,0.339221,0.703801,-0.659413,0.259491,-0.050039
arm_1_left_finger,206.828000,0.440895,-0.324764,0.340183,0.703554,-0.658829,0.261427,-0.051109
arm_1_left_finger,206.842000,0.442187,-0.323049,0.341409,0.703235,-0.658090,0.263865,-0.052467
arm_1_left_finger,206.858000,0.443652,-0.321081,0.342812,0.702863,-0.657235,0.266653,-0.054052
arm_1_left_finger,206.874000,0.445104,-0.319103,0.344218,0.702483,-0.656369,0.269442,-0.055670
arm_1_left_finger,206.889000,0.446454,-0.317240,0.345537,0.702119,-0.655551,0.272047,-0.057206
arm_1_left_finger,206.906000,0.447971,-0.315119,0.347036,0.701698,-0.654615,0.274993,-0.058976
arm_1_left_finger,206.922000,0.449386,-0.313113,0.348448,0.701298,-0.653744,0.277715,-0.060621
arm_1_left_finger,206.939000,0.450874,-0.310971,0.349951,0.700859,-0.652788,0.280649,-0.062450
arm_1_left_finger,206.956000,0.452348,-0.308820,0.351457,0.700416,-0.651846,0.283523,-0.064252
arm_1_left_finger,206.972000,0.453722,-0.306785,0.352877,0.699987,-0.650933,0.286262,-0.066020
arm_1_left_finger,206.989000,0.455167,-0.304614,0.354388,0.699527,-0.649978,0.289110,-0.067867
arm_1_left_finger,207.006000,0.456598,-0.302433,0.355901,0.699054,-0.648993,0.291995,-0.069792
arm_1_left_finger,207.023000,0.458013,-0.300242,0.357417,0.698576,-0.648023,0.294819,-0.071689
arm_1_left_finger,207.040000,0.459413,-0.298041,0.358935,0.698086,-0.647026,0.297672,-0.073656
arm_1_left_finger,207.057000,0.460798,-0.295830,0.360456,0.697591,-0.646040,0.300471,-0.075602
arm_1_left_finger,207.074000,0.462167,-0.293610,0.361979,0.697089,-0.645054,0.303244,-0.077558
arm_1_left_finger,207.091000,0.463521,-0.291381,0.363505,0.696571,-0.644028,0.306072,-0.079612
arm_1_left_finger,207.108000,0.464860,-0.289142,0.365033,0.696050,-0.643022,0.308826,-0.081625
arm_1_left_finger,207.124000,0.466091,-0.287050,0.366457,0.695554,-0.642063,0.311413,-0.083559
arm_1_left_finger,207.140000,0.467325,-0.284921,0.367903,0.695048,-0.641104,0.313982,-0.085494
arm_1_left_finger,207.155000,0.468470,-0.282919,0.369260,0.694562,-0.640181,0.316416,-0.087369
arm_1_left_finger,207.171000,0.469676,-0.280776,0.370708,0.694042,-0.639212,0.318956,-0.089340
arm_1_left_finger,207.187000,0.470867,-0.278626,0.372159,0.693516,-0.638245,0.321466,-0.091314
arm_1_left_finger,207.204000,0.472117,-0.276334,0.373702,0.692937,-0.637167,0.324205,-0.093527
arm_1_left_finger,207.221000,0.473351,-0.274034,0.375246,0.692359,-0.636115,0.326862,-0.095691
arm_1_left_finger,207.238000,0.474568,-0.271726,0.376793,0.691774,-0.635062,0.329494,-0.097866
arm_1_left_finger,207.253000,0.475628,-0.269683,0.378159,0.691242,-0.634098,0.331859,-0.099864
arm_1_left_finger,207.267000,0.476606,-0.267770,0.379436,0.690752,-0.633236,0.333976,-0.101658
arm_1_left_finger,207.281000,0.477572,-0.265851,0.380714,0.690243,-0.632325,0.336163,-0.103555
arm_1_left_finger,207.296000,0.478596,-0.263790,0.382085,0.689694,-0.631353,0.338478,-0.105586
arm_1_left_finger,207.313000,0.479739,-0.261446,0.383641,0.689069,-0.630265,0.341049,-0.107869
arm_1_left_finger,207.330000,0.480866,-0.259095,0.385199,0.688437,-0.629174,0.343598,-0.110164
arm_1_left_finger,207.347000,0.481976,-0.256735,0.386759,0.687798,-0.628082,0.346117,-0.112469
arm_1_left_finger,207.363000,0.483006,-0.254508,0.388229,0.687176,-0.627008,0.348547,-0.114737
arm_1_left_finger,207.380000,0.484083,-0.252134,0.389793,0.686518,-0.625898,0.351045,-0.117094
arm_1_left_finger,207.397000,0.485143,-0.249752,0.391359,0.685855,-0.624789,0.353514,-0.119458
arm_1_left_finger,207.414000,0.486186,-0.247364,0.392927,0.685167,-0.623627,0.356045,-0.121931
arm_1_left_finger,207.432000,0.487271,-0.244827,0.394589,0.684442,-0.622426,0.358643,-0.124501
arm_1_left_finger,207.450000,0.488337,-0.242282,0.396254,0.683708,-0.621220,0.361217,-0.127090
arm_1_left_finger,207.467000,0.489326,-0.239871,0.397828,0.683010,-0.620084,0.363612,-0.129537
arm_1_left_finger,207.484000,0.490297,-0.237453,0.399403,0.682286,-0.618895,0.366070,-0.132093
arm_1_left_finger,207.502000,0.491306,-0.234886,0.401074,0.681523,-0.617666,0.368589,-0.134749
arm_1_left_finger,207.519000,0.492241,-0.232455,0.402654,0.680797,-0.616506,0.370936,-0.137265
arm_1_left_finger,207.536000,0.493159,-0.230017,0.404236,0.680049,-0.615306,0.373323,-0.139864
arm_1_left_finger,207.553000,0.494058,-0.227573,0.405819,0.679303,-0.614128,0.375643,-0.142430
arm_1_left_finger,207.571000,0.494991,-0.224979,0.407497,0.678505,-0.612873,0.378080,-0.145168
arm_1_left_finger,207.588000,0.495854,-0.222522,0.409084,0.677745,-0.611691,0.380347,-0.147757
arm_1_left_finger,207.605000,0.496698,-0.220060,0.410673,0.676960,-0.610460,0.382664,-0.150441
arm_1_left_finger,207.610000,0.496943,-0.219335,0.411141,0.676737,-0.610121,0.383303,-0.151191
arm_1_left_finger,207.624000,0.497621,-0.217301,0.412451,0.676085,-0.609109,0.385178,-0.153404
arm_1_left_finger,207.640000,0.498380,-0.214972,0.413950,0.675345,-0.607978,0.387257,-0.155897
arm_1_left_finger,207.655000,0.499077,-0.212784,0.415356,0.674633,-0.606883,0.389236,-0.158300
arm_1_left_finger,207.672000,0.499850,-0.210300,0.416951,0.673828,-0.605663,0.391419,-0.160993
arm_1_left_finger,207.688000,0.500560,-0.207957,0.418454,0.673068,-0.604522,0.393437,-0.163524
arm_1_left_finger,207.704000,0.501254,-0.205609,0.419958,0.672281,-0.603329,0.395508,-0.166150
arm_1_left_finger,207.721000,0.501974,-0.203110,0.421558,0.671452,-0.602093,0.397631,-0.168893
arm_1_left_finger,207.737000,0.502634,-0.200753,0.423065,0.670671,-0.600939,0.399589,-0.171466
arm_1_left_finger,207.754000,0.503318,-0.198244,0.424668,0.669807,-0.599647,0.401740,-0.174318
arm_1_left_finger,207.771000,0.503983,-0.195731,0.426272,0.668954,-0.598394,0.403803,-0.177112
arm_1_left_finger,207.788000,0.504629,-0.193213,0.427878,0.668095,-0.597142,0.405836,-0.179913
arm_1_left_finger,207.805000,0.505256,-0.190691,0.429485,0.667206,-0.595836,0.407917,-0.182807
arm_1_left_finger,207.822000,0.505865,-0.188165,0.431093,0.666327,-0.594565,0.409919,-0.185654
arm_1_left_finger,207.838000,0.506420,-0.185783,0.432608,0.665482,-0.593341,0.411815,-0.188383
arm_1_left_finger,207.855000,0.506991,-0.183249,0.434219,0.664591,-0.592068,0.413762,-0.191246
arm_1_left_finger,207.871000,0.507511,-0.180861,0.435736,0.663728,-0.590828,0.415627,-0.194014
arm_1_left_finger,207.888000,0.508046,-0.178320,0.437349,0.662820,-0.589541,0.417536,-0.196913
arm_1_left_finger,207.905000,0.508561,-0.175775,0.438964,0.661885,-0.588211,0.419477,-0.199887
arm_1_left_finger,207.923000,0.509085,-0.173077,0.440675,0.660900,-0.586825,0.421467,-0.203008
arm_1_left_finger,207.938000,0.509506,-0.170826,0.442101,0.660082,-0.585685,0.423080,-0.205592
arm_1_left_finger,207.955000,0.509964,-0.168272,0.443719,0.659117,-0.584326,0.424972,-0.208630
arm_1_left_finger,207.970000,0.510353,-0.166016,0.445148,0.658280,-0.583169,0.426560,-0.211252
arm_1_left_finger,207.986000,0.510750,-0.163607,0.446672,0.657361,-0.581889,0.428290,-0.214125
arm_1_left_finger,208.002000,0.511131,-0.161196,0.448198,0.656450,-0.580636,0.429956,-0.216961
arm_1_left_finger,208.019000,0.511516,-0.158631,0.449819,0.655476,-0.579303,0.431701,-0.219984
arm_1_left_finger,208.036000,0.511882,-0.156065,0.451442,0.654472,-0.577921,0.433481,-0.223087
arm_1_left_finger,208.053000,0.512228,-0.153496,0.453066,0.653477,-0.576569,0.435191,-0.226152
arm_1_left_finger,208.070000,0.512554,-0.150925,0.454690,0.652477,-0.575217,0.436871,-0.229223
arm_1_left_finger,208.088000,0.512878,-0.148200,0.456411,0.651409,-0.573778,0.438627,-0.232491
arm_1_left_finger,208.105000,0.513164,-0.145625,0.458037,0.650367,-0.572368,0.440321,-0.235661
arm_1_left_finger,208.123000,0.513445,-0.142897,0.459760,0.649276,-0.570909,0.442037,-0.238972
arm_1_left_finger,208.141000,0.513704,-0.140168,0.461484,0.648177,-0.569447,0.443723,-0.242294
arm_1_left_finger,208.158000,0.513927,-0.137590,0.463111,0.647137,-0.568072,0.445278,-0.245429
arm_1_left_finger,208.176000,0.514142,-0.134864,0.464833,0.645998,-0.566557,0.446968,-0.248839
arm_1_left_finger,208.194000,0.514334,-0.132145,0.466549,0.644875,-0.565081,0.448573,-0.252193
arm_1_left_finger,208.211000,0.514495,-0.129591,0.468162,0.643817,-0.563697,0.450049,-0.255347
arm_1_left_finger,208.229000,0.514642,-0.126904,0.469859,-0.642695,0.562234,-0.451577,0.258678
arm_1_left_finger,208.246000,0.514760,-0.124387,0.471448,-0.641612,0.560819,-0.453036,0.261868
arm_1_left_finger,208.264000,0.514864,-0.121746,0.473117,-0.640488,0.559365,-0.454497,0.265177
arm_1_left_finger,208.281000,0.514942,-0.119275,0.474677,-0.639434,0.558006,-0.455832,0.268273
arm_1_left_finger,208.298000,0.515001,-0.116828,0.476223,-0.638386,0.556664,-0.457124,0.271341
arm_1_left_finger,208.314000,0.515039,-0.114562,0.477656,-0.637381,0.555369,-0.458359,0.274258
arm_1_left_finger,208.328000,0.515060,-0.112586,0.478905,-0.636530,0.554286,-0.459361,0.276740
arm_1_left_finger,208.344000,0.515069,-0.110359,0.480314,-0.635531,0.553007,-0.460538,0.279621
arm_1_left_finger,208.360000,0.515064,-0.108143,0.481715,-0.634558,0.551776,-0.461638,0.282435
arm_1_left_finger,208.376000,0.515044,-0.105953,0.483102,-0.633565,0.550513,-0.462757,0.285282
arm_1_left_finger,208.393000,0.515007,-0.103654,0.484557,-0.632536,0.549217,-0.463874,0.288235
arm_1_left_finger,208.410000,0.514954,-0.101383,0.485995,-0.631521,0.547944,-0.464944,0.291145
arm_1_left_finger,208.427000,0.514888,-0.099167,0.487399,-0.630521,0.546693,-0.465977,0.294000
arm_1_left_finger,208.444000,0.514807,-0.096948,0.488806,-0.629480,0.545384,-0.467053,0.296939
arm_1_left_finger,208.461000,0.514711,-0.094760,0.490194,-0.628488,0.544153,-0.468023,0.299760
arm_1_left_finger,208.478000,0.514603,-0.092602,0.491563,-0.627465,0.542875,-0.469030,0.302630
arm_1_left_finger,208.495000,0.514483,-0.090485,0.492907,-0.626487,0.541667,-0.469946,0.305388
arm_1_left_finger,208.512000,0.514350,-0.088384,0.494242,-0.625483,0.540421,-0.470887,0.308191
arm_1_left_finger,208.530000,0.514197,-0.086191,0.495635,-0.624451,0.539150,-0.471814,0.311080
arm_1_left_finger,208.547000,0.514041,-0.084152,0.496932,-0.623499,0.537986,-0.472635,0.313746
arm_1_left_finger,208.564000,0.513874,-0.082142,0.498211,-0.622515,0.536774,-0.473498,0.316462
arm_1_left_finger,208.580000,0.513709,-0.080278,0.499398,-0.621638,0.535707,-0.474217,0.318908
arm_1_left_finger,208.596000,0.513535,-0.078440,0.500569,-0.620729,0.534593,-0.474980,0.321404
arm_1_left_finger,208.614000,0.513329,-0.076402,0.501868,-0.619750,0.533405,-0.475753,0.324111
arm_1_left_finger,208.628000,0.513163,-0.074841,0.502863,-0.618974,0.532461,-0.476371,0.326233
arm_1_left_finger,208.645000,0.512954,-0.072973,0.504056,-0.618043,0.531330,-0.477095,0.328774
arm_1_left_finger,208.659000,0.512776,-0.071456,0.505024,-0.617313,0.530453,-0.477624,0.330785
arm_1_left_finger,208.674000,0.512580,-0.069853,0.506049,-0.616503,0.529474,-0.478231,0.332981
arm_1_left_finger,208.690000,0.512365,-0.068167,0.507127,-0.615653,0.528449,-0.478849,0.335285
arm_1_left_finger,208.707000,0.512131,-0.066405,0.508254,-0.614782,0.527406,-0.479450,0.337659
arm_1_left_finger,208.724000,0.511890,-0.064673,0.509364,-0.613895,0.526340,-0.480070,0.340048
arm_1_left_finger,208.742000,0.511630,-0.062870,0.510519,-0.612996,0.525268,-0.480658,0.342487
arm_1_left_finger,208.758000,0.511394,-0.061295,0.511529,-0.612180,0.524292,-0.481202,0.344670
arm_1_left_finger,208.775000,0.511139,-0.059649,0.512585,-0.611366,0.523327,-0.481697,0.346884
arm_1_left_finger,208.792000,0.510880,-0.058034,0.513622,-0.610509,0.522305,-0.482252,0.349154
arm_1_left_finger,208.809000,0.510617,-0.056446,0.514643,-0.609677,0.521316,-0.482768,0.351367
arm_1_left_finger,208.826000,0.510351,-0.054888,0.515645,-0.608884,0.520381,-0.483224,0.353495
arm_1_left_finger,208.844000,0.510066,-0.053270,0.516686,-0.608024,0.519361,-0.483736,0.355768
arm_1_left_finger,208.861000,0.509795,-0.051772,0.517651,-0.607231,0.518425,-0.484190,0.357863
arm_1_left_finger,208.877000,0.509537,-0.050388,0.518543,-0.606526,0.517599,-0.484557,0.359752
arm_1_left_finger,208.894000,0.509262,-0.048944,0.519474,-0.605745,0.516679,-0.484993,0.361797
arm_1_left_finger,208.910000,0.509002,-0.047613,0.520333,-0.605031,0.515841,-0.485375,0.363671
arm_1_left_finger,208.924000,0.508775,-0.046473,0.521070,-0.604421,0.515126,-0.485691,0.365274
arm_1_left_finger,208.939000,0.508532,-0.045278,0.521842,-0.603778,0.514373,-0.486019,0.366958
arm_1_left_finger,208.953000,0.508302,-0.044172,0.522558,-0.603182,0.513676,-0.486316,0.368519
arm_1_left_finger,208.968000,0.508057,-0.043008,0.523311,-0.602591,0.512993,-0.486569,0.370099
arm_1_left_finger,208.982000,0.507828,-0.041943,0.524001,-0.602014,0.512320,-0.486844,0.371606
arm_1_left_finger,208.999000,0.507550,-0.040674,0.524822,-0.601307,0.511496,-0.487188,0.373429
arm_1_left_finger,209.016000,0.507274,-0.039436,0.525625,-0.600621,0.510697,-0.487510,0.375203
arm_1_left_finger,209.033000,0.506999,-0.038226,0.526410,-0.599951,0.509919,-0.487814,0.376933
arm_1_left_finger,209.049000,0.506741,-0.037113,0.527133,-0.599336,0.509206,-0.488084,0.378522
arm_1_left_finger,209.065000,0.506486,-0.036026,0.527839,-0.598734,0.508509,-0.488342,0.380077
arm_1_left_finger,209.081000,0.506232,-0.034963,0.528530,-0.598144,0.507828,-0.488588,0.381597
arm_1_left_finger,209.098000,0.505964,-0.033861,0.529247,-0.597564,0.507162,-0.488794,0.383124
arm_1_left_finger,209.114000,0.505715,-0.032850,0.529906,-0.596993,0.506503,-0.489028,0.384585
arm_1_left_finger,209.131000,0.505454,-0.031803,0.530588,-0.596400,0.505819,-0.489265,0.386100
arm_1_left_finger,209.149000,0.505180,-0.030725,0.531291,-0.595786,0.505112,-0.489507,0.387664
arm_1_left_finger,209.166000,0.504926,-0.029735,0.531936,-0.595226,0.504469,-0.489717,0.389094
arm_1_left_finger,209.183000,0.504675,-0.028774,0.532564,-0.594681,0.503843,-0.489917,0.390485
arm_1_left_finger,209.199000,0.504442,-0.027894,0.533139,-0.594182,0.503272,-0.490094,0.391757
arm_1_left_finger,209.213000,0.504242,-0.027144,0.533629,-0.593759,0.502789,-0.490238,0.392836
arm_1_left_finger,209.229000,0.504017,-0.026310,0.534174,-0.593286,0.502248,-0.490397,0.394041
arm_1_left_finger,209.245000,0.503797,-0.025500,0.534704,-0.592827,0.501723,-0.490549,0.395211
arm_1_left_finger,209.260000,0.503594,-0.024764,0.535186,-0.592413,0.501251,-0.490678,0.396270
arm_1_left_finger,209.273000,0.503421,-0.024142,0.535593,-0.592032,0.500815,-0.490823,0.397209
arm_1_left_finger,209.286000,0.503251,-0.023537,0.535990,-0.591688,0.500423,-0.490929,0.398085
arm_1_left_finger,209.299000,0.503085,-0.022947,0.536376,-0.591357,0.500047,-0.491024,0.398930
arm_1_left_finger,209.308000,0.502972,-0.022549,0.536637,-0.591114,0.499769,-0.491111,0.399530
arm_1_left_finger,209.324000,0.502775,-0.021861,0.537089,-0.590718,0.499319,-0.491230,0.400532
arm_1_left_finger,209.340000,0.502584,-0.021197,0.537524,-0.590336,0.498885,-0.491341,0.401498
arm_1_left_finger,209.355000,0.502408,-0.020594,0.537920,-0.589994,0.498497,-0.491434,0.402368
arm_1_left_finger,209.372000,0.502216,-0.019937,0.538352,-0.589622,0.498075,-0.491532,0.403316
arm_1_left_finger,209.389000,0.502030,-0.019306,0.538766,-0.589229,0.497627,-0.491667,0.404276
arm_1_left_finger,209.406000,0.501850,-0.018703,0.539163,-0.588878,0.497229,-0.491764,0.405160
arm_1_left_finger,209.423000,0.501677,-0.018127,0.539542,-0.588543,0.496851,-0.491853,0.406001
arm_1_left_finger,209.441000,0.501502,-0.017546,0.539924,-0.588208,0.496472,-0.491937,0.406847
arm_1_left_finger,209.458000,0.501344,-0.017026,0.540267,-0.587927,0.496156,-0.491988,0.407576
arm_1_left_finger,209.475000,0.501193,-0.016532,0.540592,-0.587602,0.495786,-0.492106,0.408354
arm_1_left_finger,209.492000,0.501049,-0.016065,0.540899,-0.587333,0.495482,-0.492169,0.409033
arm_1_left_finger,209.509000,0.500913,-0.015625,0.541190,-0.587065,0.495179,-0.492244,0.409694
arm_1_left_finger,209.527000,0.500777,-0.015188,0.541478,-0.586808,0.494890,-0.492306,0.410335
arm_1_left_finger,209.545000,0.500650,-0.014781,0.541746,-0.586600,0.494657,-0.492325,0.410889
arm_1_left_finger,209.563000,0.500532,-0.014404,0.541995,-0.586343,0.494365,-0.492421,0.411494
arm_1_left_finger,209.580000,0.500428,-0.014075,0.542212,-0.586146,0.494142,-0.492470,0.411984
arm_1_left_finger,209.597000,0.500332,-0.013773,0.542411,-0.585966,0.493939,-0.492513,0.412431
arm_1_left_finger,209.615000,0.500240,-0.013481,0.542604,-0.585792,0.493744,-0.492553,0.412863
arm_1_left_finger,209.631000,0.500165,-0.013248,0.542758,-0.585653,0.493587,-0.492586,0.413208
arm_1_left_finger,209.647000,0.500098,-0.013038,0.542896,-0.585528,0.493447,-0.492615,0.413519
arm_1_left_finger,209.662000,0.500042,-0.012862,0.543012,-0.585423,0.493329,-0.492639,0.413779
arm_1_left_finger,209.677000,0.499992,-0.012708,0.543115,-0.585331,0.493225,-0.492660,0.414009
arm_1_left_finger,209.691000,0.499952,-0.012581,0.543198,-0.585256,0.493140,-0.492677,0.414196
arm_1_left_finger,209.707000,0.499912,-0.012459,0.543279,-0.585182,0.493057,-0.492694,0.414378
arm_1_left_finger,209.723000,0.499881,-0.012360,0.543345,-0.585123,0.492991,-0.492707,0.414525
arm_1_left_finger,209.740000,0.499854,-0.012278,0.543399,-0.585074,0.492936,-0.492718,0.414646
arm_1_left_finger,209.756000,0.499835,-0.012219,0.543438,-0.585039,0.492896,-0.492726,0.414733
arm_1_left_finger,209.772000,0.499820,-0.012173,0.543468,-0.585012,0.492865,-0.492732,0.414801
arm_1_left_finger,209.788000,0.499809,-0.012138,0.543491,-0.584990,0.492842,-0.492737,0.414854
arm_1_left_finger,209.805000,0.499799,-0.012109,0.543511,-0.584973,0.492822,-0.492741,0.414897
arm_1_left_finger,209.822000,0.499792,-0.012086,0.543525,-0.584960,0.492807,-0.492744,0.414930
arm_1_left_finger,209.839000,0.499787,-0.012069,0.543537,-0.584950,0.492795,-0.492746,0.414956
arm_1_left_finger,209.857000,0.499782,-0.012056,0.543545,-0.584941,0.492786,-0.492748,0.414976
arm_1_left_finger,209.875000,0.499779,-0.012046,0.543552,-0.584935,0.492779,-0.492749,0.414991
arm_1_left_finger,209.892000,0.499777,-0.012039,0.543557,-0.584931,0.492775,-0.492750,0.415001
arm_1_left_finger,209.910000,0.499775,-0.012033,0.543561,-0.584928,0.492771,-0.492751,0.415010
arm_1_left_finger,209.927000,0.499774,-0.012029,0.543563,-0.584925,0.492768,-0.492751,0.415016
arm_1_left_finger,209.943000,0.499773,-0.012026,0.543565,-0.584923,0.492766,-0.492752,0.415020
arm_1_left_finger,209.960000,0.499772,-0.012023,0.543567,-0.584922,0.492764,-0.492752,0.415025
arm_1_left_finger,209.976000,0.499771,-0.012021,0.543569,-0.584920,0.492763,-0.492752,0.415028
arm_1_left_finger,209.993000,0.499771,-0.012020,0.543569,-0.584920,0.492762,-0.492752,0.415029
arm_1_left_finger,210.010000,0.499770,-0.012019,0.543570,-0.584919,0.492762,-0.492753,0.415030
arm_1_left_finger,210.028000,0.499770,-0.012018,0.543570,-0.584919,0.492761,-0.492753,0.415032
arm_1_left_finger,210.046000,0.499770,-0.012017,0.543571,-0.584918,0.492760,-0.492753,0.415033
arm_1_left_finger,210.064000,0.499770,-0.012016,0.543572,-0.584918,0.492760,-0.492753,0.415034
arm_1_left_finger,210.082000,0.499770,-0.012016,0.543572,-0.584918,0.492760,-0.492753,0.415034
arm_1_left_finger,210.100000,0.499769,-0.012015,0.543572,-0.584917,0.492759,-0.492753,0.415036
arm_1_left_finger,210.118000,0.499769,-0.012015,0.543572,-0.584917,0.492759,-0.492753,0.415036
arm_1_left_finger,210.135000,0.499769,-0.012015,0.543572,-0.584917,0.492759,-0.492753,0.415036
arm_1_left_finger,210.153000,0.499769,-0.012015,0.543572,-0.584917,0.492759,-0.492753,0.415036
arm_1_left_finger,210.170000,0.499769,-0.012015,0.543572,-0.584917,0.492759,-0.492753,0.415036
arm_1_left_finger,210.188000,0.499769,-0.012015,0.543572,-0.584917,0.492759,-0.492753,0.415036
arm_1_left_finger,210.205000,0.499769,-0.012015,0.543572,-0.584917,0.492759,-0.492753,0.415036
arm_1_left_finger,210.222000,0.499769,-0.012015,0.543572,-0.584917,0.492759,-0.492753,0.415036
arm_1_left_finger,210.240000,0.499769,-0.012015,0.543572,-0.584917,0.492759,-0.492753,0.415036
arm_1_left_finger,210.258000,0.499769,-0.012015,0.543572,-0.584917,0.492759,-0.492753,0.415036
arm_1_left_finger,210.275000,0.499769,-0.012015,0.543573,-0.584917,0.492759,-0.492753,0.415037
arm_1_left_finger,210.291000,0.499769,-0.012015,0.543573,-0.584917,0.492759,-0.492753,0.415037
arm_1_left_finger,210.308000,0.499769,-0.012015,0.543573,-0.584917,0.492759,-0.492753,0.415037
arm_1_left_finger,210.326000,0.499769,-0.012015,0.543573,-0.584917,0.492759,-0.492753,0.415037
arm_1_left_finger,210.344000,0.499769,-0.012015,0.543573,-0.584917,0.492759,-0.492753,0.415037
arm_1_left_finger,210.361000,0.499769,-0.012015,0.543573,-0.584917,0.492759,-0.492753,0.415037
arm_1_left_finger,210.379000,0.499769,-0.012015,0.543573,-0.584917,0.492759,-0.492753,0.415037
arm_1_left_finger,210.397000,0.499769,-0.012015,0.543573,-0.584917,0.492759,-0.492753,0.415037
arm_1_left_finger,210.413000,0.499769,-0.012015,0.543573,-0.584917,0.492759,-0.492753,0.415037
arm_1_left_finger,210.430000,0.499769,-0.012015,0.543573,-0.584917,0.492759,-0.492753,0.415037
arm_1_left_finger,210.447000,0.499769,-0.012015,0.543573,-0.584917,0.492759,-0.492753,0.415037
arm_1_left_finger,210.463000,0.499769,-0.012015,0.543573,-0.584917,0.492759,-0.492753,0.415037
arm_1_left_finger,210.480000,0.499769,-0.012015,0.543573,-0.584917,0.492759,-0.492753,0.415037
arm_1_left_finger,210.498000,0.499769,-0.012015,0.543573,-0.584917,0.492759,-0.492753,0.415037
arm_1_left_finger,210.515000,0.499769,-0.012015,0.543573,-0.584917,0.492759,-0.492753,0.415037
arm_1_left_finger,210.532000,0.499769,-0.012015,0.543573,-0.584917,0.492759,-0.492753,0.415037
arm_1_left_finger,210.550000,0.499769,-0.012015,0.543573,-0.584917,0.492759,-0.492753,0.415037
arm_1_left_finger,210.568000,0.499769,-0.012015,0.543573,-0.584917,0.492759,-0.492753,0.415037
arm_1_left_finger,210.586000,0.499769,-0.012015,0.543573,-0.584917,0.492759,-0.492753,0.415037
arm_1_left_finger,210.604000,0.499769,-0.012015,0.543573,-0.584917,0.492759,-0.492753,0.415037
arm_1_left_finger,210.622000,0.499769,-0.012015,0.543573,-0.584917,0.492759,-0.492753,0.415037
arm_1_left_finger,210.639000,0.499769,-0.012015,0.543573,-0.584917,0.492759,-0.492753,0.415037
arm_1_left_finger,210.656000,0.499769,-0.012015,0.543573,-0.584917,0.492759,-0.492753,0.415037
arm_1_left_finger,210.673000,0.499769,-0.012015,0.543573,-0.584917,0.492759,-0.492753,0.415037
arm_1_left_finger,210.690000,0.499769,-0.012015,0.543573,-0.584917,0.492759,-0.492753,0.415037
arm_1_left_finger,210.707000,0.499769,-0.012015,0.543573,-0.584917,0.492759,-0.492753,0.415037
arm_1_left_finger,210.723000,0.499769,-0.012015,0.543573,-0.584917,0.492759,-0.492753,0.415037
arm_1_left_finger,210.739000,0.499769,-0.012015,0.543573,-0.584917,0.492759,-0.492753,0.415037
arm_1_left_finger,210.755000,0.499769,-0.012015,0.543573,-0.584917,0.492759,-0.492753,0.415037
arm_1_left_finger,210.772000,0.499769,-0.012015,0.543573,-0.584917,0.492759,-0.492753,0.415037
arm_1_left_finger,210.789000,0.499769,-0.012015,0.543573,-0.584917,0.492759,-0.492753,0.415037
arm_1_left_finger,210.806000,0.499769,-0.012015,0.543573,-0.584917,0.492759,-0.492753,0.415037
arm_1_left_finger,210.823000,0.499769,-0.012015,0.543573,-0.584917,0.492759,-0.492753,0.415037
arm_1_left_finger,210.840000,0.499769,-0.012015,0.543573,-0.584917,0.492759,-0.492753,0.415037
arm_1_left_finger,210.858000,0.499769,-0.012015,0.543573,-0.584917,0.492759,-0.492753,0.415037
arm_1_left_finger,210.873000,0.499769,-0.012015,0.543573,-0.584917,0.492759,-0.492753,0.415037
arm_1_left_finger,210.890000,0.499769,-0.012015,0.543573,-0.584917,0.492759,-0.492753,0.415037
arm_1_left_finger,210.905000,0.499769,-0.012015,0.543573,-0.584917,0.492759,-0.492753,0.415037
arm_1_left_finger,210.920000,0.499769,-0.012015,0.543573,-0.584917,0.492759,-0.492753,0.415037
arm_1_left_finger,210.937000,0.499769,-0.012015,0.543573,-0.584917,0.492759,-0.492753,0.415037
arm_1_left_finger,210.954000,0.499769,-0.012015,0.543573,-0.584917,0.492759,-0.492753,0.415037
arm_1_left_finger,210.971000,0.499769,-0.012015,0.543573,-0.584917,0.492759,-0.492753,0.415037
arm_1_left_finger,210.988000,0.499769,-0.012015,0.543573,-0.584917,0.492759,-0.492753,0.415037
arm_1_left_finger,211.005000,0.499769,-0.012015,0.543573,-0.584917,0.492759,-0.492753,0.415037
arm_1_left_finger,211.022000,0.499769,-0.012015,0.543573,-0.584917,0.492759,-0.492753,0.415037
arm_1_left_finger,211.039000,0.499769,-0.012015,0.543573,-0.584917,0.492759,-0.492753,0.415037
arm_1_left_finger,211.056000,0.499769,-0.012015,0.543573,-0.584917,0.492759,-0.492753,0.415037
arm_1_left_finger,211.073000,0.499769,-0.012015,0.543573,-0.584917,0.492759,-0.492753,0.415037
arm_1_left_finger,211.089000,0.499769,-0.012015,0.543573,-0.584917,0.492759,-0.492753,0.415037
arm_1_left_finger,211.107000,0.499769,-0.012015,0.543573,-0.584917,0.492759,-0.492753,0.415037
arm_1_left_finger,211.124000,0.499769,-0.012015,0.543573,-0.584917,0.492759,-0.492753,0.415037
arm_1_left_finger,211.141000,0.499769,-0.012015,0.543573,-0.584917,0.492759,-0.492753,0.415037
arm_1_left_finger,211.157000,0.499769,-0.012015,0.543573,-0.584917,0.492759,-0.492753,0.415037
arm_1_left_finger,211.174000,0.499769,-0.012015,0.543573,-0.584917,0.492759,-0.492753,0.415037
arm_1_left_finger,211.191000,0.499769,-0.012015,0.543573,-0.584917,0.492759,-0.492753,0.415037
arm_1_left_finger,211.207000,0.499769,-0.012015,0.543573,-0.584917,0.492759,-0.492753,0.415037
arm_1_left_finger,211.223000,0.499769,-0.012015,0.543573,-0.584917,0.492759,-0.492753,0.415037
arm_1_left_finger,211.240000,0.499769,-0.012015,0.543573,-0.584917,0.492759,-0.492753,0.415037
arm_1_left_finger,211.258000,0.499769,-0.012015,0.543573,-0.584917,0.492759,-0.492753,0.415037
arm_1_left_finger,211.274000,0.499769,-0.012015,0.543573,-0.584917,0.492759,-0.492753,0.415037
arm_1_left_finger,211.285000,0.499769,-0.012015,0.543573,-0.584917,0.492759,-0.492753,0.415037
arm_1_left_finger,211.298000,0.499769,-0.012015,0.543573,-0.584917,0.492759,-0.492753,0.415037
arm_1_left_finger,211.313000,0.499769,-0.012015,0.543573,-0.584917,0.492759,-0.492753,0.415037
arm_1_left_finger,211.329000,0.499769,-0.012015,0.543573,-0.584917,0.492759,-0.492753,0.415037
arm_1_left_finger,211.345000,0.499769,-0.012015,0.543573,-0.584917,0.492759,-0.492753,0.415037
arm_1_left_finger,211.360000,0.499769,-0.012015,0.543573,-0.584917,0.492759,-0.492753,0.415037
arm_1_left_finger,211.374000,0.499769,-0.012015,0.543573,-0.584917,0.492759,-0.492753,0.415037
arm_1_left_finger,211.388000,0.499769,-0.012015,0.543573,-0.584917,0.492759,-0.492753,0.415037
arm_1_left_finger,211.403000,0.499769,-0.012015,0.543573,-0.584917,0.492759,-0.492753,0.415037
arm_1_left_finger,211.418000,0.499769,-0.012015,0.543573,-0.584917,0.492759,-0.492753,0.415037
arm_1_left_finger,211.433000,0.499769,-0.012015,0.543573,-0.584917,0.492759,-0.492753,0.415037
arm_1_left_finger,211.447000,0.499769,-0.012015,0.543573,-0.584917,0.492759,-0.492753,0.415037
arm_1_left_finger,211.462000,0.499769,-0.012015,0.543573,-0.584917,0.492759,-0.492753,0.415037
arm_1_left_finger,211.478000,0.499769,-0.012015,0.543573,-0.584917,0.492759,-0.492753,0.415037
arm_1_left_finger,211.494000,0.499769,-0.012015,0.543573,-0.584917,0.492759,-0.492753,0.415037
arm_1_left_finger,211.510000,0.499769,-0.012015,0.543573,-0.584917,0.492759,-0.492753,0.415037
arm_1_left_finger,211.526000,0.499769,-0.012015,0.543573,-0.584917,0.492759,-0.492753,0.415037
arm_1_left_finger,211.540000,0.499769,-0.012015,0.543573,-0.584917,0.492759,-0.492753,0.415037
arm_1_left_finger,211.554000,0.499769,-0.012015,0.543573,-0.584917,0.492759,-0.492753,0.415037
arm_1_left_finger,211.567000,0.499769,-0.012015,0.543573,-0.584917,0.492759,-0.492753,0.415037
arm_1_left_finger,211.582000,0.499769,-0.012015,0.543573,-0.584917,0.492759,-0.492753,0.415037
arm_1_left_finger,211.597000,0.499769,-0.012015,0.543573,-0.584917,0.492759,-0.492753,0.415037
arm_1_left_finger,211.611000,0.499769,-0.012015,0.543573,-0.584917,0.492759,-0.492753,0.415037
arm_1_left_finger,211.627000,0.499769,-0.012015,0.543573,-0.584917,0.492759,-0.492753,0.415037
arm_1_left_finger,211.643000,0.499769,-0.012015,0.543573,-0.584917,0.492759,-0.492753,0.415037
arm_1_left_finger,211.659000,0.499769,-0.012015,0.543573,-0.584917,0.492759,-0.492753,0.415037
arm_1_left_finger,211.675000,0.499769,-0.012015,0.543573,-0.584917,0.492759,-0.492753,0.415037
arm_1_left_finger,211.692000,0.499769,-0.012015,0.543573,-0.584917,0.492759,-0.492753,0.415037
arm_1_left_finger,211.709000,0.499769,-0.012015,0.543573,-0.584917,0.492759,-0.492753,0.415037
arm_1_left_finger,211.726000,0.499769,-0.012015,0.543573,-0.584917,0.492759,-0.492753,0.415037
arm_1_left_finger,211.742000,0.499769,-0.012015,0.543573,-0.584917,0.492759,-0.492753,0.415037
arm_1_left_finger,211.759000,0.499769,-0.012015,0.543573,-0.584917,0.492759,-0.492753,0.415037
arm_1_left_finger,211.776000,0.499769,-0.012015,0.543573,-0.584917,0.492759,-0.492753,0.415037
arm_1_left_finger,211.792000,0.499769,-0.012015,0.543573,-0.584917,0.492759,-0.492753,0.415037
arm_1_left_finger,211.808000,0.499769,-0.012015,0.543573,-0.584917,0.492759,-0.492753,0.415037
arm_1_left_finger,211.825000,0.499769,-0.012015,0.543573,-0.584917,0.492759,-0.492753,0.415037
arm_1_left_finger,211.842000,0.499769,-0.012015,0.543573,-0.584917,0.492759,-0.492753,0.415037
arm_1_left_finger,211.858000,0.499769,-0.012015,0.543573,-0.584917,0.492759,-0.492753,0.415037
arm_1_left_finger,211.875000,0.499769,-0.012015,0.543573,-0.584917,0.492759,-0.492753,0.415037
arm_1_left_finger,211.893000,0.499769,-0.012015,0.543573,-0.584917,0.492759,-0.492753,0.415037
arm_1_left_finger,211.910000,0.499769,-0.012015,0.543573,-0.584917,0.492759,-0.492753,0.415037
arm_1_left_finger,211.927000,0.499769,-0.012015,0.543573,-0.584917,0.492759,-0.492753,0.415037
arm_1_left_finger,211.941000,0.499769,-0.012015,0.543573,-0.584917,0.492759,-0.492753,0.415037
arm_1_left_finger,211.955000,0.499769,-0.012015,0.543573,-0.584917,0.492759,-0.492753,0.415037
arm_1_left_finger,211.971000,0.499769,-0.012015,0.543573,-0.584917,0.492759,-0.492753,0.415037
arm_1_left_finger,211.988000,0.499769,-0.012015,0.543573,-0.584917,0.492759,-0.492753,0.415037
arm_1_left_finger,212.005000,0.499769,-0.012015,0.543573,-0.584917,0.492759,-0.492753,0.415037
arm_1_left_finger,212.020000,0.499769,-0.012015,0.543573,-0.584917,0.492759,-0.492753,0.415037
arm_1_left_finger,212.035000,0.499769,-0.012015,0.543573,-0.584917,0.492759,-0.492753,0.415037
arm_1_left_finger,212.051000,0.499769,-0.012015,0.543573,-0.584917,0.492759,-0.492753,0.415037
arm_1_left_finger,212.067000,0.499769,-0.012015,0.543573,-0.584917,0.492759,-0.492753,0.415037
arm_1_left_finger,212.084000,0.499769,-0.012015,0.543573,-0.584917,0.492759,-0.492753,0.415037
arm_1_left_finger,212.101000,0.499769,-0.012015,0.543573,-0.584917,0.492759,-0.492753,0.415037
arm_1_left_finger,212.119000,0.499769,-0.012015,0.543573,-0.584917,0.492759,-0.492753,0.415037
arm_1_left_finger,212.136000,0.499769,-0.012015,0.543573,-0.584917,0.492759,-0.492753,0.415037
arm_1_left_finger,212.153000,0.499769,-0.012015,0.543573,-0.584917,0.492759,-0.492753,0.415037
arm_1_left_finger,212.171000,0.499769,-0.012015,0.543573,-0.584917,0.492759,-0.492753,0.415037
arm_1_left_finger,212.185000,0.499769,-0.012015,0.543573,-0.584917,0.492759,-0.492753,0.415037
arm_1_left_finger,212.203000,0.499769,-0.012015,0.543573,-0.584917,0.492759,-0.492753,0.415037
arm_1_left_finger,212.221000,0.499769,-0.012015,0.543573,-0.584917,0.492759,-0.492753,0.415037
arm_1_left_finger,212.238000,0.499769,-0.012015,0.543573,-0.584917,0.492759,-0.492753,0.415037
arm_1_left_finger,212.255000,0.499769,-0.012015,0.543573,-0.584917,0.492759,-0.492753,0.415037
arm_1_left_finger,212.272000,0.499769,-0.012015,0.543573,-0.584917,0.492759,-0.492753,0.415037
arm_1_left_finger,212.289000,0.499769,-0.012015,0.543573,-0.584917,0.492759,-0.492753,0.415037
arm_1_left_finger,212.307000,0.499769,-0.012015,0.543573,-0.584917,0.492759,-0.492753,0.415037
arm_1_left_finger,212.324000,0.499769,-0.012015,0.543573,-0.584917,0.492759,-0.492753,0.415037
arm_1_left_finger,212.341000,0.499769,-0.012015,0.543573,-0.584917,0.492759,-0.492753,0.415037
arm_1_left_finger,212.354000,0.499769,-0.012015,0.543573,-0.584917,0.492759,-0.492753,0.415037
arm_1_left_finger,212.362000,0.499769,-0.012015,0.543573,-0.584917,0.492759,-0.492753,0.415037
arm_1_left_finger,212.379000,0.499769,-0.012015,0.543573,-0.584917,0.492759,-0.492753,0.415037
arm_1_left_finger,212.396000,0.499769,-0.012015,0.543573,-0.584917,0.492759,-0.492753,0.415037
arm_1_left_finger,212.413000,0.499769,-0.012015,0.543573,-0.584917,0.492759,-0.492753,0.415037
arm_1_left_finger,212.430000,0.499769,-0.012015,0.543573,-0.584917,0.492759,-0.492753,0.415037
arm_1_left_finger,212.446000,0.499769,-0.012015,0.543573,-0.584917,0.492759,-0.492753,0.415037
arm_1_left_finger,212.463000,0.499769,-0.012015,0.543573,-0.584917,0.492759,-0.492753,0.415037
arm_1_left_finger,212.480000,0.499769,-0.012015,0.543573,-0.584917,0.492759,-0.492753,0.415037
arm_1_left_finger,212.496000,0.499769,-0.012015,0.543573,-0.584917,0.492759,-0.492753,0.415037
arm_1_left_finger,212.513000,0.499769,-0.012015,0.543573,-0.584917,0.492759,-0.492753,0.415037
arm_1_left_finger,212.530000,0.499769,-0.012015,0.543573,-0.584917,0.492759,-0.492753,0.415037
arm_1_left_finger,212.547000,0.499769,-0.012015,0.543573,-0.584917,0.492759,-0.492753,0.415037
arm_1_left_finger,212.564000,0.499769,-0.012015,0.543573,-0.584917,0.492759,-0.492753,0.415037
arm_1_left_finger,212.582000,0.499769,-0.012015,0.543573,-0.584917,0.492759,-0.492753,0.415037
arm_1_left_finger,212.599000,0.499769,-0.012015,0.543573,-0.584917,0.492759,-0.492753,0.415037
arm_1_left_finger,212.616000,0.499769,-0.012015,0.543573,-0.584917,0.492759,-0.492753,0.415037
arm_1_left_finger,212.633000,0.499769,-0.012015,0.543573,-0.584917,0.492759,-0.492753,0.415037
arm_1_left_finger,212.651000,0.499769,-0.012015,0.543573,-0.584917,0.492759,-0.492753,0.415037
arm_1_left_finger,212.669000,0.499769,-0.012015,0.543573,-0.584917,0.492759,-0.492753,0.415037
arm_1_left_finger,212.687000,0.499769,-0.012015,0.543573,-0.584917,0.492759,-0.492753,0.415037
arm_1_left_finger,212.704000,0.499769,-0.012015,0.543573,-0.584917,0.492759,-0.492753,0.415037
arm_1_left_finger,212.721000,0.499769,-0.012015,0.543573,-0.584917,0.492759,-0.492753,0.415037
arm_1_left_finger,212.738000,0.499769,-0.012015,0.543573,-0.584917,0.492759,-0.492753,0.415037
arm_1_left_finger,212.755000,0.499769,-0.012015,0.543573,-0.584917,0.492759,-0.492753,0.415037
arm_1_left_finger,212.769000,0.499769,-0.012015,0.543573,-0.584917,0.492759,-0.492753,0.415037
arm_1_left_finger,212.786000,0.499769,-0.012015,0.543573,-0.584917,0.492759,-0.492753,0.415037
arm_1_left_finger,212.802000,0.499769,-0.012015,0.543573,-0.584917,0.492759,-0.492753,0.415037
arm_1_left_finger,212.819000,0.499769,-0.012015,0.543573,-0.584917,0.492759,-0.492753,0.415037
arm_1_left_finger,212.836000,0.499769,-0.012015,0.543573,-0.584917,0.492759,-0.492753,0.415037
arm_1_left_finger,212.854000,0.499769,-0.012015,0.543573,-0.584917,0.492759,-0.492753,0.415037
arm_1_left_finger,212.871000,0.499769,-0.012015,0.543573,-0.584917,0.492759,-0.492753,0.415037
arm_1_left_finger,212.888000,0.499769,-0.012015,0.543573,-0.584917,0.492759,-0.492753,0.415037
arm_1_left_finger,212.903000,0.499769,-0.012015,0.543573,-0.584917,0.492759,-0.492753,0.415037
arm_1_left_finger,212.918000,0.499769,-0.012015,0.543573,-0.584917,0.492759,-0.492753,0.415037
arm_1_left_finger,212.931000,0.499769,-0.012015,0.543573,-0.584917,0.492759,-0.492753,0.415037
arm_1_left_finger,212.946000,0.499769,-0.012015,0.543573,-0.584917,0.492759,-0.492753,0.415037
arm_1_left_finger,212.962000,0.499769,-0.012015,0.543573,-0.584917,0.492759,-0.492753,0.415037
arm_1_left_finger,212.978000,0.499769,-0.012015,0.543573,-0.584917,0.492759,-0.492753,0.415037
arm_1_left_finger,212.995000,0.499769,-0.012015,0.543573,-0.584917,0.492759,-0.492753,0.415037
arm_1_left_finger,213.011000,0.499769,-0.012015,0.543573,-0.584917,0.492759,-0.492753,0.415037
arm_1_left_finger,213.028000,0.499769,-0.012015,0.543573,-0.584917,0.492759,-0.492753,0.415037
arm_1_left_finger,213.045000,0.499769,-0.012015,0.543573,-0.584917,0.492759,-0.492753,0.415037
arm_1_left_finger,213.062000,0.499769,-0.012015,0.543573,-0.584917,0.492759,-0.492753,0.415037
arm_1_left_finger,213.079000,0.499769,-0.012015,0.543573,-0.584917,0.492759,-0.492753,0.415037
arm_1_left_finger,213.096000,0.499769,-0.012015,0.543573,-0.584917,0.492759,-0.492753,0.415037
arm_1_left_finger,213.113000,0.499769,-0.012015,0.543573,-0.584917,0.492759,-0.492753,0.415037
arm_1_left_finger,213.130000,0.499769,-0.012015,0.543573,-0.584917,0.492759,-0.492753,0.415037
arm_1_left_finger,213.146000,0.499769,-0.012015,0.543573,-0.584917,0.492759,-0.492753,0.415037
arm_1_left_finger,213.163000,0.499769,-0.012015,0.543573,-0.584917,0.492759,-0.492753,0.415037
arm_1_left_finger,213.180000,0.499769,-0.012015,0.543573,-0.584917,0.492759,-0.492753,0.415037
arm_1_left_finger,213.197000,0.499769,-0.012015,0.543573,-0.584917,0.492759,-0.492753,0.415037
arm_1_left_finger,213.214000,0.499769,-0.012015,0.543573,-0.584917,0.492759,-0.492753,0.415037
arm_1_left_finger,213.231000,0.499769,-0.012015,0.543573,-0.584917,0.492759,-0.492753,0.415037
arm_1_left_finger,213.248000,0.499769,-0.012015,0.543573,-0.584917,0.492759,-0.492753,0.415037
arm_1_left_finger,213.265000,0.499769,-0.012015,0.543573,-0.584917,0.492759,-0.492753,0.415037
arm_1_left_finger,213.282000,0.499769,-0.012015,0.543573,-0.584917,0.492759,-0.492753,0.415037
arm_1_left_finger,213.299000,0.499769,-0.012015,0.543573,-0.584917,0.492759,-0.492753,0.415037
arm_1_left_finger,213.317000,0.499769,-0.012015,0.543573,-0.584917,0.492759,-0.492753,0.415037
arm_1_left_finger,213.334000,0.499769,-0.012015,0.543573,-0.584917,0.492759,-0.492753,0.415037
arm_1_left_finger,213.351000,0.499769,-0.012015,0.543573,-0.584917,0.492759,-0.492753,0.415037
arm_1_left_finger,213.368000,0.499769,-0.012015,0.543573,-0.584917,0.492759,-0.492753,0.415037
arm_1_left_finger,213.385000,0.499769,-0.012015,0.543573,-0.584917,0.492759,-0.492753,0.415037
arm_1_left_finger,213.403000,0.499769,-0.012015,0.543573,-0.584917,0.492759,-0.492753,0.415037
arm_1_left_finger,213.421000,0.499769,-0.012015,0.543573,-0.584917,0.492759,-0.492753,0.415037
arm_1_left_finger,213.438000,0.499769,-0.012015,0.543573,-0.584917,0.492759,-0.492753,0.415037
arm_1_left_finger,213.452000,0.499769,-0.012015,0.543573,-0.584917,0.492759,-0.492753,0.415037
arm_1_left_finger,213.467000,0.499769,-0.012015,0.543573,-0.584917,0.492759,-0.492753,0.415037
arm_1_left_finger,213.480000,0.499769,-0.012015,0.543573,-0.584917,0.492759,-0.492753,0.415037
arm_1_left_finger,213.496000,0.499769,-0.012015,0.543573,-0.584917,0.492759,-0.492753,0.415037
arm_1_left_finger,213.513000,0.499769,-0.012015,0.543573,-0.584917,0.492759,-0.492753,0.415037
arm_1_left_finger,213.529000,0.499769,-0.012015,0.543573,-0.584917,0.492759,-0.492753,0.415037
arm_1_left_finger,213.546000,0.499769,-0.012015,0.543573,-0.584917,0.492759,-0.492753,0.415037
arm_1_left_finger,213.563000,0.499769,-0.012015,0.543573,-0.584917,0.492759,-0.492753,0.415037
arm_1_left_finger,213.581000,0.499769,-0.012015,0.543573,-0.584917,0.492759,-0.492753,0.415037
arm_1_left_finger,213.598000,0.499769,-0.012015,0.543573,-0.584917,0.492759,-0.492753,0.415037
arm_1_left_finger,213.615000,0.499769,-0.012015,0.543573,-0.584917,0.492759,-0.492753,0.415037
arm_1_left_finger,213.631000,0.499769,-0.012015,0.543573,-0.584917,0.492759,-0.492753,0.415037
arm_1_left_finger,213.647000,0.499769,-0.012015,0.543573,-0.584917,0.492759,-0.492753,0.415037
arm_1_left_finger,213.662000,0.499769,-0.012015,0.543573,-0.584917,0.492759,-0.492753,0.415037
arm_1_left_finger,213.679000,0.499769,-0.012015,0.543573,-0.584917,0.492759,-0.492753,0.415037
arm_1_left_finger,213.695000,0.499769,-0.012015,0.543573,-0.584917,0.492759,-0.492753,0.415037
arm_1_left_finger,213.712000,0.499769,-0.012015,0.543573,-0.584917,0.492759,-0.492753,0.415037
arm_1_left_finger,213.729000,0.499769,-0.012015,0.543573,-0.584917,0.492759,-0.492753,0.415037
arm_1_left_finger,213.746000,0.499769,-0.012015,0.543573,-0.584917,0.492759,-0.492753,0.415037
arm_1_left_finger,213.763000,0.499769,-0.012015,0.543573,-0.584917,0.492759,-0.492753,0.415037
arm_1_left_finger,213.781000,0.499769,-0.012015,0.543573,-0.584917,0.492759,-0.492753,0.415037
arm_1_left_finger,213.798000,0.499769,-0.012015,0.543573,-0.584917,0.492759,-0.492753,0.415037
arm_1_left_finger,213.816000,0.499769,-0.012015,0.543573,-0.584917,0.492759,-0.492753,0.415037
arm_1_left_finger,213.833000,0.499769,-0.012015,0.543573,-0.584917,0.492759,-0.492753,0.415037
arm_1_left_finger,213.850000,0.499769,-0.012015,0.543573,-0.584917,0.492759,-0.492753,0.415037
arm_1_left_finger,213.866000,0.499769,-0.012015,0.543573,-0.584917,0.492759,-0.492753,0.415037
arm_1_left_finger,213.883000,0.499769,-0.012015,0.543573,-0.584917,0.492759,-0.492753,0.415037
arm_1_left_finger,213.900000,0.499769,-0.012015,0.543573,-0.584917,0.492759,-0.492753,0.415037
arm_1_left_finger,213.917000,0.499769,-0.012015,0.543573,-0.584917,0.492759,-0.492753,0.415037
arm_1_left_finger,213.933000,0.499769,-0.012015,0.543573,-0.584917,0.492759,-0.492753,0.415037
arm_1_left_finger,213.948000,0.499769,-0.012015,0.543573,-0.584917,0.492759,-0.492753,0.415037
arm_1_left_finger,213.964000,0.499769,-0.012015,0.543573,-0.584917,0.492759,-0.492753,0.415037
arm_1_left_finger,213.980000,0.499769,-0.012015,0.543573,-0.584917,0.492759,-0.492753,0.415037
arm_1_left_finger,213.996000,0.499769,-0.012015,0.543573,-0.584917,0.492759,-0.492753,0.415037
arm_1_left_finger,214.012000,0.499769,-0.012015,0.543573,-0.584917,0.492759,-0.492753,0.415037
arm_1_left_finger,214.028000,0.499769,-0.012015,0.543573,-0.584917,0.492759,-0.492753,0.415037
arm_1_left_finger,214.044000,0.499769,-0.012015,0.543573,-0.584917,0.492759,-0.492753,0.415037
arm_1_left_finger,214.060000,0.499769,-0.012015,0.543573,-0.584917,0.492759,-0.492753,0.415037
arm_1_left_finger,214.077000,0.499769,-0.012015,0.543573,-0.584917,0.492759,-0.492753,0.415037
arm_1_left_finger,214.093000,0.499769,-0.012015,0.543573,-0.584917,0.492759,-0.492753,0.415037
arm_1_left_finger,214.110000,0.499769,-0.012015,0.543573,-0.584917,0.492759,-0.492753,0.415037
arm_1_left_finger,214.127000,0.499769,-0.012015,0.543573,-0.584917,0.492759,-0.492753,0.415037
arm_1_left_finger,214.144000,0.499769,-0.012015,0.543573,-0.584917,0.492759,-0.492753,0.415037
arm_1_left_finger,214.161000,0.499769,-0.012015,0.543573,-0.584917,0.492759,-0.492753,0.415037
arm_1_left_finger,214.178000,0.499769,-0.012015,0.543573,-0.584917,0.492759,-0.492753,0.415037
arm_1_left_finger,214.195000,0.499769,-0.012015,0.543573,-0.584917,0.492759,-0.492753,0.415037
arm_1_left_finger,214.211000,0.499769,-0.012015,0.543573,-0.584917,0.492759,-0.492753,0.415037
arm_1_left_finger,214.227000,0.499769,-0.012015,0.543573,-0.584917,0.492759,-0.492753,0.415037
arm_1_left_finger,214.243000,0.499769,-0.012015,0.543573,-0.584917,0.492759,-0.492753,0.415037
arm_1_left_finger,214.259000,0.499769,-0.012015,0.543573,-0.584917,0.492759,-0.492753,0.415037
arm_1_left_finger,214.275000,0.499769,-0.012015,0.543573,-0.584917,0.492759,-0.492753,0.415037
arm_1_left_finger,214.291000,0.499769,-0.012015,0.543573,-0.584917,0.492759,-0.492753,0.415037
arm_1_left_finger,214.305000,0.499769,-0.012015,0.543573,-0.584917,0.492759,-0.492753,0.415037
arm_1_left_finger,214.321000,0.499769,-0.012015,0.543573,-0.584917,0.492759,-0.492753,0.415037
arm_1_left_finger,214.338000,0.499769,-0.012015,0.543573,-0.584917,0.492759,-0.492753,0.415037
arm_1_left_finger,214.355000,0.499769,-0.012015,0.543573,-0.584917,0.492759,-0.492753,0.415037
arm_1_left_finger,214.372000,0.499769,-0.012015,0.543573,-0.584917,0.492759,-0.492753,0.415037
arm_1_left_finger,214.388000,0.499769,-0.012015,0.543573,-0.584917,0.492759,-0.492753,0.415037
arm_1_left_finger,214.404000,0.499769,-0.012015,0.543573,-0.584917,0.492759,-0.492753,0.415037
arm_1_left_finger,214.420000,0.499769,-0.012015,0.543573,-0.584917,0.492759,-0.492753,0.415037
arm_1_left_finger,214.436000,0.499769,-0.012015,0.543573,-0.584917,0.492759,-0.492753,0.415037
arm_1_left_finger,214.441000,0.499769,-0.012015,0.543573,-0.584917,0.492759,-0.492753,0.415037
arm_1_left_finger,214.454000,0.499769,-0.012015,0.543573,-0.584917,0.492759,-0.492753,0.415037
arm_1_left_finger,214.470000,0.499769,-0.012015,0.543573,-0.584917,0.492759,-0.492753,0.415037
arm_1_left_finger,214.486000,0.499769,-0.012015,0.543573,-0.584917,0.492759,-0.492753,0.415037
arm_1_left_finger,214.501000,0.499769,-0.012015,0.543573,-0.584917,0.492759,-0.492753,0.415037
arm_1_left_finger,214.517000,0.499769,-0.012015,0.543573,-0.584917,0.492759,-0.492753,0.415037
arm_1_left_finger,214.533000,0.499769,-0.012015,0.543573,-0.584917,0.492759,-0.492753,0.415037
arm_1_left_finger,214.547000,0.499769,-0.012015,0.543573,-0.584917,0.492759,-0.492753,0.415037
arm_1_left_finger,214.562000,0.499769,-0.012015,0.543573,-0.584917,0.492759,-0.492753,0.415037
arm_1_right_finger,180.235000,0.523391,0.012005,0.680388,-0.585013,0.492707,-0.492717,0.415006
arm_1_right_finger,180.249000,0.523391,0.012005,0.680388,-0.585013,0.492707,-0.492717,0.415006
arm_1_right_finger,180.264000,0.523391,0.012005,0.680388,-0.585013,0.492707,-0.492717,0.415006
arm_1_right_finger,180.281000,0.523394,0.012004,0.680383,-0.585038,0.492736,-0.492687,0.414971
arm_1_right_finger,180.297000,0.523394,0.012004,0.680383,-0.585032,0.492728,-0.492695,0.414980
arm_1_right_finger,180.311000,0.523394,0.012004,0.680383,-0.585038,0.492736,-0.492687,0.414971
arm_1_right_finger,180.326000,0.523394,0.012004,0.680383,-0.585038,0.492736,-0.492687,0.414971
arm_1_right_finger,180.341000,0.523394,0.012004,0.680383,-0.585038,0.492736,-0.492687,0.414971
arm_1_right_finger,180.357000,0.523394,0.012004,0.680384,-0.585034,0.492731,-0.492692,0.414977
arm_1_right_finger,180.373000,0.523393,0.012004,0.680384,-0.585030,0.492727,-0.492697,0.414982
arm_1_right_finger,180.389000,0.523393,0.012004,0.680385,-0.585027,0.492723,-0.492700,0.414986
arm_1_right_finger,180.405000,0.523392,0.012004,0.680386,-0.585023,0.492719,-0.492705,0.414992
arm_1_right_finger,180.422000,0.523394,0.012006,0.680384,-0.585024,0.492719,-0.492702,0.414994
arm_1_right_finger,180.439000,0.523401,0.012014,0.680378,-0.585026,0.492722,-0.492690,0.415002
arm_1_right_finger,180.456000,0.523418,0.012032,0.680361,-0.585038,0.492735,-0.492656,0.415010
arm_1_right_finger,180.473000,0.523446,0.012062,0.680333,-0.585058,0.492758,-0.492597,0.415024
arm_1_right_finger,180.490000,0.523488,0.012107,0.680291,-0.585091,0.492794,-0.492507,0.415041
arm_1_right_finger,180.507000,0.523547,0.012167,0.680233,-0.585137,0.492846,-0.492383,0.415062
arm_1_right_finger,180.524000,0.523621,0.012246,0.680158,-0.585195,0.492911,-0.492225,0.415091
arm_1_right_finger,180.541000,0.523714,0.012343,0.680065,-0.585272,0.492998,-0.492022,0.415120
arm_1_right_finger,180.559000,0.523833,0.012466,0.679945,-0.585373,0.493113,-0.491760,0.415151
arm_1_right_finger,180.576000,0.523960,0.012604,0.679820,-0.585450,0.493198,-0.491511,0.415236
arm_1_right_finger,180.593000,0.524110,0.012761,0.679670,-0.585572,0.493336,-0.491185,0.415284
arm_1_right_finger,180.609000,0.524268,0.012929,0.679513,-0.585686,0.493464,-0.490858,0.415360
arm_1_right_finger,180.625000,0.524444,0.013115,0.679337,-0.585821,0.493615,-0.490485,0.415430
arm_1_right_finger,180.642000,0.524649,0.013333,0.679130,-0.585979,0.493794,-0.490048,0.415511
arm_1_right_finger,180.659000,0.524875,0.013573,0.678903,-0.586153,0.493990,-0.489567,0.415599
arm_1_right_finger,180.676000,0.525120,0.013834,0.678656,-0.586343,0.494203,-0.489044,0.415695
arm_1_right_finger,180.693000,0.525385,0.014117,0.678388,-0.586547,0.494434,-0.488477,0.415797
arm_1_right_finger,180.710000,0.525670,0.014422,0.678099,-0.586767,0.494682,-0.487867,0.415907
arm_1_right_finger,180.727000,0.525975,0.014749,0.677790,-0.587003,0.494948,-0.487215,0.416024
arm_1_right_finger,180.744000,0.526299,0.015098,0.677460,-0.587254,0.495231,-0.486518,0.416148
arm_1_right_finger,180.762000,0.526664,0.015492,0.677088,-0.587536,0.495550,-0.485734,0.416286
arm_1_right_finger,180.780000,0.527051,0.015911,0.676692,-0.587836,0.495889,-0.484901,0.416431
arm_1_right_finger,180.797000,0.527436,0.016330,0.676296,-0.588134,0.496226,-0.484070,0.416574
arm_1_right_finger,180.814000,0.527840,0.016772,0.675879,-0.588448,0.496582,-0.483195,0.416723
arm_1_right_finger,180.831000,0.528264,0.017236,0.675441,-0.588777,0.496954,-0.482277,0.416878
arm_1_right_finger,180.844000,0.528601,0.017607,0.675091,-0.589039,0.497251,-0.481545,0.417000
arm_1_right_finger,180.860000,0.529031,0.018082,0.674644,-0.589374,0.497630,-0.480609,0.417155
arm_1_right_finger,180.877000,0.529506,0.018609,0.674147,-0.589744,0.498050,-0.479572,0.417324
arm_1_right_finger,180.895000,0.530029,0.019192,0.673598,-0.590152,0.498513,-0.478428,0.417508
arm_1_right_finger,180.912000,0.530542,0.019767,0.673057,-0.590552,0.498968,-0.477302,0.417686
arm_1_right_finger,180.929000,0.531074,0.020365,0.672494,-0.590968,0.499440,-0.476133,0.417869
arm_1_right_finger,180.946000,0.531624,0.020988,0.671909,-0.591398,0.499930,-0.474919,0.418055
arm_1_right_finger,180.963000,0.532192,0.021634,0.671302,-0.591843,0.500437,-0.473663,0.418244
arm_1_right_finger,180.981000,0.532812,0.022344,0.670635,-0.592330,0.500992,-0.472285,0.418448
arm_1_right_finger,180.999000,0.533452,0.023082,0.669943,-0.592833,0.501566,-0.470859,0.418655
arm_1_right_finger,181.016000,0.534075,0.023804,0.669265,-0.593324,0.502126,-0.469466,0.418853
arm_1_right_finger,181.033000,0.534715,0.024550,0.668566,-0.593828,0.502703,-0.468031,0.419052
arm_1_right_finger,181.050000,0.535372,0.025321,0.667844,-0.594347,0.503297,-0.466552,0.419254
arm_1_right_finger,181.067000,0.536045,0.026117,0.667099,-0.594879,0.503907,-0.465030,0.419456
arm_1_right_finger,181.084000,0.536735,0.026938,0.666331,-0.595426,0.504535,-0.463464,0.419659
arm_1_right_finger,181.099000,0.537357,0.027684,0.665634,-0.595921,0.505102,-0.462046,0.419838
arm_1_right_finger,181.115000,0.538035,0.028502,0.664870,-0.596460,0.505722,-0.460496,0.420029
arm_1_right_finger,181.132000,0.538769,0.029395,0.664036,-0.597045,0.506397,-0.458808,0.420231
arm_1_right_finger,181.148000,0.539476,0.030260,0.663230,-0.597610,0.507047,-0.457178,0.420421
arm_1_right_finger,181.164000,0.540195,0.031148,0.662402,-0.598186,0.507712,-0.455511,0.420609
arm_1_right_finger,181.181000,0.540973,0.032116,0.661500,-0.598810,0.508433,-0.453699,0.420807
arm_1_right_finger,181.198000,0.541767,0.033111,0.660574,-0.599449,0.509172,-0.451842,0.421003
arm_1_right_finger,181.215000,0.542575,0.034133,0.659623,-0.600100,0.509926,-0.449943,0.421196
arm_1_right_finger,181.232000,0.543397,0.035182,0.658648,-0.600765,0.510698,-0.448000,0.421385
arm_1_right_finger,181.249000,0.544232,0.036258,0.657648,-0.601443,0.511485,-0.446014,0.421570
arm_1_right_finger,181.264000,0.544980,0.037230,0.656746,-0.602051,0.512192,-0.444227,0.421730
arm_1_right_finger,181.280000,0.545790,0.038290,0.655763,-0.602711,0.512961,-0.442284,0.421895
arm_1_right_finger,181.297000,0.546662,0.039444,0.654693,-0.603424,0.513793,-0.440177,0.422066
arm_1_right_finger,181.314000,0.547546,0.040626,0.653598,-0.604149,0.514641,-0.438029,0.422231
arm_1_right_finger,181.331000,0.548443,0.041837,0.652478,-0.604888,0.515506,-0.435836,0.422389
arm_1_right_finger,181.348000,0.549351,0.043075,0.651332,-0.605637,0.516385,-0.433602,0.422539
arm_1_right_finger,181.365000,0.550270,0.044342,0.650161,-0.606399,0.517280,-0.431325,0.422682
arm_1_right_finger,181.382000,0.551200,0.045639,0.648963,-0.607173,0.518190,-0.429007,0.422816
arm_1_right_finger,181.398000,0.552084,0.046885,0.647813,-0.607912,0.519061,-0.426786,0.422933
arm_1_right_finger,181.414000,0.552978,0.048158,0.646638,-0.608661,0.519946,-0.424527,0.423042
arm_1_right_finger,181.430000,0.553881,0.049458,0.645441,-0.609421,0.520844,-0.422230,0.423142
arm_1_right_finger,181.446000,0.554791,0.050783,0.644219,-0.610190,0.521756,-0.419898,0.423232
arm_1_right_finger,181.462000,0.555708,0.052135,0.642975,-0.610969,0.522680,-0.417528,0.423311
arm_1_right_finger,181.479000,0.556692,0.053601,0.641626,-0.611807,0.523677,-0.414970,0.423384
arm_1_right_finger,181.496000,0.557682,0.055097,0.640250,-0.612655,0.524689,-0.412372,0.423443
arm_1_right_finger,181.513000,0.558681,0.056625,0.638846,-0.613515,0.525716,-0.409730,0.423489
arm_1_right_finger,181.530000,0.559685,0.058183,0.637415,-0.614385,0.526757,-0.407049,0.423520
arm_1_right_finger,181.547000,0.560697,0.059773,0.635955,-0.615265,0.527813,-0.404326,0.423536
arm_1_right_finger,181.564000,0.561714,0.061394,0.634468,-0.616155,0.528883,-0.401563,0.423537
arm_1_right_finger,181.581000,0.562735,0.063047,0.632953,-0.617055,0.529967,-0.398760,0.423520
arm_1_right_finger,181.599000,0.563823,0.064831,0.631318,-0.618018,0.531130,-0.395748,0.423484
arm_1_right_finger,181.616000,0.564853,0.066550,0.629743,-0.618937,0.532243,-0.392862,0.423430
arm_1_right_finger,181.633000,0.565888,0.068302,0.628140,-0.619866,0.533371,-0.389935,0.423358
arm_1_right_finger,181.651000,0.566986,0.070192,0.626411,-0.620859,0.534579,-0.386794,0.423260
arm_1_right_finger,181.669000,0.568087,0.072119,0.624649,-0.621862,0.535803,-0.383609,0.423139
arm_1_right_finger,181.687000,0.569190,0.074082,0.622854,-0.622875,0.537042,-0.380381,0.422994
arm_1_right_finger,181.704000,0.570232,0.075971,0.621128,-0.623840,0.538225,-0.377292,0.422834
arm_1_right_finger,181.721000,0.571274,0.077893,0.619373,-0.624813,0.539422,-0.374166,0.422650
arm_1_right_finger,181.739000,0.572377,0.079965,0.617480,-0.625852,0.540703,-0.370813,0.422430
arm_1_right_finger,181.756000,0.573418,0.081957,0.615663,-0.626841,0.541927,-0.367609,0.422197
arm_1_right_finger,181.774000,0.574518,0.084103,0.613704,-0.627896,0.543236,-0.364175,0.421921
arm_1_right_finger,181.791000,0.575554,0.086165,0.611823,-0.628900,0.544485,-0.360894,0.421634
arm_1_right_finger,181.809000,0.576648,0.088387,0.609797,-0.629971,0.545822,-0.357381,0.421300
arm_1_right_finger,181.827000,0.577737,0.090647,0.607737,-0.631050,0.547172,-0.353827,0.420934
arm_1_right_finger,181.840000,0.578520,0.092303,0.606227,-0.631833,0.548156,-0.351235,0.420649
arm_1_right_finger,181.856000,0.579479,0.094370,0.604342,-0.632803,0.549376,-0.348017,0.420275
arm_1_right_finger,181.873000,0.580493,0.096599,0.602310,-0.633838,0.550684,-0.344565,0.419847
arm_1_right_finger,181.889000,0.581440,0.098730,0.600368,-0.634818,0.551925,-0.341284,0.419416
arm_1_right_finger,181.904000,0.582323,0.100756,0.598521,-0.635742,0.553099,-0.338180,0.418985
arm_1_right_finger,181.920000,0.583257,0.102947,0.596524,-0.636732,0.554360,-0.334841,0.418497
arm_1_right_finger,181.937000,0.584240,0.105310,0.594370,-0.637788,0.555711,-0.331261,0.417945
arm_1_right_finger,181.954000,0.585214,0.107711,0.592181,-0.638850,0.557074,-0.327645,0.417358
arm_1_right_finger,181.971000,0.586177,0.110146,0.589961,-0.639916,0.558447,-0.324000,0.416734
arm_1_right_finger,181.988000,0.587127,0.112614,0.587710,-0.640986,0.559830,-0.320326,0.416075
arm_1_right_finger,182.004000,0.588008,0.114964,0.585567,-0.641994,0.561137,-0.316850,0.415422
arm_1_right_finger,182.021000,0.588927,0.117484,0.583268,-0.643063,0.562530,-0.313144,0.414694
arm_1_right_finger,182.038000,0.589827,0.120025,0.580949,-0.644131,0.563924,-0.309429,0.413931
arm_1_right_finger,182.055000,0.590706,0.122583,0.578613,-0.645194,0.565319,-0.305712,0.413134
arm_1_right_finger,182.073000,0.591613,0.125308,0.576124,-0.646314,0.566795,-0.301776,0.412254
arm_1_right_finger,182.091000,0.592494,0.128048,0.573620,-0.647427,0.568267,-0.297846,0.411337
arm_1_right_finger,182.109000,0.593349,0.130800,0.571103,0.648533,-0.569737,0.293922,-0.410384
arm_1_right_finger,182.125000,0.594087,0.133257,0.568856,0.649509,-0.571039,0.290442,-0.409506
arm_1_right_finger,182.141000,0.594803,0.135721,0.566601,0.650479,-0.572338,0.286970,-0.408600
arm_1_right_finger,182.157000,0.595497,0.138192,0.564337,0.651443,-0.573633,0.283508,-0.407666
arm_1_right_finger,182.173000,0.596169,0.140671,0.562065,0.652399,-0.574923,0.280056,-0.406704
arm_1_right_finger,182.190000,0.596858,0.143311,0.559643,0.653407,-0.576290,0.276399,-0.405651
arm_1_right_finger,182.207000,0.597522,0.145958,0.557214,0.654407,-0.577651,0.272756,-0.404568
arm_1_right_finger,182.224000,0.598161,0.148611,0.554777,0.655399,-0.579007,0.269126,-0.403453
arm_1_right_finger,182.241000,0.598774,0.151270,0.552332,0.656383,-0.580357,0.265510,-0.402308
arm_1_right_finger,182.258000,0.599361,0.153934,0.549880,0.657358,-0.581702,0.261908,-0.401132
arm_1_right_finger,182.275000,0.599923,0.156604,0.547421,0.658325,-0.583042,0.258321,-0.399926
arm_1_right_finger,182.292000,0.600458,0.159278,0.544956,0.659284,-0.584375,0.254748,-0.398690
arm_1_right_finger,182.310000,0.600997,0.162114,0.542338,0.660290,-0.585781,0.250983,-0.397348
arm_1_right_finger,182.327000,0.601479,0.164797,0.539858,0.661231,-0.587103,0.247442,-0.396050
arm_1_right_finger,182.343000,0.601908,0.167326,0.537519,0.662109,-0.588342,0.244125,-0.394801
arm_1_right_finger,182.360000,0.602339,0.170016,0.535028,0.663034,-0.589653,0.240616,-0.393445
arm_1_right_finger,182.378000,0.602767,0.172868,0.532383,0.664004,-0.591035,0.236919,-0.391978
arm_1_right_finger,182.396000,0.603165,0.175724,0.529731,0.664964,-0.592410,0.233240,-0.390478
arm_1_right_finger,182.413000,0.603514,0.178423,0.527221,0.665862,-0.593702,0.229783,-0.389031
arm_1_right_finger,182.431000,0.603854,0.181285,0.524557,0.666804,-0.595064,0.226142,-0.387467
arm_1_right_finger,182.449000,0.604165,0.184148,0.521887,0.667736,-0.596420,0.222521,-0.385871
arm_1_right_finger,182.466000,0.604431,0.186855,0.519359,0.668608,-0.597694,0.219119,-0.384334
arm_1_right_finger,182.483000,0.604671,0.189563,0.516826,0.669471,-0.598962,0.215735,-0.382769
arm_1_right_finger,182.501000,0.604895,0.192433,0.514139,0.670375,-0.600298,0.212172,-0.381080
arm_1_right_finger,182.519000,0.605090,0.195303,0.511445,0.671270,-0.601627,0.208631,-0.379360
arm_1_right_finger,182.536000,0.605247,0.198015,0.508896,0.672106,-0.602876,0.205305,-0.377707
arm_1_right_finger,182.553000,0.605377,0.200728,0.506343,0.672934,-0.604120,0.201998,-0.376026
arm_1_right_finger,182.569000,0.605475,0.203282,0.503935,0.673705,-0.605284,0.198903,-0.374419
arm_1_right_finger,182.585000,0.605549,0.205835,0.501523,0.674469,-0.606443,0.195826,-0.372788
arm_1_right_finger,182.602000,0.605602,0.208549,0.498955,0.675272,-0.607668,0.192575,-0.371027
arm_1_right_finger,182.619000,0.605628,0.211261,0.496384,0.676067,-0.608888,0.189345,-0.369240
arm_1_right_finger,182.636000,0.605627,0.213974,0.493808,0.676852,-0.610101,0.186134,-0.367426
arm_1_right_finger,182.653000,0.605600,0.216685,0.491228,0.677630,-0.611308,0.182944,-0.365585
arm_1_right_finger,182.670000,0.605546,0.219396,0.488644,0.678398,-0.612508,0.179775,-0.363717
arm_1_right_finger,182.687000,0.605465,0.222105,0.486056,0.679158,-0.613703,0.176626,-0.361823
arm_1_right_finger,182.705000,0.605352,0.224935,0.483345,0.679944,-0.614945,0.173357,-0.359814
arm_1_right_finger,182.722000,0.605217,0.227637,0.480753,0.680685,-0.616125,0.170256,-0.357869
arm_1_right_finger,182.739000,0.605054,0.230350,0.478145,0.681422,-0.617304,0.167162,-0.355889
arm_1_right_finger,182.757000,0.604852,0.233217,0.475382,0.682191,-0.618545,0.163912,-0.353766
arm_1_right_finger,182.774000,0.604635,0.235921,0.472770,0.682909,-0.619710,0.160867,-0.351735
arm_1_right_finger,182.792000,0.604375,0.238779,0.470003,0.683659,-0.620935,0.157669,-0.349559
arm_1_right_finger,182.809000,0.604102,0.241474,0.467387,0.684358,-0.622085,0.154673,-0.347478
arm_1_right_finger,182.826000,0.603803,0.244165,0.464769,0.685048,-0.623229,0.151700,-0.345373
arm_1_right_finger,182.843000,0.603477,0.246851,0.462149,0.685729,-0.624366,0.148751,-0.343244
arm_1_right_finger,182.861000,0.603103,0.249691,0.459372,0.686441,-0.625562,0.145654,-0.340962
arm_1_right_finger,182.878000,0.602723,0.252369,0.456747,0.687105,-0.626686,0.142753,-0.338783
arm_1_right_finger,182.895000,0.602316,0.255042,0.454119,0.687759,-0.627802,0.139876,-0.336580
arm_1_right_finger,182.912000,0.601883,0.257710,0.451490,0.688405,-0.628912,0.137022,-0.334354
arm_1_right_finger,182.930000,0.601396,0.260529,0.448703,0.689080,-0.630080,0.134027,-0.331970
arm_1_right_finger,182.948000,0.600879,0.263343,0.445915,0.689745,-0.631241,0.131059,-0.329560
arm_1_right_finger,182.965000,0.600363,0.265995,0.443279,0.690364,-0.632331,0.128281,-0.327261
arm_1_right_finger,182.983000,0.599789,0.268796,0.440487,0.691010,-0.633477,0.125367,-0.324801
arm_1_right_finger,183.000000,0.599220,0.271435,0.437848,0.691611,-0.634553,0.122639,-0.322454
arm_1_right_finger,183.017000,0.598625,0.274069,0.435207,0.692203,-0.635622,0.119937,-0.320085
arm_1_right_finger,183.034000,0.598003,0.276696,0.432565,0.692787,-0.636685,0.117259,-0.317693
arm_1_right_finger,183.051000,0.597356,0.279316,0.429922,0.693362,-0.637741,0.114607,-0.315279
arm_1_right_finger,183.069000,0.596642,0.282083,0.427121,0.693962,-0.638851,0.111826,-0.312699
arm_1_right_finger,183.085000,0.595983,0.284535,0.424631,0.694487,-0.639832,0.109378,-0.310386
arm_1_right_finger,183.099000,0.595388,0.286676,0.422452,0.694940,-0.640686,0.107255,-0.308346
arm_1_right_finger,183.114000,0.594732,0.288964,0.420116,0.695418,-0.641595,0.105000,-0.306144
arm_1_right_finger,183.130000,0.594009,0.291398,0.417624,0.695922,-0.642559,0.102617,-0.303777
arm_1_right_finger,183.146000,0.593264,0.293824,0.415131,0.696417,-0.643517,0.100257,-0.301392
arm_1_right_finger,183.162000,0.592496,0.296244,0.412638,0.696905,-0.644469,0.097920,-0.298989
arm_1_right_finger,183.178000,0.591705,0.298656,0.410145,0.697385,-0.645415,0.095607,-0.296567
arm_1_right_finger,183.196000,0.590789,0.301360,0.407339,0.697916,-0.646472,0.093033,-0.293821
arm_1_right_finger,183.213000,0.589898,0.303905,0.404690,0.698409,-0.647464,0.090629,-0.291207
arm_1_right_finger,183.230000,0.588982,0.306440,0.402040,0.698893,-0.648448,0.088253,-0.288574
arm_1_right_finger,183.246000,0.588097,0.308818,0.399546,0.699341,-0.649368,0.086041,-0.286077
arm_1_right_finger,183.261000,0.587247,0.311040,0.397208,0.699753,-0.650226,0.083990,-0.283721
arm_1_right_finger,183.276000,0.586378,0.313254,0.394871,0.700159,-0.651077,0.081959,-0.281350
arm_1_right_finger,183.292000,0.585430,0.315607,0.392378,0.700585,-0.651980,0.079818,-0.278804
arm_1_right_finger,183.308000,0.584460,0.317952,0.389886,0.701003,-0.652876,0.077700,-0.276242
arm_1_right_finger,183.324000,0.583468,0.320287,0.387394,0.701413,-0.653767,0.075608,-0.273664
arm_1_right_finger,183.340000,0.582455,0.322612,0.384903,0.701816,-0.654651,0.073540,-0.271070
arm_1_right_finger,183.356000,0.581420,0.324928,0.382412,0.702211,-0.655529,0.071497,-0.268459
arm_1_right_finger,183.372000,0.580363,0.327235,0.379923,0.702598,-0.656400,0.069480,-0.265833
arm_1_right_finger,183.389000,0.579221,0.329668,0.377286,0.703000,-0.657317,0.067369,-0.263033
arm_1_right_finger,183.406000,0.578054,0.332090,0.374650,0.703394,-0.658227,0.065287,-0.260215
arm_1_right_finger,183.423000,0.576859,0.334510,0.372005,0.703780,-0.659134,0.063225,-0.257370
arm_1_right_finger,183.440000,0.575641,0.336917,0.369363,0.704157,-0.660033,0.061194,-0.254509
arm_1_right_finger,183.457000,0.574399,0.339312,0.366723,0.704526,-0.660924,0.059191,-0.251632
arm_1_right_finger,183.474000,0.573134,0.341693,0.364086,0.704886,-0.661809,0.057219,-0.248739
arm_1_right_finger,183.491000,0.571846,0.344063,0.361450,0.705237,-0.662686,0.055275,-0.245830
arm_1_right_finger,183.509000,0.570457,0.346557,0.358662,0.705600,-0.663607,0.053250,-0.242733
arm_1_right_finger,183.526000,0.569121,0.348900,0.356031,0.705934,-0.664469,0.051368,-0.239792
arm_1_right_finger,183.543000,0.567763,0.351229,0.353403,0.706258,-0.665324,0.049516,-0.236837
arm_1_right_finger,183.560000,0.566382,0.353545,0.350777,0.706575,-0.666171,0.047694,-0.233866
arm_1_right_finger,183.577000,0.564979,0.355847,0.348154,0.706882,-0.667012,0.045901,-0.230881
arm_1_right_finger,183.595000,0.563468,0.358270,0.345379,0.707198,-0.667894,0.044036,-0.227704
arm_1_right_finger,183.612000,0.562019,0.360545,0.342761,0.707488,-0.668719,0.042306,-0.224689
arm_1_right_finger,183.630000,0.560458,0.362938,0.339989,0.707786,-0.669585,0.040507,-0.221481
arm_1_right_finger,183.647000,0.558963,0.365183,0.337376,0.708058,-0.670396,0.038840,-0.218438
arm_1_right_finger,183.664000,0.557446,0.367414,0.334768,0.708321,-0.671199,0.037203,-0.215381
arm_1_right_finger,183.681000,0.555908,0.369630,0.332163,0.708576,-0.671995,0.035596,-0.212311
arm_1_right_finger,183.698000,0.554348,0.371831,0.329561,0.708822,-0.672783,0.034021,-0.209228
arm_1_right_finger,183.715000,0.552767,0.374018,0.326962,0.709060,-0.673565,0.032476,-0.206133
arm_1_right_finger,183.732000,0.551165,0.376189,0.324367,0.709288,-0.674338,0.030962,-0.203025
arm_1_right_finger,183.750000,0.549446,0.378471,0.321624,0.709522,-0.675150,0.029393,-0.199720
arm_1_right_finger,183.767000,0.547801,0.380611,0.319037,0.709733,-0.675908,0.027944,-0.196588
arm_1_right_finger,183.784000,0.546135,0.382735,0.316454,0.709935,-0.676659,0.026525,-0.193443
arm_1_right_finger,183.802000,0.544349,0.384967,0.313723,0.710141,-0.677446,0.025058,-0.190102
arm_1_right_finger,183.820000,0.542540,0.387181,0.310997,0.710336,-0.678225,0.023625,-0.186748
arm_1_right_finger,183.836000,0.540914,0.389134,0.308578,0.710502,-0.678910,0.022382,-0.183756
arm_1_right_finger,183.852000,0.539269,0.391072,0.306163,0.710660,-0.679589,0.021167,-0.180756
arm_1_right_finger,183.868000,0.537607,0.392996,0.303752,0.710811,-0.680261,0.019979,-0.177746
arm_1_right_finger,183.885000,0.535823,0.395024,0.301195,0.710963,-0.680968,0.018749,-0.174538
arm_1_right_finger,183.902000,0.534019,0.397036,0.298642,0.711106,-0.681667,0.017550,-0.171321
arm_1_right_finger,183.920000,0.532088,0.399147,0.295945,0.711248,-0.682399,0.016316,-0.167904
arm_1_right_finger,183.937000,0.530246,0.401122,0.293404,0.711373,-0.683082,0.015183,-0.164670
arm_1_right_finger,183.954000,0.528389,0.403077,0.290873,0.711490,-0.683757,0.014086,-0.161432
arm_1_right_finger,183.972000,0.526410,0.405120,0.288209,0.711604,-0.684460,0.012962,-0.158008
arm_1_right_finger,183.989000,0.524532,0.407021,0.285712,0.711702,-0.685113,0.011939,-0.154783
arm_1_right_finger,184.006000,0.522650,0.408893,0.283238,0.711792,-0.685754,0.010955,-0.151574
arm_1_right_finger,184.023000,0.520765,0.410732,0.280788,0.711872,-0.686382,0.010009,-0.148381
arm_1_right_finger,184.040000,0.518881,0.412539,0.278366,0.711944,-0.686998,0.009102,-0.145211
arm_1_right_finger,184.058000,0.516887,0.414415,0.275831,0.712011,-0.687636,0.008183,-0.141879
arm_1_right_finger,184.075000,0.515008,0.416152,0.273467,0.712066,-0.688226,0.007355,-0.138758
arm_1_right_finger,184.092000,0.513133,0.417856,0.271133,0.712112,-0.688802,0.006564,-0.135664
arm_1_right_finger,184.109000,0.511263,0.419525,0.268830,0.712151,-0.689366,0.005810,-0.132597
arm_1_right_finger,184.125000,0.509510,0.421065,0.266690,0.712181,-0.689885,0.005132,-0.129737
arm_1_right_finger,184.142000,0.507653,0.422668,0.264446,0.712205,-0.690424,0.004447,-0.126727
arm_1_right_finger,184.159000,0.505805,0.424238,0.262234,0.712222,-0.690950,0.003796,-0.123747
arm_1_right_finger,184.176000,0.503966,0.425774,0.260052,0.712232,-0.691464,0.003179,-0.120798
arm_1_right_finger,184.193000,0.502136,0.427278,0.257902,0.712236,-0.691967,0.002594,-0.117881
arm_1_right_finger,184.209000,0.500424,0.428663,0.255907,0.712233,-0.692428,0.002073,-0.115164
arm_1_right_finger,184.226000,0.498615,0.430104,0.253817,0.712225,-0.692907,0.001549,-0.112308
arm_1_right_finger,184.244000,0.496713,0.431595,0.251639,0.712209,-0.693402,0.001028,-0.109322
arm_1_right_finger,184.261000,0.494928,0.432971,0.249613,0.712188,-0.693857,0.000565,-0.106534
arm_1_right_finger,184.278000,0.493157,0.434316,0.247618,0.712162,-0.694301,0.000131,-0.103780
arm_1_right_finger,184.294000,0.491502,0.435554,0.245769,0.712133,-0.694709,-0.000252,-0.101219
arm_1_right_finger,184.311000,0.489757,0.436840,0.243835,0.712097,-0.695132,-0.000633,-0.098531
arm_1_right_finger,184.327000,0.488128,0.438024,0.242042,0.712059,-0.695521,-0.000969,-0.096032
arm_1_right_finger,184.342000,0.486612,0.439110,0.240385,0.712019,-0.695876,-0.001263,-0.093717
arm_1_right_finger,184.357000,0.485109,0.440174,0.238753,0.711976,-0.696224,-0.001538,-0.091429
arm_1_right_finger,184.373000,0.483518,0.441285,0.237037,0.711927,-0.696587,-0.001811,-0.089018
arm_1_right_finger,184.388000,0.482040,0.442303,0.235453,0.711877,-0.696918,-0.002048,-0.086787
arm_1_right_finger,184.404000,0.480478,0.443366,0.233790,0.711821,-0.697263,-0.002283,-0.084437
arm_1_right_finger,184.420000,0.478930,0.444405,0.232152,0.711762,-0.697600,-0.002498,-0.082118
arm_1_right_finger,184.436000,0.477398,0.445420,0.230542,0.711699,-0.697929,-0.002695,-0.079830
arm_1_right_finger,184.451000,0.475975,0.446351,0.229055,0.711638,-0.698229,-0.002864,-0.077715
arm_1_right_finger,184.467000,0.474474,0.447321,0.227496,0.711570,-0.698542,-0.003027,-0.075489
arm_1_right_finger,184.484000,0.472896,0.448327,0.225866,0.711495,-0.698865,-0.003182,-0.073158
arm_1_right_finger,184.500000,0.471429,0.449251,0.224360,0.711422,-0.699162,-0.003312,-0.070998
arm_1_right_finger,184.516000,0.469977,0.450153,0.222879,0.711347,-0.699451,-0.003427,-0.068870
arm_1_right_finger,184.533000,0.468455,0.451089,0.221335,0.711264,-0.699749,-0.003533,-0.066644
arm_1_right_finger,184.549000,0.467039,0.451947,0.219907,0.711185,-0.700023,-0.003618,-0.064582
arm_1_right_finger,184.566000,0.465555,0.452836,0.218418,0.711099,-0.700306,-0.003694,-0.062427
arm_1_right_finger,184.581000,0.464262,0.453601,0.217127,0.711021,-0.700549,-0.003748,-0.060555
arm_1_right_finger,184.596000,0.462985,0.454348,0.215860,0.710942,-0.700785,-0.003792,-0.058711
arm_1_right_finger,184.610000,0.461808,0.455030,0.214695,0.710867,-0.701001,-0.003824,-0.057017
arm_1_right_finger,184.624000,0.460645,0.455697,0.213551,0.710791,-0.701212,-0.003847,-0.055347
arm_1_right_finger,184.639000,0.459416,0.456396,0.212346,0.710709,-0.701432,-0.003863,-0.053586
arm_1_right_finger,184.654000,0.458202,0.457077,0.211162,0.710626,-0.701646,-0.003870,-0.051854
arm_1_right_finger,184.670000,0.456928,0.457786,0.209924,0.710537,-0.701868,-0.003867,-0.050037
arm_1_right_finger,184.686000,0.455672,0.458476,0.208710,0.710446,-0.702084,-0.003855,-0.048253
arm_1_right_finger,184.702000,0.454435,0.459149,0.207520,0.710356,-0.702295,-0.003835,-0.046502
arm_1_right_finger,184.718000,0.453220,0.459803,0.206356,0.710264,-0.702499,-0.003806,-0.044784
arm_1_right_finger,184.734000,0.452024,0.460440,0.205214,0.710173,-0.702697,-0.003769,-0.043098
arm_1_right_finger,184.748000,0.450995,0.460983,0.204236,0.710092,-0.702866,-0.003731,-0.041650
arm_1_right_finger,184.764000,0.449837,0.461588,0.203140,0.710000,-0.703053,-0.003681,-0.040025
arm_1_right_finger,184.780000,0.448699,0.462177,0.202067,0.709908,-0.703235,-0.003624,-0.038434
arm_1_right_finger,184.795000,0.447653,0.462713,0.201084,0.709822,-0.703401,-0.003566,-0.036972
arm_1_right_finger,184.812000,0.446489,0.463304,0.199994,0.709725,-0.703583,-0.003494,-0.035349
arm_1_right_finger,184.826000,0.445547,0.463777,0.199116,0.709645,-0.703728,-0.003430,-0.034041
arm_1_right_finger,184.842000,0.444492,0.464304,0.198135,0.709554,-0.703890,-0.003353,-0.032576
arm_1_right_finger,184.858000,0.443459,0.464814,0.197179,0.709463,-0.704046,-0.003271,-0.031145
arm_1_right_finger,184.875000,0.442383,0.465341,0.196186,0.709368,-0.704207,-0.003180,-0.029659
arm_1_right_finger,184.890000,0.441455,0.465791,0.195332,0.709284,-0.704345,-0.003096,-0.028379
arm_1_right_finger,184.906000,0.440486,0.466257,0.194445,0.709195,-0.704487,-0.003004,-0.027045
arm_1_right_finger,184.914000,0.440010,0.466485,0.194009,0.709152,-0.704556,-0.002957,-0.026391
arm_1_right_finger,184.927000,0.439258,0.466842,0.193323,0.709082,-0.704664,-0.002880,-0.025360
arm_1_right_finger,184.944000,0.438282,0.467303,0.192434,0.708990,-0.704804,-0.002775,-0.024021
arm_1_right_finger,184.961000,0.437331,0.467748,0.191571,0.708899,-0.704938,-0.002668,-0.022719
arm_1_right_finger,184.978000,0.436409,0.468175,0.190738,0.708811,-0.705067,-0.002561,-0.021463
arm_1_right_finger,184.994000,0.435561,0.468566,0.189973,0.708728,-0.705185,-0.002457,-0.020306
arm_1_right_finger,185.007000,0.434891,0.468872,0.189371,0.708662,-0.705277,-0.002373,-0.019395
arm_1_right_finger,185.023000,0.434086,0.469238,0.188648,0.708583,-0.705387,-0.002269,-0.018299
arm_1_right_finger,185.039000,0.433300,0.469592,0.187944,0.708504,-0.705493,-0.002164,-0.017235
arm_1_right_finger,185.055000,0.432539,0.469932,0.187265,0.708427,-0.705595,-0.002059,-0.016204
arm_1_right_finger,185.071000,0.431802,0.470261,0.186608,0.708352,-0.705693,-0.001955,-0.015205
arm_1_right_finger,185.087000,0.431086,0.470577,0.185972,0.708279,-0.705787,-0.001851,-0.014239
arm_1_right_finger,185.103000,0.430394,0.470880,0.185359,0.708207,-0.705877,-0.001748,-0.013306
arm_1_right_finger,185.120000,0.429686,0.471189,0.184732,0.708133,-0.705969,-0.001640,-0.012351
arm_1_right_finger,185.137000,0.429003,0.471485,0.184130,0.708061,-0.706057,-0.001533,-0.011433
arm_1_right_finger,185.154000,0.428348,0.471767,0.183552,0.707992,-0.706141,-0.001429,-0.010551
arm_1_right_finger,185.171000,0.427716,0.472037,0.182997,0.707924,-0.706220,-0.001326,-0.009705
arm_1_right_finger,185.189000,0.427079,0.472309,0.182438,0.707856,-0.706300,-0.001220,-0.008851
arm_1_right_finger,185.206000,0.426504,0.472552,0.181935,0.707794,-0.706372,-0.001123,-0.008081
arm_1_right_finger,185.223000,0.425957,0.472783,0.181457,0.707734,-0.706440,-0.001029,-0.007348
arm_1_right_finger,185.240000,0.425434,0.473001,0.181000,0.707677,-0.706504,-0.000938,-0.006651
arm_1_right_finger,185.257000,0.424940,0.473208,0.180570,0.707623,-0.706565,-0.000851,-0.005991
arm_1_right_finger,185.274000,0.424472,0.473402,0.180163,0.707571,-0.706622,-0.000767,-0.005368
arm_1_right_finger,185.290000,0.424056,0.473574,0.179802,0.707525,-0.706672,-0.000691,-0.004813
arm_1_right_finger,185.306000,0.423665,0.473735,0.179463,0.707481,-0.706719,-0.000619,-0.004292
arm_1_right_finger,185.321000,0.423320,0.473877,0.179163,0.707442,-0.706761,-0.000555,-0.003832
arm_1_right_finger,185.337000,0.422973,0.474018,0.178863,0.707403,-0.706802,-0.000490,-0.003373
arm_1_right_finger,185.352000,0.422671,0.474141,0.178602,0.707369,-0.706838,-0.000433,-0.002971
arm_1_right_finger,185.366000,0.422409,0.474248,0.178375,0.707340,-0.706869,-0.000383,-0.002622
arm_1_right_finger,185.381000,0.422147,0.474355,0.178150,0.707310,-0.706900,-0.000333,-0.002275
arm_1_right_finger,185.397000,0.421893,0.474458,0.177930,0.707281,-0.706930,-0.000284,-0.001937
arm_1_right_finger,185.414000,0.421648,0.474557,0.177719,0.707253,-0.706959,-0.000222,-0.001626
arm_1_right_finger,185.431000,0.421430,0.474644,0.177531,0.707228,-0.706984,-0.000176,-0.001341
arm_1_right_finger,185.447000,0.421249,0.474717,0.177376,0.707208,-0.707005,-0.000158,-0.001086
arm_1_right_finger,185.464000,0.421084,0.474783,0.177234,0.707189,-0.707024,-0.000126,-0.000866
arm_1_right_finger,185.480000,0.420954,0.474835,0.177122,0.707174,-0.707039,-0.000101,-0.000694
arm_1_right_finger,185.491000,0.420879,0.474865,0.177058,0.707165,-0.707048,-0.000086,-0.000594
arm_1_right_finger,185.504000,0.420805,0.474895,0.176994,0.707157,-0.707057,-0.000051,-0.000515
arm_1_right_finger,185.520000,0.420732,0.474925,0.176931,0.707148,-0.707065,-0.000027,-0.000427
arm_1_right_finger,185.536000,0.420675,0.474947,0.176882,0.707142,-0.707072,-0.000020,-0.000349
arm_1_right_finger,185.553000,0.420629,0.474966,0.176842,0.707136,-0.707077,-0.000022,-0.000276
arm_1_right_finger,185.567000,0.420595,0.474978,0.176814,0.707133,-0.707081,-0.000020,-0.000232
arm_1_right_finger,185.583000,0.420567,0.474989,0.176789,0.707130,-0.707084,-0.000024,-0.000187
arm_1_right_finger,185.600000,0.420591,0.474980,0.176808,0.707132,-0.707081,-0.000029,-0.000216
arm_1_right_finger,185.617000,0.420612,0.474973,0.176817,0.707135,-0.707079,-0.000033,-0.000242
arm_1_right_finger,185.634000,0.420629,0.474968,0.176810,0.707136,-0.707077,-0.000036,-0.000262
arm_1_right_finger,185.651000,0.420643,0.474967,0.176785,0.707138,-0.707076,-0.000038,-0.000277
arm_1_right_finger,185.668000,0.420655,0.474967,0.176740,0.707139,-0.707075,-0.000040,-0.000289
arm_1_right_finger,185.685000,0.420667,0.474970,0.176672,0.707139,-0.707074,-0.000041,-0.000298
arm_1_right_finger,185.703000,0.420678,0.474976,0.176576,0.707140,-0.707074,-0.000040,-0.000307
arm_1_right_finger,185.721000,0.420689,0.474985,0.176452,0.707140,-0.707073,-0.000021,-0.000331
arm_1_right_finger,185.739000,0.420700,0.474996,0.176300,0.707141,-0.707073,-0.000044,-0.000312
arm_1_right_finger,185.756000,0.420712,0.475009,0.176131,0.707141,-0.707072,-0.000004,-0.000355
arm_1_right_finger,185.773000,0.420724,0.475024,0.175936,0.707141,-0.707072,-0.000038,-0.000323
arm_1_right_finger,185.790000,0.420738,0.475041,0.175716,0.707141,-0.707072,-0.000034,-0.000329
arm_1_right_finger,185.807000,0.420753,0.475060,0.175469,0.707141,-0.707072,-0.000007,-0.000355
arm_1_right_finger,185.825000,0.420768,0.475082,0.175177,0.707141,-0.707072,-0.000040,-0.000323
arm_1_right_finger,185.843000,0.420787,0.475107,0.174859,0.707141,-0.707072,-0.000043,-0.000320
arm_1_right_finger,185.860000,0.420804,0.475132,0.174528,0.707141,-0.707072,-0.000054,-0.000308
arm_1_right_finger,185.878000,0.420825,0.475161,0.174151,0.707141,-0.707072,-0.000042,-0.000319
arm_1_right_finger,185.895000,0.420845,0.475190,0.173765,0.707141,-0.707072,-0.000053,-0.000307
arm_1_right_finger,185.912000,0.420865,0.475221,0.173353,0.707141,-0.707072,-0.000005,-0.000354
arm_1_right_finger,185.929000,0.420890,0.475254,0.172917,0.707141,-0.707072,-0.000038,-0.000319
arm_1_right_finger,185.947000,0.420915,0.475290,0.172424,0.707141,-0.707072,-0.000056,-0.000300
arm_1_right_finger,185.964000,0.420940,0.475326,0.171934,0.707141,-0.707072,-0.000020,-0.000334
arm_1_right_finger,185.980000,0.420966,0.475361,0.171445,0.707141,-0.707072,-0.000041,-0.000311
arm_1_right_finger,185.984000,0.420972,0.475370,0.171318,0.707141,-0.707072,-0.000050,-0.000302
arm_1_right_finger,185.994000,0.420989,0.475393,0.170997,0.707141,-0.707072,-0.000040,-0.000311
arm_1_right_finger,186.010000,0.421012,0.475431,0.170461,0.707141,-0.707072,-0.000005,-0.000344
arm_1_right_finger,186.027000,0.421043,0.475473,0.169869,0.707141,-0.707072,-0.000040,-0.000306
arm_1_right_finger,186.044000,0.421074,0.475516,0.169250,0.707141,-0.707072,-0.000019,-0.000326
arm_1_right_finger,186.061000,0.421104,0.475559,0.168607,0.707141,-0.707072,-0.000043,-0.000299
arm_1_right_finger,186.077000,0.421133,0.475602,0.167973,0.707141,-0.707073,-0.000044,-0.000296
arm_1_right_finger,186.094000,0.421159,0.475648,0.167268,0.707141,-0.707073,0.000019,-0.000356
arm_1_right_finger,186.111000,0.421197,0.475695,0.166546,0.707141,-0.707073,-0.000049,-0.000285
arm_1_right_finger,186.128000,0.421230,0.475743,0.165793,0.707141,-0.707073,-0.000038,-0.000293
arm_1_right_finger,186.145000,0.421262,0.475791,0.165012,0.707141,-0.707073,-0.000035,-0.000293
arm_1_right_finger,186.162000,0.421297,0.475841,0.164206,0.707141,-0.707073,-0.000051,-0.000275
arm_1_right_finger,186.180000,0.421333,0.475893,0.163322,0.707140,-0.707073,-0.000055,-0.000267
arm_1_right_finger,186.197000,0.421368,0.475944,0.162461,0.707140,-0.707073,-0.000040,-0.000279
arm_1_right_finger,186.214000,0.421403,0.475994,0.161573,0.707140,-0.707073,-0.000012,-0.000304
arm_1_right_finger,186.231000,0.421438,0.476045,0.160658,0.707140,-0.707073,-0.000042,-0.000271
arm_1_right_finger,186.249000,0.421474,0.476099,0.159659,0.707140,-0.707073,-0.000042,-0.000267
arm_1_right_finger,186.266000,0.421508,0.476150,0.158687,0.707140,-0.707074,-0.000043,-0.000262
arm_1_right_finger,186.283000,0.421544,0.476201,0.157691,0.707140,-0.707074,-0.000038,-0.000263
arm_1_right_finger,186.300000,0.421578,0.476251,0.156666,0.707140,-0.707074,-0.000038,-0.000259
arm_1_right_finger,186.318000,0.421613,0.476304,0.155552,0.707140,-0.707074,-0.000041,-0.000252
arm_1_right_finger,186.335000,0.421646,0.476354,0.154472,0.707140,-0.707074,-0.000010,-0.000279
arm_1_right_finger,186.353000,0.421681,0.476406,0.153300,0.707139,-0.707074,-0.000008,-0.000276
arm_1_right_finger,186.370000,0.421712,0.476453,0.152165,0.707139,-0.707074,-0.000048,-0.000233
arm_1_right_finger,186.387000,0.421743,0.476500,0.151003,0.707139,-0.707074,-0.000051,-0.000225
arm_1_right_finger,186.404000,0.421774,0.476546,0.149816,0.707139,-0.707074,-0.000034,-0.000238
arm_1_right_finger,186.422000,0.421805,0.476593,0.148529,0.707139,-0.707075,-0.000033,-0.000234
arm_1_right_finger,186.439000,0.421833,0.476636,0.147286,0.707139,-0.707075,-0.000033,-0.000229
arm_1_right_finger,186.456000,0.421859,0.476678,0.146016,0.707139,-0.707075,-0.000031,-0.000227
arm_1_right_finger,186.473000,0.421884,0.476717,0.144720,0.707139,-0.707075,-0.000029,-0.000224
arm_1_right_finger,186.490000,0.421909,0.476755,0.143397,0.707138,-0.707075,-0.000014,-0.000233
arm_1_right_finger,186.508000,0.421932,0.476792,0.141967,0.707138,-0.707075,-0.000010,-0.000232
arm_1_right_finger,186.526000,0.421954,0.476827,0.140506,0.707138,-0.707075,-0.000010,-0.000227
arm_1_right_finger,186.544000,0.421973,0.476860,0.139017,0.707138,-0.707076,-0.000010,-0.000222
arm_1_right_finger,186.561000,0.421989,0.476887,0.137582,0.707138,-0.707076,-0.000007,-0.000219
arm_1_right_finger,186.579000,0.422003,0.476914,0.136035,0.707138,-0.707076,-0.000004,-0.000217
arm_1_right_finger,186.596000,0.422015,0.476935,0.134546,0.707137,-0.707076,0.000003,-0.000218
arm_1_right_finger,186.613000,0.422023,0.476954,0.133030,0.707137,-0.707076,-0.000038,-0.000171
arm_1_right_finger,186.631000,0.422030,0.476969,0.131398,0.707137,-0.707076,-0.000037,-0.000166
arm_1_right_finger,186.649000,0.422033,0.476981,0.129746,0.707137,-0.707077,-0.000036,-0.000161
arm_1_right_finger,186.667000,0.422030,0.476988,0.128080,0.707137,-0.707077,0.000015,-0.000206
arm_1_right_finger,186.684000,0.422029,0.476991,0.126511,0.707137,-0.707077,0.000006,-0.000190
arm_1_right_finger,186.702000,0.422025,0.476990,0.124858,0.707136,-0.707077,-0.000004,-0.000175
arm_1_right_finger,186.720000,0.422016,0.476985,0.123216,0.707136,-0.707077,-0.000022,-0.000150
arm_1_right_finger,186.737000,0.422004,0.476975,0.121682,0.707136,-0.707077,-0.000021,-0.000145
arm_1_right_finger,186.755000,0.421989,0.476962,0.120078,0.707136,-0.707078,-0.000020,-0.000140
arm_1_right_finger,186.773000,0.421972,0.476945,0.118498,0.707136,-0.707078,-0.000019,-0.000135
arm_1_right_finger,186.791000,0.421952,0.476924,0.116943,0.707136,-0.707078,-0.000020,-0.000129
arm_1_right_finger,186.808000,0.421932,0.476901,0.115500,0.707135,-0.707078,0.000001,-0.000145
arm_1_right_finger,186.825000,0.421909,0.476875,0.114080,0.707135,-0.707078,0.000008,-0.000146
arm_1_right_finger,186.842000,0.421882,0.476847,0.112683,0.707135,-0.707078,-0.000017,-0.000116
arm_1_right_finger,186.859000,0.421857,0.476816,0.111315,0.707135,-0.707079,0.000008,-0.000135
arm_1_right_finger,186.877000,0.421820,0.476781,0.109888,0.707135,-0.707079,0.000040,-0.000162
arm_1_right_finger,186.894000,0.421794,0.476745,0.108576,0.707135,-0.707079,-0.000013,-0.000104
arm_1_right_finger,186.912000,0.421762,0.476706,0.107213,0.707135,-0.707079,-0.000016,-0.000096
arm_1_right_finger,186.930000,0.421725,0.476664,0.105877,0.707134,-0.707079,0.000022,-0.000129
arm_1_right_finger,186.948000,0.421690,0.476620,0.104572,0.707134,-0.707079,-0.000027,-0.000075
arm_1_right_finger,186.962000,0.421663,0.476586,0.103586,0.707134,-0.707079,0.000018,-0.000117
arm_1_right_finger,186.977000,0.421631,0.476547,0.102539,0.707134,-0.707079,-0.000011,-0.000083
arm_1_right_finger,186.991000,0.421601,0.476510,0.101582,0.707134,-0.707080,-0.000023,-0.000068
arm_1_right_finger,187.007000,0.421566,0.476467,0.100511,0.707134,-0.707080,-0.000009,-0.000078
arm_1_right_finger,187.023000,0.421532,0.476423,0.099464,0.707134,-0.707080,0.000016,-0.000098
arm_1_right_finger,187.040000,0.421492,0.476376,0.098376,0.707134,-0.707080,-0.000022,-0.000057
arm_1_right_finger,187.056000,0.421456,0.476331,0.097378,0.707134,-0.707080,-0.000009,-0.000066
arm_1_right_finger,187.073000,0.421418,0.476283,0.096345,0.707133,-0.707080,0.000018,-0.000089
arm_1_right_finger,187.090000,0.421378,0.476234,0.095336,0.707133,-0.707080,-0.000019,-0.000048
arm_1_right_finger,187.108000,0.421338,0.476182,0.094300,0.707133,-0.707080,-0.000004,-0.000059
arm_1_right_finger,187.125000,0.421297,0.476133,0.093347,0.707133,-0.707080,-0.000002,-0.000058
arm_1_right_finger,187.143000,0.421257,0.476080,0.092370,0.707133,-0.707081,0.000020,-0.000076
arm_1_right_finger,187.160000,0.421217,0.476031,0.091471,0.707133,-0.707081,-0.000017,-0.000036
arm_1_right_finger,187.178000,0.421177,0.475979,0.090552,0.707133,-0.707081,-0.000002,-0.000047
arm_1_right_finger,187.195000,0.421137,0.475931,0.089709,0.707133,-0.707081,-0.000006,-0.000040
arm_1_right_finger,187.213000,0.421098,0.475880,0.088849,0.707133,-0.707081,-0.000009,-0.000034
arm_1_right_finger,187.229000,0.421063,0.475835,0.088107,0.707133,-0.707081,-0.000007,-0.000033
arm_1_right_finger,187.246000,0.421026,0.475788,0.087346,0.707132,-0.707081,-0.000015,-0.000022
arm_1_right_finger,187.261000,0.420995,0.475748,0.086697,0.707132,-0.707081,-0.000003,-0.000031
arm_1_right_finger,187.277000,0.420961,0.475705,0.086027,0.707132,-0.707081,0.000013,-0.000045
arm_1_right_finger,187.293000,0.420927,0.475663,0.085379,0.707132,-0.707081,-0.000019,-0.000011
arm_1_right_finger,187.311000,0.420891,0.475617,0.084681,0.707132,-0.707081,0.000023,-0.000050
arm_1_right_finger,187.328000,0.420858,0.475575,0.084048,0.707132,-0.707081,0.000022,-0.000047
arm_1_right_finger,187.345000,0.420826,0.475534,0.083448,0.707132,-0.707082,0.000023,-0.000045
arm_1_right_finger,187.362000,0.420795,0.475494,0.082866,0.707132,-0.707082,0.000025,-0.000045
arm_1_right_finger,187.379000,0.420766,0.475455,0.082314,0.707132,-0.707082,0.000002,-0.000020
arm_1_right_finger,187.394000,0.420740,0.475422,0.081848,0.707132,-0.707082,-0.000001,-0.000015
arm_1_right_finger,187.410000,0.420713,0.475388,0.081373,0.707132,-0.707082,-0.000004,-0.000010
arm_1_right_finger,187.427000,0.420687,0.475353,0.080895,0.707132,-0.707082,0.000016,-0.000029
arm_1_right_finger,187.445000,0.420659,0.475318,0.080416,0.707132,-0.707082,-0.000003,-0.000008
arm_1_right_finger,187.462000,0.420635,0.475287,0.079992,0.707132,-0.707082,-0.000000,-0.000009
arm_1_right_finger,187.479000,0.420613,0.475258,0.079596,0.707132,-0.707082,0.000011,-0.000019
arm_1_right_finger,187.496000,0.420590,0.475230,0.079224,0.707132,-0.707082,-0.000002,-0.000005
arm_1_right_finger,187.514000,0.420570,0.475202,0.078862,0.707132,-0.707082,0.000020,-0.000025
arm_1_right_finger,187.531000,0.420551,0.475178,0.078546,0.707132,-0.707082,0.000004,-0.000008
arm_1_right_finger,187.548000,0.420533,0.475156,0.078255,0.707131,-0.707082,-0.000007,0.000004
arm_1_right_finger,187.565000,0.420518,0.475136,0.077993,0.707131,-0.707082,0.000024,-0.000026
arm_1_right_finger,187.582000,0.420504,0.475117,0.077756,0.707131,-0.707082,0.000007,-0.000007
arm_1_right_finger,187.600000,0.420490,0.475100,0.077533,0.707131,-0.707082,0.000001,-0.000001
arm_1_right_finger,187.617000,0.420479,0.475086,0.077352,0.707131,-0.707082,0.000003,-0.000002
arm_1_right_finger,187.635000,0.420469,0.475073,0.077188,0.707131,-0.707082,0.000003,-0.000002
arm_1_right_finger,187.652000,0.420462,0.475063,0.077061,0.707131,-0.707082,0.000003,-0.000002
arm_1_right_finger,187.670000,0.420455,0.475054,0.076953,0.707131,-0.707082,0.000023,-0.000021
arm_1_right_finger,187.687000,0.420451,0.475048,0.076877,0.707131,-0.707082,0.000034,-0.000031
arm_1_right_finger,187.704000,0.420447,0.475044,0.076818,0.707131,-0.707082,0.000028,-0.000026
arm_1_right_finger,187.721000,0.420443,0.475040,0.076773,0.707131,-0.707082,0.000019,-0.000016
arm_1_right_finger,187.738000,0.420361,0.475037,0.076672,0.707131,-0.707082,0.000005,-0.000001
arm_1_right_finger,187.755000,0.420145,0.475035,0.076466,0.707131,-0.707082,0.000004,-0.000000
arm_1_right_finger,187.772000,0.419817,0.475034,0.076176,0.707131,-0.707082,0.000004,-0.000000
arm_1_right_finger,187.789000,0.419401,0.475032,0.075824,0.707131,-0.707082,0.000004,-0.000000
arm_1_right_finger,187.806000,0.418916,0.475031,0.075429,0.707131,-0.707082,0.000004,-0.000000
arm_1_right_finger,187.824000,0.418342,0.475031,0.074976,0.707131,-0.707082,0.000004,-0.000000
arm_1_right_finger,187.842000,0.417720,0.475030,0.074501,0.707131,-0.707082,0.000004,-0.000000
arm_1_right_finger,187.859000,0.417095,0.475030,0.074040,0.707131,-0.707082,0.000004,-0.000000
arm_1_right_finger,187.875000,0.416481,0.475029,0.073601,0.707131,-0.707082,0.000004,-0.000000
arm_1_right_finger,187.891000,0.415845,0.475029,0.073160,0.707131,-0.707082,0.000004,-0.000000
arm_1_right_finger,187.908000,0.415149,0.475029,0.072694,0.707131,-0.707082,0.000004,-0.000000
arm_1_right_finger,187.923000,0.414520,0.475029,0.072286,0.707131,-0.707082,0.000004,-0.000000
arm_1_right_finger,187.938000,0.413879,0.475028,0.071882,0.707131,-0.707082,0.000004,-0.000000
arm_1_right_finger,187.950000,0.413358,0.475028,0.071564,0.707131,-0.707082,0.000004,-0.000000
arm_1_right_finger,187.964000,0.412743,0.475028,0.071198,0.707131,-0.707082,0.000004,-0.000000
arm_1_right_finger,187.980000,0.412031,0.475028,0.070787,0.707131,-0.707082,0.000004,-0.000000
arm_1_right_finger,187.995000,0.411354,0.475028,0.070411,0.707131,-0.707082,0.000004,-0.000000
arm_1_right_finger,188.012000,0.410579,0.475028,0.069994,0.707131,-0.707082,0.000004,-0.000000
arm_1_right_finger,188.030000,0.409748,0.475028,0.069566,0.707131,-0.707082,0.000004,-0.000000
arm_1_right_finger,188.047000,0.408955,0.475028,0.069174,0.707131,-0.707082,0.000004,-0.000000
arm_1_right_finger,188.064000,0.408155,0.475028,0.068794,0.707131,-0.707082,0.000004,-0.000000
arm_1_right_finger,188.081000,0.407347,0.475028,0.068426,0.707131,-0.707082,0.000004,-0.000000
arm_1_right_finger,188.098000,0.406533,0.475028,0.068071,0.707131,-0.707082,0.000004,-0.000000
arm_1_right_finger,188.115000,0.405713,0.475027,0.067730,0.707131,-0.707082,0.000004,-0.000000
arm_1_right_finger,188.132000,0.404887,0.475027,0.067401,0.707131,-0.707082,0.000004,-0.000000
arm_1_right_finger,188.149000,0.404056,0.475027,0.067086,0.707131,-0.707082,0.000004,-0.000000
arm_1_right_finger,188.167000,0.403170,0.475027,0.066766,0.707131,-0.707082,0.000004,-0.000000
arm_1_right_finger,188.185000,0.402278,0.475027,0.066462,0.707131,-0.707082,0.000004,-0.000000
arm_1_right_finger,188.202000,0.401447,0.475027,0.066194,0.707131,-0.707082,0.000004,-0.000000
arm_1_right_finger,188.213000,0.401128,0.475104,0.066183,0.707131,-0.707082,0.000283,-0.000423
arm_1_right_finger,188.224000,0.401067,0.475159,0.066220,0.707131,-0.707082,0.000413,-0.000650
arm_1_right_finger,188.235000,0.401080,0.475170,0.066236,0.707131,-0.707082,0.000727,-0.000984
arm_1_right_finger,188.246000,0.401089,0.475183,0.066251,0.707130,-0.707082,0.000944,-0.001223
arm_1_right_finger,188.257000,0.401099,0.475187,0.066258,0.707130,-0.707081,0.001121,-0.001407
arm_1_right_finger,188.268000,0.401107,0.475191,0.066264,0.707130,-0.707081,0.001223,-0.001516
arm_1_right_finger,188.279000,0.401112,0.475193,0.066267,0.707130,-0.707081,0.001276,-0.001571
arm_1_right_finger,188.289000,0.401104,0.475194,0.066265,0.707130,-0.707081,0.001258,-0.001556
arm_1_right_finger,188.300000,0.401112,0.475197,0.066271,0.707129,-0.707081,0.001351,-0.001654
arm_1_right_finger,188.311000,0.401075,0.475201,0.066264,0.707130,-0.707081,0.001112,-0.001422
arm_1_right_finger,188.321000,0.401070,0.475195,0.066255,0.707130,-0.707082,0.000991,-0.001289
arm_1_right_finger,188.332000,0.401063,0.475195,0.066254,0.707130,-0.707082,0.001020,-0.001319
arm_1_right_finger,188.343000,0.401073,0.475198,0.066259,0.707130,-0.707081,0.001112,-0.001416
arm_1_right_finger,188.354000,0.401065,0.475197,0.066258,0.707130,-0.707081,0.001084,-0.001387
arm_1_right_finger,188.363000,0.401047,0.475197,0.066257,0.707130,-0.707082,0.001026,-0.001333
arm_1_right_finger,188.373000,0.401056,0.475199,0.066260,0.707130,-0.707082,0.001083,-0.001393
arm_1_right_finger,188.383000,0.401062,0.475199,0.066261,0.707130,-0.707082,0.001099,-0.001409
arm_1_right_finger,188.393000,0.401067,0.475198,0.066261,0.707130,-0.707082,0.001089,-0.001396
arm_1_right_finger,188.403000,0.401070,0.475197,0.066260,0.707130,-0.707082,0.001061,-0.001365
arm_1_right_finger,188.413000,0.401073,0.475195,0.066258,0.707130,-0.707082,0.001021,-0.001321
arm_1_right_finger,188.423000,0.401046,0.475193,0.066248,0.707130,-0.707082,0.000791,-0.001088
arm_1_right_finger,188.433000,0.401049,0.475189,0.066244,0.707130,-0.707082,0.000722,-0.001012
arm_1_right_finger,188.443000,0.401049,0.475185,0.066239,0.707131,-0.707082,0.000661,-0.000942
arm_1_right_finger,188.454000,0.401056,0.475186,0.066243,0.707129,-0.707083,0.000710,-0.000996
arm_1_right_finger,188.464000,0.401060,0.475186,0.066244,0.707129,-0.707083,0.000734,-0.001019
arm_1_right_finger,188.475000,0.401064,0.475186,0.066244,0.707130,-0.707083,0.000728,-0.001012
arm_1_right_finger,188.486000,0.401065,0.475184,0.066243,0.707130,-0.707083,0.000702,-0.000983
arm_1_right_finger,188.495000,0.401066,0.475183,0.066241,0.707130,-0.707083,0.000671,-0.000949
arm_1_right_finger,188.504000,0.401067,0.475181,0.066239,0.707130,-0.707083,0.000635,-0.000909
arm_1_right_finger,188.514000,0.401067,0.475179,0.066237,0.707130,-0.707083,0.000592,-0.000863
arm_1_right_finger,188.525000,0.401067,0.475185,0.066244,0.707130,-0.707082,0.000870,-0.001150
arm_1_right_finger,188.535000,0.401078,0.475201,0.066264,0.707129,-0.707081,0.001393,-0.001703
arm_1_right_finger,188.545000,0.401114,0.475227,0.066303,0.707127,-0.707079,0.002091,-0.002448
arm_1_right_finger,188.555000,0.401151,0.475247,0.066335,0.707124,-0.707077,0.002673,-0.003066
arm_1_right_finger,188.566000,0.401183,0.475263,0.066360,0.707122,-0.707075,0.003151,-0.003571
arm_1_right_finger,188.577000,0.401209,0.475274,0.066380,0.707120,-0.707074,0.003518,-0.003957
arm_1_right_finger,188.587000,0.401180,0.475279,0.066376,0.707120,-0.707074,0.003461,-0.003913
arm_1_right_finger,188.597000,0.401198,0.475284,0.066387,0.707119,-0.707073,0.003667,-0.004127
arm_1_right_finger,188.607000,0.401167,0.475286,0.066379,0.707120,-0.707074,0.003536,-0.004003
arm_1_right_finger,188.616000,0.401141,0.475287,0.066372,0.707120,-0.707074,0.003414,-0.003883
arm_1_right_finger,188.625000,0.401119,0.475288,0.066367,0.707121,-0.707075,0.003323,-0.003795
arm_1_right_finger,188.634000,0.401129,0.475290,0.066372,0.707120,-0.707074,0.003404,-0.003879
arm_1_right_finger,188.644000,0.401138,0.475291,0.066375,0.707120,-0.707074,0.003451,-0.003926
arm_1_right_finger,188.652000,0.401110,0.475288,0.066364,0.707121,-0.707075,0.003249,-0.003721
arm_1_right_finger,188.662000,0.401118,0.475288,0.066367,0.707121,-0.707075,0.003290,-0.003761
arm_1_right_finger,188.671000,0.401094,0.475285,0.066356,0.707122,-0.707076,0.003103,-0.003569
arm_1_right_finger,188.680000,0.401102,0.475286,0.066359,0.707122,-0.707076,0.003141,-0.003608
arm_1_right_finger,188.690000,0.401080,0.475283,0.066350,0.707123,-0.707076,0.002976,-0.003439
arm_1_right_finger,188.699000,0.401088,0.475284,0.066353,0.707123,-0.707076,0.003018,-0.003481
arm_1_right_finger,188.709000,0.401071,0.475283,0.066347,0.707123,-0.707077,0.002914,-0.003377
arm_1_right_finger,188.719000,0.401079,0.475285,0.066351,0.707123,-0.707076,0.002950,-0.003414
arm_1_right_finger,188.729000,0.401033,0.475279,0.066331,0.707124,-0.707078,0.002652,-0.003107
arm_1_right_finger,188.739000,0.401019,0.475279,0.066327,0.707124,-0.707078,0.002600,-0.003056
arm_1_right_finger,188.749000,0.401032,0.475283,0.066336,0.707124,-0.707077,0.002728,-0.003191
arm_1_right_finger,188.759000,0.401042,0.475286,0.066341,0.707124,-0.707077,0.002797,-0.003264
arm_1_right_finger,188.768000,0.401049,0.475286,0.066344,0.707123,-0.707077,0.002823,-0.003290
arm_1_right_finger,188.778000,0.401055,0.475286,0.066345,0.707124,-0.707077,0.002822,-0.003287
arm_1_right_finger,188.788000,0.401060,0.475284,0.066345,0.707124,-0.707077,0.002797,-0.003259
arm_1_right_finger,188.798000,0.401064,0.475282,0.066344,0.707124,-0.707077,0.002755,-0.003213
arm_1_right_finger,188.808000,0.401043,0.475277,0.066332,0.707125,-0.707078,0.002559,-0.003008
arm_1_right_finger,188.818000,0.401010,0.475274,0.066319,0.707125,-0.707078,0.002404,-0.002849
arm_1_right_finger,188.828000,0.401023,0.475279,0.066328,0.707125,-0.707078,0.002544,-0.002998
arm_1_right_finger,188.838000,0.401012,0.475280,0.066326,0.707125,-0.707078,0.002529,-0.002985
arm_1_right_finger,188.848000,0.401003,0.475283,0.066326,0.707125,-0.707078,0.002541,-0.003002
arm_1_right_finger,188.858000,0.400993,0.475285,0.066326,0.707125,-0.707078,0.002563,-0.003030
arm_1_right_finger,188.868000,0.400982,0.475287,0.066325,0.707125,-0.707078,0.002560,-0.003031
arm_1_right_finger,188.878000,0.400995,0.475292,0.066333,0.707124,-0.707077,0.002679,-0.003156
arm_1_right_finger,188.888000,0.400958,0.475290,0.066321,0.707125,-0.707078,0.002515,-0.002991
arm_1_right_finger,188.898000,0.400971,0.475295,0.066330,0.707124,-0.707078,0.002648,-0.003133
arm_1_right_finger,188.908000,0.400981,0.475298,0.066336,0.707124,-0.707077,0.002722,-0.003210
arm_1_right_finger,188.918000,0.400989,0.475299,0.066339,0.707124,-0.707077,0.002752,-0.003242
arm_1_right_finger,188.928000,0.400997,0.475299,0.066341,0.707124,-0.707077,0.002762,-0.003250
arm_1_right_finger,188.938000,0.401004,0.475298,0.066342,0.707124,-0.707077,0.002760,-0.003246
arm_1_right_finger,188.948000,0.401011,0.475296,0.066342,0.707124,-0.707077,0.002750,-0.003233
arm_1_right_finger,188.957000,0.401017,0.475295,0.066343,0.707124,-0.707077,0.002736,-0.003215
arm_1_right_finger,188.966000,0.401023,0.475293,0.066342,0.707124,-0.707077,0.002717,-0.003193
arm_1_right_finger,188.976000,0.401029,0.475291,0.066342,0.707124,-0.707077,0.002692,-0.003163
arm_1_right_finger,188.985000,0.401034,0.475288,0.066341,0.707124,-0.707077,0.002665,-0.003132
arm_1_right_finger,188.994000,0.401039,0.475286,0.066340,0.707125,-0.707077,0.002636,-0.003098
arm_1_right_finger,189.004000,0.401044,0.475283,0.066339,0.707125,-0.707077,0.002600,-0.003058
arm_1_right_finger,189.014000,0.401049,0.475281,0.066337,0.707125,-0.707078,0.002561,-0.003013
arm_1_right_finger,189.024000,0.401034,0.475277,0.066329,0.707125,-0.707078,0.002429,-0.002876
arm_1_right_finger,189.034000,0.401040,0.475277,0.066331,0.707125,-0.707078,0.002448,-0.002894
arm_1_right_finger,189.044000,0.401025,0.475274,0.066323,0.707126,-0.707079,0.002327,-0.002769
arm_1_right_finger,189.053000,0.401034,0.475275,0.066326,0.707126,-0.707078,0.002380,-0.002823
arm_1_right_finger,189.063000,0.401040,0.475275,0.066328,0.707126,-0.707078,0.002400,-0.002843
arm_1_right_finger,189.072000,0.401010,0.475272,0.066317,0.707126,-0.707079,0.002264,-0.002704
arm_1_right_finger,189.082000,0.401023,0.475277,0.066325,0.707125,-0.707078,0.002395,-0.002843
arm_1_right_finger,189.092000,0.401033,0.475279,0.066330,0.707125,-0.707078,0.002467,-0.002918
arm_1_right_finger,189.103000,0.401041,0.475279,0.066333,0.707125,-0.707078,0.002496,-0.002947
arm_1_right_finger,189.113000,0.401046,0.475278,0.066334,0.707125,-0.707078,0.002490,-0.002939
arm_1_right_finger,189.122000,0.401051,0.475276,0.066333,0.707125,-0.707078,0.002467,-0.002913
arm_1_right_finger,189.131000,0.401035,0.475273,0.066324,0.707126,-0.707079,0.002326,-0.002766
arm_1_right_finger,189.139000,0.401041,0.475273,0.066327,0.707126,-0.707078,0.002360,-0.002801
arm_1_right_finger,189.146000,0.401045,0.475273,0.066328,0.707126,-0.707078,0.002370,-0.002811
arm_1_right_finger,189.154000,0.401031,0.475270,0.066320,0.707126,-0.707079,0.002256,-0.002692
arm_1_right_finger,189.163000,0.401040,0.475272,0.066325,0.707126,-0.707079,0.002324,-0.002762
arm_1_right_finger,189.172000,0.401047,0.475272,0.066328,0.707126,-0.707078,0.002355,-0.002794
arm_1_right_finger,189.181000,0.401052,0.475272,0.066329,0.707126,-0.707078,0.002359,-0.002797
arm_1_right_finger,189.191000,0.401057,0.475270,0.066329,0.707126,-0.707078,0.002339,-0.002774
arm_1_right_finger,189.201000,0.401062,0.475268,0.066328,0.707126,-0.707079,0.002307,-0.002737
arm_1_right_finger,189.211000,0.401067,0.475266,0.066327,0.707126,-0.707079,0.002272,-0.002698
arm_1_right_finger,189.221000,0.401070,0.475260,0.066321,0.707126,-0.707079,0.002248,-0.002663
arm_1_right_finger,189.231000,0.401060,0.475257,0.066316,0.707127,-0.707079,0.002171,-0.002582
arm_1_right_finger,189.240000,0.401069,0.475258,0.066319,0.707126,-0.707079,0.002230,-0.002643
arm_1_right_finger,189.250000,0.401078,0.475258,0.066322,0.707126,-0.707079,0.002279,-0.002691
arm_1_right_finger,189.260000,0.401050,0.475255,0.066310,0.707127,-0.707079,0.002139,-0.002547
arm_1_right_finger,189.270000,0.401066,0.475261,0.066321,0.707126,-0.707079,0.002326,-0.002745
arm_1_right_finger,189.280000,0.401077,0.475264,0.066328,0.707125,-0.707078,0.002439,-0.002864
arm_1_right_finger,189.290000,0.401087,0.475265,0.066333,0.707125,-0.707078,0.002505,-0.002932
arm_1_right_finger,189.299000,0.401096,0.475265,0.066335,0.707125,-0.707078,0.002551,-0.002977
arm_1_right_finger,189.309000,0.401106,0.475265,0.066337,0.707125,-0.707078,0.002596,-0.003021
arm_1_right_finger,189.319000,0.401116,0.475264,0.066339,0.707125,-0.707077,0.002639,-0.003062
arm_1_right_finger,189.330000,0.401126,0.475262,0.066341,0.707124,-0.707077,0.002682,-0.003102
arm_1_right_finger,189.341000,0.401110,0.475259,0.066333,0.707125,-0.707078,0.002561,-0.002977
arm_1_right_finger,189.351000,0.401122,0.475261,0.066339,0.707125,-0.707077,0.002664,-0.003082
arm_1_right_finger,189.361000,0.401132,0.475262,0.066343,0.707124,-0.707077,0.002734,-0.003154
arm_1_right_finger,189.371000,0.401141,0.475262,0.066345,0.707124,-0.707077,0.002782,-0.003201
arm_1_right_finger,189.381000,0.401149,0.475261,0.066347,0.707124,-0.707077,0.002814,-0.003231
arm_1_right_finger,189.391000,0.401156,0.475260,0.066348,0.707124,-0.707077,0.002835,-0.003250
arm_1_right_finger,189.401000,0.401164,0.475260,0.066351,0.707124,-0.707077,0.002849,-0.003264
arm_1_right_finger,189.412000,0.401172,0.475261,0.066356,0.707124,-0.707076,0.002858,-0.003274
arm_1_right_finger,189.423000,0.401179,0.475261,0.066364,0.707124,-0.707076,0.002864,-0.003280
arm_1_right_finger,189.434000,0.401188,0.475262,0.066377,0.707124,-0.707076,0.002866,-0.003284
arm_1_right_finger,189.445000,0.401196,0.475264,0.066395,0.707124,-0.707076,0.002866,-0.003283
arm_1_right_finger,189.456000,0.401174,0.475267,0.066410,0.707125,-0.707077,0.002658,-0.003078
arm_1_right_finger,189.467000,0.401134,0.475270,0.066426,0.707126,-0.707078,0.002366,-0.002786
arm_1_right_finger,189.478000,0.401147,0.475273,0.066466,0.707126,-0.707078,0.002424,-0.002844
arm_1_right_finger,189.489000,0.401136,0.475278,0.066506,0.707126,-0.707078,0.002305,-0.002724
arm_1_right_finger,189.500000,0.401126,0.475283,0.066555,0.707126,-0.707079,0.002231,-0.002650
arm_1_right_finger,189.511000,0.401140,0.475289,0.066619,0.707126,-0.707079,0.002271,-0.002689
arm_1_right_finger,189.522000,0.401154,0.475295,0.066694,0.707126,-0.707078,0.002279,-0.002697
arm_1_right_finger,189.533000,0.401168,0.475303,0.066777,0.707126,-0.707078,0.002274,-0.002692
arm_1_right_finger,189.544000,0.401184,0.475312,0.066870,0.707126,-0.707078,0.002273,-0.002691
arm_1_right_finger,189.555000,0.401177,0.475321,0.066966,0.707127,-0.707079,0.002140,-0.002557
arm_1_right_finger,189.566000,0.401172,0.475332,0.067072,0.707127,-0.707079,0.002023,-0.002440
arm_1_right_finger,189.575000,0.401187,0.475341,0.067172,0.707127,-0.707079,0.002068,-0.002485
arm_1_right_finger,189.586000,0.401205,0.475353,0.067304,0.707127,-0.707079,0.002094,-0.002511
arm_1_right_finger,189.596000,0.401221,0.475365,0.067432,0.707127,-0.707079,0.002103,-0.002520
arm_1_right_finger,189.606000,0.401239,0.475378,0.067569,0.707127,-0.707079,0.002119,-0.002535
arm_1_right_finger,189.617000,0.401260,0.475393,0.067730,0.707127,-0.707078,0.002146,-0.002562
arm_1_right_finger,189.628000,0.401280,0.475408,0.067901,0.707127,-0.707078,0.002178,-0.002593
arm_1_right_finger,189.639000,0.401299,0.475425,0.068081,0.707127,-0.707078,0.002204,-0.002619
arm_1_right_finger,189.650000,0.401319,0.475442,0.068269,0.707127,-0.707078,0.002228,-0.002642
arm_1_right_finger,189.661000,0.401338,0.475461,0.068472,0.707127,-0.707078,0.002241,-0.002655
arm_1_right_finger,189.672000,0.401357,0.475481,0.068684,0.707127,-0.707077,0.002264,-0.002677
arm_1_right_finger,189.683000,0.401348,0.475501,0.068899,0.707128,-0.707078,0.002092,-0.002504
arm_1_right_finger,189.694000,0.401373,0.475522,0.069134,0.707128,-0.707078,0.002148,-0.002561
arm_1_right_finger,189.705000,0.401372,0.475545,0.069372,0.707128,-0.707078,0.002052,-0.002463
arm_1_right_finger,189.716000,0.401375,0.475568,0.069622,0.707129,-0.707078,0.001989,-0.002400
arm_1_right_finger,189.727000,0.401403,0.475592,0.069889,0.707129,-0.707077,0.002083,-0.002493
arm_1_right_finger,189.738000,0.401432,0.475616,0.070168,0.707128,-0.707077,0.002177,-0.002587
arm_1_right_finger,189.749000,0.401461,0.475642,0.070456,0.707128,-0.707077,0.002265,-0.002674
arm_1_right_finger,189.760000,0.401490,0.475669,0.070757,0.707128,-0.707076,0.002354,-0.002761
arm_1_right_finger,189.771000,0.401516,0.475696,0.071065,0.707128,-0.707076,0.002405,-0.002812
arm_1_right_finger,189.782000,0.401542,0.475724,0.071385,0.707128,-0.707076,0.002435,-0.002841
arm_1_right_finger,189.791000,0.401563,0.475747,0.071655,0.707128,-0.707075,0.002466,-0.002871
arm_1_right_finger,189.801000,0.401588,0.475774,0.071963,0.707128,-0.707075,0.002498,-0.002902
arm_1_right_finger,189.811000,0.401579,0.475801,0.072270,0.707129,-0.707076,0.002300,-0.002704
arm_1_right_finger,189.822000,0.401612,0.475832,0.072631,0.707129,-0.707075,0.002382,-0.002785
arm_1_right_finger,189.833000,0.401646,0.475864,0.073002,0.707129,-0.707075,0.002485,-0.002888
arm_1_right_finger,189.843000,0.401671,0.475893,0.073348,0.707129,-0.707074,0.002531,-0.002932
arm_1_right_finger,189.854000,0.401704,0.475925,0.073735,0.707129,-0.707074,0.002616,-0.003016
arm_1_right_finger,189.865000,0.401737,0.475959,0.074139,0.707128,-0.707073,0.002715,-0.003114
arm_1_right_finger,189.876000,0.401770,0.475993,0.074552,0.707128,-0.707073,0.002822,-0.003219
arm_1_right_finger,189.887000,0.401803,0.476028,0.074977,0.707128,-0.707072,0.002929,-0.003326
arm_1_right_finger,189.898000,0.401835,0.476063,0.075412,0.707128,-0.707071,0.003034,-0.003430
arm_1_right_finger,189.909000,0.401818,0.476099,0.075842,0.707129,-0.707072,0.002790,-0.003185
arm_1_right_finger,189.920000,0.401854,0.476135,0.076299,0.707129,-0.707072,0.002844,-0.003237
arm_1_right_finger,189.931000,0.401891,0.476172,0.076767,0.707129,-0.707071,0.002931,-0.003323
arm_1_right_finger,189.942000,0.401928,0.476210,0.077247,0.707128,-0.707070,0.003037,-0.003428
arm_1_right_finger,189.953000,0.401965,0.476247,0.077736,0.707128,-0.707070,0.003152,-0.003542
arm_1_right_finger,189.964000,0.402001,0.476286,0.078237,0.707128,-0.707069,0.003268,-0.003656
arm_1_right_finger,189.973000,0.402031,0.476317,0.078654,0.707128,-0.707068,0.003361,-0.003748
arm_1_right_finger,189.983000,0.402063,0.476353,0.079127,0.707127,-0.707067,0.003461,-0.003847
arm_1_right_finger,189.992000,0.402092,0.476385,0.079559,0.707127,-0.707067,0.003547,-0.003932
arm_1_right_finger,190.002000,0.402056,0.476421,0.080028,0.707128,-0.707067,0.003407,-0.003791
arm_1_right_finger,190.012000,0.402089,0.476457,0.080526,0.707127,-0.707065,0.003709,-0.004091
arm_1_right_finger,190.022000,0.402150,0.476494,0.081042,0.707123,-0.707062,0.004280,-0.004661
arm_1_right_finger,190.032000,0.402193,0.476531,0.081561,0.707121,-0.707059,0.004689,-0.005069
arm_1_right_finger,190.043000,0.402235,0.476571,0.082141,0.707119,-0.707057,0.004961,-0.005339
arm_1_right_finger,190.053000,0.402274,0.476609,0.082679,0.707118,-0.707055,0.005124,-0.005501
arm_1_right_finger,190.064000,0.402267,0.476650,0.083264,0.707120,-0.707057,0.004886,-0.005260
arm_1_right_finger,190.075000,0.402311,0.476691,0.083877,0.707120,-0.707056,0.004983,-0.005356
arm_1_right_finger,190.085000,0.402300,0.476729,0.084428,0.707122,-0.707058,0.004693,-0.005065
arm_1_right_finger,190.095000,0.402293,0.476766,0.084989,0.707124,-0.707059,0.004414,-0.004784
arm_1_right_finger,190.105000,0.402335,0.476804,0.085574,0.707124,-0.707058,0.004495,-0.004863
arm_1_right_finger,190.115000,0.402325,0.476842,0.086152,0.707126,-0.707060,0.004225,-0.004592
arm_1_right_finger,190.126000,0.402368,0.476883,0.086816,0.707126,-0.707059,0.004264,-0.004629
arm_1_right_finger,190.137000,0.402363,0.476925,0.087475,0.707129,-0.707061,0.003956,-0.004319
arm_1_right_finger,190.148000,0.402404,0.476966,0.088159,0.707129,-0.707060,0.003946,-0.004307
arm_1_right_finger,190.159000,0.402445,0.477007,0.088856,0.707129,-0.707060,0.003966,-0.004325
arm_1_right_finger,190.170000,0.402488,0.477049,0.089563,0.707129,-0.707059,0.004018,-0.004376
arm_1_right_finger,190.181000,0.402532,0.477090,0.090282,0.707129,-0.707058,0.004103,-0.004459
arm_1_right_finger,190.191000,0.402524,0.477127,0.090930,0.707131,-0.707060,0.003816,-0.004170
arm_1_right_finger,190.201000,0.402561,0.477163,0.091601,0.707132,-0.707059,0.003839,-0.004192
arm_1_right_finger,190.212000,0.402603,0.477204,0.092351,0.707132,-0.707058,0.003890,-0.004240
arm_1_right_finger,190.223000,0.402564,0.477243,0.093087,0.707135,-0.707061,0.003380,-0.003728
arm_1_right_finger,190.234000,0.402524,0.477283,0.093834,0.707137,-0.707062,0.002975,-0.003321
arm_1_right_finger,190.245000,0.402564,0.477322,0.094616,0.707137,-0.707061,0.003162,-0.003507
arm_1_right_finger,190.256000,0.402602,0.477361,0.095409,0.707137,-0.707060,0.003271,-0.003613
arm_1_right_finger,190.266000,0.402635,0.477396,0.096139,0.707137,-0.707059,0.003323,-0.003664
arm_1_right_finger,190.276000,0.402668,0.477430,0.096879,0.707137,-0.707059,0.003355,-0.003694
arm_1_right_finger,190.287000,0.402702,0.477467,0.097702,0.707137,-0.707058,0.003352,-0.003689
arm_1_right_finger,190.298000,0.402736,0.477504,0.098537,0.707138,-0.707058,0.003331,-0.003666
arm_1_right_finger,190.309000,0.402737,0.477540,0.099372,0.707140,-0.707059,0.003080,-0.003412
arm_1_right_finger,190.319000,0.402767,0.477572,0.100151,0.707140,-0.707059,0.003039,-0.003369
arm_1_right_finger,190.329000,0.402796,0.477603,0.100939,0.707141,-0.707058,0.002998,-0.003326
arm_1_right_finger,190.340000,0.402827,0.477637,0.101816,0.707142,-0.707058,0.002946,-0.003271
arm_1_right_finger,190.350000,0.402828,0.477667,0.102614,0.707143,-0.707059,0.002732,-0.003055
arm_1_right_finger,190.361000,0.402859,0.477700,0.103513,0.707144,-0.707058,0.002706,-0.003027
arm_1_right_finger,190.371000,0.402862,0.477728,0.104331,0.707145,-0.707059,0.002526,-0.002844
arm_1_right_finger,190.381000,0.402889,0.477756,0.105168,0.707145,-0.707058,0.002526,-0.002842
arm_1_right_finger,190.391000,0.402915,0.477783,0.106013,0.707146,-0.707058,0.002507,-0.002822
arm_1_right_finger,190.401000,0.402941,0.477809,0.106867,0.707146,-0.707057,0.002481,-0.002793
arm_1_right_finger,190.411000,0.402966,0.477834,0.107731,0.707147,-0.707057,0.002450,-0.002760
arm_1_right_finger,190.421000,0.402969,0.477858,0.108597,0.707148,-0.707057,0.002315,-0.002622
arm_1_right_finger,190.431000,0.402992,0.477881,0.109480,0.707148,-0.707057,0.002307,-0.002612
arm_1_right_finger,190.441000,0.402996,0.477903,0.110365,0.707149,-0.707057,0.002205,-0.002508
arm_1_right_finger,190.451000,0.403018,0.477924,0.111266,0.707149,-0.707056,0.002224,-0.002525
arm_1_right_finger,190.461000,0.403040,0.477944,0.112176,0.707150,-0.707056,0.002225,-0.002523
arm_1_right_finger,190.471000,0.403060,0.477963,0.113095,0.707150,-0.707055,0.002209,-0.002505
arm_1_right_finger,190.481000,0.403061,0.477980,0.114018,0.707151,-0.707055,0.002100,-0.002393
arm_1_right_finger,190.492000,0.403081,0.477998,0.115049,0.707152,-0.707055,0.002118,-0.002409
arm_1_right_finger,190.502000,0.403098,0.478013,0.115998,0.707152,-0.707054,0.002109,-0.002398
arm_1_right_finger,190.512000,0.403115,0.478027,0.116955,0.707153,-0.707054,0.002089,-0.002375
arm_1_right_finger,190.523000,0.403132,0.478041,0.118020,0.707153,-0.707053,0.002064,-0.002347
arm_1_right_finger,190.534000,0.403147,0.478052,0.119096,0.707154,-0.707053,0.002040,-0.002320
arm_1_right_finger,190.545000,0.403162,0.478063,0.120182,0.707155,-0.707052,0.002024,-0.002302
arm_1_right_finger,190.556000,0.403176,0.478071,0.121277,0.707155,-0.707052,0.002029,-0.002304
arm_1_right_finger,190.567000,0.403173,0.478077,0.122374,0.707156,-0.707051,0.001986,-0.002258
arm_1_right_finger,190.578000,0.403186,0.478081,0.123480,0.707156,-0.707050,0.002065,-0.002334
arm_1_right_finger,190.589000,0.403197,0.478084,0.124588,0.707157,-0.707050,0.002142,-0.002408
arm_1_right_finger,190.599000,0.403188,0.478084,0.125589,0.707157,-0.707049,0.002114,-0.002377
arm_1_right_finger,190.610000,0.403196,0.478083,0.126694,0.707157,-0.707048,0.002222,-0.002482
arm_1_right_finger,190.621000,0.403198,0.478080,0.127794,0.707158,-0.707048,0.002233,-0.002491
arm_1_right_finger,190.631000,0.403180,0.478075,0.128785,0.707159,-0.707048,0.002110,-0.002366
arm_1_right_finger,190.641000,0.403185,0.478069,0.129778,0.707159,-0.707047,0.002176,-0.002429
arm_1_right_finger,190.651000,0.403169,0.478061,0.130760,0.707160,-0.707047,0.002145,-0.002395
arm_1_right_finger,190.661000,0.403148,0.478052,0.131735,0.707160,-0.707046,0.002057,-0.002304
arm_1_right_finger,190.672000,0.403144,0.478040,0.132807,0.707161,-0.707046,0.002113,-0.002358
arm_1_right_finger,190.683000,0.403140,0.478027,0.133871,0.707161,-0.707045,0.002116,-0.002358
arm_1_right_finger,190.694000,0.403121,0.478011,0.134922,0.707162,-0.707045,0.002052,-0.002291
arm_1_right_finger,190.705000,0.403112,0.477995,0.135968,0.707162,-0.707044,0.002071,-0.002307
arm_1_right_finger,190.715000,0.403089,0.477978,0.136907,0.707163,-0.707044,0.001962,-0.002196
arm_1_right_finger,190.726000,0.403082,0.477958,0.137936,0.707164,-0.707043,0.002026,-0.002257
arm_1_right_finger,190.737000,0.403072,0.477937,0.138955,0.707164,-0.707043,0.002028,-0.002257
arm_1_right_finger,190.748000,0.403064,0.477914,0.139965,0.707165,-0.707042,0.002037,-0.002263
arm_1_right_finger,190.759000,0.403059,0.477890,0.140966,0.707165,-0.707042,0.002115,-0.002338
arm_1_right_finger,190.770000,0.403052,0.477865,0.141958,0.707165,-0.707041,0.002222,-0.002443
arm_1_right_finger,190.781000,0.403044,0.477838,0.142938,0.707165,-0.707040,0.002330,-0.002549
arm_1_right_finger,190.792000,0.403032,0.477810,0.143908,0.707165,-0.707039,0.002418,-0.002635
arm_1_right_finger,190.802000,0.403021,0.477784,0.144779,0.707166,-0.707038,0.002490,-0.002704
arm_1_right_finger,190.812000,0.402978,0.477757,0.145634,0.707166,-0.707039,0.002347,-0.002559
arm_1_right_finger,190.822000,0.402966,0.477728,0.146488,0.707167,-0.707038,0.002425,-0.002635
arm_1_right_finger,190.832000,0.402953,0.477699,0.147334,0.707167,-0.707037,0.002497,-0.002704
arm_1_right_finger,190.843000,0.402907,0.477667,0.148245,0.707168,-0.707037,0.002367,-0.002572
arm_1_right_finger,190.853000,0.402862,0.477636,0.149063,0.707168,-0.707037,0.002248,-0.002452
arm_1_right_finger,190.864000,0.402841,0.477601,0.149961,0.707169,-0.707037,0.002258,-0.002459
arm_1_right_finger,190.875000,0.402824,0.477566,0.150851,0.707169,-0.707036,0.002294,-0.002493
arm_1_right_finger,190.884000,0.402781,0.477536,0.151561,0.707170,-0.707036,0.002145,-0.002342
arm_1_right_finger,190.894000,0.402759,0.477503,0.152350,0.707171,-0.707036,0.002124,-0.002319
arm_1_right_finger,190.905000,0.402744,0.477465,0.153211,0.707171,-0.707035,0.002174,-0.002366
arm_1_right_finger,190.916000,0.402701,0.477427,0.154052,0.707172,-0.707035,0.002085,-0.002276
arm_1_right_finger,190.927000,0.402683,0.477388,0.154890,0.707172,-0.707035,0.002180,-0.002368
arm_1_right_finger,190.937000,0.402663,0.477352,0.155641,0.707172,-0.707034,0.002245,-0.002431
arm_1_right_finger,190.947000,0.402652,0.477316,0.156387,0.707172,-0.707033,0.002377,-0.002561
arm_1_right_finger,190.957000,0.402601,0.477279,0.157110,0.707172,-0.707033,0.002284,-0.002467
arm_1_right_finger,190.967000,0.402579,0.477242,0.157835,0.707173,-0.707033,0.002322,-0.002503
arm_1_right_finger,190.977000,0.402568,0.477205,0.158553,0.707173,-0.707032,0.002451,-0.002630
arm_1_right_finger,190.987000,0.402513,0.477167,0.159249,0.707173,-0.707032,0.002324,-0.002501
arm_1_right_finger,190.996000,0.402492,0.477133,0.159876,0.707174,-0.707032,0.002329,-0.002504
arm_1_right_finger,191.005000,0.402481,0.477098,0.160496,0.707174,-0.707031,0.002420,-0.002594
arm_1_right_finger,191.014000,0.402473,0.477064,0.161110,0.707173,-0.707030,0.002597,-0.002769
arm_1_right_finger,191.024000,0.402419,0.477025,0.161774,0.707174,-0.707030,0.002533,-0.002704
arm_1_right_finger,191.034000,0.402391,0.476986,0.162436,0.707174,-0.707030,0.002539,-0.002708
arm_1_right_finger,191.045000,0.402376,0.476943,0.163159,0.707174,-0.707029,0.002643,-0.002811
arm_1_right_finger,191.056000,0.402366,0.476900,0.163873,0.707174,-0.707028,0.002878,-0.003044
arm_1_right_finger,191.067000,0.402357,0.476857,0.164576,0.707173,-0.707026,0.003188,-0.003352
arm_1_right_finger,191.078000,0.402342,0.476814,0.165266,0.707171,-0.707024,0.003496,-0.003658
arm_1_right_finger,191.089000,0.402322,0.476770,0.165943,0.707171,-0.707023,0.003724,-0.003884
arm_1_right_finger,191.099000,0.402306,0.476731,0.166550,0.707170,-0.707021,0.003912,-0.004070
arm_1_right_finger,191.109000,0.402284,0.476691,0.167145,0.707169,-0.707020,0.004033,-0.004190
arm_1_right_finger,191.119000,0.402214,0.476652,0.167717,0.707171,-0.707021,0.003767,-0.003923
arm_1_right_finger,191.129000,0.402204,0.476613,0.168299,0.707170,-0.707020,0.003981,-0.004135
arm_1_right_finger,191.140000,0.402195,0.476570,0.168928,0.707169,-0.707018,0.004291,-0.004444
arm_1_right_finger,191.150000,0.402113,0.476531,0.169468,0.707170,-0.707019,0.004090,-0.004242
arm_1_right_finger,191.161000,0.402088,0.476488,0.170071,0.707171,-0.707019,0.004085,-0.004235
arm_1_right_finger,191.172000,0.402078,0.476446,0.170667,0.707170,-0.707017,0.004258,-0.004406
arm_1_right_finger,191.183000,0.402069,0.476404,0.171254,0.707168,-0.707015,0.004523,-0.004670
arm_1_right_finger,191.194000,0.402061,0.476362,0.171828,0.707166,-0.707013,0.004849,-0.004995
arm_1_right_finger,191.205000,0.402055,0.476320,0.172393,0.707164,-0.707010,0.005221,-0.005365
arm_1_right_finger,191.216000,0.402039,0.476279,0.172943,0.707162,-0.707007,0.005553,-0.005695
arm_1_right_finger,191.227000,0.402022,0.476238,0.173482,0.707160,-0.707005,0.005806,-0.005947
arm_1_right_finger,191.238000,0.402005,0.476197,0.174010,0.707158,-0.707003,0.006006,-0.006145
arm_1_right_finger,191.249000,0.401980,0.476157,0.174524,0.707158,-0.707001,0.006133,-0.006272
arm_1_right_finger,191.260000,0.401894,0.476118,0.175009,0.707161,-0.707004,0.005812,-0.005949
arm_1_right_finger,191.271000,0.401878,0.476078,0.175503,0.707161,-0.707004,0.005836,-0.005972
arm_1_right_finger,191.282000,0.401869,0.476040,0.175990,0.707159,-0.707002,0.006027,-0.006162
arm_1_right_finger,191.293000,0.401773,0.476002,0.176437,0.707164,-0.707006,0.005484,-0.005618
arm_1_right_finger,191.304000,0.401764,0.475964,0.176901,0.707164,-0.707005,0.005540,-0.005672
arm_1_right_finger,191.315000,0.401756,0.475927,0.177353,0.707163,-0.707004,0.005706,-0.005837
arm_1_right_finger,191.326000,0.401752,0.475891,0.177795,0.707161,-0.707001,0.005968,-0.006099
arm_1_right_finger,191.337000,0.401748,0.475855,0.178227,0.707158,-0.706998,0.006293,-0.006423
arm_1_right_finger,191.348000,0.401744,0.475820,0.178647,0.707155,-0.706995,0.006647,-0.006775
arm_1_right_finger,191.358000,0.401740,0.475788,0.179019,0.707152,-0.706991,0.006976,-0.007103
arm_1_right_finger,191.368000,0.401735,0.475758,0.179382,0.707149,-0.706988,0.007301,-0.007428
arm_1_right_finger,191.379000,0.401728,0.475724,0.179770,0.707145,-0.706984,0.007647,-0.007772
arm_1_right_finger,191.389000,0.401641,0.475695,0.180088,0.707149,-0.706987,0.007332,-0.007457
arm_1_right_finger,191.400000,0.401635,0.475663,0.180454,0.707148,-0.706986,0.007433,-0.007557
arm_1_right_finger,191.411000,0.401630,0.475632,0.180810,0.707146,-0.706984,0.007622,-0.007745
arm_1_right_finger,191.421000,0.401549,0.475605,0.181100,0.707150,-0.706987,0.007302,-0.007425
arm_1_right_finger,191.432000,0.401528,0.475576,0.181429,0.707152,-0.706989,0.007125,-0.007246
arm_1_right_finger,191.442000,0.401525,0.475549,0.181724,0.707152,-0.706988,0.007158,-0.007279
arm_1_right_finger,191.452000,0.401524,0.475524,0.182010,0.707150,-0.706987,0.007301,-0.007420
arm_1_right_finger,191.462000,0.401524,0.475499,0.182287,0.707148,-0.706984,0.007508,-0.007627
arm_1_right_finger,191.472000,0.401363,0.475476,0.182505,0.707160,-0.706996,0.006341,-0.006460
arm_1_right_finger,191.483000,0.401281,0.475450,0.182764,0.707167,-0.707002,0.005585,-0.005703
arm_1_right_finger,191.493000,0.401270,0.475428,0.183008,0.707169,-0.707004,0.005300,-0.005417
arm_1_right_finger,191.504000,0.401251,0.475404,0.183264,0.707171,-0.707006,0.005003,-0.005119
arm_1_right_finger,191.515000,0.401236,0.475381,0.183510,0.707173,-0.707008,0.004753,-0.004869
arm_1_right_finger,191.525000,0.401127,0.475361,0.183696,0.707179,-0.707013,0.003870,-0.003985
arm_1_right_finger,191.535000,0.401086,0.475342,0.183892,0.707181,-0.707015,0.003460,-0.003574
arm_1_right_finger,191.545000,0.401049,0.475323,0.184080,0.707183,-0.707016,0.003147,-0.003260
arm_1_right_finger,191.556000,0.401043,0.475304,0.184288,0.707183,-0.707017,0.003079,-0.003192
arm_1_right_finger,191.567000,0.401037,0.475286,0.184483,0.707183,-0.707017,0.003024,-0.003136
arm_1_right_finger,191.577000,0.401034,0.475270,0.184652,0.707184,-0.707017,0.002996,-0.003107
arm_1_right_finger,191.588000,0.401001,0.475253,0.184818,0.707185,-0.707017,0.002794,-0.002905
arm_1_right_finger,191.599000,0.400999,0.475238,0.184982,0.707185,-0.707017,0.002788,-0.002898
arm_1_right_finger,191.609000,0.400998,0.475225,0.185122,0.707185,-0.707017,0.002794,-0.002904
arm_1_right_finger,191.619000,0.400971,0.475213,0.185245,0.707185,-0.707018,0.002635,-0.002744
arm_1_right_finger,191.630000,0.400971,0.475200,0.185378,0.707185,-0.707018,0.002663,-0.002772
arm_1_right_finger,191.640000,0.400946,0.475189,0.185481,0.707186,-0.707018,0.002522,-0.002631
arm_1_right_finger,191.650000,0.400947,0.475180,0.185583,0.707186,-0.707018,0.002538,-0.002646
arm_1_right_finger,191.661000,0.400949,0.475170,0.185685,0.707186,-0.707018,0.002553,-0.002661
arm_1_right_finger,191.672000,0.400952,0.475162,0.185776,0.707186,-0.707018,0.002573,-0.002681
arm_1_right_finger,191.683000,0.400957,0.475154,0.185856,0.707186,-0.707018,0.002610,-0.002717
arm_1_right_finger,191.694000,0.400964,0.475148,0.185926,0.707186,-0.707017,0.002675,-0.002782
arm_1_right_finger,191.705000,0.400974,0.475143,0.185985,0.707185,-0.707017,0.002769,-0.002877
arm_1_right_finger,191.716000,0.400984,0.475138,0.186037,0.707185,-0.707016,0.002889,-0.002996
arm_1_right_finger,191.727000,0.400996,0.475134,0.186080,0.707184,-0.707016,0.003037,-0.003145
arm_1_right_finger,191.738000,0.401009,0.475131,0.186118,0.707183,-0.707015,0.003212,-0.003319
arm_1_right_finger,191.748000,0.401022,0.475129,0.186147,0.707183,-0.707014,0.003393,-0.003500
arm_1_right_finger,191.758000,0.400985,0.475127,0.186159,0.707183,-0.707015,0.003221,-0.003331
arm_1_right_finger,191.769000,0.401000,0.475128,0.186152,0.707183,-0.707014,0.003330,-0.003439
arm_1_right_finger,191.779000,0.401016,0.475126,0.186147,0.707182,-0.707014,0.003459,-0.003568
arm_1_right_finger,191.789000,0.401036,0.475122,0.186144,0.707181,-0.707013,0.003615,-0.003724
arm_1_right_finger,191.799000,0.401060,0.475116,0.186142,0.707180,-0.707012,0.003792,-0.003901
arm_1_right_finger,191.810000,0.401094,0.475104,0.186142,0.707179,-0.707011,0.004014,-0.004123
arm_1_right_finger,191.820000,0.401129,0.475089,0.186142,0.707178,-0.707010,0.004235,-0.004343
arm_1_right_finger,191.830000,0.401172,0.475070,0.186144,0.707176,-0.707008,0.004474,-0.004582
arm_1_right_finger,191.841000,0.401151,0.475042,0.186123,0.707176,-0.707013,0.004184,-0.004293
arm_1_right_finger,191.851000,0.401203,0.475012,0.186125,0.707176,-0.707012,0.004243,-0.004351
arm_1_right_finger,191.862000,0.401271,0.474972,0.186128,0.707175,-0.707011,0.004370,-0.004478
arm_1_right_finger,191.873000,0.401350,0.474924,0.186132,0.707174,-0.707009,0.004549,-0.004657
arm_1_right_finger,191.884000,0.401438,0.474870,0.186136,0.707173,-0.707008,0.004770,-0.004879
arm_1_right_finger,191.895000,0.401538,0.474808,0.186142,0.707171,-0.707006,0.005025,-0.005133
arm_1_right_finger,191.905000,0.401638,0.474745,0.186147,0.707170,-0.707004,0.005281,-0.005389
arm_1_right_finger,191.916000,0.401652,0.474667,0.186121,0.707173,-0.707006,0.004866,-0.004974
arm_1_right_finger,191.927000,0.401787,0.474582,0.186130,0.707169,-0.707002,0.005435,-0.005543
arm_1_right_finger,191.938000,0.401923,0.474489,0.186135,0.707166,-0.706999,0.005787,-0.005895
arm_1_right_finger,191.948000,0.402064,0.474397,0.186143,0.707163,-0.706996,0.006133,-0.006241
arm_1_right_finger,191.959000,0.402173,0.474286,0.186135,0.707154,-0.707007,0.006083,-0.006191
arm_1_right_finger,191.969000,0.402321,0.474180,0.186140,0.707154,-0.707005,0.006165,-0.006273
arm_1_right_finger,191.980000,0.402450,0.474053,0.186132,0.707146,-0.707017,0.005932,-0.006039
arm_1_right_finger,191.990000,0.402459,0.473930,0.186089,0.707145,-0.707034,0.004897,-0.005004
arm_1_right_finger,192.000000,0.402636,0.473802,0.186095,0.707148,-0.707029,0.005031,-0.005138
arm_1_right_finger,192.010000,0.402820,0.473667,0.186100,0.707151,-0.707025,0.005108,-0.005215
arm_1_right_finger,192.020000,0.403013,0.473525,0.186105,0.707154,-0.707022,0.005142,-0.005249
arm_1_right_finger,192.031000,0.403231,0.473360,0.186110,0.707157,-0.707019,0.005113,-0.005220
arm_1_right_finger,192.041000,0.403443,0.473202,0.186116,0.707159,-0.707017,0.005073,-0.005180
arm_1_right_finger,192.051000,0.403662,0.473038,0.186121,0.707161,-0.707016,0.005029,-0.005136
arm_1_right_finger,192.061000,0.403892,0.472865,0.186127,0.707163,-0.707014,0.004984,-0.005091
arm_1_right_finger,192.071000,0.404130,0.472686,0.186133,0.707165,-0.707013,0.004936,-0.005043
arm_1_right_finger,192.081000,0.404377,0.472499,0.186139,0.707167,-0.707012,0.004885,-0.004992
arm_1_right_finger,192.091000,0.404634,0.472305,0.186145,0.707168,-0.707012,0.004832,-0.004939
arm_1_right_finger,192.102000,0.404926,0.472083,0.186152,0.707169,-0.707011,0.004773,-0.004879
arm_1_right_finger,192.112000,0.405202,0.471873,0.186159,0.707170,-0.707011,0.004716,-0.004823
arm_1_right_finger,192.123000,0.405515,0.471635,0.186166,0.707172,-0.707011,0.004652,-0.004758
arm_1_right_finger,192.133000,0.405770,0.471409,0.186161,0.707174,-0.707012,0.004288,-0.004394
arm_1_right_finger,192.143000,0.406077,0.471177,0.186169,0.707175,-0.707012,0.004261,-0.004367
arm_1_right_finger,192.153000,0.406353,0.470937,0.186165,0.707177,-0.707014,0.003951,-0.004057
arm_1_right_finger,192.163000,0.406680,0.470689,0.186174,0.707178,-0.707013,0.003952,-0.004058
arm_1_right_finger,192.173000,0.407014,0.470434,0.186182,0.707178,-0.707013,0.003948,-0.004053
arm_1_right_finger,192.183000,0.407356,0.470172,0.186191,0.707178,-0.707013,0.003945,-0.004051
arm_1_right_finger,192.194000,0.407744,0.469874,0.186200,0.707178,-0.707013,0.003943,-0.004048
arm_1_right_finger,192.203000,0.408031,0.469624,0.186197,0.707180,-0.707014,0.003678,-0.003783
arm_1_right_finger,192.213000,0.408406,0.469339,0.186207,0.707180,-0.707014,0.003710,-0.003816
arm_1_right_finger,192.223000,0.408792,0.469046,0.186219,0.707179,-0.707013,0.003806,-0.003912
arm_1_right_finger,192.231000,0.409098,0.468806,0.186225,0.707179,-0.707013,0.003818,-0.003923
arm_1_right_finger,192.239000,0.409413,0.468562,0.186232,0.707179,-0.707013,0.003818,-0.003924
arm_1_right_finger,192.248000,0.409773,0.468281,0.186241,0.707180,-0.707013,0.003816,-0.003921
arm_1_right_finger,192.258000,0.410184,0.467961,0.186250,0.707180,-0.707013,0.003813,-0.003918
arm_1_right_finger,192.268000,0.410572,0.467634,0.186251,0.707181,-0.707014,0.003629,-0.003733
arm_1_right_finger,192.278000,0.410999,0.467299,0.186261,0.707181,-0.707014,0.003661,-0.003766
arm_1_right_finger,192.289000,0.411479,0.466921,0.186272,0.707181,-0.707014,0.003658,-0.003762
arm_1_right_finger,192.298000,0.411815,0.466605,0.186261,0.707183,-0.707016,0.003207,-0.003311
arm_1_right_finger,192.308000,0.412243,0.466247,0.186263,0.707184,-0.707016,0.003044,-0.003148
arm_1_right_finger,192.318000,0.412680,0.465881,0.186266,0.707184,-0.707017,0.002900,-0.003004
arm_1_right_finger,192.328000,0.413155,0.465507,0.186277,0.707184,-0.707017,0.002952,-0.003055
arm_1_right_finger,192.338000,0.413609,0.465125,0.186280,0.707185,-0.707017,0.002815,-0.002918
arm_1_right_finger,192.348000,0.414100,0.464735,0.186292,0.707184,-0.707017,0.002859,-0.002963
arm_1_right_finger,192.358000,0.414601,0.464337,0.186304,0.707184,-0.707017,0.002905,-0.003009
arm_1_right_finger,192.367000,0.415030,0.463973,0.186306,0.707185,-0.707017,0.002759,-0.002862
arm_1_right_finger,192.377000,0.415545,0.463560,0.186317,0.707185,-0.707017,0.002782,-0.002885
arm_1_right_finger,192.387000,0.416071,0.463139,0.186330,0.707185,-0.707017,0.002824,-0.002927
arm_1_right_finger,192.397000,0.416606,0.462710,0.186343,0.707184,-0.707017,0.002873,-0.002976
arm_1_right_finger,192.407000,0.417122,0.462273,0.186347,0.707185,-0.707018,0.002751,-0.002854
arm_1_right_finger,192.417000,0.417647,0.461828,0.186352,0.707185,-0.707018,0.002646,-0.002749
arm_1_right_finger,192.427000,0.418204,0.461374,0.186364,0.707185,-0.707018,0.002685,-0.002787
arm_1_right_finger,192.437000,0.418770,0.460913,0.186377,0.707185,-0.707018,0.002704,-0.002807
arm_1_right_finger,192.446000,0.419263,0.460490,0.186381,0.707185,-0.707018,0.002567,-0.002669
arm_1_right_finger,192.453000,0.419670,0.460157,0.186390,0.707185,-0.707018,0.002590,-0.002692
arm_1_right_finger,192.461000,0.420140,0.459771,0.186400,0.707185,-0.707018,0.002604,-0.002706
arm_1_right_finger,192.470000,0.420675,0.459331,0.186412,0.707185,-0.707018,0.002617,-0.002719
arm_1_right_finger,192.473000,0.420855,0.459183,0.186416,0.707185,-0.707018,0.002622,-0.002723
arm_1_right_finger,192.479000,0.421218,0.458885,0.186424,0.707185,-0.707018,0.002639,-0.002740
arm_1_right_finger,192.488000,0.421746,0.458431,0.186429,0.707186,-0.707019,0.002527,-0.002628
arm_1_right_finger,192.498000,0.422364,0.457919,0.186443,0.707185,-0.707018,0.002583,-0.002684
arm_1_right_finger,192.508000,0.422992,0.457398,0.186457,0.707185,-0.707018,0.002632,-0.002733
arm_1_right_finger,192.518000,0.423604,0.456869,0.186464,0.707185,-0.707019,0.002528,-0.002628
arm_1_right_finger,192.528000,0.424247,0.456332,0.186478,0.707185,-0.707019,0.002587,-0.002688
arm_1_right_finger,192.538000,0.424900,0.455786,0.186493,0.707185,-0.707018,0.002640,-0.002741
arm_1_right_finger,192.548000,0.425560,0.455231,0.186508,0.707185,-0.707018,0.002685,-0.002785
arm_1_right_finger,192.558000,0.426228,0.454668,0.186523,0.707184,-0.707018,0.002731,-0.002832
arm_1_right_finger,192.568000,0.426901,0.454096,0.186537,0.707184,-0.707018,0.002732,-0.002832
arm_1_right_finger,192.578000,0.427583,0.453516,0.186551,0.707184,-0.707018,0.002729,-0.002829
arm_1_right_finger,192.588000,0.428250,0.452927,0.186559,0.707185,-0.707019,0.002583,-0.002682
arm_1_right_finger,192.598000,0.428952,0.452329,0.186575,0.707185,-0.707019,0.002655,-0.002755
arm_1_right_finger,192.608000,0.429656,0.451722,0.186589,0.707185,-0.707019,0.002656,-0.002755
arm_1_right_finger,192.618000,0.430370,0.451107,0.186604,0.707185,-0.707019,0.002657,-0.002756
arm_1_right_finger,192.628000,0.431072,0.450482,0.186613,0.707185,-0.707019,0.002547,-0.002645
arm_1_right_finger,192.638000,0.431801,0.449849,0.186629,0.707185,-0.707019,0.002590,-0.002688
arm_1_right_finger,192.648000,0.432538,0.449207,0.186644,0.707185,-0.707019,0.002588,-0.002687
arm_1_right_finger,192.657000,0.433208,0.448621,0.186658,0.707185,-0.707019,0.002586,-0.002684
arm_1_right_finger,192.667000,0.433939,0.447962,0.186668,0.707185,-0.707019,0.002464,-0.002562
arm_1_right_finger,192.677000,0.434700,0.447293,0.186684,0.707185,-0.707019,0.002528,-0.002626
arm_1_right_finger,192.687000,0.435466,0.446616,0.186700,0.707185,-0.707019,0.002523,-0.002621
arm_1_right_finger,192.697000,0.436240,0.445929,0.186716,0.707185,-0.707019,0.002521,-0.002619
arm_1_right_finger,192.707000,0.437024,0.445233,0.186733,0.707185,-0.707019,0.002526,-0.002623
arm_1_right_finger,192.717000,0.437814,0.444529,0.186750,0.707185,-0.707019,0.002542,-0.002639
arm_1_right_finger,192.726000,0.438509,0.443886,0.186758,0.707185,-0.707020,0.002428,-0.002525
arm_1_right_finger,192.736000,0.439295,0.443163,0.186769,0.707185,-0.707020,0.002387,-0.002483
arm_1_right_finger,192.746000,0.440102,0.442431,0.186785,0.707185,-0.707020,0.002390,-0.002486
arm_1_right_finger,192.756000,0.440922,0.441689,0.186803,0.707185,-0.707020,0.002394,-0.002490
arm_1_right_finger,192.766000,0.441730,0.440938,0.186815,0.707185,-0.707020,0.002298,-0.002394
arm_1_right_finger,192.776000,0.442545,0.440177,0.186827,0.707186,-0.707021,0.002254,-0.002349
arm_1_right_finger,192.786000,0.443374,0.439407,0.186841,0.707185,-0.707020,0.002301,-0.002396
arm_1_right_finger,192.796000,0.444226,0.438627,0.186860,0.707185,-0.707020,0.002460,-0.002555
arm_1_right_finger,192.806000,0.445074,0.437838,0.186876,0.707185,-0.707020,0.002444,-0.002539
arm_1_right_finger,192.816000,0.445935,0.437039,0.186895,0.707185,-0.707020,0.002422,-0.002516
arm_1_right_finger,192.826000,0.446781,0.436230,0.186906,0.707185,-0.707021,0.002274,-0.002368
arm_1_right_finger,192.837000,0.447744,0.435329,0.186927,0.707185,-0.707021,0.002262,-0.002356
arm_1_right_finger,192.848000,0.448716,0.434416,0.186947,0.707185,-0.707021,0.002251,-0.002345
arm_1_right_finger,192.858000,0.449591,0.433576,0.186961,0.707185,-0.707021,0.002155,-0.002249
arm_1_right_finger,192.868000,0.450466,0.432725,0.186974,0.707186,-0.707022,0.002049,-0.002142
arm_1_right_finger,192.878000,0.451368,0.431865,0.186992,0.707186,-0.707022,0.002062,-0.002154
arm_1_right_finger,192.888000,0.452279,0.430994,0.187012,0.707186,-0.707022,0.002063,-0.002156
arm_1_right_finger,192.898000,0.453180,0.430114,0.187027,0.707186,-0.707022,0.001990,-0.002082
arm_1_right_finger,192.908000,0.454103,0.429224,0.187046,0.707186,-0.707022,0.001999,-0.002091
arm_1_right_finger,192.918000,0.455018,0.428323,0.187062,0.707186,-0.707022,0.001939,-0.002031
arm_1_right_finger,192.928000,0.455952,0.427412,0.187081,0.707186,-0.707022,0.001956,-0.002047
arm_1_right_finger,192.938000,0.456897,0.426491,0.187102,0.707186,-0.707022,0.001972,-0.002063
arm_1_right_finger,192.947000,0.457752,0.425653,0.187121,0.707186,-0.707022,0.001988,-0.002078
arm_1_right_finger,192.958000,0.458803,0.424617,0.187143,0.707186,-0.707022,0.001989,-0.002080
arm_1_right_finger,192.968000,0.459737,0.423665,0.187156,0.707186,-0.707023,0.001817,-0.001907
arm_1_right_finger,192.978000,0.460696,0.422702,0.187174,0.707186,-0.707023,0.001869,-0.001959
arm_1_right_finger,192.988000,0.461669,0.421728,0.187195,0.707186,-0.707023,0.001881,-0.001971
arm_1_right_finger,192.998000,0.462649,0.420744,0.187216,0.707186,-0.707023,0.001884,-0.001973
arm_1_right_finger,193.008000,0.463636,0.419749,0.187238,0.707186,-0.707023,0.001886,-0.001975
arm_1_right_finger,193.018000,0.464611,0.418744,0.187255,0.707186,-0.707023,0.001823,-0.001911
arm_1_right_finger,193.028000,0.465595,0.417728,0.187272,0.707186,-0.707023,0.001753,-0.001841
arm_1_right_finger,193.039000,0.466692,0.416598,0.187295,0.707186,-0.707023,0.001779,-0.001867
arm_1_right_finger,193.049000,0.467702,0.415559,0.187317,0.707186,-0.707023,0.001784,-0.001871
arm_1_right_finger,193.059000,0.468701,0.414509,0.187335,0.707186,-0.707023,0.001829,-0.001916
arm_1_right_finger,193.069000,0.469737,0.413448,0.187362,0.707185,-0.707022,0.002150,-0.002238
arm_1_right_finger,193.079000,0.470735,0.412376,0.187376,0.707185,-0.707022,0.002113,-0.002199
arm_1_right_finger,193.089000,0.471777,0.411294,0.187402,0.707184,-0.707022,0.002314,-0.002400
arm_1_right_finger,193.099000,0.472796,0.410199,0.187420,0.707184,-0.707022,0.002334,-0.002420
arm_1_right_finger,193.110000,0.473954,0.408983,0.187449,0.707183,-0.707021,0.002570,-0.002656
arm_1_right_finger,193.121000,0.475119,0.407753,0.187478,0.707182,-0.707020,0.002824,-0.002910
arm_1_right_finger,193.132000,0.476289,0.406510,0.187508,0.707181,-0.707019,0.003093,-0.003178
arm_1_right_finger,193.142000,0.477359,0.405368,0.187535,0.707179,-0.707018,0.003351,-0.003436
arm_1_right_finger,193.153000,0.478542,0.404098,0.187566,0.707178,-0.707017,0.003649,-0.003734
arm_1_right_finger,193.164000,0.479731,0.402814,0.187596,0.707176,-0.707015,0.003962,-0.004047
arm_1_right_finger,193.175000,0.480926,0.401516,0.187627,0.707174,-0.707013,0.004288,-0.004373
arm_1_right_finger,193.185000,0.482015,0.400324,0.187655,0.707172,-0.707011,0.004585,-0.004669
arm_1_right_finger,193.196000,0.483218,0.398999,0.187685,0.707170,-0.707009,0.004900,-0.004983
arm_1_right_finger,193.207000,0.484424,0.397661,0.187715,0.707168,-0.707007,0.005198,-0.005282
arm_1_right_finger,193.218000,0.485634,0.396308,0.187745,0.707165,-0.707005,0.005478,-0.005561
arm_1_right_finger,193.228000,0.486736,0.395066,0.187772,0.707163,-0.707003,0.005715,-0.005797
arm_1_right_finger,193.238000,0.487655,0.393811,0.187741,0.707171,-0.707011,0.004683,-0.004765
arm_1_right_finger,193.249000,0.488918,0.392419,0.187783,0.707164,-0.707004,0.005648,-0.005730
arm_1_right_finger,193.260000,0.490143,0.391010,0.187812,0.707159,-0.707000,0.006179,-0.006260
arm_1_right_finger,193.270000,0.491154,0.389718,0.187806,0.707164,-0.707004,0.005679,-0.005760
arm_1_right_finger,193.281000,0.492280,0.388281,0.187803,0.707169,-0.707009,0.004969,-0.005049
arm_1_right_finger,193.291000,0.493393,0.386963,0.187826,0.707168,-0.707009,0.005023,-0.005103
arm_1_right_finger,193.301000,0.494519,0.385631,0.187852,0.707168,-0.707009,0.005041,-0.005120
arm_1_right_finger,193.310000,0.495537,0.384423,0.187876,0.707168,-0.707009,0.005052,-0.005131
arm_1_right_finger,193.319000,0.496558,0.383205,0.187900,0.707168,-0.707009,0.005059,-0.005138
arm_1_right_finger,193.328000,0.497582,0.381976,0.187925,0.707168,-0.707009,0.005065,-0.005143
arm_1_right_finger,193.337000,0.498607,0.380739,0.187949,0.707168,-0.707009,0.005069,-0.005147
arm_1_right_finger,193.346000,0.499634,0.379494,0.187974,0.707168,-0.707009,0.005072,-0.005150
arm_1_right_finger,193.356000,0.500775,0.378100,0.188001,0.707168,-0.707009,0.005072,-0.005150
arm_1_right_finger,193.367000,0.502030,0.376557,0.188031,0.707168,-0.707009,0.005068,-0.005145
arm_1_right_finger,193.378000,0.503285,0.375004,0.188061,0.707168,-0.707009,0.005060,-0.005137
arm_1_right_finger,193.389000,0.504537,0.373442,0.188091,0.707168,-0.707009,0.005044,-0.005121
arm_1_right_finger,193.400000,0.505787,0.371871,0.188121,0.707168,-0.707010,0.005022,-0.005098
arm_1_right_finger,193.411000,0.507034,0.370293,0.188151,0.707168,-0.707010,0.004994,-0.005069
arm_1_right_finger,193.422000,0.508278,0.368708,0.188181,0.707168,-0.707010,0.004961,-0.005036
arm_1_right_finger,193.433000,0.509518,0.367117,0.188211,0.707168,-0.707011,0.004923,-0.004998
arm_1_right_finger,193.444000,0.510754,0.365519,0.188241,0.707168,-0.707011,0.004881,-0.004955
arm_1_right_finger,193.455000,0.511985,0.363915,0.188271,0.707169,-0.707011,0.004835,-0.004909
arm_1_right_finger,193.466000,0.513214,0.362306,0.188302,0.707169,-0.707012,0.004804,-0.004877
arm_1_right_finger,193.477000,0.514444,0.360692,0.188334,0.707169,-0.707011,0.004833,-0.004906
arm_1_right_finger,193.488000,0.515668,0.359072,0.188366,0.707168,-0.707011,0.004919,-0.004992
arm_1_right_finger,193.497000,0.516666,0.357743,0.188392,0.707167,-0.707011,0.004982,-0.005054
arm_1_right_finger,193.507000,0.517776,0.356263,0.188423,0.707166,-0.707010,0.005105,-0.005176
arm_1_right_finger,193.516000,0.518778,0.354927,0.188453,0.707165,-0.707008,0.005315,-0.005387
arm_1_right_finger,193.525000,0.519779,0.353589,0.188483,0.707162,-0.707006,0.005620,-0.005691
arm_1_right_finger,193.535000,0.520870,0.352098,0.188512,0.707161,-0.707004,0.005840,-0.005910
arm_1_right_finger,193.543000,0.521676,0.350903,0.188516,0.707163,-0.707007,0.005518,-0.005589
arm_1_right_finger,193.553000,0.522764,0.349405,0.188546,0.707163,-0.707007,0.005560,-0.005630
arm_1_right_finger,193.564000,0.523961,0.347754,0.188581,0.707161,-0.707005,0.005728,-0.005798
arm_1_right_finger,193.575000,0.525160,0.346099,0.188619,0.707158,-0.707003,0.006060,-0.006129
arm_1_right_finger,193.586000,0.526350,0.344439,0.188655,0.707155,-0.706999,0.006456,-0.006525
arm_1_right_finger,193.597000,0.527512,0.342775,0.188684,0.707153,-0.706998,0.006630,-0.006698
arm_1_right_finger,193.608000,0.528604,0.341108,0.188695,0.707157,-0.707001,0.006220,-0.006288
arm_1_right_finger,193.619000,0.529774,0.339436,0.188730,0.707156,-0.707001,0.006325,-0.006393
arm_1_right_finger,193.629000,0.530767,0.337913,0.188742,0.707158,-0.707003,0.006089,-0.006157
arm_1_right_finger,193.639000,0.531805,0.336387,0.188769,0.707158,-0.707003,0.006057,-0.006124
arm_1_right_finger,193.649000,0.532839,0.334857,0.188797,0.707158,-0.707003,0.006035,-0.006102
arm_1_right_finger,193.659000,0.533875,0.333324,0.188827,0.707158,-0.707003,0.006077,-0.006143
arm_1_right_finger,193.669000,0.534913,0.331788,0.188858,0.707156,-0.707002,0.006241,-0.006307
arm_1_right_finger,193.680000,0.536057,0.330095,0.188896,0.707153,-0.706999,0.006598,-0.006663
arm_1_right_finger,193.691000,0.537187,0.328398,0.188931,0.707149,-0.706995,0.006994,-0.007059
arm_1_right_finger,193.702000,0.538288,0.326697,0.188959,0.707148,-0.706994,0.007119,-0.007183
arm_1_right_finger,193.713000,0.539385,0.324993,0.188987,0.707148,-0.706994,0.007106,-0.007170
arm_1_right_finger,193.723000,0.540315,0.323441,0.188994,0.707152,-0.706999,0.006624,-0.006688
arm_1_right_finger,193.734000,0.541427,0.321729,0.189030,0.707151,-0.706998,0.006741,-0.006804
arm_1_right_finger,193.745000,0.542532,0.320014,0.189066,0.707148,-0.706995,0.007048,-0.007111
arm_1_right_finger,193.756000,0.543607,0.318295,0.189095,0.707147,-0.706993,0.007179,-0.007241
arm_1_right_finger,193.767000,0.544673,0.316573,0.189123,0.707147,-0.706994,0.007158,-0.007220
arm_1_right_finger,193.778000,0.545737,0.314847,0.189152,0.707147,-0.706994,0.007122,-0.007184
arm_1_right_finger,193.789000,0.546794,0.313118,0.189181,0.707147,-0.706995,0.007082,-0.007143
arm_1_right_finger,193.800000,0.547847,0.311385,0.189210,0.707148,-0.706995,0.007050,-0.007110
arm_1_right_finger,193.811000,0.548901,0.309648,0.189241,0.707147,-0.706995,0.007075,-0.007135
arm_1_right_finger,193.822000,0.549971,0.307908,0.189280,0.707144,-0.706991,0.007444,-0.007503
arm_1_right_finger,193.833000,0.551017,0.306165,0.189313,0.707140,-0.706987,0.007797,-0.007856
arm_1_right_finger,193.844000,0.552040,0.304418,0.189340,0.707139,-0.706986,0.007882,-0.007941
arm_1_right_finger,193.855000,0.553056,0.302668,0.189368,0.707139,-0.706987,0.007851,-0.007910
arm_1_right_finger,193.866000,0.554067,0.300914,0.189395,0.707140,-0.706988,0.007759,-0.007817
arm_1_right_finger,193.877000,0.555083,0.299157,0.189427,0.707140,-0.706988,0.007753,-0.007811
arm_1_right_finger,193.888000,0.556104,0.297396,0.189461,0.707137,-0.706985,0.008022,-0.008079
arm_1_right_finger,193.897000,0.556797,0.295954,0.189448,0.707145,-0.706993,0.007290,-0.007348
arm_1_right_finger,193.907000,0.557738,0.294348,0.189486,0.707140,-0.706989,0.007683,-0.007741
arm_1_right_finger,193.918000,0.558774,0.292579,0.189530,0.707132,-0.706980,0.008440,-0.008497
arm_1_right_finger,193.928000,0.559709,0.290967,0.189570,0.707121,-0.706970,0.009298,-0.009354
arm_1_right_finger,193.937000,0.560527,0.289515,0.189600,0.707113,-0.706962,0.009883,-0.009939
arm_1_right_finger,193.946000,0.561256,0.288060,0.189604,0.707114,-0.706963,0.009791,-0.009847
arm_1_right_finger,193.957000,0.562241,0.286279,0.189639,0.707110,-0.706960,0.010039,-0.010094
arm_1_right_finger,193.967000,0.562994,0.284657,0.189629,0.707118,-0.706968,0.009462,-0.009517
arm_1_right_finger,193.977000,0.563857,0.283033,0.189655,0.707121,-0.706971,0.009251,-0.009306
arm_1_right_finger,193.988000,0.564800,0.281243,0.189682,0.707124,-0.706974,0.009028,-0.009082
arm_1_right_finger,193.998000,0.565651,0.279613,0.189707,0.707126,-0.706976,0.008823,-0.008876
arm_1_right_finger,194.008000,0.566501,0.277980,0.189733,0.707128,-0.706978,0.008659,-0.008712
arm_1_right_finger,194.018000,0.567281,0.276345,0.189740,0.707136,-0.706986,0.008030,-0.008083
arm_1_right_finger,194.028000,0.568118,0.274708,0.189765,0.707138,-0.706989,0.007790,-0.007842
arm_1_right_finger,194.038000,0.568950,0.273068,0.189790,0.707141,-0.706991,0.007578,-0.007630
arm_1_right_finger,194.049000,0.569861,0.271261,0.189819,0.707143,-0.706993,0.007391,-0.007442
arm_1_right_finger,194.060000,0.570705,0.269451,0.189829,0.707149,-0.706999,0.006805,-0.006855
arm_1_right_finger,194.070000,0.571524,0.267803,0.189856,0.707150,-0.707001,0.006625,-0.006675
arm_1_right_finger,194.080000,0.572277,0.266152,0.189864,0.707155,-0.707006,0.006043,-0.006092
arm_1_right_finger,194.090000,0.573090,0.264499,0.189892,0.707157,-0.707007,0.005902,-0.005952
arm_1_right_finger,194.101000,0.573975,0.262678,0.189921,0.707157,-0.707008,0.005797,-0.005846
arm_1_right_finger,194.112000,0.574853,0.260854,0.189951,0.707158,-0.707009,0.005713,-0.005761
arm_1_right_finger,194.123000,0.575724,0.259027,0.189980,0.707159,-0.707010,0.005640,-0.005687
arm_1_right_finger,194.133000,0.576510,0.257364,0.190007,0.707159,-0.707010,0.005582,-0.005629
arm_1_right_finger,194.142000,0.577155,0.255865,0.190013,0.707162,-0.707014,0.005125,-0.005171
arm_1_right_finger,194.152000,0.577887,0.254197,0.190027,0.707165,-0.707017,0.004703,-0.004750
arm_1_right_finger,194.162000,0.578663,0.252527,0.190055,0.707165,-0.707017,0.004675,-0.004721
arm_1_right_finger,194.173000,0.579510,0.250688,0.190086,0.707165,-0.707017,0.004686,-0.004732
arm_1_right_finger,194.183000,0.580231,0.249013,0.190100,0.707167,-0.707019,0.004428,-0.004473
arm_1_right_finger,194.193000,0.580951,0.247336,0.190116,0.707168,-0.707020,0.004202,-0.004247
arm_1_right_finger,194.204000,0.581783,0.245488,0.190148,0.707168,-0.707020,0.004285,-0.004329
arm_1_right_finger,194.214000,0.582530,0.243806,0.190176,0.707167,-0.707019,0.004337,-0.004380
arm_1_right_finger,194.223000,0.583195,0.242291,0.190200,0.707167,-0.707020,0.004332,-0.004375
arm_1_right_finger,194.232000,0.583856,0.240773,0.190224,0.707167,-0.707020,0.004316,-0.004358
arm_1_right_finger,194.243000,0.584660,0.238917,0.190255,0.707167,-0.707020,0.004313,-0.004355
arm_1_right_finger,194.254000,0.585457,0.237057,0.190285,0.707167,-0.707020,0.004311,-0.004352
arm_1_right_finger,194.265000,0.586247,0.235195,0.190314,0.707167,-0.707020,0.004310,-0.004351
arm_1_right_finger,194.275000,0.586887,0.233500,0.190320,0.707170,-0.707023,0.003838,-0.003879
arm_1_right_finger,194.285000,0.587565,0.231803,0.190338,0.707171,-0.707024,0.003688,-0.003728
arm_1_right_finger,194.296000,0.588339,0.229933,0.190368,0.707170,-0.707023,0.003755,-0.003795
arm_1_right_finger,194.307000,0.589103,0.228062,0.190398,0.707170,-0.707023,0.003760,-0.003799
arm_1_right_finger,194.318000,0.589830,0.226187,0.190418,0.707171,-0.707024,0.003558,-0.003597
arm_1_right_finger,194.328000,0.590516,0.224481,0.190446,0.707171,-0.707024,0.003567,-0.003606
arm_1_right_finger,194.338000,0.591195,0.222773,0.190473,0.707171,-0.707024,0.003568,-0.003606
arm_1_right_finger,194.349000,0.591936,0.220892,0.190503,0.707171,-0.707025,0.003561,-0.003599
arm_1_right_finger,194.360000,0.592671,0.219009,0.190533,0.707171,-0.707025,0.003549,-0.003586
arm_1_right_finger,194.370000,0.593333,0.217294,0.190561,0.707171,-0.707025,0.003541,-0.003578
arm_1_right_finger,194.381000,0.594055,0.215406,0.190591,0.707171,-0.707025,0.003541,-0.003578
arm_1_right_finger,194.391000,0.594705,0.213688,0.190618,0.707171,-0.707025,0.003539,-0.003575
arm_1_right_finger,194.402000,0.595414,0.211795,0.190648,0.707171,-0.707025,0.003538,-0.003573
arm_1_right_finger,194.413000,0.596087,0.209900,0.190669,0.707171,-0.707026,0.003347,-0.003382
arm_1_right_finger,194.424000,0.596781,0.208003,0.190699,0.707171,-0.707026,0.003385,-0.003420
arm_1_right_finger,194.435000,0.597441,0.206104,0.190719,0.707172,-0.707027,0.003212,-0.003246
arm_1_right_finger,194.446000,0.598122,0.204202,0.190749,0.707172,-0.707027,0.003228,-0.003262
arm_1_right_finger,194.455000,0.598675,0.202645,0.190773,0.707172,-0.707027,0.003225,-0.003258
arm_1_right_finger,194.464000,0.599224,0.201086,0.190798,0.707172,-0.707027,0.003221,-0.003254
arm_1_right_finger,194.474000,0.599829,0.199352,0.190825,0.707172,-0.707027,0.003217,-0.003250
arm_1_right_finger,194.479000,0.600103,0.198485,0.190831,0.707172,-0.707028,0.003059,-0.003092
arm_1_right_finger,194.487000,0.600555,0.197096,0.190845,0.707173,-0.707028,0.002954,-0.002986
arm_1_right_finger,194.496000,0.601085,0.195532,0.190868,0.707173,-0.707028,0.002966,-0.002998
arm_1_right_finger,194.505000,0.601588,0.193966,0.190885,0.707173,-0.707029,0.002819,-0.002850
arm_1_right_finger,194.513000,0.602054,0.192574,0.190906,0.707173,-0.707029,0.002831,-0.002863
arm_1_right_finger,194.522000,0.602550,0.191005,0.190923,0.707174,-0.707030,0.002701,-0.002732
arm_1_right_finger,194.532000,0.603123,0.189262,0.190950,0.707173,-0.707030,0.002721,-0.002752
arm_1_right_finger,194.541000,0.603614,0.187691,0.190969,0.707174,-0.707030,0.002596,-0.002626
arm_1_right_finger,194.550000,0.604070,0.186119,0.190978,0.707174,-0.707031,0.002456,-0.002486
arm_1_right_finger,194.559000,0.604588,0.184545,0.191007,0.707173,-0.707029,0.002839,-0.002869
arm_1_right_finger,194.569000,0.605136,0.182795,0.191033,0.707172,-0.707028,0.003051,-0.003080
arm_1_right_finger,194.579000,0.605678,0.181044,0.191058,0.707172,-0.707028,0.003063,-0.003091
arm_1_right_finger,194.583000,0.605868,0.180343,0.191061,0.707172,-0.707029,0.002895,-0.002924
arm_1_right_finger,194.591000,0.606276,0.178940,0.191076,0.707173,-0.707030,0.002762,-0.002790
arm_1_right_finger,194.601000,0.606820,0.177185,0.191105,0.707172,-0.707029,0.002895,-0.002923
arm_1_right_finger,194.612000,0.607413,0.175253,0.191139,0.707171,-0.707029,0.003091,-0.003119
arm_1_right_finger,194.623000,0.608000,0.173318,0.191172,0.707170,-0.707028,0.003329,-0.003356
arm_1_right_finger,194.634000,0.608582,0.171383,0.191206,0.707169,-0.707026,0.003601,-0.003628
arm_1_right_finger,194.644000,0.609107,0.169621,0.191237,0.707167,-0.707025,0.003874,-0.003901
arm_1_right_finger,194.655000,0.609673,0.167682,0.191270,0.707166,-0.707023,0.004161,-0.004187
arm_1_right_finger,194.666000,0.610218,0.165741,0.191299,0.707165,-0.707023,0.004223,-0.004249
arm_1_right_finger,194.676000,0.610669,0.163974,0.191313,0.707167,-0.707025,0.003954,-0.003980
arm_1_right_finger,194.686000,0.611166,0.162207,0.191343,0.707166,-0.707024,0.004041,-0.004066
arm_1_right_finger,194.696000,0.611607,0.160438,0.191358,0.707167,-0.707026,0.003815,-0.003840
arm_1_right_finger,194.706000,0.612091,0.158668,0.191387,0.707167,-0.707025,0.003879,-0.003903
arm_1_right_finger,194.717000,0.612618,0.156719,0.191420,0.707166,-0.707025,0.004012,-0.004036
arm_1_right_finger,194.728000,0.613140,0.154768,0.191453,0.707165,-0.707024,0.004196,-0.004219
arm_1_right_finger,194.739000,0.613602,0.152816,0.191470,0.707166,-0.707025,0.003983,-0.004006
arm_1_right_finger,194.750000,0.614106,0.150862,0.191502,0.707165,-0.707024,0.004087,-0.004110
arm_1_right_finger,194.761000,0.614605,0.148907,0.191535,0.707165,-0.707024,0.004226,-0.004248
arm_1_right_finger,194.771000,0.615001,0.147128,0.191548,0.707166,-0.707025,0.003941,-0.003963
arm_1_right_finger,194.782000,0.615484,0.145170,0.191580,0.707166,-0.707025,0.004012,-0.004034
arm_1_right_finger,194.793000,0.615961,0.143210,0.191611,0.707165,-0.707024,0.004113,-0.004135
arm_1_right_finger,194.803000,0.616390,0.141428,0.191640,0.707164,-0.707024,0.004229,-0.004250
arm_1_right_finger,194.812000,0.616771,0.139822,0.191667,0.707163,-0.707023,0.004352,-0.004373
arm_1_right_finger,194.819000,0.617065,0.138573,0.191687,0.707163,-0.707023,0.004460,-0.004481
arm_1_right_finger,194.827000,0.617397,0.137144,0.191711,0.707162,-0.707022,0.004597,-0.004617
arm_1_right_finger,194.832000,0.617539,0.136251,0.191706,0.707164,-0.707024,0.004241,-0.004261
arm_1_right_finger,194.841000,0.617903,0.134642,0.191732,0.707164,-0.707024,0.004247,-0.004267
arm_1_right_finger,194.852000,0.618342,0.132675,0.191763,0.707163,-0.707024,0.004311,-0.004330
arm_1_right_finger,194.862000,0.618737,0.130885,0.191791,0.707163,-0.707023,0.004410,-0.004430
arm_1_right_finger,194.873000,0.619103,0.128916,0.191805,0.707165,-0.707025,0.004082,-0.004101
arm_1_right_finger,194.883000,0.619434,0.127124,0.191818,0.707167,-0.707027,0.003747,-0.003766
arm_1_right_finger,194.893000,0.619806,0.125331,0.191845,0.707167,-0.707027,0.003684,-0.003702
arm_1_right_finger,194.903000,0.620172,0.123537,0.191872,0.707167,-0.707028,0.003665,-0.003683
arm_1_right_finger,194.914000,0.620570,0.121563,0.191903,0.707167,-0.707028,0.003688,-0.003705
arm_1_right_finger,194.924000,0.620883,0.119767,0.191917,0.707168,-0.707029,0.003408,-0.003425
arm_1_right_finger,194.933000,0.621162,0.118150,0.191931,0.707169,-0.707030,0.003149,-0.003166
arm_1_right_finger,194.943000,0.621504,0.116352,0.191958,0.707169,-0.707031,0.003122,-0.003138
arm_1_right_finger,194.953000,0.621784,0.114553,0.191967,0.707171,-0.707032,0.002727,-0.002742
arm_1_right_finger,194.963000,0.622114,0.112753,0.191994,0.707171,-0.707032,0.002708,-0.002723
arm_1_right_finger,194.974000,0.622470,0.110773,0.192022,0.707171,-0.707033,0.002665,-0.002680
arm_1_right_finger,194.984000,0.622787,0.108971,0.192049,0.707171,-0.707033,0.002619,-0.002633
arm_1_right_finger,194.994000,0.623077,0.107169,0.192068,0.707172,-0.707034,0.002428,-0.002442
arm_1_right_finger,195.002000,0.623323,0.105726,0.192089,0.707172,-0.707034,0.002422,-0.002436
arm_1_right_finger,195.011000,0.623595,0.104103,0.192113,0.707172,-0.707034,0.002406,-0.002419
arm_1_right_finger,195.020000,0.623862,0.102478,0.192137,0.707172,-0.707034,0.002388,-0.002401
arm_1_right_finger,195.029000,0.624126,0.100854,0.192161,0.707172,-0.707034,0.002377,-0.002390
arm_1_right_finger,195.039000,0.624414,0.099048,0.192188,0.707171,-0.707034,0.002380,-0.002393
arm_1_right_finger,195.049000,0.624698,0.097241,0.192215,0.707171,-0.707034,0.002405,-0.002417
arm_1_right_finger,195.059000,0.624954,0.095433,0.192235,0.707172,-0.707034,0.002306,-0.002318
arm_1_right_finger,195.069000,0.625227,0.093625,0.192263,0.707171,-0.707034,0.002383,-0.002395
arm_1_right_finger,195.079000,0.625494,0.091816,0.192290,0.707171,-0.707034,0.002460,-0.002471
arm_1_right_finger,195.089000,0.625732,0.090006,0.192311,0.707171,-0.707034,0.002388,-0.002399
arm_1_right_finger,195.099000,0.625988,0.088195,0.192338,0.707171,-0.707034,0.002468,-0.002478
arm_1_right_finger,195.109000,0.626214,0.086384,0.192358,0.707171,-0.707034,0.002382,-0.002392
arm_1_right_finger,195.119000,0.626458,0.084573,0.192385,0.707171,-0.707034,0.002451,-0.002460
arm_1_right_finger,195.129000,0.626696,0.082760,0.192413,0.707170,-0.707034,0.002510,-0.002520
arm_1_right_finger,195.138000,0.626906,0.081129,0.192437,0.707170,-0.707034,0.002567,-0.002576
arm_1_right_finger,195.148000,0.627135,0.079315,0.192465,0.707170,-0.707034,0.002639,-0.002648
arm_1_right_finger,195.155000,0.627292,0.078045,0.192484,0.707170,-0.707034,0.002697,-0.002706
arm_1_right_finger,195.162000,0.627447,0.076775,0.192504,0.707169,-0.707033,0.002764,-0.002772
arm_1_right_finger,195.171000,0.627642,0.075142,0.192529,0.707169,-0.707033,0.002863,-0.002871
arm_1_right_finger,195.181000,0.627855,0.073327,0.192558,0.707168,-0.707033,0.002993,-0.003001
arm_1_right_finger,195.191000,0.628062,0.071511,0.192586,0.707168,-0.707032,0.003144,-0.003151
arm_1_right_finger,195.201000,0.628264,0.069695,0.192615,0.707167,-0.707031,0.003315,-0.003323
arm_1_right_finger,195.211000,0.628461,0.067878,0.192644,0.707166,-0.707030,0.003507,-0.003514
arm_1_right_finger,195.221000,0.628562,0.066061,0.192646,0.707168,-0.707033,0.003047,-0.003054
arm_1_right_finger,195.231000,0.628742,0.064243,0.192673,0.707168,-0.707033,0.003073,-0.003080
arm_1_right_finger,195.242000,0.628935,0.062243,0.192703,0.707167,-0.707032,0.003142,-0.003148
arm_1_right_finger,195.252000,0.629068,0.060424,0.192720,0.707168,-0.707033,0.002944,-0.002950
arm_1_right_finger,195.263000,0.629246,0.058424,0.192750,0.707168,-0.707033,0.002999,-0.003004
arm_1_right_finger,195.273000,0.629403,0.056604,0.192777,0.707167,-0.707033,0.003066,-0.003071
arm_1_right_finger,195.283000,0.629556,0.054785,0.192805,0.707167,-0.707033,0.003152,-0.003157
arm_1_right_finger,195.294000,0.629717,0.052783,0.192836,0.707166,-0.707032,0.003272,-0.003276
arm_1_right_finger,195.304000,0.629817,0.050962,0.192852,0.707167,-0.707033,0.003123,-0.003127
arm_1_right_finger,195.314000,0.629915,0.049142,0.192868,0.707168,-0.707034,0.002922,-0.002925
arm_1_right_finger,195.325000,0.630024,0.047139,0.192889,0.707168,-0.707034,0.002761,-0.002764
arm_1_right_finger,195.335000,0.630117,0.045317,0.192908,0.707169,-0.707035,0.002610,-0.002613
arm_1_right_finger,195.345000,0.630206,0.043496,0.192927,0.707169,-0.707036,0.002486,-0.002488
arm_1_right_finger,195.356000,0.630323,0.041492,0.192956,0.707169,-0.707036,0.002493,-0.002495
arm_1_right_finger,195.366000,0.630422,0.039670,0.192982,0.707169,-0.707036,0.002469,-0.002471
arm_1_right_finger,195.376000,0.630514,0.037848,0.193008,0.707169,-0.707036,0.002430,-0.002432
arm_1_right_finger,195.386000,0.630602,0.036026,0.193034,0.707169,-0.707036,0.002394,-0.002396
arm_1_right_finger,195.396000,0.630685,0.034204,0.193060,0.707169,-0.707036,0.002370,-0.002371
arm_1_right_finger,195.405000,0.630735,0.032563,0.193078,0.707170,-0.707037,0.002245,-0.002246
arm_1_right_finger,195.415000,0.630808,0.030741,0.193105,0.707169,-0.707037,0.002272,-0.002272
arm_1_right_finger,195.424000,0.630869,0.029100,0.193129,0.707169,-0.707037,0.002294,-0.002294
arm_1_right_finger,195.434000,0.630911,0.027278,0.193149,0.707169,-0.707037,0.002211,-0.002211
arm_1_right_finger,195.444000,0.630967,0.025455,0.193176,0.707169,-0.707037,0.002251,-0.002251
arm_1_right_finger,195.454000,0.631018,0.023632,0.193203,0.707169,-0.707037,0.002288,-0.002287
arm_1_right_finger,195.464000,0.631064,0.021809,0.193229,0.707169,-0.707037,0.002330,-0.002329
arm_1_right_finger,195.475000,0.631110,0.019804,0.193260,0.707169,-0.707037,0.002397,-0.002395
arm_1_right_finger,195.484000,0.631118,0.018164,0.193277,0.707169,-0.707037,0.002315,-0.002313
arm_1_right_finger,195.493000,0.631145,0.016523,0.193302,0.707169,-0.707037,0.002386,-0.002384
arm_1_right_finger,195.503000,0.631171,0.014701,0.193329,0.707168,-0.707037,0.002467,-0.002465
arm_1_right_finger,195.514000,0.631193,0.012696,0.193359,0.707168,-0.707036,0.002566,-0.002563
arm_1_right_finger,195.524000,0.631207,0.010873,0.193387,0.707167,-0.707036,0.002672,-0.002669
arm_1_right_finger,195.534000,0.631186,0.009051,0.193406,0.707168,-0.707037,0.002584,-0.002581
arm_1_right_finger,195.544000,0.631189,0.007228,0.193434,0.707167,-0.707036,0.002691,-0.002688
arm_1_right_finger,195.554000,0.631186,0.005406,0.193461,0.707167,-0.707036,0.002803,-0.002799
arm_1_right_finger,195.564000,0.631178,0.003584,0.193489,0.707166,-0.707035,0.002924,-0.002920
arm_1_right_finger,195.573000,0.631167,0.001944,0.193515,0.707166,-0.707035,0.003045,-0.003041
arm_1_right_finger,195.583000,0.631149,0.000123,0.193543,0.707165,-0.707034,0.003197,-0.003192
arm_1_right_finger,195.593000,0.631127,-0.001699,0.193571,0.707164,-0.707034,0.003368,-0.003363
arm_1_right_finger,195.603000,0.631099,-0.003520,0.193600,0.707163,-0.707033,0.003558,-0.003553
arm_1_right_finger,195.613000,0.630972,-0.005341,0.193601,0.707165,-0.707035,0.003106,-0.003101
arm_1_right_finger,195.623000,0.630929,-0.007162,0.193628,0.707165,-0.707035,0.003136,-0.003130
arm_1_right_finger,195.632000,0.630850,-0.008800,0.193642,0.707166,-0.707036,0.002950,-0.002944
arm_1_right_finger,195.638000,0.630816,-0.009892,0.193658,0.707166,-0.707036,0.002954,-0.002947
arm_1_right_finger,195.648000,0.630757,-0.011712,0.193685,0.707165,-0.707036,0.002982,-0.002975
arm_1_right_finger,195.658000,0.630692,-0.013532,0.193712,0.707165,-0.707036,0.003024,-0.003017
arm_1_right_finger,195.667000,0.630569,-0.015169,0.193718,0.707166,-0.707037,0.002660,-0.002653
arm_1_right_finger,195.677000,0.630492,-0.016988,0.193744,0.707166,-0.707037,0.002683,-0.002676
arm_1_right_finger,195.686000,0.630392,-0.018625,0.193760,0.707167,-0.707038,0.002526,-0.002519
arm_1_right_finger,195.696000,0.630303,-0.020443,0.193786,0.707167,-0.707038,0.002536,-0.002528
arm_1_right_finger,195.705000,0.630218,-0.022079,0.193810,0.707167,-0.707038,0.002529,-0.002521
arm_1_right_finger,195.715000,0.630118,-0.023897,0.193836,0.707167,-0.707038,0.002517,-0.002508
arm_1_right_finger,195.724000,0.630024,-0.025532,0.193860,0.707167,-0.707038,0.002510,-0.002501
arm_1_right_finger,195.734000,0.629915,-0.027348,0.193886,0.707167,-0.707038,0.002516,-0.002507
arm_1_right_finger,195.744000,0.629801,-0.029165,0.193913,0.707166,-0.707038,0.002542,-0.002533
arm_1_right_finger,195.754000,0.629682,-0.030980,0.193940,0.707166,-0.707038,0.002591,-0.002581
arm_1_right_finger,195.763000,0.629545,-0.032614,0.193957,0.707166,-0.707038,0.002486,-0.002476
arm_1_right_finger,195.773000,0.629416,-0.034428,0.193984,0.707166,-0.707038,0.002563,-0.002553
arm_1_right_finger,195.783000,0.629281,-0.036242,0.194011,0.707166,-0.707038,0.002645,-0.002635
arm_1_right_finger,195.793000,0.629141,-0.038056,0.194039,0.707165,-0.707038,0.002739,-0.002729
arm_1_right_finger,195.803000,0.628965,-0.039869,0.194057,0.707166,-0.707038,0.002628,-0.002617
arm_1_right_finger,195.814000,0.628798,-0.041862,0.194087,0.707165,-0.707038,0.002725,-0.002714
arm_1_right_finger,195.825000,0.628624,-0.043855,0.194117,0.707165,-0.707037,0.002832,-0.002821
arm_1_right_finger,195.836000,0.628445,-0.045846,0.194148,0.707164,-0.707037,0.002956,-0.002944
arm_1_right_finger,195.847000,0.628259,-0.047838,0.194178,0.707164,-0.707036,0.003101,-0.003089
arm_1_right_finger,195.857000,0.628085,-0.049647,0.194206,0.707163,-0.707036,0.003253,-0.003240
arm_1_right_finger,195.867000,0.627860,-0.051456,0.194221,0.707164,-0.707037,0.003056,-0.003043
arm_1_right_finger,195.877000,0.627673,-0.053264,0.194249,0.707163,-0.707036,0.003157,-0.003144
arm_1_right_finger,195.887000,0.627482,-0.055071,0.194276,0.707162,-0.707036,0.003281,-0.003268
arm_1_right_finger,195.898000,0.627265,-0.057058,0.194307,0.707162,-0.707035,0.003444,-0.003431
arm_1_right_finger,195.908000,0.627063,-0.058863,0.194336,0.707161,-0.707034,0.003615,-0.003601
arm_1_right_finger,195.918000,0.626856,-0.060668,0.194364,0.707160,-0.707033,0.003807,-0.003793
arm_1_right_finger,195.928000,0.626644,-0.062472,0.194393,0.707158,-0.707032,0.004019,-0.004005
arm_1_right_finger,195.937000,0.626340,-0.064095,0.194386,0.707162,-0.707036,0.003394,-0.003380
arm_1_right_finger,195.946000,0.626097,-0.065717,0.194399,0.707163,-0.707037,0.003131,-0.003116
arm_1_right_finger,195.956000,0.625861,-0.067519,0.194426,0.707163,-0.707037,0.003104,-0.003089
arm_1_right_finger,195.966000,0.625621,-0.069319,0.194452,0.707163,-0.707037,0.003105,-0.003089
arm_1_right_finger,195.976000,0.625376,-0.071119,0.194479,0.707163,-0.707037,0.003129,-0.003114
arm_1_right_finger,195.985000,0.625151,-0.072738,0.194503,0.707162,-0.707037,0.003174,-0.003158
arm_1_right_finger,195.995000,0.624897,-0.074536,0.194531,0.707162,-0.707037,0.003249,-0.003233
arm_1_right_finger,196.002000,0.624716,-0.075795,0.194550,0.707162,-0.707036,0.003317,-0.003301
arm_1_right_finger,196.010000,0.624506,-0.077232,0.194572,0.707161,-0.707036,0.003411,-0.003395
arm_1_right_finger,196.020000,0.624240,-0.079027,0.194600,0.707160,-0.707035,0.003551,-0.003535
arm_1_right_finger,196.030000,0.623969,-0.080822,0.194628,0.707159,-0.707035,0.003716,-0.003700
arm_1_right_finger,196.040000,0.623693,-0.082616,0.194657,0.707158,-0.707034,0.003905,-0.003888
arm_1_right_finger,196.050000,0.623353,-0.084408,0.194667,0.707159,-0.707035,0.003696,-0.003678
arm_1_right_finger,196.060000,0.623063,-0.086200,0.194695,0.707159,-0.707035,0.003762,-0.003744
arm_1_right_finger,196.070000,0.622768,-0.087991,0.194723,0.707158,-0.707034,0.003872,-0.003854
arm_1_right_finger,196.080000,0.622469,-0.089780,0.194751,0.707158,-0.707033,0.004017,-0.003999
arm_1_right_finger,196.090000,0.622165,-0.091568,0.194780,0.707156,-0.707032,0.004192,-0.004174
arm_1_right_finger,196.100000,0.621793,-0.093356,0.194789,0.707158,-0.707034,0.003915,-0.003896
arm_1_right_finger,196.110000,0.621475,-0.095142,0.194817,0.707158,-0.707034,0.003969,-0.003951
arm_1_right_finger,196.120000,0.621058,-0.096927,0.194816,0.707161,-0.707037,0.003342,-0.003323
arm_1_right_finger,196.130000,0.620725,-0.098710,0.194842,0.707161,-0.707037,0.003293,-0.003274
arm_1_right_finger,196.140000,0.620386,-0.100493,0.194869,0.707161,-0.707038,0.003275,-0.003255
arm_1_right_finger,196.150000,0.620043,-0.102274,0.194895,0.707161,-0.707038,0.003287,-0.003267
arm_1_right_finger,196.160000,0.619660,-0.104055,0.194911,0.707162,-0.707039,0.003075,-0.003055
arm_1_right_finger,196.170000,0.619274,-0.105834,0.194928,0.707162,-0.707039,0.002877,-0.002857
arm_1_right_finger,196.180000,0.618912,-0.107611,0.194954,0.707162,-0.707040,0.002872,-0.002851
arm_1_right_finger,196.191000,0.618508,-0.109565,0.194983,0.707162,-0.707040,0.002873,-0.002852
arm_1_right_finger,196.199000,0.618211,-0.110985,0.195004,0.707162,-0.707040,0.002882,-0.002861
arm_1_right_finger,196.209000,0.617835,-0.112759,0.195031,0.707162,-0.707040,0.002910,-0.002889
arm_1_right_finger,196.220000,0.617416,-0.114709,0.195060,0.707162,-0.707039,0.002964,-0.002943
arm_1_right_finger,196.230000,0.617030,-0.116480,0.195088,0.707161,-0.707039,0.003037,-0.003015
arm_1_right_finger,196.240000,0.616605,-0.118250,0.195105,0.707162,-0.707040,0.002881,-0.002860
arm_1_right_finger,196.250000,0.616176,-0.120018,0.195122,0.707162,-0.707041,0.002738,-0.002717
arm_1_right_finger,196.261000,0.615731,-0.121962,0.195151,0.707162,-0.707040,0.002785,-0.002763
arm_1_right_finger,196.270000,0.615362,-0.123551,0.195175,0.707162,-0.707040,0.002826,-0.002804
arm_1_right_finger,196.280000,0.614947,-0.125315,0.195202,0.707162,-0.707040,0.002880,-0.002857
arm_1_right_finger,196.290000,0.614527,-0.127078,0.195229,0.707161,-0.707040,0.002948,-0.002925
arm_1_right_finger,196.301000,0.614060,-0.129015,0.195259,0.707161,-0.707040,0.003046,-0.003023
arm_1_right_finger,196.311000,0.613595,-0.130775,0.195276,0.707161,-0.707040,0.002896,-0.002873
arm_1_right_finger,196.321000,0.613158,-0.132533,0.195303,0.707161,-0.707040,0.002970,-0.002946
arm_1_right_finger,196.330000,0.612728,-0.134114,0.195317,0.707162,-0.707041,0.002824,-0.002800
arm_1_right_finger,196.340000,0.612280,-0.135869,0.195344,0.707161,-0.707041,0.002886,-0.002862
arm_1_right_finger,196.350000,0.611827,-0.137623,0.195371,0.707161,-0.707040,0.002952,-0.002928
arm_1_right_finger,196.359000,0.611415,-0.139200,0.195395,0.707161,-0.707040,0.003020,-0.002996
arm_1_right_finger,196.369000,0.610953,-0.140950,0.195422,0.707160,-0.707040,0.003110,-0.003085
arm_1_right_finger,196.378000,0.610495,-0.142525,0.195435,0.707161,-0.707041,0.002930,-0.002905
arm_1_right_finger,196.388000,0.610022,-0.144272,0.195462,0.707161,-0.707040,0.002994,-0.002969
arm_1_right_finger,196.398000,0.609543,-0.146018,0.195489,0.707160,-0.707040,0.003070,-0.003045
arm_1_right_finger,196.409000,0.609011,-0.147937,0.195519,0.707160,-0.707040,0.003174,-0.003149
arm_1_right_finger,196.419000,0.608522,-0.149679,0.195546,0.707159,-0.707039,0.003289,-0.003264
arm_1_right_finger,196.430000,0.607979,-0.151594,0.195577,0.707158,-0.707039,0.003440,-0.003415
arm_1_right_finger,196.440000,0.607480,-0.153333,0.195605,0.707157,-0.707038,0.003600,-0.003575
arm_1_right_finger,196.450000,0.606926,-0.155070,0.195617,0.707158,-0.707039,0.003436,-0.003410
arm_1_right_finger,196.460000,0.606371,-0.156806,0.195632,0.707159,-0.707040,0.003178,-0.003151
arm_1_right_finger,196.470000,0.605852,-0.158540,0.195658,0.707159,-0.707040,0.003202,-0.003176
arm_1_right_finger,196.480000,0.605329,-0.160272,0.195685,0.707159,-0.707040,0.003253,-0.003226
arm_1_right_finger,196.491000,0.604747,-0.162175,0.195715,0.707158,-0.707040,0.003337,-0.003310
arm_1_right_finger,196.502000,0.604160,-0.164076,0.195745,0.707158,-0.707039,0.003451,-0.003424
arm_1_right_finger,196.513000,0.603568,-0.165974,0.195775,0.707157,-0.707038,0.003597,-0.003570
arm_1_right_finger,196.524000,0.602970,-0.167871,0.195806,0.707156,-0.707038,0.003772,-0.003744
arm_1_right_finger,196.535000,0.602311,-0.169765,0.195820,0.707157,-0.707039,0.003509,-0.003482
arm_1_right_finger,196.546000,0.601698,-0.171657,0.195850,0.707157,-0.707039,0.003602,-0.003574
arm_1_right_finger,196.557000,0.601079,-0.173547,0.195880,0.707156,-0.707038,0.003732,-0.003704
arm_1_right_finger,196.568000,0.600455,-0.175434,0.195911,0.707155,-0.707037,0.003898,-0.003870
arm_1_right_finger,196.579000,0.599826,-0.177319,0.195942,0.707154,-0.707036,0.004094,-0.004065
arm_1_right_finger,196.590000,0.599191,-0.179202,0.195973,0.707153,-0.707035,0.004317,-0.004289
arm_1_right_finger,196.601000,0.598482,-0.181082,0.195984,0.707154,-0.707037,0.003983,-0.003953
arm_1_right_finger,196.611000,0.597891,-0.182789,0.196011,0.707154,-0.707036,0.004068,-0.004039
arm_1_right_finger,196.622000,0.597235,-0.184665,0.196042,0.707153,-0.707036,0.004210,-0.004181
arm_1_right_finger,196.633000,0.596574,-0.186538,0.196073,0.707152,-0.707035,0.004394,-0.004364
arm_1_right_finger,196.644000,0.595907,-0.188408,0.196104,0.707150,-0.707033,0.004611,-0.004582
arm_1_right_finger,196.654000,0.595297,-0.190107,0.196133,0.707149,-0.707032,0.004837,-0.004808
arm_1_right_finger,196.663000,0.594718,-0.191634,0.196151,0.707149,-0.707032,0.004798,-0.004768
arm_1_right_finger,196.672000,0.594144,-0.193159,0.196172,0.707149,-0.707033,0.004717,-0.004687
arm_1_right_finger,196.680000,0.593631,-0.194513,0.196191,0.707150,-0.707034,0.004622,-0.004592
arm_1_right_finger,196.689000,0.592990,-0.196035,0.196194,0.707153,-0.707037,0.004103,-0.004073
arm_1_right_finger,196.696000,0.592540,-0.197218,0.196212,0.707154,-0.707037,0.003996,-0.003965
arm_1_right_finger,196.704000,0.592020,-0.198568,0.196232,0.707154,-0.707038,0.003895,-0.003864
arm_1_right_finger,196.712000,0.591456,-0.199916,0.196240,0.707156,-0.707040,0.003532,-0.003501
arm_1_right_finger,196.722000,0.590799,-0.201600,0.196265,0.707156,-0.707040,0.003455,-0.003424
arm_1_right_finger,196.732000,0.590137,-0.203282,0.196290,0.707157,-0.707041,0.003393,-0.003362
arm_1_right_finger,196.742000,0.589469,-0.204962,0.196316,0.707157,-0.707041,0.003337,-0.003306
arm_1_right_finger,196.753000,0.588728,-0.206807,0.196343,0.707157,-0.707041,0.003282,-0.003250
arm_1_right_finger,196.761000,0.588185,-0.208147,0.196364,0.707157,-0.707042,0.003245,-0.003213
arm_1_right_finger,196.768000,0.587707,-0.209318,0.196381,0.707157,-0.707042,0.003214,-0.003183
arm_1_right_finger,196.777000,0.587059,-0.210823,0.196395,0.707158,-0.707043,0.002993,-0.002961
arm_1_right_finger,196.786000,0.586437,-0.212325,0.196417,0.707158,-0.707043,0.002979,-0.002947
arm_1_right_finger,196.796000,0.585742,-0.213993,0.196443,0.707158,-0.707043,0.002960,-0.002928
arm_1_right_finger,196.806000,0.585016,-0.215658,0.196461,0.707159,-0.707044,0.002770,-0.002738
arm_1_right_finger,196.816000,0.584308,-0.217320,0.196485,0.707159,-0.707044,0.002756,-0.002723
arm_1_right_finger,196.827000,0.583525,-0.219147,0.196513,0.707159,-0.707044,0.002735,-0.002702
arm_1_right_finger,196.837000,0.582787,-0.220804,0.196532,0.707159,-0.707045,0.002580,-0.002548
arm_1_right_finger,196.847000,0.582062,-0.222460,0.196557,0.707159,-0.707045,0.002577,-0.002544
arm_1_right_finger,196.851000,0.581776,-0.223111,0.196567,0.707159,-0.707045,0.002573,-0.002540
arm_1_right_finger,196.861000,0.581050,-0.224758,0.196592,0.707159,-0.707045,0.002563,-0.002530
arm_1_right_finger,196.870000,0.580389,-0.226245,0.196615,0.707159,-0.707045,0.002555,-0.002521
arm_1_right_finger,196.880000,0.579631,-0.227894,0.196635,0.707160,-0.707046,0.002423,-0.002390
arm_1_right_finger,196.889000,0.578958,-0.229376,0.196657,0.707160,-0.707046,0.002429,-0.002395
arm_1_right_finger,196.899000,0.578209,-0.231021,0.196682,0.707159,-0.707046,0.002426,-0.002392
arm_1_right_finger,196.909000,0.577435,-0.232662,0.196702,0.707160,-0.707046,0.002313,-0.002280
arm_1_right_finger,196.920000,0.576599,-0.234465,0.196729,0.707160,-0.707046,0.002323,-0.002289
arm_1_right_finger,196.929000,0.575875,-0.235937,0.196741,0.707160,-0.707047,0.002145,-0.002111
arm_1_right_finger,196.939000,0.575103,-0.237571,0.196766,0.707160,-0.707047,0.002182,-0.002148
arm_1_right_finger,196.949000,0.574330,-0.239202,0.196792,0.707160,-0.707047,0.002190,-0.002155
arm_1_right_finger,196.959000,0.573534,-0.240830,0.196812,0.707160,-0.707047,0.002115,-0.002080
arm_1_right_finger,196.970000,0.572672,-0.242618,0.196840,0.707160,-0.707047,0.002126,-0.002091
arm_1_right_finger,196.980000,0.571867,-0.244241,0.196861,0.707160,-0.707048,0.002044,-0.002010
arm_1_right_finger,196.990000,0.571072,-0.245861,0.196887,0.707160,-0.707048,0.002060,-0.002025
arm_1_right_finger,197.001000,0.570195,-0.247639,0.196915,0.707160,-0.707048,0.002070,-0.002035
arm_1_right_finger,197.012000,0.569311,-0.249415,0.196944,0.707160,-0.707048,0.002076,-0.002041
arm_1_right_finger,197.022000,0.568487,-0.251027,0.196965,0.707160,-0.707048,0.002027,-0.001992
arm_1_right_finger,197.033000,0.567574,-0.252796,0.196989,0.707160,-0.707048,0.001958,-0.001922
arm_1_right_finger,197.043000,0.566752,-0.254402,0.197014,0.707160,-0.707048,0.002020,-0.001984
arm_1_right_finger,197.054000,0.565843,-0.256165,0.197042,0.707160,-0.707048,0.002026,-0.001990
arm_1_right_finger,197.065000,0.564916,-0.257925,0.197066,0.707160,-0.707048,0.001961,-0.001925
arm_1_right_finger,197.076000,0.563980,-0.259681,0.197090,0.707160,-0.707049,0.001948,-0.001912
arm_1_right_finger,197.087000,0.563050,-0.261434,0.197117,0.707160,-0.707048,0.001985,-0.001949
arm_1_right_finger,197.098000,0.562119,-0.263184,0.197145,0.707160,-0.707049,0.001986,-0.001950
arm_1_right_finger,197.109000,0.561181,-0.264931,0.197173,0.707159,-0.707049,0.001985,-0.001948
arm_1_right_finger,197.120000,0.560237,-0.266674,0.197202,0.707159,-0.707049,0.001983,-0.001947
arm_1_right_finger,197.131000,0.559287,-0.268413,0.197230,0.707159,-0.707049,0.001983,-0.001946
arm_1_right_finger,197.142000,0.558329,-0.270149,0.197258,0.707159,-0.707049,0.001982,-0.001945
arm_1_right_finger,197.152000,0.557453,-0.271725,0.197283,0.707159,-0.707049,0.001985,-0.001948
arm_1_right_finger,197.163000,0.556483,-0.273454,0.197310,0.707159,-0.707049,0.001982,-0.001945
arm_1_right_finger,197.174000,0.555507,-0.275180,0.197337,0.707159,-0.707049,0.001979,-0.001942
arm_1_right_finger,197.184000,0.554614,-0.276746,0.197362,0.707159,-0.707049,0.001977,-0.001940
arm_1_right_finger,197.193000,0.553805,-0.278153,0.197384,0.707159,-0.707049,0.001975,-0.001937
arm_1_right_finger,197.202000,0.552983,-0.279558,0.197403,0.707159,-0.707049,0.001918,-0.001881
arm_1_right_finger,197.212000,0.552071,-0.281115,0.197426,0.707159,-0.707049,0.001997,-0.001959
arm_1_right_finger,197.222000,0.551142,-0.282670,0.197445,0.707159,-0.707049,0.001940,-0.001902
arm_1_right_finger,197.233000,0.550130,-0.284377,0.197471,0.707159,-0.707050,0.001940,-0.001902
arm_1_right_finger,197.243000,0.549198,-0.285926,0.197492,0.707159,-0.707050,0.001864,-0.001826
arm_1_right_finger,197.254000,0.548173,-0.287626,0.197518,0.707159,-0.707050,0.001902,-0.001864
arm_1_right_finger,197.265000,0.547148,-0.289322,0.197545,0.707159,-0.707050,0.001896,-0.001858
arm_1_right_finger,197.275000,0.546212,-0.290861,0.197570,0.707159,-0.707050,0.001888,-0.001849
arm_1_right_finger,197.285000,0.545255,-0.292397,0.197589,0.707159,-0.707050,0.001836,-0.001797
arm_1_right_finger,197.295000,0.544292,-0.293929,0.197609,0.707159,-0.707050,0.001791,-0.001753
arm_1_right_finger,197.305000,0.543341,-0.295459,0.197634,0.707159,-0.707050,0.001789,-0.001750
arm_1_right_finger,197.315000,0.542386,-0.296986,0.197659,0.707159,-0.707050,0.001782,-0.001743
arm_1_right_finger,197.326000,0.541331,-0.298661,0.197686,0.707159,-0.707051,0.001775,-0.001737
arm_1_right_finger,197.337000,0.540269,-0.300333,0.197714,0.707159,-0.707051,0.001770,-0.001731
arm_1_right_finger,197.348000,0.539202,-0.302001,0.197741,0.707159,-0.707051,0.001765,-0.001726
arm_1_right_finger,197.358000,0.538235,-0.303514,0.197768,0.707158,-0.707050,0.001967,-0.001928
arm_1_right_finger,197.368000,0.537275,-0.305024,0.197799,0.707156,-0.707049,0.002415,-0.002376
arm_1_right_finger,197.379000,0.536212,-0.306681,0.197833,0.707155,-0.707047,0.002885,-0.002845
arm_1_right_finger,197.389000,0.535238,-0.308184,0.197863,0.707153,-0.707046,0.003287,-0.003248
arm_1_right_finger,197.400000,0.534158,-0.309834,0.197894,0.707151,-0.707044,0.003682,-0.003642
arm_1_right_finger,197.409000,0.533267,-0.311181,0.197919,0.707149,-0.707042,0.003946,-0.003906
arm_1_right_finger,197.417000,0.532471,-0.312376,0.197941,0.707148,-0.707041,0.004152,-0.004112
arm_1_right_finger,197.426000,0.531567,-0.313718,0.197964,0.707147,-0.707040,0.004330,-0.004291
arm_1_right_finger,197.436000,0.530561,-0.315206,0.197991,0.707146,-0.707039,0.004516,-0.004476
arm_1_right_finger,197.446000,0.529551,-0.316690,0.198017,0.707145,-0.707038,0.004694,-0.004655
arm_1_right_finger,197.456000,0.528534,-0.318172,0.198043,0.707143,-0.707037,0.004864,-0.004824
arm_1_right_finger,197.466000,0.527513,-0.319650,0.198069,0.707142,-0.707036,0.005022,-0.004983
arm_1_right_finger,197.476000,0.526414,-0.321125,0.198074,0.707145,-0.707038,0.004676,-0.004636
arm_1_right_finger,197.485000,0.525420,-0.322449,0.198077,0.707148,-0.707042,0.004148,-0.004107
arm_1_right_finger,197.495000,0.524386,-0.323917,0.198103,0.707148,-0.707042,0.004043,-0.004003
arm_1_right_finger,197.505000,0.523354,-0.325382,0.198131,0.707148,-0.707042,0.004080,-0.004040
arm_1_right_finger,197.514000,0.522367,-0.326698,0.198140,0.707150,-0.707044,0.003812,-0.003771
arm_1_right_finger,197.524000,0.521326,-0.328156,0.198168,0.707149,-0.707043,0.003893,-0.003852
arm_1_right_finger,197.534000,0.520267,-0.329611,0.198192,0.707149,-0.707043,0.003912,-0.003871
arm_1_right_finger,197.545000,0.519105,-0.331207,0.198220,0.707149,-0.707043,0.003895,-0.003854
arm_1_right_finger,197.555000,0.518052,-0.332655,0.198249,0.707148,-0.707043,0.004021,-0.003981
arm_1_right_finger,197.564000,0.517101,-0.333955,0.198275,0.707147,-0.707042,0.004195,-0.004154
arm_1_right_finger,197.571000,0.516358,-0.334965,0.198295,0.707146,-0.707041,0.004344,-0.004303
arm_1_right_finger,197.579000,0.515506,-0.336116,0.198318,0.707145,-0.707040,0.004531,-0.004490
arm_1_right_finger,197.589000,0.514434,-0.337552,0.198345,0.707143,-0.707038,0.004755,-0.004714
arm_1_right_finger,197.598000,0.513465,-0.338842,0.198370,0.707142,-0.707037,0.004944,-0.004903
arm_1_right_finger,197.607000,0.512488,-0.340129,0.198393,0.707141,-0.707036,0.005102,-0.005061
arm_1_right_finger,197.616000,0.511438,-0.341414,0.198396,0.707143,-0.707039,0.004759,-0.004718
arm_1_right_finger,197.624000,0.510563,-0.342553,0.198416,0.707143,-0.707039,0.004744,-0.004703
arm_1_right_finger,197.633000,0.509578,-0.343832,0.198440,0.707143,-0.707039,0.004782,-0.004740
arm_1_right_finger,197.642000,0.508589,-0.345107,0.198464,0.707142,-0.707038,0.004841,-0.004800
arm_1_right_finger,197.650000,0.507707,-0.346237,0.198485,0.707142,-0.707038,0.004903,-0.004862
arm_1_right_finger,197.660000,0.506528,-0.347644,0.198488,0.707146,-0.707041,0.004363,-0.004321
arm_1_right_finger,197.670000,0.505371,-0.349044,0.198499,0.707148,-0.707044,0.003918,-0.003876
arm_1_right_finger,197.680000,0.504267,-0.350437,0.198526,0.707148,-0.707044,0.003917,-0.003875
arm_1_right_finger,197.690000,0.503164,-0.351822,0.198553,0.707147,-0.707044,0.003994,-0.003952
arm_1_right_finger,197.700000,0.502062,-0.353198,0.198581,0.707147,-0.707043,0.004131,-0.004089
arm_1_right_finger,197.710000,0.500901,-0.354564,0.198590,0.707148,-0.707045,0.003799,-0.003757
arm_1_right_finger,197.720000,0.499798,-0.355921,0.198617,0.707148,-0.707045,0.003874,-0.003832
arm_1_right_finger,197.730000,0.498698,-0.357268,0.198644,0.707147,-0.707044,0.003997,-0.003955
arm_1_right_finger,197.741000,0.497491,-0.358738,0.198674,0.707146,-0.707043,0.004176,-0.004134
arm_1_right_finger,197.751000,0.496396,-0.360063,0.198701,0.707145,-0.707042,0.004372,-0.004330
arm_1_right_finger,197.762000,0.495130,-0.361507,0.198712,0.707146,-0.707043,0.004179,-0.004137
arm_1_right_finger,197.772000,0.494034,-0.362809,0.198736,0.707146,-0.707043,0.004198,-0.004155
arm_1_right_finger,197.782000,0.492945,-0.364100,0.198762,0.707145,-0.707043,0.004291,-0.004248
arm_1_right_finger,197.792000,0.491859,-0.365379,0.198788,0.707144,-0.707042,0.004427,-0.004385
arm_1_right_finger,197.802000,0.490778,-0.366647,0.198815,0.707143,-0.707041,0.004601,-0.004559
arm_1_right_finger,197.813000,0.489593,-0.368030,0.198844,0.707142,-0.707039,0.004828,-0.004786
arm_1_right_finger,197.824000,0.488414,-0.369398,0.198873,0.707140,-0.707038,0.005085,-0.005043
arm_1_right_finger,197.834000,0.487346,-0.370630,0.198899,0.707138,-0.707036,0.005342,-0.005300
arm_1_right_finger,197.843000,0.486389,-0.371729,0.198923,0.707136,-0.707034,0.005590,-0.005548
arm_1_right_finger,197.852000,0.485306,-0.372819,0.198908,0.707139,-0.707037,0.005196,-0.005154
arm_1_right_finger,197.862000,0.484235,-0.374019,0.198929,0.707136,-0.707035,0.005515,-0.005473
arm_1_right_finger,197.872000,0.483098,-0.375207,0.198930,0.707139,-0.707038,0.005145,-0.005103
arm_1_right_finger,197.883000,0.481953,-0.376502,0.198960,0.707137,-0.707035,0.005438,-0.005396
arm_1_right_finger,197.894000,0.480793,-0.377782,0.198985,0.707136,-0.707035,0.005546,-0.005504
arm_1_right_finger,197.905000,0.479593,-0.379049,0.198995,0.707138,-0.707037,0.005286,-0.005244
arm_1_right_finger,197.915000,0.478550,-0.380189,0.199018,0.707138,-0.707037,0.005204,-0.005162
arm_1_right_finger,197.925000,0.477471,-0.381319,0.199028,0.707138,-0.707038,0.005158,-0.005116
arm_1_right_finger,197.935000,0.476455,-0.382436,0.199055,0.707136,-0.707036,0.005446,-0.005405
arm_1_right_finger,197.945000,0.475420,-0.383543,0.199075,0.707136,-0.707035,0.005521,-0.005479
arm_1_right_finger,197.955000,0.474352,-0.384639,0.199083,0.707138,-0.707037,0.005247,-0.005206
arm_1_right_finger,197.966000,0.473231,-0.385831,0.199107,0.707137,-0.707037,0.005261,-0.005220
arm_1_right_finger,197.977000,0.472117,-0.387010,0.199131,0.707137,-0.707037,0.005265,-0.005223
arm_1_right_finger,197.987000,0.471109,-0.388070,0.199152,0.707137,-0.707037,0.005261,-0.005219
arm_1_right_finger,197.998000,0.470007,-0.389224,0.199176,0.707137,-0.707038,0.005250,-0.005208
arm_1_right_finger,198.009000,0.468911,-0.390365,0.199199,0.707137,-0.707038,0.005237,-0.005195
arm_1_right_finger,198.020000,0.467822,-0.391493,0.199222,0.707137,-0.707038,0.005230,-0.005188
arm_1_right_finger,198.030000,0.466791,-0.392508,0.199229,0.707140,-0.707040,0.004917,-0.004875
arm_1_right_finger,198.040000,0.465816,-0.393511,0.199250,0.707140,-0.707040,0.004916,-0.004874
arm_1_right_finger,198.048000,0.465043,-0.394300,0.199267,0.707140,-0.707040,0.004913,-0.004871
arm_1_right_finger,198.058000,0.464032,-0.395282,0.199273,0.707142,-0.707042,0.004596,-0.004554
arm_1_right_finger,198.067000,0.463123,-0.396160,0.199279,0.707143,-0.707045,0.004276,-0.004234
arm_1_right_finger,198.076000,0.462263,-0.397029,0.199298,0.707143,-0.707044,0.004289,-0.004247
arm_1_right_finger,198.085000,0.461405,-0.397890,0.199316,0.707143,-0.707044,0.004301,-0.004259
arm_1_right_finger,198.094000,0.460552,-0.398743,0.199334,0.707143,-0.707044,0.004313,-0.004271
arm_1_right_finger,198.104000,0.459611,-0.399680,0.199354,0.707143,-0.707044,0.004328,-0.004286
arm_1_right_finger,198.114000,0.458678,-0.400607,0.199375,0.707143,-0.707044,0.004370,-0.004327
arm_1_right_finger,198.124000,0.457755,-0.401523,0.199396,0.707142,-0.707044,0.004463,-0.004421
arm_1_right_finger,198.134000,0.456787,-0.402430,0.199402,0.707144,-0.707045,0.004215,-0.004173
arm_1_right_finger,198.144000,0.455870,-0.403326,0.199421,0.707143,-0.707045,0.004231,-0.004189
arm_1_right_finger,198.154000,0.454959,-0.404212,0.199440,0.707143,-0.707045,0.004247,-0.004205
arm_1_right_finger,198.164000,0.454059,-0.405089,0.199461,0.707143,-0.707045,0.004303,-0.004261
arm_1_right_finger,198.174000,0.453161,-0.405954,0.199479,0.707143,-0.707045,0.004335,-0.004293
arm_1_right_finger,198.184000,0.452269,-0.406811,0.199498,0.707143,-0.707045,0.004350,-0.004308
arm_1_right_finger,198.194000,0.451343,-0.407656,0.199504,0.707144,-0.707046,0.004080,-0.004038
arm_1_right_finger,198.204000,0.450429,-0.408493,0.199511,0.707145,-0.707048,0.003853,-0.003811
arm_1_right_finger,198.213000,0.449649,-0.409238,0.199530,0.707145,-0.707047,0.003941,-0.003899
arm_1_right_finger,198.223000,0.448785,-0.410056,0.199548,0.707144,-0.707047,0.004031,-0.003988
arm_1_right_finger,198.232000,0.447969,-0.410784,0.199551,0.707146,-0.707048,0.003765,-0.003723
arm_1_right_finger,198.240000,0.447289,-0.411425,0.199566,0.707145,-0.707048,0.003796,-0.003754
arm_1_right_finger,198.249000,0.446530,-0.412137,0.199584,0.707145,-0.707048,0.003871,-0.003829
arm_1_right_finger,198.259000,0.445679,-0.412921,0.199598,0.707145,-0.707048,0.003862,-0.003820
arm_1_right_finger,198.269000,0.444831,-0.413695,0.199612,0.707146,-0.707048,0.003753,-0.003711
arm_1_right_finger,198.280000,0.443910,-0.414535,0.199627,0.707146,-0.707049,0.003617,-0.003574
arm_1_right_finger,198.291000,0.443001,-0.415364,0.199644,0.707147,-0.707050,0.003489,-0.003447
arm_1_right_finger,198.302000,0.442113,-0.416182,0.199664,0.707147,-0.707050,0.003505,-0.003462
arm_1_right_finger,198.313000,0.441297,-0.416988,0.199703,0.707142,-0.707045,0.004397,-0.004355
arm_1_right_finger,198.323000,0.440498,-0.417712,0.199719,0.707139,-0.707042,0.004762,-0.004719
arm_1_right_finger,198.334000,0.439628,-0.418497,0.199736,0.707138,-0.707041,0.004944,-0.004902
arm_1_right_finger,198.345000,0.438769,-0.419272,0.199755,0.707137,-0.707041,0.005045,-0.005002
arm_1_right_finger,198.355000,0.438000,-0.419966,0.199772,0.707137,-0.707040,0.005131,-0.005089
arm_1_right_finger,198.365000,0.437185,-0.420652,0.199773,0.707139,-0.707042,0.004845,-0.004803
arm_1_right_finger,198.374000,0.436505,-0.421261,0.199788,0.707138,-0.707042,0.004879,-0.004836
arm_1_right_finger,198.383000,0.435733,-0.421863,0.199773,0.707143,-0.707046,0.004191,-0.004148
arm_1_right_finger,198.393000,0.434993,-0.422523,0.199791,0.707143,-0.707046,0.004204,-0.004162
arm_1_right_finger,198.403000,0.434213,-0.423174,0.199793,0.707144,-0.707048,0.003897,-0.003855
arm_1_right_finger,198.413000,0.433485,-0.423817,0.199809,0.707144,-0.707048,0.003924,-0.003882
arm_1_right_finger,198.423000,0.432767,-0.424451,0.199826,0.707144,-0.707048,0.003998,-0.003956
arm_1_right_finger,198.433000,0.431974,-0.425077,0.199817,0.707146,-0.707050,0.003475,-0.003433
arm_1_right_finger,198.443000,0.431231,-0.425694,0.199821,0.707147,-0.707052,0.003223,-0.003181
arm_1_right_finger,198.453000,0.430531,-0.426301,0.199836,0.707147,-0.707052,0.003199,-0.003157
arm_1_right_finger,198.463000,0.429838,-0.426901,0.199850,0.707148,-0.707052,0.003176,-0.003133
arm_1_right_finger,198.473000,0.429153,-0.427491,0.199864,0.707148,-0.707052,0.003155,-0.003113
arm_1_right_finger,198.483000,0.428475,-0.428073,0.199878,0.707148,-0.707052,0.003136,-0.003094
arm_1_right_finger,198.493000,0.427806,-0.428647,0.199892,0.707148,-0.707052,0.003128,-0.003086
arm_1_right_finger,198.503000,0.427145,-0.429212,0.199906,0.707148,-0.707052,0.003139,-0.003096
arm_1_right_finger,198.513000,0.426493,-0.429770,0.199920,0.707147,-0.707052,0.003172,-0.003130
arm_1_right_finger,198.523000,0.425838,-0.430318,0.199931,0.707148,-0.707052,0.003122,-0.003080
arm_1_right_finger,198.533000,0.425196,-0.430859,0.199943,0.707148,-0.707053,0.003012,-0.002970
arm_1_right_finger,198.543000,0.424560,-0.431391,0.199954,0.707149,-0.707053,0.002885,-0.002843
arm_1_right_finger,198.554000,0.423816,-0.431967,0.199951,0.707150,-0.707055,0.002443,-0.002401
arm_1_right_finger,198.564000,0.423203,-0.432481,0.199963,0.707149,-0.707054,0.002669,-0.002627
arm_1_right_finger,198.574000,0.422599,-0.432988,0.199976,0.707149,-0.707054,0.002829,-0.002787
arm_1_right_finger,198.584000,0.421999,-0.433486,0.199988,0.707149,-0.707053,0.002882,-0.002839
arm_1_right_finger,198.594000,0.421383,-0.433976,0.199991,0.707149,-0.707054,0.002725,-0.002683
arm_1_right_finger,198.604000,0.420801,-0.434459,0.200004,0.707149,-0.707054,0.002738,-0.002696
arm_1_right_finger,198.613000,0.420287,-0.434886,0.200015,0.707149,-0.707054,0.002747,-0.002705
arm_1_right_finger,198.623000,0.419723,-0.435353,0.200027,0.707149,-0.707054,0.002754,-0.002712
arm_1_right_finger,198.633000,0.419167,-0.435813,0.200039,0.707149,-0.707054,0.002758,-0.002716
arm_1_right_finger,198.644000,0.418565,-0.436309,0.200052,0.707149,-0.707054,0.002758,-0.002715
arm_1_right_finger,198.655000,0.417972,-0.436795,0.200065,0.707149,-0.707054,0.002751,-0.002709
arm_1_right_finger,198.666000,0.417390,-0.437272,0.200077,0.707149,-0.707054,0.002738,-0.002696
arm_1_right_finger,198.677000,0.416817,-0.437740,0.200089,0.707149,-0.707054,0.002720,-0.002677
arm_1_right_finger,198.688000,0.416254,-0.438198,0.200101,0.707149,-0.707054,0.002695,-0.002652
arm_1_right_finger,198.699000,0.415701,-0.438646,0.200112,0.707149,-0.707055,0.002661,-0.002619
arm_1_right_finger,198.710000,0.415158,-0.439086,0.200124,0.707149,-0.707055,0.002620,-0.002578
arm_1_right_finger,198.721000,0.414624,-0.439516,0.200135,0.707149,-0.707055,0.002573,-0.002531
arm_1_right_finger,198.732000,0.414101,-0.439937,0.200146,0.707150,-0.707055,0.002524,-0.002482
arm_1_right_finger,198.743000,0.413588,-0.440349,0.200156,0.707150,-0.707055,0.002476,-0.002433
arm_1_right_finger,198.754000,0.413086,-0.440751,0.200167,0.707150,-0.707056,0.002430,-0.002388
arm_1_right_finger,198.765000,0.412594,-0.441145,0.200177,0.707150,-0.707056,0.002387,-0.002345
arm_1_right_finger,198.776000,0.412113,-0.441529,0.200187,0.707150,-0.707056,0.002348,-0.002306
arm_1_right_finger,198.787000,0.411641,-0.441904,0.200197,0.707150,-0.707056,0.002313,-0.002270
arm_1_right_finger,198.798000,0.411181,-0.442270,0.200207,0.707150,-0.707056,0.002286,-0.002243
arm_1_right_finger,198.809000,0.410730,-0.442628,0.200216,0.707150,-0.707056,0.002260,-0.002217
arm_1_right_finger,198.820000,0.410289,-0.442976,0.200225,0.707150,-0.707056,0.002236,-0.002194
arm_1_right_finger,198.831000,0.409856,-0.443315,0.200233,0.707150,-0.707056,0.002199,-0.002156
arm_1_right_finger,198.842000,0.409418,-0.443646,0.200236,0.707151,-0.707057,0.002012,-0.001969
arm_1_right_finger,198.853000,0.408990,-0.443968,0.200239,0.707152,-0.707058,0.001732,-0.001690
arm_1_right_finger,198.864000,0.408577,-0.444281,0.200242,0.707152,-0.707058,0.001433,-0.001391
arm_1_right_finger,198.875000,0.408148,-0.444584,0.200238,0.707153,-0.707059,0.000896,-0.000854
arm_1_right_finger,198.885000,0.407781,-0.444853,0.200238,0.707153,-0.707060,0.000355,-0.000313
arm_1_right_finger,198.895000,0.407460,-0.445114,0.200249,0.707153,-0.707060,0.000325,-0.000282
arm_1_right_finger,198.906000,0.407101,-0.445394,0.200256,0.707153,-0.707060,0.000437,-0.000395
arm_1_right_finger,198.916000,0.406779,-0.445640,0.200261,0.707153,-0.707060,0.000457,-0.000415
arm_1_right_finger,198.926000,0.406468,-0.445880,0.200267,0.707153,-0.707060,0.000450,-0.000408
arm_1_right_finger,198.936000,0.406167,-0.446112,0.200272,0.707153,-0.707060,0.000439,-0.000396
arm_1_right_finger,198.946000,0.405873,-0.446337,0.200277,0.707153,-0.707060,0.000423,-0.000381
arm_1_right_finger,198.957000,0.405559,-0.446576,0.200282,0.707153,-0.707060,0.000408,-0.000365
arm_1_right_finger,198.968000,0.405260,-0.446807,0.200288,0.707153,-0.707060,0.000506,-0.000464
arm_1_right_finger,198.978000,0.404991,-0.447008,0.200291,0.707153,-0.707060,0.000522,-0.000480
arm_1_right_finger,198.989000,0.404703,-0.447223,0.200294,0.707153,-0.707060,0.000586,-0.000544
arm_1_right_finger,198.999000,0.404456,-0.447410,0.200298,0.707153,-0.707060,0.000574,-0.000532
arm_1_right_finger,199.009000,0.404218,-0.447591,0.200301,0.707153,-0.707060,0.000658,-0.000616
arm_1_right_finger,199.019000,0.403987,-0.447764,0.200304,0.707153,-0.707060,0.000643,-0.000601
arm_1_right_finger,199.029000,0.403769,-0.447931,0.200309,0.707153,-0.707060,0.000624,-0.000581
arm_1_right_finger,199.039000,0.403559,-0.448091,0.200312,0.707152,-0.707061,0.000661,-0.000619
arm_1_right_finger,199.050000,0.403338,-0.448258,0.200316,0.707152,-0.707061,0.000700,-0.000658
arm_1_right_finger,199.060000,0.403148,-0.448403,0.200320,0.707152,-0.707061,0.000719,-0.000677
arm_1_right_finger,199.071000,0.402950,-0.448554,0.200324,0.707152,-0.707061,0.000727,-0.000685
arm_1_right_finger,199.082000,0.402764,-0.448696,0.200328,0.707152,-0.707061,0.000734,-0.000692
arm_1_right_finger,199.092000,0.402603,-0.448819,0.200331,0.707152,-0.707061,0.000737,-0.000695
arm_1_right_finger,199.102000,0.402444,-0.448936,0.200332,0.707141,-0.707072,0.000737,-0.000695
arm_1_right_finger,199.113000,0.402285,-0.449055,0.200334,0.707143,-0.707070,0.000759,-0.000717
arm_1_right_finger,199.123000,0.402152,-0.449157,0.200337,0.707144,-0.707069,0.000767,-0.000725
arm_1_right_finger,199.134000,0.402017,-0.449260,0.200340,0.707146,-0.707067,0.000773,-0.000731
arm_1_right_finger,199.145000,0.401892,-0.449355,0.200343,0.707147,-0.707066,0.000771,-0.000729
arm_1_right_finger,199.156000,0.401778,-0.449442,0.200345,0.707148,-0.707065,0.000772,-0.000730
arm_1_right_finger,199.167000,0.401660,-0.449520,0.200343,0.707148,-0.707064,0.000976,-0.000934
arm_1_right_finger,199.178000,0.401581,-0.449590,0.200349,0.707148,-0.707062,0.001471,-0.001429
arm_1_right_finger,199.189000,0.401459,-0.449651,0.200338,0.707149,-0.707062,0.001282,-0.001240
arm_1_right_finger,199.200000,0.401386,-0.449705,0.200339,0.707150,-0.707062,0.001170,-0.001128
arm_1_right_finger,199.211000,0.401324,-0.449750,0.200339,0.707150,-0.707062,0.001015,-0.000973
arm_1_right_finger,199.222000,0.401257,-0.449789,0.200335,0.707151,-0.707062,0.000809,-0.000767
arm_1_right_finger,199.231000,0.401226,-0.449816,0.200337,0.707148,-0.707064,0.000890,-0.000848
arm_1_right_finger,199.241000,0.401202,-0.449841,0.200341,0.707149,-0.707063,0.001110,-0.001068
arm_1_right_finger,199.250000,0.401183,-0.449861,0.200344,0.707149,-0.707063,0.001236,-0.001194
arm_1_right_finger,199.258000,0.401168,-0.449876,0.200345,0.707149,-0.707062,0.001303,-0.001261
arm_1_right_finger,199.267000,0.401167,-0.449877,0.200346,0.707149,-0.707062,0.001294,-0.001251
arm_1_right_finger,199.276000,0.401184,-0.449867,0.200345,0.707150,-0.707062,0.001264,-0.001222
arm_1_right_finger,199.285000,0.401198,-0.449859,0.200343,0.707150,-0.707062,0.001224,-0.001181
arm_1_right_finger,199.294000,0.401213,-0.449852,0.200339,0.707150,-0.707062,0.001185,-0.001142
arm_1_right_finger,199.304000,0.401223,-0.449846,0.200330,0.707151,-0.707061,0.001153,-0.001112
arm_1_right_finger,199.314000,0.401233,-0.449840,0.200316,0.707151,-0.707060,0.001248,-0.001208
arm_1_right_finger,199.325000,0.401239,-0.449837,0.200295,0.707151,-0.707060,0.001271,-0.001231
arm_1_right_finger,199.335000,0.401243,-0.449835,0.200269,0.707151,-0.707060,0.001231,-0.001191
arm_1_right_finger,199.346000,0.401254,-0.449834,0.200237,0.707151,-0.707060,0.001287,-0.001247
arm_1_right_finger,199.356000,0.401263,-0.449834,0.200200,0.707151,-0.707060,0.001260,-0.001219
arm_1_right_finger,199.367000,0.401275,-0.449835,0.200152,0.707151,-0.707061,0.001217,-0.001176
arm_1_right_finger,199.377000,0.401286,-0.449838,0.200101,0.707151,-0.707061,0.001179,-0.001138
arm_1_right_finger,199.387000,0.401297,-0.449841,0.200044,0.707151,-0.707061,0.001149,-0.001107
arm_1_right_finger,199.398000,0.401310,-0.449846,0.199971,0.707151,-0.707061,0.001127,-0.001086
arm_1_right_finger,199.409000,0.401322,-0.449851,0.199890,0.707151,-0.707061,0.001108,-0.001066
arm_1_right_finger,199.419000,0.401324,-0.449857,0.199804,0.707151,-0.707061,0.001198,-0.001157
arm_1_right_finger,199.429000,0.401329,-0.449864,0.199711,0.707150,-0.707061,0.001250,-0.001208
arm_1_right_finger,199.439000,0.401338,-0.449872,0.199612,0.707150,-0.707061,0.001230,-0.001188
arm_1_right_finger,199.450000,0.401345,-0.449881,0.199492,0.707150,-0.707061,0.001221,-0.001179
arm_1_right_finger,199.461000,0.401349,-0.449891,0.199361,0.707150,-0.707061,0.001384,-0.001343
arm_1_right_finger,199.471000,0.401352,-0.449902,0.199234,0.707150,-0.707061,0.001444,-0.001402
arm_1_right_finger,199.481000,0.401363,-0.449912,0.199100,0.707149,-0.707061,0.001414,-0.001371
arm_1_right_finger,199.492000,0.401372,-0.449925,0.198942,0.707149,-0.707061,0.001442,-0.001400
arm_1_right_finger,199.502000,0.401375,-0.449938,0.198788,0.707149,-0.707062,0.001388,-0.001345
arm_1_right_finger,199.513000,0.401391,-0.449952,0.198612,0.707149,-0.707062,0.001471,-0.001429
arm_1_right_finger,199.524000,0.401409,-0.449967,0.198427,0.707149,-0.707062,0.001485,-0.001442
arm_1_right_finger,199.535000,0.401428,-0.449984,0.198232,0.707148,-0.707062,0.001499,-0.001456
arm_1_right_finger,199.545000,0.401433,-0.449999,0.198041,0.707148,-0.707062,0.001432,-0.001389
arm_1_right_finger,199.556000,0.401454,-0.450017,0.197827,0.707148,-0.707062,0.001509,-0.001466
arm_1_right_finger,199.567000,0.401475,-0.450035,0.197601,0.707148,-0.707063,0.001561,-0.001518
arm_1_right_finger,199.577000,0.401479,-0.450053,0.197383,0.707148,-0.707063,0.001514,-0.001470
arm_1_right_finger,199.588000,0.401500,-0.450072,0.197137,0.707147,-0.707063,0.001571,-0.001527
arm_1_right_finger,199.598000,0.401521,-0.450091,0.196906,0.707147,-0.707063,0.001616,-0.001571
arm_1_right_finger,199.608000,0.401542,-0.450111,0.196665,0.707147,-0.707063,0.001654,-0.001610
arm_1_right_finger,199.619000,0.401539,-0.450133,0.196383,0.707147,-0.707064,0.001510,-0.001466
arm_1_right_finger,199.630000,0.401562,-0.450155,0.196098,0.707146,-0.707064,0.001562,-0.001517
arm_1_right_finger,199.641000,0.401587,-0.450179,0.195803,0.707146,-0.707064,0.001606,-0.001561
arm_1_right_finger,199.652000,0.401606,-0.450203,0.195496,0.707146,-0.707064,0.001601,-0.001555
arm_1_right_finger,199.663000,0.401630,-0.450227,0.195180,0.707145,-0.707064,0.001629,-0.001583
arm_1_right_finger,199.673000,0.401652,-0.450250,0.194883,0.707145,-0.707065,0.001654,-0.001607
arm_1_right_finger,199.683000,0.401675,-0.450274,0.194578,0.707145,-0.707065,0.001674,-0.001628
arm_1_right_finger,199.693000,0.401696,-0.450298,0.194264,0.707144,-0.707065,0.001693,-0.001646
arm_1_right_finger,199.704000,0.401729,-0.450325,0.193911,0.707144,-0.707065,0.001833,-0.001786
arm_1_right_finger,199.715000,0.401767,-0.450352,0.193549,0.707143,-0.707065,0.002116,-0.002068
arm_1_right_finger,199.726000,0.401810,-0.450380,0.193178,0.707141,-0.707064,0.002469,-0.002421
arm_1_right_finger,199.737000,0.401789,-0.450409,0.192778,0.707141,-0.707064,0.002451,-0.002403
arm_1_right_finger,199.748000,0.401816,-0.450438,0.192381,0.707140,-0.707064,0.002583,-0.002534
arm_1_right_finger,199.759000,0.401810,-0.450468,0.191964,0.707140,-0.707065,0.002472,-0.002423
arm_1_right_finger,199.769000,0.401850,-0.450495,0.191589,0.707139,-0.707064,0.002722,-0.002673
arm_1_right_finger,199.779000,0.401885,-0.450523,0.191205,0.707138,-0.707064,0.002986,-0.002936
arm_1_right_finger,199.789000,0.401877,-0.450551,0.190798,0.707138,-0.707064,0.002910,-0.002860
arm_1_right_finger,199.799000,0.401870,-0.450579,0.190383,0.707137,-0.707065,0.002837,-0.002786
arm_1_right_finger,199.809000,0.401903,-0.450608,0.189972,0.707137,-0.707065,0.002980,-0.002929
arm_1_right_finger,199.819000,0.401890,-0.450637,0.189538,0.707137,-0.707066,0.002780,-0.002729
arm_1_right_finger,199.828000,0.401882,-0.450663,0.189141,0.707138,-0.707067,0.002524,-0.002472
arm_1_right_finger,199.837000,0.401881,-0.450690,0.188740,0.707138,-0.707068,0.002322,-0.002271
arm_1_right_finger,199.847000,0.401908,-0.450719,0.188293,0.707138,-0.707069,0.002281,-0.002229
arm_1_right_finger,199.857000,0.401914,-0.450749,0.187833,0.707138,-0.707070,0.002132,-0.002079
arm_1_right_finger,199.867000,0.401941,-0.450779,0.187369,0.707137,-0.707070,0.002107,-0.002054
arm_1_right_finger,199.877000,0.401969,-0.450809,0.186898,0.707137,-0.707071,0.002083,-0.002030
arm_1_right_finger,199.887000,0.401997,-0.450840,0.186417,0.707137,-0.707071,0.002061,-0.002008
arm_1_right_finger,199.897000,0.402026,-0.450871,0.185929,0.707136,-0.707071,0.002047,-0.001993
arm_1_right_finger,199.907000,0.402060,-0.450901,0.185433,0.707136,-0.707072,0.002096,-0.002043
arm_1_right_finger,199.916000,0.402049,-0.450929,0.184967,0.707136,-0.707073,0.001920,-0.001866
arm_1_right_finger,199.925000,0.402069,-0.450957,0.184503,0.707135,-0.707073,0.001944,-0.001890
arm_1_right_finger,199.933000,0.402090,-0.450982,0.184087,0.707135,-0.707073,0.001935,-0.001880
arm_1_right_finger,199.940000,0.402111,-0.451003,0.183718,0.707135,-0.707074,0.001934,-0.001880
arm_1_right_finger,199.947000,0.402117,-0.451025,0.183346,0.707135,-0.707074,0.001874,-0.001819
arm_1_right_finger,199.953000,0.402130,-0.451043,0.183022,0.707134,-0.707074,0.001873,-0.001818
arm_1_right_finger,199.960000,0.402138,-0.451065,0.182637,0.707134,-0.707075,0.001800,-0.001744
arm_1_right_finger,199.968000,0.402154,-0.451090,0.182195,0.707134,-0.707075,0.001804,-0.001748
arm_1_right_finger,199.977000,0.402180,-0.451118,0.181692,0.707133,-0.707076,0.001806,-0.001750
arm_1_right_finger,199.986000,0.402191,-0.451146,0.181178,0.707133,-0.707076,0.001738,-0.001682
arm_1_right_finger,199.995000,0.402214,-0.451174,0.180661,0.707133,-0.707077,0.001739,-0.001682
arm_1_right_finger,200.004000,0.402239,-0.451201,0.180139,0.707132,-0.707077,0.001735,-0.001677
arm_1_right_finger,200.013000,0.402273,-0.451229,0.179615,0.707132,-0.707077,0.001809,-0.001751
arm_1_right_finger,200.023000,0.402315,-0.451259,0.179031,0.707131,-0.707077,0.002009,-0.001951
arm_1_right_finger,200.033000,0.402359,-0.451290,0.178429,0.707129,-0.707077,0.002289,-0.002230
arm_1_right_finger,200.043000,0.402402,-0.451320,0.177819,0.707128,-0.707076,0.002615,-0.002556
arm_1_right_finger,200.053000,0.402402,-0.451350,0.177187,0.707127,-0.707077,0.002669,-0.002609
arm_1_right_finger,200.062000,0.402426,-0.451377,0.176618,0.707126,-0.707077,0.002796,-0.002735
arm_1_right_finger,200.072000,0.402464,-0.451406,0.175982,0.707125,-0.707077,0.002982,-0.002920
arm_1_right_finger,200.080000,0.402448,-0.451430,0.175453,0.707125,-0.707078,0.002835,-0.002773
arm_1_right_finger,200.088000,0.402462,-0.451453,0.174929,0.707124,-0.707078,0.002807,-0.002745
arm_1_right_finger,200.098000,0.402454,-0.451482,0.174256,0.707125,-0.707080,0.002539,-0.002476
arm_1_right_finger,200.107000,0.402451,-0.451507,0.173646,0.707125,-0.707081,0.002313,-0.002250
arm_1_right_finger,200.117000,0.402475,-0.451535,0.172969,0.707125,-0.707082,0.002255,-0.002191
arm_1_right_finger,200.127000,0.402479,-0.451563,0.172277,0.707124,-0.707083,0.002090,-0.002026
arm_1_right_finger,200.137000,0.402488,-0.451589,0.171578,0.707124,-0.707084,0.001980,-0.001915
arm_1_right_finger,200.146000,0.402518,-0.451613,0.170948,0.707123,-0.707084,0.002099,-0.002034
arm_1_right_finger,200.155000,0.402543,-0.451637,0.170311,0.707122,-0.707084,0.002218,-0.002152
arm_1_right_finger,200.162000,0.402554,-0.451655,0.169808,0.707122,-0.707085,0.002205,-0.002139
arm_1_right_finger,200.171000,0.402571,-0.451678,0.169156,0.707122,-0.707085,0.002156,-0.002090
arm_1_right_finger,200.179000,0.402569,-0.451697,0.168566,0.707122,-0.707086,0.002012,-0.001946
arm_1_right_finger,200.188000,0.402574,-0.451719,0.167897,0.707121,-0.707087,0.001914,-0.001847
arm_1_right_finger,200.198000,0.402591,-0.451743,0.167150,0.707121,-0.707088,0.001913,-0.001845
arm_1_right_finger,200.208000,0.402600,-0.451765,0.166392,0.707120,-0.707089,0.001843,-0.001775
arm_1_right_finger,200.217000,0.402627,-0.451786,0.165709,0.707119,-0.707089,0.001981,-0.001912
arm_1_right_finger,200.226000,0.402638,-0.451805,0.165014,0.707119,-0.707090,0.001982,-0.001913
arm_1_right_finger,200.236000,0.402655,-0.451826,0.164236,0.707118,-0.707090,0.001953,-0.001883
arm_1_right_finger,200.244000,0.402651,-0.451842,0.163602,0.707118,-0.707091,0.001844,-0.001774
arm_1_right_finger,200.254000,0.402668,-0.451861,0.162809,0.707117,-0.707092,0.001827,-0.001756
arm_1_right_finger,200.262000,0.402676,-0.451876,0.162168,0.707116,-0.707092,0.001841,-0.001770
arm_1_right_finger,200.272000,0.402685,-0.451894,0.161357,0.707116,-0.707093,0.001831,-0.001759
arm_1_right_finger,200.282000,0.402700,-0.451911,0.160540,0.707115,-0.707094,0.001812,-0.001739
arm_1_right_finger,200.293000,0.402716,-0.451928,0.159633,0.707115,-0.707095,0.001791,-0.001717
arm_1_right_finger,200.303000,0.402714,-0.451943,0.158793,0.707114,-0.707096,0.001720,-0.001646
arm_1_right_finger,200.312000,0.402725,-0.451956,0.158035,0.707113,-0.707096,0.001710,-0.001635
arm_1_right_finger,200.318000,0.402735,-0.451963,0.157526,0.707113,-0.707097,0.001722,-0.001646
arm_1_right_finger,200.328000,0.402757,-0.451976,0.156673,0.707112,-0.707097,0.001828,-0.001752
arm_1_right_finger,200.338000,0.402781,-0.451987,0.155813,0.707111,-0.707097,0.002023,-0.001946
arm_1_right_finger,200.349000,0.402807,-0.451998,0.154859,0.707109,-0.707097,0.002308,-0.002230
arm_1_right_finger,200.359000,0.402828,-0.452006,0.153984,0.707107,-0.707097,0.002593,-0.002515
arm_1_right_finger,200.370000,0.402849,-0.452014,0.153017,0.707105,-0.707097,0.002914,-0.002835
arm_1_right_finger,200.379000,0.402865,-0.452020,0.152224,0.707104,-0.707096,0.003173,-0.003093
arm_1_right_finger,200.389000,0.402878,-0.452024,0.151340,0.707102,-0.707096,0.003431,-0.003350
arm_1_right_finger,200.399000,0.402890,-0.452028,0.150457,0.707100,-0.707095,0.003683,-0.003601
arm_1_right_finger,200.409000,0.402899,-0.452030,0.149575,0.707098,-0.707095,0.003902,-0.003820
arm_1_right_finger,200.420000,0.402907,-0.452031,0.148609,0.707096,-0.707094,0.004132,-0.004049
arm_1_right_finger,200.430000,0.402851,-0.452030,0.147715,0.707096,-0.707096,0.003898,-0.003814
arm_1_right_finger,200.440000,0.402850,-0.452028,0.146842,0.707095,-0.707097,0.003915,-0.003830
arm_1_right_finger,200.451000,0.402808,-0.452025,0.145876,0.707096,-0.707099,0.003650,-0.003564
arm_1_right_finger,200.461000,0.402817,-0.452020,0.145019,0.707094,-0.707099,0.003786,-0.003700
arm_1_right_finger,200.471000,0.402825,-0.452014,0.144168,0.707093,-0.707099,0.003975,-0.003888
arm_1_right_finger,200.480000,0.402832,-0.452008,0.143407,0.707091,-0.707099,0.004169,-0.004082
arm_1_right_finger,200.487000,0.402836,-0.452003,0.142819,0.707090,-0.707098,0.004329,-0.004241
arm_1_right_finger,200.496000,0.402832,-0.451995,0.142066,0.707088,-0.707098,0.004470,-0.004382
arm_1_right_finger,200.504000,0.402827,-0.451987,0.141401,0.707087,-0.707098,0.004523,-0.004434
arm_1_right_finger,200.513000,0.402824,-0.451978,0.140659,0.707086,-0.707098,0.004600,-0.004510
arm_1_right_finger,200.523000,0.402819,-0.451967,0.139842,0.707085,-0.707098,0.004682,-0.004592
arm_1_right_finger,200.533000,0.402690,-0.451955,0.138996,0.707089,-0.707105,0.003765,-0.003673
arm_1_right_finger,200.543000,0.402687,-0.451941,0.138195,0.707089,-0.707106,0.003722,-0.003629
arm_1_right_finger,200.554000,0.402685,-0.451925,0.137325,0.707088,-0.707106,0.003772,-0.003679
arm_1_right_finger,200.565000,0.402684,-0.451908,0.136465,0.707086,-0.707106,0.003901,-0.003807
arm_1_right_finger,200.576000,0.402684,-0.451890,0.135616,0.707085,-0.707106,0.004089,-0.003995
arm_1_right_finger,200.587000,0.402621,-0.451872,0.134758,0.707086,-0.707108,0.003792,-0.003697
arm_1_right_finger,200.598000,0.402616,-0.451852,0.133927,0.707084,-0.707108,0.003902,-0.003806
arm_1_right_finger,200.609000,0.402612,-0.451831,0.133108,0.707083,-0.707108,0.004064,-0.003968
arm_1_right_finger,200.620000,0.402609,-0.451809,0.132298,0.707081,-0.707108,0.004267,-0.004170
arm_1_right_finger,200.631000,0.402606,-0.451787,0.131500,0.707079,-0.707107,0.004503,-0.004406
arm_1_right_finger,200.640000,0.402479,-0.451768,0.130817,0.707082,-0.707112,0.003767,-0.003669
arm_1_right_finger,200.651000,0.402466,-0.451744,0.130035,0.707082,-0.707113,0.003710,-0.003611
arm_1_right_finger,200.662000,0.402454,-0.451719,0.129263,0.707081,-0.707113,0.003718,-0.003618
arm_1_right_finger,200.672000,0.402444,-0.451696,0.128571,0.707080,-0.707114,0.003770,-0.003670
arm_1_right_finger,200.681000,0.402436,-0.451675,0.127956,0.707079,-0.707114,0.003851,-0.003751
arm_1_right_finger,200.690000,0.402428,-0.451654,0.127347,0.707078,-0.707114,0.003959,-0.003858
arm_1_right_finger,200.699000,0.402421,-0.451632,0.126747,0.707077,-0.707113,0.004092,-0.003991
arm_1_right_finger,200.708000,0.402414,-0.451610,0.126153,0.707076,-0.707113,0.004248,-0.004146
arm_1_right_finger,200.718000,0.402341,-0.451585,0.125482,0.707077,-0.707116,0.003878,-0.003775
arm_1_right_finger,200.728000,0.402330,-0.451560,0.124838,0.707076,-0.707116,0.003944,-0.003841
arm_1_right_finger,200.738000,0.402320,-0.451534,0.124203,0.707075,-0.707116,0.004049,-0.003946
arm_1_right_finger,200.749000,0.402309,-0.451505,0.123515,0.707074,-0.707115,0.004203,-0.004099
arm_1_right_finger,200.760000,0.402299,-0.451476,0.122837,0.707072,-0.707115,0.004392,-0.004287
arm_1_right_finger,200.771000,0.402290,-0.451446,0.122171,0.707070,-0.707114,0.004611,-0.004506
arm_1_right_finger,200.782000,0.402281,-0.451417,0.121515,0.707068,-0.707113,0.004858,-0.004753
arm_1_right_finger,200.793000,0.402273,-0.451387,0.120870,0.707065,-0.707112,0.005129,-0.005023
arm_1_right_finger,200.804000,0.402159,-0.451357,0.120202,0.707068,-0.707115,0.004702,-0.004596
arm_1_right_finger,200.815000,0.402147,-0.451326,0.119576,0.707064,-0.707112,0.005197,-0.005091
arm_1_right_finger,200.826000,0.402139,-0.451296,0.118962,0.707061,-0.707110,0.005572,-0.005465
arm_1_right_finger,200.837000,0.402136,-0.451265,0.118359,0.707057,-0.707107,0.005945,-0.005837
arm_1_right_finger,200.848000,0.402121,-0.451234,0.117764,0.707055,-0.707106,0.006192,-0.006084
arm_1_right_finger,200.859000,0.402102,-0.451203,0.117177,0.707053,-0.707106,0.006278,-0.006170
arm_1_right_finger,200.869000,0.402085,-0.451175,0.116654,0.707053,-0.707106,0.006305,-0.006196
arm_1_right_finger,200.879000,0.402071,-0.451147,0.116139,0.707052,-0.707106,0.006322,-0.006212
arm_1_right_finger,200.890000,0.402055,-0.451117,0.115583,0.707051,-0.707106,0.006336,-0.006226
arm_1_right_finger,200.901000,0.401989,-0.451086,0.115021,0.707054,-0.707110,0.005992,-0.005882
arm_1_right_finger,200.911000,0.401976,-0.451058,0.114534,0.707053,-0.707110,0.005991,-0.005880
arm_1_right_finger,200.922000,0.401960,-0.451027,0.114008,0.707053,-0.707111,0.005999,-0.005888
arm_1_right_finger,200.933000,0.401945,-0.450997,0.113492,0.707052,-0.707111,0.006009,-0.005898
arm_1_right_finger,200.944000,0.401930,-0.450966,0.112987,0.707052,-0.707111,0.006021,-0.005908
arm_1_right_finger,200.955000,0.401864,-0.450936,0.112476,0.707054,-0.707115,0.005671,-0.005558
arm_1_right_finger,200.966000,0.401803,-0.450906,0.111977,0.707056,-0.707118,0.005330,-0.005217
arm_1_right_finger,200.977000,0.401789,-0.450877,0.111502,0.707056,-0.707118,0.005334,-0.005221
arm_1_right_finger,200.988000,0.401775,-0.450847,0.111038,0.707055,-0.707119,0.005343,-0.005229
arm_1_right_finger,200.999000,0.401712,-0.450818,0.110569,0.707057,-0.707121,0.005020,-0.004906
arm_1_right_finger,201.010000,0.401700,-0.450789,0.110125,0.707057,-0.707122,0.005026,-0.004912
arm_1_right_finger,201.021000,0.401687,-0.450761,0.109692,0.707056,-0.707122,0.005035,-0.004920
arm_1_right_finger,201.032000,0.401625,-0.450733,0.109253,0.707058,-0.707125,0.004680,-0.004566
arm_1_right_finger,201.043000,0.401613,-0.450705,0.108841,0.707058,-0.707125,0.004678,-0.004563
arm_1_right_finger,201.054000,0.401601,-0.450678,0.108438,0.707058,-0.707126,0.004690,-0.004575
arm_1_right_finger,201.065000,0.401589,-0.450651,0.108046,0.707057,-0.707126,0.004699,-0.004583
arm_1_right_finger,201.075000,0.401578,-0.450627,0.107697,0.707057,-0.707126,0.004707,-0.004591
arm_1_right_finger,201.085000,0.401521,-0.450603,0.107344,0.707059,-0.707128,0.004388,-0.004272
arm_1_right_finger,201.094000,0.401513,-0.450582,0.107045,0.707058,-0.707129,0.004393,-0.004276
arm_1_right_finger,201.104000,0.401460,-0.450559,0.106709,0.707060,-0.707131,0.004104,-0.003988
arm_1_right_finger,201.115000,0.401446,-0.450534,0.106361,0.707060,-0.707131,0.004058,-0.003941
arm_1_right_finger,201.125000,0.401315,-0.450512,0.106018,0.707063,-0.707135,0.003333,-0.003217
arm_1_right_finger,201.135000,0.401309,-0.450490,0.105722,0.707062,-0.707135,0.003517,-0.003400
arm_1_right_finger,201.144000,0.401267,-0.450471,0.105451,0.707062,-0.707136,0.003395,-0.003278
arm_1_right_finger,201.154000,0.401225,-0.450450,0.105159,0.707063,-0.707137,0.003219,-0.003103
arm_1_right_finger,201.164000,0.401217,-0.450430,0.104886,0.707062,-0.707137,0.003240,-0.003122
arm_1_right_finger,201.174000,0.401209,-0.450410,0.104621,0.707062,-0.707137,0.003252,-0.003134
arm_1_right_finger,201.184000,0.401202,-0.450391,0.104365,0.707062,-0.707137,0.003260,-0.003142
arm_1_right_finger,201.195000,0.401195,-0.450370,0.104093,0.707062,-0.707137,0.003267,-0.003148
arm_1_right_finger,201.206000,0.401158,-0.450350,0.103822,0.707062,-0.707138,0.003072,-0.002954
arm_1_right_finger,201.217000,0.401152,-0.450331,0.103570,0.707062,-0.707139,0.003079,-0.002961
arm_1_right_finger,201.227000,0.401119,-0.450314,0.103341,0.707063,-0.707140,0.002905,-0.002786
arm_1_right_finger,201.238000,0.401114,-0.450296,0.103109,0.707062,-0.707140,0.002915,-0.002796
arm_1_right_finger,201.249000,0.401110,-0.450279,0.102887,0.707062,-0.707140,0.002922,-0.002803
arm_1_right_finger,201.259000,0.401106,-0.450264,0.102694,0.707062,-0.707140,0.002927,-0.002808
arm_1_right_finger,201.270000,0.401103,-0.450248,0.102491,0.707062,-0.707140,0.002933,-0.002814
arm_1_right_finger,201.281000,0.401101,-0.450232,0.102298,0.707062,-0.707140,0.002940,-0.002820
arm_1_right_finger,201.291000,0.401048,-0.450219,0.102116,0.707063,-0.707142,0.002610,-0.002491
arm_1_right_finger,201.302000,0.401047,-0.450205,0.101943,0.707062,-0.707142,0.002666,-0.002546
arm_1_right_finger,201.311000,0.401023,-0.450194,0.101802,0.707063,-0.707142,0.002542,-0.002422
arm_1_right_finger,201.321000,0.401022,-0.450183,0.101660,0.707062,-0.707142,0.002595,-0.002475
arm_1_right_finger,201.331000,0.401022,-0.450172,0.101528,0.707062,-0.707142,0.002627,-0.002507
arm_1_right_finger,201.341000,0.401022,-0.450162,0.101403,0.707062,-0.707142,0.002643,-0.002523
arm_1_right_finger,201.351000,0.401023,-0.450153,0.101287,0.707062,-0.707142,0.002655,-0.002534
arm_1_right_finger,201.361000,0.401002,-0.450144,0.101172,0.707062,-0.707143,0.002515,-0.002395
arm_1_right_finger,201.371000,0.401004,-0.450136,0.101073,0.707062,-0.707143,0.002553,-0.002432
arm_1_right_finger,201.380000,0.400984,-0.450129,0.100984,0.707062,-0.707143,0.002432,-0.002312
arm_1_right_finger,201.390000,0.400968,-0.450122,0.100894,0.707062,-0.707144,0.002369,-0.002249
arm_1_right_finger,201.400000,0.400972,-0.450115,0.100820,0.707062,-0.707143,0.002448,-0.002327
arm_1_right_finger,201.411000,0.400977,-0.450109,0.100746,0.707062,-0.707143,0.002502,-0.002381
arm_1_right_finger,201.422000,0.400982,-0.450104,0.100684,0.707062,-0.707143,0.002529,-0.002408
arm_1_right_finger,201.433000,0.400987,-0.450100,0.100631,0.707062,-0.707143,0.002544,-0.002423
arm_1_right_finger,201.444000,0.400994,-0.450096,0.100587,0.707062,-0.707143,0.002551,-0.002429
arm_1_right_finger,201.454000,0.401000,-0.450093,0.100553,0.707062,-0.707143,0.002554,-0.002433
arm_1_right_finger,201.465000,0.401008,-0.450090,0.100523,0.707061,-0.707143,0.002569,-0.002447
arm_1_right_finger,201.476000,0.401018,-0.450088,0.100498,0.707061,-0.707143,0.002605,-0.002484
arm_1_right_finger,201.487000,0.401002,-0.450086,0.100470,0.707062,-0.707144,0.002457,-0.002335
arm_1_right_finger,201.497000,0.401011,-0.450084,0.100455,0.707062,-0.707144,0.002477,-0.002356
arm_1_right_finger,201.507000,0.401009,-0.450083,0.100439,0.707062,-0.707144,0.002403,-0.002281
arm_1_right_finger,201.517000,0.400979,-0.450082,0.100417,0.707064,-0.707146,0.001832,-0.001711
arm_1_right_finger,201.527000,0.400951,-0.450081,0.100397,0.707065,-0.707147,0.000873,-0.000753
arm_1_right_finger,201.539000,0.401059,-0.450080,0.100419,0.707066,-0.707148,0.000213,-0.000093
arm_1_right_finger,201.554000,0.401396,-0.450079,0.100511,0.707066,-0.707148,0.000113,0.000007
arm_1_right_finger,201.571000,0.401893,-0.450078,0.100659,0.707066,-0.707148,0.000105,0.000016
arm_1_right_finger,201.588000,0.402471,-0.450078,0.100842,0.707066,-0.707148,0.000104,0.000017
arm_1_right_finger,201.606000,0.403150,-0.450077,0.101069,0.707066,-0.707148,0.000104,0.000017
arm_1_right_finger,201.623000,0.403837,-0.450077,0.101309,0.707066,-0.707148,0.000105,0.000017
arm_1_right_finger,201.640000,0.404556,-0.450077,0.101574,0.707066,-0.707148,0.000105,0.000017
arm_1_right_finger,201.658000,0.405342,-0.450077,0.101878,0.707066,-0.707148,0.000105,0.000017
arm_1_right_finger,201.675000,0.406102,-0.450077,0.102185,0.707066,-0.707148,0.000105,0.000017
arm_1_right_finger,201.692000,0.406871,-0.450077,0.102510,0.707066,-0.707148,0.000105,0.000017
arm_1_right_finger,201.710000,0.407694,-0.450077,0.102873,0.707066,-0.707148,0.000105,0.000017
arm_1_right_finger,201.728000,0.408520,-0.450077,0.103255,0.707066,-0.707148,0.000105,0.000017
arm_1_right_finger,201.746000,0.409347,-0.450077,0.103654,0.707066,-0.707148,0.000105,0.000017
arm_1_right_finger,201.763000,0.410126,-0.450077,0.104046,0.707066,-0.707148,0.000105,0.000017
arm_1_right_finger,201.766000,0.410263,-0.450077,0.104117,0.707066,-0.707148,0.000105,0.000017
arm_1_right_finger,201.769000,0.410401,-0.450077,0.104188,0.707066,-0.707148,0.000105,0.000017
arm_1_right_finger,201.773000,0.410584,-0.450077,0.104284,0.707066,-0.707148,0.000105,0.000017
arm_1_right_finger,201.777000,0.410766,-0.450077,0.104380,0.707066,-0.707148,0.000105,0.000017
arm_1_right_finger,201.789000,0.411313,-0.450077,0.104674,0.707066,-0.707148,0.000105,0.000017
arm_1_right_finger,201.805000,0.412038,-0.450077,0.105076,0.707066,-0.707148,0.000105,0.000017
arm_1_right_finger,201.822000,0.412804,-0.450077,0.105516,0.707066,-0.707148,0.000105,0.000017
arm_1_right_finger,201.839000,0.413564,-0.450077,0.105970,0.707066,-0.707148,0.000105,0.000017
arm_1_right_finger,201.856000,0.414318,-0.450077,0.106436,0.707066,-0.707148,0.000105,0.000017
arm_1_right_finger,201.873000,0.415065,-0.450077,0.106916,0.707066,-0.707148,0.000105,0.000017
arm_1_right_finger,201.890000,0.415805,-0.450077,0.107407,0.707066,-0.707148,0.000105,0.000017
arm_1_right_finger,201.908000,0.416580,-0.450077,0.107941,0.707066,-0.707148,0.000105,0.000017
arm_1_right_finger,201.923000,0.417219,-0.450076,0.108396,0.707066,-0.707148,0.000105,0.000017
arm_1_right_finger,201.939000,0.417890,-0.450076,0.108889,0.707066,-0.707148,0.000105,0.000017
arm_1_right_finger,201.955000,0.418470,-0.450076,0.109328,0.707066,-0.707148,0.000105,0.000017
arm_1_right_finger,201.971000,0.418923,-0.450076,0.109679,0.707066,-0.707148,0.000105,0.000017
arm_1_right_finger,201.988000,0.419291,-0.450076,0.109970,0.707066,-0.707148,0.000105,0.000017
arm_1_right_finger,202.005000,0.419571,-0.450076,0.110195,0.707066,-0.707148,0.000105,0.000017
arm_1_right_finger,202.021000,0.419773,-0.450076,0.110358,0.707066,-0.707148,0.000105,0.000017
arm_1_right_finger,202.036000,0.419920,-0.450076,0.110479,0.707066,-0.707148,0.000105,0.000017
arm_1_right_finger,202.049000,0.420022,-0.450076,0.110563,0.707066,-0.707148,0.000105,0.000017
arm_1_right_finger,202.064000,0.420116,-0.450076,0.110641,0.707066,-0.707148,0.000105,0.000017
arm_1_right_finger,202.081000,0.420199,-0.450076,0.110710,0.707066,-0.707148,0.000105,0.000017
arm_1_right_finger,202.097000,0.420258,-0.450076,0.110760,0.707066,-0.707148,0.000105,0.000017
arm_1_right_finger,202.112000,0.420302,-0.450076,0.110797,0.707066,-0.707148,0.000105,0.000017
arm_1_right_finger,202.129000,0.420341,-0.450077,0.110833,0.707066,-0.707148,0.000105,0.000017
arm_1_right_finger,202.147000,0.420373,-0.450078,0.110873,0.707066,-0.707148,0.000105,0.000017
arm_1_right_finger,202.164000,0.420397,-0.450081,0.110917,0.707066,-0.707148,0.000105,0.000017
arm_1_right_finger,202.181000,0.420417,-0.450085,0.110971,0.707066,-0.707148,0.000105,0.000017
arm_1_right_finger,202.198000,0.420435,-0.450091,0.111040,0.707066,-0.707148,0.000105,0.000017
arm_1_right_finger,202.215000,0.420451,-0.450099,0.111123,0.707066,-0.707148,0.000105,0.000017
arm_1_right_finger,202.232000,0.420466,-0.450109,0.111226,0.707066,-0.707148,0.000105,0.000017
arm_1_right_finger,202.249000,0.420481,-0.450120,0.111347,0.707066,-0.707148,0.000105,0.000017
arm_1_right_finger,202.266000,0.420496,-0.450134,0.111488,0.707066,-0.707148,0.000105,0.000017
arm_1_right_finger,202.282000,0.420511,-0.450150,0.111641,0.707065,-0.707148,0.000105,0.000017
arm_1_right_finger,202.298000,0.420527,-0.450167,0.111813,0.707065,-0.707148,0.000104,0.000017
arm_1_right_finger,202.314000,0.420543,-0.450186,0.112004,0.707065,-0.707148,0.000104,0.000017
arm_1_right_finger,202.329000,0.420560,-0.450206,0.112202,0.707065,-0.707148,0.000104,0.000017
arm_1_right_finger,202.345000,0.420579,-0.450229,0.112432,0.707065,-0.707148,0.000104,0.000017
arm_1_right_finger,202.361000,0.420599,-0.450254,0.112683,0.707065,-0.707148,0.000104,0.000017
arm_1_right_finger,202.377000,0.420621,-0.450281,0.112954,0.707065,-0.707148,0.000104,0.000017
arm_1_right_finger,202.393000,0.420644,-0.450310,0.113246,0.707065,-0.707148,0.000104,0.000017
arm_1_right_finger,202.408000,0.420666,-0.450339,0.113539,0.707065,-0.707148,0.000103,0.000017
arm_1_right_finger,202.424000,0.420692,-0.450371,0.113872,0.707065,-0.707148,0.000103,0.000017
arm_1_right_finger,202.441000,0.420719,-0.450408,0.114246,0.707065,-0.707148,0.000103,0.000017
arm_1_right_finger,202.458000,0.420749,-0.450446,0.114646,0.707065,-0.707148,0.000103,0.000017
arm_1_right_finger,202.475000,0.420781,-0.450487,0.115070,0.707065,-0.707148,0.000103,0.000017
arm_1_right_finger,202.491000,0.420812,-0.450527,0.115491,0.707065,-0.707148,0.000102,0.000016
arm_1_right_finger,202.508000,0.420846,-0.450571,0.115961,0.707065,-0.707148,0.000102,0.000016
arm_1_right_finger,202.525000,0.420881,-0.450617,0.116453,0.707065,-0.707148,0.000102,0.000016
arm_1_right_finger,202.542000,0.420919,-0.450665,0.116972,0.707065,-0.707148,0.000101,0.000016
arm_1_right_finger,202.558000,0.420955,-0.450712,0.117481,0.707065,-0.707148,0.000101,0.000016
arm_1_right_finger,202.571000,0.420985,-0.450751,0.117910,0.707065,-0.707148,0.000101,0.000016
arm_1_right_finger,202.587000,0.421023,-0.450801,0.118457,0.707065,-0.707148,0.000101,0.000016
arm_1_right_finger,202.603000,0.421062,-0.450851,0.119026,0.707065,-0.707148,0.000100,0.000016
arm_1_right_finger,202.619000,0.421103,-0.450903,0.119617,0.707065,-0.707148,0.000100,0.000016
arm_1_right_finger,202.635000,0.421143,-0.450956,0.120228,0.707065,-0.707148,0.000100,0.000016
arm_1_right_finger,202.651000,0.421185,-0.451011,0.120861,0.707065,-0.707148,0.000099,0.000016
arm_1_right_finger,202.668000,0.421231,-0.451070,0.121557,0.707065,-0.707148,0.000099,0.000016
arm_1_right_finger,202.685000,0.421278,-0.451130,0.122277,0.707065,-0.707148,0.000098,0.000016
arm_1_right_finger,202.702000,0.421324,-0.451191,0.123021,0.707065,-0.707148,0.000098,0.000016
arm_1_right_finger,202.719000,0.421373,-0.451253,0.123790,0.707065,-0.707148,0.000098,0.000016
arm_1_right_finger,202.735000,0.421420,-0.451313,0.124536,0.707065,-0.707148,0.000097,0.000016
arm_1_right_finger,202.752000,0.421467,-0.451377,0.125350,0.707065,-0.707148,0.000097,0.000016
arm_1_right_finger,202.769000,0.421518,-0.451441,0.126190,0.707065,-0.707148,0.000096,0.000016
arm_1_right_finger,202.786000,0.421569,-0.451506,0.127055,0.707065,-0.707148,0.000096,0.000016
arm_1_right_finger,202.803000,0.421618,-0.451572,0.127943,0.707065,-0.707148,0.000095,0.000016
arm_1_right_finger,202.820000,0.421670,-0.451638,0.128857,0.707065,-0.707148,0.000095,0.000016
arm_1_right_finger,202.837000,0.421721,-0.451704,0.129794,0.707065,-0.707148,0.000094,0.000015
arm_1_right_finger,202.854000,0.421772,-0.451771,0.130755,0.707065,-0.707149,0.000094,0.000015
arm_1_right_finger,202.871000,0.421824,-0.451837,0.131743,0.707065,-0.707149,0.000093,0.000015
arm_1_right_finger,202.887000,0.421871,-0.451900,0.132693,0.707065,-0.707149,0.000093,0.000015
arm_1_right_finger,202.903000,0.421919,-0.451962,0.133665,0.707065,-0.707149,0.000092,0.000015
arm_1_right_finger,202.918000,0.421965,-0.452020,0.134597,0.707065,-0.707149,0.000092,0.000015
arm_1_right_finger,202.934000,0.422011,-0.452082,0.135612,0.707065,-0.707149,0.000091,0.000015
arm_1_right_finger,202.949000,0.422056,-0.452139,0.136583,0.707065,-0.707149,0.000090,0.000015
arm_1_right_finger,202.964000,0.422100,-0.452196,0.137574,0.707065,-0.707149,0.000090,0.000015
arm_1_right_finger,202.980000,0.422145,-0.452255,0.138651,0.707065,-0.707149,0.000089,0.000015
arm_1_right_finger,202.996000,0.422191,-0.452314,0.139751,0.707065,-0.707149,0.000089,0.000015
arm_1_right_finger,203.013000,0.422239,-0.452376,0.140944,0.707065,-0.707149,0.000088,0.000015
arm_1_right_finger,203.029000,0.422282,-0.452433,0.142088,0.707065,-0.707149,0.000087,0.000015
arm_1_right_finger,203.045000,0.422325,-0.452489,0.143255,0.707065,-0.707149,0.000087,0.000015
arm_1_right_finger,203.062000,0.422369,-0.452546,0.144518,0.707065,-0.707149,0.000086,0.000014
arm_1_right_finger,203.078000,0.422410,-0.452599,0.145731,0.707065,-0.707149,0.000085,0.000014
arm_1_right_finger,203.095000,0.422452,-0.452653,0.147044,0.707065,-0.707149,0.000085,0.000014
arm_1_right_finger,203.113000,0.422494,-0.452709,0.148460,0.707065,-0.707149,0.000084,0.000014
arm_1_right_finger,203.122000,0.422515,-0.452735,0.149179,0.707065,-0.707149,0.000083,0.000014
arm_1_right_finger,203.128000,0.422528,-0.452753,0.149660,0.707065,-0.707149,0.000083,0.000014
arm_1_right_finger,203.140000,0.422553,-0.452787,0.150629,0.707065,-0.707149,0.000083,0.000014
arm_1_right_finger,203.153000,0.422580,-0.452822,0.151702,0.707065,-0.707149,0.000082,0.000014
arm_1_right_finger,203.168000,0.422611,-0.452862,0.152957,0.707065,-0.707149,0.000081,0.000014
arm_1_right_finger,203.183000,0.422639,-0.452899,0.154232,0.707064,-0.707149,0.000081,0.000014
arm_1_right_finger,203.199000,0.422668,-0.452936,0.155613,0.707064,-0.707149,0.000080,0.000014
arm_1_right_finger,203.216000,0.422696,-0.452972,0.157105,0.707064,-0.707149,0.000079,0.000014
arm_1_right_finger,203.233000,0.422720,-0.453005,0.158620,0.707064,-0.707149,0.000078,0.000013
arm_1_right_finger,203.249000,0.422742,-0.453034,0.160069,0.707064,-0.707149,0.000077,0.000013
arm_1_right_finger,203.262000,0.422757,-0.453054,0.161261,0.707064,-0.707149,0.000077,0.000013
arm_1_right_finger,203.278000,0.422774,-0.453076,0.162751,0.707064,-0.707149,0.000076,0.000013
arm_1_right_finger,203.286000,0.422782,-0.453086,0.163505,0.707064,-0.707149,0.000075,0.000013
arm_1_right_finger,203.299000,0.422791,-0.453100,0.164742,0.707064,-0.707149,0.000075,0.000013
arm_1_right_finger,203.314000,0.422801,-0.453113,0.166185,0.707064,-0.707149,0.000074,0.000013
arm_1_right_finger,203.329000,0.422808,-0.453123,0.167638,0.707064,-0.707149,0.000073,0.000013
arm_1_right_finger,203.344000,0.422812,-0.453129,0.169096,0.707064,-0.707149,0.000072,0.000013
arm_1_right_finger,203.360000,0.422813,-0.453131,0.170649,0.707064,-0.707149,0.000071,0.000013
arm_1_right_finger,203.375000,0.422812,-0.453130,0.172101,0.707064,-0.707150,0.000071,0.000013
arm_1_right_finger,203.391000,0.422808,-0.453125,0.173642,0.707064,-0.707150,0.000070,0.000012
arm_1_right_finger,203.407000,0.422799,-0.453115,0.175170,0.707064,-0.707150,0.000069,0.000012
arm_1_right_finger,203.424000,0.422789,-0.453102,0.176779,0.707064,-0.707150,0.000068,0.000012
arm_1_right_finger,203.441000,0.422773,-0.453084,0.178371,0.707064,-0.707150,0.000067,0.000012
arm_1_right_finger,203.458000,0.422756,-0.453062,0.179944,0.707064,-0.707150,0.000066,0.000012
arm_1_right_finger,203.475000,0.422735,-0.453036,0.181496,0.707064,-0.707150,0.000065,0.000012
arm_1_right_finger,203.492000,0.422712,-0.453006,0.183029,0.707064,-0.707150,0.000065,0.000012
arm_1_right_finger,203.509000,0.422686,-0.452974,0.184539,0.707064,-0.707150,0.000064,0.000012
arm_1_right_finger,203.526000,0.422657,-0.452938,0.186027,0.707064,-0.707150,0.000063,0.000012
arm_1_right_finger,203.543000,0.422627,-0.452899,0.187492,0.707064,-0.707150,0.000062,0.000011
arm_1_right_finger,203.561000,0.422591,-0.452854,0.189018,0.707064,-0.707150,0.000061,0.000011
arm_1_right_finger,203.578000,0.422556,-0.452809,0.190436,0.707064,-0.707150,0.000060,0.000011
arm_1_right_finger,203.595000,0.422518,-0.452762,0.191830,0.707064,-0.707150,0.000060,0.000011
arm_1_right_finger,203.612000,0.422479,-0.452712,0.193200,0.707064,-0.707150,0.000059,0.000011
arm_1_right_finger,203.630000,0.422436,-0.452657,0.194625,0.707064,-0.707150,0.000058,0.000011
arm_1_right_finger,203.645000,0.422398,-0.452609,0.195791,0.707063,-0.707150,0.000058,0.000011
arm_1_right_finger,203.660000,0.422360,-0.452560,0.196940,0.707063,-0.707150,0.000057,0.000011
arm_1_right_finger,203.676000,0.422318,-0.452506,0.198143,0.707063,-0.707150,0.000056,0.000011
arm_1_right_finger,203.693000,0.422271,-0.452448,0.199400,0.707063,-0.707150,0.000056,0.000011
arm_1_right_finger,203.710000,0.422225,-0.452387,0.200631,0.707063,-0.707150,0.000055,0.000011
arm_1_right_finger,203.727000,0.422176,-0.452326,0.201838,0.707063,-0.707150,0.000054,0.000010
arm_1_right_finger,203.743000,0.422130,-0.452267,0.202952,0.707063,-0.707150,0.000054,0.000010
arm_1_right_finger,203.759000,0.422084,-0.452207,0.204045,0.707063,-0.707150,0.000053,0.000010
arm_1_right_finger,203.776000,0.422032,-0.452143,0.205182,0.707063,-0.707150,0.000052,0.000010
arm_1_right_finger,203.790000,0.421991,-0.452089,0.206100,0.707063,-0.707150,0.000052,0.000010
arm_1_right_finger,203.807000,0.421940,-0.452024,0.207193,0.707063,-0.707150,0.000051,0.000010
arm_1_right_finger,203.822000,0.421894,-0.451966,0.208137,0.707063,-0.707150,0.000051,0.000010
arm_1_right_finger,203.839000,0.421842,-0.451900,0.209183,0.707063,-0.707150,0.000050,0.000010
arm_1_right_finger,203.855000,0.421793,-0.451837,0.210147,0.707063,-0.707150,0.000050,0.000010
arm_1_right_finger,203.870000,0.421747,-0.451778,0.211029,0.707063,-0.707150,0.000049,0.000010
arm_1_right_finger,203.886000,0.421698,-0.451716,0.211950,0.707063,-0.707150,0.000049,0.000010
arm_1_right_finger,203.899000,0.421658,-0.451665,0.212682,0.707063,-0.707150,0.000048,0.000010
arm_1_right_finger,203.912000,0.421619,-0.451614,0.213400,0.707063,-0.707150,0.000048,0.000010
arm_1_right_finger,203.928000,0.421570,-0.451552,0.214263,0.707063,-0.707150,0.000047,0.000010
arm_1_right_finger,203.944000,0.421521,-0.451490,0.215105,0.707063,-0.707151,0.000047,0.000010
arm_1_right_finger,203.961000,0.421471,-0.451425,0.215976,0.707063,-0.707151,0.000046,0.000010
arm_1_right_finger,203.977000,0.421424,-0.451364,0.216774,0.707063,-0.707151,0.000046,0.000009
arm_1_right_finger,203.994000,0.421373,-0.451300,0.217596,0.707063,-0.707151,0.000046,0.000009
arm_1_right_finger,204.011000,0.421324,-0.451237,0.218395,0.707063,-0.707151,0.000045,0.000009
arm_1_right_finger,204.028000,0.421276,-0.451175,0.219169,0.707063,-0.707151,0.000045,0.000009
arm_1_right_finger,204.045000,0.421228,-0.451114,0.219918,0.707063,-0.707151,0.000044,0.000009
arm_1_right_finger,204.062000,0.421181,-0.451054,0.220642,0.707063,-0.707151,0.000044,0.000009
arm_1_right_finger,204.078000,0.421138,-0.450999,0.221303,0.707063,-0.707151,0.000043,0.000009
arm_1_right_finger,204.094000,0.421096,-0.450945,0.221940,0.707063,-0.707151,0.000043,0.000009
arm_1_right_finger,204.110000,0.421054,-0.450892,0.222556,0.707063,-0.707151,0.000043,0.000009
arm_1_right_finger,204.127000,0.421011,-0.450837,0.223186,0.707063,-0.707151,0.000042,0.000009
arm_1_right_finger,204.144000,0.420969,-0.450783,0.223792,0.707063,-0.707151,0.000042,0.000009
arm_1_right_finger,204.161000,0.420929,-0.450732,0.224374,0.707063,-0.707151,0.000042,0.000009
arm_1_right_finger,204.178000,0.420890,-0.450681,0.224930,0.707063,-0.707151,0.000042,0.000009
arm_1_right_finger,204.195000,0.420851,-0.450633,0.225461,0.707063,-0.707151,0.000041,0.000009
arm_1_right_finger,204.212000,0.420815,-0.450586,0.225969,0.707063,-0.707151,0.000041,0.000009
arm_1_right_finger,204.229000,0.420781,-0.450542,0.226452,0.707063,-0.707151,0.000041,0.000009
arm_1_right_finger,204.246000,0.420748,-0.450499,0.226911,0.707063,-0.707151,0.000040,0.000009
arm_1_right_finger,204.263000,0.420715,-0.450458,0.227342,0.707063,-0.707151,0.000040,0.000009
arm_1_right_finger,204.280000,0.420685,-0.450419,0.227752,0.707063,-0.707151,0.000040,0.000009
arm_1_right_finger,204.297000,0.420656,-0.450382,0.228136,0.707063,-0.707151,0.000040,0.000009
arm_1_right_finger,204.314000,0.420630,-0.450348,0.228495,0.707063,-0.707151,0.000040,0.000009
arm_1_right_finger,204.330000,0.420606,-0.450317,0.228812,0.707063,-0.707151,0.000039,0.000009
arm_1_right_finger,204.347000,0.420582,-0.450287,0.229122,0.707063,-0.707151,0.000044,0.000004
arm_1_right_finger,204.365000,0.420558,-0.450257,0.229425,0.707063,-0.707151,0.000039,0.000008
arm_1_right_finger,204.382000,0.420539,-0.450232,0.229686,0.707063,-0.707151,0.000039,0.000009
arm_1_right_finger,204.399000,0.420521,-0.450208,0.229922,0.707063,-0.707151,0.000039,0.000009
arm_1_right_finger,204.416000,0.420505,-0.450187,0.230134,0.707063,-0.707151,0.000039,0.000009
arm_1_right_finger,204.434000,0.420490,-0.450168,0.230331,0.707063,-0.707151,0.000041,0.000006
arm_1_right_finger,204.452000,0.420477,-0.450151,0.230500,0.707063,-0.707151,0.000067,-0.000020
arm_1_right_finger,204.469000,0.420466,-0.450138,0.230634,0.707063,-0.707151,0.000073,-0.000026
arm_1_right_finger,204.485000,0.420458,-0.450127,0.230738,0.707063,-0.707151,0.000073,-0.000026
arm_1_right_finger,204.502000,0.420451,-0.450118,0.230825,0.707063,-0.707151,0.000060,-0.000014
arm_1_right_finger,204.518000,0.420445,-0.450112,0.230887,0.707063,-0.707151,0.000049,-0.000003
arm_1_right_finger,204.535000,0.420441,-0.450107,0.230939,0.707063,-0.707151,0.000039,0.000008
arm_1_right_finger,204.552000,0.420438,-0.450103,0.230979,0.707063,-0.707151,0.000038,0.000008
arm_1_right_finger,204.569000,0.420436,-0.450100,0.231009,0.707063,-0.707151,0.000038,0.000008
arm_1_right_finger,204.586000,0.420435,-0.450098,0.231032,0.707063,-0.707151,0.000042,0.000005
arm_1_right_finger,204.602000,0.420434,-0.450096,0.231049,0.707063,-0.707151,0.000044,0.000003
arm_1_right_finger,204.619000,0.420432,-0.450095,0.231062,0.707063,-0.707151,0.000072,-0.000025
arm_1_right_finger,204.636000,0.420432,-0.450094,0.231061,0.707063,-0.707151,0.000037,0.000010
arm_1_right_finger,204.653000,0.420440,-0.450092,0.231060,0.707064,-0.707150,0.000071,-0.000012
arm_1_right_finger,204.670000,0.420456,-0.450084,0.231068,0.707066,-0.707148,0.000071,0.000013
arm_1_right_finger,204.687000,0.420486,-0.450071,0.231087,0.707069,-0.707144,0.000114,0.000018
arm_1_right_finger,204.704000,0.420533,-0.450049,0.231121,0.707075,-0.707139,0.000180,0.000026
arm_1_right_finger,204.721000,0.420598,-0.450018,0.231169,0.707083,-0.707131,0.000281,0.000029
arm_1_right_finger,204.738000,0.420681,-0.449978,0.231232,0.707093,-0.707120,0.000385,0.000061
arm_1_right_finger,204.756000,0.420794,-0.449924,0.231319,0.707107,-0.707106,0.000587,0.000041
arm_1_right_finger,204.772000,0.420916,-0.449866,0.231413,0.707122,-0.707091,0.000744,0.000078
arm_1_right_finger,204.789000,0.421067,-0.449793,0.231529,0.707141,-0.707072,0.000940,0.000126
arm_1_right_finger,204.806000,0.421241,-0.449710,0.231664,0.707163,-0.707050,0.001199,0.000147
arm_1_right_finger,204.823000,0.421441,-0.449614,0.231819,0.707187,-0.707025,0.001492,0.000174
arm_1_right_finger,204.840000,0.421664,-0.449507,0.231992,0.707214,-0.706997,0.001827,0.000196
arm_1_right_finger,204.855000,0.421880,-0.449402,0.232160,0.707241,-0.706969,0.002108,0.000264
arm_1_right_finger,204.871000,0.422134,-0.449280,0.232358,0.707272,-0.706937,0.002470,0.000308
arm_1_right_finger,204.888000,0.422425,-0.449138,0.232586,0.707307,-0.706900,0.002912,0.000335
arm_1_right_finger,204.904000,0.422723,-0.448993,0.232819,0.707344,-0.706862,0.003319,0.000404
arm_1_right_finger,204.921000,0.423063,-0.448827,0.233085,0.707385,-0.706818,0.003827,0.000443
arm_1_right_finger,204.937000,0.423405,-0.448661,0.233352,0.707426,-0.706774,0.004297,0.000518
arm_1_right_finger,204.954000,0.423794,-0.448470,0.233657,0.707473,-0.706724,0.004885,0.000554
arm_1_right_finger,204.970000,0.424183,-0.448278,0.233962,0.707519,-0.706673,0.005416,0.000646
arm_1_right_finger,204.986000,0.424593,-0.448076,0.234285,0.707568,-0.706620,0.006002,0.000717
arm_1_right_finger,205.003000,0.425054,-0.447848,0.234648,0.707622,-0.706559,0.006669,0.000787
arm_1_right_finger,205.019000,0.425511,-0.447621,0.235008,0.707676,-0.706498,0.007326,0.000860
arm_1_right_finger,205.034000,0.425956,-0.447398,0.235360,0.707728,-0.706439,0.007971,0.000925
arm_1_right_finger,205.050000,0.426451,-0.447149,0.235752,0.707786,-0.706372,0.008721,0.000969
arm_1_right_finger,205.066000,0.426975,-0.446887,0.236167,0.707847,-0.706302,0.009444,0.001078
arm_1_right_finger,205.083000,0.427552,-0.446595,0.236626,0.707913,-0.706223,0.010305,0.001137
arm_1_right_finger,205.100000,0.428152,-0.446290,0.237103,0.707982,-0.706142,0.011145,0.001255
arm_1_right_finger,205.116000,0.428741,-0.445990,0.237573,0.708049,-0.706060,0.012037,0.001300
arm_1_right_finger,205.133000,0.429391,-0.445657,0.238093,0.708122,-0.705970,0.012967,0.001403
arm_1_right_finger,205.150000,0.430059,-0.445312,0.238628,0.708196,-0.705877,0.013916,0.001516
arm_1_right_finger,205.167000,0.430759,-0.444950,0.239191,0.708274,-0.705778,0.014935,0.001607
arm_1_right_finger,205.184000,0.431478,-0.444574,0.239770,0.708353,-0.705674,0.016025,0.001661
arm_1_right_finger,205.200000,0.432182,-0.444205,0.240338,0.708430,-0.705574,0.017036,0.001763
arm_1_right_finger,205.217000,0.432951,-0.443800,0.240961,0.708512,-0.705463,0.018134,0.001883
arm_1_right_finger,205.234000,0.433737,-0.443382,0.241599,0.708596,-0.705348,0.019272,0.001989
arm_1_right_finger,205.252000,0.434601,-0.442919,0.242303,0.708688,-0.705218,0.020603,0.002027
arm_1_right_finger,205.269000,0.435446,-0.442466,0.242993,0.708776,-0.705094,0.021793,0.002165
arm_1_right_finger,205.286000,0.436312,-0.441997,0.243703,0.708865,-0.704962,0.023088,0.002235
arm_1_right_finger,205.302000,0.437147,-0.441541,0.244389,0.708950,-0.704836,0.024299,0.002339
arm_1_right_finger,205.318000,0.438003,-0.441071,0.245095,0.709037,-0.704703,0.025591,0.002394
arm_1_right_finger,205.335000,0.438936,-0.440555,0.245867,0.709130,-0.704559,0.026933,0.002517
arm_1_right_finger,205.352000,0.439890,-0.440023,0.246659,0.709223,-0.704409,0.028355,0.002593
arm_1_right_finger,205.368000,0.440811,-0.439506,0.247426,0.709313,-0.704261,0.029737,0.002652
arm_1_right_finger,205.385000,0.441810,-0.438941,0.248261,0.709408,-0.704100,0.031235,0.002718
arm_1_right_finger,205.402000,0.442828,-0.438358,0.249115,0.709504,-0.703933,0.032778,0.002772
arm_1_right_finger,205.419000,0.443877,-0.437757,0.250000,0.709601,-0.703762,0.034313,0.002868
arm_1_right_finger,205.435000,0.444876,-0.437175,0.250844,0.709693,-0.703593,0.035839,0.002905
arm_1_right_finger,205.452000,0.445967,-0.436539,0.251771,0.709790,-0.703411,0.037450,0.002987
arm_1_right_finger,205.469000,0.447078,-0.435884,0.252719,0.709887,-0.703222,0.039109,0.003053
arm_1_right_finger,205.486000,0.448201,-0.435215,0.253680,0.709985,-0.703026,0.040819,0.003088
arm_1_right_finger,205.502000,0.449289,-0.434562,0.254616,0.710077,-0.702837,0.042447,0.003142
arm_1_right_finger,205.519000,0.450463,-0.433851,0.255630,0.710174,-0.702630,0.044199,0.003207
arm_1_right_finger,205.535000,0.451588,-0.433163,0.256606,0.710265,-0.702427,0.045933,0.003210
arm_1_right_finger,205.551000,0.452732,-0.432457,0.257604,0.710356,-0.702220,0.047656,0.003250
arm_1_right_finger,205.567000,0.453893,-0.431734,0.258620,0.710447,-0.702005,0.049437,0.003257
arm_1_right_finger,205.584000,0.455146,-0.430946,0.259722,0.710542,-0.701771,0.051360,0.003261
arm_1_right_finger,205.601000,0.456419,-0.430137,0.260848,0.710636,-0.701529,0.053318,0.003258
arm_1_right_finger,205.618000,0.457711,-0.429307,0.261997,0.710729,-0.701280,0.055317,0.003240
arm_1_right_finger,205.635000,0.459025,-0.428454,0.263170,0.710821,-0.701023,0.057352,0.003214
arm_1_right_finger,205.652000,0.460364,-0.427580,0.264374,0.710911,-0.700762,0.059386,0.003216
arm_1_right_finger,205.669000,0.461718,-0.426684,0.265597,0.711000,-0.700492,0.061483,0.003181
arm_1_right_finger,205.686000,0.463090,-0.425765,0.266844,0.711087,-0.700216,0.063578,0.003172
arm_1_right_finger,205.702000,0.464399,-0.424880,0.268039,0.711168,-0.699942,0.065667,0.003067
arm_1_right_finger,205.719000,0.465808,-0.423916,0.269334,0.711251,-0.699648,0.067872,0.002996
arm_1_right_finger,205.735000,0.467151,-0.422987,0.270576,0.711327,-0.699362,0.069983,0.002913
arm_1_right_finger,205.752000,0.468596,-0.421977,0.271919,0.711405,-0.699056,0.072219,0.002856
arm_1_right_finger,205.769000,0.470059,-0.420942,0.273288,0.711481,-0.698734,0.074552,0.002722
arm_1_right_finger,205.785000,0.471448,-0.419947,0.274595,0.711550,-0.698422,0.076786,0.002577
arm_1_right_finger,205.801000,0.472859,-0.418928,0.275932,0.711616,-0.698108,0.078999,0.002473
arm_1_right_finger,205.818000,0.474369,-0.417821,0.277372,0.711684,-0.697765,0.081389,0.002342
arm_1_right_finger,205.835000,0.475897,-0.416689,0.278839,0.711748,-0.697410,0.083841,0.002169
arm_1_right_finger,205.851000,0.477351,-0.415599,0.280243,0.711805,-0.697066,0.086196,0.001975
arm_1_right_finger,205.868000,0.478911,-0.414415,0.281761,0.711861,-0.696692,0.088717,0.001767
arm_1_right_finger,205.885000,0.480485,-0.413204,0.283304,0.711914,-0.696308,0.091275,0.001541
arm_1_right_finger,205.901000,0.481981,-0.412039,0.284780,0.711960,-0.695940,0.093698,0.001327
arm_1_right_finger,205.917000,0.483489,-0.410850,0.286280,0.712002,-0.695561,0.096160,0.001087
arm_1_right_finger,205.934000,0.485103,-0.409559,0.287896,0.712042,-0.695141,0.098865,0.000756
arm_1_right_finger,205.951000,0.486737,-0.408239,0.289545,0.712077,-0.694719,0.101546,0.000465
arm_1_right_finger,205.969000,0.488476,-0.406811,0.291315,0.712109,-0.694266,0.104383,0.000174
arm_1_right_finger,205.987000,0.490232,-0.405349,0.293118,0.712135,-0.693792,0.107314,-0.000199
arm_1_right_finger,206.003000,0.491802,-0.404023,0.294742,0.712153,-0.693353,0.110000,-0.000603
arm_1_right_finger,206.019000,0.493385,-0.402668,0.296394,0.712166,-0.692916,0.112634,-0.000941
arm_1_right_finger,206.035000,0.494978,-0.401287,0.298070,0.712173,-0.692469,0.115303,-0.001308
arm_1_right_finger,206.053000,0.496778,-0.399701,0.299979,0.712175,-0.691938,0.118427,-0.001835
arm_1_right_finger,206.070000,0.498497,-0.398169,0.301822,0.712170,-0.691436,0.121345,-0.002290
arm_1_right_finger,206.086000,0.500119,-0.396700,0.303574,0.712160,-0.690959,0.124083,-0.002704
arm_1_right_finger,206.102000,0.501750,-0.395201,0.305353,0.712143,-0.690457,0.126932,-0.003226
arm_1_right_finger,206.118000,0.503387,-0.393674,0.307154,0.712120,-0.689947,0.129785,-0.003747
arm_1_right_finger,206.135000,0.505135,-0.392019,0.309096,0.712088,-0.689395,0.132840,-0.004320
arm_1_right_finger,206.151000,0.506786,-0.390432,0.310946,0.712051,-0.688864,0.135745,-0.004884
arm_1_right_finger,206.168000,0.508557,-0.388709,0.312953,0.712004,-0.688285,0.138869,-0.005520
arm_1_right_finger,206.185000,0.510326,-0.386954,0.314978,0.711949,-0.687687,0.142045,-0.006210
arm_1_right_finger,206.202000,0.512105,-0.385164,0.317035,0.711885,-0.687090,0.145190,-0.006866
arm_1_right_finger,206.218000,0.513777,-0.383452,0.318990,0.711817,-0.686502,0.148236,-0.007580
arm_1_right_finger,206.234000,0.515447,-0.381716,0.320963,0.711743,-0.685922,0.151214,-0.008233
arm_1_right_finger,206.251000,0.517215,-0.379846,0.323074,0.711654,-0.685268,0.154512,-0.009081
arm_1_right_finger,206.268000,0.518981,-0.377951,0.325208,0.711558,-0.684629,0.157710,-0.009845
arm_1_right_finger,206.284000,0.520633,-0.376149,0.327225,0.711458,-0.684007,0.160773,-0.010641
arm_1_right_finger,206.301000,0.522373,-0.374215,0.329375,0.711344,-0.683334,0.164048,-0.011532
arm_1_right_finger,206.318000,0.524102,-0.372263,0.331537,0.711223,-0.682671,0.167240,-0.012365
arm_1_right_finger,206.335000,0.525814,-0.370293,0.333703,0.711091,-0.681971,0.170551,-0.013349
arm_1_right_finger,206.352000,0.527517,-0.368304,0.335885,0.710952,-0.681289,0.173753,-0.014250
arm_1_right_finger,206.368000,0.529105,-0.366418,0.337944,0.710812,-0.680623,0.176828,-0.015190
arm_1_right_finger,206.385000,0.530774,-0.364398,0.340135,0.710657,-0.679921,0.180038,-0.016160
arm_1_right_finger,206.402000,0.532427,-0.362364,0.342332,0.710492,-0.679203,0.183275,-0.017190
arm_1_right_finger,206.419000,0.534064,-0.360313,0.344536,0.710318,-0.678480,0.186494,-0.018235
arm_1_right_finger,206.436000,0.535682,-0.358248,0.346744,0.710136,-0.677746,0.189720,-0.019318
arm_1_right_finger,206.454000,0.537376,-0.356046,0.349086,0.709935,-0.676972,0.193090,-0.020455
arm_1_right_finger,206.472000,0.539052,-0.353827,0.351437,0.709722,-0.676166,0.196528,-0.021700
arm_1_right_finger,206.489000,0.540615,-0.351716,0.353661,0.709514,-0.675423,0.199683,-0.022814
arm_1_right_finger,206.506000,0.542161,-0.349592,0.355890,0.709296,-0.674656,0.202884,-0.024011
arm_1_right_finger,206.523000,0.543688,-0.347454,0.358124,0.709072,-0.673901,0.206011,-0.025163
arm_1_right_finger,206.540000,0.545195,-0.345302,0.360360,0.708837,-0.673116,0.209206,-0.026422
arm_1_right_finger,206.557000,0.546684,-0.343137,0.362603,0.708594,-0.672333,0.212363,-0.027676
arm_1_right_finger,206.575000,0.548240,-0.340830,0.364980,0.708326,-0.671490,0.215711,-0.029046
arm_1_right_finger,206.591000,0.549607,-0.338765,0.367101,0.708080,-0.670732,0.218684,-0.030295
arm_1_right_finger,206.608000,0.551039,-0.336560,0.369355,0.707813,-0.669935,0.221788,-0.031596
arm_1_right_finger,206.624000,0.552368,-0.334474,0.371480,0.707549,-0.669150,0.224785,-0.032934
arm_1_right_finger,206.638000,0.553519,-0.332637,0.373345,0.707317,-0.668492,0.227298,-0.034015
arm_1_right_finger,206.654000,0.554818,-0.330528,0.375479,0.707043,-0.667723,0.230195,-0.035306
arm_1_right_finger,206.671000,0.556176,-0.328277,0.377745,0.706741,-0.666880,0.233317,-0.036758
arm_1_right_finger,206.687000,0.557438,-0.326145,0.379886,0.706449,-0.666083,0.236239,-0.038140
arm_1_right_finger,206.704000,0.558759,-0.323869,0.382161,0.706134,-0.665252,0.239268,-0.039564
arm_1_right_finger,206.721000,0.560057,-0.321583,0.384436,0.705805,-0.664379,0.242382,-0.041113
arm_1_right_finger,206.739000,0.561411,-0.319148,0.386851,0.705449,-0.663455,0.245644,-0.042756
arm_1_right_finger,206.756000,0.562668,-0.316836,0.389136,0.705110,-0.662615,0.248609,-0.044221
arm_1_right_finger,206.771000,0.563765,-0.314784,0.391162,0.704794,-0.661815,0.251355,-0.045683
arm_1_right_finger,206.786000,0.564842,-0.312726,0.393184,0.704481,-0.661059,0.253960,-0.047022
arm_1_right_finger,206.801000,0.565902,-0.310659,0.395206,0.704153,-0.660251,0.256678,-0.048511
arm_1_right_finger,206.817000,0.567016,-0.308444,0.397370,0.703801,-0.659413,0.259491,-0.050038
arm_1_right_finger,206.828000,0.567770,-0.306916,0.398855,0.703555,-0.658837,0.261407,-0.051088
arm_1_right_finger,206.842000,0.568717,-0.304965,0.400750,0.703233,-0.658079,0.263894,-0.052498
arm_1_right_finger,206.858000,0.569783,-0.302725,0.402919,0.702866,-0.657249,0.266618,-0.054015
arm_1_right_finger,206.874000,0.570829,-0.300477,0.405088,0.702486,-0.656384,0.269405,-0.055630
arm_1_right_finger,206.889000,0.571791,-0.298361,0.407123,0.702123,-0.655571,0.271998,-0.057154
arm_1_right_finger,206.906000,0.572864,-0.295953,0.409434,0.701703,-0.654635,0.274945,-0.058925
arm_1_right_finger,206.922000,0.573852,-0.293678,0.411610,0.701299,-0.653751,0.277698,-0.060603
arm_1_right_finger,206.939000,0.574881,-0.291251,0.413923,0.700856,-0.652777,0.280676,-0.062479
arm_1_right_finger,206.956000,0.575886,-0.288816,0.416236,0.700414,-0.651838,0.283542,-0.064273
arm_1_right_finger,206.972000,0.576814,-0.286513,0.418418,0.699987,-0.650936,0.286256,-0.066013
arm_1_right_finger,206.989000,0.577780,-0.284058,0.420741,0.699524,-0.649966,0.289136,-0.067895
arm_1_right_finger,207.006000,0.578719,-0.281595,0.423058,0.699051,-0.648981,0.292021,-0.069820
arm_1_right_finger,207.023000,0.579640,-0.279121,0.425385,0.698572,-0.648003,0.294862,-0.071735
arm_1_right_finger,207.040000,0.580536,-0.276640,0.427708,0.698087,-0.647030,0.297664,-0.073647
arm_1_right_finger,207.057000,0.581408,-0.274152,0.430029,0.697587,-0.646022,0.300509,-0.075644
arm_1_right_finger,207.074000,0.582261,-0.271652,0.432361,0.697082,-0.645023,0.303308,-0.077628
arm_1_right_finger,207.091000,0.583091,-0.269145,0.434693,0.696568,-0.644017,0.306094,-0.079636
arm_1_right_finger,207.108000,0.583896,-0.266631,0.437022,0.696049,-0.643017,0.308837,-0.081637
arm_1_right_finger,207.124000,0.584624,-0.264286,0.439189,0.695552,-0.642055,0.311428,-0.083575
arm_1_right_finger,207.140000,0.585343,-0.261899,0.441391,0.695045,-0.641095,0.314000,-0.085514
arm_1_right_finger,207.155000,0.585998,-0.259657,0.443454,0.694569,-0.640206,0.316365,-0.087314
arm_1_right_finger,207.171000,0.586675,-0.257261,0.445652,0.694037,-0.639195,0.318990,-0.089377
arm_1_right_finger,207.187000,0.587333,-0.254858,0.447854,0.693508,-0.638216,0.321522,-0.091375
arm_1_right_finger,207.204000,0.588007,-0.252302,0.450187,0.692935,-0.637160,0.324219,-0.093542
arm_1_right_finger,207.221000,0.588659,-0.249737,0.452527,0.692357,-0.636109,0.326875,-0.095705
arm_1_right_finger,207.238000,0.589285,-0.247169,0.454859,0.691769,-0.635045,0.329527,-0.097902
arm_1_right_finger,207.253000,0.589821,-0.244894,0.456928,0.691239,-0.634088,0.331879,-0.099886
arm_1_right_finger,207.267000,0.590302,-0.242769,0.458851,0.690752,-0.633235,0.333977,-0.101659
arm_1_right_finger,207.281000,0.590766,-0.240642,0.460771,0.690239,-0.632313,0.336185,-0.103580
arm_1_right_finger,207.296000,0.591248,-0.238355,0.462840,0.689692,-0.631349,0.338486,-0.105596
arm_1_right_finger,207.313000,0.591770,-0.235762,0.465173,0.689069,-0.630265,0.341049,-0.107869
arm_1_right_finger,207.330000,0.592268,-0.233161,0.467511,0.688429,-0.629149,0.343642,-0.110213
arm_1_right_finger,207.347000,0.592743,-0.230555,0.469851,0.687795,-0.628073,0.346134,-0.112487
arm_1_right_finger,207.363000,0.593167,-0.228099,0.472049,0.687174,-0.627004,0.348555,-0.114745
arm_1_right_finger,207.380000,0.593595,-0.225484,0.474387,0.686510,-0.625874,0.351089,-0.117142
arm_1_right_finger,207.397000,0.593996,-0.222867,0.476717,0.685846,-0.624763,0.353559,-0.119508
arm_1_right_finger,207.414000,0.594375,-0.220244,0.479053,0.685163,-0.623615,0.356065,-0.121953
arm_1_right_finger,207.432000,0.594749,-0.217464,0.481520,0.684443,-0.622427,0.358640,-0.124498
arm_1_right_finger,207.450000,0.595097,-0.214677,0.483996,0.683704,-0.621209,0.361235,-0.127110
arm_1_right_finger,207.467000,0.595400,-0.212041,0.486330,0.683001,-0.620061,0.363651,-0.129580
arm_1_right_finger,207.484000,0.595677,-0.209406,0.488654,0.682288,-0.618901,0.366059,-0.132080
arm_1_right_finger,207.502000,0.595945,-0.206607,0.491126,0.681522,-0.617662,0.368595,-0.134757
arm_1_right_finger,207.519000,0.596173,-0.203962,0.493457,0.680790,-0.616487,0.370968,-0.137300
arm_1_right_finger,207.536000,0.596375,-0.201318,0.495777,0.680048,-0.615302,0.373330,-0.139872
arm_1_right_finger,207.553000,0.596553,-0.198668,0.498106,0.679305,-0.614131,0.375638,-0.142424
arm_1_right_finger,207.571000,0.596715,-0.195859,0.500569,0.678508,-0.612883,0.378065,-0.145151
arm_1_right_finger,207.588000,0.596842,-0.193206,0.502891,0.677738,-0.611673,0.380375,-0.147788
arm_1_right_finger,207.605000,0.596944,-0.190550,0.505213,0.676967,-0.610477,0.382636,-0.150410
arm_1_right_finger,207.610000,0.596970,-0.189768,0.505897,0.676741,-0.610131,0.383287,-0.151173
arm_1_right_finger,207.624000,0.597030,-0.187579,0.507809,0.676090,-0.609122,0.385158,-0.153382
arm_1_right_finger,207.640000,0.597077,-0.185077,0.509988,0.675346,-0.607981,0.387253,-0.155892
arm_1_right_finger,207.655000,0.597102,-0.182732,0.512027,0.674640,-0.606901,0.389208,-0.158268
arm_1_right_finger,207.672000,0.597106,-0.180072,0.514340,0.673832,-0.605674,0.391402,-0.160974
arm_1_right_finger,207.688000,0.597088,-0.177564,0.516524,0.673065,-0.604516,0.393446,-0.163534
arm_1_right_finger,207.704000,0.597048,-0.175060,0.518696,0.672292,-0.603355,0.395468,-0.166105
arm_1_right_finger,207.721000,0.596980,-0.172398,0.521003,0.671459,-0.602109,0.397607,-0.168866
arm_1_right_finger,207.737000,0.596894,-0.169892,0.523172,0.670668,-0.600932,0.399600,-0.171478
arm_1_right_finger,207.754000,0.596779,-0.167230,0.525474,0.669819,-0.599674,0.401700,-0.174273
arm_1_right_finger,207.771000,0.596638,-0.164571,0.527767,0.668960,-0.598410,0.403780,-0.177086
arm_1_right_finger,207.788000,0.596473,-0.161910,0.530066,0.668091,-0.597134,0.405847,-0.179925
arm_1_right_finger,207.805000,0.596282,-0.159249,0.532362,0.667220,-0.595867,0.407873,-0.182758
arm_1_right_finger,207.822000,0.596067,-0.156590,0.534654,0.666333,-0.594578,0.409900,-0.185632
arm_1_right_finger,207.838000,0.595842,-0.154090,0.536803,0.665492,-0.593362,0.411785,-0.188350
arm_1_right_finger,207.855000,0.595578,-0.151434,0.539086,0.664596,-0.592077,0.413749,-0.191231
arm_1_right_finger,207.871000,0.595307,-0.148933,0.541241,0.663743,-0.590859,0.415583,-0.193965
arm_1_right_finger,207.888000,0.594995,-0.146281,0.543519,0.662826,-0.589555,0.417517,-0.196891
arm_1_right_finger,207.905000,0.594658,-0.143630,0.545794,0.661901,-0.588244,0.419430,-0.199835
arm_1_right_finger,207.923000,0.594274,-0.140828,0.548195,0.660909,-0.586843,0.421443,-0.202980
arm_1_right_finger,207.938000,0.593933,-0.138494,0.550193,0.660081,-0.585683,0.423083,-0.205595
arm_1_right_finger,207.955000,0.593522,-0.135851,0.552461,0.659128,-0.584349,0.424941,-0.208595
arm_1_right_finger,207.970000,0.593140,-0.133522,0.554453,0.658286,-0.583180,0.426545,-0.211235
arm_1_right_finger,207.986000,0.592711,-0.131040,0.556577,0.657377,-0.581921,0.428247,-0.214076
arm_1_right_finger,208.002000,0.592260,-0.128562,0.558698,0.656460,-0.580656,0.429929,-0.216930
arm_1_right_finger,208.019000,0.591756,-0.125931,0.560950,0.655475,-0.579301,0.431704,-0.219988
arm_1_right_finger,208.036000,0.591228,-0.123304,0.563197,0.654492,-0.577959,0.433430,-0.223030
arm_1_right_finger,208.053000,0.590675,-0.120681,0.565440,0.653490,-0.576593,0.435159,-0.226115
arm_1_right_finger,208.070000,0.590098,-0.118066,0.567670,0.652482,-0.575226,0.436858,-0.229208
arm_1_right_finger,208.088000,0.589460,-0.115298,0.570038,0.651411,-0.573782,0.438622,-0.232486
arm_1_right_finger,208.105000,0.588832,-0.112689,0.572267,0.650383,-0.572398,0.440282,-0.235617
arm_1_right_finger,208.123000,0.588141,-0.109935,0.574616,0.649284,-0.570925,0.442016,-0.238948
arm_1_right_finger,208.141000,0.587421,-0.107184,0.576968,0.648185,-0.569462,0.443704,-0.242272
arm_1_right_finger,208.158000,0.586718,-0.104596,0.579172,0.647134,-0.568068,0.445284,-0.245436
arm_1_right_finger,208.176000,0.585947,-0.101862,0.581509,0.646020,-0.566596,0.446917,-0.248782
arm_1_right_finger,208.194000,0.585153,-0.099148,0.583823,0.644891,-0.565108,0.448539,-0.252154
arm_1_right_finger,208.211000,0.584382,-0.096602,0.585999,0.643821,-0.563705,0.450039,-0.255335
arm_1_right_finger,208.229000,0.583545,-0.093931,0.588282,-0.642696,0.562237,-0.451574,0.258674
arm_1_right_finger,208.246000,0.582739,-0.091440,0.590405,-0.641631,0.560853,-0.452994,0.261820
arm_1_right_finger,208.264000,0.581867,-0.088828,0.592639,-0.640508,0.559398,-0.454455,0.265129
arm_1_right_finger,208.281000,0.581029,-0.086394,0.594720,-0.639442,0.558021,-0.455814,0.268253
arm_1_right_finger,208.298000,0.580180,-0.083992,0.596768,-0.638385,0.556661,-0.457128,0.271345
arm_1_right_finger,208.314000,0.579372,-0.081771,0.598667,-0.637397,0.555395,-0.458327,0.274221
arm_1_right_finger,208.328000,0.578653,-0.079838,0.600322,-0.636534,0.554293,-0.459352,0.276730
arm_1_right_finger,208.344000,0.577826,-0.077666,0.602180,-0.635550,0.553039,-0.460500,0.279577
arm_1_right_finger,208.360000,0.576986,-0.075512,0.604024,-0.634568,0.551792,-0.461619,0.282413
arm_1_right_finger,208.376000,0.576138,-0.073386,0.605843,-0.633588,0.550552,-0.462712,0.285230
arm_1_right_finger,208.393000,0.575229,-0.071162,0.607750,-0.632550,0.549240,-0.463847,0.288204
arm_1_right_finger,208.410000,0.574313,-0.068970,0.609628,-0.631522,0.547946,-0.464943,0.291143
arm_1_right_finger,208.427000,0.573402,-0.066838,0.611455,-0.630514,0.546683,-0.465989,0.294014
arm_1_right_finger,208.444000,0.572472,-0.064709,0.613282,-0.629494,0.545406,-0.467027,0.296909
arm_1_right_finger,208.461000,0.571537,-0.062615,0.615080,-0.628484,0.544146,-0.468030,0.299769
arm_1_right_finger,208.478000,0.570600,-0.060555,0.616848,-0.627484,0.542905,-0.468996,0.302590
arm_1_right_finger,208.495000,0.569663,-0.058540,0.618580,-0.626491,0.541673,-0.469939,0.305380
arm_1_right_finger,208.512000,0.568717,-0.056545,0.620295,-0.625506,0.540456,-0.470847,0.308144
arm_1_right_finger,208.530000,0.567714,-0.054470,0.622081,-0.624468,0.539176,-0.471783,0.311045
arm_1_right_finger,208.547000,0.566766,-0.052545,0.623737,-0.623491,0.537974,-0.472648,0.313761
arm_1_right_finger,208.564000,0.565817,-0.050653,0.625367,-0.622531,0.536797,-0.473472,0.316432
arm_1_right_finger,208.580000,0.564921,-0.048901,0.626881,-0.621631,0.535697,-0.474228,0.318922
arm_1_right_finger,208.596000,0.564030,-0.047181,0.628362,-0.620744,0.534615,-0.474955,0.321375
arm_1_right_finger,208.614000,0.563025,-0.045277,0.630006,-0.619754,0.533412,-0.475746,0.324103
arm_1_right_finger,208.628000,0.562243,-0.043821,0.631271,-0.618978,0.532467,-0.476364,0.326224
arm_1_right_finger,208.645000,0.561299,-0.042084,0.632772,-0.618065,0.531363,-0.477058,0.328731
arm_1_right_finger,208.659000,0.560522,-0.040677,0.633990,-0.617315,0.530456,-0.477622,0.330782
arm_1_right_finger,208.674000,0.559692,-0.039193,0.635277,-0.616513,0.529488,-0.478215,0.332963
arm_1_right_finger,208.690000,0.558811,-0.037637,0.636623,-0.615674,0.528479,-0.478816,0.335247
arm_1_right_finger,208.707000,0.557876,-0.036013,0.638036,-0.614784,0.527409,-0.479446,0.337655
arm_1_right_finger,208.724000,0.556948,-0.034421,0.639416,-0.613918,0.526372,-0.480034,0.340006
arm_1_right_finger,208.742000,0.555971,-0.032770,0.640849,-0.613003,0.525278,-0.480647,0.342475
arm_1_right_finger,208.758000,0.555106,-0.031329,0.642104,-0.612195,0.524313,-0.481180,0.344644
arm_1_right_finger,208.775000,0.554192,-0.029828,0.643415,-0.611350,0.523306,-0.481721,0.346911
arm_1_right_finger,208.792000,0.553288,-0.028359,0.644692,-0.610524,0.522326,-0.482230,0.349128
arm_1_right_finger,208.809000,0.552388,-0.026917,0.645953,-0.609701,0.521348,-0.482733,0.351326
arm_1_right_finger,208.826000,0.551495,-0.025505,0.647188,-0.608881,0.520377,-0.483228,0.353500
arm_1_right_finger,208.844000,0.550561,-0.024044,0.648463,-0.608044,0.519389,-0.483706,0.355732
arm_1_right_finger,208.861000,0.549685,-0.022693,0.649647,-0.607249,0.518449,-0.484164,0.357833
arm_1_right_finger,208.877000,0.548872,-0.021450,0.650731,-0.606530,0.517605,-0.484552,0.359746
arm_1_right_finger,208.894000,0.548013,-0.020155,0.651869,-0.605758,0.516697,-0.484975,0.361775
arm_1_right_finger,208.910000,0.547215,-0.018963,0.652915,-0.605057,0.515875,-0.485339,0.363629
arm_1_right_finger,208.924000,0.546524,-0.017944,0.653813,-0.604435,0.515144,-0.485672,0.365251
arm_1_right_finger,208.939000,0.545798,-0.016879,0.654749,-0.603799,0.514401,-0.485990,0.366924
arm_1_right_finger,208.953000,0.545121,-0.015895,0.655611,-0.603209,0.513713,-0.486277,0.368473
arm_1_right_finger,208.968000,0.544401,-0.014860,0.656528,-0.602568,0.512962,-0.486601,0.370137
arm_1_right_finger,208.982000,0.543740,-0.013915,0.657357,-0.602002,0.512305,-0.486859,0.371624
arm_1_right_finger,208.999000,0.542946,-0.012793,0.658348,-0.601311,0.511501,-0.487183,0.373423
arm_1_right_finger,209.016000,0.542166,-0.011699,0.659312,-0.600633,0.510712,-0.487495,0.375184
arm_1_right_finger,209.033000,0.541398,-0.010632,0.660255,-0.599970,0.509943,-0.487789,0.376904
arm_1_right_finger,209.049000,0.540684,-0.009652,0.661125,-0.599347,0.509221,-0.488069,0.378505
arm_1_right_finger,209.065000,0.539985,-0.008698,0.661969,-0.598751,0.508531,-0.488319,0.380050
arm_1_right_finger,209.081000,0.539298,-0.007767,0.662793,-0.598170,0.507861,-0.488554,0.381557
arm_1_right_finger,209.098000,0.538580,-0.006803,0.663647,-0.597555,0.507151,-0.488806,0.383138
arm_1_right_finger,209.114000,0.537915,-0.005919,0.664435,-0.596982,0.506489,-0.489043,0.384602
arm_1_right_finger,209.131000,0.537224,-0.005006,0.665245,-0.596399,0.505818,-0.489267,0.386102
arm_1_right_finger,209.149000,0.536509,-0.004068,0.666079,-0.595794,0.505122,-0.489497,0.387652
arm_1_right_finger,209.166000,0.535849,-0.003209,0.666842,-0.595244,0.504492,-0.489694,0.389067
arm_1_right_finger,209.183000,0.535201,-0.002374,0.667588,-0.594686,0.503850,-0.489910,0.390476
arm_1_right_finger,209.199000,0.534609,-0.001613,0.668264,-0.594200,0.503295,-0.490070,0.391729
arm_1_right_finger,209.213000,0.534099,-0.000964,0.668844,-0.593769,0.502801,-0.490226,0.392822
arm_1_right_finger,209.229000,0.533530,-0.000244,0.669489,-0.593285,0.502246,-0.490399,0.394044
arm_1_right_finger,209.245000,0.532978,0.000453,0.670108,-0.592835,0.501734,-0.490538,0.395199
arm_1_right_finger,209.260000,0.532471,0.001087,0.670676,-0.592414,0.501253,-0.490676,0.396268
arm_1_right_finger,209.273000,0.532043,0.001621,0.671152,-0.592057,0.500845,-0.490792,0.397173
arm_1_right_finger,209.286000,0.531624,0.002141,0.671617,-0.591713,0.500454,-0.490897,0.398047
arm_1_right_finger,209.299000,0.531212,0.002647,0.672075,-0.591356,0.500045,-0.491026,0.398933
arm_1_right_finger,209.308000,0.530936,0.002988,0.672377,-0.591139,0.499799,-0.491080,0.399494
arm_1_right_finger,209.324000,0.530454,0.003577,0.672907,-0.590737,0.499342,-0.491207,0.400505
arm_1_right_finger,209.340000,0.529988,0.004145,0.673418,-0.590346,0.498897,-0.491329,0.401483
arm_1_right_finger,209.355000,0.529563,0.004660,0.673881,-0.589993,0.498496,-0.491435,0.402369
arm_1_right_finger,209.372000,0.529100,0.005221,0.674381,-0.589625,0.498079,-0.491528,0.403311
arm_1_right_finger,209.389000,0.528652,0.005758,0.674866,-0.589246,0.497648,-0.491647,0.404252
arm_1_right_finger,209.406000,0.528222,0.006272,0.675329,-0.588891,0.497245,-0.491748,0.405141
arm_1_right_finger,209.423000,0.527811,0.006762,0.675770,-0.588551,0.496860,-0.491843,0.405990
arm_1_right_finger,209.441000,0.527397,0.007254,0.676209,-0.588228,0.496496,-0.491913,0.406818
arm_1_right_finger,209.458000,0.527024,0.007695,0.676607,-0.587921,0.496148,-0.491996,0.407585
arm_1_right_finger,209.475000,0.526668,0.008114,0.676984,-0.587630,0.495819,-0.492072,0.408313
arm_1_right_finger,209.492000,0.526327,0.008510,0.677346,-0.587334,0.495483,-0.492168,0.409031
arm_1_right_finger,209.509000,0.526009,0.008883,0.677682,-0.587075,0.495191,-0.492231,0.409678
arm_1_right_finger,209.527000,0.525692,0.009252,0.678016,-0.586817,0.494900,-0.492296,0.410323
arm_1_right_finger,209.545000,0.525395,0.009596,0.678326,-0.586576,0.494627,-0.492355,0.410925
arm_1_right_finger,209.563000,0.525121,0.009913,0.678612,-0.586356,0.494380,-0.492405,0.411476
arm_1_right_finger,209.580000,0.524882,0.010191,0.678861,-0.586166,0.494167,-0.492445,0.411954
arm_1_right_finger,209.597000,0.524659,0.010446,0.679095,-0.585973,0.493948,-0.492504,0.412421
arm_1_right_finger,209.615000,0.524446,0.010691,0.679317,-0.585803,0.493757,-0.492541,0.412847
arm_1_right_finger,209.631000,0.524276,0.010887,0.679491,-0.585677,0.493616,-0.492557,0.413174
arm_1_right_finger,209.647000,0.524120,0.011064,0.679654,-0.585539,0.493459,-0.492602,0.413504
arm_1_right_finger,209.662000,0.523990,0.011212,0.679789,-0.585430,0.493336,-0.492631,0.413770
arm_1_right_finger,209.677000,0.523879,0.011342,0.679902,-0.585355,0.493253,-0.492631,0.413975
arm_1_right_finger,209.691000,0.523785,0.011448,0.680000,-0.585274,0.493162,-0.492655,0.414170
arm_1_right_finger,209.707000,0.523693,0.011551,0.680096,-0.585191,0.493068,-0.492683,0.414365
arm_1_right_finger,209.723000,0.523620,0.011634,0.680172,-0.585128,0.492997,-0.492701,0.414518
arm_1_right_finger,209.740000,0.523562,0.011703,0.680230,-0.585096,0.492961,-0.492693,0.414616
arm_1_right_finger,209.756000,0.523517,0.011752,0.680277,-0.585054,0.492914,-0.492708,0.414712
arm_1_right_finger,209.772000,0.523483,0.011791,0.680312,-0.585023,0.492878,-0.492719,0.414786
arm_1_right_finger,209.788000,0.523456,0.011821,0.680340,-0.584998,0.492851,-0.492727,0.414843
arm_1_right_finger,209.805000,0.523434,0.011846,0.680363,-0.584977,0.492827,-0.492735,0.414891
arm_1_right_finger,209.822000,0.523418,0.011864,0.680380,-0.584963,0.492811,-0.492740,0.414926
arm_1_right_finger,209.839000,0.523408,0.011878,0.680388,-0.584978,0.492829,-0.492712,0.414916
arm_1_right_finger,209.857000,0.523397,0.011889,0.680400,-0.584959,0.492807,-0.492727,0.414951
arm_1_right_finger,209.875000,0.523388,0.011898,0.680410,-0.584946,0.492792,-0.492736,0.414976
arm_1_right_finger,209.892000,0.523383,0.011905,0.680416,-0.584939,0.492784,-0.492741,0.414991
arm_1_right_finger,209.910000,0.523378,0.011910,0.680421,-0.584932,0.492776,-0.492746,0.415005
arm_1_right_finger,209.927000,0.523375,0.011913,0.680425,-0.584928,0.492772,-0.492747,0.415012
arm_1_right_finger,209.943000,0.523372,0.011916,0.680427,-0.584926,0.492769,-0.492748,0.415017
arm_1_right_finger,209.960000,0.523373,0.011917,0.680424,-0.584946,0.492793,-0.492724,0.414991
arm_1_right_finger,209.976000,0.523371,0.011919,0.680426,-0.584941,0.492787,-0.492728,0.414999
arm_1_right_finger,209.993000,0.523370,0.011920,0.680429,-0.584934,0.492779,-0.492735,0.415009
arm_1_right_finger,210.010000,0.523368,0.011921,0.680430,-0.584929,0.492772,-0.492741,0.415018
arm_1_right_finger,210.028000,0.523367,0.011922,0.680432,-0.584925,0.492768,-0.492745,0.415024
arm_1_right_finger,210.046000,0.523366,0.011923,0.680433,-0.584922,0.492765,-0.492748,0.415028
arm_1_right_finger,210.064000,0.523369,0.011922,0.680428,-0.584946,0.492793,-0.492719,0.414995
arm_1_right_finger,210.082000,0.523367,0.011923,0.680431,-0.584935,0.492780,-0.492732,0.415011
arm_1_right_finger,210.100000,0.523366,0.011924,0.680433,-0.584928,0.492772,-0.492740,0.415021
arm_1_right_finger,210.118000,0.523365,0.011924,0.680434,-0.584923,0.492766,-0.492746,0.415028
arm_1_right_finger,210.135000,0.523365,0.011924,0.680434,-0.584922,0.492764,-0.492748,0.415030
arm_1_right_finger,210.153000,0.523365,0.011924,0.680435,-0.584920,0.492763,-0.492749,0.415032
arm_1_right_finger,210.170000,0.523367,0.011924,0.680430,-0.584941,0.492787,-0.492725,0.415003
arm_1_right_finger,210.188000,0.523366,0.011924,0.680432,-0.584932,0.492776,-0.492736,0.415016
arm_1_right_finger,210.205000,0.523366,0.011924,0.680433,-0.584927,0.492771,-0.492740,0.415022
arm_1_right_finger,210.222000,0.523365,0.011924,0.680434,-0.584924,0.492767,-0.492745,0.415027
arm_1_right_finger,210.240000,0.523365,0.011925,0.680435,-0.584921,0.492764,-0.492748,0.415030
arm_1_right_finger,210.258000,0.523365,0.011925,0.680435,-0.584920,0.492763,-0.492749,0.415032
arm_1_right_finger,210.275000,0.523367,0.011924,0.680430,-0.584941,0.492787,-0.492725,0.415003
arm_1_right_finger,210.291000,0.523367,0.011924,0.680431,-0.584937,0.492783,-0.492729,0.415008
arm_1_right_finger,210.308000,0.523366,0.011924,0.680432,-0.584931,0.492776,-0.492736,0.415016
arm_1_right_finger,210.326000,0.523365,0.011924,0.680434,-0.584925,0.492768,-0.492743,0.415025
arm_1_right_finger,210.344000,0.523365,0.011925,0.680434,-0.584922,0.492765,-0.492747,0.415029
arm_1_right_finger,210.361000,0.523365,0.011925,0.680435,-0.584921,0.492763,-0.492748,0.415031
arm_1_right_finger,210.379000,0.523368,0.011924,0.680429,-0.584945,0.492792,-0.492720,0.414997
arm_1_right_finger,210.397000,0.523366,0.011924,0.680432,-0.584934,0.492779,-0.492732,0.415013
arm_1_right_finger,210.413000,0.523366,0.011924,0.680432,-0.584931,0.492776,-0.492736,0.415016
arm_1_right_finger,210.430000,0.523366,0.011924,0.680433,-0.584926,0.492770,-0.492742,0.415023
arm_1_right_finger,210.447000,0.523365,0.011924,0.680434,-0.584924,0.492768,-0.492744,0.415026
arm_1_right_finger,210.463000,0.523365,0.011925,0.680434,-0.584923,0.492766,-0.492745,0.415028
arm_1_right_finger,210.480000,0.523365,0.011925,0.680435,-0.584921,0.492764,-0.492748,0.415030
arm_1_right_finger,210.498000,0.523364,0.011925,0.680435,-0.584920,0.492763,-0.492749,0.415032
arm_1_right_finger,210.515000,0.523367,0.011924,0.680430,-0.584941,0.492787,-0.492725,0.415003
arm_1_right_finger,210.532000,0.523366,0.011924,0.680432,-0.584932,0.492777,-0.492735,0.415015
arm_1_right_finger,210.550000,0.523365,0.011924,0.680433,-0.584927,0.492771,-0.492741,0.415022
arm_1_right_finger,210.568000,0.523365,0.011925,0.680434,-0.584923,0.492766,-0.492745,0.415028
arm_1_right_finger,210.586000,0.523365,0.011925,0.680435,-0.584921,0.492763,-0.492748,0.415031
arm_1_right_finger,210.604000,0.523368,0.011924,0.680429,-0.584945,0.492792,-0.492720,0.414997
arm_1_right_finger,210.622000,0.523366,0.011924,0.680432,-0.584934,0.492779,-0.492733,0.415013
arm_1_right_finger,210.639000,0.523366,0.011924,0.680433,-0.584928,0.492772,-0.492740,0.415021
arm_1_right_finger,210.656000,0.523365,0.011924,0.680434,-0.584926,0.492769,-0.492742,0.415024
arm_1_right_finger,210.673000,0.523365,0.011925,0.680434,-0.584923,0.492766,-0.492745,0.415028
arm_1_right_finger,210.690000,0.523365,0.011925,0.680435,-0.584921,0.492764,-0.492748,0.415030
arm_1_right_finger,210.707000,0.523364,0.011925,0.680435,-0.584920,0.492763,-0.492749,0.415032
arm_1_right_finger,210.723000,0.523364,0.011925,0.680435,-0.584920,0.492763,-0.492749,0.415032
arm_1_right_finger,210.739000,0.523368,0.011924,0.680429,-0.584942,0.492789,-0.492723,0.415001
arm_1_right_finger,210.755000,0.523367,0.011924,0.680430,-0.584941,0.492787,-0.492725,0.415003
arm_1_right_finger,210.772000,0.523366,0.011924,0.680432,-0.584934,0.492779,-0.492733,0.415013
arm_1_right_finger,210.789000,0.523366,0.011924,0.680433,-0.584929,0.492773,-0.492738,0.415019
arm_1_right_finger,210.806000,0.523365,0.011924,0.680434,-0.584926,0.492769,-0.492742,0.415024
arm_1_right_finger,210.823000,0.523365,0.011925,0.680434,-0.584923,0.492766,-0.492745,0.415028
arm_1_right_finger,210.840000,0.523365,0.011925,0.680435,-0.584921,0.492764,-0.492748,0.415030
arm_1_right_finger,210.858000,0.523364,0.011925,0.680435,-0.584920,0.492762,-0.492749,0.415033
arm_1_right_finger,210.873000,0.523364,0.011925,0.680435,-0.584920,0.492763,-0.492749,0.415032
arm_1_right_finger,210.890000,0.523367,0.011924,0.680430,-0.584941,0.492787,-0.492725,0.415003
arm_1_right_finger,210.905000,0.523367,0.011924,0.680430,-0.584941,0.492787,-0.492725,0.415003
arm_1_right_finger,210.920000,0.523367,0.011924,0.680430,-0.584941,0.492787,-0.492725,0.415003
arm_1_right_finger,210.937000,0.523366,0.011924,0.680432,-0.584934,0.492779,-0.492733,0.415013
arm_1_right_finger,210.954000,0.523366,0.011924,0.680433,-0.584928,0.492772,-0.492740,0.415021
arm_1_right_finger,210.971000,0.523365,0.011924,0.680434,-0.584926,0.492769,-0.492742,0.415024
arm_1_right_finger,210.988000,0.523365,0.011925,0.680434,-0.584923,0.492766,-0.492745,0.415028
arm_1_right_finger,211.005000,0.523365,0.011925,0.680435,-0.584921,0.492764,-0.492748,0.415030
arm_1_right_finger,211.022000,0.523364,0.011925,0.680435,-0.584920,0.492763,-0.492749,0.415032
arm_1_right_finger,211.039000,0.523368,0.011924,0.680429,-0.584945,0.492792,-0.492720,0.414997
arm_1_right_finger,211.056000,0.523367,0.011924,0.680431,-0.584935,0.492781,-0.492731,0.415011
arm_1_right_finger,211.073000,0.523366,0.011924,0.680432,-0.584931,0.492776,-0.492736,0.415016
arm_1_right_finger,211.089000,0.523366,0.011924,0.680433,-0.584929,0.492773,-0.492738,0.415019
arm_1_right_finger,211.107000,0.523365,0.011925,0.680434,-0.584924,0.492768,-0.492744,0.415026
arm_1_right_finger,211.124000,0.523365,0.011925,0.680434,-0.584922,0.492765,-0.492747,0.415029
arm_1_right_finger,211.141000,0.523365,0.011925,0.680435,-0.584921,0.492763,-0.492748,0.415031
arm_1_right_finger,211.157000,0.523364,0.011925,0.680435,-0.584920,0.492763,-0.492749,0.415032
arm_1_right_finger,211.174000,0.523368,0.011924,0.680429,-0.584945,0.492792,-0.492720,0.414997
arm_1_right_finger,211.191000,0.523367,0.011924,0.680431,-0.584937,0.492783,-0.492729,0.415008
arm_1_right_finger,211.207000,0.523366,0.011924,0.680432,-0.584934,0.492779,-0.492733,0.415013
arm_1_right_finger,211.223000,0.523366,0.011924,0.680432,-0.584931,0.492776,-0.492736,0.415016
arm_1_right_finger,211.240000,0.523365,0.011924,0.680433,-0.584927,0.492771,-0.492740,0.415022
arm_1_right_finger,211.258000,0.523365,0.011925,0.680434,-0.584923,0.492766,-0.492745,0.415028
arm_1_right_finger,211.274000,0.523365,0.011925,0.680434,-0.584922,0.492765,-0.492747,0.415030
arm_1_right_finger,211.285000,0.523365,0.011924,0.680433,-0.584927,0.492771,-0.492741,0.415022
arm_1_right_finger,211.298000,0.523366,0.011924,0.680432,-0.584931,0.492776,-0.492736,0.415016
arm_1_right_finger,211.313000,0.523366,0.011924,0.680432,-0.584931,0.492776,-0.492736,0.415016
arm_1_right_finger,211.329000,0.523366,0.011924,0.680433,-0.584929,0.492773,-0.492738,0.415019
arm_1_right_finger,211.345000,0.523365,0.011924,0.680433,-0.584927,0.492771,-0.492740,0.415022
arm_1_right_finger,211.360000,0.523365,0.011924,0.680433,-0.584927,0.492771,-0.492740,0.415022
arm_1_right_finger,211.374000,0.523366,0.011924,0.680433,-0.584928,0.492772,-0.492740,0.415021
arm_1_right_finger,211.388000,0.523366,0.011924,0.680432,-0.584931,0.492776,-0.492736,0.415016
arm_1_right_finger,211.403000,0.523366,0.011924,0.680432,-0.584931,0.492776,-0.492736,0.415016
arm_1_right_finger,211.418000,0.523366,0.011924,0.680432,-0.584931,0.492776,-0.492736,0.415016
arm_1_right_finger,211.433000,0.523366,0.011924,0.680432,-0.584931,0.492776,-0.492736,0.415016
arm_1_right_finger,211.447000,0.523366,0.011924,0.680432,-0.584934,0.492779,-0.492733,0.415013
arm_1_right_finger,211.462000,0.523366,0.011924,0.680432,-0.584934,0.492779,-0.492733,0.415013
arm_1_right_finger,211.478000,0.523366,0.011924,0.680432,-0.584930,0.492774,-0.492737,0.415018
arm_1_right_finger,211.494000,0.523366,0.011924,0.680433,-0.584929,0.492773,-0.492738,0.415020
arm_1_right_finger,211.510000,0.523365,0.011924,0.680433,-0.584927,0.492771,-0.492740,0.415022
arm_1_right_finger,211.526000,0.523365,0.011924,0.680434,-0.584926,0.492769,-0.492742,0.415024
arm_1_right_finger,211.540000,0.523365,0.011924,0.680433,-0.584927,0.492771,-0.492740,0.415022
arm_1_right_finger,211.554000,0.523366,0.011924,0.680433,-0.584929,0.492773,-0.492738,0.415019
arm_1_right_finger,211.567000,0.523366,0.011924,0.680432,-0.584934,0.492779,-0.492733,0.415013
arm_1_right_finger,211.582000,0.523366,0.011924,0.680432,-0.584932,0.492777,-0.492735,0.415015
arm_1_right_finger,211.597000,0.523366,0.011924,0.680432,-0.584934,0.492779,-0.492733,0.415013
arm_1_right_finger,211.611000,0.523367,0.011924,0.680431,-0.584937,0.492783,-0.492729,0.415008
arm_1_right_finger,211.627000,0.523366,0.011924,0.680432,-0.584934,0.492779,-0.492733,0.415013
arm_1_right_finger,211.643000,0.523366,0.011924,0.680432,-0.584931,0.492776,-0.492736,0.415016
arm_1_right_finger,211.659000,0.523366,0.011924,0.680433,-0.584929,0.492773,-0.492738,0.415019
arm_1_right_finger,211.675000,0.523365,0.011924,0.680433,-0.584927,0.492771,-0.492740,0.415022
arm_1_right_finger,211.692000,0.523365,0.011924,0.680434,-0.584924,0.492767,-0.492745,0.415027
arm_1_right_finger,211.709000,0.523365,0.011925,0.680434,-0.584922,0.492765,-0.492747,0.415029
arm_1_right_finger,211.726000,0.523365,0.011925,0.680435,-0.584921,0.492763,-0.492748,0.415031
arm_1_right_finger,211.742000,0.523364,0.011925,0.680435,-0.584920,0.492763,-0.492749,0.415032
arm_1_right_finger,211.759000,0.523368,0.011924,0.680429,-0.584945,0.492792,-0.492720,0.414997
arm_1_right_finger,211.776000,0.523367,0.011924,0.680431,-0.584937,0.492783,-0.492729,0.415008
arm_1_right_finger,211.792000,0.523366,0.011924,0.680432,-0.584932,0.492777,-0.492735,0.415015
arm_1_right_finger,211.808000,0.523366,0.011924,0.680432,-0.584931,0.492776,-0.492736,0.415016
arm_1_right_finger,211.825000,0.523365,0.011924,0.680433,-0.584927,0.492771,-0.492740,0.415022
arm_1_right_finger,211.842000,0.523365,0.011925,0.680434,-0.584924,0.492768,-0.492744,0.415026
arm_1_right_finger,211.858000,0.523365,0.011925,0.680434,-0.584923,0.492766,-0.492745,0.415028
arm_1_right_finger,211.875000,0.523365,0.011925,0.680435,-0.584921,0.492764,-0.492748,0.415030
arm_1_right_finger,211.893000,0.523364,0.011925,0.680435,-0.584920,0.492763,-0.492749,0.415032
arm_1_right_finger,211.910000,0.523367,0.011924,0.680430,-0.584941,0.492787,-0.492725,0.415003
arm_1_right_finger,211.927000,0.523366,0.011924,0.680432,-0.584934,0.492779,-0.492733,0.415013
arm_1_right_finger,211.941000,0.523367,0.011924,0.680431,-0.584937,0.492783,-0.492729,0.415008
arm_1_right_finger,211.955000,0.523367,0.011924,0.680430,-0.584941,0.492787,-0.492725,0.415003
arm_1_right_finger,211.971000,0.523367,0.011924,0.680431,-0.584937,0.492783,-0.492729,0.415008
arm_1_right_finger,211.988000,0.523366,0.011924,0.680432,-0.584931,0.492776,-0.492736,0.415016
arm_1_right_finger,212.005000,0.523366,0.011924,0.680433,-0.584926,0.492770,-0.492742,0.415023
arm_1_right_finger,212.020000,0.523365,0.011924,0.680433,-0.584927,0.492771,-0.492741,0.415022
arm_1_right_finger,212.035000,0.523365,0.011924,0.680433,-0.584927,0.492771,-0.492740,0.415022
arm_1_right_finger,212.051000,0.523365,0.011924,0.680434,-0.584926,0.492769,-0.492742,0.415024
arm_1_right_finger,212.067000,0.523365,0.011925,0.680434,-0.584924,0.492768,-0.492744,0.415026
arm_1_right_finger,212.084000,0.523365,0.011925,0.680434,-0.584922,0.492765,-0.492747,0.415029
arm_1_right_finger,212.101000,0.523365,0.011925,0.680435,-0.584921,0.492763,-0.492748,0.415031
arm_1_right_finger,212.119000,0.523368,0.011924,0.680429,-0.584945,0.492792,-0.492720,0.414997
arm_1_right_finger,212.136000,0.523367,0.011924,0.680431,-0.584937,0.492783,-0.492729,0.415008
arm_1_right_finger,212.153000,0.523366,0.011924,0.680432,-0.584931,0.492776,-0.492736,0.415016
arm_1_right_finger,212.171000,0.523365,0.011924,0.680434,-0.584926,0.492769,-0.492742,0.415024
arm_1_right_finger,212.185000,0.523365,0.011924,0.680433,-0.584927,0.492771,-0.492740,0.415022
arm_1_right_finger,212.203000,0.523365,0.011925,0.680434,-0.584923,0.492766,-0.492745,0.415028
arm_1_right_finger,212.221000,0.523365,0.011925,0.680435,-0.584920,0.492763,-0.492749,0.415032
arm_1_right_finger,212.238000,0.523364,0.011925,0.680435,-0.584920,0.492763,-0.492749,0.415032
arm_1_right_finger,212.255000,0.523367,0.011924,0.680430,-0.584941,0.492787,-0.492725,0.415003
arm_1_right_finger,212.272000,0.523366,0.011924,0.680432,-0.584934,0.492779,-0.492733,0.415013
arm_1_right_finger,212.289000,0.523366,0.011924,0.680433,-0.584929,0.492773,-0.492738,0.415019
arm_1_right_finger,212.307000,0.523365,0.011925,0.680434,-0.584924,0.492768,-0.492744,0.415026
arm_1_right_finger,212.324000,0.523365,0.011925,0.680434,-0.584922,0.492765,-0.492747,0.415030
arm_1_right_finger,212.341000,0.523365,0.011925,0.680435,-0.584921,0.492763,-0.492748,0.415031
arm_1_right_finger,212.354000,0.523365,0.011925,0.680434,-0.584922,0.492765,-0.492747,0.415029
arm_1_right_finger,212.362000,0.523366,0.011924,0.680432,-0.584934,0.492779,-0.492733,0.415013
arm_1_right_finger,212.379000,0.523366,0.011924,0.680433,-0.584929,0.492773,-0.492738,0.415019
arm_1_right_finger,212.396000,0.523365,0.011924,0.680434,-0.584926,0.492769,-0.492742,0.415024
arm_1_right_finger,212.413000,0.523365,0.011925,0.680434,-0.584923,0.492766,-0.492745,0.415028
arm_1_right_finger,212.430000,0.523365,0.011925,0.680435,-0.584921,0.492764,-0.492748,0.415031
arm_1_right_finger,212.446000,0.523365,0.011925,0.680435,-0.584921,0.492763,-0.492748,0.415031
arm_1_right_finger,212.463000,0.523364,0.011925,0.680435,-0.584920,0.492763,-0.492749,0.415032
arm_1_right_finger,212.480000,0.523367,0.011924,0.680430,-0.584941,0.492787,-0.492725,0.415003
arm_1_right_finger,212.496000,0.523367,0.011924,0.680431,-0.584937,0.492783,-0.492729,0.415008
arm_1_right_finger,212.513000,0.523366,0.011924,0.680432,-0.584931,0.492776,-0.492736,0.415016
arm_1_right_finger,212.530000,0.523366,0.011924,0.680433,-0.584926,0.492770,-0.492742,0.415023
arm_1_right_finger,212.547000,0.523365,0.011925,0.680434,-0.584924,0.492768,-0.492744,0.415026
arm_1_right_finger,212.564000,0.523365,0.011925,0.680434,-0.584922,0.492765,-0.492747,0.415029
arm_1_right_finger,212.582000,0.523364,0.011925,0.680435,-0.584920,0.492763,-0.492749,0.415032
arm_1_right_finger,212.599000,0.523368,0.011924,0.680429,-0.584945,0.492792,-0.492720,0.414997
arm_1_right_finger,212.616000,0.523367,0.011924,0.680431,-0.584937,0.492783,-0.492729,0.415008
arm_1_right_finger,212.633000,0.523366,0.011924,0.680432,-0.584930,0.492774,-0.492737,0.415018
arm_1_right_finger,212.651000,0.523365,0.011924,0.680434,-0.584926,0.492769,-0.492742,0.415024
arm_1_right_finger,212.669000,0.523365,0.011925,0.680434,-0.584922,0.492765,-0.492747,0.415029
arm_1_right_finger,212.687000,0.523364,0.011925,0.680435,-0.584920,0.492763,-0.492749,0.415032
arm_1_right_finger,212.704000,0.523368,0.011924,0.680429,-0.584945,0.492792,-0.492720,0.414997
arm_1_right_finger,212.721000,0.523367,0.011924,0.680431,-0.584937,0.492783,-0.492729,0.415008
arm_1_right_finger,212.738000,0.523366,0.011924,0.680432,-0.584930,0.492774,-0.492737,0.415018
arm_1_right_finger,212.755000,0.523365,0.011924,0.680433,-0.584927,0.492771,-0.492741,0.415022
arm_1_right_finger,212.769000,0.523366,0.011924,0.680433,-0.584929,0.492773,-0.492738,0.415019
arm_1_right_finger,212.786000,0.523365,0.011924,0.680434,-0.584926,0.492769,-0.492742,0.415024
arm_1_right_finger,212.802000,0.523365,0.011925,0.680434,-0.584924,0.492768,-0.492744,0.415026
arm_1_right_finger,212.819000,0.523365,0.011925,0.680434,-0.584922,0.492765,-0.492747,0.415029
arm_1_right_finger,212.836000,0.523365,0.011925,0.680435,-0.584921,0.492763,-0.492748,0.415031
arm_1_right_finger,212.854000,0.523368,0.011924,0.680429,-0.584945,0.492792,-0.492720,0.414997
arm_1_right_finger,212.871000,0.523367,0.011924,0.680431,-0.584937,0.492783,-0.492729,0.415008
arm_1_right_finger,212.888000,0.523366,0.011924,0.680432,-0.584931,0.492776,-0.492736,0.415016
arm_1_right_finger,212.903000,0.523366,0.011924,0.680432,-0.584931,0.492776,-0.492736,0.415016
arm_1_right_finger,212.918000,0.523366,0.011924,0.680432,-0.584931,0.492776,-0.492736,0.415016
arm_1_right_finger,212.931000,0.523367,0.011924,0.680431,-0.584937,0.492783,-0.492729,0.415008
arm_1_right_finger,212.946000,0.523367,0.011924,0.680431,-0.584935,0.492781,-0.492731,0.415011
arm_1_right_finger,212.962000,0.523366,0.011924,0.680432,-0.584934,0.492779,-0.492733,0.415013
arm_1_right_finger,212.978000,0.523366,0.011924,0.680432,-0.584931,0.492776,-0.492736,0.415016
arm_1_right_finger,212.995000,0.523365,0.011924,0.680433,-0.584927,0.492771,-0.492740,0.415022
arm_1_right_finger,213.011000,0.523365,0.011924,0.680434,-0.584926,0.492769,-0.492742,0.415024
arm_1_right_finger,213.028000,0.523365,0.011925,0.680434,-0.584923,0.492766,-0.492745,0.415028
arm_1_right_finger,213.045000,0.523365,0.011925,0.680435,-0.584921,0.492764,-0.492748,0.415030
arm_1_right_finger,213.062000,0.523364,0.011925,0.680435,-0.584920,0.492762,-0.492749,0.415033
arm_1_right_finger,213.079000,0.523368,0.011924,0.680429,-0.584945,0.492792,-0.492720,0.414997
arm_1_right_finger,213.096000,0.523367,0.011924,0.680431,-0.584937,0.492783,-0.492729,0.415008
arm_1_right_finger,213.113000,0.523366,0.011924,0.680432,-0.584931,0.492776,-0.492736,0.415016
arm_1_right_finger,213.130000,0.523365,0.011924,0.680433,-0.584927,0.492771,-0.492740,0.415022
arm_1_right_finger,213.146000,0.523365,0.011924,0.680434,-0.584926,0.492769,-0.492742,0.415024
arm_1_right_finger,213.163000,0.523365,0.011925,0.680434,-0.584923,0.492766,-0.492746,0.415029
arm_1_right_finger,213.180000,0.523365,0.011925,0.680435,-0.584921,0.492764,-0.492748,0.415030
arm_1_right_finger,213.197000,0.523364,0.011925,0.680435,-0.584920,0.492763,-0.492749,0.415032
arm_1_right_finger,213.214000,0.523368,0.011924,0.680429,-0.584945,0.492792,-0.492720,0.414997
arm_1_right_finger,213.231000,0.523367,0.011924,0.680431,-0.584937,0.492783,-0.492729,0.415008
arm_1_right_finger,213.248000,0.523366,0.011924,0.680432,-0.584931,0.492776,-0.492736,0.415016
arm_1_right_finger,213.265000,0.523366,0.011924,0.680433,-0.584926,0.492770,-0.492742,0.415023
arm_1_right_finger,213.282000,0.523365,0.011925,0.680434,-0.584924,0.492768,-0.492744,0.415026
arm_1_right_finger,213.299000,0.523365,0.011925,0.680434,-0.584922,0.492765,-0.492747,0.415029
arm_1_right_finger,213.317000,0.523364,0.011925,0.680435,-0.584920,0.492763,-0.492749,0.415032
arm_1_right_finger,213.334000,0.523368,0.011924,0.680429,-0.584945,0.492792,-0.492720,0.414997
arm_1_right_finger,213.351000,0.523367,0.011924,0.680431,-0.584937,0.492783,-0.492729,0.415008
arm_1_right_finger,213.368000,0.523366,0.011924,0.680432,-0.584930,0.492774,-0.492737,0.415018
arm_1_right_finger,213.385000,0.523365,0.011924,0.680433,-0.584927,0.492771,-0.492741,0.415022
arm_1_right_finger,213.403000,0.523365,0.011925,0.680434,-0.584923,0.492766,-0.492745,0.415028
arm_1_right_finger,213.421000,0.523365,0.011925,0.680435,-0.584921,0.492763,-0.492748,0.415031
arm_1_right_finger,213.438000,0.523364,0.011925,0.680435,-0.584920,0.492763,-0.492749,0.415032
arm_1_right_finger,213.452000,0.523364,0.011925,0.680435,-0.584920,0.492763,-0.492749,0.415032
arm_1_right_finger,213.467000,0.523364,0.011925,0.680435,-0.584920,0.492763,-0.492749,0.415032
arm_1_right_finger,213.480000,0.523365,0.011925,0.680435,-0.584921,0.492764,-0.492748,0.415031
arm_1_right_finger,213.496000,0.523365,0.011925,0.680435,-0.584921,0.492763,-0.492748,0.415031
arm_1_right_finger,213.513000,0.523364,0.011925,0.680435,-0.584920,0.492763,-0.492749,0.415032
arm_1_right_finger,213.529000,0.523368,0.011924,0.680429,-0.584945,0.492792,-0.492720,0.414997
arm_1_right_finger,213.546000,0.523367,0.011924,0.680431,-0.584937,0.492783,-0.492729,0.415008
arm_1_right_finger,213.563000,0.523366,0.011924,0.680432,-0.584931,0.492776,-0.492736,0.415016
arm_1_right_finger,213.581000,0.523365,0.011924,0.680434,-0.584925,0.492768,-0.492743,0.415026
arm_1_right_finger,213.598000,0.523365,0.011925,0.680434,-0.584923,0.492766,-0.492745,0.415028
arm_1_right_finger,213.615000,0.523365,0.011925,0.680435,-0.584921,0.492764,-0.492748,0.415030
arm_1_right_finger,213.631000,0.523365,0.011925,0.680435,-0.584921,0.492763,-0.492748,0.415031
arm_1_right_finger,213.647000,0.523364,0.011925,0.680435,-0.584920,0.492763,-0.492749,0.415032
arm_1_right_finger,213.662000,0.523364,0.011925,0.680435,-0.584920,0.492763,-0.492749,0.415032
arm_1_right_finger,213.679000,0.523368,0.011924,0.680429,-0.584942,0.492789,-0.492723,0.415001
arm_1_right_finger,213.695000,0.523367,0.011924,0.680430,-0.584941,0.492787,-0.492725,0.415003
arm_1_right_finger,213.712000,0.523366,0.011924,0.680432,-0.584934,0.492779,-0.492733,0.415013
arm_1_right_finger,213.729000,0.523366,0.011924,0.680433,-0.584929,0.492773,-0.492738,0.415019
arm_1_right_finger,213.746000,0.523365,0.011924,0.680434,-0.584926,0.492769,-0.492742,0.415024
arm_1_right_finger,213.763000,0.523365,0.011925,0.680434,-0.584923,0.492766,-0.492745,0.415028
arm_1_right_finger,213.781000,0.523365,0.011925,0.680435,-0.584921,0.492763,-0.492748,0.415031
arm_1_right_finger,213.798000,0.523364,0.011925,0.680435,-0.584920,0.492762,-0.492749,0.415033
arm_1_right_finger,213.816000,0.523367,0.011924,0.680431,-0.584937,0.492783,-0.492729,0.415008
arm_1_right_finger,213.833000,0.523366,0.011924,0.680432,-0.584931,0.492776,-0.492736,0.415016
arm_1_right_finger,213.850000,0.523365,0.011924,0.680433,-0.584927,0.492771,-0.492740,0.415022
arm_1_right_finger,213.866000,0.523365,0.011924,0.680434,-0.584926,0.492769,-0.492742,0.415024
arm_1_right_finger,213.883000,0.523365,0.011925,0.680434,-0.584923,0.492766,-0.492745,0.415028
arm_1_right_finger,213.900000,0.523365,0.011925,0.680435,-0.584921,0.492764,-0.492748,0.415031
arm_1_right_finger,213.917000,0.523364,0.011925,0.680435,-0.584920,0.492763,-0.492749,0.415032
arm_1_right_finger,213.933000,0.523364,0.011925,0.680435,-0.584920,0.492763,-0.492749,0.415032
arm_1_right_finger,213.948000,0.523364,0.011925,0.680435,-0.584920,0.492763,-0.492749,0.415032
arm_1_right_finger,213.964000,0.523368,0.011924,0.680429,-0.584945,0.492792,-0.492720,0.414997
arm_1_right_finger,213.980000,0.523367,0.011924,0.680430,-0.584941,0.492787,-0.492725,0.415003
arm_1_right_finger,213.996000,0.523367,0.011924,0.680431,-0.584935,0.492781,-0.492731,0.415011
arm_1_right_finger,214.012000,0.523366,0.011924,0.680432,-0.584934,0.492779,-0.492733,0.415013
arm_1_right_finger,214.028000,0.523366,0.011924,0.680432,-0.584931,0.492776,-0.492736,0.415016
arm_1_right_finger,214.044000,0.523366,0.011924,0.680433,-0.584929,0.492773,-0.492738,0.415019
arm_1_right_finger,214.060000,0.523365,0.011924,0.680433,-0.584927,0.492771,-0.492740,0.415022
arm_1_right_finger,214.077000,0.523365,0.011925,0.680434,-0.584924,0.492768,-0.492744,0.415026
arm_1_right_finger,214.093000,0.523365,0.011925,0.680434,-0.584923,0.492766,-0.492745,0.415028
arm_1_right_finger,214.110000,0.523365,0.011925,0.680435,-0.584921,0.492764,-0.492748,0.415031
arm_1_right_finger,214.127000,0.523364,0.011925,0.680435,-0.584920,0.492763,-0.492749,0.415032
arm_1_right_finger,214.144000,0.523368,0.011924,0.680429,-0.584945,0.492792,-0.492720,0.414997
arm_1_right_finger,214.161000,0.523367,0.011924,0.680431,-0.584937,0.492783,-0.492729,0.415008
arm_1_right_finger,214.178000,0.523366,0.011924,0.680432,-0.584931,0.492776,-0.492736,0.415016
arm_1_right_finger,214.195000,0.523365,0.011924,0.680433,-0.584927,0.492771,-0.492740,0.415022
arm_1_right_finger,214.211000,0.523365,0.011924,0.680434,-0.584925,0.492768,-0.492743,0.415026
arm_1_right_finger,214.227000,0.523365,0.011925,0.680434,-0.584924,0.492768,-0.492744,0.415026
arm_1_right_finger,214.243000,0.523365,0.011925,0.680434,-0.584923,0.492766,-0.492745,0.415028
arm_1_right_finger,214.259000,0.523365,0.011925,0.680434,-0.584922,0.492765,-0.492747,0.415029
arm_1_right_finger,214.275000,0.523365,0.011925,0.680435,-0.584921,0.492764,-0.492748,0.415030
arm_1_right_finger,214.291000,0.523365,0.011925,0.680435,-0.584921,0.492763,-0.492748,0.415031
arm_1_right_finger,214.305000,0.523365,0.011925,0.680435,-0.584921,0.492764,-0.492748,0.415030
arm_1_right_finger,214.321000,0.523365,0.011925,0.680435,-0.584920,0.492763,-0.492749,0.415032
arm_1_right_finger,214.338000,0.523364,0.011925,0.680435,-0.584920,0.492763,-0.492749,0.415032
arm_1_right_finger,214.355000,0.523367,0.011924,0.680430,-0.584941,0.492787,-0.492725,0.415003
arm_1_right_finger,214.372000,0.523366,0.011924,0.680432,-0.584934,0.492779,-0.492733,0.415013
arm_1_right_finger,214.388000,0.523366,0.011924,0.680432,-0.584931,0.492776,-0.492736,0.415016
arm_1_right_finger,214.404000,0.523366,0.011924,0.680433,-0.584929,0.492773,-0.492738,0.415019
arm_1_right_finger,214.420000,0.523366,0.011924,0.680433,-0.584926,0.492770,-0.492742,0.415023
arm_1_right_finger,214.436000,0.523365,0.011924,0.680434,-0.584926,0.492769,-0.492742,0.415024
arm_1_right_finger,214.441000,0.523365,0.011925,0.680435,-0.584921,0.492763,-0.492748,0.415031
arm_1_right_finger,214.454000,0.523365,0.011925,0.680434,-0.584922,0.492765,-0.492747,0.415029
arm_1_right_finger,214.470000,0.523365,0.011925,0.680435,-0.584921,0.492764,-0.492748,0.415030
arm_1_right_finger,214.486000,0.523365,0.011925,0.680435,-0.584921,0.492763,-0.492748,0.415031
arm_1_right_finger,214.501000,0.523365,0.011925,0.680435,-0.584921,0.492763,-0.492748,0.415031
arm_1_right_finger,214.517000,0.523364,0.011925,0.680435,-0.584920,0.492763,-0.492749,0.415032
arm_1_right_finger,214.533000,0.523364,0.011925,0.680435,-0.584920,0.492762,-0.492749,0.415033
arm_1_right_finger,214.547000,0.523364,0.011925,0.680435,-0.584920,0.492763,-0.492749,0.415032
arm_1_right_finger,214.562000,0.523364,0.011925,0.680435,-0.584920,0.492763,-0.492749,0.415032
