entity,sim_t,x,y,z,qx,qy,qz,qw
arm_1,554.646000,0.000000,-0.350000,0.600000,0.000000,0.000000,0.707107,0.707107
arm_1,554.657000,0.000000,-0.350000,0.600000,0.000000,0.000000,0.707107,0.707107
arm_1,554.670000,0.000000,-0.350000,0.600000,0.000000,0.000000,0.707107,0.707107
arm_1,554.684000,0.000000,-0.350000,0.600000,0.000000,0.000000,0.707107,0.707107
arm_1,554.698000,0.000000,-0.350000,0.600000,0.000000,0.000000,0.707107,0.707107
arm_1,554.710000,0.000000,-0.350000,0.600000,0.000000,0.000000,0.707107,0.707107
arm_1,554.723000,0.000000,-0.350000,0.600000,0.000000,0.000000,0.707107,0.707107
arm_1,554.735000,0.000000,-0.350000,0.600000,0.000000,0.000000,0.707107,0.707107
arm_1,554.747000,0.000000,-0.350000,0.600000,0.000000,0.000000,0.707107,0.707107
arm_1,554.760000,0.000000,-0.350000,0.600000,0.000000,0.000000,0.707107,0.707107
arm_1,554.772000,0.000000,-0.350000,0.600000,0.000000,0.000000,0.707107,0.707107
arm_1,554.783000,0.000000,-0.350000,0.600000,0.000000,0.000000,0.707107,0.707107
arm_1,554.795000,0.000000,-0.350000,0.600000,0.000000,0.000000,0.707107,0.707107
arm_1,554.807000,0.000000,-0.350000,0.600000,0.000000,0.000000,0.707107,0.707107
arm_1,554.821000,0.000000,-0.350000,0.600000,0.000000,0.000000,0.707107,0.707107
arm_1,554.835000,0.000000,-0.350000,0.600000,0.000000,0.000000,0.707107,0.707107
arm_1,554.849000,0.000000,-0.350000,0.600000,0.000000,0.000000,0.707107,0.707107
arm_1,554.863000,0.000000,-0.350000,0.600000,0.000000,0.000000,0.707107,0.707107
arm_1,554.878000,0.000000,-0.350000,0.600000,0.000000,0.000000,0.707107,0.707107
arm_1,554.892000,0.000000,-0.350000,0.600000,0.000000,0.000000,0.707107,0.707107
arm_1,554.907000,0.000000,-0.350000,0.600000,0.000000,0.000000,0.707107,0.707107
arm_1,554.920000,0.000000,-0.350000,0.600000,0.000000,0.000000,0.707107,0.707107
arm_1,554.931000,0.000000,-0.350000,0.600000,0.000000,0.000000,0.707107,0.707107
arm_1,554.944000,0.000000,-0.350000,0.600000,0.000000,0.000000,0.707107,0.707107
arm_1,554.957000,0.000000,-0.350000,0.600000,0.000000,0.000000,0.707107,0.707107
arm_1,554.968000,0.000000,-0.350000,0.600000,0.000000,0.000000,0.707107,0.707107
arm_1,554.982000,0.000000,-0.350000,0.600000,0.000000,0.000000,0.707107,0.707107
arm_1,554.997000,0.000000,-0.350000,0.600000,0.000000,0.000000,0.707107,0.707107
arm_1,555.012000,0.000000,-0.350000,0.600000,0.000000,0.000000,0.707107,0.707107
arm_1,555.027000,0.000000,-0.350000,0.600000,0.000000,0.000000,0.707107,0.707107
arm_1,555.040000,0.000000,-0.350000,0.600000,0.000000,0.000000,0.707107,0.707107
arm_1,555.055000,0.000000,-0.350000,0.600000,0.000000,0.000000,0.707107,0.707107
arm_1,555.071000,0.000000,-0.350000,0.600000,0.000000,0.000000,0.707107,0.707107
arm_1,555.086000,0.000000,-0.350000,0.600000,0.000000,0.000000,0.707107,0.707107
arm_1,555.101000,0.000000,-0.350000,0.600000,0.000000,0.000000,0.707107,0.707107
arm_1,555.116000,0.000000,-0.350000,0.600000,0.000000,0.000000,0.707107,0.707107
arm_1,555.130000,0.000000,-0.350000,0.600000,0.000000,0.000000,0.707107,0.707107
arm_1,555.146000,0.000000,-0.350000,0.600000,0.000000,0.000000,0.707107,0.707107
arm_1,555.162000,0.000000,-0.350000,0.600000,0.000000,0.000000,0.707107,0.707107
arm_1,555.177000,0.000000,-0.350000,0.600000,0.000000,0.000000,0.707107,0.707107
arm_1,555.192000,0.000000,-0.350000,0.600000,0.000000,0.000000,0.707107,0.707107
arm_1,555.207000,0.000000,-0.350000,0.600000,0.000000,0.000000,0.707107,0.707107
arm_1,555.223000,0.000000,-0.350000,0.600000,0.000000,0.000000,0.707107,0.707107
arm_1,555.239000,0.000000,-0.350000,0.600000,0.000000,0.000000,0.707107,0.707107
arm_1,555.254000,0.000000,-0.350000,0.600000,0.000000,0.000000,0.707107,0.707107
arm_1,555.270000,0.000000,-0.350000,0.600000,0.000000,0.000000,0.707107,0.707107
arm_1,555.286000,0.000000,-0.350000,0.600000,0.000000,0.000000,0.707107,0.707107
arm_1,555.301000,0.000000,-0.350000,0.600000,0.000000,0.000000,0.707107,0.707107
arm_1,555.314000,0.000000,-0.350000,0.600000,0.000000,0.000000,0.707107,0.707107
arm_1,555.326000,0.000000,-0.350000,0.600000,0.000000,0.000000,0.707107,0.707107
arm_1,555.341000,0.000000,-0.350000,0.600000,0.000000,0.000000,0.707107,0.707107
arm_1,555.355000,0.000000,-0.350000,0.600000,0.000000,0.000000,0.707107,0.707107
arm_1,555.370000,0.000000,-0.350000,0.600000,0.000000,0.000000,0.707107,0.707107
arm_1,555.384000,0.000000,-0.350000,0.600000,0.000000,0.000000,0.707107,0.707107
arm_1,555.399000,0.000000,-0.350000,0.600000,0.000000,0.000000,0.707107,0.707107
arm_1,555.415000,0.000000,-0.350000,0.600000,0.000000,0.000000,0.707107,0.707107
arm_1,555.431000,0.000000,-0.350000,0.600000,0.000000,0.000000,0.707107,0.707107
arm_1,555.446000,0.000000,-0.350000,0.600000,0.000000,0.000000,0.707107,0.707107
arm_1,555.462000,0.000000,-0.350000,0.600000,0.000000,0.000000,0.707107,0.707107
arm_1,555.476000,0.000000,-0.350000,0.600000,0.000000,0.000000,0.707107,0.707107
arm_1,555.490000,0.000000,-0.350000,0.600000,0.000000,0.000000,0.707107,0.707107
arm_1,555.503000,0.000000,-0.350000,0.600000,0.000000,0.000000,0.707107,0.707107
arm_1,555.516000,0.000000,-0.350000,0.600000,0.000000,0.000000,0.707107,0.707107
arm_1,555.530000,0.000000,-0.350000,0.600000,0.000000,0.000000,0.707107,0.707107
arm_1,555.545000,0.000000,-0.350000,0.600000,0.000000,0.000000,0.707107,0.707107
arm_1,555.559000,0.000000,-0.350000,0.600000,0.000000,0.000000,0.707107,0.707107
arm_1,555.574000,0.000000,-0.350000,0.600000,0.000000,0.000000,0.707107,0.707107
arm_1,555.589000,0.000000,-0.350000,0.600000,0.000000,0.000000,0.707107,0.707107
arm_1,555.603000,0.000000,-0.350000,0.600000,0.000000,0.000000,0.707107,0.707107
arm_1,555.619000,0.000000,-0.350000,0.600000,0.000000,0.000000,0.707107,0.707107
arm_1,555.635000,0.000000,-0.350000,0.600000,0.000000,0.000000,0.707107,0.707107
arm_1,555.649000,0.000000,-0.350000,0.600000,0.000000,0.000000,0.707107,0.707107
arm_1,555.658000,0.000000,-0.350000,0.600000,0.000000,0.000000,0.707107,0.707107
arm_1,555.673000,0.000000,-0.350000,0.600000,0.000000,0.000000,0.707107,0.707107
arm_1,555.688000,0.000000,-0.350000,0.600000,0.000000,0.000000,0.707107,0.707107
arm_1,555.703000,0.000000,-0.350000,0.600000,0.000000,0.000000,0.707107,0.707107
arm_1,555.717000,0.000000,-0.350000,0.600000,0.000000,0.000000,0.707107,0.707107
arm_1,555.732000,0.000000,-0.350000,0.600000,0.000000,0.000000,0.707107,0.707107
arm_1,555.745000,0.000000,-0.350000,0.600000,0.000000,0.000000,0.707107,0.707107
arm_1,555.758000,0.000000,-0.350000,0.600000,0.000000,0.000000,0.707107,0.707107
arm_1,555.773000,0.000000,-0.350000,0.600000,0.000000,0.000000,0.707107,0.707107
arm_1,555.788000,0.000000,-0.350000,0.600000,0.000000,0.000000,0.707107,0.707107
arm_1,555.804000,0.000000,-0.350000,0.600000,0.000000,0.000000,0.707107,0.707107
arm_1,555.818000,0.000000,-0.350000,0.600000,0.000000,0.000000,0.707107,0.707107
arm_1,555.833000,0.000000,-0.350000,0.600000,0.000000,0.000000,0.707107,0.707107
arm_1,555.847000,0.000000,-0.350000,0.600000,0.000000,0.000000,0.707107,0.707107
arm_1,555.862000,0.000000,-0.350000,0.600000,0.000000,0.000000,0.707107,0.707107
arm_1,555.876000,0.000000,-0.350000,0.600000,0.000000,0.000000,0.707107,0.707107
arm_1,555.890000,0.000000,-0.350000,0.600000,0.000000,0.000000,0.707107,0.707107
arm_1,555.903000,0.000000,-0.350000,0.600000,0.000000,0.000000,0.707107,0.707107
arm_1,555.917000,0.000000,-0.350000,0.600000,0.000000,0.000000,0.707107,0.707107
arm_1,555.931000,0.000000,-0.350000,0.600000,0.000000,0.000000,0.707107,0.707107
arm_1,555.946000,0.000000,-0.350000,0.600000,0.000000,0.000000,0.707107,0.707107
arm_1,555.959000,0.000000,-0.350000,0.600000,0.000000,0.000000,0.707107,0.707107
arm_1,555.973000,0.000000,-0.350000,0.600000,0.000000,0.000000,0.707107,0.707107
arm_1,555.986000,0.000000,-0.350000,0.600000,0.000000,0.000000,0.707107,0.707107
arm_1,555.998000,0.000000,-0.350000,0.600000,0.000000,0.000000,0.707107,0.707107
arm_1,556.012000,0.000000,-0.350000,0.600000,0.000000,0.000000,0.707107,0.707107
arm_1,556.026000,0.000000,-0.350000,0.600000,0.000000,0.000000,0.707107,0.707107
arm_1,556.041000,0.000000,-0.350000,0.600000,0.000000,0.000000,0.707107,0.707107
arm_1,556.056000,0.000000,-0.350000,0.600000,0.000000,0.000000,0.707107,0.707107
arm_1,556.069000,0.000000,-0.350000,0.600000,0.000000,0.000000,0.707107,0.707107
arm_1,556.083000,0.000000,-0.350000,0.600000,0.000000,0.000000,0.707107,0.707107
arm_1,556.098000,0.000000,-0.350000,0.600000,0.000000,0.000000,0.707107,0.707107
arm_1,556.113000,0.000000,-0.350000,0.600000,0.000000,0.000000,0.707107,0.707107
arm_1,556.127000,0.000000,-0.350000,0.600000,0.000000,0.000000,0.707107,0.707107
arm_1,556.142000,0.000000,-0.350000,0.600000,0.000000,0.000000,0.707107,0.707107
arm_1,556.158000,0.000000,-0.350000,0.600000,0.000000,0.000000,0.707107,0.707107
arm_1,556.174000,0.000000,-0.350000,0.600000,0.000000,0.000000,0.707107,0.707107
arm_1,556.190000,0.000000,-0.350000,0.600000,0.000000,0.000000,0.707107,0.707107
arm_1,556.202000,0.000000,-0.350000,0.600000,0.000000,0.000000,0.707107,0.707107
arm_1,556.213000,0.000000,-0.350000,0.600000,0.000000,0.000000,0.707107,0.707107
arm_1,556.228000,0.000000,-0.350000,0.600000,0.000000,0.000000,0.707107,0.707107
arm_1,556.243000,0.000000,-0.350000,0.600000,0.000000,0.000000,0.707107,0.707107
arm_1,556.257000,0.000000,-0.350000,0.600000,0.000000,0.000000,0.707107,0.707107
arm_1,556.272000,0.000000,-0.350000,0.600000,0.000000,0.000000,0.707107,0.707107
arm_1,556.287000,0.000000,-0.350000,0.600000,0.000000,0.000000,0.707107,0.707107
arm_1,556.301000,0.000000,-0.350000,0.600000,0.000000,0.000000,0.707107,0.707107
arm_1,556.317000,0.000000,-0.350000,0.600000,0.000000,0.000000,0.707107,0.707107
arm_1,556.331000,0.000000,-0.350000,0.600000,0.000000,0.000000,0.707107,0.707107
arm_1,556.345000,0.000000,-0.350000,0.600000,0.000000,0.000000,0.707107,0.707107
arm_1,556.358000,0.000000,-0.350000,0.600000,0.000000,0.000000,0.707107,0.707107
arm_1,556.372000,0.000000,-0.350000,0.600000,0.000000,0.000000,0.707107,0.707107
arm_1,556.388000,0.000000,-0.350000,0.600000,0.000000,0.000000,0.707107,0.707107
arm_1,556.404000,0.000000,-0.350000,0.600000,0.000000,0.000000,0.707107,0.707107
arm_1,556.420000,0.000000,-0.350000,0.600000,0.000000,0.000000,0.707107,0.707107
arm_1,556.436000,0.000000,-0.350000,0.600000,0.000000,0.000000,0.707107,0.707107
arm_1,556.451000,0.000000,-0.350000,0.600000,0.000000,0.000000,0.707107,0.707107
arm_1,556.466000,0.000000,-0.350000,0.600000,0.000000,0.000000,0.707107,0.707107
arm_1,556.480000,0.000000,-0.350000,0.600000,0.000000,0.000000,0.707107,0.707107
arm_1,556.494000,0.000000,-0.350000,0.600000,0.000000,0.000000,0.707107,0.707107
arm_1,556.509000,0.000000,-0.350000,0.600000,0.000000,0.000000,0.707107,0.707107
arm_1,556.525000,0.000000,-0.350000,0.600000,0.000000,0.000000,0.707107,0.707107
arm_1,556.540000,0.000000,-0.350000,0.600000,0.000000,0.000000,0.707107,0.707107
arm_1,556.554000,0.000000,-0.350000,0.600000,0.000000,0.000000,0.707107,0.707107
arm_1,556.569000,0.000000,-0.350000,0.600000,0.000000,0.000000,0.707107,0.707107
arm_1,556.584000,0.000000,-0.350000,0.600000,0.000000,0.000000,0.707107,0.707107
arm_1,556.599000,0.000000,-0.350000,0.600000,0.000000,0.000000,0.707107,0.707107
arm_1,556.614000,0.000000,-0.350000,0.600000,0.000000,0.000000,0.707107,0.707107
arm_1,556.629000,0.000000,-0.350000,0.600000,0.000000,0.000000,0.707107,0.707107
arm_1,556.643000,0.000000,-0.350000,0.600000,0.000000,0.000000,0.707107,0.707107
arm_1,556.660000,0.000000,-0.350000,0.600000,0.000000,0.000000,0.707107,0.707107
arm_1,556.676000,0.000000,-0.350000,0.600000,0.000000,0.000000,0.707107,0.707107
arm_1,556.691000,0.000000,-0.350000,0.600000,0.000000,0.000000,0.707107,0.707107
arm_1,556.707000,0.000000,-0.350000,0.600000,0.000000,0.000000,0.707107,0.707107
arm_1,556.723000,0.000000,-0.350000,0.600000,0.000000,0.000000,0.707107,0.707107
arm_1,556.738000,0.000000,-0.350000,0.600000,0.000000,0.000000,0.707107,0.707107
arm_1,556.753000,0.000000,-0.350000,0.600000,0.000000,0.000000,0.707107,0.707107
arm_1,556.769000,0.000000,-0.350000,0.600000,0.000000,0.000000,0.707107,0.707107
arm_1,556.785000,0.000000,-0.350000,0.600000,0.000000,0.000000,0.707107,0.707107
arm_1,556.800000,0.000000,-0.350000,0.600000,0.000000,0.000000,0.707107,0.707107
arm_1,556.815000,0.000000,-0.350000,0.600000,0.000000,0.000000,0.707107,0.707107
arm_1,556.829000,0.000000,-0.350000,0.600000,0.000000,0.000000,0.707107,0.707107
arm_1,556.844000,0.000000,-0.350000,0.600000,0.000000,0.000000,0.707107,0.707107
arm_1,556.859000,0.000000,-0.350000,0.600000,0.000000,0.000000,0.707107,0.707107
arm_1,556.875000,0.000000,-0.350000,0.600000,0.000000,0.000000,0.707107,0.707107
arm_1,556.890000,0.000000,-0.350000,0.600000,0.000000,0.000000,0.707107,0.707107
arm_1,556.906000,0.000000,-0.350000,0.600000,0.000000,0.000000,0.707107,0.707107
arm_1,556.922000,0.000000,-0.350000,0.600000,0.000000,0.000000,0.707107,0.707107
arm_1,556.937000,0.000000,-0.350000,0.600000,0.000000,0.000000,0.707107,0.707107
arm_1,556.952000,0.000000,-0.350000,0.600000,0.000000,0.000000,0.707107,0.707107
arm_1,556.968000,0.000000,-0.350000,0.600000,0.000000,0.000000,0.707107,0.707107
arm_1,556.983000,0.000000,-0.350000,0.600000,0.000000,0.000000,0.707107,0.707107
arm_1,556.998000,0.000000,-0.350000,0.600000,0.000000,0.000000,0.707107,0.707107
arm_1,557.013000,0.000000,-0.350000,0.600000,0.000000,0.000000,0.707107,0.707107
arm_1,557.029000,0.000000,-0.350000,0.600000,0.000000,0.000000,0.707107,0.707107
arm_1,557.044000,0.000000,-0.350000,0.600000,0.000000,0.000000,0.707107,0.707107
arm_1,557.058000,0.000000,-0.350000,0.600000,0.000000,0.000000,0.707107,0.707107
arm_1,557.074000,0.000000,-0.350000,0.600000,0.000000,0.000000,0.707107,0.707107
arm_1,557.090000,0.000000,-0.350000,0.600000,0.000000,0.000000,0.707107,0.707107
arm_1,557.106000,0.000000,-0.350000,0.600000,0.000000,0.000000,0.707107,0.707107
arm_1,557.122000,0.000000,-0.350000,0.600000,0.000000,0.000000,0.707107,0.707107
arm_1,557.137000,0.000000,-0.350000,0.600000,0.000000,0.000000,0.707107,0.707107
arm_1,557.151000,0.000000,-0.350000,0.600000,0.000000,0.000000,0.707107,0.707107
arm_1,557.166000,0.000000,-0.350000,0.600000,0.000000,0.000000,0.707107,0.707107
arm_1,557.182000,0.000000,-0.350000,0.600000,0.000000,0.000000,0.707107,0.707107
arm_1,557.198000,0.000000,-0.350000,0.600000,0.000000,0.000000,0.707107,0.707107
arm_1,557.214000,0.000000,-0.350000,0.600000,0.000000,0.000000,0.707107,0.707107
arm_1,557.229000,0.000000,-0.350000,0.600000,0.000000,0.000000,0.707107,0.707107
arm_1,557.245000,0.000000,-0.350000,0.600000,0.000000,0.000000,0.707107,0.707107
arm_1,557.261000,0.000000,-0.350000,0.600000,0.000000,0.000000,0.707107,0.707107
arm_1,557.276000,0.000000,-0.350000,0.600000,0.000000,0.000000,0.707107,0.707107
arm_1,557.292000,0.000000,-0.350000,0.600000,0.000000,0.000000,0.707107,0.707107
arm_1,557.308000,0.000000,-0.350000,0.600000,0.000000,0.000000,0.707107,0.707107
arm_1,557.323000,0.000000,-0.350000,0.600000,0.000000,0.000000,0.707107,0.707107
arm_1,557.339000,0.000000,-0.350000,0.600000,0.000000,0.000000,0.707107,0.707107
arm_1,557.353000,0.000000,-0.350000,0.600000,0.000000,0.000000,0.707107,0.707107
arm_1,557.368000,0.000000,-0.350000,0.600000,0.000000,0.000000,0.707107,0.707107
arm_1,557.382000,0.000000,-0.350000,0.600000,0.000000,0.000000,0.707107,0.707107
arm_1,557.397000,0.000000,-0.350000,0.600000,0.000000,0.000000,0.707107,0.707107
arm_1,557.413000,0.000000,-0.350000,0.600000,0.000000,0.000000,0.707107,0.707107
arm_1,557.428000,0.000000,-0.350000,0.600000,0.000000,0.000000,0.707107,0.707107
arm_1,557.442000,0.000000,-0.350000,0.600000,0.000000,0.000000,0.707107,0.707107
arm_1,557.456000,0.000000,-0.350000,0.600000,0.000000,0.000000,0.707107,0.707107
arm_1,557.469000,0.000000,-0.350000,0.600000,0.000000,0.000000,0.707107,0.707107
arm_1,557.482000,0.000000,-0.350000,0.600000,0.000000,0.000000,0.707107,0.707107
arm_1,557.496000,0.000000,-0.350000,0.600000,0.000000,0.000000,0.707107,0.707107
arm_1,557.511000,0.000000,-0.350000,0.600000,0.000000,0.000000,0.707107,0.707107
arm_1,557.526000,0.000000,-0.350000,0.600000,0.000000,0.000000,0.707107,0.707107
arm_1,557.542000,0.000000,-0.350000,0.600000,0.000000,0.000000,0.707107,0.707107
arm_1,557.558000,0.000000,-0.350000,0.600000,0.000000,0.000000,0.707107,0.707107
arm_1,557.573000,0.000000,-0.350000,0.600000,0.000000,0.000000,0.707107,0.707107
arm_1,557.590000,0.000000,-0.350000,0.600000,0.000000,0.000000,0.707107,0.707107
arm_1,557.606000,0.000000,-0.350000,0.600000,0.000000,0.000000,0.707107,0.707107
arm_1,557.622000,0.000000,-0.350000,0.600000,0.000000,0.000000,0.707107,0.707107
arm_1,557.637000,0.000000,-0.350000,0.600000,0.000000,0.000000,0.707107,0.707107
arm_1,557.652000,0.000000,-0.350000,0.600000,0.000000,0.000000,0.707107,0.707107
arm_1,557.668000,0.000000,-0.350000,0.600000,0.000000,0.000000,0.707107,0.707107
arm_1,557.684000,0.000000,-0.350000,0.600000,0.000000,0.000000,0.707107,0.707107
arm_1,557.700000,0.000000,-0.350000,0.600000,0.000000,0.000000,0.707107,0.707107
arm_1,557.716000,0.000000,-0.350000,0.600000,0.000000,0.000000,0.707107,0.707107
arm_1,557.731000,0.000000,-0.350000,0.600000,0.000000,0.000000,0.707107,0.707107
arm_1,557.746000,0.000000,-0.350000,0.600000,0.000000,0.000000,0.707107,0.707107
arm_1,557.761000,0.000000,-0.350000,0.600000,0.000000,0.000000,0.707107,0.707107
arm_1,557.776000,0.000000,-0.350000,0.600000,0.000000,0.000000,0.707107,0.707107
arm_1,557.791000,0.000000,-0.350000,0.600000,0.000000,0.000000,0.707107,0.707107
arm_1,557.806000,0.000000,-0.350000,0.600000,0.000000,0.000000,0.707107,0.707107
arm_1,557.821000,0.000000,-0.350000,0.600000,0.000000,0.000000,0.707107,0.707107
arm_1,557.837000,0.000000,-0.350000,0.600000,0.000000,0.000000,0.707107,0.707107
arm_1,557.853000,0.000000,-0.350000,0.600000,0.000000,0.000000,0.707107,0.707107
arm_1,557.869000,0.000000,-0.350000,0.600000,0.000000,0.000000,0.707107,0.707107
arm_1,557.884000,0.000000,-0.350000,0.600000,0.000000,0.000000,0.707107,0.707107
arm_1,557.900000,0.000000,-0.350000,0.600000,0.000000,0.000000,0.707107,0.707107
arm_1,557.916000,0.000000,-0.350000,0.600000,0.000000,0.000000,0.707107,0.707107
arm_1,557.931000,0.000000,-0.350000,0.600000,0.000000,0.000000,0.707107,0.707107
arm_1,557.946000,0.000000,-0.350000,0.600000,0.000000,0.000000,0.707107,0.707107
arm_1,557.961000,0.000000,-0.350000,0.600000,0.000000,0.000000,0.707107,0.707107
arm_1,557.977000,0.000000,-0.350000,0.600000,0.000000,0.000000,0.707107,0.707107
arm_1,557.993000,0.000000,-0.350000,0.600000,0.000000,0.000000,0.707107,0.707107
arm_1,558.009000,0.000000,-0.350000,0.600000,0.000000,0.000000,0.707107,0.707107
arm_1,558.023000,0.000000,-0.350000,0.600000,0.000000,0.000000,0.707107,0.707107
arm_1,558.038000,0.000000,-0.350000,0.600000,0.000000,0.000000,0.707107,0.707107
arm_1,558.054000,0.000000,-0.350000,0.600000,0.000000,0.000000,0.707107,0.707107
arm_1,558.070000,0.000000,-0.350000,0.600000,0.000000,0.000000,0.707107,0.707107
arm_1,558.086000,0.000000,-0.350000,0.600000,0.000000,0.000000,0.707107,0.707107
arm_1,558.101000,0.000000,-0.350000,0.600000,0.000000,0.000000,0.707107,0.707107
arm_1,558.117000,0.000000,-0.350000,0.600000,0.000000,0.000000,0.707107,0.707107
arm_1,558.133000,0.000000,-0.350000,0.600000,0.000000,0.000000,0.707107,0.707107
arm_1,558.149000,0.000000,-0.350000,0.600000,0.000000,0.000000,0.707107,0.707107
arm_1,558.164000,0.000000,-0.350000,0.600000,0.000000,0.000000,0.707107,0.707107
arm_1,558.179000,0.000000,-0.350000,0.600000,0.000000,0.000000,0.707107,0.707107
arm_1,558.193000,0.000000,-0.350000,0.600000,0.000000,0.000000,0.707107,0.707107
arm_1,558.207000,0.000000,-0.350000,0.600000,0.000000,0.000000,0.707107,0.707107
arm_1,558.221000,0.000000,-0.350000,0.600000,0.000000,0.000000,0.707107,0.707107
arm_1,558.235000,0.000000,-0.350000,0.600000,0.000000,0.000000,0.707107,0.707107
arm_1,558.249000,0.000000,-0.350000,0.600000,0.000000,0.000000,0.707107,0.707107
arm_1,558.265000,0.000000,-0.350000,0.600000,0.000000,0.000000,0.707107,0.707107
arm_1,558.280000,0.000000,-0.350000,0.600000,0.000000,0.000000,0.707107,0.707107
arm_1,558.295000,0.000000,-0.350000,0.600000,0.000000,0.000000,0.707107,0.707107
arm_1,558.311000,0.000000,-0.350000,0.600000,0.000000,0.000000,0.707107,0.707107
arm_1,558.326000,0.000000,-0.350000,0.600000,0.000000,0.000000,0.707107,0.707107
arm_1,558.341000,0.000000,-0.350000,0.600000,0.000000,0.000000,0.707107,0.707107
arm_1,558.356000,0.000000,-0.350000,0.600000,0.000000,0.000000,0.707107,0.707107
arm_1,558.371000,0.000000,-0.350000,0.600000,0.000000,0.000000,0.707107,0.707107
arm_1,558.386000,0.000000,-0.350000,0.600000,0.000000,0.000000,0.707107,0.707107
arm_1,558.400000,0.000000,-0.350000,0.600000,0.000000,0.000000,0.707107,0.707107
arm_1,558.413000,0.000000,-0.350000,0.600000,0.000000,0.000000,0.707107,0.707107
arm_1,558.427000,0.000000,-0.350000,0.600000,0.000000,0.000000,0.707107,0.707107
arm_1,558.442000,0.000000,-0.350000,0.600000,0.000000,0.000000,0.707107,0.707107
arm_1,558.456000,0.000000,-0.350000,0.600000,0.000000,0.000000,0.707107,0.707107
arm_1,558.471000,0.000000,-0.350000,0.600000,0.000000,0.000000,0.707107,0.707107
arm_1,558.487000,0.000000,-0.350000,0.600000,0.000000,0.000000,0.707107,0.707107
arm_1,558.503000,0.000000,-0.350000,0.600000,0.000000,0.000000,0.707107,0.707107
arm_1,558.519000,0.000000,-0.350000,0.600000,0.000000,0.000000,0.707107,0.707107
arm_1,558.534000,0.000000,-0.350000,0.600000,0.000000,0.000000,0.707107,0.707107
arm_1,558.550000,0.000000,-0.350000,0.600000,0.000000,0.000000,0.707107,0.707107
arm_1,558.566000,0.000000,-0.350000,0.600000,0.000000,0.000000,0.707107,0.707107
arm_1,558.581000,0.000000,-0.350000,0.600000,0.000000,0.000000,0.707107,0.707107
arm_1,558.594000,0.000000,-0.350000,0.600000,0.000000,0.000000,0.707107,0.707107
arm_1,558.603000,0.000000,-0.350000,0.600000,0.000000,0.000000,0.707107,0.707107
arm_1,558.616000,0.000000,-0.350000,0.600000,0.000000,0.000000,0.707107,0.707107
arm_1,558.629000,0.000000,-0.350000,0.600000,0.000000,0.000000,0.707107,0.707107
arm_1,558.644000,0.000000,-0.350000,0.600000,0.000000,0.000000,0.707107,0.707107
arm_1,558.659000,0.000000,-0.350000,0.600000,0.000000,0.000000,0.707107,0.707107
arm_1,558.675000,0.000000,-0.350000,0.600000,0.000000,0.000000,0.707107,0.707107
arm_1,558.691000,0.000000,-0.350000,0.600000,0.000000,0.000000,0.707107,0.707107
arm_1,558.707000,0.000000,-0.350000,0.600000,0.000000,0.000000,0.707107,0.707107
arm_1,558.722000,0.000000,-0.350000,0.600000,0.000000,0.000000,0.707107,0.707107
arm_1,558.738000,0.000000,-0.350000,0.600000,0.000000,0.000000,0.707107,0.707107
arm_1,558.751000,0.000000,-0.350000,0.600000,0.000000,0.000000,0.707107,0.707107
arm_1,558.766000,0.000000,-0.350000,0.600000,0.000000,0.000000,0.707107,0.707107
arm_1,558.779000,0.000000,-0.350000,0.600000,0.000000,0.000000,0.707107,0.707107
arm_1,558.794000,0.000000,-0.350000,0.600000,0.000000,0.000000,0.707107,0.707107
arm_1,558.809000,0.000000,-0.350000,0.600000,0.000000,0.000000,0.707107,0.707107
arm_1,558.825000,0.000000,-0.350000,0.600000,0.000000,0.000000,0.707107,0.707107
arm_1,558.841000,0.000000,-0.350000,0.600000,0.000000,0.000000,0.707107,0.707107
arm_1,558.857000,0.000000,-0.350000,0.600000,0.000000,0.000000,0.707107,0.707107
arm_1,558.873000,0.000000,-0.350000,0.600000,0.000000,0.000000,0.707107,0.707107
arm_1,558.887000,0.000000,-0.350000,0.600000,0.000000,0.000000,0.707107,0.707107
arm_1,558.902000,0.000000,-0.350000,0.600000,0.000000,0.000000,0.707107,0.707107
arm_1,558.918000,0.000000,-0.350000,0.600000,0.000000,0.000000,0.707107,0.707107
arm_1,558.935000,0.000000,-0.350000,0.600000,0.000000,0.000000,0.707107,0.707107
arm_1,558.951000,0.000000,-0.350000,0.600000,0.000000,0.000000,0.707107,0.707107
arm_1,558.967000,0.000000,-0.350000,0.600000,0.000000,0.000000,0.707107,0.707107
arm_1,558.983000,0.000000,-0.350000,0.600000,0.000000,0.000000,0.707107,0.707107
arm_1,558.998000,0.000000,-0.350000,0.600000,0.000000,0.000000,0.707107,0.707107
arm_1,559.013000,0.000000,-0.350000,0.600000,0.000000,0.000000,0.707107,0.707107
arm_1,559.028000,0.000000,-0.350000,0.600000,0.000000,0.000000,0.707107,0.707107
arm_1,559.044000,0.000000,-0.350000,0.600000,0.000000,0.000000,0.707107,0.707107
arm_1,559.060000,0.000000,-0.350000,0.600000,0.000000,0.000000,0.707107,0.707107
arm_1,559.076000,0.000000,-0.350000,0.600000,0.000000,0.000000,0.707107,0.707107
arm_1,559.092000,0.000000,-0.350000,0.600000,0.000000,0.000000,0.707107,0.707107
arm_1,559.108000,0.000000,-0.350000,0.600000,0.000000,0.000000,0.707107,0.707107
arm_1,559.123000,0.000000,-0.350000,0.600000,0.000000,0.000000,0.707107,0.707107
arm_1,559.134000,0.000000,-0.350000,0.600000,0.000000,0.000000,0.707107,0.707107
arm_1,559.144000,0.000000,-0.350000,0.600000,0.000000,0.000000,0.707107,0.707107
arm_1,559.155000,0.000000,-0.350000,0.600000,0.000000,0.000000,0.707107,0.707107
arm_1,559.167000,0.000000,-0.350000,0.600000,0.000000,0.000000,0.707107,0.707107
arm_1,559.173000,0.000000,-0.350000,0.600000,0.000000,0.000000,0.707107,0.707107
arm_1,559.184000,0.000000,-0.350000,0.600000,0.000000,0.000000,0.707107,0.707107
arm_1,559.198000,0.000000,-0.350000,0.600000,0.000000,0.000000,0.707107,0.707107
arm_1,559.213000,0.000000,-0.350000,0.600000,0.000000,0.000000,0.707107,0.707107
arm_1,559.229000,0.000000,-0.350000,0.600000,0.000000,0.000000,0.707107,0.707107
arm_1,559.245000,0.000000,-0.350000,0.600000,0.000000,0.000000,0.707107,0.707107
arm_1,559.260000,0.000000,-0.350000,0.600000,0.000000,0.000000,0.707107,0.707107
arm_1,559.276000,0.000000,-0.350000,0.600000,0.000000,0.000000,0.707107,0.707107
arm_1,559.291000,0.000000,-0.350000,0.600000,0.000000,0.000000,0.707107,0.707107
arm_1,559.307000,0.000000,-0.350000,0.600000,0.000000,0.000000,0.707107,0.707107
arm_1,559.322000,0.000000,-0.350000,0.600000,0.000000,0.000000,0.707107,0.707107
arm_1,559.337000,0.000000,-0.350000,0.600000,0.000000,0.000000,0.707107,0.707107
arm_1,559.352000,0.000000,-0.350000,0.600000,0.000000,0.000000,0.707107,0.707107
arm_1,559.366000,0.000000,-0.350000,0.600000,0.000000,0.000000,0.707107,0.707107
arm_1,559.381000,0.000000,-0.350000,0.600000,0.000000,0.000000,0.707107,0.707107
arm_1,559.396000,0.000000,-0.350000,0.600000,0.000000,0.000000,0.707107,0.707107
arm_1,559.411000,0.000000,-0.350000,0.600000,0.000000,0.000000,0.707107,0.707107
arm_1,559.427000,0.000000,-0.350000,0.600000,0.000000,0.000000,0.707107,0.707107
arm_1,559.443000,0.000000,-0.350000,0.600000,0.000000,0.000000,0.707107,0.707107
arm_1,559.458000,0.000000,-0.350000,0.600000,0.000000,0.000000,0.707107,0.707107
arm_1,559.474000,0.000000,-0.350000,0.600000,0.000000,0.000000,0.707107,0.707107
arm_1,559.490000,0.000000,-0.350000,0.600000,0.000000,0.000000,0.707107,0.707107
arm_1,559.505000,0.000000,-0.350000,0.600000,0.000000,0.000000,0.707107,0.707107
arm_1,559.521000,0.000000,-0.350000,0.600000,0.000000,0.000000,0.707107,0.707107
arm_1,559.537000,0.000000,-0.350000,0.600000,0.000000,0.000000,0.707107,0.707107
arm_1,559.553000,0.000000,-0.350000,0.600000,0.000000,0.000000,0.707107,0.707107
arm_1,559.569000,0.000000,-0.350000,0.600000,0.000000,0.000000,0.707107,0.707107
arm_1,559.584000,0.000000,-0.350000,0.600000,0.000000,0.000000,0.707107,0.707107
arm_1,559.600000,0.000000,-0.350000,0.600000,0.000000,0.000000,0.707107,0.707107
arm_1,559.616000,0.000000,-0.350000,0.600000,0.000000,0.000000,0.707107,0.707107
arm_1,559.632000,0.000000,-0.350000,0.600000,0.000000,0.000000,0.707107,0.707107
arm_1,559.649000,0.000000,-0.350000,0.600000,0.000000,0.000000,0.707107,0.707107
arm_1,559.664000,0.000000,-0.350000,0.600000,0.000000,0.000000,0.707107,0.707107
arm_1,559.679000,0.000000,-0.350000,0.600000,0.000000,0.000000,0.707107,0.707107
arm_1,559.695000,0.000000,-0.350000,0.600000,0.000000,0.000000,0.707107,0.707107
arm_1,559.710000,0.000000,-0.350000,0.600000,0.000000,0.000000,0.707107,0.707107
arm_1,559.726000,0.000000,-0.350000,0.600000,0.000000,0.000000,0.707107,0.707107
arm_1,559.742000,0.000000,-0.350000,0.600000,0.000000,0.000000,0.707107,0.707107
arm_1,559.758000,0.000000,-0.350000,0.600000,0.000000,0.000000,0.707107,0.707107
arm_1,559.772000,0.000000,-0.350000,0.600000,0.000000,0.000000,0.707107,0.707107
arm_1,559.787000,0.000000,-0.350000,0.600000,0.000000,0.000000,0.707107,0.707107
arm_1,559.803000,0.000000,-0.350000,0.600000,0.000000,0.000000,0.707107,0.707107
arm_1,559.819000,0.000000,-0.350000,0.600000,0.000000,0.000000,0.707107,0.707107
arm_1,559.835000,0.000000,-0.350000,0.600000,0.000000,0.000000,0.707107,0.707107
arm_1,559.851000,0.000000,-0.350000,0.600000,0.000000,0.000000,0.707107,0.707107
arm_1,559.867000,0.000000,-0.350000,0.600000,0.000000,0.000000,0.707107,0.707107
arm_1,559.882000,0.000000,-0.350000,0.600000,0.000000,0.000000,0.707107,0.707107
arm_1,559.898000,0.000000,-0.350000,0.600000,0.000000,0.000000,0.707107,0.707107
arm_1,559.914000,0.000000,-0.350000,0.600000,0.000000,0.000000,0.707107,0.707107
arm_1,559.929000,0.000000,-0.350000,0.600000,0.000000,0.000000,0.707107,0.707107
arm_1,559.944000,0.000000,-0.350000,0.600000,0.000000,0.000000,0.707107,0.707107
arm_1,559.959000,0.000000,-0.350000,0.600000,0.000000,0.000000,0.707107,0.707107
arm_1,559.973000,0.000000,-0.350000,0.600000,0.000000,0.000000,0.707107,0.707107
arm_1,559.987000,0.000000,-0.350000,0.600000,0.000000,0.000000,0.707107,0.707107
arm_1,560.000000,0.000000,-0.350000,0.600000,0.000000,0.000000,0.707107,0.707107
arm_1,560.015000,0.000000,-0.350000,0.600000,0.000000,0.000000,0.707107,0.707107
arm_1,560.030000,0.000000,-0.350000,0.600000,0.000000,0.000000,0.707107,0.707107
arm_1,560.046000,0.000000,-0.350000,0.600000,0.000000,0.000000,0.707107,0.707107
arm_1,560.060000,0.000000,-0.350000,0.600000,0.000000,0.000000,0.707107,0.707107
arm_1,560.073000,0.000000,-0.350000,0.600000,0.000000,0.000000,0.707107,0.707107
arm_1,560.088000,0.000000,-0.350000,0.600000,0.000000,0.000000,0.707107,0.707107
arm_1,560.103000,0.000000,-0.350000,0.600000,0.000000,0.000000,0.707107,0.707107
arm_1,560.118000,0.000000,-0.350000,0.600000,0.000000,0.000000,0.707107,0.707107
arm_1,560.133000,0.000000,-0.350000,0.600000,0.000000,0.000000,0.707107,0.707107
arm_1,560.149000,0.000000,-0.350000,0.600000,0.000000,0.000000,0.707107,0.707107
arm_1,560.164000,0.000000,-0.350000,0.600000,0.000000,0.000000,0.707107,0.707107
arm_1,560.180000,0.000000,-0.350000,0.600000,0.000000,0.000000,0.707107,0.707107
arm_1,560.197000,0.000000,-0.350000,0.600000,0.000000,0.000000,0.707107,0.707107
arm_1,560.213000,0.000000,-0.350000,0.600000,0.000000,0.000000,0.707107,0.707107
arm_1,560.229000,0.000000,-0.350000,0.600000,0.000000,0.000000,0.707107,0.707107
arm_1,560.246000,0.000000,-0.350000,0.600000,0.000000,0.000000,0.707107,0.707107
arm_1,560.262000,0.000000,-0.350000,0.600000,0.000000,0.000000,0.707107,0.707107
arm_1,560.278000,0.000000,-0.350000,0.600000,0.000000,0.000000,0.707107,0.707107
arm_1,560.295000,0.000000,-0.350000,0.600000,0.000000,0.000000,0.707107,0.707107
arm_1,560.312000,0.000000,-0.350000,0.600000,0.000000,0.000000,0.707107,0.707107
arm_1,560.329000,0.000000,-0.350000,0.600000,0.000000,0.000000,0.707107,0.707107
arm_1,560.346000,0.000000,-0.350000,0.600000,0.000000,0.000000,0.707107,0.707107
arm_1,560.363000,0.000000,-0.350000,0.600000,0.000000,0.000000,0.707107,0.707107
arm_1,560.378000,0.000000,-0.350000,0.600000,0.000000,0.000000,0.707107,0.707107
arm_1,560.394000,0.000000,-0.350000,0.600000,0.000000,0.000000,0.707107,0.707107
arm_1,560.411000,0.000000,-0.350000,0.600000,0.000000,0.000000,0.707107,0.707107
arm_1,560.428000,0.000000,-0.350000,0.600000,0.000000,0.000000,0.707107,0.707107
arm_1,560.446000,0.000000,-0.350000,0.600000,0.000000,0.000000,0.707107,0.707107
arm_1,560.462000,0.000000,-0.350000,0.600000,0.000000,0.000000,0.707107,0.707107
arm_1,560.479000,0.000000,-0.350000,0.600000,0.000000,0.000000,0.707107,0.707107
arm_1,560.496000,0.000000,-0.350000,0.600000,0.000000,0.000000,0.707107,0.707107
arm_1,560.513000,0.000000,-0.350000,0.600000,0.000000,0.000000,0.707107,0.707107
arm_1,560.530000,0.000000,-0.350000,0.600000,0.000000,0.000000,0.707107,0.707107
arm_1,560.547000,0.000000,-0.350000,0.600000,0.000000,0.000000,0.707107,0.707107
arm_1,560.564000,0.000000,-0.350000,0.600000,0.000000,0.000000,0.707107,0.707107
arm_1,560.582000,0.000000,-0.350000,0.600000,0.000000,0.000000,0.707107,0.707107
arm_1,560.599000,0.000000,-0.350000,0.600000,0.000000,0.000000,0.707107,0.707107
arm_1,560.616000,0.000000,-0.350000,0.600000,0.000000,0.000000,0.707107,0.707107
arm_1,560.632000,0.000000,-0.350000,0.600000,0.000000,0.000000,0.707107,0.707107
arm_1,560.649000,0.000000,-0.350000,0.600000,0.000000,0.000000,0.707107,0.707107
arm_1,560.666000,0.000000,-0.350000,0.600000,0.000000,0.000000,0.707107,0.707107
arm_1,560.683000,0.000000,-0.350000,0.600000,0.000000,0.000000,0.707107,0.707107
arm_1,560.698000,0.000000,-0.350000,0.600000,0.000000,0.000000,0.707107,0.707107
arm_1,560.714000,0.000000,-0.350000,0.600000,0.000000,0.000000,0.707107,0.707107
arm_1,560.731000,0.000000,-0.350000,0.600000,0.000000,0.000000,0.707107,0.707107
arm_1,560.748000,0.000000,-0.350000,0.600000,0.000000,0.000000,0.707107,0.707107
arm_1,560.765000,0.000000,-0.350000,0.600000,0.000000,0.000000,0.707107,0.707107
arm_1,560.782000,0.000000,-0.350000,0.600000,0.000000,0.000000,0.707107,0.707107
arm_1,560.799000,0.000000,-0.350000,0.600000,0.000000,0.000000,0.707107,0.707107
arm_1,560.815000,0.000000,-0.350000,0.600000,0.000000,0.000000,0.707107,0.707107
arm_1,560.832000,0.000000,-0.350000,0.600000,0.000000,0.000000,0.707107,0.707107
arm_1,560.849000,0.000000,-0.350000,0.600000,0.000000,0.000000,0.707107,0.707107
arm_1,560.866000,0.000000,-0.350000,0.600000,0.000000,0.000000,0.707107,0.707107
arm_1,560.883000,0.000000,-0.350000,0.600000,0.000000,0.000000,0.707107,0.707107
arm_1,560.900000,0.000000,-0.350000,0.600000,0.000000,0.000000,0.707107,0.707107
arm_1,560.918000,0.000000,-0.350000,0.600000,0.000000,0.000000,0.707107,0.707107
arm_1,560.934000,0.000000,-0.350000,0.600000,0.000000,0.000000,0.707107,0.707107
arm_1,560.950000,0.000000,-0.350000,0.600000,0.000000,0.000000,0.707107,0.707107
arm_1,560.966000,0.000000,-0.350000,0.600000,0.000000,0.000000,0.707107,0.707107
arm_1,560.983000,0.000000,-0.350000,0.600000,0.000000,0.000000,0.707107,0.707107
arm_1,561.000000,0.000000,-0.350000,0.600000,0.000000,0.000000,0.707107,0.707107
arm_1,561.017000,0.000000,-0.350000,0.600000,0.000000,0.000000,0.707107,0.707107
arm_1,561.033000,0.000000,-0.350000,0.600000,0.000000,0.000000,0.707107,0.707107
arm_1,561.049000,0.000000,-0.350000,0.600000,0.000000,0.000000,0.707107,0.707107
arm_1,561.066000,0.000000,-0.350000,0.600000,0.000000,0.000000,0.707107,0.707107
arm_1,561.083000,0.000000,-0.350000,0.600000,0.000000,0.000000,0.707107,0.707107
arm_1,561.100000,0.000000,-0.350000,0.600000,0.000000,0.000000,0.707107,0.707107
arm_1,561.117000,0.000000,-0.350000,0.600000,0.000000,0.000000,0.707107,0.707107
arm_1,561.134000,0.000000,-0.350000,0.600000,0.000000,0.000000,0.707107,0.707107
arm_1,561.152000,0.000000,-0.350000,0.600000,0.000000,0.000000,0.707107,0.707107
arm_1,561.169000,0.000000,-0.350000,0.600000,0.000000,0.000000,0.707107,0.707107
arm_1,561.186000,0.000000,-0.350000,0.600000,0.000000,0.000000,0.707107,0.707107
arm_1,561.203000,0.000000,-0.350000,0.600000,0.000000,0.000000,0.707107,0.707107
arm_1,561.219000,0.000000,-0.350000,0.600000,0.000000,0.000000,0.707107,0.707107
arm_1,561.235000,0.000000,-0.350000,0.600000,0.000000,0.000000,0.707107,0.707107
arm_1,561.250000,0.000000,-0.350000,0.600000,0.000000,0.000000,0.707107,0.707107
arm_1,561.267000,0.000000,-0.350000,0.600000,0.000000,0.000000,0.707107,0.707107
arm_1,561.283000,0.000000,-0.350000,0.600000,0.000000,0.000000,0.707107,0.707107
arm_1,561.299000,0.000000,-0.350000,0.600000,0.000000,0.000000,0.707107,0.707107
arm_1,561.315000,0.000000,-0.350000,0.600000,0.000000,0.000000,0.707107,0.707107
arm_1,561.331000,0.000000,-0.350000,0.600000,0.000000,0.000000,0.707107,0.707107
arm_1,561.348000,0.000000,-0.350000,0.600000,0.000000,0.000000,0.707107,0.707107
arm_1,561.365000,0.000000,-0.350000,0.600000,0.000000,0.000000,0.707107,0.707107
arm_1,561.382000,0.000000,-0.350000,0.600000,0.000000,0.000000,0.707107,0.707107
arm_1,561.399000,0.000000,-0.350000,0.600000,0.000000,0.000000,0.707107,0.707107
arm_1,561.416000,0.000000,-0.350000,0.600000,0.000000,0.000000,0.707107,0.707107
arm_1,561.433000,0.000000,-0.350000,0.600000,0.000000,0.000000,0.707107,0.707107
arm_1,561.450000,0.000000,-0.350000,0.600000,0.000000,0.000000,0.707107,0.707107
arm_1,561.467000,0.000000,-0.350000,0.600000,0.000000,0.000000,0.707107,0.707107
arm_1,561.484000,0.000000,-0.350000,0.600000,0.000000,0.000000,0.707107,0.707107
arm_1,561.501000,0.000000,-0.350000,0.600000,0.000000,0.000000,0.707107,0.707107
arm_1,561.519000,0.000000,-0.350000,0.600000,0.000000,0.000000,0.707107,0.707107
arm_1,561.537000,0.000000,-0.350000,0.600000,0.000000,0.000000,0.707107,0.707107
arm_1,561.555000,0.000000,-0.350000,0.600000,0.000000,0.000000,0.707107,0.707107
arm_1,561.572000,0.000000,-0.350000,0.600000,0.000000,0.000000,0.707107,0.707107
arm_1,561.589000,0.000000,-0.350000,0.600000,0.000000,0.000000,0.707107,0.707107
arm_1,561.606000,0.000000,-0.350000,0.600000,0.000000,0.000000,0.707107,0.707107
arm_1,561.623000,0.000000,-0.350000,0.600000,0.000000,0.000000,0.707107,0.707107
arm_1,561.640000,0.000000,-0.350000,0.600000,0.000000,0.000000,0.707107,0.707107
arm_1,561.658000,0.000000,-0.350000,0.600000,0.000000,0.000000,0.707107,0.707107
arm_1,561.675000,0.000000,-0.350000,0.600000,0.000000,0.000000,0.707107,0.707107
arm_1,561.692000,0.000000,-0.350000,0.600000,0.000000,0.000000,0.707107,0.707107
arm_1,561.708000,0.000000,-0.350000,0.600000,0.000000,0.000000,0.707107,0.707107
arm_1,561.725000,0.000000,-0.350000,0.600000,0.000000,0.000000,0.707107,0.707107
arm_1,561.742000,0.000000,-0.350000,0.600000,0.000000,0.000000,0.707107,0.707107
arm_1,561.759000,0.000000,-0.350000,0.600000,0.000000,0.000000,0.707107,0.707107
arm_1,561.776000,0.000000,-0.350000,0.600000,0.000000,0.000000,0.707107,0.707107
arm_1,561.793000,0.000000,-0.350000,0.600000,0.000000,0.000000,0.707107,0.707107
arm_1,561.810000,0.000000,-0.350000,0.600000,0.000000,0.000000,0.707107,0.707107
arm_1,561.825000,0.000000,-0.350000,0.600000,0.000000,0.000000,0.707107,0.707107
arm_1,561.843000,0.000000,-0.350000,0.600000,0.000000,0.000000,0.707107,0.707107
arm_1,561.860000,0.000000,-0.350000,0.600000,0.000000,0.000000,0.707107,0.707107
arm_1,561.877000,0.000000,-0.350000,0.600000,0.000000,0.000000,0.707107,0.707107
arm_1,561.894000,0.000000,-0.350000,0.600000,0.000000,0.000000,0.707107,0.707107
arm_1,561.911000,0.000000,-0.350000,0.600000,0.000000,0.000000,0.707107,0.707107
arm_1,561.928000,0.000000,-0.350000,0.600000,0.000000,0.000000,0.707107,0.707107
arm_1,561.945000,0.000000,-0.350000,0.600000,0.000000,0.000000,0.707107,0.707107
arm_1,561.961000,0.000000,-0.350000,0.600000,0.000000,0.000000,0.707107,0.707107
arm_1,561.975000,0.000000,-0.350000,0.600000,0.000000,0.000000,0.707107,0.707107
arm_1,561.990000,0.000000,-0.350000,0.600000,0.000000,0.000000,0.707107,0.707107
arm_1,562.004000,0.000000,-0.350000,0.600000,0.000000,0.000000,0.707107,0.707107
arm_1,562.017000,0.000000,-0.350000,0.600000,0.000000,0.000000,0.707107,0.707107
arm_1,562.032000,0.000000,-0.350000,0.600000,0.000000,0.000000,0.707107,0.707107
arm_1,562.048000,0.000000,-0.350000,0.600000,0.000000,0.000000,0.707107,0.707107
arm_1,562.061000,0.000000,-0.350000,0.600000,0.000000,0.000000,0.707107,0.707107
arm_1,562.076000,0.000000,-0.350000,0.600000,0.000000,0.000000,0.707107,0.707107
arm_1,562.093000,0.000000,-0.350000,0.600000,0.000000,0.000000,0.707107,0.707107
arm_1,562.109000,0.000000,-0.350000,0.600000,0.000000,0.000000,0.707107,0.707107
arm_1,562.125000,0.000000,-0.350000,0.600000,0.000000,0.000000,0.707107,0.707107
arm_1,562.142000,0.000000,-0.350000,0.600000,0.000000,0.000000,0.707107,0.707107
arm_1,562.160000,0.000000,-0.350000,0.600000,0.000000,0.000000,0.707107,0.707107
arm_1,562.177000,0.000000,-0.350000,0.600000,0.000000,0.000000,0.707107,0.707107
arm_1,562.195000,0.000000,-0.350000,0.600000,0.000000,0.000000,0.707107,0.707107
arm_1,562.210000,0.000000,-0.350000,0.600000,0.000000,0.000000,0.707107,0.707107
arm_1,562.227000,0.000000,-0.350000,0.600000,0.000000,0.000000,0.707107,0.707107
arm_1,562.244000,0.000000,-0.350000,0.600000,0.000000,0.000000,0.707107,0.707107
arm_1,562.261000,0.000000,-0.350000,0.600000,0.000000,0.000000,0.707107,0.707107
arm_1,562.278000,0.000000,-0.350000,0.600000,0.000000,0.000000,0.707107,0.707107
arm_1,562.295000,0.000000,-0.350000,0.600000,0.000000,0.000000,0.707107,0.707107
arm_1,562.313000,0.000000,-0.350000,0.600000,0.000000,0.000000,0.707107,0.707107
arm_1,562.329000,0.000000,-0.350000,0.600000,0.000000,0.000000,0.707107,0.707107
arm_1,562.344000,0.000000,-0.350000,0.600000,0.000000,0.000000,0.707107,0.707107
arm_1,562.359000,0.000000,-0.350000,0.600000,0.000000,0.000000,0.707107,0.707107
arm_1,562.374000,0.000000,-0.350000,0.600000,0.000000,0.000000,0.707107,0.707107
arm_1,562.389000,0.000000,-0.350000,0.600000,0.000000,0.000000,0.707107,0.707107
arm_1,562.406000,0.000000,-0.350000,0.600000,0.000000,0.000000,0.707107,0.707107
arm_1,562.423000,0.000000,-0.350000,0.600000,0.000000,0.000000,0.707107,0.707107
arm_1,562.441000,0.000000,-0.350000,0.600000,0.000000,0.000000,0.707107,0.707107
arm_1,562.458000,0.000000,-0.350000,0.600000,0.000000,0.000000,0.707107,0.707107
arm_1,562.476000,0.000000,-0.350000,0.600000,0.000000,0.000000,0.707107,0.707107
arm_1,562.494000,0.000000,-0.350000,0.600000,0.000000,0.000000,0.707107,0.707107
arm_1,562.512000,0.000000,-0.350000,0.600000,0.000000,0.000000,0.707107,0.707107
arm_1,562.529000,0.000000,-0.350000,0.600000,0.000000,0.000000,0.707107,0.707107
arm_1,562.547000,0.000000,-0.350000,0.600000,0.000000,0.000000,0.707107,0.707107
arm_1,562.565000,0.000000,-0.350000,0.600000,0.000000,0.000000,0.707107,0.707107
arm_1,562.583000,0.000000,-0.350000,0.600000,0.000000,0.000000,0.707107,0.707107
arm_1,562.596000,0.000000,-0.350000,0.600000,0.000000,0.000000,0.707107,0.707107
arm_1,562.607000,0.000000,-0.350000,0.600000,0.000000,0.000000,0.707107,0.707107
arm_1,562.618000,0.000000,-0.350000,0.600000,0.000000,0.000000,0.707107,0.707107
arm_1,562.628000,0.000000,-0.350000,0.600000,0.000000,0.000000,0.707107,0.707107
arm_1,562.638000,0.000000,-0.350000,0.600000,0.000000,0.000000,0.707107,0.707107
arm_1,562.648000,0.000000,-0.350000,0.600000,0.000000,0.000000,0.707107,0.707107
arm_1,562.660000,0.000000,-0.350000,0.600000,0.000000,0.000000,0.707107,0.707107
arm_1,562.672000,0.000000,-0.350000,0.600000,0.000000,0.000000,0.707107,0.707107
arm_1,562.684000,0.000000,-0.350000,0.600000,0.000000,0.000000,0.707107,0.707107
arm_1,562.696000,0.000000,-0.350000,0.600000,0.000000,0.000000,0.707107,0.707107
arm_1,562.707000,0.000000,-0.350000,0.600000,0.000000,0.000000,0.707107,0.707107
arm_1,562.718000,0.000000,-0.350000,0.600000,0.000000,0.000000,0.707107,0.707107
arm_1,562.730000,0.000000,-0.350000,0.600000,0.000000,0.000000,0.707107,0.707107
arm_1,562.741000,0.000000,-0.350000,0.600000,0.000000,0.000000,0.707107,0.707107
arm_1,562.751000,0.000000,-0.350000,0.600000,0.000000,0.000000,0.707107,0.707107
arm_1,562.762000,0.000000,-0.350000,0.600000,0.000000,0.000000,0.707107,0.707107
arm_1,562.772000,0.000000,-0.350000,0.600000,0.000000,0.000000,0.707107,0.707107
arm_1,562.782000,0.000000,-0.350000,0.600000,0.000000,0.000000,0.707107,0.707107
arm_1,562.792000,0.000000,-0.350000,0.600000,0.000000,0.000000,0.707107,0.707107
arm_1,562.802000,0.000000,-0.350000,0.600000,0.000000,0.000000,0.707107,0.707107
arm_1,562.812000,0.000000,-0.350000,0.600000,0.000000,0.000000,0.707107,0.707107
arm_1,562.822000,0.000000,-0.350000,0.600000,0.000000,0.000000,0.707107,0.707107
arm_1,562.826000,0.000000,-0.350000,0.600000,0.000000,0.000000,0.707107,0.707107
arm_1,562.832000,0.000000,-0.350000,0.600000,0.000000,0.000000,0.707107,0.707107
arm_1,562.841000,0.000000,-0.350000,0.600000,0.000000,0.000000,0.707107,0.707107
arm_1,562.850000,0.000000,-0.350000,0.600000,0.000000,0.000000,0.707107,0.707107
arm_1,562.860000,0.000000,-0.350000,0.600000,0.000000,0.000000,0.707107,0.707107
arm_1,562.870000,0.000000,-0.350000,0.600000,0.000000,0.000000,0.707107,0.707107
arm_1,562.880000,0.000000,-0.350000,0.600000,0.000000,0.000000,0.707107,0.707107
arm_1,562.890000,0.000000,-0.350000,0.600000,0.000000,0.000000,0.707107,0.707107
arm_1,562.900000,0.000000,-0.350000,0.600000,0.000000,0.000000,0.707107,0.707107
arm_1,562.910000,0.000000,-0.350000,0.600000,0.000000,0.000000,0.707107,0.707107
arm_1,562.920000,0.000000,-0.350000,0.600000,0.000000,0.000000,0.707107,0.707107
arm_1,562.930000,0.000000,-0.350000,0.600000,0.000000,0.000000,0.707107,0.707107
arm_1,562.940000,0.000000,-0.350000,0.600000,0.000000,0.000000,0.707107,0.707107
arm_1,562.950000,0.000000,-0.350000,0.600000,0.000000,0.000000,0.707107,0.707107
arm_1,562.960000,0.000000,-0.350000,0.600000,0.000000,0.000000,0.707107,0.707107
arm_1,562.970000,0.000000,-0.350000,0.600000,0.000000,0.000000,0.707107,0.707107
arm_1,562.979000,0.000000,-0.350000,0.600000,0.000000,0.000000,0.707107,0.707107
arm_1,562.988000,0.000000,-0.350000,0.600000,0.000000,0.000000,0.707107,0.707107
arm_1,562.998000,0.000000,-0.350000,0.600000,0.000000,0.000000,0.707107,0.707107
arm_1,563.008000,0.000000,-0.350000,0.600000,0.000000,0.000000,0.707107,0.707107
arm_1,563.018000,0.000000,-0.350000,0.600000,0.000000,0.000000,0.707107,0.707107
arm_1,563.028000,0.000000,-0.350000,0.600000,0.000000,0.000000,0.707107,0.707107
arm_1,563.038000,0.000000,-0.350000,0.600000,0.000000,0.000000,0.707107,0.707107
arm_1,563.047000,0.000000,-0.350000,0.600000,0.000000,0.000000,0.707107,0.707107
arm_1,563.057000,0.000000,-0.350000,0.600000,0.000000,0.000000,0.707107,0.707107
arm_1,563.067000,0.000000,-0.350000,0.600000,0.000000,0.000000,0.707107,0.707107
arm_1,563.077000,0.000000,-0.350000,0.600000,0.000000,0.000000,0.707107,0.707107
arm_1,563.087000,0.000000,-0.350000,0.600000,0.000000,0.000000,0.707107,0.707107
arm_1,563.097000,0.000000,-0.350000,0.600000,0.000000,0.000000,0.707107,0.707107
arm_1,563.107000,0.000000,-0.350000,0.600000,0.000000,0.000000,0.707107,0.707107
arm_1,563.116000,0.000000,-0.350000,0.600000,0.000000,0.000000,0.707107,0.707107
arm_1,563.126000,0.000000,-0.350000,0.600000,0.000000,0.000000,0.707107,0.707107
arm_1,563.137000,0.000000,-0.350000,0.600000,0.000000,0.000000,0.707107,0.707107
arm_1,563.147000,0.000000,-0.350000,0.600000,0.000000,0.000000,0.707107,0.707107
arm_1,563.157000,0.000000,-0.350000,0.600000,0.000000,0.000000,0.707107,0.707107
arm_1,563.167000,0.000000,-0.350000,0.600000,0.000000,0.000000,0.707107,0.707107
arm_1,563.177000,0.000000,-0.350000,0.600000,0.000000,0.000000,0.707107,0.707107
arm_1,563.187000,0.000000,-0.350000,0.600000,0.000000,0.000000,0.707107,0.707107
arm_1,563.198000,0.000000,-0.350000,0.600000,0.000000,0.000000,0.707107,0.707107
arm_1,563.203000,0.000000,-0.350000,0.600000,0.000000,0.000000,0.707107,0.707107
arm_1,563.212000,0.000000,-0.350000,0.600000,0.000000,0.000000,0.707107,0.707107
arm_1,563.222000,0.000000,-0.350000,0.600000,0.000000,0.000000,0.707107,0.707107
arm_1,563.232000,0.000000,-0.350000,0.600000,0.000000,0.000000,0.707107,0.707107
arm_1,563.242000,0.000000,-0.350000,0.600000,0.000000,0.000000,0.707107,0.707107
arm_1,563.252000,0.000000,-0.350000,0.600000,0.000000,0.000000,0.707107,0.707107
arm_1,563.262000,0.000000,-0.350000,0.600000,0.000000,0.000000,0.707107,0.707107
arm_1,563.272000,0.000000,-0.350000,0.600000,0.000000,0.000000,0.707107,0.707107
arm_1,563.282000,0.000000,-0.350000,0.600000,0.000000,0.000000,0.707107,0.707107
arm_1,563.292000,0.000000,-0.350000,0.600000,0.000000,0.000000,0.707107,0.707107
arm_1,563.302000,0.000000,-0.350000,0.600000,0.000000,0.000000,0.707107,0.707107
arm_1,563.311000,0.000000,-0.350000,0.600000,0.000000,0.000000,0.707107,0.707107
arm_1,563.320000,0.000000,-0.350000,0.600000,0.000000,0.000000,0.707107,0.707107
arm_1,563.330000,0.000000,-0.350000,0.600000,0.000000,0.000000,0.707107,0.707107
arm_1,563.340000,0.000000,-0.350000,0.600000,0.000000,0.000000,0.707107,0.707107
arm_1,563.351000,0.000000,-0.350000,0.600000,0.000000,0.000000,0.707107,0.707107
arm_1,563.361000,0.000000,-0.350000,0.600000,0.000000,0.000000,0.707107,0.707107
arm_1,563.371000,0.000000,-0.350000,0.600000,0.000000,0.000000,0.707107,0.707107
arm_1,563.381000,0.000000,-0.350000,0.600000,0.000000,0.000000,0.707107,0.707107
arm_1,563.390000,0.000000,-0.350000,0.600000,0.000000,0.000000,0.707107,0.707107
arm_1,563.398000,0.000000,-0.350000,0.600000,0.000000,0.000000,0.707107,0.707107
arm_1,563.408000,0.000000,-0.350000,0.600000,0.000000,0.000000,0.707107,0.707107
arm_1,563.418000,0.000000,-0.350000,0.600000,0.000000,0.000000,0.707107,0.707107
arm_1,563.428000,0.000000,-0.350000,0.600000,0.000000,0.000000,0.707107,0.707107
arm_1,563.438000,0.000000,-0.350000,0.600000,0.000000,0.000000,0.707107,0.707107
arm_1,563.448000,0.000000,-0.350000,0.600000,0.000000,0.000000,0.707107,0.707107
arm_1,563.458000,0.000000,-0.350000,0.600000,0.000000,0.000000,0.707107,0.707107
arm_1,563.468000,0.000000,-0.350000,0.600000,0.000000,0.000000,0.707107,0.707107
arm_1,563.479000,0.000000,-0.350000,0.600000,0.000000,0.000000,0.707107,0.707107
arm_1,563.489000,0.000000,-0.350000,0.600000,0.000000,0.000000,0.707107,0.707107
arm_1,563.499000,0.000000,-0.350000,0.600000,0.000000,0.000000,0.707107,0.707107
arm_1,563.509000,0.000000,-0.350000,0.600000,0.000000,0.000000,0.707107,0.707107
arm_1,563.519000,0.000000,-0.350000,0.600000,0.000000,0.000000,0.707107,0.707107
arm_1,563.529000,0.000000,-0.350000,0.600000,0.000000,0.000000,0.707107,0.707107
arm_1,563.539000,0.000000,-0.350000,0.600000,0.000000,0.000000,0.707107,0.707107
arm_1,563.550000,0.000000,-0.350000,0.600000,0.000000,0.000000,0.707107,0.707107
arm_1,563.560000,0.000000,-0.350000,0.600000,0.000000,0.000000,0.707107,0.707107
arm_1,563.571000,0.000000,-0.350000,0.600000,0.000000,0.000000,0.707107,0.707107
arm_1,563.581000,0.000000,-0.350000,0.600000,0.000000,0.000000,0.707107,0.707107
arm_1,563.592000,0.000000,-0.350000,0.600000,0.000000,0.000000,0.707107,0.707107
arm_1,563.603000,0.000000,-0.350000,0.600000,0.000000,0.000000,0.707107,0.707107
arm_1,563.613000,0.000000,-0.350000,0.600000,0.000000,0.000000,0.707107,0.707107
arm_1,563.620000,0.000000,-0.350000,0.600000,0.000000,0.000000,0.707107,0.707107
arm_1,563.630000,0.000000,-0.350000,0.600000,0.000000,0.000000,0.707107,0.707107
arm_1,563.640000,0.000000,-0.350000,0.600000,0.000000,0.000000,0.707107,0.707107
arm_1,563.650000,0.000000,-0.350000,0.600000,0.000000,0.000000,0.707107,0.707107
arm_1,563.660000,0.000000,-0.350000,0.600000,0.000000,0.000000,0.707107,0.707107
arm_1,563.671000,0.000000,-0.350000,0.600000,0.000000,0.000000,0.707107,0.707107
arm_1,563.682000,0.000000,-0.350000,0.600000,0.000000,0.000000,0.707107,0.707107
arm_1,563.693000,0.000000,-0.350000,0.600000,0.000000,0.000000,0.707107,0.707107
arm_1,563.704000,0.000000,-0.350000,0.600000,0.000000,0.000000,0.707107,0.707107
arm_1,563.715000,0.000000,-0.350000,0.600000,0.000000,0.000000,0.707107,0.707107
arm_1,563.725000,0.000000,-0.350000,0.600000,0.000000,0.000000,0.707107,0.707107
arm_1,563.736000,0.000000,-0.350000,0.600000,0.000000,0.000000,0.707107,0.707107
arm_1,563.747000,0.000000,-0.350000,0.600000,0.000000,0.000000,0.707107,0.707107
arm_1,563.758000,0.000000,-0.350000,0.600000,0.000000,0.000000,0.707107,0.707107
arm_1,563.769000,0.000000,-0.350000,0.600000,0.000000,0.000000,0.707107,0.707107
arm_1,563.779000,0.000000,-0.350000,0.600000,0.000000,0.000000,0.707107,0.707107
arm_1,563.790000,0.000000,-0.350000,0.600000,0.000000,0.000000,0.707107,0.707107
arm_1,563.801000,0.000000,-0.350000,0.600000,0.000000,0.000000,0.707107,0.707107
arm_1,563.812000,0.000000,-0.350000,0.600000,0.000000,0.000000,0.707107,0.707107
arm_1,563.823000,0.000000,-0.350000,0.600000,0.000000,0.000000,0.707107,0.707107
arm_1,563.834000,0.000000,-0.350000,0.600000,0.000000,0.000000,0.707107,0.707107
arm_1,563.845000,0.000000,-0.350000,0.600000,0.000000,0.000000,0.707107,0.707107
arm_1,563.855000,0.000000,-0.350000,0.600000,0.000000,0.000000,0.707107,0.707107
arm_1,563.865000,0.000000,-0.350000,0.600000,0.000000,0.000000,0.707107,0.707107
arm_1,563.875000,0.000000,-0.350000,0.600000,0.000000,0.000000,0.707107,0.707107
arm_1,563.885000,0.000000,-0.350000,0.600000,0.000000,0.000000,0.707107,0.707107
arm_1,563.895000,0.000000,-0.350000,0.600000,0.000000,0.000000,0.707107,0.707107
arm_1,563.905000,0.000000,-0.350000,0.600000,0.000000,0.000000,0.707107,0.707107
arm_1,563.915000,0.000000,-0.350000,0.600000,0.000000,0.000000,0.707107,0.707107
arm_1,563.925000,0.000000,-0.350000,0.600000,0.000000,0.000000,0.707107,0.707107
arm_1,563.935000,0.000000,-0.350000,0.600000,0.000000,0.000000,0.707107,0.707107
arm_1,563.946000,0.000000,-0.350000,0.600000,0.000000,0.000000,0.707107,0.707107
arm_1,563.957000,0.000000,-0.350000,0.600000,0.000000,0.000000,0.707107,0.707107
arm_1,563.967000,0.000000,-0.350000,0.600000,0.000000,0.000000,0.707107,0.707107
arm_1,563.977000,0.000000,-0.350000,0.600000,0.000000,0.000000,0.707107,0.707107
arm_1,563.987000,0.000000,-0.350000,0.600000,0.000000,0.000000,0.707107,0.707107
arm_1,563.997000,0.000000,-0.350000,0.600000,0.000000,0.000000,0.707107,0.707107
arm_1,564.007000,0.000000,-0.350000,0.600000,0.000000,0.000000,0.707107,0.707107
arm_1,564.018000,0.000000,-0.350000,0.600000,0.000000,0.000000,0.707107,0.707107
arm_1,564.029000,0.000000,-0.350000,0.600000,0.000000,0.000000,0.707107,0.707107
arm_1,564.040000,0.000000,-0.350000,0.600000,0.000000,0.000000,0.707107,0.707107
arm_1,564.050000,0.000000,-0.350000,0.600000,0.000000,0.000000,0.707107,0.707107
arm_1,564.060000,0.000000,-0.350000,0.600000,0.000000,0.000000,0.707107,0.707107
arm_1,564.070000,0.000000,-0.350000,0.600000,0.000000,0.000000,0.707107,0.707107
arm_1,564.080000,0.000000,-0.350000,0.600000,0.000000,0.000000,0.707107,0.707107
arm_1,564.090000,0.000000,-0.350000,0.600000,0.000000,0.000000,0.707107,0.707107
arm_1,564.100000,0.000000,-0.350000,0.600000,0.000000,0.000000,0.707107,0.707107
arm_1,564.110000,0.000000,-0.350000,0.600000,0.000000,0.000000,0.707107,0.707107
arm_1,564.120000,0.000000,-0.350000,0.600000,0.000000,0.000000,0.707107,0.707107
arm_1,564.130000,0.000000,-0.350000,0.600000,0.000000,0.000000,0.707107,0.707107
arm_1,564.140000,0.000000,-0.350000,0.600000,0.000000,0.000000,0.707107,0.707107
arm_1,564.150000,0.000000,-0.350000,0.600000,0.000000,0.000000,0.707107,0.707107
arm_1,564.160000,0.000000,-0.350000,0.600000,0.000000,0.000000,0.707107,0.707107
arm_1,564.170000,0.000000,-0.350000,0.600000,0.000000,0.000000,0.707107,0.707107
arm_1,564.180000,0.000000,-0.350000,0.600000,0.000000,0.000000,0.707107,0.707107
arm_1,564.191000,0.000000,-0.350000,0.600000,0.000000,0.000000,0.707107,0.707107
arm_1,564.201000,0.000000,-0.350000,0.600000,0.000000,0.000000,0.707107,0.707107
arm_1,564.212000,0.000000,-0.350000,0.600000,0.000000,0.000000,0.707107,0.707107
arm_1,564.222000,0.000000,-0.350000,0.600000,0.000000,0.000000,0.707107,0.707107
arm_1,564.232000,0.000000,-0.350000,0.600000,0.000000,0.000000,0.707107,0.707107
arm_1,564.242000,0.000000,-0.350000,0.600000,0.000000,0.000000,0.707107,0.707107
arm_1,564.252000,0.000000,-0.350000,0.600000,0.000000,0.000000,0.707107,0.707107
arm_1,564.261000,0.000000,-0.350000,0.600000,0.000000,0.000000,0.707107,0.707107
arm_1,564.271000,0.000000,-0.350000,0.600000,0.000000,0.000000,0.707107,0.707107
arm_1,564.280000,0.000000,-0.350000,0.600000,0.000000,0.000000,0.707107,0.707107
arm_1,564.289000,0.000000,-0.350000,0.600000,0.000000,0.000000,0.707107,0.707107
arm_1,564.298000,0.000000,-0.350000,0.600000,0.000000,0.000000,0.707107,0.707107
arm_1,564.308000,0.000000,-0.350000,0.600000,0.000000,0.000000,0.707107,0.707107
arm_1,564.318000,0.000000,-0.350000,0.600000,0.000000,0.000000,0.707107,0.707107
arm_1,564.328000,0.000000,-0.350000,0.600000,0.000000,0.000000,0.707107,0.707107
arm_1,564.339000,0.000000,-0.350000,0.600000,0.000000,0.000000,0.707107,0.707107
arm_1,564.349000,0.000000,-0.350000,0.600000,0.000000,0.000000,0.707107,0.707107
arm_1,564.360000,0.000000,-0.350000,0.600000,0.000000,0.000000,0.707107,0.707107
arm_1,564.370000,0.000000,-0.350000,0.600000,0.000000,0.000000,0.707107,0.707107
arm_1,564.380000,0.000000,-0.350000,0.600000,0.000000,0.000000,0.707107,0.707107
arm_1,564.390000,0.000000,-0.350000,0.600000,0.000000,0.000000,0.707107,0.707107
arm_1,564.400000,0.000000,-0.350000,0.600000,0.000000,0.000000,0.707107,0.707107
arm_1,564.411000,0.000000,-0.350000,0.600000,0.000000,0.000000,0.707107,0.707107
arm_1,564.422000,0.000000,-0.350000,0.600000,0.000000,0.000000,0.707107,0.707107
arm_1,564.433000,0.000000,-0.350000,0.600000,0.000000,0.000000,0.707107,0.707107
arm_1,564.443000,0.000000,-0.350000,0.600000,0.000000,0.000000,0.707107,0.707107
arm_1,564.453000,0.000000,-0.350000,0.600000,0.000000,0.000000,0.707107,0.707107
arm_1,564.464000,0.000000,-0.350000,0.600000,0.000000,0.000000,0.707107,0.707107
arm_1,564.474000,0.000000,-0.350000,0.600000,0.000000,0.000000,0.707107,0.707107
arm_1,564.485000,0.000000,-0.350000,0.600000,0.000000,0.000000,0.707107,0.707107
arm_1,564.495000,0.000000,-0.350000,0.600000,0.000000,0.000000,0.707107,0.707107
arm_1,564.505000,0.000000,-0.350000,0.600000,0.000000,0.000000,0.707107,0.707107
arm_1,564.515000,0.000000,-0.350000,0.600000,0.000000,0.000000,0.707107,0.707107
arm_1,564.525000,0.000000,-0.350000,0.600000,0.000000,0.000000,0.707107,0.707107
arm_1,564.535000,0.000000,-0.350000,0.600000,0.000000,0.000000,0.707107,0.707107
arm_1,564.545000,0.000000,-0.350000,0.600000,0.000000,0.000000,0.707107,0.707107
arm_1,564.555000,0.000000,-0.350000,0.600000,0.000000,0.000000,0.707107,0.707107
arm_1,564.565000,0.000000,-0.350000,0.600000,0.000000,0.000000,0.707107,0.707107
arm_1,564.575000,0.000000,-0.350000,0.600000,0.000000,0.000000,0.707107,0.707107
arm_1,564.584000,0.000000,-0.350000,0.600000,0.000000,0.000000,0.707107,0.707107
arm_1,564.594000,0.000000,-0.350000,0.600000,0.000000,0.000000,0.707107,0.707107
arm_1,564.604000,0.000000,-0.350000,0.600000,0.000000,0.000000,0.707107,0.707107
arm_1,564.614000,0.000000,-0.350000,0.600000,0.000000,0.000000,0.707107,0.707107
arm_1,564.624000,0.000000,-0.350000,0.600000,0.000000,0.000000,0.707107,0.707107
arm_1,564.634000,0.000000,-0.350000,0.600000,0.000000,0.000000,0.707107,0.707107
arm_1,564.644000,0.000000,-0.350000,0.600000,0.000000,0.000000,0.707107,0.707107
arm_1,564.655000,0.000000,-0.350000,0.600000,0.000000,0.000000,0.707107,0.707107
arm_1,564.665000,0.000000,-0.350000,0.600000,0.000000,0.000000,0.707107,0.707107
arm_1,564.675000,0.000000,-0.350000,0.600000,0.000000,0.000000,0.707107,0.707107
arm_1,564.685000,0.000000,-0.350000,0.600000,0.000000,0.000000,0.707107,0.707107
arm_1,564.695000,0.000000,-0.350000,0.600000,0.000000,0.000000,0.707107,0.707107
arm_1,564.705000,0.000000,-0.350000,0.600000,0.000000,0.000000,0.707107,0.707107
arm_1,564.715000,0.000000,-0.350000,0.600000,0.000000,0.000000,0.707107,0.707107
arm_1,564.725000,0.000000,-0.350000,0.600000,0.000000,0.000000,0.707107,0.707107
arm_1,564.735000,0.000000,-0.350000,0.600000,0.000000,0.000000,0.707107,0.707107
arm_1,564.746000,0.000000,-0.350000,0.600000,0.000000,0.000000,0.707107,0.707107
arm_1,564.754000,0.000000,-0.350000,0.600000,0.000000,0.000000,0.707107,0.707107
arm_1,564.764000,0.000000,-0.350000,0.600000,0.000000,0.000000,0.707107,0.707107
arm_1,564.774000,0.000000,-0.350000,0.600000,0.000000,0.000000,0.707107,0.707107
arm_1,564.784000,0.000000,-0.350000,0.600000,0.000000,0.000000,0.707107,0.707107
arm_1,564.794000,0.000000,-0.350000,0.600000,0.000000,0.000000,0.707107,0.707107
arm_1,564.805000,0.000000,-0.350000,0.600000,0.000000,0.000000,0.707107,0.707107
arm_1,564.815000,0.000000,-0.350000,0.600000,0.000000,0.000000,0.707107,0.707107
arm_1,564.825000,0.000000,-0.350000,0.600000,0.000000,0.000000,0.707107,0.707107
arm_1,564.835000,0.000000,-0.350000,0.600000,0.000000,0.000000,0.707107,0.707107
arm_1,564.843000,0.000000,-0.350000,0.600000,0.000000,0.000000,0.707107,0.707107
arm_1,564.852000,0.000000,-0.350000,0.600000,0.000000,0.000000,0.707107,0.707107
arm_1,564.859000,0.000000,-0.350000,0.600000,0.000000,0.000000,0.707107,0.707107
arm_1,564.869000,0.000000,-0.350000,0.600000,0.000000,0.000000,0.707107,0.707107
arm_1,564.879000,0.000000,-0.350000,0.600000,0.000000,0.000000,0.707107,0.707107
arm_1,564.888000,0.000000,-0.350000,0.600000,0.000000,0.000000,0.707107,0.707107
arm_1,564.897000,0.000000,-0.350000,0.600000,0.000000,0.000000,0.707107,0.707107
arm_1,564.906000,0.000000,-0.350000,0.600000,0.000000,0.000000,0.707107,0.707107
arm_1,564.913000,0.000000,-0.350000,0.600000,0.000000,0.000000,0.707107,0.707107
arm_1,564.922000,0.000000,-0.350000,0.600000,0.000000,0.000000,0.707107,0.707107
arm_1,564.928000,0.000000,-0.350000,0.600000,0.000000,0.000000,0.707107,0.707107
arm_1,564.938000,0.000000,-0.350000,0.600000,0.000000,0.000000,0.707107,0.707107
arm_1,564.944000,0.000000,-0.350000,0.600000,0.000000,0.000000,0.707107,0.707107
arm_1,564.954000,0.000000,-0.350000,0.600000,0.000000,0.000000,0.707107,0.707107
arm_1,564.961000,0.000000,-0.350000,0.600000,0.000000,0.000000,0.707107,0.707107
arm_1,564.968000,0.000000,-0.350000,0.600000,0.000000,0.000000,0.707107,0.707107
arm_1,564.976000,0.000000,-0.350000,0.600000,0.000000,0.000000,0.707107,0.707107
arm_1,564.985000,0.000000,-0.350000,0.600000,0.000000,0.000000,0.707107,0.707107
arm_1,564.993000,0.000000,-0.350000,0.600000,0.000000,0.000000,0.707107,0.707107
arm_1,565.003000,0.000000,-0.350000,0.600000,0.000000,0.000000,0.707107,0.707107
arm_1,565.011000,0.000000,-0.350000,0.600000,0.000000,0.000000,0.707107,0.707107
arm_1,565.017000,0.000000,-0.350000,0.600000,0.000000,0.000000,0.707107,0.707107
arm_1,565.025000,0.000000,-0.350000,0.600000,0.000000,0.000000,0.707107,0.707107
arm_1,565.035000,0.000000,-0.350000,0.600000,0.000000,0.000000,0.707107,0.707107
arm_1,565.042000,0.000000,-0.350000,0.600000,0.000000,0.000000,0.707107,0.707107
arm_1,565.052000,0.000000,-0.350000,0.600000,0.000000,0.000000,0.707107,0.707107
arm_1,565.061000,0.000000,-0.350000,0.600000,0.000000,0.000000,0.707107,0.707107
arm_1,565.069000,0.000000,-0.350000,0.600000,0.000000,0.000000,0.707107,0.707107
arm_1,565.075000,0.000000,-0.350000,0.600000,0.000000,0.000000,0.707107,0.707107
arm_1,565.084000,0.000000,-0.350000,0.600000,0.000000,0.000000,0.707107,0.707107
arm_1,565.091000,0.000000,-0.350000,0.600000,0.000000,0.000000,0.707107,0.707107
arm_1,565.097000,0.000000,-0.350000,0.600000,0.000000,0.000000,0.707107,0.707107
arm_1,565.106000,0.000000,-0.350000,0.600000,0.000000,0.000000,0.707107,0.707107
arm_1,565.116000,0.000000,-0.350000,0.600000,0.000000,0.000000,0.707107,0.707107
arm_1,565.123000,0.000000,-0.350000,0.600000,0.000000,0.000000,0.707107,0.707107
arm_1,565.133000,0.000000,-0.350000,0.600000,0.000000,0.000000,0.707107,0.707107
arm_1,565.143000,0.000000,-0.350000,0.600000,0.000000,0.000000,0.707107,0.707107
arm_1,565.153000,0.000000,-0.350000,0.600000,0.000000,0.000000,0.707107,0.707107
arm_1,565.164000,0.000000,-0.350000,0.600000,0.000000,0.000000,0.707107,0.707107
arm_1,565.174000,0.000000,-0.350000,0.600000,0.000000,0.000000,0.707107,0.707107
arm_1,565.184000,0.000000,-0.350000,0.600000,0.000000,0.000000,0.707107,0.707107
arm_1,565.194000,0.000000,-0.350000,0.600000,0.000000,0.000000,0.707107,0.707107
arm_1,565.204000,0.000000,-0.350000,0.600000,0.000000,0.000000,0.707107,0.707107
arm_1,565.214000,0.000000,-0.350000,0.600000,0.000000,0.000000,0.707107,0.707107
arm_1,565.224000,0.000000,-0.350000,0.600000,0.000000,0.000000,0.707107,0.707107
arm_1,565.235000,0.000000,-0.350000,0.600000,0.000000,0.000000,0.707107,0.707107
arm_1,565.246000,0.000000,-0.350000,0.600000,0.000000,0.000000,0.707107,0.707107
arm_1,565.256000,0.000000,-0.350000,0.600000,0.000000,0.000000,0.707107,0.707107
arm_1,565.266000,0.000000,-0.350000,0.600000,0.000000,0.000000,0.707107,0.707107
arm_1,565.277000,0.000000,-0.350000,0.600000,0.000000,0.000000,0.707107,0.707107
arm_1,565.288000,0.000000,-0.350000,0.600000,0.000000,0.000000,0.707107,0.707107
arm_1,565.298000,0.000000,-0.350000,0.600000,0.000000,0.000000,0.707107,0.707107
arm_1,565.308000,0.000000,-0.350000,0.600000,0.000000,0.000000,0.707107,0.707107
arm_1,565.319000,0.000000,-0.350000,0.600000,0.000000,0.000000,0.707107,0.707107
arm_1,565.329000,0.000000,-0.350000,0.600000,0.000000,0.000000,0.707107,0.707107
arm_1,565.339000,0.000000,-0.350000,0.600000,0.000000,0.000000,0.707107,0.707107
arm_1,565.349000,0.000000,-0.350000,0.600000,0.000000,0.000000,0.707107,0.707107
arm_1,565.356000,0.000000,-0.350000,0.600000,0.000000,0.000000,0.707107,0.707107
arm_1,565.366000,0.000000,-0.350000,0.600000,0.000000,0.000000,0.707107,0.707107
arm_1,565.376000,0.000000,-0.350000,0.600000,0.000000,0.000000,0.707107,0.707107
arm_1,565.385000,0.000000,-0.350000,0.600000,0.000000,0.000000,0.707107,0.707107
arm_1,565.395000,0.000000,-0.350000,0.600000,0.000000,0.000000,0.707107,0.707107
arm_1,565.405000,0.000000,-0.350000,0.600000,0.000000,0.000000,0.707107,0.707107
arm_1,565.416000,0.000000,-0.350000,0.600000,0.000000,0.000000,0.707107,0.707107
arm_1,565.426000,0.000000,-0.350000,0.600000,0.000000,0.000000,0.707107,0.707107
arm_1,565.437000,0.000000,-0.350000,0.600000,0.000000,0.000000,0.707107,0.707107
arm_1,565.447000,0.000000,-0.350000,0.600000,0.000000,0.000000,0.707107,0.707107
arm_1,565.457000,0.000000,-0.350000,0.600000,0.000000,0.000000,0.707107,0.707107
arm_1,565.467000,0.000000,-0.350000,0.600000,0.000000,0.000000,0.707107,0.707107
arm_1,565.477000,0.000000,-0.350000,0.600000,0.000000,0.000000,0.707107,0.707107
arm_1,565.487000,0.000000,-0.350000,0.600000,0.000000,0.000000,0.707107,0.707107
arm_1,565.498000,0.000000,-0.350000,0.600000,0.000000,0.000000,0.707107,0.707107
arm_1,565.508000,0.000000,-0.350000,0.600000,0.000000,0.000000,0.707107,0.707107
arm_1,565.518000,0.000000,-0.350000,0.600000,0.000000,0.000000,0.707107,0.707107
arm_1,565.529000,0.000000,-0.350000,0.600000,0.000000,0.000000,0.707107,0.707107
arm_1,565.540000,0.000000,-0.350000,0.600000,0.000000,0.000000,0.707107,0.707107
arm_1,565.550000,0.000000,-0.350000,0.600000,0.000000,0.000000,0.707107,0.707107
arm_1,565.560000,0.000000,-0.350000,0.600000,0.000000,0.000000,0.707107,0.707107
arm_1,565.571000,0.000000,-0.350000,0.600000,0.000000,0.000000,0.707107,0.707107
arm_1,565.581000,0.000000,-0.350000,0.600000,0.000000,0.000000,0.707107,0.707107
arm_1,565.592000,0.000000,-0.350000,0.600000,0.000000,0.000000,0.707107,0.707107
arm_1,565.603000,0.000000,-0.350000,0.600000,0.000000,0.000000,0.707107,0.707107
arm_1,565.614000,0.000000,-0.350000,0.600000,0.000000,0.000000,0.707107,0.707107
arm_1,565.625000,0.000000,-0.350000,0.600000,0.000000,0.000000,0.707107,0.707107
arm_1,565.636000,0.000000,-0.350000,0.600000,0.000000,0.000000,0.707107,0.707107
arm_1,565.647000,0.000000,-0.350000,0.600000,0.000000,0.000000,0.707107,0.707107
arm_1,565.657000,0.000000,-0.350000,0.600000,0.000000,0.000000,0.707107,0.707107
arm_1,565.668000,0.000000,-0.350000,0.600000,0.000000,0.000000,0.707107,0.707107
arm_1,565.679000,0.000000,-0.350000,0.600000,0.000000,0.000000,0.707107,0.707107
arm_1,565.690000,0.000000,-0.350000,0.600000,0.000000,0.000000,0.707107,0.707107
arm_1,565.701000,0.000000,-0.350000,0.600000,0.000000,0.000000,0.707107,0.707107
arm_1,565.712000,0.000000,-0.350000,0.600000,0.000000,0.000000,0.707107,0.707107
arm_1,565.722000,0.000000,-0.350000,0.600000,0.000000,0.000000,0.707107,0.707107
arm_1,565.732000,0.000000,-0.350000,0.600000,0.000000,0.000000,0.707107,0.707107
arm_1,565.743000,0.000000,-0.350000,0.600000,0.000000,0.000000,0.707107,0.707107
arm_1,565.754000,0.000000,-0.350000,0.600000,0.000000,0.000000,0.707107,0.707107
arm_1,565.765000,0.000000,-0.350000,0.600000,0.000000,0.000000,0.707107,0.707107
arm_1,565.776000,0.000000,-0.350000,0.600000,0.000000,0.000000,0.707107,0.707107
arm_1,565.786000,0.000000,-0.350000,0.600000,0.000000,0.000000,0.707107,0.707107
arm_1,565.796000,0.000000,-0.350000,0.600000,0.000000,0.000000,0.707107,0.707107
arm_1,565.806000,0.000000,-0.350000,0.600000,0.000000,0.000000,0.707107,0.707107
arm_1,565.816000,0.000000,-0.350000,0.600000,0.000000,0.000000,0.707107,0.707107
arm_1,565.825000,0.000000,-0.350000,0.600000,0.000000,0.000000,0.707107,0.707107
arm_1,565.835000,0.000000,-0.350000,0.600000,0.000000,0.000000,0.707107,0.707107
arm_1,565.845000,0.000000,-0.350000,0.600000,0.000000,0.000000,0.707107,0.707107
arm_1,565.855000,0.000000,-0.350000,0.600000,0.000000,0.000000,0.707107,0.707107
arm_1,565.866000,0.000000,-0.350000,0.600000,0.000000,0.000000,0.707107,0.707107
arm_1,565.876000,0.000000,-0.350000,0.600000,0.000000,0.000000,0.707107,0.707107
arm_1,565.887000,0.000000,-0.350000,0.600000,0.000000,0.000000,0.707107,0.707107
arm_1,565.898000,0.000000,-0.350000,0.600000,0.000000,0.000000,0.707107,0.707107
arm_1,565.908000,0.000000,-0.350000,0.600000,0.000000,0.000000,0.707107,0.707107
arm_1,565.918000,0.000000,-0.350000,0.600000,0.000000,0.000000,0.707107,0.707107
arm_1,565.926000,0.000000,-0.350000,0.600000,0.000000,0.000000,0.707107,0.707107
arm_1,565.936000,0.000000,-0.350000,0.600000,0.000000,0.000000,0.707107,0.707107
arm_1,565.946000,0.000000,-0.350000,0.600000,0.000000,0.000000,0.707107,0.707107
arm_1,565.956000,0.000000,-0.350000,0.600000,0.000000,0.000000,0.707107,0.707107
arm_1,565.967000,0.000000,-0.350000,0.600000,0.000000,0.000000,0.707107,0.707107
arm_1,565.977000,0.000000,-0.350000,0.600000,0.000000,0.000000,0.707107,0.707107
arm_1,565.987000,0.000000,-0.350000,0.600000,0.000000,0.000000,0.707107,0.707107
arm_1,565.999000,0.000000,-0.350000,0.600000,0.000000,0.000000,0.707107,0.707107
arm_1,566.011000,0.000000,-0.350000,0.600000,0.000000,0.000000,0.707107,0.707107
arm_1,566.023000,0.000000,-0.350000,0.600000,0.000000,0.000000,0.707107,0.707107
arm_1,566.035000,0.000000,-0.350000,0.600000,0.000000,0.000000,0.707107,0.707107
arm_1,566.047000,0.000000,-0.350000,0.600000,0.000000,0.000000,0.707107,0.707107
arm_1,566.060000,0.000000,-0.350000,0.600000,0.000000,0.000000,0.707107,0.707107
arm_1,566.072000,0.000000,-0.350000,0.600000,0.000000,0.000000,0.707107,0.707107
arm_1,566.083000,0.000000,-0.350000,0.600000,0.000000,0.000000,0.707107,0.707107
arm_1,566.095000,0.000000,-0.350000,0.600000,0.000000,0.000000,0.707107,0.707107
arm_1,566.107000,0.000000,-0.350000,0.600000,0.000000,0.000000,0.707107,0.707107
arm_1,566.119000,0.000000,-0.350000,0.600000,0.000000,0.000000,0.707107,0.707107
arm_1,566.131000,0.000000,-0.350000,0.600000,0.000000,0.000000,0.707107,0.707107
arm_1,566.143000,0.000000,-0.350000,0.600000,0.000000,0.000000,0.707107,0.707107
arm_1,566.156000,0.000000,-0.350000,0.600000,0.000000,0.000000,0.707107,0.707107
arm_1,566.168000,0.000000,-0.350000,0.600000,0.000000,0.000000,0.707107,0.707107
arm_1,566.181000,0.000000,-0.350000,0.600000,0.000000,0.000000,0.707107,0.707107
arm_1,566.193000,0.000000,-0.350000,0.600000,0.000000,0.000000,0.707107,0.707107
arm_1,566.205000,0.000000,-0.350000,0.600000,0.000000,0.000000,0.707107,0.707107
arm_1,566.217000,0.000000,-0.350000,0.600000,0.000000,0.000000,0.707107,0.707107
arm_1,566.229000,0.000000,-0.350000,0.600000,0.000000,0.000000,0.707107,0.707107
arm_1,566.242000,0.000000,-0.350000,0.600000,0.000000,0.000000,0.707107,0.707107
arm_1,566.255000,0.000000,-0.350000,0.600000,0.000000,0.000000,0.707107,0.707107
arm_1,566.268000,0.000000,-0.350000,0.600000,0.000000,0.000000,0.707107,0.707107
arm_1,566.280000,0.000000,-0.350000,0.600000,0.000000,0.000000,0.707107,0.707107
arm_1,566.292000,0.000000,-0.350000,0.600000,0.000000,0.000000,0.707107,0.707107
arm_1,566.303000,0.000000,-0.350000,0.600000,0.000000,0.000000,0.707107,0.707107
arm_1,566.315000,0.000000,-0.350000,0.600000,0.000000,0.000000,0.707107,0.707107
arm_1,566.328000,0.000000,-0.350000,0.600000,0.000000,0.000000,0.707107,0.707107
arm_1,566.340000,0.000000,-0.350000,0.600000,0.000000,0.000000,0.707107,0.707107
arm_1,566.353000,0.000000,-0.350000,0.600000,0.000000,0.000000,0.707107,0.707107
arm_1,566.365000,0.000000,-0.350000,0.600000,0.000000,0.000000,0.707107,0.707107
arm_1,566.376000,0.000000,-0.350000,0.600000,0.000000,0.000000,0.707107,0.707107
arm_1,566.387000,0.000000,-0.350000,0.600000,0.000000,0.000000,0.707107,0.707107
arm_1,566.398000,0.000000,-0.350000,0.600000,0.000000,0.000000,0.707107,0.707107
arm_1,566.409000,0.000000,-0.350000,0.600000,0.000000,0.000000,0.707107,0.707107
arm_1,566.419000,0.000000,-0.350000,0.600000,0.000000,0.000000,0.707107,0.707107
arm_1,566.429000,0.000000,-0.350000,0.600000,0.000000,0.000000,0.707107,0.707107
arm_1,566.439000,0.000000,-0.350000,0.600000,0.000000,0.000000,0.707107,0.707107
arm_1,566.450000,0.000000,-0.350000,0.600000,0.000000,0.000000,0.707107,0.707107
arm_1,566.461000,0.000000,-0.350000,0.600000,0.000000,0.000000,0.707107,0.707107
arm_1,566.472000,0.000000,-0.350000,0.600000,0.000000,0.000000,0.707107,0.707107
arm_1,566.483000,0.000000,-0.350000,0.600000,0.000000,0.000000,0.707107,0.707107
arm_1,566.494000,0.000000,-0.350000,0.600000,0.000000,0.000000,0.707107,0.707107
arm_1,566.505000,0.000000,-0.350000,0.600000,0.000000,0.000000,0.707107,0.707107
arm_1,566.516000,0.000000,-0.350000,0.600000,0.000000,0.000000,0.707107,0.707107
arm_1,566.527000,0.000000,-0.350000,0.600000,0.000000,0.000000,0.707107,0.707107
arm_1,566.538000,0.000000,-0.350000,0.600000,0.000000,0.000000,0.707107,0.707107
arm_1,566.549000,0.000000,-0.350000,0.600000,0.000000,0.000000,0.707107,0.707107
arm_1,566.560000,0.000000,-0.350000,0.600000,0.000000,0.000000,0.707107,0.707107
arm_1,566.571000,0.000000,-0.350000,0.600000,0.000000,0.000000,0.707107,0.707107
arm_1,566.581000,0.000000,-0.350000,0.600000,0.000000,0.000000,0.707107,0.707107
arm_1,566.592000,0.000000,-0.350000,0.600000,0.000000,0.000000,0.707107,0.707107
arm_1,566.604000,0.000000,-0.350000,0.600000,0.000000,0.000000,0.707107,0.707107
arm_1,566.616000,0.000000,-0.350000,0.600000,0.000000,0.000000,0.707107,0.707107
arm_1,566.628000,0.000000,-0.350000,0.600000,0.000000,0.000000,0.707107,0.707107
arm_1,566.641000,0.000000,-0.350000,0.600000,0.000000,0.000000,0.707107,0.707107
arm_1,566.654000,0.000000,-0.350000,0.600000,0.000000,0.000000,0.707107,0.707107
arm_1,566.666000,0.000000,-0.350000,0.600000,0.000000,0.000000,0.707107,0.707107
arm_1,566.679000,0.000000,-0.350000,0.600000,0.000000,0.000000,0.707107,0.707107
arm_1,566.692000,0.000000,-0.350000,0.600000,0.000000,0.000000,0.707107,0.707107
arm_1,566.705000,0.000000,-0.350000,0.600000,0.000000,0.000000,0.707107,0.707107
arm_1,566.717000,0.000000,-0.350000,0.600000,0.000000,0.000000,0.707107,0.707107
arm_1,566.729000,0.000000,-0.350000,0.600000,0.000000,0.000000,0.707107,0.707107
arm_1,566.741000,0.000000,-0.350000,0.600000,0.000000,0.000000,0.707107,0.707107
arm_1,566.753000,0.000000,-0.350000,0.600000,0.000000,0.000000,0.707107,0.707107
arm_1,566.765000,0.000000,-0.350000,0.600000,0.000000,0.000000,0.707107,0.707107
arm_1,566.778000,0.000000,-0.350000,0.600000,0.000000,0.000000,0.707107,0.707107
arm_1,566.791000,0.000000,-0.350000,0.600000,0.000000,0.000000,0.707107,0.707107
arm_1,566.803000,0.000000,-0.350000,0.600000,0.000000,0.000000,0.707107,0.707107
arm_1,566.815000,0.000000,-0.350000,0.600000,0.000000,0.000000,0.707107,0.707107
arm_1,566.828000,0.000000,-0.350000,0.600000,0.000000,0.000000,0.707107,0.707107
arm_1,566.842000,0.000000,-0.350000,0.600000,0.000000,0.000000,0.707107,0.707107
arm_1,566.856000,0.000000,-0.350000,0.600000,0.000000,0.000000,0.707107,0.707107
arm_1,566.870000,0.000000,-0.350000,0.600000,0.000000,0.000000,0.707107,0.707107
arm_1,566.884000,0.000000,-0.350000,0.600000,0.000000,0.000000,0.707107,0.707107
arm_1,566.897000,0.000000,-0.350000,0.600000,0.000000,0.000000,0.707107,0.707107
arm_1,566.911000,0.000000,-0.350000,0.600000,0.000000,0.000000,0.707107,0.707107
arm_1,566.925000,0.000000,-0.350000,0.600000,0.000000,0.000000,0.707107,0.707107
arm_1,566.940000,0.000000,-0.350000,0.600000,0.000000,0.000000,0.707107,0.707107
arm_1,566.954000,0.000000,-0.350000,0.600000,0.000000,0.000000,0.707107,0.707107
arm_1,566.968000,0.000000,-0.350000,0.600000,0.000000,0.000000,0.707107,0.707107
arm_1,566.982000,0.000000,-0.350000,0.600000,0.000000,0.000000,0.707107,0.707107
arm_1,566.996000,0.000000,-0.350000,0.600000,0.000000,0.000000,0.707107,0.707107
arm_1,567.011000,0.000000,-0.350000,0.600000,0.000000,0.000000,0.707107,0.707107
arm_1,567.026000,0.000000,-0.350000,0.600000,0.000000,0.000000,0.707107,0.707107
arm_1,567.041000,0.000000,-0.350000,0.600000,0.000000,0.000000,0.707107,0.707107
arm_1,567.055000,0.000000,-0.350000,0.600000,0.000000,0.000000,0.707107,0.707107
arm_1,567.069000,0.000000,-0.350000,0.600000,0.000000,0.000000,0.707107,0.707107
arm_1,567.084000,0.000000,-0.350000,0.600000,0.000000,0.000000,0.707107,0.707107
arm_1,567.098000,0.000000,-0.350000,0.600000,0.000000,0.000000,0.707107,0.707107
arm_1,567.113000,0.000000,-0.350000,0.600000,0.000000,0.000000,0.707107,0.707107
arm_1,567.128000,0.000000,-0.350000,0.600000,0.000000,0.000000,0.707107,0.707107
arm_1,567.142000,0.000000,-0.350000,0.600000,0.000000,0.000000,0.707107,0.707107
arm_1,567.157000,0.000000,-0.350000,0.600000,0.000000,0.000000,0.707107,0.707107
arm_1,567.172000,0.000000,-0.350000,0.600000,0.000000,0.000000,0.707107,0.707107
arm_1,567.186000,0.000000,-0.350000,0.600000,0.000000,0.000000,0.707107,0.707107
arm_1,567.201000,0.000000,-0.350000,0.600000,0.000000,0.000000,0.707107,0.707107
arm_1,567.214000,0.000000,-0.350000,0.600000,0.000000,0.000000,0.707107,0.707107
arm_1,567.228000,0.000000,-0.350000,0.600000,0.000000,0.000000,0.707107,0.707107
arm_1,567.242000,0.000000,-0.350000,0.600000,0.000000,0.000000,0.707107,0.707107
arm_1,567.256000,0.000000,-0.350000,0.600000,0.000000,0.000000,0.707107,0.707107
arm_1,567.269000,0.000000,-0.350000,0.600000,0.000000,0.000000,0.707107,0.707107
arm_1,567.282000,0.000000,-0.350000,0.600000,0.000000,0.000000,0.707107,0.707107
arm_1,567.296000,0.000000,-0.350000,0.600000,0.000000,0.000000,0.707107,0.707107
arm_1,567.310000,0.000000,-0.350000,0.600000,0.000000,0.000000,0.707107,0.707107
arm_1,567.324000,0.000000,-0.350000,0.600000,0.000000,0.000000,0.707107,0.707107
arm_1,567.338000,0.000000,-0.350000,0.600000,0.000000,0.000000,0.707107,0.707107
arm_1,567.353000,0.000000,-0.350000,0.600000,0.000000,0.000000,0.707107,0.707107
arm_1,567.367000,0.000000,-0.350000,0.600000,0.000000,0.000000,0.707107,0.707107
arm_1,567.381000,0.000000,-0.350000,0.600000,0.000000,0.000000,0.707107,0.707107
arm_1,567.395000,0.000000,-0.350000,0.600000,0.000000,0.000000,0.707107,0.707107
arm_1,567.410000,0.000000,-0.350000,0.600000,0.000000,0.000000,0.707107,0.707107
arm_1,567.425000,0.000000,-0.350000,0.600000,0.000000,0.000000,0.707107,0.707107
arm_1,567.440000,0.000000,-0.350000,0.600000,0.000000,0.000000,0.707107,0.707107
arm_1,567.455000,0.000000,-0.350000,0.600000,0.000000,0.000000,0.707107,0.707107
arm_1,567.470000,0.000000,-0.350000,0.600000,0.000000,0.000000,0.707107,0.707107
arm_1,567.485000,0.000000,-0.350000,0.600000,0.000000,0.000000,0.707107,0.707107
arm_1,567.500000,0.000000,-0.350000,0.600000,0.000000,0.000000,0.707107,0.707107
arm_1,567.515000,0.000000,-0.350000,0.600000,0.000000,0.000000,0.707107,0.707107
arm_1,567.530000,0.000000,-0.350000,0.600000,0.000000,0.000000,0.707107,0.707107
arm_1,567.545000,0.000000,-0.350000,0.600000,0.000000,0.000000,0.707107,0.707107
arm_1,567.560000,0.000000,-0.350000,0.600000,0.000000,0.000000,0.707107,0.707107
arm_1,567.575000,0.000000,-0.350000,0.600000,0.000000,0.000000,0.707107,0.707107
arm_1,567.590000,0.000000,-0.350000,0.600000,0.000000,0.000000,0.707107,0.707107
arm_1,567.605000,0.000000,-0.350000,0.600000,0.000000,0.000000,0.707107,0.707107
arm_1,567.620000,0.000000,-0.350000,0.600000,0.000000,0.000000,0.707107,0.707107
arm_1,567.635000,0.000000,-0.350000,0.600000,0.000000,0.000000,0.707107,0.707107
arm_1,567.650000,0.000000,-0.350000,0.600000,0.000000,0.000000,0.707107,0.707107
arm_1,567.664000,0.000000,-0.350000,0.600000,0.000000,0.000000,0.707107,0.707107
arm_1,567.679000,0.000000,-0.350000,0.600000,0.000000,0.000000,0.707107,0.707107
arm_1,567.693000,0.000000,-0.350000,0.600000,0.000000,0.000000,0.707107,0.707107
arm_1,567.705000,0.000000,-0.350000,0.600000,0.000000,0.000000,0.707107,0.707107
arm_1,567.720000,0.000000,-0.350000,0.600000,0.000000,0.000000,0.707107,0.707107
arm_1,567.735000,0.000000,-0.350000,0.600000,0.000000,0.000000,0.707107,0.707107
arm_1,567.750000,0.000000,-0.350000,0.600000,0.000000,0.000000,0.707107,0.707107
arm_1,567.765000,0.000000,-0.350000,0.600000,0.000000,0.000000,0.707107,0.707107
arm_1,567.780000,0.000000,-0.350000,0.600000,0.000000,0.000000,0.707107,0.707107
arm_1,567.795000,0.000000,-0.350000,0.600000,0.000000,0.000000,0.707107,0.707107
arm_1,567.810000,0.000000,-0.350000,0.600000,0.000000,0.000000,0.707107,0.707107
arm_1,567.824000,0.000000,-0.350000,0.600000,0.000000,0.000000,0.707107,0.707107
arm_1,567.839000,0.000000,-0.350000,0.600000,0.000000,0.000000,0.707107,0.707107
arm_1,567.854000,0.000000,-0.350000,0.600000,0.000000,0.000000,0.707107,0.707107
arm_1,567.869000,0.000000,-0.350000,0.600000,0.000000,0.000000,0.707107,0.707107
arm_1,567.884000,0.000000,-0.350000,0.600000,0.000000,0.000000,0.707107,0.707107
arm_1,567.899000,0.000000,-0.350000,0.600000,0.000000,0.000000,0.707107,0.707107
arm_1,567.914000,0.000000,-0.350000,0.600000,0.000000,0.000000,0.707107,0.707107
arm_1,567.929000,0.000000,-0.350000,0.600000,0.000000,0.000000,0.707107,0.707107
arm_1,567.944000,0.000000,-0.350000,0.600000,0.000000,0.000000,0.707107,0.707107
arm_1,567.958000,0.000000,-0.350000,0.600000,0.000000,0.000000,0.707107,0.707107
arm_1,567.973000,0.000000,-0.350000,0.600000,0.000000,0.000000,0.707107,0.707107
arm_1,567.988000,0.000000,-0.350000,0.600000,0.000000,0.000000,0.707107,0.707107
arm_1,568.002000,0.000000,-0.350000,0.600000,0.000000,0.000000,0.707107,0.707107
arm_1,568.017000,0.000000,-0.350000,0.600000,0.000000,0.000000,0.707107,0.707107
arm_1,568.032000,0.000000,-0.350000,0.600000,0.000000,0.000000,0.707107,0.707107
arm_1,568.047000,0.000000,-0.350000,0.600000,0.000000,0.000000,0.707107,0.707107
arm_1,568.061000,0.000000,-0.350000,0.600000,0.000000,0.000000,0.707107,0.707107
arm_1,568.076000,0.000000,-0.350000,0.600000,0.000000,0.000000,0.707107,0.707107
arm_1,568.091000,0.000000,-0.350000,0.600000,0.000000,0.000000,0.707107,0.707107
arm_1,568.106000,0.000000,-0.350000,0.600000,0.000000,0.000000,0.707107,0.707107
arm_1,568.121000,0.000000,-0.350000,0.600000,0.000000,0.000000,0.707107,0.707107
arm_1,568.135000,0.000000,-0.350000,0.600000,0.000000,0.000000,0.707107,0.707107
arm_1,568.150000,0.000000,-0.350000,0.600000,0.000000,0.000000,0.707107,0.707107
arm_1,568.164000,0.000000,-0.350000,0.600000,0.000000,0.000000,0.707107,0.707107
arm_1,568.179000,0.000000,-0.350000,0.600000,0.000000,0.000000,0.707107,0.707107
arm_1,568.194000,0.000000,-0.350000,0.600000,0.000000,0.000000,0.707107,0.707107
arm_1,568.208000,0.000000,-0.350000,0.600000,0.000000,0.000000,0.707107,0.707107
arm_1,568.220000,0.000000,-0.350000,0.600000,0.000000,0.000000,0.707107,0.707107
arm_1,568.232000,0.000000,-0.350000,0.600000,0.000000,0.000000,0.707107,0.707107
arm_1,568.244000,0.000000,-0.350000,0.600000,0.000000,0.000000,0.707107,0.707107
arm_1,568.256000,0.000000,-0.350000,0.600000,0.000000,0.000000,0.707107,0.707107
arm_1,568.269000,0.000000,-0.350000,0.600000,0.000000,0.000000,0.707107,0.707107
arm_1,568.282000,0.000000,-0.350000,0.600000,0.000000,0.000000,0.707107,0.707107
arm_1,568.294000,0.000000,-0.350000,0.600000,0.000000,0.000000,0.707107,0.707107
arm_1,568.306000,0.000000,-0.350000,0.600000,0.000000,0.000000,0.707107,0.707107
arm_1,568.318000,0.000000,-0.350000,0.600000,0.000000,0.000000,0.707107,0.707107
arm_1,568.331000,0.000000,-0.350000,0.600000,0.000000,0.000000,0.707107,0.707107
arm_1,568.344000,0.000000,-0.350000,0.600000,0.000000,0.000000,0.707107,0.707107
arm_1,568.356000,0.000000,-0.350000,0.600000,0.000000,0.000000,0.707107,0.707107
arm_1,568.369000,0.000000,-0.350000,0.600000,0.000000,0.000000,0.707107,0.707107
arm_1,568.381000,0.000000,-0.350000,0.600000,0.000000,0.000000,0.707107,0.707107
arm_1,568.393000,0.000000,-0.350000,0.600000,0.000000,0.000000,0.707107,0.707107
arm_1,568.405000,0.000000,-0.350000,0.600000,0.000000,0.000000,0.707107,0.707107
arm_1,568.418000,0.000000,-0.350000,0.600000,0.000000,0.000000,0.707107,0.707107
arm_1,568.433000,0.000000,-0.350000,0.600000,0.000000,0.000000,0.707107,0.707107
arm_1,568.448000,0.000000,-0.350000,0.600000,0.000000,0.000000,0.707107,0.707107
arm_1,568.463000,0.000000,-0.350000,0.600000,0.000000,0.000000,0.707107,0.707107
arm_1,568.477000,0.000000,-0.350000,0.600000,0.000000,0.000000,0.707107,0.707107
arm_1,568.491000,0.000000,-0.350000,0.600000,0.000000,0.000000,0.707107,0.707107
arm_1,568.506000,0.000000,-0.350000,0.600000,0.000000,0.000000,0.707107,0.707107
arm_1,568.521000,0.000000,-0.350000,0.600000,0.000000,0.000000,0.707107,0.707107
arm_1,568.536000,0.000000,-0.350000,0.600000,0.000000,0.000000,0.707107,0.707107
arm_1,568.550000,0.000000,-0.350000,0.600000,0.000000,0.000000,0.707107,0.707107
arm_1,568.565000,0.000000,-0.350000,0.600000,0.000000,0.000000,0.707107,0.707107
arm_1,568.580000,0.000000,-0.350000,0.600000,0.000000,0.000000,0.707107,0.707107
arm_1,568.594000,0.000000,-0.350000,0.600000,0.000000,0.000000,0.707107,0.707107
arm_1,568.607000,0.000000,-0.350000,0.600000,0.000000,0.000000,0.707107,0.707107
arm_1,568.620000,0.000000,-0.350000,0.600000,0.000000,0.000000,0.707107,0.707107
arm_1,568.634000,0.000000,-0.350000,0.600000,0.000000,0.000000,0.707107,0.707107
arm_1,568.647000,0.000000,-0.350000,0.600000,0.000000,0.000000,0.707107,0.707107
arm_1,568.660000,0.000000,-0.350000,0.600000,0.000000,0.000000,0.707107,0.707107
arm_1,568.669000,0.000000,-0.350000,0.600000,0.000000,0.000000,0.707107,0.707107
arm_1,568.681000,0.000000,-0.350000,0.600000,0.000000,0.000000,0.707107,0.707107
arm_1,568.695000,0.000000,-0.350000,0.600000,0.000000,0.000000,0.707107,0.707107
arm_1,568.710000,0.000000,-0.350000,0.600000,0.000000,0.000000,0.707107,0.707107
arm_1,568.725000,0.000000,-0.350000,0.600000,0.000000,0.000000,0.707107,0.707107
arm_1,568.740000,0.000000,-0.350000,0.600000,0.000000,0.000000,0.707107,0.707107
arm_1,568.755000,0.000000,-0.350000,0.600000,0.000000,0.000000,0.707107,0.707107
arm_1,568.770000,0.000000,-0.350000,0.600000,0.000000,0.000000,0.707107,0.707107
arm_1,568.785000,0.000000,-0.350000,0.600000,0.000000,0.000000,0.707107,0.707107
arm_1,568.800000,0.000000,-0.350000,0.600000,0.000000,0.000000,0.707107,0.707107
arm_1,568.815000,0.000000,-0.350000,0.600000,0.000000,0.000000,0.707107,0.707107
arm_1,568.830000,0.000000,-0.350000,0.600000,0.000000,0.000000,0.707107,0.707107
arm_1,568.845000,0.000000,-0.350000,0.600000,0.000000,0.000000,0.707107,0.707107
arm_1,568.860000,0.000000,-0.350000,0.600000,0.000000,0.000000,0.707107,0.707107
arm_1,568.873000,0.000000,-0.350000,0.600000,0.000000,0.000000,0.707107,0.707107
arm_1,568.886000,0.000000,-0.350000,0.600000,0.000000,0.000000,0.707107,0.707107
arm_1,568.899000,0.000000,-0.350000,0.600000,0.000000,0.000000,0.707107,0.707107
arm_1,568.912000,0.000000,-0.350000,0.600000,0.000000,0.000000,0.707107,0.707107
arm_1,568.915000,0.000000,-0.350000,0.600000,0.000000,0.000000,0.707107,0.707107
arm_1,568.926000,0.000000,-0.350000,0.600000,0.000000,0.000000,0.707107,0.707107
arm_1,568.940000,0.000000,-0.350000,0.600000,0.000000,0.000000,0.707107,0.707107
arm_1,568.954000,0.000000,-0.350000,0.600000,0.000000,0.000000,0.707107,0.707107
arm_1,568.968000,0.000000,-0.350000,0.600000,0.000000,0.000000,0.707107,0.707107
arm_1,568.983000,0.000000,-0.350000,0.600000,0.000000,0.000000,0.707107,0.707107
arm_1,568.997000,0.000000,-0.350000,0.600000,0.000000,0.000000,0.707107,0.707107
arm_1,569.012000,0.000000,-0.350000,0.600000,0.000000,0.000000,0.707107,0.707107
arm_1,569.027000,0.000000,-0.350000,0.600000,0.000000,0.000000,0.707107,0.707107
arm_1,569.042000,0.000000,-0.350000,0.600000,0.000000,0.000000,0.707107,0.707107
arm_1,569.057000,0.000000,-0.350000,0.600000,0.000000,0.000000,0.707107,0.707107
arm_1,569.072000,0.000000,-0.350000,0.600000,0.000000,0.000000,0.707107,0.707107
arm_1,569.087000,0.000000,-0.350000,0.600000,0.000000,0.000000,0.707107,0.707107
arm_1,569.102000,0.000000,-0.350000,0.600000,0.000000,0.000000,0.707107,0.707107
arm_1,569.117000,0.000000,-0.350000,0.600000,0.000000,0.000000,0.707107,0.707107
arm_1,569.132000,0.000000,-0.350000,0.600000,0.000000,0.000000,0.707107,0.707107
arm_1,569.147000,0.000000,-0.350000,0.600000,0.000000,0.000000,0.707107,0.707107
arm_1,569.160000,0.000000,-0.350000,0.600000,0.000000,0.000000,0.707107,0.707107
arm_1,569.173000,0.000000,-0.350000,0.600000,0.000000,0.000000,0.707107,0.707107
arm_1,569.186000,0.000000,-0.350000,0.600000,0.000000,0.000000,0.707107,0.707107
arm_1,569.199000,0.000000,-0.350000,0.600000,0.000000,0.000000,0.707107,0.707107
arm_1,569.211000,0.000000,-0.350000,0.600000,0.000000,0.000000,0.707107,0.707107
arm_1,569.223000,0.000000,-0.350000,0.600000,0.000000,0.000000,0.707107,0.707107
arm_1,569.236000,0.000000,-0.350000,0.600000,0.000000,0.000000,0.707107,0.707107
arm_1,569.249000,0.000000,-0.350000,0.600000,0.000000,0.000000,0.707107,0.707107
arm_1,569.262000,0.000000,-0.350000,0.600000,0.000000,0.000000,0.707107,0.707107
arm_1,569.275000,0.000000,-0.350000,0.600000,0.000000,0.000000,0.707107,0.707107
arm_1,569.288000,0.000000,-0.350000,0.600000,0.000000,0.000000,0.707107,0.707107
arm_1,569.301000,0.000000,-0.350000,0.600000,0.000000,0.000000,0.707107,0.707107
arm_1,569.314000,0.000000,-0.350000,0.600000,0.000000,0.000000,0.707107,0.707107
arm_1,569.327000,0.000000,-0.350000,0.600000,0.000000,0.000000,0.707107,0.707107
arm_1,569.340000,0.000000,-0.350000,0.600000,0.000000,0.000000,0.707107,0.707107
arm_1,569.353000,0.000000,-0.350000,0.600000,0.000000,0.000000,0.707107,0.707107
arm_1,569.366000,0.000000,-0.350000,0.600000,0.000000,0.000000,0.707107,0.707107
arm_1,569.379000,0.000000,-0.350000,0.600000,0.000000,0.000000,0.707107,0.707107
arm_1,569.392000,0.000000,-0.350000,0.600000,0.000000,0.000000,0.707107,0.707107
arm_1,569.404000,0.000000,-0.350000,0.600000,0.000000,0.000000,0.707107,0.707107
arm_1,569.416000,0.000000,-0.350000,0.600000,0.000000,0.000000,0.707107,0.707107
arm_1,569.430000,0.000000,-0.350000,0.600000,0.000000,0.000000,0.707107,0.707107
arm_1,569.445000,0.000000,-0.350000,0.600000,0.000000,0.000000,0.707107,0.707107
arm_1,569.460000,0.000000,-0.350000,0.600000,0.000000,0.000000,0.707107,0.707107
arm_1,569.474000,0.000000,-0.350000,0.600000,0.000000,0.000000,0.707107,0.707107
arm_1,569.489000,0.000000,-0.350000,0.600000,0.000000,0.000000,0.707107,0.707107
arm_1,569.504000,0.000000,-0.350000,0.600000,0.000000,0.000000,0.707107,0.707107
arm_1,569.519000,0.000000,-0.350000,0.600000,0.000000,0.000000,0.707107,0.707107
arm_1,569.534000,0.000000,-0.350000,0.600000,0.000000,0.000000,0.707107,0.707107
arm_1,569.549000,0.000000,-0.350000,0.600000,0.000000,0.000000,0.707107,0.707107
arm_1,569.564000,0.000000,-0.350000,0.600000,0.000000,0.000000,0.707107,0.707107
arm_1,569.579000,0.000000,-0.350000,0.600000,0.000000,0.000000,0.707107,0.707107
arm_1,569.593000,0.000000,-0.350000,0.600000,0.000000,0.000000,0.707107,0.707107
arm_1,569.607000,0.000000,-0.350000,0.600000,0.000000,0.000000,0.707107,0.707107
arm_1,569.622000,0.000000,-0.350000,0.600000,0.000000,0.000000,0.707107,0.707107
arm_1,569.636000,0.000000,-0.350000,0.600000,0.000000,0.000000,0.707107,0.707107
arm_1,569.651000,0.000000,-0.350000,0.600000,0.000000,0.000000,0.707107,0.707107
arm_1,569.665000,0.000000,-0.350000,0.600000,0.000000,0.000000,0.707107,0.707107
arm_1,569.680000,0.000000,-0.350000,0.600000,0.000000,0.000000,0.707107,0.707107
arm_1,569.695000,0.000000,-0.350000,0.600000,0.000000,0.000000,0.707107,0.707107
arm_1,569.709000,0.000000,-0.350000,0.600000,0.000000,0.000000,0.707107,0.707107
arm_1,569.723000,0.000000,-0.350000,0.600000,0.000000,0.000000,0.707107,0.707107
arm_1,569.738000,0.000000,-0.350000,0.600000,0.000000,0.000000,0.707107,0.707107
arm_1,569.753000,0.000000,-0.350000,0.600000,0.000000,0.000000,0.707107,0.707107
arm_1,569.768000,0.000000,-0.350000,0.600000,0.000000,0.000000,0.707107,0.707107
arm_1,569.782000,0.000000,-0.350000,0.600000,0.000000,0.000000,0.707107,0.707107
arm_1,569.796000,0.000000,-0.350000,0.600000,0.000000,0.000000,0.707107,0.707107
arm_1,569.810000,0.000000,-0.350000,0.600000,0.000000,0.000000,0.707107,0.707107
arm_1,569.825000,0.000000,-0.350000,0.600000,0.000000,0.000000,0.707107,0.707107
arm_1,569.839000,0.000000,-0.350000,0.600000,0.000000,0.000000,0.707107,0.707107
arm_1,569.854000,0.000000,-0.350000,0.600000,0.000000,0.000000,0.707107,0.707107
arm_1,569.869000,0.000000,-0.350000,0.600000,0.000000,0.000000,0.707107,0.707107
arm_1,569.884000,0.000000,-0.350000,0.600000,0.000000,0.000000,0.707107,0.707107
arm_1,569.899000,0.000000,-0.350000,0.600000,0.000000,0.000000,0.707107,0.707107
arm_1,569.913000,0.000000,-0.350000,0.600000,0.000000,0.000000,0.707107,0.707107
arm_1,569.928000,0.000000,-0.350000,0.600000,0.000000,0.000000,0.707107,0.707107
arm_1,569.943000,0.000000,-0.350000,0.600000,0.000000,0.000000,0.707107,0.707107
arm_1,569.958000,0.000000,-0.350000,0.600000,0.000000,0.000000,0.707107,0.707107
arm_1,569.973000,0.000000,-0.350000,0.600000,0.000000,0.000000,0.707107,0.707107
arm_1,569.988000,0.000000,-0.350000,0.600000,0.000000,0.000000,0.707107,0.707107
arm_1,570.002000,0.000000,-0.350000,0.600000,0.000000,0.000000,0.707107,0.707107
arm_1,570.016000,0.000000,-0.350000,0.600000,0.000000,0.000000,0.707107,0.707107
arm_1,570.030000,0.000000,-0.350000,0.600000,0.000000,0.000000,0.707107,0.707107
arm_1,570.044000,0.000000,-0.350000,0.600000,0.000000,0.000000,0.707107,0.707107
arm_1,570.059000,0.000000,-0.350000,0.600000,0.000000,0.000000,0.707107,0.707107
arm_1,570.074000,0.000000,-0.350000,0.600000,0.000000,0.000000,0.707107,0.707107
arm_1,570.089000,0.000000,-0.350000,0.600000,0.000000,0.000000,0.707107,0.707107
arm_1,570.102000,0.000000,-0.350000,0.600000,0.000000,0.000000,0.707107,0.707107
arm_1,570.114000,0.000000,-0.350000,0.600000,0.000000,0.000000,0.707107,0.707107
arm_1,570.126000,0.000000,-0.350000,0.600000,0.000000,0.000000,0.707107,0.707107
arm_1,570.139000,0.000000,-0.350000,0.600000,0.000000,0.000000,0.707107,0.707107
arm_1,570.151000,0.000000,-0.350000,0.600000,0.000000,0.000000,0.707107,0.707107
arm_1,570.163000,0.000000,-0.350000,0.600000,0.000000,0.000000,0.707107,0.707107
arm_1,570.175000,0.000000,-0.350000,0.600000,0.000000,0.000000,0.707107,0.707107
arm_1,570.188000,0.000000,-0.350000,0.600000,0.000000,0.000000,0.707107,0.707107
arm_1,570.200000,0.000000,-0.350000,0.600000,0.000000,0.000000,0.707107,0.707107
arm_1,570.212000,0.000000,-0.350000,0.600000,0.000000,0.000000,0.707107,0.707107
arm_1,570.224000,0.000000,-0.350000,0.600000,0.000000,0.000000,0.707107,0.707107
arm_1,570.237000,0.000000,-0.350000,0.600000,0.000000,0.000000,0.707107,0.707107
arm_1,570.250000,0.000000,-0.350000,0.600000,0.000000,0.000000,0.707107,0.707107
arm_1,570.263000,0.000000,-0.350000,0.600000,0.000000,0.000000,0.707107,0.707107
arm_1,570.275000,0.000000,-0.350000,0.600000,0.000000,0.000000,0.707107,0.707107
arm_1,570.288000,0.000000,-0.350000,0.600000,0.000000,0.000000,0.707107,0.707107
arm_1,570.301000,0.000000,-0.350000,0.600000,0.000000,0.000000,0.707107,0.707107
arm_1,570.315000,0.000000,-0.350000,0.600000,0.000000,0.000000,0.707107,0.707107
arm_1,570.329000,0.000000,-0.350000,0.600000,0.000000,0.000000,0.707107,0.707107
arm_1,570.343000,0.000000,-0.350000,0.600000,0.000000,0.000000,0.707107,0.707107
arm_1,570.354000,0.000000,-0.350000,0.600000,0.000000,0.000000,0.707107,0.707107
arm_1,570.367000,0.000000,-0.350000,0.600000,0.000000,0.000000,0.707107,0.707107
arm_1,570.381000,0.000000,-0.350000,0.600000,0.000000,0.000000,0.707107,0.707107
arm_1,570.395000,0.000000,-0.350000,0.600000,0.000000,0.000000,0.707107,0.707107
arm_1,570.409000,0.000000,-0.350000,0.600000,0.000000,0.000000,0.707107,0.707107
arm_1,570.422000,0.000000,-0.350000,0.600000,0.000000,0.000000,0.707107,0.707107
arm_1,570.436000,0.000000,-0.350000,0.600000,0.000000,0.000000,0.707107,0.707107
arm_1,570.451000,0.000000,-0.350000,0.600000,0.000000,0.000000,0.707107,0.707107
arm_1,570.466000,0.000000,-0.350000,0.600000,0.000000,0.000000,0.707107,0.707107
arm_1,570.481000,0.000000,-0.350000,0.600000,0.000000,0.000000,0.707107,0.707107
arm_1,570.496000,0.000000,-0.350000,0.600000,0.000000,0.000000,0.707107,0.707107
arm_1,570.509000,0.000000,-0.350000,0.600000,0.000000,0.000000,0.707107,0.707107
arm_1,570.521000,0.000000,-0.350000,0.600000,0.000000,0.000000,0.707107,0.707107
arm_1,570.529000,0.000000,-0.350000,0.600000,0.000000,0.000000,0.707107,0.707107
arm_1,570.543000,0.000000,-0.350000,0.600000,0.000000,0.000000,0.707107,0.707107
arm_1,570.558000,0.000000,-0.350000,0.600000,0.000000,0.000000,0.707107,0.707107
arm_1,570.573000,0.000000,-0.350000,0.600000,0.000000,0.000000,0.707107,0.707107
arm_1,570.587000,0.000000,-0.350000,0.600000,0.000000,0.000000,0.707107,0.707107
arm_1,570.601000,0.000000,-0.350000,0.600000,0.000000,0.000000,0.707107,0.707107
arm_1,570.615000,0.000000,-0.350000,0.600000,0.000000,0.000000,0.707107,0.707107
arm_1,570.629000,0.000000,-0.350000,0.600000,0.000000,0.000000,0.707107,0.707107
arm_1,570.644000,0.000000,-0.350000,0.600000,0.000000,0.000000,0.707107,0.707107
arm_1,570.659000,0.000000,-0.350000,0.600000,0.000000,0.000000,0.707107,0.707107
arm_1,570.673000,0.000000,-0.350000,0.600000,0.000000,0.000000,0.707107,0.707107
arm_1,570.688000,0.000000,-0.350000,0.600000,0.000000,0.000000,0.707107,0.707107
arm_1,570.702000,0.000000,-0.350000,0.600000,0.000000,0.000000,0.707107,0.707107
arm_1,570.716000,0.000000,-0.350000,0.600000,0.000000,0.000000,0.707107,0.707107
arm_1,570.731000,0.000000,-0.350000,0.600000,0.000000,0.000000,0.707107,0.707107
arm_1,570.745000,0.000000,-0.350000,0.600000,0.000000,0.000000,0.707107,0.707107
arm_1,570.757000,0.000000,-0.350000,0.600000,0.000000,0.000000,0.707107,0.707107
arm_1,570.770000,0.000000,-0.350000,0.600000,0.000000,0.000000,0.707107,0.707107
arm_1,570.782000,0.000000,-0.350000,0.600000,0.000000,0.000000,0.707107,0.707107
arm_1,570.795000,0.000000,-0.350000,0.600000,0.000000,0.000000,0.707107,0.707107
arm_1,570.808000,0.000000,-0.350000,0.600000,0.000000,0.000000,0.707107,0.707107
arm_1,570.821000,0.000000,-0.350000,0.600000,0.000000,0.000000,0.707107,0.707107
arm_1,570.833000,0.000000,-0.350000,0.600000,0.000000,0.000000,0.707107,0.707107
arm_1,570.846000,0.000000,-0.350000,0.600000,0.000000,0.000000,0.707107,0.707107
arm_1,570.858000,0.000000,-0.350000,0.600000,0.000000,0.000000,0.707107,0.707107
arm_1,570.871000,0.000000,-0.350000,0.600000,0.000000,0.000000,0.707107,0.707107
arm_1,570.883000,0.000000,-0.350000,0.600000,0.000000,0.000000,0.707107,0.707107
arm_1,570.895000,0.000000,-0.350000,0.600000,0.000000,0.000000,0.707107,0.707107
arm_1,570.907000,0.000000,-0.350000,0.600000,0.000000,0.000000,0.707107,0.707107
arm_1,570.919000,0.000000,-0.350000,0.600000,0.000000,0.000000,0.707107,0.707107
arm_1,570.931000,0.000000,-0.350000,0.600000,0.000000,0.000000,0.707107,0.707107
arm_1,570.943000,0.000000,-0.350000,0.600000,0.000000,0.000000,0.707107,0.707107
arm_1,570.955000,0.000000,-0.350000,0.600000,0.000000,0.000000,0.707107,0.707107
arm_1,570.967000,0.000000,-0.350000,0.600000,0.000000,0.000000,0.707107,0.707107
arm_1,570.979000,0.000000,-0.350000,0.600000,0.000000,0.000000,0.707107,0.707107
arm_1,570.991000,0.000000,-0.350000,0.600000,0.000000,0.000000,0.707107,0.707107
arm_1,571.003000,0.000000,-0.350000,0.600000,0.000000,0.000000,0.707107,0.707107
arm_1,571.016000,0.000000,-0.350000,0.600000,0.000000,0.000000,0.707107,0.707107
arm_1,571.029000,0.000000,-0.350000,0.600000,0.000000,0.000000,0.707107,0.707107
arm_1,571.042000,0.000000,-0.350000,0.600000,0.000000,0.000000,0.707107,0.707107
arm_1,571.055000,0.000000,-0.350000,0.600000,0.000000,0.000000,0.707107,0.707107
arm_1,571.068000,0.000000,-0.350000,0.600000,0.000000,0.000000,0.707107,0.707107
arm_1,571.081000,0.000000,-0.350000,0.600000,0.000000,0.000000,0.707107,0.707107
arm_1,571.095000,0.000000,-0.350000,0.600000,0.000000,0.000000,0.707107,0.707107
arm_1,571.109000,0.000000,-0.350000,0.600000,0.000000,0.000000,0.707107,0.707107
arm_1,571.124000,0.000000,-0.350000,0.600000,0.000000,0.000000,0.707107,0.707107
arm_1,571.139000,0.000000,-0.350000,0.600000,0.000000,0.000000,0.707107,0.707107
arm_1,571.154000,0.000000,-0.350000,0.600000,0.000000,0.000000,0.707107,0.707107
arm_1,571.169000,0.000000,-0.350000,0.600000,0.000000,0.000000,0.707107,0.707107
arm_1,571.184000,0.000000,-0.350000,0.600000,0.000000,0.000000,0.707107,0.707107
arm_1,571.199000,0.000000,-0.350000,0.600000,0.000000,0.000000,0.707107,0.707107
arm_1,571.213000,0.000000,-0.350000,0.600000,0.000000,0.000000,0.707107,0.707107
arm_1,571.228000,0.000000,-0.350000,0.600000,0.000000,0.000000,0.707107,0.707107
arm_1,571.243000,0.000000,-0.350000,0.600000,0.000000,0.000000,0.707107,0.707107
arm_1,571.258000,0.000000,-0.350000,0.600000,0.000000,0.000000,0.707107,0.707107
arm_1,571.273000,0.000000,-0.350000,0.600000,0.000000,0.000000,0.707107,0.707107
arm_1,571.288000,0.000000,-0.350000,0.600000,0.000000,0.000000,0.707107,0.707107
arm_1,571.303000,0.000000,-0.350000,0.600000,0.000000,0.000000,0.707107,0.707107
arm_1,571.318000,0.000000,-0.350000,0.600000,0.000000,0.000000,0.707107,0.707107
arm_1,571.333000,0.000000,-0.350000,0.600000,0.000000,0.000000,0.707107,0.707107
arm_1,571.348000,0.000000,-0.350000,0.600000,0.000000,0.000000,0.707107,0.707107
arm_1,571.363000,0.000000,-0.350000,0.600000,0.000000,0.000000,0.707107,0.707107
arm_1,571.378000,0.000000,-0.350000,0.600000,0.000000,0.000000,0.707107,0.707107
arm_1,571.393000,0.000000,-0.350000,0.600000,0.000000,0.000000,0.707107,0.707107
arm_1,571.407000,0.000000,-0.350000,0.600000,0.000000,0.000000,0.707107,0.707107
arm_1,571.420000,0.000000,-0.350000,0.600000,0.000000,0.000000,0.707107,0.707107
arm_1,571.433000,0.000000,-0.350000,0.600000,0.000000,0.000000,0.707107,0.707107
arm_1,571.446000,0.000000,-0.350000,0.600000,0.000000,0.000000,0.707107,0.707107
arm_1,571.460000,0.000000,-0.350000,0.600000,0.000000,0.000000,0.707107,0.707107
arm_1,571.473000,0.000000,-0.350000,0.600000,0.000000,0.000000,0.707107,0.707107
arm_1,571.486000,0.000000,-0.350000,0.600000,0.000000,0.000000,0.707107,0.707107
arm_1,571.499000,0.000000,-0.350000,0.600000,0.000000,0.000000,0.707107,0.707107
arm_1,571.512000,0.000000,-0.350000,0.600000,0.000000,0.000000,0.707107,0.707107
arm_1,571.523000,0.000000,-0.350000,0.600000,0.000000,0.000000,0.707107,0.707107
arm_1,571.536000,0.000000,-0.350000,0.600000,0.000000,0.000000,0.707107,0.707107
arm_1,571.550000,0.000000,-0.350000,0.600000,0.000000,0.000000,0.707107,0.707107
arm_1,571.563000,0.000000,-0.350000,0.600000,0.000000,0.000000,0.707107,0.707107
arm_1,571.576000,0.000000,-0.350000,0.600000,0.000000,0.000000,0.707107,0.707107
arm_1,571.590000,0.000000,-0.350000,0.600000,0.000000,0.000000,0.707107,0.707107
arm_1,571.604000,0.000000,-0.350000,0.600000,0.000000,0.000000,0.707107,0.707107
arm_1,571.618000,0.000000,-0.350000,0.600000,0.000000,0.000000,0.707107,0.707107
arm_1,571.632000,0.000000,-0.350000,0.600000,0.000000,0.000000,0.707107,0.707107
arm_1,571.646000,0.000000,-0.350000,0.600000,0.000000,0.000000,0.707107,0.707107
arm_1,571.660000,0.000000,-0.350000,0.600000,0.000000,0.000000,0.707107,0.707107
arm_1,571.672000,0.000000,-0.350000,0.600000,0.000000,0.000000,0.707107,0.707107
arm_1,571.683000,0.000000,-0.350000,0.600000,0.000000,0.000000,0.707107,0.707107
arm_1,571.694000,0.000000,-0.350000,0.600000,0.000000,0.000000,0.707107,0.707107
arm_1,571.705000,0.000000,-0.350000,0.600000,0.000000,0.000000,0.707107,0.707107
arm_1,571.716000,0.000000,-0.350000,0.600000,0.000000,0.000000,0.707107,0.707107
arm_1,571.727000,0.000000,-0.350000,0.600000,0.000000,0.000000,0.707107,0.707107
arm_1,571.738000,0.000000,-0.350000,0.600000,0.000000,0.000000,0.707107,0.707107
arm_1,571.748000,0.000000,-0.350000,0.600000,0.000000,0.000000,0.707107,0.707107
arm_1,571.759000,0.000000,-0.350000,0.600000,0.000000,0.000000,0.707107,0.707107
arm_1,571.770000,0.000000,-0.350000,0.600000,0.000000,0.000000,0.707107,0.707107
arm_1,571.781000,0.000000,-0.350000,0.600000,0.000000,0.000000,0.707107,0.707107
arm_1,571.792000,0.000000,-0.350000,0.600000,0.000000,0.000000,0.707107,0.707107
arm_1,571.803000,0.000000,-0.350000,0.600000,0.000000,0.000000,0.707107,0.707107
arm_1,571.814000,0.000000,-0.350000,0.600000,0.000000,0.000000,0.707107,0.707107
arm_1,571.825000,0.000000,-0.350000,0.600000,0.000000,0.000000,0.707107,0.707107
arm_1,571.836000,0.000000,-0.350000,0.600000,0.000000,0.000000,0.707107,0.707107
arm_1,571.847000,0.000000,-0.350000,0.600000,0.000000,0.000000,0.707107,0.707107
arm_1,571.857000,0.000000,-0.350000,0.600000,0.000000,0.000000,0.707107,0.707107
arm_1,571.868000,0.000000,-0.350000,0.600000,0.000000,0.000000,0.707107,0.707107
arm_1,571.879000,0.000000,-0.350000,0.600000,0.000000,0.000000,0.707107,0.707107
arm_1,571.890000,0.000000,-0.350000,0.600000,0.000000,0.000000,0.707107,0.707107
arm_1,571.901000,0.000000,-0.350000,0.600000,0.000000,0.000000,0.707107,0.707107
arm_1,571.912000,0.000000,-0.350000,0.600000,0.000000,0.000000,0.707107,0.707107
arm_1,571.923000,0.000000,-0.350000,0.600000,0.000000,0.000000,0.707107,0.707107
arm_1,571.934000,0.000000,-0.350000,0.600000,0.000000,0.000000,0.707107,0.707107
arm_1,571.945000,0.000000,-0.350000,0.600000,0.000000,0.000000,0.707107,0.707107
arm_1,571.956000,0.000000,-0.350000,0.600000,0.000000,0.000000,0.707107,0.707107
arm_1,571.967000,0.000000,-0.350000,0.600000,0.000000,0.000000,0.707107,0.707107
arm_1,571.978000,0.000000,-0.350000,0.600000,0.000000,0.000000,0.707107,0.707107
arm_1,571.989000,0.000000,-0.350000,0.600000,0.000000,0.000000,0.707107,0.707107
arm_1,572.000000,0.000000,-0.350000,0.600000,0.000000,0.000000,0.707107,0.707107
arm_1,572.010000,0.000000,-0.350000,0.600000,0.000000,0.000000,0.707107,0.707107
arm_1,572.020000,0.000000,-0.350000,0.600000,0.000000,0.000000,0.707107,0.707107
arm_1,572.030000,0.000000,-0.350000,0.600000,0.000000,0.000000,0.707107,0.707107
arm_1,572.041000,0.000000,-0.350000,0.600000,0.000000,0.000000,0.707107,0.707107
arm_1,572.054000,0.000000,-0.350000,0.600000,0.000000,0.000000,0.707107,0.707107
arm_1,572.066000,0.000000,-0.350000,0.600000,0.000000,0.000000,0.707107,0.707107
arm_1,572.079000,0.000000,-0.350000,0.600000,0.000000,0.000000,0.707107,0.707107
arm_1,572.092000,0.000000,-0.350000,0.600000,0.000000,0.000000,0.707107,0.707107
arm_1,572.105000,0.000000,-0.350000,0.600000,0.000000,0.000000,0.707107,0.707107
arm_1,572.118000,0.000000,-0.350000,0.600000,0.000000,0.000000,0.707107,0.707107
arm_1,572.131000,0.000000,-0.350000,0.600000,0.000000,0.000000,0.707107,0.707107
arm_1,572.144000,0.000000,-0.350000,0.600000,0.000000,0.000000,0.707107,0.707107
arm_1,572.157000,0.000000,-0.350000,0.600000,0.000000,0.000000,0.707107,0.707107
arm_1,572.171000,0.000000,-0.350000,0.600000,0.000000,0.000000,0.707107,0.707107
arm_1,572.186000,0.000000,-0.350000,0.600000,0.000000,0.000000,0.707107,0.707107
arm_1,572.201000,0.000000,-0.350000,0.600000,0.000000,0.000000,0.707107,0.707107
arm_1,572.216000,0.000000,-0.350000,0.600000,0.000000,0.000000,0.707107,0.707107
arm_1,572.231000,0.000000,-0.350000,0.600000,0.000000,0.000000,0.707107,0.707107
arm_1,572.245000,0.000000,-0.350000,0.600000,0.000000,0.000000,0.707107,0.707107
arm_1,572.259000,0.000000,-0.350000,0.600000,0.000000,0.000000,0.707107,0.707107
arm_1,572.274000,0.000000,-0.350000,0.600000,0.000000,0.000000,0.707107,0.707107
arm_1,572.288000,0.000000,-0.350000,0.600000,0.000000,0.000000,0.707107,0.707107
arm_1,572.303000,0.000000,-0.350000,0.600000,0.000000,0.000000,0.707107,0.707107
arm_1,572.318000,0.000000,-0.350000,0.600000,0.000000,0.000000,0.707107,0.707107
arm_1,572.333000,0.000000,-0.350000,0.600000,0.000000,0.000000,0.707107,0.707107
arm_1,572.348000,0.000000,-0.350000,0.600000,0.000000,0.000000,0.707107,0.707107
arm_1,572.363000,0.000000,-0.350000,0.600000,0.000000,0.000000,0.707107,0.707107
arm_1,572.378000,0.000000,-0.350000,0.600000,0.000000,0.000000,0.707107,0.707107
arm_1,572.393000,0.000000,-0.350000,0.600000,0.000000,0.000000,0.707107,0.707107
arm_1,572.407000,0.000000,-0.350000,0.600000,0.000000,0.000000,0.707107,0.707107
arm_1,572.422000,0.000000,-0.350000,0.600000,0.000000,0.000000,0.707107,0.707107
arm_1,572.437000,0.000000,-0.350000,0.600000,0.000000,0.000000,0.707107,0.707107
arm_1,572.452000,0.000000,-0.350000,0.600000,0.000000,0.000000,0.707107,0.707107
arm_1,572.467000,0.000000,-0.350000,0.600000,0.000000,0.000000,0.707107,0.707107
arm_1,572.481000,0.000000,-0.350000,0.600000,0.000000,0.000000,0.707107,0.707107
arm_1,572.496000,0.000000,-0.350000,0.600000,0.000000,0.000000,0.707107,0.707107
arm_1,572.510000,0.000000,-0.350000,0.600000,0.000000,0.000000,0.707107,0.707107
arm_1,572.525000,0.000000,-0.350000,0.600000,0.000000,0.000000,0.707107,0.707107
arm_1,572.538000,0.000000,-0.350000,0.600000,0.000000,0.000000,0.707107,0.707107
arm_1,572.550000,0.000000,-0.350000,0.600000,0.000000,0.000000,0.707107,0.707107
arm_1,572.563000,0.000000,-0.350000,0.600000,0.000000,0.000000,0.707107,0.707107
arm_1,572.569000,0.000000,-0.350000,0.600000,0.000000,0.000000,0.707107,0.707107
arm_1,572.580000,0.000000,-0.350000,0.600000,0.000000,0.000000,0.707107,0.707107
arm_1,572.594000,0.000000,-0.350000,0.600000,0.000000,0.000000,0.707107,0.707107
arm_1,572.608000,0.000000,-0.350000,0.600000,0.000000,0.000000,0.707107,0.707107
arm_1,572.622000,0.000000,-0.350000,0.600000,0.000000,0.000000,0.707107,0.707107
arm_1,572.636000,0.000000,-0.350000,0.600000,0.000000,0.000000,0.707107,0.707107
arm_1,572.651000,0.000000,-0.350000,0.600000,0.000000,0.000000,0.707107,0.707107
arm_1,572.666000,0.000000,-0.350000,0.600000,0.000000,0.000000,0.707107,0.707107
arm_1,572.681000,0.000000,-0.350000,0.600000,0.000000,0.000000,0.707107,0.707107
arm_1,572.696000,0.000000,-0.350000,0.600000,0.000000,0.000000,0.707107,0.707107
arm_1,572.711000,0.000000,-0.350000,0.600000,0.000000,0.000000,0.707107,0.707107
arm_1,572.726000,0.000000,-0.350000,0.600000,0.000000,0.000000,0.707107,0.707107
arm_1,572.741000,0.000000,-0.350000,0.600000,0.000000,0.000000,0.707107,0.707107
arm_1,572.756000,0.000000,-0.350000,0.600000,0.000000,0.000000,0.707107,0.707107
arm_1,572.771000,0.000000,-0.350000,0.600000,0.000000,0.000000,0.707107,0.707107
arm_1,572.786000,0.000000,-0.350000,0.600000,0.000000,0.000000,0.707107,0.707107
arm_1,572.801000,0.000000,-0.350000,0.600000,0.000000,0.000000,0.707107,0.707107
arm_1,572.816000,0.000000,-0.350000,0.600000,0.000000,0.000000,0.707107,0.707107
arm_1,572.831000,0.000000,-0.350000,0.600000,0.000000,0.000000,0.707107,0.707107
arm_1,572.846000,0.000000,-0.350000,0.600000,0.000000,0.000000,0.707107,0.707107
arm_1,572.860000,0.000000,-0.350000,0.600000,0.000000,0.000000,0.707107,0.707107
arm_1,572.874000,0.000000,-0.350000,0.600000,0.000000,0.000000,0.707107,0.707107
arm_1,572.888000,0.000000,-0.350000,0.600000,0.000000,0.000000,0.707107,0.707107
arm_1,572.902000,0.000000,-0.350000,0.600000,0.000000,0.000000,0.707107,0.707107
arm_1,572.917000,0.000000,-0.350000,0.600000,0.000000,0.000000,0.707107,0.707107
arm_1,572.932000,0.000000,-0.350000,0.600000,0.000000,0.000000,0.707107,0.707107
arm_1,572.947000,0.000000,-0.350000,0.600000,0.000000,0.000000,0.707107,0.707107
arm_1,572.962000,0.000000,-0.350000,0.600000,0.000000,0.000000,0.707107,0.707107
arm_1,572.977000,0.000000,-0.350000,0.600000,0.000000,0.000000,0.707107,0.707107
arm_1,572.992000,0.000000,-0.350000,0.600000,0.000000,0.000000,0.707107,0.707107
arm_1,573.007000,0.000000,-0.350000,0.600000,0.000000,0.000000,0.707107,0.707107
arm_1,573.022000,0.000000,-0.350000,0.600000,0.000000,0.000000,0.707107,0.707107
arm_1,573.037000,0.000000,-0.350000,0.600000,0.000000,0.000000,0.707107,0.707107
arm_1,573.052000,0.000000,-0.350000,0.600000,0.000000,0.000000,0.707107,0.707107
arm_1,573.067000,0.000000,-0.350000,0.600000,0.000000,0.000000,0.707107,0.707107
arm_1,573.082000,0.000000,-0.350000,0.600000,0.000000,0.000000,0.707107,0.707107
arm_1,573.096000,0.000000,-0.350000,0.600000,0.000000,0.000000,0.707107,0.707107
arm_1,573.110000,0.000000,-0.350000,0.600000,0.000000,0.000000,0.707107,0.707107
arm_1,573.125000,0.000000,-0.350000,0.600000,0.000000,0.000000,0.707107,0.707107
arm_1,573.140000,0.000000,-0.350000,0.600000,0.000000,0.000000,0.707107,0.707107
arm_1,573.155000,0.000000,-0.350000,0.600000,0.000000,0.000000,0.707107,0.707107
arm_1,573.170000,0.000000,-0.350000,0.600000,0.000000,0.000000,0.707107,0.707107
arm_1,573.185000,0.000000,-0.350000,0.600000,0.000000,0.000000,0.707107,0.707107
arm_1,573.200000,0.000000,-0.350000,0.600000,0.000000,0.000000,0.707107,0.707107
arm_1,573.215000,0.000000,-0.350000,0.600000,0.000000,0.000000,0.707107,0.707107
arm_1,573.230000,0.000000,-0.350000,0.600000,0.000000,0.000000,0.707107,0.707107
arm_1,573.245000,0.000000,-0.350000,0.600000,0.000000,0.000000,0.707107,0.707107
arm_1,573.260000,0.000000,-0.350000,0.600000,0.000000,0.000000,0.707107,0.707107
arm_1,573.275000,0.000000,-0.350000,0.600000,0.000000,0.000000,0.707107,0.707107
arm_1,573.289000,0.000000,-0.350000,0.600000,0.000000,0.000000,0.707107,0.707107
arm_1,573.303000,0.000000,-0.350000,0.600000,0.000000,0.000000,0.707107,0.707107
arm_1,573.318000,0.000000,-0.350000,0.600000,0.000000,0.000000,0.707107,0.707107
arm_1,573.333000,0.000000,-0.350000,0.600000,0.000000,0.000000,0.707107,0.707107
arm_1,573.348000,0.000000,-0.350000,0.600000,0.000000,0.000000,0.707107,0.707107
arm_1,573.363000,0.000000,-0.350000,0.600000,0.000000,0.000000,0.707107,0.707107
arm_1,573.377000,0.000000,-0.350000,0.600000,0.000000,0.000000,0.707107,0.707107
arm_1,573.392000,0.000000,-0.350000,0.600000,0.000000,0.000000,0.707107,0.707107
arm_1,573.407000,0.000000,-0.350000,0.600000,0.000000,0.000000,0.707107,0.707107
arm_1,573.422000,0.000000,-0.350000,0.600000,0.000000,0.000000,0.707107,0.707107
arm_1,573.437000,0.000000,-0.350000,0.600000,0.000000,0.000000,0.707107,0.707107
arm_1,573.452000,0.000000,-0.350000,0.600000,0.000000,0.000000,0.707107,0.707107
arm_1,573.466000,0.000000,-0.350000,0.600000,0.000000,0.000000,0.707107,0.707107
arm_1,573.481000,0.000000,-0.350000,0.600000,0.000000,0.000000,0.707107,0.707107
arm_1,573.495000,0.000000,-0.350000,0.600000,0.000000,0.000000,0.707107,0.707107
arm_1,573.508000,0.000000,-0.350000,0.600000,0.000000,0.000000,0.707107,0.707107
arm_1,573.522000,0.000000,-0.350000,0.600000,0.000000,0.000000,0.707107,0.707107
arm_1,573.537000,0.000000,-0.350000,0.600000,0.000000,0.000000,0.707107,0.707107
arm_1,573.551000,0.000000,-0.350000,0.600000,0.000000,0.000000,0.707107,0.707107
arm_1,573.563000,0.000000,-0.350000,0.600000,0.000000,0.000000,0.707107,0.707107
arm_1,573.576000,0.000000,-0.350000,0.600000,0.000000,0.000000,0.707107,0.707107
arm_1,573.590000,0.000000,-0.350000,0.600000,0.000000,0.000000,0.707107,0.707107
arm_1,573.604000,0.000000,-0.350000,0.600000,0.000000,0.000000,0.707107,0.707107
arm_1,573.619000,0.000000,-0.350000,0.600000,0.000000,0.000000,0.707107,0.707107
arm_1,573.634000,0.000000,-0.350000,0.600000,0.000000,0.000000,0.707107,0.707107
arm_1,573.649000,0.000000,-0.350000,0.600000,0.000000,0.000000,0.707107,0.707107
arm_1,573.663000,0.000000,-0.350000,0.600000,0.000000,0.000000,0.707107,0.707107
arm_1,573.677000,0.000000,-0.350000,0.600000,0.000000,0.000000,0.707107,0.707107
arm_1,573.692000,0.000000,-0.350000,0.600000,0.000000,0.000000,0.707107,0.707107
arm_1,573.704000,0.000000,-0.350000,0.600000,0.000000,0.000000,0.707107,0.707107
arm_1,573.717000,0.000000,-0.350000,0.600000,0.000000,0.000000,0.707107,0.707107
arm_1,573.729000,0.000000,-0.350000,0.600000,0.000000,0.000000,0.707107,0.707107
arm_1,573.743000,0.000000,-0.350000,0.600000,0.000000,0.000000,0.707107,0.707107
arm_1,573.757000,0.000000,-0.350000,0.600000,0.000000,0.000000,0.707107,0.707107
arm_1,573.771000,0.000000,-0.350000,0.600000,0.000000,0.000000,0.707107,0.707107
arm_1,573.785000,0.000000,-0.350000,0.600000,0.000000,0.000000,0.707107,0.707107
arm_1,573.800000,0.000000,-0.350000,0.600000,0.000000,0.000000,0.707107,0.707107
arm_1,573.814000,0.000000,-0.350000,0.600000,0.000000,0.000000,0.707107,0.707107
arm_1,573.828000,0.000000,-0.350000,0.600000,0.000000,0.000000,0.707107,0.707107
arm_1,573.843000,0.000000,-0.350000,0.600000,0.000000,0.000000,0.707107,0.707107
arm_1,573.858000,0.000000,-0.350000,0.600000,0.000000,0.000000,0.707107,0.707107
arm_1,573.873000,0.000000,-0.350000,0.600000,0.000000,0.000000,0.707107,0.707107
arm_1,573.888000,0.000000,-0.350000,0.600000,0.000000,0.000000,0.707107,0.707107
arm_1,573.902000,0.000000,-0.350000,0.600000,0.000000,0.000000,0.707107,0.707107
arm_1,573.916000,0.000000,-0.350000,0.600000,0.000000,0.000000,0.707107,0.707107
arm_1,573.931000,0.000000,-0.350000,0.600000,0.000000,0.000000,0.707107,0.707107
arm_1,573.945000,0.000000,-0.350000,0.600000,0.000000,0.000000,0.707107,0.707107
arm_1,573.959000,0.000000,-0.350000,0.600000,0.000000,0.000000,0.707107,0.707107
arm_1,573.974000,0.000000,-0.350000,0.600000,0.000000,0.000000,0.707107,0.707107
arm_1,573.988000,0.000000,-0.350000,0.600000,0.000000,0.000000,0.707107,0.707107
arm_1,574.003000,0.000000,-0.350000,0.600000,0.000000,0.000000,0.707107,0.707107
arm_1,574.018000,0.000000,-0.350000,0.600000,0.000000,0.000000,0.707107,0.707107
arm_1,574.033000,0.000000,-0.350000,0.600000,0.000000,0.000000,0.707107,0.707107
arm_1,574.048000,0.000000,-0.350000,0.600000,0.000000,0.000000,0.707107,0.707107
arm_1,574.063000,0.000000,-0.350000,0.600000,0.000000,0.000000,0.707107,0.707107
arm_1,574.078000,0.000000,-0.350000,0.600000,0.000000,0.000000,0.707107,0.707107
arm_1,574.092000,0.000000,-0.350000,0.600000,0.000000,0.000000,0.707107,0.707107
arm_1,574.107000,0.000000,-0.350000,0.600000,0.000000,0.000000,0.707107,0.707107
arm_1,574.121000,0.000000,-0.350000,0.600000,0.000000,0.000000,0.707107,0.707107
arm_1,574.135000,0.000000,-0.350000,0.600000,0.000000,0.000000,0.707107,0.707107
arm_1,574.149000,0.000000,-0.350000,0.600000,0.000000,0.000000,0.707107,0.707107
arm_1,574.163000,0.000000,-0.350000,0.600000,0.000000,0.000000,0.707107,0.707107
arm_1,574.178000,0.000000,-0.350000,0.600000,0.000000,0.000000,0.707107,0.707107
arm_1,574.193000,0.000000,-0.350000,0.600000,0.000000,0.000000,0.707107,0.707107
arm_1,574.207000,0.000000,-0.350000,0.600000,0.000000,0.000000,0.707107,0.707107
arm_1,574.222000,0.000000,-0.350000,0.600000,0.000000,0.000000,0.707107,0.707107
arm_1,574.237000,0.000000,-0.350000,0.600000,0.000000,0.000000,0.707107,0.707107
arm_1,574.252000,0.000000,-0.350000,0.600000,0.000000,0.000000,0.707107,0.707107
arm_1,574.267000,0.000000,-0.350000,0.600000,0.000000,0.000000,0.707107,0.707107
arm_1,574.282000,0.000000,-0.350000,0.600000,0.000000,0.000000,0.707107,0.707107
arm_1,574.296000,0.000000,-0.350000,0.600000,0.000000,0.000000,0.707107,0.707107
arm_1,574.310000,0.000000,-0.350000,0.600000,0.000000,0.000000,0.707107,0.707107
arm_1,574.324000,0.000000,-0.350000,0.600000,0.000000,0.000000,0.707107,0.707107
arm_1,574.338000,0.000000,-0.350000,0.600000,0.000000,0.000000,0.707107,0.707107
arm_1,574.353000,0.000000,-0.350000,0.600000,0.000000,0.000000,0.707107,0.707107
arm_1,574.367000,0.000000,-0.350000,0.600000,0.000000,0.000000,0.707107,0.707107
arm_1,574.381000,0.000000,-0.350000,0.600000,0.000000,0.000000,0.707107,0.707107
arm_1,574.395000,0.000000,-0.350000,0.600000,0.000000,0.000000,0.707107,0.707107
arm_1,574.410000,0.000000,-0.350000,0.600000,0.000000,0.000000,0.707107,0.707107
arm_1,574.424000,0.000000,-0.350000,0.600000,0.000000,0.000000,0.707107,0.707107
arm_1,574.438000,0.000000,-0.350000,0.600000,0.000000,0.000000,0.707107,0.707107
arm_1,574.453000,0.000000,-0.350000,0.600000,0.000000,0.000000,0.707107,0.707107
arm_1,574.468000,0.000000,-0.350000,0.600000,0.000000,0.000000,0.707107,0.707107
arm_1,574.482000,0.000000,-0.350000,0.600000,0.000000,0.000000,0.707107,0.707107
arm_1,574.496000,0.000000,-0.350000,0.600000,0.000000,0.000000,0.707107,0.707107
arm_1,574.511000,0.000000,-0.350000,0.600000,0.000000,0.000000,0.707107,0.707107
arm_1,574.526000,0.000000,-0.350000,0.600000,0.000000,0.000000,0.707107,0.707107
arm_1,574.541000,0.000000,-0.350000,0.600000,0.000000,0.000000,0.707107,0.707107
arm_1,574.556000,0.000000,-0.350000,0.600000,0.000000,0.000000,0.707107,0.707107
arm_1,574.571000,0.000000,-0.350000,0.600000,0.000000,0.000000,0.707107,0.707107
arm_1,574.585000,0.000000,-0.350000,0.600000,0.000000,0.000000,0.707107,0.707107
arm_1,574.600000,0.000000,-0.350000,0.600000,0.000000,0.000000,0.707107,0.707107
arm_1,574.614000,0.000000,-0.350000,0.600000,0.000000,0.000000,0.707107,0.707107
arm_1,574.629000,0.000000,-0.350000,0.600000,0.000000,0.000000,0.707107,0.707107
arm_1,574.644000,0.000000,-0.350000,0.600000,0.000000,0.000000,0.707107,0.707107
arm_1,574.659000,0.000000,-0.350000,0.600000,0.000000,0.000000,0.707107,0.707107
arm_1,574.674000,0.000000,-0.350000,0.600000,0.000000,0.000000,0.707107,0.707107
arm_1,574.688000,0.000000,-0.350000,0.600000,0.000000,0.000000,0.707107,0.707107
arm_1,574.703000,0.000000,-0.350000,0.600000,0.000000,0.000000,0.707107,0.707107
arm_1,574.718000,0.000000,-0.350000,0.600000,0.000000,0.000000,0.707107,0.707107
arm_1,574.733000,0.000000,-0.350000,0.600000,0.000000,0.000000,0.707107,0.707107
arm_1,574.748000,0.000000,-0.350000,0.600000,0.000000,0.000000,0.707107,0.707107
arm_1,574.763000,0.000000,-0.350000,0.600000,0.000000,0.000000,0.707107,0.707107
arm_1,574.777000,0.000000,-0.350000,0.600000,0.000000,0.000000,0.707107,0.707107
arm_1,574.792000,0.000000,-0.350000,0.600000,0.000000,0.000000,0.707107,0.707107
arm_1,574.806000,0.000000,-0.350000,0.600000,0.000000,0.000000,0.707107,0.707107
arm_1,574.821000,0.000000,-0.350000,0.600000,0.000000,0.000000,0.707107,0.707107
arm_1,574.836000,0.000000,-0.350000,0.600000,0.000000,0.000000,0.707107,0.707107
arm_1,574.849000,0.000000,-0.350000,0.600000,0.000000,0.000000,0.707107,0.707107
arm_1,574.862000,0.000000,-0.350000,0.600000,0.000000,0.000000,0.707107,0.707107
arm_1,574.876000,0.000000,-0.350000,0.600000,0.000000,0.000000,0.707107,0.707107
arm_1,574.890000,0.000000,-0.350000,0.600000,0.000000,0.000000,0.707107,0.707107
arm_1,574.904000,0.000000,-0.350000,0.600000,0.000000,0.000000,0.707107,0.707107
arm_1,574.918000,0.000000,-0.350000,0.600000,0.000000,0.000000,0.707107,0.707107
arm_1,574.932000,0.000000,-0.350000,0.600000,0.000000,0.000000,0.707107,0.707107
arm_1,574.946000,0.000000,-0.350000,0.600000,0.000000,0.000000,0.707107,0.707107
arm_1,574.960000,0.000000,-0.350000,0.600000,0.000000,0.000000,0.707107,0.707107
arm_1,574.974000,0.000000,-0.350000,0.600000,0.000000,0.000000,0.707107,0.707107
arm_1,574.988000,0.000000,-0.350000,0.600000,0.000000,0.000000,0.707107,0.707107
arm_1,575.002000,0.000000,-0.350000,0.600000,0.000000,0.000000,0.707107,0.707107
arm_1,575.016000,0.000000,-0.350000,0.600000,0.000000,0.000000,0.707107,0.707107
arm_1,575.030000,0.000000,-0.350000,0.600000,0.000000,0.000000,0.707107,0.707107
arm_1,575.044000,0.000000,-0.350000,0.600000,0.000000,0.000000,0.707107,0.707107
arm_1,575.058000,0.000000,-0.350000,0.600000,0.000000,0.000000,0.707107,0.707107
arm_1,575.072000,0.000000,-0.350000,0.600000,0.000000,0.000000,0.707107,0.707107
arm_1,575.086000,0.000000,-0.350000,0.600000,0.000000,0.000000,0.707107,0.707107
arm_1,575.101000,0.000000,-0.350000,0.600000,0.000000,0.000000,0.707107,0.707107
arm_1,575.115000,0.000000,-0.350000,0.600000,0.000000,0.000000,0.707107,0.707107
arm_1,575.130000,0.000000,-0.350000,0.600000,0.000000,0.000000,0.707107,0.707107
arm_1,575.147000,0.000000,-0.350000,0.600000,0.000000,0.000000,0.707107,0.707107
arm_1,575.163000,0.000000,-0.350000,0.600000,0.000000,0.000000,0.707107,0.707107
arm_1,575.179000,0.000000,-0.350000,0.600000,0.000000,0.000000,0.707107,0.707107
arm_1,575.197000,0.000000,-0.350000,0.600000,0.000000,0.000000,0.707107,0.707107
arm_1,575.214000,0.000000,-0.350000,0.600000,0.000000,0.000000,0.707107,0.707107
arm_1,575.232000,0.000000,-0.350000,0.600000,0.000000,0.000000,0.707107,0.707107
arm_1,575.248000,0.000000,-0.350000,0.600000,0.000000,0.000000,0.707107,0.707107
arm_1,575.266000,0.000000,-0.350000,0.600000,0.000000,0.000000,0.707107,0.707107
arm_1,575.283000,0.000000,-0.350000,0.600000,0.000000,0.000000,0.707107,0.707107
arm_1,575.300000,0.000000,-0.350000,0.600000,0.000000,0.000000,0.707107,0.707107
arm_1,575.317000,0.000000,-0.350000,0.600000,0.000000,0.000000,0.707107,0.707107
arm_1,575.334000,0.000000,-0.350000,0.600000,0.000000,0.000000,0.707107,0.707107
arm_1,575.352000,0.000000,-0.350000,0.600000,0.000000,0.000000,0.707107,0.707107
arm_1,575.368000,0.000000,-0.350000,0.600000,0.000000,0.000000,0.707107,0.707107
arm_1,575.384000,0.000000,-0.350000,0.600000,0.000000,0.000000,0.707107,0.707107
arm_1,575.401000,0.000000,-0.350000,0.600000,0.000000,0.000000,0.707107,0.707107
arm_1,575.418000,0.000000,-0.350000,0.600000,0.000000,0.000000,0.707107,0.707107
arm_1,575.435000,0.000000,-0.350000,0.600000,0.000000,0.000000,0.707107,0.707107
arm_1,575.452000,0.000000,-0.350000,0.600000,0.000000,0.000000,0.707107,0.707107
arm_1,575.469000,0.000000,-0.350000,0.600000,0.000000,0.000000,0.707107,0.707107
arm_1,575.485000,0.000000,-0.350000,0.600000,0.000000,0.000000,0.707107,0.707107
arm_1,575.501000,0.000000,-0.350000,0.600000,0.000000,0.000000,0.707107,0.707107
arm_1,575.518000,0.000000,-0.350000,0.600000,0.000000,0.000000,0.707107,0.707107
arm_1,575.535000,0.000000,-0.350000,0.600000,0.000000,0.000000,0.707107,0.707107
arm_1,575.552000,0.000000,-0.350000,0.600000,0.000000,0.000000,0.707107,0.707107
arm_1,575.566000,0.000000,-0.350000,0.600000,0.000000,0.000000,0.707107,0.707107
arm_1,575.582000,0.000000,-0.350000,0.600000,0.000000,0.000000,0.707107,0.707107
arm_1,575.599000,0.000000,-0.350000,0.600000,0.000000,0.000000,0.707107,0.707107
arm_1,575.616000,0.000000,-0.350000,0.600000,0.000000,0.000000,0.707107,0.707107
arm_1,575.632000,0.000000,-0.350000,0.600000,0.000000,0.000000,0.707107,0.707107
arm_1,575.649000,0.000000,-0.350000,0.600000,0.000000,0.000000,0.707107,0.707107
arm_1,575.666000,0.000000,-0.350000,0.600000,0.000000,0.000000,0.707107,0.707107
arm_1,575.683000,0.000000,-0.350000,0.600000,0.000000,0.000000,0.707107,0.707107
arm_1,575.700000,0.000000,-0.350000,0.600000,0.000000,0.000000,0.707107,0.707107
arm_1,575.716000,0.000000,-0.350000,0.600000,0.000000,0.000000,0.707107,0.707107
arm_1,575.733000,0.000000,-0.350000,0.600000,0.000000,0.000000,0.707107,0.707107
arm_1,575.750000,0.000000,-0.350000,0.600000,0.000000,0.000000,0.707107,0.707107
arm_1,575.767000,0.000000,-0.350000,0.600000,0.000000,0.000000,0.707107,0.707107
arm_1,575.784000,0.000000,-0.350000,0.600000,0.000000,0.000000,0.707107,0.707107
arm_1,575.801000,0.000000,-0.350000,0.600000,0.000000,0.000000,0.707107,0.707107
arm_1,575.818000,0.000000,-0.350000,0.600000,0.000000,0.000000,0.707107,0.707107
arm_1,575.835000,0.000000,-0.350000,0.600000,0.000000,0.000000,0.707107,0.707107
arm_1,575.853000,0.000000,-0.350000,0.600000,0.000000,0.000000,0.707107,0.707107
arm_1,575.870000,0.000000,-0.350000,0.600000,0.000000,0.000000,0.707107,0.707107
arm_1,575.887000,0.000000,-0.350000,0.600000,0.000000,0.000000,0.707107,0.707107
arm_1,575.904000,0.000000,-0.350000,0.600000,0.000000,0.000000,0.707107,0.707107
arm_1,575.921000,0.000000,-0.350000,0.600000,0.000000,0.000000,0.707107,0.707107
arm_1,575.938000,0.000000,-0.350000,0.600000,0.000000,0.000000,0.707107,0.707107
arm_1,575.955000,0.000000,-0.350000,0.600000,0.000000,0.000000,0.707107,0.707107
arm_1,575.972000,0.000000,-0.350000,0.600000,0.000000,0.000000,0.707107,0.707107
arm_1,575.989000,0.000000,-0.350000,0.600000,0.000000,0.000000,0.707107,0.707107
arm_1,576.004000,0.000000,-0.350000,0.600000,0.000000,0.000000,0.707107,0.707107
arm_1,576.022000,0.000000,-0.350000,0.600000,0.000000,0.000000,0.707107,0.707107
arm_1,576.039000,0.000000,-0.350000,0.600000,0.000000,0.000000,0.707107,0.707107
arm_1,576.057000,0.000000,-0.350000,0.600000,0.000000,0.000000,0.707107,0.707107
arm_1,576.074000,0.000000,-0.350000,0.600000,0.000000,0.000000,0.707107,0.707107
arm_1,576.092000,0.000000,-0.350000,0.600000,0.000000,0.000000,0.707107,0.707107
arm_1,576.109000,0.000000,-0.350000,0.600000,0.000000,0.000000,0.707107,0.707107
arm_1,576.126000,0.000000,-0.350000,0.600000,0.000000,0.000000,0.707107,0.707107
arm_1,576.143000,0.000000,-0.350000,0.600000,0.000000,0.000000,0.707107,0.707107
arm_1,576.160000,0.000000,-0.350000,0.600000,0.000000,0.000000,0.707107,0.707107
arm_1,576.178000,0.000000,-0.350000,0.600000,0.000000,0.000000,0.707107,0.707107
arm_1,576.196000,0.000000,-0.350000,0.600000,0.000000,0.000000,0.707107,0.707107
arm_1,576.214000,0.000000,-0.350000,0.600000,0.000000,0.000000,0.707107,0.707107
arm_1,576.232000,0.000000,-0.350000,0.600000,0.000000,0.000000,0.707107,0.707107
arm_1,576.249000,0.000000,-0.350000,0.600000,0.000000,0.000000,0.707107,0.707107
arm_1,576.267000,0.000000,-0.350000,0.600000,0.000000,0.000000,0.707107,0.707107
arm_1,576.285000,0.000000,-0.350000,0.600000,0.000000,0.000000,0.707107,0.707107
arm_1,576.302000,0.000000,-0.350000,0.600000,0.000000,0.000000,0.707107,0.707107
arm_1,576.319000,0.000000,-0.350000,0.600000,0.000000,0.000000,0.707107,0.707107
arm_1,576.337000,0.000000,-0.350000,0.600000,0.000000,0.000000,0.707107,0.707107
arm_1,576.354000,0.000000,-0.350000,0.600000,0.000000,0.000000,0.707107,0.707107
arm_1,576.371000,0.000000,-0.350000,0.600000,0.000000,0.000000,0.707107,0.707107
arm_1,576.389000,0.000000,-0.350000,0.600000,0.000000,0.000000,0.707107,0.707107
arm_1,576.407000,0.000000,-0.350000,0.600000,0.000000,0.000000,0.707107,0.707107
arm_1,576.424000,0.000000,-0.350000,0.600000,0.000000,0.000000,0.707107,0.707107
arm_1,576.442000,0.000000,-0.350000,0.600000,0.000000,0.000000,0.707107,0.707107
arm_1,576.459000,0.000000,-0.350000,0.600000,0.000000,0.000000,0.707107,0.707107
arm_1,576.477000,0.000000,-0.350000,0.600000,0.000000,0.000000,0.707107,0.707107
arm_1,576.494000,0.000000,-0.350000,0.600000,0.000000,0.000000,0.707107,0.707107
arm_1,576.512000,0.000000,-0.350000,0.600000,0.000000,0.000000,0.707107,0.707107
arm_1,576.530000,0.000000,-0.350000,0.600000,0.000000,0.000000,0.707107,0.707107
arm_1,576.548000,0.000000,-0.350000,0.600000,0.000000,0.000000,0.707107,0.707107
arm_1,576.566000,0.000000,-0.350000,0.600000,0.000000,0.000000,0.707107,0.707107
arm_1,576.584000,0.000000,-0.350000,0.600000,0.000000,0.000000,0.707107,0.707107
arm_1,576.601000,0.000000,-0.350000,0.600000,0.000000,0.000000,0.707107,0.707107
arm_1,576.618000,0.000000,-0.350000,0.600000,0.000000,0.000000,0.707107,0.707107
arm_1,576.635000,0.000000,-0.350000,0.600000,0.000000,0.000000,0.707107,0.707107
arm_1,576.652000,0.000000,-0.350000,0.600000,0.000000,0.000000,0.707107,0.707107
arm_1,576.669000,0.000000,-0.350000,0.600000,0.000000,0.000000,0.707107,0.707107
arm_1,576.686000,0.000000,-0.350000,0.600000,0.000000,0.000000,0.707107,0.707107
arm_1,576.703000,0.000000,-0.350000,0.600000,0.000000,0.000000,0.707107,0.707107
arm_1,576.719000,0.000000,-0.350000,0.600000,0.000000,0.000000,0.707107,0.707107
arm_1,576.736000,0.000000,-0.350000,0.600000,0.000000,0.000000,0.707107,0.707107
arm_1,576.753000,0.000000,-0.350000,0.600000,0.000000,0.000000,0.707107,0.707107
arm_1,576.771000,0.000000,-0.350000,0.600000,0.000000,0.000000,0.707107,0.707107
arm_1,576.789000,0.000000,-0.350000,0.600000,0.000000,0.000000,0.707107,0.707107
arm_1,576.806000,0.000000,-0.350000,0.600000,0.000000,0.000000,0.707107,0.707107
arm_1,576.823000,0.000000,-0.350000,0.600000,0.000000,0.000000,0.707107,0.707107
arm_1,576.840000,0.000000,-0.350000,0.600000,0.000000,0.000000,0.707107,0.707107
arm_1,576.858000,0.000000,-0.350000,0.600000,0.000000,0.000000,0.707107,0.707107
arm_1,576.875000,0.000000,-0.350000,0.600000,0.000000,0.000000,0.707107,0.707107
arm_1,576.892000,0.000000,-0.350000,0.600000,0.000000,0.000000,0.707107,0.707107
arm_1,576.909000,0.000000,-0.350000,0.600000,0.000000,0.000000,0.707107,0.707107
arm_1,576.924000,0.000000,-0.350000,0.600000,0.000000,0.000000,0.707107,0.707107
arm_1,576.940000,0.000000,-0.350000,0.600000,0.000000,0.000000,0.707107,0.707107
arm_1,576.956000,0.000000,-0.350000,0.600000,0.000000,0.000000,0.707107,0.707107
arm_1,576.973000,0.000000,-0.350000,0.600000,0.000000,0.000000,0.707107,0.707107
arm_1,576.990000,0.000000,-0.350000,0.600000,0.000000,0.000000,0.707107,0.707107
arm_1,577.006000,0.000000,-0.350000,0.600000,0.000000,0.000000,0.707107,0.707107
arm_1,577.021000,0.000000,-0.350000,0.600000,0.000000,0.000000,0.707107,0.707107
arm_1,577.032000,0.000000,-0.350000,0.600000,0.000000,0.000000,0.707107,0.707107
arm_1,577.049000,0.000000,-0.350000,0.600000,0.000000,0.000000,0.707107,0.707107
arm_1,577.066000,0.000000,-0.350000,0.600000,0.000000,0.000000,0.707107,0.707107
arm_1,577.083000,0.000000,-0.350000,0.600000,0.000000,0.000000,0.707107,0.707107
arm_1,577.101000,0.000000,-0.350000,0.600000,0.000000,0.000000,0.707107,0.707107
arm_1,577.118000,0.000000,-0.350000,0.600000,0.000000,0.000000,0.707107,0.707107
arm_1,577.136000,0.000000,-0.350000,0.600000,0.000000,0.000000,0.707107,0.707107
arm_1,577.154000,0.000000,-0.350000,0.600000,0.000000,0.000000,0.707107,0.707107
arm_1,577.171000,0.000000,-0.350000,0.600000,0.000000,0.000000,0.707107,0.707107
arm_1,577.188000,0.000000,-0.350000,0.600000,0.000000,0.000000,0.707107,0.707107
arm_1,577.205000,0.000000,-0.350000,0.600000,0.000000,0.000000,0.707107,0.707107
arm_1,577.220000,0.000000,-0.350000,0.600000,0.000000,0.000000,0.707107,0.707107
arm_1,577.236000,0.000000,-0.350000,0.600000,0.000000,0.000000,0.707107,0.707107
arm_1,577.248000,0.000000,-0.350000,0.600000,0.000000,0.000000,0.707107,0.707107
arm_1,577.264000,0.000000,-0.350000,0.600000,0.000000,0.000000,0.707107,0.707107
arm_1,577.281000,0.000000,-0.350000,0.600000,0.000000,0.000000,0.707107,0.707107
arm_1,577.298000,0.000000,-0.350000,0.600000,0.000000,0.000000,0.707107,0.707107
arm_1,577.315000,0.000000,-0.350000,0.600000,0.000000,0.000000,0.707107,0.707107
arm_1,577.333000,0.000000,-0.350000,0.600000,0.000000,0.000000,0.707107,0.707107
arm_1,577.351000,0.000000,-0.350000,0.600000,0.000000,0.000000,0.707107,0.707107
arm_1,577.366000,0.000000,-0.350000,0.600000,0.000000,0.000000,0.707107,0.707107
arm_1,577.383000,0.000000,-0.350000,0.600000,0.000000,0.000000,0.707107,0.707107
arm_1,577.400000,0.000000,-0.350000,0.600000,0.000000,0.000000,0.707107,0.707107
arm_1,577.417000,0.000000,-0.350000,0.600000,0.000000,0.000000,0.707107,0.707107
arm_1,577.435000,0.000000,-0.350000,0.600000,0.000000,0.000000,0.707107,0.707107
arm_1,577.452000,0.000000,-0.350000,0.600000,0.000000,0.000000,0.707107,0.707107
arm_1,577.469000,0.000000,-0.350000,0.600000,0.000000,0.000000,0.707107,0.707107
arm_1,577.487000,0.000000,-0.350000,0.600000,0.000000,0.000000,0.707107,0.707107
arm_1,577.504000,0.000000,-0.350000,0.600000,0.000000,0.000000,0.707107,0.707107
arm_1,577.522000,0.000000,-0.350000,0.600000,0.000000,0.000000,0.707107,0.707107
arm_1,577.540000,0.000000,-0.350000,0.600000,0.000000,0.000000,0.707107,0.707107
arm_1,577.558000,0.000000,-0.350000,0.600000,0.000000,0.000000,0.707107,0.707107
arm_1,577.576000,0.000000,-0.350000,0.600000,0.000000,0.000000,0.707107,0.707107
arm_1,577.594000,0.000000,-0.350000,0.600000,0.000000,0.000000,0.707107,0.707107
arm_1,577.612000,0.000000,-0.350000,0.600000,0.000000,0.000000,0.707107,0.707107
arm_1,577.630000,0.000000,-0.350000,0.600000,0.000000,0.000000,0.707107,0.707107
arm_1,577.648000,0.000000,-0.350000,0.600000,0.000000,0.000000,0.707107,0.707107
arm_1,577.663000,0.000000,-0.350000,0.600000,0.000000,0.000000,0.707107,0.707107
arm_1,577.681000,0.000000,-0.350000,0.600000,0.000000,0.000000,0.707107,0.707107
arm_1,577.699000,0.000000,-0.350000,0.600000,0.000000,0.000000,0.707107,0.707107
arm_1,577.717000,0.000000,-0.350000,0.600000,0.000000,0.000000,0.707107,0.707107
arm_1,577.734000,0.000000,-0.350000,0.600000,0.000000,0.000000,0.707107,0.707107
arm_1,577.751000,0.000000,-0.350000,0.600000,0.000000,0.000000,0.707107,0.707107
arm_1,577.769000,0.000000,-0.350000,0.600000,0.000000,0.000000,0.707107,0.707107
arm_1,577.787000,0.000000,-0.350000,0.600000,0.000000,0.000000,0.707107,0.707107
arm_1,577.805000,0.000000,-0.350000,0.600000,0.000000,0.000000,0.707107,0.707107
arm_1,577.823000,0.000000,-0.350000,0.600000,0.000000,0.000000,0.707107,0.707107
arm_1,577.841000,0.000000,-0.350000,0.600000,0.000000,0.000000,0.707107,0.707107
arm_1,577.859000,0.000000,-0.350000,0.600000,0.000000,0.000000,0.707107,0.707107
arm_1,577.877000,0.000000,-0.350000,0.600000,0.000000,0.000000,0.707107,0.707107
arm_1,577.894000,0.000000,-0.350000,0.600000,0.000000,0.000000,0.707107,0.707107
arm_1,577.910000,0.000000,-0.350000,0.600000,0.000000,0.000000,0.707107,0.707107
arm_1,577.927000,0.000000,-0.350000,0.600000,0.000000,0.000000,0.707107,0.707107
arm_1,577.944000,0.000000,-0.350000,0.600000,0.000000,0.000000,0.707107,0.707107
arm_1,577.962000,0.000000,-0.350000,0.600000,0.000000,0.000000,0.707107,0.707107
arm_1,577.979000,0.000000,-0.350000,0.600000,0.000000,0.000000,0.707107,0.707107
arm_1,577.997000,0.000000,-0.350000,0.600000,0.000000,0.000000,0.707107,0.707107
arm_1,578.015000,0.000000,-0.350000,0.600000,0.000000,0.000000,0.707107,0.707107
arm_1,578.032000,0.000000,-0.350000,0.600000,0.000000,0.000000,0.707107,0.707107
arm_1,578.049000,0.000000,-0.350000,0.600000,0.000000,0.000000,0.707107,0.707107
arm_1,578.067000,0.000000,-0.350000,0.600000,0.000000,0.000000,0.707107,0.707107
arm_1,578.084000,0.000000,-0.350000,0.600000,0.000000,0.000000,0.707107,0.707107
arm_1,578.101000,0.000000,-0.350000,0.600000,0.000000,0.000000,0.707107,0.707107
arm_1,578.118000,0.000000,-0.350000,0.600000,0.000000,0.000000,0.707107,0.707107
arm_1,578.135000,0.000000,-0.350000,0.600000,0.000000,0.000000,0.707107,0.707107
arm_1,578.151000,0.000000,-0.350000,0.600000,0.000000,0.000000,0.707107,0.707107
arm_1,578.167000,0.000000,-0.350000,0.600000,0.000000,0.000000,0.707107,0.707107
arm_1,578.185000,0.000000,-0.350000,0.600000,0.000000,0.000000,0.707107,0.707107
arm_1,578.203000,0.000000,-0.350000,0.600000,0.000000,0.000000,0.707107,0.707107
arm_1,578.220000,0.000000,-0.350000,0.600000,0.000000,0.000000,0.707107,0.707107
arm_1,578.237000,0.000000,-0.350000,0.600000,0.000000,0.000000,0.707107,0.707107
arm_1,578.254000,0.000000,-0.350000,0.600000,0.000000,0.000000,0.707107,0.707107
arm_1,578.271000,0.000000,-0.350000,0.600000,0.000000,0.000000,0.707107,0.707107
arm_1,578.288000,0.000000,-0.350000,0.600000,0.000000,0.000000,0.707107,0.707107
arm_1,578.306000,0.000000,-0.350000,0.600000,0.000000,0.000000,0.707107,0.707107
arm_1,578.324000,0.000000,-0.350000,0.600000,0.000000,0.000000,0.707107,0.707107
arm_1,578.342000,0.000000,-0.350000,0.600000,0.000000,0.000000,0.707107,0.707107
arm_1,578.360000,0.000000,-0.350000,0.600000,0.000000,0.000000,0.707107,0.707107
arm_1,578.377000,0.000000,-0.350000,0.600000,0.000000,0.000000,0.707107,0.707107
arm_1,578.395000,0.000000,-0.350000,0.600000,0.000000,0.000000,0.707107,0.707107
arm_1,578.412000,0.000000,-0.350000,0.600000,0.000000,0.000000,0.707107,0.707107
arm_1,578.430000,0.000000,-0.350000,0.600000,0.000000,0.000000,0.707107,0.707107
arm_1,578.448000,0.000000,-0.350000,0.600000,0.000000,0.000000,0.707107,0.707107
arm_1,578.466000,0.000000,-0.350000,0.600000,0.000000,0.000000,0.707107,0.707107
arm_1,578.483000,0.000000,-0.350000,0.600000,0.000000,0.000000,0.707107,0.707107
arm_1,578.500000,0.000000,-0.350000,0.600000,0.000000,0.000000,0.707107,0.707107
arm_1,578.518000,0.000000,-0.350000,0.600000,0.000000,0.000000,0.707107,0.707107
arm_1,578.536000,0.000000,-0.350000,0.600000,0.000000,0.000000,0.707107,0.707107
arm_1,578.553000,0.000000,-0.350000,0.600000,0.000000,0.000000,0.707107,0.707107
arm_1,578.570000,0.000000,-0.350000,0.600000,0.000000,0.000000,0.707107,0.707107
arm_1,578.588000,0.000000,-0.350000,0.600000,0.000000,0.000000,0.707107,0.707107
arm_1,578.605000,0.000000,-0.350000,0.600000,0.000000,0.000000,0.707107,0.707107
arm_1,578.622000,0.000000,-0.350000,0.600000,0.000000,0.000000,0.707107,0.707107
arm_1,578.640000,0.000000,-0.350000,0.600000,0.000000,0.000000,0.707107,0.707107
arm_1,578.657000,0.000000,-0.350000,0.600000,0.000000,0.000000,0.707107,0.707107
arm_1,578.674000,0.000000,-0.350000,0.600000,0.000000,0.000000,0.707107,0.707107
arm_1,578.692000,0.000000,-0.350000,0.600000,0.000000,0.000000,0.707107,0.707107
arm_1,578.709000,0.000000,-0.350000,0.600000,0.000000,0.000000,0.707107,0.707107
arm_1,578.726000,0.000000,-0.350000,0.600000,0.000000,0.000000,0.707107,0.707107
arm_1,578.743000,0.000000,-0.350000,0.600000,0.000000,0.000000,0.707107,0.707107
arm_1,578.760000,0.000000,-0.350000,0.600000,0.000000,0.000000,0.707107,0.707107
arm_1,578.777000,0.000000,-0.350000,0.600000,0.000000,0.000000,0.707107,0.707107
arm_1,578.795000,0.000000,-0.350000,0.600000,0.000000,0.000000,0.707107,0.707107
arm_1,578.813000,0.000000,-0.350000,0.600000,0.000000,0.000000,0.707107,0.707107
arm_1,578.830000,0.000000,-0.350000,0.600000,0.000000,0.000000,0.707107,0.707107
arm_1,578.847000,0.000000,-0.350000,0.600000,0.000000,0.000000,0.707107,0.707107
arm_1,578.862000,0.000000,-0.350000,0.600000,0.000000,0.000000,0.707107,0.707107
arm_1,578.879000,0.000000,-0.350000,0.600000,0.000000,0.000000,0.707107,0.707107
arm_1,578.892000,0.000000,-0.350000,0.600000,0.000000,0.000000,0.707107,0.707107
arm_1,578.907000,0.000000,-0.350000,0.600000,0.000000,0.000000,0.707107,0.707107
arm_1,578.924000,0.000000,-0.350000,0.600000,0.000000,0.000000,0.707107,0.707107
arm_1,578.942000,0.000000,-0.350000,0.600000,0.000000,0.000000,0.707107,0.707107
arm_1,578.959000,0.000000,-0.350000,0.600000,0.000000,0.000000,0.707107,0.707107
arm_1,578.977000,0.000000,-0.350000,0.600000,0.000000,0.000000,0.707107,0.707107
arm_1,578.994000,0.000000,-0.350000,0.600000,0.000000,0.000000,0.707107,0.707107
arm_1,579.011000,0.000000,-0.350000,0.600000,0.000000,0.000000,0.707107,0.707107
arm_1,579.027000,0.000000,-0.350000,0.600000,0.000000,0.000000,0.707107,0.707107
arm_1,579.043000,0.000000,-0.350000,0.600000,0.000000,0.000000,0.707107,0.707107
arm_1,579.061000,0.000000,-0.350000,0.600000,0.000000,0.000000,0.707107,0.707107
arm_1,579.077000,0.000000,-0.350000,0.600000,0.000000,0.000000,0.707107,0.707107
arm_1,579.093000,0.000000,-0.350000,0.600000,0.000000,0.000000,0.707107,0.707107
arm_1,579.110000,0.000000,-0.350000,0.600000,0.000000,0.000000,0.707107,0.707107
arm_1,579.126000,0.000000,-0.350000,0.600000,0.000000,0.000000,0.707107,0.707107
arm_1,579.144000,0.000000,-0.350000,0.600000,0.000000,0.000000,0.707107,0.707107
arm_1,579.162000,0.000000,-0.350000,0.600000,0.000000,0.000000,0.707107,0.707107
arm_1,579.179000,0.000000,-0.350000,0.600000,0.000000,0.000000,0.707107,0.707107
arm_1,579.197000,0.000000,-0.350000,0.600000,0.000000,0.000000,0.707107,0.707107
arm_1,579.214000,0.000000,-0.350000,0.600000,0.000000,0.000000,0.707107,0.707107
arm_1,579.231000,0.000000,-0.350000,0.600000,0.000000,0.000000,0.707107,0.707107
arm_1,579.249000,0.000000,-0.350000,0.600000,0.000000,0.000000,0.707107,0.707107
arm_1,579.267000,0.000000,-0.350000,0.600000,0.000000,0.000000,0.707107,0.707107
arm_1,579.283000,0.000000,-0.350000,0.600000,0.000000,0.000000,0.707107,0.707107
arm_1,579.298000,0.000000,-0.350000,0.600000,0.000000,0.000000,0.707107,0.707107
arm_1,579.315000,0.000000,-0.350000,0.600000,0.000000,0.000000,0.707107,0.707107
arm_1,579.333000,0.000000,-0.350000,0.600000,0.000000,0.000000,0.707107,0.707107
arm_1,579.350000,0.000000,-0.350000,0.600000,0.000000,0.000000,0.707107,0.707107
arm_1,579.368000,0.000000,-0.350000,0.600000,0.000000,0.000000,0.707107,0.707107
arm_1,579.382000,0.000000,-0.350000,0.600000,0.000000,0.000000,0.707107,0.707107
arm_1,579.396000,0.000000,-0.350000,0.600000,0.000000,0.000000,0.707107,0.707107
arm_1,579.413000,0.000000,-0.350000,0.600000,0.000000,0.000000,0.707107,0.707107
arm_1,579.431000,0.000000,-0.350000,0.600000,0.000000,0.000000,0.707107,0.707107
arm_1,579.448000,0.000000,-0.350000,0.600000,0.000000,0.000000,0.707107,0.707107
arm_1,579.465000,0.000000,-0.350000,0.600000,0.000000,0.000000,0.707107,0.707107
arm_1,579.483000,0.000000,-0.350000,0.600000,0.000000,0.000000,0.707107,0.707107
arm_1,579.501000,0.000000,-0.350000,0.600000,0.000000,0.000000,0.707107,0.707107
arm_1,579.518000,0.000000,-0.350000,0.600000,0.000000,0.000000,0.707107,0.707107
arm_1,579.536000,0.000000,-0.350000,0.600000,0.000000,0.000000,0.707107,0.707107
arm_1,579.554000,0.000000,-0.350000,0.600000,0.000000,0.000000,0.707107,0.707107
arm_1,579.571000,0.000000,-0.350000,0.600000,0.000000,0.000000,0.707107,0.707107
arm_1,579.589000,0.000000,-0.350000,0.600000,0.000000,0.000000,0.707107,0.707107
arm_1,579.607000,0.000000,-0.350000,0.600000,0.000000,0.000000,0.707107,0.707107
arm_1,579.624000,0.000000,-0.350000,0.600000,0.000000,0.000000,0.707107,0.707107
arm_1,579.642000,0.000000,-0.350000,0.600000,0.000000,0.000000,0.707107,0.707107
arm_1,579.660000,0.000000,-0.350000,0.600000,0.000000,0.000000,0.707107,0.707107
arm_1,579.678000,0.000000,-0.350000,0.600000,0.000000,0.000000,0.707107,0.707107
arm_1,579.695000,0.000000,-0.350000,0.600000,0.000000,0.000000,0.707107,0.707107
arm_1,579.712000,0.000000,-0.350000,0.600000,0.000000,0.000000,0.707107,0.707107
arm_1,579.729000,0.000000,-0.350000,0.600000,0.000000,0.000000,0.707107,0.707107
arm_1,579.746000,0.000000,-0.350000,0.600000,0.000000,0.000000,0.707107,0.707107
arm_1,579.763000,0.000000,-0.350000,0.600000,0.000000,0.000000,0.707107,0.707107
arm_1,579.779000,0.000000,-0.350000,0.600000,0.000000,0.000000,0.707107,0.707107
arm_1,579.796000,0.000000,-0.350000,0.600000,0.000000,0.000000,0.707107,0.707107
arm_1,579.812000,0.000000,-0.350000,0.600000,0.000000,0.000000,0.707107,0.707107
arm_1,579.829000,0.000000,-0.350000,0.600000,0.000000,0.000000,0.707107,0.707107
arm_1,579.845000,0.000000,-0.350000,0.600000,0.000000,0.000000,0.707107,0.707107
arm_1,579.862000,0.000000,-0.350000,0.600000,0.000000,0.000000,0.707107,0.707107
arm_1,579.879000,0.000000,-0.350000,0.600000,0.000000,0.000000,0.707107,0.707107
arm_1,579.890000,0.000000,-0.350000,0.600000,0.000000,0.000000,0.707107,0.707107
arm_1,579.901000,0.000000,-0.350000,0.600000,0.000000,0.000000,0.707107,0.707107
arm_1,579.918000,0.000000,-0.350000,0.600000,0.000000,0.000000,0.707107,0.707107
arm_1,579.935000,0.000000,-0.350000,0.600000,0.000000,0.000000,0.707107,0.707107
arm_1,579.951000,0.000000,-0.350000,0.600000,0.000000,0.000000,0.707107,0.707107
arm_1,579.967000,0.000000,-0.350000,0.600000,0.000000,0.000000,0.707107,0.707107
arm_1,579.982000,0.000000,-0.350000,0.600000,0.000000,0.000000,0.707107,0.707107
arm_1,579.995000,0.000000,-0.350000,0.600000,0.000000,0.000000,0.707107,0.707107
arm_1,580.011000,0.000000,-0.350000,0.600000,0.000000,0.000000,0.707107,0.707107
arm_1,580.027000,0.000000,-0.350000,0.600000,0.000000,0.000000,0.707107,0.707107
arm_1,580.043000,0.000000,-0.350000,0.600000,0.000000,0.000000,0.707107,0.707107
arm_1,580.059000,0.000000,-0.350000,0.600000,0.000000,0.000000,0.707107,0.707107
arm_1,580.075000,0.000000,-0.350000,0.600000,0.000000,0.000000,0.707107,0.707107
arm_1,580.092000,0.000000,-0.350000,0.600000,0.000000,0.000000,0.707107,0.707107
arm_1,580.109000,0.000000,-0.350000,0.600000,0.000000,0.000000,0.707107,0.707107
arm_1,580.125000,0.000000,-0.350000,0.600000,0.000000,0.000000,0.707107,0.707107
arm_1,580.140000,0.000000,-0.350000,0.600000,0.000000,0.000000,0.707107,0.707107
arm_1,580.157000,0.000000,-0.350000,0.600000,0.000000,0.000000,0.707107,0.707107
arm_1,580.174000,0.000000,-0.350000,0.600000,0.000000,0.000000,0.707107,0.707107
arm_1,580.190000,0.000000,-0.350000,0.600000,0.000000,0.000000,0.707107,0.707107
arm_1,580.206000,0.000000,-0.350000,0.600000,0.000000,0.000000,0.707107,0.707107
arm_1,580.223000,0.000000,-0.350000,0.600000,0.000000,0.000000,0.707107,0.707107
arm_1,580.239000,0.000000,-0.350000,0.600000,0.000000,0.000000,0.707107,0.707107
arm_1,580.256000,0.000000,-0.350000,0.600000,0.000000,0.000000,0.707107,0.707107
arm_1,580.273000,0.000000,-0.350000,0.600000,0.000000,0.000000,0.707107,0.707107
arm_1,580.289000,0.000000,-0.350000,0.600000,0.000000,0.000000,0.707107,0.707107
arm_1,580.306000,0.000000,-0.350000,0.600000,0.000000,0.000000,0.707107,0.707107
arm_1,580.322000,0.000000,-0.350000,0.600000,0.000000,0.000000,0.707107,0.707107
arm_1,580.339000,0.000000,-0.350000,0.600000,0.000000,0.000000,0.707107,0.707107
arm_1,580.356000,0.000000,-0.350000,0.600000,0.000000,0.000000,0.707107,0.707107
arm_1,580.373000,0.000000,-0.350000,0.600000,0.000000,0.000000,0.707107,0.707107
arm_1,580.391000,0.000000,-0.350000,0.600000,0.000000,0.000000,0.707107,0.707107
arm_1,580.408000,0.000000,-0.350000,0.600000,0.000000,0.000000,0.707107,0.707107
arm_1,580.425000,0.000000,-0.350000,0.600000,0.000000,0.000000,0.707107,0.707107
arm_1,580.441000,0.000000,-0.350000,0.600000,0.000000,0.000000,0.707107,0.707107
arm_1,580.458000,0.000000,-0.350000,0.600000,0.000000,0.000000,0.707107,0.707107
arm_1,580.475000,0.000000,-0.350000,0.600000,0.000000,0.000000,0.707107,0.707107
arm_1,580.492000,0.000000,-0.350000,0.600000,0.000000,0.000000,0.707107,0.707107
arm_1,580.509000,0.000000,-0.350000,0.600000,0.000000,0.000000,0.707107,0.707107
arm_1,580.526000,0.000000,-0.350000,0.600000,0.000000,0.000000,0.707107,0.707107
arm_1,580.544000,0.000000,-0.350000,0.600000,0.000000,0.000000,0.707107,0.707107
arm_1,580.561000,0.000000,-0.350000,0.600000,0.000000,0.000000,0.707107,0.707107
arm_1,580.578000,0.000000,-0.350000,0.600000,0.000000,0.000000,0.707107,0.707107
arm_1,580.595000,0.000000,-0.350000,0.600000,0.000000,0.000000,0.707107,0.707107
arm_1,580.612000,0.000000,-0.350000,0.600000,0.000000,0.000000,0.707107,0.707107
arm_1,580.629000,0.000000,-0.350000,0.600000,0.000000,0.000000,0.707107,0.707107
arm_1,580.646000,0.000000,-0.350000,0.600000,0.000000,0.000000,0.707107,0.707107
arm_1,580.663000,0.000000,-0.350000,0.600000,0.000000,0.000000,0.707107,0.707107
arm_1,580.679000,0.000000,-0.350000,0.600000,0.000000,0.000000,0.707107,0.707107
arm_1,580.697000,0.000000,-0.350000,0.600000,0.000000,0.000000,0.707107,0.707107
arm_1,580.714000,0.000000,-0.350000,0.600000,0.000000,0.000000,0.707107,0.707107
arm_1,580.731000,0.000000,-0.350000,0.600000,0.000000,0.000000,0.707107,0.707107
arm_1,580.748000,0.000000,-0.350000,0.600000,0.000000,0.000000,0.707107,0.707107
arm_1,580.765000,0.000000,-0.350000,0.600000,0.000000,0.000000,0.707107,0.707107
arm_1,580.782000,0.000000,-0.350000,0.600000,0.000000,0.000000,0.707107,0.707107
arm_1,580.799000,0.000000,-0.350000,0.600000,0.000000,0.000000,0.707107,0.707107
arm_1,580.816000,0.000000,-0.350000,0.600000,0.000000,0.000000,0.707107,0.707107
arm_1,580.834000,0.000000,-0.350000,0.600000,0.000000,0.000000,0.707107,0.707107
arm_1,580.852000,0.000000,-0.350000,0.600000,0.000000,0.000000,0.707107,0.707107
arm_1,580.869000,0.000000,-0.350000,0.600000,0.000000,0.000000,0.707107,0.707107
arm_1,580.886000,0.000000,-0.350000,0.600000,0.000000,0.000000,0.707107,0.707107
arm_1,580.902000,0.000000,-0.350000,0.600000,0.000000,0.000000,0.707107,0.707107
arm_1,580.919000,0.000000,-0.350000,0.600000,0.000000,0.000000,0.707107,0.707107
arm_1,580.936000,0.000000,-0.350000,0.600000,0.000000,0.000000,0.707107,0.707107
arm_1,580.954000,0.000000,-0.350000,0.600000,0.000000,0.000000,0.707107,0.707107
arm_1,580.971000,0.000000,-0.350000,0.600000,0.000000,0.000000,0.707107,0.707107
arm_1,580.989000,0.000000,-0.350000,0.600000,0.000000,0.000000,0.707107,0.707107
arm_1,581.006000,0.000000,-0.350000,0.600000,0.000000,0.000000,0.707107,0.707107
arm_1,581.023000,0.000000,-0.350000,0.600000,0.000000,0.000000,0.707107,0.707107
arm_1,581.040000,0.000000,-0.350000,0.600000,0.000000,0.000000,0.707107,0.707107
arm_1,581.058000,0.000000,-0.350000,0.600000,0.000000,0.000000,0.707107,0.707107
arm_1,581.075000,0.000000,-0.350000,0.600000,0.000000,0.000000,0.707107,0.707107
arm_1,581.092000,0.000000,-0.350000,0.600000,0.000000,0.000000,0.707107,0.707107
arm_1,581.109000,0.000000,-0.350000,0.600000,0.000000,0.000000,0.707107,0.707107
arm_1,581.126000,0.000000,-0.350000,0.600000,0.000000,0.000000,0.707107,0.707107
arm_1,581.143000,0.000000,-0.350000,0.600000,0.000000,0.000000,0.707107,0.707107
arm_1,581.160000,0.000000,-0.350000,0.600000,0.000000,0.000000,0.707107,0.707107
arm_1,581.178000,0.000000,-0.350000,0.600000,0.000000,0.000000,0.707107,0.707107
arm_1,581.195000,0.000000,-0.350000,0.600000,0.000000,0.000000,0.707107,0.707107
arm_1,581.212000,0.000000,-0.350000,0.600000,0.000000,0.000000,0.707107,0.707107
arm_1,581.230000,0.000000,-0.350000,0.600000,0.000000,0.000000,0.707107,0.707107
arm_1,581.248000,0.000000,-0.350000,0.600000,0.000000,0.000000,0.707107,0.707107
arm_1,581.266000,0.000000,-0.350000,0.600000,0.000000,0.000000,0.707107,0.707107
arm_1,581.284000,0.000000,-0.350000,0.600000,0.000000,0.000000,0.707107,0.707107
arm_1,581.301000,0.000000,-0.350000,0.600000,0.000000,0.000000,0.707107,0.707107
arm_1,581.314000,0.000000,-0.350000,0.600000,0.000000,0.000000,0.707107,0.707107
arm_1,581.328000,0.000000,-0.350000,0.600000,0.000000,0.000000,0.707107,0.707107
arm_1,581.342000,0.000000,-0.350000,0.600000,0.000000,0.000000,0.707107,0.707107
arm_1,581.357000,0.000000,-0.350000,0.600000,0.000000,0.000000,0.707107,0.707107
arm_1,581.373000,0.000000,-0.350000,0.600000,0.000000,0.000000,0.707107,0.707107
arm_1,581.389000,0.000000,-0.350000,0.600000,0.000000,0.000000,0.707107,0.707107
arm_1,581.405000,0.000000,-0.350000,0.600000,0.000000,0.000000,0.707107,0.707107
arm_1,581.422000,0.000000,-0.350000,0.600000,0.000000,0.000000,0.707107,0.707107
arm_1,581.438000,0.000000,-0.350000,0.600000,0.000000,0.000000,0.707107,0.707107
arm_1,581.455000,0.000000,-0.350000,0.600000,0.000000,0.000000,0.707107,0.707107
arm_1,581.472000,0.000000,-0.350000,0.600000,0.000000,0.000000,0.707107,0.707107
arm_1,581.489000,0.000000,-0.350000,0.600000,0.000000,0.000000,0.707107,0.707107
arm_1,581.506000,0.000000,-0.350000,0.600000,0.000000,0.000000,0.707107,0.707107
arm_1,581.523000,0.000000,-0.350000,0.600000,0.000000,0.000000,0.707107,0.707107
arm_1,581.540000,0.000000,-0.350000,0.600000,0.000000,0.000000,0.707107,0.707107
arm_1,581.557000,0.000000,-0.350000,0.600000,0.000000,0.000000,0.707107,0.707107
arm_1,581.573000,0.000000,-0.350000,0.600000,0.000000,0.000000,0.707107,0.707107
arm_1,581.590000,0.000000,-0.350000,0.600000,0.000000,0.000000,0.707107,0.707107
arm_1,581.607000,0.000000,-0.350000,0.600000,0.000000,0.000000,0.707107,0.707107
arm_1,581.624000,0.000000,-0.350000,0.600000,0.000000,0.000000,0.707107,0.707107
arm_1,581.641000,0.000000,-0.350000,0.600000,0.000000,0.000000,0.707107,0.707107
arm_1,581.658000,0.000000,-0.350000,0.600000,0.000000,0.000000,0.707107,0.707107
arm_1,581.675000,0.000000,-0.350000,0.600000,0.000000,0.000000,0.707107,0.707107
arm_1,581.692000,0.000000,-0.350000,0.600000,0.000000,0.000000,0.707107,0.707107
arm_1,581.709000,0.000000,-0.350000,0.600000,0.000000,0.000000,0.707107,0.707107
arm_1,581.726000,0.000000,-0.350000,0.600000,0.000000,0.000000,0.707107,0.707107
arm_1,581.743000,0.000000,-0.350000,0.600000,0.000000,0.000000,0.707107,0.707107
arm_1,581.760000,0.000000,-0.350000,0.600000,0.000000,0.000000,0.707107,0.707107
arm_1,581.777000,0.000000,-0.350000,0.600000,0.000000,0.000000,0.707107,0.707107
arm_1,581.795000,0.000000,-0.350000,0.600000,0.000000,0.000000,0.707107,0.707107
arm_1,581.812000,0.000000,-0.350000,0.600000,0.000000,0.000000,0.707107,0.707107
arm_1,581.829000,0.000000,-0.350000,0.600000,0.000000,0.000000,0.707107,0.707107
arm_1,581.846000,0.000000,-0.350000,0.600000,0.000000,0.000000,0.707107,0.707107
arm_1,581.863000,0.000000,-0.350000,0.600000,0.000000,0.000000,0.707107,0.707107
arm_1,581.879000,0.000000,-0.350000,0.600000,0.000000,0.000000,0.707107,0.707107
arm_1,581.896000,0.000000,-0.350000,0.600000,0.000000,0.000000,0.707107,0.707107
arm_1,581.914000,0.000000,-0.350000,0.600000,0.000000,0.000000,0.707107,0.707107
arm_1,581.932000,0.000000,-0.350000,0.600000,0.000000,0.000000,0.707107,0.707107
arm_1,581.950000,0.000000,-0.350000,0.600000,0.000000,0.000000,0.707107,0.707107
arm_1,581.967000,0.000000,-0.350000,0.600000,0.000000,0.000000,0.707107,0.707107
arm_1,581.978000,0.000000,-0.350000,0.600000,0.000000,0.000000,0.707107,0.707107
arm_1,581.991000,0.000000,-0.350000,0.600000,0.000000,0.000000,0.707107,0.707107
arm_1,582.008000,0.000000,-0.350000,0.600000,0.000000,0.000000,0.707107,0.707107
arm_1,582.025000,0.000000,-0.350000,0.600000,0.000000,0.000000,0.707107,0.707107
arm_1,582.043000,0.000000,-0.350000,0.600000,0.000000,0.000000,0.707107,0.707107
arm_1,582.060000,0.000000,-0.350000,0.600000,0.000000,0.000000,0.707107,0.707107
arm_1,582.078000,0.000000,-0.350000,0.600000,0.000000,0.000000,0.707107,0.707107
arm_1,582.095000,0.000000,-0.350000,0.600000,0.000000,0.000000,0.707107,0.707107
arm_1,582.113000,0.000000,-0.350000,0.600000,0.000000,0.000000,0.707107,0.707107
arm_1,582.130000,0.000000,-0.350000,0.600000,0.000000,0.000000,0.707107,0.707107
arm_1,582.148000,0.000000,-0.350000,0.600000,0.000000,0.000000,0.707107,0.707107
arm_1,582.165000,0.000000,-0.350000,0.600000,0.000000,0.000000,0.707107,0.707107
arm_1,582.183000,0.000000,-0.350000,0.600000,0.000000,0.000000,0.707107,0.707107
arm_1,582.201000,0.000000,-0.350000,0.600000,0.000000,0.000000,0.707107,0.707107
arm_1,582.218000,0.000000,-0.350000,0.600000,0.000000,0.000000,0.707107,0.707107
arm_1,582.235000,0.000000,-0.350000,0.600000,0.000000,0.000000,0.707107,0.707107
arm_1,582.253000,0.000000,-0.350000,0.600000,0.000000,0.000000,0.707107,0.707107
arm_1,582.271000,0.000000,-0.350000,0.600000,0.000000,0.000000,0.707107,0.707107
arm_1,582.288000,0.000000,-0.350000,0.600000,0.000000,0.000000,0.707107,0.707107
arm_1,582.305000,0.000000,-0.350000,0.600000,0.000000,0.000000,0.707107,0.707107
arm_1,582.322000,0.000000,-0.350000,0.600000,0.000000,0.000000,0.707107,0.707107
arm_1,582.339000,0.000000,-0.350000,0.600000,0.000000,0.000000,0.707107,0.707107
arm_1,582.357000,0.000000,-0.350000,0.600000,0.000000,0.000000,0.707107,0.707107
arm_1,582.375000,0.000000,-0.350000,0.600000,0.000000,0.000000,0.707107,0.707107
arm_1,582.392000,0.000000,-0.350000,0.600000,0.000000,0.000000,0.707107,0.707107
arm_1,582.409000,0.000000,-0.350000,0.600000,0.000000,0.000000,0.707107,0.707107
arm_1,582.426000,0.000000,-0.350000,0.600000,0.000000,0.000000,0.707107,0.707107
arm_1,582.443000,0.000000,-0.350000,0.600000,0.000000,0.000000,0.707107,0.707107
arm_1,582.460000,0.000000,-0.350000,0.600000,0.000000,0.000000,0.707107,0.707107
arm_1,582.478000,0.000000,-0.350000,0.600000,0.000000,0.000000,0.707107,0.707107
arm_1,582.496000,0.000000,-0.350000,0.600000,0.000000,0.000000,0.707107,0.707107
arm_1,582.514000,0.000000,-0.350000,0.600000,0.000000,0.000000,0.707107,0.707107
arm_1,582.531000,0.000000,-0.350000,0.600000,0.000000,0.000000,0.707107,0.707107
arm_1,582.548000,0.000000,-0.350000,0.600000,0.000000,0.000000,0.707107,0.707107
arm_1,582.564000,0.000000,-0.350000,0.600000,0.000000,0.000000,0.707107,0.707107
arm_1,582.581000,0.000000,-0.350000,0.600000,0.000000,0.000000,0.707107,0.707107
arm_1,582.598000,0.000000,-0.350000,0.600000,0.000000,0.000000,0.707107,0.707107
arm_1,582.616000,0.000000,-0.350000,0.600000,0.000000,0.000000,0.707107,0.707107
arm_1,582.634000,0.000000,-0.350000,0.600000,0.000000,0.000000,0.707107,0.707107
arm_1,582.652000,0.000000,-0.350000,0.600000,0.000000,0.000000,0.707107,0.707107
arm_1,582.669000,0.000000,-0.350000,0.600000,0.000000,0.000000,0.707107,0.707107
arm_1,582.686000,0.000000,-0.350000,0.600000,0.000000,0.000000,0.707107,0.707107
arm_1,582.698000,0.000000,-0.350000,0.600000,0.000000,0.000000,0.707107,0.707107
arm_1,582.713000,0.000000,-0.350000,0.600000,0.000000,0.000000,0.707107,0.707107
arm_1,582.728000,0.000000,-0.350000,0.600000,0.000000,0.000000,0.707107,0.707107
arm_1,582.745000,0.000000,-0.350000,0.600000,0.000000,0.000000,0.707107,0.707107
arm_1,582.762000,0.000000,-0.350000,0.600000,0.000000,0.000000,0.707107,0.707107
arm_1,582.779000,0.000000,-0.350000,0.600000,0.000000,0.000000,0.707107,0.707107
arm_1,582.796000,0.000000,-0.350000,0.600000,0.000000,0.000000,0.707107,0.707107
arm_1,582.813000,0.000000,-0.350000,0.600000,0.000000,0.000000,0.707107,0.707107
arm_1,582.827000,0.000000,-0.350000,0.600000,0.000000,0.000000,0.707107,0.707107
arm_1,582.844000,0.000000,-0.350000,0.600000,0.000000,0.000000,0.707107,0.707107
arm_1,582.861000,0.000000,-0.350000,0.600000,0.000000,0.000000,0.707107,0.707107
arm_1,582.877000,0.000000,-0.350000,0.600000,0.000000,0.000000,0.707107,0.707107
arm_1,582.895000,0.000000,-0.350000,0.600000,0.000000,0.000000,0.707107,0.707107
arm_1,582.912000,0.000000,-0.350000,0.600000,0.000000,0.000000,0.707107,0.707107
arm_1,582.930000,0.000000,-0.350000,0.600000,0.000000,0.000000,0.707107,0.707107
arm_1,582.947000,0.000000,-0.350000,0.600000,0.000000,0.000000,0.707107,0.707107
arm_1,582.964000,0.000000,-0.350000,0.600000,0.000000,0.000000,0.707107,0.707107
arm_1,582.981000,0.000000,-0.350000,0.600000,0.000000,0.000000,0.707107,0.707107
arm_1,582.997000,0.000000,-0.350000,0.600000,0.000000,0.000000,0.707107,0.707107
arm_1,583.014000,0.000000,-0.350000,0.600000,0.000000,0.000000,0.707107,0.707107
arm_1,583.031000,0.000000,-0.350000,0.600000,0.000000,0.000000,0.707107,0.707107
arm_1,583.048000,0.000000,-0.350000,0.600000,0.000000,0.000000,0.707107,0.707107
arm_1,583.064000,0.000000,-0.350000,0.600000,0.000000,0.000000,0.707107,0.707107
arm_1,583.076000,0.000000,-0.350000,0.600000,0.000000,0.000000,0.707107,0.707107
arm_1,583.092000,0.000000,-0.350000,0.600000,0.000000,0.000000,0.707107,0.707107
arm_1,583.108000,0.000000,-0.350000,0.600000,0.000000,0.000000,0.707107,0.707107
arm_1,583.124000,0.000000,-0.350000,0.600000,0.000000,0.000000,0.707107,0.707107
arm_1,583.140000,0.000000,-0.350000,0.600000,0.000000,0.000000,0.707107,0.707107
arm_1,583.154000,0.000000,-0.350000,0.600000,0.000000,0.000000,0.707107,0.707107
arm_1,583.170000,0.000000,-0.350000,0.600000,0.000000,0.000000,0.707107,0.707107
arm_1,583.186000,0.000000,-0.350000,0.600000,0.000000,0.000000,0.707107,0.707107
arm_1,583.203000,0.000000,-0.350000,0.600000,0.000000,0.000000,0.707107,0.707107
arm_1,583.220000,0.000000,-0.350000,0.600000,0.000000,0.000000,0.707107,0.707107
arm_1,583.238000,0.000000,-0.350000,0.600000,0.000000,0.000000,0.707107,0.707107
arm_1,583.256000,0.000000,-0.350000,0.600000,0.000000,0.000000,0.707107,0.707107
arm_1,583.273000,0.000000,-0.350000,0.600000,0.000000,0.000000,0.707107,0.707107
arm_1,583.290000,0.000000,-0.350000,0.600000,0.000000,0.000000,0.707107,0.707107
arm_1,583.306000,0.000000,-0.350000,0.600000,0.000000,0.000000,0.707107,0.707107
arm_1,583.320000,0.000000,-0.350000,0.600000,0.000000,0.000000,0.707107,0.707107
arm_1,583.334000,0.000000,-0.350000,0.600000,0.000000,0.000000,0.707107,0.707107
arm_1,583.349000,0.000000,-0.350000,0.600000,0.000000,0.000000,0.707107,0.707107
arm_1,583.366000,0.000000,-0.350000,0.600000,0.000000,0.000000,0.707107,0.707107
arm_1,583.383000,0.000000,-0.350000,0.600000,0.000000,0.000000,0.707107,0.707107
arm_1,583.400000,0.000000,-0.350000,0.600000,0.000000,0.000000,0.707107,0.707107
arm_1,583.417000,0.000000,-0.350000,0.600000,0.000000,0.000000,0.707107,0.707107
arm_1,583.434000,0.000000,-0.350000,0.600000,0.000000,0.000000,0.707107,0.707107
arm_1,583.451000,0.000000,-0.350000,0.600000,0.000000,0.000000,0.707107,0.707107
arm_1,583.468000,0.000000,-0.350000,0.600000,0.000000,0.000000,0.707107,0.707107
arm_1,583.486000,0.000000,-0.350000,0.600000,0.000000,0.000000,0.707107,0.707107
arm_1,583.503000,0.000000,-0.350000,0.600000,0.000000,0.000000,0.707107,0.707107
arm_1,583.521000,0.000000,-0.350000,0.600000,0.000000,0.000000,0.707107,0.707107
arm_1,583.538000,0.000000,-0.350000,0.600000,0.000000,0.000000,0.707107,0.707107
arm_1,583.556000,0.000000,-0.350000,0.600000,0.000000,0.000000,0.707107,0.707107
arm_1,583.574000,0.000000,-0.350000,0.600000,0.000000,0.000000,0.707107,0.707107
arm_1,583.592000,0.000000,-0.350000,0.600000,0.000000,0.000000,0.707107,0.707107
arm_1,583.610000,0.000000,-0.350000,0.600000,0.000000,0.000000,0.707107,0.707107
arm_1,583.628000,0.000000,-0.350000,0.600000,0.000000,0.000000,0.707107,0.707107
arm_1,583.646000,0.000000,-0.350000,0.600000,0.000000,0.000000,0.707107,0.707107
arm_1,583.663000,0.000000,-0.350000,0.600000,0.000000,0.000000,0.707107,0.707107
arm_1,583.680000,0.000000,-0.350000,0.600000,0.000000,0.000000,0.707107,0.707107
arm_1,583.698000,0.000000,-0.350000,0.600000,0.000000,0.000000,0.707107,0.707107
arm_1,583.716000,0.000000,-0.350000,0.600000,0.000000,0.000000,0.707107,0.707107
arm_1,583.734000,0.000000,-0.350000,0.600000,0.000000,0.000000,0.707107,0.707107
arm_1,583.751000,0.000000,-0.350000,0.600000,0.000000,0.000000,0.707107,0.707107
arm_1,583.768000,0.000000,-0.350000,0.600000,0.000000,0.000000,0.707107,0.707107
arm_1,583.786000,0.000000,-0.350000,0.600000,0.000000,0.000000,0.707107,0.707107
arm_1,583.802000,0.000000,-0.350000,0.600000,0.000000,0.000000,0.707107,0.707107
arm_1,583.820000,0.000000,-0.350000,0.600000,0.000000,0.000000,0.707107,0.707107
arm_1,583.838000,0.000000,-0.350000,0.600000,0.000000,0.000000,0.707107,0.707107
arm_1,583.856000,0.000000,-0.350000,0.600000,0.000000,0.000000,0.707107,0.707107
arm_1,583.874000,0.000000,-0.350000,0.600000,0.000000,0.000000,0.707107,0.707107
arm_1,583.891000,0.000000,-0.350000,0.600000,0.000000,0.000000,0.707107,0.707107
arm_1,583.908000,0.000000,-0.350000,0.600000,0.000000,0.000000,0.707107,0.707107
arm_1,583.925000,0.000000,-0.350000,0.600000,0.000000,0.000000,0.707107,0.707107
arm_1,583.942000,0.000000,-0.350000,0.600000,0.000000,0.000000,0.707107,0.707107
arm_1,583.960000,0.000000,-0.350000,0.600000,0.000000,0.000000,0.707107,0.707107
arm_1,583.977000,0.000000,-0.350000,0.600000,0.000000,0.000000,0.707107,0.707107
arm_1,583.994000,0.000000,-0.350000,0.600000,0.000000,0.000000,0.707107,0.707107
arm_1,584.010000,0.000000,-0.350000,0.600000,0.000000,0.000000,0.707107,0.707107
arm_1,584.027000,0.000000,-0.350000,0.600000,0.000000,0.000000,0.707107,0.707107
arm_1,584.045000,0.000000,-0.350000,0.600000,0.000000,0.000000,0.707107,0.707107
arm_1,584.062000,0.000000,-0.350000,0.600000,0.000000,0.000000,0.707107,0.707107
arm_1,584.069000,0.000000,-0.350000,0.600000,0.000000,0.000000,0.707107,0.707107
arm_1,584.075000,0.000000,-0.350000,0.600000,0.000000,0.000000,0.707107,0.707107
arm_1,584.092000,0.000000,-0.350000,0.600000,0.000000,0.000000,0.707107,0.707107
arm_1,584.109000,0.000000,-0.350000,0.600000,0.000000,0.000000,0.707107,0.707107
arm_1,584.127000,0.000000,-0.350000,0.600000,0.000000,0.000000,0.707107,0.707107
arm_1,584.144000,0.000000,-0.350000,0.600000,0.000000,0.000000,0.707107,0.707107
arm_1,584.161000,0.000000,-0.350000,0.600000,0.000000,0.000000,0.707107,0.707107
arm_1,584.178000,0.000000,-0.350000,0.600000,0.000000,0.000000,0.707107,0.707107
arm_1,584.195000,0.000000,-0.350000,0.600000,0.000000,0.000000,0.707107,0.707107
arm_1,584.213000,0.000000,-0.350000,0.600000,0.000000,0.000000,0.707107,0.707107
arm_1,584.230000,0.000000,-0.350000,0.600000,0.000000,0.000000,0.707107,0.707107
arm_1,584.248000,0.000000,-0.350000,0.600000,0.000000,0.000000,0.707107,0.707107
arm_1,584.266000,0.000000,-0.350000,0.600000,0.000000,0.000000,0.707107,0.707107
arm_1,584.284000,0.000000,-0.350000,0.600000,0.000000,0.000000,0.707107,0.707107
arm_1,584.301000,0.000000,-0.350000,0.600000,0.000000,0.000000,0.707107,0.707107
arm_1,584.319000,0.000000,-0.350000,0.600000,0.000000,0.000000,0.707107,0.707107
arm_1,584.336000,0.000000,-0.350000,0.600000,0.000000,0.000000,0.707107,0.707107
arm_1,584.353000,0.000000,-0.350000,0.600000,0.000000,0.000000,0.707107,0.707107
arm_1,584.370000,0.000000,-0.350000,0.600000,0.000000,0.000000,0.707107,0.707107
arm_1,584.387000,0.000000,-0.350000,0.600000,0.000000,0.000000,0.707107,0.707107
arm_1,584.404000,0.000000,-0.350000,0.600000,0.000000,0.000000,0.707107,0.707107
arm_1,584.422000,0.000000,-0.350000,0.600000,0.000000,0.000000,0.707107,0.707107
arm_1,584.439000,0.000000,-0.350000,0.600000,0.000000,0.000000,0.707107,0.707107
arm_1,584.457000,0.000000,-0.350000,0.600000,0.000000,0.000000,0.707107,0.707107
arm_1,584.475000,0.000000,-0.350000,0.600000,0.000000,0.000000,0.707107,0.707107
arm_1,584.492000,0.000000,-0.350000,0.600000,0.000000,0.000000,0.707107,0.707107
arm_1,584.509000,0.000000,-0.350000,0.600000,0.000000,0.000000,0.707107,0.707107
arm_1,584.526000,0.000000,-0.350000,0.600000,0.000000,0.000000,0.707107,0.707107
arm_1,584.543000,0.000000,-0.350000,0.600000,0.000000,0.000000,0.707107,0.707107
arm_1,584.561000,0.000000,-0.350000,0.600000,0.000000,0.000000,0.707107,0.707107
arm_1,584.579000,0.000000,-0.350000,0.600000,0.000000,0.000000,0.707107,0.707107
arm_1,584.596000,0.000000,-0.350000,0.600000,0.000000,0.000000,0.707107,0.707107
arm_1,584.613000,0.000000,-0.350000,0.600000,0.000000,0.000000,0.707107,0.707107
arm_1,584.629000,0.000000,-0.350000,0.600000,0.000000,0.000000,0.707107,0.707107
arm_1,584.645000,0.000000,-0.350000,0.600000,0.000000,0.000000,0.707107,0.707107
arm_1,584.662000,0.000000,-0.350000,0.600000,0.000000,0.000000,0.707107,0.707107
arm_1,584.679000,0.000000,-0.350000,0.600000,0.000000,0.000000,0.707107,0.707107
arm_1,584.696000,0.000000,-0.350000,0.600000,0.000000,0.000000,0.707107,0.707107
arm_1,584.713000,0.000000,-0.350000,0.600000,0.000000,0.000000,0.707107,0.707107
arm_1,584.730000,0.000000,-0.350000,0.600000,0.000000,0.000000,0.707107,0.707107
arm_1,584.747000,0.000000,-0.350000,0.600000,0.000000,0.000000,0.707107,0.707107
arm_1,584.765000,0.000000,-0.350000,0.600000,0.000000,0.000000,0.707107,0.707107
arm_1,584.783000,0.000000,-0.350000,0.600000,0.000000,0.000000,0.707107,0.707107
arm_1,584.800000,0.000000,-0.350000,0.600000,0.000000,0.000000,0.707107,0.707107
arm_1,584.817000,0.000000,-0.350000,0.600000,0.000000,0.000000,0.707107,0.707107
arm_1,584.834000,0.000000,-0.350000,0.600000,0.000000,0.000000,0.707107,0.707107
arm_1,584.852000,0.000000,-0.350000,0.600000,0.000000,0.000000,0.707107,0.707107
arm_1,584.870000,0.000000,-0.350000,0.600000,0.000000,0.000000,0.707107,0.707107
arm_1,584.887000,0.000000,-0.350000,0.600000,0.000000,0.000000,0.707107,0.707107
arm_1,584.904000,0.000000,-0.350000,0.600000,0.000000,0.000000,0.707107,0.707107
arm_1,584.922000,0.000000,-0.350000,0.600000,0.000000,0.000000,0.707107,0.707107
arm_1,584.940000,0.000000,-0.350000,0.600000,0.000000,0.000000,0.707107,0.707107
arm_1,584.957000,0.000000,-0.350000,0.600000,0.000000,0.000000,0.707107,0.707107
arm_1,584.975000,0.000000,-0.350000,0.600000,0.000000,0.000000,0.707107,0.707107
arm_1,584.993000,0.000000,-0.350000,0.600000,0.000000,0.000000,0.707107,0.707107
arm_1,585.008000,0.000000,-0.350000,0.600000,0.000000,0.000000,0.707107,0.707107
arm_1,585.026000,0.000000,-0.350000,0.600000,0.000000,0.000000,0.707107,0.707107
arm_1,585.044000,0.000000,-0.350000,0.600000,0.000000,0.000000,0.707107,0.707107
arm_1,585.061000,0.000000,-0.350000,0.600000,0.000000,0.000000,0.707107,0.707107
arm_1,585.078000,0.000000,-0.350000,0.600000,0.000000,0.000000,0.707107,0.707107
arm_1,585.095000,0.000000,-0.350000,0.600000,0.000000,0.000000,0.707107,0.707107
arm_1,585.111000,0.000000,-0.350000,0.600000,0.000000,0.000000,0.707107,0.707107
arm_1,585.129000,0.000000,-0.350000,0.600000,0.000000,0.000000,0.707107,0.707107
arm_1,585.147000,0.000000,-0.350000,0.600000,0.000000,0.000000,0.707107,0.707107
arm_1,585.165000,0.000000,-0.350000,0.600000,0.000000,0.000000,0.707107,0.707107
arm_1,585.182000,0.000000,-0.350000,0.600000,0.000000,0.000000,0.707107,0.707107
arm_1,585.199000,0.000000,-0.350000,0.600000,0.000000,0.000000,0.707107,0.707107
arm_1,585.216000,0.000000,-0.350000,0.600000,0.000000,0.000000,0.707107,0.707107
arm_1,585.233000,0.000000,-0.350000,0.600000,0.000000,0.000000,0.707107,0.707107
arm_1,585.250000,0.000000,-0.350000,0.600000,0.000000,0.000000,0.707107,0.707107
arm_1,585.267000,0.000000,-0.350000,0.600000,0.000000,0.000000,0.707107,0.707107
arm_1,585.284000,0.000000,-0.350000,0.600000,0.000000,0.000000,0.707107,0.707107
arm_1,585.301000,0.000000,-0.350000,0.600000,0.000000,0.000000,0.707107,0.707107
arm_1,585.315000,0.000000,-0.350000,0.600000,0.000000,0.000000,0.707107,0.707107
arm_1,585.332000,0.000000,-0.350000,0.600000,0.000000,0.000000,0.707107,0.707107
arm_1,585.349000,0.000000,-0.350000,0.600000,0.000000,0.000000,0.707107,0.707107
arm_1,585.366000,0.000000,-0.350000,0.600000,0.000000,0.000000,0.707107,0.707107
arm_1,585.382000,0.000000,-0.350000,0.600000,0.000000,0.000000,0.707107,0.707107
arm_1,585.399000,0.000000,-0.350000,0.600000,0.000000,0.000000,0.707107,0.707107
arm_1,585.416000,0.000000,-0.350000,0.600000,0.000000,0.000000,0.707107,0.707107
arm_1,585.434000,0.000000,-0.350000,0.600000,0.000000,0.000000,0.707107,0.707107
arm_1,585.452000,0.000000,-0.350000,0.600000,0.000000,0.000000,0.707107,0.707107
arm_1,585.470000,0.000000,-0.350000,0.600000,0.000000,0.000000,0.707107,0.707107
arm_1,585.488000,0.000000,-0.350000,0.600000,0.000000,0.000000,0.707107,0.707107
arm_1,585.505000,0.000000,-0.350000,0.600000,0.000000,0.000000,0.707107,0.707107
arm_1,585.523000,0.000000,-0.350000,0.600000,0.000000,0.000000,0.707107,0.707107
arm_1,585.541000,0.000000,-0.350000,0.600000,0.000000,0.000000,0.707107,0.707107
arm_1,585.559000,0.000000,-0.350000,0.600000,0.000000,0.000000,0.707107,0.707107
arm_1,585.577000,0.000000,-0.350000,0.600000,0.000000,0.000000,0.707107,0.707107
arm_1,585.593000,0.000000,-0.350000,0.600000,0.000000,0.000000,0.707107,0.707107
arm_1,585.609000,0.000000,-0.350000,0.600000,0.000000,0.000000,0.707107,0.707107
arm_1,585.626000,0.000000,-0.350000,0.600000,0.000000,0.000000,0.707107,0.707107
arm_1,585.642000,0.000000,-0.350000,0.600000,0.000000,0.000000,0.707107,0.707107
arm_1,585.659000,0.000000,-0.350000,0.600000,0.000000,0.000000,0.707107,0.707107
arm_1,585.676000,0.000000,-0.350000,0.600000,0.000000,0.000000,0.707107,0.707107
arm_1,585.691000,0.000000,-0.350000,0.600000,0.000000,0.000000,0.707107,0.707107
arm_1,585.707000,0.000000,-0.350000,0.600000,0.000000,0.000000,0.707107,0.707107
arm_1,585.724000,0.000000,-0.350000,0.600000,0.000000,0.000000,0.707107,0.707107
arm_1,585.740000,0.000000,-0.350000,0.600000,0.000000,0.000000,0.707107,0.707107
arm_1,585.755000,0.000000,-0.350000,0.600000,0.000000,0.000000,0.707107,0.707107
arm_1,585.770000,0.000000,-0.350000,0.600000,0.000000,0.000000,0.707107,0.707107
arm_1,585.787000,0.000000,-0.350000,0.600000,0.000000,0.000000,0.707107,0.707107
arm_1,585.803000,0.000000,-0.350000,0.600000,0.000000,0.000000,0.707107,0.707107
arm_1,585.820000,0.000000,-0.350000,0.600000,0.000000,0.000000,0.707107,0.707107
arm_1,585.837000,0.000000,-0.350000,0.600000,0.000000,0.000000,0.707107,0.707107
arm_1,585.855000,0.000000,-0.350000,0.600000,0.000000,0.000000,0.707107,0.707107
arm_1,585.872000,0.000000,-0.350000,0.600000,0.000000,0.000000,0.707107,0.707107
arm_1,585.890000,0.000000,-0.350000,0.600000,0.000000,0.000000,0.707107,0.707107
arm_1,585.907000,0.000000,-0.350000,0.600000,0.000000,0.000000,0.707107,0.707107
arm_1,585.925000,0.000000,-0.350000,0.600000,0.000000,0.000000,0.707107,0.707107
arm_1,585.943000,0.000000,-0.350000,0.600000,0.000000,0.000000,0.707107,0.707107
arm_1,585.960000,0.000000,-0.350000,0.600000,0.000000,0.000000,0.707107,0.707107
arm_1,585.978000,0.000000,-0.350000,0.600000,0.000000,0.000000,0.707107,0.707107
arm_1,585.995000,0.000000,-0.350000,0.600000,0.000000,0.000000,0.707107,0.707107
arm_1,586.012000,0.000000,-0.350000,0.600000,0.000000,0.000000,0.707107,0.707107
arm_1,586.030000,0.000000,-0.350000,0.600000,0.000000,0.000000,0.707107,0.707107
arm_1,586.048000,0.000000,-0.350000,0.600000,0.000000,0.000000,0.707107,0.707107
arm_1,586.065000,0.000000,-0.350000,0.600000,0.000000,0.000000,0.707107,0.707107
arm_1,586.083000,0.000000,-0.350000,0.600000,0.000000,0.000000,0.707107,0.707107
arm_1,586.101000,0.000000,-0.350000,0.600000,0.000000,0.000000,0.707107,0.707107
arm_1,586.119000,0.000000,-0.350000,0.600000,0.000000,0.000000,0.707107,0.707107
arm_1,586.136000,0.000000,-0.350000,0.600000,0.000000,0.000000,0.707107,0.707107
arm_1,586.153000,0.000000,-0.350000,0.600000,0.000000,0.000000,0.707107,0.707107
arm_1,586.170000,0.000000,-0.350000,0.600000,0.000000,0.000000,0.707107,0.707107
arm_1,586.188000,0.000000,-0.350000,0.600000,0.000000,0.000000,0.707107,0.707107
arm_1,586.206000,0.000000,-0.350000,0.600000,0.000000,0.000000,0.707107,0.707107
arm_1,586.224000,0.000000,-0.350000,0.600000,0.000000,0.000000,0.707107,0.707107
arm_1,586.242000,0.000000,-0.350000,0.600000,0.000000,0.000000,0.707107,0.707107
arm_1,586.260000,0.000000,-0.350000,0.600000,0.000000,0.000000,0.707107,0.707107
arm_1,586.278000,0.000000,-0.350000,0.600000,0.000000,0.000000,0.707107,0.707107
arm_1,586.295000,0.000000,-0.350000,0.600000,0.000000,0.000000,0.707107,0.707107
arm_1,586.311000,0.000000,-0.350000,0.600000,0.000000,0.000000,0.707107,0.707107
arm_1,586.328000,0.000000,-0.350000,0.600000,0.000000,0.000000,0.707107,0.707107
arm_1,586.346000,0.000000,-0.350000,0.600000,0.000000,0.000000,0.707107,0.707107
arm_1,586.364000,0.000000,-0.350000,0.600000,0.000000,0.000000,0.707107,0.707107
arm_1,586.382000,0.000000,-0.350000,0.600000,0.000000,0.000000,0.707107,0.707107
arm_1,586.400000,0.000000,-0.350000,0.600000,0.000000,0.000000,0.707107,0.707107
arm_1,586.417000,0.000000,-0.350000,0.600000,0.000000,0.000000,0.707107,0.707107
arm_1,586.435000,0.000000,-0.350000,0.600000,0.000000,0.000000,0.707107,0.707107
arm_1,586.453000,0.000000,-0.350000,0.600000,0.000000,0.000000,0.707107,0.707107
arm_1,586.470000,0.000000,-0.350000,0.600000,0.000000,0.000000,0.707107,0.707107
arm_1,586.487000,0.000000,-0.350000,0.600000,0.000000,0.000000,0.707107,0.707107
arm_1,586.505000,0.000000,-0.350000,0.600000,0.000000,0.000000,0.707107,0.707107
arm_1,586.523000,0.000000,-0.350000,0.600000,0.000000,0.000000,0.707107,0.707107
arm_1,586.540000,0.000000,-0.350000,0.600000,0.000000,0.000000,0.707107,0.707107
arm_1,586.558000,0.000000,-0.350000,0.600000,0.000000,0.000000,0.707107,0.707107
arm_1,586.575000,0.000000,-0.350000,0.600000,0.000000,0.000000,0.707107,0.707107
arm_1,586.593000,0.000000,-0.350000,0.600000,0.000000,0.000000,0.707107,0.707107
arm_1,586.611000,0.000000,-0.350000,0.600000,0.000000,0.000000,0.707107,0.707107
arm_1,586.629000,0.000000,-0.350000,0.600000,0.000000,0.000000,0.707107,0.707107
arm_1,586.647000,0.000000,-0.350000,0.600000,0.000000,0.000000,0.707107,0.707107
arm_1,586.664000,0.000000,-0.350000,0.600000,0.000000,0.000000,0.707107,0.707107
arm_1,586.682000,0.000000,-0.350000,0.600000,0.000000,0.000000,0.707107,0.707107
arm_1,586.699000,0.000000,-0.350000,0.600000,0.000000,0.000000,0.707107,0.707107
arm_1,586.716000,0.000000,-0.350000,0.600000,0.000000,0.000000,0.707107,0.707107
arm_1,586.734000,0.000000,-0.350000,0.600000,0.000000,0.000000,0.707107,0.707107
arm_1,586.752000,0.000000,-0.350000,0.600000,0.000000,0.000000,0.707107,0.707107
arm_1,586.770000,0.000000,-0.350000,0.600000,0.000000,0.000000,0.707107,0.707107
arm_1,586.787000,0.000000,-0.350000,0.600000,0.000000,0.000000,0.707107,0.707107
arm_1,586.804000,0.000000,-0.350000,0.600000,0.000000,0.000000,0.707107,0.707107
arm_1,586.820000,0.000000,-0.350000,0.600000,0.000000,0.000000,0.707107,0.707107
arm_1,586.838000,0.000000,-0.350000,0.600000,0.000000,0.000000,0.707107,0.707107
arm_1,586.852000,0.000000,-0.350000,0.600000,0.000000,0.000000,0.707107,0.707107
arm_1,586.869000,0.000000,-0.350000,0.600000,0.000000,0.000000,0.707107,0.707107
arm_1,586.885000,0.000000,-0.350000,0.600000,0.000000,0.000000,0.707107,0.707107
arm_1,586.902000,0.000000,-0.350000,0.600000,0.000000,0.000000,0.707107,0.707107
arm_1,586.918000,0.000000,-0.350000,0.600000,0.000000,0.000000,0.707107,0.707107
arm_1,586.933000,0.000000,-0.350000,0.600000,0.000000,0.000000,0.707107,0.707107
arm_1,586.947000,0.000000,-0.350000,0.600000,0.000000,0.000000,0.707107,0.707107
arm_1,586.959000,0.000000,-0.350000,0.600000,0.000000,0.000000,0.707107,0.707107
arm_1,586.975000,0.000000,-0.350000,0.600000,0.000000,0.000000,0.707107,0.707107
arm_1,586.992000,0.000000,-0.350000,0.600000,0.000000,0.000000,0.707107,0.707107
arm_1,587.009000,0.000000,-0.350000,0.600000,0.000000,0.000000,0.707107,0.707107
arm_1,587.026000,0.000000,-0.350000,0.600000,0.000000,0.000000,0.707107,0.707107
arm_1,587.043000,0.000000,-0.350000,0.600000,0.000000,0.000000,0.707107,0.707107
arm_1,587.061000,0.000000,-0.350000,0.600000,0.000000,0.000000,0.707107,0.707107
arm_1,587.077000,0.000000,-0.350000,0.600000,0.000000,0.000000,0.707107,0.707107
arm_1,587.092000,0.000000,-0.350000,0.600000,0.000000,0.000000,0.707107,0.707107
arm_1,587.108000,0.000000,-0.350000,0.600000,0.000000,0.000000,0.707107,0.707107
arm_1,587.123000,0.000000,-0.350000,0.600000,0.000000,0.000000,0.707107,0.707107
arm_1,587.141000,0.000000,-0.350000,0.600000,0.000000,0.000000,0.707107,0.707107
arm_1,587.158000,0.000000,-0.350000,0.600000,0.000000,0.000000,0.707107,0.707107
arm_1,587.176000,0.000000,-0.350000,0.600000,0.000000,0.000000,0.707107,0.707107
arm_1,587.193000,0.000000,-0.350000,0.600000,0.000000,0.000000,0.707107,0.707107
arm_1,587.211000,0.000000,-0.350000,0.600000,0.000000,0.000000,0.707107,0.707107
arm_1,587.228000,0.000000,-0.350000,0.600000,0.000000,0.000000,0.707107,0.707107
arm_1,587.245000,0.000000,-0.350000,0.600000,0.000000,0.000000,0.707107,0.707107
arm_1,587.262000,0.000000,-0.350000,0.600000,0.000000,0.000000,0.707107,0.707107
arm_1,587.280000,0.000000,-0.350000,0.600000,0.000000,0.000000,0.707107,0.707107
arm_1,587.297000,0.000000,-0.350000,0.600000,0.000000,0.000000,0.707107,0.707107
arm_1,587.313000,0.000000,-0.350000,0.600000,0.000000,0.000000,0.707107,0.707107
arm_1,587.330000,0.000000,-0.350000,0.600000,0.000000,0.000000,0.707107,0.707107
arm_1,587.347000,0.000000,-0.350000,0.600000,0.000000,0.000000,0.707107,0.707107
arm_1,587.365000,0.000000,-0.350000,0.600000,0.000000,0.000000,0.707107,0.707107
arm_1,587.382000,0.000000,-0.350000,0.600000,0.000000,0.000000,0.707107,0.707107
arm_1,587.400000,0.000000,-0.350000,0.600000,0.000000,0.000000,0.707107,0.707107
arm_1,587.418000,0.000000,-0.350000,0.600000,0.000000,0.000000,0.707107,0.707107
arm_1,587.435000,0.000000,-0.350000,0.600000,0.000000,0.000000,0.707107,0.707107
arm_1,587.453000,0.000000,-0.350000,0.600000,0.000000,0.000000,0.707107,0.707107
arm_1,587.471000,0.000000,-0.350000,0.600000,0.000000,0.000000,0.707107,0.707107
arm_1,587.489000,0.000000,-0.350000,0.600000,0.000000,0.000000,0.707107,0.707107
arm_1,587.506000,0.000000,-0.350000,0.600000,0.000000,0.000000,0.707107,0.707107
arm_1,587.522000,0.000000,-0.350000,0.600000,0.000000,0.000000,0.707107,0.707107
arm_1,587.539000,0.000000,-0.350000,0.600000,0.000000,0.000000,0.707107,0.707107
arm_1,587.557000,0.000000,-0.350000,0.600000,0.000000,0.000000,0.707107,0.707107
arm_1,587.574000,0.000000,-0.350000,0.600000,0.000000,0.000000,0.707107,0.707107
arm_1,587.592000,0.000000,-0.350000,0.600000,0.000000,0.000000,0.707107,0.707107
arm_1,587.610000,0.000000,-0.350000,0.600000,0.000000,0.000000,0.707107,0.707107
arm_1,587.628000,0.000000,-0.350000,0.600000,0.000000,0.000000,0.707107,0.707107
arm_1,587.645000,0.000000,-0.350000,0.600000,0.000000,0.000000,0.707107,0.707107
arm_1,587.662000,0.000000,-0.350000,0.600000,0.000000,0.000000,0.707107,0.707107
arm_1,587.679000,0.000000,-0.350000,0.600000,0.000000,0.000000,0.707107,0.707107
arm_1,587.697000,0.000000,-0.350000,0.600000,0.000000,0.000000,0.707107,0.707107
arm_1,587.714000,0.000000,-0.350000,0.600000,0.000000,0.000000,0.707107,0.707107
arm_1,587.732000,0.000000,-0.350000,0.600000,0.000000,0.000000,0.707107,0.707107
arm_1,587.749000,0.000000,-0.350000,0.600000,0.000000,0.000000,0.707107,0.707107
arm_1,587.766000,0.000000,-0.350000,0.600000,0.000000,0.000000,0.707107,0.707107
arm_1,587.783000,0.000000,-0.350000,0.600000,0.000000,0.000000,0.707107,0.707107
arm_1,587.799000,0.000000,-0.350000,0.600000,0.000000,0.000000,0.707107,0.707107
arm_1,587.816000,0.000000,-0.350000,0.600000,0.000000,0.000000,0.707107,0.707107
arm_1,587.834000,0.000000,-0.350000,0.600000,0.000000,0.000000,0.707107,0.707107
arm_1,587.851000,0.000000,-0.350000,0.600000,0.000000,0.000000,0.707107,0.707107
arm_1,587.868000,0.000000,-0.350000,0.600000,0.000000,0.000000,0.707107,0.707107
arm_1,587.885000,0.000000,-0.350000,0.600000,0.000000,0.000000,0.707107,0.707107
arm_1,587.903000,0.000000,-0.350000,0.600000,0.000000,0.000000,0.707107,0.707107
arm_1,587.920000,0.000000,-0.350000,0.600000,0.000000,0.000000,0.707107,0.707107
arm_1,587.937000,0.000000,-0.350000,0.600000,0.000000,0.000000,0.707107,0.707107
arm_1,587.954000,0.000000,-0.350000,0.600000,0.000000,0.000000,0.707107,0.707107
arm_1,587.971000,0.000000,-0.350000,0.600000,0.000000,0.000000,0.707107,0.707107
arm_1,587.988000,0.000000,-0.350000,0.600000,0.000000,0.000000,0.707107,0.707107
arm_1,588.005000,0.000000,-0.350000,0.600000,0.000000,0.000000,0.707107,0.707107
arm_1,588.021000,0.000000,-0.350000,0.600000,0.000000,0.000000,0.707107,0.707107
arm_1,588.037000,0.000000,-0.350000,0.600000,0.000000,0.000000,0.707107,0.707107
arm_1,588.054000,0.000000,-0.350000,0.600000,0.000000,0.000000,0.707107,0.707107
arm_1,588.071000,0.000000,-0.350000,0.600000,0.000000,0.000000,0.707107,0.707107
arm_1,588.089000,0.000000,-0.350000,0.600000,0.000000,0.000000,0.707107,0.707107
arm_1,588.106000,0.000000,-0.350000,0.600000,0.000000,0.000000,0.707107,0.707107
arm_1,588.124000,0.000000,-0.350000,0.600000,0.000000,0.000000,0.707107,0.707107
arm_1,588.140000,0.000000,-0.350000,0.600000,0.000000,0.000000,0.707107,0.707107
arm_1,588.157000,0.000000,-0.350000,0.600000,0.000000,0.000000,0.707107,0.707107
arm_1,588.175000,0.000000,-0.350000,0.600000,0.000000,0.000000,0.707107,0.707107
arm_1,588.192000,0.000000,-0.350000,0.600000,0.000000,0.000000,0.707107,0.707107
arm_1,588.210000,0.000000,-0.350000,0.600000,0.000000,0.000000,0.707107,0.707107
arm_1,588.227000,0.000000,-0.350000,0.600000,0.000000,0.000000,0.707107,0.707107
arm_1,588.245000,0.000000,-0.350000,0.600000,0.000000,0.000000,0.707107,0.707107
arm_1,588.263000,0.000000,-0.350000,0.600000,0.000000,0.000000,0.707107,0.707107
arm_1,588.281000,0.000000,-0.350000,0.600000,0.000000,0.000000,0.707107,0.707107
arm_1,588.298000,0.000000,-0.350000,0.600000,0.000000,0.000000,0.707107,0.707107
arm_1,588.315000,0.000000,-0.350000,0.600000,0.000000,0.000000,0.707107,0.707107
arm_1,588.333000,0.000000,-0.350000,0.600000,0.000000,0.000000,0.707107,0.707107
arm_1,588.350000,0.000000,-0.350000,0.600000,0.000000,0.000000,0.707107,0.707107
arm_1,588.367000,0.000000,-0.350000,0.600000,0.000000,0.000000,0.707107,0.707107
probe_part_uncorrected_013,554.646000,-0.475000,-0.000000,0.624999,0.000000,0.000000,-0.000000,1.000000
probe_part_uncorrected_013,554.657000,-0.475000,-0.000000,0.624999,0.000000,0.000000,-0.000000,1.000000
probe_part_uncorrected_013,554.670000,-0.475000,-0.000000,0.624999,0.000000,0.000000,-0.000000,1.000000
probe_part_uncorrected_013,554.684000,-0.475000,-0.000000,0.624999,0.000000,0.000000,-0.000000,1.000000
probe_part_uncorrected_013,554.698000,-0.475000,-0.000000,0.624999,0.000000,0.000000,-0.000000,1.000000
probe_part_uncorrected_013,554.710000,-0.475000,-0.000000,0.624999,0.000000,0.000000,-0.000000,1.000000
probe_part_uncorrected_013,554.723000,-0.475000,-0.000000,0.624999,0.000000,0.000000,-0.000000,1.000000
probe_part_uncorrected_013,554.735000,-0.475000,-0.000000,0.624999,0.000000,0.000000,-0.000000,1.000000
probe_part_uncorrected_013,554.747000,-0.475000,-0.000000,0.624999,0.000000,0.000000,-0.000000,1.000000
probe_part_uncorrected_013,554.760000,-0.475000,-0.000000,0.624999,0.000000,0.000000,-0.000000,1.000000
probe_part_uncorrected_013,554.772000,-0.475000,-0.000000,0.624999,0.000000,0.000000,-0.000000,1.000000
probe_part_uncorrected_013,554.783000,-0.475000,-0.000000,0.624999,0.000000,0.000000,-0.000000,1.000000
probe_part_uncorrected_013,554.795000,-0.475000,-0.000000,0.624999,0.000000,0.000000,-0.000000,1.000000
probe_part_uncorrected_013,554.807000,-0.475000,-0.000000,0.624999,0.000000,0.000000,-0.000000,1.000000
probe_part_uncorrected_013,554.821000,-0.475000,-0.000000,0.624999,0.000000,0.000000,-0.000000,1.000000
probe_part_uncorrected_013,554.835000,-0.475000,-0.000000,0.624999,0.000000,0.000000,-0.000000,1.000000
probe_part_uncorrected_013,554.849000,-0.475000,-0.000000,0.624999,0.000000,0.000000,-0.000000,1.000000
probe_part_uncorrected_013,554.863000,-0.475000,-0.000000,0.624999,0.000000,0.000000,-0.000000,1.000000
probe_part_uncorrected_013,554.878000,-0.475000,-0.000000,0.624999,0.000000,0.000000,-0.000000,1.000000
probe_part_uncorrected_013,554.892000,-0.475000,-0.000000,0.624999,0.000000,0.000000,-0.000000,1.000000
probe_part_uncorrected_013,554.907000,-0.475000,-0.000000,0.624999,0.000000,0.000000,-0.000000,1.000000
probe_part_uncorrected_013,554.920000,-0.475000,-0.000000,0.624999,0.000000,0.000000,-0.000000,1.000000
probe_part_uncorrected_013,554.931000,-0.475000,-0.000000,0.624999,0.000000,0.000000,-0.000000,1.000000
probe_part_uncorrected_013,554.944000,-0.475000,-0.000000,0.624999,0.000000,0.000000,-0.000000,1.000000
probe_part_uncorrected_013,554.957000,-0.475000,-0.000000,0.624999,0.000000,0.000000,-0.000000,1.000000
probe_part_uncorrected_013,554.968000,-0.475000,-0.000000,0.624999,0.000000,0.000000,-0.000000,1.000000
probe_part_uncorrected_013,554.982000,-0.475000,-0.000000,0.624999,0.000000,0.000000,-0.000000,1.000000
probe_part_uncorrected_013,554.997000,-0.475000,-0.000000,0.624999,0.000000,0.000000,-0.000000,1.000000
probe_part_uncorrected_013,555.012000,-0.475000,-0.000000,0.624999,0.000000,0.000000,-0.000000,1.000000
probe_part_uncorrected_013,555.027000,-0.475000,-0.000000,0.624999,0.000000,0.000000,-0.000000,1.000000
probe_part_uncorrected_013,555.040000,-0.475000,-0.000000,0.624999,0.000000,0.000000,-0.000000,1.000000
probe_part_uncorrected_013,555.055000,-0.475000,-0.000000,0.624999,0.000000,0.000000,-0.000000,1.000000
probe_part_uncorrected_013,555.071000,-0.475000,-0.000000,0.624999,0.000000,0.000000,-0.000000,1.000000
probe_part_uncorrected_013,555.086000,-0.475000,-0.000000,0.624999,0.000000,0.000000,-0.000000,1.000000
probe_part_uncorrected_013,555.101000,-0.475000,-0.000000,0.624999,0.000000,0.000000,-0.000000,1.000000
probe_part_uncorrected_013,555.116000,-0.475000,-0.000000,0.624999,0.000000,0.000000,-0.000000,1.000000
probe_part_uncorrected_013,555.130000,-0.475000,-0.000000,0.624999,0.000000,0.000000,-0.000000,1.000000
probe_part_uncorrected_013,555.146000,-0.475000,-0.000000,0.624999,0.000000,0.000000,-0.000000,1.000000
probe_part_uncorrected_013,555.162000,-0.475000,-0.000000,0.624999,0.000000,0.000000,-0.000000,1.000000
probe_part_uncorrected_013,555.177000,-0.475000,-0.000000,0.624999,0.000000,0.000000,-0.000000,1.000000
probe_part_uncorrected_013,555.192000,-0.475000,-0.000000,0.624999,0.000000,0.000000,-0.000000,1.000000
probe_part_uncorrected_013,555.207000,-0.475000,-0.000000,0.624999,0.000000,0.000000,-0.000000,1.000000
probe_part_uncorrected_013,555.223000,-0.475000,-0.000000,0.624999,0.000000,0.000000,-0.000000,1.000000
probe_part_uncorrected_013,555.239000,-0.475000,-0.000000,0.624999,0.000000,0.000000,-0.000000,1.000000
probe_part_uncorrected_013,555.254000,-0.475000,-0.000000,0.624999,0.000000,0.000000,-0.000000,1.000000
probe_part_uncorrected_013,555.270000,-0.475000,-0.000000,0.624999,0.000000,0.000000,-0.000000,1.000000
probe_part_uncorrected_013,555.286000,-0.475000,-0.000000,0.624999,0.000000,0.000000,-0.000000,1.000000
probe_part_uncorrected_013,555.301000,-0.475000,-0.000000,0.624999,0.000000,0.000000,-0.000000,1.000000
probe_part_uncorrected_013,555.314000,-0.475000,-0.000000,0.624999,0.000000,0.000000,-0.000000,1.000000
probe_part_uncorrected_013,555.326000,-0.475000,-0.000000,0.624999,0.000000,0.000000,-0.000000,1.000000
probe_part_uncorrected_013,555.341000,-0.475000,-0.000000,0.624999,0.000000,0.000000,-0.000000,1.000000
probe_part_uncorrected_013,555.355000,-0.475000,-0.000000,0.624999,0.000000,0.000000,-0.000000,1.000000
probe_part_uncorrected_013,555.370000,-0.475000,-0.000000,0.624999,0.000000,0.000000,-0.000000,1.000000
probe_part_uncorrected_013,555.384000,-0.475000,-0.000000,0.624999,0.000000,0.000000,-0.000000,1.000000
probe_part_uncorrected_013,555.399000,-0.475000,-0.000000,0.624999,0.000000,0.000000,-0.000000,1.000000
probe_part_uncorrected_013,555.415000,-0.475000,-0.000000,0.624999,0.000000,0.000000,-0.000000,1.000000
probe_part_uncorrected_013,555.431000,-0.475000,-0.000000,0.624999,0.000000,0.000000,-0.000000,1.000000
probe_part_uncorrected_013,555.446000,-0.475000,-0.000000,0.624999,0.000000,0.000000,-0.000000,1.000000
probe_part_uncorrected_013,555.462000,-0.475000,-0.000000,0.624999,0.000000,0.000000,-0.000000,1.000000
probe_part_uncorrected_013,555.476000,-0.475000,-0.000000,0.624999,0.000000,0.000000,-0.000000,1.000000
probe_part_uncorrected_013,555.490000,-0.475000,-0.000000,0.624999,0.000000,0.000000,-0.000000,1.000000
probe_part_uncorrected_013,555.503000,-0.475000,-0.000000,0.624999,0.000000,0.000000,-0.000000,1.000000
probe_part_uncorrected_013,555.516000,-0.475000,-0.000000,0.624999,0.000000,0.000000,-0.000000,1.000000
probe_part_uncorrected_013,555.530000,-0.475000,-0.000000,0.624999,0.000000,0.000000,-0.000000,1.000000
probe_part_uncorrected_013,555.545000,-0.475000,-0.000000,0.624999,0.000000,0.000000,-0.000000,1.000000
probe_part_uncorrected_013,555.559000,-0.475000,-0.000000,0.624999,0.000000,0.000000,-0.000000,1.000000
probe_part_uncorrected_013,555.574000,-0.475000,-0.000000,0.624999,0.000000,0.000000,-0.000000,1.000000
probe_part_uncorrected_013,555.589000,-0.475000,-0.000000,0.624999,0.000000,0.000000,-0.000000,1.000000
probe_part_uncorrected_013,555.603000,-0.475000,-0.000000,0.624999,0.000000,0.000000,-0.000000,1.000000
probe_part_uncorrected_013,555.619000,-0.475000,-0.000000,0.624999,0.000000,0.000000,-0.000000,1.000000
probe_part_uncorrected_013,555.635000,-0.475000,-0.000000,0.624999,0.000000,0.000000,-0.000000,1.000000
probe_part_uncorrected_013,555.649000,-0.475000,-0.000000,0.624999,0.000000,0.000000,-0.000000,1.000000
probe_part_uncorrected_013,555.658000,-0.475000,-0.000000,0.624999,0.000000,0.000000,-0.000000,1.000000
probe_part_uncorrected_013,555.673000,-0.475000,-0.000000,0.624999,0.000000,0.000000,-0.000000,1.000000
probe_part_uncorrected_013,555.688000,-0.475000,-0.000000,0.624999,0.000000,0.000000,-0.000000,1.000000
probe_part_uncorrected_013,555.703000,-0.475000,-0.000000,0.624999,0.000000,0.000000,-0.000000,1.000000
probe_part_uncorrected_013,555.717000,-0.475000,-0.000000,0.624999,0.000000,0.000000,-0.000000,1.000000
probe_part_uncorrected_013,555.732000,-0.475000,-0.000000,0.624999,0.000000,0.000000,-0.000000,1.000000
probe_part_uncorrected_013,555.745000,-0.475000,-0.000000,0.624999,0.000000,0.000000,-0.000000,1.000000
probe_part_uncorrected_013,555.758000,-0.475000,-0.000000,0.624999,0.000000,0.000000,-0.000000,1.000000
probe_part_uncorrected_013,555.773000,-0.475000,-0.000000,0.624999,0.000000,0.000000,-0.000000,1.000000
probe_part_uncorrected_013,555.788000,-0.475000,-0.000000,0.624999,0.000000,0.000000,-0.000000,1.000000
probe_part_uncorrected_013,555.804000,-0.475000,-0.000000,0.624999,0.000000,0.000000,-0.000000,1.000000
probe_part_uncorrected_013,555.818000,-0.475000,-0.000000,0.624999,0.000000,0.000000,-0.000000,1.000000
probe_part_uncorrected_013,555.833000,-0.475000,-0.000000,0.624999,0.000000,0.000000,-0.000000,1.000000
probe_part_uncorrected_013,555.847000,-0.475000,-0.000000,0.624999,0.000000,0.000000,-0.000000,1.000000
probe_part_uncorrected_013,555.862000,-0.475000,-0.000000,0.624999,0.000000,0.000000,-0.000000,1.000000
probe_part_uncorrected_013,555.876000,-0.475000,-0.000000,0.624999,0.000000,0.000000,-0.000000,1.000000
probe_part_uncorrected_013,555.890000,-0.475000,-0.000000,0.624999,0.000000,0.000000,-0.000000,1.000000
probe_part_uncorrected_013,555.903000,-0.475000,-0.000000,0.624999,0.000000,0.000000,-0.000000,1.000000
probe_part_uncorrected_013,555.917000,-0.475000,-0.000000,0.624999,0.000000,0.000000,-0.000000,1.000000
probe_part_uncorrected_013,555.931000,-0.475000,-0.000000,0.624999,0.000000,0.000000,-0.000000,1.000000
probe_part_uncorrected_013,555.946000,-0.475000,-0.000000,0.624999,0.000000,0.000000,-0.000000,1.000000
probe_part_uncorrected_013,555.959000,-0.475000,-0.000000,0.624999,0.000000,0.000000,-0.000000,1.000000
probe_part_uncorrected_013,555.973000,-0.475000,-0.000000,0.624999,0.000000,0.000000,-0.000000,1.000000
probe_part_uncorrected_013,555.986000,-0.475000,-0.000000,0.624999,0.000000,0.000000,-0.000000,1.000000
probe_part_uncorrected_013,555.998000,-0.475000,-0.000000,0.624999,0.000000,0.000000,-0.000000,1.000000
probe_part_uncorrected_013,556.012000,-0.475000,-0.000000,0.624999,0.000000,0.000000,-0.000000,1.000000
probe_part_uncorrected_013,556.026000,-0.475000,-0.000000,0.624999,0.000000,0.000000,-0.000000,1.000000
probe_part_uncorrected_013,556.041000,-0.475000,-0.000000,0.624999,0.000000,0.000000,-0.000000,1.000000
probe_part_uncorrected_013,556.056000,-0.475000,-0.000000,0.624999,0.000000,0.000000,-0.000000,1.000000
probe_part_uncorrected_013,556.069000,-0.475000,-0.000000,0.624999,0.000000,0.000000,-0.000000,1.000000
probe_part_uncorrected_013,556.083000,-0.475000,-0.000000,0.624999,0.000000,0.000000,-0.000000,1.000000
probe_part_uncorrected_013,556.098000,-0.475000,-0.000000,0.624999,0.000000,0.000000,-0.000000,1.000000
probe_part_uncorrected_013,556.113000,-0.475000,-0.000000,0.624999,0.000000,0.000000,-0.000000,1.000000
probe_part_uncorrected_013,556.127000,-0.475000,-0.000000,0.624999,0.000000,0.000000,-0.000000,1.000000
probe_part_uncorrected_013,556.142000,-0.475000,-0.000000,0.624999,0.000000,0.000000,-0.000000,1.000000
probe_part_uncorrected_013,556.158000,-0.475000,-0.000000,0.624999,0.000000,0.000000,-0.000000,1.000000
probe_part_uncorrected_013,556.174000,-0.475000,-0.000000,0.624999,0.000000,0.000000,-0.000000,1.000000
probe_part_uncorrected_013,556.190000,-0.475000,-0.000000,0.624999,0.000000,0.000000,-0.000000,1.000000
probe_part_uncorrected_013,556.202000,-0.475000,-0.000000,0.624999,0.000000,0.000000,-0.000000,1.000000
probe_part_uncorrected_013,556.213000,-0.475000,-0.000000,0.624999,0.000000,0.000000,-0.000000,1.000000
probe_part_uncorrected_013,556.228000,-0.475000,-0.000000,0.624999,0.000000,0.000000,-0.000000,1.000000
probe_part_uncorrected_013,556.243000,-0.475000,-0.000000,0.624999,0.000000,0.000000,-0.000000,1.000000
probe_part_uncorrected_013,556.257000,-0.475000,-0.000000,0.624999,0.000000,0.000000,-0.000000,1.000000
probe_part_uncorrected_013,556.272000,-0.475000,-0.000000,0.624999,0.000000,0.000000,-0.000000,1.000000
probe_part_uncorrected_013,556.287000,-0.475000,-0.000000,0.624999,0.000000,0.000000,-0.000000,1.000000
probe_part_uncorrected_013,556.301000,-0.475000,-0.000000,0.624999,0.000000,0.000000,-0.000000,1.000000
probe_part_uncorrected_013,556.317000,-0.475000,-0.000000,0.624999,0.000000,0.000000,-0.000000,1.000000
probe_part_uncorrected_013,556.331000,-0.475000,-0.000000,0.624999,0.000000,0.000000,-0.000000,1.000000
probe_part_uncorrected_013,556.345000,-0.475000,-0.000000,0.624999,0.000000,0.000000,-0.000000,1.000000
probe_part_uncorrected_013,556.358000,-0.475000,-0.000000,0.624999,0.000000,0.000000,-0.000000,1.000000
probe_part_uncorrected_013,556.372000,-0.475000,-0.000000,0.624999,0.000000,0.000000,-0.000000,1.000000
probe_part_uncorrected_013,556.388000,-0.475000,-0.000000,0.624999,0.000000,0.000000,-0.000000,1.000000
probe_part_uncorrected_013,556.404000,-0.475000,-0.000000,0.624999,0.000000,0.000000,-0.000000,1.000000
probe_part_uncorrected_013,556.420000,-0.475000,-0.000000,0.624999,0.000000,0.000000,-0.000000,1.000000
probe_part_uncorrected_013,556.436000,-0.475000,-0.000000,0.624999,0.000000,0.000000,-0.000000,1.000000
probe_part_uncorrected_013,556.451000,-0.475000,-0.000000,0.624999,0.000000,0.000000,-0.000000,1.000000
probe_part_uncorrected_013,556.466000,-0.475000,-0.000000,0.624999,0.000000,0.000000,-0.000000,1.000000
probe_part_uncorrected_013,556.480000,-0.475000,-0.000000,0.624999,0.000000,0.000000,-0.000000,1.000000
probe_part_uncorrected_013,556.494000,-0.475000,-0.000000,0.624999,0.000000,0.000000,-0.000000,1.000000
probe_part_uncorrected_013,556.509000,-0.475000,-0.000000,0.624999,0.000000,0.000000,-0.000000,1.000000
probe_part_uncorrected_013,556.525000,-0.475000,-0.000000,0.624999,0.000000,0.000000,-0.000000,1.000000
probe_part_uncorrected_013,556.540000,-0.475000,-0.000000,0.624999,0.000000,0.000000,-0.000000,1.000000
probe_part_uncorrected_013,556.554000,-0.475000,-0.000000,0.624999,0.000000,0.000000,-0.000000,1.000000
probe_part_uncorrected_013,556.569000,-0.475000,-0.000000,0.624999,0.000000,0.000000,-0.000000,1.000000
probe_part_uncorrected_013,556.584000,-0.475000,-0.000000,0.624999,0.000000,0.000000,-0.000000,1.000000
probe_part_uncorrected_013,556.599000,-0.475000,-0.000000,0.624999,0.000000,0.000000,-0.000000,1.000000
probe_part_uncorrected_013,556.614000,-0.475000,-0.000000,0.624999,0.000000,0.000000,-0.000000,1.000000
probe_part_uncorrected_013,556.629000,-0.475000,-0.000000,0.624999,0.000000,0.000000,-0.000000,1.000000
probe_part_uncorrected_013,556.643000,-0.475000,-0.000000,0.624999,0.000000,0.000000,-0.000000,1.000000
probe_part_uncorrected_013,556.660000,-0.475000,-0.000000,0.624999,0.000000,0.000000,-0.000000,1.000000
probe_part_uncorrected_013,556.676000,-0.475000,-0.000000,0.624999,0.000000,0.000000,-0.000000,1.000000
probe_part_uncorrected_013,556.691000,-0.475000,-0.000000,0.624999,0.000000,0.000000,-0.000000,1.000000
probe_part_uncorrected_013,556.707000,-0.475000,-0.000000,0.624999,0.000000,0.000000,-0.000000,1.000000
probe_part_uncorrected_013,556.723000,-0.475000,-0.000000,0.624999,0.000000,0.000000,-0.000000,1.000000
probe_part_uncorrected_013,556.738000,-0.475000,-0.000000,0.624999,0.000000,0.000000,-0.000000,1.000000
probe_part_uncorrected_013,556.753000,-0.475000,-0.000000,0.624999,0.000000,0.000000,-0.000000,1.000000
probe_part_uncorrected_013,556.769000,-0.475000,-0.000000,0.624999,0.000000,0.000000,-0.000000,1.000000
probe_part_uncorrected_013,556.785000,-0.475000,-0.000000,0.624999,0.000000,0.000000,-0.000000,1.000000
probe_part_uncorrected_013,556.800000,-0.475000,-0.000000,0.624999,0.000000,0.000000,-0.000000,1.000000
probe_part_uncorrected_013,556.815000,-0.475000,-0.000000,0.624999,0.000000,0.000000,-0.000000,1.000000
probe_part_uncorrected_013,556.829000,-0.475000,-0.000000,0.624999,0.000000,0.000000,-0.000000,1.000000
probe_part_uncorrected_013,556.844000,-0.475000,-0.000000,0.624999,0.000000,0.000000,-0.000000,1.000000
probe_part_uncorrected_013,556.859000,-0.475000,-0.000000,0.624999,0.000000,0.000000,-0.000000,1.000000
probe_part_uncorrected_013,556.875000,-0.475000,-0.000000,0.624999,0.000000,0.000000,-0.000000,1.000000
probe_part_uncorrected_013,556.890000,-0.475000,-0.000000,0.624999,0.000000,0.000000,-0.000000,1.000000
probe_part_uncorrected_013,556.906000,-0.475000,-0.000000,0.624999,0.000000,0.000000,-0.000000,1.000000
probe_part_uncorrected_013,556.922000,-0.475000,-0.000000,0.624999,0.000000,0.000000,-0.000000,1.000000
probe_part_uncorrected_013,556.937000,-0.475000,-0.000000,0.624999,0.000000,0.000000,-0.000000,1.000000
probe_part_uncorrected_013,556.952000,-0.475000,-0.000000,0.624999,0.000000,0.000000,-0.000000,1.000000
probe_part_uncorrected_013,556.968000,-0.475000,-0.000000,0.624999,0.000000,0.000000,-0.000000,1.000000
probe_part_uncorrected_013,556.983000,-0.475000,-0.000000,0.624999,0.000000,0.000000,-0.000000,1.000000
probe_part_uncorrected_013,556.998000,-0.475000,-0.000000,0.624999,0.000000,0.000000,-0.000000,1.000000
probe_part_uncorrected_013,557.013000,-0.475000,-0.000000,0.624999,0.000000,0.000000,-0.000000,1.000000
probe_part_uncorrected_013,557.029000,-0.475000,-0.000000,0.624999,0.000000,0.000000,-0.000000,1.000000
probe_part_uncorrected_013,557.044000,-0.475000,-0.000000,0.624999,0.000000,0.000000,-0.000000,1.000000
probe_part_uncorrected_013,557.058000,-0.475000,-0.000000,0.624999,0.000000,0.000000,-0.000000,1.000000
probe_part_uncorrected_013,557.074000,-0.475000,-0.000000,0.624999,0.000000,0.000000,-0.000000,1.000000
probe_part_uncorrected_013,557.090000,-0.475000,-0.000000,0.624999,0.000000,0.000000,-0.000000,1.000000
probe_part_uncorrected_013,557.106000,-0.475000,-0.000000,0.624999,0.000000,0.000000,-0.000000,1.000000
probe_part_uncorrected_013,557.122000,-0.475000,-0.000000,0.624999,0.000000,0.000000,-0.000000,1.000000
probe_part_uncorrected_013,557.137000,-0.475000,-0.000000,0.624999,0.000000,0.000000,-0.000000,1.000000
probe_part_uncorrected_013,557.151000,-0.475000,-0.000000,0.624999,0.000000,0.000000,-0.000000,1.000000
probe_part_uncorrected_013,557.166000,-0.475000,-0.000000,0.624999,0.000000,0.000000,-0.000000,1.000000
probe_part_uncorrected_013,557.182000,-0.475000,-0.000000,0.624999,0.000000,0.000000,-0.000000,1.000000
probe_part_uncorrected_013,557.198000,-0.475000,-0.000000,0.624999,0.000000,0.000000,-0.000000,1.000000
probe_part_uncorrected_013,557.214000,-0.475000,-0.000000,0.624999,0.000000,0.000000,-0.000000,1.000000
probe_part_uncorrected_013,557.229000,-0.475000,-0.000000,0.624999,0.000000,0.000000,-0.000000,1.000000
probe_part_uncorrected_013,557.245000,-0.475000,-0.000000,0.624999,0.000000,0.000000,-0.000000,1.000000
probe_part_uncorrected_013,557.261000,-0.475000,-0.000000,0.624999,0.000000,0.000000,-0.000000,1.000000
probe_part_uncorrected_013,557.276000,-0.475000,-0.000000,0.624999,0.000000,0.000000,-0.000000,1.000000
probe_part_uncorrected_013,557.292000,-0.475000,-0.000000,0.624999,0.000000,0.000000,-0.000000,1.000000
probe_part_uncorrected_013,557.308000,-0.475000,-0.000000,0.624999,0.000000,0.000000,-0.000000,1.000000
probe_part_uncorrected_013,557.323000,-0.475000,-0.000000,0.624999,0.000000,0.000000,-0.000000,1.000000
probe_part_uncorrected_013,557.339000,-0.475000,-0.000000,0.624999,0.000000,0.000000,-0.000000,1.000000
probe_part_uncorrected_013,557.353000,-0.475000,-0.000000,0.624999,0.000000,0.000000,-0.000000,1.000000
probe_part_uncorrected_013,557.368000,-0.475000,-0.000000,0.624999,0.000000,0.000000,-0.000000,1.000000
probe_part_uncorrected_013,557.382000,-0.475000,-0.000000,0.624999,0.000000,0.000000,-0.000000,1.000000
probe_part_uncorrected_013,557.397000,-0.475000,-0.000000,0.624999,0.000000,0.000000,-0.000000,1.000000
probe_part_uncorrected_013,557.413000,-0.475000,-0.000000,0.624999,0.000000,0.000000,-0.000000,1.000000
probe_part_uncorrected_013,557.428000,-0.475000,-0.000000,0.624999,0.000000,0.000000,-0.000000,1.000000
probe_part_uncorrected_013,557.442000,-0.475000,-0.000000,0.624999,0.000000,0.000000,-0.000000,1.000000
probe_part_uncorrected_013,557.456000,-0.475000,-0.000000,0.624999,0.000000,0.000000,-0.000000,1.000000
probe_part_uncorrected_013,557.469000,-0.475000,-0.000000,0.624999,0.000000,0.000000,-0.000000,1.000000
probe_part_uncorrected_013,557.482000,-0.475000,-0.000000,0.624999,0.000000,0.000000,-0.000000,1.000000
probe_part_uncorrected_013,557.496000,-0.475000,-0.000000,0.624999,0.000000,0.000000,-0.000000,1.000000
probe_part_uncorrected_013,557.511000,-0.475000,-0.000000,0.624999,0.000000,0.000000,-0.000000,1.000000
probe_part_uncorrected_013,557.526000,-0.475000,-0.000000,0.624999,0.000000,0.000000,-0.000000,1.000000
probe_part_uncorrected_013,557.542000,-0.475000,-0.000000,0.624999,0.000000,0.000000,-0.000000,1.000000
probe_part_uncorrected_013,557.558000,-0.475000,-0.000000,0.624999,0.000000,0.000000,-0.000000,1.000000
probe_part_uncorrected_013,557.573000,-0.475000,-0.000000,0.624999,0.000000,0.000000,-0.000000,1.000000
probe_part_uncorrected_013,557.590000,-0.475000,-0.000000,0.624999,0.000000,0.000000,-0.000000,1.000000
probe_part_uncorrected_013,557.606000,-0.475000,-0.000000,0.624999,0.000000,0.000000,-0.000000,1.000000
probe_part_uncorrected_013,557.622000,-0.475000,-0.000000,0.624999,0.000000,0.000000,-0.000000,1.000000
probe_part_uncorrected_013,557.637000,-0.475000,-0.000000,0.624999,0.000000,0.000000,-0.000000,1.000000
probe_part_uncorrected_013,557.652000,-0.475000,-0.000000,0.624999,0.000000,0.000000,-0.000000,1.000000
probe_part_uncorrected_013,557.668000,-0.475000,-0.000000,0.624999,0.000000,0.000000,-0.000000,1.000000
probe_part_uncorrected_013,557.684000,-0.475000,-0.000000,0.624999,0.000000,0.000000,-0.000000,1.000000
probe_part_uncorrected_013,557.700000,-0.475000,-0.000000,0.624999,0.000000,0.000000,-0.000000,1.000000
probe_part_uncorrected_013,557.716000,-0.475000,-0.000000,0.624999,0.000000,0.000000,-0.000000,1.000000
probe_part_uncorrected_013,557.731000,-0.475000,-0.000000,0.624999,0.000000,0.000000,-0.000000,1.000000
probe_part_uncorrected_013,557.746000,-0.475000,-0.000000,0.624999,0.000000,0.000000,-0.000000,1.000000
probe_part_uncorrected_013,557.761000,-0.475000,-0.000000,0.624999,0.000000,0.000000,-0.000000,1.000000
probe_part_uncorrected_013,557.776000,-0.475000,-0.000000,0.624999,0.000000,0.000000,-0.000000,1.000000
probe_part_uncorrected_013,557.791000,-0.475000,-0.000000,0.624999,0.000000,0.000000,-0.000000,1.000000
probe_part_uncorrected_013,557.806000,-0.475000,-0.000000,0.624999,0.000000,0.000000,-0.000000,1.000000
probe_part_uncorrected_013,557.821000,-0.475000,-0.000000,0.624999,0.000000,0.000000,-0.000000,1.000000
probe_part_uncorrected_013,557.837000,-0.475000,-0.000000,0.624999,0.000000,0.000000,-0.000000,1.000000
probe_part_uncorrected_013,557.853000,-0.475000,-0.000000,0.624999,0.000000,0.000000,-0.000000,1.000000
probe_part_uncorrected_013,557.869000,-0.475000,-0.000000,0.624999,0.000000,0.000000,-0.000000,1.000000
probe_part_uncorrected_013,557.884000,-0.475000,-0.000000,0.624999,0.000000,0.000000,-0.000000,1.000000
probe_part_uncorrected_013,557.900000,-0.475000,-0.000000,0.624999,0.000000,0.000000,-0.000000,1.000000
probe_part_uncorrected_013,557.916000,-0.475000,-0.000000,0.624999,0.000000,0.000000,-0.000000,1.000000
probe_part_uncorrected_013,557.931000,-0.475000,-0.000000,0.624999,0.000000,0.000000,-0.000000,1.000000
probe_part_uncorrected_013,557.946000,-0.475000,-0.000000,0.624999,0.000000,0.000000,-0.000000,1.000000
probe_part_uncorrected_013,557.961000,-0.475000,-0.000000,0.624999,0.000000,0.000000,-0.000000,1.000000
probe_part_uncorrected_013,557.977000,-0.475000,-0.000000,0.624999,0.000000,0.000000,-0.000000,1.000000
probe_part_uncorrected_013,557.993000,-0.475000,-0.000000,0.624999,0.000000,0.000000,-0.000000,1.000000
probe_part_uncorrected_013,558.009000,-0.475000,-0.000000,0.624999,0.000000,0.000000,-0.000000,1.000000
probe_part_uncorrected_013,558.023000,-0.475000,-0.000000,0.624999,0.000000,0.000000,-0.000000,1.000000
probe_part_uncorrected_013,558.038000,-0.475000,-0.000000,0.624999,0.000000,0.000000,-0.000000,1.000000
probe_part_uncorrected_013,558.054000,-0.475000,-0.000000,0.624999,0.000000,0.000000,-0.000000,1.000000
probe_part_uncorrected_013,558.070000,-0.475000,-0.000000,0.624999,0.000000,0.000000,-0.000000,1.000000
probe_part_uncorrected_013,558.086000,-0.475000,-0.000000,0.624999,0.000000,0.000000,-0.000000,1.000000
probe_part_uncorrected_013,558.101000,-0.475000,-0.000000,0.624999,0.000000,0.000000,-0.000000,1.000000
probe_part_uncorrected_013,558.117000,-0.475000,-0.000000,0.624999,0.000000,0.000000,-0.000000,1.000000
probe_part_uncorrected_013,558.133000,-0.475000,-0.000000,0.624999,0.000000,0.000000,-0.000000,1.000000
probe_part_uncorrected_013,558.149000,-0.475000,-0.000000,0.624999,0.000000,0.000000,-0.000000,1.000000
probe_part_uncorrected_013,558.164000,-0.475000,-0.000000,0.624999,0.000000,0.000000,-0.000000,1.000000
probe_part_uncorrected_013,558.179000,-0.475000,-0.000000,0.624999,0.000000,0.000000,-0.000000,1.000000
probe_part_uncorrected_013,558.193000,-0.475000,-0.000000,0.624999,0.000000,0.000000,-0.000000,1.000000
probe_part_uncorrected_013,558.207000,-0.475000,-0.000000,0.624999,0.000000,0.000000,-0.000000,1.000000
probe_part_uncorrected_013,558.221000,-0.475000,-0.000000,0.624999,0.000000,0.000000,-0.000000,1.000000
probe_part_uncorrected_013,558.235000,-0.475000,-0.000000,0.624999,0.000000,0.000000,-0.000000,1.000000
probe_part_uncorrected_013,558.249000,-0.475000,-0.000000,0.624999,0.000000,0.000000,-0.000000,1.000000
probe_part_uncorrected_013,558.265000,-0.475000,-0.000000,0.624999,0.000000,0.000000,-0.000000,1.000000
probe_part_uncorrected_013,558.280000,-0.475000,-0.000000,0.624999,0.000000,0.000000,-0.000000,1.000000
probe_part_uncorrected_013,558.295000,-0.475000,-0.000000,0.624999,0.000000,0.000000,-0.000000,1.000000
probe_part_uncorrected_013,558.311000,-0.475000,-0.000000,0.624999,0.000000,0.000000,-0.000000,1.000000
probe_part_uncorrected_013,558.326000,-0.475000,-0.000000,0.624999,0.000000,0.000000,-0.000000,1.000000
probe_part_uncorrected_013,558.341000,-0.475000,-0.000000,0.624999,0.000000,0.000000,-0.000000,1.000000
probe_part_uncorrected_013,558.356000,-0.475000,-0.000000,0.624999,0.000000,0.000000,-0.000000,1.000000
probe_part_uncorrected_013,558.371000,-0.475000,-0.000000,0.624999,0.000000,0.000000,-0.000000,1.000000
probe_part_uncorrected_013,558.386000,-0.475000,-0.000000,0.624999,0.000000,0.000000,-0.000000,1.000000
probe_part_uncorrected_013,558.400000,-0.475000,-0.000000,0.624999,0.000000,0.000000,-0.000000,1.000000
probe_part_uncorrected_013,558.413000,-0.475000,-0.000000,0.624999,0.000000,0.000000,-0.000000,1.000000
probe_part_uncorrected_013,558.427000,-0.475000,-0.000000,0.624999,0.000000,0.000000,-0.000000,1.000000
probe_part_uncorrected_013,558.442000,-0.475000,-0.000000,0.624999,0.000000,0.000000,-0.000000,1.000000
probe_part_uncorrected_013,558.456000,-0.475000,-0.000000,0.624999,0.000000,0.000000,-0.000000,1.000000
probe_part_uncorrected_013,558.471000,-0.475000,-0.000000,0.624999,0.000000,0.000000,-0.000000,1.000000
probe_part_uncorrected_013,558.487000,-0.475000,-0.000000,0.624999,0.000000,0.000000,-0.000000,1.000000
probe_part_uncorrected_013,558.503000,-0.475000,-0.000000,0.624999,0.000000,0.000000,-0.000000,1.000000
probe_part_uncorrected_013,558.519000,-0.475000,-0.000000,0.624999,0.000000,0.000000,-0.000000,1.000000
probe_part_uncorrected_013,558.534000,-0.475000,-0.000000,0.624999,0.000000,0.000000,-0.000000,1.000000
probe_part_uncorrected_013,558.550000,-0.475000,-0.000000,0.624999,0.000000,0.000000,-0.000000,1.000000
probe_part_uncorrected_013,558.566000,-0.475000,-0.000000,0.624999,0.000000,0.000000,-0.000000,1.000000
probe_part_uncorrected_013,558.581000,-0.475000,-0.000000,0.624999,0.000000,0.000000,-0.000000,1.000000
probe_part_uncorrected_013,558.594000,-0.475000,-0.000000,0.624999,0.000000,0.000000,-0.000000,1.000000
probe_part_uncorrected_013,558.603000,-0.475000,-0.000000,0.624999,0.000000,0.000000,-0.000000,1.000000
probe_part_uncorrected_013,558.616000,-0.475000,-0.000000,0.624999,0.000000,0.000000,-0.000000,1.000000
probe_part_uncorrected_013,558.629000,-0.475000,-0.000000,0.624999,0.000000,0.000000,-0.000000,1.000000
probe_part_uncorrected_013,558.644000,-0.475000,-0.000000,0.624999,0.000000,0.000000,-0.000000,1.000000
probe_part_uncorrected_013,558.659000,-0.475000,-0.000000,0.624999,0.000000,0.000000,-0.000000,1.000000
probe_part_uncorrected_013,558.675000,-0.475000,-0.000000,0.624999,0.000000,0.000000,-0.000000,1.000000
probe_part_uncorrected_013,558.691000,-0.475000,-0.000000,0.624999,0.000000,0.000000,-0.000000,1.000000
probe_part_uncorrected_013,558.707000,-0.475000,-0.000000,0.624999,0.000000,0.000000,-0.000000,1.000000
probe_part_uncorrected_013,558.722000,-0.475000,-0.000000,0.624999,0.000000,0.000000,-0.000000,1.000000
probe_part_uncorrected_013,558.738000,-0.475000,-0.000000,0.624999,0.000000,0.000000,-0.000000,1.000000
probe_part_uncorrected_013,558.751000,-0.475000,-0.000000,0.624999,0.000000,0.000000,-0.000000,1.000000
probe_part_uncorrected_013,558.766000,-0.475000,-0.000000,0.624999,0.000000,0.000000,-0.000000,1.000000
probe_part_uncorrected_013,558.779000,-0.475000,-0.000000,0.624999,0.000000,0.000000,-0.000000,1.000000
probe_part_uncorrected_013,558.794000,-0.475000,-0.000000,0.624999,0.000000,0.000000,-0.000000,1.000000
probe_part_uncorrected_013,558.809000,-0.475000,-0.000000,0.624999,0.000000,0.000000,-0.000000,1.000000
probe_part_uncorrected_013,558.825000,-0.475000,-0.000000,0.624999,0.000000,0.000000,-0.000000,1.000000
probe_part_uncorrected_013,558.841000,-0.475000,-0.000000,0.624999,0.000000,0.000000,-0.000000,1.000000
probe_part_uncorrected_013,558.857000,-0.475000,-0.000000,0.624999,0.000000,0.000000,-0.000000,1.000000
probe_part_uncorrected_013,558.873000,-0.475000,-0.000000,0.624999,0.000000,0.000000,-0.000000,1.000000
probe_part_uncorrected_013,558.887000,-0.475000,-0.000000,0.624999,0.000000,0.000000,-0.000000,1.000000
probe_part_uncorrected_013,558.902000,-0.475000,-0.000000,0.624999,0.000000,0.000000,-0.000000,1.000000
probe_part_uncorrected_013,558.918000,-0.475000,-0.000000,0.624999,0.000000,0.000000,-0.000000,1.000000
probe_part_uncorrected_013,558.935000,-0.475000,-0.000000,0.624999,0.000000,0.000000,-0.000000,1.000000
probe_part_uncorrected_013,558.951000,-0.475000,-0.000000,0.624999,0.000000,0.000000,-0.000000,1.000000
probe_part_uncorrected_013,558.967000,-0.475000,-0.000000,0.624999,0.000000,0.000000,-0.000000,1.000000
probe_part_uncorrected_013,558.983000,-0.475000,-0.000000,0.624999,0.000000,0.000000,-0.000000,1.000000
probe_part_uncorrected_013,558.998000,-0.475000,-0.000000,0.624999,0.000000,0.000000,-0.000000,1.000000
probe_part_uncorrected_013,559.013000,-0.475000,-0.000000,0.624999,0.000000,0.000000,-0.000000,1.000000
probe_part_uncorrected_013,559.028000,-0.475000,-0.000000,0.624999,0.000000,0.000000,-0.000000,1.000000
probe_part_uncorrected_013,559.044000,-0.475000,-0.000000,0.624999,0.000000,0.000000,-0.000000,1.000000
probe_part_uncorrected_013,559.060000,-0.475000,-0.000000,0.624999,0.000000,0.000000,-0.000000,1.000000
probe_part_uncorrected_013,559.076000,-0.475000,-0.000000,0.624999,0.000000,0.000000,-0.000000,1.000000
probe_part_uncorrected_013,559.092000,-0.475000,-0.000000,0.624999,0.000000,0.000000,-0.000000,1.000000
probe_part_uncorrected_013,559.108000,-0.475000,-0.000000,0.624999,0.000000,0.000000,-0.000000,1.000000
probe_part_uncorrected_013,559.123000,-0.475000,-0.000000,0.624999,0.000000,0.000000,-0.000000,1.000000
probe_part_uncorrected_013,559.134000,-0.475000,-0.000000,0.624999,0.000000,0.000000,-0.000000,1.000000
probe_part_uncorrected_013,559.144000,-0.475000,-0.000000,0.624999,0.000000,0.000000,-0.000000,1.000000
probe_part_uncorrected_013,559.155000,-0.475000,-0.000000,0.624999,0.000000,0.000000,-0.000000,1.000000
probe_part_uncorrected_013,559.167000,-0.475000,-0.000000,0.624999,0.000000,0.000000,-0.000000,1.000000
probe_part_uncorrected_013,559.173000,-0.475000,-0.000000,0.624999,0.000000,0.000000,-0.000000,1.000000
probe_part_uncorrected_013,559.184000,-0.475000,-0.000000,0.624999,0.000000,0.000000,-0.000000,1.000000
probe_part_uncorrected_013,559.198000,-0.475000,-0.000000,0.624999,0.000000,0.000000,-0.000000,1.000000
probe_part_uncorrected_013,559.213000,-0.475000,-0.000000,0.624999,0.000000,0.000000,-0.000000,1.000000
probe_part_uncorrected_013,559.229000,-0.475000,-0.000000,0.624999,0.000000,0.000000,-0.000000,1.000000
probe_part_uncorrected_013,559.245000,-0.475000,-0.000000,0.624999,0.000000,0.000000,-0.000000,1.000000
probe_part_uncorrected_013,559.260000,-0.475000,-0.000000,0.624999,0.000000,0.000000,-0.000000,1.000000
probe_part_uncorrected_013,559.276000,-0.475000,-0.000000,0.624999,0.000000,0.000000,-0.000000,1.000000
probe_part_uncorrected_013,559.291000,-0.475000,-0.000000,0.624999,0.000000,0.000000,-0.000000,1.000000
probe_part_uncorrected_013,559.307000,-0.475000,-0.000000,0.624999,0.000000,0.000000,-0.000000,1.000000
probe_part_uncorrected_013,559.322000,-0.475000,-0.000000,0.624999,0.000000,0.000000,-0.000000,1.000000
probe_part_uncorrected_013,559.337000,-0.475000,-0.000000,0.624999,0.000000,0.000000,-0.000000,1.000000
probe_part_uncorrected_013,559.352000,-0.475000,-0.000000,0.624999,0.000000,0.000000,-0.000000,1.000000
probe_part_uncorrected_013,559.366000,-0.475000,-0.000000,0.624999,0.000000,0.000000,-0.000000,1.000000
probe_part_uncorrected_013,559.381000,-0.475000,-0.000000,0.624999,0.000000,0.000000,-0.000000,1.000000
probe_part_uncorrected_013,559.396000,-0.475000,-0.000000,0.624999,0.000000,0.000000,-0.000000,1.000000
probe_part_uncorrected_013,559.411000,-0.475000,-0.000000,0.624999,0.000000,0.000000,-0.000000,1.000000
probe_part_uncorrected_013,559.427000,-0.475000,-0.000000,0.624999,0.000000,0.000000,-0.000000,1.000000
probe_part_uncorrected_013,559.443000,-0.475000,-0.000000,0.624999,0.000000,0.000000,-0.000000,1.000000
probe_part_uncorrected_013,559.458000,-0.475000,-0.000000,0.624999,0.000000,0.000000,-0.000000,1.000000
probe_part_uncorrected_013,559.474000,-0.475000,-0.000000,0.624999,0.000000,0.000000,-0.000000,1.000000
probe_part_uncorrected_013,559.490000,-0.475000,-0.000000,0.624999,0.000000,0.000000,-0.000000,1.000000
probe_part_uncorrected_013,559.505000,-0.475000,-0.000000,0.624999,0.000000,0.000000,-0.000000,1.000000
probe_part_uncorrected_013,559.521000,-0.475000,-0.000000,0.624999,0.000000,0.000000,-0.000000,1.000000
probe_part_uncorrected_013,559.537000,-0.475000,-0.000000,0.624999,0.000000,0.000000,-0.000000,1.000000
probe_part_uncorrected_013,559.553000,-0.475000,-0.000000,0.624999,0.000000,0.000000,-0.000000,1.000000
probe_part_uncorrected_013,559.569000,-0.475000,-0.000000,0.624999,0.000000,0.000000,-0.000000,1.000000
probe_part_uncorrected_013,559.584000,-0.475000,-0.000000,0.624999,0.000000,0.000000,-0.000000,1.000000
probe_part_uncorrected_013,559.600000,-0.475000,-0.000000,0.624999,0.000000,0.000000,-0.000000,1.000000
probe_part_uncorrected_013,559.616000,-0.475000,-0.000000,0.624999,0.000000,0.000000,-0.000000,1.000000
probe_part_uncorrected_013,559.632000,-0.475000,-0.000000,0.624999,0.000000,0.000000,-0.000000,1.000000
probe_part_uncorrected_013,559.649000,-0.475000,-0.000000,0.624999,0.000000,0.000000,-0.000000,1.000000
probe_part_uncorrected_013,559.664000,-0.475000,-0.000000,0.624999,0.000000,0.000000,-0.000000,1.000000
probe_part_uncorrected_013,559.679000,-0.475000,-0.000000,0.624999,0.000000,0.000000,-0.000000,1.000000
probe_part_uncorrected_013,559.695000,-0.475000,-0.000000,0.624999,0.000000,0.000000,-0.000000,1.000000
probe_part_uncorrected_013,559.710000,-0.475000,-0.000000,0.624999,0.000000,0.000000,-0.000000,1.000000
probe_part_uncorrected_013,559.726000,-0.475000,-0.000000,0.624999,0.000000,0.000000,-0.000000,1.000000
probe_part_uncorrected_013,559.742000,-0.475000,-0.000000,0.624999,0.000000,0.000000,-0.000000,1.000000
probe_part_uncorrected_013,559.758000,-0.475000,-0.000000,0.624999,0.000000,0.000000,-0.000000,1.000000
probe_part_uncorrected_013,559.772000,-0.475000,-0.000000,0.624999,0.000000,0.000000,-0.000000,1.000000
probe_part_uncorrected_013,559.787000,-0.475000,-0.000000,0.624999,0.000000,0.000000,-0.000000,1.000000
probe_part_uncorrected_013,559.803000,-0.475000,-0.000000,0.624999,0.000000,0.000000,-0.000000,1.000000
probe_part_uncorrected_013,559.819000,-0.475000,-0.000000,0.624999,0.000000,0.000000,-0.000000,1.000000
probe_part_uncorrected_013,559.835000,-0.475000,-0.000000,0.624999,0.000000,0.000000,-0.000000,1.000000
probe_part_uncorrected_013,559.851000,-0.475000,-0.000000,0.624999,0.000000,0.000000,-0.000000,1.000000
probe_part_uncorrected_013,559.867000,-0.475000,-0.000000,0.624999,0.000000,0.000000,-0.000000,1.000000
probe_part_uncorrected_013,559.882000,-0.475000,-0.000000,0.624999,0.000000,0.000000,-0.000000,1.000000
probe_part_uncorrected_013,559.898000,-0.475000,-0.000000,0.624999,0.000000,0.000000,-0.000000,1.000000
probe_part_uncorrected_013,559.914000,-0.475000,-0.000000,0.624999,0.000000,0.000000,-0.000000,1.000000
probe_part_uncorrected_013,559.929000,-0.475000,-0.000000,0.624999,0.000000,0.000000,-0.000000,1.000000
probe_part_uncorrected_013,559.944000,-0.475000,-0.000000,0.624999,0.000000,0.000000,-0.000000,1.000000
probe_part_uncorrected_013,559.959000,-0.475000,-0.000000,0.624999,0.000000,0.000000,-0.000000,1.000000
probe_part_uncorrected_013,559.973000,-0.475000,-0.000000,0.624999,0.000000,0.000000,-0.000000,1.000000
probe_part_uncorrected_013,559.987000,-0.475000,-0.000000,0.624999,0.000000,0.000000,-0.000000,1.000000
probe_part_uncorrected_013,560.000000,-0.475000,-0.000000,0.624999,0.000000,0.000000,-0.000000,1.000000
probe_part_uncorrected_013,560.015000,-0.475000,-0.000000,0.624999,0.000000,0.000000,-0.000000,1.000000
probe_part_uncorrected_013,560.030000,-0.475000,-0.000000,0.624999,0.000000,0.000000,-0.000000,1.000000
probe_part_uncorrected_013,560.046000,-0.475000,-0.000000,0.624999,0.000000,0.000000,-0.000000,1.000000
probe_part_uncorrected_013,560.060000,-0.475000,-0.000000,0.624999,0.000000,0.000000,-0.000000,1.000000
probe_part_uncorrected_013,560.073000,-0.475000,-0.000000,0.624999,0.000000,0.000000,-0.000000,1.000000
probe_part_uncorrected_013,560.088000,-0.475000,-0.000000,0.624999,0.000000,0.000000,-0.000000,1.000000
probe_part_uncorrected_013,560.103000,-0.475000,-0.000000,0.624999,0.000000,0.000000,-0.000000,1.000000
probe_part_uncorrected_013,560.118000,-0.475000,-0.000000,0.624999,0.000000,0.000000,-0.000000,1.000000
probe_part_uncorrected_013,560.133000,-0.475000,-0.000000,0.624999,0.000000,0.000000,-0.000000,1.000000
probe_part_uncorrected_013,560.149000,-0.475000,-0.000000,0.624999,0.000000,0.000000,-0.000000,1.000000
probe_part_uncorrected_013,560.164000,-0.475000,-0.000000,0.624999,0.000000,0.000000,-0.000000,1.000000
probe_part_uncorrected_013,560.180000,-0.475000,-0.000000,0.624999,0.000000,0.000000,-0.000000,1.000000
probe_part_uncorrected_013,560.197000,-0.475000,-0.000000,0.624999,0.000000,0.000000,-0.000000,1.000000
probe_part_uncorrected_013,560.213000,-0.475000,-0.000000,0.624999,0.000000,0.000000,-0.000000,1.000000
probe_part_uncorrected_013,560.229000,-0.475000,-0.000000,0.624999,0.000000,0.000000,-0.000000,1.000000
probe_part_uncorrected_013,560.246000,-0.475000,-0.000000,0.624999,0.000000,0.000000,-0.000000,1.000000
probe_part_uncorrected_013,560.262000,-0.475000,-0.000000,0.624999,0.000000,0.000000,-0.000000,1.000000
probe_part_uncorrected_013,560.278000,-0.475000,-0.000000,0.624999,0.000000,0.000000,-0.000000,1.000000
probe_part_uncorrected_013,560.295000,-0.475000,-0.000000,0.624999,0.000000,0.000000,-0.000000,1.000000
probe_part_uncorrected_013,560.312000,-0.475000,-0.000000,0.624999,0.000000,0.000000,-0.000000,1.000000
probe_part_uncorrected_013,560.329000,-0.475000,-0.000000,0.624999,0.000000,0.000000,-0.000000,1.000000
probe_part_uncorrected_013,560.346000,-0.475000,-0.000000,0.624999,0.000000,0.000000,-0.000000,1.000000
probe_part_uncorrected_013,560.363000,-0.475000,-0.000000,0.624999,0.000000,0.000000,-0.000000,1.000000
probe_part_uncorrected_013,560.378000,-0.475000,-0.000000,0.624999,0.000000,0.000000,-0.000000,1.000000
probe_part_uncorrected_013,560.394000,-0.475000,-0.000000,0.624999,0.000000,0.000000,-0.000000,1.000000
probe_part_uncorrected_013,560.411000,-0.475000,-0.000000,0.624999,0.000000,0.000000,-0.000000,1.000000
probe_part_uncorrected_013,560.428000,-0.475000,-0.000000,0.624999,0.000000,0.000000,-0.000000,1.000000
probe_part_uncorrected_013,560.446000,-0.475000,-0.000000,0.624999,0.000000,0.000000,-0.000000,1.000000
probe_part_uncorrected_013,560.462000,-0.475000,-0.000000,0.624999,0.000000,0.000000,-0.000000,1.000000
probe_part_uncorrected_013,560.479000,-0.475000,-0.000000,0.624999,0.000000,0.000000,-0.000000,1.000000
probe_part_uncorrected_013,560.496000,-0.475000,-0.000000,0.624999,0.000000,0.000000,-0.000000,1.000000
probe_part_uncorrected_013,560.513000,-0.475000,-0.000000,0.624999,0.000000,0.000000,-0.000000,1.000000
probe_part_uncorrected_013,560.530000,-0.475000,-0.000000,0.624999,0.000000,0.000000,-0.000000,1.000000
probe_part_uncorrected_013,560.547000,-0.475000,-0.000000,0.624999,0.000000,0.000000,-0.000000,1.000000
probe_part_uncorrected_013,560.564000,-0.475000,-0.000000,0.624999,0.000000,0.000000,-0.000000,1.000000
probe_part_uncorrected_013,560.582000,-0.475000,-0.000000,0.624999,0.000000,0.000000,-0.000000,1.000000
probe_part_uncorrected_013,560.599000,-0.475000,-0.000000,0.624999,0.000000,0.000000,-0.000000,1.000000
probe_part_uncorrected_013,560.616000,-0.475000,-0.000000,0.624999,0.000000,0.000000,-0.000000,1.000000
probe_part_uncorrected_013,560.632000,-0.475000,-0.000000,0.624999,0.000000,0.000000,-0.000000,1.000000
probe_part_uncorrected_013,560.649000,-0.475000,-0.000000,0.624999,0.000000,0.000000,-0.000000,1.000000
probe_part_uncorrected_013,560.666000,-0.475000,-0.000000,0.624999,0.000000,0.000000,-0.000000,1.000000
probe_part_uncorrected_013,560.683000,-0.475000,-0.000000,0.624999,0.000000,0.000000,-0.000000,1.000000
probe_part_uncorrected_013,560.698000,-0.475000,-0.000000,0.624999,0.000000,0.000000,-0.000000,1.000000
probe_part_uncorrected_013,560.714000,-0.475000,-0.000000,0.624999,0.000000,0.000000,-0.000000,1.000000
probe_part_uncorrected_013,560.731000,-0.475000,-0.000000,0.624999,0.000000,0.000000,-0.000000,1.000000
probe_part_uncorrected_013,560.748000,-0.475000,-0.000000,0.624999,0.000000,0.000000,-0.000000,1.000000
probe_part_uncorrected_013,560.765000,-0.475000,-0.000000,0.624999,0.000000,0.000000,-0.000000,1.000000
probe_part_uncorrected_013,560.782000,-0.475000,-0.000000,0.624999,0.000000,0.000000,-0.000000,1.000000
probe_part_uncorrected_013,560.799000,-0.475000,-0.000000,0.624999,0.000000,0.000000,-0.000000,1.000000
probe_part_uncorrected_013,560.815000,-0.475000,-0.000000,0.624999,0.000000,0.000000,-0.000000,1.000000
probe_part_uncorrected_013,560.832000,-0.475000,-0.000000,0.624999,0.000000,0.000000,-0.000000,1.000000
probe_part_uncorrected_013,560.849000,-0.475000,-0.000000,0.624999,0.000000,0.000000,-0.000000,1.000000
probe_part_uncorrected_013,560.866000,-0.475000,-0.000000,0.624999,0.000000,0.000000,-0.000000,1.000000
probe_part_uncorrected_013,560.883000,-0.475000,-0.000000,0.624999,0.000000,0.000000,-0.000000,1.000000
probe_part_uncorrected_013,560.900000,-0.475000,-0.000000,0.624999,0.000000,0.000000,-0.000000,1.000000
probe_part_uncorrected_013,560.918000,-0.475000,-0.000000,0.624999,0.000000,0.000000,-0.000000,1.000000
probe_part_uncorrected_013,560.934000,-0.475000,-0.000000,0.624999,0.000000,0.000000,-0.000000,1.000000
probe_part_uncorrected_013,560.950000,-0.475000,-0.000000,0.624999,0.000000,0.000000,-0.000000,1.000000
probe_part_uncorrected_013,560.966000,-0.475000,-0.000000,0.624999,0.000000,0.000000,-0.000000,1.000000
probe_part_uncorrected_013,560.983000,-0.475000,-0.000000,0.624999,0.000000,0.000000,-0.000000,1.000000
probe_part_uncorrected_013,561.000000,-0.475000,-0.000000,0.624999,0.000000,0.000000,-0.000000,1.000000
probe_part_uncorrected_013,561.017000,-0.475000,-0.000000,0.624999,0.000000,0.000000,-0.000000,1.000000
probe_part_uncorrected_013,561.033000,-0.475000,-0.000000,0.624999,0.000000,0.000000,-0.000000,1.000000
probe_part_uncorrected_013,561.049000,-0.475000,-0.000000,0.624999,0.000000,0.000000,-0.000000,1.000000
probe_part_uncorrected_013,561.066000,-0.475000,-0.000000,0.624999,0.000000,0.000000,-0.000000,1.000000
probe_part_uncorrected_013,561.083000,-0.475000,-0.000000,0.624999,0.000000,0.000000,-0.000000,1.000000
probe_part_uncorrected_013,561.100000,-0.475000,-0.000000,0.624999,0.000000,0.000000,-0.000000,1.000000
probe_part_uncorrected_013,561.117000,-0.475000,-0.000000,0.624999,0.000000,0.000000,-0.000000,1.000000
probe_part_uncorrected_013,561.134000,-0.475000,-0.000000,0.624999,0.000000,0.000000,-0.000000,1.000000
probe_part_uncorrected_013,561.152000,-0.475000,-0.000000,0.624999,0.000000,0.000000,-0.000000,1.000000
probe_part_uncorrected_013,561.169000,-0.475000,-0.000000,0.624999,0.000000,0.000000,-0.000000,1.000000
probe_part_uncorrected_013,561.186000,-0.475000,-0.000000,0.624999,0.000000,0.000000,-0.000000,1.000000
probe_part_uncorrected_013,561.203000,-0.475000,-0.000000,0.624999,0.000000,0.000000,-0.000000,1.000000
probe_part_uncorrected_013,561.219000,-0.475000,-0.000000,0.624999,0.000000,0.000000,-0.000000,1.000000
probe_part_uncorrected_013,561.235000,-0.475000,-0.000000,0.624999,0.000000,0.000000,-0.000000,1.000000
probe_part_uncorrected_013,561.250000,-0.475000,-0.000000,0.624999,0.000000,0.000000,-0.000000,1.000000
probe_part_uncorrected_013,561.267000,-0.475000,-0.000000,0.624999,0.000000,0.000000,-0.000000,1.000000
probe_part_uncorrected_013,561.283000,-0.475000,-0.000000,0.624999,0.000000,0.000000,-0.000000,1.000000
probe_part_uncorrected_013,561.299000,-0.475000,-0.000000,0.624999,0.000000,0.000000,-0.000000,1.000000
probe_part_uncorrected_013,561.315000,-0.475000,-0.000000,0.624999,0.000000,0.000000,-0.000000,1.000000
probe_part_uncorrected_013,561.331000,-0.475000,-0.000000,0.624999,0.000000,0.000000,-0.000000,1.000000
probe_part_uncorrected_013,561.348000,-0.475000,-0.000000,0.624999,0.000000,0.000000,-0.000000,1.000000
probe_part_uncorrected_013,561.365000,-0.475000,-0.000000,0.624999,0.000000,0.000000,-0.000000,1.000000
probe_part_uncorrected_013,561.382000,-0.475000,-0.000000,0.624999,0.000000,0.000000,-0.000000,1.000000
probe_part_uncorrected_013,561.399000,-0.475000,-0.000000,0.624999,0.000000,0.000000,-0.000000,1.000000
probe_part_uncorrected_013,561.416000,-0.475000,-0.000000,0.624999,0.000000,0.000000,-0.000000,1.000000
probe_part_uncorrected_013,561.433000,-0.475000,-0.000000,0.624999,0.000000,0.000000,-0.000000,1.000000
probe_part_uncorrected_013,561.450000,-0.475000,-0.000000,0.624999,0.000000,0.000000,-0.000000,1.000000
probe_part_uncorrected_013,561.467000,-0.475000,-0.000000,0.624999,0.000000,0.000000,-0.000000,1.000000
probe_part_uncorrected_013,561.484000,-0.475000,-0.000000,0.624999,0.000000,0.000000,-0.000000,1.000000
probe_part_uncorrected_013,561.501000,-0.475000,-0.000000,0.624999,0.000000,0.000000,-0.000000,1.000000
probe_part_uncorrected_013,561.519000,-0.475000,-0.000000,0.624999,0.000000,0.000000,-0.000000,1.000000
probe_part_uncorrected_013,561.537000,-0.475000,-0.000000,0.624999,0.000000,0.000000,-0.000000,1.000000
probe_part_uncorrected_013,561.555000,-0.475000,-0.000000,0.624999,0.000000,0.000000,-0.000000,1.000000
probe_part_uncorrected_013,561.572000,-0.475000,-0.000000,0.624999,0.000000,0.000000,-0.000000,1.000000
probe_part_uncorrected_013,561.589000,-0.475000,-0.000000,0.624999,0.000000,0.000000,-0.000000,1.000000
probe_part_uncorrected_013,561.606000,-0.475000,-0.000000,0.624999,0.000000,0.000000,-0.000000,1.000000
probe_part_uncorrected_013,561.623000,-0.475000,-0.000000,0.624999,0.000000,0.000000,-0.000000,1.000000
probe_part_uncorrected_013,561.640000,-0.475000,-0.000000,0.624999,0.000000,0.000000,-0.000000,1.000000
probe_part_uncorrected_013,561.658000,-0.475000,-0.000000,0.624999,0.000000,0.000000,-0.000000,1.000000
probe_part_uncorrected_013,561.675000,-0.475000,-0.000000,0.624999,0.000000,0.000000,-0.000000,1.000000
probe_part_uncorrected_013,561.692000,-0.475000,-0.000000,0.624999,0.000000,0.000000,-0.000000,1.000000
probe_part_uncorrected_013,561.708000,-0.475000,-0.000000,0.624999,0.000000,0.000000,-0.000000,1.000000
probe_part_uncorrected_013,561.725000,-0.475000,-0.000000,0.624999,0.000000,0.000000,-0.000000,1.000000
probe_part_uncorrected_013,561.742000,-0.475000,-0.000000,0.624999,0.000000,0.000000,-0.000000,1.000000
probe_part_uncorrected_013,561.759000,-0.475000,-0.000000,0.624999,0.000000,0.000000,-0.000000,1.000000
probe_part_uncorrected_013,561.776000,-0.475000,-0.000000,0.624999,0.000000,0.000000,-0.000000,1.000000
probe_part_uncorrected_013,561.793000,-0.475000,-0.000000,0.624999,0.000000,0.000000,-0.000000,1.000000
probe_part_uncorrected_013,561.810000,-0.475000,-0.000000,0.624999,0.000000,0.000000,-0.000000,1.000000
probe_part_uncorrected_013,561.825000,-0.475000,-0.000000,0.624999,0.000000,0.000000,-0.000000,1.000000
probe_part_uncorrected_013,561.843000,-0.475000,-0.000000,0.624999,0.000000,0.000000,-0.000000,1.000000
probe_part_uncorrected_013,561.860000,-0.475000,-0.000000,0.624999,0.000000,0.000000,-0.000000,1.000000
probe_part_uncorrected_013,561.877000,-0.475000,-0.000000,0.624999,0.000000,0.000000,-0.000000,1.000000
probe_part_uncorrected_013,561.894000,-0.475000,-0.000000,0.624999,0.000000,0.000000,-0.000000,1.000000
probe_part_uncorrected_013,561.911000,-0.475000,-0.000000,0.624999,0.000000,0.000000,-0.000000,1.000000
probe_part_uncorrected_013,561.928000,-0.475000,-0.000000,0.624999,0.000000,0.000000,-0.000000,1.000000
probe_part_uncorrected_013,561.945000,-0.475000,-0.000000,0.624999,0.000000,0.000000,-0.000000,1.000000
probe_part_uncorrected_013,561.961000,-0.475000,-0.000000,0.624999,0.000000,0.000000,-0.000000,1.000000
probe_part_uncorrected_013,561.975000,-0.475000,-0.000000,0.624999,0.000000,0.000000,-0.000000,1.000000
probe_part_uncorrected_013,561.990000,-0.475000,-0.000000,0.624999,0.000000,0.000000,-0.000000,1.000000
probe_part_uncorrected_013,562.004000,-0.475000,-0.000000,0.624999,0.000000,0.000000,-0.000000,1.000000
probe_part_uncorrected_013,562.017000,-0.475000,-0.000000,0.624999,0.000000,0.000000,-0.000000,1.000000
probe_part_uncorrected_013,562.032000,-0.475000,-0.000000,0.624999,0.000000,0.000000,-0.000000,1.000000
probe_part_uncorrected_013,562.048000,-0.475000,-0.000000,0.624999,0.000000,0.000000,-0.000000,1.000000
probe_part_uncorrected_013,562.061000,-0.475000,-0.000000,0.624999,0.000000,0.000000,-0.000000,1.000000
probe_part_uncorrected_013,562.076000,-0.475000,-0.000000,0.624999,0.000000,0.000000,-0.000000,1.000000
probe_part_uncorrected_013,562.093000,-0.475000,-0.000000,0.624999,0.000000,0.000000,-0.000000,1.000000
probe_part_uncorrected_013,562.109000,-0.475000,-0.000000,0.624999,0.000000,0.000000,-0.000000,1.000000
probe_part_uncorrected_013,562.125000,-0.475000,-0.000000,0.624999,0.000000,0.000000,-0.000000,1.000000
probe_part_uncorrected_013,562.142000,-0.475000,-0.000000,0.624999,0.000000,0.000000,-0.000000,1.000000
probe_part_uncorrected_013,562.160000,-0.475000,-0.000000,0.624999,0.000000,0.000000,-0.000000,1.000000
probe_part_uncorrected_013,562.177000,-0.475000,-0.000000,0.624999,0.000000,0.000000,-0.000000,1.000000
probe_part_uncorrected_013,562.195000,-0.475000,-0.000000,0.624999,0.000000,0.000000,-0.000000,1.000000
probe_part_uncorrected_013,562.210000,-0.475000,-0.000000,0.624999,0.000000,0.000000,-0.000000,1.000000
probe_part_uncorrected_013,562.227000,-0.475000,-0.000000,0.624999,0.000000,0.000000,-0.000000,1.000000
probe_part_uncorrected_013,562.244000,-0.475000,-0.000000,0.624999,0.000000,0.000000,-0.000000,1.000000
probe_part_uncorrected_013,562.261000,-0.475000,-0.000000,0.624999,0.000000,0.000000,-0.000000,1.000000
probe_part_uncorrected_013,562.278000,-0.475000,-0.000000,0.624999,0.000000,0.000000,-0.000000,1.000000
probe_part_uncorrected_013,562.295000,-0.475000,-0.000000,0.624999,0.000000,0.000000,-0.000000,1.000000
probe_part_uncorrected_013,562.313000,-0.475000,-0.000000,0.624999,0.000000,0.000000,-0.000000,1.000000
probe_part_uncorrected_013,562.329000,-0.475000,-0.000000,0.624999,0.000000,0.000000,-0.000000,1.000000
probe_part_uncorrected_013,562.344000,-0.475000,-0.000000,0.624999,0.000000,0.000000,-0.000000,1.000000
probe_part_uncorrected_013,562.359000,-0.475000,-0.000000,0.624999,0.000000,0.000000,-0.000000,1.000000
probe_part_uncorrected_013,562.374000,-0.475000,-0.000000,0.624999,0.000000,0.000000,-0.000000,1.000000
probe_part_uncorrected_013,562.389000,-0.475000,-0.000000,0.624999,0.000000,0.000000,-0.000000,1.000000
probe_part_uncorrected_013,562.406000,-0.475000,-0.000000,0.624999,0.000000,0.000000,-0.000000,1.000000
probe_part_uncorrected_013,562.423000,-0.475000,-0.000000,0.624999,0.000000,0.000000,-0.000000,1.000000
probe_part_uncorrected_013,562.441000,-0.475000,-0.000000,0.624999,0.000000,0.000000,-0.000000,1.000000
probe_part_uncorrected_013,562.458000,-0.475000,-0.000000,0.624999,0.000000,0.000000,-0.000000,1.000000
probe_part_uncorrected_013,562.476000,-0.475000,-0.000000,0.624999,0.000000,0.000000,-0.000000,1.000000
probe_part_uncorrected_013,562.494000,-0.475000,-0.000000,0.624999,0.000000,0.000000,-0.000000,1.000000
probe_part_uncorrected_013,562.512000,-0.475000,-0.000000,0.624999,0.000000,0.000000,-0.000000,1.000000
probe_part_uncorrected_013,562.529000,-0.475000,-0.000000,0.624999,0.000000,0.000000,-0.000000,1.000000
probe_part_uncorrected_013,562.547000,-0.475000,-0.000000,0.624999,0.000000,0.000000,-0.000000,1.000000
probe_part_uncorrected_013,562.565000,-0.475000,-0.000000,0.624999,0.000000,0.000000,-0.000000,1.000000
probe_part_uncorrected_013,562.583000,-0.475000,-0.000000,0.624999,0.000000,0.000000,-0.000000,1.000000
probe_part_uncorrected_013,562.596000,-0.475033,0.000310,0.625008,0.000135,0.000027,-0.000001,1.000000
probe_part_uncorrected_013,562.607000,-0.475114,0.000223,0.625019,0.000469,-0.000081,-0.000003,1.000000
probe_part_uncorrected_013,562.618000,-0.475138,0.000240,0.625014,0.000323,-0.000044,-0.000003,1.000000
probe_part_uncorrected_013,562.628000,-0.475151,0.000252,0.625014,0.000323,-0.000032,-0.000007,1.000000
probe_part_uncorrected_013,562.638000,-0.475159,0.000264,0.625014,0.000313,-0.000026,-0.000011,1.000000
probe_part_uncorrected_013,562.648000,-0.475162,0.000267,0.625014,0.000313,-0.000023,-0.000013,1.000000
probe_part_uncorrected_013,562.660000,-0.475164,0.000264,0.625014,0.000319,-0.000021,-0.000017,1.000000
probe_part_uncorrected_013,562.672000,-0.475164,0.000255,0.625015,0.000334,-0.000020,-0.000020,1.000000
probe_part_uncorrected_013,562.684000,-0.475163,0.000246,0.625016,0.000348,-0.000020,-0.000021,1.000000
probe_part_uncorrected_013,562.696000,-0.475161,0.000238,0.625016,0.000358,-0.000021,-0.000021,1.000000
probe_part_uncorrected_013,562.707000,-0.475159,0.000231,0.625017,0.000368,-0.000022,-0.000021,1.000000
probe_part_uncorrected_013,562.718000,-0.475157,0.000226,0.625017,0.000375,-0.000022,-0.000022,1.000000
probe_part_uncorrected_013,562.730000,-0.475155,0.000220,0.625018,0.000383,-0.000023,-0.000022,1.000000
probe_part_uncorrected_013,562.741000,-0.475154,0.000227,0.625010,0.000233,0.000005,-0.000040,1.000000
probe_part_uncorrected_013,562.751000,-0.475161,0.000225,0.625003,0.000110,-0.000014,-0.000031,1.000000
probe_part_uncorrected_013,562.762000,-0.475164,0.000216,0.625004,0.000135,-0.000012,-0.000029,1.000000
probe_part_uncorrected_013,562.772000,-0.475168,0.000213,0.625000,0.000011,0.000020,-0.000045,1.000000
probe_part_uncorrected_013,562.782000,-0.475165,0.000199,0.624996,0.000036,-0.000083,-0.000045,1.000000
probe_part_uncorrected_013,562.792000,-0.475168,0.000191,0.624995,-0.000011,-0.000032,-0.000039,1.000000
probe_part_uncorrected_013,562.802000,-0.475167,0.000182,0.624997,0.000008,-0.000030,-0.000039,1.000000
probe_part_uncorrected_013,562.812000,-0.475165,0.000176,0.624997,0.000019,-0.000030,-0.000039,1.000000
probe_part_uncorrected_013,562.822000,-0.475162,0.000170,0.624998,0.000028,-0.000030,-0.000039,1.000000
probe_part_uncorrected_013,562.826000,-0.475162,0.000171,0.624997,-0.000059,0.000013,-0.000059,1.000000
probe_part_uncorrected_013,562.832000,-0.475164,0.000164,0.624997,-0.000040,0.000014,-0.000059,1.000000
probe_part_uncorrected_013,562.841000,-0.475163,0.000158,0.624998,-0.000025,0.000013,-0.000059,1.000000
probe_part_uncorrected_013,562.850000,-0.475161,0.000153,0.624998,-0.000017,0.000012,-0.000059,1.000000
probe_part_uncorrected_013,562.860000,-0.475161,0.000146,0.624999,-0.000011,0.000022,-0.000066,1.000000
probe_part_uncorrected_013,562.870000,-0.475161,0.000140,0.625000,0.000004,0.000021,-0.000065,1.000000
probe_part_uncorrected_013,562.880000,-0.475159,0.000137,0.625000,0.000011,0.000018,-0.000065,1.000000
probe_part_uncorrected_013,562.890000,-0.475157,0.000134,0.625000,0.000015,0.000015,-0.000065,1.000000
probe_part_uncorrected_013,562.900000,-0.475155,0.000133,0.625000,0.000018,0.000014,-0.000065,1.000000
probe_part_uncorrected_013,562.910000,-0.475153,0.000130,0.625000,0.000021,0.000013,-0.000064,1.000000
probe_part_uncorrected_013,562.920000,-0.475151,0.000129,0.625000,0.000023,0.000012,-0.000064,1.000000
probe_part_uncorrected_013,562.930000,-0.475150,0.000127,0.625000,0.000026,0.000011,-0.000064,1.000000
probe_part_uncorrected_013,562.940000,-0.475150,0.000131,0.624994,-0.000171,0.000058,-0.000085,1.000000
probe_part_uncorrected_013,562.950000,-0.475153,0.000123,0.624995,-0.000146,0.000059,-0.000085,1.000000
probe_part_uncorrected_013,562.960000,-0.475152,0.000117,0.624996,-0.000133,0.000056,-0.000085,1.000000
probe_part_uncorrected_013,562.970000,-0.475156,0.000113,0.624994,-0.000161,0.000060,-0.000173,1.000000
probe_part_uncorrected_013,562.979000,-0.475158,0.000104,0.624996,-0.000132,0.000062,-0.000173,1.000000
probe_part_uncorrected_013,562.988000,-0.475160,0.000111,0.624996,-0.000091,0.000061,-0.000184,1.000000
probe_part_uncorrected_013,562.998000,-0.475163,0.000107,0.624997,-0.000076,0.000049,-0.000214,1.000000
probe_part_uncorrected_013,563.008000,-0.475163,0.000107,0.625002,-0.000069,0.000047,-0.000209,1.000000
probe_part_uncorrected_013,563.018000,-0.475163,0.000107,0.625015,-0.000061,0.000046,-0.000207,1.000000
probe_part_uncorrected_013,563.028000,-0.475164,0.000107,0.625033,-0.000052,0.000045,-0.000206,1.000000
probe_part_uncorrected_013,563.038000,-0.475166,0.000108,0.625058,-0.000043,0.000042,-0.000205,1.000000
probe_part_uncorrected_013,563.047000,-0.475168,0.000109,0.625086,-0.000036,0.000032,-0.000204,1.000000
probe_part_uncorrected_013,563.057000,-0.475171,0.000110,0.625122,-0.000029,0.000032,-0.000204,1.000000
probe_part_uncorrected_013,563.067000,-0.475175,0.000113,0.625165,-0.000024,0.000025,-0.000203,1.000000
probe_part_uncorrected_013,563.077000,-0.475179,0.000120,0.625214,-0.000024,0.000015,-0.000202,1.000000
probe_part_uncorrected_013,563.087000,-0.475184,0.000126,0.625268,-0.000024,0.000004,-0.000201,1.000000
probe_part_uncorrected_013,563.097000,-0.475189,0.000151,0.625321,0.000003,-0.000012,-0.000203,1.000000
probe_part_uncorrected_013,563.107000,-0.475196,0.000155,0.625386,0.000008,-0.000013,-0.000199,1.000000
probe_part_uncorrected_013,563.116000,-0.475202,0.000158,0.625455,0.000016,-0.000017,-0.000197,1.000000
probe_part_uncorrected_013,563.126000,-0.475210,0.000184,0.625527,0.000040,-0.000030,-0.000198,1.000000
probe_part_uncorrected_013,563.137000,-0.475220,0.000190,0.625625,0.000048,-0.000031,-0.000194,1.000000
probe_part_uncorrected_013,563.147000,-0.475230,0.000195,0.625727,0.000056,-0.000032,-0.000192,1.000000
probe_part_uncorrected_013,563.157000,-0.475240,0.000201,0.625836,0.000063,-0.000032,-0.000191,1.000000
probe_part_uncorrected_013,563.167000,-0.475251,0.000237,0.625940,0.000065,-0.000045,-0.000192,1.000000
probe_part_uncorrected_013,563.177000,-0.475263,0.000245,0.626062,0.000072,-0.000046,-0.000188,1.000000
probe_part_uncorrected_013,563.187000,-0.475275,0.000269,0.626183,0.000100,-0.000060,-0.000191,1.000000
probe_part_uncorrected_013,563.198000,-0.475290,0.000304,0.626323,0.000104,-0.000072,-0.000193,1.000000
probe_part_uncorrected_013,563.203000,-0.475297,0.000313,0.626394,0.000098,-0.000072,-0.000191,1.000000
probe_part_uncorrected_013,563.212000,-0.475310,0.000324,0.626528,0.000097,-0.000073,-0.000186,1.000000
probe_part_uncorrected_013,563.222000,-0.475326,0.000332,0.626690,0.000109,-0.000075,-0.000182,1.000000
probe_part_uncorrected_013,563.232000,-0.475342,0.000339,0.626862,0.000124,-0.000099,-0.000179,1.000000
probe_part_uncorrected_013,563.242000,-0.475359,0.000347,0.627044,0.000137,-0.000099,-0.000178,1.000000
probe_part_uncorrected_013,563.252000,-0.475377,0.000356,0.627235,0.000149,-0.000107,-0.000177,1.000000
probe_part_uncorrected_013,563.262000,-0.475395,0.000366,0.627433,0.000159,-0.000115,-0.000176,1.000000
probe_part_uncorrected_013,563.272000,-0.475415,0.000377,0.627642,0.000169,-0.000116,-0.000176,1.000000
probe_part_uncorrected_013,563.282000,-0.475434,0.000389,0.627857,0.000178,-0.000130,-0.000175,1.000000
probe_part_uncorrected_013,563.292000,-0.475455,0.000402,0.628081,0.000185,-0.000131,-0.000174,1.000000
probe_part_uncorrected_013,563.302000,-0.475477,0.000415,0.628313,0.000192,-0.000131,-0.000174,1.000000
probe_part_uncorrected_013,563.311000,-0.475496,0.000428,0.628529,0.000198,-0.000138,-0.000173,1.000000
probe_part_uncorrected_013,563.320000,-0.475517,0.000441,0.628750,0.000203,-0.000139,-0.000173,1.000000
probe_part_uncorrected_013,563.330000,-0.475540,0.000456,0.629006,0.000208,-0.000146,-0.000172,1.000000
probe_part_uncorrected_013,563.340000,-0.475564,0.000473,0.629270,0.000213,-0.000146,-0.000172,1.000000
probe_part_uncorrected_013,563.351000,-0.475591,0.000519,0.629555,0.000214,-0.000160,-0.000174,1.000000
probe_part_uncorrected_013,563.361000,-0.475616,0.000556,0.629825,0.000229,-0.000172,-0.000179,1.000000
probe_part_uncorrected_013,563.371000,-0.475642,0.000609,0.630090,0.000205,-0.000183,-0.000182,1.000000
probe_part_uncorrected_013,563.381000,-0.475669,0.000640,0.630376,0.000179,-0.000184,-0.000177,1.000000
probe_part_uncorrected_013,563.390000,-0.475667,0.000597,0.630642,0.000242,-0.000369,0.004094,0.999992
probe_part_uncorrected_013,563.398000,-0.475689,0.000606,0.630887,0.000258,-0.000371,0.004091,0.999992
probe_part_uncorrected_013,563.408000,-0.475717,0.000627,0.631206,0.000258,-0.000374,0.004088,0.999992
probe_part_uncorrected_013,563.418000,-0.475746,0.000649,0.631536,0.000258,-0.000375,0.004084,0.999992
probe_part_uncorrected_013,563.428000,-0.475776,0.000669,0.631876,0.000261,-0.000376,0.004081,0.999992
probe_part_uncorrected_013,563.438000,-0.475806,0.000689,0.632226,0.000268,-0.000376,0.004078,0.999992
probe_part_uncorrected_013,563.448000,-0.475836,0.000708,0.632585,0.000276,-0.000377,0.004075,0.999992
probe_part_uncorrected_013,563.458000,-0.475867,0.000727,0.632953,0.000286,-0.000378,0.004073,0.999992
probe_part_uncorrected_013,563.468000,-0.475899,0.000760,0.633322,0.000293,-0.000391,0.004046,0.999992
probe_part_uncorrected_013,563.479000,-0.475934,0.000777,0.633740,0.000316,-0.000393,0.004037,0.999992
probe_part_uncorrected_013,563.489000,-0.475968,0.000806,0.634121,0.000342,-0.000402,0.004013,0.999992
probe_part_uncorrected_013,563.499000,-0.476001,0.000826,0.634521,0.000355,-0.000403,0.004006,0.999992
probe_part_uncorrected_013,563.509000,-0.476034,0.000848,0.634932,0.000364,-0.000404,0.004003,0.999992
probe_part_uncorrected_013,563.519000,-0.476068,0.000870,0.635353,0.000375,-0.000397,0.003999,0.999992
probe_part_uncorrected_013,563.529000,-0.476102,0.000891,0.635782,0.000388,-0.000396,0.003994,0.999992
probe_part_uncorrected_013,563.539000,-0.476137,0.000926,0.636207,0.000399,-0.000409,0.003967,0.999992
probe_part_uncorrected_013,563.550000,-0.476176,0.000952,0.636696,0.000410,-0.000409,0.003961,0.999992
probe_part_uncorrected_013,563.560000,-0.476211,0.000974,0.637151,0.000420,-0.000429,0.003954,0.999992
probe_part_uncorrected_013,563.571000,-0.476250,0.001000,0.637663,0.000432,-0.000427,0.003946,0.999992
probe_part_uncorrected_013,563.581000,-0.476287,0.001040,0.638127,0.000439,-0.000435,0.003918,0.999992
probe_part_uncorrected_013,563.592000,-0.476327,0.001076,0.638639,0.000460,-0.000449,0.003889,0.999992
probe_part_uncorrected_013,563.603000,-0.476367,0.001102,0.639177,0.000472,-0.000455,0.003881,0.999992
probe_part_uncorrected_013,563.613000,-0.476404,0.001127,0.639678,0.000482,-0.000453,0.003873,0.999992
probe_part_uncorrected_013,563.620000,-0.476430,0.001144,0.640033,0.000489,-0.000451,0.003868,0.999992
probe_part_uncorrected_013,563.630000,-0.476467,0.001183,0.640533,0.000499,-0.000459,0.003840,0.999992
probe_part_uncorrected_013,563.640000,-0.476505,0.001208,0.641055,0.000509,-0.000456,0.003832,0.999992
probe_part_uncorrected_013,563.650000,-0.476541,0.001234,0.641589,0.000516,-0.000475,0.003807,0.999993
probe_part_uncorrected_013,563.660000,-0.476571,0.001256,0.642130,0.000511,-0.000635,0.003692,0.999993
probe_part_uncorrected_013,563.671000,-0.476594,0.001282,0.642733,0.000479,-0.001007,0.003388,0.999994
probe_part_uncorrected_013,563.682000,-0.476613,0.001304,0.643343,0.000426,-0.001606,0.003069,0.999994
probe_part_uncorrected_013,563.693000,-0.476605,0.001305,0.643932,0.000142,-0.004298,0.002723,0.999987
probe_part_uncorrected_013,563.704000,-0.476647,0.001336,0.644569,0.000150,-0.004299,0.002715,0.999987
probe_part_uncorrected_013,563.715000,-0.476676,0.001373,0.645198,0.000095,-0.005037,0.002632,0.999984
probe_part_uncorrected_013,563.725000,-0.476715,0.001410,0.645780,0.000116,-0.005050,0.002609,0.999984
probe_part_uncorrected_013,563.736000,-0.476757,0.001440,0.646446,0.000126,-0.005048,0.002603,0.999984
probe_part_uncorrected_013,563.747000,-0.476798,0.001469,0.647125,0.000135,-0.005046,0.002595,0.999984
probe_part_uncorrected_013,563.758000,-0.476840,0.001515,0.647805,0.000144,-0.005066,0.002570,0.999984
probe_part_uncorrected_013,563.769000,-0.476881,0.001543,0.648502,0.000156,-0.005063,0.002561,0.999984
probe_part_uncorrected_013,563.779000,-0.476919,0.001588,0.649138,0.000161,-0.005081,0.002536,0.999984
probe_part_uncorrected_013,563.790000,-0.476960,0.001621,0.649840,0.000192,-0.005093,0.002512,0.999984
probe_part_uncorrected_013,563.801000,-0.477001,0.001648,0.650568,0.000204,-0.005093,0.002506,0.999984
probe_part_uncorrected_013,563.812000,-0.477041,0.001676,0.651310,0.000213,-0.005090,0.002498,0.999984
probe_part_uncorrected_013,563.823000,-0.477081,0.001718,0.652050,0.000223,-0.005136,0.002472,0.999984
probe_part_uncorrected_013,563.834000,-0.477120,0.001746,0.652812,0.000232,-0.005133,0.002464,0.999984
probe_part_uncorrected_013,563.845000,-0.477156,0.001770,0.653584,0.000221,-0.005357,0.002446,0.999983
probe_part_uncorrected_013,563.855000,-0.477126,0.001714,0.654263,-0.000152,-0.009981,0.002240,0.999948
probe_part_uncorrected_013,563.865000,-0.477135,0.001735,0.654984,-0.000295,-0.011323,0.002038,0.999934
probe_part_uncorrected_013,563.875000,-0.477160,0.001770,0.655719,-0.000304,-0.011297,0.001846,0.999934
probe_part_uncorrected_013,563.885000,-0.477132,0.001819,0.656460,-0.000272,-0.010998,0.000537,0.999939
probe_part_uncorrected_013,563.895000,-0.477166,0.001842,0.657206,-0.000266,-0.010975,0.000533,0.999940
probe_part_uncorrected_013,563.905000,-0.477198,0.001866,0.657962,-0.000263,-0.011038,0.000524,0.999939
probe_part_uncorrected_013,563.915000,-0.477156,0.001966,0.658727,-0.000342,-0.011282,-0.002671,0.999933
probe_part_uncorrected_013,563.925000,-0.477187,0.002001,0.659484,-0.000374,-0.011283,-0.002665,0.999933
probe_part_uncorrected_013,563.935000,-0.477216,0.002067,0.660238,-0.000376,-0.011304,-0.002639,0.999933
probe_part_uncorrected_013,563.946000,-0.477249,0.002107,0.661090,-0.000417,-0.011306,-0.002632,0.999933
probe_part_uncorrected_013,563.957000,-0.477281,0.002131,0.661963,-0.000420,-0.011308,-0.002626,0.999933
probe_part_uncorrected_013,563.967000,-0.477317,0.002144,0.662772,-0.000448,-0.010788,-0.002582,0.999938
probe_part_uncorrected_013,563.977000,-0.477344,0.002161,0.663590,-0.000441,-0.010790,-0.002578,0.999938
probe_part_uncorrected_013,563.987000,-0.477371,0.002175,0.664421,-0.000430,-0.010793,-0.002574,0.999938
probe_part_uncorrected_013,563.997000,-0.477397,0.002187,0.665261,-0.000416,-0.010795,-0.002569,0.999938
probe_part_uncorrected_013,564.007000,-0.477425,0.002196,0.666112,-0.000404,-0.010652,-0.002558,0.999940
probe_part_uncorrected_013,564.018000,-0.477557,0.002165,0.667066,-0.000523,-0.004080,-0.002313,0.999989
probe_part_uncorrected_013,564.029000,-0.477590,0.002135,0.668023,-0.000559,-0.003872,0.001389,0.999991
probe_part_uncorrected_013,564.040000,-0.477614,0.002138,0.668990,-0.000526,-0.003874,0.001387,0.999991
probe_part_uncorrected_013,564.050000,-0.477635,0.002146,0.669881,-0.000506,-0.003875,0.001384,0.999991
probe_part_uncorrected_013,564.060000,-0.477654,0.002155,0.670780,-0.000490,-0.003876,0.001382,0.999991
probe_part_uncorrected_013,564.070000,-0.477673,0.002176,0.671676,-0.000461,-0.003892,0.001361,0.999991
probe_part_uncorrected_013,564.080000,-0.477691,0.002180,0.672591,-0.000438,-0.003893,0.001359,0.999991
probe_part_uncorrected_013,564.090000,-0.477707,0.002187,0.673516,-0.000423,-0.003894,0.001357,0.999991
probe_part_uncorrected_013,564.100000,-0.477722,0.002195,0.674451,-0.000412,-0.003896,0.001355,0.999991
probe_part_uncorrected_013,564.110000,-0.477735,0.002202,0.675396,-0.000403,-0.003897,0.001353,0.999991
probe_part_uncorrected_013,564.120000,-0.477748,0.002214,0.676349,-0.000403,-0.003897,0.001351,0.999991
probe_part_uncorrected_013,564.130000,-0.477760,0.002226,0.677311,-0.000399,-0.003800,0.001348,0.999992
probe_part_uncorrected_013,564.140000,-0.477769,0.002236,0.678279,-0.000397,-0.003792,0.001344,0.999992
probe_part_uncorrected_013,564.150000,-0.477778,0.002244,0.679254,-0.000393,-0.003759,0.001339,0.999992
probe_part_uncorrected_013,564.160000,-0.477784,0.002252,0.680236,-0.000382,-0.003682,0.001318,0.999992
probe_part_uncorrected_013,564.170000,-0.477785,0.002259,0.681221,-0.000369,-0.003582,0.001198,0.999993
probe_part_uncorrected_013,564.180000,-0.477784,0.002264,0.682207,-0.000357,-0.003530,0.001090,0.999993
probe_part_uncorrected_013,564.191000,-0.477781,0.002267,0.683292,-0.000346,-0.003505,0.000985,0.999993
probe_part_uncorrected_013,564.201000,-0.477777,0.002268,0.684277,-0.000340,-0.003510,0.000897,0.999993
probe_part_uncorrected_013,564.212000,-0.477771,0.002268,0.685359,-0.000335,-0.003527,0.000812,0.999993
probe_part_uncorrected_013,564.222000,-0.477768,0.002291,0.686317,-0.000301,-0.003554,0.000768,0.999993
probe_part_uncorrected_013,564.232000,-0.477763,0.002272,0.687290,-0.000269,-0.003555,0.000766,0.999993
probe_part_uncorrected_013,564.242000,-0.477756,0.002261,0.688264,-0.000255,-0.003556,0.000764,0.999993
probe_part_uncorrected_013,564.252000,-0.477748,0.002251,0.689233,-0.000246,-0.003558,0.000763,0.999993
probe_part_uncorrected_013,564.261000,-0.477740,0.002243,0.690101,-0.000240,-0.003559,0.000761,0.999993
probe_part_uncorrected_013,564.271000,-0.477729,0.002234,0.691060,-0.000236,-0.003560,0.000759,0.999993
probe_part_uncorrected_013,564.280000,-0.477718,0.002228,0.691916,-0.000237,-0.003559,0.000757,0.999993
probe_part_uncorrected_013,564.289000,-0.477706,0.002246,0.692760,-0.000247,-0.003568,0.000737,0.999993
probe_part_uncorrected_013,564.298000,-0.477693,0.002221,0.693600,-0.000216,-0.003569,0.000735,0.999993
probe_part_uncorrected_013,564.308000,-0.477677,0.002203,0.694531,-0.000202,-0.003570,0.000734,0.999993
probe_part_uncorrected_013,564.318000,-0.477660,0.002187,0.695456,-0.000194,-0.003572,0.000732,0.999993
probe_part_uncorrected_013,564.328000,-0.477642,0.002189,0.696363,-0.000185,-0.003585,0.000712,0.999993
probe_part_uncorrected_013,564.339000,-0.477620,0.002164,0.697361,-0.000165,-0.003587,0.000710,0.999993
probe_part_uncorrected_013,564.349000,-0.477600,0.002160,0.698251,-0.000145,-0.003601,0.000690,0.999993
probe_part_uncorrected_013,564.360000,-0.477576,0.002135,0.699232,-0.000127,-0.003602,0.000688,0.999993
probe_part_uncorrected_013,564.370000,-0.477552,0.002115,0.700116,-0.000119,-0.003604,0.000687,0.999993
probe_part_uncorrected_013,564.380000,-0.477528,0.002095,0.700993,-0.000114,-0.003605,0.000685,0.999993
probe_part_uncorrected_013,564.390000,-0.477503,0.002091,0.701851,-0.000100,-0.003619,0.000666,0.999993
probe_part_uncorrected_013,564.400000,-0.477477,0.002065,0.702708,-0.000082,-0.003620,0.000664,0.999993
probe_part_uncorrected_013,564.411000,-0.477447,0.002040,0.703645,-0.000074,-0.003621,0.000662,0.999993
probe_part_uncorrected_013,564.422000,-0.477416,0.002016,0.704571,-0.000069,-0.003622,0.000660,0.999993
probe_part_uncorrected_013,564.433000,-0.477384,0.001991,0.705488,-0.000065,-0.003624,0.000659,0.999993
probe_part_uncorrected_013,564.443000,-0.477354,0.001968,0.706312,-0.000062,-0.003625,0.000657,0.999993
probe_part_uncorrected_013,564.453000,-0.477324,0.001945,0.707127,-0.000060,-0.003626,0.000656,0.999993
probe_part_uncorrected_013,564.464000,-0.477289,0.001922,0.708013,-0.000061,-0.003626,0.000653,0.999993
probe_part_uncorrected_013,564.474000,-0.477257,0.001934,0.708791,-0.000053,-0.003653,0.000616,0.999993
probe_part_uncorrected_013,564.485000,-0.477221,0.001889,0.709649,-0.000015,-0.003654,0.000613,0.999993
probe_part_uncorrected_013,564.495000,-0.477187,0.001861,0.710427,-0.000005,-0.003655,0.000612,0.999993
probe_part_uncorrected_013,564.505000,-0.477153,0.001837,0.711196,-0.000006,-0.003656,0.000610,0.999993
probe_part_uncorrected_013,564.515000,-0.477118,0.001812,0.711958,-0.000005,-0.003657,0.000608,0.999993
probe_part_uncorrected_013,564.525000,-0.477083,0.001787,0.712710,-0.000005,-0.003658,0.000607,0.999993
probe_part_uncorrected_013,564.535000,-0.477047,0.001786,0.713449,-0.000015,-0.003671,0.000587,0.999993
probe_part_uncorrected_013,564.545000,-0.477011,0.001744,0.714177,0.000018,-0.003672,0.000585,0.999993
probe_part_uncorrected_013,564.555000,-0.476974,0.001729,0.714892,0.000048,-0.003690,0.000562,0.999993
probe_part_uncorrected_013,564.565000,-0.476937,0.001703,0.715594,0.000086,-0.003703,0.000542,0.999993
probe_part_uncorrected_013,564.575000,-0.476900,0.001676,0.716300,0.000090,-0.003704,0.000538,0.999993
probe_part_uncorrected_013,564.584000,-0.476866,0.001661,0.716920,0.000112,-0.003713,0.000516,0.999993
probe_part_uncorrected_013,564.594000,-0.476829,0.001646,0.717601,0.000129,-0.003719,0.000497,0.999993
probe_part_uncorrected_013,564.604000,-0.476790,0.001613,0.718280,0.000146,-0.003720,0.000493,0.999993
probe_part_uncorrected_013,564.614000,-0.476752,0.001585,0.718955,0.000150,-0.003721,0.000489,0.999993
probe_part_uncorrected_013,564.624000,-0.476713,0.001557,0.719621,0.000152,-0.003722,0.000487,0.999993
probe_part_uncorrected_013,564.634000,-0.476674,0.001529,0.720280,0.000152,-0.003723,0.000484,0.999993
probe_part_uncorrected_013,564.644000,-0.476635,0.001514,0.720919,0.000166,-0.003728,0.000466,0.999993
probe_part_uncorrected_013,564.655000,-0.476591,0.001480,0.721620,0.000176,-0.003729,0.000461,0.999993
probe_part_uncorrected_013,564.665000,-0.476552,0.001451,0.722250,0.000179,-0.003730,0.000458,0.999993
probe_part_uncorrected_013,564.675000,-0.476512,0.001422,0.722872,0.000181,-0.003731,0.000456,0.999993
probe_part_uncorrected_013,564.685000,-0.476473,0.001394,0.723486,0.000182,-0.003732,0.000453,0.999993
probe_part_uncorrected_013,564.695000,-0.476433,0.001365,0.724090,0.000183,-0.003733,0.000451,0.999993
probe_part_uncorrected_013,564.705000,-0.476393,0.001354,0.724680,0.000183,-0.003739,0.000433,0.999993
probe_part_uncorrected_013,564.715000,-0.476354,0.001320,0.725260,0.000199,-0.003739,0.000429,0.999993
probe_part_uncorrected_013,564.725000,-0.476314,0.001290,0.725837,0.000203,-0.003740,0.000426,0.999993
probe_part_uncorrected_013,564.735000,-0.476274,0.001260,0.726405,0.000206,-0.003741,0.000423,0.999993
probe_part_uncorrected_013,564.746000,-0.476231,0.001228,0.727022,0.000208,-0.003742,0.000420,0.999993
probe_part_uncorrected_013,564.754000,-0.476199,0.001205,0.727463,0.000208,-0.003743,0.000418,0.999993
probe_part_uncorrected_013,564.764000,-0.476160,0.001176,0.728007,0.000209,-0.003744,0.000416,0.999993
probe_part_uncorrected_013,564.774000,-0.476121,0.001147,0.728542,0.000210,-0.003744,0.000414,0.999993
probe_part_uncorrected_013,564.784000,-0.476082,0.001119,0.729068,0.000211,-0.003745,0.000412,0.999993
probe_part_uncorrected_013,564.794000,-0.476044,0.001107,0.729576,0.000214,-0.003752,0.000393,0.999993
probe_part_uncorrected_013,564.805000,-0.476001,0.001071,0.730130,0.000228,-0.003753,0.000389,0.999993
probe_part_uncorrected_013,564.815000,-0.475963,0.001042,0.730628,0.000231,-0.003754,0.000386,0.999993
probe_part_uncorrected_013,564.825000,-0.475925,0.001014,0.731117,0.000233,-0.003754,0.000383,0.999993
probe_part_uncorrected_013,564.835000,-0.475888,0.000986,0.731598,0.000234,-0.003755,0.000381,0.999993
probe_part_uncorrected_013,564.843000,-0.475858,0.000963,0.731977,0.000235,-0.003756,0.000379,0.999993
probe_part_uncorrected_013,564.852000,-0.475825,0.000954,0.732387,0.000239,-0.003763,0.000360,0.999993
probe_part_uncorrected_013,564.859000,-0.475799,0.000931,0.732704,0.000251,-0.003763,0.000358,0.999993
probe_part_uncorrected_013,564.869000,-0.475762,0.000902,0.733154,0.000256,-0.003764,0.000354,0.999993
probe_part_uncorrected_013,564.879000,-0.475726,0.000875,0.733596,0.000259,-0.003765,0.000351,0.999993
probe_part_uncorrected_013,564.888000,-0.475694,0.000851,0.733987,0.000261,-0.003765,0.000348,0.999993
probe_part_uncorrected_013,564.897000,-0.475662,0.000827,0.734370,0.000263,-0.003766,0.000346,0.999993
probe_part_uncorrected_013,564.906000,-0.475631,0.000804,0.734747,0.000263,-0.003767,0.000344,0.999993
probe_part_uncorrected_013,564.913000,-0.475607,0.000786,0.735029,0.000264,-0.003767,0.000343,0.999993
probe_part_uncorrected_013,564.922000,-0.475577,0.000763,0.735393,0.000264,-0.003768,0.000340,0.999993
probe_part_uncorrected_013,564.928000,-0.475556,0.000748,0.735632,0.000265,-0.003768,0.000337,0.999993
probe_part_uncorrected_013,564.938000,-0.475523,0.000736,0.736010,0.000269,-0.003779,0.000313,0.999993
probe_part_uncorrected_013,564.944000,-0.475503,0.000719,0.736239,0.000274,-0.003779,0.000311,0.999993
probe_part_uncorrected_013,564.954000,-0.475471,0.000694,0.736615,0.000278,-0.003780,0.000308,0.999993
probe_part_uncorrected_013,564.961000,-0.475448,0.000677,0.736873,0.000280,-0.003780,0.000306,0.999993
probe_part_uncorrected_013,564.968000,-0.475426,0.000660,0.737128,0.000281,-0.003781,0.000304,0.999993
probe_part_uncorrected_013,564.976000,-0.475401,0.000641,0.737411,0.000283,-0.003782,0.000302,0.999993
probe_part_uncorrected_013,564.985000,-0.475373,0.000621,0.737724,0.000284,-0.003782,0.000300,0.999993
probe_part_uncorrected_013,564.993000,-0.475349,0.000602,0.737995,0.000285,-0.003783,0.000298,0.999993
probe_part_uncorrected_013,565.003000,-0.475319,0.000580,0.738330,0.000286,-0.003783,0.000293,0.999993
probe_part_uncorrected_013,565.011000,-0.475295,0.000563,0.738591,0.000287,-0.003783,0.000289,0.999993
probe_part_uncorrected_013,565.017000,-0.475278,0.000550,0.738783,0.000288,-0.003783,0.000286,0.999993
probe_part_uncorrected_013,565.025000,-0.475255,0.000533,0.739034,0.000288,-0.003783,0.000281,0.999993
probe_part_uncorrected_013,565.035000,-0.475228,0.000513,0.739337,0.000289,-0.003781,0.000276,0.999993
probe_part_uncorrected_013,565.042000,-0.475209,0.000499,0.739544,0.000290,-0.003780,0.000272,0.999993
probe_part_uncorrected_013,565.052000,-0.475182,0.000479,0.739832,0.000290,-0.003779,0.000266,0.999993
probe_part_uncorrected_013,565.061000,-0.475159,0.000462,0.740087,0.000290,-0.003778,0.000260,0.999993
probe_part_uncorrected_013,565.069000,-0.475138,0.000447,0.740306,0.000291,-0.003776,0.000255,0.999993
probe_part_uncorrected_013,565.075000,-0.475124,0.000436,0.740463,0.000291,-0.003774,0.000251,0.999993
probe_part_uncorrected_013,565.084000,-0.475102,0.000437,0.740687,0.000290,-0.003783,0.000227,0.999993
probe_part_uncorrected_013,565.091000,-0.475086,0.000419,0.740859,0.000304,-0.003783,0.000224,0.999993
probe_part_uncorrected_013,565.097000,-0.475072,0.000407,0.741007,0.000307,-0.003783,0.000222,0.999993
probe_part_uncorrected_013,565.106000,-0.475051,0.000391,0.741226,0.000310,-0.003784,0.000219,0.999993
probe_part_uncorrected_013,565.116000,-0.475029,0.000374,0.741461,0.000312,-0.003784,0.000217,0.999993
probe_part_uncorrected_013,565.123000,-0.475014,0.000388,0.741601,0.000321,-0.003798,0.000180,0.999993
probe_part_uncorrected_013,565.133000,-0.474993,0.000363,0.741811,0.000347,-0.003798,0.000175,0.999993
probe_part_uncorrected_013,565.143000,-0.474974,0.000359,0.742014,0.000355,-0.003805,0.000153,0.999993
probe_part_uncorrected_013,565.153000,-0.474955,0.000348,0.742199,0.000377,-0.003812,0.000131,0.999993
probe_part_uncorrected_013,565.164000,-0.474935,0.000336,0.742395,0.000405,-0.003820,0.000107,0.999993
probe_part_uncorrected_013,565.174000,-0.474918,0.000316,0.742575,0.000422,-0.003820,0.000102,0.999993
probe_part_uncorrected_013,565.184000,-0.474901,0.000303,0.742749,0.000427,-0.003821,0.000098,0.999993
probe_part_uncorrected_013,565.194000,-0.474885,0.000290,0.742916,0.000430,-0.003822,0.000094,0.999993
probe_part_uncorrected_013,565.204000,-0.474869,0.000279,0.743073,0.000432,-0.003823,0.000090,0.999993
probe_part_uncorrected_013,565.214000,-0.474855,0.000268,0.743222,0.000434,-0.003823,0.000086,0.999993
probe_part_uncorrected_013,565.224000,-0.474842,0.000269,0.743352,0.000440,-0.003831,0.000063,0.999993
probe_part_uncorrected_013,565.235000,-0.474828,0.000253,0.743491,0.000455,-0.003831,0.000058,0.999993
probe_part_uncorrected_013,565.246000,-0.474815,0.000243,0.743623,0.000458,-0.003832,0.000053,0.999993
probe_part_uncorrected_013,565.256000,-0.474804,0.000234,0.743734,0.000461,-0.003833,0.000049,0.999993
probe_part_uncorrected_013,565.266000,-0.474794,0.000227,0.743836,0.000462,-0.003834,0.000045,0.999993
probe_part_uncorrected_013,565.277000,-0.474784,0.000219,0.743938,0.000464,-0.003835,0.000040,0.999993
probe_part_uncorrected_013,565.288000,-0.474775,0.000212,0.744029,0.000465,-0.003836,0.000035,0.999993
probe_part_uncorrected_013,565.298000,-0.474768,0.000221,0.744095,0.000464,-0.003843,0.000013,0.999993
probe_part_uncorrected_013,565.308000,-0.474762,0.000218,0.744143,0.000488,-0.003851,-0.000010,0.999992
probe_part_uncorrected_013,565.319000,-0.474756,0.000207,0.744200,0.000506,-0.003851,-0.000015,0.999992
probe_part_uncorrected_013,565.329000,-0.474752,0.000212,0.744236,0.000517,-0.003858,-0.000038,0.999992
probe_part_uncorrected_013,565.339000,-0.474749,0.000215,0.744264,0.000531,-0.003866,-0.000061,0.999992
probe_part_uncorrected_013,565.349000,-0.474746,0.000205,0.744294,0.000552,-0.003866,-0.000066,0.999992
probe_part_uncorrected_013,565.356000,-0.474744,0.000202,0.744315,0.000556,-0.003866,-0.000069,0.999992
probe_part_uncorrected_013,565.366000,-0.474741,0.000200,0.744342,0.000558,-0.003867,-0.000073,0.999992
probe_part_uncorrected_013,565.376000,-0.474739,0.000199,0.744366,0.000559,-0.003867,-0.000077,0.999992
probe_part_uncorrected_013,565.385000,-0.474721,0.000203,0.744362,0.000574,-0.004204,-0.000098,0.999991
probe_part_uncorrected_013,565.395000,-0.474570,0.000201,0.744280,0.000580,-0.007194,-0.000100,0.999974
probe_part_uncorrected_013,565.405000,-0.474434,0.000203,0.744196,0.000580,-0.009890,-0.000102,0.999951
probe_part_uncorrected_013,565.416000,-0.474431,0.000208,0.744191,0.000581,-0.009890,-0.000102,0.999951
probe_part_uncorrected_013,565.426000,-0.474426,0.000226,0.744178,0.000590,-0.009900,-0.000121,0.999951
probe_part_uncorrected_013,565.437000,-0.474355,0.000239,0.744132,0.000596,-0.011120,-0.000120,0.999938
probe_part_uncorrected_013,565.447000,-0.474124,0.000254,0.744008,0.000601,-0.015410,-0.000123,0.999881
probe_part_uncorrected_013,565.457000,-0.473870,0.000278,0.743876,0.000602,-0.020063,-0.000125,0.999799
probe_part_uncorrected_013,565.467000,-0.473848,0.000307,0.743874,0.000602,-0.020063,-0.000125,0.999799
probe_part_uncorrected_013,565.477000,-0.473820,0.000344,0.743873,0.000603,-0.020063,-0.000125,0.999799
probe_part_uncorrected_013,565.487000,-0.473788,0.000387,0.743871,0.000604,-0.020063,-0.000125,0.999799
probe_part_uncorrected_013,565.498000,-0.473745,0.000443,0.743870,0.000604,-0.020063,-0.000125,0.999799
probe_part_uncorrected_013,565.508000,-0.473695,0.000516,0.743852,0.000604,-0.020184,-0.000146,0.999796
probe_part_uncorrected_013,565.518000,-0.473556,0.000588,0.743789,0.000622,-0.021999,-0.000185,0.999758
probe_part_uncorrected_013,565.529000,-0.473493,0.000688,0.743778,0.000585,-0.022000,-0.000178,0.999758
probe_part_uncorrected_013,565.540000,-0.473419,0.000789,0.743769,0.000569,-0.022052,-0.000171,0.999757
probe_part_uncorrected_013,565.550000,-0.473337,0.000877,0.743761,0.000585,-0.022251,-0.000169,0.999752
probe_part_uncorrected_013,565.560000,-0.473259,0.000977,0.743761,0.000592,-0.022251,-0.000167,0.999752
probe_part_uncorrected_013,565.571000,-0.473165,0.001098,0.743761,0.000598,-0.022252,-0.000165,0.999752
probe_part_uncorrected_013,565.581000,-0.473072,0.001217,0.743761,0.000603,-0.022252,-0.000163,0.999752
probe_part_uncorrected_013,565.592000,-0.472962,0.001373,0.743748,0.000598,-0.022261,-0.000189,0.999752
probe_part_uncorrected_013,565.603000,-0.472844,0.001538,0.743740,0.000574,-0.022274,-0.000181,0.999752
probe_part_uncorrected_013,565.614000,-0.472717,0.001711,0.743723,0.000572,-0.022286,-0.000212,0.999751
probe_part_uncorrected_013,565.625000,-0.472582,0.001901,0.743714,0.000543,-0.022287,-0.000201,0.999751
probe_part_uncorrected_013,565.636000,-0.472438,0.002079,0.743710,0.000565,-0.022287,-0.000196,0.999751
probe_part_uncorrected_013,565.647000,-0.472285,0.002272,0.743709,0.000577,-0.022288,-0.000191,0.999751
probe_part_uncorrected_013,565.657000,-0.472139,0.002458,0.743710,0.000587,-0.022289,-0.000186,0.999751
probe_part_uncorrected_013,565.668000,-0.471970,0.002674,0.743710,0.000596,-0.022289,-0.000182,0.999751
probe_part_uncorrected_013,565.679000,-0.471792,0.002901,0.743710,0.000604,-0.022290,-0.000178,0.999751
probe_part_uncorrected_013,565.690000,-0.471605,0.003140,0.743710,0.000612,-0.022290,-0.000174,0.999751
probe_part_uncorrected_013,565.701000,-0.471409,0.003406,0.743692,0.000598,-0.022324,-0.000194,0.999751
probe_part_uncorrected_013,565.712000,-0.471205,0.003678,0.743685,0.000579,-0.022325,-0.000187,0.999751
probe_part_uncorrected_013,565.722000,-0.471012,0.003930,0.743680,0.000575,-0.022326,-0.000182,0.999751
probe_part_uncorrected_013,565.732000,-0.470810,0.004183,0.743677,0.000589,-0.022341,-0.000180,0.999750
probe_part_uncorrected_013,565.743000,-0.470581,0.004477,0.743666,0.000615,-0.022349,-0.000191,0.999750
probe_part_uncorrected_013,565.754000,-0.470343,0.004793,0.743657,0.000592,-0.022362,-0.000184,0.999750
probe_part_uncorrected_013,565.765000,-0.470095,0.005109,0.743651,0.000599,-0.022363,-0.000181,0.999750
probe_part_uncorrected_013,565.776000,-0.469839,0.005431,0.743649,0.000611,-0.022363,-0.000179,0.999750
probe_part_uncorrected_013,565.786000,-0.469598,0.005741,0.743637,0.000630,-0.022372,-0.000190,0.999750
probe_part_uncorrected_013,565.796000,-0.469350,0.006066,0.743628,0.000610,-0.022397,-0.000184,0.999749
probe_part_uncorrected_013,565.806000,-0.469093,0.006392,0.743621,0.000613,-0.022424,-0.000181,0.999748
probe_part_uncorrected_013,565.816000,-0.468830,0.006731,0.743605,0.000613,-0.022435,-0.000199,0.999748
probe_part_uncorrected_013,565.825000,-0.468587,0.007049,0.743597,0.000593,-0.022448,-0.000194,0.999748
probe_part_uncorrected_013,565.835000,-0.468309,0.007413,0.743576,0.000581,-0.022471,-0.000203,0.999747
probe_part_uncorrected_013,565.845000,-0.468024,0.007780,0.743554,0.000573,-0.022480,-0.000212,0.999747
probe_part_uncorrected_013,565.855000,-0.467731,0.008162,0.743542,0.000548,-0.022508,-0.000207,0.999747
probe_part_uncorrected_013,565.866000,-0.467400,0.008576,0.743534,0.000561,-0.022522,-0.000204,0.999746
probe_part_uncorrected_013,565.876000,-0.467091,0.008955,0.743521,0.000583,-0.022533,-0.000225,0.999746
probe_part_uncorrected_013,565.887000,-0.466743,0.009397,0.743514,0.000576,-0.022534,-0.000219,0.999746
probe_part_uncorrected_013,565.898000,-0.466385,0.009852,0.743509,0.000566,-0.022549,-0.000213,0.999746
probe_part_uncorrected_013,565.908000,-0.466052,0.010265,0.743491,0.000580,-0.022558,-0.000225,0.999745
probe_part_uncorrected_013,565.918000,-0.465711,0.010696,0.743485,0.000573,-0.022559,-0.000220,0.999745
probe_part_uncorrected_013,565.926000,-0.465433,0.011048,0.743480,0.000567,-0.022559,-0.000216,0.999745
probe_part_uncorrected_013,565.936000,-0.465078,0.011494,0.743475,0.000560,-0.022574,-0.000211,0.999745
probe_part_uncorrected_013,565.946000,-0.464715,0.011940,0.743459,0.000573,-0.022588,-0.000232,0.999745
probe_part_uncorrected_013,565.956000,-0.464344,0.012407,0.743450,0.000559,-0.022616,-0.000226,0.999744
probe_part_uncorrected_013,565.967000,-0.463927,0.012931,0.743443,0.000545,-0.022617,-0.000220,0.999744
probe_part_uncorrected_013,565.977000,-0.463540,0.013414,0.743437,0.000537,-0.022618,-0.000215,0.999744
probe_part_uncorrected_013,565.987000,-0.463144,0.013904,0.743431,0.000532,-0.022626,-0.000211,0.999744
probe_part_uncorrected_013,565.999000,-0.462660,0.014501,0.743425,0.000530,-0.022626,-0.000207,0.999744
probe_part_uncorrected_013,566.011000,-0.462163,0.015109,0.743419,0.000532,-0.022635,-0.000202,0.999744
probe_part_uncorrected_013,566.023000,-0.461655,0.015728,0.743414,0.000535,-0.022635,-0.000198,0.999744
probe_part_uncorrected_013,566.035000,-0.461135,0.016360,0.743409,0.000541,-0.022644,-0.000193,0.999743
probe_part_uncorrected_013,566.047000,-0.460603,0.017003,0.743403,0.000547,-0.022654,-0.000189,0.999743
probe_part_uncorrected_013,566.060000,-0.460015,0.017714,0.743398,0.000553,-0.022654,-0.000184,0.999743
probe_part_uncorrected_013,566.072000,-0.459459,0.018383,0.743392,0.000560,-0.022654,-0.000179,0.999743
probe_part_uncorrected_013,566.083000,-0.458939,0.019006,0.743387,0.000565,-0.022663,-0.000176,0.999743
probe_part_uncorrected_013,566.095000,-0.458361,0.019699,0.743381,0.000572,-0.022663,-0.000171,0.999743
probe_part_uncorrected_013,566.107000,-0.457767,0.020404,0.743373,0.000577,-0.022722,-0.000167,0.999742
probe_part_uncorrected_013,566.119000,-0.457165,0.021121,0.743366,0.000583,-0.022722,-0.000164,0.999742
probe_part_uncorrected_013,566.131000,-0.456545,0.021837,0.743346,0.000723,-0.022794,-0.000130,0.999740
probe_part_uncorrected_013,566.143000,-0.455918,0.022586,0.743336,0.000712,-0.022797,-0.000127,0.999740
probe_part_uncorrected_013,566.156000,-0.455226,0.023409,0.743325,0.000704,-0.022799,-0.000124,0.999740
probe_part_uncorrected_013,566.168000,-0.454574,0.024180,0.743316,0.000697,-0.022799,-0.000122,0.999740
probe_part_uncorrected_013,566.181000,-0.453854,0.025027,0.743306,0.000692,-0.022799,-0.000119,0.999740
probe_part_uncorrected_013,566.193000,-0.453176,0.025822,0.743296,0.000689,-0.022799,-0.000117,0.999740
probe_part_uncorrected_013,566.205000,-0.452485,0.026628,0.743286,0.000687,-0.022823,-0.000114,0.999739
probe_part_uncorrected_013,566.217000,-0.451778,0.027430,0.743264,0.000831,-0.022864,-0.000082,0.999738
probe_part_uncorrected_013,566.229000,-0.451063,0.028264,0.743253,0.000819,-0.022864,-0.000080,0.999738
probe_part_uncorrected_013,566.242000,-0.450274,0.029179,0.743241,0.000808,-0.022864,-0.000078,0.999738
probe_part_uncorrected_013,566.255000,-0.449469,0.030103,0.743228,0.000807,-0.022891,-0.000077,0.999738
probe_part_uncorrected_013,566.268000,-0.448650,0.031038,0.743218,0.000809,-0.022891,-0.000076,0.999738
probe_part_uncorrected_013,566.280000,-0.447881,0.031910,0.743209,0.000817,-0.022891,-0.000076,0.999738
probe_part_uncorrected_013,566.292000,-0.447098,0.032795,0.743200,0.000823,-0.022890,-0.000075,0.999738
probe_part_uncorrected_013,566.303000,-0.446370,0.033615,0.743192,0.000832,-0.022890,-0.000075,0.999738
probe_part_uncorrected_013,566.315000,-0.445563,0.034519,0.743183,0.000841,-0.022889,-0.000075,0.999738
probe_part_uncorrected_013,566.328000,-0.444673,0.035511,0.743173,0.000850,-0.022889,-0.000075,0.999738
probe_part_uncorrected_013,566.340000,-0.443857,0.036418,0.743143,0.001028,-0.022470,-0.000051,0.999747
probe_part_uncorrected_013,566.353000,-0.442938,0.037430,0.743135,0.001049,-0.022470,-0.000057,0.999747
probe_part_uncorrected_013,566.365000,-0.442074,0.038376,0.743119,0.001121,-0.022462,-0.000033,0.999747
probe_part_uncorrected_013,566.376000,-0.441272,0.039255,0.743107,0.001135,-0.022462,-0.000038,0.999747
probe_part_uncorrected_013,566.387000,-0.440458,0.040147,0.743097,0.001140,-0.022462,-0.000042,0.999747
probe_part_uncorrected_013,566.398000,-0.439633,0.041047,0.743088,0.001142,-0.022462,-0.000046,0.999747
probe_part_uncorrected_013,566.409000,-0.438795,0.041958,0.743078,0.001144,-0.022462,-0.000049,0.999747
probe_part_uncorrected_013,566.419000,-0.438025,0.042795,0.743049,0.001161,-0.022482,-0.000093,0.999747
probe_part_uncorrected_013,566.429000,-0.437218,0.043629,0.743019,0.001187,-0.022995,-0.000094,0.999735
probe_part_uncorrected_013,566.439000,-0.436400,0.044477,0.742993,0.001190,-0.023551,-0.000094,0.999722
probe_part_uncorrected_013,566.450000,-0.435502,0.045420,0.742973,0.001189,-0.023889,-0.000095,0.999714
probe_part_uncorrected_013,566.461000,-0.434593,0.046369,0.742940,0.001209,-0.024258,-0.000115,0.999705
probe_part_uncorrected_013,566.472000,-0.433658,0.047328,0.742912,0.001212,-0.024854,-0.000116,0.999690
probe_part_uncorrected_013,566.483000,-0.432725,0.048296,0.742892,0.001210,-0.025182,-0.000116,0.999682
probe_part_uncorrected_013,566.494000,-0.431797,0.049273,0.742880,0.001207,-0.025182,-0.000116,0.999682
probe_part_uncorrected_013,566.505000,-0.430857,0.050258,0.742869,0.001205,-0.025182,-0.000115,0.999682
probe_part_uncorrected_013,566.516000,-0.429905,0.051250,0.742858,0.001203,-0.025182,-0.000115,0.999682
probe_part_uncorrected_013,566.527000,-0.428941,0.052251,0.742846,0.001200,-0.025182,-0.000115,0.999682
probe_part_uncorrected_013,566.538000,-0.427965,0.053258,0.742834,0.001199,-0.025182,-0.000115,0.999682
probe_part_uncorrected_013,566.549000,-0.426976,0.054274,0.742822,0.001197,-0.025182,-0.000115,0.999682
probe_part_uncorrected_013,566.560000,-0.425975,0.055297,0.742809,0.001196,-0.025182,-0.000114,0.999682
probe_part_uncorrected_013,566.571000,-0.424961,0.056328,0.742797,0.001195,-0.025182,-0.000115,0.999682
probe_part_uncorrected_013,566.581000,-0.424029,0.057272,0.742785,0.001194,-0.025182,-0.000117,0.999682
probe_part_uncorrected_013,566.592000,-0.422991,0.058317,0.742773,0.001194,-0.025187,-0.000120,0.999682
probe_part_uncorrected_013,566.604000,-0.421844,0.059466,0.742759,0.001193,-0.025186,-0.000123,0.999682
probe_part_uncorrected_013,566.616000,-0.420683,0.060623,0.742744,0.001192,-0.025186,-0.000126,0.999682
probe_part_uncorrected_013,566.628000,-0.419506,0.061789,0.742730,0.001192,-0.025186,-0.000129,0.999682
probe_part_uncorrected_013,566.641000,-0.418214,0.063062,0.742714,0.001191,-0.025190,-0.000132,0.999682
probe_part_uncorrected_013,566.654000,-0.416904,0.064344,0.742698,0.001191,-0.025193,-0.000135,0.999682
probe_part_uncorrected_013,566.666000,-0.415678,0.065536,0.742683,0.001190,-0.025193,-0.000138,0.999682
probe_part_uncorrected_013,566.679000,-0.414333,0.066836,0.742666,0.001190,-0.025195,-0.000141,0.999682
probe_part_uncorrected_013,566.692000,-0.412969,0.068145,0.742649,0.001189,-0.025203,-0.000143,0.999682
probe_part_uncorrected_013,566.705000,-0.411587,0.069465,0.742632,0.001189,-0.025206,-0.000145,0.999682
probe_part_uncorrected_013,566.717000,-0.410293,0.070690,0.742616,0.001189,-0.025214,-0.000147,0.999681
probe_part_uncorrected_013,566.729000,-0.408985,0.071923,0.742600,0.001188,-0.025219,-0.000149,0.999681
probe_part_uncorrected_013,566.741000,-0.407660,0.073163,0.742583,0.001188,-0.025224,-0.000151,0.999681
probe_part_uncorrected_013,566.753000,-0.406320,0.074413,0.742567,0.001184,-0.025223,-0.000152,0.999681
probe_part_uncorrected_013,566.765000,-0.404963,0.075668,0.742550,0.001183,-0.025223,-0.000153,0.999681
probe_part_uncorrected_013,566.778000,-0.403474,0.077036,0.742531,0.001181,-0.025222,-0.000153,0.999681
probe_part_uncorrected_013,566.791000,-0.401967,0.078413,0.742513,0.001177,-0.025222,-0.000153,0.999681
probe_part_uncorrected_013,566.803000,-0.400558,0.079699,0.742487,0.001065,-0.025248,-0.000182,0.999681
probe_part_uncorrected_013,566.815000,-0.399267,0.081017,0.742367,0.000986,-0.022471,-0.000172,0.999747
probe_part_uncorrected_013,566.828000,-0.397826,0.082432,0.742254,0.000944,-0.019946,-0.000167,0.999801
probe_part_uncorrected_013,566.842000,-0.396120,0.083954,0.742227,0.000921,-0.019946,-0.000166,0.999801
probe_part_uncorrected_013,566.856000,-0.394392,0.085483,0.742202,0.000902,-0.019946,-0.000165,0.999801
probe_part_uncorrected_013,566.870000,-0.392640,0.087020,0.742177,0.000885,-0.019946,-0.000164,0.999801
probe_part_uncorrected_013,566.884000,-0.390865,0.088564,0.742154,0.000870,-0.019946,-0.000164,0.999801
probe_part_uncorrected_013,566.897000,-0.389195,0.090003,0.742132,0.000858,-0.019946,-0.000163,0.999801
probe_part_uncorrected_013,566.911000,-0.387374,0.091561,0.742108,0.000847,-0.019945,-0.000162,0.999801
probe_part_uncorrected_013,566.925000,-0.385528,0.093127,0.742084,0.000835,-0.019945,-0.000161,0.999801
probe_part_uncorrected_013,566.940000,-0.383524,0.094813,0.742059,0.000821,-0.019945,-0.000161,0.999801
probe_part_uncorrected_013,566.954000,-0.381628,0.096392,0.742034,0.000810,-0.019945,-0.000160,0.999801
probe_part_uncorrected_013,566.968000,-0.379710,0.097977,0.742010,0.000801,-0.019945,-0.000159,0.999801
probe_part_uncorrected_013,566.982000,-0.377771,0.099564,0.741986,0.000792,-0.019945,-0.000159,0.999801
probe_part_uncorrected_013,566.996000,-0.375813,0.101153,0.741962,0.000785,-0.019944,-0.000158,0.999801
probe_part_uncorrected_013,567.011000,-0.373696,0.102853,0.741936,0.000779,-0.019944,-0.000157,0.999801
probe_part_uncorrected_013,567.026000,-0.371564,0.104551,0.741910,0.000773,-0.019944,-0.000157,0.999801
probe_part_uncorrected_013,567.041000,-0.369416,0.106243,0.741884,0.000768,-0.019944,-0.000156,0.999801
probe_part_uncorrected_013,567.055000,-0.367400,0.107817,0.741861,0.000765,-0.019944,-0.000156,0.999801
probe_part_uncorrected_013,567.069000,-0.365373,0.109384,0.741837,0.000765,-0.019944,-0.000155,0.999801
probe_part_uncorrected_013,567.084000,-0.363191,0.111054,0.741812,0.000768,-0.019943,-0.000155,0.999801
probe_part_uncorrected_013,567.098000,-0.361144,0.112604,0.741790,0.000775,-0.019943,-0.000154,0.999801
probe_part_uncorrected_013,567.113000,-0.358942,0.114254,0.741766,0.000785,-0.019943,-0.000154,0.999801
probe_part_uncorrected_013,567.128000,-0.356730,0.115895,0.741743,0.000797,-0.019943,-0.000153,0.999801
probe_part_uncorrected_013,567.142000,-0.354658,0.117417,0.741722,0.000810,-0.019943,-0.000152,0.999801
probe_part_uncorrected_013,567.157000,-0.352429,0.119038,0.741700,0.000826,-0.019943,-0.000152,0.999801
probe_part_uncorrected_013,567.172000,-0.350192,0.120648,0.741677,0.000841,-0.019943,-0.000151,0.999801
probe_part_uncorrected_013,567.186000,-0.348097,0.122142,0.741657,0.000856,-0.019943,-0.000150,0.999801
probe_part_uncorrected_013,567.201000,-0.345844,0.123733,0.741635,0.000872,-0.019942,-0.000150,0.999801
probe_part_uncorrected_013,567.214000,-0.343885,0.125103,0.741616,0.000885,-0.019942,-0.000149,0.999801
probe_part_uncorrected_013,567.228000,-0.341770,0.126571,0.741595,0.000899,-0.019942,-0.000148,0.999801
probe_part_uncorrected_013,567.242000,-0.339648,0.128029,0.741574,0.000913,-0.019942,-0.000147,0.999801
probe_part_uncorrected_013,567.256000,-0.337519,0.129478,0.741553,0.000925,-0.019942,-0.000146,0.999801
probe_part_uncorrected_013,567.269000,-0.335537,0.130816,0.741533,0.000936,-0.019942,-0.000146,0.999801
probe_part_uncorrected_013,567.282000,-0.333549,0.132145,0.741514,0.000947,-0.019942,-0.000145,0.999801
probe_part_uncorrected_013,567.296000,-0.331402,0.133568,0.741492,0.000957,-0.019942,-0.000144,0.999801
probe_part_uncorrected_013,567.310000,-0.329249,0.134982,0.741471,0.000967,-0.019942,-0.000143,0.999801
probe_part_uncorrected_013,567.324000,-0.327090,0.136387,0.741449,0.000975,-0.019942,-0.000142,0.999801
probe_part_uncorrected_013,567.338000,-0.324925,0.137782,0.741427,0.000984,-0.019942,-0.000141,0.999801
probe_part_uncorrected_013,567.353000,-0.322599,0.139267,0.741404,0.000992,-0.019942,-0.000140,0.999801
probe_part_uncorrected_013,567.367000,-0.320421,0.140643,0.741382,0.000998,-0.019942,-0.000139,0.999801
probe_part_uncorrected_013,567.381000,-0.318238,0.142010,0.741359,0.001005,-0.019942,-0.000139,0.999801
probe_part_uncorrected_013,567.395000,-0.316049,0.143367,0.741337,0.001010,-0.019941,-0.000138,0.999801
probe_part_uncorrected_013,567.410000,-0.313697,0.144811,0.741313,0.001016,-0.019941,-0.000137,0.999801
probe_part_uncorrected_013,567.425000,-0.311338,0.146243,0.741289,0.001021,-0.019941,-0.000136,0.999801
probe_part_uncorrected_013,567.440000,-0.308973,0.147664,0.741265,0.001026,-0.019941,-0.000135,0.999801
probe_part_uncorrected_013,567.455000,-0.306601,0.149075,0.741240,0.001030,-0.019941,-0.000134,0.999801
probe_part_uncorrected_013,567.470000,-0.304223,0.150474,0.741216,0.001035,-0.019941,-0.000133,0.999801
probe_part_uncorrected_013,567.485000,-0.301838,0.151863,0.741191,0.001034,-0.019941,-0.000132,0.999801
probe_part_uncorrected_013,567.500000,-0.299447,0.153239,0.741166,0.001039,-0.019941,-0.000131,0.999801
probe_part_uncorrected_013,567.515000,-0.297050,0.154605,0.741142,0.001040,-0.019941,-0.000130,0.999801
probe_part_uncorrected_013,567.530000,-0.294647,0.155958,0.741117,0.001045,-0.019941,-0.000129,0.999801
probe_part_uncorrected_013,567.545000,-0.292237,0.157300,0.741092,0.001049,-0.019941,-0.000128,0.999801
probe_part_uncorrected_013,567.560000,-0.289822,0.158631,0.741068,0.001053,-0.019941,-0.000127,0.999801
probe_part_uncorrected_013,567.575000,-0.287400,0.159950,0.741043,0.001057,-0.019941,-0.000126,0.999801
probe_part_uncorrected_013,567.590000,-0.284972,0.161259,0.741019,0.001059,-0.019941,-0.000125,0.999801
probe_part_uncorrected_013,567.605000,-0.282539,0.162555,0.740994,0.001063,-0.019940,-0.000124,0.999801
probe_part_uncorrected_013,567.620000,-0.280099,0.163839,0.740969,0.001067,-0.019940,-0.000123,0.999801
probe_part_uncorrected_013,567.635000,-0.277654,0.165112,0.740945,0.001070,-0.019940,-0.000122,0.999801
probe_part_uncorrected_013,567.650000,-0.275203,0.166373,0.740920,0.001074,-0.019940,-0.000121,0.999801
probe_part_uncorrected_013,567.664000,-0.272910,0.167540,0.740897,0.001077,-0.019940,-0.000120,0.999801
probe_part_uncorrected_013,567.679000,-0.270448,0.168780,0.740872,0.001077,-0.019940,-0.000119,0.999801
probe_part_uncorrected_013,567.693000,-0.268145,0.169925,0.740849,0.001081,-0.019940,-0.000118,0.999801
probe_part_uncorrected_013,567.705000,-0.266167,0.170899,0.740829,0.001084,-0.019940,-0.000117,0.999801
probe_part_uncorrected_013,567.720000,-0.263689,0.172105,0.740805,0.001088,-0.019940,-0.000117,0.999801
probe_part_uncorrected_013,567.735000,-0.261207,0.173300,0.740780,0.001091,-0.019940,-0.000116,0.999801
probe_part_uncorrected_013,567.750000,-0.258718,0.174483,0.740755,0.001094,-0.019940,-0.000115,0.999801
probe_part_uncorrected_013,567.765000,-0.256225,0.175655,0.740731,0.001097,-0.019940,-0.000114,0.999801
probe_part_uncorrected_013,567.780000,-0.253726,0.176814,0.740706,0.001100,-0.019940,-0.000113,0.999801
probe_part_uncorrected_013,567.795000,-0.251222,0.177962,0.740681,0.001103,-0.019940,-0.000112,0.999801
probe_part_uncorrected_013,567.810000,-0.248713,0.179097,0.740656,0.001105,-0.019940,-0.000111,0.999801
probe_part_uncorrected_013,567.824000,-0.246366,0.180147,0.740633,0.001108,-0.019940,-0.000110,0.999801
probe_part_uncorrected_013,567.839000,-0.243847,0.181259,0.740608,0.001111,-0.019940,-0.000109,0.999801
probe_part_uncorrected_013,567.854000,-0.241323,0.182360,0.740583,0.001113,-0.019940,-0.000108,0.999801
probe_part_uncorrected_013,567.869000,-0.238794,0.183449,0.740559,0.001116,-0.019940,-0.000107,0.999801
probe_part_uncorrected_013,567.884000,-0.236260,0.184525,0.740534,0.001118,-0.019940,-0.000106,0.999801
probe_part_uncorrected_013,567.899000,-0.233721,0.185590,0.740509,0.001121,-0.019940,-0.000105,0.999801
probe_part_uncorrected_013,567.914000,-0.231177,0.186643,0.740484,0.001124,-0.019940,-0.000104,0.999801
probe_part_uncorrected_013,567.929000,-0.228629,0.187683,0.740459,0.001126,-0.019940,-0.000103,0.999801
probe_part_uncorrected_013,567.944000,-0.226076,0.188711,0.740434,0.001129,-0.019940,-0.000103,0.999801
probe_part_uncorrected_013,567.958000,-0.223689,0.189660,0.740411,0.001131,-0.019940,-0.000102,0.999801
probe_part_uncorrected_013,567.973000,-0.221127,0.190665,0.740386,0.001134,-0.019940,-0.000101,0.999801
probe_part_uncorrected_013,567.988000,-0.218561,0.191658,0.740361,0.001136,-0.019940,-0.000100,0.999801
probe_part_uncorrected_013,568.002000,-0.216161,0.192573,0.740338,0.001139,-0.019940,-0.000099,0.999801
probe_part_uncorrected_013,568.017000,-0.213587,0.193542,0.740313,0.001142,-0.019940,-0.000098,0.999801
probe_part_uncorrected_013,568.032000,-0.211007,0.194499,0.740288,0.001144,-0.019940,-0.000097,0.999801
probe_part_uncorrected_013,568.047000,-0.208424,0.195444,0.740263,0.001147,-0.019940,-0.000096,0.999801
probe_part_uncorrected_013,568.061000,-0.206009,0.196314,0.740240,0.001149,-0.019940,-0.000095,0.999801
probe_part_uncorrected_013,568.076000,-0.203417,0.197235,0.740215,0.001152,-0.019940,-0.000094,0.999801
probe_part_uncorrected_013,568.091000,-0.200822,0.198143,0.740190,0.001155,-0.019940,-0.000093,0.999801
probe_part_uncorrected_013,568.106000,-0.198222,0.199039,0.740166,0.001158,-0.019940,-0.000093,0.999801
probe_part_uncorrected_013,568.121000,-0.195618,0.199923,0.740141,0.001161,-0.019940,-0.000092,0.999801
probe_part_uncorrected_013,568.135000,-0.193185,0.200737,0.740117,0.001163,-0.019940,-0.000091,0.999801
probe_part_uncorrected_013,568.150000,-0.190573,0.201597,0.740093,0.001166,-0.019940,-0.000090,0.999800
probe_part_uncorrected_013,568.164000,-0.188133,0.202388,0.740069,0.001168,-0.019940,-0.000089,0.999800
probe_part_uncorrected_013,568.179000,-0.185514,0.203224,0.740044,0.001170,-0.019940,-0.000088,0.999800
probe_part_uncorrected_013,568.194000,-0.182892,0.204048,0.740019,0.001173,-0.019940,-0.000087,0.999800
probe_part_uncorrected_013,568.208000,-0.180441,0.204806,0.739996,0.001174,-0.019940,-0.000086,0.999800
probe_part_uncorrected_013,568.220000,-0.178338,0.205448,0.739976,0.001172,-0.019939,-0.000086,0.999800
probe_part_uncorrected_013,568.232000,-0.176238,0.206105,0.739935,0.001041,-0.019870,-0.000109,0.999802
probe_part_uncorrected_013,568.244000,-0.174130,0.206727,0.739910,0.001053,-0.019876,-0.000110,0.999802
probe_part_uncorrected_013,568.256000,-0.172020,0.207347,0.739888,0.001048,-0.019876,-0.000111,0.999802
probe_part_uncorrected_013,568.269000,-0.169767,0.207999,0.739865,0.001044,-0.019890,-0.000112,0.999802
probe_part_uncorrected_013,568.282000,-0.167470,0.208654,0.739842,0.001039,-0.019889,-0.000112,0.999802
probe_part_uncorrected_013,568.294000,-0.165348,0.209249,0.739821,0.001037,-0.019889,-0.000113,0.999802
probe_part_uncorrected_013,568.306000,-0.163226,0.209837,0.739800,0.001034,-0.019889,-0.000114,0.999802
probe_part_uncorrected_013,568.318000,-0.161101,0.210415,0.739779,0.001031,-0.019889,-0.000114,0.999802
probe_part_uncorrected_013,568.331000,-0.158799,0.211033,0.739757,0.001026,-0.019888,-0.000114,0.999802
probe_part_uncorrected_013,568.344000,-0.156494,0.211640,0.739734,0.001026,-0.019887,-0.000115,0.999802
probe_part_uncorrected_013,568.356000,-0.154365,0.212192,0.739714,0.001023,-0.019886,-0.000114,0.999802
probe_part_uncorrected_013,568.369000,-0.152057,0.212780,0.739691,0.001023,-0.019885,-0.000115,0.999802
probe_part_uncorrected_013,568.381000,-0.149925,0.213316,0.739671,0.001020,-0.019885,-0.000115,0.999802
probe_part_uncorrected_013,568.393000,-0.147792,0.213842,0.739650,0.001019,-0.019884,-0.000115,0.999802
probe_part_uncorrected_013,568.405000,-0.145656,0.214361,0.739630,0.001016,-0.019883,-0.000115,0.999802
probe_part_uncorrected_013,568.418000,-0.143341,0.214915,0.739607,0.001011,-0.019882,-0.000114,0.999802
probe_part_uncorrected_013,568.433000,-0.140667,0.215542,0.739580,0.001004,-0.019882,-0.000113,0.999802
probe_part_uncorrected_013,568.448000,-0.137991,0.216154,0.739554,0.001001,-0.019882,-0.000112,0.999802
probe_part_uncorrected_013,568.463000,-0.135312,0.216753,0.739529,0.001002,-0.019882,-0.000111,0.999802
probe_part_uncorrected_013,568.477000,-0.132809,0.217298,0.739505,0.001005,-0.019881,-0.000111,0.999802
probe_part_uncorrected_013,568.491000,-0.130305,0.217833,0.739483,0.001010,-0.019881,-0.000110,0.999802
probe_part_uncorrected_013,568.506000,-0.127652,0.218386,0.739459,0.001016,-0.019881,-0.000109,0.999802
probe_part_uncorrected_013,568.521000,-0.124957,0.218935,0.739434,0.001021,-0.019881,-0.000108,0.999802
probe_part_uncorrected_013,568.536000,-0.122261,0.219471,0.739410,0.001027,-0.019881,-0.000107,0.999802
probe_part_uncorrected_013,568.550000,-0.119744,0.219960,0.739387,0.001031,-0.019881,-0.000106,0.999802
probe_part_uncorrected_013,568.565000,-0.117046,0.220471,0.739363,0.001036,-0.019881,-0.000105,0.999802
probe_part_uncorrected_013,568.580000,-0.114346,0.220970,0.739338,0.001040,-0.019881,-0.000104,0.999802
probe_part_uncorrected_013,568.594000,-0.111825,0.221423,0.739315,0.001044,-0.019881,-0.000103,0.999802
probe_part_uncorrected_013,568.607000,-0.109501,0.221832,0.739294,0.001047,-0.019881,-0.000102,0.999802
probe_part_uncorrected_013,568.620000,-0.107154,0.222235,0.739272,0.001050,-0.019881,-0.000101,0.999802
probe_part_uncorrected_013,568.634000,-0.104626,0.222658,0.739249,0.001052,-0.019881,-0.000100,0.999802
probe_part_uncorrected_013,568.647000,-0.102278,0.223040,0.739227,0.001054,-0.019881,-0.000099,0.999802
probe_part_uncorrected_013,568.660000,-0.099929,0.223414,0.739205,0.001056,-0.019881,-0.000098,0.999802
probe_part_uncorrected_013,568.669000,-0.098311,0.223665,0.739190,0.001057,-0.019881,-0.000098,0.999802
probe_part_uncorrected_013,568.681000,-0.096206,0.223985,0.739171,0.001058,-0.019881,-0.000097,0.999802
probe_part_uncorrected_013,568.695000,-0.093659,0.224362,0.739147,0.001059,-0.019881,-0.000096,0.999802
probe_part_uncorrected_013,568.710000,-0.090933,0.224753,0.739122,0.001060,-0.019881,-0.000095,0.999802
probe_part_uncorrected_013,568.725000,-0.088207,0.225131,0.739096,0.001061,-0.019881,-0.000094,0.999802
probe_part_uncorrected_013,568.740000,-0.085483,0.225495,0.739071,0.001062,-0.019881,-0.000093,0.999802
probe_part_uncorrected_013,568.755000,-0.082759,0.225847,0.739045,0.001061,-0.019881,-0.000092,0.999802
probe_part_uncorrected_013,568.770000,-0.080034,0.226185,0.739020,0.001062,-0.019881,-0.000091,0.999802
probe_part_uncorrected_013,568.785000,-0.077310,0.226510,0.738994,0.001064,-0.019881,-0.000090,0.999802
probe_part_uncorrected_013,568.800000,-0.074585,0.226823,0.738969,0.001063,-0.019881,-0.000089,0.999802
probe_part_uncorrected_013,568.815000,-0.071860,0.227121,0.738943,0.001065,-0.019881,-0.000088,0.999802
probe_part_uncorrected_013,568.830000,-0.069134,0.227407,0.738918,0.001067,-0.019881,-0.000087,0.999802
probe_part_uncorrected_013,568.845000,-0.066408,0.227680,0.738893,0.001069,-0.019881,-0.000086,0.999802
probe_part_uncorrected_013,568.860000,-0.063680,0.227942,0.738867,0.001067,-0.019881,-0.000085,0.999802
probe_part_uncorrected_013,568.873000,-0.061316,0.228156,0.738845,0.001069,-0.019881,-0.000085,0.999802
probe_part_uncorrected_013,568.886000,-0.058951,0.228361,0.738823,0.001071,-0.019881,-0.000084,0.999802
probe_part_uncorrected_013,568.899000,-0.056586,0.228556,0.738801,0.001073,-0.019881,-0.000083,0.999802
probe_part_uncorrected_013,568.912000,-0.054221,0.228743,0.738779,0.001073,-0.019881,-0.000082,0.999802
probe_part_uncorrected_013,568.915000,-0.053675,0.228784,0.738774,0.001074,-0.019881,-0.000082,0.999802
probe_part_uncorrected_013,568.926000,-0.051672,0.228932,0.738756,0.001076,-0.019881,-0.000081,0.999802
probe_part_uncorrected_013,568.940000,-0.049124,0.229109,0.738732,0.001079,-0.019881,-0.000081,0.999802
probe_part_uncorrected_013,568.954000,-0.046575,0.229276,0.738709,0.001081,-0.019881,-0.000080,0.999802
probe_part_uncorrected_013,568.968000,-0.044025,0.229431,0.738685,0.001084,-0.019881,-0.000079,0.999802
probe_part_uncorrected_013,568.983000,-0.041293,0.229585,0.738660,0.001086,-0.019881,-0.000078,0.999802
probe_part_uncorrected_013,568.997000,-0.038742,0.229717,0.738637,0.001088,-0.019881,-0.000077,0.999802
probe_part_uncorrected_013,569.012000,-0.036009,0.229846,0.738611,0.001090,-0.019881,-0.000076,0.999802
probe_part_uncorrected_013,569.027000,-0.033276,0.229962,0.738586,0.001093,-0.019881,-0.000075,0.999802
probe_part_uncorrected_013,569.042000,-0.030542,0.230065,0.738561,0.001095,-0.019881,-0.000074,0.999802
probe_part_uncorrected_013,569.057000,-0.027808,0.230156,0.738536,0.001097,-0.019881,-0.000074,0.999802
probe_part_uncorrected_013,569.072000,-0.025075,0.230233,0.738510,0.001099,-0.019881,-0.000073,0.999802
probe_part_uncorrected_013,569.087000,-0.022340,0.230298,0.738485,0.001101,-0.019881,-0.000072,0.999802
probe_part_uncorrected_013,569.102000,-0.019606,0.230349,0.738460,0.001104,-0.019881,-0.000071,0.999802
probe_part_uncorrected_013,569.117000,-0.016872,0.230388,0.738435,0.001106,-0.019881,-0.000070,0.999802
probe_part_uncorrected_013,569.132000,-0.014138,0.230414,0.738409,0.001109,-0.019880,-0.000069,0.999802
probe_part_uncorrected_013,569.147000,-0.011405,0.230427,0.738384,0.001111,-0.019880,-0.000068,0.999802
probe_part_uncorrected_013,569.160000,-0.009035,0.230428,0.738362,0.001113,-0.019880,-0.000067,0.999802
probe_part_uncorrected_013,569.173000,-0.006666,0.230421,0.738340,0.001110,-0.019880,-0.000067,0.999802
probe_part_uncorrected_013,569.186000,-0.004298,0.230403,0.738318,0.001110,-0.019880,-0.000066,0.999802
probe_part_uncorrected_013,569.199000,-0.001935,0.230398,0.738282,0.000983,-0.019799,-0.000088,0.999803
probe_part_uncorrected_013,569.211000,0.000253,0.230358,0.738251,0.001001,-0.019836,-0.000090,0.999803
probe_part_uncorrected_013,569.223000,0.002440,0.230317,0.738228,0.000999,-0.019849,-0.000091,0.999802
probe_part_uncorrected_013,569.236000,0.004808,0.230266,0.738205,0.000993,-0.019864,-0.000092,0.999802
probe_part_uncorrected_013,569.249000,0.007175,0.230204,0.738181,0.000988,-0.019863,-0.000093,0.999802
probe_part_uncorrected_013,569.262000,0.009543,0.230131,0.738158,0.000985,-0.019885,-0.000094,0.999802
probe_part_uncorrected_013,569.275000,0.011910,0.230050,0.738134,0.000981,-0.019904,-0.000095,0.999801
probe_part_uncorrected_013,569.288000,0.014275,0.229958,0.738112,0.000978,-0.019904,-0.000095,0.999801
probe_part_uncorrected_013,569.301000,0.016640,0.229857,0.738089,0.000974,-0.019903,-0.000096,0.999801
probe_part_uncorrected_013,569.314000,0.019005,0.229745,0.738066,0.000971,-0.019902,-0.000096,0.999801
probe_part_uncorrected_013,569.327000,0.021368,0.229623,0.738044,0.000970,-0.019901,-0.000096,0.999801
probe_part_uncorrected_013,569.340000,0.023731,0.229493,0.738021,0.000967,-0.019900,-0.000096,0.999802
probe_part_uncorrected_013,569.353000,0.026093,0.229351,0.737998,0.000966,-0.019899,-0.000097,0.999802
probe_part_uncorrected_013,569.366000,0.028455,0.229201,0.737976,0.000964,-0.019897,-0.000097,0.999802
probe_part_uncorrected_013,569.379000,0.030815,0.229041,0.737953,0.000961,-0.019896,-0.000096,0.999802
probe_part_uncorrected_013,569.392000,0.033175,0.228871,0.737931,0.000960,-0.019895,-0.000097,0.999802
probe_part_uncorrected_013,569.404000,0.035353,0.228706,0.737910,0.000957,-0.019894,-0.000097,0.999802
probe_part_uncorrected_013,569.416000,0.037529,0.228532,0.737889,0.000955,-0.019894,-0.000096,0.999802
probe_part_uncorrected_013,569.430000,0.040068,0.228318,0.737865,0.000954,-0.019894,-0.000095,0.999802
probe_part_uncorrected_013,569.445000,0.042786,0.228075,0.737839,0.000956,-0.019893,-0.000095,0.999802
probe_part_uncorrected_013,569.460000,0.045503,0.227818,0.737814,0.000961,-0.019893,-0.000094,0.999802
probe_part_uncorrected_013,569.474000,0.048038,0.227566,0.737791,0.000965,-0.019893,-0.000093,0.999802
probe_part_uncorrected_013,569.489000,0.050752,0.227285,0.737767,0.000970,-0.019893,-0.000092,0.999802
probe_part_uncorrected_013,569.504000,0.053464,0.226990,0.737742,0.000974,-0.019893,-0.000091,0.999802
probe_part_uncorrected_013,569.519000,0.056175,0.226684,0.737717,0.000979,-0.019893,-0.000089,0.999802
probe_part_uncorrected_013,569.534000,0.058884,0.226364,0.737693,0.000983,-0.019893,-0.000088,0.999802
probe_part_uncorrected_013,569.549000,0.061592,0.226032,0.737668,0.000987,-0.019893,-0.000087,0.999802
probe_part_uncorrected_013,569.564000,0.064297,0.225688,0.737643,0.000991,-0.019893,-0.000086,0.999802
probe_part_uncorrected_013,569.579000,0.067001,0.225331,0.737618,0.000994,-0.019893,-0.000085,0.999802
probe_part_uncorrected_013,569.593000,0.069523,0.224986,0.737594,0.000996,-0.019893,-0.000084,0.999802
probe_part_uncorrected_013,569.607000,0.072043,0.224631,0.737571,0.000998,-0.019893,-0.000083,0.999802
probe_part_uncorrected_013,569.622000,0.074741,0.224238,0.737545,0.001000,-0.019893,-0.000082,0.999802
probe_part_uncorrected_013,569.636000,0.077257,0.223861,0.737522,0.001001,-0.019893,-0.000081,0.999802
probe_part_uncorrected_013,569.651000,0.079951,0.223443,0.737496,0.001003,-0.019893,-0.000080,0.999802
probe_part_uncorrected_013,569.665000,0.082463,0.223043,0.737472,0.001004,-0.019893,-0.000079,0.999802
probe_part_uncorrected_013,569.680000,0.085152,0.222602,0.737447,0.001005,-0.019893,-0.000078,0.999802
probe_part_uncorrected_013,569.695000,0.087840,0.222148,0.737421,0.001006,-0.019893,-0.000077,0.999802
probe_part_uncorrected_013,569.709000,0.090345,0.221713,0.737397,0.001006,-0.019893,-0.000076,0.999802
probe_part_uncorrected_013,569.723000,0.092849,0.221267,0.737373,0.001007,-0.019893,-0.000076,0.999802
probe_part_uncorrected_013,569.738000,0.095529,0.220777,0.737348,0.001008,-0.019893,-0.000075,0.999802
probe_part_uncorrected_013,569.753000,0.098207,0.220274,0.737322,0.001009,-0.019893,-0.000074,0.999802
probe_part_uncorrected_013,569.768000,0.100882,0.219759,0.737296,0.001010,-0.019893,-0.000073,0.999802
probe_part_uncorrected_013,569.782000,0.103376,0.219267,0.737272,0.001011,-0.019893,-0.000072,0.999802
probe_part_uncorrected_013,569.796000,0.105867,0.218764,0.737249,0.001012,-0.019893,-0.000071,0.999802
probe_part_uncorrected_013,569.810000,0.108357,0.218250,0.737225,0.001013,-0.019893,-0.000070,0.999802
probe_part_uncorrected_013,569.825000,0.111021,0.217687,0.737199,0.001014,-0.019893,-0.000069,0.999802
probe_part_uncorrected_013,569.839000,0.113505,0.217150,0.737175,0.001016,-0.019893,-0.000068,0.999802
probe_part_uncorrected_013,569.854000,0.116164,0.216563,0.737150,0.001017,-0.019893,-0.000067,0.999802
probe_part_uncorrected_013,569.869000,0.118819,0.215963,0.737124,0.001019,-0.019893,-0.000066,0.999802
probe_part_uncorrected_013,569.884000,0.121472,0.215350,0.737098,0.001021,-0.019893,-0.000065,0.999802
probe_part_uncorrected_013,569.899000,0.124121,0.214726,0.737073,0.001023,-0.019893,-0.000065,0.999802
probe_part_uncorrected_013,569.913000,0.126591,0.214131,0.737049,0.001025,-0.019893,-0.000064,0.999802
probe_part_uncorrected_013,569.928000,0.129234,0.213482,0.737024,0.001027,-0.019893,-0.000063,0.999802
probe_part_uncorrected_013,569.943000,0.131874,0.212821,0.736998,0.001029,-0.019892,-0.000062,0.999802
probe_part_uncorrected_013,569.958000,0.134510,0.212147,0.736973,0.001032,-0.019892,-0.000061,0.999802
probe_part_uncorrected_013,569.973000,0.137143,0.211461,0.736947,0.001034,-0.019892,-0.000060,0.999802
probe_part_uncorrected_013,569.988000,0.139773,0.210762,0.736922,0.001037,-0.019892,-0.000059,0.999802
probe_part_uncorrected_013,570.002000,0.142224,0.210099,0.736898,0.001040,-0.019892,-0.000058,0.999802
probe_part_uncorrected_013,570.016000,0.144672,0.209425,0.736875,0.001042,-0.019892,-0.000057,0.999802
probe_part_uncorrected_013,570.030000,0.147116,0.208741,0.736851,0.001045,-0.019892,-0.000057,0.999802
probe_part_uncorrected_013,570.044000,0.149558,0.208045,0.736827,0.001047,-0.019892,-0.000056,0.999802
probe_part_uncorrected_013,570.059000,0.152170,0.207289,0.736802,0.001050,-0.019892,-0.000055,0.999802
probe_part_uncorrected_013,570.074000,0.154778,0.206520,0.736776,0.001052,-0.019892,-0.000054,0.999802
probe_part_uncorrected_013,570.089000,0.157383,0.205739,0.736751,0.001055,-0.019892,-0.000053,0.999802
probe_part_uncorrected_013,570.102000,0.159631,0.205079,0.736713,0.000921,-0.019801,-0.000076,0.999804
probe_part_uncorrected_013,570.114000,0.161710,0.204434,0.736682,0.000933,-0.019819,-0.000076,0.999803
probe_part_uncorrected_013,570.126000,0.163785,0.203787,0.736659,0.000931,-0.019819,-0.000077,0.999803
probe_part_uncorrected_013,570.139000,0.166031,0.203077,0.736636,0.000927,-0.019818,-0.000078,0.999803
probe_part_uncorrected_013,570.151000,0.168101,0.202414,0.736614,0.000923,-0.019818,-0.000079,0.999803
probe_part_uncorrected_013,570.163000,0.170169,0.201743,0.736592,0.000920,-0.019843,-0.000079,0.999803
probe_part_uncorrected_013,570.175000,0.172236,0.201064,0.736570,0.000919,-0.019886,-0.000080,0.999802
probe_part_uncorrected_013,570.188000,0.174469,0.200319,0.736547,0.000915,-0.019886,-0.000081,0.999802
probe_part_uncorrected_013,570.200000,0.176528,0.199624,0.736526,0.000913,-0.019885,-0.000081,0.999802
probe_part_uncorrected_013,570.212000,0.178584,0.198920,0.736505,0.000911,-0.019884,-0.000081,0.999802
probe_part_uncorrected_013,570.224000,0.180638,0.198209,0.736484,0.000909,-0.019883,-0.000081,0.999802
probe_part_uncorrected_013,570.237000,0.182859,0.197429,0.736461,0.000908,-0.019882,-0.000082,0.999802
probe_part_uncorrected_013,570.250000,0.185076,0.196641,0.736439,0.000906,-0.019881,-0.000081,0.999802
probe_part_uncorrected_013,570.263000,0.187291,0.195843,0.736416,0.000904,-0.019880,-0.000081,0.999802
probe_part_uncorrected_013,570.275000,0.189332,0.195098,0.736395,0.000904,-0.019879,-0.000082,0.999802
probe_part_uncorrected_013,570.288000,0.191539,0.194286,0.736372,0.000895,-0.019879,-0.000080,0.999802
probe_part_uncorrected_013,570.301000,0.193743,0.193463,0.736348,0.000889,-0.019879,-0.000079,0.999802
probe_part_uncorrected_013,570.315000,0.196113,0.192566,0.736323,0.000885,-0.019879,-0.000079,0.999802
probe_part_uncorrected_013,570.329000,0.198479,0.191658,0.736299,0.000884,-0.019878,-0.000078,0.999802
probe_part_uncorrected_013,570.343000,0.200840,0.190737,0.736275,0.000886,-0.019878,-0.000077,0.999802
probe_part_uncorrected_013,570.354000,0.202692,0.190006,0.736256,0.000890,-0.019878,-0.000076,0.999802
probe_part_uncorrected_013,570.367000,0.204878,0.189134,0.736235,0.000896,-0.019878,-0.000076,0.999802
probe_part_uncorrected_013,570.381000,0.207228,0.188184,0.736212,0.000903,-0.019878,-0.000075,0.999802
probe_part_uncorrected_013,570.395000,0.209573,0.187223,0.736189,0.000912,-0.019878,-0.000074,0.999802
probe_part_uncorrected_013,570.409000,0.211914,0.186252,0.736167,0.000919,-0.019878,-0.000073,0.999802
probe_part_uncorrected_013,570.422000,0.214083,0.185343,0.736146,0.000925,-0.019878,-0.000072,0.999802
probe_part_uncorrected_013,570.436000,0.216415,0.184353,0.736123,0.000931,-0.019878,-0.000071,0.999802
probe_part_uncorrected_013,570.451000,0.218909,0.183282,0.736098,0.000937,-0.019878,-0.000070,0.999802
probe_part_uncorrected_013,570.466000,0.221397,0.182199,0.736073,0.000942,-0.019878,-0.000069,0.999802
probe_part_uncorrected_013,570.481000,0.223880,0.181105,0.736048,0.000947,-0.019878,-0.000068,0.999802
probe_part_uncorrected_013,570.496000,0.226358,0.180000,0.736023,0.000952,-0.019878,-0.000067,0.999802
probe_part_uncorrected_013,570.509000,0.228501,0.179033,0.736001,0.000956,-0.019878,-0.000066,0.999802
probe_part_uncorrected_013,570.521000,0.230475,0.178132,0.735981,0.000959,-0.019878,-0.000066,0.999802
probe_part_uncorrected_013,570.529000,0.231787,0.177529,0.735968,0.000961,-0.019878,-0.000065,0.999802
probe_part_uncorrected_013,570.543000,0.234071,0.176470,0.735944,0.000964,-0.019878,-0.000064,0.999802
probe_part_uncorrected_013,570.558000,0.236529,0.175316,0.735919,0.000968,-0.019878,-0.000063,0.999802
probe_part_uncorrected_013,570.573000,0.238980,0.174151,0.735894,0.000971,-0.019878,-0.000062,0.999802
probe_part_uncorrected_013,570.587000,0.241263,0.173053,0.735870,0.000974,-0.019878,-0.000061,0.999802
probe_part_uncorrected_013,570.601000,0.243540,0.171946,0.735846,0.000977,-0.019878,-0.000060,0.999802
probe_part_uncorrected_013,570.615000,0.245812,0.170829,0.735822,0.000980,-0.019878,-0.000059,0.999802
probe_part_uncorrected_013,570.629000,0.248078,0.169703,0.735799,0.000982,-0.019878,-0.000058,0.999802
probe_part_uncorrected_013,570.644000,0.250500,0.168485,0.735773,0.000985,-0.019878,-0.000057,0.999802
probe_part_uncorrected_013,570.659000,0.252917,0.167256,0.735748,0.000988,-0.019878,-0.000056,0.999802
probe_part_uncorrected_013,570.673000,0.255166,0.166098,0.735724,0.000991,-0.019878,-0.000055,0.999802
probe_part_uncorrected_013,570.688000,0.257570,0.164847,0.735698,0.000994,-0.019878,-0.000054,0.999802
probe_part_uncorrected_013,570.702000,0.259809,0.163670,0.735674,0.000996,-0.019878,-0.000053,0.999802
probe_part_uncorrected_013,570.716000,0.262042,0.162483,0.735651,0.000999,-0.019878,-0.000052,0.999802
probe_part_uncorrected_013,570.731000,0.264428,0.161201,0.735625,0.001001,-0.019878,-0.000051,0.999802
probe_part_uncorrected_013,570.745000,0.266649,0.159994,0.735601,0.001003,-0.019878,-0.000050,0.999802
probe_part_uncorrected_013,570.757000,0.268555,0.158962,0.735563,0.000939,-0.019967,-0.000026,0.999800
probe_part_uncorrected_013,570.770000,0.270608,0.157826,0.735538,0.000940,-0.019967,-0.000030,0.999800
probe_part_uncorrected_013,570.782000,0.272501,0.156773,0.735516,0.000936,-0.019985,-0.000033,0.999800
probe_part_uncorrected_013,570.795000,0.274545,0.155623,0.735493,0.000932,-0.019985,-0.000036,0.999800
probe_part_uncorrected_013,570.808000,0.276584,0.154465,0.735469,0.000929,-0.019984,-0.000039,0.999800
probe_part_uncorrected_013,570.821000,0.278618,0.153298,0.735446,0.000925,-0.019984,-0.000042,0.999800
probe_part_uncorrected_013,570.833000,0.280492,0.152214,0.735425,0.000923,-0.019983,-0.000044,0.999800
probe_part_uncorrected_013,570.846000,0.282517,0.151031,0.735402,0.000920,-0.019982,-0.000047,0.999800
probe_part_uncorrected_013,570.858000,0.284381,0.149932,0.735381,0.000918,-0.019981,-0.000050,0.999800
probe_part_uncorrected_013,570.871000,0.286396,0.148733,0.735358,0.000916,-0.019980,-0.000052,0.999800
probe_part_uncorrected_013,570.883000,0.288252,0.147619,0.735337,0.000914,-0.019979,-0.000055,0.999800
probe_part_uncorrected_013,570.895000,0.290103,0.146498,0.735316,0.000913,-0.019978,-0.000057,0.999800
probe_part_uncorrected_013,570.907000,0.291950,0.145370,0.735295,0.000911,-0.019977,-0.000059,0.999800
probe_part_uncorrected_013,570.919000,0.293792,0.144235,0.735273,0.000910,-0.019975,-0.000061,0.999800
probe_part_uncorrected_013,570.931000,0.295630,0.143093,0.735252,0.000909,-0.019974,-0.000063,0.999800
probe_part_uncorrected_013,570.943000,0.297463,0.141946,0.735231,0.000904,-0.019973,-0.000063,0.999800
probe_part_uncorrected_013,570.955000,0.299292,0.140791,0.735210,0.000903,-0.019972,-0.000064,0.999800
probe_part_uncorrected_013,570.967000,0.301117,0.139629,0.735188,0.000900,-0.019971,-0.000064,0.999800
probe_part_uncorrected_013,570.979000,0.302937,0.138461,0.735167,0.000896,-0.019970,-0.000064,0.999800
probe_part_uncorrected_013,570.991000,0.304752,0.137286,0.735146,0.000894,-0.019969,-0.000064,0.999800
probe_part_uncorrected_013,571.003000,0.306563,0.136103,0.735124,0.000892,-0.019968,-0.000065,0.999800
probe_part_uncorrected_013,571.016000,0.308520,0.134814,0.735101,0.000890,-0.019966,-0.000065,0.999800
probe_part_uncorrected_013,571.029000,0.310471,0.133519,0.735078,0.000886,-0.019965,-0.000065,0.999800
probe_part_uncorrected_013,571.042000,0.312416,0.132214,0.735055,0.000885,-0.019964,-0.000066,0.999800
probe_part_uncorrected_013,571.055000,0.314356,0.130903,0.735032,0.000881,-0.019963,-0.000065,0.999800
probe_part_uncorrected_013,571.068000,0.316291,0.129582,0.735009,0.000880,-0.019962,-0.000066,0.999800
probe_part_uncorrected_013,571.081000,0.318220,0.128254,0.734986,0.000879,-0.019961,-0.000067,0.999800
probe_part_uncorrected_013,571.095000,0.320291,0.126815,0.734961,0.000877,-0.019961,-0.000065,0.999800
probe_part_uncorrected_013,571.109000,0.322356,0.125363,0.734937,0.000881,-0.019961,-0.000064,0.999800
probe_part_uncorrected_013,571.124000,0.324560,0.123798,0.734912,0.000887,-0.019961,-0.000063,0.999800
probe_part_uncorrected_013,571.139000,0.326758,0.122223,0.734887,0.000893,-0.019961,-0.000062,0.999800
probe_part_uncorrected_013,571.154000,0.328947,0.120637,0.734862,0.000899,-0.019961,-0.000061,0.999800
probe_part_uncorrected_013,571.169000,0.331129,0.119041,0.734837,0.000905,-0.019961,-0.000060,0.999800
probe_part_uncorrected_013,571.184000,0.333303,0.117436,0.734813,0.000910,-0.019961,-0.000058,0.999800
probe_part_uncorrected_013,571.199000,0.335469,0.115821,0.734788,0.000916,-0.019961,-0.000057,0.999800
probe_part_uncorrected_013,571.213000,0.337484,0.114304,0.734764,0.000921,-0.019961,-0.000056,0.999800
probe_part_uncorrected_013,571.228000,0.339636,0.112669,0.734739,0.000925,-0.019961,-0.000055,0.999800
probe_part_uncorrected_013,571.243000,0.341781,0.111024,0.734714,0.000930,-0.019961,-0.000054,0.999800
probe_part_uncorrected_013,571.258000,0.343917,0.109368,0.734689,0.000935,-0.019961,-0.000053,0.999800
probe_part_uncorrected_013,571.273000,0.346045,0.107704,0.734663,0.000939,-0.019961,-0.000052,0.999800
probe_part_uncorrected_013,571.288000,0.348160,0.106033,0.734638,0.000944,-0.019961,-0.000051,0.999800
probe_part_uncorrected_013,571.303000,0.350262,0.104357,0.734613,0.000948,-0.019961,-0.000050,0.999800
probe_part_uncorrected_013,571.318000,0.352333,0.102690,0.734588,0.000952,-0.019961,-0.000049,0.999800
probe_part_uncorrected_013,571.333000,0.354387,0.101020,0.734563,0.000956,-0.019961,-0.000048,0.999800
probe_part_uncorrected_013,571.348000,0.356437,0.099340,0.734538,0.000960,-0.019961,-0.000047,0.999800
probe_part_uncorrected_013,571.363000,0.358462,0.097662,0.734513,0.000963,-0.019961,-0.000046,0.999800
probe_part_uncorrected_013,571.378000,0.360464,0.095990,0.734488,0.000966,-0.019961,-0.000045,0.999800
probe_part_uncorrected_013,571.393000,0.362440,0.094323,0.734464,0.000969,-0.019961,-0.000044,0.999800
probe_part_uncorrected_013,571.407000,0.364262,0.092773,0.734441,0.000972,-0.019961,-0.000043,0.999800
probe_part_uncorrected_013,571.420000,0.365934,0.091339,0.734420,0.000974,-0.019961,-0.000043,0.999800
probe_part_uncorrected_013,571.433000,0.367587,0.089910,0.734399,0.000975,-0.019961,-0.000042,0.999800
probe_part_uncorrected_013,571.446000,0.369221,0.088489,0.734378,0.000973,-0.019961,-0.000040,0.999800
probe_part_uncorrected_013,571.460000,0.370958,0.086964,0.734356,0.000976,-0.019961,-0.000040,0.999800
probe_part_uncorrected_013,571.473000,0.372552,0.085559,0.734335,0.000966,-0.019961,-0.000040,0.999800
probe_part_uncorrected_013,571.486000,0.374125,0.084162,0.734312,0.000956,-0.019960,-0.000042,0.999800
probe_part_uncorrected_013,571.499000,0.375679,0.082772,0.734290,0.000948,-0.019958,-0.000044,0.999800
probe_part_uncorrected_013,571.512000,0.377208,0.081407,0.734255,0.000824,-0.019850,-0.000069,0.999803
probe_part_uncorrected_013,571.523000,0.378393,0.080268,0.734160,0.000756,-0.017822,-0.000061,0.999841
probe_part_uncorrected_013,571.536000,0.379893,0.078897,0.734129,0.000745,-0.017822,-0.000060,0.999841
probe_part_uncorrected_013,571.550000,0.381487,0.077429,0.734103,0.000737,-0.017822,-0.000059,0.999841
probe_part_uncorrected_013,571.563000,0.382947,0.076074,0.734082,0.000730,-0.017822,-0.000059,0.999841
probe_part_uncorrected_013,571.576000,0.384389,0.074726,0.734062,0.000725,-0.017821,-0.000058,0.999841
probe_part_uncorrected_013,571.590000,0.385920,0.073284,0.734041,0.000720,-0.017821,-0.000058,0.999841
probe_part_uncorrected_013,571.604000,0.387430,0.071851,0.734020,0.000715,-0.017821,-0.000057,0.999841
probe_part_uncorrected_013,571.618000,0.388918,0.070428,0.733999,0.000712,-0.017821,-0.000057,0.999841
probe_part_uncorrected_013,571.632000,0.390385,0.069015,0.733979,0.000709,-0.017821,-0.000056,0.999841
probe_part_uncorrected_013,571.646000,0.391831,0.067613,0.733959,0.000707,-0.017821,-0.000056,0.999841
probe_part_uncorrected_013,571.660000,0.393256,0.066220,0.733940,0.000705,-0.017821,-0.000055,0.999841
probe_part_uncorrected_013,571.672000,0.394465,0.065022,0.733899,0.000804,-0.017821,0.000012,0.999841
probe_part_uncorrected_013,571.683000,0.395561,0.063931,0.733880,0.000832,-0.017908,0.000008,0.999839
probe_part_uncorrected_013,571.694000,0.396660,0.062856,0.733855,0.000842,-0.018322,0.000007,0.999832
probe_part_uncorrected_013,571.705000,0.397726,0.061788,0.733843,0.000850,-0.018322,0.000007,0.999832
probe_part_uncorrected_013,571.716000,0.398778,0.060727,0.733830,0.000856,-0.018322,0.000007,0.999832
probe_part_uncorrected_013,571.727000,0.399818,0.059674,0.733818,0.000861,-0.018322,0.000007,0.999832
probe_part_uncorrected_013,571.738000,0.400851,0.058629,0.733792,0.000879,-0.018423,-0.000015,0.999830
probe_part_uncorrected_013,571.748000,0.401845,0.057681,0.733739,0.000895,-0.019805,-0.000016,0.999803
probe_part_uncorrected_013,571.759000,0.402972,0.056649,0.733661,0.000901,-0.022208,-0.000018,0.999753
probe_part_uncorrected_013,571.770000,0.403964,0.055626,0.733648,0.000904,-0.022208,-0.000018,0.999753
probe_part_uncorrected_013,571.781000,0.404945,0.054610,0.733636,0.000906,-0.022208,-0.000018,0.999753
probe_part_uncorrected_013,571.792000,0.405912,0.053603,0.733623,0.000908,-0.022208,-0.000018,0.999753
probe_part_uncorrected_013,571.803000,0.406875,0.052606,0.733597,0.000920,-0.022367,-0.000039,0.999749
probe_part_uncorrected_013,571.814000,0.407892,0.051609,0.733541,0.000936,-0.023806,-0.000040,0.999716
probe_part_uncorrected_013,571.825000,0.408836,0.050624,0.733522,0.000940,-0.024043,-0.000040,0.999710
probe_part_uncorrected_013,571.836000,0.409758,0.049653,0.733499,0.000946,-0.024113,-0.000061,0.999709
probe_part_uncorrected_013,571.847000,0.410768,0.048679,0.733429,0.000965,-0.026100,-0.000063,0.999659
probe_part_uncorrected_013,571.857000,0.411704,0.047805,0.733356,0.000968,-0.028434,-0.000065,0.999595
probe_part_uncorrected_013,571.868000,0.412618,0.046853,0.733329,0.000968,-0.028984,-0.000066,0.999579
probe_part_uncorrected_013,571.879000,0.413493,0.045909,0.733318,0.000968,-0.028984,-0.000065,0.999579
probe_part_uncorrected_013,571.890000,0.414355,0.044974,0.733306,0.000967,-0.028984,-0.000065,0.999579
probe_part_uncorrected_013,571.901000,0.415206,0.044058,0.733283,0.000960,-0.029000,-0.000083,0.999579
probe_part_uncorrected_013,571.912000,0.416074,0.043139,0.733250,0.000960,-0.029553,-0.000081,0.999563
probe_part_uncorrected_013,571.923000,0.416921,0.042226,0.733229,0.000968,-0.029904,-0.000082,0.999552
probe_part_uncorrected_013,571.934000,0.417752,0.041322,0.733211,0.000971,-0.030167,-0.000082,0.999544
probe_part_uncorrected_013,571.945000,0.418558,0.040428,0.733200,0.000973,-0.030167,-0.000082,0.999544
probe_part_uncorrected_013,571.956000,0.419353,0.039543,0.733190,0.000973,-0.030167,-0.000081,0.999544
probe_part_uncorrected_013,571.967000,0.420136,0.038666,0.733180,0.000974,-0.030167,-0.000081,0.999544
probe_part_uncorrected_013,571.978000,0.420910,0.037798,0.733169,0.000974,-0.030169,-0.000081,0.999544
probe_part_uncorrected_013,571.989000,0.421671,0.036939,0.733159,0.000975,-0.030169,-0.000081,0.999544
probe_part_uncorrected_013,572.000000,0.422422,0.036089,0.733148,0.000975,-0.030178,-0.000080,0.999544
probe_part_uncorrected_013,572.010000,0.423096,0.035323,0.733139,0.000976,-0.030178,-0.000080,0.999544
probe_part_uncorrected_013,572.020000,0.423765,0.034566,0.733127,0.000976,-0.030273,-0.000080,0.999541
probe_part_uncorrected_013,572.030000,0.424420,0.033817,0.733117,0.000975,-0.030280,-0.000080,0.999541
probe_part_uncorrected_013,572.041000,0.425131,0.033002,0.733107,0.000973,-0.030280,-0.000081,0.999541
probe_part_uncorrected_013,572.054000,0.425959,0.032050,0.733094,0.000970,-0.030298,-0.000081,0.999540
probe_part_uncorrected_013,572.066000,0.426708,0.031183,0.733083,0.000969,-0.030298,-0.000082,0.999540
probe_part_uncorrected_013,572.079000,0.427506,0.030256,0.733072,0.000966,-0.030298,-0.000082,0.999540
probe_part_uncorrected_013,572.092000,0.428292,0.029341,0.733059,0.000966,-0.030338,-0.000082,0.999539
probe_part_uncorrected_013,572.105000,0.429061,0.028440,0.733047,0.000963,-0.030338,-0.000083,0.999539
probe_part_uncorrected_013,572.118000,0.429815,0.027551,0.733036,0.000962,-0.030338,-0.000083,0.999539
probe_part_uncorrected_013,572.131000,0.430556,0.026676,0.733025,0.000960,-0.030337,-0.000083,0.999539
probe_part_uncorrected_013,572.144000,0.431282,0.025814,0.733014,0.000961,-0.030337,-0.000084,0.999539
probe_part_uncorrected_013,572.157000,0.431995,0.024970,0.733001,0.000946,-0.030370,-0.000083,0.999538
probe_part_uncorrected_013,572.171000,0.432747,0.024080,0.732987,0.000921,-0.030370,-0.000082,0.999538
probe_part_uncorrected_013,572.186000,0.433534,0.023142,0.732971,0.000899,-0.030370,-0.000081,0.999538
probe_part_uncorrected_013,572.201000,0.434302,0.022221,0.732956,0.000880,-0.030370,-0.000080,0.999538
probe_part_uncorrected_013,572.216000,0.435052,0.021317,0.732941,0.000864,-0.030370,-0.000079,0.999538
probe_part_uncorrected_013,572.231000,0.435784,0.020431,0.732927,0.000850,-0.030370,-0.000079,0.999538
probe_part_uncorrected_013,572.245000,0.436450,0.019620,0.732914,0.000838,-0.030370,-0.000078,0.999538
probe_part_uncorrected_013,572.259000,0.437102,0.018824,0.732902,0.000828,-0.030370,-0.000077,0.999538
probe_part_uncorrected_013,572.274000,0.437782,0.017989,0.732890,0.000819,-0.030369,-0.000077,0.999538
probe_part_uncorrected_013,572.288000,0.438401,0.017226,0.732879,0.000812,-0.030369,-0.000076,0.999538
probe_part_uncorrected_013,572.303000,0.439047,0.016426,0.732868,0.000805,-0.030369,-0.000076,0.999538
probe_part_uncorrected_013,572.318000,0.439676,0.015645,0.732857,0.000800,-0.030369,-0.000075,0.999538
probe_part_uncorrected_013,572.333000,0.440287,0.014882,0.732846,0.000795,-0.030369,-0.000075,0.999538
probe_part_uncorrected_013,572.348000,0.440882,0.014138,0.732836,0.000791,-0.030369,-0.000075,0.999538
probe_part_uncorrected_013,572.363000,0.441458,0.013413,0.732826,0.000787,-0.030369,-0.000074,0.999538
probe_part_uncorrected_013,572.378000,0.442018,0.012707,0.732817,0.000785,-0.030369,-0.000074,0.999538
probe_part_uncorrected_013,572.393000,0.442560,0.012021,0.732808,0.000782,-0.030369,-0.000073,0.999538
probe_part_uncorrected_013,572.407000,0.443051,0.011395,0.732800,0.000786,-0.030369,-0.000073,0.999538
probe_part_uncorrected_013,572.422000,0.443561,0.010742,0.732792,0.000791,-0.030369,-0.000073,0.999538
probe_part_uncorrected_013,572.437000,0.444054,0.010109,0.732785,0.000796,-0.030369,-0.000073,0.999538
probe_part_uncorrected_013,572.452000,0.444531,0.009496,0.732779,0.000800,-0.030369,-0.000073,0.999538
probe_part_uncorrected_013,572.467000,0.444991,0.008903,0.732772,0.000803,-0.030368,-0.000073,0.999538
probe_part_uncorrected_013,572.481000,0.445406,0.008367,0.732766,0.000806,-0.030368,-0.000073,0.999538
probe_part_uncorrected_013,572.496000,0.445834,0.007813,0.732760,0.000810,-0.030368,-0.000073,0.999538
probe_part_uncorrected_013,572.510000,0.446219,0.007313,0.732754,0.000812,-0.030368,-0.000072,0.999538
probe_part_uncorrected_013,572.525000,0.446615,0.006797,0.732748,0.000815,-0.030368,-0.000072,0.999538
probe_part_uncorrected_013,572.538000,0.446946,0.006366,0.732744,0.000817,-0.030368,-0.000072,0.999538
probe_part_uncorrected_013,572.550000,0.447240,0.005981,0.732739,0.000818,-0.030368,-0.000072,0.999538
probe_part_uncorrected_013,572.563000,0.447547,0.005579,0.732735,0.000820,-0.030368,-0.000072,0.999538
probe_part_uncorrected_013,572.569000,0.447685,0.005399,0.732732,0.000821,-0.030368,-0.000072,0.999538
probe_part_uncorrected_013,572.580000,0.447931,0.005076,0.732729,0.000822,-0.030368,-0.000072,0.999538
probe_part_uncorrected_013,572.594000,0.448231,0.004681,0.732724,0.000824,-0.030368,-0.000071,0.999538
probe_part_uncorrected_013,572.608000,0.448518,0.004304,0.732720,0.000826,-0.030368,-0.000071,0.999538
probe_part_uncorrected_013,572.622000,0.448791,0.003944,0.732716,0.000827,-0.030368,-0.000071,0.999538
probe_part_uncorrected_013,572.636000,0.449050,0.003602,0.732712,0.000829,-0.030368,-0.000071,0.999538
probe_part_uncorrected_013,572.651000,0.449312,0.003255,0.732708,0.000830,-0.030368,-0.000071,0.999538
probe_part_uncorrected_013,572.666000,0.449558,0.002928,0.732704,0.000832,-0.030368,-0.000071,0.999538
probe_part_uncorrected_013,572.681000,0.449789,0.002622,0.732701,0.000833,-0.030368,-0.000070,0.999538
probe_part_uncorrected_013,572.696000,0.450004,0.002336,0.732698,0.000834,-0.030368,-0.000070,0.999538
probe_part_uncorrected_013,572.711000,0.450204,0.002071,0.732694,0.000836,-0.030368,-0.000070,0.999538
probe_part_uncorrected_013,572.726000,0.450388,0.001825,0.732692,0.000837,-0.030368,-0.000070,0.999538
probe_part_uncorrected_013,572.741000,0.450556,0.001601,0.732689,0.000838,-0.030368,-0.000070,0.999538
probe_part_uncorrected_013,572.756000,0.450709,0.001397,0.732687,0.000839,-0.030368,-0.000070,0.999538
probe_part_uncorrected_013,572.771000,0.450846,0.001213,0.732685,0.000840,-0.030368,-0.000070,0.999538
probe_part_uncorrected_013,572.786000,0.450969,0.001050,0.732683,0.000841,-0.030368,-0.000069,0.999538
probe_part_uncorrected_013,572.801000,0.451075,0.000907,0.732681,0.000842,-0.030368,-0.000069,0.999538
probe_part_uncorrected_013,572.816000,0.451166,0.000785,0.732680,0.000842,-0.030368,-0.000069,0.999538
probe_part_uncorrected_013,572.831000,0.451242,0.000683,0.732679,0.000843,-0.030368,-0.000069,0.999538
probe_part_uncorrected_013,572.846000,0.451303,0.000602,0.732678,0.000844,-0.030368,-0.000069,0.999538
probe_part_uncorrected_013,572.860000,0.451348,0.000542,0.732678,0.000845,-0.030368,-0.000069,0.999538
probe_part_uncorrected_013,572.874000,0.451381,0.000496,0.732677,0.000845,-0.030368,-0.000068,0.999538
probe_part_uncorrected_013,572.888000,0.451370,0.000511,0.732676,0.000846,-0.030368,-0.000068,0.999538
probe_part_uncorrected_013,572.902000,0.451361,0.000524,0.732671,0.000847,-0.030368,-0.000068,0.999538
probe_part_uncorrected_013,572.917000,0.451354,0.000536,0.732657,0.000847,-0.030368,-0.000068,0.999538
probe_part_uncorrected_013,572.932000,0.451350,0.000545,0.732634,0.000847,-0.030368,-0.000068,0.999538
probe_part_uncorrected_013,572.947000,0.451348,0.000554,0.732598,0.000848,-0.030368,-0.000068,0.999538
probe_part_uncorrected_013,572.962000,0.451349,0.000562,0.732549,0.000848,-0.030368,-0.000068,0.999538
probe_part_uncorrected_013,572.977000,0.451351,0.000570,0.732486,0.000848,-0.030368,-0.000068,0.999538
probe_part_uncorrected_013,572.992000,0.451355,0.000578,0.732406,0.000849,-0.030368,-0.000067,0.999538
probe_part_uncorrected_013,573.007000,0.451362,0.000586,0.732310,0.000849,-0.030368,-0.000067,0.999538
probe_part_uncorrected_013,573.022000,0.451370,0.000595,0.732196,0.000850,-0.030368,-0.000067,0.999538
probe_part_uncorrected_013,573.037000,0.451380,0.000604,0.732064,0.000850,-0.030368,-0.000067,0.999538
probe_part_uncorrected_013,573.052000,0.451392,0.000614,0.731915,0.000851,-0.030368,-0.000067,0.999538
probe_part_uncorrected_013,573.067000,0.451405,0.000625,0.731748,0.000851,-0.030368,-0.000067,0.999538
probe_part_uncorrected_013,573.082000,0.451420,0.000637,0.731562,0.000851,-0.030368,-0.000067,0.999538
probe_part_uncorrected_013,573.096000,0.451436,0.000649,0.731371,0.000852,-0.030368,-0.000066,0.999538
probe_part_uncorrected_013,573.110000,0.451453,0.000661,0.731164,0.000852,-0.030368,-0.000066,0.999538
probe_part_uncorrected_013,573.125000,0.451473,0.000676,0.730924,0.000853,-0.030368,-0.000066,0.999538
probe_part_uncorrected_013,573.140000,0.451494,0.000691,0.730664,0.000854,-0.030368,-0.000066,0.999538
probe_part_uncorrected_013,573.155000,0.451517,0.000708,0.730386,0.000854,-0.030368,-0.000066,0.999538
probe_part_uncorrected_013,573.170000,0.451541,0.000725,0.730091,0.000855,-0.030368,-0.000066,0.999538
probe_part_uncorrected_013,573.185000,0.451567,0.000743,0.729773,0.000856,-0.030368,-0.000066,0.999538
probe_part_uncorrected_013,573.200000,0.451594,0.000763,0.729437,0.000856,-0.030368,-0.000065,0.999538
probe_part_uncorrected_013,573.215000,0.451622,0.000783,0.729081,0.000857,-0.030368,-0.000065,0.999538
probe_part_uncorrected_013,573.230000,0.451652,0.000804,0.728707,0.000858,-0.030368,-0.000065,0.999538
probe_part_uncorrected_013,573.245000,0.451683,0.000826,0.728312,0.000858,-0.030368,-0.000065,0.999538
probe_part_uncorrected_013,573.260000,0.451716,0.000849,0.727900,0.000859,-0.030368,-0.000065,0.999538
probe_part_uncorrected_013,573.275000,0.451749,0.000872,0.727469,0.000860,-0.030369,-0.000065,0.999538
probe_part_uncorrected_013,573.289000,0.451782,0.000895,0.727047,0.000861,-0.030369,-0.000065,0.999538
probe_part_uncorrected_013,573.303000,0.451815,0.000919,0.726608,0.000862,-0.030369,-0.000065,0.999538
probe_part_uncorrected_013,573.318000,0.451852,0.000944,0.726119,0.000862,-0.030369,-0.000064,0.999538
probe_part_uncorrected_013,573.333000,0.451890,0.000971,0.725611,0.000863,-0.030369,-0.000064,0.999538
probe_part_uncorrected_013,573.348000,0.451929,0.000998,0.725085,0.000864,-0.030369,-0.000064,0.999538
probe_part_uncorrected_013,573.363000,0.451969,0.001026,0.724538,0.000865,-0.030369,-0.000064,0.999538
probe_part_uncorrected_013,573.377000,0.452007,0.001052,0.724011,0.000866,-0.030369,-0.000064,0.999538
probe_part_uncorrected_013,573.392000,0.452048,0.001081,0.723427,0.000867,-0.030369,-0.000064,0.999538
probe_part_uncorrected_013,573.407000,0.452091,0.001111,0.722824,0.000868,-0.030370,-0.000064,0.999538
probe_part_uncorrected_013,573.422000,0.452134,0.001141,0.722201,0.000870,-0.030370,-0.000063,0.999538
probe_part_uncorrected_013,573.437000,0.452177,0.001171,0.721559,0.000871,-0.030370,-0.000063,0.999538
probe_part_uncorrected_013,573.452000,0.452222,0.001201,0.720898,0.000872,-0.030370,-0.000063,0.999538
probe_part_uncorrected_013,573.466000,0.452263,0.001230,0.720264,0.000873,-0.030370,-0.000063,0.999538
probe_part_uncorrected_013,573.481000,0.452309,0.001261,0.719566,0.000874,-0.030370,-0.000063,0.999538
probe_part_uncorrected_013,573.495000,0.452351,0.001290,0.718897,0.000876,-0.030370,-0.000063,0.999538
probe_part_uncorrected_013,573.508000,0.452391,0.001318,0.718260,0.000877,-0.030370,-0.000063,0.999538
probe_part_uncorrected_013,573.522000,0.452434,0.001347,0.717558,0.000878,-0.030371,-0.000063,0.999538
probe_part_uncorrected_013,573.537000,0.452481,0.001379,0.716788,0.000880,-0.030371,-0.000062,0.999538
probe_part_uncorrected_013,573.551000,0.452524,0.001408,0.716052,0.000881,-0.030371,-0.000062,0.999538
probe_part_uncorrected_013,573.563000,0.452562,0.001433,0.715407,0.000883,-0.030371,-0.000062,0.999538
probe_part_uncorrected_013,573.576000,0.452602,0.001460,0.714695,0.000884,-0.030371,-0.000062,0.999538
probe_part_uncorrected_013,573.590000,0.452646,0.001490,0.713911,0.000884,-0.030371,-0.000062,0.999538
probe_part_uncorrected_013,573.604000,0.452689,0.001520,0.713111,0.000884,-0.030371,-0.000062,0.999538
probe_part_uncorrected_013,573.619000,0.452735,0.001551,0.712235,0.000884,-0.030372,-0.000061,0.999538
probe_part_uncorrected_013,573.634000,0.452781,0.001582,0.711340,0.000885,-0.030372,-0.000061,0.999538
probe_part_uncorrected_013,573.649000,0.452827,0.001613,0.710426,0.000885,-0.030372,-0.000061,0.999538
probe_part_uncorrected_013,573.663000,0.452869,0.001641,0.709555,0.000885,-0.030372,-0.000061,0.999538
probe_part_uncorrected_013,573.677000,0.452911,0.001669,0.708667,0.000885,-0.030372,-0.000060,0.999538
probe_part_uncorrected_013,573.692000,0.452955,0.001698,0.707698,0.000886,-0.030373,-0.000060,0.999538
probe_part_uncorrected_013,573.704000,0.452990,0.001721,0.706908,0.000886,-0.030373,-0.000060,0.999538
probe_part_uncorrected_013,573.717000,0.453027,0.001745,0.706039,0.000886,-0.030373,-0.000060,0.999538
probe_part_uncorrected_013,573.729000,0.453060,0.001767,0.705224,0.000886,-0.030373,-0.000060,0.999538
probe_part_uncorrected_013,573.743000,0.453099,0.001792,0.704258,0.000886,-0.030373,-0.000059,0.999538
probe_part_uncorrected_013,573.757000,0.453136,0.001816,0.703275,0.000887,-0.030374,-0.000059,0.999538
probe_part_uncorrected_013,573.771000,0.453173,0.001839,0.702276,0.000887,-0.030374,-0.000059,0.999538
probe_part_uncorrected_013,573.785000,0.453208,0.001861,0.701260,0.000887,-0.030374,-0.000058,0.999538
probe_part_uncorrected_013,573.800000,0.453244,0.001883,0.700152,0.000888,-0.030374,-0.000058,0.999538
probe_part_uncorrected_013,573.814000,0.453277,0.001903,0.699102,0.000888,-0.030374,-0.000058,0.999538
probe_part_uncorrected_013,573.828000,0.453309,0.001922,0.698035,0.000888,-0.030375,-0.000058,0.999538
probe_part_uncorrected_013,573.843000,0.453341,0.001941,0.696873,0.000889,-0.030375,-0.000057,0.999538
probe_part_uncorrected_013,573.858000,0.453371,0.001958,0.695692,0.000889,-0.030375,-0.000057,0.999538
probe_part_uncorrected_013,573.873000,0.453400,0.001974,0.694493,0.000889,-0.030375,-0.000057,0.999538
probe_part_uncorrected_013,573.888000,0.453426,0.001988,0.693274,0.000890,-0.030376,-0.000056,0.999538
probe_part_uncorrected_013,573.902000,0.453449,0.002000,0.692120,0.000890,-0.030376,-0.000056,0.999538
probe_part_uncorrected_013,573.916000,0.453470,0.002010,0.690948,0.000890,-0.030376,-0.000056,0.999538
probe_part_uncorrected_013,573.931000,0.453490,0.002018,0.689673,0.000891,-0.030376,-0.000056,0.999538
probe_part_uncorrected_013,573.945000,0.453507,0.002025,0.688467,0.000892,-0.030377,-0.000055,0.999538
probe_part_uncorrected_013,573.959000,0.453521,0.002029,0.687246,0.000893,-0.030377,-0.000055,0.999538
probe_part_uncorrected_013,573.974000,0.453534,0.002031,0.685924,0.000894,-0.030377,-0.000055,0.999538
probe_part_uncorrected_013,573.988000,0.453543,0.002032,0.684683,0.000895,-0.030377,-0.000054,0.999538
probe_part_uncorrected_013,574.003000,0.453550,0.002030,0.683352,0.000896,-0.030378,-0.000054,0.999538
probe_part_uncorrected_013,574.018000,0.453554,0.002025,0.682022,0.000898,-0.030378,-0.000054,0.999538
probe_part_uncorrected_013,574.033000,0.453555,0.002019,0.680698,0.000899,-0.030378,-0.000054,0.999538
probe_part_uncorrected_013,574.048000,0.453554,0.002010,0.679383,0.000901,-0.030379,-0.000053,0.999538
probe_part_uncorrected_013,574.063000,0.453549,0.001999,0.678088,0.000902,-0.030379,-0.000053,0.999538
probe_part_uncorrected_013,574.078000,0.453542,0.001986,0.676795,0.000904,-0.030379,-0.000053,0.999538
probe_part_uncorrected_013,574.092000,0.453533,0.001971,0.675602,0.000906,-0.030379,-0.000052,0.999538
probe_part_uncorrected_013,574.107000,0.453520,0.001954,0.674340,0.000907,-0.030380,-0.000052,0.999538
probe_part_uncorrected_013,574.121000,0.453507,0.001937,0.673176,0.000909,-0.030380,-0.000052,0.999538
probe_part_uncorrected_013,574.135000,0.453491,0.001918,0.672027,0.000910,-0.030380,-0.000052,0.999538
probe_part_uncorrected_013,574.149000,0.453473,0.001898,0.670893,0.000912,-0.030380,-0.000051,0.999538
probe_part_uncorrected_013,574.163000,0.453454,0.001876,0.669775,0.000913,-0.030381,-0.000051,0.999538
probe_part_uncorrected_013,574.178000,0.453431,0.001851,0.668596,0.000915,-0.030381,-0.000051,0.999538
probe_part_uncorrected_013,574.193000,0.453406,0.001825,0.667435,0.000916,-0.030381,-0.000050,0.999538
probe_part_uncorrected_013,574.207000,0.453381,0.001799,0.666368,0.000918,-0.030381,-0.000050,0.999538
probe_part_uncorrected_013,574.222000,0.453353,0.001771,0.665243,0.000919,-0.030382,-0.000050,0.999538
probe_part_uncorrected_013,574.237000,0.453323,0.001741,0.664138,0.000920,-0.030382,-0.000050,0.999538
probe_part_uncorrected_013,574.252000,0.453292,0.001711,0.663051,0.000922,-0.030382,-0.000049,0.999538
probe_part_uncorrected_013,574.267000,0.453259,0.001679,0.661984,0.000923,-0.030382,-0.000049,0.999538
probe_part_uncorrected_013,574.282000,0.453225,0.001647,0.660936,0.000924,-0.030382,-0.000049,0.999538
probe_part_uncorrected_013,574.296000,0.453192,0.001616,0.659976,0.000925,-0.030383,-0.000048,0.999538
probe_part_uncorrected_013,574.310000,0.453159,0.001584,0.659032,0.000926,-0.030383,-0.000048,0.999538
probe_part_uncorrected_013,574.324000,0.453124,0.001552,0.658105,0.000927,-0.030383,-0.000048,0.999538
probe_part_uncorrected_013,574.338000,0.453089,0.001519,0.657195,0.000928,-0.030383,-0.000048,0.999538
probe_part_uncorrected_013,574.353000,0.453050,0.001483,0.656239,0.000929,-0.030384,-0.000047,0.999538
probe_part_uncorrected_013,574.367000,0.453013,0.001450,0.655364,0.000929,-0.030384,-0.000047,0.999538
probe_part_uncorrected_013,574.381000,0.452976,0.001416,0.654506,0.000930,-0.030384,-0.000047,0.999538
probe_part_uncorrected_013,574.395000,0.452938,0.001382,0.653664,0.000931,-0.030384,-0.000047,0.999538
probe_part_uncorrected_013,574.410000,0.452897,0.001345,0.652782,0.000931,-0.030384,-0.000046,0.999538
probe_part_uncorrected_013,574.424000,0.452859,0.001311,0.651975,0.000932,-0.030384,-0.000046,0.999538
probe_part_uncorrected_013,574.438000,0.452820,0.001276,0.651186,0.000933,-0.030385,-0.000046,0.999538
probe_part_uncorrected_013,574.453000,0.452778,0.001239,0.650358,0.000933,-0.030385,-0.000045,0.999538
probe_part_uncorrected_013,574.468000,0.452736,0.001202,0.649550,0.000934,-0.030385,-0.000045,0.999538
probe_part_uncorrected_013,574.482000,0.452697,0.001167,0.648813,0.000934,-0.030385,-0.000045,0.999538
probe_part_uncorrected_013,574.496000,0.452658,0.001133,0.648093,0.000935,-0.030385,-0.000045,0.999538
probe_part_uncorrected_013,574.511000,0.452616,0.001096,0.647340,0.000935,-0.030385,-0.000044,0.999538
probe_part_uncorrected_013,574.526000,0.452574,0.001059,0.646607,0.000936,-0.030386,-0.000044,0.999538
probe_part_uncorrected_013,574.541000,0.452533,0.001023,0.645892,0.000936,-0.030386,-0.000044,0.999538
probe_part_uncorrected_013,574.556000,0.452491,0.000987,0.645197,0.000936,-0.030386,-0.000044,0.999538
probe_part_uncorrected_013,574.571000,0.452450,0.000951,0.644521,0.000937,-0.030386,-0.000043,0.999538
probe_part_uncorrected_013,574.585000,0.452413,0.000918,0.643907,0.000938,-0.030386,-0.000043,0.999538
probe_part_uncorrected_013,574.600000,0.452372,0.000883,0.643268,0.000939,-0.030386,-0.000043,0.999538
probe_part_uncorrected_013,574.614000,0.452335,0.000851,0.642689,0.000940,-0.030386,-0.000043,0.999538
probe_part_uncorrected_013,574.629000,0.452296,0.000817,0.642087,0.000941,-0.030387,-0.000043,0.999538
probe_part_uncorrected_013,574.644000,0.452258,0.000783,0.641504,0.000943,-0.030387,-0.000043,0.999538
probe_part_uncorrected_013,574.659000,0.452220,0.000750,0.640940,0.000944,-0.030387,-0.000042,0.999538
probe_part_uncorrected_013,574.674000,0.452184,0.000718,0.640396,0.000944,-0.030387,-0.000042,0.999538
probe_part_uncorrected_013,574.688000,0.452150,0.000689,0.639905,0.000945,-0.030387,-0.000042,0.999538
probe_part_uncorrected_013,574.703000,0.452115,0.000658,0.639397,0.000947,-0.030387,-0.000042,0.999538
probe_part_uncorrected_013,574.718000,0.452080,0.000629,0.638908,0.000947,-0.030387,-0.000042,0.999538
probe_part_uncorrected_013,574.733000,0.452047,0.000599,0.638438,0.000949,-0.030387,-0.000041,0.999538
probe_part_uncorrected_013,574.748000,0.452014,0.000572,0.637987,0.000949,-0.030388,-0.000041,0.999538
probe_part_uncorrected_013,574.763000,0.451983,0.000544,0.637555,0.000951,-0.030388,-0.000041,0.999538
probe_part_uncorrected_013,574.777000,0.451954,0.000521,0.637169,0.000950,-0.030388,-0.000041,0.999538
probe_part_uncorrected_013,574.792000,0.451925,0.000495,0.636774,0.000951,-0.030388,-0.000041,0.999538
probe_part_uncorrected_013,574.806000,0.451899,0.000473,0.636422,0.000951,-0.030388,-0.000041,0.999538
probe_part_uncorrected_013,574.821000,0.451872,0.000449,0.636064,0.000952,-0.030388,-0.000040,0.999538
probe_part_uncorrected_013,574.836000,0.451846,0.000427,0.635724,0.000954,-0.030388,-0.000040,0.999538
probe_part_uncorrected_013,574.849000,0.451825,0.000409,0.635445,0.000954,-0.030388,-0.000040,0.999538
probe_part_uncorrected_013,574.862000,0.451804,0.000391,0.635179,0.000955,-0.030388,-0.000040,0.999538
probe_part_uncorrected_013,574.876000,0.451783,0.000373,0.634910,0.000956,-0.030388,-0.000040,0.999538
probe_part_uncorrected_013,574.890000,0.451764,0.000356,0.634657,0.000957,-0.030388,-0.000040,0.999538
probe_part_uncorrected_013,574.904000,0.451745,0.000340,0.634421,0.000957,-0.030388,-0.000040,0.999538
probe_part_uncorrected_013,574.918000,0.451728,0.000325,0.634201,0.000957,-0.030388,-0.000039,0.999538
probe_part_uncorrected_013,574.932000,0.451712,0.000311,0.633997,0.000958,-0.030388,-0.000039,0.999538
probe_part_uncorrected_013,574.946000,0.451697,0.000298,0.633810,0.000959,-0.030388,-0.000039,0.999538
probe_part_uncorrected_013,574.960000,0.451683,0.000286,0.633639,0.000960,-0.030389,-0.000039,0.999538
probe_part_uncorrected_013,574.974000,0.451671,0.000276,0.633485,0.000961,-0.030389,-0.000039,0.999538
probe_part_uncorrected_013,574.988000,0.451660,0.000266,0.633347,0.000961,-0.030389,-0.000039,0.999538
probe_part_uncorrected_013,575.002000,0.451650,0.000258,0.633226,0.000961,-0.030389,-0.000039,0.999538
probe_part_uncorrected_013,575.016000,0.451642,0.000251,0.633121,0.000962,-0.030389,-0.000038,0.999538
probe_part_uncorrected_013,575.030000,0.451634,0.000244,0.633032,0.000962,-0.030389,-0.000038,0.999538
probe_part_uncorrected_013,575.044000,0.451629,0.000239,0.632959,0.000963,-0.030389,-0.000038,0.999538
probe_part_uncorrected_013,575.058000,0.451624,0.000235,0.632901,0.000963,-0.030389,-0.000038,0.999538
probe_part_uncorrected_013,575.072000,0.451620,0.000231,0.632855,0.000965,-0.030389,-0.000038,0.999538
probe_part_uncorrected_013,575.086000,0.451617,0.000229,0.632818,0.000965,-0.030389,-0.000038,0.999538
probe_part_uncorrected_013,575.101000,0.451614,0.000219,0.632786,0.000982,-0.030389,-0.000038,0.999538
probe_part_uncorrected_013,575.115000,0.451612,0.000081,0.632794,0.000653,-0.030361,-0.000033,0.999539
probe_part_uncorrected_013,575.130000,0.451733,-0.000307,0.631971,-0.003801,-0.033548,-0.000076,0.999430
probe_part_uncorrected_013,575.147000,0.451855,-0.000743,0.628424,-0.010456,-0.037497,-0.001045,0.999241
probe_part_uncorrected_013,575.163000,0.451919,-0.001405,0.625433,-0.006277,-0.040614,-0.000331,0.999155
probe_part_uncorrected_013,575.179000,0.451907,-0.001735,0.625127,0.000227,-0.040910,-0.000515,0.999163
probe_part_uncorrected_013,575.197000,0.452019,-0.001726,0.625095,0.000043,-0.038698,-0.000594,0.999251
probe_part_uncorrected_013,575.214000,0.452267,-0.001725,0.625084,0.000021,-0.033736,-0.000593,0.999431
probe_part_uncorrected_013,575.232000,0.452698,-0.001725,0.625059,0.000016,-0.025122,-0.000593,0.999684
probe_part_uncorrected_013,575.248000,0.453252,-0.001725,0.625010,0.000009,-0.014058,-0.000593,0.999901
probe_part_uncorrected_013,575.266000,0.453973,-0.001725,0.625011,0.000003,0.000388,-0.000593,1.000000
probe_part_uncorrected_013,575.283000,0.453878,-0.001725,0.624988,0.000002,-0.001517,-0.000593,0.999999
probe_part_uncorrected_013,575.300000,0.453930,-0.001725,0.624983,0.000001,-0.000470,-0.000593,1.000000
probe_part_uncorrected_013,575.317000,0.453946,-0.001725,0.624987,0.000001,-0.000165,-0.000593,1.000000
probe_part_uncorrected_013,575.334000,0.453947,-0.001725,0.624989,0.000001,-0.000139,-0.000593,1.000000
probe_part_uncorrected_013,575.352000,0.453948,-0.001725,0.624991,0.000000,-0.000116,-0.000593,1.000000
probe_part_uncorrected_013,575.368000,0.453949,-0.001725,0.624992,0.000000,-0.000100,-0.000593,1.000000
probe_part_uncorrected_013,575.384000,0.453950,-0.001725,0.624993,0.000000,-0.000085,-0.000593,1.000000
probe_part_uncorrected_013,575.401000,0.453950,-0.001725,0.624994,0.000000,-0.000071,-0.000593,1.000000
probe_part_uncorrected_013,575.418000,0.453951,-0.001725,0.624995,0.000000,-0.000060,-0.000593,1.000000
probe_part_uncorrected_013,575.435000,0.453951,-0.001725,0.624996,0.000000,-0.000050,-0.000593,1.000000
probe_part_uncorrected_013,575.452000,0.453952,-0.001725,0.624997,0.000000,-0.000043,-0.000593,1.000000
probe_part_uncorrected_013,575.469000,0.453952,-0.001725,0.624997,0.000000,-0.000037,-0.000593,1.000000
probe_part_uncorrected_013,575.485000,0.453952,-0.001725,0.624998,0.000000,-0.000031,-0.000593,1.000000
probe_part_uncorrected_013,575.501000,0.453953,-0.001725,0.624998,0.000000,-0.000026,-0.000593,1.000000
probe_part_uncorrected_013,575.518000,0.453953,-0.001725,0.624998,0.000000,-0.000023,-0.000593,1.000000
probe_part_uncorrected_013,575.535000,0.453953,-0.001725,0.624999,0.000000,-0.000019,-0.000593,1.000000
probe_part_uncorrected_013,575.552000,0.453953,-0.001725,0.624999,0.000000,-0.000016,-0.000593,1.000000
probe_part_uncorrected_013,575.566000,0.453953,-0.001725,0.624999,0.000000,-0.000014,-0.000593,1.000000
probe_part_uncorrected_013,575.582000,0.453953,-0.001725,0.624999,0.000000,-0.000012,-0.000593,1.000000
probe_part_uncorrected_013,575.599000,0.453953,-0.001725,0.624999,0.000000,-0.000010,-0.000593,1.000000
probe_part_uncorrected_013,575.616000,0.453953,-0.001725,0.624999,0.000000,-0.000009,-0.000593,1.000000
probe_part_uncorrected_013,575.632000,0.453953,-0.001725,0.624999,0.000000,-0.000008,-0.000593,1.000000
probe_part_uncorrected_013,575.649000,0.453954,-0.001725,0.625000,0.000000,-0.000006,-0.000593,1.000000
probe_part_uncorrected_013,575.666000,0.453954,-0.001725,0.625000,0.000000,-0.000006,-0.000593,1.000000
probe_part_uncorrected_013,575.683000,0.453954,-0.001725,0.625000,0.000000,-0.000005,-0.000593,1.000000
probe_part_uncorrected_013,575.700000,0.453954,-0.001725,0.625000,0.000000,-0.000004,-0.000593,1.000000
probe_part_uncorrected_013,575.716000,0.453954,-0.001725,0.625000,0.000000,-0.000004,-0.000593,1.000000
probe_part_uncorrected_013,575.733000,0.453954,-0.001725,0.625000,0.000000,-0.000003,-0.000593,1.000000
probe_part_uncorrected_013,575.750000,0.453954,-0.001725,0.625000,0.000000,-0.000003,-0.000593,1.000000
probe_part_uncorrected_013,575.767000,0.453954,-0.001725,0.625000,0.000000,-0.000003,-0.000593,1.000000
probe_part_uncorrected_013,575.784000,0.453954,-0.001725,0.625000,0.000000,-0.000002,-0.000593,1.000000
probe_part_uncorrected_013,575.801000,0.453954,-0.001725,0.625000,0.000000,-0.000002,-0.000593,1.000000
probe_part_uncorrected_013,575.818000,0.453954,-0.001725,0.625000,0.000000,-0.000002,-0.000593,1.000000
probe_part_uncorrected_013,575.835000,0.453954,-0.001725,0.625000,0.000000,-0.000002,-0.000593,1.000000
probe_part_uncorrected_013,575.853000,0.453954,-0.001725,0.625000,0.000000,-0.000001,-0.000593,1.000000
probe_part_uncorrected_013,575.870000,0.453954,-0.001725,0.625000,0.000000,-0.000001,-0.000593,1.000000
probe_part_uncorrected_013,575.887000,0.453954,-0.001725,0.625000,0.000000,-0.000001,-0.000593,1.000000
probe_part_uncorrected_013,575.904000,0.453954,-0.001725,0.625000,0.000000,-0.000001,-0.000593,1.000000
probe_part_uncorrected_013,575.921000,0.453954,-0.001725,0.625000,0.000000,-0.000001,-0.000593,1.000000
probe_part_uncorrected_013,575.938000,0.453954,-0.001725,0.625000,0.000000,-0.000001,-0.000593,1.000000
probe_part_uncorrected_013,575.955000,0.453954,-0.001725,0.625000,0.000000,-0.000001,-0.000593,1.000000
probe_part_uncorrected_013,575.972000,0.453954,-0.001725,0.625000,0.000000,-0.000001,-0.000593,1.000000
probe_part_uncorrected_013,575.989000,0.453954,-0.001725,0.625000,0.000000,-0.000001,-0.000593,1.000000
probe_part_uncorrected_013,576.004000,0.453954,-0.001725,0.625000,0.000000,-0.000001,-0.000593,1.000000
probe_part_uncorrected_013,576.022000,0.453954,-0.001725,0.625000,0.000000,-0.000001,-0.000593,1.000000
probe_part_uncorrected_013,576.039000,0.453954,-0.001725,0.625000,0.000000,-0.000001,-0.000593,1.000000
probe_part_uncorrected_013,576.057000,0.453954,-0.001725,0.625000,0.000000,-0.000001,-0.000593,1.000000
probe_part_uncorrected_013,576.074000,0.453954,-0.001725,0.625000,0.000000,-0.000001,-0.000593,1.000000
probe_part_uncorrected_013,576.092000,0.453954,-0.001725,0.625000,0.000000,-0.000001,-0.000593,1.000000
probe_part_uncorrected_013,576.109000,0.453954,-0.001725,0.625000,0.000000,-0.000001,-0.000593,1.000000
probe_part_uncorrected_013,576.126000,0.453954,-0.001725,0.625000,0.000000,-0.000001,-0.000593,1.000000
probe_part_uncorrected_013,576.143000,0.453954,-0.001725,0.625000,0.000000,-0.000001,-0.000593,1.000000
probe_part_uncorrected_013,576.160000,0.453954,-0.001725,0.625000,0.000000,-0.000001,-0.000593,1.000000
probe_part_uncorrected_013,576.178000,0.453954,-0.001725,0.625000,0.000000,-0.000001,-0.000593,1.000000
probe_part_uncorrected_013,576.196000,0.453954,-0.001725,0.625000,0.000000,-0.000001,-0.000593,1.000000
probe_part_uncorrected_013,576.214000,0.453954,-0.001725,0.625000,0.000000,-0.000001,-0.000593,1.000000
probe_part_uncorrected_013,576.232000,0.453954,-0.001725,0.625000,0.000000,-0.000001,-0.000593,1.000000
probe_part_uncorrected_013,576.249000,0.453954,-0.001725,0.625000,0.000000,-0.000001,-0.000593,1.000000
probe_part_uncorrected_013,576.267000,0.453954,-0.001725,0.625000,0.000000,-0.000001,-0.000593,1.000000
probe_part_uncorrected_013,576.285000,0.453954,-0.001725,0.625000,0.000000,-0.000001,-0.000593,1.000000
probe_part_uncorrected_013,576.302000,0.453954,-0.001725,0.625000,0.000000,-0.000001,-0.000593,1.000000
probe_part_uncorrected_013,576.319000,0.453954,-0.001725,0.625000,0.000000,-0.000001,-0.000593,1.000000
probe_part_uncorrected_013,576.337000,0.453954,-0.001725,0.625000,0.000000,-0.000001,-0.000593,1.000000
probe_part_uncorrected_013,576.354000,0.453954,-0.001725,0.625000,0.000000,-0.000001,-0.000593,1.000000
probe_part_uncorrected_013,576.371000,0.453954,-0.001725,0.625000,0.000000,-0.000001,-0.000593,1.000000
probe_part_uncorrected_013,576.389000,0.453954,-0.001725,0.625000,0.000000,-0.000001,-0.000593,1.000000
probe_part_uncorrected_013,576.407000,0.453954,-0.001725,0.625000,0.000000,-0.000001,-0.000593,1.000000
probe_part_uncorrected_013,576.424000,0.453954,-0.001725,0.625000,0.000000,-0.000001,-0.000593,1.000000
probe_part_uncorrected_013,576.442000,0.453954,-0.001725,0.625000,0.000000,-0.000001,-0.000593,1.000000
probe_part_uncorrected_013,576.459000,0.453954,-0.001725,0.625000,0.000000,-0.000001,-0.000593,1.000000
probe_part_uncorrected_013,576.477000,0.453954,-0.001725,0.625000,0.000000,-0.000001,-0.000593,1.000000
probe_part_uncorrected_013,576.494000,0.453954,-0.001725,0.625000,0.000000,-0.000001,-0.000593,1.000000
probe_part_uncorrected_013,576.512000,0.453954,-0.001725,0.625000,0.000000,-0.000001,-0.000593,1.000000
probe_part_uncorrected_013,576.530000,0.453954,-0.001725,0.625000,0.000000,-0.000001,-0.000593,1.000000
probe_part_uncorrected_013,576.548000,0.453954,-0.001725,0.625000,0.000000,-0.000001,-0.000593,1.000000
probe_part_uncorrected_013,576.566000,0.453954,-0.001725,0.625000,0.000000,-0.000001,-0.000593,1.000000
probe_part_uncorrected_013,576.584000,0.453954,-0.001725,0.625000,0.000000,-0.000001,-0.000593,1.000000
probe_part_uncorrected_013,576.601000,0.453954,-0.001725,0.625000,0.000000,-0.000001,-0.000593,1.000000
probe_part_uncorrected_013,576.618000,0.453954,-0.001725,0.625000,0.000000,-0.000001,-0.000593,1.000000
probe_part_uncorrected_013,576.635000,0.453954,-0.001725,0.625000,0.000000,-0.000001,-0.000593,1.000000
probe_part_uncorrected_013,576.652000,0.453954,-0.001725,0.625000,0.000000,-0.000001,-0.000593,1.000000
probe_part_uncorrected_013,576.669000,0.453954,-0.001725,0.625000,0.000000,-0.000001,-0.000593,1.000000
probe_part_uncorrected_013,576.686000,0.453954,-0.001725,0.625000,0.000000,-0.000001,-0.000593,1.000000
probe_part_uncorrected_013,576.703000,0.453954,-0.001725,0.625000,0.000000,-0.000001,-0.000593,1.000000
probe_part_uncorrected_013,576.719000,0.453954,-0.001725,0.625000,0.000000,-0.000001,-0.000593,1.000000
probe_part_uncorrected_013,576.736000,0.453954,-0.001725,0.625000,0.000000,-0.000001,-0.000593,1.000000
probe_part_uncorrected_013,576.753000,0.453954,-0.001725,0.625000,0.000000,-0.000001,-0.000593,1.000000
probe_part_uncorrected_013,576.771000,0.453954,-0.001725,0.625000,0.000000,-0.000001,-0.000593,1.000000
probe_part_uncorrected_013,576.789000,0.453954,-0.001725,0.625000,0.000000,-0.000001,-0.000593,1.000000
probe_part_uncorrected_013,576.806000,0.453954,-0.001725,0.625000,0.000000,-0.000001,-0.000593,1.000000
probe_part_uncorrected_013,576.823000,0.453954,-0.001725,0.625000,0.000000,-0.000001,-0.000593,1.000000
probe_part_uncorrected_013,576.840000,0.453954,-0.001725,0.625000,0.000000,-0.000001,-0.000593,1.000000
probe_part_uncorrected_013,576.858000,0.453954,-0.001725,0.625000,0.000000,-0.000001,-0.000593,1.000000
probe_part_uncorrected_013,576.875000,0.453954,-0.001725,0.625000,0.000000,-0.000001,-0.000593,1.000000
probe_part_uncorrected_013,576.892000,0.453954,-0.001725,0.625000,0.000000,-0.000001,-0.000593,1.000000
probe_part_uncorrected_013,576.909000,0.453954,-0.001725,0.625000,0.000000,-0.000001,-0.000593,1.000000
probe_part_uncorrected_013,576.924000,0.453954,-0.001725,0.625000,0.000000,-0.000001,-0.000593,1.000000
probe_part_uncorrected_013,576.940000,0.453954,-0.001725,0.625000,0.000000,-0.000001,-0.000593,1.000000
probe_part_uncorrected_013,576.956000,0.453954,-0.001725,0.625000,0.000000,-0.000001,-0.000593,1.000000
probe_part_uncorrected_013,576.973000,0.453954,-0.001725,0.625000,0.000000,-0.000001,-0.000593,1.000000
probe_part_uncorrected_013,576.990000,0.453954,-0.001725,0.625000,0.000000,-0.000001,-0.000593,1.000000
probe_part_uncorrected_013,577.006000,0.453954,-0.001725,0.625000,0.000000,-0.000001,-0.000593,1.000000
probe_part_uncorrected_013,577.021000,0.453954,-0.001725,0.625000,0.000000,-0.000001,-0.000593,1.000000
probe_part_uncorrected_013,577.032000,0.453954,-0.001725,0.625000,0.000000,-0.000001,-0.000593,1.000000
probe_part_uncorrected_013,577.049000,0.453954,-0.001725,0.625000,0.000000,-0.000001,-0.000593,1.000000
probe_part_uncorrected_013,577.066000,0.453954,-0.001725,0.625000,0.000000,-0.000001,-0.000593,1.000000
probe_part_uncorrected_013,577.083000,0.453954,-0.001725,0.625000,0.000000,-0.000001,-0.000593,1.000000
probe_part_uncorrected_013,577.101000,0.453954,-0.001725,0.625000,0.000000,-0.000001,-0.000593,1.000000
probe_part_uncorrected_013,577.118000,0.453954,-0.001725,0.625000,0.000000,-0.000001,-0.000593,1.000000
probe_part_uncorrected_013,577.136000,0.453954,-0.001725,0.625000,0.000000,-0.000001,-0.000593,1.000000
probe_part_uncorrected_013,577.154000,0.453954,-0.001725,0.625000,0.000000,-0.000001,-0.000593,1.000000
probe_part_uncorrected_013,577.171000,0.453954,-0.001725,0.625000,0.000000,-0.000001,-0.000593,1.000000
probe_part_uncorrected_013,577.188000,0.453954,-0.001725,0.625000,0.000000,-0.000001,-0.000593,1.000000
probe_part_uncorrected_013,577.205000,0.453954,-0.001725,0.625000,0.000000,-0.000001,-0.000593,1.000000
probe_part_uncorrected_013,577.220000,0.453954,-0.001725,0.625000,0.000000,-0.000001,-0.000593,1.000000
probe_part_uncorrected_013,577.236000,0.453954,-0.001725,0.625000,0.000000,-0.000001,-0.000593,1.000000
probe_part_uncorrected_013,577.248000,0.453954,-0.001725,0.625000,0.000000,-0.000001,-0.000593,1.000000
probe_part_uncorrected_013,577.264000,0.453954,-0.001725,0.625000,0.000000,-0.000001,-0.000593,1.000000
probe_part_uncorrected_013,577.281000,0.453954,-0.001725,0.625000,0.000000,-0.000001,-0.000593,1.000000
probe_part_uncorrected_013,577.298000,0.453954,-0.001725,0.625000,0.000000,-0.000001,-0.000593,1.000000
probe_part_uncorrected_013,577.315000,0.453954,-0.001725,0.625000,0.000000,-0.000001,-0.000593,1.000000
probe_part_uncorrected_013,577.333000,0.453954,-0.001725,0.625000,0.000000,-0.000001,-0.000593,1.000000
probe_part_uncorrected_013,577.351000,0.453954,-0.001725,0.625000,0.000000,-0.000001,-0.000593,1.000000
probe_part_uncorrected_013,577.366000,0.453954,-0.001725,0.625000,0.000000,-0.000001,-0.000593,1.000000
probe_part_uncorrected_013,577.383000,0.453954,-0.001725,0.625000,0.000000,-0.000001,-0.000593,1.000000
probe_part_uncorrected_013,577.400000,0.453954,-0.001725,0.625000,0.000000,-0.000001,-0.000593,1.000000
probe_part_uncorrected_013,577.417000,0.453954,-0.001725,0.625000,0.000000,-0.000001,-0.000593,1.000000
probe_part_uncorrected_013,577.435000,0.453954,-0.001725,0.625000,0.000000,-0.000001,-0.000593,1.000000
probe_part_uncorrected_013,577.452000,0.453954,-0.001725,0.625000,0.000000,-0.000001,-0.000593,1.000000
probe_part_uncorrected_013,577.469000,0.453954,-0.001725,0.625000,0.000000,-0.000001,-0.000593,1.000000
probe_part_uncorrected_013,577.487000,0.453954,-0.001725,0.625000,0.000000,-0.000001,-0.000593,1.000000
probe_part_uncorrected_013,577.504000,0.453954,-0.001725,0.625000,0.000000,-0.000001,-0.000593,1.000000
probe_part_uncorrected_013,577.522000,0.453954,-0.001725,0.625000,0.000000,-0.000001,-0.000593,1.000000
probe_part_uncorrected_013,577.540000,0.453954,-0.001725,0.625000,0.000000,-0.000001,-0.000593,1.000000
probe_part_uncorrected_013,577.558000,0.453954,-0.001725,0.625000,0.000000,-0.000001,-0.000593,1.000000
probe_part_uncorrected_013,577.576000,0.453954,-0.001725,0.625000,0.000000,-0.000001,-0.000593,1.000000
probe_part_uncorrected_013,577.594000,0.453954,-0.001725,0.625000,0.000000,-0.000001,-0.000593,1.000000
probe_part_uncorrected_013,577.612000,0.453954,-0.001725,0.625000,0.000000,-0.000001,-0.000593,1.000000
probe_part_uncorrected_013,577.630000,0.453954,-0.001725,0.625000,0.000000,-0.000001,-0.000593,1.000000
probe_part_uncorrected_013,577.648000,0.453954,-0.001725,0.625000,0.000000,-0.000001,-0.000593,1.000000
probe_part_uncorrected_013,577.663000,0.453954,-0.001725,0.625000,0.000000,-0.000001,-0.000593,1.000000
probe_part_uncorrected_013,577.681000,0.453954,-0.001725,0.625000,0.000000,-0.000001,-0.000593,1.000000
probe_part_uncorrected_013,577.699000,0.453954,-0.001725,0.625000,0.000000,-0.000001,-0.000593,1.000000
probe_part_uncorrected_013,577.717000,0.453954,-0.001725,0.625000,0.000000,-0.000001,-0.000593,1.000000
probe_part_uncorrected_013,577.734000,0.453954,-0.001725,0.625000,0.000000,-0.000001,-0.000593,1.000000
probe_part_uncorrected_013,577.751000,0.453954,-0.001725,0.625000,0.000000,-0.000001,-0.000593,1.000000
probe_part_uncorrected_013,577.769000,0.453954,-0.001725,0.625000,0.000000,-0.000001,-0.000593,1.000000
probe_part_uncorrected_013,577.787000,0.453954,-0.001725,0.625000,0.000000,-0.000001,-0.000593,1.000000
probe_part_uncorrected_013,577.805000,0.453954,-0.001725,0.625000,0.000000,-0.000001,-0.000593,1.000000
probe_part_uncorrected_013,577.823000,0.453954,-0.001725,0.625000,0.000000,-0.000001,-0.000593,1.000000
probe_part_uncorrected_013,577.841000,0.453954,-0.001725,0.625000,0.000000,-0.000001,-0.000593,1.000000
probe_part_uncorrected_013,577.859000,0.453954,-0.001725,0.625000,0.000000,-0.000001,-0.000593,1.000000
probe_part_uncorrected_013,577.877000,0.453954,-0.001725,0.625000,0.000000,-0.000001,-0.000593,1.000000
probe_part_uncorrected_013,577.894000,0.453954,-0.001725,0.625000,0.000000,-0.000001,-0.000593,1.000000
probe_part_uncorrected_013,577.910000,0.453954,-0.001725,0.625000,0.000000,-0.000001,-0.000593,1.000000
probe_part_uncorrected_013,577.927000,0.453954,-0.001725,0.625000,0.000000,-0.000001,-0.000593,1.000000
probe_part_uncorrected_013,577.944000,0.453954,-0.001725,0.625000,0.000000,-0.000001,-0.000593,1.000000
probe_part_uncorrected_013,577.962000,0.453954,-0.001725,0.625000,0.000000,-0.000001,-0.000593,1.000000
probe_part_uncorrected_013,577.979000,0.453954,-0.001725,0.625000,0.000000,-0.000001,-0.000593,1.000000
probe_part_uncorrected_013,577.997000,0.453954,-0.001725,0.625000,0.000000,-0.000001,-0.000593,1.000000
probe_part_uncorrected_013,578.015000,0.453954,-0.001725,0.625000,0.000000,-0.000001,-0.000593,1.000000
probe_part_uncorrected_013,578.032000,0.453954,-0.001725,0.625000,0.000000,-0.000001,-0.000593,1.000000
probe_part_uncorrected_013,578.049000,0.453954,-0.001725,0.625000,0.000000,-0.000001,-0.000593,1.000000
probe_part_uncorrected_013,578.067000,0.453954,-0.001725,0.625000,0.000000,-0.000001,-0.000593,1.000000
probe_part_uncorrected_013,578.084000,0.453954,-0.001725,0.625000,0.000000,-0.000001,-0.000593,1.000000
probe_part_uncorrected_013,578.101000,0.453954,-0.001725,0.625000,0.000000,-0.000001,-0.000593,1.000000
probe_part_uncorrected_013,578.118000,0.453954,-0.001725,0.625000,0.000000,-0.000001,-0.000593,1.000000
probe_part_uncorrected_013,578.135000,0.453954,-0.001725,0.625000,0.000000,-0.000001,-0.000593,1.000000
probe_part_uncorrected_013,578.151000,0.453954,-0.001725,0.625000,0.000000,-0.000001,-0.000593,1.000000
probe_part_uncorrected_013,578.167000,0.453954,-0.001725,0.625000,0.000000,-0.000001,-0.000593,1.000000
probe_part_uncorrected_013,578.185000,0.453954,-0.001725,0.625000,0.000000,-0.000001,-0.000593,1.000000
probe_part_uncorrected_013,578.203000,0.453954,-0.001725,0.625000,0.000000,-0.000001,-0.000593,1.000000
probe_part_uncorrected_013,578.220000,0.453954,-0.001725,0.625000,0.000000,-0.000001,-0.000593,1.000000
probe_part_uncorrected_013,578.237000,0.453954,-0.001725,0.625000,0.000000,-0.000001,-0.000593,1.000000
probe_part_uncorrected_013,578.254000,0.453954,-0.001725,0.625000,0.000000,-0.000001,-0.000593,1.000000
probe_part_uncorrected_013,578.271000,0.453954,-0.001725,0.625000,0.000000,-0.000001,-0.000593,1.000000
probe_part_uncorrected_013,578.288000,0.453954,-0.001725,0.625000,0.000000,-0.000001,-0.000593,1.000000
probe_part_uncorrected_013,578.306000,0.453954,-0.001725,0.625000,0.000000,-0.000001,-0.000593,1.000000
probe_part_uncorrected_013,578.324000,0.453954,-0.001725,0.625000,0.000000,-0.000001,-0.000593,1.000000
probe_part_uncorrected_013,578.342000,0.453954,-0.001725,0.625000,0.000000,-0.000001,-0.000593,1.000000
probe_part_uncorrected_013,578.360000,0.453954,-0.001725,0.625000,0.000000,-0.000001,-0.000593,1.000000
probe_part_uncorrected_013,578.377000,0.453954,-0.001725,0.625000,0.000000,-0.000001,-0.000593,1.000000
probe_part_uncorrected_013,578.395000,0.453954,-0.001725,0.625000,0.000000,-0.000001,-0.000593,1.000000
probe_part_uncorrected_013,578.412000,0.453954,-0.001725,0.625000,0.000000,-0.000001,-0.000593,1.000000
probe_part_uncorrected_013,578.430000,0.453954,-0.001725,0.625000,0.000000,-0.000001,-0.000593,1.000000
probe_part_uncorrected_013,578.448000,0.453954,-0.001725,0.625000,0.000000,-0.000001,-0.000593,1.000000
probe_part_uncorrected_013,578.466000,0.453954,-0.001725,0.625000,0.000000,-0.000001,-0.000593,1.000000
probe_part_uncorrected_013,578.483000,0.453954,-0.001725,0.625000,0.000000,-0.000001,-0.000593,1.000000
probe_part_uncorrected_013,578.500000,0.453954,-0.001725,0.625000,0.000000,-0.000001,-0.000593,1.000000
probe_part_uncorrected_013,578.518000,0.453954,-0.001725,0.625000,0.000000,-0.000001,-0.000593,1.000000
probe_part_uncorrected_013,578.536000,0.453954,-0.001725,0.625000,0.000000,-0.000001,-0.000593,1.000000
probe_part_uncorrected_013,578.553000,0.453954,-0.001725,0.625000,0.000000,-0.000001,-0.000593,1.000000
probe_part_uncorrected_013,578.570000,0.453954,-0.001725,0.625000,0.000000,-0.000001,-0.000593,1.000000
probe_part_uncorrected_013,578.588000,0.453954,-0.001725,0.625000,0.000000,-0.000001,-0.000593,1.000000
probe_part_uncorrected_013,578.605000,0.453954,-0.001725,0.625000,0.000000,-0.000001,-0.000593,1.000000
probe_part_uncorrected_013,578.622000,0.453954,-0.001725,0.625000,0.000000,-0.000001,-0.000593,1.000000
probe_part_uncorrected_013,578.640000,0.453954,-0.001725,0.625000,0.000000,-0.000001,-0.000593,1.000000
probe_part_uncorrected_013,578.657000,0.453954,-0.001725,0.625000,0.000000,-0.000001,-0.000593,1.000000
probe_part_uncorrected_013,578.674000,0.453954,-0.001725,0.625000,0.000000,-0.000001,-0.000593,1.000000
probe_part_uncorrected_013,578.692000,0.453954,-0.001725,0.625000,0.000000,-0.000001,-0.000593,1.000000
probe_part_uncorrected_013,578.709000,0.453954,-0.001725,0.625000,0.000000,-0.000001,-0.000593,1.000000
probe_part_uncorrected_013,578.726000,0.453954,-0.001725,0.625000,0.000000,-0.000001,-0.000593,1.000000
probe_part_uncorrected_013,578.743000,0.453954,-0.001725,0.625000,0.000000,-0.000001,-0.000593,1.000000
probe_part_uncorrected_013,578.760000,0.453954,-0.001725,0.625000,0.000000,-0.000001,-0.000593,1.000000
probe_part_uncorrected_013,578.777000,0.453954,-0.001725,0.625000,0.000000,-0.000001,-0.000593,1.000000
probe_part_uncorrected_013,578.795000,0.453954,-0.001725,0.625000,0.000000,-0.000001,-0.000593,1.000000
probe_part_uncorrected_013,578.813000,0.453954,-0.001725,0.625000,0.000000,-0.000001,-0.000593,1.000000
probe_part_uncorrected_013,578.830000,0.453954,-0.001725,0.625000,0.000000,-0.000001,-0.000593,1.000000
probe_part_uncorrected_013,578.847000,0.453954,-0.001725,0.625000,0.000000,-0.000001,-0.000593,1.000000
probe_part_uncorrected_013,578.862000,0.453954,-0.001725,0.625000,0.000000,-0.000001,-0.000593,1.000000
probe_part_uncorrected_013,578.879000,0.453954,-0.001725,0.625000,0.000000,-0.000001,-0.000593,1.000000
probe_part_uncorrected_013,578.892000,0.453954,-0.001725,0.625000,0.000000,-0.000001,-0.000593,1.000000
probe_part_uncorrected_013,578.907000,0.453954,-0.001725,0.625000,0.000000,-0.000001,-0.000593,1.000000
probe_part_uncorrected_013,578.924000,0.453954,-0.001725,0.625000,0.000000,-0.000001,-0.000593,1.000000
probe_part_uncorrected_013,578.942000,0.453954,-0.001725,0.625000,0.000000,-0.000001,-0.000593,1.000000
probe_part_uncorrected_013,578.959000,0.453954,-0.001725,0.625000,0.000000,-0.000001,-0.000593,1.000000
probe_part_uncorrected_013,578.977000,0.453954,-0.001725,0.625000,0.000000,-0.000001,-0.000593,1.000000
probe_part_uncorrected_013,578.994000,0.453954,-0.001725,0.625000,0.000000,-0.000001,-0.000593,1.000000
probe_part_uncorrected_013,579.011000,0.453954,-0.001725,0.625000,0.000000,-0.000001,-0.000593,1.000000
probe_part_uncorrected_013,579.027000,0.453954,-0.001725,0.625000,0.000000,-0.000001,-0.000593,1.000000
probe_part_uncorrected_013,579.043000,0.453954,-0.001725,0.625000,0.000000,-0.000001,-0.000593,1.000000
probe_part_uncorrected_013,579.061000,0.453954,-0.001725,0.625000,0.000000,-0.000001,-0.000593,1.000000
probe_part_uncorrected_013,579.077000,0.453954,-0.001725,0.625000,0.000000,-0.000001,-0.000593,1.000000
probe_part_uncorrected_013,579.093000,0.453954,-0.001725,0.625000,0.000000,-0.000001,-0.000593,1.000000
probe_part_uncorrected_013,579.110000,0.453954,-0.001725,0.625000,0.000000,-0.000001,-0.000593,1.000000
probe_part_uncorrected_013,579.126000,0.453954,-0.001725,0.625000,0.000000,-0.000001,-0.000593,1.000000
probe_part_uncorrected_013,579.144000,0.453954,-0.001725,0.625000,0.000000,-0.000001,-0.000593,1.000000
probe_part_uncorrected_013,579.162000,0.453954,-0.001725,0.625000,0.000000,-0.000001,-0.000593,1.000000
probe_part_uncorrected_013,579.179000,0.453954,-0.001725,0.625000,0.000000,-0.000001,-0.000593,1.000000
probe_part_uncorrected_013,579.197000,0.453954,-0.001725,0.625000,0.000000,-0.000001,-0.000593,1.000000
probe_part_uncorrected_013,579.214000,0.453954,-0.001725,0.625000,0.000000,-0.000001,-0.000593,1.000000
probe_part_uncorrected_013,579.231000,0.453954,-0.001725,0.625000,0.000000,-0.000001,-0.000593,1.000000
probe_part_uncorrected_013,579.249000,0.453954,-0.001725,0.625000,0.000000,-0.000001,-0.000593,1.000000
probe_part_uncorrected_013,579.267000,0.453954,-0.001725,0.625000,0.000000,-0.000001,-0.000593,1.000000
probe_part_uncorrected_013,579.283000,0.453954,-0.001725,0.625000,0.000000,-0.000001,-0.000593,1.000000
probe_part_uncorrected_013,579.298000,0.453954,-0.001725,0.625000,0.000000,-0.000001,-0.000593,1.000000
probe_part_uncorrected_013,579.315000,0.453954,-0.001725,0.625000,0.000000,-0.000001,-0.000593,1.000000
probe_part_uncorrected_013,579.333000,0.453954,-0.001725,0.625000,0.000000,-0.000001,-0.000593,1.000000
probe_part_uncorrected_013,579.350000,0.453954,-0.001725,0.625000,0.000000,-0.000001,-0.000593,1.000000
probe_part_uncorrected_013,579.368000,0.453954,-0.001725,0.625000,0.000000,-0.000001,-0.000593,1.000000
probe_part_uncorrected_013,579.382000,0.453954,-0.001725,0.625000,0.000000,-0.000001,-0.000593,1.000000
probe_part_uncorrected_013,579.396000,0.453954,-0.001725,0.625000,0.000000,-0.000001,-0.000593,1.000000
probe_part_uncorrected_013,579.413000,0.453954,-0.001725,0.625000,0.000000,-0.000001,-0.000593,1.000000
probe_part_uncorrected_013,579.431000,0.453954,-0.001725,0.625000,0.000000,-0.000001,-0.000593,1.000000
probe_part_uncorrected_013,579.448000,0.453954,-0.001725,0.625000,0.000000,-0.000001,-0.000593,1.000000
probe_part_uncorrected_013,579.465000,0.453954,-0.001725,0.625000,0.000000,-0.000001,-0.000593,1.000000
probe_part_uncorrected_013,579.483000,0.453954,-0.001725,0.625000,0.000000,-0.000001,-0.000593,1.000000
probe_part_uncorrected_013,579.501000,0.453954,-0.001725,0.625000,0.000000,-0.000001,-0.000593,1.000000
probe_part_uncorrected_013,579.518000,0.453954,-0.001725,0.625000,0.000000,-0.000001,-0.000593,1.000000
probe_part_uncorrected_013,579.536000,0.453954,-0.001725,0.625000,0.000000,-0.000001,-0.000593,1.000000
probe_part_uncorrected_013,579.554000,0.453954,-0.001725,0.625000,0.000000,-0.000001,-0.000593,1.000000
probe_part_uncorrected_013,579.571000,0.453954,-0.001725,0.625000,0.000000,-0.000001,-0.000593,1.000000
probe_part_uncorrected_013,579.589000,0.453954,-0.001725,0.625000,0.000000,-0.000001,-0.000593,1.000000
probe_part_uncorrected_013,579.607000,0.453954,-0.001725,0.625000,0.000000,-0.000001,-0.000593,1.000000
probe_part_uncorrected_013,579.624000,0.453954,-0.001725,0.625000,0.000000,-0.000001,-0.000593,1.000000
probe_part_uncorrected_013,579.642000,0.453954,-0.001725,0.625000,0.000000,-0.000001,-0.000593,1.000000
probe_part_uncorrected_013,579.660000,0.453954,-0.001725,0.625000,0.000000,-0.000001,-0.000593,1.000000
probe_part_uncorrected_013,579.678000,0.453954,-0.001725,0.625000,0.000000,-0.000001,-0.000593,1.000000
probe_part_uncorrected_013,579.695000,0.453954,-0.001725,0.625000,0.000000,-0.000001,-0.000593,1.000000
probe_part_uncorrected_013,579.712000,0.453954,-0.001725,0.625000,0.000000,-0.000001,-0.000593,1.000000
probe_part_uncorrected_013,579.729000,0.453954,-0.001725,0.625000,0.000000,-0.000001,-0.000593,1.000000
probe_part_uncorrected_013,579.746000,0.453954,-0.001725,0.625000,0.000000,-0.000001,-0.000593,1.000000
probe_part_uncorrected_013,579.763000,0.453954,-0.001725,0.625000,0.000000,-0.000001,-0.000593,1.000000
probe_part_uncorrected_013,579.779000,0.453954,-0.001725,0.625000,0.000000,-0.000001,-0.000593,1.000000
probe_part_uncorrected_013,579.796000,0.453954,-0.001725,0.625000,0.000000,-0.000001,-0.000593,1.000000
probe_part_uncorrected_013,579.812000,0.453954,-0.001725,0.625000,0.000000,-0.000001,-0.000593,1.000000
probe_part_uncorrected_013,579.829000,0.453954,-0.001725,0.625000,0.000000,-0.000001,-0.000593,1.000000
probe_part_uncorrected_013,579.845000,0.453954,-0.001725,0.625000,0.000000,-0.000001,-0.000593,1.000000
probe_part_uncorrected_013,579.862000,0.453954,-0.001725,0.625000,0.000000,-0.000001,-0.000593,1.000000
probe_part_uncorrected_013,579.879000,0.453954,-0.001725,0.625000,0.000000,-0.000001,-0.000593,1.000000
probe_part_uncorrected_013,579.890000,0.453954,-0.001725,0.625000,0.000000,-0.000001,-0.000593,1.000000
probe_part_uncorrected_013,579.901000,0.453954,-0.001725,0.625000,0.000000,-0.000001,-0.000593,1.000000
probe_part_uncorrected_013,579.918000,0.453954,-0.001725,0.625000,0.000000,-0.000001,-0.000593,1.000000
probe_part_uncorrected_013,579.935000,0.453954,-0.001725,0.625000,0.000000,-0.000001,-0.000593,1.000000
probe_part_uncorrected_013,579.951000,0.453954,-0.001725,0.625000,0.000000,-0.000001,-0.000593,1.000000
probe_part_uncorrected_013,579.967000,0.453954,-0.001725,0.625000,0.000000,-0.000001,-0.000593,1.000000
probe_part_uncorrected_013,579.982000,0.453954,-0.001725,0.625000,0.000000,-0.000001,-0.000593,1.000000
probe_part_uncorrected_013,579.995000,0.453954,-0.001725,0.625000,0.000000,-0.000001,-0.000593,1.000000
probe_part_uncorrected_013,580.011000,0.453954,-0.001725,0.625000,0.000000,-0.000001,-0.000593,1.000000
probe_part_uncorrected_013,580.027000,0.453954,-0.001725,0.625000,0.000000,-0.000001,-0.000593,1.000000
probe_part_uncorrected_013,580.043000,0.453954,-0.001725,0.625000,0.000000,-0.000001,-0.000593,1.000000
probe_part_uncorrected_013,580.059000,0.453954,-0.001725,0.625000,0.000000,-0.000001,-0.000593,1.000000
probe_part_uncorrected_013,580.075000,0.453954,-0.001725,0.625000,0.000000,-0.000001,-0.000593,1.000000
probe_part_uncorrected_013,580.092000,0.453954,-0.001725,0.625000,0.000000,-0.000001,-0.000593,1.000000
probe_part_uncorrected_013,580.109000,0.453954,-0.001725,0.625000,0.000000,-0.000001,-0.000593,1.000000
probe_part_uncorrected_013,580.125000,0.453954,-0.001725,0.625000,0.000000,-0.000001,-0.000593,1.000000
probe_part_uncorrected_013,580.140000,0.453954,-0.001725,0.625000,0.000000,-0.000001,-0.000593,1.000000
probe_part_uncorrected_013,580.157000,0.453954,-0.001725,0.625000,0.000000,-0.000001,-0.000593,1.000000
probe_part_uncorrected_013,580.174000,0.453954,-0.001725,0.625000,0.000000,-0.000001,-0.000593,1.000000
probe_part_uncorrected_013,580.190000,0.453954,-0.001725,0.625000,0.000000,-0.000001,-0.000593,1.000000
probe_part_uncorrected_013,580.206000,0.453954,-0.001725,0.625000,0.000000,-0.000001,-0.000593,1.000000
probe_part_uncorrected_013,580.223000,0.453954,-0.001725,0.625000,0.000000,-0.000001,-0.000593,1.000000
probe_part_uncorrected_013,580.239000,0.453954,-0.001725,0.625000,0.000000,-0.000001,-0.000593,1.000000
probe_part_uncorrected_013,580.256000,0.453954,-0.001725,0.625000,0.000000,-0.000001,-0.000593,1.000000
probe_part_uncorrected_013,580.273000,0.453954,-0.001725,0.625000,0.000000,-0.000001,-0.000593,1.000000
probe_part_uncorrected_013,580.289000,0.453954,-0.001725,0.625000,0.000000,-0.000001,-0.000593,1.000000
probe_part_uncorrected_013,580.306000,0.453954,-0.001725,0.625000,0.000000,-0.000001,-0.000593,1.000000
probe_part_uncorrected_013,580.322000,0.453954,-0.001725,0.625000,0.000000,-0.000001,-0.000593,1.000000
probe_part_uncorrected_013,580.339000,0.453954,-0.001725,0.625000,0.000000,-0.000001,-0.000593,1.000000
probe_part_uncorrected_013,580.356000,0.453954,-0.001725,0.625000,0.000000,-0.000001,-0.000593,1.000000
probe_part_uncorrected_013,580.373000,0.453954,-0.001725,0.625000,0.000000,-0.000001,-0.000593,1.000000
probe_part_uncorrected_013,580.391000,0.453954,-0.001725,0.625000,0.000000,-0.000001,-0.000593,1.000000
probe_part_uncorrected_013,580.408000,0.453954,-0.001725,0.625000,0.000000,-0.000001,-0.000593,1.000000
probe_part_uncorrected_013,580.425000,0.453954,-0.001725,0.625000,0.000000,-0.000001,-0.000593,1.000000
probe_part_uncorrected_013,580.441000,0.453954,-0.001725,0.625000,0.000000,-0.000001,-0.000593,1.000000
probe_part_uncorrected_013,580.458000,0.453954,-0.001725,0.625000,0.000000,-0.000001,-0.000593,1.000000
probe_part_uncorrected_013,580.475000,0.453954,-0.001725,0.625000,0.000000,-0.000001,-0.000593,1.000000
probe_part_uncorrected_013,580.492000,0.453954,-0.001725,0.625000,0.000000,-0.000001,-0.000593,1.000000
probe_part_uncorrected_013,580.509000,0.453954,-0.001725,0.625000,0.000000,-0.000001,-0.000593,1.000000
probe_part_uncorrected_013,580.526000,0.453954,-0.001725,0.625000,0.000000,-0.000001,-0.000593,1.000000
probe_part_uncorrected_013,580.544000,0.453954,-0.001725,0.625000,0.000000,-0.000001,-0.000593,1.000000
probe_part_uncorrected_013,580.561000,0.453954,-0.001725,0.625000,0.000000,-0.000001,-0.000593,1.000000
probe_part_uncorrected_013,580.578000,0.453954,-0.001725,0.625000,0.000000,-0.000001,-0.000593,1.000000
probe_part_uncorrected_013,580.595000,0.453954,-0.001725,0.625000,0.000000,-0.000001,-0.000593,1.000000
probe_part_uncorrected_013,580.612000,0.453954,-0.001725,0.625000,0.000000,-0.000001,-0.000593,1.000000
probe_part_uncorrected_013,580.629000,0.453954,-0.001725,0.625000,0.000000,-0.000001,-0.000593,1.000000
probe_part_uncorrected_013,580.646000,0.453954,-0.001725,0.625000,0.000000,-0.000001,-0.000593,1.000000
probe_part_uncorrected_013,580.663000,0.453954,-0.001725,0.625000,0.000000,-0.000001,-0.000593,1.000000
probe_part_uncorrected_013,580.679000,0.453954,-0.001725,0.625000,0.000000,-0.000001,-0.000593,1.000000
probe_part_uncorrected_013,580.697000,0.453954,-0.001725,0.625000,0.000000,-0.000001,-0.000593,1.000000
probe_part_uncorrected_013,580.714000,0.453954,-0.001725,0.625000,0.000000,-0.000001,-0.000593,1.000000
probe_part_uncorrected_013,580.731000,0.453954,-0.001725,0.625000,0.000000,-0.000001,-0.000593,1.000000
probe_part_uncorrected_013,580.748000,0.453954,-0.001725,0.625000,0.000000,-0.000001,-0.000593,1.000000
probe_part_uncorrected_013,580.765000,0.453954,-0.001725,0.625000,0.000000,-0.000001,-0.000593,1.000000
probe_part_uncorrected_013,580.782000,0.453954,-0.001725,0.625000,0.000000,-0.000001,-0.000593,1.000000
probe_part_uncorrected_013,580.799000,0.453954,-0.001725,0.625000,0.000000,-0.000001,-0.000593,1.000000
probe_part_uncorrected_013,580.816000,0.453954,-0.001725,0.625000,0.000000,-0.000001,-0.000593,1.000000
probe_part_uncorrected_013,580.834000,0.453954,-0.001725,0.625000,0.000000,-0.000001,-0.000593,1.000000
probe_part_uncorrected_013,580.852000,0.453954,-0.001725,0.625000,0.000000,-0.000001,-0.000593,1.000000
probe_part_uncorrected_013,580.869000,0.453954,-0.001725,0.625000,0.000000,-0.000001,-0.000593,1.000000
probe_part_uncorrected_013,580.886000,0.453954,-0.001725,0.625000,0.000000,-0.000001,-0.000593,1.000000
probe_part_uncorrected_013,580.902000,0.453954,-0.001725,0.625000,0.000000,-0.000001,-0.000593,1.000000
probe_part_uncorrected_013,580.919000,0.453954,-0.001725,0.625000,0.000000,-0.000001,-0.000593,1.000000
probe_part_uncorrected_013,580.936000,0.453954,-0.001725,0.625000,0.000000,-0.000001,-0.000593,1.000000
probe_part_uncorrected_013,580.954000,0.453954,-0.001725,0.625000,0.000000,-0.000001,-0.000593,1.000000
probe_part_uncorrected_013,580.971000,0.453954,-0.001725,0.625000,0.000000,-0.000001,-0.000593,1.000000
probe_part_uncorrected_013,580.989000,0.453954,-0.001725,0.625000,0.000000,-0.000001,-0.000593,1.000000
probe_part_uncorrected_013,581.006000,0.453954,-0.001725,0.625000,0.000000,-0.000001,-0.000593,1.000000
probe_part_uncorrected_013,581.023000,0.453954,-0.001725,0.625000,0.000000,-0.000001,-0.000593,1.000000
probe_part_uncorrected_013,581.040000,0.453954,-0.001725,0.625000,0.000000,-0.000001,-0.000593,1.000000
probe_part_uncorrected_013,581.058000,0.453954,-0.001725,0.625000,0.000000,-0.000001,-0.000593,1.000000
probe_part_uncorrected_013,581.075000,0.453954,-0.001725,0.625000,0.000000,-0.000001,-0.000593,1.000000
probe_part_uncorrected_013,581.092000,0.453954,-0.001725,0.625000,0.000000,-0.000001,-0.000593,1.000000
probe_part_uncorrected_013,581.109000,0.453954,-0.001725,0.625000,0.000000,-0.000001,-0.000593,1.000000
probe_part_uncorrected_013,581.126000,0.453954,-0.001725,0.625000,0.000000,-0.000001,-0.000593,1.000000
probe_part_uncorrected_013,581.143000,0.453954,-0.001725,0.625000,0.000000,-0.000001,-0.000593,1.000000
probe_part_uncorrected_013,581.160000,0.453954,-0.001725,0.625000,0.000000,-0.000001,-0.000593,1.000000
probe_part_uncorrected_013,581.178000,0.453954,-0.001725,0.625000,0.000000,-0.000001,-0.000593,1.000000
probe_part_uncorrected_013,581.195000,0.453954,-0.001725,0.625000,0.000000,-0.000001,-0.000593,1.000000
probe_part_uncorrected_013,581.212000,0.453954,-0.001725,0.625000,0.000000,-0.000001,-0.000593,1.000000
probe_part_uncorrected_013,581.230000,0.453954,-0.001725,0.625000,0.000000,-0.000001,-0.000593,1.000000
probe_part_uncorrected_013,581.248000,0.453954,-0.001725,0.625000,0.000000,-0.000001,-0.000593,1.000000
probe_part_uncorrected_013,581.266000,0.453954,-0.001725,0.625000,0.000000,-0.000001,-0.000593,1.000000
probe_part_uncorrected_013,581.284000,0.453954,-0.001725,0.625000,0.000000,-0.000001,-0.000593,1.000000
probe_part_uncorrected_013,581.301000,0.453954,-0.001725,0.625000,0.000000,-0.000001,-0.000593,1.000000
probe_part_uncorrected_013,581.314000,0.453954,-0.001725,0.625000,0.000000,-0.000001,-0.000593,1.000000
probe_part_uncorrected_013,581.328000,0.453954,-0.001725,0.625000,0.000000,-0.000001,-0.000593,1.000000
probe_part_uncorrected_013,581.342000,0.453954,-0.001725,0.625000,0.000000,-0.000001,-0.000593,1.000000
probe_part_uncorrected_013,581.357000,0.453954,-0.001725,0.625000,0.000000,-0.000001,-0.000593,1.000000
probe_part_uncorrected_013,581.373000,0.453954,-0.001725,0.625000,0.000000,-0.000001,-0.000593,1.000000
probe_part_uncorrected_013,581.389000,0.453954,-0.001725,0.625000,0.000000,-0.000001,-0.000593,1.000000
probe_part_uncorrected_013,581.405000,0.453954,-0.001725,0.625000,0.000000,-0.000001,-0.000593,1.000000
probe_part_uncorrected_013,581.422000,0.453954,-0.001725,0.625000,0.000000,-0.000001,-0.000593,1.000000
probe_part_uncorrected_013,581.438000,0.453954,-0.001725,0.625000,0.000000,-0.000001,-0.000593,1.000000
probe_part_uncorrected_013,581.455000,0.453954,-0.001725,0.625000,0.000000,-0.000001,-0.000593,1.000000
probe_part_uncorrected_013,581.472000,0.453954,-0.001725,0.625000,0.000000,-0.000001,-0.000593,1.000000
probe_part_uncorrected_013,581.489000,0.453954,-0.001725,0.625000,0.000000,-0.000001,-0.000593,1.000000
probe_part_uncorrected_013,581.506000,0.453954,-0.001725,0.625000,0.000000,-0.000001,-0.000593,1.000000
probe_part_uncorrected_013,581.523000,0.453954,-0.001725,0.625000,0.000000,-0.000001,-0.000593,1.000000
probe_part_uncorrected_013,581.540000,0.453954,-0.001725,0.625000,0.000000,-0.000001,-0.000593,1.000000
probe_part_uncorrected_013,581.557000,0.453954,-0.001725,0.625000,0.000000,-0.000001,-0.000593,1.000000
probe_part_uncorrected_013,581.573000,0.453954,-0.001725,0.625000,0.000000,-0.000001,-0.000593,1.000000
probe_part_uncorrected_013,581.590000,0.453954,-0.001725,0.625000,0.000000,-0.000001,-0.000593,1.000000
probe_part_uncorrected_013,581.607000,0.453954,-0.001725,0.625000,0.000000,-0.000001,-0.000593,1.000000
probe_part_uncorrected_013,581.624000,0.453954,-0.001725,0.625000,0.000000,-0.000001,-0.000593,1.000000
probe_part_uncorrected_013,581.641000,0.453954,-0.001725,0.625000,0.000000,-0.000001,-0.000593,1.000000
probe_part_uncorrected_013,581.658000,0.453954,-0.001725,0.625000,0.000000,-0.000001,-0.000593,1.000000
probe_part_uncorrected_013,581.675000,0.453954,-0.001725,0.625000,0.000000,-0.000001,-0.000593,1.000000
probe_part_uncorrected_013,581.692000,0.453954,-0.001725,0.625000,0.000000,-0.000001,-0.000593,1.000000
probe_part_uncorrected_013,581.709000,0.453954,-0.001725,0.625000,0.000000,-0.000001,-0.000593,1.000000
probe_part_uncorrected_013,581.726000,0.453954,-0.001725,0.625000,0.000000,-0.000001,-0.000593,1.000000
probe_part_uncorrected_013,581.743000,0.453954,-0.001725,0.625000,0.000000,-0.000001,-0.000593,1.000000
probe_part_uncorrected_013,581.760000,0.453954,-0.001725,0.625000,0.000000,-0.000001,-0.000593,1.000000
probe_part_uncorrected_013,581.777000,0.453954,-0.001725,0.625000,0.000000,-0.000001,-0.000593,1.000000
probe_part_uncorrected_013,581.795000,0.453954,-0.001725,0.625000,0.000000,-0.000001,-0.000593,1.000000
probe_part_uncorrected_013,581.812000,0.453954,-0.001725,0.625000,0.000000,-0.000001,-0.000593,1.000000
probe_part_uncorrected_013,581.829000,0.453954,-0.001725,0.625000,0.000000,-0.000001,-0.000593,1.000000
probe_part_uncorrected_013,581.846000,0.453954,-0.001725,0.625000,0.000000,-0.000001,-0.000593,1.000000
probe_part_uncorrected_013,581.863000,0.453954,-0.001725,0.625000,0.000000,-0.000001,-0.000593,1.000000
probe_part_uncorrected_013,581.879000,0.453954,-0.001725,0.625000,0.000000,-0.000001,-0.000593,1.000000
probe_part_uncorrected_013,581.896000,0.453954,-0.001725,0.625000,0.000000,-0.000001,-0.000593,1.000000
probe_part_uncorrected_013,581.914000,0.453954,-0.001725,0.625000,0.000000,-0.000001,-0.000593,1.000000
probe_part_uncorrected_013,581.932000,0.453954,-0.001725,0.625000,0.000000,-0.000001,-0.000593,1.000000
probe_part_uncorrected_013,581.950000,0.453954,-0.001725,0.625000,0.000000,-0.000001,-0.000593,1.000000
probe_part_uncorrected_013,581.967000,0.453954,-0.001725,0.625000,0.000000,-0.000001,-0.000593,1.000000
probe_part_uncorrected_013,581.978000,0.453954,-0.001725,0.625000,0.000000,-0.000001,-0.000593,1.000000
probe_part_uncorrected_013,581.991000,0.453954,-0.001725,0.625000,0.000000,-0.000001,-0.000593,1.000000
probe_part_uncorrected_013,582.008000,0.453954,-0.001725,0.625000,0.000000,-0.000001,-0.000593,1.000000
probe_part_uncorrected_013,582.025000,0.453954,-0.001725,0.625000,0.000000,-0.000001,-0.000593,1.000000
probe_part_uncorrected_013,582.043000,0.453954,-0.001725,0.625000,0.000000,-0.000001,-0.000593,1.000000
probe_part_uncorrected_013,582.060000,0.453954,-0.001725,0.625000,0.000000,-0.000001,-0.000593,1.000000
probe_part_uncorrected_013,582.078000,0.453954,-0.001725,0.625000,0.000000,-0.000001,-0.000593,1.000000
probe_part_uncorrected_013,582.095000,0.453954,-0.001725,0.625000,0.000000,-0.000001,-0.000593,1.000000
probe_part_uncorrected_013,582.113000,0.453954,-0.001725,0.625000,0.000000,-0.000001,-0.000593,1.000000
probe_part_uncorrected_013,582.130000,0.453954,-0.001725,0.625000,0.000000,-0.000001,-0.000593,1.000000
probe_part_uncorrected_013,582.148000,0.453954,-0.001725,0.625000,0.000000,-0.000001,-0.000593,1.000000
probe_part_uncorrected_013,582.165000,0.453954,-0.001725,0.625000,0.000000,-0.000001,-0.000593,1.000000
probe_part_uncorrected_013,582.183000,0.453954,-0.001725,0.625000,0.000000,-0.000001,-0.000593,1.000000
probe_part_uncorrected_013,582.201000,0.453954,-0.001725,0.625000,0.000000,-0.000001,-0.000593,1.000000
probe_part_uncorrected_013,582.218000,0.453954,-0.001725,0.625000,0.000000,-0.000001,-0.000593,1.000000
probe_part_uncorrected_013,582.235000,0.453954,-0.001725,0.625000,0.000000,-0.000001,-0.000593,1.000000
probe_part_uncorrected_013,582.253000,0.453954,-0.001725,0.625000,0.000000,-0.000001,-0.000593,1.000000
probe_part_uncorrected_013,582.271000,0.453954,-0.001725,0.625000,0.000000,-0.000001,-0.000593,1.000000
probe_part_uncorrected_013,582.288000,0.453954,-0.001725,0.625000,0.000000,-0.000001,-0.000593,1.000000
probe_part_uncorrected_013,582.305000,0.453954,-0.001725,0.625000,0.000000,-0.000001,-0.000593,1.000000
probe_part_uncorrected_013,582.322000,0.453954,-0.001725,0.625000,0.000000,-0.000001,-0.000593,1.000000
probe_part_uncorrected_013,582.339000,0.453954,-0.001725,0.625000,0.000000,-0.000001,-0.000593,1.000000
probe_part_uncorrected_013,582.357000,0.453954,-0.001725,0.625000,0.000000,-0.000001,-0.000593,1.000000
probe_part_uncorrected_013,582.375000,0.453954,-0.001725,0.625000,0.000000,-0.000001,-0.000593,1.000000
probe_part_uncorrected_013,582.392000,0.453954,-0.001725,0.625000,0.000000,-0.000001,-0.000593,1.000000
probe_part_uncorrected_013,582.409000,0.453954,-0.001725,0.625000,0.000000,-0.000001,-0.000593,1.000000
probe_part_uncorrected_013,582.426000,0.453954,-0.001725,0.625000,0.000000,-0.000001,-0.000593,1.000000
probe_part_uncorrected_013,582.443000,0.453954,-0.001725,0.625000,0.000000,-0.000001,-0.000593,1.000000
probe_part_uncorrected_013,582.460000,0.453954,-0.001725,0.625000,0.000000,-0.000001,-0.000593,1.000000
probe_part_uncorrected_013,582.478000,0.453954,-0.001725,0.625000,0.000000,-0.000001,-0.000593,1.000000
probe_part_uncorrected_013,582.496000,0.453954,-0.001725,0.625000,0.000000,-0.000001,-0.000593,1.000000
probe_part_uncorrected_013,582.514000,0.453954,-0.001725,0.625000,0.000000,-0.000001,-0.000593,1.000000
probe_part_uncorrected_013,582.531000,0.453954,-0.001725,0.625000,0.000000,-0.000001,-0.000593,1.000000
probe_part_uncorrected_013,582.548000,0.453954,-0.001725,0.625000,0.000000,-0.000001,-0.000593,1.000000
probe_part_uncorrected_013,582.564000,0.453954,-0.001725,0.625000,0.000000,-0.000001,-0.000593,1.000000
probe_part_uncorrected_013,582.581000,0.453954,-0.001725,0.625000,0.000000,-0.000001,-0.000593,1.000000
probe_part_uncorrected_013,582.598000,0.453954,-0.001725,0.625000,0.000000,-0.000001,-0.000593,1.000000
probe_part_uncorrected_013,582.616000,0.453954,-0.001725,0.625000,0.000000,-0.000001,-0.000593,1.000000
probe_part_uncorrected_013,582.634000,0.453954,-0.001725,0.625000,0.000000,-0.000001,-0.000593,1.000000
probe_part_uncorrected_013,582.652000,0.453954,-0.001725,0.625000,0.000000,-0.000001,-0.000593,1.000000
probe_part_uncorrected_013,582.669000,0.453954,-0.001725,0.625000,0.000000,-0.000001,-0.000593,1.000000
probe_part_uncorrected_013,582.686000,0.453954,-0.001725,0.625000,0.000000,-0.000001,-0.000593,1.000000
probe_part_uncorrected_013,582.698000,0.453954,-0.001725,0.625000,0.000000,-0.000001,-0.000593,1.000000
probe_part_uncorrected_013,582.713000,0.453954,-0.001725,0.625000,0.000000,-0.000001,-0.000593,1.000000
probe_part_uncorrected_013,582.728000,0.453954,-0.001725,0.625000,0.000000,-0.000001,-0.000593,1.000000
probe_part_uncorrected_013,582.745000,0.453954,-0.001725,0.625000,0.000000,-0.000001,-0.000593,1.000000
probe_part_uncorrected_013,582.762000,0.453954,-0.001725,0.625000,0.000000,-0.000001,-0.000593,1.000000
probe_part_uncorrected_013,582.779000,0.453954,-0.001725,0.625000,0.000000,-0.000001,-0.000593,1.000000
probe_part_uncorrected_013,582.796000,0.453954,-0.001725,0.625000,0.000000,-0.000001,-0.000593,1.000000
probe_part_uncorrected_013,582.813000,0.453954,-0.001725,0.625000,0.000000,-0.000001,-0.000593,1.000000
probe_part_uncorrected_013,582.827000,0.453954,-0.001725,0.625000,0.000000,-0.000001,-0.000593,1.000000
probe_part_uncorrected_013,582.844000,0.453954,-0.001725,0.625000,0.000000,-0.000001,-0.000593,1.000000
probe_part_uncorrected_013,582.861000,0.453954,-0.001725,0.625000,0.000000,-0.000001,-0.000593,1.000000
probe_part_uncorrected_013,582.877000,0.453954,-0.001725,0.625000,0.000000,-0.000001,-0.000593,1.000000
probe_part_uncorrected_013,582.895000,0.453954,-0.001725,0.625000,0.000000,-0.000001,-0.000593,1.000000
probe_part_uncorrected_013,582.912000,0.453954,-0.001725,0.625000,0.000000,-0.000001,-0.000593,1.000000
probe_part_uncorrected_013,582.930000,0.453954,-0.001725,0.625000,0.000000,-0.000001,-0.000593,1.000000
probe_part_uncorrected_013,582.947000,0.453954,-0.001725,0.625000,0.000000,-0.000001,-0.000593,1.000000
probe_part_uncorrected_013,582.964000,0.453954,-0.001725,0.625000,0.000000,-0.000001,-0.000593,1.000000
probe_part_uncorrected_013,582.981000,0.453954,-0.001725,0.625000,0.000000,-0.000001,-0.000593,1.000000
probe_part_uncorrected_013,582.997000,0.453954,-0.001725,0.625000,0.000000,-0.000001,-0.000593,1.000000
probe_part_uncorrected_013,583.014000,0.453954,-0.001725,0.625000,0.000000,-0.000001,-0.000593,1.000000
probe_part_uncorrected_013,583.031000,0.453954,-0.001725,0.625000,0.000000,-0.000001,-0.000593,1.000000
probe_part_uncorrected_013,583.048000,0.453954,-0.001725,0.625000,0.000000,-0.000001,-0.000593,1.000000
probe_part_uncorrected_013,583.064000,0.453954,-0.001725,0.625000,0.000000,-0.000001,-0.000593,1.000000
probe_part_uncorrected_013,583.076000,0.453954,-0.001725,0.625000,0.000000,-0.000001,-0.000593,1.000000
probe_part_uncorrected_013,583.092000,0.453954,-0.001725,0.625000,0.000000,-0.000001,-0.000593,1.000000
probe_part_uncorrected_013,583.108000,0.453954,-0.001725,0.625000,0.000000,-0.000001,-0.000593,1.000000
probe_part_uncorrected_013,583.124000,0.453954,-0.001725,0.625000,0.000000,-0.000001,-0.000593,1.000000
probe_part_uncorrected_013,583.140000,0.453954,-0.001725,0.625000,0.000000,-0.000001,-0.000593,1.000000
probe_part_uncorrected_013,583.154000,0.453954,-0.001725,0.625000,0.000000,-0.000001,-0.000593,1.000000
probe_part_uncorrected_013,583.170000,0.453954,-0.001725,0.625000,0.000000,-0.000001,-0.000593,1.000000
probe_part_uncorrected_013,583.186000,0.453954,-0.001725,0.625000,0.000000,-0.000001,-0.000593,1.000000
probe_part_uncorrected_013,583.203000,0.453954,-0.001725,0.625000,0.000000,-0.000001,-0.000593,1.000000
probe_part_uncorrected_013,583.220000,0.453954,-0.001725,0.625000,0.000000,-0.000001,-0.000593,1.000000
probe_part_uncorrected_013,583.238000,0.453954,-0.001725,0.625000,0.000000,-0.000001,-0.000593,1.000000
probe_part_uncorrected_013,583.256000,0.453954,-0.001725,0.625000,0.000000,-0.000001,-0.000593,1.000000
probe_part_uncorrected_013,583.273000,0.453954,-0.001725,0.625000,0.000000,-0.000001,-0.000593,1.000000
probe_part_uncorrected_013,583.290000,0.453954,-0.001725,0.625000,0.000000,-0.000001,-0.000593,1.000000
probe_part_uncorrected_013,583.306000,0.453954,-0.001725,0.625000,0.000000,-0.000001,-0.000593,1.000000
probe_part_uncorrected_013,583.320000,0.453954,-0.001725,0.625000,0.000000,-0.000001,-0.000593,1.000000
probe_part_uncorrected_013,583.334000,0.453954,-0.001725,0.625000,0.000000,-0.000001,-0.000593,1.000000
probe_part_uncorrected_013,583.349000,0.453954,-0.001725,0.625000,0.000000,-0.000001,-0.000593,1.000000
probe_part_uncorrected_013,583.366000,0.453954,-0.001725,0.625000,0.000000,-0.000001,-0.000593,1.000000
probe_part_uncorrected_013,583.383000,0.453954,-0.001725,0.625000,0.000000,-0.000001,-0.000593,1.000000
probe_part_uncorrected_013,583.400000,0.453954,-0.001725,0.625000,0.000000,-0.000001,-0.000593,1.000000
probe_part_uncorrected_013,583.417000,0.453954,-0.001725,0.625000,0.000000,-0.000001,-0.000593,1.000000
probe_part_uncorrected_013,583.434000,0.453954,-0.001725,0.625000,0.000000,-0.000001,-0.000593,1.000000
probe_part_uncorrected_013,583.451000,0.453954,-0.001725,0.625000,0.000000,-0.000001,-0.000593,1.000000
probe_part_uncorrected_013,583.468000,0.453954,-0.001725,0.625000,0.000000,-0.000001,-0.000593,1.000000
probe_part_uncorrected_013,583.486000,0.453954,-0.001725,0.625000,0.000000,-0.000001,-0.000593,1.000000
probe_part_uncorrected_013,583.503000,0.453954,-0.001725,0.625000,0.000000,-0.000001,-0.000593,1.000000
probe_part_uncorrected_013,583.521000,0.453954,-0.001725,0.625000,0.000000,-0.000001,-0.000593,1.000000
probe_part_uncorrected_013,583.538000,0.453954,-0.001725,0.625000,0.000000,-0.000001,-0.000593,1.000000
probe_part_uncorrected_013,583.556000,0.453954,-0.001725,0.625000,0.000000,-0.000001,-0.000593,1.000000
probe_part_uncorrected_013,583.574000,0.453954,-0.001725,0.625000,0.000000,-0.000001,-0.000593,1.000000
probe_part_uncorrected_013,583.592000,0.453954,-0.001725,0.625000,0.000000,-0.000001,-0.000593,1.000000
probe_part_uncorrected_013,583.610000,0.453954,-0.001725,0.625000,0.000000,-0.000001,-0.000593,1.000000
probe_part_uncorrected_013,583.628000,0.453954,-0.001725,0.625000,0.000000,-0.000001,-0.000593,1.000000
probe_part_uncorrected_013,583.646000,0.453954,-0.001725,0.625000,0.000000,-0.000001,-0.000593,1.000000
probe_part_uncorrected_013,583.663000,0.453954,-0.001725,0.625000,0.000000,-0.000001,-0.000593,1.000000
probe_part_uncorrected_013,583.680000,0.453954,-0.001725,0.625000,0.000000,-0.000001,-0.000593,1.000000
probe_part_uncorrected_013,583.698000,0.453954,-0.001725,0.625000,0.000000,-0.000001,-0.000593,1.000000
probe_part_uncorrected_013,583.716000,0.453954,-0.001725,0.625000,0.000000,-0.000001,-0.000593,1.000000
probe_part_uncorrected_013,583.734000,0.453954,-0.001725,0.625000,0.000000,-0.000001,-0.000593,1.000000
probe_part_uncorrected_013,583.751000,0.453954,-0.001725,0.625000,0.000000,-0.000001,-0.000593,1.000000
probe_part_uncorrected_013,583.768000,0.453954,-0.001725,0.625000,0.000000,-0.000001,-0.000593,1.000000
probe_part_uncorrected_013,583.786000,0.453954,-0.001725,0.625000,0.000000,-0.000001,-0.000593,1.000000
probe_part_uncorrected_013,583.802000,0.453954,-0.001725,0.625000,0.000000,-0.000001,-0.000593,1.000000
probe_part_uncorrected_013,583.820000,0.453954,-0.001725,0.625000,0.000000,-0.000001,-0.000593,1.000000
probe_part_uncorrected_013,583.838000,0.453954,-0.001725,0.625000,0.000000,-0.000001,-0.000593,1.000000
probe_part_uncorrected_013,583.856000,0.453954,-0.001725,0.625000,0.000000,-0.000001,-0.000593,1.000000
probe_part_uncorrected_013,583.874000,0.453954,-0.001725,0.625000,0.000000,-0.000001,-0.000593,1.000000
probe_part_uncorrected_013,583.891000,0.453954,-0.001725,0.625000,0.000000,-0.000001,-0.000593,1.000000
probe_part_uncorrected_013,583.908000,0.453954,-0.001725,0.625000,0.000000,-0.000001,-0.000593,1.000000
probe_part_uncorrected_013,583.925000,0.453954,-0.001725,0.625000,0.000000,-0.000001,-0.000593,1.000000
probe_part_uncorrected_013,583.942000,0.453954,-0.001725,0.625000,0.000000,-0.000001,-0.000593,1.000000
probe_part_uncorrected_013,583.960000,0.453954,-0.001725,0.625000,0.000000,-0.000001,-0.000593,1.000000
probe_part_uncorrected_013,583.977000,0.453954,-0.001725,0.625000,0.000000,-0.000001,-0.000593,1.000000
probe_part_uncorrected_013,583.994000,0.453954,-0.001725,0.625000,0.000000,-0.000001,-0.000593,1.000000
probe_part_uncorrected_013,584.010000,0.453954,-0.001725,0.625000,0.000000,-0.000001,-0.000593,1.000000
probe_part_uncorrected_013,584.027000,0.453954,-0.001725,0.625000,0.000000,-0.000001,-0.000593,1.000000
probe_part_uncorrected_013,584.045000,0.453954,-0.001725,0.625000,0.000000,-0.000001,-0.000593,1.000000
probe_part_uncorrected_013,584.062000,0.453954,-0.001725,0.625000,0.000000,-0.000001,-0.000593,1.000000
probe_part_uncorrected_013,584.069000,0.453954,-0.001725,0.625000,0.000000,-0.000001,-0.000593,1.000000
probe_part_uncorrected_013,584.075000,0.453954,-0.001725,0.625000,0.000000,-0.000001,-0.000593,1.000000
probe_part_uncorrected_013,584.092000,0.453954,-0.001725,0.625000,0.000000,-0.000001,-0.000593,1.000000
probe_part_uncorrected_013,584.109000,0.453954,-0.001725,0.625000,0.000000,-0.000001,-0.000593,1.000000
probe_part_uncorrected_013,584.127000,0.453954,-0.001725,0.625000,0.000000,-0.000001,-0.000593,1.000000
probe_part_uncorrected_013,584.144000,0.453954,-0.001725,0.625000,0.000000,-0.000001,-0.000593,1.000000
probe_part_uncorrected_013,584.161000,0.453954,-0.001725,0.625000,0.000000,-0.000001,-0.000593,1.000000
probe_part_uncorrected_013,584.178000,0.453954,-0.001725,0.625000,0.000000,-0.000001,-0.000593,1.000000
probe_part_uncorrected_013,584.195000,0.453954,-0.001725,0.625000,0.000000,-0.000001,-0.000593,1.000000
probe_part_uncorrected_013,584.213000,0.453954,-0.001725,0.625000,0.000000,-0.000001,-0.000593,1.000000
probe_part_uncorrected_013,584.230000,0.453954,-0.001725,0.625000,0.000000,-0.000001,-0.000593,1.000000
probe_part_uncorrected_013,584.248000,0.453954,-0.001725,0.625000,0.000000,-0.000001,-0.000593,1.000000
probe_part_uncorrected_013,584.266000,0.453954,-0.001725,0.625000,0.000000,-0.000001,-0.000593,1.000000
probe_part_uncorrected_013,584.284000,0.453954,-0.001725,0.625000,0.000000,-0.000001,-0.000593,1.000000
probe_part_uncorrected_013,584.301000,0.453954,-0.001725,0.625000,0.000000,-0.000001,-0.000593,1.000000
probe_part_uncorrected_013,584.319000,0.453954,-0.001725,0.625000,0.000000,-0.000001,-0.000593,1.000000
probe_part_uncorrected_013,584.336000,0.453954,-0.001725,0.625000,0.000000,-0.000001,-0.000593,1.000000
probe_part_uncorrected_013,584.353000,0.453954,-0.001725,0.625000,0.000000,-0.000001,-0.000593,1.000000
probe_part_uncorrected_013,584.370000,0.453954,-0.001725,0.625000,0.000000,-0.000001,-0.000593,1.000000
probe_part_uncorrected_013,584.387000,0.453954,-0.001725,0.625000,0.000000,-0.000001,-0.000593,1.000000
probe_part_uncorrected_013,584.404000,0.453954,-0.001725,0.625000,0.000000,-0.000001,-0.000593,1.000000
probe_part_uncorrected_013,584.422000,0.453954,-0.001725,0.625000,0.000000,-0.000001,-0.000593,1.000000
probe_part_uncorrected_013,584.439000,0.453954,-0.001725,0.625000,0.000000,-0.000001,-0.000593,1.000000
probe_part_uncorrected_013,584.457000,0.453954,-0.001725,0.625000,0.000000,-0.000001,-0.000593,1.000000
probe_part_uncorrected_013,584.475000,0.453954,-0.001725,0.625000,0.000000,-0.000001,-0.000593,1.000000
probe_part_uncorrected_013,584.492000,0.453954,-0.001725,0.625000,0.000000,-0.000001,-0.000593,1.000000
probe_part_uncorrected_013,584.509000,0.453954,-0.001725,0.625000,0.000000,-0.000001,-0.000593,1.000000
probe_part_uncorrected_013,584.526000,0.453954,-0.001725,0.625000,0.000000,-0.000001,-0.000593,1.000000
probe_part_uncorrected_013,584.543000,0.453954,-0.001725,0.625000,0.000000,-0.000001,-0.000593,1.000000
probe_part_uncorrected_013,584.561000,0.453954,-0.001725,0.625000,0.000000,-0.000001,-0.000593,1.000000
probe_part_uncorrected_013,584.579000,0.453954,-0.001725,0.625000,0.000000,-0.000001,-0.000593,1.000000
probe_part_uncorrected_013,584.596000,0.453954,-0.001725,0.625000,0.000000,-0.000001,-0.000593,1.000000
probe_part_uncorrected_013,584.613000,0.453954,-0.001725,0.625000,0.000000,-0.000001,-0.000593,1.000000
probe_part_uncorrected_013,584.629000,0.453954,-0.001725,0.625000,0.000000,-0.000001,-0.000593,1.000000
probe_part_uncorrected_013,584.645000,0.453954,-0.001725,0.625000,0.000000,-0.000001,-0.000593,1.000000
probe_part_uncorrected_013,584.662000,0.453954,-0.001725,0.625000,0.000000,-0.000001,-0.000593,1.000000
probe_part_uncorrected_013,584.679000,0.453954,-0.001725,0.625000,0.000000,-0.000001,-0.000593,1.000000
probe_part_uncorrected_013,584.696000,0.453954,-0.001725,0.625000,0.000000,-0.000001,-0.000593,1.000000
probe_part_uncorrected_013,584.713000,0.453954,-0.001725,0.625000,0.000000,-0.000001,-0.000593,1.000000
probe_part_uncorrected_013,584.730000,0.453954,-0.001725,0.625000,0.000000,-0.000001,-0.000593,1.000000
probe_part_uncorrected_013,584.747000,0.453954,-0.001725,0.625000,0.000000,-0.000001,-0.000593,1.000000
probe_part_uncorrected_013,584.765000,0.453954,-0.001725,0.625000,0.000000,-0.000001,-0.000593,1.000000
probe_part_uncorrected_013,584.783000,0.453954,-0.001725,0.625000,0.000000,-0.000001,-0.000593,1.000000
probe_part_uncorrected_013,584.800000,0.453954,-0.001725,0.625000,0.000000,-0.000001,-0.000593,1.000000
probe_part_uncorrected_013,584.817000,0.453954,-0.001725,0.625000,0.000000,-0.000001,-0.000593,1.000000
probe_part_uncorrected_013,584.834000,0.453954,-0.001725,0.625000,0.000000,-0.000001,-0.000593,1.000000
probe_part_uncorrected_013,584.852000,0.453954,-0.001725,0.625000,0.000000,-0.000001,-0.000593,1.000000
probe_part_uncorrected_013,584.870000,0.453954,-0.001725,0.625000,0.000000,-0.000001,-0.000593,1.000000
probe_part_uncorrected_013,584.887000,0.453954,-0.001725,0.625000,0.000000,-0.000001,-0.000593,1.000000
probe_part_uncorrected_013,584.904000,0.453954,-0.001725,0.625000,0.000000,-0.000001,-0.000593,1.000000
probe_part_uncorrected_013,584.922000,0.453954,-0.001725,0.625000,0.000000,-0.000001,-0.000593,1.000000
probe_part_uncorrected_013,584.940000,0.453954,-0.001725,0.625000,0.000000,-0.000001,-0.000593,1.000000
probe_part_uncorrected_013,584.957000,0.453954,-0.001725,0.625000,0.000000,-0.000001,-0.000593,1.000000
probe_part_uncorrected_013,584.975000,0.453954,-0.001725,0.625000,0.000000,-0.000001,-0.000593,1.000000
probe_part_uncorrected_013,584.993000,0.453954,-0.001725,0.625000,0.000000,-0.000001,-0.000593,1.000000
probe_part_uncorrected_013,585.008000,0.453954,-0.001725,0.625000,0.000000,-0.000001,-0.000593,1.000000
probe_part_uncorrected_013,585.026000,0.453954,-0.001725,0.625000,0.000000,-0.000001,-0.000593,1.000000
probe_part_uncorrected_013,585.044000,0.453954,-0.001725,0.625000,0.000000,-0.000001,-0.000593,1.000000
probe_part_uncorrected_013,585.061000,0.453954,-0.001725,0.625000,0.000000,-0.000001,-0.000593,1.000000
probe_part_uncorrected_013,585.078000,0.453954,-0.001725,0.625000,0.000000,-0.000001,-0.000593,1.000000
probe_part_uncorrected_013,585.095000,0.453954,-0.001725,0.625000,0.000000,-0.000001,-0.000593,1.000000
probe_part_uncorrected_013,585.111000,0.453954,-0.001725,0.625000,0.000000,-0.000001,-0.000593,1.000000
probe_part_uncorrected_013,585.129000,0.453954,-0.001725,0.625000,0.000000,-0.000001,-0.000593,1.000000
probe_part_uncorrected_013,585.147000,0.453954,-0.001725,0.625000,0.000000,-0.000001,-0.000593,1.000000
probe_part_uncorrected_013,585.165000,0.453954,-0.001725,0.625000,0.000000,-0.000001,-0.000593,1.000000
probe_part_uncorrected_013,585.182000,0.453954,-0.001725,0.625000,0.000000,-0.000001,-0.000593,1.000000
probe_part_uncorrected_013,585.199000,0.453954,-0.001725,0.625000,0.000000,-0.000001,-0.000593,1.000000
probe_part_uncorrected_013,585.216000,0.453954,-0.001725,0.625000,0.000000,-0.000001,-0.000593,1.000000
probe_part_uncorrected_013,585.233000,0.453954,-0.001725,0.625000,0.000000,-0.000001,-0.000593,1.000000
probe_part_uncorrected_013,585.250000,0.453954,-0.001725,0.625000,0.000000,-0.000001,-0.000593,1.000000
probe_part_uncorrected_013,585.267000,0.453954,-0.001725,0.625000,0.000000,-0.000001,-0.000593,1.000000
probe_part_uncorrected_013,585.284000,0.453954,-0.001725,0.625000,0.000000,-0.000001,-0.000593,1.000000
probe_part_uncorrected_013,585.301000,0.453954,-0.001725,0.625000,0.000000,-0.000001,-0.000593,1.000000
probe_part_uncorrected_013,585.315000,0.453954,-0.001725,0.625000,0.000000,-0.000001,-0.000593,1.000000
probe_part_uncorrected_013,585.332000,0.453954,-0.001725,0.625000,0.000000,-0.000001,-0.000593,1.000000
probe_part_uncorrected_013,585.349000,0.453954,-0.001725,0.625000,0.000000,-0.000001,-0.000593,1.000000
probe_part_uncorrected_013,585.366000,0.453954,-0.001725,0.625000,0.000000,-0.000001,-0.000593,1.000000
probe_part_uncorrected_013,585.382000,0.453954,-0.001725,0.625000,0.000000,-0.000001,-0.000593,1.000000
probe_part_uncorrected_013,585.399000,0.453954,-0.001725,0.625000,0.000000,-0.000001,-0.000593,1.000000
probe_part_uncorrected_013,585.416000,0.453954,-0.001725,0.625000,0.000000,-0.000001,-0.000593,1.000000
probe_part_uncorrected_013,585.434000,0.453954,-0.001725,0.625000,0.000000,-0.000001,-0.000593,1.000000
probe_part_uncorrected_013,585.452000,0.453954,-0.001725,0.625000,0.000000,-0.000001,-0.000593,1.000000
probe_part_uncorrected_013,585.470000,0.453954,-0.001725,0.625000,0.000000,-0.000001,-0.000593,1.000000
probe_part_uncorrected_013,585.488000,0.453954,-0.001725,0.625000,0.000000,-0.000001,-0.000593,1.000000
probe_part_uncorrected_013,585.505000,0.453954,-0.001725,0.625000,0.000000,-0.000001,-0.000593,1.000000
probe_part_uncorrected_013,585.523000,0.453954,-0.001725,0.625000,0.000000,-0.000001,-0.000593,1.000000
probe_part_uncorrected_013,585.541000,0.453954,-0.001725,0.625000,0.000000,-0.000001,-0.000593,1.000000
probe_part_uncorrected_013,585.559000,0.453954,-0.001725,0.625000,0.000000,-0.000001,-0.000593,1.000000
probe_part_uncorrected_013,585.577000,0.453954,-0.001725,0.625000,0.000000,-0.000001,-0.000593,1.000000
probe_part_uncorrected_013,585.593000,0.453954,-0.001725,0.625000,0.000000,-0.000001,-0.000593,1.000000
probe_part_uncorrected_013,585.609000,0.453954,-0.001725,0.625000,0.000000,-0.000001,-0.000593,1.000000
probe_part_uncorrected_013,585.626000,0.453954,-0.001725,0.625000,0.000000,-0.000001,-0.000593,1.000000
probe_part_uncorrected_013,585.642000,0.453954,-0.001725,0.625000,0.000000,-0.000001,-0.000593,1.000000
probe_part_uncorrected_013,585.659000,0.453954,-0.001725,0.625000,0.000000,-0.000001,-0.000593,1.000000
probe_part_uncorrected_013,585.676000,0.453954,-0.001725,0.625000,0.000000,-0.000001,-0.000593,1.000000
probe_part_uncorrected_013,585.691000,0.453954,-0.001725,0.625000,0.000000,-0.000001,-0.000593,1.000000
probe_part_uncorrected_013,585.707000,0.453954,-0.001725,0.625000,0.000000,-0.000001,-0.000593,1.000000
probe_part_uncorrected_013,585.724000,0.453954,-0.001725,0.625000,0.000000,-0.000001,-0.000593,1.000000
probe_part_uncorrected_013,585.740000,0.453954,-0.001725,0.625000,0.000000,-0.000001,-0.000593,1.000000
probe_part_uncorrected_013,585.755000,0.453954,-0.001725,0.625000,0.000000,-0.000001,-0.000593,1.000000
probe_part_uncorrected_013,585.770000,0.453954,-0.001725,0.625000,0.000000,-0.000001,-0.000593,1.000000
probe_part_uncorrected_013,585.787000,0.453954,-0.001725,0.625000,0.000000,-0.000001,-0.000593,1.000000
probe_part_uncorrected_013,585.803000,0.453954,-0.001725,0.625000,0.000000,-0.000001,-0.000593,1.000000
probe_part_uncorrected_013,585.820000,0.453954,-0.001725,0.625000,0.000000,-0.000001,-0.000593,1.000000
probe_part_uncorrected_013,585.837000,0.453954,-0.001725,0.625000,0.000000,-0.000001,-0.000593,1.000000
probe_part_uncorrected_013,585.855000,0.453954,-0.001725,0.625000,0.000000,-0.000001,-0.000593,1.000000
probe_part_uncorrected_013,585.872000,0.453954,-0.001725,0.625000,0.000000,-0.000001,-0.000593,1.000000
probe_part_uncorrected_013,585.890000,0.453954,-0.001725,0.625000,0.000000,-0.000001,-0.000593,1.000000
probe_part_uncorrected_013,585.907000,0.453954,-0.001725,0.625000,0.000000,-0.000001,-0.000593,1.000000
probe_part_uncorrected_013,585.925000,0.453954,-0.001725,0.625000,0.000000,-0.000001,-0.000593,1.000000
probe_part_uncorrected_013,585.943000,0.453954,-0.001725,0.625000,0.000000,-0.000001,-0.000593,1.000000
probe_part_uncorrected_013,585.960000,0.453954,-0.001725,0.625000,0.000000,-0.000001,-0.000593,1.000000
probe_part_uncorrected_013,585.978000,0.453954,-0.001725,0.625000,0.000000,-0.000001,-0.000593,1.000000
probe_part_uncorrected_013,585.995000,0.453954,-0.001725,0.625000,0.000000,-0.000001,-0.000593,1.000000
probe_part_uncorrected_013,586.012000,0.453954,-0.001725,0.625000,0.000000,-0.000001,-0.000593,1.000000
probe_part_uncorrected_013,586.030000,0.453954,-0.001725,0.625000,0.000000,-0.000001,-0.000593,1.000000
probe_part_uncorrected_013,586.048000,0.453954,-0.001725,0.625000,0.000000,-0.000001,-0.000593,1.000000
probe_part_uncorrected_013,586.065000,0.453954,-0.001725,0.625000,0.000000,-0.000001,-0.000593,1.000000
probe_part_uncorrected_013,586.083000,0.453954,-0.001725,0.625000,0.000000,-0.000001,-0.000593,1.000000
probe_part_uncorrected_013,586.101000,0.453954,-0.001725,0.625000,0.000000,-0.000001,-0.000593,1.000000
probe_part_uncorrected_013,586.119000,0.453954,-0.001725,0.625000,0.000000,-0.000001,-0.000593,1.000000
probe_part_uncorrected_013,586.136000,0.453954,-0.001725,0.625000,0.000000,-0.000001,-0.000593,1.000000
probe_part_uncorrected_013,586.153000,0.453954,-0.001725,0.625000,0.000000,-0.000001,-0.000593,1.000000
probe_part_uncorrected_013,586.170000,0.453954,-0.001725,0.625000,0.000000,-0.000001,-0.000593,1.000000
probe_part_uncorrected_013,586.188000,0.453954,-0.001725,0.625000,0.000000,-0.000001,-0.000593,1.000000
probe_part_uncorrected_013,586.206000,0.453954,-0.001725,0.625000,0.000000,-0.000001,-0.000593,1.000000
probe_part_uncorrected_013,586.224000,0.453954,-0.001725,0.625000,0.000000,-0.000001,-0.000593,1.000000
probe_part_uncorrected_013,586.242000,0.453954,-0.001725,0.625000,0.000000,-0.000001,-0.000593,1.000000
probe_part_uncorrected_013,586.260000,0.453954,-0.001725,0.625000,0.000000,-0.000001,-0.000593,1.000000
probe_part_uncorrected_013,586.278000,0.453954,-0.001725,0.625000,0.000000,-0.000001,-0.000593,1.000000
probe_part_uncorrected_013,586.295000,0.453954,-0.001725,0.625000,0.000000,-0.000001,-0.000593,1.000000
probe_part_uncorrected_013,586.311000,0.453954,-0.001725,0.625000,0.000000,-0.000001,-0.000593,1.000000
probe_part_uncorrected_013,586.328000,0.453954,-0.001725,0.625000,0.000000,-0.000001,-0.000593,1.000000
probe_part_uncorrected_013,586.346000,0.453954,-0.001725,0.625000,0.000000,-0.000001,-0.000593,1.000000
probe_part_uncorrected_013,586.364000,0.453954,-0.001725,0.625000,0.000000,-0.000001,-0.000593,1.000000
probe_part_uncorrected_013,586.382000,0.453954,-0.001725,0.625000,0.000000,-0.000001,-0.000593,1.000000
probe_part_uncorrected_013,586.400000,0.453954,-0.001725,0.625000,0.000000,-0.000001,-0.000593,1.000000
probe_part_uncorrected_013,586.417000,0.453954,-0.001725,0.625000,0.000000,-0.000001,-0.000593,1.000000
probe_part_uncorrected_013,586.435000,0.453954,-0.001725,0.625000,0.000000,-0.000001,-0.000593,1.000000
probe_part_uncorrected_013,586.453000,0.453954,-0.001725,0.625000,0.000000,-0.000001,-0.000593,1.000000
probe_part_uncorrected_013,586.470000,0.453954,-0.001725,0.625000,0.000000,-0.000001,-0.000593,1.000000
probe_part_uncorrected_013,586.487000,0.453954,-0.001725,0.625000,0.000000,-0.000001,-0.000593,1.000000
probe_part_uncorrected_013,586.505000,0.453954,-0.001725,0.625000,0.000000,-0.000001,-0.000593,1.000000
probe_part_uncorrected_013,586.523000,0.453954,-0.001725,0.625000,0.000000,-0.000001,-0.000593,1.000000
probe_part_uncorrected_013,586.540000,0.453954,-0.001725,0.625000,0.000000,-0.000001,-0.000593,1.000000
probe_part_uncorrected_013,586.558000,0.453954,-0.001725,0.625000,0.000000,-0.000001,-0.000593,1.000000
probe_part_uncorrected_013,586.575000,0.453954,-0.001725,0.625000,0.000000,-0.000001,-0.000593,1.000000
probe_part_uncorrected_013,586.593000,0.453954,-0.001725,0.625000,0.000000,-0.000001,-0.000593,1.000000
probe_part_uncorrected_013,586.611000,0.453954,-0.001725,0.625000,0.000000,-0.000001,-0.000593,1.000000
probe_part_uncorrected_013,586.629000,0.453954,-0.001725,0.625000,0.000000,-0.000001,-0.000593,1.000000
probe_part_uncorrected_013,586.647000,0.453954,-0.001725,0.625000,0.000000,-0.000001,-0.000593,1.000000
probe_part_uncorrected_013,586.664000,0.453954,-0.001725,0.625000,0.000000,-0.000001,-0.000593,1.000000
probe_part_uncorrected_013,586.682000,0.453954,-0.001725,0.625000,0.000000,-0.000001,-0.000593,1.000000
probe_part_uncorrected_013,586.699000,0.453954,-0.001725,0.625000,0.000000,-0.000001,-0.000593,1.000000
probe_part_uncorrected_013,586.716000,0.453954,-0.001725,0.625000,0.000000,-0.000001,-0.000593,1.000000
probe_part_uncorrected_013,586.734000,0.453954,-0.001725,0.625000,0.000000,-0.000001,-0.000593,1.000000
probe_part_uncorrected_013,586.752000,0.453954,-0.001725,0.625000,0.000000,-0.000001,-0.000593,1.000000
probe_part_uncorrected_013,586.770000,0.453954,-0.001725,0.625000,0.000000,-0.000001,-0.000593,1.000000
probe_part_uncorrected_013,586.787000,0.453954,-0.001725,0.625000,0.000000,-0.000001,-0.000593,1.000000
probe_part_uncorrected_013,586.804000,0.453954,-0.001725,0.625000,0.000000,-0.000001,-0.000593,1.000000
probe_part_uncorrected_013,586.820000,0.453954,-0.001725,0.625000,0.000000,-0.000001,-0.000593,1.000000
probe_part_uncorrected_013,586.838000,0.453954,-0.001725,0.625000,0.000000,-0.000001,-0.000593,1.000000
probe_part_uncorrected_013,586.852000,0.453954,-0.001725,0.625000,0.000000,-0.000001,-0.000593,1.000000
probe_part_uncorrected_013,586.869000,0.453954,-0.001725,0.625000,0.000000,-0.000001,-0.000593,1.000000
probe_part_uncorrected_013,586.885000,0.453954,-0.001725,0.625000,0.000000,-0.000001,-0.000593,1.000000
probe_part_uncorrected_013,586.902000,0.453954,-0.001725,0.625000,0.000000,-0.000001,-0.000593,1.000000
probe_part_uncorrected_013,586.918000,0.453954,-0.001725,0.625000,0.000000,-0.000001,-0.000593,1.000000
probe_part_uncorrected_013,586.933000,0.453954,-0.001725,0.625000,0.000000,-0.000001,-0.000593,1.000000
probe_part_uncorrected_013,586.947000,0.453954,-0.001725,0.625000,0.000000,-0.000001,-0.000593,1.000000
probe_part_uncorrected_013,586.959000,0.453954,-0.001725,0.625000,0.000000,-0.000001,-0.000593,1.000000
probe_part_uncorrected_013,586.975000,0.453954,-0.001725,0.625000,0.000000,-0.000001,-0.000593,1.000000
probe_part_uncorrected_013,586.992000,0.453954,-0.001725,0.625000,0.000000,-0.000001,-0.000593,1.000000
probe_part_uncorrected_013,587.009000,0.453954,-0.001725,0.625000,0.000000,-0.000001,-0.000593,1.000000
probe_part_uncorrected_013,587.026000,0.453954,-0.001725,0.625000,0.000000,-0.000001,-0.000593,1.000000
probe_part_uncorrected_013,587.043000,0.453954,-0.001725,0.625000,0.000000,-0.000001,-0.000593,1.000000
probe_part_uncorrected_013,587.061000,0.453954,-0.001725,0.625000,0.000000,-0.000001,-0.000593,1.000000
probe_part_uncorrected_013,587.077000,0.453954,-0.001725,0.625000,0.000000,-0.000001,-0.000593,1.000000
probe_part_uncorrected_013,587.092000,0.453954,-0.001725,0.625000,0.000000,-0.000001,-0.000593,1.000000
probe_part_uncorrected_013,587.108000,0.453954,-0.001725,0.625000,0.000000,-0.000001,-0.000593,1.000000
probe_part_uncorrected_013,587.123000,0.453954,-0.001725,0.625000,0.000000,-0.000001,-0.000593,1.000000
probe_part_uncorrected_013,587.141000,0.453954,-0.001725,0.625000,0.000000,-0.000001,-0.000593,1.000000
probe_part_uncorrected_013,587.158000,0.453954,-0.001725,0.625000,0.000000,-0.000001,-0.000593,1.000000
probe_part_uncorrected_013,587.176000,0.453954,-0.001725,0.625000,0.000000,-0.000001,-0.000593,1.000000
probe_part_uncorrected_013,587.193000,0.453954,-0.001725,0.625000,0.000000,-0.000001,-0.000593,1.000000
probe_part_uncorrected_013,587.211000,0.453954,-0.001725,0.625000,0.000000,-0.000001,-0.000593,1.000000
probe_part_uncorrected_013,587.228000,0.453954,-0.001725,0.625000,0.000000,-0.000001,-0.000593,1.000000
probe_part_uncorrected_013,587.245000,0.453954,-0.001725,0.625000,0.000000,-0.000001,-0.000593,1.000000
probe_part_uncorrected_013,587.262000,0.453954,-0.001725,0.625000,0.000000,-0.000001,-0.000593,1.000000
probe_part_uncorrected_013,587.280000,0.453954,-0.001725,0.625000,0.000000,-0.000001,-0.000593,1.000000
probe_part_uncorrected_013,587.297000,0.453954,-0.001725,0.625000,0.000000,-0.000001,-0.000593,1.000000
probe_part_uncorrected_013,587.313000,0.453954,-0.001725,0.625000,0.000000,-0.000001,-0.000593,1.000000
probe_part_uncorrected_013,587.330000,0.453954,-0.001725,0.625000,0.000000,-0.000001,-0.000593,1.000000
probe_part_uncorrected_013,587.347000,0.453954,-0.001725,0.625000,0.000000,-0.000001,-0.000593,1.000000
probe_part_uncorrected_013,587.365000,0.453954,-0.001725,0.625000,0.000000,-0.000001,-0.000593,1.000000
probe_part_uncorrected_013,587.382000,0.453954,-0.001725,0.625000,0.000000,-0.000001,-0.000593,1.000000
probe_part_uncorrected_013,587.400000,0.453954,-0.001725,0.625000,0.000000,-0.000001,-0.000593,1.000000
probe_part_uncorrected_013,587.418000,0.453954,-0.001725,0.625000,0.000000,-0.000001,-0.000593,1.000000
probe_part_uncorrected_013,587.435000,0.453954,-0.001725,0.625000,0.000000,-0.000001,-0.000593,1.000000
probe_part_uncorrected_013,587.453000,0.453954,-0.001725,0.625000,0.000000,-0.000001,-0.000593,1.000000
probe_part_uncorrected_013,587.471000,0.453954,-0.001725,0.625000,0.000000,-0.000001,-0.000593,1.000000
probe_part_uncorrected_013,587.489000,0.453954,-0.001725,0.625000,0.000000,-0.000001,-0.000593,1.000000
probe_part_uncorrected_013,587.506000,0.453954,-0.001725,0.625000,0.000000,-0.000001,-0.000593,1.000000
probe_part_uncorrected_013,587.522000,0.453954,-0.001725,0.625000,0.000000,-0.000001,-0.000593,1.000000
probe_part_uncorrected_013,587.539000,0.453954,-0.001725,0.625000,0.000000,-0.000001,-0.000593,1.000000
probe_part_uncorrected_013,587.557000,0.453954,-0.001725,0.625000,0.000000,-0.000001,-0.000593,1.000000
probe_part_uncorrected_013,587.574000,0.453954,-0.001725,0.625000,0.000000,-0.000001,-0.000593,1.000000
probe_part_uncorrected_013,587.592000,0.453954,-0.001725,0.625000,0.000000,-0.000001,-0.000593,1.000000
probe_part_uncorrected_013,587.610000,0.453954,-0.001725,0.625000,0.000000,-0.000001,-0.000593,1.000000
probe_part_uncorrected_013,587.628000,0.453954,-0.001725,0.625000,0.000000,-0.000001,-0.000593,1.000000
probe_part_uncorrected_013,587.645000,0.453954,-0.001725,0.625000,0.000000,-0.000001,-0.000593,1.000000
probe_part_uncorrected_013,587.662000,0.453954,-0.001725,0.625000,0.000000,-0.000001,-0.000593,1.000000
probe_part_uncorrected_013,587.679000,0.453954,-0.001725,0.625000,0.000000,-0.000001,-0.000593,1.000000
probe_part_uncorrected_013,587.697000,0.453954,-0.001725,0.625000,0.000000,-0.000001,-0.000593,1.000000
probe_part_uncorrected_013,587.714000,0.453954,-0.001725,0.625000,0.000000,-0.000001,-0.000593,1.000000
probe_part_uncorrected_013,587.732000,0.453954,-0.001725,0.625000,0.000000,-0.000001,-0.000593,1.000000
probe_part_uncorrected_013,587.749000,0.453954,-0.001725,0.625000,0.000000,-0.000001,-0.000593,1.000000
probe_part_uncorrected_013,587.766000,0.453954,-0.001725,0.625000,0.000000,-0.000001,-0.000593,1.000000
probe_part_uncorrected_013,587.783000,0.453954,-0.001725,0.625000,0.000000,-0.000001,-0.000593,1.000000
probe_part_uncorrected_013,587.799000,0.453954,-0.001725,0.625000,0.000000,-0.000001,-0.000593,1.000000
probe_part_uncorrected_013,587.816000,0.453954,-0.001725,0.625000,0.000000,-0.000001,-0.000593,1.000000
probe_part_uncorrected_013,587.834000,0.453954,-0.001725,0.625000,0.000000,-0.000001,-0.000593,1.000000
probe_part_uncorrected_013,587.851000,0.453954,-0.001725,0.625000,0.000000,-0.000001,-0.000593,1.000000
probe_part_uncorrected_013,587.868000,0.453954,-0.001725,0.625000,0.000000,-0.000001,-0.000593,1.000000
probe_part_uncorrected_013,587.885000,0.453954,-0.001725,0.625000,0.000000,-0.000001,-0.000593,1.000000
probe_part_uncorrected_013,587.903000,0.453954,-0.001725,0.625000,0.000000,-0.000001,-0.000593,1.000000
probe_part_uncorrected_013,587.920000,0.453954,-0.001725,0.625000,0.000000,-0.000001,-0.000593,1.000000
probe_part_uncorrected_013,587.937000,0.453954,-0.001725,0.625000,0.000000,-0.000001,-0.000593,1.000000
probe_part_uncorrected_013,587.954000,0.453954,-0.001725,0.625000,0.000000,-0.000001,-0.000593,1.000000
probe_part_uncorrected_013,587.971000,0.453954,-0.001725,0.625000,0.000000,-0.000001,-0.000593,1.000000
probe_part_uncorrected_013,587.988000,0.453954,-0.001725,0.625000,0.000000,-0.000001,-0.000593,1.000000
probe_part_uncorrected_013,588.005000,0.453954,-0.001725,0.625000,0.000000,-0.000001,-0.000593,1.000000
probe_part_uncorrected_013,588.021000,0.453954,-0.001725,0.625000,0.000000,-0.000001,-0.000593,1.000000
probe_part_uncorrected_013,588.037000,0.453954,-0.001725,0.625000,0.000000,-0.000001,-0.000593,1.000000
probe_part_uncorrected_013,588.054000,0.453954,-0.001725,0.625000,0.000000,-0.000001,-0.000593,1.000000
probe_part_uncorrected_013,588.071000,0.453954,-0.001725,0.625000,0.000000,-0.000001,-0.000593,1.000000
probe_part_uncorrected_013,588.089000,0.453954,-0.001725,0.625000,0.000000,-0.000001,-0.000593,1.000000
probe_part_uncorrected_013,588.106000,0.453954,-0.001725,0.625000,0.000000,-0.000001,-0.000593,1.000000
probe_part_uncorrected_013,588.124000,0.453954,-0.001725,0.625000,0.000000,-0.000001,-0.000593,1.000000
probe_part_uncorrected_013,588.140000,0.453954,-0.001725,0.625000,0.000000,-0.000001,-0.000593,1.000000
probe_part_uncorrected_013,588.157000,0.453954,-0.001725,0.625000,0.000000,-0.000001,-0.000593,1.000000
probe_part_uncorrected_013,588.175000,0.453954,-0.001725,0.625000,0.000000,-0.000001,-0.000593,1.000000
probe_part_uncorrected_013,588.192000,0.453954,-0.001725,0.625000,0.000000,-0.000001,-0.000593,1.000000
probe_part_uncorrected_013,588.210000,0.453954,-0.001725,0.625000,0.000000,-0.000001,-0.000593,1.000000
probe_part_uncorrected_013,588.227000,0.453954,-0.001725,0.625000,0.000000,-0.000001,-0.000593,1.000000
probe_part_uncorrected_013,588.245000,0.453954,-0.001725,0.625000,0.000000,-0.000001,-0.000593,1.000000
probe_part_uncorrected_013,588.263000,0.453954,-0.001725,0.625000,0.000000,-0.000001,-0.000593,1.000000
probe_part_uncorrected_013,588.281000,0.453954,-0.001725,0.625000,0.000000,-0.000001,-0.000593,1.000000
probe_part_uncorrected_013,588.298000,0.453954,-0.001725,0.625000,0.000000,-0.000001,-0.000593,1.000000
probe_part_uncorrected_013,588.315000,0.453954,-0.001725,0.625000,0.000000,-0.000001,-0.000593,1.000000
probe_part_uncorrected_013,588.333000,0.453954,-0.001725,0.625000,0.000000,-0.000001,-0.000593,1.000000
probe_part_uncorrected_013,588.350000,0.453954,-0.001725,0.625000,0.000000,-0.000001,-0.000593,1.000000
probe_part_uncorrected_013,588.367000,0.453954,-0.001725,0.625000,0.000000,-0.000001,-0.000593,1.000000
arm_1_left_finger,554.646000,0.499788,-0.011983,0.543530,-0.584985,0.492721,-0.492734,0.415008
arm_1_left_finger,554.657000,0.499788,-0.011983,0.543530,-0.584985,0.492721,-0.492734,0.415008
arm_1_left_finger,554.670000,0.499788,-0.011983,0.543530,-0.584985,0.492721,-0.492734,0.415008
arm_1_left_finger,554.684000,0.499788,-0.011983,0.543530,-0.584985,0.492721,-0.492734,0.415008
arm_1_left_finger,554.698000,0.499788,-0.011983,0.543530,-0.584985,0.492721,-0.492734,0.415008
arm_1_left_finger,554.710000,0.499788,-0.011983,0.543530,-0.584985,0.492721,-0.492734,0.415008
arm_1_left_finger,554.723000,0.499788,-0.011983,0.543530,-0.584985,0.492721,-0.492734,0.415008
arm_1_left_finger,554.735000,0.499788,-0.011983,0.543530,-0.584985,0.492721,-0.492734,0.415008
arm_1_left_finger,554.747000,0.499788,-0.011983,0.543530,-0.584985,0.492721,-0.492734,0.415008
arm_1_left_finger,554.760000,0.499788,-0.011983,0.543530,-0.584985,0.492721,-0.492734,0.415008
arm_1_left_finger,554.772000,0.499788,-0.011983,0.543530,-0.584985,0.492721,-0.492734,0.415008
arm_1_left_finger,554.783000,0.499788,-0.011983,0.543530,-0.584985,0.492721,-0.492734,0.415008
arm_1_left_finger,554.795000,0.499788,-0.011983,0.543530,-0.584985,0.492721,-0.492734,0.415008
arm_1_left_finger,554.807000,0.499789,-0.011981,0.543529,-0.584986,0.492722,-0.492732,0.415008
arm_1_left_finger,554.821000,0.499791,-0.011974,0.543525,-0.584989,0.492726,-0.492722,0.415010
arm_1_left_finger,554.835000,0.499797,-0.011960,0.543515,-0.584997,0.492735,-0.492700,0.415014
arm_1_left_finger,554.849000,0.499806,-0.011936,0.543499,-0.585011,0.492750,-0.492664,0.415021
arm_1_left_finger,554.863000,0.499820,-0.011901,0.543475,-0.585030,0.492772,-0.492609,0.415032
arm_1_left_finger,554.878000,0.499840,-0.011848,0.543440,-0.585060,0.492805,-0.492528,0.415047
arm_1_left_finger,554.892000,0.499865,-0.011784,0.543396,-0.585096,0.492845,-0.492430,0.415066
arm_1_left_finger,554.907000,0.499899,-0.011697,0.543339,-0.585144,0.492899,-0.492298,0.415091
arm_1_left_finger,554.920000,0.499933,-0.011608,0.543278,-0.585193,0.492955,-0.492160,0.415117
arm_1_left_finger,554.931000,0.499967,-0.011520,0.543220,-0.585242,0.493010,-0.492027,0.415142
arm_1_left_finger,554.944000,0.500012,-0.011403,0.543141,-0.585307,0.493083,-0.491848,0.415175
arm_1_left_finger,554.957000,0.500063,-0.011271,0.543052,-0.585380,0.493166,-0.491645,0.415213
arm_1_left_finger,554.968000,0.500111,-0.011147,0.542969,-0.585449,0.493243,-0.491456,0.415249
arm_1_left_finger,554.982000,0.500178,-0.010973,0.542852,-0.585546,0.493352,-0.491189,0.415299
arm_1_left_finger,554.997000,0.500257,-0.010765,0.542713,-0.585661,0.493481,-0.490873,0.415358
arm_1_left_finger,555.012000,0.500345,-0.010537,0.542559,-0.585787,0.493624,-0.490523,0.415423
arm_1_left_finger,555.027000,0.500440,-0.010286,0.542391,-0.585926,0.493780,-0.490141,0.415493
arm_1_left_finger,555.040000,0.500530,-0.010052,0.542234,-0.586055,0.493926,-0.489783,0.415559
arm_1_left_finger,555.055000,0.500640,-0.009761,0.542039,-0.586216,0.494107,-0.489339,0.415640
arm_1_left_finger,555.071000,0.500767,-0.009427,0.541815,-0.586400,0.494315,-0.488829,0.415733
arm_1_left_finger,555.086000,0.500893,-0.009090,0.541590,-0.586586,0.494523,-0.488316,0.415826
arm_1_left_finger,555.101000,0.501028,-0.008731,0.541349,-0.586783,0.494746,-0.487769,0.415925
arm_1_left_finger,555.116000,0.501171,-0.008350,0.541094,-0.586993,0.494983,-0.487188,0.416028
arm_1_left_finger,555.130000,0.501311,-0.007974,0.540843,-0.587199,0.495216,-0.486616,0.416130
arm_1_left_finger,555.146000,0.501480,-0.007521,0.540540,-0.587448,0.495496,-0.485925,0.416251
arm_1_left_finger,555.162000,0.501657,-0.007043,0.540220,-0.587710,0.495792,-0.485197,0.416379
arm_1_left_finger,555.177000,0.501830,-0.006571,0.539904,-0.587967,0.496084,-0.484480,0.416503
arm_1_left_finger,555.192000,0.502012,-0.006076,0.539574,-0.588238,0.496389,-0.483727,0.416632
arm_1_left_finger,555.207000,0.502200,-0.005558,0.539228,-0.588519,0.496708,-0.482941,0.416765
arm_1_left_finger,555.223000,0.502409,-0.004982,0.538843,-0.588833,0.497063,-0.482066,0.416912
arm_1_left_finger,555.239000,0.502626,-0.004379,0.538442,-0.589160,0.497434,-0.481152,0.417064
arm_1_left_finger,555.254000,0.502836,-0.003791,0.538050,-0.589478,0.497795,-0.480261,0.417211
arm_1_left_finger,555.270000,0.503068,-0.003138,0.537615,-0.589832,0.498195,-0.479272,0.417371
arm_1_left_finger,555.286000,0.503308,-0.002459,0.537163,-0.590198,0.498611,-0.478244,0.417536
arm_1_left_finger,555.301000,0.503539,-0.001799,0.536724,-0.590553,0.499015,-0.477246,0.417694
arm_1_left_finger,555.314000,0.503745,-0.001208,0.536332,-0.590870,0.499375,-0.476354,0.417833
arm_1_left_finger,555.326000,0.503939,-0.000648,0.535959,-0.591170,0.499717,-0.475507,0.417963
arm_1_left_finger,555.341000,0.504186,0.000073,0.535480,-0.591556,0.500156,-0.474419,0.418129
arm_1_left_finger,555.355000,0.504423,0.000768,0.535020,-0.591927,0.500578,-0.473372,0.418286
arm_1_left_finger,555.370000,0.504680,0.001528,0.534516,-0.592332,0.501040,-0.472227,0.418455
arm_1_left_finger,555.384000,0.504928,0.002265,0.534028,-0.592723,0.501486,-0.471117,0.418616
arm_1_left_finger,555.399000,0.505198,0.003077,0.533490,-0.593153,0.501978,-0.469897,0.418790
arm_1_left_finger,555.415000,0.505492,0.003968,0.532901,-0.593624,0.502516,-0.468558,0.418977
arm_1_left_finger,555.431000,0.505792,0.004887,0.532294,-0.594108,0.503069,-0.467180,0.419166
arm_1_left_finger,555.446000,0.506078,0.005772,0.531710,-0.594572,0.503602,-0.465853,0.419345
arm_1_left_finger,555.462000,0.506388,0.006741,0.531070,-0.595080,0.504183,-0.464402,0.419535
arm_1_left_finger,555.476000,0.506663,0.007611,0.530496,-0.595534,0.504705,-0.463100,0.419702
arm_1_left_finger,555.490000,0.506942,0.008502,0.529910,-0.595998,0.505238,-0.461769,0.419870
arm_1_left_finger,555.503000,0.507203,0.009341,0.529358,-0.596434,0.505738,-0.460517,0.420024
arm_1_left_finger,555.516000,0.507468,0.010206,0.528789,-0.596881,0.506254,-0.459227,0.420179
arm_1_left_finger,555.530000,0.507758,0.011157,0.528164,-0.597372,0.506819,-0.457811,0.420345
arm_1_left_finger,555.545000,0.508071,0.012198,0.527480,-0.597909,0.507437,-0.456261,0.420522
arm_1_left_finger,555.559000,0.508366,0.013192,0.526829,-0.598418,0.508026,-0.454784,0.420686
arm_1_left_finger,555.574000,0.508685,0.014279,0.526116,-0.598974,0.508669,-0.453170,0.420860
arm_1_left_finger,555.589000,0.509007,0.015390,0.525389,-0.599541,0.509324,-0.451522,0.421032
arm_1_left_finger,555.603000,0.509309,0.016449,0.524696,-0.600078,0.509947,-0.449954,0.421191
arm_1_left_finger,555.619000,0.509658,0.017685,0.523889,-0.600704,0.510672,-0.448126,0.421369
arm_1_left_finger,555.635000,0.510008,0.018949,0.523064,-0.601341,0.511412,-0.446260,0.421543
arm_1_left_finger,555.649000,0.510317,0.020077,0.522328,-0.601907,0.512071,-0.444596,0.421693
arm_1_left_finger,555.658000,0.510516,0.020813,0.521849,-0.602276,0.512500,-0.443512,0.421787
arm_1_left_finger,555.673000,0.510849,0.022060,0.521037,-0.602898,0.513226,-0.441677,0.421941
arm_1_left_finger,555.688000,0.511182,0.023330,0.520211,-0.603530,0.513963,-0.439810,0.422090
arm_1_left_finger,555.703000,0.511517,0.024626,0.519369,-0.604172,0.514714,-0.437908,0.422235
arm_1_left_finger,555.717000,0.511830,0.025857,0.518570,-0.604780,0.515425,-0.436104,0.422365
arm_1_left_finger,555.732000,0.512166,0.027200,0.517699,-0.605440,0.516199,-0.434139,0.422499
arm_1_left_finger,555.745000,0.512456,0.028384,0.516932,-0.606019,0.516879,-0.432409,0.422610
arm_1_left_finger,555.758000,0.512747,0.029586,0.516154,-0.606606,0.517568,-0.430655,0.422716
arm_1_left_finger,555.773000,0.513082,0.030996,0.515242,-0.607291,0.518375,-0.428600,0.422832
arm_1_left_finger,555.788000,0.513416,0.032432,0.514315,-0.607986,0.519194,-0.426511,0.422941
arm_1_left_finger,555.804000,0.513771,0.033990,0.513309,-0.608736,0.520080,-0.424247,0.423049
arm_1_left_finger,555.818000,0.514080,0.035377,0.512416,-0.609401,0.520867,-0.422236,0.423136
arm_1_left_finger,555.833000,0.514409,0.036886,0.511444,-0.610122,0.521721,-0.420050,0.423220
arm_1_left_finger,555.847000,0.514715,0.038318,0.510523,-0.610803,0.522529,-0.417981,0.423291
arm_1_left_finger,555.862000,0.515038,0.039866,0.509528,-0.611536,0.523400,-0.415747,0.423357
arm_1_left_finger,555.876000,0.515339,0.041343,0.508580,-0.612232,0.524229,-0.413618,0.423410
arm_1_left_finger,555.890000,0.515638,0.042843,0.507618,-0.612936,0.525069,-0.411460,0.423454
arm_1_left_finger,555.903000,0.515913,0.044256,0.506713,-0.613596,0.525858,-0.409430,0.423486
arm_1_left_finger,555.917000,0.516206,0.045798,0.505726,-0.614313,0.526716,-0.407219,0.423511
arm_1_left_finger,555.931000,0.516495,0.047362,0.504726,-0.615038,0.527585,-0.404980,0.423526
arm_1_left_finger,555.946000,0.516800,0.049061,0.503641,-0.615821,0.528526,-0.402551,0.423531
arm_1_left_finger,555.959000,0.517062,0.050554,0.502688,-0.616506,0.529350,-0.400420,0.423524
arm_1_left_finger,555.973000,0.517339,0.052184,0.501649,-0.617250,0.530247,-0.398100,0.423505
arm_1_left_finger,555.986000,0.517591,0.053716,0.500673,-0.617947,0.531089,-0.395921,0.423478
arm_1_left_finger,555.998000,0.517819,0.055134,0.499770,-0.618589,0.531866,-0.393907,0.423443
arm_1_left_finger,556.012000,0.518083,0.056827,0.498694,-0.619352,0.532791,-0.391508,0.423390
arm_1_left_finger,556.026000,0.518341,0.058541,0.497605,-0.620120,0.533725,-0.389082,0.423325
arm_1_left_finger,556.041000,0.518611,0.060402,0.496425,-0.620951,0.534735,-0.386455,0.423239
arm_1_left_finger,556.056000,0.518873,0.062288,0.495229,-0.621788,0.535756,-0.383797,0.423137
arm_1_left_finger,556.069000,0.519095,0.063942,0.494182,-0.622518,0.536649,-0.381470,0.423036
arm_1_left_finger,556.083000,0.519327,0.065745,0.493041,-0.623310,0.537620,-0.378939,0.422912
arm_1_left_finger,556.098000,0.519568,0.067701,0.491805,-0.624165,0.538670,-0.376198,0.422762
arm_1_left_finger,556.113000,0.519800,0.069681,0.490554,-0.625026,0.539730,-0.373428,0.422594
arm_1_left_finger,556.127000,0.520009,0.071553,0.489373,-0.625836,0.540728,-0.370816,0.422420
arm_1_left_finger,556.142000,0.520223,0.073583,0.488094,-0.626708,0.541807,-0.367990,0.422215
arm_1_left_finger,556.158000,0.520441,0.075775,0.486713,-0.627646,0.542969,-0.364943,0.421974
arm_1_left_finger,556.174000,0.520647,0.077997,0.485315,-0.628589,0.544142,-0.361863,0.421710
arm_1_left_finger,556.190000,0.520841,0.080247,0.483901,-0.629539,0.545326,-0.358752,0.421422
arm_1_left_finger,556.202000,0.520979,0.081953,0.482830,-0.630256,0.546222,-0.356397,0.421190
arm_1_left_finger,556.213000,0.521097,0.083515,0.481850,-0.630909,0.547039,-0.354245,0.420966
arm_1_left_finger,556.228000,0.521250,0.085693,0.480484,-0.631814,0.548176,-0.351251,0.420639
arm_1_left_finger,556.243000,0.521391,0.087894,0.479105,-0.632724,0.549321,-0.348231,0.420288
arm_1_left_finger,556.257000,0.521510,0.089971,0.477805,-0.633577,0.550398,-0.345389,0.419939
arm_1_left_finger,556.272000,0.521626,0.092220,0.476398,-0.634496,0.551560,-0.342318,0.419541
arm_1_left_finger,556.287000,0.521728,0.094494,0.474977,-0.635419,0.552731,-0.339221,0.419118
arm_1_left_finger,556.301000,0.521811,0.096638,0.473638,-0.636284,0.553832,-0.336308,0.418701
arm_1_left_finger,556.317000,0.521890,0.099115,0.472092,-0.637276,0.555100,-0.332950,0.418195
arm_1_left_finger,556.331000,0.521946,0.101306,0.470726,-0.638149,0.556217,-0.329988,0.417727
arm_1_left_finger,556.345000,0.521988,0.103519,0.469347,-0.639025,0.557342,-0.327003,0.417236
arm_1_left_finger,556.358000,0.522015,0.105592,0.468055,-0.639841,0.558393,-0.324213,0.416757
arm_1_left_finger,556.372000,0.522030,0.107844,0.466654,-0.640722,0.559531,-0.321190,0.416218
arm_1_left_finger,556.388000,0.522030,0.110437,0.465041,-0.641730,0.560837,-0.317718,0.415572
arm_1_left_finger,556.404000,0.522011,0.113048,0.463418,-0.642737,0.562148,-0.314231,0.414895
arm_1_left_finger,556.420000,0.521972,0.115673,0.461787,-0.643743,0.563460,-0.310736,0.414187
arm_1_left_finger,556.436000,0.521914,0.118309,0.460151,-0.644745,0.564773,-0.307237,0.413449
arm_1_left_finger,556.451000,0.521842,0.120787,0.458613,-0.645681,0.566003,-0.303957,0.412730
arm_1_left_finger,556.466000,0.521752,0.123271,0.457073,-0.646613,0.567233,-0.300678,0.411985
arm_1_left_finger,556.480000,0.521652,0.125593,0.455633,-0.647478,0.568378,-0.297621,0.411267
arm_1_left_finger,556.494000,0.521537,0.127917,0.454193,0.648339,-0.569521,0.294569,-0.410526
arm_1_left_finger,556.509000,0.521397,0.130410,0.452648,0.649256,-0.570743,0.291304,-0.409709
arm_1_left_finger,556.525000,0.521228,0.133071,0.451001,0.650228,-0.572043,0.287830,-0.408809
arm_1_left_finger,556.540000,0.521053,0.135567,0.449456,0.651133,-0.573258,0.284581,-0.407940
arm_1_left_finger,556.554000,0.520873,0.137896,0.448014,0.651972,-0.574389,0.281556,-0.407107
arm_1_left_finger,556.569000,0.520663,0.140392,0.446470,0.652865,-0.575596,0.278325,-0.406191
arm_1_left_finger,556.584000,0.520437,0.142888,0.444926,0.653752,-0.576800,0.275103,-0.405251
arm_1_left_finger,556.599000,0.520193,0.145384,0.443382,0.654633,-0.578000,0.271891,-0.404286
arm_1_left_finger,556.614000,0.519931,0.147878,0.441840,0.655507,-0.579196,0.268690,-0.403298
arm_1_left_finger,556.629000,0.519653,0.150372,0.440298,0.656374,-0.580387,0.265500,-0.402285
arm_1_left_finger,556.643000,0.519378,0.152698,0.438860,0.657178,-0.581495,0.262532,-0.401319
arm_1_left_finger,556.660000,0.519024,0.155520,0.437114,0.658147,-0.582836,0.258942,-0.400117
arm_1_left_finger,556.676000,0.518671,0.158175,0.435473,0.659051,-0.584092,0.255577,-0.398959
arm_1_left_finger,556.691000,0.518322,0.160662,0.433935,0.659892,-0.585266,0.252434,-0.397849
arm_1_left_finger,556.707000,0.517932,0.163313,0.432296,0.660781,-0.586512,0.249095,-0.396639
arm_1_left_finger,556.723000,0.517522,0.165962,0.430658,0.661664,-0.587754,0.245771,-0.395403
arm_1_left_finger,556.738000,0.517121,0.168442,0.429124,0.662484,-0.588914,0.242666,-0.394220
arm_1_left_finger,556.753000,0.516703,0.170920,0.427591,0.663297,-0.590068,0.239575,-0.393014
arm_1_left_finger,556.769000,0.516238,0.173561,0.425957,0.664157,-0.591295,0.236292,-0.391703
arm_1_left_finger,556.785000,0.515755,0.176198,0.424325,0.665010,-0.592517,0.233024,-0.390365
arm_1_left_finger,556.800000,0.515285,0.178668,0.422796,0.665803,-0.593657,0.229974,-0.389088
arm_1_left_finger,556.815000,0.514798,0.181135,0.421268,0.666589,-0.594793,0.226937,-0.387788
arm_1_left_finger,556.829000,0.514329,0.183435,0.419843,0.667317,-0.595849,0.224115,-0.386554
arm_1_left_finger,556.844000,0.513810,0.185896,0.418317,0.668090,-0.596976,0.221105,-0.385211
arm_1_left_finger,556.859000,0.513275,0.188354,0.416793,0.668857,-0.598099,0.218108,-0.383846
arm_1_left_finger,556.875000,0.512687,0.190972,0.415169,0.669667,-0.599291,0.214928,-0.382365
arm_1_left_finger,556.890000,0.512118,0.193423,0.413648,0.670420,-0.600403,0.211961,-0.380954
arm_1_left_finger,556.906000,0.511494,0.196034,0.412027,0.671215,-0.601585,0.208813,-0.379424
arm_1_left_finger,556.922000,0.510851,0.198640,0.410407,0.672003,-0.602761,0.205681,-0.377870
arm_1_left_finger,556.937000,0.510232,0.201079,0.408890,0.672735,-0.603859,0.202760,-0.376391
arm_1_left_finger,556.952000,0.509597,0.203515,0.407374,0.673460,-0.604952,0.199854,-0.374890
arm_1_left_finger,556.968000,0.508902,0.206108,0.405759,0.674226,-0.606113,0.196771,-0.373265
arm_1_left_finger,556.983000,0.508234,0.208536,0.404246,0.674938,-0.607196,0.193896,-0.371720
arm_1_left_finger,556.998000,0.507550,0.210959,0.402735,0.675642,-0.608275,0.191037,-0.370154
arm_1_left_finger,557.013000,0.506851,0.213378,0.401225,0.676340,-0.609348,0.188194,-0.368566
arm_1_left_finger,557.029000,0.506087,0.215953,0.399616,0.677078,-0.610488,0.185178,-0.366850
arm_1_left_finger,557.044000,0.505355,0.218362,0.398109,0.677762,-0.611552,0.182368,-0.365219
arm_1_left_finger,557.058000,0.504662,0.220595,0.396712,0.678391,-0.612535,0.179773,-0.363687
arm_1_left_finger,557.074000,0.503849,0.223154,0.395109,0.679106,-0.613659,0.176810,-0.361906
arm_1_left_finger,557.090000,0.503017,0.225712,0.393504,0.679815,-0.614779,0.173861,-0.360098
arm_1_left_finger,557.106000,0.502168,0.228263,0.391902,0.680516,-0.615893,0.170932,-0.358267
arm_1_left_finger,557.122000,0.501301,0.230809,0.390302,0.681210,-0.617002,0.168022,-0.356414
arm_1_left_finger,557.137000,0.500473,0.233189,0.388803,0.681853,-0.618036,0.165312,-0.354656
arm_1_left_finger,557.151000,0.499686,0.235406,0.387406,0.682446,-0.618996,0.162799,-0.352998
arm_1_left_finger,557.166000,0.498829,0.237776,0.385911,0.683076,-0.620020,0.160122,-0.351202
arm_1_left_finger,557.182000,0.497898,0.240298,0.384318,0.683741,-0.621107,0.157287,-0.349264
arm_1_left_finger,557.198000,0.496950,0.242814,0.382727,0.684397,-0.622188,0.154471,-0.347305
arm_1_left_finger,557.214000,0.495985,0.245323,0.381137,0.685046,-0.623263,0.151676,-0.345324
arm_1_left_finger,557.229000,0.495065,0.247669,0.379649,0.685648,-0.624266,0.149074,-0.343447
arm_1_left_finger,557.245000,0.494068,0.250165,0.378063,0.686282,-0.625331,0.146318,-0.341423
arm_1_left_finger,557.261000,0.493054,0.252654,0.376479,0.686908,-0.626389,0.143583,-0.339378
arm_1_left_finger,557.276000,0.492088,0.254981,0.374996,0.687489,-0.627376,0.141037,-0.337442
arm_1_left_finger,557.292000,0.491041,0.257457,0.373415,0.688100,-0.628423,0.138343,-0.335355
arm_1_left_finger,557.308000,0.489978,0.259926,0.371837,0.688704,-0.629465,0.135669,-0.333248
arm_1_left_finger,557.323000,0.488967,0.262234,0.370358,0.689263,-0.630436,0.133181,-0.331254
arm_1_left_finger,557.339000,0.487872,0.264689,0.368783,0.689853,-0.631466,0.130549,-0.329106
arm_1_left_finger,557.353000,0.486901,0.266831,0.367406,0.690362,-0.632363,0.128263,-0.327210
arm_1_left_finger,557.368000,0.485847,0.269119,0.365933,0.690901,-0.633319,0.125832,-0.325161
arm_1_left_finger,557.382000,0.484850,0.271249,0.364559,0.691398,-0.634206,0.123580,-0.323233
arm_1_left_finger,557.397000,0.483768,0.273525,0.363088,0.691924,-0.635152,0.121187,-0.321150
arm_1_left_finger,557.413000,0.482606,0.275930,0.361531,0.692474,-0.636149,0.118671,-0.318923
arm_1_left_finger,557.428000,0.481494,0.278194,0.360062,0.692987,-0.637085,0.116314,-0.316801
arm_1_left_finger,557.442000,0.480444,0.280301,0.358693,0.693459,-0.637954,0.114133,-0.314806
arm_1_left_finger,557.456000,0.479382,0.282401,0.357325,0.693925,-0.638818,0.111969,-0.312796
arm_1_left_finger,557.469000,0.478386,0.284346,0.356056,0.694353,-0.639617,0.109976,-0.310917
arm_1_left_finger,557.482000,0.477379,0.286284,0.354789,0.694776,-0.640411,0.107998,-0.309025
arm_1_left_finger,557.496000,0.476285,0.288361,0.353429,0.695224,-0.641260,0.105890,-0.306979
arm_1_left_finger,557.511000,0.475103,0.290575,0.351976,0.695697,-0.642163,0.103655,-0.304775
arm_1_left_finger,557.526000,0.473902,0.292793,0.350517,0.696166,-0.643065,0.101428,-0.302543
arm_1_left_finger,557.542000,0.472606,0.295150,0.348963,0.696659,-0.644021,0.099077,-0.300145
arm_1_left_finger,557.558000,0.471295,0.297497,0.347411,0.697143,-0.644971,0.096750,-0.297729
arm_1_left_finger,557.573000,0.470052,0.299689,0.345959,0.697591,-0.645856,0.094590,-0.295449
arm_1_left_finger,557.590000,0.468628,0.302164,0.344315,0.698089,-0.646852,0.092168,-0.292846
arm_1_left_finger,557.606000,0.467273,0.304483,0.342769,0.698550,-0.647784,0.089913,-0.290378
arm_1_left_finger,557.622000,0.465911,0.306779,0.341236,0.699001,-0.648703,0.087696,-0.287908
arm_1_left_finger,557.637000,0.464612,0.308940,0.339789,0.699420,-0.649566,0.085624,-0.285560
arm_1_left_finger,557.652000,0.463300,0.311092,0.338344,0.699832,-0.650423,0.083574,-0.283197
arm_1_left_finger,557.668000,0.461887,0.313377,0.336805,0.700264,-0.651331,0.081412,-0.280661
arm_1_left_finger,557.684000,0.460460,0.315653,0.335268,0.700688,-0.652233,0.079274,-0.278108
arm_1_left_finger,557.700000,0.459019,0.317918,0.333733,0.701104,-0.653128,0.077162,-0.275540
arm_1_left_finger,557.716000,0.457563,0.320174,0.332200,0.701513,-0.654017,0.075074,-0.272956
arm_1_left_finger,557.731000,0.456186,0.322280,0.330765,0.701889,-0.654845,0.073140,-0.270518
arm_1_left_finger,557.746000,0.454796,0.324377,0.329332,0.702258,-0.655667,0.071228,-0.268067
arm_1_left_finger,557.761000,0.453395,0.326465,0.327900,0.702621,-0.656484,0.069339,-0.265603
arm_1_left_finger,557.776000,0.451981,0.328545,0.326470,0.702976,-0.657295,0.067471,-0.263124
arm_1_left_finger,557.791000,0.450555,0.330615,0.325042,0.703325,-0.658101,0.065626,-0.260633
arm_1_left_finger,557.806000,0.449117,0.332677,0.323615,0.703668,-0.658901,0.063804,-0.258128
arm_1_left_finger,557.821000,0.447667,0.334730,0.322190,0.704003,-0.659696,0.062004,-0.255610
arm_1_left_finger,557.837000,0.446107,0.336909,0.320672,0.704354,-0.660537,0.060108,-0.252910
arm_1_left_finger,557.853000,0.444534,0.339079,0.319155,0.704696,-0.661373,0.058239,-0.250195
arm_1_left_finger,557.869000,0.442947,0.341238,0.317641,0.705031,-0.662201,0.056396,-0.247466
arm_1_left_finger,557.884000,0.441448,0.343252,0.316223,0.705339,-0.662973,0.054691,-0.244895
arm_1_left_finger,557.900000,0.439836,0.345390,0.314712,0.705659,-0.663789,0.052898,-0.242138
arm_1_left_finger,557.916000,0.438211,0.347518,0.313202,0.705972,-0.664600,0.051131,-0.239368
arm_1_left_finger,557.931000,0.436675,0.349503,0.311789,0.706258,-0.665353,0.049499,-0.236759
arm_1_left_finger,557.946000,0.435128,0.351479,0.310377,0.706537,-0.666101,0.047890,-0.234139
arm_1_left_finger,557.961000,0.433570,0.353445,0.308967,0.706810,-0.666844,0.046304,-0.231506
arm_1_left_finger,557.977000,0.431896,0.355532,0.307465,0.707093,-0.667630,0.044638,-0.228686
arm_1_left_finger,557.993000,0.430209,0.357607,0.305964,0.707369,-0.668409,0.043000,-0.225853
arm_1_left_finger,558.009000,0.428512,0.359672,0.304464,0.707633,-0.669181,0.041400,-0.223021
arm_1_left_finger,558.023000,0.427017,0.361470,0.303154,0.707864,-0.669853,0.040003,-0.220512
arm_1_left_finger,558.038000,0.425402,0.363386,0.301751,0.708104,-0.670566,0.038534,-0.217819
arm_1_left_finger,558.054000,0.423668,0.365419,0.300257,0.708350,-0.671321,0.036998,-0.214939
arm_1_left_finger,558.070000,0.421922,0.367441,0.298765,0.708589,-0.672069,0.035489,-0.212049
arm_1_left_finger,558.086000,0.420163,0.369451,0.297275,0.708821,-0.672811,0.034006,-0.209145
arm_1_left_finger,558.101000,0.418504,0.371325,0.295879,0.709031,-0.673501,0.032642,-0.206414
arm_1_left_finger,558.117000,0.416722,0.373312,0.294392,0.709248,-0.674230,0.031213,-0.203489
arm_1_left_finger,558.133000,0.414928,0.375288,0.292907,0.709457,-0.674952,0.029812,-0.200554
arm_1_left_finger,558.149000,0.413123,0.377253,0.291423,0.709658,-0.675668,0.028440,-0.197610
arm_1_left_finger,558.164000,0.411420,0.379083,0.290034,0.709839,-0.676333,0.027178,-0.194840
arm_1_left_finger,558.179000,0.409707,0.380904,0.288646,0.710015,-0.676993,0.025937,-0.192057
arm_1_left_finger,558.193000,0.408099,0.382593,0.287352,0.710173,-0.677603,0.024803,-0.189455
arm_1_left_finger,558.207000,0.406493,0.384263,0.286068,0.710323,-0.678205,0.023701,-0.186865
arm_1_left_finger,558.221000,0.404868,0.385935,0.284776,0.710469,-0.678805,0.022609,-0.184246
arm_1_left_finger,558.235000,0.403232,0.387599,0.283485,0.710609,-0.679401,0.021539,-0.181619
arm_1_left_finger,558.249000,0.401588,0.389253,0.282195,0.710743,-0.679991,0.020491,-0.178986
arm_1_left_finger,558.265000,0.399700,0.391132,0.280722,0.710889,-0.680660,0.019319,-0.175969
arm_1_left_finger,558.280000,0.397919,0.392881,0.279344,0.711021,-0.681281,0.018242,-0.173128
arm_1_left_finger,558.295000,0.396130,0.394620,0.277967,0.711144,-0.681895,0.017195,-0.170285
arm_1_left_finger,558.311000,0.394211,0.396462,0.276500,0.711268,-0.682544,0.016107,-0.167247
arm_1_left_finger,558.326000,0.392404,0.398177,0.275128,0.711379,-0.683146,0.015109,-0.164387
arm_1_left_finger,558.341000,0.390591,0.399877,0.273759,0.711481,-0.683741,0.014144,-0.161534
arm_1_left_finger,558.356000,0.388775,0.401561,0.272397,0.711577,-0.684329,0.013200,-0.158675
arm_1_left_finger,558.371000,0.386957,0.403227,0.271041,0.711667,-0.684907,0.012286,-0.155824
arm_1_left_finger,558.386000,0.385142,0.404872,0.269695,0.711748,-0.685477,0.011409,-0.152990
arm_1_left_finger,558.400000,0.383450,0.406388,0.268448,0.711819,-0.686000,0.010611,-0.150350
arm_1_left_finger,558.413000,0.381883,0.407778,0.267298,0.711879,-0.686479,0.009894,-0.147911
arm_1_left_finger,558.427000,0.380201,0.409256,0.266070,0.711938,-0.686985,0.009147,-0.145299
arm_1_left_finger,558.442000,0.378405,0.410816,0.264767,0.711995,-0.687519,0.008377,-0.142519
arm_1_left_finger,558.456000,0.376736,0.412251,0.263561,0.712042,-0.688007,0.007685,-0.139941
arm_1_left_finger,558.471000,0.374956,0.413765,0.262282,0.712086,-0.688521,0.006972,-0.137199
arm_1_left_finger,558.487000,0.373068,0.415353,0.260932,0.712127,-0.689058,0.006242,-0.134296
arm_1_left_finger,558.503000,0.371190,0.416913,0.259598,0.712160,-0.689584,0.005546,-0.131419
arm_1_left_finger,558.519000,0.369325,0.418446,0.258279,0.712187,-0.690098,0.004881,-0.128569
arm_1_left_finger,558.534000,0.367588,0.419859,0.257056,0.712207,-0.690570,0.004285,-0.125920
arm_1_left_finger,558.550000,0.365746,0.421340,0.255767,0.712221,-0.691063,0.003679,-0.123120
arm_1_left_finger,558.566000,0.363919,0.422793,0.254494,0.712230,-0.691545,0.003103,-0.120348
arm_1_left_finger,558.581000,0.362218,0.424131,0.253314,0.712233,-0.691988,0.002589,-0.117776
arm_1_left_finger,558.594000,0.360754,0.425272,0.252303,0.712231,-0.692363,0.002166,-0.115567
arm_1_left_finger,558.603000,0.359747,0.426052,0.251608,0.712226,-0.692619,0.001890,-0.114057
arm_1_left_finger,558.616000,0.358302,0.427161,0.250617,0.712220,-0.692983,0.001487,-0.111874
arm_1_left_finger,558.629000,0.356870,0.428251,0.249638,0.712208,-0.693338,0.001115,-0.109729
arm_1_left_finger,558.644000,0.355221,0.429495,0.248515,0.712192,-0.693743,0.000696,-0.107254
arm_1_left_finger,558.659000,0.353586,0.430716,0.247406,0.712170,-0.694138,0.000305,-0.104812
arm_1_left_finger,558.675000,0.351858,0.431993,0.246237,0.712143,-0.694551,-0.000087,-0.102237
arm_1_left_finger,558.691000,0.350146,0.433246,0.245085,0.712110,-0.694953,-0.000450,-0.099697
arm_1_left_finger,558.707000,0.348450,0.434474,0.243949,0.712075,-0.695346,-0.000805,-0.097173
arm_1_left_finger,558.722000,0.346876,0.435603,0.242898,0.712037,-0.695706,-0.001108,-0.094844
arm_1_left_finger,558.738000,0.345213,0.436784,0.241791,0.711992,-0.696081,-0.001404,-0.092395
arm_1_left_finger,558.751000,0.343874,0.437726,0.240904,0.711954,-0.696379,-0.001643,-0.090414
arm_1_left_finger,558.766000,0.342344,0.438794,0.239893,0.711906,-0.696716,-0.001888,-0.088168
arm_1_left_finger,558.779000,0.341048,0.439689,0.239040,0.711863,-0.696997,-0.002091,-0.086262
arm_1_left_finger,558.794000,0.339543,0.440722,0.238051,0.711809,-0.697321,-0.002306,-0.084060
arm_1_left_finger,558.809000,0.338053,0.441734,0.237077,0.711754,-0.697636,-0.002509,-0.081880
arm_1_left_finger,558.825000,0.336484,0.442792,0.236052,0.711691,-0.697964,-0.002703,-0.079592
arm_1_left_finger,558.841000,0.334933,0.443827,0.235044,0.711625,-0.698284,-0.002883,-0.077334
arm_1_left_finger,558.857000,0.333401,0.444840,0.234051,0.711557,-0.698596,-0.003043,-0.075109
arm_1_left_finger,558.873000,0.331888,0.445831,0.233072,0.711485,-0.698900,-0.003177,-0.072927
arm_1_left_finger,558.887000,0.330579,0.446681,0.232230,0.711422,-0.699159,-0.003301,-0.071024
arm_1_left_finger,558.902000,0.329195,0.447573,0.231340,0.711350,-0.699431,-0.003399,-0.069036
arm_1_left_finger,558.918000,0.327735,0.448504,0.230406,0.711274,-0.699713,-0.003511,-0.066924
arm_1_left_finger,558.935000,0.326207,0.449472,0.229429,0.711189,-0.700005,-0.003599,-0.064731
arm_1_left_finger,558.951000,0.324787,0.450362,0.228526,0.711109,-0.700272,-0.003677,-0.062691
arm_1_left_finger,558.967000,0.323390,0.451231,0.227637,0.711025,-0.700532,-0.003732,-0.060695
arm_1_left_finger,558.983000,0.322010,0.452081,0.226764,0.710942,-0.700785,-0.003785,-0.058720
arm_1_left_finger,558.998000,0.320736,0.452861,0.225958,0.710860,-0.701016,-0.003809,-0.056913
arm_1_left_finger,559.013000,0.319479,0.453624,0.225166,0.710780,-0.701242,-0.003843,-0.055114
arm_1_left_finger,559.028000,0.318240,0.454369,0.224388,0.710698,-0.701461,-0.003858,-0.053355
arm_1_left_finger,559.044000,0.316939,0.455147,0.223571,0.710609,-0.701689,-0.003862,-0.051511
arm_1_left_finger,559.060000,0.315658,0.455906,0.222770,0.710519,-0.701910,-0.003860,-0.049697
arm_1_left_finger,559.076000,0.314398,0.456647,0.221982,0.710428,-0.702125,-0.003841,-0.047921
arm_1_left_finger,559.092000,0.313161,0.457369,0.221212,0.710338,-0.702334,-0.003824,-0.046172
arm_1_left_finger,559.108000,0.311948,0.458072,0.220457,0.710246,-0.702537,-0.003781,-0.044477
arm_1_left_finger,559.123000,0.310823,0.458718,0.219760,0.710161,-0.702722,-0.003758,-0.042885
arm_1_left_finger,559.134000,0.310013,0.459181,0.219258,0.710098,-0.702854,-0.003729,-0.041747
arm_1_left_finger,559.144000,0.309287,0.459593,0.218810,0.710041,-0.702972,-0.003699,-0.040731
arm_1_left_finger,559.155000,0.308495,0.460043,0.218319,0.709977,-0.703100,-0.003656,-0.039626
arm_1_left_finger,559.167000,0.307640,0.460524,0.217792,0.709908,-0.703236,-0.003619,-0.038425
arm_1_left_finger,559.173000,0.307217,0.460761,0.217532,0.709873,-0.703303,-0.003597,-0.037835
arm_1_left_finger,559.184000,0.306451,0.461189,0.217061,0.709810,-0.703424,-0.003553,-0.036765
arm_1_left_finger,559.198000,0.305492,0.461722,0.216470,0.709729,-0.703574,-0.003486,-0.035435
arm_1_left_finger,559.213000,0.304481,0.462280,0.215850,0.709644,-0.703730,-0.003425,-0.034021
arm_1_left_finger,559.229000,0.303424,0.462860,0.215204,0.709553,-0.703892,-0.003348,-0.032552
arm_1_left_finger,559.245000,0.302392,0.463423,0.214570,0.709461,-0.704049,-0.003258,-0.031126
arm_1_left_finger,559.260000,0.301442,0.463937,0.213992,0.709377,-0.704191,-0.003186,-0.029803
arm_1_left_finger,559.276000,0.300451,0.464470,0.213388,0.709288,-0.704339,-0.003097,-0.028431
arm_1_left_finger,559.291000,0.299544,0.464957,0.212834,0.709204,-0.704472,-0.002994,-0.027192
arm_1_left_finger,559.307000,0.298595,0.465461,0.212259,0.709117,-0.704610,-0.002915,-0.025868
arm_1_left_finger,559.322000,0.297727,0.465919,0.211733,0.709036,-0.704735,-0.002825,-0.024672
arm_1_left_finger,559.337000,0.296879,0.466365,0.211219,0.708955,-0.704857,-0.002731,-0.023506
arm_1_left_finger,559.352000,0.296052,0.466798,0.210717,0.708875,-0.704974,-0.002634,-0.022371
arm_1_left_finger,559.366000,0.295297,0.467191,0.210261,0.708802,-0.705080,-0.002547,-0.021331
arm_1_left_finger,559.381000,0.294507,0.467600,0.209785,0.708725,-0.705190,-0.002451,-0.020248
arm_1_left_finger,559.396000,0.293737,0.467997,0.209321,0.708649,-0.705296,-0.002353,-0.019194
arm_1_left_finger,559.411000,0.292988,0.468381,0.208869,0.708574,-0.705399,-0.002254,-0.018169
arm_1_left_finger,559.427000,0.292211,0.468777,0.208402,0.708496,-0.705505,-0.002150,-0.017106
arm_1_left_finger,559.443000,0.291456,0.469160,0.207949,0.708419,-0.705606,-0.002045,-0.016077
arm_1_left_finger,559.458000,0.290772,0.469507,0.207536,0.708348,-0.705698,-0.001930,-0.015159
arm_1_left_finger,559.474000,0.290061,0.469864,0.207111,0.708275,-0.705792,-0.001842,-0.014175
arm_1_left_finger,559.490000,0.289374,0.470207,0.206700,0.708203,-0.705883,-0.001740,-0.013241
arm_1_left_finger,559.505000,0.288752,0.470517,0.206328,0.708138,-0.705964,-0.001644,-0.012395
arm_1_left_finger,559.521000,0.288110,0.470835,0.205945,0.708069,-0.706047,-0.001543,-0.011525
arm_1_left_finger,559.537000,0.287493,0.471141,0.205574,0.708003,-0.706127,-0.001443,-0.010687
arm_1_left_finger,559.553000,0.286898,0.471434,0.205220,0.707940,-0.706203,-0.001348,-0.009879
arm_1_left_finger,559.569000,0.286329,0.471713,0.204881,0.707878,-0.706275,-0.001253,-0.009109
arm_1_left_finger,559.584000,0.285814,0.471964,0.204575,0.707822,-0.706340,-0.001165,-0.008413
arm_1_left_finger,559.600000,0.285289,0.472221,0.204260,0.707764,-0.706406,-0.001068,-0.007707
arm_1_left_finger,559.616000,0.284785,0.472465,0.203961,0.707709,-0.706469,-0.000987,-0.007021
arm_1_left_finger,559.632000,0.284306,0.472696,0.203677,0.707656,-0.706528,-0.000902,-0.006374
arm_1_left_finger,559.649000,0.283822,0.472929,0.203390,0.707602,-0.706588,-0.000815,-0.005722
arm_1_left_finger,559.664000,0.283417,0.473124,0.203150,0.707556,-0.706638,-0.000741,-0.005177
arm_1_left_finger,559.679000,0.283036,0.473308,0.202921,0.707513,-0.706684,-0.000661,-0.004670
arm_1_left_finger,559.695000,0.282650,0.473492,0.202693,0.707470,-0.706731,-0.000599,-0.004141
arm_1_left_finger,559.710000,0.282309,0.473654,0.202492,0.707431,-0.706772,-0.000535,-0.003683
arm_1_left_finger,559.726000,0.281968,0.473816,0.202291,0.707392,-0.706813,-0.000471,-0.003226
arm_1_left_finger,559.742000,0.281652,0.473967,0.202104,0.707356,-0.706851,-0.000410,-0.002801
arm_1_left_finger,559.758000,0.281359,0.474105,0.201931,0.707323,-0.706886,-0.000353,-0.002409
arm_1_left_finger,559.772000,0.281123,0.474217,0.201791,0.707296,-0.706915,-0.000327,-0.002071
arm_1_left_finger,559.787000,0.280891,0.474327,0.201652,0.707269,-0.706942,-0.000262,-0.001777
arm_1_left_finger,559.803000,0.280665,0.474433,0.201519,0.707243,-0.706969,-0.000218,-0.001474
arm_1_left_finger,559.819000,0.280463,0.474528,0.201400,0.707220,-0.706993,-0.000178,-0.001204
arm_1_left_finger,559.835000,0.280285,0.474612,0.201295,0.707199,-0.707014,-0.000142,-0.000966
arm_1_left_finger,559.851000,0.280131,0.474684,0.201205,0.707181,-0.707032,-0.000111,-0.000760
arm_1_left_finger,559.867000,0.280000,0.474745,0.201128,0.707166,-0.707047,-0.000102,-0.000568
arm_1_left_finger,559.882000,0.279900,0.474792,0.201069,0.707154,-0.707059,-0.000099,-0.000417
arm_1_left_finger,559.898000,0.279816,0.474832,0.201019,0.707144,-0.707069,-0.000083,-0.000303
arm_1_left_finger,559.914000,0.279752,0.474863,0.200979,0.707137,-0.707077,-0.000035,-0.000249
arm_1_left_finger,559.929000,0.279703,0.474885,0.200951,0.707131,-0.707082,-0.000026,-0.000184
arm_1_left_finger,559.944000,0.279665,0.474903,0.200928,0.707127,-0.707087,-0.000018,-0.000133
arm_1_left_finger,559.959000,0.279661,0.474905,0.200926,0.707126,-0.707087,-0.000017,-0.000129
arm_1_left_finger,559.973000,0.279677,0.474897,0.200933,0.707128,-0.707085,-0.000020,-0.000151
arm_1_left_finger,559.987000,0.279691,0.474892,0.200931,0.707130,-0.707084,-0.000034,-0.000157
arm_1_left_finger,560.000000,0.279701,0.474889,0.200922,0.707131,-0.707083,-0.000058,-0.000148
arm_1_left_finger,560.015000,0.279712,0.474887,0.200899,0.707132,-0.707082,-0.000065,-0.000155
arm_1_left_finger,560.030000,0.279721,0.474887,0.200862,0.707133,-0.707081,-0.000069,-0.000162
arm_1_left_finger,560.046000,0.279731,0.474889,0.200805,0.707133,-0.707080,-0.000059,-0.000181
arm_1_left_finger,560.060000,0.279739,0.474893,0.200740,0.707134,-0.707080,-0.000060,-0.000187
arm_1_left_finger,560.073000,0.279746,0.474897,0.200665,0.707134,-0.707079,-0.000060,-0.000192
arm_1_left_finger,560.088000,0.279755,0.474905,0.200563,0.707134,-0.707079,-0.000053,-0.000203
arm_1_left_finger,560.103000,0.279764,0.474913,0.200443,0.707135,-0.707079,-0.000047,-0.000211
arm_1_left_finger,560.118000,0.279774,0.474924,0.200304,0.707135,-0.707079,-0.000043,-0.000218
arm_1_left_finger,560.133000,0.279785,0.474936,0.200146,0.707135,-0.707079,-0.000040,-0.000223
arm_1_left_finger,560.149000,0.279797,0.474951,0.199955,0.707135,-0.707079,-0.000075,-0.000189
arm_1_left_finger,560.164000,0.279809,0.474967,0.199757,0.707135,-0.707079,-0.000061,-0.000203
arm_1_left_finger,560.180000,0.279823,0.474985,0.199527,0.707135,-0.707079,-0.000048,-0.000217
arm_1_left_finger,560.197000,0.279839,0.475007,0.199255,0.707135,-0.707079,-0.000040,-0.000225
arm_1_left_finger,560.213000,0.279855,0.475029,0.198974,0.707135,-0.707079,-0.000068,-0.000196
arm_1_left_finger,560.229000,0.279872,0.475053,0.198671,0.707135,-0.707079,-0.000053,-0.000212
arm_1_left_finger,560.246000,0.279892,0.475080,0.198325,0.707135,-0.707079,-0.000042,-0.000222
arm_1_left_finger,560.262000,0.279911,0.475107,0.197975,0.707134,-0.707079,-0.000037,-0.000226
arm_1_left_finger,560.278000,0.279931,0.475136,0.197602,0.707134,-0.707079,-0.000063,-0.000200
arm_1_left_finger,560.295000,0.279954,0.475168,0.197182,0.707134,-0.707079,-0.000047,-0.000214
arm_1_left_finger,560.312000,0.279978,0.475202,0.196735,0.707134,-0.707080,-0.000039,-0.000221
arm_1_left_finger,560.329000,0.280003,0.475238,0.196263,0.707134,-0.707080,-0.000062,-0.000197
arm_1_left_finger,560.346000,0.280029,0.475275,0.195765,0.707133,-0.707080,-0.000047,-0.000211
arm_1_left_finger,560.363000,0.280057,0.475314,0.195241,0.707133,-0.707080,-0.000039,-0.000217
arm_1_left_finger,560.378000,0.280081,0.475349,0.194757,0.707133,-0.707081,-0.000036,-0.000218
arm_1_left_finger,560.394000,0.280108,0.475388,0.194219,0.707133,-0.707081,-0.000061,-0.000192
arm_1_left_finger,560.411000,0.280138,0.475430,0.193622,0.707132,-0.707081,-0.000046,-0.000205
arm_1_left_finger,560.428000,0.280169,0.475474,0.192999,0.707132,-0.707081,-0.000038,-0.000211
arm_1_left_finger,560.446000,0.280202,0.475522,0.192311,0.707132,-0.707082,-0.000061,-0.000187
arm_1_left_finger,560.462000,0.280232,0.475565,0.191676,0.707132,-0.707082,-0.000048,-0.000197
arm_1_left_finger,560.479000,0.280265,0.475612,0.190975,0.707131,-0.707082,-0.000038,-0.000205
arm_1_left_finger,560.496000,0.280298,0.475660,0.190249,0.707131,-0.707083,-0.000072,-0.000170
arm_1_left_finger,560.513000,0.280332,0.475708,0.189497,0.707131,-0.707083,-0.000054,-0.000185
arm_1_left_finger,560.530000,0.280366,0.475758,0.188719,0.707130,-0.707083,-0.000042,-0.000195
arm_1_left_finger,560.547000,0.280401,0.475808,0.187915,0.707130,-0.707084,-0.000036,-0.000199
arm_1_left_finger,560.564000,0.280436,0.475858,0.187085,0.707129,-0.707084,-0.000032,-0.000200
arm_1_left_finger,560.582000,0.280473,0.475912,0.186179,0.707129,-0.707084,-0.000053,-0.000176
arm_1_left_finger,560.599000,0.280509,0.475963,0.185296,0.707129,-0.707085,-0.000043,-0.000184
arm_1_left_finger,560.616000,0.280544,0.476014,0.184388,0.707128,-0.707085,-0.000036,-0.000188
arm_1_left_finger,560.632000,0.280577,0.476063,0.183508,0.707128,-0.707086,-0.000033,-0.000189
arm_1_left_finger,560.649000,0.280612,0.476114,0.182550,0.707127,-0.707086,-0.000068,-0.000151
arm_1_left_finger,560.666000,0.280648,0.476165,0.181565,0.707127,-0.707087,-0.000051,-0.000165
arm_1_left_finger,560.683000,0.280682,0.476216,0.180555,0.707126,-0.707087,-0.000041,-0.000172
arm_1_left_finger,560.698000,0.280713,0.476261,0.179642,0.707126,-0.707088,-0.000038,-0.000172
arm_1_left_finger,560.714000,0.280745,0.476308,0.178647,0.707126,-0.707088,-0.000034,-0.000173
arm_1_left_finger,560.731000,0.280778,0.476357,0.177563,0.707125,-0.707089,-0.000031,-0.000173
arm_1_left_finger,560.748000,0.280811,0.476406,0.176455,0.707125,-0.707089,-0.000028,-0.000173
arm_1_left_finger,560.765000,0.280843,0.476453,0.175320,0.707124,-0.707090,-0.000057,-0.000141
arm_1_left_finger,560.782000,0.280874,0.476500,0.174160,0.707123,-0.707090,-0.000043,-0.000151
arm_1_left_finger,560.799000,0.280904,0.476545,0.172975,0.707123,-0.707091,-0.000037,-0.000153
arm_1_left_finger,560.815000,0.280932,0.476586,0.171836,0.707122,-0.707091,-0.000035,-0.000152
arm_1_left_finger,560.832000,0.280960,0.476629,0.170601,0.707122,-0.707092,-0.000031,-0.000153
arm_1_left_finger,560.849000,0.280986,0.476670,0.169339,0.707121,-0.707092,-0.000027,-0.000152
arm_1_left_finger,560.866000,0.281011,0.476709,0.168053,0.707121,-0.707093,-0.000025,-0.000151
arm_1_left_finger,560.883000,0.281035,0.476746,0.166741,0.707120,-0.707094,-0.000059,-0.000113
arm_1_left_finger,560.900000,0.281057,0.476781,0.165403,0.707119,-0.707094,-0.000049,-0.000119
arm_1_left_finger,560.918000,0.281079,0.476815,0.163959,0.707119,-0.707095,-0.000040,-0.000124
arm_1_left_finger,560.934000,0.281096,0.476843,0.162652,0.707118,-0.707095,-0.000039,-0.000121
arm_1_left_finger,560.950000,0.281111,0.476869,0.161322,0.707117,-0.707096,-0.000037,-0.000118
arm_1_left_finger,560.966000,0.281125,0.476892,0.159970,0.707117,-0.707097,-0.000038,-0.000114
arm_1_left_finger,560.983000,0.281137,0.476914,0.158506,0.707116,-0.707097,-0.000034,-0.000113
arm_1_left_finger,561.000000,0.281147,0.476933,0.157017,0.707115,-0.707098,-0.000031,-0.000112
arm_1_left_finger,561.017000,0.281154,0.476948,0.155503,0.707115,-0.707099,-0.000028,-0.000110
arm_1_left_finger,561.033000,0.281158,0.476959,0.154064,0.707114,-0.707099,-0.000030,-0.000105
arm_1_left_finger,561.049000,0.281160,0.476967,0.152616,0.707113,-0.707100,-0.000032,-0.000098
arm_1_left_finger,561.066000,0.281159,0.476972,0.151077,0.707113,-0.707101,-0.000031,-0.000094
arm_1_left_finger,561.083000,0.281155,0.476972,0.149543,0.707112,-0.707102,-0.000031,-0.000090
arm_1_left_finger,561.100000,0.281149,0.476969,0.148019,0.707111,-0.707102,-0.000030,-0.000086
arm_1_left_finger,561.117000,0.281140,0.476962,0.146509,0.707111,-0.707103,-0.000030,-0.000082
arm_1_left_finger,561.134000,0.281128,0.476952,0.145015,0.707110,-0.707104,-0.000027,-0.000080
arm_1_left_finger,561.152000,0.281113,0.476937,0.143455,0.707109,-0.707104,-0.000023,-0.000079
arm_1_left_finger,561.169000,0.281096,0.476920,0.142003,0.707108,-0.707105,-0.000021,-0.000078
arm_1_left_finger,561.186000,0.281077,0.476900,0.140573,0.707108,-0.707106,-0.000019,-0.000075
arm_1_left_finger,561.203000,0.281056,0.476876,0.139166,0.707107,-0.707106,-0.000017,-0.000073
arm_1_left_finger,561.219000,0.281034,0.476852,0.137864,0.707106,-0.707107,-0.000016,-0.000070
arm_1_left_finger,561.235000,0.281011,0.476825,0.136586,0.707106,-0.707108,-0.000016,-0.000067
arm_1_left_finger,561.250000,0.280988,0.476798,0.135409,0.707105,-0.707108,-0.000017,-0.000062
arm_1_left_finger,561.267000,0.280960,0.476765,0.134092,0.707105,-0.707109,-0.000015,-0.000060
arm_1_left_finger,561.283000,0.280933,0.476733,0.132877,0.707104,-0.707109,-0.000014,-0.000057
arm_1_left_finger,561.299000,0.280904,0.476698,0.131685,0.707104,-0.707110,-0.000014,-0.000053
arm_1_left_finger,561.315000,0.280874,0.476662,0.130515,0.707103,-0.707111,-0.000013,-0.000051
arm_1_left_finger,561.331000,0.280843,0.476624,0.129368,0.707102,-0.707111,-0.000012,-0.000049
arm_1_left_finger,561.348000,0.280809,0.476583,0.128175,0.707102,-0.707112,-0.000009,-0.000048
arm_1_left_finger,561.365000,0.280775,0.476540,0.127007,0.707101,-0.707112,-0.000046,-0.000008
arm_1_left_finger,561.382000,0.280739,0.476496,0.125866,0.707101,-0.707113,-0.000035,-0.000015
arm_1_left_finger,561.399000,0.280703,0.476451,0.124751,0.707100,-0.707113,-0.000025,-0.000022
arm_1_left_finger,561.416000,0.280666,0.476405,0.123661,0.707100,-0.707114,-0.000018,-0.000025
arm_1_left_finger,561.433000,0.280628,0.476358,0.122597,0.707099,-0.707114,-0.000013,-0.000027
arm_1_left_finger,561.450000,0.280590,0.476310,0.121559,0.707099,-0.707115,-0.000010,-0.000027
arm_1_left_finger,561.467000,0.280552,0.476262,0.120548,0.707098,-0.707115,-0.000007,-0.000027
arm_1_left_finger,561.484000,0.280514,0.476214,0.119561,0.707098,-0.707116,-0.000005,-0.000026
arm_1_left_finger,561.501000,0.280475,0.476165,0.118602,0.707097,-0.707116,-0.000036,0.000008
arm_1_left_finger,561.519000,0.280434,0.476113,0.117612,0.707097,-0.707117,-0.000022,-0.000004
arm_1_left_finger,561.537000,0.280393,0.476062,0.116653,0.707096,-0.707117,-0.000011,-0.000011
arm_1_left_finger,561.555000,0.280353,0.476010,0.115722,0.707096,-0.707118,-0.000005,-0.000014
arm_1_left_finger,561.572000,0.280315,0.475961,0.114870,0.707096,-0.707118,-0.000035,0.000018
arm_1_left_finger,561.589000,0.280277,0.475913,0.114043,0.707095,-0.707118,-0.000021,0.000006
arm_1_left_finger,561.606000,0.280239,0.475865,0.113242,0.707095,-0.707119,-0.000012,-0.000000
arm_1_left_finger,561.623000,0.280202,0.475818,0.112466,0.707094,-0.707119,-0.000006,-0.000003
arm_1_left_finger,561.640000,0.280166,0.475771,0.111716,0.707094,-0.707119,-0.000003,-0.000005
arm_1_left_finger,561.658000,0.280128,0.475722,0.110950,0.707094,-0.707120,-0.000024,0.000018
arm_1_left_finger,561.675000,0.280092,0.475677,0.110253,0.707093,-0.707120,-0.000013,0.000010
arm_1_left_finger,561.692000,0.280058,0.475633,0.109582,0.707093,-0.707120,-0.000007,0.000006
arm_1_left_finger,561.708000,0.280026,0.475592,0.108973,0.707093,-0.707121,-0.000004,0.000004
arm_1_left_finger,561.725000,0.279993,0.475550,0.108351,0.707093,-0.707121,-0.000039,0.000041
arm_1_left_finger,561.742000,0.279962,0.475509,0.107760,0.707092,-0.707121,-0.000022,0.000027
arm_1_left_finger,561.759000,0.279931,0.475469,0.107188,0.707092,-0.707122,-0.000012,0.000018
arm_1_left_finger,561.776000,0.279900,0.475430,0.106642,0.707092,-0.707122,-0.000004,0.000012
arm_1_left_finger,561.793000,0.279871,0.475393,0.106121,0.707091,-0.707122,-0.000041,0.000051
arm_1_left_finger,561.810000,0.279844,0.475357,0.105626,0.707091,-0.707122,-0.000023,0.000034
arm_1_left_finger,561.825000,0.279820,0.475326,0.105210,0.707091,-0.707123,-0.000019,0.000031
arm_1_left_finger,561.843000,0.279793,0.475291,0.104738,0.707091,-0.707123,-0.000007,0.000021
arm_1_left_finger,561.860000,0.279768,0.475260,0.104318,0.707091,-0.707123,-0.000002,0.000017
arm_1_left_finger,561.877000,0.279745,0.475230,0.103923,0.707090,-0.707123,-0.000032,0.000048
arm_1_left_finger,561.894000,0.279724,0.475202,0.103554,0.707090,-0.707123,-0.000014,0.000031
arm_1_left_finger,561.911000,0.279703,0.475175,0.103210,0.707090,-0.707124,-0.000004,0.000022
arm_1_left_finger,561.928000,0.279684,0.475151,0.102892,0.707090,-0.707124,-0.000038,0.000057
arm_1_left_finger,561.945000,0.279666,0.475128,0.102598,0.707090,-0.707124,-0.000017,0.000037
arm_1_left_finger,561.961000,0.279651,0.475108,0.102346,0.707090,-0.707124,-0.000009,0.000029
arm_1_left_finger,561.975000,0.279639,0.475092,0.102143,0.707090,-0.707124,-0.000006,0.000027
arm_1_left_finger,561.990000,0.279627,0.475077,0.101946,0.707089,-0.707124,-0.000002,0.000024
arm_1_left_finger,562.004000,0.279619,0.475063,0.101777,0.707089,-0.707124,0.000017,0.000006
arm_1_left_finger,562.017000,0.279610,0.475052,0.101637,0.707089,-0.707124,0.000006,0.000017
arm_1_left_finger,562.032000,0.279601,0.475041,0.101495,0.707089,-0.707124,0.000005,0.000018
arm_1_left_finger,562.048000,0.279592,0.475030,0.101364,0.707089,-0.707124,0.000005,0.000018
arm_1_left_finger,562.061000,0.279586,0.475023,0.101275,0.707089,-0.707124,0.000005,0.000018
arm_1_left_finger,562.076000,0.279581,0.475016,0.101190,0.707089,-0.707124,0.000006,0.000018
arm_1_left_finger,562.093000,0.279576,0.475010,0.101114,0.707089,-0.707125,-0.000003,0.000027
arm_1_left_finger,562.109000,0.279581,0.475006,0.101053,0.707089,-0.707125,0.000056,-0.000032
arm_1_left_finger,562.125000,0.279700,0.475002,0.100908,0.707089,-0.707124,0.000494,-0.000469
arm_1_left_finger,562.142000,0.279953,0.474999,0.100661,0.707088,-0.707124,0.000887,-0.000862
arm_1_left_finger,562.160000,0.280338,0.474997,0.100316,0.707088,-0.707123,0.001239,-0.001214
arm_1_left_finger,562.177000,0.280780,0.474995,0.099939,0.707087,-0.707123,0.001468,-0.001443
arm_1_left_finger,562.195000,0.281320,0.474994,0.099498,0.707087,-0.707123,0.001670,-0.001645
arm_1_left_finger,562.210000,0.281813,0.474993,0.099110,0.707087,-0.707122,0.001792,-0.001767
arm_1_left_finger,562.227000,0.282410,0.474993,0.098655,0.707086,-0.707122,0.001899,-0.001874
arm_1_left_finger,562.244000,0.283041,0.474992,0.098190,0.707086,-0.707122,0.001984,-0.001959
arm_1_left_finger,562.261000,0.283700,0.474991,0.097721,0.707086,-0.707122,0.002044,-0.002019
arm_1_left_finger,562.278000,0.284382,0.474991,0.097251,0.707086,-0.707122,0.002095,-0.002070
arm_1_left_finger,562.295000,0.285084,0.474991,0.096785,0.707086,-0.707121,0.002131,-0.002106
arm_1_left_finger,562.313000,0.285846,0.474991,0.096296,0.707086,-0.707121,0.002162,-0.002137
arm_1_left_finger,562.329000,0.286536,0.474990,0.095869,0.707086,-0.707121,0.002182,-0.002156
arm_1_left_finger,562.344000,0.287194,0.474990,0.095476,0.707086,-0.707121,0.002196,-0.002171
arm_1_left_finger,562.359000,0.287861,0.474990,0.095090,0.707086,-0.707121,0.002208,-0.002182
arm_1_left_finger,562.374000,0.288537,0.474990,0.094712,0.707086,-0.707121,0.002217,-0.002192
arm_1_left_finger,562.389000,0.289219,0.474990,0.094342,0.707086,-0.707121,0.002224,-0.002199
arm_1_left_finger,562.406000,0.290001,0.474990,0.093934,0.707086,-0.707121,0.002231,-0.002206
arm_1_left_finger,562.423000,0.290792,0.474990,0.093538,0.707085,-0.707121,0.002236,-0.002210
arm_1_left_finger,562.441000,0.291637,0.474990,0.093132,0.707085,-0.707121,0.002240,-0.002214
arm_1_left_finger,562.458000,0.292443,0.474990,0.092761,0.707085,-0.707121,0.002242,-0.002217
arm_1_left_finger,562.476000,0.293303,0.474989,0.092382,0.707085,-0.707121,0.002245,-0.002219
arm_1_left_finger,562.494000,0.294170,0.474989,0.092018,0.707085,-0.707121,0.002246,-0.002221
arm_1_left_finger,562.512000,0.295044,0.474989,0.091668,0.707085,-0.707121,0.002248,-0.002222
arm_1_left_finger,562.529000,0.295875,0.474989,0.091352,0.707085,-0.707121,0.002248,-0.002223
arm_1_left_finger,562.547000,0.296761,0.474989,0.091031,0.707085,-0.707121,0.002249,-0.002224
arm_1_left_finger,562.565000,0.297652,0.474989,0.090726,0.707085,-0.707121,0.002250,-0.002225
arm_1_left_finger,562.583000,0.298546,0.474989,0.090437,0.707085,-0.707121,0.002237,-0.002212
arm_1_left_finger,562.596000,0.299052,0.475017,0.090324,0.707087,-0.707123,0.001491,-0.001522
arm_1_left_finger,562.607000,0.299143,0.475088,0.090394,0.707089,-0.707125,0.000339,-0.000502
arm_1_left_finger,562.618000,0.299205,0.475108,0.090402,0.707089,-0.707125,0.000193,-0.000392
arm_1_left_finger,562.628000,0.299231,0.475120,0.090410,0.707089,-0.707125,0.000084,-0.000304
arm_1_left_finger,562.638000,0.299248,0.475126,0.090413,0.707089,-0.707125,0.000034,-0.000266
arm_1_left_finger,562.648000,0.299255,0.475130,0.090416,0.707089,-0.707125,-0.000003,-0.000236
arm_1_left_finger,562.660000,0.299255,0.475132,0.090418,0.707089,-0.707125,-0.000034,-0.000208
arm_1_left_finger,562.672000,0.299248,0.475131,0.090419,0.707089,-0.707125,-0.000053,-0.000188
arm_1_left_finger,562.684000,0.299238,0.475130,0.090419,0.707089,-0.707125,-0.000058,-0.000180
arm_1_left_finger,562.696000,0.299229,0.475128,0.090419,0.707089,-0.707125,-0.000057,-0.000177
arm_1_left_finger,562.707000,0.299222,0.475126,0.090419,0.707089,-0.707125,-0.000055,-0.000177
arm_1_left_finger,562.718000,0.299214,0.475125,0.090419,0.707089,-0.707125,-0.000052,-0.000177
arm_1_left_finger,562.730000,0.299207,0.475123,0.090419,0.707089,-0.707125,-0.000048,-0.000177
arm_1_left_finger,562.741000,0.299226,0.475121,0.090410,0.707089,-0.707125,0.000046,-0.000266
arm_1_left_finger,562.751000,0.299246,0.475125,0.090411,0.707089,-0.707125,0.000024,-0.000251
arm_1_left_finger,562.762000,0.299242,0.475128,0.090415,0.707089,-0.707125,-0.000038,-0.000194
arm_1_left_finger,562.772000,0.299254,0.475129,0.090414,0.707089,-0.707124,-0.000011,-0.000224
arm_1_left_finger,562.782000,0.299243,0.475128,0.090415,0.707089,-0.707124,-0.000061,-0.000172
arm_1_left_finger,562.792000,0.299251,0.475129,0.090415,0.707089,-0.707124,-0.000043,-0.000190
arm_1_left_finger,562.802000,0.299239,0.475128,0.090417,0.707089,-0.707124,-0.000070,-0.000162
arm_1_left_finger,562.812000,0.299227,0.475126,0.090417,0.707089,-0.707124,-0.000074,-0.000155
arm_1_left_finger,562.822000,0.299215,0.475124,0.090418,0.707089,-0.707125,-0.000071,-0.000154
arm_1_left_finger,562.826000,0.299228,0.475123,0.090413,0.707089,-0.707124,0.000005,-0.000227
arm_1_left_finger,562.832000,0.299224,0.475124,0.090416,0.707089,-0.707124,-0.000039,-0.000186
arm_1_left_finger,562.841000,0.299215,0.475124,0.090418,0.707089,-0.707124,-0.000063,-0.000161
arm_1_left_finger,562.850000,0.299205,0.475122,0.090418,0.707089,-0.707124,-0.000067,-0.000154
arm_1_left_finger,562.860000,0.299212,0.475121,0.090416,0.707089,-0.707124,-0.000028,-0.000192
arm_1_left_finger,562.870000,0.299204,0.475121,0.090418,0.707089,-0.707124,-0.000057,-0.000162
arm_1_left_finger,562.880000,0.299194,0.475119,0.090418,0.707089,-0.707124,-0.000061,-0.000154
arm_1_left_finger,562.890000,0.299185,0.475117,0.090418,0.707089,-0.707124,-0.000058,-0.000154
arm_1_left_finger,562.900000,0.299177,0.475115,0.090418,0.707089,-0.707125,-0.000055,-0.000154
arm_1_left_finger,562.910000,0.299169,0.475114,0.090417,0.707089,-0.707125,-0.000052,-0.000154
arm_1_left_finger,562.920000,0.299163,0.475112,0.090417,0.707089,-0.707125,-0.000049,-0.000154
arm_1_left_finger,562.930000,0.299157,0.475111,0.090417,0.707089,-0.707125,-0.000046,-0.000155
arm_1_left_finger,562.940000,0.299170,0.475110,0.090412,0.707089,-0.707124,0.000024,-0.000222
arm_1_left_finger,562.950000,0.299166,0.475112,0.090416,0.707089,-0.707125,-0.000037,-0.000165
arm_1_left_finger,562.960000,0.299158,0.475111,0.090417,0.707089,-0.707125,-0.000054,-0.000147
arm_1_left_finger,562.970000,0.299185,0.475111,0.090411,0.707089,-0.707124,0.000037,-0.000237
arm_1_left_finger,562.979000,0.299180,0.475114,0.090416,0.707089,-0.707124,-0.000037,-0.000167
arm_1_left_finger,562.988000,0.299192,0.475115,0.090416,0.707089,-0.707124,0.000024,-0.000229
arm_1_left_finger,562.998000,0.299204,0.475117,0.090420,0.707089,-0.707124,0.000014,-0.000221
arm_1_left_finger,563.008000,0.299201,0.475117,0.090428,0.707089,-0.707124,-0.000031,-0.000176
arm_1_left_finger,563.018000,0.299195,0.475118,0.090442,0.707089,-0.707124,-0.000050,-0.000155
arm_1_left_finger,563.028000,0.299187,0.475119,0.090461,0.707089,-0.707124,-0.000060,-0.000145
arm_1_left_finger,563.038000,0.299179,0.475121,0.090485,0.707089,-0.707124,-0.000063,-0.000141
arm_1_left_finger,563.047000,0.299173,0.475123,0.090513,0.707089,-0.707124,-0.000063,-0.000141
arm_1_left_finger,563.057000,0.299167,0.475126,0.090549,0.707089,-0.707124,-0.000060,-0.000143
arm_1_left_finger,563.067000,0.299163,0.475130,0.090591,0.707089,-0.707125,-0.000056,-0.000147
arm_1_left_finger,563.077000,0.299162,0.475134,0.090640,0.707089,-0.707125,-0.000045,-0.000158
arm_1_left_finger,563.087000,0.299162,0.475139,0.090694,0.707089,-0.707125,-0.000039,-0.000164
arm_1_left_finger,563.097000,0.299187,0.475145,0.090750,0.707089,-0.707125,0.000036,-0.000238
arm_1_left_finger,563.107000,0.299192,0.475152,0.090819,0.707089,-0.707125,-0.000012,-0.000189
arm_1_left_finger,563.116000,0.299194,0.475158,0.090888,0.707089,-0.707125,-0.000035,-0.000167
arm_1_left_finger,563.126000,0.299222,0.475166,0.090965,0.707089,-0.707125,0.000023,-0.000223
arm_1_left_finger,563.137000,0.299228,0.475176,0.091067,0.707089,-0.707125,-0.000023,-0.000177
arm_1_left_finger,563.147000,0.299231,0.475186,0.091169,0.707089,-0.707125,-0.000041,-0.000159
arm_1_left_finger,563.157000,0.299233,0.475197,0.091279,0.707089,-0.707125,-0.000048,-0.000152
arm_1_left_finger,563.167000,0.299270,0.475208,0.091387,0.707089,-0.707125,0.000033,-0.000232
arm_1_left_finger,563.177000,0.299279,0.475220,0.091511,0.707089,-0.707125,-0.000015,-0.000184
arm_1_left_finger,563.187000,0.299308,0.475233,0.091638,0.707088,-0.707125,0.000030,-0.000228
arm_1_left_finger,563.198000,0.299348,0.475248,0.091785,0.707088,-0.707125,0.000079,-0.000277
arm_1_left_finger,563.203000,0.299358,0.475255,0.091858,0.707088,-0.707125,0.000046,-0.000244
arm_1_left_finger,563.212000,0.299371,0.475268,0.091996,0.707088,-0.707125,-0.000002,-0.000196
arm_1_left_finger,563.222000,0.299377,0.475284,0.092160,0.707088,-0.707125,-0.000039,-0.000158
arm_1_left_finger,563.232000,0.299381,0.475300,0.092334,0.707088,-0.707125,-0.000056,-0.000141
arm_1_left_finger,563.242000,0.299385,0.475317,0.092515,0.707088,-0.707125,-0.000062,-0.000134
arm_1_left_finger,563.252000,0.299389,0.475335,0.092706,0.707088,-0.707126,-0.000063,-0.000134
arm_1_left_finger,563.262000,0.299394,0.475354,0.092904,0.707088,-0.707126,-0.000061,-0.000135
arm_1_left_finger,563.272000,0.299401,0.475373,0.093112,0.707088,-0.707126,-0.000058,-0.000138
arm_1_left_finger,563.282000,0.299408,0.475393,0.093327,0.707088,-0.707126,-0.000055,-0.000140
arm_1_left_finger,563.292000,0.299417,0.475414,0.093550,0.707088,-0.707126,-0.000052,-0.000143
arm_1_left_finger,563.302000,0.299427,0.475436,0.093782,0.707088,-0.707126,-0.000049,-0.000145
arm_1_left_finger,563.311000,0.299437,0.475456,0.093998,0.707087,-0.707126,-0.000047,-0.000147
arm_1_left_finger,563.320000,0.299448,0.475476,0.094218,0.707087,-0.707126,-0.000045,-0.000149
arm_1_left_finger,563.330000,0.299461,0.475499,0.094473,0.707087,-0.707126,-0.000042,-0.000151
arm_1_left_finger,563.340000,0.299475,0.475523,0.094737,0.707087,-0.707126,-0.000040,-0.000152
arm_1_left_finger,563.351000,0.299525,0.475551,0.095027,0.707087,-0.707127,0.000037,-0.000228
arm_1_left_finger,563.361000,0.299567,0.475576,0.095301,0.707087,-0.707127,0.000116,-0.000307
arm_1_left_finger,563.371000,0.299632,0.475602,0.095576,0.707087,-0.707127,0.000133,-0.000323
arm_1_left_finger,563.381000,0.299669,0.475629,0.095869,0.707087,-0.707127,0.000062,-0.000251
arm_1_left_finger,563.390000,0.299725,0.475654,0.096134,0.707086,-0.707127,0.000107,-0.000296
arm_1_left_finger,563.398000,0.299739,0.475676,0.096385,0.707086,-0.707127,0.000007,-0.000195
arm_1_left_finger,563.408000,0.299757,0.475704,0.096707,0.707086,-0.707127,-0.000031,-0.000157
arm_1_left_finger,563.418000,0.299772,0.475733,0.097038,0.707086,-0.707127,-0.000047,-0.000140
arm_1_left_finger,563.428000,0.299785,0.475763,0.097379,0.707086,-0.707128,-0.000058,-0.000128
arm_1_left_finger,563.438000,0.299797,0.475793,0.097729,0.707086,-0.707128,-0.000068,-0.000119
arm_1_left_finger,563.448000,0.299808,0.475824,0.098088,0.707086,-0.707128,-0.000073,-0.000113
arm_1_left_finger,563.458000,0.299818,0.475855,0.098456,0.707085,-0.707128,-0.000078,-0.000107
arm_1_left_finger,563.468000,0.299847,0.475886,0.098827,0.707085,-0.707128,0.000029,-0.000213
arm_1_left_finger,563.479000,0.299863,0.475921,0.099250,0.707085,-0.707128,-0.000049,-0.000133
arm_1_left_finger,563.489000,0.299896,0.475954,0.099638,0.707085,-0.707129,-0.000017,-0.000164
arm_1_left_finger,563.499000,0.299911,0.475987,0.100040,0.707085,-0.707129,-0.000056,-0.000125
arm_1_left_finger,563.509000,0.299925,0.476021,0.100452,0.707085,-0.707129,-0.000067,-0.000113
arm_1_left_finger,563.519000,0.299938,0.476055,0.100872,0.707084,-0.707129,-0.000074,-0.000105
arm_1_left_finger,563.529000,0.299950,0.476089,0.101302,0.707084,-0.707129,-0.000079,-0.000100
arm_1_left_finger,563.539000,0.299987,0.476124,0.101733,0.707084,-0.707130,-0.000023,-0.000154
arm_1_left_finger,563.550000,0.300006,0.476162,0.102223,0.707084,-0.707130,-0.000054,-0.000122
arm_1_left_finger,563.560000,0.300022,0.476198,0.102679,0.707084,-0.707130,-0.000068,-0.000108
arm_1_left_finger,563.571000,0.300038,0.476237,0.103190,0.707083,-0.707130,-0.000072,-0.000102
arm_1_left_finger,563.581000,0.300074,0.476273,0.103658,0.707083,-0.707130,0.000022,-0.000195
arm_1_left_finger,563.592000,0.300120,0.476313,0.104180,0.707083,-0.707131,0.000002,-0.000174
arm_1_left_finger,563.603000,0.300142,0.476354,0.104721,0.707083,-0.707131,-0.000044,-0.000127
arm_1_left_finger,563.613000,0.300160,0.476391,0.105222,0.707082,-0.707131,-0.000060,-0.000110
arm_1_left_finger,563.620000,0.300171,0.476417,0.105578,0.707082,-0.707131,-0.000066,-0.000104
arm_1_left_finger,563.630000,0.300211,0.476453,0.106083,0.707082,-0.707132,-0.000001,-0.000167
arm_1_left_finger,563.640000,0.300232,0.476491,0.106607,0.707082,-0.707132,-0.000039,-0.000128
arm_1_left_finger,563.650000,0.300251,0.476529,0.107142,0.707082,-0.707132,-0.000056,-0.000110
arm_1_left_finger,563.660000,0.300269,0.476567,0.107685,0.707081,-0.707132,-0.000065,-0.000100
arm_1_left_finger,563.671000,0.300291,0.476608,0.108292,0.707081,-0.707133,-0.000056,-0.000108
arm_1_left_finger,563.682000,0.300312,0.476650,0.108909,0.707081,-0.707133,-0.000060,-0.000102
arm_1_left_finger,563.693000,0.300330,0.476692,0.109538,0.707080,-0.707133,-0.000032,-0.000129
arm_1_left_finger,563.704000,0.300353,0.476734,0.110176,0.707080,-0.707133,-0.000048,-0.000111
arm_1_left_finger,563.715000,0.300392,0.476775,0.110819,0.707080,-0.707134,0.000013,-0.000171
arm_1_left_finger,563.725000,0.300439,0.476813,0.111410,0.707080,-0.707134,0.000010,-0.000166
arm_1_left_finger,563.736000,0.300464,0.476855,0.112078,0.707079,-0.707134,-0.000034,-0.000121
arm_1_left_finger,563.747000,0.300486,0.476897,0.112758,0.707079,-0.707134,-0.000051,-0.000103
arm_1_left_finger,563.758000,0.300530,0.476939,0.113442,0.707079,-0.707135,0.000027,-0.000179
arm_1_left_finger,563.769000,0.300555,0.476980,0.114142,0.707078,-0.707135,-0.000029,-0.000122
arm_1_left_finger,563.779000,0.300597,0.477017,0.114781,0.707078,-0.707135,0.000059,-0.000208
arm_1_left_finger,563.790000,0.300644,0.477058,0.115495,0.707078,-0.707136,0.000015,-0.000162
arm_1_left_finger,563.801000,0.300668,0.477099,0.116226,0.707078,-0.707136,-0.000036,-0.000110
arm_1_left_finger,563.812000,0.300688,0.477140,0.116969,0.707077,-0.707136,-0.000052,-0.000093
arm_1_left_finger,563.823000,0.300731,0.477180,0.117715,0.707077,-0.707137,-0.000007,-0.000136
arm_1_left_finger,563.834000,0.300754,0.477219,0.118479,0.707077,-0.707137,-0.000040,-0.000102
arm_1_left_finger,563.845000,0.300773,0.477259,0.119254,0.707076,-0.707137,-0.000060,-0.000081
arm_1_left_finger,563.855000,0.300746,0.477294,0.119981,0.707076,-0.707138,-0.000218,0.000078
arm_1_left_finger,563.865000,0.300752,0.477329,0.120707,0.707076,-0.707138,-0.000114,-0.000024
arm_1_left_finger,563.875000,0.300774,0.477363,0.121437,0.707075,-0.707138,-0.000044,-0.000093
arm_1_left_finger,563.885000,0.300809,0.477397,0.122171,0.707075,-0.707139,-0.000004,-0.000131
arm_1_left_finger,563.895000,0.300833,0.477431,0.122919,0.707075,-0.707139,-0.000017,-0.000117
arm_1_left_finger,563.905000,0.300856,0.477463,0.123674,0.707074,-0.707139,-0.000018,-0.000114
arm_1_left_finger,563.915000,0.300925,0.477496,0.124425,0.707074,-0.707140,0.000209,-0.000340
arm_1_left_finger,563.925000,0.300970,0.477527,0.125192,0.707073,-0.707140,0.000100,-0.000229
arm_1_left_finger,563.935000,0.301048,0.477558,0.125957,0.707073,-0.707140,0.000236,-0.000363
arm_1_left_finger,563.946000,0.301100,0.477591,0.126820,0.707073,-0.707141,0.000108,-0.000233
arm_1_left_finger,563.957000,0.301130,0.477624,0.127699,0.707072,-0.707141,0.000017,-0.000141
arm_1_left_finger,563.967000,0.301159,0.477652,0.128508,0.707072,-0.707141,0.000019,-0.000140
arm_1_left_finger,563.977000,0.301174,0.477680,0.129329,0.707072,-0.707142,-0.000028,-0.000092
arm_1_left_finger,563.987000,0.301185,0.477707,0.130161,0.707071,-0.707142,-0.000052,-0.000066
arm_1_left_finger,563.997000,0.301192,0.477733,0.131001,0.707071,-0.707143,-0.000066,-0.000051
arm_1_left_finger,564.007000,0.301196,0.477759,0.131853,0.707071,-0.707143,-0.000076,-0.000039
arm_1_left_finger,564.018000,0.301180,0.477786,0.132805,0.707070,-0.707143,-0.000150,0.000037
arm_1_left_finger,564.029000,0.301221,0.477811,0.133751,0.707070,-0.707144,-0.000041,-0.000071
arm_1_left_finger,564.040000,0.301221,0.477835,0.134719,0.707069,-0.707144,-0.000078,-0.000032
arm_1_left_finger,564.050000,0.301221,0.477856,0.135609,0.707069,-0.707145,-0.000082,-0.000025
arm_1_left_finger,564.060000,0.301220,0.477876,0.136507,0.707068,-0.707145,-0.000080,-0.000026
arm_1_left_finger,564.070000,0.301243,0.477895,0.137408,0.707068,-0.707145,-0.000028,-0.000075
arm_1_left_finger,564.080000,0.301243,0.477912,0.138324,0.707068,-0.707146,-0.000062,-0.000040
arm_1_left_finger,564.090000,0.301243,0.477929,0.139249,0.707067,-0.707146,-0.000066,-0.000034
arm_1_left_finger,564.100000,0.301242,0.477944,0.140183,0.707067,-0.707147,-0.000064,-0.000035
arm_1_left_finger,564.110000,0.301242,0.477958,0.141127,0.707066,-0.707147,-0.000058,-0.000038
arm_1_left_finger,564.120000,0.301245,0.477970,0.142079,0.707066,-0.707148,-0.000041,-0.000053
arm_1_left_finger,564.130000,0.301249,0.477981,0.143038,0.707066,-0.707148,-0.000031,-0.000062
arm_1_left_finger,564.140000,0.301253,0.477991,0.144006,0.707065,-0.707148,-0.000026,-0.000064
arm_1_left_finger,564.150000,0.301256,0.477999,0.144981,0.707065,-0.707149,-0.000023,-0.000065
arm_1_left_finger,564.160000,0.301258,0.478005,0.145961,0.707064,-0.707149,-0.000018,-0.000068
arm_1_left_finger,564.170000,0.301263,0.478010,0.146945,0.707064,-0.707150,-0.000008,-0.000077
arm_1_left_finger,564.180000,0.301267,0.478014,0.147930,0.707063,-0.707150,-0.000006,-0.000077
arm_1_left_finger,564.191000,0.301269,0.478016,0.149015,0.707063,-0.707151,-0.000005,-0.000075
arm_1_left_finger,564.201000,0.301270,0.478016,0.150001,0.707063,-0.707151,-0.000005,-0.000074
arm_1_left_finger,564.212000,0.301269,0.478014,0.151082,0.707062,-0.707152,-0.000005,-0.000071
arm_1_left_finger,564.222000,0.301310,0.478010,0.152050,0.707062,-0.707152,0.000085,-0.000158
arm_1_left_finger,564.232000,0.301301,0.478006,0.153028,0.707061,-0.707152,-0.000011,-0.000061
arm_1_left_finger,564.242000,0.301289,0.477999,0.154003,0.707061,-0.707153,-0.000033,-0.000036
arm_1_left_finger,564.252000,0.301277,0.477991,0.154973,0.707060,-0.707153,-0.000037,-0.000031
arm_1_left_finger,564.261000,0.301265,0.477983,0.155840,0.707060,-0.707154,-0.000036,-0.000030
arm_1_left_finger,564.271000,0.301252,0.477973,0.156798,0.707060,-0.707154,-0.000029,-0.000035
arm_1_left_finger,564.280000,0.301241,0.477962,0.157654,0.707059,-0.707154,-0.000021,-0.000042
arm_1_left_finger,564.289000,0.301253,0.477950,0.158498,0.707059,-0.707155,0.000111,-0.000172
arm_1_left_finger,564.298000,0.301241,0.477937,0.159344,0.707058,-0.707155,0.000009,-0.000068
arm_1_left_finger,564.308000,0.301224,0.477921,0.160276,0.707058,-0.707156,-0.000022,-0.000035
arm_1_left_finger,564.318000,0.301206,0.477904,0.161202,0.707058,-0.707156,-0.000029,-0.000026
arm_1_left_finger,564.328000,0.301211,0.477886,0.162113,0.707057,-0.707156,0.000036,-0.000088
arm_1_left_finger,564.339000,0.301190,0.477864,0.163114,0.707057,-0.707157,-0.000017,-0.000034
arm_1_left_finger,564.349000,0.301193,0.477843,0.164008,0.707056,-0.707157,0.000027,-0.000075
arm_1_left_finger,564.360000,0.301169,0.477819,0.164991,0.707056,-0.707158,-0.000020,-0.000026
arm_1_left_finger,564.370000,0.301146,0.477796,0.165876,0.707056,-0.707158,-0.000028,-0.000017
arm_1_left_finger,564.380000,0.301123,0.477772,0.166753,0.707055,-0.707158,-0.000029,-0.000015
arm_1_left_finger,564.390000,0.301122,0.477747,0.167615,0.707055,-0.707159,0.000035,-0.000076
arm_1_left_finger,564.400000,0.301098,0.477721,0.168475,0.707054,-0.707159,-0.000014,-0.000026
arm_1_left_finger,564.411000,0.301070,0.477691,0.169412,0.707054,-0.707160,-0.000025,-0.000013
arm_1_left_finger,564.422000,0.301042,0.477661,0.170338,0.707054,-0.707160,-0.000025,-0.000011
arm_1_left_finger,564.433000,0.301014,0.477629,0.171254,0.707053,-0.707160,-0.000024,-0.000011
arm_1_left_finger,564.443000,0.300987,0.477599,0.172078,0.707053,-0.707161,-0.000022,-0.000012
arm_1_left_finger,564.453000,0.300961,0.477568,0.172893,0.707052,-0.707161,-0.000019,-0.000013
arm_1_left_finger,564.464000,0.300933,0.477534,0.173779,0.707052,-0.707161,-0.000013,-0.000017
arm_1_left_finger,564.474000,0.300952,0.477501,0.174562,0.707052,-0.707162,0.000150,-0.000177
arm_1_left_finger,564.485000,0.300922,0.477465,0.175428,0.707051,-0.707162,0.000012,-0.000038
arm_1_left_finger,564.495000,0.300893,0.477432,0.176207,0.707051,-0.707163,-0.000014,-0.000011
arm_1_left_finger,564.505000,0.300866,0.477398,0.176977,0.707051,-0.707163,-0.000013,-0.000010
arm_1_left_finger,564.515000,0.300837,0.477363,0.177739,0.707050,-0.707163,-0.000013,-0.000009
arm_1_left_finger,564.525000,0.300809,0.477328,0.178491,0.707050,-0.707164,-0.000012,-0.000008
arm_1_left_finger,564.535000,0.300801,0.477292,0.179229,0.707050,-0.707164,0.000130,-0.000148
arm_1_left_finger,564.545000,0.300772,0.477256,0.179964,0.707049,-0.707164,0.000015,-0.000032
arm_1_left_finger,564.555000,0.300764,0.477219,0.180684,0.707049,-0.707164,0.000070,-0.000085
arm_1_left_finger,564.565000,0.300754,0.477182,0.181396,0.707049,-0.707165,0.000037,-0.000050
arm_1_left_finger,564.575000,0.300725,0.477145,0.182104,0.707048,-0.707165,0.000001,-0.000013
arm_1_left_finger,564.584000,0.300717,0.477111,0.182730,0.707048,-0.707165,0.000041,-0.000051
arm_1_left_finger,564.594000,0.300706,0.477073,0.183416,0.707048,-0.707166,0.000093,-0.000101
arm_1_left_finger,564.604000,0.300675,0.477034,0.184100,0.707048,-0.707166,0.000009,-0.000016
arm_1_left_finger,564.614000,0.300642,0.476996,0.184776,0.707047,-0.707166,-0.000013,0.000006
arm_1_left_finger,564.624000,0.300609,0.476957,0.185443,0.707047,-0.707167,-0.000019,0.000014
arm_1_left_finger,564.634000,0.300575,0.476918,0.186102,0.707047,-0.707167,-0.000019,0.000015
arm_1_left_finger,564.644000,0.300562,0.476879,0.186745,0.707046,-0.707167,0.000054,-0.000056
arm_1_left_finger,564.655000,0.300527,0.476836,0.187449,0.707046,-0.707167,0.000001,-0.000002
arm_1_left_finger,564.665000,0.300494,0.476796,0.188080,0.707046,-0.707168,-0.000013,0.000013
arm_1_left_finger,564.675000,0.300460,0.476757,0.188702,0.707046,-0.707168,-0.000017,0.000018
arm_1_left_finger,564.685000,0.300427,0.476717,0.189316,0.707045,-0.707168,-0.000017,0.000019
arm_1_left_finger,564.695000,0.300394,0.476677,0.189920,0.707045,-0.707169,-0.000015,0.000018
arm_1_left_finger,564.705000,0.300380,0.476638,0.190510,0.707045,-0.707169,0.000115,-0.000110
arm_1_left_finger,564.715000,0.300351,0.476598,0.191096,0.707044,-0.707169,0.000023,-0.000017
arm_1_left_finger,564.725000,0.300320,0.476558,0.191674,0.707044,-0.707169,-0.000002,0.000009
arm_1_left_finger,564.735000,0.300287,0.476519,0.192243,0.707044,-0.707170,-0.000010,0.000018
arm_1_left_finger,564.746000,0.300251,0.476476,0.192860,0.707044,-0.707170,-0.000012,0.000021
arm_1_left_finger,564.754000,0.300226,0.476444,0.193301,0.707044,-0.707170,-0.000011,0.000021
arm_1_left_finger,564.764000,0.300194,0.476405,0.193845,0.707043,-0.707170,-0.000010,0.000021
arm_1_left_finger,564.774000,0.300162,0.476366,0.194381,0.707043,-0.707171,-0.000009,0.000021
arm_1_left_finger,564.784000,0.300131,0.476327,0.194906,0.707043,-0.707171,-0.000007,0.000020
arm_1_left_finger,564.794000,0.300121,0.476288,0.195417,0.707043,-0.707171,0.000085,-0.000070
arm_1_left_finger,564.805000,0.300090,0.476246,0.195975,0.707042,-0.707171,0.000015,0.000001
arm_1_left_finger,564.815000,0.300060,0.476208,0.196474,0.707042,-0.707171,-0.000001,0.000018
arm_1_left_finger,564.825000,0.300029,0.476170,0.196964,0.707042,-0.707172,-0.000005,0.000022
arm_1_left_finger,564.835000,0.299999,0.476133,0.197445,0.707042,-0.707172,-0.000007,0.000025
arm_1_left_finger,564.843000,0.299975,0.476103,0.197824,0.707042,-0.707172,-0.000006,0.000025
arm_1_left_finger,564.852000,0.299969,0.476070,0.198237,0.707041,-0.707172,0.000082,-0.000062
arm_1_left_finger,564.859000,0.299949,0.476044,0.198558,0.707041,-0.707172,0.000027,-0.000006
arm_1_left_finger,564.869000,0.299921,0.476008,0.199009,0.707041,-0.707173,0.000003,0.000019
arm_1_left_finger,564.879000,0.299891,0.475972,0.199452,0.707041,-0.707173,-0.000005,0.000028
arm_1_left_finger,564.888000,0.299865,0.475940,0.199842,0.707041,-0.707173,-0.000007,0.000031
arm_1_left_finger,564.897000,0.299839,0.475908,0.200226,0.707040,-0.707173,-0.000007,0.000031
arm_1_left_finger,564.906000,0.299814,0.475876,0.200603,0.707040,-0.707173,-0.000006,0.000031
arm_1_left_finger,564.913000,0.299795,0.475853,0.200884,0.707040,-0.707173,-0.000004,0.000030
arm_1_left_finger,564.922000,0.299770,0.475822,0.201248,0.707040,-0.707174,-0.000003,0.000029
arm_1_left_finger,564.928000,0.299754,0.475802,0.201487,0.707040,-0.707174,-0.000004,0.000030
arm_1_left_finger,564.938000,0.299749,0.475768,0.201871,0.707040,-0.707174,0.000040,-0.000013
arm_1_left_finger,564.944000,0.299734,0.475749,0.202102,0.707040,-0.707174,0.000017,0.000011
arm_1_left_finger,564.954000,0.299708,0.475716,0.202479,0.707039,-0.707174,0.000001,0.000028
arm_1_left_finger,564.961000,0.299690,0.475694,0.202737,0.707039,-0.707174,-0.000003,0.000032
arm_1_left_finger,564.968000,0.299672,0.475671,0.202992,0.707039,-0.707174,-0.000005,0.000035
arm_1_left_finger,564.976000,0.299651,0.475647,0.203275,0.707039,-0.707174,-0.000005,0.000035
arm_1_left_finger,564.985000,0.299629,0.475619,0.203588,0.707039,-0.707175,-0.000004,0.000034
arm_1_left_finger,564.993000,0.299609,0.475595,0.203859,0.707039,-0.707175,-0.000004,0.000035
arm_1_left_finger,565.003000,0.299585,0.475565,0.204193,0.707039,-0.707175,-0.000003,0.000034
arm_1_left_finger,565.011000,0.299566,0.475542,0.204455,0.707039,-0.707175,-0.000002,0.000034
arm_1_left_finger,565.017000,0.299552,0.475525,0.204646,0.707039,-0.707175,-0.000002,0.000034
arm_1_left_finger,565.025000,0.299534,0.475502,0.204897,0.707038,-0.707175,-0.000001,0.000034
arm_1_left_finger,565.035000,0.299512,0.475474,0.205200,0.707038,-0.707175,-0.000000,0.000034
arm_1_left_finger,565.042000,0.299497,0.475455,0.205407,0.707038,-0.707175,0.000001,0.000033
arm_1_left_finger,565.052000,0.299477,0.475429,0.205695,0.707038,-0.707175,0.000002,0.000033
arm_1_left_finger,565.061000,0.299459,0.475406,0.205950,0.707038,-0.707176,0.000003,0.000033
arm_1_left_finger,565.069000,0.299443,0.475385,0.206169,0.707038,-0.707176,0.000003,0.000032
arm_1_left_finger,565.075000,0.299432,0.475371,0.206326,0.707038,-0.707176,0.000004,0.000032
arm_1_left_finger,565.084000,0.299435,0.475349,0.206553,0.707038,-0.707176,0.000106,-0.000069
arm_1_left_finger,565.091000,0.299423,0.475332,0.206728,0.707038,-0.707176,0.000040,-0.000003
arm_1_left_finger,565.097000,0.299413,0.475318,0.206879,0.707038,-0.707176,0.000020,0.000017
arm_1_left_finger,565.106000,0.299397,0.475298,0.207097,0.707037,-0.707176,0.000007,0.000030
arm_1_left_finger,565.116000,0.299379,0.475275,0.207333,0.707037,-0.707176,0.000002,0.000036
arm_1_left_finger,565.123000,0.299404,0.475260,0.207480,0.707037,-0.707176,0.000173,-0.000133
arm_1_left_finger,565.133000,0.299390,0.475239,0.207699,0.707037,-0.707176,0.000037,0.000002
arm_1_left_finger,565.143000,0.299389,0.475219,0.207905,0.707037,-0.707176,0.000120,-0.000079
arm_1_left_finger,565.153000,0.299393,0.475200,0.208101,0.707037,-0.707177,0.000091,-0.000050
arm_1_left_finger,565.164000,0.299391,0.475179,0.208308,0.707037,-0.707177,0.000072,-0.000030
arm_1_left_finger,565.174000,0.299373,0.475162,0.208492,0.707037,-0.707177,0.000001,0.000041
arm_1_left_finger,565.184000,0.299355,0.475145,0.208667,0.707037,-0.707177,-0.000014,0.000056
arm_1_left_finger,565.194000,0.299337,0.475129,0.208834,0.707037,-0.707177,-0.000017,0.000059
arm_1_left_finger,565.204000,0.299320,0.475114,0.208991,0.707037,-0.707177,-0.000017,0.000059
arm_1_left_finger,565.214000,0.299305,0.475100,0.209140,0.707037,-0.707177,-0.000015,0.000057
arm_1_left_finger,565.224000,0.299308,0.475086,0.209273,0.707037,-0.707177,0.000066,-0.000023
arm_1_left_finger,565.235000,0.299294,0.475072,0.209416,0.707036,-0.707177,0.000003,0.000040
arm_1_left_finger,565.246000,0.299280,0.475059,0.209548,0.707036,-0.707177,-0.000008,0.000051
arm_1_left_finger,565.256000,0.299268,0.475049,0.209660,0.707036,-0.707177,-0.000010,0.000054
arm_1_left_finger,565.266000,0.299256,0.475039,0.209762,0.707036,-0.707177,-0.000010,0.000054
arm_1_left_finger,565.277000,0.299244,0.475029,0.209864,0.707036,-0.707177,-0.000009,0.000052
arm_1_left_finger,565.288000,0.299234,0.475020,0.209955,0.707036,-0.707177,-0.000007,0.000051
arm_1_left_finger,565.298000,0.299244,0.475013,0.210023,0.707036,-0.707177,0.000103,-0.000059
arm_1_left_finger,565.308000,0.299255,0.475006,0.210081,0.707036,-0.707177,0.000086,-0.000041
arm_1_left_finger,565.319000,0.299247,0.475000,0.210143,0.707036,-0.707177,0.000008,0.000037
arm_1_left_finger,565.329000,0.299257,0.474996,0.210184,0.707036,-0.707177,0.000059,-0.000014
arm_1_left_finger,565.339000,0.299268,0.474992,0.210220,0.707036,-0.707177,0.000092,-0.000047
arm_1_left_finger,565.349000,0.299260,0.474988,0.210255,0.707036,-0.707177,0.000006,0.000039
arm_1_left_finger,565.356000,0.299255,0.474986,0.210277,0.707036,-0.707177,-0.000008,0.000053
arm_1_left_finger,565.366000,0.299248,0.474984,0.210304,0.707036,-0.707178,-0.000013,0.000058
arm_1_left_finger,565.376000,0.299241,0.474982,0.210328,0.707036,-0.707178,-0.000014,0.000059
arm_1_left_finger,565.385000,0.299253,0.474980,0.210341,0.707036,-0.707178,0.000020,0.000025
arm_1_left_finger,565.395000,0.299248,0.474979,0.210346,0.707036,-0.707178,-0.000006,0.000051
arm_1_left_finger,565.405000,0.299246,0.474979,0.210340,0.707036,-0.707178,-0.000010,0.000055
arm_1_left_finger,565.416000,0.299245,0.474977,0.210335,0.707036,-0.707178,-0.000011,0.000056
arm_1_left_finger,565.426000,0.299265,0.474971,0.210325,0.707035,-0.707178,0.000098,-0.000052
arm_1_left_finger,565.437000,0.299280,0.474961,0.210319,0.707035,-0.707178,0.000017,0.000029
arm_1_left_finger,565.447000,0.299293,0.474949,0.210316,0.707035,-0.707178,-0.000005,0.000051
arm_1_left_finger,565.457000,0.299312,0.474931,0.210314,0.707036,-0.707178,-0.000008,0.000054
arm_1_left_finger,565.467000,0.299337,0.474910,0.210312,0.707036,-0.707178,-0.000008,0.000054
arm_1_left_finger,565.477000,0.299370,0.474882,0.210310,0.707036,-0.707178,-0.000008,0.000053
arm_1_left_finger,565.487000,0.299409,0.474850,0.210309,0.707036,-0.707178,-0.000006,0.000052
arm_1_left_finger,565.498000,0.299462,0.474807,0.210307,0.707036,-0.707178,-0.000005,0.000050
arm_1_left_finger,565.508000,0.299541,0.474762,0.210299,0.707032,-0.707182,0.000067,-0.000021
arm_1_left_finger,565.518000,0.299622,0.474712,0.210292,0.707027,-0.707186,0.000109,-0.000063
arm_1_left_finger,565.529000,0.299721,0.474648,0.210285,0.707028,-0.707185,0.000077,-0.000031
arm_1_left_finger,565.540000,0.299823,0.474576,0.210281,0.707029,-0.707184,0.000037,0.000009
arm_1_left_finger,565.550000,0.299910,0.474505,0.210281,0.707030,-0.707183,-0.000006,0.000052
arm_1_left_finger,565.560000,0.300007,0.474426,0.210281,0.707031,-0.707182,-0.000015,0.000061
arm_1_left_finger,565.571000,0.300123,0.474332,0.210281,0.707032,-0.707181,-0.000016,0.000062
arm_1_left_finger,565.581000,0.300239,0.474239,0.210281,0.707033,-0.707181,-0.000015,0.000061
arm_1_left_finger,565.592000,0.300401,0.474130,0.210273,0.707024,-0.707189,0.000069,-0.000023
arm_1_left_finger,565.603000,0.300565,0.474011,0.210268,0.707026,-0.707187,0.000049,-0.000003
arm_1_left_finger,565.614000,0.300748,0.473886,0.210260,0.707016,-0.707197,0.000090,-0.000043
arm_1_left_finger,565.625000,0.300937,0.473750,0.210254,0.707019,-0.707194,0.000061,-0.000015
arm_1_left_finger,565.636000,0.301116,0.473606,0.210254,0.707022,-0.707191,-0.000008,0.000054
arm_1_left_finger,565.647000,0.301306,0.473453,0.210254,0.707024,-0.707189,-0.000022,0.000068
arm_1_left_finger,565.657000,0.301488,0.473306,0.210254,0.707026,-0.707187,-0.000024,0.000070
arm_1_left_finger,565.668000,0.301699,0.473137,0.210254,0.707028,-0.707186,-0.000024,0.000069
arm_1_left_finger,565.679000,0.301922,0.472959,0.210254,0.707029,-0.707184,-0.000021,0.000066
arm_1_left_finger,565.690000,0.302157,0.472772,0.210253,0.707030,-0.707183,-0.000018,0.000064
arm_1_left_finger,565.701000,0.302432,0.472576,0.210243,0.707031,-0.707182,0.000055,-0.000008
arm_1_left_finger,565.712000,0.302702,0.472372,0.210238,0.707032,-0.707181,0.000039,0.000007
arm_1_left_finger,565.722000,0.302953,0.472178,0.210235,0.707033,-0.707181,0.000015,0.000031
arm_1_left_finger,565.732000,0.303204,0.471977,0.210234,0.707033,-0.707180,-0.000013,0.000058
arm_1_left_finger,565.743000,0.303508,0.471747,0.210227,0.707034,-0.707180,0.000063,-0.000016
arm_1_left_finger,565.754000,0.303822,0.471510,0.210221,0.707034,-0.707179,0.000045,0.000002
arm_1_left_finger,565.765000,0.304137,0.471262,0.210218,0.707035,-0.707179,-0.000000,0.000046
arm_1_left_finger,565.776000,0.304457,0.471006,0.210217,0.707035,-0.707179,-0.000018,0.000064
arm_1_left_finger,565.786000,0.304775,0.470765,0.210210,0.707035,-0.707178,0.000058,-0.000010
arm_1_left_finger,565.796000,0.305098,0.470517,0.210205,0.707036,-0.707178,0.000043,0.000004
arm_1_left_finger,565.806000,0.305424,0.470261,0.210201,0.707036,-0.707178,0.000004,0.000043
arm_1_left_finger,565.816000,0.305773,0.469997,0.210193,0.707036,-0.707178,0.000060,-0.000012
arm_1_left_finger,565.825000,0.306089,0.469754,0.210187,0.707036,-0.707177,0.000045,0.000003
arm_1_left_finger,565.835000,0.306464,0.469476,0.210176,0.707036,-0.707177,0.000084,-0.000035
arm_1_left_finger,565.845000,0.306847,0.469191,0.210165,0.707036,-0.707177,0.000096,-0.000047
arm_1_left_finger,565.855000,0.307227,0.468898,0.210158,0.707037,-0.707177,0.000057,-0.000008
arm_1_left_finger,565.866000,0.307639,0.468568,0.210155,0.707037,-0.707177,-0.000011,0.000059
arm_1_left_finger,565.876000,0.308030,0.468258,0.210150,0.707037,-0.707177,0.000029,0.000020
arm_1_left_finger,565.887000,0.308466,0.467910,0.210146,0.707037,-0.707177,0.000006,0.000042
arm_1_left_finger,565.898000,0.308914,0.467552,0.210141,0.707037,-0.707177,0.000000,0.000048
arm_1_left_finger,565.908000,0.309340,0.467219,0.210133,0.707037,-0.707177,0.000027,0.000022
arm_1_left_finger,565.918000,0.309766,0.466877,0.210129,0.707037,-0.707177,0.000006,0.000042
arm_1_left_finger,565.926000,0.310112,0.466599,0.210126,0.707037,-0.707177,0.000001,0.000047
arm_1_left_finger,565.936000,0.310552,0.466245,0.210122,0.707037,-0.707176,-0.000003,0.000050
arm_1_left_finger,565.946000,0.311010,0.465881,0.210114,0.707037,-0.707176,0.000046,0.000002
arm_1_left_finger,565.956000,0.311473,0.465511,0.210108,0.707037,-0.707176,0.000024,0.000024
arm_1_left_finger,565.967000,0.311990,0.465094,0.210102,0.707037,-0.707176,0.000012,0.000034
arm_1_left_finger,565.977000,0.312468,0.464707,0.210097,0.707037,-0.707176,0.000005,0.000041
arm_1_left_finger,565.987000,0.312953,0.464311,0.210092,0.707037,-0.707176,-0.000002,0.000049
arm_1_left_finger,565.999000,0.313544,0.463827,0.210087,0.707037,-0.707176,-0.000010,0.000056
arm_1_left_finger,566.011000,0.314147,0.463330,0.210082,0.707037,-0.707176,-0.000015,0.000061
arm_1_left_finger,566.023000,0.314761,0.462822,0.210076,0.707037,-0.707176,-0.000017,0.000063
arm_1_left_finger,566.035000,0.315388,0.462303,0.210071,0.707037,-0.707176,-0.000018,0.000063
arm_1_left_finger,566.047000,0.316027,0.461772,0.210066,0.707037,-0.707176,-0.000018,0.000063
arm_1_left_finger,566.060000,0.316734,0.461183,0.210060,0.707038,-0.707176,-0.000017,0.000062
arm_1_left_finger,566.072000,0.317399,0.460628,0.210054,0.707038,-0.707176,-0.000016,0.000061
arm_1_left_finger,566.083000,0.318020,0.460108,0.210048,0.707038,-0.707176,-0.000015,0.000059
arm_1_left_finger,566.095000,0.318710,0.459530,0.210042,0.707038,-0.707176,-0.000013,0.000058
arm_1_left_finger,566.107000,0.319412,0.458939,0.210035,0.707038,-0.707176,-0.000012,0.000056
arm_1_left_finger,566.119000,0.320126,0.458337,0.210028,0.707038,-0.707176,-0.000010,0.000054
arm_1_left_finger,566.131000,0.320860,0.457723,0.210019,0.707038,-0.707176,0.000016,0.000028
arm_1_left_finger,566.143000,0.321605,0.457096,0.210009,0.707038,-0.707176,0.000013,0.000032
arm_1_left_finger,566.156000,0.322424,0.456404,0.210000,0.707038,-0.707176,0.000010,0.000034
arm_1_left_finger,566.168000,0.323192,0.455752,0.209991,0.707038,-0.707175,0.000008,0.000036
arm_1_left_finger,566.181000,0.324037,0.455032,0.209981,0.707038,-0.707175,0.000006,0.000038
arm_1_left_finger,566.193000,0.324829,0.454354,0.209972,0.707038,-0.707175,0.000005,0.000039
arm_1_left_finger,566.205000,0.325633,0.453664,0.209962,0.707038,-0.707175,0.000004,0.000040
arm_1_left_finger,566.217000,0.326452,0.452962,0.209951,0.707038,-0.707175,0.000020,0.000024
arm_1_left_finger,566.229000,0.327282,0.452246,0.209941,0.707038,-0.707175,0.000016,0.000028
arm_1_left_finger,566.242000,0.328193,0.451457,0.209929,0.707039,-0.707175,0.000012,0.000031
arm_1_left_finger,566.255000,0.329114,0.450653,0.209919,0.707039,-0.707175,0.000001,0.000042
arm_1_left_finger,566.268000,0.330047,0.449834,0.209909,0.707039,-0.707175,-0.000004,0.000048
arm_1_left_finger,566.280000,0.330916,0.449065,0.209900,0.707039,-0.707175,-0.000013,0.000057
arm_1_left_finger,566.292000,0.331798,0.448283,0.209891,0.707039,-0.707175,-0.000011,0.000055
arm_1_left_finger,566.303000,0.332615,0.447554,0.209882,0.707039,-0.707175,-0.000015,0.000059
arm_1_left_finger,566.315000,0.333517,0.446747,0.209873,0.707039,-0.707175,-0.000016,0.000060
arm_1_left_finger,566.328000,0.334506,0.445857,0.209863,0.707039,-0.707175,-0.000015,0.000059
arm_1_left_finger,566.340000,0.335431,0.445022,0.209853,0.707039,-0.707174,-0.000030,0.000073
arm_1_left_finger,566.353000,0.336439,0.444103,0.209845,0.707039,-0.707174,-0.000036,0.000080
arm_1_left_finger,566.365000,0.337392,0.443240,0.209833,0.707039,-0.707174,0.000042,0.000001
arm_1_left_finger,566.376000,0.338270,0.442437,0.209824,0.707039,-0.707174,-0.000004,0.000047
arm_1_left_finger,566.387000,0.339157,0.441623,0.209814,0.707039,-0.707174,-0.000011,0.000054
arm_1_left_finger,566.398000,0.340053,0.440798,0.209804,0.707040,-0.707174,-0.000011,0.000054
arm_1_left_finger,566.409000,0.340959,0.439961,0.209794,0.707040,-0.707174,-0.000010,0.000052
arm_1_left_finger,566.419000,0.341815,0.439190,0.209777,0.707040,-0.707174,0.000138,-0.000094
arm_1_left_finger,566.429000,0.342654,0.438409,0.209767,0.707040,-0.707174,0.000020,0.000024
arm_1_left_finger,566.439000,0.343499,0.437619,0.209758,0.707040,-0.707174,-0.000005,0.000048
arm_1_left_finger,566.450000,0.344436,0.436738,0.209748,0.707040,-0.707174,-0.000009,0.000052
arm_1_left_finger,566.461000,0.345395,0.435846,0.209733,0.707040,-0.707173,0.000019,0.000024
arm_1_left_finger,566.472000,0.346349,0.434942,0.209722,0.707040,-0.707173,-0.000006,0.000049
arm_1_left_finger,566.483000,0.347311,0.434026,0.209712,0.707040,-0.707173,-0.000010,0.000053
arm_1_left_finger,566.494000,0.348282,0.433098,0.209701,0.707040,-0.707173,-0.000009,0.000051
arm_1_left_finger,566.505000,0.349262,0.432158,0.209689,0.707040,-0.707173,-0.000008,0.000050
arm_1_left_finger,566.516000,0.350250,0.431206,0.209678,0.707040,-0.707173,-0.000006,0.000049
arm_1_left_finger,566.527000,0.351246,0.430241,0.209666,0.707041,-0.707173,-0.000005,0.000047
arm_1_left_finger,566.538000,0.352250,0.429265,0.209654,0.707041,-0.707173,-0.000004,0.000047
arm_1_left_finger,566.549000,0.353262,0.428276,0.209642,0.707041,-0.707173,-0.000004,0.000045
arm_1_left_finger,566.560000,0.354282,0.427275,0.209629,0.707041,-0.707173,-0.000003,0.000045
arm_1_left_finger,566.571000,0.355310,0.426261,0.209617,0.707041,-0.707173,-0.000004,0.000046
arm_1_left_finger,566.581000,0.356250,0.425329,0.209606,0.707041,-0.707173,-0.000005,0.000047
arm_1_left_finger,566.592000,0.357292,0.424291,0.209593,0.707041,-0.707172,-0.000005,0.000047
arm_1_left_finger,566.604000,0.358437,0.423144,0.209579,0.707041,-0.707172,-0.000004,0.000045
arm_1_left_finger,566.616000,0.359591,0.421983,0.209565,0.707041,-0.707172,-0.000003,0.000044
arm_1_left_finger,566.628000,0.360754,0.420806,0.209551,0.707041,-0.707172,-0.000002,0.000043
arm_1_left_finger,566.641000,0.362024,0.419514,0.209535,0.707042,-0.707172,-0.000002,0.000043
arm_1_left_finger,566.654000,0.363304,0.418203,0.209519,0.707042,-0.707172,-0.000001,0.000042
arm_1_left_finger,566.666000,0.364494,0.416978,0.209503,0.707042,-0.707172,-0.000001,0.000041
arm_1_left_finger,566.679000,0.365792,0.415633,0.209487,0.707042,-0.707172,-0.000000,0.000041
arm_1_left_finger,566.692000,0.367100,0.414269,0.209470,0.707042,-0.707172,0.000000,0.000041
arm_1_left_finger,566.705000,0.368418,0.412887,0.209453,0.707042,-0.707171,0.000000,0.000040
arm_1_left_finger,566.717000,0.369642,0.411594,0.209437,0.707042,-0.707171,0.000000,0.000040
arm_1_left_finger,566.729000,0.370874,0.410285,0.209421,0.707042,-0.707171,0.000001,0.000040
arm_1_left_finger,566.741000,0.372113,0.408961,0.209405,0.707042,-0.707171,0.000001,0.000039
arm_1_left_finger,566.753000,0.373361,0.407620,0.209388,0.707043,-0.707171,0.000006,0.000034
arm_1_left_finger,566.765000,0.374616,0.406263,0.209371,0.707043,-0.707171,0.000005,0.000035
arm_1_left_finger,566.778000,0.375983,0.404775,0.209353,0.707043,-0.707171,0.000004,0.000036
arm_1_left_finger,566.791000,0.377360,0.403267,0.209334,0.707043,-0.707171,0.000007,0.000033
arm_1_left_finger,566.803000,0.378655,0.401857,0.209311,0.707043,-0.707170,0.000129,-0.000089
arm_1_left_finger,566.815000,0.379974,0.400431,0.209283,0.707043,-0.707170,0.000134,-0.000094
arm_1_left_finger,566.828000,0.381396,0.398867,0.209257,0.707043,-0.707170,0.000076,-0.000037
arm_1_left_finger,566.842000,0.382921,0.397161,0.209233,0.707044,-0.707170,0.000040,-0.000000
arm_1_left_finger,566.856000,0.384450,0.395433,0.209210,0.707044,-0.707170,0.000027,0.000012
arm_1_left_finger,566.870000,0.385987,0.393681,0.209187,0.707044,-0.707170,0.000021,0.000018
arm_1_left_finger,566.884000,0.387530,0.391905,0.209164,0.707044,-0.707170,0.000018,0.000021
arm_1_left_finger,566.897000,0.388969,0.390235,0.209143,0.707044,-0.707169,0.000015,0.000023
arm_1_left_finger,566.911000,0.390526,0.388414,0.209120,0.707044,-0.707169,0.000013,0.000025
arm_1_left_finger,566.925000,0.392091,0.386568,0.209097,0.707044,-0.707169,0.000015,0.000024
arm_1_left_finger,566.940000,0.393777,0.384563,0.209072,0.707045,-0.707169,0.000015,0.000023
arm_1_left_finger,566.954000,0.395357,0.382667,0.209048,0.707045,-0.707169,0.000014,0.000024
arm_1_left_finger,566.968000,0.396941,0.380748,0.209025,0.707045,-0.707169,0.000012,0.000026
arm_1_left_finger,566.982000,0.398529,0.378809,0.209001,0.707045,-0.707169,0.000011,0.000027
arm_1_left_finger,566.996000,0.400117,0.376851,0.208977,0.707045,-0.707168,0.000009,0.000029
arm_1_left_finger,567.011000,0.401818,0.374734,0.208952,0.707045,-0.707168,0.000008,0.000030
arm_1_left_finger,567.026000,0.403515,0.372601,0.208926,0.707046,-0.707168,0.000006,0.000031
arm_1_left_finger,567.041000,0.405207,0.370454,0.208901,0.707046,-0.707168,0.000005,0.000032
arm_1_left_finger,567.055000,0.406781,0.368437,0.208878,0.707046,-0.707168,0.000003,0.000034
arm_1_left_finger,567.069000,0.408348,0.366410,0.208854,0.707046,-0.707167,-0.000001,0.000037
arm_1_left_finger,567.084000,0.410018,0.364227,0.208830,0.707046,-0.707167,-0.000005,0.000042
arm_1_left_finger,567.098000,0.411568,0.362180,0.208807,0.707046,-0.707167,-0.000010,0.000046
arm_1_left_finger,567.113000,0.413219,0.359978,0.208783,0.707047,-0.707167,-0.000015,0.000051
arm_1_left_finger,567.128000,0.414859,0.357766,0.208760,0.707047,-0.707167,-0.000019,0.000055
arm_1_left_finger,567.142000,0.416380,0.355693,0.208738,0.707047,-0.707167,-0.000021,0.000057
arm_1_left_finger,567.157000,0.418001,0.353464,0.208715,0.707047,-0.707166,-0.000023,0.000059
arm_1_left_finger,567.172000,0.419610,0.351227,0.208693,0.707047,-0.707166,-0.000024,0.000060
arm_1_left_finger,567.186000,0.421104,0.349131,0.208671,0.707047,-0.707166,-0.000025,0.000060
arm_1_left_finger,567.201000,0.422693,0.346878,0.208648,0.707048,-0.707166,-0.000025,0.000060
arm_1_left_finger,567.214000,0.424063,0.344919,0.208628,0.707048,-0.707166,-0.000025,0.000060
arm_1_left_finger,567.228000,0.425529,0.342803,0.208607,0.707048,-0.707166,-0.000024,0.000059
arm_1_left_finger,567.242000,0.426987,0.340681,0.208585,0.707048,-0.707165,-0.000023,0.000058
arm_1_left_finger,567.256000,0.428435,0.338552,0.208564,0.707048,-0.707165,-0.000022,0.000057
arm_1_left_finger,567.269000,0.429772,0.336569,0.208544,0.707048,-0.707165,-0.000021,0.000056
arm_1_left_finger,567.282000,0.431101,0.334581,0.208523,0.707049,-0.707165,-0.000021,0.000055
arm_1_left_finger,567.296000,0.432523,0.332435,0.208501,0.707049,-0.707165,-0.000020,0.000054
arm_1_left_finger,567.310000,0.433937,0.330281,0.208479,0.707049,-0.707165,-0.000019,0.000052
arm_1_left_finger,567.324000,0.435341,0.328122,0.208457,0.707049,-0.707164,-0.000018,0.000051
arm_1_left_finger,567.338000,0.436735,0.325957,0.208435,0.707049,-0.707164,-0.000017,0.000050
arm_1_left_finger,567.353000,0.438220,0.323630,0.208411,0.707049,-0.707164,-0.000016,0.000049
arm_1_left_finger,567.367000,0.439595,0.321452,0.208388,0.707050,-0.707164,-0.000015,0.000048
arm_1_left_finger,567.381000,0.440961,0.319269,0.208365,0.707050,-0.707164,-0.000014,0.000047
arm_1_left_finger,567.395000,0.442318,0.317079,0.208343,0.707050,-0.707164,-0.000013,0.000046
arm_1_left_finger,567.410000,0.443761,0.314727,0.208318,0.707050,-0.707163,-0.000013,0.000045
arm_1_left_finger,567.425000,0.445193,0.312368,0.208294,0.707050,-0.707163,-0.000012,0.000045
arm_1_left_finger,567.440000,0.446614,0.310003,0.208269,0.707051,-0.707163,-0.000012,0.000044
arm_1_left_finger,567.455000,0.448024,0.307631,0.208245,0.707051,-0.707163,-0.000012,0.000044
arm_1_left_finger,567.470000,0.449423,0.305252,0.208220,0.707051,-0.707163,-0.000011,0.000043
arm_1_left_finger,567.485000,0.450812,0.302867,0.208195,0.707051,-0.707162,-0.000009,0.000041
arm_1_left_finger,567.500000,0.452188,0.300476,0.208170,0.707051,-0.707162,-0.000011,0.000043
arm_1_left_finger,567.515000,0.453554,0.298079,0.208145,0.707051,-0.707162,-0.000009,0.000040
arm_1_left_finger,567.530000,0.454907,0.295675,0.208121,0.707052,-0.707162,-0.000012,0.000043
arm_1_left_finger,567.545000,0.456249,0.293266,0.208096,0.707052,-0.707162,-0.000012,0.000043
arm_1_left_finger,567.560000,0.457579,0.290850,0.208071,0.707052,-0.707162,-0.000012,0.000043
arm_1_left_finger,567.575000,0.458898,0.288428,0.208047,0.707052,-0.707161,-0.000012,0.000042
arm_1_left_finger,567.590000,0.460207,0.286000,0.208022,0.707052,-0.707161,-0.000011,0.000041
arm_1_left_finger,567.605000,0.461503,0.283566,0.207997,0.707053,-0.707161,-0.000012,0.000042
arm_1_left_finger,567.620000,0.462787,0.281126,0.207972,0.707053,-0.707161,-0.000012,0.000042
arm_1_left_finger,567.635000,0.464059,0.278681,0.207947,0.707053,-0.707161,-0.000012,0.000042
arm_1_left_finger,567.650000,0.465321,0.276229,0.207923,0.707053,-0.707161,-0.000012,0.000042
arm_1_left_finger,567.664000,0.466487,0.273936,0.207899,0.707053,-0.707160,-0.000012,0.000041
arm_1_left_finger,567.679000,0.467727,0.271474,0.207874,0.707053,-0.707160,-0.000009,0.000038
arm_1_left_finger,567.693000,0.468872,0.269170,0.207851,0.707054,-0.707160,-0.000012,0.000041
arm_1_left_finger,567.705000,0.469846,0.267192,0.207831,0.707054,-0.707160,-0.000013,0.000042
arm_1_left_finger,567.720000,0.471052,0.264715,0.207806,0.707054,-0.707160,-0.000013,0.000041
arm_1_left_finger,567.735000,0.472247,0.262232,0.207782,0.707054,-0.707159,-0.000013,0.000041
arm_1_left_finger,567.750000,0.473430,0.259743,0.207757,0.707054,-0.707159,-0.000013,0.000041
arm_1_left_finger,567.765000,0.474601,0.257249,0.207732,0.707054,-0.707159,-0.000013,0.000041
arm_1_left_finger,567.780000,0.475760,0.254750,0.207707,0.707055,-0.707159,-0.000013,0.000041
arm_1_left_finger,567.795000,0.476907,0.252246,0.207682,0.707055,-0.707159,-0.000013,0.000040
arm_1_left_finger,567.810000,0.478043,0.249737,0.207657,0.707055,-0.707159,-0.000013,0.000040
arm_1_left_finger,567.824000,0.479092,0.247390,0.207634,0.707055,-0.707158,-0.000013,0.000040
arm_1_left_finger,567.839000,0.480205,0.244870,0.207609,0.707055,-0.707158,-0.000013,0.000040
arm_1_left_finger,567.854000,0.481305,0.242346,0.207584,0.707056,-0.707158,-0.000013,0.000040
arm_1_left_finger,567.869000,0.482394,0.239817,0.207559,0.707056,-0.707158,-0.000014,0.000040
arm_1_left_finger,567.884000,0.483470,0.237283,0.207534,0.707056,-0.707158,-0.000014,0.000040
arm_1_left_finger,567.899000,0.484535,0.234744,0.207509,0.707056,-0.707158,-0.000014,0.000040
arm_1_left_finger,567.914000,0.485587,0.232200,0.207484,0.707056,-0.707157,-0.000014,0.000040
arm_1_left_finger,567.929000,0.486628,0.229651,0.207459,0.707056,-0.707157,-0.000014,0.000040
arm_1_left_finger,567.944000,0.487656,0.227098,0.207434,0.707057,-0.707157,-0.000014,0.000039
arm_1_left_finger,567.958000,0.488604,0.224711,0.207411,0.707057,-0.707157,-0.000015,0.000040
arm_1_left_finger,567.973000,0.489609,0.222149,0.207386,0.707057,-0.707157,-0.000015,0.000040
arm_1_left_finger,567.988000,0.490602,0.219582,0.207361,0.707057,-0.707156,-0.000015,0.000039
arm_1_left_finger,568.002000,0.491517,0.217183,0.207337,0.707057,-0.707156,-0.000015,0.000039
arm_1_left_finger,568.017000,0.492486,0.214608,0.207312,0.707057,-0.707156,-0.000015,0.000039
arm_1_left_finger,568.032000,0.493443,0.212029,0.207287,0.707058,-0.707156,-0.000015,0.000039
arm_1_left_finger,568.047000,0.494387,0.209445,0.207262,0.707058,-0.707156,-0.000016,0.000039
arm_1_left_finger,568.061000,0.495257,0.207030,0.207239,0.707058,-0.707156,-0.000016,0.000039
arm_1_left_finger,568.076000,0.496178,0.204438,0.207214,0.707058,-0.707155,-0.000016,0.000039
arm_1_left_finger,568.091000,0.497086,0.201842,0.207189,0.707058,-0.707155,-0.000016,0.000039
arm_1_left_finger,568.106000,0.497982,0.199242,0.207164,0.707059,-0.707155,-0.000016,0.000039
arm_1_left_finger,568.121000,0.498866,0.196638,0.207139,0.707059,-0.707155,-0.000017,0.000039
arm_1_left_finger,568.135000,0.499680,0.194205,0.207116,0.707059,-0.707155,-0.000017,0.000039
arm_1_left_finger,568.150000,0.500539,0.191593,0.207090,0.707059,-0.707154,-0.000017,0.000039
arm_1_left_finger,568.164000,0.501331,0.189152,0.207067,0.707059,-0.707154,-0.000017,0.000039
arm_1_left_finger,568.179000,0.502167,0.186534,0.207042,0.707059,-0.707154,-0.000017,0.000038
arm_1_left_finger,568.194000,0.502990,0.183911,0.207017,0.707060,-0.707154,-0.000017,0.000038
arm_1_left_finger,568.208000,0.503748,0.181461,0.206993,0.707060,-0.707154,-0.000017,0.000038
arm_1_left_finger,568.220000,0.504390,0.179357,0.206973,0.707060,-0.707154,-0.000011,0.000033
arm_1_left_finger,568.232000,0.505060,0.177252,0.206941,0.707060,-0.707154,0.000076,-0.000054
arm_1_left_finger,568.244000,0.505687,0.175144,0.206920,0.707060,-0.707153,0.000003,0.000018
arm_1_left_finger,568.256000,0.506307,0.173034,0.206899,0.707060,-0.707153,-0.000004,0.000025
arm_1_left_finger,568.269000,0.506958,0.170782,0.206877,0.707060,-0.707153,-0.000006,0.000027
arm_1_left_finger,568.282000,0.507613,0.168485,0.206855,0.707061,-0.707153,-0.000007,0.000028
arm_1_left_finger,568.294000,0.508207,0.166363,0.206834,0.707061,-0.707153,-0.000012,0.000032
arm_1_left_finger,568.306000,0.508793,0.164240,0.206813,0.707061,-0.707153,-0.000011,0.000031
arm_1_left_finger,568.318000,0.509371,0.162116,0.206793,0.707061,-0.707152,-0.000013,0.000032
arm_1_left_finger,568.331000,0.509988,0.159813,0.206770,0.707061,-0.707152,-0.000009,0.000029
arm_1_left_finger,568.344000,0.510595,0.157508,0.206748,0.707061,-0.707152,-0.000014,0.000033
arm_1_left_finger,568.356000,0.511147,0.155380,0.206727,0.707062,-0.707152,-0.000011,0.000031
arm_1_left_finger,568.369000,0.511734,0.153071,0.206705,0.707062,-0.707152,-0.000015,0.000034
arm_1_left_finger,568.381000,0.512269,0.150939,0.206685,0.707062,-0.707152,-0.000012,0.000031
arm_1_left_finger,568.393000,0.512795,0.148805,0.206664,0.707062,-0.707152,-0.000015,0.000034
arm_1_left_finger,568.405000,0.513314,0.146670,0.206643,0.707062,-0.707151,-0.000012,0.000031
arm_1_left_finger,568.418000,0.513867,0.144354,0.206621,0.707062,-0.707151,-0.000010,0.000028
arm_1_left_finger,568.433000,0.514494,0.141680,0.206595,0.707062,-0.707151,-0.000011,0.000029
arm_1_left_finger,568.448000,0.515107,0.139004,0.206569,0.707063,-0.707151,-0.000015,0.000032
arm_1_left_finger,568.463000,0.515705,0.136325,0.206544,0.707063,-0.707151,-0.000019,0.000037
arm_1_left_finger,568.477000,0.516251,0.133822,0.206521,0.707063,-0.707151,-0.000023,0.000040
arm_1_left_finger,568.491000,0.516785,0.131318,0.206498,0.707063,-0.707150,-0.000026,0.000043
arm_1_left_finger,568.506000,0.517338,0.128665,0.206474,0.707063,-0.707150,-0.000027,0.000044
arm_1_left_finger,568.521000,0.517887,0.125970,0.206449,0.707064,-0.707150,-0.000026,0.000043
arm_1_left_finger,568.536000,0.518422,0.123273,0.206424,0.707064,-0.707150,-0.000026,0.000042
arm_1_left_finger,568.550000,0.518911,0.120756,0.206401,0.707064,-0.707150,-0.000026,0.000042
arm_1_left_finger,568.565000,0.519422,0.118058,0.206376,0.707064,-0.707150,-0.000025,0.000041
arm_1_left_finger,568.580000,0.519920,0.115358,0.206352,0.707064,-0.707149,-0.000025,0.000040
arm_1_left_finger,568.594000,0.520373,0.112837,0.206328,0.707064,-0.707149,-0.000024,0.000040
arm_1_left_finger,568.607000,0.520781,0.110512,0.206307,0.707065,-0.707149,-0.000024,0.000039
arm_1_left_finger,568.620000,0.521184,0.108166,0.206285,0.707065,-0.707149,-0.000023,0.000038
arm_1_left_finger,568.634000,0.521607,0.105638,0.206262,0.707065,-0.707149,-0.000023,0.000037
arm_1_left_finger,568.647000,0.521989,0.103290,0.206240,0.707065,-0.707149,-0.000022,0.000037
arm_1_left_finger,568.660000,0.522362,0.100941,0.206218,0.707065,-0.707148,-0.000022,0.000036
arm_1_left_finger,568.669000,0.522614,0.099322,0.206203,0.707065,-0.707148,-0.000021,0.000035
arm_1_left_finger,568.681000,0.522934,0.097217,0.206183,0.707065,-0.707148,-0.000022,0.000036
arm_1_left_finger,568.695000,0.523310,0.094670,0.206160,0.707066,-0.707148,-0.000021,0.000035
arm_1_left_finger,568.710000,0.523701,0.091944,0.206134,0.707066,-0.707148,-0.000021,0.000034
arm_1_left_finger,568.725000,0.524078,0.089218,0.206109,0.707066,-0.707148,-0.000021,0.000034
arm_1_left_finger,568.740000,0.524443,0.086494,0.206083,0.707066,-0.707147,-0.000021,0.000034
arm_1_left_finger,568.755000,0.524795,0.083769,0.206057,0.707066,-0.707147,-0.000018,0.000031
arm_1_left_finger,568.770000,0.525133,0.081045,0.206032,0.707067,-0.707147,-0.000021,0.000034
arm_1_left_finger,568.785000,0.525458,0.078321,0.206006,0.707067,-0.707147,-0.000022,0.000034
arm_1_left_finger,568.800000,0.525770,0.075596,0.205981,0.707067,-0.707147,-0.000019,0.000031
arm_1_left_finger,568.815000,0.526069,0.072871,0.205955,0.707067,-0.707147,-0.000022,0.000034
arm_1_left_finger,568.830000,0.526355,0.070145,0.205930,0.707067,-0.707146,-0.000023,0.000034
arm_1_left_finger,568.845000,0.526627,0.067418,0.205905,0.707067,-0.707146,-0.000023,0.000034
arm_1_left_finger,568.860000,0.526889,0.064691,0.205879,0.707068,-0.707146,-0.000018,0.000029
arm_1_left_finger,568.873000,0.527104,0.062326,0.205857,0.707068,-0.707146,-0.000022,0.000033
arm_1_left_finger,568.886000,0.527308,0.059962,0.205835,0.707068,-0.707146,-0.000024,0.000034
arm_1_left_finger,568.899000,0.527504,0.057596,0.205813,0.707068,-0.707145,-0.000024,0.000034
arm_1_left_finger,568.912000,0.527690,0.055231,0.205791,0.707068,-0.707145,-0.000021,0.000031
arm_1_left_finger,568.915000,0.527731,0.054685,0.205786,0.707068,-0.707145,-0.000022,0.000033
arm_1_left_finger,568.926000,0.527879,0.052682,0.205767,0.707068,-0.707145,-0.000024,0.000034
arm_1_left_finger,568.940000,0.528056,0.050134,0.205744,0.707069,-0.707145,-0.000025,0.000035
arm_1_left_finger,568.954000,0.528223,0.047584,0.205720,0.707069,-0.707145,-0.000025,0.000035
arm_1_left_finger,568.968000,0.528378,0.045035,0.205697,0.707069,-0.707145,-0.000025,0.000034
arm_1_left_finger,568.983000,0.528532,0.042302,0.205671,0.707069,-0.707144,-0.000025,0.000034
arm_1_left_finger,568.997000,0.528664,0.039752,0.205648,0.707069,-0.707144,-0.000025,0.000034
arm_1_left_finger,569.012000,0.528792,0.037019,0.205622,0.707069,-0.707144,-0.000025,0.000034
arm_1_left_finger,569.027000,0.528909,0.034286,0.205597,0.707070,-0.707144,-0.000025,0.000033
arm_1_left_finger,569.042000,0.529012,0.031552,0.205572,0.707070,-0.707144,-0.000025,0.000033
arm_1_left_finger,569.057000,0.529102,0.028818,0.205546,0.707070,-0.707144,-0.000025,0.000033
arm_1_left_finger,569.072000,0.529179,0.026084,0.205521,0.707070,-0.707143,-0.000026,0.000033
arm_1_left_finger,569.087000,0.529244,0.023350,0.205496,0.707070,-0.707143,-0.000026,0.000033
arm_1_left_finger,569.102000,0.529295,0.020616,0.205470,0.707070,-0.707143,-0.000026,0.000033
arm_1_left_finger,569.117000,0.529334,0.017882,0.205445,0.707071,-0.707143,-0.000026,0.000033
arm_1_left_finger,569.132000,0.529360,0.015148,0.205420,0.707071,-0.707143,-0.000026,0.000033
arm_1_left_finger,569.147000,0.529372,0.012414,0.205394,0.707071,-0.707143,-0.000026,0.000033
arm_1_left_finger,569.160000,0.529373,0.010045,0.205372,0.707071,-0.707142,-0.000026,0.000032
arm_1_left_finger,569.173000,0.529366,0.007676,0.205350,0.707071,-0.707142,-0.000022,0.000027
arm_1_left_finger,569.186000,0.529348,0.005307,0.205327,0.707072,-0.707142,-0.000022,0.000027
arm_1_left_finger,569.199000,0.529350,0.002939,0.205296,0.707072,-0.707142,0.000116,-0.000111
arm_1_left_finger,569.211000,0.529320,0.000753,0.205274,0.707072,-0.707142,0.000003,0.000002
arm_1_left_finger,569.223000,0.529280,-0.001433,0.205253,0.707072,-0.707142,-0.000014,0.000019
arm_1_left_finger,569.236000,0.529228,-0.003801,0.205230,0.707072,-0.707141,-0.000016,0.000021
arm_1_left_finger,569.249000,0.529165,-0.006168,0.205207,0.707072,-0.707141,-0.000017,0.000021
arm_1_left_finger,569.262000,0.529092,-0.008534,0.205185,0.707072,-0.707141,-0.000021,0.000026
arm_1_left_finger,569.275000,0.529009,-0.010900,0.205162,0.707073,-0.707141,-0.000021,0.000026
arm_1_left_finger,569.288000,0.528917,-0.013266,0.205139,0.707073,-0.707141,-0.000022,0.000026
arm_1_left_finger,569.301000,0.528815,-0.015631,0.205117,0.707073,-0.707141,-0.000022,0.000025
arm_1_left_finger,569.314000,0.528703,-0.017995,0.205094,0.707073,-0.707141,-0.000021,0.000025
arm_1_left_finger,569.327000,0.528581,-0.020359,0.205072,0.707073,-0.707140,-0.000024,0.000027
arm_1_left_finger,569.340000,0.528449,-0.022722,0.205049,0.707073,-0.707140,-0.000022,0.000026
arm_1_left_finger,569.353000,0.528308,-0.025084,0.205027,0.707074,-0.707140,-0.000025,0.000028
arm_1_left_finger,569.366000,0.528157,-0.027446,0.205004,0.707074,-0.707140,-0.000024,0.000026
arm_1_left_finger,569.379000,0.527997,-0.029806,0.204982,0.707074,-0.707140,-0.000022,0.000024
arm_1_left_finger,569.392000,0.527826,-0.032166,0.204959,0.707074,-0.707140,-0.000024,0.000027
arm_1_left_finger,569.404000,0.527661,-0.034343,0.204939,0.707074,-0.707139,-0.000022,0.000024
arm_1_left_finger,569.416000,0.527487,-0.036520,0.204918,0.707074,-0.707139,-0.000022,0.000024
arm_1_left_finger,569.430000,0.527273,-0.039059,0.204894,0.707074,-0.707139,-0.000027,0.000029
arm_1_left_finger,569.445000,0.527030,-0.041777,0.204869,0.707075,-0.707139,-0.000031,0.000033
arm_1_left_finger,569.460000,0.526773,-0.044494,0.204844,0.707075,-0.707139,-0.000035,0.000036
arm_1_left_finger,569.474000,0.526521,-0.047028,0.204821,0.707075,-0.707139,-0.000035,0.000036
arm_1_left_finger,569.489000,0.526239,-0.049743,0.204796,0.707075,-0.707138,-0.000035,0.000036
arm_1_left_finger,569.504000,0.525944,-0.052455,0.204771,0.707075,-0.707138,-0.000035,0.000035
arm_1_left_finger,569.519000,0.525637,-0.055166,0.204746,0.707076,-0.707138,-0.000035,0.000035
arm_1_left_finger,569.534000,0.525317,-0.057875,0.204721,0.707076,-0.707138,-0.000034,0.000034
arm_1_left_finger,569.549000,0.524985,-0.060582,0.204696,0.707076,-0.707138,-0.000034,0.000033
arm_1_left_finger,569.564000,0.524640,-0.063288,0.204671,0.707076,-0.707138,-0.000033,0.000032
arm_1_left_finger,569.579000,0.524283,-0.065992,0.204645,0.707076,-0.707137,-0.000032,0.000032
arm_1_left_finger,569.593000,0.523938,-0.068513,0.204622,0.707076,-0.707137,-0.000032,0.000031
arm_1_left_finger,569.607000,0.523583,-0.071033,0.204598,0.707077,-0.707137,-0.000031,0.000030
arm_1_left_finger,569.622000,0.523190,-0.073731,0.204572,0.707077,-0.707137,-0.000031,0.000029
arm_1_left_finger,569.636000,0.522812,-0.076248,0.204549,0.707077,-0.707137,-0.000030,0.000028
arm_1_left_finger,569.651000,0.522395,-0.078941,0.204523,0.707077,-0.707136,-0.000030,0.000028
arm_1_left_finger,569.665000,0.521994,-0.081454,0.204499,0.707077,-0.707136,-0.000030,0.000028
arm_1_left_finger,569.680000,0.521552,-0.084143,0.204474,0.707077,-0.707136,-0.000030,0.000027
arm_1_left_finger,569.695000,0.521098,-0.086830,0.204448,0.707078,-0.707136,-0.000029,0.000027
arm_1_left_finger,569.709000,0.520663,-0.089336,0.204424,0.707078,-0.707136,-0.000029,0.000026
arm_1_left_finger,569.723000,0.520217,-0.091839,0.204400,0.707078,-0.707136,-0.000030,0.000026
arm_1_left_finger,569.738000,0.519727,-0.094520,0.204374,0.707078,-0.707135,-0.000030,0.000026
arm_1_left_finger,569.753000,0.519225,-0.097197,0.204349,0.707078,-0.707135,-0.000030,0.000026
arm_1_left_finger,569.768000,0.518709,-0.099872,0.204323,0.707078,-0.707135,-0.000030,0.000026
arm_1_left_finger,569.782000,0.518217,-0.102366,0.204299,0.707079,-0.707135,-0.000030,0.000026
arm_1_left_finger,569.796000,0.517714,-0.104858,0.204275,0.707079,-0.707135,-0.000030,0.000026
arm_1_left_finger,569.810000,0.517200,-0.107347,0.204251,0.707079,-0.707135,-0.000031,0.000026
arm_1_left_finger,569.825000,0.516637,-0.110011,0.204225,0.707079,-0.707134,-0.000031,0.000026
arm_1_left_finger,569.839000,0.516100,-0.112495,0.204201,0.707079,-0.707134,-0.000031,0.000026
arm_1_left_finger,569.854000,0.515513,-0.115154,0.204176,0.707080,-0.707134,-0.000031,0.000026
arm_1_left_finger,569.869000,0.514913,-0.117809,0.204150,0.707080,-0.707134,-0.000032,0.000026
arm_1_left_finger,569.884000,0.514300,-0.120462,0.204124,0.707080,-0.707134,-0.000032,0.000026
arm_1_left_finger,569.899000,0.513676,-0.123111,0.204099,0.707080,-0.707133,-0.000032,0.000026
arm_1_left_finger,569.913000,0.513081,-0.125581,0.204075,0.707080,-0.707133,-0.000032,0.000026
arm_1_left_finger,569.928000,0.512432,-0.128224,0.204049,0.707080,-0.707133,-0.000033,0.000026
arm_1_left_finger,569.943000,0.511771,-0.130864,0.204024,0.707081,-0.707133,-0.000033,0.000026
arm_1_left_finger,569.958000,0.511097,-0.133500,0.203998,0.707081,-0.707133,-0.000033,0.000026
arm_1_left_finger,569.973000,0.510410,-0.136133,0.203973,0.707081,-0.707133,-0.000034,0.000026
arm_1_left_finger,569.988000,0.509712,-0.138762,0.203947,0.707081,-0.707132,-0.000034,0.000026
arm_1_left_finger,570.002000,0.509048,-0.141213,0.203923,0.707081,-0.707132,-0.000034,0.000026
arm_1_left_finger,570.016000,0.508374,-0.143661,0.203900,0.707081,-0.707132,-0.000034,0.000026
arm_1_left_finger,570.030000,0.507690,-0.146105,0.203876,0.707082,-0.707132,-0.000034,0.000026
arm_1_left_finger,570.044000,0.506994,-0.148547,0.203852,0.707082,-0.707132,-0.000034,0.000026
arm_1_left_finger,570.059000,0.506237,-0.151159,0.203826,0.707082,-0.707132,-0.000034,0.000025
arm_1_left_finger,570.074000,0.505468,-0.153767,0.203801,0.707082,-0.707131,-0.000034,0.000025
arm_1_left_finger,570.089000,0.504687,-0.156372,0.203775,0.707082,-0.707131,-0.000034,0.000025
arm_1_left_finger,570.102000,0.504034,-0.158625,0.203742,0.707082,-0.707131,0.000110,-0.000120
arm_1_left_finger,570.114000,0.503400,-0.160703,0.203720,0.707083,-0.707131,-0.000002,-0.000008
arm_1_left_finger,570.126000,0.502753,-0.162779,0.203698,0.707083,-0.707131,-0.000019,0.000009
arm_1_left_finger,570.139000,0.502043,-0.165024,0.203675,0.707083,-0.707131,-0.000024,0.000014
arm_1_left_finger,570.151000,0.501379,-0.167094,0.203654,0.707083,-0.707130,-0.000025,0.000014
arm_1_left_finger,570.163000,0.500707,-0.169161,0.203633,0.707083,-0.707130,-0.000026,0.000015
arm_1_left_finger,570.175000,0.500027,-0.171226,0.203612,0.707083,-0.707130,-0.000029,0.000018
arm_1_left_finger,570.188000,0.499281,-0.173459,0.203589,0.707084,-0.707130,-0.000028,0.000017
arm_1_left_finger,570.200000,0.498585,-0.175518,0.203568,0.707084,-0.707130,-0.000029,0.000018
arm_1_left_finger,570.212000,0.497881,-0.177574,0.203548,0.707084,-0.707130,-0.000031,0.000019
arm_1_left_finger,570.224000,0.497169,-0.179627,0.203527,0.707084,-0.707130,-0.000029,0.000018
arm_1_left_finger,570.237000,0.496389,-0.181848,0.203504,0.707084,-0.707129,-0.000032,0.000020
arm_1_left_finger,570.250000,0.495600,-0.184066,0.203481,0.707084,-0.707129,-0.000031,0.000019
arm_1_left_finger,570.263000,0.494802,-0.186280,0.203459,0.707084,-0.707129,-0.000030,0.000018
arm_1_left_finger,570.275000,0.494057,-0.188321,0.203438,0.707085,-0.707129,-0.000033,0.000020
arm_1_left_finger,570.288000,0.493244,-0.190528,0.203415,0.707085,-0.707129,-0.000025,0.000013
arm_1_left_finger,570.301000,0.492422,-0.192732,0.203392,0.707085,-0.707129,-0.000026,0.000013
arm_1_left_finger,570.315000,0.491525,-0.195102,0.203367,0.707085,-0.707128,-0.000029,0.000016
arm_1_left_finger,570.329000,0.490616,-0.197467,0.203343,0.707085,-0.707128,-0.000033,0.000020
arm_1_left_finger,570.343000,0.489696,-0.199828,0.203319,0.707085,-0.707128,-0.000037,0.000024
arm_1_left_finger,570.354000,0.488965,-0.201681,0.203301,0.707086,-0.707128,-0.000040,0.000026
arm_1_left_finger,570.367000,0.488093,-0.203866,0.203279,0.707086,-0.707128,-0.000043,0.000029
arm_1_left_finger,570.381000,0.487142,-0.206216,0.203256,0.707086,-0.707128,-0.000045,0.000031
arm_1_left_finger,570.395000,0.486181,-0.208561,0.203233,0.707086,-0.707128,-0.000047,0.000032
arm_1_left_finger,570.409000,0.485210,-0.210902,0.203210,0.707086,-0.707127,-0.000045,0.000031
arm_1_left_finger,570.422000,0.484299,-0.213071,0.203188,0.707086,-0.707127,-0.000044,0.000029
arm_1_left_finger,570.436000,0.483309,-0.215403,0.203165,0.707087,-0.707127,-0.000043,0.000028
arm_1_left_finger,570.451000,0.482238,-0.217897,0.203140,0.707087,-0.707127,-0.000042,0.000027
arm_1_left_finger,570.466000,0.481155,-0.220385,0.203115,0.707087,-0.707127,-0.000042,0.000026
arm_1_left_finger,570.481000,0.480060,-0.222868,0.203090,0.707087,-0.707126,-0.000041,0.000025
arm_1_left_finger,570.496000,0.478955,-0.225345,0.203064,0.707087,-0.707126,-0.000041,0.000025
arm_1_left_finger,570.509000,0.477987,-0.227488,0.203042,0.707087,-0.707126,-0.000040,0.000024
arm_1_left_finger,570.521000,0.477086,-0.229462,0.203022,0.707088,-0.707126,-0.000040,0.000023
arm_1_left_finger,570.529000,0.476483,-0.230774,0.203008,0.707088,-0.707126,-0.000040,0.000024
arm_1_left_finger,570.543000,0.475423,-0.233057,0.202985,0.707088,-0.707126,-0.000039,0.000022
arm_1_left_finger,570.558000,0.474269,-0.235515,0.202959,0.707088,-0.707126,-0.000039,0.000022
arm_1_left_finger,570.573000,0.473104,-0.237967,0.202934,0.707088,-0.707125,-0.000039,0.000022
arm_1_left_finger,570.587000,0.472006,-0.240249,0.202910,0.707088,-0.707125,-0.000039,0.000021
arm_1_left_finger,570.601000,0.470899,-0.242526,0.202886,0.707089,-0.707125,-0.000038,0.000021
arm_1_left_finger,570.615000,0.469782,-0.244798,0.202862,0.707089,-0.707125,-0.000038,0.000020
arm_1_left_finger,570.629000,0.468655,-0.247064,0.202838,0.707089,-0.707125,-0.000038,0.000020
arm_1_left_finger,570.644000,0.467437,-0.249486,0.202812,0.707089,-0.707125,-0.000038,0.000020
arm_1_left_finger,570.659000,0.466208,-0.251902,0.202787,0.707089,-0.707124,-0.000038,0.000020
arm_1_left_finger,570.673000,0.465050,-0.254151,0.202763,0.707089,-0.707124,-0.000038,0.000020
arm_1_left_finger,570.688000,0.463799,-0.256556,0.202737,0.707090,-0.707124,-0.000038,0.000019
arm_1_left_finger,570.702000,0.462622,-0.258794,0.202713,0.707090,-0.707124,-0.000038,0.000019
arm_1_left_finger,570.716000,0.461434,-0.261026,0.202689,0.707090,-0.707124,-0.000038,0.000019
arm_1_left_finger,570.731000,0.460152,-0.263413,0.202663,0.707090,-0.707123,-0.000038,0.000018
arm_1_left_finger,570.745000,0.458945,-0.265634,0.202639,0.707090,-0.707123,-0.000038,0.000018
arm_1_left_finger,570.757000,0.457928,-0.267533,0.202611,0.707090,-0.707123,-0.000001,-0.000019
arm_1_left_finger,570.770000,0.456794,-0.269587,0.202588,0.707090,-0.707123,-0.000025,0.000005
arm_1_left_finger,570.782000,0.455739,-0.271478,0.202566,0.707091,-0.707123,-0.000029,0.000009
arm_1_left_finger,570.795000,0.454588,-0.273522,0.202543,0.707091,-0.707123,-0.000031,0.000010
arm_1_left_finger,570.808000,0.453429,-0.275561,0.202520,0.707091,-0.707123,-0.000031,0.000010
arm_1_left_finger,570.821000,0.452262,-0.277595,0.202497,0.707091,-0.707122,-0.000032,0.000010
arm_1_left_finger,570.833000,0.451176,-0.279468,0.202476,0.707091,-0.707122,-0.000032,0.000011
arm_1_left_finger,570.846000,0.449993,-0.281493,0.202453,0.707091,-0.707122,-0.000032,0.000011
arm_1_left_finger,570.858000,0.448893,-0.283357,0.202432,0.707092,-0.707122,-0.000033,0.000011
arm_1_left_finger,570.871000,0.447694,-0.285372,0.202409,0.707092,-0.707122,-0.000033,0.000011
arm_1_left_finger,570.883000,0.446579,-0.287227,0.202388,0.707092,-0.707122,-0.000033,0.000011
arm_1_left_finger,570.895000,0.445458,-0.289078,0.202367,0.707092,-0.707122,-0.000034,0.000011
arm_1_left_finger,570.907000,0.444329,-0.290925,0.202346,0.707092,-0.707121,-0.000034,0.000011
arm_1_left_finger,570.919000,0.443194,-0.292767,0.202325,0.707092,-0.707121,-0.000034,0.000011
arm_1_left_finger,570.931000,0.442052,-0.294605,0.202304,0.707092,-0.707121,-0.000034,0.000012
arm_1_left_finger,570.943000,0.440904,-0.296438,0.202283,0.707093,-0.707121,-0.000030,0.000007
arm_1_left_finger,570.955000,0.439749,-0.298267,0.202262,0.707093,-0.707121,-0.000032,0.000009
arm_1_left_finger,570.967000,0.438587,-0.300091,0.202241,0.707093,-0.707121,-0.000032,0.000008
arm_1_left_finger,570.979000,0.437419,-0.301911,0.202219,0.707093,-0.707121,-0.000030,0.000007
arm_1_left_finger,570.991000,0.436243,-0.303726,0.202198,0.707093,-0.707120,-0.000030,0.000007
arm_1_left_finger,571.003000,0.435061,-0.305537,0.202177,0.707093,-0.707120,-0.000032,0.000008
arm_1_left_finger,571.016000,0.433772,-0.307493,0.202154,0.707093,-0.707120,-0.000034,0.000010
arm_1_left_finger,571.029000,0.432476,-0.309444,0.202131,0.707094,-0.707120,-0.000031,0.000007
arm_1_left_finger,571.042000,0.431172,-0.311390,0.202108,0.707094,-0.707120,-0.000034,0.000009
arm_1_left_finger,571.055000,0.429860,-0.313330,0.202085,0.707094,-0.707120,-0.000029,0.000005
arm_1_left_finger,571.068000,0.428540,-0.315264,0.202062,0.707094,-0.707119,-0.000032,0.000008
arm_1_left_finger,571.081000,0.427212,-0.317193,0.202039,0.707094,-0.707119,-0.000035,0.000010
arm_1_left_finger,571.095000,0.425773,-0.319264,0.202014,0.707094,-0.707119,-0.000038,0.000012
arm_1_left_finger,571.109000,0.424322,-0.321328,0.201991,0.707095,-0.707119,-0.000044,0.000018
arm_1_left_finger,571.124000,0.422756,-0.323533,0.201966,0.707095,-0.707119,-0.000046,0.000021
arm_1_left_finger,571.139000,0.421181,-0.325730,0.201940,0.707095,-0.707119,-0.000047,0.000021
arm_1_left_finger,571.154000,0.419595,-0.327919,0.201915,0.707095,-0.707118,-0.000047,0.000021
arm_1_left_finger,571.169000,0.417999,-0.330101,0.201890,0.707095,-0.707118,-0.000047,0.000020
arm_1_left_finger,571.184000,0.416393,-0.332275,0.201865,0.707096,-0.707118,-0.000046,0.000020
arm_1_left_finger,571.199000,0.414777,-0.334441,0.201840,0.707096,-0.707118,-0.000045,0.000019
arm_1_left_finger,571.213000,0.413260,-0.336456,0.201816,0.707096,-0.707118,-0.000045,0.000018
arm_1_left_finger,571.228000,0.411625,-0.338607,0.201791,0.707096,-0.707118,-0.000045,0.000017
arm_1_left_finger,571.243000,0.409979,-0.340751,0.201765,0.707096,-0.707117,-0.000044,0.000017
arm_1_left_finger,571.258000,0.408324,-0.342888,0.201740,0.707096,-0.707117,-0.000044,0.000016
arm_1_left_finger,571.273000,0.406659,-0.345015,0.201714,0.707097,-0.707117,-0.000044,0.000016
arm_1_left_finger,571.288000,0.404988,-0.347130,0.201689,0.707097,-0.707117,-0.000044,0.000016
arm_1_left_finger,571.303000,0.403312,-0.349232,0.201663,0.707097,-0.707117,-0.000043,0.000015
arm_1_left_finger,571.318000,0.401644,-0.351303,0.201638,0.707097,-0.707116,-0.000043,0.000014
arm_1_left_finger,571.333000,0.399974,-0.353357,0.201613,0.707097,-0.707116,-0.000043,0.000014
arm_1_left_finger,571.348000,0.398293,-0.355406,0.201588,0.707097,-0.707116,-0.000042,0.000013
arm_1_left_finger,571.363000,0.396616,-0.357431,0.201563,0.707098,-0.707116,-0.000042,0.000013
arm_1_left_finger,571.378000,0.394943,-0.359432,0.201538,0.707098,-0.707116,-0.000042,0.000012
arm_1_left_finger,571.393000,0.393276,-0.361409,0.201513,0.707098,-0.707116,-0.000041,0.000012
arm_1_left_finger,571.407000,0.391726,-0.363231,0.201490,0.707098,-0.707115,-0.000041,0.000011
arm_1_left_finger,571.420000,0.390291,-0.364902,0.201469,0.707098,-0.707115,-0.000040,0.000011
arm_1_left_finger,571.433000,0.388863,-0.366555,0.201448,0.707098,-0.707115,-0.000040,0.000010
arm_1_left_finger,571.446000,0.387442,-0.368188,0.201427,0.707099,-0.707115,-0.000038,0.000008
arm_1_left_finger,571.460000,0.385916,-0.369926,0.201404,0.707099,-0.707115,-0.000040,0.000009
arm_1_left_finger,571.473000,0.384510,-0.371519,0.201383,0.707099,-0.707115,-0.000024,-0.000007
arm_1_left_finger,571.486000,0.383114,-0.373092,0.201361,0.707099,-0.707115,-0.000020,-0.000011
arm_1_left_finger,571.499000,0.381723,-0.374646,0.201339,0.707099,-0.707114,-0.000021,-0.000009
arm_1_left_finger,571.512000,0.380366,-0.376181,0.201309,0.707099,-0.707114,0.000114,-0.000145
arm_1_left_finger,571.523000,0.379230,-0.377465,0.201282,0.707099,-0.707114,0.000099,-0.000131
arm_1_left_finger,571.536000,0.377869,-0.378965,0.201259,0.707100,-0.707114,0.000012,-0.000044
arm_1_left_finger,571.550000,0.376403,-0.380559,0.201236,0.707100,-0.707114,-0.000019,-0.000013
arm_1_left_finger,571.563000,0.375048,-0.382019,0.201216,0.707100,-0.707114,-0.000028,-0.000004
arm_1_left_finger,571.576000,0.373700,-0.383460,0.201196,0.707100,-0.707114,-0.000032,0.000000
arm_1_left_finger,571.590000,0.372257,-0.384992,0.201175,0.707100,-0.707113,-0.000034,0.000002
arm_1_left_finger,571.604000,0.370824,-0.386501,0.201154,0.707100,-0.707113,-0.000035,0.000002
arm_1_left_finger,571.618000,0.369400,-0.387989,0.201134,0.707100,-0.707113,-0.000035,0.000003
arm_1_left_finger,571.632000,0.367987,-0.389456,0.201114,0.707101,-0.707113,-0.000036,0.000004
arm_1_left_finger,571.646000,0.366584,-0.390902,0.201094,0.707101,-0.707113,-0.000037,0.000004
arm_1_left_finger,571.660000,0.365191,-0.392327,0.201075,0.707101,-0.707113,-0.000037,0.000004
arm_1_left_finger,571.672000,0.364031,-0.393532,0.201051,0.707101,-0.707113,0.000015,-0.000049
arm_1_left_finger,571.683000,0.362943,-0.394623,0.201038,0.707101,-0.707113,-0.000054,0.000020
arm_1_left_finger,571.694000,0.361865,-0.395700,0.201025,0.707101,-0.707113,-0.000063,0.000029
arm_1_left_finger,571.705000,0.360793,-0.396766,0.201012,0.707101,-0.707112,-0.000062,0.000028
arm_1_left_finger,571.716000,0.359730,-0.397819,0.200999,0.707101,-0.707112,-0.000060,0.000026
arm_1_left_finger,571.727000,0.358674,-0.398859,0.200986,0.707101,-0.707112,-0.000057,0.000024
arm_1_left_finger,571.738000,0.357639,-0.399887,0.200969,0.707101,-0.707112,0.000012,-0.000046
arm_1_left_finger,571.748000,0.356692,-0.400810,0.200957,0.707101,-0.707112,-0.000044,0.000009
arm_1_left_finger,571.759000,0.355657,-0.401814,0.200945,0.707102,-0.707112,-0.000055,0.000020
arm_1_left_finger,571.770000,0.354631,-0.402806,0.200932,0.707102,-0.707112,-0.000055,0.000020
arm_1_left_finger,571.781000,0.353612,-0.403787,0.200919,0.707102,-0.707112,-0.000053,0.000019
arm_1_left_finger,571.792000,0.352601,-0.404754,0.200907,0.707102,-0.707112,-0.000052,0.000017
arm_1_left_finger,571.803000,0.351613,-0.405709,0.200889,0.707102,-0.707112,0.000024,-0.000059
arm_1_left_finger,571.814000,0.350618,-0.406653,0.200877,0.707102,-0.707112,-0.000040,0.000005
arm_1_left_finger,571.825000,0.349631,-0.407584,0.200865,0.707102,-0.707111,-0.000050,0.000016
arm_1_left_finger,571.836000,0.348666,-0.408504,0.200848,0.707102,-0.707111,0.000039,-0.000074
arm_1_left_finger,571.847000,0.347694,-0.409412,0.200836,0.707102,-0.707111,-0.000039,0.000003
arm_1_left_finger,571.857000,0.346817,-0.410227,0.200826,0.707102,-0.707111,-0.000051,0.000016
arm_1_left_finger,571.868000,0.345861,-0.411113,0.200814,0.707103,-0.707111,-0.000052,0.000017
arm_1_left_finger,571.879000,0.344913,-0.411988,0.200803,0.707103,-0.707111,-0.000051,0.000016
arm_1_left_finger,571.890000,0.343974,-0.412850,0.200791,0.707103,-0.707111,-0.000050,0.000015
arm_1_left_finger,571.901000,0.343065,-0.413701,0.200773,0.707103,-0.707111,0.000040,-0.000076
arm_1_left_finger,571.912000,0.342149,-0.414540,0.200760,0.707103,-0.707111,-0.000026,-0.000010
arm_1_left_finger,571.923000,0.341234,-0.415369,0.200749,0.707103,-0.707111,-0.000051,0.000016
arm_1_left_finger,571.934000,0.340327,-0.416186,0.200738,0.707103,-0.707111,-0.000054,0.000019
arm_1_left_finger,571.945000,0.339429,-0.416992,0.200728,0.707103,-0.707110,-0.000054,0.000019
arm_1_left_finger,571.956000,0.338540,-0.417787,0.200717,0.707103,-0.707110,-0.000051,0.000015
arm_1_left_finger,571.967000,0.337660,-0.418570,0.200706,0.707103,-0.707110,-0.000050,0.000015
arm_1_left_finger,571.978000,0.336790,-0.419343,0.200696,0.707103,-0.707110,-0.000049,0.000013
arm_1_left_finger,571.989000,0.335928,-0.420105,0.200685,0.707103,-0.707110,-0.000048,0.000012
arm_1_left_finger,572.000000,0.335076,-0.420855,0.200675,0.707104,-0.707110,-0.000047,0.000011
arm_1_left_finger,572.010000,0.334309,-0.421529,0.200665,0.707104,-0.707110,-0.000046,0.000010
arm_1_left_finger,572.020000,0.333549,-0.422193,0.200656,0.707104,-0.707110,-0.000047,0.000011
arm_1_left_finger,572.030000,0.332798,-0.422848,0.200647,0.707104,-0.707110,-0.000045,0.000009
arm_1_left_finger,572.041000,0.331980,-0.423559,0.200636,0.707104,-0.707110,-0.000044,0.000008
arm_1_left_finger,572.054000,0.331025,-0.424385,0.200624,0.707104,-0.707110,-0.000040,0.000004
arm_1_left_finger,572.066000,0.330156,-0.425135,0.200613,0.707104,-0.707110,-0.000042,0.000006
arm_1_left_finger,572.079000,0.329227,-0.425933,0.200601,0.707104,-0.707109,-0.000039,0.000003
arm_1_left_finger,572.092000,0.328310,-0.426716,0.200590,0.707104,-0.707109,-0.000041,0.000004
arm_1_left_finger,572.105000,0.327407,-0.427485,0.200578,0.707104,-0.707109,-0.000038,0.000001
arm_1_left_finger,572.118000,0.326517,-0.428240,0.200567,0.707104,-0.707109,-0.000040,0.000004
arm_1_left_finger,572.131000,0.325641,-0.428980,0.200556,0.707104,-0.707109,-0.000038,0.000002
arm_1_left_finger,572.144000,0.324777,-0.429706,0.200545,0.707104,-0.707109,-0.000040,0.000004
arm_1_left_finger,572.157000,0.323931,-0.430418,0.200533,0.707105,-0.707109,-0.000023,-0.000014
arm_1_left_finger,572.171000,0.323040,-0.431169,0.200519,0.707105,-0.707109,-0.000011,-0.000026
arm_1_left_finger,572.186000,0.322102,-0.431956,0.200504,0.707105,-0.707109,-0.000011,-0.000026
arm_1_left_finger,572.201000,0.321182,-0.432725,0.200490,0.707105,-0.707109,-0.000014,-0.000023
arm_1_left_finger,572.216000,0.320279,-0.433474,0.200476,0.707105,-0.707109,-0.000017,-0.000020
arm_1_left_finger,572.231000,0.319393,-0.434206,0.200463,0.707105,-0.707109,-0.000020,-0.000017
arm_1_left_finger,572.245000,0.318582,-0.434873,0.200451,0.707105,-0.707109,-0.000022,-0.000015
arm_1_left_finger,572.259000,0.317787,-0.435524,0.200440,0.707105,-0.707108,-0.000025,-0.000013
arm_1_left_finger,572.274000,0.316952,-0.436204,0.200428,0.707105,-0.707108,-0.000026,-0.000011
arm_1_left_finger,572.288000,0.316189,-0.436823,0.200418,0.707105,-0.707108,-0.000028,-0.000009
arm_1_left_finger,572.303000,0.315390,-0.437469,0.200407,0.707105,-0.707108,-0.000029,-0.000008
arm_1_left_finger,572.318000,0.314609,-0.438098,0.200396,0.707105,-0.707108,-0.000031,-0.000007
arm_1_left_finger,572.333000,0.313846,-0.438709,0.200386,0.707105,-0.707108,-0.000032,-0.000006
arm_1_left_finger,572.348000,0.313102,-0.439304,0.200376,0.707105,-0.707108,-0.000033,-0.000005
arm_1_left_finger,572.363000,0.312377,-0.439880,0.200366,0.707106,-0.707108,-0.000034,-0.000004
arm_1_left_finger,572.378000,0.311671,-0.440440,0.200357,0.707106,-0.707108,-0.000034,-0.000003
arm_1_left_finger,572.393000,0.310985,-0.440982,0.200348,0.707106,-0.707108,-0.000035,-0.000003
arm_1_left_finger,572.407000,0.310359,-0.441473,0.200341,0.707106,-0.707108,-0.000042,0.000004
arm_1_left_finger,572.422000,0.309707,-0.441983,0.200333,0.707106,-0.707108,-0.000044,0.000006
arm_1_left_finger,572.437000,0.309074,-0.442476,0.200326,0.707106,-0.707108,-0.000044,0.000006
arm_1_left_finger,572.452000,0.308460,-0.442953,0.200319,0.707106,-0.707108,-0.000044,0.000006
arm_1_left_finger,572.467000,0.307866,-0.443413,0.200312,0.707106,-0.707108,-0.000043,0.000005
arm_1_left_finger,572.481000,0.307331,-0.443828,0.200306,0.707106,-0.707108,-0.000043,0.000005
arm_1_left_finger,572.496000,0.306776,-0.444256,0.200300,0.707106,-0.707108,-0.000043,0.000004
arm_1_left_finger,572.510000,0.306276,-0.444640,0.200294,0.707106,-0.707107,-0.000042,0.000004
arm_1_left_finger,572.525000,0.305760,-0.445037,0.200288,0.707106,-0.707107,-0.000042,0.000003
arm_1_left_finger,572.538000,0.305329,-0.445367,0.200283,0.707106,-0.707107,-0.000041,0.000003
arm_1_left_finger,572.550000,0.304944,-0.445662,0.200279,0.707106,-0.707107,-0.000041,0.000003
arm_1_left_finger,572.563000,0.304542,-0.445969,0.200274,0.707106,-0.707107,-0.000041,0.000002
arm_1_left_finger,572.569000,0.304361,-0.446107,0.200272,0.707106,-0.707107,-0.000041,0.000002
arm_1_left_finger,572.580000,0.304038,-0.446353,0.200268,0.707106,-0.707107,-0.000041,0.000002
arm_1_left_finger,572.594000,0.303643,-0.446653,0.200263,0.707106,-0.707107,-0.000041,0.000002
arm_1_left_finger,572.608000,0.303266,-0.446940,0.200259,0.707106,-0.707107,-0.000041,0.000002
arm_1_left_finger,572.622000,0.302906,-0.447212,0.200255,0.707106,-0.707107,-0.000040,0.000002
arm_1_left_finger,572.636000,0.302564,-0.447471,0.200251,0.707106,-0.707107,-0.000040,0.000002
arm_1_left_finger,572.651000,0.302217,-0.447734,0.200247,0.707106,-0.707107,-0.000040,0.000002
arm_1_left_finger,572.666000,0.301890,-0.447980,0.200243,0.707106,-0.707107,-0.000040,0.000001
arm_1_left_finger,572.681000,0.301584,-0.448211,0.200239,0.707106,-0.707107,-0.000040,0.000001
arm_1_left_finger,572.696000,0.301298,-0.448426,0.200236,0.707106,-0.707107,-0.000040,0.000001
arm_1_left_finger,572.711000,0.301032,-0.448626,0.200233,0.707107,-0.707107,-0.000040,0.000001
arm_1_left_finger,572.726000,0.300787,-0.448810,0.200230,0.707107,-0.707107,-0.000039,0.000001
arm_1_left_finger,572.741000,0.300562,-0.448978,0.200227,0.707107,-0.707107,-0.000039,0.000001
arm_1_left_finger,572.756000,0.300358,-0.449131,0.200225,0.707107,-0.707107,-0.000039,0.000001
arm_1_left_finger,572.771000,0.300174,-0.449268,0.200223,0.707107,-0.707107,-0.000039,0.000001
arm_1_left_finger,572.786000,0.300011,-0.449390,0.200221,0.707107,-0.707107,-0.000039,0.000000
arm_1_left_finger,572.801000,0.299869,-0.449497,0.200219,0.707107,-0.707107,-0.000039,0.000000
arm_1_left_finger,572.816000,0.299746,-0.449588,0.200218,0.707107,-0.707107,-0.000039,0.000000
arm_1_left_finger,572.831000,0.299644,-0.449664,0.200217,0.707107,-0.707107,-0.000039,0.000000
arm_1_left_finger,572.846000,0.299563,-0.449724,0.200216,0.707107,-0.707107,-0.000039,0.000000
arm_1_left_finger,572.860000,0.299503,-0.449769,0.200215,0.707107,-0.707107,-0.000039,-0.000000
arm_1_left_finger,572.874000,0.299458,-0.449802,0.200215,0.707107,-0.707107,-0.000040,0.000001
arm_1_left_finger,572.888000,0.299472,-0.449792,0.200214,0.707107,-0.707107,-0.000039,0.000000
arm_1_left_finger,572.902000,0.299485,-0.449783,0.200209,0.707107,-0.707107,-0.000039,-0.000000
arm_1_left_finger,572.917000,0.299497,-0.449776,0.200195,0.707107,-0.707107,-0.000038,-0.000000
arm_1_left_finger,572.932000,0.299506,-0.449772,0.200171,0.707107,-0.707107,-0.000038,-0.000000
arm_1_left_finger,572.947000,0.299515,-0.449770,0.200136,0.707107,-0.707107,-0.000038,-0.000000
arm_1_left_finger,572.962000,0.299523,-0.449770,0.200087,0.707107,-0.707107,-0.000038,-0.000000
arm_1_left_finger,572.977000,0.299530,-0.449773,0.200023,0.707107,-0.707107,-0.000038,-0.000000
arm_1_left_finger,572.992000,0.299538,-0.449777,0.199944,0.707107,-0.707107,-0.000038,-0.000000
arm_1_left_finger,573.007000,0.299546,-0.449784,0.199847,0.707107,-0.707107,-0.000038,-0.000000
arm_1_left_finger,573.022000,0.299555,-0.449792,0.199733,0.707107,-0.707107,-0.000038,-0.000000
arm_1_left_finger,573.037000,0.299565,-0.449802,0.199602,0.707107,-0.707107,-0.000038,-0.000000
arm_1_left_finger,573.052000,0.299575,-0.449814,0.199453,0.707107,-0.707107,-0.000038,-0.000000
arm_1_left_finger,573.067000,0.299586,-0.449827,0.199285,0.707107,-0.707107,-0.000038,-0.000000
arm_1_left_finger,573.082000,0.299597,-0.449842,0.199099,0.707107,-0.707107,-0.000038,-0.000000
arm_1_left_finger,573.096000,0.299609,-0.449858,0.198909,0.707107,-0.707107,-0.000038,-0.000000
arm_1_left_finger,573.110000,0.299622,-0.449875,0.198701,0.707107,-0.707107,-0.000038,-0.000000
arm_1_left_finger,573.125000,0.299636,-0.449895,0.198461,0.707107,-0.707107,-0.000038,-0.000000
arm_1_left_finger,573.140000,0.299652,-0.449916,0.198202,0.707107,-0.707107,-0.000038,-0.000000
arm_1_left_finger,573.155000,0.299668,-0.449939,0.197923,0.707107,-0.707107,-0.000038,-0.000000
arm_1_left_finger,573.170000,0.299685,-0.449963,0.197628,0.707107,-0.707107,-0.000038,-0.000000
arm_1_left_finger,573.185000,0.299704,-0.449988,0.197311,0.707107,-0.707107,-0.000038,-0.000000
arm_1_left_finger,573.200000,0.299723,-0.450016,0.196974,0.707107,-0.707107,-0.000038,0.000000
arm_1_left_finger,573.215000,0.299743,-0.450044,0.196619,0.707107,-0.707107,-0.000038,0.000000
arm_1_left_finger,573.230000,0.299764,-0.450074,0.196244,0.707107,-0.707107,-0.000038,0.000000
arm_1_left_finger,573.245000,0.299786,-0.450105,0.195849,0.707107,-0.707107,-0.000038,0.000000
arm_1_left_finger,573.260000,0.299809,-0.450137,0.195437,0.707107,-0.707107,-0.000038,0.000000
arm_1_left_finger,573.275000,0.299832,-0.450171,0.195006,0.707107,-0.707107,-0.000037,0.000000
arm_1_left_finger,573.289000,0.299855,-0.450203,0.194584,0.707107,-0.707107,-0.000037,0.000000
arm_1_left_finger,573.303000,0.299879,-0.450237,0.194145,0.707107,-0.707107,-0.000037,0.000000
arm_1_left_finger,573.318000,0.299904,-0.450274,0.193656,0.707107,-0.707107,-0.000037,0.000000
arm_1_left_finger,573.333000,0.299931,-0.450311,0.193148,0.707107,-0.707107,-0.000037,0.000000
arm_1_left_finger,573.348000,0.299958,-0.450350,0.192621,0.707107,-0.707107,-0.000037,0.000000
arm_1_left_finger,573.363000,0.299986,-0.450390,0.192075,0.707107,-0.707107,-0.000037,0.000001
arm_1_left_finger,573.377000,0.300012,-0.450428,0.191548,0.707107,-0.707107,-0.000037,0.000001
arm_1_left_finger,573.392000,0.300041,-0.450470,0.190964,0.707107,-0.707107,-0.000037,0.000001
arm_1_left_finger,573.407000,0.300070,-0.450512,0.190360,0.707107,-0.707107,-0.000037,0.000001
arm_1_left_finger,573.422000,0.300100,-0.450555,0.189738,0.707107,-0.707107,-0.000037,0.000001
arm_1_left_finger,573.437000,0.300130,-0.450599,0.189096,0.707107,-0.707107,-0.000036,0.000001
arm_1_left_finger,573.452000,0.300161,-0.450643,0.188435,0.707107,-0.707107,-0.000036,0.000001
arm_1_left_finger,573.466000,0.300190,-0.450685,0.187800,0.707107,-0.707107,-0.000036,0.000001
arm_1_left_finger,573.481000,0.300221,-0.450730,0.187102,0.707107,-0.707107,-0.000036,0.000001
arm_1_left_finger,573.495000,0.300250,-0.450773,0.186433,0.707107,-0.707107,-0.000036,0.000001
arm_1_left_finger,573.508000,0.300277,-0.450812,0.185796,0.707107,-0.707107,-0.000036,0.000001
arm_1_left_finger,573.522000,0.300306,-0.450856,0.185094,0.707107,-0.707107,-0.000036,0.000001
arm_1_left_finger,573.537000,0.300338,-0.450902,0.184324,0.707107,-0.707107,-0.000036,0.000001
arm_1_left_finger,573.551000,0.300367,-0.450945,0.183588,0.707107,-0.707107,-0.000035,0.000002
arm_1_left_finger,573.563000,0.300392,-0.450983,0.182943,0.707107,-0.707107,-0.000035,0.000002
arm_1_left_finger,573.576000,0.300419,-0.451023,0.182230,0.707107,-0.707107,-0.000035,0.000002
arm_1_left_finger,573.590000,0.300449,-0.451067,0.181447,0.707107,-0.707107,-0.000033,-0.000000
arm_1_left_finger,573.604000,0.300478,-0.451110,0.180647,0.707107,-0.707107,-0.000033,-0.000000
arm_1_left_finger,573.619000,0.300510,-0.451156,0.179771,0.707107,-0.707107,-0.000033,0.000000
arm_1_left_finger,573.634000,0.300541,-0.451202,0.178876,0.707107,-0.707107,-0.000033,0.000000
arm_1_left_finger,573.649000,0.300571,-0.451248,0.177961,0.707107,-0.707106,-0.000032,-0.000000
arm_1_left_finger,573.663000,0.300600,-0.451290,0.177091,0.707107,-0.707106,-0.000032,-0.000000
arm_1_left_finger,573.677000,0.300627,-0.451331,0.176203,0.707107,-0.707106,-0.000032,0.000000
arm_1_left_finger,573.692000,0.300656,-0.451375,0.175234,0.707107,-0.707106,-0.000031,-0.000000
arm_1_left_finger,573.704000,0.300679,-0.451410,0.174444,0.707107,-0.707106,-0.000032,0.000001
arm_1_left_finger,573.717000,0.300703,-0.451447,0.173575,0.707107,-0.707106,-0.000031,0.000000
arm_1_left_finger,573.729000,0.300725,-0.451480,0.172760,0.707107,-0.707106,-0.000031,-0.000000
arm_1_left_finger,573.743000,0.300750,-0.451519,0.171794,0.707107,-0.707106,-0.000030,-0.000001
arm_1_left_finger,573.757000,0.300774,-0.451556,0.170811,0.707107,-0.707106,-0.000030,-0.000000
arm_1_left_finger,573.771000,0.300796,-0.451592,0.169811,0.707107,-0.707106,-0.000030,-0.000000
arm_1_left_finger,573.785000,0.300819,-0.451628,0.168795,0.707107,-0.707106,-0.000030,-0.000000
arm_1_left_finger,573.800000,0.300841,-0.451664,0.167688,0.707107,-0.707106,-0.000030,0.000001
arm_1_left_finger,573.814000,0.300861,-0.451697,0.166637,0.707107,-0.707106,-0.000030,0.000001
arm_1_left_finger,573.828000,0.300880,-0.451728,0.165570,0.707107,-0.707106,-0.000028,-0.000001
arm_1_left_finger,573.843000,0.300899,-0.451760,0.164408,0.707107,-0.707106,-0.000029,0.000000
arm_1_left_finger,573.858000,0.300916,-0.451790,0.163228,0.707107,-0.707106,-0.000028,0.000000
arm_1_left_finger,573.873000,0.300932,-0.451819,0.162028,0.707107,-0.707106,-0.000028,0.000001
arm_1_left_finger,573.888000,0.300946,-0.451845,0.160810,0.707107,-0.707106,-0.000028,0.000000
arm_1_left_finger,573.902000,0.300957,-0.451868,0.159655,0.707107,-0.707106,-0.000027,0.000000
arm_1_left_finger,573.916000,0.300967,-0.451889,0.158483,0.707107,-0.707106,-0.000027,0.000000
arm_1_left_finger,573.931000,0.300976,-0.451909,0.157209,0.707107,-0.707106,-0.000027,0.000001
arm_1_left_finger,573.945000,0.300982,-0.451925,0.156002,0.707108,-0.707106,-0.000027,0.000001
arm_1_left_finger,573.959000,0.300986,-0.451939,0.154781,0.707108,-0.707106,-0.000027,0.000001
arm_1_left_finger,573.974000,0.300989,-0.451952,0.153459,0.707108,-0.707106,-0.000027,0.000002
arm_1_left_finger,573.988000,0.300989,-0.451961,0.152218,0.707108,-0.707106,-0.000027,0.000002
arm_1_left_finger,574.003000,0.300987,-0.451968,0.150887,0.707108,-0.707106,-0.000026,0.000002
arm_1_left_finger,574.018000,0.300982,-0.451972,0.149557,0.707108,-0.707106,-0.000026,0.000002
arm_1_left_finger,574.033000,0.300976,-0.451973,0.148233,0.707108,-0.707106,-0.000026,0.000002
arm_1_left_finger,574.048000,0.300967,-0.451971,0.146918,0.707108,-0.707106,-0.000026,0.000003
arm_1_left_finger,574.063000,0.300956,-0.451967,0.145623,0.707108,-0.707106,-0.000026,0.000003
arm_1_left_finger,574.078000,0.300942,-0.451959,0.144330,0.707108,-0.707106,-0.000025,0.000003
arm_1_left_finger,574.092000,0.300928,-0.451950,0.143137,0.707108,-0.707106,-0.000025,0.000003
arm_1_left_finger,574.107000,0.300911,-0.451938,0.141875,0.707108,-0.707106,-0.000025,0.000003
arm_1_left_finger,574.121000,0.300893,-0.451924,0.140711,0.707108,-0.707106,-0.000024,0.000003
arm_1_left_finger,574.135000,0.300874,-0.451908,0.139562,0.707108,-0.707106,-0.000024,0.000003
arm_1_left_finger,574.149000,0.300854,-0.451890,0.138428,0.707108,-0.707106,-0.000024,0.000003
arm_1_left_finger,574.163000,0.300832,-0.451870,0.137310,0.707108,-0.707106,-0.000023,0.000003
arm_1_left_finger,574.178000,0.300807,-0.451847,0.136130,0.707108,-0.707106,-0.000023,0.000003
arm_1_left_finger,574.193000,0.300781,-0.451822,0.134969,0.707108,-0.707106,-0.000023,0.000003
arm_1_left_finger,574.207000,0.300755,-0.451798,0.133902,0.707108,-0.707106,-0.000022,0.000003
arm_1_left_finger,574.222000,0.300727,-0.451769,0.132778,0.707108,-0.707106,-0.000022,0.000003
arm_1_left_finger,574.237000,0.300697,-0.451739,0.131672,0.707108,-0.707106,-0.000022,0.000003
arm_1_left_finger,574.252000,0.300666,-0.451708,0.130585,0.707108,-0.707106,-0.000021,0.000003
arm_1_left_finger,574.267000,0.300635,-0.451675,0.129518,0.707108,-0.707106,-0.000021,0.000003
arm_1_left_finger,574.282000,0.300602,-0.451641,0.128470,0.707108,-0.707106,-0.000020,0.000003
arm_1_left_finger,574.296000,0.300571,-0.451608,0.127510,0.707108,-0.707105,-0.000020,0.000003
arm_1_left_finger,574.310000,0.300539,-0.451574,0.126566,0.707108,-0.707105,-0.000020,0.000003
arm_1_left_finger,574.324000,0.300507,-0.451540,0.125639,0.707108,-0.707105,-0.000020,0.000003
arm_1_left_finger,574.338000,0.300474,-0.451504,0.124729,0.707108,-0.707105,-0.000019,0.000003
arm_1_left_finger,574.353000,0.300439,-0.451466,0.123773,0.707108,-0.707105,-0.000019,0.000003
arm_1_left_finger,574.367000,0.300405,-0.451429,0.122897,0.707108,-0.707105,-0.000018,0.000002
arm_1_left_finger,574.381000,0.300371,-0.451391,0.122039,0.707108,-0.707105,-0.000018,0.000002
arm_1_left_finger,574.395000,0.300337,-0.451354,0.121198,0.707108,-0.707105,-0.000018,0.000002
arm_1_left_finger,574.410000,0.300300,-0.451313,0.120315,0.707108,-0.707105,-0.000018,0.000002
arm_1_left_finger,574.424000,0.300266,-0.451274,0.119509,0.707108,-0.707105,-0.000017,0.000002
arm_1_left_finger,574.438000,0.300231,-0.451235,0.118719,0.707108,-0.707105,-0.000017,0.000002
arm_1_left_finger,574.453000,0.300194,-0.451193,0.117891,0.707108,-0.707105,-0.000017,0.000002
arm_1_left_finger,574.468000,0.300157,-0.451151,0.117083,0.707108,-0.707105,-0.000017,0.000002
arm_1_left_finger,574.482000,0.300122,-0.451112,0.116346,0.707108,-0.707105,-0.000016,0.000002
arm_1_left_finger,574.496000,0.300087,-0.451073,0.115626,0.707108,-0.707105,-0.000016,0.000002
arm_1_left_finger,574.511000,0.300051,-0.451031,0.114873,0.707108,-0.707105,-0.000016,0.000002
arm_1_left_finger,574.526000,0.300014,-0.450989,0.114140,0.707108,-0.707105,-0.000016,0.000002
arm_1_left_finger,574.541000,0.299978,-0.450947,0.113426,0.707108,-0.707105,-0.000016,0.000002
arm_1_left_finger,574.556000,0.299942,-0.450906,0.112730,0.707108,-0.707105,-0.000015,0.000002
arm_1_left_finger,574.571000,0.299906,-0.450865,0.112054,0.707108,-0.707105,-0.000015,0.000002
arm_1_left_finger,574.585000,0.299873,-0.450827,0.111440,0.707108,-0.707105,-0.000016,0.000003
arm_1_left_finger,574.600000,0.299838,-0.450787,0.110802,0.707108,-0.707105,-0.000016,0.000004
arm_1_left_finger,574.614000,0.299805,-0.450750,0.110223,0.707108,-0.707105,-0.000016,0.000004
arm_1_left_finger,574.629000,0.299771,-0.450711,0.109620,0.707108,-0.707105,-0.000015,0.000003
arm_1_left_finger,574.644000,0.299738,-0.450673,0.109037,0.707108,-0.707105,-0.000016,0.000004
arm_1_left_finger,574.659000,0.299705,-0.450635,0.108473,0.707108,-0.707105,-0.000015,0.000003
arm_1_left_finger,574.674000,0.299673,-0.450598,0.107929,0.707108,-0.707105,-0.000014,0.000003
arm_1_left_finger,574.688000,0.299644,-0.450564,0.107438,0.707108,-0.707105,-0.000015,0.000003
arm_1_left_finger,574.703000,0.299613,-0.450529,0.106930,0.707108,-0.707105,-0.000015,0.000004
arm_1_left_finger,574.718000,0.299583,-0.450494,0.106441,0.707108,-0.707105,-0.000014,0.000003
arm_1_left_finger,574.733000,0.299554,-0.450461,0.105971,0.707108,-0.707105,-0.000016,0.000005
arm_1_left_finger,574.748000,0.299526,-0.450428,0.105520,0.707109,-0.707105,-0.000013,0.000002
arm_1_left_finger,574.763000,0.299499,-0.450397,0.105087,0.707109,-0.707105,-0.000015,0.000004
arm_1_left_finger,574.777000,0.299475,-0.450369,0.104701,0.707109,-0.707105,-0.000013,0.000002
arm_1_left_finger,574.792000,0.299449,-0.450339,0.104307,0.707109,-0.707105,-0.000014,0.000004
arm_1_left_finger,574.806000,0.299427,-0.450313,0.103955,0.707109,-0.707105,-0.000013,0.000003
arm_1_left_finger,574.821000,0.299404,-0.450286,0.103596,0.707109,-0.707105,-0.000013,0.000003
arm_1_left_finger,574.836000,0.299381,-0.450260,0.103257,0.707109,-0.707105,-0.000014,0.000004
arm_1_left_finger,574.849000,0.299363,-0.450239,0.102977,0.707109,-0.707105,-0.000013,0.000003
arm_1_left_finger,574.862000,0.299345,-0.450218,0.102712,0.707109,-0.707105,-0.000014,0.000004
arm_1_left_finger,574.876000,0.299327,-0.450198,0.102443,0.707109,-0.707105,-0.000013,0.000003
arm_1_left_finger,574.890000,0.299310,-0.450178,0.102190,0.707109,-0.707105,-0.000014,0.000004
arm_1_left_finger,574.904000,0.299294,-0.450159,0.101953,0.707109,-0.707105,-0.000013,0.000003
arm_1_left_finger,574.918000,0.299279,-0.450142,0.101733,0.707109,-0.707105,-0.000012,0.000002
arm_1_left_finger,574.932000,0.299265,-0.450126,0.101530,0.707109,-0.707105,-0.000013,0.000003
arm_1_left_finger,574.946000,0.299252,-0.450111,0.101342,0.707109,-0.707105,-0.000013,0.000003
arm_1_left_finger,574.960000,0.299240,-0.450097,0.101171,0.707109,-0.707105,-0.000014,0.000004
arm_1_left_finger,574.974000,0.299229,-0.450085,0.101017,0.707109,-0.707105,-0.000013,0.000003
arm_1_left_finger,574.988000,0.299220,-0.450074,0.100879,0.707109,-0.707105,-0.000012,0.000002
arm_1_left_finger,575.002000,0.299212,-0.450064,0.100758,0.707109,-0.707105,-0.000012,0.000003
arm_1_left_finger,575.016000,0.299204,-0.450056,0.100653,0.707109,-0.707105,-0.000012,0.000003
arm_1_left_finger,575.030000,0.299198,-0.450048,0.100564,0.707109,-0.707105,-0.000012,0.000003
arm_1_left_finger,575.044000,0.299193,-0.450043,0.100492,0.707109,-0.707105,-0.000013,0.000003
arm_1_left_finger,575.058000,0.299189,-0.450038,0.100434,0.707109,-0.707105,-0.000012,0.000003
arm_1_left_finger,575.072000,0.299185,-0.450034,0.100387,0.707109,-0.707105,-0.000013,0.000004
arm_1_left_finger,575.086000,0.299182,-0.450031,0.100350,0.707109,-0.707105,-0.000012,0.000003
arm_1_left_finger,575.101000,0.299175,-0.450028,0.100320,0.707109,-0.707105,-0.000041,0.000032
arm_1_left_finger,575.115000,0.299087,-0.450027,0.100322,0.707109,-0.707105,-0.000335,0.000326
arm_1_left_finger,575.130000,0.298858,-0.450025,0.100371,0.707108,-0.707105,-0.000729,0.000720
arm_1_left_finger,575.147000,0.298468,-0.450024,0.100475,0.707108,-0.707104,-0.001079,0.001070
arm_1_left_finger,575.163000,0.298001,-0.450022,0.100611,0.707107,-0.707104,-0.001344,0.001335
arm_1_left_finger,575.179000,0.297461,-0.450022,0.100779,0.707107,-0.707103,-0.001553,0.001544
arm_1_left_finger,575.197000,0.296791,-0.450021,0.101001,0.707107,-0.707103,-0.001720,0.001711
arm_1_left_finger,575.214000,0.296108,-0.450020,0.101239,0.707106,-0.707103,-0.001852,0.001843
arm_1_left_finger,575.232000,0.295350,-0.450020,0.101517,0.707106,-0.707102,-0.001948,0.001939
arm_1_left_finger,575.248000,0.294654,-0.450020,0.101786,0.707106,-0.707102,-0.002020,0.002011
arm_1_left_finger,575.266000,0.293853,-0.450020,0.102109,0.707106,-0.707102,-0.002078,0.002068
arm_1_left_finger,575.283000,0.293084,-0.450019,0.102434,0.707105,-0.707102,-0.002121,0.002111
arm_1_left_finger,575.300000,0.292309,-0.450019,0.102776,0.707105,-0.707102,-0.002153,0.002143
arm_1_left_finger,575.317000,0.291530,-0.450019,0.103135,0.707105,-0.707102,-0.002177,0.002168
arm_1_left_finger,575.334000,0.290750,-0.450019,0.103509,0.707105,-0.707102,-0.002196,0.002187
arm_1_left_finger,575.352000,0.289925,-0.450019,0.103922,0.707105,-0.707101,-0.002211,0.002201
arm_1_left_finger,575.368000,0.289194,-0.450019,0.104303,0.707105,-0.707101,-0.002221,0.002212
arm_1_left_finger,575.384000,0.288466,-0.450019,0.104696,0.707105,-0.707101,-0.002229,0.002220
arm_1_left_finger,575.401000,0.287697,-0.450019,0.105127,0.707105,-0.707101,-0.002235,0.002226
arm_1_left_finger,575.418000,0.286933,-0.450019,0.105572,0.707105,-0.707101,-0.002240,0.002231
arm_1_left_finger,575.435000,0.286175,-0.450019,0.106029,0.707105,-0.707101,-0.002244,0.002235
arm_1_left_finger,575.452000,0.285424,-0.450019,0.106500,0.707105,-0.707101,-0.002247,0.002238
arm_1_left_finger,575.469000,0.284679,-0.450019,0.106983,0.707105,-0.707101,-0.002249,0.002240
arm_1_left_finger,575.485000,0.283985,-0.450019,0.107449,0.707105,-0.707101,-0.002251,0.002242
arm_1_left_finger,575.501000,0.283298,-0.450019,0.107926,0.707105,-0.707101,-0.002252,0.002243
arm_1_left_finger,575.518000,0.282576,-0.450019,0.108444,0.707105,-0.707101,-0.002253,0.002244
arm_1_left_finger,575.535000,0.281873,-0.450019,0.108965,0.707105,-0.707102,-0.002174,0.002165
arm_1_left_finger,575.552000,0.281310,-0.450019,0.109395,0.707107,-0.707103,-0.001729,0.001720
arm_1_left_finger,575.566000,0.280950,-0.450019,0.109676,0.707107,-0.707104,-0.001391,0.001382
arm_1_left_finger,575.582000,0.280627,-0.450019,0.109933,0.707108,-0.707104,-0.001094,0.001085
arm_1_left_finger,575.599000,0.280366,-0.450019,0.110143,0.707108,-0.707104,-0.000827,0.000818
arm_1_left_finger,575.616000,0.280166,-0.450019,0.110306,0.707108,-0.707105,-0.000639,0.000630
arm_1_left_finger,575.632000,0.280022,-0.450019,0.110424,0.707108,-0.707105,-0.000498,0.000489
arm_1_left_finger,575.649000,0.279905,-0.450019,0.110521,0.707109,-0.707105,-0.000381,0.000372
arm_1_left_finger,575.666000,0.279815,-0.450019,0.110596,0.707109,-0.707105,-0.000298,0.000288
arm_1_left_finger,575.683000,0.279747,-0.450019,0.110652,0.707109,-0.707105,-0.000227,0.000218
arm_1_left_finger,575.700000,0.279695,-0.450019,0.110696,0.707109,-0.707105,-0.000177,0.000168
arm_1_left_finger,575.716000,0.279657,-0.450019,0.110728,0.707109,-0.707105,-0.000140,0.000131
arm_1_left_finger,575.733000,0.279626,-0.450019,0.110754,0.707109,-0.707105,-0.000109,0.000100
arm_1_left_finger,575.750000,0.279603,-0.450020,0.110779,0.707109,-0.707105,-0.000087,0.000078
arm_1_left_finger,575.767000,0.279587,-0.450021,0.110809,0.707109,-0.707105,-0.000068,0.000059
arm_1_left_finger,575.784000,0.279575,-0.450024,0.110848,0.707109,-0.707105,-0.000055,0.000046
arm_1_left_finger,575.801000,0.279568,-0.450028,0.110899,0.707109,-0.707105,-0.000045,0.000036
arm_1_left_finger,575.818000,0.279565,-0.450034,0.110965,0.707109,-0.707105,-0.000037,0.000028
arm_1_left_finger,575.835000,0.279565,-0.450042,0.111048,0.707109,-0.707105,-0.000031,0.000022
arm_1_left_finger,575.853000,0.279568,-0.450053,0.111157,0.707109,-0.707105,-0.000026,0.000017
arm_1_left_finger,575.870000,0.279574,-0.450065,0.111280,0.707109,-0.707105,-0.000023,0.000013
arm_1_left_finger,575.887000,0.279583,-0.450080,0.111424,0.707109,-0.707105,-0.000020,0.000011
arm_1_left_finger,575.904000,0.279594,-0.450096,0.111589,0.707109,-0.707105,-0.000018,0.000009
arm_1_left_finger,575.921000,0.279607,-0.450115,0.111777,0.707109,-0.707105,-0.000017,0.000007
arm_1_left_finger,575.938000,0.279622,-0.450136,0.111987,0.707109,-0.707105,-0.000016,0.000006
arm_1_left_finger,575.955000,0.279639,-0.450160,0.112220,0.707109,-0.707105,-0.000015,0.000005
arm_1_left_finger,575.972000,0.279658,-0.450185,0.112476,0.707109,-0.707105,-0.000014,0.000004
arm_1_left_finger,575.989000,0.279680,-0.450213,0.112755,0.707109,-0.707105,-0.000014,0.000004
arm_1_left_finger,576.004000,0.279700,-0.450240,0.113021,0.707108,-0.707105,-0.000014,0.000003
arm_1_left_finger,576.022000,0.279726,-0.450273,0.113364,0.707108,-0.707105,-0.000014,0.000003
arm_1_left_finger,576.039000,0.279754,-0.450307,0.113711,0.707108,-0.707105,-0.000007,-0.000003
arm_1_left_finger,576.057000,0.279783,-0.450346,0.114106,0.707108,-0.707105,-0.000014,0.000004
arm_1_left_finger,576.074000,0.279813,-0.450384,0.114504,0.707108,-0.707105,-0.000015,0.000004
arm_1_left_finger,576.092000,0.279845,-0.450427,0.114950,0.707108,-0.707105,-0.000014,0.000003
arm_1_left_finger,576.109000,0.279880,-0.450469,0.115395,0.707108,-0.707105,-0.000007,-0.000004
arm_1_left_finger,576.126000,0.279914,-0.450514,0.115865,0.707108,-0.707105,-0.000015,0.000004
arm_1_left_finger,576.143000,0.279949,-0.450560,0.116359,0.707108,-0.707105,-0.000015,0.000004
arm_1_left_finger,576.160000,0.279986,-0.450608,0.116878,0.707108,-0.707105,-0.000015,0.000003
arm_1_left_finger,576.178000,0.280029,-0.450661,0.117451,0.707108,-0.707105,-0.000013,0.000001
arm_1_left_finger,576.196000,0.280071,-0.450715,0.118053,0.707108,-0.707105,-0.000016,0.000004
arm_1_left_finger,576.214000,0.280114,-0.450771,0.118681,0.707108,-0.707105,-0.000016,0.000003
arm_1_left_finger,576.232000,0.280161,-0.450829,0.119335,0.707108,-0.707105,-0.000007,-0.000006
arm_1_left_finger,576.249000,0.280204,-0.450885,0.119979,0.707108,-0.707105,-0.000017,0.000004
arm_1_left_finger,576.267000,0.280250,-0.450946,0.120687,0.707108,-0.707105,-0.000017,0.000004
arm_1_left_finger,576.285000,0.280298,-0.451009,0.121423,0.707108,-0.707105,-0.000017,0.000003
arm_1_left_finger,576.302000,0.280347,-0.451069,0.122140,0.707108,-0.707106,-0.000017,0.000003
arm_1_left_finger,576.319000,0.280393,-0.451130,0.122884,0.707108,-0.707106,-0.000018,0.000004
arm_1_left_finger,576.337000,0.280444,-0.451196,0.123697,0.707108,-0.707106,-0.000018,0.000003
arm_1_left_finger,576.354000,0.280495,-0.451259,0.124489,0.707108,-0.707106,-0.000018,0.000002
arm_1_left_finger,576.371000,0.280544,-0.451323,0.125307,0.707108,-0.707106,-0.000019,0.000004
arm_1_left_finger,576.389000,0.280596,-0.451391,0.126199,0.707108,-0.707106,-0.000019,0.000003
arm_1_left_finger,576.407000,0.280651,-0.451460,0.127117,0.707108,-0.707106,-0.000019,0.000003
arm_1_left_finger,576.424000,0.280702,-0.451526,0.128011,0.707108,-0.707106,-0.000020,0.000004
arm_1_left_finger,576.442000,0.280758,-0.451596,0.128982,0.707108,-0.707106,-0.000005,-0.000012
arm_1_left_finger,576.459000,0.280808,-0.451662,0.129926,0.707108,-0.707106,-0.000021,0.000003
arm_1_left_finger,576.477000,0.280862,-0.451732,0.130952,0.707108,-0.707106,-0.000022,0.000003
arm_1_left_finger,576.494000,0.280916,-0.451799,0.131945,0.707108,-0.707106,-0.000015,-0.000003
arm_1_left_finger,576.512000,0.280969,-0.451869,0.133025,0.707107,-0.707106,-0.000023,0.000004
arm_1_left_finger,576.530000,0.281023,-0.451939,0.134132,0.707107,-0.707106,-0.000023,0.000003
arm_1_left_finger,576.548000,0.281078,-0.452008,0.135265,0.707107,-0.707106,-0.000022,0.000002
arm_1_left_finger,576.566000,0.281131,-0.452077,0.136428,0.707107,-0.707106,-0.000024,0.000003
arm_1_left_finger,576.584000,0.281186,-0.452145,0.137616,0.707107,-0.707106,-0.000018,-0.000003
arm_1_left_finger,576.601000,0.281234,-0.452208,0.138766,0.707107,-0.707106,-0.000025,0.000003
arm_1_left_finger,576.618000,0.281282,-0.452271,0.139940,0.707107,-0.707106,-0.000025,0.000003
arm_1_left_finger,576.635000,0.281331,-0.452332,0.141138,0.707107,-0.707106,-0.000024,0.000001
arm_1_left_finger,576.652000,0.281377,-0.452392,0.142362,0.707107,-0.707107,-0.000026,0.000003
arm_1_left_finger,576.669000,0.281424,-0.452451,0.143609,0.707107,-0.707107,-0.000019,-0.000005
arm_1_left_finger,576.686000,0.281467,-0.452508,0.144882,0.707107,-0.707107,-0.000027,0.000003
arm_1_left_finger,576.703000,0.281510,-0.452563,0.146181,0.707107,-0.707107,-0.000028,0.000003
arm_1_left_finger,576.719000,0.281550,-0.452613,0.147425,0.707107,-0.707107,-0.000027,0.000002
arm_1_left_finger,576.736000,0.281589,-0.452665,0.148772,0.707107,-0.707107,-0.000029,0.000003
arm_1_left_finger,576.753000,0.281629,-0.452714,0.150142,0.707107,-0.707107,-0.000026,-0.000000
arm_1_left_finger,576.771000,0.281667,-0.452764,0.151622,0.707107,-0.707107,-0.000030,0.000003
arm_1_left_finger,576.789000,0.281704,-0.452811,0.153129,0.707106,-0.707107,-0.000026,-0.000002
arm_1_left_finger,576.806000,0.281736,-0.452852,0.154579,0.707106,-0.707107,-0.000031,0.000003
arm_1_left_finger,576.823000,0.281767,-0.452890,0.156053,0.707106,-0.707107,-0.000023,-0.000006
arm_1_left_finger,576.840000,0.281793,-0.452925,0.157554,0.707106,-0.707107,-0.000032,0.000003
arm_1_left_finger,576.858000,0.281821,-0.452959,0.159167,0.707106,-0.707107,-0.000022,-0.000008
arm_1_left_finger,576.875000,0.281841,-0.452987,0.160718,0.707106,-0.707107,-0.000034,0.000003
arm_1_left_finger,576.892000,0.281862,-0.453012,0.162292,0.707106,-0.707108,-0.000022,-0.000010
arm_1_left_finger,576.909000,0.281877,-0.453032,0.163896,0.707106,-0.707108,-0.000035,0.000002
arm_1_left_finger,576.924000,0.281890,-0.453047,0.165330,0.707106,-0.707108,-0.000018,-0.000015
arm_1_left_finger,576.940000,0.281898,-0.453059,0.166877,0.707106,-0.707108,-0.000036,0.000002
arm_1_left_finger,576.956000,0.281903,-0.453067,0.168431,0.707106,-0.707108,-0.000037,0.000002
arm_1_left_finger,576.973000,0.281908,-0.453071,0.170082,0.707106,-0.707108,-0.000036,0.000001
arm_1_left_finger,576.990000,0.281906,-0.453071,0.171730,0.707106,-0.707108,-0.000038,0.000002
arm_1_left_finger,577.006000,0.281904,-0.453066,0.173271,0.707105,-0.707108,-0.000037,-0.000000
arm_1_left_finger,577.021000,0.281897,-0.453058,0.174707,0.707105,-0.707108,-0.000039,0.000002
arm_1_left_finger,577.032000,0.281893,-0.453050,0.175752,0.707105,-0.707108,-0.000025,-0.000013
arm_1_left_finger,577.049000,0.281879,-0.453035,0.177355,0.707105,-0.707108,-0.000040,0.000002
arm_1_left_finger,577.066000,0.281863,-0.453015,0.178940,0.707105,-0.707108,-0.000041,0.000002
arm_1_left_finger,577.083000,0.281846,-0.452991,0.180504,0.707105,-0.707108,-0.000040,0.000001
arm_1_left_finger,577.101000,0.281823,-0.452962,0.182140,0.707105,-0.707109,-0.000042,0.000002
arm_1_left_finger,577.118000,0.281800,-0.452931,0.183661,0.707105,-0.707109,-0.000040,-0.000001
arm_1_left_finger,577.136000,0.281770,-0.452895,0.185250,0.707105,-0.707109,-0.000043,0.000001
arm_1_left_finger,577.154000,0.281740,-0.452855,0.186810,0.707105,-0.707109,-0.000038,-0.000004
arm_1_left_finger,577.171000,0.281708,-0.452814,0.188263,0.707105,-0.707109,-0.000044,0.000001
arm_1_left_finger,577.188000,0.281675,-0.452770,0.189690,0.707105,-0.707109,-0.000027,-0.000017
arm_1_left_finger,577.205000,0.281638,-0.452724,0.191097,0.707105,-0.707109,-0.000045,0.000001
arm_1_left_finger,577.220000,0.281604,-0.452681,0.192318,0.707105,-0.707109,-0.000046,0.000001
arm_1_left_finger,577.236000,0.281568,-0.452633,0.193597,0.707104,-0.707109,-0.000038,-0.000007
arm_1_left_finger,577.248000,0.281539,-0.452596,0.194545,0.707104,-0.707109,-0.000046,0.000000
arm_1_left_finger,577.264000,0.281499,-0.452545,0.195789,0.707104,-0.707109,-0.000047,0.000001
arm_1_left_finger,577.281000,0.281457,-0.452489,0.197087,0.707104,-0.707109,-0.000041,-0.000006
arm_1_left_finger,577.298000,0.281411,-0.452432,0.198362,0.707104,-0.707109,-0.000048,0.000001
arm_1_left_finger,577.315000,0.281364,-0.452373,0.199613,0.707104,-0.707109,-0.000048,0.000000
arm_1_left_finger,577.333000,0.281316,-0.452308,0.200910,0.707104,-0.707109,-0.000048,-0.000001
arm_1_left_finger,577.351000,0.281264,-0.452243,0.202180,0.707104,-0.707110,-0.000049,0.000000
arm_1_left_finger,577.366000,0.281222,-0.452187,0.203216,0.707104,-0.707110,-0.000032,-0.000018
arm_1_left_finger,577.383000,0.281172,-0.452125,0.204353,0.707104,-0.707110,-0.000050,-0.000000
arm_1_left_finger,577.400000,0.281121,-0.452060,0.205487,0.707104,-0.707110,-0.000050,0.000000
arm_1_left_finger,577.417000,0.281072,-0.451994,0.206593,0.707104,-0.707110,-0.000040,-0.000011
arm_1_left_finger,577.435000,0.281017,-0.451924,0.207738,0.707104,-0.707110,-0.000051,-0.000000
arm_1_left_finger,577.452000,0.280965,-0.451858,0.208795,0.707104,-0.707110,-0.000052,-0.000000
arm_1_left_finger,577.469000,0.280914,-0.451792,0.209824,0.707104,-0.707110,-0.000044,-0.000008
arm_1_left_finger,577.487000,0.280858,-0.451721,0.210889,0.707104,-0.707110,-0.000052,-0.000000
arm_1_left_finger,577.504000,0.280806,-0.451654,0.211870,0.707104,-0.707110,-0.000053,-0.000001
arm_1_left_finger,577.522000,0.280753,-0.451584,0.212879,0.707104,-0.707110,-0.000045,-0.000009
arm_1_left_finger,577.540000,0.280697,-0.451514,0.213863,0.707103,-0.707110,-0.000053,-0.000001
arm_1_left_finger,577.558000,0.280643,-0.451444,0.214818,0.707103,-0.707110,-0.000054,-0.000001
arm_1_left_finger,577.576000,0.280590,-0.451375,0.215744,0.707103,-0.707110,-0.000041,-0.000014
arm_1_left_finger,577.594000,0.280536,-0.451306,0.216645,0.707103,-0.707110,-0.000054,-0.000001
arm_1_left_finger,577.612000,0.280483,-0.451239,0.217519,0.707103,-0.707110,-0.000055,-0.000001
arm_1_left_finger,577.630000,0.280431,-0.451172,0.218363,0.707103,-0.707110,-0.000054,-0.000001
arm_1_left_finger,577.648000,0.280381,-0.451106,0.219179,0.707103,-0.707110,-0.000054,-0.000002
arm_1_left_finger,577.663000,0.280339,-0.451053,0.219839,0.707103,-0.707110,-0.000056,-0.000001
arm_1_left_finger,577.681000,0.280289,-0.450989,0.220607,0.707103,-0.707110,-0.000055,-0.000001
arm_1_left_finger,577.699000,0.280242,-0.450927,0.221344,0.707103,-0.707110,-0.000044,-0.000014
arm_1_left_finger,577.717000,0.280194,-0.450866,0.222057,0.707103,-0.707111,-0.000056,-0.000001
arm_1_left_finger,577.734000,0.280150,-0.450810,0.222703,0.707103,-0.707111,-0.000056,-0.000001
arm_1_left_finger,577.751000,0.280107,-0.450756,0.223325,0.707103,-0.707111,-0.000056,-0.000002
arm_1_left_finger,577.769000,0.280065,-0.450700,0.223955,0.707103,-0.707111,-0.000048,-0.000011
arm_1_left_finger,577.787000,0.280023,-0.450646,0.224560,0.707103,-0.707111,-0.000057,-0.000001
arm_1_left_finger,577.805000,0.279981,-0.450594,0.225137,0.707103,-0.707111,-0.000057,-0.000002
arm_1_left_finger,577.823000,0.279942,-0.450543,0.225686,0.707103,-0.707111,-0.000057,-0.000002
arm_1_left_finger,577.841000,0.279906,-0.450495,0.226205,0.707103,-0.707111,-0.000042,-0.000017
arm_1_left_finger,577.859000,0.279870,-0.450449,0.226698,0.707103,-0.707111,-0.000057,-0.000002
arm_1_left_finger,577.877000,0.279835,-0.450406,0.227165,0.707103,-0.707111,-0.000058,-0.000002
arm_1_left_finger,577.894000,0.279804,-0.450366,0.227580,0.707103,-0.707111,-0.000058,-0.000002
arm_1_left_finger,577.910000,0.279777,-0.450331,0.227947,0.707103,-0.707111,-0.000058,-0.000002
arm_1_left_finger,577.927000,0.279751,-0.450296,0.228313,0.707103,-0.707111,-0.000043,-0.000018
arm_1_left_finger,577.944000,0.279725,-0.450263,0.228654,0.707103,-0.707111,-0.000058,-0.000002
arm_1_left_finger,577.962000,0.279699,-0.450230,0.228990,0.707103,-0.707111,-0.000059,-0.000002
arm_1_left_finger,577.979000,0.279677,-0.450202,0.229281,0.707103,-0.707111,-0.000058,-0.000002
arm_1_left_finger,577.997000,0.279655,-0.450174,0.229563,0.707103,-0.707111,-0.000058,-0.000002
arm_1_left_finger,578.015000,0.279635,-0.450149,0.229817,0.707103,-0.707111,-0.000058,-0.000003
arm_1_left_finger,578.032000,0.279620,-0.450128,0.230030,0.707103,-0.707111,-0.000055,-0.000006
arm_1_left_finger,578.049000,0.279605,-0.450109,0.230219,0.707103,-0.707111,-0.000059,-0.000002
arm_1_left_finger,578.067000,0.279591,-0.450092,0.230393,0.707103,-0.707111,-0.000059,-0.000002
arm_1_left_finger,578.084000,0.279580,-0.450078,0.230532,0.707103,-0.707111,-0.000059,-0.000002
arm_1_left_finger,578.101000,0.279571,-0.450067,0.230646,0.707103,-0.707111,-0.000058,-0.000003
arm_1_left_finger,578.118000,0.279564,-0.450058,0.230736,0.707103,-0.707111,-0.000086,0.000025
arm_1_left_finger,578.135000,0.279558,-0.450051,0.230804,0.707103,-0.707111,-0.000060,-0.000001
arm_1_left_finger,578.151000,0.279554,-0.450046,0.230854,0.707103,-0.707111,-0.000062,0.000000
arm_1_left_finger,578.167000,0.279553,-0.450042,0.230891,0.707103,-0.707111,-0.000059,-0.000002
arm_1_left_finger,578.185000,0.279554,-0.450042,0.230886,0.707103,-0.707111,-0.000058,-0.000002
arm_1_left_finger,578.203000,0.279562,-0.450041,0.230872,0.707104,-0.707110,-0.000047,-0.000001
arm_1_left_finger,578.220000,0.279581,-0.450034,0.230868,0.707106,-0.707108,-0.000021,0.000002
arm_1_left_finger,578.237000,0.279613,-0.450022,0.230875,0.707110,-0.707104,0.000025,0.000008
arm_1_left_finger,578.254000,0.279662,-0.450002,0.230892,0.707116,-0.707098,0.000086,0.000023
arm_1_left_finger,578.271000,0.279729,-0.449974,0.230922,0.707124,-0.707089,0.000178,0.000039
arm_1_left_finger,578.288000,0.279816,-0.449937,0.230963,0.707135,-0.707079,0.000303,0.000054
arm_1_left_finger,578.306000,0.279932,-0.449888,0.231021,0.707149,-0.707064,0.000472,0.000071
arm_1_left_finger,578.324000,0.280073,-0.449828,0.231092,0.707167,-0.707047,0.000638,0.000131
arm_1_left_finger,578.342000,0.280240,-0.449756,0.231178,0.707187,-0.707026,0.000897,0.000140
arm_1_left_finger,578.360000,0.280432,-0.449674,0.231278,0.707211,-0.707002,0.001184,0.000161
arm_1_left_finger,578.377000,0.280640,-0.449584,0.231386,0.707237,-0.706976,0.001447,0.000231
arm_1_left_finger,578.395000,0.280886,-0.449478,0.231516,0.707267,-0.706944,0.001822,0.000252
arm_1_left_finger,578.412000,0.281144,-0.449367,0.231651,0.707298,-0.706912,0.002203,0.000285
arm_1_left_finger,578.430000,0.281444,-0.449237,0.231810,0.707335,-0.706874,0.002606,0.000363
arm_1_left_finger,578.448000,0.281772,-0.449094,0.231983,0.707375,-0.706832,0.003099,0.000395
arm_1_left_finger,578.466000,0.282127,-0.448939,0.232171,0.707418,-0.706786,0.003578,0.000485
arm_1_left_finger,578.483000,0.282490,-0.448781,0.232362,0.707462,-0.706740,0.004122,0.000520
arm_1_left_finger,578.500000,0.282876,-0.448612,0.232567,0.707508,-0.706690,0.004688,0.000573
arm_1_left_finger,578.518000,0.283313,-0.448420,0.232799,0.707560,-0.706633,0.005297,0.000662
arm_1_left_finger,578.536000,0.283777,-0.448216,0.233045,0.707615,-0.706572,0.005980,0.000719
arm_1_left_finger,578.553000,0.284242,-0.448010,0.233292,0.707670,-0.706511,0.006623,0.000819
arm_1_left_finger,578.570000,0.284731,-0.447793,0.233553,0.707728,-0.706446,0.007346,0.000875
arm_1_left_finger,578.588000,0.285277,-0.447550,0.233844,0.707792,-0.706374,0.008104,0.000987
arm_1_left_finger,578.605000,0.285817,-0.447309,0.234132,0.707854,-0.706302,0.008905,0.001046
arm_1_left_finger,578.622000,0.286383,-0.447055,0.234434,0.707920,-0.706225,0.009733,0.001117
arm_1_left_finger,578.640000,0.287009,-0.446773,0.234769,0.707991,-0.706140,0.010619,0.001226
arm_1_left_finger,578.657000,0.287626,-0.446493,0.235100,0.708061,-0.706056,0.011524,0.001299
arm_1_left_finger,578.674000,0.288267,-0.446202,0.235444,0.708134,-0.705968,0.012419,0.001420
arm_1_left_finger,578.692000,0.288973,-0.445879,0.235823,0.708213,-0.705869,0.013469,0.001488
arm_1_left_finger,578.709000,0.289666,-0.445561,0.236196,0.708289,-0.705772,0.014481,0.001571
arm_1_left_finger,578.726000,0.290383,-0.445230,0.236582,0.708368,-0.705671,0.015500,0.001683
arm_1_left_finger,578.743000,0.291124,-0.444886,0.236983,0.708449,-0.705565,0.016592,0.001760
arm_1_left_finger,578.760000,0.291890,-0.444529,0.237397,0.708531,-0.705456,0.017670,0.001887
arm_1_left_finger,578.777000,0.292681,-0.444158,0.237825,0.708615,-0.705340,0.018845,0.001955
arm_1_left_finger,578.795000,0.293544,-0.443751,0.238293,0.708706,-0.705214,0.020114,0.002040
arm_1_left_finger,578.813000,0.294435,-0.443328,0.238778,0.708799,-0.705082,0.021396,0.002154
arm_1_left_finger,578.830000,0.295300,-0.442915,0.239250,0.708888,-0.704953,0.022672,0.002232
arm_1_left_finger,578.847000,0.296191,-0.442487,0.239736,0.708979,-0.704819,0.023946,0.002350
arm_1_left_finger,578.862000,0.296996,-0.442098,0.240177,0.709060,-0.704696,0.025138,0.002414
arm_1_left_finger,578.879000,0.297931,-0.441644,0.240689,0.709153,-0.704552,0.026520,0.002487
arm_1_left_finger,578.892000,0.298663,-0.441286,0.241091,0.709224,-0.704438,0.027594,0.002550
arm_1_left_finger,578.907000,0.299524,-0.440863,0.241565,0.709307,-0.704305,0.028819,0.002661
arm_1_left_finger,578.924000,0.300523,-0.440369,0.242116,0.709403,-0.704146,0.030313,0.002714
arm_1_left_finger,578.942000,0.301605,-0.439829,0.242714,0.709505,-0.703972,0.031918,0.002782
arm_1_left_finger,578.959000,0.302652,-0.439304,0.243294,0.709601,-0.703804,0.033440,0.002876
arm_1_left_finger,578.977000,0.303786,-0.438730,0.243924,0.709704,-0.703617,0.035131,0.002930
arm_1_left_finger,578.994000,0.304882,-0.438172,0.244535,0.709802,-0.703437,0.036722,0.003022
arm_1_left_finger,579.011000,0.306000,-0.437598,0.245159,0.709900,-0.703249,0.038400,0.003057
arm_1_left_finger,579.027000,0.307074,-0.437043,0.245761,0.709992,-0.703066,0.039999,0.003100
arm_1_left_finger,579.043000,0.308168,-0.436473,0.246375,0.710084,-0.702880,0.041601,0.003167
arm_1_left_finger,579.061000,0.309422,-0.435814,0.247082,0.710187,-0.702661,0.043485,0.003193
arm_1_left_finger,579.077000,0.310560,-0.435212,0.247724,0.710279,-0.702464,0.045143,0.003262
arm_1_left_finger,579.093000,0.311717,-0.434595,0.248380,0.710370,-0.702257,0.046893,0.003264
arm_1_left_finger,579.110000,0.312968,-0.433922,0.249090,0.710467,-0.702031,0.048774,0.003272
arm_1_left_finger,579.126000,0.314166,-0.433272,0.249773,0.710557,-0.701815,0.050541,0.003311
arm_1_left_finger,579.144000,0.315537,-0.432523,0.250557,0.710657,-0.701560,0.052619,0.003294
arm_1_left_finger,579.162000,0.316933,-0.431752,0.251358,0.710756,-0.701301,0.054689,0.003316
arm_1_left_finger,579.179000,0.318274,-0.431006,0.252130,0.710849,-0.701045,0.056730,0.003277
arm_1_left_finger,579.197000,0.319718,-0.430194,0.252964,0.710945,-0.700770,0.058881,0.003277
arm_1_left_finger,579.214000,0.321103,-0.429408,0.253768,0.711035,-0.700499,0.060997,0.003218
arm_1_left_finger,579.231000,0.322510,-0.428603,0.254587,0.711122,-0.700224,0.063095,0.003202
arm_1_left_finger,579.249000,0.324023,-0.427729,0.255470,0.711213,-0.699918,0.065423,0.003105
arm_1_left_finger,579.267000,0.325559,-0.426831,0.256372,0.711302,-0.699609,0.067733,0.003054
arm_1_left_finger,579.283000,0.326945,-0.426015,0.257187,0.711378,-0.699322,0.069865,0.002951
arm_1_left_finger,579.298000,0.328260,-0.425233,0.257965,0.711448,-0.699047,0.071879,0.002858
arm_1_left_finger,579.315000,0.329770,-0.424327,0.258861,0.711525,-0.698730,0.074168,0.002767
arm_1_left_finger,579.333000,0.331391,-0.423344,0.259826,0.711603,-0.698381,0.076673,0.002612
arm_1_left_finger,579.350000,0.332942,-0.422394,0.260755,0.711673,-0.698046,0.079034,0.002493
arm_1_left_finger,579.368000,0.334606,-0.421364,0.261755,0.711745,-0.697677,0.081617,0.002304
arm_1_left_finger,579.382000,0.335916,-0.420545,0.262546,0.711797,-0.697387,0.083609,0.002190
arm_1_left_finger,579.396000,0.337239,-0.419712,0.263347,0.711848,-0.697087,0.085666,0.002023
arm_1_left_finger,579.413000,0.338863,-0.418678,0.264335,0.711906,-0.696713,0.088197,0.001803
arm_1_left_finger,579.431000,0.340602,-0.417559,0.265399,0.711963,-0.696309,0.090887,0.001578
arm_1_left_finger,579.448000,0.342265,-0.416478,0.266420,0.712012,-0.695921,0.093444,0.001369
arm_1_left_finger,579.465000,0.343946,-0.415373,0.267458,0.712057,-0.695513,0.096098,0.001076
arm_1_left_finger,579.483000,0.345746,-0.414176,0.268575,0.712100,-0.695078,0.098894,0.000797
arm_1_left_finger,579.501000,0.347566,-0.412952,0.269711,0.712137,-0.694624,0.101775,0.000448
arm_1_left_finger,579.518000,0.349303,-0.411770,0.270801,0.712167,-0.694191,0.104486,0.000143
arm_1_left_finger,579.536000,0.351160,-0.410492,0.271972,0.712193,-0.693713,0.107438,-0.000250
arm_1_left_finger,579.554000,0.353037,-0.409184,0.273163,0.712213,-0.693228,0.110395,-0.000635
arm_1_left_finger,579.571000,0.354827,-0.407923,0.274305,0.712226,-0.692763,0.113198,-0.000998
arm_1_left_finger,579.589000,0.356740,-0.406558,0.275533,0.712232,-0.692244,0.116278,-0.001485
arm_1_left_finger,579.607000,0.358671,-0.405164,0.276779,0.712232,-0.691722,0.119341,-0.001945
arm_1_left_finger,579.624000,0.360511,-0.403818,0.277975,0.712225,-0.691209,0.122305,-0.002443
arm_1_left_finger,579.642000,0.362475,-0.402364,0.279259,0.712211,-0.690660,0.125440,-0.002962
arm_1_left_finger,579.660000,0.364456,-0.400879,0.280563,0.712188,-0.690099,0.128602,-0.003499
arm_1_left_finger,579.678000,0.366454,-0.399362,0.281886,0.712158,-0.689512,0.131864,-0.004135
arm_1_left_finger,579.695000,0.368355,-0.397899,0.283154,0.712121,-0.688955,0.134915,-0.004699
arm_1_left_finger,579.712000,0.370271,-0.396407,0.284440,0.712076,-0.688374,0.138058,-0.005355
arm_1_left_finger,579.729000,0.372201,-0.394884,0.285745,0.712024,-0.687791,0.141176,-0.005983
arm_1_left_finger,579.746000,0.374143,-0.393334,0.287066,0.711962,-0.687182,0.144381,-0.006701
arm_1_left_finger,579.763000,0.376094,-0.391755,0.288403,0.711893,-0.686571,0.147561,-0.007398
arm_1_left_finger,579.779000,0.377935,-0.390247,0.289673,0.711819,-0.685977,0.150611,-0.008122
arm_1_left_finger,579.796000,0.379893,-0.388623,0.291034,0.711733,-0.685344,0.153823,-0.008877
arm_1_left_finger,579.812000,0.381735,-0.387075,0.292323,0.711643,-0.684730,0.156894,-0.009655
arm_1_left_finger,579.829000,0.383689,-0.385413,0.293700,0.711541,-0.684077,0.160121,-0.010466
arm_1_left_finger,579.845000,0.385523,-0.383832,0.295002,0.711435,-0.683446,0.163200,-0.011295
arm_1_left_finger,579.862000,0.387466,-0.382136,0.296392,0.711316,-0.682776,0.166429,-0.012159
arm_1_left_finger,579.879000,0.389401,-0.380425,0.297787,0.711187,-0.682088,0.169701,-0.013096
arm_1_left_finger,579.890000,0.390648,-0.379310,0.298692,0.711099,-0.681641,0.171802,-0.013701
arm_1_left_finger,579.901000,0.391892,-0.378189,0.299599,0.711007,-0.681191,0.173902,-0.014317
arm_1_left_finger,579.918000,0.393807,-0.376444,0.301004,0.710859,-0.680494,0.177125,-0.015272
arm_1_left_finger,579.935000,0.395712,-0.374685,0.302413,0.710702,-0.679779,0.180381,-0.016293
arm_1_left_finger,579.951000,0.397495,-0.373017,0.303743,0.710547,-0.679109,0.183402,-0.017238
arm_1_left_finger,579.967000,0.399269,-0.371337,0.305076,0.710383,-0.678423,0.186455,-0.018245
arm_1_left_finger,579.982000,0.400924,-0.369752,0.306328,0.710224,-0.677786,0.189265,-0.019161
arm_1_left_finger,579.995000,0.402350,-0.368369,0.307415,0.710080,-0.677218,0.191734,-0.020011
arm_1_left_finger,580.011000,0.404098,-0.366657,0.308756,0.709895,-0.676512,0.194770,-0.021082
arm_1_left_finger,580.027000,0.405835,-0.364934,0.310100,0.709704,-0.675812,0.197758,-0.022131
arm_1_left_finger,580.043000,0.407561,-0.363200,0.311447,0.709504,-0.675092,0.200784,-0.023250
arm_1_left_finger,580.059000,0.409278,-0.361454,0.312796,0.709298,-0.674380,0.203752,-0.024340
arm_1_left_finger,580.075000,0.410983,-0.359697,0.314149,0.709083,-0.673646,0.206767,-0.025509
arm_1_left_finger,580.092000,0.412784,-0.357819,0.315588,0.708847,-0.672874,0.209910,-0.026720
arm_1_left_finger,580.109000,0.414573,-0.355928,0.317031,0.708601,-0.672078,0.213098,-0.028014
arm_1_left_finger,580.125000,0.416245,-0.354137,0.318392,0.708364,-0.671340,0.216034,-0.029195
arm_1_left_finger,580.140000,0.417802,-0.352448,0.319669,0.708133,-0.670626,0.218828,-0.030375
arm_1_left_finger,580.157000,0.419556,-0.350523,0.321120,0.707865,-0.669829,0.221931,-0.031677
arm_1_left_finger,580.174000,0.421296,-0.348586,0.322574,0.707585,-0.669003,0.225088,-0.033073
arm_1_left_finger,580.190000,0.422923,-0.346752,0.323945,0.707318,-0.668241,0.227984,-0.034339
arm_1_left_finger,580.206000,0.424538,-0.344907,0.325319,0.707039,-0.667450,0.230937,-0.035696
arm_1_left_finger,580.223000,0.426242,-0.342936,0.326781,0.706738,-0.666625,0.234000,-0.037094
arm_1_left_finger,580.239000,0.427834,-0.341070,0.328160,0.706444,-0.665821,0.236934,-0.038496
arm_1_left_finger,580.256000,0.429512,-0.339076,0.329628,0.706126,-0.664979,0.239985,-0.039951
arm_1_left_finger,580.273000,0.431177,-0.337071,0.331098,0.705796,-0.664111,0.243078,-0.041486
arm_1_left_finger,580.289000,0.432732,-0.335173,0.332485,0.705481,-0.663307,0.245928,-0.042900
arm_1_left_finger,580.306000,0.434370,-0.333146,0.333961,0.705134,-0.662426,0.248995,-0.044478
arm_1_left_finger,580.322000,0.435905,-0.331228,0.335351,0.704804,-0.661610,0.251821,-0.045931
arm_1_left_finger,580.339000,0.437516,-0.329179,0.336833,0.704440,-0.660711,0.254878,-0.047569
arm_1_left_finger,580.356000,0.439114,-0.327119,0.338317,0.704069,-0.659818,0.257889,-0.049195
arm_1_left_finger,580.373000,0.440698,-0.325047,0.339804,0.703691,-0.658918,0.260885,-0.050842
arm_1_left_finger,580.391000,0.442360,-0.322843,0.341381,0.703281,-0.657965,0.264030,-0.052595
arm_1_left_finger,580.408000,0.443915,-0.320749,0.342874,0.702885,-0.657053,0.266997,-0.054288
arm_1_left_finger,580.425000,0.445456,-0.318645,0.344369,0.702479,-0.656130,0.269961,-0.056013
arm_1_left_finger,580.441000,0.446894,-0.316655,0.345778,0.702090,-0.655255,0.272738,-0.057657
arm_1_left_finger,580.458000,0.448407,-0.314530,0.347279,0.701671,-0.654334,0.275642,-0.059390
arm_1_left_finger,580.475000,0.449906,-0.312395,0.348781,0.701238,-0.653383,0.278586,-0.061203
arm_1_left_finger,580.492000,0.451390,-0.310250,0.350287,0.700802,-0.652448,0.281463,-0.062982
arm_1_left_finger,580.509000,0.452859,-0.308094,0.351795,0.700351,-0.651480,0.284389,-0.064851
arm_1_left_finger,580.526000,0.454314,-0.305928,0.353305,0.699897,-0.650528,0.287247,-0.066685
arm_1_left_finger,580.544000,0.455838,-0.303624,0.354907,0.699401,-0.649489,0.290312,-0.068709
arm_1_left_finger,580.561000,0.457262,-0.301438,0.356423,0.698929,-0.648521,0.293148,-0.070597
arm_1_left_finger,580.578000,0.458671,-0.299242,0.357941,0.698450,-0.647555,0.295948,-0.072485
arm_1_left_finger,580.595000,0.460064,-0.297036,0.359462,0.697954,-0.646545,0.298817,-0.074484
arm_1_left_finger,580.612000,0.461442,-0.294820,0.360985,0.697457,-0.645561,0.301602,-0.076431
arm_1_left_finger,580.629000,0.462805,-0.292595,0.362510,0.696944,-0.644542,0.304432,-0.078464
arm_1_left_finger,580.646000,0.464153,-0.290361,0.364038,0.696429,-0.643540,0.307196,-0.080465
arm_1_left_finger,580.663000,0.465484,-0.288117,0.365569,0.695907,-0.642539,0.309929,-0.082471
arm_1_left_finger,580.679000,0.466723,-0.285997,0.367011,0.695398,-0.641554,0.312564,-0.084461
arm_1_left_finger,580.697000,0.468100,-0.283602,0.368636,0.694825,-0.640472,0.315445,-0.086651
arm_1_left_finger,580.714000,0.469385,-0.281331,0.370174,0.694269,-0.639419,0.318197,-0.088793
arm_1_left_finger,580.731000,0.470653,-0.279051,0.371714,0.693710,-0.638381,0.320890,-0.090909
arm_1_left_finger,580.748000,0.471905,-0.276762,0.373256,0.693144,-0.637340,0.323563,-0.093043
arm_1_left_finger,580.765000,0.473141,-0.274465,0.374800,0.692570,-0.636297,0.326209,-0.095186
arm_1_left_finger,580.782000,0.474361,-0.272158,0.376347,0.691976,-0.635207,0.328919,-0.097437
arm_1_left_finger,580.799000,0.475558,-0.269856,0.377887,0.691387,-0.634153,0.331526,-0.099619
arm_1_left_finger,580.816000,0.476746,-0.267531,0.379440,0.690788,-0.633090,0.334127,-0.101829
arm_1_left_finger,580.834000,0.477986,-0.265060,0.381087,0.690129,-0.631912,0.336947,-0.104285
arm_1_left_finger,580.852000,0.479208,-0.262581,0.382735,0.689472,-0.630760,0.339686,-0.106695
arm_1_left_finger,580.869000,0.480343,-0.260231,0.384294,0.688844,-0.629671,0.342245,-0.108982
arm_1_left_finger,580.886000,0.481462,-0.257874,0.385854,0.688209,-0.628582,0.344775,-0.111277
arm_1_left_finger,580.902000,0.482500,-0.255649,0.387325,0.687591,-0.627511,0.347215,-0.113536
arm_1_left_finger,580.919000,0.483586,-0.253278,0.388889,0.686938,-0.626403,0.349722,-0.115883
arm_1_left_finger,580.936000,0.484654,-0.250899,0.390455,0.686279,-0.625296,0.352201,-0.118238
arm_1_left_finger,580.954000,0.485767,-0.248372,0.392116,0.685555,-0.624068,0.354892,-0.120848
arm_1_left_finger,580.971000,0.486800,-0.245979,0.393686,0.684875,-0.622939,0.357351,-0.123262
arm_1_left_finger,580.989000,0.487875,-0.243436,0.395351,0.684146,-0.621735,0.359936,-0.125841
arm_1_left_finger,581.006000,0.488873,-0.241028,0.396926,0.683452,-0.620602,0.362342,-0.128278
arm_1_left_finger,581.023000,0.489853,-0.238613,0.398502,0.682732,-0.619416,0.364810,-0.130824
arm_1_left_finger,581.040000,0.490815,-0.236191,0.400080,0.682018,-0.618262,0.367193,-0.133316
arm_1_left_finger,581.058000,0.491815,-0.233620,0.401753,0.681252,-0.617033,0.369697,-0.135978
arm_1_left_finger,581.075000,0.492741,-0.231184,0.403335,0.680509,-0.615835,0.372094,-0.138568
arm_1_left_finger,581.092000,0.493649,-0.228743,0.404919,0.679767,-0.614660,0.374425,-0.141124
arm_1_left_finger,581.109000,0.494540,-0.226295,0.406504,0.679019,-0.613482,0.376730,-0.143692
arm_1_left_finger,581.126000,0.495412,-0.223841,0.408091,0.678265,-0.612306,0.379004,-0.146266
arm_1_left_finger,581.143000,0.496267,-0.221381,0.409680,0.677484,-0.611073,0.381340,-0.148948
arm_1_left_finger,581.160000,0.497103,-0.218915,0.411271,0.676709,-0.609875,0.383590,-0.151576
arm_1_left_finger,581.178000,0.497969,-0.216298,0.412957,0.675880,-0.608600,0.385952,-0.154379
arm_1_left_finger,581.195000,0.498768,-0.213820,0.414551,0.675075,-0.607357,0.388215,-0.157102
arm_1_left_finger,581.212000,0.499548,-0.211337,0.416147,0.674273,-0.606138,0.390410,-0.159791
arm_1_left_finger,581.230000,0.500355,-0.208702,0.417839,0.673415,-0.604840,0.392712,-0.162658
arm_1_left_finger,581.248000,0.501140,-0.206062,0.419532,0.672549,-0.603539,0.394988,-0.165540
arm_1_left_finger,581.266000,0.501905,-0.203416,0.421227,0.671674,-0.602234,0.397236,-0.168436
arm_1_left_finger,581.284000,0.502650,-0.200764,0.422923,0.670769,-0.600873,0.399538,-0.171437
arm_1_left_finger,581.301000,0.503333,-0.198254,0.424527,0.669924,-0.599624,0.401625,-0.174216
arm_1_left_finger,581.314000,0.503844,-0.196332,0.425755,0.669265,-0.598649,0.403230,-0.176379
arm_1_left_finger,581.328000,0.504381,-0.194260,0.427077,0.668564,-0.597628,0.404898,-0.178666
arm_1_left_finger,581.342000,0.504905,-0.192184,0.428401,0.667839,-0.596562,0.406611,-0.181032
arm_1_left_finger,581.357000,0.505453,-0.189956,0.429821,0.667075,-0.595459,0.408368,-0.183508
arm_1_left_finger,581.373000,0.506022,-0.187577,0.431336,0.666230,-0.594224,0.410301,-0.186250
arm_1_left_finger,581.389000,0.506572,-0.185194,0.432852,0.665385,-0.593002,0.412188,-0.188977
arm_1_left_finger,581.405000,0.507107,-0.182808,0.434370,0.664544,-0.591802,0.414019,-0.191676
arm_1_left_finger,581.422000,0.507656,-0.180269,0.435983,0.663627,-0.590485,0.415994,-0.194617
arm_1_left_finger,581.438000,0.508155,-0.177876,0.437503,0.662770,-0.589273,0.417788,-0.197348
arm_1_left_finger,581.455000,0.508667,-0.175330,0.439119,0.661856,-0.587987,0.419661,-0.200253
arm_1_left_finger,581.472000,0.509159,-0.172780,0.440736,0.660905,-0.586636,0.421597,-0.203268
arm_1_left_finger,581.489000,0.509633,-0.170228,0.442354,0.659969,-0.585326,0.423446,-0.206224
arm_1_left_finger,581.506000,0.510087,-0.167672,0.443973,0.659027,-0.584019,0.425261,-0.209185
arm_1_left_finger,581.523000,0.510521,-0.165114,0.445593,0.658048,-0.582647,0.427136,-0.212251
arm_1_left_finger,581.540000,0.510936,-0.162553,0.447215,0.657085,-0.581317,0.428921,-0.215258
arm_1_left_finger,581.557000,0.511332,-0.159989,0.448837,0.656117,-0.579989,0.430675,-0.218269
arm_1_left_finger,581.573000,0.511684,-0.157588,0.450356,0.655180,-0.578695,0.432359,-0.221171
arm_1_left_finger,581.590000,0.512042,-0.155017,0.451982,0.654191,-0.577348,0.434082,-0.224226
arm_1_left_finger,581.607000,0.512381,-0.152443,0.453609,0.653197,-0.576002,0.435772,-0.227285
arm_1_left_finger,581.624000,0.512699,-0.149869,0.455236,0.652169,-0.574600,0.437506,-0.230433
arm_1_left_finger,581.641000,0.512998,-0.147293,0.456864,0.651154,-0.573235,0.439162,-0.233532
arm_1_left_finger,581.658000,0.513277,-0.144716,0.458492,0.650135,-0.571870,0.440787,-0.236636
arm_1_left_finger,581.675000,0.513536,-0.142137,0.460121,0.649083,-0.570456,0.442445,-0.239819
arm_1_left_finger,581.692000,0.513775,-0.139558,0.461751,0.648043,-0.569074,0.444033,-0.242961
arm_1_left_finger,581.709000,0.513994,-0.136979,0.463380,0.646998,-0.567692,0.445590,-0.246106
arm_1_left_finger,581.726000,0.514193,-0.134404,0.465006,0.645952,-0.566316,0.447110,-0.249247
arm_1_left_finger,581.743000,0.514371,-0.131837,0.466628,0.644867,-0.564877,0.448681,-0.252481
arm_1_left_finger,581.760000,0.514529,-0.129283,0.468241,0.643808,-0.563492,0.450154,-0.255634
arm_1_left_finger,581.777000,0.514666,-0.126746,0.469844,-0.642753,0.562119,-0.451586,0.258769
arm_1_left_finger,581.795000,0.514789,-0.124082,0.471526,-0.641603,0.560616,-0.453135,0.262153
arm_1_left_finger,581.812000,0.514885,-0.121588,0.473102,-0.640543,0.559244,-0.454510,0.265274
arm_1_left_finger,581.829000,0.514962,-0.119118,0.474664,-0.639491,0.557889,-0.455841,0.268366
arm_1_left_finger,581.846000,0.515019,-0.116672,0.476210,-0.638445,0.556550,-0.457128,0.271429
arm_1_left_finger,581.863000,0.515059,-0.114252,0.477741,-0.637366,0.555157,-0.458458,0.274558
arm_1_left_finger,581.879000,0.515079,-0.111998,0.479166,-0.636386,0.553909,-0.459612,0.277407
arm_1_left_finger,581.896000,0.515084,-0.109629,0.480665,-0.635355,0.552602,-0.460795,0.280400
arm_1_left_finger,581.914000,0.515071,-0.107151,0.482233,-0.634225,0.551159,-0.462095,0.283638
arm_1_left_finger,581.932000,0.515040,-0.104704,0.483783,-0.633134,0.549781,-0.463294,0.286775
arm_1_left_finger,581.950000,0.514992,-0.102288,0.485314,-0.632054,0.548424,-0.464449,0.289873
arm_1_left_finger,581.967000,0.514930,-0.100035,0.486741,-0.631012,0.547109,-0.465558,0.292832
arm_1_left_finger,581.978000,0.514883,-0.098592,0.487656,-0.630353,0.546283,-0.466238,0.294707
arm_1_left_finger,581.991000,0.514820,-0.096916,0.488719,-0.629612,0.545367,-0.466964,0.296830
arm_1_left_finger,582.008000,0.514724,-0.094729,0.490107,-0.628579,0.544070,-0.468011,0.299738
arm_1_left_finger,582.025000,0.514616,-0.092572,0.491476,-0.627589,0.542844,-0.468960,0.302537
arm_1_left_finger,582.043000,0.514487,-0.090319,0.492906,-0.626518,0.541510,-0.469990,0.305537
arm_1_left_finger,582.060000,0.514353,-0.088223,0.494239,-0.625538,0.540302,-0.470888,0.308286
arm_1_left_finger,582.078000,0.514199,-0.086034,0.495630,-0.624515,0.539044,-0.471799,0.311155
arm_1_left_finger,582.095000,0.514042,-0.083999,0.496925,-0.623528,0.537826,-0.472682,0.313891
arm_1_left_finger,582.113000,0.513865,-0.081875,0.498278,-0.622520,0.536593,-0.473539,0.316698
arm_1_left_finger,582.130000,0.513687,-0.079899,0.499536,-0.621554,0.535409,-0.474359,0.319361
arm_1_left_finger,582.148000,0.513488,-0.077838,0.500850,-0.620561,0.534200,-0.475165,0.322108
arm_1_left_finger,582.165000,0.513292,-0.075923,0.502072,-0.619646,0.533093,-0.475877,0.324640
arm_1_left_finger,582.183000,0.513075,-0.073926,0.503346,-0.618643,0.531869,-0.476679,0.327374
arm_1_left_finger,582.201000,0.512849,-0.071963,0.504600,-0.617686,0.530715,-0.477393,0.330001
arm_1_left_finger,582.218000,0.512628,-0.070138,0.505766,-0.616766,0.529601,-0.478087,0.332499
arm_1_left_finger,582.235000,0.512401,-0.068343,0.506914,-0.615888,0.528548,-0.478706,0.334903
arm_1_left_finger,582.253000,0.512152,-0.066474,0.508111,-0.614931,0.527394,-0.479397,0.337482
arm_1_left_finger,582.271000,0.511898,-0.064638,0.509287,-0.614019,0.526303,-0.480012,0.339962
arm_1_left_finger,582.288000,0.511652,-0.062933,0.510380,-0.613141,0.525251,-0.480612,0.342319
arm_1_left_finger,582.305000,0.511401,-0.061259,0.511454,-0.612311,0.524266,-0.481134,0.344572
arm_1_left_finger,582.322000,0.511145,-0.059613,0.512510,-0.611448,0.523233,-0.481704,0.346872
arm_1_left_finger,582.339000,0.510886,-0.057996,0.513549,-0.610606,0.522231,-0.482237,0.349118
arm_1_left_finger,582.357000,0.510607,-0.056315,0.514630,-0.609746,0.521213,-0.482751,0.351423
arm_1_left_finger,582.375000,0.510325,-0.054668,0.515690,-0.608878,0.520183,-0.483276,0.353725
arm_1_left_finger,582.392000,0.510055,-0.053142,0.516673,-0.608103,0.519272,-0.483704,0.355805
arm_1_left_finger,582.409000,0.509783,-0.051645,0.517637,-0.607302,0.518325,-0.484171,0.357914
arm_1_left_finger,582.426000,0.509509,-0.050176,0.518584,-0.606519,0.517402,-0.484610,0.359977
arm_1_left_finger,582.443000,0.509233,-0.048736,0.519514,-0.605783,0.516542,-0.484982,0.361945
arm_1_left_finger,582.460000,0.508956,-0.047325,0.520425,-0.605015,0.515637,-0.485402,0.363951
arm_1_left_finger,582.478000,0.508662,-0.045862,0.521371,-0.604222,0.514707,-0.485819,0.366024
arm_1_left_finger,582.496000,0.508368,-0.044431,0.522296,-0.603476,0.513839,-0.486171,0.368000
arm_1_left_finger,582.514000,0.508073,-0.043033,0.523201,-0.602706,0.512938,-0.486561,0.369998
arm_1_left_finger,582.531000,0.507795,-0.041741,0.524038,-0.602000,0.512114,-0.486904,0.371834
arm_1_left_finger,582.548000,0.507518,-0.040478,0.524857,-0.601308,0.511309,-0.487229,0.373631
arm_1_left_finger,582.564000,0.507257,-0.039315,0.525611,-0.600711,0.510620,-0.487467,0.375221
arm_1_left_finger,582.581000,0.506982,-0.038107,0.526395,-0.600031,0.509829,-0.487784,0.376966
arm_1_left_finger,582.598000,0.506709,-0.036928,0.527162,-0.599372,0.509064,-0.488080,0.378662
arm_1_left_finger,582.616000,0.506421,-0.035709,0.527954,-0.598692,0.508277,-0.488374,0.380411
arm_1_left_finger,582.634000,0.506136,-0.034523,0.528726,-0.598030,0.507512,-0.488651,0.382114
arm_1_left_finger,582.652000,0.505853,-0.033366,0.529478,-0.597424,0.506817,-0.488862,0.383712
arm_1_left_finger,582.669000,0.505590,-0.032305,0.530170,-0.596817,0.506116,-0.489114,0.385258
arm_1_left_finger,582.686000,0.505329,-0.031270,0.530844,-0.596230,0.505440,-0.489347,0.386755
arm_1_left_finger,582.698000,0.505148,-0.030558,0.531309,-0.595850,0.505006,-0.489471,0.387749
arm_1_left_finger,582.713000,0.504923,-0.029685,0.531879,-0.595319,0.504391,-0.489706,0.389067
arm_1_left_finger,582.728000,0.504701,-0.028835,0.532434,-0.594839,0.503841,-0.489880,0.390294
arm_1_left_finger,582.745000,0.504453,-0.027897,0.533047,-0.594307,0.503230,-0.490070,0.391650
arm_1_left_finger,582.762000,0.504210,-0.026987,0.533642,-0.593789,0.502637,-0.490251,0.392968
arm_1_left_finger,582.779000,0.503971,-0.026104,0.534219,-0.593286,0.502062,-0.490423,0.394248
arm_1_left_finger,582.796000,0.503738,-0.025250,0.534779,-0.592797,0.501504,-0.490586,0.395488
arm_1_left_finger,582.813000,0.503509,-0.024422,0.535321,-0.592322,0.500962,-0.490742,0.396691
arm_1_left_finger,582.827000,0.503324,-0.023761,0.535754,-0.591944,0.500531,-0.490861,0.397650
arm_1_left_finger,582.844000,0.503105,-0.022984,0.536264,-0.591497,0.500022,-0.491002,0.398781
arm_1_left_finger,582.861000,0.502892,-0.022233,0.536756,-0.591064,0.499529,-0.491135,0.399876
arm_1_left_finger,582.877000,0.502696,-0.021552,0.537203,-0.590672,0.499084,-0.491251,0.400866
arm_1_left_finger,582.895000,0.502482,-0.020815,0.537687,-0.590246,0.498600,-0.491376,0.401941
arm_1_left_finger,582.912000,0.502287,-0.020147,0.538126,-0.589864,0.498166,-0.491482,0.402911
arm_1_left_finger,582.930000,0.502087,-0.019469,0.538572,-0.589473,0.497723,-0.491589,0.403897
arm_1_left_finger,582.947000,0.501905,-0.018855,0.538975,-0.589131,0.497336,-0.491671,0.404774
arm_1_left_finger,582.964000,0.501730,-0.018270,0.539361,-0.588753,0.496906,-0.491807,0.405684
arm_1_left_finger,582.981000,0.501561,-0.017711,0.539729,-0.588428,0.496537,-0.491893,0.406503
arm_1_left_finger,582.997000,0.501409,-0.017210,0.540058,-0.588145,0.496218,-0.491958,0.407223
arm_1_left_finger,583.014000,0.501254,-0.016703,0.540392,-0.587832,0.495863,-0.492055,0.407990
arm_1_left_finger,583.031000,0.501107,-0.016223,0.540708,-0.587551,0.495546,-0.492125,0.408694
arm_1_left_finger,583.048000,0.500967,-0.015770,0.541007,-0.587294,0.495256,-0.492181,0.409347
arm_1_left_finger,583.064000,0.500842,-0.015368,0.541272,-0.587043,0.494972,-0.492256,0.409959
arm_1_left_finger,583.076000,0.500753,-0.015082,0.541461,-0.586892,0.494803,-0.492277,0.410355
arm_1_left_finger,583.092000,0.500640,-0.014722,0.541699,-0.586661,0.494541,-0.492350,0.410913
arm_1_left_finger,583.108000,0.500535,-0.014385,0.541921,-0.586460,0.494314,-0.492400,0.411413
arm_1_left_finger,583.124000,0.500436,-0.014072,0.542128,-0.586274,0.494104,-0.492445,0.411876
arm_1_left_finger,583.140000,0.500344,-0.013782,0.542319,-0.586101,0.493910,-0.492486,0.412305
arm_1_left_finger,583.154000,0.500269,-0.013547,0.542474,-0.585962,0.493752,-0.492519,0.412652
arm_1_left_finger,583.170000,0.500191,-0.013301,0.542637,-0.585815,0.493587,-0.492554,0.413017
arm_1_left_finger,583.186000,0.500120,-0.013079,0.542783,-0.585683,0.493439,-0.492584,0.413345
arm_1_left_finger,583.203000,0.500053,-0.012869,0.542922,-0.585558,0.493297,-0.492613,0.413657
arm_1_left_finger,583.220000,0.499994,-0.012685,0.543044,-0.585448,0.493174,-0.492639,0.413929
arm_1_left_finger,583.238000,0.499941,-0.012519,0.543153,-0.585349,0.493063,-0.492661,0.414175
arm_1_left_finger,583.256000,0.499897,-0.012383,0.543244,-0.585267,0.492971,-0.492680,0.414378
arm_1_left_finger,583.273000,0.499864,-0.012281,0.543311,-0.585207,0.492902,-0.492693,0.414529
arm_1_left_finger,583.290000,0.499839,-0.012203,0.543362,-0.585160,0.492850,-0.492704,0.414644
arm_1_left_finger,583.306000,0.499821,-0.012147,0.543400,-0.585126,0.492812,-0.492711,0.414728
arm_1_left_finger,583.320000,0.499808,-0.012108,0.543425,-0.585103,0.492786,-0.492717,0.414786
arm_1_left_finger,583.334000,0.499798,-0.012077,0.543446,-0.585084,0.492765,-0.492721,0.414832
arm_1_left_finger,583.349000,0.499789,-0.012050,0.543464,-0.585068,0.492747,-0.492724,0.414872
arm_1_left_finger,583.366000,0.499782,-0.012027,0.543479,-0.585054,0.492731,-0.492727,0.414906
arm_1_left_finger,583.383000,0.499776,-0.012009,0.543491,-0.585044,0.492719,-0.492730,0.414933
arm_1_left_finger,583.400000,0.499772,-0.011996,0.543499,-0.585036,0.492710,-0.492731,0.414952
arm_1_left_finger,583.417000,0.499768,-0.011985,0.543507,-0.585029,0.492703,-0.492733,0.414968
arm_1_left_finger,583.434000,0.499766,-0.011978,0.543512,-0.585025,0.492698,-0.492734,0.414979
arm_1_left_finger,583.451000,0.499764,-0.011971,0.543516,-0.585021,0.492694,-0.492735,0.414989
arm_1_left_finger,583.468000,0.499762,-0.011966,0.543519,-0.585018,0.492690,-0.492735,0.414996
arm_1_left_finger,583.486000,0.499761,-0.011963,0.543521,-0.585016,0.492688,-0.492736,0.415001
arm_1_left_finger,583.503000,0.499760,-0.011960,0.543523,-0.585015,0.492686,-0.492736,0.415005
arm_1_left_finger,583.521000,0.499760,-0.011958,0.543524,-0.585013,0.492685,-0.492737,0.415008
arm_1_left_finger,583.538000,0.499759,-0.011956,0.543526,-0.585012,0.492684,-0.492737,0.415011
arm_1_left_finger,583.556000,0.499759,-0.011955,0.543526,-0.585012,0.492683,-0.492737,0.415012
arm_1_left_finger,583.574000,0.499758,-0.011955,0.543527,-0.585011,0.492683,-0.492737,0.415013
arm_1_left_finger,583.592000,0.499758,-0.011954,0.543527,-0.585011,0.492682,-0.492737,0.415015
arm_1_left_finger,583.610000,0.499758,-0.011953,0.543528,-0.585010,0.492681,-0.492737,0.415016
arm_1_left_finger,583.628000,0.499758,-0.011953,0.543528,-0.585010,0.492681,-0.492737,0.415016
arm_1_left_finger,583.646000,0.499758,-0.011953,0.543528,-0.585010,0.492681,-0.492737,0.415016
arm_1_left_finger,583.663000,0.499757,-0.011952,0.543529,-0.585010,0.492681,-0.492737,0.415017
arm_1_left_finger,583.680000,0.499757,-0.011952,0.543529,-0.585010,0.492681,-0.492737,0.415017
arm_1_left_finger,583.698000,0.499757,-0.011952,0.543529,-0.585010,0.492681,-0.492737,0.415017
arm_1_left_finger,583.716000,0.499757,-0.011952,0.543529,-0.585010,0.492681,-0.492737,0.415017
arm_1_left_finger,583.734000,0.499757,-0.011952,0.543529,-0.585010,0.492681,-0.492737,0.415017
arm_1_left_finger,583.751000,0.499757,-0.011952,0.543529,-0.585010,0.492681,-0.492737,0.415017
arm_1_left_finger,583.768000,0.499757,-0.011952,0.543529,-0.585010,0.492681,-0.492737,0.415017
arm_1_left_finger,583.786000,0.499757,-0.011952,0.543529,-0.585010,0.492681,-0.492737,0.415017
arm_1_left_finger,583.802000,0.499757,-0.011952,0.543529,-0.585010,0.492681,-0.492737,0.415017
arm_1_left_finger,583.820000,0.499757,-0.011952,0.543529,-0.585010,0.492681,-0.492737,0.415017
arm_1_left_finger,583.838000,0.499757,-0.011952,0.543529,-0.585010,0.492681,-0.492737,0.415017
arm_1_left_finger,583.856000,0.499757,-0.011952,0.543529,-0.585010,0.492681,-0.492737,0.415017
arm_1_left_finger,583.874000,0.499757,-0.011952,0.543529,-0.585010,0.492681,-0.492737,0.415017
arm_1_left_finger,583.891000,0.499757,-0.011952,0.543529,-0.585010,0.492681,-0.492737,0.415017
arm_1_left_finger,583.908000,0.499757,-0.011952,0.543529,-0.585010,0.492681,-0.492737,0.415017
arm_1_left_finger,583.925000,0.499757,-0.011952,0.543529,-0.585010,0.492681,-0.492737,0.415017
arm_1_left_finger,583.942000,0.499757,-0.011952,0.543529,-0.585010,0.492681,-0.492737,0.415017
arm_1_left_finger,583.960000,0.499757,-0.011952,0.543529,-0.585010,0.492681,-0.492737,0.415017
arm_1_left_finger,583.977000,0.499757,-0.011951,0.543529,-0.585009,0.492680,-0.492737,0.415018
arm_1_left_finger,583.994000,0.499757,-0.011951,0.543529,-0.585009,0.492680,-0.492737,0.415018
arm_1_left_finger,584.010000,0.499757,-0.011951,0.543529,-0.585009,0.492680,-0.492737,0.415018
arm_1_left_finger,584.027000,0.499757,-0.011951,0.543529,-0.585009,0.492680,-0.492737,0.415018
arm_1_left_finger,584.045000,0.499757,-0.011951,0.543529,-0.585009,0.492680,-0.492737,0.415018
arm_1_left_finger,584.062000,0.499757,-0.011951,0.543529,-0.585009,0.492680,-0.492737,0.415018
arm_1_left_finger,584.069000,0.499757,-0.011951,0.543529,-0.585009,0.492680,-0.492737,0.415018
arm_1_left_finger,584.075000,0.499757,-0.011951,0.543529,-0.585009,0.492680,-0.492737,0.415018
arm_1_left_finger,584.092000,0.499757,-0.011951,0.543529,-0.585009,0.492680,-0.492737,0.415018
arm_1_left_finger,584.109000,0.499757,-0.011951,0.543529,-0.585009,0.492680,-0.492737,0.415018
arm_1_left_finger,584.127000,0.499757,-0.011951,0.543529,-0.585009,0.492680,-0.492737,0.415018
arm_1_left_finger,584.144000,0.499757,-0.011951,0.543529,-0.585009,0.492680,-0.492737,0.415018
arm_1_left_finger,584.161000,0.499757,-0.011951,0.543529,-0.585009,0.492680,-0.492737,0.415018
arm_1_left_finger,584.178000,0.499757,-0.011951,0.543529,-0.585009,0.492680,-0.492737,0.415018
arm_1_left_finger,584.195000,0.499757,-0.011951,0.543529,-0.585009,0.492680,-0.492737,0.415018
arm_1_left_finger,584.213000,0.499757,-0.011951,0.543529,-0.585009,0.492680,-0.492737,0.415018
arm_1_left_finger,584.230000,0.499757,-0.011951,0.543529,-0.585009,0.492680,-0.492737,0.415018
arm_1_left_finger,584.248000,0.499757,-0.011951,0.543529,-0.585009,0.492680,-0.492737,0.415018
arm_1_left_finger,584.266000,0.499757,-0.011951,0.543529,-0.585009,0.492680,-0.492737,0.415018
arm_1_left_finger,584.284000,0.499757,-0.011951,0.543529,-0.585009,0.492680,-0.492737,0.415018
arm_1_left_finger,584.301000,0.499757,-0.011951,0.543529,-0.585009,0.492680,-0.492737,0.415018
arm_1_left_finger,584.319000,0.499757,-0.011951,0.543529,-0.585009,0.492680,-0.492737,0.415018
arm_1_left_finger,584.336000,0.499757,-0.011951,0.543529,-0.585009,0.492680,-0.492737,0.415018
arm_1_left_finger,584.353000,0.499757,-0.011951,0.543529,-0.585009,0.492680,-0.492737,0.415018
arm_1_left_finger,584.370000,0.499757,-0.011951,0.543529,-0.585009,0.492680,-0.492737,0.415018
arm_1_left_finger,584.387000,0.499757,-0.011951,0.543529,-0.585009,0.492680,-0.492737,0.415018
arm_1_left_finger,584.404000,0.499757,-0.011951,0.543529,-0.585009,0.492680,-0.492737,0.415018
arm_1_left_finger,584.422000,0.499757,-0.011951,0.543529,-0.585009,0.492680,-0.492737,0.415018
arm_1_left_finger,584.439000,0.499757,-0.011951,0.543529,-0.585009,0.492680,-0.492737,0.415018
arm_1_left_finger,584.457000,0.499757,-0.011951,0.543529,-0.585009,0.492680,-0.492737,0.415018
arm_1_left_finger,584.475000,0.499757,-0.011951,0.543529,-0.585009,0.492680,-0.492737,0.415018
arm_1_left_finger,584.492000,0.499757,-0.011951,0.543529,-0.585009,0.492680,-0.492737,0.415018
arm_1_left_finger,584.509000,0.499757,-0.011951,0.543529,-0.585009,0.492680,-0.492737,0.415018
arm_1_left_finger,584.526000,0.499757,-0.011951,0.543529,-0.585009,0.492680,-0.492737,0.415018
arm_1_left_finger,584.543000,0.499757,-0.011951,0.543529,-0.585009,0.492680,-0.492737,0.415018
arm_1_left_finger,584.561000,0.499757,-0.011951,0.543529,-0.585009,0.492680,-0.492737,0.415018
arm_1_left_finger,584.579000,0.499757,-0.011951,0.543529,-0.585009,0.492680,-0.492737,0.415018
arm_1_left_finger,584.596000,0.499757,-0.011951,0.543529,-0.585009,0.492680,-0.492737,0.415018
arm_1_left_finger,584.613000,0.499757,-0.011951,0.543529,-0.585009,0.492680,-0.492737,0.415018
arm_1_left_finger,584.629000,0.499757,-0.011951,0.543529,-0.585009,0.492680,-0.492737,0.415018
arm_1_left_finger,584.645000,0.499757,-0.011951,0.543529,-0.585009,0.492680,-0.492737,0.415018
arm_1_left_finger,584.662000,0.499757,-0.011951,0.543529,-0.585009,0.492680,-0.492737,0.415018
arm_1_left_finger,584.679000,0.499757,-0.011951,0.543529,-0.585009,0.492680,-0.492737,0.415018
arm_1_left_finger,584.696000,0.499757,-0.011951,0.543529,-0.585009,0.492680,-0.492737,0.415018
arm_1_left_finger,584.713000,0.499757,-0.011951,0.543529,-0.585009,0.492680,-0.492737,0.415018
arm_1_left_finger,584.730000,0.499757,-0.011951,0.543529,-0.585009,0.492680,-0.492737,0.415018
arm_1_left_finger,584.747000,0.499757,-0.011951,0.543529,-0.585009,0.492680,-0.492737,0.415018
arm_1_left_finger,584.765000,0.499757,-0.011951,0.543529,-0.585009,0.492680,-0.492737,0.415018
arm_1_left_finger,584.783000,0.499757,-0.011951,0.543529,-0.585009,0.492680,-0.492737,0.415018
arm_1_left_finger,584.800000,0.499757,-0.011951,0.543529,-0.585009,0.492680,-0.492737,0.415018
arm_1_left_finger,584.817000,0.499757,-0.011951,0.543529,-0.585009,0.492680,-0.492737,0.415018
arm_1_left_finger,584.834000,0.499757,-0.011951,0.543529,-0.585009,0.492680,-0.492737,0.415018
arm_1_left_finger,584.852000,0.499757,-0.011951,0.543529,-0.585009,0.492680,-0.492737,0.415018
arm_1_left_finger,584.870000,0.499757,-0.011951,0.543529,-0.585009,0.492680,-0.492737,0.415018
arm_1_left_finger,584.887000,0.499757,-0.011951,0.543529,-0.585009,0.492680,-0.492737,0.415018
arm_1_left_finger,584.904000,0.499757,-0.011951,0.543529,-0.585009,0.492680,-0.492737,0.415018
arm_1_left_finger,584.922000,0.499757,-0.011951,0.543529,-0.585009,0.492680,-0.492737,0.415018
arm_1_left_finger,584.940000,0.499757,-0.011951,0.543529,-0.585009,0.492680,-0.492737,0.415018
arm_1_left_finger,584.957000,0.499757,-0.011951,0.543529,-0.585009,0.492680,-0.492737,0.415018
arm_1_left_finger,584.975000,0.499757,-0.011951,0.543529,-0.585009,0.492680,-0.492737,0.415018
arm_1_left_finger,584.993000,0.499757,-0.011951,0.543529,-0.585009,0.492680,-0.492737,0.415018
arm_1_left_finger,585.008000,0.499757,-0.011951,0.543529,-0.585009,0.492680,-0.492737,0.415018
arm_1_left_finger,585.026000,0.499757,-0.011951,0.543529,-0.585009,0.492680,-0.492737,0.415018
arm_1_left_finger,585.044000,0.499757,-0.011951,0.543529,-0.585009,0.492680,-0.492737,0.415018
arm_1_left_finger,585.061000,0.499757,-0.011951,0.543529,-0.585009,0.492680,-0.492737,0.415018
arm_1_left_finger,585.078000,0.499757,-0.011951,0.543529,-0.585009,0.492680,-0.492737,0.415018
arm_1_left_finger,585.095000,0.499757,-0.011951,0.543529,-0.585009,0.492680,-0.492737,0.415018
arm_1_left_finger,585.111000,0.499757,-0.011951,0.543529,-0.585009,0.492680,-0.492737,0.415018
arm_1_left_finger,585.129000,0.499757,-0.011951,0.543529,-0.585009,0.492680,-0.492737,0.415018
arm_1_left_finger,585.147000,0.499757,-0.011951,0.543529,-0.585009,0.492680,-0.492737,0.415018
arm_1_left_finger,585.165000,0.499757,-0.011951,0.543529,-0.585009,0.492680,-0.492737,0.415018
arm_1_left_finger,585.182000,0.499757,-0.011951,0.543529,-0.585009,0.492680,-0.492737,0.415018
arm_1_left_finger,585.199000,0.499757,-0.011951,0.543529,-0.585009,0.492680,-0.492737,0.415018
arm_1_left_finger,585.216000,0.499757,-0.011951,0.543529,-0.585009,0.492680,-0.492737,0.415018
arm_1_left_finger,585.233000,0.499757,-0.011951,0.543529,-0.585009,0.492680,-0.492737,0.415018
arm_1_left_finger,585.250000,0.499757,-0.011951,0.543529,-0.585009,0.492680,-0.492737,0.415018
arm_1_left_finger,585.267000,0.499757,-0.011951,0.543529,-0.585009,0.492680,-0.492737,0.415018
arm_1_left_finger,585.284000,0.499757,-0.011951,0.543529,-0.585009,0.492680,-0.492737,0.415018
arm_1_left_finger,585.301000,0.499757,-0.011951,0.543529,-0.585009,0.492680,-0.492737,0.415018
arm_1_left_finger,585.315000,0.499757,-0.011951,0.543529,-0.585009,0.492680,-0.492737,0.415018
arm_1_left_finger,585.332000,0.499757,-0.011951,0.543529,-0.585009,0.492680,-0.492737,0.415018
arm_1_left_finger,585.349000,0.499757,-0.011951,0.543529,-0.585009,0.492680,-0.492737,0.415018
arm_1_left_finger,585.366000,0.499757,-0.011951,0.543529,-0.585009,0.492680,-0.492737,0.415018
arm_1_left_finger,585.382000,0.499757,-0.011951,0.543529,-0.585009,0.492680,-0.492737,0.415018
arm_1_left_finger,585.399000,0.499757,-0.011951,0.543529,-0.585009,0.492680,-0.492737,0.415018
arm_1_left_finger,585.416000,0.499757,-0.011951,0.543529,-0.585009,0.492680,-0.492737,0.415018
arm_1_left_finger,585.434000,0.499757,-0.011951,0.543529,-0.585009,0.492680,-0.492737,0.415018
arm_1_left_finger,585.452000,0.499757,-0.011951,0.543529,-0.585009,0.492680,-0.492737,0.415018
arm_1_left_finger,585.470000,0.499757,-0.011951,0.543529,-0.585009,0.492680,-0.492737,0.415018
arm_1_left_finger,585.488000,0.499757,-0.011951,0.543529,-0.585009,0.492680,-0.492737,0.415018
arm_1_left_finger,585.505000,0.499757,-0.011951,0.543529,-0.585009,0.492680,-0.492737,0.415018
arm_1_left_finger,585.523000,0.499757,-0.011951,0.543529,-0.585009,0.492680,-0.492737,0.415018
arm_1_left_finger,585.541000,0.499757,-0.011951,0.543529,-0.585009,0.492680,-0.492737,0.415018
arm_1_left_finger,585.559000,0.499757,-0.011951,0.543529,-0.585009,0.492680,-0.492737,0.415018
arm_1_left_finger,585.577000,0.499757,-0.011951,0.543529,-0.585009,0.492680,-0.492737,0.415018
arm_1_left_finger,585.593000,0.499757,-0.011951,0.543529,-0.585009,0.492680,-0.492737,0.415018
arm_1_left_finger,585.609000,0.499757,-0.011951,0.543529,-0.585009,0.492680,-0.492737,0.415018
arm_1_left_finger,585.626000,0.499757,-0.011951,0.543529,-0.585009,0.492680,-0.492737,0.415018
arm_1_left_finger,585.642000,0.499757,-0.011951,0.543529,-0.585009,0.492680,-0.492737,0.415018
arm_1_left_finger,585.659000,0.499757,-0.011951,0.543529,-0.585009,0.492680,-0.492737,0.415018
arm_1_left_finger,585.676000,0.499757,-0.011951,0.543529,-0.585009,0.492680,-0.492737,0.415018
arm_1_left_finger,585.691000,0.499757,-0.011951,0.543529,-0.585009,0.492680,-0.492737,0.415018
arm_1_left_finger,585.707000,0.499757,-0.011951,0.543529,-0.585009,0.492680,-0.492737,0.415018
arm_1_left_finger,585.724000,0.499757,-0.011951,0.543529,-0.585009,0.492680,-0.492737,0.415018
arm_1_left_finger,585.740000,0.499757,-0.011951,0.543529,-0.585009,0.492680,-0.492737,0.415018
arm_1_left_finger,585.755000,0.499757,-0.011951,0.543529,-0.585009,0.492680,-0.492737,0.415018
arm_1_left_finger,585.770000,0.499757,-0.011951,0.543529,-0.585009,0.492680,-0.492737,0.415018
arm_1_left_finger,585.787000,0.499757,-0.011951,0.543529,-0.585009,0.492680,-0.492737,0.415018
arm_1_left_finger,585.803000,0.499757,-0.011951,0.543529,-0.585009,0.492680,-0.492737,0.415018
arm_1_left_finger,585.820000,0.499757,-0.011951,0.543529,-0.585009,0.492680,-0.492737,0.415018
arm_1_left_finger,585.837000,0.499757,-0.011951,0.543529,-0.585009,0.492680,-0.492737,0.415018
arm_1_left_finger,585.855000,0.499757,-0.011951,0.543529,-0.585009,0.492680,-0.492737,0.415018
arm_1_left_finger,585.872000,0.499757,-0.011951,0.543529,-0.585009,0.492680,-0.492737,0.415018
arm_1_left_finger,585.890000,0.499757,-0.011951,0.543529,-0.585009,0.492680,-0.492737,0.415018
arm_1_left_finger,585.907000,0.499757,-0.011951,0.543529,-0.585009,0.492680,-0.492737,0.415018
arm_1_left_finger,585.925000,0.499757,-0.011951,0.543529,-0.585009,0.492680,-0.492737,0.415018
arm_1_left_finger,585.943000,0.499757,-0.011951,0.543529,-0.585009,0.492680,-0.492737,0.415018
arm_1_left_finger,585.960000,0.499757,-0.011951,0.543529,-0.585009,0.492680,-0.492737,0.415018
arm_1_left_finger,585.978000,0.499757,-0.011951,0.543529,-0.585009,0.492680,-0.492737,0.415018
arm_1_left_finger,585.995000,0.499757,-0.011951,0.543529,-0.585009,0.492680,-0.492737,0.415018
arm_1_left_finger,586.012000,0.499757,-0.011951,0.543529,-0.585009,0.492680,-0.492737,0.415018
arm_1_left_finger,586.030000,0.499757,-0.011951,0.543529,-0.585009,0.492680,-0.492737,0.415018
arm_1_left_finger,586.048000,0.499757,-0.011951,0.543529,-0.585009,0.492680,-0.492737,0.415018
arm_1_left_finger,586.065000,0.499757,-0.011951,0.543529,-0.585009,0.492680,-0.492737,0.415018
arm_1_left_finger,586.083000,0.499757,-0.011951,0.543529,-0.585009,0.492680,-0.492737,0.415018
arm_1_left_finger,586.101000,0.499757,-0.011951,0.543529,-0.585009,0.492680,-0.492737,0.415018
arm_1_left_finger,586.119000,0.499757,-0.011951,0.543529,-0.585009,0.492680,-0.492737,0.415018
arm_1_left_finger,586.136000,0.499757,-0.011951,0.543529,-0.585009,0.492680,-0.492737,0.415018
arm_1_left_finger,586.153000,0.499757,-0.011951,0.543529,-0.585009,0.492680,-0.492737,0.415018
arm_1_left_finger,586.170000,0.499757,-0.011951,0.543529,-0.585009,0.492680,-0.492737,0.415018
arm_1_left_finger,586.188000,0.499757,-0.011951,0.543529,-0.585009,0.492680,-0.492737,0.415018
arm_1_left_finger,586.206000,0.499757,-0.011951,0.543529,-0.585009,0.492680,-0.492737,0.415018
arm_1_left_finger,586.224000,0.499757,-0.011951,0.543529,-0.585009,0.492680,-0.492737,0.415018
arm_1_left_finger,586.242000,0.499757,-0.011951,0.543529,-0.585009,0.492680,-0.492737,0.415018
arm_1_left_finger,586.260000,0.499757,-0.011951,0.543529,-0.585009,0.492680,-0.492737,0.415018
arm_1_left_finger,586.278000,0.499757,-0.011951,0.543529,-0.585009,0.492680,-0.492737,0.415018
arm_1_left_finger,586.295000,0.499757,-0.011951,0.543529,-0.585009,0.492680,-0.492737,0.415018
arm_1_left_finger,586.311000,0.499757,-0.011951,0.543529,-0.585009,0.492680,-0.492737,0.415018
arm_1_left_finger,586.328000,0.499757,-0.011951,0.543529,-0.585009,0.492680,-0.492737,0.415018
arm_1_left_finger,586.346000,0.499757,-0.011951,0.543529,-0.585009,0.492680,-0.492737,0.415018
arm_1_left_finger,586.364000,0.499757,-0.011951,0.543529,-0.585009,0.492680,-0.492737,0.415018
arm_1_left_finger,586.382000,0.499757,-0.011951,0.543529,-0.585009,0.492680,-0.492737,0.415018
arm_1_left_finger,586.400000,0.499757,-0.011951,0.543529,-0.585009,0.492680,-0.492737,0.415018
arm_1_left_finger,586.417000,0.499757,-0.011951,0.543529,-0.585009,0.492680,-0.492737,0.415018
arm_1_left_finger,586.435000,0.499757,-0.011951,0.543529,-0.585009,0.492680,-0.492737,0.415018
arm_1_left_finger,586.453000,0.499757,-0.011951,0.543529,-0.585009,0.492680,-0.492737,0.415018
arm_1_left_finger,586.470000,0.499757,-0.011951,0.543529,-0.585009,0.492680,-0.492737,0.415018
arm_1_left_finger,586.487000,0.499757,-0.011951,0.543529,-0.585009,0.492680,-0.492737,0.415018
arm_1_left_finger,586.505000,0.499757,-0.011951,0.543529,-0.585009,0.492680,-0.492737,0.415018
arm_1_left_finger,586.523000,0.499757,-0.011951,0.543529,-0.585009,0.492680,-0.492737,0.415018
arm_1_left_finger,586.540000,0.499757,-0.011951,0.543529,-0.585009,0.492680,-0.492737,0.415018
arm_1_left_finger,586.558000,0.499757,-0.011951,0.543529,-0.585009,0.492680,-0.492737,0.415018
arm_1_left_finger,586.575000,0.499757,-0.011951,0.543529,-0.585009,0.492680,-0.492737,0.415018
arm_1_left_finger,586.593000,0.499757,-0.011951,0.543529,-0.585009,0.492680,-0.492737,0.415018
arm_1_left_finger,586.611000,0.499757,-0.011951,0.543529,-0.585009,0.492680,-0.492737,0.415018
arm_1_left_finger,586.629000,0.499757,-0.011951,0.543529,-0.585009,0.492680,-0.492737,0.415018
arm_1_left_finger,586.647000,0.499757,-0.011951,0.543529,-0.585009,0.492680,-0.492737,0.415018
arm_1_left_finger,586.664000,0.499757,-0.011951,0.543529,-0.585009,0.492680,-0.492737,0.415018
arm_1_left_finger,586.682000,0.499757,-0.011951,0.543529,-0.585009,0.492680,-0.492737,0.415018
arm_1_left_finger,586.699000,0.499757,-0.011951,0.543529,-0.585009,0.492680,-0.492737,0.415018
arm_1_left_finger,586.716000,0.499757,-0.011951,0.543529,-0.585009,0.492680,-0.492737,0.415018
arm_1_left_finger,586.734000,0.499757,-0.011951,0.543529,-0.585009,0.492680,-0.492737,0.415018
arm_1_left_finger,586.752000,0.499757,-0.011951,0.543529,-0.585009,0.492680,-0.492737,0.415018
arm_1_left_finger,586.770000,0.499757,-0.011951,0.543529,-0.585009,0.492680,-0.492737,0.415018
arm_1_left_finger,586.787000,0.499757,-0.011951,0.543529,-0.585009,0.492680,-0.492737,0.415018
arm_1_left_finger,586.804000,0.499757,-0.011951,0.543529,-0.585009,0.492680,-0.492737,0.415018
arm_1_left_finger,586.820000,0.499757,-0.011951,0.543529,-0.585009,0.492680,-0.492737,0.415018
arm_1_left_finger,586.838000,0.499757,-0.011951,0.543529,-0.585009,0.492680,-0.492737,0.415018
arm_1_left_finger,586.852000,0.499757,-0.011951,0.543529,-0.585009,0.492680,-0.492737,0.415018
arm_1_left_finger,586.869000,0.499757,-0.011951,0.543529,-0.585009,0.492680,-0.492737,0.415018
arm_1_left_finger,586.885000,0.499757,-0.011951,0.543529,-0.585009,0.492680,-0.492737,0.415018
arm_1_left_finger,586.902000,0.499757,-0.011951,0.543529,-0.585009,0.492680,-0.492737,0.415018
arm_1_left_finger,586.918000,0.499757,-0.011951,0.543529,-0.585009,0.492680,-0.492737,0.415018
arm_1_left_finger,586.933000,0.499757,-0.011951,0.543529,-0.585009,0.492680,-0.492737,0.415018
arm_1_left_finger,586.947000,0.499757,-0.011951,0.543529,-0.585009,0.492680,-0.492737,0.415018
arm_1_left_finger,586.959000,0.499757,-0.011951,0.543529,-0.585009,0.492680,-0.492737,0.415018
arm_1_left_finger,586.975000,0.499757,-0.011951,0.543529,-0.585009,0.492680,-0.492737,0.415018
arm_1_left_finger,586.992000,0.499757,-0.011951,0.543529,-0.585009,0.492680,-0.492737,0.415018
arm_1_left_finger,587.009000,0.499757,-0.011951,0.543529,-0.585009,0.492680,-0.492737,0.415018
arm_1_left_finger,587.026000,0.499757,-0.011951,0.543529,-0.585009,0.492680,-0.492737,0.415018
arm_1_left_finger,587.043000,0.499757,-0.011951,0.543529,-0.585009,0.492680,-0.492737,0.415018
arm_1_left_finger,587.061000,0.499757,-0.011951,0.543529,-0.585009,0.492680,-0.492737,0.415018
arm_1_left_finger,587.077000,0.499757,-0.011951,0.543529,-0.585009,0.492680,-0.492737,0.415018
arm_1_left_finger,587.092000,0.499757,-0.011951,0.543529,-0.585009,0.492680,-0.492737,0.415018
arm_1_left_finger,587.108000,0.499757,-0.011951,0.543529,-0.585009,0.492680,-0.492737,0.415018
arm_1_left_finger,587.123000,0.499757,-0.011951,0.543529,-0.585009,0.492680,-0.492737,0.415018
arm_1_left_finger,587.141000,0.499757,-0.011951,0.543529,-0.585009,0.492680,-0.492737,0.415018
arm_1_left_finger,587.158000,0.499757,-0.011951,0.543529,-0.585009,0.492680,-0.492737,0.415018
arm_1_left_finger,587.176000,0.499757,-0.011951,0.543529,-0.585009,0.492680,-0.492737,0.415018
arm_1_left_finger,587.193000,0.499757,-0.011951,0.543529,-0.585009,0.492680,-0.492737,0.415018
arm_1_left_finger,587.211000,0.499757,-0.011951,0.543529,-0.585009,0.492680,-0.492737,0.415018
arm_1_left_finger,587.228000,0.499757,-0.011951,0.543529,-0.585009,0.492680,-0.492737,0.415018
arm_1_left_finger,587.245000,0.499757,-0.011951,0.543529,-0.585009,0.492680,-0.492737,0.415018
arm_1_left_finger,587.262000,0.499757,-0.011951,0.543529,-0.585009,0.492680,-0.492737,0.415018
arm_1_left_finger,587.280000,0.499757,-0.011951,0.543529,-0.585009,0.492680,-0.492737,0.415018
arm_1_left_finger,587.297000,0.499757,-0.011951,0.543529,-0.585009,0.492680,-0.492737,0.415018
arm_1_left_finger,587.313000,0.499757,-0.011951,0.543529,-0.585009,0.492680,-0.492737,0.415018
arm_1_left_finger,587.330000,0.499757,-0.011951,0.543529,-0.585009,0.492680,-0.492737,0.415018
arm_1_left_finger,587.347000,0.499757,-0.011951,0.543529,-0.585009,0.492680,-0.492737,0.415018
arm_1_left_finger,587.365000,0.499757,-0.011951,0.543529,-0.585009,0.492680,-0.492737,0.415018
arm_1_left_finger,587.382000,0.499757,-0.011951,0.543529,-0.585009,0.492680,-0.492737,0.415018
arm_1_left_finger,587.400000,0.499757,-0.011951,0.543529,-0.585009,0.492680,-0.492737,0.415018
arm_1_left_finger,587.418000,0.499757,-0.011951,0.543529,-0.585009,0.492680,-0.492737,0.415018
arm_1_left_finger,587.435000,0.499757,-0.011951,0.543529,-0.585009,0.492680,-0.492737,0.415018
arm_1_left_finger,587.453000,0.499757,-0.011951,0.543529,-0.585009,0.492680,-0.492737,0.415018
arm_1_left_finger,587.471000,0.499757,-0.011951,0.543529,-0.585009,0.492680,-0.492737,0.415018
arm_1_left_finger,587.489000,0.499757,-0.011951,0.543529,-0.585009,0.492680,-0.492737,0.415018
arm_1_left_finger,587.506000,0.499757,-0.011951,0.543529,-0.585009,0.492680,-0.492737,0.415018
arm_1_left_finger,587.522000,0.499757,-0.011951,0.543529,-0.585009,0.492680,-0.492737,0.415018
arm_1_left_finger,587.539000,0.499757,-0.011951,0.543529,-0.585009,0.492680,-0.492737,0.415018
arm_1_left_finger,587.557000,0.499757,-0.011951,0.543529,-0.585009,0.492680,-0.492737,0.415018
arm_1_left_finger,587.574000,0.499757,-0.011951,0.543529,-0.585009,0.492680,-0.492737,0.415018
arm_1_left_finger,587.592000,0.499757,-0.011951,0.543529,-0.585009,0.492680,-0.492737,0.415018
arm_1_left_finger,587.610000,0.499757,-0.011951,0.543529,-0.585009,0.492680,-0.492737,0.415018
arm_1_left_finger,587.628000,0.499757,-0.011951,0.543529,-0.585009,0.492680,-0.492737,0.415018
arm_1_left_finger,587.645000,0.499757,-0.011951,0.543529,-0.585009,0.492680,-0.492737,0.415018
arm_1_left_finger,587.662000,0.499757,-0.011951,0.543529,-0.585009,0.492680,-0.492737,0.415018
arm_1_left_finger,587.679000,0.499757,-0.011951,0.543529,-0.585009,0.492680,-0.492737,0.415018
arm_1_left_finger,587.697000,0.499757,-0.011951,0.543529,-0.585009,0.492680,-0.492737,0.415018
arm_1_left_finger,587.714000,0.499757,-0.011951,0.543529,-0.585009,0.492680,-0.492737,0.415018
arm_1_left_finger,587.732000,0.499757,-0.011951,0.543529,-0.585009,0.492680,-0.492737,0.415018
arm_1_left_finger,587.749000,0.499757,-0.011951,0.543529,-0.585009,0.492680,-0.492737,0.415018
arm_1_left_finger,587.766000,0.499757,-0.011951,0.543529,-0.585009,0.492680,-0.492737,0.415018
arm_1_left_finger,587.783000,0.499757,-0.011951,0.543529,-0.585009,0.492680,-0.492737,0.415018
arm_1_left_finger,587.799000,0.499757,-0.011951,0.543529,-0.585009,0.492680,-0.492737,0.415018
arm_1_left_finger,587.816000,0.499757,-0.011951,0.543529,-0.585009,0.492680,-0.492737,0.415018
arm_1_left_finger,587.834000,0.499757,-0.011951,0.543529,-0.585009,0.492680,-0.492737,0.415018
arm_1_left_finger,587.851000,0.499757,-0.011951,0.543529,-0.585009,0.492680,-0.492737,0.415018
arm_1_left_finger,587.868000,0.499757,-0.011951,0.543529,-0.585009,0.492680,-0.492737,0.415018
arm_1_left_finger,587.885000,0.499757,-0.011951,0.543529,-0.585009,0.492680,-0.492737,0.415018
arm_1_left_finger,587.903000,0.499757,-0.011951,0.543529,-0.585009,0.492680,-0.492737,0.415018
arm_1_left_finger,587.920000,0.499757,-0.011951,0.543529,-0.585009,0.492680,-0.492737,0.415018
arm_1_left_finger,587.937000,0.499757,-0.011951,0.543529,-0.585009,0.492680,-0.492737,0.415018
arm_1_left_finger,587.954000,0.499757,-0.011951,0.543529,-0.585009,0.492680,-0.492737,0.415018
arm_1_left_finger,587.971000,0.499757,-0.011951,0.543529,-0.585009,0.492680,-0.492737,0.415018
arm_1_left_finger,587.988000,0.499757,-0.011951,0.543529,-0.585009,0.492680,-0.492737,0.415018
arm_1_left_finger,588.005000,0.499757,-0.011951,0.543529,-0.585009,0.492680,-0.492737,0.415018
arm_1_left_finger,588.021000,0.499757,-0.011951,0.543529,-0.585009,0.492680,-0.492737,0.415018
arm_1_left_finger,588.037000,0.499757,-0.011951,0.543529,-0.585009,0.492680,-0.492737,0.415018
arm_1_left_finger,588.054000,0.499757,-0.011951,0.543529,-0.585009,0.492680,-0.492737,0.415018
arm_1_left_finger,588.071000,0.499757,-0.011951,0.543529,-0.585009,0.492680,-0.492737,0.415018
arm_1_left_finger,588.089000,0.499757,-0.011951,0.543529,-0.585009,0.492680,-0.492737,0.415018
arm_1_left_finger,588.106000,0.499757,-0.011951,0.543529,-0.585009,0.492680,-0.492737,0.415018
arm_1_left_finger,588.124000,0.499757,-0.011951,0.543529,-0.585009,0.492680,-0.492737,0.415018
arm_1_left_finger,588.140000,0.499757,-0.011951,0.543529,-0.585009,0.492680,-0.492737,0.415018
arm_1_left_finger,588.157000,0.499757,-0.011951,0.543529,-0.585009,0.492680,-0.492737,0.415018
arm_1_left_finger,588.175000,0.499757,-0.011951,0.543529,-0.585009,0.492680,-0.492737,0.415018
arm_1_left_finger,588.192000,0.499757,-0.011951,0.543529,-0.585009,0.492680,-0.492737,0.415018
arm_1_left_finger,588.210000,0.499757,-0.011951,0.543529,-0.585009,0.492680,-0.492737,0.415018
arm_1_left_finger,588.227000,0.499757,-0.011951,0.543529,-0.585009,0.492680,-0.492737,0.415018
arm_1_left_finger,588.245000,0.499757,-0.011951,0.543529,-0.585009,0.492680,-0.492737,0.415018
arm_1_left_finger,588.263000,0.499757,-0.011951,0.543529,-0.585009,0.492680,-0.492737,0.415018
arm_1_left_finger,588.281000,0.499757,-0.011951,0.543529,-0.585009,0.492680,-0.492737,0.415018
arm_1_left_finger,588.298000,0.499757,-0.011951,0.543529,-0.585009,0.492680,-0.492737,0.415018
arm_1_left_finger,588.315000,0.499757,-0.011951,0.543529,-0.585009,0.492680,-0.492737,0.415018
arm_1_left_finger,588.333000,0.499757,-0.011951,0.543529,-0.585009,0.492680,-0.492737,0.415018
arm_1_left_finger,588.350000,0.499757,-0.011951,0.543529,-0.585009,0.492680,-0.492737,0.415018
arm_1_left_finger,588.367000,0.499757,-0.011951,0.543529,-0.585009,0.492680,-0.492737,0.415018
arm_1_right_finger,554.646000,0.523393,0.011974,0.680388,-0.584988,0.492725,-0.492730,0.415003
arm_1_right_finger,554.657000,0.523393,0.011974,0.680387,-0.584991,0.492729,-0.492727,0.414999
arm_1_right_finger,554.670000,0.523394,0.011974,0.680386,-0.584994,0.492732,-0.492724,0.414995
arm_1_right_finger,554.684000,0.523394,0.011974,0.680386,-0.584996,0.492734,-0.492722,0.414993
arm_1_right_finger,554.698000,0.523394,0.011973,0.680386,-0.584997,0.492736,-0.492719,0.414990
arm_1_right_finger,554.710000,0.523395,0.011973,0.680384,-0.585003,0.492743,-0.492712,0.414982
arm_1_right_finger,554.723000,0.523396,0.011973,0.680382,-0.585013,0.492754,-0.492701,0.414968
arm_1_right_finger,554.735000,0.523393,0.011974,0.680388,-0.584989,0.492726,-0.492730,0.415002
arm_1_right_finger,554.747000,0.523393,0.011974,0.680387,-0.584991,0.492729,-0.492727,0.414999
arm_1_right_finger,554.760000,0.523394,0.011974,0.680386,-0.584994,0.492732,-0.492724,0.414995
arm_1_right_finger,554.772000,0.523395,0.011973,0.680385,-0.585000,0.492739,-0.492717,0.414987
arm_1_right_finger,554.783000,0.523396,0.011973,0.680382,-0.585013,0.492755,-0.492701,0.414968
arm_1_right_finger,554.795000,0.523393,0.011974,0.680387,-0.584989,0.492726,-0.492729,0.415002
arm_1_right_finger,554.807000,0.523395,0.011975,0.680386,-0.584992,0.492730,-0.492724,0.414999
arm_1_right_finger,554.821000,0.523399,0.011980,0.680381,-0.584996,0.492734,-0.492714,0.415000
arm_1_right_finger,554.835000,0.523410,0.011990,0.680371,-0.585008,0.492747,-0.492688,0.415000
arm_1_right_finger,554.849000,0.523427,0.012008,0.680354,-0.585025,0.492767,-0.492646,0.415001
arm_1_right_finger,554.863000,0.523454,0.012035,0.680327,-0.585054,0.492800,-0.492581,0.414999
arm_1_right_finger,554.878000,0.523488,0.012076,0.680296,-0.585062,0.492808,-0.492526,0.415044
arm_1_right_finger,554.892000,0.523534,0.012125,0.680251,-0.585099,0.492849,-0.492426,0.415061
arm_1_right_finger,554.907000,0.523595,0.012190,0.680192,-0.585149,0.492906,-0.492291,0.415083
arm_1_right_finger,554.920000,0.523660,0.012258,0.680128,-0.585208,0.492973,-0.492143,0.415096
arm_1_right_finger,554.931000,0.523719,0.012325,0.680071,-0.585244,0.493013,-0.492024,0.415138
arm_1_right_finger,554.944000,0.523803,0.012413,0.679989,-0.585319,0.493097,-0.491834,0.415159
arm_1_right_finger,554.957000,0.523895,0.012514,0.679900,-0.585382,0.493168,-0.491643,0.415211
arm_1_right_finger,554.968000,0.523985,0.012608,0.679811,-0.585471,0.493270,-0.491429,0.415217
arm_1_right_finger,554.982000,0.524105,0.012741,0.679696,-0.585548,0.493355,-0.491187,0.415295
arm_1_right_finger,554.997000,0.524251,0.012898,0.679554,-0.585661,0.493481,-0.490872,0.415357
arm_1_right_finger,555.012000,0.524411,0.013072,0.679398,-0.585787,0.493624,-0.490523,0.415423
arm_1_right_finger,555.027000,0.524587,0.013262,0.679226,-0.585926,0.493780,-0.490141,0.415493
arm_1_right_finger,555.040000,0.524751,0.013441,0.679065,-0.586055,0.493926,-0.489783,0.415559
arm_1_right_finger,555.055000,0.524954,0.013662,0.678865,-0.586216,0.494107,-0.489339,0.415640
arm_1_right_finger,555.071000,0.525188,0.013917,0.678636,-0.586400,0.494315,-0.488829,0.415733
arm_1_right_finger,555.086000,0.525423,0.014173,0.678405,-0.586586,0.494523,-0.488316,0.415826
arm_1_right_finger,555.101000,0.525673,0.014447,0.678158,-0.586783,0.494746,-0.487769,0.415925
arm_1_right_finger,555.116000,0.525938,0.014738,0.677896,-0.586993,0.494983,-0.487188,0.416028
arm_1_right_finger,555.130000,0.526198,0.015025,0.677638,-0.587199,0.495216,-0.486616,0.416130
arm_1_right_finger,555.146000,0.526512,0.015371,0.677326,-0.587448,0.495496,-0.485925,0.416251
arm_1_right_finger,555.162000,0.526843,0.015737,0.676997,-0.587710,0.495792,-0.485197,0.416379
arm_1_right_finger,555.177000,0.527168,0.016098,0.676672,-0.587967,0.496084,-0.484480,0.416503
arm_1_right_finger,555.192000,0.527508,0.016477,0.676331,-0.588238,0.496389,-0.483727,0.416632
arm_1_right_finger,555.207000,0.527863,0.016874,0.675974,-0.588519,0.496708,-0.482941,0.416765
arm_1_right_finger,555.223000,0.528258,0.017317,0.675576,-0.588833,0.497063,-0.482066,0.416912
arm_1_right_finger,555.239000,0.528669,0.017780,0.675161,-0.589160,0.497434,-0.481152,0.417064
arm_1_right_finger,555.254000,0.529069,0.018232,0.674754,-0.589478,0.497795,-0.480261,0.417211
arm_1_right_finger,555.270000,0.529512,0.018735,0.674303,-0.589832,0.498195,-0.479272,0.417371
arm_1_right_finger,555.286000,0.529970,0.019258,0.673833,-0.590198,0.498611,-0.478244,0.417536
arm_1_right_finger,555.301000,0.530415,0.019768,0.673376,-0.590553,0.499015,-0.477246,0.417694
arm_1_right_finger,555.314000,0.530812,0.020224,0.672967,-0.590870,0.499375,-0.476354,0.417833
arm_1_right_finger,555.326000,0.531187,0.020658,0.672579,-0.591170,0.499717,-0.475507,0.417963
arm_1_right_finger,555.341000,0.531668,0.021216,0.672078,-0.591556,0.500156,-0.474419,0.418129
arm_1_right_finger,555.355000,0.532130,0.021754,0.671596,-0.591927,0.500578,-0.473372,0.418286
arm_1_right_finger,555.370000,0.532634,0.022345,0.671068,-0.592332,0.501040,-0.472227,0.418455
arm_1_right_finger,555.384000,0.533121,0.022918,0.670556,-0.592723,0.501486,-0.471117,0.418616
arm_1_right_finger,555.399000,0.533655,0.023550,0.669991,-0.593153,0.501978,-0.469897,0.418790
arm_1_right_finger,555.415000,0.534239,0.024244,0.669370,-0.593624,0.502516,-0.468558,0.418977
arm_1_right_finger,555.431000,0.534838,0.024961,0.668729,-0.594108,0.503069,-0.467180,0.419166
arm_1_right_finger,555.446000,0.535412,0.025653,0.668111,-0.594572,0.503602,-0.465853,0.419345
arm_1_right_finger,555.462000,0.536038,0.026412,0.667434,-0.595080,0.504183,-0.464402,0.419535
arm_1_right_finger,555.476000,0.536598,0.027094,0.666825,-0.595534,0.504705,-0.463100,0.419702
arm_1_right_finger,555.490000,0.537168,0.027794,0.666202,-0.595998,0.505238,-0.461769,0.419870
arm_1_right_finger,555.503000,0.537703,0.028454,0.665614,-0.596434,0.505738,-0.460517,0.420024
arm_1_right_finger,555.516000,0.538252,0.029135,0.665007,-0.596881,0.506254,-0.459227,0.420179
arm_1_right_finger,555.530000,0.538853,0.029885,0.664339,-0.597372,0.506819,-0.457811,0.420345
arm_1_right_finger,555.545000,0.539507,0.030708,0.663607,-0.597909,0.507437,-0.456261,0.420522
arm_1_right_finger,555.559000,0.540129,0.031494,0.662908,-0.598418,0.508026,-0.454784,0.420686
arm_1_right_finger,555.574000,0.540805,0.032356,0.662141,-0.598974,0.508669,-0.453170,0.420860
arm_1_right_finger,555.589000,0.541492,0.033238,0.661357,-0.599541,0.509324,-0.451522,0.421032
arm_1_right_finger,555.603000,0.542144,0.034081,0.660609,-0.600078,0.509947,-0.449954,0.421191
arm_1_right_finger,555.619000,0.542899,0.035065,0.659735,-0.600704,0.510672,-0.448126,0.421369
arm_1_right_finger,555.635000,0.543667,0.036074,0.658840,-0.601341,0.511412,-0.446260,0.421543
arm_1_right_finger,555.649000,0.544348,0.036977,0.658040,-0.601907,0.512071,-0.444596,0.421693
arm_1_right_finger,555.658000,0.544790,0.037567,0.657517,-0.602276,0.512500,-0.443512,0.421787
arm_1_right_finger,555.673000,0.545535,0.038567,0.656631,-0.602898,0.513226,-0.441677,0.421941
arm_1_right_finger,555.688000,0.546289,0.039588,0.655726,-0.603530,0.513963,-0.439810,0.422090
arm_1_right_finger,555.703000,0.547053,0.040632,0.654802,-0.604172,0.514714,-0.437908,0.422235
arm_1_right_finger,555.717000,0.547774,0.041626,0.653923,-0.604780,0.515425,-0.436104,0.422365
arm_1_right_finger,555.732000,0.548555,0.042712,0.652963,-0.605440,0.516199,-0.434139,0.422499
arm_1_right_finger,555.745000,0.549238,0.043671,0.652116,-0.606019,0.516879,-0.432409,0.422610
arm_1_right_finger,555.758000,0.549928,0.044647,0.651254,-0.606606,0.517568,-0.430655,0.422716
arm_1_right_finger,555.773000,0.550732,0.045794,0.650241,-0.607291,0.518375,-0.428600,0.422832
arm_1_right_finger,555.788000,0.551544,0.046964,0.649209,-0.607986,0.519194,-0.426511,0.422941
arm_1_right_finger,555.804000,0.552418,0.048237,0.648086,-0.608736,0.520080,-0.424247,0.423049
arm_1_right_finger,555.818000,0.553189,0.049372,0.647085,-0.609401,0.520867,-0.422236,0.423136
arm_1_right_finger,555.833000,0.554022,0.050611,0.645994,-0.610122,0.521721,-0.420050,0.423220
arm_1_right_finger,555.847000,0.554805,0.051788,0.644957,-0.610803,0.522529,-0.417981,0.423291
arm_1_right_finger,555.862000,0.555645,0.053063,0.643834,-0.611536,0.523400,-0.415747,0.423357
arm_1_right_finger,555.876000,0.556440,0.054282,0.642761,-0.612232,0.524229,-0.413618,0.423410
arm_1_right_finger,555.890000,0.557240,0.055524,0.641669,-0.612936,0.525069,-0.411460,0.423454
arm_1_right_finger,555.903000,0.557988,0.056695,0.640639,-0.613596,0.525858,-0.409430,0.423486
arm_1_right_finger,555.917000,0.558797,0.057977,0.639513,-0.614313,0.526716,-0.407219,0.423511
arm_1_right_finger,555.931000,0.559610,0.059279,0.638369,-0.615038,0.527585,-0.404980,0.423526
arm_1_right_finger,555.946000,0.560484,0.060697,0.637123,-0.615821,0.528526,-0.402551,0.423531
arm_1_right_finger,555.959000,0.561246,0.061946,0.636026,-0.616506,0.529350,-0.400420,0.423524
arm_1_right_finger,555.973000,0.562069,0.063312,0.634828,-0.617250,0.530247,-0.398100,0.423505
arm_1_right_finger,555.986000,0.562836,0.064599,0.633698,-0.617947,0.531089,-0.395921,0.423478
arm_1_right_finger,555.998000,0.563539,0.065793,0.632651,-0.618589,0.531866,-0.393907,0.423443
arm_1_right_finger,556.012000,0.564371,0.067221,0.631399,-0.619352,0.532791,-0.391508,0.423390
arm_1_right_finger,556.026000,0.565204,0.068670,0.630129,-0.620120,0.533725,-0.389082,0.423325
arm_1_right_finger,556.041000,0.566099,0.070247,0.628747,-0.620951,0.534735,-0.386455,0.423239
arm_1_right_finger,556.056000,0.566995,0.071848,0.627344,-0.621788,0.535756,-0.383797,0.423137
arm_1_right_finger,556.069000,0.567772,0.073257,0.626110,-0.622518,0.536649,-0.381470,0.423036
arm_1_right_finger,556.083000,0.568609,0.074795,0.624763,-0.623310,0.537620,-0.378939,0.422912
arm_1_right_finger,556.098000,0.569507,0.076469,0.623298,-0.624165,0.538670,-0.376198,0.422762
arm_1_right_finger,556.113000,0.570404,0.078167,0.621811,-0.625026,0.539730,-0.373428,0.422594
arm_1_right_finger,556.127000,0.571241,0.079776,0.620403,-0.625836,0.540728,-0.370816,0.422420
arm_1_right_finger,556.142000,0.572137,0.081525,0.618872,-0.626708,0.541807,-0.367990,0.422215
arm_1_right_finger,556.158000,0.573091,0.083420,0.617215,-0.627646,0.542969,-0.364943,0.421974
arm_1_right_finger,556.174000,0.574043,0.085345,0.615531,-0.628589,0.544142,-0.361863,0.421710
arm_1_right_finger,556.190000,0.574992,0.087300,0.613821,-0.629539,0.545326,-0.358752,0.421422
arm_1_right_finger,556.202000,0.575701,0.088786,0.612522,-0.630256,0.546222,-0.356397,0.421190
arm_1_right_finger,556.213000,0.576343,0.090149,0.611330,-0.630909,0.547039,-0.354245,0.420966
arm_1_right_finger,556.228000,0.577226,0.092053,0.609664,-0.631814,0.548176,-0.351251,0.420639
arm_1_right_finger,556.243000,0.578104,0.093984,0.607976,-0.632724,0.549321,-0.348231,0.420288
arm_1_right_finger,556.257000,0.578919,0.095810,0.606379,-0.633577,0.550398,-0.345389,0.419939
arm_1_right_finger,556.272000,0.579787,0.097792,0.604646,-0.634496,0.551560,-0.342318,0.419541
arm_1_right_finger,556.287000,0.580649,0.099801,0.602889,-0.635419,0.552731,-0.339221,0.419118
arm_1_right_finger,556.301000,0.581448,0.101700,0.601227,-0.636284,0.553832,-0.336308,0.418701
arm_1_right_finger,556.317000,0.582353,0.103900,0.599303,-0.637276,0.555100,-0.332950,0.418195
arm_1_right_finger,556.331000,0.583139,0.105851,0.597596,-0.638149,0.556217,-0.329988,0.417727
arm_1_right_finger,556.345000,0.583918,0.107826,0.595867,-0.639025,0.557342,-0.327003,0.417236
arm_1_right_finger,556.358000,0.584634,0.109682,0.594243,-0.639841,0.558393,-0.324213,0.416757
arm_1_right_finger,556.372000,0.585398,0.111702,0.592475,-0.640722,0.559531,-0.321190,0.416218
arm_1_right_finger,556.388000,0.586258,0.114034,0.590433,-0.641730,0.560837,-0.317718,0.415572
arm_1_right_finger,556.404000,0.587104,0.116389,0.588370,-0.642737,0.562148,-0.314231,0.414895
arm_1_right_finger,556.420000,0.587933,0.118763,0.586290,-0.643743,0.563460,-0.310736,0.414187
arm_1_right_finger,556.436000,0.588745,0.121153,0.584194,-0.644745,0.564773,-0.307237,0.413449
arm_1_right_finger,556.451000,0.589490,0.123407,0.582218,-0.645681,0.566003,-0.303957,0.412730
arm_1_right_finger,556.466000,0.590217,0.125671,0.580231,-0.646613,0.567233,-0.300678,0.411985
arm_1_right_finger,556.480000,0.590880,0.127793,0.578369,-0.647478,0.568378,-0.297621,0.411267
arm_1_right_finger,556.494000,0.591527,0.129922,0.576498,0.648339,-0.569521,0.294569,-0.410526
arm_1_right_finger,556.509000,0.592203,0.132212,0.574487,0.649256,-0.570743,0.291304,-0.409709
arm_1_right_finger,556.525000,0.592903,0.134661,0.572333,0.650228,-0.572043,0.287830,-0.408809
arm_1_right_finger,556.540000,0.593540,0.136965,0.570307,0.651133,-0.573258,0.284581,-0.407940
arm_1_right_finger,556.554000,0.594117,0.139120,0.568409,0.651972,-0.574389,0.281556,-0.407107
arm_1_right_finger,556.569000,0.594717,0.141435,0.566370,0.652865,-0.575596,0.278325,-0.406191
arm_1_right_finger,556.584000,0.595298,0.143754,0.564325,0.653752,-0.576800,0.275103,-0.405251
arm_1_right_finger,556.599000,0.595860,0.146079,0.562274,0.654633,-0.578000,0.271891,-0.404286
arm_1_right_finger,556.614000,0.596401,0.148409,0.560218,0.655507,-0.579196,0.268690,-0.403298
arm_1_right_finger,556.629000,0.596924,0.150743,0.558156,0.656374,-0.580387,0.265500,-0.402285
arm_1_right_finger,556.643000,0.597393,0.152925,0.556226,0.657178,-0.581495,0.262532,-0.401319
arm_1_right_finger,556.660000,0.597940,0.155579,0.553877,0.658147,-0.582836,0.258942,-0.400117
arm_1_right_finger,556.676000,0.598432,0.158082,0.551660,0.659051,-0.584092,0.255577,-0.398959
arm_1_right_finger,556.691000,0.598873,0.160431,0.549576,0.659892,-0.585266,0.252434,-0.397849
arm_1_right_finger,556.707000,0.599320,0.162941,0.547348,0.660781,-0.586512,0.249095,-0.396639
arm_1_right_finger,556.723000,0.599745,0.165455,0.545115,0.661664,-0.587754,0.245771,-0.395403
arm_1_right_finger,556.738000,0.600123,0.167814,0.543016,0.662484,-0.588914,0.242666,-0.394220
arm_1_right_finger,556.753000,0.600481,0.170176,0.540913,0.663297,-0.590068,0.239575,-0.393014
arm_1_right_finger,556.769000,0.600840,0.172698,0.538665,0.664157,-0.591295,0.236292,-0.391703
arm_1_right_finger,556.785000,0.601177,0.175223,0.536411,0.665010,-0.592517,0.233024,-0.390365
arm_1_right_finger,556.800000,0.601472,0.177592,0.534294,0.665803,-0.593657,0.229974,-0.389088
arm_1_right_finger,556.815000,0.601746,0.179963,0.532173,0.666589,-0.594793,0.226937,-0.387788
arm_1_right_finger,556.829000,0.601984,0.182178,0.530189,0.667317,-0.595849,0.224115,-0.386554
arm_1_right_finger,556.844000,0.602219,0.184552,0.528060,0.668090,-0.596976,0.221105,-0.385211
arm_1_right_finger,556.859000,0.602434,0.186928,0.525926,0.668857,-0.598099,0.218108,-0.383846
arm_1_right_finger,556.875000,0.602641,0.189464,0.523646,0.669667,-0.599291,0.214928,-0.382365
arm_1_right_finger,556.890000,0.602814,0.191842,0.521505,0.670420,-0.600403,0.211961,-0.380954
arm_1_right_finger,556.906000,0.602976,0.194380,0.519216,0.671215,-0.601585,0.208813,-0.379424
arm_1_right_finger,556.922000,0.603115,0.196918,0.516924,0.672003,-0.602761,0.205681,-0.377870
arm_1_right_finger,556.937000,0.603224,0.199299,0.514770,0.672735,-0.603859,0.202760,-0.376391
arm_1_right_finger,556.952000,0.603312,0.201680,0.512614,0.673460,-0.604952,0.199854,-0.374890
arm_1_right_finger,556.968000,0.603384,0.204220,0.510310,0.674226,-0.606113,0.196771,-0.373265
arm_1_right_finger,556.983000,0.603431,0.206601,0.508146,0.674938,-0.607196,0.193896,-0.371720
arm_1_right_finger,556.998000,0.603457,0.208982,0.505979,0.675642,-0.608275,0.191037,-0.370154
arm_1_right_finger,557.013000,0.603462,0.211363,0.503809,0.676340,-0.609348,0.188194,-0.368566
arm_1_right_finger,557.029000,0.603446,0.213902,0.501490,0.677078,-0.610488,0.185178,-0.366850
arm_1_right_finger,557.044000,0.603409,0.216282,0.499314,0.677762,-0.611552,0.182368,-0.365219
arm_1_right_finger,557.058000,0.603357,0.218490,0.497291,0.678391,-0.612535,0.179773,-0.363687
arm_1_right_finger,557.074000,0.603275,0.221025,0.494964,0.679106,-0.613659,0.176810,-0.361906
arm_1_right_finger,557.090000,0.603170,0.223563,0.492631,0.679815,-0.614779,0.173861,-0.360098
arm_1_right_finger,557.106000,0.603041,0.226099,0.490294,0.680516,-0.615893,0.170932,-0.358267
arm_1_right_finger,557.122000,0.602890,0.228632,0.487956,0.681210,-0.617002,0.168022,-0.356414
arm_1_right_finger,557.137000,0.602726,0.231005,0.485761,0.681853,-0.618036,0.165312,-0.354656
arm_1_right_finger,557.151000,0.602555,0.233218,0.483710,0.682446,-0.618996,0.162799,-0.352998
arm_1_right_finger,557.166000,0.602352,0.235587,0.481511,0.683076,-0.620020,0.160122,-0.351202
arm_1_right_finger,557.182000,0.602114,0.238111,0.479163,0.683741,-0.621107,0.157287,-0.349264
arm_1_right_finger,557.198000,0.601852,0.240632,0.476813,0.684397,-0.622188,0.154471,-0.347305
arm_1_right_finger,557.214000,0.601566,0.243151,0.474460,0.685046,-0.623263,0.151676,-0.345324
arm_1_right_finger,557.229000,0.601278,0.245508,0.472253,0.685648,-0.624266,0.149074,-0.343447
arm_1_right_finger,557.245000,0.600948,0.248020,0.469896,0.686282,-0.625331,0.146318,-0.341423
arm_1_right_finger,557.261000,0.600595,0.250528,0.467537,0.686908,-0.626389,0.143583,-0.339378
arm_1_right_finger,557.276000,0.600244,0.252876,0.465324,0.687489,-0.627376,0.141037,-0.337442
arm_1_right_finger,557.292000,0.599846,0.255377,0.462961,0.688100,-0.628423,0.138343,-0.335355
arm_1_right_finger,557.308000,0.599426,0.257874,0.460597,0.688704,-0.629465,0.135669,-0.333248
arm_1_right_finger,557.323000,0.599010,0.260211,0.458378,0.689263,-0.630436,0.133181,-0.331254
arm_1_right_finger,557.339000,0.598546,0.262699,0.456011,0.689853,-0.631466,0.130549,-0.329106
arm_1_right_finger,557.353000,0.598120,0.264872,0.453938,0.690362,-0.632363,0.128263,-0.327210
arm_1_right_finger,557.368000,0.597645,0.267196,0.451716,0.690901,-0.633319,0.125832,-0.325161
arm_1_right_finger,557.382000,0.597183,0.269362,0.449641,0.691398,-0.634206,0.123580,-0.323233
arm_1_right_finger,557.397000,0.596669,0.271677,0.447416,0.691924,-0.635152,0.121187,-0.321150
arm_1_right_finger,557.413000,0.596103,0.274126,0.445057,0.692474,-0.636149,0.118671,-0.318923
arm_1_right_finger,557.428000,0.595547,0.276435,0.442828,0.692987,-0.637085,0.116314,-0.316801
arm_1_right_finger,557.442000,0.595010,0.278585,0.440747,0.693459,-0.637954,0.114133,-0.314806
arm_1_right_finger,557.456000,0.594457,0.280730,0.438665,0.693925,-0.638818,0.111969,-0.312796
arm_1_right_finger,557.469000,0.593927,0.282717,0.436733,0.694353,-0.639617,0.109976,-0.310917
arm_1_right_finger,557.482000,0.593383,0.284699,0.434800,0.694776,-0.640411,0.107998,-0.309025
arm_1_right_finger,557.496000,0.592782,0.286825,0.432722,0.695224,-0.641260,0.105890,-0.306979
arm_1_right_finger,557.511000,0.592120,0.289092,0.430500,0.695697,-0.642163,0.103655,-0.304775
arm_1_right_finger,557.526000,0.591436,0.291365,0.428267,0.696166,-0.643065,0.101428,-0.302543
arm_1_right_finger,557.542000,0.590684,0.293782,0.425884,0.696659,-0.644021,0.099077,-0.300145
arm_1_right_finger,557.558000,0.589910,0.296192,0.423503,0.697143,-0.644971,0.096750,-0.297729
arm_1_right_finger,557.573000,0.589165,0.298443,0.421270,0.697591,-0.645856,0.094590,-0.295449
arm_1_right_finger,557.590000,0.588297,0.300987,0.418740,0.698089,-0.646852,0.092168,-0.292846
arm_1_right_finger,557.606000,0.587458,0.303372,0.416360,0.698550,-0.647784,0.089913,-0.290378
arm_1_right_finger,557.622000,0.586603,0.305734,0.413994,0.699000,-0.648702,0.087700,-0.287912
arm_1_right_finger,557.637000,0.585775,0.307959,0.411760,0.699420,-0.649566,0.085625,-0.285560
arm_1_right_finger,557.652000,0.584928,0.310175,0.409527,0.699832,-0.650423,0.083574,-0.283197
arm_1_right_finger,557.668000,0.584004,0.312531,0.407146,0.700264,-0.651331,0.081412,-0.280661
arm_1_right_finger,557.684000,0.583059,0.314877,0.404767,0.700688,-0.652233,0.079274,-0.278108
arm_1_right_finger,557.700000,0.582093,0.317214,0.402388,0.701104,-0.653128,0.077162,-0.275540
arm_1_right_finger,557.716000,0.581105,0.319542,0.400011,0.701513,-0.654017,0.075074,-0.272956
arm_1_right_finger,557.731000,0.580160,0.321716,0.397783,0.701889,-0.654845,0.073140,-0.270518
arm_1_right_finger,557.746000,0.579196,0.323881,0.395556,0.702258,-0.655667,0.071228,-0.268067
arm_1_right_finger,557.761000,0.578214,0.326038,0.393331,0.702621,-0.656484,0.069339,-0.265603
arm_1_right_finger,557.776000,0.577214,0.328186,0.391106,0.702976,-0.657295,0.067471,-0.263124
arm_1_right_finger,557.791000,0.576195,0.330326,0.388883,0.703325,-0.658101,0.065626,-0.260633
arm_1_right_finger,557.806000,0.575159,0.332457,0.386661,0.703668,-0.658901,0.063804,-0.258128
arm_1_right_finger,557.821000,0.574104,0.334579,0.384440,0.704003,-0.659696,0.062004,-0.255610
arm_1_right_finger,557.837000,0.572958,0.336832,0.382073,0.704354,-0.660537,0.060108,-0.252910
arm_1_right_finger,557.853000,0.571793,0.339076,0.379707,0.704696,-0.661373,0.058239,-0.250195
arm_1_right_finger,557.869000,0.570607,0.341308,0.377343,0.705031,-0.662201,0.056396,-0.247466
arm_1_right_finger,557.884000,0.569476,0.343391,0.375129,0.705339,-0.662973,0.054691,-0.244895
arm_1_right_finger,557.900000,0.568251,0.345603,0.372769,0.705659,-0.663789,0.052898,-0.242138
arm_1_right_finger,557.916000,0.567006,0.347803,0.370411,0.705972,-0.664600,0.051131,-0.239368
arm_1_right_finger,557.931000,0.565821,0.349856,0.368203,0.706258,-0.665353,0.049499,-0.236759
arm_1_right_finger,557.946000,0.564618,0.351899,0.365996,0.706537,-0.666101,0.047890,-0.234139
arm_1_right_finger,557.961000,0.563398,0.353931,0.363791,0.706810,-0.666844,0.046304,-0.231506
arm_1_right_finger,557.977000,0.562078,0.356088,0.361442,0.707093,-0.667630,0.044638,-0.228686
arm_1_right_finger,557.993000,0.560738,0.358233,0.359095,0.707369,-0.668409,0.042999,-0.225853
arm_1_right_finger,558.009000,0.559378,0.360366,0.356750,0.707637,-0.669182,0.041387,-0.223007
arm_1_right_finger,558.023000,0.558172,0.362223,0.354698,0.707865,-0.669853,0.039999,-0.220507
arm_1_right_finger,558.038000,0.556864,0.364202,0.352505,0.708104,-0.670566,0.038534,-0.217819
arm_1_right_finger,558.054000,0.555451,0.366301,0.350169,0.708350,-0.671321,0.036998,-0.214939
arm_1_right_finger,558.070000,0.554020,0.368387,0.347836,0.708589,-0.672069,0.035489,-0.212048
arm_1_right_finger,558.086000,0.552570,0.370461,0.345506,0.708821,-0.672811,0.034007,-0.209145
arm_1_right_finger,558.101000,0.551193,0.372393,0.343324,0.709031,-0.673501,0.032643,-0.206414
arm_1_right_finger,558.117000,0.549707,0.374441,0.341000,0.709247,-0.674230,0.031214,-0.203490
arm_1_right_finger,558.133000,0.548203,0.376477,0.338680,0.709456,-0.674952,0.029813,-0.200555
arm_1_right_finger,558.149000,0.546680,0.378499,0.336363,0.709658,-0.675668,0.028439,-0.197609
arm_1_right_finger,558.164000,0.545237,0.380383,0.334194,0.709840,-0.676334,0.027176,-0.194838
arm_1_right_finger,558.179000,0.543777,0.382255,0.332028,0.710015,-0.676993,0.025938,-0.192058
arm_1_right_finger,558.193000,0.542401,0.383991,0.330010,0.710172,-0.677603,0.024805,-0.189456
arm_1_right_finger,558.207000,0.541021,0.385706,0.328008,0.710323,-0.678205,0.023700,-0.186863
arm_1_right_finger,558.221000,0.539617,0.387422,0.325995,0.710469,-0.678805,0.022608,-0.184245
arm_1_right_finger,558.235000,0.538199,0.389129,0.323983,0.710609,-0.679401,0.021537,-0.181618
arm_1_right_finger,558.249000,0.536768,0.390825,0.321975,0.710744,-0.679991,0.020489,-0.178984
arm_1_right_finger,558.265000,0.535117,0.392749,0.319684,0.710890,-0.680660,0.019316,-0.175966
arm_1_right_finger,558.280000,0.533554,0.394539,0.317541,0.711020,-0.681281,0.018243,-0.173129
arm_1_right_finger,558.295000,0.531977,0.396317,0.315402,0.711144,-0.681895,0.017195,-0.170285
arm_1_right_finger,558.311000,0.530278,0.398199,0.313125,0.711269,-0.682544,0.016105,-0.167244
arm_1_right_finger,558.326000,0.528672,0.399949,0.310996,0.711378,-0.683146,0.015110,-0.164389
arm_1_right_finger,558.341000,0.527054,0.401682,0.308875,0.711481,-0.683741,0.014141,-0.161531
arm_1_right_finger,558.356000,0.525427,0.403398,0.306765,0.711577,-0.684329,0.013200,-0.158676
arm_1_right_finger,558.371000,0.523794,0.405092,0.304668,0.711666,-0.684907,0.012288,-0.155826
arm_1_right_finger,558.386000,0.522156,0.406765,0.302588,0.711748,-0.685477,0.011406,-0.152987
arm_1_right_finger,558.400000,0.520626,0.408304,0.300662,0.711819,-0.686000,0.010610,-0.150349
arm_1_right_finger,558.413000,0.519204,0.409714,0.298889,0.711879,-0.686479,0.009894,-0.147911
arm_1_right_finger,558.427000,0.517672,0.411211,0.296996,0.711938,-0.686985,0.009148,-0.145300
arm_1_right_finger,558.442000,0.516033,0.412791,0.294989,0.711994,-0.687519,0.008378,-0.142520
arm_1_right_finger,558.456000,0.514504,0.414241,0.293135,0.712042,-0.688007,0.007686,-0.139942
arm_1_right_finger,558.471000,0.512870,0.415770,0.291171,0.712086,-0.688521,0.006973,-0.137200
arm_1_right_finger,558.487000,0.511130,0.417372,0.289099,0.712126,-0.689058,0.006244,-0.134298
arm_1_right_finger,558.503000,0.509396,0.418944,0.287054,0.712160,-0.689584,0.005547,-0.131421
arm_1_right_finger,558.519000,0.507668,0.420485,0.285036,0.712187,-0.690098,0.004882,-0.128571
arm_1_right_finger,558.534000,0.506054,0.421904,0.283167,0.712206,-0.690570,0.004287,-0.125922
arm_1_right_finger,558.550000,0.504339,0.423389,0.281199,0.712221,-0.691063,0.003681,-0.123123
arm_1_right_finger,558.566000,0.502633,0.424845,0.279258,0.712230,-0.691545,0.003105,-0.120351
arm_1_right_finger,558.581000,0.501040,0.426184,0.277462,0.712232,-0.691988,0.002592,-0.117778
arm_1_right_finger,558.594000,0.499667,0.427323,0.275924,0.712231,-0.692363,0.002166,-0.115568
arm_1_right_finger,558.603000,0.498720,0.428101,0.274870,0.712227,-0.692619,0.001883,-0.114049
arm_1_right_finger,558.616000,0.497360,0.429207,0.273365,0.712220,-0.692983,0.001489,-0.111876
arm_1_right_finger,558.629000,0.496010,0.430292,0.271881,0.712208,-0.693338,0.001114,-0.109727
arm_1_right_finger,558.644000,0.494453,0.431529,0.270181,0.712191,-0.693743,0.000699,-0.107257
arm_1_right_finger,558.659000,0.492905,0.432741,0.268504,0.712170,-0.694138,0.000308,-0.104814
arm_1_right_finger,558.675000,0.491265,0.434008,0.266741,0.712142,-0.694551,-0.000086,-0.102237
arm_1_right_finger,558.691000,0.489638,0.435248,0.265004,0.712111,-0.694953,-0.000456,-0.099690
arm_1_right_finger,558.707000,0.488024,0.436461,0.263294,0.712074,-0.695346,-0.000803,-0.097175
arm_1_right_finger,558.722000,0.486522,0.437575,0.261714,0.712036,-0.695706,-0.001107,-0.094845
arm_1_right_finger,558.738000,0.484933,0.438738,0.260055,0.711992,-0.696081,-0.001410,-0.092389
arm_1_right_finger,558.751000,0.483651,0.439665,0.258725,0.711954,-0.696379,-0.001640,-0.090416
arm_1_right_finger,558.766000,0.482184,0.440714,0.257212,0.711906,-0.696716,-0.001890,-0.088166
arm_1_right_finger,558.779000,0.480941,0.441593,0.255937,0.711863,-0.696997,-0.002088,-0.086265
arm_1_right_finger,558.794000,0.479494,0.442604,0.254462,0.711809,-0.697321,-0.002306,-0.084060
arm_1_right_finger,558.809000,0.478061,0.443594,0.253010,0.711753,-0.697636,-0.002506,-0.081883
arm_1_right_finger,558.825000,0.476547,0.444627,0.251486,0.711690,-0.697964,-0.002702,-0.079593
arm_1_right_finger,558.841000,0.475050,0.445636,0.249989,0.711625,-0.698284,-0.002880,-0.077336
arm_1_right_finger,558.857000,0.473568,0.446621,0.248515,0.711556,-0.698596,-0.003041,-0.075111
arm_1_right_finger,558.873000,0.472103,0.447585,0.247068,0.711485,-0.698900,-0.003186,-0.072918
arm_1_right_finger,558.887000,0.470834,0.448409,0.245821,0.711421,-0.699159,-0.003299,-0.071026
arm_1_right_finger,558.902000,0.469490,0.449273,0.244508,0.711351,-0.699431,-0.003408,-0.069027
arm_1_right_finger,558.918000,0.468073,0.450174,0.243130,0.711274,-0.699713,-0.003509,-0.066926
arm_1_right_finger,558.935000,0.466585,0.451108,0.241693,0.711189,-0.700005,-0.003602,-0.064728
arm_1_right_finger,558.951000,0.465203,0.451965,0.240366,0.711108,-0.700272,-0.003675,-0.062694
arm_1_right_finger,558.967000,0.463839,0.452802,0.239062,0.711026,-0.700532,-0.003735,-0.060692
arm_1_right_finger,558.983000,0.462494,0.453618,0.237783,0.710941,-0.700785,-0.003783,-0.058722
arm_1_right_finger,558.998000,0.461248,0.454365,0.236606,0.710861,-0.701016,-0.003817,-0.056905
arm_1_right_finger,559.013000,0.460019,0.455095,0.235449,0.710780,-0.701242,-0.003841,-0.055116
arm_1_right_finger,559.028000,0.458807,0.455808,0.234313,0.710697,-0.701461,-0.003856,-0.053357
arm_1_right_finger,559.044000,0.457531,0.456550,0.233124,0.710609,-0.701689,-0.003861,-0.051512
arm_1_right_finger,559.060000,0.456275,0.457273,0.231959,0.710519,-0.701910,-0.003857,-0.049699
arm_1_right_finger,559.076000,0.455038,0.457979,0.230816,0.710429,-0.702125,-0.003844,-0.047918
arm_1_right_finger,559.092000,0.453823,0.458664,0.229700,0.710338,-0.702334,-0.003822,-0.046175
arm_1_right_finger,559.108000,0.452630,0.459330,0.228608,0.710247,-0.702537,-0.003792,-0.044466
arm_1_right_finger,559.123000,0.451523,0.459942,0.227599,0.710161,-0.702722,-0.003757,-0.042886
arm_1_right_finger,559.134000,0.450726,0.460380,0.226875,0.710098,-0.702854,-0.003727,-0.041749
arm_1_right_finger,559.144000,0.450012,0.460769,0.226229,0.710040,-0.702972,-0.003697,-0.040733
arm_1_right_finger,559.155000,0.449229,0.461193,0.225522,0.709977,-0.703100,-0.003660,-0.039622
arm_1_right_finger,559.167000,0.448386,0.461646,0.224763,0.709908,-0.703236,-0.003618,-0.038427
arm_1_right_finger,559.173000,0.447970,0.461869,0.224390,0.709873,-0.703303,-0.003595,-0.037837
arm_1_right_finger,559.184000,0.447215,0.462272,0.223712,0.709810,-0.703424,-0.003551,-0.036767
arm_1_right_finger,559.198000,0.446266,0.462773,0.222865,0.709730,-0.703574,-0.003491,-0.035429
arm_1_right_finger,559.213000,0.445268,0.463296,0.221976,0.709644,-0.703730,-0.003423,-0.034023
arm_1_right_finger,559.229000,0.444225,0.463839,0.221050,0.709552,-0.703892,-0.003346,-0.032554
arm_1_right_finger,559.245000,0.443202,0.464366,0.220146,0.709462,-0.704049,-0.003264,-0.031120
arm_1_right_finger,559.260000,0.442263,0.464846,0.219319,0.709377,-0.704191,-0.003184,-0.029805
arm_1_right_finger,559.276000,0.441282,0.465344,0.218458,0.709288,-0.704339,-0.003095,-0.028434
arm_1_right_finger,559.291000,0.440383,0.465797,0.217671,0.709205,-0.704472,-0.003009,-0.027178
arm_1_right_finger,559.307000,0.439442,0.466266,0.216850,0.709117,-0.704610,-0.002914,-0.025870
arm_1_right_finger,559.322000,0.438583,0.466692,0.216103,0.709035,-0.704735,-0.002823,-0.024674
arm_1_right_finger,559.337000,0.437742,0.467105,0.215374,0.708955,-0.704857,-0.002730,-0.023508
arm_1_right_finger,559.352000,0.436919,0.467506,0.214663,0.708875,-0.704974,-0.002635,-0.022369
arm_1_right_finger,559.366000,0.436170,0.467870,0.214017,0.708802,-0.705080,-0.002546,-0.021333
arm_1_right_finger,559.381000,0.435386,0.468248,0.213343,0.708725,-0.705190,-0.002449,-0.020250
arm_1_right_finger,559.396000,0.434622,0.468613,0.212688,0.708649,-0.705296,-0.002351,-0.019196
arm_1_right_finger,559.411000,0.433876,0.468968,0.212049,0.708574,-0.705399,-0.002253,-0.018170
arm_1_right_finger,559.427000,0.433103,0.469333,0.211391,0.708495,-0.705505,-0.002148,-0.017108
arm_1_right_finger,559.443000,0.432354,0.469685,0.210753,0.708419,-0.705606,-0.002043,-0.016079
arm_1_right_finger,559.458000,0.431671,0.470003,0.210174,0.708348,-0.705698,-0.001945,-0.015143
arm_1_right_finger,559.474000,0.430964,0.470330,0.209574,0.708275,-0.705792,-0.001841,-0.014176
arm_1_right_finger,559.490000,0.430281,0.470645,0.208997,0.708203,-0.705883,-0.001738,-0.013242
arm_1_right_finger,559.505000,0.429661,0.470929,0.208475,0.708137,-0.705964,-0.001643,-0.012397
arm_1_right_finger,559.521000,0.429023,0.471220,0.207938,0.708069,-0.706047,-0.001542,-0.011526
arm_1_right_finger,559.537000,0.428406,0.471499,0.207420,0.708003,-0.706127,-0.001443,-0.010687
arm_1_right_finger,559.553000,0.427813,0.471766,0.206924,0.707939,-0.706203,-0.001346,-0.009881
arm_1_right_finger,559.569000,0.427247,0.472021,0.206450,0.707878,-0.706275,-0.001251,-0.009111
arm_1_right_finger,559.584000,0.426733,0.472250,0.206022,0.707822,-0.706340,-0.001164,-0.008414
arm_1_right_finger,559.600000,0.426207,0.472483,0.205583,0.707764,-0.706406,-0.001073,-0.007702
arm_1_right_finger,559.616000,0.425705,0.472705,0.205166,0.707709,-0.706469,-0.000985,-0.007022
arm_1_right_finger,559.632000,0.425228,0.472915,0.204769,0.707656,-0.706528,-0.000901,-0.006376
arm_1_right_finger,559.649000,0.424746,0.473127,0.204370,0.707602,-0.706588,-0.000814,-0.005724
arm_1_right_finger,559.664000,0.424342,0.473303,0.204036,0.707556,-0.706638,-0.000740,-0.005178
arm_1_right_finger,559.679000,0.423959,0.473470,0.203719,0.707513,-0.706684,-0.000669,-0.004662
arm_1_right_finger,559.695000,0.423573,0.473637,0.203400,0.707470,-0.706731,-0.000598,-0.004143
arm_1_right_finger,559.710000,0.423234,0.473784,0.203120,0.707431,-0.706772,-0.000534,-0.003685
arm_1_right_finger,559.726000,0.422894,0.473930,0.202841,0.707392,-0.706813,-0.000469,-0.003227
arm_1_right_finger,559.742000,0.422579,0.474066,0.202581,0.707356,-0.706851,-0.000409,-0.002802
arm_1_right_finger,559.758000,0.422287,0.474191,0.202341,0.707323,-0.706886,-0.000352,-0.002409
arm_1_right_finger,559.772000,0.422051,0.474292,0.202147,0.707296,-0.706915,-0.000300,-0.002098
arm_1_right_finger,559.787000,0.421816,0.474392,0.201955,0.707269,-0.706942,-0.000260,-0.001779
arm_1_right_finger,559.803000,0.421591,0.474488,0.201770,0.707243,-0.706969,-0.000216,-0.001476
arm_1_right_finger,559.819000,0.421390,0.474573,0.201605,0.707220,-0.706993,-0.000177,-0.001205
arm_1_right_finger,559.835000,0.421213,0.474649,0.201460,0.707199,-0.707014,-0.000141,-0.000967
arm_1_right_finger,559.851000,0.421059,0.474714,0.201334,0.707181,-0.707032,-0.000092,-0.000779
arm_1_right_finger,559.867000,0.420929,0.474769,0.201228,0.707166,-0.707047,-0.000060,-0.000610
arm_1_right_finger,559.882000,0.420829,0.474811,0.201146,0.707154,-0.707059,-0.000039,-0.000477
arm_1_right_finger,559.898000,0.420744,0.474847,0.201077,0.707144,-0.707069,-0.000036,-0.000350
arm_1_right_finger,559.914000,0.420678,0.474875,0.201022,0.707137,-0.707077,-0.000033,-0.000251
arm_1_right_finger,559.929000,0.420630,0.474895,0.200983,0.707131,-0.707082,-0.000024,-0.000186
arm_1_right_finger,559.944000,0.420592,0.474911,0.200952,0.707127,-0.707087,-0.000017,-0.000135
arm_1_right_finger,559.959000,0.420588,0.474913,0.200949,0.707126,-0.707087,0.000012,-0.000157
arm_1_right_finger,559.973000,0.420605,0.474906,0.200959,0.707128,-0.707085,-0.000016,-0.000155
arm_1_right_finger,559.987000,0.420618,0.474901,0.200961,0.707130,-0.707084,-0.000016,-0.000174
arm_1_right_finger,560.000000,0.420630,0.474898,0.200953,0.707131,-0.707083,-0.000004,-0.000202
arm_1_right_finger,560.015000,0.420641,0.474897,0.200932,0.707132,-0.707082,-0.000012,-0.000208
arm_1_right_finger,560.030000,0.420649,0.474897,0.200895,0.707133,-0.707081,-0.000033,-0.000198
arm_1_right_finger,560.046000,0.420659,0.474900,0.200841,0.707133,-0.707080,-0.000002,-0.000238
arm_1_right_finger,560.060000,0.420666,0.474903,0.200775,0.707134,-0.707080,-0.000028,-0.000219
arm_1_right_finger,560.073000,0.420675,0.474908,0.200703,0.707134,-0.707079,-0.000025,-0.000226
arm_1_right_finger,560.088000,0.420684,0.474916,0.200601,0.707134,-0.707079,-0.000019,-0.000236
arm_1_right_finger,560.103000,0.420692,0.474925,0.200481,0.707135,-0.707079,-0.000034,-0.000224
arm_1_right_finger,560.118000,0.420702,0.474935,0.200342,0.707135,-0.707079,-0.000024,-0.000237
arm_1_right_finger,560.133000,0.420713,0.474948,0.200184,0.707135,-0.707079,-0.000016,-0.000246
arm_1_right_finger,560.149000,0.420725,0.474963,0.199994,0.707135,-0.707079,-0.000033,-0.000231
arm_1_right_finger,560.164000,0.420735,0.474978,0.199794,0.707135,-0.707079,0.000002,-0.000267
arm_1_right_finger,560.180000,0.420750,0.474997,0.199564,0.707135,-0.707079,-0.000032,-0.000233
arm_1_right_finger,560.197000,0.420762,0.475018,0.199290,0.707135,-0.707079,0.000022,-0.000287
arm_1_right_finger,560.213000,0.420783,0.475040,0.199013,0.707135,-0.707079,-0.000003,-0.000262
arm_1_right_finger,560.229000,0.420800,0.475064,0.198709,0.707135,-0.707079,-0.000011,-0.000253
arm_1_right_finger,560.246000,0.420820,0.475091,0.198363,0.707135,-0.707079,-0.000030,-0.000234
arm_1_right_finger,560.262000,0.420839,0.475118,0.198013,0.707134,-0.707079,-0.000002,-0.000261
arm_1_right_finger,560.278000,0.420858,0.475147,0.197640,0.707134,-0.707079,-0.000008,-0.000254
arm_1_right_finger,560.295000,0.420883,0.475179,0.197220,0.707134,-0.707079,-0.000030,-0.000231
arm_1_right_finger,560.312000,0.420903,0.475213,0.196770,0.707134,-0.707080,0.000015,-0.000275
arm_1_right_finger,560.329000,0.420931,0.475249,0.196300,0.707134,-0.707080,-0.000025,-0.000234
arm_1_right_finger,560.346000,0.420958,0.475286,0.195802,0.707133,-0.707080,-0.000009,-0.000248
arm_1_right_finger,560.363000,0.420985,0.475324,0.195278,0.707133,-0.707080,-0.000018,-0.000238
arm_1_right_finger,560.378000,0.421009,0.475359,0.194794,0.707133,-0.707081,-0.000002,-0.000253
arm_1_right_finger,560.394000,0.421036,0.475398,0.194255,0.707133,-0.707081,-0.000010,-0.000243
arm_1_right_finger,560.411000,0.421065,0.475441,0.193657,0.707132,-0.707081,-0.000034,-0.000217
arm_1_right_finger,560.428000,0.421091,0.475484,0.193031,0.707132,-0.707081,0.000026,-0.000276
arm_1_right_finger,560.446000,0.421127,0.475532,0.192345,0.707132,-0.707082,0.000007,-0.000255
arm_1_right_finger,560.462000,0.421158,0.475575,0.191710,0.707132,-0.707082,0.000002,-0.000248
arm_1_right_finger,560.479000,0.421192,0.475622,0.191010,0.707131,-0.707082,-0.000006,-0.000237
arm_1_right_finger,560.496000,0.421226,0.475669,0.190284,0.707131,-0.707083,-0.000012,-0.000229
arm_1_right_finger,560.513000,0.421258,0.475718,0.189530,0.707131,-0.707083,-0.000034,-0.000205
arm_1_right_finger,560.530000,0.421294,0.475767,0.188753,0.707130,-0.707083,-0.000032,-0.000205
arm_1_right_finger,560.547000,0.421327,0.475817,0.187948,0.707130,-0.707084,-0.000046,-0.000189
arm_1_right_finger,560.564000,0.421363,0.475867,0.187118,0.707129,-0.707084,-0.000031,-0.000201
arm_1_right_finger,560.582000,0.421400,0.475921,0.186211,0.707129,-0.707085,-0.000036,-0.000194
arm_1_right_finger,560.599000,0.421436,0.475972,0.185328,0.707129,-0.707085,-0.000027,-0.000199
arm_1_right_finger,560.616000,0.421470,0.476023,0.184419,0.707128,-0.707085,-0.000030,-0.000194
arm_1_right_finger,560.632000,0.421505,0.476071,0.183540,0.707128,-0.707086,-0.000007,-0.000215
arm_1_right_finger,560.649000,0.421535,0.476122,0.182577,0.707127,-0.707086,0.000024,-0.000243
arm_1_right_finger,560.666000,0.421574,0.476173,0.181595,0.707127,-0.707087,-0.000026,-0.000190
arm_1_right_finger,560.683000,0.421608,0.476224,0.180584,0.707126,-0.707087,-0.000023,-0.000190
arm_1_right_finger,560.698000,0.421640,0.476268,0.179672,0.707126,-0.707088,-0.000036,-0.000174
arm_1_right_finger,560.714000,0.421672,0.476315,0.178676,0.707126,-0.707088,-0.000026,-0.000181
arm_1_right_finger,560.731000,0.421705,0.476364,0.177592,0.707125,-0.707089,-0.000024,-0.000180
arm_1_right_finger,560.748000,0.421737,0.476413,0.176483,0.707125,-0.707089,-0.000025,-0.000176
arm_1_right_finger,560.765000,0.421769,0.476460,0.175347,0.707124,-0.707090,-0.000025,-0.000173
arm_1_right_finger,560.782000,0.421802,0.476506,0.174188,0.707123,-0.707090,-0.000004,-0.000190
arm_1_right_finger,560.799000,0.421832,0.476551,0.173002,0.707123,-0.707091,0.000001,-0.000191
arm_1_right_finger,560.815000,0.421858,0.476593,0.171861,0.707122,-0.707091,-0.000037,-0.000150
arm_1_right_finger,560.832000,0.421886,0.476635,0.170626,0.707122,-0.707092,-0.000036,-0.000147
arm_1_right_finger,560.849000,0.421913,0.476675,0.169364,0.707121,-0.707092,-0.000019,-0.000161
arm_1_right_finger,560.866000,0.421938,0.476714,0.168077,0.707121,-0.707093,-0.000019,-0.000156
arm_1_right_finger,560.883000,0.421963,0.476751,0.166765,0.707120,-0.707094,-0.000002,-0.000170
arm_1_right_finger,560.900000,0.421983,0.476786,0.165425,0.707119,-0.707094,-0.000018,-0.000150
arm_1_right_finger,560.918000,0.422006,0.476820,0.163982,0.707119,-0.707095,-0.000020,-0.000144
arm_1_right_finger,560.934000,0.422021,0.476848,0.162672,0.707118,-0.707095,0.000010,-0.000169
arm_1_right_finger,560.950000,0.422037,0.476873,0.161343,0.707117,-0.707096,-0.000031,-0.000125
arm_1_right_finger,560.966000,0.422052,0.476896,0.159990,0.707117,-0.707097,-0.000029,-0.000123
arm_1_right_finger,560.983000,0.422064,0.476918,0.158527,0.707116,-0.707097,-0.000002,-0.000146
arm_1_right_finger,561.000000,0.422070,0.476936,0.157033,0.707115,-0.707098,0.000023,-0.000166
arm_1_right_finger,561.017000,0.422081,0.476951,0.155523,0.707115,-0.707099,-0.000017,-0.000122
arm_1_right_finger,561.033000,0.422084,0.476962,0.154081,0.707114,-0.707099,-0.000031,-0.000104
arm_1_right_finger,561.049000,0.422086,0.476970,0.152633,0.707113,-0.707100,0.000009,-0.000139
arm_1_right_finger,561.066000,0.422086,0.476974,0.151094,0.707113,-0.707101,-0.000027,-0.000099
arm_1_right_finger,561.083000,0.422080,0.476974,0.149558,0.707112,-0.707102,-0.000016,-0.000105
arm_1_right_finger,561.100000,0.422075,0.476971,0.148034,0.707111,-0.707102,-0.000014,-0.000102
arm_1_right_finger,561.117000,0.422065,0.476964,0.146522,0.707111,-0.707103,0.000015,-0.000127
arm_1_right_finger,561.134000,0.422054,0.476953,0.145029,0.707110,-0.707104,-0.000028,-0.000080
arm_1_right_finger,561.152000,0.422039,0.476938,0.143468,0.707109,-0.707104,-0.000026,-0.000076
arm_1_right_finger,561.169000,0.422022,0.476921,0.142015,0.707108,-0.707105,-0.000027,-0.000071
arm_1_right_finger,561.186000,0.422004,0.476900,0.140586,0.707108,-0.707106,-0.000011,-0.000083
arm_1_right_finger,561.203000,0.421983,0.476876,0.139178,0.707107,-0.707106,-0.000011,-0.000079
arm_1_right_finger,561.219000,0.421962,0.476852,0.137876,0.707106,-0.707107,0.000009,-0.000095
arm_1_right_finger,561.235000,0.421939,0.476825,0.136597,0.707106,-0.707108,0.000021,-0.000103
arm_1_right_finger,561.250000,0.421914,0.476798,0.135418,0.707105,-0.707108,-0.000026,-0.000052
arm_1_right_finger,561.267000,0.421887,0.476765,0.134102,0.707105,-0.707109,-0.000009,-0.000066
arm_1_right_finger,561.283000,0.421859,0.476732,0.132886,0.707104,-0.707109,-0.000009,-0.000062
arm_1_right_finger,561.299000,0.421831,0.476697,0.131694,0.707104,-0.707110,0.000015,-0.000083
arm_1_right_finger,561.315000,0.421801,0.476660,0.130523,0.707103,-0.707111,-0.000017,-0.000047
arm_1_right_finger,561.331000,0.421769,0.476622,0.129375,0.707102,-0.707111,-0.000023,-0.000038
arm_1_right_finger,561.348000,0.421737,0.476581,0.128182,0.707102,-0.707112,-0.000004,-0.000053
arm_1_right_finger,561.365000,0.421701,0.476538,0.127014,0.707101,-0.707112,-0.000003,-0.000051
arm_1_right_finger,561.382000,0.421665,0.476493,0.125872,0.707101,-0.707113,-0.000003,-0.000048
arm_1_right_finger,561.399000,0.421628,0.476448,0.124755,0.707100,-0.707113,-0.000002,-0.000045
arm_1_right_finger,561.416000,0.421593,0.476402,0.123667,0.707100,-0.707114,0.000024,-0.000068
arm_1_right_finger,561.433000,0.421556,0.476355,0.122603,0.707099,-0.707114,0.000013,-0.000053
arm_1_right_finger,561.450000,0.421516,0.476307,0.121563,0.707099,-0.707115,-0.000003,-0.000034
arm_1_right_finger,561.467000,0.421480,0.476259,0.120552,0.707098,-0.707115,0.000022,-0.000057
arm_1_right_finger,561.484000,0.421441,0.476210,0.119565,0.707098,-0.707116,-0.000012,-0.000019
arm_1_right_finger,561.501000,0.421403,0.476161,0.118605,0.707097,-0.707116,0.000001,-0.000029
arm_1_right_finger,561.519000,0.421362,0.476109,0.117615,0.707097,-0.707117,-0.000001,-0.000024
arm_1_right_finger,561.537000,0.421320,0.476057,0.116654,0.707096,-0.707117,-0.000000,-0.000022
arm_1_right_finger,561.555000,0.421280,0.476006,0.115724,0.707096,-0.707118,0.000023,-0.000042
arm_1_right_finger,561.572000,0.421241,0.475957,0.114870,0.707096,-0.707118,-0.000017,0.000000
arm_1_right_finger,561.589000,0.421204,0.475908,0.114044,0.707095,-0.707118,0.000000,-0.000015
arm_1_right_finger,561.606000,0.421167,0.475860,0.113243,0.707095,-0.707119,0.000022,-0.000034
arm_1_right_finger,561.623000,0.421129,0.475813,0.112466,0.707094,-0.707119,-0.000013,0.000003
arm_1_right_finger,561.640000,0.421093,0.475766,0.111716,0.707094,-0.707119,-0.000001,-0.000007
arm_1_right_finger,561.658000,0.421054,0.475717,0.110949,0.707094,-0.707120,-0.000003,-0.000002
arm_1_right_finger,561.675000,0.421019,0.475672,0.110252,0.707093,-0.707120,-0.000003,-0.000000
arm_1_right_finger,561.692000,0.420985,0.475627,0.109581,0.707093,-0.707120,-0.000003,0.000002
arm_1_right_finger,561.708000,0.420954,0.475587,0.108972,0.707093,-0.707121,0.000023,-0.000022
arm_1_right_finger,561.725000,0.420921,0.475544,0.108350,0.707093,-0.707121,0.000019,-0.000016
arm_1_right_finger,561.742000,0.420890,0.475503,0.107759,0.707092,-0.707121,0.000018,-0.000013
arm_1_right_finger,561.759000,0.420858,0.475463,0.107186,0.707092,-0.707122,-0.000004,0.000010
arm_1_right_finger,561.776000,0.420829,0.475424,0.106640,0.707092,-0.707122,-0.000001,0.000008
arm_1_right_finger,561.793000,0.420798,0.475387,0.106118,0.707091,-0.707122,0.000010,-0.000001
arm_1_right_finger,561.810000,0.420772,0.475351,0.105624,0.707091,-0.707122,0.000002,0.000009
arm_1_right_finger,561.825000,0.420747,0.475320,0.105207,0.707091,-0.707123,-0.000003,0.000015
arm_1_right_finger,561.843000,0.420721,0.475285,0.104736,0.707091,-0.707123,0.000003,0.000011
arm_1_right_finger,561.860000,0.420696,0.475253,0.104314,0.707091,-0.707123,0.000029,-0.000014
arm_1_right_finger,561.877000,0.420674,0.475223,0.103921,0.707090,-0.707123,0.000009,0.000007
arm_1_right_finger,561.894000,0.420652,0.475195,0.103552,0.707090,-0.707123,0.000033,-0.000016
arm_1_right_finger,561.911000,0.420632,0.475169,0.103207,0.707090,-0.707124,0.000029,-0.000011
arm_1_right_finger,561.928000,0.420612,0.475144,0.102889,0.707090,-0.707124,0.000023,-0.000004
arm_1_right_finger,561.945000,0.420595,0.475121,0.102596,0.707090,-0.707124,0.000006,0.000014
arm_1_right_finger,561.961000,0.420576,0.475101,0.102340,0.707090,-0.707124,0.000052,-0.000031
arm_1_right_finger,561.975000,0.420567,0.475085,0.102140,0.707090,-0.707124,-0.000002,0.000023
arm_1_right_finger,561.990000,0.420554,0.475070,0.101942,0.707089,-0.707124,0.000013,0.000009
arm_1_right_finger,562.004000,0.420544,0.475056,0.101775,0.707089,-0.707124,0.000030,-0.000008
arm_1_right_finger,562.017000,0.420536,0.475045,0.101635,0.707089,-0.707124,0.000009,0.000014
arm_1_right_finger,562.032000,0.420527,0.475034,0.101493,0.707089,-0.707124,0.000007,0.000017
arm_1_right_finger,562.048000,0.420520,0.475023,0.101362,0.707089,-0.707124,0.000006,0.000017
arm_1_right_finger,562.061000,0.420514,0.475016,0.101272,0.707089,-0.707124,0.000006,0.000018
arm_1_right_finger,562.076000,0.420509,0.475009,0.101187,0.707089,-0.707124,0.000021,0.000003
arm_1_right_finger,562.093000,0.420505,0.475003,0.101112,0.707089,-0.707125,0.000027,-0.000003
arm_1_right_finger,562.109000,0.420500,0.474999,0.101057,0.707089,-0.707125,0.000024,0.000001
arm_1_right_finger,562.125000,0.420427,0.474995,0.100955,0.707089,-0.707125,0.000008,0.000017
arm_1_right_finger,562.142000,0.420217,0.474992,0.100746,0.707089,-0.707125,0.000007,0.000018
arm_1_right_finger,562.160000,0.419872,0.474990,0.100435,0.707089,-0.707125,0.000006,0.000018
arm_1_right_finger,562.177000,0.419456,0.474989,0.100079,0.707089,-0.707125,0.000007,0.000018
arm_1_right_finger,562.195000,0.418940,0.474987,0.099655,0.707089,-0.707125,0.000007,0.000018
arm_1_right_finger,562.210000,0.418463,0.474986,0.099276,0.707089,-0.707125,0.000007,0.000018
arm_1_right_finger,562.227000,0.417881,0.474986,0.098828,0.707089,-0.707125,0.000007,0.000018
arm_1_right_finger,562.244000,0.417262,0.474985,0.098367,0.707089,-0.707125,0.000007,0.000019
arm_1_right_finger,562.261000,0.416613,0.474985,0.097900,0.707089,-0.707125,0.000007,0.000019
arm_1_right_finger,562.278000,0.415939,0.474984,0.097431,0.707089,-0.707125,0.000007,0.000019
arm_1_right_finger,562.295000,0.415244,0.474984,0.096963,0.707089,-0.707125,0.000007,0.000019
arm_1_right_finger,562.313000,0.414489,0.474984,0.096473,0.707089,-0.707125,0.000007,0.000019
arm_1_right_finger,562.329000,0.413804,0.474984,0.096043,0.707089,-0.707125,0.000007,0.000019
arm_1_right_finger,562.344000,0.413150,0.474984,0.095647,0.707089,-0.707125,0.000007,0.000019
arm_1_right_finger,562.359000,0.412487,0.474984,0.095258,0.707089,-0.707125,0.000007,0.000019
arm_1_right_finger,562.374000,0.411815,0.474984,0.094876,0.707089,-0.707125,0.000007,0.000019
arm_1_right_finger,562.389000,0.411136,0.474984,0.094503,0.707089,-0.707125,0.000007,0.000019
arm_1_right_finger,562.406000,0.410357,0.474984,0.094090,0.707089,-0.707125,0.000007,0.000019
arm_1_right_finger,562.423000,0.409569,0.474984,0.093690,0.707089,-0.707125,0.000007,0.000019
arm_1_right_finger,562.441000,0.408727,0.474984,0.093278,0.707089,-0.707125,0.000007,0.000019
arm_1_right_finger,562.458000,0.407924,0.474984,0.092903,0.707089,-0.707125,0.000007,0.000019
arm_1_right_finger,562.476000,0.407067,0.474984,0.092519,0.707089,-0.707125,0.000007,0.000019
arm_1_right_finger,562.494000,0.406202,0.474984,0.092149,0.707089,-0.707125,0.000007,0.000019
arm_1_right_finger,562.512000,0.405331,0.474984,0.091794,0.707089,-0.707125,0.000007,0.000019
arm_1_right_finger,562.529000,0.404502,0.474984,0.091472,0.707089,-0.707125,0.000007,0.000019
arm_1_right_finger,562.547000,0.403618,0.474984,0.091146,0.707089,-0.707125,0.000007,0.000019
arm_1_right_finger,562.565000,0.402729,0.474984,0.090835,0.707089,-0.707125,0.000007,0.000019
arm_1_right_finger,562.583000,0.401835,0.474984,0.090540,0.707089,-0.707125,0.000007,0.000019
arm_1_right_finger,562.596000,0.401273,0.475012,0.090399,0.707089,-0.707125,0.000072,-0.000103
arm_1_right_finger,562.607000,0.401145,0.475083,0.090440,0.707089,-0.707125,0.000240,-0.000403
arm_1_right_finger,562.618000,0.401127,0.475103,0.090457,0.707089,-0.707124,0.000472,-0.000671
arm_1_right_finger,562.628000,0.401123,0.475115,0.090468,0.707089,-0.707124,0.000612,-0.000832
arm_1_right_finger,562.638000,0.401124,0.475121,0.090475,0.707088,-0.707124,0.000714,-0.000946
arm_1_right_finger,562.648000,0.401123,0.475125,0.090478,0.707088,-0.707124,0.000757,-0.000995
arm_1_right_finger,562.660000,0.401122,0.475126,0.090479,0.707088,-0.707124,0.000759,-0.001001
arm_1_right_finger,562.672000,0.401120,0.475126,0.090478,0.707088,-0.707124,0.000721,-0.000962
arm_1_right_finger,562.684000,0.401118,0.475125,0.090476,0.707088,-0.707124,0.000670,-0.000907
arm_1_right_finger,562.696000,0.401118,0.475123,0.090473,0.707088,-0.707124,0.000621,-0.000855
arm_1_right_finger,562.707000,0.401117,0.475121,0.090471,0.707089,-0.707124,0.000579,-0.000810
arm_1_right_finger,562.718000,0.401117,0.475119,0.090469,0.707089,-0.707124,0.000542,-0.000770
arm_1_right_finger,562.730000,0.401117,0.475118,0.090467,0.707089,-0.707124,0.000506,-0.000731
arm_1_right_finger,562.741000,0.401116,0.475115,0.090464,0.707089,-0.707124,0.000560,-0.000780
arm_1_right_finger,562.751000,0.401102,0.475120,0.090465,0.707089,-0.707124,0.000583,-0.000810
arm_1_right_finger,562.762000,0.401098,0.475122,0.090466,0.707089,-0.707124,0.000558,-0.000790
arm_1_right_finger,562.772000,0.401090,0.475124,0.090466,0.707089,-0.707124,0.000547,-0.000781
arm_1_right_finger,562.782000,0.401085,0.475123,0.090463,0.707089,-0.707124,0.000502,-0.000735
arm_1_right_finger,562.792000,0.401076,0.475124,0.090462,0.707089,-0.707124,0.000467,-0.000701
arm_1_right_finger,562.802000,0.401076,0.475123,0.090461,0.707089,-0.707124,0.000423,-0.000655
arm_1_right_finger,562.812000,0.401078,0.475121,0.090459,0.707089,-0.707124,0.000379,-0.000608
arm_1_right_finger,562.822000,0.401081,0.475119,0.090457,0.707089,-0.707124,0.000339,-0.000564
arm_1_right_finger,562.826000,0.401078,0.475118,0.090456,0.707089,-0.707124,0.000344,-0.000566
arm_1_right_finger,562.832000,0.401075,0.475119,0.090456,0.707089,-0.707124,0.000326,-0.000550
arm_1_right_finger,562.841000,0.401075,0.475118,0.090455,0.707089,-0.707124,0.000293,-0.000517
arm_1_right_finger,562.850000,0.401077,0.475117,0.090453,0.707089,-0.707124,0.000261,-0.000482
arm_1_right_finger,562.860000,0.401071,0.475116,0.090452,0.707089,-0.707124,0.000240,-0.000459
arm_1_right_finger,562.870000,0.401071,0.475116,0.090451,0.707089,-0.707124,0.000213,-0.000432
arm_1_right_finger,562.880000,0.401074,0.475114,0.090450,0.707089,-0.707124,0.000186,-0.000401
arm_1_right_finger,562.890000,0.401077,0.475112,0.090448,0.707089,-0.707124,0.000163,-0.000375
arm_1_right_finger,562.900000,0.401079,0.475110,0.090447,0.707089,-0.707125,0.000142,-0.000351
arm_1_right_finger,562.910000,0.401082,0.475108,0.090446,0.707089,-0.707125,0.000123,-0.000329
arm_1_right_finger,562.920000,0.401084,0.475107,0.090444,0.707089,-0.707125,0.000106,-0.000309
arm_1_right_finger,562.930000,0.401086,0.475106,0.090443,0.707089,-0.707125,0.000090,-0.000291
arm_1_right_finger,562.940000,0.401087,0.475104,0.090443,0.707089,-0.707124,0.000134,-0.000332
arm_1_right_finger,562.950000,0.401083,0.475107,0.090444,0.707089,-0.707125,0.000112,-0.000314
arm_1_right_finger,562.960000,0.401083,0.475106,0.090443,0.707089,-0.707125,0.000080,-0.000281
arm_1_right_finger,562.970000,0.401072,0.475106,0.090441,0.707089,-0.707124,0.000101,-0.000300
arm_1_right_finger,562.979000,0.401067,0.475108,0.090443,0.707089,-0.707124,0.000081,-0.000285
arm_1_right_finger,562.988000,0.401067,0.475110,0.090446,0.707089,-0.707124,0.000094,-0.000299
arm_1_right_finger,562.998000,0.401058,0.475112,0.090450,0.707089,-0.707124,0.000106,-0.000313
arm_1_right_finger,563.008000,0.401057,0.475112,0.090457,0.707089,-0.707124,0.000121,-0.000328
arm_1_right_finger,563.018000,0.401060,0.475113,0.090470,0.707089,-0.707124,0.000113,-0.000318
arm_1_right_finger,563.028000,0.401065,0.475114,0.090487,0.707089,-0.707124,0.000091,-0.000296
arm_1_right_finger,563.038000,0.401071,0.475116,0.090510,0.707089,-0.707124,0.000063,-0.000267
arm_1_right_finger,563.047000,0.401077,0.475118,0.090537,0.707089,-0.707124,0.000036,-0.000240
arm_1_right_finger,563.057000,0.401084,0.475121,0.090571,0.707089,-0.707124,0.000009,-0.000213
arm_1_right_finger,563.067000,0.401091,0.475125,0.090613,0.707089,-0.707125,-0.000014,-0.000189
arm_1_right_finger,563.077000,0.401099,0.475129,0.090661,0.707089,-0.707125,-0.000022,-0.000181
arm_1_right_finger,563.087000,0.401107,0.475134,0.090716,0.707089,-0.707125,-0.000023,-0.000180
arm_1_right_finger,563.097000,0.401113,0.475140,0.090778,0.707089,-0.707125,0.000053,-0.000255
arm_1_right_finger,563.107000,0.401115,0.475147,0.090846,0.707089,-0.707125,0.000081,-0.000282
arm_1_right_finger,563.116000,0.401119,0.475153,0.090915,0.707089,-0.707125,0.000076,-0.000277
arm_1_right_finger,563.126000,0.401125,0.475161,0.090998,0.707089,-0.707125,0.000172,-0.000372
arm_1_right_finger,563.137000,0.401130,0.475171,0.091098,0.707089,-0.707125,0.000189,-0.000389
arm_1_right_finger,563.147000,0.401138,0.475181,0.091199,0.707089,-0.707125,0.000178,-0.000379
arm_1_right_finger,563.157000,0.401147,0.475191,0.091308,0.707089,-0.707125,0.000159,-0.000359
arm_1_right_finger,563.167000,0.401159,0.475203,0.091426,0.707088,-0.707125,0.000299,-0.000498
arm_1_right_finger,563.177000,0.401165,0.475215,0.091549,0.707088,-0.707125,0.000324,-0.000523
arm_1_right_finger,563.187000,0.401171,0.475227,0.091681,0.707088,-0.707125,0.000393,-0.000591
arm_1_right_finger,563.198000,0.401182,0.475242,0.091837,0.707088,-0.707125,0.000536,-0.000733
arm_1_right_finger,563.203000,0.401186,0.475250,0.091911,0.707088,-0.707125,0.000593,-0.000791
arm_1_right_finger,563.212000,0.401194,0.475263,0.092049,0.707088,-0.707125,0.000643,-0.000840
arm_1_right_finger,563.222000,0.401204,0.475279,0.092211,0.707088,-0.707125,0.000636,-0.000833
arm_1_right_finger,563.232000,0.401217,0.475295,0.092382,0.707088,-0.707125,0.000603,-0.000800
arm_1_right_finger,563.242000,0.401232,0.475312,0.092562,0.707088,-0.707125,0.000563,-0.000759
arm_1_right_finger,563.252000,0.401248,0.475330,0.092750,0.707088,-0.707125,0.000521,-0.000718
arm_1_right_finger,563.262000,0.401265,0.475348,0.092947,0.707088,-0.707125,0.000482,-0.000678
arm_1_right_finger,563.272000,0.401282,0.475368,0.093153,0.707088,-0.707126,0.000445,-0.000640
arm_1_right_finger,563.282000,0.401299,0.475388,0.093366,0.707087,-0.707126,0.000411,-0.000606
arm_1_right_finger,563.292000,0.401317,0.475409,0.093589,0.707087,-0.707126,0.000380,-0.000575
arm_1_right_finger,563.302000,0.401335,0.475430,0.093819,0.707087,-0.707126,0.000352,-0.000547
arm_1_right_finger,563.311000,0.401352,0.475450,0.094034,0.707087,-0.707126,0.000330,-0.000524
arm_1_right_finger,563.320000,0.401368,0.475470,0.094253,0.707087,-0.707126,0.000309,-0.000503
arm_1_right_finger,563.330000,0.401387,0.475494,0.094508,0.707087,-0.707126,0.000288,-0.000481
arm_1_right_finger,563.340000,0.401407,0.475518,0.094771,0.707087,-0.707126,0.000269,-0.000462
arm_1_right_finger,563.351000,0.401428,0.475545,0.095070,0.707087,-0.707126,0.000408,-0.000599
arm_1_right_finger,563.361000,0.401446,0.475570,0.095351,0.707087,-0.707127,0.000479,-0.000669
arm_1_right_finger,563.371000,0.401462,0.475596,0.095639,0.707086,-0.707126,0.000741,-0.000931
arm_1_right_finger,563.381000,0.401478,0.475623,0.095935,0.707086,-0.707126,0.000901,-0.001090
arm_1_right_finger,563.390000,0.401452,0.475648,0.096198,0.707086,-0.707127,0.000812,-0.001001
arm_1_right_finger,563.398000,0.401462,0.475670,0.096446,0.707086,-0.707127,0.000856,-0.001044
arm_1_right_finger,563.408000,0.401487,0.475698,0.096768,0.707085,-0.707127,0.000894,-0.001082
arm_1_right_finger,563.418000,0.401515,0.475727,0.097100,0.707085,-0.707127,0.000911,-0.001098
arm_1_right_finger,563.428000,0.401544,0.475757,0.097440,0.707085,-0.707127,0.000911,-0.001098
arm_1_right_finger,563.438000,0.401573,0.475787,0.097789,0.707085,-0.707127,0.000896,-0.001082
arm_1_right_finger,563.448000,0.401603,0.475817,0.098147,0.707085,-0.707127,0.000873,-0.001058
arm_1_right_finger,563.458000,0.401634,0.475848,0.098513,0.707085,-0.707128,0.000841,-0.001026
arm_1_right_finger,563.468000,0.401663,0.475880,0.098887,0.707085,-0.707128,0.000809,-0.000992
arm_1_right_finger,563.479000,0.401687,0.475915,0.099306,0.707084,-0.707128,0.000808,-0.000991
arm_1_right_finger,563.489000,0.401708,0.475948,0.099696,0.707084,-0.707128,0.000814,-0.000995
arm_1_right_finger,563.499000,0.401735,0.475981,0.100096,0.707084,-0.707128,0.000804,-0.000985
arm_1_right_finger,563.509000,0.401766,0.476014,0.100506,0.707084,-0.707129,0.000785,-0.000965
arm_1_right_finger,563.519000,0.401798,0.476048,0.100925,0.707084,-0.707129,0.000753,-0.000932
arm_1_right_finger,563.529000,0.401830,0.476083,0.101352,0.707084,-0.707129,0.000712,-0.000890
arm_1_right_finger,563.539000,0.401855,0.476117,0.101786,0.707083,-0.707129,0.000728,-0.000905
arm_1_right_finger,563.550000,0.401887,0.476156,0.102274,0.707083,-0.707129,0.000718,-0.000895
arm_1_right_finger,563.560000,0.401918,0.476191,0.102728,0.707083,-0.707130,0.000689,-0.000864
arm_1_right_finger,563.571000,0.401954,0.476230,0.103237,0.707083,-0.707130,0.000650,-0.000824
arm_1_right_finger,563.581000,0.401985,0.476266,0.103709,0.707083,-0.707130,0.000651,-0.000824
arm_1_right_finger,563.592000,0.402004,0.476306,0.104233,0.707082,-0.707130,0.000712,-0.000884
arm_1_right_finger,563.603000,0.402036,0.476347,0.104772,0.707082,-0.707131,0.000713,-0.000883
arm_1_right_finger,563.613000,0.402067,0.476384,0.105271,0.707082,-0.707131,0.000692,-0.000862
arm_1_right_finger,563.620000,0.402090,0.476410,0.105626,0.707082,-0.707131,0.000672,-0.000841
arm_1_right_finger,563.630000,0.402118,0.476446,0.106134,0.707082,-0.707131,0.000688,-0.000856
arm_1_right_finger,563.640000,0.402147,0.476484,0.106657,0.707081,-0.707131,0.000693,-0.000860
arm_1_right_finger,563.650000,0.402178,0.476522,0.107190,0.707081,-0.707132,0.000673,-0.000839
arm_1_right_finger,563.660000,0.402209,0.476559,0.107730,0.707081,-0.707132,0.000626,-0.000791
arm_1_right_finger,563.671000,0.402240,0.476601,0.108334,0.707081,-0.707132,0.000559,-0.000723
arm_1_right_finger,563.682000,0.402269,0.476643,0.108948,0.707080,-0.707133,0.000481,-0.000644
arm_1_right_finger,563.693000,0.402290,0.476684,0.109570,0.707080,-0.707133,0.000302,-0.000463
arm_1_right_finger,563.704000,0.402326,0.476726,0.110206,0.707080,-0.707133,0.000292,-0.000452
arm_1_right_finger,563.715000,0.402357,0.476768,0.110852,0.707080,-0.707134,0.000290,-0.000447
arm_1_right_finger,563.725000,0.402377,0.476806,0.111446,0.707080,-0.707134,0.000363,-0.000519
arm_1_right_finger,563.736000,0.402409,0.476847,0.112112,0.707079,-0.707134,0.000372,-0.000526
arm_1_right_finger,563.747000,0.402444,0.476889,0.112791,0.707079,-0.707134,0.000357,-0.000511
arm_1_right_finger,563.758000,0.402478,0.476931,0.113479,0.707079,-0.707135,0.000386,-0.000538
arm_1_right_finger,563.769000,0.402508,0.476972,0.114177,0.707078,-0.707135,0.000399,-0.000550
arm_1_right_finger,563.779000,0.402539,0.477009,0.114821,0.707078,-0.707135,0.000431,-0.000580
arm_1_right_finger,563.790000,0.402556,0.477050,0.115536,0.707078,-0.707135,0.000499,-0.000646
arm_1_right_finger,563.801000,0.402587,0.477091,0.116265,0.707077,-0.707136,0.000504,-0.000650
arm_1_right_finger,563.812000,0.402621,0.477131,0.117006,0.707077,-0.707136,0.000486,-0.000631
arm_1_right_finger,563.823000,0.402650,0.477171,0.117756,0.707077,-0.707136,0.000527,-0.000670
arm_1_right_finger,563.834000,0.402682,0.477211,0.118518,0.707076,-0.707137,0.000526,-0.000668
arm_1_right_finger,563.845000,0.402715,0.477250,0.119291,0.707076,-0.707137,0.000499,-0.000639
arm_1_right_finger,563.855000,0.402718,0.477285,0.119995,0.707076,-0.707138,0.000149,-0.000288
arm_1_right_finger,563.865000,0.402761,0.477320,0.120720,0.707076,-0.707138,0.000017,-0.000155
arm_1_right_finger,563.875000,0.402796,0.477354,0.121452,0.707075,-0.707138,-0.000008,-0.000128
arm_1_right_finger,563.885000,0.402816,0.477388,0.122187,0.707075,-0.707139,-0.000013,-0.000122
arm_1_right_finger,563.895000,0.402840,0.477421,0.122934,0.707075,-0.707139,-0.000014,-0.000120
arm_1_right_finger,563.905000,0.402866,0.477454,0.123689,0.707074,-0.707139,-0.000014,-0.000118
arm_1_right_finger,563.915000,0.402889,0.477486,0.124453,0.707074,-0.707140,0.000051,-0.000181
arm_1_right_finger,563.925000,0.402907,0.477518,0.125225,0.707073,-0.707140,0.000270,-0.000400
arm_1_right_finger,563.935000,0.402930,0.477548,0.126006,0.707073,-0.707140,0.000504,-0.000631
arm_1_right_finger,563.946000,0.402949,0.477581,0.126875,0.707072,-0.707140,0.000777,-0.000902
arm_1_right_finger,563.957000,0.402970,0.477614,0.127755,0.707072,-0.707141,0.000880,-0.001004
arm_1_right_finger,563.967000,0.402980,0.477642,0.128562,0.707071,-0.707141,0.000854,-0.000975
arm_1_right_finger,563.977000,0.403002,0.477670,0.129382,0.707071,-0.707141,0.000875,-0.000995
arm_1_right_finger,563.987000,0.403027,0.477697,0.130212,0.707071,-0.707142,0.000862,-0.000980
arm_1_right_finger,563.997000,0.403051,0.477723,0.131050,0.707070,-0.707142,0.000827,-0.000943
arm_1_right_finger,564.007000,0.403075,0.477748,0.131898,0.707070,-0.707143,0.000774,-0.000889
arm_1_right_finger,564.018000,0.403085,0.477775,0.132836,0.707070,-0.707143,0.000533,-0.000646
arm_1_right_finger,564.029000,0.403078,0.477800,0.133780,0.707070,-0.707144,0.000392,-0.000503
arm_1_right_finger,564.040000,0.403097,0.477825,0.134743,0.707069,-0.707144,0.000314,-0.000424
arm_1_right_finger,564.050000,0.403118,0.477845,0.135630,0.707069,-0.707145,0.000246,-0.000354
arm_1_right_finger,564.060000,0.403140,0.477865,0.136525,0.707068,-0.707145,0.000183,-0.000289
arm_1_right_finger,564.070000,0.403153,0.477884,0.137428,0.707068,-0.707145,0.000193,-0.000297
arm_1_right_finger,564.080000,0.403168,0.477901,0.138340,0.707068,-0.707146,0.000143,-0.000245
arm_1_right_finger,564.090000,0.403185,0.477917,0.139263,0.707067,-0.707146,0.000094,-0.000194
arm_1_right_finger,564.100000,0.403202,0.477932,0.140195,0.707067,-0.707147,0.000048,-0.000147
arm_1_right_finger,564.110000,0.403218,0.477946,0.141136,0.707066,-0.707147,0.000008,-0.000104
arm_1_right_finger,564.120000,0.403235,0.477958,0.142088,0.707066,-0.707148,-0.000006,-0.000089
arm_1_right_finger,564.130000,0.403249,0.477969,0.143048,0.707066,-0.707148,-0.000008,-0.000084
arm_1_right_finger,564.140000,0.403261,0.477979,0.144016,0.707065,-0.707148,-0.000009,-0.000082
arm_1_right_finger,564.150000,0.403271,0.477987,0.144991,0.707065,-0.707149,-0.000008,-0.000080
arm_1_right_finger,564.160000,0.403279,0.477993,0.145971,0.707064,-0.707149,-0.000008,-0.000079
arm_1_right_finger,564.170000,0.403284,0.477998,0.146954,0.707064,-0.707150,-0.000008,-0.000077
arm_1_right_finger,564.180000,0.403287,0.478001,0.147940,0.707063,-0.707150,-0.000008,-0.000075
arm_1_right_finger,564.191000,0.403288,0.478003,0.149025,0.707063,-0.707151,-0.000007,-0.000073
arm_1_right_finger,564.201000,0.403288,0.478003,0.150010,0.707063,-0.707151,-0.000007,-0.000072
arm_1_right_finger,564.212000,0.403287,0.478001,0.151092,0.707062,-0.707152,-0.000007,-0.000070
arm_1_right_finger,564.222000,0.403274,0.477997,0.152069,0.707062,-0.707152,0.000126,-0.000199
arm_1_right_finger,564.232000,0.403260,0.477992,0.153042,0.707061,-0.707152,0.000104,-0.000176
arm_1_right_finger,564.242000,0.403255,0.477986,0.154014,0.707061,-0.707153,0.000074,-0.000144
arm_1_right_finger,564.252000,0.403252,0.477978,0.154982,0.707060,-0.707153,0.000045,-0.000112
arm_1_right_finger,564.261000,0.403248,0.477970,0.155848,0.707060,-0.707154,0.000019,-0.000085
arm_1_right_finger,564.271000,0.403244,0.477959,0.156805,0.707060,-0.707154,0.000000,-0.000064
arm_1_right_finger,564.280000,0.403240,0.477948,0.157661,0.707059,-0.707154,-0.000004,-0.000059
arm_1_right_finger,564.289000,0.403241,0.477936,0.158514,0.707059,-0.707155,0.000066,-0.000126
arm_1_right_finger,564.298000,0.403218,0.477923,0.159354,0.707058,-0.707155,0.000057,-0.000116
arm_1_right_finger,564.308000,0.403205,0.477907,0.160284,0.707058,-0.707156,0.000036,-0.000093
arm_1_right_finger,564.318000,0.403194,0.477890,0.161209,0.707058,-0.707156,0.000012,-0.000067
arm_1_right_finger,564.328000,0.403181,0.477871,0.162124,0.707057,-0.707156,0.000073,-0.000126
arm_1_right_finger,564.339000,0.403160,0.477850,0.163122,0.707057,-0.707157,0.000054,-0.000105
arm_1_right_finger,564.349000,0.403142,0.477829,0.164021,0.707056,-0.707157,0.000109,-0.000157
arm_1_right_finger,564.360000,0.403121,0.477805,0.165001,0.707056,-0.707158,0.000088,-0.000135
arm_1_right_finger,564.370000,0.403107,0.477782,0.165884,0.707056,-0.707158,0.000067,-0.000112
arm_1_right_finger,564.380000,0.403092,0.477758,0.166760,0.707055,-0.707158,0.000046,-0.000090
arm_1_right_finger,564.390000,0.403074,0.477732,0.167626,0.707055,-0.707159,0.000103,-0.000144
arm_1_right_finger,564.400000,0.403051,0.477706,0.168483,0.707054,-0.707159,0.000089,-0.000129
arm_1_right_finger,564.411000,0.403031,0.477676,0.169419,0.707054,-0.707160,0.000068,-0.000106
arm_1_right_finger,564.422000,0.403011,0.477645,0.170344,0.707054,-0.707160,0.000049,-0.000085
arm_1_right_finger,564.433000,0.402991,0.477613,0.171259,0.707053,-0.707160,0.000031,-0.000065
arm_1_right_finger,564.443000,0.402972,0.477583,0.172082,0.707053,-0.707161,0.000016,-0.000049
arm_1_right_finger,564.453000,0.402953,0.477553,0.172897,0.707052,-0.707161,0.000003,-0.000035
arm_1_right_finger,564.464000,0.402931,0.477518,0.173783,0.707052,-0.707161,0.000000,-0.000030
arm_1_right_finger,564.474000,0.402909,0.477486,0.174578,0.707052,-0.707162,0.000136,-0.000163
arm_1_right_finger,564.485000,0.402865,0.477449,0.175438,0.707051,-0.707162,0.000135,-0.000161
arm_1_right_finger,564.495000,0.402840,0.477416,0.176216,0.707051,-0.707163,0.000124,-0.000148
arm_1_right_finger,564.505000,0.402818,0.477382,0.176985,0.707051,-0.707163,0.000124,-0.000146
arm_1_right_finger,564.515000,0.402796,0.477347,0.177747,0.707050,-0.707163,0.000121,-0.000142
arm_1_right_finger,564.525000,0.402772,0.477312,0.178499,0.707050,-0.707164,0.000118,-0.000138
arm_1_right_finger,564.535000,0.402757,0.477276,0.179245,0.707050,-0.707164,0.000171,-0.000189
arm_1_right_finger,564.545000,0.402716,0.477239,0.179975,0.707049,-0.707164,0.000169,-0.000186
arm_1_right_finger,564.555000,0.402686,0.477203,0.180700,0.707049,-0.707164,0.000221,-0.000235
arm_1_right_finger,564.565000,0.402644,0.477165,0.181412,0.707049,-0.707165,0.000275,-0.000288
arm_1_right_finger,564.575000,0.402617,0.477128,0.182120,0.707048,-0.707165,0.000296,-0.000308
arm_1_right_finger,564.584000,0.402588,0.477094,0.182749,0.707048,-0.707165,0.000341,-0.000352
arm_1_right_finger,564.594000,0.402558,0.477056,0.183439,0.707048,-0.707166,0.000390,-0.000398
arm_1_right_finger,564.604000,0.402524,0.477017,0.184121,0.707047,-0.707166,0.000413,-0.000420
arm_1_right_finger,564.614000,0.402498,0.476979,0.184796,0.707047,-0.707166,0.000420,-0.000426
arm_1_right_finger,564.624000,0.402474,0.476940,0.185462,0.707047,-0.707166,0.000418,-0.000423
arm_1_right_finger,564.634000,0.402450,0.476901,0.186121,0.707047,-0.707167,0.000414,-0.000418
arm_1_right_finger,564.644000,0.402422,0.476861,0.186768,0.707046,-0.707167,0.000448,-0.000450
arm_1_right_finger,564.655000,0.402388,0.476818,0.187471,0.707046,-0.707167,0.000466,-0.000468
arm_1_right_finger,564.665000,0.402362,0.476779,0.188101,0.707046,-0.707168,0.000467,-0.000467
arm_1_right_finger,564.675000,0.402336,0.476739,0.188723,0.707045,-0.707168,0.000463,-0.000462
arm_1_right_finger,564.685000,0.402311,0.476699,0.189336,0.707045,-0.707168,0.000456,-0.000454
arm_1_right_finger,564.695000,0.402285,0.476660,0.189940,0.707045,-0.707168,0.000450,-0.000446
arm_1_right_finger,564.705000,0.402263,0.476620,0.190537,0.707045,-0.707169,0.000468,-0.000463
arm_1_right_finger,564.715000,0.402226,0.476580,0.191120,0.707044,-0.707169,0.000505,-0.000499
arm_1_right_finger,564.725000,0.402197,0.476540,0.191697,0.707044,-0.707169,0.000513,-0.000506
arm_1_right_finger,564.735000,0.402170,0.476501,0.192266,0.707044,-0.707169,0.000511,-0.000503
arm_1_right_finger,564.746000,0.402141,0.476457,0.192882,0.707044,-0.707170,0.000504,-0.000494
arm_1_right_finger,564.754000,0.402120,0.476426,0.193323,0.707043,-0.707170,0.000499,-0.000489
arm_1_right_finger,564.764000,0.402094,0.476387,0.193866,0.707043,-0.707170,0.000493,-0.000482
arm_1_right_finger,564.774000,0.402067,0.476348,0.194401,0.707043,-0.707170,0.000487,-0.000475
arm_1_right_finger,564.784000,0.402041,0.476309,0.194927,0.707043,-0.707171,0.000482,-0.000469
arm_1_right_finger,564.794000,0.402013,0.476270,0.195443,0.707042,-0.707171,0.000523,-0.000508
arm_1_right_finger,564.805000,0.401976,0.476228,0.195999,0.707042,-0.707171,0.000543,-0.000527
arm_1_right_finger,564.815000,0.401948,0.476189,0.196497,0.707042,-0.707171,0.000545,-0.000528
arm_1_right_finger,564.825000,0.401922,0.476152,0.196987,0.707042,-0.707171,0.000542,-0.000525
arm_1_right_finger,564.835000,0.401897,0.476114,0.197468,0.707041,-0.707172,0.000537,-0.000519
arm_1_right_finger,564.843000,0.401876,0.476084,0.197846,0.707041,-0.707172,0.000533,-0.000513
arm_1_right_finger,564.852000,0.401852,0.476051,0.198264,0.707041,-0.707172,0.000567,-0.000547
arm_1_right_finger,564.859000,0.401828,0.476025,0.198583,0.707041,-0.707172,0.000581,-0.000560
arm_1_right_finger,564.869000,0.401800,0.475989,0.199033,0.707041,-0.707172,0.000587,-0.000565
arm_1_right_finger,564.879000,0.401775,0.475953,0.199476,0.707041,-0.707173,0.000583,-0.000561
arm_1_right_finger,564.888000,0.401753,0.475920,0.199866,0.707040,-0.707173,0.000577,-0.000554
arm_1_right_finger,564.897000,0.401732,0.475889,0.200249,0.707040,-0.707173,0.000570,-0.000546
arm_1_right_finger,564.906000,0.401710,0.475857,0.200626,0.707040,-0.707173,0.000565,-0.000540
arm_1_right_finger,564.913000,0.401694,0.475834,0.200907,0.707040,-0.707173,0.000561,-0.000536
arm_1_right_finger,564.922000,0.401674,0.475803,0.201270,0.707040,-0.707173,0.000557,-0.000531
arm_1_right_finger,564.928000,0.401659,0.475783,0.201509,0.707040,-0.707173,0.000553,-0.000527
arm_1_right_finger,564.938000,0.401629,0.475749,0.201898,0.707040,-0.707174,0.000605,-0.000577
arm_1_right_finger,564.944000,0.401613,0.475729,0.202127,0.707039,-0.707174,0.000612,-0.000583
arm_1_right_finger,564.954000,0.401589,0.475697,0.202504,0.707039,-0.707174,0.000613,-0.000584
arm_1_right_finger,564.961000,0.401574,0.475674,0.202762,0.707039,-0.707174,0.000610,-0.000580
arm_1_right_finger,564.968000,0.401558,0.475652,0.203016,0.707039,-0.707174,0.000605,-0.000575
arm_1_right_finger,564.976000,0.401542,0.475627,0.203298,0.707039,-0.707174,0.000599,-0.000569
arm_1_right_finger,564.985000,0.401523,0.475600,0.203612,0.707039,-0.707174,0.000593,-0.000562
arm_1_right_finger,564.993000,0.401506,0.475575,0.203882,0.707039,-0.707174,0.000588,-0.000556
arm_1_right_finger,565.003000,0.401486,0.475546,0.204216,0.707039,-0.707175,0.000582,-0.000550
arm_1_right_finger,565.011000,0.401470,0.475522,0.204477,0.707038,-0.707175,0.000578,-0.000545
arm_1_right_finger,565.017000,0.401458,0.475505,0.204669,0.707038,-0.707175,0.000574,-0.000542
arm_1_right_finger,565.025000,0.401442,0.475482,0.204920,0.707038,-0.707175,0.000570,-0.000537
arm_1_right_finger,565.035000,0.401423,0.475455,0.205222,0.707038,-0.707175,0.000565,-0.000532
arm_1_right_finger,565.042000,0.401410,0.475436,0.205429,0.707038,-0.707175,0.000562,-0.000528
arm_1_right_finger,565.052000,0.401392,0.475409,0.205717,0.707038,-0.707175,0.000559,-0.000524
arm_1_right_finger,565.061000,0.401375,0.475386,0.205971,0.707038,-0.707175,0.000556,-0.000521
arm_1_right_finger,565.069000,0.401361,0.475365,0.206190,0.707038,-0.707175,0.000554,-0.000518
arm_1_right_finger,565.075000,0.401351,0.475351,0.206348,0.707038,-0.707176,0.000552,-0.000516
arm_1_right_finger,565.084000,0.401335,0.475329,0.206580,0.707037,-0.707176,0.000586,-0.000549
arm_1_right_finger,565.091000,0.401316,0.475312,0.206754,0.707037,-0.707176,0.000603,-0.000565
arm_1_right_finger,565.097000,0.401303,0.475298,0.206903,0.707037,-0.707176,0.000611,-0.000573
arm_1_right_finger,565.106000,0.401288,0.475278,0.207122,0.707037,-0.707176,0.000614,-0.000576
arm_1_right_finger,565.116000,0.401272,0.475255,0.207357,0.707037,-0.707176,0.000612,-0.000573
arm_1_right_finger,565.123000,0.401256,0.475240,0.207513,0.707037,-0.707176,0.000654,-0.000614
arm_1_right_finger,565.133000,0.401227,0.475219,0.207728,0.707037,-0.707176,0.000701,-0.000661
arm_1_right_finger,565.143000,0.401211,0.475199,0.207938,0.707037,-0.707176,0.000707,-0.000666
arm_1_right_finger,565.153000,0.401183,0.475180,0.208135,0.707037,-0.707176,0.000765,-0.000724
arm_1_right_finger,565.164000,0.401156,0.475159,0.208342,0.707037,-0.707176,0.000797,-0.000755
arm_1_right_finger,565.174000,0.401140,0.475142,0.208524,0.707036,-0.707176,0.000807,-0.000765
arm_1_right_finger,565.184000,0.401132,0.475125,0.208698,0.707036,-0.707176,0.000806,-0.000764
arm_1_right_finger,565.194000,0.401124,0.475109,0.208865,0.707036,-0.707176,0.000799,-0.000757
arm_1_right_finger,565.204000,0.401118,0.475094,0.209021,0.707036,-0.707176,0.000791,-0.000748
arm_1_right_finger,565.214000,0.401111,0.475079,0.209170,0.707036,-0.707177,0.000782,-0.000740
arm_1_right_finger,565.224000,0.401101,0.475066,0.209307,0.707036,-0.707177,0.000790,-0.000747
arm_1_right_finger,565.235000,0.401087,0.475052,0.209448,0.707036,-0.707177,0.000801,-0.000758
arm_1_right_finger,565.246000,0.401081,0.475039,0.209580,0.707036,-0.707177,0.000801,-0.000758
arm_1_right_finger,565.256000,0.401077,0.475028,0.209691,0.707036,-0.707177,0.000796,-0.000753
arm_1_right_finger,565.266000,0.401073,0.475018,0.209792,0.707036,-0.707177,0.000790,-0.000747
arm_1_right_finger,565.277000,0.401069,0.475008,0.209894,0.707036,-0.707177,0.000783,-0.000740
arm_1_right_finger,565.288000,0.401066,0.475000,0.209985,0.707036,-0.707177,0.000777,-0.000733
arm_1_right_finger,565.298000,0.401062,0.474992,0.210058,0.707036,-0.707177,0.000782,-0.000737
arm_1_right_finger,565.308000,0.401044,0.474986,0.210117,0.707036,-0.707177,0.000817,-0.000772
arm_1_right_finger,565.319000,0.401034,0.474980,0.210176,0.707036,-0.707177,0.000831,-0.000786
arm_1_right_finger,565.329000,0.401026,0.474975,0.210220,0.707036,-0.707177,0.000845,-0.000800
arm_1_right_finger,565.339000,0.401017,0.474971,0.210258,0.707036,-0.707177,0.000861,-0.000815
arm_1_right_finger,565.349000,0.401010,0.474968,0.210290,0.707036,-0.707177,0.000875,-0.000830
arm_1_right_finger,565.356000,0.401010,0.474966,0.210311,0.707036,-0.707177,0.000878,-0.000832
arm_1_right_finger,565.366000,0.401013,0.474963,0.210338,0.707036,-0.707177,0.000877,-0.000832
arm_1_right_finger,565.376000,0.401016,0.474961,0.210362,0.707036,-0.707177,0.000873,-0.000828
arm_1_right_finger,565.385000,0.401008,0.474959,0.210376,0.707036,-0.707177,0.000884,-0.000839
arm_1_right_finger,565.395000,0.401009,0.474959,0.210382,0.707036,-0.707177,0.000890,-0.000845
arm_1_right_finger,565.405000,0.401015,0.474959,0.210375,0.707036,-0.707177,0.000892,-0.000847
arm_1_right_finger,565.416000,0.401025,0.474956,0.210369,0.707036,-0.707177,0.000890,-0.000845
arm_1_right_finger,565.426000,0.401034,0.474950,0.210363,0.707035,-0.707178,0.000869,-0.000823
arm_1_right_finger,565.437000,0.401044,0.474941,0.210357,0.707035,-0.707178,0.000929,-0.000882
arm_1_right_finger,565.447000,0.401063,0.474928,0.210353,0.707035,-0.707178,0.000932,-0.000886
arm_1_right_finger,565.457000,0.401090,0.474911,0.210351,0.707035,-0.707177,0.000932,-0.000886
arm_1_right_finger,565.467000,0.401122,0.474889,0.210349,0.707035,-0.707177,0.000930,-0.000884
arm_1_right_finger,565.477000,0.401162,0.474862,0.210347,0.707035,-0.707177,0.000927,-0.000881
arm_1_right_finger,565.487000,0.401209,0.474829,0.210345,0.707035,-0.707177,0.000924,-0.000878
arm_1_right_finger,565.498000,0.401268,0.474786,0.210344,0.707035,-0.707177,0.000920,-0.000875
arm_1_right_finger,565.508000,0.401324,0.474741,0.210340,0.707031,-0.707181,0.000965,-0.000918
arm_1_right_finger,565.518000,0.401383,0.474689,0.210336,0.707027,-0.707186,0.000964,-0.000917
arm_1_right_finger,565.529000,0.401470,0.474625,0.210335,0.707027,-0.707184,0.001126,-0.001080
arm_1_right_finger,565.540000,0.401565,0.474554,0.210333,0.707028,-0.707183,0.001224,-0.001178
arm_1_right_finger,565.550000,0.401656,0.474483,0.210331,0.707029,-0.707182,0.001214,-0.001167
arm_1_right_finger,565.560000,0.401761,0.474404,0.210329,0.707030,-0.707181,0.001196,-0.001150
arm_1_right_finger,565.571000,0.401887,0.474310,0.210328,0.707031,-0.707181,0.001175,-0.001129
arm_1_right_finger,565.581000,0.402011,0.474218,0.210327,0.707032,-0.707180,0.001157,-0.001111
arm_1_right_finger,565.592000,0.402151,0.474107,0.210324,0.707024,-0.707188,0.001181,-0.001135
arm_1_right_finger,565.603000,0.402309,0.473988,0.210323,0.707025,-0.707186,0.001285,-0.001239
arm_1_right_finger,565.614000,0.402465,0.473860,0.210318,0.707015,-0.707196,0.001319,-0.001272
arm_1_right_finger,565.625000,0.402645,0.473725,0.210317,0.707018,-0.707193,0.001453,-0.001406
arm_1_right_finger,565.636000,0.402827,0.473582,0.210314,0.707021,-0.707190,0.001442,-0.001396
arm_1_right_finger,565.647000,0.403028,0.473429,0.210312,0.707023,-0.707188,0.001413,-0.001367
arm_1_right_finger,565.657000,0.403220,0.473283,0.210311,0.707025,-0.707186,0.001383,-0.001337
arm_1_right_finger,565.668000,0.403442,0.473114,0.210309,0.707027,-0.707184,0.001349,-0.001303
arm_1_right_finger,565.679000,0.403675,0.472937,0.210307,0.707028,-0.707183,0.001317,-0.001271
arm_1_right_finger,565.690000,0.403919,0.472750,0.210305,0.707029,-0.707182,0.001288,-0.001243
arm_1_right_finger,565.701000,0.404168,0.472554,0.210301,0.707030,-0.707181,0.001337,-0.001291
arm_1_right_finger,565.712000,0.404434,0.472351,0.210299,0.707031,-0.707180,0.001422,-0.001375
arm_1_right_finger,565.722000,0.404684,0.472157,0.210296,0.707031,-0.707179,0.001460,-0.001414
arm_1_right_finger,565.732000,0.404941,0.471956,0.210293,0.707032,-0.707179,0.001437,-0.001391
arm_1_right_finger,565.743000,0.405229,0.471727,0.210287,0.707033,-0.707178,0.001371,-0.001324
arm_1_right_finger,565.754000,0.405538,0.471489,0.210285,0.707033,-0.707178,0.001471,-0.001424
arm_1_right_finger,565.765000,0.405854,0.471241,0.210281,0.707033,-0.707177,0.001494,-0.001447
arm_1_right_finger,565.776000,0.406183,0.470985,0.210277,0.707034,-0.707177,0.001467,-0.001421
arm_1_right_finger,565.786000,0.406483,0.470744,0.210271,0.707034,-0.707177,0.001412,-0.001365
arm_1_right_finger,565.796000,0.406804,0.470496,0.210269,0.707034,-0.707176,0.001501,-0.001454
arm_1_right_finger,565.806000,0.407130,0.470240,0.210265,0.707034,-0.707176,0.001528,-0.001481
arm_1_right_finger,565.816000,0.407456,0.469977,0.210258,0.707034,-0.707176,0.001517,-0.001469
arm_1_right_finger,565.825000,0.407769,0.469734,0.210256,0.707034,-0.707176,0.001603,-0.001555
arm_1_right_finger,565.835000,0.408113,0.469456,0.210249,0.707034,-0.707175,0.001662,-0.001614
arm_1_right_finger,565.845000,0.408461,0.469171,0.210241,0.707035,-0.707175,0.001720,-0.001670
arm_1_right_finger,565.855000,0.408836,0.468878,0.210238,0.707034,-0.707175,0.001848,-0.001798
arm_1_right_finger,565.866000,0.409252,0.468547,0.210233,0.707034,-0.707174,0.001874,-0.001825
arm_1_right_finger,565.876000,0.409629,0.468238,0.210225,0.707035,-0.707175,0.001759,-0.001709
arm_1_right_finger,565.887000,0.410073,0.467890,0.210222,0.707035,-0.707174,0.001811,-0.001762
arm_1_right_finger,565.898000,0.410530,0.467532,0.210219,0.707035,-0.707174,0.001851,-0.001802
arm_1_right_finger,565.908000,0.410935,0.467199,0.210210,0.707035,-0.707174,0.001810,-0.001760
arm_1_right_finger,565.918000,0.411368,0.466857,0.210207,0.707035,-0.707174,0.001856,-0.001807
arm_1_right_finger,565.926000,0.411721,0.466579,0.210205,0.707035,-0.707174,0.001885,-0.001836
arm_1_right_finger,565.936000,0.412170,0.466225,0.210202,0.707035,-0.707174,0.001913,-0.001865
arm_1_right_finger,565.946000,0.412610,0.465861,0.210193,0.707035,-0.707174,0.001832,-0.001783
arm_1_right_finger,565.956000,0.413075,0.465491,0.210189,0.707035,-0.707174,0.001906,-0.001858
arm_1_right_finger,565.967000,0.413599,0.465074,0.210185,0.707035,-0.707174,0.001967,-0.001920
arm_1_right_finger,565.977000,0.414083,0.464687,0.210182,0.707035,-0.707173,0.002005,-0.001959
arm_1_right_finger,565.987000,0.414576,0.464291,0.210178,0.707034,-0.707173,0.002032,-0.001985
arm_1_right_finger,565.999000,0.415178,0.463807,0.210173,0.707034,-0.707173,0.002046,-0.002000
arm_1_right_finger,566.011000,0.415793,0.463310,0.210167,0.707034,-0.707173,0.002045,-0.001999
arm_1_right_finger,566.023000,0.416419,0.462802,0.210162,0.707035,-0.707173,0.002034,-0.001988
arm_1_right_finger,566.035000,0.417057,0.462283,0.210156,0.707035,-0.707173,0.002016,-0.001971
arm_1_right_finger,566.047000,0.417707,0.461752,0.210150,0.707035,-0.707173,0.001995,-0.001950
arm_1_right_finger,566.060000,0.418425,0.461163,0.210142,0.707035,-0.707173,0.001970,-0.001925
arm_1_right_finger,566.072000,0.419100,0.460608,0.210136,0.707035,-0.707173,0.001946,-0.001901
arm_1_right_finger,566.083000,0.419728,0.460089,0.210129,0.707035,-0.707173,0.001925,-0.001880
arm_1_right_finger,566.095000,0.420427,0.459510,0.210122,0.707035,-0.707173,0.001902,-0.001857
arm_1_right_finger,566.107000,0.421136,0.458920,0.210114,0.707035,-0.707173,0.001880,-0.001835
arm_1_right_finger,566.119000,0.421857,0.458318,0.210106,0.707035,-0.707173,0.001859,-0.001815
arm_1_right_finger,566.131000,0.422570,0.457703,0.210092,0.707036,-0.707174,0.001724,-0.001680
arm_1_right_finger,566.143000,0.423318,0.457076,0.210084,0.707036,-0.707173,0.001764,-0.001720
arm_1_right_finger,566.156000,0.424140,0.456384,0.210076,0.707036,-0.707173,0.001798,-0.001754
arm_1_right_finger,566.168000,0.424911,0.455732,0.210068,0.707036,-0.707173,0.001822,-0.001778
arm_1_right_finger,566.181000,0.425759,0.455013,0.210059,0.707036,-0.707173,0.001842,-0.001797
arm_1_right_finger,566.193000,0.426555,0.454335,0.210050,0.707036,-0.707173,0.001855,-0.001811
arm_1_right_finger,566.205000,0.427361,0.453644,0.210041,0.707036,-0.707173,0.001864,-0.001820
arm_1_right_finger,566.217000,0.428157,0.452942,0.210025,0.707036,-0.707173,0.001749,-0.001705
arm_1_right_finger,566.229000,0.428989,0.452227,0.210017,0.707036,-0.707173,0.001797,-0.001753
arm_1_right_finger,566.242000,0.429902,0.451438,0.210007,0.707036,-0.707173,0.001838,-0.001794
arm_1_right_finger,566.255000,0.430827,0.450634,0.209997,0.707036,-0.707173,0.001855,-0.001811
arm_1_right_finger,566.268000,0.431765,0.449815,0.209987,0.707036,-0.707172,0.001853,-0.001809
arm_1_right_finger,566.280000,0.432641,0.449045,0.209976,0.707036,-0.707172,0.001831,-0.001787
arm_1_right_finger,566.292000,0.433530,0.448263,0.209966,0.707037,-0.707172,0.001810,-0.001766
arm_1_right_finger,566.303000,0.434353,0.447534,0.209957,0.707037,-0.707172,0.001781,-0.001738
arm_1_right_finger,566.315000,0.435262,0.446727,0.209946,0.707037,-0.707172,0.001750,-0.001707
arm_1_right_finger,566.328000,0.436259,0.445838,0.209934,0.707037,-0.707172,0.001719,-0.001675
arm_1_right_finger,566.340000,0.437166,0.445003,0.209916,0.707038,-0.707173,0.001536,-0.001493
arm_1_right_finger,566.353000,0.438188,0.444083,0.209904,0.707038,-0.707173,0.001468,-0.001425
arm_1_right_finger,566.365000,0.439132,0.443221,0.209890,0.707038,-0.707173,0.001338,-0.001294
arm_1_right_finger,566.376000,0.440013,0.442418,0.209878,0.707038,-0.707173,0.001335,-0.001291
arm_1_right_finger,566.387000,0.440907,0.441604,0.209868,0.707038,-0.707173,0.001326,-0.001283
arm_1_right_finger,566.398000,0.441810,0.440779,0.209858,0.707038,-0.707173,0.001317,-0.001274
arm_1_right_finger,566.409000,0.442723,0.439941,0.209848,0.707038,-0.707173,0.001309,-0.001266
arm_1_right_finger,566.419000,0.443539,0.439170,0.209832,0.707039,-0.707173,0.001204,-0.001160
arm_1_right_finger,566.429000,0.444371,0.438389,0.209819,0.707039,-0.707173,0.001237,-0.001193
arm_1_right_finger,566.439000,0.445221,0.437599,0.209809,0.707039,-0.707173,0.001249,-0.001205
arm_1_right_finger,566.450000,0.446167,0.436719,0.209799,0.707039,-0.707172,0.001258,-0.001215
arm_1_right_finger,566.461000,0.447106,0.435827,0.209784,0.707039,-0.707172,0.001228,-0.001185
arm_1_right_finger,566.472000,0.448067,0.434923,0.209773,0.707039,-0.707172,0.001244,-0.001201
arm_1_right_finger,566.483000,0.449038,0.434007,0.209762,0.707039,-0.707172,0.001254,-0.001211
arm_1_right_finger,566.494000,0.450018,0.433079,0.209752,0.707039,-0.707172,0.001263,-0.001220
arm_1_right_finger,566.505000,0.451005,0.432139,0.209741,0.707039,-0.707172,0.001271,-0.001228
arm_1_right_finger,566.516000,0.451999,0.431187,0.209730,0.707039,-0.707172,0.001278,-0.001236
arm_1_right_finger,566.527000,0.453002,0.430222,0.209718,0.707039,-0.707172,0.001285,-0.001242
arm_1_right_finger,566.538000,0.454011,0.429246,0.209707,0.707040,-0.707172,0.001290,-0.001248
arm_1_right_finger,566.549000,0.455028,0.428257,0.209695,0.707040,-0.707172,0.001295,-0.001253
arm_1_right_finger,566.560000,0.456053,0.427256,0.209683,0.707040,-0.707172,0.001299,-0.001257
arm_1_right_finger,566.571000,0.457085,0.426242,0.209670,0.707040,-0.707171,0.001303,-0.001261
arm_1_right_finger,566.581000,0.458030,0.425310,0.209659,0.707040,-0.707171,0.001304,-0.001263
arm_1_right_finger,566.592000,0.459076,0.424272,0.209647,0.707040,-0.707171,0.001305,-0.001263
arm_1_right_finger,566.604000,0.460226,0.423125,0.209633,0.707040,-0.707171,0.001306,-0.001264
arm_1_right_finger,566.616000,0.461385,0.421964,0.209619,0.707040,-0.707171,0.001307,-0.001265
arm_1_right_finger,566.628000,0.462551,0.420787,0.209604,0.707040,-0.707171,0.001308,-0.001266
arm_1_right_finger,566.641000,0.463825,0.419495,0.209588,0.707040,-0.707171,0.001308,-0.001267
arm_1_right_finger,566.654000,0.465108,0.418185,0.209572,0.707040,-0.707171,0.001309,-0.001268
arm_1_right_finger,566.666000,0.466300,0.416959,0.209557,0.707041,-0.707171,0.001309,-0.001268
arm_1_right_finger,566.679000,0.467601,0.415614,0.209541,0.707041,-0.707170,0.001310,-0.001269
arm_1_right_finger,566.692000,0.468911,0.414251,0.209524,0.707041,-0.707170,0.001310,-0.001269
arm_1_right_finger,566.705000,0.470230,0.412868,0.209507,0.707041,-0.707170,0.001310,-0.001269
arm_1_right_finger,566.717000,0.471456,0.411575,0.209491,0.707041,-0.707170,0.001310,-0.001269
arm_1_right_finger,566.729000,0.472690,0.410267,0.209475,0.707041,-0.707170,0.001309,-0.001269
arm_1_right_finger,566.741000,0.473930,0.408943,0.209459,0.707041,-0.707170,0.001309,-0.001269
arm_1_right_finger,566.753000,0.475179,0.407602,0.209442,0.707041,-0.707170,0.001315,-0.001275
arm_1_right_finger,566.765000,0.476434,0.406245,0.209426,0.707042,-0.707170,0.001321,-0.001281
arm_1_right_finger,566.778000,0.477801,0.404756,0.209408,0.707042,-0.707169,0.001327,-0.001287
arm_1_right_finger,566.791000,0.479177,0.403248,0.209389,0.707042,-0.707169,0.001338,-0.001298
arm_1_right_finger,566.803000,0.480450,0.401839,0.209371,0.707042,-0.707169,0.001315,-0.001275
arm_1_right_finger,566.815000,0.481741,0.400413,0.209356,0.707042,-0.707169,0.001594,-0.001554
arm_1_right_finger,566.828000,0.483137,0.398849,0.209336,0.707041,-0.707168,0.001801,-0.001761
arm_1_right_finger,566.842000,0.484651,0.397143,0.209316,0.707041,-0.707167,0.001916,-0.001876
arm_1_right_finger,566.856000,0.486175,0.395414,0.209295,0.707041,-0.707167,0.001997,-0.001957
arm_1_right_finger,566.870000,0.487708,0.393662,0.209275,0.707041,-0.707167,0.002062,-0.002022
arm_1_right_finger,566.884000,0.489249,0.391887,0.209255,0.707041,-0.707166,0.002117,-0.002077
arm_1_right_finger,566.897000,0.490686,0.390217,0.209235,0.707041,-0.707166,0.002161,-0.002121
arm_1_right_finger,566.911000,0.492242,0.388396,0.209214,0.707041,-0.707166,0.002202,-0.002163
arm_1_right_finger,566.925000,0.493805,0.386550,0.209193,0.707041,-0.707166,0.002243,-0.002204
arm_1_right_finger,566.940000,0.495488,0.384545,0.209170,0.707041,-0.707165,0.002289,-0.002251
arm_1_right_finger,566.954000,0.497065,0.382649,0.209148,0.707041,-0.707165,0.002328,-0.002290
arm_1_right_finger,566.968000,0.498647,0.380731,0.209126,0.707041,-0.707165,0.002363,-0.002324
arm_1_right_finger,566.982000,0.500233,0.378791,0.209103,0.707041,-0.707164,0.002393,-0.002355
arm_1_right_finger,566.996000,0.501819,0.376833,0.209081,0.707041,-0.707164,0.002419,-0.002381
arm_1_right_finger,567.011000,0.503518,0.374717,0.209056,0.707041,-0.707164,0.002443,-0.002405
arm_1_right_finger,567.026000,0.505214,0.372584,0.209032,0.707041,-0.707164,0.002463,-0.002425
arm_1_right_finger,567.041000,0.506905,0.370436,0.209007,0.707042,-0.707163,0.002480,-0.002442
arm_1_right_finger,567.055000,0.508479,0.368420,0.208984,0.707042,-0.707163,0.002492,-0.002454
arm_1_right_finger,567.069000,0.510045,0.366392,0.208961,0.707042,-0.707163,0.002495,-0.002458
arm_1_right_finger,567.084000,0.511716,0.364210,0.208935,0.707042,-0.707163,0.002487,-0.002450
arm_1_right_finger,567.098000,0.513269,0.362163,0.208912,0.707042,-0.707163,0.002468,-0.002431
arm_1_right_finger,567.113000,0.514923,0.359960,0.208887,0.707043,-0.707163,0.002437,-0.002400
arm_1_right_finger,567.128000,0.516568,0.357748,0.208861,0.707043,-0.707163,0.002395,-0.002359
arm_1_right_finger,567.142000,0.518095,0.355676,0.208837,0.707043,-0.707163,0.002350,-0.002314
arm_1_right_finger,567.157000,0.519721,0.353447,0.208812,0.707044,-0.707163,0.002298,-0.002262
arm_1_right_finger,567.172000,0.521338,0.351209,0.208787,0.707044,-0.707163,0.002242,-0.002206
arm_1_right_finger,567.186000,0.522837,0.349114,0.208763,0.707044,-0.707163,0.002189,-0.002153
arm_1_right_finger,567.201000,0.524434,0.346861,0.208737,0.707045,-0.707163,0.002132,-0.002097
arm_1_right_finger,567.214000,0.525810,0.344902,0.208715,0.707045,-0.707163,0.002084,-0.002049
arm_1_right_finger,567.228000,0.527282,0.342787,0.208692,0.707045,-0.707163,0.002034,-0.001999
arm_1_right_finger,567.242000,0.528746,0.340664,0.208668,0.707045,-0.707163,0.001985,-0.001950
arm_1_right_finger,567.256000,0.530200,0.338535,0.208644,0.707046,-0.707163,0.001939,-0.001905
arm_1_right_finger,567.269000,0.531542,0.336553,0.208622,0.707046,-0.707163,0.001899,-0.001864
arm_1_right_finger,567.282000,0.532875,0.334565,0.208600,0.707046,-0.707162,0.001861,-0.001826
arm_1_right_finger,567.296000,0.534303,0.332418,0.208577,0.707047,-0.707162,0.001822,-0.001788
arm_1_right_finger,567.310000,0.535720,0.330265,0.208553,0.707047,-0.707162,0.001786,-0.001752
arm_1_right_finger,567.324000,0.537129,0.328106,0.208529,0.707047,-0.707162,0.001753,-0.001719
arm_1_right_finger,567.338000,0.538527,0.325940,0.208506,0.707047,-0.707162,0.001723,-0.001689
arm_1_right_finger,567.353000,0.540015,0.323614,0.208480,0.707048,-0.707162,0.001693,-0.001659
arm_1_right_finger,567.367000,0.541394,0.321436,0.208457,0.707048,-0.707162,0.001667,-0.001634
arm_1_right_finger,567.381000,0.542763,0.319252,0.208433,0.707048,-0.707162,0.001643,-0.001610
arm_1_right_finger,567.395000,0.544122,0.317063,0.208410,0.707048,-0.707162,0.001622,-0.001589
arm_1_right_finger,567.410000,0.545568,0.314711,0.208384,0.707048,-0.707162,0.001600,-0.001568
arm_1_right_finger,567.425000,0.547003,0.312352,0.208359,0.707049,-0.707161,0.001581,-0.001548
arm_1_right_finger,567.440000,0.548426,0.309986,0.208334,0.707049,-0.707161,0.001563,-0.001530
arm_1_right_finger,567.455000,0.549838,0.307614,0.208308,0.707049,-0.707161,0.001546,-0.001514
arm_1_right_finger,567.470000,0.551239,0.305236,0.208283,0.707049,-0.707161,0.001530,-0.001498
arm_1_right_finger,567.485000,0.552628,0.302851,0.208258,0.707049,-0.707161,0.001528,-0.001496
arm_1_right_finger,567.500000,0.554006,0.300460,0.208232,0.707050,-0.707161,0.001514,-0.001482
arm_1_right_finger,567.515000,0.555373,0.298063,0.208207,0.707050,-0.707161,0.001505,-0.001473
arm_1_right_finger,567.530000,0.556728,0.295659,0.208182,0.707050,-0.707160,0.001490,-0.001459
arm_1_right_finger,567.545000,0.558071,0.293250,0.208156,0.707050,-0.707160,0.001475,-0.001444
arm_1_right_finger,567.560000,0.559403,0.290834,0.208131,0.707051,-0.707160,0.001460,-0.001429
arm_1_right_finger,567.575000,0.560724,0.288412,0.208106,0.707051,-0.707160,0.001446,-0.001415
arm_1_right_finger,567.590000,0.562033,0.285984,0.208080,0.707051,-0.707160,0.001438,-0.001408
arm_1_right_finger,567.605000,0.563331,0.283550,0.208055,0.707051,-0.707160,0.001425,-0.001394
arm_1_right_finger,567.620000,0.564616,0.281111,0.208029,0.707051,-0.707159,0.001411,-0.001381
arm_1_right_finger,567.635000,0.565891,0.278665,0.208004,0.707052,-0.707159,0.001397,-0.001367
arm_1_right_finger,567.650000,0.567153,0.276214,0.207979,0.707052,-0.707159,0.001384,-0.001355
arm_1_right_finger,567.664000,0.568321,0.273921,0.207955,0.707052,-0.707159,0.001373,-0.001343
arm_1_right_finger,567.679000,0.569562,0.271458,0.207930,0.707052,-0.707159,0.001366,-0.001337
arm_1_right_finger,567.693000,0.570708,0.269155,0.207906,0.707052,-0.707159,0.001355,-0.001326
arm_1_right_finger,567.705000,0.571683,0.267177,0.207886,0.707052,-0.707159,0.001345,-0.001316
arm_1_right_finger,567.720000,0.572891,0.264699,0.207860,0.707053,-0.707158,0.001332,-0.001304
arm_1_right_finger,567.735000,0.574087,0.262216,0.207835,0.707053,-0.707158,0.001320,-0.001292
arm_1_right_finger,567.750000,0.575271,0.259728,0.207809,0.707053,-0.707158,0.001308,-0.001280
arm_1_right_finger,567.765000,0.576444,0.257234,0.207784,0.707053,-0.707158,0.001297,-0.001269
arm_1_right_finger,567.780000,0.577604,0.254735,0.207759,0.707053,-0.707158,0.001286,-0.001258
arm_1_right_finger,567.795000,0.578753,0.252231,0.207733,0.707054,-0.707158,0.001275,-0.001248
arm_1_right_finger,567.810000,0.579890,0.249722,0.207708,0.707054,-0.707157,0.001265,-0.001238
arm_1_right_finger,567.824000,0.580940,0.247375,0.207684,0.707054,-0.707157,0.001256,-0.001228
arm_1_right_finger,567.839000,0.582054,0.244856,0.207659,0.707054,-0.707157,0.001246,-0.001219
arm_1_right_finger,567.854000,0.583156,0.242331,0.207633,0.707054,-0.707157,0.001236,-0.001209
arm_1_right_finger,567.869000,0.584245,0.239802,0.207608,0.707055,-0.707157,0.001226,-0.001200
arm_1_right_finger,567.884000,0.585323,0.237268,0.207582,0.707055,-0.707157,0.001216,-0.001190
arm_1_right_finger,567.899000,0.586389,0.234729,0.207557,0.707055,-0.707156,0.001207,-0.001181
arm_1_right_finger,567.914000,0.587442,0.232185,0.207532,0.707055,-0.707156,0.001197,-0.001171
arm_1_right_finger,567.929000,0.588484,0.229637,0.207506,0.707055,-0.707156,0.001187,-0.001162
arm_1_right_finger,567.944000,0.589513,0.227084,0.207481,0.707056,-0.707156,0.001178,-0.001153
arm_1_right_finger,567.958000,0.590463,0.224697,0.207457,0.707056,-0.707156,0.001169,-0.001144
arm_1_right_finger,567.973000,0.591469,0.222135,0.207431,0.707056,-0.707156,0.001159,-0.001134
arm_1_right_finger,567.988000,0.592462,0.219568,0.207406,0.707056,-0.707156,0.001150,-0.001125
arm_1_right_finger,568.002000,0.593379,0.217169,0.207382,0.707056,-0.707155,0.001140,-0.001116
arm_1_right_finger,568.017000,0.594349,0.214594,0.207357,0.707057,-0.707155,0.001131,-0.001106
arm_1_right_finger,568.032000,0.595307,0.212014,0.207331,0.707057,-0.707155,0.001121,-0.001097
arm_1_right_finger,568.047000,0.596252,0.209431,0.207306,0.707057,-0.707155,0.001111,-0.001087
arm_1_right_finger,568.061000,0.597124,0.207016,0.207282,0.707057,-0.707155,0.001102,-0.001078
arm_1_right_finger,568.076000,0.598045,0.204424,0.207257,0.707057,-0.707155,0.001091,-0.001068
arm_1_right_finger,568.091000,0.598955,0.201828,0.207231,0.707058,-0.707154,0.001081,-0.001058
arm_1_right_finger,568.106000,0.599852,0.199228,0.207206,0.707058,-0.707154,0.001071,-0.001048
arm_1_right_finger,568.121000,0.600737,0.196624,0.207180,0.707058,-0.707154,0.001060,-0.001038
arm_1_right_finger,568.135000,0.601552,0.194191,0.207156,0.707058,-0.707154,0.001051,-0.001028
arm_1_right_finger,568.150000,0.602413,0.191579,0.207131,0.707058,-0.707154,0.001041,-0.001019
arm_1_right_finger,568.164000,0.603205,0.189139,0.207107,0.707059,-0.707154,0.001033,-0.001011
arm_1_right_finger,568.179000,0.604042,0.186520,0.207082,0.707059,-0.707153,0.001024,-0.001002
arm_1_right_finger,568.194000,0.604866,0.183898,0.207056,0.707059,-0.707153,0.001015,-0.000994
arm_1_right_finger,568.208000,0.605625,0.181447,0.207032,0.707059,-0.707153,0.001008,-0.000987
arm_1_right_finger,568.220000,0.606267,0.179344,0.207012,0.707059,-0.707153,0.001010,-0.000989
arm_1_right_finger,568.232000,0.606896,0.177238,0.206990,0.707059,-0.707153,0.001140,-0.001119
arm_1_right_finger,568.244000,0.607513,0.175131,0.206967,0.707059,-0.707152,0.001170,-0.001149
arm_1_right_finger,568.256000,0.608131,0.173021,0.206947,0.707059,-0.707152,0.001195,-0.001174
arm_1_right_finger,568.269000,0.608782,0.170769,0.206926,0.707059,-0.707152,0.001214,-0.001193
arm_1_right_finger,568.282000,0.609435,0.168471,0.206904,0.707060,-0.707152,0.001230,-0.001210
arm_1_right_finger,568.294000,0.610029,0.166350,0.206883,0.707060,-0.707152,0.001240,-0.001219
arm_1_right_finger,568.306000,0.610615,0.164227,0.206863,0.707060,-0.707152,0.001252,-0.001232
arm_1_right_finger,568.318000,0.611193,0.162103,0.206843,0.707060,-0.707151,0.001261,-0.001241
arm_1_right_finger,568.331000,0.611810,0.159800,0.206821,0.707060,-0.707151,0.001275,-0.001255
arm_1_right_finger,568.344000,0.612416,0.157495,0.206799,0.707060,-0.707151,0.001279,-0.001259
arm_1_right_finger,568.356000,0.612968,0.155366,0.206779,0.707060,-0.707151,0.001286,-0.001267
arm_1_right_finger,568.369000,0.613555,0.153058,0.206757,0.707061,-0.707151,0.001289,-0.001270
arm_1_right_finger,568.381000,0.614090,0.150926,0.206737,0.707061,-0.707151,0.001296,-0.001277
arm_1_right_finger,568.393000,0.614616,0.148792,0.206716,0.707061,-0.707150,0.001299,-0.001280
arm_1_right_finger,568.405000,0.615135,0.146657,0.206696,0.707061,-0.707150,0.001306,-0.001288
arm_1_right_finger,568.418000,0.615688,0.144342,0.206674,0.707061,-0.707150,0.001323,-0.001304
arm_1_right_finger,568.433000,0.616314,0.141668,0.206649,0.707061,-0.707150,0.001347,-0.001329
arm_1_right_finger,568.448000,0.616927,0.138991,0.206624,0.707061,-0.707150,0.001361,-0.001343
arm_1_right_finger,568.463000,0.617527,0.136312,0.206599,0.707062,-0.707149,0.001362,-0.001345
arm_1_right_finger,568.477000,0.618075,0.133810,0.206575,0.707062,-0.707149,0.001354,-0.001336
arm_1_right_finger,568.491000,0.618612,0.131305,0.206551,0.707062,-0.707149,0.001337,-0.001320
arm_1_right_finger,568.506000,0.619169,0.128652,0.206526,0.707062,-0.707149,0.001316,-0.001300
arm_1_right_finger,568.521000,0.619721,0.125957,0.206500,0.707062,-0.707149,0.001297,-0.001280
arm_1_right_finger,568.536000,0.620260,0.123261,0.206475,0.707063,-0.707149,0.001278,-0.001262
arm_1_right_finger,568.550000,0.620751,0.120744,0.206451,0.707063,-0.707149,0.001260,-0.001244
arm_1_right_finger,568.565000,0.621265,0.118046,0.206426,0.707063,-0.707148,0.001243,-0.001227
arm_1_right_finger,568.580000,0.621766,0.115346,0.206400,0.707063,-0.707148,0.001226,-0.001211
arm_1_right_finger,568.594000,0.622221,0.112825,0.206376,0.707063,-0.707148,0.001212,-0.001197
arm_1_right_finger,568.607000,0.622632,0.110500,0.206354,0.707064,-0.707148,0.001201,-0.001186
arm_1_right_finger,568.620000,0.623036,0.108154,0.206332,0.707064,-0.707148,0.001191,-0.001176
arm_1_right_finger,568.634000,0.623460,0.105626,0.206308,0.707064,-0.707148,0.001181,-0.001166
arm_1_right_finger,568.647000,0.623844,0.103278,0.206286,0.707064,-0.707148,0.001173,-0.001159
arm_1_right_finger,568.660000,0.624218,0.100929,0.206264,0.707064,-0.707147,0.001166,-0.001152
arm_1_right_finger,568.669000,0.624470,0.099310,0.206249,0.707064,-0.707147,0.001163,-0.001148
arm_1_right_finger,568.681000,0.624791,0.097205,0.206229,0.707065,-0.707147,0.001158,-0.001144
arm_1_right_finger,568.695000,0.625168,0.094659,0.206205,0.707065,-0.707147,0.001152,-0.001138
arm_1_right_finger,568.710000,0.625560,0.091932,0.206179,0.707065,-0.707147,0.001147,-0.001133
arm_1_right_finger,568.725000,0.625938,0.089207,0.206153,0.707065,-0.707147,0.001143,-0.001130
arm_1_right_finger,568.740000,0.626303,0.086482,0.206128,0.707065,-0.707146,0.001140,-0.001127
arm_1_right_finger,568.755000,0.626655,0.083758,0.206102,0.707065,-0.707146,0.001142,-0.001129
arm_1_right_finger,568.770000,0.626993,0.081034,0.206076,0.707066,-0.707146,0.001138,-0.001126
arm_1_right_finger,568.785000,0.627319,0.078309,0.206051,0.707066,-0.707146,0.001133,-0.001121
arm_1_right_finger,568.800000,0.627631,0.075584,0.206025,0.707066,-0.707146,0.001133,-0.001121
arm_1_right_finger,568.815000,0.627931,0.072859,0.206000,0.707066,-0.707146,0.001128,-0.001116
arm_1_right_finger,568.830000,0.628217,0.070133,0.205974,0.707066,-0.707145,0.001121,-0.001109
arm_1_right_finger,568.845000,0.628491,0.067407,0.205948,0.707067,-0.707145,0.001114,-0.001103
arm_1_right_finger,568.860000,0.628752,0.064679,0.205923,0.707067,-0.707145,0.001117,-0.001106
arm_1_right_finger,568.873000,0.628967,0.062315,0.205900,0.707067,-0.707145,0.001112,-0.001101
arm_1_right_finger,568.886000,0.629173,0.059951,0.205878,0.707067,-0.707145,0.001106,-0.001095
arm_1_right_finger,568.899000,0.629369,0.057585,0.205856,0.707067,-0.707145,0.001099,-0.001088
arm_1_right_finger,568.912000,0.629556,0.055220,0.205834,0.707067,-0.707144,0.001096,-0.001086
arm_1_right_finger,568.915000,0.629597,0.054674,0.205829,0.707067,-0.707144,0.001095,-0.001085
arm_1_right_finger,568.926000,0.629745,0.052671,0.205810,0.707068,-0.707144,0.001088,-0.001078
arm_1_right_finger,568.940000,0.629924,0.050123,0.205786,0.707068,-0.707144,0.001079,-0.001069
arm_1_right_finger,568.954000,0.630091,0.047573,0.205762,0.707068,-0.707144,0.001070,-0.001061
arm_1_right_finger,568.968000,0.630247,0.045024,0.205738,0.707068,-0.707144,0.001062,-0.001052
arm_1_right_finger,568.983000,0.630402,0.042292,0.205712,0.707068,-0.707144,0.001053,-0.001044
arm_1_right_finger,568.997000,0.630535,0.039741,0.205688,0.707068,-0.707144,0.001045,-0.001036
arm_1_right_finger,569.012000,0.630665,0.037008,0.205662,0.707069,-0.707143,0.001037,-0.001028
arm_1_right_finger,569.027000,0.630782,0.034275,0.205637,0.707069,-0.707143,0.001029,-0.001021
arm_1_right_finger,569.042000,0.630886,0.031541,0.205611,0.707069,-0.707143,0.001021,-0.001013
arm_1_right_finger,569.057000,0.630977,0.028807,0.205585,0.707069,-0.707143,0.001013,-0.001005
arm_1_right_finger,569.072000,0.631056,0.026073,0.205560,0.707069,-0.707143,0.001005,-0.000997
arm_1_right_finger,569.087000,0.631121,0.023339,0.205534,0.707070,-0.707143,0.000997,-0.000989
arm_1_right_finger,569.102000,0.631173,0.020605,0.205508,0.707070,-0.707142,0.000988,-0.000981
arm_1_right_finger,569.117000,0.631213,0.017871,0.205482,0.707070,-0.707142,0.000980,-0.000973
arm_1_right_finger,569.132000,0.631240,0.015137,0.205457,0.707070,-0.707142,0.000971,-0.000964
arm_1_right_finger,569.147000,0.631254,0.012404,0.205431,0.707070,-0.707142,0.000963,-0.000956
arm_1_right_finger,569.160000,0.631255,0.010034,0.205409,0.707071,-0.707142,0.000956,-0.000950
arm_1_right_finger,569.173000,0.631248,0.007666,0.205387,0.707071,-0.707142,0.000959,-0.000953
arm_1_right_finger,569.186000,0.631230,0.005297,0.205364,0.707071,-0.707141,0.000959,-0.000953
arm_1_right_finger,569.199000,0.631204,0.002928,0.205342,0.707071,-0.707141,0.001030,-0.001024
arm_1_right_finger,569.211000,0.631157,0.000742,0.205318,0.707071,-0.707141,0.001083,-0.001077
arm_1_right_finger,569.223000,0.631114,-0.001443,0.205297,0.707071,-0.707141,0.001107,-0.001102
arm_1_right_finger,569.236000,0.631060,-0.003811,0.205275,0.707071,-0.707141,0.001129,-0.001124
arm_1_right_finger,569.249000,0.630996,-0.006178,0.205253,0.707071,-0.707140,0.001148,-0.001144
arm_1_right_finger,569.262000,0.630922,-0.008544,0.205231,0.707071,-0.707140,0.001161,-0.001156
arm_1_right_finger,569.275000,0.630839,-0.010910,0.205209,0.707072,-0.707140,0.001175,-0.001171
arm_1_right_finger,569.288000,0.630746,-0.013276,0.205186,0.707072,-0.707140,0.001187,-0.001183
arm_1_right_finger,569.301000,0.630643,-0.015641,0.205164,0.707072,-0.707140,0.001199,-0.001195
arm_1_right_finger,569.314000,0.630531,-0.018005,0.205142,0.707072,-0.707139,0.001209,-0.001206
arm_1_right_finger,569.327000,0.630409,-0.020369,0.205120,0.707072,-0.707139,0.001215,-0.001211
arm_1_right_finger,569.340000,0.630277,-0.022732,0.205098,0.707072,-0.707139,0.001223,-0.001220
arm_1_right_finger,569.353000,0.630135,-0.025094,0.205076,0.707072,-0.707139,0.001227,-0.001224
arm_1_right_finger,569.366000,0.629984,-0.027455,0.205054,0.707073,-0.707139,0.001234,-0.001232
arm_1_right_finger,569.379000,0.629824,-0.029816,0.205031,0.707073,-0.707139,0.001242,-0.001240
arm_1_right_finger,569.392000,0.629653,-0.032175,0.205009,0.707073,-0.707138,0.001245,-0.001243
arm_1_right_finger,569.404000,0.629487,-0.034353,0.204989,0.707073,-0.707138,0.001253,-0.001251
arm_1_right_finger,569.416000,0.629314,-0.036529,0.204968,0.707073,-0.707138,0.001261,-0.001259
arm_1_right_finger,569.430000,0.629101,-0.039068,0.204944,0.707073,-0.707138,0.001269,-0.001267
arm_1_right_finger,569.445000,0.628860,-0.041786,0.204919,0.707073,-0.707138,0.001265,-0.001264
arm_1_right_finger,569.460000,0.628606,-0.044503,0.204893,0.707074,-0.707138,0.001252,-0.001250
arm_1_right_finger,569.474000,0.628358,-0.047038,0.204869,0.707074,-0.707138,0.001235,-0.001234
arm_1_right_finger,569.489000,0.628079,-0.049752,0.204844,0.707074,-0.707137,0.001219,-0.001218
arm_1_right_finger,569.504000,0.627788,-0.052464,0.204818,0.707074,-0.707137,0.001202,-0.001201
arm_1_right_finger,569.519000,0.627484,-0.055175,0.204792,0.707075,-0.707137,0.001185,-0.001185
arm_1_right_finger,569.534000,0.627167,-0.057884,0.204767,0.707075,-0.707137,0.001169,-0.001169
arm_1_right_finger,569.549000,0.626837,-0.060591,0.204741,0.707075,-0.707137,0.001154,-0.001155
arm_1_right_finger,569.564000,0.626495,-0.063297,0.204715,0.707075,-0.707137,0.001141,-0.001142
arm_1_right_finger,569.579000,0.626140,-0.066001,0.204690,0.707075,-0.707136,0.001130,-0.001131
arm_1_right_finger,569.593000,0.625797,-0.068522,0.204666,0.707076,-0.707136,0.001120,-0.001121
arm_1_right_finger,569.607000,0.625443,-0.071042,0.204641,0.707076,-0.707136,0.001112,-0.001114
arm_1_right_finger,569.622000,0.625051,-0.073740,0.204616,0.707076,-0.707136,0.001105,-0.001107
arm_1_right_finger,569.636000,0.624674,-0.076256,0.204592,0.707076,-0.707136,0.001099,-0.001101
arm_1_right_finger,569.651000,0.624258,-0.078950,0.204566,0.707076,-0.707136,0.001094,-0.001096
arm_1_right_finger,569.665000,0.623858,-0.081462,0.204542,0.707076,-0.707135,0.001090,-0.001092
arm_1_right_finger,569.680000,0.623417,-0.084151,0.204516,0.707077,-0.707135,0.001086,-0.001088
arm_1_right_finger,569.695000,0.622964,-0.086838,0.204490,0.707077,-0.707135,0.001082,-0.001085
arm_1_right_finger,569.709000,0.622529,-0.089344,0.204466,0.707077,-0.707135,0.001080,-0.001082
arm_1_right_finger,569.723000,0.622084,-0.091848,0.204442,0.707077,-0.707135,0.001077,-0.001080
arm_1_right_finger,569.738000,0.621594,-0.094528,0.204416,0.707077,-0.707135,0.001074,-0.001077
arm_1_right_finger,569.753000,0.621092,-0.097205,0.204390,0.707078,-0.707134,0.001070,-0.001074
arm_1_right_finger,569.768000,0.620577,-0.099880,0.204365,0.707078,-0.707134,0.001067,-0.001071
arm_1_right_finger,569.782000,0.620085,-0.102374,0.204340,0.707078,-0.707134,0.001064,-0.001068
arm_1_right_finger,569.796000,0.619583,-0.104866,0.204316,0.707078,-0.707134,0.001060,-0.001065
arm_1_right_finger,569.810000,0.619069,-0.107355,0.204292,0.707078,-0.707134,0.001056,-0.001061
arm_1_right_finger,569.825000,0.618507,-0.110019,0.204266,0.707078,-0.707134,0.001052,-0.001057
arm_1_right_finger,569.839000,0.617970,-0.112503,0.204242,0.707079,-0.707133,0.001047,-0.001052
arm_1_right_finger,569.854000,0.617384,-0.115161,0.204216,0.707079,-0.707133,0.001042,-0.001047
arm_1_right_finger,569.869000,0.616784,-0.117817,0.204190,0.707079,-0.707133,0.001036,-0.001042
arm_1_right_finger,569.884000,0.616173,-0.120469,0.204164,0.707079,-0.707133,0.001030,-0.001036
arm_1_right_finger,569.899000,0.615549,-0.123119,0.204139,0.707079,-0.707133,0.001023,-0.001029
arm_1_right_finger,569.913000,0.614955,-0.125588,0.204114,0.707080,-0.707133,0.001017,-0.001023
arm_1_right_finger,569.928000,0.614307,-0.128231,0.204088,0.707080,-0.707132,0.001009,-0.001015
arm_1_right_finger,569.943000,0.613646,-0.130871,0.204063,0.707080,-0.707132,0.001001,-0.001008
arm_1_right_finger,569.958000,0.612974,-0.133507,0.204037,0.707080,-0.707132,0.000992,-0.000999
arm_1_right_finger,569.973000,0.612288,-0.136140,0.204011,0.707080,-0.707132,0.000983,-0.000990
arm_1_right_finger,569.988000,0.611591,-0.138770,0.203985,0.707080,-0.707132,0.000974,-0.000981
arm_1_right_finger,570.002000,0.610928,-0.141220,0.203960,0.707081,-0.707132,0.000964,-0.000972
arm_1_right_finger,570.016000,0.610255,-0.143668,0.203936,0.707081,-0.707131,0.000955,-0.000963
arm_1_right_finger,570.030000,0.609572,-0.146113,0.203912,0.707081,-0.707131,0.000945,-0.000954
arm_1_right_finger,570.044000,0.608877,-0.148554,0.203888,0.707081,-0.707131,0.000936,-0.000945
arm_1_right_finger,570.059000,0.608122,-0.151166,0.203862,0.707081,-0.707131,0.000927,-0.000936
arm_1_right_finger,570.074000,0.607354,-0.153774,0.203836,0.707082,-0.707131,0.000919,-0.000928
arm_1_right_finger,570.089000,0.606573,-0.156379,0.203810,0.707082,-0.707131,0.000911,-0.000920
arm_1_right_finger,570.102000,0.605890,-0.158632,0.203788,0.707082,-0.707130,0.001011,-0.001021
arm_1_right_finger,570.114000,0.605236,-0.160710,0.203763,0.707082,-0.707130,0.001082,-0.001092
arm_1_right_finger,570.126000,0.604586,-0.162786,0.203742,0.707082,-0.707130,0.001108,-0.001118
arm_1_right_finger,570.139000,0.603874,-0.165031,0.203720,0.707082,-0.707130,0.001126,-0.001136
arm_1_right_finger,570.151000,0.603210,-0.167101,0.203700,0.707082,-0.707130,0.001140,-0.001150
arm_1_right_finger,570.163000,0.602537,-0.169168,0.203679,0.707082,-0.707129,0.001152,-0.001162
arm_1_right_finger,570.175000,0.601857,-0.171232,0.203658,0.707082,-0.707129,0.001160,-0.001171
arm_1_right_finger,570.188000,0.601112,-0.173466,0.203636,0.707083,-0.707129,0.001173,-0.001184
arm_1_right_finger,570.200000,0.600415,-0.175524,0.203616,0.707083,-0.707129,0.001181,-0.001192
arm_1_right_finger,570.212000,0.599711,-0.177580,0.203595,0.707083,-0.707129,0.001188,-0.001199
arm_1_right_finger,570.224000,0.598999,-0.179633,0.203574,0.707083,-0.707129,0.001194,-0.001206
arm_1_right_finger,570.237000,0.598219,-0.181854,0.203552,0.707083,-0.707128,0.001197,-0.001208
arm_1_right_finger,570.250000,0.597430,-0.184072,0.203530,0.707083,-0.707128,0.001203,-0.001215
arm_1_right_finger,570.263000,0.596632,-0.186286,0.203507,0.707083,-0.707128,0.001208,-0.001220
arm_1_right_finger,570.275000,0.595887,-0.188327,0.203486,0.707084,-0.707128,0.001209,-0.001221
arm_1_right_finger,570.288000,0.595074,-0.190534,0.203465,0.707084,-0.707128,0.001236,-0.001248
arm_1_right_finger,570.301000,0.594251,-0.192738,0.203443,0.707084,-0.707128,0.001259,-0.001271
arm_1_right_finger,570.315000,0.593354,-0.195108,0.203419,0.707084,-0.707127,0.001275,-0.001288
arm_1_right_finger,570.329000,0.592446,-0.197473,0.203395,0.707084,-0.707127,0.001282,-0.001295
arm_1_right_finger,570.343000,0.591527,-0.199835,0.203370,0.707084,-0.707127,0.001278,-0.001291
arm_1_right_finger,570.354000,0.590798,-0.201687,0.203351,0.707084,-0.707127,0.001268,-0.001282
arm_1_right_finger,570.367000,0.589929,-0.203872,0.203329,0.707085,-0.707127,0.001250,-0.001264
arm_1_right_finger,570.381000,0.588982,-0.206222,0.203305,0.707085,-0.707127,0.001226,-0.001240
arm_1_right_finger,570.395000,0.588025,-0.208567,0.203280,0.707085,-0.707127,0.001197,-0.001211
arm_1_right_finger,570.409000,0.587058,-0.210907,0.203256,0.707085,-0.707126,0.001169,-0.001184
arm_1_right_finger,570.422000,0.586151,-0.213077,0.203234,0.707085,-0.707126,0.001147,-0.001162
arm_1_right_finger,570.436000,0.585165,-0.215409,0.203209,0.707086,-0.707126,0.001126,-0.001141
arm_1_right_finger,570.451000,0.584096,-0.217902,0.203183,0.707086,-0.707126,0.001104,-0.001119
arm_1_right_finger,570.466000,0.583016,-0.220391,0.203157,0.707086,-0.707126,0.001084,-0.001100
arm_1_right_finger,570.481000,0.581924,-0.222873,0.203131,0.707086,-0.707126,0.001066,-0.001081
arm_1_right_finger,570.496000,0.580821,-0.225351,0.203105,0.707086,-0.707126,0.001049,-0.001064
arm_1_right_finger,570.509000,0.579856,-0.227494,0.203083,0.707087,-0.707125,0.001035,-0.001051
arm_1_right_finger,570.521000,0.578957,-0.229468,0.203062,0.707087,-0.707125,0.001023,-0.001039
arm_1_right_finger,570.529000,0.578354,-0.230780,0.203048,0.707087,-0.707125,0.001015,-0.001031
arm_1_right_finger,570.543000,0.577296,-0.233063,0.203024,0.707087,-0.707125,0.001003,-0.001019
arm_1_right_finger,570.558000,0.576144,-0.235521,0.202998,0.707087,-0.707125,0.000990,-0.001007
arm_1_right_finger,570.573000,0.574980,-0.237972,0.202972,0.707087,-0.707125,0.000979,-0.000996
arm_1_right_finger,570.587000,0.573884,-0.240254,0.202948,0.707088,-0.707125,0.000968,-0.000985
arm_1_right_finger,570.601000,0.572778,-0.242531,0.202923,0.707088,-0.707124,0.000958,-0.000975
arm_1_right_finger,570.615000,0.571662,-0.244803,0.202899,0.707088,-0.707124,0.000948,-0.000966
arm_1_right_finger,570.629000,0.570537,-0.247069,0.202874,0.707088,-0.707124,0.000939,-0.000957
arm_1_right_finger,570.644000,0.569320,-0.249491,0.202848,0.707088,-0.707124,0.000929,-0.000947
arm_1_right_finger,570.659000,0.568092,-0.251907,0.202822,0.707089,-0.707124,0.000919,-0.000937
arm_1_right_finger,570.673000,0.566936,-0.254156,0.202798,0.707089,-0.707124,0.000909,-0.000928
arm_1_right_finger,570.688000,0.565686,-0.256561,0.202772,0.707089,-0.707123,0.000899,-0.000918
arm_1_right_finger,570.702000,0.564510,-0.258799,0.202747,0.707089,-0.707123,0.000890,-0.000909
arm_1_right_finger,570.716000,0.563323,-0.261031,0.202723,0.707089,-0.707123,0.000882,-0.000901
arm_1_right_finger,570.731000,0.562042,-0.263417,0.202697,0.707090,-0.707123,0.000873,-0.000893
arm_1_right_finger,570.745000,0.560836,-0.265639,0.202673,0.707090,-0.707123,0.000865,-0.000885
arm_1_right_finger,570.757000,0.559784,-0.267538,0.202648,0.707090,-0.707123,0.000928,-0.000948
arm_1_right_finger,570.770000,0.558646,-0.269591,0.202625,0.707090,-0.707122,0.000952,-0.000973
arm_1_right_finger,570.782000,0.557590,-0.271482,0.202605,0.707090,-0.707122,0.000968,-0.000989
arm_1_right_finger,570.795000,0.556439,-0.273526,0.202582,0.707090,-0.707122,0.000984,-0.001004
arm_1_right_finger,570.808000,0.555279,-0.275565,0.202560,0.707090,-0.707122,0.000997,-0.001018
arm_1_right_finger,570.821000,0.554111,-0.277599,0.202537,0.707090,-0.707122,0.001009,-0.001030
arm_1_right_finger,570.833000,0.553026,-0.279473,0.202517,0.707091,-0.707122,0.001018,-0.001039
arm_1_right_finger,570.846000,0.551842,-0.281497,0.202494,0.707091,-0.707121,0.001027,-0.001049
arm_1_right_finger,570.858000,0.550742,-0.283361,0.202474,0.707091,-0.707121,0.001035,-0.001056
arm_1_right_finger,570.871000,0.549542,-0.285376,0.202451,0.707091,-0.707121,0.001042,-0.001064
arm_1_right_finger,570.883000,0.548427,-0.287232,0.202430,0.707091,-0.707121,0.001048,-0.001070
arm_1_right_finger,570.895000,0.547306,-0.289082,0.202409,0.707091,-0.707121,0.001053,-0.001075
arm_1_right_finger,570.907000,0.546177,-0.290929,0.202389,0.707091,-0.707121,0.001058,-0.001080
arm_1_right_finger,570.919000,0.545042,-0.292771,0.202368,0.707091,-0.707120,0.001062,-0.001085
arm_1_right_finger,570.931000,0.543899,-0.294609,0.202347,0.707092,-0.707120,0.001066,-0.001088
arm_1_right_finger,570.943000,0.542751,-0.296442,0.202326,0.707092,-0.707120,0.001076,-0.001099
arm_1_right_finger,570.955000,0.541595,-0.298271,0.202305,0.707092,-0.707120,0.001084,-0.001107
arm_1_right_finger,570.967000,0.540432,-0.300095,0.202285,0.707092,-0.707120,0.001094,-0.001117
arm_1_right_finger,570.979000,0.539263,-0.301915,0.202264,0.707092,-0.707120,0.001104,-0.001127
arm_1_right_finger,570.991000,0.538086,-0.303730,0.202243,0.707092,-0.707119,0.001113,-0.001136
arm_1_right_finger,571.003000,0.536903,-0.305541,0.202222,0.707092,-0.707119,0.001121,-0.001144
arm_1_right_finger,571.016000,0.535614,-0.307497,0.202199,0.707093,-0.707119,0.001127,-0.001151
arm_1_right_finger,571.029000,0.534317,-0.309448,0.202177,0.707093,-0.707119,0.001138,-0.001163
arm_1_right_finger,571.042000,0.533011,-0.311393,0.202154,0.707093,-0.707119,0.001144,-0.001168
arm_1_right_finger,571.055000,0.531699,-0.313333,0.202132,0.707093,-0.707119,0.001155,-0.001180
arm_1_right_finger,571.068000,0.530378,-0.315268,0.202109,0.707093,-0.707118,0.001160,-0.001185
arm_1_right_finger,571.081000,0.529049,-0.317196,0.202086,0.707093,-0.707118,0.001165,-0.001190
arm_1_right_finger,571.095000,0.527610,-0.319267,0.202062,0.707093,-0.707118,0.001176,-0.001201
arm_1_right_finger,571.109000,0.526162,-0.321332,0.202038,0.707094,-0.707118,0.001167,-0.001192
arm_1_right_finger,571.124000,0.524601,-0.323536,0.202012,0.707094,-0.707118,0.001149,-0.001175
arm_1_right_finger,571.139000,0.523029,-0.325733,0.201986,0.707094,-0.707118,0.001129,-0.001154
arm_1_right_finger,571.154000,0.521447,-0.327922,0.201960,0.707094,-0.707118,0.001107,-0.001133
arm_1_right_finger,571.169000,0.519855,-0.330104,0.201934,0.707094,-0.707117,0.001086,-0.001112
arm_1_right_finger,571.184000,0.518252,-0.332278,0.201908,0.707095,-0.707117,0.001066,-0.001092
arm_1_right_finger,571.199000,0.516640,-0.334444,0.201881,0.707095,-0.707117,0.001046,-0.001073
arm_1_right_finger,571.213000,0.515126,-0.336459,0.201857,0.707095,-0.707117,0.001029,-0.001056
arm_1_right_finger,571.228000,0.513493,-0.338610,0.201831,0.707095,-0.707117,0.001011,-0.001039
arm_1_right_finger,571.243000,0.511850,-0.340755,0.201805,0.707095,-0.707117,0.000994,-0.001022
arm_1_right_finger,571.258000,0.510197,-0.342891,0.201778,0.707096,-0.707116,0.000978,-0.001006
arm_1_right_finger,571.273000,0.508535,-0.345018,0.201752,0.707096,-0.707116,0.000962,-0.000990
arm_1_right_finger,571.288000,0.506866,-0.347133,0.201726,0.707096,-0.707116,0.000946,-0.000974
arm_1_right_finger,571.303000,0.505192,-0.349235,0.201700,0.707096,-0.707116,0.000931,-0.000959
arm_1_right_finger,571.318000,0.503527,-0.351306,0.201674,0.707096,-0.707116,0.000917,-0.000945
arm_1_right_finger,571.333000,0.501859,-0.353360,0.201648,0.707097,-0.707116,0.000902,-0.000931
arm_1_right_finger,571.348000,0.500180,-0.355408,0.201623,0.707097,-0.707116,0.000890,-0.000919
arm_1_right_finger,571.363000,0.498504,-0.357434,0.201597,0.707097,-0.707115,0.000878,-0.000907
arm_1_right_finger,571.378000,0.496832,-0.359435,0.201572,0.707097,-0.707115,0.000867,-0.000896
arm_1_right_finger,571.393000,0.495167,-0.361411,0.201547,0.707097,-0.707115,0.000857,-0.000887
arm_1_right_finger,571.407000,0.493618,-0.363233,0.201523,0.707098,-0.707115,0.000848,-0.000878
arm_1_right_finger,571.420000,0.492185,-0.364905,0.201502,0.707098,-0.707115,0.000841,-0.000871
arm_1_right_finger,571.433000,0.490757,-0.366557,0.201481,0.707098,-0.707115,0.000835,-0.000865
arm_1_right_finger,571.446000,0.489335,-0.368191,0.201460,0.707098,-0.707114,0.000840,-0.000870
arm_1_right_finger,571.460000,0.487810,-0.369928,0.201437,0.707098,-0.707114,0.000833,-0.000864
arm_1_right_finger,571.473000,0.486403,-0.371521,0.201417,0.707098,-0.707114,0.000852,-0.000882
arm_1_right_finger,571.486000,0.485001,-0.373095,0.201397,0.707098,-0.707114,0.000884,-0.000914
arm_1_right_finger,571.499000,0.483606,-0.374649,0.201376,0.707099,-0.707114,0.000912,-0.000943
arm_1_right_finger,571.512000,0.482218,-0.376183,0.201356,0.707099,-0.707114,0.000986,-0.001018
arm_1_right_finger,571.523000,0.481052,-0.377467,0.201340,0.707098,-0.707113,0.001243,-0.001275
arm_1_right_finger,571.536000,0.479671,-0.378967,0.201318,0.707098,-0.707113,0.001369,-0.001400
arm_1_right_finger,571.550000,0.478198,-0.380561,0.201296,0.707098,-0.707112,0.001430,-0.001462
arm_1_right_finger,571.563000,0.476842,-0.382021,0.201277,0.707098,-0.707112,0.001463,-0.001495
arm_1_right_finger,571.576000,0.475494,-0.383462,0.201258,0.707098,-0.707112,0.001487,-0.001519
arm_1_right_finger,571.590000,0.474051,-0.384994,0.201238,0.707098,-0.707112,0.001507,-0.001539
arm_1_right_finger,571.604000,0.472618,-0.386503,0.201219,0.707099,-0.707112,0.001524,-0.001556
arm_1_right_finger,571.618000,0.471196,-0.387991,0.201199,0.707099,-0.707112,0.001538,-0.001570
arm_1_right_finger,571.632000,0.469783,-0.389458,0.201179,0.707099,-0.707111,0.001548,-0.001581
arm_1_right_finger,571.646000,0.468380,-0.390904,0.201160,0.707099,-0.707111,0.001557,-0.001589
arm_1_right_finger,571.660000,0.466988,-0.392329,0.201141,0.707099,-0.707111,0.001563,-0.001596
arm_1_right_finger,571.672000,0.465767,-0.393533,0.201113,0.707099,-0.707111,0.001439,-0.001473
arm_1_right_finger,571.683000,0.464681,-0.394625,0.201096,0.707099,-0.707111,0.001413,-0.001446
arm_1_right_finger,571.694000,0.463610,-0.395702,0.201082,0.707100,-0.707111,0.001385,-0.001419
arm_1_right_finger,571.705000,0.462546,-0.396768,0.201068,0.707100,-0.707111,0.001359,-0.001392
arm_1_right_finger,571.716000,0.461491,-0.397820,0.201054,0.707100,-0.707111,0.001335,-0.001368
arm_1_right_finger,571.727000,0.460441,-0.398860,0.201040,0.707100,-0.707111,0.001313,-0.001347
arm_1_right_finger,571.738000,0.459388,-0.399888,0.201023,0.707100,-0.707111,0.001246,-0.001280
arm_1_right_finger,571.748000,0.458441,-0.400812,0.201009,0.707100,-0.707111,0.001245,-0.001279
arm_1_right_finger,571.759000,0.457413,-0.401816,0.200995,0.707100,-0.707111,0.001235,-0.001269
arm_1_right_finger,571.770000,0.456393,-0.402808,0.200982,0.707101,-0.707111,0.001226,-0.001260
arm_1_right_finger,571.781000,0.455380,-0.403788,0.200969,0.707101,-0.707111,0.001217,-0.001251
arm_1_right_finger,571.792000,0.454376,-0.404755,0.200956,0.707101,-0.707111,0.001209,-0.001243
arm_1_right_finger,571.803000,0.453369,-0.405711,0.200940,0.707101,-0.707111,0.001167,-0.001202
arm_1_right_finger,571.814000,0.452373,-0.406654,0.200926,0.707101,-0.707111,0.001175,-0.001210
arm_1_right_finger,571.825000,0.451391,-0.407585,0.200913,0.707101,-0.707110,0.001175,-0.001210
arm_1_right_finger,571.836000,0.450410,-0.408505,0.200898,0.707101,-0.707110,0.001139,-0.001174
arm_1_right_finger,571.847000,0.449437,-0.409413,0.200884,0.707101,-0.707110,0.001154,-0.001189
arm_1_right_finger,571.857000,0.448566,-0.410229,0.200873,0.707101,-0.707110,0.001157,-0.001192
arm_1_right_finger,571.868000,0.447617,-0.411114,0.200861,0.707101,-0.707110,0.001158,-0.001194
arm_1_right_finger,571.879000,0.446675,-0.411989,0.200850,0.707102,-0.707110,0.001160,-0.001195
arm_1_right_finger,571.890000,0.445743,-0.412851,0.200838,0.707102,-0.707110,0.001161,-0.001196
arm_1_right_finger,571.901000,0.444811,-0.413702,0.200825,0.707102,-0.707110,0.001175,-0.001211
arm_1_right_finger,571.912000,0.443888,-0.414541,0.200812,0.707102,-0.707110,0.001242,-0.001278
arm_1_right_finger,571.923000,0.442978,-0.415370,0.200800,0.707102,-0.707110,0.001240,-0.001276
arm_1_right_finger,571.934000,0.442078,-0.416187,0.200789,0.707102,-0.707109,0.001235,-0.001271
arm_1_right_finger,571.945000,0.441187,-0.416993,0.200778,0.707102,-0.707109,0.001229,-0.001264
arm_1_right_finger,571.956000,0.440304,-0.417788,0.200767,0.707102,-0.707109,0.001226,-0.001262
arm_1_right_finger,571.967000,0.439430,-0.418571,0.200757,0.707102,-0.707109,0.001222,-0.001257
arm_1_right_finger,571.978000,0.438564,-0.419344,0.200746,0.707102,-0.707109,0.001220,-0.001255
arm_1_right_finger,571.989000,0.437707,-0.420106,0.200735,0.707102,-0.707109,0.001216,-0.001252
arm_1_right_finger,572.000000,0.436859,-0.420856,0.200725,0.707102,-0.707109,0.001214,-0.001250
arm_1_right_finger,572.010000,0.436095,-0.421529,0.200715,0.707103,-0.707109,0.001211,-0.001247
arm_1_right_finger,572.020000,0.435339,-0.422194,0.200706,0.707103,-0.707109,0.001210,-0.001246
arm_1_right_finger,572.030000,0.434591,-0.422849,0.200697,0.707103,-0.707109,0.001213,-0.001249
arm_1_right_finger,572.041000,0.433776,-0.423560,0.200687,0.707103,-0.707109,0.001218,-0.001254
arm_1_right_finger,572.054000,0.432825,-0.424386,0.200675,0.707103,-0.707109,0.001227,-0.001263
arm_1_right_finger,572.066000,0.431958,-0.425136,0.200665,0.707103,-0.707108,0.001231,-0.001267
arm_1_right_finger,572.079000,0.431031,-0.425933,0.200653,0.707103,-0.707108,0.001239,-0.001275
arm_1_right_finger,572.092000,0.430117,-0.426717,0.200642,0.707103,-0.707108,0.001242,-0.001279
arm_1_right_finger,572.105000,0.429216,-0.427486,0.200631,0.707103,-0.707108,0.001250,-0.001286
arm_1_right_finger,572.118000,0.428327,-0.428240,0.200619,0.707103,-0.707108,0.001252,-0.001289
arm_1_right_finger,572.131000,0.427452,-0.428981,0.200609,0.707103,-0.707108,0.001258,-0.001294
arm_1_right_finger,572.144000,0.426589,-0.429707,0.200598,0.707103,-0.707108,0.001258,-0.001295
arm_1_right_finger,572.157000,0.425744,-0.430419,0.200588,0.707103,-0.707108,0.001292,-0.001329
arm_1_right_finger,572.171000,0.424849,-0.431170,0.200578,0.707103,-0.707108,0.001368,-0.001405
arm_1_right_finger,572.186000,0.423905,-0.431957,0.200567,0.707103,-0.707107,0.001447,-0.001484
arm_1_right_finger,572.201000,0.422978,-0.432725,0.200555,0.707103,-0.707107,0.001518,-0.001555
arm_1_right_finger,572.216000,0.422070,-0.433475,0.200544,0.707103,-0.707107,0.001578,-0.001615
arm_1_right_finger,572.231000,0.421180,-0.434206,0.200533,0.707103,-0.707107,0.001631,-0.001668
arm_1_right_finger,572.245000,0.420365,-0.434873,0.200523,0.707103,-0.707107,0.001673,-0.001711
arm_1_right_finger,572.259000,0.419566,-0.435524,0.200514,0.707103,-0.707106,0.001710,-0.001747
arm_1_right_finger,572.274000,0.418729,-0.436205,0.200503,0.707103,-0.707106,0.001744,-0.001781
arm_1_right_finger,572.288000,0.417963,-0.436824,0.200494,0.707103,-0.707106,0.001771,-0.001809
arm_1_right_finger,572.303000,0.417162,-0.437470,0.200484,0.707103,-0.707106,0.001796,-0.001834
arm_1_right_finger,572.318000,0.416379,-0.438099,0.200474,0.707103,-0.707106,0.001818,-0.001855
arm_1_right_finger,572.333000,0.415615,-0.438710,0.200465,0.707103,-0.707106,0.001836,-0.001873
arm_1_right_finger,572.348000,0.414869,-0.439304,0.200456,0.707103,-0.707106,0.001851,-0.001889
arm_1_right_finger,572.363000,0.414144,-0.439881,0.200447,0.707103,-0.707106,0.001864,-0.001902
arm_1_right_finger,572.378000,0.413437,-0.440440,0.200438,0.707103,-0.707105,0.001875,-0.001913
arm_1_right_finger,572.393000,0.412750,-0.440983,0.200429,0.707103,-0.707105,0.001884,-0.001922
arm_1_right_finger,572.407000,0.412124,-0.441474,0.200421,0.707103,-0.707105,0.001877,-0.001915
arm_1_right_finger,572.422000,0.411474,-0.441983,0.200413,0.707103,-0.707105,0.001862,-0.001900
arm_1_right_finger,572.437000,0.410843,-0.442477,0.200405,0.707103,-0.707105,0.001846,-0.001884
arm_1_right_finger,572.452000,0.410232,-0.442953,0.200398,0.707103,-0.707105,0.001831,-0.001869
arm_1_right_finger,572.467000,0.409640,-0.443414,0.200390,0.707104,-0.707105,0.001818,-0.001856
arm_1_right_finger,572.481000,0.409105,-0.443828,0.200383,0.707104,-0.707105,0.001807,-0.001845
arm_1_right_finger,572.496000,0.408552,-0.444256,0.200377,0.707104,-0.707105,0.001795,-0.001834
arm_1_right_finger,572.510000,0.408054,-0.444641,0.200370,0.707104,-0.707105,0.001786,-0.001824
arm_1_right_finger,572.525000,0.407539,-0.445037,0.200364,0.707104,-0.707105,0.001777,-0.001815
arm_1_right_finger,572.538000,0.407108,-0.445368,0.200359,0.707104,-0.707105,0.001769,-0.001807
arm_1_right_finger,572.550000,0.406725,-0.445662,0.200354,0.707104,-0.707105,0.001763,-0.001801
arm_1_right_finger,572.563000,0.406323,-0.445969,0.200349,0.707104,-0.707105,0.001757,-0.001795
arm_1_right_finger,572.569000,0.406143,-0.446107,0.200347,0.707104,-0.707105,0.001754,-0.001792
arm_1_right_finger,572.580000,0.405821,-0.446353,0.200343,0.707104,-0.707105,0.001749,-0.001787
arm_1_right_finger,572.594000,0.405427,-0.446653,0.200338,0.707104,-0.707105,0.001742,-0.001781
arm_1_right_finger,572.608000,0.405050,-0.446940,0.200333,0.707104,-0.707105,0.001736,-0.001775
arm_1_right_finger,572.622000,0.404691,-0.447213,0.200329,0.707104,-0.707105,0.001731,-0.001769
arm_1_right_finger,572.636000,0.404350,-0.447472,0.200325,0.707104,-0.707105,0.001725,-0.001764
arm_1_right_finger,572.651000,0.404003,-0.447734,0.200320,0.707104,-0.707105,0.001720,-0.001758
arm_1_right_finger,572.666000,0.403677,-0.447980,0.200316,0.707104,-0.707105,0.001714,-0.001753
arm_1_right_finger,572.681000,0.403372,-0.448211,0.200312,0.707104,-0.707105,0.001709,-0.001748
arm_1_right_finger,572.696000,0.403086,-0.448426,0.200309,0.707104,-0.707105,0.001705,-0.001743
arm_1_right_finger,572.711000,0.402821,-0.448626,0.200306,0.707104,-0.707105,0.001700,-0.001739
arm_1_right_finger,572.726000,0.402576,-0.448810,0.200303,0.707104,-0.707105,0.001696,-0.001735
arm_1_right_finger,572.741000,0.402352,-0.448978,0.200300,0.707104,-0.707105,0.001692,-0.001731
arm_1_right_finger,572.756000,0.402149,-0.449131,0.200297,0.707104,-0.707105,0.001688,-0.001727
arm_1_right_finger,572.771000,0.401965,-0.449268,0.200295,0.707104,-0.707105,0.001685,-0.001724
arm_1_right_finger,572.786000,0.401803,-0.449390,0.200293,0.707105,-0.707105,0.001682,-0.001720
arm_1_right_finger,572.801000,0.401660,-0.449497,0.200291,0.707105,-0.707105,0.001679,-0.001717
arm_1_right_finger,572.816000,0.401538,-0.449588,0.200290,0.707105,-0.707105,0.001676,-0.001714
arm_1_right_finger,572.831000,0.401437,-0.449664,0.200289,0.707105,-0.707105,0.001673,-0.001712
arm_1_right_finger,572.846000,0.401356,-0.449725,0.200288,0.707105,-0.707105,0.001670,-0.001709
arm_1_right_finger,572.860000,0.401296,-0.449769,0.200287,0.707105,-0.707105,0.001668,-0.001707
arm_1_right_finger,572.874000,0.401252,-0.449802,0.200286,0.707105,-0.707105,0.001665,-0.001704
arm_1_right_finger,572.888000,0.401266,-0.449792,0.200285,0.707105,-0.707105,0.001663,-0.001701
arm_1_right_finger,572.902000,0.401279,-0.449783,0.200280,0.707105,-0.707105,0.001661,-0.001700
arm_1_right_finger,572.917000,0.401291,-0.449776,0.200266,0.707105,-0.707105,0.001659,-0.001698
arm_1_right_finger,572.932000,0.401300,-0.449772,0.200242,0.707105,-0.707105,0.001658,-0.001697
arm_1_right_finger,572.947000,0.401309,-0.449770,0.200207,0.707105,-0.707105,0.001657,-0.001696
arm_1_right_finger,572.962000,0.401317,-0.449770,0.200158,0.707105,-0.707105,0.001655,-0.001694
arm_1_right_finger,572.977000,0.401325,-0.449773,0.200094,0.707105,-0.707105,0.001654,-0.001693
arm_1_right_finger,572.992000,0.401333,-0.449777,0.200014,0.707105,-0.707105,0.001653,-0.001691
arm_1_right_finger,573.007000,0.401342,-0.449784,0.199918,0.707105,-0.707105,0.001651,-0.001690
arm_1_right_finger,573.022000,0.401350,-0.449792,0.199804,0.707105,-0.707105,0.001650,-0.001689
arm_1_right_finger,573.037000,0.401360,-0.449802,0.199673,0.707105,-0.707105,0.001648,-0.001687
arm_1_right_finger,573.052000,0.401370,-0.449814,0.199523,0.707105,-0.707105,0.001647,-0.001685
arm_1_right_finger,573.067000,0.401381,-0.449827,0.199356,0.707105,-0.707105,0.001645,-0.001684
arm_1_right_finger,573.082000,0.401393,-0.449842,0.199169,0.707105,-0.707105,0.001644,-0.001682
arm_1_right_finger,573.096000,0.401405,-0.449858,0.198979,0.707105,-0.707105,0.001642,-0.001680
arm_1_right_finger,573.110000,0.401418,-0.449875,0.198772,0.707105,-0.707105,0.001640,-0.001679
arm_1_right_finger,573.125000,0.401433,-0.449895,0.198531,0.707105,-0.707105,0.001639,-0.001677
arm_1_right_finger,573.140000,0.401449,-0.449916,0.198272,0.707105,-0.707105,0.001637,-0.001675
arm_1_right_finger,573.155000,0.401465,-0.449939,0.197993,0.707105,-0.707105,0.001635,-0.001673
arm_1_right_finger,573.170000,0.401483,-0.449963,0.197698,0.707105,-0.707105,0.001633,-0.001671
arm_1_right_finger,573.185000,0.401501,-0.449988,0.197380,0.707105,-0.707105,0.001631,-0.001669
arm_1_right_finger,573.200000,0.401521,-0.450016,0.197044,0.707105,-0.707105,0.001629,-0.001666
arm_1_right_finger,573.215000,0.401541,-0.450044,0.196688,0.707105,-0.707105,0.001626,-0.001664
arm_1_right_finger,573.230000,0.401563,-0.450074,0.196313,0.707105,-0.707105,0.001624,-0.001662
arm_1_right_finger,573.245000,0.401585,-0.450105,0.195919,0.707105,-0.707105,0.001622,-0.001659
arm_1_right_finger,573.260000,0.401608,-0.450137,0.195506,0.707105,-0.707105,0.001619,-0.001657
arm_1_right_finger,573.275000,0.401632,-0.450171,0.195075,0.707105,-0.707105,0.001617,-0.001654
arm_1_right_finger,573.289000,0.401655,-0.450203,0.194653,0.707105,-0.707105,0.001614,-0.001652
arm_1_right_finger,573.303000,0.401679,-0.450237,0.194214,0.707105,-0.707105,0.001612,-0.001649
arm_1_right_finger,573.318000,0.401705,-0.450274,0.193725,0.707105,-0.707105,0.001609,-0.001646
arm_1_right_finger,573.333000,0.401732,-0.450311,0.193217,0.707105,-0.707105,0.001606,-0.001643
arm_1_right_finger,573.348000,0.401759,-0.450350,0.192690,0.707105,-0.707105,0.001603,-0.001640
arm_1_right_finger,573.363000,0.401787,-0.450390,0.192144,0.707105,-0.707105,0.001600,-0.001637
arm_1_right_finger,573.377000,0.401814,-0.450428,0.191616,0.707105,-0.707105,0.001597,-0.001634
arm_1_right_finger,573.392000,0.401843,-0.450470,0.191032,0.707105,-0.707105,0.001594,-0.001630
arm_1_right_finger,573.407000,0.401873,-0.450512,0.190428,0.707105,-0.707105,0.001591,-0.001627
arm_1_right_finger,573.422000,0.401903,-0.450555,0.189806,0.707105,-0.707105,0.001587,-0.001623
arm_1_right_finger,573.437000,0.401934,-0.450599,0.189164,0.707105,-0.707105,0.001584,-0.001619
arm_1_right_finger,573.452000,0.401965,-0.450643,0.188503,0.707105,-0.707105,0.001580,-0.001615
arm_1_right_finger,573.466000,0.401994,-0.450685,0.187868,0.707105,-0.707105,0.001576,-0.001611
arm_1_right_finger,573.481000,0.402025,-0.450730,0.187170,0.707105,-0.707105,0.001572,-0.001607
arm_1_right_finger,573.495000,0.402055,-0.450772,0.186500,0.707105,-0.707105,0.001568,-0.001603
arm_1_right_finger,573.508000,0.402083,-0.450812,0.185863,0.707105,-0.707105,0.001565,-0.001599
arm_1_right_finger,573.522000,0.402113,-0.450855,0.185161,0.707105,-0.707105,0.001560,-0.001595
arm_1_right_finger,573.537000,0.402145,-0.450902,0.184391,0.707105,-0.707105,0.001556,-0.001590
arm_1_right_finger,573.551000,0.402174,-0.450945,0.183654,0.707105,-0.707105,0.001551,-0.001585
arm_1_right_finger,573.563000,0.402200,-0.450983,0.183009,0.707105,-0.707105,0.001547,-0.001581
arm_1_right_finger,573.576000,0.402228,-0.451023,0.182297,0.707105,-0.707105,0.001543,-0.001577
arm_1_right_finger,573.590000,0.402258,-0.451066,0.181513,0.707105,-0.707105,0.001541,-0.001575
arm_1_right_finger,573.604000,0.402287,-0.451110,0.180713,0.707105,-0.707105,0.001541,-0.001575
arm_1_right_finger,573.619000,0.402319,-0.451156,0.179837,0.707105,-0.707105,0.001542,-0.001574
arm_1_right_finger,573.634000,0.402350,-0.451202,0.178942,0.707105,-0.707105,0.001542,-0.001574
arm_1_right_finger,573.649000,0.402380,-0.451248,0.178028,0.707105,-0.707105,0.001542,-0.001574
arm_1_right_finger,573.663000,0.402409,-0.451290,0.177157,0.707105,-0.707105,0.001541,-0.001573
arm_1_right_finger,573.677000,0.402436,-0.451331,0.176269,0.707105,-0.707105,0.001541,-0.001573
arm_1_right_finger,573.692000,0.402466,-0.451375,0.175300,0.707105,-0.707105,0.001541,-0.001572
arm_1_right_finger,573.704000,0.402488,-0.451410,0.174510,0.707105,-0.707105,0.001539,-0.001570
arm_1_right_finger,573.717000,0.402513,-0.451447,0.173641,0.707105,-0.707105,0.001540,-0.001571
arm_1_right_finger,573.729000,0.402534,-0.451480,0.172826,0.707105,-0.707105,0.001540,-0.001570
arm_1_right_finger,573.743000,0.402559,-0.451518,0.171860,0.707105,-0.707105,0.001540,-0.001571
arm_1_right_finger,573.757000,0.402583,-0.451556,0.170877,0.707105,-0.707105,0.001540,-0.001570
arm_1_right_finger,573.771000,0.402606,-0.451592,0.169878,0.707105,-0.707105,0.001538,-0.001568
arm_1_right_finger,573.785000,0.402628,-0.451627,0.168862,0.707106,-0.707105,0.001540,-0.001570
arm_1_right_finger,573.800000,0.402651,-0.451664,0.167754,0.707106,-0.707105,0.001539,-0.001568
arm_1_right_finger,573.814000,0.402671,-0.451697,0.166704,0.707106,-0.707105,0.001538,-0.001567
arm_1_right_finger,573.828000,0.402690,-0.451728,0.165637,0.707106,-0.707105,0.001540,-0.001568
arm_1_right_finger,573.843000,0.402708,-0.451760,0.164475,0.707106,-0.707105,0.001539,-0.001567
arm_1_right_finger,573.858000,0.402726,-0.451790,0.163294,0.707106,-0.707105,0.001538,-0.001566
arm_1_right_finger,573.873000,0.402741,-0.451819,0.162095,0.707106,-0.707105,0.001538,-0.001566
arm_1_right_finger,573.888000,0.402756,-0.451845,0.160876,0.707106,-0.707104,0.001537,-0.001565
arm_1_right_finger,573.902000,0.402767,-0.451868,0.159722,0.707106,-0.707104,0.001538,-0.001564
arm_1_right_finger,573.916000,0.402777,-0.451889,0.158550,0.707106,-0.707104,0.001538,-0.001564
arm_1_right_finger,573.931000,0.402786,-0.451909,0.157275,0.707106,-0.707104,0.001536,-0.001562
arm_1_right_finger,573.945000,0.402792,-0.451925,0.156069,0.707106,-0.707104,0.001535,-0.001561
arm_1_right_finger,573.959000,0.402797,-0.451939,0.154847,0.707106,-0.707104,0.001533,-0.001559
arm_1_right_finger,573.974000,0.402800,-0.451952,0.153525,0.707106,-0.707104,0.001531,-0.001556
arm_1_right_finger,573.988000,0.402800,-0.451961,0.152285,0.707106,-0.707104,0.001528,-0.001552
arm_1_right_finger,574.003000,0.402799,-0.451968,0.150953,0.707106,-0.707104,0.001524,-0.001549
arm_1_right_finger,574.018000,0.402795,-0.451972,0.149623,0.707106,-0.707104,0.001521,-0.001544
arm_1_right_finger,574.033000,0.402788,-0.451973,0.148299,0.707106,-0.707104,0.001516,-0.001540
arm_1_right_finger,574.048000,0.402780,-0.451971,0.146984,0.707106,-0.707104,0.001512,-0.001535
arm_1_right_finger,574.063000,0.402769,-0.451967,0.145688,0.707106,-0.707104,0.001507,-0.001530
arm_1_right_finger,574.078000,0.402757,-0.451959,0.144395,0.707106,-0.707104,0.001503,-0.001525
arm_1_right_finger,574.092000,0.402743,-0.451950,0.143202,0.707106,-0.707104,0.001498,-0.001520
arm_1_right_finger,574.107000,0.402727,-0.451937,0.141939,0.707106,-0.707104,0.001493,-0.001515
arm_1_right_finger,574.121000,0.402710,-0.451924,0.140775,0.707106,-0.707104,0.001489,-0.001510
arm_1_right_finger,574.135000,0.402691,-0.451908,0.139626,0.707106,-0.707104,0.001484,-0.001505
arm_1_right_finger,574.149000,0.402671,-0.451890,0.138492,0.707106,-0.707104,0.001480,-0.001500
arm_1_right_finger,574.163000,0.402650,-0.451870,0.137374,0.707106,-0.707104,0.001475,-0.001496
arm_1_right_finger,574.178000,0.402626,-0.451847,0.136194,0.707106,-0.707104,0.001471,-0.001491
arm_1_right_finger,574.193000,0.402600,-0.451822,0.135033,0.707106,-0.707104,0.001466,-0.001486
arm_1_right_finger,574.207000,0.402575,-0.451797,0.133966,0.707106,-0.707104,0.001462,-0.001482
arm_1_right_finger,574.222000,0.402547,-0.451769,0.132841,0.707106,-0.707104,0.001458,-0.001477
arm_1_right_finger,574.237000,0.402518,-0.451739,0.131735,0.707106,-0.707104,0.001455,-0.001473
arm_1_right_finger,574.252000,0.402487,-0.451708,0.130648,0.707106,-0.707104,0.001451,-0.001469
arm_1_right_finger,574.267000,0.402456,-0.451675,0.129581,0.707107,-0.707104,0.001448,-0.001466
arm_1_right_finger,574.282000,0.402424,-0.451641,0.128533,0.707107,-0.707104,0.001444,-0.001462
arm_1_right_finger,574.296000,0.402393,-0.451608,0.127572,0.707107,-0.707104,0.001442,-0.001459
arm_1_right_finger,574.310000,0.402362,-0.451574,0.126629,0.707107,-0.707104,0.001439,-0.001456
arm_1_right_finger,574.324000,0.402330,-0.451539,0.125702,0.707107,-0.707104,0.001436,-0.001453
arm_1_right_finger,574.338000,0.402298,-0.451504,0.124791,0.707107,-0.707104,0.001434,-0.001450
arm_1_right_finger,574.353000,0.402262,-0.451465,0.123835,0.707107,-0.707104,0.001431,-0.001448
arm_1_right_finger,574.367000,0.402229,-0.451428,0.122960,0.707107,-0.707104,0.001429,-0.001446
arm_1_right_finger,574.381000,0.402196,-0.451391,0.122102,0.707107,-0.707104,0.001428,-0.001443
arm_1_right_finger,574.395000,0.402162,-0.451353,0.121260,0.707107,-0.707104,0.001426,-0.001441
arm_1_right_finger,574.410000,0.402125,-0.451312,0.120378,0.707107,-0.707104,0.001424,-0.001439
arm_1_right_finger,574.424000,0.402091,-0.451274,0.119571,0.707107,-0.707104,0.001422,-0.001438
arm_1_right_finger,574.438000,0.402056,-0.451235,0.118781,0.707107,-0.707104,0.001421,-0.001436
arm_1_right_finger,574.453000,0.402019,-0.451193,0.117953,0.707107,-0.707104,0.001419,-0.001434
arm_1_right_finger,574.468000,0.401982,-0.451151,0.117145,0.707107,-0.707104,0.001418,-0.001432
arm_1_right_finger,574.482000,0.401948,-0.451112,0.116408,0.707107,-0.707104,0.001417,-0.001431
arm_1_right_finger,574.496000,0.401913,-0.451072,0.115688,0.707107,-0.707104,0.001416,-0.001430
arm_1_right_finger,574.511000,0.401877,-0.451030,0.114935,0.707107,-0.707104,0.001415,-0.001428
arm_1_right_finger,574.526000,0.401840,-0.450989,0.114202,0.707107,-0.707104,0.001414,-0.001427
arm_1_right_finger,574.541000,0.401804,-0.450947,0.113487,0.707107,-0.707104,0.001413,-0.001426
arm_1_right_finger,574.556000,0.401768,-0.450906,0.112792,0.707107,-0.707104,0.001412,-0.001425
arm_1_right_finger,574.571000,0.401733,-0.450865,0.112116,0.707107,-0.707104,0.001411,-0.001424
arm_1_right_finger,574.585000,0.401700,-0.450827,0.111502,0.707107,-0.707104,0.001409,-0.001422
arm_1_right_finger,574.600000,0.401665,-0.450787,0.110863,0.707107,-0.707104,0.001406,-0.001419
arm_1_right_finger,574.614000,0.401633,-0.450750,0.110284,0.707107,-0.707104,0.001402,-0.001414
arm_1_right_finger,574.629000,0.401599,-0.450711,0.109682,0.707107,-0.707104,0.001399,-0.001411
arm_1_right_finger,574.644000,0.401566,-0.450672,0.109098,0.707107,-0.707104,0.001394,-0.001405
arm_1_right_finger,574.659000,0.401534,-0.450634,0.108534,0.707107,-0.707104,0.001390,-0.001402
arm_1_right_finger,574.674000,0.401502,-0.450597,0.107990,0.707107,-0.707104,0.001388,-0.001400
arm_1_right_finger,574.688000,0.401473,-0.450564,0.107498,0.707107,-0.707104,0.001386,-0.001398
arm_1_right_finger,574.703000,0.401443,-0.450528,0.106990,0.707107,-0.707104,0.001382,-0.001393
arm_1_right_finger,574.718000,0.401414,-0.450494,0.106502,0.707107,-0.707104,0.001379,-0.001390
arm_1_right_finger,574.733000,0.401385,-0.450461,0.106031,0.707107,-0.707104,0.001373,-0.001384
arm_1_right_finger,574.748000,0.401358,-0.450428,0.105580,0.707107,-0.707104,0.001373,-0.001384
arm_1_right_finger,574.763000,0.401330,-0.450397,0.105147,0.707107,-0.707104,0.001370,-0.001380
arm_1_right_finger,574.777000,0.401307,-0.450368,0.104761,0.707107,-0.707104,0.001369,-0.001380
arm_1_right_finger,574.792000,0.401281,-0.450339,0.104366,0.707107,-0.707104,0.001367,-0.001377
arm_1_right_finger,574.806000,0.401259,-0.450313,0.104015,0.707107,-0.707104,0.001366,-0.001377
arm_1_right_finger,574.821000,0.401236,-0.450286,0.103656,0.707107,-0.707104,0.001363,-0.001373
arm_1_right_finger,574.836000,0.401214,-0.450260,0.103316,0.707107,-0.707104,0.001359,-0.001369
arm_1_right_finger,574.849000,0.401196,-0.450238,0.103037,0.707107,-0.707104,0.001358,-0.001368
arm_1_right_finger,574.862000,0.401179,-0.450218,0.102771,0.707107,-0.707104,0.001355,-0.001365
arm_1_right_finger,574.876000,0.401161,-0.450197,0.102502,0.707107,-0.707104,0.001353,-0.001363
arm_1_right_finger,574.890000,0.401144,-0.450177,0.102249,0.707107,-0.707104,0.001350,-0.001360
arm_1_right_finger,574.904000,0.401129,-0.450159,0.102013,0.707107,-0.707104,0.001347,-0.001357
arm_1_right_finger,574.918000,0.401114,-0.450141,0.101793,0.707107,-0.707104,0.001347,-0.001357
arm_1_right_finger,574.932000,0.401100,-0.450125,0.101589,0.707107,-0.707104,0.001345,-0.001354
arm_1_right_finger,574.946000,0.401088,-0.450110,0.101401,0.707107,-0.707104,0.001341,-0.001351
arm_1_right_finger,574.960000,0.401076,-0.450097,0.101230,0.707107,-0.707104,0.001337,-0.001347
arm_1_right_finger,574.974000,0.401066,-0.450084,0.101076,0.707107,-0.707104,0.001335,-0.001344
arm_1_right_finger,574.988000,0.401056,-0.450073,0.100938,0.707107,-0.707104,0.001334,-0.001344
arm_1_right_finger,575.002000,0.401048,-0.450064,0.100816,0.707107,-0.707104,0.001333,-0.001343
arm_1_right_finger,575.016000,0.401041,-0.450055,0.100711,0.707107,-0.707104,0.001332,-0.001342
arm_1_right_finger,575.030000,0.401035,-0.450048,0.100623,0.707107,-0.707104,0.001331,-0.001340
arm_1_right_finger,575.044000,0.401030,-0.450042,0.100550,0.707107,-0.707104,0.001328,-0.001338
arm_1_right_finger,575.058000,0.401026,-0.450037,0.100492,0.707107,-0.707104,0.001326,-0.001336
arm_1_right_finger,575.072000,0.401022,-0.450034,0.100445,0.707107,-0.707104,0.001323,-0.001333
arm_1_right_finger,575.086000,0.401020,-0.450031,0.100408,0.707107,-0.707104,0.001322,-0.001331
arm_1_right_finger,575.101000,0.401014,-0.450028,0.100375,0.707107,-0.707104,0.001289,-0.001299
arm_1_right_finger,575.115000,0.400961,-0.450026,0.100336,0.707108,-0.707105,0.000664,-0.000674
arm_1_right_finger,575.130000,0.401038,-0.450024,0.100340,0.707109,-0.707105,0.000051,-0.000060
arm_1_right_finger,575.147000,0.401365,-0.450023,0.100423,0.707109,-0.707105,-0.000008,-0.000002
arm_1_right_finger,575.163000,0.401791,-0.450022,0.100545,0.707109,-0.707105,-0.000011,0.000002
arm_1_right_finger,575.179000,0.402299,-0.450021,0.100701,0.707109,-0.707105,-0.000012,0.000002
arm_1_right_finger,575.197000,0.402945,-0.450020,0.100911,0.707109,-0.707105,-0.000012,0.000002
arm_1_right_finger,575.214000,0.403609,-0.450020,0.101139,0.707109,-0.707105,-0.000012,0.000002
arm_1_right_finger,575.232000,0.404353,-0.450020,0.101408,0.707109,-0.707105,-0.000012,0.000002
arm_1_right_finger,575.248000,0.405041,-0.450019,0.101669,0.707109,-0.707105,-0.000012,0.000002
arm_1_right_finger,575.266000,0.405835,-0.450019,0.101984,0.707109,-0.707105,-0.000012,0.000002
arm_1_right_finger,575.283000,0.406598,-0.450019,0.102302,0.707109,-0.707105,-0.000012,0.000002
arm_1_right_finger,575.300000,0.407371,-0.450019,0.102637,0.707109,-0.707105,-0.000012,0.000002
arm_1_right_finger,575.317000,0.408148,-0.450019,0.102990,0.707109,-0.707105,-0.000012,0.000002
arm_1_right_finger,575.334000,0.408928,-0.450019,0.103358,0.707109,-0.707105,-0.000012,0.000002
arm_1_right_finger,575.352000,0.409753,-0.450018,0.103765,0.707109,-0.707105,-0.000012,0.000002
arm_1_right_finger,575.368000,0.410485,-0.450018,0.104140,0.707109,-0.707105,-0.000012,0.000002
arm_1_right_finger,575.384000,0.411214,-0.450018,0.104528,0.707109,-0.707105,-0.000012,0.000002
arm_1_right_finger,575.401000,0.411985,-0.450018,0.104954,0.707109,-0.707105,-0.000012,0.000002
arm_1_right_finger,575.418000,0.412751,-0.450018,0.105393,0.707109,-0.707105,-0.000012,0.000002
arm_1_right_finger,575.435000,0.413512,-0.450018,0.105846,0.707109,-0.707105,-0.000012,0.000002
arm_1_right_finger,575.452000,0.414266,-0.450018,0.106311,0.707109,-0.707105,-0.000012,0.000002
arm_1_right_finger,575.469000,0.415013,-0.450018,0.106790,0.707109,-0.707105,-0.000012,0.000002
arm_1_right_finger,575.485000,0.415710,-0.450018,0.107251,0.707109,-0.707105,-0.000012,0.000002
arm_1_right_finger,575.501000,0.416400,-0.450018,0.107723,0.707109,-0.707105,-0.000012,0.000002
arm_1_right_finger,575.518000,0.417125,-0.450018,0.108237,0.707109,-0.707105,-0.000012,0.000002
arm_1_right_finger,575.535000,0.417841,-0.450018,0.108760,0.707109,-0.707105,-0.000012,0.000002
arm_1_right_finger,575.552000,0.418462,-0.450018,0.109230,0.707109,-0.707105,-0.000012,0.000002
arm_1_right_finger,575.566000,0.418864,-0.450018,0.109541,0.707109,-0.707105,-0.000012,0.000002
arm_1_right_finger,575.582000,0.419225,-0.450018,0.109826,0.707109,-0.707105,-0.000012,0.000002
arm_1_right_finger,575.599000,0.419519,-0.450018,0.110061,0.707109,-0.707105,-0.000012,0.000002
arm_1_right_finger,575.616000,0.419742,-0.450018,0.110242,0.707109,-0.707105,-0.000012,0.000002
arm_1_right_finger,575.632000,0.419903,-0.450018,0.110373,0.707109,-0.707105,-0.000012,0.000002
arm_1_right_finger,575.649000,0.420034,-0.450018,0.110482,0.707109,-0.707105,-0.000012,0.000002
arm_1_right_finger,575.666000,0.420134,-0.450018,0.110565,0.707109,-0.707105,-0.000012,0.000002
arm_1_right_finger,575.683000,0.420211,-0.450018,0.110628,0.707109,-0.707105,-0.000012,0.000002
arm_1_right_finger,575.700000,0.420269,-0.450018,0.110677,0.707109,-0.707105,-0.000012,0.000002
arm_1_right_finger,575.716000,0.420311,-0.450018,0.110712,0.707109,-0.707105,-0.000012,0.000002
arm_1_right_finger,575.733000,0.420345,-0.450018,0.110742,0.707109,-0.707105,-0.000012,0.000002
arm_1_right_finger,575.750000,0.420372,-0.450019,0.110769,0.707109,-0.707105,-0.000012,0.000002
arm_1_right_finger,575.767000,0.420394,-0.450021,0.110801,0.707109,-0.707105,-0.000012,0.000002
arm_1_right_finger,575.784000,0.420411,-0.450023,0.110841,0.707109,-0.707105,-0.000012,0.000002
arm_1_right_finger,575.801000,0.420426,-0.450028,0.110893,0.707109,-0.707105,-0.000012,0.000002
arm_1_right_finger,575.818000,0.420440,-0.450034,0.110960,0.707109,-0.707105,-0.000012,0.000002
arm_1_right_finger,575.835000,0.420453,-0.450042,0.111043,0.707109,-0.707105,-0.000012,0.000002
arm_1_right_finger,575.853000,0.420467,-0.450052,0.111153,0.707109,-0.707105,-0.000012,0.000002
arm_1_right_finger,575.870000,0.420480,-0.450065,0.111276,0.707109,-0.707105,-0.000012,0.000002
arm_1_right_finger,575.887000,0.420494,-0.450079,0.111420,0.707109,-0.707105,-0.000012,0.000002
arm_1_right_finger,575.904000,0.420510,-0.450096,0.111586,0.707109,-0.707105,-0.000012,0.000002
arm_1_right_finger,575.921000,0.420526,-0.450115,0.111774,0.707109,-0.707105,-0.000012,0.000002
arm_1_right_finger,575.938000,0.420544,-0.450136,0.111984,0.707109,-0.707105,-0.000012,0.000002
arm_1_right_finger,575.955000,0.420563,-0.450159,0.112217,0.707109,-0.707105,-0.000012,0.000002
arm_1_right_finger,575.972000,0.420584,-0.450185,0.112473,0.707109,-0.707105,-0.000012,0.000002
arm_1_right_finger,575.989000,0.420606,-0.450212,0.112752,0.707109,-0.707105,-0.000012,0.000002
arm_1_right_finger,576.004000,0.420627,-0.450239,0.113018,0.707108,-0.707105,-0.000012,0.000002
arm_1_right_finger,576.022000,0.420653,-0.450273,0.113361,0.707108,-0.707105,-0.000013,0.000002
arm_1_right_finger,576.039000,0.420679,-0.450307,0.113709,0.707108,-0.707105,-0.000013,0.000002
arm_1_right_finger,576.057000,0.420709,-0.450345,0.114103,0.707108,-0.707105,-0.000013,0.000002
arm_1_right_finger,576.074000,0.420739,-0.450384,0.114500,0.707108,-0.707105,-0.000013,0.000002
arm_1_right_finger,576.092000,0.420773,-0.450426,0.114947,0.707108,-0.707105,-0.000013,0.000002
arm_1_right_finger,576.109000,0.420805,-0.450469,0.115392,0.707108,-0.707105,-0.000013,0.000002
arm_1_right_finger,576.126000,0.420839,-0.450513,0.115862,0.707108,-0.707105,-0.000014,0.000002
arm_1_right_finger,576.143000,0.420876,-0.450559,0.116356,0.707108,-0.707105,-0.000014,0.000002
arm_1_right_finger,576.160000,0.420914,-0.450607,0.116875,0.707108,-0.707105,-0.000014,0.000002
arm_1_right_finger,576.178000,0.420953,-0.450660,0.117448,0.707108,-0.707105,-0.000014,0.000002
arm_1_right_finger,576.196000,0.420996,-0.450715,0.118049,0.707108,-0.707105,-0.000014,0.000002
arm_1_right_finger,576.214000,0.421040,-0.450771,0.118678,0.707108,-0.707105,-0.000015,0.000002
arm_1_right_finger,576.232000,0.421085,-0.450829,0.119332,0.707108,-0.707105,-0.000015,0.000002
arm_1_right_finger,576.249000,0.421128,-0.450885,0.119976,0.707108,-0.707105,-0.000015,0.000002
arm_1_right_finger,576.267000,0.421176,-0.450946,0.120684,0.707108,-0.707105,-0.000015,0.000002
arm_1_right_finger,576.285000,0.421225,-0.451008,0.121419,0.707108,-0.707105,-0.000016,0.000002
arm_1_right_finger,576.302000,0.421271,-0.451068,0.122136,0.707108,-0.707106,-0.000016,0.000002
arm_1_right_finger,576.319000,0.421319,-0.451129,0.122880,0.707108,-0.707106,-0.000016,0.000002
arm_1_right_finger,576.337000,0.421371,-0.451195,0.123693,0.707108,-0.707106,-0.000017,0.000002
arm_1_right_finger,576.354000,0.421419,-0.451258,0.124485,0.707108,-0.707106,-0.000017,0.000002
arm_1_right_finger,576.371000,0.421469,-0.451322,0.125303,0.707108,-0.707106,-0.000017,0.000002
arm_1_right_finger,576.389000,0.421523,-0.451391,0.126195,0.707108,-0.707106,-0.000018,0.000002
arm_1_right_finger,576.407000,0.421575,-0.451460,0.127113,0.707108,-0.707106,-0.000018,0.000001
arm_1_right_finger,576.424000,0.421627,-0.451525,0.128007,0.707108,-0.707106,-0.000018,0.000001
arm_1_right_finger,576.442000,0.421682,-0.451595,0.128979,0.707108,-0.707106,-0.000019,0.000001
arm_1_right_finger,576.459000,0.421732,-0.451662,0.129922,0.707108,-0.707106,-0.000019,0.000001
arm_1_right_finger,576.477000,0.421788,-0.451732,0.130948,0.707108,-0.707106,-0.000019,0.000001
arm_1_right_finger,576.494000,0.421839,-0.451798,0.131941,0.707108,-0.707106,-0.000020,0.000001
arm_1_right_finger,576.512000,0.421893,-0.451868,0.133020,0.707107,-0.707106,-0.000020,0.000001
arm_1_right_finger,576.530000,0.421949,-0.451938,0.134128,0.707107,-0.707106,-0.000021,0.000001
arm_1_right_finger,576.548000,0.422001,-0.452008,0.135260,0.707107,-0.707106,-0.000021,0.000001
arm_1_right_finger,576.566000,0.422056,-0.452077,0.136423,0.707107,-0.707106,-0.000022,0.000001
arm_1_right_finger,576.584000,0.422108,-0.452145,0.137612,0.707107,-0.707106,-0.000022,0.000001
arm_1_right_finger,576.601000,0.422157,-0.452208,0.138761,0.707107,-0.707106,-0.000022,0.000001
arm_1_right_finger,576.618000,0.422207,-0.452271,0.139935,0.707107,-0.707106,-0.000023,0.000001
arm_1_right_finger,576.635000,0.422254,-0.452332,0.141133,0.707107,-0.707106,-0.000023,0.000001
arm_1_right_finger,576.652000,0.422301,-0.452392,0.142356,0.707107,-0.707107,-0.000024,0.000001
arm_1_right_finger,576.669000,0.422346,-0.452451,0.143604,0.707107,-0.707107,-0.000024,0.000001
arm_1_right_finger,576.686000,0.422391,-0.452508,0.144877,0.707107,-0.707107,-0.000025,0.000001
arm_1_right_finger,576.703000,0.422435,-0.452563,0.146175,0.707107,-0.707107,-0.000025,0.000001
arm_1_right_finger,576.719000,0.422473,-0.452614,0.147419,0.707107,-0.707107,-0.000026,0.000000
arm_1_right_finger,576.736000,0.422513,-0.452665,0.148766,0.707107,-0.707107,-0.000026,0.000000
arm_1_right_finger,576.753000,0.422551,-0.452714,0.150137,0.707107,-0.707107,-0.000027,0.000000
arm_1_right_finger,576.771000,0.422590,-0.452764,0.151617,0.707107,-0.707107,-0.000027,0.000000
arm_1_right_finger,576.789000,0.422626,-0.452811,0.153124,0.707106,-0.707107,-0.000028,0.000000
arm_1_right_finger,576.806000,0.422659,-0.452852,0.154573,0.707106,-0.707107,-0.000029,0.000000
arm_1_right_finger,576.823000,0.422688,-0.452890,0.156048,0.707106,-0.707107,-0.000029,0.000000
arm_1_right_finger,576.840000,0.422716,-0.452926,0.157548,0.707106,-0.707107,-0.000030,-0.000000
arm_1_right_finger,576.858000,0.422742,-0.452959,0.159162,0.707106,-0.707107,-0.000030,-0.000000
arm_1_right_finger,576.875000,0.422764,-0.452988,0.160711,0.707106,-0.707107,-0.000031,-0.000000
arm_1_right_finger,576.892000,0.422783,-0.453012,0.162287,0.707106,-0.707108,-0.000032,-0.000000
arm_1_right_finger,576.909000,0.422799,-0.453033,0.163890,0.707106,-0.707108,-0.000032,-0.000000
arm_1_right_finger,576.924000,0.422811,-0.453047,0.165325,0.707106,-0.707108,-0.000033,-0.000000
arm_1_right_finger,576.940000,0.422820,-0.453060,0.166870,0.707106,-0.707108,-0.000033,-0.000000
arm_1_right_finger,576.956000,0.422827,-0.453068,0.168424,0.707106,-0.707108,-0.000034,-0.000001
arm_1_right_finger,576.973000,0.422829,-0.453072,0.170075,0.707106,-0.707108,-0.000035,-0.000001
arm_1_right_finger,576.990000,0.422830,-0.453071,0.171723,0.707106,-0.707108,-0.000035,-0.000001
arm_1_right_finger,577.006000,0.422826,-0.453067,0.173264,0.707105,-0.707108,-0.000036,-0.000001
arm_1_right_finger,577.021000,0.422820,-0.453059,0.174700,0.707105,-0.707108,-0.000036,-0.000001
arm_1_right_finger,577.032000,0.422814,-0.453051,0.175746,0.707105,-0.707108,-0.000037,-0.000001
arm_1_right_finger,577.049000,0.422802,-0.453035,0.177347,0.707105,-0.707108,-0.000037,-0.000001
arm_1_right_finger,577.066000,0.422787,-0.453016,0.178933,0.707105,-0.707108,-0.000038,-0.000001
arm_1_right_finger,577.083000,0.422768,-0.452992,0.180496,0.707105,-0.707108,-0.000039,-0.000001
arm_1_right_finger,577.101000,0.422746,-0.452963,0.182133,0.707105,-0.707109,-0.000039,-0.000001
arm_1_right_finger,577.118000,0.422721,-0.452932,0.183653,0.707105,-0.707109,-0.000040,-0.000001
arm_1_right_finger,577.136000,0.422694,-0.452895,0.185242,0.707105,-0.707109,-0.000040,-0.000001
arm_1_right_finger,577.154000,0.422662,-0.452855,0.186802,0.707105,-0.707109,-0.000041,-0.000001
arm_1_right_finger,577.171000,0.422631,-0.452815,0.188255,0.707105,-0.707109,-0.000041,-0.000001
arm_1_right_finger,577.188000,0.422598,-0.452771,0.189684,0.707105,-0.707109,-0.000042,-0.000002
arm_1_right_finger,577.205000,0.422561,-0.452725,0.191088,0.707105,-0.707109,-0.000043,-0.000002
arm_1_right_finger,577.220000,0.422528,-0.452682,0.192309,0.707105,-0.707109,-0.000043,-0.000002
arm_1_right_finger,577.236000,0.422491,-0.452634,0.193589,0.707104,-0.707109,-0.000044,-0.000002
arm_1_right_finger,577.248000,0.422462,-0.452597,0.194537,0.707104,-0.707109,-0.000044,-0.000002
arm_1_right_finger,577.264000,0.422423,-0.452546,0.195781,0.707104,-0.707109,-0.000044,-0.000002
arm_1_right_finger,577.281000,0.422379,-0.452490,0.197079,0.707104,-0.707109,-0.000045,-0.000002
arm_1_right_finger,577.298000,0.422334,-0.452433,0.198354,0.707104,-0.707109,-0.000045,-0.000002
arm_1_right_finger,577.315000,0.422289,-0.452374,0.199604,0.707104,-0.707109,-0.000046,-0.000002
arm_1_right_finger,577.333000,0.422238,-0.452309,0.200901,0.707104,-0.707109,-0.000046,-0.000002
arm_1_right_finger,577.351000,0.422188,-0.452244,0.202171,0.707104,-0.707110,-0.000047,-0.000002
arm_1_right_finger,577.366000,0.422146,-0.452188,0.203209,0.707104,-0.707110,-0.000047,-0.000002
arm_1_right_finger,577.383000,0.422096,-0.452126,0.204344,0.707104,-0.707110,-0.000048,-0.000002
arm_1_right_finger,577.400000,0.422046,-0.452061,0.205477,0.707104,-0.707110,-0.000048,-0.000002
arm_1_right_finger,577.417000,0.421995,-0.451995,0.206585,0.707104,-0.707110,-0.000048,-0.000002
arm_1_right_finger,577.435000,0.421941,-0.451926,0.207729,0.707104,-0.707110,-0.000049,-0.000002
arm_1_right_finger,577.452000,0.421890,-0.451859,0.208785,0.707104,-0.707110,-0.000049,-0.000002
arm_1_right_finger,577.469000,0.421837,-0.451793,0.209815,0.707104,-0.707110,-0.000050,-0.000003
arm_1_right_finger,577.487000,0.421783,-0.451722,0.210880,0.707104,-0.707110,-0.000050,-0.000003
arm_1_right_finger,577.504000,0.421732,-0.451656,0.211860,0.707104,-0.707110,-0.000050,-0.000003
arm_1_right_finger,577.522000,0.421676,-0.451585,0.212870,0.707104,-0.707110,-0.000051,-0.000003
arm_1_right_finger,577.540000,0.421622,-0.451515,0.213853,0.707103,-0.707110,-0.000051,-0.000003
arm_1_right_finger,577.558000,0.421568,-0.451445,0.214808,0.707103,-0.707110,-0.000052,-0.000003
arm_1_right_finger,577.576000,0.421514,-0.451376,0.215736,0.707103,-0.707110,-0.000052,-0.000003
arm_1_right_finger,577.594000,0.421461,-0.451308,0.216635,0.707103,-0.707110,-0.000052,-0.000003
arm_1_right_finger,577.612000,0.421409,-0.451240,0.217509,0.707103,-0.707110,-0.000053,-0.000003
arm_1_right_finger,577.630000,0.421357,-0.451173,0.218353,0.707103,-0.707110,-0.000053,-0.000003
arm_1_right_finger,577.648000,0.421305,-0.451108,0.219169,0.707103,-0.707110,-0.000053,-0.000003
arm_1_right_finger,577.663000,0.421264,-0.451054,0.219829,0.707103,-0.707110,-0.000054,-0.000003
arm_1_right_finger,577.681000,0.421215,-0.450990,0.220596,0.707103,-0.707110,-0.000054,-0.000003
arm_1_right_finger,577.699000,0.421167,-0.450928,0.221335,0.707103,-0.707110,-0.000054,-0.000003
arm_1_right_finger,577.717000,0.421119,-0.450868,0.222047,0.707103,-0.707111,-0.000054,-0.000003
arm_1_right_finger,577.734000,0.421076,-0.450812,0.222693,0.707103,-0.707111,-0.000055,-0.000003
arm_1_right_finger,577.751000,0.421034,-0.450757,0.223315,0.707103,-0.707111,-0.000055,-0.000003
arm_1_right_finger,577.769000,0.420990,-0.450702,0.223945,0.707103,-0.707111,-0.000055,-0.000003
arm_1_right_finger,577.787000,0.420948,-0.450647,0.224550,0.707103,-0.707111,-0.000055,-0.000003
arm_1_right_finger,577.805000,0.420908,-0.450595,0.225126,0.707103,-0.707111,-0.000056,-0.000003
arm_1_right_finger,577.823000,0.420869,-0.450545,0.225675,0.707103,-0.707111,-0.000056,-0.000003
arm_1_right_finger,577.841000,0.420832,-0.450497,0.226196,0.707103,-0.707111,-0.000056,-0.000003
arm_1_right_finger,577.859000,0.420795,-0.450451,0.226688,0.707103,-0.707111,-0.000056,-0.000003
arm_1_right_finger,577.877000,0.420762,-0.450407,0.227154,0.707103,-0.707111,-0.000056,-0.000003
arm_1_right_finger,577.894000,0.420731,-0.450368,0.227569,0.707103,-0.707111,-0.000056,-0.000003
arm_1_right_finger,577.910000,0.420705,-0.450333,0.227937,0.707103,-0.707111,-0.000057,-0.000003
arm_1_right_finger,577.927000,0.420677,-0.450298,0.228304,0.707103,-0.707111,-0.000029,-0.000031
arm_1_right_finger,577.944000,0.420650,-0.450265,0.228644,0.707103,-0.707111,-0.000055,-0.000005
arm_1_right_finger,577.962000,0.420625,-0.450232,0.228979,0.707103,-0.707111,-0.000057,-0.000004
arm_1_right_finger,577.979000,0.420604,-0.450204,0.229270,0.707103,-0.707111,-0.000057,-0.000003
arm_1_right_finger,577.997000,0.420583,-0.450176,0.229553,0.707103,-0.707111,-0.000057,-0.000003
arm_1_right_finger,578.015000,0.420563,-0.450151,0.229806,0.707103,-0.707111,-0.000052,-0.000009
arm_1_right_finger,578.032000,0.420546,-0.450130,0.230020,0.707103,-0.707111,-0.000051,-0.000010
arm_1_right_finger,578.049000,0.420531,-0.450111,0.230208,0.707103,-0.707111,-0.000057,-0.000004
arm_1_right_finger,578.067000,0.420518,-0.450094,0.230382,0.707103,-0.707111,-0.000057,-0.000004
arm_1_right_finger,578.084000,0.420508,-0.450080,0.230521,0.707103,-0.707111,-0.000058,-0.000003
arm_1_right_finger,578.101000,0.420499,-0.450068,0.230635,0.707103,-0.707111,-0.000043,-0.000018
arm_1_right_finger,578.118000,0.420492,-0.450059,0.230725,0.707103,-0.707111,-0.000040,-0.000021
arm_1_right_finger,578.135000,0.420487,-0.450052,0.230794,0.707103,-0.707111,-0.000044,-0.000017
arm_1_right_finger,578.151000,0.420483,-0.450047,0.230843,0.707103,-0.707111,-0.000049,-0.000012
arm_1_right_finger,578.167000,0.420479,-0.450044,0.230880,0.707103,-0.707111,-0.000053,-0.000008
arm_1_right_finger,578.185000,0.420481,-0.450044,0.230875,0.707103,-0.707111,-0.000056,-0.000004
arm_1_right_finger,578.203000,0.420489,-0.450042,0.230863,0.707104,-0.707110,-0.000046,-0.000002
arm_1_right_finger,578.220000,0.420509,-0.450035,0.230863,0.707106,-0.707108,-0.000000,-0.000019
arm_1_right_finger,578.237000,0.420542,-0.450021,0.230878,0.707110,-0.707104,0.000046,-0.000014
arm_1_right_finger,578.254000,0.420590,-0.449998,0.230907,0.707116,-0.707098,0.000093,0.000016
arm_1_right_finger,578.271000,0.420657,-0.449967,0.230953,0.707124,-0.707089,0.000211,0.000006
arm_1_right_finger,578.288000,0.420744,-0.449926,0.231015,0.707135,-0.707079,0.000308,0.000049
arm_1_right_finger,578.306000,0.420861,-0.449871,0.231103,0.707149,-0.707064,0.000502,0.000040
arm_1_right_finger,578.324000,0.421002,-0.449804,0.231210,0.707167,-0.707047,0.000684,0.000085
arm_1_right_finger,578.342000,0.421168,-0.449724,0.231337,0.707187,-0.707026,0.000943,0.000094
arm_1_right_finger,578.360000,0.421360,-0.449632,0.231484,0.707211,-0.707002,0.001193,0.000152
arm_1_right_finger,578.377000,0.421566,-0.449532,0.231644,0.707237,-0.706975,0.001515,0.000163
arm_1_right_finger,578.395000,0.421814,-0.449413,0.231836,0.707267,-0.706944,0.001843,0.000230
arm_1_right_finger,578.412000,0.422072,-0.449289,0.232036,0.707298,-0.706912,0.002218,0.000270
arm_1_right_finger,578.430000,0.422367,-0.449144,0.232266,0.707335,-0.706873,0.002698,0.000271
arm_1_right_finger,578.448000,0.422698,-0.448984,0.232525,0.707375,-0.706832,0.003115,0.000379
arm_1_right_finger,578.466000,0.423052,-0.448812,0.232801,0.707418,-0.706786,0.003655,0.000408
arm_1_right_finger,578.483000,0.423416,-0.448635,0.233086,0.707462,-0.706740,0.004146,0.000497
arm_1_right_finger,578.500000,0.423801,-0.448446,0.233388,0.707508,-0.706690,0.004694,0.000567
arm_1_right_finger,578.518000,0.424237,-0.448231,0.233731,0.707560,-0.706633,0.005324,0.000635
arm_1_right_finger,578.536000,0.424701,-0.448003,0.234095,0.707615,-0.706572,0.006025,0.000675
arm_1_right_finger,578.553000,0.425163,-0.447773,0.234459,0.707670,-0.706511,0.006642,0.000800
arm_1_right_finger,578.570000,0.425652,-0.447530,0.234845,0.707728,-0.706446,0.007362,0.000859
arm_1_right_finger,578.588000,0.426197,-0.447258,0.235277,0.707792,-0.706373,0.008167,0.000923
arm_1_right_finger,578.605000,0.426735,-0.446988,0.235703,0.707854,-0.706301,0.008923,0.001028
arm_1_right_finger,578.622000,0.427299,-0.446704,0.236150,0.707920,-0.706225,0.009767,0.001084
arm_1_right_finger,578.640000,0.427920,-0.446388,0.236644,0.707991,-0.706139,0.010691,0.001153
arm_1_right_finger,578.657000,0.428538,-0.446075,0.237137,0.708061,-0.706055,0.011538,0.001285
arm_1_right_finger,578.674000,0.429171,-0.445748,0.237643,0.708134,-0.705966,0.012525,0.001315
arm_1_right_finger,578.692000,0.429878,-0.445387,0.238209,0.708213,-0.705868,0.013518,0.001439
arm_1_right_finger,578.709000,0.430569,-0.445030,0.238764,0.708289,-0.705771,0.014508,0.001543
arm_1_right_finger,578.726000,0.431281,-0.444659,0.239337,0.708368,-0.705671,0.015524,0.001658
arm_1_right_finger,578.743000,0.432015,-0.444273,0.239929,0.708449,-0.705564,0.016654,0.001697
arm_1_right_finger,578.760000,0.432779,-0.443872,0.240548,0.708531,-0.705454,0.017742,0.001815
arm_1_right_finger,578.777000,0.433564,-0.443456,0.241186,0.708616,-0.705340,0.018861,0.001939
arm_1_right_finger,578.795000,0.434421,-0.442999,0.241883,0.708707,-0.705213,0.020152,0.002002
arm_1_right_finger,578.813000,0.435303,-0.442524,0.242603,0.708799,-0.705080,0.021470,0.002081
arm_1_right_finger,578.830000,0.436165,-0.442059,0.243310,0.708888,-0.704952,0.022678,0.002226
arm_1_right_finger,578.847000,0.437049,-0.441578,0.244036,0.708979,-0.704817,0.024004,0.002292
arm_1_right_finger,578.862000,0.437846,-0.441140,0.244693,0.709060,-0.704695,0.025159,0.002393
arm_1_right_finger,578.879000,0.438772,-0.440629,0.245459,0.709153,-0.704550,0.026560,0.002446
arm_1_right_finger,578.892000,0.439497,-0.440226,0.246060,0.709224,-0.704438,0.027598,0.002546
arm_1_right_finger,578.907000,0.440347,-0.439750,0.246767,0.709308,-0.704301,0.028906,0.002573
arm_1_right_finger,578.924000,0.441337,-0.439193,0.247594,0.709403,-0.704145,0.030328,0.002699
arm_1_right_finger,578.942000,0.442402,-0.438585,0.248486,0.709505,-0.703969,0.031982,0.002718
arm_1_right_finger,578.959000,0.443442,-0.437992,0.249361,0.709601,-0.703801,0.033494,0.002822
arm_1_right_finger,578.977000,0.444558,-0.437345,0.250304,0.709704,-0.703615,0.035181,0.002880
arm_1_right_finger,578.994000,0.445642,-0.436715,0.251223,0.709802,-0.703436,0.036753,0.002991
arm_1_right_finger,579.011000,0.446740,-0.436067,0.252158,0.709900,-0.703245,0.038461,0.002995
arm_1_right_finger,579.027000,0.447799,-0.435440,0.253065,0.709992,-0.703064,0.040037,0.003061
arm_1_right_finger,579.043000,0.448878,-0.434795,0.253991,0.710084,-0.702877,0.041652,0.003115
arm_1_right_finger,579.061000,0.450112,-0.434050,0.255056,0.710187,-0.702661,0.043493,0.003184
arm_1_right_finger,579.077000,0.451228,-0.433369,0.256023,0.710279,-0.702462,0.045168,0.003237
arm_1_right_finger,579.093000,0.452363,-0.432671,0.257011,0.710371,-0.702253,0.046946,0.003211
arm_1_right_finger,579.110000,0.453587,-0.431909,0.258082,0.710467,-0.702027,0.048827,0.003219
arm_1_right_finger,579.126000,0.454766,-0.431173,0.259118,0.710557,-0.701813,0.050567,0.003285
arm_1_right_finger,579.144000,0.456108,-0.430323,0.260304,0.710657,-0.701560,0.052620,0.003292
arm_1_right_finger,579.162000,0.457473,-0.429450,0.261516,0.710756,-0.701299,0.054717,0.003288
arm_1_right_finger,579.179000,0.458783,-0.428603,0.262685,0.710849,-0.701045,0.056731,0.003276
arm_1_right_finger,579.197000,0.460191,-0.427682,0.263950,0.710945,-0.700769,0.058904,0.003254
arm_1_right_finger,579.214000,0.461541,-0.426789,0.265169,0.711035,-0.700499,0.060998,0.003217
arm_1_right_finger,579.231000,0.462911,-0.425874,0.266412,0.711122,-0.700222,0.063122,0.003175
arm_1_right_finger,579.249000,0.464383,-0.424880,0.267756,0.711213,-0.699915,0.065461,0.003067
arm_1_right_finger,579.267000,0.465875,-0.423860,0.269128,0.711302,-0.699604,0.067784,0.003002
arm_1_right_finger,579.283000,0.467218,-0.422931,0.270370,0.711378,-0.699318,0.069901,0.002915
arm_1_right_finger,579.298000,0.468491,-0.422041,0.271554,0.711448,-0.699043,0.071915,0.002821
arm_1_right_finger,579.315000,0.469953,-0.421009,0.272921,0.711525,-0.698725,0.074220,0.002714
arm_1_right_finger,579.333000,0.471519,-0.419889,0.274395,0.711603,-0.698380,0.076686,0.002598
arm_1_right_finger,579.350000,0.473013,-0.418806,0.275811,0.711673,-0.698045,0.079042,0.002484
arm_1_right_finger,579.368000,0.474615,-0.417632,0.277341,0.711745,-0.697676,0.081623,0.002298
arm_1_right_finger,579.382000,0.475876,-0.416698,0.278552,0.711797,-0.697385,0.083632,0.002166
arm_1_right_finger,579.396000,0.477147,-0.415746,0.279779,0.711848,-0.697083,0.085693,0.001995
arm_1_right_finger,579.413000,0.478698,-0.414567,0.281287,0.711906,-0.696705,0.088253,0.001745
arm_1_right_finger,579.431000,0.480368,-0.413289,0.282922,0.711963,-0.696303,0.090932,0.001533
arm_1_right_finger,579.448000,0.481955,-0.412053,0.284489,0.712012,-0.695915,0.093488,0.001324
arm_1_right_finger,579.465000,0.483558,-0.410790,0.286083,0.712057,-0.695515,0.096088,0.001086
arm_1_right_finger,579.483000,0.485271,-0.409421,0.287799,0.712100,-0.695068,0.098961,0.000728
arm_1_right_finger,579.501000,0.486999,-0.408021,0.289545,0.712137,-0.694623,0.101780,0.000443
arm_1_right_finger,579.518000,0.488645,-0.406668,0.291223,0.712167,-0.694182,0.104546,0.000081
arm_1_right_finger,579.536000,0.490401,-0.405204,0.293027,0.712193,-0.693714,0.107433,-0.000245
arm_1_right_finger,579.554000,0.492172,-0.403707,0.294862,0.712213,-0.693230,0.110383,-0.000623
arm_1_right_finger,579.571000,0.493854,-0.402261,0.296622,0.712225,-0.692750,0.113274,-0.001076
arm_1_right_finger,579.589000,0.495653,-0.400696,0.298520,0.712232,-0.692244,0.116282,-0.001489
arm_1_right_finger,579.607000,0.497458,-0.399098,0.300442,0.712232,-0.691715,0.119381,-0.001986
arm_1_right_finger,579.624000,0.499175,-0.397555,0.302288,0.712225,-0.691202,0.122347,-0.002486
arm_1_right_finger,579.642000,0.501008,-0.395887,0.304277,0.712211,-0.690657,0.125457,-0.002979
arm_1_right_finger,579.660000,0.502848,-0.394182,0.306295,0.712188,-0.690090,0.128653,-0.003552
arm_1_right_finger,579.678000,0.504697,-0.392440,0.308344,0.712157,-0.689509,0.131877,-0.004148
arm_1_right_finger,579.695000,0.506452,-0.390761,0.310308,0.712121,-0.688947,0.134957,-0.004742
arm_1_right_finger,579.712000,0.508211,-0.389048,0.312296,0.712076,-0.688371,0.138073,-0.005371
arm_1_right_finger,579.729000,0.509986,-0.387298,0.314323,0.712023,-0.687787,0.141196,-0.006003
arm_1_right_finger,579.746000,0.511761,-0.385517,0.316373,0.711962,-0.687177,0.144404,-0.006725
arm_1_right_finger,579.763000,0.513541,-0.383702,0.318450,0.711893,-0.686572,0.147559,-0.007396
arm_1_right_finger,579.779000,0.515211,-0.381969,0.320420,0.711819,-0.685980,0.150597,-0.008108
arm_1_right_finger,579.796000,0.516981,-0.380103,0.322530,0.711732,-0.685327,0.153895,-0.008953
arm_1_right_finger,579.812000,0.518647,-0.378323,0.324539,0.711643,-0.684722,0.156929,-0.009691
arm_1_right_finger,579.829000,0.520402,-0.376412,0.326680,0.711540,-0.684069,0.160156,-0.010502
arm_1_right_finger,579.845000,0.522041,-0.374595,0.328701,0.711435,-0.683435,0.163244,-0.011341
arm_1_right_finger,579.862000,0.523776,-0.372645,0.330865,0.711315,-0.682770,0.166457,-0.012188
arm_1_right_finger,579.879000,0.525495,-0.370678,0.333036,0.711187,-0.682088,0.169698,-0.013093
arm_1_right_finger,579.890000,0.526599,-0.369396,0.334443,0.711099,-0.681643,0.171795,-0.013693
arm_1_right_finger,579.901000,0.527697,-0.368106,0.335855,0.711008,-0.681200,0.173866,-0.014280
arm_1_right_finger,579.918000,0.529381,-0.366100,0.338042,0.710860,-0.680500,0.177104,-0.015250
arm_1_right_finger,579.935000,0.531047,-0.364079,0.340233,0.710702,-0.679782,0.180372,-0.016283
arm_1_right_finger,579.951000,0.532601,-0.362162,0.342301,0.710546,-0.679101,0.183433,-0.017271
arm_1_right_finger,579.967000,0.534139,-0.360231,0.344374,0.710383,-0.678423,0.186453,-0.018243
arm_1_right_finger,579.982000,0.535572,-0.358408,0.346329,0.710222,-0.677768,0.189327,-0.019226
arm_1_right_finger,579.995000,0.536800,-0.356819,0.348023,0.710081,-0.677224,0.191712,-0.019988
arm_1_right_finger,580.011000,0.538293,-0.354853,0.350105,0.709895,-0.676513,0.194770,-0.021081
arm_1_right_finger,580.027000,0.539779,-0.352872,0.352204,0.709702,-0.675797,0.197809,-0.022185
arm_1_right_finger,580.043000,0.541243,-0.350880,0.354299,0.709504,-0.675094,0.200776,-0.023242
arm_1_right_finger,580.059000,0.542691,-0.348876,0.356399,0.709297,-0.674370,0.203787,-0.024377
arm_1_right_finger,580.075000,0.544125,-0.346858,0.358507,0.709082,-0.673643,0.206777,-0.025519
arm_1_right_finger,580.092000,0.545628,-0.344703,0.360745,0.708845,-0.672853,0.209976,-0.026790
arm_1_right_finger,580.109000,0.547112,-0.342533,0.362989,0.708602,-0.672084,0.213080,-0.027995
arm_1_right_finger,580.125000,0.548494,-0.340478,0.365108,0.708363,-0.671330,0.216067,-0.029230
arm_1_right_finger,580.140000,0.549773,-0.338542,0.367097,0.708132,-0.670623,0.218837,-0.030385
arm_1_right_finger,580.157000,0.551204,-0.336335,0.369353,0.707865,-0.669831,0.221923,-0.031669
arm_1_right_finger,580.174000,0.552614,-0.334116,0.371609,0.707585,-0.668999,0.225097,-0.033083
arm_1_right_finger,580.190000,0.553925,-0.332014,0.373743,0.707316,-0.668228,0.228021,-0.034377
arm_1_right_finger,580.206000,0.555220,-0.329902,0.375879,0.707038,-0.667445,0.230950,-0.035710
arm_1_right_finger,580.223000,0.556573,-0.327646,0.378148,0.706734,-0.666600,0.234072,-0.037170
arm_1_right_finger,580.239000,0.557829,-0.325512,0.380286,0.706445,-0.665830,0.236907,-0.038468
arm_1_right_finger,580.256000,0.559147,-0.323231,0.382569,0.706124,-0.664968,0.240016,-0.039984
arm_1_right_finger,580.273000,0.560442,-0.320939,0.384850,0.705799,-0.664128,0.243032,-0.041438
arm_1_right_finger,580.289000,0.561639,-0.318774,0.386994,0.705479,-0.663298,0.245952,-0.042926
arm_1_right_finger,580.306000,0.562898,-0.316457,0.389287,0.705135,-0.662430,0.248985,-0.044467
arm_1_right_finger,580.322000,0.564060,-0.314269,0.391442,0.704802,-0.661602,0.251843,-0.045956
arm_1_right_finger,580.339000,0.565275,-0.311932,0.393735,0.704439,-0.660705,0.254894,-0.047587
arm_1_right_finger,580.356000,0.566471,-0.309583,0.396034,0.704069,-0.659818,0.257888,-0.049195
arm_1_right_finger,580.373000,0.567641,-0.307227,0.398325,0.703692,-0.658927,0.260864,-0.050819
arm_1_right_finger,580.391000,0.568860,-0.304717,0.400763,0.703282,-0.657967,0.264025,-0.052591
arm_1_right_finger,580.408000,0.569990,-0.302336,0.403070,0.702885,-0.657053,0.266997,-0.054287
arm_1_right_finger,580.425000,0.571099,-0.299944,0.405379,0.702480,-0.656130,0.269960,-0.056011
arm_1_right_finger,580.441000,0.572122,-0.297684,0.407553,0.702090,-0.655257,0.272733,-0.057652
arm_1_right_finger,580.458000,0.573189,-0.295272,0.409866,0.701668,-0.654322,0.275670,-0.059420
arm_1_right_finger,580.475000,0.574234,-0.292850,0.412182,0.701237,-0.653380,0.278594,-0.061212
arm_1_right_finger,580.492000,0.575253,-0.290422,0.414490,0.700795,-0.652419,0.281531,-0.063055
arm_1_right_finger,580.509000,0.576255,-0.287980,0.416812,0.700348,-0.651468,0.284417,-0.064881
arm_1_right_finger,580.526000,0.577234,-0.285529,0.419135,0.699892,-0.650505,0.287298,-0.066740
arm_1_right_finger,580.544000,0.578245,-0.282925,0.421593,0.699401,-0.649491,0.290309,-0.068706
arm_1_right_finger,580.561000,0.579175,-0.280458,0.423912,0.698924,-0.648503,0.293188,-0.070640
arm_1_right_finger,580.578000,0.580086,-0.277979,0.426242,0.698442,-0.647521,0.296024,-0.072566
arm_1_right_finger,580.595000,0.580972,-0.275494,0.428567,0.697954,-0.646546,0.298816,-0.074483
arm_1_right_finger,580.612000,0.581838,-0.272998,0.430898,0.697453,-0.645546,0.301634,-0.076465
arm_1_right_finger,580.629000,0.582677,-0.270497,0.433223,0.696941,-0.644531,0.304454,-0.078488
arm_1_right_finger,580.646000,0.583497,-0.267985,0.435558,0.696424,-0.643521,0.307234,-0.080506
arm_1_right_finger,580.663000,0.584292,-0.265467,0.437888,0.695901,-0.642517,0.309974,-0.082519
arm_1_right_finger,580.679000,0.585020,-0.263089,0.440086,0.695403,-0.641571,0.312529,-0.084423
arm_1_right_finger,580.697000,0.585814,-0.260407,0.442555,0.694823,-0.640464,0.315460,-0.086667
arm_1_right_finger,580.714000,0.586541,-0.257865,0.444893,0.694275,-0.639441,0.318154,-0.088746
arm_1_right_finger,580.731000,0.587242,-0.255318,0.447224,0.693711,-0.638385,0.320883,-0.090902
arm_1_right_finger,580.748000,0.587921,-0.252763,0.449561,0.693137,-0.637315,0.323612,-0.093096
arm_1_right_finger,580.765000,0.588578,-0.250200,0.451902,0.692560,-0.636262,0.326277,-0.095260
arm_1_right_finger,580.782000,0.589209,-0.247633,0.454234,0.691974,-0.635199,0.328933,-0.097453
arm_1_right_finger,580.799000,0.589815,-0.245071,0.456564,0.691383,-0.634139,0.331552,-0.099648
arm_1_right_finger,580.816000,0.590399,-0.242489,0.458900,0.690780,-0.633064,0.334175,-0.101882
arm_1_right_finger,580.834000,0.590992,-0.239749,0.461375,0.690132,-0.631920,0.336932,-0.104268
arm_1_right_finger,580.852000,0.591560,-0.237001,0.463857,0.689467,-0.630746,0.339713,-0.106724
arm_1_right_finger,580.869000,0.592071,-0.234400,0.466200,0.688846,-0.629678,0.342232,-0.108968
arm_1_right_finger,580.886000,0.592556,-0.231799,0.468531,0.688196,-0.628542,0.344848,-0.111356
arm_1_right_finger,580.902000,0.592993,-0.229340,0.470741,0.687586,-0.627496,0.347241,-0.113566
arm_1_right_finger,580.919000,0.593431,-0.226729,0.473073,0.686935,-0.626394,0.349739,-0.115902
arm_1_right_finger,580.936000,0.593846,-0.224110,0.475413,0.686265,-0.625256,0.352273,-0.118317
arm_1_right_finger,580.954000,0.594259,-0.221336,0.477883,0.685558,-0.624077,0.354877,-0.120831
arm_1_right_finger,580.971000,0.594624,-0.218709,0.480221,0.684870,-0.622923,0.357379,-0.123293
arm_1_right_finger,580.989000,0.594984,-0.215923,0.482696,0.684140,-0.621718,0.359965,-0.125873
arm_1_right_finger,581.006000,0.595299,-0.213288,0.485032,0.683439,-0.620568,0.362401,-0.128344
arm_1_right_finger,581.023000,0.595588,-0.210653,0.487359,0.682728,-0.619404,0.364830,-0.130846
arm_1_right_finger,581.040000,0.595854,-0.208012,0.489694,0.682010,-0.618241,0.367227,-0.133355
arm_1_right_finger,581.058000,0.596108,-0.205213,0.492160,0.681249,-0.617024,0.369712,-0.135995
arm_1_right_finger,581.075000,0.596323,-0.202566,0.494492,0.680512,-0.615845,0.372078,-0.138550
arm_1_right_finger,581.092000,0.596514,-0.199916,0.496823,0.679768,-0.614660,0.374424,-0.141124
arm_1_right_finger,581.109000,0.596679,-0.197264,0.499149,0.679015,-0.613471,0.376747,-0.143711
arm_1_right_finger,581.126000,0.596820,-0.194611,0.501474,0.678262,-0.612298,0.379017,-0.146281
arm_1_right_finger,581.143000,0.596935,-0.191955,0.503798,0.677486,-0.611078,0.381331,-0.148939
arm_1_right_finger,581.160000,0.597027,-0.189298,0.506120,0.676714,-0.609888,0.383570,-0.151554
arm_1_right_finger,581.178000,0.597096,-0.186482,0.508579,0.675883,-0.608607,0.385941,-0.154367
arm_1_right_finger,581.195000,0.597136,-0.183822,0.510897,0.675087,-0.607388,0.388167,-0.157049
arm_1_right_finger,581.212000,0.597151,-0.181161,0.513213,0.674283,-0.606162,0.390373,-0.159750
arm_1_right_finger,581.230000,0.597140,-0.178345,0.515656,0.673422,-0.604858,0.392685,-0.162627
arm_1_right_finger,581.248000,0.597101,-0.175525,0.518106,0.672549,-0.603541,0.394986,-0.165537
arm_1_right_finger,581.266000,0.597034,-0.172704,0.520553,0.671669,-0.602222,0.397255,-0.168457
arm_1_right_finger,581.284000,0.596939,-0.169884,0.522999,0.670779,-0.600896,0.399503,-0.171398
arm_1_right_finger,581.301000,0.596823,-0.167224,0.525294,0.669931,-0.599641,0.401599,-0.174187
arm_1_right_finger,581.314000,0.596718,-0.165187,0.527056,0.669275,-0.598672,0.403196,-0.176341
arm_1_right_finger,581.328000,0.596589,-0.162993,0.528954,0.668567,-0.597634,0.404888,-0.178655
arm_1_right_finger,581.342000,0.596442,-0.160803,0.530841,0.667846,-0.596579,0.406586,-0.181004
arm_1_right_finger,581.357000,0.596267,-0.158457,0.532863,0.667075,-0.595458,0.408369,-0.183510
arm_1_right_finger,581.373000,0.596058,-0.155951,0.535027,0.666241,-0.594249,0.410264,-0.186209
arm_1_right_finger,581.389000,0.595827,-0.153450,0.537177,0.665393,-0.593021,0.412161,-0.188947
arm_1_right_finger,581.405000,0.595574,-0.150951,0.539325,0.664551,-0.591816,0.413999,-0.191654
arm_1_right_finger,581.422000,0.595281,-0.148293,0.541616,0.663640,-0.590513,0.415954,-0.194572
arm_1_right_finger,581.438000,0.594982,-0.145796,0.543760,0.662779,-0.589291,0.417763,-0.197320
arm_1_right_finger,581.455000,0.594641,-0.143145,0.546036,0.661852,-0.587979,0.419673,-0.200266
arm_1_right_finger,581.472000,0.594275,-0.140499,0.548301,0.660917,-0.586661,0.421563,-0.203229
arm_1_right_finger,581.489000,0.593884,-0.137852,0.550572,0.659971,-0.585331,0.423440,-0.206217
arm_1_right_finger,581.506000,0.593468,-0.135209,0.552840,0.659024,-0.584013,0.425269,-0.209194
arm_1_right_finger,581.523000,0.593027,-0.132568,0.555103,0.658062,-0.582674,0.427098,-0.212209
arm_1_right_finger,581.540000,0.592562,-0.129934,0.557353,0.657093,-0.581333,0.428900,-0.215234
arm_1_right_finger,581.557000,0.592071,-0.127300,0.559609,0.656112,-0.579980,0.430688,-0.218284
arm_1_right_finger,581.573000,0.591590,-0.124841,0.561710,0.655192,-0.578719,0.432328,-0.221136
arm_1_right_finger,581.590000,0.591051,-0.122211,0.563961,0.654195,-0.577355,0.434071,-0.224215
arm_1_right_finger,581.607000,0.590487,-0.119587,0.566206,0.653199,-0.576005,0.435767,-0.227280
arm_1_right_finger,581.624000,0.589899,-0.116967,0.568446,0.652184,-0.574630,0.437467,-0.230389
arm_1_right_finger,581.641000,0.589288,-0.114356,0.570672,0.651164,-0.573254,0.439137,-0.233504
arm_1_right_finger,581.658000,0.588650,-0.111747,0.572903,0.650133,-0.571867,0.440791,-0.236641
arm_1_right_finger,581.675000,0.587988,-0.109143,0.575128,0.649105,-0.570496,0.442394,-0.239760
arm_1_right_finger,581.692000,0.587302,-0.106546,0.577348,0.648056,-0.569097,0.444003,-0.242926
arm_1_right_finger,581.709000,0.586594,-0.103958,0.579553,0.647004,-0.567701,0.445579,-0.246093
arm_1_right_finger,581.726000,0.585861,-0.101378,0.581758,0.645941,-0.566296,0.447135,-0.249276
arm_1_right_finger,581.743000,0.585106,-0.098814,0.583949,0.644887,-0.564912,0.448637,-0.252430
arm_1_right_finger,581.760000,0.584332,-0.096269,0.586124,0.643816,-0.563506,0.450137,-0.255615
arm_1_right_finger,581.777000,0.583542,-0.093751,0.588270,-0.642750,0.562116,-0.451590,0.258774
arm_1_right_finger,581.795000,0.582685,-0.091111,0.590529,-0.641626,0.560655,-0.453086,0.262097
arm_1_right_finger,581.812000,0.581860,-0.088647,0.592635,-0.640557,0.559268,-0.454480,0.265240
arm_1_right_finger,581.829000,0.581022,-0.086215,0.594709,-0.639497,0.557900,-0.455828,0.268351
arm_1_right_finger,581.846000,0.580170,-0.083811,0.596766,-0.638433,0.556530,-0.457153,0.271457
arm_1_right_finger,581.863000,0.579305,-0.081440,0.598795,-0.637386,0.555191,-0.458416,0.274510
arm_1_right_finger,581.879000,0.578482,-0.079237,0.600679,-0.636397,0.553927,-0.459590,0.277382
arm_1_right_finger,581.896000,0.577596,-0.076928,0.602656,-0.635346,0.552587,-0.460813,0.280420
arm_1_right_finger,581.914000,0.576650,-0.074522,0.604714,-0.634241,0.551184,-0.462064,0.283603
arm_1_right_finger,581.932000,0.575692,-0.072149,0.606749,-0.633146,0.549800,-0.463272,0.286750
arm_1_right_finger,581.950000,0.574727,-0.069817,0.608744,-0.632057,0.548428,-0.464443,0.289867
arm_1_right_finger,581.967000,0.573808,-0.067646,0.610605,-0.631033,0.547143,-0.465519,0.292787
arm_1_right_finger,581.978000,0.573208,-0.066258,0.611799,-0.630372,0.546314,-0.466202,0.294666
arm_1_right_finger,581.991000,0.572504,-0.064650,0.613179,-0.629606,0.545356,-0.466977,0.296844
arm_1_right_finger,582.008000,0.571570,-0.062557,0.614976,-0.628597,0.544098,-0.467978,0.299699
arm_1_right_finger,582.025000,0.570632,-0.060499,0.616744,-0.627595,0.542853,-0.468950,0.302525
arm_1_right_finger,582.043000,0.569634,-0.058354,0.618588,-0.626541,0.541546,-0.469948,0.305489
arm_1_right_finger,582.060000,0.568690,-0.056365,0.620298,-0.625549,0.540317,-0.470870,0.308266
arm_1_right_finger,582.078000,0.567687,-0.054293,0.622083,-0.624520,0.539052,-0.471790,0.311145
arm_1_right_finger,582.095000,0.566740,-0.052372,0.623736,-0.623545,0.537852,-0.472653,0.313857
arm_1_right_finger,582.113000,0.565734,-0.050372,0.625461,-0.622527,0.536604,-0.473527,0.316684
arm_1_right_finger,582.130000,0.564785,-0.048518,0.627059,-0.621579,0.535446,-0.474317,0.319312
arm_1_right_finger,582.148000,0.563780,-0.046588,0.628725,-0.620580,0.534228,-0.475133,0.322071
arm_1_right_finger,582.165000,0.562829,-0.044799,0.630277,-0.619640,0.533084,-0.475887,0.324652
arm_1_right_finger,582.183000,0.561827,-0.042939,0.631884,-0.618664,0.531901,-0.476644,0.327334
arm_1_right_finger,582.201000,0.560828,-0.041117,0.633461,-0.617689,0.530720,-0.477388,0.329995
arm_1_right_finger,582.218000,0.559884,-0.039426,0.634930,-0.616779,0.529620,-0.478066,0.332474
arm_1_right_finger,582.235000,0.558947,-0.037768,0.636366,-0.615890,0.528551,-0.478703,0.334899
arm_1_right_finger,582.253000,0.557958,-0.036045,0.637861,-0.614955,0.527428,-0.479360,0.337439
arm_1_right_finger,582.271000,0.556974,-0.034359,0.639325,-0.614023,0.526310,-0.480005,0.339954
arm_1_right_finger,582.288000,0.556048,-0.032795,0.640687,-0.613157,0.525273,-0.480588,0.342291
arm_1_right_finger,582.305000,0.555131,-0.031266,0.642015,-0.612309,0.524262,-0.481138,0.344577
arm_1_right_finger,582.322000,0.554216,-0.029763,0.643327,-0.611464,0.523255,-0.481680,0.346844
arm_1_right_finger,582.339000,0.553309,-0.028292,0.644613,-0.610622,0.522253,-0.482213,0.349089
arm_1_right_finger,582.357000,0.552357,-0.026767,0.645942,-0.609760,0.521232,-0.482730,0.351398
arm_1_right_finger,582.375000,0.551415,-0.025276,0.647242,-0.608905,0.520221,-0.483236,0.353678
arm_1_right_finger,582.392000,0.550530,-0.023896,0.648451,-0.608105,0.519274,-0.483702,0.355802
arm_1_right_finger,582.409000,0.549654,-0.022547,0.649635,-0.607310,0.518335,-0.484160,0.357902
arm_1_right_finger,582.426000,0.548789,-0.021227,0.650788,-0.606540,0.517430,-0.484579,0.359941
arm_1_right_finger,582.443000,0.547931,-0.019935,0.651923,-0.605778,0.516535,-0.484989,0.361953
arm_1_right_finger,582.460000,0.547083,-0.018672,0.653034,-0.605021,0.515646,-0.485393,0.363941
arm_1_right_finger,582.478000,0.546195,-0.017365,0.654183,-0.604233,0.514721,-0.485803,0.366006
arm_1_right_finger,582.496000,0.545323,-0.016092,0.655300,-0.603474,0.513836,-0.486174,0.368003
arm_1_right_finger,582.514000,0.544459,-0.014849,0.656397,-0.602717,0.512952,-0.486546,0.369980
arm_1_right_finger,582.531000,0.543656,-0.013703,0.657407,-0.602017,0.512136,-0.486880,0.371807
arm_1_right_finger,582.548000,0.542865,-0.012585,0.658394,-0.601328,0.511334,-0.487202,0.373599
arm_1_right_finger,582.564000,0.542132,-0.011559,0.659299,-0.600695,0.510599,-0.487488,0.375246
arm_1_right_finger,582.581000,0.541364,-0.010494,0.660240,-0.600033,0.509832,-0.487782,0.376963
arm_1_right_finger,582.598000,0.540610,-0.009457,0.661157,-0.599389,0.509086,-0.488057,0.378635
arm_1_right_finger,582.616000,0.539824,-0.008387,0.662106,-0.598711,0.508302,-0.488349,0.380381
arm_1_right_finger,582.634000,0.539054,-0.007347,0.663027,-0.598053,0.507541,-0.488621,0.382078
arm_1_right_finger,582.652000,0.538298,-0.006336,0.663925,-0.597409,0.506798,-0.488881,0.383735
arm_1_right_finger,582.669000,0.537600,-0.005410,0.664746,-0.596822,0.506122,-0.489108,0.385250
arm_1_right_finger,582.686000,0.536912,-0.004508,0.665553,-0.596225,0.505433,-0.489354,0.386763
arm_1_right_finger,582.698000,0.536438,-0.003888,0.666105,-0.595825,0.504974,-0.489504,0.387788
arm_1_right_finger,582.713000,0.535858,-0.003131,0.666775,-0.595344,0.504423,-0.489673,0.389028
arm_1_right_finger,582.728000,0.535285,-0.002393,0.667435,-0.594860,0.503867,-0.489853,0.390262
arm_1_right_finger,582.745000,0.534654,-0.001582,0.668155,-0.594336,0.503267,-0.490033,0.391606
arm_1_right_finger,582.762000,0.534033,-0.000794,0.668863,-0.593806,0.502658,-0.490230,0.392943
arm_1_right_finger,582.779000,0.533433,-0.000033,0.669540,-0.593310,0.502092,-0.490392,0.394211
arm_1_right_finger,582.796000,0.532846,0.000704,0.670201,-0.592814,0.501525,-0.490565,0.395462
arm_1_right_finger,582.813000,0.532278,0.001415,0.670834,-0.592352,0.500999,-0.490704,0.396647
arm_1_right_finger,582.827000,0.531821,0.001983,0.671342,-0.591972,0.500566,-0.490826,0.397608
arm_1_right_finger,582.844000,0.531279,0.002651,0.671943,-0.591516,0.500045,-0.490979,0.398754
arm_1_right_finger,582.861000,0.530754,0.003294,0.672522,-0.591073,0.499540,-0.491124,0.399862
arm_1_right_finger,582.877000,0.530280,0.003876,0.673040,-0.590696,0.499112,-0.491222,0.400832
arm_1_right_finger,582.895000,0.529760,0.004507,0.673609,-0.590254,0.498610,-0.491366,0.401929
arm_1_right_finger,582.912000,0.529290,0.005077,0.674118,-0.589880,0.498186,-0.491462,0.402887
arm_1_right_finger,582.930000,0.528807,0.005655,0.674642,-0.589470,0.497720,-0.491593,0.403902
arm_1_right_finger,582.947000,0.528371,0.006178,0.675113,-0.589107,0.497308,-0.491699,0.404808
arm_1_right_finger,582.964000,0.527953,0.006676,0.675561,-0.588763,0.496917,-0.491796,0.405671
arm_1_right_finger,582.981000,0.527556,0.007150,0.675983,-0.588455,0.496570,-0.491860,0.406464
arm_1_right_finger,582.997000,0.527196,0.007575,0.676366,-0.588160,0.496236,-0.491940,0.407201
arm_1_right_finger,583.014000,0.526828,0.008005,0.676760,-0.587840,0.495873,-0.492044,0.407978
arm_1_right_finger,583.031000,0.526482,0.008412,0.677126,-0.587558,0.495554,-0.492117,0.408684
arm_1_right_finger,583.048000,0.526154,0.008795,0.677472,-0.587292,0.495253,-0.492184,0.409351
arm_1_right_finger,583.064000,0.525863,0.009135,0.677779,-0.587057,0.494988,-0.492240,0.409940
arm_1_right_finger,583.076000,0.525655,0.009377,0.677998,-0.586883,0.494791,-0.492288,0.410369
arm_1_right_finger,583.092000,0.525393,0.009681,0.678272,-0.586673,0.494555,-0.492336,0.410896
arm_1_right_finger,583.108000,0.525148,0.009965,0.678527,-0.586481,0.494339,-0.492375,0.411383
arm_1_right_finger,583.124000,0.524918,0.010230,0.678769,-0.586283,0.494115,-0.492434,0.411863
arm_1_right_finger,583.140000,0.524706,0.010474,0.678989,-0.586117,0.493929,-0.492467,0.412282
arm_1_right_finger,583.154000,0.524533,0.010672,0.679169,-0.585971,0.493763,-0.492509,0.412640
arm_1_right_finger,583.170000,0.524354,0.010879,0.679354,-0.585832,0.493608,-0.492533,0.412992
arm_1_right_finger,583.186000,0.524190,0.011066,0.679526,-0.585691,0.493448,-0.492575,0.413334
arm_1_right_finger,583.203000,0.524037,0.011242,0.679683,-0.585575,0.493318,-0.492593,0.413632
arm_1_right_finger,583.220000,0.523900,0.011397,0.679826,-0.585455,0.493183,-0.492630,0.413919
arm_1_right_finger,583.238000,0.523779,0.011536,0.679949,-0.585371,0.493089,-0.492635,0.414144
arm_1_right_finger,583.256000,0.523677,0.011651,0.680056,-0.585275,0.492980,-0.492671,0.414367
arm_1_right_finger,583.273000,0.523605,0.011736,0.680129,-0.585236,0.492937,-0.492658,0.414487
arm_1_right_finger,583.290000,0.523545,0.011802,0.680191,-0.585175,0.492868,-0.492686,0.414623
arm_1_right_finger,583.306000,0.523503,0.011850,0.680235,-0.585137,0.492825,-0.492698,0.414713
arm_1_right_finger,583.320000,0.523474,0.011882,0.680265,-0.585114,0.492799,-0.492704,0.414770
arm_1_right_finger,583.334000,0.523451,0.011909,0.680289,-0.585095,0.492778,-0.492708,0.414817
arm_1_right_finger,583.349000,0.523431,0.011931,0.680309,-0.585077,0.492757,-0.492714,0.414860
arm_1_right_finger,583.366000,0.523413,0.011951,0.680328,-0.585061,0.492739,-0.492720,0.414897
arm_1_right_finger,583.383000,0.523400,0.011966,0.680342,-0.585048,0.492725,-0.492724,0.414926
arm_1_right_finger,583.400000,0.523390,0.011977,0.680352,-0.585039,0.492714,-0.492728,0.414948
arm_1_right_finger,583.417000,0.523385,0.011985,0.680355,-0.585057,0.492737,-0.492699,0.414929
arm_1_right_finger,583.434000,0.523378,0.011992,0.680362,-0.585045,0.492722,-0.492710,0.414951
arm_1_right_finger,583.451000,0.523373,0.011997,0.680368,-0.585034,0.492709,-0.492719,0.414971
arm_1_right_finger,583.468000,0.523369,0.012001,0.680373,-0.585029,0.492703,-0.492723,0.414981
arm_1_right_finger,583.486000,0.523366,0.012005,0.680377,-0.585022,0.492696,-0.492728,0.414992
arm_1_right_finger,583.503000,0.523364,0.012007,0.680379,-0.585019,0.492692,-0.492731,0.414999
arm_1_right_finger,583.521000,0.523362,0.012009,0.680381,-0.585016,0.492688,-0.492733,0.415005
arm_1_right_finger,583.538000,0.523363,0.012009,0.680377,-0.585036,0.492712,-0.492708,0.414977
arm_1_right_finger,583.556000,0.523361,0.012011,0.680380,-0.585025,0.492699,-0.492721,0.414994
arm_1_right_finger,583.574000,0.523360,0.012012,0.680382,-0.585020,0.492693,-0.492726,0.415002
arm_1_right_finger,583.592000,0.523359,0.012012,0.680384,-0.585016,0.492688,-0.492731,0.415008
arm_1_right_finger,583.610000,0.523358,0.012013,0.680385,-0.585013,0.492685,-0.492733,0.415011
arm_1_right_finger,583.628000,0.523361,0.012013,0.680380,-0.585034,0.492710,-0.492709,0.414983
arm_1_right_finger,583.646000,0.523359,0.012013,0.680383,-0.585024,0.492698,-0.492720,0.414996
arm_1_right_finger,583.663000,0.523359,0.012013,0.680384,-0.585019,0.492692,-0.492726,0.415004
arm_1_right_finger,583.680000,0.523358,0.012014,0.680385,-0.585017,0.492690,-0.492728,0.415007
arm_1_right_finger,583.698000,0.523358,0.012014,0.680385,-0.585014,0.492686,-0.492732,0.415011
arm_1_right_finger,583.716000,0.523357,0.012014,0.680386,-0.585013,0.492685,-0.492733,0.415013
arm_1_right_finger,583.734000,0.523359,0.012013,0.680382,-0.585030,0.492705,-0.492713,0.414989
arm_1_right_finger,583.751000,0.523359,0.012014,0.680383,-0.585024,0.492698,-0.492720,0.414997
arm_1_right_finger,583.768000,0.523358,0.012014,0.680384,-0.585019,0.492692,-0.492726,0.415005
arm_1_right_finger,583.786000,0.523358,0.012014,0.680385,-0.585016,0.492688,-0.492730,0.415009
arm_1_right_finger,583.802000,0.523357,0.012014,0.680385,-0.585015,0.492687,-0.492731,0.415011
arm_1_right_finger,583.820000,0.523357,0.012014,0.680386,-0.585012,0.492684,-0.492733,0.415014
arm_1_right_finger,583.838000,0.523360,0.012014,0.680381,-0.585033,0.492709,-0.492709,0.414984
arm_1_right_finger,583.856000,0.523359,0.012014,0.680383,-0.585024,0.492698,-0.492720,0.414998
arm_1_right_finger,583.874000,0.523358,0.012014,0.680385,-0.585017,0.492690,-0.492728,0.415007
arm_1_right_finger,583.891000,0.523357,0.012014,0.680385,-0.585016,0.492688,-0.492730,0.415009
arm_1_right_finger,583.908000,0.523357,0.012014,0.680386,-0.585014,0.492686,-0.492732,0.415012
arm_1_right_finger,583.925000,0.523357,0.012014,0.680386,-0.585012,0.492684,-0.492733,0.415014
arm_1_right_finger,583.942000,0.523360,0.012013,0.680380,-0.585037,0.492714,-0.492704,0.414979
arm_1_right_finger,583.960000,0.523359,0.012014,0.680383,-0.585026,0.492701,-0.492717,0.414994
arm_1_right_finger,583.977000,0.523358,0.012014,0.680384,-0.585020,0.492694,-0.492724,0.415002
arm_1_right_finger,583.994000,0.523358,0.012014,0.680385,-0.585018,0.492691,-0.492727,0.415006
arm_1_right_finger,584.010000,0.523358,0.012014,0.680385,-0.585017,0.492689,-0.492728,0.415008
arm_1_right_finger,584.027000,0.523357,0.012014,0.680385,-0.585015,0.492687,-0.492731,0.415011
arm_1_right_finger,584.045000,0.523357,0.012014,0.680386,-0.585012,0.492684,-0.492733,0.415014
arm_1_right_finger,584.062000,0.523360,0.012013,0.680380,-0.585037,0.492714,-0.492704,0.414979
arm_1_right_finger,584.069000,0.523358,0.012014,0.680385,-0.585018,0.492691,-0.492727,0.415006
arm_1_right_finger,584.075000,0.523357,0.012014,0.680386,-0.585012,0.492684,-0.492733,0.415014
arm_1_right_finger,584.092000,0.523360,0.012013,0.680380,-0.585037,0.492714,-0.492704,0.414979
arm_1_right_finger,584.109000,0.523359,0.012014,0.680382,-0.585029,0.492705,-0.492713,0.414990
arm_1_right_finger,584.127000,0.523358,0.012014,0.680384,-0.585022,0.492695,-0.492723,0.415001
arm_1_right_finger,584.144000,0.523358,0.012014,0.680385,-0.585018,0.492691,-0.492727,0.415006
arm_1_right_finger,584.161000,0.523357,0.012014,0.680385,-0.585016,0.492688,-0.492730,0.415009
arm_1_right_finger,584.178000,0.523357,0.012014,0.680386,-0.585014,0.492686,-0.492732,0.415012
arm_1_right_finger,584.195000,0.523357,0.012014,0.680386,-0.585012,0.492684,-0.492734,0.415014
arm_1_right_finger,584.213000,0.523360,0.012014,0.680381,-0.585033,0.492709,-0.492709,0.414985
arm_1_right_finger,584.230000,0.523359,0.012014,0.680383,-0.585026,0.492701,-0.492717,0.414994
arm_1_right_finger,584.248000,0.523358,0.012014,0.680384,-0.585020,0.492693,-0.492725,0.415003
arm_1_right_finger,584.266000,0.523357,0.012014,0.680385,-0.585016,0.492688,-0.492730,0.415009
arm_1_right_finger,584.284000,0.523357,0.012014,0.680386,-0.585013,0.492685,-0.492733,0.415013
arm_1_right_finger,584.301000,0.523357,0.012014,0.680386,-0.585012,0.492684,-0.492734,0.415014
arm_1_right_finger,584.319000,0.523359,0.012014,0.680382,-0.585029,0.492705,-0.492713,0.414990
arm_1_right_finger,584.336000,0.523359,0.012014,0.680383,-0.585024,0.492698,-0.492720,0.414998
arm_1_right_finger,584.353000,0.523358,0.012014,0.680384,-0.585020,0.492693,-0.492725,0.415003
arm_1_right_finger,584.370000,0.523358,0.012014,0.680385,-0.585017,0.492689,-0.492728,0.415008
arm_1_right_finger,584.387000,0.523357,0.012014,0.680385,-0.585015,0.492687,-0.492731,0.415011
arm_1_right_finger,584.404000,0.523357,0.012014,0.680386,-0.585013,0.492685,-0.492733,0.415013
arm_1_right_finger,584.422000,0.523360,0.012013,0.680380,-0.585037,0.492714,-0.492704,0.414979
arm_1_right_finger,584.439000,0.523359,0.012014,0.680382,-0.585029,0.492705,-0.492713,0.414990
arm_1_right_finger,584.457000,0.523358,0.012014,0.680384,-0.585022,0.492695,-0.492723,0.415001
arm_1_right_finger,584.475000,0.523358,0.012014,0.680385,-0.585017,0.492689,-0.492728,0.415008
arm_1_right_finger,584.492000,0.523357,0.012014,0.680385,-0.585015,0.492687,-0.492731,0.415011
arm_1_right_finger,584.509000,0.523357,0.012014,0.680386,-0.585013,0.492685,-0.492733,0.415013
arm_1_right_finger,584.526000,0.523357,0.012014,0.680386,-0.585012,0.492684,-0.492733,0.415014
arm_1_right_finger,584.543000,0.523360,0.012014,0.680381,-0.585033,0.492709,-0.492709,0.414985
arm_1_right_finger,584.561000,0.523359,0.012014,0.680383,-0.585024,0.492698,-0.492720,0.414998
arm_1_right_finger,584.579000,0.523358,0.012014,0.680385,-0.585018,0.492691,-0.492727,0.415006
arm_1_right_finger,584.596000,0.523357,0.012014,0.680385,-0.585016,0.492688,-0.492730,0.415009
arm_1_right_finger,584.613000,0.523357,0.012014,0.680386,-0.585013,0.492685,-0.492732,0.415012
arm_1_right_finger,584.629000,0.523357,0.012014,0.680386,-0.585013,0.492685,-0.492733,0.415013
arm_1_right_finger,584.645000,0.523357,0.012014,0.680386,-0.585012,0.492684,-0.492733,0.415014
arm_1_right_finger,584.662000,0.523360,0.012013,0.680380,-0.585037,0.492714,-0.492704,0.414979
arm_1_right_finger,584.679000,0.523359,0.012014,0.680382,-0.585029,0.492705,-0.492713,0.414990
arm_1_right_finger,584.696000,0.523359,0.012014,0.680383,-0.585024,0.492698,-0.492720,0.414998
arm_1_right_finger,584.713000,0.523358,0.012014,0.680384,-0.585019,0.492692,-0.492726,0.415005
arm_1_right_finger,584.730000,0.523358,0.012014,0.680385,-0.585017,0.492689,-0.492728,0.415008
arm_1_right_finger,584.747000,0.523357,0.012014,0.680385,-0.585015,0.492687,-0.492731,0.415011
arm_1_right_finger,584.765000,0.523357,0.012014,0.680386,-0.585012,0.492684,-0.492733,0.415014
arm_1_right_finger,584.783000,0.523360,0.012014,0.680381,-0.585033,0.492709,-0.492709,0.414985
arm_1_right_finger,584.800000,0.523359,0.012014,0.680383,-0.585026,0.492701,-0.492717,0.414994
arm_1_right_finger,584.817000,0.523358,0.012014,0.680384,-0.585020,0.492694,-0.492724,0.415002
arm_1_right_finger,584.834000,0.523358,0.012014,0.680385,-0.585018,0.492691,-0.492727,0.415006
arm_1_right_finger,584.852000,0.523357,0.012014,0.680385,-0.585015,0.492687,-0.492731,0.415011
arm_1_right_finger,584.870000,0.523357,0.012014,0.680386,-0.585012,0.492684,-0.492733,0.415014
arm_1_right_finger,584.887000,0.523360,0.012013,0.680380,-0.585037,0.492714,-0.492704,0.414979
arm_1_right_finger,584.904000,0.523359,0.012014,0.680382,-0.585029,0.492705,-0.492713,0.414990
arm_1_right_finger,584.922000,0.523358,0.012014,0.680384,-0.585020,0.492694,-0.492724,0.415002
arm_1_right_finger,584.940000,0.523358,0.012014,0.680385,-0.585017,0.492689,-0.492728,0.415008
arm_1_right_finger,584.957000,0.523357,0.012014,0.680385,-0.585015,0.492687,-0.492731,0.415011
arm_1_right_finger,584.975000,0.523357,0.012014,0.680386,-0.585012,0.492684,-0.492733,0.415014
arm_1_right_finger,584.993000,0.523360,0.012014,0.680381,-0.585033,0.492709,-0.492709,0.414985
arm_1_right_finger,585.008000,0.523360,0.012014,0.680381,-0.585033,0.492709,-0.492709,0.414985
arm_1_right_finger,585.026000,0.523359,0.012014,0.680383,-0.585022,0.492696,-0.492722,0.415000
arm_1_right_finger,585.044000,0.523358,0.012014,0.680385,-0.585018,0.492691,-0.492727,0.415006
arm_1_right_finger,585.061000,0.523357,0.012014,0.680385,-0.585016,0.492688,-0.492730,0.415009
arm_1_right_finger,585.078000,0.523357,0.012014,0.680386,-0.585014,0.492686,-0.492732,0.415012
arm_1_right_finger,585.095000,0.523357,0.012014,0.680386,-0.585012,0.492684,-0.492733,0.415014
arm_1_right_finger,585.111000,0.523357,0.012014,0.680386,-0.585012,0.492684,-0.492733,0.415014
arm_1_right_finger,585.129000,0.523359,0.012014,0.680382,-0.585027,0.492702,-0.492716,0.414992
arm_1_right_finger,585.147000,0.523358,0.012014,0.680384,-0.585021,0.492695,-0.492723,0.415001
arm_1_right_finger,585.165000,0.523358,0.012014,0.680385,-0.585017,0.492689,-0.492728,0.415008
arm_1_right_finger,585.182000,0.523357,0.012014,0.680385,-0.585015,0.492687,-0.492731,0.415011
arm_1_right_finger,585.199000,0.523357,0.012014,0.680386,-0.585013,0.492685,-0.492733,0.415013
arm_1_right_finger,585.216000,0.523357,0.012014,0.680386,-0.585012,0.492684,-0.492733,0.415014
arm_1_right_finger,585.233000,0.523360,0.012014,0.680381,-0.585031,0.492706,-0.492712,0.414988
arm_1_right_finger,585.250000,0.523359,0.012014,0.680383,-0.585026,0.492701,-0.492717,0.414994
arm_1_right_finger,585.267000,0.523358,0.012014,0.680384,-0.585022,0.492695,-0.492723,0.415001
arm_1_right_finger,585.284000,0.523358,0.012014,0.680385,-0.585018,0.492691,-0.492727,0.415006
arm_1_right_finger,585.301000,0.523357,0.012014,0.680385,-0.585016,0.492688,-0.492730,0.415009
arm_1_right_finger,585.315000,0.523358,0.012014,0.680385,-0.585017,0.492689,-0.492728,0.415008
arm_1_right_finger,585.332000,0.523357,0.012014,0.680385,-0.585015,0.492687,-0.492731,0.415011
arm_1_right_finger,585.349000,0.523357,0.012014,0.680386,-0.585013,0.492685,-0.492733,0.415013
arm_1_right_finger,585.366000,0.523357,0.012014,0.680386,-0.585012,0.492684,-0.492733,0.415014
arm_1_right_finger,585.382000,0.523360,0.012013,0.680380,-0.585037,0.492714,-0.492704,0.414979
arm_1_right_finger,585.399000,0.523359,0.012014,0.680382,-0.585029,0.492705,-0.492713,0.414990
arm_1_right_finger,585.416000,0.523359,0.012014,0.680383,-0.585024,0.492698,-0.492720,0.414998
arm_1_right_finger,585.434000,0.523358,0.012014,0.680385,-0.585018,0.492691,-0.492727,0.415006
arm_1_right_finger,585.452000,0.523357,0.012014,0.680385,-0.585014,0.492686,-0.492731,0.415011
arm_1_right_finger,585.470000,0.523357,0.012014,0.680386,-0.585012,0.492684,-0.492733,0.415014
arm_1_right_finger,585.488000,0.523360,0.012014,0.680381,-0.585033,0.492709,-0.492709,0.414985
arm_1_right_finger,585.505000,0.523359,0.012014,0.680383,-0.585026,0.492701,-0.492717,0.414994
arm_1_right_finger,585.523000,0.523358,0.012014,0.680384,-0.585020,0.492693,-0.492725,0.415003
arm_1_right_finger,585.541000,0.523357,0.012014,0.680385,-0.585016,0.492688,-0.492730,0.415009
arm_1_right_finger,585.559000,0.523357,0.012014,0.680386,-0.585013,0.492685,-0.492733,0.415013
arm_1_right_finger,585.577000,0.523360,0.012013,0.680380,-0.585037,0.492714,-0.492704,0.414979
arm_1_right_finger,585.593000,0.523360,0.012014,0.680381,-0.585033,0.492709,-0.492709,0.414985
arm_1_right_finger,585.609000,0.523359,0.012014,0.680382,-0.585029,0.492705,-0.492713,0.414990
arm_1_right_finger,585.626000,0.523359,0.012014,0.680383,-0.585024,0.492698,-0.492720,0.414998
arm_1_right_finger,585.642000,0.523358,0.012014,0.680384,-0.585022,0.492695,-0.492723,0.415001
arm_1_right_finger,585.659000,0.523358,0.012014,0.680385,-0.585017,0.492690,-0.492728,0.415007
arm_1_right_finger,585.676000,0.523357,0.012014,0.680385,-0.585016,0.492688,-0.492730,0.415009
arm_1_right_finger,585.691000,0.523357,0.012014,0.680385,-0.585016,0.492688,-0.492730,0.415009
arm_1_right_finger,585.707000,0.523357,0.012014,0.680385,-0.585015,0.492687,-0.492731,0.415011
arm_1_right_finger,585.724000,0.523357,0.012014,0.680386,-0.585013,0.492685,-0.492733,0.415013
arm_1_right_finger,585.740000,0.523357,0.012014,0.680386,-0.585012,0.492684,-0.492733,0.415014
arm_1_right_finger,585.755000,0.523357,0.012014,0.680386,-0.585012,0.492684,-0.492733,0.415014
arm_1_right_finger,585.770000,0.523357,0.012014,0.680386,-0.585012,0.492684,-0.492734,0.415014
arm_1_right_finger,585.787000,0.523360,0.012013,0.680380,-0.585037,0.492714,-0.492704,0.414979
arm_1_right_finger,585.803000,0.523360,0.012014,0.680381,-0.585033,0.492709,-0.492709,0.414985
arm_1_right_finger,585.820000,0.523359,0.012014,0.680383,-0.585026,0.492701,-0.492717,0.414994
arm_1_right_finger,585.837000,0.523358,0.012014,0.680384,-0.585022,0.492695,-0.492723,0.415001
arm_1_right_finger,585.855000,0.523358,0.012014,0.680385,-0.585017,0.492689,-0.492728,0.415008
arm_1_right_finger,585.872000,0.523357,0.012014,0.680385,-0.585014,0.492686,-0.492731,0.415011
arm_1_right_finger,585.890000,0.523357,0.012014,0.680386,-0.585012,0.492684,-0.492733,0.415014
arm_1_right_finger,585.907000,0.523360,0.012013,0.680380,-0.585037,0.492714,-0.492704,0.414979
arm_1_right_finger,585.925000,0.523359,0.012014,0.680383,-0.585026,0.492701,-0.492717,0.414994
arm_1_right_finger,585.943000,0.523358,0.012014,0.680384,-0.585020,0.492693,-0.492725,0.415003
arm_1_right_finger,585.960000,0.523358,0.012014,0.680385,-0.585017,0.492689,-0.492728,0.415008
arm_1_right_finger,585.978000,0.523357,0.012014,0.680386,-0.585013,0.492685,-0.492732,0.415012
arm_1_right_finger,585.995000,0.523357,0.012014,0.680386,-0.585012,0.492684,-0.492733,0.415014
arm_1_right_finger,586.012000,0.523360,0.012013,0.680380,-0.585037,0.492714,-0.492704,0.414979
arm_1_right_finger,586.030000,0.523359,0.012014,0.680383,-0.585026,0.492701,-0.492717,0.414994
arm_1_right_finger,586.048000,0.523358,0.012014,0.680384,-0.585020,0.492693,-0.492725,0.415003
arm_1_right_finger,586.065000,0.523358,0.012014,0.680385,-0.585017,0.492689,-0.492728,0.415008
arm_1_right_finger,586.083000,0.523357,0.012014,0.680386,-0.585013,0.492685,-0.492732,0.415012
arm_1_right_finger,586.101000,0.523357,0.012014,0.680386,-0.585012,0.492684,-0.492733,0.415014
arm_1_right_finger,586.119000,0.523359,0.012014,0.680382,-0.585029,0.492705,-0.492713,0.414990
arm_1_right_finger,586.136000,0.523359,0.012014,0.680383,-0.585024,0.492698,-0.492720,0.414998
arm_1_right_finger,586.153000,0.523358,0.012014,0.680384,-0.585020,0.492693,-0.492725,0.415003
arm_1_right_finger,586.170000,0.523358,0.012014,0.680385,-0.585017,0.492689,-0.492728,0.415008
arm_1_right_finger,586.188000,0.523357,0.012014,0.680386,-0.585013,0.492685,-0.492732,0.415012
arm_1_right_finger,586.206000,0.523357,0.012014,0.680386,-0.585012,0.492684,-0.492733,0.415014
arm_1_right_finger,586.224000,0.523359,0.012014,0.680382,-0.585029,0.492705,-0.492713,0.414990
arm_1_right_finger,586.242000,0.523358,0.012014,0.680384,-0.585022,0.492695,-0.492723,0.415001
arm_1_right_finger,586.260000,0.523358,0.012014,0.680385,-0.585017,0.492689,-0.492728,0.415008
arm_1_right_finger,586.278000,0.523357,0.012014,0.680386,-0.585014,0.492686,-0.492732,0.415012
arm_1_right_finger,586.295000,0.523357,0.012014,0.680386,-0.585012,0.492684,-0.492734,0.415014
arm_1_right_finger,586.311000,0.523357,0.012014,0.680386,-0.585012,0.492684,-0.492733,0.415014
arm_1_right_finger,586.328000,0.523360,0.012014,0.680381,-0.585033,0.492709,-0.492709,0.414985
arm_1_right_finger,586.346000,0.523359,0.012014,0.680383,-0.585024,0.492698,-0.492720,0.414998
arm_1_right_finger,586.364000,0.523358,0.012014,0.680385,-0.585018,0.492691,-0.492727,0.415006
arm_1_right_finger,586.382000,0.523357,0.012014,0.680385,-0.585015,0.492687,-0.492731,0.415011
arm_1_right_finger,586.400000,0.523357,0.012014,0.680386,-0.585012,0.492684,-0.492734,0.415014
arm_1_right_finger,586.417000,0.523360,0.012013,0.680380,-0.585037,0.492714,-0.492704,0.414979
arm_1_right_finger,586.435000,0.523359,0.012014,0.680383,-0.585026,0.492701,-0.492717,0.414994
arm_1_right_finger,586.453000,0.523358,0.012014,0.680384,-0.585020,0.492693,-0.492725,0.415003
arm_1_right_finger,586.470000,0.523358,0.012014,0.680385,-0.585017,0.492689,-0.492728,0.415008
arm_1_right_finger,586.487000,0.523357,0.012014,0.680385,-0.585015,0.492687,-0.492731,0.415011
arm_1_right_finger,586.505000,0.523357,0.012014,0.680386,-0.585012,0.492684,-0.492734,0.415014
arm_1_right_finger,586.523000,0.523360,0.012014,0.680381,-0.585033,0.492709,-0.492709,0.414985
arm_1_right_finger,586.540000,0.523359,0.012014,0.680383,-0.585026,0.492701,-0.492717,0.414994
arm_1_right_finger,586.558000,0.523358,0.012014,0.680384,-0.585020,0.492693,-0.492725,0.415003
arm_1_right_finger,586.575000,0.523358,0.012014,0.680385,-0.585017,0.492689,-0.492728,0.415008
arm_1_right_finger,586.593000,0.523357,0.012014,0.680386,-0.585014,0.492686,-0.492732,0.415012
arm_1_right_finger,586.611000,0.523357,0.012014,0.680386,-0.585012,0.492684,-0.492734,0.415014
arm_1_right_finger,586.629000,0.523359,0.012014,0.680382,-0.585029,0.492705,-0.492713,0.414990
arm_1_right_finger,586.647000,0.523358,0.012014,0.680384,-0.585022,0.492695,-0.492723,0.415001
arm_1_right_finger,586.664000,0.523358,0.012014,0.680385,-0.585018,0.492691,-0.492727,0.415006
arm_1_right_finger,586.682000,0.523357,0.012014,0.680385,-0.585015,0.492687,-0.492731,0.415011
arm_1_right_finger,586.699000,0.523357,0.012014,0.680386,-0.585013,0.492685,-0.492733,0.415013
arm_1_right_finger,586.716000,0.523357,0.012014,0.680386,-0.585012,0.492684,-0.492734,0.415014
arm_1_right_finger,586.734000,0.523359,0.012014,0.680382,-0.585029,0.492705,-0.492713,0.414990
arm_1_right_finger,586.752000,0.523358,0.012014,0.680384,-0.585022,0.492695,-0.492723,0.415001
arm_1_right_finger,586.770000,0.523358,0.012014,0.680385,-0.585017,0.492689,-0.492728,0.415008
arm_1_right_finger,586.787000,0.523357,0.012014,0.680385,-0.585015,0.492687,-0.492731,0.415011
arm_1_right_finger,586.804000,0.523357,0.012014,0.680386,-0.585013,0.492685,-0.492733,0.415013
arm_1_right_finger,586.820000,0.523357,0.012014,0.680386,-0.585012,0.492684,-0.492734,0.415014
arm_1_right_finger,586.838000,0.523360,0.012014,0.680381,-0.585033,0.492709,-0.492709,0.414985
arm_1_right_finger,586.852000,0.523360,0.012013,0.680380,-0.585037,0.492714,-0.492704,0.414979
arm_1_right_finger,586.869000,0.523359,0.012014,0.680382,-0.585029,0.492705,-0.492713,0.414990
arm_1_right_finger,586.885000,0.523359,0.012014,0.680383,-0.585026,0.492701,-0.492717,0.414994
arm_1_right_finger,586.902000,0.523358,0.012014,0.680384,-0.585022,0.492695,-0.492723,0.415001
arm_1_right_finger,586.918000,0.523358,0.012014,0.680384,-0.585019,0.492692,-0.492726,0.415005
arm_1_right_finger,586.933000,0.523358,0.012014,0.680384,-0.585020,0.492693,-0.492725,0.415004
arm_1_right_finger,586.947000,0.523358,0.012014,0.680384,-0.585022,0.492695,-0.492723,0.415001
arm_1_right_finger,586.959000,0.523359,0.012014,0.680382,-0.585029,0.492705,-0.492713,0.414990
arm_1_right_finger,586.975000,0.523359,0.012014,0.680383,-0.585026,0.492701,-0.492717,0.414994
arm_1_right_finger,586.992000,0.523358,0.012014,0.680384,-0.585022,0.492695,-0.492723,0.415001
arm_1_right_finger,587.009000,0.523358,0.012014,0.680385,-0.585018,0.492691,-0.492727,0.415006
arm_1_right_finger,587.026000,0.523357,0.012014,0.680385,-0.585015,0.492687,-0.492730,0.415010
arm_1_right_finger,587.043000,0.523357,0.012014,0.680386,-0.585014,0.492686,-0.492732,0.415012
arm_1_right_finger,587.061000,0.523357,0.012014,0.680386,-0.585012,0.492684,-0.492733,0.415014
arm_1_right_finger,587.077000,0.523360,0.012013,0.680380,-0.585037,0.492714,-0.492704,0.414979
arm_1_right_finger,587.092000,0.523360,0.012013,0.680380,-0.585037,0.492714,-0.492704,0.414979
arm_1_right_finger,587.108000,0.523360,0.012014,0.680381,-0.585033,0.492709,-0.492709,0.414985
arm_1_right_finger,587.123000,0.523360,0.012014,0.680381,-0.585031,0.492706,-0.492712,0.414988
arm_1_right_finger,587.141000,0.523359,0.012014,0.680383,-0.585024,0.492698,-0.492720,0.414998
arm_1_right_finger,587.158000,0.523358,0.012014,0.680384,-0.585020,0.492693,-0.492725,0.415003
arm_1_right_finger,587.176000,0.523357,0.012014,0.680385,-0.585016,0.492688,-0.492730,0.415009
arm_1_right_finger,587.193000,0.523357,0.012014,0.680386,-0.585014,0.492686,-0.492732,0.415012
arm_1_right_finger,587.211000,0.523357,0.012014,0.680386,-0.585012,0.492684,-0.492733,0.415014
arm_1_right_finger,587.228000,0.523360,0.012014,0.680381,-0.585031,0.492706,-0.492712,0.414988
arm_1_right_finger,587.245000,0.523359,0.012014,0.680383,-0.585026,0.492701,-0.492717,0.414994
arm_1_right_finger,587.262000,0.523358,0.012014,0.680384,-0.585022,0.492695,-0.492723,0.415001
arm_1_right_finger,587.280000,0.523358,0.012014,0.680385,-0.585017,0.492689,-0.492728,0.415008
arm_1_right_finger,587.297000,0.523357,0.012014,0.680385,-0.585015,0.492687,-0.492731,0.415011
arm_1_right_finger,587.313000,0.523357,0.012014,0.680386,-0.585014,0.492686,-0.492732,0.415012
arm_1_right_finger,587.330000,0.523357,0.012014,0.680386,-0.585012,0.492684,-0.492733,0.415014
arm_1_right_finger,587.347000,0.523360,0.012013,0.680380,-0.585037,0.492714,-0.492704,0.414979
arm_1_right_finger,587.365000,0.523359,0.012014,0.680383,-0.585026,0.492701,-0.492717,0.414994
arm_1_right_finger,587.382000,0.523358,0.012014,0.680384,-0.585022,0.492695,-0.492723,0.415001
arm_1_right_finger,587.400000,0.523358,0.012014,0.680385,-0.585017,0.492689,-0.492728,0.415008
arm_1_right_finger,587.418000,0.523357,0.012014,0.680386,-0.585014,0.492686,-0.492732,0.415012
arm_1_right_finger,587.435000,0.523357,0.012014,0.680386,-0.585012,0.492684,-0.492733,0.415014
arm_1_right_finger,587.453000,0.523360,0.012014,0.680381,-0.585033,0.492709,-0.492709,0.414985
arm_1_right_finger,587.471000,0.523359,0.012014,0.680383,-0.585024,0.492698,-0.492720,0.414998
arm_1_right_finger,587.489000,0.523358,0.012014,0.680385,-0.585018,0.492691,-0.492727,0.415006
arm_1_right_finger,587.506000,0.523357,0.012014,0.680385,-0.585016,0.492688,-0.492730,0.415009
arm_1_right_finger,587.522000,0.523357,0.012014,0.680385,-0.585015,0.492687,-0.492731,0.415011
arm_1_right_finger,587.539000,0.523357,0.012014,0.680386,-0.585013,0.492685,-0.492733,0.415013
arm_1_right_finger,587.557000,0.523360,0.012013,0.680380,-0.585037,0.492714,-0.492704,0.414979
arm_1_right_finger,587.574000,0.523359,0.012014,0.680382,-0.585029,0.492705,-0.492713,0.414990
arm_1_right_finger,587.592000,0.523358,0.012014,0.680384,-0.585022,0.492695,-0.492723,0.415001
arm_1_right_finger,587.610000,0.523358,0.012014,0.680385,-0.585017,0.492689,-0.492728,0.415008
arm_1_right_finger,587.628000,0.523357,0.012014,0.680386,-0.585014,0.492686,-0.492732,0.415012
arm_1_right_finger,587.645000,0.523357,0.012014,0.680386,-0.585012,0.492684,-0.492733,0.415014
arm_1_right_finger,587.662000,0.523360,0.012013,0.680380,-0.585037,0.492714,-0.492704,0.414979
arm_1_right_finger,587.679000,0.523359,0.012014,0.680382,-0.585029,0.492705,-0.492713,0.414990
arm_1_right_finger,587.697000,0.523358,0.012014,0.680384,-0.585022,0.492695,-0.492723,0.415001
arm_1_right_finger,587.714000,0.523358,0.012014,0.680385,-0.585018,0.492691,-0.492727,0.415006
arm_1_right_finger,587.732000,0.523357,0.012014,0.680385,-0.585015,0.492687,-0.492731,0.415011
arm_1_right_finger,587.749000,0.523357,0.012014,0.680386,-0.585013,0.492685,-0.492733,0.415013
arm_1_right_finger,587.766000,0.523357,0.012014,0.680386,-0.585012,0.492684,-0.492734,0.415014
arm_1_right_finger,587.783000,0.523360,0.012014,0.680381,-0.585033,0.492709,-0.492709,0.414985
arm_1_right_finger,587.799000,0.523359,0.012014,0.680382,-0.585029,0.492705,-0.492713,0.414990
arm_1_right_finger,587.816000,0.523359,0.012014,0.680383,-0.585024,0.492698,-0.492720,0.414998
arm_1_right_finger,587.834000,0.523358,0.012014,0.680385,-0.585018,0.492691,-0.492727,0.415006
arm_1_right_finger,587.851000,0.523357,0.012014,0.680385,-0.585016,0.492688,-0.492730,0.415009
arm_1_right_finger,587.868000,0.523357,0.012014,0.680386,-0.585013,0.492685,-0.492732,0.415012
arm_1_right_finger,587.885000,0.523357,0.012014,0.680386,-0.585012,0.492684,-0.492733,0.415014
arm_1_right_finger,587.903000,0.523360,0.012014,0.680381,-0.585033,0.492709,-0.492709,0.414985
arm_1_right_finger,587.920000,0.523359,0.012014,0.680383,-0.585026,0.492701,-0.492717,0.414994
arm_1_right_finger,587.937000,0.523358,0.012014,0.680384,-0.585022,0.492695,-0.492723,0.415001
arm_1_right_finger,587.954000,0.523358,0.012014,0.680385,-0.585018,0.492691,-0.492727,0.415006
arm_1_right_finger,587.971000,0.523357,0.012014,0.680385,-0.585015,0.492687,-0.492730,0.415010
arm_1_right_finger,587.988000,0.523357,0.012014,0.680386,-0.585014,0.492686,-0.492732,0.415012
arm_1_right_finger,588.005000,0.523357,0.012014,0.680386,-0.585012,0.492684,-0.492733,0.415014
arm_1_right_finger,588.021000,0.523357,0.012014,0.680386,-0.585012,0.492684,-0.492733,0.415014
arm_1_right_finger,588.037000,0.523360,0.012013,0.680380,-0.585037,0.492714,-0.492704,0.414979
arm_1_right_finger,588.054000,0.523359,0.012014,0.680382,-0.585029,0.492705,-0.492713,0.414990
arm_1_right_finger,588.071000,0.523359,0.012014,0.680383,-0.585022,0.492696,-0.492722,0.415000
arm_1_right_finger,588.089000,0.523358,0.012014,0.680385,-0.585018,0.492691,-0.492727,0.415006
arm_1_right_finger,588.106000,0.523357,0.012014,0.680385,-0.585016,0.492688,-0.492730,0.415009
arm_1_right_finger,588.124000,0.523357,0.012014,0.680386,-0.585013,0.492685,-0.492733,0.415013
arm_1_right_finger,588.140000,0.523357,0.012014,0.680386,-0.585012,0.492684,-0.492733,0.415014
arm_1_right_finger,588.157000,0.523360,0.012013,0.680380,-0.585037,0.492714,-0.492704,0.414979
arm_1_right_finger,588.175000,0.523359,0.012014,0.680383,-0.585025,0.492699,-0.492719,0.414996
arm_1_right_finger,588.192000,0.523358,0.012014,0.680384,-0.585021,0.492695,-0.492723,0.415001
arm_1_right_finger,588.210000,0.523358,0.012014,0.680385,-0.585017,0.492689,-0.492728,0.415008
arm_1_right_finger,588.227000,0.523357,0.012014,0.680385,-0.585015,0.492687,-0.492731,0.415011
arm_1_right_finger,588.245000,0.523357,0.012014,0.680386,-0.585012,0.492684,-0.492733,0.415014
arm_1_right_finger,588.263000,0.523360,0.012014,0.680381,-0.585033,0.492709,-0.492709,0.414985
arm_1_right_finger,588.281000,0.523359,0.012014,0.680383,-0.585022,0.492696,-0.492722,0.415000
arm_1_right_finger,588.298000,0.523358,0.012014,0.680384,-0.585020,0.492693,-0.492725,0.415004
arm_1_right_finger,588.315000,0.523358,0.012014,0.680385,-0.585017,0.492689,-0.492728,0.415008
arm_1_right_finger,588.333000,0.523357,0.012014,0.680386,-0.585014,0.492686,-0.492732,0.415012
arm_1_right_finger,588.350000,0.523357,0.012014,0.680386,-0.585012,0.492684,-0.492733,0.415014
arm_1_right_finger,588.367000,0.523360,0.012013,0.680380,-0.585037,0.492714,-0.492704,0.414979
