entity,sim_t,x,y,z,qx,qy,qz,qw
arm_1,384.498000,0.000000,-0.350000,0.600000,0.000000,0.000000,0.707107,0.707107
arm_1,384.513000,0.000000,-0.350000,0.600000,0.000000,0.000000,0.707107,0.707107
arm_1,384.529000,0.000000,-0.350000,0.600000,0.000000,0.000000,0.707107,0.707107
arm_1,384.545000,0.000000,-0.350000,0.600000,0.000000,0.000000,0.707107,0.707107
arm_1,384.562000,0.000000,-0.350000,0.600000,0.000000,0.000000,0.707107,0.707107
arm_1,384.579000,0.000000,-0.350000,0.600000,0.000000,0.000000,0.707107,0.707107
arm_1,384.596000,0.000000,-0.350000,0.600000,0.000000,0.000000,0.707107,0.707107
arm_1,384.612000,0.000000,-0.350000,0.600000,0.000000,0.000000,0.707107,0.707107
arm_1,384.629000,0.000000,-0.350000,0.600000,0.000000,0.000000,0.707107,0.707107
arm_1,384.646000,0.000000,-0.350000,0.600000,0.000000,0.000000,0.707107,0.707107
arm_1,384.662000,0.000000,-0.350000,0.600000,0.000000,0.000000,0.707107,0.707107
arm_1,384.678000,0.000000,-0.350000,0.600000,0.000000,0.000000,0.707107,0.707107
arm_1,384.693000,0.000000,-0.350000,0.600000,0.000000,0.000000,0.707107,0.707107
arm_1,384.708000,0.000000,-0.350000,0.600000,0.000000,0.000000,0.707107,0.707107
arm_1,384.723000,0.000000,-0.350000,0.600000,0.000000,0.000000,0.707107,0.707107
arm_1,384.738000,0.000000,-0.350000,0.600000,0.000000,0.000000,0.707107,0.707107
arm_1,384.754000,0.000000,-0.350000,0.600000,0.000000,0.000000,0.707107,0.707107
arm_1,384.768000,0.000000,-0.350000,0.600000,0.000000,0.000000,0.707107,0.707107
arm_1,384.784000,0.000000,-0.350000,0.600000,0.000000,0.000000,0.707107,0.707107
arm_1,384.802000,0.000000,-0.350000,0.600000,0.000000,0.000000,0.707107,0.707107
arm_1,384.819000,0.000000,-0.350000,0.600000,0.000000,0.000000,0.707107,0.707107
arm_1,384.836000,0.000000,-0.350000,0.600000,0.000000,0.000000,0.707107,0.707107
arm_1,384.853000,0.000000,-0.350000,0.600000,0.000000,0.000000,0.707107,0.707107
arm_1,384.870000,0.000000,-0.350000,0.600000,0.000000,0.000000,0.707107,0.707107
arm_1,384.887000,0.000000,-0.350000,0.600000,0.000000,0.000000,0.707107,0.707107
arm_1,384.904000,0.000000,-0.350000,0.600000,0.000000,0.000000,0.707107,0.707107
arm_1,384.921000,0.000000,-0.350000,0.600000,0.000000,0.000000,0.707107,0.707107
arm_1,384.937000,0.000000,-0.350000,0.600000,0.000000,0.000000,0.707107,0.707107
arm_1,384.954000,0.000000,-0.350000,0.600000,0.000000,0.000000,0.707107,0.707107
arm_1,384.971000,0.000000,-0.350000,0.600000,0.000000,0.000000,0.707107,0.707107
arm_1,384.988000,0.000000,-0.350000,0.600000,0.000000,0.000000,0.707107,0.707107
arm_1,385.005000,0.000000,-0.350000,0.600000,0.000000,0.000000,0.707107,0.707107
arm_1,385.021000,0.000000,-0.350000,0.600000,0.000000,0.000000,0.707107,0.707107
arm_1,385.039000,0.000000,-0.350000,0.600000,0.000000,0.000000,0.707107,0.707107
arm_1,385.055000,0.000000,-0.350000,0.600000,0.000000,0.000000,0.707107,0.707107
arm_1,385.071000,0.000000,-0.350000,0.600000,0.000000,0.000000,0.707107,0.707107
arm_1,385.086000,0.000000,-0.350000,0.600000,0.000000,0.000000,0.707107,0.707107
arm_1,385.102000,0.000000,-0.350000,0.600000,0.000000,0.000000,0.707107,0.707107
arm_1,385.118000,0.000000,-0.350000,0.600000,0.000000,0.000000,0.707107,0.707107
arm_1,385.135000,0.000000,-0.350000,0.600000,0.000000,0.000000,0.707107,0.707107
arm_1,385.152000,0.000000,-0.350000,0.600000,0.000000,0.000000,0.707107,0.707107
arm_1,385.169000,0.000000,-0.350000,0.600000,0.000000,0.000000,0.707107,0.707107
arm_1,385.186000,0.000000,-0.350000,0.600000,0.000000,0.000000,0.707107,0.707107
arm_1,385.203000,0.000000,-0.350000,0.600000,0.000000,0.000000,0.707107,0.707107
arm_1,385.220000,0.000000,-0.350000,0.600000,0.000000,0.000000,0.707107,0.707107
arm_1,385.237000,0.000000,-0.350000,0.600000,0.000000,0.000000,0.707107,0.707107
arm_1,385.254000,0.000000,-0.350000,0.600000,0.000000,0.000000,0.707107,0.707107
arm_1,385.271000,0.000000,-0.350000,0.600000,0.000000,0.000000,0.707107,0.707107
arm_1,385.288000,0.000000,-0.350000,0.600000,0.000000,0.000000,0.707107,0.707107
arm_1,385.305000,0.000000,-0.350000,0.600000,0.000000,0.000000,0.707107,0.707107
arm_1,385.322000,0.000000,-0.350000,0.600000,0.000000,0.000000,0.707107,0.707107
arm_1,385.339000,0.000000,-0.350000,0.600000,0.000000,0.000000,0.707107,0.707107
arm_1,385.356000,0.000000,-0.350000,0.600000,0.000000,0.000000,0.707107,0.707107
arm_1,385.373000,0.000000,-0.350000,0.600000,0.000000,0.000000,0.707107,0.707107
arm_1,385.390000,0.000000,-0.350000,0.600000,0.000000,0.000000,0.707107,0.707107
arm_1,385.407000,0.000000,-0.350000,0.600000,0.000000,0.000000,0.707107,0.707107
arm_1,385.423000,0.000000,-0.350000,0.600000,0.000000,0.000000,0.707107,0.707107
arm_1,385.439000,0.000000,-0.350000,0.600000,0.000000,0.000000,0.707107,0.707107
arm_1,385.456000,0.000000,-0.350000,0.600000,0.000000,0.000000,0.707107,0.707107
arm_1,385.472000,0.000000,-0.350000,0.600000,0.000000,0.000000,0.707107,0.707107
arm_1,385.489000,0.000000,-0.350000,0.600000,0.000000,0.000000,0.707107,0.707107
arm_1,385.506000,0.000000,-0.350000,0.600000,0.000000,0.000000,0.707107,0.707107
arm_1,385.523000,0.000000,-0.350000,0.600000,0.000000,0.000000,0.707107,0.707107
arm_1,385.539000,0.000000,-0.350000,0.600000,0.000000,0.000000,0.707107,0.707107
arm_1,385.554000,0.000000,-0.350000,0.600000,0.000000,0.000000,0.707107,0.707107
arm_1,385.571000,0.000000,-0.350000,0.600000,0.000000,0.000000,0.707107,0.707107
arm_1,385.588000,0.000000,-0.350000,0.600000,0.000000,0.000000,0.707107,0.707107
arm_1,385.605000,0.000000,-0.350000,0.600000,0.000000,0.000000,0.707107,0.707107
arm_1,385.622000,0.000000,-0.350000,0.600000,0.000000,0.000000,0.707107,0.707107
arm_1,385.639000,0.000000,-0.350000,0.600000,0.000000,0.000000,0.707107,0.707107
arm_1,385.657000,0.000000,-0.350000,0.600000,0.000000,0.000000,0.707107,0.707107
arm_1,385.674000,0.000000,-0.350000,0.600000,0.000000,0.000000,0.707107,0.707107
arm_1,385.692000,0.000000,-0.350000,0.600000,0.000000,0.000000,0.707107,0.707107
arm_1,385.709000,0.000000,-0.350000,0.600000,0.000000,0.000000,0.707107,0.707107
arm_1,385.726000,0.000000,-0.350000,0.600000,0.000000,0.000000,0.707107,0.707107
arm_1,385.743000,0.000000,-0.350000,0.600000,0.000000,0.000000,0.707107,0.707107
arm_1,385.760000,0.000000,-0.350000,0.600000,0.000000,0.000000,0.707107,0.707107
arm_1,385.778000,0.000000,-0.350000,0.600000,0.000000,0.000000,0.707107,0.707107
arm_1,385.795000,0.000000,-0.350000,0.600000,0.000000,0.000000,0.707107,0.707107
arm_1,385.812000,0.000000,-0.350000,0.600000,0.000000,0.000000,0.707107,0.707107
arm_1,385.829000,0.000000,-0.350000,0.600000,0.000000,0.000000,0.707107,0.707107
arm_1,385.846000,0.000000,-0.350000,0.600000,0.000000,0.000000,0.707107,0.707107
arm_1,385.863000,0.000000,-0.350000,0.600000,0.000000,0.000000,0.707107,0.707107
arm_1,385.880000,0.000000,-0.350000,0.600000,0.000000,0.000000,0.707107,0.707107
arm_1,385.897000,0.000000,-0.350000,0.600000,0.000000,0.000000,0.707107,0.707107
arm_1,385.914000,0.000000,-0.350000,0.600000,0.000000,0.000000,0.707107,0.707107
arm_1,385.932000,0.000000,-0.350000,0.600000,0.000000,0.000000,0.707107,0.707107
arm_1,385.947000,0.000000,-0.350000,0.600000,0.000000,0.000000,0.707107,0.707107
arm_1,385.964000,0.000000,-0.350000,0.600000,0.000000,0.000000,0.707107,0.707107
arm_1,385.981000,0.000000,-0.350000,0.600000,0.000000,0.000000,0.707107,0.707107
arm_1,385.998000,0.000000,-0.350000,0.600000,0.000000,0.000000,0.707107,0.707107
arm_1,386.015000,0.000000,-0.350000,0.600000,0.000000,0.000000,0.707107,0.707107
arm_1,386.032000,0.000000,-0.350000,0.600000,0.000000,0.000000,0.707107,0.707107
arm_1,386.048000,0.000000,-0.350000,0.600000,0.000000,0.000000,0.707107,0.707107
arm_1,386.065000,0.000000,-0.350000,0.600000,0.000000,0.000000,0.707107,0.707107
arm_1,386.083000,0.000000,-0.350000,0.600000,0.000000,0.000000,0.707107,0.707107
arm_1,386.100000,0.000000,-0.350000,0.600000,0.000000,0.000000,0.707107,0.707107
arm_1,386.116000,0.000000,-0.350000,0.600000,0.000000,0.000000,0.707107,0.707107
arm_1,386.133000,0.000000,-0.350000,0.600000,0.000000,0.000000,0.707107,0.707107
arm_1,386.151000,0.000000,-0.350000,0.600000,0.000000,0.000000,0.707107,0.707107
arm_1,386.168000,0.000000,-0.350000,0.600000,0.000000,0.000000,0.707107,0.707107
arm_1,386.184000,0.000000,-0.350000,0.600000,0.000000,0.000000,0.707107,0.707107
arm_1,386.199000,0.000000,-0.350000,0.600000,0.000000,0.000000,0.707107,0.707107
arm_1,386.215000,0.000000,-0.350000,0.600000,0.000000,0.000000,0.707107,0.707107
arm_1,386.232000,0.000000,-0.350000,0.600000,0.000000,0.000000,0.707107,0.707107
arm_1,386.249000,0.000000,-0.350000,0.600000,0.000000,0.000000,0.707107,0.707107
arm_1,386.266000,0.000000,-0.350000,0.600000,0.000000,0.000000,0.707107,0.707107
arm_1,386.282000,0.000000,-0.350000,0.600000,0.000000,0.000000,0.707107,0.707107
arm_1,386.299000,0.000000,-0.350000,0.600000,0.000000,0.000000,0.707107,0.707107
arm_1,386.316000,0.000000,-0.350000,0.600000,0.000000,0.000000,0.707107,0.707107
arm_1,386.333000,0.000000,-0.350000,0.600000,0.000000,0.000000,0.707107,0.707107
arm_1,386.350000,0.000000,-0.350000,0.600000,0.000000,0.000000,0.707107,0.707107
arm_1,386.367000,0.000000,-0.350000,0.600000,0.000000,0.000000,0.707107,0.707107
arm_1,386.384000,0.000000,-0.350000,0.600000,0.000000,0.000000,0.707107,0.707107
arm_1,386.401000,0.000000,-0.350000,0.600000,0.000000,0.000000,0.707107,0.707107
arm_1,386.418000,0.000000,-0.350000,0.600000,0.000000,0.000000,0.707107,0.707107
arm_1,386.435000,0.000000,-0.350000,0.600000,0.000000,0.000000,0.707107,0.707107
arm_1,386.450000,0.000000,-0.350000,0.600000,0.000000,0.000000,0.707107,0.707107
arm_1,386.467000,0.000000,-0.350000,0.600000,0.000000,0.000000,0.707107,0.707107
arm_1,386.483000,0.000000,-0.350000,0.600000,0.000000,0.000000,0.707107,0.707107
arm_1,386.500000,0.000000,-0.350000,0.600000,0.000000,0.000000,0.707107,0.707107
arm_1,386.515000,0.000000,-0.350000,0.600000,0.000000,0.000000,0.707107,0.707107
arm_1,386.530000,0.000000,-0.350000,0.600000,0.000000,0.000000,0.707107,0.707107
arm_1,386.545000,0.000000,-0.350000,0.600000,0.000000,0.000000,0.707107,0.707107
arm_1,386.559000,0.000000,-0.350000,0.600000,0.000000,0.000000,0.707107,0.707107
arm_1,386.575000,0.000000,-0.350000,0.600000,0.000000,0.000000,0.707107,0.707107
arm_1,386.591000,0.000000,-0.350000,0.600000,0.000000,0.000000,0.707107,0.707107
arm_1,386.608000,0.000000,-0.350000,0.600000,0.000000,0.000000,0.707107,0.707107
arm_1,386.625000,0.000000,-0.350000,0.600000,0.000000,0.000000,0.707107,0.707107
arm_1,386.642000,0.000000,-0.350000,0.600000,0.000000,0.000000,0.707107,0.707107
arm_1,386.659000,0.000000,-0.350000,0.600000,0.000000,0.000000,0.707107,0.707107
arm_1,386.676000,0.000000,-0.350000,0.600000,0.000000,0.000000,0.707107,0.707107
arm_1,386.693000,0.000000,-0.350000,0.600000,0.000000,0.000000,0.707107,0.707107
arm_1,386.709000,0.000000,-0.350000,0.600000,0.000000,0.000000,0.707107,0.707107
arm_1,386.726000,0.000000,-0.350000,0.600000,0.000000,0.000000,0.707107,0.707107
arm_1,386.743000,0.000000,-0.350000,0.600000,0.000000,0.000000,0.707107,0.707107
arm_1,386.760000,0.000000,-0.350000,0.600000,0.000000,0.000000,0.707107,0.707107
arm_1,386.777000,0.000000,-0.350000,0.600000,0.000000,0.000000,0.707107,0.707107
arm_1,386.794000,0.000000,-0.350000,0.600000,0.000000,0.000000,0.707107,0.707107
arm_1,386.811000,0.000000,-0.350000,0.600000,0.000000,0.000000,0.707107,0.707107
arm_1,386.828000,0.000000,-0.350000,0.600000,0.000000,0.000000,0.707107,0.707107
arm_1,386.845000,0.000000,-0.350000,0.600000,0.000000,0.000000,0.707107,0.707107
arm_1,386.862000,0.000000,-0.350000,0.600000,0.000000,0.000000,0.707107,0.707107
arm_1,386.880000,0.000000,-0.350000,0.600000,0.000000,0.000000,0.707107,0.707107
arm_1,386.897000,0.000000,-0.350000,0.600000,0.000000,0.000000,0.707107,0.707107
arm_1,386.914000,0.000000,-0.350000,0.600000,0.000000,0.000000,0.707107,0.707107
arm_1,386.932000,0.000000,-0.350000,0.600000,0.000000,0.000000,0.707107,0.707107
arm_1,386.948000,0.000000,-0.350000,0.600000,0.000000,0.000000,0.707107,0.707107
arm_1,386.965000,0.000000,-0.350000,0.600000,0.000000,0.000000,0.707107,0.707107
arm_1,386.982000,0.000000,-0.350000,0.600000,0.000000,0.000000,0.707107,0.707107
arm_1,386.998000,0.000000,-0.350000,0.600000,0.000000,0.000000,0.707107,0.707107
arm_1,387.014000,0.000000,-0.350000,0.600000,0.000000,0.000000,0.707107,0.707107
arm_1,387.031000,0.000000,-0.350000,0.600000,0.000000,0.000000,0.707107,0.707107
arm_1,387.048000,0.000000,-0.350000,0.600000,0.000000,0.000000,0.707107,0.707107
arm_1,387.065000,0.000000,-0.350000,0.600000,0.000000,0.000000,0.707107,0.707107
arm_1,387.082000,0.000000,-0.350000,0.600000,0.000000,0.000000,0.707107,0.707107
arm_1,387.099000,0.000000,-0.350000,0.600000,0.000000,0.000000,0.707107,0.707107
arm_1,387.116000,0.000000,-0.350000,0.600000,0.000000,0.000000,0.707107,0.707107
arm_1,387.132000,0.000000,-0.350000,0.600000,0.000000,0.000000,0.707107,0.707107
arm_1,387.148000,0.000000,-0.350000,0.600000,0.000000,0.000000,0.707107,0.707107
arm_1,387.165000,0.000000,-0.350000,0.600000,0.000000,0.000000,0.707107,0.707107
arm_1,387.182000,0.000000,-0.350000,0.600000,0.000000,0.000000,0.707107,0.707107
arm_1,387.199000,0.000000,-0.350000,0.600000,0.000000,0.000000,0.707107,0.707107
arm_1,387.215000,0.000000,-0.350000,0.600000,0.000000,0.000000,0.707107,0.707107
arm_1,387.233000,0.000000,-0.350000,0.600000,0.000000,0.000000,0.707107,0.707107
arm_1,387.250000,0.000000,-0.350000,0.600000,0.000000,0.000000,0.707107,0.707107
arm_1,387.267000,0.000000,-0.350000,0.600000,0.000000,0.000000,0.707107,0.707107
arm_1,387.284000,0.000000,-0.350000,0.600000,0.000000,0.000000,0.707107,0.707107
arm_1,387.301000,0.000000,-0.350000,0.600000,0.000000,0.000000,0.707107,0.707107
arm_1,387.318000,0.000000,-0.350000,0.600000,0.000000,0.000000,0.707107,0.707107
arm_1,387.335000,0.000000,-0.350000,0.600000,0.000000,0.000000,0.707107,0.707107
arm_1,387.351000,0.000000,-0.350000,0.600000,0.000000,0.000000,0.707107,0.707107
arm_1,387.367000,0.000000,-0.350000,0.600000,0.000000,0.000000,0.707107,0.707107
arm_1,387.383000,0.000000,-0.350000,0.600000,0.000000,0.000000,0.707107,0.707107
arm_1,387.399000,0.000000,-0.350000,0.600000,0.000000,0.000000,0.707107,0.707107
arm_1,387.415000,0.000000,-0.350000,0.600000,0.000000,0.000000,0.707107,0.707107
arm_1,387.432000,0.000000,-0.350000,0.600000,0.000000,0.000000,0.707107,0.707107
arm_1,387.449000,0.000000,-0.350000,0.600000,0.000000,0.000000,0.707107,0.707107
arm_1,387.465000,0.000000,-0.350000,0.600000,0.000000,0.000000,0.707107,0.707107
arm_1,387.482000,0.000000,-0.350000,0.600000,0.000000,0.000000,0.707107,0.707107
arm_1,387.498000,0.000000,-0.350000,0.600000,0.000000,0.000000,0.707107,0.707107
arm_1,387.515000,0.000000,-0.350000,0.600000,0.000000,0.000000,0.707107,0.707107
arm_1,387.532000,0.000000,-0.350000,0.600000,0.000000,0.000000,0.707107,0.707107
arm_1,387.549000,0.000000,-0.350000,0.600000,0.000000,0.000000,0.707107,0.707107
arm_1,387.566000,0.000000,-0.350000,0.600000,0.000000,0.000000,0.707107,0.707107
arm_1,387.583000,0.000000,-0.350000,0.600000,0.000000,0.000000,0.707107,0.707107
arm_1,387.599000,0.000000,-0.350000,0.600000,0.000000,0.000000,0.707107,0.707107
arm_1,387.616000,0.000000,-0.350000,0.600000,0.000000,0.000000,0.707107,0.707107
arm_1,387.633000,0.000000,-0.350000,0.600000,0.000000,0.000000,0.707107,0.707107
arm_1,387.650000,0.000000,-0.350000,0.600000,0.000000,0.000000,0.707107,0.707107
arm_1,387.667000,0.000000,-0.350000,0.600000,0.000000,0.000000,0.707107,0.707107
arm_1,387.684000,0.000000,-0.350000,0.600000,0.000000,0.000000,0.707107,0.707107
arm_1,387.701000,0.000000,-0.350000,0.600000,0.000000,0.000000,0.707107,0.707107
arm_1,387.718000,0.000000,-0.350000,0.600000,0.000000,0.000000,0.707107,0.707107
arm_1,387.735000,0.000000,-0.350000,0.600000,0.000000,0.000000,0.707107,0.707107
arm_1,387.752000,0.000000,-0.350000,0.600000,0.000000,0.000000,0.707107,0.707107
arm_1,387.769000,0.000000,-0.350000,0.600000,0.000000,0.000000,0.707107,0.707107
arm_1,387.786000,0.000000,-0.350000,0.600000,0.000000,0.000000,0.707107,0.707107
arm_1,387.803000,0.000000,-0.350000,0.600000,0.000000,0.000000,0.707107,0.707107
arm_1,387.820000,0.000000,-0.350000,0.600000,0.000000,0.000000,0.707107,0.707107
arm_1,387.837000,0.000000,-0.350000,0.600000,0.000000,0.000000,0.707107,0.707107
arm_1,387.854000,0.000000,-0.350000,0.600000,0.000000,0.000000,0.707107,0.707107
arm_1,387.871000,0.000000,-0.350000,0.600000,0.000000,0.000000,0.707107,0.707107
arm_1,387.888000,0.000000,-0.350000,0.600000,0.000000,0.000000,0.707107,0.707107
arm_1,387.903000,0.000000,-0.350000,0.600000,0.000000,0.000000,0.707107,0.707107
arm_1,387.920000,0.000000,-0.350000,0.600000,0.000000,0.000000,0.707107,0.707107
arm_1,387.937000,0.000000,-0.350000,0.600000,0.000000,0.000000,0.707107,0.707107
arm_1,387.954000,0.000000,-0.350000,0.600000,0.000000,0.000000,0.707107,0.707107
arm_1,387.970000,0.000000,-0.350000,0.600000,0.000000,0.000000,0.707107,0.707107
arm_1,387.986000,0.000000,-0.350000,0.600000,0.000000,0.000000,0.707107,0.707107
arm_1,388.002000,0.000000,-0.350000,0.600000,0.000000,0.000000,0.707107,0.707107
arm_1,388.019000,0.000000,-0.350000,0.600000,0.000000,0.000000,0.707107,0.707107
arm_1,388.036000,0.000000,-0.350000,0.600000,0.000000,0.000000,0.707107,0.707107
arm_1,388.052000,0.000000,-0.350000,0.600000,0.000000,0.000000,0.707107,0.707107
arm_1,388.068000,0.000000,-0.350000,0.600000,0.000000,0.000000,0.707107,0.707107
arm_1,388.085000,0.000000,-0.350000,0.600000,0.000000,0.000000,0.707107,0.707107
arm_1,388.102000,0.000000,-0.350000,0.600000,0.000000,0.000000,0.707107,0.707107
arm_1,388.119000,0.000000,-0.350000,0.600000,0.000000,0.000000,0.707107,0.707107
arm_1,388.136000,0.000000,-0.350000,0.600000,0.000000,0.000000,0.707107,0.707107
arm_1,388.153000,0.000000,-0.350000,0.600000,0.000000,0.000000,0.707107,0.707107
arm_1,388.170000,0.000000,-0.350000,0.600000,0.000000,0.000000,0.707107,0.707107
arm_1,388.187000,0.000000,-0.350000,0.600000,0.000000,0.000000,0.707107,0.707107
arm_1,388.204000,0.000000,-0.350000,0.600000,0.000000,0.000000,0.707107,0.707107
arm_1,388.221000,0.000000,-0.350000,0.600000,0.000000,0.000000,0.707107,0.707107
arm_1,388.238000,0.000000,-0.350000,0.600000,0.000000,0.000000,0.707107,0.707107
arm_1,388.255000,0.000000,-0.350000,0.600000,0.000000,0.000000,0.707107,0.707107
arm_1,388.272000,0.000000,-0.350000,0.600000,0.000000,0.000000,0.707107,0.707107
arm_1,388.289000,0.000000,-0.350000,0.600000,0.000000,0.000000,0.707107,0.707107
arm_1,388.306000,0.000000,-0.350000,0.600000,0.000000,0.000000,0.707107,0.707107
arm_1,388.324000,0.000000,-0.350000,0.600000,0.000000,0.000000,0.707107,0.707107
arm_1,388.341000,0.000000,-0.350000,0.600000,0.000000,0.000000,0.707107,0.707107
arm_1,388.359000,0.000000,-0.350000,0.600000,0.000000,0.000000,0.707107,0.707107
arm_1,388.376000,0.000000,-0.350000,0.600000,0.000000,0.000000,0.707107,0.707107
arm_1,388.393000,0.000000,-0.350000,0.600000,0.000000,0.000000,0.707107,0.707107
arm_1,388.409000,0.000000,-0.350000,0.600000,0.000000,0.000000,0.707107,0.707107
arm_1,388.424000,0.000000,-0.350000,0.600000,0.000000,0.000000,0.707107,0.707107
arm_1,388.441000,0.000000,-0.350000,0.600000,0.000000,0.000000,0.707107,0.707107
arm_1,388.458000,0.000000,-0.350000,0.600000,0.000000,0.000000,0.707107,0.707107
arm_1,388.475000,0.000000,-0.350000,0.600000,0.000000,0.000000,0.707107,0.707107
arm_1,388.491000,0.000000,-0.350000,0.600000,0.000000,0.000000,0.707107,0.707107
arm_1,388.508000,0.000000,-0.350000,0.600000,0.000000,0.000000,0.707107,0.707107
arm_1,388.524000,0.000000,-0.350000,0.600000,0.000000,0.000000,0.707107,0.707107
arm_1,388.540000,0.000000,-0.350000,0.600000,0.000000,0.000000,0.707107,0.707107
arm_1,388.557000,0.000000,-0.350000,0.600000,0.000000,0.000000,0.707107,0.707107
arm_1,388.574000,0.000000,-0.350000,0.600000,0.000000,0.000000,0.707107,0.707107
arm_1,388.591000,0.000000,-0.350000,0.600000,0.000000,0.000000,0.707107,0.707107
arm_1,388.608000,0.000000,-0.350000,0.600000,0.000000,0.000000,0.707107,0.707107
arm_1,388.625000,0.000000,-0.350000,0.600000,0.000000,0.000000,0.707107,0.707107
arm_1,388.641000,0.000000,-0.350000,0.600000,0.000000,0.000000,0.707107,0.707107
arm_1,388.657000,0.000000,-0.350000,0.600000,0.000000,0.000000,0.707107,0.707107
arm_1,388.673000,0.000000,-0.350000,0.600000,0.000000,0.000000,0.707107,0.707107
arm_1,388.691000,0.000000,-0.350000,0.600000,0.000000,0.000000,0.707107,0.707107
arm_1,388.708000,0.000000,-0.350000,0.600000,0.000000,0.000000,0.707107,0.707107
arm_1,388.724000,0.000000,-0.350000,0.600000,0.000000,0.000000,0.707107,0.707107
arm_1,388.740000,0.000000,-0.350000,0.600000,0.000000,0.000000,0.707107,0.707107
arm_1,388.757000,0.000000,-0.350000,0.600000,0.000000,0.000000,0.707107,0.707107
arm_1,388.774000,0.000000,-0.350000,0.600000,0.000000,0.000000,0.707107,0.707107
arm_1,388.791000,0.000000,-0.350000,0.600000,0.000000,0.000000,0.707107,0.707107
arm_1,388.808000,0.000000,-0.350000,0.600000,0.000000,0.000000,0.707107,0.707107
arm_1,388.823000,0.000000,-0.350000,0.600000,0.000000,0.000000,0.707107,0.707107
arm_1,388.840000,0.000000,-0.350000,0.600000,0.000000,0.000000,0.707107,0.707107
arm_1,388.857000,0.000000,-0.350000,0.600000,0.000000,0.000000,0.707107,0.707107
arm_1,388.873000,0.000000,-0.350000,0.600000,0.000000,0.000000,0.707107,0.707107
arm_1,388.889000,0.000000,-0.350000,0.600000,0.000000,0.000000,0.707107,0.707107
arm_1,388.906000,0.000000,-0.350000,0.600000,0.000000,0.000000,0.707107,0.707107
arm_1,388.923000,0.000000,-0.350000,0.600000,0.000000,0.000000,0.707107,0.707107
arm_1,388.940000,0.000000,-0.350000,0.600000,0.000000,0.000000,0.707107,0.707107
arm_1,388.956000,0.000000,-0.350000,0.600000,0.000000,0.000000,0.707107,0.707107
arm_1,388.972000,0.000000,-0.350000,0.600000,0.000000,0.000000,0.707107,0.707107
arm_1,388.989000,0.000000,-0.350000,0.600000,0.000000,0.000000,0.707107,0.707107
arm_1,389.005000,0.000000,-0.350000,0.600000,0.000000,0.000000,0.707107,0.707107
arm_1,389.021000,0.000000,-0.350000,0.600000,0.000000,0.000000,0.707107,0.707107
arm_1,389.038000,0.000000,-0.350000,0.600000,0.000000,0.000000,0.707107,0.707107
arm_1,389.054000,0.000000,-0.350000,0.600000,0.000000,0.000000,0.707107,0.707107
arm_1,389.071000,0.000000,-0.350000,0.600000,0.000000,0.000000,0.707107,0.707107
arm_1,389.088000,0.000000,-0.350000,0.600000,0.000000,0.000000,0.707107,0.707107
arm_1,389.105000,0.000000,-0.350000,0.600000,0.000000,0.000000,0.707107,0.707107
arm_1,389.122000,0.000000,-0.350000,0.600000,0.000000,0.000000,0.707107,0.707107
arm_1,389.138000,0.000000,-0.350000,0.600000,0.000000,0.000000,0.707107,0.707107
arm_1,389.154000,0.000000,-0.350000,0.600000,0.000000,0.000000,0.707107,0.707107
arm_1,389.170000,0.000000,-0.350000,0.600000,0.000000,0.000000,0.707107,0.707107
arm_1,389.187000,0.000000,-0.350000,0.600000,0.000000,0.000000,0.707107,0.707107
arm_1,389.204000,0.000000,-0.350000,0.600000,0.000000,0.000000,0.707107,0.707107
arm_1,389.221000,0.000000,-0.350000,0.600000,0.000000,0.000000,0.707107,0.707107
arm_1,389.238000,0.000000,-0.350000,0.600000,0.000000,0.000000,0.707107,0.707107
arm_1,389.256000,0.000000,-0.350000,0.600000,0.000000,0.000000,0.707107,0.707107
arm_1,389.273000,0.000000,-0.350000,0.600000,0.000000,0.000000,0.707107,0.707107
arm_1,389.290000,0.000000,-0.350000,0.600000,0.000000,0.000000,0.707107,0.707107
arm_1,389.307000,0.000000,-0.350000,0.600000,0.000000,0.000000,0.707107,0.707107
arm_1,389.324000,0.000000,-0.350000,0.600000,0.000000,0.000000,0.707107,0.707107
arm_1,389.341000,0.000000,-0.350000,0.600000,0.000000,0.000000,0.707107,0.707107
arm_1,389.356000,0.000000,-0.350000,0.600000,0.000000,0.000000,0.707107,0.707107
arm_1,389.372000,0.000000,-0.350000,0.600000,0.000000,0.000000,0.707107,0.707107
arm_1,389.389000,0.000000,-0.350000,0.600000,0.000000,0.000000,0.707107,0.707107
arm_1,389.405000,0.000000,-0.350000,0.600000,0.000000,0.000000,0.707107,0.707107
arm_1,389.422000,0.000000,-0.350000,0.600000,0.000000,0.000000,0.707107,0.707107
arm_1,389.439000,0.000000,-0.350000,0.600000,0.000000,0.000000,0.707107,0.707107
arm_1,389.456000,0.000000,-0.350000,0.600000,0.000000,0.000000,0.707107,0.707107
arm_1,389.473000,0.000000,-0.350000,0.600000,0.000000,0.000000,0.707107,0.707107
arm_1,389.490000,0.000000,-0.350000,0.600000,0.000000,0.000000,0.707107,0.707107
arm_1,389.505000,0.000000,-0.350000,0.600000,0.000000,0.000000,0.707107,0.707107
arm_1,389.519000,0.000000,-0.350000,0.600000,0.000000,0.000000,0.707107,0.707107
arm_1,389.534000,0.000000,-0.350000,0.600000,0.000000,0.000000,0.707107,0.707107
arm_1,389.549000,0.000000,-0.350000,0.600000,0.000000,0.000000,0.707107,0.707107
arm_1,389.564000,0.000000,-0.350000,0.600000,0.000000,0.000000,0.707107,0.707107
arm_1,389.580000,0.000000,-0.350000,0.600000,0.000000,0.000000,0.707107,0.707107
arm_1,389.597000,0.000000,-0.350000,0.600000,0.000000,0.000000,0.707107,0.707107
arm_1,389.614000,0.000000,-0.350000,0.600000,0.000000,0.000000,0.707107,0.707107
arm_1,389.631000,0.000000,-0.350000,0.600000,0.000000,0.000000,0.707107,0.707107
arm_1,389.648000,0.000000,-0.350000,0.600000,0.000000,0.000000,0.707107,0.707107
arm_1,389.665000,0.000000,-0.350000,0.600000,0.000000,0.000000,0.707107,0.707107
arm_1,389.683000,0.000000,-0.350000,0.600000,0.000000,0.000000,0.707107,0.707107
arm_1,389.700000,0.000000,-0.350000,0.600000,0.000000,0.000000,0.707107,0.707107
arm_1,389.717000,0.000000,-0.350000,0.600000,0.000000,0.000000,0.707107,0.707107
arm_1,389.734000,0.000000,-0.350000,0.600000,0.000000,0.000000,0.707107,0.707107
arm_1,389.751000,0.000000,-0.350000,0.600000,0.000000,0.000000,0.707107,0.707107
arm_1,389.768000,0.000000,-0.350000,0.600000,0.000000,0.000000,0.707107,0.707107
arm_1,389.785000,0.000000,-0.350000,0.600000,0.000000,0.000000,0.707107,0.707107
arm_1,389.802000,0.000000,-0.350000,0.600000,0.000000,0.000000,0.707107,0.707107
arm_1,389.819000,0.000000,-0.350000,0.600000,0.000000,0.000000,0.707107,0.707107
arm_1,389.835000,0.000000,-0.350000,0.600000,0.000000,0.000000,0.707107,0.707107
arm_1,389.852000,0.000000,-0.350000,0.600000,0.000000,0.000000,0.707107,0.707107
arm_1,389.867000,0.000000,-0.350000,0.600000,0.000000,0.000000,0.707107,0.707107
arm_1,389.884000,0.000000,-0.350000,0.600000,0.000000,0.000000,0.707107,0.707107
arm_1,389.900000,0.000000,-0.350000,0.600000,0.000000,0.000000,0.707107,0.707107
arm_1,389.917000,0.000000,-0.350000,0.600000,0.000000,0.000000,0.707107,0.707107
arm_1,389.934000,0.000000,-0.350000,0.600000,0.000000,0.000000,0.707107,0.707107
arm_1,389.950000,0.000000,-0.350000,0.600000,0.000000,0.000000,0.707107,0.707107
arm_1,389.967000,0.000000,-0.350000,0.600000,0.000000,0.000000,0.707107,0.707107
arm_1,389.983000,0.000000,-0.350000,0.600000,0.000000,0.000000,0.707107,0.707107
arm_1,389.999000,0.000000,-0.350000,0.600000,0.000000,0.000000,0.707107,0.707107
arm_1,390.015000,0.000000,-0.350000,0.600000,0.000000,0.000000,0.707107,0.707107
arm_1,390.029000,0.000000,-0.350000,0.600000,0.000000,0.000000,0.707107,0.707107
arm_1,390.046000,0.000000,-0.350000,0.600000,0.000000,0.000000,0.707107,0.707107
arm_1,390.063000,0.000000,-0.350000,0.600000,0.000000,0.000000,0.707107,0.707107
arm_1,390.080000,0.000000,-0.350000,0.600000,0.000000,0.000000,0.707107,0.707107
arm_1,390.097000,0.000000,-0.350000,0.600000,0.000000,0.000000,0.707107,0.707107
arm_1,390.114000,0.000000,-0.350000,0.600000,0.000000,0.000000,0.707107,0.707107
arm_1,390.131000,0.000000,-0.350000,0.600000,0.000000,0.000000,0.707107,0.707107
arm_1,390.147000,0.000000,-0.350000,0.600000,0.000000,0.000000,0.707107,0.707107
arm_1,390.161000,0.000000,-0.350000,0.600000,0.000000,0.000000,0.707107,0.707107
arm_1,390.177000,0.000000,-0.350000,0.600000,0.000000,0.000000,0.707107,0.707107
arm_1,390.194000,0.000000,-0.350000,0.600000,0.000000,0.000000,0.707107,0.707107
arm_1,390.211000,0.000000,-0.350000,0.600000,0.000000,0.000000,0.707107,0.707107
arm_1,390.228000,0.000000,-0.350000,0.600000,0.000000,0.000000,0.707107,0.707107
arm_1,390.246000,0.000000,-0.350000,0.600000,0.000000,0.000000,0.707107,0.707107
arm_1,390.263000,0.000000,-0.350000,0.600000,0.000000,0.000000,0.707107,0.707107
arm_1,390.280000,0.000000,-0.350000,0.600000,0.000000,0.000000,0.707107,0.707107
arm_1,390.297000,0.000000,-0.350000,0.600000,0.000000,0.000000,0.707107,0.707107
arm_1,390.314000,0.000000,-0.350000,0.600000,0.000000,0.000000,0.707107,0.707107
arm_1,390.331000,0.000000,-0.350000,0.600000,0.000000,0.000000,0.707107,0.707107
arm_1,390.349000,0.000000,-0.350000,0.600000,0.000000,0.000000,0.707107,0.707107
arm_1,390.367000,0.000000,-0.350000,0.600000,0.000000,0.000000,0.707107,0.707107
arm_1,390.385000,0.000000,-0.350000,0.600000,0.000000,0.000000,0.707107,0.707107
arm_1,390.403000,0.000000,-0.350000,0.600000,0.000000,0.000000,0.707107,0.707107
arm_1,390.420000,0.000000,-0.350000,0.600000,0.000000,0.000000,0.707107,0.707107
arm_1,390.437000,0.000000,-0.350000,0.600000,0.000000,0.000000,0.707107,0.707107
arm_1,390.454000,0.000000,-0.350000,0.600000,0.000000,0.000000,0.707107,0.707107
arm_1,390.471000,0.000000,-0.350000,0.600000,0.000000,0.000000,0.707107,0.707107
arm_1,390.487000,0.000000,-0.350000,0.600000,0.000000,0.000000,0.707107,0.707107
arm_1,390.503000,0.000000,-0.350000,0.600000,0.000000,0.000000,0.707107,0.707107
arm_1,390.519000,0.000000,-0.350000,0.600000,0.000000,0.000000,0.707107,0.707107
arm_1,390.536000,0.000000,-0.350000,0.600000,0.000000,0.000000,0.707107,0.707107
arm_1,390.553000,0.000000,-0.350000,0.600000,0.000000,0.000000,0.707107,0.707107
arm_1,390.570000,0.000000,-0.350000,0.600000,0.000000,0.000000,0.707107,0.707107
arm_1,390.587000,0.000000,-0.350000,0.600000,0.000000,0.000000,0.707107,0.707107
arm_1,390.604000,0.000000,-0.350000,0.600000,0.000000,0.000000,0.707107,0.707107
arm_1,390.621000,0.000000,-0.350000,0.600000,0.000000,0.000000,0.707107,0.707107
arm_1,390.637000,0.000000,-0.350000,0.600000,0.000000,0.000000,0.707107,0.707107
arm_1,390.654000,0.000000,-0.350000,0.600000,0.000000,0.000000,0.707107,0.707107
arm_1,390.671000,0.000000,-0.350000,0.600000,0.000000,0.000000,0.707107,0.707107
arm_1,390.687000,0.000000,-0.350000,0.600000,0.000000,0.000000,0.707107,0.707107
arm_1,390.704000,0.000000,-0.350000,0.600000,0.000000,0.000000,0.707107,0.707107
arm_1,390.721000,0.000000,-0.350000,0.600000,0.000000,0.000000,0.707107,0.707107
arm_1,390.738000,0.000000,-0.350000,0.600000,0.000000,0.000000,0.707107,0.707107
arm_1,390.755000,0.000000,-0.350000,0.600000,0.000000,0.000000,0.707107,0.707107
arm_1,390.772000,0.000000,-0.350000,0.600000,0.000000,0.000000,0.707107,0.707107
arm_1,390.789000,0.000000,-0.350000,0.600000,0.000000,0.000000,0.707107,0.707107
arm_1,390.804000,0.000000,-0.350000,0.600000,0.000000,0.000000,0.707107,0.707107
arm_1,390.821000,0.000000,-0.350000,0.600000,0.000000,0.000000,0.707107,0.707107
arm_1,390.838000,0.000000,-0.350000,0.600000,0.000000,0.000000,0.707107,0.707107
arm_1,390.855000,0.000000,-0.350000,0.600000,0.000000,0.000000,0.707107,0.707107
arm_1,390.873000,0.000000,-0.350000,0.600000,0.000000,0.000000,0.707107,0.707107
arm_1,390.891000,0.000000,-0.350000,0.600000,0.000000,0.000000,0.707107,0.707107
arm_1,390.908000,0.000000,-0.350000,0.600000,0.000000,0.000000,0.707107,0.707107
arm_1,390.925000,0.000000,-0.350000,0.600000,0.000000,0.000000,0.707107,0.707107
arm_1,390.942000,0.000000,-0.350000,0.600000,0.000000,0.000000,0.707107,0.707107
arm_1,390.959000,0.000000,-0.350000,0.600000,0.000000,0.000000,0.707107,0.707107
arm_1,390.976000,0.000000,-0.350000,0.600000,0.000000,0.000000,0.707107,0.707107
arm_1,390.993000,0.000000,-0.350000,0.600000,0.000000,0.000000,0.707107,0.707107
arm_1,391.010000,0.000000,-0.350000,0.600000,0.000000,0.000000,0.707107,0.707107
arm_1,391.027000,0.000000,-0.350000,0.600000,0.000000,0.000000,0.707107,0.707107
arm_1,391.044000,0.000000,-0.350000,0.600000,0.000000,0.000000,0.707107,0.707107
arm_1,391.061000,0.000000,-0.350000,0.600000,0.000000,0.000000,0.707107,0.707107
arm_1,391.077000,0.000000,-0.350000,0.600000,0.000000,0.000000,0.707107,0.707107
arm_1,391.093000,0.000000,-0.350000,0.600000,0.000000,0.000000,0.707107,0.707107
arm_1,391.108000,0.000000,-0.350000,0.600000,0.000000,0.000000,0.707107,0.707107
arm_1,391.125000,0.000000,-0.350000,0.600000,0.000000,0.000000,0.707107,0.707107
arm_1,391.142000,0.000000,-0.350000,0.600000,0.000000,0.000000,0.707107,0.707107
arm_1,391.159000,0.000000,-0.350000,0.600000,0.000000,0.000000,0.707107,0.707107
arm_1,391.176000,0.000000,-0.350000,0.600000,0.000000,0.000000,0.707107,0.707107
arm_1,391.193000,0.000000,-0.350000,0.600000,0.000000,0.000000,0.707107,0.707107
arm_1,391.210000,0.000000,-0.350000,0.600000,0.000000,0.000000,0.707107,0.707107
arm_1,391.228000,0.000000,-0.350000,0.600000,0.000000,0.000000,0.707107,0.707107
arm_1,391.245000,0.000000,-0.350000,0.600000,0.000000,0.000000,0.707107,0.707107
arm_1,391.262000,0.000000,-0.350000,0.600000,0.000000,0.000000,0.707107,0.707107
arm_1,391.279000,0.000000,-0.350000,0.600000,0.000000,0.000000,0.707107,0.707107
arm_1,391.296000,0.000000,-0.350000,0.600000,0.000000,0.000000,0.707107,0.707107
arm_1,391.312000,0.000000,-0.350000,0.600000,0.000000,0.000000,0.707107,0.707107
arm_1,391.328000,0.000000,-0.350000,0.600000,0.000000,0.000000,0.707107,0.707107
arm_1,391.345000,0.000000,-0.350000,0.600000,0.000000,0.000000,0.707107,0.707107
arm_1,391.357000,0.000000,-0.350000,0.600000,0.000000,0.000000,0.707107,0.707107
arm_1,391.374000,0.000000,-0.350000,0.600000,0.000000,0.000000,0.707107,0.707107
arm_1,391.391000,0.000000,-0.350000,0.600000,0.000000,0.000000,0.707107,0.707107
arm_1,391.408000,0.000000,-0.350000,0.600000,0.000000,0.000000,0.707107,0.707107
arm_1,391.427000,0.000000,-0.350000,0.600000,0.000000,0.000000,0.707107,0.707107
arm_1,391.442000,0.000000,-0.350000,0.600000,0.000000,0.000000,0.707107,0.707107
arm_1,391.459000,0.000000,-0.350000,0.600000,0.000000,0.000000,0.707107,0.707107
arm_1,391.476000,0.000000,-0.350000,0.600000,0.000000,0.000000,0.707107,0.707107
arm_1,391.492000,0.000000,-0.350000,0.600000,0.000000,0.000000,0.707107,0.707107
arm_1,391.509000,0.000000,-0.350000,0.600000,0.000000,0.000000,0.707107,0.707107
arm_1,391.526000,0.000000,-0.350000,0.600000,0.000000,0.000000,0.707107,0.707107
arm_1,391.542000,0.000000,-0.350000,0.600000,0.000000,0.000000,0.707107,0.707107
arm_1,391.558000,0.000000,-0.350000,0.600000,0.000000,0.000000,0.707107,0.707107
arm_1,391.574000,0.000000,-0.350000,0.600000,0.000000,0.000000,0.707107,0.707107
arm_1,391.591000,0.000000,-0.350000,0.600000,0.000000,0.000000,0.707107,0.707107
arm_1,391.608000,0.000000,-0.350000,0.600000,0.000000,0.000000,0.707107,0.707107
arm_1,391.625000,0.000000,-0.350000,0.600000,0.000000,0.000000,0.707107,0.707107
arm_1,391.642000,0.000000,-0.350000,0.600000,0.000000,0.000000,0.707107,0.707107
arm_1,391.659000,0.000000,-0.350000,0.600000,0.000000,0.000000,0.707107,0.707107
arm_1,391.676000,0.000000,-0.350000,0.600000,0.000000,0.000000,0.707107,0.707107
arm_1,391.693000,0.000000,-0.350000,0.600000,0.000000,0.000000,0.707107,0.707107
arm_1,391.710000,0.000000,-0.350000,0.600000,0.000000,0.000000,0.707107,0.707107
arm_1,391.727000,0.000000,-0.350000,0.600000,0.000000,0.000000,0.707107,0.707107
arm_1,391.744000,0.000000,-0.350000,0.600000,0.000000,0.000000,0.707107,0.707107
arm_1,391.761000,0.000000,-0.350000,0.600000,0.000000,0.000000,0.707107,0.707107
arm_1,391.778000,0.000000,-0.350000,0.600000,0.000000,0.000000,0.707107,0.707107
arm_1,391.794000,0.000000,-0.350000,0.600000,0.000000,0.000000,0.707107,0.707107
arm_1,391.810000,0.000000,-0.350000,0.600000,0.000000,0.000000,0.707107,0.707107
arm_1,391.824000,0.000000,-0.350000,0.600000,0.000000,0.000000,0.707107,0.707107
arm_1,391.840000,0.000000,-0.350000,0.600000,0.000000,0.000000,0.707107,0.707107
arm_1,391.857000,0.000000,-0.350000,0.600000,0.000000,0.000000,0.707107,0.707107
arm_1,391.872000,0.000000,-0.350000,0.600000,0.000000,0.000000,0.707107,0.707107
arm_1,391.889000,0.000000,-0.350000,0.600000,0.000000,0.000000,0.707107,0.707107
arm_1,391.906000,0.000000,-0.350000,0.600000,0.000000,0.000000,0.707107,0.707107
arm_1,391.922000,0.000000,-0.350000,0.600000,0.000000,0.000000,0.707107,0.707107
arm_1,391.939000,0.000000,-0.350000,0.600000,0.000000,0.000000,0.707107,0.707107
arm_1,391.955000,0.000000,-0.350000,0.600000,0.000000,0.000000,0.707107,0.707107
arm_1,391.969000,0.000000,-0.350000,0.600000,0.000000,0.000000,0.707107,0.707107
arm_1,391.981000,0.000000,-0.350000,0.600000,0.000000,0.000000,0.707107,0.707107
arm_1,391.995000,0.000000,-0.350000,0.600000,0.000000,0.000000,0.707107,0.707107
arm_1,392.007000,0.000000,-0.350000,0.600000,0.000000,0.000000,0.707107,0.707107
arm_1,392.023000,0.000000,-0.350000,0.600000,0.000000,0.000000,0.707107,0.707107
arm_1,392.040000,0.000000,-0.350000,0.600000,0.000000,0.000000,0.707107,0.707107
arm_1,392.057000,0.000000,-0.350000,0.600000,0.000000,0.000000,0.707107,0.707107
arm_1,392.074000,0.000000,-0.350000,0.600000,0.000000,0.000000,0.707107,0.707107
arm_1,392.091000,0.000000,-0.350000,0.600000,0.000000,0.000000,0.707107,0.707107
arm_1,392.108000,0.000000,-0.350000,0.600000,0.000000,0.000000,0.707107,0.707107
arm_1,392.125000,0.000000,-0.350000,0.600000,0.000000,0.000000,0.707107,0.707107
arm_1,392.142000,0.000000,-0.350000,0.600000,0.000000,0.000000,0.707107,0.707107
arm_1,392.159000,0.000000,-0.350000,0.600000,0.000000,0.000000,0.707107,0.707107
arm_1,392.176000,0.000000,-0.350000,0.600000,0.000000,0.000000,0.707107,0.707107
arm_1,392.194000,0.000000,-0.350000,0.600000,0.000000,0.000000,0.707107,0.707107
arm_1,392.211000,0.000000,-0.350000,0.600000,0.000000,0.000000,0.707107,0.707107
arm_1,392.228000,0.000000,-0.350000,0.600000,0.000000,0.000000,0.707107,0.707107
arm_1,392.245000,0.000000,-0.350000,0.600000,0.000000,0.000000,0.707107,0.707107
arm_1,392.262000,0.000000,-0.350000,0.600000,0.000000,0.000000,0.707107,0.707107
arm_1,392.278000,0.000000,-0.350000,0.600000,0.000000,0.000000,0.707107,0.707107
arm_1,392.293000,0.000000,-0.350000,0.600000,0.000000,0.000000,0.707107,0.707107
arm_1,392.309000,0.000000,-0.350000,0.600000,0.000000,0.000000,0.707107,0.707107
arm_1,392.325000,0.000000,-0.350000,0.600000,0.000000,0.000000,0.707107,0.707107
arm_1,392.342000,0.000000,-0.350000,0.600000,0.000000,0.000000,0.707107,0.707107
arm_1,392.359000,0.000000,-0.350000,0.600000,0.000000,0.000000,0.707107,0.707107
arm_1,392.376000,0.000000,-0.350000,0.600000,0.000000,0.000000,0.707107,0.707107
arm_1,392.393000,0.000000,-0.350000,0.600000,0.000000,0.000000,0.707107,0.707107
arm_1,392.410000,0.000000,-0.350000,0.600000,0.000000,0.000000,0.707107,0.707107
arm_1,392.427000,0.000000,-0.350000,0.600000,0.000000,0.000000,0.707107,0.707107
arm_1,392.444000,0.000000,-0.350000,0.600000,0.000000,0.000000,0.707107,0.707107
arm_1,392.461000,0.000000,-0.350000,0.600000,0.000000,0.000000,0.707107,0.707107
arm_1,392.468000,0.000000,-0.350000,0.600000,0.000000,0.000000,0.707107,0.707107
arm_1,392.480000,0.000000,-0.350000,0.600000,0.000000,0.000000,0.707107,0.707107
arm_1,392.489000,0.000000,-0.350000,0.600000,0.000000,0.000000,0.707107,0.707107
arm_1,392.496000,0.000000,-0.350000,0.600000,0.000000,0.000000,0.707107,0.707107
arm_1,392.503000,0.000000,-0.350000,0.600000,0.000000,0.000000,0.707107,0.707107
arm_1,392.508000,0.000000,-0.350000,0.600000,0.000000,0.000000,0.707107,0.707107
arm_1,392.518000,0.000000,-0.350000,0.600000,0.000000,0.000000,0.707107,0.707107
arm_1,392.528000,0.000000,-0.350000,0.600000,0.000000,0.000000,0.707107,0.707107
arm_1,392.539000,0.000000,-0.350000,0.600000,0.000000,0.000000,0.707107,0.707107
arm_1,392.550000,0.000000,-0.350000,0.600000,0.000000,0.000000,0.707107,0.707107
arm_1,392.561000,0.000000,-0.350000,0.600000,0.000000,0.000000,0.707107,0.707107
arm_1,392.571000,0.000000,-0.350000,0.600000,0.000000,0.000000,0.707107,0.707107
arm_1,392.581000,0.000000,-0.350000,0.600000,0.000000,0.000000,0.707107,0.707107
arm_1,392.592000,0.000000,-0.350000,0.600000,0.000000,0.000000,0.707107,0.707107
arm_1,392.602000,0.000000,-0.350000,0.600000,0.000000,0.000000,0.707107,0.707107
arm_1,392.613000,0.000000,-0.350000,0.600000,0.000000,0.000000,0.707107,0.707107
arm_1,392.624000,0.000000,-0.350000,0.600000,0.000000,0.000000,0.707107,0.707107
arm_1,392.635000,0.000000,-0.350000,0.600000,0.000000,0.000000,0.707107,0.707107
arm_1,392.645000,0.000000,-0.350000,0.600000,0.000000,0.000000,0.707107,0.707107
arm_1,392.654000,0.000000,-0.350000,0.600000,0.000000,0.000000,0.707107,0.707107
arm_1,392.662000,0.000000,-0.350000,0.600000,0.000000,0.000000,0.707107,0.707107
arm_1,392.671000,0.000000,-0.350000,0.600000,0.000000,0.000000,0.707107,0.707107
arm_1,392.681000,0.000000,-0.350000,0.600000,0.000000,0.000000,0.707107,0.707107
arm_1,392.691000,0.000000,-0.350000,0.600000,0.000000,0.000000,0.707107,0.707107
arm_1,392.701000,0.000000,-0.350000,0.600000,0.000000,0.000000,0.707107,0.707107
arm_1,392.711000,0.000000,-0.350000,0.600000,0.000000,0.000000,0.707107,0.707107
arm_1,392.721000,0.000000,-0.350000,0.600000,0.000000,0.000000,0.707107,0.707107
arm_1,392.731000,0.000000,-0.350000,0.600000,0.000000,0.000000,0.707107,0.707107
arm_1,392.740000,0.000000,-0.350000,0.600000,0.000000,0.000000,0.707107,0.707107
arm_1,392.750000,0.000000,-0.350000,0.600000,0.000000,0.000000,0.707107,0.707107
arm_1,392.756000,0.000000,-0.350000,0.600000,0.000000,0.000000,0.707107,0.707107
arm_1,392.765000,0.000000,-0.350000,0.600000,0.000000,0.000000,0.707107,0.707107
arm_1,392.775000,0.000000,-0.350000,0.600000,0.000000,0.000000,0.707107,0.707107
arm_1,392.785000,0.000000,-0.350000,0.600000,0.000000,0.000000,0.707107,0.707107
arm_1,392.794000,0.000000,-0.350000,0.600000,0.000000,0.000000,0.707107,0.707107
arm_1,392.804000,0.000000,-0.350000,0.600000,0.000000,0.000000,0.707107,0.707107
arm_1,392.813000,0.000000,-0.350000,0.600000,0.000000,0.000000,0.707107,0.707107
arm_1,392.823000,0.000000,-0.350000,0.600000,0.000000,0.000000,0.707107,0.707107
arm_1,392.833000,0.000000,-0.350000,0.600000,0.000000,0.000000,0.707107,0.707107
arm_1,392.843000,0.000000,-0.350000,0.600000,0.000000,0.000000,0.707107,0.707107
arm_1,392.853000,0.000000,-0.350000,0.600000,0.000000,0.000000,0.707107,0.707107
arm_1,392.863000,0.000000,-0.350000,0.600000,0.000000,0.000000,0.707107,0.707107
arm_1,392.873000,0.000000,-0.350000,0.600000,0.000000,0.000000,0.707107,0.707107
arm_1,392.883000,0.000000,-0.350000,0.600000,0.000000,0.000000,0.707107,0.707107
arm_1,392.893000,0.000000,-0.350000,0.600000,0.000000,0.000000,0.707107,0.707107
arm_1,392.903000,0.000000,-0.350000,0.600000,0.000000,0.000000,0.707107,0.707107
arm_1,392.911000,0.000000,-0.350000,0.600000,0.000000,0.000000,0.707107,0.707107
arm_1,392.920000,0.000000,-0.350000,0.600000,0.000000,0.000000,0.707107,0.707107
arm_1,392.930000,0.000000,-0.350000,0.600000,0.000000,0.000000,0.707107,0.707107
arm_1,392.939000,0.000000,-0.350000,0.600000,0.000000,0.000000,0.707107,0.707107
arm_1,392.949000,0.000000,-0.350000,0.600000,0.000000,0.000000,0.707107,0.707107
arm_1,392.958000,0.000000,-0.350000,0.600000,0.000000,0.000000,0.707107,0.707107
arm_1,392.968000,0.000000,-0.350000,0.600000,0.000000,0.000000,0.707107,0.707107
arm_1,392.978000,0.000000,-0.350000,0.600000,0.000000,0.000000,0.707107,0.707107
arm_1,392.987000,0.000000,-0.350000,0.600000,0.000000,0.000000,0.707107,0.707107
arm_1,392.997000,0.000000,-0.350000,0.600000,0.000000,0.000000,0.707107,0.707107
arm_1,393.007000,0.000000,-0.350000,0.600000,0.000000,0.000000,0.707107,0.707107
arm_1,393.017000,0.000000,-0.350000,0.600000,0.000000,0.000000,0.707107,0.707107
arm_1,393.027000,0.000000,-0.350000,0.600000,0.000000,0.000000,0.707107,0.707107
arm_1,393.037000,0.000000,-0.350000,0.600000,0.000000,0.000000,0.707107,0.707107
arm_1,393.047000,0.000000,-0.350000,0.600000,0.000000,0.000000,0.707107,0.707107
arm_1,393.058000,0.000000,-0.350000,0.600000,0.000000,0.000000,0.707107,0.707107
arm_1,393.068000,0.000000,-0.350000,0.600000,0.000000,0.000000,0.707107,0.707107
arm_1,393.078000,0.000000,-0.350000,0.600000,0.000000,0.000000,0.707107,0.707107
arm_1,393.088000,0.000000,-0.350000,0.600000,0.000000,0.000000,0.707107,0.707107
arm_1,393.098000,0.000000,-0.350000,0.600000,0.000000,0.000000,0.707107,0.707107
arm_1,393.108000,0.000000,-0.350000,0.600000,0.000000,0.000000,0.707107,0.707107
arm_1,393.118000,0.000000,-0.350000,0.600000,0.000000,0.000000,0.707107,0.707107
arm_1,393.128000,0.000000,-0.350000,0.600000,0.000000,0.000000,0.707107,0.707107
arm_1,393.138000,0.000000,-0.350000,0.600000,0.000000,0.000000,0.707107,0.707107
arm_1,393.148000,0.000000,-0.350000,0.600000,0.000000,0.000000,0.707107,0.707107
arm_1,393.158000,0.000000,-0.350000,0.600000,0.000000,0.000000,0.707107,0.707107
arm_1,393.168000,0.000000,-0.350000,0.600000,0.000000,0.000000,0.707107,0.707107
arm_1,393.177000,0.000000,-0.350000,0.600000,0.000000,0.000000,0.707107,0.707107
arm_1,393.186000,0.000000,-0.350000,0.600000,0.000000,0.000000,0.707107,0.707107
arm_1,393.194000,0.000000,-0.350000,0.600000,0.000000,0.000000,0.707107,0.707107
arm_1,393.203000,0.000000,-0.350000,0.600000,0.000000,0.000000,0.707107,0.707107
arm_1,393.212000,0.000000,-0.350000,0.600000,0.000000,0.000000,0.707107,0.707107
arm_1,393.218000,0.000000,-0.350000,0.600000,0.000000,0.000000,0.707107,0.707107
arm_1,393.226000,0.000000,-0.350000,0.600000,0.000000,0.000000,0.707107,0.707107
arm_1,393.236000,0.000000,-0.350000,0.600000,0.000000,0.000000,0.707107,0.707107
arm_1,393.246000,0.000000,-0.350000,0.600000,0.000000,0.000000,0.707107,0.707107
arm_1,393.256000,0.000000,-0.350000,0.600000,0.000000,0.000000,0.707107,0.707107
arm_1,393.265000,0.000000,-0.350000,0.600000,0.000000,0.000000,0.707107,0.707107
arm_1,393.274000,0.000000,-0.350000,0.600000,0.000000,0.000000,0.707107,0.707107
arm_1,393.284000,0.000000,-0.350000,0.600000,0.000000,0.000000,0.707107,0.707107
arm_1,393.294000,0.000000,-0.350000,0.600000,0.000000,0.000000,0.707107,0.707107
arm_1,393.304000,0.000000,-0.350000,0.600000,0.000000,0.000000,0.707107,0.707107
arm_1,393.312000,0.000000,-0.350000,0.600000,0.000000,0.000000,0.707107,0.707107
arm_1,393.322000,0.000000,-0.350000,0.600000,0.000000,0.000000,0.707107,0.707107
arm_1,393.332000,0.000000,-0.350000,0.600000,0.000000,0.000000,0.707107,0.707107
arm_1,393.342000,0.000000,-0.350000,0.600000,0.000000,0.000000,0.707107,0.707107
arm_1,393.352000,0.000000,-0.350000,0.600000,0.000000,0.000000,0.707107,0.707107
arm_1,393.363000,0.000000,-0.350000,0.600000,0.000000,0.000000,0.707107,0.707107
arm_1,393.373000,0.000000,-0.350000,0.600000,0.000000,0.000000,0.707107,0.707107
arm_1,393.383000,0.000000,-0.350000,0.600000,0.000000,0.000000,0.707107,0.707107
arm_1,393.394000,0.000000,-0.350000,0.600000,0.000000,0.000000,0.707107,0.707107
arm_1,393.404000,0.000000,-0.350000,0.600000,0.000000,0.000000,0.707107,0.707107
arm_1,393.415000,0.000000,-0.350000,0.600000,0.000000,0.000000,0.707107,0.707107
arm_1,393.425000,0.000000,-0.350000,0.600000,0.000000,0.000000,0.707107,0.707107
arm_1,393.436000,0.000000,-0.350000,0.600000,0.000000,0.000000,0.707107,0.707107
arm_1,393.446000,0.000000,-0.350000,0.600000,0.000000,0.000000,0.707107,0.707107
arm_1,393.456000,0.000000,-0.350000,0.600000,0.000000,0.000000,0.707107,0.707107
arm_1,393.466000,0.000000,-0.350000,0.600000,0.000000,0.000000,0.707107,0.707107
arm_1,393.477000,0.000000,-0.350000,0.600000,0.000000,0.000000,0.707107,0.707107
arm_1,393.488000,0.000000,-0.350000,0.600000,0.000000,0.000000,0.707107,0.707107
arm_1,393.498000,0.000000,-0.350000,0.600000,0.000000,0.000000,0.707107,0.707107
arm_1,393.508000,0.000000,-0.350000,0.600000,0.000000,0.000000,0.707107,0.707107
arm_1,393.519000,0.000000,-0.350000,0.600000,0.000000,0.000000,0.707107,0.707107
arm_1,393.530000,0.000000,-0.350000,0.600000,0.000000,0.000000,0.707107,0.707107
arm_1,393.541000,0.000000,-0.350000,0.600000,0.000000,0.000000,0.707107,0.707107
arm_1,393.551000,0.000000,-0.350000,0.600000,0.000000,0.000000,0.707107,0.707107
arm_1,393.561000,0.000000,-0.350000,0.600000,0.000000,0.000000,0.707107,0.707107
arm_1,393.570000,0.000000,-0.350000,0.600000,0.000000,0.000000,0.707107,0.707107
arm_1,393.580000,0.000000,-0.350000,0.600000,0.000000,0.000000,0.707107,0.707107
arm_1,393.590000,0.000000,-0.350000,0.600000,0.000000,0.000000,0.707107,0.707107
arm_1,393.600000,0.000000,-0.350000,0.600000,0.000000,0.000000,0.707107,0.707107
arm_1,393.609000,0.000000,-0.350000,0.600000,0.000000,0.000000,0.707107,0.707107
arm_1,393.619000,0.000000,-0.350000,0.600000,0.000000,0.000000,0.707107,0.707107
arm_1,393.629000,0.000000,-0.350000,0.600000,0.000000,0.000000,0.707107,0.707107
arm_1,393.638000,0.000000,-0.350000,0.600000,0.000000,0.000000,0.707107,0.707107
arm_1,393.647000,0.000000,-0.350000,0.600000,0.000000,0.000000,0.707107,0.707107
arm_1,393.657000,0.000000,-0.350000,0.600000,0.000000,0.000000,0.707107,0.707107
arm_1,393.667000,0.000000,-0.350000,0.600000,0.000000,0.000000,0.707107,0.707107
arm_1,393.677000,0.000000,-0.350000,0.600000,0.000000,0.000000,0.707107,0.707107
arm_1,393.688000,0.000000,-0.350000,0.600000,0.000000,0.000000,0.707107,0.707107
arm_1,393.699000,0.000000,-0.350000,0.600000,0.000000,0.000000,0.707107,0.707107
arm_1,393.709000,0.000000,-0.350000,0.600000,0.000000,0.000000,0.707107,0.707107
arm_1,393.719000,0.000000,-0.350000,0.600000,0.000000,0.000000,0.707107,0.707107
arm_1,393.730000,0.000000,-0.350000,0.600000,0.000000,0.000000,0.707107,0.707107
arm_1,393.741000,0.000000,-0.350000,0.600000,0.000000,0.000000,0.707107,0.707107
arm_1,393.751000,0.000000,-0.350000,0.600000,0.000000,0.000000,0.707107,0.707107
arm_1,393.761000,0.000000,-0.350000,0.600000,0.000000,0.000000,0.707107,0.707107
arm_1,393.771000,0.000000,-0.350000,0.600000,0.000000,0.000000,0.707107,0.707107
arm_1,393.782000,0.000000,-0.350000,0.600000,0.000000,0.000000,0.707107,0.707107
arm_1,393.793000,0.000000,-0.350000,0.600000,0.000000,0.000000,0.707107,0.707107
arm_1,393.803000,0.000000,-0.350000,0.600000,0.000000,0.000000,0.707107,0.707107
arm_1,393.812000,0.000000,-0.350000,0.600000,0.000000,0.000000,0.707107,0.707107
arm_1,393.821000,0.000000,-0.350000,0.600000,0.000000,0.000000,0.707107,0.707107
arm_1,393.831000,0.000000,-0.350000,0.600000,0.000000,0.000000,0.707107,0.707107
arm_1,393.841000,0.000000,-0.350000,0.600000,0.000000,0.000000,0.707107,0.707107
arm_1,393.851000,0.000000,-0.350000,0.600000,0.000000,0.000000,0.707107,0.707107
arm_1,393.861000,0.000000,-0.350000,0.600000,0.000000,0.000000,0.707107,0.707107
arm_1,393.871000,0.000000,-0.350000,0.600000,0.000000,0.000000,0.707107,0.707107
arm_1,393.881000,0.000000,-0.350000,0.600000,0.000000,0.000000,0.707107,0.707107
arm_1,393.891000,0.000000,-0.350000,0.600000,0.000000,0.000000,0.707107,0.707107
arm_1,393.901000,0.000000,-0.350000,0.600000,0.000000,0.000000,0.707107,0.707107
arm_1,393.911000,0.000000,-0.350000,0.600000,0.000000,0.000000,0.707107,0.707107
arm_1,393.921000,0.000000,-0.350000,0.600000,0.000000,0.000000,0.707107,0.707107
arm_1,393.931000,0.000000,-0.350000,0.600000,0.000000,0.000000,0.707107,0.707107
arm_1,393.940000,0.000000,-0.350000,0.600000,0.000000,0.000000,0.707107,0.707107
arm_1,393.950000,0.000000,-0.350000,0.600000,0.000000,0.000000,0.707107,0.707107
arm_1,393.960000,0.000000,-0.350000,0.600000,0.000000,0.000000,0.707107,0.707107
arm_1,393.970000,0.000000,-0.350000,0.600000,0.000000,0.000000,0.707107,0.707107
arm_1,393.980000,0.000000,-0.350000,0.600000,0.000000,0.000000,0.707107,0.707107
arm_1,393.990000,0.000000,-0.350000,0.600000,0.000000,0.000000,0.707107,0.707107
arm_1,394.000000,0.000000,-0.350000,0.600000,0.000000,0.000000,0.707107,0.707107
arm_1,394.010000,0.000000,-0.350000,0.600000,0.000000,0.000000,0.707107,0.707107
arm_1,394.020000,0.000000,-0.350000,0.600000,0.000000,0.000000,0.707107,0.707107
arm_1,394.030000,0.000000,-0.350000,0.600000,0.000000,0.000000,0.707107,0.707107
arm_1,394.040000,0.000000,-0.350000,0.600000,0.000000,0.000000,0.707107,0.707107
arm_1,394.049000,0.000000,-0.350000,0.600000,0.000000,0.000000,0.707107,0.707107
arm_1,394.059000,0.000000,-0.350000,0.600000,0.000000,0.000000,0.707107,0.707107
arm_1,394.070000,0.000000,-0.350000,0.600000,0.000000,0.000000,0.707107,0.707107
arm_1,394.081000,0.000000,-0.350000,0.600000,0.000000,0.000000,0.707107,0.707107
arm_1,394.091000,0.000000,-0.350000,0.600000,0.000000,0.000000,0.707107,0.707107
arm_1,394.102000,0.000000,-0.350000,0.600000,0.000000,0.000000,0.707107,0.707107
arm_1,394.112000,0.000000,-0.350000,0.600000,0.000000,0.000000,0.707107,0.707107
arm_1,394.123000,0.000000,-0.350000,0.600000,0.000000,0.000000,0.707107,0.707107
arm_1,394.134000,0.000000,-0.350000,0.600000,0.000000,0.000000,0.707107,0.707107
arm_1,394.145000,0.000000,-0.350000,0.600000,0.000000,0.000000,0.707107,0.707107
arm_1,394.156000,0.000000,-0.350000,0.600000,0.000000,0.000000,0.707107,0.707107
arm_1,394.167000,0.000000,-0.350000,0.600000,0.000000,0.000000,0.707107,0.707107
arm_1,394.178000,0.000000,-0.350000,0.600000,0.000000,0.000000,0.707107,0.707107
arm_1,394.189000,0.000000,-0.350000,0.600000,0.000000,0.000000,0.707107,0.707107
arm_1,394.199000,0.000000,-0.350000,0.600000,0.000000,0.000000,0.707107,0.707107
arm_1,394.210000,0.000000,-0.350000,0.600000,0.000000,0.000000,0.707107,0.707107
arm_1,394.221000,0.000000,-0.350000,0.600000,0.000000,0.000000,0.707107,0.707107
arm_1,394.232000,0.000000,-0.350000,0.600000,0.000000,0.000000,0.707107,0.707107
arm_1,394.243000,0.000000,-0.350000,0.600000,0.000000,0.000000,0.707107,0.707107
arm_1,394.251000,0.000000,-0.350000,0.600000,0.000000,0.000000,0.707107,0.707107
arm_1,394.260000,0.000000,-0.350000,0.600000,0.000000,0.000000,0.707107,0.707107
arm_1,394.269000,0.000000,-0.350000,0.600000,0.000000,0.000000,0.707107,0.707107
arm_1,394.278000,0.000000,-0.350000,0.600000,0.000000,0.000000,0.707107,0.707107
arm_1,394.287000,0.000000,-0.350000,0.600000,0.000000,0.000000,0.707107,0.707107
arm_1,394.294000,0.000000,-0.350000,0.600000,0.000000,0.000000,0.707107,0.707107
arm_1,394.303000,0.000000,-0.350000,0.600000,0.000000,0.000000,0.707107,0.707107
arm_1,394.312000,0.000000,-0.350000,0.600000,0.000000,0.000000,0.707107,0.707107
arm_1,394.320000,0.000000,-0.350000,0.600000,0.000000,0.000000,0.707107,0.707107
arm_1,394.330000,0.000000,-0.350000,0.600000,0.000000,0.000000,0.707107,0.707107
arm_1,394.339000,0.000000,-0.350000,0.600000,0.000000,0.000000,0.707107,0.707107
arm_1,394.348000,0.000000,-0.350000,0.600000,0.000000,0.000000,0.707107,0.707107
arm_1,394.358000,0.000000,-0.350000,0.600000,0.000000,0.000000,0.707107,0.707107
arm_1,394.369000,0.000000,-0.350000,0.600000,0.000000,0.000000,0.707107,0.707107
arm_1,394.380000,0.000000,-0.350000,0.600000,0.000000,0.000000,0.707107,0.707107
arm_1,394.391000,0.000000,-0.350000,0.600000,0.000000,0.000000,0.707107,0.707107
arm_1,394.401000,0.000000,-0.350000,0.600000,0.000000,0.000000,0.707107,0.707107
arm_1,394.412000,0.000000,-0.350000,0.600000,0.000000,0.000000,0.707107,0.707107
arm_1,394.423000,0.000000,-0.350000,0.600000,0.000000,0.000000,0.707107,0.707107
arm_1,394.434000,0.000000,-0.350000,0.600000,0.000000,0.000000,0.707107,0.707107
arm_1,394.444000,0.000000,-0.350000,0.600000,0.000000,0.000000,0.707107,0.707107
arm_1,394.454000,0.000000,-0.350000,0.600000,0.000000,0.000000,0.707107,0.707107
arm_1,394.464000,0.000000,-0.350000,0.600000,0.000000,0.000000,0.707107,0.707107
arm_1,394.473000,0.000000,-0.350000,0.600000,0.000000,0.000000,0.707107,0.707107
arm_1,394.482000,0.000000,-0.350000,0.600000,0.000000,0.000000,0.707107,0.707107
arm_1,394.492000,0.000000,-0.350000,0.600000,0.000000,0.000000,0.707107,0.707107
arm_1,394.502000,0.000000,-0.350000,0.600000,0.000000,0.000000,0.707107,0.707107
arm_1,394.513000,0.000000,-0.350000,0.600000,0.000000,0.000000,0.707107,0.707107
arm_1,394.524000,0.000000,-0.350000,0.600000,0.000000,0.000000,0.707107,0.707107
arm_1,394.533000,0.000000,-0.350000,0.600000,0.000000,0.000000,0.707107,0.707107
arm_1,394.542000,0.000000,-0.350000,0.600000,0.000000,0.000000,0.707107,0.707107
arm_1,394.551000,0.000000,-0.350000,0.600000,0.000000,0.000000,0.707107,0.707107
arm_1,394.559000,0.000000,-0.350000,0.600000,0.000000,0.000000,0.707107,0.707107
arm_1,394.568000,0.000000,-0.350000,0.600000,0.000000,0.000000,0.707107,0.707107
arm_1,394.576000,0.000000,-0.350000,0.600000,0.000000,0.000000,0.707107,0.707107
arm_1,394.586000,0.000000,-0.350000,0.600000,0.000000,0.000000,0.707107,0.707107
arm_1,394.595000,0.000000,-0.350000,0.600000,0.000000,0.000000,0.707107,0.707107
arm_1,394.605000,0.000000,-0.350000,0.600000,0.000000,0.000000,0.707107,0.707107
arm_1,394.613000,0.000000,-0.350000,0.600000,0.000000,0.000000,0.707107,0.707107
arm_1,394.623000,0.000000,-0.350000,0.600000,0.000000,0.000000,0.707107,0.707107
arm_1,394.632000,0.000000,-0.350000,0.600000,0.000000,0.000000,0.707107,0.707107
arm_1,394.642000,0.000000,-0.350000,0.600000,0.000000,0.000000,0.707107,0.707107
arm_1,394.652000,0.000000,-0.350000,0.600000,0.000000,0.000000,0.707107,0.707107
arm_1,394.661000,0.000000,-0.350000,0.600000,0.000000,0.000000,0.707107,0.707107
arm_1,394.671000,0.000000,-0.350000,0.600000,0.000000,0.000000,0.707107,0.707107
arm_1,394.679000,0.000000,-0.350000,0.600000,0.000000,0.000000,0.707107,0.707107
arm_1,394.689000,0.000000,-0.350000,0.600000,0.000000,0.000000,0.707107,0.707107
arm_1,394.699000,0.000000,-0.350000,0.600000,0.000000,0.000000,0.707107,0.707107
arm_1,394.709000,0.000000,-0.350000,0.600000,0.000000,0.000000,0.707107,0.707107
arm_1,394.719000,0.000000,-0.350000,0.600000,0.000000,0.000000,0.707107,0.707107
arm_1,394.729000,0.000000,-0.350000,0.600000,0.000000,0.000000,0.707107,0.707107
arm_1,394.738000,0.000000,-0.350000,0.600000,0.000000,0.000000,0.707107,0.707107
arm_1,394.748000,0.000000,-0.350000,0.600000,0.000000,0.000000,0.707107,0.707107
arm_1,394.758000,0.000000,-0.350000,0.600000,0.000000,0.000000,0.707107,0.707107
arm_1,394.768000,0.000000,-0.350000,0.600000,0.000000,0.000000,0.707107,0.707107
arm_1,394.778000,0.000000,-0.350000,0.600000,0.000000,0.000000,0.707107,0.707107
arm_1,394.787000,0.000000,-0.350000,0.600000,0.000000,0.000000,0.707107,0.707107
arm_1,394.797000,0.000000,-0.350000,0.600000,0.000000,0.000000,0.707107,0.707107
arm_1,394.807000,0.000000,-0.350000,0.600000,0.000000,0.000000,0.707107,0.707107
arm_1,394.817000,0.000000,-0.350000,0.600000,0.000000,0.000000,0.707107,0.707107
arm_1,394.826000,0.000000,-0.350000,0.600000,0.000000,0.000000,0.707107,0.707107
arm_1,394.837000,0.000000,-0.350000,0.600000,0.000000,0.000000,0.707107,0.707107
arm_1,394.847000,0.000000,-0.350000,0.600000,0.000000,0.000000,0.707107,0.707107
arm_1,394.858000,0.000000,-0.350000,0.600000,0.000000,0.000000,0.707107,0.707107
arm_1,394.867000,0.000000,-0.350000,0.600000,0.000000,0.000000,0.707107,0.707107
arm_1,394.877000,0.000000,-0.350000,0.600000,0.000000,0.000000,0.707107,0.707107
arm_1,394.887000,0.000000,-0.350000,0.600000,0.000000,0.000000,0.707107,0.707107
arm_1,394.897000,0.000000,-0.350000,0.600000,0.000000,0.000000,0.707107,0.707107
arm_1,394.907000,0.000000,-0.350000,0.600000,0.000000,0.000000,0.707107,0.707107
arm_1,394.917000,0.000000,-0.350000,0.600000,0.000000,0.000000,0.707107,0.707107
arm_1,394.927000,0.000000,-0.350000,0.600000,0.000000,0.000000,0.707107,0.707107
arm_1,394.937000,0.000000,-0.350000,0.600000,0.000000,0.000000,0.707107,0.707107
arm_1,394.947000,0.000000,-0.350000,0.600000,0.000000,0.000000,0.707107,0.707107
arm_1,394.957000,0.000000,-0.350000,0.600000,0.000000,0.000000,0.707107,0.707107
arm_1,394.967000,0.000000,-0.350000,0.600000,0.000000,0.000000,0.707107,0.707107
arm_1,394.978000,0.000000,-0.350000,0.600000,0.000000,0.000000,0.707107,0.707107
arm_1,394.989000,0.000000,-0.350000,0.600000,0.000000,0.000000,0.707107,0.707107
arm_1,395.000000,0.000000,-0.350000,0.600000,0.000000,0.000000,0.707107,0.707107
arm_1,395.011000,0.000000,-0.350000,0.600000,0.000000,0.000000,0.707107,0.707107
arm_1,395.022000,0.000000,-0.350000,0.600000,0.000000,0.000000,0.707107,0.707107
arm_1,395.033000,0.000000,-0.350000,0.600000,0.000000,0.000000,0.707107,0.707107
arm_1,395.044000,0.000000,-0.350000,0.600000,0.000000,0.000000,0.707107,0.707107
arm_1,395.055000,0.000000,-0.350000,0.600000,0.000000,0.000000,0.707107,0.707107
arm_1,395.064000,0.000000,-0.350000,0.600000,0.000000,0.000000,0.707107,0.707107
arm_1,395.072000,0.000000,-0.350000,0.600000,0.000000,0.000000,0.707107,0.707107
arm_1,395.080000,0.000000,-0.350000,0.600000,0.000000,0.000000,0.707107,0.707107
arm_1,395.089000,0.000000,-0.350000,0.600000,0.000000,0.000000,0.707107,0.707107
arm_1,395.098000,0.000000,-0.350000,0.600000,0.000000,0.000000,0.707107,0.707107
arm_1,395.108000,0.000000,-0.350000,0.600000,0.000000,0.000000,0.707107,0.707107
arm_1,395.119000,0.000000,-0.350000,0.600000,0.000000,0.000000,0.707107,0.707107
arm_1,395.130000,0.000000,-0.350000,0.600000,0.000000,0.000000,0.707107,0.707107
arm_1,395.141000,0.000000,-0.350000,0.600000,0.000000,0.000000,0.707107,0.707107
arm_1,395.152000,0.000000,-0.350000,0.600000,0.000000,0.000000,0.707107,0.707107
arm_1,395.163000,0.000000,-0.350000,0.600000,0.000000,0.000000,0.707107,0.707107
arm_1,395.173000,0.000000,-0.350000,0.600000,0.000000,0.000000,0.707107,0.707107
arm_1,395.182000,0.000000,-0.350000,0.600000,0.000000,0.000000,0.707107,0.707107
arm_1,395.191000,0.000000,-0.350000,0.600000,0.000000,0.000000,0.707107,0.707107
arm_1,395.201000,0.000000,-0.350000,0.600000,0.000000,0.000000,0.707107,0.707107
arm_1,395.210000,0.000000,-0.350000,0.600000,0.000000,0.000000,0.707107,0.707107
arm_1,395.220000,0.000000,-0.350000,0.600000,0.000000,0.000000,0.707107,0.707107
arm_1,395.230000,0.000000,-0.350000,0.600000,0.000000,0.000000,0.707107,0.707107
arm_1,395.240000,0.000000,-0.350000,0.600000,0.000000,0.000000,0.707107,0.707107
arm_1,395.244000,0.000000,-0.350000,0.600000,0.000000,0.000000,0.707107,0.707107
arm_1,395.252000,0.000000,-0.350000,0.600000,0.000000,0.000000,0.707107,0.707107
arm_1,395.262000,0.000000,-0.350000,0.600000,0.000000,0.000000,0.707107,0.707107
arm_1,395.272000,0.000000,-0.350000,0.600000,0.000000,0.000000,0.707107,0.707107
arm_1,395.281000,0.000000,-0.350000,0.600000,0.000000,0.000000,0.707107,0.707107
arm_1,395.291000,0.000000,-0.350000,0.600000,0.000000,0.000000,0.707107,0.707107
arm_1,395.298000,0.000000,-0.350000,0.600000,0.000000,0.000000,0.707107,0.707107
arm_1,395.301000,0.000000,-0.350000,0.600000,0.000000,0.000000,0.707107,0.707107
arm_1,395.310000,0.000000,-0.350000,0.600000,0.000000,0.000000,0.707107,0.707107
arm_1,395.320000,0.000000,-0.350000,0.600000,0.000000,0.000000,0.707107,0.707107
arm_1,395.330000,0.000000,-0.350000,0.600000,0.000000,0.000000,0.707107,0.707107
arm_1,395.340000,0.000000,-0.350000,0.600000,0.000000,0.000000,0.707107,0.707107
arm_1,395.350000,0.000000,-0.350000,0.600000,0.000000,0.000000,0.707107,0.707107
arm_1,395.361000,0.000000,-0.350000,0.600000,0.000000,0.000000,0.707107,0.707107
arm_1,395.371000,0.000000,-0.350000,0.600000,0.000000,0.000000,0.707107,0.707107
arm_1,395.380000,0.000000,-0.350000,0.600000,0.000000,0.000000,0.707107,0.707107
arm_1,395.390000,0.000000,-0.350000,0.600000,0.000000,0.000000,0.707107,0.707107
arm_1,395.400000,0.000000,-0.350000,0.600000,0.000000,0.000000,0.707107,0.707107
arm_1,395.410000,0.000000,-0.350000,0.600000,0.000000,0.000000,0.707107,0.707107
arm_1,395.422000,0.000000,-0.350000,0.600000,0.000000,0.000000,0.707107,0.707107
arm_1,395.434000,0.000000,-0.350000,0.600000,0.000000,0.000000,0.707107,0.707107
arm_1,395.444000,0.000000,-0.350000,0.600000,0.000000,0.000000,0.707107,0.707107
arm_1,395.454000,0.000000,-0.350000,0.600000,0.000000,0.000000,0.707107,0.707107
arm_1,395.463000,0.000000,-0.350000,0.600000,0.000000,0.000000,0.707107,0.707107
arm_1,395.472000,0.000000,-0.350000,0.600000,0.000000,0.000000,0.707107,0.707107
arm_1,395.482000,0.000000,-0.350000,0.600000,0.000000,0.000000,0.707107,0.707107
arm_1,395.492000,0.000000,-0.350000,0.600000,0.000000,0.000000,0.707107,0.707107
arm_1,395.502000,0.000000,-0.350000,0.600000,0.000000,0.000000,0.707107,0.707107
arm_1,395.512000,0.000000,-0.350000,0.600000,0.000000,0.000000,0.707107,0.707107
arm_1,395.522000,0.000000,-0.350000,0.600000,0.000000,0.000000,0.707107,0.707107
arm_1,395.533000,0.000000,-0.350000,0.600000,0.000000,0.000000,0.707107,0.707107
arm_1,395.543000,0.000000,-0.350000,0.600000,0.000000,0.000000,0.707107,0.707107
arm_1,395.553000,0.000000,-0.350000,0.600000,0.000000,0.000000,0.707107,0.707107
arm_1,395.563000,0.000000,-0.350000,0.600000,0.000000,0.000000,0.707107,0.707107
arm_1,395.573000,0.000000,-0.350000,0.600000,0.000000,0.000000,0.707107,0.707107
arm_1,395.583000,0.000000,-0.350000,0.600000,0.000000,0.000000,0.707107,0.707107
arm_1,395.594000,0.000000,-0.350000,0.600000,0.000000,0.000000,0.707107,0.707107
arm_1,395.605000,0.000000,-0.350000,0.600000,0.000000,0.000000,0.707107,0.707107
arm_1,395.616000,0.000000,-0.350000,0.600000,0.000000,0.000000,0.707107,0.707107
arm_1,395.627000,0.000000,-0.350000,0.600000,0.000000,0.000000,0.707107,0.707107
arm_1,395.639000,0.000000,-0.350000,0.600000,0.000000,0.000000,0.707107,0.707107
arm_1,395.649000,0.000000,-0.350000,0.600000,0.000000,0.000000,0.707107,0.707107
arm_1,395.659000,0.000000,-0.350000,0.600000,0.000000,0.000000,0.707107,0.707107
arm_1,395.669000,0.000000,-0.350000,0.600000,0.000000,0.000000,0.707107,0.707107
arm_1,395.680000,0.000000,-0.350000,0.600000,0.000000,0.000000,0.707107,0.707107
arm_1,395.691000,0.000000,-0.350000,0.600000,0.000000,0.000000,0.707107,0.707107
arm_1,395.702000,0.000000,-0.350000,0.600000,0.000000,0.000000,0.707107,0.707107
arm_1,395.712000,0.000000,-0.350000,0.600000,0.000000,0.000000,0.707107,0.707107
arm_1,395.721000,0.000000,-0.350000,0.600000,0.000000,0.000000,0.707107,0.707107
arm_1,395.731000,0.000000,-0.350000,0.600000,0.000000,0.000000,0.707107,0.707107
arm_1,395.741000,0.000000,-0.350000,0.600000,0.000000,0.000000,0.707107,0.707107
arm_1,395.751000,0.000000,-0.350000,0.600000,0.000000,0.000000,0.707107,0.707107
arm_1,395.761000,0.000000,-0.350000,0.600000,0.000000,0.000000,0.707107,0.707107
arm_1,395.771000,0.000000,-0.350000,0.600000,0.000000,0.000000,0.707107,0.707107
arm_1,395.781000,0.000000,-0.350000,0.600000,0.000000,0.000000,0.707107,0.707107
arm_1,395.791000,0.000000,-0.350000,0.600000,0.000000,0.000000,0.707107,0.707107
arm_1,395.801000,0.000000,-0.350000,0.600000,0.000000,0.000000,0.707107,0.707107
arm_1,395.811000,0.000000,-0.350000,0.600000,0.000000,0.000000,0.707107,0.707107
arm_1,395.823000,0.000000,-0.350000,0.600000,0.000000,0.000000,0.707107,0.707107
arm_1,395.833000,0.000000,-0.350000,0.600000,0.000000,0.000000,0.707107,0.707107
arm_1,395.843000,0.000000,-0.350000,0.600000,0.000000,0.000000,0.707107,0.707107
arm_1,395.853000,0.000000,-0.350000,0.600000,0.000000,0.000000,0.707107,0.707107
arm_1,395.863000,0.000000,-0.350000,0.600000,0.000000,0.000000,0.707107,0.707107
arm_1,395.873000,0.000000,-0.350000,0.600000,0.000000,0.000000,0.707107,0.707107
arm_1,395.883000,0.000000,-0.350000,0.600000,0.000000,0.000000,0.707107,0.707107
arm_1,395.893000,0.000000,-0.350000,0.600000,0.000000,0.000000,0.707107,0.707107
arm_1,395.904000,0.000000,-0.350000,0.600000,0.000000,0.000000,0.707107,0.707107
arm_1,395.914000,0.000000,-0.350000,0.600000,0.000000,0.000000,0.707107,0.707107
arm_1,395.925000,0.000000,-0.350000,0.600000,0.000000,0.000000,0.707107,0.707107
arm_1,395.935000,0.000000,-0.350000,0.600000,0.000000,0.000000,0.707107,0.707107
arm_1,395.945000,0.000000,-0.350000,0.600000,0.000000,0.000000,0.707107,0.707107
arm_1,395.955000,0.000000,-0.350000,0.600000,0.000000,0.000000,0.707107,0.707107
arm_1,395.965000,0.000000,-0.350000,0.600000,0.000000,0.000000,0.707107,0.707107
arm_1,395.975000,0.000000,-0.350000,0.600000,0.000000,0.000000,0.707107,0.707107
arm_1,395.983000,0.000000,-0.350000,0.600000,0.000000,0.000000,0.707107,0.707107
arm_1,395.991000,0.000000,-0.350000,0.600000,0.000000,0.000000,0.707107,0.707107
arm_1,396.001000,0.000000,-0.350000,0.600000,0.000000,0.000000,0.707107,0.707107
arm_1,396.011000,0.000000,-0.350000,0.600000,0.000000,0.000000,0.707107,0.707107
arm_1,396.023000,0.000000,-0.350000,0.600000,0.000000,0.000000,0.707107,0.707107
arm_1,396.034000,0.000000,-0.350000,0.600000,0.000000,0.000000,0.707107,0.707107
arm_1,396.045000,0.000000,-0.350000,0.600000,0.000000,0.000000,0.707107,0.707107
arm_1,396.056000,0.000000,-0.350000,0.600000,0.000000,0.000000,0.707107,0.707107
arm_1,396.068000,0.000000,-0.350000,0.600000,0.000000,0.000000,0.707107,0.707107
arm_1,396.081000,0.000000,-0.350000,0.600000,0.000000,0.000000,0.707107,0.707107
arm_1,396.094000,0.000000,-0.350000,0.600000,0.000000,0.000000,0.707107,0.707107
arm_1,396.107000,0.000000,-0.350000,0.600000,0.000000,0.000000,0.707107,0.707107
arm_1,396.120000,0.000000,-0.350000,0.600000,0.000000,0.000000,0.707107,0.707107
arm_1,396.133000,0.000000,-0.350000,0.600000,0.000000,0.000000,0.707107,0.707107
arm_1,396.147000,0.000000,-0.350000,0.600000,0.000000,0.000000,0.707107,0.707107
arm_1,396.160000,0.000000,-0.350000,0.600000,0.000000,0.000000,0.707107,0.707107
arm_1,396.173000,0.000000,-0.350000,0.600000,0.000000,0.000000,0.707107,0.707107
arm_1,396.185000,0.000000,-0.350000,0.600000,0.000000,0.000000,0.707107,0.707107
arm_1,396.198000,0.000000,-0.350000,0.600000,0.000000,0.000000,0.707107,0.707107
arm_1,396.211000,0.000000,-0.350000,0.600000,0.000000,0.000000,0.707107,0.707107
arm_1,396.224000,0.000000,-0.350000,0.600000,0.000000,0.000000,0.707107,0.707107
arm_1,396.237000,0.000000,-0.350000,0.600000,0.000000,0.000000,0.707107,0.707107
arm_1,396.248000,0.000000,-0.350000,0.600000,0.000000,0.000000,0.707107,0.707107
arm_1,396.262000,0.000000,-0.350000,0.600000,0.000000,0.000000,0.707107,0.707107
arm_1,396.275000,0.000000,-0.350000,0.600000,0.000000,0.000000,0.707107,0.707107
arm_1,396.288000,0.000000,-0.350000,0.600000,0.000000,0.000000,0.707107,0.707107
arm_1,396.301000,0.000000,-0.350000,0.600000,0.000000,0.000000,0.707107,0.707107
arm_1,396.314000,0.000000,-0.350000,0.600000,0.000000,0.000000,0.707107,0.707107
arm_1,396.327000,0.000000,-0.350000,0.600000,0.000000,0.000000,0.707107,0.707107
arm_1,396.340000,0.000000,-0.350000,0.600000,0.000000,0.000000,0.707107,0.707107
arm_1,396.353000,0.000000,-0.350000,0.600000,0.000000,0.000000,0.707107,0.707107
arm_1,396.366000,0.000000,-0.350000,0.600000,0.000000,0.000000,0.707107,0.707107
arm_1,396.379000,0.000000,-0.350000,0.600000,0.000000,0.000000,0.707107,0.707107
arm_1,396.392000,0.000000,-0.350000,0.600000,0.000000,0.000000,0.707107,0.707107
arm_1,396.405000,0.000000,-0.350000,0.600000,0.000000,0.000000,0.707107,0.707107
arm_1,396.417000,0.000000,-0.350000,0.600000,0.000000,0.000000,0.707107,0.707107
arm_1,396.430000,0.000000,-0.350000,0.600000,0.000000,0.000000,0.707107,0.707107
arm_1,396.443000,0.000000,-0.350000,0.600000,0.000000,0.000000,0.707107,0.707107
arm_1,396.456000,0.000000,-0.350000,0.600000,0.000000,0.000000,0.707107,0.707107
arm_1,396.469000,0.000000,-0.350000,0.600000,0.000000,0.000000,0.707107,0.707107
arm_1,396.482000,0.000000,-0.350000,0.600000,0.000000,0.000000,0.707107,0.707107
arm_1,396.493000,0.000000,-0.350000,0.600000,0.000000,0.000000,0.707107,0.707107
arm_1,396.505000,0.000000,-0.350000,0.600000,0.000000,0.000000,0.707107,0.707107
arm_1,396.518000,0.000000,-0.350000,0.600000,0.000000,0.000000,0.707107,0.707107
arm_1,396.531000,0.000000,-0.350000,0.600000,0.000000,0.000000,0.707107,0.707107
arm_1,396.545000,0.000000,-0.350000,0.600000,0.000000,0.000000,0.707107,0.707107
arm_1,396.559000,0.000000,-0.350000,0.600000,0.000000,0.000000,0.707107,0.707107
arm_1,396.573000,0.000000,-0.350000,0.600000,0.000000,0.000000,0.707107,0.707107
arm_1,396.586000,0.000000,-0.350000,0.600000,0.000000,0.000000,0.707107,0.707107
arm_1,396.599000,0.000000,-0.350000,0.600000,0.000000,0.000000,0.707107,0.707107
arm_1,396.613000,0.000000,-0.350000,0.600000,0.000000,0.000000,0.707107,0.707107
arm_1,396.627000,0.000000,-0.350000,0.600000,0.000000,0.000000,0.707107,0.707107
arm_1,396.641000,0.000000,-0.350000,0.600000,0.000000,0.000000,0.707107,0.707107
arm_1,396.655000,0.000000,-0.350000,0.600000,0.000000,0.000000,0.707107,0.707107
arm_1,396.668000,0.000000,-0.350000,0.600000,0.000000,0.000000,0.707107,0.707107
arm_1,396.681000,0.000000,-0.350000,0.600000,0.000000,0.000000,0.707107,0.707107
arm_1,396.694000,0.000000,-0.350000,0.600000,0.000000,0.000000,0.707107,0.707107
arm_1,396.707000,0.000000,-0.350000,0.600000,0.000000,0.000000,0.707107,0.707107
arm_1,396.720000,0.000000,-0.350000,0.600000,0.000000,0.000000,0.707107,0.707107
arm_1,396.734000,0.000000,-0.350000,0.600000,0.000000,0.000000,0.707107,0.707107
arm_1,396.748000,0.000000,-0.350000,0.600000,0.000000,0.000000,0.707107,0.707107
arm_1,396.762000,0.000000,-0.350000,0.600000,0.000000,0.000000,0.707107,0.707107
arm_1,396.776000,0.000000,-0.350000,0.600000,0.000000,0.000000,0.707107,0.707107
arm_1,396.790000,0.000000,-0.350000,0.600000,0.000000,0.000000,0.707107,0.707107
arm_1,396.803000,0.000000,-0.350000,0.600000,0.000000,0.000000,0.707107,0.707107
arm_1,396.813000,0.000000,-0.350000,0.600000,0.000000,0.000000,0.707107,0.707107
arm_1,396.826000,0.000000,-0.350000,0.600000,0.000000,0.000000,0.707107,0.707107
arm_1,396.839000,0.000000,-0.350000,0.600000,0.000000,0.000000,0.707107,0.707107
arm_1,396.852000,0.000000,-0.350000,0.600000,0.000000,0.000000,0.707107,0.707107
arm_1,396.864000,0.000000,-0.350000,0.600000,0.000000,0.000000,0.707107,0.707107
arm_1,396.876000,0.000000,-0.350000,0.600000,0.000000,0.000000,0.707107,0.707107
arm_1,396.889000,0.000000,-0.350000,0.600000,0.000000,0.000000,0.707107,0.707107
arm_1,396.902000,0.000000,-0.350000,0.600000,0.000000,0.000000,0.707107,0.707107
arm_1,396.916000,0.000000,-0.350000,0.600000,0.000000,0.000000,0.707107,0.707107
arm_1,396.929000,0.000000,-0.350000,0.600000,0.000000,0.000000,0.707107,0.707107
arm_1,396.942000,0.000000,-0.350000,0.600000,0.000000,0.000000,0.707107,0.707107
arm_1,396.955000,0.000000,-0.350000,0.600000,0.000000,0.000000,0.707107,0.707107
arm_1,396.968000,0.000000,-0.350000,0.600000,0.000000,0.000000,0.707107,0.707107
arm_1,396.981000,0.000000,-0.350000,0.600000,0.000000,0.000000,0.707107,0.707107
arm_1,396.994000,0.000000,-0.350000,0.600000,0.000000,0.000000,0.707107,0.707107
arm_1,397.005000,0.000000,-0.350000,0.600000,0.000000,0.000000,0.707107,0.707107
arm_1,397.016000,0.000000,-0.350000,0.600000,0.000000,0.000000,0.707107,0.707107
arm_1,397.028000,0.000000,-0.350000,0.600000,0.000000,0.000000,0.707107,0.707107
arm_1,397.040000,0.000000,-0.350000,0.600000,0.000000,0.000000,0.707107,0.707107
arm_1,397.053000,0.000000,-0.350000,0.600000,0.000000,0.000000,0.707107,0.707107
arm_1,397.065000,0.000000,-0.350000,0.600000,0.000000,0.000000,0.707107,0.707107
arm_1,397.077000,0.000000,-0.350000,0.600000,0.000000,0.000000,0.707107,0.707107
arm_1,397.089000,0.000000,-0.350000,0.600000,0.000000,0.000000,0.707107,0.707107
arm_1,397.101000,0.000000,-0.350000,0.600000,0.000000,0.000000,0.707107,0.707107
arm_1,397.113000,0.000000,-0.350000,0.600000,0.000000,0.000000,0.707107,0.707107
arm_1,397.125000,0.000000,-0.350000,0.600000,0.000000,0.000000,0.707107,0.707107
arm_1,397.137000,0.000000,-0.350000,0.600000,0.000000,0.000000,0.707107,0.707107
arm_1,397.149000,0.000000,-0.350000,0.600000,0.000000,0.000000,0.707107,0.707107
arm_1,397.161000,0.000000,-0.350000,0.600000,0.000000,0.000000,0.707107,0.707107
arm_1,397.173000,0.000000,-0.350000,0.600000,0.000000,0.000000,0.707107,0.707107
arm_1,397.185000,0.000000,-0.350000,0.600000,0.000000,0.000000,0.707107,0.707107
arm_1,397.197000,0.000000,-0.350000,0.600000,0.000000,0.000000,0.707107,0.707107
arm_1,397.210000,0.000000,-0.350000,0.600000,0.000000,0.000000,0.707107,0.707107
arm_1,397.223000,0.000000,-0.350000,0.600000,0.000000,0.000000,0.707107,0.707107
arm_1,397.235000,0.000000,-0.350000,0.600000,0.000000,0.000000,0.707107,0.707107
arm_1,397.246000,0.000000,-0.350000,0.600000,0.000000,0.000000,0.707107,0.707107
arm_1,397.258000,0.000000,-0.350000,0.600000,0.000000,0.000000,0.707107,0.707107
arm_1,397.270000,0.000000,-0.350000,0.600000,0.000000,0.000000,0.707107,0.707107
arm_1,397.283000,0.000000,-0.350000,0.600000,0.000000,0.000000,0.707107,0.707107
arm_1,397.296000,0.000000,-0.350000,0.600000,0.000000,0.000000,0.707107,0.707107
arm_1,397.307000,0.000000,-0.350000,0.600000,0.000000,0.000000,0.707107,0.707107
arm_1,397.319000,0.000000,-0.350000,0.600000,0.000000,0.000000,0.707107,0.707107
arm_1,397.331000,0.000000,-0.350000,0.600000,0.000000,0.000000,0.707107,0.707107
arm_1,397.343000,0.000000,-0.350000,0.600000,0.000000,0.000000,0.707107,0.707107
arm_1,397.356000,0.000000,-0.350000,0.600000,0.000000,0.000000,0.707107,0.707107
arm_1,397.368000,0.000000,-0.350000,0.600000,0.000000,0.000000,0.707107,0.707107
arm_1,397.380000,0.000000,-0.350000,0.600000,0.000000,0.000000,0.707107,0.707107
arm_1,397.392000,0.000000,-0.350000,0.600000,0.000000,0.000000,0.707107,0.707107
arm_1,397.403000,0.000000,-0.350000,0.600000,0.000000,0.000000,0.707107,0.707107
arm_1,397.414000,0.000000,-0.350000,0.600000,0.000000,0.000000,0.707107,0.707107
arm_1,397.426000,0.000000,-0.350000,0.600000,0.000000,0.000000,0.707107,0.707107
arm_1,397.438000,0.000000,-0.350000,0.600000,0.000000,0.000000,0.707107,0.707107
arm_1,397.450000,0.000000,-0.350000,0.600000,0.000000,0.000000,0.707107,0.707107
arm_1,397.462000,0.000000,-0.350000,0.600000,0.000000,0.000000,0.707107,0.707107
arm_1,397.474000,0.000000,-0.350000,0.600000,0.000000,0.000000,0.707107,0.707107
arm_1,397.486000,0.000000,-0.350000,0.600000,0.000000,0.000000,0.707107,0.707107
arm_1,397.497000,0.000000,-0.350000,0.600000,0.000000,0.000000,0.707107,0.707107
arm_1,397.508000,0.000000,-0.350000,0.600000,0.000000,0.000000,0.707107,0.707107
arm_1,397.519000,0.000000,-0.350000,0.600000,0.000000,0.000000,0.707107,0.707107
arm_1,397.531000,0.000000,-0.350000,0.600000,0.000000,0.000000,0.707107,0.707107
arm_1,397.543000,0.000000,-0.350000,0.600000,0.000000,0.000000,0.707107,0.707107
arm_1,397.555000,0.000000,-0.350000,0.600000,0.000000,0.000000,0.707107,0.707107
arm_1,397.567000,0.000000,-0.350000,0.600000,0.000000,0.000000,0.707107,0.707107
arm_1,397.579000,0.000000,-0.350000,0.600000,0.000000,0.000000,0.707107,0.707107
arm_1,397.591000,0.000000,-0.350000,0.600000,0.000000,0.000000,0.707107,0.707107
arm_1,397.603000,0.000000,-0.350000,0.600000,0.000000,0.000000,0.707107,0.707107
arm_1,397.615000,0.000000,-0.350000,0.600000,0.000000,0.000000,0.707107,0.707107
arm_1,397.627000,0.000000,-0.350000,0.600000,0.000000,0.000000,0.707107,0.707107
arm_1,397.639000,0.000000,-0.350000,0.600000,0.000000,0.000000,0.707107,0.707107
arm_1,397.651000,0.000000,-0.350000,0.600000,0.000000,0.000000,0.707107,0.707107
arm_1,397.661000,0.000000,-0.350000,0.600000,0.000000,0.000000,0.707107,0.707107
arm_1,397.670000,0.000000,-0.350000,0.600000,0.000000,0.000000,0.707107,0.707107
arm_1,397.680000,0.000000,-0.350000,0.600000,0.000000,0.000000,0.707107,0.707107
arm_1,397.689000,0.000000,-0.350000,0.600000,0.000000,0.000000,0.707107,0.707107
arm_1,397.699000,0.000000,-0.350000,0.600000,0.000000,0.000000,0.707107,0.707107
arm_1,397.710000,0.000000,-0.350000,0.600000,0.000000,0.000000,0.707107,0.707107
arm_1,397.720000,0.000000,-0.350000,0.600000,0.000000,0.000000,0.707107,0.707107
arm_1,397.729000,0.000000,-0.350000,0.600000,0.000000,0.000000,0.707107,0.707107
arm_1,397.740000,0.000000,-0.350000,0.600000,0.000000,0.000000,0.707107,0.707107
arm_1,397.750000,0.000000,-0.350000,0.600000,0.000000,0.000000,0.707107,0.707107
arm_1,397.760000,0.000000,-0.350000,0.600000,0.000000,0.000000,0.707107,0.707107
arm_1,397.771000,0.000000,-0.350000,0.600000,0.000000,0.000000,0.707107,0.707107
arm_1,397.782000,0.000000,-0.350000,0.600000,0.000000,0.000000,0.707107,0.707107
arm_1,397.792000,0.000000,-0.350000,0.600000,0.000000,0.000000,0.707107,0.707107
arm_1,397.802000,0.000000,-0.350000,0.600000,0.000000,0.000000,0.707107,0.707107
arm_1,397.813000,0.000000,-0.350000,0.600000,0.000000,0.000000,0.707107,0.707107
arm_1,397.823000,0.000000,-0.350000,0.600000,0.000000,0.000000,0.707107,0.707107
arm_1,397.833000,0.000000,-0.350000,0.600000,0.000000,0.000000,0.707107,0.707107
arm_1,397.843000,0.000000,-0.350000,0.600000,0.000000,0.000000,0.707107,0.707107
arm_1,397.853000,0.000000,-0.350000,0.600000,0.000000,0.000000,0.707107,0.707107
arm_1,397.864000,0.000000,-0.350000,0.600000,0.000000,0.000000,0.707107,0.707107
arm_1,397.873000,0.000000,-0.350000,0.600000,0.000000,0.000000,0.707107,0.707107
arm_1,397.883000,0.000000,-0.350000,0.600000,0.000000,0.000000,0.707107,0.707107
arm_1,397.892000,0.000000,-0.350000,0.600000,0.000000,0.000000,0.707107,0.707107
arm_1,397.902000,0.000000,-0.350000,0.600000,0.000000,0.000000,0.707107,0.707107
arm_1,397.912000,0.000000,-0.350000,0.600000,0.000000,0.000000,0.707107,0.707107
arm_1,397.922000,0.000000,-0.350000,0.600000,0.000000,0.000000,0.707107,0.707107
arm_1,397.933000,0.000000,-0.350000,0.600000,0.000000,0.000000,0.707107,0.707107
arm_1,397.943000,0.000000,-0.350000,0.600000,0.000000,0.000000,0.707107,0.707107
arm_1,397.953000,0.000000,-0.350000,0.600000,0.000000,0.000000,0.707107,0.707107
arm_1,397.963000,0.000000,-0.350000,0.600000,0.000000,0.000000,0.707107,0.707107
arm_1,397.973000,0.000000,-0.350000,0.600000,0.000000,0.000000,0.707107,0.707107
arm_1,397.984000,0.000000,-0.350000,0.600000,0.000000,0.000000,0.707107,0.707107
arm_1,397.994000,0.000000,-0.350000,0.600000,0.000000,0.000000,0.707107,0.707107
arm_1,398.005000,0.000000,-0.350000,0.600000,0.000000,0.000000,0.707107,0.707107
arm_1,398.015000,0.000000,-0.350000,0.600000,0.000000,0.000000,0.707107,0.707107
arm_1,398.025000,0.000000,-0.350000,0.600000,0.000000,0.000000,0.707107,0.707107
arm_1,398.035000,0.000000,-0.350000,0.600000,0.000000,0.000000,0.707107,0.707107
arm_1,398.046000,0.000000,-0.350000,0.600000,0.000000,0.000000,0.707107,0.707107
arm_1,398.056000,0.000000,-0.350000,0.600000,0.000000,0.000000,0.707107,0.707107
arm_1,398.066000,0.000000,-0.350000,0.600000,0.000000,0.000000,0.707107,0.707107
arm_1,398.077000,0.000000,-0.350000,0.600000,0.000000,0.000000,0.707107,0.707107
arm_1,398.087000,0.000000,-0.350000,0.600000,0.000000,0.000000,0.707107,0.707107
arm_1,398.098000,0.000000,-0.350000,0.600000,0.000000,0.000000,0.707107,0.707107
arm_1,398.109000,0.000000,-0.350000,0.600000,0.000000,0.000000,0.707107,0.707107
arm_1,398.120000,0.000000,-0.350000,0.600000,0.000000,0.000000,0.707107,0.707107
arm_1,398.131000,0.000000,-0.350000,0.600000,0.000000,0.000000,0.707107,0.707107
arm_1,398.143000,0.000000,-0.350000,0.600000,0.000000,0.000000,0.707107,0.707107
arm_1,398.154000,0.000000,-0.350000,0.600000,0.000000,0.000000,0.707107,0.707107
arm_1,398.166000,0.000000,-0.350000,0.600000,0.000000,0.000000,0.707107,0.707107
arm_1,398.176000,0.000000,-0.350000,0.600000,0.000000,0.000000,0.707107,0.707107
arm_1,398.186000,0.000000,-0.350000,0.600000,0.000000,0.000000,0.707107,0.707107
arm_1,398.194000,0.000000,-0.350000,0.600000,0.000000,0.000000,0.707107,0.707107
arm_1,398.204000,0.000000,-0.350000,0.600000,0.000000,0.000000,0.707107,0.707107
arm_1,398.216000,0.000000,-0.350000,0.600000,0.000000,0.000000,0.707107,0.707107
arm_1,398.228000,0.000000,-0.350000,0.600000,0.000000,0.000000,0.707107,0.707107
arm_1,398.239000,0.000000,-0.350000,0.600000,0.000000,0.000000,0.707107,0.707107
arm_1,398.250000,0.000000,-0.350000,0.600000,0.000000,0.000000,0.707107,0.707107
arm_1,398.262000,0.000000,-0.350000,0.600000,0.000000,0.000000,0.707107,0.707107
arm_1,398.274000,0.000000,-0.350000,0.600000,0.000000,0.000000,0.707107,0.707107
arm_1,398.286000,0.000000,-0.350000,0.600000,0.000000,0.000000,0.707107,0.707107
arm_1,398.298000,0.000000,-0.350000,0.600000,0.000000,0.000000,0.707107,0.707107
arm_1,398.310000,0.000000,-0.350000,0.600000,0.000000,0.000000,0.707107,0.707107
arm_1,398.322000,0.000000,-0.350000,0.600000,0.000000,0.000000,0.707107,0.707107
arm_1,398.334000,0.000000,-0.350000,0.600000,0.000000,0.000000,0.707107,0.707107
arm_1,398.346000,0.000000,-0.350000,0.600000,0.000000,0.000000,0.707107,0.707107
arm_1,398.358000,0.000000,-0.350000,0.600000,0.000000,0.000000,0.707107,0.707107
arm_1,398.370000,0.000000,-0.350000,0.600000,0.000000,0.000000,0.707107,0.707107
arm_1,398.376000,0.000000,-0.350000,0.600000,0.000000,0.000000,0.707107,0.707107
arm_1,398.385000,0.000000,-0.350000,0.600000,0.000000,0.000000,0.707107,0.707107
arm_1,398.397000,0.000000,-0.350000,0.600000,0.000000,0.000000,0.707107,0.707107
arm_1,398.408000,0.000000,-0.350000,0.600000,0.000000,0.000000,0.707107,0.707107
arm_1,398.420000,0.000000,-0.350000,0.600000,0.000000,0.000000,0.707107,0.707107
arm_1,398.431000,0.000000,-0.350000,0.600000,0.000000,0.000000,0.707107,0.707107
arm_1,398.442000,0.000000,-0.350000,0.600000,0.000000,0.000000,0.707107,0.707107
arm_1,398.454000,0.000000,-0.350000,0.600000,0.000000,0.000000,0.707107,0.707107
arm_1,398.468000,0.000000,-0.350000,0.600000,0.000000,0.000000,0.707107,0.707107
arm_1,398.481000,0.000000,-0.350000,0.600000,0.000000,0.000000,0.707107,0.707107
arm_1,398.494000,0.000000,-0.350000,0.600000,0.000000,0.000000,0.707107,0.707107
arm_1,398.507000,0.000000,-0.350000,0.600000,0.000000,0.000000,0.707107,0.707107
arm_1,398.521000,0.000000,-0.350000,0.600000,0.000000,0.000000,0.707107,0.707107
arm_1,398.534000,0.000000,-0.350000,0.600000,0.000000,0.000000,0.707107,0.707107
arm_1,398.548000,0.000000,-0.350000,0.600000,0.000000,0.000000,0.707107,0.707107
arm_1,398.562000,0.000000,-0.350000,0.600000,0.000000,0.000000,0.707107,0.707107
arm_1,398.576000,0.000000,-0.350000,0.600000,0.000000,0.000000,0.707107,0.707107
arm_1,398.589000,0.000000,-0.350000,0.600000,0.000000,0.000000,0.707107,0.707107
arm_1,398.599000,0.000000,-0.350000,0.600000,0.000000,0.000000,0.707107,0.707107
arm_1,398.607000,0.000000,-0.350000,0.600000,0.000000,0.000000,0.707107,0.707107
arm_1,398.617000,0.000000,-0.350000,0.600000,0.000000,0.000000,0.707107,0.707107
arm_1,398.628000,0.000000,-0.350000,0.600000,0.000000,0.000000,0.707107,0.707107
arm_1,398.638000,0.000000,-0.350000,0.600000,0.000000,0.000000,0.707107,0.707107
arm_1,398.650000,0.000000,-0.350000,0.600000,0.000000,0.000000,0.707107,0.707107
arm_1,398.661000,0.000000,-0.350000,0.600000,0.000000,0.000000,0.707107,0.707107
arm_1,398.671000,0.000000,-0.350000,0.600000,0.000000,0.000000,0.707107,0.707107
arm_1,398.681000,0.000000,-0.350000,0.600000,0.000000,0.000000,0.707107,0.707107
arm_1,398.692000,0.000000,-0.350000,0.600000,0.000000,0.000000,0.707107,0.707107
arm_1,398.704000,0.000000,-0.350000,0.600000,0.000000,0.000000,0.707107,0.707107
arm_1,398.716000,0.000000,-0.350000,0.600000,0.000000,0.000000,0.707107,0.707107
arm_1,398.728000,0.000000,-0.350000,0.600000,0.000000,0.000000,0.707107,0.707107
arm_1,398.740000,0.000000,-0.350000,0.600000,0.000000,0.000000,0.707107,0.707107
arm_1,398.750000,0.000000,-0.350000,0.600000,0.000000,0.000000,0.707107,0.707107
arm_1,398.760000,0.000000,-0.350000,0.600000,0.000000,0.000000,0.707107,0.707107
arm_1,398.771000,0.000000,-0.350000,0.600000,0.000000,0.000000,0.707107,0.707107
arm_1,398.782000,0.000000,-0.350000,0.600000,0.000000,0.000000,0.707107,0.707107
arm_1,398.793000,0.000000,-0.350000,0.600000,0.000000,0.000000,0.707107,0.707107
arm_1,398.805000,0.000000,-0.350000,0.600000,0.000000,0.000000,0.707107,0.707107
arm_1,398.816000,0.000000,-0.350000,0.600000,0.000000,0.000000,0.707107,0.707107
arm_1,398.827000,0.000000,-0.350000,0.600000,0.000000,0.000000,0.707107,0.707107
arm_1,398.839000,0.000000,-0.350000,0.600000,0.000000,0.000000,0.707107,0.707107
arm_1,398.851000,0.000000,-0.350000,0.600000,0.000000,0.000000,0.707107,0.707107
arm_1,398.863000,0.000000,-0.350000,0.600000,0.000000,0.000000,0.707107,0.707107
arm_1,398.874000,0.000000,-0.350000,0.600000,0.000000,0.000000,0.707107,0.707107
arm_1,398.886000,0.000000,-0.350000,0.600000,0.000000,0.000000,0.707107,0.707107
arm_1,398.898000,0.000000,-0.350000,0.600000,0.000000,0.000000,0.707107,0.707107
arm_1,398.909000,0.000000,-0.350000,0.600000,0.000000,0.000000,0.707107,0.707107
arm_1,398.921000,0.000000,-0.350000,0.600000,0.000000,0.000000,0.707107,0.707107
arm_1,398.932000,0.000000,-0.350000,0.600000,0.000000,0.000000,0.707107,0.707107
arm_1,398.944000,0.000000,-0.350000,0.600000,0.000000,0.000000,0.707107,0.707107
arm_1,398.956000,0.000000,-0.350000,0.600000,0.000000,0.000000,0.707107,0.707107
arm_1,398.968000,0.000000,-0.350000,0.600000,0.000000,0.000000,0.707107,0.707107
arm_1,398.980000,0.000000,-0.350000,0.600000,0.000000,0.000000,0.707107,0.707107
arm_1,398.992000,0.000000,-0.350000,0.600000,0.000000,0.000000,0.707107,0.707107
arm_1,399.004000,0.000000,-0.350000,0.600000,0.000000,0.000000,0.707107,0.707107
arm_1,399.014000,0.000000,-0.350000,0.600000,0.000000,0.000000,0.707107,0.707107
arm_1,399.024000,0.000000,-0.350000,0.600000,0.000000,0.000000,0.707107,0.707107
arm_1,399.032000,0.000000,-0.350000,0.600000,0.000000,0.000000,0.707107,0.707107
arm_1,399.041000,0.000000,-0.350000,0.600000,0.000000,0.000000,0.707107,0.707107
arm_1,399.051000,0.000000,-0.350000,0.600000,0.000000,0.000000,0.707107,0.707107
arm_1,399.060000,0.000000,-0.350000,0.600000,0.000000,0.000000,0.707107,0.707107
arm_1,399.070000,0.000000,-0.350000,0.600000,0.000000,0.000000,0.707107,0.707107
arm_1,399.080000,0.000000,-0.350000,0.600000,0.000000,0.000000,0.707107,0.707107
arm_1,399.090000,0.000000,-0.350000,0.600000,0.000000,0.000000,0.707107,0.707107
arm_1,399.100000,0.000000,-0.350000,0.600000,0.000000,0.000000,0.707107,0.707107
arm_1,399.110000,0.000000,-0.350000,0.600000,0.000000,0.000000,0.707107,0.707107
arm_1,399.121000,0.000000,-0.350000,0.600000,0.000000,0.000000,0.707107,0.707107
arm_1,399.132000,0.000000,-0.350000,0.600000,0.000000,0.000000,0.707107,0.707107
arm_1,399.143000,0.000000,-0.350000,0.600000,0.000000,0.000000,0.707107,0.707107
arm_1,399.153000,0.000000,-0.350000,0.600000,0.000000,0.000000,0.707107,0.707107
arm_1,399.164000,0.000000,-0.350000,0.600000,0.000000,0.000000,0.707107,0.707107
arm_1,399.175000,0.000000,-0.350000,0.600000,0.000000,0.000000,0.707107,0.707107
arm_1,399.186000,0.000000,-0.350000,0.600000,0.000000,0.000000,0.707107,0.707107
arm_1,399.199000,0.000000,-0.350000,0.600000,0.000000,0.000000,0.707107,0.707107
arm_1,399.211000,0.000000,-0.350000,0.600000,0.000000,0.000000,0.707107,0.707107
arm_1,399.223000,0.000000,-0.350000,0.600000,0.000000,0.000000,0.707107,0.707107
arm_1,399.236000,0.000000,-0.350000,0.600000,0.000000,0.000000,0.707107,0.707107
arm_1,399.248000,0.000000,-0.350000,0.600000,0.000000,0.000000,0.707107,0.707107
arm_1,399.260000,0.000000,-0.350000,0.600000,0.000000,0.000000,0.707107,0.707107
arm_1,399.273000,0.000000,-0.350000,0.600000,0.000000,0.000000,0.707107,0.707107
arm_1,399.286000,0.000000,-0.350000,0.600000,0.000000,0.000000,0.707107,0.707107
arm_1,399.299000,0.000000,-0.350000,0.600000,0.000000,0.000000,0.707107,0.707107
arm_1,399.312000,0.000000,-0.350000,0.600000,0.000000,0.000000,0.707107,0.707107
arm_1,399.325000,0.000000,-0.350000,0.600000,0.000000,0.000000,0.707107,0.707107
arm_1,399.338000,0.000000,-0.350000,0.600000,0.000000,0.000000,0.707107,0.707107
arm_1,399.351000,0.000000,-0.350000,0.600000,0.000000,0.000000,0.707107,0.707107
arm_1,399.364000,0.000000,-0.350000,0.600000,0.000000,0.000000,0.707107,0.707107
arm_1,399.376000,0.000000,-0.350000,0.600000,0.000000,0.000000,0.707107,0.707107
arm_1,399.389000,0.000000,-0.350000,0.600000,0.000000,0.000000,0.707107,0.707107
arm_1,399.402000,0.000000,-0.350000,0.600000,0.000000,0.000000,0.707107,0.707107
arm_1,399.414000,0.000000,-0.350000,0.600000,0.000000,0.000000,0.707107,0.707107
arm_1,399.422000,0.000000,-0.350000,0.600000,0.000000,0.000000,0.707107,0.707107
arm_1,399.431000,0.000000,-0.350000,0.600000,0.000000,0.000000,0.707107,0.707107
arm_1,399.440000,0.000000,-0.350000,0.600000,0.000000,0.000000,0.707107,0.707107
arm_1,399.452000,0.000000,-0.350000,0.600000,0.000000,0.000000,0.707107,0.707107
arm_1,399.463000,0.000000,-0.350000,0.600000,0.000000,0.000000,0.707107,0.707107
arm_1,399.475000,0.000000,-0.350000,0.600000,0.000000,0.000000,0.707107,0.707107
arm_1,399.487000,0.000000,-0.350000,0.600000,0.000000,0.000000,0.707107,0.707107
arm_1,399.499000,0.000000,-0.350000,0.600000,0.000000,0.000000,0.707107,0.707107
arm_1,399.511000,0.000000,-0.350000,0.600000,0.000000,0.000000,0.707107,0.707107
arm_1,399.523000,0.000000,-0.350000,0.600000,0.000000,0.000000,0.707107,0.707107
arm_1,399.533000,0.000000,-0.350000,0.600000,0.000000,0.000000,0.707107,0.707107
arm_1,399.545000,0.000000,-0.350000,0.600000,0.000000,0.000000,0.707107,0.707107
arm_1,399.557000,0.000000,-0.350000,0.600000,0.000000,0.000000,0.707107,0.707107
arm_1,399.569000,0.000000,-0.350000,0.600000,0.000000,0.000000,0.707107,0.707107
arm_1,399.581000,0.000000,-0.350000,0.600000,0.000000,0.000000,0.707107,0.707107
arm_1,399.593000,0.000000,-0.350000,0.600000,0.000000,0.000000,0.707107,0.707107
arm_1,399.605000,0.000000,-0.350000,0.600000,0.000000,0.000000,0.707107,0.707107
arm_1,399.618000,0.000000,-0.350000,0.600000,0.000000,0.000000,0.707107,0.707107
arm_1,399.631000,0.000000,-0.350000,0.600000,0.000000,0.000000,0.707107,0.707107
arm_1,399.645000,0.000000,-0.350000,0.600000,0.000000,0.000000,0.707107,0.707107
arm_1,399.659000,0.000000,-0.350000,0.600000,0.000000,0.000000,0.707107,0.707107
arm_1,399.673000,0.000000,-0.350000,0.600000,0.000000,0.000000,0.707107,0.707107
arm_1,399.686000,0.000000,-0.350000,0.600000,0.000000,0.000000,0.707107,0.707107
arm_1,399.698000,0.000000,-0.350000,0.600000,0.000000,0.000000,0.707107,0.707107
arm_1,399.709000,0.000000,-0.350000,0.600000,0.000000,0.000000,0.707107,0.707107
arm_1,399.720000,0.000000,-0.350000,0.600000,0.000000,0.000000,0.707107,0.707107
arm_1,399.731000,0.000000,-0.350000,0.600000,0.000000,0.000000,0.707107,0.707107
arm_1,399.742000,0.000000,-0.350000,0.600000,0.000000,0.000000,0.707107,0.707107
arm_1,399.753000,0.000000,-0.350000,0.600000,0.000000,0.000000,0.707107,0.707107
arm_1,399.764000,0.000000,-0.350000,0.600000,0.000000,0.000000,0.707107,0.707107
arm_1,399.775000,0.000000,-0.350000,0.600000,0.000000,0.000000,0.707107,0.707107
arm_1,399.786000,0.000000,-0.350000,0.600000,0.000000,0.000000,0.707107,0.707107
arm_1,399.798000,0.000000,-0.350000,0.600000,0.000000,0.000000,0.707107,0.707107
arm_1,399.809000,0.000000,-0.350000,0.600000,0.000000,0.000000,0.707107,0.707107
arm_1,399.820000,0.000000,-0.350000,0.600000,0.000000,0.000000,0.707107,0.707107
arm_1,399.831000,0.000000,-0.350000,0.600000,0.000000,0.000000,0.707107,0.707107
arm_1,399.842000,0.000000,-0.350000,0.600000,0.000000,0.000000,0.707107,0.707107
arm_1,399.853000,0.000000,-0.350000,0.600000,0.000000,0.000000,0.707107,0.707107
arm_1,399.864000,0.000000,-0.350000,0.600000,0.000000,0.000000,0.707107,0.707107
arm_1,399.876000,0.000000,-0.350000,0.600000,0.000000,0.000000,0.707107,0.707107
arm_1,399.886000,0.000000,-0.350000,0.600000,0.000000,0.000000,0.707107,0.707107
arm_1,399.898000,0.000000,-0.350000,0.600000,0.000000,0.000000,0.707107,0.707107
arm_1,399.909000,0.000000,-0.350000,0.600000,0.000000,0.000000,0.707107,0.707107
arm_1,399.920000,0.000000,-0.350000,0.600000,0.000000,0.000000,0.707107,0.707107
arm_1,399.930000,0.000000,-0.350000,0.600000,0.000000,0.000000,0.707107,0.707107
arm_1,399.939000,0.000000,-0.350000,0.600000,0.000000,0.000000,0.707107,0.707107
arm_1,399.950000,0.000000,-0.350000,0.600000,0.000000,0.000000,0.707107,0.707107
arm_1,399.961000,0.000000,-0.350000,0.600000,0.000000,0.000000,0.707107,0.707107
arm_1,399.973000,0.000000,-0.350000,0.600000,0.000000,0.000000,0.707107,0.707107
arm_1,399.984000,0.000000,-0.350000,0.600000,0.000000,0.000000,0.707107,0.707107
arm_1,399.997000,0.000000,-0.350000,0.600000,0.000000,0.000000,0.707107,0.707107
arm_1,400.010000,0.000000,-0.350000,0.600000,0.000000,0.000000,0.707107,0.707107
arm_1,400.023000,0.000000,-0.350000,0.600000,0.000000,0.000000,0.707107,0.707107
arm_1,400.036000,0.000000,-0.350000,0.600000,0.000000,0.000000,0.707107,0.707107
arm_1,400.049000,0.000000,-0.350000,0.600000,0.000000,0.000000,0.707107,0.707107
arm_1,400.062000,0.000000,-0.350000,0.600000,0.000000,0.000000,0.707107,0.707107
arm_1,400.075000,0.000000,-0.350000,0.600000,0.000000,0.000000,0.707107,0.707107
arm_1,400.089000,0.000000,-0.350000,0.600000,0.000000,0.000000,0.707107,0.707107
arm_1,400.102000,0.000000,-0.350000,0.600000,0.000000,0.000000,0.707107,0.707107
arm_1,400.115000,0.000000,-0.350000,0.600000,0.000000,0.000000,0.707107,0.707107
arm_1,400.128000,0.000000,-0.350000,0.600000,0.000000,0.000000,0.707107,0.707107
arm_1,400.142000,0.000000,-0.350000,0.600000,0.000000,0.000000,0.707107,0.707107
arm_1,400.155000,0.000000,-0.350000,0.600000,0.000000,0.000000,0.707107,0.707107
arm_1,400.168000,0.000000,-0.350000,0.600000,0.000000,0.000000,0.707107,0.707107
arm_1,400.180000,0.000000,-0.350000,0.600000,0.000000,0.000000,0.707107,0.707107
arm_1,400.192000,0.000000,-0.350000,0.600000,0.000000,0.000000,0.707107,0.707107
arm_1,400.204000,0.000000,-0.350000,0.600000,0.000000,0.000000,0.707107,0.707107
arm_1,400.217000,0.000000,-0.350000,0.600000,0.000000,0.000000,0.707107,0.707107
arm_1,400.230000,0.000000,-0.350000,0.600000,0.000000,0.000000,0.707107,0.707107
arm_1,400.244000,0.000000,-0.350000,0.600000,0.000000,0.000000,0.707107,0.707107
arm_1,400.256000,0.000000,-0.350000,0.600000,0.000000,0.000000,0.707107,0.707107
arm_1,400.268000,0.000000,-0.350000,0.600000,0.000000,0.000000,0.707107,0.707107
arm_1,400.280000,0.000000,-0.350000,0.600000,0.000000,0.000000,0.707107,0.707107
arm_1,400.292000,0.000000,-0.350000,0.600000,0.000000,0.000000,0.707107,0.707107
arm_1,400.304000,0.000000,-0.350000,0.600000,0.000000,0.000000,0.707107,0.707107
arm_1,400.311000,0.000000,-0.350000,0.600000,0.000000,0.000000,0.707107,0.707107
arm_1,400.322000,0.000000,-0.350000,0.600000,0.000000,0.000000,0.707107,0.707107
arm_1,400.335000,0.000000,-0.350000,0.600000,0.000000,0.000000,0.707107,0.707107
arm_1,400.348000,0.000000,-0.350000,0.600000,0.000000,0.000000,0.707107,0.707107
arm_1,400.362000,0.000000,-0.350000,0.600000,0.000000,0.000000,0.707107,0.707107
arm_1,400.375000,0.000000,-0.350000,0.600000,0.000000,0.000000,0.707107,0.707107
arm_1,400.388000,0.000000,-0.350000,0.600000,0.000000,0.000000,0.707107,0.707107
arm_1,400.400000,0.000000,-0.350000,0.600000,0.000000,0.000000,0.707107,0.707107
arm_1,400.413000,0.000000,-0.350000,0.600000,0.000000,0.000000,0.707107,0.707107
arm_1,400.426000,0.000000,-0.350000,0.600000,0.000000,0.000000,0.707107,0.707107
arm_1,400.440000,0.000000,-0.350000,0.600000,0.000000,0.000000,0.707107,0.707107
arm_1,400.454000,0.000000,-0.350000,0.600000,0.000000,0.000000,0.707107,0.707107
arm_1,400.468000,0.000000,-0.350000,0.600000,0.000000,0.000000,0.707107,0.707107
arm_1,400.480000,0.000000,-0.350000,0.600000,0.000000,0.000000,0.707107,0.707107
arm_1,400.493000,0.000000,-0.350000,0.600000,0.000000,0.000000,0.707107,0.707107
arm_1,400.506000,0.000000,-0.350000,0.600000,0.000000,0.000000,0.707107,0.707107
arm_1,400.519000,0.000000,-0.350000,0.600000,0.000000,0.000000,0.707107,0.707107
arm_1,400.532000,0.000000,-0.350000,0.600000,0.000000,0.000000,0.707107,0.707107
arm_1,400.545000,0.000000,-0.350000,0.600000,0.000000,0.000000,0.707107,0.707107
arm_1,400.558000,0.000000,-0.350000,0.600000,0.000000,0.000000,0.707107,0.707107
arm_1,400.570000,0.000000,-0.350000,0.600000,0.000000,0.000000,0.707107,0.707107
arm_1,400.583000,0.000000,-0.350000,0.600000,0.000000,0.000000,0.707107,0.707107
arm_1,400.597000,0.000000,-0.350000,0.600000,0.000000,0.000000,0.707107,0.707107
arm_1,400.611000,0.000000,-0.350000,0.600000,0.000000,0.000000,0.707107,0.707107
arm_1,400.625000,0.000000,-0.350000,0.600000,0.000000,0.000000,0.707107,0.707107
arm_1,400.639000,0.000000,-0.350000,0.600000,0.000000,0.000000,0.707107,0.707107
arm_1,400.653000,0.000000,-0.350000,0.600000,0.000000,0.000000,0.707107,0.707107
arm_1,400.667000,0.000000,-0.350000,0.600000,0.000000,0.000000,0.707107,0.707107
arm_1,400.681000,0.000000,-0.350000,0.600000,0.000000,0.000000,0.707107,0.707107
arm_1,400.695000,0.000000,-0.350000,0.600000,0.000000,0.000000,0.707107,0.707107
arm_1,400.709000,0.000000,-0.350000,0.600000,0.000000,0.000000,0.707107,0.707107
arm_1,400.723000,0.000000,-0.350000,0.600000,0.000000,0.000000,0.707107,0.707107
arm_1,400.736000,0.000000,-0.350000,0.600000,0.000000,0.000000,0.707107,0.707107
arm_1,400.748000,0.000000,-0.350000,0.600000,0.000000,0.000000,0.707107,0.707107
arm_1,400.761000,0.000000,-0.350000,0.600000,0.000000,0.000000,0.707107,0.707107
arm_1,400.774000,0.000000,-0.350000,0.600000,0.000000,0.000000,0.707107,0.707107
arm_1,400.787000,0.000000,-0.350000,0.600000,0.000000,0.000000,0.707107,0.707107
arm_1,400.800000,0.000000,-0.350000,0.600000,0.000000,0.000000,0.707107,0.707107
arm_1,400.813000,0.000000,-0.350000,0.600000,0.000000,0.000000,0.707107,0.707107
arm_1,400.826000,0.000000,-0.350000,0.600000,0.000000,0.000000,0.707107,0.707107
arm_1,400.839000,0.000000,-0.350000,0.600000,0.000000,0.000000,0.707107,0.707107
arm_1,400.852000,0.000000,-0.350000,0.600000,0.000000,0.000000,0.707107,0.707107
arm_1,400.864000,0.000000,-0.350000,0.600000,0.000000,0.000000,0.707107,0.707107
arm_1,400.876000,0.000000,-0.350000,0.600000,0.000000,0.000000,0.707107,0.707107
arm_1,400.889000,0.000000,-0.350000,0.600000,0.000000,0.000000,0.707107,0.707107
arm_1,400.901000,0.000000,-0.350000,0.600000,0.000000,0.000000,0.707107,0.707107
arm_1,400.914000,0.000000,-0.350000,0.600000,0.000000,0.000000,0.707107,0.707107
arm_1,400.927000,0.000000,-0.350000,0.600000,0.000000,0.000000,0.707107,0.707107
arm_1,400.940000,0.000000,-0.350000,0.600000,0.000000,0.000000,0.707107,0.707107
arm_1,400.953000,0.000000,-0.350000,0.600000,0.000000,0.000000,0.707107,0.707107
arm_1,400.967000,0.000000,-0.350000,0.600000,0.000000,0.000000,0.707107,0.707107
arm_1,400.978000,0.000000,-0.350000,0.600000,0.000000,0.000000,0.707107,0.707107
arm_1,400.989000,0.000000,-0.350000,0.600000,0.000000,0.000000,0.707107,0.707107
arm_1,401.001000,0.000000,-0.350000,0.600000,0.000000,0.000000,0.707107,0.707107
arm_1,401.010000,0.000000,-0.350000,0.600000,0.000000,0.000000,0.707107,0.707107
arm_1,401.021000,0.000000,-0.350000,0.600000,0.000000,0.000000,0.707107,0.707107
arm_1,401.033000,0.000000,-0.350000,0.600000,0.000000,0.000000,0.707107,0.707107
arm_1,401.046000,0.000000,-0.350000,0.600000,0.000000,0.000000,0.707107,0.707107
arm_1,401.060000,0.000000,-0.350000,0.600000,0.000000,0.000000,0.707107,0.707107
arm_1,401.073000,0.000000,-0.350000,0.600000,0.000000,0.000000,0.707107,0.707107
arm_1,401.085000,0.000000,-0.350000,0.600000,0.000000,0.000000,0.707107,0.707107
arm_1,401.098000,0.000000,-0.350000,0.600000,0.000000,0.000000,0.707107,0.707107
arm_1,401.109000,0.000000,-0.350000,0.600000,0.000000,0.000000,0.707107,0.707107
arm_1,401.120000,0.000000,-0.350000,0.600000,0.000000,0.000000,0.707107,0.707107
arm_1,401.132000,0.000000,-0.350000,0.600000,0.000000,0.000000,0.707107,0.707107
arm_1,401.143000,0.000000,-0.350000,0.600000,0.000000,0.000000,0.707107,0.707107
arm_1,401.156000,0.000000,-0.350000,0.600000,0.000000,0.000000,0.707107,0.707107
arm_1,401.168000,0.000000,-0.350000,0.600000,0.000000,0.000000,0.707107,0.707107
arm_1,401.180000,0.000000,-0.350000,0.600000,0.000000,0.000000,0.707107,0.707107
arm_1,401.193000,0.000000,-0.350000,0.600000,0.000000,0.000000,0.707107,0.707107
arm_1,401.205000,0.000000,-0.350000,0.600000,0.000000,0.000000,0.707107,0.707107
arm_1,401.218000,0.000000,-0.350000,0.600000,0.000000,0.000000,0.707107,0.707107
arm_1,401.230000,0.000000,-0.350000,0.600000,0.000000,0.000000,0.707107,0.707107
arm_1,401.243000,0.000000,-0.350000,0.600000,0.000000,0.000000,0.707107,0.707107
arm_1,401.256000,0.000000,-0.350000,0.600000,0.000000,0.000000,0.707107,0.707107
arm_1,401.267000,0.000000,-0.350000,0.600000,0.000000,0.000000,0.707107,0.707107
arm_1,401.277000,0.000000,-0.350000,0.600000,0.000000,0.000000,0.707107,0.707107
arm_1,401.285000,0.000000,-0.350000,0.600000,0.000000,0.000000,0.707107,0.707107
arm_1,401.297000,0.000000,-0.350000,0.600000,0.000000,0.000000,0.707107,0.707107
arm_1,401.309000,0.000000,-0.350000,0.600000,0.000000,0.000000,0.707107,0.707107
arm_1,401.322000,0.000000,-0.350000,0.600000,0.000000,0.000000,0.707107,0.707107
arm_1,401.335000,0.000000,-0.350000,0.600000,0.000000,0.000000,0.707107,0.707107
arm_1,401.348000,0.000000,-0.350000,0.600000,0.000000,0.000000,0.707107,0.707107
arm_1,401.360000,0.000000,-0.350000,0.600000,0.000000,0.000000,0.707107,0.707107
arm_1,401.373000,0.000000,-0.350000,0.600000,0.000000,0.000000,0.707107,0.707107
arm_1,401.387000,0.000000,-0.350000,0.600000,0.000000,0.000000,0.707107,0.707107
arm_1,401.401000,0.000000,-0.350000,0.600000,0.000000,0.000000,0.707107,0.707107
arm_1,401.415000,0.000000,-0.350000,0.600000,0.000000,0.000000,0.707107,0.707107
arm_1,401.426000,0.000000,-0.350000,0.600000,0.000000,0.000000,0.707107,0.707107
arm_1,401.439000,0.000000,-0.350000,0.600000,0.000000,0.000000,0.707107,0.707107
arm_1,401.452000,0.000000,-0.350000,0.600000,0.000000,0.000000,0.707107,0.707107
arm_1,401.465000,0.000000,-0.350000,0.600000,0.000000,0.000000,0.707107,0.707107
arm_1,401.478000,0.000000,-0.350000,0.600000,0.000000,0.000000,0.707107,0.707107
arm_1,401.487000,0.000000,-0.350000,0.600000,0.000000,0.000000,0.707107,0.707107
arm_1,401.498000,0.000000,-0.350000,0.600000,0.000000,0.000000,0.707107,0.707107
arm_1,401.512000,0.000000,-0.350000,0.600000,0.000000,0.000000,0.707107,0.707107
arm_1,401.526000,0.000000,-0.350000,0.600000,0.000000,0.000000,0.707107,0.707107
arm_1,401.540000,0.000000,-0.350000,0.600000,0.000000,0.000000,0.707107,0.707107
arm_1,401.553000,0.000000,-0.350000,0.600000,0.000000,0.000000,0.707107,0.707107
arm_1,401.567000,0.000000,-0.350000,0.600000,0.000000,0.000000,0.707107,0.707107
arm_1,401.580000,0.000000,-0.350000,0.600000,0.000000,0.000000,0.707107,0.707107
arm_1,401.593000,0.000000,-0.350000,0.600000,0.000000,0.000000,0.707107,0.707107
arm_1,401.607000,0.000000,-0.350000,0.600000,0.000000,0.000000,0.707107,0.707107
arm_1,401.621000,0.000000,-0.350000,0.600000,0.000000,0.000000,0.707107,0.707107
arm_1,401.634000,0.000000,-0.350000,0.600000,0.000000,0.000000,0.707107,0.707107
arm_1,401.647000,0.000000,-0.350000,0.600000,0.000000,0.000000,0.707107,0.707107
arm_1,401.660000,0.000000,-0.350000,0.600000,0.000000,0.000000,0.707107,0.707107
arm_1,401.672000,0.000000,-0.350000,0.600000,0.000000,0.000000,0.707107,0.707107
arm_1,401.685000,0.000000,-0.350000,0.600000,0.000000,0.000000,0.707107,0.707107
arm_1,401.695000,0.000000,-0.350000,0.600000,0.000000,0.000000,0.707107,0.707107
arm_1,401.706000,0.000000,-0.350000,0.600000,0.000000,0.000000,0.707107,0.707107
arm_1,401.717000,0.000000,-0.350000,0.600000,0.000000,0.000000,0.707107,0.707107
arm_1,401.724000,0.000000,-0.350000,0.600000,0.000000,0.000000,0.707107,0.707107
arm_1,401.731000,0.000000,-0.350000,0.600000,0.000000,0.000000,0.707107,0.707107
arm_1,401.743000,0.000000,-0.350000,0.600000,0.000000,0.000000,0.707107,0.707107
arm_1,401.756000,0.000000,-0.350000,0.600000,0.000000,0.000000,0.707107,0.707107
arm_1,401.767000,0.000000,-0.350000,0.600000,0.000000,0.000000,0.707107,0.707107
arm_1,401.780000,0.000000,-0.350000,0.600000,0.000000,0.000000,0.707107,0.707107
arm_1,401.793000,0.000000,-0.350000,0.600000,0.000000,0.000000,0.707107,0.707107
arm_1,401.805000,0.000000,-0.350000,0.600000,0.000000,0.000000,0.707107,0.707107
arm_1,401.816000,0.000000,-0.350000,0.600000,0.000000,0.000000,0.707107,0.707107
arm_1,401.828000,0.000000,-0.350000,0.600000,0.000000,0.000000,0.707107,0.707107
arm_1,401.840000,0.000000,-0.350000,0.600000,0.000000,0.000000,0.707107,0.707107
arm_1,401.853000,0.000000,-0.350000,0.600000,0.000000,0.000000,0.707107,0.707107
arm_1,401.866000,0.000000,-0.350000,0.600000,0.000000,0.000000,0.707107,0.707107
arm_1,401.879000,0.000000,-0.350000,0.600000,0.000000,0.000000,0.707107,0.707107
arm_1,401.892000,0.000000,-0.350000,0.600000,0.000000,0.000000,0.707107,0.707107
arm_1,401.905000,0.000000,-0.350000,0.600000,0.000000,0.000000,0.707107,0.707107
arm_1,401.919000,0.000000,-0.350000,0.600000,0.000000,0.000000,0.707107,0.707107
arm_1,401.932000,0.000000,-0.350000,0.600000,0.000000,0.000000,0.707107,0.707107
arm_1,401.944000,0.000000,-0.350000,0.600000,0.000000,0.000000,0.707107,0.707107
arm_1,401.956000,0.000000,-0.350000,0.600000,0.000000,0.000000,0.707107,0.707107
arm_1,401.969000,0.000000,-0.350000,0.600000,0.000000,0.000000,0.707107,0.707107
arm_1,401.982000,0.000000,-0.350000,0.600000,0.000000,0.000000,0.707107,0.707107
arm_1,401.995000,0.000000,-0.350000,0.600000,0.000000,0.000000,0.707107,0.707107
arm_1,402.008000,0.000000,-0.350000,0.600000,0.000000,0.000000,0.707107,0.707107
arm_1,402.021000,0.000000,-0.350000,0.600000,0.000000,0.000000,0.707107,0.707107
arm_1,402.034000,0.000000,-0.350000,0.600000,0.000000,0.000000,0.707107,0.707107
arm_1,402.047000,0.000000,-0.350000,0.600000,0.000000,0.000000,0.707107,0.707107
arm_1,402.060000,0.000000,-0.350000,0.600000,0.000000,0.000000,0.707107,0.707107
arm_1,402.073000,0.000000,-0.350000,0.600000,0.000000,0.000000,0.707107,0.707107
arm_1,402.087000,0.000000,-0.350000,0.600000,0.000000,0.000000,0.707107,0.707107
arm_1,402.099000,0.000000,-0.350000,0.600000,0.000000,0.000000,0.707107,0.707107
arm_1,402.112000,0.000000,-0.350000,0.600000,0.000000,0.000000,0.707107,0.707107
arm_1,402.125000,0.000000,-0.350000,0.600000,0.000000,0.000000,0.707107,0.707107
arm_1,402.137000,0.000000,-0.350000,0.600000,0.000000,0.000000,0.707107,0.707107
arm_1,402.149000,0.000000,-0.350000,0.600000,0.000000,0.000000,0.707107,0.707107
arm_1,402.162000,0.000000,-0.350000,0.600000,0.000000,0.000000,0.707107,0.707107
arm_1,402.174000,0.000000,-0.350000,0.600000,0.000000,0.000000,0.707107,0.707107
arm_1,402.187000,0.000000,-0.350000,0.600000,0.000000,0.000000,0.707107,0.707107
arm_1,402.198000,0.000000,-0.350000,0.600000,0.000000,0.000000,0.707107,0.707107
arm_1,402.210000,0.000000,-0.350000,0.600000,0.000000,0.000000,0.707107,0.707107
arm_1,402.222000,0.000000,-0.350000,0.600000,0.000000,0.000000,0.707107,0.707107
arm_1,402.233000,0.000000,-0.350000,0.600000,0.000000,0.000000,0.707107,0.707107
arm_1,402.245000,0.000000,-0.350000,0.600000,0.000000,0.000000,0.707107,0.707107
arm_1,402.258000,0.000000,-0.350000,0.600000,0.000000,0.000000,0.707107,0.707107
arm_1,402.270000,0.000000,-0.350000,0.600000,0.000000,0.000000,0.707107,0.707107
arm_1,402.283000,0.000000,-0.350000,0.600000,0.000000,0.000000,0.707107,0.707107
arm_1,402.295000,0.000000,-0.350000,0.600000,0.000000,0.000000,0.707107,0.707107
arm_1,402.303000,0.000000,-0.350000,0.600000,0.000000,0.000000,0.707107,0.707107
arm_1,402.315000,0.000000,-0.350000,0.600000,0.000000,0.000000,0.707107,0.707107
arm_1,402.328000,0.000000,-0.350000,0.600000,0.000000,0.000000,0.707107,0.707107
arm_1,402.341000,0.000000,-0.350000,0.600000,0.000000,0.000000,0.707107,0.707107
arm_1,402.354000,0.000000,-0.350000,0.600000,0.000000,0.000000,0.707107,0.707107
arm_1,402.367000,0.000000,-0.350000,0.600000,0.000000,0.000000,0.707107,0.707107
arm_1,402.379000,0.000000,-0.350000,0.600000,0.000000,0.000000,0.707107,0.707107
arm_1,402.392000,0.000000,-0.350000,0.600000,0.000000,0.000000,0.707107,0.707107
arm_1,402.405000,0.000000,-0.350000,0.600000,0.000000,0.000000,0.707107,0.707107
arm_1,402.418000,0.000000,-0.350000,0.600000,0.000000,0.000000,0.707107,0.707107
arm_1,402.431000,0.000000,-0.350000,0.600000,0.000000,0.000000,0.707107,0.707107
arm_1,402.444000,0.000000,-0.350000,0.600000,0.000000,0.000000,0.707107,0.707107
arm_1,402.457000,0.000000,-0.350000,0.600000,0.000000,0.000000,0.707107,0.707107
arm_1,402.471000,0.000000,-0.350000,0.600000,0.000000,0.000000,0.707107,0.707107
arm_1,402.484000,0.000000,-0.350000,0.600000,0.000000,0.000000,0.707107,0.707107
arm_1,402.497000,0.000000,-0.350000,0.600000,0.000000,0.000000,0.707107,0.707107
arm_1,402.509000,0.000000,-0.350000,0.600000,0.000000,0.000000,0.707107,0.707107
arm_1,402.522000,0.000000,-0.350000,0.600000,0.000000,0.000000,0.707107,0.707107
arm_1,402.535000,0.000000,-0.350000,0.600000,0.000000,0.000000,0.707107,0.707107
arm_1,402.548000,0.000000,-0.350000,0.600000,0.000000,0.000000,0.707107,0.707107
arm_1,402.559000,0.000000,-0.350000,0.600000,0.000000,0.000000,0.707107,0.707107
arm_1,402.571000,0.000000,-0.350000,0.600000,0.000000,0.000000,0.707107,0.707107
arm_1,402.584000,0.000000,-0.350000,0.600000,0.000000,0.000000,0.707107,0.707107
arm_1,402.597000,0.000000,-0.350000,0.600000,0.000000,0.000000,0.707107,0.707107
arm_1,402.610000,0.000000,-0.350000,0.600000,0.000000,0.000000,0.707107,0.707107
arm_1,402.624000,0.000000,-0.350000,0.600000,0.000000,0.000000,0.707107,0.707107
arm_1,402.639000,0.000000,-0.350000,0.600000,0.000000,0.000000,0.707107,0.707107
arm_1,402.653000,0.000000,-0.350000,0.600000,0.000000,0.000000,0.707107,0.707107
arm_1,402.666000,0.000000,-0.350000,0.600000,0.000000,0.000000,0.707107,0.707107
arm_1,402.679000,0.000000,-0.350000,0.600000,0.000000,0.000000,0.707107,0.707107
arm_1,402.692000,0.000000,-0.350000,0.600000,0.000000,0.000000,0.707107,0.707107
arm_1,402.706000,0.000000,-0.350000,0.600000,0.000000,0.000000,0.707107,0.707107
arm_1,402.720000,0.000000,-0.350000,0.600000,0.000000,0.000000,0.707107,0.707107
arm_1,402.734000,0.000000,-0.350000,0.600000,0.000000,0.000000,0.707107,0.707107
arm_1,402.747000,0.000000,-0.350000,0.600000,0.000000,0.000000,0.707107,0.707107
arm_1,402.760000,0.000000,-0.350000,0.600000,0.000000,0.000000,0.707107,0.707107
arm_1,402.773000,0.000000,-0.350000,0.600000,0.000000,0.000000,0.707107,0.707107
arm_1,402.787000,0.000000,-0.350000,0.600000,0.000000,0.000000,0.707107,0.707107
arm_1,402.800000,0.000000,-0.350000,0.600000,0.000000,0.000000,0.707107,0.707107
arm_1,402.813000,0.000000,-0.350000,0.600000,0.000000,0.000000,0.707107,0.707107
arm_1,402.827000,0.000000,-0.350000,0.600000,0.000000,0.000000,0.707107,0.707107
arm_1,402.840000,0.000000,-0.350000,0.600000,0.000000,0.000000,0.707107,0.707107
arm_1,402.853000,0.000000,-0.350000,0.600000,0.000000,0.000000,0.707107,0.707107
arm_1,402.862000,0.000000,-0.350000,0.600000,0.000000,0.000000,0.707107,0.707107
arm_1,402.872000,0.000000,-0.350000,0.600000,0.000000,0.000000,0.707107,0.707107
arm_1,402.882000,0.000000,-0.350000,0.600000,0.000000,0.000000,0.707107,0.707107
arm_1,402.889000,0.000000,-0.350000,0.600000,0.000000,0.000000,0.707107,0.707107
arm_1,402.897000,0.000000,-0.350000,0.600000,0.000000,0.000000,0.707107,0.707107
arm_1,402.909000,0.000000,-0.350000,0.600000,0.000000,0.000000,0.707107,0.707107
arm_1,402.921000,0.000000,-0.350000,0.600000,0.000000,0.000000,0.707107,0.707107
arm_1,402.934000,0.000000,-0.350000,0.600000,0.000000,0.000000,0.707107,0.707107
arm_1,402.947000,0.000000,-0.350000,0.600000,0.000000,0.000000,0.707107,0.707107
arm_1,402.960000,0.000000,-0.350000,0.600000,0.000000,0.000000,0.707107,0.707107
arm_1,402.972000,0.000000,-0.350000,0.600000,0.000000,0.000000,0.707107,0.707107
arm_1,402.983000,0.000000,-0.350000,0.600000,0.000000,0.000000,0.707107,0.707107
arm_1,402.995000,0.000000,-0.350000,0.600000,0.000000,0.000000,0.707107,0.707107
arm_1,403.008000,0.000000,-0.350000,0.600000,0.000000,0.000000,0.707107,0.707107
arm_1,403.020000,0.000000,-0.350000,0.600000,0.000000,0.000000,0.707107,0.707107
arm_1,403.032000,0.000000,-0.350000,0.600000,0.000000,0.000000,0.707107,0.707107
arm_1,403.045000,0.000000,-0.350000,0.600000,0.000000,0.000000,0.707107,0.707107
arm_1,403.058000,0.000000,-0.350000,0.600000,0.000000,0.000000,0.707107,0.707107
arm_1,403.071000,0.000000,-0.350000,0.600000,0.000000,0.000000,0.707107,0.707107
arm_1,403.084000,0.000000,-0.350000,0.600000,0.000000,0.000000,0.707107,0.707107
arm_1,403.097000,0.000000,-0.350000,0.600000,0.000000,0.000000,0.707107,0.707107
arm_1,403.110000,0.000000,-0.350000,0.600000,0.000000,0.000000,0.707107,0.707107
arm_1,403.123000,0.000000,-0.350000,0.600000,0.000000,0.000000,0.707107,0.707107
arm_1,403.134000,0.000000,-0.350000,0.600000,0.000000,0.000000,0.707107,0.707107
arm_1,403.146000,0.000000,-0.350000,0.600000,0.000000,0.000000,0.707107,0.707107
arm_1,403.157000,0.000000,-0.350000,0.600000,0.000000,0.000000,0.707107,0.707107
arm_1,403.169000,0.000000,-0.350000,0.600000,0.000000,0.000000,0.707107,0.707107
arm_1,403.181000,0.000000,-0.350000,0.600000,0.000000,0.000000,0.707107,0.707107
arm_1,403.193000,0.000000,-0.350000,0.600000,0.000000,0.000000,0.707107,0.707107
arm_1,403.206000,0.000000,-0.350000,0.600000,0.000000,0.000000,0.707107,0.707107
arm_1,403.218000,0.000000,-0.350000,0.600000,0.000000,0.000000,0.707107,0.707107
arm_1,403.231000,0.000000,-0.350000,0.600000,0.000000,0.000000,0.707107,0.707107
arm_1,403.244000,0.000000,-0.350000,0.600000,0.000000,0.000000,0.707107,0.707107
arm_1,403.256000,0.000000,-0.350000,0.600000,0.000000,0.000000,0.707107,0.707107
arm_1,403.269000,0.000000,-0.350000,0.600000,0.000000,0.000000,0.707107,0.707107
arm_1,403.281000,0.000000,-0.350000,0.600000,0.000000,0.000000,0.707107,0.707107
arm_1,403.294000,0.000000,-0.350000,0.600000,0.000000,0.000000,0.707107,0.707107
arm_1,403.307000,0.000000,-0.350000,0.600000,0.000000,0.000000,0.707107,0.707107
arm_1,403.320000,0.000000,-0.350000,0.600000,0.000000,0.000000,0.707107,0.707107
arm_1,403.334000,0.000000,-0.350000,0.600000,0.000000,0.000000,0.707107,0.707107
arm_1,403.348000,0.000000,-0.350000,0.600000,0.000000,0.000000,0.707107,0.707107
arm_1,403.360000,0.000000,-0.350000,0.600000,0.000000,0.000000,0.707107,0.707107
arm_1,403.373000,0.000000,-0.350000,0.600000,0.000000,0.000000,0.707107,0.707107
arm_1,403.385000,0.000000,-0.350000,0.600000,0.000000,0.000000,0.707107,0.707107
arm_1,403.398000,0.000000,-0.350000,0.600000,0.000000,0.000000,0.707107,0.707107
arm_1,403.411000,0.000000,-0.350000,0.600000,0.000000,0.000000,0.707107,0.707107
arm_1,403.424000,0.000000,-0.350000,0.600000,0.000000,0.000000,0.707107,0.707107
arm_1,403.438000,0.000000,-0.350000,0.600000,0.000000,0.000000,0.707107,0.707107
arm_1,403.451000,0.000000,-0.350000,0.600000,0.000000,0.000000,0.707107,0.707107
arm_1,403.464000,0.000000,-0.350000,0.600000,0.000000,0.000000,0.707107,0.707107
arm_1,403.477000,0.000000,-0.350000,0.600000,0.000000,0.000000,0.707107,0.707107
arm_1,403.491000,0.000000,-0.350000,0.600000,0.000000,0.000000,0.707107,0.707107
arm_1,403.504000,0.000000,-0.350000,0.600000,0.000000,0.000000,0.707107,0.707107
arm_1,403.517000,0.000000,-0.350000,0.600000,0.000000,0.000000,0.707107,0.707107
arm_1,403.530000,0.000000,-0.350000,0.600000,0.000000,0.000000,0.707107,0.707107
arm_1,403.543000,0.000000,-0.350000,0.600000,0.000000,0.000000,0.707107,0.707107
arm_1,403.557000,0.000000,-0.350000,0.600000,0.000000,0.000000,0.707107,0.707107
arm_1,403.563000,0.000000,-0.350000,0.600000,0.000000,0.000000,0.707107,0.707107
arm_1,403.567000,0.000000,-0.350000,0.600000,0.000000,0.000000,0.707107,0.707107
arm_1,403.572000,0.000000,-0.350000,0.600000,0.000000,0.000000,0.707107,0.707107
arm_1,403.582000,0.000000,-0.350000,0.600000,0.000000,0.000000,0.707107,0.707107
arm_1,403.592000,0.000000,-0.350000,0.600000,0.000000,0.000000,0.707107,0.707107
arm_1,403.601000,0.000000,-0.350000,0.600000,0.000000,0.000000,0.707107,0.707107
arm_1,403.613000,0.000000,-0.350000,0.600000,0.000000,0.000000,0.707107,0.707107
arm_1,403.626000,0.000000,-0.350000,0.600000,0.000000,0.000000,0.707107,0.707107
arm_1,403.638000,0.000000,-0.350000,0.600000,0.000000,0.000000,0.707107,0.707107
arm_1,403.651000,0.000000,-0.350000,0.600000,0.000000,0.000000,0.707107,0.707107
arm_1,403.664000,0.000000,-0.350000,0.600000,0.000000,0.000000,0.707107,0.707107
arm_1,403.676000,0.000000,-0.350000,0.600000,0.000000,0.000000,0.707107,0.707107
arm_1,403.689000,0.000000,-0.350000,0.600000,0.000000,0.000000,0.707107,0.707107
arm_1,403.702000,0.000000,-0.350000,0.600000,0.000000,0.000000,0.707107,0.707107
arm_1,403.715000,0.000000,-0.350000,0.600000,0.000000,0.000000,0.707107,0.707107
arm_1,403.728000,0.000000,-0.350000,0.600000,0.000000,0.000000,0.707107,0.707107
arm_1,403.740000,0.000000,-0.350000,0.600000,0.000000,0.000000,0.707107,0.707107
arm_1,403.753000,0.000000,-0.350000,0.600000,0.000000,0.000000,0.707107,0.707107
arm_1,403.766000,0.000000,-0.350000,0.600000,0.000000,0.000000,0.707107,0.707107
arm_1,403.779000,0.000000,-0.350000,0.600000,0.000000,0.000000,0.707107,0.707107
arm_1,403.791000,0.000000,-0.350000,0.600000,0.000000,0.000000,0.707107,0.707107
arm_1,403.804000,0.000000,-0.350000,0.600000,0.000000,0.000000,0.707107,0.707107
arm_1,403.817000,0.000000,-0.350000,0.600000,0.000000,0.000000,0.707107,0.707107
arm_1,403.830000,0.000000,-0.350000,0.600000,0.000000,0.000000,0.707107,0.707107
arm_1,403.843000,0.000000,-0.350000,0.600000,0.000000,0.000000,0.707107,0.707107
arm_1,403.856000,0.000000,-0.350000,0.600000,0.000000,0.000000,0.707107,0.707107
arm_1,403.869000,0.000000,-0.350000,0.600000,0.000000,0.000000,0.707107,0.707107
arm_1,403.882000,0.000000,-0.350000,0.600000,0.000000,0.000000,0.707107,0.707107
arm_1,403.896000,0.000000,-0.350000,0.600000,0.000000,0.000000,0.707107,0.707107
arm_1,403.908000,0.000000,-0.350000,0.600000,0.000000,0.000000,0.707107,0.707107
arm_1,403.921000,0.000000,-0.350000,0.600000,0.000000,0.000000,0.707107,0.707107
arm_1,403.934000,0.000000,-0.350000,0.600000,0.000000,0.000000,0.707107,0.707107
arm_1,403.947000,0.000000,-0.350000,0.600000,0.000000,0.000000,0.707107,0.707107
arm_1,403.960000,0.000000,-0.350000,0.600000,0.000000,0.000000,0.707107,0.707107
arm_1,403.974000,0.000000,-0.350000,0.600000,0.000000,0.000000,0.707107,0.707107
arm_1,403.987000,0.000000,-0.350000,0.600000,0.000000,0.000000,0.707107,0.707107
arm_1,404.000000,0.000000,-0.350000,0.600000,0.000000,0.000000,0.707107,0.707107
arm_1,404.013000,0.000000,-0.350000,0.600000,0.000000,0.000000,0.707107,0.707107
arm_1,404.026000,0.000000,-0.350000,0.600000,0.000000,0.000000,0.707107,0.707107
arm_1,404.037000,0.000000,-0.350000,0.600000,0.000000,0.000000,0.707107,0.707107
arm_1,404.051000,0.000000,-0.350000,0.600000,0.000000,0.000000,0.707107,0.707107
arm_1,404.065000,0.000000,-0.350000,0.600000,0.000000,0.000000,0.707107,0.707107
arm_1,404.079000,0.000000,-0.350000,0.600000,0.000000,0.000000,0.707107,0.707107
arm_1,404.092000,0.000000,-0.350000,0.600000,0.000000,0.000000,0.707107,0.707107
arm_1,404.105000,0.000000,-0.350000,0.600000,0.000000,0.000000,0.707107,0.707107
arm_1,404.119000,0.000000,-0.350000,0.600000,0.000000,0.000000,0.707107,0.707107
arm_1,404.132000,0.000000,-0.350000,0.600000,0.000000,0.000000,0.707107,0.707107
arm_1,404.146000,0.000000,-0.350000,0.600000,0.000000,0.000000,0.707107,0.707107
arm_1,404.160000,0.000000,-0.350000,0.600000,0.000000,0.000000,0.707107,0.707107
arm_1,404.174000,0.000000,-0.350000,0.600000,0.000000,0.000000,0.707107,0.707107
arm_1,404.188000,0.000000,-0.350000,0.600000,0.000000,0.000000,0.707107,0.707107
arm_1,404.202000,0.000000,-0.350000,0.600000,0.000000,0.000000,0.707107,0.707107
arm_1,404.215000,0.000000,-0.350000,0.600000,0.000000,0.000000,0.707107,0.707107
arm_1,404.226000,0.000000,-0.350000,0.600000,0.000000,0.000000,0.707107,0.707107
arm_1,404.234000,0.000000,-0.350000,0.600000,0.000000,0.000000,0.707107,0.707107
arm_1,404.242000,0.000000,-0.350000,0.600000,0.000000,0.000000,0.707107,0.707107
arm_1,404.251000,0.000000,-0.350000,0.600000,0.000000,0.000000,0.707107,0.707107
arm_1,404.259000,0.000000,-0.350000,0.600000,0.000000,0.000000,0.707107,0.707107
arm_1,404.263000,0.000000,-0.350000,0.600000,0.000000,0.000000,0.707107,0.707107
arm_1,404.271000,0.000000,-0.350000,0.600000,0.000000,0.000000,0.707107,0.707107
arm_1,404.281000,0.000000,-0.350000,0.600000,0.000000,0.000000,0.707107,0.707107
arm_1,404.290000,0.000000,-0.350000,0.600000,0.000000,0.000000,0.707107,0.707107
arm_1,404.300000,0.000000,-0.350000,0.600000,0.000000,0.000000,0.707107,0.707107
arm_1,404.311000,0.000000,-0.350000,0.600000,0.000000,0.000000,0.707107,0.707107
arm_1,404.321000,0.000000,-0.350000,0.600000,0.000000,0.000000,0.707107,0.707107
arm_1,404.333000,0.000000,-0.350000,0.600000,0.000000,0.000000,0.707107,0.707107
arm_1,404.345000,0.000000,-0.350000,0.600000,0.000000,0.000000,0.707107,0.707107
arm_1,404.357000,0.000000,-0.350000,0.600000,0.000000,0.000000,0.707107,0.707107
arm_1,404.368000,0.000000,-0.350000,0.600000,0.000000,0.000000,0.707107,0.707107
arm_1,404.378000,0.000000,-0.350000,0.600000,0.000000,0.000000,0.707107,0.707107
arm_1,404.390000,0.000000,-0.350000,0.600000,0.000000,0.000000,0.707107,0.707107
arm_1,404.402000,0.000000,-0.350000,0.600000,0.000000,0.000000,0.707107,0.707107
arm_1,404.415000,0.000000,-0.350000,0.600000,0.000000,0.000000,0.707107,0.707107
arm_1,404.428000,0.000000,-0.350000,0.600000,0.000000,0.000000,0.707107,0.707107
arm_1,404.441000,0.000000,-0.350000,0.600000,0.000000,0.000000,0.707107,0.707107
arm_1,404.455000,0.000000,-0.350000,0.600000,0.000000,0.000000,0.707107,0.707107
arm_1,404.469000,0.000000,-0.350000,0.600000,0.000000,0.000000,0.707107,0.707107
arm_1,404.483000,0.000000,-0.350000,0.600000,0.000000,0.000000,0.707107,0.707107
arm_1,404.495000,0.000000,-0.350000,0.600000,0.000000,0.000000,0.707107,0.707107
arm_1,404.501000,0.000000,-0.350000,0.600000,0.000000,0.000000,0.707107,0.707107
arm_1,404.508000,0.000000,-0.350000,0.600000,0.000000,0.000000,0.707107,0.707107
arm_1,404.516000,0.000000,-0.350000,0.600000,0.000000,0.000000,0.707107,0.707107
arm_1,404.527000,0.000000,-0.350000,0.600000,0.000000,0.000000,0.707107,0.707107
arm_1,404.540000,0.000000,-0.350000,0.600000,0.000000,0.000000,0.707107,0.707107
arm_1,404.553000,0.000000,-0.350000,0.600000,0.000000,0.000000,0.707107,0.707107
arm_1,404.564000,0.000000,-0.350000,0.600000,0.000000,0.000000,0.707107,0.707107
arm_1,404.577000,0.000000,-0.350000,0.600000,0.000000,0.000000,0.707107,0.707107
arm_1,404.589000,0.000000,-0.350000,0.600000,0.000000,0.000000,0.707107,0.707107
arm_1,404.602000,0.000000,-0.350000,0.600000,0.000000,0.000000,0.707107,0.707107
arm_1,404.615000,0.000000,-0.350000,0.600000,0.000000,0.000000,0.707107,0.707107
arm_1,404.628000,0.000000,-0.350000,0.600000,0.000000,0.000000,0.707107,0.707107
arm_1,404.642000,0.000000,-0.350000,0.600000,0.000000,0.000000,0.707107,0.707107
arm_1,404.655000,0.000000,-0.350000,0.600000,0.000000,0.000000,0.707107,0.707107
arm_1,404.668000,0.000000,-0.350000,0.600000,0.000000,0.000000,0.707107,0.707107
arm_1,404.681000,0.000000,-0.350000,0.600000,0.000000,0.000000,0.707107,0.707107
arm_1,404.695000,0.000000,-0.350000,0.600000,0.000000,0.000000,0.707107,0.707107
arm_1,404.708000,0.000000,-0.350000,0.600000,0.000000,0.000000,0.707107,0.707107
arm_1,404.721000,0.000000,-0.350000,0.600000,0.000000,0.000000,0.707107,0.707107
arm_1,404.735000,0.000000,-0.350000,0.600000,0.000000,0.000000,0.707107,0.707107
arm_1,404.749000,0.000000,-0.350000,0.600000,0.000000,0.000000,0.707107,0.707107
arm_1,404.763000,0.000000,-0.350000,0.600000,0.000000,0.000000,0.707107,0.707107
arm_1,404.776000,0.000000,-0.350000,0.600000,0.000000,0.000000,0.707107,0.707107
arm_1,404.790000,0.000000,-0.350000,0.600000,0.000000,0.000000,0.707107,0.707107
arm_1,404.804000,0.000000,-0.350000,0.600000,0.000000,0.000000,0.707107,0.707107
arm_1,404.818000,0.000000,-0.350000,0.600000,0.000000,0.000000,0.707107,0.707107
arm_1,404.832000,0.000000,-0.350000,0.600000,0.000000,0.000000,0.707107,0.707107
arm_1,404.845000,0.000000,-0.350000,0.600000,0.000000,0.000000,0.707107,0.707107
arm_1,404.857000,0.000000,-0.350000,0.600000,0.000000,0.000000,0.707107,0.707107
arm_1,404.868000,0.000000,-0.350000,0.600000,0.000000,0.000000,0.707107,0.707107
arm_1,404.882000,0.000000,-0.350000,0.600000,0.000000,0.000000,0.707107,0.707107
arm_1,404.894000,0.000000,-0.350000,0.600000,0.000000,0.000000,0.707107,0.707107
arm_1,404.907000,0.000000,-0.350000,0.600000,0.000000,0.000000,0.707107,0.707107
arm_1,404.920000,0.000000,-0.350000,0.600000,0.000000,0.000000,0.707107,0.707107
arm_1,404.933000,0.000000,-0.350000,0.600000,0.000000,0.000000,0.707107,0.707107
arm_1,404.946000,0.000000,-0.350000,0.600000,0.000000,0.000000,0.707107,0.707107
arm_1,404.960000,0.000000,-0.350000,0.600000,0.000000,0.000000,0.707107,0.707107
arm_1,404.974000,0.000000,-0.350000,0.600000,0.000000,0.000000,0.707107,0.707107
arm_1,404.987000,0.000000,-0.350000,0.600000,0.000000,0.000000,0.707107,0.707107
arm_1,405.001000,0.000000,-0.350000,0.600000,0.000000,0.000000,0.707107,0.707107
arm_1,405.014000,0.000000,-0.350000,0.600000,0.000000,0.000000,0.707107,0.707107
arm_1,405.028000,0.000000,-0.350000,0.600000,0.000000,0.000000,0.707107,0.707107
arm_1,405.041000,0.000000,-0.350000,0.600000,0.000000,0.000000,0.707107,0.707107
arm_1,405.054000,0.000000,-0.350000,0.600000,0.000000,0.000000,0.707107,0.707107
arm_1,405.067000,0.000000,-0.350000,0.600000,0.000000,0.000000,0.707107,0.707107
arm_1,405.081000,0.000000,-0.350000,0.600000,0.000000,0.000000,0.707107,0.707107
arm_1,405.095000,0.000000,-0.350000,0.600000,0.000000,0.000000,0.707107,0.707107
arm_1,405.108000,0.000000,-0.350000,0.600000,0.000000,0.000000,0.707107,0.707107
arm_1,405.121000,0.000000,-0.350000,0.600000,0.000000,0.000000,0.707107,0.707107
arm_1,405.134000,0.000000,-0.350000,0.600000,0.000000,0.000000,0.707107,0.707107
arm_1,405.147000,0.000000,-0.350000,0.600000,0.000000,0.000000,0.707107,0.707107
arm_1,405.161000,0.000000,-0.350000,0.600000,0.000000,0.000000,0.707107,0.707107
arm_1,405.171000,0.000000,-0.350000,0.600000,0.000000,0.000000,0.707107,0.707107
arm_1,405.178000,0.000000,-0.350000,0.600000,0.000000,0.000000,0.707107,0.707107
arm_1,405.187000,0.000000,-0.350000,0.600000,0.000000,0.000000,0.707107,0.707107
arm_1,405.194000,0.000000,-0.350000,0.600000,0.000000,0.000000,0.707107,0.707107
arm_1,405.206000,0.000000,-0.350000,0.600000,0.000000,0.000000,0.707107,0.707107
arm_1,405.217000,0.000000,-0.350000,0.600000,0.000000,0.000000,0.707107,0.707107
arm_1,405.228000,0.000000,-0.350000,0.600000,0.000000,0.000000,0.707107,0.707107
arm_1,405.240000,0.000000,-0.350000,0.600000,0.000000,0.000000,0.707107,0.707107
arm_1,405.253000,0.000000,-0.350000,0.600000,0.000000,0.000000,0.707107,0.707107
arm_1,405.266000,0.000000,-0.350000,0.600000,0.000000,0.000000,0.707107,0.707107
arm_1,405.279000,0.000000,-0.350000,0.600000,0.000000,0.000000,0.707107,0.707107
arm_1,405.292000,0.000000,-0.350000,0.600000,0.000000,0.000000,0.707107,0.707107
arm_1,405.305000,0.000000,-0.350000,0.600000,0.000000,0.000000,0.707107,0.707107
arm_1,405.319000,0.000000,-0.350000,0.600000,0.000000,0.000000,0.707107,0.707107
arm_1,405.332000,0.000000,-0.350000,0.600000,0.000000,0.000000,0.707107,0.707107
arm_1,405.346000,0.000000,-0.350000,0.600000,0.000000,0.000000,0.707107,0.707107
arm_1,405.359000,0.000000,-0.350000,0.600000,0.000000,0.000000,0.707107,0.707107
arm_1,405.371000,0.000000,-0.350000,0.600000,0.000000,0.000000,0.707107,0.707107
arm_1,405.385000,0.000000,-0.350000,0.600000,0.000000,0.000000,0.707107,0.707107
arm_1,405.398000,0.000000,-0.350000,0.600000,0.000000,0.000000,0.707107,0.707107
arm_1,405.412000,0.000000,-0.350000,0.600000,0.000000,0.000000,0.707107,0.707107
arm_1,405.426000,0.000000,-0.350000,0.600000,0.000000,0.000000,0.707107,0.707107
arm_1,405.440000,0.000000,-0.350000,0.600000,0.000000,0.000000,0.707107,0.707107
arm_1,405.454000,0.000000,-0.350000,0.600000,0.000000,0.000000,0.707107,0.707107
arm_1,405.469000,0.000000,-0.350000,0.600000,0.000000,0.000000,0.707107,0.707107
arm_1,405.486000,0.000000,-0.350000,0.600000,0.000000,0.000000,0.707107,0.707107
arm_1,405.503000,0.000000,-0.350000,0.600000,0.000000,0.000000,0.707107,0.707107
arm_1,405.520000,0.000000,-0.350000,0.600000,0.000000,0.000000,0.707107,0.707107
arm_1,405.537000,0.000000,-0.350000,0.600000,0.000000,0.000000,0.707107,0.707107
arm_1,405.553000,0.000000,-0.350000,0.600000,0.000000,0.000000,0.707107,0.707107
arm_1,405.570000,0.000000,-0.350000,0.600000,0.000000,0.000000,0.707107,0.707107
arm_1,405.587000,0.000000,-0.350000,0.600000,0.000000,0.000000,0.707107,0.707107
arm_1,405.604000,0.000000,-0.350000,0.600000,0.000000,0.000000,0.707107,0.707107
arm_1,405.621000,0.000000,-0.350000,0.600000,0.000000,0.000000,0.707107,0.707107
arm_1,405.639000,0.000000,-0.350000,0.600000,0.000000,0.000000,0.707107,0.707107
arm_1,405.657000,0.000000,-0.350000,0.600000,0.000000,0.000000,0.707107,0.707107
arm_1,405.673000,0.000000,-0.350000,0.600000,0.000000,0.000000,0.707107,0.707107
arm_1,405.690000,0.000000,-0.350000,0.600000,0.000000,0.000000,0.707107,0.707107
arm_1,405.704000,0.000000,-0.350000,0.600000,0.000000,0.000000,0.707107,0.707107
arm_1,405.716000,0.000000,-0.350000,0.600000,0.000000,0.000000,0.707107,0.707107
arm_1,405.729000,0.000000,-0.350000,0.600000,0.000000,0.000000,0.707107,0.707107
arm_1,405.746000,0.000000,-0.350000,0.600000,0.000000,0.000000,0.707107,0.707107
arm_1,405.763000,0.000000,-0.350000,0.600000,0.000000,0.000000,0.707107,0.707107
arm_1,405.780000,0.000000,-0.350000,0.600000,0.000000,0.000000,0.707107,0.707107
arm_1,405.797000,0.000000,-0.350000,0.600000,0.000000,0.000000,0.707107,0.707107
arm_1,405.812000,0.000000,-0.350000,0.600000,0.000000,0.000000,0.707107,0.707107
arm_1,405.828000,0.000000,-0.350000,0.600000,0.000000,0.000000,0.707107,0.707107
arm_1,405.844000,0.000000,-0.350000,0.600000,0.000000,0.000000,0.707107,0.707107
arm_1,405.859000,0.000000,-0.350000,0.600000,0.000000,0.000000,0.707107,0.707107
arm_1,405.876000,0.000000,-0.350000,0.600000,0.000000,0.000000,0.707107,0.707107
arm_1,405.893000,0.000000,-0.350000,0.600000,0.000000,0.000000,0.707107,0.707107
arm_1,405.910000,0.000000,-0.350000,0.600000,0.000000,0.000000,0.707107,0.707107
arm_1,405.926000,0.000000,-0.350000,0.600000,0.000000,0.000000,0.707107,0.707107
arm_1,405.942000,0.000000,-0.350000,0.600000,0.000000,0.000000,0.707107,0.707107
arm_1,405.957000,0.000000,-0.350000,0.600000,0.000000,0.000000,0.707107,0.707107
arm_1,405.970000,0.000000,-0.350000,0.600000,0.000000,0.000000,0.707107,0.707107
arm_1,405.986000,0.000000,-0.350000,0.600000,0.000000,0.000000,0.707107,0.707107
arm_1,406.002000,0.000000,-0.350000,0.600000,0.000000,0.000000,0.707107,0.707107
arm_1,406.018000,0.000000,-0.350000,0.600000,0.000000,0.000000,0.707107,0.707107
arm_1,406.034000,0.000000,-0.350000,0.600000,0.000000,0.000000,0.707107,0.707107
arm_1,406.050000,0.000000,-0.350000,0.600000,0.000000,0.000000,0.707107,0.707107
arm_1,406.067000,0.000000,-0.350000,0.600000,0.000000,0.000000,0.707107,0.707107
arm_1,406.084000,0.000000,-0.350000,0.600000,0.000000,0.000000,0.707107,0.707107
arm_1,406.100000,0.000000,-0.350000,0.600000,0.000000,0.000000,0.707107,0.707107
arm_1,406.114000,0.000000,-0.350000,0.600000,0.000000,0.000000,0.707107,0.707107
arm_1,406.124000,0.000000,-0.350000,0.600000,0.000000,0.000000,0.707107,0.707107
arm_1,406.138000,0.000000,-0.350000,0.600000,0.000000,0.000000,0.707107,0.707107
arm_1,406.152000,0.000000,-0.350000,0.600000,0.000000,0.000000,0.707107,0.707107
arm_1,406.167000,0.000000,-0.350000,0.600000,0.000000,0.000000,0.707107,0.707107
arm_1,406.183000,0.000000,-0.350000,0.600000,0.000000,0.000000,0.707107,0.707107
arm_1,406.200000,0.000000,-0.350000,0.600000,0.000000,0.000000,0.707107,0.707107
arm_1,406.216000,0.000000,-0.350000,0.600000,0.000000,0.000000,0.707107,0.707107
arm_1,406.232000,0.000000,-0.350000,0.600000,0.000000,0.000000,0.707107,0.707107
arm_1,406.248000,0.000000,-0.350000,0.600000,0.000000,0.000000,0.707107,0.707107
arm_1,406.264000,0.000000,-0.350000,0.600000,0.000000,0.000000,0.707107,0.707107
arm_1,406.281000,0.000000,-0.350000,0.600000,0.000000,0.000000,0.707107,0.707107
arm_1,406.297000,0.000000,-0.350000,0.600000,0.000000,0.000000,0.707107,0.707107
arm_1,406.313000,0.000000,-0.350000,0.600000,0.000000,0.000000,0.707107,0.707107
arm_1,406.328000,0.000000,-0.350000,0.600000,0.000000,0.000000,0.707107,0.707107
arm_1,406.344000,0.000000,-0.350000,0.600000,0.000000,0.000000,0.707107,0.707107
arm_1,406.360000,0.000000,-0.350000,0.600000,0.000000,0.000000,0.707107,0.707107
arm_1,406.376000,0.000000,-0.350000,0.600000,0.000000,0.000000,0.707107,0.707107
arm_1,406.392000,0.000000,-0.350000,0.600000,0.000000,0.000000,0.707107,0.707107
arm_1,406.408000,0.000000,-0.350000,0.600000,0.000000,0.000000,0.707107,0.707107
arm_1,406.422000,0.000000,-0.350000,0.600000,0.000000,0.000000,0.707107,0.707107
arm_1,406.439000,0.000000,-0.350000,0.600000,0.000000,0.000000,0.707107,0.707107
arm_1,406.456000,0.000000,-0.350000,0.600000,0.000000,0.000000,0.707107,0.707107
arm_1,406.473000,0.000000,-0.350000,0.600000,0.000000,0.000000,0.707107,0.707107
arm_1,406.489000,0.000000,-0.350000,0.600000,0.000000,0.000000,0.707107,0.707107
arm_1,406.505000,0.000000,-0.350000,0.600000,0.000000,0.000000,0.707107,0.707107
arm_1,406.520000,0.000000,-0.350000,0.600000,0.000000,0.000000,0.707107,0.707107
arm_1,406.535000,0.000000,-0.350000,0.600000,0.000000,0.000000,0.707107,0.707107
arm_1,406.552000,0.000000,-0.350000,0.600000,0.000000,0.000000,0.707107,0.707107
arm_1,406.568000,0.000000,-0.350000,0.600000,0.000000,0.000000,0.707107,0.707107
arm_1,406.583000,0.000000,-0.350000,0.600000,0.000000,0.000000,0.707107,0.707107
arm_1,406.597000,0.000000,-0.350000,0.600000,0.000000,0.000000,0.707107,0.707107
arm_1,406.613000,0.000000,-0.350000,0.600000,0.000000,0.000000,0.707107,0.707107
arm_1,406.629000,0.000000,-0.350000,0.600000,0.000000,0.000000,0.707107,0.707107
arm_1,406.646000,0.000000,-0.350000,0.600000,0.000000,0.000000,0.707107,0.707107
arm_1,406.663000,0.000000,-0.350000,0.600000,0.000000,0.000000,0.707107,0.707107
arm_1,406.680000,0.000000,-0.350000,0.600000,0.000000,0.000000,0.707107,0.707107
arm_1,406.697000,0.000000,-0.350000,0.600000,0.000000,0.000000,0.707107,0.707107
arm_1,406.713000,0.000000,-0.350000,0.600000,0.000000,0.000000,0.707107,0.707107
arm_1,406.729000,0.000000,-0.350000,0.600000,0.000000,0.000000,0.707107,0.707107
arm_1,406.746000,0.000000,-0.350000,0.600000,0.000000,0.000000,0.707107,0.707107
arm_1,406.761000,0.000000,-0.350000,0.600000,0.000000,0.000000,0.707107,0.707107
arm_1,406.777000,0.000000,-0.350000,0.600000,0.000000,0.000000,0.707107,0.707107
arm_1,406.793000,0.000000,-0.350000,0.600000,0.000000,0.000000,0.707107,0.707107
arm_1,406.809000,0.000000,-0.350000,0.600000,0.000000,0.000000,0.707107,0.707107
arm_1,406.825000,0.000000,-0.350000,0.600000,0.000000,0.000000,0.707107,0.707107
arm_1,406.841000,0.000000,-0.350000,0.600000,0.000000,0.000000,0.707107,0.707107
arm_1,406.855000,0.000000,-0.350000,0.600000,0.000000,0.000000,0.707107,0.707107
arm_1,406.870000,0.000000,-0.350000,0.600000,0.000000,0.000000,0.707107,0.707107
arm_1,406.886000,0.000000,-0.350000,0.600000,0.000000,0.000000,0.707107,0.707107
arm_1,406.902000,0.000000,-0.350000,0.600000,0.000000,0.000000,0.707107,0.707107
arm_1,406.918000,0.000000,-0.350000,0.600000,0.000000,0.000000,0.707107,0.707107
arm_1,406.934000,0.000000,-0.350000,0.600000,0.000000,0.000000,0.707107,0.707107
arm_1,406.950000,0.000000,-0.350000,0.600000,0.000000,0.000000,0.707107,0.707107
arm_1,406.964000,0.000000,-0.350000,0.600000,0.000000,0.000000,0.707107,0.707107
arm_1,406.980000,0.000000,-0.350000,0.600000,0.000000,0.000000,0.707107,0.707107
arm_1,406.996000,0.000000,-0.350000,0.600000,0.000000,0.000000,0.707107,0.707107
arm_1,407.012000,0.000000,-0.350000,0.600000,0.000000,0.000000,0.707107,0.707107
arm_1,407.028000,0.000000,-0.350000,0.600000,0.000000,0.000000,0.707107,0.707107
arm_1,407.044000,0.000000,-0.350000,0.600000,0.000000,0.000000,0.707107,0.707107
arm_1,407.058000,0.000000,-0.350000,0.600000,0.000000,0.000000,0.707107,0.707107
arm_1,407.074000,0.000000,-0.350000,0.600000,0.000000,0.000000,0.707107,0.707107
arm_1,407.090000,0.000000,-0.350000,0.600000,0.000000,0.000000,0.707107,0.707107
arm_1,407.107000,0.000000,-0.350000,0.600000,0.000000,0.000000,0.707107,0.707107
arm_1,407.124000,0.000000,-0.350000,0.600000,0.000000,0.000000,0.707107,0.707107
arm_1,407.141000,0.000000,-0.350000,0.600000,0.000000,0.000000,0.707107,0.707107
arm_1,407.157000,0.000000,-0.350000,0.600000,0.000000,0.000000,0.707107,0.707107
arm_1,407.174000,0.000000,-0.350000,0.600000,0.000000,0.000000,0.707107,0.707107
arm_1,407.191000,0.000000,-0.350000,0.600000,0.000000,0.000000,0.707107,0.707107
arm_1,407.208000,0.000000,-0.350000,0.600000,0.000000,0.000000,0.707107,0.707107
arm_1,407.225000,0.000000,-0.350000,0.600000,0.000000,0.000000,0.707107,0.707107
arm_1,407.242000,0.000000,-0.350000,0.600000,0.000000,0.000000,0.707107,0.707107
arm_1,407.260000,0.000000,-0.350000,0.600000,0.000000,0.000000,0.707107,0.707107
arm_1,407.277000,0.000000,-0.350000,0.600000,0.000000,0.000000,0.707107,0.707107
arm_1,407.294000,0.000000,-0.350000,0.600000,0.000000,0.000000,0.707107,0.707107
arm_1,407.311000,0.000000,-0.350000,0.600000,0.000000,0.000000,0.707107,0.707107
arm_1,407.328000,0.000000,-0.350000,0.600000,0.000000,0.000000,0.707107,0.707107
arm_1,407.345000,0.000000,-0.350000,0.600000,0.000000,0.000000,0.707107,0.707107
arm_1,407.362000,0.000000,-0.350000,0.600000,0.000000,0.000000,0.707107,0.707107
arm_1,407.379000,0.000000,-0.350000,0.600000,0.000000,0.000000,0.707107,0.707107
arm_1,407.395000,0.000000,-0.350000,0.600000,0.000000,0.000000,0.707107,0.707107
arm_1,407.412000,0.000000,-0.350000,0.600000,0.000000,0.000000,0.707107,0.707107
arm_1,407.428000,0.000000,-0.350000,0.600000,0.000000,0.000000,0.707107,0.707107
arm_1,407.443000,0.000000,-0.350000,0.600000,0.000000,0.000000,0.707107,0.707107
arm_1,407.459000,0.000000,-0.350000,0.600000,0.000000,0.000000,0.707107,0.707107
arm_1,407.475000,0.000000,-0.350000,0.600000,0.000000,0.000000,0.707107,0.707107
arm_1,407.491000,0.000000,-0.350000,0.600000,0.000000,0.000000,0.707107,0.707107
arm_1,407.507000,0.000000,-0.350000,0.600000,0.000000,0.000000,0.707107,0.707107
arm_1,407.523000,0.000000,-0.350000,0.600000,0.000000,0.000000,0.707107,0.707107
arm_1,407.539000,0.000000,-0.350000,0.600000,0.000000,0.000000,0.707107,0.707107
arm_1,407.554000,0.000000,-0.350000,0.600000,0.000000,0.000000,0.707107,0.707107
arm_1,407.570000,0.000000,-0.350000,0.600000,0.000000,0.000000,0.707107,0.707107
arm_1,407.586000,0.000000,-0.350000,0.600000,0.000000,0.000000,0.707107,0.707107
arm_1,407.603000,0.000000,-0.350000,0.600000,0.000000,0.000000,0.707107,0.707107
arm_1,407.619000,0.000000,-0.350000,0.600000,0.000000,0.000000,0.707107,0.707107
arm_1,407.634000,0.000000,-0.350000,0.600000,0.000000,0.000000,0.707107,0.707107
arm_1,407.648000,0.000000,-0.350000,0.600000,0.000000,0.000000,0.707107,0.707107
arm_1,407.658000,0.000000,-0.350000,0.600000,0.000000,0.000000,0.707107,0.707107
arm_1,407.671000,0.000000,-0.350000,0.600000,0.000000,0.000000,0.707107,0.707107
arm_1,407.686000,0.000000,-0.350000,0.600000,0.000000,0.000000,0.707107,0.707107
arm_1,407.702000,0.000000,-0.350000,0.600000,0.000000,0.000000,0.707107,0.707107
arm_1,407.718000,0.000000,-0.350000,0.600000,0.000000,0.000000,0.707107,0.707107
arm_1,407.735000,0.000000,-0.350000,0.600000,0.000000,0.000000,0.707107,0.707107
arm_1,407.750000,0.000000,-0.350000,0.600000,0.000000,0.000000,0.707107,0.707107
arm_1,407.765000,0.000000,-0.350000,0.600000,0.000000,0.000000,0.707107,0.707107
arm_1,407.771000,0.000000,-0.350000,0.600000,0.000000,0.000000,0.707107,0.707107
arm_1,407.774000,0.000000,-0.350000,0.600000,0.000000,0.000000,0.707107,0.707107
arm_1,407.778000,0.000000,-0.350000,0.600000,0.000000,0.000000,0.707107,0.707107
arm_1,407.787000,0.000000,-0.350000,0.600000,0.000000,0.000000,0.707107,0.707107
arm_1,407.798000,0.000000,-0.350000,0.600000,0.000000,0.000000,0.707107,0.707107
arm_1,407.805000,0.000000,-0.350000,0.600000,0.000000,0.000000,0.707107,0.707107
arm_1,407.810000,0.000000,-0.350000,0.600000,0.000000,0.000000,0.707107,0.707107
arm_1,407.811000,0.000000,-0.350000,0.600000,0.000000,0.000000,0.707107,0.707107
arm_1,407.819000,0.000000,-0.350000,0.600000,0.000000,0.000000,0.707107,0.707107
arm_1,407.826000,0.000000,-0.350000,0.600000,0.000000,0.000000,0.707107,0.707107
arm_1,407.834000,0.000000,-0.350000,0.600000,0.000000,0.000000,0.707107,0.707107
arm_1,407.845000,0.000000,-0.350000,0.600000,0.000000,0.000000,0.707107,0.707107
arm_1,407.858000,0.000000,-0.350000,0.600000,0.000000,0.000000,0.707107,0.707107
arm_1,407.871000,0.000000,-0.350000,0.600000,0.000000,0.000000,0.707107,0.707107
arm_1,407.883000,0.000000,-0.350000,0.600000,0.000000,0.000000,0.707107,0.707107
arm_1,407.898000,0.000000,-0.350000,0.600000,0.000000,0.000000,0.707107,0.707107
arm_1,407.912000,0.000000,-0.350000,0.600000,0.000000,0.000000,0.707107,0.707107
arm_1,407.927000,0.000000,-0.350000,0.600000,0.000000,0.000000,0.707107,0.707107
arm_1,407.943000,0.000000,-0.350000,0.600000,0.000000,0.000000,0.707107,0.707107
arm_1,407.958000,0.000000,-0.350000,0.600000,0.000000,0.000000,0.707107,0.707107
arm_1,407.973000,0.000000,-0.350000,0.600000,0.000000,0.000000,0.707107,0.707107
arm_1,407.987000,0.000000,-0.350000,0.600000,0.000000,0.000000,0.707107,0.707107
arm_1,408.002000,0.000000,-0.350000,0.600000,0.000000,0.000000,0.707107,0.707107
arm_1,408.018000,0.000000,-0.350000,0.600000,0.000000,0.000000,0.707107,0.707107
arm_1,408.034000,0.000000,-0.350000,0.600000,0.000000,0.000000,0.707107,0.707107
arm_1,408.049000,0.000000,-0.350000,0.600000,0.000000,0.000000,0.707107,0.707107
arm_1,408.064000,0.000000,-0.350000,0.600000,0.000000,0.000000,0.707107,0.707107
arm_1,408.079000,0.000000,-0.350000,0.600000,0.000000,0.000000,0.707107,0.707107
arm_1,408.094000,0.000000,-0.350000,0.600000,0.000000,0.000000,0.707107,0.707107
arm_1,408.107000,0.000000,-0.350000,0.600000,0.000000,0.000000,0.707107,0.707107
arm_1,408.123000,0.000000,-0.350000,0.600000,0.000000,0.000000,0.707107,0.707107
arm_1,408.138000,0.000000,-0.350000,0.600000,0.000000,0.000000,0.707107,0.707107
arm_1,408.153000,0.000000,-0.350000,0.600000,0.000000,0.000000,0.707107,0.707107
arm_1,408.167000,0.000000,-0.350000,0.600000,0.000000,0.000000,0.707107,0.707107
arm_1,408.181000,0.000000,-0.350000,0.600000,0.000000,0.000000,0.707107,0.707107
arm_1,408.197000,0.000000,-0.350000,0.600000,0.000000,0.000000,0.707107,0.707107
arm_1,408.212000,0.000000,-0.350000,0.600000,0.000000,0.000000,0.707107,0.707107
arm_1,408.226000,0.000000,-0.350000,0.600000,0.000000,0.000000,0.707107,0.707107
arm_1,408.240000,0.000000,-0.350000,0.600000,0.000000,0.000000,0.707107,0.707107
arm_1,408.255000,0.000000,-0.350000,0.600000,0.000000,0.000000,0.707107,0.707107
arm_1,408.270000,0.000000,-0.350000,0.600000,0.000000,0.000000,0.707107,0.707107
arm_1,408.285000,0.000000,-0.350000,0.600000,0.000000,0.000000,0.707107,0.707107
arm_1,408.297000,0.000000,-0.350000,0.600000,0.000000,0.000000,0.707107,0.707107
arm_1,408.301000,0.000000,-0.350000,0.600000,0.000000,0.000000,0.707107,0.707107
arm_1,408.316000,0.000000,-0.350000,0.600000,0.000000,0.000000,0.707107,0.707107
arm_1,408.331000,0.000000,-0.350000,0.600000,0.000000,0.000000,0.707107,0.707107
arm_1,408.346000,0.000000,-0.350000,0.600000,0.000000,0.000000,0.707107,0.707107
arm_1,408.361000,0.000000,-0.350000,0.600000,0.000000,0.000000,0.707107,0.707107
arm_1,408.376000,0.000000,-0.350000,0.600000,0.000000,0.000000,0.707107,0.707107
arm_1,408.392000,0.000000,-0.350000,0.600000,0.000000,0.000000,0.707107,0.707107
arm_1,408.406000,0.000000,-0.350000,0.600000,0.000000,0.000000,0.707107,0.707107
arm_1,408.414000,0.000000,-0.350000,0.600000,0.000000,0.000000,0.707107,0.707107
arm_1,408.425000,0.000000,-0.350000,0.600000,0.000000,0.000000,0.707107,0.707107
arm_1,408.437000,0.000000,-0.350000,0.600000,0.000000,0.000000,0.707107,0.707107
arm_1,408.452000,0.000000,-0.350000,0.600000,0.000000,0.000000,0.707107,0.707107
arm_1,408.467000,0.000000,-0.350000,0.600000,0.000000,0.000000,0.707107,0.707107
arm_1,408.482000,0.000000,-0.350000,0.600000,0.000000,0.000000,0.707107,0.707107
arm_1,408.495000,0.000000,-0.350000,0.600000,0.000000,0.000000,0.707107,0.707107
arm_1,408.506000,0.000000,-0.350000,0.600000,0.000000,0.000000,0.707107,0.707107
arm_1,408.520000,0.000000,-0.350000,0.600000,0.000000,0.000000,0.707107,0.707107
arm_1,408.534000,0.000000,-0.350000,0.600000,0.000000,0.000000,0.707107,0.707107
arm_1,408.549000,0.000000,-0.350000,0.600000,0.000000,0.000000,0.707107,0.707107
arm_1,408.564000,0.000000,-0.350000,0.600000,0.000000,0.000000,0.707107,0.707107
arm_1,408.578000,0.000000,-0.350000,0.600000,0.000000,0.000000,0.707107,0.707107
arm_1,408.591000,0.000000,-0.350000,0.600000,0.000000,0.000000,0.707107,0.707107
arm_1,408.605000,0.000000,-0.350000,0.600000,0.000000,0.000000,0.707107,0.707107
arm_1,408.618000,0.000000,-0.350000,0.600000,0.000000,0.000000,0.707107,0.707107
arm_1,408.633000,0.000000,-0.350000,0.600000,0.000000,0.000000,0.707107,0.707107
arm_1,408.644000,0.000000,-0.350000,0.600000,0.000000,0.000000,0.707107,0.707107
arm_1,408.658000,0.000000,-0.350000,0.600000,0.000000,0.000000,0.707107,0.707107
arm_1,408.669000,0.000000,-0.350000,0.600000,0.000000,0.000000,0.707107,0.707107
arm_1,408.683000,0.000000,-0.350000,0.600000,0.000000,0.000000,0.707107,0.707107
arm_1,408.697000,0.000000,-0.350000,0.600000,0.000000,0.000000,0.707107,0.707107
arm_1,408.713000,0.000000,-0.350000,0.600000,0.000000,0.000000,0.707107,0.707107
arm_1,408.729000,0.000000,-0.350000,0.600000,0.000000,0.000000,0.707107,0.707107
arm_1,408.743000,0.000000,-0.350000,0.600000,0.000000,0.000000,0.707107,0.707107
arm_1,408.759000,0.000000,-0.350000,0.600000,0.000000,0.000000,0.707107,0.707107
arm_1,408.775000,0.000000,-0.350000,0.600000,0.000000,0.000000,0.707107,0.707107
arm_1,408.789000,0.000000,-0.350000,0.600000,0.000000,0.000000,0.707107,0.707107
arm_1,408.798000,0.000000,-0.350000,0.600000,0.000000,0.000000,0.707107,0.707107
arm_1,408.812000,0.000000,-0.350000,0.600000,0.000000,0.000000,0.707107,0.707107
arm_1,408.827000,0.000000,-0.350000,0.600000,0.000000,0.000000,0.707107,0.707107
arm_1,408.842000,0.000000,-0.350000,0.600000,0.000000,0.000000,0.707107,0.707107
arm_1,408.857000,0.000000,-0.350000,0.600000,0.000000,0.000000,0.707107,0.707107
arm_1,408.872000,0.000000,-0.350000,0.600000,0.000000,0.000000,0.707107,0.707107
arm_1,408.887000,0.000000,-0.350000,0.600000,0.000000,0.000000,0.707107,0.707107
arm_1,408.903000,0.000000,-0.350000,0.600000,0.000000,0.000000,0.707107,0.707107
arm_1,408.919000,0.000000,-0.350000,0.600000,0.000000,0.000000,0.707107,0.707107
arm_1,408.935000,0.000000,-0.350000,0.600000,0.000000,0.000000,0.707107,0.707107
arm_1,408.949000,0.000000,-0.350000,0.600000,0.000000,0.000000,0.707107,0.707107
arm_1,408.961000,0.000000,-0.350000,0.600000,0.000000,0.000000,0.707107,0.707107
arm_1,408.974000,0.000000,-0.350000,0.600000,0.000000,0.000000,0.707107,0.707107
arm_1,408.988000,0.000000,-0.350000,0.600000,0.000000,0.000000,0.707107,0.707107
arm_1,409.004000,0.000000,-0.350000,0.600000,0.000000,0.000000,0.707107,0.707107
arm_1,409.021000,0.000000,-0.350000,0.600000,0.000000,0.000000,0.707107,0.707107
arm_1,409.037000,0.000000,-0.350000,0.600000,0.000000,0.000000,0.707107,0.707107
arm_1,409.054000,0.000000,-0.350000,0.600000,0.000000,0.000000,0.707107,0.707107
arm_1,409.071000,0.000000,-0.350000,0.600000,0.000000,0.000000,0.707107,0.707107
arm_1,409.088000,0.000000,-0.350000,0.600000,0.000000,0.000000,0.707107,0.707107
arm_1,409.105000,0.000000,-0.350000,0.600000,0.000000,0.000000,0.707107,0.707107
arm_1,409.121000,0.000000,-0.350000,0.600000,0.000000,0.000000,0.707107,0.707107
arm_1,409.138000,0.000000,-0.350000,0.600000,0.000000,0.000000,0.707107,0.707107
arm_1,409.155000,0.000000,-0.350000,0.600000,0.000000,0.000000,0.707107,0.707107
arm_1,409.170000,0.000000,-0.350000,0.600000,0.000000,0.000000,0.707107,0.707107
arm_1,409.182000,0.000000,-0.350000,0.600000,0.000000,0.000000,0.707107,0.707107
arm_1,409.196000,0.000000,-0.350000,0.600000,0.000000,0.000000,0.707107,0.707107
arm_1,409.211000,0.000000,-0.350000,0.600000,0.000000,0.000000,0.707107,0.707107
arm_1,409.226000,0.000000,-0.350000,0.600000,0.000000,0.000000,0.707107,0.707107
arm_1,409.240000,0.000000,-0.350000,0.600000,0.000000,0.000000,0.707107,0.707107
arm_1,409.255000,0.000000,-0.350000,0.600000,0.000000,0.000000,0.707107,0.707107
arm_1,409.271000,0.000000,-0.350000,0.600000,0.000000,0.000000,0.707107,0.707107
arm_1,409.287000,0.000000,-0.350000,0.600000,0.000000,0.000000,0.707107,0.707107
arm_1,409.303000,0.000000,-0.350000,0.600000,0.000000,0.000000,0.707107,0.707107
arm_1,409.319000,0.000000,-0.350000,0.600000,0.000000,0.000000,0.707107,0.707107
arm_1,409.335000,0.000000,-0.350000,0.600000,0.000000,0.000000,0.707107,0.707107
arm_1,409.340000,0.000000,-0.350000,0.600000,0.000000,0.000000,0.707107,0.707107
arm_1,409.353000,0.000000,-0.350000,0.600000,0.000000,0.000000,0.707107,0.707107
arm_1,409.369000,0.000000,-0.350000,0.600000,0.000000,0.000000,0.707107,0.707107
arm_1,409.385000,0.000000,-0.350000,0.600000,0.000000,0.000000,0.707107,0.707107
arm_1,409.401000,0.000000,-0.350000,0.600000,0.000000,0.000000,0.707107,0.707107
arm_1,409.416000,0.000000,-0.350000,0.600000,0.000000,0.000000,0.707107,0.707107
arm_1,409.431000,0.000000,-0.350000,0.600000,0.000000,0.000000,0.707107,0.707107
arm_1,409.446000,0.000000,-0.350000,0.600000,0.000000,0.000000,0.707107,0.707107
arm_1,409.461000,0.000000,-0.350000,0.600000,0.000000,0.000000,0.707107,0.707107
arm_1,409.477000,0.000000,-0.350000,0.600000,0.000000,0.000000,0.707107,0.707107
arm_1,409.493000,0.000000,-0.350000,0.600000,0.000000,0.000000,0.707107,0.707107
arm_1,409.508000,0.000000,-0.350000,0.600000,0.000000,0.000000,0.707107,0.707107
arm_1,409.524000,0.000000,-0.350000,0.600000,0.000000,0.000000,0.707107,0.707107
arm_1,409.539000,0.000000,-0.350000,0.600000,0.000000,0.000000,0.707107,0.707107
arm_1,409.553000,0.000000,-0.350000,0.600000,0.000000,0.000000,0.707107,0.707107
arm_1,409.569000,0.000000,-0.350000,0.600000,0.000000,0.000000,0.707107,0.707107
arm_1,409.584000,0.000000,-0.350000,0.600000,0.000000,0.000000,0.707107,0.707107
arm_1,409.600000,0.000000,-0.350000,0.600000,0.000000,0.000000,0.707107,0.707107
arm_1,409.615000,0.000000,-0.350000,0.600000,0.000000,0.000000,0.707107,0.707107
arm_1,409.631000,0.000000,-0.350000,0.600000,0.000000,0.000000,0.707107,0.707107
arm_1,409.647000,0.000000,-0.350000,0.600000,0.000000,0.000000,0.707107,0.707107
arm_1,409.663000,0.000000,-0.350000,0.600000,0.000000,0.000000,0.707107,0.707107
arm_1,409.680000,0.000000,-0.350000,0.600000,0.000000,0.000000,0.707107,0.707107
arm_1,409.696000,0.000000,-0.350000,0.600000,0.000000,0.000000,0.707107,0.707107
arm_1,409.712000,0.000000,-0.350000,0.600000,0.000000,0.000000,0.707107,0.707107
arm_1,409.728000,0.000000,-0.350000,0.600000,0.000000,0.000000,0.707107,0.707107
arm_1,409.744000,0.000000,-0.350000,0.600000,0.000000,0.000000,0.707107,0.707107
arm_1,409.760000,0.000000,-0.350000,0.600000,0.000000,0.000000,0.707107,0.707107
arm_1,409.775000,0.000000,-0.350000,0.600000,0.000000,0.000000,0.707107,0.707107
arm_1,409.791000,0.000000,-0.350000,0.600000,0.000000,0.000000,0.707107,0.707107
arm_1,409.806000,0.000000,-0.350000,0.600000,0.000000,0.000000,0.707107,0.707107
arm_1,409.821000,0.000000,-0.350000,0.600000,0.000000,0.000000,0.707107,0.707107
arm_1,409.837000,0.000000,-0.350000,0.600000,0.000000,0.000000,0.707107,0.707107
arm_1,409.853000,0.000000,-0.350000,0.600000,0.000000,0.000000,0.707107,0.707107
arm_1,409.868000,0.000000,-0.350000,0.600000,0.000000,0.000000,0.707107,0.707107
arm_1,409.884000,0.000000,-0.350000,0.600000,0.000000,0.000000,0.707107,0.707107
arm_1,409.898000,0.000000,-0.350000,0.600000,0.000000,0.000000,0.707107,0.707107
arm_1,409.914000,0.000000,-0.350000,0.600000,0.000000,0.000000,0.707107,0.707107
arm_1,409.928000,0.000000,-0.350000,0.600000,0.000000,0.000000,0.707107,0.707107
arm_1,409.940000,0.000000,-0.350000,0.600000,0.000000,0.000000,0.707107,0.707107
arm_1,409.955000,0.000000,-0.350000,0.600000,0.000000,0.000000,0.707107,0.707107
arm_1,409.970000,0.000000,-0.350000,0.600000,0.000000,0.000000,0.707107,0.707107
arm_1,409.985000,0.000000,-0.350000,0.600000,0.000000,0.000000,0.707107,0.707107
arm_1,410.001000,0.000000,-0.350000,0.600000,0.000000,0.000000,0.707107,0.707107
arm_1,410.017000,0.000000,-0.350000,0.600000,0.000000,0.000000,0.707107,0.707107
arm_1,410.033000,0.000000,-0.350000,0.600000,0.000000,0.000000,0.707107,0.707107
arm_1,410.049000,0.000000,-0.350000,0.600000,0.000000,0.000000,0.707107,0.707107
arm_1,410.066000,0.000000,-0.350000,0.600000,0.000000,0.000000,0.707107,0.707107
arm_1,410.082000,0.000000,-0.350000,0.600000,0.000000,0.000000,0.707107,0.707107
arm_1,410.097000,0.000000,-0.350000,0.600000,0.000000,0.000000,0.707107,0.707107
arm_1,410.112000,0.000000,-0.350000,0.600000,0.000000,0.000000,0.707107,0.707107
arm_1,410.127000,0.000000,-0.350000,0.600000,0.000000,0.000000,0.707107,0.707107
arm_1,410.142000,0.000000,-0.350000,0.600000,0.000000,0.000000,0.707107,0.707107
arm_1,410.155000,0.000000,-0.350000,0.600000,0.000000,0.000000,0.707107,0.707107
arm_1,410.167000,0.000000,-0.350000,0.600000,0.000000,0.000000,0.707107,0.707107
arm_1,410.182000,0.000000,-0.350000,0.600000,0.000000,0.000000,0.707107,0.707107
arm_1,410.196000,0.000000,-0.350000,0.600000,0.000000,0.000000,0.707107,0.707107
arm_1,410.210000,0.000000,-0.350000,0.600000,0.000000,0.000000,0.707107,0.707107
arm_1,410.224000,0.000000,-0.350000,0.600000,0.000000,0.000000,0.707107,0.707107
arm_1,410.238000,0.000000,-0.350000,0.600000,0.000000,0.000000,0.707107,0.707107
arm_1,410.252000,0.000000,-0.350000,0.600000,0.000000,0.000000,0.707107,0.707107
arm_1,410.267000,0.000000,-0.350000,0.600000,0.000000,0.000000,0.707107,0.707107
arm_1,410.281000,0.000000,-0.350000,0.600000,0.000000,0.000000,0.707107,0.707107
arm_1,410.296000,0.000000,-0.350000,0.600000,0.000000,0.000000,0.707107,0.707107
arm_1,410.311000,0.000000,-0.350000,0.600000,0.000000,0.000000,0.707107,0.707107
arm_1,410.326000,0.000000,-0.350000,0.600000,0.000000,0.000000,0.707107,0.707107
arm_1,410.341000,0.000000,-0.350000,0.600000,0.000000,0.000000,0.707107,0.707107
arm_1,410.356000,0.000000,-0.350000,0.600000,0.000000,0.000000,0.707107,0.707107
arm_1,410.371000,0.000000,-0.350000,0.600000,0.000000,0.000000,0.707107,0.707107
arm_1,410.386000,0.000000,-0.350000,0.600000,0.000000,0.000000,0.707107,0.707107
arm_1,410.400000,0.000000,-0.350000,0.600000,0.000000,0.000000,0.707107,0.707107
arm_1,410.416000,0.000000,-0.350000,0.600000,0.000000,0.000000,0.707107,0.707107
arm_1,410.431000,0.000000,-0.350000,0.600000,0.000000,0.000000,0.707107,0.707107
arm_1,410.445000,0.000000,-0.350000,0.600000,0.000000,0.000000,0.707107,0.707107
arm_1,410.461000,0.000000,-0.350000,0.600000,0.000000,0.000000,0.707107,0.707107
arm_1,410.474000,0.000000,-0.350000,0.600000,0.000000,0.000000,0.707107,0.707107
arm_1,410.488000,0.000000,-0.350000,0.600000,0.000000,0.000000,0.707107,0.707107
arm_1,410.503000,0.000000,-0.350000,0.600000,0.000000,0.000000,0.707107,0.707107
arm_1,410.517000,0.000000,-0.350000,0.600000,0.000000,0.000000,0.707107,0.707107
arm_1,410.532000,0.000000,-0.350000,0.600000,0.000000,0.000000,0.707107,0.707107
arm_1,410.548000,0.000000,-0.350000,0.600000,0.000000,0.000000,0.707107,0.707107
arm_1,410.564000,0.000000,-0.350000,0.600000,0.000000,0.000000,0.707107,0.707107
arm_1,410.580000,0.000000,-0.350000,0.600000,0.000000,0.000000,0.707107,0.707107
arm_1,410.596000,0.000000,-0.350000,0.600000,0.000000,0.000000,0.707107,0.707107
arm_1,410.611000,0.000000,-0.350000,0.600000,0.000000,0.000000,0.707107,0.707107
arm_1,410.625000,0.000000,-0.350000,0.600000,0.000000,0.000000,0.707107,0.707107
arm_1,410.640000,0.000000,-0.350000,0.600000,0.000000,0.000000,0.707107,0.707107
arm_1,410.655000,0.000000,-0.350000,0.600000,0.000000,0.000000,0.707107,0.707107
arm_1,410.670000,0.000000,-0.350000,0.600000,0.000000,0.000000,0.707107,0.707107
arm_1,410.685000,0.000000,-0.350000,0.600000,0.000000,0.000000,0.707107,0.707107
arm_1,410.700000,0.000000,-0.350000,0.600000,0.000000,0.000000,0.707107,0.707107
arm_1,410.715000,0.000000,-0.350000,0.600000,0.000000,0.000000,0.707107,0.707107
arm_1,410.730000,0.000000,-0.350000,0.600000,0.000000,0.000000,0.707107,0.707107
arm_1,410.744000,0.000000,-0.350000,0.600000,0.000000,0.000000,0.707107,0.707107
arm_1,410.759000,0.000000,-0.350000,0.600000,0.000000,0.000000,0.707107,0.707107
arm_1,410.774000,0.000000,-0.350000,0.600000,0.000000,0.000000,0.707107,0.707107
arm_1,410.789000,0.000000,-0.350000,0.600000,0.000000,0.000000,0.707107,0.707107
arm_1,410.804000,0.000000,-0.350000,0.600000,0.000000,0.000000,0.707107,0.707107
arm_1,410.818000,0.000000,-0.350000,0.600000,0.000000,0.000000,0.707107,0.707107
arm_1,410.832000,0.000000,-0.350000,0.600000,0.000000,0.000000,0.707107,0.707107
arm_1,410.848000,0.000000,-0.350000,0.600000,0.000000,0.000000,0.707107,0.707107
arm_1,410.864000,0.000000,-0.350000,0.600000,0.000000,0.000000,0.707107,0.707107
arm_1,410.880000,0.000000,-0.350000,0.600000,0.000000,0.000000,0.707107,0.707107
arm_1,410.895000,0.000000,-0.350000,0.600000,0.000000,0.000000,0.707107,0.707107
arm_1,410.910000,0.000000,-0.350000,0.600000,0.000000,0.000000,0.707107,0.707107
arm_1,410.925000,0.000000,-0.350000,0.600000,0.000000,0.000000,0.707107,0.707107
arm_1,410.941000,0.000000,-0.350000,0.600000,0.000000,0.000000,0.707107,0.707107
arm_1,410.957000,0.000000,-0.350000,0.600000,0.000000,0.000000,0.707107,0.707107
arm_1,410.972000,0.000000,-0.350000,0.600000,0.000000,0.000000,0.707107,0.707107
arm_1,410.986000,0.000000,-0.350000,0.600000,0.000000,0.000000,0.707107,0.707107
arm_1,411.001000,0.000000,-0.350000,0.600000,0.000000,0.000000,0.707107,0.707107
arm_1,411.017000,0.000000,-0.350000,0.600000,0.000000,0.000000,0.707107,0.707107
arm_1,411.033000,0.000000,-0.350000,0.600000,0.000000,0.000000,0.707107,0.707107
arm_1,411.049000,0.000000,-0.350000,0.600000,0.000000,0.000000,0.707107,0.707107
arm_1,411.064000,0.000000,-0.350000,0.600000,0.000000,0.000000,0.707107,0.707107
arm_1,411.080000,0.000000,-0.350000,0.600000,0.000000,0.000000,0.707107,0.707107
arm_1,411.096000,0.000000,-0.350000,0.600000,0.000000,0.000000,0.707107,0.707107
arm_1,411.112000,0.000000,-0.350000,0.600000,0.000000,0.000000,0.707107,0.707107
arm_1,411.128000,0.000000,-0.350000,0.600000,0.000000,0.000000,0.707107,0.707107
arm_1,411.145000,0.000000,-0.350000,0.600000,0.000000,0.000000,0.707107,0.707107
arm_1,411.161000,0.000000,-0.350000,0.600000,0.000000,0.000000,0.707107,0.707107
arm_1,411.177000,0.000000,-0.350000,0.600000,0.000000,0.000000,0.707107,0.707107
arm_1,411.192000,0.000000,-0.350000,0.600000,0.000000,0.000000,0.707107,0.707107
arm_1,411.207000,0.000000,-0.350000,0.600000,0.000000,0.000000,0.707107,0.707107
arm_1,411.223000,0.000000,-0.350000,0.600000,0.000000,0.000000,0.707107,0.707107
arm_1,411.239000,0.000000,-0.350000,0.600000,0.000000,0.000000,0.707107,0.707107
arm_1,411.256000,0.000000,-0.350000,0.600000,0.000000,0.000000,0.707107,0.707107
arm_1,411.272000,0.000000,-0.350000,0.600000,0.000000,0.000000,0.707107,0.707107
arm_1,411.287000,0.000000,-0.350000,0.600000,0.000000,0.000000,0.707107,0.707107
arm_1,411.303000,0.000000,-0.350000,0.600000,0.000000,0.000000,0.707107,0.707107
arm_1,411.320000,0.000000,-0.350000,0.600000,0.000000,0.000000,0.707107,0.707107
arm_1,411.336000,0.000000,-0.350000,0.600000,0.000000,0.000000,0.707107,0.707107
arm_1,411.352000,0.000000,-0.350000,0.600000,0.000000,0.000000,0.707107,0.707107
arm_1,411.366000,0.000000,-0.350000,0.600000,0.000000,0.000000,0.707107,0.707107
arm_1,411.380000,0.000000,-0.350000,0.600000,0.000000,0.000000,0.707107,0.707107
arm_1,411.395000,0.000000,-0.350000,0.600000,0.000000,0.000000,0.707107,0.707107
arm_1,411.410000,0.000000,-0.350000,0.600000,0.000000,0.000000,0.707107,0.707107
arm_1,411.426000,0.000000,-0.350000,0.600000,0.000000,0.000000,0.707107,0.707107
arm_1,411.443000,0.000000,-0.350000,0.600000,0.000000,0.000000,0.707107,0.707107
arm_1,411.460000,0.000000,-0.350000,0.600000,0.000000,0.000000,0.707107,0.707107
arm_1,411.477000,0.000000,-0.350000,0.600000,0.000000,0.000000,0.707107,0.707107
arm_1,411.494000,0.000000,-0.350000,0.600000,0.000000,0.000000,0.707107,0.707107
arm_1,411.511000,0.000000,-0.350000,0.600000,0.000000,0.000000,0.707107,0.707107
arm_1,411.527000,0.000000,-0.350000,0.600000,0.000000,0.000000,0.707107,0.707107
arm_1,411.542000,0.000000,-0.350000,0.600000,0.000000,0.000000,0.707107,0.707107
arm_1,411.557000,0.000000,-0.350000,0.600000,0.000000,0.000000,0.707107,0.707107
arm_1,411.574000,0.000000,-0.350000,0.600000,0.000000,0.000000,0.707107,0.707107
arm_1,411.590000,0.000000,-0.350000,0.600000,0.000000,0.000000,0.707107,0.707107
arm_1,411.607000,0.000000,-0.350000,0.600000,0.000000,0.000000,0.707107,0.707107
arm_1,411.623000,0.000000,-0.350000,0.600000,0.000000,0.000000,0.707107,0.707107
arm_1,411.640000,0.000000,-0.350000,0.600000,0.000000,0.000000,0.707107,0.707107
arm_1,411.657000,0.000000,-0.350000,0.600000,0.000000,0.000000,0.707107,0.707107
arm_1,411.673000,0.000000,-0.350000,0.600000,0.000000,0.000000,0.707107,0.707107
arm_1,411.688000,0.000000,-0.350000,0.600000,0.000000,0.000000,0.707107,0.707107
arm_1,411.704000,0.000000,-0.350000,0.600000,0.000000,0.000000,0.707107,0.707107
arm_1,411.720000,0.000000,-0.350000,0.600000,0.000000,0.000000,0.707107,0.707107
arm_1,411.736000,0.000000,-0.350000,0.600000,0.000000,0.000000,0.707107,0.707107
arm_1,411.753000,0.000000,-0.350000,0.600000,0.000000,0.000000,0.707107,0.707107
arm_1,411.770000,0.000000,-0.350000,0.600000,0.000000,0.000000,0.707107,0.707107
arm_1,411.787000,0.000000,-0.350000,0.600000,0.000000,0.000000,0.707107,0.707107
arm_1,411.803000,0.000000,-0.350000,0.600000,0.000000,0.000000,0.707107,0.707107
arm_1,411.819000,0.000000,-0.350000,0.600000,0.000000,0.000000,0.707107,0.707107
arm_1,411.836000,0.000000,-0.350000,0.600000,0.000000,0.000000,0.707107,0.707107
arm_1,411.853000,0.000000,-0.350000,0.600000,0.000000,0.000000,0.707107,0.707107
arm_1,411.870000,0.000000,-0.350000,0.600000,0.000000,0.000000,0.707107,0.707107
arm_1,411.887000,0.000000,-0.350000,0.600000,0.000000,0.000000,0.707107,0.707107
arm_1,411.903000,0.000000,-0.350000,0.600000,0.000000,0.000000,0.707107,0.707107
arm_1,411.919000,0.000000,-0.350000,0.600000,0.000000,0.000000,0.707107,0.707107
arm_1,411.936000,0.000000,-0.350000,0.600000,0.000000,0.000000,0.707107,0.707107
arm_1,411.951000,0.000000,-0.350000,0.600000,0.000000,0.000000,0.707107,0.707107
arm_1,411.968000,0.000000,-0.350000,0.600000,0.000000,0.000000,0.707107,0.707107
arm_1,411.985000,0.000000,-0.350000,0.600000,0.000000,0.000000,0.707107,0.707107
arm_1,412.002000,0.000000,-0.350000,0.600000,0.000000,0.000000,0.707107,0.707107
arm_1,412.019000,0.000000,-0.350000,0.600000,0.000000,0.000000,0.707107,0.707107
arm_1,412.036000,0.000000,-0.350000,0.600000,0.000000,0.000000,0.707107,0.707107
arm_1,412.052000,0.000000,-0.350000,0.600000,0.000000,0.000000,0.707107,0.707107
arm_1,412.068000,0.000000,-0.350000,0.600000,0.000000,0.000000,0.707107,0.707107
arm_1,412.084000,0.000000,-0.350000,0.600000,0.000000,0.000000,0.707107,0.707107
arm_1,412.100000,0.000000,-0.350000,0.600000,0.000000,0.000000,0.707107,0.707107
arm_1,412.116000,0.000000,-0.350000,0.600000,0.000000,0.000000,0.707107,0.707107
arm_1,412.132000,0.000000,-0.350000,0.600000,0.000000,0.000000,0.707107,0.707107
arm_1,412.147000,0.000000,-0.350000,0.600000,0.000000,0.000000,0.707107,0.707107
arm_1,412.164000,0.000000,-0.350000,0.600000,0.000000,0.000000,0.707107,0.707107
arm_1,412.181000,0.000000,-0.350000,0.600000,0.000000,0.000000,0.707107,0.707107
arm_1,412.197000,0.000000,-0.350000,0.600000,0.000000,0.000000,0.707107,0.707107
arm_1,412.214000,0.000000,-0.350000,0.600000,0.000000,0.000000,0.707107,0.707107
arm_1,412.231000,0.000000,-0.350000,0.600000,0.000000,0.000000,0.707107,0.707107
arm_1,412.248000,0.000000,-0.350000,0.600000,0.000000,0.000000,0.707107,0.707107
arm_1,412.266000,0.000000,-0.350000,0.600000,0.000000,0.000000,0.707107,0.707107
arm_1,412.283000,0.000000,-0.350000,0.600000,0.000000,0.000000,0.707107,0.707107
arm_1,412.301000,0.000000,-0.350000,0.600000,0.000000,0.000000,0.707107,0.707107
arm_1,412.318000,0.000000,-0.350000,0.600000,0.000000,0.000000,0.707107,0.707107
arm_1,412.334000,0.000000,-0.350000,0.600000,0.000000,0.000000,0.707107,0.707107
arm_1,412.350000,0.000000,-0.350000,0.600000,0.000000,0.000000,0.707107,0.707107
arm_1,412.367000,0.000000,-0.350000,0.600000,0.000000,0.000000,0.707107,0.707107
arm_1,412.384000,0.000000,-0.350000,0.600000,0.000000,0.000000,0.707107,0.707107
arm_1,412.400000,0.000000,-0.350000,0.600000,0.000000,0.000000,0.707107,0.707107
arm_1,412.412000,0.000000,-0.350000,0.600000,0.000000,0.000000,0.707107,0.707107
arm_1,412.419000,0.000000,-0.350000,0.600000,0.000000,0.000000,0.707107,0.707107
arm_1,412.435000,0.000000,-0.350000,0.600000,0.000000,0.000000,0.707107,0.707107
arm_1,412.451000,0.000000,-0.350000,0.600000,0.000000,0.000000,0.707107,0.707107
arm_1,412.467000,0.000000,-0.350000,0.600000,0.000000,0.000000,0.707107,0.707107
arm_1,412.483000,0.000000,-0.350000,0.600000,0.000000,0.000000,0.707107,0.707107
arm_1,412.499000,0.000000,-0.350000,0.600000,0.000000,0.000000,0.707107,0.707107
arm_1,412.515000,0.000000,-0.350000,0.600000,0.000000,0.000000,0.707107,0.707107
arm_1,412.531000,0.000000,-0.350000,0.600000,0.000000,0.000000,0.707107,0.707107
arm_1,412.547000,0.000000,-0.350000,0.600000,0.000000,0.000000,0.707107,0.707107
arm_1,412.563000,0.000000,-0.350000,0.600000,0.000000,0.000000,0.707107,0.707107
arm_1,412.580000,0.000000,-0.350000,0.600000,0.000000,0.000000,0.707107,0.707107
arm_1,412.596000,0.000000,-0.350000,0.600000,0.000000,0.000000,0.707107,0.707107
arm_1,412.613000,0.000000,-0.350000,0.600000,0.000000,0.000000,0.707107,0.707107
arm_1,412.630000,0.000000,-0.350000,0.600000,0.000000,0.000000,0.707107,0.707107
arm_1,412.646000,0.000000,-0.350000,0.600000,0.000000,0.000000,0.707107,0.707107
arm_1,412.663000,0.000000,-0.350000,0.600000,0.000000,0.000000,0.707107,0.707107
arm_1,412.680000,0.000000,-0.350000,0.600000,0.000000,0.000000,0.707107,0.707107
arm_1,412.696000,0.000000,-0.350000,0.600000,0.000000,0.000000,0.707107,0.707107
arm_1,412.712000,0.000000,-0.350000,0.600000,0.000000,0.000000,0.707107,0.707107
arm_1,412.729000,0.000000,-0.350000,0.600000,0.000000,0.000000,0.707107,0.707107
arm_1,412.745000,0.000000,-0.350000,0.600000,0.000000,0.000000,0.707107,0.707107
arm_1,412.761000,0.000000,-0.350000,0.600000,0.000000,0.000000,0.707107,0.707107
arm_1,412.776000,0.000000,-0.350000,0.600000,0.000000,0.000000,0.707107,0.707107
arm_1,412.791000,0.000000,-0.350000,0.600000,0.000000,0.000000,0.707107,0.707107
arm_1,412.806000,0.000000,-0.350000,0.600000,0.000000,0.000000,0.707107,0.707107
arm_1,412.822000,0.000000,-0.350000,0.600000,0.000000,0.000000,0.707107,0.707107
arm_1,412.837000,0.000000,-0.350000,0.600000,0.000000,0.000000,0.707107,0.707107
arm_1,412.850000,0.000000,-0.350000,0.600000,0.000000,0.000000,0.707107,0.707107
arm_1,412.865000,0.000000,-0.350000,0.600000,0.000000,0.000000,0.707107,0.707107
arm_1,412.880000,0.000000,-0.350000,0.600000,0.000000,0.000000,0.707107,0.707107
arm_1,412.896000,0.000000,-0.350000,0.600000,0.000000,0.000000,0.707107,0.707107
arm_1,412.913000,0.000000,-0.350000,0.600000,0.000000,0.000000,0.707107,0.707107
arm_1,412.930000,0.000000,-0.350000,0.600000,0.000000,0.000000,0.707107,0.707107
arm_1,412.947000,0.000000,-0.350000,0.600000,0.000000,0.000000,0.707107,0.707107
arm_1,412.964000,0.000000,-0.350000,0.600000,0.000000,0.000000,0.707107,0.707107
arm_1,412.980000,0.000000,-0.350000,0.600000,0.000000,0.000000,0.707107,0.707107
arm_1,412.997000,0.000000,-0.350000,0.600000,0.000000,0.000000,0.707107,0.707107
arm_1,413.014000,0.000000,-0.350000,0.600000,0.000000,0.000000,0.707107,0.707107
arm_1,413.032000,0.000000,-0.350000,0.600000,0.000000,0.000000,0.707107,0.707107
arm_1,413.048000,0.000000,-0.350000,0.600000,0.000000,0.000000,0.707107,0.707107
arm_1,413.064000,0.000000,-0.350000,0.600000,0.000000,0.000000,0.707107,0.707107
arm_1,413.078000,0.000000,-0.350000,0.600000,0.000000,0.000000,0.707107,0.707107
arm_1,413.093000,0.000000,-0.350000,0.600000,0.000000,0.000000,0.707107,0.707107
arm_1,413.108000,0.000000,-0.350000,0.600000,0.000000,0.000000,0.707107,0.707107
arm_1,413.124000,0.000000,-0.350000,0.600000,0.000000,0.000000,0.707107,0.707107
arm_1,413.140000,0.000000,-0.350000,0.600000,0.000000,0.000000,0.707107,0.707107
arm_1,413.155000,0.000000,-0.350000,0.600000,0.000000,0.000000,0.707107,0.707107
arm_1,413.169000,0.000000,-0.350000,0.600000,0.000000,0.000000,0.707107,0.707107
arm_1,413.181000,0.000000,-0.350000,0.600000,0.000000,0.000000,0.707107,0.707107
arm_1,413.192000,0.000000,-0.350000,0.600000,0.000000,0.000000,0.707107,0.707107
arm_1,413.204000,0.000000,-0.350000,0.600000,0.000000,0.000000,0.707107,0.707107
arm_1,413.217000,0.000000,-0.350000,0.600000,0.000000,0.000000,0.707107,0.707107
arm_1,413.228000,0.000000,-0.350000,0.600000,0.000000,0.000000,0.707107,0.707107
arm_1,413.241000,0.000000,-0.350000,0.600000,0.000000,0.000000,0.707107,0.707107
arm_1,413.256000,0.000000,-0.350000,0.600000,0.000000,0.000000,0.707107,0.707107
arm_1,413.268000,0.000000,-0.350000,0.600000,0.000000,0.000000,0.707107,0.707107
arm_1,413.282000,0.000000,-0.350000,0.600000,0.000000,0.000000,0.707107,0.707107
arm_1,413.296000,0.000000,-0.350000,0.600000,0.000000,0.000000,0.707107,0.707107
arm_1,413.310000,0.000000,-0.350000,0.600000,0.000000,0.000000,0.707107,0.707107
arm_1,413.324000,0.000000,-0.350000,0.600000,0.000000,0.000000,0.707107,0.707107
arm_1,413.337000,0.000000,-0.350000,0.600000,0.000000,0.000000,0.707107,0.707107
arm_1,413.349000,0.000000,-0.350000,0.600000,0.000000,0.000000,0.707107,0.707107
arm_1,413.362000,0.000000,-0.350000,0.600000,0.000000,0.000000,0.707107,0.707107
arm_1,413.377000,0.000000,-0.350000,0.600000,0.000000,0.000000,0.707107,0.707107
arm_1,413.393000,0.000000,-0.350000,0.600000,0.000000,0.000000,0.707107,0.707107
arm_1,413.408000,0.000000,-0.350000,0.600000,0.000000,0.000000,0.707107,0.707107
arm_1,413.422000,0.000000,-0.350000,0.600000,0.000000,0.000000,0.707107,0.707107
arm_1,413.437000,0.000000,-0.350000,0.600000,0.000000,0.000000,0.707107,0.707107
arm_1,413.452000,0.000000,-0.350000,0.600000,0.000000,0.000000,0.707107,0.707107
arm_1,413.464000,0.000000,-0.350000,0.600000,0.000000,0.000000,0.707107,0.707107
arm_1,413.477000,0.000000,-0.350000,0.600000,0.000000,0.000000,0.707107,0.707107
arm_1,413.490000,0.000000,-0.350000,0.600000,0.000000,0.000000,0.707107,0.707107
arm_1,413.504000,0.000000,-0.350000,0.600000,0.000000,0.000000,0.707107,0.707107
arm_1,413.517000,0.000000,-0.350000,0.600000,0.000000,0.000000,0.707107,0.707107
arm_1,413.531000,0.000000,-0.350000,0.600000,0.000000,0.000000,0.707107,0.707107
arm_1,413.545000,0.000000,-0.350000,0.600000,0.000000,0.000000,0.707107,0.707107
arm_1,413.560000,0.000000,-0.350000,0.600000,0.000000,0.000000,0.707107,0.707107
arm_1,413.573000,0.000000,-0.350000,0.600000,0.000000,0.000000,0.707107,0.707107
arm_1,413.585000,0.000000,-0.350000,0.600000,0.000000,0.000000,0.707107,0.707107
arm_1,413.598000,0.000000,-0.350000,0.600000,0.000000,0.000000,0.707107,0.707107
arm_1,413.613000,0.000000,-0.350000,0.600000,0.000000,0.000000,0.707107,0.707107
arm_1,413.629000,0.000000,-0.350000,0.600000,0.000000,0.000000,0.707107,0.707107
arm_1,413.644000,0.000000,-0.350000,0.600000,0.000000,0.000000,0.707107,0.707107
arm_1,413.658000,0.000000,-0.350000,0.600000,0.000000,0.000000,0.707107,0.707107
arm_1,413.668000,0.000000,-0.350000,0.600000,0.000000,0.000000,0.707107,0.707107
arm_1,413.676000,0.000000,-0.350000,0.600000,0.000000,0.000000,0.707107,0.707107
arm_1,413.681000,0.000000,-0.350000,0.600000,0.000000,0.000000,0.707107,0.707107
arm_1,413.685000,0.000000,-0.350000,0.600000,0.000000,0.000000,0.707107,0.707107
arm_1,413.691000,0.000000,-0.350000,0.600000,0.000000,0.000000,0.707107,0.707107
arm_1,413.700000,0.000000,-0.350000,0.600000,0.000000,0.000000,0.707107,0.707107
arm_1,413.707000,0.000000,-0.350000,0.600000,0.000000,0.000000,0.707107,0.707107
arm_1,413.713000,0.000000,-0.350000,0.600000,0.000000,0.000000,0.707107,0.707107
arm_1,413.721000,0.000000,-0.350000,0.600000,0.000000,0.000000,0.707107,0.707107
arm_1,413.730000,0.000000,-0.350000,0.600000,0.000000,0.000000,0.707107,0.707107
arm_1,413.740000,0.000000,-0.350000,0.600000,0.000000,0.000000,0.707107,0.707107
arm_1,413.746000,0.000000,-0.350000,0.600000,0.000000,0.000000,0.707107,0.707107
arm_1,413.756000,0.000000,-0.350000,0.600000,0.000000,0.000000,0.707107,0.707107
arm_1,413.764000,0.000000,-0.350000,0.600000,0.000000,0.000000,0.707107,0.707107
arm_1,413.772000,0.000000,-0.350000,0.600000,0.000000,0.000000,0.707107,0.707107
arm_1,413.784000,0.000000,-0.350000,0.600000,0.000000,0.000000,0.707107,0.707107
arm_1,413.797000,0.000000,-0.350000,0.600000,0.000000,0.000000,0.707107,0.707107
arm_1,413.811000,0.000000,-0.350000,0.600000,0.000000,0.000000,0.707107,0.707107
arm_1,413.824000,0.000000,-0.350000,0.600000,0.000000,0.000000,0.707107,0.707107
arm_1,413.839000,0.000000,-0.350000,0.600000,0.000000,0.000000,0.707107,0.707107
arm_1,413.854000,0.000000,-0.350000,0.600000,0.000000,0.000000,0.707107,0.707107
arm_1,413.868000,0.000000,-0.350000,0.600000,0.000000,0.000000,0.707107,0.707107
arm_1,413.882000,0.000000,-0.350000,0.600000,0.000000,0.000000,0.707107,0.707107
arm_1,413.892000,0.000000,-0.350000,0.600000,0.000000,0.000000,0.707107,0.707107
arm_1,413.904000,0.000000,-0.350000,0.600000,0.000000,0.000000,0.707107,0.707107
arm_1,413.918000,0.000000,-0.350000,0.600000,0.000000,0.000000,0.707107,0.707107
arm_1,413.933000,0.000000,-0.350000,0.600000,0.000000,0.000000,0.707107,0.707107
arm_1,413.948000,0.000000,-0.350000,0.600000,0.000000,0.000000,0.707107,0.707107
arm_1,413.964000,0.000000,-0.350000,0.600000,0.000000,0.000000,0.707107,0.707107
arm_1,413.980000,0.000000,-0.350000,0.600000,0.000000,0.000000,0.707107,0.707107
arm_1,413.996000,0.000000,-0.350000,0.600000,0.000000,0.000000,0.707107,0.707107
arm_1,414.013000,0.000000,-0.350000,0.600000,0.000000,0.000000,0.707107,0.707107
arm_1,414.029000,0.000000,-0.350000,0.600000,0.000000,0.000000,0.707107,0.707107
arm_1,414.045000,0.000000,-0.350000,0.600000,0.000000,0.000000,0.707107,0.707107
arm_1,414.060000,0.000000,-0.350000,0.600000,0.000000,0.000000,0.707107,0.707107
arm_1,414.076000,0.000000,-0.350000,0.600000,0.000000,0.000000,0.707107,0.707107
arm_1,414.093000,0.000000,-0.350000,0.600000,0.000000,0.000000,0.707107,0.707107
arm_1,414.109000,0.000000,-0.350000,0.600000,0.000000,0.000000,0.707107,0.707107
arm_1,414.125000,0.000000,-0.350000,0.600000,0.000000,0.000000,0.707107,0.707107
arm_1,414.142000,0.000000,-0.350000,0.600000,0.000000,0.000000,0.707107,0.707107
arm_1,414.159000,0.000000,-0.350000,0.600000,0.000000,0.000000,0.707107,0.707107
arm_1,414.176000,0.000000,-0.350000,0.600000,0.000000,0.000000,0.707107,0.707107
arm_1,414.193000,0.000000,-0.350000,0.600000,0.000000,0.000000,0.707107,0.707107
arm_1,414.210000,0.000000,-0.350000,0.600000,0.000000,0.000000,0.707107,0.707107
arm_1,414.225000,0.000000,-0.350000,0.600000,0.000000,0.000000,0.707107,0.707107
arm_1,414.237000,0.000000,-0.350000,0.600000,0.000000,0.000000,0.707107,0.707107
arm_1,414.249000,0.000000,-0.350000,0.600000,0.000000,0.000000,0.707107,0.707107
arm_1,414.264000,0.000000,-0.350000,0.600000,0.000000,0.000000,0.707107,0.707107
arm_1,414.279000,0.000000,-0.350000,0.600000,0.000000,0.000000,0.707107,0.707107
arm_1,414.295000,0.000000,-0.350000,0.600000,0.000000,0.000000,0.707107,0.707107
arm_1,414.311000,0.000000,-0.350000,0.600000,0.000000,0.000000,0.707107,0.707107
arm_1,414.327000,0.000000,-0.350000,0.600000,0.000000,0.000000,0.707107,0.707107
arm_1,414.343000,0.000000,-0.350000,0.600000,0.000000,0.000000,0.707107,0.707107
arm_1,414.359000,0.000000,-0.350000,0.600000,0.000000,0.000000,0.707107,0.707107
arm_1,414.368000,0.000000,-0.350000,0.600000,0.000000,0.000000,0.707107,0.707107
arm_1,414.380000,0.000000,-0.350000,0.600000,0.000000,0.000000,0.707107,0.707107
arm_1,414.396000,0.000000,-0.350000,0.600000,0.000000,0.000000,0.707107,0.707107
arm_1,414.411000,0.000000,-0.350000,0.600000,0.000000,0.000000,0.707107,0.707107
arm_1,414.427000,0.000000,-0.350000,0.600000,0.000000,0.000000,0.707107,0.707107
arm_1,414.442000,0.000000,-0.350000,0.600000,0.000000,0.000000,0.707107,0.707107
arm_1,414.457000,0.000000,-0.350000,0.600000,0.000000,0.000000,0.707107,0.707107
arm_1,414.471000,0.000000,-0.350000,0.600000,0.000000,0.000000,0.707107,0.707107
arm_1,414.486000,0.000000,-0.350000,0.600000,0.000000,0.000000,0.707107,0.707107
arm_1,414.501000,0.000000,-0.350000,0.600000,0.000000,0.000000,0.707107,0.707107
arm_1,414.518000,0.000000,-0.350000,0.600000,0.000000,0.000000,0.707107,0.707107
arm_1,414.534000,0.000000,-0.350000,0.600000,0.000000,0.000000,0.707107,0.707107
arm_1,414.549000,0.000000,-0.350000,0.600000,0.000000,0.000000,0.707107,0.707107
arm_1,414.564000,0.000000,-0.350000,0.600000,0.000000,0.000000,0.707107,0.707107
arm_1,414.580000,0.000000,-0.350000,0.600000,0.000000,0.000000,0.707107,0.707107
arm_1,414.596000,0.000000,-0.350000,0.600000,0.000000,0.000000,0.707107,0.707107
arm_1,414.611000,0.000000,-0.350000,0.600000,0.000000,0.000000,0.707107,0.707107
arm_1,414.624000,0.000000,-0.350000,0.600000,0.000000,0.000000,0.707107,0.707107
arm_1,414.639000,0.000000,-0.350000,0.600000,0.000000,0.000000,0.707107,0.707107
arm_1,414.656000,0.000000,-0.350000,0.600000,0.000000,0.000000,0.707107,0.707107
arm_1,414.671000,0.000000,-0.350000,0.600000,0.000000,0.000000,0.707107,0.707107
arm_1,414.686000,0.000000,-0.350000,0.600000,0.000000,0.000000,0.707107,0.707107
arm_1,414.701000,0.000000,-0.350000,0.600000,0.000000,0.000000,0.707107,0.707107
arm_1,414.717000,0.000000,-0.350000,0.600000,0.000000,0.000000,0.707107,0.707107
arm_1,414.733000,0.000000,-0.350000,0.600000,0.000000,0.000000,0.707107,0.707107
arm_1,414.748000,0.000000,-0.350000,0.600000,0.000000,0.000000,0.707107,0.707107
arm_1,414.764000,0.000000,-0.350000,0.600000,0.000000,0.000000,0.707107,0.707107
arm_1,414.779000,0.000000,-0.350000,0.600000,0.000000,0.000000,0.707107,0.707107
arm_1,414.794000,0.000000,-0.350000,0.600000,0.000000,0.000000,0.707107,0.707107
arm_1,414.810000,0.000000,-0.350000,0.600000,0.000000,0.000000,0.707107,0.707107
arm_1,414.826000,0.000000,-0.350000,0.600000,0.000000,0.000000,0.707107,0.707107
arm_1,414.842000,0.000000,-0.350000,0.600000,0.000000,0.000000,0.707107,0.707107
arm_1,414.858000,0.000000,-0.350000,0.600000,0.000000,0.000000,0.707107,0.707107
arm_1,414.874000,0.000000,-0.350000,0.600000,0.000000,0.000000,0.707107,0.707107
arm_1,414.889000,0.000000,-0.350000,0.600000,0.000000,0.000000,0.707107,0.707107
arm_1,414.904000,0.000000,-0.350000,0.600000,0.000000,0.000000,0.707107,0.707107
arm_1,414.918000,0.000000,-0.350000,0.600000,0.000000,0.000000,0.707107,0.707107
arm_1,414.933000,0.000000,-0.350000,0.600000,0.000000,0.000000,0.707107,0.707107
arm_1,414.948000,0.000000,-0.350000,0.600000,0.000000,0.000000,0.707107,0.707107
arm_1,414.964000,0.000000,-0.350000,0.600000,0.000000,0.000000,0.707107,0.707107
arm_1,414.980000,0.000000,-0.350000,0.600000,0.000000,0.000000,0.707107,0.707107
arm_1,414.997000,0.000000,-0.350000,0.600000,0.000000,0.000000,0.707107,0.707107
arm_1,415.014000,0.000000,-0.350000,0.600000,0.000000,0.000000,0.707107,0.707107
arm_1,415.030000,0.000000,-0.350000,0.600000,0.000000,0.000000,0.707107,0.707107
arm_1,415.046000,0.000000,-0.350000,0.600000,0.000000,0.000000,0.707107,0.707107
arm_1,415.061000,0.000000,-0.350000,0.600000,0.000000,0.000000,0.707107,0.707107
arm_1,415.076000,0.000000,-0.350000,0.600000,0.000000,0.000000,0.707107,0.707107
arm_1,415.085000,0.000000,-0.350000,0.600000,0.000000,0.000000,0.707107,0.707107
arm_1,415.098000,0.000000,-0.350000,0.600000,0.000000,0.000000,0.707107,0.707107
arm_1,415.111000,0.000000,-0.350000,0.600000,0.000000,0.000000,0.707107,0.707107
arm_1,415.126000,0.000000,-0.350000,0.600000,0.000000,0.000000,0.707107,0.707107
arm_1,415.141000,0.000000,-0.350000,0.600000,0.000000,0.000000,0.707107,0.707107
arm_1,415.157000,0.000000,-0.350000,0.600000,0.000000,0.000000,0.707107,0.707107
arm_1,415.173000,0.000000,-0.350000,0.600000,0.000000,0.000000,0.707107,0.707107
arm_1,415.189000,0.000000,-0.350000,0.600000,0.000000,0.000000,0.707107,0.707107
arm_1,415.205000,0.000000,-0.350000,0.600000,0.000000,0.000000,0.707107,0.707107
arm_1,415.221000,0.000000,-0.350000,0.600000,0.000000,0.000000,0.707107,0.707107
arm_1,415.236000,0.000000,-0.350000,0.600000,0.000000,0.000000,0.707107,0.707107
arm_1,415.252000,0.000000,-0.350000,0.600000,0.000000,0.000000,0.707107,0.707107
arm_1,415.267000,0.000000,-0.350000,0.600000,0.000000,0.000000,0.707107,0.707107
arm_1,415.284000,0.000000,-0.350000,0.600000,0.000000,0.000000,0.707107,0.707107
arm_1,415.299000,0.000000,-0.350000,0.600000,0.000000,0.000000,0.707107,0.707107
arm_1,415.314000,0.000000,-0.350000,0.600000,0.000000,0.000000,0.707107,0.707107
arm_1,415.330000,0.000000,-0.350000,0.600000,0.000000,0.000000,0.707107,0.707107
arm_1,415.345000,0.000000,-0.350000,0.600000,0.000000,0.000000,0.707107,0.707107
arm_1,415.361000,0.000000,-0.350000,0.600000,0.000000,0.000000,0.707107,0.707107
arm_1,415.377000,0.000000,-0.350000,0.600000,0.000000,0.000000,0.707107,0.707107
arm_1,415.393000,0.000000,-0.350000,0.600000,0.000000,0.000000,0.707107,0.707107
arm_1,415.409000,0.000000,-0.350000,0.600000,0.000000,0.000000,0.707107,0.707107
arm_1,415.425000,0.000000,-0.350000,0.600000,0.000000,0.000000,0.707107,0.707107
arm_1,415.441000,0.000000,-0.350000,0.600000,0.000000,0.000000,0.707107,0.707107
arm_1,415.457000,0.000000,-0.350000,0.600000,0.000000,0.000000,0.707107,0.707107
arm_1,415.474000,0.000000,-0.350000,0.600000,0.000000,0.000000,0.707107,0.707107
arm_1,415.488000,0.000000,-0.350000,0.600000,0.000000,0.000000,0.707107,0.707107
arm_1,415.502000,0.000000,-0.350000,0.600000,0.000000,0.000000,0.707107,0.707107
arm_1,415.518000,0.000000,-0.350000,0.600000,0.000000,0.000000,0.707107,0.707107
arm_1,415.532000,0.000000,-0.350000,0.600000,0.000000,0.000000,0.707107,0.707107
arm_1,415.546000,0.000000,-0.350000,0.600000,0.000000,0.000000,0.707107,0.707107
arm_1,415.563000,0.000000,-0.350000,0.600000,0.000000,0.000000,0.707107,0.707107
arm_1,415.580000,0.000000,-0.350000,0.600000,0.000000,0.000000,0.707107,0.707107
arm_1,415.597000,0.000000,-0.350000,0.600000,0.000000,0.000000,0.707107,0.707107
arm_1,415.614000,0.000000,-0.350000,0.600000,0.000000,0.000000,0.707107,0.707107
arm_1,415.630000,0.000000,-0.350000,0.600000,0.000000,0.000000,0.707107,0.707107
arm_1,415.645000,0.000000,-0.350000,0.600000,0.000000,0.000000,0.707107,0.707107
arm_1,415.648000,0.000000,-0.350000,0.600000,0.000000,0.000000,0.707107,0.707107
arm_1,415.662000,0.000000,-0.350000,0.600000,0.000000,0.000000,0.707107,0.707107
arm_1,415.678000,0.000000,-0.350000,0.600000,0.000000,0.000000,0.707107,0.707107
arm_1,415.695000,0.000000,-0.350000,0.600000,0.000000,0.000000,0.707107,0.707107
arm_1,415.711000,0.000000,-0.350000,0.600000,0.000000,0.000000,0.707107,0.707107
arm_1,415.727000,0.000000,-0.350000,0.600000,0.000000,0.000000,0.707107,0.707107
arm_1,415.744000,0.000000,-0.350000,0.600000,0.000000,0.000000,0.707107,0.707107
arm_1,415.761000,0.000000,-0.350000,0.600000,0.000000,0.000000,0.707107,0.707107
arm_1,415.777000,0.000000,-0.350000,0.600000,0.000000,0.000000,0.707107,0.707107
arm_1,415.794000,0.000000,-0.350000,0.600000,0.000000,0.000000,0.707107,0.707107
arm_1,415.809000,0.000000,-0.350000,0.600000,0.000000,0.000000,0.707107,0.707107
arm_1,415.824000,0.000000,-0.350000,0.600000,0.000000,0.000000,0.707107,0.707107
arm_1,415.840000,0.000000,-0.350000,0.600000,0.000000,0.000000,0.707107,0.707107
arm_1,415.854000,0.000000,-0.350000,0.600000,0.000000,0.000000,0.707107,0.707107
arm_1,415.869000,0.000000,-0.350000,0.600000,0.000000,0.000000,0.707107,0.707107
arm_1,415.885000,0.000000,-0.350000,0.600000,0.000000,0.000000,0.707107,0.707107
arm_1,415.901000,0.000000,-0.350000,0.600000,0.000000,0.000000,0.707107,0.707107
arm_1,415.917000,0.000000,-0.350000,0.600000,0.000000,0.000000,0.707107,0.707107
arm_1,415.934000,0.000000,-0.350000,0.600000,0.000000,0.000000,0.707107,0.707107
arm_1,415.951000,0.000000,-0.350000,0.600000,0.000000,0.000000,0.707107,0.707107
arm_1,415.967000,0.000000,-0.350000,0.600000,0.000000,0.000000,0.707107,0.707107
arm_1,415.983000,0.000000,-0.350000,0.600000,0.000000,0.000000,0.707107,0.707107
arm_1,415.999000,0.000000,-0.350000,0.600000,0.000000,0.000000,0.707107,0.707107
arm_1,416.016000,0.000000,-0.350000,0.600000,0.000000,0.000000,0.707107,0.707107
arm_1,416.032000,0.000000,-0.350000,0.600000,0.000000,0.000000,0.707107,0.707107
arm_1,416.049000,0.000000,-0.350000,0.600000,0.000000,0.000000,0.707107,0.707107
arm_1,416.066000,0.000000,-0.350000,0.600000,0.000000,0.000000,0.707107,0.707107
arm_1,416.083000,0.000000,-0.350000,0.600000,0.000000,0.000000,0.707107,0.707107
arm_1,416.099000,0.000000,-0.350000,0.600000,0.000000,0.000000,0.707107,0.707107
arm_1,416.116000,0.000000,-0.350000,0.600000,0.000000,0.000000,0.707107,0.707107
arm_1,416.131000,0.000000,-0.350000,0.600000,0.000000,0.000000,0.707107,0.707107
arm_1,416.147000,0.000000,-0.350000,0.600000,0.000000,0.000000,0.707107,0.707107
arm_1,416.163000,0.000000,-0.350000,0.600000,0.000000,0.000000,0.707107,0.707107
arm_1,416.179000,0.000000,-0.350000,0.600000,0.000000,0.000000,0.707107,0.707107
arm_1,416.196000,0.000000,-0.350000,0.600000,0.000000,0.000000,0.707107,0.707107
arm_1,416.212000,0.000000,-0.350000,0.600000,0.000000,0.000000,0.707107,0.707107
arm_1,416.227000,0.000000,-0.350000,0.600000,0.000000,0.000000,0.707107,0.707107
arm_1,416.243000,0.000000,-0.350000,0.600000,0.000000,0.000000,0.707107,0.707107
arm_1,416.259000,0.000000,-0.350000,0.600000,0.000000,0.000000,0.707107,0.707107
arm_1,416.275000,0.000000,-0.350000,0.600000,0.000000,0.000000,0.707107,0.707107
arm_1,416.291000,0.000000,-0.350000,0.600000,0.000000,0.000000,0.707107,0.707107
arm_1,416.308000,0.000000,-0.350000,0.600000,0.000000,0.000000,0.707107,0.707107
arm_1,416.325000,0.000000,-0.350000,0.600000,0.000000,0.000000,0.707107,0.707107
arm_1,416.342000,0.000000,-0.350000,0.600000,0.000000,0.000000,0.707107,0.707107
arm_1,416.360000,0.000000,-0.350000,0.600000,0.000000,0.000000,0.707107,0.707107
arm_1,416.376000,0.000000,-0.350000,0.600000,0.000000,0.000000,0.707107,0.707107
arm_1,416.393000,0.000000,-0.350000,0.600000,0.000000,0.000000,0.707107,0.707107
arm_1,416.410000,0.000000,-0.350000,0.600000,0.000000,0.000000,0.707107,0.707107
arm_1,416.425000,0.000000,-0.350000,0.600000,0.000000,0.000000,0.707107,0.707107
arm_1,416.441000,0.000000,-0.350000,0.600000,0.000000,0.000000,0.707107,0.707107
arm_1,416.457000,0.000000,-0.350000,0.600000,0.000000,0.000000,0.707107,0.707107
arm_1,416.474000,0.000000,-0.350000,0.600000,0.000000,0.000000,0.707107,0.707107
arm_1,416.490000,0.000000,-0.350000,0.600000,0.000000,0.000000,0.707107,0.707107
arm_1,416.507000,0.000000,-0.350000,0.600000,0.000000,0.000000,0.707107,0.707107
arm_1,416.524000,0.000000,-0.350000,0.600000,0.000000,0.000000,0.707107,0.707107
arm_1,416.541000,0.000000,-0.350000,0.600000,0.000000,0.000000,0.707107,0.707107
arm_1,416.554000,0.000000,-0.350000,0.600000,0.000000,0.000000,0.707107,0.707107
arm_1,416.571000,0.000000,-0.350000,0.600000,0.000000,0.000000,0.707107,0.707107
arm_1,416.585000,0.000000,-0.350000,0.600000,0.000000,0.000000,0.707107,0.707107
arm_1,416.600000,0.000000,-0.350000,0.600000,0.000000,0.000000,0.707107,0.707107
arm_1,416.615000,0.000000,-0.350000,0.600000,0.000000,0.000000,0.707107,0.707107
arm_1,416.631000,0.000000,-0.350000,0.600000,0.000000,0.000000,0.707107,0.707107
arm_1,416.644000,0.000000,-0.350000,0.600000,0.000000,0.000000,0.707107,0.707107
arm_1,416.659000,0.000000,-0.350000,0.600000,0.000000,0.000000,0.707107,0.707107
arm_1,416.674000,0.000000,-0.350000,0.600000,0.000000,0.000000,0.707107,0.707107
arm_1,416.688000,0.000000,-0.350000,0.600000,0.000000,0.000000,0.707107,0.707107
arm_1,416.704000,0.000000,-0.350000,0.600000,0.000000,0.000000,0.707107,0.707107
arm_1,416.719000,0.000000,-0.350000,0.600000,0.000000,0.000000,0.707107,0.707107
arm_1,416.733000,0.000000,-0.350000,0.600000,0.000000,0.000000,0.707107,0.707107
arm_1,416.749000,0.000000,-0.350000,0.600000,0.000000,0.000000,0.707107,0.707107
arm_1,416.765000,0.000000,-0.350000,0.600000,0.000000,0.000000,0.707107,0.707107
arm_1,416.780000,0.000000,-0.350000,0.600000,0.000000,0.000000,0.707107,0.707107
arm_1,416.795000,0.000000,-0.350000,0.600000,0.000000,0.000000,0.707107,0.707107
arm_1,416.811000,0.000000,-0.350000,0.600000,0.000000,0.000000,0.707107,0.707107
arm_1,416.828000,0.000000,-0.350000,0.600000,0.000000,0.000000,0.707107,0.707107
arm_1,416.844000,0.000000,-0.350000,0.600000,0.000000,0.000000,0.707107,0.707107
arm_1,416.858000,0.000000,-0.350000,0.600000,0.000000,0.000000,0.707107,0.707107
arm_1,416.874000,0.000000,-0.350000,0.600000,0.000000,0.000000,0.707107,0.707107
arm_1,416.890000,0.000000,-0.350000,0.600000,0.000000,0.000000,0.707107,0.707107
arm_1,416.906000,0.000000,-0.350000,0.600000,0.000000,0.000000,0.707107,0.707107
arm_1,416.922000,0.000000,-0.350000,0.600000,0.000000,0.000000,0.707107,0.707107
arm_1,416.938000,0.000000,-0.350000,0.600000,0.000000,0.000000,0.707107,0.707107
arm_1,416.954000,0.000000,-0.350000,0.600000,0.000000,0.000000,0.707107,0.707107
arm_1,416.965000,0.000000,-0.350000,0.600000,0.000000,0.000000,0.707107,0.707107
arm_1,416.971000,0.000000,-0.350000,0.600000,0.000000,0.000000,0.707107,0.707107
arm_1,416.985000,0.000000,-0.350000,0.600000,0.000000,0.000000,0.707107,0.707107
arm_1,417.000000,0.000000,-0.350000,0.600000,0.000000,0.000000,0.707107,0.707107
arm_1,417.016000,0.000000,-0.350000,0.600000,0.000000,0.000000,0.707107,0.707107
arm_1,417.033000,0.000000,-0.350000,0.600000,0.000000,0.000000,0.707107,0.707107
arm_1,417.050000,0.000000,-0.350000,0.600000,0.000000,0.000000,0.707107,0.707107
arm_1,417.066000,0.000000,-0.350000,0.600000,0.000000,0.000000,0.707107,0.707107
arm_1,417.082000,0.000000,-0.350000,0.600000,0.000000,0.000000,0.707107,0.707107
arm_1,417.098000,0.000000,-0.350000,0.600000,0.000000,0.000000,0.707107,0.707107
arm_1,417.114000,0.000000,-0.350000,0.600000,0.000000,0.000000,0.707107,0.707107
arm_1,417.122000,0.000000,-0.350000,0.600000,0.000000,0.000000,0.707107,0.707107
arm_1,417.127000,0.000000,-0.350000,0.600000,0.000000,0.000000,0.707107,0.707107
arm_1,417.142000,0.000000,-0.350000,0.600000,0.000000,0.000000,0.707107,0.707107
arm_1,417.157000,0.000000,-0.350000,0.600000,0.000000,0.000000,0.707107,0.707107
arm_1,417.173000,0.000000,-0.350000,0.600000,0.000000,0.000000,0.707107,0.707107
arm_1,417.189000,0.000000,-0.350000,0.600000,0.000000,0.000000,0.707107,0.707107
arm_1,417.205000,0.000000,-0.350000,0.600000,0.000000,0.000000,0.707107,0.707107
arm_1,417.222000,0.000000,-0.350000,0.600000,0.000000,0.000000,0.707107,0.707107
arm_1,417.238000,0.000000,-0.350000,0.600000,0.000000,0.000000,0.707107,0.707107
arm_1,417.255000,0.000000,-0.350000,0.600000,0.000000,0.000000,0.707107,0.707107
arm_1,417.271000,0.000000,-0.350000,0.600000,0.000000,0.000000,0.707107,0.707107
arm_1,417.286000,0.000000,-0.350000,0.600000,0.000000,0.000000,0.707107,0.707107
arm_1,417.299000,0.000000,-0.350000,0.600000,0.000000,0.000000,0.707107,0.707107
arm_1,417.315000,0.000000,-0.350000,0.600000,0.000000,0.000000,0.707107,0.707107
arm_1,417.331000,0.000000,-0.350000,0.600000,0.000000,0.000000,0.707107,0.707107
arm_1,417.347000,0.000000,-0.350000,0.600000,0.000000,0.000000,0.707107,0.707107
arm_1,417.363000,0.000000,-0.350000,0.600000,0.000000,0.000000,0.707107,0.707107
arm_1,417.379000,0.000000,-0.350000,0.600000,0.000000,0.000000,0.707107,0.707107
arm_1,417.396000,0.000000,-0.350000,0.600000,0.000000,0.000000,0.707107,0.707107
arm_1,417.412000,0.000000,-0.350000,0.600000,0.000000,0.000000,0.707107,0.707107
arm_1,417.428000,0.000000,-0.350000,0.600000,0.000000,0.000000,0.707107,0.707107
arm_1,417.443000,0.000000,-0.350000,0.600000,0.000000,0.000000,0.707107,0.707107
arm_1,417.458000,0.000000,-0.350000,0.600000,0.000000,0.000000,0.707107,0.707107
arm_1,417.473000,0.000000,-0.350000,0.600000,0.000000,0.000000,0.707107,0.707107
arm_1,417.489000,0.000000,-0.350000,0.600000,0.000000,0.000000,0.707107,0.707107
arm_1,417.505000,0.000000,-0.350000,0.600000,0.000000,0.000000,0.707107,0.707107
arm_1,417.521000,0.000000,-0.350000,0.600000,0.000000,0.000000,0.707107,0.707107
arm_1,417.537000,0.000000,-0.350000,0.600000,0.000000,0.000000,0.707107,0.707107
arm_1,417.553000,0.000000,-0.350000,0.600000,0.000000,0.000000,0.707107,0.707107
arm_1,417.568000,0.000000,-0.350000,0.600000,0.000000,0.000000,0.707107,0.707107
arm_1,417.584000,0.000000,-0.350000,0.600000,0.000000,0.000000,0.707107,0.707107
arm_1,417.600000,0.000000,-0.350000,0.600000,0.000000,0.000000,0.707107,0.707107
arm_1,417.617000,0.000000,-0.350000,0.600000,0.000000,0.000000,0.707107,0.707107
arm_1,417.634000,0.000000,-0.350000,0.600000,0.000000,0.000000,0.707107,0.707107
arm_1,417.650000,0.000000,-0.350000,0.600000,0.000000,0.000000,0.707107,0.707107
arm_1,417.667000,0.000000,-0.350000,0.600000,0.000000,0.000000,0.707107,0.707107
arm_1,417.684000,0.000000,-0.350000,0.600000,0.000000,0.000000,0.707107,0.707107
arm_1,417.701000,0.000000,-0.350000,0.600000,0.000000,0.000000,0.707107,0.707107
arm_1,417.717000,0.000000,-0.350000,0.600000,0.000000,0.000000,0.707107,0.707107
arm_1,417.734000,0.000000,-0.350000,0.600000,0.000000,0.000000,0.707107,0.707107
arm_1,417.752000,0.000000,-0.350000,0.600000,0.000000,0.000000,0.707107,0.707107
arm_1,417.769000,0.000000,-0.350000,0.600000,0.000000,0.000000,0.707107,0.707107
arm_1,417.785000,0.000000,-0.350000,0.600000,0.000000,0.000000,0.707107,0.707107
arm_1,417.798000,0.000000,-0.350000,0.600000,0.000000,0.000000,0.707107,0.707107
arm_1,417.814000,0.000000,-0.350000,0.600000,0.000000,0.000000,0.707107,0.707107
arm_1,417.827000,0.000000,-0.350000,0.600000,0.000000,0.000000,0.707107,0.707107
arm_1,417.845000,0.000000,-0.350000,0.600000,0.000000,0.000000,0.707107,0.707107
arm_1,417.862000,0.000000,-0.350000,0.600000,0.000000,0.000000,0.707107,0.707107
arm_1,417.879000,0.000000,-0.350000,0.600000,0.000000,0.000000,0.707107,0.707107
arm_1,417.894000,0.000000,-0.350000,0.600000,0.000000,0.000000,0.707107,0.707107
arm_1,417.910000,0.000000,-0.350000,0.600000,0.000000,0.000000,0.707107,0.707107
arm_1,417.927000,0.000000,-0.350000,0.600000,0.000000,0.000000,0.707107,0.707107
arm_1,417.944000,0.000000,-0.350000,0.600000,0.000000,0.000000,0.707107,0.707107
arm_1,417.961000,0.000000,-0.350000,0.600000,0.000000,0.000000,0.707107,0.707107
arm_1,417.978000,0.000000,-0.350000,0.600000,0.000000,0.000000,0.707107,0.707107
arm_1,417.994000,0.000000,-0.350000,0.600000,0.000000,0.000000,0.707107,0.707107
arm_1,418.010000,0.000000,-0.350000,0.600000,0.000000,0.000000,0.707107,0.707107
arm_1,418.026000,0.000000,-0.350000,0.600000,0.000000,0.000000,0.707107,0.707107
arm_1,418.042000,0.000000,-0.350000,0.600000,0.000000,0.000000,0.707107,0.707107
arm_1,418.056000,0.000000,-0.350000,0.600000,0.000000,0.000000,0.707107,0.707107
arm_1,418.070000,0.000000,-0.350000,0.600000,0.000000,0.000000,0.707107,0.707107
arm_1,418.085000,0.000000,-0.350000,0.600000,0.000000,0.000000,0.707107,0.707107
probe_part_uncorrected_009,384.498000,-0.475000,-0.000000,0.624999,0.000000,0.000000,-0.000000,1.000000
probe_part_uncorrected_009,384.513000,-0.475000,-0.000000,0.624999,0.000000,0.000000,-0.000000,1.000000
probe_part_uncorrected_009,384.529000,-0.475000,-0.000000,0.624999,0.000000,0.000000,-0.000000,1.000000
probe_part_uncorrected_009,384.545000,-0.475000,-0.000000,0.624999,0.000000,0.000000,-0.000000,1.000000
probe_part_uncorrected_009,384.562000,-0.475000,-0.000000,0.624999,0.000000,0.000000,-0.000000,1.000000
probe_part_uncorrected_009,384.579000,-0.475000,-0.000000,0.624999,0.000000,0.000000,-0.000000,1.000000
probe_part_uncorrected_009,384.596000,-0.475000,-0.000000,0.624999,0.000000,0.000000,-0.000000,1.000000
probe_part_uncorrected_009,384.612000,-0.475000,-0.000000,0.624999,0.000000,0.000000,-0.000000,1.000000
probe_part_uncorrected_009,384.629000,-0.475000,-0.000000,0.624999,0.000000,0.000000,-0.000000,1.000000
probe_part_uncorrected_009,384.646000,-0.475000,-0.000000,0.624999,0.000000,0.000000,-0.000000,1.000000
probe_part_uncorrected_009,384.662000,-0.475000,-0.000000,0.624999,0.000000,0.000000,-0.000000,1.000000
probe_part_uncorrected_009,384.678000,-0.475000,-0.000000,0.624999,0.000000,0.000000,-0.000000,1.000000
probe_part_uncorrected_009,384.693000,-0.475000,-0.000000,0.624999,0.000000,0.000000,-0.000000,1.000000
probe_part_uncorrected_009,384.708000,-0.475000,-0.000000,0.624999,0.000000,0.000000,-0.000000,1.000000
probe_part_uncorrected_009,384.723000,-0.475000,-0.000000,0.624999,0.000000,0.000000,-0.000000,1.000000
probe_part_uncorrected_009,384.738000,-0.475000,-0.000000,0.624999,0.000000,0.000000,-0.000000,1.000000
probe_part_uncorrected_009,384.754000,-0.475000,-0.000000,0.624999,0.000000,0.000000,-0.000000,1.000000
probe_part_uncorrected_009,384.768000,-0.475000,-0.000000,0.624999,0.000000,0.000000,-0.000000,1.000000
probe_part_uncorrected_009,384.784000,-0.475000,-0.000000,0.624999,0.000000,0.000000,-0.000000,1.000000
probe_part_uncorrected_009,384.802000,-0.475000,-0.000000,0.624999,0.000000,0.000000,-0.000000,1.000000
probe_part_uncorrected_009,384.819000,-0.475000,-0.000000,0.624999,0.000000,0.000000,-0.000000,1.000000
probe_part_uncorrected_009,384.836000,-0.475000,-0.000000,0.624999,0.000000,0.000000,-0.000000,1.000000
probe_part_uncorrected_009,384.853000,-0.475000,-0.000000,0.624999,0.000000,0.000000,-0.000000,1.000000
probe_part_uncorrected_009,384.870000,-0.475000,-0.000000,0.624999,0.000000,0.000000,-0.000000,1.000000
probe_part_uncorrected_009,384.887000,-0.475000,-0.000000,0.624999,0.000000,0.000000,-0.000000,1.000000
probe_part_uncorrected_009,384.904000,-0.475000,-0.000000,0.624999,0.000000,0.000000,-0.000000,1.000000
probe_part_uncorrected_009,384.921000,-0.475000,-0.000000,0.624999,0.000000,0.000000,-0.000000,1.000000
probe_part_uncorrected_009,384.937000,-0.475000,-0.000000,0.624999,0.000000,0.000000,-0.000000,1.000000
probe_part_uncorrected_009,384.954000,-0.475000,-0.000000,0.624999,0.000000,0.000000,-0.000000,1.000000
probe_part_uncorrected_009,384.971000,-0.475000,-0.000000,0.624999,0.000000,0.000000,-0.000000,1.000000
probe_part_uncorrected_009,384.988000,-0.475000,-0.000000,0.624999,0.000000,0.000000,-0.000000,1.000000
probe_part_uncorrected_009,385.005000,-0.475000,-0.000000,0.624999,0.000000,0.000000,-0.000000,1.000000
probe_part_uncorrected_009,385.021000,-0.475000,-0.000000,0.624999,0.000000,0.000000,-0.000000,1.000000
probe_part_uncorrected_009,385.039000,-0.475000,-0.000000,0.624999,0.000000,0.000000,-0.000000,1.000000
probe_part_uncorrected_009,385.055000,-0.475000,-0.000000,0.624999,0.000000,0.000000,-0.000000,1.000000
probe_part_uncorrected_009,385.071000,-0.475000,-0.000000,0.624999,0.000000,0.000000,-0.000000,1.000000
probe_part_uncorrected_009,385.086000,-0.475000,-0.000000,0.624999,0.000000,0.000000,-0.000000,1.000000
probe_part_uncorrected_009,385.102000,-0.475000,-0.000000,0.624999,0.000000,0.000000,-0.000000,1.000000
probe_part_uncorrected_009,385.118000,-0.475000,-0.000000,0.624999,0.000000,0.000000,-0.000000,1.000000
probe_part_uncorrected_009,385.135000,-0.475000,-0.000000,0.624999,0.000000,0.000000,-0.000000,1.000000
probe_part_uncorrected_009,385.152000,-0.475000,-0.000000,0.624999,0.000000,0.000000,-0.000000,1.000000
probe_part_uncorrected_009,385.169000,-0.475000,-0.000000,0.624999,0.000000,0.000000,-0.000000,1.000000
probe_part_uncorrected_009,385.186000,-0.475000,-0.000000,0.624999,0.000000,0.000000,-0.000000,1.000000
probe_part_uncorrected_009,385.203000,-0.475000,-0.000000,0.624999,0.000000,0.000000,-0.000000,1.000000
probe_part_uncorrected_009,385.220000,-0.475000,-0.000000,0.624999,0.000000,0.000000,-0.000000,1.000000
probe_part_uncorrected_009,385.237000,-0.475000,-0.000000,0.624999,0.000000,0.000000,-0.000000,1.000000
probe_part_uncorrected_009,385.254000,-0.475000,-0.000000,0.624999,0.000000,0.000000,-0.000000,1.000000
probe_part_uncorrected_009,385.271000,-0.475000,-0.000000,0.624999,0.000000,0.000000,-0.000000,1.000000
probe_part_uncorrected_009,385.288000,-0.475000,-0.000000,0.624999,0.000000,0.000000,-0.000000,1.000000
probe_part_uncorrected_009,385.305000,-0.475000,-0.000000,0.624999,0.000000,0.000000,-0.000000,1.000000
probe_part_uncorrected_009,385.322000,-0.475000,-0.000000,0.624999,0.000000,0.000000,-0.000000,1.000000
probe_part_uncorrected_009,385.339000,-0.475000,-0.000000,0.624999,0.000000,0.000000,-0.000000,1.000000
probe_part_uncorrected_009,385.356000,-0.475000,-0.000000,0.624999,0.000000,0.000000,-0.000000,1.000000
probe_part_uncorrected_009,385.373000,-0.475000,-0.000000,0.624999,0.000000,0.000000,-0.000000,1.000000
probe_part_uncorrected_009,385.390000,-0.475000,-0.000000,0.624999,0.000000,0.000000,-0.000000,1.000000
probe_part_uncorrected_009,385.407000,-0.475000,-0.000000,0.624999,0.000000,0.000000,-0.000000,1.000000
probe_part_uncorrected_009,385.423000,-0.475000,-0.000000,0.624999,0.000000,0.000000,-0.000000,1.000000
probe_part_uncorrected_009,385.439000,-0.475000,-0.000000,0.624999,0.000000,0.000000,-0.000000,1.000000
probe_part_uncorrected_009,385.456000,-0.475000,-0.000000,0.624999,0.000000,0.000000,-0.000000,1.000000
probe_part_uncorrected_009,385.472000,-0.475000,-0.000000,0.624999,0.000000,0.000000,-0.000000,1.000000
probe_part_uncorrected_009,385.489000,-0.475000,-0.000000,0.624999,0.000000,0.000000,-0.000000,1.000000
probe_part_uncorrected_009,385.506000,-0.475000,-0.000000,0.624999,0.000000,0.000000,-0.000000,1.000000
probe_part_uncorrected_009,385.523000,-0.475000,-0.000000,0.624999,0.000000,0.000000,-0.000000,1.000000
probe_part_uncorrected_009,385.539000,-0.475000,-0.000000,0.624999,0.000000,0.000000,-0.000000,1.000000
probe_part_uncorrected_009,385.554000,-0.475000,-0.000000,0.624999,0.000000,0.000000,-0.000000,1.000000
probe_part_uncorrected_009,385.571000,-0.475000,-0.000000,0.624999,0.000000,0.000000,-0.000000,1.000000
probe_part_uncorrected_009,385.588000,-0.475000,-0.000000,0.624999,0.000000,0.000000,-0.000000,1.000000
probe_part_uncorrected_009,385.605000,-0.475000,-0.000000,0.624999,0.000000,0.000000,-0.000000,1.000000
probe_part_uncorrected_009,385.622000,-0.475000,-0.000000,0.624999,0.000000,0.000000,-0.000000,1.000000
probe_part_uncorrected_009,385.639000,-0.475000,-0.000000,0.624999,0.000000,0.000000,-0.000000,1.000000
probe_part_uncorrected_009,385.657000,-0.475000,-0.000000,0.624999,0.000000,0.000000,-0.000000,1.000000
probe_part_uncorrected_009,385.674000,-0.475000,-0.000000,0.624999,0.000000,0.000000,-0.000000,1.000000
probe_part_uncorrected_009,385.692000,-0.475000,-0.000000,0.624999,0.000000,0.000000,-0.000000,1.000000
probe_part_uncorrected_009,385.709000,-0.475000,-0.000000,0.624999,0.000000,0.000000,-0.000000,1.000000
probe_part_uncorrected_009,385.726000,-0.475000,-0.000000,0.624999,0.000000,0.000000,-0.000000,1.000000
probe_part_uncorrected_009,385.743000,-0.475000,-0.000000,0.624999,0.000000,0.000000,-0.000000,1.000000
probe_part_uncorrected_009,385.760000,-0.475000,-0.000000,0.624999,0.000000,0.000000,-0.000000,1.000000
probe_part_uncorrected_009,385.778000,-0.475000,-0.000000,0.624999,0.000000,0.000000,-0.000000,1.000000
probe_part_uncorrected_009,385.795000,-0.475000,-0.000000,0.624999,0.000000,0.000000,-0.000000,1.000000
probe_part_uncorrected_009,385.812000,-0.475000,-0.000000,0.624999,0.000000,0.000000,-0.000000,1.000000
probe_part_uncorrected_009,385.829000,-0.475000,-0.000000,0.624999,0.000000,0.000000,-0.000000,1.000000
probe_part_uncorrected_009,385.846000,-0.475000,-0.000000,0.624999,0.000000,0.000000,-0.000000,1.000000
probe_part_uncorrected_009,385.863000,-0.475000,-0.000000,0.624999,0.000000,0.000000,-0.000000,1.000000
probe_part_uncorrected_009,385.880000,-0.475000,-0.000000,0.624999,0.000000,0.000000,-0.000000,1.000000
probe_part_uncorrected_009,385.897000,-0.475000,-0.000000,0.624999,0.000000,0.000000,-0.000000,1.000000
probe_part_uncorrected_009,385.914000,-0.475000,-0.000000,0.624999,0.000000,0.000000,-0.000000,1.000000
probe_part_uncorrected_009,385.932000,-0.475000,-0.000000,0.624999,0.000000,0.000000,-0.000000,1.000000
probe_part_uncorrected_009,385.947000,-0.475000,-0.000000,0.624999,0.000000,0.000000,-0.000000,1.000000
probe_part_uncorrected_009,385.964000,-0.475000,-0.000000,0.624999,0.000000,0.000000,-0.000000,1.000000
probe_part_uncorrected_009,385.981000,-0.475000,-0.000000,0.624999,0.000000,0.000000,-0.000000,1.000000
probe_part_uncorrected_009,385.998000,-0.475000,-0.000000,0.624999,0.000000,0.000000,-0.000000,1.000000
probe_part_uncorrected_009,386.015000,-0.475000,-0.000000,0.624999,0.000000,0.000000,-0.000000,1.000000
probe_part_uncorrected_009,386.032000,-0.475000,-0.000000,0.624999,0.000000,0.000000,-0.000000,1.000000
probe_part_uncorrected_009,386.048000,-0.475000,-0.000000,0.624999,0.000000,0.000000,-0.000000,1.000000
probe_part_uncorrected_009,386.065000,-0.475000,-0.000000,0.624999,0.000000,0.000000,-0.000000,1.000000
probe_part_uncorrected_009,386.083000,-0.475000,-0.000000,0.624999,0.000000,0.000000,-0.000000,1.000000
probe_part_uncorrected_009,386.100000,-0.475000,-0.000000,0.624999,0.000000,0.000000,-0.000000,1.000000
probe_part_uncorrected_009,386.116000,-0.475000,-0.000000,0.624999,0.000000,0.000000,-0.000000,1.000000
probe_part_uncorrected_009,386.133000,-0.475000,-0.000000,0.624999,0.000000,0.000000,-0.000000,1.000000
probe_part_uncorrected_009,386.151000,-0.475000,-0.000000,0.624999,0.000000,0.000000,-0.000000,1.000000
probe_part_uncorrected_009,386.168000,-0.475000,-0.000000,0.624999,0.000000,0.000000,-0.000000,1.000000
probe_part_uncorrected_009,386.184000,-0.475000,-0.000000,0.624999,0.000000,0.000000,-0.000000,1.000000
probe_part_uncorrected_009,386.199000,-0.475000,-0.000000,0.624999,0.000000,0.000000,-0.000000,1.000000
probe_part_uncorrected_009,386.215000,-0.475000,-0.000000,0.624999,0.000000,0.000000,-0.000000,1.000000
probe_part_uncorrected_009,386.232000,-0.475000,-0.000000,0.624999,0.000000,0.000000,-0.000000,1.000000
probe_part_uncorrected_009,386.249000,-0.475000,-0.000000,0.624999,0.000000,0.000000,-0.000000,1.000000
probe_part_uncorrected_009,386.266000,-0.475000,-0.000000,0.624999,0.000000,0.000000,-0.000000,1.000000
probe_part_uncorrected_009,386.282000,-0.475000,-0.000000,0.624999,0.000000,0.000000,-0.000000,1.000000
probe_part_uncorrected_009,386.299000,-0.475000,-0.000000,0.624999,0.000000,0.000000,-0.000000,1.000000
probe_part_uncorrected_009,386.316000,-0.475000,-0.000000,0.624999,0.000000,0.000000,-0.000000,1.000000
probe_part_uncorrected_009,386.333000,-0.475000,-0.000000,0.624999,0.000000,0.000000,-0.000000,1.000000
probe_part_uncorrected_009,386.350000,-0.475000,-0.000000,0.624999,0.000000,0.000000,-0.000000,1.000000
probe_part_uncorrected_009,386.367000,-0.475000,-0.000000,0.624999,0.000000,0.000000,-0.000000,1.000000
probe_part_uncorrected_009,386.384000,-0.475000,-0.000000,0.624999,0.000000,0.000000,-0.000000,1.000000
probe_part_uncorrected_009,386.401000,-0.475000,-0.000000,0.624999,0.000000,0.000000,-0.000000,1.000000
probe_part_uncorrected_009,386.418000,-0.475000,-0.000000,0.624999,0.000000,0.000000,-0.000000,1.000000
probe_part_uncorrected_009,386.435000,-0.475000,-0.000000,0.624999,0.000000,0.000000,-0.000000,1.000000
probe_part_uncorrected_009,386.450000,-0.475000,-0.000000,0.624999,0.000000,0.000000,-0.000000,1.000000
probe_part_uncorrected_009,386.467000,-0.475000,-0.000000,0.624999,0.000000,0.000000,-0.000000,1.000000
probe_part_uncorrected_009,386.483000,-0.475000,-0.000000,0.624999,0.000000,0.000000,-0.000000,1.000000
probe_part_uncorrected_009,386.500000,-0.475000,-0.000000,0.624999,0.000000,0.000000,-0.000000,1.000000
probe_part_uncorrected_009,386.515000,-0.475000,-0.000000,0.624999,0.000000,0.000000,-0.000000,1.000000
probe_part_uncorrected_009,386.530000,-0.475000,-0.000000,0.624999,0.000000,0.000000,-0.000000,1.000000
probe_part_uncorrected_009,386.545000,-0.475000,-0.000000,0.624999,0.000000,0.000000,-0.000000,1.000000
probe_part_uncorrected_009,386.559000,-0.475000,-0.000000,0.624999,0.000000,0.000000,-0.000000,1.000000
probe_part_uncorrected_009,386.575000,-0.475000,-0.000000,0.624999,0.000000,0.000000,-0.000000,1.000000
probe_part_uncorrected_009,386.591000,-0.475000,-0.000000,0.624999,0.000000,0.000000,-0.000000,1.000000
probe_part_uncorrected_009,386.608000,-0.475000,-0.000000,0.624999,0.000000,0.000000,-0.000000,1.000000
probe_part_uncorrected_009,386.625000,-0.475000,-0.000000,0.624999,0.000000,0.000000,-0.000000,1.000000
probe_part_uncorrected_009,386.642000,-0.475000,-0.000000,0.624999,0.000000,0.000000,-0.000000,1.000000
probe_part_uncorrected_009,386.659000,-0.475000,-0.000000,0.624999,0.000000,0.000000,-0.000000,1.000000
probe_part_uncorrected_009,386.676000,-0.475000,-0.000000,0.624999,0.000000,0.000000,-0.000000,1.000000
probe_part_uncorrected_009,386.693000,-0.475000,-0.000000,0.624999,0.000000,0.000000,-0.000000,1.000000
probe_part_uncorrected_009,386.709000,-0.475000,-0.000000,0.624999,0.000000,0.000000,-0.000000,1.000000
probe_part_uncorrected_009,386.726000,-0.475000,-0.000000,0.624999,0.000000,0.000000,-0.000000,1.000000
probe_part_uncorrected_009,386.743000,-0.475000,-0.000000,0.624999,0.000000,0.000000,-0.000000,1.000000
probe_part_uncorrected_009,386.760000,-0.475000,-0.000000,0.624999,0.000000,0.000000,-0.000000,1.000000
probe_part_uncorrected_009,386.777000,-0.475000,-0.000000,0.624999,0.000000,0.000000,-0.000000,1.000000
probe_part_uncorrected_009,386.794000,-0.475000,-0.000000,0.624999,0.000000,0.000000,-0.000000,1.000000
probe_part_uncorrected_009,386.811000,-0.475000,-0.000000,0.624999,0.000000,0.000000,-0.000000,1.000000
probe_part_uncorrected_009,386.828000,-0.475000,-0.000000,0.624999,0.000000,0.000000,-0.000000,1.000000
probe_part_uncorrected_009,386.845000,-0.475000,-0.000000,0.624999,0.000000,0.000000,-0.000000,1.000000
probe_part_uncorrected_009,386.862000,-0.475000,-0.000000,0.624999,0.000000,0.000000,-0.000000,1.000000
probe_part_uncorrected_009,386.880000,-0.475000,-0.000000,0.624999,0.000000,0.000000,-0.000000,1.000000
probe_part_uncorrected_009,386.897000,-0.475000,-0.000000,0.624999,0.000000,0.000000,-0.000000,1.000000
probe_part_uncorrected_009,386.914000,-0.475000,-0.000000,0.624999,0.000000,0.000000,-0.000000,1.000000
probe_part_uncorrected_009,386.932000,-0.475000,-0.000000,0.624999,0.000000,0.000000,-0.000000,1.000000
probe_part_uncorrected_009,386.948000,-0.475000,-0.000000,0.624999,0.000000,0.000000,-0.000000,1.000000
probe_part_uncorrected_009,386.965000,-0.475000,-0.000000,0.624999,0.000000,0.000000,-0.000000,1.000000
probe_part_uncorrected_009,386.982000,-0.475000,-0.000000,0.624999,0.000000,0.000000,-0.000000,1.000000
probe_part_uncorrected_009,386.998000,-0.475000,-0.000000,0.624999,0.000000,0.000000,-0.000000,1.000000
probe_part_uncorrected_009,387.014000,-0.475000,-0.000000,0.624999,0.000000,0.000000,-0.000000,1.000000
probe_part_uncorrected_009,387.031000,-0.475000,-0.000000,0.624999,0.000000,0.000000,-0.000000,1.000000
probe_part_uncorrected_009,387.048000,-0.475000,-0.000000,0.624999,0.000000,0.000000,-0.000000,1.000000
probe_part_uncorrected_009,387.065000,-0.475000,-0.000000,0.624999,0.000000,0.000000,-0.000000,1.000000
probe_part_uncorrected_009,387.082000,-0.475000,-0.000000,0.624999,0.000000,0.000000,-0.000000,1.000000
probe_part_uncorrected_009,387.099000,-0.475000,-0.000000,0.624999,0.000000,0.000000,-0.000000,1.000000
probe_part_uncorrected_009,387.116000,-0.475000,-0.000000,0.624999,0.000000,0.000000,-0.000000,1.000000
probe_part_uncorrected_009,387.132000,-0.475000,-0.000000,0.624999,0.000000,0.000000,-0.000000,1.000000
probe_part_uncorrected_009,387.148000,-0.475000,-0.000000,0.624999,0.000000,0.000000,-0.000000,1.000000
probe_part_uncorrected_009,387.165000,-0.475000,-0.000000,0.624999,0.000000,0.000000,-0.000000,1.000000
probe_part_uncorrected_009,387.182000,-0.475000,-0.000000,0.624999,0.000000,0.000000,-0.000000,1.000000
probe_part_uncorrected_009,387.199000,-0.475000,-0.000000,0.624999,0.000000,0.000000,-0.000000,1.000000
probe_part_uncorrected_009,387.215000,-0.475000,-0.000000,0.624999,0.000000,0.000000,-0.000000,1.000000
probe_part_uncorrected_009,387.233000,-0.475000,-0.000000,0.624999,0.000000,0.000000,-0.000000,1.000000
probe_part_uncorrected_009,387.250000,-0.475000,-0.000000,0.624999,0.000000,0.000000,-0.000000,1.000000
probe_part_uncorrected_009,387.267000,-0.475000,-0.000000,0.624999,0.000000,0.000000,-0.000000,1.000000
probe_part_uncorrected_009,387.284000,-0.475000,-0.000000,0.624999,0.000000,0.000000,-0.000000,1.000000
probe_part_uncorrected_009,387.301000,-0.475000,-0.000000,0.624999,0.000000,0.000000,-0.000000,1.000000
probe_part_uncorrected_009,387.318000,-0.475000,-0.000000,0.624999,0.000000,0.000000,-0.000000,1.000000
probe_part_uncorrected_009,387.335000,-0.475000,-0.000000,0.624999,0.000000,0.000000,-0.000000,1.000000
probe_part_uncorrected_009,387.351000,-0.475000,-0.000000,0.624999,0.000000,0.000000,-0.000000,1.000000
probe_part_uncorrected_009,387.367000,-0.475000,-0.000000,0.624999,0.000000,0.000000,-0.000000,1.000000
probe_part_uncorrected_009,387.383000,-0.475000,-0.000000,0.624999,0.000000,0.000000,-0.000000,1.000000
probe_part_uncorrected_009,387.399000,-0.475000,-0.000000,0.624999,0.000000,0.000000,-0.000000,1.000000
probe_part_uncorrected_009,387.415000,-0.475000,-0.000000,0.624999,0.000000,0.000000,-0.000000,1.000000
probe_part_uncorrected_009,387.432000,-0.475000,-0.000000,0.624999,0.000000,0.000000,-0.000000,1.000000
probe_part_uncorrected_009,387.449000,-0.475000,-0.000000,0.624999,0.000000,0.000000,-0.000000,1.000000
probe_part_uncorrected_009,387.465000,-0.475000,-0.000000,0.624999,0.000000,0.000000,-0.000000,1.000000
probe_part_uncorrected_009,387.482000,-0.475000,-0.000000,0.624999,0.000000,0.000000,-0.000000,1.000000
probe_part_uncorrected_009,387.498000,-0.475000,-0.000000,0.624999,0.000000,0.000000,-0.000000,1.000000
probe_part_uncorrected_009,387.515000,-0.475000,-0.000000,0.624999,0.000000,0.000000,-0.000000,1.000000
probe_part_uncorrected_009,387.532000,-0.475000,-0.000000,0.624999,0.000000,0.000000,-0.000000,1.000000
probe_part_uncorrected_009,387.549000,-0.475000,-0.000000,0.624999,0.000000,0.000000,-0.000000,1.000000
probe_part_uncorrected_009,387.566000,-0.475000,-0.000000,0.624999,0.000000,0.000000,-0.000000,1.000000
probe_part_uncorrected_009,387.583000,-0.475000,-0.000000,0.624999,0.000000,0.000000,-0.000000,1.000000
probe_part_uncorrected_009,387.599000,-0.475000,-0.000000,0.624999,0.000000,0.000000,-0.000000,1.000000
probe_part_uncorrected_009,387.616000,-0.475000,-0.000000,0.624999,0.000000,0.000000,-0.000000,1.000000
probe_part_uncorrected_009,387.633000,-0.475000,-0.000000,0.624999,0.000000,0.000000,-0.000000,1.000000
probe_part_uncorrected_009,387.650000,-0.475000,-0.000000,0.624999,0.000000,0.000000,-0.000000,1.000000
probe_part_uncorrected_009,387.667000,-0.475000,-0.000000,0.624999,0.000000,0.000000,-0.000000,1.000000
probe_part_uncorrected_009,387.684000,-0.475000,-0.000000,0.624999,0.000000,0.000000,-0.000000,1.000000
probe_part_uncorrected_009,387.701000,-0.475000,-0.000000,0.624999,0.000000,0.000000,-0.000000,1.000000
probe_part_uncorrected_009,387.718000,-0.475000,-0.000000,0.624999,0.000000,0.000000,-0.000000,1.000000
probe_part_uncorrected_009,387.735000,-0.475000,-0.000000,0.624999,0.000000,0.000000,-0.000000,1.000000
probe_part_uncorrected_009,387.752000,-0.475000,-0.000000,0.624999,0.000000,0.000000,-0.000000,1.000000
probe_part_uncorrected_009,387.769000,-0.475000,-0.000000,0.624999,0.000000,0.000000,-0.000000,1.000000
probe_part_uncorrected_009,387.786000,-0.475000,-0.000000,0.624999,0.000000,0.000000,-0.000000,1.000000
probe_part_uncorrected_009,387.803000,-0.475000,-0.000000,0.624999,0.000000,0.000000,-0.000000,1.000000
probe_part_uncorrected_009,387.820000,-0.475000,-0.000000,0.624999,0.000000,0.000000,-0.000000,1.000000
probe_part_uncorrected_009,387.837000,-0.475000,-0.000000,0.624999,0.000000,0.000000,-0.000000,1.000000
probe_part_uncorrected_009,387.854000,-0.475000,-0.000000,0.624999,0.000000,0.000000,-0.000000,1.000000
probe_part_uncorrected_009,387.871000,-0.475000,-0.000000,0.624999,0.000000,0.000000,-0.000000,1.000000
probe_part_uncorrected_009,387.888000,-0.475000,-0.000000,0.624999,0.000000,0.000000,-0.000000,1.000000
probe_part_uncorrected_009,387.903000,-0.475000,-0.000000,0.624999,0.000000,0.000000,-0.000000,1.000000
probe_part_uncorrected_009,387.920000,-0.475000,-0.000000,0.624999,0.000000,0.000000,-0.000000,1.000000
probe_part_uncorrected_009,387.937000,-0.475000,-0.000000,0.624999,0.000000,0.000000,-0.000000,1.000000
probe_part_uncorrected_009,387.954000,-0.475000,-0.000000,0.624999,0.000000,0.000000,-0.000000,1.000000
probe_part_uncorrected_009,387.970000,-0.475000,-0.000000,0.624999,0.000000,0.000000,-0.000000,1.000000
probe_part_uncorrected_009,387.986000,-0.475000,-0.000000,0.624999,0.000000,0.000000,-0.000000,1.000000
probe_part_uncorrected_009,388.002000,-0.475000,-0.000000,0.624999,0.000000,0.000000,-0.000000,1.000000
probe_part_uncorrected_009,388.019000,-0.475000,-0.000000,0.624999,0.000000,0.000000,-0.000000,1.000000
probe_part_uncorrected_009,388.036000,-0.475000,-0.000000,0.624999,0.000000,0.000000,-0.000000,1.000000
probe_part_uncorrected_009,388.052000,-0.475000,-0.000000,0.624999,0.000000,0.000000,-0.000000,1.000000
probe_part_uncorrected_009,388.068000,-0.475000,-0.000000,0.624999,0.000000,0.000000,-0.000000,1.000000
probe_part_uncorrected_009,388.085000,-0.475000,-0.000000,0.624999,0.000000,0.000000,-0.000000,1.000000
probe_part_uncorrected_009,388.102000,-0.475000,-0.000000,0.624999,0.000000,0.000000,-0.000000,1.000000
probe_part_uncorrected_009,388.119000,-0.475000,-0.000000,0.624999,0.000000,0.000000,-0.000000,1.000000
probe_part_uncorrected_009,388.136000,-0.475000,-0.000000,0.624999,0.000000,0.000000,-0.000000,1.000000
probe_part_uncorrected_009,388.153000,-0.475000,-0.000000,0.624999,0.000000,0.000000,-0.000000,1.000000
probe_part_uncorrected_009,388.170000,-0.475000,-0.000000,0.624999,0.000000,0.000000,-0.000000,1.000000
probe_part_uncorrected_009,388.187000,-0.475000,-0.000000,0.624999,0.000000,0.000000,-0.000000,1.000000
probe_part_uncorrected_009,388.204000,-0.475000,-0.000000,0.624999,0.000000,0.000000,-0.000000,1.000000
probe_part_uncorrected_009,388.221000,-0.475000,-0.000000,0.624999,0.000000,0.000000,-0.000000,1.000000
probe_part_uncorrected_009,388.238000,-0.475000,-0.000000,0.624999,0.000000,0.000000,-0.000000,1.000000
probe_part_uncorrected_009,388.255000,-0.475000,-0.000000,0.624999,0.000000,0.000000,-0.000000,1.000000
probe_part_uncorrected_009,388.272000,-0.475000,-0.000000,0.624999,0.000000,0.000000,-0.000000,1.000000
probe_part_uncorrected_009,388.289000,-0.475000,-0.000000,0.624999,0.000000,0.000000,-0.000000,1.000000
probe_part_uncorrected_009,388.306000,-0.475000,-0.000000,0.624999,0.000000,0.000000,-0.000000,1.000000
probe_part_uncorrected_009,388.324000,-0.475000,-0.000000,0.624999,0.000000,0.000000,-0.000000,1.000000
probe_part_uncorrected_009,388.341000,-0.475000,-0.000000,0.624999,0.000000,0.000000,-0.000000,1.000000
probe_part_uncorrected_009,388.359000,-0.475000,-0.000000,0.624999,0.000000,0.000000,-0.000000,1.000000
probe_part_uncorrected_009,388.376000,-0.475000,-0.000000,0.624999,0.000000,0.000000,-0.000000,1.000000
probe_part_uncorrected_009,388.393000,-0.475000,-0.000000,0.624999,0.000000,0.000000,-0.000000,1.000000
probe_part_uncorrected_009,388.409000,-0.475000,-0.000000,0.624999,0.000000,0.000000,-0.000000,1.000000
probe_part_uncorrected_009,388.424000,-0.475000,-0.000000,0.624999,0.000000,0.000000,-0.000000,1.000000
probe_part_uncorrected_009,388.441000,-0.475000,-0.000000,0.624999,0.000000,0.000000,-0.000000,1.000000
probe_part_uncorrected_009,388.458000,-0.475000,-0.000000,0.624999,0.000000,0.000000,-0.000000,1.000000
probe_part_uncorrected_009,388.475000,-0.475000,-0.000000,0.624999,0.000000,0.000000,-0.000000,1.000000
probe_part_uncorrected_009,388.491000,-0.475000,-0.000000,0.624999,0.000000,0.000000,-0.000000,1.000000
probe_part_uncorrected_009,388.508000,-0.475000,-0.000000,0.624999,0.000000,0.000000,-0.000000,1.000000
probe_part_uncorrected_009,388.524000,-0.475000,-0.000000,0.624999,0.000000,0.000000,-0.000000,1.000000
probe_part_uncorrected_009,388.540000,-0.475000,-0.000000,0.624999,0.000000,0.000000,-0.000000,1.000000
probe_part_uncorrected_009,388.557000,-0.475000,-0.000000,0.624999,0.000000,0.000000,-0.000000,1.000000
probe_part_uncorrected_009,388.574000,-0.475000,-0.000000,0.624999,0.000000,0.000000,-0.000000,1.000000
probe_part_uncorrected_009,388.591000,-0.475000,-0.000000,0.624999,0.000000,0.000000,-0.000000,1.000000
probe_part_uncorrected_009,388.608000,-0.475000,-0.000000,0.624999,0.000000,0.000000,-0.000000,1.000000
probe_part_uncorrected_009,388.625000,-0.475000,-0.000000,0.624999,0.000000,0.000000,-0.000000,1.000000
probe_part_uncorrected_009,388.641000,-0.475000,-0.000000,0.624999,0.000000,0.000000,-0.000000,1.000000
probe_part_uncorrected_009,388.657000,-0.475000,-0.000000,0.624999,0.000000,0.000000,-0.000000,1.000000
probe_part_uncorrected_009,388.673000,-0.475000,-0.000000,0.624999,0.000000,0.000000,-0.000000,1.000000
probe_part_uncorrected_009,388.691000,-0.475000,-0.000000,0.624999,0.000000,0.000000,-0.000000,1.000000
probe_part_uncorrected_009,388.708000,-0.475000,-0.000000,0.624999,0.000000,0.000000,-0.000000,1.000000
probe_part_uncorrected_009,388.724000,-0.475000,-0.000000,0.624999,0.000000,0.000000,-0.000000,1.000000
probe_part_uncorrected_009,388.740000,-0.475000,-0.000000,0.624999,0.000000,0.000000,-0.000000,1.000000
probe_part_uncorrected_009,388.757000,-0.475000,-0.000000,0.624999,0.000000,0.000000,-0.000000,1.000000
probe_part_uncorrected_009,388.774000,-0.475000,-0.000000,0.624999,0.000000,0.000000,-0.000000,1.000000
probe_part_uncorrected_009,388.791000,-0.475000,-0.000000,0.624999,0.000000,0.000000,-0.000000,1.000000
probe_part_uncorrected_009,388.808000,-0.475000,-0.000000,0.624999,0.000000,0.000000,-0.000000,1.000000
probe_part_uncorrected_009,388.823000,-0.475000,-0.000000,0.624999,0.000000,0.000000,-0.000000,1.000000
probe_part_uncorrected_009,388.840000,-0.475000,-0.000000,0.624999,0.000000,0.000000,-0.000000,1.000000
probe_part_uncorrected_009,388.857000,-0.475000,-0.000000,0.624999,0.000000,0.000000,-0.000000,1.000000
probe_part_uncorrected_009,388.873000,-0.475000,-0.000000,0.624999,0.000000,0.000000,-0.000000,1.000000
probe_part_uncorrected_009,388.889000,-0.475000,-0.000000,0.624999,0.000000,0.000000,-0.000000,1.000000
probe_part_uncorrected_009,388.906000,-0.475000,-0.000000,0.624999,0.000000,0.000000,-0.000000,1.000000
probe_part_uncorrected_009,388.923000,-0.475000,-0.000000,0.624999,0.000000,0.000000,-0.000000,1.000000
probe_part_uncorrected_009,388.940000,-0.475000,-0.000000,0.624999,0.000000,0.000000,-0.000000,1.000000
probe_part_uncorrected_009,388.956000,-0.475000,-0.000000,0.624999,0.000000,0.000000,-0.000000,1.000000
probe_part_uncorrected_009,388.972000,-0.475000,-0.000000,0.624999,0.000000,0.000000,-0.000000,1.000000
probe_part_uncorrected_009,388.989000,-0.475000,-0.000000,0.624999,0.000000,0.000000,-0.000000,1.000000
probe_part_uncorrected_009,389.005000,-0.475000,-0.000000,0.624999,0.000000,0.000000,-0.000000,1.000000
probe_part_uncorrected_009,389.021000,-0.475000,-0.000000,0.624999,0.000000,0.000000,-0.000000,1.000000
probe_part_uncorrected_009,389.038000,-0.475000,-0.000000,0.624999,0.000000,0.000000,-0.000000,1.000000
probe_part_uncorrected_009,389.054000,-0.475000,-0.000000,0.624999,0.000000,0.000000,-0.000000,1.000000
probe_part_uncorrected_009,389.071000,-0.475000,-0.000000,0.624999,0.000000,0.000000,-0.000000,1.000000
probe_part_uncorrected_009,389.088000,-0.475000,-0.000000,0.624999,0.000000,0.000000,-0.000000,1.000000
probe_part_uncorrected_009,389.105000,-0.475000,-0.000000,0.624999,0.000000,0.000000,-0.000000,1.000000
probe_part_uncorrected_009,389.122000,-0.475000,-0.000000,0.624999,0.000000,0.000000,-0.000000,1.000000
probe_part_uncorrected_009,389.138000,-0.475000,-0.000000,0.624999,0.000000,0.000000,-0.000000,1.000000
probe_part_uncorrected_009,389.154000,-0.475000,-0.000000,0.624999,0.000000,0.000000,-0.000000,1.000000
probe_part_uncorrected_009,389.170000,-0.475000,-0.000000,0.624999,0.000000,0.000000,-0.000000,1.000000
probe_part_uncorrected_009,389.187000,-0.475000,-0.000000,0.624999,0.000000,0.000000,-0.000000,1.000000
probe_part_uncorrected_009,389.204000,-0.475000,-0.000000,0.624999,0.000000,0.000000,-0.000000,1.000000
probe_part_uncorrected_009,389.221000,-0.475000,-0.000000,0.624999,0.000000,0.000000,-0.000000,1.000000
probe_part_uncorrected_009,389.238000,-0.475000,-0.000000,0.624999,0.000000,0.000000,-0.000000,1.000000
probe_part_uncorrected_009,389.256000,-0.475000,-0.000000,0.624999,0.000000,0.000000,-0.000000,1.000000
probe_part_uncorrected_009,389.273000,-0.475000,-0.000000,0.624999,0.000000,0.000000,-0.000000,1.000000
probe_part_uncorrected_009,389.290000,-0.475000,-0.000000,0.624999,0.000000,0.000000,-0.000000,1.000000
probe_part_uncorrected_009,389.307000,-0.475000,-0.000000,0.624999,0.000000,0.000000,-0.000000,1.000000
probe_part_uncorrected_009,389.324000,-0.475000,-0.000000,0.624999,0.000000,0.000000,-0.000000,1.000000
probe_part_uncorrected_009,389.341000,-0.475000,-0.000000,0.624999,0.000000,0.000000,-0.000000,1.000000
probe_part_uncorrected_009,389.356000,-0.475000,-0.000000,0.624999,0.000000,0.000000,-0.000000,1.000000
probe_part_uncorrected_009,389.372000,-0.475000,-0.000000,0.624999,0.000000,0.000000,-0.000000,1.000000
probe_part_uncorrected_009,389.389000,-0.475000,-0.000000,0.624999,0.000000,0.000000,-0.000000,1.000000
probe_part_uncorrected_009,389.405000,-0.475000,-0.000000,0.624999,0.000000,0.000000,-0.000000,1.000000
probe_part_uncorrected_009,389.422000,-0.475000,-0.000000,0.624999,0.000000,0.000000,-0.000000,1.000000
probe_part_uncorrected_009,389.439000,-0.475000,-0.000000,0.624999,0.000000,0.000000,-0.000000,1.000000
probe_part_uncorrected_009,389.456000,-0.475000,-0.000000,0.624999,0.000000,0.000000,-0.000000,1.000000
probe_part_uncorrected_009,389.473000,-0.475000,-0.000000,0.624999,0.000000,0.000000,-0.000000,1.000000
probe_part_uncorrected_009,389.490000,-0.475000,-0.000000,0.624999,0.000000,0.000000,-0.000000,1.000000
probe_part_uncorrected_009,389.505000,-0.475000,-0.000000,0.624999,0.000000,0.000000,-0.000000,1.000000
probe_part_uncorrected_009,389.519000,-0.475000,-0.000000,0.624999,0.000000,0.000000,-0.000000,1.000000
probe_part_uncorrected_009,389.534000,-0.475000,-0.000000,0.624999,0.000000,0.000000,-0.000000,1.000000
probe_part_uncorrected_009,389.549000,-0.475000,-0.000000,0.624999,0.000000,0.000000,-0.000000,1.000000
probe_part_uncorrected_009,389.564000,-0.475000,-0.000000,0.624999,0.000000,0.000000,-0.000000,1.000000
probe_part_uncorrected_009,389.580000,-0.475000,-0.000000,0.624999,0.000000,0.000000,-0.000000,1.000000
probe_part_uncorrected_009,389.597000,-0.475000,-0.000000,0.624999,0.000000,0.000000,-0.000000,1.000000
probe_part_uncorrected_009,389.614000,-0.475000,-0.000000,0.624999,0.000000,0.000000,-0.000000,1.000000
probe_part_uncorrected_009,389.631000,-0.475000,-0.000000,0.624999,0.000000,0.000000,-0.000000,1.000000
probe_part_uncorrected_009,389.648000,-0.475000,-0.000000,0.624999,0.000000,0.000000,-0.000000,1.000000
probe_part_uncorrected_009,389.665000,-0.475000,-0.000000,0.624999,0.000000,0.000000,-0.000000,1.000000
probe_part_uncorrected_009,389.683000,-0.475000,-0.000000,0.624999,0.000000,0.000000,-0.000000,1.000000
probe_part_uncorrected_009,389.700000,-0.475000,-0.000000,0.624999,0.000000,0.000000,-0.000000,1.000000
probe_part_uncorrected_009,389.717000,-0.475000,-0.000000,0.624999,0.000000,0.000000,-0.000000,1.000000
probe_part_uncorrected_009,389.734000,-0.475000,-0.000000,0.624999,0.000000,0.000000,-0.000000,1.000000
probe_part_uncorrected_009,389.751000,-0.475000,-0.000000,0.624999,0.000000,0.000000,-0.000000,1.000000
probe_part_uncorrected_009,389.768000,-0.475000,-0.000000,0.624999,0.000000,0.000000,-0.000000,1.000000
probe_part_uncorrected_009,389.785000,-0.475000,-0.000000,0.624999,0.000000,0.000000,-0.000000,1.000000
probe_part_uncorrected_009,389.802000,-0.475000,-0.000000,0.624999,0.000000,0.000000,-0.000000,1.000000
probe_part_uncorrected_009,389.819000,-0.475000,-0.000000,0.624999,0.000000,0.000000,-0.000000,1.000000
probe_part_uncorrected_009,389.835000,-0.475000,-0.000000,0.624999,0.000000,0.000000,-0.000000,1.000000
probe_part_uncorrected_009,389.852000,-0.475000,-0.000000,0.624999,0.000000,0.000000,-0.000000,1.000000
probe_part_uncorrected_009,389.867000,-0.475000,-0.000000,0.624999,0.000000,0.000000,-0.000000,1.000000
probe_part_uncorrected_009,389.884000,-0.475000,-0.000000,0.624999,0.000000,0.000000,-0.000000,1.000000
probe_part_uncorrected_009,389.900000,-0.475000,-0.000000,0.624999,0.000000,0.000000,-0.000000,1.000000
probe_part_uncorrected_009,389.917000,-0.475000,-0.000000,0.624999,0.000000,0.000000,-0.000000,1.000000
probe_part_uncorrected_009,389.934000,-0.475000,-0.000000,0.624999,0.000000,0.000000,-0.000000,1.000000
probe_part_uncorrected_009,389.950000,-0.475000,-0.000000,0.624999,0.000000,0.000000,-0.000000,1.000000
probe_part_uncorrected_009,389.967000,-0.475000,-0.000000,0.624999,0.000000,0.000000,-0.000000,1.000000
probe_part_uncorrected_009,389.983000,-0.475000,-0.000000,0.624999,0.000000,0.000000,-0.000000,1.000000
probe_part_uncorrected_009,389.999000,-0.475000,-0.000000,0.624999,0.000000,0.000000,-0.000000,1.000000
probe_part_uncorrected_009,390.015000,-0.475000,-0.000000,0.624999,0.000000,0.000000,-0.000000,1.000000
probe_part_uncorrected_009,390.029000,-0.475000,-0.000000,0.624999,0.000000,0.000000,-0.000000,1.000000
probe_part_uncorrected_009,390.046000,-0.475000,-0.000000,0.624999,0.000000,0.000000,-0.000000,1.000000
probe_part_uncorrected_009,390.063000,-0.475000,-0.000000,0.624999,0.000000,0.000000,-0.000000,1.000000
probe_part_uncorrected_009,390.080000,-0.475000,-0.000000,0.624999,0.000000,0.000000,-0.000000,1.000000
probe_part_uncorrected_009,390.097000,-0.475000,-0.000000,0.624999,0.000000,0.000000,-0.000000,1.000000
probe_part_uncorrected_009,390.114000,-0.475000,-0.000000,0.624999,0.000000,0.000000,-0.000000,1.000000
probe_part_uncorrected_009,390.131000,-0.475000,-0.000000,0.624999,0.000000,0.000000,-0.000000,1.000000
probe_part_uncorrected_009,390.147000,-0.475000,-0.000000,0.624999,0.000000,0.000000,-0.000000,1.000000
probe_part_uncorrected_009,390.161000,-0.475000,-0.000000,0.624999,0.000000,0.000000,-0.000000,1.000000
probe_part_uncorrected_009,390.177000,-0.475000,-0.000000,0.624999,0.000000,0.000000,-0.000000,1.000000
probe_part_uncorrected_009,390.194000,-0.475000,-0.000000,0.624999,0.000000,0.000000,-0.000000,1.000000
probe_part_uncorrected_009,390.211000,-0.475000,-0.000000,0.624999,0.000000,0.000000,-0.000000,1.000000
probe_part_uncorrected_009,390.228000,-0.475000,-0.000000,0.624999,0.000000,0.000000,-0.000000,1.000000
probe_part_uncorrected_009,390.246000,-0.475000,-0.000000,0.624999,0.000000,0.000000,-0.000000,1.000000
probe_part_uncorrected_009,390.263000,-0.475000,-0.000000,0.624999,0.000000,0.000000,-0.000000,1.000000
probe_part_uncorrected_009,390.280000,-0.475000,-0.000000,0.624999,0.000000,0.000000,-0.000000,1.000000
probe_part_uncorrected_009,390.297000,-0.475000,-0.000000,0.624999,0.000000,0.000000,-0.000000,1.000000
probe_part_uncorrected_009,390.314000,-0.475000,-0.000000,0.624999,0.000000,0.000000,-0.000000,1.000000
probe_part_uncorrected_009,390.331000,-0.475000,-0.000000,0.624999,0.000000,0.000000,-0.000000,1.000000
probe_part_uncorrected_009,390.349000,-0.475000,-0.000000,0.624999,0.000000,0.000000,-0.000000,1.000000
probe_part_uncorrected_009,390.367000,-0.475000,-0.000000,0.624999,0.000000,0.000000,-0.000000,1.000000
probe_part_uncorrected_009,390.385000,-0.475000,-0.000000,0.624999,0.000000,0.000000,-0.000000,1.000000
probe_part_uncorrected_009,390.403000,-0.475000,-0.000000,0.624999,0.000000,0.000000,-0.000000,1.000000
probe_part_uncorrected_009,390.420000,-0.475000,-0.000000,0.624999,0.000000,0.000000,-0.000000,1.000000
probe_part_uncorrected_009,390.437000,-0.475000,-0.000000,0.624999,0.000000,0.000000,-0.000000,1.000000
probe_part_uncorrected_009,390.454000,-0.475000,-0.000000,0.624999,0.000000,0.000000,-0.000000,1.000000
probe_part_uncorrected_009,390.471000,-0.475000,-0.000000,0.624999,0.000000,0.000000,-0.000000,1.000000
probe_part_uncorrected_009,390.487000,-0.475000,-0.000000,0.624999,0.000000,0.000000,-0.000000,1.000000
probe_part_uncorrected_009,390.503000,-0.475000,-0.000000,0.624999,0.000000,0.000000,-0.000000,1.000000
probe_part_uncorrected_009,390.519000,-0.475000,-0.000000,0.624999,0.000000,0.000000,-0.000000,1.000000
probe_part_uncorrected_009,390.536000,-0.475000,-0.000000,0.624999,0.000000,0.000000,-0.000000,1.000000
probe_part_uncorrected_009,390.553000,-0.475000,-0.000000,0.624999,0.000000,0.000000,-0.000000,1.000000
probe_part_uncorrected_009,390.570000,-0.475000,-0.000000,0.624999,0.000000,0.000000,-0.000000,1.000000
probe_part_uncorrected_009,390.587000,-0.475000,-0.000000,0.624999,0.000000,0.000000,-0.000000,1.000000
probe_part_uncorrected_009,390.604000,-0.475000,-0.000000,0.624999,0.000000,0.000000,-0.000000,1.000000
probe_part_uncorrected_009,390.621000,-0.475000,-0.000000,0.624999,0.000000,0.000000,-0.000000,1.000000
probe_part_uncorrected_009,390.637000,-0.475000,-0.000000,0.624999,0.000000,0.000000,-0.000000,1.000000
probe_part_uncorrected_009,390.654000,-0.475000,-0.000000,0.624999,0.000000,0.000000,-0.000000,1.000000
probe_part_uncorrected_009,390.671000,-0.475000,-0.000000,0.624999,0.000000,0.000000,-0.000000,1.000000
probe_part_uncorrected_009,390.687000,-0.475000,-0.000000,0.624999,0.000000,0.000000,-0.000000,1.000000
probe_part_uncorrected_009,390.704000,-0.475000,-0.000000,0.624999,0.000000,0.000000,-0.000000,1.000000
probe_part_uncorrected_009,390.721000,-0.475000,-0.000000,0.624999,0.000000,0.000000,-0.000000,1.000000
probe_part_uncorrected_009,390.738000,-0.475000,-0.000000,0.624999,0.000000,0.000000,-0.000000,1.000000
probe_part_uncorrected_009,390.755000,-0.475000,-0.000000,0.624999,0.000000,0.000000,-0.000000,1.000000
probe_part_uncorrected_009,390.772000,-0.475000,-0.000000,0.624999,0.000000,0.000000,-0.000000,1.000000
probe_part_uncorrected_009,390.789000,-0.475000,-0.000000,0.624999,0.000000,0.000000,-0.000000,1.000000
probe_part_uncorrected_009,390.804000,-0.475000,-0.000000,0.624999,0.000000,0.000000,-0.000000,1.000000
probe_part_uncorrected_009,390.821000,-0.475000,-0.000000,0.624999,0.000000,0.000000,-0.000000,1.000000
probe_part_uncorrected_009,390.838000,-0.475000,-0.000000,0.624999,0.000000,0.000000,-0.000000,1.000000
probe_part_uncorrected_009,390.855000,-0.475000,-0.000000,0.624999,0.000000,0.000000,-0.000000,1.000000
probe_part_uncorrected_009,390.873000,-0.475000,-0.000000,0.624999,0.000000,0.000000,-0.000000,1.000000
probe_part_uncorrected_009,390.891000,-0.475000,-0.000000,0.624999,0.000000,0.000000,-0.000000,1.000000
probe_part_uncorrected_009,390.908000,-0.475000,-0.000000,0.624999,0.000000,0.000000,-0.000000,1.000000
probe_part_uncorrected_009,390.925000,-0.475000,-0.000000,0.624999,0.000000,0.000000,-0.000000,1.000000
probe_part_uncorrected_009,390.942000,-0.475000,-0.000000,0.624999,0.000000,0.000000,-0.000000,1.000000
probe_part_uncorrected_009,390.959000,-0.475000,-0.000000,0.624999,0.000000,0.000000,-0.000000,1.000000
probe_part_uncorrected_009,390.976000,-0.475000,-0.000000,0.624999,0.000000,0.000000,-0.000000,1.000000
probe_part_uncorrected_009,390.993000,-0.475000,-0.000000,0.624999,0.000000,0.000000,-0.000000,1.000000
probe_part_uncorrected_009,391.010000,-0.475000,-0.000000,0.624999,0.000000,0.000000,-0.000000,1.000000
probe_part_uncorrected_009,391.027000,-0.475000,-0.000000,0.624999,0.000000,0.000000,-0.000000,1.000000
probe_part_uncorrected_009,391.044000,-0.475000,-0.000000,0.624999,0.000000,0.000000,-0.000000,1.000000
probe_part_uncorrected_009,391.061000,-0.475000,-0.000000,0.624999,0.000000,0.000000,-0.000000,1.000000
probe_part_uncorrected_009,391.077000,-0.475000,-0.000000,0.624999,0.000000,0.000000,-0.000000,1.000000
probe_part_uncorrected_009,391.093000,-0.475000,-0.000000,0.624999,0.000000,0.000000,-0.000000,1.000000
probe_part_uncorrected_009,391.108000,-0.475000,-0.000000,0.624999,0.000000,0.000000,-0.000000,1.000000
probe_part_uncorrected_009,391.125000,-0.475000,-0.000000,0.624999,0.000000,0.000000,-0.000000,1.000000
probe_part_uncorrected_009,391.142000,-0.475000,-0.000000,0.624999,0.000000,0.000000,-0.000000,1.000000
probe_part_uncorrected_009,391.159000,-0.475000,-0.000000,0.624999,0.000000,0.000000,-0.000000,1.000000
probe_part_uncorrected_009,391.176000,-0.475000,-0.000000,0.624999,0.000000,0.000000,-0.000000,1.000000
probe_part_uncorrected_009,391.193000,-0.475000,-0.000000,0.624999,0.000000,0.000000,-0.000000,1.000000
probe_part_uncorrected_009,391.210000,-0.475000,-0.000000,0.624999,0.000000,0.000000,-0.000000,1.000000
probe_part_uncorrected_009,391.228000,-0.475000,-0.000000,0.624999,0.000000,0.000000,-0.000000,1.000000
probe_part_uncorrected_009,391.245000,-0.475000,-0.000000,0.624999,0.000000,0.000000,-0.000000,1.000000
probe_part_uncorrected_009,391.262000,-0.475000,-0.000000,0.624999,0.000000,0.000000,-0.000000,1.000000
probe_part_uncorrected_009,391.279000,-0.475000,-0.000000,0.624999,0.000000,0.000000,-0.000000,1.000000
probe_part_uncorrected_009,391.296000,-0.475000,-0.000000,0.624999,0.000000,0.000000,-0.000000,1.000000
probe_part_uncorrected_009,391.312000,-0.475000,-0.000000,0.624999,0.000000,0.000000,-0.000000,1.000000
probe_part_uncorrected_009,391.328000,-0.475000,-0.000000,0.624999,0.000000,0.000000,-0.000000,1.000000
probe_part_uncorrected_009,391.345000,-0.475000,-0.000000,0.624999,0.000000,0.000000,-0.000000,1.000000
probe_part_uncorrected_009,391.357000,-0.475000,-0.000000,0.624999,0.000000,0.000000,-0.000000,1.000000
probe_part_uncorrected_009,391.374000,-0.475000,-0.000000,0.624999,0.000000,0.000000,-0.000000,1.000000
probe_part_uncorrected_009,391.391000,-0.475000,-0.000000,0.624999,0.000000,0.000000,-0.000000,1.000000
probe_part_uncorrected_009,391.408000,-0.475000,-0.000000,0.624999,0.000000,0.000000,-0.000000,1.000000
probe_part_uncorrected_009,391.427000,-0.475000,-0.000000,0.624999,0.000000,0.000000,-0.000000,1.000000
probe_part_uncorrected_009,391.442000,-0.475000,-0.000000,0.624999,0.000000,0.000000,-0.000000,1.000000
probe_part_uncorrected_009,391.459000,-0.475000,-0.000000,0.624999,0.000000,0.000000,-0.000000,1.000000
probe_part_uncorrected_009,391.476000,-0.475000,-0.000000,0.624999,0.000000,0.000000,-0.000000,1.000000
probe_part_uncorrected_009,391.492000,-0.475000,-0.000000,0.624999,0.000000,0.000000,-0.000000,1.000000
probe_part_uncorrected_009,391.509000,-0.475000,-0.000000,0.624999,0.000000,0.000000,-0.000000,1.000000
probe_part_uncorrected_009,391.526000,-0.475000,-0.000000,0.624999,0.000000,0.000000,-0.000000,1.000000
probe_part_uncorrected_009,391.542000,-0.475000,-0.000000,0.624999,0.000000,0.000000,-0.000000,1.000000
probe_part_uncorrected_009,391.558000,-0.475000,-0.000000,0.624999,0.000000,0.000000,-0.000000,1.000000
probe_part_uncorrected_009,391.574000,-0.475000,-0.000000,0.624999,0.000000,0.000000,-0.000000,1.000000
probe_part_uncorrected_009,391.591000,-0.475000,-0.000000,0.624999,0.000000,0.000000,-0.000000,1.000000
probe_part_uncorrected_009,391.608000,-0.475000,-0.000000,0.624999,0.000000,0.000000,-0.000000,1.000000
probe_part_uncorrected_009,391.625000,-0.475000,-0.000000,0.624999,0.000000,0.000000,-0.000000,1.000000
probe_part_uncorrected_009,391.642000,-0.475000,-0.000000,0.624999,0.000000,0.000000,-0.000000,1.000000
probe_part_uncorrected_009,391.659000,-0.475000,-0.000000,0.624999,0.000000,0.000000,-0.000000,1.000000
probe_part_uncorrected_009,391.676000,-0.475000,-0.000000,0.624999,0.000000,0.000000,-0.000000,1.000000
probe_part_uncorrected_009,391.693000,-0.475000,-0.000000,0.624999,0.000000,0.000000,-0.000000,1.000000
probe_part_uncorrected_009,391.710000,-0.475000,-0.000000,0.624999,0.000000,0.000000,-0.000000,1.000000
probe_part_uncorrected_009,391.727000,-0.475000,-0.000000,0.624999,0.000000,0.000000,-0.000000,1.000000
probe_part_uncorrected_009,391.744000,-0.475000,-0.000000,0.624999,0.000000,0.000000,-0.000000,1.000000
probe_part_uncorrected_009,391.761000,-0.475000,-0.000000,0.624999,0.000000,0.000000,-0.000000,1.000000
probe_part_uncorrected_009,391.778000,-0.475000,-0.000000,0.624999,0.000000,0.000000,-0.000000,1.000000
probe_part_uncorrected_009,391.794000,-0.475000,-0.000000,0.624999,0.000000,0.000000,-0.000000,1.000000
probe_part_uncorrected_009,391.810000,-0.475000,-0.000000,0.624999,0.000000,0.000000,-0.000000,1.000000
probe_part_uncorrected_009,391.824000,-0.475000,-0.000000,0.624999,0.000000,0.000000,-0.000000,1.000000
probe_part_uncorrected_009,391.840000,-0.475000,-0.000000,0.624999,0.000000,0.000000,-0.000000,1.000000
probe_part_uncorrected_009,391.857000,-0.475000,-0.000000,0.624999,0.000000,0.000000,-0.000000,1.000000
probe_part_uncorrected_009,391.872000,-0.475000,-0.000000,0.624999,0.000000,0.000000,-0.000000,1.000000
probe_part_uncorrected_009,391.889000,-0.475000,-0.000000,0.624999,0.000000,0.000000,-0.000000,1.000000
probe_part_uncorrected_009,391.906000,-0.475000,-0.000000,0.624999,0.000000,0.000000,-0.000000,1.000000
probe_part_uncorrected_009,391.922000,-0.475000,-0.000000,0.624999,0.000000,0.000000,-0.000000,1.000000
probe_part_uncorrected_009,391.939000,-0.475000,-0.000000,0.624999,0.000000,0.000000,-0.000000,1.000000
probe_part_uncorrected_009,391.955000,-0.475000,-0.000000,0.624999,0.000000,0.000000,-0.000000,1.000000
probe_part_uncorrected_009,391.969000,-0.475000,-0.000000,0.624999,0.000000,0.000000,-0.000000,1.000000
probe_part_uncorrected_009,391.981000,-0.475000,-0.000000,0.624999,0.000000,0.000000,-0.000000,1.000000
probe_part_uncorrected_009,391.995000,-0.475000,-0.000000,0.624999,0.000000,0.000000,-0.000000,1.000000
probe_part_uncorrected_009,392.007000,-0.475000,-0.000000,0.624999,0.000000,0.000000,-0.000000,1.000000
probe_part_uncorrected_009,392.023000,-0.475000,-0.000000,0.624999,0.000000,0.000000,-0.000000,1.000000
probe_part_uncorrected_009,392.040000,-0.475000,-0.000000,0.624999,0.000000,0.000000,-0.000000,1.000000
probe_part_uncorrected_009,392.057000,-0.475000,-0.000000,0.624999,0.000000,0.000000,-0.000000,1.000000
probe_part_uncorrected_009,392.074000,-0.475000,-0.000000,0.624999,0.000000,0.000000,-0.000000,1.000000
probe_part_uncorrected_009,392.091000,-0.475000,-0.000000,0.624999,0.000000,0.000000,-0.000000,1.000000
probe_part_uncorrected_009,392.108000,-0.475000,-0.000000,0.624999,0.000000,0.000000,-0.000000,1.000000
probe_part_uncorrected_009,392.125000,-0.475000,-0.000000,0.624999,0.000000,0.000000,-0.000000,1.000000
probe_part_uncorrected_009,392.142000,-0.475000,-0.000000,0.624999,0.000000,0.000000,-0.000000,1.000000
probe_part_uncorrected_009,392.159000,-0.475000,-0.000000,0.624999,0.000000,0.000000,-0.000000,1.000000
probe_part_uncorrected_009,392.176000,-0.475000,-0.000000,0.624999,0.000000,0.000000,-0.000000,1.000000
probe_part_uncorrected_009,392.194000,-0.475000,-0.000000,0.624999,0.000000,0.000000,-0.000000,1.000000
probe_part_uncorrected_009,392.211000,-0.475000,-0.000000,0.624999,0.000000,0.000000,-0.000000,1.000000
probe_part_uncorrected_009,392.228000,-0.475000,-0.000000,0.624999,0.000000,0.000000,-0.000000,1.000000
probe_part_uncorrected_009,392.245000,-0.475000,-0.000000,0.624999,0.000000,0.000000,-0.000000,1.000000
probe_part_uncorrected_009,392.262000,-0.475000,-0.000000,0.624999,0.000000,0.000000,-0.000000,1.000000
probe_part_uncorrected_009,392.278000,-0.475000,-0.000000,0.624999,0.000000,0.000000,-0.000000,1.000000
probe_part_uncorrected_009,392.293000,-0.475000,-0.000000,0.624999,0.000000,0.000000,-0.000000,1.000000
probe_part_uncorrected_009,392.309000,-0.475000,-0.000000,0.624999,0.000000,0.000000,-0.000000,1.000000
probe_part_uncorrected_009,392.325000,-0.475000,-0.000000,0.624999,0.000000,0.000000,-0.000000,1.000000
probe_part_uncorrected_009,392.342000,-0.475000,-0.000000,0.624999,0.000000,0.000000,-0.000000,1.000000
probe_part_uncorrected_009,392.359000,-0.475000,-0.000000,0.624999,0.000000,0.000000,-0.000000,1.000000
probe_part_uncorrected_009,392.376000,-0.475000,-0.000000,0.624999,0.000000,0.000000,-0.000000,1.000000
probe_part_uncorrected_009,392.393000,-0.475000,-0.000000,0.624999,0.000000,0.000000,-0.000000,1.000000
probe_part_uncorrected_009,392.410000,-0.475000,-0.000000,0.624999,0.000000,0.000000,-0.000000,1.000000
probe_part_uncorrected_009,392.427000,-0.475000,-0.000000,0.624999,0.000000,0.000000,-0.000000,1.000000
probe_part_uncorrected_009,392.444000,-0.475000,-0.000000,0.624999,0.000000,0.000000,-0.000000,1.000000
probe_part_uncorrected_009,392.461000,-0.475000,-0.000000,0.624999,0.000000,0.000000,-0.000000,1.000000
probe_part_uncorrected_009,392.468000,-0.475000,-0.000000,0.624999,0.000000,0.000000,-0.000000,1.000000
probe_part_uncorrected_009,392.480000,-0.475000,0.000304,0.625000,0.000009,0.000000,-0.000000,1.000000
probe_part_uncorrected_009,392.489000,-0.475111,0.000219,0.625026,0.000417,0.000125,-0.000001,1.000000
probe_part_uncorrected_009,392.496000,-0.475133,0.000205,0.625018,0.000329,0.000143,-0.000080,1.000000
probe_part_uncorrected_009,392.503000,-0.475150,0.000204,0.625021,0.000364,0.000160,-0.000079,1.000000
probe_part_uncorrected_009,392.508000,-0.475156,0.000217,0.625021,0.000350,0.000165,-0.000076,1.000000
probe_part_uncorrected_009,392.518000,-0.475167,0.000234,0.625015,0.000230,0.000158,-0.000134,1.000000
probe_part_uncorrected_009,392.528000,-0.475177,0.000251,0.625014,0.000213,0.000165,-0.000129,1.000000
probe_part_uncorrected_009,392.539000,-0.475172,0.000254,0.625006,0.000206,0.000006,-0.000123,1.000000
probe_part_uncorrected_009,392.550000,-0.475174,0.000251,0.625007,0.000213,0.000007,-0.000117,1.000000
probe_part_uncorrected_009,392.561000,-0.475173,0.000243,0.625008,0.000229,0.000006,-0.000113,1.000000
probe_part_uncorrected_009,392.571000,-0.475172,0.000234,0.625009,0.000245,0.000006,-0.000110,1.000000
probe_part_uncorrected_009,392.581000,-0.475170,0.000225,0.625010,0.000258,0.000006,-0.000108,1.000000
probe_part_uncorrected_009,392.592000,-0.475168,0.000223,0.625007,0.000143,0.000040,-0.000111,1.000000
probe_part_uncorrected_009,392.602000,-0.475162,0.000223,0.625000,0.000142,-0.000102,-0.000106,1.000000
probe_part_uncorrected_009,392.613000,-0.475164,0.000218,0.625001,0.000154,-0.000091,-0.000102,1.000000
probe_part_uncorrected_009,392.624000,-0.475163,0.000209,0.625003,0.000172,-0.000087,-0.000099,1.000000
probe_part_uncorrected_009,392.635000,-0.475161,0.000201,0.625004,0.000186,-0.000085,-0.000097,1.000000
probe_part_uncorrected_009,392.645000,-0.475160,0.000195,0.625005,0.000195,-0.000085,-0.000095,1.000000
probe_part_uncorrected_009,392.654000,-0.475162,0.000197,0.624999,0.000214,0.000080,-0.000038,1.000000
probe_part_uncorrected_009,392.662000,-0.475169,0.000198,0.624995,0.000082,0.000106,-0.000077,1.000000
probe_part_uncorrected_009,392.671000,-0.475182,0.000184,0.624998,0.000133,0.000115,-0.000092,1.000000
probe_part_uncorrected_009,392.681000,-0.475186,0.000185,0.624999,0.000142,0.000115,-0.000088,1.000000
probe_part_uncorrected_009,392.691000,-0.475186,0.000182,0.624988,0.000009,-0.000003,-0.000102,1.000000
probe_part_uncorrected_009,392.701000,-0.475187,0.000173,0.624991,0.000034,-0.000001,-0.000101,1.000000
probe_part_uncorrected_009,392.711000,-0.475186,0.000170,0.624992,0.000045,-0.000002,-0.000100,1.000000
probe_part_uncorrected_009,392.721000,-0.475184,0.000166,0.624993,0.000054,-0.000002,-0.000099,1.000000
probe_part_uncorrected_009,392.731000,-0.475182,0.000162,0.624995,0.000062,-0.000003,-0.000099,1.000000
probe_part_uncorrected_009,392.740000,-0.475178,0.000160,0.624995,0.000050,0.000008,-0.000106,1.000000
probe_part_uncorrected_009,392.750000,-0.475181,0.000154,0.624996,0.000074,0.000010,-0.000105,1.000000
probe_part_uncorrected_009,392.756000,-0.475181,0.000153,0.624997,0.000081,0.000010,-0.000104,1.000000
probe_part_uncorrected_009,392.765000,-0.475180,0.000151,0.624998,0.000088,0.000010,-0.000103,1.000000
probe_part_uncorrected_009,392.775000,-0.475179,0.000149,0.624999,0.000093,0.000009,-0.000102,1.000000
probe_part_uncorrected_009,392.785000,-0.475182,0.000151,0.624995,-0.000062,0.000039,-0.000140,1.000000
probe_part_uncorrected_009,392.794000,-0.475183,0.000143,0.624996,-0.000039,0.000039,-0.000139,1.000000
probe_part_uncorrected_009,392.804000,-0.475184,0.000136,0.624997,-0.000030,0.000052,-0.000147,1.000000
probe_part_uncorrected_009,392.813000,-0.475184,0.000132,0.624997,-0.000016,0.000051,-0.000146,1.000000
probe_part_uncorrected_009,392.823000,-0.475185,0.000128,0.624998,-0.000019,0.000052,-0.000184,1.000000
probe_part_uncorrected_009,392.833000,-0.475186,0.000128,0.624998,-0.000012,0.000049,-0.000180,1.000000
probe_part_uncorrected_009,392.843000,-0.475189,0.000129,0.624996,-0.000039,0.000033,-0.000227,1.000000
probe_part_uncorrected_009,392.853000,-0.475190,0.000129,0.624997,-0.000029,0.000031,-0.000223,1.000000
probe_part_uncorrected_009,392.863000,-0.475189,0.000127,0.624997,-0.000021,0.000029,-0.000221,1.000000
probe_part_uncorrected_009,392.873000,-0.475186,0.000127,0.624997,-0.000037,0.000041,-0.000242,1.000000
probe_part_uncorrected_009,392.883000,-0.475193,0.000132,0.624997,-0.000038,0.000043,-0.000271,1.000000
probe_part_uncorrected_009,392.893000,-0.475196,0.000133,0.624997,-0.000029,0.000038,-0.000267,1.000000
probe_part_uncorrected_009,392.903000,-0.475196,0.000132,0.624997,-0.000021,0.000034,-0.000263,1.000000
probe_part_uncorrected_009,392.911000,-0.475195,0.000130,0.624998,-0.000014,0.000031,-0.000261,1.000000
probe_part_uncorrected_009,392.920000,-0.475193,0.000127,0.624998,-0.000005,0.000029,-0.000260,1.000000
probe_part_uncorrected_009,392.930000,-0.475196,0.000136,0.624997,-0.000033,0.000043,-0.000301,1.000000
probe_part_uncorrected_009,392.939000,-0.475202,0.000146,0.624996,-0.000042,0.000040,-0.000324,1.000000
probe_part_uncorrected_009,392.949000,-0.475208,0.000153,0.624996,-0.000039,0.000043,-0.000320,1.000000
probe_part_uncorrected_009,392.958000,-0.475212,0.000160,0.624995,-0.000040,0.000035,-0.000338,1.000000
probe_part_uncorrected_009,392.968000,-0.475218,0.000169,0.624995,-0.000043,0.000051,-0.000344,1.000000
probe_part_uncorrected_009,392.978000,-0.475224,0.000175,0.624996,-0.000038,0.000054,-0.000339,1.000000
probe_part_uncorrected_009,392.987000,-0.475229,0.000183,0.624995,-0.000030,0.000043,-0.000350,1.000000
probe_part_uncorrected_009,392.997000,-0.475232,0.000188,0.624994,-0.000028,0.000052,-0.000354,1.000000
probe_part_uncorrected_009,393.007000,-0.475240,0.000198,0.624994,-0.000026,0.000062,-0.000358,1.000000
probe_part_uncorrected_009,393.017000,-0.475245,0.000204,0.624995,-0.000024,0.000065,-0.000354,1.000000
probe_part_uncorrected_009,393.027000,-0.475247,0.000204,0.624996,-0.000016,0.000062,-0.000349,1.000000
probe_part_uncorrected_009,393.037000,-0.475244,0.000202,0.624995,-0.000010,0.000073,-0.000363,1.000000
probe_part_uncorrected_009,393.047000,-0.475253,0.000209,0.624996,-0.000001,0.000078,-0.000358,1.000000
probe_part_uncorrected_009,393.058000,-0.475256,0.000210,0.624997,0.000003,0.000077,-0.000353,1.000000
probe_part_uncorrected_009,393.068000,-0.475255,0.000204,0.624998,0.000018,0.000071,-0.000349,1.000000
probe_part_uncorrected_009,393.078000,-0.475252,0.000196,0.624998,0.000034,0.000064,-0.000345,1.000000
probe_part_uncorrected_009,393.088000,-0.475248,0.000188,0.624999,0.000047,0.000059,-0.000342,1.000000
probe_part_uncorrected_009,393.098000,-0.475244,0.000180,0.625000,0.000060,0.000054,-0.000340,1.000000
probe_part_uncorrected_009,393.108000,-0.475240,0.000173,0.625001,0.000071,0.000049,-0.000338,1.000000
probe_part_uncorrected_009,393.118000,-0.475238,0.000181,0.624995,-0.000098,0.000079,-0.000355,1.000000
probe_part_uncorrected_009,393.128000,-0.475240,0.000181,0.624996,-0.000088,0.000078,-0.000350,1.000000
probe_part_uncorrected_009,393.138000,-0.475239,0.000176,0.624996,-0.000076,0.000073,-0.000347,1.000000
probe_part_uncorrected_009,393.148000,-0.475241,0.000179,0.624995,-0.000069,0.000061,-0.000361,1.000000
probe_part_uncorrected_009,393.158000,-0.475244,0.000182,0.624994,-0.000057,0.000048,-0.000372,1.000000
probe_part_uncorrected_009,393.168000,-0.475247,0.000184,0.624995,-0.000051,0.000048,-0.000368,1.000000
probe_part_uncorrected_009,393.177000,-0.475247,0.000181,0.624996,-0.000040,0.000045,-0.000364,1.000000
probe_part_uncorrected_009,393.186000,-0.475247,0.000187,0.624993,-0.000043,0.000069,-0.000389,1.000000
probe_part_uncorrected_009,393.194000,-0.475256,0.000198,0.624993,-0.000039,0.000080,-0.000393,1.000000
probe_part_uncorrected_009,393.203000,-0.475266,0.000208,0.624994,-0.000035,0.000088,-0.000389,1.000000
probe_part_uncorrected_009,393.212000,-0.475272,0.000214,0.624993,-0.000012,0.000072,-0.000389,1.000000
probe_part_uncorrected_009,393.218000,-0.475277,0.000219,0.624994,-0.000011,0.000075,-0.000386,1.000000
probe_part_uncorrected_009,393.226000,-0.475279,0.000221,0.624995,-0.000009,0.000074,-0.000382,1.000000
probe_part_uncorrected_009,393.236000,-0.475279,0.000217,0.624996,0.000002,0.000070,-0.000377,1.000000
probe_part_uncorrected_009,393.246000,-0.475277,0.000207,0.624997,0.000023,0.000065,-0.000374,1.000000
probe_part_uncorrected_009,393.256000,-0.475273,0.000197,0.624998,0.000039,0.000059,-0.000371,1.000000
probe_part_uncorrected_009,393.265000,-0.475272,0.000199,0.624996,-0.000032,0.000024,-0.000426,1.000000
probe_part_uncorrected_009,393.274000,-0.475274,0.000199,0.624997,-0.000024,0.000023,-0.000421,1.000000
probe_part_uncorrected_009,393.284000,-0.475275,0.000192,0.625003,-0.000002,0.000022,-0.000417,1.000000
probe_part_uncorrected_009,393.294000,-0.475278,0.000206,0.624997,0.000070,0.000005,-0.000436,1.000000
probe_part_uncorrected_009,393.304000,-0.475280,0.000216,0.624993,-0.000041,0.000017,-0.000426,1.000000
probe_part_uncorrected_009,393.312000,-0.475281,0.000216,0.624996,-0.000041,0.000014,-0.000428,1.000000
probe_part_uncorrected_009,393.322000,-0.475283,0.000217,0.625008,-0.000038,0.000013,-0.000422,1.000000
probe_part_uncorrected_009,393.332000,-0.475286,0.000215,0.625032,-0.000027,0.000012,-0.000417,1.000000
probe_part_uncorrected_009,393.342000,-0.475289,0.000221,0.625053,0.000008,0.000002,-0.000424,1.000000
probe_part_uncorrected_009,393.352000,-0.475292,0.000222,0.625088,0.000015,0.000001,-0.000419,1.000000
probe_part_uncorrected_009,393.363000,-0.475297,0.000216,0.625138,0.000039,-0.000000,-0.000414,1.000000
probe_part_uncorrected_009,393.373000,-0.475302,0.000212,0.625192,0.000063,-0.000002,-0.000411,1.000000
probe_part_uncorrected_009,393.383000,-0.475308,0.000222,0.625246,0.000099,-0.000012,-0.000418,1.000000
probe_part_uncorrected_009,393.394000,-0.475315,0.000223,0.625317,0.000113,-0.000013,-0.000412,1.000000
probe_part_uncorrected_009,393.404000,-0.475322,0.000221,0.625393,0.000133,-0.000015,-0.000409,1.000000
probe_part_uncorrected_009,393.415000,-0.475330,0.000221,0.625487,0.000155,-0.000016,-0.000405,1.000000
probe_part_uncorrected_009,393.425000,-0.475339,0.000239,0.625571,0.000178,-0.000024,-0.000407,1.000000
probe_part_uncorrected_009,393.436000,-0.475349,0.000243,0.625677,0.000192,-0.000025,-0.000401,1.000000
probe_part_uncorrected_009,393.446000,-0.475360,0.000246,0.625786,0.000209,-0.000027,-0.000398,1.000000
probe_part_uncorrected_009,393.456000,-0.475371,0.000249,0.625904,0.000225,-0.000028,-0.000395,1.000000
probe_part_uncorrected_009,393.466000,-0.475382,0.000271,0.626023,0.000253,-0.000039,-0.000402,1.000000
probe_part_uncorrected_009,393.477000,-0.475396,0.000281,0.626163,0.000259,-0.000041,-0.000396,1.000000
probe_part_uncorrected_009,393.488000,-0.475411,0.000287,0.626320,0.000275,-0.000042,-0.000392,1.000000
probe_part_uncorrected_009,393.498000,-0.475425,0.000315,0.626458,0.000289,-0.000050,-0.000392,1.000000
probe_part_uncorrected_009,393.508000,-0.475440,0.000339,0.626606,0.000309,-0.000058,-0.000393,1.000000
probe_part_uncorrected_009,393.519000,-0.475457,0.000358,0.626781,0.000298,-0.000060,-0.000387,1.000000
probe_part_uncorrected_009,393.530000,-0.475475,0.000369,0.626972,0.000308,-0.000100,-0.000382,1.000000
probe_part_uncorrected_009,393.541000,-0.475494,0.000377,0.627177,0.000328,-0.000128,-0.000378,1.000000
probe_part_uncorrected_009,393.551000,-0.475512,0.000386,0.627374,0.000346,-0.000129,-0.000376,1.000000
probe_part_uncorrected_009,393.561000,-0.475531,0.000395,0.627580,0.000362,-0.000130,-0.000374,1.000000
probe_part_uncorrected_009,393.570000,-0.475549,0.000405,0.627774,0.000376,-0.000131,-0.000372,1.000000
probe_part_uncorrected_009,393.580000,-0.475569,0.000416,0.627997,0.000391,-0.000138,-0.000371,1.000000
probe_part_uncorrected_009,393.590000,-0.475591,0.000429,0.628228,0.000405,-0.000139,-0.000370,1.000000
probe_part_uncorrected_009,393.600000,-0.475612,0.000443,0.628468,0.000417,-0.000140,-0.000370,1.000000
probe_part_uncorrected_009,393.609000,-0.475632,0.000477,0.628679,0.000437,-0.000159,-0.000378,1.000000
probe_part_uncorrected_009,393.619000,-0.475655,0.000495,0.628928,0.000442,-0.000161,-0.000373,1.000000
probe_part_uncorrected_009,393.629000,-0.475679,0.000511,0.629188,0.000452,-0.000175,-0.000369,1.000000
probe_part_uncorrected_009,393.638000,-0.475701,0.000526,0.629430,0.000461,-0.000176,-0.000368,1.000000
probe_part_uncorrected_009,393.647000,-0.475723,0.000542,0.629682,0.000469,-0.000176,-0.000366,1.000000
probe_part_uncorrected_009,393.657000,-0.475749,0.000562,0.629968,0.000475,-0.000186,-0.000365,1.000000
probe_part_uncorrected_009,393.667000,-0.475775,0.000582,0.630263,0.000478,-0.000187,-0.000364,1.000000
probe_part_uncorrected_009,393.677000,-0.475802,0.000604,0.630566,0.000479,-0.000188,-0.000362,1.000000
probe_part_uncorrected_009,393.688000,-0.475832,0.000629,0.630909,0.000478,-0.000188,-0.000359,1.000000
probe_part_uncorrected_009,393.699000,-0.475863,0.000654,0.631262,0.000477,-0.000190,-0.000355,1.000000
probe_part_uncorrected_009,393.709000,-0.475891,0.000695,0.631585,0.000482,-0.000193,-0.000340,1.000000
probe_part_uncorrected_009,393.719000,-0.475920,0.000727,0.631914,0.000461,-0.000195,-0.000335,1.000000
probe_part_uncorrected_009,393.730000,-0.475953,0.000755,0.632290,0.000457,-0.000197,-0.000329,1.000000
probe_part_uncorrected_009,393.741000,-0.475986,0.000779,0.632680,0.000462,-0.000199,-0.000324,1.000000
probe_part_uncorrected_009,393.751000,-0.476017,0.000801,0.633045,0.000466,-0.000201,-0.000319,1.000000
probe_part_uncorrected_009,393.761000,-0.476048,0.000824,0.633420,0.000469,-0.000206,-0.000301,1.000000
probe_part_uncorrected_009,393.771000,-0.476078,0.000867,0.633791,0.000468,-0.000208,-0.000253,1.000000
probe_part_uncorrected_009,393.782000,-0.476113,0.000897,0.634215,0.000460,-0.000211,-0.000248,1.000000
probe_part_uncorrected_009,393.793000,-0.476150,0.000922,0.634654,0.000468,-0.000214,-0.000241,1.000000
probe_part_uncorrected_009,393.803000,-0.476183,0.000945,0.635064,0.000474,-0.000216,-0.000236,1.000000
probe_part_uncorrected_009,393.812000,-0.476213,0.000965,0.635441,0.000479,-0.000218,-0.000231,1.000000
probe_part_uncorrected_009,393.821000,-0.476243,0.001005,0.635813,0.000478,-0.000224,-0.000208,1.000000
probe_part_uncorrected_009,393.831000,-0.476277,0.001032,0.636243,0.000476,-0.000226,-0.000203,1.000000
probe_part_uncorrected_009,393.841000,-0.476312,0.001054,0.636684,0.000485,-0.000229,-0.000198,1.000000
probe_part_uncorrected_009,393.851000,-0.476347,0.001077,0.637136,0.000492,-0.000231,-0.000194,1.000000
probe_part_uncorrected_009,393.861000,-0.476383,0.001101,0.637598,0.000498,-0.000233,-0.000191,1.000000
probe_part_uncorrected_009,393.871000,-0.476419,0.001125,0.638068,0.000504,-0.000235,-0.000187,1.000000
probe_part_uncorrected_009,393.881000,-0.476454,0.001163,0.638540,0.000513,-0.000234,-0.000168,1.000000
probe_part_uncorrected_009,393.891000,-0.476490,0.001192,0.639018,0.000508,-0.000248,-0.000163,1.000000
probe_part_uncorrected_009,393.901000,-0.476527,0.001213,0.639512,0.000522,-0.000251,-0.000158,1.000000
probe_part_uncorrected_009,393.911000,-0.476563,0.001238,0.640015,0.000528,-0.000265,-0.000153,1.000000
probe_part_uncorrected_009,393.921000,-0.476600,0.001262,0.640529,0.000534,-0.000268,-0.000148,1.000000
probe_part_uncorrected_009,393.931000,-0.476637,0.001288,0.641051,0.000539,-0.000270,-0.000145,1.000000
probe_part_uncorrected_009,393.940000,-0.476671,0.001311,0.641529,0.000543,-0.000272,-0.000141,1.000000
probe_part_uncorrected_009,393.950000,-0.476709,0.001336,0.642068,0.000547,-0.000274,-0.000138,1.000000
probe_part_uncorrected_009,393.960000,-0.476746,0.001362,0.642615,0.000551,-0.000276,-0.000134,1.000000
probe_part_uncorrected_009,393.970000,-0.476784,0.001388,0.643171,0.000554,-0.000288,-0.000131,1.000000
probe_part_uncorrected_009,393.980000,-0.476821,0.001415,0.643735,0.000557,-0.000290,-0.000127,1.000000
probe_part_uncorrected_009,393.990000,-0.476859,0.001441,0.644309,0.000559,-0.000292,-0.000124,1.000000
probe_part_uncorrected_009,394.000000,-0.476897,0.001468,0.644891,0.000561,-0.000295,-0.000120,1.000000
probe_part_uncorrected_009,394.010000,-0.476935,0.001495,0.645481,0.000562,-0.000297,-0.000117,1.000000
probe_part_uncorrected_009,394.020000,-0.476972,0.001521,0.646080,0.000563,-0.000299,-0.000114,1.000000
probe_part_uncorrected_009,394.030000,-0.477010,0.001548,0.646688,0.000564,-0.000302,-0.000110,1.000000
probe_part_uncorrected_009,394.040000,-0.477047,0.001575,0.647304,0.000565,-0.000313,-0.000107,1.000000
probe_part_uncorrected_009,394.049000,-0.477081,0.001599,0.647867,0.000565,-0.000315,-0.000104,1.000000
probe_part_uncorrected_009,394.059000,-0.477118,0.001643,0.648491,0.000575,-0.000324,-0.000106,1.000000
probe_part_uncorrected_009,394.070000,-0.477159,0.001670,0.649190,0.000582,-0.000336,-0.000100,1.000000
probe_part_uncorrected_009,394.081000,-0.477199,0.001716,0.649891,0.000589,-0.000367,-0.000100,1.000000
probe_part_uncorrected_009,394.091000,-0.477236,0.001737,0.650548,0.000603,-0.000380,-0.000095,1.000000
probe_part_uncorrected_009,394.102000,-0.477276,0.001765,0.651285,0.000607,-0.000406,-0.000090,1.000000
probe_part_uncorrected_009,394.112000,-0.477312,0.001803,0.651957,0.000621,-0.000415,-0.000092,1.000000
probe_part_uncorrected_009,394.123000,-0.477351,0.001830,0.652708,0.000627,-0.000418,-0.000086,1.000000
probe_part_uncorrected_009,394.134000,-0.477390,0.001856,0.653476,0.000633,-0.000421,-0.000080,1.000000
probe_part_uncorrected_009,394.145000,-0.477428,0.001883,0.654256,0.000635,-0.000434,-0.000075,1.000000
probe_part_uncorrected_009,394.156000,-0.477466,0.001909,0.655046,0.000637,-0.000448,-0.000070,1.000000
probe_part_uncorrected_009,394.167000,-0.477504,0.001936,0.655848,0.000639,-0.000451,-0.000066,1.000000
probe_part_uncorrected_009,394.178000,-0.477541,0.001962,0.656660,0.000640,-0.000454,-0.000061,1.000000
probe_part_uncorrected_009,394.189000,-0.477577,0.001987,0.657483,0.000641,-0.000458,-0.000056,1.000000
probe_part_uncorrected_009,394.199000,-0.477609,0.002010,0.658240,0.000641,-0.000470,-0.000052,1.000000
probe_part_uncorrected_009,394.210000,-0.477644,0.002035,0.659084,0.000641,-0.000474,-0.000048,1.000000
probe_part_uncorrected_009,394.221000,-0.477678,0.002059,0.659937,0.000641,-0.000487,-0.000044,1.000000
probe_part_uncorrected_009,394.232000,-0.477711,0.002083,0.660802,0.000641,-0.000490,-0.000039,1.000000
probe_part_uncorrected_009,394.243000,-0.477743,0.002106,0.661677,0.000641,-0.000512,-0.000035,1.000000
probe_part_uncorrected_009,394.251000,-0.477766,0.002123,0.662320,0.000640,-0.000515,-0.000032,1.000000
probe_part_uncorrected_009,394.260000,-0.477792,0.002141,0.663050,0.000639,-0.000518,-0.000029,1.000000
probe_part_uncorrected_009,394.269000,-0.477816,0.002159,0.663787,0.000639,-0.000530,-0.000025,1.000000
probe_part_uncorrected_009,394.278000,-0.477840,0.002176,0.664533,0.000638,-0.000533,-0.000022,1.000000
probe_part_uncorrected_009,394.287000,-0.477864,0.002193,0.665285,0.000637,-0.000535,-0.000018,1.000000
probe_part_uncorrected_009,394.294000,-0.477881,0.002205,0.665874,0.000636,-0.000547,-0.000016,1.000000
probe_part_uncorrected_009,394.303000,-0.477903,0.002236,0.666629,0.000645,-0.000556,-0.000019,1.000000
probe_part_uncorrected_009,394.312000,-0.477924,0.002250,0.667396,0.000648,-0.000558,-0.000014,1.000000
probe_part_uncorrected_009,394.320000,-0.477943,0.002261,0.668086,0.000652,-0.000561,-0.000009,1.000000
probe_part_uncorrected_009,394.330000,-0.477965,0.002276,0.668959,0.000652,-0.000563,-0.000007,1.000000
probe_part_uncorrected_009,394.339000,-0.477984,0.002304,0.669740,0.000652,-0.000574,-0.000022,1.000000
probe_part_uncorrected_009,394.348000,-0.478002,0.002321,0.670530,0.000679,-0.000584,-0.000025,1.000000
probe_part_uncorrected_009,394.358000,-0.478020,0.002337,0.671420,0.000676,-0.000597,-0.000020,1.000000
probe_part_uncorrected_009,394.369000,-0.478040,0.002346,0.672418,0.000686,-0.000610,-0.000014,1.000000
probe_part_uncorrected_009,394.380000,-0.478058,0.002358,0.673428,0.000688,-0.000613,-0.000008,1.000000
probe_part_uncorrected_009,394.391000,-0.478074,0.002369,0.674451,0.000689,-0.000617,-0.000004,1.000000
probe_part_uncorrected_009,394.401000,-0.478088,0.002378,0.675390,0.000690,-0.000619,-0.000003,1.000000
probe_part_uncorrected_009,394.412000,-0.478102,0.002398,0.676423,0.000693,-0.000630,-0.000019,1.000000
probe_part_uncorrected_009,394.423000,-0.478113,0.002401,0.677474,0.000706,-0.000634,-0.000013,1.000000
probe_part_uncorrected_009,394.434000,-0.478123,0.002407,0.678538,0.000707,-0.000638,-0.000007,1.000000
probe_part_uncorrected_009,394.444000,-0.478130,0.002411,0.679513,0.000708,-0.000653,-0.000002,1.000000
probe_part_uncorrected_009,394.454000,-0.478136,0.002414,0.680493,0.000709,-0.000667,0.000001,1.000000
probe_part_uncorrected_009,394.464000,-0.478141,0.002416,0.681477,0.000709,-0.000669,0.000001,1.000000
probe_part_uncorrected_009,394.473000,-0.478143,0.002417,0.682364,0.000709,-0.000671,0.000002,1.000000
probe_part_uncorrected_009,394.482000,-0.478145,0.002417,0.683252,0.000709,-0.000673,0.000003,1.000000
probe_part_uncorrected_009,394.492000,-0.478145,0.002416,0.684238,0.000709,-0.000675,0.000004,1.000000
probe_part_uncorrected_009,394.502000,-0.478143,0.002414,0.685222,0.000709,-0.000678,0.000004,1.000000
probe_part_uncorrected_009,394.513000,-0.478139,0.002411,0.686301,0.000709,-0.000680,0.000005,1.000000
probe_part_uncorrected_009,394.524000,-0.478134,0.002406,0.687376,0.000708,-0.000683,0.000006,1.000000
probe_part_uncorrected_009,394.533000,-0.478128,0.002400,0.688251,0.000708,-0.000685,0.000007,1.000000
probe_part_uncorrected_009,394.542000,-0.478121,0.002394,0.689122,0.000707,-0.000687,0.000007,1.000000
probe_part_uncorrected_009,394.551000,-0.478113,0.002399,0.689980,0.000712,-0.000697,-0.000010,1.000000
probe_part_uncorrected_009,394.559000,-0.478105,0.002390,0.690741,0.000716,-0.000700,-0.000006,0.999999
probe_part_uncorrected_009,394.568000,-0.478094,0.002379,0.691596,0.000722,-0.000703,-0.000001,0.999999
probe_part_uncorrected_009,394.576000,-0.478084,0.002371,0.692353,0.000722,-0.000705,0.000003,0.999999
probe_part_uncorrected_009,394.586000,-0.478069,0.002360,0.693294,0.000721,-0.000709,0.000009,0.999999
probe_part_uncorrected_009,394.595000,-0.478056,0.002349,0.694135,0.000720,-0.000711,0.000011,0.999999
probe_part_uncorrected_009,394.605000,-0.478039,0.002336,0.695062,0.000720,-0.000713,0.000011,0.999999
probe_part_uncorrected_009,394.613000,-0.478025,0.002336,0.695787,0.000723,-0.000724,-0.000005,0.999999
probe_part_uncorrected_009,394.623000,-0.478006,0.002317,0.696697,0.000735,-0.000727,0.000001,0.999999
probe_part_uncorrected_009,394.632000,-0.477988,0.002312,0.697504,0.000748,-0.000737,-0.000003,0.999999
probe_part_uncorrected_009,394.642000,-0.477967,0.002291,0.698397,0.000760,-0.000740,0.000002,0.999999
probe_part_uncorrected_009,394.652000,-0.477945,0.002273,0.699287,0.000764,-0.000762,0.000007,0.999999
probe_part_uncorrected_009,394.661000,-0.477924,0.002257,0.700083,0.000763,-0.000765,0.000012,0.999999
probe_part_uncorrected_009,394.671000,-0.477891,0.002239,0.700953,0.000763,-0.000942,0.000016,0.999999
probe_part_uncorrected_009,394.679000,-0.477815,0.002224,0.701615,0.000762,-0.002054,0.000015,0.999998
probe_part_uncorrected_009,394.689000,-0.477789,0.002204,0.702477,0.000762,-0.002056,0.000016,0.999998
probe_part_uncorrected_009,394.699000,-0.477763,0.002198,0.703317,0.000755,-0.002067,-0.000000,0.999998
probe_part_uncorrected_009,394.709000,-0.477735,0.002187,0.704156,0.000732,-0.002070,0.000005,0.999998
probe_part_uncorrected_009,394.719000,-0.477706,0.002171,0.704986,0.000717,-0.002073,0.000011,0.999998
probe_part_uncorrected_009,394.729000,-0.477676,0.002149,0.705811,0.000716,-0.002075,0.000015,0.999998
probe_part_uncorrected_009,394.738000,-0.477649,0.002124,0.706549,0.000725,-0.002077,0.000016,0.999998
probe_part_uncorrected_009,394.748000,-0.477618,0.002098,0.707361,0.000731,-0.002079,0.000017,0.999998
probe_part_uncorrected_009,394.758000,-0.477586,0.002072,0.708165,0.000735,-0.002081,0.000017,0.999998
probe_part_uncorrected_009,394.768000,-0.477554,0.002046,0.708960,0.000739,-0.002083,0.000018,0.999998
probe_part_uncorrected_009,394.778000,-0.477521,0.002020,0.709747,0.000741,-0.002085,0.000019,0.999998
probe_part_uncorrected_009,394.787000,-0.477491,0.002006,0.710436,0.000744,-0.002096,0.000000,0.999998
probe_part_uncorrected_009,394.797000,-0.477456,0.001989,0.711198,0.000721,-0.002110,0.000006,0.999998
probe_part_uncorrected_009,394.807000,-0.477422,0.001969,0.711955,0.000706,-0.002113,0.000011,0.999998
probe_part_uncorrected_009,394.817000,-0.477386,0.001946,0.712703,0.000697,-0.002116,0.000017,0.999998
probe_part_uncorrected_009,394.826000,-0.477354,0.001923,0.713371,0.000692,-0.002118,0.000021,0.999998
probe_part_uncorrected_009,394.837000,-0.477312,0.001883,0.714179,0.000715,-0.002158,0.000026,0.999997
probe_part_uncorrected_009,394.847000,-0.477275,0.001847,0.714907,0.000732,-0.002160,0.000029,0.999997
probe_part_uncorrected_009,394.858000,-0.477234,0.001809,0.715699,0.000747,-0.002162,0.000030,0.999997
probe_part_uncorrected_009,394.867000,-0.477199,0.001782,0.716326,0.000790,-0.002159,0.000051,0.999997
probe_part_uncorrected_009,394.877000,-0.477161,0.001751,0.717026,0.000796,-0.002161,0.000047,0.999997
probe_part_uncorrected_009,394.887000,-0.477123,0.001722,0.717717,0.000798,-0.002162,0.000044,0.999997
probe_part_uncorrected_009,394.897000,-0.477084,0.001692,0.718400,0.000800,-0.002164,0.000040,0.999997
probe_part_uncorrected_009,394.907000,-0.477045,0.001663,0.719074,0.000801,-0.002166,0.000037,0.999997
probe_part_uncorrected_009,394.917000,-0.477006,0.001633,0.719740,0.000802,-0.002167,0.000034,0.999997
probe_part_uncorrected_009,394.927000,-0.476967,0.001604,0.720396,0.000803,-0.002169,0.000033,0.999997
probe_part_uncorrected_009,394.937000,-0.476928,0.001574,0.721044,0.000804,-0.002170,0.000034,0.999997
probe_part_uncorrected_009,394.947000,-0.476888,0.001544,0.721683,0.000804,-0.002172,0.000034,0.999997
probe_part_uncorrected_009,394.957000,-0.476849,0.001514,0.722312,0.000804,-0.002173,0.000035,0.999997
probe_part_uncorrected_009,394.967000,-0.476809,0.001485,0.722934,0.000804,-0.002175,0.000035,0.999997
probe_part_uncorrected_009,394.978000,-0.476765,0.001452,0.723607,0.000804,-0.002176,0.000036,0.999997
probe_part_uncorrected_009,394.989000,-0.476721,0.001419,0.724269,0.000804,-0.002178,0.000036,0.999997
probe_part_uncorrected_009,395.000000,-0.476678,0.001386,0.724921,0.000804,-0.002179,0.000037,0.999997
probe_part_uncorrected_009,395.011000,-0.476634,0.001354,0.725562,0.000803,-0.002181,0.000037,0.999997
probe_part_uncorrected_009,395.022000,-0.476591,0.001339,0.726177,0.000786,-0.002192,0.000022,0.999997
probe_part_uncorrected_009,395.033000,-0.476547,0.001317,0.726790,0.000761,-0.002206,0.000028,0.999997
probe_part_uncorrected_009,395.044000,-0.476481,0.001282,0.727382,0.000768,-0.002662,0.000030,0.999996
probe_part_uncorrected_009,395.055000,-0.476415,0.001262,0.727952,0.000761,-0.003138,0.000006,0.999995
probe_part_uncorrected_009,395.064000,-0.476380,0.001249,0.728417,0.000750,-0.003148,-0.000003,0.999995
probe_part_uncorrected_009,395.072000,-0.476349,0.001239,0.728831,0.000719,-0.003149,0.000002,0.999995
probe_part_uncorrected_009,395.080000,-0.476318,0.001223,0.729231,0.000717,-0.003159,-0.000009,0.999995
probe_part_uncorrected_009,395.089000,-0.476283,0.001212,0.729684,0.000683,-0.003161,-0.000004,0.999995
probe_part_uncorrected_009,395.098000,-0.476249,0.001197,0.730133,0.000658,-0.003162,0.000001,0.999995
probe_part_uncorrected_009,395.108000,-0.476210,0.001176,0.730626,0.000638,-0.003164,0.000006,0.999995
probe_part_uncorrected_009,395.119000,-0.476169,0.001150,0.731159,0.000625,-0.003165,0.000011,0.999995
probe_part_uncorrected_009,395.130000,-0.476126,0.001122,0.731683,0.000618,-0.003200,0.000016,0.999995
probe_part_uncorrected_009,395.141000,-0.476085,0.001092,0.732198,0.000616,-0.003201,0.000021,0.999995
probe_part_uncorrected_009,395.152000,-0.476048,0.001038,0.732691,0.000736,-0.003082,0.000051,0.999995
probe_part_uncorrected_009,395.163000,-0.476007,0.000985,0.733177,0.000816,-0.003076,0.000077,0.999995
probe_part_uncorrected_009,395.173000,-0.475971,0.000952,0.733620,0.000835,-0.003077,0.000073,0.999995
probe_part_uncorrected_009,395.182000,-0.475939,0.000924,0.734012,0.000847,-0.003078,0.000070,0.999995
probe_part_uncorrected_009,395.191000,-0.475907,0.000897,0.734397,0.000856,-0.003079,0.000067,0.999995
probe_part_uncorrected_009,395.201000,-0.475872,0.000869,0.734816,0.000866,-0.003080,0.000064,0.999995
probe_part_uncorrected_009,395.210000,-0.475841,0.000843,0.735185,0.000874,-0.003080,0.000061,0.999995
probe_part_uncorrected_009,395.220000,-0.475807,0.000815,0.735587,0.000881,-0.003081,0.000057,0.999995
probe_part_uncorrected_009,395.230000,-0.475774,0.000788,0.735979,0.000888,-0.003082,0.000054,0.999995
probe_part_uncorrected_009,395.240000,-0.475741,0.000762,0.736363,0.000894,-0.003082,0.000051,0.999995
probe_part_uncorrected_009,395.244000,-0.475728,0.000751,0.736513,0.000896,-0.003083,0.000050,0.999995
probe_part_uncorrected_009,395.252000,-0.475702,0.000731,0.736811,0.000901,-0.003083,0.000047,0.999995
probe_part_uncorrected_009,395.262000,-0.475670,0.000705,0.737174,0.000905,-0.003084,0.000047,0.999995
probe_part_uncorrected_009,395.272000,-0.475639,0.000681,0.737528,0.000909,-0.003085,0.000047,0.999995
probe_part_uncorrected_009,395.281000,-0.475612,0.000659,0.737840,0.000912,-0.003086,0.000047,0.999995
probe_part_uncorrected_009,395.291000,-0.475582,0.000636,0.738177,0.000916,-0.003086,0.000048,0.999995
probe_part_uncorrected_009,395.298000,-0.475561,0.000620,0.738408,0.000918,-0.003087,0.000048,0.999995
probe_part_uncorrected_009,395.301000,-0.475552,0.000613,0.738505,0.000919,-0.003087,0.000048,0.999995
probe_part_uncorrected_009,395.310000,-0.475526,0.000593,0.738793,0.000921,-0.003088,0.000048,0.999995
probe_part_uncorrected_009,395.320000,-0.475498,0.000571,0.739105,0.000923,-0.003088,0.000048,0.999995
probe_part_uncorrected_009,395.330000,-0.475470,0.000550,0.739407,0.000925,-0.003089,0.000049,0.999995
probe_part_uncorrected_009,395.340000,-0.475444,0.000529,0.739701,0.000927,-0.003090,0.000049,0.999995
probe_part_uncorrected_009,395.350000,-0.475414,0.000518,0.739972,0.000931,-0.003183,0.000028,0.999994
probe_part_uncorrected_009,395.361000,-0.475386,0.000511,0.740268,0.000899,-0.003185,0.000034,0.999995
probe_part_uncorrected_009,395.371000,-0.475339,0.000492,0.740516,0.000899,-0.003625,0.000037,0.999993
probe_part_uncorrected_009,395.380000,-0.475288,0.000483,0.740717,0.000897,-0.004216,0.000018,0.999991
probe_part_uncorrected_009,395.390000,-0.475265,0.000478,0.740959,0.000868,-0.004229,0.000023,0.999991
probe_part_uncorrected_009,395.400000,-0.475242,0.000472,0.741194,0.000843,-0.004230,0.000028,0.999991
probe_part_uncorrected_009,395.410000,-0.475220,0.000464,0.741421,0.000823,-0.004231,0.000033,0.999991
probe_part_uncorrected_009,395.422000,-0.475193,0.000452,0.741683,0.000803,-0.004257,0.000037,0.999991
probe_part_uncorrected_009,395.434000,-0.475168,0.000428,0.741924,0.000873,-0.004229,0.000068,0.999991
probe_part_uncorrected_009,395.444000,-0.475149,0.000401,0.742125,0.000907,-0.004229,0.000065,0.999991
probe_part_uncorrected_009,395.454000,-0.475131,0.000381,0.742319,0.000923,-0.004230,0.000062,0.999991
probe_part_uncorrected_009,395.463000,-0.475110,0.000359,0.742472,0.000950,-0.004351,0.000036,0.999990
probe_part_uncorrected_009,395.472000,-0.475095,0.000354,0.742619,0.000945,-0.004363,0.000016,0.999990
probe_part_uncorrected_009,395.482000,-0.475079,0.000355,0.742782,0.000916,-0.004364,0.000021,0.999990
probe_part_uncorrected_009,395.492000,-0.475063,0.000350,0.742924,0.000913,-0.004381,0.000010,0.999990
probe_part_uncorrected_009,395.502000,-0.475049,0.000352,0.743068,0.000886,-0.004382,0.000016,0.999990
probe_part_uncorrected_009,395.512000,-0.475035,0.000353,0.743206,0.000861,-0.004383,0.000021,0.999990
probe_part_uncorrected_009,395.522000,-0.475022,0.000338,0.743325,0.000878,-0.004406,0.000005,0.999990
probe_part_uncorrected_009,395.533000,-0.475009,0.000338,0.743456,0.000857,-0.004407,0.000011,0.999990
probe_part_uncorrected_009,395.543000,-0.474998,0.000339,0.743567,0.000837,-0.004408,0.000016,0.999990
probe_part_uncorrected_009,395.553000,-0.474988,0.000322,0.743658,0.000859,-0.004431,0.000000,0.999990
probe_part_uncorrected_009,395.563000,-0.474978,0.000319,0.743753,0.000851,-0.004432,0.000006,0.999990
probe_part_uncorrected_009,395.573000,-0.474969,0.000318,0.743840,0.000840,-0.004433,0.000011,0.999990
probe_part_uncorrected_009,395.583000,-0.474962,0.000301,0.743906,0.000869,-0.004456,-0.000007,0.999990
probe_part_uncorrected_009,395.594000,-0.474954,0.000297,0.743982,0.000867,-0.004457,-0.000001,0.999990
probe_part_uncorrected_009,395.605000,-0.474948,0.000296,0.744049,0.000860,-0.004459,0.000004,0.999990
probe_part_uncorrected_009,395.616000,-0.474942,0.000298,0.744105,0.000849,-0.004460,0.000010,0.999990
probe_part_uncorrected_009,395.627000,-0.474937,0.000300,0.744152,0.000836,-0.004461,0.000015,0.999990
probe_part_uncorrected_009,395.639000,-0.474933,0.000303,0.744194,0.000823,-0.004461,0.000020,0.999990
probe_part_uncorrected_009,395.649000,-0.474919,0.000271,0.744208,0.000921,-0.004638,0.000049,0.999989
probe_part_uncorrected_009,395.659000,-0.474917,0.000261,0.744237,0.000943,-0.004638,0.000049,0.999989
probe_part_uncorrected_009,395.669000,-0.474915,0.000254,0.744264,0.000959,-0.004638,0.000049,0.999989
probe_part_uncorrected_009,395.680000,-0.474914,0.000249,0.744277,0.000974,-0.004638,0.000049,0.999989
probe_part_uncorrected_009,395.691000,-0.474914,0.000255,0.744259,0.000964,-0.004650,0.000029,0.999989
probe_part_uncorrected_009,395.702000,-0.474911,0.000258,0.744252,0.000973,-0.004651,0.000031,0.999989
probe_part_uncorrected_009,395.712000,-0.474905,0.000261,0.744250,0.000987,-0.004651,0.000032,0.999989
probe_part_uncorrected_009,395.721000,-0.474897,0.000269,0.744250,0.000997,-0.004651,0.000033,0.999989
probe_part_uncorrected_009,395.731000,-0.474885,0.000282,0.744250,0.001007,-0.004651,0.000033,0.999989
probe_part_uncorrected_009,395.741000,-0.474868,0.000302,0.744250,0.001016,-0.004652,0.000033,0.999989
probe_part_uncorrected_009,395.751000,-0.474846,0.000328,0.744250,0.001024,-0.004652,0.000034,0.999989
probe_part_uncorrected_009,395.761000,-0.474819,0.000361,0.744251,0.001031,-0.004652,0.000034,0.999989
probe_part_uncorrected_009,395.771000,-0.474787,0.000402,0.744241,0.001042,-0.004678,0.000007,0.999989
probe_part_uncorrected_009,395.781000,-0.474749,0.000466,0.744234,0.001011,-0.004679,0.000013,0.999989
probe_part_uncorrected_009,395.791000,-0.474705,0.000536,0.744227,0.000983,-0.004680,0.000019,0.999989
probe_part_uncorrected_009,395.801000,-0.474656,0.000612,0.744221,0.000958,-0.004681,0.000024,0.999989
probe_part_uncorrected_009,395.811000,-0.474599,0.000695,0.744216,0.000937,-0.004681,0.000029,0.999989
probe_part_uncorrected_009,395.823000,-0.474519,0.000786,0.744199,0.000990,-0.004724,0.000052,0.999988
probe_part_uncorrected_009,395.833000,-0.474448,0.000866,0.744196,0.001024,-0.004724,0.000050,0.999988
probe_part_uncorrected_009,395.843000,-0.474372,0.000960,0.744197,0.001040,-0.004723,0.000047,0.999988
probe_part_uncorrected_009,395.853000,-0.474288,0.001069,0.744184,0.001047,-0.004746,0.000015,0.999988
probe_part_uncorrected_009,395.863000,-0.474197,0.001180,0.744183,0.001065,-0.004746,0.000018,0.999988
probe_part_uncorrected_009,395.873000,-0.474100,0.001304,0.744184,0.001074,-0.004746,0.000020,0.999988
probe_part_uncorrected_009,395.883000,-0.473995,0.001438,0.744185,0.001082,-0.004746,0.000023,0.999988
probe_part_uncorrected_009,395.893000,-0.473859,0.001581,0.744172,0.001089,-0.005247,0.000024,0.999986
probe_part_uncorrected_009,395.904000,-0.473678,0.001749,0.744143,0.001096,-0.006242,0.000024,0.999980
probe_part_uncorrected_009,395.914000,-0.473476,0.001911,0.744100,0.001102,-0.007738,0.000024,0.999969
probe_part_uncorrected_009,395.925000,-0.473251,0.002101,0.744055,0.001107,-0.009296,0.000023,0.999956
probe_part_uncorrected_009,395.935000,-0.473031,0.002283,0.744010,0.001112,-0.010855,0.000022,0.999940
probe_part_uncorrected_009,395.945000,-0.472813,0.002474,0.743971,0.001116,-0.012213,0.000021,0.999925
probe_part_uncorrected_009,395.955000,-0.472617,0.002674,0.743947,0.001119,-0.013013,0.000021,0.999915
probe_part_uncorrected_009,395.965000,-0.472422,0.002884,0.743928,0.001123,-0.013650,0.000021,0.999906
probe_part_uncorrected_009,395.975000,-0.472236,0.003103,0.743918,0.001126,-0.013967,0.000020,0.999902
probe_part_uncorrected_009,395.983000,-0.472095,0.003285,0.743917,0.001129,-0.013967,0.000018,0.999902
probe_part_uncorrected_009,395.991000,-0.471949,0.003474,0.743916,0.001131,-0.013967,0.000016,0.999902
probe_part_uncorrected_009,396.001000,-0.471759,0.003718,0.743914,0.001134,-0.013967,0.000013,0.999902
probe_part_uncorrected_009,396.011000,-0.471563,0.003970,0.743913,0.001136,-0.013967,0.000011,0.999902
probe_part_uncorrected_009,396.023000,-0.471318,0.004289,0.743910,0.001131,-0.013967,0.000010,0.999902
probe_part_uncorrected_009,396.034000,-0.471083,0.004593,0.743906,0.001124,-0.013966,0.000010,0.999902
probe_part_uncorrected_009,396.045000,-0.470840,0.004907,0.743902,0.001121,-0.013966,0.000009,0.999902
probe_part_uncorrected_009,396.056000,-0.470588,0.005234,0.743898,0.001113,-0.013976,0.000009,0.999902
probe_part_uncorrected_009,396.068000,-0.470303,0.005596,0.743894,0.001118,-0.013976,0.000009,0.999902
probe_part_uncorrected_009,396.081000,-0.469982,0.006004,0.743890,0.001123,-0.013976,0.000010,0.999902
probe_part_uncorrected_009,396.094000,-0.469648,0.006427,0.743887,0.001128,-0.013976,0.000010,0.999902
probe_part_uncorrected_009,396.107000,-0.469301,0.006865,0.743883,0.001134,-0.013976,0.000011,0.999902
probe_part_uncorrected_009,396.120000,-0.468941,0.007319,0.743879,0.001139,-0.013976,0.000011,0.999902
probe_part_uncorrected_009,396.133000,-0.468569,0.007788,0.743876,0.001145,-0.013976,0.000012,0.999902
probe_part_uncorrected_009,396.147000,-0.468154,0.008309,0.743871,0.001152,-0.013976,0.000012,0.999902
probe_part_uncorrected_009,396.160000,-0.467755,0.008810,0.743867,0.001158,-0.013976,0.000013,0.999902
probe_part_uncorrected_009,396.173000,-0.467344,0.009325,0.743862,0.001163,-0.013976,0.000013,0.999902
probe_part_uncorrected_009,396.185000,-0.466952,0.009814,0.743858,0.001169,-0.013976,0.000013,0.999902
probe_part_uncorrected_009,396.198000,-0.466515,0.010359,0.743853,0.001175,-0.013976,0.000014,0.999902
probe_part_uncorrected_009,396.211000,-0.466065,0.010919,0.743848,0.001180,-0.013976,0.000014,0.999902
probe_part_uncorrected_009,396.224000,-0.465602,0.011494,0.743843,0.001185,-0.013976,0.000015,0.999902
probe_part_uncorrected_009,396.237000,-0.465126,0.012084,0.743837,0.001190,-0.013976,0.000015,0.999902
probe_part_uncorrected_009,396.248000,-0.464713,0.012595,0.743832,0.001194,-0.013976,0.000015,0.999902
probe_part_uncorrected_009,396.262000,-0.464173,0.013261,0.743825,0.001198,-0.013976,0.000016,0.999902
probe_part_uncorrected_009,396.275000,-0.463657,0.013895,0.743819,0.001201,-0.013976,0.000016,0.999902
probe_part_uncorrected_009,396.288000,-0.463128,0.014544,0.743812,0.001204,-0.013976,0.000017,0.999902
probe_part_uncorrected_009,396.301000,-0.462586,0.015208,0.743805,0.001207,-0.013976,0.000017,0.999902
probe_part_uncorrected_009,396.314000,-0.462030,0.015886,0.743798,0.001209,-0.013976,0.000017,0.999902
probe_part_uncorrected_009,396.327000,-0.461461,0.016579,0.743790,0.001211,-0.013976,0.000018,0.999902
probe_part_uncorrected_009,396.340000,-0.460878,0.017287,0.743782,0.001213,-0.013976,0.000018,0.999902
probe_part_uncorrected_009,396.353000,-0.460281,0.018010,0.743774,0.001212,-0.013976,0.000018,0.999902
probe_part_uncorrected_009,396.366000,-0.459670,0.018750,0.743765,0.001208,-0.013976,0.000019,0.999902
probe_part_uncorrected_009,396.379000,-0.459045,0.019503,0.743756,0.001204,-0.013976,0.000020,0.999902
probe_part_uncorrected_009,396.392000,-0.458406,0.020270,0.743746,0.001201,-0.013976,0.000020,0.999902
probe_part_uncorrected_009,396.405000,-0.457753,0.021051,0.743737,0.001200,-0.013976,0.000021,0.999902
probe_part_uncorrected_009,396.417000,-0.457138,0.021784,0.743728,0.001198,-0.013976,0.000021,0.999902
probe_part_uncorrected_009,396.430000,-0.456458,0.022591,0.743718,0.001197,-0.013976,0.000022,0.999902
probe_part_uncorrected_009,396.443000,-0.455769,0.023406,0.743708,0.001197,-0.013976,0.000022,0.999902
probe_part_uncorrected_009,396.456000,-0.455059,0.024243,0.743698,0.001197,-0.013976,0.000022,0.999902
probe_part_uncorrected_009,396.469000,-0.454335,0.025092,0.743688,0.001197,-0.013975,0.000023,0.999902
probe_part_uncorrected_009,396.482000,-0.453596,0.025955,0.743678,0.001198,-0.013975,0.000023,0.999902
probe_part_uncorrected_009,396.493000,-0.452960,0.026696,0.743670,0.001199,-0.013975,0.000023,0.999902
probe_part_uncorrected_009,396.505000,-0.452254,0.027515,0.743660,0.001200,-0.013975,0.000024,0.999902
probe_part_uncorrected_009,396.518000,-0.451475,0.028415,0.743650,0.001201,-0.013975,0.000024,0.999902
probe_part_uncorrected_009,396.531000,-0.450681,0.029329,0.743639,0.001202,-0.013975,0.000025,0.999902
probe_part_uncorrected_009,396.545000,-0.449809,0.030327,0.743627,0.001203,-0.013975,0.000025,0.999902
probe_part_uncorrected_009,396.559000,-0.448920,0.031341,0.743615,0.001204,-0.013975,0.000025,0.999902
probe_part_uncorrected_009,396.573000,-0.448014,0.032370,0.743603,0.001205,-0.013975,0.000026,0.999902
probe_part_uncorrected_009,396.586000,-0.447157,0.033339,0.743592,0.001206,-0.013975,0.000026,0.999902
probe_part_uncorrected_009,396.599000,-0.446284,0.034321,0.743580,0.001207,-0.013975,0.000026,0.999902
probe_part_uncorrected_009,396.613000,-0.445327,0.035392,0.743568,0.001208,-0.013975,0.000027,0.999902
probe_part_uncorrected_009,396.627000,-0.444352,0.036479,0.743555,0.001209,-0.013975,0.000027,0.999902
probe_part_uncorrected_009,396.641000,-0.443358,0.037580,0.743542,0.001211,-0.013975,0.000027,0.999902
probe_part_uncorrected_009,396.655000,-0.442347,0.038696,0.743528,0.001212,-0.013975,0.000028,0.999902
probe_part_uncorrected_009,396.668000,-0.441391,0.039745,0.743516,0.001213,-0.013975,0.000028,0.999902
probe_part_uncorrected_009,396.681000,-0.440419,0.040807,0.743503,0.001214,-0.013975,0.000028,0.999902
probe_part_uncorrected_009,396.694000,-0.439431,0.041880,0.743490,0.001215,-0.013975,0.000029,0.999902
probe_part_uncorrected_009,396.707000,-0.438427,0.042966,0.743477,0.001216,-0.013975,0.000029,0.999902
probe_part_uncorrected_009,396.720000,-0.437407,0.044064,0.743464,0.001217,-0.013975,0.000029,0.999902
probe_part_uncorrected_009,396.734000,-0.436290,0.045259,0.743449,0.001218,-0.013975,0.000030,0.999902
probe_part_uncorrected_009,396.748000,-0.435154,0.046468,0.743435,0.001219,-0.013975,0.000030,0.999902
probe_part_uncorrected_009,396.762000,-0.433999,0.047691,0.743420,0.001220,-0.013975,0.000030,0.999902
probe_part_uncorrected_009,396.776000,-0.432824,0.048926,0.743404,0.001221,-0.013975,0.000031,0.999902
probe_part_uncorrected_009,396.790000,-0.431630,0.050176,0.743389,0.001222,-0.013975,0.000031,0.999902
probe_part_uncorrected_009,396.803000,-0.430503,0.051347,0.743375,0.001223,-0.013975,0.000031,0.999902
probe_part_uncorrected_009,396.813000,-0.429625,0.052256,0.743363,0.001224,-0.013975,0.000031,0.999902
probe_part_uncorrected_009,396.826000,-0.428469,0.053447,0.743349,0.001225,-0.013975,0.000032,0.999902
probe_part_uncorrected_009,396.839000,-0.427295,0.054649,0.743334,0.001226,-0.013975,0.000032,0.999902
probe_part_uncorrected_009,396.852000,-0.426104,0.055861,0.743319,0.001227,-0.013975,0.000032,0.999902
probe_part_uncorrected_009,396.864000,-0.424989,0.056990,0.743304,0.001227,-0.013975,0.000032,0.999902
probe_part_uncorrected_009,396.876000,-0.423859,0.058128,0.743290,0.001228,-0.013975,0.000032,0.999902
probe_part_uncorrected_009,396.889000,-0.422618,0.059371,0.743275,0.001229,-0.013975,0.000033,0.999902
probe_part_uncorrected_009,396.902000,-0.421359,0.060624,0.743259,0.001230,-0.013975,0.000033,0.999902
probe_part_uncorrected_009,396.916000,-0.419983,0.061985,0.743241,0.001231,-0.013975,0.000033,0.999902
probe_part_uncorrected_009,396.929000,-0.418687,0.063258,0.743225,0.001232,-0.013975,0.000033,0.999902
probe_part_uncorrected_009,396.942000,-0.417373,0.064541,0.743209,0.001233,-0.013975,0.000034,0.999902
probe_part_uncorrected_009,396.955000,-0.416041,0.065835,0.743192,0.001234,-0.013975,0.000034,0.999902
probe_part_uncorrected_009,396.968000,-0.414690,0.067138,0.743176,0.001235,-0.013975,0.000034,0.999902
probe_part_uncorrected_009,396.981000,-0.413320,0.068450,0.743159,0.001236,-0.013975,0.000034,0.999902
probe_part_uncorrected_009,396.994000,-0.411932,0.069771,0.743142,0.001237,-0.013975,0.000035,0.999902
probe_part_uncorrected_009,397.005000,-0.410744,0.070896,0.743127,0.001236,-0.013975,0.000034,0.999902
probe_part_uncorrected_009,397.016000,-0.409541,0.072028,0.743112,0.001236,-0.013974,0.000034,0.999902
probe_part_uncorrected_009,397.028000,-0.408214,0.073271,0.743096,0.001235,-0.013974,0.000035,0.999902
probe_part_uncorrected_009,397.040000,-0.406871,0.074521,0.743079,0.001231,-0.013974,0.000035,0.999902
probe_part_uncorrected_009,397.053000,-0.405398,0.075884,0.743060,0.001228,-0.013974,0.000036,0.999902
probe_part_uncorrected_009,397.065000,-0.404020,0.077150,0.743042,0.001224,-0.013973,0.000036,0.999902
probe_part_uncorrected_009,397.077000,-0.402627,0.078426,0.743024,0.001215,-0.013973,0.000034,0.999902
probe_part_uncorrected_009,397.089000,-0.401216,0.079707,0.743005,0.001208,-0.013971,0.000031,0.999902
probe_part_uncorrected_009,397.101000,-0.399789,0.080995,0.742987,0.001202,-0.013970,0.000029,0.999902
probe_part_uncorrected_009,397.113000,-0.398345,0.082289,0.742968,0.001197,-0.013969,0.000027,0.999902
probe_part_uncorrected_009,397.125000,-0.396885,0.083588,0.742949,0.001192,-0.013968,0.000025,0.999902
probe_part_uncorrected_009,397.137000,-0.395407,0.084894,0.742930,0.001187,-0.013967,0.000023,0.999902
probe_part_uncorrected_009,397.149000,-0.393912,0.086206,0.742911,0.001183,-0.013966,0.000020,0.999902
probe_part_uncorrected_009,397.161000,-0.392401,0.087523,0.742892,0.001180,-0.013965,0.000018,0.999902
probe_part_uncorrected_009,397.173000,-0.390872,0.088846,0.742873,0.001176,-0.013964,0.000016,0.999902
probe_part_uncorrected_009,397.185000,-0.389326,0.090175,0.742854,0.001173,-0.013963,0.000014,0.999902
probe_part_uncorrected_009,397.197000,-0.387761,0.091510,0.742835,0.001167,-0.013963,0.000013,0.999902
probe_part_uncorrected_009,397.210000,-0.386047,0.092963,0.742813,0.001163,-0.013962,0.000012,0.999902
probe_part_uncorrected_009,397.223000,-0.384312,0.094418,0.742792,0.001166,-0.013962,0.000012,0.999902
probe_part_uncorrected_009,397.235000,-0.382691,0.095763,0.742774,0.001175,-0.013961,0.000012,0.999902
probe_part_uncorrected_009,397.246000,-0.381190,0.097004,0.742758,0.001176,-0.013961,0.000013,0.999902
probe_part_uncorrected_009,397.258000,-0.379539,0.098356,0.742739,0.001186,-0.013961,0.000014,0.999902
probe_part_uncorrected_009,397.270000,-0.377872,0.099713,0.742721,0.001190,-0.013960,0.000014,0.999902
probe_part_uncorrected_009,397.283000,-0.376050,0.101184,0.742701,0.001193,-0.013960,0.000015,0.999902
probe_part_uncorrected_009,397.296000,-0.374215,0.102653,0.742681,0.001200,-0.013960,0.000016,0.999902
probe_part_uncorrected_009,397.307000,-0.372653,0.103898,0.742663,0.001195,-0.013960,0.000016,0.999902
probe_part_uncorrected_009,397.319000,-0.370939,0.105250,0.742644,0.001202,-0.013960,0.000017,0.999902
probe_part_uncorrected_009,397.331000,-0.369216,0.106604,0.742624,0.001195,-0.013959,0.000016,0.999902
probe_part_uncorrected_009,397.343000,-0.367485,0.107955,0.742603,0.001189,-0.013960,0.000016,0.999902
probe_part_uncorrected_009,397.356000,-0.365602,0.109404,0.742582,0.001199,-0.013960,0.000016,0.999902
probe_part_uncorrected_009,397.368000,-0.363855,0.110741,0.742563,0.001201,-0.013959,0.000017,0.999902
probe_part_uncorrected_009,397.380000,-0.362102,0.112071,0.742543,0.001206,-0.013959,0.000017,0.999902
probe_part_uncorrected_009,397.392000,-0.360348,0.113430,0.742500,0.000997,-0.013878,-0.000021,0.999903
probe_part_uncorrected_009,397.403000,-0.358730,0.114675,0.742460,0.000918,-0.013878,-0.000014,0.999903
probe_part_uncorrected_009,397.414000,-0.357105,0.115907,0.742425,0.000855,-0.013916,-0.000010,0.999903
probe_part_uncorrected_009,397.426000,-0.355326,0.117237,0.742390,0.000804,-0.013974,-0.000007,0.999902
probe_part_uncorrected_009,397.438000,-0.353544,0.118555,0.742361,0.000767,-0.013973,-0.000004,0.999902
probe_part_uncorrected_009,397.450000,-0.351756,0.119863,0.742334,0.000740,-0.013973,-0.000001,0.999902
probe_part_uncorrected_009,397.462000,-0.349959,0.121132,0.742297,0.000888,-0.014025,0.000033,0.999901
probe_part_uncorrected_009,397.474000,-0.348161,0.122424,0.742275,0.000873,-0.014025,0.000036,0.999901
probe_part_uncorrected_009,397.486000,-0.346359,0.123709,0.742253,0.000857,-0.014025,0.000038,0.999901
probe_part_uncorrected_009,397.497000,-0.344702,0.124879,0.742233,0.000844,-0.014025,0.000040,0.999901
probe_part_uncorrected_009,397.508000,-0.343041,0.126044,0.742213,0.000832,-0.014024,0.000042,0.999901
probe_part_uncorrected_009,397.519000,-0.341375,0.127202,0.742193,0.000822,-0.014031,0.000044,0.999901
probe_part_uncorrected_009,397.531000,-0.339554,0.128459,0.742172,0.000813,-0.014031,0.000046,0.999901
probe_part_uncorrected_009,397.543000,-0.337728,0.129707,0.742150,0.000805,-0.014031,0.000048,0.999901
probe_part_uncorrected_009,397.555000,-0.335898,0.130949,0.742130,0.000798,-0.014031,0.000050,0.999901
probe_part_uncorrected_009,397.567000,-0.334063,0.132183,0.742109,0.000793,-0.014030,0.000052,0.999901
probe_part_uncorrected_009,397.579000,-0.332229,0.133367,0.742077,0.001026,-0.013872,0.000087,0.999903
probe_part_uncorrected_009,397.591000,-0.330384,0.134568,0.742063,0.001070,-0.013872,0.000081,0.999903
probe_part_uncorrected_009,397.603000,-0.328536,0.135766,0.742051,0.001103,-0.013873,0.000076,0.999903
probe_part_uncorrected_009,397.615000,-0.326683,0.136959,0.742038,0.001131,-0.013874,0.000071,0.999903
probe_part_uncorrected_009,397.627000,-0.324825,0.138146,0.742024,0.001156,-0.013875,0.000066,0.999903
probe_part_uncorrected_009,397.639000,-0.322963,0.139327,0.742009,0.001177,-0.013875,0.000061,0.999903
probe_part_uncorrected_009,397.651000,-0.321097,0.140503,0.741994,0.001196,-0.013875,0.000061,0.999903
probe_part_uncorrected_009,397.661000,-0.319537,0.141474,0.741970,0.001286,-0.013851,0.000085,0.999903
probe_part_uncorrected_009,397.670000,-0.318132,0.142350,0.741955,0.001293,-0.013851,0.000082,0.999903
probe_part_uncorrected_009,397.680000,-0.316567,0.143320,0.741940,0.001298,-0.013850,0.000079,0.999903
probe_part_uncorrected_009,397.689000,-0.315157,0.144185,0.741916,0.001310,-0.013861,0.000054,0.999903
probe_part_uncorrected_009,397.699000,-0.313587,0.145144,0.741898,0.001321,-0.013861,0.000054,0.999903
probe_part_uncorrected_009,397.710000,-0.311857,0.146196,0.741880,0.001323,-0.013861,0.000054,0.999903
probe_part_uncorrected_009,397.720000,-0.310281,0.147147,0.741865,0.001324,-0.013861,0.000054,0.999903
probe_part_uncorrected_009,397.729000,-0.308860,0.147999,0.741851,0.001325,-0.013861,0.000054,0.999903
probe_part_uncorrected_009,397.740000,-0.307120,0.149034,0.741833,0.001326,-0.013861,0.000054,0.999903
probe_part_uncorrected_009,397.750000,-0.305536,0.149967,0.741805,0.001346,-0.013875,0.000032,0.999903
probe_part_uncorrected_009,397.760000,-0.303948,0.150896,0.741788,0.001352,-0.013875,0.000032,0.999903
probe_part_uncorrected_009,397.771000,-0.302198,0.151915,0.741770,0.001353,-0.013875,0.000032,0.999903
probe_part_uncorrected_009,397.782000,-0.300445,0.152927,0.741752,0.001352,-0.013875,0.000032,0.999903
probe_part_uncorrected_009,397.792000,-0.298849,0.153843,0.741736,0.001351,-0.013875,0.000031,0.999903
probe_part_uncorrected_009,397.802000,-0.297249,0.154753,0.741720,0.001351,-0.013875,0.000031,0.999903
probe_part_uncorrected_009,397.813000,-0.295486,0.155749,0.741703,0.001351,-0.013875,0.000028,0.999903
probe_part_uncorrected_009,397.823000,-0.293882,0.156650,0.741664,0.001360,-0.013904,-0.000015,0.999902
probe_part_uncorrected_009,397.833000,-0.292274,0.157570,0.741637,0.001302,-0.013911,-0.000010,0.999902
probe_part_uncorrected_009,397.843000,-0.290662,0.158466,0.741611,0.001287,-0.013947,-0.000007,0.999902
probe_part_uncorrected_009,397.853000,-0.289047,0.159341,0.741592,0.001306,-0.013967,-0.000007,0.999902
probe_part_uncorrected_009,397.864000,-0.287270,0.160306,0.741575,0.001311,-0.013967,-0.000006,0.999902
probe_part_uncorrected_009,397.873000,-0.285813,0.161090,0.741562,0.001315,-0.013967,-0.000006,0.999902
probe_part_uncorrected_009,397.883000,-0.284191,0.161957,0.741547,0.001318,-0.013967,-0.000006,0.999902
probe_part_uncorrected_009,397.892000,-0.282730,0.162733,0.741533,0.001321,-0.013967,-0.000005,0.999902
probe_part_uncorrected_009,397.902000,-0.281104,0.163592,0.741518,0.001320,-0.013968,-0.000005,0.999902
probe_part_uncorrected_009,397.912000,-0.279475,0.164448,0.741502,0.001316,-0.013967,-0.000005,0.999902
probe_part_uncorrected_009,397.922000,-0.277844,0.165309,0.741471,0.001277,-0.013977,-0.000026,0.999901
probe_part_uncorrected_009,397.933000,-0.276046,0.166257,0.741444,0.001228,-0.013978,-0.000020,0.999902
probe_part_uncorrected_009,397.943000,-0.274390,0.167092,0.741412,0.001233,-0.014351,-0.000018,0.999896
probe_part_uncorrected_009,397.953000,-0.272684,0.167916,0.741359,0.001254,-0.015664,-0.000020,0.999877
probe_part_uncorrected_009,397.963000,-0.270975,0.168738,0.741307,0.001266,-0.016994,-0.000023,0.999855
probe_part_uncorrected_009,397.973000,-0.269330,0.169557,0.741293,0.001272,-0.016994,-0.000024,0.999855
probe_part_uncorrected_009,397.984000,-0.267518,0.170465,0.741264,0.001181,-0.017014,-0.000041,0.999855
probe_part_uncorrected_009,397.994000,-0.265869,0.171282,0.741231,0.001165,-0.017033,-0.000055,0.999854
probe_part_uncorrected_009,398.005000,-0.264052,0.172194,0.741200,0.001104,-0.017045,-0.000048,0.999854
probe_part_uncorrected_009,398.015000,-0.262397,0.172997,0.741175,0.001096,-0.017057,-0.000045,0.999854
probe_part_uncorrected_009,398.025000,-0.260732,0.173781,0.741154,0.001120,-0.017207,-0.000045,0.999851
probe_part_uncorrected_009,398.035000,-0.259060,0.174564,0.741132,0.001135,-0.017461,-0.000044,0.999847
probe_part_uncorrected_009,398.046000,-0.257221,0.175415,0.741099,0.001152,-0.017685,-0.000068,0.999843
probe_part_uncorrected_009,398.056000,-0.255556,0.176207,0.741079,0.001121,-0.017710,-0.000063,0.999843
probe_part_uncorrected_009,398.066000,-0.253889,0.176994,0.741057,0.001088,-0.017735,-0.000058,0.999842
probe_part_uncorrected_009,398.077000,-0.252051,0.177842,0.741034,0.001077,-0.017772,-0.000054,0.999841
probe_part_uncorrected_009,398.087000,-0.250380,0.178599,0.741002,0.001087,-0.017791,-0.000080,0.999841
probe_part_uncorrected_009,398.098000,-0.248538,0.179448,0.740978,0.001049,-0.017805,-0.000074,0.999841
probe_part_uncorrected_009,398.109000,-0.246694,0.180288,0.740955,0.001012,-0.017806,-0.000069,0.999841
probe_part_uncorrected_009,398.120000,-0.244847,0.181120,0.740931,0.000979,-0.017806,-0.000066,0.999841
probe_part_uncorrected_009,398.131000,-0.242997,0.181944,0.740908,0.000949,-0.017805,-0.000063,0.999841
probe_part_uncorrected_009,398.143000,-0.240976,0.182834,0.740883,0.000920,-0.017805,-0.000060,0.999841
probe_part_uncorrected_009,398.154000,-0.239121,0.183642,0.740861,0.000896,-0.017805,-0.000057,0.999841
probe_part_uncorrected_009,398.166000,-0.237094,0.184515,0.740838,0.000873,-0.017805,-0.000054,0.999841
probe_part_uncorrected_009,398.176000,-0.235402,0.185236,0.740818,0.000856,-0.017805,-0.000052,0.999841
probe_part_uncorrected_009,398.186000,-0.233708,0.185951,0.740799,0.000840,-0.017804,-0.000050,0.999841
probe_part_uncorrected_009,398.194000,-0.232352,0.186518,0.740784,0.000829,-0.017804,-0.000048,0.999841
probe_part_uncorrected_009,398.204000,-0.230654,0.187222,0.740765,0.000816,-0.017804,-0.000046,0.999841
probe_part_uncorrected_009,398.216000,-0.228615,0.188059,0.740742,0.000802,-0.017804,-0.000043,0.999841
probe_part_uncorrected_009,398.228000,-0.226572,0.188888,0.740720,0.000790,-0.017803,-0.000041,0.999841
probe_part_uncorrected_009,398.239000,-0.224697,0.189640,0.740700,0.000780,-0.017803,-0.000039,0.999841
probe_part_uncorrected_009,398.250000,-0.222816,0.190336,0.740672,0.001041,-0.017824,0.000005,0.999841
probe_part_uncorrected_009,398.262000,-0.220765,0.191143,0.740653,0.001029,-0.017823,0.000007,0.999841
probe_part_uncorrected_009,398.274000,-0.218711,0.191945,0.740632,0.001012,-0.017823,0.000008,0.999841
probe_part_uncorrected_009,398.286000,-0.216654,0.192740,0.740610,0.000993,-0.017823,0.000010,0.999841
probe_part_uncorrected_009,398.298000,-0.214595,0.193528,0.740588,0.000971,-0.017823,0.000011,0.999841
probe_part_uncorrected_009,398.310000,-0.212530,0.194255,0.740557,0.001216,-0.017814,0.000051,0.999841
probe_part_uncorrected_009,398.322000,-0.210465,0.195021,0.740539,0.001210,-0.017814,0.000053,0.999841
probe_part_uncorrected_009,398.334000,-0.208397,0.195774,0.740520,0.001219,-0.017825,0.000054,0.999840
probe_part_uncorrected_009,398.346000,-0.206326,0.196521,0.740502,0.001221,-0.017824,0.000055,0.999840
probe_part_uncorrected_009,398.358000,-0.204253,0.197260,0.740484,0.001224,-0.017824,0.000056,0.999840
probe_part_uncorrected_009,398.370000,-0.202188,0.197952,0.740449,0.001437,-0.017566,0.000089,0.999845
probe_part_uncorrected_009,398.376000,-0.201163,0.198305,0.740433,0.001463,-0.017272,0.000086,0.999850
probe_part_uncorrected_009,398.385000,-0.199604,0.198835,0.740424,0.001493,-0.017272,0.000082,0.999850
probe_part_uncorrected_009,398.397000,-0.197523,0.199536,0.740412,0.001524,-0.017272,0.000076,0.999850
probe_part_uncorrected_009,398.408000,-0.195612,0.200174,0.740400,0.001550,-0.017272,0.000071,0.999850
probe_part_uncorrected_009,398.420000,-0.193526,0.200863,0.740387,0.001574,-0.017272,0.000066,0.999850
probe_part_uncorrected_009,398.431000,-0.191611,0.201494,0.740373,0.001581,-0.017273,0.000064,0.999850
probe_part_uncorrected_009,398.442000,-0.189695,0.202115,0.740358,0.001598,-0.017273,0.000064,0.999850
probe_part_uncorrected_009,398.454000,-0.187601,0.202785,0.740343,0.001618,-0.017273,0.000063,0.999849
probe_part_uncorrected_009,398.468000,-0.185156,0.203557,0.740324,0.001636,-0.017273,0.000062,0.999849
probe_part_uncorrected_009,398.481000,-0.182883,0.204266,0.740307,0.001651,-0.017273,0.000061,0.999849
probe_part_uncorrected_009,398.494000,-0.180606,0.204965,0.740288,0.001664,-0.017273,0.000060,0.999849
probe_part_uncorrected_009,398.507000,-0.178328,0.205656,0.740270,0.001676,-0.017273,0.000059,0.999849
probe_part_uncorrected_009,398.521000,-0.175870,0.206390,0.740249,0.001687,-0.017273,0.000059,0.999849
probe_part_uncorrected_009,398.534000,-0.173586,0.207061,0.740230,0.001696,-0.017273,0.000058,0.999849
probe_part_uncorrected_009,398.548000,-0.171123,0.207775,0.740209,0.001705,-0.017273,0.000057,0.999849
probe_part_uncorrected_009,398.562000,-0.168657,0.208478,0.740187,0.001712,-0.017273,0.000056,0.999849
probe_part_uncorrected_009,398.576000,-0.166189,0.209170,0.740165,0.001719,-0.017273,0.000056,0.999849
probe_part_uncorrected_009,398.589000,-0.163894,0.209803,0.740145,0.001725,-0.017273,0.000055,0.999849
probe_part_uncorrected_009,398.599000,-0.162127,0.210284,0.740129,0.001728,-0.017273,0.000055,0.999849
probe_part_uncorrected_009,398.607000,-0.160712,0.210665,0.740116,0.001731,-0.017273,0.000054,0.999849
probe_part_uncorrected_009,398.617000,-0.158943,0.211136,0.740100,0.001735,-0.017273,0.000054,0.999849
probe_part_uncorrected_009,398.628000,-0.156994,0.211647,0.740083,0.001738,-0.017272,0.000053,0.999849
probe_part_uncorrected_009,398.638000,-0.155222,0.212107,0.740066,0.001740,-0.017272,0.000053,0.999849
probe_part_uncorrected_009,398.650000,-0.153094,0.212652,0.740047,0.001741,-0.017271,0.000052,0.999849
probe_part_uncorrected_009,398.661000,-0.151141,0.213145,0.740028,0.001741,-0.017270,0.000052,0.999849
probe_part_uncorrected_009,398.671000,-0.149364,0.213586,0.740012,0.001743,-0.017270,0.000052,0.999849
probe_part_uncorrected_009,398.681000,-0.147594,0.214020,0.739995,0.001743,-0.017270,0.000051,0.999849
probe_part_uncorrected_009,398.692000,-0.145646,0.214492,0.739977,0.001744,-0.017269,0.000051,0.999849
probe_part_uncorrected_009,398.704000,-0.143506,0.215002,0.739957,0.001742,-0.017269,0.000050,0.999849
probe_part_uncorrected_009,398.716000,-0.141365,0.215504,0.739936,0.001741,-0.017269,0.000050,0.999849
probe_part_uncorrected_009,398.728000,-0.139222,0.215998,0.739915,0.001739,-0.017268,0.000049,0.999849
probe_part_uncorrected_009,398.740000,-0.137079,0.216486,0.739895,0.001734,-0.017267,0.000047,0.999849
probe_part_uncorrected_009,398.750000,-0.135291,0.216886,0.739877,0.001729,-0.017266,0.000045,0.999849
probe_part_uncorrected_009,398.760000,-0.133503,0.217280,0.739859,0.001725,-0.017265,0.000042,0.999849
probe_part_uncorrected_009,398.771000,-0.131534,0.217707,0.739839,0.001721,-0.017265,0.000039,0.999849
probe_part_uncorrected_009,398.782000,-0.129565,0.218126,0.739820,0.001718,-0.017263,0.000036,0.999849
probe_part_uncorrected_009,398.793000,-0.127594,0.218539,0.739801,0.001715,-0.017263,0.000034,0.999850
probe_part_uncorrected_009,398.805000,-0.125442,0.218981,0.739779,0.001712,-0.017262,0.000031,0.999850
probe_part_uncorrected_009,398.816000,-0.123469,0.219379,0.739760,0.001709,-0.017262,0.000029,0.999850
probe_part_uncorrected_009,398.827000,-0.121495,0.219769,0.739741,0.001707,-0.017262,0.000027,0.999850
probe_part_uncorrected_009,398.839000,-0.119339,0.220188,0.739720,0.001704,-0.017261,0.000024,0.999850
probe_part_uncorrected_009,398.851000,-0.117183,0.220598,0.739699,0.001702,-0.017261,0.000022,0.999850
probe_part_uncorrected_009,398.863000,-0.115025,0.221000,0.739678,0.001700,-0.017260,0.000020,0.999850
probe_part_uncorrected_009,398.874000,-0.113046,0.221361,0.739659,0.001699,-0.017260,0.000017,0.999850
probe_part_uncorrected_009,398.886000,-0.110885,0.221747,0.739639,0.001697,-0.017259,0.000015,0.999850
probe_part_uncorrected_009,398.898000,-0.108724,0.222124,0.739618,0.001696,-0.017259,0.000013,0.999850
probe_part_uncorrected_009,398.909000,-0.106741,0.222463,0.739599,0.001695,-0.017258,0.000012,0.999850
probe_part_uncorrected_009,398.921000,-0.104577,0.222825,0.739578,0.001694,-0.017258,0.000010,0.999850
probe_part_uncorrected_009,398.932000,-0.102592,0.223150,0.739559,0.001693,-0.017258,0.000008,0.999850
probe_part_uncorrected_009,398.944000,-0.100426,0.223496,0.739539,0.001692,-0.017257,0.000007,0.999850
probe_part_uncorrected_009,398.956000,-0.098259,0.223834,0.739518,0.001691,-0.017257,0.000005,0.999850
probe_part_uncorrected_009,398.968000,-0.096090,0.224163,0.739498,0.001690,-0.017256,0.000003,0.999850
probe_part_uncorrected_009,398.980000,-0.093921,0.224484,0.739477,0.001689,-0.017255,0.000002,0.999850
probe_part_uncorrected_009,398.992000,-0.091750,0.224797,0.739457,0.001688,-0.017255,0.000000,0.999850
probe_part_uncorrected_009,399.004000,-0.089578,0.225102,0.739436,0.001688,-0.017254,-0.000002,0.999850
probe_part_uncorrected_009,399.014000,-0.087768,0.225350,0.739419,0.001687,-0.017254,-0.000003,0.999850
probe_part_uncorrected_009,399.024000,-0.085957,0.225592,0.739402,0.001686,-0.017254,-0.000004,0.999850
probe_part_uncorrected_009,399.032000,-0.084508,0.225781,0.739388,0.001686,-0.017253,-0.000006,0.999850
probe_part_uncorrected_009,399.041000,-0.082877,0.225990,0.739373,0.001685,-0.017253,-0.000007,0.999850
probe_part_uncorrected_009,399.051000,-0.081064,0.226217,0.739356,0.001685,-0.017253,-0.000008,0.999850
probe_part_uncorrected_009,399.060000,-0.079432,0.226416,0.739340,0.001684,-0.017252,-0.000010,0.999850
probe_part_uncorrected_009,399.070000,-0.077637,0.226629,0.739323,0.001684,-0.017252,-0.000011,0.999850
probe_part_uncorrected_009,399.080000,-0.075820,0.226840,0.739306,0.001683,-0.017252,-0.000012,0.999850
probe_part_uncorrected_009,399.090000,-0.074002,0.227044,0.739289,0.001683,-0.017251,-0.000014,0.999850
probe_part_uncorrected_009,399.100000,-0.072185,0.227243,0.739272,0.001682,-0.017251,-0.000015,0.999850
probe_part_uncorrected_009,399.110000,-0.070367,0.227436,0.739255,0.001682,-0.017251,-0.000017,0.999850
probe_part_uncorrected_009,399.121000,-0.068367,0.227642,0.739236,0.001681,-0.017250,-0.000018,0.999850
probe_part_uncorrected_009,399.132000,-0.066367,0.227840,0.739217,0.001681,-0.017250,-0.000019,0.999850
probe_part_uncorrected_009,399.143000,-0.064370,0.228068,0.739176,0.001487,-0.017209,-0.000046,0.999851
probe_part_uncorrected_009,399.153000,-0.062552,0.228255,0.739147,0.001443,-0.017193,-0.000042,0.999851
probe_part_uncorrected_009,399.164000,-0.060551,0.228437,0.739121,0.001433,-0.017193,-0.000041,0.999851
probe_part_uncorrected_009,399.175000,-0.058550,0.228611,0.739098,0.001424,-0.017193,-0.000041,0.999851
probe_part_uncorrected_009,399.186000,-0.056548,0.228778,0.739078,0.001417,-0.017193,-0.000041,0.999851
probe_part_uncorrected_009,399.199000,-0.054182,0.228966,0.739054,0.001409,-0.017193,-0.000040,0.999851
probe_part_uncorrected_009,399.211000,-0.051997,0.229130,0.739033,0.001403,-0.017193,-0.000040,0.999851
probe_part_uncorrected_009,399.223000,-0.049812,0.229286,0.739012,0.001397,-0.017194,-0.000039,0.999851
probe_part_uncorrected_009,399.236000,-0.047445,0.229447,0.738989,0.001388,-0.017194,-0.000039,0.999851
probe_part_uncorrected_009,399.248000,-0.045259,0.229587,0.738968,0.001381,-0.017194,-0.000038,0.999851
probe_part_uncorrected_009,399.260000,-0.043073,0.229718,0.738946,0.001375,-0.017194,-0.000038,0.999851
probe_part_uncorrected_009,399.273000,-0.040705,0.229850,0.738923,0.001369,-0.017194,-0.000037,0.999851
probe_part_uncorrected_009,399.286000,-0.038336,0.229972,0.738900,0.001364,-0.017194,-0.000037,0.999851
probe_part_uncorrected_009,399.299000,-0.035967,0.230084,0.738877,0.001360,-0.017194,-0.000036,0.999851
probe_part_uncorrected_009,399.312000,-0.033598,0.230186,0.738855,0.001357,-0.017194,-0.000036,0.999851
probe_part_uncorrected_009,399.325000,-0.031228,0.230278,0.738832,0.001355,-0.017194,-0.000036,0.999851
probe_part_uncorrected_009,399.338000,-0.028859,0.230360,0.738810,0.001353,-0.017194,-0.000035,0.999851
probe_part_uncorrected_009,399.351000,-0.026489,0.230432,0.738788,0.001354,-0.017194,-0.000035,0.999851
probe_part_uncorrected_009,399.364000,-0.024119,0.230492,0.738766,0.001360,-0.017194,-0.000035,0.999851
probe_part_uncorrected_009,399.376000,-0.021931,0.230537,0.738747,0.001368,-0.017194,-0.000034,0.999851
probe_part_uncorrected_009,399.389000,-0.019562,0.230576,0.738726,0.001379,-0.017194,-0.000034,0.999851
probe_part_uncorrected_009,399.402000,-0.017192,0.230604,0.738706,0.001392,-0.017194,-0.000034,0.999851
probe_part_uncorrected_009,399.414000,-0.015004,0.230621,0.738688,0.001405,-0.017194,-0.000033,0.999851
probe_part_uncorrected_009,399.422000,-0.013546,0.230628,0.738676,0.001414,-0.017194,-0.000033,0.999851
probe_part_uncorrected_009,399.431000,-0.011905,0.230631,0.738663,0.001424,-0.017194,-0.000033,0.999851
probe_part_uncorrected_009,399.440000,-0.010265,0.230630,0.738649,0.001435,-0.017195,-0.000032,0.999851
probe_part_uncorrected_009,399.452000,-0.008078,0.230621,0.738631,0.001448,-0.017195,-0.000032,0.999851
probe_part_uncorrected_009,399.463000,-0.006073,0.230605,0.738615,0.001461,-0.017195,-0.000032,0.999851
probe_part_uncorrected_009,399.475000,-0.003886,0.230580,0.738597,0.001474,-0.017195,-0.000031,0.999851
probe_part_uncorrected_009,399.487000,-0.001700,0.230548,0.738579,0.001486,-0.017195,-0.000031,0.999851
probe_part_uncorrected_009,399.499000,0.000487,0.230507,0.738561,0.001497,-0.017195,-0.000030,0.999851
probe_part_uncorrected_009,399.511000,0.002672,0.230459,0.738543,0.001508,-0.017195,-0.000030,0.999851
probe_part_uncorrected_009,399.523000,0.004858,0.230402,0.738524,0.001518,-0.017195,-0.000029,0.999851
probe_part_uncorrected_009,399.533000,0.006679,0.230349,0.738509,0.001526,-0.017196,-0.000029,0.999851
probe_part_uncorrected_009,399.545000,0.008864,0.230279,0.738490,0.001534,-0.017196,-0.000028,0.999851
probe_part_uncorrected_009,399.557000,0.011049,0.230201,0.738471,0.001540,-0.017196,-0.000028,0.999851
probe_part_uncorrected_009,399.569000,0.013233,0.230114,0.738452,0.001545,-0.017196,-0.000027,0.999851
probe_part_uncorrected_009,399.581000,0.015416,0.230020,0.738432,0.001551,-0.017196,-0.000027,0.999851
probe_part_uncorrected_009,399.593000,0.017599,0.229918,0.738413,0.001556,-0.017196,-0.000026,0.999851
probe_part_uncorrected_009,399.605000,0.019782,0.229807,0.738393,0.001561,-0.017196,-0.000026,0.999851
probe_part_uncorrected_009,399.618000,0.022145,0.229678,0.738372,0.001567,-0.017197,-0.000025,0.999851
probe_part_uncorrected_009,399.631000,0.024508,0.229540,0.738351,0.001571,-0.017197,-0.000024,0.999851
probe_part_uncorrected_009,399.645000,0.027052,0.229380,0.738328,0.001577,-0.017197,-0.000024,0.999851
probe_part_uncorrected_009,399.659000,0.029595,0.229208,0.738305,0.001583,-0.017197,-0.000023,0.999851
probe_part_uncorrected_009,399.673000,0.032137,0.229027,0.738282,0.001587,-0.017197,-0.000023,0.999851
probe_part_uncorrected_009,399.686000,0.034497,0.228850,0.738260,0.001586,-0.017198,-0.000022,0.999851
probe_part_uncorrected_009,399.698000,0.036675,0.228670,0.738230,0.001603,-0.017171,0.000020,0.999851
probe_part_uncorrected_009,399.709000,0.038670,0.228503,0.738209,0.001612,-0.017171,0.000016,0.999851
probe_part_uncorrected_009,399.720000,0.040665,0.228331,0.738190,0.001614,-0.017171,0.000013,0.999851
probe_part_uncorrected_009,399.731000,0.042658,0.228153,0.738172,0.001615,-0.017171,0.000009,0.999851
probe_part_uncorrected_009,399.742000,0.044651,0.227968,0.738154,0.001615,-0.017171,0.000006,0.999851
probe_part_uncorrected_009,399.753000,0.046643,0.227776,0.738135,0.001615,-0.017171,0.000003,0.999851
probe_part_uncorrected_009,399.764000,0.048635,0.227578,0.738116,0.001615,-0.017170,0.000000,0.999851
probe_part_uncorrected_009,399.775000,0.050625,0.227372,0.738098,0.001615,-0.017170,-0.000003,0.999851
probe_part_uncorrected_009,399.786000,0.052615,0.227159,0.738079,0.001615,-0.017170,-0.000005,0.999851
probe_part_uncorrected_009,399.798000,0.054784,0.226919,0.738059,0.001615,-0.017170,-0.000008,0.999851
probe_part_uncorrected_009,399.809000,0.056772,0.226692,0.738040,0.001615,-0.017169,-0.000010,0.999851
probe_part_uncorrected_009,399.820000,0.058759,0.226458,0.738022,0.001615,-0.017169,-0.000013,0.999851
probe_part_uncorrected_009,399.831000,0.060745,0.226218,0.738003,0.001615,-0.017168,-0.000015,0.999851
probe_part_uncorrected_009,399.842000,0.062730,0.225970,0.737984,0.001615,-0.017168,-0.000017,0.999851
probe_part_uncorrected_009,399.853000,0.064713,0.225715,0.737965,0.001615,-0.017167,-0.000019,0.999851
probe_part_uncorrected_009,399.864000,0.066696,0.225454,0.737947,0.001615,-0.017167,-0.000021,0.999851
probe_part_uncorrected_009,399.876000,0.068858,0.225161,0.737926,0.001614,-0.017166,-0.000023,0.999851
probe_part_uncorrected_009,399.886000,0.070659,0.224910,0.737909,0.001615,-0.017165,-0.000025,0.999851
probe_part_uncorrected_009,399.898000,0.072819,0.224603,0.737888,0.001612,-0.017165,-0.000026,0.999851
probe_part_uncorrected_009,399.909000,0.074797,0.224316,0.737869,0.001606,-0.017164,-0.000026,0.999851
probe_part_uncorrected_009,399.920000,0.076774,0.224021,0.737850,0.001603,-0.017164,-0.000027,0.999851
probe_part_uncorrected_009,399.930000,0.078571,0.223747,0.737832,0.001600,-0.017164,-0.000027,0.999851
probe_part_uncorrected_009,399.939000,0.080187,0.223496,0.737816,0.001597,-0.017163,-0.000028,0.999851
probe_part_uncorrected_009,399.950000,0.082161,0.223182,0.737797,0.001595,-0.017162,-0.000029,0.999851
probe_part_uncorrected_009,399.961000,0.084134,0.222861,0.737778,0.001593,-0.017162,-0.000029,0.999851
probe_part_uncorrected_009,399.973000,0.086285,0.222502,0.737757,0.001592,-0.017161,-0.000030,0.999851
probe_part_uncorrected_009,399.984000,0.088255,0.222167,0.737737,0.001588,-0.017161,-0.000030,0.999851
probe_part_uncorrected_009,399.997000,0.090581,0.221759,0.737715,0.001592,-0.017161,-0.000029,0.999851
probe_part_uncorrected_009,400.010000,0.092906,0.221340,0.737693,0.001598,-0.017161,-0.000028,0.999851
probe_part_uncorrected_009,400.023000,0.095229,0.220912,0.737672,0.001604,-0.017162,-0.000028,0.999851
probe_part_uncorrected_009,400.036000,0.097550,0.220474,0.737652,0.001611,-0.017162,-0.000027,0.999851
probe_part_uncorrected_009,400.049000,0.099870,0.220027,0.737631,0.001618,-0.017162,-0.000026,0.999851
probe_part_uncorrected_009,400.062000,0.102187,0.219570,0.737610,0.001626,-0.017162,-0.000025,0.999851
probe_part_uncorrected_009,400.075000,0.104502,0.219104,0.737589,0.001632,-0.017163,-0.000025,0.999851
probe_part_uncorrected_009,400.089000,0.106992,0.218592,0.737567,0.001639,-0.017163,-0.000024,0.999851
probe_part_uncorrected_009,400.102000,0.109303,0.218107,0.737546,0.001645,-0.017163,-0.000023,0.999851
probe_part_uncorrected_009,400.115000,0.111611,0.217613,0.737525,0.001651,-0.017163,-0.000023,0.999851
probe_part_uncorrected_009,400.128000,0.113918,0.217109,0.737503,0.001656,-0.017164,-0.000022,0.999851
probe_part_uncorrected_009,400.142000,0.116399,0.216557,0.737480,0.001661,-0.017164,-0.000021,0.999851
probe_part_uncorrected_009,400.155000,0.118701,0.216034,0.737459,0.001666,-0.017164,-0.000021,0.999851
probe_part_uncorrected_009,400.168000,0.121000,0.215502,0.737438,0.001670,-0.017165,-0.000020,0.999851
probe_part_uncorrected_009,400.180000,0.123120,0.215003,0.737418,0.001674,-0.017165,-0.000020,0.999851
probe_part_uncorrected_009,400.192000,0.125238,0.214497,0.737398,0.001677,-0.017165,-0.000019,0.999851
probe_part_uncorrected_009,400.204000,0.127354,0.213988,0.737377,0.001665,-0.017166,-0.000018,0.999851
probe_part_uncorrected_009,400.217000,0.129645,0.213420,0.737354,0.001672,-0.017166,-0.000017,0.999851
probe_part_uncorrected_009,400.230000,0.131932,0.212845,0.737332,0.001674,-0.017166,-0.000016,0.999851
probe_part_uncorrected_009,400.244000,0.134393,0.212214,0.737309,0.001678,-0.017167,-0.000016,0.999851
probe_part_uncorrected_009,400.256000,0.136500,0.211665,0.737289,0.001681,-0.017167,-0.000015,0.999851
probe_part_uncorrected_009,400.268000,0.138605,0.211110,0.737268,0.001681,-0.017167,-0.000014,0.999851
probe_part_uncorrected_009,400.280000,0.140707,0.210546,0.737248,0.001682,-0.017167,-0.000014,0.999851
probe_part_uncorrected_009,400.292000,0.142807,0.210005,0.737212,0.001520,-0.017194,-0.000040,0.999851
probe_part_uncorrected_009,400.304000,0.144904,0.209452,0.737176,0.001461,-0.017195,-0.000036,0.999851
probe_part_uncorrected_009,400.311000,0.146127,0.209112,0.737158,0.001459,-0.017195,-0.000036,0.999851
probe_part_uncorrected_009,400.322000,0.148047,0.208571,0.737136,0.001456,-0.017195,-0.000036,0.999851
probe_part_uncorrected_009,400.335000,0.150313,0.207923,0.737112,0.001453,-0.017195,-0.000035,0.999851
probe_part_uncorrected_009,400.348000,0.152576,0.207265,0.737089,0.001450,-0.017195,-0.000035,0.999851
probe_part_uncorrected_009,400.362000,0.155010,0.206546,0.737065,0.001449,-0.017195,-0.000034,0.999851
probe_part_uncorrected_009,400.375000,0.157267,0.205869,0.737042,0.001448,-0.017195,-0.000034,0.999851
probe_part_uncorrected_009,400.388000,0.159521,0.205183,0.737020,0.001447,-0.017196,-0.000034,0.999851
probe_part_uncorrected_009,400.400000,0.161599,0.204543,0.736999,0.001442,-0.017196,-0.000033,0.999851
probe_part_uncorrected_009,400.413000,0.163848,0.203841,0.736976,0.001436,-0.017196,-0.000033,0.999851
probe_part_uncorrected_009,400.426000,0.166093,0.203130,0.736953,0.001432,-0.017196,-0.000032,0.999851
probe_part_uncorrected_009,400.440000,0.168508,0.202353,0.736928,0.001428,-0.017196,-0.000032,0.999851
probe_part_uncorrected_009,400.454000,0.170919,0.201565,0.736904,0.001424,-0.017196,-0.000031,0.999851
probe_part_uncorrected_009,400.468000,0.173326,0.200767,0.736879,0.001422,-0.017197,-0.000031,0.999851
probe_part_uncorrected_009,400.480000,0.175386,0.200074,0.736858,0.001421,-0.017197,-0.000031,0.999851
probe_part_uncorrected_009,400.493000,0.177615,0.199313,0.736836,0.001420,-0.017197,-0.000030,0.999851
probe_part_uncorrected_009,400.506000,0.179841,0.198543,0.736813,0.001423,-0.017197,-0.000030,0.999851
probe_part_uncorrected_009,400.519000,0.182063,0.197762,0.736792,0.001429,-0.017197,-0.000030,0.999851
probe_part_uncorrected_009,400.532000,0.184282,0.196971,0.736771,0.001439,-0.017197,-0.000029,0.999851
probe_part_uncorrected_009,400.545000,0.186498,0.196170,0.736750,0.001451,-0.017198,-0.000029,0.999851
probe_part_uncorrected_009,400.558000,0.188710,0.195359,0.736730,0.001464,-0.017198,-0.000029,0.999851
probe_part_uncorrected_009,400.570000,0.190748,0.194603,0.736712,0.001476,-0.017198,-0.000028,0.999851
probe_part_uncorrected_009,400.583000,0.192954,0.193776,0.736692,0.001487,-0.017198,-0.000028,0.999851
probe_part_uncorrected_009,400.597000,0.195325,0.192875,0.736670,0.001498,-0.017199,-0.000027,0.999851
probe_part_uncorrected_009,400.611000,0.197692,0.191965,0.736648,0.001508,-0.017199,-0.000027,0.999851
probe_part_uncorrected_009,400.625000,0.200054,0.191044,0.736625,0.001518,-0.017199,-0.000026,0.999851
probe_part_uncorrected_009,400.639000,0.202413,0.190114,0.736603,0.001526,-0.017199,-0.000026,0.999851
probe_part_uncorrected_009,400.653000,0.204767,0.189174,0.736581,0.001535,-0.017200,-0.000025,0.999851
probe_part_uncorrected_009,400.667000,0.207117,0.188223,0.736558,0.001542,-0.017200,-0.000025,0.999851
probe_part_uncorrected_009,400.681000,0.209462,0.187262,0.736535,0.001550,-0.017200,-0.000024,0.999851
probe_part_uncorrected_009,400.695000,0.211803,0.186292,0.736512,0.001556,-0.017200,-0.000024,0.999851
probe_part_uncorrected_009,400.709000,0.214139,0.185311,0.736489,0.001562,-0.017201,-0.000023,0.999851
probe_part_uncorrected_009,400.723000,0.216471,0.184321,0.736466,0.001568,-0.017201,-0.000022,0.999851
probe_part_uncorrected_009,400.736000,0.218633,0.183392,0.736445,0.001573,-0.017201,-0.000022,0.999851
probe_part_uncorrected_009,400.748000,0.220624,0.182527,0.736425,0.001577,-0.017202,-0.000021,0.999851
probe_part_uncorrected_009,400.761000,0.222778,0.181582,0.736404,0.001581,-0.017202,-0.000021,0.999851
probe_part_uncorrected_009,400.774000,0.224927,0.180628,0.736382,0.001585,-0.017202,-0.000020,0.999851
probe_part_uncorrected_009,400.787000,0.227073,0.179665,0.736360,0.001589,-0.017203,-0.000020,0.999851
probe_part_uncorrected_009,400.800000,0.229214,0.178694,0.736338,0.001592,-0.017203,-0.000019,0.999851
probe_part_uncorrected_009,400.813000,0.231351,0.177715,0.736317,0.001596,-0.017203,-0.000019,0.999851
probe_part_uncorrected_009,400.826000,0.233484,0.176726,0.736295,0.001599,-0.017204,-0.000018,0.999851
probe_part_uncorrected_009,400.839000,0.235613,0.175729,0.736273,0.001602,-0.017204,-0.000017,0.999851
probe_part_uncorrected_009,400.852000,0.237738,0.174724,0.736251,0.001605,-0.017204,-0.000017,0.999851
probe_part_uncorrected_009,400.864000,0.239695,0.173789,0.736231,0.001608,-0.017204,-0.000016,0.999851
probe_part_uncorrected_009,400.876000,0.241649,0.172846,0.736210,0.001610,-0.017205,-0.000016,0.999851
probe_part_uncorrected_009,400.889000,0.243761,0.171816,0.736188,0.001613,-0.017205,-0.000015,0.999851
probe_part_uncorrected_009,400.901000,0.245707,0.170858,0.736168,0.001615,-0.017205,-0.000015,0.999851
probe_part_uncorrected_009,400.914000,0.247811,0.169812,0.736146,0.001617,-0.017206,-0.000014,0.999851
probe_part_uncorrected_009,400.927000,0.249910,0.168758,0.736124,0.001619,-0.017206,-0.000014,0.999851
probe_part_uncorrected_009,400.940000,0.252005,0.167695,0.736102,0.001621,-0.017206,-0.000013,0.999851
probe_part_uncorrected_009,400.953000,0.254096,0.166624,0.736080,0.001623,-0.017207,-0.000012,0.999851
probe_part_uncorrected_009,400.967000,0.256342,0.165460,0.736056,0.001625,-0.017207,-0.000012,0.999851
probe_part_uncorrected_009,400.978000,0.258102,0.164563,0.736025,0.001486,-0.017233,-0.000040,0.999850
probe_part_uncorrected_009,400.989000,0.259860,0.163658,0.735992,0.001439,-0.017234,-0.000036,0.999850
probe_part_uncorrected_009,401.001000,0.261774,0.162635,0.735966,0.001456,-0.017236,-0.000037,0.999850
probe_part_uncorrected_009,401.010000,0.263207,0.161869,0.735950,0.001454,-0.017236,-0.000038,0.999850
probe_part_uncorrected_009,401.021000,0.264955,0.160927,0.735930,0.001450,-0.017240,-0.000038,0.999850
probe_part_uncorrected_009,401.033000,0.266858,0.159893,0.735908,0.001444,-0.017240,-0.000038,0.999850
probe_part_uncorrected_009,401.046000,0.268915,0.158764,0.735885,0.001438,-0.017241,-0.000037,0.999850
probe_part_uncorrected_009,401.060000,0.271125,0.157539,0.735860,0.001434,-0.017241,-0.000037,0.999850
probe_part_uncorrected_009,401.073000,0.273172,0.156393,0.735837,0.001430,-0.017241,-0.000037,0.999850
probe_part_uncorrected_009,401.085000,0.275057,0.155327,0.735816,0.001428,-0.017241,-0.000036,0.999850
probe_part_uncorrected_009,401.098000,0.277095,0.154167,0.735793,0.001418,-0.017242,-0.000036,0.999850
probe_part_uncorrected_009,401.109000,0.278815,0.153179,0.735773,0.001412,-0.017242,-0.000035,0.999850
probe_part_uncorrected_009,401.120000,0.280532,0.152184,0.735753,0.001406,-0.017242,-0.000035,0.999850
probe_part_uncorrected_009,401.132000,0.282400,0.151092,0.735731,0.001400,-0.017242,-0.000034,0.999850
probe_part_uncorrected_009,401.143000,0.284110,0.150085,0.735711,0.001396,-0.017242,-0.000034,0.999850
probe_part_uncorrected_009,401.156000,0.286125,0.148886,0.735688,0.001391,-0.017243,-0.000034,0.999850
probe_part_uncorrected_009,401.168000,0.287981,0.147772,0.735667,0.001388,-0.017243,-0.000033,0.999850
probe_part_uncorrected_009,401.180000,0.289832,0.146651,0.735645,0.001386,-0.017243,-0.000033,0.999850
probe_part_uncorrected_009,401.193000,0.291833,0.145428,0.735622,0.001385,-0.017243,-0.000032,0.999850
probe_part_uncorrected_009,401.205000,0.293676,0.144291,0.735602,0.001387,-0.017243,-0.000032,0.999850
probe_part_uncorrected_009,401.218000,0.295666,0.143050,0.735580,0.001392,-0.017244,-0.000032,0.999850
probe_part_uncorrected_009,401.230000,0.297500,0.141896,0.735560,0.001399,-0.017244,-0.000032,0.999850
probe_part_uncorrected_009,401.243000,0.299480,0.140638,0.735539,0.001410,-0.017244,-0.000031,0.999850
probe_part_uncorrected_009,401.256000,0.301456,0.139371,0.735518,0.001422,-0.017244,-0.000031,0.999850
probe_part_uncorrected_009,401.267000,0.303123,0.138292,0.735501,0.001431,-0.017244,-0.000031,0.999850
probe_part_uncorrected_009,401.277000,0.304631,0.137311,0.735485,0.001439,-0.017245,-0.000030,0.999850
probe_part_uncorrected_009,401.285000,0.305828,0.136527,0.735473,0.001445,-0.017245,-0.000030,0.999850
probe_part_uncorrected_009,401.297000,0.307639,0.135333,0.735454,0.001453,-0.017245,-0.000030,0.999850
probe_part_uncorrected_009,401.309000,0.309444,0.134133,0.735434,0.001461,-0.017245,-0.000030,0.999850
probe_part_uncorrected_009,401.322000,0.311394,0.132826,0.735413,0.001469,-0.017246,-0.000029,0.999850
probe_part_uncorrected_009,401.335000,0.313338,0.131512,0.735392,0.001476,-0.017246,-0.000029,0.999850
probe_part_uncorrected_009,401.348000,0.315276,0.130190,0.735371,0.001482,-0.017246,-0.000028,0.999850
probe_part_uncorrected_009,401.360000,0.317060,0.128964,0.735351,0.001488,-0.017246,-0.000028,0.999850
probe_part_uncorrected_009,401.373000,0.318988,0.127628,0.735330,0.001494,-0.017247,-0.000027,0.999850
probe_part_uncorrected_009,401.387000,0.321057,0.126181,0.735307,0.001500,-0.017247,-0.000026,0.999850
probe_part_uncorrected_009,401.401000,0.323119,0.124725,0.735284,0.001505,-0.017247,-0.000026,0.999850
probe_part_uncorrected_009,401.415000,0.325175,0.123260,0.735260,0.001510,-0.017248,-0.000025,0.999850
probe_part_uncorrected_009,401.426000,0.326785,0.122103,0.735242,0.001514,-0.017248,-0.000025,0.999850
probe_part_uncorrected_009,401.439000,0.328683,0.120729,0.735220,0.001518,-0.017248,-0.000024,0.999850
probe_part_uncorrected_009,401.452000,0.330575,0.119348,0.735198,0.001522,-0.017249,-0.000024,0.999850
probe_part_uncorrected_009,401.465000,0.332461,0.117959,0.735176,0.001525,-0.017249,-0.000023,0.999850
probe_part_uncorrected_009,401.478000,0.334341,0.116562,0.735155,0.001529,-0.017249,-0.000023,0.999850
probe_part_uncorrected_009,401.487000,0.335639,0.115591,0.735139,0.001531,-0.017250,-0.000022,0.999850
probe_part_uncorrected_009,401.498000,0.337223,0.114399,0.735121,0.001534,-0.017250,-0.000022,0.999850
probe_part_uncorrected_009,401.512000,0.339232,0.112874,0.735097,0.001537,-0.017250,-0.000021,0.999850
probe_part_uncorrected_009,401.526000,0.341234,0.111340,0.735073,0.001540,-0.017251,-0.000021,0.999850
probe_part_uncorrected_009,401.540000,0.343230,0.109798,0.735049,0.001543,-0.017251,-0.000020,0.999850
probe_part_uncorrected_009,401.553000,0.345077,0.108358,0.735027,0.001545,-0.017251,-0.000019,0.999850
probe_part_uncorrected_009,401.567000,0.347056,0.106801,0.735003,0.001548,-0.017252,-0.000019,0.999850
probe_part_uncorrected_009,401.580000,0.348884,0.105351,0.734981,0.001550,-0.017252,-0.000018,0.999850
probe_part_uncorrected_009,401.593000,0.350700,0.103898,0.734959,0.001552,-0.017253,-0.000018,0.999850
probe_part_uncorrected_009,401.607000,0.352640,0.102332,0.734935,0.001554,-0.017253,-0.000017,0.999850
probe_part_uncorrected_009,401.621000,0.354564,0.100766,0.734912,0.001556,-0.017253,-0.000016,0.999850
probe_part_uncorrected_009,401.634000,0.356306,0.099336,0.734890,0.001557,-0.017254,-0.000016,0.999850
probe_part_uncorrected_009,401.647000,0.358064,0.097881,0.734868,0.001559,-0.017254,-0.000015,0.999850
probe_part_uncorrected_009,401.660000,0.359803,0.096430,0.734847,0.001561,-0.017254,-0.000015,0.999850
probe_part_uncorrected_009,401.672000,0.361392,0.095095,0.734827,0.001562,-0.017255,-0.000014,0.999850
probe_part_uncorrected_009,401.685000,0.363093,0.093667,0.734797,0.001446,-0.017275,-0.000044,0.999850
probe_part_uncorrected_009,401.695000,0.364390,0.092594,0.734768,0.001371,-0.017276,-0.000038,0.999850
probe_part_uncorrected_009,401.706000,0.365804,0.091370,0.734741,0.001401,-0.017306,-0.000040,0.999849
probe_part_uncorrected_009,401.717000,0.367204,0.090162,0.734721,0.001401,-0.017312,-0.000041,0.999849
probe_part_uncorrected_009,401.724000,0.368086,0.089398,0.734710,0.001398,-0.017312,-0.000042,0.999849
probe_part_uncorrected_009,401.731000,0.368952,0.088643,0.734698,0.001397,-0.017312,-0.000042,0.999849
probe_part_uncorrected_009,401.743000,0.370446,0.087337,0.734678,0.001390,-0.017320,-0.000042,0.999849
probe_part_uncorrected_009,401.756000,0.372045,0.085927,0.734657,0.001384,-0.017320,-0.000042,0.999849
probe_part_uncorrected_009,401.767000,0.373382,0.084739,0.734639,0.001380,-0.017320,-0.000041,0.999849
probe_part_uncorrected_009,401.780000,0.374944,0.083341,0.734618,0.001376,-0.017320,-0.000041,0.999849
probe_part_uncorrected_009,401.793000,0.376487,0.081950,0.734598,0.001373,-0.017321,-0.000040,0.999849
probe_part_uncorrected_009,401.805000,0.377893,0.080673,0.734579,0.001371,-0.017321,-0.000040,0.999849
probe_part_uncorrected_009,401.816000,0.379168,0.079509,0.734562,0.001368,-0.017321,-0.000040,0.999849
probe_part_uncorrected_009,401.828000,0.380544,0.078247,0.734543,0.001359,-0.017321,-0.000039,0.999849
probe_part_uncorrected_009,401.840000,0.381903,0.076992,0.734524,0.001352,-0.017321,-0.000039,0.999849
probe_part_uncorrected_009,401.853000,0.383357,0.075639,0.734504,0.001346,-0.017322,-0.000038,0.999849
probe_part_uncorrected_009,401.866000,0.384792,0.074293,0.734484,0.001341,-0.017322,-0.000038,0.999849
probe_part_uncorrected_009,401.879000,0.386208,0.072956,0.734464,0.001337,-0.017322,-0.000037,0.999849
probe_part_uncorrected_009,401.892000,0.387584,0.071647,0.734445,0.001334,-0.017322,-0.000037,0.999849
probe_part_uncorrected_009,401.905000,0.388968,0.070324,0.734426,0.001331,-0.017322,-0.000036,0.999849
probe_part_uncorrected_009,401.919000,0.390436,0.068908,0.734406,0.001329,-0.017323,-0.000036,0.999849
probe_part_uncorrected_009,401.932000,0.391779,0.067604,0.734387,0.001328,-0.017323,-0.000036,0.999849
probe_part_uncorrected_009,401.944000,0.393002,0.066409,0.734370,0.001327,-0.017323,-0.000035,0.999849
probe_part_uncorrected_009,401.956000,0.394210,0.065220,0.734354,0.001328,-0.017323,-0.000035,0.999849
probe_part_uncorrected_009,401.969000,0.395502,0.063942,0.734336,0.001330,-0.017323,-0.000035,0.999849
probe_part_uncorrected_009,401.982000,0.396775,0.062673,0.734319,0.001333,-0.017324,-0.000034,0.999849
probe_part_uncorrected_009,401.995000,0.398029,0.061414,0.734303,0.001338,-0.017324,-0.000034,0.999849
probe_part_uncorrected_009,402.008000,0.399266,0.060164,0.734287,0.001344,-0.017324,-0.000034,0.999849
probe_part_uncorrected_009,402.021000,0.400486,0.058924,0.734271,0.001352,-0.017324,-0.000033,0.999849
probe_part_uncorrected_009,402.034000,0.401688,0.057694,0.734256,0.001360,-0.017324,-0.000033,0.999849
probe_part_uncorrected_009,402.047000,0.402873,0.056474,0.734241,0.001367,-0.017324,-0.000033,0.999849
probe_part_uncorrected_009,402.060000,0.404041,0.055265,0.734226,0.001374,-0.017325,-0.000032,0.999849
probe_part_uncorrected_009,402.073000,0.405183,0.054076,0.734211,0.001381,-0.017325,-0.000032,0.999849
probe_part_uncorrected_009,402.087000,0.406405,0.052797,0.734195,0.001387,-0.017325,-0.000032,0.999849
probe_part_uncorrected_009,402.099000,0.407436,0.051711,0.734182,0.001392,-0.017325,-0.000031,0.999849
probe_part_uncorrected_009,402.112000,0.408537,0.050546,0.734167,0.001397,-0.017325,-0.000031,0.999849
probe_part_uncorrected_009,402.125000,0.409622,0.049391,0.734153,0.001402,-0.017326,-0.000031,0.999849
probe_part_uncorrected_009,402.137000,0.410609,0.048336,0.734140,0.001406,-0.017326,-0.000030,0.999849
probe_part_uncorrected_009,402.149000,0.411581,0.047290,0.734127,0.001410,-0.017326,-0.000030,0.999849
probe_part_uncorrected_009,402.162000,0.412618,0.046169,0.734113,0.001414,-0.017326,-0.000030,0.999849
probe_part_uncorrected_009,402.174000,0.413562,0.045144,0.734100,0.001417,-0.017326,-0.000029,0.999849
probe_part_uncorrected_009,402.187000,0.414568,0.044046,0.734086,0.001421,-0.017327,-0.000029,0.999849
probe_part_uncorrected_009,402.198000,0.415407,0.043125,0.734074,0.001424,-0.017327,-0.000029,0.999849
probe_part_uncorrected_009,402.210000,0.416310,0.042131,0.734062,0.001427,-0.017327,-0.000028,0.999849
probe_part_uncorrected_009,402.222000,0.417199,0.041147,0.734049,0.001430,-0.017327,-0.000028,0.999849
probe_part_uncorrected_009,402.233000,0.418002,0.040253,0.734038,0.001432,-0.017327,-0.000028,0.999849
probe_part_uncorrected_009,402.245000,0.418866,0.039289,0.734026,0.001434,-0.017327,-0.000027,0.999849
probe_part_uncorrected_009,402.258000,0.419786,0.038256,0.734013,0.001437,-0.017327,-0.000027,0.999849
probe_part_uncorrected_009,402.270000,0.420623,0.037313,0.734001,0.001439,-0.017328,-0.000027,0.999849
probe_part_uncorrected_009,402.283000,0.421514,0.036304,0.733989,0.001441,-0.017328,-0.000026,0.999849
probe_part_uncorrected_009,402.295000,0.422323,0.035385,0.733977,0.001443,-0.017328,-0.000026,0.999849
probe_part_uncorrected_009,402.303000,0.422855,0.034777,0.733969,0.001444,-0.017328,-0.000026,0.999849
probe_part_uncorrected_009,402.315000,0.423642,0.033875,0.733958,0.001446,-0.017328,-0.000025,0.999849
probe_part_uncorrected_009,402.328000,0.424481,0.032909,0.733946,0.001448,-0.017328,-0.000025,0.999849
probe_part_uncorrected_009,402.341000,0.425306,0.031957,0.733934,0.001451,-0.017329,-0.000025,0.999849
probe_part_uncorrected_009,402.354000,0.426116,0.031017,0.733922,0.001452,-0.017329,-0.000024,0.999849
probe_part_uncorrected_009,402.367000,0.426911,0.030090,0.733911,0.001453,-0.017329,-0.000024,0.999849
probe_part_uncorrected_009,402.379000,0.427627,0.029252,0.733900,0.001455,-0.017329,-0.000024,0.999849
probe_part_uncorrected_009,402.392000,0.428393,0.028351,0.733889,0.001456,-0.017329,-0.000023,0.999849
probe_part_uncorrected_009,402.405000,0.429146,0.027462,0.733878,0.001457,-0.017329,-0.000023,0.999849
probe_part_uncorrected_009,402.418000,0.429886,0.026586,0.733867,0.001459,-0.017330,-0.000023,0.999849
probe_part_uncorrected_009,402.431000,0.430610,0.025724,0.733856,0.001460,-0.017330,-0.000022,0.999849
probe_part_uncorrected_009,402.444000,0.431321,0.024875,0.733846,0.001461,-0.017330,-0.000022,0.999849
probe_part_uncorrected_009,402.457000,0.432017,0.024040,0.733835,0.001463,-0.017330,-0.000021,0.999849
probe_part_uncorrected_009,402.471000,0.432752,0.023156,0.733824,0.001464,-0.017330,-0.000021,0.999849
probe_part_uncorrected_009,402.484000,0.433419,0.022350,0.733814,0.001465,-0.017330,-0.000021,0.999849
probe_part_uncorrected_009,402.497000,0.434072,0.021557,0.733804,0.001466,-0.017331,-0.000020,0.999849
probe_part_uncorrected_009,402.509000,0.434663,0.020837,0.733795,0.001466,-0.017331,-0.000020,0.999849
probe_part_uncorrected_009,402.522000,0.435282,0.020082,0.733786,0.001467,-0.017331,-0.000020,0.999849
probe_part_uncorrected_009,402.535000,0.435898,0.019327,0.733777,0.001468,-0.017331,-0.000019,0.999849
probe_part_uncorrected_009,402.548000,0.436499,0.018588,0.733768,0.001469,-0.017331,-0.000019,0.999849
probe_part_uncorrected_009,402.559000,0.436997,0.017973,0.733760,0.001470,-0.017331,-0.000019,0.999849
probe_part_uncorrected_009,402.571000,0.437530,0.017314,0.733752,0.001471,-0.017331,-0.000019,0.999849
probe_part_uncorrected_009,402.584000,0.438094,0.016613,0.733743,0.001471,-0.017332,-0.000018,0.999849
probe_part_uncorrected_009,402.597000,0.438645,0.015928,0.733735,0.001472,-0.017332,-0.000018,0.999849
probe_part_uncorrected_009,402.610000,0.439182,0.015257,0.733726,0.001473,-0.017332,-0.000018,0.999849
probe_part_uncorrected_009,402.624000,0.439746,0.014550,0.733718,0.001473,-0.017332,-0.000017,0.999849
probe_part_uncorrected_009,402.639000,0.440334,0.013811,0.733709,0.001474,-0.017332,-0.000017,0.999849
probe_part_uncorrected_009,402.653000,0.440867,0.013139,0.733700,0.001474,-0.017332,-0.000017,0.999849
probe_part_uncorrected_009,402.666000,0.441348,0.012530,0.733693,0.001475,-0.017332,-0.000016,0.999849
probe_part_uncorrected_009,402.679000,0.441816,0.011936,0.733685,0.001475,-0.017333,-0.000016,0.999849
probe_part_uncorrected_009,402.692000,0.442272,0.011356,0.733678,0.001476,-0.017333,-0.000016,0.999849
probe_part_uncorrected_009,402.706000,0.442749,0.010748,0.733671,0.001476,-0.017333,-0.000015,0.999849
probe_part_uncorrected_009,402.720000,0.443211,0.010157,0.733664,0.001477,-0.017333,-0.000015,0.999849
probe_part_uncorrected_009,402.734000,0.443658,0.009583,0.733657,0.001477,-0.017333,-0.000015,0.999849
probe_part_uncorrected_009,402.747000,0.444061,0.009066,0.733650,0.001477,-0.017333,-0.000014,0.999849
probe_part_uncorrected_009,402.760000,0.444452,0.008563,0.733644,0.001478,-0.017333,-0.000014,0.999849
probe_part_uncorrected_009,402.773000,0.444830,0.008074,0.733638,0.001478,-0.017333,-0.000014,0.999849
probe_part_uncorrected_009,402.787000,0.445223,0.007566,0.733632,0.001479,-0.017334,-0.000014,0.999849
probe_part_uncorrected_009,402.800000,0.445574,0.007109,0.733626,0.001479,-0.017334,-0.000013,0.999849
probe_part_uncorrected_009,402.813000,0.445914,0.006667,0.733621,0.001479,-0.017334,-0.000013,0.999849
probe_part_uncorrected_009,402.827000,0.446267,0.006208,0.733615,0.001480,-0.017334,-0.000013,0.999849
probe_part_uncorrected_009,402.840000,0.446582,0.005797,0.733610,0.001480,-0.017334,-0.000012,0.999849
probe_part_uncorrected_009,402.853000,0.446884,0.005401,0.733606,0.001480,-0.017334,-0.000012,0.999849
probe_part_uncorrected_009,402.862000,0.447087,0.005136,0.733602,0.001481,-0.017334,-0.000012,0.999849
probe_part_uncorrected_009,402.872000,0.447305,0.004850,0.733599,0.001481,-0.017334,-0.000012,0.999849
probe_part_uncorrected_009,402.882000,0.447516,0.004573,0.733596,0.001481,-0.017334,-0.000012,0.999849
probe_part_uncorrected_009,402.889000,0.447659,0.004385,0.733593,0.001481,-0.017334,-0.000011,0.999849
probe_part_uncorrected_009,402.897000,0.447818,0.004176,0.733591,0.001481,-0.017334,-0.000011,0.999849
probe_part_uncorrected_009,402.909000,0.448050,0.003871,0.733587,0.001481,-0.017335,-0.000011,0.999849
probe_part_uncorrected_009,402.921000,0.448271,0.003579,0.733583,0.001482,-0.017335,-0.000011,0.999849
probe_part_uncorrected_009,402.934000,0.448500,0.003277,0.733580,0.001482,-0.017335,-0.000011,0.999849
probe_part_uncorrected_009,402.947000,0.448715,0.002992,0.733576,0.001482,-0.017335,-0.000010,0.999849
probe_part_uncorrected_009,402.960000,0.448920,0.002721,0.733573,0.001482,-0.017335,-0.000010,0.999849
probe_part_uncorrected_009,402.972000,0.449099,0.002484,0.733570,0.001482,-0.017335,-0.000010,0.999849
probe_part_uncorrected_009,402.983000,0.449254,0.002278,0.733568,0.001482,-0.017335,-0.000010,0.999849
probe_part_uncorrected_009,402.995000,0.449413,0.002067,0.733565,0.001482,-0.017335,-0.000009,0.999849
probe_part_uncorrected_009,403.008000,0.449574,0.001852,0.733562,0.001482,-0.017335,-0.000009,0.999849
probe_part_uncorrected_009,403.020000,0.449713,0.001668,0.733560,0.001482,-0.017335,-0.000009,0.999849
probe_part_uncorrected_009,403.032000,0.449842,0.001496,0.733558,0.001483,-0.017335,-0.000009,0.999849
probe_part_uncorrected_009,403.045000,0.449970,0.001325,0.733556,0.001483,-0.017335,-0.000009,0.999849
probe_part_uncorrected_009,403.058000,0.450087,0.001170,0.733554,0.001483,-0.017336,-0.000008,0.999849
probe_part_uncorrected_009,403.071000,0.450191,0.001029,0.733552,0.001483,-0.017336,-0.000008,0.999849
probe_part_uncorrected_009,403.084000,0.450285,0.000905,0.733551,0.001484,-0.017336,-0.000008,0.999849
probe_part_uncorrected_009,403.097000,0.450366,0.000796,0.733550,0.001484,-0.017336,-0.000008,0.999849
probe_part_uncorrected_009,403.110000,0.450437,0.000701,0.733549,0.001484,-0.017336,-0.000008,0.999849
probe_part_uncorrected_009,403.123000,0.450495,0.000623,0.733548,0.001484,-0.017336,-0.000008,0.999849
probe_part_uncorrected_009,403.134000,0.450536,0.000568,0.733547,0.001484,-0.017336,-0.000008,0.999849
probe_part_uncorrected_009,403.146000,0.450574,0.000518,0.733546,0.001485,-0.017336,-0.000008,0.999849
probe_part_uncorrected_009,403.157000,0.450602,0.000480,0.733546,0.001485,-0.017336,-0.000008,0.999849
probe_part_uncorrected_009,403.169000,0.450628,0.000445,0.733546,0.001485,-0.017336,-0.000008,0.999849
probe_part_uncorrected_009,403.181000,0.450649,0.000416,0.733545,0.001485,-0.017336,-0.000008,0.999849
probe_part_uncorrected_009,403.193000,0.450667,0.000392,0.733545,0.001485,-0.017336,-0.000008,0.999849
probe_part_uncorrected_009,403.206000,0.450656,0.000408,0.733544,0.001486,-0.017336,-0.000008,0.999849
probe_part_uncorrected_009,403.218000,0.450647,0.000420,0.733540,0.001486,-0.017336,-0.000008,0.999849
probe_part_uncorrected_009,403.231000,0.450641,0.000430,0.733532,0.001486,-0.017336,-0.000008,0.999849
probe_part_uncorrected_009,403.244000,0.450635,0.000440,0.733515,0.001487,-0.017336,-0.000008,0.999849
probe_part_uncorrected_009,403.256000,0.450632,0.000448,0.733494,0.001487,-0.017336,-0.000007,0.999849
probe_part_uncorrected_009,403.269000,0.450631,0.000456,0.733460,0.001487,-0.017336,-0.000007,0.999849
probe_part_uncorrected_009,403.281000,0.450631,0.000463,0.733421,0.001487,-0.017336,-0.000007,0.999849
probe_part_uncorrected_009,403.294000,0.450632,0.000470,0.733367,0.001487,-0.017336,-0.000007,0.999849
probe_part_uncorrected_009,403.307000,0.450636,0.000477,0.733302,0.001487,-0.017336,-0.000007,0.999849
probe_part_uncorrected_009,403.320000,0.450640,0.000484,0.733224,0.001487,-0.017336,-0.000007,0.999849
probe_part_uncorrected_009,403.334000,0.450647,0.000492,0.733126,0.001487,-0.017336,-0.000007,0.999849
probe_part_uncorrected_009,403.348000,0.450655,0.000501,0.733013,0.001487,-0.017336,-0.000007,0.999849
probe_part_uncorrected_009,403.360000,0.450663,0.000509,0.732903,0.001487,-0.017336,-0.000007,0.999849
probe_part_uncorrected_009,403.373000,0.450673,0.000518,0.732771,0.001488,-0.017336,-0.000007,0.999849
probe_part_uncorrected_009,403.385000,0.450684,0.000527,0.732638,0.001488,-0.017335,-0.000006,0.999849
probe_part_uncorrected_009,403.398000,0.450696,0.000537,0.732479,0.001488,-0.017335,-0.000006,0.999849
probe_part_uncorrected_009,403.411000,0.450710,0.000548,0.732307,0.001488,-0.017335,-0.000006,0.999849
probe_part_uncorrected_009,403.424000,0.450725,0.000560,0.732121,0.001488,-0.017335,-0.000006,0.999849
probe_part_uncorrected_009,403.438000,0.450743,0.000574,0.731904,0.001488,-0.017335,-0.000006,0.999849
probe_part_uncorrected_009,403.451000,0.450760,0.000587,0.731688,0.001488,-0.017335,-0.000006,0.999849
probe_part_uncorrected_009,403.464000,0.450779,0.000601,0.731457,0.001489,-0.017335,-0.000005,0.999849
probe_part_uncorrected_009,403.477000,0.450798,0.000615,0.731212,0.001488,-0.017335,-0.000005,0.999849
probe_part_uncorrected_009,403.491000,0.450821,0.000632,0.730932,0.001488,-0.017335,-0.000005,0.999849
probe_part_uncorrected_009,403.504000,0.450843,0.000648,0.730658,0.001488,-0.017334,-0.000005,0.999849
probe_part_uncorrected_009,403.517000,0.450865,0.000665,0.730368,0.001489,-0.017334,-0.000005,0.999849
probe_part_uncorrected_009,403.530000,0.450889,0.000683,0.730065,0.001489,-0.017334,-0.000004,0.999849
probe_part_uncorrected_009,403.543000,0.450914,0.000701,0.729746,0.001489,-0.017334,-0.000004,0.999849
probe_part_uncorrected_009,403.557000,0.450942,0.000722,0.729387,0.001489,-0.017334,-0.000004,0.999849
probe_part_uncorrected_009,403.563000,0.450955,0.000731,0.729228,0.001489,-0.017334,-0.000004,0.999849
probe_part_uncorrected_009,403.567000,0.450963,0.000737,0.729120,0.001489,-0.017334,-0.000004,0.999849
probe_part_uncorrected_009,403.572000,0.450974,0.000745,0.728984,0.001489,-0.017333,-0.000004,0.999849
probe_part_uncorrected_009,403.582000,0.450995,0.000760,0.728704,0.001489,-0.017333,-0.000003,0.999849
probe_part_uncorrected_009,403.592000,0.451017,0.000776,0.728416,0.001489,-0.017333,-0.000003,0.999849
probe_part_uncorrected_009,403.601000,0.451037,0.000791,0.728148,0.001489,-0.017333,-0.000003,0.999849
probe_part_uncorrected_009,403.613000,0.451065,0.000811,0.727782,0.001489,-0.017333,-0.000003,0.999849
probe_part_uncorrected_009,403.626000,0.451095,0.000834,0.727371,0.001489,-0.017333,-0.000003,0.999849
probe_part_uncorrected_009,403.638000,0.451125,0.000855,0.726978,0.001489,-0.017332,-0.000002,0.999849
probe_part_uncorrected_009,403.651000,0.451157,0.000878,0.726539,0.001489,-0.017332,-0.000002,0.999849
probe_part_uncorrected_009,403.664000,0.451190,0.000902,0.726085,0.001489,-0.017332,-0.000002,0.999849
probe_part_uncorrected_009,403.676000,0.451221,0.000925,0.725654,0.001489,-0.017332,-0.000001,0.999849
probe_part_uncorrected_009,403.689000,0.451255,0.000950,0.725172,0.001489,-0.017331,-0.000001,0.999849
probe_part_uncorrected_009,403.702000,0.451290,0.000975,0.724675,0.001489,-0.017331,-0.000001,0.999849
probe_part_uncorrected_009,403.715000,0.451325,0.001001,0.724164,0.001489,-0.017331,-0.000000,0.999849
probe_part_uncorrected_009,403.728000,0.451361,0.001027,0.723639,0.001489,-0.017330,-0.000000,0.999849
probe_part_uncorrected_009,403.740000,0.451395,0.001051,0.723141,0.001488,-0.017330,0.000000,0.999849
probe_part_uncorrected_009,403.753000,0.451432,0.001078,0.722588,0.001488,-0.017330,0.000001,0.999849
probe_part_uncorrected_009,403.766000,0.451470,0.001105,0.722020,0.001488,-0.017329,0.000001,0.999849
probe_part_uncorrected_009,403.779000,0.451507,0.001133,0.721437,0.001488,-0.017329,0.000001,0.999849
probe_part_uncorrected_009,403.791000,0.451543,0.001158,0.720887,0.001488,-0.017329,0.000002,0.999849
probe_part_uncorrected_009,403.804000,0.451581,0.001186,0.720277,0.001488,-0.017328,0.000002,0.999849
probe_part_uncorrected_009,403.817000,0.451620,0.001213,0.719652,0.001489,-0.017328,0.000002,0.999849
probe_part_uncorrected_009,403.830000,0.451659,0.001241,0.719013,0.001489,-0.017328,0.000003,0.999849
probe_part_uncorrected_009,403.843000,0.451698,0.001270,0.718359,0.001488,-0.017327,0.000003,0.999849
probe_part_uncorrected_009,403.856000,0.451738,0.001298,0.717690,0.001488,-0.017327,0.000004,0.999849
probe_part_uncorrected_009,403.869000,0.451777,0.001326,0.717007,0.001488,-0.017327,0.000004,0.999849
probe_part_uncorrected_009,403.882000,0.451817,0.001354,0.716310,0.001488,-0.017326,0.000005,0.999849
probe_part_uncorrected_009,403.896000,0.451859,0.001384,0.715542,0.001488,-0.017326,0.000005,0.999849
probe_part_uncorrected_009,403.908000,0.451895,0.001410,0.714872,0.001488,-0.017325,0.000005,0.999849
probe_part_uncorrected_009,403.921000,0.451935,0.001438,0.714131,0.001488,-0.017325,0.000006,0.999849
probe_part_uncorrected_009,403.934000,0.451974,0.001466,0.713375,0.001488,-0.017324,0.000006,0.999849
probe_part_uncorrected_009,403.947000,0.452013,0.001493,0.712605,0.001488,-0.017324,0.000007,0.999849
probe_part_uncorrected_009,403.960000,0.452051,0.001520,0.711821,0.001488,-0.017324,0.000007,0.999849
probe_part_uncorrected_009,403.974000,0.452093,0.001549,0.710960,0.001488,-0.017323,0.000008,0.999849
probe_part_uncorrected_009,403.987000,0.452130,0.001576,0.710146,0.001487,-0.017323,0.000008,0.999849
probe_part_uncorrected_009,404.000000,0.452168,0.001602,0.709317,0.001487,-0.017322,0.000009,0.999849
probe_part_uncorrected_009,404.013000,0.452205,0.001627,0.708474,0.001487,-0.017322,0.000009,0.999849
probe_part_uncorrected_009,404.026000,0.452241,0.001652,0.707617,0.001487,-0.017321,0.000010,0.999849
probe_part_uncorrected_009,404.037000,0.452271,0.001673,0.706880,0.001487,-0.017321,0.000010,0.999849
probe_part_uncorrected_009,404.051000,0.452309,0.001699,0.705927,0.001487,-0.017320,0.000011,0.999849
probe_part_uncorrected_009,404.065000,0.452346,0.001724,0.704958,0.001487,-0.017320,0.000012,0.999849
probe_part_uncorrected_009,404.079000,0.452382,0.001748,0.703972,0.001487,-0.017319,0.000012,0.999849
probe_part_uncorrected_009,404.092000,0.452414,0.001770,0.703042,0.001487,-0.017318,0.000013,0.999849
probe_part_uncorrected_009,404.105000,0.452446,0.001791,0.702097,0.001487,-0.017318,0.000013,0.999849
probe_part_uncorrected_009,404.119000,0.452478,0.001813,0.701063,0.001486,-0.017317,0.000014,0.999849
probe_part_uncorrected_009,404.132000,0.452508,0.001832,0.700088,0.001486,-0.017317,0.000014,0.999849
probe_part_uncorrected_009,404.146000,0.452538,0.001851,0.699023,0.001486,-0.017316,0.000015,0.999849
probe_part_uncorrected_009,404.160000,0.452566,0.001870,0.697941,0.001486,-0.017315,0.000016,0.999849
probe_part_uncorrected_009,404.174000,0.452593,0.001887,0.696842,0.001486,-0.017315,0.000016,0.999849
probe_part_uncorrected_009,404.188000,0.452619,0.001902,0.695727,0.001486,-0.017314,0.000017,0.999849
probe_part_uncorrected_009,404.202000,0.452643,0.001917,0.694595,0.001485,-0.017313,0.000018,0.999849
probe_part_uncorrected_009,404.215000,0.452663,0.001930,0.693529,0.001483,-0.017311,0.000018,0.999849
probe_part_uncorrected_009,404.226000,0.452679,0.001938,0.692615,0.001483,-0.017311,0.000018,0.999849
probe_part_uncorrected_009,404.234000,0.452690,0.001944,0.691944,0.001484,-0.017310,0.000019,0.999849
probe_part_uncorrected_009,404.242000,0.452700,0.001950,0.691268,0.001484,-0.017310,0.000019,0.999849
probe_part_uncorrected_009,404.251000,0.452711,0.001955,0.690500,0.001483,-0.017310,0.000020,0.999849
probe_part_uncorrected_009,404.259000,0.452720,0.001959,0.689812,0.001483,-0.017309,0.000020,0.999849
probe_part_uncorrected_009,404.263000,0.452724,0.001961,0.689466,0.001483,-0.017309,0.000020,0.999849
probe_part_uncorrected_009,404.271000,0.452731,0.001966,0.688770,0.001479,-0.017307,0.000020,0.999849
probe_part_uncorrected_009,404.281000,0.452738,0.001991,0.687882,0.001347,-0.017298,-0.000008,0.999849
probe_part_uncorrected_009,404.290000,0.452744,0.001989,0.687081,0.001359,-0.017298,-0.000008,0.999849
probe_part_uncorrected_009,404.300000,0.452750,0.001992,0.686193,0.001356,-0.017297,-0.000009,0.999849
probe_part_uncorrected_009,404.311000,0.452756,0.001995,0.685216,0.001351,-0.017296,-0.000009,0.999849
probe_part_uncorrected_009,404.321000,0.452759,0.001997,0.684326,0.001346,-0.017296,-0.000010,0.999850
probe_part_uncorrected_009,404.333000,0.452761,0.001997,0.683261,0.001341,-0.017295,-0.000011,0.999850
probe_part_uncorrected_009,404.345000,0.452762,0.001997,0.682198,0.001335,-0.017298,-0.000012,0.999849
probe_part_uncorrected_009,404.357000,0.452760,0.001995,0.681140,0.001328,-0.017298,-0.000012,0.999850
probe_part_uncorrected_009,404.368000,0.452758,0.001991,0.680175,0.001324,-0.017297,-0.000012,0.999850
probe_part_uncorrected_009,404.378000,0.452754,0.001987,0.679304,0.001319,-0.017305,-0.000012,0.999849
probe_part_uncorrected_009,404.390000,0.452748,0.001979,0.678266,0.001316,-0.017304,-0.000012,0.999849
probe_part_uncorrected_009,404.402000,0.452740,0.001972,0.677237,0.001309,-0.017305,-0.000012,0.999849
probe_part_uncorrected_009,404.415000,0.452729,0.001961,0.676132,0.001303,-0.017304,-0.000010,0.999849
probe_part_uncorrected_009,404.428000,0.452716,0.001948,0.675040,0.001298,-0.017303,-0.000009,0.999849
probe_part_uncorrected_009,404.441000,0.452702,0.001934,0.673960,0.001295,-0.017303,-0.000008,0.999849
probe_part_uncorrected_009,404.455000,0.452684,0.001919,0.672811,0.001285,-0.017302,-0.000007,0.999849
probe_part_uncorrected_009,404.469000,0.452665,0.001904,0.671676,0.001274,-0.017301,-0.000006,0.999850
probe_part_uncorrected_009,404.483000,0.452644,0.001887,0.670558,0.001266,-0.017301,-0.000004,0.999850
probe_part_uncorrected_009,404.495000,0.452624,0.001870,0.669611,0.001259,-0.017300,-0.000003,0.999850
probe_part_uncorrected_009,404.501000,0.452614,0.001861,0.669143,0.001256,-0.017300,-0.000003,0.999850
probe_part_uncorrected_009,404.508000,0.452602,0.001851,0.668600,0.001253,-0.017300,-0.000002,0.999850
probe_part_uncorrected_009,404.516000,0.452587,0.001838,0.667985,0.001250,-0.017299,-0.000002,0.999850
probe_part_uncorrected_009,404.527000,0.452566,0.001820,0.667148,0.001246,-0.017299,-0.000001,0.999850
probe_part_uncorrected_009,404.540000,0.452540,0.001798,0.666172,0.001242,-0.017298,0.000000,0.999850
probe_part_uncorrected_009,404.553000,0.452513,0.001774,0.665210,0.001239,-0.017298,0.000001,0.999850
probe_part_uncorrected_009,404.564000,0.452490,0.001753,0.664407,0.001237,-0.017297,0.000002,0.999850
probe_part_uncorrected_009,404.577000,0.452460,0.001728,0.663472,0.001235,-0.017297,0.000003,0.999850
probe_part_uncorrected_009,404.589000,0.452433,0.001704,0.662622,0.001234,-0.017296,0.000004,0.999850
probe_part_uncorrected_009,404.602000,0.452402,0.001676,0.661715,0.001233,-0.017296,0.000005,0.999850
probe_part_uncorrected_009,404.615000,0.452370,0.001648,0.660823,0.001232,-0.017295,0.000006,0.999850
probe_part_uncorrected_009,404.628000,0.452338,0.001620,0.659945,0.001232,-0.017294,0.000007,0.999850
probe_part_uncorrected_009,404.642000,0.452302,0.001588,0.659016,0.001233,-0.017294,0.000008,0.999850
probe_part_uncorrected_009,404.655000,0.452268,0.001558,0.658169,0.001233,-0.017293,0.000009,0.999850
probe_part_uncorrected_009,404.668000,0.452233,0.001528,0.657337,0.001234,-0.017293,0.000010,0.999850
probe_part_uncorrected_009,404.681000,0.452198,0.001497,0.656518,0.001235,-0.017292,0.000010,0.999850
probe_part_uncorrected_009,404.695000,0.452160,0.001463,0.655654,0.001236,-0.017292,0.000011,0.999850
probe_part_uncorrected_009,404.708000,0.452124,0.001431,0.654866,0.001238,-0.017291,0.000012,0.999850
probe_part_uncorrected_009,404.721000,0.452088,0.001399,0.654093,0.001239,-0.017291,0.000013,0.999850
probe_part_uncorrected_009,404.735000,0.452048,0.001364,0.653277,0.001241,-0.017291,0.000014,0.999850
probe_part_uncorrected_009,404.749000,0.452008,0.001329,0.652477,0.001244,-0.017290,0.000015,0.999850
probe_part_uncorrected_009,404.763000,0.451968,0.001294,0.651694,0.001246,-0.017290,0.000015,0.999850
probe_part_uncorrected_009,404.776000,0.451931,0.001261,0.650982,0.001249,-0.017289,0.000016,0.999850
probe_part_uncorrected_009,404.790000,0.451891,0.001226,0.650232,0.001251,-0.017289,0.000017,0.999850
probe_part_uncorrected_009,404.804000,0.451851,0.001191,0.649499,0.001253,-0.017288,0.000018,0.999850
probe_part_uncorrected_009,404.818000,0.451810,0.001156,0.648782,0.001255,-0.017288,0.000018,0.999850
probe_part_uncorrected_009,404.832000,0.451770,0.001121,0.648083,0.001257,-0.017287,0.000019,0.999850
probe_part_uncorrected_009,404.845000,0.451733,0.001089,0.647447,0.001259,-0.017287,0.000020,0.999850
probe_part_uncorrected_009,404.857000,0.451699,0.001060,0.646874,0.001260,-0.017287,0.000020,0.999850
probe_part_uncorrected_009,404.868000,0.451668,0.001033,0.646360,0.001262,-0.017286,0.000021,0.999850
probe_part_uncorrected_009,404.882000,0.451629,0.000999,0.645719,0.001263,-0.017286,0.000022,0.999850
probe_part_uncorrected_009,404.894000,0.451595,0.000971,0.645184,0.001264,-0.017286,0.000022,0.999850
probe_part_uncorrected_009,404.907000,0.451559,0.000940,0.644618,0.001265,-0.017285,0.000023,0.999850
probe_part_uncorrected_009,404.920000,0.451524,0.000910,0.644066,0.001267,-0.017285,0.000024,0.999850
probe_part_uncorrected_009,404.933000,0.451489,0.000880,0.643529,0.001268,-0.017285,0.000024,0.999850
probe_part_uncorrected_009,404.946000,0.451454,0.000851,0.643006,0.001269,-0.017284,0.000025,0.999850
probe_part_uncorrected_009,404.960000,0.451417,0.000820,0.642458,0.001270,-0.017284,0.000025,0.999850
probe_part_uncorrected_009,404.974000,0.451381,0.000789,0.641927,0.001271,-0.017284,0.000026,0.999850
probe_part_uncorrected_009,404.987000,0.451348,0.000762,0.641449,0.001272,-0.017284,0.000027,0.999850
probe_part_uncorrected_009,405.001000,0.451314,0.000732,0.640951,0.001273,-0.017283,0.000027,0.999850
probe_part_uncorrected_009,405.014000,0.451282,0.000706,0.640503,0.001273,-0.017283,0.000028,0.999850
probe_part_uncorrected_009,405.028000,0.451249,0.000677,0.640036,0.001275,-0.017283,0.000028,0.999850
probe_part_uncorrected_009,405.041000,0.451219,0.000652,0.639617,0.001275,-0.017282,0.000029,0.999850
probe_part_uncorrected_009,405.054000,0.451189,0.000627,0.639213,0.001276,-0.017282,0.000029,0.999850
probe_part_uncorrected_009,405.067000,0.451160,0.000603,0.638823,0.001277,-0.017282,0.000030,0.999850
probe_part_uncorrected_009,405.081000,0.451131,0.000578,0.638419,0.001277,-0.017282,0.000030,0.999850
probe_part_uncorrected_009,405.095000,0.451102,0.000554,0.638032,0.001278,-0.017282,0.000031,0.999850
probe_part_uncorrected_009,405.108000,0.451076,0.000532,0.637687,0.001279,-0.017281,0.000031,0.999850
probe_part_uncorrected_009,405.121000,0.451050,0.000511,0.637356,0.001280,-0.017281,0.000032,0.999850
probe_part_uncorrected_009,405.134000,0.451026,0.000490,0.637040,0.001280,-0.017281,0.000032,0.999850
probe_part_uncorrected_009,405.147000,0.451003,0.000471,0.636737,0.001281,-0.017281,0.000033,0.999850
probe_part_uncorrected_009,405.161000,0.450979,0.000451,0.636428,0.001281,-0.017281,0.000033,0.999850
probe_part_uncorrected_009,405.171000,0.450962,0.000437,0.636217,0.001282,-0.017281,0.000034,0.999850
probe_part_uncorrected_009,405.178000,0.450951,0.000428,0.636074,0.001282,-0.017280,0.000034,0.999850
probe_part_uncorrected_009,405.187000,0.450937,0.000416,0.635896,0.001282,-0.017280,0.000034,0.999850
probe_part_uncorrected_009,405.194000,0.450927,0.000407,0.635763,0.001282,-0.017280,0.000034,0.999850
probe_part_uncorrected_009,405.206000,0.450909,0.000392,0.635544,0.001283,-0.017280,0.000035,0.999850
probe_part_uncorrected_009,405.217000,0.450894,0.000380,0.635354,0.001284,-0.017280,0.000035,0.999850
probe_part_uncorrected_009,405.228000,0.450880,0.000368,0.635174,0.001284,-0.017280,0.000035,0.999850
probe_part_uncorrected_009,405.240000,0.450865,0.000355,0.634990,0.001284,-0.017280,0.000036,0.999850
probe_part_uncorrected_009,405.253000,0.450850,0.000342,0.634803,0.001285,-0.017280,0.000036,0.999850
probe_part_uncorrected_009,405.266000,0.450836,0.000330,0.634630,0.001286,-0.017280,0.000036,0.999850
probe_part_uncorrected_009,405.279000,0.450823,0.000320,0.634472,0.001287,-0.017280,0.000037,0.999850
probe_part_uncorrected_009,405.292000,0.450811,0.000310,0.634328,0.001287,-0.017280,0.000037,0.999850
probe_part_uncorrected_009,405.305000,0.450801,0.000301,0.634199,0.001288,-0.017280,0.000037,0.999850
probe_part_uncorrected_009,405.319000,0.450791,0.000292,0.634075,0.001289,-0.017279,0.000038,0.999850
probe_part_uncorrected_009,405.332000,0.450782,0.000285,0.633975,0.001289,-0.017279,0.000038,0.999850
probe_part_uncorrected_009,405.346000,0.450775,0.000279,0.633883,0.001289,-0.017279,0.000038,0.999850
probe_part_uncorrected_009,405.359000,0.450769,0.000274,0.633811,0.001289,-0.017279,0.000039,0.999850
probe_part_uncorrected_009,405.371000,0.450765,0.000270,0.633757,0.001290,-0.017279,0.000039,0.999850
probe_part_uncorrected_009,405.385000,0.450760,0.000266,0.633706,0.001291,-0.017279,0.000039,0.999850
probe_part_uncorrected_009,405.398000,0.450757,0.000263,0.633668,0.001292,-0.017279,0.000039,0.999850
probe_part_uncorrected_009,405.412000,0.450754,0.000261,0.633635,0.001292,-0.017279,0.000040,0.999850
probe_part_uncorrected_009,405.426000,0.450752,0.000258,0.633608,0.001293,-0.017279,0.000040,0.999850
probe_part_uncorrected_009,405.440000,0.450750,0.000257,0.633587,0.001294,-0.017279,0.000040,0.999850
probe_part_uncorrected_009,405.454000,0.450747,0.000108,0.633625,0.000280,-0.017211,0.000039,0.999852
probe_part_uncorrected_009,405.469000,0.450742,-0.000170,0.633102,-0.000871,-0.017187,0.000078,0.999852
probe_part_uncorrected_009,405.486000,0.450744,-0.000453,0.629923,-0.001992,-0.017329,0.000130,0.999848
probe_part_uncorrected_009,405.503000,0.450767,-0.000917,0.625090,0.001668,-0.017030,0.000094,0.999854
probe_part_uncorrected_009,405.520000,0.450926,-0.000925,0.625098,0.001820,-0.013870,0.000079,0.999902
probe_part_uncorrected_009,405.537000,0.451146,-0.000833,0.624972,0.000003,-0.009472,0.000105,0.999955
probe_part_uncorrected_009,405.553000,0.451426,-0.000833,0.624965,0.000003,-0.003851,0.000105,0.999993
probe_part_uncorrected_009,405.570000,0.451617,-0.000833,0.624980,0.000003,-0.000036,0.000105,1.000000
probe_part_uncorrected_009,405.587000,0.451617,-0.000833,0.624982,0.000002,-0.000031,0.000105,1.000000
probe_part_uncorrected_009,405.604000,0.451617,-0.000833,0.624986,0.000002,-0.000026,0.000105,1.000000
probe_part_uncorrected_009,405.621000,0.451618,-0.000833,0.624987,0.000002,-0.000022,0.000105,1.000000
probe_part_uncorrected_009,405.639000,0.451618,-0.000833,0.624989,0.000001,-0.000019,0.000105,1.000000
probe_part_uncorrected_009,405.657000,0.451618,-0.000833,0.624991,0.000001,-0.000016,0.000105,1.000000
probe_part_uncorrected_009,405.673000,0.451618,-0.000833,0.624992,0.000001,-0.000014,0.000105,1.000000
probe_part_uncorrected_009,405.690000,0.451618,-0.000833,0.624994,0.000001,-0.000011,0.000105,1.000000
probe_part_uncorrected_009,405.704000,0.451618,-0.000833,0.624994,0.000001,-0.000010,0.000105,1.000000
probe_part_uncorrected_009,405.716000,0.451618,-0.000833,0.624995,0.000001,-0.000009,0.000105,1.000000
probe_part_uncorrected_009,405.729000,0.451618,-0.000833,0.624995,0.000001,-0.000008,0.000105,1.000000
probe_part_uncorrected_009,405.746000,0.451618,-0.000833,0.624996,0.000000,-0.000007,0.000105,1.000000
probe_part_uncorrected_009,405.763000,0.451618,-0.000833,0.624997,0.000000,-0.000006,0.000105,1.000000
probe_part_uncorrected_009,405.780000,0.451618,-0.000833,0.624997,0.000000,-0.000005,0.000105,1.000000
probe_part_uncorrected_009,405.797000,0.451618,-0.000833,0.624998,0.000000,-0.000004,0.000105,1.000000
probe_part_uncorrected_009,405.812000,0.451618,-0.000833,0.624998,0.000000,-0.000004,0.000105,1.000000
probe_part_uncorrected_009,405.828000,0.451619,-0.000833,0.624998,0.000000,-0.000003,0.000105,1.000000
probe_part_uncorrected_009,405.844000,0.451619,-0.000833,0.624998,0.000000,-0.000003,0.000105,1.000000
probe_part_uncorrected_009,405.859000,0.451619,-0.000833,0.624998,0.000000,-0.000003,0.000105,1.000000
probe_part_uncorrected_009,405.876000,0.451619,-0.000833,0.624999,0.000000,-0.000002,0.000105,1.000000
probe_part_uncorrected_009,405.893000,0.451619,-0.000833,0.624999,0.000000,-0.000002,0.000105,1.000000
probe_part_uncorrected_009,405.910000,0.451619,-0.000833,0.624999,0.000000,-0.000002,0.000105,1.000000
probe_part_uncorrected_009,405.926000,0.451619,-0.000833,0.624999,0.000000,-0.000002,0.000105,1.000000
probe_part_uncorrected_009,405.942000,0.451619,-0.000833,0.624999,0.000000,-0.000001,0.000105,1.000000
probe_part_uncorrected_009,405.957000,0.451619,-0.000833,0.624999,0.000000,-0.000001,0.000105,1.000000
probe_part_uncorrected_009,405.970000,0.451619,-0.000833,0.624999,0.000000,-0.000001,0.000105,1.000000
probe_part_uncorrected_009,405.986000,0.451619,-0.000833,0.624999,0.000000,-0.000001,0.000105,1.000000
probe_part_uncorrected_009,406.002000,0.451619,-0.000833,0.624999,0.000000,-0.000001,0.000105,1.000000
probe_part_uncorrected_009,406.018000,0.451619,-0.000833,0.624999,0.000000,-0.000001,0.000105,1.000000
probe_part_uncorrected_009,406.034000,0.451619,-0.000833,0.624999,0.000000,-0.000001,0.000105,1.000000
probe_part_uncorrected_009,406.050000,0.451619,-0.000833,0.624999,0.000000,-0.000001,0.000105,1.000000
probe_part_uncorrected_009,406.067000,0.451619,-0.000833,0.624999,0.000000,-0.000001,0.000105,1.000000
probe_part_uncorrected_009,406.084000,0.451619,-0.000833,0.624999,0.000000,-0.000001,0.000105,1.000000
probe_part_uncorrected_009,406.100000,0.451619,-0.000833,0.624999,0.000000,-0.000001,0.000105,1.000000
probe_part_uncorrected_009,406.114000,0.451619,-0.000833,0.624999,0.000000,-0.000001,0.000105,1.000000
probe_part_uncorrected_009,406.124000,0.451619,-0.000833,0.624999,0.000000,-0.000001,0.000105,1.000000
probe_part_uncorrected_009,406.138000,0.451619,-0.000833,0.624999,0.000000,-0.000001,0.000105,1.000000
probe_part_uncorrected_009,406.152000,0.451619,-0.000833,0.624999,0.000000,-0.000001,0.000105,1.000000
probe_part_uncorrected_009,406.167000,0.451619,-0.000833,0.624999,0.000000,-0.000001,0.000105,1.000000
probe_part_uncorrected_009,406.183000,0.451619,-0.000833,0.624999,0.000000,-0.000001,0.000105,1.000000
probe_part_uncorrected_009,406.200000,0.451619,-0.000833,0.624999,0.000000,-0.000001,0.000105,1.000000
probe_part_uncorrected_009,406.216000,0.451619,-0.000833,0.624999,0.000000,-0.000001,0.000105,1.000000
probe_part_uncorrected_009,406.232000,0.451619,-0.000833,0.624999,0.000000,-0.000001,0.000105,1.000000
probe_part_uncorrected_009,406.248000,0.451619,-0.000833,0.624999,0.000000,-0.000001,0.000105,1.000000
probe_part_uncorrected_009,406.264000,0.451619,-0.000833,0.624999,0.000000,-0.000001,0.000105,1.000000
probe_part_uncorrected_009,406.281000,0.451619,-0.000833,0.624999,0.000000,-0.000001,0.000105,1.000000
probe_part_uncorrected_009,406.297000,0.451619,-0.000833,0.624999,0.000000,-0.000001,0.000105,1.000000
probe_part_uncorrected_009,406.313000,0.451619,-0.000833,0.624999,0.000000,-0.000001,0.000105,1.000000
probe_part_uncorrected_009,406.328000,0.451619,-0.000833,0.624999,0.000000,-0.000001,0.000105,1.000000
probe_part_uncorrected_009,406.344000,0.451619,-0.000833,0.624999,0.000000,-0.000001,0.000105,1.000000
probe_part_uncorrected_009,406.360000,0.451619,-0.000833,0.624999,0.000000,-0.000001,0.000105,1.000000
probe_part_uncorrected_009,406.376000,0.451619,-0.000833,0.624999,0.000000,-0.000001,0.000105,1.000000
probe_part_uncorrected_009,406.392000,0.451619,-0.000833,0.624999,0.000000,-0.000001,0.000105,1.000000
probe_part_uncorrected_009,406.408000,0.451619,-0.000833,0.624999,0.000000,-0.000001,0.000105,1.000000
probe_part_uncorrected_009,406.422000,0.451619,-0.000833,0.624999,0.000000,-0.000001,0.000105,1.000000
probe_part_uncorrected_009,406.439000,0.451619,-0.000833,0.624999,0.000000,-0.000001,0.000105,1.000000
probe_part_uncorrected_009,406.456000,0.451619,-0.000833,0.624999,0.000000,-0.000001,0.000105,1.000000
probe_part_uncorrected_009,406.473000,0.451619,-0.000833,0.624999,0.000000,-0.000001,0.000105,1.000000
probe_part_uncorrected_009,406.489000,0.451619,-0.000833,0.624999,0.000000,-0.000001,0.000105,1.000000
probe_part_uncorrected_009,406.505000,0.451619,-0.000833,0.624999,0.000000,-0.000001,0.000105,1.000000
probe_part_uncorrected_009,406.520000,0.451619,-0.000833,0.624999,0.000000,-0.000001,0.000105,1.000000
probe_part_uncorrected_009,406.535000,0.451619,-0.000833,0.624999,0.000000,-0.000001,0.000105,1.000000
probe_part_uncorrected_009,406.552000,0.451619,-0.000833,0.624999,0.000000,-0.000001,0.000105,1.000000
probe_part_uncorrected_009,406.568000,0.451619,-0.000833,0.624999,0.000000,-0.000001,0.000105,1.000000
probe_part_uncorrected_009,406.583000,0.451619,-0.000833,0.624999,0.000000,-0.000001,0.000105,1.000000
probe_part_uncorrected_009,406.597000,0.451619,-0.000833,0.624999,0.000000,-0.000001,0.000105,1.000000
probe_part_uncorrected_009,406.613000,0.451619,-0.000833,0.624999,0.000000,-0.000001,0.000105,1.000000
probe_part_uncorrected_009,406.629000,0.451619,-0.000833,0.624999,0.000000,-0.000001,0.000105,1.000000
probe_part_uncorrected_009,406.646000,0.451619,-0.000833,0.624999,0.000000,-0.000001,0.000105,1.000000
probe_part_uncorrected_009,406.663000,0.451619,-0.000833,0.624999,0.000000,-0.000001,0.000105,1.000000
probe_part_uncorrected_009,406.680000,0.451619,-0.000833,0.624999,0.000000,-0.000001,0.000105,1.000000
probe_part_uncorrected_009,406.697000,0.451619,-0.000833,0.624999,0.000000,-0.000001,0.000105,1.000000
probe_part_uncorrected_009,406.713000,0.451619,-0.000833,0.624999,0.000000,-0.000001,0.000105,1.000000
probe_part_uncorrected_009,406.729000,0.451619,-0.000833,0.624999,0.000000,-0.000001,0.000105,1.000000
probe_part_uncorrected_009,406.746000,0.451619,-0.000833,0.624999,0.000000,-0.000001,0.000105,1.000000
probe_part_uncorrected_009,406.761000,0.451619,-0.000833,0.624999,0.000000,-0.000001,0.000105,1.000000
probe_part_uncorrected_009,406.777000,0.451619,-0.000833,0.624999,0.000000,-0.000001,0.000105,1.000000
probe_part_uncorrected_009,406.793000,0.451619,-0.000833,0.624999,0.000000,-0.000001,0.000105,1.000000
probe_part_uncorrected_009,406.809000,0.451619,-0.000833,0.624999,0.000000,-0.000001,0.000105,1.000000
probe_part_uncorrected_009,406.825000,0.451619,-0.000833,0.624999,0.000000,-0.000001,0.000105,1.000000
probe_part_uncorrected_009,406.841000,0.451619,-0.000833,0.624999,0.000000,-0.000001,0.000105,1.000000
probe_part_uncorrected_009,406.855000,0.451619,-0.000833,0.624999,0.000000,-0.000001,0.000105,1.000000
probe_part_uncorrected_009,406.870000,0.451619,-0.000833,0.624999,0.000000,-0.000001,0.000105,1.000000
probe_part_uncorrected_009,406.886000,0.451619,-0.000833,0.624999,0.000000,-0.000001,0.000105,1.000000
probe_part_uncorrected_009,406.902000,0.451619,-0.000833,0.624999,0.000000,-0.000001,0.000105,1.000000
probe_part_uncorrected_009,406.918000,0.451619,-0.000833,0.624999,0.000000,-0.000001,0.000105,1.000000
probe_part_uncorrected_009,406.934000,0.451619,-0.000833,0.624999,0.000000,-0.000001,0.000105,1.000000
probe_part_uncorrected_009,406.950000,0.451619,-0.000833,0.624999,0.000000,-0.000001,0.000105,1.000000
probe_part_uncorrected_009,406.964000,0.451619,-0.000833,0.624999,0.000000,-0.000001,0.000105,1.000000
probe_part_uncorrected_009,406.980000,0.451619,-0.000833,0.624999,0.000000,-0.000001,0.000105,1.000000
probe_part_uncorrected_009,406.996000,0.451619,-0.000833,0.624999,0.000000,-0.000001,0.000105,1.000000
probe_part_uncorrected_009,407.012000,0.451619,-0.000833,0.624999,0.000000,-0.000001,0.000105,1.000000
probe_part_uncorrected_009,407.028000,0.451619,-0.000833,0.624999,0.000000,-0.000001,0.000105,1.000000
probe_part_uncorrected_009,407.044000,0.451619,-0.000833,0.624999,0.000000,-0.000001,0.000105,1.000000
probe_part_uncorrected_009,407.058000,0.451619,-0.000833,0.624999,0.000000,-0.000001,0.000105,1.000000
probe_part_uncorrected_009,407.074000,0.451619,-0.000833,0.624999,0.000000,-0.000001,0.000105,1.000000
probe_part_uncorrected_009,407.090000,0.451619,-0.000833,0.624999,0.000000,-0.000001,0.000105,1.000000
probe_part_uncorrected_009,407.107000,0.451619,-0.000833,0.624999,0.000000,-0.000001,0.000105,1.000000
probe_part_uncorrected_009,407.124000,0.451619,-0.000833,0.624999,0.000000,-0.000001,0.000105,1.000000
probe_part_uncorrected_009,407.141000,0.451619,-0.000833,0.624999,0.000000,-0.000001,0.000105,1.000000
probe_part_uncorrected_009,407.157000,0.451619,-0.000833,0.624999,0.000000,-0.000001,0.000105,1.000000
probe_part_uncorrected_009,407.174000,0.451619,-0.000833,0.624999,0.000000,-0.000001,0.000105,1.000000
probe_part_uncorrected_009,407.191000,0.451619,-0.000833,0.624999,0.000000,-0.000001,0.000105,1.000000
probe_part_uncorrected_009,407.208000,0.451619,-0.000833,0.624999,0.000000,-0.000001,0.000105,1.000000
probe_part_uncorrected_009,407.225000,0.451619,-0.000833,0.624999,0.000000,-0.000001,0.000105,1.000000
probe_part_uncorrected_009,407.242000,0.451619,-0.000833,0.624999,0.000000,-0.000001,0.000105,1.000000
probe_part_uncorrected_009,407.260000,0.451619,-0.000833,0.624999,0.000000,-0.000001,0.000105,1.000000
probe_part_uncorrected_009,407.277000,0.451619,-0.000833,0.624999,0.000000,-0.000001,0.000105,1.000000
probe_part_uncorrected_009,407.294000,0.451619,-0.000833,0.624999,0.000000,-0.000001,0.000105,1.000000
probe_part_uncorrected_009,407.311000,0.451619,-0.000833,0.624999,0.000000,-0.000001,0.000105,1.000000
probe_part_uncorrected_009,407.328000,0.451619,-0.000833,0.624999,0.000000,-0.000001,0.000105,1.000000
probe_part_uncorrected_009,407.345000,0.451619,-0.000833,0.624999,0.000000,-0.000001,0.000105,1.000000
probe_part_uncorrected_009,407.362000,0.451619,-0.000833,0.624999,0.000000,-0.000001,0.000105,1.000000
probe_part_uncorrected_009,407.379000,0.451619,-0.000833,0.624999,0.000000,-0.000001,0.000105,1.000000
probe_part_uncorrected_009,407.395000,0.451619,-0.000833,0.624999,0.000000,-0.000001,0.000105,1.000000
probe_part_uncorrected_009,407.412000,0.451619,-0.000833,0.624999,0.000000,-0.000001,0.000105,1.000000
probe_part_uncorrected_009,407.428000,0.451619,-0.000833,0.624999,0.000000,-0.000001,0.000105,1.000000
probe_part_uncorrected_009,407.443000,0.451619,-0.000833,0.624999,0.000000,-0.000001,0.000105,1.000000
probe_part_uncorrected_009,407.459000,0.451619,-0.000833,0.624999,0.000000,-0.000001,0.000105,1.000000
probe_part_uncorrected_009,407.475000,0.451619,-0.000833,0.624999,0.000000,-0.000001,0.000105,1.000000
probe_part_uncorrected_009,407.491000,0.451619,-0.000833,0.624999,0.000000,-0.000001,0.000105,1.000000
probe_part_uncorrected_009,407.507000,0.451619,-0.000833,0.624999,0.000000,-0.000001,0.000105,1.000000
probe_part_uncorrected_009,407.523000,0.451619,-0.000833,0.624999,0.000000,-0.000001,0.000105,1.000000
probe_part_uncorrected_009,407.539000,0.451619,-0.000833,0.624999,0.000000,-0.000001,0.000105,1.000000
probe_part_uncorrected_009,407.554000,0.451619,-0.000833,0.624999,0.000000,-0.000001,0.000105,1.000000
probe_part_uncorrected_009,407.570000,0.451619,-0.000833,0.624999,0.000000,-0.000001,0.000105,1.000000
probe_part_uncorrected_009,407.586000,0.451619,-0.000833,0.624999,0.000000,-0.000001,0.000105,1.000000
probe_part_uncorrected_009,407.603000,0.451619,-0.000833,0.624999,0.000000,-0.000001,0.000105,1.000000
probe_part_uncorrected_009,407.619000,0.451619,-0.000833,0.624999,0.000000,-0.000001,0.000105,1.000000
probe_part_uncorrected_009,407.634000,0.451619,-0.000833,0.624999,0.000000,-0.000001,0.000105,1.000000
probe_part_uncorrected_009,407.648000,0.451619,-0.000833,0.624999,0.000000,-0.000001,0.000105,1.000000
probe_part_uncorrected_009,407.658000,0.451619,-0.000833,0.624999,0.000000,-0.000001,0.000105,1.000000
probe_part_uncorrected_009,407.671000,0.451619,-0.000833,0.624999,0.000000,-0.000001,0.000105,1.000000
probe_part_uncorrected_009,407.686000,0.451619,-0.000833,0.624999,0.000000,-0.000001,0.000105,1.000000
probe_part_uncorrected_009,407.702000,0.451619,-0.000833,0.624999,0.000000,-0.000001,0.000105,1.000000
probe_part_uncorrected_009,407.718000,0.451619,-0.000833,0.624999,0.000000,-0.000001,0.000105,1.000000
probe_part_uncorrected_009,407.735000,0.451619,-0.000833,0.624999,0.000000,-0.000001,0.000105,1.000000
probe_part_uncorrected_009,407.750000,0.451619,-0.000833,0.624999,0.000000,-0.000001,0.000105,1.000000
probe_part_uncorrected_009,407.765000,0.451619,-0.000833,0.624999,0.000000,-0.000001,0.000105,1.000000
probe_part_uncorrected_009,407.771000,0.451619,-0.000833,0.624999,0.000000,-0.000001,0.000105,1.000000
probe_part_uncorrected_009,407.774000,0.451619,-0.000833,0.624999,0.000000,-0.000001,0.000105,1.000000
probe_part_uncorrected_009,407.778000,0.451619,-0.000833,0.624999,0.000000,-0.000001,0.000105,1.000000
probe_part_uncorrected_009,407.787000,0.451619,-0.000833,0.624999,0.000000,-0.000001,0.000105,1.000000
probe_part_uncorrected_009,407.798000,0.451619,-0.000833,0.624999,0.000000,-0.000001,0.000105,1.000000
probe_part_uncorrected_009,407.805000,0.451619,-0.000833,0.624999,0.000000,-0.000001,0.000105,1.000000
probe_part_uncorrected_009,407.810000,0.451619,-0.000833,0.624999,0.000000,-0.000001,0.000105,1.000000
probe_part_uncorrected_009,407.811000,0.451619,-0.000833,0.624999,0.000000,-0.000001,0.000105,1.000000
probe_part_uncorrected_009,407.819000,0.451619,-0.000833,0.624999,0.000000,-0.000001,0.000105,1.000000
probe_part_uncorrected_009,407.826000,0.451619,-0.000833,0.624999,0.000000,-0.000001,0.000105,1.000000
probe_part_uncorrected_009,407.834000,0.451619,-0.000833,0.624999,0.000000,-0.000001,0.000105,1.000000
probe_part_uncorrected_009,407.845000,0.451619,-0.000833,0.624999,0.000000,-0.000001,0.000105,1.000000
probe_part_uncorrected_009,407.858000,0.451619,-0.000833,0.624999,0.000000,-0.000001,0.000105,1.000000
probe_part_uncorrected_009,407.871000,0.451619,-0.000833,0.624999,0.000000,-0.000001,0.000105,1.000000
probe_part_uncorrected_009,407.883000,0.451619,-0.000833,0.624999,0.000000,-0.000001,0.000105,1.000000
probe_part_uncorrected_009,407.898000,0.451619,-0.000833,0.624999,0.000000,-0.000001,0.000105,1.000000
probe_part_uncorrected_009,407.912000,0.451619,-0.000833,0.624999,0.000000,-0.000001,0.000105,1.000000
probe_part_uncorrected_009,407.927000,0.451619,-0.000833,0.624999,0.000000,-0.000001,0.000105,1.000000
probe_part_uncorrected_009,407.943000,0.451619,-0.000833,0.624999,0.000000,-0.000001,0.000105,1.000000
probe_part_uncorrected_009,407.958000,0.451619,-0.000833,0.624999,0.000000,-0.000001,0.000105,1.000000
probe_part_uncorrected_009,407.973000,0.451619,-0.000833,0.624999,0.000000,-0.000001,0.000105,1.000000
probe_part_uncorrected_009,407.987000,0.451619,-0.000833,0.624999,0.000000,-0.000001,0.000105,1.000000
probe_part_uncorrected_009,408.002000,0.451619,-0.000833,0.624999,0.000000,-0.000001,0.000105,1.000000
probe_part_uncorrected_009,408.018000,0.451619,-0.000833,0.624999,0.000000,-0.000001,0.000105,1.000000
probe_part_uncorrected_009,408.034000,0.451619,-0.000833,0.624999,0.000000,-0.000001,0.000105,1.000000
probe_part_uncorrected_009,408.049000,0.451619,-0.000833,0.624999,0.000000,-0.000001,0.000105,1.000000
probe_part_uncorrected_009,408.064000,0.451619,-0.000833,0.624999,0.000000,-0.000001,0.000105,1.000000
probe_part_uncorrected_009,408.079000,0.451619,-0.000833,0.624999,0.000000,-0.000001,0.000105,1.000000
probe_part_uncorrected_009,408.094000,0.451619,-0.000833,0.624999,0.000000,-0.000001,0.000105,1.000000
probe_part_uncorrected_009,408.107000,0.451619,-0.000833,0.624999,0.000000,-0.000001,0.000105,1.000000
probe_part_uncorrected_009,408.123000,0.451619,-0.000833,0.624999,0.000000,-0.000001,0.000105,1.000000
probe_part_uncorrected_009,408.138000,0.451619,-0.000833,0.624999,0.000000,-0.000001,0.000105,1.000000
probe_part_uncorrected_009,408.153000,0.451619,-0.000833,0.624999,0.000000,-0.000001,0.000105,1.000000
probe_part_uncorrected_009,408.167000,0.451619,-0.000833,0.624999,0.000000,-0.000001,0.000105,1.000000
probe_part_uncorrected_009,408.181000,0.451619,-0.000833,0.624999,0.000000,-0.000001,0.000105,1.000000
probe_part_uncorrected_009,408.197000,0.451619,-0.000833,0.624999,0.000000,-0.000001,0.000105,1.000000
probe_part_uncorrected_009,408.212000,0.451619,-0.000833,0.624999,0.000000,-0.000001,0.000105,1.000000
probe_part_uncorrected_009,408.226000,0.451619,-0.000833,0.624999,0.000000,-0.000001,0.000105,1.000000
probe_part_uncorrected_009,408.240000,0.451619,-0.000833,0.624999,0.000000,-0.000001,0.000105,1.000000
probe_part_uncorrected_009,408.255000,0.451619,-0.000833,0.624999,0.000000,-0.000001,0.000105,1.000000
probe_part_uncorrected_009,408.270000,0.451619,-0.000833,0.624999,0.000000,-0.000001,0.000105,1.000000
probe_part_uncorrected_009,408.285000,0.451619,-0.000833,0.624999,0.000000,-0.000001,0.000105,1.000000
probe_part_uncorrected_009,408.297000,0.451619,-0.000833,0.624999,0.000000,-0.000001,0.000105,1.000000
probe_part_uncorrected_009,408.301000,0.451619,-0.000833,0.624999,0.000000,-0.000001,0.000105,1.000000
probe_part_uncorrected_009,408.316000,0.451619,-0.000833,0.624999,0.000000,-0.000001,0.000105,1.000000
probe_part_uncorrected_009,408.331000,0.451619,-0.000833,0.624999,0.000000,-0.000001,0.000105,1.000000
probe_part_uncorrected_009,408.346000,0.451619,-0.000833,0.624999,0.000000,-0.000001,0.000105,1.000000
probe_part_uncorrected_009,408.361000,0.451619,-0.000833,0.624999,0.000000,-0.000001,0.000105,1.000000
probe_part_uncorrected_009,408.376000,0.451619,-0.000833,0.624999,0.000000,-0.000001,0.000105,1.000000
probe_part_uncorrected_009,408.392000,0.451619,-0.000833,0.624999,0.000000,-0.000001,0.000105,1.000000
probe_part_uncorrected_009,408.406000,0.451619,-0.000833,0.624999,0.000000,-0.000001,0.000105,1.000000
probe_part_uncorrected_009,408.414000,0.451619,-0.000833,0.624999,0.000000,-0.000001,0.000105,1.000000
probe_part_uncorrected_009,408.425000,0.451619,-0.000833,0.624999,0.000000,-0.000001,0.000105,1.000000
probe_part_uncorrected_009,408.437000,0.451619,-0.000833,0.624999,0.000000,-0.000001,0.000105,1.000000
probe_part_uncorrected_009,408.452000,0.451619,-0.000833,0.624999,0.000000,-0.000001,0.000105,1.000000
probe_part_uncorrected_009,408.467000,0.451619,-0.000833,0.624999,0.000000,-0.000001,0.000105,1.000000
probe_part_uncorrected_009,408.482000,0.451619,-0.000833,0.624999,0.000000,-0.000001,0.000105,1.000000
probe_part_uncorrected_009,408.495000,0.451619,-0.000833,0.624999,0.000000,-0.000001,0.000105,1.000000
probe_part_uncorrected_009,408.506000,0.451619,-0.000833,0.624999,0.000000,-0.000001,0.000105,1.000000
probe_part_uncorrected_009,408.520000,0.451619,-0.000833,0.624999,0.000000,-0.000001,0.000105,1.000000
probe_part_uncorrected_009,408.534000,0.451619,-0.000833,0.624999,0.000000,-0.000001,0.000105,1.000000
probe_part_uncorrected_009,408.549000,0.451619,-0.000833,0.624999,0.000000,-0.000001,0.000105,1.000000
probe_part_uncorrected_009,408.564000,0.451619,-0.000833,0.624999,0.000000,-0.000001,0.000105,1.000000
probe_part_uncorrected_009,408.578000,0.451619,-0.000833,0.624999,0.000000,-0.000001,0.000105,1.000000
probe_part_uncorrected_009,408.591000,0.451619,-0.000833,0.624999,0.000000,-0.000001,0.000105,1.000000
probe_part_uncorrected_009,408.605000,0.451619,-0.000833,0.624999,0.000000,-0.000001,0.000105,1.000000
probe_part_uncorrected_009,408.618000,0.451619,-0.000833,0.624999,0.000000,-0.000001,0.000105,1.000000
probe_part_uncorrected_009,408.633000,0.451619,-0.000833,0.624999,0.000000,-0.000001,0.000105,1.000000
probe_part_uncorrected_009,408.644000,0.451619,-0.000833,0.624999,0.000000,-0.000001,0.000105,1.000000
probe_part_uncorrected_009,408.658000,0.451619,-0.000833,0.624999,0.000000,-0.000001,0.000105,1.000000
probe_part_uncorrected_009,408.669000,0.451619,-0.000833,0.624999,0.000000,-0.000001,0.000105,1.000000
probe_part_uncorrected_009,408.683000,0.451619,-0.000833,0.624999,0.000000,-0.000001,0.000105,1.000000
probe_part_uncorrected_009,408.697000,0.451619,-0.000833,0.624999,0.000000,-0.000001,0.000105,1.000000
probe_part_uncorrected_009,408.713000,0.451619,-0.000833,0.624999,0.000000,-0.000001,0.000105,1.000000
probe_part_uncorrected_009,408.729000,0.451619,-0.000833,0.624999,0.000000,-0.000001,0.000105,1.000000
probe_part_uncorrected_009,408.743000,0.451619,-0.000833,0.624999,0.000000,-0.000001,0.000105,1.000000
probe_part_uncorrected_009,408.759000,0.451619,-0.000833,0.624999,0.000000,-0.000001,0.000105,1.000000
probe_part_uncorrected_009,408.775000,0.451619,-0.000833,0.624999,0.000000,-0.000001,0.000105,1.000000
probe_part_uncorrected_009,408.789000,0.451619,-0.000833,0.624999,0.000000,-0.000001,0.000105,1.000000
probe_part_uncorrected_009,408.798000,0.451619,-0.000833,0.624999,0.000000,-0.000001,0.000105,1.000000
probe_part_uncorrected_009,408.812000,0.451619,-0.000833,0.624999,0.000000,-0.000001,0.000105,1.000000
probe_part_uncorrected_009,408.827000,0.451619,-0.000833,0.624999,0.000000,-0.000001,0.000105,1.000000
probe_part_uncorrected_009,408.842000,0.451619,-0.000833,0.624999,0.000000,-0.000001,0.000105,1.000000
probe_part_uncorrected_009,408.857000,0.451619,-0.000833,0.624999,0.000000,-0.000001,0.000105,1.000000
probe_part_uncorrected_009,408.872000,0.451619,-0.000833,0.624999,0.000000,-0.000001,0.000105,1.000000
probe_part_uncorrected_009,408.887000,0.451619,-0.000833,0.624999,0.000000,-0.000001,0.000105,1.000000
probe_part_uncorrected_009,408.903000,0.451619,-0.000833,0.624999,0.000000,-0.000001,0.000105,1.000000
probe_part_uncorrected_009,408.919000,0.451619,-0.000833,0.624999,0.000000,-0.000001,0.000105,1.000000
probe_part_uncorrected_009,408.935000,0.451619,-0.000833,0.624999,0.000000,-0.000001,0.000105,1.000000
probe_part_uncorrected_009,408.949000,0.451619,-0.000833,0.624999,0.000000,-0.000001,0.000105,1.000000
probe_part_uncorrected_009,408.961000,0.451619,-0.000833,0.624999,0.000000,-0.000001,0.000105,1.000000
probe_part_uncorrected_009,408.974000,0.451619,-0.000833,0.624999,0.000000,-0.000001,0.000105,1.000000
probe_part_uncorrected_009,408.988000,0.451619,-0.000833,0.624999,0.000000,-0.000001,0.000105,1.000000
probe_part_uncorrected_009,409.004000,0.451619,-0.000833,0.624999,0.000000,-0.000001,0.000105,1.000000
probe_part_uncorrected_009,409.021000,0.451619,-0.000833,0.624999,0.000000,-0.000001,0.000105,1.000000
probe_part_uncorrected_009,409.037000,0.451619,-0.000833,0.624999,0.000000,-0.000001,0.000105,1.000000
probe_part_uncorrected_009,409.054000,0.451619,-0.000833,0.624999,0.000000,-0.000001,0.000105,1.000000
probe_part_uncorrected_009,409.071000,0.451619,-0.000833,0.624999,0.000000,-0.000001,0.000105,1.000000
probe_part_uncorrected_009,409.088000,0.451619,-0.000833,0.624999,0.000000,-0.000001,0.000105,1.000000
probe_part_uncorrected_009,409.105000,0.451619,-0.000833,0.624999,0.000000,-0.000001,0.000105,1.000000
probe_part_uncorrected_009,409.121000,0.451619,-0.000833,0.624999,0.000000,-0.000001,0.000105,1.000000
probe_part_uncorrected_009,409.138000,0.451619,-0.000833,0.624999,0.000000,-0.000001,0.000105,1.000000
probe_part_uncorrected_009,409.155000,0.451619,-0.000833,0.624999,0.000000,-0.000001,0.000105,1.000000
probe_part_uncorrected_009,409.170000,0.451619,-0.000833,0.624999,0.000000,-0.000001,0.000105,1.000000
probe_part_uncorrected_009,409.182000,0.451619,-0.000833,0.624999,0.000000,-0.000001,0.000105,1.000000
probe_part_uncorrected_009,409.196000,0.451619,-0.000833,0.624999,0.000000,-0.000001,0.000105,1.000000
probe_part_uncorrected_009,409.211000,0.451619,-0.000833,0.624999,0.000000,-0.000001,0.000105,1.000000
probe_part_uncorrected_009,409.226000,0.451619,-0.000833,0.624999,0.000000,-0.000001,0.000105,1.000000
probe_part_uncorrected_009,409.240000,0.451619,-0.000833,0.624999,0.000000,-0.000001,0.000105,1.000000
probe_part_uncorrected_009,409.255000,0.451619,-0.000833,0.624999,0.000000,-0.000001,0.000105,1.000000
probe_part_uncorrected_009,409.271000,0.451619,-0.000833,0.624999,0.000000,-0.000001,0.000105,1.000000
probe_part_uncorrected_009,409.287000,0.451619,-0.000833,0.624999,0.000000,-0.000001,0.000105,1.000000
probe_part_uncorrected_009,409.303000,0.451619,-0.000833,0.624999,0.000000,-0.000001,0.000105,1.000000
probe_part_uncorrected_009,409.319000,0.451619,-0.000833,0.624999,0.000000,-0.000001,0.000105,1.000000
probe_part_uncorrected_009,409.335000,0.451619,-0.000833,0.624999,0.000000,-0.000001,0.000105,1.000000
probe_part_uncorrected_009,409.340000,0.451619,-0.000833,0.624999,0.000000,-0.000001,0.000105,1.000000
probe_part_uncorrected_009,409.353000,0.451619,-0.000833,0.624999,0.000000,-0.000001,0.000105,1.000000
probe_part_uncorrected_009,409.369000,0.451619,-0.000833,0.624999,0.000000,-0.000001,0.000105,1.000000
probe_part_uncorrected_009,409.385000,0.451619,-0.000833,0.624999,0.000000,-0.000001,0.000105,1.000000
probe_part_uncorrected_009,409.401000,0.451619,-0.000833,0.624999,0.000000,-0.000001,0.000105,1.000000
probe_part_uncorrected_009,409.416000,0.451619,-0.000833,0.624999,0.000000,-0.000001,0.000105,1.000000
probe_part_uncorrected_009,409.431000,0.451619,-0.000833,0.624999,0.000000,-0.000001,0.000105,1.000000
probe_part_uncorrected_009,409.446000,0.451619,-0.000833,0.624999,0.000000,-0.000001,0.000105,1.000000
probe_part_uncorrected_009,409.461000,0.451619,-0.000833,0.624999,0.000000,-0.000001,0.000105,1.000000
probe_part_uncorrected_009,409.477000,0.451619,-0.000833,0.624999,0.000000,-0.000001,0.000105,1.000000
probe_part_uncorrected_009,409.493000,0.451619,-0.000833,0.624999,0.000000,-0.000001,0.000105,1.000000
probe_part_uncorrected_009,409.508000,0.451619,-0.000833,0.624999,0.000000,-0.000001,0.000105,1.000000
probe_part_uncorrected_009,409.524000,0.451619,-0.000833,0.624999,0.000000,-0.000001,0.000105,1.000000
probe_part_uncorrected_009,409.539000,0.451619,-0.000833,0.624999,0.000000,-0.000001,0.000105,1.000000
probe_part_uncorrected_009,409.553000,0.451619,-0.000833,0.624999,0.000000,-0.000001,0.000105,1.000000
probe_part_uncorrected_009,409.569000,0.451619,-0.000833,0.624999,0.000000,-0.000001,0.000105,1.000000
probe_part_uncorrected_009,409.584000,0.451619,-0.000833,0.624999,0.000000,-0.000001,0.000105,1.000000
probe_part_uncorrected_009,409.600000,0.451619,-0.000833,0.624999,0.000000,-0.000001,0.000105,1.000000
probe_part_uncorrected_009,409.615000,0.451619,-0.000833,0.624999,0.000000,-0.000001,0.000105,1.000000
probe_part_uncorrected_009,409.631000,0.451619,-0.000833,0.624999,0.000000,-0.000001,0.000105,1.000000
probe_part_uncorrected_009,409.647000,0.451619,-0.000833,0.624999,0.000000,-0.000001,0.000105,1.000000
probe_part_uncorrected_009,409.663000,0.451619,-0.000833,0.624999,0.000000,-0.000001,0.000105,1.000000
probe_part_uncorrected_009,409.680000,0.451619,-0.000833,0.624999,0.000000,-0.000001,0.000105,1.000000
probe_part_uncorrected_009,409.696000,0.451619,-0.000833,0.624999,0.000000,-0.000001,0.000105,1.000000
probe_part_uncorrected_009,409.712000,0.451619,-0.000833,0.624999,0.000000,-0.000001,0.000105,1.000000
probe_part_uncorrected_009,409.728000,0.451619,-0.000833,0.624999,0.000000,-0.000001,0.000105,1.000000
probe_part_uncorrected_009,409.744000,0.451619,-0.000833,0.624999,0.000000,-0.000001,0.000105,1.000000
probe_part_uncorrected_009,409.760000,0.451619,-0.000833,0.624999,0.000000,-0.000001,0.000105,1.000000
probe_part_uncorrected_009,409.775000,0.451619,-0.000833,0.624999,0.000000,-0.000001,0.000105,1.000000
probe_part_uncorrected_009,409.791000,0.451619,-0.000833,0.624999,0.000000,-0.000001,0.000105,1.000000
probe_part_uncorrected_009,409.806000,0.451619,-0.000833,0.624999,0.000000,-0.000001,0.000105,1.000000
probe_part_uncorrected_009,409.821000,0.451619,-0.000833,0.624999,0.000000,-0.000001,0.000105,1.000000
probe_part_uncorrected_009,409.837000,0.451619,-0.000833,0.624999,0.000000,-0.000001,0.000105,1.000000
probe_part_uncorrected_009,409.853000,0.451619,-0.000833,0.624999,0.000000,-0.000001,0.000105,1.000000
probe_part_uncorrected_009,409.868000,0.451619,-0.000833,0.624999,0.000000,-0.000001,0.000105,1.000000
probe_part_uncorrected_009,409.884000,0.451619,-0.000833,0.624999,0.000000,-0.000001,0.000105,1.000000
probe_part_uncorrected_009,409.898000,0.451619,-0.000833,0.624999,0.000000,-0.000001,0.000105,1.000000
probe_part_uncorrected_009,409.914000,0.451619,-0.000833,0.624999,0.000000,-0.000001,0.000105,1.000000
probe_part_uncorrected_009,409.928000,0.451619,-0.000833,0.624999,0.000000,-0.000001,0.000105,1.000000
probe_part_uncorrected_009,409.940000,0.451619,-0.000833,0.624999,0.000000,-0.000001,0.000105,1.000000
probe_part_uncorrected_009,409.955000,0.451619,-0.000833,0.624999,0.000000,-0.000001,0.000105,1.000000
probe_part_uncorrected_009,409.970000,0.451619,-0.000833,0.624999,0.000000,-0.000001,0.000105,1.000000
probe_part_uncorrected_009,409.985000,0.451619,-0.000833,0.624999,0.000000,-0.000001,0.000105,1.000000
probe_part_uncorrected_009,410.001000,0.451619,-0.000833,0.624999,0.000000,-0.000001,0.000105,1.000000
probe_part_uncorrected_009,410.017000,0.451619,-0.000833,0.624999,0.000000,-0.000001,0.000105,1.000000
probe_part_uncorrected_009,410.033000,0.451619,-0.000833,0.624999,0.000000,-0.000001,0.000105,1.000000
probe_part_uncorrected_009,410.049000,0.451619,-0.000833,0.624999,0.000000,-0.000001,0.000105,1.000000
probe_part_uncorrected_009,410.066000,0.451619,-0.000833,0.624999,0.000000,-0.000001,0.000105,1.000000
probe_part_uncorrected_009,410.082000,0.451619,-0.000833,0.624999,0.000000,-0.000001,0.000105,1.000000
probe_part_uncorrected_009,410.097000,0.451619,-0.000833,0.624999,0.000000,-0.000001,0.000105,1.000000
probe_part_uncorrected_009,410.112000,0.451619,-0.000833,0.624999,0.000000,-0.000001,0.000105,1.000000
probe_part_uncorrected_009,410.127000,0.451619,-0.000833,0.624999,0.000000,-0.000001,0.000105,1.000000
probe_part_uncorrected_009,410.142000,0.451619,-0.000833,0.624999,0.000000,-0.000001,0.000105,1.000000
probe_part_uncorrected_009,410.155000,0.451619,-0.000833,0.624999,0.000000,-0.000001,0.000105,1.000000
probe_part_uncorrected_009,410.167000,0.451619,-0.000833,0.624999,0.000000,-0.000001,0.000105,1.000000
probe_part_uncorrected_009,410.182000,0.451619,-0.000833,0.624999,0.000000,-0.000001,0.000105,1.000000
probe_part_uncorrected_009,410.196000,0.451619,-0.000833,0.624999,0.000000,-0.000001,0.000105,1.000000
probe_part_uncorrected_009,410.210000,0.451619,-0.000833,0.624999,0.000000,-0.000001,0.000105,1.000000
probe_part_uncorrected_009,410.224000,0.451619,-0.000833,0.624999,0.000000,-0.000001,0.000105,1.000000
probe_part_uncorrected_009,410.238000,0.451619,-0.000833,0.624999,0.000000,-0.000001,0.000105,1.000000
probe_part_uncorrected_009,410.252000,0.451619,-0.000833,0.624999,0.000000,-0.000001,0.000105,1.000000
probe_part_uncorrected_009,410.267000,0.451619,-0.000833,0.624999,0.000000,-0.000001,0.000105,1.000000
probe_part_uncorrected_009,410.281000,0.451619,-0.000833,0.624999,0.000000,-0.000001,0.000105,1.000000
probe_part_uncorrected_009,410.296000,0.451619,-0.000833,0.624999,0.000000,-0.000001,0.000105,1.000000
probe_part_uncorrected_009,410.311000,0.451619,-0.000833,0.624999,0.000000,-0.000001,0.000105,1.000000
probe_part_uncorrected_009,410.326000,0.451619,-0.000833,0.624999,0.000000,-0.000001,0.000105,1.000000
probe_part_uncorrected_009,410.341000,0.451619,-0.000833,0.624999,0.000000,-0.000001,0.000105,1.000000
probe_part_uncorrected_009,410.356000,0.451619,-0.000833,0.624999,0.000000,-0.000001,0.000105,1.000000
probe_part_uncorrected_009,410.371000,0.451619,-0.000833,0.624999,0.000000,-0.000001,0.000105,1.000000
probe_part_uncorrected_009,410.386000,0.451619,-0.000833,0.624999,0.000000,-0.000001,0.000105,1.000000
probe_part_uncorrected_009,410.400000,0.451619,-0.000833,0.624999,0.000000,-0.000001,0.000105,1.000000
probe_part_uncorrected_009,410.416000,0.451619,-0.000833,0.624999,0.000000,-0.000001,0.000105,1.000000
probe_part_uncorrected_009,410.431000,0.451619,-0.000833,0.624999,0.000000,-0.000001,0.000105,1.000000
probe_part_uncorrected_009,410.445000,0.451619,-0.000833,0.624999,0.000000,-0.000001,0.000105,1.000000
probe_part_uncorrected_009,410.461000,0.451619,-0.000833,0.624999,0.000000,-0.000001,0.000105,1.000000
probe_part_uncorrected_009,410.474000,0.451619,-0.000833,0.624999,0.000000,-0.000001,0.000105,1.000000
probe_part_uncorrected_009,410.488000,0.451619,-0.000833,0.624999,0.000000,-0.000001,0.000105,1.000000
probe_part_uncorrected_009,410.503000,0.451619,-0.000833,0.624999,0.000000,-0.000001,0.000105,1.000000
probe_part_uncorrected_009,410.517000,0.451619,-0.000833,0.624999,0.000000,-0.000001,0.000105,1.000000
probe_part_uncorrected_009,410.532000,0.451619,-0.000833,0.624999,0.000000,-0.000001,0.000105,1.000000
probe_part_uncorrected_009,410.548000,0.451619,-0.000833,0.624999,0.000000,-0.000001,0.000105,1.000000
probe_part_uncorrected_009,410.564000,0.451619,-0.000833,0.624999,0.000000,-0.000001,0.000105,1.000000
probe_part_uncorrected_009,410.580000,0.451619,-0.000833,0.624999,0.000000,-0.000001,0.000105,1.000000
probe_part_uncorrected_009,410.596000,0.451619,-0.000833,0.624999,0.000000,-0.000001,0.000105,1.000000
probe_part_uncorrected_009,410.611000,0.451619,-0.000833,0.624999,0.000000,-0.000001,0.000105,1.000000
probe_part_uncorrected_009,410.625000,0.451619,-0.000833,0.624999,0.000000,-0.000001,0.000105,1.000000
probe_part_uncorrected_009,410.640000,0.451619,-0.000833,0.624999,0.000000,-0.000001,0.000105,1.000000
probe_part_uncorrected_009,410.655000,0.451619,-0.000833,0.624999,0.000000,-0.000001,0.000105,1.000000
probe_part_uncorrected_009,410.670000,0.451619,-0.000833,0.624999,0.000000,-0.000001,0.000105,1.000000
probe_part_uncorrected_009,410.685000,0.451619,-0.000833,0.624999,0.000000,-0.000001,0.000105,1.000000
probe_part_uncorrected_009,410.700000,0.451619,-0.000833,0.624999,0.000000,-0.000001,0.000105,1.000000
probe_part_uncorrected_009,410.715000,0.451619,-0.000833,0.624999,0.000000,-0.000001,0.000105,1.000000
probe_part_uncorrected_009,410.730000,0.451619,-0.000833,0.624999,0.000000,-0.000001,0.000105,1.000000
probe_part_uncorrected_009,410.744000,0.451619,-0.000833,0.624999,0.000000,-0.000001,0.000105,1.000000
probe_part_uncorrected_009,410.759000,0.451619,-0.000833,0.624999,0.000000,-0.000001,0.000105,1.000000
probe_part_uncorrected_009,410.774000,0.451619,-0.000833,0.624999,0.000000,-0.000001,0.000105,1.000000
probe_part_uncorrected_009,410.789000,0.451619,-0.000833,0.624999,0.000000,-0.000001,0.000105,1.000000
probe_part_uncorrected_009,410.804000,0.451619,-0.000833,0.624999,0.000000,-0.000001,0.000105,1.000000
probe_part_uncorrected_009,410.818000,0.451619,-0.000833,0.624999,0.000000,-0.000001,0.000105,1.000000
probe_part_uncorrected_009,410.832000,0.451619,-0.000833,0.624999,0.000000,-0.000001,0.000105,1.000000
probe_part_uncorrected_009,410.848000,0.451619,-0.000833,0.624999,0.000000,-0.000001,0.000105,1.000000
probe_part_uncorrected_009,410.864000,0.451619,-0.000833,0.624999,0.000000,-0.000001,0.000105,1.000000
probe_part_uncorrected_009,410.880000,0.451619,-0.000833,0.624999,0.000000,-0.000001,0.000105,1.000000
probe_part_uncorrected_009,410.895000,0.451619,-0.000833,0.624999,0.000000,-0.000001,0.000105,1.000000
probe_part_uncorrected_009,410.910000,0.451619,-0.000833,0.624999,0.000000,-0.000001,0.000105,1.000000
probe_part_uncorrected_009,410.925000,0.451619,-0.000833,0.624999,0.000000,-0.000001,0.000105,1.000000
probe_part_uncorrected_009,410.941000,0.451619,-0.000833,0.624999,0.000000,-0.000001,0.000105,1.000000
probe_part_uncorrected_009,410.957000,0.451619,-0.000833,0.624999,0.000000,-0.000001,0.000105,1.000000
probe_part_uncorrected_009,410.972000,0.451619,-0.000833,0.624999,0.000000,-0.000001,0.000105,1.000000
probe_part_uncorrected_009,410.986000,0.451619,-0.000833,0.624999,0.000000,-0.000001,0.000105,1.000000
probe_part_uncorrected_009,411.001000,0.451619,-0.000833,0.624999,0.000000,-0.000001,0.000105,1.000000
probe_part_uncorrected_009,411.017000,0.451619,-0.000833,0.624999,0.000000,-0.000001,0.000105,1.000000
probe_part_uncorrected_009,411.033000,0.451619,-0.000833,0.624999,0.000000,-0.000001,0.000105,1.000000
probe_part_uncorrected_009,411.049000,0.451619,-0.000833,0.624999,0.000000,-0.000001,0.000105,1.000000
probe_part_uncorrected_009,411.064000,0.451619,-0.000833,0.624999,0.000000,-0.000001,0.000105,1.000000
probe_part_uncorrected_009,411.080000,0.451619,-0.000833,0.624999,0.000000,-0.000001,0.000105,1.000000
probe_part_uncorrected_009,411.096000,0.451619,-0.000833,0.624999,0.000000,-0.000001,0.000105,1.000000
probe_part_uncorrected_009,411.112000,0.451619,-0.000833,0.624999,0.000000,-0.000001,0.000105,1.000000
probe_part_uncorrected_009,411.128000,0.451619,-0.000833,0.624999,0.000000,-0.000001,0.000105,1.000000
probe_part_uncorrected_009,411.145000,0.451619,-0.000833,0.624999,0.000000,-0.000001,0.000105,1.000000
probe_part_uncorrected_009,411.161000,0.451619,-0.000833,0.624999,0.000000,-0.000001,0.000105,1.000000
probe_part_uncorrected_009,411.177000,0.451619,-0.000833,0.624999,0.000000,-0.000001,0.000105,1.000000
probe_part_uncorrected_009,411.192000,0.451619,-0.000833,0.624999,0.000000,-0.000001,0.000105,1.000000
probe_part_uncorrected_009,411.207000,0.451619,-0.000833,0.624999,0.000000,-0.000001,0.000105,1.000000
probe_part_uncorrected_009,411.223000,0.451619,-0.000833,0.624999,0.000000,-0.000001,0.000105,1.000000
probe_part_uncorrected_009,411.239000,0.451619,-0.000833,0.624999,0.000000,-0.000001,0.000105,1.000000
probe_part_uncorrected_009,411.256000,0.451619,-0.000833,0.624999,0.000000,-0.000001,0.000105,1.000000
probe_part_uncorrected_009,411.272000,0.451619,-0.000833,0.624999,0.000000,-0.000001,0.000105,1.000000
probe_part_uncorrected_009,411.287000,0.451619,-0.000833,0.624999,0.000000,-0.000001,0.000105,1.000000
probe_part_uncorrected_009,411.303000,0.451619,-0.000833,0.624999,0.000000,-0.000001,0.000105,1.000000
probe_part_uncorrected_009,411.320000,0.451619,-0.000833,0.624999,0.000000,-0.000001,0.000105,1.000000
probe_part_uncorrected_009,411.336000,0.451619,-0.000833,0.624999,0.000000,-0.000001,0.000105,1.000000
probe_part_uncorrected_009,411.352000,0.451619,-0.000833,0.624999,0.000000,-0.000001,0.000105,1.000000
probe_part_uncorrected_009,411.366000,0.451619,-0.000833,0.624999,0.000000,-0.000001,0.000105,1.000000
probe_part_uncorrected_009,411.380000,0.451619,-0.000833,0.624999,0.000000,-0.000001,0.000105,1.000000
probe_part_uncorrected_009,411.395000,0.451619,-0.000833,0.624999,0.000000,-0.000001,0.000105,1.000000
probe_part_uncorrected_009,411.410000,0.451619,-0.000833,0.624999,0.000000,-0.000001,0.000105,1.000000
probe_part_uncorrected_009,411.426000,0.451619,-0.000833,0.624999,0.000000,-0.000001,0.000105,1.000000
probe_part_uncorrected_009,411.443000,0.451619,-0.000833,0.624999,0.000000,-0.000001,0.000105,1.000000
probe_part_uncorrected_009,411.460000,0.451619,-0.000833,0.624999,0.000000,-0.000001,0.000105,1.000000
probe_part_uncorrected_009,411.477000,0.451619,-0.000833,0.624999,0.000000,-0.000001,0.000105,1.000000
probe_part_uncorrected_009,411.494000,0.451619,-0.000833,0.624999,0.000000,-0.000001,0.000105,1.000000
probe_part_uncorrected_009,411.511000,0.451619,-0.000833,0.624999,0.000000,-0.000001,0.000105,1.000000
probe_part_uncorrected_009,411.527000,0.451619,-0.000833,0.624999,0.000000,-0.000001,0.000105,1.000000
probe_part_uncorrected_009,411.542000,0.451619,-0.000833,0.624999,0.000000,-0.000001,0.000105,1.000000
probe_part_uncorrected_009,411.557000,0.451619,-0.000833,0.624999,0.000000,-0.000001,0.000105,1.000000
probe_part_uncorrected_009,411.574000,0.451619,-0.000833,0.624999,0.000000,-0.000001,0.000105,1.000000
probe_part_uncorrected_009,411.590000,0.451619,-0.000833,0.624999,0.000000,-0.000001,0.000105,1.000000
probe_part_uncorrected_009,411.607000,0.451619,-0.000833,0.624999,0.000000,-0.000001,0.000105,1.000000
probe_part_uncorrected_009,411.623000,0.451619,-0.000833,0.624999,0.000000,-0.000001,0.000105,1.000000
probe_part_uncorrected_009,411.640000,0.451619,-0.000833,0.624999,0.000000,-0.000001,0.000105,1.000000
probe_part_uncorrected_009,411.657000,0.451619,-0.000833,0.624999,0.000000,-0.000001,0.000105,1.000000
probe_part_uncorrected_009,411.673000,0.451619,-0.000833,0.624999,0.000000,-0.000001,0.000105,1.000000
probe_part_uncorrected_009,411.688000,0.451619,-0.000833,0.624999,0.000000,-0.000001,0.000105,1.000000
probe_part_uncorrected_009,411.704000,0.451619,-0.000833,0.624999,0.000000,-0.000001,0.000105,1.000000
probe_part_uncorrected_009,411.720000,0.451619,-0.000833,0.624999,0.000000,-0.000001,0.000105,1.000000
probe_part_uncorrected_009,411.736000,0.451619,-0.000833,0.624999,0.000000,-0.000001,0.000105,1.000000
probe_part_uncorrected_009,411.753000,0.451619,-0.000833,0.624999,0.000000,-0.000001,0.000105,1.000000
probe_part_uncorrected_009,411.770000,0.451619,-0.000833,0.624999,0.000000,-0.000001,0.000105,1.000000
probe_part_uncorrected_009,411.787000,0.451619,-0.000833,0.624999,0.000000,-0.000001,0.000105,1.000000
probe_part_uncorrected_009,411.803000,0.451619,-0.000833,0.624999,0.000000,-0.000001,0.000105,1.000000
probe_part_uncorrected_009,411.819000,0.451619,-0.000833,0.624999,0.000000,-0.000001,0.000105,1.000000
probe_part_uncorrected_009,411.836000,0.451619,-0.000833,0.624999,0.000000,-0.000001,0.000105,1.000000
probe_part_uncorrected_009,411.853000,0.451619,-0.000833,0.624999,0.000000,-0.000001,0.000105,1.000000
probe_part_uncorrected_009,411.870000,0.451619,-0.000833,0.624999,0.000000,-0.000001,0.000105,1.000000
probe_part_uncorrected_009,411.887000,0.451619,-0.000833,0.624999,0.000000,-0.000001,0.000105,1.000000
probe_part_uncorrected_009,411.903000,0.451619,-0.000833,0.624999,0.000000,-0.000001,0.000105,1.000000
probe_part_uncorrected_009,411.919000,0.451619,-0.000833,0.624999,0.000000,-0.000001,0.000105,1.000000
probe_part_uncorrected_009,411.936000,0.451619,-0.000833,0.624999,0.000000,-0.000001,0.000105,1.000000
probe_part_uncorrected_009,411.951000,0.451619,-0.000833,0.624999,0.000000,-0.000001,0.000105,1.000000
probe_part_uncorrected_009,411.968000,0.451619,-0.000833,0.624999,0.000000,-0.000001,0.000105,1.000000
probe_part_uncorrected_009,411.985000,0.451619,-0.000833,0.624999,0.000000,-0.000001,0.000105,1.000000
probe_part_uncorrected_009,412.002000,0.451619,-0.000833,0.624999,0.000000,-0.000001,0.000105,1.000000
probe_part_uncorrected_009,412.019000,0.451619,-0.000833,0.624999,0.000000,-0.000001,0.000105,1.000000
probe_part_uncorrected_009,412.036000,0.451619,-0.000833,0.624999,0.000000,-0.000001,0.000105,1.000000
probe_part_uncorrected_009,412.052000,0.451619,-0.000833,0.624999,0.000000,-0.000001,0.000105,1.000000
probe_part_uncorrected_009,412.068000,0.451619,-0.000833,0.624999,0.000000,-0.000001,0.000105,1.000000
probe_part_uncorrected_009,412.084000,0.451619,-0.000833,0.624999,0.000000,-0.000001,0.000105,1.000000
probe_part_uncorrected_009,412.100000,0.451619,-0.000833,0.624999,0.000000,-0.000001,0.000105,1.000000
probe_part_uncorrected_009,412.116000,0.451619,-0.000833,0.624999,0.000000,-0.000001,0.000105,1.000000
probe_part_uncorrected_009,412.132000,0.451619,-0.000833,0.624999,0.000000,-0.000001,0.000105,1.000000
probe_part_uncorrected_009,412.147000,0.451619,-0.000833,0.624999,0.000000,-0.000001,0.000105,1.000000
probe_part_uncorrected_009,412.164000,0.451619,-0.000833,0.624999,0.000000,-0.000001,0.000105,1.000000
probe_part_uncorrected_009,412.181000,0.451619,-0.000833,0.624999,0.000000,-0.000001,0.000105,1.000000
probe_part_uncorrected_009,412.197000,0.451619,-0.000833,0.624999,0.000000,-0.000001,0.000105,1.000000
probe_part_uncorrected_009,412.214000,0.451619,-0.000833,0.624999,0.000000,-0.000001,0.000105,1.000000
probe_part_uncorrected_009,412.231000,0.451619,-0.000833,0.624999,0.000000,-0.000001,0.000105,1.000000
probe_part_uncorrected_009,412.248000,0.451619,-0.000833,0.624999,0.000000,-0.000001,0.000105,1.000000
probe_part_uncorrected_009,412.266000,0.451619,-0.000833,0.624999,0.000000,-0.000001,0.000105,1.000000
probe_part_uncorrected_009,412.283000,0.451619,-0.000833,0.624999,0.000000,-0.000001,0.000105,1.000000
probe_part_uncorrected_009,412.301000,0.451619,-0.000833,0.624999,0.000000,-0.000001,0.000105,1.000000
probe_part_uncorrected_009,412.318000,0.451619,-0.000833,0.624999,0.000000,-0.000001,0.000105,1.000000
probe_part_uncorrected_009,412.334000,0.451619,-0.000833,0.624999,0.000000,-0.000001,0.000105,1.000000
probe_part_uncorrected_009,412.350000,0.451619,-0.000833,0.624999,0.000000,-0.000001,0.000105,1.000000
probe_part_uncorrected_009,412.367000,0.451619,-0.000833,0.624999,0.000000,-0.000001,0.000105,1.000000
probe_part_uncorrected_009,412.384000,0.451619,-0.000833,0.624999,0.000000,-0.000001,0.000105,1.000000
probe_part_uncorrected_009,412.400000,0.451619,-0.000833,0.624999,0.000000,-0.000001,0.000105,1.000000
probe_part_uncorrected_009,412.412000,0.451619,-0.000833,0.624999,0.000000,-0.000001,0.000105,1.000000
probe_part_uncorrected_009,412.419000,0.451619,-0.000833,0.624999,0.000000,-0.000001,0.000105,1.000000
probe_part_uncorrected_009,412.435000,0.451619,-0.000833,0.624999,0.000000,-0.000001,0.000105,1.000000
probe_part_uncorrected_009,412.451000,0.451619,-0.000833,0.624999,0.000000,-0.000001,0.000105,1.000000
probe_part_uncorrected_009,412.467000,0.451619,-0.000833,0.624999,0.000000,-0.000001,0.000105,1.000000
probe_part_uncorrected_009,412.483000,0.451619,-0.000833,0.624999,0.000000,-0.000001,0.000105,1.000000
probe_part_uncorrected_009,412.499000,0.451619,-0.000833,0.624999,0.000000,-0.000001,0.000105,1.000000
probe_part_uncorrected_009,412.515000,0.451619,-0.000833,0.624999,0.000000,-0.000001,0.000105,1.000000
probe_part_uncorrected_009,412.531000,0.451619,-0.000833,0.624999,0.000000,-0.000001,0.000105,1.000000
probe_part_uncorrected_009,412.547000,0.451619,-0.000833,0.624999,0.000000,-0.000001,0.000105,1.000000
probe_part_uncorrected_009,412.563000,0.451619,-0.000833,0.624999,0.000000,-0.000001,0.000105,1.000000
probe_part_uncorrected_009,412.580000,0.451619,-0.000833,0.624999,0.000000,-0.000001,0.000105,1.000000
probe_part_uncorrected_009,412.596000,0.451619,-0.000833,0.624999,0.000000,-0.000001,0.000105,1.000000
probe_part_uncorrected_009,412.613000,0.451619,-0.000833,0.624999,0.000000,-0.000001,0.000105,1.000000
probe_part_uncorrected_009,412.630000,0.451619,-0.000833,0.624999,0.000000,-0.000001,0.000105,1.000000
probe_part_uncorrected_009,412.646000,0.451619,-0.000833,0.624999,0.000000,-0.000001,0.000105,1.000000
probe_part_uncorrected_009,412.663000,0.451619,-0.000833,0.624999,0.000000,-0.000001,0.000105,1.000000
probe_part_uncorrected_009,412.680000,0.451619,-0.000833,0.624999,0.000000,-0.000001,0.000105,1.000000
probe_part_uncorrected_009,412.696000,0.451619,-0.000833,0.624999,0.000000,-0.000001,0.000105,1.000000
probe_part_uncorrected_009,412.712000,0.451619,-0.000833,0.624999,0.000000,-0.000001,0.000105,1.000000
probe_part_uncorrected_009,412.729000,0.451619,-0.000833,0.624999,0.000000,-0.000001,0.000105,1.000000
probe_part_uncorrected_009,412.745000,0.451619,-0.000833,0.624999,0.000000,-0.000001,0.000105,1.000000
probe_part_uncorrected_009,412.761000,0.451619,-0.000833,0.624999,0.000000,-0.000001,0.000105,1.000000
probe_part_uncorrected_009,412.776000,0.451619,-0.000833,0.624999,0.000000,-0.000001,0.000105,1.000000
probe_part_uncorrected_009,412.791000,0.451619,-0.000833,0.624999,0.000000,-0.000001,0.000105,1.000000
probe_part_uncorrected_009,412.806000,0.451619,-0.000833,0.624999,0.000000,-0.000001,0.000105,1.000000
probe_part_uncorrected_009,412.822000,0.451619,-0.000833,0.624999,0.000000,-0.000001,0.000105,1.000000
probe_part_uncorrected_009,412.837000,0.451619,-0.000833,0.624999,0.000000,-0.000001,0.000105,1.000000
probe_part_uncorrected_009,412.850000,0.451619,-0.000833,0.624999,0.000000,-0.000001,0.000105,1.000000
probe_part_uncorrected_009,412.865000,0.451619,-0.000833,0.624999,0.000000,-0.000001,0.000105,1.000000
probe_part_uncorrected_009,412.880000,0.451619,-0.000833,0.624999,0.000000,-0.000001,0.000105,1.000000
probe_part_uncorrected_009,412.896000,0.451619,-0.000833,0.624999,0.000000,-0.000001,0.000105,1.000000
probe_part_uncorrected_009,412.913000,0.451619,-0.000833,0.624999,0.000000,-0.000001,0.000105,1.000000
probe_part_uncorrected_009,412.930000,0.451619,-0.000833,0.624999,0.000000,-0.000001,0.000105,1.000000
probe_part_uncorrected_009,412.947000,0.451619,-0.000833,0.624999,0.000000,-0.000001,0.000105,1.000000
probe_part_uncorrected_009,412.964000,0.451619,-0.000833,0.624999,0.000000,-0.000001,0.000105,1.000000
probe_part_uncorrected_009,412.980000,0.451619,-0.000833,0.624999,0.000000,-0.000001,0.000105,1.000000
probe_part_uncorrected_009,412.997000,0.451619,-0.000833,0.624999,0.000000,-0.000001,0.000105,1.000000
probe_part_uncorrected_009,413.014000,0.451619,-0.000833,0.624999,0.000000,-0.000001,0.000105,1.000000
probe_part_uncorrected_009,413.032000,0.451619,-0.000833,0.624999,0.000000,-0.000001,0.000105,1.000000
probe_part_uncorrected_009,413.048000,0.451619,-0.000833,0.624999,0.000000,-0.000001,0.000105,1.000000
probe_part_uncorrected_009,413.064000,0.451619,-0.000833,0.624999,0.000000,-0.000001,0.000105,1.000000
probe_part_uncorrected_009,413.078000,0.451619,-0.000833,0.624999,0.000000,-0.000001,0.000105,1.000000
probe_part_uncorrected_009,413.093000,0.451619,-0.000833,0.624999,0.000000,-0.000001,0.000105,1.000000
probe_part_uncorrected_009,413.108000,0.451619,-0.000833,0.624999,0.000000,-0.000001,0.000105,1.000000
probe_part_uncorrected_009,413.124000,0.451619,-0.000833,0.624999,0.000000,-0.000001,0.000105,1.000000
probe_part_uncorrected_009,413.140000,0.451619,-0.000833,0.624999,0.000000,-0.000001,0.000105,1.000000
probe_part_uncorrected_009,413.155000,0.451619,-0.000833,0.624999,0.000000,-0.000001,0.000105,1.000000
probe_part_uncorrected_009,413.169000,0.451619,-0.000833,0.624999,0.000000,-0.000001,0.000105,1.000000
probe_part_uncorrected_009,413.181000,0.451619,-0.000833,0.624999,0.000000,-0.000001,0.000105,1.000000
probe_part_uncorrected_009,413.192000,0.451619,-0.000833,0.624999,0.000000,-0.000001,0.000105,1.000000
probe_part_uncorrected_009,413.204000,0.451619,-0.000833,0.624999,0.000000,-0.000001,0.000105,1.000000
probe_part_uncorrected_009,413.217000,0.451619,-0.000833,0.624999,0.000000,-0.000001,0.000105,1.000000
probe_part_uncorrected_009,413.228000,0.451619,-0.000833,0.624999,0.000000,-0.000001,0.000105,1.000000
probe_part_uncorrected_009,413.241000,0.451619,-0.000833,0.624999,0.000000,-0.000001,0.000105,1.000000
probe_part_uncorrected_009,413.256000,0.451619,-0.000833,0.624999,0.000000,-0.000001,0.000105,1.000000
probe_part_uncorrected_009,413.268000,0.451619,-0.000833,0.624999,0.000000,-0.000001,0.000105,1.000000
probe_part_uncorrected_009,413.282000,0.451619,-0.000833,0.624999,0.000000,-0.000001,0.000105,1.000000
probe_part_uncorrected_009,413.296000,0.451619,-0.000833,0.624999,0.000000,-0.000001,0.000105,1.000000
probe_part_uncorrected_009,413.310000,0.451619,-0.000833,0.624999,0.000000,-0.000001,0.000105,1.000000
probe_part_uncorrected_009,413.324000,0.451619,-0.000833,0.624999,0.000000,-0.000001,0.000105,1.000000
probe_part_uncorrected_009,413.337000,0.451619,-0.000833,0.624999,0.000000,-0.000001,0.000105,1.000000
probe_part_uncorrected_009,413.349000,0.451619,-0.000833,0.624999,0.000000,-0.000001,0.000105,1.000000
probe_part_uncorrected_009,413.362000,0.451619,-0.000833,0.624999,0.000000,-0.000001,0.000105,1.000000
probe_part_uncorrected_009,413.377000,0.451619,-0.000833,0.624999,0.000000,-0.000001,0.000105,1.000000
probe_part_uncorrected_009,413.393000,0.451619,-0.000833,0.624999,0.000000,-0.000001,0.000105,1.000000
probe_part_uncorrected_009,413.408000,0.451619,-0.000833,0.624999,0.000000,-0.000001,0.000105,1.000000
probe_part_uncorrected_009,413.422000,0.451619,-0.000833,0.624999,0.000000,-0.000001,0.000105,1.000000
probe_part_uncorrected_009,413.437000,0.451619,-0.000833,0.624999,0.000000,-0.000001,0.000105,1.000000
probe_part_uncorrected_009,413.452000,0.451619,-0.000833,0.624999,0.000000,-0.000001,0.000105,1.000000
probe_part_uncorrected_009,413.464000,0.451619,-0.000833,0.624999,0.000000,-0.000001,0.000105,1.000000
probe_part_uncorrected_009,413.477000,0.451619,-0.000833,0.624999,0.000000,-0.000001,0.000105,1.000000
probe_part_uncorrected_009,413.490000,0.451619,-0.000833,0.624999,0.000000,-0.000001,0.000105,1.000000
probe_part_uncorrected_009,413.504000,0.451619,-0.000833,0.624999,0.000000,-0.000001,0.000105,1.000000
probe_part_uncorrected_009,413.517000,0.451619,-0.000833,0.624999,0.000000,-0.000001,0.000105,1.000000
probe_part_uncorrected_009,413.531000,0.451619,-0.000833,0.624999,0.000000,-0.000001,0.000105,1.000000
probe_part_uncorrected_009,413.545000,0.451619,-0.000833,0.624999,0.000000,-0.000001,0.000105,1.000000
probe_part_uncorrected_009,413.560000,0.451619,-0.000833,0.624999,0.000000,-0.000001,0.000105,1.000000
probe_part_uncorrected_009,413.573000,0.451619,-0.000833,0.624999,0.000000,-0.000001,0.000105,1.000000
probe_part_uncorrected_009,413.585000,0.451619,-0.000833,0.624999,0.000000,-0.000001,0.000105,1.000000
probe_part_uncorrected_009,413.598000,0.451619,-0.000833,0.624999,0.000000,-0.000001,0.000105,1.000000
probe_part_uncorrected_009,413.613000,0.451619,-0.000833,0.624999,0.000000,-0.000001,0.000105,1.000000
probe_part_uncorrected_009,413.629000,0.451619,-0.000833,0.624999,0.000000,-0.000001,0.000105,1.000000
probe_part_uncorrected_009,413.644000,0.451619,-0.000833,0.624999,0.000000,-0.000001,0.000105,1.000000
probe_part_uncorrected_009,413.658000,0.451619,-0.000833,0.624999,0.000000,-0.000001,0.000105,1.000000
probe_part_uncorrected_009,413.668000,0.451619,-0.000833,0.624999,0.000000,-0.000001,0.000105,1.000000
probe_part_uncorrected_009,413.676000,0.451619,-0.000833,0.624999,0.000000,-0.000001,0.000105,1.000000
probe_part_uncorrected_009,413.681000,0.451619,-0.000833,0.624999,0.000000,-0.000001,0.000105,1.000000
probe_part_uncorrected_009,413.685000,0.451619,-0.000833,0.624999,0.000000,-0.000001,0.000105,1.000000
probe_part_uncorrected_009,413.691000,0.451619,-0.000833,0.624999,0.000000,-0.000001,0.000105,1.000000
probe_part_uncorrected_009,413.700000,0.451619,-0.000833,0.624999,0.000000,-0.000001,0.000105,1.000000
probe_part_uncorrected_009,413.707000,0.451619,-0.000833,0.624999,0.000000,-0.000001,0.000105,1.000000
probe_part_uncorrected_009,413.713000,0.451619,-0.000833,0.624999,0.000000,-0.000001,0.000105,1.000000
probe_part_uncorrected_009,413.721000,0.451619,-0.000833,0.624999,0.000000,-0.000001,0.000105,1.000000
probe_part_uncorrected_009,413.730000,0.451619,-0.000833,0.624999,0.000000,-0.000001,0.000105,1.000000
probe_part_uncorrected_009,413.740000,0.451619,-0.000833,0.624999,0.000000,-0.000001,0.000105,1.000000
probe_part_uncorrected_009,413.746000,0.451619,-0.000833,0.624999,0.000000,-0.000001,0.000105,1.000000
probe_part_uncorrected_009,413.756000,0.451619,-0.000833,0.624999,0.000000,-0.000001,0.000105,1.000000
probe_part_uncorrected_009,413.764000,0.451619,-0.000833,0.624999,0.000000,-0.000001,0.000105,1.000000
probe_part_uncorrected_009,413.772000,0.451619,-0.000833,0.624999,0.000000,-0.000001,0.000105,1.000000
probe_part_uncorrected_009,413.784000,0.451619,-0.000833,0.624999,0.000000,-0.000001,0.000105,1.000000
probe_part_uncorrected_009,413.797000,0.451619,-0.000833,0.624999,0.000000,-0.000001,0.000105,1.000000
probe_part_uncorrected_009,413.811000,0.451619,-0.000833,0.624999,0.000000,-0.000001,0.000105,1.000000
probe_part_uncorrected_009,413.824000,0.451619,-0.000833,0.624999,0.000000,-0.000001,0.000105,1.000000
probe_part_uncorrected_009,413.839000,0.451619,-0.000833,0.624999,0.000000,-0.000001,0.000105,1.000000
probe_part_uncorrected_009,413.854000,0.451619,-0.000833,0.624999,0.000000,-0.000001,0.000105,1.000000
probe_part_uncorrected_009,413.868000,0.451619,-0.000833,0.624999,0.000000,-0.000001,0.000105,1.000000
probe_part_uncorrected_009,413.882000,0.451619,-0.000833,0.624999,0.000000,-0.000001,0.000105,1.000000
probe_part_uncorrected_009,413.892000,0.451619,-0.000833,0.624999,0.000000,-0.000001,0.000105,1.000000
probe_part_uncorrected_009,413.904000,0.451619,-0.000833,0.624999,0.000000,-0.000001,0.000105,1.000000
probe_part_uncorrected_009,413.918000,0.451619,-0.000833,0.624999,0.000000,-0.000001,0.000105,1.000000
probe_part_uncorrected_009,413.933000,0.451619,-0.000833,0.624999,0.000000,-0.000001,0.000105,1.000000
probe_part_uncorrected_009,413.948000,0.451619,-0.000833,0.624999,0.000000,-0.000001,0.000105,1.000000
probe_part_uncorrected_009,413.964000,0.451619,-0.000833,0.624999,0.000000,-0.000001,0.000105,1.000000
probe_part_uncorrected_009,413.980000,0.451619,-0.000833,0.624999,0.000000,-0.000001,0.000105,1.000000
probe_part_uncorrected_009,413.996000,0.451619,-0.000833,0.624999,0.000000,-0.000001,0.000105,1.000000
probe_part_uncorrected_009,414.013000,0.451619,-0.000833,0.624999,0.000000,-0.000001,0.000105,1.000000
probe_part_uncorrected_009,414.029000,0.451619,-0.000833,0.624999,0.000000,-0.000001,0.000105,1.000000
probe_part_uncorrected_009,414.045000,0.451619,-0.000833,0.624999,0.000000,-0.000001,0.000105,1.000000
probe_part_uncorrected_009,414.060000,0.451619,-0.000833,0.624999,0.000000,-0.000001,0.000105,1.000000
probe_part_uncorrected_009,414.076000,0.451619,-0.000833,0.624999,0.000000,-0.000001,0.000105,1.000000
probe_part_uncorrected_009,414.093000,0.451619,-0.000833,0.624999,0.000000,-0.000001,0.000105,1.000000
probe_part_uncorrected_009,414.109000,0.451619,-0.000833,0.624999,0.000000,-0.000001,0.000105,1.000000
probe_part_uncorrected_009,414.125000,0.451619,-0.000833,0.624999,0.000000,-0.000001,0.000105,1.000000
probe_part_uncorrected_009,414.142000,0.451619,-0.000833,0.624999,0.000000,-0.000001,0.000105,1.000000
probe_part_uncorrected_009,414.159000,0.451619,-0.000833,0.624999,0.000000,-0.000001,0.000105,1.000000
probe_part_uncorrected_009,414.176000,0.451619,-0.000833,0.624999,0.000000,-0.000001,0.000105,1.000000
probe_part_uncorrected_009,414.193000,0.451619,-0.000833,0.624999,0.000000,-0.000001,0.000105,1.000000
probe_part_uncorrected_009,414.210000,0.451619,-0.000833,0.624999,0.000000,-0.000001,0.000105,1.000000
probe_part_uncorrected_009,414.225000,0.451619,-0.000833,0.624999,0.000000,-0.000001,0.000105,1.000000
probe_part_uncorrected_009,414.237000,0.451619,-0.000833,0.624999,0.000000,-0.000001,0.000105,1.000000
probe_part_uncorrected_009,414.249000,0.451619,-0.000833,0.624999,0.000000,-0.000001,0.000105,1.000000
probe_part_uncorrected_009,414.264000,0.451619,-0.000833,0.624999,0.000000,-0.000001,0.000105,1.000000
probe_part_uncorrected_009,414.279000,0.451619,-0.000833,0.624999,0.000000,-0.000001,0.000105,1.000000
probe_part_uncorrected_009,414.295000,0.451619,-0.000833,0.624999,0.000000,-0.000001,0.000105,1.000000
probe_part_uncorrected_009,414.311000,0.451619,-0.000833,0.624999,0.000000,-0.000001,0.000105,1.000000
probe_part_uncorrected_009,414.327000,0.451619,-0.000833,0.624999,0.000000,-0.000001,0.000105,1.000000
probe_part_uncorrected_009,414.343000,0.451619,-0.000833,0.624999,0.000000,-0.000001,0.000105,1.000000
probe_part_uncorrected_009,414.359000,0.451619,-0.000833,0.624999,0.000000,-0.000001,0.000105,1.000000
probe_part_uncorrected_009,414.368000,0.451619,-0.000833,0.624999,0.000000,-0.000001,0.000105,1.000000
probe_part_uncorrected_009,414.380000,0.451619,-0.000833,0.624999,0.000000,-0.000001,0.000105,1.000000
probe_part_uncorrected_009,414.396000,0.451619,-0.000833,0.624999,0.000000,-0.000001,0.000105,1.000000
probe_part_uncorrected_009,414.411000,0.451619,-0.000833,0.624999,0.000000,-0.000001,0.000105,1.000000
probe_part_uncorrected_009,414.427000,0.451619,-0.000833,0.624999,0.000000,-0.000001,0.000105,1.000000
probe_part_uncorrected_009,414.442000,0.451619,-0.000833,0.624999,0.000000,-0.000001,0.000105,1.000000
probe_part_uncorrected_009,414.457000,0.451619,-0.000833,0.624999,0.000000,-0.000001,0.000105,1.000000
probe_part_uncorrected_009,414.471000,0.451619,-0.000833,0.624999,0.000000,-0.000001,0.000105,1.000000
probe_part_uncorrected_009,414.486000,0.451619,-0.000833,0.624999,0.000000,-0.000001,0.000105,1.000000
probe_part_uncorrected_009,414.501000,0.451619,-0.000833,0.624999,0.000000,-0.000001,0.000105,1.000000
probe_part_uncorrected_009,414.518000,0.451619,-0.000833,0.624999,0.000000,-0.000001,0.000105,1.000000
probe_part_uncorrected_009,414.534000,0.451619,-0.000833,0.624999,0.000000,-0.000001,0.000105,1.000000
probe_part_uncorrected_009,414.549000,0.451619,-0.000833,0.624999,0.000000,-0.000001,0.000105,1.000000
probe_part_uncorrected_009,414.564000,0.451619,-0.000833,0.624999,0.000000,-0.000001,0.000105,1.000000
probe_part_uncorrected_009,414.580000,0.451619,-0.000833,0.624999,0.000000,-0.000001,0.000105,1.000000
probe_part_uncorrected_009,414.596000,0.451619,-0.000833,0.624999,0.000000,-0.000001,0.000105,1.000000
probe_part_uncorrected_009,414.611000,0.451619,-0.000833,0.624999,0.000000,-0.000001,0.000105,1.000000
probe_part_uncorrected_009,414.624000,0.451619,-0.000833,0.624999,0.000000,-0.000001,0.000105,1.000000
probe_part_uncorrected_009,414.639000,0.451619,-0.000833,0.624999,0.000000,-0.000001,0.000105,1.000000
probe_part_uncorrected_009,414.656000,0.451619,-0.000833,0.624999,0.000000,-0.000001,0.000105,1.000000
probe_part_uncorrected_009,414.671000,0.451619,-0.000833,0.624999,0.000000,-0.000001,0.000105,1.000000
probe_part_uncorrected_009,414.686000,0.451619,-0.000833,0.624999,0.000000,-0.000001,0.000105,1.000000
probe_part_uncorrected_009,414.701000,0.451619,-0.000833,0.624999,0.000000,-0.000001,0.000105,1.000000
probe_part_uncorrected_009,414.717000,0.451619,-0.000833,0.624999,0.000000,-0.000001,0.000105,1.000000
probe_part_uncorrected_009,414.733000,0.451619,-0.000833,0.624999,0.000000,-0.000001,0.000105,1.000000
probe_part_uncorrected_009,414.748000,0.451619,-0.000833,0.624999,0.000000,-0.000001,0.000105,1.000000
probe_part_uncorrected_009,414.764000,0.451619,-0.000833,0.624999,0.000000,-0.000001,0.000105,1.000000
probe_part_uncorrected_009,414.779000,0.451619,-0.000833,0.624999,0.000000,-0.000001,0.000105,1.000000
probe_part_uncorrected_009,414.794000,0.451619,-0.000833,0.624999,0.000000,-0.000001,0.000105,1.000000
probe_part_uncorrected_009,414.810000,0.451619,-0.000833,0.624999,0.000000,-0.000001,0.000105,1.000000
probe_part_uncorrected_009,414.826000,0.451619,-0.000833,0.624999,0.000000,-0.000001,0.000105,1.000000
probe_part_uncorrected_009,414.842000,0.451619,-0.000833,0.624999,0.000000,-0.000001,0.000105,1.000000
probe_part_uncorrected_009,414.858000,0.451619,-0.000833,0.624999,0.000000,-0.000001,0.000105,1.000000
probe_part_uncorrected_009,414.874000,0.451619,-0.000833,0.624999,0.000000,-0.000001,0.000105,1.000000
probe_part_uncorrected_009,414.889000,0.451619,-0.000833,0.624999,0.000000,-0.000001,0.000105,1.000000
probe_part_uncorrected_009,414.904000,0.451619,-0.000833,0.624999,0.000000,-0.000001,0.000105,1.000000
probe_part_uncorrected_009,414.918000,0.451619,-0.000833,0.624999,0.000000,-0.000001,0.000105,1.000000
probe_part_uncorrected_009,414.933000,0.451619,-0.000833,0.624999,0.000000,-0.000001,0.000105,1.000000
probe_part_uncorrected_009,414.948000,0.451619,-0.000833,0.624999,0.000000,-0.000001,0.000105,1.000000
probe_part_uncorrected_009,414.964000,0.451619,-0.000833,0.624999,0.000000,-0.000001,0.000105,1.000000
probe_part_uncorrected_009,414.980000,0.451619,-0.000833,0.624999,0.000000,-0.000001,0.000105,1.000000
probe_part_uncorrected_009,414.997000,0.451619,-0.000833,0.624999,0.000000,-0.000001,0.000105,1.000000
probe_part_uncorrected_009,415.014000,0.451619,-0.000833,0.624999,0.000000,-0.000001,0.000105,1.000000
probe_part_uncorrected_009,415.030000,0.451619,-0.000833,0.624999,0.000000,-0.000001,0.000105,1.000000
probe_part_uncorrected_009,415.046000,0.451619,-0.000833,0.624999,0.000000,-0.000001,0.000105,1.000000
probe_part_uncorrected_009,415.061000,0.451619,-0.000833,0.624999,0.000000,-0.000001,0.000105,1.000000
probe_part_uncorrected_009,415.076000,0.451619,-0.000833,0.624999,0.000000,-0.000001,0.000105,1.000000
probe_part_uncorrected_009,415.085000,0.451619,-0.000833,0.624999,0.000000,-0.000001,0.000105,1.000000
probe_part_uncorrected_009,415.098000,0.451619,-0.000833,0.624999,0.000000,-0.000001,0.000105,1.000000
probe_part_uncorrected_009,415.111000,0.451619,-0.000833,0.624999,0.000000,-0.000001,0.000105,1.000000
probe_part_uncorrected_009,415.126000,0.451619,-0.000833,0.624999,0.000000,-0.000001,0.000105,1.000000
probe_part_uncorrected_009,415.141000,0.451619,-0.000833,0.624999,0.000000,-0.000001,0.000105,1.000000
probe_part_uncorrected_009,415.157000,0.451619,-0.000833,0.624999,0.000000,-0.000001,0.000105,1.000000
probe_part_uncorrected_009,415.173000,0.451619,-0.000833,0.624999,0.000000,-0.000001,0.000105,1.000000
probe_part_uncorrected_009,415.189000,0.451619,-0.000833,0.624999,0.000000,-0.000001,0.000105,1.000000
probe_part_uncorrected_009,415.205000,0.451619,-0.000833,0.624999,0.000000,-0.000001,0.000105,1.000000
probe_part_uncorrected_009,415.221000,0.451619,-0.000833,0.624999,0.000000,-0.000001,0.000105,1.000000
probe_part_uncorrected_009,415.236000,0.451619,-0.000833,0.624999,0.000000,-0.000001,0.000105,1.000000
probe_part_uncorrected_009,415.252000,0.451619,-0.000833,0.624999,0.000000,-0.000001,0.000105,1.000000
probe_part_uncorrected_009,415.267000,0.451619,-0.000833,0.624999,0.000000,-0.000001,0.000105,1.000000
probe_part_uncorrected_009,415.284000,0.451619,-0.000833,0.624999,0.000000,-0.000001,0.000105,1.000000
probe_part_uncorrected_009,415.299000,0.451619,-0.000833,0.624999,0.000000,-0.000001,0.000105,1.000000
probe_part_uncorrected_009,415.314000,0.451619,-0.000833,0.624999,0.000000,-0.000001,0.000105,1.000000
probe_part_uncorrected_009,415.330000,0.451619,-0.000833,0.624999,0.000000,-0.000001,0.000105,1.000000
probe_part_uncorrected_009,415.345000,0.451619,-0.000833,0.624999,0.000000,-0.000001,0.000105,1.000000
probe_part_uncorrected_009,415.361000,0.451619,-0.000833,0.624999,0.000000,-0.000001,0.000105,1.000000
probe_part_uncorrected_009,415.377000,0.451619,-0.000833,0.624999,0.000000,-0.000001,0.000105,1.000000
probe_part_uncorrected_009,415.393000,0.451619,-0.000833,0.624999,0.000000,-0.000001,0.000105,1.000000
probe_part_uncorrected_009,415.409000,0.451619,-0.000833,0.624999,0.000000,-0.000001,0.000105,1.000000
probe_part_uncorrected_009,415.425000,0.451619,-0.000833,0.624999,0.000000,-0.000001,0.000105,1.000000
probe_part_uncorrected_009,415.441000,0.451619,-0.000833,0.624999,0.000000,-0.000001,0.000105,1.000000
probe_part_uncorrected_009,415.457000,0.451619,-0.000833,0.624999,0.000000,-0.000001,0.000105,1.000000
probe_part_uncorrected_009,415.474000,0.451619,-0.000833,0.624999,0.000000,-0.000001,0.000105,1.000000
probe_part_uncorrected_009,415.488000,0.451619,-0.000833,0.624999,0.000000,-0.000001,0.000105,1.000000
probe_part_uncorrected_009,415.502000,0.451619,-0.000833,0.624999,0.000000,-0.000001,0.000105,1.000000
probe_part_uncorrected_009,415.518000,0.451619,-0.000833,0.624999,0.000000,-0.000001,0.000105,1.000000
probe_part_uncorrected_009,415.532000,0.451619,-0.000833,0.624999,0.000000,-0.000001,0.000105,1.000000
probe_part_uncorrected_009,415.546000,0.451619,-0.000833,0.624999,0.000000,-0.000001,0.000105,1.000000
probe_part_uncorrected_009,415.563000,0.451619,-0.000833,0.624999,0.000000,-0.000001,0.000105,1.000000
probe_part_uncorrected_009,415.580000,0.451619,-0.000833,0.624999,0.000000,-0.000001,0.000105,1.000000
probe_part_uncorrected_009,415.597000,0.451619,-0.000833,0.624999,0.000000,-0.000001,0.000105,1.000000
probe_part_uncorrected_009,415.614000,0.451619,-0.000833,0.624999,0.000000,-0.000001,0.000105,1.000000
probe_part_uncorrected_009,415.630000,0.451619,-0.000833,0.624999,0.000000,-0.000001,0.000105,1.000000
probe_part_uncorrected_009,415.645000,0.451619,-0.000833,0.624999,0.000000,-0.000001,0.000105,1.000000
probe_part_uncorrected_009,415.648000,0.451619,-0.000833,0.624999,0.000000,-0.000001,0.000105,1.000000
probe_part_uncorrected_009,415.662000,0.451619,-0.000833,0.624999,0.000000,-0.000001,0.000105,1.000000
probe_part_uncorrected_009,415.678000,0.451619,-0.000833,0.624999,0.000000,-0.000001,0.000105,1.000000
probe_part_uncorrected_009,415.695000,0.451619,-0.000833,0.624999,0.000000,-0.000001,0.000105,1.000000
probe_part_uncorrected_009,415.711000,0.451619,-0.000833,0.624999,0.000000,-0.000001,0.000105,1.000000
probe_part_uncorrected_009,415.727000,0.451619,-0.000833,0.624999,0.000000,-0.000001,0.000105,1.000000
probe_part_uncorrected_009,415.744000,0.451619,-0.000833,0.624999,0.000000,-0.000001,0.000105,1.000000
probe_part_uncorrected_009,415.761000,0.451619,-0.000833,0.624999,0.000000,-0.000001,0.000105,1.000000
probe_part_uncorrected_009,415.777000,0.451619,-0.000833,0.624999,0.000000,-0.000001,0.000105,1.000000
probe_part_uncorrected_009,415.794000,0.451619,-0.000833,0.624999,0.000000,-0.000001,0.000105,1.000000
probe_part_uncorrected_009,415.809000,0.451619,-0.000833,0.624999,0.000000,-0.000001,0.000105,1.000000
probe_part_uncorrected_009,415.824000,0.451619,-0.000833,0.624999,0.000000,-0.000001,0.000105,1.000000
probe_part_uncorrected_009,415.840000,0.451619,-0.000833,0.624999,0.000000,-0.000001,0.000105,1.000000
probe_part_uncorrected_009,415.854000,0.451619,-0.000833,0.624999,0.000000,-0.000001,0.000105,1.000000
probe_part_uncorrected_009,415.869000,0.451619,-0.000833,0.624999,0.000000,-0.000001,0.000105,1.000000
probe_part_uncorrected_009,415.885000,0.451619,-0.000833,0.624999,0.000000,-0.000001,0.000105,1.000000
probe_part_uncorrected_009,415.901000,0.451619,-0.000833,0.624999,0.000000,-0.000001,0.000105,1.000000
probe_part_uncorrected_009,415.917000,0.451619,-0.000833,0.624999,0.000000,-0.000001,0.000105,1.000000
probe_part_uncorrected_009,415.934000,0.451619,-0.000833,0.624999,0.000000,-0.000001,0.000105,1.000000
probe_part_uncorrected_009,415.951000,0.451619,-0.000833,0.624999,0.000000,-0.000001,0.000105,1.000000
probe_part_uncorrected_009,415.967000,0.451619,-0.000833,0.624999,0.000000,-0.000001,0.000105,1.000000
probe_part_uncorrected_009,415.983000,0.451619,-0.000833,0.624999,0.000000,-0.000001,0.000105,1.000000
probe_part_uncorrected_009,415.999000,0.451619,-0.000833,0.624999,0.000000,-0.000001,0.000105,1.000000
probe_part_uncorrected_009,416.016000,0.451619,-0.000833,0.624999,0.000000,-0.000001,0.000105,1.000000
probe_part_uncorrected_009,416.032000,0.451619,-0.000833,0.624999,0.000000,-0.000001,0.000105,1.000000
probe_part_uncorrected_009,416.049000,0.451619,-0.000833,0.624999,0.000000,-0.000001,0.000105,1.000000
probe_part_uncorrected_009,416.066000,0.451619,-0.000833,0.624999,0.000000,-0.000001,0.000105,1.000000
probe_part_uncorrected_009,416.083000,0.451619,-0.000833,0.624999,0.000000,-0.000001,0.000105,1.000000
probe_part_uncorrected_009,416.099000,0.451619,-0.000833,0.624999,0.000000,-0.000001,0.000105,1.000000
probe_part_uncorrected_009,416.116000,0.451619,-0.000833,0.624999,0.000000,-0.000001,0.000105,1.000000
probe_part_uncorrected_009,416.131000,0.451619,-0.000833,0.624999,0.000000,-0.000001,0.000105,1.000000
probe_part_uncorrected_009,416.147000,0.451619,-0.000833,0.624999,0.000000,-0.000001,0.000105,1.000000
probe_part_uncorrected_009,416.163000,0.451619,-0.000833,0.624999,0.000000,-0.000001,0.000105,1.000000
probe_part_uncorrected_009,416.179000,0.451619,-0.000833,0.624999,0.000000,-0.000001,0.000105,1.000000
probe_part_uncorrected_009,416.196000,0.451619,-0.000833,0.624999,0.000000,-0.000001,0.000105,1.000000
probe_part_uncorrected_009,416.212000,0.451619,-0.000833,0.624999,0.000000,-0.000001,0.000105,1.000000
probe_part_uncorrected_009,416.227000,0.451619,-0.000833,0.624999,0.000000,-0.000001,0.000105,1.000000
probe_part_uncorrected_009,416.243000,0.451619,-0.000833,0.624999,0.000000,-0.000001,0.000105,1.000000
probe_part_uncorrected_009,416.259000,0.451619,-0.000833,0.624999,0.000000,-0.000001,0.000105,1.000000
probe_part_uncorrected_009,416.275000,0.451619,-0.000833,0.624999,0.000000,-0.000001,0.000105,1.000000
probe_part_uncorrected_009,416.291000,0.451619,-0.000833,0.624999,0.000000,-0.000001,0.000105,1.000000
probe_part_uncorrected_009,416.308000,0.451619,-0.000833,0.624999,0.000000,-0.000001,0.000105,1.000000
probe_part_uncorrected_009,416.325000,0.451619,-0.000833,0.624999,0.000000,-0.000001,0.000105,1.000000
probe_part_uncorrected_009,416.342000,0.451619,-0.000833,0.624999,0.000000,-0.000001,0.000105,1.000000
probe_part_uncorrected_009,416.360000,0.451619,-0.000833,0.624999,0.000000,-0.000001,0.000105,1.000000
probe_part_uncorrected_009,416.376000,0.451619,-0.000833,0.624999,0.000000,-0.000001,0.000105,1.000000
probe_part_uncorrected_009,416.393000,0.451619,-0.000833,0.624999,0.000000,-0.000001,0.000105,1.000000
probe_part_uncorrected_009,416.410000,0.451619,-0.000833,0.624999,0.000000,-0.000001,0.000105,1.000000
probe_part_uncorrected_009,416.425000,0.451619,-0.000833,0.624999,0.000000,-0.000001,0.000105,1.000000
probe_part_uncorrected_009,416.441000,0.451619,-0.000833,0.624999,0.000000,-0.000001,0.000105,1.000000
probe_part_uncorrected_009,416.457000,0.451619,-0.000833,0.624999,0.000000,-0.000001,0.000105,1.000000
probe_part_uncorrected_009,416.474000,0.451619,-0.000833,0.624999,0.000000,-0.000001,0.000105,1.000000
probe_part_uncorrected_009,416.490000,0.451619,-0.000833,0.624999,0.000000,-0.000001,0.000105,1.000000
probe_part_uncorrected_009,416.507000,0.451619,-0.000833,0.624999,0.000000,-0.000001,0.000105,1.000000
probe_part_uncorrected_009,416.524000,0.451619,-0.000833,0.624999,0.000000,-0.000001,0.000105,1.000000
probe_part_uncorrected_009,416.541000,0.451619,-0.000833,0.624999,0.000000,-0.000001,0.000105,1.000000
probe_part_uncorrected_009,416.554000,0.451619,-0.000833,0.624999,0.000000,-0.000001,0.000105,1.000000
probe_part_uncorrected_009,416.571000,0.451619,-0.000833,0.624999,0.000000,-0.000001,0.000105,1.000000
probe_part_uncorrected_009,416.585000,0.451619,-0.000833,0.624999,0.000000,-0.000001,0.000105,1.000000
probe_part_uncorrected_009,416.600000,0.451619,-0.000833,0.624999,0.000000,-0.000001,0.000105,1.000000
probe_part_uncorrected_009,416.615000,0.451619,-0.000833,0.624999,0.000000,-0.000001,0.000105,1.000000
probe_part_uncorrected_009,416.631000,0.451619,-0.000833,0.624999,0.000000,-0.000001,0.000105,1.000000
probe_part_uncorrected_009,416.644000,0.451619,-0.000833,0.624999,0.000000,-0.000001,0.000105,1.000000
probe_part_uncorrected_009,416.659000,0.451619,-0.000833,0.624999,0.000000,-0.000001,0.000105,1.000000
probe_part_uncorrected_009,416.674000,0.451619,-0.000833,0.624999,0.000000,-0.000001,0.000105,1.000000
probe_part_uncorrected_009,416.688000,0.451619,-0.000833,0.624999,0.000000,-0.000001,0.000105,1.000000
probe_part_uncorrected_009,416.704000,0.451619,-0.000833,0.624999,0.000000,-0.000001,0.000105,1.000000
probe_part_uncorrected_009,416.719000,0.451619,-0.000833,0.624999,0.000000,-0.000001,0.000105,1.000000
probe_part_uncorrected_009,416.733000,0.451619,-0.000833,0.624999,0.000000,-0.000001,0.000105,1.000000
probe_part_uncorrected_009,416.749000,0.451619,-0.000833,0.624999,0.000000,-0.000001,0.000105,1.000000
probe_part_uncorrected_009,416.765000,0.451619,-0.000833,0.624999,0.000000,-0.000001,0.000105,1.000000
probe_part_uncorrected_009,416.780000,0.451619,-0.000833,0.624999,0.000000,-0.000001,0.000105,1.000000
probe_part_uncorrected_009,416.795000,0.451619,-0.000833,0.624999,0.000000,-0.000001,0.000105,1.000000
probe_part_uncorrected_009,416.811000,0.451619,-0.000833,0.624999,0.000000,-0.000001,0.000105,1.000000
probe_part_uncorrected_009,416.828000,0.451619,-0.000833,0.624999,0.000000,-0.000001,0.000105,1.000000
probe_part_uncorrected_009,416.844000,0.451619,-0.000833,0.624999,0.000000,-0.000001,0.000105,1.000000
probe_part_uncorrected_009,416.858000,0.451619,-0.000833,0.624999,0.000000,-0.000001,0.000105,1.000000
probe_part_uncorrected_009,416.874000,0.451619,-0.000833,0.624999,0.000000,-0.000001,0.000105,1.000000
probe_part_uncorrected_009,416.890000,0.451619,-0.000833,0.624999,0.000000,-0.000001,0.000105,1.000000
probe_part_uncorrected_009,416.906000,0.451619,-0.000833,0.624999,0.000000,-0.000001,0.000105,1.000000
probe_part_uncorrected_009,416.922000,0.451619,-0.000833,0.624999,0.000000,-0.000001,0.000105,1.000000
probe_part_uncorrected_009,416.938000,0.451619,-0.000833,0.624999,0.000000,-0.000001,0.000105,1.000000
probe_part_uncorrected_009,416.954000,0.451619,-0.000833,0.624999,0.000000,-0.000001,0.000105,1.000000
probe_part_uncorrected_009,416.965000,0.451619,-0.000833,0.624999,0.000000,-0.000001,0.000105,1.000000
probe_part_uncorrected_009,416.971000,0.451619,-0.000833,0.624999,0.000000,-0.000001,0.000105,1.000000
probe_part_uncorrected_009,416.985000,0.451619,-0.000833,0.624999,0.000000,-0.000001,0.000105,1.000000
probe_part_uncorrected_009,417.000000,0.451619,-0.000833,0.624999,0.000000,-0.000001,0.000105,1.000000
probe_part_uncorrected_009,417.016000,0.451619,-0.000833,0.624999,0.000000,-0.000001,0.000105,1.000000
probe_part_uncorrected_009,417.033000,0.451619,-0.000833,0.624999,0.000000,-0.000001,0.000105,1.000000
probe_part_uncorrected_009,417.050000,0.451619,-0.000833,0.624999,0.000000,-0.000001,0.000105,1.000000
probe_part_uncorrected_009,417.066000,0.451619,-0.000833,0.624999,0.000000,-0.000001,0.000105,1.000000
probe_part_uncorrected_009,417.082000,0.451619,-0.000833,0.624999,0.000000,-0.000001,0.000105,1.000000
probe_part_uncorrected_009,417.098000,0.451619,-0.000833,0.624999,0.000000,-0.000001,0.000105,1.000000
probe_part_uncorrected_009,417.114000,0.451619,-0.000833,0.624999,0.000000,-0.000001,0.000105,1.000000
probe_part_uncorrected_009,417.122000,0.451619,-0.000833,0.624999,0.000000,-0.000001,0.000105,1.000000
probe_part_uncorrected_009,417.127000,0.451619,-0.000833,0.624999,0.000000,-0.000001,0.000105,1.000000
probe_part_uncorrected_009,417.142000,0.451619,-0.000833,0.624999,0.000000,-0.000001,0.000105,1.000000
probe_part_uncorrected_009,417.157000,0.451619,-0.000833,0.624999,0.000000,-0.000001,0.000105,1.000000
probe_part_uncorrected_009,417.173000,0.451619,-0.000833,0.624999,0.000000,-0.000001,0.000105,1.000000
probe_part_uncorrected_009,417.189000,0.451619,-0.000833,0.624999,0.000000,-0.000001,0.000105,1.000000
probe_part_uncorrected_009,417.205000,0.451619,-0.000833,0.624999,0.000000,-0.000001,0.000105,1.000000
probe_part_uncorrected_009,417.222000,0.451619,-0.000833,0.624999,0.000000,-0.000001,0.000105,1.000000
probe_part_uncorrected_009,417.238000,0.451619,-0.000833,0.624999,0.000000,-0.000001,0.000105,1.000000
probe_part_uncorrected_009,417.255000,0.451619,-0.000833,0.624999,0.000000,-0.000001,0.000105,1.000000
probe_part_uncorrected_009,417.271000,0.451619,-0.000833,0.624999,0.000000,-0.000001,0.000105,1.000000
probe_part_uncorrected_009,417.286000,0.451619,-0.000833,0.624999,0.000000,-0.000001,0.000105,1.000000
probe_part_uncorrected_009,417.299000,0.451619,-0.000833,0.624999,0.000000,-0.000001,0.000105,1.000000
probe_part_uncorrected_009,417.315000,0.451619,-0.000833,0.624999,0.000000,-0.000001,0.000105,1.000000
probe_part_uncorrected_009,417.331000,0.451619,-0.000833,0.624999,0.000000,-0.000001,0.000105,1.000000
probe_part_uncorrected_009,417.347000,0.451619,-0.000833,0.624999,0.000000,-0.000001,0.000105,1.000000
probe_part_uncorrected_009,417.363000,0.451619,-0.000833,0.624999,0.000000,-0.000001,0.000105,1.000000
probe_part_uncorrected_009,417.379000,0.451619,-0.000833,0.624999,0.000000,-0.000001,0.000105,1.000000
probe_part_uncorrected_009,417.396000,0.451619,-0.000833,0.624999,0.000000,-0.000001,0.000105,1.000000
probe_part_uncorrected_009,417.412000,0.451619,-0.000833,0.624999,0.000000,-0.000001,0.000105,1.000000
probe_part_uncorrected_009,417.428000,0.451619,-0.000833,0.624999,0.000000,-0.000001,0.000105,1.000000
probe_part_uncorrected_009,417.443000,0.451619,-0.000833,0.624999,0.000000,-0.000001,0.000105,1.000000
probe_part_uncorrected_009,417.458000,0.451619,-0.000833,0.624999,0.000000,-0.000001,0.000105,1.000000
probe_part_uncorrected_009,417.473000,0.451619,-0.000833,0.624999,0.000000,-0.000001,0.000105,1.000000
probe_part_uncorrected_009,417.489000,0.451619,-0.000833,0.624999,0.000000,-0.000001,0.000105,1.000000
probe_part_uncorrected_009,417.505000,0.451619,-0.000833,0.624999,0.000000,-0.000001,0.000105,1.000000
probe_part_uncorrected_009,417.521000,0.451619,-0.000833,0.624999,0.000000,-0.000001,0.000105,1.000000
probe_part_uncorrected_009,417.537000,0.451619,-0.000833,0.624999,0.000000,-0.000001,0.000105,1.000000
probe_part_uncorrected_009,417.553000,0.451619,-0.000833,0.624999,0.000000,-0.000001,0.000105,1.000000
probe_part_uncorrected_009,417.568000,0.451619,-0.000833,0.624999,0.000000,-0.000001,0.000105,1.000000
probe_part_uncorrected_009,417.584000,0.451619,-0.000833,0.624999,0.000000,-0.000001,0.000105,1.000000
probe_part_uncorrected_009,417.600000,0.451619,-0.000833,0.624999,0.000000,-0.000001,0.000105,1.000000
probe_part_uncorrected_009,417.617000,0.451619,-0.000833,0.624999,0.000000,-0.000001,0.000105,1.000000
probe_part_uncorrected_009,417.634000,0.451619,-0.000833,0.624999,0.000000,-0.000001,0.000105,1.000000
probe_part_uncorrected_009,417.650000,0.451619,-0.000833,0.624999,0.000000,-0.000001,0.000105,1.000000
probe_part_uncorrected_009,417.667000,0.451619,-0.000833,0.624999,0.000000,-0.000001,0.000105,1.000000
probe_part_uncorrected_009,417.684000,0.451619,-0.000833,0.624999,0.000000,-0.000001,0.000105,1.000000
probe_part_uncorrected_009,417.701000,0.451619,-0.000833,0.624999,0.000000,-0.000001,0.000105,1.000000
probe_part_uncorrected_009,417.717000,0.451619,-0.000833,0.624999,0.000000,-0.000001,0.000105,1.000000
probe_part_uncorrected_009,417.734000,0.451619,-0.000833,0.624999,0.000000,-0.000001,0.000105,1.000000
probe_part_uncorrected_009,417.752000,0.451619,-0.000833,0.624999,0.000000,-0.000001,0.000105,1.000000
probe_part_uncorrected_009,417.769000,0.451619,-0.000833,0.624999,0.000000,-0.000001,0.000105,1.000000
probe_part_uncorrected_009,417.785000,0.451619,-0.000833,0.624999,0.000000,-0.000001,0.000105,1.000000
probe_part_uncorrected_009,417.798000,0.451619,-0.000833,0.624999,0.000000,-0.000001,0.000105,1.000000
probe_part_uncorrected_009,417.814000,0.451619,-0.000833,0.624999,0.000000,-0.000001,0.000105,1.000000
probe_part_uncorrected_009,417.827000,0.451619,-0.000833,0.624999,0.000000,-0.000001,0.000105,1.000000
probe_part_uncorrected_009,417.845000,0.451619,-0.000833,0.624999,0.000000,-0.000001,0.000105,1.000000
probe_part_uncorrected_009,417.862000,0.451619,-0.000833,0.624999,0.000000,-0.000001,0.000105,1.000000
probe_part_uncorrected_009,417.879000,0.451619,-0.000833,0.624999,0.000000,-0.000001,0.000105,1.000000
probe_part_uncorrected_009,417.894000,0.451619,-0.000833,0.624999,0.000000,-0.000001,0.000105,1.000000
probe_part_uncorrected_009,417.910000,0.451619,-0.000833,0.624999,0.000000,-0.000001,0.000105,1.000000
probe_part_uncorrected_009,417.927000,0.451619,-0.000833,0.624999,0.000000,-0.000001,0.000105,1.000000
probe_part_uncorrected_009,417.944000,0.451619,-0.000833,0.624999,0.000000,-0.000001,0.000105,1.000000
probe_part_uncorrected_009,417.961000,0.451619,-0.000833,0.624999,0.000000,-0.000001,0.000105,1.000000
probe_part_uncorrected_009,417.978000,0.451619,-0.000833,0.624999,0.000000,-0.000001,0.000105,1.000000
probe_part_uncorrected_009,417.994000,0.451619,-0.000833,0.624999,0.000000,-0.000001,0.000105,1.000000
probe_part_uncorrected_009,418.010000,0.451619,-0.000833,0.624999,0.000000,-0.000001,0.000105,1.000000
probe_part_uncorrected_009,418.026000,0.451619,-0.000833,0.624999,0.000000,-0.000001,0.000105,1.000000
probe_part_uncorrected_009,418.042000,0.451619,-0.000833,0.624999,0.000000,-0.000001,0.000105,1.000000
probe_part_uncorrected_009,418.056000,0.451619,-0.000833,0.624999,0.000000,-0.000001,0.000105,1.000000
probe_part_uncorrected_009,418.070000,0.451619,-0.000833,0.624999,0.000000,-0.000001,0.000105,1.000000
probe_part_uncorrected_009,418.085000,0.451619,-0.000833,0.624999,0.000000,-0.000001,0.000105,1.000000
arm_1_left_finger,384.498000,0.499753,-0.011968,0.543588,-0.584946,0.492701,-0.492758,0.415058
arm_1_left_finger,384.513000,0.499753,-0.011968,0.543588,-0.584946,0.492701,-0.492758,0.415058
arm_1_left_finger,384.529000,0.499753,-0.011968,0.543588,-0.584946,0.492701,-0.492758,0.415058
arm_1_left_finger,384.545000,0.499753,-0.011968,0.543588,-0.584946,0.492701,-0.492758,0.415058
arm_1_left_finger,384.562000,0.499753,-0.011968,0.543588,-0.584946,0.492701,-0.492758,0.415058
arm_1_left_finger,384.579000,0.499753,-0.011968,0.543588,-0.584946,0.492701,-0.492758,0.415058
arm_1_left_finger,384.596000,0.499753,-0.011968,0.543588,-0.584946,0.492701,-0.492758,0.415058
arm_1_left_finger,384.612000,0.499753,-0.011968,0.543588,-0.584946,0.492701,-0.492758,0.415058
arm_1_left_finger,384.629000,0.499753,-0.011968,0.543588,-0.584946,0.492701,-0.492758,0.415058
arm_1_left_finger,384.646000,0.499753,-0.011968,0.543588,-0.584946,0.492701,-0.492758,0.415058
arm_1_left_finger,384.662000,0.499753,-0.011968,0.543588,-0.584946,0.492701,-0.492758,0.415058
arm_1_left_finger,384.678000,0.499753,-0.011968,0.543588,-0.584946,0.492701,-0.492758,0.415058
arm_1_left_finger,384.693000,0.499752,-0.011967,0.543588,-0.584946,0.492701,-0.492758,0.415059
arm_1_left_finger,384.708000,0.499754,-0.011963,0.543585,-0.584948,0.492703,-0.492752,0.415060
arm_1_left_finger,384.723000,0.499759,-0.011951,0.543577,-0.584955,0.492711,-0.492733,0.415064
arm_1_left_finger,384.738000,0.499767,-0.011929,0.543562,-0.584967,0.492725,-0.492700,0.415070
arm_1_left_finger,384.754000,0.499782,-0.011891,0.543537,-0.584988,0.492748,-0.492642,0.415081
arm_1_left_finger,384.768000,0.499800,-0.011844,0.543506,-0.585014,0.492777,-0.492571,0.415095
arm_1_left_finger,384.784000,0.499827,-0.011773,0.543458,-0.585054,0.492822,-0.492462,0.415115
arm_1_left_finger,384.802000,0.499868,-0.011669,0.543388,-0.585112,0.492887,-0.492302,0.415145
arm_1_left_finger,384.819000,0.499915,-0.011546,0.543305,-0.585180,0.492964,-0.492114,0.415181
arm_1_left_finger,384.836000,0.499973,-0.011397,0.543205,-0.585263,0.493057,-0.491886,0.415224
arm_1_left_finger,384.853000,0.500040,-0.011223,0.543088,-0.585359,0.493166,-0.491620,0.415274
arm_1_left_finger,384.870000,0.500117,-0.011023,0.542954,-0.585470,0.493291,-0.491314,0.415331
arm_1_left_finger,384.887000,0.500205,-0.010794,0.542801,-0.585597,0.493433,-0.490964,0.415396
arm_1_left_finger,384.904000,0.500303,-0.010538,0.542629,-0.585739,0.493593,-0.490573,0.415469
arm_1_left_finger,384.921000,0.500411,-0.010254,0.542438,-0.585896,0.493770,-0.490139,0.415549
arm_1_left_finger,384.937000,0.500522,-0.009962,0.542242,-0.586057,0.493952,-0.489693,0.415631
arm_1_left_finger,384.954000,0.500651,-0.009623,0.542015,-0.586244,0.494162,-0.489176,0.415725
arm_1_left_finger,384.971000,0.500789,-0.009257,0.541770,-0.586446,0.494390,-0.488618,0.415827
arm_1_left_finger,384.988000,0.500938,-0.008862,0.541505,-0.586664,0.494635,-0.488015,0.415936
arm_1_left_finger,385.005000,0.501097,-0.008439,0.541222,-0.586897,0.494898,-0.487370,0.416051
arm_1_left_finger,385.021000,0.501256,-0.008015,0.540938,-0.587130,0.495161,-0.486724,0.416166
arm_1_left_finger,385.039000,0.501445,-0.007506,0.540598,-0.587409,0.495476,-0.485949,0.416302
arm_1_left_finger,385.055000,0.501620,-0.007031,0.540280,-0.587669,0.495770,-0.485226,0.416429
arm_1_left_finger,385.071000,0.501806,-0.006526,0.539942,-0.587945,0.496082,-0.484458,0.416562
arm_1_left_finger,385.086000,0.501988,-0.006029,0.539610,-0.588216,0.496389,-0.483702,0.416691
arm_1_left_finger,385.102000,0.502190,-0.005474,0.539240,-0.588519,0.496731,-0.482860,0.416834
arm_1_left_finger,385.118000,0.502400,-0.004894,0.538853,-0.588834,0.497088,-0.481979,0.416982
arm_1_left_finger,385.135000,0.502632,-0.004249,0.538423,-0.589184,0.497485,-0.481001,0.417144
arm_1_left_finger,385.152000,0.502873,-0.003575,0.537974,-0.589549,0.497898,-0.479980,0.417311
arm_1_left_finger,385.169000,0.503123,-0.002872,0.537506,-0.589929,0.498329,-0.478915,0.417483
arm_1_left_finger,385.186000,0.503381,-0.002139,0.537018,-0.590324,0.498778,-0.477806,0.417660
arm_1_left_finger,385.203000,0.503646,-0.001378,0.536512,-0.590733,0.499243,-0.476655,0.417841
arm_1_left_finger,385.220000,0.503921,-0.000586,0.535986,-0.591158,0.499726,-0.475459,0.418025
arm_1_left_finger,385.237000,0.504203,0.000235,0.535441,-0.591597,0.500226,-0.474221,0.418213
arm_1_left_finger,385.254000,0.504492,0.001086,0.534877,-0.592051,0.500743,-0.472938,0.418405
arm_1_left_finger,385.271000,0.504789,0.001967,0.534293,-0.592519,0.501277,-0.471612,0.418599
arm_1_left_finger,385.288000,0.505093,0.002877,0.533690,-0.593002,0.501828,-0.470243,0.418795
arm_1_left_finger,385.305000,0.505404,0.003817,0.533068,-0.593499,0.502397,-0.468829,0.418994
arm_1_left_finger,385.322000,0.505721,0.004787,0.532427,-0.594010,0.502981,-0.467374,0.419194
arm_1_left_finger,385.339000,0.506045,0.005788,0.531766,-0.594536,0.503584,-0.465873,0.419396
arm_1_left_finger,385.356000,0.506375,0.006818,0.531086,-0.595076,0.504202,-0.464330,0.419598
arm_1_left_finger,385.373000,0.506710,0.007880,0.530387,-0.595629,0.504838,-0.462743,0.419801
arm_1_left_finger,385.390000,0.507051,0.008971,0.529669,-0.596197,0.505490,-0.461113,0.420004
arm_1_left_finger,385.407000,0.507397,0.010092,0.528931,-0.596778,0.506159,-0.459440,0.420207
arm_1_left_finger,385.423000,0.507727,0.011176,0.528219,-0.597338,0.506804,-0.457825,0.420397
arm_1_left_finger,385.439000,0.508061,0.012287,0.527489,-0.597910,0.507463,-0.456172,0.420586
arm_1_left_finger,385.456000,0.508420,0.013497,0.526696,-0.598530,0.508179,-0.454374,0.420784
arm_1_left_finger,385.472000,0.508761,0.014664,0.525931,-0.599127,0.508869,-0.452642,0.420969
arm_1_left_finger,385.489000,0.509127,0.015934,0.525100,-0.599773,0.509617,-0.450760,0.421163
arm_1_left_finger,385.506000,0.509496,0.017235,0.524250,-0.600432,0.510381,-0.448835,0.421354
arm_1_left_finger,385.523000,0.509868,0.018567,0.523380,-0.601105,0.511162,-0.446867,0.421540
arm_1_left_finger,385.539000,0.510220,0.019848,0.522544,-0.601749,0.511911,-0.444976,0.421712
arm_1_left_finger,385.554000,0.510552,0.021075,0.521745,-0.602364,0.512627,-0.443168,0.421869
arm_1_left_finger,385.571000,0.510929,0.022496,0.520820,-0.603073,0.513453,-0.441078,0.422042
arm_1_left_finger,385.588000,0.511308,0.023946,0.519877,-0.603793,0.514294,-0.438947,0.422209
arm_1_left_finger,385.605000,0.511688,0.025430,0.518913,-0.604527,0.515152,-0.436771,0.422370
arm_1_left_finger,385.622000,0.512069,0.026944,0.517931,-0.605272,0.516026,-0.434555,0.422523
arm_1_left_finger,385.639000,0.512449,0.028490,0.516929,-0.606029,0.516914,-0.432295,0.422669
arm_1_left_finger,385.657000,0.512851,0.030162,0.515848,-0.606844,0.517872,-0.429856,0.422814
arm_1_left_finger,385.674000,0.513231,0.031773,0.514806,-0.607626,0.518793,-0.427509,0.422942
arm_1_left_finger,385.692000,0.513631,0.033514,0.513683,-0.608466,0.519785,-0.424979,0.423067
arm_1_left_finger,385.709000,0.514007,0.035191,0.512601,-0.609271,0.520737,-0.422545,0.423174
arm_1_left_finger,385.726000,0.514381,0.036900,0.511500,-0.610088,0.521705,-0.420070,0.423271
arm_1_left_finger,385.743000,0.514752,0.038641,0.510381,-0.610916,0.522687,-0.417553,0.423355
arm_1_left_finger,385.760000,0.515120,0.040415,0.509241,-0.611754,0.523684,-0.414994,0.423428
arm_1_left_finger,385.778000,0.515506,0.042327,0.508014,-0.612654,0.524756,-0.412241,0.423490
arm_1_left_finger,385.795000,0.515866,0.044167,0.506835,-0.613514,0.525784,-0.409597,0.423535
arm_1_left_finger,385.812000,0.516221,0.046038,0.505638,-0.614385,0.526826,-0.406913,0.423565
arm_1_left_finger,385.829000,0.516571,0.047943,0.504420,-0.615266,0.527884,-0.404186,0.423580
arm_1_left_finger,385.846000,0.516915,0.049879,0.503183,-0.616157,0.528955,-0.401421,0.423579
arm_1_left_finger,385.863000,0.517254,0.051849,0.501928,-0.617058,0.530040,-0.398614,0.423561
arm_1_left_finger,385.880000,0.517585,0.053850,0.500653,-0.617968,0.531140,-0.395768,0.423526
arm_1_left_finger,385.897000,0.517909,0.055884,0.499359,-0.618888,0.532253,-0.392881,0.423472
arm_1_left_finger,385.914000,0.518225,0.057950,0.498045,-0.619817,0.533380,-0.389955,0.423400
arm_1_left_finger,385.932000,0.518551,0.060173,0.496634,-0.620811,0.534589,-0.386814,0.423301
arm_1_left_finger,385.947000,0.518815,0.062054,0.495442,-0.621646,0.535608,-0.384162,0.423202
arm_1_left_finger,385.964000,0.519104,0.064216,0.494072,-0.622601,0.536775,-0.381121,0.423069
arm_1_left_finger,385.981000,0.519384,0.066411,0.492684,-0.623564,0.537956,-0.378041,0.422914
arm_1_left_finger,385.998000,0.519653,0.068638,0.491277,-0.624536,0.539150,-0.374922,0.422736
arm_1_left_finger,386.015000,0.519911,0.070897,0.489851,-0.625515,0.540357,-0.371766,0.422534
arm_1_left_finger,386.032000,0.520158,0.073190,0.488405,-0.626503,0.541577,-0.368572,0.422307
arm_1_left_finger,386.048000,0.520378,0.075376,0.487028,-0.627439,0.542737,-0.365532,0.422071
arm_1_left_finger,386.065000,0.520599,0.077731,0.485546,-0.628440,0.543981,-0.362266,0.421794
arm_1_left_finger,386.083000,0.520819,0.080260,0.483956,-0.629509,0.545313,-0.358768,0.421472
arm_1_left_finger,386.100000,0.521011,0.082682,0.482436,-0.630525,0.546583,-0.355426,0.421138
arm_1_left_finger,386.116000,0.521179,0.084992,0.480987,-0.631488,0.547790,-0.352248,0.420798
arm_1_left_finger,386.133000,0.521342,0.087476,0.479430,-0.632516,0.549084,-0.348838,0.420408
arm_1_left_finger,386.151000,0.521498,0.090142,0.477761,-0.633612,0.550466,-0.345188,0.419961
arm_1_left_finger,386.168000,0.521627,0.092692,0.476166,-0.634653,0.551784,-0.341708,0.419507
arm_1_left_finger,386.184000,0.521733,0.095120,0.474649,-0.635637,0.553034,-0.338403,0.419050
arm_1_left_finger,386.199000,0.521816,0.097391,0.473231,-0.636551,0.554199,-0.335319,0.418602
arm_1_left_finger,386.215000,0.521891,0.099874,0.471682,-0.637545,0.555468,-0.331956,0.418087
arm_1_left_finger,386.232000,0.521951,0.102555,0.470010,-0.638610,0.556834,-0.328334,0.417505
arm_1_left_finger,386.249000,0.521992,0.105266,0.468321,-0.639679,0.558210,-0.324683,0.416886
arm_1_left_finger,386.266000,0.522012,0.108004,0.466617,-0.640751,0.559593,-0.321007,0.416231
arm_1_left_finger,386.282000,0.522011,0.110602,0.465001,-0.641760,0.560902,-0.317528,0.415583
arm_1_left_finger,386.299000,0.521989,0.113364,0.463284,-0.642826,0.562288,-0.313840,0.414864
arm_1_left_finger,386.316000,0.521945,0.116161,0.461546,-0.643896,0.563686,-0.310118,0.414105
arm_1_left_finger,386.333000,0.521879,0.118968,0.459803,-0.644962,0.565083,-0.306394,0.413313
arm_1_left_finger,386.350000,0.521790,0.121783,0.458057,-0.646023,0.566479,-0.302671,0.412487
arm_1_left_finger,386.367000,0.521680,0.124603,0.456308,-0.647078,0.567873,-0.298953,0.411628
arm_1_left_finger,386.384000,0.521546,0.127426,0.454558,0.648126,-0.569263,0.295242,-0.410737
arm_1_left_finger,386.401000,0.521391,0.130253,0.452807,0.649167,-0.570649,0.291539,-0.409814
arm_1_left_finger,386.418000,0.521212,0.133081,0.451055,0.650200,-0.572031,0.287845,-0.408858
arm_1_left_finger,386.435000,0.521012,0.135911,0.449304,0.651226,-0.573408,0.284163,-0.407872
arm_1_left_finger,386.450000,0.520817,0.138407,0.447758,0.652125,-0.574620,0.280923,-0.406975
arm_1_left_finger,386.467000,0.520574,0.141237,0.446008,0.653135,-0.575988,0.277262,-0.405929
arm_1_left_finger,386.483000,0.520326,0.143900,0.444361,0.654079,-0.577271,0.273829,-0.404916
arm_1_left_finger,386.500000,0.520041,0.146728,0.442611,0.655074,-0.578629,0.270194,-0.403809
arm_1_left_finger,386.515000,0.519771,0.149222,0.441069,0.655945,-0.579822,0.266998,-0.402808
arm_1_left_finger,386.530000,0.519484,0.151715,0.439527,0.656810,-0.581012,0.263813,-0.401782
arm_1_left_finger,386.545000,0.519179,0.154207,0.437987,0.657668,-0.582197,0.260639,-0.400733
arm_1_left_finger,386.559000,0.518880,0.156531,0.436550,0.658463,-0.583299,0.257688,-0.399733
arm_1_left_finger,386.575000,0.518520,0.159185,0.434908,0.659364,-0.584554,0.254327,-0.398564
arm_1_left_finger,386.591000,0.518141,0.161837,0.433268,0.660258,-0.585804,0.250980,-0.397369
arm_1_left_finger,386.608000,0.517716,0.164652,0.431527,0.661200,-0.587126,0.247439,-0.396071
arm_1_left_finger,386.625000,0.517271,0.167465,0.429788,0.662133,-0.588443,0.243914,-0.394742
arm_1_left_finger,386.642000,0.516803,0.170275,0.428050,0.663058,-0.589753,0.240406,-0.393384
arm_1_left_finger,386.659000,0.516315,0.173081,0.426313,0.663974,-0.591058,0.236914,-0.391996
arm_1_left_finger,386.676000,0.515805,0.175884,0.424578,0.664881,-0.592357,0.233439,-0.390579
arm_1_left_finger,386.693000,0.515273,0.178684,0.422845,0.665780,-0.593650,0.229980,-0.389133
arm_1_left_finger,386.709000,0.514754,0.181315,0.421215,0.666619,-0.594862,0.226742,-0.387746
arm_1_left_finger,386.726000,0.514181,0.184107,0.419484,0.667501,-0.596144,0.223317,-0.386244
arm_1_left_finger,386.743000,0.513588,0.186895,0.417756,0.668375,-0.597419,0.219911,-0.384713
arm_1_left_finger,386.760000,0.512973,0.189679,0.416029,0.669241,-0.598689,0.216522,-0.383153
arm_1_left_finger,386.777000,0.512337,0.192459,0.414304,0.670098,-0.599953,0.213152,-0.381565
arm_1_left_finger,386.794000,0.511689,0.195201,0.412601,0.670936,-0.601195,0.209840,-0.379969
arm_1_left_finger,386.811000,0.511014,0.197964,0.410885,0.671773,-0.602443,0.206517,-0.378330
arm_1_left_finger,386.828000,0.510314,0.200739,0.409159,0.672608,-0.603693,0.203191,-0.376653
arm_1_left_finger,386.845000,0.509594,0.203507,0.407436,0.673432,-0.604936,0.199887,-0.374949
arm_1_left_finger,386.862000,0.508854,0.206269,0.405716,0.674248,-0.606172,0.196605,-0.373218
arm_1_left_finger,386.880000,0.508049,0.209185,0.403898,0.675102,-0.607473,0.193153,-0.371357
arm_1_left_finger,386.897000,0.507267,0.211933,0.402184,0.675899,-0.608695,0.189915,-0.369571
arm_1_left_finger,386.914000,0.506465,0.214675,0.400471,0.676688,-0.609911,0.186697,-0.367759
arm_1_left_finger,386.932000,0.505595,0.217570,0.398661,0.677513,-0.611191,0.183314,-0.365812
arm_1_left_finger,386.948000,0.504802,0.220139,0.397054,0.678238,-0.612322,0.180326,-0.364056
arm_1_left_finger,386.965000,0.503941,0.222861,0.395348,0.679000,-0.613518,0.177172,-0.362165
arm_1_left_finger,386.982000,0.503059,0.225577,0.393644,0.679754,-0.614708,0.174039,-0.360248
arm_1_left_finger,386.998000,0.502212,0.228128,0.392043,0.680455,-0.615822,0.171111,-0.358420
arm_1_left_finger,387.014000,0.501347,0.230672,0.390443,0.681149,-0.616931,0.168201,-0.356569
arm_1_left_finger,387.031000,0.500409,0.233369,0.388745,0.681877,-0.618102,0.165131,-0.354577
arm_1_left_finger,387.048000,0.499452,0.236059,0.387050,0.682597,-0.619267,0.162083,-0.352560
arm_1_left_finger,387.065000,0.498475,0.238743,0.385356,0.683309,-0.620426,0.159057,-0.350517
arm_1_left_finger,387.082000,0.497479,0.241419,0.383664,0.684011,-0.621578,0.156053,-0.348450
arm_1_left_finger,387.099000,0.496464,0.244088,0.381974,0.684705,-0.622724,0.153072,-0.346357
arm_1_left_finger,387.116000,0.495429,0.246750,0.380286,0.685390,-0.623863,0.150113,-0.344239
arm_1_left_finger,387.132000,0.494438,0.249248,0.378700,0.686028,-0.624930,0.147350,-0.342224
arm_1_left_finger,387.148000,0.493431,0.251740,0.377115,0.686657,-0.625990,0.144607,-0.340187
arm_1_left_finger,387.165000,0.492342,0.254380,0.375433,0.687317,-0.627111,0.141715,-0.337999
arm_1_left_finger,387.182000,0.491234,0.257013,0.373753,0.687969,-0.628225,0.138847,-0.335787
arm_1_left_finger,387.199000,0.490107,0.259637,0.372075,0.688612,-0.629333,0.136002,-0.333552
arm_1_left_finger,387.215000,0.489030,0.262099,0.370498,0.689210,-0.630369,0.133347,-0.331426
arm_1_left_finger,387.233000,0.487799,0.264861,0.368726,0.689873,-0.631528,0.130385,-0.329010
arm_1_left_finger,387.250000,0.486617,0.267461,0.367054,0.690490,-0.632616,0.127613,-0.326704
arm_1_left_finger,387.267000,0.485417,0.270052,0.365384,0.691098,-0.633698,0.124865,-0.324375
arm_1_left_finger,387.284000,0.484199,0.272635,0.363716,0.691698,-0.634772,0.122142,-0.322024
arm_1_left_finger,387.301000,0.482962,0.275209,0.362051,0.692289,-0.635841,0.119444,-0.319649
arm_1_left_finger,387.318000,0.481708,0.277774,0.360387,0.692872,-0.636902,0.116770,-0.317253
arm_1_left_finger,387.335000,0.480436,0.280331,0.358726,0.693446,-0.637957,0.114122,-0.314834
arm_1_left_finger,387.351000,0.479223,0.282728,0.357164,0.693978,-0.638943,0.111653,-0.312538
arm_1_left_finger,387.367000,0.477994,0.285118,0.355604,0.694502,-0.639924,0.109207,-0.310222
arm_1_left_finger,387.383000,0.476749,0.287499,0.354045,0.695019,-0.640899,0.106783,-0.307887
arm_1_left_finger,387.399000,0.475489,0.289872,0.352489,0.695528,-0.641867,0.104383,-0.305534
arm_1_left_finger,387.415000,0.474213,0.292237,0.350935,0.696030,-0.642830,0.102005,-0.303162
arm_1_left_finger,387.432000,0.472842,0.294740,0.349285,0.696554,-0.643846,0.099505,-0.300621
arm_1_left_finger,387.449000,0.471453,0.297233,0.347637,0.697070,-0.644856,0.097030,-0.298060
arm_1_left_finger,387.465000,0.470130,0.299570,0.346088,0.697548,-0.645799,0.094726,-0.295630
arm_1_left_finger,387.482000,0.468708,0.302044,0.344445,0.698047,-0.646796,0.092303,-0.293029
arm_1_left_finger,387.498000,0.467354,0.304364,0.342900,0.698508,-0.647727,0.090048,-0.290563
arm_1_left_finger,387.515000,0.465899,0.306818,0.341260,0.698991,-0.648710,0.087678,-0.287924
arm_1_left_finger,387.532000,0.464445,0.309234,0.339641,0.699460,-0.649675,0.085360,-0.285293
arm_1_left_finger,387.549000,0.462954,0.311675,0.338002,0.699925,-0.650646,0.083039,-0.282610
arm_1_left_finger,387.566000,0.461447,0.314103,0.336365,0.700382,-0.651611,0.080747,-0.279908
arm_1_left_finger,387.583000,0.459924,0.316519,0.334731,0.700830,-0.652567,0.078483,-0.277188
arm_1_left_finger,387.599000,0.458476,0.318783,0.333196,0.701244,-0.653461,0.076378,-0.274612
arm_1_left_finger,387.616000,0.456923,0.321177,0.331567,0.701675,-0.654404,0.074170,-0.271857
arm_1_left_finger,387.633000,0.455355,0.323559,0.329941,0.702098,-0.655339,0.071991,-0.269085
arm_1_left_finger,387.650000,0.453780,0.325916,0.328326,0.702509,-0.656262,0.069852,-0.266312
arm_1_left_finger,387.667000,0.452178,0.328279,0.326702,0.702915,-0.657184,0.067727,-0.263502
arm_1_left_finger,387.684000,0.450561,0.330629,0.325081,0.703311,-0.658099,0.065632,-0.260676
arm_1_left_finger,387.701000,0.448956,0.332928,0.323490,0.703695,-0.658991,0.063595,-0.257875
arm_1_left_finger,387.718000,0.447303,0.335264,0.321867,0.704074,-0.659895,0.061555,-0.255010
arm_1_left_finger,387.735000,0.445636,0.337585,0.320248,0.704445,-0.660790,0.059541,-0.252127
arm_1_left_finger,387.752000,0.443955,0.339893,0.318633,0.704808,-0.661678,0.057559,-0.249230
arm_1_left_finger,387.769000,0.442261,0.342187,0.317021,0.705161,-0.662558,0.055607,-0.246318
arm_1_left_finger,387.786000,0.440552,0.344468,0.315412,0.705506,-0.663430,0.053686,-0.243391
arm_1_left_finger,387.803000,0.438828,0.346737,0.313805,0.705842,-0.664295,0.051795,-0.240450
arm_1_left_finger,387.820000,0.437091,0.348992,0.312201,0.706170,-0.665152,0.049934,-0.237495
arm_1_left_finger,387.837000,0.435339,0.351235,0.310599,0.706488,-0.666002,0.048104,-0.234525
arm_1_left_finger,387.854000,0.433573,0.353466,0.308999,0.706798,-0.666844,0.046304,-0.231541
arm_1_left_finger,387.871000,0.431793,0.355683,0.307402,0.707099,-0.667680,0.044534,-0.228542
arm_1_left_finger,387.888000,0.429999,0.357888,0.305807,0.707392,-0.668507,0.042795,-0.225530
arm_1_left_finger,387.903000,0.428408,0.359824,0.304400,0.707638,-0.669231,0.041299,-0.222875
arm_1_left_finger,387.920000,0.426589,0.362006,0.302809,0.707918,-0.670046,0.039605,-0.219824
arm_1_left_finger,387.937000,0.424755,0.364174,0.301219,0.708186,-0.670852,0.037951,-0.216769
arm_1_left_finger,387.954000,0.422907,0.366329,0.299632,0.708445,-0.671652,0.036330,-0.213704
arm_1_left_finger,387.970000,0.421155,0.368346,0.298141,0.708681,-0.672397,0.034833,-0.210807
arm_1_left_finger,387.986000,0.419391,0.370352,0.296650,0.708909,-0.673136,0.033364,-0.207900
arm_1_left_finger,388.002000,0.417615,0.372345,0.295162,0.709130,-0.673869,0.031920,-0.204979
arm_1_left_finger,388.019000,0.415716,0.374451,0.293583,0.709356,-0.674640,0.030419,-0.201867
arm_1_left_finger,388.036000,0.413803,0.376543,0.292005,0.709573,-0.675403,0.028948,-0.198743
arm_1_left_finger,388.052000,0.411990,0.378500,0.290522,0.709770,-0.676115,0.027592,-0.195790
arm_1_left_finger,388.068000,0.410166,0.380446,0.289041,0.709959,-0.676821,0.026263,-0.192828
arm_1_left_finger,388.085000,0.408215,0.382499,0.287470,0.710152,-0.677563,0.024879,-0.189666
arm_1_left_finger,388.102000,0.406252,0.384540,0.285900,0.710336,-0.678298,0.023531,-0.186497
arm_1_left_finger,388.119000,0.404276,0.386566,0.284332,0.710511,-0.679025,0.022215,-0.183319
arm_1_left_finger,388.136000,0.402287,0.388579,0.282766,0.710678,-0.679745,0.020927,-0.180127
arm_1_left_finger,388.153000,0.400286,0.390578,0.281202,0.710836,-0.680457,0.019672,-0.176925
arm_1_left_finger,388.170000,0.398273,0.392563,0.279639,0.710986,-0.681162,0.018448,-0.173713
arm_1_left_finger,388.187000,0.396247,0.394535,0.278079,0.711127,-0.681859,0.017258,-0.170493
arm_1_left_finger,388.204000,0.394210,0.396492,0.276521,0.711260,-0.682549,0.016100,-0.167264
arm_1_left_finger,388.221000,0.392162,0.398434,0.274965,0.711383,-0.683230,0.014977,-0.164030
arm_1_left_finger,388.238000,0.390106,0.400357,0.273416,0.711499,-0.683903,0.013881,-0.160788
arm_1_left_finger,388.255000,0.388047,0.402259,0.271873,0.711605,-0.684566,0.012828,-0.157556
arm_1_left_finger,388.272000,0.385988,0.404136,0.270342,0.711703,-0.685217,0.011807,-0.154329
arm_1_left_finger,388.289000,0.383933,0.405985,0.268823,0.711791,-0.685856,0.010831,-0.151123
arm_1_left_finger,388.306000,0.381884,0.407806,0.267319,0.711871,-0.686483,0.009887,-0.147931
arm_1_left_finger,388.324000,0.379723,0.409702,0.265741,0.711945,-0.687133,0.008938,-0.144581
arm_1_left_finger,388.341000,0.377691,0.411461,0.264269,0.712007,-0.687733,0.008074,-0.141435
arm_1_left_finger,388.359000,0.375551,0.413290,0.262727,0.712064,-0.688355,0.007201,-0.138132
arm_1_left_finger,388.376000,0.373541,0.414985,0.261288,0.712109,-0.688929,0.006417,-0.135041
arm_1_left_finger,388.393000,0.371544,0.416650,0.259867,0.712147,-0.689490,0.005669,-0.131979
arm_1_left_finger,388.409000,0.369678,0.418188,0.258544,0.712173,-0.690006,0.005007,-0.129133
arm_1_left_finger,388.424000,0.367938,0.419605,0.257319,0.712196,-0.690480,0.004398,-0.126471
arm_1_left_finger,388.441000,0.365980,0.421182,0.255947,0.712212,-0.691006,0.003749,-0.123493
arm_1_left_finger,388.458000,0.364037,0.422729,0.254592,0.712222,-0.691519,0.003134,-0.120544
arm_1_left_finger,388.475000,0.362110,0.424246,0.253255,0.712225,-0.692020,0.002552,-0.117629
arm_1_left_finger,388.491000,0.360311,0.425646,0.252013,0.712222,-0.692481,0.002034,-0.114914
arm_1_left_finger,388.508000,0.358415,0.427105,0.250710,0.712213,-0.692959,0.001513,-0.112061
arm_1_left_finger,388.524000,0.356646,0.428451,0.249500,0.712199,-0.693398,0.001052,-0.109408
arm_1_left_finger,388.540000,0.354893,0.429772,0.248305,0.712179,-0.693828,0.000619,-0.106786
arm_1_left_finger,388.557000,0.353044,0.431147,0.247054,0.712155,-0.694273,0.000175,-0.104020
arm_1_left_finger,388.574000,0.351216,0.432494,0.245819,0.712124,-0.694707,-0.000234,-0.101296
arm_1_left_finger,388.591000,0.349405,0.433814,0.244602,0.712088,-0.695131,-0.000615,-0.098607
arm_1_left_finger,388.608000,0.347614,0.435105,0.243403,0.712047,-0.695543,-0.000967,-0.095956
arm_1_left_finger,388.625000,0.345839,0.436370,0.242222,0.712003,-0.695946,-0.001305,-0.093328
arm_1_left_finger,388.641000,0.344188,0.437536,0.241125,0.711956,-0.696315,-0.001593,-0.090893
arm_1_left_finger,388.657000,0.342554,0.438678,0.240044,0.711905,-0.696675,-0.001856,-0.088494
arm_1_left_finger,388.673000,0.340936,0.439797,0.238979,0.711852,-0.697027,-0.002112,-0.086113
arm_1_left_finger,388.691000,0.339139,0.441029,0.237798,0.711788,-0.697412,-0.002367,-0.083481
arm_1_left_finger,388.708000,0.337462,0.442165,0.236701,0.711722,-0.697766,-0.002578,-0.081041
arm_1_left_finger,388.724000,0.335901,0.443213,0.235685,0.711660,-0.698090,-0.002777,-0.078756
arm_1_left_finger,388.740000,0.334360,0.444238,0.234683,0.711593,-0.698407,-0.002943,-0.076520
arm_1_left_finger,388.757000,0.332741,0.445303,0.233636,0.711520,-0.698734,-0.003112,-0.074167
arm_1_left_finger,388.774000,0.331145,0.446345,0.232605,0.711443,-0.699053,-0.003255,-0.071858
arm_1_left_finger,388.791000,0.329569,0.447362,0.231593,0.711364,-0.699363,-0.003386,-0.069581
arm_1_left_finger,388.808000,0.328016,0.448357,0.230596,0.711282,-0.699664,-0.003496,-0.067342
arm_1_left_finger,388.823000,0.326663,0.449214,0.229732,0.711209,-0.699923,-0.003582,-0.065397
arm_1_left_finger,388.840000,0.325151,0.450165,0.228767,0.711123,-0.700209,-0.003663,-0.063227
arm_1_left_finger,388.857000,0.323660,0.451094,0.227820,0.711036,-0.700487,-0.003730,-0.061091
arm_1_left_finger,388.873000,0.322279,0.451947,0.226944,0.710952,-0.700741,-0.003779,-0.059117
arm_1_left_finger,388.889000,0.320916,0.452781,0.226083,0.710866,-0.700989,-0.003818,-0.057174
arm_1_left_finger,388.906000,0.319491,0.453647,0.225184,0.710774,-0.701245,-0.003846,-0.055146
arm_1_left_finger,388.923000,0.318089,0.454490,0.224303,0.710681,-0.701493,-0.003862,-0.053155
arm_1_left_finger,388.940000,0.316711,0.455313,0.223437,0.710587,-0.701734,-0.003866,-0.051200
arm_1_left_finger,388.956000,0.315434,0.456069,0.222639,0.710497,-0.701954,-0.003861,-0.049393
arm_1_left_finger,388.972000,0.314179,0.456806,0.221854,0.710407,-0.702168,-0.003843,-0.047622
arm_1_left_finger,388.989000,0.312866,0.457570,0.221038,0.710310,-0.702389,-0.003821,-0.045771
arm_1_left_finger,389.005000,0.311656,0.458271,0.220283,0.710218,-0.702590,-0.003782,-0.044072
arm_1_left_finger,389.021000,0.310464,0.458954,0.219545,0.710127,-0.702786,-0.003749,-0.042392
arm_1_left_finger,389.038000,0.309221,0.459662,0.218777,0.710029,-0.702988,-0.003699,-0.040650
arm_1_left_finger,389.054000,0.308074,0.460311,0.218067,0.709937,-0.703172,-0.003643,-0.039046
arm_1_left_finger,389.071000,0.306878,0.460981,0.217331,0.709840,-0.703362,-0.003581,-0.037374
arm_1_left_finger,389.088000,0.305708,0.461634,0.216609,0.709741,-0.703546,-0.003497,-0.035754
arm_1_left_finger,389.105000,0.304562,0.462267,0.215907,0.709645,-0.703723,-0.003433,-0.034145
arm_1_left_finger,389.122000,0.303439,0.462882,0.215220,0.709548,-0.703895,-0.003352,-0.032586
arm_1_left_finger,389.138000,0.302408,0.463445,0.214587,0.709457,-0.704052,-0.003262,-0.031160
arm_1_left_finger,389.154000,0.301396,0.463993,0.213970,0.709367,-0.704204,-0.003184,-0.029751
arm_1_left_finger,389.170000,0.300407,0.464525,0.213368,0.709278,-0.704350,-0.003095,-0.028383
arm_1_left_finger,389.187000,0.299382,0.465074,0.212742,0.709184,-0.704501,-0.002987,-0.026975
arm_1_left_finger,389.204000,0.298381,0.465605,0.212135,0.709091,-0.704647,-0.002896,-0.025585
arm_1_left_finger,389.221000,0.297404,0.466120,0.211543,0.708999,-0.704787,-0.002792,-0.024240
arm_1_left_finger,389.238000,0.296456,0.466619,0.210967,0.708908,-0.704922,-0.002675,-0.022945
arm_1_left_finger,389.256000,0.295477,0.467129,0.210376,0.708814,-0.705060,-0.002571,-0.021590
arm_1_left_finger,389.273000,0.294579,0.467594,0.209834,0.708726,-0.705185,-0.002462,-0.020359
arm_1_left_finger,389.290000,0.293709,0.468043,0.209307,0.708640,-0.705306,-0.002334,-0.019182
arm_1_left_finger,389.307000,0.292862,0.468476,0.208798,0.708556,-0.705422,-0.002240,-0.018008
arm_1_left_finger,389.324000,0.292042,0.468894,0.208306,0.708473,-0.705533,-0.002129,-0.016888
arm_1_left_finger,389.341000,0.291247,0.469297,0.207829,0.708392,-0.705640,-0.002017,-0.015804
arm_1_left_finger,389.356000,0.290570,0.469639,0.207420,0.708322,-0.705730,-0.001912,-0.014886
arm_1_left_finger,389.372000,0.289867,0.469992,0.207000,0.708249,-0.705823,-0.001816,-0.013922
arm_1_left_finger,389.389000,0.289145,0.470352,0.206568,0.708173,-0.705918,-0.001707,-0.012941
arm_1_left_finger,389.405000,0.288492,0.470677,0.206178,0.708104,-0.706003,-0.001606,-0.012054
arm_1_left_finger,389.422000,0.287824,0.471009,0.205776,0.708033,-0.706090,-0.001491,-0.011153
arm_1_left_finger,389.439000,0.287180,0.471326,0.205393,0.707964,-0.706172,-0.001395,-0.010272
arm_1_left_finger,389.456000,0.286562,0.471629,0.205025,0.707898,-0.706251,-0.001294,-0.009436
arm_1_left_finger,389.473000,0.285971,0.471919,0.204673,0.707833,-0.706326,-0.001194,-0.008636
arm_1_left_finger,389.490000,0.285409,0.472193,0.204336,0.707772,-0.706396,-0.001086,-0.007886
arm_1_left_finger,389.505000,0.284933,0.472424,0.204054,0.707719,-0.706456,-0.001014,-0.007233
arm_1_left_finger,389.519000,0.284508,0.472630,0.203801,0.707673,-0.706509,-0.000940,-0.006658
arm_1_left_finger,389.534000,0.284072,0.472840,0.203543,0.707624,-0.706562,-0.000862,-0.006071
arm_1_left_finger,389.549000,0.283657,0.473040,0.203297,0.707578,-0.706614,-0.000787,-0.005511
arm_1_left_finger,389.564000,0.283262,0.473229,0.203063,0.707534,-0.706662,-0.000714,-0.004979
arm_1_left_finger,389.580000,0.282866,0.473420,0.202826,0.707489,-0.706710,-0.000639,-0.004446
arm_1_left_finger,389.597000,0.282470,0.473609,0.202591,0.707444,-0.706758,-0.000568,-0.003911
arm_1_left_finger,389.614000,0.282100,0.473785,0.202373,0.707402,-0.706803,-0.000497,-0.003414
arm_1_left_finger,389.631000,0.281757,0.473947,0.202170,0.707363,-0.706844,-0.000432,-0.002954
arm_1_left_finger,389.648000,0.281440,0.474098,0.201983,0.707327,-0.706882,-0.000371,-0.002529
arm_1_left_finger,389.665000,0.281152,0.474234,0.201812,0.707294,-0.706917,-0.000334,-0.002121
arm_1_left_finger,389.683000,0.280876,0.474365,0.201647,0.707262,-0.706950,-0.000261,-0.001767
arm_1_left_finger,389.700000,0.280642,0.474475,0.201510,0.707235,-0.706977,-0.000215,-0.001455
arm_1_left_finger,389.717000,0.280437,0.474571,0.201389,0.707211,-0.707001,-0.000174,-0.001180
arm_1_left_finger,389.734000,0.280257,0.474656,0.201283,0.707190,-0.707023,-0.000138,-0.000940
arm_1_left_finger,389.751000,0.280104,0.474728,0.201192,0.707173,-0.707041,-0.000108,-0.000734
arm_1_left_finger,389.768000,0.279977,0.474787,0.201118,0.707158,-0.707055,-0.000087,-0.000560
arm_1_left_finger,389.785000,0.279878,0.474834,0.201059,0.707146,-0.707067,-0.000069,-0.000425
arm_1_left_finger,389.802000,0.279803,0.474870,0.201013,0.707137,-0.707076,-0.000046,-0.000330
arm_1_left_finger,389.819000,0.279745,0.474897,0.200979,0.707131,-0.707083,-0.000036,-0.000251
arm_1_left_finger,389.835000,0.279702,0.474917,0.200954,0.707126,-0.707088,-0.000027,-0.000195
arm_1_left_finger,389.852000,0.279700,0.474917,0.200953,0.707125,-0.707088,-0.000027,-0.000192
arm_1_left_finger,389.867000,0.279727,0.474905,0.200966,0.707129,-0.707085,-0.000032,-0.000230
arm_1_left_finger,389.884000,0.279752,0.474895,0.200968,0.707132,-0.707082,-0.000043,-0.000256
arm_1_left_finger,389.900000,0.279771,0.474888,0.200955,0.707134,-0.707080,-0.000051,-0.000275
arm_1_left_finger,389.917000,0.279788,0.474885,0.200923,0.707135,-0.707078,-0.000052,-0.000296
arm_1_left_finger,389.934000,0.279802,0.474884,0.200872,0.707136,-0.707077,-0.000052,-0.000313
arm_1_left_finger,389.950000,0.279814,0.474887,0.200804,0.707137,-0.707076,-0.000052,-0.000325
arm_1_left_finger,389.967000,0.279826,0.474892,0.200710,0.707138,-0.707075,-0.000073,-0.000314
arm_1_left_finger,389.983000,0.279837,0.474899,0.200600,0.707139,-0.707075,-0.000065,-0.000329
arm_1_left_finger,389.999000,0.279848,0.474908,0.200471,0.707139,-0.707075,-0.000059,-0.000339
arm_1_left_finger,390.015000,0.279860,0.474919,0.200318,0.707139,-0.707074,-0.000056,-0.000347
arm_1_left_finger,390.029000,0.279871,0.474931,0.200166,0.707139,-0.707074,-0.000093,-0.000311
arm_1_left_finger,390.046000,0.279884,0.474947,0.199959,0.707139,-0.707074,-0.000073,-0.000334
arm_1_left_finger,390.063000,0.279899,0.474965,0.199726,0.707139,-0.707074,-0.000062,-0.000346
arm_1_left_finger,390.080000,0.279914,0.474985,0.199468,0.707139,-0.707074,-0.000094,-0.000315
arm_1_left_finger,390.097000,0.279930,0.475008,0.199185,0.707139,-0.707074,-0.000070,-0.000339
arm_1_left_finger,390.114000,0.279948,0.475032,0.198876,0.707139,-0.707074,-0.000060,-0.000348
arm_1_left_finger,390.131000,0.279967,0.475058,0.198542,0.707139,-0.707074,-0.000088,-0.000320
arm_1_left_finger,390.147000,0.279985,0.475085,0.198204,0.707139,-0.707075,-0.000073,-0.000334
arm_1_left_finger,390.161000,0.280003,0.475109,0.197889,0.707139,-0.707075,-0.000069,-0.000337
arm_1_left_finger,390.177000,0.280023,0.475139,0.197508,0.707138,-0.707075,-0.000062,-0.000343
arm_1_left_finger,390.194000,0.280046,0.475171,0.197078,0.707138,-0.707075,-0.000056,-0.000347
arm_1_left_finger,390.211000,0.280070,0.475206,0.196622,0.707138,-0.707075,-0.000072,-0.000329
arm_1_left_finger,390.228000,0.280095,0.475242,0.196140,0.707138,-0.707076,-0.000061,-0.000338
arm_1_left_finger,390.246000,0.280122,0.475282,0.195602,0.707137,-0.707076,-0.000092,-0.000305
arm_1_left_finger,390.263000,0.280149,0.475322,0.195067,0.707137,-0.707076,-0.000071,-0.000324
arm_1_left_finger,390.280000,0.280177,0.475363,0.194506,0.707137,-0.707077,-0.000059,-0.000333
arm_1_left_finger,390.297000,0.280206,0.475405,0.193919,0.707136,-0.707077,-0.000054,-0.000336
arm_1_left_finger,390.314000,0.280236,0.475448,0.193307,0.707136,-0.707077,-0.000074,-0.000314
arm_1_left_finger,390.331000,0.280266,0.475493,0.192668,0.707136,-0.707078,-0.000061,-0.000324
arm_1_left_finger,390.349000,0.280299,0.475541,0.191963,0.707135,-0.707078,-0.000053,-0.000329
arm_1_left_finger,390.367000,0.280333,0.475591,0.191230,0.707135,-0.707079,-0.000068,-0.000311
arm_1_left_finger,390.385000,0.280367,0.475641,0.190467,0.707134,-0.707079,-0.000056,-0.000320
arm_1_left_finger,390.403000,0.280402,0.475693,0.189676,0.707134,-0.707080,-0.000088,-0.000285
arm_1_left_finger,390.420000,0.280436,0.475742,0.188902,0.707133,-0.707080,-0.000068,-0.000302
arm_1_left_finger,390.437000,0.280469,0.475792,0.188102,0.707133,-0.707081,-0.000058,-0.000308
arm_1_left_finger,390.454000,0.280503,0.475843,0.187276,0.707132,-0.707081,-0.000053,-0.000310
arm_1_left_finger,390.471000,0.280538,0.475894,0.186424,0.707132,-0.707082,-0.000049,-0.000310
arm_1_left_finger,390.487000,0.280570,0.475942,0.185599,0.707131,-0.707082,-0.000080,-0.000276
arm_1_left_finger,390.503000,0.280603,0.475991,0.184751,0.707131,-0.707083,-0.000069,-0.000283
arm_1_left_finger,390.519000,0.280635,0.476039,0.183879,0.707130,-0.707083,-0.000061,-0.000287
arm_1_left_finger,390.536000,0.280669,0.476091,0.182929,0.707130,-0.707084,-0.000054,-0.000291
arm_1_left_finger,390.553000,0.280703,0.476142,0.181953,0.707129,-0.707084,-0.000049,-0.000292
arm_1_left_finger,390.570000,0.280737,0.476193,0.180950,0.707128,-0.707085,-0.000083,-0.000253
arm_1_left_finger,390.587000,0.280771,0.476244,0.179923,0.707128,-0.707086,-0.000066,-0.000265
arm_1_left_finger,390.604000,0.280804,0.476295,0.178869,0.707127,-0.707086,-0.000056,-0.000272
arm_1_left_finger,390.621000,0.280836,0.476344,0.177790,0.707127,-0.707087,-0.000051,-0.000272
arm_1_left_finger,390.637000,0.280866,0.476390,0.176750,0.707126,-0.707088,-0.000048,-0.000270
arm_1_left_finger,390.654000,0.280897,0.476438,0.175621,0.707125,-0.707088,-0.000045,-0.000269
arm_1_left_finger,390.671000,0.280927,0.476485,0.174466,0.707125,-0.707089,-0.000077,-0.000232
arm_1_left_finger,390.687000,0.280955,0.476529,0.173355,0.707124,-0.707090,-0.000072,-0.000232
arm_1_left_finger,390.704000,0.280983,0.476573,0.172150,0.707123,-0.707090,-0.000062,-0.000237
arm_1_left_finger,390.721000,0.281010,0.476616,0.170920,0.707122,-0.707091,-0.000054,-0.000240
arm_1_left_finger,390.738000,0.281035,0.476658,0.169664,0.707122,-0.707092,-0.000048,-0.000240
arm_1_left_finger,390.755000,0.281060,0.476698,0.168382,0.707121,-0.707093,-0.000044,-0.000240
arm_1_left_finger,390.772000,0.281082,0.476735,0.167074,0.707120,-0.707094,-0.000040,-0.000237
arm_1_left_finger,390.789000,0.281103,0.476771,0.165742,0.707119,-0.707094,-0.000037,-0.000235
arm_1_left_finger,390.804000,0.281120,0.476800,0.164545,0.707118,-0.707095,-0.000037,-0.000230
arm_1_left_finger,390.821000,0.281138,0.476832,0.163164,0.707118,-0.707096,-0.000035,-0.000226
arm_1_left_finger,390.838000,0.281154,0.476860,0.161758,0.707117,-0.707097,-0.000034,-0.000221
arm_1_left_finger,390.855000,0.281167,0.476886,0.160326,0.707116,-0.707098,-0.000070,-0.000179
arm_1_left_finger,390.873000,0.281179,0.476910,0.158782,0.707115,-0.707099,-0.000058,-0.000184
arm_1_left_finger,390.891000,0.281188,0.476931,0.157207,0.707114,-0.707100,-0.000049,-0.000187
arm_1_left_finger,390.908000,0.281193,0.476947,0.155695,0.707113,-0.707101,-0.000048,-0.000181
arm_1_left_finger,390.925000,0.281197,0.476959,0.154165,0.707112,-0.707101,-0.000047,-0.000176
arm_1_left_finger,390.942000,0.281197,0.476968,0.152626,0.707111,-0.707102,-0.000046,-0.000170
arm_1_left_finger,390.959000,0.281194,0.476972,0.151086,0.707110,-0.707103,-0.000046,-0.000164
arm_1_left_finger,390.976000,0.281189,0.476973,0.149550,0.707109,-0.707104,-0.000045,-0.000158
arm_1_left_finger,390.993000,0.281181,0.476970,0.148025,0.707108,-0.707105,-0.000044,-0.000153
arm_1_left_finger,391.010000,0.281170,0.476964,0.146514,0.707107,-0.707106,-0.000043,-0.000148
arm_1_left_finger,391.027000,0.281156,0.476954,0.145019,0.707106,-0.707107,-0.000039,-0.000145
arm_1_left_finger,391.044000,0.281141,0.476940,0.143545,0.707106,-0.707108,-0.000036,-0.000142
arm_1_left_finger,391.061000,0.281122,0.476923,0.142090,0.707105,-0.707109,-0.000033,-0.000139
arm_1_left_finger,391.077000,0.281103,0.476904,0.140742,0.707104,-0.707110,-0.000032,-0.000134
arm_1_left_finger,391.093000,0.281082,0.476883,0.139414,0.707103,-0.707111,-0.000031,-0.000129
arm_1_left_finger,391.108000,0.281061,0.476861,0.138188,0.707102,-0.707111,-0.000033,-0.000123
arm_1_left_finger,391.125000,0.281035,0.476833,0.136821,0.707101,-0.707112,-0.000030,-0.000120
arm_1_left_finger,391.142000,0.281007,0.476803,0.135479,0.707101,-0.707113,-0.000027,-0.000117
arm_1_left_finger,391.159000,0.280978,0.476770,0.134162,0.707100,-0.707114,-0.000024,-0.000114
arm_1_left_finger,391.176000,0.280948,0.476736,0.132871,0.707099,-0.707115,-0.000022,-0.000110
arm_1_left_finger,391.193000,0.280915,0.476699,0.131605,0.707098,-0.707115,-0.000021,-0.000106
arm_1_left_finger,391.210000,0.280882,0.476661,0.130365,0.707097,-0.707116,-0.000019,-0.000103
arm_1_left_finger,391.228000,0.280846,0.476618,0.129079,0.707097,-0.707117,-0.000054,-0.000063
arm_1_left_finger,391.245000,0.280810,0.476576,0.127892,0.707096,-0.707118,-0.000042,-0.000070
arm_1_left_finger,391.262000,0.280774,0.476533,0.126731,0.707095,-0.707118,-0.000033,-0.000074
arm_1_left_finger,391.279000,0.280737,0.476489,0.125595,0.707094,-0.707119,-0.000027,-0.000075
arm_1_left_finger,391.296000,0.280699,0.476444,0.124485,0.707094,-0.707120,-0.000021,-0.000076
arm_1_left_finger,391.312000,0.280663,0.476401,0.123464,0.707093,-0.707120,-0.000019,-0.000074
arm_1_left_finger,391.328000,0.280627,0.476356,0.122466,0.707093,-0.707121,-0.000017,-0.000072
arm_1_left_finger,391.345000,0.280588,0.476309,0.121432,0.707092,-0.707122,-0.000014,-0.000070
arm_1_left_finger,391.357000,0.280560,0.476275,0.120716,0.707091,-0.707122,-0.000017,-0.000064
arm_1_left_finger,391.374000,0.280520,0.476227,0.119726,0.707091,-0.707123,-0.000014,-0.000063
arm_1_left_finger,391.391000,0.280481,0.476178,0.118760,0.707090,-0.707123,-0.000012,-0.000061
arm_1_left_finger,391.408000,0.280441,0.476130,0.117826,0.707090,-0.707124,-0.000048,-0.000021
arm_1_left_finger,391.427000,0.280397,0.476075,0.116805,0.707089,-0.707125,-0.000024,-0.000040
arm_1_left_finger,391.442000,0.280362,0.476032,0.116023,0.707088,-0.707125,-0.000021,-0.000040
arm_1_left_finger,391.459000,0.280323,0.475984,0.115160,0.707088,-0.707126,-0.000014,-0.000043
arm_1_left_finger,391.476000,0.280284,0.475935,0.114323,0.707087,-0.707126,-0.000010,-0.000044
arm_1_left_finger,391.492000,0.280247,0.475890,0.113560,0.707087,-0.707127,-0.000046,-0.000004
arm_1_left_finger,391.509000,0.280209,0.475843,0.112773,0.707086,-0.707127,-0.000029,-0.000018
arm_1_left_finger,391.526000,0.280172,0.475796,0.112012,0.707086,-0.707128,-0.000019,-0.000025
arm_1_left_finger,391.542000,0.280137,0.475752,0.111320,0.707086,-0.707128,-0.000014,-0.000027
arm_1_left_finger,391.558000,0.280103,0.475709,0.110650,0.707085,-0.707128,-0.000010,-0.000028
arm_1_left_finger,391.574000,0.280069,0.475667,0.110003,0.707085,-0.707129,-0.000007,-0.000027
arm_1_left_finger,391.591000,0.280034,0.475623,0.109340,0.707084,-0.707129,-0.000037,0.000005
arm_1_left_finger,391.608000,0.280000,0.475580,0.108703,0.707084,-0.707130,-0.000023,-0.000006
arm_1_left_finger,391.625000,0.279967,0.475538,0.108092,0.707084,-0.707130,-0.000014,-0.000013
arm_1_left_finger,391.642000,0.279934,0.475498,0.107506,0.707083,-0.707130,-0.000008,-0.000016
arm_1_left_finger,391.659000,0.279903,0.475458,0.106945,0.707083,-0.707131,-0.000043,0.000021
arm_1_left_finger,391.676000,0.279873,0.475420,0.106411,0.707082,-0.707131,-0.000025,0.000006
arm_1_left_finger,391.693000,0.279844,0.475384,0.105901,0.707082,-0.707131,-0.000014,-0.000003
arm_1_left_finger,391.710000,0.279816,0.475348,0.105417,0.707082,-0.707132,-0.000008,-0.000007
arm_1_left_finger,391.727000,0.279789,0.475315,0.104958,0.707082,-0.707132,-0.000004,-0.000009
arm_1_left_finger,391.744000,0.279764,0.475282,0.104526,0.707081,-0.707132,-0.000031,0.000020
arm_1_left_finger,391.761000,0.279739,0.475252,0.104118,0.707081,-0.707132,-0.000018,0.000009
arm_1_left_finger,391.778000,0.279716,0.475223,0.103736,0.707081,-0.707133,-0.000008,0.000000
arm_1_left_finger,391.794000,0.279696,0.475197,0.103399,0.707081,-0.707133,-0.000004,-0.000003
arm_1_left_finger,391.810000,0.279677,0.475173,0.103085,0.707080,-0.707133,-0.000029,0.000024
arm_1_left_finger,391.824000,0.279661,0.475153,0.102829,0.707080,-0.707133,-0.000024,0.000020
arm_1_left_finger,391.840000,0.279645,0.475132,0.102557,0.707080,-0.707133,-0.000013,0.000011
arm_1_left_finger,391.857000,0.279628,0.475111,0.102294,0.707080,-0.707134,-0.000006,0.000004
arm_1_left_finger,391.872000,0.279615,0.475094,0.102081,0.707080,-0.707134,-0.000003,0.000002
arm_1_left_finger,391.889000,0.279602,0.475077,0.101864,0.707080,-0.707134,-0.000023,0.000024
arm_1_left_finger,391.906000,0.279592,0.475062,0.101671,0.707080,-0.707134,0.000005,-0.000004
arm_1_left_finger,391.922000,0.279581,0.475050,0.101514,0.707079,-0.707134,0.000002,-0.000001
arm_1_left_finger,391.939000,0.279572,0.475038,0.101372,0.707079,-0.707134,0.000002,-0.000000
arm_1_left_finger,391.955000,0.279565,0.475029,0.101262,0.707079,-0.707134,0.000003,0.000000
arm_1_left_finger,391.969000,0.279560,0.475023,0.101184,0.707079,-0.707134,0.000003,0.000000
arm_1_left_finger,391.981000,0.279556,0.475019,0.101129,0.707079,-0.707134,-0.000017,0.000020
arm_1_left_finger,391.995000,0.279561,0.475014,0.101070,0.707079,-0.707134,0.000067,-0.000063
arm_1_left_finger,392.007000,0.279636,0.475011,0.100968,0.707079,-0.707134,0.000358,-0.000354
arm_1_left_finger,392.023000,0.279848,0.475008,0.100750,0.707079,-0.707134,0.000790,-0.000786
arm_1_left_finger,392.040000,0.280178,0.475006,0.100444,0.707078,-0.707134,0.001132,-0.001128
arm_1_left_finger,392.057000,0.280595,0.475004,0.100081,0.707078,-0.707133,0.001393,-0.001389
arm_1_left_finger,392.074000,0.281083,0.475002,0.099675,0.707077,-0.707133,0.001599,-0.001595
arm_1_left_finger,392.091000,0.281623,0.475001,0.099242,0.707077,-0.707132,0.001746,-0.001741
arm_1_left_finger,392.108000,0.282210,0.475000,0.098789,0.707077,-0.707132,0.001870,-0.001865
arm_1_left_finger,392.125000,0.282831,0.474999,0.098325,0.707076,-0.707132,0.001957,-0.001952
arm_1_left_finger,392.142000,0.283482,0.474999,0.097856,0.707076,-0.707132,0.002027,-0.002023
arm_1_left_finger,392.159000,0.284158,0.474998,0.097386,0.707076,-0.707131,0.002079,-0.002075
arm_1_left_finger,392.176000,0.284854,0.474998,0.096918,0.707076,-0.707131,0.002119,-0.002114
arm_1_left_finger,392.194000,0.285611,0.474998,0.096428,0.707076,-0.707131,0.002151,-0.002147
arm_1_left_finger,392.211000,0.286341,0.474997,0.095972,0.707076,-0.707131,0.002174,-0.002170
arm_1_left_finger,392.228000,0.287085,0.474997,0.095524,0.707076,-0.707131,0.002192,-0.002187
arm_1_left_finger,392.245000,0.287840,0.474997,0.095086,0.707076,-0.707131,0.002205,-0.002200
arm_1_left_finger,392.262000,0.288606,0.474997,0.094658,0.707076,-0.707131,0.002216,-0.002211
arm_1_left_finger,392.278000,0.289336,0.474997,0.094265,0.707076,-0.707131,0.002223,-0.002218
arm_1_left_finger,392.293000,0.290027,0.474997,0.093906,0.707076,-0.707131,0.002228,-0.002224
arm_1_left_finger,392.309000,0.290771,0.474997,0.093534,0.707076,-0.707131,0.002233,-0.002228
arm_1_left_finger,392.325000,0.291522,0.474997,0.093172,0.707076,-0.707131,0.002237,-0.002232
arm_1_left_finger,392.342000,0.292326,0.474996,0.092800,0.707075,-0.707131,0.002239,-0.002235
arm_1_left_finger,392.359000,0.293138,0.474996,0.092440,0.707075,-0.707131,0.002242,-0.002237
arm_1_left_finger,392.376000,0.293956,0.474996,0.092093,0.707075,-0.707131,0.002243,-0.002239
arm_1_left_finger,392.393000,0.294779,0.474996,0.091760,0.707075,-0.707131,0.002245,-0.002240
arm_1_left_finger,392.410000,0.295609,0.474996,0.091439,0.707075,-0.707131,0.002246,-0.002241
arm_1_left_finger,392.427000,0.296444,0.474996,0.091132,0.707075,-0.707131,0.002246,-0.002242
arm_1_left_finger,392.444000,0.297284,0.474996,0.090839,0.707075,-0.707131,0.002247,-0.002242
arm_1_left_finger,392.461000,0.298128,0.474996,0.090559,0.707075,-0.707131,0.002247,-0.002243
arm_1_left_finger,392.468000,0.298475,0.474996,0.090448,0.707076,-0.707131,0.002236,-0.002231
arm_1_left_finger,392.480000,0.298994,0.474996,0.090288,0.707076,-0.707132,0.001935,-0.001930
arm_1_left_finger,392.489000,0.299106,0.475090,0.090388,0.707079,-0.707134,0.000569,-0.000744
arm_1_left_finger,392.496000,0.299151,0.475108,0.090399,0.707079,-0.707134,0.000311,-0.000518
arm_1_left_finger,392.503000,0.299174,0.475122,0.090412,0.707079,-0.707134,0.000141,-0.000375
arm_1_left_finger,392.508000,0.299190,0.475128,0.090414,0.707079,-0.707134,0.000106,-0.000350
arm_1_left_finger,392.518000,0.299227,0.475136,0.090414,0.707079,-0.707134,0.000111,-0.000369
arm_1_left_finger,392.528000,0.299250,0.475145,0.090418,0.707079,-0.707134,0.000047,-0.000321
arm_1_left_finger,392.539000,0.299257,0.475147,0.090419,0.707079,-0.707134,-0.000004,-0.000273
arm_1_left_finger,392.550000,0.299257,0.475149,0.090421,0.707079,-0.707134,-0.000039,-0.000242
arm_1_left_finger,392.561000,0.299249,0.475149,0.090423,0.707079,-0.707134,-0.000062,-0.000219
arm_1_left_finger,392.571000,0.299239,0.475147,0.090424,0.707079,-0.707134,-0.000072,-0.000206
arm_1_left_finger,392.581000,0.299228,0.475145,0.090424,0.707079,-0.707134,-0.000073,-0.000201
arm_1_left_finger,392.592000,0.299234,0.475142,0.090418,0.707079,-0.707134,0.000031,-0.000299
arm_1_left_finger,392.602000,0.299237,0.475143,0.090418,0.707079,-0.707134,-0.000014,-0.000256
arm_1_left_finger,392.613000,0.299233,0.475144,0.090421,0.707079,-0.707134,-0.000048,-0.000223
arm_1_left_finger,392.624000,0.299224,0.475144,0.090423,0.707079,-0.707134,-0.000067,-0.000204
arm_1_left_finger,392.635000,0.299214,0.475142,0.090424,0.707079,-0.707134,-0.000070,-0.000198
arm_1_left_finger,392.645000,0.299205,0.475141,0.090424,0.707079,-0.707134,-0.000067,-0.000198
arm_1_left_finger,392.654000,0.299213,0.475138,0.090418,0.707079,-0.707134,0.000035,-0.000296
arm_1_left_finger,392.662000,0.299246,0.475141,0.090412,0.707079,-0.707134,0.000121,-0.000385
arm_1_left_finger,392.671000,0.299264,0.475150,0.090420,0.707079,-0.707134,0.000015,-0.000296
arm_1_left_finger,392.681000,0.299264,0.475154,0.090425,0.707079,-0.707134,-0.000037,-0.000251
arm_1_left_finger,392.691000,0.299273,0.475153,0.090422,0.707079,-0.707134,-0.000022,-0.000265
arm_1_left_finger,392.701000,0.299263,0.475154,0.090426,0.707079,-0.707134,-0.000072,-0.000218
arm_1_left_finger,392.711000,0.299251,0.475153,0.090428,0.707079,-0.707134,-0.000081,-0.000206
arm_1_left_finger,392.721000,0.299238,0.475151,0.090429,0.707079,-0.707134,-0.000084,-0.000201
arm_1_left_finger,392.731000,0.299226,0.475149,0.090430,0.707079,-0.707134,-0.000082,-0.000199
arm_1_left_finger,392.740000,0.299229,0.475145,0.090423,0.707079,-0.707134,0.000025,-0.000296
arm_1_left_finger,392.750000,0.299224,0.475148,0.090429,0.707079,-0.707134,-0.000045,-0.000233
arm_1_left_finger,392.756000,0.299220,0.475148,0.090430,0.707079,-0.707134,-0.000058,-0.000219
arm_1_left_finger,392.765000,0.299212,0.475147,0.090431,0.707079,-0.707134,-0.000066,-0.000210
arm_1_left_finger,392.775000,0.299203,0.475146,0.090432,0.707079,-0.707134,-0.000068,-0.000206
arm_1_left_finger,392.785000,0.299215,0.475147,0.090430,0.707079,-0.707134,-0.000021,-0.000254
arm_1_left_finger,392.794000,0.299206,0.475147,0.090433,0.707079,-0.707134,-0.000065,-0.000211
arm_1_left_finger,392.804000,0.299213,0.475147,0.090431,0.707079,-0.707134,-0.000031,-0.000244
arm_1_left_finger,392.813000,0.299205,0.475147,0.090434,0.707079,-0.707134,-0.000062,-0.000213
arm_1_left_finger,392.823000,0.299212,0.475147,0.090431,0.707079,-0.707134,-0.000020,-0.000254
arm_1_left_finger,392.833000,0.299207,0.475147,0.090433,0.707079,-0.707134,-0.000052,-0.000224
arm_1_left_finger,392.843000,0.299220,0.475148,0.090431,0.707079,-0.707134,-0.000014,-0.000263
arm_1_left_finger,392.853000,0.299215,0.475149,0.090434,0.707079,-0.707134,-0.000052,-0.000227
arm_1_left_finger,392.863000,0.299206,0.475148,0.090435,0.707079,-0.707134,-0.000068,-0.000210
arm_1_left_finger,392.873000,0.299210,0.475144,0.090429,0.707079,-0.707134,0.000025,-0.000294
arm_1_left_finger,392.883000,0.299230,0.475149,0.090429,0.707079,-0.707134,0.000021,-0.000298
arm_1_left_finger,392.893000,0.299230,0.475152,0.090433,0.707079,-0.707134,-0.000035,-0.000248
arm_1_left_finger,392.903000,0.299223,0.475151,0.090434,0.707079,-0.707134,-0.000061,-0.000222
arm_1_left_finger,392.911000,0.299215,0.475150,0.090435,0.707079,-0.707134,-0.000071,-0.000210
arm_1_left_finger,392.920000,0.299204,0.475149,0.090436,0.707079,-0.707134,-0.000077,-0.000201
arm_1_left_finger,392.930000,0.299237,0.475149,0.090428,0.707079,-0.707134,0.000041,-0.000318
arm_1_left_finger,392.939000,0.299259,0.475152,0.090426,0.707079,-0.707134,0.000066,-0.000349
arm_1_left_finger,392.949000,0.299266,0.475158,0.090431,0.707079,-0.707134,-0.000008,-0.000287
arm_1_left_finger,392.958000,0.299283,0.475159,0.090428,0.707079,-0.707134,0.000032,-0.000329
arm_1_left_finger,392.968000,0.299306,0.475163,0.090427,0.707079,-0.707134,0.000041,-0.000345
arm_1_left_finger,392.978000,0.299310,0.475168,0.090432,0.707079,-0.707134,-0.000023,-0.000291
arm_1_left_finger,392.987000,0.299330,0.475171,0.090430,0.707079,-0.707134,0.000003,-0.000322
arm_1_left_finger,392.997000,0.299345,0.475172,0.090427,0.707079,-0.707134,0.000040,-0.000361
arm_1_left_finger,393.007000,0.299368,0.475177,0.090427,0.707079,-0.707134,0.000041,-0.000371
arm_1_left_finger,393.017000,0.299373,0.475182,0.090432,0.707079,-0.707134,-0.000024,-0.000316
arm_1_left_finger,393.027000,0.299368,0.475183,0.090435,0.707079,-0.707134,-0.000062,-0.000281
arm_1_left_finger,393.037000,0.299384,0.475178,0.090423,0.707079,-0.707134,0.000091,-0.000425
arm_1_left_finger,393.047000,0.299395,0.475186,0.090431,0.707079,-0.707134,-0.000010,-0.000339
arm_1_left_finger,393.058000,0.299392,0.475189,0.090435,0.707079,-0.707134,-0.000057,-0.000297
arm_1_left_finger,393.068000,0.299381,0.475188,0.090437,0.707079,-0.707134,-0.000087,-0.000266
arm_1_left_finger,393.078000,0.299365,0.475186,0.090438,0.707079,-0.707134,-0.000102,-0.000247
arm_1_left_finger,393.088000,0.299348,0.475182,0.090439,0.707079,-0.707134,-0.000106,-0.000237
arm_1_left_finger,393.098000,0.299331,0.475179,0.090439,0.707079,-0.707134,-0.000106,-0.000231
arm_1_left_finger,393.108000,0.299315,0.475176,0.090439,0.707079,-0.707134,-0.000103,-0.000228
arm_1_left_finger,393.118000,0.299321,0.475172,0.090433,0.707079,-0.707134,-0.000000,-0.000323
arm_1_left_finger,393.128000,0.299318,0.475174,0.090436,0.707079,-0.707134,-0.000051,-0.000277
arm_1_left_finger,393.138000,0.299308,0.475173,0.090438,0.707079,-0.707134,-0.000079,-0.000247
arm_1_left_finger,393.148000,0.299320,0.475174,0.090435,0.707079,-0.707134,-0.000034,-0.000292
arm_1_left_finger,393.158000,0.299332,0.475174,0.090432,0.707079,-0.707134,0.000008,-0.000334
arm_1_left_finger,393.168000,0.299332,0.475177,0.090436,0.707079,-0.707134,-0.000043,-0.000288
arm_1_left_finger,393.177000,0.299324,0.475177,0.090438,0.707079,-0.707134,-0.000072,-0.000260
arm_1_left_finger,393.186000,0.299365,0.475172,0.090421,0.707079,-0.707134,0.000140,-0.000463
arm_1_left_finger,393.194000,0.299392,0.475179,0.090422,0.707079,-0.707134,0.000122,-0.000457
arm_1_left_finger,393.203000,0.299407,0.475188,0.090430,0.707079,-0.707134,0.000019,-0.000372
arm_1_left_finger,393.212000,0.299426,0.475191,0.090429,0.707079,-0.707134,0.000033,-0.000392
arm_1_left_finger,393.218000,0.299430,0.475195,0.090432,0.707079,-0.707134,-0.000010,-0.000356
arm_1_left_finger,393.226000,0.299429,0.475197,0.090435,0.707079,-0.707134,-0.000047,-0.000322
arm_1_left_finger,393.236000,0.299420,0.475197,0.090438,0.707079,-0.707134,-0.000080,-0.000290
arm_1_left_finger,393.246000,0.299405,0.475195,0.090440,0.707079,-0.707134,-0.000107,-0.000260
arm_1_left_finger,393.256000,0.299387,0.475192,0.090441,0.707079,-0.707134,-0.000113,-0.000248
arm_1_left_finger,393.265000,0.299389,0.475191,0.090439,0.707079,-0.707134,-0.000013,-0.000346
arm_1_left_finger,393.274000,0.299386,0.475192,0.090442,0.707079,-0.707134,-0.000054,-0.000307
arm_1_left_finger,393.284000,0.299375,0.475193,0.090450,0.707079,-0.707134,-0.000093,-0.000270
arm_1_left_finger,393.294000,0.299397,0.475195,0.090451,0.707079,-0.707134,0.000070,-0.000435
arm_1_left_finger,393.304000,0.299421,0.475197,0.090456,0.707079,-0.707134,0.000056,-0.000423
arm_1_left_finger,393.312000,0.299436,0.475198,0.090463,0.707079,-0.707134,0.000063,-0.000429
arm_1_left_finger,393.322000,0.299439,0.475200,0.090481,0.707079,-0.707134,-0.000023,-0.000343
arm_1_left_finger,393.332000,0.299434,0.475203,0.090507,0.707079,-0.707134,-0.000069,-0.000298
arm_1_left_finger,393.342000,0.299444,0.475206,0.090534,0.707079,-0.707134,-0.000012,-0.000355
arm_1_left_finger,393.352000,0.299442,0.475209,0.090571,0.707079,-0.707134,-0.000060,-0.000307
arm_1_left_finger,393.363000,0.299432,0.475214,0.090623,0.707079,-0.707134,-0.000099,-0.000268
arm_1_left_finger,393.373000,0.299419,0.475219,0.090678,0.707079,-0.707134,-0.000114,-0.000253
arm_1_left_finger,393.383000,0.299427,0.475225,0.090734,0.707079,-0.707134,-0.000024,-0.000343
arm_1_left_finger,393.394000,0.299425,0.475232,0.090808,0.707079,-0.707134,-0.000073,-0.000294
arm_1_left_finger,393.404000,0.299417,0.475239,0.090885,0.707079,-0.707134,-0.000098,-0.000268
arm_1_left_finger,393.415000,0.299407,0.475248,0.090979,0.707079,-0.707134,-0.000109,-0.000257
arm_1_left_finger,393.425000,0.299424,0.475257,0.091065,0.707079,-0.707134,-0.000022,-0.000344
arm_1_left_finger,393.436000,0.299424,0.475267,0.091174,0.707080,-0.707134,-0.000070,-0.000296
arm_1_left_finger,393.446000,0.299420,0.475278,0.091284,0.707080,-0.707134,-0.000093,-0.000273
arm_1_left_finger,393.456000,0.299415,0.475289,0.091402,0.707080,-0.707134,-0.000102,-0.000263
arm_1_left_finger,393.466000,0.299431,0.475301,0.091522,0.707080,-0.707134,0.000004,-0.000369
arm_1_left_finger,393.477000,0.299439,0.475314,0.091667,0.707080,-0.707134,-0.000051,-0.000314
arm_1_left_finger,393.488000,0.299440,0.475329,0.091824,0.707080,-0.707134,-0.000082,-0.000282
arm_1_left_finger,393.498000,0.299467,0.475344,0.091967,0.707080,-0.707134,-0.000010,-0.000354
arm_1_left_finger,393.508000,0.299492,0.475359,0.092121,0.707080,-0.707133,0.000053,-0.000415
arm_1_left_finger,393.519000,0.299511,0.475376,0.092301,0.707080,-0.707133,-0.000014,-0.000348
arm_1_left_finger,393.530000,0.299519,0.475395,0.092496,0.707080,-0.707133,-0.000063,-0.000298
arm_1_left_finger,393.541000,0.299521,0.475414,0.092703,0.707080,-0.707133,-0.000092,-0.000269
arm_1_left_finger,393.551000,0.299521,0.475432,0.092900,0.707080,-0.707133,-0.000102,-0.000259
arm_1_left_finger,393.561000,0.299521,0.475451,0.093106,0.707081,-0.707133,-0.000105,-0.000255
arm_1_left_finger,393.570000,0.299521,0.475469,0.093299,0.707081,-0.707133,-0.000106,-0.000254
arm_1_left_finger,393.580000,0.299523,0.475490,0.093521,0.707081,-0.707133,-0.000104,-0.000255
arm_1_left_finger,393.590000,0.299525,0.475511,0.093751,0.707081,-0.707133,-0.000102,-0.000256
arm_1_left_finger,393.600000,0.299529,0.475533,0.093990,0.707081,-0.707132,-0.000099,-0.000258
arm_1_left_finger,393.609000,0.299559,0.475553,0.094204,0.707081,-0.707132,0.000007,-0.000363
arm_1_left_finger,393.619000,0.299575,0.475576,0.094456,0.707081,-0.707132,-0.000043,-0.000313
arm_1_left_finger,393.629000,0.299585,0.475600,0.094718,0.707081,-0.707132,-0.000070,-0.000285
arm_1_left_finger,393.638000,0.299593,0.475622,0.094961,0.707082,-0.707132,-0.000081,-0.000273
arm_1_left_finger,393.647000,0.299601,0.475645,0.095212,0.707082,-0.707132,-0.000085,-0.000268
arm_1_left_finger,393.657000,0.299611,0.475670,0.095498,0.707082,-0.707132,-0.000081,-0.000272
arm_1_left_finger,393.667000,0.299623,0.475697,0.095792,0.707082,-0.707132,-0.000076,-0.000276
arm_1_left_finger,393.677000,0.299637,0.475723,0.096095,0.707082,-0.707131,-0.000070,-0.000281
arm_1_left_finger,393.688000,0.299654,0.475754,0.096438,0.707082,-0.707131,-0.000064,-0.000285
arm_1_left_finger,393.699000,0.299672,0.475785,0.096790,0.707082,-0.707131,-0.000061,-0.000288
arm_1_left_finger,393.709000,0.299709,0.475813,0.097114,0.707083,-0.707131,0.000069,-0.000416
arm_1_left_finger,393.719000,0.299743,0.475843,0.097447,0.707083,-0.707131,0.000019,-0.000365
arm_1_left_finger,393.730000,0.299770,0.475876,0.097827,0.707083,-0.707130,-0.000024,-0.000320
arm_1_left_finger,393.741000,0.299792,0.475909,0.098219,0.707083,-0.707130,-0.000049,-0.000294
arm_1_left_finger,393.751000,0.299811,0.475940,0.098584,0.707083,-0.707130,-0.000058,-0.000285
arm_1_left_finger,393.761000,0.299830,0.475972,0.098959,0.707084,-0.707130,-0.000058,-0.000283
arm_1_left_finger,393.771000,0.299875,0.476004,0.099333,0.707084,-0.707130,0.000043,-0.000382
arm_1_left_finger,393.782000,0.299908,0.476040,0.099762,0.707084,-0.707129,-0.000010,-0.000328
arm_1_left_finger,393.793000,0.299932,0.476076,0.100203,0.707084,-0.707129,-0.000046,-0.000291
arm_1_left_finger,393.803000,0.299952,0.476110,0.100614,0.707085,-0.707129,-0.000057,-0.000278
arm_1_left_finger,393.812000,0.299970,0.476140,0.100991,0.707085,-0.707129,-0.000061,-0.000273
arm_1_left_finger,393.821000,0.300014,0.476171,0.101367,0.707085,-0.707129,0.000030,-0.000363
arm_1_left_finger,393.831000,0.300043,0.476206,0.101800,0.707085,-0.707128,-0.000019,-0.000313
arm_1_left_finger,393.841000,0.300065,0.476240,0.102243,0.707085,-0.707128,-0.000050,-0.000280
arm_1_left_finger,393.851000,0.300085,0.476276,0.102696,0.707086,-0.707128,-0.000060,-0.000268
arm_1_left_finger,393.861000,0.300106,0.476311,0.103157,0.707086,-0.707128,-0.000064,-0.000263
arm_1_left_finger,393.871000,0.300127,0.476347,0.103628,0.707086,-0.707127,-0.000063,-0.000262
arm_1_left_finger,393.881000,0.300165,0.476384,0.104101,0.707086,-0.707127,0.000054,-0.000378
arm_1_left_finger,393.891000,0.300198,0.476420,0.104585,0.707087,-0.707127,-0.000006,-0.000316
arm_1_left_finger,393.901000,0.300221,0.476457,0.105081,0.707087,-0.707127,-0.000048,-0.000273
arm_1_left_finger,393.911000,0.300243,0.476494,0.105585,0.707087,-0.707126,-0.000058,-0.000261
arm_1_left_finger,393.921000,0.300265,0.476531,0.106099,0.707087,-0.707126,-0.000061,-0.000257
arm_1_left_finger,393.931000,0.300287,0.476568,0.106621,0.707088,-0.707126,-0.000061,-0.000255
arm_1_left_finger,393.940000,0.300307,0.476602,0.107098,0.707088,-0.707126,-0.000060,-0.000255
arm_1_left_finger,393.950000,0.300331,0.476640,0.107637,0.707088,-0.707125,-0.000058,-0.000255
arm_1_left_finger,393.960000,0.300354,0.476677,0.108183,0.707089,-0.707125,-0.000056,-0.000255
arm_1_left_finger,393.970000,0.300378,0.476715,0.108740,0.707089,-0.707125,-0.000054,-0.000255
arm_1_left_finger,393.980000,0.300402,0.476753,0.109304,0.707089,-0.707124,-0.000052,-0.000255
arm_1_left_finger,393.990000,0.300427,0.476791,0.109877,0.707089,-0.707124,-0.000050,-0.000255
arm_1_left_finger,394.000000,0.300452,0.476829,0.110459,0.707090,-0.707124,-0.000049,-0.000255
arm_1_left_finger,394.010000,0.300477,0.476867,0.111049,0.707090,-0.707123,-0.000047,-0.000254
arm_1_left_finger,394.020000,0.300503,0.476905,0.111648,0.707090,-0.707123,-0.000046,-0.000254
arm_1_left_finger,394.030000,0.300529,0.476943,0.112256,0.707091,-0.707123,-0.000044,-0.000253
arm_1_left_finger,394.040000,0.300555,0.476980,0.112873,0.707091,-0.707122,-0.000043,-0.000252
arm_1_left_finger,394.049000,0.300578,0.477014,0.113435,0.707091,-0.707122,-0.000042,-0.000251
arm_1_left_finger,394.059000,0.300625,0.477052,0.114061,0.707092,-0.707122,0.000068,-0.000359
arm_1_left_finger,394.070000,0.300659,0.477093,0.114766,0.707092,-0.707121,-0.000012,-0.000277
arm_1_left_finger,394.081000,0.300715,0.477133,0.115475,0.707092,-0.707121,0.000032,-0.000318
arm_1_left_finger,394.091000,0.300739,0.477170,0.116137,0.707093,-0.707121,-0.000030,-0.000254
arm_1_left_finger,394.102000,0.300766,0.477211,0.116875,0.707093,-0.707120,-0.000044,-0.000238
arm_1_left_finger,394.112000,0.300807,0.477247,0.117550,0.707093,-0.707120,0.000060,-0.000339
arm_1_left_finger,394.123000,0.300838,0.477286,0.118307,0.707094,-0.707120,-0.000018,-0.000259
arm_1_left_finger,394.134000,0.300863,0.477326,0.119076,0.707094,-0.707119,-0.000043,-0.000232
arm_1_left_finger,394.145000,0.300887,0.477364,0.119857,0.707095,-0.707119,-0.000048,-0.000224
arm_1_left_finger,394.156000,0.300911,0.477403,0.120647,0.707095,-0.707118,-0.000049,-0.000220
arm_1_left_finger,394.167000,0.300934,0.477440,0.121449,0.707096,-0.707118,-0.000048,-0.000219
arm_1_left_finger,394.178000,0.300957,0.477477,0.122261,0.707096,-0.707118,-0.000047,-0.000218
arm_1_left_finger,394.189000,0.300981,0.477514,0.123084,0.707096,-0.707117,-0.000045,-0.000217
arm_1_left_finger,394.199000,0.301001,0.477546,0.123841,0.707097,-0.707117,-0.000043,-0.000216
arm_1_left_finger,394.210000,0.301024,0.477581,0.124685,0.707097,-0.707116,-0.000041,-0.000215
arm_1_left_finger,394.221000,0.301047,0.477616,0.125539,0.707098,-0.707116,-0.000040,-0.000214
arm_1_left_finger,394.232000,0.301069,0.477649,0.126403,0.707098,-0.707115,-0.000038,-0.000213
arm_1_left_finger,394.243000,0.301091,0.477682,0.127279,0.707099,-0.707115,-0.000037,-0.000211
arm_1_left_finger,394.251000,0.301107,0.477705,0.127922,0.707099,-0.707115,-0.000036,-0.000210
arm_1_left_finger,394.260000,0.301124,0.477731,0.128652,0.707099,-0.707114,-0.000035,-0.000209
arm_1_left_finger,394.269000,0.301141,0.477756,0.129390,0.707100,-0.707114,-0.000034,-0.000207
arm_1_left_finger,394.278000,0.301157,0.477780,0.130135,0.707100,-0.707113,-0.000033,-0.000206
arm_1_left_finger,394.287000,0.301173,0.477804,0.130887,0.707101,-0.707113,-0.000032,-0.000204
arm_1_left_finger,394.294000,0.301186,0.477821,0.131477,0.707101,-0.707113,-0.000032,-0.000203
arm_1_left_finger,394.303000,0.301221,0.477843,0.132235,0.707101,-0.707112,0.000072,-0.000304
arm_1_left_finger,394.312000,0.301241,0.477865,0.133006,0.707102,-0.707112,0.000006,-0.000236
arm_1_left_finger,394.320000,0.301254,0.477883,0.133699,0.707102,-0.707112,-0.000019,-0.000208
arm_1_left_finger,394.330000,0.301268,0.477905,0.134572,0.707102,-0.707111,-0.000029,-0.000195
arm_1_left_finger,394.339000,0.301304,0.477924,0.135359,0.707103,-0.707111,0.000041,-0.000263
arm_1_left_finger,394.348000,0.301331,0.477942,0.136156,0.707103,-0.707110,0.000089,-0.000307
arm_1_left_finger,394.358000,0.301351,0.477961,0.137052,0.707104,-0.707110,0.000009,-0.000225
arm_1_left_finger,394.369000,0.301361,0.477981,0.138053,0.707104,-0.707109,-0.000034,-0.000179
arm_1_left_finger,394.380000,0.301370,0.477999,0.139063,0.707105,-0.707109,-0.000041,-0.000169
arm_1_left_finger,394.391000,0.301377,0.478016,0.140086,0.707105,-0.707108,-0.000042,-0.000164
arm_1_left_finger,394.401000,0.301383,0.478029,0.141026,0.707106,-0.707108,-0.000041,-0.000162
arm_1_left_finger,394.412000,0.301409,0.478043,0.142064,0.707106,-0.707107,0.000035,-0.000234
arm_1_left_finger,394.423000,0.301414,0.478055,0.143119,0.707107,-0.707107,-0.000026,-0.000170
arm_1_left_finger,394.434000,0.301417,0.478065,0.144184,0.707107,-0.707106,-0.000036,-0.000157
arm_1_left_finger,394.444000,0.301419,0.478073,0.145159,0.707108,-0.707106,-0.000038,-0.000152
arm_1_left_finger,394.454000,0.301419,0.478079,0.146140,0.707109,-0.707105,-0.000038,-0.000149
arm_1_left_finger,394.464000,0.301418,0.478083,0.147124,0.707109,-0.707105,-0.000037,-0.000147
arm_1_left_finger,394.473000,0.301417,0.478086,0.148011,0.707109,-0.707104,-0.000035,-0.000145
arm_1_left_finger,394.482000,0.301415,0.478088,0.148899,0.707110,-0.707104,-0.000034,-0.000144
arm_1_left_finger,394.492000,0.301412,0.478088,0.149885,0.707110,-0.707103,-0.000032,-0.000142
arm_1_left_finger,394.502000,0.301408,0.478086,0.150869,0.707111,-0.707103,-0.000031,-0.000141
arm_1_left_finger,394.513000,0.301402,0.478083,0.151948,0.707112,-0.707102,-0.000029,-0.000139
arm_1_left_finger,394.524000,0.301396,0.478077,0.153023,0.707112,-0.707101,-0.000028,-0.000137
arm_1_left_finger,394.533000,0.301389,0.478072,0.153898,0.707113,-0.707101,-0.000026,-0.000135
arm_1_left_finger,394.542000,0.301382,0.478065,0.154769,0.707113,-0.707101,-0.000025,-0.000134
arm_1_left_finger,394.551000,0.301392,0.478056,0.155631,0.707113,-0.707100,0.000078,-0.000234
arm_1_left_finger,394.559000,0.301388,0.478048,0.156396,0.707114,-0.707100,0.000016,-0.000169
arm_1_left_finger,394.568000,0.301379,0.478038,0.157253,0.707114,-0.707099,-0.000015,-0.000136
arm_1_left_finger,394.576000,0.301369,0.478028,0.158011,0.707115,-0.707099,-0.000022,-0.000127
arm_1_left_finger,394.586000,0.301357,0.478014,0.158952,0.707115,-0.707098,-0.000024,-0.000121
arm_1_left_finger,394.595000,0.301344,0.478000,0.159793,0.707116,-0.707098,-0.000025,-0.000118
arm_1_left_finger,394.605000,0.301330,0.477983,0.160721,0.707116,-0.707097,-0.000024,-0.000115
arm_1_left_finger,394.613000,0.301338,0.477969,0.161451,0.707116,-0.707097,0.000048,-0.000185
arm_1_left_finger,394.623000,0.301322,0.477951,0.162365,0.707117,-0.707097,-0.000011,-0.000123
arm_1_left_finger,394.632000,0.301324,0.477933,0.163176,0.707117,-0.707096,0.000072,-0.000203
arm_1_left_finger,394.642000,0.301307,0.477912,0.164075,0.707118,-0.707096,-0.000005,-0.000123
arm_1_left_finger,394.652000,0.301287,0.477890,0.164967,0.707118,-0.707095,-0.000024,-0.000101
arm_1_left_finger,394.661000,0.301269,0.477869,0.165762,0.707119,-0.707095,-0.000027,-0.000096
arm_1_left_finger,394.671000,0.301247,0.477845,0.166638,0.707119,-0.707094,-0.000027,-0.000093
arm_1_left_finger,394.679000,0.301229,0.477825,0.167334,0.707120,-0.707094,-0.000027,-0.000091
arm_1_left_finger,394.689000,0.301207,0.477799,0.168195,0.707120,-0.707094,-0.000026,-0.000090
arm_1_left_finger,394.699000,0.301207,0.477772,0.169041,0.707120,-0.707093,0.000061,-0.000174
arm_1_left_finger,394.709000,0.301196,0.477744,0.169882,0.707121,-0.707093,0.000036,-0.000146
arm_1_left_finger,394.719000,0.301180,0.477716,0.170715,0.707121,-0.707092,0.000017,-0.000124
arm_1_left_finger,394.729000,0.301158,0.477686,0.171542,0.707122,-0.707092,-0.000011,-0.000094
arm_1_left_finger,394.738000,0.301133,0.477659,0.172281,0.707122,-0.707091,-0.000030,-0.000072
arm_1_left_finger,394.748000,0.301104,0.477628,0.173093,0.707123,-0.707091,-0.000033,-0.000067
arm_1_left_finger,394.758000,0.301075,0.477597,0.173897,0.707123,-0.707091,-0.000032,-0.000065
arm_1_left_finger,394.768000,0.301047,0.477564,0.174691,0.707123,-0.707090,-0.000029,-0.000065
arm_1_left_finger,394.778000,0.301018,0.477531,0.175478,0.707124,-0.707090,-0.000027,-0.000065
arm_1_left_finger,394.787000,0.301011,0.477501,0.176172,0.707124,-0.707089,0.000063,-0.000152
arm_1_left_finger,394.797000,0.300995,0.477467,0.176937,0.707125,-0.707089,0.000039,-0.000126
arm_1_left_finger,394.807000,0.300975,0.477432,0.177696,0.707125,-0.707089,0.000021,-0.000105
arm_1_left_finger,394.817000,0.300952,0.477397,0.178446,0.707125,-0.707088,0.000007,-0.000089
arm_1_left_finger,394.826000,0.300928,0.477365,0.179115,0.707126,-0.707088,-0.000003,-0.000077
arm_1_left_finger,394.837000,0.300889,0.477325,0.179926,0.707126,-0.707087,-0.000044,-0.000034
arm_1_left_finger,394.847000,0.300851,0.477288,0.180654,0.707126,-0.707087,-0.000051,-0.000024
arm_1_left_finger,394.858000,0.300810,0.477247,0.181445,0.707127,-0.707087,-0.000048,-0.000024
arm_1_left_finger,394.867000,0.300794,0.477214,0.182079,0.707127,-0.707086,-0.000007,-0.000063
arm_1_left_finger,394.877000,0.300761,0.477176,0.182780,0.707128,-0.707086,-0.000021,-0.000047
arm_1_left_finger,394.887000,0.300729,0.477138,0.183471,0.707128,-0.707086,-0.000023,-0.000043
arm_1_left_finger,394.897000,0.300697,0.477099,0.184154,0.707128,-0.707085,-0.000021,-0.000042
arm_1_left_finger,394.907000,0.300664,0.477061,0.184828,0.707129,-0.707085,-0.000020,-0.000042
arm_1_left_finger,394.917000,0.300633,0.477022,0.185493,0.707129,-0.707085,-0.000018,-0.000042
arm_1_left_finger,394.927000,0.300601,0.476983,0.186150,0.707129,-0.707084,-0.000017,-0.000041
arm_1_left_finger,394.937000,0.300569,0.476943,0.186797,0.707130,-0.707084,-0.000015,-0.000041
arm_1_left_finger,394.947000,0.300538,0.476904,0.187436,0.707130,-0.707084,-0.000014,-0.000040
arm_1_left_finger,394.957000,0.300506,0.476864,0.188066,0.707130,-0.707083,-0.000013,-0.000039
arm_1_left_finger,394.967000,0.300475,0.476825,0.188687,0.707131,-0.707083,-0.000011,-0.000038
arm_1_left_finger,394.978000,0.300441,0.476781,0.189360,0.707131,-0.707083,-0.000010,-0.000037
arm_1_left_finger,394.989000,0.300407,0.476738,0.190023,0.707131,-0.707082,-0.000009,-0.000036
arm_1_left_finger,395.000000,0.300373,0.476694,0.190674,0.707132,-0.707082,-0.000008,-0.000035
arm_1_left_finger,395.011000,0.300339,0.476650,0.191315,0.707132,-0.707082,-0.000007,-0.000034
arm_1_left_finger,395.022000,0.300334,0.476607,0.191937,0.707132,-0.707081,0.000069,-0.000108
arm_1_left_finger,395.033000,0.300313,0.476563,0.192553,0.707133,-0.707081,0.000046,-0.000083
arm_1_left_finger,395.044000,0.300281,0.476520,0.193162,0.707133,-0.707081,-0.000002,-0.000033
arm_1_left_finger,395.055000,0.300271,0.476476,0.193753,0.707133,-0.707080,0.000062,-0.000094
arm_1_left_finger,395.064000,0.300271,0.476441,0.194227,0.707133,-0.707080,0.000111,-0.000142
arm_1_left_finger,395.072000,0.300261,0.476410,0.194645,0.707134,-0.707080,0.000083,-0.000113
arm_1_left_finger,395.080000,0.300260,0.476379,0.195055,0.707134,-0.707080,0.000110,-0.000138
arm_1_left_finger,395.089000,0.300249,0.476344,0.195512,0.707134,-0.707079,0.000078,-0.000104
arm_1_left_finger,395.098000,0.300232,0.476310,0.195964,0.707134,-0.707079,0.000052,-0.000077
arm_1_left_finger,395.108000,0.300210,0.476272,0.196460,0.707135,-0.707079,0.000030,-0.000054
arm_1_left_finger,395.119000,0.300182,0.476230,0.196995,0.707135,-0.707079,0.000012,-0.000034
arm_1_left_finger,395.130000,0.300150,0.476189,0.197522,0.707135,-0.707078,-0.000001,-0.000019
arm_1_left_finger,395.141000,0.300117,0.476148,0.198038,0.707135,-0.707078,-0.000010,-0.000009
arm_1_left_finger,395.152000,0.300084,0.476107,0.198543,0.707136,-0.707078,-0.000018,0.000001
arm_1_left_finger,395.163000,0.300046,0.476067,0.199039,0.707136,-0.707078,-0.000032,0.000016
arm_1_left_finger,395.173000,0.300006,0.476032,0.199483,0.707136,-0.707077,-0.000051,0.000037
arm_1_left_finger,395.182000,0.299972,0.476000,0.199874,0.707136,-0.707077,-0.000051,0.000038
arm_1_left_finger,395.191000,0.299939,0.475968,0.200258,0.707137,-0.707077,-0.000048,0.000036
arm_1_left_finger,395.201000,0.299903,0.475933,0.200676,0.707137,-0.707077,-0.000043,0.000032
arm_1_left_finger,395.210000,0.299872,0.475902,0.201045,0.707137,-0.707077,-0.000039,0.000029
arm_1_left_finger,395.220000,0.299839,0.475868,0.201446,0.707137,-0.707076,-0.000035,0.000027
arm_1_left_finger,395.230000,0.299807,0.475835,0.201838,0.707137,-0.707076,-0.000031,0.000024
arm_1_left_finger,395.240000,0.299776,0.475802,0.202221,0.707138,-0.707076,-0.000028,0.000022
arm_1_left_finger,395.244000,0.299764,0.475789,0.202371,0.707138,-0.707076,-0.000026,0.000021
arm_1_left_finger,395.252000,0.299740,0.475764,0.202668,0.707138,-0.707076,-0.000024,0.000020
arm_1_left_finger,395.262000,0.299711,0.475732,0.203032,0.707138,-0.707075,-0.000021,0.000018
arm_1_left_finger,395.272000,0.299683,0.475701,0.203385,0.707138,-0.707075,-0.000019,0.000016
arm_1_left_finger,395.281000,0.299659,0.475673,0.203696,0.707138,-0.707075,-0.000017,0.000015
arm_1_left_finger,395.291000,0.299633,0.475643,0.204033,0.707139,-0.707075,-0.000015,0.000014
arm_1_left_finger,395.298000,0.299615,0.475623,0.204264,0.707139,-0.707075,-0.000013,0.000014
arm_1_left_finger,395.301000,0.299608,0.475614,0.204361,0.707139,-0.707075,-0.000013,0.000014
arm_1_left_finger,395.310000,0.299585,0.475588,0.204649,0.707139,-0.707075,-0.000011,0.000013
arm_1_left_finger,395.320000,0.299562,0.475560,0.204960,0.707139,-0.707074,-0.000010,0.000012
arm_1_left_finger,395.330000,0.299539,0.475532,0.205263,0.707139,-0.707074,-0.000008,0.000012
arm_1_left_finger,395.340000,0.299516,0.475506,0.205557,0.707139,-0.707074,-0.000007,0.000012
arm_1_left_finger,395.350000,0.299513,0.475479,0.205835,0.707140,-0.707074,0.000080,-0.000074
arm_1_left_finger,395.361000,0.299506,0.475451,0.206133,0.707140,-0.707074,0.000063,-0.000056
arm_1_left_finger,395.371000,0.299491,0.475426,0.206398,0.707140,-0.707074,0.000015,-0.000007
arm_1_left_finger,395.380000,0.299492,0.475405,0.206624,0.707140,-0.707074,0.000076,-0.000067
arm_1_left_finger,395.390000,0.299487,0.475381,0.206869,0.707140,-0.707073,0.000061,-0.000051
arm_1_left_finger,395.400000,0.299480,0.475359,0.207106,0.707140,-0.707073,0.000048,-0.000038
arm_1_left_finger,395.410000,0.299470,0.475337,0.207335,0.707140,-0.707073,0.000037,-0.000026
arm_1_left_finger,395.422000,0.299458,0.475311,0.207599,0.707140,-0.707073,0.000027,-0.000016
arm_1_left_finger,395.434000,0.299450,0.475287,0.207849,0.707141,-0.707073,0.000066,-0.000054
arm_1_left_finger,395.444000,0.299426,0.475268,0.208054,0.707141,-0.707073,-0.000019,0.000032
arm_1_left_finger,395.454000,0.299403,0.475249,0.208248,0.707141,-0.707073,-0.000033,0.000047
arm_1_left_finger,395.463000,0.299394,0.475233,0.208413,0.707141,-0.707073,-0.000011,0.000025
arm_1_left_finger,395.472000,0.299397,0.475218,0.208567,0.707141,-0.707073,0.000053,-0.000037
arm_1_left_finger,395.482000,0.299393,0.475202,0.208732,0.707141,-0.707073,0.000044,-0.000028
arm_1_left_finger,395.492000,0.299402,0.475186,0.208885,0.707141,-0.707072,0.000067,-0.000051
arm_1_left_finger,395.502000,0.299399,0.475171,0.209033,0.707141,-0.707072,0.000046,-0.000029
arm_1_left_finger,395.512000,0.299396,0.475158,0.209172,0.707141,-0.707072,0.000036,-0.000019
arm_1_left_finger,395.522000,0.299396,0.475145,0.209302,0.707141,-0.707072,0.000059,-0.000041
arm_1_left_finger,395.533000,0.299392,0.475131,0.209435,0.707141,-0.707072,0.000033,-0.000014
arm_1_left_finger,395.543000,0.299388,0.475120,0.209548,0.707141,-0.707072,0.000024,-0.000006
arm_1_left_finger,395.553000,0.299387,0.475110,0.209651,0.707142,-0.707072,0.000026,-0.000007
arm_1_left_finger,395.563000,0.299379,0.475100,0.209748,0.707142,-0.707072,0.000006,0.000013
arm_1_left_finger,395.573000,0.299372,0.475092,0.209836,0.707142,-0.707072,0.000002,0.000018
arm_1_left_finger,395.583000,0.299370,0.475084,0.209913,0.707142,-0.707072,0.000015,0.000005
arm_1_left_finger,395.594000,0.299361,0.475076,0.209991,0.707142,-0.707072,-0.000007,0.000027
arm_1_left_finger,395.605000,0.299352,0.475070,0.210058,0.707142,-0.707072,-0.000010,0.000030
arm_1_left_finger,395.616000,0.299346,0.475064,0.210114,0.707142,-0.707072,-0.000004,0.000024
arm_1_left_finger,395.627000,0.299341,0.475059,0.210161,0.707142,-0.707072,0.000000,0.000020
arm_1_left_finger,395.639000,0.299337,0.475055,0.210204,0.707142,-0.707072,0.000002,0.000018
arm_1_left_finger,395.649000,0.299326,0.475052,0.210236,0.707142,-0.707072,-0.000039,0.000059
arm_1_left_finger,395.659000,0.299310,0.475050,0.210266,0.707142,-0.707072,-0.000054,0.000075
arm_1_left_finger,395.669000,0.299295,0.475048,0.210291,0.707142,-0.707072,-0.000053,0.000073
arm_1_left_finger,395.680000,0.299281,0.475047,0.210303,0.707142,-0.707072,-0.000048,0.000068
arm_1_left_finger,395.691000,0.299295,0.475046,0.210293,0.707142,-0.707072,0.000023,-0.000002
arm_1_left_finger,395.702000,0.299296,0.475043,0.210288,0.707142,-0.707072,-0.000021,0.000042
arm_1_left_finger,395.712000,0.299294,0.475037,0.210287,0.707142,-0.707072,-0.000035,0.000057
arm_1_left_finger,395.721000,0.299296,0.475029,0.210286,0.707142,-0.707072,-0.000037,0.000058
arm_1_left_finger,395.731000,0.299303,0.475017,0.210286,0.707142,-0.707072,-0.000035,0.000056
arm_1_left_finger,395.741000,0.299318,0.475000,0.210285,0.707142,-0.707072,-0.000032,0.000053
arm_1_left_finger,395.751000,0.299339,0.474978,0.210285,0.707142,-0.707072,-0.000029,0.000050
arm_1_left_finger,395.761000,0.299367,0.474952,0.210285,0.707142,-0.707072,-0.000026,0.000047
arm_1_left_finger,395.771000,0.299417,0.474920,0.210280,0.707138,-0.707075,0.000058,-0.000037
arm_1_left_finger,395.781000,0.299477,0.474882,0.210275,0.707139,-0.707075,0.000054,-0.000033
arm_1_left_finger,395.791000,0.299545,0.474838,0.210270,0.707139,-0.707074,0.000050,-0.000029
arm_1_left_finger,395.801000,0.299619,0.474788,0.210266,0.707140,-0.707074,0.000045,-0.000024
arm_1_left_finger,395.811000,0.299700,0.474732,0.210262,0.707140,-0.707074,0.000037,-0.000016
arm_1_left_finger,395.823000,0.299810,0.474657,0.210257,0.707134,-0.707080,0.000057,-0.000036
arm_1_left_finger,395.833000,0.299891,0.474586,0.210258,0.707135,-0.707078,-0.000023,0.000044
arm_1_left_finger,395.843000,0.299981,0.474509,0.210260,0.707136,-0.707077,-0.000036,0.000057
arm_1_left_finger,395.853000,0.300101,0.474426,0.210255,0.707129,-0.707084,0.000017,0.000005
arm_1_left_finger,395.863000,0.300210,0.474335,0.210256,0.707131,-0.707083,-0.000025,0.000046
arm_1_left_finger,395.873000,0.300328,0.474237,0.210257,0.707133,-0.707081,-0.000031,0.000053
arm_1_left_finger,395.883000,0.300456,0.474132,0.210257,0.707134,-0.707080,-0.000030,0.000051
arm_1_left_finger,395.893000,0.300594,0.474021,0.210258,0.707135,-0.707079,-0.000028,0.000049
arm_1_left_finger,395.904000,0.300756,0.473890,0.210258,0.707136,-0.707077,-0.000025,0.000046
arm_1_left_finger,395.914000,0.300914,0.473764,0.210258,0.707137,-0.707077,-0.000022,0.000043
arm_1_left_finger,395.925000,0.301099,0.473616,0.210257,0.707138,-0.707076,-0.000019,0.000040
arm_1_left_finger,395.935000,0.301277,0.473475,0.210257,0.707138,-0.707075,-0.000017,0.000038
arm_1_left_finger,395.945000,0.301466,0.473327,0.210256,0.707139,-0.707075,-0.000015,0.000035
arm_1_left_finger,395.955000,0.301662,0.473171,0.210255,0.707139,-0.707074,-0.000013,0.000033
arm_1_left_finger,395.965000,0.301870,0.473008,0.210253,0.707140,-0.707074,-0.000011,0.000031
arm_1_left_finger,395.975000,0.302086,0.472838,0.210252,0.707140,-0.707074,-0.000011,0.000032
arm_1_left_finger,395.983000,0.302265,0.472697,0.210251,0.707140,-0.707073,-0.000011,0.000032
arm_1_left_finger,395.991000,0.302451,0.472551,0.210250,0.707140,-0.707073,-0.000011,0.000031
arm_1_left_finger,396.001000,0.302691,0.472362,0.210248,0.707140,-0.707073,-0.000009,0.000029
arm_1_left_finger,396.011000,0.302941,0.472166,0.210246,0.707141,-0.707073,-0.000008,0.000028
arm_1_left_finger,396.023000,0.303256,0.471920,0.210242,0.707141,-0.707073,0.000001,0.000019
arm_1_left_finger,396.034000,0.303558,0.471686,0.210239,0.707141,-0.707073,0.000009,0.000011
arm_1_left_finger,396.045000,0.303870,0.471443,0.210235,0.707141,-0.707073,0.000008,0.000012
arm_1_left_finger,396.056000,0.304195,0.471190,0.210231,0.707141,-0.707072,0.000013,0.000007
arm_1_left_finger,396.068000,0.304557,0.470905,0.210227,0.707141,-0.707072,-0.000002,0.000022
arm_1_left_finger,396.081000,0.304963,0.470584,0.210224,0.707141,-0.707072,-0.000007,0.000027
arm_1_left_finger,396.094000,0.305384,0.470250,0.210220,0.707141,-0.707072,-0.000009,0.000029
arm_1_left_finger,396.107000,0.305821,0.469903,0.210217,0.707141,-0.707072,-0.000009,0.000029
arm_1_left_finger,396.120000,0.306273,0.469544,0.210213,0.707141,-0.707072,-0.000009,0.000028
arm_1_left_finger,396.133000,0.306741,0.469172,0.210209,0.707141,-0.707072,-0.000008,0.000028
arm_1_left_finger,396.147000,0.307261,0.468757,0.210204,0.707141,-0.707072,-0.000008,0.000028
arm_1_left_finger,396.160000,0.307760,0.468358,0.210199,0.707141,-0.707072,-0.000008,0.000027
arm_1_left_finger,396.173000,0.308275,0.467946,0.210194,0.707141,-0.707072,-0.000007,0.000027
arm_1_left_finger,396.185000,0.308763,0.467555,0.210190,0.707141,-0.707072,-0.000007,0.000026
arm_1_left_finger,396.198000,0.309307,0.467118,0.210184,0.707141,-0.707072,-0.000006,0.000026
arm_1_left_finger,396.211000,0.309866,0.466668,0.210179,0.707141,-0.707072,-0.000006,0.000025
arm_1_left_finger,396.224000,0.310440,0.466204,0.210173,0.707141,-0.707072,-0.000005,0.000024
arm_1_left_finger,396.237000,0.311030,0.465728,0.210167,0.707141,-0.707072,-0.000004,0.000023
arm_1_left_finger,396.248000,0.311540,0.465315,0.210162,0.707141,-0.707072,-0.000003,0.000022
arm_1_left_finger,396.262000,0.312205,0.464775,0.210155,0.707141,-0.707072,-0.000002,0.000021
arm_1_left_finger,396.275000,0.312839,0.464259,0.210148,0.707141,-0.707072,-0.000002,0.000021
arm_1_left_finger,396.288000,0.313488,0.463731,0.210141,0.707141,-0.707072,-0.000001,0.000020
arm_1_left_finger,396.301000,0.314151,0.463188,0.210134,0.707141,-0.707072,0.000000,0.000019
arm_1_left_finger,396.314000,0.314829,0.462632,0.210127,0.707141,-0.707072,0.000001,0.000018
arm_1_left_finger,396.327000,0.315522,0.462063,0.210119,0.707141,-0.707072,0.000001,0.000018
arm_1_left_finger,396.340000,0.316229,0.461480,0.210111,0.707141,-0.707072,0.000002,0.000017
arm_1_left_finger,396.353000,0.316952,0.460883,0.210103,0.707141,-0.707072,0.000006,0.000013
arm_1_left_finger,396.366000,0.317691,0.460272,0.210094,0.707141,-0.707072,0.000010,0.000008
arm_1_left_finger,396.379000,0.318444,0.459647,0.210084,0.707141,-0.707072,0.000010,0.000008
arm_1_left_finger,396.392000,0.319211,0.459008,0.210075,0.707141,-0.707072,0.000009,0.000009
arm_1_left_finger,396.405000,0.319992,0.458355,0.210066,0.707141,-0.707073,0.000008,0.000010
arm_1_left_finger,396.417000,0.320725,0.457740,0.210057,0.707141,-0.707073,0.000008,0.000011
arm_1_left_finger,396.430000,0.321533,0.457060,0.210047,0.707141,-0.707073,0.000007,0.000012
arm_1_left_finger,396.443000,0.322348,0.456370,0.210038,0.707141,-0.707073,0.000006,0.000012
arm_1_left_finger,396.456000,0.323184,0.455660,0.210028,0.707141,-0.707073,0.000005,0.000013
arm_1_left_finger,396.469000,0.324034,0.454936,0.210018,0.707141,-0.707073,0.000004,0.000013
arm_1_left_finger,396.482000,0.324897,0.454198,0.210008,0.707141,-0.707073,0.000004,0.000014
arm_1_left_finger,396.493000,0.325637,0.453561,0.209999,0.707141,-0.707073,0.000003,0.000014
arm_1_left_finger,396.505000,0.326456,0.452855,0.209990,0.707141,-0.707073,0.000003,0.000014
arm_1_left_finger,396.518000,0.327356,0.452076,0.209979,0.707141,-0.707073,0.000003,0.000014
arm_1_left_finger,396.531000,0.328270,0.451282,0.209968,0.707141,-0.707073,0.000003,0.000014
arm_1_left_finger,396.545000,0.329268,0.450410,0.209957,0.707141,-0.707073,0.000003,0.000015
arm_1_left_finger,396.559000,0.330282,0.449521,0.209945,0.707141,-0.707073,0.000003,0.000014
arm_1_left_finger,396.573000,0.331311,0.448615,0.209933,0.707141,-0.707073,0.000003,0.000014
arm_1_left_finger,396.586000,0.332280,0.447757,0.209921,0.707141,-0.707073,0.000003,0.000014
arm_1_left_finger,396.599000,0.333261,0.446885,0.209909,0.707141,-0.707073,0.000003,0.000014
arm_1_left_finger,396.613000,0.334333,0.445927,0.209897,0.707141,-0.707073,0.000003,0.000014
arm_1_left_finger,396.627000,0.335420,0.444952,0.209884,0.707140,-0.707073,0.000003,0.000014
arm_1_left_finger,396.641000,0.336521,0.443959,0.209871,0.707140,-0.707073,0.000003,0.000014
arm_1_left_finger,396.655000,0.337636,0.442947,0.209857,0.707140,-0.707073,0.000003,0.000014
arm_1_left_finger,396.668000,0.338685,0.441991,0.209845,0.707140,-0.707073,0.000003,0.000014
arm_1_left_finger,396.681000,0.339747,0.441019,0.209832,0.707140,-0.707073,0.000003,0.000014
arm_1_left_finger,396.694000,0.340821,0.440031,0.209819,0.707140,-0.707073,0.000003,0.000013
arm_1_left_finger,396.707000,0.341906,0.439027,0.209806,0.707140,-0.707073,0.000003,0.000013
arm_1_left_finger,396.720000,0.343004,0.438007,0.209792,0.707140,-0.707073,0.000003,0.000013
arm_1_left_finger,396.734000,0.344199,0.436890,0.209778,0.707140,-0.707073,0.000003,0.000013
arm_1_left_finger,396.748000,0.345408,0.435753,0.209763,0.707140,-0.707073,0.000003,0.000013
arm_1_left_finger,396.762000,0.346630,0.434598,0.209748,0.707140,-0.707074,0.000003,0.000013
arm_1_left_finger,396.776000,0.347866,0.433423,0.209733,0.707140,-0.707074,0.000003,0.000013
arm_1_left_finger,396.790000,0.349115,0.432229,0.209717,0.707140,-0.707074,0.000003,0.000013
arm_1_left_finger,396.803000,0.350286,0.431103,0.209703,0.707140,-0.707074,0.000002,0.000013
arm_1_left_finger,396.813000,0.351195,0.430224,0.209692,0.707140,-0.707074,0.000003,0.000013
arm_1_left_finger,396.826000,0.352386,0.429067,0.209677,0.707140,-0.707074,0.000002,0.000013
arm_1_left_finger,396.839000,0.353588,0.427894,0.209662,0.707140,-0.707074,0.000003,0.000012
arm_1_left_finger,396.852000,0.354801,0.426703,0.209647,0.707140,-0.707074,0.000002,0.000012
arm_1_left_finger,396.864000,0.355929,0.425588,0.209632,0.707140,-0.707074,0.000002,0.000012
arm_1_left_finger,396.876000,0.357067,0.424457,0.209618,0.707140,-0.707074,0.000002,0.000012
arm_1_left_finger,396.889000,0.358310,0.423216,0.209602,0.707140,-0.707074,0.000002,0.000012
arm_1_left_finger,396.902000,0.359563,0.421957,0.209587,0.707140,-0.707074,0.000002,0.000012
arm_1_left_finger,396.916000,0.360923,0.420581,0.209569,0.707139,-0.707074,0.000002,0.000012
arm_1_left_finger,396.929000,0.362197,0.419285,0.209553,0.707139,-0.707074,0.000002,0.000012
arm_1_left_finger,396.942000,0.363480,0.417971,0.209537,0.707139,-0.707074,0.000002,0.000012
arm_1_left_finger,396.955000,0.364773,0.416638,0.209520,0.707139,-0.707074,0.000002,0.000012
arm_1_left_finger,396.968000,0.366076,0.415287,0.209503,0.707139,-0.707074,0.000002,0.000011
arm_1_left_finger,396.981000,0.367388,0.413917,0.209486,0.707139,-0.707074,0.000002,0.000011
arm_1_left_finger,396.994000,0.368709,0.412529,0.209469,0.707139,-0.707074,0.000002,0.000011
arm_1_left_finger,397.005000,0.369834,0.411341,0.209454,0.707139,-0.707074,0.000003,0.000010
arm_1_left_finger,397.016000,0.370966,0.410138,0.209439,0.707139,-0.707075,0.000003,0.000010
arm_1_left_finger,397.028000,0.372208,0.408811,0.209423,0.707139,-0.707075,0.000006,0.000007
arm_1_left_finger,397.040000,0.373459,0.407468,0.209406,0.707139,-0.707075,0.000010,0.000003
arm_1_left_finger,397.053000,0.374822,0.405994,0.209387,0.707139,-0.707075,0.000009,0.000003
arm_1_left_finger,397.065000,0.376088,0.404616,0.209370,0.707139,-0.707075,0.000011,0.000002
arm_1_left_finger,397.077000,0.377363,0.403222,0.209351,0.707139,-0.707075,0.000018,-0.000006
arm_1_left_finger,397.089000,0.378644,0.401812,0.209333,0.707139,-0.707075,0.000018,-0.000006
arm_1_left_finger,397.101000,0.379933,0.400384,0.209314,0.707139,-0.707075,0.000017,-0.000004
arm_1_left_finger,397.113000,0.381227,0.398940,0.209296,0.707139,-0.707075,0.000015,-0.000003
arm_1_left_finger,397.125000,0.382527,0.397480,0.209278,0.707139,-0.707075,0.000014,-0.000002
arm_1_left_finger,397.137000,0.383833,0.396002,0.209259,0.707138,-0.707075,0.000013,-0.000001
arm_1_left_finger,397.149000,0.385145,0.394507,0.209240,0.707138,-0.707075,0.000012,-0.000000
arm_1_left_finger,397.161000,0.386462,0.392996,0.209222,0.707138,-0.707075,0.000011,0.000001
arm_1_left_finger,397.173000,0.387785,0.391467,0.209203,0.707138,-0.707075,0.000010,0.000001
arm_1_left_finger,397.185000,0.389114,0.389920,0.209184,0.707138,-0.707075,0.000010,0.000002
arm_1_left_finger,397.197000,0.390449,0.388356,0.209164,0.707138,-0.707075,0.000015,-0.000004
arm_1_left_finger,397.210000,0.391902,0.386641,0.209143,0.707138,-0.707075,0.000012,-0.000001
arm_1_left_finger,397.223000,0.393359,0.384905,0.209123,0.707138,-0.707076,-0.000001,0.000012
arm_1_left_finger,397.235000,0.394705,0.383285,0.209105,0.707138,-0.707076,-0.000008,0.000019
arm_1_left_finger,397.246000,0.395944,0.381784,0.209088,0.707138,-0.707076,0.000000,0.000010
arm_1_left_finger,397.258000,0.397297,0.380132,0.209070,0.707138,-0.707076,-0.000010,0.000021
arm_1_left_finger,397.270000,0.398653,0.378464,0.209051,0.707138,-0.707076,-0.000008,0.000019
arm_1_left_finger,397.283000,0.400124,0.376643,0.209031,0.707138,-0.707076,-0.000006,0.000016
arm_1_left_finger,397.296000,0.401593,0.374808,0.209010,0.707138,-0.707076,-0.000008,0.000018
arm_1_left_finger,397.307000,0.402837,0.373245,0.208992,0.707138,-0.707076,0.000002,0.000008
arm_1_left_finger,397.319000,0.404189,0.371531,0.208973,0.707138,-0.707076,-0.000005,0.000015
arm_1_left_finger,397.331000,0.405542,0.369808,0.208953,0.707137,-0.707076,0.000010,-0.000000
arm_1_left_finger,397.343000,0.406893,0.368077,0.208932,0.707137,-0.707076,0.000011,-0.000001
arm_1_left_finger,397.356000,0.408344,0.366193,0.208911,0.707137,-0.707076,-0.000006,0.000016
arm_1_left_finger,397.368000,0.409680,0.364446,0.208892,0.707137,-0.707076,-0.000002,0.000012
arm_1_left_finger,397.380000,0.411010,0.362693,0.208872,0.707137,-0.707076,-0.000004,0.000014
arm_1_left_finger,397.392000,0.412385,0.360933,0.208837,0.707137,-0.707076,0.000236,-0.000226
arm_1_left_finger,397.403000,0.413639,0.359315,0.208806,0.707137,-0.707076,0.000182,-0.000172
arm_1_left_finger,397.414000,0.414877,0.357691,0.208778,0.707137,-0.707076,0.000138,-0.000128
arm_1_left_finger,397.426000,0.416213,0.355915,0.208750,0.707137,-0.707077,0.000100,-0.000090
arm_1_left_finger,397.438000,0.417535,0.354133,0.208725,0.707137,-0.707077,0.000072,-0.000063
arm_1_left_finger,397.450000,0.418845,0.352345,0.208701,0.707137,-0.707077,0.000052,-0.000043
arm_1_left_finger,397.462000,0.420143,0.350552,0.208679,0.707137,-0.707077,0.000025,-0.000016
arm_1_left_finger,397.474000,0.421431,0.348755,0.208658,0.707137,-0.707077,0.000019,-0.000011
arm_1_left_finger,397.486000,0.422713,0.346952,0.208637,0.707137,-0.707077,0.000017,-0.000009
arm_1_left_finger,397.497000,0.423881,0.345295,0.208617,0.707137,-0.707077,0.000015,-0.000007
arm_1_left_finger,397.508000,0.425043,0.343633,0.208598,0.707137,-0.707077,0.000013,-0.000005
arm_1_left_finger,397.519000,0.426200,0.341968,0.208579,0.707137,-0.707077,0.000012,-0.000004
arm_1_left_finger,397.531000,0.427454,0.340147,0.208558,0.707136,-0.707077,0.000010,-0.000002
arm_1_left_finger,397.543000,0.428701,0.338321,0.208538,0.707136,-0.707077,0.000009,-0.000001
arm_1_left_finger,397.555000,0.429941,0.336490,0.208517,0.707136,-0.707077,0.000008,0.000000
arm_1_left_finger,397.567000,0.431174,0.334655,0.208497,0.707136,-0.707077,0.000006,0.000001
arm_1_left_finger,397.579000,0.432386,0.332815,0.208480,0.707136,-0.707077,-0.000046,0.000054
arm_1_left_finger,397.591000,0.433583,0.330971,0.208467,0.707136,-0.707077,-0.000072,0.000079
arm_1_left_finger,397.603000,0.434774,0.329122,0.208452,0.707136,-0.707077,-0.000069,0.000076
arm_1_left_finger,397.615000,0.435960,0.327268,0.208437,0.707136,-0.707078,-0.000061,0.000069
arm_1_left_finger,397.627000,0.437142,0.325410,0.208422,0.707136,-0.707078,-0.000054,0.000061
arm_1_left_finger,397.639000,0.438318,0.323548,0.208406,0.707136,-0.707078,-0.000048,0.000055
arm_1_left_finger,397.651000,0.439488,0.321681,0.208389,0.707136,-0.707078,-0.000043,0.000050
arm_1_left_finger,397.661000,0.440470,0.320122,0.208372,0.707136,-0.707078,-0.000007,0.000014
arm_1_left_finger,397.670000,0.441344,0.318717,0.208358,0.707136,-0.707078,-0.000016,0.000023
arm_1_left_finger,397.680000,0.442309,0.317152,0.208343,0.707136,-0.707078,-0.000017,0.000024
arm_1_left_finger,397.689000,0.443186,0.315742,0.208325,0.707136,-0.707078,0.000033,-0.000026
arm_1_left_finger,397.699000,0.444143,0.314171,0.208309,0.707136,-0.707078,-0.000005,0.000012
arm_1_left_finger,397.710000,0.445191,0.312441,0.208292,0.707136,-0.707078,-0.000012,0.000019
arm_1_left_finger,397.720000,0.446138,0.310865,0.208277,0.707135,-0.707078,-0.000013,0.000019
arm_1_left_finger,397.729000,0.446986,0.309443,0.208262,0.707135,-0.707078,-0.000011,0.000018
arm_1_left_finger,397.740000,0.448018,0.307703,0.208245,0.707135,-0.707078,-0.000010,0.000016
arm_1_left_finger,397.750000,0.448962,0.306118,0.208225,0.707135,-0.707078,0.000027,-0.000021
arm_1_left_finger,397.760000,0.449890,0.304531,0.208209,0.707135,-0.707078,-0.000003,0.000010
arm_1_left_finger,397.771000,0.450904,0.302781,0.208192,0.707135,-0.707078,-0.000009,0.000015
arm_1_left_finger,397.782000,0.451913,0.301027,0.208174,0.707135,-0.707078,-0.000009,0.000015
arm_1_left_finger,397.792000,0.452825,0.299431,0.208158,0.707135,-0.707078,-0.000008,0.000014
arm_1_left_finger,397.802000,0.453732,0.297831,0.208142,0.707135,-0.707079,-0.000008,0.000014
arm_1_left_finger,397.813000,0.454723,0.296068,0.208125,0.707135,-0.707079,-0.000009,0.000015
arm_1_left_finger,397.823000,0.455648,0.294463,0.208099,0.707135,-0.707079,0.000109,-0.000102
arm_1_left_finger,397.833000,0.456564,0.292855,0.208076,0.707135,-0.707079,0.000105,-0.000099
arm_1_left_finger,397.843000,0.457463,0.291244,0.208056,0.707135,-0.707079,0.000044,-0.000038
arm_1_left_finger,397.853000,0.458339,0.289631,0.208041,0.707135,-0.707079,-0.000013,0.000019
arm_1_left_finger,397.864000,0.459299,0.287853,0.208025,0.707135,-0.707079,-0.000019,0.000024
arm_1_left_finger,397.873000,0.460080,0.286396,0.208011,0.707135,-0.707079,-0.000019,0.000025
arm_1_left_finger,397.883000,0.460943,0.284774,0.207996,0.707135,-0.707079,-0.000019,0.000024
arm_1_left_finger,397.892000,0.461715,0.283313,0.207982,0.707135,-0.707079,-0.000017,0.000023
arm_1_left_finger,397.902000,0.462570,0.281686,0.207966,0.707134,-0.707079,-0.000011,0.000016
arm_1_left_finger,397.912000,0.463421,0.280057,0.207950,0.707134,-0.707079,-0.000004,0.000009
arm_1_left_finger,397.922000,0.464292,0.278426,0.207926,0.707134,-0.707079,0.000077,-0.000071
arm_1_left_finger,397.933000,0.465238,0.276628,0.207902,0.707134,-0.707079,0.000080,-0.000075
arm_1_left_finger,397.943000,0.466077,0.274991,0.207884,0.707134,-0.707079,0.000010,-0.000005
arm_1_left_finger,397.953000,0.466900,0.273351,0.207870,0.707134,-0.707079,-0.000025,0.000030
arm_1_left_finger,397.963000,0.467719,0.271709,0.207855,0.707134,-0.707079,-0.000031,0.000036
arm_1_left_finger,397.973000,0.468533,0.270065,0.207841,0.707134,-0.707079,-0.000025,0.000029
arm_1_left_finger,397.984000,0.469449,0.268253,0.207816,0.707134,-0.707080,0.000075,-0.000070
arm_1_left_finger,397.994000,0.470282,0.266603,0.207793,0.707134,-0.707080,0.000124,-0.000119
arm_1_left_finger,398.005000,0.471193,0.264786,0.207766,0.707134,-0.707080,0.000109,-0.000104
arm_1_left_finger,398.015000,0.472000,0.263131,0.207747,0.707134,-0.707080,0.000036,-0.000031
arm_1_left_finger,398.025000,0.472785,0.261473,0.207733,0.707134,-0.707080,-0.000021,0.000026
arm_1_left_finger,398.035000,0.473564,0.259814,0.207719,0.707134,-0.707080,-0.000033,0.000038
arm_1_left_finger,398.046000,0.474428,0.257985,0.207700,0.707134,-0.707080,0.000027,-0.000023
arm_1_left_finger,398.056000,0.475214,0.256321,0.207681,0.707134,-0.707080,0.000039,-0.000035
arm_1_left_finger,398.066000,0.475996,0.254654,0.207661,0.707134,-0.707080,0.000047,-0.000043
arm_1_left_finger,398.077000,0.476844,0.252818,0.207641,0.707134,-0.707080,0.000013,-0.000009
arm_1_left_finger,398.087000,0.477617,0.251146,0.207620,0.707134,-0.707080,0.000048,-0.000043
arm_1_left_finger,398.098000,0.478460,0.249304,0.207598,0.707133,-0.707080,0.000051,-0.000047
arm_1_left_finger,398.109000,0.479297,0.247460,0.207577,0.707133,-0.707080,0.000050,-0.000046
arm_1_left_finger,398.120000,0.480125,0.245613,0.207555,0.707133,-0.707080,0.000046,-0.000042
arm_1_left_finger,398.131000,0.480946,0.243763,0.207534,0.707133,-0.707080,0.000041,-0.000038
arm_1_left_finger,398.143000,0.481834,0.241742,0.207511,0.707133,-0.707080,0.000037,-0.000034
arm_1_left_finger,398.154000,0.482640,0.239886,0.207490,0.707133,-0.707080,0.000034,-0.000030
arm_1_left_finger,398.166000,0.483510,0.237859,0.207468,0.707133,-0.707081,0.000031,-0.000027
arm_1_left_finger,398.176000,0.484229,0.236168,0.207449,0.707133,-0.707081,0.000028,-0.000025
arm_1_left_finger,398.186000,0.484943,0.234474,0.207431,0.707133,-0.707081,0.000026,-0.000023
arm_1_left_finger,398.194000,0.485509,0.233117,0.207417,0.707133,-0.707081,0.000025,-0.000021
arm_1_left_finger,398.204000,0.486212,0.231420,0.207399,0.707133,-0.707081,0.000023,-0.000019
arm_1_left_finger,398.216000,0.487048,0.229380,0.207377,0.707133,-0.707081,0.000021,-0.000017
arm_1_left_finger,398.228000,0.487875,0.227337,0.207356,0.707133,-0.707081,0.000019,-0.000016
arm_1_left_finger,398.239000,0.488627,0.225462,0.207336,0.707133,-0.707081,0.000017,-0.000014
arm_1_left_finger,398.250000,0.489352,0.223584,0.207322,0.707133,-0.707081,-0.000025,0.000028
arm_1_left_finger,398.262000,0.490152,0.221533,0.207303,0.707133,-0.707081,-0.000003,0.000006
arm_1_left_finger,398.274000,0.490948,0.219479,0.207282,0.707132,-0.707081,0.000012,-0.000009
arm_1_left_finger,398.286000,0.491738,0.217423,0.207260,0.707132,-0.707081,0.000021,-0.000018
arm_1_left_finger,398.298000,0.492523,0.215363,0.207238,0.707132,-0.707081,0.000027,-0.000024
arm_1_left_finger,398.310000,0.493278,0.213301,0.207223,0.707132,-0.707081,-0.000025,0.000028
arm_1_left_finger,398.322000,0.494036,0.211235,0.207204,0.707132,-0.707081,-0.000014,0.000016
arm_1_left_finger,398.334000,0.494783,0.209167,0.207186,0.707132,-0.707081,-0.000023,0.000026
arm_1_left_finger,398.346000,0.495523,0.207097,0.207167,0.707132,-0.707081,-0.000019,0.000022
arm_1_left_finger,398.358000,0.496257,0.205024,0.207149,0.707132,-0.707082,-0.000016,0.000018
arm_1_left_finger,398.370000,0.496975,0.202948,0.207132,0.707132,-0.707082,-0.000050,0.000052
arm_1_left_finger,398.376000,0.497325,0.201909,0.207125,0.707132,-0.707082,-0.000071,0.000074
arm_1_left_finger,398.385000,0.497848,0.200349,0.207115,0.707132,-0.707082,-0.000078,0.000080
arm_1_left_finger,398.397000,0.498541,0.198268,0.207101,0.707132,-0.707082,-0.000072,0.000075
arm_1_left_finger,398.408000,0.499170,0.196357,0.207088,0.707132,-0.707082,-0.000065,0.000067
arm_1_left_finger,398.420000,0.499852,0.194271,0.207072,0.707132,-0.707082,-0.000057,0.000059
arm_1_left_finger,398.431000,0.500476,0.192356,0.207057,0.707132,-0.707082,-0.000034,0.000036
arm_1_left_finger,398.442000,0.501091,0.190439,0.207041,0.707132,-0.707082,-0.000041,0.000043
arm_1_left_finger,398.454000,0.501754,0.188346,0.207025,0.707132,-0.707082,-0.000042,0.000044
arm_1_left_finger,398.468000,0.502519,0.185900,0.207005,0.707131,-0.707082,-0.000036,0.000039
arm_1_left_finger,398.481000,0.503221,0.183627,0.206986,0.707131,-0.707082,-0.000031,0.000034
arm_1_left_finger,398.494000,0.503915,0.181350,0.206967,0.707131,-0.707082,-0.000027,0.000029
arm_1_left_finger,398.507000,0.504601,0.179071,0.206948,0.707131,-0.707082,-0.000023,0.000025
arm_1_left_finger,398.521000,0.505330,0.176614,0.206926,0.707131,-0.707082,-0.000019,0.000021
arm_1_left_finger,398.534000,0.505998,0.174330,0.206906,0.707131,-0.707082,-0.000017,0.000019
arm_1_left_finger,398.548000,0.506708,0.171867,0.206884,0.707131,-0.707083,-0.000013,0.000016
arm_1_left_finger,398.562000,0.507408,0.169401,0.206862,0.707131,-0.707083,-0.000011,0.000013
arm_1_left_finger,398.576000,0.508097,0.166932,0.206840,0.707131,-0.707083,-0.000009,0.000011
arm_1_left_finger,398.589000,0.508728,0.164637,0.206819,0.707131,-0.707083,-0.000007,0.000009
arm_1_left_finger,398.599000,0.509208,0.162870,0.206803,0.707131,-0.707083,-0.000006,0.000008
arm_1_left_finger,398.607000,0.509587,0.161455,0.206790,0.707131,-0.707083,-0.000005,0.000007
arm_1_left_finger,398.617000,0.510057,0.159686,0.206774,0.707131,-0.707083,-0.000004,0.000006
arm_1_left_finger,398.628000,0.510568,0.157738,0.206756,0.707131,-0.707083,-0.000003,0.000005
arm_1_left_finger,398.638000,0.511026,0.155965,0.206739,0.707131,-0.707083,-0.000000,0.000003
arm_1_left_finger,398.650000,0.511570,0.153837,0.206719,0.707130,-0.707083,0.000003,-0.000000
arm_1_left_finger,398.661000,0.512062,0.151884,0.206701,0.707130,-0.707083,0.000004,-0.000001
arm_1_left_finger,398.671000,0.512502,0.150107,0.206684,0.707130,-0.707083,0.000004,-0.000001
arm_1_left_finger,398.681000,0.512936,0.148337,0.206668,0.707130,-0.707083,0.000004,-0.000002
arm_1_left_finger,398.692000,0.513407,0.146388,0.206649,0.707130,-0.707083,0.000005,-0.000003
arm_1_left_finger,398.704000,0.513916,0.144248,0.206629,0.707130,-0.707083,0.000008,-0.000006
arm_1_left_finger,398.716000,0.514418,0.142107,0.206608,0.707130,-0.707083,0.000009,-0.000007
arm_1_left_finger,398.728000,0.514912,0.139965,0.206588,0.707130,-0.707084,0.000010,-0.000008
arm_1_left_finger,398.740000,0.515398,0.137821,0.206567,0.707130,-0.707084,0.000015,-0.000013
arm_1_left_finger,398.750000,0.515798,0.136034,0.206549,0.707130,-0.707084,0.000017,-0.000015
arm_1_left_finger,398.760000,0.516192,0.134245,0.206531,0.707130,-0.707084,0.000017,-0.000015
arm_1_left_finger,398.771000,0.516619,0.132277,0.206512,0.707130,-0.707084,0.000017,-0.000015
arm_1_left_finger,398.782000,0.517038,0.130307,0.206493,0.707130,-0.707084,0.000016,-0.000014
arm_1_left_finger,398.793000,0.517451,0.128336,0.206473,0.707130,-0.707084,0.000015,-0.000013
arm_1_left_finger,398.805000,0.517893,0.126185,0.206453,0.707130,-0.707084,0.000015,-0.000012
arm_1_left_finger,398.816000,0.518291,0.124211,0.206433,0.707130,-0.707084,0.000014,-0.000012
arm_1_left_finger,398.827000,0.518682,0.122237,0.206414,0.707130,-0.707084,0.000014,-0.000011
arm_1_left_finger,398.839000,0.519100,0.120082,0.206394,0.707129,-0.707084,0.000013,-0.000011
arm_1_left_finger,398.851000,0.519510,0.117925,0.206373,0.707129,-0.707084,0.000013,-0.000010
arm_1_left_finger,398.863000,0.519912,0.115767,0.206352,0.707129,-0.707084,0.000012,-0.000010
arm_1_left_finger,398.874000,0.520273,0.113788,0.206333,0.707129,-0.707084,0.000012,-0.000010
arm_1_left_finger,398.886000,0.520659,0.111627,0.206313,0.707129,-0.707084,0.000012,-0.000009
arm_1_left_finger,398.898000,0.521037,0.109466,0.206292,0.707129,-0.707084,0.000012,-0.000009
arm_1_left_finger,398.909000,0.521376,0.107483,0.206273,0.707129,-0.707084,0.000012,-0.000009
arm_1_left_finger,398.921000,0.521737,0.105319,0.206253,0.707129,-0.707085,0.000011,-0.000009
arm_1_left_finger,398.932000,0.522062,0.103334,0.206234,0.707129,-0.707085,0.000011,-0.000009
arm_1_left_finger,398.944000,0.522408,0.101168,0.206213,0.707129,-0.707085,0.000011,-0.000009
arm_1_left_finger,398.956000,0.522746,0.099001,0.206193,0.707129,-0.707085,0.000011,-0.000009
arm_1_left_finger,398.968000,0.523075,0.096832,0.206172,0.707129,-0.707085,0.000011,-0.000008
arm_1_left_finger,398.980000,0.523396,0.094663,0.206151,0.707129,-0.707085,0.000011,-0.000008
arm_1_left_finger,398.992000,0.523710,0.092492,0.206131,0.707129,-0.707085,0.000011,-0.000008
arm_1_left_finger,399.004000,0.524014,0.090320,0.206110,0.707129,-0.707085,0.000011,-0.000009
arm_1_left_finger,399.014000,0.524262,0.088510,0.206093,0.707129,-0.707085,0.000011,-0.000009
arm_1_left_finger,399.024000,0.524504,0.086699,0.206076,0.707128,-0.707085,0.000011,-0.000009
arm_1_left_finger,399.032000,0.524694,0.085250,0.206063,0.707128,-0.707085,0.000011,-0.000009
arm_1_left_finger,399.041000,0.524903,0.083619,0.206047,0.707128,-0.707085,0.000012,-0.000009
arm_1_left_finger,399.051000,0.525129,0.081806,0.206030,0.707128,-0.707085,0.000011,-0.000009
arm_1_left_finger,399.060000,0.525328,0.080174,0.206015,0.707128,-0.707085,0.000011,-0.000009
arm_1_left_finger,399.070000,0.525542,0.078379,0.205998,0.707128,-0.707085,0.000011,-0.000009
arm_1_left_finger,399.080000,0.525752,0.076562,0.205981,0.707128,-0.707085,0.000011,-0.000009
arm_1_left_finger,399.090000,0.525957,0.074744,0.205963,0.707128,-0.707085,0.000011,-0.000008
arm_1_left_finger,399.100000,0.526155,0.072927,0.205946,0.707128,-0.707085,0.000012,-0.000009
arm_1_left_finger,399.110000,0.526349,0.071109,0.205929,0.707128,-0.707086,0.000012,-0.000009
arm_1_left_finger,399.121000,0.526554,0.069109,0.205910,0.707128,-0.707086,0.000012,-0.000009
arm_1_left_finger,399.132000,0.526753,0.067109,0.205892,0.707128,-0.707086,0.000012,-0.000009
arm_1_left_finger,399.143000,0.526993,0.065109,0.205858,0.707128,-0.707086,0.000151,-0.000148
arm_1_left_finger,399.153000,0.527185,0.063290,0.205834,0.707128,-0.707086,0.000111,-0.000108
arm_1_left_finger,399.164000,0.527372,0.061289,0.205813,0.707128,-0.707086,0.000054,-0.000051
arm_1_left_finger,399.175000,0.527548,0.059287,0.205793,0.707128,-0.707086,0.000032,-0.000029
arm_1_left_finger,399.186000,0.527715,0.057285,0.205773,0.707128,-0.707086,0.000023,-0.000019
arm_1_left_finger,399.199000,0.527902,0.054919,0.205750,0.707128,-0.707086,0.000018,-0.000015
arm_1_left_finger,399.211000,0.528066,0.052735,0.205729,0.707127,-0.707086,0.000016,-0.000013
arm_1_left_finger,399.223000,0.528221,0.050550,0.205709,0.707127,-0.707086,0.000015,-0.000012
arm_1_left_finger,399.236000,0.528381,0.048182,0.205686,0.707127,-0.707086,0.000019,-0.000016
arm_1_left_finger,399.248000,0.528520,0.045997,0.205665,0.707127,-0.707086,0.000020,-0.000016
arm_1_left_finger,399.260000,0.528651,0.043811,0.205644,0.707127,-0.707086,0.000019,-0.000015
arm_1_left_finger,399.273000,0.528783,0.041442,0.205621,0.707127,-0.707086,0.000018,-0.000014
arm_1_left_finger,399.286000,0.528905,0.039073,0.205598,0.707127,-0.707086,0.000017,-0.000013
arm_1_left_finger,399.299000,0.529016,0.036704,0.205576,0.707127,-0.707087,0.000016,-0.000012
arm_1_left_finger,399.312000,0.529118,0.034335,0.205554,0.707127,-0.707087,0.000015,-0.000011
arm_1_left_finger,399.325000,0.529210,0.031966,0.205531,0.707127,-0.707087,0.000014,-0.000010
arm_1_left_finger,399.338000,0.529292,0.029596,0.205509,0.707127,-0.707087,0.000013,-0.000009
arm_1_left_finger,399.351000,0.529363,0.027226,0.205487,0.707127,-0.707087,0.000010,-0.000006
arm_1_left_finger,399.364000,0.529423,0.024856,0.205465,0.707127,-0.707087,0.000005,-0.000001
arm_1_left_finger,399.376000,0.529469,0.022669,0.205446,0.707127,-0.707087,-0.000000,0.000004
arm_1_left_finger,399.389000,0.529507,0.020299,0.205425,0.707127,-0.707087,-0.000005,0.000009
arm_1_left_finger,399.402000,0.529535,0.017929,0.205405,0.707126,-0.707087,-0.000007,0.000012
arm_1_left_finger,399.414000,0.529552,0.015742,0.205386,0.707126,-0.707087,-0.000009,0.000014
arm_1_left_finger,399.422000,0.529558,0.014283,0.205374,0.707126,-0.707087,-0.000010,0.000015
arm_1_left_finger,399.431000,0.529561,0.012643,0.205360,0.707126,-0.707087,-0.000011,0.000015
arm_1_left_finger,399.440000,0.529558,0.011002,0.205346,0.707126,-0.707087,-0.000011,0.000016
arm_1_left_finger,399.452000,0.529548,0.008815,0.205328,0.707126,-0.707087,-0.000011,0.000016
arm_1_left_finger,399.463000,0.529532,0.006811,0.205311,0.707126,-0.707087,-0.000010,0.000015
arm_1_left_finger,399.475000,0.529506,0.004624,0.205292,0.707126,-0.707087,-0.000009,0.000014
arm_1_left_finger,399.487000,0.529473,0.002437,0.205273,0.707126,-0.707088,-0.000008,0.000013
arm_1_left_finger,399.499000,0.529432,0.000251,0.205254,0.707126,-0.707088,-0.000007,0.000012
arm_1_left_finger,399.511000,0.529382,-0.001935,0.205235,0.707126,-0.707088,-0.000005,0.000011
arm_1_left_finger,399.523000,0.529325,-0.004120,0.205216,0.707126,-0.707088,-0.000004,0.000009
arm_1_left_finger,399.533000,0.529272,-0.005941,0.205200,0.707126,-0.707088,-0.000002,0.000008
arm_1_left_finger,399.545000,0.529200,-0.008126,0.205181,0.707126,-0.707088,-0.000001,0.000006
arm_1_left_finger,399.557000,0.529121,-0.010311,0.205162,0.707126,-0.707088,0.000003,0.000003
arm_1_left_finger,399.569000,0.529035,-0.012495,0.205142,0.707126,-0.707088,0.000004,0.000001
arm_1_left_finger,399.581000,0.528940,-0.014678,0.205122,0.707126,-0.707088,0.000006,0.000000
arm_1_left_finger,399.593000,0.528837,-0.016861,0.205102,0.707125,-0.707088,0.000006,-0.000001
arm_1_left_finger,399.605000,0.528726,-0.019044,0.205083,0.707125,-0.707088,0.000007,-0.000001
arm_1_left_finger,399.618000,0.528597,-0.021407,0.205061,0.707125,-0.707088,0.000008,-0.000002
arm_1_left_finger,399.631000,0.528458,-0.023770,0.205040,0.707125,-0.707088,0.000011,-0.000005
arm_1_left_finger,399.645000,0.528298,-0.026314,0.205016,0.707125,-0.707088,0.000008,-0.000002
arm_1_left_finger,399.659000,0.528126,-0.028857,0.204993,0.707125,-0.707088,0.000007,-0.000001
arm_1_left_finger,399.673000,0.527944,-0.031399,0.204970,0.707125,-0.707089,0.000010,-0.000004
arm_1_left_finger,399.686000,0.527767,-0.033759,0.204948,0.707125,-0.707089,0.000016,-0.000009
arm_1_left_finger,399.698000,0.527606,-0.035936,0.204924,0.707125,-0.707089,0.000054,-0.000047
arm_1_left_finger,399.709000,0.527440,-0.037931,0.204905,0.707125,-0.707089,0.000019,-0.000012
arm_1_left_finger,399.720000,0.527267,-0.039925,0.204887,0.707125,-0.707089,0.000012,-0.000005
arm_1_left_finger,399.731000,0.527087,-0.041919,0.204868,0.707125,-0.707089,0.000012,-0.000005
arm_1_left_finger,399.742000,0.526900,-0.043911,0.204850,0.707125,-0.707089,0.000012,-0.000005
arm_1_left_finger,399.753000,0.526707,-0.045903,0.204831,0.707125,-0.707089,0.000013,-0.000006
arm_1_left_finger,399.764000,0.526506,-0.047895,0.204813,0.707125,-0.707089,0.000014,-0.000006
arm_1_left_finger,399.775000,0.526299,-0.049885,0.204794,0.707124,-0.707089,0.000014,-0.000007
arm_1_left_finger,399.786000,0.526086,-0.051874,0.204775,0.707124,-0.707089,0.000015,-0.000007
arm_1_left_finger,399.798000,0.525845,-0.054044,0.204755,0.707124,-0.707089,0.000015,-0.000007
arm_1_left_finger,399.809000,0.525617,-0.056032,0.204736,0.707124,-0.707089,0.000015,-0.000008
arm_1_left_finger,399.820000,0.525382,-0.058018,0.204718,0.707124,-0.707089,0.000016,-0.000008
arm_1_left_finger,399.831000,0.525140,-0.060004,0.204699,0.707124,-0.707089,0.000016,-0.000008
arm_1_left_finger,399.842000,0.524892,-0.061989,0.204680,0.707124,-0.707089,0.000017,-0.000008
arm_1_left_finger,399.853000,0.524636,-0.063973,0.204661,0.707124,-0.707090,0.000017,-0.000009
arm_1_left_finger,399.864000,0.524374,-0.065956,0.204643,0.707124,-0.707090,0.000017,-0.000009
arm_1_left_finger,399.876000,0.524081,-0.068117,0.204622,0.707124,-0.707090,0.000017,-0.000009
arm_1_left_finger,399.886000,0.523830,-0.069918,0.204605,0.707124,-0.707090,0.000017,-0.000009
arm_1_left_finger,399.898000,0.523522,-0.072077,0.204584,0.707124,-0.707090,0.000021,-0.000012
arm_1_left_finger,399.909000,0.523235,-0.074056,0.204565,0.707124,-0.707090,0.000026,-0.000017
arm_1_left_finger,399.920000,0.522939,-0.076033,0.204545,0.707124,-0.707090,0.000027,-0.000018
arm_1_left_finger,399.930000,0.522665,-0.077830,0.204528,0.707124,-0.707090,0.000027,-0.000018
arm_1_left_finger,399.939000,0.522413,-0.079445,0.204512,0.707124,-0.707090,0.000028,-0.000019
arm_1_left_finger,399.950000,0.522099,-0.081419,0.204493,0.707124,-0.707090,0.000027,-0.000018
arm_1_left_finger,399.961000,0.521778,-0.083392,0.204474,0.707123,-0.707090,0.000026,-0.000016
arm_1_left_finger,399.973000,0.521420,-0.085543,0.204453,0.707123,-0.707090,0.000024,-0.000014
arm_1_left_finger,399.984000,0.521085,-0.087513,0.204434,0.707123,-0.707090,0.000023,-0.000014
arm_1_left_finger,399.997000,0.520677,-0.089840,0.204412,0.707123,-0.707090,0.000014,-0.000004
arm_1_left_finger,400.010000,0.520259,-0.092164,0.204391,0.707123,-0.707090,0.000010,0.000000
arm_1_left_finger,400.023000,0.519830,-0.094487,0.204369,0.707123,-0.707090,0.000008,0.000003
arm_1_left_finger,400.036000,0.519392,-0.096808,0.204348,0.707123,-0.707090,0.000007,0.000004
arm_1_left_finger,400.049000,0.518944,-0.099127,0.204327,0.707123,-0.707091,0.000007,0.000004
arm_1_left_finger,400.062000,0.518487,-0.101444,0.204306,0.707123,-0.707091,0.000007,0.000004
arm_1_left_finger,400.075000,0.518020,-0.103759,0.204285,0.707123,-0.707091,0.000008,0.000003
arm_1_left_finger,400.089000,0.517508,-0.106250,0.204262,0.707123,-0.707091,0.000009,0.000002
arm_1_left_finger,400.102000,0.517022,-0.108560,0.204240,0.707123,-0.707091,0.000010,0.000001
arm_1_left_finger,400.115000,0.516528,-0.110869,0.204219,0.707123,-0.707091,0.000011,0.000001
arm_1_left_finger,400.128000,0.516024,-0.113175,0.204197,0.707123,-0.707091,0.000012,-0.000000
arm_1_left_finger,400.142000,0.515471,-0.115656,0.204174,0.707123,-0.707091,0.000012,-0.000001
arm_1_left_finger,400.155000,0.514948,-0.117957,0.204153,0.707122,-0.707091,0.000013,-0.000002
arm_1_left_finger,400.168000,0.514416,-0.120256,0.204131,0.707122,-0.707091,0.000014,-0.000002
arm_1_left_finger,400.180000,0.513916,-0.122377,0.204111,0.707122,-0.707091,0.000015,-0.000003
arm_1_left_finger,400.192000,0.513409,-0.124495,0.204091,0.707122,-0.707091,0.000016,-0.000004
arm_1_left_finger,400.204000,0.512900,-0.126611,0.204069,0.707122,-0.707091,0.000030,-0.000017
arm_1_left_finger,400.217000,0.512333,-0.128901,0.204047,0.707122,-0.707091,0.000018,-0.000005
arm_1_left_finger,400.230000,0.511757,-0.131188,0.204025,0.707122,-0.707092,0.000017,-0.000004
arm_1_left_finger,400.244000,0.511127,-0.133649,0.204002,0.707122,-0.707092,0.000017,-0.000004
arm_1_left_finger,400.256000,0.510578,-0.135756,0.203981,0.707122,-0.707092,0.000018,-0.000005
arm_1_left_finger,400.268000,0.510022,-0.137860,0.203961,0.707122,-0.707092,0.000020,-0.000007
arm_1_left_finger,400.280000,0.509458,-0.139962,0.203940,0.707122,-0.707092,0.000022,-0.000008
arm_1_left_finger,400.292000,0.508927,-0.142062,0.203907,0.707122,-0.707092,0.000164,-0.000150
arm_1_left_finger,400.304000,0.508379,-0.144160,0.203877,0.707122,-0.707092,0.000124,-0.000110
arm_1_left_finger,400.311000,0.508043,-0.145383,0.203863,0.707122,-0.707092,0.000078,-0.000064
arm_1_left_finger,400.322000,0.507505,-0.147302,0.203843,0.707122,-0.707092,0.000044,-0.000030
arm_1_left_finger,400.335000,0.506857,-0.149568,0.203821,0.707121,-0.707092,0.000029,-0.000015
arm_1_left_finger,400.348000,0.506199,-0.151831,0.203798,0.707121,-0.707092,0.000024,-0.000010
arm_1_left_finger,400.362000,0.505479,-0.154265,0.203774,0.707121,-0.707092,0.000023,-0.000008
arm_1_left_finger,400.375000,0.504801,-0.156522,0.203752,0.707121,-0.707092,0.000022,-0.000007
arm_1_left_finger,400.388000,0.504114,-0.158776,0.203730,0.707121,-0.707092,0.000022,-0.000007
arm_1_left_finger,400.400000,0.503473,-0.160854,0.203709,0.707121,-0.707092,0.000028,-0.000013
arm_1_left_finger,400.413000,0.502770,-0.163102,0.203686,0.707121,-0.707092,0.000030,-0.000015
arm_1_left_finger,400.426000,0.502058,-0.165347,0.203663,0.707121,-0.707093,0.000030,-0.000015
arm_1_left_finger,400.440000,0.501281,-0.167762,0.203639,0.707121,-0.707093,0.000029,-0.000013
arm_1_left_finger,400.454000,0.500493,-0.170173,0.203614,0.707121,-0.707093,0.000028,-0.000012
arm_1_left_finger,400.468000,0.499694,-0.172580,0.203590,0.707121,-0.707093,0.000028,-0.000011
arm_1_left_finger,400.480000,0.499001,-0.174640,0.203569,0.707121,-0.707093,0.000027,-0.000011
arm_1_left_finger,400.493000,0.498241,-0.176869,0.203547,0.707121,-0.707093,0.000026,-0.000009
arm_1_left_finger,400.506000,0.497471,-0.179094,0.203524,0.707121,-0.707093,0.000022,-0.000005
arm_1_left_finger,400.519000,0.496690,-0.181316,0.203503,0.707121,-0.707093,0.000017,0.000000
arm_1_left_finger,400.532000,0.495898,-0.183535,0.203482,0.707120,-0.707093,0.000012,0.000005
arm_1_left_finger,400.545000,0.495097,-0.185750,0.203461,0.707120,-0.707093,0.000008,0.000010
arm_1_left_finger,400.558000,0.494285,-0.187962,0.203440,0.707120,-0.707093,0.000006,0.000012
arm_1_left_finger,400.570000,0.493528,-0.190001,0.203421,0.707120,-0.707093,0.000006,0.000012
arm_1_left_finger,400.583000,0.492700,-0.192206,0.203400,0.707120,-0.707093,0.000008,0.000010
arm_1_left_finger,400.597000,0.491799,-0.194577,0.203378,0.707120,-0.707093,0.000010,0.000009
arm_1_left_finger,400.611000,0.490888,-0.196944,0.203355,0.707120,-0.707094,0.000011,0.000008
arm_1_left_finger,400.625000,0.489967,-0.199306,0.203332,0.707120,-0.707094,0.000013,0.000006
arm_1_left_finger,400.639000,0.489036,-0.201664,0.203310,0.707120,-0.707094,0.000014,0.000005
arm_1_left_finger,400.653000,0.488095,-0.204018,0.203287,0.707120,-0.707094,0.000015,0.000004
arm_1_left_finger,400.667000,0.487144,-0.206368,0.203264,0.707120,-0.707094,0.000016,0.000003
arm_1_left_finger,400.681000,0.486182,-0.208713,0.203240,0.707120,-0.707094,0.000017,0.000003
arm_1_left_finger,400.695000,0.485211,-0.211054,0.203217,0.707120,-0.707094,0.000018,0.000002
arm_1_left_finger,400.709000,0.484230,-0.213390,0.203194,0.707119,-0.707094,0.000019,0.000001
arm_1_left_finger,400.723000,0.483240,-0.215722,0.203170,0.707119,-0.707094,0.000020,0.000001
arm_1_left_finger,400.736000,0.482310,-0.217883,0.203149,0.707119,-0.707094,0.000021,0.000000
arm_1_left_finger,400.748000,0.481445,-0.219874,0.203129,0.707119,-0.707094,0.000021,-0.000000
arm_1_left_finger,400.761000,0.480499,-0.222027,0.203107,0.707119,-0.707094,0.000022,-0.000001
arm_1_left_finger,400.774000,0.479545,-0.224177,0.203085,0.707119,-0.707094,0.000023,-0.000001
arm_1_left_finger,400.787000,0.478582,-0.226322,0.203063,0.707119,-0.707094,0.000023,-0.000001
arm_1_left_finger,400.800000,0.477611,-0.228463,0.203041,0.707119,-0.707095,0.000024,-0.000002
arm_1_left_finger,400.813000,0.476631,-0.230600,0.203019,0.707119,-0.707095,0.000024,-0.000002
arm_1_left_finger,400.826000,0.475643,-0.232733,0.202997,0.707119,-0.707095,0.000025,-0.000002
arm_1_left_finger,400.839000,0.474646,-0.234862,0.202975,0.707119,-0.707095,0.000025,-0.000003
arm_1_left_finger,400.852000,0.473640,-0.236986,0.202953,0.707119,-0.707095,0.000026,-0.000003
arm_1_left_finger,400.864000,0.472704,-0.238943,0.202932,0.707119,-0.707095,0.000026,-0.000003
arm_1_left_finger,400.876000,0.471761,-0.240897,0.202912,0.707119,-0.707095,0.000026,-0.000003
arm_1_left_finger,400.889000,0.470731,-0.243009,0.202890,0.707119,-0.707095,0.000027,-0.000003
arm_1_left_finger,400.901000,0.469773,-0.244955,0.202869,0.707118,-0.707095,0.000027,-0.000003
arm_1_left_finger,400.914000,0.468727,-0.247058,0.202847,0.707118,-0.707095,0.000027,-0.000003
arm_1_left_finger,400.927000,0.467673,-0.249157,0.202825,0.707118,-0.707095,0.000028,-0.000003
arm_1_left_finger,400.940000,0.466610,-0.251252,0.202803,0.707118,-0.707095,0.000028,-0.000004
arm_1_left_finger,400.953000,0.465538,-0.253342,0.202780,0.707118,-0.707095,0.000028,-0.000004
arm_1_left_finger,400.967000,0.464375,-0.255588,0.202756,0.707118,-0.707095,0.000029,-0.000004
arm_1_left_finger,400.978000,0.463487,-0.257349,0.202728,0.707118,-0.707096,0.000169,-0.000144
arm_1_left_finger,400.989000,0.462588,-0.259106,0.202700,0.707118,-0.707096,0.000123,-0.000098
arm_1_left_finger,401.001000,0.461571,-0.261020,0.202680,0.707118,-0.707096,0.000047,-0.000022
arm_1_left_finger,401.010000,0.460804,-0.262453,0.202664,0.707118,-0.707096,0.000041,-0.000015
arm_1_left_finger,401.021000,0.459862,-0.264200,0.202644,0.707118,-0.707096,0.000040,-0.000014
arm_1_left_finger,401.033000,0.458827,-0.266103,0.202623,0.707118,-0.707096,0.000037,-0.000011
arm_1_left_finger,401.046000,0.457698,-0.268160,0.202600,0.707118,-0.707096,0.000036,-0.000010
arm_1_left_finger,401.060000,0.456472,-0.270370,0.202576,0.707118,-0.707096,0.000035,-0.000009
arm_1_left_finger,401.073000,0.455324,-0.272416,0.202553,0.707118,-0.707096,0.000035,-0.000008
arm_1_left_finger,401.085000,0.454258,-0.274302,0.202532,0.707117,-0.707096,0.000034,-0.000007
arm_1_left_finger,401.098000,0.453097,-0.276339,0.202509,0.707117,-0.707096,0.000041,-0.000014
arm_1_left_finger,401.109000,0.452108,-0.278059,0.202489,0.707117,-0.707096,0.000043,-0.000015
arm_1_left_finger,401.120000,0.451113,-0.279776,0.202470,0.707117,-0.707096,0.000042,-0.000015
arm_1_left_finger,401.132000,0.450021,-0.281644,0.202448,0.707117,-0.707096,0.000041,-0.000013
arm_1_left_finger,401.143000,0.449014,-0.283353,0.202429,0.707117,-0.707096,0.000040,-0.000012
arm_1_left_finger,401.156000,0.447815,-0.285368,0.202406,0.707117,-0.707096,0.000039,-0.000011
arm_1_left_finger,401.168000,0.446701,-0.287224,0.202384,0.707117,-0.707097,0.000038,-0.000010
arm_1_left_finger,401.180000,0.445580,-0.289075,0.202363,0.707117,-0.707097,0.000038,-0.000009
arm_1_left_finger,401.193000,0.444357,-0.291076,0.202341,0.707117,-0.707097,0.000035,-0.000006
arm_1_left_finger,401.205000,0.443220,-0.292918,0.202320,0.707117,-0.707097,0.000032,-0.000002
arm_1_left_finger,401.218000,0.441979,-0.294909,0.202298,0.707117,-0.707097,0.000027,0.000003
arm_1_left_finger,401.230000,0.440825,-0.296741,0.202278,0.707117,-0.707097,0.000023,0.000007
arm_1_left_finger,401.243000,0.439567,-0.298722,0.202257,0.707117,-0.707097,0.000019,0.000011
arm_1_left_finger,401.256000,0.438299,-0.300697,0.202236,0.707117,-0.707097,0.000016,0.000014
arm_1_left_finger,401.267000,0.437220,-0.302364,0.202218,0.707117,-0.707097,0.000016,0.000014
arm_1_left_finger,401.277000,0.436238,-0.303872,0.202202,0.707116,-0.707097,0.000018,0.000013
arm_1_left_finger,401.285000,0.435453,-0.305069,0.202189,0.707116,-0.707097,0.000019,0.000012
arm_1_left_finger,401.297000,0.434259,-0.306879,0.202170,0.707116,-0.707097,0.000020,0.000011
arm_1_left_finger,401.309000,0.433058,-0.308684,0.202150,0.707116,-0.707097,0.000021,0.000010
arm_1_left_finger,401.322000,0.431751,-0.310634,0.202129,0.707116,-0.707097,0.000023,0.000009
arm_1_left_finger,401.335000,0.430436,-0.312578,0.202107,0.707116,-0.707097,0.000024,0.000008
arm_1_left_finger,401.348000,0.429114,-0.314516,0.202085,0.707116,-0.707097,0.000025,0.000007
arm_1_left_finger,401.360000,0.427887,-0.316300,0.202065,0.707116,-0.707098,0.000026,0.000007
arm_1_left_finger,401.373000,0.426550,-0.318227,0.202044,0.707116,-0.707098,0.000026,0.000007
arm_1_left_finger,401.387000,0.425103,-0.320296,0.202020,0.707116,-0.707098,0.000028,0.000006
arm_1_left_finger,401.401000,0.423647,-0.322358,0.201997,0.707116,-0.707098,0.000028,0.000005
arm_1_left_finger,401.415000,0.422182,-0.324413,0.201973,0.707116,-0.707098,0.000029,0.000005
arm_1_left_finger,401.426000,0.421025,-0.326023,0.201954,0.707116,-0.707098,0.000030,0.000004
arm_1_left_finger,401.439000,0.419650,-0.327921,0.201932,0.707116,-0.707098,0.000030,0.000004
arm_1_left_finger,401.452000,0.418269,-0.329812,0.201910,0.707116,-0.707098,0.000031,0.000004
arm_1_left_finger,401.465000,0.416879,-0.331698,0.201888,0.707115,-0.707098,0.000031,0.000003
arm_1_left_finger,401.478000,0.415483,-0.333578,0.201866,0.707115,-0.707098,0.000032,0.000003
arm_1_left_finger,401.487000,0.414511,-0.334876,0.201851,0.707115,-0.707098,0.000032,0.000003
arm_1_left_finger,401.498000,0.413319,-0.336459,0.201832,0.707115,-0.707098,0.000033,0.000003
arm_1_left_finger,401.512000,0.411794,-0.338468,0.201808,0.707115,-0.707098,0.000033,0.000003
arm_1_left_finger,401.526000,0.410260,-0.340470,0.201784,0.707115,-0.707098,0.000034,0.000003
arm_1_left_finger,401.540000,0.408717,-0.342466,0.201760,0.707115,-0.707098,0.000034,0.000002
arm_1_left_finger,401.553000,0.407277,-0.344312,0.201738,0.707115,-0.707099,0.000035,0.000002
arm_1_left_finger,401.567000,0.405720,-0.346291,0.201714,0.707115,-0.707099,0.000035,0.000002
arm_1_left_finger,401.580000,0.404270,-0.348119,0.201692,0.707115,-0.707099,0.000035,0.000002
arm_1_left_finger,401.593000,0.402817,-0.349934,0.201669,0.707115,-0.707099,0.000035,0.000002
arm_1_left_finger,401.607000,0.401251,-0.351875,0.201645,0.707115,-0.707099,0.000036,0.000002
arm_1_left_finger,401.621000,0.399685,-0.353798,0.201622,0.707115,-0.707099,0.000036,0.000002
arm_1_left_finger,401.634000,0.398254,-0.355540,0.201600,0.707115,-0.707099,0.000038,0.000001
arm_1_left_finger,401.647000,0.396799,-0.357298,0.201578,0.707114,-0.707099,0.000037,0.000002
arm_1_left_finger,401.660000,0.395348,-0.359037,0.201557,0.707114,-0.707099,0.000037,0.000002
arm_1_left_finger,401.672000,0.394013,-0.360625,0.201537,0.707114,-0.707099,0.000037,0.000002
arm_1_left_finger,401.685000,0.392593,-0.362327,0.201508,0.707114,-0.707099,0.000174,-0.000135
arm_1_left_finger,401.695000,0.391521,-0.363624,0.201482,0.707114,-0.707099,0.000188,-0.000148
arm_1_left_finger,401.706000,0.390309,-0.365036,0.201464,0.707114,-0.707099,0.000062,-0.000023
arm_1_left_finger,401.717000,0.389101,-0.366435,0.201445,0.707114,-0.707099,0.000045,-0.000005
arm_1_left_finger,401.724000,0.388337,-0.367316,0.201434,0.707114,-0.707099,0.000046,-0.000006
arm_1_left_finger,401.731000,0.387581,-0.368183,0.201423,0.707114,-0.707100,0.000042,-0.000002
arm_1_left_finger,401.743000,0.386273,-0.369676,0.201403,0.707114,-0.707100,0.000046,-0.000005
arm_1_left_finger,401.756000,0.384863,-0.371275,0.201382,0.707114,-0.707100,0.000045,-0.000004
arm_1_left_finger,401.767000,0.383674,-0.372612,0.201364,0.707114,-0.707100,0.000043,-0.000002
arm_1_left_finger,401.780000,0.382276,-0.374174,0.201344,0.707114,-0.707100,0.000043,-0.000001
arm_1_left_finger,401.793000,0.380885,-0.375716,0.201323,0.707114,-0.707100,0.000042,-0.000000
arm_1_left_finger,401.805000,0.379607,-0.377122,0.201305,0.707114,-0.707100,0.000041,0.000001
arm_1_left_finger,401.816000,0.378442,-0.378397,0.201288,0.707114,-0.707100,0.000044,-0.000001
arm_1_left_finger,401.828000,0.377179,-0.379772,0.201269,0.707114,-0.707100,0.000050,-0.000007
arm_1_left_finger,401.840000,0.375924,-0.381131,0.201250,0.707114,-0.707100,0.000050,-0.000008
arm_1_left_finger,401.853000,0.374571,-0.382585,0.201230,0.707113,-0.707100,0.000050,-0.000006
arm_1_left_finger,401.866000,0.373226,-0.384019,0.201211,0.707113,-0.707100,0.000048,-0.000005
arm_1_left_finger,401.879000,0.371889,-0.385435,0.201191,0.707113,-0.707100,0.000047,-0.000004
arm_1_left_finger,401.892000,0.370580,-0.386812,0.201173,0.707113,-0.707100,0.000046,-0.000002
arm_1_left_finger,401.905000,0.369256,-0.388195,0.201154,0.707113,-0.707100,0.000046,-0.000002
arm_1_left_finger,401.919000,0.367840,-0.389662,0.201134,0.707113,-0.707100,0.000045,-0.000000
arm_1_left_finger,401.932000,0.366536,-0.391006,0.201115,0.707113,-0.707100,0.000044,0.000001
arm_1_left_finger,401.944000,0.365341,-0.392229,0.201099,0.707113,-0.707100,0.000043,0.000002
arm_1_left_finger,401.956000,0.364152,-0.393437,0.201082,0.707113,-0.707101,0.000041,0.000004
arm_1_left_finger,401.969000,0.362874,-0.394728,0.201065,0.707113,-0.707101,0.000039,0.000006
arm_1_left_finger,401.982000,0.361605,-0.396001,0.201048,0.707113,-0.707101,0.000037,0.000008
arm_1_left_finger,401.995000,0.360346,-0.397255,0.201031,0.707113,-0.707101,0.000035,0.000011
arm_1_left_finger,402.008000,0.359096,-0.398492,0.201015,0.707113,-0.707101,0.000033,0.000013
arm_1_left_finger,402.021000,0.357856,-0.399711,0.200999,0.707113,-0.707101,0.000031,0.000015
arm_1_left_finger,402.034000,0.356626,-0.400913,0.200983,0.707113,-0.707101,0.000030,0.000016
arm_1_left_finger,402.047000,0.355405,-0.402098,0.200968,0.707113,-0.707101,0.000030,0.000016
arm_1_left_finger,402.060000,0.354196,-0.403266,0.200953,0.707113,-0.707101,0.000031,0.000016
arm_1_left_finger,402.073000,0.353006,-0.404408,0.200938,0.707113,-0.707101,0.000032,0.000015
arm_1_left_finger,402.087000,0.351727,-0.405630,0.200921,0.707113,-0.707101,0.000033,0.000014
arm_1_left_finger,402.099000,0.350640,-0.406661,0.200908,0.707112,-0.707101,0.000034,0.000013
arm_1_left_finger,402.112000,0.349474,-0.407762,0.200893,0.707112,-0.707101,0.000035,0.000013
arm_1_left_finger,402.125000,0.348320,-0.408846,0.200878,0.707112,-0.707101,0.000035,0.000013
arm_1_left_finger,402.137000,0.347264,-0.409833,0.200865,0.707112,-0.707101,0.000036,0.000012
arm_1_left_finger,402.149000,0.346218,-0.410805,0.200851,0.707112,-0.707101,0.000036,0.000012
arm_1_left_finger,402.162000,0.345097,-0.411842,0.200837,0.707112,-0.707101,0.000037,0.000011
arm_1_left_finger,402.174000,0.344072,-0.412785,0.200824,0.707112,-0.707101,0.000038,0.000011
arm_1_left_finger,402.187000,0.342973,-0.413792,0.200810,0.707112,-0.707101,0.000038,0.000011
arm_1_left_finger,402.198000,0.342052,-0.414631,0.200798,0.707112,-0.707101,0.000038,0.000011
arm_1_left_finger,402.210000,0.341058,-0.415533,0.200785,0.707112,-0.707101,0.000038,0.000011
arm_1_left_finger,402.222000,0.340073,-0.416422,0.200773,0.707112,-0.707101,0.000039,0.000010
arm_1_left_finger,402.233000,0.339180,-0.417225,0.200762,0.707112,-0.707102,0.000040,0.000010
arm_1_left_finger,402.245000,0.338216,-0.418088,0.200749,0.707112,-0.707102,0.000040,0.000010
arm_1_left_finger,402.258000,0.337183,-0.419009,0.200736,0.707112,-0.707102,0.000040,0.000010
arm_1_left_finger,402.270000,0.336240,-0.419845,0.200724,0.707112,-0.707102,0.000040,0.000010
arm_1_left_finger,402.283000,0.335230,-0.420736,0.200711,0.707112,-0.707102,0.000041,0.000009
arm_1_left_finger,402.295000,0.334310,-0.421545,0.200700,0.707112,-0.707102,0.000041,0.000009
arm_1_left_finger,402.303000,0.333703,-0.422077,0.200692,0.707112,-0.707102,0.000041,0.000009
arm_1_left_finger,402.315000,0.332801,-0.422865,0.200681,0.707112,-0.707102,0.000041,0.000009
arm_1_left_finger,402.328000,0.331835,-0.423704,0.200668,0.707112,-0.707102,0.000041,0.000009
arm_1_left_finger,402.341000,0.330882,-0.424528,0.200656,0.707112,-0.707102,0.000041,0.000010
arm_1_left_finger,402.354000,0.329942,-0.425337,0.200645,0.707112,-0.707102,0.000042,0.000009
arm_1_left_finger,402.367000,0.329015,-0.426132,0.200633,0.707112,-0.707102,0.000043,0.000009
arm_1_left_finger,402.379000,0.328177,-0.426849,0.200622,0.707112,-0.707102,0.000042,0.000009
arm_1_left_finger,402.392000,0.327277,-0.427615,0.200611,0.707112,-0.707102,0.000043,0.000009
arm_1_left_finger,402.405000,0.326387,-0.428368,0.200600,0.707112,-0.707102,0.000043,0.000009
arm_1_left_finger,402.418000,0.325512,-0.429107,0.200589,0.707111,-0.707102,0.000043,0.000009
arm_1_left_finger,402.431000,0.324649,-0.429832,0.200578,0.707111,-0.707102,0.000043,0.000009
arm_1_left_finger,402.444000,0.323800,-0.430542,0.200567,0.707111,-0.707102,0.000043,0.000009
arm_1_left_finger,402.457000,0.322965,-0.431239,0.200557,0.707111,-0.707102,0.000043,0.000009
arm_1_left_finger,402.471000,0.322081,-0.431973,0.200546,0.707111,-0.707102,0.000044,0.000009
arm_1_left_finger,402.484000,0.321275,-0.432640,0.200536,0.707111,-0.707102,0.000044,0.000009
arm_1_left_finger,402.497000,0.320482,-0.433293,0.200526,0.707111,-0.707102,0.000044,0.000009
arm_1_left_finger,402.509000,0.319762,-0.433884,0.200517,0.707111,-0.707102,0.000044,0.000009
arm_1_left_finger,402.522000,0.319007,-0.434503,0.200507,0.707111,-0.707102,0.000044,0.000009
arm_1_left_finger,402.535000,0.318252,-0.435118,0.200498,0.707111,-0.707102,0.000044,0.000009
arm_1_left_finger,402.548000,0.317513,-0.435720,0.200489,0.707111,-0.707102,0.000044,0.000009
arm_1_left_finger,402.559000,0.316898,-0.436218,0.200481,0.707111,-0.707102,0.000044,0.000009
arm_1_left_finger,402.571000,0.316238,-0.436750,0.200473,0.707111,-0.707102,0.000044,0.000009
arm_1_left_finger,402.584000,0.315538,-0.437315,0.200464,0.707111,-0.707102,0.000045,0.000009
arm_1_left_finger,402.597000,0.314853,-0.437865,0.200456,0.707111,-0.707102,0.000045,0.000009
arm_1_left_finger,402.610000,0.314182,-0.438402,0.200448,0.707111,-0.707103,0.000045,0.000009
arm_1_left_finger,402.624000,0.313475,-0.438966,0.200439,0.707111,-0.707103,0.000045,0.000009
arm_1_left_finger,402.639000,0.312736,-0.439554,0.200430,0.707111,-0.707103,0.000045,0.000009
arm_1_left_finger,402.653000,0.312064,-0.440087,0.200421,0.707111,-0.707103,0.000045,0.000009
arm_1_left_finger,402.666000,0.311455,-0.440568,0.200414,0.707111,-0.707103,0.000045,0.000009
arm_1_left_finger,402.679000,0.310861,-0.441036,0.200406,0.707111,-0.707103,0.000045,0.000009
arm_1_left_finger,402.692000,0.310281,-0.441492,0.200399,0.707111,-0.707103,0.000045,0.000009
arm_1_left_finger,402.706000,0.309673,-0.441969,0.200392,0.707111,-0.707103,0.000045,0.000009
arm_1_left_finger,402.720000,0.309082,-0.442431,0.200385,0.707111,-0.707103,0.000045,0.000009
arm_1_left_finger,402.734000,0.308508,-0.442878,0.200377,0.707111,-0.707103,0.000045,0.000009
arm_1_left_finger,402.747000,0.307990,-0.443281,0.200371,0.707111,-0.707103,0.000046,0.000009
arm_1_left_finger,402.760000,0.307487,-0.443671,0.200365,0.707111,-0.707103,0.000045,0.000009
arm_1_left_finger,402.773000,0.306999,-0.444049,0.200359,0.707111,-0.707103,0.000045,0.000010
arm_1_left_finger,402.787000,0.306490,-0.444442,0.200353,0.707111,-0.707103,0.000046,0.000009
arm_1_left_finger,402.800000,0.306034,-0.444794,0.200347,0.707111,-0.707103,0.000046,0.000009
arm_1_left_finger,402.813000,0.305592,-0.445134,0.200342,0.707111,-0.707103,0.000045,0.000010
arm_1_left_finger,402.827000,0.305133,-0.445487,0.200336,0.707111,-0.707103,0.000046,0.000010
arm_1_left_finger,402.840000,0.304722,-0.445801,0.200331,0.707111,-0.707103,0.000046,0.000009
arm_1_left_finger,402.853000,0.304326,-0.446104,0.200326,0.707111,-0.707103,0.000046,0.000009
arm_1_left_finger,402.862000,0.304061,-0.446307,0.200323,0.707111,-0.707103,0.000046,0.000010
arm_1_left_finger,402.872000,0.303774,-0.446525,0.200320,0.707111,-0.707103,0.000046,0.000010
arm_1_left_finger,402.882000,0.303497,-0.446736,0.200316,0.707111,-0.707103,0.000046,0.000010
arm_1_left_finger,402.889000,0.303310,-0.446878,0.200314,0.707111,-0.707103,0.000046,0.000010
arm_1_left_finger,402.897000,0.303100,-0.447038,0.200311,0.707111,-0.707103,0.000046,0.000009
arm_1_left_finger,402.909000,0.302795,-0.447269,0.200308,0.707111,-0.707103,0.000046,0.000009
arm_1_left_finger,402.921000,0.302503,-0.447491,0.200304,0.707111,-0.707103,0.000046,0.000009
arm_1_left_finger,402.934000,0.302201,-0.447719,0.200300,0.707111,-0.707103,0.000046,0.000009
arm_1_left_finger,402.947000,0.301916,-0.447935,0.200297,0.707111,-0.707103,0.000046,0.000009
arm_1_left_finger,402.960000,0.301646,-0.448139,0.200294,0.707111,-0.707103,0.000046,0.000009
arm_1_left_finger,402.972000,0.301409,-0.448318,0.200291,0.707111,-0.707103,0.000046,0.000009
arm_1_left_finger,402.983000,0.301203,-0.448473,0.200288,0.707111,-0.707103,0.000046,0.000010
arm_1_left_finger,402.995000,0.300991,-0.448632,0.200286,0.707111,-0.707103,0.000046,0.000010
arm_1_left_finger,403.008000,0.300777,-0.448794,0.200283,0.707111,-0.707103,0.000046,0.000009
arm_1_left_finger,403.020000,0.300592,-0.448932,0.200281,0.707111,-0.707103,0.000047,0.000009
arm_1_left_finger,403.032000,0.300420,-0.449061,0.200279,0.707111,-0.707103,0.000046,0.000010
arm_1_left_finger,403.045000,0.300250,-0.449189,0.200277,0.707111,-0.707103,0.000046,0.000010
arm_1_left_finger,403.058000,0.300094,-0.449306,0.200275,0.707111,-0.707103,0.000046,0.000010
arm_1_left_finger,403.071000,0.299954,-0.449411,0.200273,0.707111,-0.707103,0.000046,0.000010
arm_1_left_finger,403.084000,0.299829,-0.449504,0.200272,0.707111,-0.707103,0.000046,0.000010
arm_1_left_finger,403.097000,0.299720,-0.449586,0.200270,0.707111,-0.707103,0.000046,0.000010
arm_1_left_finger,403.110000,0.299626,-0.449656,0.200269,0.707111,-0.707103,0.000046,0.000010
arm_1_left_finger,403.123000,0.299547,-0.449715,0.200268,0.707111,-0.707103,0.000046,0.000010
arm_1_left_finger,403.134000,0.299493,-0.449755,0.200268,0.707111,-0.707103,0.000046,0.000010
arm_1_left_finger,403.146000,0.299443,-0.449793,0.200267,0.707111,-0.707103,0.000046,0.000010
arm_1_left_finger,403.157000,0.299404,-0.449821,0.200267,0.707110,-0.707103,0.000046,0.000010
arm_1_left_finger,403.169000,0.299370,-0.449847,0.200266,0.707110,-0.707103,0.000046,0.000010
arm_1_left_finger,403.181000,0.299341,-0.449869,0.200266,0.707110,-0.707103,0.000046,0.000010
arm_1_left_finger,403.193000,0.299317,-0.449887,0.200266,0.707110,-0.707103,0.000046,0.000010
arm_1_left_finger,403.206000,0.299332,-0.449875,0.200265,0.707110,-0.707103,0.000046,0.000010
arm_1_left_finger,403.218000,0.299344,-0.449867,0.200261,0.707110,-0.707103,0.000046,0.000010
arm_1_left_finger,403.231000,0.299355,-0.449860,0.200253,0.707111,-0.707103,0.000046,0.000010
arm_1_left_finger,403.244000,0.299365,-0.449854,0.200236,0.707111,-0.707103,0.000046,0.000010
arm_1_left_finger,403.256000,0.299373,-0.449851,0.200214,0.707111,-0.707103,0.000046,0.000010
arm_1_left_finger,403.269000,0.299380,-0.449850,0.200181,0.707111,-0.707103,0.000046,0.000010
arm_1_left_finger,403.281000,0.299387,-0.449850,0.200141,0.707111,-0.707103,0.000046,0.000010
arm_1_left_finger,403.294000,0.299394,-0.449852,0.200087,0.707111,-0.707103,0.000046,0.000010
arm_1_left_finger,403.307000,0.299401,-0.449855,0.200022,0.707111,-0.707103,0.000046,0.000010
arm_1_left_finger,403.320000,0.299409,-0.449860,0.199944,0.707111,-0.707103,0.000046,0.000010
arm_1_left_finger,403.334000,0.299417,-0.449866,0.199846,0.707111,-0.707103,0.000046,0.000010
arm_1_left_finger,403.348000,0.299426,-0.449874,0.199733,0.707111,-0.707103,0.000046,0.000010
arm_1_left_finger,403.360000,0.299434,-0.449882,0.199624,0.707111,-0.707103,0.000046,0.000010
arm_1_left_finger,403.373000,0.299443,-0.449893,0.199492,0.707111,-0.707103,0.000046,0.000010
arm_1_left_finger,403.385000,0.299452,-0.449903,0.199358,0.707111,-0.707103,0.000045,0.000010
arm_1_left_finger,403.398000,0.299462,-0.449916,0.199200,0.707111,-0.707103,0.000045,0.000010
arm_1_left_finger,403.411000,0.299473,-0.449930,0.199028,0.707111,-0.707103,0.000045,0.000010
arm_1_left_finger,403.424000,0.299485,-0.449945,0.198841,0.707111,-0.707102,0.000045,0.000010
arm_1_left_finger,403.438000,0.299498,-0.449962,0.198625,0.707111,-0.707102,0.000045,0.000010
arm_1_left_finger,403.451000,0.299511,-0.449980,0.198408,0.707111,-0.707102,0.000045,0.000010
arm_1_left_finger,403.464000,0.299525,-0.449998,0.198178,0.707111,-0.707102,0.000045,0.000010
arm_1_left_finger,403.477000,0.299540,-0.450018,0.197933,0.707111,-0.707102,0.000045,0.000009
arm_1_left_finger,403.491000,0.299557,-0.450040,0.197653,0.707112,-0.707102,0.000044,0.000009
arm_1_left_finger,403.504000,0.299573,-0.450062,0.197378,0.707112,-0.707102,0.000044,0.000009
arm_1_left_finger,403.517000,0.299590,-0.450085,0.197089,0.707112,-0.707102,0.000044,0.000010
arm_1_left_finger,403.530000,0.299608,-0.450109,0.196785,0.707112,-0.707102,0.000044,0.000010
arm_1_left_finger,403.543000,0.299626,-0.450134,0.196467,0.707112,-0.707102,0.000043,0.000009
arm_1_left_finger,403.557000,0.299646,-0.450162,0.196108,0.707112,-0.707101,0.000043,0.000009
arm_1_left_finger,403.563000,0.299655,-0.450174,0.195948,0.707112,-0.707101,0.000043,0.000009
arm_1_left_finger,403.567000,0.299662,-0.450183,0.195840,0.707112,-0.707101,0.000043,0.000009
arm_1_left_finger,403.572000,0.299669,-0.450193,0.195704,0.707112,-0.707101,0.000043,0.000009
arm_1_left_finger,403.582000,0.299685,-0.450215,0.195424,0.707112,-0.707101,0.000043,0.000009
arm_1_left_finger,403.592000,0.299701,-0.450237,0.195136,0.707113,-0.707101,0.000043,0.000009
arm_1_left_finger,403.601000,0.299716,-0.450257,0.194869,0.707113,-0.707101,0.000042,0.000010
arm_1_left_finger,403.613000,0.299736,-0.450285,0.194503,0.707113,-0.707101,0.000042,0.000009
arm_1_left_finger,403.626000,0.299758,-0.450316,0.194091,0.707113,-0.707101,0.000042,0.000009
arm_1_left_finger,403.638000,0.299780,-0.450345,0.193698,0.707113,-0.707100,0.000041,0.000009
arm_1_left_finger,403.651000,0.299803,-0.450377,0.193259,0.707113,-0.707100,0.000041,0.000009
arm_1_left_finger,403.664000,0.299827,-0.450410,0.192806,0.707113,-0.707100,0.000041,0.000009
arm_1_left_finger,403.676000,0.299850,-0.450441,0.192374,0.707114,-0.707100,0.000040,0.000009
arm_1_left_finger,403.689000,0.299875,-0.450475,0.191892,0.707114,-0.707100,0.000040,0.000009
arm_1_left_finger,403.702000,0.299900,-0.450510,0.191396,0.707114,-0.707100,0.000039,0.000009
arm_1_left_finger,403.715000,0.299926,-0.450546,0.190885,0.707114,-0.707099,0.000039,0.000009
arm_1_left_finger,403.728000,0.299952,-0.450582,0.190360,0.707114,-0.707099,0.000039,0.000009
arm_1_left_finger,403.740000,0.299976,-0.450616,0.189862,0.707115,-0.707099,0.000038,0.000009
arm_1_left_finger,403.753000,0.300003,-0.450653,0.189309,0.707115,-0.707099,0.000038,0.000009
arm_1_left_finger,403.766000,0.300030,-0.450690,0.188741,0.707115,-0.707099,0.000037,0.000009
arm_1_left_finger,403.779000,0.300057,-0.450728,0.188158,0.707115,-0.707098,0.000037,0.000009
arm_1_left_finger,403.791000,0.300083,-0.450763,0.187608,0.707115,-0.707098,0.000037,0.000009
arm_1_left_finger,403.804000,0.300111,-0.450802,0.186997,0.707116,-0.707098,0.000036,0.000009
arm_1_left_finger,403.817000,0.300138,-0.450841,0.186373,0.707116,-0.707098,0.000035,0.000009
arm_1_left_finger,403.830000,0.300166,-0.450880,0.185734,0.707116,-0.707097,0.000035,0.000009
arm_1_left_finger,403.843000,0.300195,-0.450919,0.185079,0.707116,-0.707097,0.000035,0.000008
arm_1_left_finger,403.856000,0.300223,-0.450959,0.184411,0.707117,-0.707097,0.000034,0.000008
arm_1_left_finger,403.869000,0.300251,-0.450998,0.183728,0.707117,-0.707097,0.000034,0.000008
arm_1_left_finger,403.882000,0.300279,-0.451038,0.183030,0.707117,-0.707096,0.000033,0.000008
arm_1_left_finger,403.896000,0.300309,-0.451080,0.182263,0.707118,-0.707096,0.000032,0.000008
arm_1_left_finger,403.908000,0.300335,-0.451117,0.181592,0.707118,-0.707096,0.000032,0.000008
arm_1_left_finger,403.921000,0.300363,-0.451156,0.180852,0.707118,-0.707095,0.000031,0.000008
arm_1_left_finger,403.934000,0.300391,-0.451195,0.180096,0.707118,-0.707095,0.000031,0.000008
arm_1_left_finger,403.947000,0.300418,-0.451234,0.179326,0.707119,-0.707095,0.000030,0.000008
arm_1_left_finger,403.960000,0.300445,-0.451273,0.178542,0.707119,-0.707094,0.000030,0.000008
arm_1_left_finger,403.974000,0.300474,-0.451314,0.177681,0.707119,-0.707094,0.000029,0.000008
arm_1_left_finger,403.987000,0.300501,-0.451352,0.176867,0.707120,-0.707094,0.000028,0.000008
arm_1_left_finger,404.000000,0.300527,-0.451390,0.176038,0.707120,-0.707093,0.000028,0.000008
arm_1_left_finger,404.013000,0.300553,-0.451426,0.175196,0.707120,-0.707093,0.000027,0.000007
arm_1_left_finger,404.026000,0.300578,-0.451463,0.174338,0.707121,-0.707093,0.000026,0.000008
arm_1_left_finger,404.037000,0.300598,-0.451493,0.173601,0.707121,-0.707093,0.000025,0.000008
arm_1_left_finger,404.051000,0.300624,-0.451531,0.172649,0.707121,-0.707092,0.000025,0.000008
arm_1_left_finger,404.065000,0.300649,-0.451568,0.171680,0.707122,-0.707092,0.000024,0.000007
arm_1_left_finger,404.079000,0.300674,-0.451604,0.170694,0.707122,-0.707091,0.000024,0.000007
arm_1_left_finger,404.092000,0.300696,-0.451636,0.169763,0.707123,-0.707091,0.000023,0.000007
arm_1_left_finger,404.105000,0.300717,-0.451668,0.168818,0.707123,-0.707091,0.000022,0.000007
arm_1_left_finger,404.119000,0.300738,-0.451701,0.167784,0.707123,-0.707090,0.000021,0.000007
arm_1_left_finger,404.132000,0.300757,-0.451730,0.166810,0.707124,-0.707090,0.000021,0.000007
arm_1_left_finger,404.146000,0.300777,-0.451760,0.165744,0.707124,-0.707089,0.000020,0.000007
arm_1_left_finger,404.160000,0.300795,-0.451789,0.164662,0.707125,-0.707089,0.000019,0.000007
arm_1_left_finger,404.174000,0.300812,-0.451816,0.163564,0.707125,-0.707089,0.000018,0.000006
arm_1_left_finger,404.188000,0.300828,-0.451842,0.162448,0.707125,-0.707088,0.000017,0.000006
arm_1_left_finger,404.202000,0.300842,-0.451866,0.161317,0.707126,-0.707088,0.000016,0.000006
arm_1_left_finger,404.215000,0.300855,-0.451886,0.160251,0.707126,-0.707087,0.000020,0.000002
arm_1_left_finger,404.226000,0.300864,-0.451902,0.159337,0.707127,-0.707087,0.000015,0.000006
arm_1_left_finger,404.234000,0.300870,-0.451913,0.158666,0.707127,-0.707087,0.000014,0.000006
arm_1_left_finger,404.242000,0.300876,-0.451923,0.157990,0.707127,-0.707086,0.000014,0.000006
arm_1_left_finger,404.251000,0.300881,-0.451934,0.157222,0.707128,-0.707086,0.000013,0.000006
arm_1_left_finger,404.259000,0.300885,-0.451943,0.156534,0.707128,-0.707086,0.000013,0.000006
arm_1_left_finger,404.263000,0.300887,-0.451947,0.156188,0.707128,-0.707086,0.000012,0.000006
arm_1_left_finger,404.271000,0.300892,-0.451955,0.155492,0.707128,-0.707085,0.000017,0.000001
arm_1_left_finger,404.281000,0.300925,-0.451963,0.154607,0.707128,-0.707085,0.000152,-0.000135
arm_1_left_finger,404.290000,0.300932,-0.451970,0.153813,0.707129,-0.707085,0.000054,-0.000039
arm_1_left_finger,404.300000,0.300937,-0.451976,0.152927,0.707129,-0.707084,0.000031,-0.000016
arm_1_left_finger,404.311000,0.300939,-0.451981,0.151950,0.707130,-0.707084,0.000023,-0.000008
arm_1_left_finger,404.321000,0.300941,-0.451984,0.151061,0.707130,-0.707084,0.000020,-0.000006
arm_1_left_finger,404.333000,0.300940,-0.451987,0.149996,0.707130,-0.707083,0.000014,-0.000001
arm_1_left_finger,404.345000,0.300939,-0.451987,0.148933,0.707131,-0.707083,0.000013,-0.000001
arm_1_left_finger,404.357000,0.300936,-0.451986,0.147876,0.707131,-0.707082,0.000014,-0.000003
arm_1_left_finger,404.368000,0.300932,-0.451983,0.146912,0.707132,-0.707082,0.000012,-0.000001
arm_1_left_finger,404.378000,0.300927,-0.451979,0.146041,0.707132,-0.707082,0.000012,-0.000002
arm_1_left_finger,404.390000,0.300920,-0.451973,0.145003,0.707132,-0.707081,0.000009,-0.000000
arm_1_left_finger,404.402000,0.300912,-0.451965,0.143974,0.707133,-0.707081,0.000011,-0.000003
arm_1_left_finger,404.415000,0.300901,-0.451954,0.142870,0.707133,-0.707080,0.000007,-0.000000
arm_1_left_finger,404.428000,0.300888,-0.451942,0.141778,0.707134,-0.707080,0.000005,0.000001
arm_1_left_finger,404.441000,0.300873,-0.451927,0.140698,0.707134,-0.707079,0.000003,0.000002
arm_1_left_finger,404.455000,0.300858,-0.451910,0.139549,0.707135,-0.707079,0.000009,-0.000005
arm_1_left_finger,404.469000,0.300843,-0.451891,0.138415,0.707135,-0.707079,0.000010,-0.000007
arm_1_left_finger,404.483000,0.300825,-0.451869,0.137297,0.707135,-0.707078,0.000009,-0.000007
arm_1_left_finger,404.495000,0.300809,-0.451850,0.136351,0.707136,-0.707078,0.000007,-0.000005
arm_1_left_finger,404.501000,0.300800,-0.451840,0.135883,0.707136,-0.707078,0.000006,-0.000005
arm_1_left_finger,404.508000,0.300790,-0.451827,0.135340,0.707136,-0.707077,0.000004,-0.000004
arm_1_left_finger,404.516000,0.300778,-0.451813,0.134725,0.707136,-0.707077,0.000003,-0.000003
arm_1_left_finger,404.527000,0.300760,-0.451792,0.133889,0.707137,-0.707077,0.000001,-0.000002
arm_1_left_finger,404.540000,0.300737,-0.451766,0.132913,0.707137,-0.707076,-0.000001,-0.000001
arm_1_left_finger,404.553000,0.300714,-0.451739,0.131951,0.707138,-0.707076,-0.000002,-0.000000
arm_1_left_finger,404.564000,0.300693,-0.451716,0.131149,0.707138,-0.707076,-0.000004,0.000000
arm_1_left_finger,404.577000,0.300668,-0.451687,0.130214,0.707138,-0.707075,-0.000005,0.000001
arm_1_left_finger,404.589000,0.300644,-0.451659,0.129364,0.707139,-0.707075,-0.000007,0.000002
arm_1_left_finger,404.602000,0.300617,-0.451628,0.128457,0.707139,-0.707075,-0.000008,0.000002
arm_1_left_finger,404.615000,0.300589,-0.451597,0.127565,0.707139,-0.707074,-0.000009,0.000003
arm_1_left_finger,404.628000,0.300560,-0.451564,0.126688,0.707140,-0.707074,-0.000011,0.000003
arm_1_left_finger,404.642000,0.300528,-0.451528,0.125759,0.707140,-0.707073,-0.000012,0.000004
arm_1_left_finger,404.655000,0.300498,-0.451495,0.124912,0.707140,-0.707073,-0.000013,0.000004
arm_1_left_finger,404.668000,0.300468,-0.451460,0.124079,0.707141,-0.707073,-0.000014,0.000004
arm_1_left_finger,404.681000,0.300437,-0.451425,0.123261,0.707141,-0.707072,-0.000015,0.000005
arm_1_left_finger,404.695000,0.300403,-0.451387,0.122396,0.707141,-0.707072,-0.000016,0.000005
arm_1_left_finger,404.708000,0.300371,-0.451351,0.121608,0.707142,-0.707072,-0.000017,0.000005
arm_1_left_finger,404.721000,0.300339,-0.451315,0.120835,0.707142,-0.707071,-0.000018,0.000005
arm_1_left_finger,404.735000,0.300305,-0.451275,0.120019,0.707142,-0.707071,-0.000019,0.000006
arm_1_left_finger,404.749000,0.300269,-0.451235,0.119219,0.707143,-0.707071,-0.000020,0.000006
arm_1_left_finger,404.763000,0.300234,-0.451195,0.118436,0.707143,-0.707071,-0.000021,0.000006
arm_1_left_finger,404.776000,0.300201,-0.451158,0.117724,0.707143,-0.707070,-0.000021,0.000006
arm_1_left_finger,404.790000,0.300166,-0.451118,0.116974,0.707144,-0.707070,-0.000022,0.000006
arm_1_left_finger,404.804000,0.300131,-0.451078,0.116241,0.707144,-0.707070,-0.000022,0.000005
arm_1_left_finger,404.818000,0.300096,-0.451038,0.115524,0.707144,-0.707069,-0.000022,0.000005
arm_1_left_finger,404.832000,0.300061,-0.450998,0.114824,0.707144,-0.707069,-0.000022,0.000005
arm_1_left_finger,404.845000,0.300029,-0.450961,0.114189,0.707145,-0.707069,-0.000023,0.000004
arm_1_left_finger,404.857000,0.299999,-0.450927,0.113616,0.707145,-0.707069,-0.000023,0.000004
arm_1_left_finger,404.868000,0.299972,-0.450895,0.113101,0.707145,-0.707068,-0.000024,0.000005
arm_1_left_finger,404.882000,0.299939,-0.450856,0.112461,0.707145,-0.707068,-0.000024,0.000004
arm_1_left_finger,404.894000,0.299910,-0.450823,0.111925,0.707146,-0.707068,-0.000024,0.000004
arm_1_left_finger,404.907000,0.299880,-0.450787,0.111359,0.707146,-0.707068,-0.000024,0.000003
arm_1_left_finger,404.920000,0.299849,-0.450752,0.110807,0.707146,-0.707067,-0.000024,0.000003
arm_1_left_finger,404.933000,0.299819,-0.450717,0.110270,0.707146,-0.707067,-0.000025,0.000003
arm_1_left_finger,404.946000,0.299790,-0.450682,0.109747,0.707147,-0.707067,-0.000025,0.000003
arm_1_left_finger,404.960000,0.299759,-0.450645,0.109199,0.707147,-0.707067,-0.000026,0.000003
arm_1_left_finger,404.974000,0.299728,-0.450609,0.108668,0.707147,-0.707067,-0.000026,0.000003
arm_1_left_finger,404.987000,0.299700,-0.450576,0.108190,0.707147,-0.707066,-0.000026,0.000003
arm_1_left_finger,405.001000,0.299671,-0.450542,0.107692,0.707147,-0.707066,-0.000027,0.000003
arm_1_left_finger,405.014000,0.299644,-0.450510,0.107244,0.707148,-0.707066,-0.000026,0.000002
arm_1_left_finger,405.028000,0.299616,-0.450477,0.106777,0.707148,-0.707066,-0.000028,0.000003
arm_1_left_finger,405.041000,0.299591,-0.450447,0.106358,0.707148,-0.707066,-0.000027,0.000002
arm_1_left_finger,405.054000,0.299566,-0.450418,0.105954,0.707148,-0.707065,-0.000027,0.000002
arm_1_left_finger,405.067000,0.299542,-0.450389,0.105564,0.707148,-0.707065,-0.000028,0.000002
arm_1_left_finger,405.081000,0.299517,-0.450359,0.105160,0.707148,-0.707065,-0.000028,0.000002
arm_1_left_finger,405.095000,0.299492,-0.450330,0.104773,0.707149,-0.707065,-0.000028,0.000002
arm_1_left_finger,405.108000,0.299470,-0.450304,0.104428,0.707149,-0.707065,-0.000029,0.000002
arm_1_left_finger,405.121000,0.299449,-0.450279,0.104097,0.707149,-0.707065,-0.000029,0.000002
arm_1_left_finger,405.134000,0.299429,-0.450255,0.103781,0.707149,-0.707065,-0.000029,0.000002
arm_1_left_finger,405.147000,0.299409,-0.450232,0.103478,0.707149,-0.707064,-0.000029,0.000001
arm_1_left_finger,405.161000,0.299389,-0.450208,0.103168,0.707149,-0.707064,-0.000029,0.000001
arm_1_left_finger,405.171000,0.299375,-0.450191,0.102957,0.707149,-0.707064,-0.000029,0.000001
arm_1_left_finger,405.178000,0.299366,-0.450180,0.102815,0.707149,-0.707064,-0.000029,0.000001
arm_1_left_finger,405.187000,0.299354,-0.450166,0.102637,0.707149,-0.707064,-0.000030,0.000001
arm_1_left_finger,405.194000,0.299345,-0.450155,0.102504,0.707149,-0.707064,-0.000029,0.000001
arm_1_left_finger,405.206000,0.299331,-0.450138,0.102285,0.707150,-0.707064,-0.000030,0.000001
arm_1_left_finger,405.217000,0.299318,-0.450123,0.102095,0.707150,-0.707064,-0.000030,0.000001
arm_1_left_finger,405.228000,0.299306,-0.450109,0.101915,0.707150,-0.707064,-0.000030,0.000001
arm_1_left_finger,405.240000,0.299294,-0.450094,0.101730,0.707150,-0.707064,-0.000030,0.000001
arm_1_left_finger,405.253000,0.299281,-0.450079,0.101544,0.707150,-0.707064,-0.000031,0.000001
arm_1_left_finger,405.266000,0.299269,-0.450065,0.101371,0.707150,-0.707064,-0.000031,0.000002
arm_1_left_finger,405.279000,0.299258,-0.450052,0.101213,0.707150,-0.707064,-0.000031,0.000001
arm_1_left_finger,405.292000,0.299248,-0.450040,0.101069,0.707150,-0.707063,-0.000030,0.000001
arm_1_left_finger,405.305000,0.299239,-0.450030,0.100939,0.707150,-0.707063,-0.000030,0.000001
arm_1_left_finger,405.319000,0.299230,-0.450020,0.100816,0.707150,-0.707063,-0.000031,0.000001
arm_1_left_finger,405.332000,0.299223,-0.450011,0.100715,0.707150,-0.707063,-0.000031,0.000001
arm_1_left_finger,405.346000,0.299217,-0.450004,0.100623,0.707150,-0.707063,-0.000031,0.000001
arm_1_left_finger,405.359000,0.299212,-0.449998,0.100552,0.707150,-0.707063,-0.000031,0.000000
arm_1_left_finger,405.371000,0.299208,-0.449994,0.100498,0.707150,-0.707063,-0.000031,0.000001
arm_1_left_finger,405.385000,0.299204,-0.449989,0.100447,0.707150,-0.707063,-0.000031,0.000001
arm_1_left_finger,405.398000,0.299201,-0.449986,0.100408,0.707150,-0.707063,-0.000032,0.000001
arm_1_left_finger,405.412000,0.299199,-0.449983,0.100375,0.707150,-0.707063,-0.000031,0.000001
arm_1_left_finger,405.426000,0.299197,-0.449981,0.100348,0.707150,-0.707063,-0.000032,0.000001
arm_1_left_finger,405.440000,0.299195,-0.449979,0.100327,0.707150,-0.707063,-0.000031,0.000001
arm_1_left_finger,405.454000,0.299123,-0.449978,0.100331,0.707150,-0.707063,-0.000284,0.000254
arm_1_left_finger,405.469000,0.298904,-0.449977,0.100383,0.707150,-0.707063,-0.000699,0.000668
arm_1_left_finger,405.486000,0.298525,-0.449976,0.100487,0.707150,-0.707062,-0.001075,0.001044
arm_1_left_finger,405.503000,0.298038,-0.449975,0.100632,0.707149,-0.707062,-0.001346,0.001315
arm_1_left_finger,405.520000,0.297465,-0.449974,0.100814,0.707149,-0.707061,-0.001575,0.001544
arm_1_left_finger,405.537000,0.296832,-0.449974,0.101025,0.707148,-0.707061,-0.001736,0.001706
arm_1_left_finger,405.553000,0.296193,-0.449974,0.101249,0.707148,-0.707061,-0.001857,0.001827
arm_1_left_finger,405.570000,0.295480,-0.449974,0.101510,0.707148,-0.707060,-0.001958,0.001927
arm_1_left_finger,405.587000,0.294744,-0.449974,0.101793,0.707148,-0.707060,-0.002030,0.001999
arm_1_left_finger,405.604000,0.293988,-0.449973,0.102097,0.707147,-0.707060,-0.002090,0.002060
arm_1_left_finger,405.621000,0.293222,-0.449973,0.102419,0.707147,-0.707060,-0.002133,0.002102
arm_1_left_finger,405.639000,0.292402,-0.449974,0.102779,0.707147,-0.707060,-0.002169,0.002139
arm_1_left_finger,405.657000,0.291577,-0.449974,0.103158,0.707147,-0.707060,-0.002194,0.002164
arm_1_left_finger,405.673000,0.290843,-0.449974,0.103509,0.707147,-0.707060,-0.002213,0.002183
arm_1_left_finger,405.690000,0.290064,-0.449974,0.103897,0.707147,-0.707060,-0.002227,0.002197
arm_1_left_finger,405.704000,0.289423,-0.449974,0.104228,0.707147,-0.707060,-0.002237,0.002207
arm_1_left_finger,405.716000,0.288876,-0.449974,0.104519,0.707147,-0.707060,-0.002244,0.002213
arm_1_left_finger,405.729000,0.288286,-0.449974,0.104842,0.707147,-0.707060,-0.002249,0.002219
arm_1_left_finger,405.746000,0.287518,-0.449974,0.105277,0.707147,-0.707060,-0.002255,0.002225
arm_1_left_finger,405.763000,0.286755,-0.449974,0.105724,0.707147,-0.707060,-0.002260,0.002230
arm_1_left_finger,405.780000,0.285999,-0.449974,0.106185,0.707147,-0.707060,-0.002264,0.002233
arm_1_left_finger,405.797000,0.285249,-0.449974,0.106659,0.707147,-0.707060,-0.002266,0.002236
arm_1_left_finger,405.812000,0.284593,-0.449974,0.107087,0.707147,-0.707060,-0.002268,0.002238
arm_1_left_finger,405.828000,0.283900,-0.449974,0.107554,0.707147,-0.707060,-0.002270,0.002240
arm_1_left_finger,405.844000,0.283214,-0.449975,0.108032,0.707147,-0.707060,-0.002271,0.002241
arm_1_left_finger,405.859000,0.282577,-0.449975,0.108490,0.707147,-0.707060,-0.002272,0.002242
arm_1_left_finger,405.876000,0.281874,-0.449975,0.109011,0.707147,-0.707060,-0.002193,0.002163
arm_1_left_finger,405.893000,0.281311,-0.449975,0.109442,0.707148,-0.707061,-0.001748,0.001717
arm_1_left_finger,405.910000,0.280884,-0.449975,0.109776,0.707149,-0.707062,-0.001350,0.001320
arm_1_left_finger,405.926000,0.280578,-0.449975,0.110020,0.707150,-0.707062,-0.001048,0.001018
arm_1_left_finger,405.942000,0.280341,-0.449975,0.110211,0.707150,-0.707063,-0.000823,0.000793
arm_1_left_finger,405.957000,0.280167,-0.449975,0.110352,0.707150,-0.707063,-0.000658,0.000628
arm_1_left_finger,405.970000,0.280048,-0.449975,0.110450,0.707150,-0.707063,-0.000539,0.000509
arm_1_left_finger,405.986000,0.279930,-0.449975,0.110547,0.707150,-0.707063,-0.000429,0.000399
arm_1_left_finger,406.002000,0.279840,-0.449975,0.110622,0.707150,-0.707063,-0.000336,0.000306
arm_1_left_finger,406.018000,0.279770,-0.449975,0.110680,0.707150,-0.707063,-0.000267,0.000237
arm_1_left_finger,406.034000,0.279716,-0.449975,0.110726,0.707150,-0.707063,-0.000216,0.000185
arm_1_left_finger,406.050000,0.279674,-0.449975,0.110761,0.707150,-0.707063,-0.000174,0.000144
arm_1_left_finger,406.067000,0.279640,-0.449976,0.110795,0.707150,-0.707063,-0.000139,0.000109
arm_1_left_finger,406.084000,0.279614,-0.449977,0.110830,0.707150,-0.707063,-0.000115,0.000084
arm_1_left_finger,406.100000,0.279597,-0.449979,0.110868,0.707150,-0.707063,-0.000095,0.000065
arm_1_left_finger,406.114000,0.279586,-0.449982,0.110910,0.707150,-0.707063,-0.000082,0.000052
arm_1_left_finger,406.124000,0.279581,-0.449985,0.110945,0.707150,-0.707063,-0.000075,0.000044
arm_1_left_finger,406.138000,0.279576,-0.449990,0.111003,0.707150,-0.707063,-0.000066,0.000035
arm_1_left_finger,406.152000,0.279574,-0.449997,0.111072,0.707150,-0.707063,-0.000059,0.000028
arm_1_left_finger,406.167000,0.279574,-0.450005,0.111157,0.707150,-0.707063,-0.000053,0.000022
arm_1_left_finger,406.183000,0.279577,-0.450016,0.111267,0.707150,-0.707063,-0.000048,0.000017
arm_1_left_finger,406.200000,0.279584,-0.450030,0.111404,0.707151,-0.707063,-0.000044,0.000013
arm_1_left_finger,406.216000,0.279592,-0.450044,0.111552,0.707151,-0.707063,-0.000041,0.000010
arm_1_left_finger,406.232000,0.279603,-0.450061,0.111719,0.707151,-0.707063,-0.000038,0.000008
arm_1_left_finger,406.248000,0.279616,-0.450080,0.111906,0.707151,-0.707063,-0.000037,0.000006
arm_1_left_finger,406.264000,0.279631,-0.450100,0.112112,0.707151,-0.707063,-0.000035,0.000005
arm_1_left_finger,406.281000,0.279648,-0.450124,0.112353,0.707151,-0.707063,-0.000034,0.000004
arm_1_left_finger,406.297000,0.279667,-0.450149,0.112602,0.707151,-0.707063,-0.000033,0.000003
arm_1_left_finger,406.313000,0.279687,-0.450176,0.112871,0.707151,-0.707063,-0.000033,0.000002
arm_1_left_finger,406.328000,0.279708,-0.450203,0.113141,0.707151,-0.707063,-0.000032,0.000002
arm_1_left_finger,406.344000,0.279731,-0.450233,0.113450,0.707151,-0.707063,-0.000032,0.000001
arm_1_left_finger,406.360000,0.279756,-0.450265,0.113781,0.707151,-0.707062,-0.000032,0.000001
arm_1_left_finger,406.376000,0.279784,-0.450299,0.114130,0.707151,-0.707062,-0.000022,-0.000009
arm_1_left_finger,406.392000,0.279812,-0.450335,0.114501,0.707151,-0.707062,-0.000032,0.000001
arm_1_left_finger,406.408000,0.279841,-0.450373,0.114895,0.707151,-0.707062,-0.000033,0.000002
arm_1_left_finger,406.422000,0.279868,-0.450407,0.115256,0.707151,-0.707062,-0.000032,0.000001
arm_1_left_finger,406.439000,0.279901,-0.450451,0.115717,0.707152,-0.707062,-0.000032,0.000001
arm_1_left_finger,406.456000,0.279938,-0.450496,0.116199,0.707152,-0.707062,-0.000031,-0.000001
arm_1_left_finger,406.473000,0.279975,-0.450543,0.116708,0.707152,-0.707062,-0.000033,0.000002
arm_1_left_finger,406.489000,0.280010,-0.450589,0.117208,0.707152,-0.707062,-0.000033,0.000001
arm_1_left_finger,406.505000,0.280047,-0.450637,0.117730,0.707152,-0.707061,-0.000033,0.000001
arm_1_left_finger,406.520000,0.280084,-0.450683,0.118237,0.707152,-0.707061,-0.000031,-0.000000
arm_1_left_finger,406.535000,0.280121,-0.450730,0.118764,0.707152,-0.707061,-0.000033,0.000002
arm_1_left_finger,406.552000,0.280163,-0.450784,0.119384,0.707152,-0.707061,-0.000033,0.000001
arm_1_left_finger,406.568000,0.280206,-0.450837,0.119987,0.707153,-0.707061,-0.000018,-0.000014
arm_1_left_finger,406.583000,0.280245,-0.450888,0.120575,0.707153,-0.707061,-0.000033,0.000001
arm_1_left_finger,406.597000,0.280282,-0.450936,0.121140,0.707153,-0.707061,-0.000034,0.000002
arm_1_left_finger,406.613000,0.280325,-0.450992,0.121806,0.707153,-0.707060,-0.000034,0.000001
arm_1_left_finger,406.629000,0.280371,-0.451049,0.122491,0.707153,-0.707060,-0.000030,-0.000003
arm_1_left_finger,406.646000,0.280419,-0.451110,0.123245,0.707153,-0.707060,-0.000034,0.000002
arm_1_left_finger,406.663000,0.280467,-0.451173,0.124022,0.707154,-0.707060,-0.000034,0.000001
arm_1_left_finger,406.680000,0.280518,-0.451236,0.124822,0.707154,-0.707060,-0.000028,-0.000005
arm_1_left_finger,406.697000,0.280568,-0.451300,0.125649,0.707154,-0.707060,-0.000035,0.000002
arm_1_left_finger,406.713000,0.280615,-0.451361,0.126449,0.707154,-0.707059,-0.000035,0.000002
arm_1_left_finger,406.729000,0.280665,-0.451422,0.127269,0.707154,-0.707059,-0.000024,-0.000009
arm_1_left_finger,406.746000,0.280715,-0.451488,0.128166,0.707155,-0.707059,-0.000035,0.000002
arm_1_left_finger,406.761000,0.280760,-0.451546,0.128977,0.707155,-0.707059,-0.000035,0.000002
arm_1_left_finger,406.777000,0.280811,-0.451608,0.129862,0.707155,-0.707059,-0.000024,-0.000010
arm_1_left_finger,406.793000,0.280858,-0.451670,0.130765,0.707155,-0.707058,-0.000035,0.000001
arm_1_left_finger,406.809000,0.280907,-0.451733,0.131696,0.707155,-0.707058,-0.000036,0.000002
arm_1_left_finger,406.825000,0.280957,-0.451795,0.132647,0.707156,-0.707058,-0.000026,-0.000008
arm_1_left_finger,406.841000,0.281005,-0.451857,0.133621,0.707156,-0.707058,-0.000036,0.000002
arm_1_left_finger,406.855000,0.281047,-0.451911,0.134491,0.707156,-0.707057,-0.000036,0.000002
arm_1_left_finger,406.870000,0.281094,-0.451969,0.135441,0.707156,-0.707057,-0.000026,-0.000009
arm_1_left_finger,406.886000,0.281140,-0.452029,0.136459,0.707157,-0.707057,-0.000036,0.000001
arm_1_left_finger,406.902000,0.281187,-0.452089,0.137509,0.707157,-0.707057,-0.000037,0.000002
arm_1_left_finger,406.918000,0.281235,-0.452149,0.138591,0.707157,-0.707056,-0.000033,-0.000002
arm_1_left_finger,406.934000,0.281281,-0.452208,0.139697,0.707157,-0.707056,-0.000037,0.000002
arm_1_left_finger,406.950000,0.281326,-0.452266,0.140823,0.707158,-0.707056,-0.000037,0.000001
arm_1_left_finger,406.964000,0.281367,-0.452316,0.141824,0.707158,-0.707056,-0.000036,0.000000
arm_1_left_finger,406.980000,0.281410,-0.452372,0.142989,0.707158,-0.707055,-0.000038,0.000002
arm_1_left_finger,406.996000,0.281454,-0.452426,0.144175,0.707159,-0.707055,-0.000030,-0.000006
arm_1_left_finger,407.012000,0.281495,-0.452480,0.145385,0.707159,-0.707055,-0.000038,0.000002
arm_1_left_finger,407.028000,0.281535,-0.452531,0.146615,0.707159,-0.707054,-0.000038,0.000002
arm_1_left_finger,407.044000,0.281575,-0.452581,0.147866,0.707159,-0.707054,-0.000037,0.000000
arm_1_left_finger,407.058000,0.281608,-0.452623,0.148981,0.707160,-0.707054,-0.000039,0.000002
arm_1_left_finger,407.074000,0.281646,-0.452669,0.150274,0.707160,-0.707054,-0.000029,-0.000009
arm_1_left_finger,407.090000,0.281679,-0.452713,0.151590,0.707160,-0.707053,-0.000039,0.000002
arm_1_left_finger,407.107000,0.281714,-0.452757,0.153013,0.707161,-0.707053,-0.000039,0.000002
arm_1_left_finger,407.124000,0.281748,-0.452798,0.154459,0.707161,-0.707053,-0.000039,0.000001
arm_1_left_finger,407.141000,0.281777,-0.452837,0.155931,0.707161,-0.707052,-0.000040,0.000002
arm_1_left_finger,407.157000,0.281805,-0.452870,0.157339,0.707162,-0.707052,-0.000038,-0.000000
arm_1_left_finger,407.174000,0.281830,-0.452902,0.158860,0.707162,-0.707052,-0.000041,0.000002
arm_1_left_finger,407.191000,0.281854,-0.452931,0.160403,0.707162,-0.707051,-0.000038,-0.000002
arm_1_left_finger,407.208000,0.281874,-0.452956,0.161974,0.707163,-0.707051,-0.000041,0.000002
arm_1_left_finger,407.225000,0.281892,-0.452978,0.163569,0.707163,-0.707050,-0.000037,-0.000002
arm_1_left_finger,407.242000,0.281905,-0.452995,0.165193,0.707164,-0.707050,-0.000042,0.000002
arm_1_left_finger,407.260000,0.281918,-0.453009,0.166930,0.707164,-0.707050,-0.000039,-0.000002
arm_1_left_finger,407.277000,0.281924,-0.453017,0.168582,0.707164,-0.707049,-0.000042,0.000002
arm_1_left_finger,407.294000,0.281929,-0.453020,0.170233,0.707165,-0.707049,-0.000038,-0.000003
arm_1_left_finger,407.311000,0.281927,-0.453019,0.171880,0.707165,-0.707048,-0.000043,0.000002
arm_1_left_finger,407.328000,0.281925,-0.453014,0.173517,0.707166,-0.707048,-0.000037,-0.000004
arm_1_left_finger,407.345000,0.281917,-0.453004,0.175134,0.707166,-0.707048,-0.000043,0.000002
arm_1_left_finger,407.362000,0.281908,-0.452990,0.176739,0.707166,-0.707047,-0.000034,-0.000008
arm_1_left_finger,407.379000,0.281893,-0.452972,0.178332,0.707167,-0.707047,-0.000044,0.000001
arm_1_left_finger,407.395000,0.281879,-0.452951,0.179814,0.707167,-0.707046,-0.000031,-0.000011
arm_1_left_finger,407.412000,0.281859,-0.452925,0.181372,0.707167,-0.707046,-0.000044,0.000001
arm_1_left_finger,407.428000,0.281837,-0.452897,0.182819,0.707168,-0.707046,-0.000044,0.000001
arm_1_left_finger,407.443000,0.281817,-0.452869,0.184155,0.707168,-0.707045,-0.000043,-0.000001
arm_1_left_finger,407.459000,0.281790,-0.452835,0.185562,0.707168,-0.707045,-0.000045,0.000001
arm_1_left_finger,407.475000,0.281764,-0.452799,0.186948,0.707169,-0.707045,-0.000036,-0.000008
arm_1_left_finger,407.491000,0.281734,-0.452760,0.188316,0.707169,-0.707044,-0.000045,0.000001
arm_1_left_finger,407.507000,0.281701,-0.452719,0.189662,0.707169,-0.707044,-0.000045,0.000001
arm_1_left_finger,407.523000,0.281669,-0.452676,0.190986,0.707170,-0.707044,-0.000043,-0.000001
arm_1_left_finger,407.539000,0.281633,-0.452630,0.192291,0.707170,-0.707044,-0.000046,0.000001
arm_1_left_finger,407.554000,0.281601,-0.452585,0.193493,0.707170,-0.707043,-0.000031,-0.000014
arm_1_left_finger,407.570000,0.281562,-0.452536,0.194755,0.707171,-0.707043,-0.000046,0.000000
arm_1_left_finger,407.586000,0.281522,-0.452484,0.195997,0.707171,-0.707043,-0.000046,0.000001
arm_1_left_finger,407.603000,0.281480,-0.452428,0.197293,0.707171,-0.707042,-0.000041,-0.000004
arm_1_left_finger,407.619000,0.281437,-0.452374,0.198491,0.707172,-0.707042,-0.000047,0.000001
arm_1_left_finger,407.634000,0.281396,-0.452321,0.199595,0.707172,-0.707042,-0.000047,0.000000
arm_1_left_finger,407.648000,0.281359,-0.452271,0.200606,0.707172,-0.707042,-0.000042,-0.000004
arm_1_left_finger,407.658000,0.281331,-0.452235,0.201320,0.707172,-0.707041,-0.000047,0.000000
arm_1_left_finger,407.671000,0.281294,-0.452188,0.202234,0.707172,-0.707041,-0.000047,0.000001
arm_1_left_finger,407.686000,0.281250,-0.452132,0.203272,0.707173,-0.707041,-0.000047,0.000000
arm_1_left_finger,407.702000,0.281205,-0.452072,0.204357,0.707173,-0.707041,-0.000046,-0.000001
arm_1_left_finger,407.718000,0.281158,-0.452011,0.205422,0.707173,-0.707040,-0.000048,0.000000
arm_1_left_finger,407.735000,0.281107,-0.451946,0.206530,0.707173,-0.707040,-0.000047,0.000000
arm_1_left_finger,407.750000,0.281063,-0.451887,0.207486,0.707174,-0.707040,-0.000047,-0.000001
arm_1_left_finger,407.765000,0.281017,-0.451829,0.208423,0.707174,-0.707040,-0.000048,0.000000
arm_1_left_finger,407.771000,0.280999,-0.451806,0.208793,0.707174,-0.707040,-0.000048,0.000000
arm_1_left_finger,407.774000,0.280990,-0.451794,0.208977,0.707174,-0.707040,-0.000048,0.000000
arm_1_left_finger,407.778000,0.280978,-0.451778,0.209221,0.707174,-0.707039,-0.000048,0.000000
arm_1_left_finger,407.787000,0.280952,-0.451743,0.209763,0.707174,-0.707039,-0.000034,-0.000014
arm_1_left_finger,407.798000,0.280919,-0.451700,0.210413,0.707174,-0.707039,-0.000046,-0.000002
arm_1_left_finger,407.805000,0.280897,-0.451673,0.210825,0.707174,-0.707039,-0.000048,-0.000000
arm_1_left_finger,407.810000,0.280882,-0.451653,0.211116,0.707175,-0.707039,-0.000048,0.000000
arm_1_left_finger,407.811000,0.280879,-0.451649,0.211175,0.707175,-0.707039,-0.000048,0.000000
arm_1_left_finger,407.819000,0.280854,-0.451618,0.211637,0.707175,-0.707039,-0.000048,0.000000
arm_1_left_finger,407.826000,0.280833,-0.451590,0.212036,0.707175,-0.707039,-0.000048,0.000000
arm_1_left_finger,407.834000,0.280808,-0.451559,0.212488,0.707175,-0.707039,-0.000048,-0.000000
arm_1_left_finger,407.845000,0.280777,-0.451516,0.213098,0.707175,-0.707039,-0.000042,-0.000006
arm_1_left_finger,407.858000,0.280737,-0.451465,0.213808,0.707175,-0.707038,-0.000048,-0.000000
arm_1_left_finger,407.871000,0.280697,-0.451414,0.214503,0.707175,-0.707038,-0.000049,0.000000
arm_1_left_finger,407.883000,0.280661,-0.451368,0.215132,0.707175,-0.707038,-0.000049,-0.000000
arm_1_left_finger,407.898000,0.280618,-0.451310,0.215899,0.707176,-0.707038,-0.000038,-0.000011
arm_1_left_finger,407.912000,0.280576,-0.451257,0.216600,0.707176,-0.707038,-0.000048,-0.000001
arm_1_left_finger,407.927000,0.280532,-0.451200,0.217332,0.707176,-0.707038,-0.000049,-0.000000
arm_1_left_finger,407.943000,0.280486,-0.451141,0.218091,0.707176,-0.707037,-0.000049,-0.000000
arm_1_left_finger,407.958000,0.280444,-0.451086,0.218782,0.707176,-0.707037,-0.000040,-0.000009
arm_1_left_finger,407.973000,0.280402,-0.451031,0.219455,0.707176,-0.707037,-0.000049,-0.000001
arm_1_left_finger,407.987000,0.280362,-0.450981,0.220065,0.707177,-0.707037,-0.000049,-0.000000
arm_1_left_finger,408.002000,0.280321,-0.450928,0.220702,0.707177,-0.707037,-0.000049,-0.000001
arm_1_left_finger,408.018000,0.280280,-0.450873,0.221356,0.707177,-0.707037,-0.000036,-0.000014
arm_1_left_finger,408.034000,0.280238,-0.450819,0.221989,0.707177,-0.707036,-0.000049,-0.000001
arm_1_left_finger,408.049000,0.280199,-0.450769,0.222566,0.707177,-0.707036,-0.000050,-0.000000
arm_1_left_finger,408.064000,0.280161,-0.450721,0.223123,0.707177,-0.707036,-0.000049,-0.000001
arm_1_left_finger,408.079000,0.280124,-0.450673,0.223661,0.707177,-0.707036,-0.000049,-0.000001
arm_1_left_finger,408.094000,0.280090,-0.450627,0.224177,0.707178,-0.707036,-0.000047,-0.000003
arm_1_left_finger,408.107000,0.280059,-0.450588,0.224611,0.707178,-0.707036,-0.000050,-0.000000
arm_1_left_finger,408.123000,0.280023,-0.450542,0.225125,0.707178,-0.707036,-0.000050,-0.000001
arm_1_left_finger,408.138000,0.279990,-0.450499,0.225587,0.707178,-0.707036,-0.000050,-0.000001
arm_1_left_finger,408.153000,0.279958,-0.450459,0.226030,0.707178,-0.707036,-0.000049,-0.000001
arm_1_left_finger,408.167000,0.279931,-0.450422,0.226424,0.707178,-0.707035,-0.000044,-0.000006
arm_1_left_finger,408.181000,0.279903,-0.450386,0.226803,0.707178,-0.707035,-0.000050,-0.000001
arm_1_left_finger,408.197000,0.279873,-0.450348,0.227216,0.707178,-0.707035,-0.000050,-0.000001
arm_1_left_finger,408.212000,0.279845,-0.450313,0.227584,0.707178,-0.707035,-0.000050,-0.000001
arm_1_left_finger,408.226000,0.279821,-0.450282,0.227909,0.707178,-0.707035,-0.000050,-0.000001
arm_1_left_finger,408.240000,0.279798,-0.450252,0.228218,0.707179,-0.707035,-0.000050,-0.000001
arm_1_left_finger,408.255000,0.279776,-0.450222,0.228528,0.707179,-0.707035,-0.000047,-0.000005
arm_1_left_finger,408.270000,0.279754,-0.450194,0.228820,0.707179,-0.707035,-0.000050,-0.000001
arm_1_left_finger,408.285000,0.279733,-0.450167,0.229094,0.707179,-0.707035,-0.000050,-0.000001
arm_1_left_finger,408.297000,0.279717,-0.450147,0.229298,0.707179,-0.707035,-0.000050,-0.000001
arm_1_left_finger,408.301000,0.279712,-0.450141,0.229363,0.707179,-0.707035,-0.000050,-0.000001
arm_1_left_finger,408.316000,0.279694,-0.450118,0.229598,0.707179,-0.707035,-0.000050,-0.000001
arm_1_left_finger,408.331000,0.279677,-0.450096,0.229813,0.707179,-0.707035,-0.000050,-0.000002
arm_1_left_finger,408.346000,0.279664,-0.450077,0.230006,0.707179,-0.707035,-0.000042,-0.000009
arm_1_left_finger,408.361000,0.279650,-0.450060,0.230182,0.707179,-0.707035,-0.000050,-0.000001
arm_1_left_finger,408.376000,0.279638,-0.450044,0.230339,0.707179,-0.707034,-0.000051,-0.000001
arm_1_left_finger,408.392000,0.279626,-0.450029,0.230485,0.707179,-0.707034,-0.000050,-0.000001
arm_1_left_finger,408.406000,0.279617,-0.450018,0.230596,0.707179,-0.707034,-0.000050,-0.000001
arm_1_left_finger,408.414000,0.279613,-0.450013,0.230651,0.707179,-0.707034,-0.000050,-0.000001
arm_1_left_finger,408.425000,0.279608,-0.450006,0.230718,0.707179,-0.707034,-0.000050,-0.000002
arm_1_left_finger,408.437000,0.279603,-0.450000,0.230780,0.707179,-0.707034,-0.000082,0.000031
arm_1_left_finger,408.452000,0.279598,-0.449994,0.230842,0.707179,-0.707034,-0.000052,0.000001
arm_1_left_finger,408.467000,0.279594,-0.449989,0.230891,0.707179,-0.707034,-0.000056,0.000005
arm_1_left_finger,408.482000,0.279593,-0.449985,0.230929,0.707179,-0.707034,-0.000050,-0.000001
arm_1_left_finger,408.495000,0.279590,-0.449982,0.230956,0.707179,-0.707034,-0.000051,-0.000001
arm_1_left_finger,408.506000,0.279588,-0.449980,0.230975,0.707179,-0.707034,-0.000051,-0.000001
arm_1_left_finger,408.520000,0.279586,-0.449978,0.230995,0.707179,-0.707034,-0.000050,-0.000001
arm_1_left_finger,408.534000,0.279585,-0.449977,0.231011,0.707179,-0.707034,-0.000050,-0.000001
arm_1_left_finger,408.549000,0.279585,-0.449976,0.231013,0.707179,-0.707034,-0.000049,-0.000002
arm_1_left_finger,408.564000,0.279589,-0.449975,0.231007,0.707180,-0.707034,-0.000082,0.000037
arm_1_left_finger,408.578000,0.279599,-0.449972,0.231006,0.707181,-0.707033,-0.000034,0.000004
arm_1_left_finger,408.591000,0.279615,-0.449966,0.231010,0.707183,-0.707031,-0.000022,0.000017
arm_1_left_finger,408.605000,0.279641,-0.449955,0.231020,0.707186,-0.707027,0.000009,0.000029
arm_1_left_finger,408.618000,0.279676,-0.449940,0.231036,0.707190,-0.707023,0.000049,0.000044
arm_1_left_finger,408.633000,0.279729,-0.449918,0.231061,0.707197,-0.707017,0.000125,0.000053
arm_1_left_finger,408.644000,0.279777,-0.449897,0.231085,0.707203,-0.707011,0.000219,0.000037
arm_1_left_finger,408.658000,0.279852,-0.449866,0.231123,0.707212,-0.707001,0.000325,0.000050
arm_1_left_finger,408.669000,0.279920,-0.449836,0.231158,0.707221,-0.706993,0.000420,0.000066
arm_1_left_finger,408.683000,0.280021,-0.449793,0.231210,0.707233,-0.706980,0.000565,0.000082
arm_1_left_finger,408.697000,0.280137,-0.449743,0.231270,0.707247,-0.706966,0.000733,0.000102
arm_1_left_finger,408.713000,0.280290,-0.449678,0.231349,0.707266,-0.706947,0.000925,0.000154
arm_1_left_finger,408.729000,0.280462,-0.449604,0.231440,0.707287,-0.706925,0.001182,0.000174
arm_1_left_finger,408.743000,0.280631,-0.449531,0.231529,0.707308,-0.706904,0.001429,0.000198
arm_1_left_finger,408.759000,0.280845,-0.449439,0.231641,0.707334,-0.706877,0.001741,0.000229
arm_1_left_finger,408.775000,0.281080,-0.449337,0.231765,0.707363,-0.706847,0.002044,0.000304
arm_1_left_finger,408.789000,0.281303,-0.449240,0.231883,0.707390,-0.706819,0.002371,0.000335
arm_1_left_finger,408.798000,0.281454,-0.449175,0.231962,0.707409,-0.706800,0.002616,0.000332
arm_1_left_finger,408.812000,0.281705,-0.449066,0.232095,0.707439,-0.706768,0.002939,0.000410
arm_1_left_finger,408.827000,0.281993,-0.448941,0.232247,0.707474,-0.706731,0.003370,0.000442
arm_1_left_finger,408.842000,0.282300,-0.448807,0.232410,0.707511,-0.706692,0.003819,0.000485
arm_1_left_finger,408.857000,0.282627,-0.448663,0.232583,0.707551,-0.706649,0.004295,0.000532
arm_1_left_finger,408.872000,0.282974,-0.448512,0.232766,0.707592,-0.706605,0.004797,0.000584
arm_1_left_finger,408.887000,0.283340,-0.448351,0.232960,0.707636,-0.706557,0.005294,0.000672
arm_1_left_finger,408.903000,0.283751,-0.448170,0.233179,0.707685,-0.706504,0.005902,0.000721
arm_1_left_finger,408.919000,0.284184,-0.447978,0.233409,0.707736,-0.706447,0.006534,0.000780
arm_1_left_finger,408.935000,0.284640,-0.447776,0.233652,0.707789,-0.706387,0.007157,0.000884
arm_1_left_finger,408.949000,0.285057,-0.447591,0.233873,0.707838,-0.706331,0.007768,0.000938
arm_1_left_finger,408.961000,0.285419,-0.447429,0.234067,0.707880,-0.706283,0.008290,0.000993
arm_1_left_finger,408.974000,0.285837,-0.447242,0.234289,0.707929,-0.706227,0.008897,0.001051
arm_1_left_finger,408.988000,0.286302,-0.447033,0.234538,0.707982,-0.706165,0.009572,0.001114
arm_1_left_finger,409.004000,0.286853,-0.446785,0.234832,0.708045,-0.706090,0.010379,0.001184
arm_1_left_finger,409.021000,0.287464,-0.446509,0.235159,0.708115,-0.706007,0.011234,0.001298
arm_1_left_finger,409.037000,0.288060,-0.446238,0.235479,0.708182,-0.705925,0.012112,0.001366
arm_1_left_finger,409.054000,0.288714,-0.445940,0.235830,0.708255,-0.705834,0.013070,0.001443
arm_1_left_finger,409.071000,0.289397,-0.445627,0.236197,0.708331,-0.705739,0.014037,0.001557
arm_1_left_finger,409.088000,0.290104,-0.445301,0.236578,0.708409,-0.705639,0.015078,0.001633
arm_1_left_finger,409.105000,0.290836,-0.444962,0.236972,0.708489,-0.705535,0.016149,0.001717
arm_1_left_finger,409.121000,0.291547,-0.444631,0.237356,0.708565,-0.705434,0.017160,0.001825
arm_1_left_finger,409.138000,0.292326,-0.444267,0.237778,0.708649,-0.705321,0.018307,0.001904
arm_1_left_finger,409.155000,0.293129,-0.443889,0.238213,0.708734,-0.705205,0.019444,0.002030
arm_1_left_finger,409.170000,0.293858,-0.443544,0.238608,0.708810,-0.705098,0.020523,0.002093
arm_1_left_finger,409.182000,0.294455,-0.443261,0.238933,0.708872,-0.705010,0.021389,0.002162
arm_1_left_finger,409.196000,0.295166,-0.442921,0.239320,0.708945,-0.704903,0.022435,0.002229
arm_1_left_finger,409.211000,0.295946,-0.442547,0.239746,0.709025,-0.704786,0.023583,0.002300
arm_1_left_finger,409.226000,0.296745,-0.442162,0.240182,0.709105,-0.704664,0.024757,0.002373
arm_1_left_finger,409.240000,0.297507,-0.441792,0.240599,0.709181,-0.704548,0.025874,0.002443
arm_1_left_finger,409.255000,0.298342,-0.441385,0.241057,0.709263,-0.704420,0.027071,0.002545
arm_1_left_finger,409.271000,0.299253,-0.440938,0.241558,0.709351,-0.704277,0.028424,0.002607
arm_1_left_finger,409.287000,0.300185,-0.440478,0.242071,0.709440,-0.704130,0.029800,0.002676
arm_1_left_finger,409.303000,0.301138,-0.440004,0.242597,0.709530,-0.703980,0.031171,0.002779
arm_1_left_finger,409.319000,0.302111,-0.439517,0.243136,0.709621,-0.703822,0.032624,0.002829
arm_1_left_finger,409.335000,0.303106,-0.439016,0.243687,0.709712,-0.703660,0.034100,0.002887
arm_1_left_finger,409.340000,0.303420,-0.438857,0.243862,0.709740,-0.703610,0.034535,0.002935
arm_1_left_finger,409.353000,0.304243,-0.438439,0.244319,0.709814,-0.703475,0.035757,0.002980
arm_1_left_finger,409.369000,0.305283,-0.437907,0.244899,0.709906,-0.703301,0.037312,0.003021
arm_1_left_finger,409.385000,0.306344,-0.437362,0.245492,0.709998,-0.703122,0.038890,0.003068
arm_1_left_finger,409.401000,0.307424,-0.436802,0.246097,0.710090,-0.702940,0.040467,0.003141
arm_1_left_finger,409.416000,0.308454,-0.436264,0.246676,0.710176,-0.702762,0.042012,0.003168
arm_1_left_finger,409.431000,0.309503,-0.435712,0.247267,0.710262,-0.702580,0.043580,0.003196
arm_1_left_finger,409.446000,0.310570,-0.435147,0.247869,0.710348,-0.702392,0.045173,0.003222
arm_1_left_finger,409.461000,0.311654,-0.434569,0.248482,0.710433,-0.702202,0.046759,0.003279
arm_1_left_finger,409.477000,0.312829,-0.433937,0.249149,0.710524,-0.701990,0.048536,0.003279
arm_1_left_finger,409.493000,0.314024,-0.433290,0.249830,0.710614,-0.701772,0.050332,0.003283
arm_1_left_finger,409.508000,0.315162,-0.432669,0.250480,0.710697,-0.701565,0.052007,0.003322
arm_1_left_finger,409.524000,0.316395,-0.431990,0.251186,0.710785,-0.701335,0.053878,0.003300
arm_1_left_finger,409.539000,0.317569,-0.431340,0.251860,0.710867,-0.701113,0.055651,0.003283
arm_1_left_finger,409.553000,0.318679,-0.430719,0.252500,0.710943,-0.700902,0.057326,0.003265
arm_1_left_finger,409.569000,0.319967,-0.429994,0.253244,0.711028,-0.700656,0.059243,0.003265
arm_1_left_finger,409.584000,0.321191,-0.429299,0.253954,0.711106,-0.700417,0.061107,0.003218
arm_1_left_finger,409.600000,0.322515,-0.428540,0.254724,0.711189,-0.700154,0.063124,0.003161
arm_1_left_finger,409.615000,0.323773,-0.427813,0.255459,0.711264,-0.699906,0.065001,0.003141
arm_1_left_finger,409.631000,0.325134,-0.427021,0.256255,0.711343,-0.699629,0.067090,0.003054
arm_1_left_finger,409.647000,0.326512,-0.426211,0.257066,0.711420,-0.699346,0.069198,0.002968
arm_1_left_finger,409.663000,0.327910,-0.425382,0.257891,0.711494,-0.699058,0.071308,0.002902
arm_1_left_finger,409.680000,0.329414,-0.424481,0.258782,0.711571,-0.698740,0.073625,0.002776
arm_1_left_finger,409.696000,0.330848,-0.423614,0.259635,0.711641,-0.698438,0.075791,0.002693
arm_1_left_finger,409.712000,0.332300,-0.422728,0.260502,0.711708,-0.698122,0.078045,0.002540
arm_1_left_finger,409.728000,0.333770,-0.421822,0.261383,0.711773,-0.697804,0.080272,0.002433
arm_1_left_finger,409.744000,0.335257,-0.420897,0.262279,0.711834,-0.697471,0.082591,0.002250
arm_1_left_finger,409.760000,0.336762,-0.419952,0.263188,0.711893,-0.697131,0.084929,0.002065
arm_1_left_finger,409.775000,0.338188,-0.419048,0.264054,0.711945,-0.696809,0.087110,0.001919
arm_1_left_finger,409.791000,0.339726,-0.418064,0.264992,0.711997,-0.696451,0.089516,0.001696
arm_1_left_finger,409.806000,0.341182,-0.417122,0.265883,0.712042,-0.696110,0.091788,0.001485
arm_1_left_finger,409.821000,0.342653,-0.416163,0.266788,0.712084,-0.695764,0.094056,0.001291
arm_1_left_finger,409.837000,0.344238,-0.415119,0.267767,0.712126,-0.695381,0.096549,0.001023
arm_1_left_finger,409.853000,0.345839,-0.414053,0.268761,0.712163,-0.694995,0.099025,0.000785
arm_1_left_finger,409.868000,0.347354,-0.413034,0.269705,0.712194,-0.694618,0.101422,0.000498
arm_1_left_finger,409.884000,0.348985,-0.411926,0.270727,0.712222,-0.694207,0.104000,0.000180
arm_1_left_finger,409.898000,0.350425,-0.410938,0.271634,0.712243,-0.693846,0.106240,-0.000072
arm_1_left_finger,409.914000,0.352085,-0.409788,0.272683,0.712263,-0.693416,0.108882,-0.000434
arm_1_left_finger,409.928000,0.353550,-0.408763,0.273614,0.712276,-0.693033,0.111208,-0.000756
arm_1_left_finger,409.940000,0.354814,-0.407870,0.274421,0.712284,-0.692699,0.113216,-0.001042
arm_1_left_finger,409.955000,0.356406,-0.406735,0.275442,0.712290,-0.692278,0.115724,-0.001389
arm_1_left_finger,409.970000,0.358011,-0.405580,0.276476,0.712291,-0.691841,0.118297,-0.001795
arm_1_left_finger,409.985000,0.359627,-0.404404,0.277523,0.712287,-0.691395,0.120889,-0.002216
arm_1_left_finger,410.001000,0.361365,-0.403126,0.278655,0.712277,-0.690915,0.123655,-0.002658
arm_1_left_finger,410.017000,0.363116,-0.401823,0.279802,0.712261,-0.690417,0.126484,-0.003160
arm_1_left_finger,410.033000,0.364880,-0.400496,0.280964,0.712239,-0.689916,0.129299,-0.003642
arm_1_left_finger,410.049000,0.366658,-0.399143,0.282142,0.712210,-0.689394,0.132193,-0.004201
arm_1_left_finger,410.066000,0.368560,-0.397678,0.283411,0.712172,-0.688836,0.135253,-0.004774
arm_1_left_finger,410.082000,0.370364,-0.396271,0.284622,0.712129,-0.688290,0.138206,-0.005386
arm_1_left_finger,410.097000,0.372066,-0.394929,0.285772,0.712082,-0.687769,0.140990,-0.005974
arm_1_left_finger,410.112000,0.373777,-0.393564,0.286935,0.712029,-0.687244,0.143763,-0.006551
arm_1_left_finger,410.127000,0.375496,-0.392178,0.288110,0.711969,-0.686701,0.146598,-0.007195
arm_1_left_finger,410.142000,0.377220,-0.390771,0.289296,0.711902,-0.686161,0.149391,-0.007803
arm_1_left_finger,410.155000,0.378717,-0.389537,0.290332,0.711839,-0.685674,0.151875,-0.008403
arm_1_left_finger,410.167000,0.380098,-0.388388,0.291293,0.711776,-0.685221,0.154165,-0.008963
arm_1_left_finger,410.182000,0.381824,-0.386936,0.292501,0.711691,-0.684646,0.157042,-0.009693
arm_1_left_finger,410.196000,0.383432,-0.385568,0.293634,0.711606,-0.684104,0.159723,-0.010384
arm_1_left_finger,410.210000,0.385037,-0.384189,0.294771,0.711516,-0.683565,0.162365,-0.011053
arm_1_left_finger,410.224000,0.386638,-0.382797,0.295913,0.711419,-0.683008,0.165059,-0.011793
arm_1_left_finger,410.238000,0.388234,-0.381395,0.297058,0.711316,-0.682447,0.167745,-0.012544
arm_1_left_finger,410.252000,0.389825,-0.379983,0.298207,0.711208,-0.681894,0.170374,-0.013256
arm_1_left_finger,410.267000,0.391523,-0.378459,0.299441,0.711085,-0.681276,0.173267,-0.014119
arm_1_left_finger,410.281000,0.393101,-0.377026,0.300596,0.710964,-0.680698,0.175948,-0.014927
arm_1_left_finger,410.296000,0.394784,-0.375480,0.301837,0.710829,-0.680086,0.178763,-0.015756
arm_1_left_finger,410.311000,0.396460,-0.373923,0.303081,0.710686,-0.679450,0.181645,-0.016680
arm_1_left_finger,410.326000,0.398128,-0.372356,0.304327,0.710537,-0.678811,0.184508,-0.017609
arm_1_left_finger,410.341000,0.399787,-0.370778,0.305577,0.710382,-0.678180,0.187315,-0.018505
arm_1_left_finger,410.356000,0.401438,-0.369190,0.306828,0.710219,-0.677526,0.190178,-0.019485
arm_1_left_finger,410.371000,0.403080,-0.367592,0.308083,0.710050,-0.676870,0.193023,-0.020473
arm_1_left_finger,410.386000,0.404714,-0.365983,0.309340,0.709875,-0.676220,0.195818,-0.021434
arm_1_left_finger,410.400000,0.406230,-0.364473,0.310516,0.709704,-0.675595,0.198468,-0.022398
arm_1_left_finger,410.416000,0.407954,-0.362737,0.311862,0.709502,-0.674876,0.201485,-0.023517
arm_1_left_finger,410.431000,0.409560,-0.361099,0.313126,0.709307,-0.674208,0.204266,-0.024542
arm_1_left_finger,410.445000,0.411051,-0.359562,0.314308,0.709118,-0.673567,0.206896,-0.025559
arm_1_left_finger,410.461000,0.412744,-0.357794,0.315662,0.708896,-0.672847,0.209836,-0.026682
arm_1_left_finger,410.474000,0.414113,-0.356350,0.316764,0.708709,-0.672241,0.212270,-0.027664
arm_1_left_finger,410.488000,0.415578,-0.354787,0.317952,0.708501,-0.671584,0.214884,-0.028737
arm_1_left_finger,410.503000,0.417139,-0.353104,0.319228,0.708273,-0.670876,0.217672,-0.029900
arm_1_left_finger,410.517000,0.418587,-0.351523,0.320421,0.708056,-0.670227,0.220215,-0.030946
arm_1_left_finger,410.532000,0.420129,-0.349821,0.321701,0.707814,-0.669504,0.223002,-0.032160
arm_1_left_finger,410.548000,0.421763,-0.347996,0.323069,0.707549,-0.668730,0.225954,-0.033463
arm_1_left_finger,410.564000,0.423385,-0.346159,0.324439,0.707278,-0.667963,0.228859,-0.034749
arm_1_left_finger,410.580000,0.424997,-0.344313,0.325812,0.706997,-0.667175,0.231796,-0.036100
arm_1_left_finger,410.596000,0.426596,-0.342456,0.327188,0.706711,-0.666396,0.234680,-0.037425
arm_1_left_finger,410.611000,0.428086,-0.340705,0.328480,0.706434,-0.665645,0.237418,-0.038733
arm_1_left_finger,410.625000,0.429466,-0.339064,0.329688,0.706173,-0.664962,0.239901,-0.039903
arm_1_left_finger,410.640000,0.430935,-0.337296,0.330984,0.705882,-0.664195,0.242637,-0.041263
arm_1_left_finger,410.655000,0.432394,-0.335520,0.332282,0.705585,-0.663428,0.245348,-0.042624
arm_1_left_finger,410.670000,0.433843,-0.333734,0.333583,0.705284,-0.662673,0.248004,-0.043955
arm_1_left_finger,410.685000,0.435280,-0.331940,0.334885,0.704974,-0.661893,0.250704,-0.045361
arm_1_left_finger,410.700000,0.436712,-0.330138,0.336189,0.704657,-0.661112,0.253381,-0.046771
arm_1_left_finger,410.715000,0.438128,-0.328326,0.337496,0.704333,-0.660324,0.256052,-0.048204
arm_1_left_finger,410.730000,0.439533,-0.326506,0.338805,0.704004,-0.659535,0.258704,-0.049644
arm_1_left_finger,410.744000,0.440834,-0.324800,0.340029,0.703690,-0.658794,0.261169,-0.051004
arm_1_left_finger,410.759000,0.442218,-0.322963,0.341342,0.703349,-0.658002,0.263783,-0.052459
arm_1_left_finger,410.774000,0.443592,-0.321118,0.342658,0.703001,-0.657203,0.266392,-0.053938
arm_1_left_finger,410.789000,0.444954,-0.319265,0.343975,0.702645,-0.656393,0.269004,-0.055448
arm_1_left_finger,410.804000,0.446306,-0.317404,0.345294,0.702282,-0.655576,0.271611,-0.056983
arm_1_left_finger,410.818000,0.447557,-0.315659,0.346528,0.701938,-0.654808,0.274035,-0.058432
arm_1_left_finger,410.832000,0.448798,-0.313907,0.347763,0.701587,-0.654035,0.276454,-0.059899
arm_1_left_finger,410.848000,0.450205,-0.311896,0.349176,0.701184,-0.653169,0.279150,-0.061535
arm_1_left_finger,410.864000,0.451599,-0.309876,0.350592,0.700765,-0.652260,0.281921,-0.063284
arm_1_left_finger,410.880000,0.452979,-0.307847,0.352011,0.700341,-0.651354,0.284660,-0.065032
arm_1_left_finger,410.895000,0.454262,-0.305937,0.353342,0.699940,-0.650518,0.287173,-0.066641
arm_1_left_finger,410.910000,0.455533,-0.304019,0.354676,0.699528,-0.649656,0.289724,-0.068322
arm_1_left_finger,410.925000,0.456792,-0.302093,0.356011,0.699117,-0.648818,0.292196,-0.069947
arm_1_left_finger,410.941000,0.458122,-0.300030,0.357438,0.698660,-0.647878,0.294911,-0.071797
arm_1_left_finger,410.957000,0.459439,-0.297959,0.358867,0.698199,-0.646942,0.297592,-0.073643
arm_1_left_finger,410.972000,0.460662,-0.296009,0.360209,0.697764,-0.646080,0.300049,-0.075344
arm_1_left_finger,410.986000,0.461792,-0.294183,0.361463,0.697347,-0.645248,0.302378,-0.076998
arm_1_left_finger,411.001000,0.462991,-0.292219,0.362808,0.696901,-0.644380,0.304804,-0.078723
arm_1_left_finger,411.017000,0.464256,-0.290116,0.364245,0.696409,-0.643413,0.307455,-0.080664
arm_1_left_finger,411.033000,0.465508,-0.288005,0.365684,0.695917,-0.642472,0.310024,-0.082550
arm_1_left_finger,411.049000,0.466746,-0.285885,0.367126,0.695409,-0.641491,0.312650,-0.084533
arm_1_left_finger,411.064000,0.467894,-0.283891,0.368479,0.694935,-0.640602,0.315027,-0.086330
arm_1_left_finger,411.080000,0.469105,-0.281756,0.369924,0.694411,-0.639608,0.317629,-0.088353
arm_1_left_finger,411.096000,0.470302,-0.279613,0.371372,0.693889,-0.638642,0.320149,-0.090321
arm_1_left_finger,411.112000,0.471484,-0.277463,0.372821,0.693351,-0.637639,0.322718,-0.092376
arm_1_left_finger,411.128000,0.472653,-0.275305,0.374273,0.692812,-0.636657,0.325222,-0.094395
arm_1_left_finger,411.145000,0.473878,-0.273003,0.375817,0.692233,-0.635608,0.327861,-0.096556
arm_1_left_finger,411.161000,0.475017,-0.270829,0.377273,0.691670,-0.634584,0.330394,-0.098677
arm_1_left_finger,411.177000,0.476141,-0.268648,0.378730,0.691108,-0.633585,0.332850,-0.100750
arm_1_left_finger,411.192000,0.477181,-0.266596,0.380099,0.690568,-0.632619,0.335186,-0.102761
arm_1_left_finger,411.207000,0.478209,-0.264538,0.381469,0.690029,-0.631675,0.337459,-0.104733
arm_1_left_finger,411.223000,0.479291,-0.262336,0.382932,0.689437,-0.630632,0.339924,-0.106915
arm_1_left_finger,411.239000,0.480358,-0.260127,0.384397,0.688846,-0.629608,0.342330,-0.109068
arm_1_left_finger,411.256000,0.481475,-0.257772,0.385956,0.688210,-0.628516,0.344866,-0.111370
arm_1_left_finger,411.272000,0.482512,-0.255548,0.387424,0.687593,-0.627452,0.347290,-0.113615
arm_1_left_finger,411.287000,0.483470,-0.253458,0.388803,0.687019,-0.626482,0.349492,-0.115673
arm_1_left_finger,411.303000,0.484477,-0.251221,0.390276,0.686389,-0.625410,0.351882,-0.117948
arm_1_left_finger,411.320000,0.485531,-0.248838,0.391842,0.685719,-0.624288,0.354363,-0.120338
arm_1_left_finger,411.336000,0.486507,-0.246588,0.393318,0.685083,-0.623235,0.356667,-0.122590
arm_1_left_finger,411.352000,0.487467,-0.244332,0.394796,0.684428,-0.622142,0.359014,-0.124925
arm_1_left_finger,411.366000,0.488295,-0.242352,0.396091,0.683862,-0.621218,0.360991,-0.126913
arm_1_left_finger,411.380000,0.489111,-0.240368,0.397387,0.683277,-0.620254,0.363016,-0.128981
arm_1_left_finger,411.395000,0.489972,-0.238237,0.398777,0.682658,-0.619255,0.365109,-0.131140
arm_1_left_finger,411.410000,0.490820,-0.236101,0.400168,0.682016,-0.618208,0.367259,-0.133394
arm_1_left_finger,411.426000,0.491709,-0.233817,0.401654,0.681338,-0.617124,0.369472,-0.135745
arm_1_left_finger,411.443000,0.492637,-0.231383,0.403234,0.680596,-0.615927,0.371870,-0.138332
arm_1_left_finger,411.460000,0.493546,-0.228944,0.404817,0.679855,-0.614753,0.374202,-0.140886
arm_1_left_finger,411.477000,0.494438,-0.226498,0.406401,0.679107,-0.613577,0.376507,-0.143451
arm_1_left_finger,411.494000,0.495312,-0.224045,0.407986,0.678354,-0.612402,0.378783,-0.146022
arm_1_left_finger,411.511000,0.496168,-0.221587,0.409574,0.677573,-0.611171,0.381120,-0.148702
arm_1_left_finger,411.527000,0.496957,-0.219268,0.411070,0.676847,-0.610051,0.383232,-0.151163
arm_1_left_finger,411.542000,0.497682,-0.217090,0.412473,0.676148,-0.608966,0.385242,-0.153537
arm_1_left_finger,411.557000,0.498393,-0.214907,0.413878,0.675455,-0.607909,0.387186,-0.155868
arm_1_left_finger,411.574000,0.499182,-0.212427,0.415472,0.674662,-0.606705,0.389370,-0.158527
arm_1_left_finger,411.590000,0.499907,-0.210089,0.416974,0.673888,-0.605519,0.391483,-0.161130
arm_1_left_finger,411.607000,0.500660,-0.207599,0.418571,0.673076,-0.604296,0.393640,-0.163836
arm_1_left_finger,411.623000,0.501352,-0.205252,0.420075,0.672291,-0.603110,0.395698,-0.166451
arm_1_left_finger,411.640000,0.502070,-0.202752,0.421675,0.671460,-0.601871,0.397824,-0.169200
arm_1_left_finger,411.657000,0.502768,-0.200248,0.423276,0.670623,-0.600631,0.399922,-0.171959
arm_1_left_finger,411.673000,0.503409,-0.197887,0.424785,0.669814,-0.599428,0.401924,-0.174623
arm_1_left_finger,411.688000,0.503994,-0.195669,0.426200,0.669062,-0.598328,0.403735,-0.177080
arm_1_left_finger,411.704000,0.504602,-0.193300,0.427711,0.668258,-0.597158,0.405637,-0.179701
arm_1_left_finger,411.720000,0.505194,-0.190927,0.429224,0.667421,-0.595927,0.407603,-0.182430
arm_1_left_finger,411.736000,0.505770,-0.188551,0.430737,0.666599,-0.594741,0.409476,-0.185090
arm_1_left_finger,411.753000,0.506362,-0.186022,0.432347,0.665698,-0.593432,0.411508,-0.188002
arm_1_left_finger,411.770000,0.506935,-0.183489,0.433957,0.664811,-0.592167,0.413448,-0.190851
arm_1_left_finger,411.787000,0.507490,-0.180952,0.435569,0.663891,-0.590843,0.415443,-0.193803
arm_1_left_finger,411.803000,0.507994,-0.178561,0.437087,0.663042,-0.589643,0.417227,-0.196513
arm_1_left_finger,411.819000,0.508481,-0.176167,0.438607,0.662161,-0.588387,0.419065,-0.199319
arm_1_left_finger,411.836000,0.508980,-0.173620,0.440222,0.661238,-0.587091,0.420935,-0.202246
arm_1_left_finger,411.853000,0.509460,-0.171070,0.441839,0.660285,-0.585745,0.422844,-0.205257
arm_1_left_finger,411.870000,0.509921,-0.168517,0.443456,0.659339,-0.584427,0.424685,-0.208232
arm_1_left_finger,411.887000,0.510362,-0.165960,0.445075,0.658388,-0.583108,0.426497,-0.211214
arm_1_left_finger,411.903000,0.510759,-0.163552,0.446600,0.657468,-0.581828,0.428227,-0.214086
arm_1_left_finger,411.919000,0.511140,-0.161141,0.448125,0.656558,-0.580576,0.429894,-0.216922
arm_1_left_finger,411.936000,0.511525,-0.158578,0.449747,0.655584,-0.579243,0.431639,-0.219945
arm_1_left_finger,411.951000,0.511848,-0.156313,0.451178,0.654699,-0.578026,0.433209,-0.222679
arm_1_left_finger,411.968000,0.512196,-0.153745,0.452802,0.653707,-0.576678,0.434917,-0.225737
arm_1_left_finger,411.985000,0.512525,-0.151175,0.454426,0.652710,-0.575332,0.436594,-0.228798
arm_1_left_finger,412.002000,0.512834,-0.148603,0.456051,0.651678,-0.573929,0.438316,-0.231950
arm_1_left_finger,412.019000,0.513123,-0.146029,0.457677,0.650660,-0.572562,0.439959,-0.235053
arm_1_left_finger,412.036000,0.513392,-0.143453,0.459304,0.649637,-0.571197,0.441571,-0.238162
arm_1_left_finger,412.052000,0.513627,-0.141028,0.460836,0.648644,-0.569866,0.443120,-0.241160
arm_1_left_finger,412.068000,0.513845,-0.138602,0.462368,0.647666,-0.568570,0.444597,-0.244111
arm_1_left_finger,412.084000,0.514045,-0.136177,0.463899,0.646689,-0.567284,0.446036,-0.247052
arm_1_left_finger,412.100000,0.514227,-0.133756,0.465428,0.645671,-0.565933,0.447530,-0.250090
arm_1_left_finger,412.116000,0.514391,-0.131344,0.466951,0.644681,-0.564637,0.448929,-0.253049
arm_1_left_finger,412.132000,0.514537,-0.128943,0.468467,0.643663,-0.563298,0.450358,-0.256069
arm_1_left_finger,412.147000,0.514657,-0.126708,0.469880,-0.642734,0.562090,-0.451614,0.258829
arm_1_left_finger,412.164000,0.514774,-0.124193,0.471468,-0.641681,0.560728,-0.453007,0.261944
arm_1_left_finger,412.181000,0.514871,-0.121698,0.473044,-0.640593,0.559309,-0.454442,0.265132
arm_1_left_finger,412.197000,0.514945,-0.119373,0.474513,-0.639604,0.558037,-0.455693,0.268039
arm_1_left_finger,412.214000,0.515005,-0.116925,0.476061,-0.638559,0.556698,-0.456983,0.271102
arm_1_left_finger,412.231000,0.515046,-0.114503,0.477592,-0.637478,0.555304,-0.458318,0.274235
arm_1_left_finger,412.248000,0.515070,-0.112107,0.479107,-0.636434,0.553974,-0.459551,0.277267
arm_1_left_finger,412.266000,0.515076,-0.109599,0.480693,-0.635333,0.552576,-0.460821,0.280456
arm_1_left_finger,412.283000,0.515064,-0.107260,0.482174,-0.634274,0.551225,-0.462035,0.283498
arm_1_left_finger,412.301000,0.515034,-0.104811,0.483724,-0.633181,0.549847,-0.463238,0.286638
arm_1_left_finger,412.318000,0.514990,-0.102528,0.485170,-0.632163,0.548569,-0.464324,0.289559
arm_1_left_finger,412.334000,0.514934,-0.100405,0.486515,-0.631183,0.547331,-0.465372,0.292346
arm_1_left_finger,412.350000,0.514866,-0.098307,0.487845,-0.630240,0.546157,-0.466329,0.295037
arm_1_left_finger,412.367000,0.514780,-0.096106,0.489240,-0.629211,0.544867,-0.467380,0.297942
arm_1_left_finger,412.384000,0.514680,-0.093933,0.490619,-0.628219,0.543635,-0.468346,0.300757
arm_1_left_finger,412.400000,0.514574,-0.091915,0.491900,-0.627265,0.542447,-0.469274,0.303432
arm_1_left_finger,412.412000,0.514488,-0.090418,0.492851,-0.626562,0.541576,-0.469939,0.305407
arm_1_left_finger,412.419000,0.514434,-0.089551,0.493401,-0.626161,0.541082,-0.470307,0.306536
arm_1_left_finger,412.435000,0.514305,-0.087589,0.494648,-0.625253,0.539966,-0.471125,0.309091
arm_1_left_finger,412.451000,0.514166,-0.085653,0.495879,-0.624318,0.538810,-0.471976,0.311688
arm_1_left_finger,412.467000,0.514017,-0.083742,0.497095,-0.623431,0.537728,-0.472732,0.314176
arm_1_left_finger,412.483000,0.513859,-0.081857,0.498295,-0.622505,0.536587,-0.473545,0.316729
arm_1_left_finger,412.499000,0.513693,-0.079998,0.499479,-0.621598,0.535477,-0.474313,0.319230
arm_1_left_finger,412.515000,0.513517,-0.078164,0.500647,-0.620720,0.534411,-0.475021,0.321662
arm_1_left_finger,412.531000,0.513334,-0.076356,0.501800,-0.619828,0.533323,-0.475745,0.324109
arm_1_left_finger,412.547000,0.513144,-0.074574,0.502937,-0.618971,0.532287,-0.476403,0.326476
arm_1_left_finger,412.563000,0.512947,-0.072819,0.504057,-0.618093,0.531221,-0.477086,0.328868
arm_1_left_finger,412.580000,0.512730,-0.070981,0.505231,-0.617200,0.530146,-0.477740,0.331322
arm_1_left_finger,412.596000,0.512519,-0.069279,0.506320,-0.616337,0.529104,-0.478383,0.333657
arm_1_left_finger,412.613000,0.512288,-0.067499,0.507459,-0.615472,0.528069,-0.478979,0.336031
arm_1_left_finger,412.630000,0.512052,-0.065747,0.508580,-0.614567,0.526978,-0.479631,0.338462
arm_1_left_finger,412.646000,0.511824,-0.064125,0.509619,-0.613737,0.525982,-0.480205,0.340695
arm_1_left_finger,412.663000,0.511577,-0.062431,0.510705,-0.612897,0.524983,-0.480746,0.342979
arm_1_left_finger,412.680000,0.511325,-0.060765,0.511773,-0.612029,0.523945,-0.481325,0.345296
arm_1_left_finger,412.696000,0.511084,-0.059224,0.512763,-0.611231,0.522994,-0.481837,0.347429
arm_1_left_finger,412.712000,0.510839,-0.057708,0.513737,-0.610468,0.522092,-0.482294,0.349487
arm_1_left_finger,412.729000,0.510575,-0.056126,0.514753,-0.609633,0.521099,-0.482815,0.351702
arm_1_left_finger,412.745000,0.510324,-0.054664,0.515694,-0.608866,0.520191,-0.483273,0.353738
arm_1_left_finger,412.761000,0.510072,-0.053235,0.516614,-0.608143,0.519342,-0.483670,0.355681
arm_1_left_finger,412.776000,0.509833,-0.051910,0.517468,-0.607439,0.518509,-0.484078,0.357541
arm_1_left_finger,412.791000,0.509591,-0.050608,0.518307,-0.606746,0.517692,-0.484468,0.359368
arm_1_left_finger,412.806000,0.509349,-0.049328,0.519133,-0.606063,0.516889,-0.484844,0.361165
arm_1_left_finger,412.822000,0.509089,-0.047987,0.519998,-0.605346,0.516048,-0.485228,0.363049
arm_1_left_finger,412.837000,0.508844,-0.046754,0.520795,-0.604724,0.515324,-0.485520,0.364720
arm_1_left_finger,412.850000,0.508632,-0.045703,0.521474,-0.604161,0.514666,-0.485807,0.366196
arm_1_left_finger,412.865000,0.508390,-0.044526,0.522235,-0.603517,0.513911,-0.486140,0.367874
arm_1_left_finger,412.880000,0.508144,-0.043354,0.522993,-0.602879,0.513166,-0.486457,0.369535
arm_1_left_finger,412.896000,0.507882,-0.042129,0.523787,-0.602208,0.512383,-0.486786,0.371279
arm_1_left_finger,412.913000,0.507604,-0.040856,0.524612,-0.601509,0.511569,-0.487120,0.373093
arm_1_left_finger,412.930000,0.507327,-0.039611,0.525419,-0.600825,0.510773,-0.487437,0.374867
arm_1_left_finger,412.947000,0.507052,-0.038396,0.526207,-0.600195,0.510048,-0.487686,0.376536
arm_1_left_finger,412.964000,0.506778,-0.037210,0.526978,-0.599526,0.509270,-0.487993,0.378253
arm_1_left_finger,412.980000,0.506522,-0.036119,0.527687,-0.598919,0.508568,-0.488256,0.379816
arm_1_left_finger,412.997000,0.506252,-0.034987,0.528423,-0.598286,0.507836,-0.488526,0.381443
arm_1_left_finger,413.014000,0.505984,-0.033883,0.529141,-0.597668,0.507122,-0.488783,0.383031
arm_1_left_finger,413.032000,0.505704,-0.032746,0.529882,-0.597028,0.506385,-0.489041,0.384669
arm_1_left_finger,413.048000,0.505458,-0.031761,0.530524,-0.596475,0.505748,-0.489258,0.386086
arm_1_left_finger,413.064000,0.505214,-0.030801,0.531150,-0.595936,0.505128,-0.489464,0.387468
arm_1_left_finger,413.078000,0.505004,-0.029981,0.531684,-0.595476,0.504600,-0.489634,0.388646
arm_1_left_finger,413.093000,0.504781,-0.029124,0.532244,-0.594993,0.504047,-0.489810,0.389880
arm_1_left_finger,413.108000,0.504562,-0.028288,0.532790,-0.594521,0.503505,-0.489979,0.391087
arm_1_left_finger,413.124000,0.504331,-0.027420,0.533357,-0.594028,0.502942,-0.490151,0.392341
arm_1_left_finger,413.140000,0.504105,-0.026576,0.533909,-0.593548,0.502392,-0.490317,0.393563
arm_1_left_finger,413.155000,0.503896,-0.025808,0.534411,-0.593112,0.501895,-0.490462,0.394673
arm_1_left_finger,413.169000,0.503705,-0.025111,0.534868,-0.592723,0.501451,-0.490582,0.395671
arm_1_left_finger,413.181000,0.503544,-0.024528,0.535250,-0.592369,0.501045,-0.490716,0.396548
arm_1_left_finger,413.192000,0.503399,-0.024009,0.535589,-0.592076,0.500713,-0.490805,0.397294
arm_1_left_finger,413.204000,0.503243,-0.023451,0.535955,-0.591769,0.500364,-0.490890,0.398086
arm_1_left_finger,413.217000,0.503076,-0.022862,0.536341,-0.591409,0.499952,-0.491021,0.398975
arm_1_left_finger,413.228000,0.502938,-0.022377,0.536660,-0.591134,0.499640,-0.491101,0.399675
arm_1_left_finger,413.241000,0.502778,-0.021818,0.537026,-0.590822,0.499286,-0.491186,0.400474
arm_1_left_finger,413.256000,0.502598,-0.021193,0.537437,-0.590477,0.498895,-0.491273,0.401362
arm_1_left_finger,413.268000,0.502457,-0.020708,0.537755,-0.590164,0.498537,-0.491395,0.402118
arm_1_left_finger,413.282000,0.502297,-0.020159,0.538115,-0.589851,0.498182,-0.491481,0.402912
arm_1_left_finger,413.296000,0.502141,-0.019629,0.538464,-0.589562,0.497856,-0.491544,0.403659
arm_1_left_finger,413.310000,0.501989,-0.019117,0.538800,-0.589235,0.497483,-0.491663,0.404451
arm_1_left_finger,413.324000,0.501842,-0.018623,0.539125,-0.588953,0.497164,-0.491735,0.405166
arm_1_left_finger,413.337000,0.501710,-0.018181,0.539416,-0.588724,0.496907,-0.491770,0.405771
arm_1_left_finger,413.349000,0.501591,-0.017788,0.539675,-0.588458,0.496604,-0.491874,0.406400
arm_1_left_finger,413.362000,0.501467,-0.017377,0.539946,-0.588238,0.496356,-0.491914,0.406975
arm_1_left_finger,413.377000,0.501328,-0.016921,0.540245,-0.587946,0.496024,-0.492014,0.407680
arm_1_left_finger,413.393000,0.501186,-0.016459,0.540550,-0.587679,0.495723,-0.492077,0.408352
arm_1_left_finger,413.408000,0.501060,-0.016047,0.540822,-0.587428,0.495439,-0.492149,0.408971
arm_1_left_finger,413.422000,0.500946,-0.015681,0.541063,-0.587217,0.495200,-0.492199,0.409504
arm_1_left_finger,413.437000,0.500831,-0.015309,0.541308,-0.586992,0.494946,-0.492260,0.410060
arm_1_left_finger,413.452000,0.500722,-0.014958,0.541540,-0.586788,0.494717,-0.492306,0.410572
arm_1_left_finger,413.464000,0.500638,-0.014692,0.541715,-0.586627,0.494535,-0.492350,0.410970
arm_1_left_finger,413.477000,0.500553,-0.014419,0.541895,-0.586464,0.494351,-0.492390,0.411375
arm_1_left_finger,413.490000,0.500471,-0.014161,0.542065,-0.586311,0.494179,-0.492427,0.411756
arm_1_left_finger,413.504000,0.500389,-0.013901,0.542237,-0.586156,0.494004,-0.492464,0.412141
arm_1_left_finger,413.517000,0.500318,-0.013676,0.542386,-0.586022,0.493853,-0.492495,0.412475
arm_1_left_finger,413.531000,0.500246,-0.013450,0.542535,-0.585888,0.493702,-0.492527,0.412808
arm_1_left_finger,413.545000,0.500180,-0.013243,0.542671,-0.585764,0.493563,-0.492556,0.413115
arm_1_left_finger,413.560000,0.500116,-0.013041,0.542805,-0.585644,0.493428,-0.492584,0.413415
arm_1_left_finger,413.573000,0.500065,-0.012883,0.542909,-0.585550,0.493322,-0.492605,0.413649
arm_1_left_finger,413.585000,0.500023,-0.012751,0.542997,-0.585471,0.493233,-0.492624,0.413845
arm_1_left_finger,413.598000,0.499981,-0.012622,0.543082,-0.585394,0.493146,-0.492641,0.414035
arm_1_left_finger,413.613000,0.499940,-0.012493,0.543167,-0.585317,0.493060,-0.492659,0.414227
arm_1_left_finger,413.629000,0.499903,-0.012377,0.543243,-0.585248,0.492982,-0.492674,0.414399
arm_1_left_finger,413.644000,0.499875,-0.012290,0.543301,-0.585195,0.492923,-0.492686,0.414528
arm_1_left_finger,413.658000,0.499854,-0.012226,0.543344,-0.585157,0.492880,-0.492695,0.414624
arm_1_left_finger,413.668000,0.499842,-0.012188,0.543369,-0.585134,0.492854,-0.492700,0.414680
arm_1_left_finger,413.676000,0.499833,-0.012161,0.543386,-0.585118,0.492837,-0.492703,0.414719
arm_1_left_finger,413.681000,0.499828,-0.012147,0.543396,-0.585109,0.492826,-0.492705,0.414741
arm_1_left_finger,413.685000,0.499825,-0.012135,0.543404,-0.585103,0.492819,-0.492707,0.414758
arm_1_left_finger,413.691000,0.499820,-0.012120,0.543414,-0.585094,0.492809,-0.492709,0.414781
arm_1_left_finger,413.700000,0.499813,-0.012099,0.543427,-0.585081,0.492795,-0.492712,0.414811
arm_1_left_finger,413.707000,0.499808,-0.012085,0.543437,-0.585073,0.492785,-0.492714,0.414832
arm_1_left_finger,413.713000,0.499805,-0.012075,0.543444,-0.585066,0.492778,-0.492715,0.414848
arm_1_left_finger,413.721000,0.499801,-0.012062,0.543452,-0.585059,0.492769,-0.492717,0.414867
arm_1_left_finger,413.730000,0.499797,-0.012049,0.543461,-0.585051,0.492761,-0.492718,0.414886
arm_1_left_finger,413.740000,0.499793,-0.012037,0.543469,-0.585044,0.492753,-0.492720,0.414904
arm_1_left_finger,413.746000,0.499791,-0.012030,0.543473,-0.585040,0.492748,-0.492721,0.414914
arm_1_left_finger,413.756000,0.499788,-0.012021,0.543479,-0.585034,0.492742,-0.492722,0.414928
arm_1_left_finger,413.764000,0.499785,-0.012014,0.543484,-0.585030,0.492738,-0.492723,0.414938
arm_1_left_finger,413.772000,0.499784,-0.012009,0.543487,-0.585027,0.492734,-0.492724,0.414946
arm_1_left_finger,413.784000,0.499781,-0.012001,0.543492,-0.585022,0.492729,-0.492725,0.414957
arm_1_left_finger,413.797000,0.499779,-0.011995,0.543496,-0.585019,0.492725,-0.492726,0.414966
arm_1_left_finger,413.811000,0.499777,-0.011989,0.543500,-0.585015,0.492721,-0.492726,0.414975
arm_1_left_finger,413.824000,0.499776,-0.011985,0.543503,-0.585013,0.492718,-0.492727,0.414981
arm_1_left_finger,413.839000,0.499775,-0.011981,0.543506,-0.585010,0.492715,-0.492727,0.414987
arm_1_left_finger,413.854000,0.499774,-0.011978,0.543508,-0.585009,0.492713,-0.492728,0.414991
arm_1_left_finger,413.868000,0.499773,-0.011975,0.543509,-0.585007,0.492711,-0.492728,0.414996
arm_1_left_finger,413.882000,0.499772,-0.011973,0.543511,-0.585006,0.492710,-0.492729,0.414999
arm_1_left_finger,413.892000,0.499772,-0.011972,0.543511,-0.585005,0.492709,-0.492729,0.415000
arm_1_left_finger,413.904000,0.499772,-0.011971,0.543512,-0.585005,0.492709,-0.492729,0.415001
arm_1_left_finger,413.918000,0.499771,-0.011971,0.543512,-0.585004,0.492708,-0.492729,0.415003
arm_1_left_finger,413.933000,0.499771,-0.011970,0.543513,-0.585004,0.492707,-0.492729,0.415004
arm_1_left_finger,413.948000,0.499771,-0.011969,0.543514,-0.585003,0.492707,-0.492729,0.415005
arm_1_left_finger,413.964000,0.499770,-0.011968,0.543514,-0.585003,0.492706,-0.492729,0.415007
arm_1_left_finger,413.980000,0.499770,-0.011968,0.543514,-0.585003,0.492706,-0.492729,0.415007
arm_1_left_finger,413.996000,0.499770,-0.011968,0.543514,-0.585003,0.492706,-0.492729,0.415007
arm_1_left_finger,414.013000,0.499770,-0.011967,0.543515,-0.585002,0.492706,-0.492729,0.415008
arm_1_left_finger,414.029000,0.499770,-0.011967,0.543515,-0.585002,0.492706,-0.492729,0.415008
arm_1_left_finger,414.045000,0.499770,-0.011967,0.543515,-0.585002,0.492706,-0.492729,0.415008
arm_1_left_finger,414.060000,0.499770,-0.011967,0.543515,-0.585002,0.492706,-0.492729,0.415008
arm_1_left_finger,414.076000,0.499770,-0.011967,0.543515,-0.585002,0.492706,-0.492729,0.415008
arm_1_left_finger,414.093000,0.499770,-0.011966,0.543515,-0.585002,0.492705,-0.492729,0.415009
arm_1_left_finger,414.109000,0.499770,-0.011966,0.543515,-0.585002,0.492705,-0.492729,0.415009
arm_1_left_finger,414.125000,0.499770,-0.011966,0.543515,-0.585002,0.492705,-0.492729,0.415009
arm_1_left_finger,414.142000,0.499770,-0.011966,0.543515,-0.585002,0.492705,-0.492729,0.415009
arm_1_left_finger,414.159000,0.499770,-0.011966,0.543515,-0.585002,0.492705,-0.492729,0.415009
arm_1_left_finger,414.176000,0.499770,-0.011966,0.543515,-0.585002,0.492705,-0.492729,0.415009
arm_1_left_finger,414.193000,0.499770,-0.011966,0.543515,-0.585002,0.492705,-0.492729,0.415009
arm_1_left_finger,414.210000,0.499770,-0.011966,0.543515,-0.585002,0.492705,-0.492729,0.415009
arm_1_left_finger,414.225000,0.499770,-0.011966,0.543515,-0.585002,0.492705,-0.492729,0.415009
arm_1_left_finger,414.237000,0.499770,-0.011966,0.543515,-0.585002,0.492705,-0.492729,0.415009
arm_1_left_finger,414.249000,0.499770,-0.011966,0.543515,-0.585002,0.492705,-0.492729,0.415009
arm_1_left_finger,414.264000,0.499770,-0.011966,0.543515,-0.585002,0.492705,-0.492729,0.415009
arm_1_left_finger,414.279000,0.499770,-0.011966,0.543515,-0.585002,0.492705,-0.492729,0.415009
arm_1_left_finger,414.295000,0.499770,-0.011966,0.543515,-0.585002,0.492705,-0.492729,0.415009
arm_1_left_finger,414.311000,0.499770,-0.011966,0.543515,-0.585002,0.492705,-0.492729,0.415009
arm_1_left_finger,414.327000,0.499770,-0.011966,0.543515,-0.585002,0.492705,-0.492729,0.415009
arm_1_left_finger,414.343000,0.499770,-0.011966,0.543515,-0.585002,0.492705,-0.492729,0.415009
arm_1_left_finger,414.359000,0.499770,-0.011966,0.543515,-0.585002,0.492705,-0.492729,0.415009
arm_1_left_finger,414.368000,0.499770,-0.011966,0.543515,-0.585002,0.492705,-0.492729,0.415009
arm_1_left_finger,414.380000,0.499770,-0.011966,0.543515,-0.585002,0.492705,-0.492729,0.415009
arm_1_left_finger,414.396000,0.499770,-0.011966,0.543515,-0.585002,0.492705,-0.492729,0.415009
arm_1_left_finger,414.411000,0.499770,-0.011966,0.543515,-0.585002,0.492705,-0.492729,0.415009
arm_1_left_finger,414.427000,0.499770,-0.011966,0.543515,-0.585002,0.492705,-0.492729,0.415009
arm_1_left_finger,414.442000,0.499770,-0.011966,0.543515,-0.585002,0.492705,-0.492729,0.415009
arm_1_left_finger,414.457000,0.499770,-0.011966,0.543515,-0.585002,0.492705,-0.492729,0.415009
arm_1_left_finger,414.471000,0.499770,-0.011966,0.543515,-0.585002,0.492705,-0.492729,0.415009
arm_1_left_finger,414.486000,0.499770,-0.011966,0.543515,-0.585002,0.492705,-0.492729,0.415009
arm_1_left_finger,414.501000,0.499770,-0.011966,0.543515,-0.585002,0.492705,-0.492729,0.415009
arm_1_left_finger,414.518000,0.499770,-0.011966,0.543515,-0.585002,0.492705,-0.492729,0.415009
arm_1_left_finger,414.534000,0.499770,-0.011966,0.543515,-0.585002,0.492705,-0.492729,0.415009
arm_1_left_finger,414.549000,0.499770,-0.011966,0.543515,-0.585002,0.492705,-0.492729,0.415009
arm_1_left_finger,414.564000,0.499770,-0.011966,0.543515,-0.585002,0.492705,-0.492729,0.415009
arm_1_left_finger,414.580000,0.499770,-0.011966,0.543515,-0.585002,0.492705,-0.492729,0.415009
arm_1_left_finger,414.596000,0.499770,-0.011966,0.543515,-0.585002,0.492705,-0.492729,0.415009
arm_1_left_finger,414.611000,0.499770,-0.011966,0.543515,-0.585002,0.492705,-0.492729,0.415009
arm_1_left_finger,414.624000,0.499770,-0.011966,0.543515,-0.585002,0.492705,-0.492729,0.415009
arm_1_left_finger,414.639000,0.499770,-0.011966,0.543515,-0.585002,0.492705,-0.492729,0.415009
arm_1_left_finger,414.656000,0.499770,-0.011966,0.543515,-0.585002,0.492705,-0.492729,0.415009
arm_1_left_finger,414.671000,0.499770,-0.011966,0.543515,-0.585002,0.492705,-0.492729,0.415009
arm_1_left_finger,414.686000,0.499770,-0.011966,0.543515,-0.585002,0.492705,-0.492729,0.415009
arm_1_left_finger,414.701000,0.499770,-0.011966,0.543515,-0.585002,0.492705,-0.492729,0.415009
arm_1_left_finger,414.717000,0.499770,-0.011966,0.543515,-0.585002,0.492705,-0.492729,0.415009
arm_1_left_finger,414.733000,0.499770,-0.011966,0.543515,-0.585002,0.492705,-0.492729,0.415009
arm_1_left_finger,414.748000,0.499770,-0.011966,0.543515,-0.585002,0.492705,-0.492729,0.415009
arm_1_left_finger,414.764000,0.499770,-0.011966,0.543515,-0.585002,0.492705,-0.492729,0.415009
arm_1_left_finger,414.779000,0.499770,-0.011966,0.543515,-0.585002,0.492705,-0.492729,0.415009
arm_1_left_finger,414.794000,0.499770,-0.011966,0.543515,-0.585002,0.492705,-0.492729,0.415009
arm_1_left_finger,414.810000,0.499770,-0.011966,0.543515,-0.585002,0.492705,-0.492729,0.415009
arm_1_left_finger,414.826000,0.499770,-0.011966,0.543515,-0.585002,0.492705,-0.492729,0.415009
arm_1_left_finger,414.842000,0.499770,-0.011966,0.543515,-0.585002,0.492705,-0.492729,0.415009
arm_1_left_finger,414.858000,0.499770,-0.011966,0.543515,-0.585002,0.492705,-0.492729,0.415009
arm_1_left_finger,414.874000,0.499770,-0.011966,0.543515,-0.585002,0.492705,-0.492729,0.415009
arm_1_left_finger,414.889000,0.499770,-0.011966,0.543515,-0.585002,0.492705,-0.492729,0.415009
arm_1_left_finger,414.904000,0.499770,-0.011966,0.543515,-0.585002,0.492705,-0.492729,0.415009
arm_1_left_finger,414.918000,0.499770,-0.011966,0.543515,-0.585002,0.492705,-0.492729,0.415009
arm_1_left_finger,414.933000,0.499770,-0.011966,0.543515,-0.585002,0.492705,-0.492729,0.415009
arm_1_left_finger,414.948000,0.499770,-0.011966,0.543515,-0.585002,0.492705,-0.492729,0.415009
arm_1_left_finger,414.964000,0.499770,-0.011966,0.543515,-0.585002,0.492705,-0.492729,0.415009
arm_1_left_finger,414.980000,0.499770,-0.011966,0.543515,-0.585002,0.492705,-0.492729,0.415009
arm_1_left_finger,414.997000,0.499770,-0.011966,0.543515,-0.585002,0.492705,-0.492729,0.415009
arm_1_left_finger,415.014000,0.499770,-0.011966,0.543515,-0.585002,0.492705,-0.492729,0.415009
arm_1_left_finger,415.030000,0.499770,-0.011966,0.543515,-0.585002,0.492705,-0.492729,0.415009
arm_1_left_finger,415.046000,0.499770,-0.011966,0.543515,-0.585002,0.492705,-0.492729,0.415009
arm_1_left_finger,415.061000,0.499770,-0.011966,0.543515,-0.585002,0.492705,-0.492729,0.415009
arm_1_left_finger,415.076000,0.499770,-0.011966,0.543515,-0.585002,0.492705,-0.492729,0.415009
arm_1_left_finger,415.085000,0.499770,-0.011966,0.543515,-0.585002,0.492705,-0.492729,0.415009
arm_1_left_finger,415.098000,0.499770,-0.011966,0.543515,-0.585002,0.492705,-0.492729,0.415009
arm_1_left_finger,415.111000,0.499770,-0.011966,0.543515,-0.585002,0.492705,-0.492729,0.415009
arm_1_left_finger,415.126000,0.499770,-0.011966,0.543515,-0.585002,0.492705,-0.492729,0.415009
arm_1_left_finger,415.141000,0.499770,-0.011966,0.543515,-0.585002,0.492705,-0.492729,0.415009
arm_1_left_finger,415.157000,0.499770,-0.011966,0.543515,-0.585002,0.492705,-0.492729,0.415009
arm_1_left_finger,415.173000,0.499770,-0.011966,0.543515,-0.585002,0.492705,-0.492729,0.415009
arm_1_left_finger,415.189000,0.499770,-0.011966,0.543515,-0.585002,0.492705,-0.492729,0.415009
arm_1_left_finger,415.205000,0.499770,-0.011966,0.543515,-0.585002,0.492705,-0.492729,0.415009
arm_1_left_finger,415.221000,0.499770,-0.011966,0.543515,-0.585002,0.492705,-0.492729,0.415009
arm_1_left_finger,415.236000,0.499770,-0.011966,0.543515,-0.585002,0.492705,-0.492729,0.415009
arm_1_left_finger,415.252000,0.499770,-0.011966,0.543515,-0.585002,0.492705,-0.492729,0.415009
arm_1_left_finger,415.267000,0.499770,-0.011966,0.543515,-0.585002,0.492705,-0.492729,0.415009
arm_1_left_finger,415.284000,0.499770,-0.011966,0.543515,-0.585002,0.492705,-0.492729,0.415009
arm_1_left_finger,415.299000,0.499770,-0.011966,0.543515,-0.585002,0.492705,-0.492729,0.415009
arm_1_left_finger,415.314000,0.499770,-0.011966,0.543515,-0.585002,0.492705,-0.492729,0.415009
arm_1_left_finger,415.330000,0.499770,-0.011966,0.543515,-0.585002,0.492705,-0.492729,0.415009
arm_1_left_finger,415.345000,0.499770,-0.011966,0.543515,-0.585002,0.492705,-0.492729,0.415009
arm_1_left_finger,415.361000,0.499770,-0.011966,0.543515,-0.585002,0.492705,-0.492729,0.415009
arm_1_left_finger,415.377000,0.499770,-0.011966,0.543515,-0.585002,0.492705,-0.492729,0.415009
arm_1_left_finger,415.393000,0.499770,-0.011966,0.543515,-0.585002,0.492705,-0.492729,0.415009
arm_1_left_finger,415.409000,0.499770,-0.011966,0.543515,-0.585002,0.492705,-0.492729,0.415009
arm_1_left_finger,415.425000,0.499770,-0.011966,0.543515,-0.585002,0.492705,-0.492729,0.415009
arm_1_left_finger,415.441000,0.499770,-0.011966,0.543515,-0.585002,0.492705,-0.492729,0.415009
arm_1_left_finger,415.457000,0.499770,-0.011966,0.543515,-0.585002,0.492705,-0.492729,0.415009
arm_1_left_finger,415.474000,0.499770,-0.011966,0.543515,-0.585002,0.492705,-0.492729,0.415009
arm_1_left_finger,415.488000,0.499770,-0.011966,0.543515,-0.585002,0.492705,-0.492729,0.415009
arm_1_left_finger,415.502000,0.499770,-0.011966,0.543515,-0.585002,0.492705,-0.492729,0.415009
arm_1_left_finger,415.518000,0.499770,-0.011966,0.543515,-0.585002,0.492705,-0.492729,0.415009
arm_1_left_finger,415.532000,0.499770,-0.011966,0.543515,-0.585002,0.492705,-0.492729,0.415009
arm_1_left_finger,415.546000,0.499770,-0.011966,0.543515,-0.585002,0.492705,-0.492729,0.415009
arm_1_left_finger,415.563000,0.499770,-0.011966,0.543515,-0.585002,0.492705,-0.492729,0.415009
arm_1_left_finger,415.580000,0.499770,-0.011966,0.543515,-0.585002,0.492705,-0.492729,0.415009
arm_1_left_finger,415.597000,0.499770,-0.011966,0.543515,-0.585002,0.492705,-0.492729,0.415009
arm_1_left_finger,415.614000,0.499770,-0.011966,0.543515,-0.585002,0.492705,-0.492729,0.415009
arm_1_left_finger,415.630000,0.499770,-0.011966,0.543515,-0.585002,0.492705,-0.492729,0.415009
arm_1_left_finger,415.645000,0.499770,-0.011966,0.543515,-0.585002,0.492705,-0.492729,0.415009
arm_1_left_finger,415.648000,0.499770,-0.011966,0.543515,-0.585002,0.492705,-0.492729,0.415009
arm_1_left_finger,415.662000,0.499770,-0.011966,0.543515,-0.585002,0.492705,-0.492729,0.415009
arm_1_left_finger,415.678000,0.499770,-0.011966,0.543515,-0.585002,0.492705,-0.492729,0.415009
arm_1_left_finger,415.695000,0.499770,-0.011966,0.543515,-0.585002,0.492705,-0.492729,0.415009
arm_1_left_finger,415.711000,0.499770,-0.011966,0.543515,-0.585002,0.492705,-0.492729,0.415009
arm_1_left_finger,415.727000,0.499770,-0.011966,0.543515,-0.585002,0.492705,-0.492729,0.415009
arm_1_left_finger,415.744000,0.499770,-0.011966,0.543515,-0.585002,0.492705,-0.492729,0.415009
arm_1_left_finger,415.761000,0.499770,-0.011966,0.543515,-0.585002,0.492705,-0.492729,0.415009
arm_1_left_finger,415.777000,0.499770,-0.011966,0.543515,-0.585002,0.492705,-0.492729,0.415009
arm_1_left_finger,415.794000,0.499770,-0.011966,0.543515,-0.585002,0.492705,-0.492729,0.415009
arm_1_left_finger,415.809000,0.499770,-0.011966,0.543515,-0.585002,0.492705,-0.492729,0.415009
arm_1_left_finger,415.824000,0.499770,-0.011966,0.543515,-0.585002,0.492705,-0.492729,0.415009
arm_1_left_finger,415.840000,0.499770,-0.011966,0.543515,-0.585002,0.492705,-0.492729,0.415009
arm_1_left_finger,415.854000,0.499770,-0.011966,0.543515,-0.585002,0.492705,-0.492729,0.415009
arm_1_left_finger,415.869000,0.499770,-0.011966,0.543515,-0.585002,0.492705,-0.492729,0.415009
arm_1_left_finger,415.885000,0.499770,-0.011966,0.543515,-0.585002,0.492705,-0.492729,0.415009
arm_1_left_finger,415.901000,0.499770,-0.011966,0.543515,-0.585002,0.492705,-0.492729,0.415009
arm_1_left_finger,415.917000,0.499770,-0.011966,0.543515,-0.585002,0.492705,-0.492729,0.415009
arm_1_left_finger,415.934000,0.499770,-0.011966,0.543515,-0.585002,0.492705,-0.492729,0.415009
arm_1_left_finger,415.951000,0.499770,-0.011966,0.543515,-0.585002,0.492705,-0.492729,0.415009
arm_1_left_finger,415.967000,0.499770,-0.011966,0.543515,-0.585002,0.492705,-0.492729,0.415009
arm_1_left_finger,415.983000,0.499770,-0.011966,0.543515,-0.585002,0.492705,-0.492729,0.415009
arm_1_left_finger,415.999000,0.499770,-0.011966,0.543515,-0.585002,0.492705,-0.492729,0.415009
arm_1_left_finger,416.016000,0.499770,-0.011966,0.543515,-0.585002,0.492705,-0.492729,0.415009
arm_1_left_finger,416.032000,0.499770,-0.011966,0.543515,-0.585002,0.492705,-0.492729,0.415009
arm_1_left_finger,416.049000,0.499770,-0.011966,0.543515,-0.585002,0.492705,-0.492729,0.415009
arm_1_left_finger,416.066000,0.499770,-0.011966,0.543515,-0.585002,0.492705,-0.492729,0.415009
arm_1_left_finger,416.083000,0.499770,-0.011966,0.543515,-0.585002,0.492705,-0.492729,0.415009
arm_1_left_finger,416.099000,0.499770,-0.011966,0.543515,-0.585002,0.492705,-0.492729,0.415009
arm_1_left_finger,416.116000,0.499770,-0.011966,0.543515,-0.585002,0.492705,-0.492729,0.415009
arm_1_left_finger,416.131000,0.499770,-0.011966,0.543515,-0.585002,0.492705,-0.492729,0.415009
arm_1_left_finger,416.147000,0.499770,-0.011966,0.543515,-0.585002,0.492705,-0.492729,0.415009
arm_1_left_finger,416.163000,0.499770,-0.011966,0.543515,-0.585002,0.492705,-0.492729,0.415009
arm_1_left_finger,416.179000,0.499770,-0.011966,0.543515,-0.585002,0.492705,-0.492729,0.415009
arm_1_left_finger,416.196000,0.499770,-0.011966,0.543515,-0.585002,0.492705,-0.492729,0.415009
arm_1_left_finger,416.212000,0.499770,-0.011966,0.543515,-0.585002,0.492705,-0.492729,0.415009
arm_1_left_finger,416.227000,0.499770,-0.011966,0.543515,-0.585002,0.492705,-0.492729,0.415009
arm_1_left_finger,416.243000,0.499770,-0.011966,0.543515,-0.585002,0.492705,-0.492729,0.415009
arm_1_left_finger,416.259000,0.499770,-0.011966,0.543515,-0.585002,0.492705,-0.492729,0.415009
arm_1_left_finger,416.275000,0.499770,-0.011966,0.543515,-0.585002,0.492705,-0.492729,0.415009
arm_1_left_finger,416.291000,0.499770,-0.011966,0.543515,-0.585002,0.492705,-0.492729,0.415009
arm_1_left_finger,416.308000,0.499770,-0.011966,0.543515,-0.585002,0.492705,-0.492729,0.415009
arm_1_left_finger,416.325000,0.499770,-0.011966,0.543515,-0.585002,0.492705,-0.492729,0.415009
arm_1_left_finger,416.342000,0.499770,-0.011966,0.543515,-0.585002,0.492705,-0.492729,0.415009
arm_1_left_finger,416.360000,0.499770,-0.011966,0.543515,-0.585002,0.492705,-0.492729,0.415009
arm_1_left_finger,416.376000,0.499770,-0.011966,0.543515,-0.585002,0.492705,-0.492729,0.415009
arm_1_left_finger,416.393000,0.499770,-0.011966,0.543515,-0.585002,0.492705,-0.492729,0.415009
arm_1_left_finger,416.410000,0.499770,-0.011966,0.543515,-0.585002,0.492705,-0.492729,0.415009
arm_1_left_finger,416.425000,0.499770,-0.011966,0.543515,-0.585002,0.492705,-0.492729,0.415009
arm_1_left_finger,416.441000,0.499770,-0.011966,0.543515,-0.585002,0.492705,-0.492729,0.415009
arm_1_left_finger,416.457000,0.499770,-0.011966,0.543515,-0.585002,0.492705,-0.492729,0.415009
arm_1_left_finger,416.474000,0.499770,-0.011966,0.543515,-0.585002,0.492705,-0.492729,0.415009
arm_1_left_finger,416.490000,0.499770,-0.011966,0.543515,-0.585002,0.492705,-0.492729,0.415009
arm_1_left_finger,416.507000,0.499770,-0.011966,0.543515,-0.585002,0.492705,-0.492729,0.415009
arm_1_left_finger,416.524000,0.499770,-0.011966,0.543515,-0.585002,0.492705,-0.492729,0.415009
arm_1_left_finger,416.541000,0.499770,-0.011966,0.543515,-0.585002,0.492705,-0.492729,0.415009
arm_1_left_finger,416.554000,0.499770,-0.011966,0.543515,-0.585002,0.492705,-0.492729,0.415009
arm_1_left_finger,416.571000,0.499770,-0.011966,0.543515,-0.585002,0.492705,-0.492729,0.415009
arm_1_left_finger,416.585000,0.499770,-0.011966,0.543515,-0.585002,0.492705,-0.492729,0.415009
arm_1_left_finger,416.600000,0.499770,-0.011966,0.543515,-0.585002,0.492705,-0.492729,0.415009
arm_1_left_finger,416.615000,0.499770,-0.011966,0.543515,-0.585002,0.492705,-0.492729,0.415009
arm_1_left_finger,416.631000,0.499770,-0.011966,0.543515,-0.585002,0.492705,-0.492729,0.415009
arm_1_left_finger,416.644000,0.499770,-0.011966,0.543515,-0.585002,0.492705,-0.492729,0.415009
arm_1_left_finger,416.659000,0.499770,-0.011966,0.543515,-0.585002,0.492705,-0.492729,0.415009
arm_1_left_finger,416.674000,0.499770,-0.011966,0.543515,-0.585002,0.492705,-0.492729,0.415009
arm_1_left_finger,416.688000,0.499770,-0.011966,0.543515,-0.585002,0.492705,-0.492729,0.415009
arm_1_left_finger,416.704000,0.499770,-0.011966,0.543515,-0.585002,0.492705,-0.492729,0.415009
arm_1_left_finger,416.719000,0.499770,-0.011966,0.543515,-0.585002,0.492705,-0.492729,0.415009
arm_1_left_finger,416.733000,0.499770,-0.011966,0.543515,-0.585002,0.492705,-0.492729,0.415009
arm_1_left_finger,416.749000,0.499770,-0.011966,0.543515,-0.585002,0.492705,-0.492729,0.415009
arm_1_left_finger,416.765000,0.499770,-0.011966,0.543515,-0.585002,0.492705,-0.492729,0.415009
arm_1_left_finger,416.780000,0.499770,-0.011966,0.543515,-0.585002,0.492705,-0.492729,0.415009
arm_1_left_finger,416.795000,0.499770,-0.011966,0.543515,-0.585002,0.492705,-0.492729,0.415009
arm_1_left_finger,416.811000,0.499770,-0.011966,0.543515,-0.585002,0.492705,-0.492729,0.415009
arm_1_left_finger,416.828000,0.499770,-0.011966,0.543515,-0.585002,0.492705,-0.492729,0.415009
arm_1_left_finger,416.844000,0.499770,-0.011966,0.543515,-0.585002,0.492705,-0.492729,0.415009
arm_1_left_finger,416.858000,0.499770,-0.011966,0.543515,-0.585002,0.492705,-0.492729,0.415009
arm_1_left_finger,416.874000,0.499770,-0.011966,0.543515,-0.585002,0.492705,-0.492729,0.415009
arm_1_left_finger,416.890000,0.499770,-0.011966,0.543515,-0.585002,0.492705,-0.492729,0.415009
arm_1_left_finger,416.906000,0.499770,-0.011966,0.543515,-0.585002,0.492705,-0.492729,0.415009
arm_1_left_finger,416.922000,0.499770,-0.011966,0.543515,-0.585002,0.492705,-0.492729,0.415009
arm_1_left_finger,416.938000,0.499770,-0.011966,0.543515,-0.585002,0.492705,-0.492729,0.415009
arm_1_left_finger,416.954000,0.499770,-0.011966,0.543515,-0.585002,0.492705,-0.492729,0.415009
arm_1_left_finger,416.965000,0.499770,-0.011966,0.543515,-0.585002,0.492705,-0.492729,0.415009
arm_1_left_finger,416.971000,0.499770,-0.011966,0.543515,-0.585002,0.492705,-0.492729,0.415009
arm_1_left_finger,416.985000,0.499770,-0.011966,0.543515,-0.585002,0.492705,-0.492729,0.415009
arm_1_left_finger,417.000000,0.499770,-0.011966,0.543515,-0.585002,0.492705,-0.492729,0.415009
arm_1_left_finger,417.016000,0.499770,-0.011966,0.543515,-0.585002,0.492705,-0.492729,0.415009
arm_1_left_finger,417.033000,0.499770,-0.011966,0.543515,-0.585002,0.492705,-0.492729,0.415009
arm_1_left_finger,417.050000,0.499770,-0.011966,0.543515,-0.585002,0.492705,-0.492729,0.415009
arm_1_left_finger,417.066000,0.499770,-0.011966,0.543515,-0.585002,0.492705,-0.492729,0.415009
arm_1_left_finger,417.082000,0.499770,-0.011966,0.543515,-0.585002,0.492705,-0.492729,0.415009
arm_1_left_finger,417.098000,0.499770,-0.011966,0.543515,-0.585002,0.492705,-0.492729,0.415009
arm_1_left_finger,417.114000,0.499770,-0.011966,0.543515,-0.585002,0.492705,-0.492729,0.415009
arm_1_left_finger,417.122000,0.499770,-0.011966,0.543515,-0.585002,0.492705,-0.492729,0.415009
arm_1_left_finger,417.127000,0.499770,-0.011966,0.543515,-0.585002,0.492705,-0.492729,0.415009
arm_1_left_finger,417.142000,0.499770,-0.011966,0.543515,-0.585002,0.492705,-0.492729,0.415009
arm_1_left_finger,417.157000,0.499770,-0.011966,0.543515,-0.585002,0.492705,-0.492729,0.415009
arm_1_left_finger,417.173000,0.499770,-0.011966,0.543515,-0.585002,0.492705,-0.492729,0.415009
arm_1_left_finger,417.189000,0.499770,-0.011966,0.543515,-0.585002,0.492705,-0.492729,0.415009
arm_1_left_finger,417.205000,0.499770,-0.011966,0.543515,-0.585002,0.492705,-0.492729,0.415009
arm_1_left_finger,417.222000,0.499770,-0.011966,0.543515,-0.585002,0.492705,-0.492729,0.415009
arm_1_left_finger,417.238000,0.499770,-0.011966,0.543515,-0.585002,0.492705,-0.492729,0.415009
arm_1_left_finger,417.255000,0.499770,-0.011966,0.543515,-0.585002,0.492705,-0.492729,0.415009
arm_1_left_finger,417.271000,0.499770,-0.011966,0.543515,-0.585002,0.492705,-0.492729,0.415009
arm_1_left_finger,417.286000,0.499770,-0.011966,0.543515,-0.585002,0.492705,-0.492729,0.415009
arm_1_left_finger,417.299000,0.499770,-0.011966,0.543515,-0.585002,0.492705,-0.492729,0.415009
arm_1_left_finger,417.315000,0.499770,-0.011966,0.543515,-0.585002,0.492705,-0.492729,0.415009
arm_1_left_finger,417.331000,0.499770,-0.011966,0.543515,-0.585002,0.492705,-0.492729,0.415009
arm_1_left_finger,417.347000,0.499770,-0.011966,0.543515,-0.585002,0.492705,-0.492729,0.415009
arm_1_left_finger,417.363000,0.499770,-0.011966,0.543515,-0.585002,0.492705,-0.492729,0.415009
arm_1_left_finger,417.379000,0.499770,-0.011966,0.543515,-0.585002,0.492705,-0.492729,0.415009
arm_1_left_finger,417.396000,0.499770,-0.011966,0.543515,-0.585002,0.492705,-0.492729,0.415009
arm_1_left_finger,417.412000,0.499770,-0.011966,0.543515,-0.585002,0.492705,-0.492729,0.415009
arm_1_left_finger,417.428000,0.499770,-0.011966,0.543515,-0.585002,0.492705,-0.492729,0.415009
arm_1_left_finger,417.443000,0.499770,-0.011966,0.543515,-0.585002,0.492705,-0.492729,0.415009
arm_1_left_finger,417.458000,0.499770,-0.011966,0.543515,-0.585002,0.492705,-0.492729,0.415009
arm_1_left_finger,417.473000,0.499770,-0.011966,0.543515,-0.585002,0.492705,-0.492729,0.415009
arm_1_left_finger,417.489000,0.499770,-0.011966,0.543515,-0.585002,0.492705,-0.492729,0.415009
arm_1_left_finger,417.505000,0.499770,-0.011966,0.543515,-0.585002,0.492705,-0.492729,0.415009
arm_1_left_finger,417.521000,0.499770,-0.011966,0.543515,-0.585002,0.492705,-0.492729,0.415009
arm_1_left_finger,417.537000,0.499770,-0.011966,0.543515,-0.585002,0.492705,-0.492729,0.415009
arm_1_left_finger,417.553000,0.499770,-0.011966,0.543515,-0.585002,0.492705,-0.492729,0.415009
arm_1_left_finger,417.568000,0.499770,-0.011966,0.543515,-0.585002,0.492705,-0.492729,0.415009
arm_1_left_finger,417.584000,0.499770,-0.011966,0.543515,-0.585002,0.492705,-0.492729,0.415009
arm_1_left_finger,417.600000,0.499770,-0.011966,0.543515,-0.585002,0.492705,-0.492729,0.415009
arm_1_left_finger,417.617000,0.499770,-0.011966,0.543515,-0.585002,0.492705,-0.492729,0.415009
arm_1_left_finger,417.634000,0.499770,-0.011966,0.543515,-0.585002,0.492705,-0.492729,0.415009
arm_1_left_finger,417.650000,0.499770,-0.011966,0.543515,-0.585002,0.492705,-0.492729,0.415009
arm_1_left_finger,417.667000,0.499770,-0.011966,0.543515,-0.585002,0.492705,-0.492729,0.415009
arm_1_left_finger,417.684000,0.499770,-0.011966,0.543515,-0.585002,0.492705,-0.492729,0.415009
arm_1_left_finger,417.701000,0.499770,-0.011966,0.543515,-0.585002,0.492705,-0.492729,0.415009
arm_1_left_finger,417.717000,0.499770,-0.011966,0.543515,-0.585002,0.492705,-0.492729,0.415009
arm_1_left_finger,417.734000,0.499770,-0.011966,0.543515,-0.585002,0.492705,-0.492729,0.415009
arm_1_left_finger,417.752000,0.499770,-0.011966,0.543515,-0.585002,0.492705,-0.492729,0.415009
arm_1_left_finger,417.769000,0.499770,-0.011966,0.543515,-0.585002,0.492705,-0.492729,0.415009
arm_1_left_finger,417.785000,0.499770,-0.011966,0.543515,-0.585002,0.492705,-0.492729,0.415009
arm_1_left_finger,417.798000,0.499770,-0.011966,0.543515,-0.585002,0.492705,-0.492729,0.415009
arm_1_left_finger,417.814000,0.499770,-0.011966,0.543515,-0.585002,0.492705,-0.492729,0.415009
arm_1_left_finger,417.827000,0.499770,-0.011966,0.543515,-0.585002,0.492705,-0.492729,0.415009
arm_1_left_finger,417.845000,0.499770,-0.011966,0.543515,-0.585002,0.492705,-0.492729,0.415009
arm_1_left_finger,417.862000,0.499770,-0.011966,0.543515,-0.585002,0.492705,-0.492729,0.415009
arm_1_left_finger,417.879000,0.499770,-0.011966,0.543515,-0.585002,0.492705,-0.492729,0.415009
arm_1_left_finger,417.894000,0.499770,-0.011966,0.543515,-0.585002,0.492705,-0.492729,0.415009
arm_1_left_finger,417.910000,0.499770,-0.011966,0.543515,-0.585002,0.492705,-0.492729,0.415009
arm_1_left_finger,417.927000,0.499770,-0.011966,0.543515,-0.585002,0.492705,-0.492729,0.415009
arm_1_left_finger,417.944000,0.499770,-0.011966,0.543515,-0.585002,0.492705,-0.492729,0.415009
arm_1_left_finger,417.961000,0.499770,-0.011966,0.543515,-0.585002,0.492705,-0.492729,0.415009
arm_1_left_finger,417.978000,0.499770,-0.011966,0.543515,-0.585002,0.492705,-0.492729,0.415009
arm_1_left_finger,417.994000,0.499770,-0.011966,0.543515,-0.585002,0.492705,-0.492729,0.415009
arm_1_left_finger,418.010000,0.499770,-0.011966,0.543515,-0.585002,0.492705,-0.492729,0.415009
arm_1_left_finger,418.026000,0.499770,-0.011966,0.543515,-0.585002,0.492705,-0.492729,0.415009
arm_1_left_finger,418.042000,0.499770,-0.011966,0.543515,-0.585002,0.492705,-0.492729,0.415009
arm_1_left_finger,418.056000,0.499770,-0.011966,0.543515,-0.585002,0.492705,-0.492729,0.415009
arm_1_left_finger,418.070000,0.499770,-0.011966,0.543515,-0.585002,0.492705,-0.492729,0.415009
arm_1_left_finger,418.085000,0.499770,-0.011966,0.543515,-0.585002,0.492705,-0.492729,0.415009
arm_1_right_finger,384.498000,0.523340,0.011983,0.680448,-0.584957,0.492714,-0.492745,0.415043
arm_1_right_finger,384.513000,0.523340,0.011983,0.680448,-0.584958,0.492715,-0.492743,0.415041
arm_1_right_finger,384.529000,0.523340,0.011983,0.680448,-0.584956,0.492713,-0.492746,0.415044
arm_1_right_finger,384.545000,0.523339,0.011983,0.680449,-0.584955,0.492711,-0.492748,0.415046
arm_1_right_finger,384.562000,0.523339,0.011983,0.680449,-0.584952,0.492708,-0.492750,0.415050
arm_1_right_finger,384.579000,0.523339,0.011983,0.680450,-0.584950,0.492706,-0.492753,0.415052
arm_1_right_finger,384.596000,0.523339,0.011983,0.680450,-0.584949,0.492705,-0.492754,0.415054
arm_1_right_finger,384.612000,0.523339,0.011983,0.680450,-0.584949,0.492704,-0.492755,0.415055
arm_1_right_finger,384.629000,0.523341,0.011982,0.680445,-0.584970,0.492729,-0.492730,0.415025
arm_1_right_finger,384.646000,0.523341,0.011983,0.680447,-0.584963,0.492721,-0.492738,0.415034
arm_1_right_finger,384.662000,0.523340,0.011983,0.680447,-0.584961,0.492718,-0.492741,0.415038
arm_1_right_finger,384.678000,0.523340,0.011983,0.680448,-0.584958,0.492715,-0.492743,0.415041
arm_1_right_finger,384.693000,0.523340,0.011983,0.680448,-0.584959,0.492716,-0.492743,0.415041
arm_1_right_finger,384.708000,0.523343,0.011986,0.680445,-0.584960,0.492717,-0.492738,0.415044
arm_1_right_finger,384.723000,0.523352,0.011995,0.680436,-0.584969,0.492728,-0.492716,0.415043
arm_1_right_finger,384.738000,0.523368,0.012012,0.680421,-0.584984,0.492744,-0.492680,0.415047
arm_1_right_finger,384.754000,0.523394,0.012040,0.680395,-0.585005,0.492768,-0.492622,0.415057
arm_1_right_finger,384.768000,0.523429,0.012075,0.680361,-0.585042,0.492810,-0.492538,0.415056
arm_1_right_finger,384.784000,0.523475,0.012130,0.680318,-0.585056,0.492824,-0.492459,0.415112
arm_1_right_finger,384.802000,0.523549,0.012209,0.680246,-0.585114,0.492889,-0.492300,0.415142
arm_1_right_finger,384.819000,0.523636,0.012303,0.680162,-0.585183,0.492967,-0.492111,0.415177
arm_1_right_finger,384.836000,0.523741,0.012416,0.680059,-0.585268,0.493063,-0.491880,0.415217
arm_1_right_finger,384.853000,0.523866,0.012547,0.679936,-0.585382,0.493192,-0.491593,0.415242
arm_1_right_finger,384.870000,0.524005,0.012700,0.679803,-0.585472,0.493292,-0.491312,0.415329
arm_1_right_finger,384.887000,0.524165,0.012873,0.679647,-0.585597,0.493433,-0.490964,0.415396
arm_1_right_finger,384.904000,0.524345,0.013068,0.679471,-0.585739,0.493593,-0.490573,0.415469
arm_1_right_finger,384.921000,0.524544,0.013284,0.679277,-0.585896,0.493770,-0.490139,0.415549
arm_1_right_finger,384.937000,0.524749,0.013506,0.679076,-0.586057,0.493952,-0.489693,0.415631
arm_1_right_finger,384.954000,0.524986,0.013764,0.678844,-0.586244,0.494162,-0.489176,0.415725
arm_1_right_finger,384.971000,0.525242,0.014043,0.678593,-0.586446,0.494390,-0.488618,0.415827
arm_1_right_finger,384.988000,0.525517,0.014344,0.678321,-0.586664,0.494635,-0.488015,0.415936
arm_1_right_finger,385.005000,0.525812,0.014667,0.678030,-0.586897,0.494898,-0.487370,0.416051
arm_1_right_finger,385.021000,0.526106,0.014991,0.677739,-0.587130,0.495161,-0.486724,0.416166
arm_1_right_finger,385.039000,0.526459,0.015380,0.677389,-0.587409,0.495476,-0.485949,0.416302
arm_1_right_finger,385.055000,0.526787,0.015743,0.677062,-0.587669,0.495770,-0.485226,0.416429
arm_1_right_finger,385.071000,0.527135,0.016130,0.676714,-0.587945,0.496082,-0.484458,0.416562
arm_1_right_finger,385.086000,0.527477,0.016511,0.676371,-0.588216,0.496389,-0.483702,0.416691
arm_1_right_finger,385.102000,0.527857,0.016936,0.675989,-0.588519,0.496731,-0.482860,0.416834
arm_1_right_finger,385.118000,0.528254,0.017381,0.675589,-0.588834,0.497088,-0.481979,0.416982
arm_1_right_finger,385.135000,0.528694,0.017877,0.675144,-0.589184,0.497485,-0.481001,0.417144
arm_1_right_finger,385.152000,0.529152,0.018395,0.674678,-0.589549,0.497898,-0.479980,0.417311
arm_1_right_finger,385.169000,0.529629,0.018937,0.674192,-0.589929,0.498329,-0.478915,0.417483
arm_1_right_finger,385.186000,0.530123,0.019502,0.673685,-0.590324,0.498778,-0.477806,0.417660
arm_1_right_finger,385.203000,0.530636,0.020090,0.673158,-0.590733,0.499243,-0.476655,0.417841
arm_1_right_finger,385.220000,0.531166,0.020703,0.672609,-0.591158,0.499726,-0.475459,0.418025
arm_1_right_finger,385.237000,0.531714,0.021338,0.672039,-0.591597,0.500226,-0.474221,0.418213
arm_1_right_finger,385.254000,0.532280,0.021998,0.671448,-0.592051,0.500743,-0.472938,0.418405
arm_1_right_finger,385.271000,0.532863,0.022682,0.670836,-0.592519,0.501277,-0.471612,0.418599
arm_1_right_finger,385.288000,0.533462,0.023390,0.670203,-0.593002,0.501828,-0.470243,0.418795
arm_1_right_finger,385.305000,0.534079,0.024123,0.669548,-0.593499,0.502397,-0.468829,0.418994
arm_1_right_finger,385.322000,0.534712,0.024880,0.668872,-0.594010,0.502981,-0.467374,0.419194
arm_1_right_finger,385.339000,0.535362,0.025662,0.668173,-0.594536,0.503584,-0.465873,0.419396
arm_1_right_finger,385.356000,0.536028,0.026469,0.667453,-0.595076,0.504202,-0.464330,0.419598
arm_1_right_finger,385.373000,0.536710,0.027301,0.666710,-0.595629,0.504838,-0.462743,0.419801
arm_1_right_finger,385.390000,0.537408,0.028159,0.665946,-0.596197,0.505490,-0.461113,0.420004
arm_1_right_finger,385.407000,0.538121,0.029042,0.665159,-0.596778,0.506159,-0.459440,0.420207
arm_1_right_finger,385.423000,0.538806,0.029897,0.664398,-0.597338,0.506804,-0.457825,0.420397
arm_1_right_finger,385.439000,0.539504,0.030774,0.663617,-0.597910,0.507463,-0.456172,0.420586
arm_1_right_finger,385.456000,0.540260,0.031732,0.662766,-0.598530,0.508179,-0.454374,0.420784
arm_1_right_finger,385.472000,0.540985,0.032657,0.661943,-0.599127,0.508869,-0.452642,0.420969
arm_1_right_finger,385.489000,0.541769,0.033666,0.661046,-0.599773,0.509617,-0.450760,0.421163
arm_1_right_finger,385.506000,0.542567,0.034702,0.660127,-0.600432,0.510381,-0.448835,0.421354
arm_1_right_finger,385.523000,0.543378,0.035765,0.659184,-0.601105,0.511162,-0.446867,0.421540
arm_1_right_finger,385.539000,0.544153,0.036789,0.658275,-0.601749,0.511911,-0.444976,0.421712
arm_1_right_finger,385.554000,0.544891,0.037773,0.657403,-0.602364,0.512627,-0.443168,0.421869
arm_1_right_finger,385.571000,0.545738,0.038913,0.656393,-0.603073,0.513453,-0.441078,0.422042
arm_1_right_finger,385.588000,0.546597,0.040080,0.655360,-0.603793,0.514294,-0.438947,0.422209
arm_1_right_finger,385.605000,0.547469,0.041277,0.654301,-0.604527,0.515152,-0.436771,0.422370
arm_1_right_finger,385.622000,0.548351,0.042500,0.653219,-0.605272,0.516026,-0.434555,0.422523
arm_1_right_finger,385.639000,0.549245,0.043753,0.652112,-0.606029,0.516914,-0.432295,0.422669
arm_1_right_finger,385.657000,0.550203,0.045110,0.650913,-0.606844,0.517872,-0.429856,0.422814
arm_1_right_finger,385.674000,0.551118,0.046422,0.649755,-0.607626,0.518793,-0.427509,0.422942
arm_1_right_finger,385.692000,0.552098,0.047843,0.648502,-0.608466,0.519785,-0.424979,0.423067
arm_1_right_finger,385.709000,0.553033,0.049215,0.647292,-0.609271,0.520737,-0.422545,0.423174
arm_1_right_finger,385.726000,0.553977,0.050617,0.646056,-0.610088,0.521705,-0.420070,0.423271
arm_1_right_finger,385.743000,0.554930,0.052049,0.644795,-0.610916,0.522687,-0.417553,0.423355
arm_1_right_finger,385.760000,0.555890,0.053511,0.643508,-0.611754,0.523684,-0.414994,0.423428
arm_1_right_finger,385.778000,0.556915,0.055092,0.642117,-0.612654,0.524756,-0.412241,0.423490
arm_1_right_finger,385.795000,0.557890,0.056617,0.640776,-0.613514,0.525784,-0.409597,0.423535
arm_1_right_finger,385.812000,0.558872,0.058172,0.639410,-0.614385,0.526826,-0.406913,0.423565
arm_1_right_finger,385.829000,0.559860,0.059759,0.638015,-0.615266,0.527884,-0.404186,0.423580
arm_1_right_finger,385.846000,0.560853,0.061376,0.636595,-0.616157,0.528955,-0.401421,0.423579
arm_1_right_finger,385.863000,0.561852,0.063025,0.635147,-0.617058,0.530040,-0.398614,0.423561
arm_1_right_finger,385.880000,0.562854,0.064706,0.633672,-0.617968,0.531140,-0.395768,0.423526
arm_1_right_finger,385.897000,0.563861,0.066419,0.632170,-0.618888,0.532253,-0.392881,0.423472
arm_1_right_finger,385.914000,0.564871,0.068164,0.630639,-0.619817,0.533380,-0.389955,0.423400
arm_1_right_finger,385.932000,0.565943,0.070047,0.628989,-0.620811,0.534589,-0.386814,0.423301
arm_1_right_finger,385.947000,0.566838,0.071644,0.627590,-0.621646,0.535608,-0.384162,0.423202
arm_1_right_finger,385.964000,0.567854,0.073485,0.625977,-0.622601,0.536775,-0.381121,0.423069
arm_1_right_finger,385.981000,0.568871,0.075359,0.624336,-0.623564,0.537956,-0.378041,0.422914
arm_1_right_finger,385.998000,0.569888,0.077266,0.622666,-0.624536,0.539150,-0.374922,0.422736
arm_1_right_finger,386.015000,0.570905,0.079206,0.620969,-0.625515,0.540357,-0.371766,0.422534
arm_1_right_finger,386.032000,0.571921,0.081181,0.619241,-0.626503,0.541577,-0.368572,0.422307
arm_1_right_finger,386.048000,0.572875,0.083069,0.617589,-0.627439,0.542737,-0.365532,0.422071
arm_1_right_finger,386.065000,0.573887,0.085108,0.615805,-0.628440,0.543981,-0.362266,0.421794
arm_1_right_finger,386.083000,0.574955,0.087306,0.613883,-0.629509,0.545313,-0.358768,0.421472
arm_1_right_finger,386.100000,0.575960,0.089416,0.612037,-0.630525,0.546583,-0.355426,0.421138
arm_1_right_finger,386.116000,0.576902,0.091434,0.610272,-0.631488,0.547790,-0.352248,0.420798
arm_1_right_finger,386.133000,0.577898,0.093611,0.608368,-0.632516,0.549084,-0.348838,0.420408
arm_1_right_finger,386.151000,0.578945,0.095954,0.606319,-0.633612,0.550466,-0.345188,0.419961
arm_1_right_finger,386.168000,0.579928,0.098202,0.604353,-0.634653,0.551784,-0.341708,0.419507
arm_1_right_finger,386.184000,0.580844,0.100348,0.602476,-0.635637,0.553034,-0.338403,0.419050
arm_1_right_finger,386.199000,0.581686,0.102362,0.600715,-0.636551,0.554199,-0.335319,0.418602
arm_1_right_finger,386.215000,0.582589,0.104569,0.598784,-0.637545,0.555468,-0.331956,0.418087
arm_1_right_finger,386.232000,0.583543,0.106959,0.596692,-0.638610,0.556834,-0.328334,0.417505
arm_1_right_finger,386.249000,0.584486,0.109384,0.594570,-0.639679,0.558210,-0.324683,0.416886
arm_1_right_finger,386.266000,0.585415,0.111839,0.592421,-0.640751,0.559593,-0.321007,0.416231
arm_1_right_finger,386.282000,0.586276,0.114176,0.590374,-0.641760,0.560902,-0.317528,0.415583
arm_1_right_finger,386.299000,0.587170,0.116668,0.588191,-0.642826,0.562288,-0.313840,0.414864
arm_1_right_finger,386.316000,0.588051,0.119198,0.585973,-0.643896,0.563686,-0.310118,0.414105
arm_1_right_finger,386.333000,0.588911,0.121746,0.583740,-0.644962,0.565083,-0.306394,0.413313
arm_1_right_finger,386.350000,0.589750,0.124307,0.581493,-0.646023,0.566479,-0.302671,0.412487
arm_1_right_finger,386.367000,0.590566,0.126881,0.579234,-0.647078,0.567873,-0.298953,0.411628
arm_1_right_finger,386.384000,0.591359,0.129466,0.576964,0.648126,-0.569263,0.295242,-0.410737
arm_1_right_finger,386.401000,0.592129,0.132060,0.574684,0.649167,-0.570649,0.291539,-0.409814
arm_1_right_finger,386.418000,0.592874,0.134664,0.572395,0.650200,-0.572031,0.287845,-0.408858
arm_1_right_finger,386.435000,0.593596,0.137276,0.570097,0.651226,-0.573408,0.284163,-0.407872
arm_1_right_finger,386.450000,0.594212,0.139587,0.568062,0.652125,-0.574620,0.280923,-0.406975
arm_1_right_finger,386.467000,0.594887,0.142212,0.565749,0.653135,-0.575988,0.277262,-0.405929
arm_1_right_finger,386.483000,0.595499,0.144689,0.563565,0.654079,-0.577271,0.273829,-0.404916
arm_1_right_finger,386.500000,0.596126,0.147327,0.561237,0.655074,-0.578629,0.270194,-0.403809
arm_1_right_finger,386.515000,0.596657,0.149659,0.559177,0.655945,-0.579822,0.266998,-0.402808
arm_1_right_finger,386.530000,0.597170,0.151996,0.557112,0.656810,-0.581012,0.263813,-0.401782
arm_1_right_finger,386.545000,0.597662,0.154336,0.555041,0.657668,-0.582197,0.260639,-0.400733
arm_1_right_finger,386.559000,0.598104,0.156524,0.553104,0.658463,-0.583299,0.257688,-0.399733
arm_1_right_finger,386.575000,0.598587,0.159028,0.550885,0.659364,-0.584554,0.254327,-0.398564
arm_1_right_finger,386.591000,0.599048,0.161536,0.548659,0.660258,-0.585804,0.250980,-0.397369
arm_1_right_finger,386.608000,0.599513,0.164205,0.546289,0.661200,-0.587126,0.247439,-0.396071
arm_1_right_finger,386.625000,0.599953,0.166877,0.543913,0.662133,-0.588443,0.243914,-0.394742
arm_1_right_finger,386.642000,0.600366,0.169553,0.541531,0.663058,-0.589753,0.240406,-0.393384
arm_1_right_finger,386.659000,0.600754,0.172232,0.539143,0.663974,-0.591058,0.236914,-0.391996
arm_1_right_finger,386.676000,0.601115,0.174915,0.536749,0.664881,-0.592357,0.233439,-0.390579
arm_1_right_finger,386.693000,0.601451,0.177600,0.534350,0.665780,-0.593650,0.229980,-0.389133
arm_1_right_finger,386.709000,0.601744,0.180129,0.532087,0.666619,-0.594862,0.226742,-0.387746
arm_1_right_finger,386.726000,0.602029,0.182819,0.529677,0.667501,-0.596144,0.223317,-0.386244
arm_1_right_finger,386.743000,0.602288,0.185511,0.527262,0.668375,-0.597419,0.219911,-0.384713
arm_1_right_finger,386.760000,0.602522,0.188204,0.524842,0.669241,-0.598689,0.216522,-0.383153
arm_1_right_finger,386.777000,0.602729,0.190899,0.522416,0.670098,-0.599953,0.213152,-0.381565
arm_1_right_finger,386.794000,0.602908,0.193563,0.520015,0.670936,-0.601195,0.209840,-0.379969
arm_1_right_finger,386.811000,0.603062,0.196252,0.517587,0.671773,-0.602443,0.206517,-0.378330
arm_1_right_finger,386.828000,0.603192,0.198960,0.515139,0.672608,-0.603693,0.203191,-0.376653
arm_1_right_finger,386.845000,0.603295,0.201666,0.512689,0.673432,-0.604936,0.199887,-0.374949
arm_1_right_finger,386.862000,0.603371,0.204370,0.510235,0.674248,-0.606172,0.196605,-0.373218
arm_1_right_finger,386.880000,0.603424,0.207232,0.507634,0.675102,-0.607473,0.193153,-0.371357
arm_1_right_finger,386.897000,0.603446,0.209934,0.505173,0.675899,-0.608695,0.189915,-0.369571
arm_1_right_finger,386.914000,0.603442,0.212634,0.502710,0.676688,-0.609911,0.186697,-0.367759
arm_1_right_finger,386.932000,0.603409,0.215492,0.500097,0.677513,-0.611191,0.183314,-0.365812
arm_1_right_finger,386.948000,0.603355,0.218032,0.497772,0.678238,-0.612322,0.180326,-0.364056
arm_1_right_finger,386.965000,0.603272,0.220728,0.495298,0.679000,-0.613518,0.177172,-0.362165
arm_1_right_finger,386.982000,0.603163,0.223422,0.492821,0.679754,-0.614708,0.174039,-0.360248
arm_1_right_finger,386.998000,0.603036,0.225957,0.490486,0.680455,-0.615822,0.171111,-0.358420
arm_1_right_finger,387.014000,0.602886,0.228489,0.488148,0.681149,-0.616931,0.168201,-0.356569
arm_1_right_finger,387.031000,0.602701,0.231178,0.485662,0.681877,-0.618102,0.165131,-0.354577
arm_1_right_finger,387.048000,0.602490,0.233864,0.483172,0.682597,-0.619267,0.162083,-0.352560
arm_1_right_finger,387.065000,0.602253,0.236547,0.480679,0.683309,-0.620426,0.159057,-0.350517
arm_1_right_finger,387.082000,0.601990,0.239227,0.478184,0.684011,-0.621578,0.156053,-0.348450
arm_1_right_finger,387.099000,0.601700,0.241904,0.475685,0.684705,-0.622724,0.153072,-0.346357
arm_1_right_finger,387.116000,0.601385,0.244578,0.473184,0.685390,-0.623863,0.150113,-0.344239
arm_1_right_finger,387.132000,0.601064,0.247091,0.470828,0.686028,-0.624930,0.147350,-0.342224
arm_1_right_finger,387.148000,0.600720,0.249601,0.468470,0.686657,-0.625990,0.144607,-0.340187
arm_1_right_finger,387.165000,0.600329,0.252263,0.465962,0.687317,-0.627111,0.141715,-0.337999
arm_1_right_finger,387.182000,0.599912,0.254921,0.463452,0.687969,-0.628225,0.138847,-0.335787
arm_1_right_finger,387.199000,0.599470,0.257575,0.460940,0.688612,-0.629333,0.136002,-0.333552
arm_1_right_finger,387.215000,0.599029,0.260068,0.458573,0.689210,-0.630369,0.133347,-0.331426
arm_1_right_finger,387.233000,0.598507,0.262867,0.455910,0.689873,-0.631528,0.130385,-0.329010
arm_1_right_finger,387.250000,0.597986,0.265505,0.453392,0.690490,-0.632616,0.127613,-0.326704
arm_1_right_finger,387.267000,0.597441,0.268138,0.450873,0.691098,-0.633698,0.124865,-0.324375
arm_1_right_finger,387.284000,0.596869,0.270765,0.448352,0.691698,-0.634772,0.122142,-0.322024
arm_1_right_finger,387.301000,0.596272,0.273386,0.445830,0.692289,-0.635841,0.119444,-0.319649
arm_1_right_finger,387.318000,0.595649,0.276000,0.443307,0.692872,-0.636902,0.116770,-0.317253
arm_1_right_finger,387.335000,0.595001,0.278609,0.440782,0.693446,-0.637957,0.114122,-0.314834
arm_1_right_finger,387.351000,0.594367,0.281057,0.438405,0.693978,-0.638943,0.111653,-0.312538
arm_1_right_finger,387.367000,0.593711,0.283500,0.436028,0.694502,-0.639924,0.109207,-0.310222
arm_1_right_finger,387.383000,0.593033,0.285936,0.433650,0.695019,-0.640899,0.106783,-0.307887
arm_1_right_finger,387.399000,0.592332,0.288366,0.431271,0.695528,-0.641867,0.104383,-0.305534
arm_1_right_finger,387.415000,0.591610,0.290789,0.428892,0.696030,-0.642830,0.102005,-0.303162
arm_1_right_finger,387.432000,0.590817,0.293355,0.426364,0.696554,-0.643846,0.099505,-0.300621
arm_1_right_finger,387.449000,0.590000,0.295914,0.423835,0.697070,-0.644856,0.097030,-0.298060
arm_1_right_finger,387.465000,0.589208,0.298315,0.421455,0.697548,-0.645799,0.094726,-0.295630
arm_1_right_finger,387.482000,0.588342,0.300858,0.418926,0.698047,-0.646796,0.092303,-0.293029
arm_1_right_finger,387.498000,0.587505,0.303243,0.416546,0.698508,-0.647727,0.090048,-0.290563
arm_1_right_finger,387.515000,0.586591,0.305768,0.414018,0.698991,-0.648710,0.087678,-0.287924
arm_1_right_finger,387.532000,0.585664,0.308256,0.411518,0.699456,-0.649674,0.085368,-0.285302
arm_1_right_finger,387.549000,0.584699,0.310770,0.408984,0.699925,-0.650646,0.083040,-0.282611
arm_1_right_finger,387.566000,0.583710,0.313273,0.406452,0.700382,-0.651611,0.080747,-0.279908
arm_1_right_finger,387.583000,0.582698,0.315765,0.403921,0.700830,-0.652567,0.078483,-0.277188
arm_1_right_finger,387.599000,0.581723,0.318100,0.401541,0.701244,-0.653461,0.076378,-0.274612
arm_1_right_finger,387.616000,0.580664,0.320570,0.399014,0.701675,-0.654404,0.074170,-0.271857
arm_1_right_finger,387.633000,0.579582,0.323030,0.396489,0.702098,-0.655339,0.071991,-0.269085
arm_1_right_finger,387.650000,0.578482,0.325465,0.393979,0.702509,-0.656262,0.069852,-0.266312
arm_1_right_finger,387.667000,0.577351,0.327906,0.391454,0.702915,-0.657184,0.067727,-0.263502
arm_1_right_finger,387.684000,0.576197,0.330334,0.388930,0.703311,-0.658099,0.065632,-0.260676
arm_1_right_finger,387.701000,0.575039,0.332711,0.386451,0.703693,-0.658991,0.063600,-0.257881
arm_1_right_finger,387.718000,0.573835,0.335125,0.383923,0.704074,-0.659895,0.061555,-0.255011
arm_1_right_finger,387.735000,0.572608,0.337525,0.381399,0.704445,-0.660790,0.059541,-0.252127
arm_1_right_finger,387.752000,0.571359,0.339912,0.378879,0.704808,-0.661678,0.057559,-0.249230
arm_1_right_finger,387.769000,0.570088,0.342284,0.376363,0.705161,-0.662558,0.055607,-0.246318
arm_1_right_finger,387.786000,0.568794,0.344643,0.373850,0.705506,-0.663430,0.053686,-0.243391
arm_1_right_finger,387.803000,0.567479,0.346989,0.371340,0.705842,-0.664295,0.051795,-0.240450
arm_1_right_finger,387.820000,0.566141,0.349322,0.368834,0.706170,-0.665152,0.049934,-0.237495
arm_1_right_finger,387.837000,0.564781,0.351641,0.366330,0.706488,-0.666002,0.048104,-0.234525
arm_1_right_finger,387.854000,0.563399,0.353947,0.363830,0.706798,-0.666844,0.046304,-0.231541
arm_1_right_finger,387.871000,0.561995,0.356239,0.361332,0.707099,-0.667680,0.044534,-0.228542
arm_1_right_finger,387.888000,0.560569,0.358518,0.358838,0.707392,-0.668507,0.042794,-0.225529
arm_1_right_finger,387.903000,0.559293,0.360518,0.356638,0.707643,-0.669232,0.041285,-0.222860
arm_1_right_finger,387.920000,0.557824,0.362771,0.354147,0.707919,-0.670046,0.039603,-0.219821
arm_1_right_finger,387.937000,0.556336,0.365010,0.351662,0.708186,-0.670852,0.037951,-0.216769
arm_1_right_finger,387.954000,0.554827,0.367235,0.349180,0.708445,-0.671652,0.036331,-0.213704
arm_1_right_finger,387.970000,0.553387,0.369316,0.346848,0.708681,-0.672397,0.034833,-0.210807
arm_1_right_finger,387.986000,0.551929,0.371385,0.344518,0.708909,-0.673136,0.033363,-0.207899
arm_1_right_finger,388.002000,0.550452,0.373440,0.342192,0.709130,-0.673869,0.031921,-0.204980
arm_1_right_finger,388.019000,0.548863,0.375609,0.339725,0.709356,-0.674640,0.030418,-0.201867
arm_1_right_finger,388.036000,0.547253,0.377764,0.337261,0.709573,-0.675403,0.028947,-0.198741
arm_1_right_finger,388.052000,0.545720,0.379778,0.334946,0.709770,-0.676115,0.027590,-0.195789
arm_1_right_finger,388.068000,0.544168,0.381779,0.332635,0.709959,-0.676821,0.026262,-0.192826
arm_1_right_finger,388.085000,0.542500,0.383890,0.330183,0.710152,-0.677563,0.024881,-0.189667
arm_1_right_finger,388.102000,0.540812,0.385986,0.327735,0.710336,-0.678298,0.023531,-0.186498
arm_1_right_finger,388.119000,0.539104,0.388065,0.325292,0.710511,-0.679025,0.022213,-0.183317
arm_1_right_finger,388.136000,0.537377,0.390130,0.322854,0.710678,-0.679745,0.020926,-0.180126
arm_1_right_finger,388.153000,0.535630,0.392178,0.320420,0.710836,-0.680457,0.019672,-0.176925
arm_1_right_finger,388.170000,0.533864,0.394210,0.317991,0.710986,-0.681162,0.018449,-0.173714
arm_1_right_finger,388.187000,0.532079,0.396226,0.315567,0.711127,-0.681859,0.017258,-0.170493
arm_1_right_finger,388.204000,0.530276,0.398225,0.313148,0.711260,-0.682549,0.016099,-0.167264
arm_1_right_finger,388.221000,0.528455,0.400207,0.310736,0.711384,-0.683231,0.014974,-0.164027
arm_1_right_finger,388.238000,0.526620,0.402167,0.308334,0.711499,-0.683903,0.013882,-0.160789
arm_1_right_finger,388.255000,0.524774,0.404104,0.305947,0.711605,-0.684566,0.012827,-0.157555
arm_1_right_finger,388.272000,0.522921,0.406013,0.303579,0.711702,-0.685217,0.011809,-0.154331
arm_1_right_finger,388.289000,0.521063,0.407892,0.301233,0.711791,-0.685856,0.010830,-0.151122
arm_1_right_finger,388.306000,0.519204,0.409739,0.298912,0.711870,-0.686483,0.009889,-0.147933
arm_1_right_finger,388.324000,0.517236,0.411659,0.296483,0.711945,-0.687133,0.008935,-0.144579
arm_1_right_finger,388.341000,0.515379,0.413439,0.294216,0.712007,-0.687733,0.008074,-0.141435
arm_1_right_finger,388.359000,0.513416,0.415287,0.291846,0.712064,-0.688355,0.007203,-0.138134
arm_1_right_finger,388.376000,0.511567,0.416998,0.289638,0.712109,-0.688929,0.006419,-0.135044
arm_1_right_finger,388.393000,0.509723,0.418675,0.287459,0.712146,-0.689490,0.005672,-0.131982
arm_1_right_finger,388.409000,0.507994,0.420222,0.285435,0.712174,-0.690007,0.005001,-0.129126
arm_1_right_finger,388.424000,0.506380,0.421646,0.283562,0.712195,-0.690480,0.004401,-0.126474
arm_1_right_finger,388.441000,0.504557,0.423228,0.281467,0.712212,-0.691006,0.003752,-0.123496
arm_1_right_finger,388.458000,0.502743,0.424778,0.279401,0.712222,-0.691519,0.003137,-0.120547
arm_1_right_finger,388.475000,0.500939,0.426295,0.277366,0.712225,-0.692020,0.002555,-0.117632
arm_1_right_finger,388.491000,0.499250,0.427693,0.275478,0.712222,-0.692481,0.002036,-0.114916
arm_1_right_finger,388.508000,0.497466,0.429148,0.273500,0.712213,-0.692959,0.001515,-0.112063
arm_1_right_finger,388.524000,0.495798,0.430488,0.271667,0.712199,-0.693398,0.001052,-0.109408
arm_1_right_finger,388.540000,0.494141,0.431801,0.269859,0.712180,-0.693828,0.000615,-0.106781
arm_1_right_finger,388.557000,0.492392,0.433167,0.267967,0.712155,-0.694273,0.000178,-0.104023
arm_1_right_finger,388.574000,0.490656,0.434501,0.266105,0.712124,-0.694707,-0.000232,-0.101298
arm_1_right_finger,388.591000,0.488933,0.435807,0.264272,0.712088,-0.695131,-0.000614,-0.098607
arm_1_right_finger,388.608000,0.487226,0.437082,0.262470,0.712048,-0.695543,-0.000970,-0.095952
arm_1_right_finger,388.625000,0.485532,0.438329,0.260696,0.712002,-0.695946,-0.001302,-0.093331
arm_1_right_finger,388.641000,0.483952,0.439476,0.259052,0.711956,-0.696315,-0.001591,-0.090895
arm_1_right_finger,388.657000,0.482386,0.440598,0.257434,0.711906,-0.696675,-0.001860,-0.088490
arm_1_right_finger,388.673000,0.480833,0.441696,0.255842,0.711852,-0.697027,-0.002109,-0.086116
arm_1_right_finger,388.691000,0.479104,0.442902,0.254081,0.711788,-0.697412,-0.002365,-0.083483
arm_1_right_finger,388.708000,0.477489,0.444013,0.252448,0.711723,-0.697766,-0.002586,-0.081033
arm_1_right_finger,388.724000,0.475984,0.445035,0.250936,0.711659,-0.698090,-0.002775,-0.078759
arm_1_right_finger,388.740000,0.474495,0.446034,0.249450,0.711593,-0.698407,-0.002946,-0.076517
arm_1_right_finger,388.757000,0.472930,0.447070,0.247897,0.711519,-0.698734,-0.003110,-0.074170
arm_1_right_finger,388.774000,0.471382,0.448081,0.246372,0.711443,-0.699053,-0.003255,-0.071858
arm_1_right_finger,388.791000,0.469855,0.449067,0.244877,0.711364,-0.699363,-0.003383,-0.069583
arm_1_right_finger,388.808000,0.468345,0.450029,0.243407,0.711282,-0.699664,-0.003494,-0.067344
arm_1_right_finger,388.823000,0.467030,0.450857,0.242135,0.711209,-0.699923,-0.003579,-0.065399
arm_1_right_finger,388.840000,0.465557,0.451774,0.240717,0.711123,-0.700209,-0.003661,-0.063229
arm_1_right_finger,388.857000,0.464105,0.452668,0.239327,0.711035,-0.700487,-0.003727,-0.061094
arm_1_right_finger,388.873000,0.462755,0.453488,0.238044,0.710952,-0.700741,-0.003778,-0.059119
arm_1_right_finger,388.889000,0.461426,0.454288,0.236785,0.710866,-0.700989,-0.003816,-0.057177
arm_1_right_finger,388.906000,0.460031,0.455116,0.235472,0.710774,-0.701245,-0.003844,-0.055148
arm_1_right_finger,388.923000,0.458660,0.455922,0.234187,0.710681,-0.701493,-0.003860,-0.053157
arm_1_right_finger,388.940000,0.457307,0.456708,0.232927,0.710587,-0.701734,-0.003864,-0.051202
arm_1_right_finger,388.956000,0.456056,0.457428,0.231767,0.710497,-0.701954,-0.003859,-0.049395
arm_1_right_finger,388.972000,0.454822,0.458129,0.230629,0.710407,-0.702168,-0.003844,-0.047622
arm_1_right_finger,388.989000,0.453534,0.458854,0.229445,0.710310,-0.702389,-0.003818,-0.045773
arm_1_right_finger,389.005000,0.452342,0.459518,0.228355,0.710219,-0.702590,-0.003786,-0.044067
arm_1_right_finger,389.021000,0.451170,0.460165,0.227288,0.710127,-0.702786,-0.003747,-0.042395
arm_1_right_finger,389.038000,0.449946,0.460833,0.226180,0.710029,-0.702988,-0.003697,-0.040652
arm_1_right_finger,389.054000,0.448814,0.461445,0.225158,0.709937,-0.703172,-0.003643,-0.039046
arm_1_right_finger,389.071000,0.447636,0.462076,0.224099,0.709839,-0.703362,-0.003578,-0.037376
arm_1_right_finger,389.088000,0.446480,0.462689,0.223065,0.709742,-0.703546,-0.003508,-0.035742
arm_1_right_finger,389.105000,0.445348,0.463283,0.222056,0.709645,-0.703723,-0.003431,-0.034147
arm_1_right_finger,389.122000,0.444240,0.463860,0.221072,0.709548,-0.703895,-0.003350,-0.032588
arm_1_right_finger,389.138000,0.443218,0.464387,0.220169,0.709457,-0.704052,-0.003268,-0.031154
arm_1_right_finger,389.154000,0.442217,0.464898,0.219287,0.709367,-0.704204,-0.003182,-0.029753
arm_1_right_finger,389.170000,0.441239,0.465395,0.218428,0.709278,-0.704350,-0.003093,-0.028385
arm_1_right_finger,389.187000,0.440222,0.465906,0.217538,0.709184,-0.704501,-0.002995,-0.026967
arm_1_right_finger,389.204000,0.439230,0.466400,0.216674,0.709091,-0.704647,-0.002894,-0.025587
arm_1_right_finger,389.221000,0.438263,0.466878,0.215833,0.708999,-0.704787,-0.002790,-0.024242
arm_1_right_finger,389.238000,0.437321,0.467340,0.215018,0.708909,-0.704922,-0.002684,-0.022936
arm_1_right_finger,389.256000,0.436348,0.467812,0.214178,0.708814,-0.705060,-0.002569,-0.021591
arm_1_right_finger,389.273000,0.435458,0.468242,0.213412,0.708726,-0.705185,-0.002460,-0.020361
arm_1_right_finger,389.290000,0.434592,0.468656,0.212670,0.708640,-0.705306,-0.002349,-0.019166
arm_1_right_finger,389.307000,0.433750,0.469056,0.211950,0.708556,-0.705422,-0.002238,-0.018010
arm_1_right_finger,389.324000,0.432936,0.469440,0.211255,0.708473,-0.705533,-0.002127,-0.016890
arm_1_right_finger,389.341000,0.432146,0.469810,0.210584,0.708392,-0.705640,-0.002016,-0.015805
arm_1_right_finger,389.356000,0.431469,0.470125,0.210010,0.708322,-0.705730,-0.001918,-0.014880
arm_1_right_finger,389.372000,0.430770,0.470448,0.209418,0.708249,-0.705823,-0.001814,-0.013924
arm_1_right_finger,389.389000,0.430053,0.470779,0.208812,0.708173,-0.705918,-0.001705,-0.012943
arm_1_right_finger,389.405000,0.429403,0.471076,0.208264,0.708104,-0.706003,-0.001604,-0.012055
arm_1_right_finger,389.422000,0.428735,0.471379,0.207703,0.708033,-0.706090,-0.001498,-0.011146
arm_1_right_finger,389.439000,0.428094,0.471669,0.207165,0.707964,-0.706172,-0.001394,-0.010274
arm_1_right_finger,389.456000,0.427479,0.471945,0.206651,0.707898,-0.706251,-0.001292,-0.009438
arm_1_right_finger,389.473000,0.426890,0.472209,0.206159,0.707833,-0.706326,-0.001192,-0.008638
arm_1_right_finger,389.490000,0.426328,0.472459,0.205690,0.707772,-0.706396,-0.001096,-0.007876
arm_1_right_finger,389.505000,0.425853,0.472669,0.205295,0.707719,-0.706456,-0.001013,-0.007234
arm_1_right_finger,389.519000,0.425429,0.472856,0.204943,0.707672,-0.706509,-0.000938,-0.006660
arm_1_right_finger,389.534000,0.424995,0.473047,0.204582,0.707624,-0.706562,-0.000861,-0.006072
arm_1_right_finger,389.549000,0.424581,0.473228,0.204239,0.707578,-0.706614,-0.000785,-0.005512
arm_1_right_finger,389.564000,0.424187,0.473400,0.203914,0.707533,-0.706662,-0.000713,-0.004980
arm_1_right_finger,389.580000,0.423789,0.473572,0.203585,0.707489,-0.706710,-0.000640,-0.004445
arm_1_right_finger,389.597000,0.423394,0.473743,0.203258,0.707444,-0.706758,-0.000566,-0.003912
arm_1_right_finger,389.614000,0.423026,0.473903,0.202955,0.707402,-0.706803,-0.000496,-0.003415
arm_1_right_finger,389.631000,0.422684,0.474050,0.202673,0.707363,-0.706844,-0.000431,-0.002955
arm_1_right_finger,389.648000,0.422368,0.474185,0.202413,0.707327,-0.706882,-0.000370,-0.002529
arm_1_right_finger,389.665000,0.422080,0.474309,0.202177,0.707294,-0.706917,-0.000307,-0.002148
arm_1_right_finger,389.683000,0.421801,0.474427,0.201948,0.707262,-0.706950,-0.000259,-0.001769
arm_1_right_finger,389.700000,0.421569,0.474526,0.201757,0.707235,-0.706977,-0.000214,-0.001457
arm_1_right_finger,389.717000,0.421364,0.474613,0.201590,0.707211,-0.707001,-0.000173,-0.001182
arm_1_right_finger,389.734000,0.421185,0.474689,0.201443,0.707190,-0.707023,-0.000137,-0.000940
arm_1_right_finger,389.751000,0.421032,0.474754,0.201318,0.707173,-0.707041,-0.000101,-0.000740
arm_1_right_finger,389.768000,0.420906,0.474808,0.201214,0.707158,-0.707055,-0.000075,-0.000572
arm_1_right_finger,389.785000,0.420805,0.474850,0.201132,0.707146,-0.707067,-0.000031,-0.000463
arm_1_right_finger,389.802000,0.420729,0.474882,0.201070,0.707137,-0.707076,-0.000044,-0.000332
arm_1_right_finger,389.819000,0.420671,0.474906,0.201022,0.707131,-0.707083,-0.000034,-0.000253
arm_1_right_finger,389.835000,0.420629,0.474924,0.200988,0.707126,-0.707088,-0.000026,-0.000196
arm_1_right_finger,389.852000,0.420628,0.474925,0.200986,0.707125,-0.707088,0.000002,-0.000221
arm_1_right_finger,389.867000,0.420656,0.474914,0.201005,0.707129,-0.707085,0.000009,-0.000271
arm_1_right_finger,389.884000,0.420680,0.474904,0.201012,0.707132,-0.707082,-0.000014,-0.000285
arm_1_right_finger,389.900000,0.420697,0.474899,0.201002,0.707134,-0.707080,-0.000010,-0.000316
arm_1_right_finger,389.917000,0.420713,0.474896,0.200972,0.707135,-0.707078,-0.000002,-0.000346
arm_1_right_finger,389.934000,0.420730,0.474896,0.200926,0.707136,-0.707077,-0.000046,-0.000319
arm_1_right_finger,389.950000,0.420743,0.474899,0.200860,0.707137,-0.707076,-0.000018,-0.000359
arm_1_right_finger,389.967000,0.420754,0.474904,0.200767,0.707138,-0.707075,-0.000047,-0.000340
arm_1_right_finger,389.983000,0.420766,0.474911,0.200658,0.707139,-0.707075,-0.000026,-0.000368
arm_1_right_finger,389.999000,0.420777,0.474921,0.200530,0.707139,-0.707075,-0.000045,-0.000353
arm_1_right_finger,390.015000,0.420787,0.474932,0.200376,0.707139,-0.707074,-0.000059,-0.000344
arm_1_right_finger,390.029000,0.420799,0.474944,0.200226,0.707139,-0.707074,-0.000028,-0.000377
arm_1_right_finger,390.046000,0.420813,0.474960,0.200019,0.707139,-0.707074,-0.000012,-0.000395
arm_1_right_finger,390.063000,0.420827,0.474978,0.199786,0.707139,-0.707074,-0.000048,-0.000359
arm_1_right_finger,390.080000,0.420841,0.474998,0.199527,0.707139,-0.707074,-0.000059,-0.000350
arm_1_right_finger,390.097000,0.420858,0.475021,0.199245,0.707139,-0.707074,-0.000048,-0.000361
arm_1_right_finger,390.114000,0.420875,0.475045,0.198935,0.707139,-0.707074,-0.000059,-0.000349
arm_1_right_finger,390.131000,0.420894,0.475071,0.198601,0.707139,-0.707074,-0.000047,-0.000361
arm_1_right_finger,390.147000,0.420914,0.475097,0.198263,0.707139,-0.707075,-0.000046,-0.000361
arm_1_right_finger,390.161000,0.420931,0.475122,0.197949,0.707139,-0.707075,-0.000014,-0.000392
arm_1_right_finger,390.177000,0.420952,0.475151,0.197567,0.707138,-0.707075,-0.000027,-0.000378
arm_1_right_finger,390.194000,0.420973,0.475184,0.197137,0.707138,-0.707075,-0.000048,-0.000355
arm_1_right_finger,390.211000,0.420997,0.475219,0.196680,0.707138,-0.707075,-0.000054,-0.000348
arm_1_right_finger,390.228000,0.421022,0.475255,0.196198,0.707138,-0.707076,-0.000053,-0.000347
arm_1_right_finger,390.246000,0.421049,0.475295,0.195659,0.707137,-0.707076,-0.000021,-0.000376
arm_1_right_finger,390.263000,0.421076,0.475334,0.195123,0.707137,-0.707076,-0.000062,-0.000333
arm_1_right_finger,390.280000,0.421104,0.475375,0.194562,0.707137,-0.707077,-0.000021,-0.000372
arm_1_right_finger,390.297000,0.421134,0.475417,0.193976,0.707136,-0.707077,-0.000047,-0.000344
arm_1_right_finger,390.314000,0.421164,0.475460,0.193363,0.707136,-0.707077,-0.000051,-0.000337
arm_1_right_finger,390.331000,0.421195,0.475504,0.192724,0.707136,-0.707078,-0.000011,-0.000374
arm_1_right_finger,390.349000,0.421226,0.475552,0.192018,0.707135,-0.707078,-0.000020,-0.000362
arm_1_right_finger,390.367000,0.421261,0.475602,0.191285,0.707135,-0.707079,-0.000030,-0.000349
arm_1_right_finger,390.385000,0.421294,0.475652,0.190521,0.707134,-0.707079,-0.000050,-0.000326
arm_1_right_finger,390.403000,0.421330,0.475704,0.189730,0.707134,-0.707080,-0.000049,-0.000324
arm_1_right_finger,390.420000,0.421359,0.475753,0.188952,0.707133,-0.707080,0.000002,-0.000372
arm_1_right_finger,390.437000,0.421397,0.475803,0.188155,0.707133,-0.707081,-0.000047,-0.000319
arm_1_right_finger,390.454000,0.421427,0.475853,0.187325,0.707132,-0.707081,0.000006,-0.000369
arm_1_right_finger,390.471000,0.421466,0.475904,0.186476,0.707132,-0.707082,-0.000011,-0.000348
arm_1_right_finger,390.487000,0.421498,0.475952,0.185651,0.707131,-0.707082,-0.000044,-0.000312
arm_1_right_finger,390.503000,0.421530,0.476000,0.184801,0.707131,-0.707083,-0.000046,-0.000306
arm_1_right_finger,390.519000,0.421563,0.476048,0.183930,0.707130,-0.707083,-0.000026,-0.000322
arm_1_right_finger,390.536000,0.421593,0.476100,0.182976,0.707130,-0.707084,0.000000,-0.000345
arm_1_right_finger,390.553000,0.421630,0.476151,0.182001,0.707129,-0.707084,-0.000047,-0.000294
arm_1_right_finger,390.570000,0.421663,0.476202,0.180998,0.707128,-0.707085,-0.000045,-0.000291
arm_1_right_finger,390.587000,0.421697,0.476253,0.179969,0.707128,-0.707086,-0.000038,-0.000294
arm_1_right_finger,390.604000,0.421731,0.476303,0.178916,0.707127,-0.707086,-0.000018,-0.000309
arm_1_right_finger,390.621000,0.421763,0.476352,0.177836,0.707127,-0.707087,-0.000013,-0.000310
arm_1_right_finger,390.637000,0.421792,0.476398,0.176795,0.707126,-0.707088,-0.000057,-0.000262
arm_1_right_finger,390.654000,0.421825,0.476446,0.175666,0.707125,-0.707088,-0.000039,-0.000275
arm_1_right_finger,390.671000,0.421854,0.476493,0.174510,0.707125,-0.707089,-0.000039,-0.000270
arm_1_right_finger,390.687000,0.421881,0.476535,0.173398,0.707124,-0.707090,-0.000037,-0.000267
arm_1_right_finger,390.704000,0.421909,0.476580,0.172192,0.707123,-0.707090,-0.000035,-0.000264
arm_1_right_finger,390.721000,0.421937,0.476623,0.170962,0.707122,-0.707091,-0.000018,-0.000276
arm_1_right_finger,390.738000,0.421963,0.476664,0.169705,0.707122,-0.707092,-0.000040,-0.000248
arm_1_right_finger,390.755000,0.421985,0.476703,0.168421,0.707121,-0.707093,-0.000005,-0.000278
arm_1_right_finger,390.772000,0.422009,0.476741,0.167113,0.707120,-0.707094,-0.000047,-0.000230
arm_1_right_finger,390.789000,0.422029,0.476776,0.165780,0.707119,-0.707094,-0.000052,-0.000220
arm_1_right_finger,390.804000,0.422046,0.476805,0.164581,0.707118,-0.707095,-0.000004,-0.000263
arm_1_right_finger,390.821000,0.422064,0.476836,0.163200,0.707118,-0.707096,-0.000045,-0.000216
arm_1_right_finger,390.838000,0.422081,0.476864,0.161795,0.707117,-0.707097,-0.000009,-0.000247
arm_1_right_finger,390.855000,0.422094,0.476890,0.160361,0.707116,-0.707098,-0.000030,-0.000220
arm_1_right_finger,390.873000,0.422105,0.476913,0.158816,0.707115,-0.707099,-0.000043,-0.000200
arm_1_right_finger,390.891000,0.422109,0.476934,0.157235,0.707114,-0.707100,0.000026,-0.000262
arm_1_right_finger,390.908000,0.422119,0.476949,0.155727,0.707113,-0.707101,-0.000029,-0.000200
arm_1_right_finger,390.925000,0.422122,0.476961,0.154195,0.707112,-0.707101,-0.000045,-0.000178
arm_1_right_finger,390.942000,0.422123,0.476969,0.152656,0.707111,-0.707102,-0.000003,-0.000214
arm_1_right_finger,390.959000,0.422121,0.476974,0.151115,0.707110,-0.707103,-0.000038,-0.000172
arm_1_right_finger,390.976000,0.422114,0.476974,0.149577,0.707109,-0.707104,-0.000027,-0.000177
arm_1_right_finger,390.993000,0.422107,0.476971,0.148053,0.707108,-0.707105,-0.000025,-0.000172
arm_1_right_finger,391.010000,0.422095,0.476964,0.146539,0.707107,-0.707106,0.000005,-0.000195
arm_1_right_finger,391.027000,0.422082,0.476954,0.145044,0.707106,-0.707107,-0.000038,-0.000146
arm_1_right_finger,391.044000,0.422066,0.476940,0.143568,0.707106,-0.707108,-0.000039,-0.000139
arm_1_right_finger,391.061000,0.422050,0.476922,0.142115,0.707105,-0.707109,-0.000020,-0.000152
arm_1_right_finger,391.077000,0.422029,0.476903,0.140764,0.707104,-0.707110,-0.000021,-0.000145
arm_1_right_finger,391.093000,0.422009,0.476882,0.139437,0.707103,-0.707111,0.000002,-0.000163
arm_1_right_finger,391.108000,0.421987,0.476859,0.138209,0.707102,-0.707111,-0.000033,-0.000122
arm_1_right_finger,391.125000,0.421961,0.476831,0.136840,0.707101,-0.707112,-0.000034,-0.000116
arm_1_right_finger,391.142000,0.421934,0.476800,0.135499,0.707101,-0.707113,-0.000018,-0.000125
arm_1_right_finger,391.159000,0.421905,0.476767,0.134181,0.707100,-0.707114,-0.000017,-0.000121
arm_1_right_finger,391.176000,0.421873,0.476732,0.132888,0.707099,-0.707115,-0.000017,-0.000116
arm_1_right_finger,391.193000,0.421843,0.476696,0.131623,0.707098,-0.707115,0.000004,-0.000132
arm_1_right_finger,391.210000,0.421810,0.476657,0.130381,0.707097,-0.707116,0.000008,-0.000130
arm_1_right_finger,391.228000,0.421773,0.476614,0.129096,0.707097,-0.707117,0.000009,-0.000125
arm_1_right_finger,391.245000,0.421738,0.476572,0.127907,0.707096,-0.707118,0.000019,-0.000131
arm_1_right_finger,391.262000,0.421701,0.476529,0.126745,0.707095,-0.707118,-0.000023,-0.000084
arm_1_right_finger,391.279000,0.421663,0.476484,0.125608,0.707094,-0.707119,-0.000024,-0.000077
arm_1_right_finger,391.296000,0.421625,0.476439,0.124497,0.707094,-0.707120,-0.000026,-0.000071
arm_1_right_finger,391.312000,0.421590,0.476395,0.123477,0.707093,-0.707120,-0.000005,-0.000087
arm_1_right_finger,391.328000,0.421553,0.476351,0.122477,0.707093,-0.707121,-0.000012,-0.000076
arm_1_right_finger,391.345000,0.421515,0.476303,0.121443,0.707092,-0.707122,-0.000009,-0.000075
arm_1_right_finger,391.357000,0.421486,0.476269,0.120726,0.707091,-0.707122,-0.000023,-0.000058
arm_1_right_finger,391.374000,0.421448,0.476221,0.119736,0.707091,-0.707123,-0.000005,-0.000072
arm_1_right_finger,391.391000,0.421407,0.476172,0.118769,0.707090,-0.707123,-0.000004,-0.000068
arm_1_right_finger,391.408000,0.421369,0.476123,0.117836,0.707090,-0.707124,0.000016,-0.000085
arm_1_right_finger,391.427000,0.421324,0.476068,0.116814,0.707089,-0.707125,0.000023,-0.000087
arm_1_right_finger,391.442000,0.421289,0.476025,0.116031,0.707088,-0.707125,-0.000006,-0.000055
arm_1_right_finger,391.459000,0.421251,0.475976,0.115168,0.707088,-0.707126,0.000014,-0.000071
arm_1_right_finger,391.476000,0.421211,0.475927,0.114330,0.707087,-0.707126,-0.000019,-0.000034
arm_1_right_finger,391.492000,0.421175,0.475882,0.113566,0.707087,-0.707127,-0.000005,-0.000045
arm_1_right_finger,391.509000,0.421137,0.475834,0.112780,0.707086,-0.707127,0.000016,-0.000063
arm_1_right_finger,391.526000,0.421098,0.475787,0.112017,0.707086,-0.707128,-0.000019,-0.000025
arm_1_right_finger,391.542000,0.421060,0.475744,0.111321,0.707086,-0.707128,0.000048,-0.000089
arm_1_right_finger,391.558000,0.421026,0.475701,0.110651,0.707085,-0.707128,0.000049,-0.000087
arm_1_right_finger,391.574000,0.420992,0.475658,0.110004,0.707085,-0.707129,0.000049,-0.000084
arm_1_right_finger,391.591000,0.420963,0.475614,0.109345,0.707084,-0.707129,0.000022,-0.000054
arm_1_right_finger,391.608000,0.420928,0.475571,0.108707,0.707084,-0.707130,-0.000002,-0.000027
arm_1_right_finger,391.625000,0.420895,0.475529,0.108096,0.707084,-0.707130,-0.000003,-0.000023
arm_1_right_finger,391.642000,0.420863,0.475488,0.107509,0.707083,-0.707130,0.000035,-0.000059
arm_1_right_finger,391.659000,0.420830,0.475449,0.106947,0.707083,-0.707131,0.000002,-0.000023
arm_1_right_finger,391.676000,0.420801,0.475411,0.106413,0.707082,-0.707131,0.000001,-0.000021
arm_1_right_finger,391.693000,0.420771,0.475374,0.105902,0.707082,-0.707131,-0.000012,-0.000005
arm_1_right_finger,391.710000,0.420742,0.475338,0.105418,0.707082,-0.707132,0.000028,-0.000043
arm_1_right_finger,391.727000,0.420717,0.475304,0.104960,0.707082,-0.707132,0.000004,-0.000017
arm_1_right_finger,391.744000,0.420692,0.475272,0.104527,0.707081,-0.707132,0.000003,-0.000014
arm_1_right_finger,391.761000,0.420667,0.475241,0.104119,0.707081,-0.707132,-0.000004,-0.000005
arm_1_right_finger,391.778000,0.420645,0.475212,0.103737,0.707081,-0.707133,0.000019,-0.000027
arm_1_right_finger,391.794000,0.420625,0.475187,0.103400,0.707081,-0.707133,0.000003,-0.000010
arm_1_right_finger,391.810000,0.420606,0.475162,0.103086,0.707080,-0.707133,0.000003,-0.000008
arm_1_right_finger,391.824000,0.420590,0.475142,0.102829,0.707080,-0.707133,0.000013,-0.000017
arm_1_right_finger,391.840000,0.420574,0.475121,0.102558,0.707080,-0.707133,0.000003,-0.000005
arm_1_right_finger,391.857000,0.420555,0.475100,0.102292,0.707080,-0.707134,0.000031,-0.000033
arm_1_right_finger,391.872000,0.420544,0.475084,0.102082,0.707080,-0.707134,0.000023,-0.000023
arm_1_right_finger,391.889000,0.420531,0.475066,0.101865,0.707080,-0.707134,0.000006,-0.000006
arm_1_right_finger,391.906000,0.420518,0.475051,0.101672,0.707080,-0.707134,0.000009,-0.000008
arm_1_right_finger,391.922000,0.420508,0.475039,0.101515,0.707079,-0.707134,0.000004,-0.000002
arm_1_right_finger,391.939000,0.420500,0.475027,0.101373,0.707079,-0.707134,0.000004,-0.000001
arm_1_right_finger,391.955000,0.420493,0.475018,0.101263,0.707079,-0.707134,0.000004,-0.000001
arm_1_right_finger,391.969000,0.420488,0.475012,0.101184,0.707079,-0.707134,0.000018,-0.000015
arm_1_right_finger,391.981000,0.420485,0.475008,0.101129,0.707079,-0.707134,0.000006,-0.000002
arm_1_right_finger,391.995000,0.420480,0.475003,0.101076,0.707079,-0.707134,-0.000004,0.000008
arm_1_right_finger,392.007000,0.420436,0.475000,0.101004,0.707079,-0.707134,0.000003,0.000001
arm_1_right_finger,392.023000,0.420271,0.474997,0.100829,0.707079,-0.707134,0.000004,0.000000
arm_1_right_finger,392.040000,0.419978,0.474995,0.100556,0.707079,-0.707134,0.000004,0.000000
arm_1_right_finger,392.057000,0.419591,0.474993,0.100217,0.707079,-0.707134,0.000004,0.000000
arm_1_right_finger,392.074000,0.419128,0.474991,0.099829,0.707079,-0.707134,0.000004,0.000000
arm_1_right_finger,392.091000,0.418605,0.474990,0.099407,0.707079,-0.707135,0.000004,0.000000
arm_1_right_finger,392.108000,0.418035,0.474989,0.098963,0.707079,-0.707135,0.000004,0.000001
arm_1_right_finger,392.125000,0.417426,0.474989,0.098504,0.707079,-0.707135,0.000004,0.000001
arm_1_right_finger,392.142000,0.416786,0.474988,0.098038,0.707079,-0.707135,0.000004,0.000001
arm_1_right_finger,392.159000,0.416119,0.474988,0.097568,0.707079,-0.707135,0.000004,0.000001
arm_1_right_finger,392.176000,0.415430,0.474988,0.097100,0.707079,-0.707135,0.000004,0.000001
arm_1_right_finger,392.194000,0.414680,0.474988,0.096608,0.707079,-0.707135,0.000004,0.000001
arm_1_right_finger,392.211000,0.413955,0.474987,0.096149,0.707079,-0.707135,0.000004,0.000001
arm_1_right_finger,392.228000,0.413216,0.474987,0.095698,0.707079,-0.707135,0.000004,0.000001
arm_1_right_finger,392.245000,0.412466,0.474987,0.095257,0.707079,-0.707135,0.000004,0.000001
arm_1_right_finger,392.262000,0.411704,0.474987,0.094825,0.707079,-0.707135,0.000004,0.000001
arm_1_right_finger,392.278000,0.410978,0.474987,0.094428,0.707079,-0.707135,0.000004,0.000001
arm_1_right_finger,392.293000,0.410289,0.474987,0.094065,0.707079,-0.707135,0.000004,0.000001
arm_1_right_finger,392.309000,0.409548,0.474987,0.093688,0.707079,-0.707135,0.000004,0.000001
arm_1_right_finger,392.325000,0.408800,0.474987,0.093322,0.707079,-0.707135,0.000004,0.000001
arm_1_right_finger,392.342000,0.407998,0.474987,0.092944,0.707079,-0.707135,0.000004,0.000001
arm_1_right_finger,392.359000,0.407189,0.474987,0.092580,0.707079,-0.707135,0.000004,0.000001
arm_1_right_finger,392.376000,0.406374,0.474987,0.092228,0.707079,-0.707135,0.000004,0.000001
arm_1_right_finger,392.393000,0.405552,0.474988,0.091889,0.707079,-0.707135,0.000004,0.000001
arm_1_right_finger,392.410000,0.404725,0.474988,0.091564,0.707079,-0.707135,0.000004,0.000001
arm_1_right_finger,392.427000,0.403892,0.474988,0.091252,0.707079,-0.707135,0.000004,0.000001
arm_1_right_finger,392.444000,0.403054,0.474988,0.090953,0.707079,-0.707135,0.000004,0.000001
arm_1_right_finger,392.461000,0.402211,0.474988,0.090667,0.707079,-0.707135,0.000004,0.000001
arm_1_right_finger,392.468000,0.401864,0.474988,0.090554,0.707079,-0.707135,0.000004,0.000001
arm_1_right_finger,392.480000,0.401301,0.474988,0.090376,0.707079,-0.707135,0.000004,0.000001
arm_1_right_finger,392.489000,0.401162,0.475082,0.090445,0.707079,-0.707134,0.000205,-0.000381
arm_1_right_finger,392.496000,0.401121,0.475100,0.090452,0.707079,-0.707134,0.000306,-0.000513
arm_1_right_finger,392.503000,0.401108,0.475114,0.090464,0.707079,-0.707134,0.000391,-0.000625
arm_1_right_finger,392.508000,0.401109,0.475120,0.090470,0.707079,-0.707134,0.000488,-0.000732
arm_1_right_finger,392.518000,0.401103,0.475128,0.090477,0.707079,-0.707134,0.000609,-0.000867
arm_1_right_finger,392.528000,0.401105,0.475137,0.090487,0.707078,-0.707134,0.000749,-0.001022
arm_1_right_finger,392.539000,0.401104,0.475139,0.090489,0.707078,-0.707134,0.000819,-0.001096
arm_1_right_finger,392.550000,0.401103,0.475141,0.090490,0.707078,-0.707134,0.000823,-0.001104
arm_1_right_finger,392.561000,0.401102,0.475141,0.090489,0.707078,-0.707134,0.000785,-0.001066
arm_1_right_finger,392.571000,0.401100,0.475139,0.090487,0.707078,-0.707134,0.000731,-0.001009
arm_1_right_finger,392.581000,0.401099,0.475137,0.090484,0.707078,-0.707134,0.000676,-0.000950
arm_1_right_finger,392.592000,0.401097,0.475134,0.090480,0.707079,-0.707134,0.000630,-0.000897
arm_1_right_finger,392.602000,0.401095,0.475135,0.090480,0.707078,-0.707134,0.000672,-0.000941
arm_1_right_finger,392.613000,0.401093,0.475136,0.090481,0.707078,-0.707134,0.000660,-0.000931
arm_1_right_finger,392.624000,0.401092,0.475136,0.090480,0.707079,-0.707134,0.000610,-0.000881
arm_1_right_finger,392.635000,0.401092,0.475134,0.090478,0.707079,-0.707134,0.000556,-0.000824
arm_1_right_finger,392.645000,0.401093,0.475132,0.090476,0.707079,-0.707134,0.000514,-0.000779
arm_1_right_finger,392.654000,0.401092,0.475130,0.090473,0.707079,-0.707134,0.000490,-0.000750
arm_1_right_finger,392.662000,0.401076,0.475133,0.090472,0.707079,-0.707134,0.000500,-0.000764
arm_1_right_finger,392.671000,0.401055,0.475142,0.090477,0.707079,-0.707134,0.000482,-0.000764
arm_1_right_finger,392.681000,0.401056,0.475145,0.090480,0.707079,-0.707134,0.000505,-0.000793
arm_1_right_finger,392.691000,0.401049,0.475145,0.090478,0.707079,-0.707134,0.000506,-0.000793
arm_1_right_finger,392.701000,0.401048,0.475147,0.090479,0.707079,-0.707134,0.000469,-0.000759
arm_1_right_finger,392.711000,0.401052,0.475145,0.090479,0.707079,-0.707134,0.000438,-0.000726
arm_1_right_finger,392.721000,0.401056,0.475143,0.090478,0.707079,-0.707134,0.000402,-0.000686
arm_1_right_finger,392.731000,0.401060,0.475141,0.090476,0.707079,-0.707134,0.000366,-0.000647
arm_1_right_finger,392.740000,0.401061,0.475137,0.090472,0.707079,-0.707134,0.000331,-0.000603
arm_1_right_finger,392.750000,0.401057,0.475140,0.090474,0.707079,-0.707134,0.000321,-0.000598
arm_1_right_finger,392.756000,0.401059,0.475140,0.090475,0.707079,-0.707134,0.000311,-0.000589
arm_1_right_finger,392.765000,0.401062,0.475139,0.090475,0.707079,-0.707134,0.000294,-0.000571
arm_1_right_finger,392.775000,0.401065,0.475138,0.090474,0.707079,-0.707134,0.000272,-0.000546
arm_1_right_finger,392.785000,0.401065,0.475139,0.090475,0.707079,-0.707134,0.000290,-0.000565
arm_1_right_finger,392.794000,0.401063,0.475139,0.090475,0.707079,-0.707134,0.000257,-0.000533
arm_1_right_finger,392.804000,0.401057,0.475139,0.090473,0.707079,-0.707134,0.000233,-0.000507
arm_1_right_finger,392.813000,0.401058,0.475139,0.090473,0.707079,-0.707134,0.000212,-0.000487
arm_1_right_finger,392.823000,0.401054,0.475139,0.090472,0.707079,-0.707134,0.000199,-0.000473
arm_1_right_finger,392.833000,0.401055,0.475139,0.090473,0.707079,-0.707134,0.000201,-0.000477
arm_1_right_finger,392.843000,0.401053,0.475140,0.090474,0.707079,-0.707134,0.000220,-0.000496
arm_1_right_finger,392.853000,0.401054,0.475141,0.090475,0.707079,-0.707134,0.000219,-0.000498
arm_1_right_finger,392.863000,0.401056,0.475140,0.090475,0.707079,-0.707134,0.000201,-0.000479
arm_1_right_finger,392.873000,0.401058,0.475136,0.090471,0.707079,-0.707134,0.000191,-0.000460
arm_1_right_finger,392.883000,0.401052,0.475141,0.090475,0.707079,-0.707134,0.000251,-0.000528
arm_1_right_finger,392.893000,0.401052,0.475143,0.090477,0.707079,-0.707134,0.000273,-0.000556
arm_1_right_finger,392.903000,0.401054,0.475143,0.090478,0.707079,-0.707134,0.000264,-0.000547
arm_1_right_finger,392.911000,0.401056,0.475142,0.090477,0.707079,-0.707134,0.000244,-0.000526
arm_1_right_finger,392.920000,0.401059,0.475141,0.090476,0.707079,-0.707134,0.000216,-0.000495
arm_1_right_finger,392.930000,0.401054,0.475141,0.090475,0.707079,-0.707134,0.000282,-0.000560
arm_1_right_finger,392.939000,0.401051,0.475144,0.090478,0.707079,-0.707134,0.000354,-0.000638
arm_1_right_finger,392.949000,0.401052,0.475150,0.090485,0.707079,-0.707134,0.000427,-0.000721
arm_1_right_finger,392.958000,0.401049,0.475151,0.090486,0.707079,-0.707134,0.000467,-0.000764
arm_1_right_finger,392.968000,0.401045,0.475155,0.090490,0.707079,-0.707134,0.000539,-0.000843
arm_1_right_finger,392.978000,0.401047,0.475160,0.090495,0.707079,-0.707134,0.000595,-0.000909
arm_1_right_finger,392.987000,0.401043,0.475163,0.090497,0.707079,-0.707134,0.000644,-0.000963
arm_1_right_finger,392.997000,0.401039,0.475164,0.090497,0.707079,-0.707134,0.000666,-0.000987
arm_1_right_finger,393.007000,0.401034,0.475169,0.090501,0.707079,-0.707134,0.000737,-0.001068
arm_1_right_finger,393.017000,0.401037,0.475174,0.090507,0.707078,-0.707134,0.000803,-0.001143
arm_1_right_finger,393.027000,0.401039,0.475175,0.090509,0.707078,-0.707134,0.000811,-0.001154
arm_1_right_finger,393.037000,0.401026,0.475170,0.090500,0.707078,-0.707134,0.000732,-0.001067
arm_1_right_finger,393.047000,0.401028,0.475178,0.090510,0.707078,-0.707134,0.000826,-0.001176
arm_1_right_finger,393.058000,0.401031,0.475180,0.090512,0.707078,-0.707134,0.000854,-0.001208
arm_1_right_finger,393.068000,0.401033,0.475180,0.090512,0.707078,-0.707134,0.000825,-0.001178
arm_1_right_finger,393.078000,0.401034,0.475178,0.090510,0.707078,-0.707134,0.000772,-0.001121
arm_1_right_finger,393.088000,0.401037,0.475174,0.090507,0.707078,-0.707134,0.000715,-0.001058
arm_1_right_finger,393.098000,0.401041,0.475171,0.090504,0.707078,-0.707134,0.000657,-0.000994
arm_1_right_finger,393.108000,0.401044,0.475168,0.090501,0.707079,-0.707134,0.000604,-0.000934
arm_1_right_finger,393.118000,0.401048,0.475164,0.090499,0.707079,-0.707134,0.000602,-0.000925
arm_1_right_finger,393.128000,0.401048,0.475166,0.090501,0.707079,-0.707134,0.000619,-0.000946
arm_1_right_finger,393.138000,0.401050,0.475165,0.090500,0.707079,-0.707134,0.000593,-0.000919
arm_1_right_finger,393.148000,0.401046,0.475166,0.090500,0.707079,-0.707134,0.000606,-0.000932
arm_1_right_finger,393.158000,0.401042,0.475166,0.090499,0.707079,-0.707134,0.000614,-0.000940
arm_1_right_finger,393.168000,0.401044,0.475169,0.090503,0.707079,-0.707134,0.000646,-0.000977
arm_1_right_finger,393.177000,0.401045,0.475169,0.090503,0.707079,-0.707134,0.000633,-0.000964
arm_1_right_finger,393.186000,0.401027,0.475165,0.090494,0.707079,-0.707134,0.000619,-0.000942
arm_1_right_finger,393.194000,0.401020,0.475171,0.090499,0.707079,-0.707134,0.000708,-0.001043
arm_1_right_finger,393.203000,0.401022,0.475180,0.090510,0.707078,-0.707134,0.000825,-0.001178
arm_1_right_finger,393.212000,0.401016,0.475183,0.090512,0.707078,-0.707134,0.000863,-0.001222
arm_1_right_finger,393.218000,0.401018,0.475187,0.090516,0.707078,-0.707134,0.000912,-0.001278
arm_1_right_finger,393.226000,0.401021,0.475189,0.090519,0.707078,-0.707134,0.000942,-0.001311
arm_1_right_finger,393.236000,0.401024,0.475189,0.090520,0.707078,-0.707134,0.000931,-0.001301
arm_1_right_finger,393.246000,0.401025,0.475187,0.090518,0.707078,-0.707134,0.000876,-0.001243
arm_1_right_finger,393.256000,0.401028,0.475184,0.090515,0.707078,-0.707134,0.000811,-0.001173
arm_1_right_finger,393.265000,0.401030,0.475183,0.090515,0.707078,-0.707134,0.000757,-0.001116
arm_1_right_finger,393.274000,0.401032,0.475184,0.090517,0.707078,-0.707134,0.000777,-0.001138
arm_1_right_finger,393.284000,0.401033,0.475185,0.090522,0.707078,-0.707134,0.000739,-0.001102
arm_1_right_finger,393.294000,0.401031,0.475188,0.090529,0.707078,-0.707134,0.000690,-0.001056
arm_1_right_finger,393.304000,0.401024,0.475189,0.090538,0.707078,-0.707134,0.000801,-0.001167
arm_1_right_finger,393.312000,0.401015,0.475190,0.090546,0.707078,-0.707134,0.000825,-0.001191
arm_1_right_finger,393.322000,0.401014,0.475192,0.090564,0.707078,-0.707134,0.000902,-0.001268
arm_1_right_finger,393.332000,0.401017,0.475195,0.090588,0.707078,-0.707134,0.000912,-0.001279
arm_1_right_finger,393.342000,0.401017,0.475198,0.090617,0.707078,-0.707134,0.000896,-0.001263
arm_1_right_finger,393.352000,0.401021,0.475201,0.090653,0.707078,-0.707134,0.000921,-0.001287
arm_1_right_finger,393.363000,0.401027,0.475206,0.090701,0.707078,-0.707134,0.000876,-0.001243
arm_1_right_finger,393.373000,0.401034,0.475211,0.090753,0.707078,-0.707134,0.000810,-0.001177
arm_1_right_finger,393.383000,0.401041,0.475217,0.090811,0.707078,-0.707134,0.000766,-0.001132
arm_1_right_finger,393.394000,0.401047,0.475224,0.090882,0.707079,-0.707134,0.000768,-0.001134
arm_1_right_finger,393.404000,0.401055,0.475231,0.090956,0.707079,-0.707134,0.000723,-0.001089
arm_1_right_finger,393.415000,0.401066,0.475240,0.091047,0.707079,-0.707134,0.000659,-0.001025
arm_1_right_finger,393.425000,0.401076,0.475249,0.091137,0.707079,-0.707134,0.000662,-0.001027
arm_1_right_finger,393.436000,0.401084,0.475259,0.091245,0.707079,-0.707134,0.000664,-0.001030
arm_1_right_finger,393.446000,0.401095,0.475270,0.091352,0.707079,-0.707134,0.000627,-0.000992
arm_1_right_finger,393.456000,0.401107,0.475281,0.091467,0.707079,-0.707134,0.000577,-0.000943
arm_1_right_finger,393.466000,0.401122,0.475293,0.091591,0.707079,-0.707134,0.000564,-0.000929
arm_1_right_finger,393.477000,0.401132,0.475307,0.091735,0.707079,-0.707133,0.000600,-0.000964
arm_1_right_finger,393.488000,0.401145,0.475322,0.091890,0.707079,-0.707133,0.000575,-0.000939
arm_1_right_finger,393.498000,0.401157,0.475336,0.092039,0.707079,-0.707133,0.000631,-0.000994
arm_1_right_finger,393.508000,0.401168,0.475351,0.092196,0.707079,-0.707133,0.000664,-0.001026
arm_1_right_finger,393.519000,0.401181,0.475369,0.092378,0.707079,-0.707133,0.000770,-0.001132
arm_1_right_finger,393.530000,0.401194,0.475387,0.092571,0.707079,-0.707133,0.000782,-0.001143
arm_1_right_finger,393.541000,0.401211,0.475406,0.092775,0.707080,-0.707133,0.000740,-0.001101
arm_1_right_finger,393.551000,0.401228,0.475425,0.092970,0.707080,-0.707133,0.000689,-0.001050
arm_1_right_finger,393.561000,0.401247,0.475444,0.093172,0.707080,-0.707133,0.000634,-0.000994
arm_1_right_finger,393.570000,0.401265,0.475462,0.093363,0.707080,-0.707133,0.000584,-0.000943
arm_1_right_finger,393.580000,0.401286,0.475482,0.093583,0.707080,-0.707133,0.000530,-0.000889
arm_1_right_finger,393.590000,0.401307,0.475503,0.093811,0.707080,-0.707132,0.000480,-0.000838
arm_1_right_finger,393.600000,0.401329,0.475525,0.094048,0.707081,-0.707132,0.000433,-0.000791
arm_1_right_finger,393.609000,0.401350,0.475545,0.094268,0.707081,-0.707132,0.000471,-0.000827
arm_1_right_finger,393.619000,0.401366,0.475569,0.094519,0.707081,-0.707132,0.000503,-0.000859
arm_1_right_finger,393.629000,0.401385,0.475593,0.094779,0.707081,-0.707132,0.000493,-0.000848
arm_1_right_finger,393.638000,0.401404,0.475615,0.095021,0.707081,-0.707132,0.000471,-0.000825
arm_1_right_finger,393.647000,0.401425,0.475637,0.095270,0.707081,-0.707132,0.000445,-0.000798
arm_1_right_finger,393.657000,0.401449,0.475663,0.095556,0.707081,-0.707132,0.000422,-0.000774
arm_1_right_finger,393.667000,0.401473,0.475689,0.095849,0.707082,-0.707131,0.000404,-0.000756
arm_1_right_finger,393.677000,0.401498,0.475716,0.096152,0.707082,-0.707131,0.000393,-0.000744
arm_1_right_finger,393.688000,0.401525,0.475747,0.096494,0.707082,-0.707131,0.000388,-0.000738
arm_1_right_finger,393.699000,0.401553,0.475778,0.096847,0.707082,-0.707131,0.000385,-0.000734
arm_1_right_finger,393.709000,0.401581,0.475806,0.097177,0.707082,-0.707131,0.000408,-0.000755
arm_1_right_finger,393.719000,0.401601,0.475836,0.097513,0.707082,-0.707130,0.000531,-0.000877
arm_1_right_finger,393.730000,0.401623,0.475869,0.097893,0.707082,-0.707130,0.000588,-0.000933
arm_1_right_finger,393.741000,0.401648,0.475903,0.098284,0.707083,-0.707130,0.000593,-0.000936
arm_1_right_finger,393.751000,0.401672,0.475934,0.098649,0.707083,-0.707130,0.000585,-0.000927
arm_1_right_finger,393.761000,0.401697,0.475965,0.099023,0.707083,-0.707130,0.000575,-0.000916
arm_1_right_finger,393.771000,0.401722,0.475997,0.099404,0.707083,-0.707129,0.000630,-0.000970
arm_1_right_finger,393.782000,0.401745,0.476033,0.099834,0.707083,-0.707129,0.000710,-0.001048
arm_1_right_finger,393.793000,0.401770,0.476070,0.100273,0.707084,-0.707129,0.000719,-0.001055
arm_1_right_finger,393.803000,0.401795,0.476103,0.100683,0.707084,-0.707129,0.000707,-0.001042
arm_1_right_finger,393.812000,0.401819,0.476134,0.101059,0.707084,-0.707128,0.000691,-0.001026
arm_1_right_finger,393.821000,0.401841,0.476165,0.101442,0.707084,-0.707128,0.000741,-0.001074
arm_1_right_finger,393.831000,0.401864,0.476199,0.101875,0.707084,-0.707128,0.000796,-0.001127
arm_1_right_finger,393.841000,0.401888,0.476234,0.102316,0.707085,-0.707128,0.000792,-0.001122
arm_1_right_finger,393.851000,0.401915,0.476270,0.102768,0.707085,-0.707127,0.000775,-0.001104
arm_1_right_finger,393.861000,0.401943,0.476305,0.103228,0.707085,-0.707127,0.000753,-0.001080
arm_1_right_finger,393.871000,0.401971,0.476341,0.103697,0.707085,-0.707127,0.000731,-0.001057
arm_1_right_finger,393.881000,0.401999,0.476378,0.104174,0.707086,-0.707127,0.000706,-0.001030
arm_1_right_finger,393.891000,0.402022,0.476414,0.104658,0.707086,-0.707126,0.000783,-0.001105
arm_1_right_finger,393.901000,0.402045,0.476451,0.105152,0.707086,-0.707126,0.000775,-0.001096
arm_1_right_finger,393.911000,0.402073,0.476488,0.105655,0.707086,-0.707126,0.000759,-0.001078
arm_1_right_finger,393.921000,0.402102,0.476525,0.106167,0.707087,-0.707126,0.000739,-0.001056
arm_1_right_finger,393.931000,0.402131,0.476563,0.106688,0.707087,-0.707125,0.000718,-0.001033
arm_1_right_finger,393.940000,0.402158,0.476597,0.107164,0.707087,-0.707125,0.000700,-0.001014
arm_1_right_finger,393.950000,0.402187,0.476634,0.107702,0.707088,-0.707125,0.000681,-0.000993
arm_1_right_finger,393.960000,0.402216,0.476672,0.108248,0.707088,-0.707125,0.000664,-0.000975
arm_1_right_finger,393.970000,0.402245,0.476710,0.108804,0.707088,-0.707124,0.000648,-0.000957
arm_1_right_finger,393.980000,0.402274,0.476748,0.109367,0.707089,-0.707124,0.000634,-0.000942
arm_1_right_finger,393.990000,0.402303,0.476786,0.109939,0.707089,-0.707124,0.000622,-0.000927
arm_1_right_finger,394.000000,0.402332,0.476824,0.110521,0.707089,-0.707123,0.000611,-0.000914
arm_1_right_finger,394.010000,0.402361,0.476862,0.111110,0.707090,-0.707123,0.000601,-0.000903
arm_1_right_finger,394.020000,0.402389,0.476900,0.111709,0.707090,-0.707123,0.000593,-0.000892
arm_1_right_finger,394.030000,0.402418,0.476938,0.112316,0.707090,-0.707123,0.000585,-0.000882
arm_1_right_finger,394.040000,0.402446,0.476976,0.112932,0.707091,-0.707122,0.000578,-0.000874
arm_1_right_finger,394.049000,0.402471,0.477010,0.113494,0.707091,-0.707122,0.000572,-0.000866
arm_1_right_finger,394.059000,0.402500,0.477047,0.114127,0.707091,-0.707122,0.000605,-0.000897
arm_1_right_finger,394.070000,0.402521,0.477088,0.114830,0.707091,-0.707121,0.000657,-0.000946
arm_1_right_finger,394.081000,0.402546,0.477129,0.115545,0.707092,-0.707121,0.000755,-0.001041
arm_1_right_finger,394.091000,0.402567,0.477166,0.116204,0.707092,-0.707120,0.000763,-0.001047
arm_1_right_finger,394.102000,0.402597,0.477207,0.116941,0.707092,-0.707120,0.000760,-0.001042
arm_1_right_finger,394.112000,0.402623,0.477243,0.117620,0.707093,-0.707120,0.000759,-0.001039
arm_1_right_finger,394.123000,0.402646,0.477283,0.118376,0.707093,-0.707119,0.000816,-0.001093
arm_1_right_finger,394.134000,0.402675,0.477322,0.119144,0.707094,-0.707119,0.000815,-0.001090
arm_1_right_finger,394.145000,0.402705,0.477361,0.119923,0.707094,-0.707118,0.000808,-0.001080
arm_1_right_finger,394.156000,0.402735,0.477399,0.120713,0.707094,-0.707118,0.000797,-0.001066
arm_1_right_finger,394.167000,0.402765,0.477437,0.121515,0.707095,-0.707118,0.000786,-0.001053
arm_1_right_finger,394.178000,0.402794,0.477474,0.122326,0.707095,-0.707117,0.000775,-0.001040
arm_1_right_finger,394.189000,0.402823,0.477511,0.123148,0.707096,-0.707117,0.000766,-0.001027
arm_1_right_finger,394.199000,0.402848,0.477543,0.123905,0.707096,-0.707116,0.000758,-0.001017
arm_1_right_finger,394.210000,0.402875,0.477579,0.124748,0.707097,-0.707116,0.000751,-0.001007
arm_1_right_finger,394.221000,0.402901,0.477613,0.125601,0.707097,-0.707115,0.000744,-0.000998
arm_1_right_finger,394.232000,0.402927,0.477647,0.126465,0.707098,-0.707115,0.000739,-0.000990
arm_1_right_finger,394.243000,0.402952,0.477680,0.127340,0.707098,-0.707115,0.000734,-0.000982
arm_1_right_finger,394.251000,0.402970,0.477703,0.127983,0.707098,-0.707114,0.000731,-0.000977
arm_1_right_finger,394.260000,0.402989,0.477729,0.128713,0.707099,-0.707114,0.000728,-0.000972
arm_1_right_finger,394.269000,0.403008,0.477754,0.129450,0.707099,-0.707113,0.000726,-0.000967
arm_1_right_finger,394.278000,0.403026,0.477778,0.130195,0.707100,-0.707113,0.000723,-0.000962
arm_1_right_finger,394.287000,0.403043,0.477802,0.130947,0.707100,-0.707113,0.000722,-0.000958
arm_1_right_finger,394.294000,0.403057,0.477820,0.131536,0.707100,-0.707112,0.000720,-0.000955
arm_1_right_finger,394.303000,0.403072,0.477842,0.132300,0.707101,-0.707112,0.000743,-0.000975
arm_1_right_finger,394.312000,0.403081,0.477863,0.133070,0.707101,-0.707111,0.000795,-0.001024
arm_1_right_finger,394.320000,0.403092,0.477882,0.133762,0.707101,-0.707111,0.000805,-0.001032
arm_1_right_finger,394.330000,0.403108,0.477904,0.134634,0.707102,-0.707111,0.000809,-0.001033
arm_1_right_finger,394.339000,0.403117,0.477923,0.135426,0.707102,-0.707110,0.000862,-0.001083
arm_1_right_finger,394.348000,0.403122,0.477941,0.136225,0.707102,-0.707110,0.000857,-0.001076
arm_1_right_finger,394.358000,0.403131,0.477960,0.137121,0.707103,-0.707109,0.000947,-0.001162
arm_1_right_finger,394.369000,0.403143,0.477980,0.138119,0.707103,-0.707109,0.000949,-0.001162
arm_1_right_finger,394.380000,0.403158,0.477998,0.139129,0.707104,-0.707108,0.000945,-0.001154
arm_1_right_finger,394.391000,0.403173,0.478015,0.140152,0.707104,-0.707108,0.000936,-0.001142
arm_1_right_finger,394.401000,0.403185,0.478029,0.141090,0.707105,-0.707107,0.000926,-0.001130
arm_1_right_finger,394.412000,0.403191,0.478043,0.142132,0.707105,-0.707107,0.000948,-0.001147
arm_1_right_finger,394.423000,0.403196,0.478055,0.143184,0.707106,-0.707106,0.000958,-0.001154
arm_1_right_finger,394.434000,0.403205,0.478065,0.144249,0.707107,-0.707105,0.000957,-0.001150
arm_1_right_finger,394.444000,0.403212,0.478073,0.145223,0.707107,-0.707105,0.000951,-0.001141
arm_1_right_finger,394.454000,0.403219,0.478079,0.146203,0.707108,-0.707104,0.000944,-0.001131
arm_1_right_finger,394.464000,0.403224,0.478084,0.147187,0.707108,-0.707104,0.000937,-0.001120
arm_1_right_finger,394.473000,0.403228,0.478087,0.148074,0.707109,-0.707103,0.000930,-0.001111
arm_1_right_finger,394.482000,0.403230,0.478089,0.148961,0.707109,-0.707103,0.000924,-0.001102
arm_1_right_finger,394.492000,0.403232,0.478089,0.149946,0.707110,-0.707102,0.000918,-0.001092
arm_1_right_finger,394.502000,0.403232,0.478087,0.150930,0.707110,-0.707102,0.000912,-0.001083
arm_1_right_finger,394.513000,0.403231,0.478084,0.152008,0.707111,-0.707101,0.000906,-0.001074
arm_1_right_finger,394.524000,0.403228,0.478079,0.153082,0.707111,-0.707101,0.000901,-0.001065
arm_1_right_finger,394.533000,0.403224,0.478073,0.153957,0.707112,-0.707100,0.000897,-0.001059
arm_1_right_finger,394.542000,0.403220,0.478066,0.154828,0.707112,-0.707100,0.000893,-0.001052
arm_1_right_finger,394.551000,0.403211,0.478058,0.155693,0.707113,-0.707100,0.000885,-0.001041
arm_1_right_finger,394.559000,0.403199,0.478050,0.156457,0.707113,-0.707099,0.000931,-0.001084
arm_1_right_finger,394.568000,0.403189,0.478040,0.157313,0.707113,-0.707099,0.000938,-0.001089
arm_1_right_finger,394.576000,0.403182,0.478030,0.158071,0.707114,-0.707098,0.000941,-0.001089
arm_1_right_finger,394.586000,0.403173,0.478016,0.159011,0.707114,-0.707098,0.000940,-0.001086
arm_1_right_finger,394.595000,0.403164,0.478002,0.159851,0.707115,-0.707097,0.000938,-0.001081
arm_1_right_finger,394.605000,0.403153,0.477986,0.160779,0.707115,-0.707097,0.000935,-0.001075
arm_1_right_finger,394.613000,0.403137,0.477972,0.161513,0.707116,-0.707096,0.000961,-0.001097
arm_1_right_finger,394.623000,0.403118,0.477953,0.162425,0.707116,-0.707096,0.000972,-0.001106
arm_1_right_finger,394.632000,0.403101,0.477936,0.163239,0.707117,-0.707096,0.000975,-0.001106
arm_1_right_finger,394.642000,0.403079,0.477915,0.164135,0.707117,-0.707095,0.001006,-0.001134
arm_1_right_finger,394.652000,0.403063,0.477893,0.165026,0.707117,-0.707095,0.001008,-0.001133
arm_1_right_finger,394.661000,0.403050,0.477872,0.165822,0.707118,-0.707094,0.001008,-0.001131
arm_1_right_finger,394.671000,0.403035,0.477848,0.166697,0.707118,-0.707094,0.001006,-0.001126
arm_1_right_finger,394.679000,0.403022,0.477829,0.167392,0.707119,-0.707093,0.001003,-0.001121
arm_1_right_finger,394.689000,0.403005,0.477803,0.168253,0.707119,-0.707093,0.000999,-0.001114
arm_1_right_finger,394.699000,0.402982,0.477776,0.169104,0.707120,-0.707092,0.001036,-0.001148
arm_1_right_finger,394.709000,0.402963,0.477748,0.169948,0.707120,-0.707092,0.001139,-0.001249
arm_1_right_finger,394.719000,0.402944,0.477720,0.170783,0.707120,-0.707091,0.001208,-0.001315
arm_1_right_finger,394.729000,0.402921,0.477691,0.171610,0.707120,-0.707091,0.001235,-0.001340
arm_1_right_finger,394.738000,0.402900,0.477664,0.172347,0.707121,-0.707090,0.001217,-0.001319
arm_1_right_finger,394.748000,0.402879,0.477633,0.173158,0.707121,-0.707090,0.001195,-0.001295
arm_1_right_finger,394.758000,0.402857,0.477601,0.173961,0.707122,-0.707090,0.001175,-0.001272
arm_1_right_finger,394.768000,0.402835,0.477569,0.174754,0.707122,-0.707089,0.001157,-0.001251
arm_1_right_finger,394.778000,0.402812,0.477536,0.175539,0.707123,-0.707089,0.001140,-0.001232
arm_1_right_finger,394.787000,0.402785,0.477506,0.176237,0.707123,-0.707089,0.001128,-0.001218
arm_1_right_finger,394.797000,0.402761,0.477472,0.177005,0.707123,-0.707088,0.001228,-0.001315
arm_1_right_finger,394.807000,0.402737,0.477437,0.177766,0.707124,-0.707087,0.001296,-0.001380
arm_1_right_finger,394.817000,0.402712,0.477402,0.178517,0.707124,-0.707087,0.001337,-0.001420
arm_1_right_finger,394.826000,0.402689,0.477370,0.179186,0.707124,-0.707087,0.001360,-0.001441
arm_1_right_finger,394.837000,0.402656,0.477330,0.179993,0.707125,-0.707086,0.001316,-0.001394
arm_1_right_finger,394.847000,0.402630,0.477294,0.180718,0.707125,-0.707086,0.001259,-0.001334
arm_1_right_finger,394.858000,0.402601,0.477253,0.181506,0.707126,-0.707086,0.001200,-0.001273
arm_1_right_finger,394.867000,0.402565,0.477219,0.182139,0.707126,-0.707085,0.001147,-0.001218
arm_1_right_finger,394.877000,0.402537,0.477182,0.182839,0.707127,-0.707085,0.001137,-0.001206
arm_1_right_finger,394.887000,0.402511,0.477144,0.183529,0.707127,-0.707085,0.001126,-0.001192
arm_1_right_finger,394.897000,0.402485,0.477105,0.184211,0.707127,-0.707084,0.001116,-0.001180
arm_1_right_finger,394.907000,0.402458,0.477067,0.184885,0.707128,-0.707084,0.001106,-0.001168
arm_1_right_finger,394.917000,0.402431,0.477028,0.185549,0.707128,-0.707084,0.001098,-0.001158
arm_1_right_finger,394.927000,0.402403,0.476989,0.186205,0.707128,-0.707083,0.001090,-0.001148
arm_1_right_finger,394.937000,0.402376,0.476950,0.186852,0.707129,-0.707083,0.001084,-0.001140
arm_1_right_finger,394.947000,0.402348,0.476911,0.187491,0.707129,-0.707083,0.001078,-0.001132
arm_1_right_finger,394.957000,0.402320,0.476871,0.188120,0.707129,-0.707082,0.001073,-0.001125
arm_1_right_finger,394.967000,0.402292,0.476832,0.188741,0.707130,-0.707082,0.001068,-0.001118
arm_1_right_finger,394.978000,0.402260,0.476788,0.189414,0.707130,-0.707082,0.001064,-0.001111
arm_1_right_finger,394.989000,0.402229,0.476745,0.190076,0.707130,-0.707081,0.001060,-0.001105
arm_1_right_finger,395.000000,0.402197,0.476701,0.190727,0.707131,-0.707081,0.001056,-0.001100
arm_1_right_finger,395.011000,0.402166,0.476657,0.191368,0.707131,-0.707081,0.001053,-0.001095
arm_1_right_finger,395.022000,0.402129,0.476614,0.191996,0.707131,-0.707080,0.001137,-0.001176
arm_1_right_finger,395.033000,0.402098,0.476571,0.192616,0.707131,-0.707080,0.001242,-0.001279
arm_1_right_finger,395.044000,0.402062,0.476527,0.193224,0.707132,-0.707079,0.001263,-0.001298
arm_1_right_finger,395.055000,0.402023,0.476484,0.193819,0.707132,-0.707079,0.001307,-0.001340
arm_1_right_finger,395.064000,0.401989,0.476449,0.194298,0.707132,-0.707079,0.001384,-0.001414
arm_1_right_finger,395.072000,0.401969,0.476418,0.194721,0.707132,-0.707078,0.001518,-0.001547
arm_1_right_finger,395.080000,0.401933,0.476387,0.195134,0.707132,-0.707078,0.001557,-0.001585
arm_1_right_finger,395.089000,0.401911,0.476352,0.195596,0.707132,-0.707077,0.001709,-0.001735
arm_1_right_finger,395.098000,0.401889,0.476318,0.196052,0.707132,-0.707077,0.001820,-0.001845
arm_1_right_finger,395.108000,0.401864,0.476280,0.196550,0.707132,-0.707076,0.001910,-0.001934
arm_1_right_finger,395.119000,0.401838,0.476238,0.197087,0.707132,-0.707076,0.001974,-0.001996
arm_1_right_finger,395.130000,0.401811,0.476197,0.197615,0.707132,-0.707075,0.002009,-0.002030
arm_1_right_finger,395.141000,0.401784,0.476156,0.198131,0.707133,-0.707075,0.002023,-0.002042
arm_1_right_finger,395.152000,0.401732,0.476116,0.198628,0.707133,-0.707075,0.001857,-0.001874
arm_1_right_finger,395.163000,0.401682,0.476076,0.199116,0.707134,-0.707076,0.001686,-0.001701
arm_1_right_finger,395.173000,0.401658,0.476040,0.199556,0.707134,-0.707075,0.001637,-0.001651
arm_1_right_finger,395.182000,0.401639,0.476008,0.199945,0.707135,-0.707075,0.001594,-0.001607
arm_1_right_finger,395.191000,0.401620,0.475977,0.200328,0.707135,-0.707075,0.001554,-0.001566
arm_1_right_finger,395.201000,0.401598,0.475942,0.200744,0.707135,-0.707075,0.001514,-0.001525
arm_1_right_finger,395.210000,0.401579,0.475911,0.201111,0.707135,-0.707075,0.001481,-0.001491
arm_1_right_finger,395.220000,0.401558,0.475877,0.201511,0.707136,-0.707075,0.001448,-0.001456
arm_1_right_finger,395.230000,0.401537,0.475844,0.201901,0.707136,-0.707075,0.001418,-0.001425
arm_1_right_finger,395.240000,0.401515,0.475811,0.202283,0.707136,-0.707075,0.001391,-0.001397
arm_1_right_finger,395.244000,0.401507,0.475798,0.202433,0.707136,-0.707074,0.001381,-0.001386
arm_1_right_finger,395.252000,0.401490,0.475773,0.202729,0.707137,-0.707074,0.001362,-0.001366
arm_1_right_finger,395.262000,0.401469,0.475741,0.203092,0.707137,-0.707074,0.001341,-0.001344
arm_1_right_finger,395.272000,0.401448,0.475710,0.203445,0.707137,-0.707074,0.001322,-0.001325
arm_1_right_finger,395.281000,0.401430,0.475682,0.203755,0.707137,-0.707074,0.001307,-0.001309
arm_1_right_finger,395.291000,0.401409,0.475653,0.204091,0.707137,-0.707074,0.001292,-0.001292
arm_1_right_finger,395.298000,0.401395,0.475632,0.204322,0.707138,-0.707074,0.001282,-0.001282
arm_1_right_finger,395.301000,0.401389,0.475623,0.204419,0.707138,-0.707074,0.001278,-0.001277
arm_1_right_finger,395.310000,0.401371,0.475597,0.204706,0.707138,-0.707074,0.001267,-0.001265
arm_1_right_finger,395.320000,0.401352,0.475569,0.205017,0.707138,-0.707073,0.001255,-0.001253
arm_1_right_finger,395.330000,0.401333,0.475542,0.205319,0.707138,-0.707073,0.001245,-0.001242
arm_1_right_finger,395.340000,0.401314,0.475515,0.205612,0.707138,-0.707073,0.001236,-0.001231
arm_1_right_finger,395.350000,0.401289,0.475489,0.205894,0.707138,-0.707073,0.001221,-0.001215
arm_1_right_finger,395.361000,0.401271,0.475461,0.206197,0.707138,-0.707073,0.001351,-0.001344
arm_1_right_finger,395.371000,0.401249,0.475436,0.206461,0.707138,-0.707072,0.001395,-0.001388
arm_1_right_finger,395.380000,0.401224,0.475414,0.206690,0.707139,-0.707072,0.001398,-0.001389
arm_1_right_finger,395.390000,0.401211,0.475391,0.206939,0.707138,-0.707072,0.001519,-0.001509
arm_1_right_finger,395.400000,0.401197,0.475368,0.207180,0.707138,-0.707072,0.001615,-0.001605
arm_1_right_finger,395.410000,0.401184,0.475346,0.207412,0.707138,-0.707071,0.001697,-0.001686
arm_1_right_finger,395.422000,0.401170,0.475321,0.207679,0.707138,-0.707071,0.001775,-0.001763
arm_1_right_finger,395.434000,0.401137,0.475297,0.207928,0.707139,-0.707071,0.001710,-0.001697
arm_1_right_finger,395.444000,0.401115,0.475278,0.208127,0.707139,-0.707071,0.001675,-0.001662
arm_1_right_finger,395.454000,0.401102,0.475259,0.208319,0.707139,-0.707071,0.001633,-0.001620
arm_1_right_finger,395.463000,0.401075,0.475243,0.208480,0.707139,-0.707071,0.001530,-0.001515
arm_1_right_finger,395.472000,0.401057,0.475228,0.208637,0.707139,-0.707071,0.001522,-0.001506
arm_1_right_finger,395.482000,0.401052,0.475211,0.208806,0.707139,-0.707071,0.001632,-0.001616
arm_1_right_finger,395.492000,0.401031,0.475196,0.208962,0.707139,-0.707070,0.001678,-0.001661
arm_1_right_finger,395.502000,0.401026,0.475181,0.209113,0.707139,-0.707070,0.001793,-0.001776
arm_1_right_finger,395.512000,0.401022,0.475168,0.209257,0.707139,-0.707070,0.001891,-0.001874
arm_1_right_finger,395.522000,0.400997,0.475154,0.209385,0.707139,-0.707070,0.001840,-0.001822
arm_1_right_finger,395.533000,0.400993,0.475141,0.209522,0.707139,-0.707070,0.001943,-0.001925
arm_1_right_finger,395.543000,0.400992,0.475130,0.209638,0.707139,-0.707069,0.002022,-0.002004
arm_1_right_finger,395.553000,0.400967,0.475120,0.209738,0.707139,-0.707069,0.001957,-0.001938
arm_1_right_finger,395.563000,0.400965,0.475110,0.209837,0.707139,-0.707069,0.002006,-0.001987
arm_1_right_finger,395.573000,0.400966,0.475102,0.209926,0.707139,-0.707069,0.002047,-0.002028
arm_1_right_finger,395.583000,0.400944,0.475094,0.210000,0.707139,-0.707069,0.001957,-0.001937
arm_1_right_finger,395.594000,0.400944,0.475086,0.210077,0.707139,-0.707069,0.001989,-0.001969
arm_1_right_finger,395.605000,0.400946,0.475080,0.210146,0.707139,-0.707069,0.002014,-0.001994
arm_1_right_finger,395.616000,0.400951,0.475074,0.210204,0.707139,-0.707069,0.002048,-0.002028
arm_1_right_finger,395.627000,0.400955,0.475070,0.210253,0.707139,-0.707069,0.002087,-0.002068
arm_1_right_finger,395.639000,0.400960,0.475065,0.210298,0.707139,-0.707069,0.002132,-0.002112
arm_1_right_finger,395.649000,0.400931,0.475062,0.210319,0.707139,-0.707069,0.001941,-0.001921
arm_1_right_finger,395.659000,0.400933,0.475060,0.210345,0.707139,-0.707069,0.001879,-0.001859
arm_1_right_finger,395.669000,0.400936,0.475058,0.210369,0.707140,-0.707069,0.001821,-0.001801
arm_1_right_finger,395.680000,0.400941,0.475057,0.210378,0.707140,-0.707070,0.001763,-0.001743
arm_1_right_finger,395.691000,0.400937,0.475056,0.210369,0.707140,-0.707070,0.001739,-0.001718
arm_1_right_finger,395.702000,0.400942,0.475053,0.210364,0.707140,-0.707070,0.001753,-0.001732
arm_1_right_finger,395.712000,0.400954,0.475047,0.210361,0.707140,-0.707070,0.001717,-0.001696
arm_1_right_finger,395.721000,0.400968,0.475039,0.210358,0.707140,-0.707070,0.001682,-0.001661
arm_1_right_finger,395.731000,0.400989,0.475027,0.210356,0.707140,-0.707070,0.001644,-0.001624
arm_1_right_finger,395.741000,0.401016,0.475010,0.210354,0.707140,-0.707070,0.001610,-0.001590
arm_1_right_finger,395.751000,0.401048,0.474989,0.210353,0.707140,-0.707070,0.001579,-0.001559
arm_1_right_finger,395.761000,0.401086,0.474962,0.210351,0.707140,-0.707070,0.001550,-0.001530
arm_1_right_finger,395.771000,0.401121,0.474929,0.210346,0.707137,-0.707074,0.001465,-0.001444
arm_1_right_finger,395.781000,0.401177,0.474891,0.210346,0.707137,-0.707073,0.001580,-0.001559
arm_1_right_finger,395.791000,0.401240,0.474847,0.210346,0.707137,-0.707072,0.001683,-0.001662
arm_1_right_finger,395.801000,0.401309,0.474798,0.210346,0.707137,-0.707072,0.001776,-0.001755
arm_1_right_finger,395.811000,0.401388,0.474741,0.210345,0.707138,-0.707071,0.001859,-0.001839
arm_1_right_finger,395.823000,0.401470,0.474665,0.210338,0.707132,-0.707077,0.001803,-0.001782
arm_1_right_finger,395.833000,0.401556,0.474594,0.210334,0.707133,-0.707076,0.001766,-0.001745
arm_1_right_finger,395.843000,0.401658,0.474518,0.210333,0.707134,-0.707075,0.001722,-0.001701
arm_1_right_finger,395.853000,0.401758,0.474432,0.210328,0.707127,-0.707083,0.001665,-0.001643
arm_1_right_finger,395.863000,0.401875,0.474342,0.210327,0.707129,-0.707081,0.001644,-0.001622
arm_1_right_finger,395.873000,0.402006,0.474245,0.210326,0.707131,-0.707079,0.001616,-0.001595
arm_1_right_finger,395.883000,0.402147,0.474140,0.210325,0.707132,-0.707078,0.001588,-0.001567
arm_1_right_finger,395.893000,0.402296,0.474029,0.210325,0.707133,-0.707077,0.001561,-0.001540
arm_1_right_finger,395.904000,0.402470,0.473898,0.210324,0.707134,-0.707076,0.001534,-0.001513
arm_1_right_finger,395.914000,0.402637,0.473772,0.210323,0.707135,-0.707075,0.001511,-0.001491
arm_1_right_finger,395.925000,0.402832,0.473625,0.210322,0.707136,-0.707074,0.001489,-0.001469
arm_1_right_finger,395.935000,0.403017,0.473484,0.210320,0.707137,-0.707074,0.001471,-0.001451
arm_1_right_finger,395.945000,0.403213,0.473336,0.210319,0.707137,-0.707073,0.001454,-0.001434
arm_1_right_finger,395.955000,0.403416,0.473181,0.210317,0.707138,-0.707073,0.001439,-0.001419
arm_1_right_finger,395.965000,0.403629,0.473017,0.210315,0.707138,-0.707073,0.001426,-0.001406
arm_1_right_finger,395.975000,0.403851,0.472848,0.210313,0.707139,-0.707072,0.001414,-0.001394
arm_1_right_finger,395.983000,0.404035,0.472707,0.210312,0.707139,-0.707072,0.001405,-0.001385
arm_1_right_finger,395.991000,0.404225,0.472560,0.210310,0.707139,-0.707072,0.001396,-0.001376
arm_1_right_finger,396.001000,0.404471,0.472371,0.210308,0.707139,-0.707072,0.001385,-0.001365
arm_1_right_finger,396.011000,0.404725,0.472175,0.210306,0.707139,-0.707072,0.001376,-0.001356
arm_1_right_finger,396.023000,0.405045,0.471930,0.210303,0.707140,-0.707071,0.001382,-0.001362
arm_1_right_finger,396.034000,0.405348,0.471696,0.210300,0.707140,-0.707071,0.001400,-0.001380
arm_1_right_finger,396.045000,0.405661,0.471453,0.210297,0.707140,-0.707071,0.001413,-0.001394
arm_1_right_finger,396.056000,0.405987,0.471200,0.210294,0.707140,-0.707071,0.001434,-0.001415
arm_1_right_finger,396.068000,0.406352,0.470915,0.210290,0.707140,-0.707071,0.001434,-0.001415
arm_1_right_finger,396.081000,0.406763,0.470594,0.210286,0.707140,-0.707071,0.001422,-0.001402
arm_1_right_finger,396.094000,0.407190,0.470260,0.210281,0.707140,-0.707071,0.001403,-0.001384
arm_1_right_finger,396.107000,0.407633,0.469913,0.210277,0.707140,-0.707071,0.001383,-0.001364
arm_1_right_finger,396.120000,0.408090,0.469554,0.210272,0.707140,-0.707071,0.001363,-0.001343
arm_1_right_finger,396.133000,0.408563,0.469182,0.210267,0.707140,-0.707071,0.001342,-0.001322
arm_1_right_finger,396.147000,0.409088,0.468767,0.210261,0.707140,-0.707071,0.001319,-0.001300
arm_1_right_finger,396.160000,0.409592,0.468368,0.210256,0.707140,-0.707071,0.001298,-0.001278
arm_1_right_finger,396.173000,0.410110,0.467956,0.210250,0.707140,-0.707071,0.001276,-0.001257
arm_1_right_finger,396.185000,0.410603,0.467565,0.210244,0.707140,-0.707071,0.001257,-0.001237
arm_1_right_finger,396.198000,0.411150,0.467128,0.210238,0.707140,-0.707071,0.001236,-0.001217
arm_1_right_finger,396.211000,0.411713,0.466677,0.210232,0.707140,-0.707071,0.001216,-0.001196
arm_1_right_finger,396.224000,0.412291,0.466214,0.210225,0.707140,-0.707071,0.001196,-0.001177
arm_1_right_finger,396.237000,0.412883,0.465738,0.210219,0.707140,-0.707071,0.001178,-0.001159
arm_1_right_finger,396.248000,0.413396,0.465325,0.210213,0.707140,-0.707071,0.001165,-0.001146
arm_1_right_finger,396.262000,0.414064,0.464785,0.210205,0.707140,-0.707071,0.001149,-0.001130
arm_1_right_finger,396.275000,0.414700,0.464269,0.210198,0.707140,-0.707071,0.001136,-0.001117
arm_1_right_finger,396.288000,0.415350,0.463740,0.210190,0.707140,-0.707071,0.001124,-0.001106
arm_1_right_finger,396.301000,0.416015,0.463198,0.210183,0.707140,-0.707071,0.001115,-0.001096
arm_1_right_finger,396.314000,0.416695,0.462642,0.210175,0.707140,-0.707071,0.001106,-0.001087
arm_1_right_finger,396.327000,0.417389,0.462073,0.210167,0.707140,-0.707071,0.001098,-0.001079
arm_1_right_finger,396.340000,0.418097,0.461490,0.210159,0.707140,-0.707072,0.001091,-0.001072
arm_1_right_finger,396.353000,0.418821,0.460893,0.210151,0.707140,-0.707072,0.001089,-0.001071
arm_1_right_finger,396.366000,0.419560,0.460282,0.210142,0.707140,-0.707072,0.001102,-0.001084
arm_1_right_finger,396.379000,0.420312,0.459657,0.210134,0.707140,-0.707072,0.001114,-0.001096
arm_1_right_finger,396.392000,0.421078,0.459018,0.210125,0.707140,-0.707072,0.001125,-0.001106
arm_1_right_finger,396.405000,0.421858,0.458365,0.210116,0.707140,-0.707072,0.001132,-0.001114
arm_1_right_finger,396.417000,0.422590,0.457750,0.210107,0.707140,-0.707072,0.001138,-0.001120
arm_1_right_finger,396.430000,0.423397,0.457069,0.210098,0.707140,-0.707072,0.001141,-0.001123
arm_1_right_finger,396.443000,0.424212,0.456380,0.210088,0.707140,-0.707072,0.001145,-0.001127
arm_1_right_finger,396.456000,0.425048,0.455670,0.210078,0.707140,-0.707072,0.001146,-0.001128
arm_1_right_finger,396.469000,0.425898,0.454946,0.210068,0.707140,-0.707072,0.001145,-0.001127
arm_1_right_finger,396.482000,0.426761,0.454207,0.210058,0.707140,-0.707072,0.001143,-0.001125
arm_1_right_finger,396.493000,0.427502,0.453571,0.210049,0.707140,-0.707072,0.001140,-0.001122
arm_1_right_finger,396.505000,0.428322,0.452865,0.210039,0.707140,-0.707072,0.001137,-0.001119
arm_1_right_finger,396.518000,0.429222,0.452086,0.210029,0.707140,-0.707072,0.001133,-0.001116
arm_1_right_finger,396.531000,0.430136,0.451292,0.210018,0.707140,-0.707072,0.001130,-0.001112
arm_1_right_finger,396.545000,0.431135,0.450420,0.210006,0.707140,-0.707072,0.001126,-0.001108
arm_1_right_finger,396.559000,0.432149,0.449531,0.209994,0.707140,-0.707072,0.001122,-0.001105
arm_1_right_finger,396.573000,0.433179,0.448625,0.209981,0.707140,-0.707072,0.001118,-0.001101
arm_1_right_finger,396.586000,0.434148,0.447767,0.209970,0.707140,-0.707072,0.001115,-0.001098
arm_1_right_finger,396.599000,0.435130,0.446894,0.209958,0.707140,-0.707072,0.001111,-0.001094
arm_1_right_finger,396.613000,0.436202,0.445937,0.209945,0.707140,-0.707072,0.001107,-0.001090
arm_1_right_finger,396.627000,0.437289,0.444962,0.209932,0.707140,-0.707072,0.001103,-0.001086
arm_1_right_finger,396.641000,0.438391,0.443969,0.209919,0.707140,-0.707072,0.001098,-0.001082
arm_1_right_finger,396.655000,0.439507,0.442957,0.209905,0.707140,-0.707072,0.001094,-0.001078
arm_1_right_finger,396.668000,0.440556,0.442001,0.209892,0.707140,-0.707072,0.001091,-0.001075
arm_1_right_finger,396.681000,0.441618,0.441029,0.209879,0.707139,-0.707072,0.001087,-0.001071
arm_1_right_finger,396.694000,0.442692,0.440041,0.209866,0.707139,-0.707072,0.001084,-0.001068
arm_1_right_finger,396.707000,0.443779,0.439036,0.209853,0.707139,-0.707073,0.001080,-0.001064
arm_1_right_finger,396.720000,0.444877,0.438016,0.209839,0.707139,-0.707073,0.001077,-0.001061
arm_1_right_finger,396.734000,0.446072,0.436899,0.209825,0.707139,-0.707073,0.001073,-0.001058
arm_1_right_finger,396.748000,0.447281,0.435763,0.209810,0.707139,-0.707073,0.001070,-0.001054
arm_1_right_finger,396.762000,0.448504,0.434608,0.209795,0.707139,-0.707073,0.001066,-0.001051
arm_1_right_finger,396.776000,0.449740,0.433433,0.209779,0.707139,-0.707073,0.001062,-0.001047
arm_1_right_finger,396.790000,0.450990,0.432239,0.209764,0.707139,-0.707073,0.001058,-0.001043
arm_1_right_finger,396.803000,0.452162,0.431112,0.209749,0.707139,-0.707073,0.001055,-0.001040
arm_1_right_finger,396.813000,0.453071,0.430234,0.209738,0.707139,-0.707073,0.001052,-0.001037
arm_1_right_finger,396.826000,0.454262,0.429077,0.209723,0.707139,-0.707073,0.001049,-0.001034
arm_1_right_finger,396.839000,0.455465,0.427903,0.209708,0.707139,-0.707073,0.001046,-0.001031
arm_1_right_finger,396.852000,0.456677,0.426712,0.209692,0.707139,-0.707073,0.001042,-0.001027
arm_1_right_finger,396.864000,0.457806,0.425597,0.209678,0.707139,-0.707073,0.001039,-0.001025
arm_1_right_finger,396.876000,0.458945,0.424467,0.209664,0.707139,-0.707073,0.001036,-0.001022
arm_1_right_finger,396.889000,0.460188,0.423225,0.209648,0.707139,-0.707073,0.001033,-0.001018
arm_1_right_finger,396.902000,0.461441,0.421966,0.209632,0.707139,-0.707073,0.001030,-0.001015
arm_1_right_finger,396.916000,0.462802,0.420590,0.209614,0.707139,-0.707073,0.001026,-0.001012
arm_1_right_finger,396.929000,0.464076,0.419294,0.209598,0.707139,-0.707073,0.001023,-0.001009
arm_1_right_finger,396.942000,0.465359,0.417980,0.209581,0.707139,-0.707073,0.001020,-0.001006
arm_1_right_finger,396.955000,0.466653,0.416647,0.209565,0.707139,-0.707074,0.001017,-0.001003
arm_1_right_finger,396.968000,0.467956,0.415296,0.209548,0.707139,-0.707074,0.001014,-0.001000
arm_1_right_finger,396.981000,0.469269,0.413927,0.209531,0.707138,-0.707074,0.001010,-0.000997
arm_1_right_finger,396.994000,0.470590,0.412539,0.209513,0.707138,-0.707074,0.001007,-0.000994
arm_1_right_finger,397.005000,0.471715,0.411350,0.209499,0.707138,-0.707074,0.001007,-0.000994
arm_1_right_finger,397.016000,0.472847,0.410147,0.209484,0.707138,-0.707074,0.001007,-0.000994
arm_1_right_finger,397.028000,0.474089,0.408820,0.209467,0.707138,-0.707074,0.001009,-0.000996
arm_1_right_finger,397.040000,0.475338,0.407477,0.209451,0.707138,-0.707074,0.001019,-0.001006
arm_1_right_finger,397.053000,0.476699,0.406003,0.209433,0.707138,-0.707074,0.001030,-0.001017
arm_1_right_finger,397.065000,0.477963,0.404625,0.209416,0.707138,-0.707074,0.001042,-0.001029
arm_1_right_finger,397.077000,0.479235,0.403232,0.209399,0.707138,-0.707074,0.001067,-0.001055
arm_1_right_finger,397.089000,0.480512,0.401821,0.209382,0.707138,-0.707074,0.001092,-0.001080
arm_1_right_finger,397.101000,0.481796,0.400393,0.209364,0.707138,-0.707074,0.001114,-0.001102
arm_1_right_finger,397.113000,0.483087,0.398949,0.209347,0.707138,-0.707074,0.001135,-0.001122
arm_1_right_finger,397.125000,0.484383,0.397489,0.209329,0.707138,-0.707074,0.001153,-0.001141
arm_1_right_finger,397.137000,0.485686,0.396011,0.209311,0.707138,-0.707074,0.001169,-0.001157
arm_1_right_finger,397.149000,0.486996,0.394516,0.209293,0.707137,-0.707074,0.001183,-0.001172
arm_1_right_finger,397.161000,0.488311,0.393005,0.209275,0.707137,-0.707074,0.001197,-0.001185
arm_1_right_finger,397.173000,0.489632,0.391476,0.209257,0.707137,-0.707074,0.001208,-0.001197
arm_1_right_finger,397.185000,0.490959,0.389929,0.209238,0.707137,-0.707074,0.001219,-0.001208
arm_1_right_finger,397.197000,0.492292,0.388365,0.209220,0.707137,-0.707074,0.001235,-0.001224
arm_1_right_finger,397.210000,0.493742,0.386650,0.209199,0.707137,-0.707074,0.001252,-0.001241
arm_1_right_finger,397.223000,0.495197,0.384914,0.209178,0.707137,-0.707074,0.001255,-0.001244
arm_1_right_finger,397.235000,0.496547,0.383294,0.209159,0.707137,-0.707074,0.001232,-0.001221
arm_1_right_finger,397.246000,0.497789,0.381793,0.209142,0.707137,-0.707075,0.001220,-0.001209
arm_1_right_finger,397.258000,0.499145,0.380141,0.209122,0.707137,-0.707075,0.001196,-0.001185
arm_1_right_finger,397.270000,0.500504,0.378473,0.209103,0.707137,-0.707075,0.001179,-0.001168
arm_1_right_finger,397.283000,0.501978,0.376652,0.209082,0.707137,-0.707075,0.001165,-0.001154
arm_1_right_finger,397.296000,0.503450,0.374817,0.209061,0.707137,-0.707075,0.001143,-0.001133
arm_1_right_finger,397.307000,0.504695,0.373254,0.209043,0.707137,-0.707075,0.001148,-0.001138
arm_1_right_finger,397.319000,0.506049,0.371540,0.209023,0.707137,-0.707075,0.001132,-0.001122
arm_1_right_finger,397.331000,0.507402,0.369817,0.209004,0.707137,-0.707075,0.001140,-0.001131
arm_1_right_finger,397.343000,0.508749,0.368086,0.208984,0.707136,-0.707075,0.001162,-0.001153
arm_1_right_finger,397.356000,0.510201,0.366202,0.208961,0.707136,-0.707075,0.001143,-0.001133
arm_1_right_finger,397.368000,0.511540,0.364455,0.208942,0.707136,-0.707075,0.001132,-0.001123
arm_1_right_finger,397.380000,0.512872,0.362702,0.208922,0.707136,-0.707075,0.001119,-0.001110
arm_1_right_finger,397.392000,0.514194,0.360942,0.208900,0.707136,-0.707075,0.001186,-0.001176
arm_1_right_finger,397.403000,0.515406,0.359323,0.208882,0.707136,-0.707075,0.001528,-0.001518
arm_1_right_finger,397.414000,0.516613,0.357700,0.208864,0.707135,-0.707074,0.001794,-0.001785
arm_1_right_finger,397.426000,0.517924,0.355923,0.208844,0.707134,-0.707074,0.002013,-0.002004
arm_1_right_finger,397.438000,0.519230,0.354141,0.208825,0.707134,-0.707073,0.002173,-0.002164
arm_1_right_finger,397.450000,0.520529,0.352354,0.208805,0.707133,-0.707073,0.002290,-0.002281
arm_1_right_finger,397.462000,0.521790,0.350561,0.208776,0.707134,-0.707073,0.002170,-0.002161
arm_1_right_finger,397.474000,0.523080,0.348763,0.208758,0.707133,-0.707073,0.002234,-0.002226
arm_1_right_finger,397.486000,0.524362,0.346960,0.208739,0.707133,-0.707073,0.002294,-0.002286
arm_1_right_finger,397.497000,0.525532,0.345303,0.208722,0.707133,-0.707073,0.002342,-0.002334
arm_1_right_finger,397.508000,0.526695,0.343642,0.208705,0.707133,-0.707073,0.002385,-0.002376
arm_1_right_finger,397.519000,0.527852,0.341977,0.208687,0.707132,-0.707073,0.002422,-0.002414
arm_1_right_finger,397.531000,0.529107,0.340155,0.208668,0.707132,-0.707073,0.002457,-0.002449
arm_1_right_finger,397.543000,0.530355,0.338329,0.208649,0.707132,-0.707073,0.002486,-0.002478
arm_1_right_finger,397.555000,0.531596,0.336499,0.208630,0.707132,-0.707073,0.002511,-0.002503
arm_1_right_finger,397.567000,0.532830,0.334663,0.208610,0.707132,-0.707073,0.002532,-0.002524
arm_1_right_finger,397.579000,0.534019,0.332823,0.208579,0.707133,-0.707074,0.002267,-0.002259
arm_1_right_finger,397.591000,0.535235,0.330979,0.208559,0.707133,-0.707074,0.002140,-0.002133
arm_1_right_finger,397.603000,0.536449,0.329130,0.208539,0.707133,-0.707075,0.002023,-0.002016
arm_1_right_finger,397.615000,0.537655,0.327277,0.208520,0.707133,-0.707075,0.001918,-0.001911
arm_1_right_finger,397.627000,0.538854,0.325419,0.208501,0.707134,-0.707075,0.001825,-0.001818
arm_1_right_finger,397.639000,0.540046,0.323556,0.208481,0.707134,-0.707076,0.001742,-0.001735
arm_1_right_finger,397.651000,0.541231,0.321690,0.208462,0.707134,-0.707076,0.001673,-0.001666
arm_1_right_finger,397.661000,0.542196,0.320131,0.208441,0.707134,-0.707076,0.001553,-0.001547
arm_1_right_finger,397.670000,0.543075,0.318725,0.208426,0.707134,-0.707076,0.001539,-0.001533
arm_1_right_finger,397.680000,0.544047,0.317161,0.208410,0.707134,-0.707076,0.001523,-0.001517
arm_1_right_finger,397.689000,0.544904,0.315750,0.208391,0.707134,-0.707076,0.001446,-0.001439
arm_1_right_finger,397.699000,0.545864,0.314180,0.208374,0.707134,-0.707076,0.001450,-0.001443
arm_1_right_finger,397.710000,0.546919,0.312449,0.208356,0.707134,-0.707077,0.001448,-0.001441
arm_1_right_finger,397.720000,0.547872,0.310873,0.208340,0.707134,-0.707077,0.001445,-0.001439
arm_1_right_finger,397.729000,0.548726,0.309452,0.208326,0.707134,-0.707077,0.001443,-0.001436
arm_1_right_finger,397.740000,0.549764,0.307712,0.208309,0.707134,-0.707077,0.001440,-0.001434
arm_1_right_finger,397.750000,0.550687,0.306127,0.208288,0.707134,-0.707077,0.001381,-0.001375
arm_1_right_finger,397.760000,0.551618,0.304539,0.208271,0.707134,-0.707077,0.001391,-0.001384
arm_1_right_finger,397.771000,0.552639,0.302789,0.208254,0.707134,-0.707077,0.001396,-0.001390
arm_1_right_finger,397.782000,0.553654,0.301036,0.208236,0.707134,-0.707077,0.001400,-0.001394
arm_1_right_finger,397.792000,0.554571,0.299439,0.208221,0.707134,-0.707077,0.001402,-0.001396
arm_1_right_finger,397.802000,0.555483,0.297839,0.208205,0.707134,-0.707077,0.001405,-0.001399
arm_1_right_finger,397.813000,0.556481,0.296077,0.208187,0.707134,-0.707077,0.001406,-0.001401
arm_1_right_finger,397.823000,0.557358,0.294471,0.208164,0.707134,-0.707077,0.001331,-0.001325
arm_1_right_finger,397.833000,0.558260,0.292863,0.208149,0.707133,-0.707077,0.001540,-0.001534
arm_1_right_finger,397.843000,0.559147,0.291252,0.208132,0.707133,-0.707077,0.001658,-0.001653
arm_1_right_finger,397.853000,0.560026,0.289639,0.208114,0.707133,-0.707077,0.001647,-0.001641
arm_1_right_finger,397.864000,0.560996,0.287861,0.208097,0.707133,-0.707077,0.001637,-0.001631
arm_1_right_finger,397.873000,0.561784,0.286404,0.208083,0.707133,-0.707077,0.001625,-0.001619
arm_1_right_finger,397.883000,0.562655,0.284782,0.208067,0.707133,-0.707077,0.001612,-0.001607
arm_1_right_finger,397.892000,0.563434,0.283321,0.208053,0.707133,-0.707077,0.001601,-0.001596
arm_1_right_finger,397.902000,0.564296,0.281694,0.208037,0.707133,-0.707077,0.001599,-0.001594
arm_1_right_finger,397.912000,0.565153,0.280065,0.208022,0.707133,-0.707077,0.001606,-0.001601
arm_1_right_finger,397.922000,0.565995,0.278433,0.208003,0.707132,-0.707077,0.001649,-0.001644
arm_1_right_finger,397.933000,0.566929,0.276636,0.207987,0.707132,-0.707077,0.001820,-0.001815
arm_1_right_finger,397.943000,0.567760,0.274999,0.207968,0.707132,-0.707077,0.001871,-0.001866
arm_1_right_finger,397.953000,0.568590,0.273359,0.207951,0.707132,-0.707077,0.001836,-0.001831
arm_1_right_finger,397.963000,0.569418,0.271717,0.207935,0.707132,-0.707077,0.001799,-0.001795
arm_1_right_finger,397.973000,0.570243,0.270073,0.207919,0.707132,-0.707077,0.001771,-0.001766
arm_1_right_finger,397.984000,0.571136,0.268261,0.207899,0.707132,-0.707077,0.001771,-0.001766
arm_1_right_finger,397.994000,0.571934,0.266611,0.207878,0.707132,-0.707077,0.001798,-0.001793
arm_1_right_finger,398.005000,0.572827,0.264793,0.207862,0.707131,-0.707077,0.002034,-0.002029
arm_1_right_finger,398.015000,0.573623,0.263139,0.207845,0.707131,-0.707076,0.002140,-0.002136
arm_1_right_finger,398.025000,0.574413,0.261481,0.207827,0.707131,-0.707077,0.002110,-0.002106
arm_1_right_finger,398.035000,0.575204,0.259822,0.207811,0.707131,-0.707077,0.002071,-0.002067
arm_1_right_finger,398.046000,0.576053,0.257993,0.207788,0.707131,-0.707077,0.001945,-0.001941
arm_1_right_finger,398.056000,0.576839,0.256329,0.207774,0.707131,-0.707077,0.002046,-0.002042
arm_1_right_finger,398.066000,0.577619,0.254662,0.207759,0.707130,-0.707077,0.002156,-0.002152
arm_1_right_finger,398.077000,0.578464,0.252825,0.207741,0.707130,-0.707076,0.002230,-0.002226
arm_1_right_finger,398.087000,0.579210,0.251153,0.207720,0.707130,-0.707077,0.002176,-0.002172
arm_1_right_finger,398.098000,0.580050,0.249312,0.207704,0.707130,-0.707076,0.002310,-0.002306
arm_1_right_finger,398.109000,0.580883,0.247467,0.207688,0.707129,-0.707076,0.002442,-0.002438
arm_1_right_finger,398.120000,0.581709,0.245620,0.207672,0.707129,-0.707076,0.002564,-0.002560
arm_1_right_finger,398.131000,0.582527,0.243770,0.207655,0.707128,-0.707075,0.002674,-0.002670
arm_1_right_finger,398.143000,0.583412,0.241749,0.207637,0.707128,-0.707075,0.002780,-0.002777
arm_1_right_finger,398.154000,0.584215,0.239894,0.207620,0.707127,-0.707075,0.002868,-0.002864
arm_1_right_finger,398.166000,0.585084,0.237867,0.207601,0.707127,-0.707074,0.002953,-0.002950
arm_1_right_finger,398.176000,0.585802,0.236175,0.207586,0.707127,-0.707074,0.003017,-0.003013
arm_1_right_finger,398.186000,0.586514,0.234481,0.207570,0.707126,-0.707074,0.003074,-0.003071
arm_1_right_finger,398.194000,0.587079,0.233125,0.207557,0.707126,-0.707074,0.003116,-0.003113
arm_1_right_finger,398.204000,0.587781,0.231427,0.207541,0.707126,-0.707074,0.003164,-0.003161
arm_1_right_finger,398.216000,0.588615,0.229387,0.207522,0.707125,-0.707073,0.003216,-0.003213
arm_1_right_finger,398.228000,0.589441,0.227345,0.207503,0.707125,-0.707073,0.003262,-0.003259
arm_1_right_finger,398.239000,0.590192,0.225469,0.207485,0.707125,-0.707073,0.003299,-0.003296
arm_1_right_finger,398.250000,0.590895,0.223592,0.207455,0.707126,-0.707075,0.002978,-0.002975
arm_1_right_finger,398.262000,0.591705,0.221541,0.207437,0.707126,-0.707075,0.002998,-0.002995
arm_1_right_finger,398.274000,0.592506,0.219487,0.207419,0.707126,-0.707075,0.003043,-0.003041
arm_1_right_finger,398.286000,0.593298,0.217430,0.207400,0.707126,-0.707074,0.003105,-0.003102
arm_1_right_finger,398.298000,0.594081,0.215370,0.207382,0.707125,-0.707074,0.003175,-0.003172
arm_1_right_finger,398.310000,0.594815,0.213308,0.207350,0.707126,-0.707075,0.002877,-0.002874
arm_1_right_finger,398.322000,0.595585,0.211243,0.207332,0.707126,-0.707075,0.002887,-0.002884
arm_1_right_finger,398.334000,0.596343,0.209175,0.207313,0.707126,-0.707076,0.002866,-0.002864
arm_1_right_finger,398.346000,0.597095,0.207104,0.207294,0.707126,-0.707076,0.002854,-0.002852
arm_1_right_finger,398.358000,0.597838,0.205031,0.207275,0.707126,-0.707076,0.002841,-0.002839
arm_1_right_finger,398.370000,0.598536,0.202955,0.207245,0.707127,-0.707077,0.002570,-0.002568
arm_1_right_finger,398.376000,0.598898,0.201916,0.207235,0.707128,-0.707077,0.002505,-0.002502
arm_1_right_finger,398.385000,0.599440,0.200357,0.207220,0.707128,-0.707078,0.002409,-0.002407
arm_1_right_finger,398.397000,0.600158,0.198275,0.207201,0.707128,-0.707078,0.002292,-0.002290
arm_1_right_finger,398.408000,0.600808,0.196364,0.207184,0.707128,-0.707078,0.002195,-0.002193
arm_1_right_finger,398.420000,0.601510,0.194278,0.207165,0.707129,-0.707079,0.002101,-0.002099
arm_1_right_finger,398.431000,0.602149,0.192363,0.207148,0.707129,-0.707079,0.002056,-0.002054
arm_1_right_finger,398.442000,0.602777,0.190446,0.207130,0.707129,-0.707079,0.002002,-0.001999
arm_1_right_finger,398.454000,0.603456,0.188353,0.207110,0.707129,-0.707079,0.001935,-0.001933
arm_1_right_finger,398.468000,0.604238,0.185907,0.207088,0.707129,-0.707080,0.001866,-0.001863
arm_1_right_finger,398.481000,0.604954,0.183634,0.207067,0.707129,-0.707080,0.001809,-0.001807
arm_1_right_finger,398.494000,0.605660,0.181358,0.207046,0.707129,-0.707080,0.001759,-0.001756
arm_1_right_finger,398.507000,0.606357,0.179079,0.207025,0.707129,-0.707080,0.001714,-0.001712
arm_1_right_finger,398.521000,0.607096,0.176621,0.207002,0.707129,-0.707080,0.001673,-0.001671
arm_1_right_finger,398.534000,0.607773,0.174337,0.206980,0.707129,-0.707081,0.001638,-0.001636
arm_1_right_finger,398.548000,0.608491,0.171874,0.206957,0.707129,-0.707081,0.001605,-0.001603
arm_1_right_finger,398.562000,0.609198,0.169408,0.206934,0.707129,-0.707081,0.001576,-0.001574
arm_1_right_finger,398.576000,0.609893,0.166939,0.206910,0.707129,-0.707081,0.001551,-0.001549
arm_1_right_finger,398.589000,0.610529,0.164644,0.206889,0.707129,-0.707081,0.001530,-0.001528
arm_1_right_finger,398.599000,0.611012,0.162877,0.206872,0.707129,-0.707081,0.001515,-0.001513
arm_1_right_finger,398.607000,0.611394,0.161462,0.206859,0.707129,-0.707081,0.001505,-0.001502
arm_1_right_finger,398.617000,0.611867,0.159693,0.206842,0.707129,-0.707081,0.001492,-0.001490
arm_1_right_finger,398.628000,0.612380,0.157744,0.206823,0.707129,-0.707081,0.001480,-0.001478
arm_1_right_finger,398.638000,0.612841,0.155972,0.206807,0.707129,-0.707081,0.001472,-0.001470
arm_1_right_finger,398.650000,0.613386,0.153843,0.206787,0.707129,-0.707082,0.001467,-0.001464
arm_1_right_finger,398.661000,0.613879,0.151890,0.206768,0.707129,-0.707082,0.001463,-0.001461
arm_1_right_finger,398.671000,0.614321,0.150114,0.206751,0.707129,-0.707082,0.001459,-0.001457
arm_1_right_finger,398.681000,0.614755,0.148344,0.206734,0.707129,-0.707082,0.001456,-0.001454
arm_1_right_finger,398.692000,0.615227,0.146395,0.206716,0.707129,-0.707082,0.001455,-0.001453
arm_1_right_finger,398.704000,0.615737,0.144255,0.206696,0.707129,-0.707082,0.001457,-0.001455
arm_1_right_finger,398.716000,0.616238,0.142114,0.206676,0.707129,-0.707082,0.001461,-0.001459
arm_1_right_finger,398.728000,0.616731,0.139972,0.206655,0.707129,-0.707082,0.001468,-0.001466
arm_1_right_finger,398.740000,0.617216,0.137828,0.206635,0.707128,-0.707082,0.001481,-0.001479
arm_1_right_finger,398.750000,0.617614,0.136040,0.206618,0.707128,-0.707082,0.001495,-0.001493
arm_1_right_finger,398.760000,0.618005,0.134252,0.206601,0.707128,-0.707082,0.001509,-0.001507
arm_1_right_finger,398.771000,0.618430,0.132283,0.206582,0.707128,-0.707082,0.001523,-0.001521
arm_1_right_finger,398.782000,0.618847,0.130314,0.206564,0.707128,-0.707082,0.001536,-0.001534
arm_1_right_finger,398.793000,0.619258,0.128343,0.206545,0.707128,-0.707082,0.001548,-0.001546
arm_1_right_finger,398.805000,0.619698,0.126191,0.206525,0.707128,-0.707082,0.001559,-0.001557
arm_1_right_finger,398.816000,0.620094,0.124218,0.206506,0.707128,-0.707082,0.001569,-0.001567
arm_1_right_finger,398.827000,0.620483,0.122244,0.206487,0.707128,-0.707082,0.001577,-0.001575
arm_1_right_finger,398.839000,0.620900,0.120088,0.206467,0.707128,-0.707082,0.001586,-0.001584
arm_1_right_finger,398.851000,0.621309,0.117932,0.206446,0.707128,-0.707082,0.001594,-0.001591
arm_1_right_finger,398.863000,0.621710,0.115774,0.206426,0.707128,-0.707082,0.001601,-0.001598
arm_1_right_finger,398.874000,0.622070,0.113794,0.206407,0.707127,-0.707082,0.001606,-0.001604
arm_1_right_finger,398.886000,0.622455,0.111634,0.206387,0.707127,-0.707083,0.001612,-0.001610
arm_1_right_finger,398.898000,0.622832,0.109472,0.206367,0.707127,-0.707083,0.001617,-0.001615
arm_1_right_finger,398.909000,0.623170,0.107490,0.206348,0.707127,-0.707083,0.001622,-0.001619
arm_1_right_finger,398.921000,0.623531,0.105326,0.206328,0.707127,-0.707083,0.001626,-0.001624
arm_1_right_finger,398.932000,0.623855,0.103341,0.206309,0.707127,-0.707083,0.001630,-0.001627
arm_1_right_finger,398.944000,0.624200,0.101174,0.206288,0.707127,-0.707083,0.001633,-0.001631
arm_1_right_finger,398.956000,0.624538,0.099007,0.206268,0.707127,-0.707083,0.001636,-0.001634
arm_1_right_finger,398.968000,0.624867,0.096839,0.206248,0.707127,-0.707083,0.001639,-0.001637
arm_1_right_finger,398.980000,0.625187,0.094669,0.206227,0.707127,-0.707083,0.001642,-0.001640
arm_1_right_finger,398.992000,0.625500,0.092498,0.206207,0.707127,-0.707083,0.001645,-0.001642
arm_1_right_finger,399.004000,0.625805,0.090327,0.206187,0.707127,-0.707083,0.001647,-0.001645
arm_1_right_finger,399.014000,0.626052,0.088516,0.206170,0.707127,-0.707083,0.001650,-0.001647
arm_1_right_finger,399.024000,0.626294,0.086705,0.206153,0.707127,-0.707083,0.001652,-0.001649
arm_1_right_finger,399.032000,0.626483,0.085256,0.206139,0.707127,-0.707083,0.001653,-0.001651
arm_1_right_finger,399.041000,0.626691,0.083625,0.206124,0.707126,-0.707083,0.001655,-0.001652
arm_1_right_finger,399.051000,0.626918,0.081812,0.206107,0.707126,-0.707083,0.001657,-0.001654
arm_1_right_finger,399.060000,0.627116,0.080180,0.206091,0.707126,-0.707083,0.001659,-0.001656
arm_1_right_finger,399.070000,0.627330,0.078385,0.206074,0.707126,-0.707083,0.001660,-0.001658
arm_1_right_finger,399.080000,0.627540,0.076568,0.206057,0.707126,-0.707083,0.001662,-0.001659
arm_1_right_finger,399.090000,0.627744,0.074751,0.206040,0.707126,-0.707083,0.001664,-0.001661
arm_1_right_finger,399.100000,0.627943,0.072933,0.206023,0.707126,-0.707084,0.001666,-0.001663
arm_1_right_finger,399.110000,0.628135,0.071115,0.206006,0.707126,-0.707084,0.001667,-0.001664
arm_1_right_finger,399.121000,0.628341,0.069115,0.205988,0.707126,-0.707084,0.001669,-0.001666
arm_1_right_finger,399.132000,0.628539,0.067115,0.205969,0.707126,-0.707084,0.001671,-0.001668
arm_1_right_finger,399.143000,0.628732,0.065115,0.205950,0.707125,-0.707083,0.001869,-0.001866
arm_1_right_finger,399.153000,0.628900,0.063296,0.205933,0.707125,-0.707083,0.002068,-0.002065
arm_1_right_finger,399.164000,0.629075,0.061295,0.205914,0.707124,-0.707083,0.002161,-0.002158
arm_1_right_finger,399.175000,0.629246,0.059293,0.205895,0.707124,-0.707082,0.002216,-0.002212
arm_1_right_finger,399.186000,0.629412,0.057291,0.205877,0.707124,-0.707082,0.002253,-0.002250
arm_1_right_finger,399.199000,0.629600,0.054925,0.205855,0.707124,-0.707082,0.002286,-0.002282
arm_1_right_finger,399.211000,0.629764,0.052741,0.205836,0.707124,-0.707082,0.002310,-0.002306
arm_1_right_finger,399.223000,0.629920,0.050556,0.205816,0.707124,-0.707082,0.002330,-0.002326
arm_1_right_finger,399.236000,0.630080,0.048188,0.205794,0.707123,-0.707082,0.002358,-0.002354
arm_1_right_finger,399.248000,0.630219,0.046002,0.205774,0.707123,-0.707082,0.002384,-0.002381
arm_1_right_finger,399.260000,0.630349,0.043816,0.205754,0.707123,-0.707082,0.002408,-0.002405
arm_1_right_finger,399.273000,0.630481,0.041448,0.205733,0.707123,-0.707082,0.002430,-0.002427
arm_1_right_finger,399.286000,0.630602,0.039079,0.205711,0.707123,-0.707082,0.002449,-0.002445
arm_1_right_finger,399.299000,0.630714,0.036710,0.205689,0.707123,-0.707082,0.002464,-0.002460
arm_1_right_finger,399.312000,0.630816,0.034341,0.205667,0.707123,-0.707082,0.002476,-0.002472
arm_1_right_finger,399.325000,0.630908,0.031971,0.205645,0.707123,-0.707082,0.002486,-0.002482
arm_1_right_finger,399.338000,0.630990,0.029602,0.205623,0.707122,-0.707082,0.002493,-0.002489
arm_1_right_finger,399.351000,0.631062,0.027232,0.205601,0.707122,-0.707082,0.002492,-0.002488
arm_1_right_finger,399.364000,0.631124,0.024862,0.205579,0.707122,-0.707083,0.002479,-0.002475
arm_1_right_finger,399.376000,0.631172,0.022675,0.205558,0.707122,-0.707083,0.002456,-0.002452
arm_1_right_finger,399.389000,0.631214,0.020305,0.205536,0.707122,-0.707083,0.002420,-0.002416
arm_1_right_finger,399.402000,0.631248,0.017935,0.205513,0.707122,-0.707083,0.002378,-0.002373
arm_1_right_finger,399.414000,0.631270,0.015747,0.205493,0.707123,-0.707083,0.002335,-0.002330
arm_1_right_finger,399.422000,0.631280,0.014289,0.205479,0.707123,-0.707083,0.002304,-0.002300
arm_1_right_finger,399.431000,0.631287,0.012649,0.205463,0.707123,-0.707084,0.002269,-0.002264
arm_1_right_finger,399.440000,0.631289,0.011008,0.205448,0.707123,-0.707084,0.002233,-0.002228
arm_1_right_finger,399.452000,0.631285,0.008821,0.205427,0.707123,-0.707084,0.002185,-0.002180
arm_1_right_finger,399.463000,0.631274,0.006816,0.205408,0.707123,-0.707084,0.002141,-0.002137
arm_1_right_finger,399.475000,0.631255,0.004629,0.205388,0.707123,-0.707084,0.002095,-0.002090
arm_1_right_finger,399.487000,0.631227,0.002443,0.205367,0.707123,-0.707085,0.002051,-0.002046
arm_1_right_finger,399.499000,0.631191,0.000257,0.205346,0.707123,-0.707085,0.002010,-0.002005
arm_1_right_finger,399.511000,0.631147,-0.001929,0.205326,0.707123,-0.707085,0.001971,-0.001966
arm_1_right_finger,399.523000,0.631094,-0.004115,0.205305,0.707123,-0.707085,0.001935,-0.001930
arm_1_right_finger,399.533000,0.631044,-0.005936,0.205288,0.707123,-0.707085,0.001907,-0.001902
arm_1_right_finger,399.545000,0.630976,-0.008121,0.205268,0.707123,-0.707085,0.001876,-0.001871
arm_1_right_finger,399.557000,0.630901,-0.010305,0.205247,0.707123,-0.707086,0.001853,-0.001847
arm_1_right_finger,399.569000,0.630817,-0.012489,0.205227,0.707123,-0.707086,0.001832,-0.001826
arm_1_right_finger,399.581000,0.630725,-0.014673,0.205206,0.707123,-0.707086,0.001812,-0.001806
arm_1_right_finger,399.593000,0.630625,-0.016856,0.205186,0.707123,-0.707086,0.001793,-0.001787
arm_1_right_finger,399.605000,0.630516,-0.019038,0.205165,0.707123,-0.707086,0.001774,-0.001769
arm_1_right_finger,399.618000,0.630389,-0.021402,0.205143,0.707123,-0.707086,0.001754,-0.001748
arm_1_right_finger,399.631000,0.630253,-0.023765,0.205121,0.707123,-0.707086,0.001737,-0.001731
arm_1_right_finger,399.645000,0.630094,-0.026309,0.205096,0.707123,-0.707086,0.001721,-0.001715
arm_1_right_finger,399.659000,0.629925,-0.028852,0.205072,0.707123,-0.707086,0.001701,-0.001695
arm_1_right_finger,399.673000,0.629745,-0.031394,0.205048,0.707123,-0.707087,0.001686,-0.001680
arm_1_right_finger,399.686000,0.629568,-0.033753,0.205026,0.707123,-0.707087,0.001683,-0.001677
arm_1_right_finger,399.698000,0.629378,-0.035930,0.205000,0.707123,-0.707087,0.001606,-0.001599
arm_1_right_finger,399.709000,0.629210,-0.037925,0.204981,0.707123,-0.707087,0.001611,-0.001604
arm_1_right_finger,399.720000,0.629039,-0.039920,0.204962,0.707123,-0.707087,0.001611,-0.001604
arm_1_right_finger,399.731000,0.628861,-0.041913,0.204943,0.707123,-0.707087,0.001611,-0.001604
arm_1_right_finger,399.742000,0.628676,-0.043906,0.204925,0.707123,-0.707087,0.001610,-0.001603
arm_1_right_finger,399.753000,0.628485,-0.045898,0.204906,0.707123,-0.707087,0.001609,-0.001602
arm_1_right_finger,399.764000,0.628286,-0.047889,0.204888,0.707123,-0.707087,0.001609,-0.001601
arm_1_right_finger,399.775000,0.628081,-0.049880,0.204869,0.707123,-0.707087,0.001608,-0.001601
arm_1_right_finger,399.786000,0.627868,-0.051869,0.204851,0.707123,-0.707087,0.001608,-0.001601
arm_1_right_finger,399.798000,0.627628,-0.054039,0.204830,0.707123,-0.707087,0.001608,-0.001600
arm_1_right_finger,399.809000,0.627401,-0.056027,0.204812,0.707122,-0.707087,0.001607,-0.001600
arm_1_right_finger,399.820000,0.627167,-0.058013,0.204793,0.707122,-0.707088,0.001607,-0.001599
arm_1_right_finger,399.831000,0.626927,-0.059999,0.204774,0.707122,-0.707088,0.001607,-0.001599
arm_1_right_finger,399.842000,0.626679,-0.061984,0.204755,0.707122,-0.707088,0.001607,-0.001599
arm_1_right_finger,399.853000,0.626424,-0.063968,0.204737,0.707122,-0.707088,0.001607,-0.001599
arm_1_right_finger,399.864000,0.626163,-0.065951,0.204718,0.707122,-0.707088,0.001608,-0.001599
arm_1_right_finger,399.876000,0.625870,-0.068112,0.204697,0.707122,-0.707088,0.001608,-0.001599
arm_1_right_finger,399.886000,0.625619,-0.069913,0.204680,0.707122,-0.707088,0.001607,-0.001599
arm_1_right_finger,399.898000,0.625312,-0.072073,0.204660,0.707122,-0.707088,0.001614,-0.001605
arm_1_right_finger,399.909000,0.625023,-0.074051,0.204642,0.707122,-0.707088,0.001629,-0.001620
arm_1_right_finger,399.920000,0.624727,-0.076028,0.204623,0.707122,-0.707088,0.001639,-0.001630
arm_1_right_finger,399.930000,0.624452,-0.077825,0.204606,0.707122,-0.707088,0.001649,-0.001640
arm_1_right_finger,399.939000,0.624200,-0.079441,0.204590,0.707122,-0.707088,0.001657,-0.001648
arm_1_right_finger,399.950000,0.623885,-0.081415,0.204572,0.707122,-0.707088,0.001666,-0.001656
arm_1_right_finger,399.961000,0.623563,-0.083387,0.204553,0.707122,-0.707088,0.001674,-0.001665
arm_1_right_finger,399.973000,0.623204,-0.085538,0.204532,0.707121,-0.707088,0.001682,-0.001672
arm_1_right_finger,399.984000,0.622868,-0.087508,0.204513,0.707121,-0.707088,0.001694,-0.001684
arm_1_right_finger,399.997000,0.622462,-0.089835,0.204491,0.707121,-0.707088,0.001691,-0.001681
arm_1_right_finger,400.010000,0.622047,-0.092160,0.204469,0.707121,-0.707088,0.001676,-0.001666
arm_1_right_finger,400.023000,0.621622,-0.094483,0.204447,0.707121,-0.707088,0.001656,-0.001645
arm_1_right_finger,400.036000,0.621188,-0.096804,0.204424,0.707121,-0.707089,0.001632,-0.001622
arm_1_right_finger,400.049000,0.620744,-0.099123,0.204402,0.707121,-0.707089,0.001607,-0.001597
arm_1_right_finger,400.062000,0.620291,-0.101440,0.204380,0.707121,-0.707089,0.001582,-0.001572
arm_1_right_finger,400.075000,0.619829,-0.103754,0.204358,0.707121,-0.707089,0.001558,-0.001548
arm_1_right_finger,400.089000,0.619320,-0.106245,0.204334,0.707121,-0.707089,0.001534,-0.001523
arm_1_right_finger,400.102000,0.618838,-0.108556,0.204311,0.707121,-0.707089,0.001512,-0.001501
arm_1_right_finger,400.115000,0.618347,-0.110864,0.204289,0.707121,-0.707089,0.001492,-0.001481
arm_1_right_finger,400.128000,0.617846,-0.113170,0.204267,0.707121,-0.707089,0.001473,-0.001461
arm_1_right_finger,400.142000,0.617296,-0.115651,0.204243,0.707121,-0.707090,0.001454,-0.001442
arm_1_right_finger,400.155000,0.616775,-0.117953,0.204221,0.707121,-0.707090,0.001437,-0.001426
arm_1_right_finger,400.168000,0.616245,-0.120252,0.204198,0.707121,-0.707090,0.001423,-0.001411
arm_1_right_finger,400.180000,0.615748,-0.122372,0.204178,0.707121,-0.707090,0.001410,-0.001398
arm_1_right_finger,400.192000,0.615243,-0.124490,0.204157,0.707121,-0.707090,0.001399,-0.001387
arm_1_right_finger,400.204000,0.614732,-0.126606,0.204137,0.707121,-0.707090,0.001426,-0.001413
arm_1_right_finger,400.217000,0.614165,-0.128896,0.204114,0.707121,-0.707090,0.001416,-0.001403
arm_1_right_finger,400.230000,0.613590,-0.131184,0.204092,0.707121,-0.707090,0.001407,-0.001394
arm_1_right_finger,400.244000,0.612961,-0.133645,0.204068,0.707121,-0.707090,0.001395,-0.001382
arm_1_right_finger,400.256000,0.612414,-0.135751,0.204047,0.707121,-0.707090,0.001386,-0.001372
arm_1_right_finger,400.268000,0.611858,-0.137856,0.204027,0.707121,-0.707090,0.001384,-0.001371
arm_1_right_finger,400.280000,0.611295,-0.139958,0.204006,0.707120,-0.707090,0.001380,-0.001367
arm_1_right_finger,400.292000,0.610725,-0.142058,0.203985,0.707120,-0.707090,0.001523,-0.001510
arm_1_right_finger,400.304000,0.610146,-0.144156,0.203965,0.707119,-0.707090,0.001775,-0.001761
arm_1_right_finger,400.311000,0.609800,-0.145378,0.203952,0.707119,-0.707090,0.001830,-0.001816
arm_1_right_finger,400.322000,0.609256,-0.147298,0.203932,0.707119,-0.707090,0.001876,-0.001862
arm_1_right_finger,400.335000,0.608607,-0.149564,0.203910,0.707119,-0.707090,0.001903,-0.001889
arm_1_right_finger,400.348000,0.607950,-0.151827,0.203888,0.707119,-0.707090,0.001917,-0.001902
arm_1_right_finger,400.362000,0.607232,-0.154261,0.203864,0.707119,-0.707090,0.001925,-0.001911
arm_1_right_finger,400.375000,0.606556,-0.156518,0.203842,0.707119,-0.707090,0.001930,-0.001915
arm_1_right_finger,400.388000,0.605870,-0.158772,0.203820,0.707119,-0.707090,0.001933,-0.001918
arm_1_right_finger,400.400000,0.605230,-0.160850,0.203800,0.707119,-0.707090,0.001944,-0.001929
arm_1_right_finger,400.413000,0.604528,-0.163098,0.203778,0.707118,-0.707090,0.001963,-0.001948
arm_1_right_finger,400.426000,0.603815,-0.165343,0.203756,0.707118,-0.707090,0.001981,-0.001965
arm_1_right_finger,400.440000,0.603038,-0.167758,0.203732,0.707118,-0.707090,0.001997,-0.001981
arm_1_right_finger,400.454000,0.602250,-0.170169,0.203708,0.707118,-0.707090,0.002009,-0.001993
arm_1_right_finger,400.468000,0.601451,-0.172576,0.203684,0.707118,-0.707090,0.002019,-0.002003
arm_1_right_finger,400.480000,0.600757,-0.174636,0.203664,0.707118,-0.707090,0.002025,-0.002009
arm_1_right_finger,400.493000,0.599997,-0.176865,0.203642,0.707118,-0.707090,0.002028,-0.002012
arm_1_right_finger,400.506000,0.599228,-0.179090,0.203619,0.707118,-0.707090,0.002023,-0.002006
arm_1_right_finger,400.519000,0.598449,-0.181312,0.203596,0.707118,-0.707090,0.002006,-0.001989
arm_1_right_finger,400.532000,0.597661,-0.183531,0.203574,0.707118,-0.707090,0.001978,-0.001961
arm_1_right_finger,400.545000,0.596864,-0.185746,0.203551,0.707118,-0.707091,0.001940,-0.001923
arm_1_right_finger,400.558000,0.596058,-0.187958,0.203528,0.707118,-0.707091,0.001896,-0.001878
arm_1_right_finger,400.570000,0.595306,-0.189997,0.203508,0.707118,-0.707091,0.001855,-0.001838
arm_1_right_finger,400.583000,0.594483,-0.192202,0.203485,0.707118,-0.707091,0.001814,-0.001796
arm_1_right_finger,400.597000,0.593587,-0.194573,0.203461,0.707118,-0.707091,0.001775,-0.001756
arm_1_right_finger,400.611000,0.592681,-0.196940,0.203437,0.707118,-0.707091,0.001737,-0.001718
arm_1_right_finger,400.625000,0.591764,-0.199302,0.203412,0.707118,-0.707092,0.001702,-0.001684
arm_1_right_finger,400.639000,0.590837,-0.201660,0.203388,0.707118,-0.707092,0.001671,-0.001652
arm_1_right_finger,400.653000,0.589900,-0.204014,0.203364,0.707118,-0.707092,0.001641,-0.001622
arm_1_right_finger,400.667000,0.588953,-0.206364,0.203340,0.707118,-0.707092,0.001614,-0.001595
arm_1_right_finger,400.681000,0.587995,-0.208709,0.203315,0.707118,-0.707092,0.001588,-0.001568
arm_1_right_finger,400.695000,0.587027,-0.211050,0.203291,0.707118,-0.707092,0.001565,-0.001545
arm_1_right_finger,400.709000,0.586049,-0.213386,0.203267,0.707118,-0.707092,0.001543,-0.001523
arm_1_right_finger,400.723000,0.585060,-0.215718,0.203243,0.707118,-0.707093,0.001523,-0.001502
arm_1_right_finger,400.736000,0.584133,-0.217879,0.203220,0.707118,-0.707093,0.001505,-0.001484
arm_1_right_finger,400.748000,0.583270,-0.219870,0.203199,0.707118,-0.707093,0.001490,-0.001469
arm_1_right_finger,400.761000,0.582326,-0.222024,0.203177,0.707118,-0.707093,0.001474,-0.001453
arm_1_right_finger,400.774000,0.581374,-0.224173,0.203154,0.707118,-0.707093,0.001460,-0.001439
arm_1_right_finger,400.787000,0.580413,-0.226319,0.203132,0.707118,-0.707093,0.001447,-0.001425
arm_1_right_finger,400.800000,0.579443,-0.228460,0.203109,0.707118,-0.707093,0.001434,-0.001412
arm_1_right_finger,400.813000,0.578465,-0.230597,0.203087,0.707118,-0.707093,0.001422,-0.001400
arm_1_right_finger,400.826000,0.577478,-0.232730,0.203064,0.707118,-0.707093,0.001411,-0.001388
arm_1_right_finger,400.839000,0.576482,-0.234858,0.203042,0.707117,-0.707093,0.001400,-0.001377
arm_1_right_finger,400.852000,0.575478,-0.236983,0.203019,0.707117,-0.707093,0.001390,-0.001367
arm_1_right_finger,400.864000,0.574543,-0.238940,0.202998,0.707117,-0.707094,0.001381,-0.001358
arm_1_right_finger,400.876000,0.573601,-0.240893,0.202978,0.707117,-0.707094,0.001373,-0.001349
arm_1_right_finger,400.889000,0.572572,-0.243006,0.202955,0.707117,-0.707094,0.001364,-0.001340
arm_1_right_finger,400.901000,0.571615,-0.244951,0.202934,0.707117,-0.707094,0.001356,-0.001332
arm_1_right_finger,400.914000,0.570570,-0.247055,0.202912,0.707117,-0.707094,0.001348,-0.001324
arm_1_right_finger,400.927000,0.569516,-0.249154,0.202889,0.707117,-0.707094,0.001341,-0.001317
arm_1_right_finger,400.940000,0.568454,-0.251249,0.202867,0.707117,-0.707094,0.001334,-0.001309
arm_1_right_finger,400.953000,0.567384,-0.253339,0.202844,0.707117,-0.707094,0.001327,-0.001303
arm_1_right_finger,400.967000,0.566221,-0.255585,0.202820,0.707117,-0.707094,0.001321,-0.001296
arm_1_right_finger,400.978000,0.565301,-0.257346,0.202801,0.707117,-0.707094,0.001396,-0.001371
arm_1_right_finger,400.989000,0.564373,-0.259103,0.202781,0.707116,-0.707094,0.001612,-0.001587
arm_1_right_finger,401.001000,0.563347,-0.261017,0.202758,0.707116,-0.707094,0.001628,-0.001603
arm_1_right_finger,401.010000,0.562580,-0.262449,0.202742,0.707116,-0.707094,0.001641,-0.001616
arm_1_right_finger,401.021000,0.561637,-0.264197,0.202723,0.707116,-0.707094,0.001657,-0.001631
arm_1_right_finger,401.033000,0.560603,-0.266100,0.202703,0.707116,-0.707094,0.001681,-0.001655
arm_1_right_finger,401.046000,0.559474,-0.268157,0.202681,0.707116,-0.707094,0.001702,-0.001676
arm_1_right_finger,401.060000,0.558249,-0.270367,0.202657,0.707116,-0.707094,0.001721,-0.001694
arm_1_right_finger,401.073000,0.557103,-0.272413,0.202635,0.707115,-0.707094,0.001735,-0.001708
arm_1_right_finger,401.085000,0.556037,-0.274298,0.202615,0.707115,-0.707094,0.001744,-0.001717
arm_1_right_finger,401.098000,0.554876,-0.276336,0.202593,0.707115,-0.707094,0.001769,-0.001742
arm_1_right_finger,401.109000,0.553886,-0.278056,0.202574,0.707115,-0.707094,0.001793,-0.001765
arm_1_right_finger,401.120000,0.552891,-0.279773,0.202556,0.707115,-0.707094,0.001815,-0.001787
arm_1_right_finger,401.132000,0.551797,-0.281641,0.202535,0.707115,-0.707094,0.001836,-0.001808
arm_1_right_finger,401.143000,0.550789,-0.283350,0.202516,0.707115,-0.707094,0.001852,-0.001824
arm_1_right_finger,401.156000,0.549589,-0.285365,0.202494,0.707115,-0.707094,0.001869,-0.001840
arm_1_right_finger,401.168000,0.548475,-0.287221,0.202473,0.707115,-0.707094,0.001881,-0.001852
arm_1_right_finger,401.180000,0.547353,-0.289072,0.202453,0.707115,-0.707094,0.001891,-0.001862
arm_1_right_finger,401.193000,0.546130,-0.291073,0.202430,0.707114,-0.707094,0.001897,-0.001868
arm_1_right_finger,401.205000,0.544994,-0.292915,0.202409,0.707114,-0.707094,0.001894,-0.001865
arm_1_right_finger,401.218000,0.543754,-0.294906,0.202386,0.707114,-0.707094,0.001881,-0.001851
arm_1_right_finger,401.230000,0.542603,-0.296739,0.202365,0.707114,-0.707094,0.001859,-0.001829
arm_1_right_finger,401.243000,0.541348,-0.298719,0.202343,0.707114,-0.707095,0.001826,-0.001796
arm_1_right_finger,401.256000,0.540085,-0.300694,0.202320,0.707114,-0.707095,0.001787,-0.001756
arm_1_right_finger,401.267000,0.539011,-0.302362,0.202300,0.707114,-0.707095,0.001753,-0.001722
arm_1_right_finger,401.277000,0.538032,-0.303869,0.202283,0.707114,-0.707095,0.001725,-0.001694
arm_1_right_finger,401.285000,0.537250,-0.305066,0.202269,0.707114,-0.707095,0.001704,-0.001672
arm_1_right_finger,401.297000,0.536060,-0.306876,0.202248,0.707114,-0.707095,0.001673,-0.001642
arm_1_right_finger,401.309000,0.534863,-0.308682,0.202227,0.707114,-0.707095,0.001645,-0.001613
arm_1_right_finger,401.322000,0.533560,-0.310631,0.202205,0.707114,-0.707095,0.001617,-0.001585
arm_1_right_finger,401.335000,0.532248,-0.312575,0.202182,0.707114,-0.707096,0.001591,-0.001559
arm_1_right_finger,401.348000,0.530929,-0.314513,0.202159,0.707114,-0.707096,0.001567,-0.001534
arm_1_right_finger,401.360000,0.529705,-0.316297,0.202139,0.707114,-0.707096,0.001546,-0.001514
arm_1_right_finger,401.373000,0.528371,-0.318224,0.202116,0.707114,-0.707096,0.001524,-0.001491
arm_1_right_finger,401.387000,0.526926,-0.320293,0.202091,0.707114,-0.707096,0.001504,-0.001471
arm_1_right_finger,401.401000,0.525473,-0.322355,0.202067,0.707114,-0.707096,0.001484,-0.001451
arm_1_right_finger,401.415000,0.524010,-0.324410,0.202043,0.707114,-0.707096,0.001466,-0.001432
arm_1_right_finger,401.426000,0.522855,-0.326021,0.202024,0.707114,-0.707096,0.001452,-0.001418
arm_1_right_finger,401.439000,0.521482,-0.327918,0.202001,0.707114,-0.707096,0.001438,-0.001403
arm_1_right_finger,401.452000,0.520102,-0.329810,0.201978,0.707114,-0.707097,0.001424,-0.001389
arm_1_right_finger,401.465000,0.518715,-0.331696,0.201956,0.707114,-0.707097,0.001411,-0.001376
arm_1_right_finger,401.478000,0.517320,-0.333576,0.201933,0.707114,-0.707097,0.001398,-0.001363
arm_1_right_finger,401.487000,0.516349,-0.334874,0.201917,0.707114,-0.707097,0.001390,-0.001355
arm_1_right_finger,401.498000,0.515158,-0.336457,0.201898,0.707114,-0.707097,0.001381,-0.001346
arm_1_right_finger,401.512000,0.513635,-0.338466,0.201874,0.707114,-0.707097,0.001370,-0.001334
arm_1_right_finger,401.526000,0.512102,-0.340468,0.201849,0.707114,-0.707097,0.001359,-0.001323
arm_1_right_finger,401.540000,0.510560,-0.342464,0.201825,0.707114,-0.707097,0.001349,-0.001313
arm_1_right_finger,401.553000,0.509121,-0.344310,0.201802,0.707114,-0.707097,0.001341,-0.001304
arm_1_right_finger,401.567000,0.507565,-0.346289,0.201778,0.707114,-0.707097,0.001331,-0.001294
arm_1_right_finger,401.580000,0.506116,-0.348116,0.201755,0.707114,-0.707097,0.001323,-0.001286
arm_1_right_finger,401.593000,0.504664,-0.349932,0.201732,0.707114,-0.707098,0.001316,-0.001278
arm_1_right_finger,401.607000,0.503099,-0.351872,0.201708,0.707114,-0.707098,0.001308,-0.001270
arm_1_right_finger,401.621000,0.501534,-0.353796,0.201684,0.707114,-0.707098,0.001301,-0.001263
arm_1_right_finger,401.634000,0.500104,-0.355538,0.201662,0.707113,-0.707098,0.001296,-0.001257
arm_1_right_finger,401.647000,0.498650,-0.357295,0.201640,0.707113,-0.707098,0.001290,-0.001251
arm_1_right_finger,401.660000,0.497199,-0.359035,0.201618,0.707113,-0.707098,0.001284,-0.001245
arm_1_right_finger,401.672000,0.495865,-0.360622,0.201598,0.707113,-0.707098,0.001279,-0.001240
arm_1_right_finger,401.685000,0.494421,-0.362325,0.201576,0.707113,-0.707098,0.001283,-0.001244
arm_1_right_finger,401.695000,0.493322,-0.363621,0.201561,0.707113,-0.707098,0.001538,-0.001499
arm_1_right_finger,401.706000,0.492095,-0.365034,0.201539,0.707113,-0.707098,0.001557,-0.001517
arm_1_right_finger,401.717000,0.490885,-0.366433,0.201520,0.707112,-0.707098,0.001575,-0.001535
arm_1_right_finger,401.724000,0.490120,-0.367314,0.201509,0.707112,-0.707098,0.001587,-0.001547
arm_1_right_finger,401.731000,0.489364,-0.368181,0.201498,0.707112,-0.707098,0.001592,-0.001551
arm_1_right_finger,401.743000,0.488057,-0.369674,0.201480,0.707112,-0.707098,0.001615,-0.001574
arm_1_right_finger,401.756000,0.486647,-0.371272,0.201459,0.707112,-0.707098,0.001637,-0.001596
arm_1_right_finger,401.767000,0.485459,-0.372610,0.201443,0.707112,-0.707098,0.001652,-0.001611
arm_1_right_finger,401.780000,0.484062,-0.374172,0.201423,0.707112,-0.707098,0.001667,-0.001625
arm_1_right_finger,401.793000,0.482672,-0.375714,0.201403,0.707112,-0.707098,0.001679,-0.001637
arm_1_right_finger,401.805000,0.481395,-0.377120,0.201385,0.707112,-0.707098,0.001687,-0.001645
arm_1_right_finger,401.816000,0.480231,-0.378395,0.201368,0.707112,-0.707098,0.001695,-0.001653
arm_1_right_finger,401.828000,0.478968,-0.379771,0.201351,0.707112,-0.707098,0.001720,-0.001677
arm_1_right_finger,401.840000,0.477711,-0.381129,0.201333,0.707112,-0.707098,0.001743,-0.001700
arm_1_right_finger,401.853000,0.476357,-0.382583,0.201314,0.707111,-0.707098,0.001766,-0.001723
arm_1_right_finger,401.866000,0.475010,-0.384017,0.201295,0.707111,-0.707098,0.001786,-0.001742
arm_1_right_finger,401.879000,0.473672,-0.385433,0.201276,0.707111,-0.707098,0.001802,-0.001758
arm_1_right_finger,401.892000,0.472363,-0.386810,0.201258,0.707111,-0.707098,0.001812,-0.001768
arm_1_right_finger,401.905000,0.471038,-0.388193,0.201240,0.707111,-0.707098,0.001824,-0.001780
arm_1_right_finger,401.919000,0.469623,-0.389661,0.201220,0.707111,-0.707098,0.001832,-0.001788
arm_1_right_finger,401.932000,0.468318,-0.391004,0.201202,0.707111,-0.707098,0.001838,-0.001793
arm_1_right_finger,401.944000,0.467123,-0.392227,0.201185,0.707111,-0.707098,0.001841,-0.001796
arm_1_right_finger,401.956000,0.465935,-0.393435,0.201169,0.707111,-0.707098,0.001840,-0.001795
arm_1_right_finger,401.969000,0.464657,-0.394726,0.201151,0.707111,-0.707098,0.001835,-0.001790
arm_1_right_finger,401.982000,0.463390,-0.395999,0.201133,0.707111,-0.707098,0.001825,-0.001780
arm_1_right_finger,401.995000,0.462132,-0.397253,0.201116,0.707111,-0.707098,0.001810,-0.001764
arm_1_right_finger,402.008000,0.460885,-0.398490,0.201099,0.707111,-0.707098,0.001790,-0.001744
arm_1_right_finger,402.021000,0.459648,-0.399710,0.201082,0.707111,-0.707099,0.001766,-0.001720
arm_1_right_finger,402.034000,0.458421,-0.400912,0.201065,0.707111,-0.707099,0.001739,-0.001693
arm_1_right_finger,402.047000,0.457204,-0.402097,0.201048,0.707111,-0.707099,0.001712,-0.001666
arm_1_right_finger,402.060000,0.455998,-0.403264,0.201032,0.707111,-0.707099,0.001686,-0.001640
arm_1_right_finger,402.073000,0.454811,-0.404406,0.201016,0.707111,-0.707099,0.001662,-0.001615
arm_1_right_finger,402.087000,0.453534,-0.405628,0.200998,0.707111,-0.707099,0.001639,-0.001592
arm_1_right_finger,402.099000,0.452451,-0.406659,0.200984,0.707111,-0.707099,0.001621,-0.001573
arm_1_right_finger,402.112000,0.451287,-0.407760,0.200968,0.707111,-0.707099,0.001601,-0.001554
arm_1_right_finger,402.125000,0.450135,-0.408844,0.200953,0.707111,-0.707099,0.001583,-0.001536
arm_1_right_finger,402.137000,0.449081,-0.409831,0.200938,0.707111,-0.707099,0.001569,-0.001521
arm_1_right_finger,402.149000,0.448037,-0.410803,0.200924,0.707111,-0.707100,0.001555,-0.001507
arm_1_right_finger,402.162000,0.446917,-0.411841,0.200910,0.707111,-0.707100,0.001540,-0.001492
arm_1_right_finger,402.174000,0.445894,-0.412784,0.200896,0.707111,-0.707100,0.001528,-0.001479
arm_1_right_finger,402.187000,0.444796,-0.413790,0.200881,0.707111,-0.707100,0.001515,-0.001466
arm_1_right_finger,402.198000,0.443877,-0.414629,0.200869,0.707111,-0.707100,0.001504,-0.001455
arm_1_right_finger,402.210000,0.442884,-0.415531,0.200856,0.707111,-0.707100,0.001493,-0.001444
arm_1_right_finger,402.222000,0.441901,-0.416420,0.200843,0.707111,-0.707100,0.001483,-0.001434
arm_1_right_finger,402.233000,0.441009,-0.417224,0.200831,0.707111,-0.707100,0.001475,-0.001426
arm_1_right_finger,402.245000,0.440046,-0.418087,0.200819,0.707111,-0.707100,0.001466,-0.001417
arm_1_right_finger,402.258000,0.439014,-0.419007,0.200805,0.707111,-0.707100,0.001457,-0.001407
arm_1_right_finger,402.270000,0.438072,-0.419844,0.200793,0.707111,-0.707100,0.001448,-0.001399
arm_1_right_finger,402.283000,0.437063,-0.420735,0.200780,0.707111,-0.707100,0.001440,-0.001390
arm_1_right_finger,402.295000,0.436145,-0.421543,0.200768,0.707110,-0.707100,0.001433,-0.001383
arm_1_right_finger,402.303000,0.435537,-0.422076,0.200760,0.707110,-0.707100,0.001429,-0.001378
arm_1_right_finger,402.315000,0.434636,-0.422863,0.200748,0.707110,-0.707100,0.001422,-0.001371
arm_1_right_finger,402.328000,0.433671,-0.423702,0.200736,0.707110,-0.707100,0.001414,-0.001363
arm_1_right_finger,402.341000,0.432720,-0.424526,0.200723,0.707110,-0.707100,0.001406,-0.001355
arm_1_right_finger,402.354000,0.431780,-0.425336,0.200711,0.707110,-0.707101,0.001400,-0.001349
arm_1_right_finger,402.367000,0.430854,-0.426131,0.200699,0.707110,-0.707101,0.001395,-0.001344
arm_1_right_finger,402.379000,0.430016,-0.426847,0.200688,0.707110,-0.707101,0.001390,-0.001338
arm_1_right_finger,402.392000,0.429117,-0.427613,0.200677,0.707110,-0.707101,0.001385,-0.001333
arm_1_right_finger,402.405000,0.428228,-0.428367,0.200665,0.707110,-0.707101,0.001380,-0.001329
arm_1_right_finger,402.418000,0.427353,-0.429106,0.200654,0.707110,-0.707101,0.001375,-0.001324
arm_1_right_finger,402.431000,0.426491,-0.429830,0.200643,0.707110,-0.707101,0.001371,-0.001319
arm_1_right_finger,402.444000,0.425642,-0.430541,0.200632,0.707110,-0.707101,0.001366,-0.001314
arm_1_right_finger,402.457000,0.424808,-0.431237,0.200622,0.707110,-0.707101,0.001362,-0.001310
arm_1_right_finger,402.471000,0.423924,-0.431972,0.200610,0.707110,-0.707101,0.001357,-0.001305
arm_1_right_finger,402.484000,0.423118,-0.432639,0.200600,0.707110,-0.707101,0.001354,-0.001301
arm_1_right_finger,402.497000,0.422326,-0.433292,0.200590,0.707110,-0.707101,0.001350,-0.001297
arm_1_right_finger,402.509000,0.421607,-0.433883,0.200581,0.707110,-0.707101,0.001347,-0.001295
arm_1_right_finger,402.522000,0.420852,-0.434501,0.200571,0.707110,-0.707101,0.001344,-0.001291
arm_1_right_finger,402.535000,0.420098,-0.435117,0.200562,0.707110,-0.707101,0.001341,-0.001288
arm_1_right_finger,402.548000,0.419358,-0.435718,0.200552,0.707110,-0.707101,0.001338,-0.001285
arm_1_right_finger,402.559000,0.418744,-0.436216,0.200545,0.707110,-0.707101,0.001335,-0.001282
arm_1_right_finger,402.571000,0.418085,-0.436749,0.200536,0.707110,-0.707101,0.001332,-0.001279
arm_1_right_finger,402.584000,0.417385,-0.437313,0.200528,0.707110,-0.707101,0.001330,-0.001277
arm_1_right_finger,402.597000,0.416700,-0.437864,0.200519,0.707110,-0.707101,0.001328,-0.001274
arm_1_right_finger,402.610000,0.416029,-0.438401,0.200511,0.707110,-0.707101,0.001325,-0.001271
arm_1_right_finger,402.624000,0.415322,-0.438965,0.200502,0.707110,-0.707101,0.001323,-0.001269
arm_1_right_finger,402.639000,0.414584,-0.439553,0.200492,0.707110,-0.707101,0.001321,-0.001267
arm_1_right_finger,402.653000,0.413912,-0.440086,0.200484,0.707110,-0.707101,0.001319,-0.001265
arm_1_right_finger,402.666000,0.413303,-0.440567,0.200476,0.707110,-0.707101,0.001317,-0.001263
arm_1_right_finger,402.679000,0.412709,-0.441035,0.200469,0.707110,-0.707101,0.001315,-0.001261
arm_1_right_finger,402.692000,0.412129,-0.441491,0.200462,0.707110,-0.707101,0.001313,-0.001259
arm_1_right_finger,402.706000,0.411522,-0.441968,0.200454,0.707110,-0.707101,0.001311,-0.001257
arm_1_right_finger,402.720000,0.410931,-0.442430,0.200447,0.707110,-0.707101,0.001310,-0.001255
arm_1_right_finger,402.734000,0.410357,-0.442877,0.200440,0.707110,-0.707102,0.001308,-0.001253
arm_1_right_finger,402.747000,0.409840,-0.443280,0.200433,0.707110,-0.707102,0.001306,-0.001252
arm_1_right_finger,402.760000,0.409337,-0.443670,0.200427,0.707110,-0.707102,0.001305,-0.001250
arm_1_right_finger,402.773000,0.408849,-0.444048,0.200421,0.707110,-0.707102,0.001303,-0.001248
arm_1_right_finger,402.787000,0.408340,-0.444441,0.200415,0.707110,-0.707102,0.001302,-0.001247
arm_1_right_finger,402.800000,0.407884,-0.444793,0.200409,0.707110,-0.707102,0.001301,-0.001246
arm_1_right_finger,402.813000,0.407442,-0.445133,0.200404,0.707110,-0.707102,0.001299,-0.001244
arm_1_right_finger,402.827000,0.406983,-0.445485,0.200398,0.707110,-0.707102,0.001298,-0.001243
arm_1_right_finger,402.840000,0.406572,-0.445800,0.200393,0.707110,-0.707102,0.001297,-0.001242
arm_1_right_finger,402.853000,0.406177,-0.446103,0.200388,0.707110,-0.707102,0.001296,-0.001241
arm_1_right_finger,402.862000,0.405911,-0.446305,0.200385,0.707110,-0.707102,0.001295,-0.001239
arm_1_right_finger,402.872000,0.405625,-0.446524,0.200381,0.707110,-0.707102,0.001293,-0.001238
arm_1_right_finger,402.882000,0.405348,-0.446735,0.200378,0.707110,-0.707102,0.001292,-0.001237
arm_1_right_finger,402.889000,0.405161,-0.446877,0.200375,0.707110,-0.707102,0.001292,-0.001236
arm_1_right_finger,402.897000,0.404952,-0.447037,0.200373,0.707110,-0.707102,0.001291,-0.001236
arm_1_right_finger,402.909000,0.404647,-0.447268,0.200369,0.707110,-0.707102,0.001291,-0.001236
arm_1_right_finger,402.921000,0.404355,-0.447490,0.200365,0.707110,-0.707102,0.001291,-0.001235
arm_1_right_finger,402.934000,0.404053,-0.447718,0.200362,0.707110,-0.707102,0.001290,-0.001235
arm_1_right_finger,402.947000,0.403768,-0.447934,0.200358,0.707110,-0.707102,0.001290,-0.001234
arm_1_right_finger,402.960000,0.403497,-0.448138,0.200355,0.707110,-0.707102,0.001290,-0.001234
arm_1_right_finger,402.972000,0.403260,-0.448317,0.200352,0.707109,-0.707102,0.001289,-0.001233
arm_1_right_finger,402.983000,0.403054,-0.448472,0.200349,0.707109,-0.707102,0.001289,-0.001233
arm_1_right_finger,402.995000,0.402843,-0.448631,0.200347,0.707109,-0.707102,0.001288,-0.001232
arm_1_right_finger,403.008000,0.402628,-0.448793,0.200344,0.707109,-0.707102,0.001288,-0.001232
arm_1_right_finger,403.020000,0.402444,-0.448931,0.200342,0.707109,-0.707102,0.001287,-0.001231
arm_1_right_finger,403.032000,0.402272,-0.449060,0.200340,0.707109,-0.707102,0.001287,-0.001231
arm_1_right_finger,403.045000,0.402101,-0.449188,0.200338,0.707109,-0.707102,0.001286,-0.001230
arm_1_right_finger,403.058000,0.401946,-0.449305,0.200336,0.707109,-0.707102,0.001285,-0.001229
arm_1_right_finger,403.071000,0.401806,-0.449410,0.200334,0.707109,-0.707102,0.001284,-0.001228
arm_1_right_finger,403.084000,0.401682,-0.449503,0.200333,0.707109,-0.707102,0.001283,-0.001227
arm_1_right_finger,403.097000,0.401572,-0.449585,0.200331,0.707109,-0.707102,0.001282,-0.001226
arm_1_right_finger,403.110000,0.401478,-0.449655,0.200330,0.707109,-0.707102,0.001281,-0.001225
arm_1_right_finger,403.123000,0.401400,-0.449714,0.200329,0.707109,-0.707102,0.001280,-0.001224
arm_1_right_finger,403.134000,0.401345,-0.449754,0.200328,0.707109,-0.707102,0.001279,-0.001223
arm_1_right_finger,403.146000,0.401295,-0.449792,0.200328,0.707109,-0.707102,0.001279,-0.001223
arm_1_right_finger,403.157000,0.401257,-0.449820,0.200327,0.707109,-0.707102,0.001278,-0.001222
arm_1_right_finger,403.169000,0.401222,-0.449846,0.200327,0.707109,-0.707102,0.001277,-0.001221
arm_1_right_finger,403.181000,0.401194,-0.449868,0.200327,0.707109,-0.707102,0.001277,-0.001220
arm_1_right_finger,403.193000,0.401170,-0.449886,0.200326,0.707109,-0.707102,0.001276,-0.001220
arm_1_right_finger,403.206000,0.401185,-0.449874,0.200325,0.707109,-0.707102,0.001275,-0.001219
arm_1_right_finger,403.218000,0.401198,-0.449865,0.200322,0.707109,-0.707102,0.001274,-0.001218
arm_1_right_finger,403.231000,0.401208,-0.449859,0.200313,0.707109,-0.707102,0.001274,-0.001217
arm_1_right_finger,403.244000,0.401218,-0.449853,0.200296,0.707109,-0.707102,0.001272,-0.001216
arm_1_right_finger,403.256000,0.401226,-0.449850,0.200275,0.707109,-0.707102,0.001271,-0.001215
arm_1_right_finger,403.269000,0.401234,-0.449849,0.200241,0.707109,-0.707102,0.001271,-0.001215
arm_1_right_finger,403.281000,0.401241,-0.449849,0.200202,0.707110,-0.707102,0.001271,-0.001215
arm_1_right_finger,403.294000,0.401248,-0.449851,0.200148,0.707110,-0.707102,0.001270,-0.001214
arm_1_right_finger,403.307000,0.401255,-0.449854,0.200082,0.707110,-0.707102,0.001269,-0.001213
arm_1_right_finger,403.320000,0.401262,-0.449858,0.200005,0.707110,-0.707102,0.001268,-0.001213
arm_1_right_finger,403.334000,0.401271,-0.449865,0.199907,0.707110,-0.707102,0.001268,-0.001212
arm_1_right_finger,403.348000,0.401280,-0.449873,0.199793,0.707110,-0.707102,0.001267,-0.001211
arm_1_right_finger,403.360000,0.401288,-0.449881,0.199684,0.707110,-0.707102,0.001267,-0.001211
arm_1_right_finger,403.373000,0.401297,-0.449892,0.199552,0.707110,-0.707102,0.001266,-0.001210
arm_1_right_finger,403.385000,0.401306,-0.449902,0.199418,0.707110,-0.707102,0.001265,-0.001210
arm_1_right_finger,403.398000,0.401316,-0.449915,0.199260,0.707110,-0.707102,0.001264,-0.001209
arm_1_right_finger,403.411000,0.401327,-0.449928,0.199088,0.707110,-0.707101,0.001263,-0.001208
arm_1_right_finger,403.424000,0.401339,-0.449943,0.198901,0.707110,-0.707101,0.001262,-0.001208
arm_1_right_finger,403.438000,0.401353,-0.449961,0.198685,0.707110,-0.707101,0.001261,-0.001207
arm_1_right_finger,403.451000,0.401366,-0.449978,0.198468,0.707110,-0.707101,0.001260,-0.001206
arm_1_right_finger,403.464000,0.401380,-0.449997,0.198237,0.707110,-0.707101,0.001259,-0.001205
arm_1_right_finger,403.477000,0.401395,-0.450017,0.197992,0.707110,-0.707101,0.001259,-0.001204
arm_1_right_finger,403.491000,0.401412,-0.450039,0.197713,0.707111,-0.707101,0.001258,-0.001204
arm_1_right_finger,403.504000,0.401428,-0.450061,0.197438,0.707111,-0.707101,0.001257,-0.001204
arm_1_right_finger,403.517000,0.401445,-0.450084,0.197148,0.707111,-0.707101,0.001257,-0.001203
arm_1_right_finger,403.530000,0.401463,-0.450108,0.196845,0.707111,-0.707101,0.001256,-0.001202
arm_1_right_finger,403.543000,0.401481,-0.450133,0.196526,0.707111,-0.707100,0.001254,-0.001202
arm_1_right_finger,403.557000,0.401502,-0.450161,0.196167,0.707111,-0.707100,0.001253,-0.001201
arm_1_right_finger,403.563000,0.401511,-0.450173,0.196008,0.707111,-0.707100,0.001253,-0.001201
arm_1_right_finger,403.567000,0.401517,-0.450181,0.195900,0.707111,-0.707100,0.001253,-0.001200
arm_1_right_finger,403.572000,0.401525,-0.450192,0.195763,0.707111,-0.707100,0.001252,-0.001200
arm_1_right_finger,403.582000,0.401540,-0.450213,0.195483,0.707111,-0.707100,0.001252,-0.001200
arm_1_right_finger,403.592000,0.401556,-0.450235,0.195195,0.707112,-0.707100,0.001251,-0.001199
arm_1_right_finger,403.601000,0.401571,-0.450255,0.194928,0.707112,-0.707100,0.001250,-0.001198
arm_1_right_finger,403.613000,0.401592,-0.450283,0.194562,0.707112,-0.707100,0.001249,-0.001198
arm_1_right_finger,403.626000,0.401614,-0.450314,0.194150,0.707112,-0.707100,0.001248,-0.001197
arm_1_right_finger,403.638000,0.401635,-0.450343,0.193757,0.707112,-0.707099,0.001247,-0.001197
arm_1_right_finger,403.651000,0.401659,-0.450375,0.193318,0.707112,-0.707099,0.001246,-0.001196
arm_1_right_finger,403.664000,0.401683,-0.450408,0.192864,0.707112,-0.707099,0.001245,-0.001196
arm_1_right_finger,403.676000,0.401706,-0.450439,0.192433,0.707113,-0.707099,0.001244,-0.001195
arm_1_right_finger,403.689000,0.401731,-0.450473,0.191951,0.707113,-0.707099,0.001243,-0.001194
arm_1_right_finger,403.702000,0.401756,-0.450508,0.191454,0.707113,-0.707098,0.001242,-0.001193
arm_1_right_finger,403.715000,0.401782,-0.450544,0.190943,0.707113,-0.707098,0.001241,-0.001192
arm_1_right_finger,403.728000,0.401808,-0.450580,0.190418,0.707113,-0.707098,0.001240,-0.001192
arm_1_right_finger,403.740000,0.401833,-0.450613,0.189920,0.707114,-0.707098,0.001239,-0.001191
arm_1_right_finger,403.753000,0.401860,-0.450650,0.189367,0.707114,-0.707098,0.001238,-0.001191
arm_1_right_finger,403.766000,0.401887,-0.450688,0.188799,0.707114,-0.707097,0.001236,-0.001190
arm_1_right_finger,403.779000,0.401914,-0.450726,0.188216,0.707114,-0.707097,0.001235,-0.001189
arm_1_right_finger,403.791000,0.401940,-0.450761,0.187666,0.707114,-0.707097,0.001234,-0.001188
arm_1_right_finger,403.804000,0.401968,-0.450799,0.187055,0.707115,-0.707097,0.001232,-0.001188
arm_1_right_finger,403.817000,0.401995,-0.450838,0.186430,0.707115,-0.707097,0.001230,-0.001186
arm_1_right_finger,403.830000,0.402024,-0.450877,0.185791,0.707115,-0.707096,0.001229,-0.001185
arm_1_right_finger,403.843000,0.402052,-0.450916,0.185137,0.707116,-0.707096,0.001228,-0.001184
arm_1_right_finger,403.856000,0.402080,-0.450956,0.184468,0.707116,-0.707096,0.001226,-0.001184
arm_1_right_finger,403.869000,0.402108,-0.450995,0.183785,0.707116,-0.707095,0.001225,-0.001183
arm_1_right_finger,403.882000,0.402137,-0.451035,0.183088,0.707116,-0.707095,0.001223,-0.001182
arm_1_right_finger,403.896000,0.402167,-0.451077,0.182320,0.707117,-0.707095,0.001222,-0.001181
arm_1_right_finger,403.908000,0.402193,-0.451113,0.181650,0.707117,-0.707095,0.001220,-0.001180
arm_1_right_finger,403.921000,0.402221,-0.451153,0.180909,0.707117,-0.707094,0.001219,-0.001179
arm_1_right_finger,403.934000,0.402249,-0.451192,0.180153,0.707117,-0.707094,0.001217,-0.001178
arm_1_right_finger,403.947000,0.402276,-0.451231,0.179383,0.707118,-0.707094,0.001215,-0.001177
arm_1_right_finger,403.960000,0.402304,-0.451269,0.178599,0.707118,-0.707093,0.001214,-0.001177
arm_1_right_finger,403.974000,0.402333,-0.451310,0.177738,0.707118,-0.707093,0.001212,-0.001175
arm_1_right_finger,403.987000,0.402359,-0.451348,0.176923,0.707119,-0.707093,0.001211,-0.001175
arm_1_right_finger,404.000000,0.402386,-0.451386,0.176095,0.707119,-0.707092,0.001209,-0.001174
arm_1_right_finger,404.013000,0.402411,-0.451423,0.175252,0.707119,-0.707092,0.001208,-0.001173
arm_1_right_finger,404.026000,0.402437,-0.451459,0.174394,0.707120,-0.707092,0.001206,-0.001172
arm_1_right_finger,404.037000,0.402457,-0.451489,0.173657,0.707120,-0.707092,0.001204,-0.001171
arm_1_right_finger,404.051000,0.402483,-0.451527,0.172704,0.707120,-0.707091,0.001202,-0.001170
arm_1_right_finger,404.065000,0.402509,-0.451564,0.171735,0.707121,-0.707091,0.001200,-0.001168
arm_1_right_finger,404.079000,0.402533,-0.451599,0.170749,0.707121,-0.707090,0.001198,-0.001167
arm_1_right_finger,404.092000,0.402555,-0.451632,0.169818,0.707122,-0.707090,0.001196,-0.001166
arm_1_right_finger,404.105000,0.402576,-0.451663,0.168873,0.707122,-0.707090,0.001194,-0.001165
arm_1_right_finger,404.119000,0.402598,-0.451696,0.167839,0.707122,-0.707089,0.001192,-0.001164
arm_1_right_finger,404.132000,0.402617,-0.451725,0.166865,0.707123,-0.707089,0.001190,-0.001163
arm_1_right_finger,404.146000,0.402637,-0.451755,0.165799,0.707123,-0.707088,0.001188,-0.001162
arm_1_right_finger,404.160000,0.402656,-0.451784,0.164717,0.707124,-0.707088,0.001186,-0.001161
arm_1_right_finger,404.174000,0.402673,-0.451811,0.163618,0.707124,-0.707088,0.001184,-0.001160
arm_1_right_finger,404.188000,0.402689,-0.451836,0.162503,0.707125,-0.707087,0.001182,-0.001158
arm_1_right_finger,404.202000,0.402703,-0.451860,0.161371,0.707125,-0.707087,0.001180,-0.001157
arm_1_right_finger,404.215000,0.402716,-0.451880,0.160305,0.707125,-0.707086,0.001183,-0.001161
arm_1_right_finger,404.226000,0.402725,-0.451896,0.159391,0.707126,-0.707086,0.001181,-0.001160
arm_1_right_finger,404.234000,0.402731,-0.451907,0.158720,0.707126,-0.707086,0.001180,-0.001159
arm_1_right_finger,404.242000,0.402736,-0.451917,0.158043,0.707126,-0.707085,0.001178,-0.001159
arm_1_right_finger,404.251000,0.402742,-0.451928,0.157276,0.707127,-0.707085,0.001177,-0.001158
arm_1_right_finger,404.259000,0.402746,-0.451937,0.156587,0.707127,-0.707085,0.001176,-0.001157
arm_1_right_finger,404.263000,0.402748,-0.451941,0.156241,0.707127,-0.707085,0.001175,-0.001157
arm_1_right_finger,404.271000,0.402752,-0.451948,0.155546,0.707127,-0.707084,0.001182,-0.001164
arm_1_right_finger,404.281000,0.402755,-0.451957,0.154670,0.707127,-0.707084,0.001243,-0.001227
arm_1_right_finger,404.290000,0.402746,-0.451963,0.153873,0.707128,-0.707084,0.001295,-0.001279
arm_1_right_finger,404.300000,0.402746,-0.451969,0.152987,0.707128,-0.707083,0.001327,-0.001312
arm_1_right_finger,404.311000,0.402747,-0.451974,0.152011,0.707128,-0.707083,0.001350,-0.001336
arm_1_right_finger,404.321000,0.402747,-0.451978,0.151123,0.707129,-0.707082,0.001369,-0.001356
arm_1_right_finger,404.333000,0.402746,-0.451980,0.150058,0.707129,-0.707082,0.001387,-0.001375
arm_1_right_finger,404.345000,0.402743,-0.451980,0.148997,0.707129,-0.707081,0.001408,-0.001396
arm_1_right_finger,404.357000,0.402740,-0.451979,0.147940,0.707130,-0.707081,0.001428,-0.001417
arm_1_right_finger,404.368000,0.402734,-0.451976,0.146977,0.707130,-0.707081,0.001442,-0.001432
arm_1_right_finger,404.378000,0.402729,-0.451972,0.146106,0.707130,-0.707080,0.001454,-0.001444
arm_1_right_finger,404.390000,0.402721,-0.451965,0.145068,0.707131,-0.707080,0.001465,-0.001457
arm_1_right_finger,404.402000,0.402712,-0.451957,0.144041,0.707131,-0.707079,0.001485,-0.001478
arm_1_right_finger,404.415000,0.402701,-0.451946,0.142938,0.707132,-0.707079,0.001505,-0.001498
arm_1_right_finger,404.428000,0.402689,-0.451934,0.141846,0.707132,-0.707078,0.001520,-0.001514
arm_1_right_finger,404.441000,0.402675,-0.451919,0.140767,0.707132,-0.707078,0.001531,-0.001526
arm_1_right_finger,404.455000,0.402660,-0.451902,0.139619,0.707133,-0.707077,0.001556,-0.001552
arm_1_right_finger,404.469000,0.402642,-0.451882,0.138487,0.707133,-0.707077,0.001588,-0.001585
arm_1_right_finger,404.483000,0.402623,-0.451861,0.137369,0.707134,-0.707076,0.001618,-0.001616
arm_1_right_finger,404.495000,0.402605,-0.451841,0.136424,0.707134,-0.707076,0.001639,-0.001638
arm_1_right_finger,404.501000,0.402596,-0.451831,0.135957,0.707134,-0.707076,0.001649,-0.001648
arm_1_right_finger,404.508000,0.402585,-0.451819,0.135414,0.707134,-0.707075,0.001659,-0.001659
arm_1_right_finger,404.516000,0.402572,-0.451804,0.134800,0.707135,-0.707075,0.001670,-0.001670
arm_1_right_finger,404.527000,0.402553,-0.451783,0.133964,0.707135,-0.707075,0.001682,-0.001683
arm_1_right_finger,404.540000,0.402530,-0.451757,0.132988,0.707135,-0.707074,0.001694,-0.001696
arm_1_right_finger,404.553000,0.402506,-0.451730,0.132027,0.707136,-0.707074,0.001704,-0.001707
arm_1_right_finger,404.564000,0.402485,-0.451707,0.131225,0.707136,-0.707074,0.001710,-0.001713
arm_1_right_finger,404.577000,0.402459,-0.451678,0.130290,0.707136,-0.707073,0.001715,-0.001719
arm_1_right_finger,404.589000,0.402435,-0.451650,0.129440,0.707137,-0.707073,0.001718,-0.001723
arm_1_right_finger,404.602000,0.402408,-0.451619,0.128534,0.707137,-0.707072,0.001720,-0.001726
arm_1_right_finger,404.615000,0.402380,-0.451587,0.127641,0.707137,-0.707072,0.001720,-0.001727
arm_1_right_finger,404.628000,0.402351,-0.451555,0.126764,0.707138,-0.707072,0.001719,-0.001727
arm_1_right_finger,404.642000,0.402320,-0.451519,0.125835,0.707138,-0.707071,0.001717,-0.001725
arm_1_right_finger,404.655000,0.402291,-0.451485,0.124987,0.707138,-0.707071,0.001713,-0.001722
arm_1_right_finger,404.668000,0.402261,-0.451450,0.124154,0.707139,-0.707071,0.001709,-0.001718
arm_1_right_finger,404.681000,0.402231,-0.451415,0.123336,0.707139,-0.707070,0.001703,-0.001714
arm_1_right_finger,404.695000,0.402198,-0.451377,0.122471,0.707139,-0.707070,0.001697,-0.001708
arm_1_right_finger,404.708000,0.402167,-0.451341,0.121683,0.707140,-0.707070,0.001690,-0.001702
arm_1_right_finger,404.721000,0.402136,-0.451304,0.120909,0.707140,-0.707069,0.001683,-0.001695
arm_1_right_finger,404.735000,0.402102,-0.451265,0.120092,0.707140,-0.707069,0.001674,-0.001687
arm_1_right_finger,404.749000,0.402068,-0.451225,0.119292,0.707141,-0.707069,0.001663,-0.001677
arm_1_right_finger,404.763000,0.402034,-0.451185,0.118509,0.707141,-0.707069,0.001652,-0.001667
arm_1_right_finger,404.776000,0.402002,-0.451148,0.117796,0.707141,-0.707068,0.001642,-0.001657
arm_1_right_finger,404.790000,0.401968,-0.451107,0.117045,0.707142,-0.707068,0.001631,-0.001647
arm_1_right_finger,404.804000,0.401934,-0.451067,0.116312,0.707142,-0.707068,0.001621,-0.001638
arm_1_right_finger,404.818000,0.401900,-0.451027,0.115595,0.707142,-0.707068,0.001613,-0.001630
arm_1_right_finger,404.832000,0.401867,-0.450987,0.114894,0.707143,-0.707067,0.001604,-0.001622
arm_1_right_finger,404.845000,0.401835,-0.450950,0.114259,0.707143,-0.707067,0.001597,-0.001615
arm_1_right_finger,404.857000,0.401807,-0.450916,0.113685,0.707143,-0.707067,0.001590,-0.001609
arm_1_right_finger,404.868000,0.401781,-0.450884,0.113170,0.707143,-0.707067,0.001584,-0.001603
arm_1_right_finger,404.882000,0.401748,-0.450845,0.112529,0.707144,-0.707066,0.001576,-0.001596
arm_1_right_finger,404.894000,0.401720,-0.450812,0.111993,0.707144,-0.707066,0.001571,-0.001591
arm_1_right_finger,404.907000,0.401690,-0.450776,0.111427,0.707144,-0.707066,0.001566,-0.001587
arm_1_right_finger,404.920000,0.401660,-0.450740,0.110875,0.707144,-0.707066,0.001560,-0.001581
arm_1_right_finger,404.933000,0.401631,-0.450705,0.110338,0.707145,-0.707066,0.001555,-0.001576
arm_1_right_finger,404.946000,0.401602,-0.450671,0.109814,0.707145,-0.707065,0.001550,-0.001572
arm_1_right_finger,404.960000,0.401572,-0.450634,0.109266,0.707145,-0.707065,0.001544,-0.001567
arm_1_right_finger,404.974000,0.401542,-0.450598,0.108735,0.707145,-0.707065,0.001539,-0.001563
arm_1_right_finger,404.987000,0.401514,-0.450565,0.108257,0.707145,-0.707065,0.001535,-0.001559
arm_1_right_finger,405.001000,0.401485,-0.450530,0.107758,0.707146,-0.707065,0.001530,-0.001554
arm_1_right_finger,405.014000,0.401459,-0.450498,0.107310,0.707146,-0.707064,0.001526,-0.001551
arm_1_right_finger,405.028000,0.401431,-0.450465,0.106843,0.707146,-0.707064,0.001521,-0.001546
arm_1_right_finger,405.041000,0.401407,-0.450435,0.106424,0.707146,-0.707064,0.001517,-0.001542
arm_1_right_finger,405.054000,0.401382,-0.450406,0.106020,0.707146,-0.707064,0.001514,-0.001540
arm_1_right_finger,405.067000,0.401358,-0.450377,0.105629,0.707147,-0.707064,0.001510,-0.001536
arm_1_right_finger,405.081000,0.401334,-0.450347,0.105225,0.707147,-0.707064,0.001506,-0.001533
arm_1_right_finger,405.095000,0.401310,-0.450318,0.104837,0.707147,-0.707063,0.001503,-0.001530
arm_1_right_finger,405.108000,0.401288,-0.450292,0.104493,0.707147,-0.707063,0.001499,-0.001526
arm_1_right_finger,405.121000,0.401267,-0.450267,0.104162,0.707147,-0.707063,0.001496,-0.001523
arm_1_right_finger,405.134000,0.401247,-0.450243,0.103845,0.707147,-0.707063,0.001493,-0.001520
arm_1_right_finger,405.147000,0.401228,-0.450219,0.103542,0.707147,-0.707063,0.001490,-0.001517
arm_1_right_finger,405.161000,0.401208,-0.450195,0.103233,0.707148,-0.707063,0.001488,-0.001516
arm_1_right_finger,405.171000,0.401195,-0.450179,0.103021,0.707148,-0.707063,0.001485,-0.001514
arm_1_right_finger,405.178000,0.401186,-0.450168,0.102879,0.707148,-0.707063,0.001484,-0.001513
arm_1_right_finger,405.187000,0.401174,-0.450154,0.102701,0.707148,-0.707063,0.001482,-0.001511
arm_1_right_finger,405.194000,0.401165,-0.450143,0.102567,0.707148,-0.707063,0.001481,-0.001510
arm_1_right_finger,405.206000,0.401151,-0.450126,0.102349,0.707148,-0.707062,0.001478,-0.001507
arm_1_right_finger,405.217000,0.401138,-0.450111,0.102158,0.707148,-0.707062,0.001476,-0.001505
arm_1_right_finger,405.228000,0.401127,-0.450096,0.101978,0.707148,-0.707062,0.001474,-0.001503
arm_1_right_finger,405.240000,0.401114,-0.450081,0.101794,0.707148,-0.707062,0.001472,-0.001502
arm_1_right_finger,405.253000,0.401102,-0.450066,0.101607,0.707148,-0.707062,0.001469,-0.001499
arm_1_right_finger,405.266000,0.401090,-0.450052,0.101434,0.707148,-0.707062,0.001466,-0.001495
arm_1_right_finger,405.279000,0.401080,-0.450040,0.101275,0.707148,-0.707062,0.001463,-0.001493
arm_1_right_finger,405.292000,0.401070,-0.450028,0.101132,0.707148,-0.707062,0.001461,-0.001491
arm_1_right_finger,405.305000,0.401062,-0.450017,0.101002,0.707149,-0.707062,0.001459,-0.001489
arm_1_right_finger,405.319000,0.401053,-0.450007,0.100878,0.707149,-0.707062,0.001456,-0.001486
arm_1_right_finger,405.332000,0.401046,-0.449999,0.100778,0.707149,-0.707062,0.001454,-0.001484
arm_1_right_finger,405.346000,0.401040,-0.449991,0.100685,0.707149,-0.707062,0.001452,-0.001482
arm_1_right_finger,405.359000,0.401035,-0.449985,0.100614,0.707149,-0.707062,0.001451,-0.001481
arm_1_right_finger,405.371000,0.401032,-0.449981,0.100560,0.707149,-0.707062,0.001448,-0.001479
arm_1_right_finger,405.385000,0.401028,-0.449977,0.100509,0.707149,-0.707062,0.001446,-0.001476
arm_1_right_finger,405.398000,0.401025,-0.449974,0.100470,0.707149,-0.707062,0.001444,-0.001474
arm_1_right_finger,405.412000,0.401023,-0.449971,0.100437,0.707149,-0.707062,0.001442,-0.001472
arm_1_right_finger,405.426000,0.401021,-0.449969,0.100410,0.707149,-0.707062,0.001439,-0.001469
arm_1_right_finger,405.440000,0.401020,-0.449967,0.100389,0.707149,-0.707062,0.001436,-0.001466
arm_1_right_finger,405.454000,0.400965,-0.449965,0.100355,0.707150,-0.707063,0.000852,-0.000883
arm_1_right_finger,405.469000,0.401001,-0.449964,0.100352,0.707150,-0.707063,0.000059,-0.000091
arm_1_right_finger,405.486000,0.401311,-0.449963,0.100434,0.707150,-0.707063,-0.000025,-0.000006
arm_1_right_finger,405.503000,0.401756,-0.449962,0.100565,0.707150,-0.707063,-0.000031,-0.000001
arm_1_right_finger,405.520000,0.402295,-0.449961,0.100733,0.707150,-0.707063,-0.000031,-0.000000
arm_1_right_finger,405.537000,0.402904,-0.449961,0.100934,0.707150,-0.707063,-0.000031,-0.000000
arm_1_right_finger,405.553000,0.403526,-0.449961,0.101148,0.707150,-0.707063,-0.000031,-0.000000
arm_1_right_finger,405.570000,0.404225,-0.449960,0.101400,0.707150,-0.707063,-0.000031,-0.000000
arm_1_right_finger,405.587000,0.404953,-0.449960,0.101675,0.707150,-0.707063,-0.000030,-0.000000
arm_1_right_finger,405.604000,0.405701,-0.449960,0.101970,0.707150,-0.707063,-0.000030,-0.000000
arm_1_right_finger,405.621000,0.406463,-0.449960,0.102285,0.707150,-0.707063,-0.000030,-0.000000
arm_1_right_finger,405.639000,0.407280,-0.449959,0.102638,0.707150,-0.707063,-0.000030,-0.000000
arm_1_right_finger,405.657000,0.408103,-0.449959,0.103010,0.707150,-0.707063,-0.000030,-0.000000
arm_1_right_finger,405.673000,0.408836,-0.449959,0.103356,0.707150,-0.707063,-0.000030,-0.000000
arm_1_right_finger,405.690000,0.409616,-0.449959,0.103738,0.707150,-0.707063,-0.000030,-0.000000
arm_1_right_finger,405.704000,0.410257,-0.449959,0.104064,0.707150,-0.707063,-0.000030,-0.000000
arm_1_right_finger,405.716000,0.410805,-0.449959,0.104351,0.707150,-0.707063,-0.000030,-0.000000
arm_1_right_finger,405.729000,0.411397,-0.449959,0.104670,0.707150,-0.707063,-0.000030,-0.000000
arm_1_right_finger,405.746000,0.412167,-0.449959,0.105099,0.707150,-0.707063,-0.000030,-0.000000
arm_1_right_finger,405.763000,0.412931,-0.449959,0.105542,0.707150,-0.707063,-0.000030,-0.000000
arm_1_right_finger,405.780000,0.413690,-0.449958,0.105997,0.707150,-0.707063,-0.000030,-0.000000
arm_1_right_finger,405.797000,0.414443,-0.449958,0.106466,0.707150,-0.707063,-0.000030,-0.000000
arm_1_right_finger,405.812000,0.415101,-0.449958,0.106890,0.707150,-0.707063,-0.000030,-0.000000
arm_1_right_finger,405.828000,0.415797,-0.449958,0.107352,0.707150,-0.707063,-0.000030,-0.000000
arm_1_right_finger,405.844000,0.416486,-0.449958,0.107826,0.707150,-0.707063,-0.000030,-0.000000
arm_1_right_finger,405.859000,0.417126,-0.449958,0.108280,0.707150,-0.707063,-0.000030,-0.000000
arm_1_right_finger,405.876000,0.417842,-0.449958,0.108804,0.707150,-0.707063,-0.000030,-0.000000
arm_1_right_finger,405.893000,0.418463,-0.449958,0.109273,0.707150,-0.707063,-0.000030,-0.000000
arm_1_right_finger,405.910000,0.418940,-0.449958,0.109643,0.707150,-0.707063,-0.000030,-0.000000
arm_1_right_finger,405.926000,0.419284,-0.449958,0.109915,0.707150,-0.707063,-0.000030,-0.000000
arm_1_right_finger,405.942000,0.419549,-0.449958,0.110128,0.707150,-0.707063,-0.000030,-0.000000
arm_1_right_finger,405.957000,0.419743,-0.449958,0.110285,0.707150,-0.707063,-0.000030,-0.000000
arm_1_right_finger,405.970000,0.419876,-0.449958,0.110394,0.707150,-0.707063,-0.000030,-0.000000
arm_1_right_finger,405.986000,0.420007,-0.449958,0.110502,0.707150,-0.707063,-0.000030,-0.000000
arm_1_right_finger,406.002000,0.420109,-0.449958,0.110586,0.707150,-0.707063,-0.000030,-0.000000
arm_1_right_finger,406.018000,0.420187,-0.449958,0.110651,0.707150,-0.707063,-0.000030,-0.000000
arm_1_right_finger,406.034000,0.420248,-0.449958,0.110701,0.707150,-0.707063,-0.000030,-0.000000
arm_1_right_finger,406.050000,0.420295,-0.449958,0.110741,0.707150,-0.707063,-0.000030,-0.000000
arm_1_right_finger,406.067000,0.420334,-0.449958,0.110778,0.707150,-0.707063,-0.000030,-0.000000
arm_1_right_finger,406.084000,0.420364,-0.449960,0.110815,0.707150,-0.707063,-0.000030,-0.000000
arm_1_right_finger,406.100000,0.420387,-0.449962,0.110856,0.707150,-0.707063,-0.000030,-0.000000
arm_1_right_finger,406.114000,0.420404,-0.449965,0.110899,0.707150,-0.707063,-0.000030,-0.000000
arm_1_right_finger,406.124000,0.420415,-0.449968,0.110935,0.707150,-0.707063,-0.000030,-0.000000
arm_1_right_finger,406.138000,0.420429,-0.449973,0.110993,0.707150,-0.707063,-0.000030,-0.000000
arm_1_right_finger,406.152000,0.420442,-0.449980,0.111063,0.707150,-0.707063,-0.000030,-0.000000
arm_1_right_finger,406.167000,0.420456,-0.449988,0.111149,0.707150,-0.707063,-0.000030,-0.000000
arm_1_right_finger,406.183000,0.420470,-0.449999,0.111260,0.707150,-0.707063,-0.000030,-0.000000
arm_1_right_finger,406.200000,0.420485,-0.450012,0.111397,0.707151,-0.707063,-0.000030,-0.000000
arm_1_right_finger,406.216000,0.420500,-0.450027,0.111545,0.707151,-0.707063,-0.000030,-0.000000
arm_1_right_finger,406.232000,0.420516,-0.450044,0.111712,0.707151,-0.707063,-0.000030,-0.000000
arm_1_right_finger,406.248000,0.420532,-0.450062,0.111899,0.707151,-0.707063,-0.000030,-0.000000
arm_1_right_finger,406.264000,0.420550,-0.450083,0.112105,0.707151,-0.707063,-0.000031,-0.000000
arm_1_right_finger,406.281000,0.420570,-0.450107,0.112347,0.707151,-0.707063,-0.000031,-0.000000
arm_1_right_finger,406.297000,0.420591,-0.450132,0.112595,0.707151,-0.707063,-0.000031,-0.000000
arm_1_right_finger,406.313000,0.420612,-0.450158,0.112864,0.707151,-0.707063,-0.000031,-0.000000
arm_1_right_finger,406.328000,0.420634,-0.450185,0.113135,0.707151,-0.707063,-0.000031,-0.000000
arm_1_right_finger,406.344000,0.420658,-0.450215,0.113444,0.707151,-0.707063,-0.000031,-0.000000
arm_1_right_finger,406.360000,0.420684,-0.450248,0.113774,0.707151,-0.707062,-0.000031,-0.000000
arm_1_right_finger,406.376000,0.420709,-0.450282,0.114124,0.707151,-0.707062,-0.000031,-0.000000
arm_1_right_finger,406.392000,0.420737,-0.450318,0.114495,0.707151,-0.707062,-0.000031,-0.000000
arm_1_right_finger,406.408000,0.420767,-0.450355,0.114889,0.707151,-0.707062,-0.000031,-0.000000
arm_1_right_finger,406.422000,0.420794,-0.450390,0.115250,0.707151,-0.707062,-0.000031,-0.000000
arm_1_right_finger,406.439000,0.420829,-0.450433,0.115711,0.707152,-0.707062,-0.000031,-0.000000
arm_1_right_finger,406.456000,0.420863,-0.450478,0.116193,0.707152,-0.707062,-0.000031,-0.000000
arm_1_right_finger,406.473000,0.420900,-0.450526,0.116702,0.707152,-0.707062,-0.000031,-0.000000
arm_1_right_finger,406.489000,0.420937,-0.450571,0.117202,0.707152,-0.707062,-0.000031,-0.000000
arm_1_right_finger,406.505000,0.420974,-0.450619,0.117724,0.707152,-0.707061,-0.000031,-0.000000
arm_1_right_finger,406.520000,0.421009,-0.450665,0.118230,0.707152,-0.707061,-0.000031,-0.000000
arm_1_right_finger,406.535000,0.421046,-0.450712,0.118758,0.707152,-0.707061,-0.000032,-0.000000
arm_1_right_finger,406.552000,0.421089,-0.450766,0.119377,0.707152,-0.707061,-0.000032,-0.000000
arm_1_right_finger,406.568000,0.421131,-0.450819,0.119982,0.707153,-0.707061,-0.000032,-0.000000
arm_1_right_finger,406.583000,0.421169,-0.450869,0.120568,0.707153,-0.707061,-0.000032,-0.000000
arm_1_right_finger,406.597000,0.421207,-0.450917,0.121133,0.707153,-0.707061,-0.000032,-0.000000
arm_1_right_finger,406.613000,0.421252,-0.450973,0.121799,0.707153,-0.707060,-0.000032,-0.000000
arm_1_right_finger,406.629000,0.421295,-0.451030,0.122485,0.707153,-0.707060,-0.000032,-0.000000
arm_1_right_finger,406.646000,0.421344,-0.451092,0.123238,0.707153,-0.707060,-0.000032,-0.000000
arm_1_right_finger,406.663000,0.421393,-0.451154,0.124016,0.707154,-0.707060,-0.000032,-0.000000
arm_1_right_finger,406.680000,0.421442,-0.451217,0.124817,0.707154,-0.707060,-0.000033,-0.000000
arm_1_right_finger,406.697000,0.421492,-0.451281,0.125643,0.707154,-0.707060,-0.000033,-0.000000
arm_1_right_finger,406.713000,0.421540,-0.451342,0.126442,0.707154,-0.707059,-0.000033,-0.000000
arm_1_right_finger,406.729000,0.421588,-0.451403,0.127263,0.707154,-0.707059,-0.000033,-0.000000
arm_1_right_finger,406.746000,0.421639,-0.451469,0.128159,0.707155,-0.707059,-0.000033,-0.000000
arm_1_right_finger,406.761000,0.421686,-0.451527,0.128971,0.707155,-0.707059,-0.000033,-0.000000
arm_1_right_finger,406.777000,0.421734,-0.451589,0.129856,0.707155,-0.707059,-0.000033,-0.000000
arm_1_right_finger,406.793000,0.421782,-0.451651,0.130758,0.707155,-0.707058,-0.000033,-0.000000
arm_1_right_finger,406.809000,0.421832,-0.451713,0.131689,0.707155,-0.707058,-0.000034,-0.000001
arm_1_right_finger,406.825000,0.421880,-0.451775,0.132641,0.707156,-0.707058,-0.000034,-0.000001
arm_1_right_finger,406.841000,0.421929,-0.451838,0.133614,0.707156,-0.707058,-0.000034,-0.000001
arm_1_right_finger,406.855000,0.421972,-0.451892,0.134485,0.707156,-0.707057,-0.000034,-0.000001
arm_1_right_finger,406.870000,0.422017,-0.451949,0.135435,0.707156,-0.707057,-0.000034,-0.000001
arm_1_right_finger,406.886000,0.422064,-0.452009,0.136452,0.707157,-0.707057,-0.000034,-0.000001
arm_1_right_finger,406.902000,0.422112,-0.452069,0.137502,0.707157,-0.707057,-0.000035,-0.000001
arm_1_right_finger,406.918000,0.422158,-0.452129,0.138585,0.707157,-0.707056,-0.000035,-0.000001
arm_1_right_finger,406.934000,0.422205,-0.452188,0.139690,0.707157,-0.707056,-0.000035,-0.000001
arm_1_right_finger,406.950000,0.422251,-0.452246,0.140816,0.707158,-0.707056,-0.000035,-0.000001
arm_1_right_finger,406.964000,0.422289,-0.452296,0.141817,0.707158,-0.707056,-0.000035,-0.000001
arm_1_right_finger,406.980000,0.422334,-0.452351,0.142982,0.707158,-0.707055,-0.000035,-0.000001
arm_1_right_finger,406.996000,0.422377,-0.452406,0.144169,0.707159,-0.707055,-0.000036,-0.000001
arm_1_right_finger,407.012000,0.422418,-0.452459,0.145377,0.707159,-0.707055,-0.000036,-0.000001
arm_1_right_finger,407.028000,0.422460,-0.452510,0.146608,0.707159,-0.707054,-0.000036,-0.000001
arm_1_right_finger,407.044000,0.422498,-0.452560,0.147859,0.707159,-0.707054,-0.000036,-0.000001
arm_1_right_finger,407.058000,0.422531,-0.452601,0.148974,0.707160,-0.707054,-0.000036,-0.000001
arm_1_right_finger,407.074000,0.422568,-0.452647,0.150267,0.707160,-0.707054,-0.000037,-0.000001
arm_1_right_finger,407.090000,0.422602,-0.452691,0.151583,0.707160,-0.707053,-0.000037,-0.000001
arm_1_right_finger,407.107000,0.422638,-0.452735,0.153005,0.707161,-0.707053,-0.000037,-0.000001
arm_1_right_finger,407.124000,0.422670,-0.452777,0.154451,0.707161,-0.707053,-0.000037,-0.000001
arm_1_right_finger,407.141000,0.422701,-0.452815,0.155924,0.707161,-0.707052,-0.000037,-0.000001
arm_1_right_finger,407.157000,0.422727,-0.452848,0.157332,0.707162,-0.707052,-0.000038,-0.000001
arm_1_right_finger,407.174000,0.422754,-0.452880,0.158852,0.707162,-0.707052,-0.000038,-0.000001
arm_1_right_finger,407.191000,0.422776,-0.452909,0.160396,0.707162,-0.707051,-0.000038,-0.000001
arm_1_right_finger,407.208000,0.422797,-0.452934,0.161966,0.707163,-0.707051,-0.000038,-0.000001
arm_1_right_finger,407.225000,0.422814,-0.452955,0.163562,0.707163,-0.707050,-0.000039,-0.000001
arm_1_right_finger,407.242000,0.422828,-0.452972,0.165185,0.707164,-0.707050,-0.000039,-0.000001
arm_1_right_finger,407.260000,0.422839,-0.452986,0.166923,0.707164,-0.707050,-0.000039,-0.000001
arm_1_right_finger,407.277000,0.422847,-0.452994,0.168574,0.707164,-0.707049,-0.000039,-0.000001
arm_1_right_finger,407.294000,0.422850,-0.452997,0.170225,0.707165,-0.707049,-0.000040,-0.000001
arm_1_right_finger,407.311000,0.422850,-0.452996,0.171872,0.707165,-0.707048,-0.000040,-0.000001
arm_1_right_finger,407.328000,0.422846,-0.452990,0.173510,0.707166,-0.707048,-0.000040,-0.000001
arm_1_right_finger,407.345000,0.422840,-0.452980,0.175126,0.707166,-0.707048,-0.000040,-0.000001
arm_1_right_finger,407.362000,0.422830,-0.452966,0.176732,0.707166,-0.707047,-0.000041,-0.000001
arm_1_right_finger,407.379000,0.422816,-0.452948,0.178324,0.707167,-0.707047,-0.000041,-0.000001
arm_1_right_finger,407.395000,0.422801,-0.452927,0.179807,0.707167,-0.707046,-0.000041,-0.000001
arm_1_right_finger,407.412000,0.422781,-0.452901,0.181364,0.707167,-0.707046,-0.000041,-0.000001
arm_1_right_finger,407.428000,0.422761,-0.452873,0.182811,0.707168,-0.707046,-0.000042,-0.000002
arm_1_right_finger,407.443000,0.422738,-0.452844,0.184147,0.707168,-0.707045,-0.000042,-0.000002
arm_1_right_finger,407.459000,0.422714,-0.452811,0.185554,0.707168,-0.707045,-0.000042,-0.000002
arm_1_right_finger,407.475000,0.422686,-0.452774,0.186941,0.707169,-0.707045,-0.000042,-0.000002
arm_1_right_finger,407.491000,0.422656,-0.452736,0.188307,0.707169,-0.707044,-0.000042,-0.000002
arm_1_right_finger,407.507000,0.422626,-0.452694,0.189653,0.707169,-0.707044,-0.000043,-0.000002
arm_1_right_finger,407.523000,0.422591,-0.452651,0.190977,0.707170,-0.707044,-0.000043,-0.000002
arm_1_right_finger,407.539000,0.422557,-0.452605,0.192282,0.707170,-0.707044,-0.000043,-0.000002
arm_1_right_finger,407.554000,0.422523,-0.452560,0.193485,0.707170,-0.707043,-0.000043,-0.000002
arm_1_right_finger,407.570000,0.422485,-0.452510,0.194747,0.707171,-0.707043,-0.000043,-0.000002
arm_1_right_finger,407.586000,0.422446,-0.452459,0.195989,0.707171,-0.707043,-0.000044,-0.000002
arm_1_right_finger,407.603000,0.422402,-0.452402,0.197285,0.707171,-0.707042,-0.000044,-0.000002
arm_1_right_finger,407.619000,0.422360,-0.452348,0.198482,0.707172,-0.707042,-0.000044,-0.000002
arm_1_right_finger,407.634000,0.422321,-0.452295,0.199586,0.707172,-0.707042,-0.000044,-0.000002
arm_1_right_finger,407.648000,0.422282,-0.452245,0.200597,0.707172,-0.707042,-0.000044,-0.000002
arm_1_right_finger,407.658000,0.422254,-0.452209,0.201311,0.707172,-0.707041,-0.000044,-0.000002
arm_1_right_finger,407.671000,0.422218,-0.452162,0.202225,0.707172,-0.707041,-0.000045,-0.000002
arm_1_right_finger,407.686000,0.422176,-0.452106,0.203264,0.707173,-0.707041,-0.000045,-0.000002
arm_1_right_finger,407.702000,0.422128,-0.452046,0.204349,0.707173,-0.707041,-0.000045,-0.000002
arm_1_right_finger,407.718000,0.422082,-0.451985,0.205413,0.707173,-0.707040,-0.000045,-0.000002
arm_1_right_finger,407.735000,0.422032,-0.451919,0.206521,0.707173,-0.707040,-0.000045,-0.000002
arm_1_right_finger,407.750000,0.421986,-0.451861,0.207477,0.707174,-0.707040,-0.000045,-0.000002
arm_1_right_finger,407.765000,0.421942,-0.451802,0.208414,0.707174,-0.707040,-0.000046,-0.000002
arm_1_right_finger,407.771000,0.421924,-0.451779,0.208784,0.707174,-0.707040,-0.000046,-0.000002
arm_1_right_finger,407.774000,0.421915,-0.451767,0.208968,0.707174,-0.707040,-0.000046,-0.000002
arm_1_right_finger,407.778000,0.421903,-0.451751,0.209212,0.707174,-0.707039,-0.000046,-0.000002
arm_1_right_finger,407.787000,0.421876,-0.451716,0.209755,0.707174,-0.707039,-0.000046,-0.000002
arm_1_right_finger,407.798000,0.421842,-0.451673,0.210404,0.707174,-0.707039,-0.000046,-0.000002
arm_1_right_finger,407.805000,0.421821,-0.451646,0.210816,0.707174,-0.707039,-0.000046,-0.000002
arm_1_right_finger,407.810000,0.421806,-0.451626,0.211107,0.707175,-0.707039,-0.000046,-0.000002
arm_1_right_finger,407.811000,0.421803,-0.451622,0.211166,0.707175,-0.707039,-0.000046,-0.000002
arm_1_right_finger,407.819000,0.421779,-0.451591,0.211628,0.707175,-0.707039,-0.000046,-0.000002
arm_1_right_finger,407.826000,0.421758,-0.451563,0.212027,0.707175,-0.707039,-0.000046,-0.000002
arm_1_right_finger,407.834000,0.421734,-0.451532,0.212479,0.707175,-0.707039,-0.000046,-0.000002
arm_1_right_finger,407.845000,0.421700,-0.451489,0.213089,0.707175,-0.707039,-0.000046,-0.000002
arm_1_right_finger,407.858000,0.421661,-0.451438,0.213799,0.707175,-0.707038,-0.000046,-0.000002
arm_1_right_finger,407.871000,0.421622,-0.451387,0.214494,0.707175,-0.707038,-0.000047,-0.000002
arm_1_right_finger,407.883000,0.421587,-0.451341,0.215123,0.707175,-0.707038,-0.000047,-0.000002
arm_1_right_finger,407.898000,0.421542,-0.451283,0.215891,0.707176,-0.707038,-0.000047,-0.000002
arm_1_right_finger,407.912000,0.421501,-0.451230,0.216591,0.707176,-0.707038,-0.000047,-0.000002
arm_1_right_finger,407.927000,0.421457,-0.451173,0.217323,0.707176,-0.707038,-0.000047,-0.000002
arm_1_right_finger,407.943000,0.421412,-0.451113,0.218082,0.707176,-0.707037,-0.000047,-0.000002
arm_1_right_finger,407.958000,0.421369,-0.451058,0.218773,0.707176,-0.707037,-0.000047,-0.000002
arm_1_right_finger,407.973000,0.421326,-0.451003,0.219445,0.707176,-0.707037,-0.000047,-0.000002
arm_1_right_finger,407.987000,0.421288,-0.450953,0.220056,0.707177,-0.707037,-0.000047,-0.000002
arm_1_right_finger,408.002000,0.421248,-0.450900,0.220693,0.707177,-0.707037,-0.000047,-0.000002
arm_1_right_finger,408.018000,0.421205,-0.450845,0.221348,0.707177,-0.707037,-0.000048,-0.000002
arm_1_right_finger,408.034000,0.421162,-0.450791,0.221980,0.707177,-0.707036,-0.000048,-0.000002
arm_1_right_finger,408.049000,0.421124,-0.450741,0.222557,0.707177,-0.707036,-0.000048,-0.000002
arm_1_right_finger,408.064000,0.421087,-0.450693,0.223114,0.707177,-0.707036,-0.000048,-0.000002
arm_1_right_finger,408.079000,0.421051,-0.450645,0.223651,0.707177,-0.707036,-0.000048,-0.000002
arm_1_right_finger,408.094000,0.421014,-0.450599,0.224168,0.707178,-0.707036,-0.000048,-0.000002
arm_1_right_finger,408.107000,0.420984,-0.450560,0.224602,0.707178,-0.707036,-0.000048,-0.000002
arm_1_right_finger,408.123000,0.420949,-0.450513,0.225116,0.707178,-0.707036,-0.000048,-0.000002
arm_1_right_finger,408.138000,0.420917,-0.450471,0.225578,0.707178,-0.707036,-0.000048,-0.000002
arm_1_right_finger,408.153000,0.420885,-0.450430,0.226021,0.707178,-0.707036,-0.000048,-0.000002
arm_1_right_finger,408.167000,0.420856,-0.450393,0.226415,0.707178,-0.707035,-0.000048,-0.000002
arm_1_right_finger,408.181000,0.420828,-0.450358,0.226794,0.707178,-0.707035,-0.000048,-0.000002
arm_1_right_finger,408.197000,0.420799,-0.450319,0.227207,0.707178,-0.707035,-0.000048,-0.000002
arm_1_right_finger,408.212000,0.420772,-0.450284,0.227574,0.707178,-0.707035,-0.000049,-0.000002
arm_1_right_finger,408.226000,0.420749,-0.450253,0.227900,0.707178,-0.707035,-0.000049,-0.000002
arm_1_right_finger,408.240000,0.420726,-0.450223,0.228208,0.707179,-0.707035,-0.000049,-0.000002
arm_1_right_finger,408.255000,0.420701,-0.450193,0.228518,0.707179,-0.707035,-0.000041,-0.000010
arm_1_right_finger,408.270000,0.420680,-0.450165,0.228811,0.707179,-0.707035,-0.000048,-0.000003
arm_1_right_finger,408.285000,0.420659,-0.450138,0.229084,0.707179,-0.707035,-0.000049,-0.000002
arm_1_right_finger,408.297000,0.420644,-0.450118,0.229288,0.707179,-0.707035,-0.000049,-0.000002
arm_1_right_finger,408.301000,0.420639,-0.450112,0.229354,0.707179,-0.707035,-0.000049,-0.000002
arm_1_right_finger,408.316000,0.420622,-0.450089,0.229588,0.707179,-0.707035,-0.000049,-0.000002
arm_1_right_finger,408.331000,0.420606,-0.450068,0.229803,0.707179,-0.707035,-0.000038,-0.000013
arm_1_right_finger,408.346000,0.420591,-0.450048,0.229999,0.707179,-0.707035,-0.000031,-0.000020
arm_1_right_finger,408.361000,0.420576,-0.450031,0.230173,0.707179,-0.707035,-0.000047,-0.000004
arm_1_right_finger,408.376000,0.420564,-0.450015,0.230330,0.707179,-0.707034,-0.000049,-0.000003
arm_1_right_finger,408.392000,0.420553,-0.450000,0.230476,0.707179,-0.707034,-0.000049,-0.000002
arm_1_right_finger,408.406000,0.420545,-0.449989,0.230586,0.707179,-0.707034,-0.000049,-0.000002
arm_1_right_finger,408.414000,0.420541,-0.449984,0.230642,0.707179,-0.707034,-0.000049,-0.000002
arm_1_right_finger,408.425000,0.420536,-0.449977,0.230709,0.707179,-0.707034,-0.000041,-0.000010
arm_1_right_finger,408.437000,0.420531,-0.449971,0.230771,0.707179,-0.707034,-0.000028,-0.000023
arm_1_right_finger,408.452000,0.420526,-0.449965,0.230833,0.707179,-0.707034,-0.000027,-0.000024
arm_1_right_finger,408.467000,0.420523,-0.449960,0.230882,0.707179,-0.707034,-0.000032,-0.000019
arm_1_right_finger,408.482000,0.420518,-0.449956,0.230920,0.707179,-0.707034,-0.000039,-0.000012
arm_1_right_finger,408.495000,0.420516,-0.449953,0.230946,0.707179,-0.707034,-0.000048,-0.000004
arm_1_right_finger,408.506000,0.420515,-0.449951,0.230966,0.707179,-0.707034,-0.000049,-0.000003
arm_1_right_finger,408.520000,0.420514,-0.449949,0.230985,0.707179,-0.707034,-0.000049,-0.000002
arm_1_right_finger,408.534000,0.420513,-0.449948,0.231001,0.707179,-0.707034,-0.000049,-0.000002
arm_1_right_finger,408.549000,0.420513,-0.449947,0.231004,0.707179,-0.707034,-0.000042,-0.000009
arm_1_right_finger,408.564000,0.420518,-0.449946,0.230999,0.707180,-0.707034,-0.000032,-0.000013
arm_1_right_finger,408.578000,0.420526,-0.449943,0.230999,0.707181,-0.707033,-0.000026,-0.000004
arm_1_right_finger,408.591000,0.420542,-0.449935,0.231007,0.707183,-0.707031,-0.000010,0.000006
arm_1_right_finger,408.605000,0.420569,-0.449923,0.231023,0.707186,-0.707027,0.000028,0.000010
arm_1_right_finger,408.618000,0.420603,-0.449907,0.231047,0.707190,-0.707023,0.000077,0.000016
arm_1_right_finger,408.633000,0.420657,-0.449882,0.231087,0.707197,-0.707017,0.000186,-0.000008
arm_1_right_finger,408.644000,0.420706,-0.449859,0.231123,0.707203,-0.707011,0.000257,-0.000000
arm_1_right_finger,408.658000,0.420779,-0.449824,0.231178,0.707212,-0.707001,0.000334,0.000041
arm_1_right_finger,408.669000,0.420848,-0.449791,0.231230,0.707221,-0.706993,0.000435,0.000050
arm_1_right_finger,408.683000,0.420949,-0.449743,0.231307,0.707233,-0.706980,0.000570,0.000078
arm_1_right_finger,408.697000,0.421064,-0.449687,0.231396,0.707247,-0.706966,0.000745,0.000090
arm_1_right_finger,408.713000,0.421218,-0.449614,0.231515,0.707266,-0.706947,0.000957,0.000122
arm_1_right_finger,408.729000,0.421389,-0.449531,0.231647,0.707287,-0.706925,0.001233,0.000124
arm_1_right_finger,408.743000,0.421560,-0.449450,0.231780,0.707308,-0.706904,0.001466,0.000162
arm_1_right_finger,408.759000,0.421773,-0.449347,0.231945,0.707334,-0.706877,0.001752,0.000218
arm_1_right_finger,408.775000,0.422007,-0.449234,0.232127,0.707363,-0.706847,0.002121,0.000226
arm_1_right_finger,408.789000,0.422231,-0.449126,0.232302,0.707390,-0.706819,0.002414,0.000292
arm_1_right_finger,408.798000,0.422380,-0.449053,0.232418,0.707409,-0.706800,0.002653,0.000294
arm_1_right_finger,408.812000,0.422631,-0.448931,0.232614,0.707439,-0.706768,0.002985,0.000365
arm_1_right_finger,408.827000,0.422920,-0.448791,0.232840,0.707474,-0.706731,0.003409,0.000402
arm_1_right_finger,408.842000,0.423227,-0.448641,0.233080,0.707511,-0.706691,0.003868,0.000435
arm_1_right_finger,408.857000,0.423553,-0.448481,0.233335,0.707551,-0.706649,0.004327,0.000499
arm_1_right_finger,408.872000,0.423899,-0.448312,0.233607,0.707592,-0.706605,0.004806,0.000575
arm_1_right_finger,408.887000,0.424264,-0.448132,0.233893,0.707636,-0.706557,0.005322,0.000643
arm_1_right_finger,408.903000,0.424673,-0.447929,0.234215,0.707685,-0.706503,0.005929,0.000694
arm_1_right_finger,408.919000,0.425101,-0.447715,0.234552,0.707736,-0.706446,0.006605,0.000709
arm_1_right_finger,408.935000,0.425561,-0.447489,0.234914,0.707789,-0.706386,0.007208,0.000834
arm_1_right_finger,408.949000,0.425978,-0.447282,0.235244,0.707838,-0.706331,0.007800,0.000906
arm_1_right_finger,408.961000,0.426338,-0.447101,0.235529,0.707880,-0.706283,0.008318,0.000965
arm_1_right_finger,408.974000,0.426752,-0.446892,0.235857,0.707929,-0.706226,0.008969,0.000978
arm_1_right_finger,408.988000,0.427219,-0.446658,0.236228,0.707982,-0.706164,0.009617,0.001070
arm_1_right_finger,409.004000,0.427767,-0.446380,0.236663,0.708045,-0.706090,0.010382,0.001182
arm_1_right_finger,409.021000,0.428375,-0.446071,0.237148,0.708115,-0.706006,0.011299,0.001233
arm_1_right_finger,409.037000,0.428969,-0.445768,0.237622,0.708182,-0.705925,0.012117,0.001361
arm_1_right_finger,409.054000,0.429622,-0.445433,0.238144,0.708255,-0.705833,0.013098,0.001415
arm_1_right_finger,409.071000,0.430301,-0.445082,0.238688,0.708331,-0.705739,0.014064,0.001529
arm_1_right_finger,409.088000,0.430999,-0.444717,0.239249,0.708409,-0.705638,0.015152,0.001559
arm_1_right_finger,409.105000,0.431730,-0.444337,0.239839,0.708489,-0.705534,0.016192,0.001673
arm_1_right_finger,409.121000,0.432438,-0.443966,0.240411,0.708566,-0.705433,0.017214,0.001771
arm_1_right_finger,409.138000,0.433212,-0.443557,0.241039,0.708649,-0.705321,0.018304,0.001908
arm_1_right_finger,409.155000,0.434012,-0.443133,0.241688,0.708734,-0.705203,0.019522,0.001951
arm_1_right_finger,409.170000,0.434735,-0.442746,0.242277,0.708810,-0.705097,0.020546,0.002070
arm_1_right_finger,409.182000,0.435327,-0.442427,0.242761,0.708872,-0.705009,0.021417,0.002135
arm_1_right_finger,409.196000,0.436033,-0.442045,0.243339,0.708945,-0.704903,0.022455,0.002209
arm_1_right_finger,409.211000,0.436806,-0.441625,0.243973,0.709025,-0.704785,0.023587,0.002296
arm_1_right_finger,409.226000,0.437598,-0.441191,0.244626,0.709105,-0.704663,0.024787,0.002342
arm_1_right_finger,409.240000,0.438354,-0.440775,0.245250,0.709181,-0.704547,0.025900,0.002417
arm_1_right_finger,409.255000,0.439174,-0.440317,0.245929,0.709263,-0.704416,0.027161,0.002454
arm_1_right_finger,409.271000,0.440082,-0.439814,0.246683,0.709351,-0.704276,0.028456,0.002575
arm_1_right_finger,409.287000,0.441004,-0.439295,0.247452,0.709441,-0.704130,0.029808,0.002668
arm_1_right_finger,409.303000,0.441945,-0.438762,0.248239,0.709530,-0.703978,0.031205,0.002745
arm_1_right_finger,409.319000,0.442907,-0.438213,0.249047,0.709621,-0.703822,0.032629,0.002824
arm_1_right_finger,409.335000,0.443886,-0.437648,0.249871,0.709712,-0.703658,0.034159,0.002828
arm_1_right_finger,409.340000,0.444200,-0.437469,0.250137,0.709740,-0.703607,0.034596,0.002874
arm_1_right_finger,409.353000,0.445012,-0.436997,0.250824,0.709814,-0.703473,0.035786,0.002950
arm_1_right_finger,409.369000,0.446036,-0.436397,0.251694,0.709906,-0.703300,0.037328,0.003005
arm_1_right_finger,409.385000,0.447082,-0.435781,0.252586,0.709998,-0.703122,0.038898,0.003059
arm_1_right_finger,409.401000,0.448145,-0.435148,0.253495,0.710090,-0.702940,0.040481,0.003127
arm_1_right_finger,409.416000,0.449159,-0.434540,0.254368,0.710176,-0.702762,0.042018,0.003162
arm_1_right_finger,409.431000,0.450191,-0.433916,0.255259,0.710262,-0.702580,0.043580,0.003196
arm_1_right_finger,409.446000,0.451238,-0.433277,0.256165,0.710348,-0.702392,0.045176,0.003220
arm_1_right_finger,409.461000,0.452301,-0.432623,0.257091,0.710433,-0.702197,0.046830,0.003208
arm_1_right_finger,409.477000,0.453456,-0.431908,0.258100,0.710524,-0.701987,0.048576,0.003238
arm_1_right_finger,409.493000,0.454626,-0.431175,0.259127,0.710614,-0.701770,0.050370,0.003246
arm_1_right_finger,409.508000,0.455737,-0.430471,0.260107,0.710697,-0.701559,0.052090,0.003237
arm_1_right_finger,409.524000,0.456947,-0.429702,0.261180,0.710785,-0.701334,0.053887,0.003291
arm_1_right_finger,409.539000,0.458094,-0.428964,0.262201,0.710867,-0.701113,0.055661,0.003272
arm_1_right_finger,409.553000,0.459179,-0.428259,0.263172,0.710943,-0.700902,0.057329,0.003263
arm_1_right_finger,409.569000,0.460434,-0.427437,0.264299,0.711028,-0.700655,0.059264,0.003244
arm_1_right_finger,409.584000,0.461627,-0.426647,0.265377,0.711106,-0.700415,0.061125,0.003200
arm_1_right_finger,409.600000,0.462912,-0.425786,0.266543,0.711189,-0.700150,0.063175,0.003109
arm_1_right_finger,409.615000,0.464140,-0.424959,0.267664,0.711264,-0.699904,0.065027,0.003115
arm_1_right_finger,409.631000,0.465460,-0.424059,0.268875,0.711343,-0.699629,0.067087,0.003056
arm_1_right_finger,409.647000,0.466799,-0.423137,0.270110,0.711420,-0.699345,0.069205,0.002960
arm_1_right_finger,409.663000,0.468153,-0.422193,0.271367,0.711494,-0.699055,0.071338,0.002871
arm_1_right_finger,409.680000,0.469607,-0.421168,0.272725,0.711571,-0.698736,0.073667,0.002733
arm_1_right_finger,409.696000,0.470993,-0.420180,0.274027,0.711641,-0.698435,0.075819,0.002664
arm_1_right_finger,409.712000,0.472394,-0.419170,0.275351,0.711708,-0.698122,0.078041,0.002544
arm_1_right_finger,409.728000,0.473811,-0.418138,0.276699,0.711773,-0.697795,0.080348,0.002356
arm_1_right_finger,409.744000,0.475243,-0.417083,0.278069,0.711834,-0.697469,0.082602,0.002239
arm_1_right_finger,409.760000,0.476688,-0.416005,0.279462,0.711893,-0.697131,0.084924,0.002070
arm_1_right_finger,409.775000,0.478052,-0.414974,0.280783,0.711945,-0.696798,0.087196,0.001831
arm_1_right_finger,409.791000,0.479524,-0.413850,0.282219,0.711997,-0.696444,0.089573,0.001638
arm_1_right_finger,409.806000,0.480922,-0.412774,0.283593,0.712042,-0.696111,0.091774,0.001499
arm_1_right_finger,409.821000,0.482321,-0.411678,0.284976,0.712085,-0.695754,0.094129,0.001216
arm_1_right_finger,409.837000,0.483834,-0.410484,0.286483,0.712126,-0.695375,0.096590,0.000980
arm_1_right_finger,409.853000,0.485360,-0.409265,0.288013,0.712163,-0.694986,0.099087,0.000722
arm_1_right_finger,409.868000,0.486799,-0.408099,0.289467,0.712194,-0.694612,0.101460,0.000459
arm_1_right_finger,409.884000,0.488345,-0.406831,0.291039,0.712222,-0.694207,0.104001,0.000179
arm_1_right_finger,409.898000,0.489706,-0.405700,0.292434,0.712243,-0.693844,0.106254,-0.000086
arm_1_right_finger,409.914000,0.491274,-0.404383,0.294052,0.712263,-0.693419,0.108862,-0.000412
arm_1_right_finger,409.928000,0.492655,-0.403209,0.295489,0.712276,-0.693033,0.111207,-0.000754
arm_1_right_finger,409.940000,0.493844,-0.402186,0.296733,0.712284,-0.692703,0.113193,-0.001018
arm_1_right_finger,409.955000,0.495338,-0.400886,0.298308,0.712290,-0.692277,0.115727,-0.001392
arm_1_right_finger,409.970000,0.496837,-0.399562,0.299900,0.712291,-0.691833,0.118341,-0.001841
arm_1_right_finger,409.985000,0.498352,-0.398213,0.301522,0.712287,-0.691391,0.120916,-0.002244
arm_1_right_finger,410.001000,0.499975,-0.396746,0.303275,0.712277,-0.690911,0.123677,-0.002681
arm_1_right_finger,410.017000,0.501602,-0.395252,0.305047,0.712261,-0.690416,0.126491,-0.003167
arm_1_right_finger,410.033000,0.503237,-0.393730,0.306844,0.712239,-0.689908,0.129342,-0.003687
arm_1_right_finger,410.049000,0.504886,-0.392176,0.308673,0.712210,-0.689398,0.132174,-0.004181
arm_1_right_finger,410.066000,0.506640,-0.390494,0.310638,0.712172,-0.688833,0.135266,-0.004788
arm_1_right_finger,410.082000,0.508300,-0.388878,0.312516,0.712129,-0.688287,0.138219,-0.005400
arm_1_right_finger,410.097000,0.509863,-0.387336,0.314300,0.712082,-0.687765,0.141005,-0.005989
arm_1_right_finger,410.112000,0.511423,-0.385770,0.316099,0.712028,-0.687229,0.143836,-0.006627
arm_1_right_finger,410.127000,0.512994,-0.384176,0.317927,0.711969,-0.686703,0.146590,-0.007187
arm_1_right_finger,410.142000,0.514563,-0.382560,0.319770,0.711902,-0.686151,0.149437,-0.007851
arm_1_right_finger,410.155000,0.515921,-0.381141,0.321380,0.711839,-0.685667,0.151906,-0.008435
arm_1_right_finger,410.167000,0.517170,-0.379820,0.322874,0.711776,-0.685216,0.154187,-0.008986
arm_1_right_finger,410.182000,0.518724,-0.378152,0.324748,0.711691,-0.684635,0.157086,-0.009738
arm_1_right_finger,410.196000,0.520171,-0.376579,0.326512,0.711606,-0.684097,0.159752,-0.010415
arm_1_right_finger,410.210000,0.521609,-0.374993,0.328280,0.711515,-0.683556,0.162401,-0.011090
arm_1_right_finger,410.224000,0.523038,-0.373394,0.330056,0.711419,-0.683008,0.165058,-0.011792
arm_1_right_finger,410.238000,0.524458,-0.371782,0.331838,0.711316,-0.682448,0.167741,-0.012540
arm_1_right_finger,410.252000,0.525865,-0.370160,0.333620,0.711206,-0.681872,0.170465,-0.013350
arm_1_right_finger,410.267000,0.527369,-0.368406,0.335547,0.711084,-0.681264,0.173316,-0.014171
arm_1_right_finger,410.281000,0.528755,-0.366760,0.337339,0.710963,-0.680686,0.175992,-0.014973
arm_1_right_finger,410.296000,0.530235,-0.364981,0.339275,0.710829,-0.680078,0.178795,-0.015789
arm_1_right_finger,410.311000,0.531698,-0.363192,0.341209,0.710685,-0.679434,0.181702,-0.016740
arm_1_right_finger,410.326000,0.533152,-0.361390,0.343155,0.710537,-0.678806,0.184524,-0.017625
arm_1_right_finger,410.341000,0.534590,-0.359576,0.345101,0.710380,-0.678160,0.187385,-0.018578
arm_1_right_finger,410.356000,0.536009,-0.357753,0.347043,0.710218,-0.677512,0.190227,-0.019537
arm_1_right_finger,410.371000,0.537423,-0.355916,0.349001,0.710050,-0.676875,0.193005,-0.020454
arm_1_right_finger,410.386000,0.538817,-0.354069,0.350955,0.709872,-0.676200,0.195889,-0.021508
arm_1_right_finger,410.400000,0.540113,-0.352333,0.352792,0.709703,-0.675589,0.198488,-0.022419
arm_1_right_finger,410.416000,0.541573,-0.350339,0.354887,0.709502,-0.674876,0.201484,-0.023515
arm_1_right_finger,410.431000,0.542928,-0.348458,0.356857,0.709306,-0.674198,0.204298,-0.024576
arm_1_right_finger,410.445000,0.544179,-0.346694,0.358698,0.709117,-0.673563,0.206911,-0.025575
arm_1_right_finger,410.461000,0.545593,-0.344665,0.360805,0.708896,-0.672842,0.209853,-0.026700
arm_1_right_finger,410.474000,0.546729,-0.343009,0.362517,0.708709,-0.672238,0.212279,-0.027673
arm_1_right_finger,410.488000,0.547943,-0.341215,0.364370,0.708501,-0.671578,0.214901,-0.028754
arm_1_right_finger,410.503000,0.549225,-0.339285,0.366352,0.708274,-0.670884,0.217648,-0.029874
arm_1_right_finger,410.517000,0.550412,-0.337473,0.368211,0.708054,-0.670214,0.220254,-0.030988
arm_1_right_finger,410.532000,0.551668,-0.335522,0.370202,0.707813,-0.669497,0.223023,-0.032183
arm_1_right_finger,410.548000,0.552989,-0.333431,0.372327,0.707551,-0.668749,0.225898,-0.033404
arm_1_right_finger,410.564000,0.554293,-0.331328,0.374457,0.707275,-0.667946,0.228908,-0.034800
arm_1_right_finger,410.580000,0.555579,-0.329215,0.376588,0.706999,-0.667187,0.231761,-0.036062
arm_1_right_finger,410.596000,0.556851,-0.327088,0.378729,0.706710,-0.666389,0.234701,-0.037448
arm_1_right_finger,410.611000,0.558025,-0.325086,0.380735,0.706433,-0.665641,0.237430,-0.038746
arm_1_right_finger,410.625000,0.559107,-0.323209,0.382610,0.706170,-0.664946,0.239947,-0.039951
arm_1_right_finger,410.640000,0.560251,-0.321189,0.384621,0.705880,-0.664186,0.242663,-0.041289
arm_1_right_finger,410.655000,0.561379,-0.319159,0.386636,0.705585,-0.663429,0.245345,-0.042621
arm_1_right_finger,410.670000,0.562491,-0.317121,0.388653,0.705282,-0.662659,0.248043,-0.043997
arm_1_right_finger,410.685000,0.563584,-0.315075,0.390664,0.704971,-0.661878,0.250743,-0.045403
arm_1_right_finger,410.700000,0.564665,-0.313018,0.392689,0.704659,-0.661122,0.253356,-0.046745
arm_1_right_finger,410.715000,0.565727,-0.310954,0.394708,0.704332,-0.660317,0.256071,-0.048224
arm_1_right_finger,410.730000,0.566775,-0.308880,0.396736,0.704004,-0.659536,0.258701,-0.049641
arm_1_right_finger,410.744000,0.567738,-0.306936,0.398630,0.703692,-0.658803,0.261145,-0.050978
arm_1_right_finger,410.759000,0.568754,-0.304846,0.400661,0.703347,-0.657990,0.263812,-0.052490
arm_1_right_finger,410.774000,0.569753,-0.302747,0.402693,0.703004,-0.657219,0.266352,-0.053896
arm_1_right_finger,410.789000,0.570734,-0.300641,0.404725,0.702646,-0.656396,0.268997,-0.055441
arm_1_right_finger,410.804000,0.571701,-0.298526,0.406764,0.702281,-0.655569,0.271628,-0.057001
arm_1_right_finger,410.818000,0.572585,-0.296546,0.408663,0.701937,-0.654804,0.274045,-0.058442
arm_1_right_finger,410.832000,0.573455,-0.294560,0.410562,0.701587,-0.654036,0.276451,-0.059896
arm_1_right_finger,410.848000,0.574434,-0.292278,0.412745,0.701176,-0.653135,0.279229,-0.061619
arm_1_right_finger,410.864000,0.575392,-0.289990,0.414923,0.700761,-0.652242,0.281963,-0.063328
arm_1_right_finger,410.880000,0.576331,-0.287693,0.417105,0.700339,-0.651345,0.284681,-0.065054
arm_1_right_finger,410.895000,0.577192,-0.285533,0.419150,0.699935,-0.650496,0.287224,-0.066697
arm_1_right_finger,410.910000,0.578037,-0.283365,0.421197,0.699525,-0.649642,0.289754,-0.068354
arm_1_right_finger,410.925000,0.578864,-0.281190,0.423245,0.699108,-0.648783,0.292273,-0.070030
arm_1_right_finger,410.941000,0.579726,-0.278864,0.425429,0.698660,-0.647876,0.294917,-0.071803
arm_1_right_finger,410.957000,0.580569,-0.276528,0.427618,0.698200,-0.646946,0.297583,-0.073634
arm_1_right_finger,410.972000,0.581342,-0.274332,0.429671,0.697762,-0.646070,0.300068,-0.075365
arm_1_right_finger,410.986000,0.582045,-0.272277,0.431585,0.697348,-0.645251,0.302373,-0.076992
arm_1_right_finger,411.001000,0.582783,-0.270068,0.433640,0.696897,-0.644365,0.304836,-0.078758
arm_1_right_finger,411.017000,0.583551,-0.267705,0.435834,0.696409,-0.643412,0.307456,-0.080665
arm_1_right_finger,411.033000,0.584299,-0.265335,0.438029,0.695913,-0.642455,0.310059,-0.082589
arm_1_right_finger,411.049000,0.585023,-0.262961,0.440217,0.695410,-0.641494,0.312643,-0.084526
arm_1_right_finger,411.064000,0.585688,-0.260725,0.442281,0.694926,-0.640570,0.315092,-0.086400
arm_1_right_finger,411.080000,0.586375,-0.258335,0.444479,0.694408,-0.639598,0.317649,-0.088375
arm_1_right_finger,411.096000,0.587039,-0.255942,0.446668,0.693883,-0.638619,0.320196,-0.090372
arm_1_right_finger,411.112000,0.587685,-0.253540,0.448867,0.693352,-0.637642,0.322714,-0.092372
arm_1_right_finger,411.128000,0.588310,-0.251132,0.451068,0.692811,-0.636652,0.325229,-0.094404
arm_1_right_finger,411.145000,0.588952,-0.248567,0.453404,0.692223,-0.635575,0.327926,-0.096626
arm_1_right_finger,411.161000,0.589534,-0.246148,0.455605,0.691667,-0.634575,0.330409,-0.098694
arm_1_right_finger,411.177000,0.590092,-0.243726,0.457796,0.691103,-0.633568,0.332882,-0.100785
arm_1_right_finger,411.192000,0.590600,-0.241446,0.459864,0.690566,-0.632612,0.335199,-0.102775
arm_1_right_finger,411.207000,0.591088,-0.239163,0.461927,0.690026,-0.631667,0.337474,-0.104749
arm_1_right_finger,411.223000,0.591588,-0.236724,0.464125,0.689436,-0.630628,0.339932,-0.106924
arm_1_right_finger,411.239000,0.592065,-0.234282,0.466318,0.688846,-0.629608,0.342330,-0.109067
arm_1_right_finger,411.256000,0.592550,-0.231680,0.468656,0.688200,-0.628487,0.344918,-0.111427
arm_1_right_finger,411.272000,0.592985,-0.229226,0.470857,0.687596,-0.627460,0.347277,-0.113600
arm_1_right_finger,411.287000,0.593373,-0.226923,0.472914,0.687017,-0.626475,0.349504,-0.115686
arm_1_right_finger,411.303000,0.593766,-0.224462,0.475112,0.686387,-0.625403,0.351895,-0.117962
arm_1_right_finger,411.320000,0.594161,-0.221841,0.477451,0.685720,-0.624291,0.354357,-0.120331
arm_1_right_finger,411.336000,0.594509,-0.219372,0.479647,0.685079,-0.623221,0.356690,-0.122616
arm_1_right_finger,411.352000,0.594836,-0.216900,0.481843,0.684429,-0.622144,0.359010,-0.124921
arm_1_right_finger,411.366000,0.595106,-0.214732,0.483769,0.683858,-0.621207,0.361011,-0.126934
arm_1_right_finger,411.380000,0.595357,-0.212565,0.485686,0.683278,-0.620258,0.363011,-0.128974
arm_1_right_finger,411.395000,0.595609,-0.210237,0.487747,0.682644,-0.619218,0.365171,-0.131208
arm_1_right_finger,411.410000,0.595841,-0.207909,0.489801,0.682011,-0.618193,0.367283,-0.133421
arm_1_right_finger,411.426000,0.596068,-0.205421,0.491997,0.681339,-0.617127,0.369468,-0.135740
arm_1_right_finger,411.443000,0.596284,-0.202779,0.494318,0.680601,-0.615941,0.371848,-0.138308
arm_1_right_finger,411.460000,0.596477,-0.200131,0.496647,0.679856,-0.614757,0.374196,-0.140880
arm_1_right_finger,411.477000,0.596645,-0.197481,0.498973,0.679104,-0.613570,0.376520,-0.143465
arm_1_right_finger,411.494000,0.596788,-0.194829,0.501297,0.678350,-0.612391,0.378801,-0.146043
arm_1_right_finger,411.511000,0.596906,-0.192175,0.503619,0.677576,-0.611180,0.381106,-0.148686
arm_1_right_finger,411.527000,0.596995,-0.189677,0.505800,0.676851,-0.610060,0.383216,-0.151146
arm_1_right_finger,411.542000,0.597059,-0.187331,0.507852,0.676155,-0.608985,0.385212,-0.153504
arm_1_right_finger,411.557000,0.597102,-0.184987,0.509892,0.675461,-0.607925,0.387160,-0.155840
arm_1_right_finger,411.574000,0.597128,-0.182328,0.512207,0.674661,-0.606702,0.389376,-0.158533
arm_1_right_finger,411.590000,0.597131,-0.179822,0.514392,0.673897,-0.605541,0.391448,-0.161091
arm_1_right_finger,411.607000,0.597109,-0.177161,0.516704,0.673080,-0.604305,0.393626,-0.163821
arm_1_right_finger,411.623000,0.597066,-0.174657,0.518876,0.672304,-0.603141,0.395651,-0.166398
arm_1_right_finger,411.640000,0.596995,-0.171996,0.521183,0.671470,-0.601895,0.397788,-0.169160
arm_1_right_finger,411.657000,0.596900,-0.169334,0.523488,0.670627,-0.600642,0.399906,-0.171942
arm_1_right_finger,411.673000,0.596788,-0.166830,0.525654,0.669827,-0.599459,0.401877,-0.174571
arm_1_right_finger,411.688000,0.596662,-0.164483,0.527680,0.669070,-0.598345,0.403710,-0.177052
arm_1_right_finger,411.704000,0.596507,-0.161979,0.529842,0.668255,-0.597151,0.405648,-0.179713
arm_1_right_finger,411.720000,0.596330,-0.159476,0.532001,0.667432,-0.595951,0.407567,-0.182389
arm_1_right_finger,411.736000,0.596131,-0.156974,0.534158,0.666602,-0.594747,0.409467,-0.185080
arm_1_right_finger,411.753000,0.595895,-0.154317,0.536444,0.665709,-0.593457,0.411473,-0.187963
arm_1_right_finger,411.770000,0.595634,-0.151662,0.538727,0.664813,-0.592171,0.413443,-0.190846
arm_1_right_finger,411.787000,0.595348,-0.149008,0.541009,0.663903,-0.590867,0.415409,-0.193765
arm_1_right_finger,411.803000,0.595056,-0.146509,0.543160,0.663042,-0.589644,0.417226,-0.196512
arm_1_right_finger,411.819000,0.594743,-0.144016,0.545300,0.662173,-0.588412,0.419030,-0.199279
arm_1_right_finger,411.836000,0.594385,-0.141367,0.547574,0.661241,-0.587098,0.420925,-0.202234
arm_1_right_finger,411.853000,0.594003,-0.138724,0.549836,0.660300,-0.585777,0.422800,-0.205207
arm_1_right_finger,411.870000,0.593595,-0.136081,0.552103,0.659348,-0.584444,0.424661,-0.208205
arm_1_right_finger,411.887000,0.593163,-0.133441,0.554367,0.658396,-0.583123,0.426475,-0.211190
arm_1_right_finger,411.903000,0.592734,-0.130959,0.556491,0.657487,-0.581864,0.428177,-0.214030
arm_1_right_finger,411.919000,0.592283,-0.128481,0.558612,0.656571,-0.580601,0.429860,-0.216883
arm_1_right_finger,411.936000,0.591779,-0.125851,0.560864,0.655586,-0.579248,0.431632,-0.219937
arm_1_right_finger,411.951000,0.591315,-0.123535,0.562843,0.654716,-0.578058,0.433165,-0.222630
arm_1_right_finger,411.968000,0.590765,-0.120912,0.565086,0.653715,-0.576694,0.434896,-0.225713
arm_1_right_finger,411.985000,0.590191,-0.118297,0.567317,0.652708,-0.575328,0.436599,-0.228803
arm_1_right_finger,412.002000,0.589592,-0.115683,0.569552,0.651690,-0.573951,0.438287,-0.231917
arm_1_right_finger,412.019000,0.588968,-0.113074,0.571782,0.650674,-0.572590,0.439924,-0.235013
arm_1_right_finger,412.036000,0.588319,-0.110470,0.574008,0.649639,-0.571201,0.441566,-0.238156
arm_1_right_finger,412.052000,0.587687,-0.108025,0.576096,0.648660,-0.569896,0.443082,-0.241116
arm_1_right_finger,412.068000,0.587033,-0.105585,0.578179,0.647675,-0.568586,0.444577,-0.244088
arm_1_right_finger,412.084000,0.586359,-0.103152,0.580257,0.646682,-0.567272,0.446051,-0.247070
arm_1_right_finger,412.100000,0.585664,-0.100730,0.582325,0.645685,-0.565956,0.447501,-0.250056
arm_1_right_finger,412.116000,0.584951,-0.098322,0.584381,0.644683,-0.564640,0.448925,-0.253044
arm_1_right_finger,412.132000,0.584220,-0.095932,0.586422,0.643680,-0.563327,0.450321,-0.256027
arm_1_right_finger,412.147000,0.583521,-0.093712,0.588317,-0.642744,0.562108,-0.451593,0.258804
arm_1_right_finger,412.164000,0.582713,-0.091220,0.590447,-0.641672,0.560713,-0.453025,0.261965
arm_1_right_finger,412.181000,0.581891,-0.088758,0.592546,-0.640610,0.559338,-0.454408,0.265092
arm_1_right_finger,412.197000,0.581103,-0.086467,0.594504,-0.639610,0.558048,-0.455681,0.268024
arm_1_right_finger,412.214000,0.580253,-0.084061,0.596562,-0.638547,0.556679,-0.457007,0.271128
arm_1_right_finger,412.231000,0.579390,-0.081687,0.598594,-0.637499,0.555339,-0.458275,0.274186
arm_1_right_finger,412.248000,0.578516,-0.079345,0.600599,-0.636442,0.553986,-0.459536,0.277251
arm_1_right_finger,412.266000,0.577580,-0.076903,0.602685,-0.635332,0.552574,-0.460823,0.280459
arm_1_right_finger,412.283000,0.576686,-0.074628,0.604634,-0.634297,0.551264,-0.461989,0.283445
arm_1_right_finger,412.301000,0.575731,-0.072257,0.606662,-0.633198,0.549874,-0.463205,0.286600
arm_1_right_finger,412.318000,0.574820,-0.070051,0.608553,-0.632165,0.548571,-0.464322,0.289557
arm_1_right_finger,412.334000,0.573956,-0.068005,0.610306,-0.631203,0.547365,-0.465333,0.292301
arm_1_right_finger,412.350000,0.573085,-0.065987,0.612042,-0.630241,0.546158,-0.466328,0.295036
arm_1_right_finger,412.367000,0.572156,-0.063877,0.613853,-0.629228,0.544893,-0.467349,0.297907
arm_1_right_finger,412.384000,0.571222,-0.061799,0.615636,-0.628224,0.543643,-0.468337,0.300746
arm_1_right_finger,412.400000,0.570340,-0.059876,0.617287,-0.627282,0.542473,-0.469244,0.303398
arm_1_right_finger,412.412000,0.569676,-0.058452,0.618510,-0.626586,0.541612,-0.469897,0.305358
arm_1_right_finger,412.419000,0.569287,-0.057627,0.619222,-0.626178,0.541108,-0.470277,0.306501
arm_1_right_finger,412.435000,0.568399,-0.055768,0.620819,-0.625251,0.539964,-0.471127,0.309094
arm_1_right_finger,412.451000,0.567507,-0.053934,0.622402,-0.624330,0.538828,-0.471955,0.311664
arm_1_right_finger,412.467000,0.566616,-0.052132,0.623952,-0.623417,0.537707,-0.472756,0.314203
arm_1_right_finger,412.483000,0.565722,-0.050357,0.625486,-0.622511,0.536597,-0.473534,0.316716
arm_1_right_finger,412.499000,0.564829,-0.048613,0.626989,-0.621622,0.535513,-0.474272,0.319183
arm_1_right_finger,412.515000,0.563938,-0.046896,0.628468,-0.620733,0.534429,-0.475000,0.321637
arm_1_right_finger,412.531000,0.563044,-0.045206,0.629931,-0.619851,0.533357,-0.475707,0.324065
arm_1_right_finger,412.547000,0.562152,-0.043546,0.631370,-0.618969,0.532284,-0.476406,0.326479
arm_1_right_finger,412.563000,0.561264,-0.041915,0.632778,-0.618107,0.531242,-0.477063,0.328841
arm_1_right_finger,412.580000,0.560320,-0.040210,0.634258,-0.617193,0.530136,-0.477751,0.331334
arm_1_right_finger,412.596000,0.559437,-0.038636,0.635619,-0.616349,0.529120,-0.478365,0.333636
arm_1_right_finger,412.613000,0.558503,-0.036994,0.637042,-0.615464,0.528058,-0.478991,0.336045
arm_1_right_finger,412.630000,0.557568,-0.035380,0.638447,-0.614577,0.526992,-0.479615,0.338444
arm_1_right_finger,412.646000,0.556695,-0.033891,0.639742,-0.613751,0.526001,-0.480184,0.340670
arm_1_right_finger,412.663000,0.555774,-0.032340,0.641088,-0.612894,0.524979,-0.480750,0.342983
arm_1_right_finger,412.680000,0.554856,-0.030818,0.642416,-0.612042,0.523963,-0.481305,0.345273
arm_1_right_finger,412.696000,0.553999,-0.029413,0.643642,-0.611247,0.523016,-0.481813,0.347401
arm_1_right_finger,412.712000,0.553149,-0.028036,0.644838,-0.610474,0.522101,-0.482285,0.349476
arm_1_right_finger,412.729000,0.552250,-0.026600,0.646095,-0.609654,0.521128,-0.482783,0.351665
arm_1_right_finger,412.745000,0.551411,-0.025276,0.647253,-0.608886,0.520218,-0.483244,0.353703
arm_1_right_finger,412.761000,0.550584,-0.023985,0.648382,-0.608136,0.519332,-0.483681,0.355693
arm_1_right_finger,412.776000,0.549811,-0.022790,0.649428,-0.607440,0.518511,-0.484076,0.357538
arm_1_right_finger,412.791000,0.549044,-0.021619,0.650454,-0.606753,0.517702,-0.484457,0.359356
arm_1_right_finger,412.806000,0.548285,-0.020470,0.651461,-0.606078,0.516909,-0.484822,0.361140
arm_1_right_finger,412.822000,0.547483,-0.019270,0.652515,-0.605363,0.516071,-0.485204,0.363020
arm_1_right_finger,412.837000,0.546740,-0.018167,0.653482,-0.604711,0.515307,-0.485538,0.364741
arm_1_right_finger,412.850000,0.546101,-0.017229,0.654309,-0.604137,0.514634,-0.485840,0.366236
arm_1_right_finger,412.865000,0.545382,-0.016182,0.655230,-0.603512,0.513905,-0.486147,0.367881
arm_1_right_finger,412.880000,0.544662,-0.015140,0.656145,-0.602881,0.513168,-0.486455,0.369533
arm_1_right_finger,412.896000,0.543902,-0.014053,0.657102,-0.602222,0.512402,-0.486767,0.371256
arm_1_right_finger,412.913000,0.543107,-0.012926,0.658096,-0.601530,0.511596,-0.487091,0.373059
arm_1_right_finger,412.930000,0.542320,-0.011825,0.659073,-0.600836,0.510788,-0.487422,0.374849
arm_1_right_finger,412.947000,0.541550,-0.010753,0.660020,-0.600170,0.510016,-0.487719,0.376575
arm_1_right_finger,412.964000,0.540792,-0.009709,0.660943,-0.599521,0.509264,-0.488000,0.378261
arm_1_right_finger,412.980000,0.540091,-0.008751,0.661790,-0.598923,0.508572,-0.488252,0.379811
arm_1_right_finger,412.997000,0.539359,-0.007759,0.662669,-0.598300,0.507854,-0.488508,0.381421
arm_1_right_finger,413.014000,0.538640,-0.006793,0.663524,-0.597684,0.507143,-0.488760,0.383004
arm_1_right_finger,413.032000,0.537894,-0.005800,0.664406,-0.597050,0.506413,-0.489013,0.384635
arm_1_right_finger,413.048000,0.537241,-0.004941,0.665174,-0.596487,0.505763,-0.489243,0.386068
arm_1_right_finger,413.064000,0.536605,-0.004106,0.665915,-0.595956,0.505154,-0.489437,0.387436
arm_1_right_finger,413.078000,0.536058,-0.003393,0.666550,-0.595490,0.504618,-0.489615,0.388624
arm_1_right_finger,413.093000,0.535482,-0.002649,0.667214,-0.595000,0.504055,-0.489801,0.389870
arm_1_right_finger,413.108000,0.534922,-0.001926,0.667855,-0.594539,0.503528,-0.489955,0.391059
arm_1_right_finger,413.124000,0.534332,-0.001174,0.668528,-0.594036,0.502952,-0.490141,0.392329
arm_1_right_finger,413.140000,0.533761,-0.000447,0.669174,-0.593570,0.502420,-0.490289,0.393530
arm_1_right_finger,413.155000,0.533235,0.000216,0.669767,-0.593127,0.501913,-0.490443,0.394651
arm_1_right_finger,413.169000,0.532757,0.000817,0.670304,-0.592728,0.501457,-0.490576,0.395664
arm_1_right_finger,413.181000,0.532353,0.001319,0.670758,-0.592380,0.501060,-0.490702,0.396531
arm_1_right_finger,413.192000,0.531996,0.001764,0.671154,-0.592092,0.500731,-0.490786,0.397271
arm_1_right_finger,413.204000,0.531610,0.002243,0.671581,-0.591774,0.500370,-0.490883,0.398078
arm_1_right_finger,413.217000,0.531201,0.002748,0.672032,-0.591440,0.499990,-0.490983,0.398930
arm_1_right_finger,413.228000,0.530860,0.003165,0.672410,-0.591147,0.499655,-0.491086,0.399656
arm_1_right_finger,413.241000,0.530470,0.003643,0.672838,-0.590827,0.499292,-0.491180,0.400467
arm_1_right_finger,413.256000,0.530031,0.004178,0.673318,-0.590462,0.498876,-0.491292,0.401385
arm_1_right_finger,413.268000,0.529691,0.004592,0.673688,-0.590188,0.498567,-0.491365,0.402082
arm_1_right_finger,413.282000,0.529304,0.005060,0.674109,-0.589869,0.498205,-0.491457,0.402884
arm_1_right_finger,413.296000,0.528928,0.005512,0.674515,-0.589560,0.497854,-0.491546,0.403661
arm_1_right_finger,413.310000,0.528566,0.005947,0.674906,-0.589262,0.497516,-0.491629,0.404411
arm_1_right_finger,413.324000,0.528211,0.006368,0.675289,-0.588957,0.497168,-0.491731,0.405160
arm_1_right_finger,413.337000,0.527897,0.006744,0.675625,-0.588706,0.496886,-0.491791,0.405797
arm_1_right_finger,413.349000,0.527614,0.007079,0.675929,-0.588465,0.496611,-0.491867,0.406391
arm_1_right_finger,413.362000,0.527320,0.007427,0.676242,-0.588229,0.496345,-0.491924,0.406987
arm_1_right_finger,413.377000,0.526993,0.007813,0.676588,-0.587969,0.496052,-0.491986,0.407646
arm_1_right_finger,413.393000,0.526661,0.008205,0.676940,-0.587697,0.495744,-0.492056,0.408327
arm_1_right_finger,413.408000,0.526360,0.008554,0.677259,-0.587439,0.495452,-0.492136,0.408956
arm_1_right_finger,413.422000,0.526097,0.008864,0.677537,-0.587233,0.495220,-0.492179,0.409481
arm_1_right_finger,413.437000,0.525829,0.009178,0.677817,-0.587021,0.494982,-0.492224,0.410018
arm_1_right_finger,413.452000,0.525571,0.009475,0.678090,-0.586797,0.494727,-0.492296,0.410560
arm_1_right_finger,413.464000,0.525377,0.009699,0.678294,-0.586634,0.494543,-0.492341,0.410960
arm_1_right_finger,413.477000,0.525180,0.009929,0.678499,-0.586485,0.494376,-0.492364,0.411345
arm_1_right_finger,413.490000,0.524990,0.010147,0.678697,-0.586326,0.494196,-0.492409,0.411735
arm_1_right_finger,413.504000,0.524799,0.010367,0.678897,-0.586164,0.494014,-0.492454,0.412130
arm_1_right_finger,413.517000,0.524636,0.010556,0.679065,-0.586043,0.493878,-0.492471,0.412445
arm_1_right_finger,413.531000,0.524470,0.010746,0.679240,-0.585901,0.493717,-0.492512,0.412790
arm_1_right_finger,413.545000,0.524317,0.010921,0.679399,-0.585772,0.493572,-0.492547,0.413104
arm_1_right_finger,413.560000,0.524170,0.011090,0.679549,-0.585664,0.493451,-0.492560,0.413386
arm_1_right_finger,413.573000,0.524053,0.011223,0.679671,-0.585564,0.493339,-0.492588,0.413628
arm_1_right_finger,413.585000,0.523956,0.011334,0.679772,-0.585485,0.493250,-0.492606,0.413824
arm_1_right_finger,413.598000,0.523861,0.011443,0.679870,-0.585407,0.493161,-0.492626,0.414018
arm_1_right_finger,413.613000,0.523765,0.011552,0.679970,-0.585325,0.493069,-0.492649,0.414215
arm_1_right_finger,413.629000,0.523682,0.011648,0.680053,-0.585277,0.493017,-0.492639,0.414357
arm_1_right_finger,413.644000,0.523617,0.011722,0.680121,-0.585217,0.492948,-0.492661,0.414498
arm_1_right_finger,413.658000,0.523569,0.011776,0.680171,-0.585175,0.492901,-0.492673,0.414598
arm_1_right_finger,413.668000,0.523539,0.011808,0.680203,-0.585138,0.492859,-0.492696,0.414675
arm_1_right_finger,413.676000,0.523520,0.011830,0.680222,-0.585128,0.492848,-0.492692,0.414706
arm_1_right_finger,413.681000,0.523508,0.011843,0.680235,-0.585114,0.492831,-0.492700,0.414736
arm_1_right_finger,413.685000,0.523502,0.011852,0.680239,-0.585124,0.492844,-0.492682,0.414729
arm_1_right_finger,413.691000,0.523489,0.011865,0.680254,-0.585101,0.492818,-0.492700,0.414770
arm_1_right_finger,413.700000,0.523475,0.011882,0.680267,-0.585099,0.492816,-0.492691,0.414786
arm_1_right_finger,413.707000,0.523463,0.011894,0.680281,-0.585079,0.492792,-0.492707,0.414824
arm_1_right_finger,413.713000,0.523458,0.011903,0.680285,-0.585085,0.492800,-0.492693,0.414822
arm_1_right_finger,413.721000,0.523446,0.011914,0.680299,-0.585064,0.492775,-0.492711,0.414860
arm_1_right_finger,413.730000,0.523438,0.011924,0.680306,-0.585066,0.492778,-0.492701,0.414866
arm_1_right_finger,413.740000,0.523427,0.011935,0.680318,-0.585047,0.492756,-0.492717,0.414900
arm_1_right_finger,413.746000,0.523424,0.011940,0.680321,-0.585053,0.492763,-0.492706,0.414896
arm_1_right_finger,413.756000,0.523419,0.011948,0.680325,-0.585063,0.492776,-0.492689,0.414888
arm_1_right_finger,413.764000,0.523411,0.011954,0.680334,-0.585038,0.492747,-0.492714,0.414927
arm_1_right_finger,413.772000,0.523409,0.011958,0.680335,-0.585051,0.492762,-0.492695,0.414913
arm_1_right_finger,413.784000,0.523401,0.011965,0.680345,-0.585026,0.492733,-0.492721,0.414952
arm_1_right_finger,413.797000,0.523396,0.011970,0.680350,-0.585023,0.492730,-0.492720,0.414960
arm_1_right_finger,413.811000,0.523392,0.011975,0.680354,-0.585021,0.492727,-0.492720,0.414968
arm_1_right_finger,413.824000,0.523389,0.011979,0.680357,-0.585020,0.492726,-0.492719,0.414972
arm_1_right_finger,413.839000,0.523386,0.011982,0.680360,-0.585018,0.492724,-0.492718,0.414977
arm_1_right_finger,413.854000,0.523384,0.011985,0.680363,-0.585016,0.492722,-0.492719,0.414981
arm_1_right_finger,413.868000,0.523382,0.011987,0.680364,-0.585016,0.492722,-0.492717,0.414983
arm_1_right_finger,413.882000,0.523381,0.011988,0.680365,-0.585016,0.492723,-0.492716,0.414983
arm_1_right_finger,413.892000,0.523382,0.011989,0.680363,-0.585029,0.492738,-0.492700,0.414966
arm_1_right_finger,413.904000,0.523379,0.011990,0.680368,-0.585008,0.492713,-0.492725,0.414997
arm_1_right_finger,413.918000,0.523378,0.011991,0.680369,-0.585008,0.492713,-0.492724,0.414998
arm_1_right_finger,413.933000,0.523377,0.011992,0.680370,-0.585007,0.492711,-0.492725,0.415000
arm_1_right_finger,413.948000,0.523377,0.011992,0.680370,-0.585007,0.492711,-0.492724,0.415000
arm_1_right_finger,413.964000,0.523376,0.011993,0.680371,-0.585006,0.492710,-0.492725,0.415002
arm_1_right_finger,413.980000,0.523376,0.011993,0.680371,-0.585006,0.492710,-0.492725,0.415002
arm_1_right_finger,413.996000,0.523379,0.011993,0.680366,-0.585030,0.492739,-0.492696,0.414968
arm_1_right_finger,414.013000,0.523378,0.011993,0.680368,-0.585022,0.492730,-0.492705,0.414979
arm_1_right_finger,414.029000,0.523377,0.011994,0.680368,-0.585017,0.492724,-0.492711,0.414986
arm_1_right_finger,414.045000,0.523377,0.011994,0.680369,-0.585016,0.492723,-0.492712,0.414988
arm_1_right_finger,414.060000,0.523377,0.011994,0.680369,-0.585016,0.492723,-0.492712,0.414988
arm_1_right_finger,414.076000,0.523376,0.011994,0.680370,-0.585014,0.492720,-0.492715,0.414991
arm_1_right_finger,414.093000,0.523376,0.011994,0.680371,-0.585011,0.492716,-0.492719,0.414996
arm_1_right_finger,414.109000,0.523375,0.011994,0.680371,-0.585009,0.492714,-0.492720,0.414998
arm_1_right_finger,414.125000,0.523375,0.011994,0.680372,-0.585008,0.492713,-0.492722,0.415000
arm_1_right_finger,414.142000,0.523375,0.011994,0.680372,-0.585006,0.492710,-0.492724,0.415003
arm_1_right_finger,414.159000,0.523375,0.011995,0.680372,-0.585005,0.492709,-0.492725,0.415005
arm_1_right_finger,414.176000,0.523378,0.011994,0.680367,-0.585030,0.492739,-0.492696,0.414970
arm_1_right_finger,414.193000,0.523377,0.011994,0.680368,-0.585022,0.492729,-0.492705,0.414981
arm_1_right_finger,414.210000,0.523376,0.011994,0.680370,-0.585016,0.492722,-0.492712,0.414989
arm_1_right_finger,414.225000,0.523376,0.011994,0.680370,-0.585016,0.492722,-0.492712,0.414989
arm_1_right_finger,414.237000,0.523378,0.011994,0.680367,-0.585023,0.492731,-0.492704,0.414979
arm_1_right_finger,414.249000,0.523375,0.011995,0.680372,-0.585004,0.492709,-0.492726,0.415005
arm_1_right_finger,414.264000,0.523375,0.011995,0.680372,-0.585005,0.492709,-0.492725,0.415005
arm_1_right_finger,414.279000,0.523375,0.011995,0.680372,-0.585005,0.492709,-0.492725,0.415005
arm_1_right_finger,414.295000,0.523375,0.011995,0.680372,-0.585005,0.492709,-0.492725,0.415005
arm_1_right_finger,414.311000,0.523378,0.011994,0.680367,-0.585030,0.492739,-0.492696,0.414970
arm_1_right_finger,414.327000,0.523378,0.011994,0.680368,-0.585025,0.492733,-0.492701,0.414976
arm_1_right_finger,414.343000,0.523377,0.011994,0.680368,-0.585020,0.492727,-0.492708,0.414984
arm_1_right_finger,414.359000,0.523377,0.011994,0.680369,-0.585019,0.492725,-0.492709,0.414985
arm_1_right_finger,414.368000,0.523375,0.011995,0.680372,-0.585005,0.492710,-0.492725,0.415004
arm_1_right_finger,414.380000,0.523375,0.011995,0.680372,-0.585008,0.492713,-0.492722,0.415000
arm_1_right_finger,414.396000,0.523375,0.011995,0.680372,-0.585007,0.492712,-0.492723,0.415002
arm_1_right_finger,414.411000,0.523375,0.011995,0.680372,-0.585007,0.492712,-0.492723,0.415002
arm_1_right_finger,414.427000,0.523375,0.011995,0.680372,-0.585006,0.492711,-0.492724,0.415003
arm_1_right_finger,414.442000,0.523375,0.011995,0.680372,-0.585006,0.492711,-0.492724,0.415003
arm_1_right_finger,414.457000,0.523375,0.011995,0.680372,-0.585006,0.492710,-0.492724,0.415004
arm_1_right_finger,414.471000,0.523375,0.011995,0.680372,-0.585007,0.492711,-0.492723,0.415002
arm_1_right_finger,414.486000,0.523375,0.011995,0.680372,-0.585007,0.492712,-0.492723,0.415002
arm_1_right_finger,414.501000,0.523375,0.011995,0.680372,-0.585007,0.492712,-0.492723,0.415002
arm_1_right_finger,414.518000,0.523375,0.011995,0.680372,-0.585005,0.492710,-0.492725,0.415004
arm_1_right_finger,414.534000,0.523375,0.011995,0.680372,-0.585005,0.492709,-0.492725,0.415005
arm_1_right_finger,414.549000,0.523375,0.011995,0.680372,-0.585005,0.492709,-0.492725,0.415005
arm_1_right_finger,414.564000,0.523375,0.011995,0.680372,-0.585004,0.492709,-0.492726,0.415005
arm_1_right_finger,414.580000,0.523375,0.011995,0.680372,-0.585005,0.492709,-0.492725,0.415005
arm_1_right_finger,414.596000,0.523378,0.011994,0.680367,-0.585030,0.492739,-0.492696,0.414970
arm_1_right_finger,414.611000,0.523378,0.011994,0.680367,-0.585030,0.492739,-0.492696,0.414970
arm_1_right_finger,414.624000,0.523375,0.011995,0.680372,-0.585005,0.492709,-0.492725,0.415005
arm_1_right_finger,414.639000,0.523375,0.011995,0.680372,-0.585005,0.492709,-0.492725,0.415005
arm_1_right_finger,414.656000,0.523378,0.011994,0.680366,-0.585027,0.492735,-0.492699,0.414974
arm_1_right_finger,414.671000,0.523378,0.011994,0.680367,-0.585029,0.492738,-0.492696,0.414970
arm_1_right_finger,414.686000,0.523378,0.011994,0.680367,-0.585030,0.492739,-0.492696,0.414970
arm_1_right_finger,414.701000,0.523378,0.011994,0.680367,-0.585030,0.492739,-0.492696,0.414970
arm_1_right_finger,414.717000,0.523377,0.011994,0.680368,-0.585025,0.492733,-0.492701,0.414976
arm_1_right_finger,414.733000,0.523377,0.011994,0.680368,-0.585022,0.492729,-0.492705,0.414981
arm_1_right_finger,414.748000,0.523377,0.011994,0.680368,-0.585022,0.492729,-0.492705,0.414981
arm_1_right_finger,414.764000,0.523377,0.011994,0.680369,-0.585017,0.492724,-0.492711,0.414987
arm_1_right_finger,414.779000,0.523377,0.011994,0.680369,-0.585019,0.492725,-0.492709,0.414985
arm_1_right_finger,414.794000,0.523377,0.011994,0.680369,-0.585019,0.492726,-0.492709,0.414985
arm_1_right_finger,414.810000,0.523376,0.011994,0.680370,-0.585016,0.492722,-0.492712,0.414989
arm_1_right_finger,414.826000,0.523376,0.011994,0.680370,-0.585014,0.492720,-0.492715,0.414992
arm_1_right_finger,414.842000,0.523376,0.011994,0.680371,-0.585012,0.492718,-0.492717,0.414995
arm_1_right_finger,414.858000,0.523375,0.011994,0.680371,-0.585010,0.492716,-0.492719,0.414997
arm_1_right_finger,414.874000,0.523375,0.011994,0.680371,-0.585008,0.492713,-0.492721,0.415000
arm_1_right_finger,414.889000,0.523375,0.011995,0.680371,-0.585009,0.492714,-0.492720,0.414999
arm_1_right_finger,414.904000,0.523375,0.011995,0.680371,-0.585009,0.492714,-0.492720,0.414999
arm_1_right_finger,414.918000,0.523375,0.011994,0.680371,-0.585010,0.492716,-0.492719,0.414997
arm_1_right_finger,414.933000,0.523375,0.011994,0.680371,-0.585010,0.492716,-0.492719,0.414997
arm_1_right_finger,414.948000,0.523375,0.011994,0.680371,-0.585010,0.492716,-0.492719,0.414997
arm_1_right_finger,414.964000,0.523375,0.011995,0.680371,-0.585009,0.492714,-0.492720,0.414999
arm_1_right_finger,414.980000,0.523375,0.011995,0.680372,-0.585007,0.492712,-0.492722,0.415001
arm_1_right_finger,414.997000,0.523375,0.011995,0.680372,-0.585006,0.492710,-0.492724,0.415003
arm_1_right_finger,415.014000,0.523375,0.011995,0.680372,-0.585005,0.492709,-0.492725,0.415005
arm_1_right_finger,415.030000,0.523375,0.011995,0.680372,-0.585005,0.492709,-0.492725,0.415005
arm_1_right_finger,415.046000,0.523378,0.011994,0.680367,-0.585030,0.492739,-0.492696,0.414970
arm_1_right_finger,415.061000,0.523378,0.011994,0.680367,-0.585030,0.492739,-0.492696,0.414970
arm_1_right_finger,415.076000,0.523378,0.011994,0.680366,-0.585027,0.492735,-0.492699,0.414974
arm_1_right_finger,415.085000,0.523375,0.011995,0.680372,-0.585007,0.492712,-0.492722,0.415001
arm_1_right_finger,415.098000,0.523375,0.011994,0.680371,-0.585010,0.492716,-0.492719,0.414997
arm_1_right_finger,415.111000,0.523376,0.011994,0.680370,-0.585014,0.492720,-0.492715,0.414992
arm_1_right_finger,415.126000,0.523376,0.011994,0.680370,-0.585014,0.492720,-0.492715,0.414992
arm_1_right_finger,415.141000,0.523376,0.011994,0.680370,-0.585014,0.492720,-0.492715,0.414992
arm_1_right_finger,415.157000,0.523376,0.011994,0.680371,-0.585012,0.492718,-0.492717,0.414995
arm_1_right_finger,415.173000,0.523375,0.011994,0.680371,-0.585010,0.492716,-0.492719,0.414997
arm_1_right_finger,415.189000,0.523375,0.011994,0.680371,-0.585008,0.492713,-0.492721,0.415000
arm_1_right_finger,415.205000,0.523375,0.011995,0.680372,-0.585008,0.492713,-0.492722,0.415000
arm_1_right_finger,415.221000,0.523375,0.011995,0.680372,-0.585007,0.492712,-0.492723,0.415002
arm_1_right_finger,415.236000,0.523375,0.011995,0.680372,-0.585007,0.492712,-0.492723,0.415002
arm_1_right_finger,415.252000,0.523375,0.011995,0.680372,-0.585006,0.492711,-0.492724,0.415003
arm_1_right_finger,415.267000,0.523375,0.011995,0.680372,-0.585006,0.492711,-0.492724,0.415003
arm_1_right_finger,415.284000,0.523375,0.011995,0.680372,-0.585005,0.492709,-0.492725,0.415005
arm_1_right_finger,415.299000,0.523375,0.011995,0.680372,-0.585004,0.492709,-0.492726,0.415005
arm_1_right_finger,415.314000,0.523375,0.011995,0.680372,-0.585005,0.492709,-0.492725,0.415005
arm_1_right_finger,415.330000,0.523375,0.011995,0.680372,-0.585005,0.492709,-0.492725,0.415005
arm_1_right_finger,415.345000,0.523375,0.011995,0.680372,-0.585005,0.492709,-0.492725,0.415005
arm_1_right_finger,415.361000,0.523378,0.011994,0.680367,-0.585030,0.492739,-0.492696,0.414970
arm_1_right_finger,415.377000,0.523377,0.011994,0.680368,-0.585025,0.492733,-0.492701,0.414976
arm_1_right_finger,415.393000,0.523377,0.011994,0.680368,-0.585020,0.492727,-0.492708,0.414984
arm_1_right_finger,415.409000,0.523377,0.011994,0.680369,-0.585019,0.492725,-0.492709,0.414985
arm_1_right_finger,415.425000,0.523376,0.011994,0.680370,-0.585016,0.492722,-0.492712,0.414989
arm_1_right_finger,415.441000,0.523376,0.011994,0.680370,-0.585014,0.492720,-0.492715,0.414992
arm_1_right_finger,415.457000,0.523376,0.011994,0.680371,-0.585012,0.492718,-0.492717,0.414995
arm_1_right_finger,415.474000,0.523375,0.011995,0.680371,-0.585009,0.492714,-0.492720,0.414999
arm_1_right_finger,415.488000,0.523375,0.011994,0.680371,-0.585010,0.492716,-0.492719,0.414997
arm_1_right_finger,415.502000,0.523376,0.011994,0.680371,-0.585011,0.492716,-0.492718,0.414996
arm_1_right_finger,415.518000,0.523375,0.011994,0.680371,-0.585010,0.492716,-0.492719,0.414997
arm_1_right_finger,415.532000,0.523376,0.011994,0.680371,-0.585012,0.492718,-0.492717,0.414995
arm_1_right_finger,415.546000,0.523376,0.011994,0.680370,-0.585014,0.492720,-0.492715,0.414992
arm_1_right_finger,415.563000,0.523375,0.011994,0.680371,-0.585010,0.492716,-0.492719,0.414997
arm_1_right_finger,415.580000,0.523375,0.011995,0.680372,-0.585008,0.492713,-0.492722,0.415000
arm_1_right_finger,415.597000,0.523375,0.011995,0.680372,-0.585006,0.492711,-0.492724,0.415003
arm_1_right_finger,415.614000,0.523375,0.011995,0.680372,-0.585004,0.492709,-0.492726,0.415005
arm_1_right_finger,415.630000,0.523375,0.011995,0.680372,-0.585005,0.492709,-0.492725,0.415005
arm_1_right_finger,415.645000,0.523375,0.011995,0.680372,-0.585005,0.492709,-0.492725,0.415005
arm_1_right_finger,415.648000,0.523377,0.011994,0.680368,-0.585022,0.492729,-0.492705,0.414981
arm_1_right_finger,415.662000,0.523377,0.011994,0.680368,-0.585025,0.492733,-0.492701,0.414976
arm_1_right_finger,415.678000,0.523377,0.011994,0.680368,-0.585022,0.492729,-0.492705,0.414981
arm_1_right_finger,415.695000,0.523376,0.011994,0.680370,-0.585016,0.492722,-0.492712,0.414989
arm_1_right_finger,415.711000,0.523376,0.011994,0.680370,-0.585013,0.492718,-0.492716,0.414994
arm_1_right_finger,415.727000,0.523376,0.011994,0.680371,-0.585012,0.492717,-0.492717,0.414995
arm_1_right_finger,415.744000,0.523375,0.011995,0.680371,-0.585009,0.492714,-0.492720,0.414999
arm_1_right_finger,415.761000,0.523375,0.011995,0.680372,-0.585007,0.492712,-0.492723,0.415002
arm_1_right_finger,415.777000,0.523375,0.011995,0.680372,-0.585006,0.492711,-0.492724,0.415003
arm_1_right_finger,415.794000,0.523375,0.011995,0.680372,-0.585005,0.492709,-0.492725,0.415005
arm_1_right_finger,415.809000,0.523375,0.011995,0.680372,-0.585005,0.492709,-0.492725,0.415005
arm_1_right_finger,415.824000,0.523375,0.011995,0.680372,-0.585004,0.492709,-0.492726,0.415005
arm_1_right_finger,415.840000,0.523375,0.011995,0.680372,-0.585005,0.492709,-0.492725,0.415005
arm_1_right_finger,415.854000,0.523375,0.011995,0.680372,-0.585005,0.492709,-0.492725,0.415005
arm_1_right_finger,415.869000,0.523375,0.011995,0.680372,-0.585005,0.492709,-0.492725,0.415005
arm_1_right_finger,415.885000,0.523375,0.011995,0.680372,-0.585005,0.492709,-0.492725,0.415005
arm_1_right_finger,415.901000,0.523378,0.011994,0.680367,-0.585030,0.492739,-0.492696,0.414970
arm_1_right_finger,415.917000,0.523378,0.011994,0.680367,-0.585023,0.492731,-0.492704,0.414979
arm_1_right_finger,415.934000,0.523377,0.011994,0.680369,-0.585019,0.492725,-0.492709,0.414985
arm_1_right_finger,415.951000,0.523376,0.011994,0.680370,-0.585014,0.492720,-0.492715,0.414992
arm_1_right_finger,415.967000,0.523376,0.011994,0.680371,-0.585012,0.492718,-0.492717,0.414995
arm_1_right_finger,415.983000,0.523375,0.011994,0.680371,-0.585010,0.492716,-0.492719,0.414997
arm_1_right_finger,415.999000,0.523375,0.011995,0.680371,-0.585009,0.492714,-0.492720,0.414999
arm_1_right_finger,416.016000,0.523375,0.011995,0.680372,-0.585007,0.492712,-0.492723,0.415002
arm_1_right_finger,416.032000,0.523375,0.011995,0.680372,-0.585006,0.492710,-0.492724,0.415004
arm_1_right_finger,416.049000,0.523375,0.011995,0.680372,-0.585005,0.492709,-0.492725,0.415005
arm_1_right_finger,416.066000,0.523378,0.011994,0.680367,-0.585030,0.492739,-0.492696,0.414970
arm_1_right_finger,416.083000,0.523377,0.011994,0.680368,-0.585022,0.492729,-0.492705,0.414981
arm_1_right_finger,416.099000,0.523377,0.011994,0.680369,-0.585019,0.492726,-0.492709,0.414985
arm_1_right_finger,416.116000,0.523376,0.011994,0.680370,-0.585014,0.492720,-0.492715,0.414992
arm_1_right_finger,416.131000,0.523376,0.011994,0.680370,-0.585013,0.492718,-0.492716,0.414994
arm_1_right_finger,416.147000,0.523376,0.011994,0.680371,-0.585012,0.492717,-0.492717,0.414995
arm_1_right_finger,416.163000,0.523375,0.011994,0.680371,-0.585010,0.492716,-0.492719,0.414997
arm_1_right_finger,416.179000,0.523375,0.011995,0.680371,-0.585009,0.492714,-0.492720,0.414999
arm_1_right_finger,416.196000,0.523375,0.011995,0.680372,-0.585007,0.492712,-0.492723,0.415002
arm_1_right_finger,416.212000,0.523375,0.011995,0.680372,-0.585006,0.492711,-0.492724,0.415003
arm_1_right_finger,416.227000,0.523375,0.011995,0.680372,-0.585006,0.492711,-0.492724,0.415003
arm_1_right_finger,416.243000,0.523375,0.011995,0.680372,-0.585005,0.492709,-0.492725,0.415004
arm_1_right_finger,416.259000,0.523375,0.011995,0.680372,-0.585005,0.492709,-0.492725,0.415005
arm_1_right_finger,416.275000,0.523375,0.011995,0.680372,-0.585005,0.492709,-0.492725,0.415005
arm_1_right_finger,416.291000,0.523378,0.011994,0.680367,-0.585030,0.492739,-0.492696,0.414970
arm_1_right_finger,416.308000,0.523377,0.011994,0.680368,-0.585022,0.492729,-0.492705,0.414981
arm_1_right_finger,416.325000,0.523376,0.011994,0.680370,-0.585016,0.492722,-0.492712,0.414989
arm_1_right_finger,416.342000,0.523376,0.011994,0.680371,-0.585011,0.492716,-0.492718,0.414996
arm_1_right_finger,416.360000,0.523375,0.011995,0.680372,-0.585008,0.492713,-0.492722,0.415000
arm_1_right_finger,416.376000,0.523375,0.011995,0.680372,-0.585007,0.492712,-0.492723,0.415002
arm_1_right_finger,416.393000,0.523375,0.011995,0.680372,-0.585005,0.492710,-0.492725,0.415004
arm_1_right_finger,416.410000,0.523375,0.011995,0.680372,-0.585005,0.492709,-0.492725,0.415005
arm_1_right_finger,416.425000,0.523375,0.011995,0.680372,-0.585005,0.492709,-0.492725,0.415005
arm_1_right_finger,416.441000,0.523378,0.011994,0.680366,-0.585027,0.492735,-0.492699,0.414974
arm_1_right_finger,416.457000,0.523378,0.011994,0.680368,-0.585025,0.492733,-0.492701,0.414976
arm_1_right_finger,416.474000,0.523377,0.011994,0.680369,-0.585019,0.492726,-0.492709,0.414985
arm_1_right_finger,416.490000,0.523376,0.011994,0.680370,-0.585016,0.492722,-0.492712,0.414989
arm_1_right_finger,416.507000,0.523376,0.011994,0.680371,-0.585012,0.492718,-0.492717,0.414995
arm_1_right_finger,416.524000,0.523375,0.011995,0.680371,-0.585009,0.492714,-0.492720,0.414999
arm_1_right_finger,416.541000,0.523375,0.011995,0.680372,-0.585007,0.492712,-0.492723,0.415002
arm_1_right_finger,416.554000,0.523375,0.011994,0.680371,-0.585008,0.492713,-0.492721,0.415000
arm_1_right_finger,416.571000,0.523375,0.011995,0.680372,-0.585007,0.492711,-0.492723,0.415002
arm_1_right_finger,416.585000,0.523375,0.011995,0.680372,-0.585008,0.492713,-0.492722,0.415000
arm_1_right_finger,416.600000,0.523375,0.011995,0.680372,-0.585008,0.492713,-0.492722,0.415000
arm_1_right_finger,416.615000,0.523375,0.011995,0.680372,-0.585008,0.492713,-0.492722,0.415000
arm_1_right_finger,416.631000,0.523375,0.011995,0.680372,-0.585007,0.492712,-0.492723,0.415002
arm_1_right_finger,416.644000,0.523375,0.011995,0.680371,-0.585009,0.492714,-0.492720,0.414999
arm_1_right_finger,416.659000,0.523375,0.011994,0.680371,-0.585008,0.492713,-0.492721,0.415000
arm_1_right_finger,416.674000,0.523375,0.011995,0.680371,-0.585009,0.492714,-0.492720,0.414999
arm_1_right_finger,416.688000,0.523375,0.011994,0.680371,-0.585010,0.492716,-0.492719,0.414997
arm_1_right_finger,416.704000,0.523375,0.011995,0.680371,-0.585009,0.492714,-0.492720,0.414999
arm_1_right_finger,416.719000,0.523375,0.011995,0.680371,-0.585009,0.492714,-0.492720,0.414999
arm_1_right_finger,416.733000,0.523375,0.011994,0.680371,-0.585010,0.492716,-0.492719,0.414997
arm_1_right_finger,416.749000,0.523375,0.011995,0.680371,-0.585009,0.492714,-0.492720,0.414999
arm_1_right_finger,416.765000,0.523375,0.011995,0.680372,-0.585007,0.492712,-0.492722,0.415001
arm_1_right_finger,416.780000,0.523375,0.011995,0.680372,-0.585008,0.492713,-0.492722,0.415000
arm_1_right_finger,416.795000,0.523375,0.011995,0.680372,-0.585008,0.492713,-0.492722,0.415000
arm_1_right_finger,416.811000,0.523375,0.011995,0.680372,-0.585007,0.492712,-0.492723,0.415002
arm_1_right_finger,416.828000,0.523375,0.011995,0.680372,-0.585005,0.492710,-0.492725,0.415004
arm_1_right_finger,416.844000,0.523375,0.011995,0.680372,-0.585005,0.492709,-0.492725,0.415005
arm_1_right_finger,416.858000,0.523375,0.011995,0.680372,-0.585005,0.492710,-0.492725,0.415004
arm_1_right_finger,416.874000,0.523375,0.011995,0.680372,-0.585004,0.492709,-0.492726,0.415005
arm_1_right_finger,416.890000,0.523375,0.011995,0.680372,-0.585005,0.492709,-0.492725,0.415005
arm_1_right_finger,416.906000,0.523378,0.011994,0.680367,-0.585030,0.492739,-0.492696,0.414970
arm_1_right_finger,416.922000,0.523377,0.011994,0.680368,-0.585025,0.492733,-0.492701,0.414976
arm_1_right_finger,416.938000,0.523377,0.011994,0.680368,-0.585022,0.492729,-0.492705,0.414981
arm_1_right_finger,416.954000,0.523377,0.011994,0.680369,-0.585019,0.492726,-0.492709,0.414985
arm_1_right_finger,416.965000,0.523375,0.011995,0.680372,-0.585005,0.492709,-0.492725,0.415005
arm_1_right_finger,416.971000,0.523376,0.011994,0.680370,-0.585013,0.492718,-0.492716,0.414994
arm_1_right_finger,416.985000,0.523376,0.011994,0.680370,-0.585016,0.492722,-0.492712,0.414989
arm_1_right_finger,417.000000,0.523376,0.011994,0.680370,-0.585016,0.492722,-0.492712,0.414989
arm_1_right_finger,417.016000,0.523376,0.011994,0.680370,-0.585014,0.492720,-0.492715,0.414992
arm_1_right_finger,417.033000,0.523375,0.011994,0.680371,-0.585010,0.492716,-0.492719,0.414997
arm_1_right_finger,417.050000,0.523375,0.011995,0.680372,-0.585008,0.492713,-0.492722,0.415000
arm_1_right_finger,417.066000,0.523375,0.011995,0.680372,-0.585007,0.492712,-0.492723,0.415002
arm_1_right_finger,417.082000,0.523375,0.011995,0.680372,-0.585006,0.492710,-0.492724,0.415004
arm_1_right_finger,417.098000,0.523375,0.011995,0.680372,-0.585005,0.492710,-0.492725,0.415004
arm_1_right_finger,417.114000,0.523375,0.011995,0.680372,-0.585005,0.492709,-0.492725,0.415005
arm_1_right_finger,417.122000,0.523376,0.011994,0.680371,-0.585012,0.492718,-0.492717,0.414995
arm_1_right_finger,417.127000,0.523375,0.011995,0.680372,-0.585006,0.492711,-0.492724,0.415003
arm_1_right_finger,417.142000,0.523375,0.011995,0.680372,-0.585006,0.492711,-0.492724,0.415003
arm_1_right_finger,417.157000,0.523375,0.011995,0.680372,-0.585006,0.492711,-0.492724,0.415003
arm_1_right_finger,417.173000,0.523375,0.011995,0.680372,-0.585005,0.492710,-0.492725,0.415004
arm_1_right_finger,417.189000,0.523375,0.011995,0.680372,-0.585004,0.492709,-0.492726,0.415005
arm_1_right_finger,417.205000,0.523375,0.011995,0.680372,-0.585005,0.492709,-0.492725,0.415005
arm_1_right_finger,417.222000,0.523377,0.011994,0.680368,-0.585025,0.492733,-0.492701,0.414976
arm_1_right_finger,417.238000,0.523377,0.011994,0.680368,-0.585022,0.492729,-0.492705,0.414981
arm_1_right_finger,417.255000,0.523376,0.011994,0.680370,-0.585016,0.492722,-0.492712,0.414989
arm_1_right_finger,417.271000,0.523376,0.011994,0.680370,-0.585014,0.492720,-0.492715,0.414992
arm_1_right_finger,417.286000,0.523376,0.011994,0.680370,-0.585013,0.492718,-0.492716,0.414994
arm_1_right_finger,417.299000,0.523377,0.011994,0.680369,-0.585019,0.492725,-0.492709,0.414985
arm_1_right_finger,417.315000,0.523376,0.011994,0.680370,-0.585016,0.492722,-0.492712,0.414989
arm_1_right_finger,417.331000,0.523376,0.011994,0.680370,-0.585014,0.492720,-0.492715,0.414992
arm_1_right_finger,417.347000,0.523376,0.011994,0.680371,-0.585012,0.492718,-0.492717,0.414995
arm_1_right_finger,417.363000,0.523375,0.011994,0.680371,-0.585010,0.492716,-0.492719,0.414997
arm_1_right_finger,417.379000,0.523375,0.011995,0.680371,-0.585009,0.492714,-0.492720,0.414999
arm_1_right_finger,417.396000,0.523375,0.011995,0.680372,-0.585006,0.492711,-0.492724,0.415002
arm_1_right_finger,417.412000,0.523375,0.011995,0.680372,-0.585006,0.492710,-0.492724,0.415003
arm_1_right_finger,417.428000,0.523375,0.011995,0.680372,-0.585005,0.492710,-0.492725,0.415004
arm_1_right_finger,417.443000,0.523375,0.011995,0.680372,-0.585005,0.492710,-0.492725,0.415004
arm_1_right_finger,417.458000,0.523375,0.011995,0.680372,-0.585005,0.492710,-0.492725,0.415004
arm_1_right_finger,417.473000,0.523375,0.011995,0.680372,-0.585005,0.492710,-0.492725,0.415004
arm_1_right_finger,417.489000,0.523375,0.011995,0.680372,-0.585005,0.492709,-0.492725,0.415005
arm_1_right_finger,417.505000,0.523375,0.011995,0.680372,-0.585004,0.492709,-0.492726,0.415005
arm_1_right_finger,417.521000,0.523378,0.011994,0.680367,-0.585030,0.492739,-0.492696,0.414970
arm_1_right_finger,417.537000,0.523377,0.011994,0.680368,-0.585025,0.492733,-0.492701,0.414976
arm_1_right_finger,417.553000,0.523377,0.011994,0.680368,-0.585022,0.492729,-0.492705,0.414981
arm_1_right_finger,417.568000,0.523377,0.011994,0.680368,-0.585022,0.492729,-0.492705,0.414981
arm_1_right_finger,417.584000,0.523377,0.011994,0.680369,-0.585019,0.492726,-0.492709,0.414985
arm_1_right_finger,417.600000,0.523376,0.011994,0.680370,-0.585015,0.492721,-0.492714,0.414991
arm_1_right_finger,417.617000,0.523376,0.011994,0.680371,-0.585012,0.492717,-0.492717,0.414995
arm_1_right_finger,417.634000,0.523375,0.011995,0.680371,-0.585009,0.492714,-0.492720,0.414999
arm_1_right_finger,417.650000,0.523375,0.011995,0.680372,-0.585008,0.492713,-0.492722,0.415000
arm_1_right_finger,417.667000,0.523375,0.011995,0.680372,-0.585006,0.492711,-0.492724,0.415003
arm_1_right_finger,417.684000,0.523375,0.011995,0.680372,-0.585005,0.492709,-0.492725,0.415005
arm_1_right_finger,417.701000,0.523378,0.011994,0.680366,-0.585027,0.492735,-0.492699,0.414974
arm_1_right_finger,417.717000,0.523378,0.011994,0.680368,-0.585025,0.492733,-0.492701,0.414976
arm_1_right_finger,417.734000,0.523377,0.011994,0.680369,-0.585019,0.492726,-0.492709,0.414985
arm_1_right_finger,417.752000,0.523376,0.011994,0.680371,-0.585012,0.492718,-0.492717,0.414995
arm_1_right_finger,417.769000,0.523375,0.011995,0.680371,-0.585009,0.492714,-0.492720,0.414999
arm_1_right_finger,417.785000,0.523375,0.011995,0.680372,-0.585008,0.492713,-0.492722,0.415000
arm_1_right_finger,417.798000,0.523375,0.011994,0.680371,-0.585010,0.492716,-0.492719,0.414997
arm_1_right_finger,417.814000,0.523375,0.011994,0.680371,-0.585008,0.492713,-0.492721,0.415000
arm_1_right_finger,417.827000,0.523376,0.011994,0.680371,-0.585012,0.492717,-0.492717,0.414995
arm_1_right_finger,417.845000,0.523375,0.011995,0.680372,-0.585008,0.492713,-0.492722,0.415000
arm_1_right_finger,417.862000,0.523375,0.011995,0.680372,-0.585006,0.492711,-0.492724,0.415003
arm_1_right_finger,417.879000,0.523375,0.011995,0.680372,-0.585005,0.492709,-0.492725,0.415005
arm_1_right_finger,417.894000,0.523375,0.011995,0.680372,-0.585005,0.492709,-0.492725,0.415005
arm_1_right_finger,417.910000,0.523375,0.011995,0.680372,-0.585005,0.492709,-0.492725,0.415005
arm_1_right_finger,417.927000,0.523378,0.011994,0.680368,-0.585025,0.492733,-0.492701,0.414976
arm_1_right_finger,417.944000,0.523377,0.011994,0.680369,-0.585019,0.492726,-0.492709,0.414985
arm_1_right_finger,417.961000,0.523376,0.011994,0.680370,-0.585014,0.492720,-0.492715,0.414992
arm_1_right_finger,417.978000,0.523375,0.011994,0.680371,-0.585010,0.492716,-0.492719,0.414997
arm_1_right_finger,417.994000,0.523375,0.011995,0.680371,-0.585009,0.492714,-0.492720,0.414999
arm_1_right_finger,418.010000,0.523375,0.011995,0.680372,-0.585008,0.492713,-0.492722,0.415000
arm_1_right_finger,418.026000,0.523375,0.011995,0.680372,-0.585006,0.492711,-0.492724,0.415002
arm_1_right_finger,418.042000,0.523375,0.011995,0.680372,-0.585006,0.492710,-0.492724,0.415003
arm_1_right_finger,418.056000,0.523375,0.011995,0.680372,-0.585007,0.492712,-0.492723,0.415002
arm_1_right_finger,418.070000,0.523375,0.011995,0.680372,-0.585008,0.492713,-0.492722,0.415000
arm_1_right_finger,418.085000,0.523375,0.011995,0.680372,-0.585008,0.492713,-0.492722,0.415000
