==> Running scenario 'pick_and_place' on DDS domain 43
warn Seed 20260824 reaches 'gz sim --seed' only — this run is not reproducible.
warn   That seeds gz::math::Rand: sensor noise and transport RNG.
warn   It does NOT seed the physics solver.
warn   Planning: what is PROVEN is that one move_group answers an identical request
warn   identically within one process (cite_skills' planning-pipeline launch test).
warn   That is repeatability, not scenario determinism, and it holds only where Pilz
warn   answered; the OMPL fallback is unseeded and unseedable (ADR-0006). Grep this
warn   run's log for 'planner fallback:' to see which motions took it, and for
warn   'planner fallback declined:' for the ones that refused a substitute.
[INFO] [launch]: All log files can be found below /home/cite/.ros/log/2026-09-04-23-04-21-149492-a38d413b8da4-1035
[INFO] [launch]: Default logging verbosity is set to INFO
[INFO] [launch.user]: Bringing up zone cell_a side plant: scene plus 3 arm(s)
test_the_behaviour_tree_picks_and_places_the_workpiece (pick_and_place.TestPickAndPlace.test_the_behaviour_tree_picks_and_places_the_workpiece) ... [INFO] [gz-1]: process started with pid [1074]
[INFO] [parameter_bridge-2]: process started with pid [1075]
[INFO] [robot_state_publisher-3]: process started with pid [1076]
[INFO] [create-4]: process started with pid [1077]
[INFO] [robot_state_publisher-5]: process started with pid [1078]
[INFO] [create-6]: process started with pid [1079]
[INFO] [robot_state_publisher-7]: process started with pid [1080]
[INFO] [create-8]: process started with pid [1081]
[INFO] [robot_state_publisher-9]: process started with pid [1082]
[INFO] [create-10]: process started with pid [1083]
[INFO] [frame_server.py-11]: process started with pid [1084]
[INFO] [model_info.py-12]: process started with pid [1085]
[INFO] [topology_server.py-13]: process started with pid [1086]
[INFO] [spawner-14]: process started with pid [1087]
[INFO] [move_group-15]: process started with pid [1088]
[INFO] [move_group-16]: process started with pid [1089]
[INFO] [move_group-17]: process started with pid [1090]
[INFO] [detection_server-18]: process started with pid [1091]
[robot_state_publisher-5] [INFO] [1788563062.611421050] [cite.cell_a.arm_1.description_publisher]: Robot initialized
[robot_state_publisher-7] [INFO] [1788563062.611960003] [cite.cell_a.arm_2.description_publisher]: Robot initialized
[create-10] [INFO] [1788563062.617083596] [spawn_arm_3]: Requesting list of world names.
[parameter_bridge-2] [INFO] [1788563062.628073841] [gz_bridge]: Creating GZ->ROS Bridge: [/clock (gz.msgs.Clock) -> /clock (rosgraph_msgs/msg/Clock)] (Lazy 0)
[create-4] [INFO] [1788563062.628127199] [spawn_scene]: Requesting list of world names.
[parameter_bridge-2] [INFO] [1788563062.629291854] [gz_bridge]: Creating ROS->GZ Bridge: [/cite/cell_a/conveyor_1/command (std_msgs/msg/Float64) -> /cite/cell_a/conveyor_1/command (gz.msgs.Double)] (Lazy 0)
[parameter_bridge-2] [INFO] [1788563062.631014679] [gz_bridge]: Creating GZ->ROS Bridge: [/cite/cell_a/conveyor_1/state (gz.msgs.Double) -> /cite/cell_a/conveyor_1/state (std_msgs/msg/Float64)] (Lazy 0)
[parameter_bridge-2] [INFO] [1788563062.631716075] [gz_bridge]: Creating ROS->GZ Bridge: [/cite/cell_a/conveyor_2/command (std_msgs/msg/Float64) -> /cite/cell_a/conveyor_2/command (gz.msgs.Double)] (Lazy 0)
[parameter_bridge-2] [INFO] [1788563062.632496338] [gz_bridge]: Creating GZ->ROS Bridge: [/cite/cell_a/conveyor_2/state (gz.msgs.Double) -> /cite/cell_a/conveyor_2/state (std_msgs/msg/Float64)] (Lazy 0)
[parameter_bridge-2] [INFO] [1788563062.633011784] [gz_bridge]: Creating ROS->GZ Bridge: [/cite/cell_a/conveyor_3/command (std_msgs/msg/Float64) -> /cite/cell_a/conveyor_3/command (gz.msgs.Double)] (Lazy 0)
[parameter_bridge-2] [INFO] [1788563062.633489046] [gz_bridge]: Creating GZ->ROS Bridge: [/cite/cell_a/conveyor_3/state (gz.msgs.Double) -> /cite/cell_a/conveyor_3/state (std_msgs/msg/Float64)] (Lazy 0)
[parameter_bridge-2] [INFO] [1788563062.633958687] [gz_bridge]: Creating GZ->ROS Bridge: [/cite/cell_a/beam_c1_out/detection (gz.msgs.Boolean) -> /cite/cell_a/beam_c1_out/detection (std_msgs/msg/Bool)] (Lazy 0)
[robot_state_publisher-9] [INFO] [1788563062.631474880] [cite.cell_a.arm_3.description_publisher]: Robot initialized
[robot_state_publisher-3] [INFO] [1788563062.634326414] [scene_description_publisher]: Robot initialized
[parameter_bridge-2] [INFO] [1788563062.635480138] [gz_bridge]: Creating GZ->ROS Bridge: [/cite/cell_a/beam_c2_out/detection (gz.msgs.Boolean) -> /cite/cell_a/beam_c2_out/detection (std_msgs/msg/Bool)] (Lazy 0)
[parameter_bridge-2] [INFO] [1788563062.636432096] [gz_bridge]: Creating GZ->ROS Bridge: [/cite/cell_a/beam_c3_out/detection (gz.msgs.Boolean) -> /cite/cell_a/beam_c3_out/detection (std_msgs/msg/Bool)] (Lazy 0)
[parameter_bridge-2] [INFO] [1788563062.636882349] [gz_bridge]: Creating GZ->ROS Bridge: [/cite/cell_a/beam_pick/detection (gz.msgs.Boolean) -> /cite/cell_a/beam_pick/detection (std_msgs/msg/Bool)] (Lazy 0)
[create-6] [INFO] [1788563062.635937491] [spawn_arm_1]: Requesting list of world names.
[move_group-15] [WARN] [1788563062.651969760] [rcl.logging_rosout]: Publisher already registered for node name: 'move_group'. If this is due to multiple nodes with the same name then all logs for the logger named 'cite.cell_a.arm_1.move_group' will go out over the existing publisher. As soon as any node with that name is destructed it will unregister the publisher, preventing any further logs for that name from being published on the rosout topic.
[move_group-15] [WARN] [1788563062.658964688] [rcl.logging_rosout]: Publisher already registered for node name: 'move_group'. If this is due to multiple nodes with the same name then all logs for the logger named 'cite.cell_a.arm_1.move_group' will go out over the existing publisher. As soon as any node with that name is destructed it will unregister the publisher, preventing any further logs for that name from being published on the rosout topic.
[detection_server-18] [INFO] [1788563062.663235343] [cite.cell_a.detection.detection_server]: watching 'beam_c1_out' on '/cite/cell_a/beam_c1_out/detection_level', publishing events on '/cite/cell_a/beam_c1_out/detection'
[detection_server-18] [INFO] [1788563062.663928786] [cite.cell_a.detection.detection_server]: watching 'beam_c2_out' on '/cite/cell_a/beam_c2_out/detection_level', publishing events on '/cite/cell_a/beam_c2_out/detection'
[detection_server-18] [INFO] [1788563062.664498701] [cite.cell_a.detection.detection_server]: watching 'beam_c3_out' on '/cite/cell_a/beam_c3_out/detection_level', publishing events on '/cite/cell_a/beam_c3_out/detection'
[detection_server-18] [INFO] [1788563062.665115653] [cite.cell_a.detection.detection_server]: watching 'beam_pick' on '/cite/cell_a/beam_pick/detection_level', publishing events on '/cite/cell_a/beam_pick/detection'
[move_group-15] [INFO] [1788563062.668664234] [cite.cell_a.arm_1.move_group.moveit.ros.rdf_loader]: Loaded robot model in 0 seconds
[move_group-15] [INFO] [1788563062.668734886] [cite.cell_a.arm_1.move_group.moveit.core.robot_model]: Loading robot model 'arm_1'...
[move_group-15] [INFO] [1788563062.668745917] [cite.cell_a.arm_1.move_group.moveit.core.robot_model]: No root/virtual joint specified in SRDF. Assuming fixed joint
[detection_server-18] [INFO] [1788563062.669203857] [cite.cell_a.detection.detection_server]: detection for zone 'cell_a' is accepting goals over 4 sensor(s)
[move_group-15] [INFO] [1788563062.680198975] [cite.cell_a.arm_1.move_group.moveit.kinematics.kdl_kinematics_plugin]: Joint weights for group 'arm_1_xarm5': 1 1 1 1 1
[move_group-15] [INFO] [1788563062.728018877] [cite.cell_a.arm_1.move_group.moveit.ros.planning_scene_monitor]: Publishing maintained planning scene on 'monitored_planning_scene'
[move_group-15] [INFO] [1788563062.728286736] [cite.cell_a.arm_1.move_group.moveit.ros.moveit_cpp]: Listening to 'joint_states' for joint states
[move_group-15] [INFO] [1788563062.729531436] [cite.cell_a.arm_1.move_group.moveit.ros.current_state_monitor]: Listening to joint states on topic 'joint_states'
[move_group-15] [INFO] [1788563062.730478436] [cite.cell_a.arm_1.move_group.moveit.ros.planning_scene_monitor]: Listening to '/cite/cell_a/arm_1/attached_collision_object' for attached collision objects
[move_group-15] [INFO] [1788563062.730502096] [cite.cell_a.arm_1.move_group.moveit.ros.planning_scene_monitor]: Stopping existing planning scene publisher.
[move_group-15] [INFO] [1788563062.730973593] [cite.cell_a.arm_1.move_group.moveit.ros.planning_scene_monitor]: Stopped publishing maintained planning scene.
[move_group-15] [INFO] [1788563062.731472536] [cite.cell_a.arm_1.move_group.moveit.ros.planning_scene_monitor]: Publishing maintained planning scene on 'monitored_planning_scene'
[move_group-15] [INFO] [1788563062.731577059] [cite.cell_a.arm_1.move_group.moveit.ros.planning_scene_monitor]: Starting planning scene monitor
[move_group-15] [INFO] [1788563062.737024377] [cite.cell_a.arm_1.move_group.moveit.ros.planning_scene_monitor]: Listening to '/cite/cell_a/arm_1/planning_scene'
[move_group-15] [INFO] [1788563062.737059240] [cite.cell_a.arm_1.move_group.moveit.ros.planning_scene_monitor]: Starting world geometry update monitor for collision objects, attached objects, octomap updates.
[move_group-15] [INFO] [1788563062.737629397] [cite.cell_a.arm_1.move_group.moveit.ros.planning_scene_monitor]: Listening to 'collision_object'
[move_group-15] [INFO] [1788563062.738075356] [cite.cell_a.arm_1.move_group.moveit.ros.planning_scene_monitor]: Listening to 'planning_scene_world' for planning scene world geometry
[move_group-15] [ERROR] [1788563062.738433778] [cite.cell_a.arm_1.move_group.moveit.ros.occupancy_map_monitor]: No 3D sensor plugin(s) defined for octomap updates
[gz-1] [1;33m[Wrn] [conveyor.cpp:169] [0m[1;33m[cite_conveyor] belt at [0m[1;33m1.05[0m[1;33m [0m[1;33m0[0m[1;33m [0m[1;33m0.6[0m[1;33m [0m[1;33m0[0m[1;33m [0m[1;33m0[0m[1;33m [0m[1;33m0[0m[1;33m commanded on '[0m[1;33m/cite/cell_a/conveyor_1/command[0m[1;33m', reporting on '[0m[1;33m/cite/cell_a/conveyor_1/state[0m[1;33m'[0m
[gz-1] [1;33m[Wrn] [conveyor.cpp:169] [0m[1;33m[cite_conveyor] belt at [0m[1;33m3.15[0m[1;33m [0m[1;33m0[0m[1;33m [0m[1;33m0.6[0m[1;33m [0m[1;33m0[0m[1;33m [0m[1;33m0[0m[1;33m [0m[1;33m0[0m[1;33m commanded on '[0m[1;33m/cite/cell_a/conveyor_2/command[0m[1;33m', reporting on '[0m[1;33m/cite/cell_a/conveyor_2/state[0m[1;33m'[0m
[gz-1] [1;33m[Wrn] [conveyor.cpp:169] [0m[1;33m[cite_conveyor] belt at [0m[1;33m5.25[0m[1;33m [0m[1;33m0[0m[1;33m [0m[1;33m0.6[0m[1;33m [0m[1;33m0[0m[1;33m [0m[1;33m0[0m[1;33m [0m[1;33m0[0m[1;33m commanded on '[0m[1;33m/cite/cell_a/conveyor_3/command[0m[1;33m', reporting on '[0m[1;33m/cite/cell_a/conveyor_3/state[0m[1;33m'[0m
[gz-1] [1;33m[Wrn] [break_beam.cpp:189] [0m[1;33m[cite_beam] beam at [0m[1;33m1.627[0m[1;33m [0m[1;33m0.25[0m[1;33m [0m[1;33m0.63[0m[1;33m [0m[1;33m0[0m[1;33m [0m[1;33m0[0m[1;33m [0m[1;33m0[0m[1;33m reporting on '[0m[1;33m/cite/cell_a/beam_c1_out/detection[0m[1;33m'[0m
[gz-1] [1;33m[Wrn] [break_beam.cpp:189] [0m[1;33m[cite_beam] beam at [0m[1;33m3.727[0m[1;33m [0m[1;33m0.25[0m[1;33m [0m[1;33m0.63[0m[1;33m [0m[1;33m0[0m[1;33m [0m[1;33m0[0m[1;33m [0m[1;33m0[0m[1;33m reporting on '[0m[1;33m/cite/cell_a/beam_c2_out/detection[0m[1;33m'[0m
[gz-1] [1;33m[Wrn] [break_beam.cpp:189] [0m[1;33m[cite_beam] beam at [0m[1;33m5.75[0m[1;33m [0m[1;33m0.25[0m[1;33m [0m[1;33m0.63[0m[1;33m [0m[1;33m0[0m[1;33m [0m[1;33m0[0m[1;33m [0m[1;33m0[0m[1;33m reporting on '[0m[1;33m/cite/cell_a/beam_c3_out/detection[0m[1;33m'[0m
[gz-1] [1;33m[Wrn] [break_beam.cpp:189] [0m[1;33m[cite_beam] beam at [0m[1;33m-0.475[0m[1;33m [0m[1;33m0.25[0m[1;33m [0m[1;33m0.63[0m[1;33m [0m[1;33m0[0m[1;33m [0m[1;33m0[0m[1;33m [0m[1;33m0[0m[1;33m reporting on '[0m[1;33m/cite/cell_a/beam_pick/detection[0m[1;33m'[0m
[move_group-15] [INFO] [1788563062.990061514] [cite.cell_a.arm_1.move_group.moveit.planners.pilz.joint_limits_aggregator]: Reading limits from namespace robot_description_planning
[move_group-15] [INFO] [1788563063.001202460] [cite.cell_a.arm_1.move_group.moveit.planners.pilz.command_planner]: Available plugins: pilz_industrial_motion_planner/PlanningContextLoaderCIRC pilz_industrial_motion_planner/PlanningContextLoaderLIN pilz_industrial_motion_planner/PlanningContextLoaderPTP 
[move_group-15] [INFO] [1788563063.001242563] [cite.cell_a.arm_1.move_group.moveit.planners.pilz.command_planner]: About to load: pilz_industrial_motion_planner/PlanningContextLoaderCIRC
[move_group-15] [INFO] [1788563063.003743050] [cite.cell_a.arm_1.move_group.moveit.planners.pilz.command_planner]: Registered Algorithm [CIRC]
[move_group-15] [INFO] [1788563063.003843917] [cite.cell_a.arm_1.move_group.moveit.planners.pilz.command_planner]: About to load: pilz_industrial_motion_planner/PlanningContextLoaderLIN
[create-8] [INFO] [1788563063.004267751] [spawn_arm_2]: Requesting list of world names.
[move_group-15] [INFO] [1788563063.005048775] [cite.cell_a.arm_1.move_group.moveit.planners.pilz.command_planner]: Registered Algorithm [LIN]
[move_group-15] [INFO] [1788563063.005075411] [cite.cell_a.arm_1.move_group.moveit.planners.pilz.command_planner]: About to load: pilz_industrial_motion_planner/PlanningContextLoaderPTP
[move_group-15] [INFO] [1788563063.006046388] [cite.cell_a.arm_1.move_group.moveit.planners.pilz.command_planner]: Registered Algorithm [PTP]
[move_group-15] [INFO] [1788563063.006075190] [cite.cell_a.arm_1.move_group.moveit.ros.planning_pipeline]: Successfully loaded planner 'Pilz Industrial Motion Planner'
[move_group-16] [WARN] [1788563063.006544817] [rcl.logging_rosout]: Publisher already registered for node name: 'move_group'. If this is due to multiple nodes with the same name then all logs for the logger named 'cite.cell_a.arm_2.move_group' will go out over the existing publisher. As soon as any node with that name is destructed it will unregister the publisher, preventing any further logs for that name from being published on the rosout topic.
[move_group-15] [INFO] [1788563063.008361680] [cite.cell_a.arm_1.move_group]: Try loading adapter 'default_planning_request_adapters/ResolveConstraintFrames'
[move_group-15] [INFO] [1788563063.009309713] [cite.cell_a.arm_1.move_group]: Loaded adapter 'default_planning_request_adapters/ResolveConstraintFrames'
[move_group-15] [INFO] [1788563063.009329956] [cite.cell_a.arm_1.move_group]: Try loading adapter 'default_planning_request_adapters/ValidateWorkspaceBounds'
[move_group-15] [INFO] [1788563063.009702135] [cite.cell_a.arm_1.move_group]: Loaded adapter 'default_planning_request_adapters/ValidateWorkspaceBounds'
[move_group-15] [INFO] [1788563063.009718103] [cite.cell_a.arm_1.move_group]: Try loading adapter 'default_planning_request_adapters/CheckStartStateBounds'
[move_group-15] [INFO] [1788563063.009735643] [cite.cell_a.arm_1.move_group]: Loaded adapter 'default_planning_request_adapters/CheckStartStateBounds'
[move_group-15] [INFO] [1788563063.009739637] [cite.cell_a.arm_1.move_group]: Try loading adapter 'default_planning_request_adapters/CheckStartStateCollision'
[move_group-15] [INFO] [1788563063.009751778] [cite.cell_a.arm_1.move_group]: Loaded adapter 'default_planning_request_adapters/CheckStartStateCollision'
[move_group-15] [INFO] [1788563063.011623943] [cite.cell_a.arm_1.move_group]: Try loading adapter 'default_planning_response_adapters/ValidateSolution'
[move_group-16] [WARN] [1788563063.016068455] [rcl.logging_rosout]: Publisher already registered for node name: 'move_group'. If this is due to multiple nodes with the same name then all logs for the logger named 'cite.cell_a.arm_2.move_group' will go out over the existing publisher. As soon as any node with that name is destructed it will unregister the publisher, preventing any further logs for that name from being published on the rosout topic.
[move_group-15] [INFO] [1788563063.016238589] [cite.cell_a.arm_1.move_group]: Loaded adapter 'default_planning_response_adapters/ValidateSolution'
[move_group-15] [INFO] [1788563063.016262967] [cite.cell_a.arm_1.move_group]: Try loading adapter 'default_planning_response_adapters/DisplayMotionPath'
[move_group-17] [WARN] [1788563063.016831636] [rcl.logging_rosout]: Publisher already registered for node name: 'move_group'. If this is due to multiple nodes with the same name then all logs for the logger named 'cite.cell_a.arm_3.move_group' will go out over the existing publisher. As soon as any node with that name is destructed it will unregister the publisher, preventing any further logs for that name from being published on the rosout topic.
[move_group-15] [INFO] [1788563063.016975820] [cite.cell_a.arm_1.move_group]: Loaded adapter 'default_planning_response_adapters/DisplayMotionPath'
[move_group-17] [WARN] [1788563063.026882597] [rcl.logging_rosout]: Publisher already registered for node name: 'move_group'. If this is due to multiple nodes with the same name then all logs for the logger named 'cite.cell_a.arm_3.move_group' will go out over the existing publisher. As soon as any node with that name is destructed it will unregister the publisher, preventing any further logs for that name from being published on the rosout topic.
[move_group-16] [INFO] [1788563063.028066137] [cite.cell_a.arm_2.move_group.moveit.ros.rdf_loader]: Loaded robot model in 0 seconds
[move_group-16] [INFO] [1788563063.028148990] [cite.cell_a.arm_2.move_group.moveit.core.robot_model]: Loading robot model 'arm_2'...
[move_group-16] [INFO] [1788563063.028162084] [cite.cell_a.arm_2.move_group.moveit.core.robot_model]: No root/virtual joint specified in SRDF. Assuming fixed joint
[move_group-15] [INFO] [1788563063.031931968] [cite.cell_a.arm_1.move_group.moveit.ros.planning_pipeline]: Successfully loaded planner 'OMPL'
[move_group-15] [INFO] [1788563063.034018238] [cite.cell_a.arm_1.move_group]: Try loading adapter 'default_planning_request_adapters/ResolveConstraintFrames'
[move_group-15] [INFO] [1788563063.034176978] [cite.cell_a.arm_1.move_group]: Loaded adapter 'default_planning_request_adapters/ResolveConstraintFrames'
[move_group-15] [INFO] [1788563063.034183264] [cite.cell_a.arm_1.move_group]: Try loading adapter 'default_planning_request_adapters/ValidateWorkspaceBounds'
[move_group-15] [INFO] [1788563063.034485894] [cite.cell_a.arm_1.move_group]: Loaded adapter 'default_planning_request_adapters/ValidateWorkspaceBounds'
[move_group-15] [INFO] [1788563063.034503894] [cite.cell_a.arm_1.move_group]: Try loading adapter 'default_planning_request_adapters/CheckStartStateBounds'
[move_group-15] [INFO] [1788563063.034527605] [cite.cell_a.arm_1.move_group]: Loaded adapter 'default_planning_request_adapters/CheckStartStateBounds'
[move_group-15] [INFO] [1788563063.034552789] [cite.cell_a.arm_1.move_group]: Try loading adapter 'default_planning_request_adapters/CheckStartStateCollision'
[move_group-15] [INFO] [1788563063.034568095] [cite.cell_a.arm_1.move_group]: Loaded adapter 'default_planning_request_adapters/CheckStartStateCollision'
[move_group-15] [INFO] [1788563063.035865407] [cite.cell_a.arm_1.move_group]: Try loading adapter 'default_planning_response_adapters/AddTimeOptimalParameterization'
[move_group-15] [INFO] [1788563063.036409436] [cite.cell_a.arm_1.move_group]: Loaded adapter 'default_planning_response_adapters/AddTimeOptimalParameterization'
[move_group-15] [INFO] [1788563063.036430458] [cite.cell_a.arm_1.move_group]: Try loading adapter 'default_planning_response_adapters/ValidateSolution'
[move_group-15] [INFO] [1788563063.037090904] [cite.cell_a.arm_1.move_group]: Loaded adapter 'default_planning_response_adapters/ValidateSolution'
[move_group-15] [INFO] [1788563063.037110732] [cite.cell_a.arm_1.move_group]: Try loading adapter 'default_planning_response_adapters/DisplayMotionPath'
[move_group-15] [INFO] [1788563063.037590788] [cite.cell_a.arm_1.move_group]: Loaded adapter 'default_planning_response_adapters/DisplayMotionPath'
[move_group-17] [INFO] [1788563063.038197329] [cite.cell_a.arm_3.move_group.moveit.ros.rdf_loader]: Loaded robot model in 0 seconds
[move_group-17] [INFO] [1788563063.038283221] [cite.cell_a.arm_3.move_group.moveit.core.robot_model]: Loading robot model 'arm_3'...
[move_group-17] [INFO] [1788563063.038299475] [cite.cell_a.arm_3.move_group.moveit.core.robot_model]: No root/virtual joint specified in SRDF. Assuming fixed joint
[move_group-15] [WARN] [1788563063.039289358] [rcl.logging_rosout]: Publisher already registered for node name: 'move_group'. If this is due to multiple nodes with the same name then all logs for the logger named 'cite.cell_a.arm_1.move_group' will go out over the existing publisher. As soon as any node with that name is destructed it will unregister the publisher, preventing any further logs for that name from being published on the rosout topic.
[move_group-16] [INFO] [1788563063.044249664] [cite.cell_a.arm_2.move_group.moveit.kinematics.kdl_kinematics_plugin]: Joint weights for group 'arm_2_xarm5': 1 1 1 1 1
[move_group-17] [INFO] [1788563063.055571034] [cite.cell_a.arm_3.move_group.moveit.kinematics.kdl_kinematics_plugin]: Joint weights for group 'arm_3_xarm5': 1 1 1 1 1
[move_group-15] [INFO] [1788563063.075878058] [cite.cell_a.arm_1.move_group.moveit.plugins.simple_controller_manager]: Added FollowJointTrajectory controller for arm_1_joint_trajectory_controller
[move_group-15] [INFO] [1788563063.075942444] [cite.cell_a.arm_1.move_group.moveit.plugins.simple_controller_manager]: arm_1_gripper_controller will command a max effort of: 0
[move_group-15] [INFO] [1788563063.080902790] [cite.cell_a.arm_1.move_group.moveit.plugins.simple_controller_manager]: Added GripperCommand controller for arm_1_gripper_controller
[move_group-15] [INFO] [1788563063.081079545] [cite.cell_a.arm_1.move_group.moveit.plugins.simple_controller_manager]: Returned 2 controllers in list
[move_group-15] [INFO] [1788563063.081111114] [cite.cell_a.arm_1.move_group.moveit.plugins.simple_controller_manager]: Returned 2 controllers in list
[move_group-15] [INFO] [1788563063.081603739] [cite.cell_a.arm_1.move_group.moveit.ros.trajectory_execution_manager]: Trajectory execution is not managing controllers
[move_group-15] [INFO] [1788563063.081625649] [cite.cell_a.arm_1.move_group]: MoveGroup debug mode is ON
[create-6] [INFO] [1788563063.087958487] [spawn_arm_1]: Waiting messages on topic [/cite/cell_a/arm_1/robot_description].
[spawner-14] [INFO] [1788563063.118904551] [spawn_arm_1_stage0]: waiting for service /cite/cell_a/arm_1/controller_manager/list_controllers to become available...
[move_group-16] [INFO] [1788563063.122912080] [cite.cell_a.arm_2.move_group.moveit.ros.planning_scene_monitor]: Publishing maintained planning scene on 'monitored_planning_scene'
[move_group-16] [INFO] [1788563063.123103828] [cite.cell_a.arm_2.move_group.moveit.ros.moveit_cpp]: Listening to 'joint_states' for joint states
[move_group-16] [INFO] [1788563063.124257498] [cite.cell_a.arm_2.move_group.moveit.ros.current_state_monitor]: Listening to joint states on topic 'joint_states'
[move_group-16] [INFO] [1788563063.124954977] [cite.cell_a.arm_2.move_group.moveit.ros.planning_scene_monitor]: Listening to '/cite/cell_a/arm_2/attached_collision_object' for attached collision objects
[move_group-16] [INFO] [1788563063.124973849] [cite.cell_a.arm_2.move_group.moveit.ros.planning_scene_monitor]: Stopping existing planning scene publisher.
[move_group-16] [INFO] [1788563063.125170991] [cite.cell_a.arm_2.move_group.moveit.ros.planning_scene_monitor]: Stopped publishing maintained planning scene.
[move_group-16] [INFO] [1788563063.125753295] [cite.cell_a.arm_2.move_group.moveit.ros.planning_scene_monitor]: Publishing maintained planning scene on 'monitored_planning_scene'
[move_group-16] [INFO] [1788563063.125854714] [cite.cell_a.arm_2.move_group.moveit.ros.planning_scene_monitor]: Starting planning scene monitor
[move_group-16] [INFO] [1788563063.127062194] [cite.cell_a.arm_2.move_group.moveit.ros.planning_scene_monitor]: Listening to '/cite/cell_a/arm_2/planning_scene'
[move_group-16] [INFO] [1788563063.127085057] [cite.cell_a.arm_2.move_group.moveit.ros.planning_scene_monitor]: Starting world geometry update monitor for collision objects, attached objects, octomap updates.
[move_group-16] [INFO] [1788563063.128252415] [cite.cell_a.arm_2.move_group.moveit.ros.planning_scene_monitor]: Listening to 'collision_object'
[move_group-16] [INFO] [1788563063.129038229] [cite.cell_a.arm_2.move_group.moveit.ros.planning_scene_monitor]: Listening to 'planning_scene_world' for planning scene world geometry
[move_group-16] [ERROR] [1788563063.129429831] [cite.cell_a.arm_2.move_group.moveit.ros.occupancy_map_monitor]: No 3D sensor plugin(s) defined for octomap updates
[move_group-17] [INFO] [1788563063.129698352] [cite.cell_a.arm_3.move_group.moveit.ros.planning_scene_monitor]: Publishing maintained planning scene on 'monitored_planning_scene'
[move_group-17] [INFO] [1788563063.129889039] [cite.cell_a.arm_3.move_group.moveit.ros.moveit_cpp]: Listening to 'joint_states' for joint states
[move_group-17] [INFO] [1788563063.131677093] [cite.cell_a.arm_3.move_group.moveit.ros.current_state_monitor]: Listening to joint states on topic 'joint_states'
[move_group-17] [INFO] [1788563063.132868890] [cite.cell_a.arm_3.move_group.moveit.ros.planning_scene_monitor]: Listening to '/cite/cell_a/arm_3/attached_collision_object' for attached collision objects
[move_group-17] [INFO] [1788563063.132893702] [cite.cell_a.arm_3.move_group.moveit.ros.planning_scene_monitor]: Stopping existing planning scene publisher.
[move_group-17] [INFO] [1788563063.133048093] [cite.cell_a.arm_3.move_group.moveit.ros.planning_scene_monitor]: Stopped publishing maintained planning scene.
[move_group-17] [INFO] [1788563063.133654558] [cite.cell_a.arm_3.move_group.moveit.ros.planning_scene_monitor]: Publishing maintained planning scene on 'monitored_planning_scene'
[move_group-17] [INFO] [1788563063.133745062] [cite.cell_a.arm_3.move_group.moveit.ros.planning_scene_monitor]: Starting planning scene monitor
[move_group-17] [INFO] [1788563063.134259885] [cite.cell_a.arm_3.move_group.moveit.ros.planning_scene_monitor]: Listening to '/cite/cell_a/arm_3/planning_scene'
[move_group-17] [INFO] [1788563063.134277334] [cite.cell_a.arm_3.move_group.moveit.ros.planning_scene_monitor]: Starting world geometry update monitor for collision objects, attached objects, octomap updates.
[move_group-17] [INFO] [1788563063.135139339] [cite.cell_a.arm_3.move_group.moveit.ros.planning_scene_monitor]: Listening to 'collision_object'
[move_group-17] [INFO] [1788563063.135583121] [cite.cell_a.arm_3.move_group.moveit.ros.planning_scene_monitor]: Listening to 'planning_scene_world' for planning scene world geometry
[move_group-17] [ERROR] [1788563063.135898833] [cite.cell_a.arm_3.move_group.moveit.ros.occupancy_map_monitor]: No 3D sensor plugin(s) defined for octomap updates
[move_group-15] [INFO] [1788563063.140652734] [cite.cell_a.arm_1.move_group.moveit.ros.move_group.executable]: 
[move_group-15] 
[move_group-15] ********************************************************
[move_group-15] * MoveGroup using: 
[move_group-15] *     - apply_planning_scene_service
[move_group-15] *     - clear_octomap_service
[move_group-15] *     - get_group_urdf
[move_group-15] *     - load_geometry_from_file
[move_group-15] *     - CartesianPathService
[move_group-15] *     - execute_trajectory_action
[move_group-15] *     - get_planning_scene_service
[move_group-15] *     - kinematics_service
[move_group-15] *     - move_action
[move_group-15] *     - motion_plan_service
[move_group-15] *     - query_planners_service
[move_group-15] *     - state_validation_service
[move_group-15] *     - save_geometry_to_file
[move_group-15] ********************************************************
[move_group-15] 
[move_group-15] [INFO] [1788563063.140710341] [cite.cell_a.arm_1.move_group.moveit.ros.move_group.context]: MoveGroup context using pipeline pilz_industrial_motion_planner
[move_group-15] [INFO] [1788563063.140721871] [cite.cell_a.arm_1.move_group.moveit.ros.move_group.context]: MoveGroup context initialization complete
[move_group-15] [96mLoading 'move_group/ApplyPlanningSceneService'...[0m
[move_group-15] [96mLoading 'move_group/ClearOctomapService'...[0m
[move_group-15] [96mLoading 'move_group/GetUrdfService'...[0m
[move_group-15] [96mLoading 'move_group/LoadGeometryFromFileService'...[0m
[move_group-15] [96mLoading 'move_group/MoveGroupCartesianPathService'...[0m
[move_group-15] [96mLoading 'move_group/MoveGroupExecuteTrajectoryAction'...[0m
[move_group-15] [96mLoading 'move_group/MoveGroupGetPlanningSceneService'...[0m
[move_group-15] [96mLoading 'move_group/MoveGroupKinematicsService'...[0m
[move_group-15] [96mLoading 'move_group/MoveGroupMoveAction'...[0m
[move_group-15] [96mLoading 'move_group/MoveGroupPlanService'...[0m
[move_group-15] [96mLoading 'move_group/MoveGroupQueryPlannersService'...[0m
[move_group-15] [96mLoading 'move_group/MoveGroupStateValidationService'...[0m
[move_group-15] [96mLoading 'move_group/SaveGeometryToFileService'...[0m
[move_group-15] 
[move_group-15] [92mYou can start planning now![0m
[move_group-15] 
[move_group-16] [INFO] [1788563063.143793253] [cite.cell_a.arm_2.move_group.moveit.planners.pilz.joint_limits_aggregator]: Reading limits from namespace robot_description_planning
[move_group-17] [INFO] [1788563063.149371347] [cite.cell_a.arm_3.move_group.moveit.planners.pilz.joint_limits_aggregator]: Reading limits from namespace robot_description_planning
[move_group-16] [INFO] [1788563063.150818736] [cite.cell_a.arm_2.move_group.moveit.planners.pilz.command_planner]: Available plugins: pilz_industrial_motion_planner/PlanningContextLoaderCIRC pilz_industrial_motion_planner/PlanningContextLoaderLIN pilz_industrial_motion_planner/PlanningContextLoaderPTP 
[move_group-16] [INFO] [1788563063.150871711] [cite.cell_a.arm_2.move_group.moveit.planners.pilz.command_planner]: About to load: pilz_industrial_motion_planner/PlanningContextLoaderCIRC
[move_group-16] [INFO] [1788563063.152417427] [cite.cell_a.arm_2.move_group.moveit.planners.pilz.command_planner]: Registered Algorithm [CIRC]
[move_group-16] [INFO] [1788563063.152443103] [cite.cell_a.arm_2.move_group.moveit.planners.pilz.command_planner]: About to load: pilz_industrial_motion_planner/PlanningContextLoaderLIN
[move_group-16] [INFO] [1788563063.153408670] [cite.cell_a.arm_2.move_group.moveit.planners.pilz.command_planner]: Registered Algorithm [LIN]
[move_group-16] [INFO] [1788563063.153432622] [cite.cell_a.arm_2.move_group.moveit.planners.pilz.command_planner]: About to load: pilz_industrial_motion_planner/PlanningContextLoaderPTP
[move_group-16] [INFO] [1788563063.155216092] [cite.cell_a.arm_2.move_group.moveit.planners.pilz.command_planner]: Registered Algorithm [PTP]
[move_group-16] [INFO] [1788563063.155242592] [cite.cell_a.arm_2.move_group.moveit.ros.planning_pipeline]: Successfully loaded planner 'Pilz Industrial Motion Planner'
[move_group-17] [INFO] [1788563063.156064125] [cite.cell_a.arm_3.move_group.moveit.planners.pilz.command_planner]: Available plugins: pilz_industrial_motion_planner/PlanningContextLoaderCIRC pilz_industrial_motion_planner/PlanningContextLoaderLIN pilz_industrial_motion_planner/PlanningContextLoaderPTP 
[move_group-17] [INFO] [1788563063.156088281] [cite.cell_a.arm_3.move_group.moveit.planners.pilz.command_planner]: About to load: pilz_industrial_motion_planner/PlanningContextLoaderCIRC
[move_group-16] [INFO] [1788563063.156691842] [cite.cell_a.arm_2.move_group]: Try loading adapter 'default_planning_request_adapters/ResolveConstraintFrames'
[move_group-17] [INFO] [1788563063.157155532] [cite.cell_a.arm_3.move_group.moveit.planners.pilz.command_planner]: Registered Algorithm [CIRC]
[move_group-17] [INFO] [1788563063.157174737] [cite.cell_a.arm_3.move_group.moveit.planners.pilz.command_planner]: About to load: pilz_industrial_motion_planner/PlanningContextLoaderLIN
[move_group-16] [INFO] [1788563063.157481844] [cite.cell_a.arm_2.move_group]: Loaded adapter 'default_planning_request_adapters/ResolveConstraintFrames'
[move_group-16] [INFO] [1788563063.157496346] [cite.cell_a.arm_2.move_group]: Try loading adapter 'default_planning_request_adapters/ValidateWorkspaceBounds'
[move_group-16] [INFO] [1788563063.157809539] [cite.cell_a.arm_2.move_group]: Loaded adapter 'default_planning_request_adapters/ValidateWorkspaceBounds'
[move_group-16] [INFO] [1788563063.157823357] [cite.cell_a.arm_2.move_group]: Try loading adapter 'default_planning_request_adapters/CheckStartStateBounds'
[move_group-16] [INFO] [1788563063.157844068] [cite.cell_a.arm_2.move_group]: Loaded adapter 'default_planning_request_adapters/CheckStartStateBounds'
[move_group-16] [INFO] [1788563063.157850035] [cite.cell_a.arm_2.move_group]: Try loading adapter 'default_planning_request_adapters/CheckStartStateCollision'
[move_group-16] [INFO] [1788563063.157862511] [cite.cell_a.arm_2.move_group]: Loaded adapter 'default_planning_request_adapters/CheckStartStateCollision'
[move_group-17] [INFO] [1788563063.157910653] [cite.cell_a.arm_3.move_group.moveit.planners.pilz.command_planner]: Registered Algorithm [LIN]
[move_group-17] [INFO] [1788563063.157926291] [cite.cell_a.arm_3.move_group.moveit.planners.pilz.command_planner]: About to load: pilz_industrial_motion_planner/PlanningContextLoaderPTP
[move_group-17] [INFO] [1788563063.158615863] [cite.cell_a.arm_3.move_group.moveit.planners.pilz.command_planner]: Registered Algorithm [PTP]
[move_group-17] [INFO] [1788563063.158633323] [cite.cell_a.arm_3.move_group.moveit.ros.planning_pipeline]: Successfully loaded planner 'Pilz Industrial Motion Planner'
[move_group-16] [INFO] [1788563063.159013993] [cite.cell_a.arm_2.move_group]: Try loading adapter 'default_planning_response_adapters/ValidateSolution'
[move_group-17] [INFO] [1788563063.159839653] [cite.cell_a.arm_3.move_group]: Try loading adapter 'default_planning_request_adapters/ResolveConstraintFrames'
[move_group-17] [INFO] [1788563063.160571419] [cite.cell_a.arm_3.move_group]: Loaded adapter 'default_planning_request_adapters/ResolveConstraintFrames'
[move_group-17] [INFO] [1788563063.160589208] [cite.cell_a.arm_3.move_group]: Try loading adapter 'default_planning_request_adapters/ValidateWorkspaceBounds'
[move_group-17] [INFO] [1788563063.161121967] [cite.cell_a.arm_3.move_group]: Loaded adapter 'default_planning_request_adapters/ValidateWorkspaceBounds'
[move_group-17] [INFO] [1788563063.161139536] [cite.cell_a.arm_3.move_group]: Try loading adapter 'default_planning_request_adapters/CheckStartStateBounds'
[move_group-17] [INFO] [1788563063.161163331] [cite.cell_a.arm_3.move_group]: Loaded adapter 'default_planning_request_adapters/CheckStartStateBounds'
[move_group-17] [INFO] [1788563063.161168862] [cite.cell_a.arm_3.move_group]: Try loading adapter 'default_planning_request_adapters/CheckStartStateCollision'
[move_group-17] [INFO] [1788563063.161184907] [cite.cell_a.arm_3.move_group]: Loaded adapter 'default_planning_request_adapters/CheckStartStateCollision'
[move_group-17] [INFO] [1788563063.162662892] [cite.cell_a.arm_3.move_group]: Try loading adapter 'default_planning_response_adapters/ValidateSolution'
[move_group-16] [INFO] [1788563063.163223969] [cite.cell_a.arm_2.move_group]: Loaded adapter 'default_planning_response_adapters/ValidateSolution'
[move_group-16] [INFO] [1788563063.163241865] [cite.cell_a.arm_2.move_group]: Try loading adapter 'default_planning_response_adapters/DisplayMotionPath'
[move_group-16] [INFO] [1788563063.163891266] [cite.cell_a.arm_2.move_group]: Loaded adapter 'default_planning_response_adapters/DisplayMotionPath'
[move_group-17] [INFO] [1788563063.166681078] [cite.cell_a.arm_3.move_group]: Loaded adapter 'default_planning_response_adapters/ValidateSolution'
[move_group-17] [INFO] [1788563063.166699040] [cite.cell_a.arm_3.move_group]: Try loading adapter 'default_planning_response_adapters/DisplayMotionPath'
[move_group-17] [INFO] [1788563063.167262896] [cite.cell_a.arm_3.move_group]: Loaded adapter 'default_planning_response_adapters/DisplayMotionPath'
[move_group-16] [INFO] [1788563063.173770842] [cite.cell_a.arm_2.move_group.moveit.ros.planning_pipeline]: Successfully loaded planner 'OMPL'
[move_group-16] [INFO] [1788563063.174942875] [cite.cell_a.arm_2.move_group]: Try loading adapter 'default_planning_request_adapters/ResolveConstraintFrames'
[move_group-16] [INFO] [1788563063.175061798] [cite.cell_a.arm_2.move_group]: Loaded adapter 'default_planning_request_adapters/ResolveConstraintFrames'
[move_group-16] [INFO] [1788563063.175067783] [cite.cell_a.arm_2.move_group]: Try loading adapter 'default_planning_request_adapters/ValidateWorkspaceBounds'
[move_group-16] [INFO] [1788563063.175341287] [cite.cell_a.arm_2.move_group]: Loaded adapter 'default_planning_request_adapters/ValidateWorkspaceBounds'
[move_group-16] [INFO] [1788563063.175354061] [cite.cell_a.arm_2.move_group]: Try loading adapter 'default_planning_request_adapters/CheckStartStateBounds'
[move_group-16] [INFO] [1788563063.175370573] [cite.cell_a.arm_2.move_group]: Loaded adapter 'default_planning_request_adapters/CheckStartStateBounds'
[move_group-16] [INFO] [1788563063.175390316] [cite.cell_a.arm_2.move_group]: Try loading adapter 'default_planning_request_adapters/CheckStartStateCollision'
[move_group-16] [INFO] [1788563063.175399856] [cite.cell_a.arm_2.move_group]: Loaded adapter 'default_planning_request_adapters/CheckStartStateCollision'
[move_group-16] [INFO] [1788563063.176451911] [cite.cell_a.arm_2.move_group]: Try loading adapter 'default_planning_response_adapters/AddTimeOptimalParameterization'
[move_group-17] [INFO] [1788563063.176471207] [cite.cell_a.arm_3.move_group.moveit.ros.planning_pipeline]: Successfully loaded planner 'OMPL'
[move_group-16] [INFO] [1788563063.176976985] [cite.cell_a.arm_2.move_group]: Loaded adapter 'default_planning_response_adapters/AddTimeOptimalParameterization'
[move_group-16] [INFO] [1788563063.176990707] [cite.cell_a.arm_2.move_group]: Try loading adapter 'default_planning_response_adapters/ValidateSolution'
[move_group-16] [INFO] [1788563063.177491660] [cite.cell_a.arm_2.move_group]: Loaded adapter 'default_planning_response_adapters/ValidateSolution'
[move_group-16] [INFO] [1788563063.177503354] [cite.cell_a.arm_2.move_group]: Try loading adapter 'default_planning_response_adapters/DisplayMotionPath'
[move_group-17] [INFO] [1788563063.177836741] [cite.cell_a.arm_3.move_group]: Try loading adapter 'default_planning_request_adapters/ResolveConstraintFrames'
[move_group-16] [INFO] [1788563063.177901302] [cite.cell_a.arm_2.move_group]: Loaded adapter 'default_planning_response_adapters/DisplayMotionPath'
[move_group-17] [INFO] [1788563063.178009558] [cite.cell_a.arm_3.move_group]: Loaded adapter 'default_planning_request_adapters/ResolveConstraintFrames'
[move_group-17] [INFO] [1788563063.178023430] [cite.cell_a.arm_3.move_group]: Try loading adapter 'default_planning_request_adapters/ValidateWorkspaceBounds'
[move_group-17] [INFO] [1788563063.178277904] [cite.cell_a.arm_3.move_group]: Loaded adapter 'default_planning_request_adapters/ValidateWorkspaceBounds'
[move_group-17] [INFO] [1788563063.178292064] [cite.cell_a.arm_3.move_group]: Try loading adapter 'default_planning_request_adapters/CheckStartStateBounds'
[move_group-17] [INFO] [1788563063.178319986] [cite.cell_a.arm_3.move_group]: Loaded adapter 'default_planning_request_adapters/CheckStartStateBounds'
[move_group-17] [INFO] [1788563063.178341802] [cite.cell_a.arm_3.move_group]: Try loading adapter 'default_planning_request_adapters/CheckStartStateCollision'
[move_group-17] [INFO] [1788563063.178358824] [cite.cell_a.arm_3.move_group]: Loaded adapter 'default_planning_request_adapters/CheckStartStateCollision'
[move_group-16] [WARN] [1788563063.179348305] [rcl.logging_rosout]: Publisher already registered for node name: 'move_group'. If this is due to multiple nodes with the same name then all logs for the logger named 'cite.cell_a.arm_2.move_group' will go out over the existing publisher. As soon as any node with that name is destructed it will unregister the publisher, preventing any further logs for that name from being published on the rosout topic.
[move_group-17] [INFO] [1788563063.179932377] [cite.cell_a.arm_3.move_group]: Try loading adapter 'default_planning_response_adapters/AddTimeOptimalParameterization'
[move_group-17] [INFO] [1788563063.180555244] [cite.cell_a.arm_3.move_group]: Loaded adapter 'default_planning_response_adapters/AddTimeOptimalParameterization'
[move_group-17] [INFO] [1788563063.180571073] [cite.cell_a.arm_3.move_group]: Try loading adapter 'default_planning_response_adapters/ValidateSolution'
[move_group-17] [INFO] [1788563063.181313307] [cite.cell_a.arm_3.move_group]: Loaded adapter 'default_planning_response_adapters/ValidateSolution'
[move_group-17] [INFO] [1788563063.181332438] [cite.cell_a.arm_3.move_group]: Try loading adapter 'default_planning_response_adapters/DisplayMotionPath'
[move_group-17] [INFO] [1788563063.181806238] [cite.cell_a.arm_3.move_group]: Loaded adapter 'default_planning_response_adapters/DisplayMotionPath'
[move_group-17] [WARN] [1788563063.183497288] [rcl.logging_rosout]: Publisher already registered for node name: 'move_group'. If this is due to multiple nodes with the same name then all logs for the logger named 'cite.cell_a.arm_3.move_group' will go out over the existing publisher. As soon as any node with that name is destructed it will unregister the publisher, preventing any further logs for that name from being published on the rosout topic.
[create-4] [INFO] [1788563063.183498038] [spawn_scene]: Waiting messages on topic [robot_description].
[move_group-16] [INFO] [1788563063.219527680] [cite.cell_a.arm_2.move_group.moveit.plugins.simple_controller_manager]: Added FollowJointTrajectory controller for arm_2_joint_trajectory_controller
[move_group-16] [INFO] [1788563063.219599376] [cite.cell_a.arm_2.move_group.moveit.plugins.simple_controller_manager]: arm_2_gripper_controller will command a max effort of: 0
[move_group-16] [INFO] [1788563063.223355920] [cite.cell_a.arm_2.move_group.moveit.plugins.simple_controller_manager]: Added GripperCommand controller for arm_2_gripper_controller
[move_group-16] [INFO] [1788563063.223552538] [cite.cell_a.arm_2.move_group.moveit.plugins.simple_controller_manager]: Returned 2 controllers in list
[move_group-16] [INFO] [1788563063.223587185] [cite.cell_a.arm_2.move_group.moveit.plugins.simple_controller_manager]: Returned 2 controllers in list
[move_group-16] [INFO] [1788563063.224217787] [cite.cell_a.arm_2.move_group.moveit.ros.trajectory_execution_manager]: Trajectory execution is not managing controllers
[move_group-16] [INFO] [1788563063.224239609] [cite.cell_a.arm_2.move_group]: MoveGroup debug mode is ON
[move_group-17] [INFO] [1788563063.225422334] [cite.cell_a.arm_3.move_group.moveit.plugins.simple_controller_manager]: Added FollowJointTrajectory controller for arm_3_joint_trajectory_controller
[move_group-17] [INFO] [1788563063.225558381] [cite.cell_a.arm_3.move_group.moveit.plugins.simple_controller_manager]: arm_3_gripper_controller will command a max effort of: 0
[move_group-17] [INFO] [1788563063.229017500] [cite.cell_a.arm_3.move_group.moveit.plugins.simple_controller_manager]: Added GripperCommand controller for arm_3_gripper_controller
[move_group-17] [INFO] [1788563063.229176373] [cite.cell_a.arm_3.move_group.moveit.plugins.simple_controller_manager]: Returned 2 controllers in list
[move_group-17] [INFO] [1788563063.229208100] [cite.cell_a.arm_3.move_group.moveit.plugins.simple_controller_manager]: Returned 2 controllers in list
[move_group-17] [INFO] [1788563063.229611995] [cite.cell_a.arm_3.move_group.moveit.ros.trajectory_execution_manager]: Trajectory execution is not managing controllers
[move_group-17] [INFO] [1788563063.229632442] [cite.cell_a.arm_3.move_group]: MoveGroup debug mode is ON
[move_group-16] [INFO] [1788563063.247409788] [cite.cell_a.arm_2.move_group.moveit.ros.move_group.executable]: 
[move_group-16] 
[move_group-16] ********************************************************
[move_group-16] * MoveGroup using: 
[move_group-16] *     - apply_planning_scene_service
[move_group-16] *     - clear_octomap_service
[move_group-16] *     - get_group_urdf
[move_group-16] *     - load_geometry_from_file
[move_group-16] *     - CartesianPathService
[move_group-16] *     - execute_trajectory_action
[move_group-16] *     - get_planning_scene_service
[move_group-16] *     - kinematics_service
[move_group-16] *     - move_action
[move_group-16] *     - motion_plan_service
[move_group-16] *     - query_planners_service
[move_group-16] *     - state_validation_service
[move_group-16] *     - save_geometry_to_file
[move_group-16] ********************************************************
[move_group-16] 
[move_group-16] [INFO] [1788563063.247459718] [cite.cell_a.arm_2.move_group.moveit.ros.move_group.context]: MoveGroup context using pipeline pilz_industrial_motion_planner
[move_group-16] [INFO] [1788563063.247468416] [cite.cell_a.arm_2.move_group.moveit.ros.move_group.context]: MoveGroup context initialization complete
[move_group-16] [96mLoading 'move_group/ApplyPlanningSceneService'...[0m
[move_group-16] [96mLoading 'move_group/ClearOctomapService'...[0m
[move_group-16] [96mLoading 'move_group/GetUrdfService'...[0m
[move_group-16] [96mLoading 'move_group/LoadGeometryFromFileService'...[0m
[move_group-16] [96mLoading 'move_group/MoveGroupCartesianPathService'...[0m
[move_group-16] [96mLoading 'move_group/MoveGroupExecuteTrajectoryAction'...[0m
[move_group-16] [96mLoading 'move_group/MoveGroupGetPlanningSceneService'...[0m
[move_group-16] [96mLoading 'move_group/MoveGroupKinematicsService'...[0m
[move_group-16] [96mLoading 'move_group/MoveGroupMoveAction'...[0m
[move_group-16] [96mLoading 'move_group/MoveGroupPlanService'...[0m
[move_group-16] [96mLoading 'move_group/MoveGroupQueryPlannersService'...[0m
[move_group-16] [96mLoading 'move_group/MoveGroupStateValidationService'...[0m
[move_group-16] [96mLoading 'move_group/SaveGeometryToFileService'...[0m
[move_group-16] 
[move_group-16] [92mYou can start planning now![0m
[move_group-16] 
[move_group-17] [INFO] [1788563063.250667711] [cite.cell_a.arm_3.move_group.moveit.ros.move_group.executable]: 
[move_group-17] 
[move_group-17] ********************************************************
[move_group-17] * MoveGroup using: 
[move_group-17] *     - apply_planning_scene_service
[move_group-17] *     - clear_octomap_service
[move_group-17] *     - get_group_urdf
[move_group-17] *     - load_geometry_from_file
[move_group-17] *     - CartesianPathService
[move_group-17] *     - execute_trajectory_action
[move_group-17] *     - get_planning_scene_service
[move_group-17] *     - kinematics_service
[move_group-17] *     - move_action
[move_group-17] *     - motion_plan_service
[move_group-17] *     - query_planners_service
[move_group-17] *     - state_validation_service
[move_group-17] *     - save_geometry_to_file
[move_group-17] ********************************************************
[move_group-17] 
[move_group-17] [INFO] [1788563063.250723016] [cite.cell_a.arm_3.move_group.moveit.ros.move_group.context]: MoveGroup context using pipeline pilz_industrial_motion_planner
[move_group-17] [INFO] [1788563063.250734022] [cite.cell_a.arm_3.move_group.moveit.ros.move_group.context]: MoveGroup context initialization complete
[move_group-17] [96mLoading 'move_group/ApplyPlanningSceneService'...[0m
[move_group-17] [96mLoading 'move_group/ClearOctomapService'...[0m
[move_group-17] [96mLoading 'move_group/GetUrdfService'...[0m
[move_group-17] [96mLoading 'move_group/LoadGeometryFromFileService'...[0m
[move_group-17] [96mLoading 'move_group/MoveGroupCartesianPathService'...[0m
[move_group-17] [96mLoading 'move_group/MoveGroupExecuteTrajectoryAction'...[0m
[move_group-17] [96mLoading 'move_group/MoveGroupGetPlanningSceneService'...[0m
[move_group-17] [96mLoading 'move_group/MoveGroupKinematicsService'...[0m
[move_group-17] [96mLoading 'move_group/MoveGroupMoveAction'...[0m
[move_group-17] [96mLoading 'move_group/MoveGroupPlanService'...[0m
[move_group-17] [96mLoading 'move_group/MoveGroupQueryPlannersService'...[0m
[move_group-17] [96mLoading 'move_group/MoveGroupStateValidationService'...[0m
[move_group-17] [96mLoading 'move_group/SaveGeometryToFileService'...[0m
[move_group-17] 
[move_group-17] [92mYou can start planning now![0m
[move_group-17] 
[create-10] [INFO] [1788563063.283609943] [spawn_arm_3]: Waiting messages on topic [/cite/cell_a/arm_3/robot_description].
[topology_server.py-13] [INFO] [1788563063.295877206] [cite.facility.topology_server]: configured with 5 station(s) and 4 edge(s)
[model_info.py-12] [INFO] [1788563063.356231977] [cite.facility.model_info]: configured for model 95dbbdd9f18c
[create-6] [INFO] [1788563063.382760688] [spawn_arm_1]: Entity creation successful.
[create-4] [INFO] [1788563063.382788064] [spawn_scene]: Entity creation successful.
[create-10] [INFO] [1788563063.382875587] [spawn_arm_3]: Entity creation successful.
[create-8] [INFO] [1788563063.384002717] [spawn_arm_2]: Waiting messages on topic [/cite/cell_a/arm_2/robot_description].
[create-8] [INFO] [1788563063.396309750] [spawn_arm_2]: Entity creation successful.
[INFO] [create-10]: process has finished cleanly [pid 1083]
[INFO] [create-4]: process has finished cleanly [pid 1077]
[INFO] [create-6]: process has finished cleanly [pid 1079]
[INFO] [create-8]: process has finished cleanly [pid 1081]
[gz-1] [1;33mWarning [parser_urdf.cc:1170][0m multiple inconsistent <self_collide> exists due to fixed joint reduction overwriting previous value [1] with [0].
[gz-1] [1;31m[Err] [SystemLoader.cc:92] [0m[1;31mFailed to load system plugin [[0m[1;31mlibgazebo_mimic_joint_plugin.so[0m[1;31m] : Could not find shared library.[0m[1;31m[0m
[gz-1] [1;31m[Err] [SystemLoader.cc:92] [0m[1;31mFailed to load system plugin [[0m[1;31mlibgazebo_mimic_joint_plugin.so[0m[1;31m] : Could not find shared library.[0m[1;31m[0m
[gz-1] [1;31m[Err] [SystemLoader.cc:92] [0m[1;31mFailed to load system plugin [[0m[1;31mlibgazebo_mimic_joint_plugin.so[0m[1;31m] : Could not find shared library.[0m[1;31m[0m
[gz-1] [1;31m[Err] [SystemLoader.cc:92] [0m[1;31mFailed to load system plugin [[0m[1;31mlibgazebo_mimic_joint_plugin.so[0m[1;31m] : Could not find shared library.[0m[1;31m[0m
[gz-1] [1;31m[Err] [SystemLoader.cc:92] [0m[1;31mFailed to load system plugin [[0m[1;31mlibgazebo_mimic_joint_plugin.so[0m[1;31m] : Could not find shared library.[0m[1;31m[0m
[gz-1] [INFO] [1788563064.858407038] [cite.cell_a.arm_1.gz_ros_control]: [gz_ros2_control] Fixed joint ['arm_1_mount_world_anchor'] (Entity='60') is skipped.
[gz-1] [INFO] [1788563064.860204754] [cite.cell_a.arm_1.gz_ros_control]: Loading controller_manager
[gz-1] [INFO] [1788563064.870568513] [cite.cell_a.arm_1.controller_manager]: Using ROS clock for triggering controller manager cycles.
[gz-1] [INFO] [1788563064.873282701] [cite.cell_a.arm_1.controller_manager]: Subscribing to '/cite/cell_a/arm_1/robot_description' topic for robot description.
[gz-1] [WARN] [1788563064.874956099] [cite.cell_a.arm_1.gz_ros_control]: Waiting RM to load and initialize hardware...
[gz-1] [INFO] [1788563065.034640461] [cite.cell_a.arm_1.controller_manager]: Received robot description from topic.
[gz-1] [INFO] [1788563065.037201820] [cite.cell_a.arm_1.gz_ros_control]: Using JointLimiter for joint 'arm_1_joint5' in hardware 'arm_1_gz_ros2_control/GazeboSimSystem' : '  has position limits: true [-6.28319, 6.28319]
[gz-1]   has velocity limits: true [3.14]
[gz-1]   has acceleration limits: false [nan]
[gz-1]   has deceleration limits: false [nan]
[gz-1]   has jerk limits: false [nan]
[gz-1]   has effort limits: true [20]
[gz-1]   angle wraparound: false'
[gz-1] [INFO] [1788563065.037240156] [cite.cell_a.arm_1.gz_ros_control]: Creating JointSaturationLimiter for joint 'arm_1_joint5' in hardware 'arm_1_gz_ros2_control/GazeboSimSystem'
[gz-1] [INFO] [1788563065.037274436] [cite.cell_a.arm_1.gz_ros_control]: Using JointLimiter for joint 'arm_1_joint4' in hardware 'arm_1_gz_ros2_control/GazeboSimSystem' : '  has position limits: true [-1.69297, 3.14159]
[gz-1]   has velocity limits: true [3.14]
[gz-1]   has acceleration limits: false [nan]
[gz-1]   has deceleration limits: false [nan]
[gz-1]   has jerk limits: false [nan]
[gz-1]   has effort limits: true [20]
[gz-1]   angle wraparound: false'
[gz-1] [INFO] [1788563065.037278498] [cite.cell_a.arm_1.gz_ros_control]: Creating JointSaturationLimiter for joint 'arm_1_joint4' in hardware 'arm_1_gz_ros2_control/GazeboSimSystem'
[gz-1] [INFO] [1788563065.037284091] [cite.cell_a.arm_1.gz_ros_control]: Using JointLimiter for joint 'arm_1_joint2' in hardware 'arm_1_gz_ros2_control/GazeboSimSystem' : '  has position limits: true [-2.059, 2.0944]
[gz-1]   has velocity limits: true [3.14]
[gz-1]   has acceleration limits: false [nan]
[gz-1]   has deceleration limits: false [nan]
[gz-1]   has jerk limits: false [nan]
[gz-1]   has effort limits: true [50]
[gz-1]   angle wraparound: false'
[gz-1] [INFO] [1788563065.037288367] [cite.cell_a.arm_1.gz_ros_control]: Creating JointSaturationLimiter for joint 'arm_1_joint2' in hardware 'arm_1_gz_ros2_control/GazeboSimSystem'
[gz-1] [INFO] [1788563065.037293626] [cite.cell_a.arm_1.gz_ros_control]: Using JointLimiter for joint 'arm_1_joint3' in hardware 'arm_1_gz_ros2_control/GazeboSimSystem' : '  has position limits: true [-3.927, 0.19198]
[gz-1]   has velocity limits: true [3.14]
[gz-1]   has acceleration limits: false [nan]
[gz-1]   has deceleration limits: false [nan]
[gz-1]   has jerk limits: false [nan]
[gz-1]   has effort limits: true [30]
[gz-1]   angle wraparound: false'
[gz-1] [INFO] [1788563065.037299634] [cite.cell_a.arm_1.gz_ros_control]: Creating JointSaturationLimiter for joint 'arm_1_joint3' in hardware 'arm_1_gz_ros2_control/GazeboSimSystem'
[gz-1] [INFO] [1788563065.037304832] [cite.cell_a.arm_1.gz_ros_control]: Using JointLimiter for joint 'arm_1_joint1' in hardware 'arm_1_gz_ros2_control/GazeboSimSystem' : '  has position limits: true [-6.28319, 6.28319]
[gz-1]   has velocity limits: true [3.14]
[gz-1]   has acceleration limits: false [nan]
[gz-1]   has deceleration limits: false [nan]
[gz-1]   has jerk limits: false [nan]
[gz-1]   has effort limits: true [50]
[gz-1]   angle wraparound: false'
[gz-1] [INFO] [1788563065.037309445] [cite.cell_a.arm_1.gz_ros_control]: Creating JointSaturationLimiter for joint 'arm_1_joint1' in hardware 'arm_1_gz_ros2_control/GazeboSimSystem'
[gz-1] [INFO] [1788563065.037315518] [cite.cell_a.arm_1.gz_ros_control]: Using JointLimiter for joint 'arm_1_right_inner_knuckle_joint' in hardware 'arm_1_XArmGripperSystem' : '  has position limits: true [0, 0.85]
[gz-1]   has velocity limits: true [2]
[gz-1]   has acceleration limits: false [nan]
[gz-1]   has deceleration limits: false [nan]
[gz-1]   has jerk limits: false [nan]
[gz-1]   has effort limits: true [50]
[gz-1]   angle wraparound: false'
[gz-1] [INFO] [1788563065.037336860] [cite.cell_a.arm_1.gz_ros_control]: Creating JointSaturationLimiter for joint 'arm_1_right_inner_knuckle_joint' in hardware 'arm_1_XArmGripperSystem'
[gz-1] [INFO] [1788563065.037344438] [cite.cell_a.arm_1.gz_ros_control]: Using JointLimiter for joint 'arm_1_right_finger_joint' in hardware 'arm_1_XArmGripperSystem' : '  has position limits: true [0, 0.85]
[gz-1]   has velocity limits: true [2]
[gz-1]   has acceleration limits: false [nan]
[gz-1]   has deceleration limits: false [nan]
[gz-1]   has jerk limits: false [nan]
[gz-1]   has effort limits: true [50]
[gz-1]   angle wraparound: false'
[gz-1] [INFO] [1788563065.037357277] [cite.cell_a.arm_1.gz_ros_control]: Creating JointSaturationLimiter for joint 'arm_1_right_finger_joint' in hardware 'arm_1_XArmGripperSystem'
[gz-1] [INFO] [1788563065.037362855] [cite.cell_a.arm_1.gz_ros_control]: Using JointLimiter for joint 'arm_1_right_outer_knuckle_joint' in hardware 'arm_1_XArmGripperSystem' : '  has position limits: true [0, 0.85]
[gz-1]   has velocity limits: true [2]
[gz-1]   has acceleration limits: false [nan]
[gz-1]   has deceleration limits: false [nan]
[gz-1]   has jerk limits: false [nan]
[gz-1]   has effort limits: true [50]
[gz-1]   angle wraparound: false'
[gz-1] [INFO] [1788563065.037366405] [cite.cell_a.arm_1.gz_ros_control]: Creating JointSaturationLimiter for joint 'arm_1_right_outer_knuckle_joint' in hardware 'arm_1_XArmGripperSystem'
[gz-1] [INFO] [1788563065.037371792] [cite.cell_a.arm_1.gz_ros_control]: Using JointLimiter for joint 'arm_1_left_inner_knuckle_joint' in hardware 'arm_1_XArmGripperSystem' : '  has position limits: true [0, 0.85]
[gz-1]   has velocity limits: true [2]
[gz-1]   has acceleration limits: false [nan]
[gz-1]   has deceleration limits: false [nan]
[gz-1]   has jerk limits: false [nan]
[gz-1]   has effort limits: true [50]
[gz-1]   angle wraparound: false'
[gz-1] [INFO] [1788563065.037376584] [cite.cell_a.arm_1.gz_ros_control]: Creating JointSaturationLimiter for joint 'arm_1_left_inner_knuckle_joint' in hardware 'arm_1_XArmGripperSystem'
[gz-1] [INFO] [1788563065.037382142] [cite.cell_a.arm_1.gz_ros_control]: Using JointLimiter for joint 'arm_1_left_finger_joint' in hardware 'arm_1_XArmGripperSystem' : '  has position limits: true [0, 0.85]
[gz-1]   has velocity limits: true [2]
[gz-1]   has acceleration limits: false [nan]
[gz-1]   has deceleration limits: false [nan]
[gz-1]   has jerk limits: false [nan]
[gz-1]   has effort limits: true [50]
[gz-1]   angle wraparound: false'
[gz-1] [INFO] [1788563065.037385612] [cite.cell_a.arm_1.gz_ros_control]: Creating JointSaturationLimiter for joint 'arm_1_left_finger_joint' in hardware 'arm_1_XArmGripperSystem'
[gz-1] [INFO] [1788563065.037391052] [cite.cell_a.arm_1.gz_ros_control]: Using JointLimiter for joint 'arm_1_drive_joint' in hardware 'arm_1_XArmGripperSystem' : '  has position limits: true [0, 0.85]
[gz-1]   has velocity limits: true [1]
[gz-1]   has acceleration limits: false [nan]
[gz-1]   has deceleration limits: false [nan]
[gz-1]   has jerk limits: false [nan]
[gz-1]   has effort limits: true [50]
[gz-1]   angle wraparound: false'
[gz-1] [INFO] [1788563065.037394444] [cite.cell_a.arm_1.gz_ros_control]: Creating JointSaturationLimiter for joint 'arm_1_drive_joint' in hardware 'arm_1_XArmGripperSystem'
[gz-1] [INFO] [1788563065.037402256] [cite.cell_a.arm_1.controller_manager]: Enforcing command limits is enabled...
[gz-1] [INFO] [1788563065.040471985] [cite.cell_a.arm_1.gz_ros_control]: The position_proportional_gain has been set to: 0.1
[gz-1] [INFO] [1788563065.040509918] [cite.cell_a.arm_1.gz_ros_control]: Loading joint: arm_1_joint1
[gz-1] [INFO] [1788563065.040515633] [cite.cell_a.arm_1.gz_ros_control]: 	State:
[gz-1] [INFO] [1788563065.040520275] [cite.cell_a.arm_1.gz_ros_control]: 		 position
[gz-1] [INFO] [1788563065.040524081] [cite.cell_a.arm_1.gz_ros_control]: 		 velocity
[gz-1] [INFO] [1788563065.040529650] [cite.cell_a.arm_1.gz_ros_control]: 	Command:
[gz-1] [INFO] [1788563065.040532407] [cite.cell_a.arm_1.gz_ros_control]: 		 position
[gz-1] [INFO] [1788563065.040539633] [cite.cell_a.arm_1.gz_ros_control]: 		 velocity
[gz-1] [INFO] [1788563065.040546286] [cite.cell_a.arm_1.gz_ros_control]: Loading joint: arm_1_joint2
[gz-1] [INFO] [1788563065.040549181] [cite.cell_a.arm_1.gz_ros_control]: 	State:
[gz-1] [INFO] [1788563065.040551628] [cite.cell_a.arm_1.gz_ros_control]: 		 position
[gz-1] [INFO] [1788563065.040554548] [cite.cell_a.arm_1.gz_ros_control]: 		 velocity
[gz-1] [INFO] [1788563065.040566397] [cite.cell_a.arm_1.gz_ros_control]: 	Command:
[gz-1] [INFO] [1788563065.040569431] [cite.cell_a.arm_1.gz_ros_control]: 		 position
[gz-1] [INFO] [1788563065.040574025] [cite.cell_a.arm_1.gz_ros_control]: 		 velocity
[gz-1] [INFO] [1788563065.040581566] [cite.cell_a.arm_1.gz_ros_control]: Loading joint: arm_1_joint3
[gz-1] [INFO] [1788563065.040584466] [cite.cell_a.arm_1.gz_ros_control]: 	State:
[gz-1] [INFO] [1788563065.040587003] [cite.cell_a.arm_1.gz_ros_control]: 		 position
[gz-1] [INFO] [1788563065.040589850] [cite.cell_a.arm_1.gz_ros_control]: 		 velocity
[gz-1] [INFO] [1788563065.040592445] [cite.cell_a.arm_1.gz_ros_control]: 	Command:
[gz-1] [INFO] [1788563065.040594789] [cite.cell_a.arm_1.gz_ros_control]: 		 position
[gz-1] [INFO] [1788563065.040598828] [cite.cell_a.arm_1.gz_ros_control]: 		 velocity
[gz-1] [INFO] [1788563065.040603872] [cite.cell_a.arm_1.gz_ros_control]: Loading joint: arm_1_joint4
[gz-1] [INFO] [1788563065.040606560] [cite.cell_a.arm_1.gz_ros_control]: 	State:
[gz-1] [INFO] [1788563065.040608905] [cite.cell_a.arm_1.gz_ros_control]: 		 position
[gz-1] [INFO] [1788563065.040611441] [cite.cell_a.arm_1.gz_ros_control]: 		 velocity
[gz-1] [INFO] [1788563065.040613808] [cite.cell_a.arm_1.gz_ros_control]: 	Command:
[gz-1] [INFO] [1788563065.040616046] [cite.cell_a.arm_1.gz_ros_control]: 		 position
[gz-1] [INFO] [1788563065.040619654] [cite.cell_a.arm_1.gz_ros_control]: 		 velocity
[gz-1] [INFO] [1788563065.040625200] [cite.cell_a.arm_1.gz_ros_control]: Loading joint: arm_1_joint5
[gz-1] [INFO] [1788563065.040627802] [cite.cell_a.arm_1.gz_ros_control]: 	State:
[gz-1] [INFO] [1788563065.040630110] [cite.cell_a.arm_1.gz_ros_control]: 		 position
[gz-1] [INFO] [1788563065.040633173] [cite.cell_a.arm_1.gz_ros_control]: 		 velocity
[gz-1] [INFO] [1788563065.040635763] [cite.cell_a.arm_1.gz_ros_control]: 	Command:
[gz-1] [INFO] [1788563065.040638117] [cite.cell_a.arm_1.gz_ros_control]: 		 position
[gz-1] [INFO] [1788563065.040642515] [cite.cell_a.arm_1.gz_ros_control]: 		 velocity
[gz-1] [INFO] [1788563065.040734062] [cite.cell_a.arm_1.controller_manager]: Initialize hardware 'arm_1_gz_ros2_control/GazeboSimSystem' 
[gz-1] [WARN] [1788563065.040749788] [cite.cell_a.arm_1.controller_manager.hardware_component.system.arm_1_gz_ros2_control/GazeboSimSystem]: Executor is not available during hardware component initialization for 'arm_1_gz_ros2_control/GazeboSimSystem'. Skipping node creation!
[gz-1] [INFO] [1788563065.040811072] [cite.cell_a.arm_1.controller_manager]: Successful initialization of hardware 'arm_1_gz_ros2_control/GazeboSimSystem'
[gz-1] [INFO] [1788563065.041015557] [cite.cell_a.arm_1.gz_ros_control]: The position_proportional_gain has been set to: 0.1
[gz-1] [INFO] [1788563065.041031991] [cite.cell_a.arm_1.gz_ros_control]: Loading joint: arm_1_drive_joint
[gz-1] [INFO] [1788563065.041036340] [cite.cell_a.arm_1.gz_ros_control]: 	State:
[gz-1] [INFO] [1788563065.041039384] [cite.cell_a.arm_1.gz_ros_control]: 		 position
[gz-1] [INFO] [1788563065.041042465] [cite.cell_a.arm_1.gz_ros_control]: 		 velocity
[gz-1] [INFO] [1788563065.041045647] [cite.cell_a.arm_1.gz_ros_control]: 	Command:
[gz-1] [INFO] [1788563065.041048500] [cite.cell_a.arm_1.gz_ros_control]: 		 position
[gz-1] [INFO] [1788563065.041053947] [cite.cell_a.arm_1.gz_ros_control]: 		 velocity
[gz-1] [INFO] [1788563065.041060972] [cite.cell_a.arm_1.gz_ros_control]: Loading joint: arm_1_left_finger_joint
[gz-1] [INFO] [1788563065.041065476] [cite.cell_a.arm_1.gz_ros_control]: Joint 'arm_1_left_finger_joint'is mimicking joint 'arm_1_drive_joint' with multiplier: 1 and offset: 0
[gz-1] [INFO] [1788563065.041079399] [cite.cell_a.arm_1.gz_ros_control]: 	State:
[gz-1] [INFO] [1788563065.041081956] [cite.cell_a.arm_1.gz_ros_control]: 		 position
[gz-1] [INFO] [1788563065.041084773] [cite.cell_a.arm_1.gz_ros_control]: 		 velocity
[gz-1] [INFO] [1788563065.041087391] [cite.cell_a.arm_1.gz_ros_control]: 	Command:
[gz-1] [INFO] [1788563065.041092840] [cite.cell_a.arm_1.gz_ros_control]: Loading joint: arm_1_left_inner_knuckle_joint
[gz-1] [INFO] [1788563065.041096346] [cite.cell_a.arm_1.gz_ros_control]: Joint 'arm_1_left_inner_knuckle_joint'is mimicking joint 'arm_1_drive_joint' with multiplier: 1 and offset: 0
[gz-1] [INFO] [1788563065.041099246] [cite.cell_a.arm_1.gz_ros_control]: 	State:
[gz-1] [INFO] [1788563065.041108223] [cite.cell_a.arm_1.gz_ros_control]: 		 position
[gz-1] [INFO] [1788563065.041111563] [cite.cell_a.arm_1.gz_ros_control]: 		 velocity
[gz-1] [INFO] [1788563065.041114127] [cite.cell_a.arm_1.gz_ros_control]: 	Command:
[gz-1] [INFO] [1788563065.041120903] [cite.cell_a.arm_1.gz_ros_control]: Loading joint: arm_1_right_outer_knuckle_joint
[gz-1] [INFO] [1788563065.041124808] [cite.cell_a.arm_1.gz_ros_control]: Joint 'arm_1_right_outer_knuckle_joint'is mimicking joint 'arm_1_drive_joint' with multiplier: 1 and offset: 0
[gz-1] [INFO] [1788563065.041127878] [cite.cell_a.arm_1.gz_ros_control]: 	State:
[gz-1] [INFO] [1788563065.041130328] [cite.cell_a.arm_1.gz_ros_control]: 		 position
[gz-1] [INFO] [1788563065.041133016] [cite.cell_a.arm_1.gz_ros_control]: 		 velocity
[gz-1] [INFO] [1788563065.041135570] [cite.cell_a.arm_1.gz_ros_control]: 	Command:
[gz-1] [INFO] [1788563065.041141282] [cite.cell_a.arm_1.gz_ros_control]: Loading joint: arm_1_right_finger_joint
[gz-1] [INFO] [1788563065.041144689] [cite.cell_a.arm_1.gz_ros_control]: Joint 'arm_1_right_finger_joint'is mimicking joint 'arm_1_drive_joint' with multiplier: 1 and offset: 0
[gz-1] [INFO] [1788563065.041149122] [cite.cell_a.arm_1.gz_ros_control]: 	State:
[gz-1] [INFO] [1788563065.041151801] [cite.cell_a.arm_1.gz_ros_control]: 		 position
[gz-1] [INFO] [1788563065.041155309] [cite.cell_a.arm_1.gz_ros_control]: 		 velocity
[gz-1] [INFO] [1788563065.041157937] [cite.cell_a.arm_1.gz_ros_control]: 	Command:
[gz-1] [INFO] [1788563065.041162722] [cite.cell_a.arm_1.gz_ros_control]: Loading joint: arm_1_right_inner_knuckle_joint
[gz-1] [INFO] [1788563065.041166134] [cite.cell_a.arm_1.gz_ros_control]: Joint 'arm_1_right_inner_knuckle_joint'is mimicking joint 'arm_1_drive_joint' with multiplier: 1 and offset: 0
[gz-1] [INFO] [1788563065.041169223] [cite.cell_a.arm_1.gz_ros_control]: 	State:
[gz-1] [INFO] [1788563065.041171659] [cite.cell_a.arm_1.gz_ros_control]: 		 position
[gz-1] [INFO] [1788563065.041174833] [cite.cell_a.arm_1.gz_ros_control]: 		 velocity
[gz-1] [INFO] [1788563065.041177506] [cite.cell_a.arm_1.gz_ros_control]: 	Command:
[gz-1] [INFO] [1788563065.041197163] [cite.cell_a.arm_1.controller_manager]: Initialize hardware 'arm_1_XArmGripperSystem' 
[gz-1] [WARN] [1788563065.041203156] [cite.cell_a.arm_1.controller_manager.hardware_component.system.arm_1_XArmGripperSystem]: Executor is not available during hardware component initialization for 'arm_1_XArmGripperSystem'. Skipping node creation!
[gz-1] [INFO] [1788563065.041231912] [cite.cell_a.arm_1.controller_manager]: Successful initialization of hardware 'arm_1_XArmGripperSystem'
[gz-1] [INFO] [1788563065.041286930] [cite.cell_a.arm_1.controller_manager]: Activating component 'arm_1_XArmGripperSystem'.
[gz-1] [INFO] [1788563065.041294818] [resource_manager]: 'configure' hardware 'arm_1_XArmGripperSystem' 
[gz-1] [INFO] [1788563065.041299237] [cite.cell_a.arm_1.gz_ros_control]: System Successfully configured!
[gz-1] [INFO] [1788563065.041302629] [resource_manager]: Successful 'configure' of hardware 'arm_1_XArmGripperSystem'
[gz-1] [INFO] [1788563065.041308984] [resource_manager]: 'activate' hardware 'arm_1_XArmGripperSystem' 
[gz-1] [INFO] [1788563065.041321807] [resource_manager]: Successful 'activate' of hardware 'arm_1_XArmGripperSystem'
[gz-1] [INFO] [1788563065.041382671] [cite.cell_a.arm_1.controller_manager]: Activating component 'arm_1_gz_ros2_control/GazeboSimSystem'.
[gz-1] [INFO] [1788563065.041386558] [resource_manager]: 'configure' hardware 'arm_1_gz_ros2_control/GazeboSimSystem' 
[gz-1] [INFO] [1788563065.041388104] [cite.cell_a.arm_1.gz_ros_control]: System Successfully configured!
[gz-1] [INFO] [1788563065.041392204] [resource_manager]: Successful 'configure' of hardware 'arm_1_gz_ros2_control/GazeboSimSystem'
[gz-1] [INFO] [1788563065.041396983] [resource_manager]: 'activate' hardware 'arm_1_gz_ros2_control/GazeboSimSystem' 
[gz-1] [INFO] [1788563065.041400593] [resource_manager]: Successful 'activate' of hardware 'arm_1_gz_ros2_control/GazeboSimSystem'
[gz-1] [WARN] [1788563065.041440358] [cite.cell_a.arm_1.controller_manager]: Component 'arm_1_XArmGripperSystem' does not have read or write statistics initialized, skipping registration.
[gz-1] [WARN] [1788563065.041445943] [cite.cell_a.arm_1.controller_manager]: Component 'arm_1_gz_ros2_control/GazeboSimSystem' does not have read or write statistics initialized, skipping registration.
[gz-1] [INFO] [1788563065.041461536] [cite.cell_a.arm_1.controller_manager]: Resource Manager has been successfully initialized. Starting Controller Manager services...
[frame_server.py-11] [INFO] [1788563065.582268373] [cite.facility.frame_server]: configured with 21 static transform(s)
[frame_server.py-11] [INFO] [1788563065.588356030] [cite.facility.frame_server]: published 21 static transform(s)
[move_group-15] [WARN] [1788563066.481842915] [cite.cell_a.arm_1.move_group.moveit.ros.planning_scene_monitor]: Unable to transform object from frame 'arm_3_xarm_gripper_base_link' to planning frame'arm_1_mount' (Could not find a connection between 'arm_1_mount' and 'arm_3_xarm_gripper_base_link' because they are not part of the same tree.Tf has two or more unconnected trees.)
[move_group-15] [WARN] [1788563066.481883620] [cite.cell_a.arm_1.move_group.moveit.ros.planning_scene_monitor]: Unable to transform object from frame 'arm_3_link_eef' to planning frame'arm_1_mount' (Could not find a connection between 'arm_1_mount' and 'arm_3_link_eef' because they are not part of the same tree.Tf has two or more unconnected trees.)
[move_group-15] [WARN] [1788563066.481915757] [cite.cell_a.arm_1.move_group.moveit.ros.planning_scene_monitor]: Unable to transform object from frame 'arm_3_link5' to planning frame'arm_1_mount' (Could not find a connection between 'arm_1_mount' and 'arm_3_link5' because they are not part of the same tree.Tf has two or more unconnected trees.)
[move_group-15] [WARN] [1788563066.481923012] [cite.cell_a.arm_1.move_group.moveit.ros.planning_scene_monitor]: Unable to transform object from frame 'arm_3_link_tcp' to planning frame'arm_1_mount' (Could not find a connection between 'arm_1_mount' and 'arm_3_link_tcp' because they are not part of the same tree.Tf has two or more unconnected trees.)
[move_group-15] [WARN] [1788563066.481950526] [cite.cell_a.arm_1.move_group.moveit.ros.planning_scene_monitor]: Unable to transform object from frame 'arm_2_xarm_gripper_base_link' to planning frame'arm_1_mount' (Could not find a connection between 'arm_1_mount' and 'arm_2_xarm_gripper_base_link' because they are not part of the same tree.Tf has two or more unconnected trees.)
[move_group-15] [WARN] [1788563066.481956710] [cite.cell_a.arm_1.move_group.moveit.ros.planning_scene_monitor]: Unable to transform object from frame 'arm_2_link_eef' to planning frame'arm_1_mount' (Could not find a connection between 'arm_1_mount' and 'arm_2_link_eef' because they are not part of the same tree.Tf has two or more unconnected trees.)
[move_group-15] [WARN] [1788563066.481962722] [cite.cell_a.arm_1.move_group.moveit.ros.planning_scene_monitor]: Unable to transform object from frame 'arm_2_link5' to planning frame'arm_1_mount' (Could not find a connection between 'arm_1_mount' and 'arm_2_link5' because they are not part of the same tree.Tf has two or more unconnected trees.)
[move_group-15] [WARN] [1788563066.481968809] [cite.cell_a.arm_1.move_group.moveit.ros.planning_scene_monitor]: Unable to transform object from frame 'arm_2_link_tcp' to planning frame'arm_1_mount' (Could not find a connection between 'arm_1_mount' and 'arm_2_link_tcp' because they are not part of the same tree.Tf has two or more unconnected trees.)
[gz-1] [1;33mWarning [parser_urdf.cc:1170][0m multiple inconsistent <self_collide> exists due to fixed joint reduction overwriting previous value [1] with [0].
[gz-1] [1;31m[Err] [SystemLoader.cc:92] [0m[1;31mFailed to load system plugin [[0m[1;31mlibgazebo_mimic_joint_plugin.so[0m[1;31m] : Could not find shared library.[0m[1;31m[0m
[gz-1] [1;31m[Err] [SystemLoader.cc:92] [0m[1;31mFailed to load system plugin [[0m[1;31mlibgazebo_mimic_joint_plugin.so[0m[1;31m] : Could not find shared library.[0m[1;31m[0m
[gz-1] [1;31m[Err] [SystemLoader.cc:92] [0m[1;31mFailed to load system plugin [[0m[1;31mlibgazebo_mimic_joint_plugin.so[0m[1;31m] : Could not find shared library.[0m[1;31m[0m
[gz-1] [1;31m[Err] [SystemLoader.cc:92] [0m[1;31mFailed to load system plugin [[0m[1;31mlibgazebo_mimic_joint_plugin.so[0m[1;31m] : Could not find shared library.[0m[1;31m[0m
[gz-1] [1;31m[Err] [SystemLoader.cc:92] [0m[1;31mFailed to load system plugin [[0m[1;31mlibgazebo_mimic_joint_plugin.so[0m[1;31m] : Could not find shared library.[0m[1;31m[0m
[gz-1] [INFO] [1788563066.956942850] [cite.cell_a.arm_3.gz_ros_control]: [gz_ros2_control] Fixed joint ['arm_3_mount_world_anchor'] (Entity='137') is skipped.
[gz-1] [INFO] [1788563066.958669996] [cite.cell_a.arm_3.gz_ros_control]: Loading controller_manager
[gz-1] [INFO] [1788563066.971674912] [cite.cell_a.arm_3.controller_manager]: Using ROS clock for triggering controller manager cycles.
[gz-1] [INFO] [1788563066.972431281] [cite.cell_a.arm_3.controller_manager]: Subscribing to '/cite/cell_a/arm_3/robot_description' topic for robot description.
[gz-1] [WARN] [1788563066.972820611] [cite.cell_a.arm_3.gz_ros_control]: Waiting RM to load and initialize hardware...
[gz-1] [INFO] [1788563067.413603580] [cite.cell_a.arm_1.controller_manager]: Loading controller : 'arm_1_joint_state_broadcaster' of type 'joint_state_broadcaster/JointStateBroadcaster'
[gz-1] [INFO] [1788563067.413651347] [cite.cell_a.arm_1.controller_manager]: Loading controller 'arm_1_joint_state_broadcaster'
[gz-1] [INFO] [1788563067.417779403] [cite.cell_a.arm_1.controller_manager]: Controller 'arm_1_joint_state_broadcaster' node arguments: --ros-args --params-file /workspace/workspace/install/cite_generated/share/cite_generated/control/cell_a_arm_1_controllers.yaml -p use_sim_time:=true --param use_sim_time:=true 
[spawner-14] [INFO] [1788563067.428993065] [spawn_arm_1_stage0]: Loaded arm_1_joint_state_broadcaster
[gz-1] [INFO] [1788563067.430071776] [cite.cell_a.arm_1.controller_manager]: Configuring controller: 'arm_1_joint_state_broadcaster'
[gz-1] [INFO] [1788563067.430216734] [cite.cell_a.arm_1.arm_1_joint_state_broadcaster]: 'joints' or 'interfaces' parameter is empty. All available state interfaces will be published
[gz-1] [INFO] [1788563067.439558319] [cite.cell_a.arm_1.controller_manager]: Activating controllers: [ arm_1_joint_state_broadcaster ]
[gz-1] [INFO] [1788563067.606991157] [cite.cell_a.arm_3.controller_manager]: Received robot description from topic.
[gz-1] [INFO] [1788563067.608637029] [cite.cell_a.arm_3.gz_ros_control]: Using JointLimiter for joint 'arm_3_joint5' in hardware 'arm_3_gz_ros2_control/GazeboSimSystem' : '  has position limits: true [-6.28319, 6.28319]
[gz-1]   has velocity limits: true [3.14]
[gz-1]   has acceleration limits: false [nan]
[gz-1]   has deceleration limits: false [nan]
[gz-1]   has jerk limits: false [nan]
[gz-1]   has effort limits: true [20]
[gz-1]   angle wraparound: false'
[gz-1] [INFO] [1788563067.608656878] [cite.cell_a.arm_3.gz_ros_control]: Creating JointSaturationLimiter for joint 'arm_3_joint5' in hardware 'arm_3_gz_ros2_control/GazeboSimSystem'
[gz-1] [INFO] [1788563067.608665026] [cite.cell_a.arm_3.gz_ros_control]: Using JointLimiter for joint 'arm_3_joint3' in hardware 'arm_3_gz_ros2_control/GazeboSimSystem' : '  has position limits: true [-3.927, 0.19198]
[gz-1]   has velocity limits: true [3.14]
[gz-1]   has acceleration limits: false [nan]
[gz-1]   has deceleration limits: false [nan]
[gz-1]   has jerk limits: false [nan]
[gz-1]   has effort limits: true [30]
[gz-1]   angle wraparound: false'
[gz-1] [INFO] [1788563067.608669087] [cite.cell_a.arm_3.gz_ros_control]: Creating JointSaturationLimiter for joint 'arm_3_joint3' in hardware 'arm_3_gz_ros2_control/GazeboSimSystem'
[gz-1] [INFO] [1788563067.608674499] [cite.cell_a.arm_3.gz_ros_control]: Using JointLimiter for joint 'arm_3_joint4' in hardware 'arm_3_gz_ros2_control/GazeboSimSystem' : '  has position limits: true [-1.69297, 3.14159]
[gz-1]   has velocity limits: true [3.14]
[gz-1]   has acceleration limits: false [nan]
[gz-1]   has deceleration limits: false [nan]
[gz-1]   has jerk limits: false [nan]
[gz-1]   has effort limits: true [20]
[gz-1]   angle wraparound: false'
[gz-1] [INFO] [1788563067.608678306] [cite.cell_a.arm_3.gz_ros_control]: Creating JointSaturationLimiter for joint 'arm_3_joint4' in hardware 'arm_3_gz_ros2_control/GazeboSimSystem'
[gz-1] [INFO] [1788563067.608683186] [cite.cell_a.arm_3.gz_ros_control]: Using JointLimiter for joint 'arm_3_joint2' in hardware 'arm_3_gz_ros2_control/GazeboSimSystem' : '  has position limits: true [-2.059, 2.0944]
[gz-1]   has velocity limits: true [3.14]
[gz-1]   has acceleration limits: false [nan]
[gz-1]   has deceleration limits: false [nan]
[gz-1]   has jerk limits: false [nan]
[gz-1]   has effort limits: true [50]
[gz-1]   angle wraparound: false'
[gz-1] [INFO] [1788563067.608696315] [cite.cell_a.arm_3.gz_ros_control]: Creating JointSaturationLimiter for joint 'arm_3_joint2' in hardware 'arm_3_gz_ros2_control/GazeboSimSystem'
[gz-1] [INFO] [1788563067.608702176] [cite.cell_a.arm_3.gz_ros_control]: Using JointLimiter for joint 'arm_3_joint1' in hardware 'arm_3_gz_ros2_control/GazeboSimSystem' : '  has position limits: true [-6.28319, 6.28319]
[gz-1]   has velocity limits: true [3.14]
[gz-1]   has acceleration limits: false [nan]
[gz-1]   has deceleration limits: false [nan]
[gz-1]   has jerk limits: false [nan]
[gz-1]   has effort limits: true [50]
[gz-1]   angle wraparound: false'
[gz-1] [INFO] [1788563067.608705750] [cite.cell_a.arm_3.gz_ros_control]: Creating JointSaturationLimiter for joint 'arm_3_joint1' in hardware 'arm_3_gz_ros2_control/GazeboSimSystem'
[gz-1] [INFO] [1788563067.608711410] [cite.cell_a.arm_3.gz_ros_control]: Using JointLimiter for joint 'arm_3_right_inner_knuckle_joint' in hardware 'arm_3_XArmGripperSystem' : '  has position limits: true [0, 0.85]
[gz-1]   has velocity limits: true [2]
[gz-1]   has acceleration limits: false [nan]
[gz-1]   has deceleration limits: false [nan]
[gz-1]   has jerk limits: false [nan]
[gz-1]   has effort limits: true [50]
[gz-1]   angle wraparound: false'
[gz-1] [INFO] [1788563067.608715111] [cite.cell_a.arm_3.gz_ros_control]: Creating JointSaturationLimiter for joint 'arm_3_right_inner_knuckle_joint' in hardware 'arm_3_XArmGripperSystem'
[gz-1] [INFO] [1788563067.608720856] [cite.cell_a.arm_3.gz_ros_control]: Using JointLimiter for joint 'arm_3_right_finger_joint' in hardware 'arm_3_XArmGripperSystem' : '  has position limits: true [0, 0.85]
[gz-1]   has velocity limits: true [2]
[gz-1]   has acceleration limits: false [nan]
[gz-1]   has deceleration limits: false [nan]
[gz-1]   has jerk limits: false [nan]
[gz-1]   has effort limits: true [50]
[gz-1]   angle wraparound: false'
[gz-1] [INFO] [1788563067.608724252] [cite.cell_a.arm_3.gz_ros_control]: Creating JointSaturationLimiter for joint 'arm_3_right_finger_joint' in hardware 'arm_3_XArmGripperSystem'
[gz-1] [INFO] [1788563067.608729609] [cite.cell_a.arm_3.gz_ros_control]: Using JointLimiter for joint 'arm_3_right_outer_knuckle_joint' in hardware 'arm_3_XArmGripperSystem' : '  has position limits: true [0, 0.85]
[gz-1]   has velocity limits: true [2]
[gz-1]   has acceleration limits: false [nan]
[gz-1]   has deceleration limits: false [nan]
[gz-1]   has jerk limits: false [nan]
[gz-1]   has effort limits: true [50]
[gz-1]   angle wraparound: false'
[gz-1] [INFO] [1788563067.608732866] [cite.cell_a.arm_3.gz_ros_control]: Creating JointSaturationLimiter for joint 'arm_3_right_outer_knuckle_joint' in hardware 'arm_3_XArmGripperSystem'
[gz-1] [INFO] [1788563067.608738008] [cite.cell_a.arm_3.gz_ros_control]: Using JointLimiter for joint 'arm_3_left_inner_knuckle_joint' in hardware 'arm_3_XArmGripperSystem' : '  has position limits: true [0, 0.85]
[gz-1]   has velocity limits: true [2]
[gz-1]   has acceleration limits: false [nan]
[gz-1]   has deceleration limits: false [nan]
[gz-1]   has jerk limits: false [nan]
[gz-1]   has effort limits: true [50]
[gz-1]   angle wraparound: false'
[gz-1] [INFO] [1788563067.608741378] [cite.cell_a.arm_3.gz_ros_control]: Creating JointSaturationLimiter for joint 'arm_3_left_inner_knuckle_joint' in hardware 'arm_3_XArmGripperSystem'
[gz-1] [INFO] [1788563067.608746573] [cite.cell_a.arm_3.gz_ros_control]: Using JointLimiter for joint 'arm_3_left_finger_joint' in hardware 'arm_3_XArmGripperSystem' : '  has position limits: true [0, 0.85]
[gz-1]   has velocity limits: true [2]
[gz-1]   has acceleration limits: false [nan]
[gz-1]   has deceleration limits: false [nan]
[gz-1]   has jerk limits: false [nan]
[gz-1]   has effort limits: true [50]
[gz-1]   angle wraparound: false'
[gz-1] [INFO] [1788563067.608750172] [cite.cell_a.arm_3.gz_ros_control]: Creating JointSaturationLimiter for joint 'arm_3_left_finger_joint' in hardware 'arm_3_XArmGripperSystem'
[gz-1] [INFO] [1788563067.608755412] [cite.cell_a.arm_3.gz_ros_control]: Using JointLimiter for joint 'arm_3_drive_joint' in hardware 'arm_3_XArmGripperSystem' : '  has position limits: true [0, 0.85]
[gz-1]   has velocity limits: true [1]
[gz-1]   has acceleration limits: false [nan]
[gz-1]   has deceleration limits: false [nan]
[gz-1]   has jerk limits: false [nan]
[gz-1]   has effort limits: true [50]
[gz-1]   angle wraparound: false'
[gz-1] [INFO] [1788563067.608760863] [cite.cell_a.arm_3.gz_ros_control]: Creating JointSaturationLimiter for joint 'arm_3_drive_joint' in hardware 'arm_3_XArmGripperSystem'
[gz-1] [INFO] [1788563067.608768207] [cite.cell_a.arm_3.controller_manager]: Enforcing command limits is enabled...
[gz-1] [INFO] [1788563067.610147046] [cite.cell_a.arm_3.gz_ros_control]: The position_proportional_gain has been set to: 0.1
[gz-1] [INFO] [1788563067.610179544] [cite.cell_a.arm_3.gz_ros_control]: Loading joint: arm_3_joint1
[gz-1] [INFO] [1788563067.610183812] [cite.cell_a.arm_3.gz_ros_control]: 	State:
[gz-1] [INFO] [1788563067.610187031] [cite.cell_a.arm_3.gz_ros_control]: 		 position
[gz-1] [INFO] [1788563067.610190071] [cite.cell_a.arm_3.gz_ros_control]: 		 velocity
[gz-1] [INFO] [1788563067.610194070] [cite.cell_a.arm_3.gz_ros_control]: 	Command:
[gz-1] [INFO] [1788563067.610197165] [cite.cell_a.arm_3.gz_ros_control]: 		 position
[gz-1] [INFO] [1788563067.610204480] [cite.cell_a.arm_3.gz_ros_control]: 		 velocity
[gz-1] [INFO] [1788563067.610211468] [cite.cell_a.arm_3.gz_ros_control]: Loading joint: arm_3_joint2
[gz-1] [INFO] [1788563067.610214423] [cite.cell_a.arm_3.gz_ros_control]: 	State:
[gz-1] [INFO] [1788563067.610216835] [cite.cell_a.arm_3.gz_ros_control]: 		 position
[gz-1] [INFO] [1788563067.610220155] [cite.cell_a.arm_3.gz_ros_control]: 		 velocity
[gz-1] [INFO] [1788563067.610222552] [cite.cell_a.arm_3.gz_ros_control]: 	Command:
[gz-1] [INFO] [1788563067.610224822] [cite.cell_a.arm_3.gz_ros_control]: 		 position
[gz-1] [INFO] [1788563067.610229875] [cite.cell_a.arm_3.gz_ros_control]: 		 velocity
[gz-1] [INFO] [1788563067.610238629] [cite.cell_a.arm_3.gz_ros_control]: Loading joint: arm_3_joint3
[gz-1] [INFO] [1788563067.610241367] [cite.cell_a.arm_3.gz_ros_control]: 	State:
[gz-1] [INFO] [1788563067.610243831] [cite.cell_a.arm_3.gz_ros_control]: 		 position
[gz-1] [INFO] [1788563067.610246675] [cite.cell_a.arm_3.gz_ros_control]: 		 velocity
[gz-1] [INFO] [1788563067.610249166] [cite.cell_a.arm_3.gz_ros_control]: 	Command:
[gz-1] [INFO] [1788563067.610251840] [cite.cell_a.arm_3.gz_ros_control]: 		 position
[gz-1] [INFO] [1788563067.610255955] [cite.cell_a.arm_3.gz_ros_control]: 		 velocity
[gz-1] [INFO] [1788563067.610262619] [cite.cell_a.arm_3.gz_ros_control]: Loading joint: arm_3_joint4
[gz-1] [INFO] [1788563067.610265380] [cite.cell_a.arm_3.gz_ros_control]: 	State:
[gz-1] [INFO] [1788563067.610267807] [cite.cell_a.arm_3.gz_ros_control]: 		 position
[gz-1] [INFO] [1788563067.610270261] [cite.cell_a.arm_3.gz_ros_control]: 		 velocity
[gz-1] [INFO] [1788563067.610272618] [cite.cell_a.arm_3.gz_ros_control]: 	Command:
[gz-1] [INFO] [1788563067.610274906] [cite.cell_a.arm_3.gz_ros_control]: 		 position
[gz-1] [INFO] [1788563067.610278755] [cite.cell_a.arm_3.gz_ros_control]: 		 velocity
[gz-1] [INFO] [1788563067.610284085] [cite.cell_a.arm_3.gz_ros_control]: Loading joint: arm_3_joint5
[gz-1] [INFO] [1788563067.610286797] [cite.cell_a.arm_3.gz_ros_control]: 	State:
[gz-1] [INFO] [1788563067.610289114] [cite.cell_a.arm_3.gz_ros_control]: 		 position
[gz-1] [INFO] [1788563067.610292171] [cite.cell_a.arm_3.gz_ros_control]: 		 velocity
[gz-1] [INFO] [1788563067.610294777] [cite.cell_a.arm_3.gz_ros_control]: 	Command:
[gz-1] [INFO] [1788563067.610297088] [cite.cell_a.arm_3.gz_ros_control]: 		 position
[gz-1] [INFO] [1788563067.610301673] [cite.cell_a.arm_3.gz_ros_control]: 		 velocity
[gz-1] [INFO] [1788563067.610326671] [cite.cell_a.arm_3.controller_manager]: Initialize hardware 'arm_3_gz_ros2_control/GazeboSimSystem' 
[gz-1] [WARN] [1788563067.610336501] [cite.cell_a.arm_3.controller_manager.hardware_component.system.arm_3_gz_ros2_control/GazeboSimSystem]: Executor is not available during hardware component initialization for 'arm_3_gz_ros2_control/GazeboSimSystem'. Skipping node creation!
[gz-1] [INFO] [1788563067.610361571] [cite.cell_a.arm_3.controller_manager]: Successful initialization of hardware 'arm_3_gz_ros2_control/GazeboSimSystem'
[gz-1] [INFO] [1788563067.610473556] [cite.cell_a.arm_3.gz_ros_control]: The position_proportional_gain has been set to: 0.1
[gz-1] [INFO] [1788563067.610483353] [cite.cell_a.arm_3.gz_ros_control]: Loading joint: arm_3_drive_joint
[gz-1] [INFO] [1788563067.610487388] [cite.cell_a.arm_3.gz_ros_control]: 	State:
[gz-1] [INFO] [1788563067.610496767] [cite.cell_a.arm_3.gz_ros_control]: 		 position
[gz-1] [INFO] [1788563067.610500004] [cite.cell_a.arm_3.gz_ros_control]: 		 velocity
[gz-1] [INFO] [1788563067.610502991] [cite.cell_a.arm_3.gz_ros_control]: 	Command:
[gz-1] [INFO] [1788563067.610505422] [cite.cell_a.arm_3.gz_ros_control]: 		 position
[gz-1] [INFO] [1788563067.610510254] [cite.cell_a.arm_3.gz_ros_control]: 		 velocity
[gz-1] [INFO] [1788563067.610517838] [cite.cell_a.arm_3.gz_ros_control]: Loading joint: arm_3_left_finger_joint
[gz-1] [INFO] [1788563067.610521901] [cite.cell_a.arm_3.gz_ros_control]: Joint 'arm_3_left_finger_joint'is mimicking joint 'arm_3_drive_joint' with multiplier: 1 and offset: 0
[gz-1] [INFO] [1788563067.610525971] [cite.cell_a.arm_3.gz_ros_control]: 	State:
[gz-1] [INFO] [1788563067.610528398] [cite.cell_a.arm_3.gz_ros_control]: 		 position
[gz-1] [INFO] [1788563067.610531075] [cite.cell_a.arm_3.gz_ros_control]: 		 velocity
[gz-1] [INFO] [1788563067.610533543] [cite.cell_a.arm_3.gz_ros_control]: 	Command:
[gz-1] [INFO] [1788563067.610538863] [cite.cell_a.arm_3.gz_ros_control]: Loading joint: arm_3_left_inner_knuckle_joint
[gz-1] [INFO] [1788563067.610542357] [cite.cell_a.arm_3.gz_ros_control]: Joint 'arm_3_left_inner_knuckle_joint'is mimicking joint 'arm_3_drive_joint' with multiplier: 1 and offset: 0
[gz-1] [INFO] [1788563067.610545294] [cite.cell_a.arm_3.gz_ros_control]: 	State:
[gz-1] [INFO] [1788563067.610548046] [cite.cell_a.arm_3.gz_ros_control]: 		 position
[gz-1] [INFO] [1788563067.610550917] [cite.cell_a.arm_3.gz_ros_control]: 		 velocity
[gz-1] [INFO] [1788563067.610553311] [cite.cell_a.arm_3.gz_ros_control]: 	Command:
[gz-1] [INFO] [1788563067.610559343] [cite.cell_a.arm_3.gz_ros_control]: Loading joint: arm_3_right_outer_knuckle_joint
[gz-1] [INFO] [1788563067.610562665] [cite.cell_a.arm_3.gz_ros_control]: Joint 'arm_3_right_outer_knuckle_joint'is mimicking joint 'arm_3_drive_joint' with multiplier: 1 and offset: 0
[gz-1] [INFO] [1788563067.610565487] [cite.cell_a.arm_3.gz_ros_control]: 	State:
[gz-1] [INFO] [1788563067.610567868] [cite.cell_a.arm_3.gz_ros_control]: 		 position
[gz-1] [INFO] [1788563067.610570343] [cite.cell_a.arm_3.gz_ros_control]: 		 velocity
[gz-1] [INFO] [1788563067.610572721] [cite.cell_a.arm_3.gz_ros_control]: 	Command:
[gz-1] [INFO] [1788563067.610577934] [cite.cell_a.arm_3.gz_ros_control]: Loading joint: arm_3_right_finger_joint
[gz-1] [INFO] [1788563067.610581348] [cite.cell_a.arm_3.gz_ros_control]: Joint 'arm_3_right_finger_joint'is mimicking joint 'arm_3_drive_joint' with multiplier: 1 and offset: 0
[gz-1] [INFO] [1788563067.610584136] [cite.cell_a.arm_3.gz_ros_control]: 	State:
[gz-1] [INFO] [1788563067.610586408] [cite.cell_a.arm_3.gz_ros_control]: 		 position
[gz-1] [INFO] [1788563067.610589441] [cite.cell_a.arm_3.gz_ros_control]: 		 velocity
[gz-1] [INFO] [1788563067.610592095] [cite.cell_a.arm_3.gz_ros_control]: 	Command:
[gz-1] [INFO] [1788563067.610597550] [cite.cell_a.arm_3.gz_ros_control]: Loading joint: arm_3_right_inner_knuckle_joint
[gz-1] [INFO] [1788563067.610600855] [cite.cell_a.arm_3.gz_ros_control]: Joint 'arm_3_right_inner_knuckle_joint'is mimicking joint 'arm_3_drive_joint' with multiplier: 1 and offset: 0
[gz-1] [INFO] [1788563067.610603894] [cite.cell_a.arm_3.gz_ros_control]: 	State:
[gz-1] [INFO] [1788563067.610606414] [cite.cell_a.arm_3.gz_ros_control]: 		 position
[gz-1] [INFO] [1788563067.610608968] [cite.cell_a.arm_3.gz_ros_control]: 		 velocity
[gz-1] [INFO] [1788563067.610611539] [cite.cell_a.arm_3.gz_ros_control]: 	Command:
[gz-1] [INFO] [1788563067.610628593] [cite.cell_a.arm_3.controller_manager]: Initialize hardware 'arm_3_XArmGripperSystem' 
[gz-1] [WARN] [1788563067.610648217] [cite.cell_a.arm_3.controller_manager.hardware_component.system.arm_3_XArmGripperSystem]: Executor is not available during hardware component initialization for 'arm_3_XArmGripperSystem'. Skipping node creation!
[gz-1] [INFO] [1788563067.610677656] [cite.cell_a.arm_3.controller_manager]: Successful initialization of hardware 'arm_3_XArmGripperSystem'
[gz-1] [INFO] [1788563067.610713568] [cite.cell_a.arm_3.controller_manager]: Activating component 'arm_3_XArmGripperSystem'.
[gz-1] [INFO] [1788563067.610718166] [resource_manager]: 'configure' hardware 'arm_3_XArmGripperSystem' 
[gz-1] [INFO] [1788563067.610725138] [cite.cell_a.arm_3.gz_ros_control]: System Successfully configured!
[gz-1] [INFO] [1788563067.610729449] [resource_manager]: Successful 'configure' of hardware 'arm_3_XArmGripperSystem'
[gz-1] [INFO] [1788563067.610732794] [resource_manager]: 'activate' hardware 'arm_3_XArmGripperSystem' 
[gz-1] [INFO] [1788563067.610736116] [resource_manager]: Successful 'activate' of hardware 'arm_3_XArmGripperSystem'
[gz-1] [INFO] [1788563067.610752277] [cite.cell_a.arm_3.controller_manager]: Activating component 'arm_3_gz_ros2_control/GazeboSimSystem'.
[gz-1] [INFO] [1788563067.610755592] [resource_manager]: 'configure' hardware 'arm_3_gz_ros2_control/GazeboSimSystem' 
[gz-1] [INFO] [1788563067.610756949] [cite.cell_a.arm_3.gz_ros_control]: System Successfully configured!
[gz-1] [INFO] [1788563067.610760842] [resource_manager]: Successful 'configure' of hardware 'arm_3_gz_ros2_control/GazeboSimSystem'
[gz-1] [INFO] [1788563067.610763836] [resource_manager]: 'activate' hardware 'arm_3_gz_ros2_control/GazeboSimSystem' 
[gz-1] [INFO] [1788563067.610765756] [resource_manager]: Successful 'activate' of hardware 'arm_3_gz_ros2_control/GazeboSimSystem'
[gz-1] [WARN] [1788563067.610775800] [cite.cell_a.arm_3.controller_manager]: Component 'arm_3_XArmGripperSystem' does not have read or write statistics initialized, skipping registration.
[gz-1] [WARN] [1788563067.610778967] [cite.cell_a.arm_3.controller_manager]: Component 'arm_3_gz_ros2_control/GazeboSimSystem' does not have read or write statistics initialized, skipping registration.
[gz-1] [INFO] [1788563067.610783413] [cite.cell_a.arm_3.controller_manager]: Resource Manager has been successfully initialized. Starting Controller Manager services...
[gz-1] [1;33mWarning [parser_urdf.cc:1170][0m multiple inconsistent <self_collide> exists due to fixed joint reduction overwriting previous value [1] with [0].
[gz-1] [1;31m[Err] [SystemLoader.cc:92] [0m[1;31mFailed to load system plugin [[0m[1;31mlibgazebo_mimic_joint_plugin.so[0m[1;31m] : Could not find shared library.[0m[1;31m[0m
[gz-1] [1;31m[Err] [SystemLoader.cc:92] [0m[1;31mFailed to load system plugin [[0m[1;31mlibgazebo_mimic_joint_plugin.so[0m[1;31m] : Could not find shared library.[0m[1;31m[0m
[gz-1] [1;31m[Err] [SystemLoader.cc:92] [0m[1;31mFailed to load system plugin [[0m[1;31mlibgazebo_mimic_joint_plugin.so[0m[1;31m] : Could not find shared library.[0m[1;31m[0m
[gz-1] [1;31m[Err] [SystemLoader.cc:92] [0m[1;31mFailed to load system plugin [[0m[1;31mlibgazebo_mimic_joint_plugin.so[0m[1;31m] : Could not find shared library.[0m[1;31m[0m
[gz-1] [1;31m[Err] [SystemLoader.cc:92] [0m[1;31mFailed to load system plugin [[0m[1;31mlibgazebo_mimic_joint_plugin.so[0m[1;31m] : Could not find shared library.[0m[1;31m[0m
[gz-1] [INFO] [1788563069.021752025] [cite.cell_a.arm_2.gz_ros_control]: [gz_ros2_control] Fixed joint ['arm_2_mount_world_anchor'] (Entity='188') is skipped.
[gz-1] [INFO] [1788563069.023482914] [cite.cell_a.arm_2.gz_ros_control]: Loading controller_manager
[gz-1] [INFO] [1788563069.039453774] [cite.cell_a.arm_2.controller_manager]: Using ROS clock for triggering controller manager cycles.
[gz-1] [INFO] [1788563069.040418559] [cite.cell_a.arm_2.controller_manager]: Subscribing to '/cite/cell_a/arm_2/robot_description' topic for robot description.
[gz-1] [WARN] [1788563069.040901836] [cite.cell_a.arm_2.gz_ros_control]: Waiting RM to load and initialize hardware...
[gz-1] [INFO] [1788563069.050763483] [cite.cell_a.arm_2.controller_manager]: Received robot description from topic.
[gz-1] [INFO] [1788563069.052414317] [cite.cell_a.arm_2.gz_ros_control]: Using JointLimiter for joint 'arm_2_joint5' in hardware 'arm_2_gz_ros2_control/GazeboSimSystem' : '  has position limits: true [-6.28319, 6.28319]
[gz-1]   has velocity limits: true [3.14]
[gz-1]   has acceleration limits: false [nan]
[gz-1]   has deceleration limits: false [nan]
[gz-1]   has jerk limits: false [nan]
[gz-1]   has effort limits: true [20]
[gz-1]   angle wraparound: false'
[gz-1] [INFO] [1788563069.052435107] [cite.cell_a.arm_2.gz_ros_control]: Creating JointSaturationLimiter for joint 'arm_2_joint5' in hardware 'arm_2_gz_ros2_control/GazeboSimSystem'
[gz-1] [INFO] [1788563069.052443583] [cite.cell_a.arm_2.gz_ros_control]: Using JointLimiter for joint 'arm_2_joint4' in hardware 'arm_2_gz_ros2_control/GazeboSimSystem' : '  has position limits: true [-1.69297, 3.14159]
[gz-1]   has velocity limits: true [3.14]
[gz-1]   has acceleration limits: false [nan]
[gz-1]   has deceleration limits: false [nan]
[gz-1]   has jerk limits: false [nan]
[gz-1]   has effort limits: true [20]
[gz-1]   angle wraparound: false'
[gz-1] [INFO] [1788563069.052447561] [cite.cell_a.arm_2.gz_ros_control]: Creating JointSaturationLimiter for joint 'arm_2_joint4' in hardware 'arm_2_gz_ros2_control/GazeboSimSystem'
[gz-1] [INFO] [1788563069.052453915] [cite.cell_a.arm_2.gz_ros_control]: Using JointLimiter for joint 'arm_2_joint3' in hardware 'arm_2_gz_ros2_control/GazeboSimSystem' : '  has position limits: true [-3.927, 0.19198]
[gz-1]   has velocity limits: true [3.14]
[gz-1]   has acceleration limits: false [nan]
[gz-1]   has deceleration limits: false [nan]
[gz-1]   has jerk limits: false [nan]
[gz-1]   has effort limits: true [30]
[gz-1]   angle wraparound: false'
[gz-1] [INFO] [1788563069.052457679] [cite.cell_a.arm_2.gz_ros_control]: Creating JointSaturationLimiter for joint 'arm_2_joint3' in hardware 'arm_2_gz_ros2_control/GazeboSimSystem'
[gz-1] [INFO] [1788563069.052475950] [cite.cell_a.arm_2.gz_ros_control]: Using JointLimiter for joint 'arm_2_joint2' in hardware 'arm_2_gz_ros2_control/GazeboSimSystem' : '  has position limits: true [-2.059, 2.0944]
[gz-1]   has velocity limits: true [3.14]
[gz-1]   has acceleration limits: false [nan]
[gz-1]   has deceleration limits: false [nan]
[gz-1]   has jerk limits: false [nan]
[gz-1]   has effort limits: true [50]
[gz-1]   angle wraparound: false'
[gz-1] [INFO] [1788563069.052480553] [cite.cell_a.arm_2.gz_ros_control]: Creating JointSaturationLimiter for joint 'arm_2_joint2' in hardware 'arm_2_gz_ros2_control/GazeboSimSystem'
[gz-1] [INFO] [1788563069.052485689] [cite.cell_a.arm_2.gz_ros_control]: Using JointLimiter for joint 'arm_2_joint1' in hardware 'arm_2_gz_ros2_control/GazeboSimSystem' : '  has position limits: true [-6.28319, 6.28319]
[gz-1]   has velocity limits: true [3.14]
[gz-1]   has acceleration limits: false [nan]
[gz-1]   has deceleration limits: false [nan]
[gz-1]   has jerk limits: false [nan]
[gz-1]   has effort limits: true [50]
[gz-1]   angle wraparound: false'
[gz-1] [INFO] [1788563069.052489338] [cite.cell_a.arm_2.gz_ros_control]: Creating JointSaturationLimiter for joint 'arm_2_joint1' in hardware 'arm_2_gz_ros2_control/GazeboSimSystem'
[gz-1] [INFO] [1788563069.052495536] [cite.cell_a.arm_2.gz_ros_control]: Using JointLimiter for joint 'arm_2_right_inner_knuckle_joint' in hardware 'arm_2_XArmGripperSystem' : '  has position limits: true [0, 0.85]
[gz-1]   has velocity limits: true [2]
[gz-1]   has acceleration limits: false [nan]
[gz-1]   has deceleration limits: false [nan]
[gz-1]   has jerk limits: false [nan]
[gz-1]   has effort limits: true [50]
[gz-1]   angle wraparound: false'
[gz-1] [INFO] [1788563069.052499203] [cite.cell_a.arm_2.gz_ros_control]: Creating JointSaturationLimiter for joint 'arm_2_right_inner_knuckle_joint' in hardware 'arm_2_XArmGripperSystem'
[gz-1] [INFO] [1788563069.052505162] [cite.cell_a.arm_2.gz_ros_control]: Using JointLimiter for joint 'arm_2_right_finger_joint' in hardware 'arm_2_XArmGripperSystem' : '  has position limits: true [0, 0.85]
[gz-1]   has velocity limits: true [2]
[gz-1]   has acceleration limits: false [nan]
[gz-1]   has deceleration limits: false [nan]
[gz-1]   has jerk limits: false [nan]
[gz-1]   has effort limits: true [50]
[gz-1]   angle wraparound: false'
[gz-1] [INFO] [1788563069.052508755] [cite.cell_a.arm_2.gz_ros_control]: Creating JointSaturationLimiter for joint 'arm_2_right_finger_joint' in hardware 'arm_2_XArmGripperSystem'
[gz-1] [INFO] [1788563069.052514889] [cite.cell_a.arm_2.gz_ros_control]: Using JointLimiter for joint 'arm_2_right_outer_knuckle_joint' in hardware 'arm_2_XArmGripperSystem' : '  has position limits: true [0, 0.85]
[gz-1]   has velocity limits: true [2]
[gz-1]   has acceleration limits: false [nan]
[gz-1]   has deceleration limits: false [nan]
[gz-1]   has jerk limits: false [nan]
[gz-1]   has effort limits: true [50]
[gz-1]   angle wraparound: false'
[gz-1] [INFO] [1788563069.052518379] [cite.cell_a.arm_2.gz_ros_control]: Creating JointSaturationLimiter for joint 'arm_2_right_outer_knuckle_joint' in hardware 'arm_2_XArmGripperSystem'
[gz-1] [INFO] [1788563069.052526213] [cite.cell_a.arm_2.gz_ros_control]: Using JointLimiter for joint 'arm_2_left_finger_joint' in hardware 'arm_2_XArmGripperSystem' : '  has position limits: true [0, 0.85]
[gz-1]   has velocity limits: true [2]
[gz-1]   has acceleration limits: false [nan]
[gz-1]   has deceleration limits: false [nan]
[gz-1]   has jerk limits: false [nan]
[gz-1]   has effort limits: true [50]
[gz-1]   angle wraparound: false'
[gz-1] [INFO] [1788563069.052529861] [cite.cell_a.arm_2.gz_ros_control]: Creating JointSaturationLimiter for joint 'arm_2_left_finger_joint' in hardware 'arm_2_XArmGripperSystem'
[gz-1] [INFO] [1788563069.052535621] [cite.cell_a.arm_2.gz_ros_control]: Using JointLimiter for joint 'arm_2_left_inner_knuckle_joint' in hardware 'arm_2_XArmGripperSystem' : '  has position limits: true [0, 0.85]
[gz-1]   has velocity limits: true [2]
[gz-1]   has acceleration limits: false [nan]
[gz-1]   has deceleration limits: false [nan]
[gz-1]   has jerk limits: false [nan]
[gz-1]   has effort limits: true [50]
[gz-1]   angle wraparound: false'
[gz-1] [INFO] [1788563069.052539047] [cite.cell_a.arm_2.gz_ros_control]: Creating JointSaturationLimiter for joint 'arm_2_left_inner_knuckle_joint' in hardware 'arm_2_XArmGripperSystem'
[gz-1] [INFO] [1788563069.052547051] [cite.cell_a.arm_2.gz_ros_control]: Using JointLimiter for joint 'arm_2_drive_joint' in hardware 'arm_2_XArmGripperSystem' : '  has position limits: true [0, 0.85]
[gz-1]   has velocity limits: true [1]
[gz-1]   has acceleration limits: false [nan]
[gz-1]   has deceleration limits: false [nan]
[gz-1]   has jerk limits: false [nan]
[gz-1]   has effort limits: true [50]
[gz-1]   angle wraparound: false'
[gz-1] [INFO] [1788563069.052551010] [cite.cell_a.arm_2.gz_ros_control]: Creating JointSaturationLimiter for joint 'arm_2_drive_joint' in hardware 'arm_2_XArmGripperSystem'
[gz-1] [INFO] [1788563069.052558468] [cite.cell_a.arm_2.controller_manager]: Enforcing command limits is enabled...
[gz-1] [INFO] [1788563069.053985819] [cite.cell_a.arm_2.gz_ros_control]: The position_proportional_gain has been set to: 0.1
[gz-1] [INFO] [1788563069.054019569] [cite.cell_a.arm_2.gz_ros_control]: Loading joint: arm_2_joint1
[gz-1] [INFO] [1788563069.054024186] [cite.cell_a.arm_2.gz_ros_control]: 	State:
[gz-1] [INFO] [1788563069.054027412] [cite.cell_a.arm_2.gz_ros_control]: 		 position
[gz-1] [INFO] [1788563069.054031048] [cite.cell_a.arm_2.gz_ros_control]: 		 velocity
[gz-1] [INFO] [1788563069.054034967] [cite.cell_a.arm_2.gz_ros_control]: 	Command:
[gz-1] [INFO] [1788563069.054037744] [cite.cell_a.arm_2.gz_ros_control]: 		 position
[gz-1] [INFO] [1788563069.054045065] [cite.cell_a.arm_2.gz_ros_control]: 		 velocity
[gz-1] [INFO] [1788563069.054052131] [cite.cell_a.arm_2.gz_ros_control]: Loading joint: arm_2_joint2
[gz-1] [INFO] [1788563069.054055152] [cite.cell_a.arm_2.gz_ros_control]: 	State:
[gz-1] [INFO] [1788563069.054057716] [cite.cell_a.arm_2.gz_ros_control]: 		 position
[gz-1] [INFO] [1788563069.054060824] [cite.cell_a.arm_2.gz_ros_control]: 		 velocity
[gz-1] [INFO] [1788563069.054063375] [cite.cell_a.arm_2.gz_ros_control]: 	Command:
[gz-1] [INFO] [1788563069.054068349] [cite.cell_a.arm_2.gz_ros_control]: 		 position
[gz-1] [INFO] [1788563069.054075299] [cite.cell_a.arm_2.gz_ros_control]: 		 velocity
[gz-1] [INFO] [1788563069.054081524] [cite.cell_a.arm_2.gz_ros_control]: Loading joint: arm_2_joint3
[gz-1] [INFO] [1788563069.054084476] [cite.cell_a.arm_2.gz_ros_control]: 	State:
[gz-1] [INFO] [1788563069.054086998] [cite.cell_a.arm_2.gz_ros_control]: 		 position
[gz-1] [INFO] [1788563069.054090145] [cite.cell_a.arm_2.gz_ros_control]: 		 velocity
[gz-1] [INFO] [1788563069.054093058] [cite.cell_a.arm_2.gz_ros_control]: 	Command:
[gz-1] [INFO] [1788563069.054095527] [cite.cell_a.arm_2.gz_ros_control]: 		 position
[gz-1] [INFO] [1788563069.054100136] [cite.cell_a.arm_2.gz_ros_control]: 		 velocity
[gz-1] [INFO] [1788563069.054105737] [cite.cell_a.arm_2.gz_ros_control]: Loading joint: arm_2_joint4
[gz-1] [INFO] [1788563069.054109254] [cite.cell_a.arm_2.gz_ros_control]: 	State:
[gz-1] [INFO] [1788563069.054111742] [cite.cell_a.arm_2.gz_ros_control]: 		 position
[gz-1] [INFO] [1788563069.054114310] [cite.cell_a.arm_2.gz_ros_control]: 		 velocity
[gz-1] [INFO] [1788563069.054116842] [cite.cell_a.arm_2.gz_ros_control]: 	Command:
[gz-1] [INFO] [1788563069.054119467] [cite.cell_a.arm_2.gz_ros_control]: 		 position
[gz-1] [INFO] [1788563069.054123390] [cite.cell_a.arm_2.gz_ros_control]: 		 velocity
[gz-1] [INFO] [1788563069.054129150] [cite.cell_a.arm_2.gz_ros_control]: Loading joint: arm_2_joint5
[gz-1] [INFO] [1788563069.054132541] [cite.cell_a.arm_2.gz_ros_control]: 	State:
[gz-1] [INFO] [1788563069.054135209] [cite.cell_a.arm_2.gz_ros_control]: 		 position
[gz-1] [INFO] [1788563069.054138476] [cite.cell_a.arm_2.gz_ros_control]: 		 velocity
[gz-1] [INFO] [1788563069.054141056] [cite.cell_a.arm_2.gz_ros_control]: 	Command:
[gz-1] [INFO] [1788563069.054143595] [cite.cell_a.arm_2.gz_ros_control]: 		 position
[gz-1] [INFO] [1788563069.054148743] [cite.cell_a.arm_2.gz_ros_control]: 		 velocity
[gz-1] [INFO] [1788563069.054174476] [cite.cell_a.arm_2.controller_manager]: Initialize hardware 'arm_2_gz_ros2_control/GazeboSimSystem' 
[gz-1] [WARN] [1788563069.054184024] [cite.cell_a.arm_2.controller_manager.hardware_component.system.arm_2_gz_ros2_control/GazeboSimSystem]: Executor is not available during hardware component initialization for 'arm_2_gz_ros2_control/GazeboSimSystem'. Skipping node creation!
[gz-1] [INFO] [1788563069.054211265] [cite.cell_a.arm_2.controller_manager]: Successful initialization of hardware 'arm_2_gz_ros2_control/GazeboSimSystem'
[gz-1] [INFO] [1788563069.054321393] [cite.cell_a.arm_2.gz_ros_control]: The position_proportional_gain has been set to: 0.1
[gz-1] [INFO] [1788563069.054332634] [cite.cell_a.arm_2.gz_ros_control]: Loading joint: arm_2_drive_joint
[gz-1] [INFO] [1788563069.054336468] [cite.cell_a.arm_2.gz_ros_control]: 	State:
[gz-1] [INFO] [1788563069.054339528] [cite.cell_a.arm_2.gz_ros_control]: 		 position
[gz-1] [INFO] [1788563069.054342678] [cite.cell_a.arm_2.gz_ros_control]: 		 velocity
[gz-1] [INFO] [1788563069.054345663] [cite.cell_a.arm_2.gz_ros_control]: 	Command:
[gz-1] [INFO] [1788563069.054348197] [cite.cell_a.arm_2.gz_ros_control]: 		 position
[gz-1] [INFO] [1788563069.054353610] [cite.cell_a.arm_2.gz_ros_control]: 		 velocity
[gz-1] [INFO] [1788563069.054361350] [cite.cell_a.arm_2.gz_ros_control]: Loading joint: arm_2_left_finger_joint
[gz-1] [INFO] [1788563069.054365434] [cite.cell_a.arm_2.gz_ros_control]: Joint 'arm_2_left_finger_joint'is mimicking joint 'arm_2_drive_joint' with multiplier: 1 and offset: 0
[gz-1] [INFO] [1788563069.054368766] [cite.cell_a.arm_2.gz_ros_control]: 	State:
[gz-1] [INFO] [1788563069.054371376] [cite.cell_a.arm_2.gz_ros_control]: 		 position
[gz-1] [INFO] [1788563069.054374739] [cite.cell_a.arm_2.gz_ros_control]: 		 velocity
[gz-1] [INFO] [1788563069.054377407] [cite.cell_a.arm_2.gz_ros_control]: 	Command:
[gz-1] [INFO] [1788563069.054388096] [cite.cell_a.arm_2.gz_ros_control]: Loading joint: arm_2_left_inner_knuckle_joint
[gz-1] [INFO] [1788563069.054391844] [cite.cell_a.arm_2.gz_ros_control]: Joint 'arm_2_left_inner_knuckle_joint'is mimicking joint 'arm_2_drive_joint' with multiplier: 1 and offset: 0
[gz-1] [INFO] [1788563069.054394916] [cite.cell_a.arm_2.gz_ros_control]: 	State:
[gz-1] [INFO] [1788563069.054397979] [cite.cell_a.arm_2.gz_ros_control]: 		 position
[gz-1] [INFO] [1788563069.054400984] [cite.cell_a.arm_2.gz_ros_control]: 		 velocity
[gz-1] [INFO] [1788563069.054403683] [cite.cell_a.arm_2.gz_ros_control]: 	Command:
[gz-1] [INFO] [1788563069.054409557] [cite.cell_a.arm_2.gz_ros_control]: Loading joint: arm_2_right_outer_knuckle_joint
[gz-1] [INFO] [1788563069.054413633] [cite.cell_a.arm_2.gz_ros_control]: Joint 'arm_2_right_outer_knuckle_joint'is mimicking joint 'arm_2_drive_joint' with multiplier: 1 and offset: 0
[gz-1] [INFO] [1788563069.054418657] [cite.cell_a.arm_2.gz_ros_control]: 	State:
[gz-1] [INFO] [1788563069.054422471] [cite.cell_a.arm_2.gz_ros_control]: 		 position
[gz-1] [INFO] [1788563069.054426642] [cite.cell_a.arm_2.gz_ros_control]: 		 velocity
[gz-1] [INFO] [1788563069.054430658] [cite.cell_a.arm_2.gz_ros_control]: 	Command:
[gz-1] [INFO] [1788563069.054439121] [cite.cell_a.arm_2.gz_ros_control]: Loading joint: arm_2_right_finger_joint
[gz-1] [INFO] [1788563069.054447062] [cite.cell_a.arm_2.gz_ros_control]: Joint 'arm_2_right_finger_joint'is mimicking joint 'arm_2_drive_joint' with multiplier: 1 and offset: 0
[gz-1] [INFO] [1788563069.054452048] [cite.cell_a.arm_2.gz_ros_control]: 	State:
[gz-1] [INFO] [1788563069.054456270] [cite.cell_a.arm_2.gz_ros_control]: 		 position
[gz-1] [INFO] [1788563069.054461763] [cite.cell_a.arm_2.gz_ros_control]: 		 velocity
[gz-1] [INFO] [1788563069.054465077] [cite.cell_a.arm_2.gz_ros_control]: 	Command:
[gz-1] [INFO] [1788563069.054471598] [cite.cell_a.arm_2.gz_ros_control]: Loading joint: arm_2_right_inner_knuckle_joint
[gz-1] [INFO] [1788563069.054475450] [cite.cell_a.arm_2.gz_ros_control]: Joint 'arm_2_right_inner_knuckle_joint'is mimicking joint 'arm_2_drive_joint' with multiplier: 1 and offset: 0
[gz-1] [INFO] [1788563069.054478617] [cite.cell_a.arm_2.gz_ros_control]: 	State:
[gz-1] [INFO] [1788563069.054481209] [cite.cell_a.arm_2.gz_ros_control]: 		 position
[gz-1] [INFO] [1788563069.054484389] [cite.cell_a.arm_2.gz_ros_control]: 		 velocity
[gz-1] [INFO] [1788563069.054487005] [cite.cell_a.arm_2.gz_ros_control]: 	Command:
[gz-1] [INFO] [1788563069.054503608] [cite.cell_a.arm_2.controller_manager]: Initialize hardware 'arm_2_XArmGripperSystem' 
[gz-1] [WARN] [1788563069.054509813] [cite.cell_a.arm_2.controller_manager.hardware_component.system.arm_2_XArmGripperSystem]: Executor is not available during hardware component initialization for 'arm_2_XArmGripperSystem'. Skipping node creation!
[gz-1] [INFO] [1788563069.054525610] [cite.cell_a.arm_2.controller_manager]: Successful initialization of hardware 'arm_2_XArmGripperSystem'
[gz-1] [INFO] [1788563069.054636376] [cite.cell_a.arm_2.controller_manager]: Activating component 'arm_2_XArmGripperSystem'.
[gz-1] [INFO] [1788563069.054642419] [resource_manager]: 'configure' hardware 'arm_2_XArmGripperSystem' 
[gz-1] [INFO] [1788563069.054644450] [cite.cell_a.arm_2.gz_ros_control]: System Successfully configured!
[gz-1] [INFO] [1788563069.054648753] [resource_manager]: Successful 'configure' of hardware 'arm_2_XArmGripperSystem'
[gz-1] [INFO] [1788563069.054652076] [resource_manager]: 'activate' hardware 'arm_2_XArmGripperSystem' 
[gz-1] [INFO] [1788563069.054655638] [resource_manager]: Successful 'activate' of hardware 'arm_2_XArmGripperSystem'
[gz-1] [INFO] [1788563069.054669864] [cite.cell_a.arm_2.controller_manager]: Activating component 'arm_2_gz_ros2_control/GazeboSimSystem'.
[gz-1] [INFO] [1788563069.054673446] [resource_manager]: 'configure' hardware 'arm_2_gz_ros2_control/GazeboSimSystem' 
[gz-1] [INFO] [1788563069.054674981] [cite.cell_a.arm_2.gz_ros_control]: System Successfully configured!
[gz-1] [INFO] [1788563069.054678750] [resource_manager]: Successful 'configure' of hardware 'arm_2_gz_ros2_control/GazeboSimSystem'
[gz-1] [INFO] [1788563069.054681933] [resource_manager]: 'activate' hardware 'arm_2_gz_ros2_control/GazeboSimSystem' 
[gz-1] [INFO] [1788563069.054683943] [resource_manager]: Successful 'activate' of hardware 'arm_2_gz_ros2_control/GazeboSimSystem'
[gz-1] [WARN] [1788563069.054693962] [cite.cell_a.arm_2.controller_manager]: Component 'arm_2_XArmGripperSystem' does not have read or write statistics initialized, skipping registration.
[gz-1] [WARN] [1788563069.054697441] [cite.cell_a.arm_2.controller_manager]: Component 'arm_2_gz_ros2_control/GazeboSimSystem' does not have read or write statistics initialized, skipping registration.
[gz-1] [INFO] [1788563069.054703504] [cite.cell_a.arm_2.controller_manager]: Resource Manager has been successfully initialized. Starting Controller Manager services...
[gz-1] [1;31m[Err] [Physics.cc:1808] [0m[1;31mAttempting to create a mimic constraint for joint [[0m[1;31marm_1_left_finger_joint[0m[1;31m] but the chosen physics engine does not support [0m[1;31mmimic constraints, so no constraint will be [0m[1;31mcreated.[0m[1;31m[0m
[detection_server-18] [INFO] [1788563071.078647901] [cite.cell_a.detection.detection_server]: 'beam_c3_out' first reported CLEAR
[detection_server-18] [INFO] [1788563071.078764258] [cite.cell_a.detection.detection_server]: 'beam_c2_out' first reported CLEAR
[detection_server-18] [INFO] [1788563071.078862554] [cite.cell_a.detection.detection_server]: 'beam_c1_out' first reported CLEAR
[detection_server-18] [INFO] [1788563071.078893243] [cite.cell_a.detection.detection_server]: 'beam_pick' first reported CLEAR
[gz-1] [WARN] [1788563071.081016167] [cite.cell_a.arm_1.gz_ros_control]:  Desired controller update period (0.00666667 s) is slower than the gazebo simulation period (0.001 s).
[gz-1] [WARN] [1788563071.081186548] [cite.cell_a.arm_3.gz_ros_control]:  Desired controller update period (0.00666667 s) is slower than the gazebo simulation period (0.001 s).
[gz-1] [WARN] [1788563071.081224916] [cite.cell_a.arm_2.gz_ros_control]:  Desired controller update period (0.00666667 s) is slower than the gazebo simulation period (0.001 s).
[gz-1] [INFO] [1788563071.086918711] [cite.cell_a.arm_1.controller_manager]: Successfully switched controllers!
[spawner-14] [INFO] [1788563071.094754697] [spawn_arm_1_stage0]: Configured and activated arm_1_joint_state_broadcaster
[INFO] [spawner-14]: process has finished cleanly [pid 1087]
[INFO] [spawner-19]: process started with pid [1581]
[move_group-15] [WARN] [1788563071.492959791] [cite.cell_a.arm_1.move_group.moveit.ros.planning_scene_monitor]: Unable to transform object from frame 'arm_3_xarm_gripper_base_link' to planning frame'arm_1_mount' (Could not find a connection between 'arm_1_mount' and 'arm_3_xarm_gripper_base_link' because they are not part of the same tree.Tf has two or more unconnected trees.)
[move_group-15] [WARN] [1788563071.492996235] [cite.cell_a.arm_1.move_group.moveit.ros.planning_scene_monitor]: Unable to transform object from frame 'arm_3_link_eef' to planning frame'arm_1_mount' (Could not find a connection between 'arm_1_mount' and 'arm_3_link_eef' because they are not part of the same tree.Tf has two or more unconnected trees.)
[move_group-15] [WARN] [1788563071.493004226] [cite.cell_a.arm_1.move_group.moveit.ros.planning_scene_monitor]: Unable to transform object from frame 'arm_3_link5' to planning frame'arm_1_mount' (Could not find a connection between 'arm_1_mount' and 'arm_3_link5' because they are not part of the same tree.Tf has two or more unconnected trees.)
[move_group-15] [WARN] [1788563071.493011202] [cite.cell_a.arm_1.move_group.moveit.ros.planning_scene_monitor]: Unable to transform object from frame 'arm_3_link_tcp' to planning frame'arm_1_mount' (Could not find a connection between 'arm_1_mount' and 'arm_3_link_tcp' because they are not part of the same tree.Tf has two or more unconnected trees.)
[move_group-15] [WARN] [1788563071.493043362] [cite.cell_a.arm_1.move_group.moveit.ros.planning_scene_monitor]: Unable to transform object from frame 'arm_2_xarm_gripper_base_link' to planning frame'arm_1_mount' (Could not find a connection between 'arm_1_mount' and 'arm_2_xarm_gripper_base_link' because they are not part of the same tree.Tf has two or more unconnected trees.)
[move_group-15] [WARN] [1788563071.493050403] [cite.cell_a.arm_1.move_group.moveit.ros.planning_scene_monitor]: Unable to transform object from frame 'arm_2_link_eef' to planning frame'arm_1_mount' (Could not find a connection between 'arm_1_mount' and 'arm_2_link_eef' because they are not part of the same tree.Tf has two or more unconnected trees.)
[move_group-15] [WARN] [1788563071.493057340] [cite.cell_a.arm_1.move_group.moveit.ros.planning_scene_monitor]: Unable to transform object from frame 'arm_2_link5' to planning frame'arm_1_mount' (Could not find a connection between 'arm_1_mount' and 'arm_2_link5' because they are not part of the same tree.Tf has two or more unconnected trees.)
[move_group-15] [WARN] [1788563071.493063799] [cite.cell_a.arm_1.move_group.moveit.ros.planning_scene_monitor]: Unable to transform object from frame 'arm_2_link_tcp' to planning frame'arm_1_mount' (Could not find a connection between 'arm_1_mount' and 'arm_2_link_tcp' because they are not part of the same tree.Tf has two or more unconnected trees.)
[spawner-19] [INFO] [1788563071.592161075] [spawn_arm_1_stage1]: waiting for service /cite/cell_a/arm_1/controller_manager/list_controllers to become available...
[gz-1] [INFO] [1788563074.596060014] [cite.cell_a.arm_1.controller_manager]: Loading controller : 'arm_1_gripper_controller' of type 'position_controllers/GripperActionController'
[gz-1] [INFO] [1788563074.596089263] [cite.cell_a.arm_1.controller_manager]: Loading controller 'arm_1_gripper_controller'
[gz-1] [INFO] [1788563074.599007766] [cite.cell_a.arm_1.controller_manager]: Controller 'arm_1_gripper_controller' node arguments: --ros-args --params-file /workspace/workspace/install/cite_generated/share/cite_generated/control/cell_a_arm_1_controllers.yaml -p use_sim_time:=true --param use_sim_time:=true 
[gz-1] [WARN] [1788563074.611577179] [cite.cell_a.arm_1.arm_1_gripper_controller]: [Deprecated]: the `position_controllers/GripperActionController` and `effort_controllers::GripperActionController` controllers are replaced by 'parallel_gripper_controllers/GripperActionController' controller
[spawner-19] [INFO] [1788563074.615844415] [spawn_arm_1_stage1]: Loaded arm_1_gripper_controller
[gz-1] [INFO] [1788563074.617148613] [cite.cell_a.arm_1.controller_manager]: Configuring controller: 'arm_1_gripper_controller'
[gz-1] [INFO] [1788563074.617220759] [cite.cell_a.arm_1.arm_1_gripper_controller]: Action status changes will be monitored at 20.000000 Hz.
[gz-1] [INFO] [1788563074.623482525] [cite.cell_a.arm_1.controller_manager]: Activating controllers: [ arm_1_gripper_controller ]
[gz-1] [INFO] [1788563074.633585320] [cite.cell_a.arm_1.controller_manager]: Successfully switched controllers!
[spawner-19] [INFO] [1788563074.641454608] [spawn_arm_1_stage1]: Configured and activated arm_1_gripper_controller
[gz-1] [INFO] [1788563074.642340218] [cite.cell_a.arm_1.controller_manager]: Loading controller : 'arm_1_joint_trajectory_controller' of type 'joint_trajectory_controller/JointTrajectoryController'
[gz-1] [INFO] [1788563074.642365759] [cite.cell_a.arm_1.controller_manager]: Loading controller 'arm_1_joint_trajectory_controller'
[gz-1] [INFO] [1788563074.645907281] [cite.cell_a.arm_1.controller_manager]: Controller 'arm_1_joint_trajectory_controller' node arguments: --ros-args --params-file /workspace/workspace/install/cite_generated/share/cite_generated/control/cell_a_arm_1_controllers.yaml -p use_sim_time:=true --param use_sim_time:=true 
[spawner-19] [INFO] [1788563074.680663837] [spawn_arm_1_stage1]: Loaded arm_1_joint_trajectory_controller
[gz-1] [INFO] [1788563074.681068973] [cite.cell_a.arm_1.controller_manager]: Configuring controller: 'arm_1_joint_trajectory_controller'
[gz-1] [INFO] [1788563074.681222803] [cite.cell_a.arm_1.arm_1_joint_trajectory_controller]: No specific joint names are used for command interfaces. Using 'joints' parameter.
[gz-1] [INFO] [1788563074.681243665] [cite.cell_a.arm_1.arm_1_joint_trajectory_controller]: Command interfaces are [position] and state interfaces are [position velocity].
[gz-1] [INFO] [1788563074.681273649] [cite.cell_a.arm_1.arm_1_joint_trajectory_controller]: Using 'splines' interpolation method.
[gz-1] [INFO] [1788563074.684235891] [cite.cell_a.arm_1.arm_1_joint_trajectory_controller]: Action status changes will be monitored at 20.00 Hz.
[gz-1] [INFO] [1788563074.689857481] [cite.cell_a.arm_1.arm_1_joint_trajectory_controller]: Setting initial scaling factor to 1.000000
[gz-1] [INFO] [1788563074.689881376] [cite.cell_a.arm_1.arm_1_joint_trajectory_controller]: No scaling interface set. This controller will not read speed scaling from the hardware.
[gz-1] [INFO] [1788563074.694061672] [cite.cell_a.arm_1.controller_manager]: Activating controllers: [ arm_1_joint_trajectory_controller ]
[gz-1] [INFO] [1788563074.700668111] [cite.cell_a.arm_1.controller_manager]: Successfully switched controllers!
[spawner-19] [INFO] [1788563074.708586451] [spawn_arm_1_stage1]: Configured and activated arm_1_joint_trajectory_controller
[INFO] [spawner-19]: process has finished cleanly [pid 1581]
[INFO] [spawner-20]: process started with pid [1599]
[spawner-20] [INFO] [1788563075.208419373] [spawn_arm_2_stage0]: waiting for service /cite/cell_a/arm_2/controller_manager/list_controllers to become available...
[move_group-15] [WARN] [1788563076.501991776] [cite.cell_a.arm_1.move_group.moveit.ros.planning_scene_monitor]: Unable to transform object from frame 'arm_3_xarm_gripper_base_link' to planning frame'arm_1_mount' (Could not find a connection between 'arm_1_mount' and 'arm_3_xarm_gripper_base_link' because they are not part of the same tree.Tf has two or more unconnected trees.)
[move_group-15] [WARN] [1788563076.502029238] [cite.cell_a.arm_1.move_group.moveit.ros.planning_scene_monitor]: Unable to transform object from frame 'arm_3_link_eef' to planning frame'arm_1_mount' (Could not find a connection between 'arm_1_mount' and 'arm_3_link_eef' because they are not part of the same tree.Tf has two or more unconnected trees.)
[move_group-15] [WARN] [1788563076.502036571] [cite.cell_a.arm_1.move_group.moveit.ros.planning_scene_monitor]: Unable to transform object from frame 'arm_3_link5' to planning frame'arm_1_mount' (Could not find a connection between 'arm_1_mount' and 'arm_3_link5' because they are not part of the same tree.Tf has two or more unconnected trees.)
[move_group-15] [WARN] [1788563076.502043414] [cite.cell_a.arm_1.move_group.moveit.ros.planning_scene_monitor]: Unable to transform object from frame 'arm_3_link_tcp' to planning frame'arm_1_mount' (Could not find a connection between 'arm_1_mount' and 'arm_3_link_tcp' because they are not part of the same tree.Tf has two or more unconnected trees.)
[move_group-15] [WARN] [1788563076.502068128] [cite.cell_a.arm_1.move_group.moveit.ros.planning_scene_monitor]: Unable to transform object from frame 'arm_2_xarm_gripper_base_link' to planning frame'arm_1_mount' (Could not find a connection between 'arm_1_mount' and 'arm_2_xarm_gripper_base_link' because they are not part of the same tree.Tf has two or more unconnected trees.)
[move_group-15] [WARN] [1788563076.502074728] [cite.cell_a.arm_1.move_group.moveit.ros.planning_scene_monitor]: Unable to transform object from frame 'arm_2_link_eef' to planning frame'arm_1_mount' (Could not find a connection between 'arm_1_mount' and 'arm_2_link_eef' because they are not part of the same tree.Tf has two or more unconnected trees.)
[move_group-15] [WARN] [1788563076.502080906] [cite.cell_a.arm_1.move_group.moveit.ros.planning_scene_monitor]: Unable to transform object from frame 'arm_2_link5' to planning frame'arm_1_mount' (Could not find a connection between 'arm_1_mount' and 'arm_2_link5' because they are not part of the same tree.Tf has two or more unconnected trees.)
[move_group-15] [WARN] [1788563076.502087009] [cite.cell_a.arm_1.move_group.moveit.ros.planning_scene_monitor]: Unable to transform object from frame 'arm_2_link_tcp' to planning frame'arm_1_mount' (Could not find a connection between 'arm_1_mount' and 'arm_2_link_tcp' because they are not part of the same tree.Tf has two or more unconnected trees.)
[gz-1] [INFO] [1788563077.712206342] [cite.cell_a.arm_2.controller_manager]: Loading controller : 'arm_2_joint_state_broadcaster' of type 'joint_state_broadcaster/JointStateBroadcaster'
[gz-1] [INFO] [1788563077.712243470] [cite.cell_a.arm_2.controller_manager]: Loading controller 'arm_2_joint_state_broadcaster'
[gz-1] [INFO] [1788563077.713140406] [cite.cell_a.arm_2.controller_manager]: Controller 'arm_2_joint_state_broadcaster' node arguments: --ros-args --params-file /workspace/workspace/install/cite_generated/share/cite_generated/control/cell_a_arm_2_controllers.yaml -p use_sim_time:=true --param use_sim_time:=true 
[spawner-20] [INFO] [1788563077.734337888] [spawn_arm_2_stage0]: Loaded arm_2_joint_state_broadcaster
[gz-1] [INFO] [1788563077.735994936] [cite.cell_a.arm_2.controller_manager]: Configuring controller: 'arm_2_joint_state_broadcaster'
[gz-1] [INFO] [1788563077.736051971] [cite.cell_a.arm_2.arm_2_joint_state_broadcaster]: 'joints' or 'interfaces' parameter is empty. All available state interfaces will be published
[gz-1] [INFO] [1788563077.741724282] [cite.cell_a.arm_2.controller_manager]: Activating controllers: [ arm_2_joint_state_broadcaster ]
[gz-1] [INFO] [1788563077.747508622] [cite.cell_a.arm_2.controller_manager]: Successfully switched controllers!
[spawner-20] [INFO] [1788563077.755244202] [spawn_arm_2_stage0]: Configured and activated arm_2_joint_state_broadcaster
[INFO] [spawner-20]: process has finished cleanly [pid 1599]
[INFO] [spawner-21]: process started with pid [1617]
[spawner-21] [INFO] [1788563078.245289665] [spawn_arm_2_stage1]: waiting for service /cite/cell_a/arm_2/controller_manager/list_controllers to become available...
[gz-1] [INFO] [1788563080.749029435] [cite.cell_a.arm_2.controller_manager]: Loading controller : 'arm_2_gripper_controller' of type 'position_controllers/GripperActionController'
[gz-1] [INFO] [1788563080.749064292] [cite.cell_a.arm_2.controller_manager]: Loading controller 'arm_2_gripper_controller'
[gz-1] [INFO] [1788563080.749522523] [cite.cell_a.arm_2.controller_manager]: Controller 'arm_2_gripper_controller' node arguments: --ros-args --params-file /workspace/workspace/install/cite_generated/share/cite_generated/control/cell_a_arm_2_controllers.yaml -p use_sim_time:=true --param use_sim_time:=true 
[gz-1] [WARN] [1788563080.763605896] [cite.cell_a.arm_2.arm_2_gripper_controller]: [Deprecated]: the `position_controllers/GripperActionController` and `effort_controllers::GripperActionController` controllers are replaced by 'parallel_gripper_controllers/GripperActionController' controller
[spawner-21] [INFO] [1788563080.766027443] [spawn_arm_2_stage1]: Loaded arm_2_gripper_controller
[gz-1] [INFO] [1788563080.767341695] [cite.cell_a.arm_2.controller_manager]: Configuring controller: 'arm_2_gripper_controller'
[gz-1] [INFO] [1788563080.767400430] [cite.cell_a.arm_2.arm_2_gripper_controller]: Action status changes will be monitored at 20.000000 Hz.
[gz-1] [INFO] [1788563080.772874396] [cite.cell_a.arm_2.controller_manager]: Activating controllers: [ arm_2_gripper_controller ]
[gz-1] [INFO] [1788563080.781630871] [cite.cell_a.arm_2.controller_manager]: Successfully switched controllers!
[spawner-21] [INFO] [1788563080.789600959] [spawn_arm_2_stage1]: Configured and activated arm_2_gripper_controller
[gz-1] [INFO] [1788563080.790242054] [cite.cell_a.arm_2.controller_manager]: Loading controller : 'arm_2_joint_trajectory_controller' of type 'joint_trajectory_controller/JointTrajectoryController'
[gz-1] [INFO] [1788563080.790270141] [cite.cell_a.arm_2.controller_manager]: Loading controller 'arm_2_joint_trajectory_controller'
[gz-1] [INFO] [1788563080.790696519] [cite.cell_a.arm_2.controller_manager]: Controller 'arm_2_joint_trajectory_controller' node arguments: --ros-args --params-file /workspace/workspace/install/cite_generated/share/cite_generated/control/cell_a_arm_2_controllers.yaml -p use_sim_time:=true --param use_sim_time:=true 
[spawner-21] [INFO] [1788563080.821852577] [spawn_arm_2_stage1]: Loaded arm_2_joint_trajectory_controller
[gz-1] [INFO] [1788563080.822154735] [cite.cell_a.arm_2.controller_manager]: Configuring controller: 'arm_2_joint_trajectory_controller'
[gz-1] [INFO] [1788563080.822319131] [cite.cell_a.arm_2.arm_2_joint_trajectory_controller]: No specific joint names are used for command interfaces. Using 'joints' parameter.
[gz-1] [INFO] [1788563080.822340547] [cite.cell_a.arm_2.arm_2_joint_trajectory_controller]: Command interfaces are [position] and state interfaces are [position velocity].
[gz-1] [INFO] [1788563080.822351449] [cite.cell_a.arm_2.arm_2_joint_trajectory_controller]: Using 'splines' interpolation method.
[gz-1] [INFO] [1788563080.824267812] [cite.cell_a.arm_2.arm_2_joint_trajectory_controller]: Action status changes will be monitored at 20.00 Hz.
[gz-1] [INFO] [1788563080.829712469] [cite.cell_a.arm_2.arm_2_joint_trajectory_controller]: Setting initial scaling factor to 1.000000
[gz-1] [INFO] [1788563080.829740383] [cite.cell_a.arm_2.arm_2_joint_trajectory_controller]: No scaling interface set. This controller will not read speed scaling from the hardware.
[gz-1] [INFO] [1788563080.835404894] [cite.cell_a.arm_2.controller_manager]: Activating controllers: [ arm_2_joint_trajectory_controller ]
[gz-1] [INFO] [1788563080.841902050] [cite.cell_a.arm_2.controller_manager]: Successfully switched controllers!
[spawner-21] [INFO] [1788563080.849685339] [spawn_arm_2_stage1]: Configured and activated arm_2_joint_trajectory_controller
[INFO] [spawner-21]: process has finished cleanly [pid 1617]
[INFO] [spawner-22]: process started with pid [1635]
[spawner-22] [INFO] [1788563081.355804896] [spawn_arm_3_stage0]: waiting for service /cite/cell_a/arm_3/controller_manager/list_controllers to become available...
[move_group-15] [WARN] [1788563081.510511183] [cite.cell_a.arm_1.move_group.moveit.ros.planning_scene_monitor]: Unable to transform object from frame 'arm_3_xarm_gripper_base_link' to planning frame'arm_1_mount' (Could not find a connection between 'arm_1_mount' and 'arm_3_xarm_gripper_base_link' because they are not part of the same tree.Tf has two or more unconnected trees.)
[move_group-15] [WARN] [1788563081.510547940] [cite.cell_a.arm_1.move_group.moveit.ros.planning_scene_monitor]: Unable to transform object from frame 'arm_3_link_eef' to planning frame'arm_1_mount' (Could not find a connection between 'arm_1_mount' and 'arm_3_link_eef' because they are not part of the same tree.Tf has two or more unconnected trees.)
[move_group-15] [WARN] [1788563081.510555610] [cite.cell_a.arm_1.move_group.moveit.ros.planning_scene_monitor]: Unable to transform object from frame 'arm_3_link5' to planning frame'arm_1_mount' (Could not find a connection between 'arm_1_mount' and 'arm_3_link5' because they are not part of the same tree.Tf has two or more unconnected trees.)
[move_group-15] [WARN] [1788563081.510562805] [cite.cell_a.arm_1.move_group.moveit.ros.planning_scene_monitor]: Unable to transform object from frame 'arm_3_link_tcp' to planning frame'arm_1_mount' (Could not find a connection between 'arm_1_mount' and 'arm_3_link_tcp' because they are not part of the same tree.Tf has two or more unconnected trees.)
[gz-1] [INFO] [1788563083.608660822] [cite.cell_a.arm_3.controller_manager]: Loading controller : 'arm_3_joint_state_broadcaster' of type 'joint_state_broadcaster/JointStateBroadcaster'
[gz-1] [INFO] [1788563083.608700400] [cite.cell_a.arm_3.controller_manager]: Loading controller 'arm_3_joint_state_broadcaster'
[gz-1] [INFO] [1788563083.609754892] [cite.cell_a.arm_3.controller_manager]: Controller 'arm_3_joint_state_broadcaster' node arguments: --ros-args --params-file /workspace/workspace/install/cite_generated/share/cite_generated/control/cell_a_arm_3_controllers.yaml -p use_sim_time:=true --param use_sim_time:=true 
[spawner-22] [INFO] [1788563083.632757785] [spawn_arm_3_stage0]: Loaded arm_3_joint_state_broadcaster
[gz-1] [INFO] [1788563083.633923992] [cite.cell_a.arm_3.controller_manager]: Configuring controller: 'arm_3_joint_state_broadcaster'
[gz-1] [INFO] [1788563083.633981020] [cite.cell_a.arm_3.arm_3_joint_state_broadcaster]: 'joints' or 'interfaces' parameter is empty. All available state interfaces will be published
[gz-1] [INFO] [1788563083.639928276] [cite.cell_a.arm_3.controller_manager]: Activating controllers: [ arm_3_joint_state_broadcaster ]
[gz-1] [INFO] [1788563083.645661352] [cite.cell_a.arm_3.controller_manager]: Successfully switched controllers!
[spawner-22] [INFO] [1788563083.653637723] [spawn_arm_3_stage0]: Configured and activated arm_3_joint_state_broadcaster
[INFO] [spawner-22]: process has finished cleanly [pid 1635]
[INFO] [spawner-23]: process started with pid [1653]
[spawner-23] [INFO] [1788563084.157435720] [spawn_arm_3_stage1]: waiting for service /cite/cell_a/arm_3/controller_manager/list_controllers to become available...
[gz-1] [INFO] [1788563086.741229249] [cite.cell_a.arm_3.controller_manager]: Loading controller : 'arm_3_gripper_controller' of type 'position_controllers/GripperActionController'
[gz-1] [INFO] [1788563086.741265992] [cite.cell_a.arm_3.controller_manager]: Loading controller 'arm_3_gripper_controller'
[gz-1] [INFO] [1788563086.741923040] [cite.cell_a.arm_3.controller_manager]: Controller 'arm_3_gripper_controller' node arguments: --ros-args --params-file /workspace/workspace/install/cite_generated/share/cite_generated/control/cell_a_arm_3_controllers.yaml -p use_sim_time:=true --param use_sim_time:=true 
[gz-1] [WARN] [1788563086.757108512] [cite.cell_a.arm_3.arm_3_gripper_controller]: [Deprecated]: the `position_controllers/GripperActionController` and `effort_controllers::GripperActionController` controllers are replaced by 'parallel_gripper_controllers/GripperActionController' controller
[spawner-23] [INFO] [1788563086.763282981] [spawn_arm_3_stage1]: Loaded arm_3_gripper_controller
[gz-1] [INFO] [1788563086.764915817] [cite.cell_a.arm_3.controller_manager]: Configuring controller: 'arm_3_gripper_controller'
[gz-1] [INFO] [1788563086.764977302] [cite.cell_a.arm_3.arm_3_gripper_controller]: Action status changes will be monitored at 20.000000 Hz.
[gz-1] [INFO] [1788563086.770561912] [cite.cell_a.arm_3.controller_manager]: Activating controllers: [ arm_3_gripper_controller ]
[gz-1] [INFO] [1788563086.779607744] [cite.cell_a.arm_3.controller_manager]: Successfully switched controllers!
[spawner-23] [INFO] [1788563086.787910582] [spawn_arm_3_stage1]: Configured and activated arm_3_gripper_controller
[gz-1] [INFO] [1788563086.788824987] [cite.cell_a.arm_3.controller_manager]: Loading controller : 'arm_3_joint_trajectory_controller' of type 'joint_trajectory_controller/JointTrajectoryController'
[gz-1] [INFO] [1788563086.788848613] [cite.cell_a.arm_3.controller_manager]: Loading controller 'arm_3_joint_trajectory_controller'
[gz-1] [INFO] [1788563086.789475673] [cite.cell_a.arm_3.controller_manager]: Controller 'arm_3_joint_trajectory_controller' node arguments: --ros-args --params-file /workspace/workspace/install/cite_generated/share/cite_generated/control/cell_a_arm_3_controllers.yaml -p use_sim_time:=true --param use_sim_time:=true 
[spawner-23] [INFO] [1788563086.822572346] [spawn_arm_3_stage1]: Loaded arm_3_joint_trajectory_controller
[gz-1] [INFO] [1788563086.823015486] [cite.cell_a.arm_3.controller_manager]: Configuring controller: 'arm_3_joint_trajectory_controller'
[gz-1] [INFO] [1788563086.823148000] [cite.cell_a.arm_3.arm_3_joint_trajectory_controller]: No specific joint names are used for command interfaces. Using 'joints' parameter.
[gz-1] [INFO] [1788563086.823160010] [cite.cell_a.arm_3.arm_3_joint_trajectory_controller]: Command interfaces are [position] and state interfaces are [position velocity].
[gz-1] [INFO] [1788563086.823167116] [cite.cell_a.arm_3.arm_3_joint_trajectory_controller]: Using 'splines' interpolation method.
[gz-1] [INFO] [1788563086.825221105] [cite.cell_a.arm_3.arm_3_joint_trajectory_controller]: Action status changes will be monitored at 20.00 Hz.
[gz-1] [INFO] [1788563086.831202679] [cite.cell_a.arm_3.arm_3_joint_trajectory_controller]: Setting initial scaling factor to 1.000000
[gz-1] [INFO] [1788563086.831230172] [cite.cell_a.arm_3.arm_3_joint_trajectory_controller]: No scaling interface set. This controller will not read speed scaling from the hardware.
[gz-1] [INFO] [1788563086.836027237] [cite.cell_a.arm_3.controller_manager]: Activating controllers: [ arm_3_joint_trajectory_controller ]
[gz-1] [INFO] [1788563086.842497050] [cite.cell_a.arm_3.controller_manager]: Successfully switched controllers!
[spawner-23] [INFO] [1788563086.850213472] [spawn_arm_3_stage1]: Configured and activated arm_3_joint_trajectory_controller
[INFO] [spawner-23]: process has finished cleanly [pid 1653]
[INFO] [planning_scene_loader.py-24]: process started with pid [1671]
[planning_scene_loader.py-24] [INFO] [1788563090.634782852] [cite.cell_a.arm_1.load_planning_scene_arm_1]: loaded 12 collision object(s) for zone 'cell_a' in cite_world
[INFO] [planning_scene_loader.py-24]: process has finished cleanly [pid 1671]
[INFO] [planning_scene_loader.py-25]: process started with pid [1686]
[planning_scene_loader.py-25] [INFO] [1788563091.633524506] [cite.cell_a.arm_2.load_planning_scene_arm_2]: loaded 12 collision object(s) for zone 'cell_a' in cite_world
[INFO] [planning_scene_loader.py-25]: process has finished cleanly [pid 1686]
[INFO] [planning_scene_loader.py-26]: process started with pid [1701]
[planning_scene_loader.py-26] [INFO] [1788563094.113627462] [cite.cell_a.arm_3.load_planning_scene_arm_3]: loaded 12 collision object(s) for zone 'cell_a' in cite_world
[INFO] [planning_scene_loader.py-26]: process has finished cleanly [pid 1701]
[INFO] [skill_server-27]: process started with pid [1722]
[INFO] [skill_server-28]: process started with pid [1723]
[INFO] [skill_server-29]: process started with pid [1724]
[INFO] [readiness_witness.py-30]: process started with pid [1725]
[skill_server-29] [WARN] [1788563095.201018306] [rcl.logging_rosout]: Publisher already registered for node name: 'skill_server'. If this is due to multiple nodes with the same name then all logs for the logger named 'cite.cell_a.arm_3.skill_server' will go out over the existing publisher. As soon as any node with that name is destructed it will unregister the publisher, preventing any further logs for that name from being published on the rosout topic.
[skill_server-28] [WARN] [1788563095.201336871] [rcl.logging_rosout]: Publisher already registered for node name: 'skill_server'. If this is due to multiple nodes with the same name then all logs for the logger named 'cite.cell_a.arm_2.skill_server' will go out over the existing publisher. As soon as any node with that name is destructed it will unregister the publisher, preventing any further logs for that name from being published on the rosout topic.
[skill_server-27] [WARN] [1788563095.201804662] [rcl.logging_rosout]: Publisher already registered for node name: 'skill_server'. If this is due to multiple nodes with the same name then all logs for the logger named 'cite.cell_a.arm_1.skill_server' will go out over the existing publisher. As soon as any node with that name is destructed it will unregister the publisher, preventing any further logs for that name from being published on the rosout topic.
[skill_server-29] [INFO] [1788563095.211744057] [cite.cell_a.arm_3.skill_server.moveit.ros.rdf_loader]: Loaded robot model in 0 seconds
[skill_server-29] [INFO] [1788563095.211840798] [cite.cell_a.arm_3.skill_server.moveit.core.robot_model]: Loading robot model 'arm_3'...
[skill_server-29] [INFO] [1788563095.211855512] [cite.cell_a.arm_3.skill_server.moveit.core.robot_model]: No root/virtual joint specified in SRDF. Assuming fixed joint
[skill_server-28] [INFO] [1788563095.213113255] [cite.cell_a.arm_2.skill_server.moveit.ros.rdf_loader]: Loaded robot model in 0 seconds
[skill_server-28] [INFO] [1788563095.213294319] [cite.cell_a.arm_2.skill_server.moveit.core.robot_model]: Loading robot model 'arm_2'...
[skill_server-28] [INFO] [1788563095.213309231] [cite.cell_a.arm_2.skill_server.moveit.core.robot_model]: No root/virtual joint specified in SRDF. Assuming fixed joint
[skill_server-27] [INFO] [1788563095.215328414] [cite.cell_a.arm_1.skill_server.moveit.ros.rdf_loader]: Loaded robot model in 0 seconds
[skill_server-27] [INFO] [1788563095.215402279] [cite.cell_a.arm_1.skill_server.moveit.core.robot_model]: Loading robot model 'arm_1'...
[skill_server-27] [INFO] [1788563095.215411798] [cite.cell_a.arm_1.skill_server.moveit.core.robot_model]: No root/virtual joint specified in SRDF. Assuming fixed joint
[skill_server-29] [INFO] [1788563095.224274789] [cite.cell_a.arm_3.skill_server.moveit.kinematics.kdl_kinematics_plugin]: Joint weights for group 'arm_3_xarm5': 1 1 1 1 1
[skill_server-28] [INFO] [1788563095.226543984] [cite.cell_a.arm_2.skill_server.moveit.kinematics.kdl_kinematics_plugin]: Joint weights for group 'arm_2_xarm5': 1 1 1 1 1
[skill_server-27] [INFO] [1788563095.229103079] [cite.cell_a.arm_1.skill_server.moveit.kinematics.kdl_kinematics_plugin]: Joint weights for group 'arm_1_xarm5': 1 1 1 1 1
[skill_server-27] [INFO] [1788563095.427028746] [cite.cell_a.arm_1.skill_server.moveit.ros.move_group_interface]: Ready to take commands for planning group arm_1_xarm5.
[skill_server-27] [INFO] [1788563095.427079455] [cite.cell_a.arm_1.skill_server]: planning for group 'arm_1_xarm5' with end effector 'arm_1_link_tcp' (planning frame 'arm_1_mount')
[skill_server-27] [INFO] [1788563095.427089843] [cite.cell_a.arm_1.skill_server]: planner: pilz_industrial_motion_planner/PTP, falling back to ompl (its own default planner) (ADR-0027)
[skill_server-29] [INFO] [1788563095.434650147] [cite.cell_a.arm_3.skill_server.moveit.ros.move_group_interface]: Ready to take commands for planning group arm_3_xarm5.
[skill_server-29] [INFO] [1788563095.434692851] [cite.cell_a.arm_3.skill_server]: planning for group 'arm_3_xarm5' with end effector 'arm_3_link_tcp' (planning frame 'arm_3_mount')
[skill_server-29] [INFO] [1788563095.434701622] [cite.cell_a.arm_3.skill_server]: planner: pilz_industrial_motion_planner/PTP, falling back to ompl (its own default planner) (ADR-0027)
[skill_server-29] [INFO] [1788563095.478947120] [cite.cell_a.arm_3.skill_server]: skills for arm_3 are accepting goals
[skill_server-27] [INFO] [1788563095.480348847] [cite.cell_a.arm_1.skill_server]: skills for arm_1 are accepting goals
CITE_TIMING {"scenario": "pick_and_place", "test": "test_the_behaviour_tree_picks_and_places_the_workpiece", "what": "the skill server, and therefore the whole stack beneath it", "ceiling_s": 300.0, "elapsed_s": 32.525, "spins": 21, "monotonic_s": 131115.823}
CITE_TIMING {"scenario": "pick_and_place", "test": "test_the_behaviour_tree_picks_and_places_the_workpiece", "what": "a transform from cite_world to cell_a__table_pick__surface", "ceiling_s": 300.0, "elapsed_s": 0.012, "spins": 5, "monotonic_s": 131115.839}
CITE_TIMING {"scenario": "pick_and_place", "test": "test_the_behaviour_tree_picks_and_places_the_workpiece", "what": "a transform from cite_world to cell_a__conveyor_1__infeed", "ceiling_s": 300.0, "elapsed_s": 0.0, "spins": 0, "monotonic_s": 131115.839}
[readiness_witness.py-30] [INFO] [1788563095.566241471] [readiness_witness]: waiting for 16 action server(s) on side 'plant'
[readiness_witness.py-30] [INFO] [1788563095.908110383] [readiness_witness]: serving: /cite/cell_a/arm_1/move_to
[readiness_witness.py-30] [INFO] [1788563095.911333677] [readiness_witness]: serving: /cite/cell_a/arm_1/pick
[readiness_witness.py-30] [INFO] [1788563095.914776081] [readiness_witness]: serving: /cite/cell_a/arm_1/place
[readiness_witness.py-30] [INFO] [1788563095.917926343] [readiness_witness]: serving: /cite/cell_a/arm_1/grasp
[readiness_witness.py-30] [INFO] [1788563095.931143566] [readiness_witness]: serving: /cite/cell_a/arm_1/transfer
[detection_server-18] [INFO] [1788563096.070787238] [cite.cell_a.detection.detection_server]: 'beam_pick' BLOCKED after 24.72 s
[skill_server-28] [INFO] [1788563096.303824301] [cite.cell_a.arm_2.skill_server.moveit.ros.move_group_interface]: Ready to take commands for planning group arm_2_xarm5.
[skill_server-28] [INFO] [1788563096.303876567] [cite.cell_a.arm_2.skill_server]: planning for group 'arm_2_xarm5' with end effector 'arm_2_link_tcp' (planning frame 'arm_2_mount')
[skill_server-28] [INFO] [1788563096.303884718] [cite.cell_a.arm_2.skill_server]: planner: pilz_industrial_motion_planner/PTP, falling back to ompl (its own default planner) (ADR-0027)
[skill_server-28] [INFO] [1788563096.324050621] [cite.cell_a.arm_2.skill_server]: skills for arm_2 are accepting goals
CITE_TIMING {"scenario": "pick_and_place", "test": "test_the_behaviour_tree_picks_and_places_the_workpiece", "what": "the work-piece to settle", "ceiling_s": 60.0, "elapsed_s": 0.62, "spins": 0, "monotonic_s": 131117.085}
[readiness_witness.py-30] [INFO] [1788563096.964669133] [readiness_witness]: serving: /cite/cell_a/arm_2/move_to
[readiness_witness.py-30] [INFO] [1788563096.974531535] [readiness_witness]: serving: /cite/cell_a/arm_2/pick
[readiness_witness.py-30] [INFO] [1788563096.983291259] [readiness_witness]: serving: /cite/cell_a/arm_2/place
[readiness_witness.py-30] [INFO] [1788563096.990341091] [readiness_witness]: serving: /cite/cell_a/arm_2/grasp
[readiness_witness.py-30] [INFO] [1788563096.995814292] [readiness_witness]: serving: /cite/cell_a/arm_2/transfer
[readiness_witness.py-30] [INFO] [1788563097.001129599] [readiness_witness]: serving: /cite/cell_a/arm_3/move_to
[readiness_witness.py-30] [INFO] [1788563097.006805222] [readiness_witness]: serving: /cite/cell_a/arm_3/pick
[readiness_witness.py-30] [INFO] [1788563097.011640245] [readiness_witness]: serving: /cite/cell_a/arm_3/place
[readiness_witness.py-30] [INFO] [1788563097.016096424] [readiness_witness]: serving: /cite/cell_a/arm_3/grasp
[readiness_witness.py-30] [INFO] [1788563097.020317854] [readiness_witness]: serving: /cite/cell_a/arm_3/transfer
[readiness_witness.py-30] [INFO] [1788563097.024944943] [readiness_witness]: serving: /cite/cell_a/detection/detect
[INFO] [readiness_witness.py-30]: process has finished cleanly [pid 1725]
[INFO] [launch.user]: CITE_SIDE_READY side=plant zone=cell_a
[skill_server-27] [INFO] [1788563098.966105705] [cite.cell_a.arm_1.skill_server.moveit.ros.move_group_interface]: MoveGroup action client/server ready
[move_group-15] [INFO] [1788563098.966545956] [cite.cell_a.arm_1.move_group.moveit.ros.move_group.move_action]: MoveGroupMoveAction: Received request
[skill_server-27] [INFO] [1788563098.966683511] [cite.cell_a.arm_1.skill_server.moveit.ros.move_group_interface]: Planning request accepted
[move_group-15] [INFO] [1788563098.966827282] [cite.cell_a.arm_1.move_group.moveit.ros.move_group.move_action]: executing..
[move_group-15] [INFO] [1788563098.967057287] [cite.cell_a.arm_1.move_group.moveit.ros.move_group.move_action]: Planning request received for MoveGroup action. Forwarding to planning pipeline.
[move_group-15] [INFO] [1788563098.967082381] [cite.cell_a.arm_1.move_group.moveit.ros.move_group.capability]: Using planning pipeline 'pilz_industrial_motion_planner'
[move_group-15] [INFO] [1788563098.967281556] [cite.cell_a.arm_1.move_group]: Calling PlanningRequestAdapter 'ResolveConstraintFrames'
[move_group-15] [INFO] [1788563098.967306773] [cite.cell_a.arm_1.move_group]: Calling PlanningRequestAdapter 'ValidateWorkspaceBounds'
[move_group-15] [WARN] [1788563098.967311426] [cite.cell_a.arm_1.move_group.moveit.ros.validate_workspace_bounds]: It looks like the planning volume was not specified. Using default values.
[move_group-15] [INFO] [1788563098.967319471] [cite.cell_a.arm_1.move_group]: Calling PlanningRequestAdapter 'CheckStartStateBounds'
[move_group-15] [INFO] [1788563098.967336311] [cite.cell_a.arm_1.move_group]: Calling PlanningRequestAdapter 'CheckStartStateCollision'
[move_group-15] [INFO] [1788563098.968675391] [cite.cell_a.arm_1.move_group.moveit.planners.pilz.trajectory_generator.ptp]: Initialized Point-to-Point Trajectory Generator.
[move_group-15] [INFO] [1788563098.968705960] [cite.cell_a.arm_1.move_group]: Calling Planner 'Pilz Industrial Motion Planner'
[move_group-15] [INFO] [1788563098.968728129] [cite.cell_a.arm_1.move_group.moveit.planners.pilz.trajectory_generator]: Generating PTP trajectory...
[move_group-15] [INFO] [1788563098.969274646] [cite.cell_a.arm_1.move_group]: Calling PlanningResponseAdapter 'ValidateSolution'
[move_group-15] [INFO] [1788563098.993987273] [cite.cell_a.arm_1.move_group]: Calling PlanningResponseAdapter 'DisplayMotionPath'
[move_group-15] [INFO] [1788563098.994297398] [cite.cell_a.arm_1.move_group.moveit.ros.move_group.move_action]: Motion plan was computed successfully.
[skill_server-27] [INFO] [1788563098.994630232] [cite.cell_a.arm_1.skill_server.moveit.ros.move_group_interface]: Planning request complete!
[skill_server-27] [INFO] [1788563098.995218569] [cite.cell_a.arm_1.skill_server.moveit.ros.move_group_interface]: time taken to generate plan: 0.000418044 seconds
[move_group-15] [INFO] [1788563098.995849167] [cite.cell_a.arm_1.move_group.moveit.ros.move_group.clear_octomap_service]: Execution request received
[skill_server-27] [INFO] [1788563098.995883254] [cite.cell_a.arm_1.skill_server.moveit.ros.move_group_interface]: Execute request accepted
[move_group-15] [INFO] [1788563098.995892257] [cite.cell_a.arm_1.move_group.moveit.plugins.simple_controller_manager]: Returned 2 controllers in list
[move_group-15] [INFO] [1788563098.995910946] [cite.cell_a.arm_1.move_group.moveit.plugins.simple_controller_manager]: Returned 2 controllers in list
[move_group-15] [INFO] [1788563098.996008672] [cite.cell_a.arm_1.move_group.moveit.ros.trajectory_execution_manager]: Validating trajectory with allowed_start_tolerance 0.01
[move_group-15] [INFO] [1788563099.001900697] [cite.cell_a.arm_1.move_group.moveit.ros.trajectory_execution_manager]: Starting trajectory execution ...
[move_group-15] [INFO] [1788563099.001944960] [cite.cell_a.arm_1.move_group.moveit.plugins.simple_controller_manager]: Returned 2 controllers in list
[move_group-15] [INFO] [1788563099.001966760] [cite.cell_a.arm_1.move_group.moveit.plugins.simple_controller_manager]: Returned 2 controllers in list
[move_group-15] [INFO] [1788563099.002294241] [moveit.simple_controller_manager.follow_joint_trajectory_controller_handle]: sending trajectory to arm_1_joint_trajectory_controller
[gz-1] [INFO] [1788563099.002620909] [cite.cell_a.arm_1.arm_1_joint_trajectory_controller]: Received new action goal
[gz-1] [INFO] [1788563099.002690040] [cite.cell_a.arm_1.arm_1_joint_trajectory_controller]: Accepted new action goal
[move_group-15] [INFO] [1788563099.002813288] [moveit.simple_controller_manager.follow_joint_trajectory_controller_handle]: arm_1_joint_trajectory_controller started execution
[move_group-15] [INFO] [1788563099.002825494] [moveit.simple_controller_manager.follow_joint_trajectory_controller_handle]: Goal request accepted!
[gz-1] [INFO] [1788563106.268398609] [cite.cell_a.arm_1.arm_1_joint_trajectory_controller]: Goal reached, success!
[move_group-15] [INFO] [1788563106.303210890] [moveit.simple_controller_manager.follow_joint_trajectory_controller_handle]: Controller 'arm_1_joint_trajectory_controller' successfully finished
[move_group-15] [INFO] [1788563106.303481400] [cite.cell_a.arm_1.move_group.moveit.ros.trajectory_execution_manager]: Completed trajectory execution with status SUCCEEDED ...
[move_group-15] [INFO] [1788563106.303554470] [cite.cell_a.arm_1.move_group.moveit.ros.move_group.clear_octomap_service]: Execution completed: SUCCEEDED
[skill_server-27] [INFO] [1788563106.303715381] [cite.cell_a.arm_1.skill_server.moveit.ros.move_group_interface]: Execute request success!
[skill_server-27] [INFO] [1788563106.306140848] [cite.cell_a.arm_1.skill_server.moveit.ros.current_state_monitor]: Listening to joint states on topic 'joint_states'
[gz-1] [INFO] [1788563106.320271885] [cite.cell_a.arm_1.arm_1_gripper_controller]: Received & accepted new action goal
[skill_server-27] [INFO] [1788563106.370844962] [cite.cell_a.arm_1.skill_server]: gripper: commanded 88.9 mm, reached 88.9 mm, stalled=false, reached_goal=true, effort=60.0 -> empty
[skill_server-27] [INFO] [1788563106.439684177] [cite.cell_a.arm_1.skill_server.moveit.ros.move_group_interface]: MoveGroup action client/server ready
[move_group-15] [INFO] [1788563106.439894749] [cite.cell_a.arm_1.move_group.moveit.ros.move_group.move_action]: MoveGroupMoveAction: Received request
[move_group-15] [INFO] [1788563106.440024186] [cite.cell_a.arm_1.move_group.moveit.ros.move_group.move_action]: executing..
[skill_server-27] [INFO] [1788563106.440025042] [cite.cell_a.arm_1.skill_server.moveit.ros.move_group_interface]: Planning request accepted
[move_group-15] [INFO] [1788563106.440182130] [cite.cell_a.arm_1.move_group.moveit.ros.move_group.move_action]: Planning request received for MoveGroup action. Forwarding to planning pipeline.
[move_group-15] [INFO] [1788563106.440197062] [cite.cell_a.arm_1.move_group.moveit.ros.move_group.capability]: Using planning pipeline 'pilz_industrial_motion_planner'
[move_group-15] [INFO] [1788563106.440281286] [cite.cell_a.arm_1.move_group]: Calling PlanningRequestAdapter 'ResolveConstraintFrames'
[move_group-15] [INFO] [1788563106.440291745] [cite.cell_a.arm_1.move_group]: Calling PlanningRequestAdapter 'ValidateWorkspaceBounds'
[move_group-15] [WARN] [1788563106.440294922] [cite.cell_a.arm_1.move_group.moveit.ros.validate_workspace_bounds]: It looks like the planning volume was not specified. Using default values.
[move_group-15] [INFO] [1788563106.440302238] [cite.cell_a.arm_1.move_group]: Calling PlanningRequestAdapter 'CheckStartStateBounds'
[move_group-15] [INFO] [1788563106.440316507] [cite.cell_a.arm_1.move_group]: Calling PlanningRequestAdapter 'CheckStartStateCollision'
[move_group-15] [INFO] [1788563106.440373837] [cite.cell_a.arm_1.move_group.moveit.planners.pilz.trajectory_generator.ptp]: Initialized Point-to-Point Trajectory Generator.
[move_group-15] [INFO] [1788563106.440394037] [cite.cell_a.arm_1.move_group]: Calling Planner 'Pilz Industrial Motion Planner'
[move_group-15] [INFO] [1788563106.440405610] [cite.cell_a.arm_1.move_group.moveit.planners.pilz.trajectory_generator]: Generating PTP trajectory...
[move_group-15] [INFO] [1788563106.440671224] [cite.cell_a.arm_1.move_group]: Calling PlanningResponseAdapter 'ValidateSolution'
[move_group-15] [INFO] [1788563106.441398644] [cite.cell_a.arm_1.move_group]: Calling PlanningResponseAdapter 'DisplayMotionPath'
[move_group-15] [INFO] [1788563106.441527507] [cite.cell_a.arm_1.move_group.moveit.ros.move_group.move_action]: Motion plan was computed successfully.
[skill_server-27] [INFO] [1788563106.441679914] [cite.cell_a.arm_1.skill_server.moveit.ros.move_group_interface]: Planning request complete!
[skill_server-27] [INFO] [1788563106.441913023] [cite.cell_a.arm_1.skill_server.moveit.ros.move_group_interface]: time taken to generate plan: 0.000188246 seconds
[skill_server-27] [INFO] [1788563106.442348789] [cite.cell_a.arm_1.skill_server.moveit.ros.move_group_interface]: Execute request accepted
[move_group-15] [INFO] [1788563106.442349888] [cite.cell_a.arm_1.move_group.moveit.ros.move_group.clear_octomap_service]: Execution request received
[move_group-15] [INFO] [1788563106.442389602] [cite.cell_a.arm_1.move_group.moveit.plugins.simple_controller_manager]: Returned 2 controllers in list
[move_group-15] [INFO] [1788563106.442408716] [cite.cell_a.arm_1.move_group.moveit.plugins.simple_controller_manager]: Returned 2 controllers in list
[move_group-15] [INFO] [1788563106.442455369] [cite.cell_a.arm_1.move_group.moveit.ros.trajectory_execution_manager]: Validating trajectory with allowed_start_tolerance 0.01
[move_group-15] [INFO] [1788563106.447236461] [cite.cell_a.arm_1.move_group.moveit.ros.trajectory_execution_manager]: Starting trajectory execution ...
[move_group-15] [INFO] [1788563106.447282068] [cite.cell_a.arm_1.move_group.moveit.plugins.simple_controller_manager]: Returned 2 controllers in list
[move_group-15] [INFO] [1788563106.447298545] [cite.cell_a.arm_1.move_group.moveit.plugins.simple_controller_manager]: Returned 2 controllers in list
[move_group-15] [INFO] [1788563106.447632429] [moveit.simple_controller_manager.follow_joint_trajectory_controller_handle]: sending trajectory to arm_1_joint_trajectory_controller
[move_group-15] [INFO] [1788563106.447914700] [moveit.simple_controller_manager.follow_joint_trajectory_controller_handle]: arm_1_joint_trajectory_controller started execution
[move_group-15] [INFO] [1788563106.447919577] [moveit.simple_controller_manager.follow_joint_trajectory_controller_handle]: Goal request accepted!
[gz-1] [INFO] [1788563106.447805937] [cite.cell_a.arm_1.arm_1_joint_trajectory_controller]: Received new action goal
[gz-1] [INFO] [1788563106.447833921] [cite.cell_a.arm_1.arm_1_joint_trajectory_controller]: Accepted new action goal
[gz-1] [INFO] [1788563112.911949189] [cite.cell_a.arm_1.arm_1_joint_trajectory_controller]: Goal reached, success!
[move_group-15] [INFO] [1788563112.948140040] [moveit.simple_controller_manager.follow_joint_trajectory_controller_handle]: Controller 'arm_1_joint_trajectory_controller' successfully finished
[move_group-15] [INFO] [1788563112.954450885] [cite.cell_a.arm_1.move_group.moveit.ros.trajectory_execution_manager]: Completed trajectory execution with status SUCCEEDED ...
[move_group-15] [INFO] [1788563112.954531633] [cite.cell_a.arm_1.move_group.moveit.ros.move_group.clear_octomap_service]: Execution completed: SUCCEEDED
[skill_server-27] [INFO] [1788563112.954659996] [cite.cell_a.arm_1.skill_server.moveit.ros.move_group_interface]: Execute request success!
[skill_server-27] [INFO] [1788563112.961843916] [cite.cell_a.arm_1.skill_server.moveit.ros.move_group_interface]: MoveGroup action client/server ready
[move_group-15] [INFO] [1788563112.962051434] [cite.cell_a.arm_1.move_group.moveit.ros.move_group.move_action]: MoveGroupMoveAction: Received request
[move_group-15] [INFO] [1788563112.962185052] [cite.cell_a.arm_1.move_group.moveit.ros.move_group.move_action]: executing..
[skill_server-27] [INFO] [1788563112.962137583] [cite.cell_a.arm_1.skill_server.moveit.ros.move_group_interface]: Planning request accepted
[move_group-15] [INFO] [1788563112.968622668] [cite.cell_a.arm_1.move_group.moveit.ros.move_group.move_action]: Planning request received for MoveGroup action. Forwarding to planning pipeline.
[move_group-15] [INFO] [1788563112.968655775] [cite.cell_a.arm_1.move_group.moveit.ros.move_group.capability]: Using planning pipeline 'pilz_industrial_motion_planner'
[move_group-15] [INFO] [1788563112.968781332] [cite.cell_a.arm_1.move_group]: Calling PlanningRequestAdapter 'ResolveConstraintFrames'
[move_group-15] [INFO] [1788563112.968809008] [cite.cell_a.arm_1.move_group]: Calling PlanningRequestAdapter 'ValidateWorkspaceBounds'
[move_group-15] [WARN] [1788563112.968814606] [cite.cell_a.arm_1.move_group.moveit.ros.validate_workspace_bounds]: It looks like the planning volume was not specified. Using default values.
[move_group-15] [INFO] [1788563112.968827079] [cite.cell_a.arm_1.move_group]: Calling PlanningRequestAdapter 'CheckStartStateBounds'
[move_group-15] [INFO] [1788563112.968844144] [cite.cell_a.arm_1.move_group]: Calling PlanningRequestAdapter 'CheckStartStateCollision'
[move_group-15] [INFO] [1788563112.968931419] [cite.cell_a.arm_1.move_group.moveit.planners.pilz.trajectory_generator.ptp]: Initialized Point-to-Point Trajectory Generator.
[move_group-15] [INFO] [1788563112.968950750] [cite.cell_a.arm_1.move_group]: Calling Planner 'Pilz Industrial Motion Planner'
[move_group-15] [INFO] [1788563112.968959473] [cite.cell_a.arm_1.move_group.moveit.planners.pilz.trajectory_generator]: Generating PTP trajectory...
[move_group-15] [INFO] [1788563112.969090134] [cite.cell_a.arm_1.move_group]: Calling PlanningResponseAdapter 'ValidateSolution'
[move_group-15] [INFO] [1788563112.971666878] [cite.cell_a.arm_1.move_group]: Calling PlanningResponseAdapter 'DisplayMotionPath'
[move_group-15] [INFO] [1788563112.971806780] [cite.cell_a.arm_1.move_group.moveit.ros.move_group.move_action]: Motion plan was computed successfully.
[skill_server-27] [INFO] [1788563112.972002951] [cite.cell_a.arm_1.skill_server.moveit.ros.move_group_interface]: Planning request complete!
[skill_server-27] [INFO] [1788563112.972556163] [cite.cell_a.arm_1.skill_server.moveit.ros.move_group_interface]: time taken to generate plan: 8.8577e-05 seconds
[move_group-15] [INFO] [1788563112.973016246] [cite.cell_a.arm_1.move_group.moveit.ros.move_group.clear_octomap_service]: Execution request received
[skill_server-27] [INFO] [1788563112.973031564] [cite.cell_a.arm_1.skill_server.moveit.ros.move_group_interface]: Execute request accepted
[move_group-15] [INFO] [1788563112.973043823] [cite.cell_a.arm_1.move_group.moveit.plugins.simple_controller_manager]: Returned 2 controllers in list
[move_group-15] [INFO] [1788563112.973057123] [cite.cell_a.arm_1.move_group.moveit.plugins.simple_controller_manager]: Returned 2 controllers in list
[move_group-15] [INFO] [1788563112.973093123] [cite.cell_a.arm_1.move_group.moveit.ros.trajectory_execution_manager]: Validating trajectory with allowed_start_tolerance 0.01
[move_group-15] [INFO] [1788563112.975634805] [cite.cell_a.arm_1.move_group.moveit.ros.trajectory_execution_manager]: Starting trajectory execution ...
[move_group-15] [INFO] [1788563112.975679014] [cite.cell_a.arm_1.move_group.moveit.plugins.simple_controller_manager]: Returned 2 controllers in list
[move_group-15] [INFO] [1788563112.975695296] [cite.cell_a.arm_1.move_group.moveit.plugins.simple_controller_manager]: Returned 2 controllers in list
[move_group-15] [INFO] [1788563112.976051308] [moveit.simple_controller_manager.follow_joint_trajectory_controller_handle]: sending trajectory to arm_1_joint_trajectory_controller
[gz-1] [INFO] [1788563112.976204253] [cite.cell_a.arm_1.arm_1_joint_trajectory_controller]: Received new action goal
[gz-1] [INFO] [1788563112.976229971] [cite.cell_a.arm_1.arm_1_joint_trajectory_controller]: Accepted new action goal
[move_group-15] [INFO] [1788563112.976313130] [moveit.simple_controller_manager.follow_joint_trajectory_controller_handle]: arm_1_joint_trajectory_controller started execution
[move_group-15] [INFO] [1788563112.976317939] [moveit.simple_controller_manager.follow_joint_trajectory_controller_handle]: Goal request accepted!
[gz-1] [INFO] [1788563115.524581143] [cite.cell_a.arm_1.arm_1_joint_trajectory_controller]: Goal reached, success!
[move_group-15] [INFO] [1788563115.526552337] [moveit.simple_controller_manager.follow_joint_trajectory_controller_handle]: Controller 'arm_1_joint_trajectory_controller' successfully finished
[move_group-15] [INFO] [1788563115.531810757] [cite.cell_a.arm_1.move_group.moveit.ros.trajectory_execution_manager]: Completed trajectory execution with status SUCCEEDED ...
[move_group-15] [INFO] [1788563115.531933914] [cite.cell_a.arm_1.move_group.moveit.ros.move_group.clear_octomap_service]: Execution completed: SUCCEEDED
[skill_server-27] [INFO] [1788563115.532083556] [cite.cell_a.arm_1.skill_server.moveit.ros.move_group_interface]: Execute request success!
[gz-1] [INFO] [1788563115.539254087] [cite.cell_a.arm_1.arm_1_gripper_controller]: Received & accepted new action goal
[gz-1] [ERROR] [1788563115.545113889] [cite.cell_a.arm_1.controller_manager]: Command of at least one joint is out of limits (throttled log). Joint: 'arm_1_drive_joint', (actual: [Joint: 'arm_1_drive_joint', position: 0.000036, velocity: -0.000605], command: [Joint: 'arm_1_drive_joint', position: 0.452793], limited: [Joint: 'arm_1_drive_joint', position: 0.006667]) with desired period : 0.006667 sec.
[skill_server-27] [INFO] [1788563120.739577605] [cite.cell_a.arm_1.skill_server]: gripper: commanded 45.0 mm, reached 49.1 mm, stalled=true, reached_goal=false, effort=60.0 -> holding
[skill_server-27] [INFO] [1788563120.741045083] [cite.cell_a.arm_1.skill_server.moveit.ros.move_group_interface]: MoveGroup action client/server ready
[move_group-15] [INFO] [1788563120.741204941] [cite.cell_a.arm_1.move_group.moveit.ros.move_group.move_action]: MoveGroupMoveAction: Received request
[move_group-15] [INFO] [1788563120.741346360] [cite.cell_a.arm_1.move_group.moveit.ros.move_group.move_action]: executing..
[skill_server-27] [INFO] [1788563120.741344244] [cite.cell_a.arm_1.skill_server.moveit.ros.move_group_interface]: Planning request accepted
[move_group-15] [INFO] [1788563120.754095807] [cite.cell_a.arm_1.move_group.moveit.ros.move_group.move_action]: Planning request received for MoveGroup action. Forwarding to planning pipeline.
[move_group-15] [INFO] [1788563120.754144954] [cite.cell_a.arm_1.move_group.moveit.ros.move_group.capability]: Using planning pipeline 'pilz_industrial_motion_planner'
[move_group-15] [INFO] [1788563120.754254074] [cite.cell_a.arm_1.move_group]: Calling PlanningRequestAdapter 'ResolveConstraintFrames'
[move_group-15] [INFO] [1788563120.754266466] [cite.cell_a.arm_1.move_group]: Calling PlanningRequestAdapter 'ValidateWorkspaceBounds'
[move_group-15] [WARN] [1788563120.754269920] [cite.cell_a.arm_1.move_group.moveit.ros.validate_workspace_bounds]: It looks like the planning volume was not specified. Using default values.
[move_group-15] [INFO] [1788563120.754278332] [cite.cell_a.arm_1.move_group]: Calling PlanningRequestAdapter 'CheckStartStateBounds'
[move_group-15] [INFO] [1788563120.754290472] [cite.cell_a.arm_1.move_group]: Calling PlanningRequestAdapter 'CheckStartStateCollision'
[move_group-15] [INFO] [1788563120.754667124] [cite.cell_a.arm_1.move_group.moveit.planners.pilz.trajectory_generator.ptp]: Initialized Point-to-Point Trajectory Generator.
[move_group-15] [INFO] [1788563120.754685231] [cite.cell_a.arm_1.move_group]: Calling Planner 'Pilz Industrial Motion Planner'
[move_group-15] [INFO] [1788563120.754693611] [cite.cell_a.arm_1.move_group.moveit.planners.pilz.trajectory_generator]: Generating PTP trajectory...
[move_group-15] [INFO] [1788563120.754829878] [cite.cell_a.arm_1.move_group]: Calling PlanningResponseAdapter 'ValidateSolution'
[move_group-15] [INFO] [1788563120.757508905] [cite.cell_a.arm_1.move_group]: Calling PlanningResponseAdapter 'DisplayMotionPath'
[move_group-15] [INFO] [1788563120.757629095] [cite.cell_a.arm_1.move_group.moveit.ros.move_group.move_action]: Motion plan was computed successfully.
[skill_server-27] [INFO] [1788563120.758078257] [cite.cell_a.arm_1.skill_server.moveit.ros.move_group_interface]: Planning request complete!
[skill_server-27] [INFO] [1788563120.759091603] [cite.cell_a.arm_1.skill_server.moveit.ros.move_group_interface]: time taken to generate plan: 8.7124e-05 seconds
[move_group-15] [INFO] [1788563120.759526643] [cite.cell_a.arm_1.move_group.moveit.ros.move_group.clear_octomap_service]: Execution request received
[skill_server-27] [INFO] [1788563120.759551786] [cite.cell_a.arm_1.skill_server.moveit.ros.move_group_interface]: Execute request accepted
[move_group-15] [INFO] [1788563120.759554236] [cite.cell_a.arm_1.move_group.moveit.plugins.simple_controller_manager]: Returned 2 controllers in list
[move_group-15] [INFO] [1788563120.759566590] [cite.cell_a.arm_1.move_group.moveit.plugins.simple_controller_manager]: Returned 2 controllers in list
[move_group-15] [INFO] [1788563120.759599642] [cite.cell_a.arm_1.move_group.moveit.ros.trajectory_execution_manager]: Validating trajectory with allowed_start_tolerance 0.01
[move_group-15] [INFO] [1788563120.767709226] [cite.cell_a.arm_1.move_group.moveit.ros.trajectory_execution_manager]: Starting trajectory execution ...
[move_group-15] [INFO] [1788563120.767762684] [cite.cell_a.arm_1.move_group.moveit.plugins.simple_controller_manager]: Returned 2 controllers in list
[move_group-15] [INFO] [1788563120.767787226] [cite.cell_a.arm_1.move_group.moveit.plugins.simple_controller_manager]: Returned 2 controllers in list
[move_group-15] [INFO] [1788563120.768050287] [moveit.simple_controller_manager.follow_joint_trajectory_controller_handle]: sending trajectory to arm_1_joint_trajectory_controller
[gz-1] [INFO] [1788563120.768244018] [cite.cell_a.arm_1.arm_1_joint_trajectory_controller]: Received new action goal
[gz-1] [INFO] [1788563120.768273639] [cite.cell_a.arm_1.arm_1_joint_trajectory_controller]: Accepted new action goal
[move_group-15] [INFO] [1788563120.768403376] [moveit.simple_controller_manager.follow_joint_trajectory_controller_handle]: arm_1_joint_trajectory_controller started execution
[move_group-15] [INFO] [1788563120.768413964] [moveit.simple_controller_manager.follow_joint_trajectory_controller_handle]: Goal request accepted!
[detection_server-18] [INFO] [1788563122.966679046] [cite.cell_a.detection.detection_server]: 'beam_pick' CLEARED after 19.41 s
[gz-1] [INFO] [1788563126.332876357] [cite.cell_a.arm_1.arm_1_joint_trajectory_controller]: Goal reached, success!
[move_group-15] [INFO] [1788563126.368644962] [moveit.simple_controller_manager.follow_joint_trajectory_controller_handle]: Controller 'arm_1_joint_trajectory_controller' successfully finished
[move_group-15] [INFO] [1788563126.374117297] [cite.cell_a.arm_1.move_group.moveit.ros.trajectory_execution_manager]: Completed trajectory execution with status SUCCEEDED ...
[move_group-15] [INFO] [1788563126.374236090] [cite.cell_a.arm_1.move_group.moveit.ros.move_group.clear_octomap_service]: Execution completed: SUCCEEDED
[skill_server-27] [INFO] [1788563126.374673629] [cite.cell_a.arm_1.skill_server.moveit.ros.move_group_interface]: Execute request success!
[skill_server-27] [INFO] [1788563126.388799734] [cite.cell_a.arm_1.skill_server.moveit.ros.move_group_interface]: MoveGroup action client/server ready
[move_group-15] [INFO] [1788563126.388976037] [cite.cell_a.arm_1.move_group.moveit.ros.move_group.move_action]: MoveGroupMoveAction: Received request
[move_group-15] [INFO] [1788563126.389107564] [cite.cell_a.arm_1.move_group.moveit.ros.move_group.move_action]: executing..
[skill_server-27] [INFO] [1788563126.389055221] [cite.cell_a.arm_1.skill_server.moveit.ros.move_group_interface]: Planning request accepted
[move_group-15] [INFO] [1788563126.401752724] [cite.cell_a.arm_1.move_group.moveit.ros.move_group.move_action]: Planning request received for MoveGroup action. Forwarding to planning pipeline.
[move_group-15] [INFO] [1788563126.401786580] [cite.cell_a.arm_1.move_group.moveit.ros.move_group.capability]: Using planning pipeline 'pilz_industrial_motion_planner'
[move_group-15] [INFO] [1788563126.401926439] [cite.cell_a.arm_1.move_group]: Calling PlanningRequestAdapter 'ResolveConstraintFrames'
[move_group-15] [INFO] [1788563126.401947209] [cite.cell_a.arm_1.move_group]: Calling PlanningRequestAdapter 'ValidateWorkspaceBounds'
[move_group-15] [WARN] [1788563126.401952793] [cite.cell_a.arm_1.move_group.moveit.ros.validate_workspace_bounds]: It looks like the planning volume was not specified. Using default values.
[move_group-15] [INFO] [1788563126.401964495] [cite.cell_a.arm_1.move_group]: Calling PlanningRequestAdapter 'CheckStartStateBounds'
[move_group-15] [INFO] [1788563126.401981241] [cite.cell_a.arm_1.move_group]: Calling PlanningRequestAdapter 'CheckStartStateCollision'
[move_group-15] [INFO] [1788563126.402076621] [cite.cell_a.arm_1.move_group.moveit.planners.pilz.trajectory_generator.ptp]: Initialized Point-to-Point Trajectory Generator.
[move_group-15] [INFO] [1788563126.402094823] [cite.cell_a.arm_1.move_group]: Calling Planner 'Pilz Industrial Motion Planner'
[move_group-15] [INFO] [1788563126.402103649] [cite.cell_a.arm_1.move_group.moveit.planners.pilz.trajectory_generator]: Generating PTP trajectory...
[move_group-15] [INFO] [1788563126.402426279] [cite.cell_a.arm_1.move_group]: Calling PlanningResponseAdapter 'ValidateSolution'
[move_group-15] [INFO] [1788563126.404291851] [cite.cell_a.arm_1.move_group]: Calling PlanningResponseAdapter 'DisplayMotionPath'
[move_group-15] [INFO] [1788563126.404446326] [cite.cell_a.arm_1.move_group.moveit.ros.move_group.move_action]: Motion plan was computed successfully.
[skill_server-27] [INFO] [1788563126.404609013] [cite.cell_a.arm_1.skill_server.moveit.ros.move_group_interface]: Planning request complete!
[skill_server-27] [INFO] [1788563126.404722664] [cite.cell_a.arm_1.skill_server.moveit.ros.move_group_interface]: time taken to generate plan: 0.000253399 seconds
[move_group-15] [INFO] [1788563126.405136967] [cite.cell_a.arm_1.move_group.moveit.ros.move_group.clear_octomap_service]: Execution request received
[skill_server-27] [INFO] [1788563126.405152058] [cite.cell_a.arm_1.skill_server.moveit.ros.move_group_interface]: Execute request accepted
[move_group-15] [INFO] [1788563126.405170102] [cite.cell_a.arm_1.move_group.moveit.plugins.simple_controller_manager]: Returned 2 controllers in list
[move_group-15] [INFO] [1788563126.405186230] [cite.cell_a.arm_1.move_group.moveit.plugins.simple_controller_manager]: Returned 2 controllers in list
[move_group-15] [INFO] [1788563126.405237080] [cite.cell_a.arm_1.move_group.moveit.ros.trajectory_execution_manager]: Validating trajectory with allowed_start_tolerance 0.01
[move_group-15] [INFO] [1788563126.414886646] [cite.cell_a.arm_1.move_group.moveit.ros.trajectory_execution_manager]: Starting trajectory execution ...
[move_group-15] [INFO] [1788563126.414933207] [cite.cell_a.arm_1.move_group.moveit.plugins.simple_controller_manager]: Returned 2 controllers in list
[move_group-15] [INFO] [1788563126.414956497] [cite.cell_a.arm_1.move_group.moveit.plugins.simple_controller_manager]: Returned 2 controllers in list
[move_group-15] [INFO] [1788563126.415227710] [moveit.simple_controller_manager.follow_joint_trajectory_controller_handle]: sending trajectory to arm_1_joint_trajectory_controller
[gz-1] [INFO] [1788563126.415419791] [cite.cell_a.arm_1.arm_1_joint_trajectory_controller]: Received new action goal
[gz-1] [INFO] [1788563126.415446872] [cite.cell_a.arm_1.arm_1_joint_trajectory_controller]: Accepted new action goal
[move_group-15] [INFO] [1788563126.415545506] [moveit.simple_controller_manager.follow_joint_trajectory_controller_handle]: arm_1_joint_trajectory_controller started execution
[move_group-15] [INFO] [1788563126.415556667] [moveit.simple_controller_manager.follow_joint_trajectory_controller_handle]: Goal request accepted!
[gz-1] [INFO] [1788563145.093371082] [cite.cell_a.arm_1.arm_1_joint_trajectory_controller]: Goal reached, success!
[move_group-15] [INFO] [1788563145.115741052] [moveit.simple_controller_manager.follow_joint_trajectory_controller_handle]: Controller 'arm_1_joint_trajectory_controller' successfully finished
[move_group-15] [INFO] [1788563145.208894137] [cite.cell_a.arm_1.move_group.moveit.ros.trajectory_execution_manager]: Completed trajectory execution with status SUCCEEDED ...
[move_group-15] [INFO] [1788563145.209004174] [cite.cell_a.arm_1.move_group.moveit.ros.move_group.clear_octomap_service]: Execution completed: SUCCEEDED
[skill_server-27] [INFO] [1788563145.209152093] [cite.cell_a.arm_1.skill_server.moveit.ros.move_group_interface]: Execute request success!
[skill_server-27] [INFO] [1788563145.222411874] [cite.cell_a.arm_1.skill_server.moveit.ros.move_group_interface]: MoveGroup action client/server ready
[move_group-15] [INFO] [1788563145.222569610] [cite.cell_a.arm_1.move_group.moveit.ros.move_group.move_action]: MoveGroupMoveAction: Received request
[move_group-15] [INFO] [1788563145.222680037] [cite.cell_a.arm_1.move_group.moveit.ros.move_group.move_action]: executing..
[skill_server-27] [INFO] [1788563145.222671374] [cite.cell_a.arm_1.skill_server.moveit.ros.move_group_interface]: Planning request accepted
[move_group-15] [INFO] [1788563145.235685191] [cite.cell_a.arm_1.move_group.moveit.ros.move_group.move_action]: Planning request received for MoveGroup action. Forwarding to planning pipeline.
[move_group-15] [INFO] [1788563145.235722661] [cite.cell_a.arm_1.move_group.moveit.ros.move_group.capability]: Using planning pipeline 'pilz_industrial_motion_planner'
[move_group-15] [INFO] [1788563145.235837896] [cite.cell_a.arm_1.move_group]: Calling PlanningRequestAdapter 'ResolveConstraintFrames'
[move_group-15] [INFO] [1788563145.235855107] [cite.cell_a.arm_1.move_group]: Calling PlanningRequestAdapter 'ValidateWorkspaceBounds'
[move_group-15] [WARN] [1788563145.235860712] [cite.cell_a.arm_1.move_group.moveit.ros.validate_workspace_bounds]: It looks like the planning volume was not specified. Using default values.
[move_group-15] [INFO] [1788563145.235871574] [cite.cell_a.arm_1.move_group]: Calling PlanningRequestAdapter 'CheckStartStateBounds'
[move_group-15] [INFO] [1788563145.235887791] [cite.cell_a.arm_1.move_group]: Calling PlanningRequestAdapter 'CheckStartStateCollision'
[move_group-15] [INFO] [1788563145.235992082] [cite.cell_a.arm_1.move_group.moveit.planners.pilz.trajectory_generator.ptp]: Initialized Point-to-Point Trajectory Generator.
[move_group-15] [INFO] [1788563145.236014223] [cite.cell_a.arm_1.move_group]: Calling Planner 'Pilz Industrial Motion Planner'
[move_group-15] [INFO] [1788563145.236026102] [cite.cell_a.arm_1.move_group.moveit.planners.pilz.trajectory_generator]: Generating PTP trajectory...
[move_group-15] [INFO] [1788563145.236215647] [cite.cell_a.arm_1.move_group]: Calling PlanningResponseAdapter 'ValidateSolution'
[move_group-15] [INFO] [1788563145.236921602] [cite.cell_a.arm_1.move_group]: Calling PlanningResponseAdapter 'DisplayMotionPath'
[move_group-15] [INFO] [1788563145.237063410] [cite.cell_a.arm_1.move_group.moveit.ros.move_group.move_action]: Motion plan was computed successfully.
[skill_server-27] [INFO] [1788563145.237202683] [cite.cell_a.arm_1.skill_server.moveit.ros.move_group_interface]: Planning request complete!
[skill_server-27] [INFO] [1788563145.237282749] [cite.cell_a.arm_1.skill_server.moveit.ros.move_group_interface]: time taken to generate plan: 0.000125367 seconds
[move_group-15] [INFO] [1788563145.237735975] [cite.cell_a.arm_1.move_group.moveit.ros.move_group.clear_octomap_service]: Execution request received
[skill_server-27] [INFO] [1788563145.237741895] [cite.cell_a.arm_1.skill_server.moveit.ros.move_group_interface]: Execute request accepted
[move_group-15] [INFO] [1788563145.237769411] [cite.cell_a.arm_1.move_group.moveit.plugins.simple_controller_manager]: Returned 2 controllers in list
[move_group-15] [INFO] [1788563145.237788952] [cite.cell_a.arm_1.move_group.moveit.plugins.simple_controller_manager]: Returned 2 controllers in list
[move_group-15] [INFO] [1788563145.237843186] [cite.cell_a.arm_1.move_group.moveit.ros.trajectory_execution_manager]: Validating trajectory with allowed_start_tolerance 0.01
[move_group-15] [INFO] [1788563145.249248016] [cite.cell_a.arm_1.move_group.moveit.ros.trajectory_execution_manager]: Starting trajectory execution ...
[move_group-15] [INFO] [1788563145.249301430] [cite.cell_a.arm_1.move_group.moveit.plugins.simple_controller_manager]: Returned 2 controllers in list
[move_group-15] [INFO] [1788563145.249323630] [cite.cell_a.arm_1.move_group.moveit.plugins.simple_controller_manager]: Returned 2 controllers in list
[move_group-15] [INFO] [1788563145.249597762] [moveit.simple_controller_manager.follow_joint_trajectory_controller_handle]: sending trajectory to arm_1_joint_trajectory_controller
[move_group-15] [INFO] [1788563145.249813831] [moveit.simple_controller_manager.follow_joint_trajectory_controller_handle]: arm_1_joint_trajectory_controller started execution
[move_group-15] [INFO] [1788563145.249820796] [moveit.simple_controller_manager.follow_joint_trajectory_controller_handle]: Goal request accepted!
[gz-1] [INFO] [1788563145.249701373] [cite.cell_a.arm_1.arm_1_joint_trajectory_controller]: Received new action goal
[gz-1] [INFO] [1788563145.249726188] [cite.cell_a.arm_1.arm_1_joint_trajectory_controller]: Accepted new action goal
[gz-1] [INFO] [1788563150.116485824] [cite.cell_a.arm_1.arm_1_joint_trajectory_controller]: Goal reached, success!
[move_group-15] [INFO] [1788563150.149939626] [moveit.simple_controller_manager.follow_joint_trajectory_controller_handle]: Controller 'arm_1_joint_trajectory_controller' successfully finished
[move_group-15] [INFO] [1788563150.156459192] [cite.cell_a.arm_1.move_group.moveit.ros.trajectory_execution_manager]: Completed trajectory execution with status SUCCEEDED ...
[move_group-15] [INFO] [1788563150.156543961] [cite.cell_a.arm_1.move_group.moveit.ros.move_group.clear_octomap_service]: Execution completed: SUCCEEDED
[skill_server-27] [INFO] [1788563150.156708790] [cite.cell_a.arm_1.skill_server.moveit.ros.move_group_interface]: Execute request success!
[gz-1] [INFO] [1788563150.170570924] [cite.cell_a.arm_1.arm_1_gripper_controller]: Received & accepted new action goal
[gz-1] [ERROR] [1788563150.282459708] [cite.cell_a.arm_1.controller_manager]: Command of at least one joint is out of limits (throttled log). Joint: 'arm_1_drive_joint', (actual: [Joint: 'arm_1_drive_joint', position: 0.410306, velocity: -0.003360], command: [Joint: 'arm_1_drive_joint', position: 0.000000], limited: [Joint: 'arm_1_drive_joint', position: 0.446126]) with desired period : 0.006667 sec.
[skill_server-27] [INFO] [1788563151.070842961] [cite.cell_a.arm_1.skill_server]: gripper: commanded 88.9 mm, reached 88.1 mm, stalled=false, reached_goal=true, effort=60.0 -> empty
[skill_server-27] [INFO] [1788563151.071532335] [cite.cell_a.arm_1.skill_server.moveit.ros.move_group_interface]: MoveGroup action client/server ready
[move_group-15] [INFO] [1788563151.071690802] [cite.cell_a.arm_1.move_group.moveit.ros.move_group.move_action]: MoveGroupMoveAction: Received request
[skill_server-27] [INFO] [1788563151.071805151] [cite.cell_a.arm_1.skill_server.moveit.ros.move_group_interface]: Planning request accepted
[move_group-15] [INFO] [1788563151.071828081] [cite.cell_a.arm_1.move_group.moveit.ros.move_group.move_action]: executing..
[move_group-15] [INFO] [1788563151.078322395] [cite.cell_a.arm_1.move_group.moveit.ros.move_group.move_action]: Planning request received for MoveGroup action. Forwarding to planning pipeline.
[move_group-15] [INFO] [1788563151.078361429] [cite.cell_a.arm_1.move_group.moveit.ros.move_group.capability]: Using planning pipeline 'pilz_industrial_motion_planner'
[move_group-15] [INFO] [1788563151.078461606] [cite.cell_a.arm_1.move_group]: Calling PlanningRequestAdapter 'ResolveConstraintFrames'
[move_group-15] [INFO] [1788563151.078473681] [cite.cell_a.arm_1.move_group]: Calling PlanningRequestAdapter 'ValidateWorkspaceBounds'
[move_group-15] [WARN] [1788563151.078476890] [cite.cell_a.arm_1.move_group.moveit.ros.validate_workspace_bounds]: It looks like the planning volume was not specified. Using default values.
[move_group-15] [INFO] [1788563151.078484439] [cite.cell_a.arm_1.move_group]: Calling PlanningRequestAdapter 'CheckStartStateBounds'
[move_group-15] [INFO] [1788563151.078496341] [cite.cell_a.arm_1.move_group]: Calling PlanningRequestAdapter 'CheckStartStateCollision'
[move_group-15] [INFO] [1788563151.078567510] [cite.cell_a.arm_1.move_group.moveit.planners.pilz.trajectory_generator.ptp]: Initialized Point-to-Point Trajectory Generator.
[move_group-15] [INFO] [1788563151.078583911] [cite.cell_a.arm_1.move_group]: Calling Planner 'Pilz Industrial Motion Planner'
[move_group-15] [INFO] [1788563151.078592307] [cite.cell_a.arm_1.move_group.moveit.planners.pilz.trajectory_generator]: Generating PTP trajectory...
[move_group-15] [INFO] [1788563151.078717969] [cite.cell_a.arm_1.move_group]: Calling PlanningResponseAdapter 'ValidateSolution'
[move_group-15] [INFO] [1788563151.079138746] [cite.cell_a.arm_1.move_group]: Calling PlanningResponseAdapter 'DisplayMotionPath'
[move_group-15] [INFO] [1788563151.079245635] [cite.cell_a.arm_1.move_group.moveit.ros.move_group.move_action]: Motion plan was computed successfully.
[skill_server-27] [INFO] [1788563151.079389115] [cite.cell_a.arm_1.skill_server.moveit.ros.move_group_interface]: Planning request complete!
[skill_server-27] [INFO] [1788563151.080038558] [cite.cell_a.arm_1.skill_server.moveit.ros.move_group_interface]: time taken to generate plan: 8.5648e-05 seconds
[move_group-15] [INFO] [1788563151.080530247] [cite.cell_a.arm_1.move_group.moveit.ros.move_group.clear_octomap_service]: Execution request received
[move_group-15] [INFO] [1788563151.080558484] [cite.cell_a.arm_1.move_group.moveit.plugins.simple_controller_manager]: Returned 2 controllers in list
[move_group-15] [INFO] [1788563151.080571339] [cite.cell_a.arm_1.move_group.moveit.plugins.simple_controller_manager]: Returned 2 controllers in list
[skill_server-27] [INFO] [1788563151.080555125] [cite.cell_a.arm_1.skill_server.moveit.ros.move_group_interface]: Execute request accepted
[move_group-15] [INFO] [1788563151.080604635] [cite.cell_a.arm_1.move_group.moveit.ros.trajectory_execution_manager]: Validating trajectory with allowed_start_tolerance 0.01
[move_group-15] [INFO] [1788563151.085431326] [cite.cell_a.arm_1.move_group.moveit.ros.trajectory_execution_manager]: Starting trajectory execution ...
[move_group-15] [INFO] [1788563151.085482907] [cite.cell_a.arm_1.move_group.moveit.plugins.simple_controller_manager]: Returned 2 controllers in list
[move_group-15] [INFO] [1788563151.085566708] [cite.cell_a.arm_1.move_group.moveit.plugins.simple_controller_manager]: Returned 2 controllers in list
[move_group-15] [INFO] [1788563151.085826665] [moveit.simple_controller_manager.follow_joint_trajectory_controller_handle]: sending trajectory to arm_1_joint_trajectory_controller
[gz-1] [INFO] [1788563151.085970763] [cite.cell_a.arm_1.arm_1_joint_trajectory_controller]: Received new action goal
[gz-1] [INFO] [1788563151.086000621] [cite.cell_a.arm_1.arm_1_joint_trajectory_controller]: Accepted new action goal
[move_group-15] [INFO] [1788563151.086096993] [moveit.simple_controller_manager.follow_joint_trajectory_controller_handle]: arm_1_joint_trajectory_controller started execution
[move_group-15] [INFO] [1788563151.086106238] [moveit.simple_controller_manager.follow_joint_trajectory_controller_handle]: Goal request accepted!
[gz-1] [INFO] [1788563153.937336326] [cite.cell_a.arm_1.arm_1_joint_trajectory_controller]: Goal reached, success!
[move_group-15] [INFO] [1788563153.986375279] [moveit.simple_controller_manager.follow_joint_trajectory_controller_handle]: Controller 'arm_1_joint_trajectory_controller' successfully finished
[move_group-15] [INFO] [1788563153.986485290] [cite.cell_a.arm_1.move_group.moveit.ros.trajectory_execution_manager]: Completed trajectory execution with status SUCCEEDED ...
[move_group-15] [INFO] [1788563153.986555064] [cite.cell_a.arm_1.move_group.moveit.ros.move_group.clear_octomap_service]: Execution completed: SUCCEEDED
[skill_server-27] [INFO] [1788563153.986698155] [cite.cell_a.arm_1.skill_server.moveit.ros.move_group_interface]: Execute request success!
[skill_server-27] [INFO] [1788563153.993596717] [cite.cell_a.arm_1.skill_server.moveit.ros.move_group_interface]: MoveGroup action client/server ready
[move_group-15] [INFO] [1788563153.993803316] [cite.cell_a.arm_1.move_group.moveit.ros.move_group.move_action]: MoveGroupMoveAction: Received request
[move_group-15] [INFO] [1788563153.993935848] [cite.cell_a.arm_1.move_group.moveit.ros.move_group.move_action]: executing..
[skill_server-27] [INFO] [1788563153.993935879] [cite.cell_a.arm_1.skill_server.moveit.ros.move_group_interface]: Planning request accepted
[move_group-15] [INFO] [1788563154.000574329] [cite.cell_a.arm_1.move_group.moveit.ros.move_group.move_action]: Planning request received for MoveGroup action. Forwarding to planning pipeline.
[move_group-15] [INFO] [1788563154.000604813] [cite.cell_a.arm_1.move_group.moveit.ros.move_group.capability]: Using planning pipeline 'pilz_industrial_motion_planner'
[move_group-15] [INFO] [1788563154.000711979] [cite.cell_a.arm_1.move_group]: Calling PlanningRequestAdapter 'ResolveConstraintFrames'
[move_group-15] [INFO] [1788563154.000728052] [cite.cell_a.arm_1.move_group]: Calling PlanningRequestAdapter 'ValidateWorkspaceBounds'
[move_group-15] [WARN] [1788563154.000732708] [cite.cell_a.arm_1.move_group.moveit.ros.validate_workspace_bounds]: It looks like the planning volume was not specified. Using default values.
[move_group-15] [INFO] [1788563154.000744368] [cite.cell_a.arm_1.move_group]: Calling PlanningRequestAdapter 'CheckStartStateBounds'
[move_group-15] [INFO] [1788563154.000761605] [cite.cell_a.arm_1.move_group]: Calling PlanningRequestAdapter 'CheckStartStateCollision'
[move_group-15] [INFO] [1788563154.000878094] [cite.cell_a.arm_1.move_group.moveit.planners.pilz.trajectory_generator.ptp]: Initialized Point-to-Point Trajectory Generator.
[move_group-15] [INFO] [1788563154.000903001] [cite.cell_a.arm_1.move_group]: Calling Planner 'Pilz Industrial Motion Planner'
[move_group-15] [INFO] [1788563154.000911343] [cite.cell_a.arm_1.move_group.moveit.planners.pilz.trajectory_generator]: Generating PTP trajectory...
[move_group-15] [INFO] [1788563154.001099440] [cite.cell_a.arm_1.move_group]: Calling PlanningResponseAdapter 'ValidateSolution'
[move_group-15] [INFO] [1788563154.001836379] [cite.cell_a.arm_1.move_group]: Calling PlanningResponseAdapter 'DisplayMotionPath'
[move_group-15] [INFO] [1788563154.001998835] [cite.cell_a.arm_1.move_group.moveit.ros.move_group.move_action]: Motion plan was computed successfully.
[skill_server-27] [INFO] [1788563154.002123590] [cite.cell_a.arm_1.skill_server.moveit.ros.move_group_interface]: Planning request complete!
[skill_server-27] [INFO] [1788563154.002137306] [cite.cell_a.arm_1.skill_server.moveit.ros.move_group_interface]: time taken to generate plan: 0.000136416 seconds
[skill_server-27] [INFO] [1788563154.002571115] [cite.cell_a.arm_1.skill_server.moveit.ros.move_group_interface]: Execute request accepted
[move_group-15] [INFO] [1788563154.002573997] [cite.cell_a.arm_1.move_group.moveit.ros.move_group.clear_octomap_service]: Execution request received
[move_group-15] [INFO] [1788563154.002601658] [cite.cell_a.arm_1.move_group.moveit.plugins.simple_controller_manager]: Returned 2 controllers in list
[move_group-15] [INFO] [1788563154.002613773] [cite.cell_a.arm_1.move_group.moveit.plugins.simple_controller_manager]: Returned 2 controllers in list
[move_group-15] [INFO] [1788563154.002649794] [cite.cell_a.arm_1.move_group.moveit.ros.trajectory_execution_manager]: Validating trajectory with allowed_start_tolerance 0.01
[move_group-15] [INFO] [1788563154.007491663] [cite.cell_a.arm_1.move_group.moveit.ros.trajectory_execution_manager]: Starting trajectory execution ...
[move_group-15] [INFO] [1788563154.007533088] [cite.cell_a.arm_1.move_group.moveit.plugins.simple_controller_manager]: Returned 2 controllers in list
[move_group-15] [INFO] [1788563154.007548415] [cite.cell_a.arm_1.move_group.moveit.plugins.simple_controller_manager]: Returned 2 controllers in list
[move_group-15] [INFO] [1788563154.007865615] [moveit.simple_controller_manager.follow_joint_trajectory_controller_handle]: sending trajectory to arm_1_joint_trajectory_controller
[gz-1] [INFO] [1788563154.008062123] [cite.cell_a.arm_1.arm_1_joint_trajectory_controller]: Received new action goal
[gz-1] [INFO] [1788563154.008093109] [cite.cell_a.arm_1.arm_1_joint_trajectory_controller]: Accepted new action goal
[move_group-15] [INFO] [1788563154.008182750] [moveit.simple_controller_manager.follow_joint_trajectory_controller_handle]: arm_1_joint_trajectory_controller started execution
[move_group-15] [INFO] [1788563154.008191428] [moveit.simple_controller_manager.follow_joint_trajectory_controller_handle]: Goal request accepted!
[gz-1] NodeShared::RecvSrvRequest() error sending response: Host unreachable
[gz-1] [INFO] [1788563159.532936846] [cite.cell_a.arm_1.arm_1_joint_trajectory_controller]: Goal reached, success!
[move_group-15] [INFO] [1788563159.558433858] [moveit.simple_controller_manager.follow_joint_trajectory_controller_handle]: Controller 'arm_1_joint_trajectory_controller' successfully finished
[move_group-15] [INFO] [1788563159.561123108] [cite.cell_a.arm_1.move_group.moveit.ros.trajectory_execution_manager]: Completed trajectory execution with status SUCCEEDED ...
[move_group-15] [INFO] [1788563159.561193978] [cite.cell_a.arm_1.move_group.moveit.ros.move_group.clear_octomap_service]: Execution completed: SUCCEEDED
[skill_server-27] [INFO] [1788563159.561347144] [cite.cell_a.arm_1.skill_server.moveit.ros.move_group_interface]: Execute request success!
CITE_TIMING {"scenario": "pick_and_place", "test": "test_the_behaviour_tree_picks_and_places_the_workpiece", "what": "the station cycle to run to completion", "ceiling_s": 420.0, "elapsed_s": 65.285, "spins": 106, "monotonic_s": 131182.37}
ok

----------------------------------------------------------------------
Ran 1 test in 100.702s

OK
[INFO] [skill_server-29]: sending signal 'SIGINT' to process[skill_server-29]
[INFO] [skill_server-28]: sending signal 'SIGINT' to process[skill_server-28]
[INFO] [skill_server-27]: sending signal 'SIGINT' to process[skill_server-27]
[INFO] [detection_server-18]: sending signal 'SIGINT' to process[detection_server-18]
[INFO] [move_group-17]: sending signal 'SIGINT' to process[move_group-17]
[INFO] [move_group-16]: sending signal 'SIGINT' to process[move_group-16]
[INFO] [move_group-15]: sending signal 'SIGINT' to process[move_group-15]
[INFO] [topology_server.py-13]: sending signal 'SIGINT' to process[topology_server.py-13]
[INFO] [model_info.py-12]: sending signal 'SIGINT' to process[model_info.py-12]
[INFO] [frame_server.py-11]: sending signal 'SIGINT' to process[frame_server.py-11]
[INFO] [robot_state_publisher-9]: sending signal 'SIGINT' to process[robot_state_publisher-9]
[INFO] [robot_state_publisher-7]: sending signal 'SIGINT' to process[robot_state_publisher-7]
[INFO] [robot_state_publisher-5]: sending signal 'SIGINT' to process[robot_state_publisher-5]
[INFO] [robot_state_publisher-3]: sending signal 'SIGINT' to process[robot_state_publisher-3]
[INFO] [parameter_bridge-2]: sending signal 'SIGINT' to process[parameter_bridge-2]
[INFO] [gz-1]: sending signal 'SIGINT' to process[gz-1]
[skill_server-29] [INFO] [1788563163.628347388] [rclcpp]: signal_handler(SIGINT/SIGTERM)
[skill_server-29] Warning: class_loader.ClassLoader: SEVERE WARNING!!! Attempting to unload library while objects created by this loader exist in the heap! You should delete your objects before attempting to unload the library or destroying the ClassLoader. The library will NOT be unloaded.
[skill_server-29]          at line 127 in ./src/class_loader.cpp
[skill_server-28] [INFO] [1788563163.632233893] [rclcpp]: signal_handler(SIGINT/SIGTERM)
[skill_server-28] Warning: class_loader.ClassLoader: SEVERE WARNING!!! Attempting to unload library while objects created by this loader exist in the heap! You should delete your objects before attempting to unload the library or destroying the ClassLoader. The library will NOT be unloaded.
[skill_server-28]          at line 127 in ./src/class_loader.cpp
[skill_server-27] [INFO] [1788563163.636916088] [rclcpp]: signal_handler(SIGINT/SIGTERM)
[skill_server-27] Warning: class_loader.ClassLoader: SEVERE WARNING!!! Attempting to unload library while objects created by this loader exist in the heap! You should delete your objects before attempting to unload the library or destroying the ClassLoader. The library will NOT be unloaded.
[skill_server-27]          at line 127 in ./src/class_loader.cpp
[detection_server-18] [INFO] [1788563163.645415776] [rclcpp]: signal_handler(SIGINT/SIGTERM)
[move_group-17] [INFO] [1788563163.651725109] [rclcpp]: signal_handler(SIGINT/SIGTERM)
[move_group-16] [INFO] [1788563163.658121761] [rclcpp]: signal_handler(SIGINT/SIGTERM)
[move_group-15] [INFO] [1788563163.666279916] [rclcpp]: signal_handler(SIGINT/SIGTERM)
[robot_state_publisher-9] [INFO] [1788563163.691837465] [rclcpp]: signal_handler(SIGINT/SIGTERM)
[robot_state_publisher-7] [INFO] [1788563163.698432495] [rclcpp]: signal_handler(SIGINT/SIGTERM)
[robot_state_publisher-5] [INFO] [1788563163.704839363] [rclcpp]: signal_handler(SIGINT/SIGTERM)
[robot_state_publisher-3] [INFO] [1788563163.711923512] [rclcpp]: signal_handler(SIGINT/SIGTERM)
[move_group-16] [INFO] [1788563163.718743560] [cite.cell_a.arm_2.move_group.moveit.ros.moveit_cpp]: Deleting MoveItCpp
[move_group-17] [INFO] [1788563163.718785457] [cite.cell_a.arm_3.move_group.moveit.ros.moveit_cpp]: Deleting MoveItCpp
[parameter_bridge-2] [INFO] [1788563163.718830908] [rclcpp]: signal_handler(SIGINT/SIGTERM)
[move_group-15] [INFO] [1788563163.731660755] [cite.cell_a.arm_1.move_group.moveit.ros.moveit_cpp]: Deleting MoveItCpp
[move_group-17] Stack trace (most recent call last):
[move_group-16] Stack trace (most recent call last):
[move_group-15] Stack trace (most recent call last):
[move_group-17] #15   Object "/usr/lib/x86_64-linux-gnu/ld-linux-x86-64.so.2", at 0xffffffffffffffff, in 
[move_group-16] #15   Object "/usr/lib/x86_64-linux-gnu/ld-linux-x86-64.so.2", at 0xffffffffffffffff, in 
[move_group-15] #15   Object "/usr/lib/x86_64-linux-gnu/ld-linux-x86-64.so.2", at 0xffffffffffffffff, in 
[INFO] [skill_server-29]: process has finished cleanly [pid 1724]
[INFO] [detection_server-18]: process has finished cleanly [pid 1091]
[INFO] [skill_server-28]: process has finished cleanly [pid 1723]
[gz-1] [INFO] [1788563163.796606293] [cite.cell_a.arm_1.controller_manager.pal_statistics]: Async messages lost 0
[gz-1] [INFO] [1788563163.796653312] [cite.cell_a.arm_1.controller_manager.pal_statistics]: publish_async_failures_ 4491
[INFO] [skill_server-27]: process has finished cleanly [pid 1722]
[gz-1] [INFO] [1788563163.799753201] [cite.cell_a.arm_1.controller_manager.pal_statistics]: Async messages lost 0
[gz-1] [INFO] [1788563163.799771475] [cite.cell_a.arm_1.controller_manager.pal_statistics]: publish_async_failures_ 80
[INFO] [robot_state_publisher-9]: process has finished cleanly [pid 1082]
[INFO] [robot_state_publisher-7]: process has finished cleanly [pid 1080]
[INFO] [robot_state_publisher-5]: process has finished cleanly [pid 1078]
[INFO] [parameter_bridge-2]: process has finished cleanly [pid 1075]
[INFO] [robot_state_publisher-3]: process has finished cleanly [pid 1076]
[INFO] [model_info.py-12]: process has finished cleanly [pid 1085]
[INFO] [topology_server.py-13]: process has finished cleanly [pid 1086]
[INFO] [frame_server.py-11]: process has finished cleanly [pid 1084]
[INFO] [gz-1]: process has finished cleanly [pid 1074]
[INFO] [launch]: process[gz-1] was required: shutting down launched system
[ERROR] [launch]: Caught exception in launch (see debug for traceback): Cannot shutdown a ROS adapter that is not running
[ERROR] [move_group-17]: process[move_group-17] failed to terminate '45' seconds after receiving 'SIGINT', escalating to 'SIGTERM'
[ERROR] [move_group-16]: process[move_group-16] failed to terminate '45' seconds after receiving 'SIGINT', escalating to 'SIGTERM'
[ERROR] [move_group-15]: process[move_group-15] failed to terminate '45' seconds after receiving 'SIGINT', escalating to 'SIGTERM'
[INFO] [move_group-17]: sending signal 'SIGTERM' to process[move_group-17]
[INFO] [move_group-16]: sending signal 'SIGTERM' to process[move_group-16]
[INFO] [move_group-15]: sending signal 'SIGTERM' to process[move_group-15]
[ERROR] [move_group-17]: process has died [pid 1090, exit code -15, cmd '/opt/ros/jazzy/lib/moveit_ros_move_group/move_group --ros-args -r __node:=move_group -r __ns:=/cite/cell_a/arm_3 --params-file /tmp/launch_params_apynifew --params-file /tmp/launch_params_oxhwp15_ --params-file /tmp/launch_params_8xptaa2j --params-file /tmp/launch_params_h2gl88tl --params-file /tmp/launch_params_du2bm3i2 --params-file /tmp/launch_params_he98fpxy -r /tf:=/tf -r /tf_static:=/tf_static'].
[ERROR] [move_group-16]: process has died [pid 1089, exit code -15, cmd '/opt/ros/jazzy/lib/moveit_ros_move_group/move_group --ros-args -r __node:=move_group -r __ns:=/cite/cell_a/arm_2 --params-file /tmp/launch_params_dj5d_ksg --params-file /tmp/launch_params_waf9eypp --params-file /tmp/launch_params_tt5yjl81 --params-file /tmp/launch_params_oa3dil8d --params-file /tmp/launch_params_2qtu5wbc --params-file /tmp/launch_params_xo18mk0v -r /tf:=/tf -r /tf_static:=/tf_static'].
[ERROR] [move_group-15]: process has died [pid 1088, exit code -15, cmd '/opt/ros/jazzy/lib/moveit_ros_move_group/move_group --ros-args -r __node:=move_group -r __ns:=/cite/cell_a/arm_1 --params-file /tmp/launch_params_hzydor_r --params-file /tmp/launch_params_l84gwh_r --params-file /tmp/launch_params_9i88er8b --params-file /tmp/launch_params_7crdsfg0 --params-file /tmp/launch_params_dwp4a2vo --params-file /tmp/launch_params_ufkiwzxt -r /tf:=/tf -r /tf_static:=/tf_static'].
test_nothing_of_ours_exited_badly (pick_and_place.TestCleanShutdown.test_nothing_of_ours_exited_badly) ... FAIL
test_report_how_often_the_planner_fell_back (pick_and_place.TestCleanShutdown.test_report_how_often_the_planner_fell_back)
A count, not a gate — and the count is the point (ADR-0027). ... ok

======================================================================
FAIL: test_nothing_of_ours_exited_badly (pick_and_place.TestCleanShutdown.test_nothing_of_ours_exited_badly)
----------------------------------------------------------------------
Traceback (most recent call last):
  File "/workspace/tests/scenarios/pick_and_place.py", line 688, in test_nothing_of_ours_exited_badly
    self.assertIn(info.returncode, expected, f"{name} exited with {info.returncode}")
AssertionError: -15 not found in [0, 130, -11] : move_group-15 exited with -15

----------------------------------------------------------------------
Ran 2 tests in 0.001s

FAILED (failures=1)
planner-fallback count: taken=0 declined=0 (ADR-0027; reported, not gated)

Failing assertions
  teardown pick_and_place.TestCleanShutdown.test_nothing_of_ours_exited_badly
           AssertionError: -15 not found in [0, 130, -11] : move_group-15 exited with -15
error Scenario 'pick_and_place' failed — 1 teardown assertion(s) failed
