==> Not a ROS environment — running 'scenario' inside the container
 Container cite-digital-twin-3319196271-dev-run-f49eedc10b25 Creating 
 Container cite-digital-twin-3319196271-dev-run-f49eedc10b25 Created 
==> Running scenario 'pick_and_place' on DDS domain 43
warn Seed 20260824 reaches 'gz sim --seed' only — this run is not reproducible.
warn   That seeds gz::math::Rand: sensor noise and transport RNG.
warn   It does NOT seed the physics solver.
warn   Planning: what is PROVEN is that one move_group answers an identical request
warn   identically within one process (cite_skills' planning-pipeline launch test).
warn   That is repeatability, not scenario determinism, and it holds only where Pilz
warn   answered; the OMPL fallback is unseeded and unseedable (ADR-0006). Grep this
warn   run's log for 'planner fallback:' to see which motions took it, and for
warn   'planner fallback declined:' for the ones that refused a substitute.
[INFO] [launch]: All log files can be found below /home/cite/.ros/log/2026-09-03-19-01-50-934470-b0491f9dbb5b-48
[INFO] [launch]: Default logging verbosity is set to INFO
[INFO] [launch.user]: Bringing up zone cell_a side plant: scene plus 3 arm(s)
test_the_behaviour_tree_picks_and_places_the_workpiece (pick_and_place.TestPickAndPlace.test_the_behaviour_tree_picks_and_places_the_workpiece) ... [INFO] [gz-1]: process started with pid [104]
[INFO] [parameter_bridge-2]: process started with pid [105]
[INFO] [robot_state_publisher-3]: process started with pid [106]
[INFO] [create-4]: process started with pid [107]
[INFO] [robot_state_publisher-5]: process started with pid [108]
[INFO] [create-6]: process started with pid [109]
[INFO] [robot_state_publisher-7]: process started with pid [110]
[INFO] [create-8]: process started with pid [111]
[INFO] [robot_state_publisher-9]: process started with pid [112]
[INFO] [create-10]: process started with pid [113]
[INFO] [frame_server.py-11]: process started with pid [114]
[INFO] [model_info.py-12]: process started with pid [115]
[INFO] [topology_server.py-13]: process started with pid [116]
[INFO] [spawner-14]: process started with pid [117]
[INFO] [move_group-15]: process started with pid [118]
[INFO] [move_group-16]: process started with pid [124]
[INFO] [move_group-17]: process started with pid [132]
[INFO] [detection_server-18]: process started with pid [133]
[robot_state_publisher-5] [INFO] [1788462112.816094696] [cite.cell_a.arm_1.description_publisher]: Robot initialized
[create-6] [INFO] [1788462112.817181692] [spawn_arm_1]: Requesting list of world names.
[create-8] [INFO] [1788462112.911177349] [spawn_arm_2]: Requesting list of world names.
[robot_state_publisher-3] [INFO] [1788462112.911399199] [scene_description_publisher]: Robot initialized
[robot_state_publisher-9] [INFO] [1788462113.319487959] [cite.cell_a.arm_3.description_publisher]: Robot initialized
[parameter_bridge-2] [INFO] [1788462113.413771043] [gz_bridge]: Creating GZ->ROS Bridge: [/clock (gz.msgs.Clock) -> /clock (rosgraph_msgs/msg/Clock)] (Lazy 0)
[create-4] [INFO] [1788462113.414880428] [spawn_scene]: Requesting list of world names.
[parameter_bridge-2] [INFO] [1788462113.506221868] [gz_bridge]: Creating ROS->GZ Bridge: [/cite/cell_a/conveyor_1/command (std_msgs/msg/Float64) -> /cite/cell_a/conveyor_1/command (gz.msgs.Double)] (Lazy 0)
[parameter_bridge-2] [INFO] [1788462113.508920523] [gz_bridge]: Creating GZ->ROS Bridge: [/cite/cell_a/conveyor_1/state (gz.msgs.Double) -> /cite/cell_a/conveyor_1/state (std_msgs/msg/Float64)] (Lazy 0)
[move_group-16] [WARN] [1788462113.511285193] [rcl.logging_rosout]: Publisher already registered for node name: 'move_group'. If this is due to multiple nodes with the same name then all logs for the logger named 'cite.cell_a.arm_2.move_group' will go out over the existing publisher. As soon as any node with that name is destructed it will unregister the publisher, preventing any further logs for that name from being published on the rosout topic.
[robot_state_publisher-7] [INFO] [1788462113.512809197] [cite.cell_a.arm_2.description_publisher]: Robot initialized
[move_group-17] [WARN] [1788462113.522437108] [rcl.logging_rosout]: Publisher already registered for node name: 'move_group'. If this is due to multiple nodes with the same name then all logs for the logger named 'cite.cell_a.arm_3.move_group' will go out over the existing publisher. As soon as any node with that name is destructed it will unregister the publisher, preventing any further logs for that name from being published on the rosout topic.
[detection_server-18] [INFO] [1788462113.606000102] [cite.cell_a.detection.detection_server]: watching 'beam_c1_out' on '/cite/cell_a/beam_c1_out/detection_level', publishing events on '/cite/cell_a/beam_c1_out/detection'
[detection_server-18] [INFO] [1788462113.607406127] [cite.cell_a.detection.detection_server]: watching 'beam_c2_out' on '/cite/cell_a/beam_c2_out/detection_level', publishing events on '/cite/cell_a/beam_c2_out/detection'
[detection_server-18] [INFO] [1788462113.608047027] [cite.cell_a.detection.detection_server]: watching 'beam_c3_out' on '/cite/cell_a/beam_c3_out/detection_level', publishing events on '/cite/cell_a/beam_c3_out/detection'
[detection_server-18] [INFO] [1788462113.610087316] [cite.cell_a.detection.detection_server]: watching 'beam_pick' on '/cite/cell_a/beam_pick/detection_level', publishing events on '/cite/cell_a/beam_pick/detection'
[detection_server-18] [INFO] [1788462113.614404668] [cite.cell_a.detection.detection_server]: detection for zone 'cell_a' is accepting goals over 4 sensor(s)
[move_group-16] [WARN] [1788462113.616986954] [rcl.logging_rosout]: Publisher already registered for node name: 'move_group'. If this is due to multiple nodes with the same name then all logs for the logger named 'cite.cell_a.arm_2.move_group' will go out over the existing publisher. As soon as any node with that name is destructed it will unregister the publisher, preventing any further logs for that name from being published on the rosout topic.
[move_group-17] [WARN] [1788462113.617755639] [rcl.logging_rosout]: Publisher already registered for node name: 'move_group'. If this is due to multiple nodes with the same name then all logs for the logger named 'cite.cell_a.arm_3.move_group' will go out over the existing publisher. As soon as any node with that name is destructed it will unregister the publisher, preventing any further logs for that name from being published on the rosout topic.
[move_group-17] [INFO] [1788462113.715911186] [cite.cell_a.arm_3.move_group.moveit.ros.rdf_loader]: Loaded robot model in 0 seconds
[move_group-17] [INFO] [1788462113.715991939] [cite.cell_a.arm_3.move_group.moveit.core.robot_model]: Loading robot model 'arm_3'...
[move_group-17] [INFO] [1788462113.716009129] [cite.cell_a.arm_3.move_group.moveit.core.robot_model]: No root/virtual joint specified in SRDF. Assuming fixed joint
[move_group-16] [INFO] [1788462113.719258745] [cite.cell_a.arm_2.move_group.moveit.ros.rdf_loader]: Loaded robot model in 0 seconds
[move_group-16] [INFO] [1788462113.719325823] [cite.cell_a.arm_2.move_group.moveit.core.robot_model]: Loading robot model 'arm_2'...
[move_group-16] [INFO] [1788462113.719335490] [cite.cell_a.arm_2.move_group.moveit.core.robot_model]: No root/virtual joint specified in SRDF. Assuming fixed joint
[move_group-16] [INFO] [1788462113.807981235] [cite.cell_a.arm_2.move_group.moveit.kinematics.kdl_kinematics_plugin]: Joint weights for group 'arm_2_xarm5': 1 1 1 1 1
[move_group-17] [INFO] [1788462113.811883163] [cite.cell_a.arm_3.move_group.moveit.kinematics.kdl_kinematics_plugin]: Joint weights for group 'arm_3_xarm5': 1 1 1 1 1
[create-10] [INFO] [1788462113.907956612] [spawn_arm_3]: Requesting list of world names.
[gz-1] [1;33m[Wrn] [conveyor.cpp:169] [0m[1;33m[cite_conveyor] belt at [0m[1;33m1.05[0m[1;33m [0m[1;33m0[0m[1;33m [0m[1;33m0.6[0m[1;33m [0m[1;33m0[0m[1;33m [0m[1;33m0[0m[1;33m [0m[1;33m0[0m[1;33m commanded on '[0m[1;33m/cite/cell_a/conveyor_1/command[0m[1;33m', reporting on '[0m[1;33m/cite/cell_a/conveyor_1/state[0m[1;33m'[0m
[gz-1] [1;33m[Wrn] [conveyor.cpp:169] [0m[1;33m[cite_conveyor] belt at [0m[1;33m3.15[0m[1;33m [0m[1;33m0[0m[1;33m [0m[1;33m0.6[0m[1;33m [0m[1;33m0[0m[1;33m [0m[1;33m0[0m[1;33m [0m[1;33m0[0m[1;33m commanded on '[0m[1;33m/cite/cell_a/conveyor_2/command[0m[1;33m', reporting on '[0m[1;33m/cite/cell_a/conveyor_2/state[0m[1;33m'[0m
[gz-1] [1;33m[Wrn] [conveyor.cpp:169] [0m[1;33m[cite_conveyor] belt at [0m[1;33m5.25[0m[1;33m [0m[1;33m0[0m[1;33m [0m[1;33m0.6[0m[1;33m [0m[1;33m0[0m[1;33m [0m[1;33m0[0m[1;33m [0m[1;33m0[0m[1;33m commanded on '[0m[1;33m/cite/cell_a/conveyor_3/command[0m[1;33m', reporting on '[0m[1;33m/cite/cell_a/conveyor_3/state[0m[1;33m'[0m
[gz-1] [1;33m[Wrn] [break_beam.cpp:189] [0m[1;33m[cite_beam] beam at [0m[1;33m1.627[0m[1;33m [0m[1;33m0.25[0m[1;33m [0m[1;33m0.63[0m[1;33m [0m[1;33m0[0m[1;33m [0m[1;33m0[0m[1;33m [0m[1;33m0[0m[1;33m reporting on '[0m[1;33m/cite/cell_a/beam_c1_out/detection[0m[1;33m'[0m
[gz-1] [1;33m[Wrn] [break_beam.cpp:189] [0m[1;33m[cite_beam] beam at [0m[1;33m3.727[0m[1;33m [0m[1;33m0.25[0m[1;33m [0m[1;33m0.63[0m[1;33m [0m[1;33m0[0m[1;33m [0m[1;33m0[0m[1;33m [0m[1;33m0[0m[1;33m reporting on '[0m[1;33m/cite/cell_a/beam_c2_out/detection[0m[1;33m'[0m
[gz-1] [1;33m[Wrn] [break_beam.cpp:189] [0m[1;33m[cite_beam] beam at [0m[1;33m5.75[0m[1;33m [0m[1;33m0.25[0m[1;33m [0m[1;33m0.63[0m[1;33m [0m[1;33m0[0m[1;33m [0m[1;33m0[0m[1;33m [0m[1;33m0[0m[1;33m reporting on '[0m[1;33m/cite/cell_a/beam_c3_out/detection[0m[1;33m'[0m
[gz-1] [1;33m[Wrn] [break_beam.cpp:189] [0m[1;33m[cite_beam] beam at [0m[1;33m-0.475[0m[1;33m [0m[1;33m0.25[0m[1;33m [0m[1;33m0.63[0m[1;33m [0m[1;33m0[0m[1;33m [0m[1;33m0[0m[1;33m [0m[1;33m0[0m[1;33m reporting on '[0m[1;33m/cite/cell_a/beam_pick/detection[0m[1;33m'[0m
[move_group-15] [WARN] [1788462114.016101824] [rcl.logging_rosout]: Publisher already registered for node name: 'move_group'. If this is due to multiple nodes with the same name then all logs for the logger named 'cite.cell_a.arm_1.move_group' will go out over the existing publisher. As soon as any node with that name is destructed it will unregister the publisher, preventing any further logs for that name from being published on the rosout topic.
[move_group-15] [WARN] [1788462114.106329093] [rcl.logging_rosout]: Publisher already registered for node name: 'move_group'. If this is due to multiple nodes with the same name then all logs for the logger named 'cite.cell_a.arm_1.move_group' will go out over the existing publisher. As soon as any node with that name is destructed it will unregister the publisher, preventing any further logs for that name from being published on the rosout topic.
[create-4] [INFO] [1788462114.106717297] [spawn_scene]: Waiting messages on topic [robot_description].
[move_group-17] [INFO] [1788462114.120007039] [cite.cell_a.arm_3.move_group.moveit.ros.planning_scene_monitor]: Publishing maintained planning scene on 'monitored_planning_scene'
[move_group-17] [INFO] [1788462114.120160482] [cite.cell_a.arm_3.move_group.moveit.ros.moveit_cpp]: Listening to 'joint_states' for joint states
[move_group-17] [INFO] [1788462114.120964766] [cite.cell_a.arm_3.move_group.moveit.ros.current_state_monitor]: Listening to joint states on topic 'joint_states'
[move_group-17] [INFO] [1788462114.121416844] [cite.cell_a.arm_3.move_group.moveit.ros.planning_scene_monitor]: Listening to '/cite/cell_a/arm_3/attached_collision_object' for attached collision objects
[move_group-17] [INFO] [1788462114.121432550] [cite.cell_a.arm_3.move_group.moveit.ros.planning_scene_monitor]: Stopping existing planning scene publisher.
[move_group-16] [INFO] [1788462114.121588986] [cite.cell_a.arm_2.move_group.moveit.ros.planning_scene_monitor]: Publishing maintained planning scene on 'monitored_planning_scene'
[move_group-16] [INFO] [1788462114.121740168] [cite.cell_a.arm_2.move_group.moveit.ros.moveit_cpp]: Listening to 'joint_states' for joint states
[move_group-15] [INFO] [1788462114.122259968] [cite.cell_a.arm_1.move_group.moveit.ros.rdf_loader]: Loaded robot model in 0 seconds
[move_group-15] [INFO] [1788462114.122347771] [cite.cell_a.arm_1.move_group.moveit.core.robot_model]: Loading robot model 'arm_1'...
[move_group-15] [INFO] [1788462114.122367357] [cite.cell_a.arm_1.move_group.moveit.core.robot_model]: No root/virtual joint specified in SRDF. Assuming fixed joint
[move_group-16] [INFO] [1788462114.122587583] [cite.cell_a.arm_2.move_group.moveit.ros.current_state_monitor]: Listening to joint states on topic 'joint_states'
[move_group-16] [INFO] [1788462114.206152993] [cite.cell_a.arm_2.move_group.moveit.ros.planning_scene_monitor]: Listening to '/cite/cell_a/arm_2/attached_collision_object' for attached collision objects
[move_group-16] [INFO] [1788462114.206189616] [cite.cell_a.arm_2.move_group.moveit.ros.planning_scene_monitor]: Stopping existing planning scene publisher.
[move_group-17] [INFO] [1788462114.206165666] [cite.cell_a.arm_3.move_group.moveit.ros.planning_scene_monitor]: Stopped publishing maintained planning scene.
[move_group-16] [INFO] [1788462114.206337433] [cite.cell_a.arm_2.move_group.moveit.ros.planning_scene_monitor]: Stopped publishing maintained planning scene.
[move_group-17] [INFO] [1788462114.206737460] [cite.cell_a.arm_3.move_group.moveit.ros.planning_scene_monitor]: Publishing maintained planning scene on 'monitored_planning_scene'
[move_group-17] [INFO] [1788462114.206824863] [cite.cell_a.arm_3.move_group.moveit.ros.planning_scene_monitor]: Starting planning scene monitor
[move_group-16] [INFO] [1788462114.206920067] [cite.cell_a.arm_2.move_group.moveit.ros.planning_scene_monitor]: Publishing maintained planning scene on 'monitored_planning_scene'
[move_group-16] [INFO] [1788462114.206984798] [cite.cell_a.arm_2.move_group.moveit.ros.planning_scene_monitor]: Starting planning scene monitor
[move_group-17] [INFO] [1788462114.207279690] [cite.cell_a.arm_3.move_group.moveit.ros.planning_scene_monitor]: Listening to '/cite/cell_a/arm_3/planning_scene'
[move_group-17] [INFO] [1788462114.207297085] [cite.cell_a.arm_3.move_group.moveit.ros.planning_scene_monitor]: Starting world geometry update monitor for collision objects, attached objects, octomap updates.
[move_group-16] [INFO] [1788462114.207781971] [cite.cell_a.arm_2.move_group.moveit.ros.planning_scene_monitor]: Listening to '/cite/cell_a/arm_2/planning_scene'
[move_group-16] [INFO] [1788462114.207802510] [cite.cell_a.arm_2.move_group.moveit.ros.planning_scene_monitor]: Starting world geometry update monitor for collision objects, attached objects, octomap updates.
[create-6] [INFO] [1788462114.208411772] [spawn_arm_1]: Waiting messages on topic [/cite/cell_a/arm_1/robot_description].
[move_group-16] [INFO] [1788462114.208641162] [cite.cell_a.arm_2.move_group.moveit.ros.planning_scene_monitor]: Listening to 'collision_object'
[move_group-17] [INFO] [1788462114.208804790] [cite.cell_a.arm_3.move_group.moveit.ros.planning_scene_monitor]: Listening to 'collision_object'
[move_group-16] [INFO] [1788462114.209092284] [cite.cell_a.arm_2.move_group.moveit.ros.planning_scene_monitor]: Listening to 'planning_scene_world' for planning scene world geometry
[move_group-17] [INFO] [1788462114.209272290] [cite.cell_a.arm_3.move_group.moveit.ros.planning_scene_monitor]: Listening to 'planning_scene_world' for planning scene world geometry
[move_group-16] [ERROR] [1788462114.209388660] [cite.cell_a.arm_2.move_group.moveit.ros.occupancy_map_monitor]: No 3D sensor plugin(s) defined for octomap updates
[move_group-17] [ERROR] [1788462114.209556389] [cite.cell_a.arm_3.move_group.moveit.ros.occupancy_map_monitor]: No 3D sensor plugin(s) defined for octomap updates
[move_group-15] [INFO] [1788462114.219712376] [cite.cell_a.arm_1.move_group.moveit.kinematics.kdl_kinematics_plugin]: Joint weights for group 'arm_1_xarm5': 1 1 1 1 1
[move_group-16] [INFO] [1788462114.221478947] [cite.cell_a.arm_2.move_group.moveit.planners.pilz.joint_limits_aggregator]: Reading limits from namespace robot_description_planning
[create-8] [INFO] [1788462114.306578832] [spawn_arm_2]: Waiting messages on topic [/cite/cell_a/arm_2/robot_description].
[parameter_bridge-2] [INFO] [1788462114.307275521] [gz_bridge]: Creating ROS->GZ Bridge: [/cite/cell_a/conveyor_2/command (std_msgs/msg/Float64) -> /cite/cell_a/conveyor_2/command (gz.msgs.Double)] (Lazy 0)
[parameter_bridge-2] [INFO] [1788462114.307980620] [gz_bridge]: Creating GZ->ROS Bridge: [/cite/cell_a/conveyor_2/state (gz.msgs.Double) -> /cite/cell_a/conveyor_2/state (std_msgs/msg/Float64)] (Lazy 0)
[parameter_bridge-2] [INFO] [1788462114.308573280] [gz_bridge]: Creating ROS->GZ Bridge: [/cite/cell_a/conveyor_3/command (std_msgs/msg/Float64) -> /cite/cell_a/conveyor_3/command (gz.msgs.Double)] (Lazy 0)
[parameter_bridge-2] [INFO] [1788462114.309075485] [gz_bridge]: Creating GZ->ROS Bridge: [/cite/cell_a/conveyor_3/state (gz.msgs.Double) -> /cite/cell_a/conveyor_3/state (std_msgs/msg/Float64)] (Lazy 0)
[parameter_bridge-2] [INFO] [1788462114.313315091] [gz_bridge]: Creating GZ->ROS Bridge: [/cite/cell_a/beam_c1_out/detection (gz.msgs.Boolean) -> /cite/cell_a/beam_c1_out/detection (std_msgs/msg/Bool)] (Lazy 0)
[move_group-16] [INFO] [1788462114.313297608] [cite.cell_a.arm_2.move_group.moveit.planners.pilz.command_planner]: Available plugins: pilz_industrial_motion_planner/PlanningContextLoaderCIRC pilz_industrial_motion_planner/PlanningContextLoaderLIN pilz_industrial_motion_planner/PlanningContextLoaderPTP 
[move_group-16] [INFO] [1788462114.314157388] [cite.cell_a.arm_2.move_group.moveit.planners.pilz.command_planner]: About to load: pilz_industrial_motion_planner/PlanningContextLoaderCIRC
[move_group-17] [INFO] [1788462114.314530079] [cite.cell_a.arm_3.move_group.moveit.planners.pilz.joint_limits_aggregator]: Reading limits from namespace robot_description_planning
[parameter_bridge-2] [INFO] [1788462114.315623101] [gz_bridge]: Creating GZ->ROS Bridge: [/cite/cell_a/beam_c2_out/detection (gz.msgs.Boolean) -> /cite/cell_a/beam_c2_out/detection (std_msgs/msg/Bool)] (Lazy 0)
[move_group-16] [INFO] [1788462114.315890198] [cite.cell_a.arm_2.move_group.moveit.planners.pilz.command_planner]: Registered Algorithm [CIRC]
[move_group-16] [INFO] [1788462114.315927995] [cite.cell_a.arm_2.move_group.moveit.planners.pilz.command_planner]: About to load: pilz_industrial_motion_planner/PlanningContextLoaderLIN
[parameter_bridge-2] [INFO] [1788462114.317099601] [gz_bridge]: Creating GZ->ROS Bridge: [/cite/cell_a/beam_c3_out/detection (gz.msgs.Boolean) -> /cite/cell_a/beam_c3_out/detection (std_msgs/msg/Bool)] (Lazy 0)
[move_group-16] [INFO] [1788462114.317511231] [cite.cell_a.arm_2.move_group.moveit.planners.pilz.command_planner]: Registered Algorithm [LIN]
[move_group-16] [INFO] [1788462114.317553273] [cite.cell_a.arm_2.move_group.moveit.planners.pilz.command_planner]: About to load: pilz_industrial_motion_planner/PlanningContextLoaderPTP
[parameter_bridge-2] [INFO] [1788462114.405451138] [gz_bridge]: Creating GZ->ROS Bridge: [/cite/cell_a/beam_pick/detection (gz.msgs.Boolean) -> /cite/cell_a/beam_pick/detection (std_msgs/msg/Bool)] (Lazy 0)
[create-6] [INFO] [1788462114.405466170] [spawn_arm_1]: Entity creation successful.
[move_group-16] [INFO] [1788462114.406666148] [cite.cell_a.arm_2.move_group.moveit.planners.pilz.command_planner]: Registered Algorithm [PTP]
[move_group-16] [INFO] [1788462114.406711008] [cite.cell_a.arm_2.move_group.moveit.ros.planning_pipeline]: Successfully loaded planner 'Pilz Industrial Motion Planner'
[create-4] [INFO] [1788462114.406879619] [spawn_scene]: Entity creation successful.
[move_group-16] [INFO] [1788462114.408951592] [cite.cell_a.arm_2.move_group]: Try loading adapter 'default_planning_request_adapters/ResolveConstraintFrames'
[create-10] [INFO] [1788462114.408855402] [spawn_arm_3]: Waiting messages on topic [/cite/cell_a/arm_3/robot_description].
[create-8] [INFO] [1788462114.409630465] [spawn_arm_2]: Entity creation successful.
[move_group-16] [INFO] [1788462114.410336653] [cite.cell_a.arm_2.move_group]: Loaded adapter 'default_planning_request_adapters/ResolveConstraintFrames'
[move_group-16] [INFO] [1788462114.410359664] [cite.cell_a.arm_2.move_group]: Try loading adapter 'default_planning_request_adapters/ValidateWorkspaceBounds'
[move_group-16] [INFO] [1788462114.410864721] [cite.cell_a.arm_2.move_group]: Loaded adapter 'default_planning_request_adapters/ValidateWorkspaceBounds'
[move_group-16] [INFO] [1788462114.410886828] [cite.cell_a.arm_2.move_group]: Try loading adapter 'default_planning_request_adapters/CheckStartStateBounds'
[move_group-16] [INFO] [1788462114.410917092] [cite.cell_a.arm_2.move_group]: Loaded adapter 'default_planning_request_adapters/CheckStartStateBounds'
[move_group-16] [INFO] [1788462114.410923362] [cite.cell_a.arm_2.move_group]: Try loading adapter 'default_planning_request_adapters/CheckStartStateCollision'
[move_group-16] [INFO] [1788462114.410942283] [cite.cell_a.arm_2.move_group]: Loaded adapter 'default_planning_request_adapters/CheckStartStateCollision'
[move_group-16] [INFO] [1788462114.414050427] [cite.cell_a.arm_2.move_group]: Try loading adapter 'default_planning_response_adapters/ValidateSolution'
[move_group-16] [INFO] [1788462114.419765430] [cite.cell_a.arm_2.move_group]: Loaded adapter 'default_planning_response_adapters/ValidateSolution'
[move_group-16] [INFO] [1788462114.419785213] [cite.cell_a.arm_2.move_group]: Try loading adapter 'default_planning_response_adapters/DisplayMotionPath'
[move_group-16] [INFO] [1788462114.420228918] [cite.cell_a.arm_2.move_group]: Loaded adapter 'default_planning_response_adapters/DisplayMotionPath'
[create-10] [INFO] [1788462114.507132010] [spawn_arm_3]: Entity creation successful.
[move_group-17] [INFO] [1788462114.507917807] [cite.cell_a.arm_3.move_group.moveit.planners.pilz.command_planner]: Available plugins: pilz_industrial_motion_planner/PlanningContextLoaderCIRC pilz_industrial_motion_planner/PlanningContextLoaderLIN pilz_industrial_motion_planner/PlanningContextLoaderPTP 
[move_group-17] [INFO] [1788462114.507956424] [cite.cell_a.arm_3.move_group.moveit.planners.pilz.command_planner]: About to load: pilz_industrial_motion_planner/PlanningContextLoaderCIRC
[move_group-17] [INFO] [1788462114.510925056] [cite.cell_a.arm_3.move_group.moveit.planners.pilz.command_planner]: Registered Algorithm [CIRC]
[move_group-17] [INFO] [1788462114.510977171] [cite.cell_a.arm_3.move_group.moveit.planners.pilz.command_planner]: About to load: pilz_industrial_motion_planner/PlanningContextLoaderLIN
[move_group-17] [INFO] [1788462114.512524988] [cite.cell_a.arm_3.move_group.moveit.planners.pilz.command_planner]: Registered Algorithm [LIN]
[move_group-17] [INFO] [1788462114.512559321] [cite.cell_a.arm_3.move_group.moveit.planners.pilz.command_planner]: About to load: pilz_industrial_motion_planner/PlanningContextLoaderPTP
[move_group-17] [INFO] [1788462114.515288307] [cite.cell_a.arm_3.move_group.moveit.planners.pilz.command_planner]: Registered Algorithm [PTP]
[move_group-17] [INFO] [1788462114.515349266] [cite.cell_a.arm_3.move_group.moveit.ros.planning_pipeline]: Successfully loaded planner 'Pilz Industrial Motion Planner'
[move_group-17] [INFO] [1788462114.517333692] [cite.cell_a.arm_3.move_group]: Try loading adapter 'default_planning_request_adapters/ResolveConstraintFrames'
[move_group-17] [INFO] [1788462114.519269708] [cite.cell_a.arm_3.move_group]: Loaded adapter 'default_planning_request_adapters/ResolveConstraintFrames'
[move_group-17] [INFO] [1788462114.519288678] [cite.cell_a.arm_3.move_group]: Try loading adapter 'default_planning_request_adapters/ValidateWorkspaceBounds'
[move_group-17] [INFO] [1788462114.606906150] [cite.cell_a.arm_3.move_group]: Loaded adapter 'default_planning_request_adapters/ValidateWorkspaceBounds'
[move_group-17] [INFO] [1788462114.606946172] [cite.cell_a.arm_3.move_group]: Try loading adapter 'default_planning_request_adapters/CheckStartStateBounds'
[move_group-17] [INFO] [1788462114.606989130] [cite.cell_a.arm_3.move_group]: Loaded adapter 'default_planning_request_adapters/CheckStartStateBounds'
[move_group-17] [INFO] [1788462114.606995350] [cite.cell_a.arm_3.move_group]: Try loading adapter 'default_planning_request_adapters/CheckStartStateCollision'
[move_group-17] [INFO] [1788462114.607015369] [cite.cell_a.arm_3.move_group]: Loaded adapter 'default_planning_request_adapters/CheckStartStateCollision'
[move_group-17] [INFO] [1788462114.608531646] [cite.cell_a.arm_3.move_group]: Try loading adapter 'default_planning_response_adapters/ValidateSolution'
[move_group-16] [INFO] [1788462114.610692717] [cite.cell_a.arm_2.move_group.moveit.ros.planning_pipeline]: Successfully loaded planner 'OMPL'
[move_group-16] [INFO] [1788462114.612388051] [cite.cell_a.arm_2.move_group]: Try loading adapter 'default_planning_request_adapters/ResolveConstraintFrames'
[move_group-16] [INFO] [1788462114.612562930] [cite.cell_a.arm_2.move_group]: Loaded adapter 'default_planning_request_adapters/ResolveConstraintFrames'
[move_group-16] [INFO] [1788462114.612571910] [cite.cell_a.arm_2.move_group]: Try loading adapter 'default_planning_request_adapters/ValidateWorkspaceBounds'
[move_group-16] [INFO] [1788462114.612828685] [cite.cell_a.arm_2.move_group]: Loaded adapter 'default_planning_request_adapters/ValidateWorkspaceBounds'
[move_group-16] [INFO] [1788462114.612846482] [cite.cell_a.arm_2.move_group]: Try loading adapter 'default_planning_request_adapters/CheckStartStateBounds'
[move_group-16] [INFO] [1788462114.612878074] [cite.cell_a.arm_2.move_group]: Loaded adapter 'default_planning_request_adapters/CheckStartStateBounds'
[move_group-16] [INFO] [1788462114.612899433] [cite.cell_a.arm_2.move_group]: Try loading adapter 'default_planning_request_adapters/CheckStartStateCollision'
[move_group-16] [INFO] [1788462114.612915543] [cite.cell_a.arm_2.move_group]: Loaded adapter 'default_planning_request_adapters/CheckStartStateCollision'
[move_group-17] [INFO] [1788462114.614721490] [cite.cell_a.arm_3.move_group]: Loaded adapter 'default_planning_response_adapters/ValidateSolution'
[move_group-17] [INFO] [1788462114.614743114] [cite.cell_a.arm_3.move_group]: Try loading adapter 'default_planning_response_adapters/DisplayMotionPath'
[move_group-16] [INFO] [1788462114.614898466] [cite.cell_a.arm_2.move_group]: Try loading adapter 'default_planning_response_adapters/AddTimeOptimalParameterization'
[move_group-17] [INFO] [1788462114.615339674] [cite.cell_a.arm_3.move_group]: Loaded adapter 'default_planning_response_adapters/DisplayMotionPath'
[move_group-16] [INFO] [1788462114.615673326] [cite.cell_a.arm_2.move_group]: Loaded adapter 'default_planning_response_adapters/AddTimeOptimalParameterization'
[move_group-16] [INFO] [1788462114.615688966] [cite.cell_a.arm_2.move_group]: Try loading adapter 'default_planning_response_adapters/ValidateSolution'
[move_group-16] [INFO] [1788462114.616281525] [cite.cell_a.arm_2.move_group]: Loaded adapter 'default_planning_response_adapters/ValidateSolution'
[move_group-16] [INFO] [1788462114.616298457] [cite.cell_a.arm_2.move_group]: Try loading adapter 'default_planning_response_adapters/DisplayMotionPath'
[move_group-16] [INFO] [1788462114.616791068] [cite.cell_a.arm_2.move_group]: Loaded adapter 'default_planning_response_adapters/DisplayMotionPath'
[move_group-16] [WARN] [1788462114.619007496] [rcl.logging_rosout]: Publisher already registered for node name: 'move_group'. If this is due to multiple nodes with the same name then all logs for the logger named 'cite.cell_a.arm_2.move_group' will go out over the existing publisher. As soon as any node with that name is destructed it will unregister the publisher, preventing any further logs for that name from being published on the rosout topic.
[INFO] [create-8]: process has finished cleanly [pid 111]
[INFO] [create-4]: process has finished cleanly [pid 107]
[move_group-17] [INFO] [1788462114.711792332] [cite.cell_a.arm_3.move_group.moveit.ros.planning_pipeline]: Successfully loaded planner 'OMPL'
[move_group-17] [INFO] [1788462114.714551799] [cite.cell_a.arm_3.move_group]: Try loading adapter 'default_planning_request_adapters/ResolveConstraintFrames'
[move_group-17] [INFO] [1788462114.714778020] [cite.cell_a.arm_3.move_group]: Loaded adapter 'default_planning_request_adapters/ResolveConstraintFrames'
[move_group-17] [INFO] [1788462114.714791552] [cite.cell_a.arm_3.move_group]: Try loading adapter 'default_planning_request_adapters/ValidateWorkspaceBounds'
[INFO] [create-6]: process has finished cleanly [pid 109]
[move_group-17] [INFO] [1788462114.715604171] [cite.cell_a.arm_3.move_group]: Loaded adapter 'default_planning_request_adapters/ValidateWorkspaceBounds'
[move_group-17] [INFO] [1788462114.715628020] [cite.cell_a.arm_3.move_group]: Try loading adapter 'default_planning_request_adapters/CheckStartStateBounds'
[move_group-17] [INFO] [1788462114.715661465] [cite.cell_a.arm_3.move_group]: Loaded adapter 'default_planning_request_adapters/CheckStartStateBounds'
[move_group-17] [INFO] [1788462114.715686749] [cite.cell_a.arm_3.move_group]: Try loading adapter 'default_planning_request_adapters/CheckStartStateCollision'
[move_group-17] [INFO] [1788462114.715703603] [cite.cell_a.arm_3.move_group]: Loaded adapter 'default_planning_request_adapters/CheckStartStateCollision'
[move_group-17] [INFO] [1788462114.718391804] [cite.cell_a.arm_3.move_group]: Try loading adapter 'default_planning_response_adapters/AddTimeOptimalParameterization'
[INFO] [create-10]: process has finished cleanly [pid 113]
[move_group-17] [INFO] [1788462114.806011515] [cite.cell_a.arm_3.move_group]: Loaded adapter 'default_planning_response_adapters/AddTimeOptimalParameterization'
[move_group-17] [INFO] [1788462114.806055932] [cite.cell_a.arm_3.move_group]: Try loading adapter 'default_planning_response_adapters/ValidateSolution'
[move_group-17] [INFO] [1788462114.807090783] [cite.cell_a.arm_3.move_group]: Loaded adapter 'default_planning_response_adapters/ValidateSolution'
[move_group-17] [INFO] [1788462114.807120308] [cite.cell_a.arm_3.move_group]: Try loading adapter 'default_planning_response_adapters/DisplayMotionPath'
[move_group-17] [INFO] [1788462114.807620518] [cite.cell_a.arm_3.move_group]: Loaded adapter 'default_planning_response_adapters/DisplayMotionPath'
[move_group-17] [WARN] [1788462114.809769316] [rcl.logging_rosout]: Publisher already registered for node name: 'move_group'. If this is due to multiple nodes with the same name then all logs for the logger named 'cite.cell_a.arm_3.move_group' will go out over the existing publisher. As soon as any node with that name is destructed it will unregister the publisher, preventing any further logs for that name from being published on the rosout topic.
[move_group-15] [INFO] [1788462114.911049488] [cite.cell_a.arm_1.move_group.moveit.ros.planning_scene_monitor]: Publishing maintained planning scene on 'monitored_planning_scene'
[move_group-16] [INFO] [1788462114.911139138] [cite.cell_a.arm_2.move_group.moveit.plugins.simple_controller_manager]: Added FollowJointTrajectory controller for arm_2_joint_trajectory_controller
[move_group-16] [INFO] [1788462114.911200471] [cite.cell_a.arm_2.move_group.moveit.plugins.simple_controller_manager]: arm_2_gripper_controller will command a max effort of: 0
[move_group-15] [INFO] [1788462114.911228716] [cite.cell_a.arm_1.move_group.moveit.ros.moveit_cpp]: Listening to 'joint_states' for joint states
[move_group-15] [INFO] [1788462114.912663034] [cite.cell_a.arm_1.move_group.moveit.ros.current_state_monitor]: Listening to joint states on topic 'joint_states'
[move_group-15] [INFO] [1788462114.913688437] [cite.cell_a.arm_1.move_group.moveit.ros.planning_scene_monitor]: Listening to '/cite/cell_a/arm_1/attached_collision_object' for attached collision objects
[move_group-15] [INFO] [1788462114.913716036] [cite.cell_a.arm_1.move_group.moveit.ros.planning_scene_monitor]: Stopping existing planning scene publisher.
[move_group-15] [INFO] [1788462114.913970621] [cite.cell_a.arm_1.move_group.moveit.ros.planning_scene_monitor]: Stopped publishing maintained planning scene.
[move_group-15] [INFO] [1788462114.915158457] [cite.cell_a.arm_1.move_group.moveit.ros.planning_scene_monitor]: Publishing maintained planning scene on 'monitored_planning_scene'
[move_group-15] [INFO] [1788462114.915268245] [cite.cell_a.arm_1.move_group.moveit.ros.planning_scene_monitor]: Starting planning scene monitor
[move_group-15] [INFO] [1788462114.917020136] [cite.cell_a.arm_1.move_group.moveit.ros.planning_scene_monitor]: Listening to '/cite/cell_a/arm_1/planning_scene'
[move_group-15] [INFO] [1788462114.917044141] [cite.cell_a.arm_1.move_group.moveit.ros.planning_scene_monitor]: Starting world geometry update monitor for collision objects, attached objects, octomap updates.
[move_group-15] [INFO] [1788462114.917462935] [cite.cell_a.arm_1.move_group.moveit.ros.planning_scene_monitor]: Listening to 'collision_object'
[move_group-15] [INFO] [1788462114.917854690] [cite.cell_a.arm_1.move_group.moveit.ros.planning_scene_monitor]: Listening to 'planning_scene_world' for planning scene world geometry
[move_group-15] [ERROR] [1788462114.918170026] [cite.cell_a.arm_1.move_group.moveit.ros.occupancy_map_monitor]: No 3D sensor plugin(s) defined for octomap updates
[move_group-16] [INFO] [1788462115.007119259] [cite.cell_a.arm_2.move_group.moveit.plugins.simple_controller_manager]: Added GripperCommand controller for arm_2_gripper_controller
[move_group-16] [INFO] [1788462115.007288712] [cite.cell_a.arm_2.move_group.moveit.plugins.simple_controller_manager]: Returned 2 controllers in list
[move_group-16] [INFO] [1788462115.007319510] [cite.cell_a.arm_2.move_group.moveit.plugins.simple_controller_manager]: Returned 2 controllers in list
[move_group-16] [INFO] [1788462115.008540637] [cite.cell_a.arm_2.move_group.moveit.ros.trajectory_execution_manager]: Trajectory execution is not managing controllers
[move_group-16] [INFO] [1788462115.008566613] [cite.cell_a.arm_2.move_group]: MoveGroup debug mode is ON
[move_group-15] [INFO] [1788462115.010711375] [cite.cell_a.arm_1.move_group.moveit.planners.pilz.joint_limits_aggregator]: Reading limits from namespace robot_description_planning
[move_group-15] [INFO] [1788462115.018417355] [cite.cell_a.arm_1.move_group.moveit.planners.pilz.command_planner]: Available plugins: pilz_industrial_motion_planner/PlanningContextLoaderCIRC pilz_industrial_motion_planner/PlanningContextLoaderLIN pilz_industrial_motion_planner/PlanningContextLoaderPTP 
[move_group-15] [INFO] [1788462115.018454874] [cite.cell_a.arm_1.move_group.moveit.planners.pilz.command_planner]: About to load: pilz_industrial_motion_planner/PlanningContextLoaderCIRC
[move_group-15] [INFO] [1788462115.019577381] [cite.cell_a.arm_1.move_group.moveit.planners.pilz.command_planner]: Registered Algorithm [CIRC]
[move_group-15] [INFO] [1788462115.019600892] [cite.cell_a.arm_1.move_group.moveit.planners.pilz.command_planner]: About to load: pilz_industrial_motion_planner/PlanningContextLoaderLIN
[move_group-15] [INFO] [1788462115.020323358] [cite.cell_a.arm_1.move_group.moveit.planners.pilz.command_planner]: Registered Algorithm [LIN]
[move_group-15] [INFO] [1788462115.020344081] [cite.cell_a.arm_1.move_group.moveit.planners.pilz.command_planner]: About to load: pilz_industrial_motion_planner/PlanningContextLoaderPTP
[move_group-15] [INFO] [1788462115.021072521] [cite.cell_a.arm_1.move_group.moveit.planners.pilz.command_planner]: Registered Algorithm [PTP]
[move_group-15] [INFO] [1788462115.021093182] [cite.cell_a.arm_1.move_group.moveit.ros.planning_pipeline]: Successfully loaded planner 'Pilz Industrial Motion Planner'
[move_group-17] [INFO] [1788462115.105692773] [cite.cell_a.arm_3.move_group.moveit.plugins.simple_controller_manager]: Added FollowJointTrajectory controller for arm_3_joint_trajectory_controller
[move_group-17] [INFO] [1788462115.105788357] [cite.cell_a.arm_3.move_group.moveit.plugins.simple_controller_manager]: arm_3_gripper_controller will command a max effort of: 0
[move_group-15] [INFO] [1788462115.106277924] [cite.cell_a.arm_1.move_group]: Try loading adapter 'default_planning_request_adapters/ResolveConstraintFrames'
[move_group-15] [INFO] [1788462115.107492890] [cite.cell_a.arm_1.move_group]: Loaded adapter 'default_planning_request_adapters/ResolveConstraintFrames'
[move_group-15] [INFO] [1788462115.107516086] [cite.cell_a.arm_1.move_group]: Try loading adapter 'default_planning_request_adapters/ValidateWorkspaceBounds'
[move_group-15] [INFO] [1788462115.107912032] [cite.cell_a.arm_1.move_group]: Loaded adapter 'default_planning_request_adapters/ValidateWorkspaceBounds'
[move_group-15] [INFO] [1788462115.107930730] [cite.cell_a.arm_1.move_group]: Try loading adapter 'default_planning_request_adapters/CheckStartStateBounds'
[move_group-15] [INFO] [1788462115.107956430] [cite.cell_a.arm_1.move_group]: Loaded adapter 'default_planning_request_adapters/CheckStartStateBounds'
[move_group-15] [INFO] [1788462115.107963001] [cite.cell_a.arm_1.move_group]: Try loading adapter 'default_planning_request_adapters/CheckStartStateCollision'
[move_group-15] [INFO] [1788462115.107980819] [cite.cell_a.arm_1.move_group]: Loaded adapter 'default_planning_request_adapters/CheckStartStateCollision'
[move_group-15] [INFO] [1788462115.110102515] [cite.cell_a.arm_1.move_group]: Try loading adapter 'default_planning_response_adapters/ValidateSolution'
[move_group-17] [INFO] [1788462115.111552378] [cite.cell_a.arm_3.move_group.moveit.plugins.simple_controller_manager]: Added GripperCommand controller for arm_3_gripper_controller
[move_group-17] [INFO] [1788462115.111741850] [cite.cell_a.arm_3.move_group.moveit.plugins.simple_controller_manager]: Returned 2 controllers in list
[move_group-17] [INFO] [1788462115.111780532] [cite.cell_a.arm_3.move_group.moveit.plugins.simple_controller_manager]: Returned 2 controllers in list
[move_group-17] [INFO] [1788462115.112337375] [cite.cell_a.arm_3.move_group.moveit.ros.trajectory_execution_manager]: Trajectory execution is not managing controllers
[move_group-17] [INFO] [1788462115.112360270] [cite.cell_a.arm_3.move_group]: MoveGroup debug mode is ON
[move_group-15] [INFO] [1788462115.115708851] [cite.cell_a.arm_1.move_group]: Loaded adapter 'default_planning_response_adapters/ValidateSolution'
[move_group-15] [INFO] [1788462115.115746023] [cite.cell_a.arm_1.move_group]: Try loading adapter 'default_planning_response_adapters/DisplayMotionPath'
[move_group-15] [INFO] [1788462115.116507836] [cite.cell_a.arm_1.move_group]: Loaded adapter 'default_planning_response_adapters/DisplayMotionPath'
[move_group-16] [INFO] [1788462115.213218473] [cite.cell_a.arm_2.move_group.moveit.ros.move_group.executable]: 
[move_group-16] 
[move_group-16] ********************************************************
[move_group-16] * MoveGroup using: 
[move_group-16] *     - apply_planning_scene_service
[move_group-16] *     - clear_octomap_service
[move_group-16] *     - get_group_urdf
[move_group-16] *     - load_geometry_from_file
[move_group-16] *     - CartesianPathService
[move_group-16] *     - execute_trajectory_action
[move_group-16] *     - get_planning_scene_service
[move_group-16] *     - kinematics_service
[move_group-16] *     - move_action
[move_group-16] *     - motion_plan_service
[move_group-16] *     - query_planners_service
[move_group-16] *     - state_validation_service
[move_group-16] *     - save_geometry_to_file
[move_group-16] ********************************************************
[move_group-16] 
[move_group-16] [INFO] [1788462115.213278891] [cite.cell_a.arm_2.move_group.moveit.ros.move_group.context]: MoveGroup context using pipeline pilz_industrial_motion_planner
[move_group-16] [INFO] [1788462115.213288979] [cite.cell_a.arm_2.move_group.moveit.ros.move_group.context]: MoveGroup context initialization complete
[move_group-16] [96mLoading 'move_group/ApplyPlanningSceneService'...[0m
[move_group-16] [96mLoading 'move_group/ClearOctomapService'...[0m
[move_group-16] [96mLoading 'move_group/GetUrdfService'...[0m
[move_group-16] [96mLoading 'move_group/LoadGeometryFromFileService'...[0m
[move_group-16] [96mLoading 'move_group/MoveGroupCartesianPathService'...[0m
[move_group-16] [96mLoading 'move_group/MoveGroupExecuteTrajectoryAction'...[0m
[move_group-16] [96mLoading 'move_group/MoveGroupGetPlanningSceneService'...[0m
[move_group-16] [96mLoading 'move_group/MoveGroupKinematicsService'...[0m
[move_group-16] [96mLoading 'move_group/MoveGroupMoveAction'...[0m
[move_group-16] [96mLoading 'move_group/MoveGroupPlanService'...[0m
[move_group-16] [96mLoading 'move_group/MoveGroupQueryPlannersService'...[0m
[move_group-16] [96mLoading 'move_group/MoveGroupStateValidationService'...[0m
[move_group-16] [96mLoading 'move_group/SaveGeometryToFileService'...[0m
[move_group-16] 
[move_group-16] [92mYou can start planning now![0m
[move_group-16] 
[move_group-15] [INFO] [1788462115.215294094] [cite.cell_a.arm_1.move_group.moveit.ros.planning_pipeline]: Successfully loaded planner 'OMPL'
[move_group-15] [INFO] [1788462115.218135841] [cite.cell_a.arm_1.move_group]: Try loading adapter 'default_planning_request_adapters/ResolveConstraintFrames'
[move_group-15] [INFO] [1788462115.218378319] [cite.cell_a.arm_1.move_group]: Loaded adapter 'default_planning_request_adapters/ResolveConstraintFrames'
[move_group-15] [INFO] [1788462115.218395946] [cite.cell_a.arm_1.move_group]: Try loading adapter 'default_planning_request_adapters/ValidateWorkspaceBounds'
[move_group-15] [INFO] [1788462115.218816859] [cite.cell_a.arm_1.move_group]: Loaded adapter 'default_planning_request_adapters/ValidateWorkspaceBounds'
[move_group-15] [INFO] [1788462115.218832286] [cite.cell_a.arm_1.move_group]: Try loading adapter 'default_planning_request_adapters/CheckStartStateBounds'
[move_group-15] [INFO] [1788462115.218857621] [cite.cell_a.arm_1.move_group]: Loaded adapter 'default_planning_request_adapters/CheckStartStateBounds'
[move_group-15] [INFO] [1788462115.218883455] [cite.cell_a.arm_1.move_group]: Try loading adapter 'default_planning_request_adapters/CheckStartStateCollision'
[move_group-15] [INFO] [1788462115.218902126] [cite.cell_a.arm_1.move_group]: Loaded adapter 'default_planning_request_adapters/CheckStartStateCollision'
[move_group-15] [INFO] [1788462115.306788770] [cite.cell_a.arm_1.move_group]: Try loading adapter 'default_planning_response_adapters/AddTimeOptimalParameterization'
[move_group-15] [INFO] [1788462115.307669145] [cite.cell_a.arm_1.move_group]: Loaded adapter 'default_planning_response_adapters/AddTimeOptimalParameterization'
[move_group-15] [INFO] [1788462115.307691553] [cite.cell_a.arm_1.move_group]: Try loading adapter 'default_planning_response_adapters/ValidateSolution'
[move_group-15] [INFO] [1788462115.308256912] [cite.cell_a.arm_1.move_group]: Loaded adapter 'default_planning_response_adapters/ValidateSolution'
[move_group-15] [INFO] [1788462115.308275252] [cite.cell_a.arm_1.move_group]: Try loading adapter 'default_planning_response_adapters/DisplayMotionPath'
[move_group-15] [INFO] [1788462115.308687872] [cite.cell_a.arm_1.move_group]: Loaded adapter 'default_planning_response_adapters/DisplayMotionPath'
[move_group-15] [WARN] [1788462115.311322900] [rcl.logging_rosout]: Publisher already registered for node name: 'move_group'. If this is due to multiple nodes with the same name then all logs for the logger named 'cite.cell_a.arm_1.move_group' will go out over the existing publisher. As soon as any node with that name is destructed it will unregister the publisher, preventing any further logs for that name from being published on the rosout topic.
[move_group-17] [INFO] [1788462115.417152275] [cite.cell_a.arm_3.move_group.moveit.ros.move_group.executable]: 
[move_group-17] 
[move_group-17] ********************************************************
[move_group-17] * MoveGroup using: 
[move_group-17] *     - apply_planning_scene_service
[move_group-17] *     - clear_octomap_service
[move_group-17] *     - get_group_urdf
[move_group-17] *     - load_geometry_from_file
[move_group-17] *     - CartesianPathService
[move_group-17] *     - execute_trajectory_action
[move_group-17] *     - get_planning_scene_service
[move_group-17] *     - kinematics_service
[move_group-17] *     - move_action
[move_group-17] *     - motion_plan_service
[move_group-17] *     - query_planners_service
[move_group-17] *     - state_validation_service
[move_group-17] *     - save_geometry_to_file
[move_group-17] ********************************************************
[move_group-17] 
[move_group-17] [INFO] [1788462115.417246335] [cite.cell_a.arm_3.move_group.moveit.ros.move_group.context]: MoveGroup context using pipeline pilz_industrial_motion_planner
[move_group-17] [INFO] [1788462115.417260903] [cite.cell_a.arm_3.move_group.moveit.ros.move_group.context]: MoveGroup context initialization complete
[move_group-17] [96mLoading 'move_group/ApplyPlanningSceneService'...[0m
[move_group-17] [96mLoading 'move_group/ClearOctomapService'...[0m
[move_group-17] [96mLoading 'move_group/GetUrdfService'...[0m
[move_group-17] [96mLoading 'move_group/LoadGeometryFromFileService'...[0m
[move_group-17] [96mLoading 'move_group/MoveGroupCartesianPathService'...[0m
[move_group-17] [96mLoading 'move_group/MoveGroupExecuteTrajectoryAction'...[0m
[move_group-17] [96mLoading 'move_group/MoveGroupGetPlanningSceneService'...[0m
[move_group-17] [96mLoading 'move_group/MoveGroupKinematicsService'...[0m
[move_group-17] [96mLoading 'move_group/MoveGroupMoveAction'...[0m
[move_group-17] [96mLoading 'move_group/MoveGroupPlanService'...[0m
[move_group-17] [96mLoading 'move_group/MoveGroupQueryPlannersService'...[0m
[move_group-17] [96mLoading 'move_group/MoveGroupStateValidationService'...[0m
[move_group-17] [96mLoading 'move_group/SaveGeometryToFileService'...[0m
[move_group-17] 
[move_group-17] [92mYou can start planning now![0m
[move_group-17] 
[move_group-15] [INFO] [1788462115.510975902] [cite.cell_a.arm_1.move_group.moveit.plugins.simple_controller_manager]: Added FollowJointTrajectory controller for arm_1_joint_trajectory_controller
[move_group-15] [INFO] [1788462115.511022017] [cite.cell_a.arm_1.move_group.moveit.plugins.simple_controller_manager]: arm_1_gripper_controller will command a max effort of: 0
[move_group-15] [INFO] [1788462115.514075089] [cite.cell_a.arm_1.move_group.moveit.plugins.simple_controller_manager]: Added GripperCommand controller for arm_1_gripper_controller
[move_group-15] [INFO] [1788462115.514211053] [cite.cell_a.arm_1.move_group.moveit.plugins.simple_controller_manager]: Returned 2 controllers in list
[move_group-15] [INFO] [1788462115.514232753] [cite.cell_a.arm_1.move_group.moveit.plugins.simple_controller_manager]: Returned 2 controllers in list
[move_group-15] [INFO] [1788462115.514610039] [cite.cell_a.arm_1.move_group.moveit.ros.trajectory_execution_manager]: Trajectory execution is not managing controllers
[move_group-15] [INFO] [1788462115.514631236] [cite.cell_a.arm_1.move_group]: MoveGroup debug mode is ON
[spawner-14] [INFO] [1788462115.519308180] [spawn_arm_1_stage0]: waiting for service /cite/cell_a/arm_1/controller_manager/list_controllers to become available...
[move_group-15] [INFO] [1788462115.610296714] [cite.cell_a.arm_1.move_group.moveit.ros.move_group.executable]: 
[move_group-15] 
[move_group-15] ********************************************************
[move_group-15] * MoveGroup using: 
[move_group-15] *     - apply_planning_scene_service
[move_group-15] *     - clear_octomap_service
[move_group-15] *     - get_group_urdf
[move_group-15] *     - load_geometry_from_file
[move_group-15] *     - CartesianPathService
[move_group-15] *     - execute_trajectory_action
[move_group-15] *     - get_planning_scene_service
[move_group-15] *     - kinematics_service
[move_group-15] *     - move_action
[move_group-15] *     - motion_plan_service
[move_group-15] *     - query_planners_service
[move_group-15] *     - state_validation_service
[move_group-15] *     - save_geometry_to_file
[move_group-15] ********************************************************
[move_group-15] 
[move_group-15] [INFO] [1788462115.610347496] [cite.cell_a.arm_1.move_group.moveit.ros.move_group.context]: MoveGroup context using pipeline pilz_industrial_motion_planner
[move_group-15] [INFO] [1788462115.610356468] [cite.cell_a.arm_1.move_group.moveit.ros.move_group.context]: MoveGroup context initialization complete
[move_group-15] [96mLoading 'move_group/ApplyPlanningSceneService'...[0m
[move_group-15] [96mLoading 'move_group/ClearOctomapService'...[0m
[move_group-15] [96mLoading 'move_group/GetUrdfService'...[0m
[move_group-15] [96mLoading 'move_group/LoadGeometryFromFileService'...[0m
[move_group-15] [96mLoading 'move_group/MoveGroupCartesianPathService'...[0m
[move_group-15] [96mLoading 'move_group/MoveGroupExecuteTrajectoryAction'...[0m
[move_group-15] [96mLoading 'move_group/MoveGroupGetPlanningSceneService'...[0m
[move_group-15] [96mLoading 'move_group/MoveGroupKinematicsService'...[0m
[move_group-15] [96mLoading 'move_group/MoveGroupMoveAction'...[0m
[move_group-15] [96mLoading 'move_group/MoveGroupPlanService'...[0m
[move_group-15] [96mLoading 'move_group/MoveGroupQueryPlannersService'...[0m
[move_group-15] [96mLoading 'move_group/MoveGroupStateValidationService'...[0m
[move_group-15] [96mLoading 'move_group/SaveGeometryToFileService'...[0m
[move_group-15] 
[move_group-15] [92mYou can start planning now![0m
[move_group-15] 
[model_info.py-12] [INFO] [1788462115.628761201] [cite.facility.model_info]: configured for model 95dbbdd9f18c
[gz-1] [1;33mWarning [parser_urdf.cc:1170][0m multiple inconsistent <self_collide> exists due to fixed joint reduction overwriting previous value [1] with [0].
[gz-1] [1;31m[Err] [SystemLoader.cc:92] [0m[1;31mFailed to load system plugin [[0m[1;31mlibgazebo_mimic_joint_plugin.so[0m[1;31m] : Could not find shared library.[0m[1;31m[0m
[gz-1] [1;31m[Err] [SystemLoader.cc:92] [0m[1;31mFailed to load system plugin [[0m[1;31mlibgazebo_mimic_joint_plugin.so[0m[1;31m] : Could not find shared library.[0m[1;31m[0m
[gz-1] [1;31m[Err] [SystemLoader.cc:92] [0m[1;31mFailed to load system plugin [[0m[1;31mlibgazebo_mimic_joint_plugin.so[0m[1;31m] : Could not find shared library.[0m[1;31m[0m
[gz-1] [1;31m[Err] [SystemLoader.cc:92] [0m[1;31mFailed to load system plugin [[0m[1;31mlibgazebo_mimic_joint_plugin.so[0m[1;31m] : Could not find shared library.[0m[1;31m[0m
[gz-1] [1;31m[Err] [SystemLoader.cc:92] [0m[1;31mFailed to load system plugin [[0m[1;31mlibgazebo_mimic_joint_plugin.so[0m[1;31m] : Could not find shared library.[0m[1;31m[0m
[topology_server.py-13] [INFO] [1788462115.744163016] [cite.facility.topology_server]: configured with 5 station(s) and 4 edge(s)
[frame_server.py-11] [INFO] [1788462115.806757839] [cite.facility.frame_server]: configured with 21 static transform(s)
[gz-1] [INFO] [1788462115.831602682] [cite.cell_a.arm_1.gz_ros_control]: [gz_ros2_control] Fixed joint ['arm_1_mount_world_anchor'] (Entity='86') is skipped.
[gz-1] [INFO] [1788462115.833326174] [cite.cell_a.arm_1.gz_ros_control]: Loading controller_manager
[gz-1] [INFO] [1788462115.845403686] [cite.cell_a.arm_1.controller_manager]: Using ROS clock for triggering controller manager cycles.
[gz-1] [INFO] [1788462115.848430991] [cite.cell_a.arm_1.controller_manager]: Subscribing to '/cite/cell_a/arm_1/robot_description' topic for robot description.
[gz-1] [WARN] [1788462115.850522007] [cite.cell_a.arm_1.gz_ros_control]: Waiting RM to load and initialize hardware...
[frame_server.py-11] [INFO] [1788462116.144704748] [cite.facility.frame_server]: published 21 static transform(s)
[gz-1] [WARN] [1788462116.848124004] [cite.cell_a.arm_1.controller_manager]: Waiting for data on 'robot_description' topic to finish initialization
[gz-1] [INFO] [1788462117.078636124] [cite.cell_a.arm_1.controller_manager]: Received robot description from topic.
[gz-1] [INFO] [1788462117.081201795] [cite.cell_a.arm_1.gz_ros_control]: Using JointLimiter for joint 'arm_1_joint5' in hardware 'arm_1_gz_ros2_control/GazeboSimSystem' : '  has position limits: true [-6.28319, 6.28319]
[gz-1]   has velocity limits: true [3.14]
[gz-1]   has acceleration limits: false [nan]
[gz-1]   has deceleration limits: false [nan]
[gz-1]   has jerk limits: false [nan]
[gz-1]   has effort limits: true [20]
[gz-1]   angle wraparound: false'
[gz-1] [INFO] [1788462117.081222154] [cite.cell_a.arm_1.gz_ros_control]: Creating JointSaturationLimiter for joint 'arm_1_joint5' in hardware 'arm_1_gz_ros2_control/GazeboSimSystem'
[gz-1] [INFO] [1788462117.081236968] [cite.cell_a.arm_1.gz_ros_control]: Using JointLimiter for joint 'arm_1_joint4' in hardware 'arm_1_gz_ros2_control/GazeboSimSystem' : '  has position limits: true [-1.69297, 3.14159]
[gz-1]   has velocity limits: true [3.14]
[gz-1]   has acceleration limits: false [nan]
[gz-1]   has deceleration limits: false [nan]
[gz-1]   has jerk limits: false [nan]
[gz-1]   has effort limits: true [20]
[gz-1]   angle wraparound: false'
[gz-1] [INFO] [1788462117.081241039] [cite.cell_a.arm_1.gz_ros_control]: Creating JointSaturationLimiter for joint 'arm_1_joint4' in hardware 'arm_1_gz_ros2_control/GazeboSimSystem'
[gz-1] [INFO] [1788462117.081246768] [cite.cell_a.arm_1.gz_ros_control]: Using JointLimiter for joint 'arm_1_joint2' in hardware 'arm_1_gz_ros2_control/GazeboSimSystem' : '  has position limits: true [-2.059, 2.0944]
[gz-1]   has velocity limits: true [3.14]
[gz-1]   has acceleration limits: false [nan]
[gz-1]   has deceleration limits: false [nan]
[gz-1]   has jerk limits: false [nan]
[gz-1]   has effort limits: true [50]
[gz-1]   angle wraparound: false'
[gz-1] [INFO] [1788462117.081250728] [cite.cell_a.arm_1.gz_ros_control]: Creating JointSaturationLimiter for joint 'arm_1_joint2' in hardware 'arm_1_gz_ros2_control/GazeboSimSystem'
[gz-1] [INFO] [1788462117.081256179] [cite.cell_a.arm_1.gz_ros_control]: Using JointLimiter for joint 'arm_1_joint3' in hardware 'arm_1_gz_ros2_control/GazeboSimSystem' : '  has position limits: true [-3.927, 0.19198]
[gz-1]   has velocity limits: true [3.14]
[gz-1]   has acceleration limits: false [nan]
[gz-1]   has deceleration limits: false [nan]
[gz-1]   has jerk limits: false [nan]
[gz-1]   has effort limits: true [30]
[gz-1]   angle wraparound: false'
[gz-1] [INFO] [1788462117.081259738] [cite.cell_a.arm_1.gz_ros_control]: Creating JointSaturationLimiter for joint 'arm_1_joint3' in hardware 'arm_1_gz_ros2_control/GazeboSimSystem'
[gz-1] [INFO] [1788462117.081264751] [cite.cell_a.arm_1.gz_ros_control]: Using JointLimiter for joint 'arm_1_joint1' in hardware 'arm_1_gz_ros2_control/GazeboSimSystem' : '  has position limits: true [-6.28319, 6.28319]
[gz-1]   has velocity limits: true [3.14]
[gz-1]   has acceleration limits: false [nan]
[gz-1]   has deceleration limits: false [nan]
[gz-1]   has jerk limits: false [nan]
[gz-1]   has effort limits: true [50]
[gz-1]   angle wraparound: false'
[gz-1] [INFO] [1788462117.081273337] [cite.cell_a.arm_1.gz_ros_control]: Creating JointSaturationLimiter for joint 'arm_1_joint1' in hardware 'arm_1_gz_ros2_control/GazeboSimSystem'
[gz-1] [INFO] [1788462117.081279872] [cite.cell_a.arm_1.gz_ros_control]: Using JointLimiter for joint 'arm_1_right_inner_knuckle_joint' in hardware 'arm_1_XArmGripperSystem' : '  has position limits: true [0, 0.85]
[gz-1]   has velocity limits: true [2]
[gz-1]   has acceleration limits: false [nan]
[gz-1]   has deceleration limits: false [nan]
[gz-1]   has jerk limits: false [nan]
[gz-1]   has effort limits: true [50]
[gz-1]   angle wraparound: false'
[gz-1] [INFO] [1788462117.081303088] [cite.cell_a.arm_1.gz_ros_control]: Creating JointSaturationLimiter for joint 'arm_1_right_inner_knuckle_joint' in hardware 'arm_1_XArmGripperSystem'
[gz-1] [INFO] [1788462117.081310346] [cite.cell_a.arm_1.gz_ros_control]: Using JointLimiter for joint 'arm_1_right_finger_joint' in hardware 'arm_1_XArmGripperSystem' : '  has position limits: true [0, 0.85]
[gz-1]   has velocity limits: true [2]
[gz-1]   has acceleration limits: false [nan]
[gz-1]   has deceleration limits: false [nan]
[gz-1]   has jerk limits: false [nan]
[gz-1]   has effort limits: true [50]
[gz-1]   angle wraparound: false'
[gz-1] [INFO] [1788462117.081314034] [cite.cell_a.arm_1.gz_ros_control]: Creating JointSaturationLimiter for joint 'arm_1_right_finger_joint' in hardware 'arm_1_XArmGripperSystem'
[gz-1] [INFO] [1788462117.081319702] [cite.cell_a.arm_1.gz_ros_control]: Using JointLimiter for joint 'arm_1_right_outer_knuckle_joint' in hardware 'arm_1_XArmGripperSystem' : '  has position limits: true [0, 0.85]
[gz-1]   has velocity limits: true [2]
[gz-1]   has acceleration limits: false [nan]
[gz-1]   has deceleration limits: false [nan]
[gz-1]   has jerk limits: false [nan]
[gz-1]   has effort limits: true [50]
[gz-1]   angle wraparound: false'
[gz-1] [INFO] [1788462117.081323789] [cite.cell_a.arm_1.gz_ros_control]: Creating JointSaturationLimiter for joint 'arm_1_right_outer_knuckle_joint' in hardware 'arm_1_XArmGripperSystem'
[gz-1] [INFO] [1788462117.081329321] [cite.cell_a.arm_1.gz_ros_control]: Using JointLimiter for joint 'arm_1_left_inner_knuckle_joint' in hardware 'arm_1_XArmGripperSystem' : '  has position limits: true [0, 0.85]
[gz-1]   has velocity limits: true [2]
[gz-1]   has acceleration limits: false [nan]
[gz-1]   has deceleration limits: false [nan]
[gz-1]   has jerk limits: false [nan]
[gz-1]   has effort limits: true [50]
[gz-1]   angle wraparound: false'
[gz-1] [INFO] [1788462117.081332815] [cite.cell_a.arm_1.gz_ros_control]: Creating JointSaturationLimiter for joint 'arm_1_left_inner_knuckle_joint' in hardware 'arm_1_XArmGripperSystem'
[gz-1] [INFO] [1788462117.081338790] [cite.cell_a.arm_1.gz_ros_control]: Using JointLimiter for joint 'arm_1_left_finger_joint' in hardware 'arm_1_XArmGripperSystem' : '  has position limits: true [0, 0.85]
[gz-1]   has velocity limits: true [2]
[gz-1]   has acceleration limits: false [nan]
[gz-1]   has deceleration limits: false [nan]
[gz-1]   has jerk limits: false [nan]
[gz-1]   has effort limits: true [50]
[gz-1]   angle wraparound: false'
[gz-1] [INFO] [1788462117.081342264] [cite.cell_a.arm_1.gz_ros_control]: Creating JointSaturationLimiter for joint 'arm_1_left_finger_joint' in hardware 'arm_1_XArmGripperSystem'
[gz-1] [INFO] [1788462117.081349064] [cite.cell_a.arm_1.gz_ros_control]: Using JointLimiter for joint 'arm_1_drive_joint' in hardware 'arm_1_XArmGripperSystem' : '  has position limits: true [0, 0.85]
[gz-1]   has velocity limits: true [1]
[gz-1]   has acceleration limits: false [nan]
[gz-1]   has deceleration limits: false [nan]
[gz-1]   has jerk limits: false [nan]
[gz-1]   has effort limits: true [50]
[gz-1]   angle wraparound: false'
[gz-1] [INFO] [1788462117.081352693] [cite.cell_a.arm_1.gz_ros_control]: Creating JointSaturationLimiter for joint 'arm_1_drive_joint' in hardware 'arm_1_XArmGripperSystem'
[gz-1] [INFO] [1788462117.081360465] [cite.cell_a.arm_1.controller_manager]: Enforcing command limits is enabled...
[gz-1] [INFO] [1788462117.084332468] [cite.cell_a.arm_1.gz_ros_control]: The position_proportional_gain has been set to: 0.1
[gz-1] [INFO] [1788462117.084372539] [cite.cell_a.arm_1.gz_ros_control]: Loading joint: arm_1_joint1
[gz-1] [INFO] [1788462117.084378149] [cite.cell_a.arm_1.gz_ros_control]: 	State:
[gz-1] [INFO] [1788462117.084383145] [cite.cell_a.arm_1.gz_ros_control]: 		 position
[gz-1] [INFO] [1788462117.084387746] [cite.cell_a.arm_1.gz_ros_control]: 		 velocity
[gz-1] [INFO] [1788462117.084393075] [cite.cell_a.arm_1.gz_ros_control]: 	Command:
[gz-1] [INFO] [1788462117.084396225] [cite.cell_a.arm_1.gz_ros_control]: 		 position
[gz-1] [INFO] [1788462117.084402994] [cite.cell_a.arm_1.gz_ros_control]: 		 velocity
[gz-1] [INFO] [1788462117.084410209] [cite.cell_a.arm_1.gz_ros_control]: Loading joint: arm_1_joint2
[gz-1] [INFO] [1788462117.084413154] [cite.cell_a.arm_1.gz_ros_control]: 	State:
[gz-1] [INFO] [1788462117.084424820] [cite.cell_a.arm_1.gz_ros_control]: 		 position
[gz-1] [INFO] [1788462117.084428332] [cite.cell_a.arm_1.gz_ros_control]: 		 velocity
[gz-1] [INFO] [1788462117.084430957] [cite.cell_a.arm_1.gz_ros_control]: 	Command:
[gz-1] [INFO] [1788462117.084433381] [cite.cell_a.arm_1.gz_ros_control]: 		 position
[gz-1] [INFO] [1788462117.084438317] [cite.cell_a.arm_1.gz_ros_control]: 		 velocity
[gz-1] [INFO] [1788462117.084444480] [cite.cell_a.arm_1.gz_ros_control]: Loading joint: arm_1_joint3
[gz-1] [INFO] [1788462117.084447352] [cite.cell_a.arm_1.gz_ros_control]: 	State:
[gz-1] [INFO] [1788462117.084449730] [cite.cell_a.arm_1.gz_ros_control]: 		 position
[gz-1] [INFO] [1788462117.084452703] [cite.cell_a.arm_1.gz_ros_control]: 		 velocity
[gz-1] [INFO] [1788462117.084455356] [cite.cell_a.arm_1.gz_ros_control]: 	Command:
[gz-1] [INFO] [1788462117.084457705] [cite.cell_a.arm_1.gz_ros_control]: 		 position
[gz-1] [INFO] [1788462117.084462255] [cite.cell_a.arm_1.gz_ros_control]: 		 velocity
[gz-1] [INFO] [1788462117.084470900] [cite.cell_a.arm_1.gz_ros_control]: Loading joint: arm_1_joint4
[gz-1] [INFO] [1788462117.084473793] [cite.cell_a.arm_1.gz_ros_control]: 	State:
[gz-1] [INFO] [1788462117.084476161] [cite.cell_a.arm_1.gz_ros_control]: 		 position
[gz-1] [INFO] [1788462117.084478664] [cite.cell_a.arm_1.gz_ros_control]: 		 velocity
[gz-1] [INFO] [1788462117.084481155] [cite.cell_a.arm_1.gz_ros_control]: 	Command:
[gz-1] [INFO] [1788462117.084483670] [cite.cell_a.arm_1.gz_ros_control]: 		 position
[gz-1] [INFO] [1788462117.084487490] [cite.cell_a.arm_1.gz_ros_control]: 		 velocity
[gz-1] [INFO] [1788462117.084494085] [cite.cell_a.arm_1.gz_ros_control]: Loading joint: arm_1_joint5
[gz-1] [INFO] [1788462117.084496842] [cite.cell_a.arm_1.gz_ros_control]: 	State:
[gz-1] [INFO] [1788462117.084499195] [cite.cell_a.arm_1.gz_ros_control]: 		 position
[gz-1] [INFO] [1788462117.084502339] [cite.cell_a.arm_1.gz_ros_control]: 		 velocity
[gz-1] [INFO] [1788462117.084504866] [cite.cell_a.arm_1.gz_ros_control]: 	Command:
[gz-1] [INFO] [1788462117.084507200] [cite.cell_a.arm_1.gz_ros_control]: 		 position
[gz-1] [INFO] [1788462117.084512105] [cite.cell_a.arm_1.gz_ros_control]: 		 velocity
[gz-1] [INFO] [1788462117.084619002] [cite.cell_a.arm_1.controller_manager]: Initialize hardware 'arm_1_gz_ros2_control/GazeboSimSystem' 
[gz-1] [WARN] [1788462117.084635376] [cite.cell_a.arm_1.controller_manager.hardware_component.system.arm_1_gz_ros2_control/GazeboSimSystem]: Executor is not available during hardware component initialization for 'arm_1_gz_ros2_control/GazeboSimSystem'. Skipping node creation!
[gz-1] [INFO] [1788462117.084690137] [cite.cell_a.arm_1.controller_manager]: Successful initialization of hardware 'arm_1_gz_ros2_control/GazeboSimSystem'
[gz-1] [INFO] [1788462117.084844507] [cite.cell_a.arm_1.gz_ros_control]: The position_proportional_gain has been set to: 0.1
[gz-1] [INFO] [1788462117.084856511] [cite.cell_a.arm_1.gz_ros_control]: Loading joint: arm_1_drive_joint
[gz-1] [INFO] [1788462117.084860040] [cite.cell_a.arm_1.gz_ros_control]: 	State:
[gz-1] [INFO] [1788462117.084862840] [cite.cell_a.arm_1.gz_ros_control]: 		 position
[gz-1] [INFO] [1788462117.084865908] [cite.cell_a.arm_1.gz_ros_control]: 		 velocity
[gz-1] [INFO] [1788462117.084869216] [cite.cell_a.arm_1.gz_ros_control]: 	Command:
[gz-1] [INFO] [1788462117.084871827] [cite.cell_a.arm_1.gz_ros_control]: 		 position
[gz-1] [INFO] [1788462117.084877058] [cite.cell_a.arm_1.gz_ros_control]: 		 velocity
[gz-1] [INFO] [1788462117.084884602] [cite.cell_a.arm_1.gz_ros_control]: Loading joint: arm_1_left_finger_joint
[gz-1] [INFO] [1788462117.084891183] [cite.cell_a.arm_1.gz_ros_control]: Joint 'arm_1_left_finger_joint'is mimicking joint 'arm_1_drive_joint' with multiplier: 1 and offset: 0
[gz-1] [INFO] [1788462117.084894450] [cite.cell_a.arm_1.gz_ros_control]: 	State:
[gz-1] [INFO] [1788462117.084897143] [cite.cell_a.arm_1.gz_ros_control]: 		 position
[gz-1] [INFO] [1788462117.084900210] [cite.cell_a.arm_1.gz_ros_control]: 		 velocity
[gz-1] [INFO] [1788462117.084902764] [cite.cell_a.arm_1.gz_ros_control]: 	Command:
[gz-1] [INFO] [1788462117.084908136] [cite.cell_a.arm_1.gz_ros_control]: Loading joint: arm_1_left_inner_knuckle_joint
[gz-1] [INFO] [1788462117.084912354] [cite.cell_a.arm_1.gz_ros_control]: Joint 'arm_1_left_inner_knuckle_joint'is mimicking joint 'arm_1_drive_joint' with multiplier: 1 and offset: 0
[gz-1] [INFO] [1788462117.084922476] [cite.cell_a.arm_1.gz_ros_control]: 	State:
[gz-1] [INFO] [1788462117.084925326] [cite.cell_a.arm_1.gz_ros_control]: 		 position
[gz-1] [INFO] [1788462117.084928379] [cite.cell_a.arm_1.gz_ros_control]: 		 velocity
[gz-1] [INFO] [1788462117.084931027] [cite.cell_a.arm_1.gz_ros_control]: 	Command:
[gz-1] [INFO] [1788462117.084937518] [cite.cell_a.arm_1.gz_ros_control]: Loading joint: arm_1_right_outer_knuckle_joint
[gz-1] [INFO] [1788462117.084941252] [cite.cell_a.arm_1.gz_ros_control]: Joint 'arm_1_right_outer_knuckle_joint'is mimicking joint 'arm_1_drive_joint' with multiplier: 1 and offset: 0
[gz-1] [INFO] [1788462117.084944207] [cite.cell_a.arm_1.gz_ros_control]: 	State:
[gz-1] [INFO] [1788462117.084946776] [cite.cell_a.arm_1.gz_ros_control]: 		 position
[gz-1] [INFO] [1788462117.084949461] [cite.cell_a.arm_1.gz_ros_control]: 		 velocity
[gz-1] [INFO] [1788462117.084951996] [cite.cell_a.arm_1.gz_ros_control]: 	Command:
[gz-1] [INFO] [1788462117.084957053] [cite.cell_a.arm_1.gz_ros_control]: Loading joint: arm_1_right_finger_joint
[gz-1] [INFO] [1788462117.084960514] [cite.cell_a.arm_1.gz_ros_control]: Joint 'arm_1_right_finger_joint'is mimicking joint 'arm_1_drive_joint' with multiplier: 1 and offset: 0
[gz-1] [INFO] [1788462117.084963524] [cite.cell_a.arm_1.gz_ros_control]: 	State:
[gz-1] [INFO] [1788462117.084966523] [cite.cell_a.arm_1.gz_ros_control]: 		 position
[gz-1] [INFO] [1788462117.084969896] [cite.cell_a.arm_1.gz_ros_control]: 		 velocity
[gz-1] [INFO] [1788462117.084972682] [cite.cell_a.arm_1.gz_ros_control]: 	Command:
[gz-1] [INFO] [1788462117.084977931] [cite.cell_a.arm_1.gz_ros_control]: Loading joint: arm_1_right_inner_knuckle_joint
[gz-1] [INFO] [1788462117.084981595] [cite.cell_a.arm_1.gz_ros_control]: Joint 'arm_1_right_inner_knuckle_joint'is mimicking joint 'arm_1_drive_joint' with multiplier: 1 and offset: 0
[gz-1] [INFO] [1788462117.084986031] [cite.cell_a.arm_1.gz_ros_control]: 	State:
[gz-1] [INFO] [1788462117.084988679] [cite.cell_a.arm_1.gz_ros_control]: 		 position
[gz-1] [INFO] [1788462117.084991455] [cite.cell_a.arm_1.gz_ros_control]: 		 velocity
[gz-1] [INFO] [1788462117.084994107] [cite.cell_a.arm_1.gz_ros_control]: 	Command:
[gz-1] [INFO] [1788462117.085012017] [cite.cell_a.arm_1.controller_manager]: Initialize hardware 'arm_1_XArmGripperSystem' 
[gz-1] [WARN] [1788462117.085017317] [cite.cell_a.arm_1.controller_manager.hardware_component.system.arm_1_XArmGripperSystem]: Executor is not available during hardware component initialization for 'arm_1_XArmGripperSystem'. Skipping node creation!
[gz-1] [INFO] [1788462117.085047409] [cite.cell_a.arm_1.controller_manager]: Successful initialization of hardware 'arm_1_XArmGripperSystem'
[gz-1] [INFO] [1788462117.085106980] [cite.cell_a.arm_1.controller_manager]: Activating component 'arm_1_XArmGripperSystem'.
[gz-1] [INFO] [1788462117.085117307] [resource_manager]: 'configure' hardware 'arm_1_XArmGripperSystem' 
[gz-1] [INFO] [1788462117.085121966] [cite.cell_a.arm_1.gz_ros_control]: System Successfully configured!
[gz-1] [INFO] [1788462117.085125805] [resource_manager]: Successful 'configure' of hardware 'arm_1_XArmGripperSystem'
[gz-1] [INFO] [1788462117.085132548] [resource_manager]: 'activate' hardware 'arm_1_XArmGripperSystem' 
[gz-1] [INFO] [1788462117.085145043] [resource_manager]: Successful 'activate' of hardware 'arm_1_XArmGripperSystem'
[gz-1] [INFO] [1788462117.085207396] [cite.cell_a.arm_1.controller_manager]: Activating component 'arm_1_gz_ros2_control/GazeboSimSystem'.
[gz-1] [INFO] [1788462117.085211459] [resource_manager]: 'configure' hardware 'arm_1_gz_ros2_control/GazeboSimSystem' 
[gz-1] [INFO] [1788462117.085213068] [cite.cell_a.arm_1.gz_ros_control]: System Successfully configured!
[gz-1] [INFO] [1788462117.085216745] [resource_manager]: Successful 'configure' of hardware 'arm_1_gz_ros2_control/GazeboSimSystem'
[gz-1] [INFO] [1788462117.085220072] [resource_manager]: 'activate' hardware 'arm_1_gz_ros2_control/GazeboSimSystem' 
[gz-1] [INFO] [1788462117.085222209] [resource_manager]: Successful 'activate' of hardware 'arm_1_gz_ros2_control/GazeboSimSystem'
[gz-1] [WARN] [1788462117.085237983] [cite.cell_a.arm_1.controller_manager]: Component 'arm_1_XArmGripperSystem' does not have read or write statistics initialized, skipping registration.
[gz-1] [WARN] [1788462117.085248873] [cite.cell_a.arm_1.controller_manager]: Component 'arm_1_gz_ros2_control/GazeboSimSystem' does not have read or write statistics initialized, skipping registration.
[gz-1] [INFO] [1788462117.085253890] [cite.cell_a.arm_1.controller_manager]: Resource Manager has been successfully initialized. Starting Controller Manager services...
[gz-1] [INFO] [1788462117.272757971] [cite.cell_a.arm_1.controller_manager]: Loading controller : 'arm_1_joint_state_broadcaster' of type 'joint_state_broadcaster/JointStateBroadcaster'
[gz-1] [INFO] [1788462117.272799807] [cite.cell_a.arm_1.controller_manager]: Loading controller 'arm_1_joint_state_broadcaster'
[gz-1] [INFO] [1788462117.276673511] [cite.cell_a.arm_1.controller_manager]: Controller 'arm_1_joint_state_broadcaster' node arguments: --ros-args --params-file /workspace/workspace/install/cite_generated/share/cite_generated/control/cell_a_arm_1_controllers.yaml -p use_sim_time:=true --param use_sim_time:=true 
[spawner-14] [INFO] [1788462117.286627839] [spawn_arm_1_stage0]: Loaded arm_1_joint_state_broadcaster
[gz-1] [INFO] [1788462117.287660942] [cite.cell_a.arm_1.controller_manager]: Configuring controller: 'arm_1_joint_state_broadcaster'
[gz-1] [INFO] [1788462117.287807289] [cite.cell_a.arm_1.arm_1_joint_state_broadcaster]: 'joints' or 'interfaces' parameter is empty. All available state interfaces will be published
[gz-1] [INFO] [1788462117.296744530] [cite.cell_a.arm_1.controller_manager]: Activating controllers: [ arm_1_joint_state_broadcaster ]
[gz-1] [1;33mWarning [parser_urdf.cc:1170][0m multiple inconsistent <self_collide> exists due to fixed joint reduction overwriting previous value [1] with [0].
[gz-1] [1;31m[Err] [SystemLoader.cc:92] [0m[1;31mFailed to load system plugin [[0m[1;31mlibgazebo_mimic_joint_plugin.so[0m[1;31m] : Could not find shared library.[0m[1;31m[0m
[gz-1] [1;31m[Err] [SystemLoader.cc:92] [0m[1;31mFailed to load system plugin [[0m[1;31mlibgazebo_mimic_joint_plugin.so[0m[1;31m] : Could not find shared library.[0m[1;31m[0m
[gz-1] [1;31m[Err] [SystemLoader.cc:92] [0m[1;31mFailed to load system plugin [[0m[1;31mlibgazebo_mimic_joint_plugin.so[0m[1;31m] : Could not find shared library.[0m[1;31m[0m
[gz-1] [1;31m[Err] [SystemLoader.cc:92] [0m[1;31mFailed to load system plugin [[0m[1;31mlibgazebo_mimic_joint_plugin.so[0m[1;31m] : Could not find shared library.[0m[1;31m[0m
[gz-1] [1;31m[Err] [SystemLoader.cc:92] [0m[1;31mFailed to load system plugin [[0m[1;31mlibgazebo_mimic_joint_plugin.so[0m[1;31m] : Could not find shared library.[0m[1;31m[0m
[gz-1] [INFO] [1788462118.409970329] [cite.cell_a.arm_2.gz_ros_control]: [gz_ros2_control] Fixed joint ['arm_2_mount_world_anchor'] (Entity='137') is skipped.
[gz-1] [INFO] [1788462118.411993548] [cite.cell_a.arm_2.gz_ros_control]: Loading controller_manager
[gz-1] [INFO] [1788462118.426408935] [cite.cell_a.arm_2.controller_manager]: Using ROS clock for triggering controller manager cycles.
[gz-1] [INFO] [1788462118.427534641] [cite.cell_a.arm_2.controller_manager]: Subscribing to '/cite/cell_a/arm_2/robot_description' topic for robot description.
[gz-1] [WARN] [1788462118.428116685] [cite.cell_a.arm_2.gz_ros_control]: Waiting RM to load and initialize hardware...
[gz-1] [INFO] [1788462118.437978616] [cite.cell_a.arm_2.controller_manager]: Received robot description from topic.
[gz-1] [INFO] [1788462118.439638659] [cite.cell_a.arm_2.gz_ros_control]: Using JointLimiter for joint 'arm_2_joint5' in hardware 'arm_2_gz_ros2_control/GazeboSimSystem' : '  has position limits: true [-6.28319, 6.28319]
[gz-1]   has velocity limits: true [3.14]
[gz-1]   has acceleration limits: false [nan]
[gz-1]   has deceleration limits: false [nan]
[gz-1]   has jerk limits: false [nan]
[gz-1]   has effort limits: true [20]
[gz-1]   angle wraparound: false'
[gz-1] [INFO] [1788462118.439657261] [cite.cell_a.arm_2.gz_ros_control]: Creating JointSaturationLimiter for joint 'arm_2_joint5' in hardware 'arm_2_gz_ros2_control/GazeboSimSystem'
[gz-1] [INFO] [1788462118.439668282] [cite.cell_a.arm_2.gz_ros_control]: Using JointLimiter for joint 'arm_2_joint4' in hardware 'arm_2_gz_ros2_control/GazeboSimSystem' : '  has position limits: true [-1.69297, 3.14159]
[gz-1]   has velocity limits: true [3.14]
[gz-1]   has acceleration limits: false [nan]
[gz-1]   has deceleration limits: false [nan]
[gz-1]   has jerk limits: false [nan]
[gz-1]   has effort limits: true [20]
[gz-1]   angle wraparound: false'
[gz-1] [INFO] [1788462118.439672391] [cite.cell_a.arm_2.gz_ros_control]: Creating JointSaturationLimiter for joint 'arm_2_joint4' in hardware 'arm_2_gz_ros2_control/GazeboSimSystem'
[gz-1] [INFO] [1788462118.439677846] [cite.cell_a.arm_2.gz_ros_control]: Using JointLimiter for joint 'arm_2_joint3' in hardware 'arm_2_gz_ros2_control/GazeboSimSystem' : '  has position limits: true [-3.927, 0.19198]
[gz-1]   has velocity limits: true [3.14]
[gz-1]   has acceleration limits: false [nan]
[gz-1]   has deceleration limits: false [nan]
[gz-1]   has jerk limits: false [nan]
[gz-1]   has effort limits: true [30]
[gz-1]   angle wraparound: false'
[gz-1] [INFO] [1788462118.439681820] [cite.cell_a.arm_2.gz_ros_control]: Creating JointSaturationLimiter for joint 'arm_2_joint3' in hardware 'arm_2_gz_ros2_control/GazeboSimSystem'
[gz-1] [INFO] [1788462118.439686836] [cite.cell_a.arm_2.gz_ros_control]: Using JointLimiter for joint 'arm_2_joint2' in hardware 'arm_2_gz_ros2_control/GazeboSimSystem' : '  has position limits: true [-2.059, 2.0944]
[gz-1]   has velocity limits: true [3.14]
[gz-1]   has acceleration limits: false [nan]
[gz-1]   has deceleration limits: false [nan]
[gz-1]   has jerk limits: false [nan]
[gz-1]   has effort limits: true [50]
[gz-1]   angle wraparound: false'
[gz-1] [INFO] [1788462118.439703774] [cite.cell_a.arm_2.gz_ros_control]: Creating JointSaturationLimiter for joint 'arm_2_joint2' in hardware 'arm_2_gz_ros2_control/GazeboSimSystem'
[gz-1] [INFO] [1788462118.439710331] [cite.cell_a.arm_2.gz_ros_control]: Using JointLimiter for joint 'arm_2_joint1' in hardware 'arm_2_gz_ros2_control/GazeboSimSystem' : '  has position limits: true [-6.28319, 6.28319]
[gz-1]   has velocity limits: true [3.14]
[gz-1]   has acceleration limits: false [nan]
[gz-1]   has deceleration limits: false [nan]
[gz-1]   has jerk limits: false [nan]
[gz-1]   has effort limits: true [50]
[gz-1]   angle wraparound: false'
[gz-1] [INFO] [1788462118.439713954] [cite.cell_a.arm_2.gz_ros_control]: Creating JointSaturationLimiter for joint 'arm_2_joint1' in hardware 'arm_2_gz_ros2_control/GazeboSimSystem'
[gz-1] [INFO] [1788462118.439720072] [cite.cell_a.arm_2.gz_ros_control]: Using JointLimiter for joint 'arm_2_right_inner_knuckle_joint' in hardware 'arm_2_XArmGripperSystem' : '  has position limits: true [0, 0.85]
[gz-1]   has velocity limits: true [2]
[gz-1]   has acceleration limits: false [nan]
[gz-1]   has deceleration limits: false [nan]
[gz-1]   has jerk limits: false [nan]
[gz-1]   has effort limits: true [50]
[gz-1]   angle wraparound: false'
[gz-1] [INFO] [1788462118.439723646] [cite.cell_a.arm_2.gz_ros_control]: Creating JointSaturationLimiter for joint 'arm_2_right_inner_knuckle_joint' in hardware 'arm_2_XArmGripperSystem'
[gz-1] [INFO] [1788462118.439729601] [cite.cell_a.arm_2.gz_ros_control]: Using JointLimiter for joint 'arm_2_right_finger_joint' in hardware 'arm_2_XArmGripperSystem' : '  has position limits: true [0, 0.85]
[gz-1]   has velocity limits: true [2]
[gz-1]   has acceleration limits: false [nan]
[gz-1]   has deceleration limits: false [nan]
[gz-1]   has jerk limits: false [nan]
[gz-1]   has effort limits: true [50]
[gz-1]   angle wraparound: false'
[gz-1] [INFO] [1788462118.439734659] [cite.cell_a.arm_2.gz_ros_control]: Creating JointSaturationLimiter for joint 'arm_2_right_finger_joint' in hardware 'arm_2_XArmGripperSystem'
[gz-1] [INFO] [1788462118.439740542] [cite.cell_a.arm_2.gz_ros_control]: Using JointLimiter for joint 'arm_2_right_outer_knuckle_joint' in hardware 'arm_2_XArmGripperSystem' : '  has position limits: true [0, 0.85]
[gz-1]   has velocity limits: true [2]
[gz-1]   has acceleration limits: false [nan]
[gz-1]   has deceleration limits: false [nan]
[gz-1]   has jerk limits: false [nan]
[gz-1]   has effort limits: true [50]
[gz-1]   angle wraparound: false'
[gz-1] [INFO] [1788462118.439744207] [cite.cell_a.arm_2.gz_ros_control]: Creating JointSaturationLimiter for joint 'arm_2_right_outer_knuckle_joint' in hardware 'arm_2_XArmGripperSystem'
[gz-1] [INFO] [1788462118.439749513] [cite.cell_a.arm_2.gz_ros_control]: Using JointLimiter for joint 'arm_2_left_finger_joint' in hardware 'arm_2_XArmGripperSystem' : '  has position limits: true [0, 0.85]
[gz-1]   has velocity limits: true [2]
[gz-1]   has acceleration limits: false [nan]
[gz-1]   has deceleration limits: false [nan]
[gz-1]   has jerk limits: false [nan]
[gz-1]   has effort limits: true [50]
[gz-1]   angle wraparound: false'
[gz-1] [INFO] [1788462118.439752900] [cite.cell_a.arm_2.gz_ros_control]: Creating JointSaturationLimiter for joint 'arm_2_left_finger_joint' in hardware 'arm_2_XArmGripperSystem'
[gz-1] [INFO] [1788462118.439758356] [cite.cell_a.arm_2.gz_ros_control]: Using JointLimiter for joint 'arm_2_left_inner_knuckle_joint' in hardware 'arm_2_XArmGripperSystem' : '  has position limits: true [0, 0.85]
[gz-1]   has velocity limits: true [2]
[gz-1]   has acceleration limits: false [nan]
[gz-1]   has deceleration limits: false [nan]
[gz-1]   has jerk limits: false [nan]
[gz-1]   has effort limits: true [50]
[gz-1]   angle wraparound: false'
[gz-1] [INFO] [1788462118.439761928] [cite.cell_a.arm_2.gz_ros_control]: Creating JointSaturationLimiter for joint 'arm_2_left_inner_knuckle_joint' in hardware 'arm_2_XArmGripperSystem'
[gz-1] [INFO] [1788462118.439767169] [cite.cell_a.arm_2.gz_ros_control]: Using JointLimiter for joint 'arm_2_drive_joint' in hardware 'arm_2_XArmGripperSystem' : '  has position limits: true [0, 0.85]
[gz-1]   has velocity limits: true [1]
[gz-1]   has acceleration limits: false [nan]
[gz-1]   has deceleration limits: false [nan]
[gz-1]   has jerk limits: false [nan]
[gz-1]   has effort limits: true [50]
[gz-1]   angle wraparound: false'
[gz-1] [INFO] [1788462118.439782644] [cite.cell_a.arm_2.gz_ros_control]: Creating JointSaturationLimiter for joint 'arm_2_drive_joint' in hardware 'arm_2_XArmGripperSystem'
[gz-1] [INFO] [1788462118.439790877] [cite.cell_a.arm_2.controller_manager]: Enforcing command limits is enabled...
[gz-1] [INFO] [1788462118.441680535] [cite.cell_a.arm_2.gz_ros_control]: The position_proportional_gain has been set to: 0.1
[gz-1] [INFO] [1788462118.441714922] [cite.cell_a.arm_2.gz_ros_control]: Loading joint: arm_2_joint1
[gz-1] [INFO] [1788462118.441719601] [cite.cell_a.arm_2.gz_ros_control]: 	State:
[gz-1] [INFO] [1788462118.441723482] [cite.cell_a.arm_2.gz_ros_control]: 		 position
[gz-1] [INFO] [1788462118.441729320] [cite.cell_a.arm_2.gz_ros_control]: 		 velocity
[gz-1] [INFO] [1788462118.441734096] [cite.cell_a.arm_2.gz_ros_control]: 	Command:
[gz-1] [INFO] [1788462118.441737084] [cite.cell_a.arm_2.gz_ros_control]: 		 position
[gz-1] [INFO] [1788462118.441745431] [cite.cell_a.arm_2.gz_ros_control]: 		 velocity
[gz-1] [INFO] [1788462118.441753181] [cite.cell_a.arm_2.gz_ros_control]: Loading joint: arm_2_joint2
[gz-1] [INFO] [1788462118.441756308] [cite.cell_a.arm_2.gz_ros_control]: 	State:
[gz-1] [INFO] [1788462118.441758841] [cite.cell_a.arm_2.gz_ros_control]: 		 position
[gz-1] [INFO] [1788462118.441761758] [cite.cell_a.arm_2.gz_ros_control]: 		 velocity
[gz-1] [INFO] [1788462118.441764282] [cite.cell_a.arm_2.gz_ros_control]: 	Command:
[gz-1] [INFO] [1788462118.441766682] [cite.cell_a.arm_2.gz_ros_control]: 		 position
[gz-1] [INFO] [1788462118.441771597] [cite.cell_a.arm_2.gz_ros_control]: 		 velocity
[gz-1] [INFO] [1788462118.441780793] [cite.cell_a.arm_2.gz_ros_control]: Loading joint: arm_2_joint3
[gz-1] [INFO] [1788462118.441783784] [cite.cell_a.arm_2.gz_ros_control]: 	State:
[gz-1] [INFO] [1788462118.441786237] [cite.cell_a.arm_2.gz_ros_control]: 		 position
[gz-1] [INFO] [1788462118.441789043] [cite.cell_a.arm_2.gz_ros_control]: 		 velocity
[gz-1] [INFO] [1788462118.441791579] [cite.cell_a.arm_2.gz_ros_control]: 	Command:
[gz-1] [INFO] [1788462118.441798857] [cite.cell_a.arm_2.gz_ros_control]: 		 position
[gz-1] [INFO] [1788462118.441805986] [cite.cell_a.arm_2.gz_ros_control]: 		 velocity
[gz-1] [INFO] [1788462118.441813023] [cite.cell_a.arm_2.gz_ros_control]: Loading joint: arm_2_joint4
[gz-1] [INFO] [1788462118.441815984] [cite.cell_a.arm_2.gz_ros_control]: 	State:
[gz-1] [INFO] [1788462118.441818523] [cite.cell_a.arm_2.gz_ros_control]: 		 position
[gz-1] [INFO] [1788462118.441821236] [cite.cell_a.arm_2.gz_ros_control]: 		 velocity
[gz-1] [INFO] [1788462118.441823862] [cite.cell_a.arm_2.gz_ros_control]: 	Command:
[gz-1] [INFO] [1788462118.441826382] [cite.cell_a.arm_2.gz_ros_control]: 		 position
[gz-1] [INFO] [1788462118.441830820] [cite.cell_a.arm_2.gz_ros_control]: 		 velocity
[gz-1] [INFO] [1788462118.441837644] [cite.cell_a.arm_2.gz_ros_control]: Loading joint: arm_2_joint5
[gz-1] [INFO] [1788462118.441840537] [cite.cell_a.arm_2.gz_ros_control]: 	State:
[gz-1] [INFO] [1788462118.441843338] [cite.cell_a.arm_2.gz_ros_control]: 		 position
[gz-1] [INFO] [1788462118.441846745] [cite.cell_a.arm_2.gz_ros_control]: 		 velocity
[gz-1] [INFO] [1788462118.441852903] [cite.cell_a.arm_2.gz_ros_control]: 	Command:
[gz-1] [INFO] [1788462118.441857041] [cite.cell_a.arm_2.gz_ros_control]: 		 position
[gz-1] [INFO] [1788462118.441865671] [cite.cell_a.arm_2.gz_ros_control]: 		 velocity
[gz-1] [INFO] [1788462118.441895570] [cite.cell_a.arm_2.controller_manager]: Initialize hardware 'arm_2_gz_ros2_control/GazeboSimSystem' 
[gz-1] [WARN] [1788462118.441906110] [cite.cell_a.arm_2.controller_manager.hardware_component.system.arm_2_gz_ros2_control/GazeboSimSystem]: Executor is not available during hardware component initialization for 'arm_2_gz_ros2_control/GazeboSimSystem'. Skipping node creation!
[gz-1] [INFO] [1788462118.441933347] [cite.cell_a.arm_2.controller_manager]: Successful initialization of hardware 'arm_2_gz_ros2_control/GazeboSimSystem'
[gz-1] [INFO] [1788462118.442073133] [cite.cell_a.arm_2.gz_ros_control]: The position_proportional_gain has been set to: 0.1
[gz-1] [INFO] [1788462118.442094930] [cite.cell_a.arm_2.gz_ros_control]: Loading joint: arm_2_drive_joint
[gz-1] [INFO] [1788462118.442099428] [cite.cell_a.arm_2.gz_ros_control]: 	State:
[gz-1] [INFO] [1788462118.442103632] [cite.cell_a.arm_2.gz_ros_control]: 		 position
[gz-1] [INFO] [1788462118.442108129] [cite.cell_a.arm_2.gz_ros_control]: 		 velocity
[gz-1] [INFO] [1788462118.442112477] [cite.cell_a.arm_2.gz_ros_control]: 	Command:
[gz-1] [INFO] [1788462118.442116535] [cite.cell_a.arm_2.gz_ros_control]: 		 position
[gz-1] [INFO] [1788462118.442124518] [cite.cell_a.arm_2.gz_ros_control]: 		 velocity
[gz-1] [INFO] [1788462118.442135993] [cite.cell_a.arm_2.gz_ros_control]: Loading joint: arm_2_left_finger_joint
[gz-1] [INFO] [1788462118.442143191] [cite.cell_a.arm_2.gz_ros_control]: Joint 'arm_2_left_finger_joint'is mimicking joint 'arm_2_drive_joint' with multiplier: 1 and offset: 0
[gz-1] [INFO] [1788462118.442148381] [cite.cell_a.arm_2.gz_ros_control]: 	State:
[gz-1] [INFO] [1788462118.442152871] [cite.cell_a.arm_2.gz_ros_control]: 		 position
[gz-1] [INFO] [1788462118.442158079] [cite.cell_a.arm_2.gz_ros_control]: 		 velocity
[gz-1] [INFO] [1788462118.442161319] [cite.cell_a.arm_2.gz_ros_control]: 	Command:
[gz-1] [INFO] [1788462118.442169445] [cite.cell_a.arm_2.gz_ros_control]: Loading joint: arm_2_left_inner_knuckle_joint
[gz-1] [INFO] [1788462118.442175686] [cite.cell_a.arm_2.gz_ros_control]: Joint 'arm_2_left_inner_knuckle_joint'is mimicking joint 'arm_2_drive_joint' with multiplier: 1 and offset: 0
[gz-1] [INFO] [1788462118.442180705] [cite.cell_a.arm_2.gz_ros_control]: 	State:
[gz-1] [INFO] [1788462118.442184136] [cite.cell_a.arm_2.gz_ros_control]: 		 position
[gz-1] [INFO] [1788462118.442192103] [cite.cell_a.arm_2.gz_ros_control]: 		 velocity
[gz-1] [INFO] [1788462118.442196458] [cite.cell_a.arm_2.gz_ros_control]: 	Command:
[gz-1] [INFO] [1788462118.442206127] [cite.cell_a.arm_2.gz_ros_control]: Loading joint: arm_2_right_outer_knuckle_joint
[gz-1] [INFO] [1788462118.442212690] [cite.cell_a.arm_2.gz_ros_control]: Joint 'arm_2_right_outer_knuckle_joint'is mimicking joint 'arm_2_drive_joint' with multiplier: 1 and offset: 0
[gz-1] [INFO] [1788462118.442218357] [cite.cell_a.arm_2.gz_ros_control]: 	State:
[gz-1] [INFO] [1788462118.442222668] [cite.cell_a.arm_2.gz_ros_control]: 		 position
[gz-1] [INFO] [1788462118.442227286] [cite.cell_a.arm_2.gz_ros_control]: 		 velocity
[gz-1] [INFO] [1788462118.442231478] [cite.cell_a.arm_2.gz_ros_control]: 	Command:
[gz-1] [INFO] [1788462118.442239796] [cite.cell_a.arm_2.gz_ros_control]: Loading joint: arm_2_right_finger_joint
[gz-1] [INFO] [1788462118.442245844] [cite.cell_a.arm_2.gz_ros_control]: Joint 'arm_2_right_finger_joint'is mimicking joint 'arm_2_drive_joint' with multiplier: 1 and offset: 0
[gz-1] [INFO] [1788462118.442251072] [cite.cell_a.arm_2.gz_ros_control]: 	State:
[gz-1] [INFO] [1788462118.442255205] [cite.cell_a.arm_2.gz_ros_control]: 		 position
[gz-1] [INFO] [1788462118.442260955] [cite.cell_a.arm_2.gz_ros_control]: 		 velocity
[gz-1] [INFO] [1788462118.442265462] [cite.cell_a.arm_2.gz_ros_control]: 	Command:
[gz-1] [INFO] [1788462118.442274676] [cite.cell_a.arm_2.gz_ros_control]: Loading joint: arm_2_right_inner_knuckle_joint
[gz-1] [INFO] [1788462118.442280704] [cite.cell_a.arm_2.gz_ros_control]: Joint 'arm_2_right_inner_knuckle_joint'is mimicking joint 'arm_2_drive_joint' with multiplier: 1 and offset: 0
[gz-1] [INFO] [1788462118.442285611] [cite.cell_a.arm_2.gz_ros_control]: 	State:
[gz-1] [INFO] [1788462118.442289813] [cite.cell_a.arm_2.gz_ros_control]: 		 position
[gz-1] [INFO] [1788462118.442294403] [cite.cell_a.arm_2.gz_ros_control]: 		 velocity
[gz-1] [INFO] [1788462118.442298624] [cite.cell_a.arm_2.gz_ros_control]: 	Command:
[gz-1] [INFO] [1788462118.442321406] [cite.cell_a.arm_2.controller_manager]: Initialize hardware 'arm_2_XArmGripperSystem' 
[gz-1] [WARN] [1788462118.442344571] [cite.cell_a.arm_2.controller_manager.hardware_component.system.arm_2_XArmGripperSystem]: Executor is not available during hardware component initialization for 'arm_2_XArmGripperSystem'. Skipping node creation!
[gz-1] [INFO] [1788462118.442377982] [cite.cell_a.arm_2.controller_manager]: Successful initialization of hardware 'arm_2_XArmGripperSystem'
[gz-1] [INFO] [1788462118.442417616] [cite.cell_a.arm_2.controller_manager]: Activating component 'arm_2_XArmGripperSystem'.
[gz-1] [INFO] [1788462118.442430776] [resource_manager]: 'configure' hardware 'arm_2_XArmGripperSystem' 
[gz-1] [INFO] [1788462118.442432930] [cite.cell_a.arm_2.gz_ros_control]: System Successfully configured!
[gz-1] [INFO] [1788462118.442437200] [resource_manager]: Successful 'configure' of hardware 'arm_2_XArmGripperSystem'
[gz-1] [INFO] [1788462118.442440507] [resource_manager]: 'activate' hardware 'arm_2_XArmGripperSystem' 
[gz-1] [INFO] [1788462118.442444125] [resource_manager]: Successful 'activate' of hardware 'arm_2_XArmGripperSystem'
[gz-1] [INFO] [1788462118.442461801] [cite.cell_a.arm_2.controller_manager]: Activating component 'arm_2_gz_ros2_control/GazeboSimSystem'.
[gz-1] [INFO] [1788462118.442465208] [resource_manager]: 'configure' hardware 'arm_2_gz_ros2_control/GazeboSimSystem' 
[gz-1] [INFO] [1788462118.442466763] [cite.cell_a.arm_2.gz_ros_control]: System Successfully configured!
[gz-1] [INFO] [1788462118.442471952] [resource_manager]: Successful 'configure' of hardware 'arm_2_gz_ros2_control/GazeboSimSystem'
[gz-1] [INFO] [1788462118.442476860] [resource_manager]: 'activate' hardware 'arm_2_gz_ros2_control/GazeboSimSystem' 
[gz-1] [INFO] [1788462118.442480256] [resource_manager]: Successful 'activate' of hardware 'arm_2_gz_ros2_control/GazeboSimSystem'
[gz-1] [WARN] [1788462118.442496379] [cite.cell_a.arm_2.controller_manager]: Component 'arm_2_XArmGripperSystem' does not have read or write statistics initialized, skipping registration.
[gz-1] [WARN] [1788462118.442501929] [cite.cell_a.arm_2.controller_manager]: Component 'arm_2_gz_ros2_control/GazeboSimSystem' does not have read or write statistics initialized, skipping registration.
[gz-1] [INFO] [1788462118.442509291] [cite.cell_a.arm_2.controller_manager]: Resource Manager has been successfully initialized. Starting Controller Manager services...
[gz-1] [1;33mWarning [parser_urdf.cc:1170][0m multiple inconsistent <self_collide> exists due to fixed joint reduction overwriting previous value [1] with [0].
[gz-1] [1;31m[Err] [SystemLoader.cc:92] [0m[1;31mFailed to load system plugin [[0m[1;31mlibgazebo_mimic_joint_plugin.so[0m[1;31m] : Could not find shared library.[0m[1;31m[0m
[gz-1] [1;31m[Err] [SystemLoader.cc:92] [0m[1;31mFailed to load system plugin [[0m[1;31mlibgazebo_mimic_joint_plugin.so[0m[1;31m] : Could not find shared library.[0m[1;31m[0m
[gz-1] [1;31m[Err] [SystemLoader.cc:92] [0m[1;31mFailed to load system plugin [[0m[1;31mlibgazebo_mimic_joint_plugin.so[0m[1;31m] : Could not find shared library.[0m[1;31m[0m
[gz-1] [1;31m[Err] [SystemLoader.cc:92] [0m[1;31mFailed to load system plugin [[0m[1;31mlibgazebo_mimic_joint_plugin.so[0m[1;31m] : Could not find shared library.[0m[1;31m[0m
[gz-1] [1;31m[Err] [SystemLoader.cc:92] [0m[1;31mFailed to load system plugin [[0m[1;31mlibgazebo_mimic_joint_plugin.so[0m[1;31m] : Could not find shared library.[0m[1;31m[0m
[gz-1] [INFO] [1788462120.477945704] [cite.cell_a.arm_3.gz_ros_control]: [gz_ros2_control] Fixed joint ['arm_3_mount_world_anchor'] (Entity='188') is skipped.
[gz-1] [INFO] [1788462120.479639920] [cite.cell_a.arm_3.gz_ros_control]: Loading controller_manager
[gz-1] [INFO] [1788462120.494925342] [cite.cell_a.arm_3.controller_manager]: Using ROS clock for triggering controller manager cycles.
[gz-1] [INFO] [1788462120.495829308] [cite.cell_a.arm_3.controller_manager]: Subscribing to '/cite/cell_a/arm_3/robot_description' topic for robot description.
[gz-1] [WARN] [1788462120.496756340] [cite.cell_a.arm_3.gz_ros_control]: Waiting RM to load and initialize hardware...
[gz-1] [INFO] [1788462120.506068260] [cite.cell_a.arm_3.controller_manager]: Received robot description from topic.
[gz-1] [INFO] [1788462120.507805087] [cite.cell_a.arm_3.gz_ros_control]: Using JointLimiter for joint 'arm_3_joint5' in hardware 'arm_3_gz_ros2_control/GazeboSimSystem' : '  has position limits: true [-6.28319, 6.28319]
[gz-1]   has velocity limits: true [3.14]
[gz-1]   has acceleration limits: false [nan]
[gz-1]   has deceleration limits: false [nan]
[gz-1]   has jerk limits: false [nan]
[gz-1]   has effort limits: true [20]
[gz-1]   angle wraparound: false'
[gz-1] [INFO] [1788462120.507824286] [cite.cell_a.arm_3.gz_ros_control]: Creating JointSaturationLimiter for joint 'arm_3_joint5' in hardware 'arm_3_gz_ros2_control/GazeboSimSystem'
[gz-1] [INFO] [1788462120.507837755] [cite.cell_a.arm_3.gz_ros_control]: Using JointLimiter for joint 'arm_3_joint3' in hardware 'arm_3_gz_ros2_control/GazeboSimSystem' : '  has position limits: true [-3.927, 0.19198]
[gz-1]   has velocity limits: true [3.14]
[gz-1]   has acceleration limits: false [nan]
[gz-1]   has deceleration limits: false [nan]
[gz-1]   has jerk limits: false [nan]
[gz-1]   has effort limits: true [30]
[gz-1]   angle wraparound: false'
[gz-1] [INFO] [1788462120.507844617] [cite.cell_a.arm_3.gz_ros_control]: Creating JointSaturationLimiter for joint 'arm_3_joint3' in hardware 'arm_3_gz_ros2_control/GazeboSimSystem'
[gz-1] [INFO] [1788462120.507853644] [cite.cell_a.arm_3.gz_ros_control]: Using JointLimiter for joint 'arm_3_joint4' in hardware 'arm_3_gz_ros2_control/GazeboSimSystem' : '  has position limits: true [-1.69297, 3.14159]
[gz-1]   has velocity limits: true [3.14]
[gz-1]   has acceleration limits: false [nan]
[gz-1]   has deceleration limits: false [nan]
[gz-1]   has jerk limits: false [nan]
[gz-1]   has effort limits: true [20]
[gz-1]   angle wraparound: false'
[gz-1] [INFO] [1788462120.507878379] [cite.cell_a.arm_3.gz_ros_control]: Creating JointSaturationLimiter for joint 'arm_3_joint4' in hardware 'arm_3_gz_ros2_control/GazeboSimSystem'
[gz-1] [INFO] [1788462120.507890303] [cite.cell_a.arm_3.gz_ros_control]: Using JointLimiter for joint 'arm_3_joint2' in hardware 'arm_3_gz_ros2_control/GazeboSimSystem' : '  has position limits: true [-2.059, 2.0944]
[gz-1]   has velocity limits: true [3.14]
[gz-1]   has acceleration limits: false [nan]
[gz-1]   has deceleration limits: false [nan]
[gz-1]   has jerk limits: false [nan]
[gz-1]   has effort limits: true [50]
[gz-1]   angle wraparound: false'
[gz-1] [INFO] [1788462120.507896996] [cite.cell_a.arm_3.gz_ros_control]: Creating JointSaturationLimiter for joint 'arm_3_joint2' in hardware 'arm_3_gz_ros2_control/GazeboSimSystem'
[gz-1] [INFO] [1788462120.507905917] [cite.cell_a.arm_3.gz_ros_control]: Using JointLimiter for joint 'arm_3_joint1' in hardware 'arm_3_gz_ros2_control/GazeboSimSystem' : '  has position limits: true [-6.28319, 6.28319]
[gz-1]   has velocity limits: true [3.14]
[gz-1]   has acceleration limits: false [nan]
[gz-1]   has deceleration limits: false [nan]
[gz-1]   has jerk limits: false [nan]
[gz-1]   has effort limits: true [50]
[gz-1]   angle wraparound: false'
[gz-1] [INFO] [1788462120.507911921] [cite.cell_a.arm_3.gz_ros_control]: Creating JointSaturationLimiter for joint 'arm_3_joint1' in hardware 'arm_3_gz_ros2_control/GazeboSimSystem'
[gz-1] [INFO] [1788462120.507921996] [cite.cell_a.arm_3.gz_ros_control]: Using JointLimiter for joint 'arm_3_right_inner_knuckle_joint' in hardware 'arm_3_XArmGripperSystem' : '  has position limits: true [0, 0.85]
[gz-1]   has velocity limits: true [2]
[gz-1]   has acceleration limits: false [nan]
[gz-1]   has deceleration limits: false [nan]
[gz-1]   has jerk limits: false [nan]
[gz-1]   has effort limits: true [50]
[gz-1]   angle wraparound: false'
[gz-1] [INFO] [1788462120.507928113] [cite.cell_a.arm_3.gz_ros_control]: Creating JointSaturationLimiter for joint 'arm_3_right_inner_knuckle_joint' in hardware 'arm_3_XArmGripperSystem'
[gz-1] [INFO] [1788462120.507938925] [cite.cell_a.arm_3.gz_ros_control]: Using JointLimiter for joint 'arm_3_right_finger_joint' in hardware 'arm_3_XArmGripperSystem' : '  has position limits: true [0, 0.85]
[gz-1]   has velocity limits: true [2]
[gz-1]   has acceleration limits: false [nan]
[gz-1]   has deceleration limits: false [nan]
[gz-1]   has jerk limits: false [nan]
[gz-1]   has effort limits: true [50]
[gz-1]   angle wraparound: false'
[gz-1] [INFO] [1788462120.507945083] [cite.cell_a.arm_3.gz_ros_control]: Creating JointSaturationLimiter for joint 'arm_3_right_finger_joint' in hardware 'arm_3_XArmGripperSystem'
[gz-1] [INFO] [1788462120.507954961] [cite.cell_a.arm_3.gz_ros_control]: Using JointLimiter for joint 'arm_3_right_outer_knuckle_joint' in hardware 'arm_3_XArmGripperSystem' : '  has position limits: true [0, 0.85]
[gz-1]   has velocity limits: true [2]
[gz-1]   has acceleration limits: false [nan]
[gz-1]   has deceleration limits: false [nan]
[gz-1]   has jerk limits: false [nan]
[gz-1]   has effort limits: true [50]
[gz-1]   angle wraparound: false'
[gz-1] [INFO] [1788462120.507968512] [cite.cell_a.arm_3.gz_ros_control]: Creating JointSaturationLimiter for joint 'arm_3_right_outer_knuckle_joint' in hardware 'arm_3_XArmGripperSystem'
[gz-1] [INFO] [1788462120.507978662] [cite.cell_a.arm_3.gz_ros_control]: Using JointLimiter for joint 'arm_3_left_inner_knuckle_joint' in hardware 'arm_3_XArmGripperSystem' : '  has position limits: true [0, 0.85]
[gz-1]   has velocity limits: true [2]
[gz-1]   has acceleration limits: false [nan]
[gz-1]   has deceleration limits: false [nan]
[gz-1]   has jerk limits: false [nan]
[gz-1]   has effort limits: true [50]
[gz-1]   angle wraparound: false'
[gz-1] [INFO] [1788462120.507984423] [cite.cell_a.arm_3.gz_ros_control]: Creating JointSaturationLimiter for joint 'arm_3_left_inner_knuckle_joint' in hardware 'arm_3_XArmGripperSystem'
[gz-1] [INFO] [1788462120.507993257] [cite.cell_a.arm_3.gz_ros_control]: Using JointLimiter for joint 'arm_3_left_finger_joint' in hardware 'arm_3_XArmGripperSystem' : '  has position limits: true [0, 0.85]
[gz-1]   has velocity limits: true [2]
[gz-1]   has acceleration limits: false [nan]
[gz-1]   has deceleration limits: false [nan]
[gz-1]   has jerk limits: false [nan]
[gz-1]   has effort limits: true [50]
[gz-1]   angle wraparound: false'
[gz-1] [INFO] [1788462120.508003588] [cite.cell_a.arm_3.gz_ros_control]: Creating JointSaturationLimiter for joint 'arm_3_left_finger_joint' in hardware 'arm_3_XArmGripperSystem'
[gz-1] [INFO] [1788462120.508014443] [cite.cell_a.arm_3.gz_ros_control]: Using JointLimiter for joint 'arm_3_drive_joint' in hardware 'arm_3_XArmGripperSystem' : '  has position limits: true [0, 0.85]
[gz-1]   has velocity limits: true [1]
[gz-1]   has acceleration limits: false [nan]
[gz-1]   has deceleration limits: false [nan]
[gz-1]   has jerk limits: false [nan]
[gz-1]   has effort limits: true [50]
[gz-1]   angle wraparound: false'
[gz-1] [INFO] [1788462120.508020725] [cite.cell_a.arm_3.gz_ros_control]: Creating JointSaturationLimiter for joint 'arm_3_drive_joint' in hardware 'arm_3_XArmGripperSystem'
[gz-1] [INFO] [1788462120.508031798] [cite.cell_a.arm_3.controller_manager]: Enforcing command limits is enabled...
[gz-1] [INFO] [1788462120.510386196] [cite.cell_a.arm_3.gz_ros_control]: The position_proportional_gain has been set to: 0.1
[gz-1] [INFO] [1788462120.510425849] [cite.cell_a.arm_3.gz_ros_control]: Loading joint: arm_3_joint1
[gz-1] [INFO] [1788462120.510434763] [cite.cell_a.arm_3.gz_ros_control]: 	State:
[gz-1] [INFO] [1788462120.510440116] [cite.cell_a.arm_3.gz_ros_control]: 		 position
[gz-1] [INFO] [1788462120.510445040] [cite.cell_a.arm_3.gz_ros_control]: 		 velocity
[gz-1] [INFO] [1788462120.510450840] [cite.cell_a.arm_3.gz_ros_control]: 	Command:
[gz-1] [INFO] [1788462120.510456043] [cite.cell_a.arm_3.gz_ros_control]: 		 position
[gz-1] [INFO] [1788462120.510467634] [cite.cell_a.arm_3.gz_ros_control]: 		 velocity
[gz-1] [INFO] [1788462120.510479734] [cite.cell_a.arm_3.gz_ros_control]: Loading joint: arm_3_joint2
[gz-1] [INFO] [1788462120.510484982] [cite.cell_a.arm_3.gz_ros_control]: 	State:
[gz-1] [INFO] [1788462120.510489495] [cite.cell_a.arm_3.gz_ros_control]: 		 position
[gz-1] [INFO] [1788462120.510501808] [cite.cell_a.arm_3.gz_ros_control]: 		 velocity
[gz-1] [INFO] [1788462120.510506606] [cite.cell_a.arm_3.gz_ros_control]: 	Command:
[gz-1] [INFO] [1788462120.510511092] [cite.cell_a.arm_3.gz_ros_control]: 		 position
[gz-1] [INFO] [1788462120.510522488] [cite.cell_a.arm_3.gz_ros_control]: 		 velocity
[gz-1] [INFO] [1788462120.510532577] [cite.cell_a.arm_3.gz_ros_control]: Loading joint: arm_3_joint3
[gz-1] [INFO] [1788462120.510537459] [cite.cell_a.arm_3.gz_ros_control]: 	State:
[gz-1] [INFO] [1788462120.510542007] [cite.cell_a.arm_3.gz_ros_control]: 		 position
[gz-1] [INFO] [1788462120.510547209] [cite.cell_a.arm_3.gz_ros_control]: 		 velocity
[gz-1] [INFO] [1788462120.510551458] [cite.cell_a.arm_3.gz_ros_control]: 	Command:
[gz-1] [INFO] [1788462120.510555419] [cite.cell_a.arm_3.gz_ros_control]: 		 position
[gz-1] [INFO] [1788462120.510563433] [cite.cell_a.arm_3.gz_ros_control]: 		 velocity
[gz-1] [INFO] [1788462120.510572867] [cite.cell_a.arm_3.gz_ros_control]: Loading joint: arm_3_joint4
[gz-1] [INFO] [1788462120.510577599] [cite.cell_a.arm_3.gz_ros_control]: 	State:
[gz-1] [INFO] [1788462120.510581511] [cite.cell_a.arm_3.gz_ros_control]: 		 position
[gz-1] [INFO] [1788462120.510585657] [cite.cell_a.arm_3.gz_ros_control]: 		 velocity
[gz-1] [INFO] [1788462120.510590020] [cite.cell_a.arm_3.gz_ros_control]: 	Command:
[gz-1] [INFO] [1788462120.510594158] [cite.cell_a.arm_3.gz_ros_control]: 		 position
[gz-1] [INFO] [1788462120.510601197] [cite.cell_a.arm_3.gz_ros_control]: 		 velocity
[gz-1] [INFO] [1788462120.510611153] [cite.cell_a.arm_3.gz_ros_control]: Loading joint: arm_3_joint5
[gz-1] [INFO] [1788462120.510616338] [cite.cell_a.arm_3.gz_ros_control]: 	State:
[gz-1] [INFO] [1788462120.510620581] [cite.cell_a.arm_3.gz_ros_control]: 		 position
[gz-1] [INFO] [1788462120.510626094] [cite.cell_a.arm_3.gz_ros_control]: 		 velocity
[gz-1] [INFO] [1788462120.510630661] [cite.cell_a.arm_3.gz_ros_control]: 	Command:
[gz-1] [INFO] [1788462120.510634901] [cite.cell_a.arm_3.gz_ros_control]: 		 position
[gz-1] [INFO] [1788462120.510643975] [cite.cell_a.arm_3.gz_ros_control]: 		 velocity
[gz-1] [INFO] [1788462120.510679904] [cite.cell_a.arm_3.controller_manager]: Initialize hardware 'arm_3_gz_ros2_control/GazeboSimSystem' 
[gz-1] [WARN] [1788462120.510696629] [cite.cell_a.arm_3.controller_manager.hardware_component.system.arm_3_gz_ros2_control/GazeboSimSystem]: Executor is not available during hardware component initialization for 'arm_3_gz_ros2_control/GazeboSimSystem'. Skipping node creation!
[gz-1] [INFO] [1788462120.510751364] [cite.cell_a.arm_3.controller_manager]: Successful initialization of hardware 'arm_3_gz_ros2_control/GazeboSimSystem'
[gz-1] [INFO] [1788462120.510921450] [cite.cell_a.arm_3.gz_ros_control]: The position_proportional_gain has been set to: 0.1
[gz-1] [INFO] [1788462120.510944987] [cite.cell_a.arm_3.gz_ros_control]: Loading joint: arm_3_drive_joint
[gz-1] [INFO] [1788462120.510951873] [cite.cell_a.arm_3.gz_ros_control]: 	State:
[gz-1] [INFO] [1788462120.510957143] [cite.cell_a.arm_3.gz_ros_control]: 		 position
[gz-1] [INFO] [1788462120.510962214] [cite.cell_a.arm_3.gz_ros_control]: 		 velocity
[gz-1] [INFO] [1788462120.510967706] [cite.cell_a.arm_3.gz_ros_control]: 	Command:
[gz-1] [INFO] [1788462120.510972543] [cite.cell_a.arm_3.gz_ros_control]: 		 position
[gz-1] [INFO] [1788462120.510982305] [cite.cell_a.arm_3.gz_ros_control]: 		 velocity
[gz-1] [INFO] [1788462120.510995142] [cite.cell_a.arm_3.gz_ros_control]: Loading joint: arm_3_left_finger_joint
[gz-1] [INFO] [1788462120.511002430] [cite.cell_a.arm_3.gz_ros_control]: Joint 'arm_3_left_finger_joint'is mimicking joint 'arm_3_drive_joint' with multiplier: 1 and offset: 0
[gz-1] [INFO] [1788462120.511008216] [cite.cell_a.arm_3.gz_ros_control]: 	State:
[gz-1] [INFO] [1788462120.511012916] [cite.cell_a.arm_3.gz_ros_control]: 		 position
[gz-1] [INFO] [1788462120.511018128] [cite.cell_a.arm_3.gz_ros_control]: 		 velocity
[gz-1] [INFO] [1788462120.511023049] [cite.cell_a.arm_3.gz_ros_control]: 	Command:
[gz-1] [INFO] [1788462120.511039159] [cite.cell_a.arm_3.gz_ros_control]: Loading joint: arm_3_left_inner_knuckle_joint
[gz-1] [INFO] [1788462120.511046178] [cite.cell_a.arm_3.gz_ros_control]: Joint 'arm_3_left_inner_knuckle_joint'is mimicking joint 'arm_3_drive_joint' with multiplier: 1 and offset: 0
[gz-1] [INFO] [1788462120.511051369] [cite.cell_a.arm_3.gz_ros_control]: 	State:
[gz-1] [INFO] [1788462120.511055673] [cite.cell_a.arm_3.gz_ros_control]: 		 position
[gz-1] [INFO] [1788462120.511060882] [cite.cell_a.arm_3.gz_ros_control]: 		 velocity
[gz-1] [INFO] [1788462120.511066239] [cite.cell_a.arm_3.gz_ros_control]: 	Command:
[gz-1] [INFO] [1788462120.511075777] [cite.cell_a.arm_3.gz_ros_control]: Loading joint: arm_3_right_outer_knuckle_joint
[gz-1] [INFO] [1788462120.511082210] [cite.cell_a.arm_3.gz_ros_control]: Joint 'arm_3_right_outer_knuckle_joint'is mimicking joint 'arm_3_drive_joint' with multiplier: 1 and offset: 0
[gz-1] [INFO] [1788462120.511087335] [cite.cell_a.arm_3.gz_ros_control]: 	State:
[gz-1] [INFO] [1788462120.511091762] [cite.cell_a.arm_3.gz_ros_control]: 		 position
[gz-1] [INFO] [1788462120.511096478] [cite.cell_a.arm_3.gz_ros_control]: 		 velocity
[gz-1] [INFO] [1788462120.511105289] [cite.cell_a.arm_3.gz_ros_control]: 	Command:
[gz-1] [INFO] [1788462120.511115206] [cite.cell_a.arm_3.gz_ros_control]: Loading joint: arm_3_right_finger_joint
[gz-1] [INFO] [1788462120.511122334] [cite.cell_a.arm_3.gz_ros_control]: Joint 'arm_3_right_finger_joint'is mimicking joint 'arm_3_drive_joint' with multiplier: 1 and offset: 0
[gz-1] [INFO] [1788462120.511127491] [cite.cell_a.arm_3.gz_ros_control]: 	State:
[gz-1] [INFO] [1788462120.511132266] [cite.cell_a.arm_3.gz_ros_control]: 		 position
[gz-1] [INFO] [1788462120.511138462] [cite.cell_a.arm_3.gz_ros_control]: 		 velocity
[gz-1] [INFO] [1788462120.511143382] [cite.cell_a.arm_3.gz_ros_control]: 	Command:
[gz-1] [INFO] [1788462120.511152997] [cite.cell_a.arm_3.gz_ros_control]: Loading joint: arm_3_right_inner_knuckle_joint
[gz-1] [INFO] [1788462120.511159406] [cite.cell_a.arm_3.gz_ros_control]: Joint 'arm_3_right_inner_knuckle_joint'is mimicking joint 'arm_3_drive_joint' with multiplier: 1 and offset: 0
[gz-1] [INFO] [1788462120.511164670] [cite.cell_a.arm_3.gz_ros_control]: 	State:
[gz-1] [INFO] [1788462120.511169292] [cite.cell_a.arm_3.gz_ros_control]: 		 position
[gz-1] [INFO] [1788462120.511174300] [cite.cell_a.arm_3.gz_ros_control]: 		 velocity
[gz-1] [INFO] [1788462120.511179008] [cite.cell_a.arm_3.gz_ros_control]: 	Command:
[gz-1] [INFO] [1788462120.511201349] [cite.cell_a.arm_3.controller_manager]: Initialize hardware 'arm_3_XArmGripperSystem' 
[gz-1] [WARN] [1788462120.511211327] [cite.cell_a.arm_3.controller_manager.hardware_component.system.arm_3_XArmGripperSystem]: Executor is not available during hardware component initialization for 'arm_3_XArmGripperSystem'. Skipping node creation!
[gz-1] [INFO] [1788462120.511246913] [cite.cell_a.arm_3.controller_manager]: Successful initialization of hardware 'arm_3_XArmGripperSystem'
[gz-1] [INFO] [1788462120.511401275] [cite.cell_a.arm_3.controller_manager]: Activating component 'arm_3_XArmGripperSystem'.
[gz-1] [INFO] [1788462120.511414201] [resource_manager]: 'configure' hardware 'arm_3_XArmGripperSystem' 
[gz-1] [INFO] [1788462120.511418059] [cite.cell_a.arm_3.gz_ros_control]: System Successfully configured!
[gz-1] [INFO] [1788462120.511424087] [resource_manager]: Successful 'configure' of hardware 'arm_3_XArmGripperSystem'
[gz-1] [INFO] [1788462120.511428876] [resource_manager]: 'activate' hardware 'arm_3_XArmGripperSystem' 
[gz-1] [INFO] [1788462120.511433970] [resource_manager]: Successful 'activate' of hardware 'arm_3_XArmGripperSystem'
[gz-1] [INFO] [1788462120.511454451] [cite.cell_a.arm_3.controller_manager]: Activating component 'arm_3_gz_ros2_control/GazeboSimSystem'.
[gz-1] [INFO] [1788462120.511461409] [resource_manager]: 'configure' hardware 'arm_3_gz_ros2_control/GazeboSimSystem' 
[gz-1] [INFO] [1788462120.511464246] [cite.cell_a.arm_3.gz_ros_control]: System Successfully configured!
[gz-1] [INFO] [1788462120.511470327] [resource_manager]: Successful 'configure' of hardware 'arm_3_gz_ros2_control/GazeboSimSystem'
[gz-1] [INFO] [1788462120.511475887] [resource_manager]: 'activate' hardware 'arm_3_gz_ros2_control/GazeboSimSystem' 
[gz-1] [INFO] [1788462120.511479769] [resource_manager]: Successful 'activate' of hardware 'arm_3_gz_ros2_control/GazeboSimSystem'
[gz-1] [WARN] [1788462120.511495554] [cite.cell_a.arm_3.controller_manager]: Component 'arm_3_XArmGripperSystem' does not have read or write statistics initialized, skipping registration.
[gz-1] [WARN] [1788462120.511503417] [cite.cell_a.arm_3.controller_manager]: Component 'arm_3_gz_ros2_control/GazeboSimSystem' does not have read or write statistics initialized, skipping registration.
[gz-1] [INFO] [1788462120.511511685] [cite.cell_a.arm_3.controller_manager]: Resource Manager has been successfully initialized. Starting Controller Manager services...
[gz-1] [1;31m[Err] [Physics.cc:1808] [0m[1;31mAttempting to create a mimic constraint for joint [[0m[1;31marm_1_left_finger_joint[0m[1;31m] but the chosen physics engine does not support [0m[1;31mmimic constraints, so no constraint will be [0m[1;31mcreated.[0m[1;31m[0m
[detection_server-18] [INFO] [1788462122.535992802] [cite.cell_a.detection.detection_server]: 'beam_pick' first reported CLEAR
[detection_server-18] [INFO] [1788462122.536112431] [cite.cell_a.detection.detection_server]: 'beam_c3_out' first reported CLEAR
[detection_server-18] [INFO] [1788462122.536173549] [cite.cell_a.detection.detection_server]: 'beam_c2_out' first reported CLEAR
[detection_server-18] [INFO] [1788462122.536220706] [cite.cell_a.detection.detection_server]: 'beam_c1_out' first reported CLEAR
[gz-1] [WARN] [1788462122.538135136] [cite.cell_a.arm_1.gz_ros_control]:  Desired controller update period (0.00666667 s) is slower than the gazebo simulation period (0.001 s).
[gz-1] [WARN] [1788462122.538278743] [cite.cell_a.arm_2.gz_ros_control]:  Desired controller update period (0.00666667 s) is slower than the gazebo simulation period (0.001 s).
[gz-1] [WARN] [1788462122.538335085] [cite.cell_a.arm_3.gz_ros_control]:  Desired controller update period (0.00666667 s) is slower than the gazebo simulation period (0.001 s).
[gz-1] [INFO] [1788462122.543145828] [cite.cell_a.arm_1.controller_manager]: Successfully switched controllers!
[spawner-14] [INFO] [1788462122.551301261] [spawn_arm_1_stage0]: Configured and activated arm_1_joint_state_broadcaster
[INFO] [spawner-14]: process has finished cleanly [pid 117]
[INFO] [spawner-19]: process started with pid [590]
[spawner-19] [INFO] [1788462123.423726980] [spawn_arm_1_stage1]: waiting for service /cite/cell_a/arm_1/controller_manager/list_controllers to become available...
[gz-1] [INFO] [1788462124.806945521] [cite.cell_a.arm_1.controller_manager]: Loading controller : 'arm_1_gripper_controller' of type 'position_controllers/GripperActionController'
[gz-1] [INFO] [1788462124.807017931] [cite.cell_a.arm_1.controller_manager]: Loading controller 'arm_1_gripper_controller'
[gz-1] [INFO] [1788462124.809858547] [cite.cell_a.arm_1.controller_manager]: Controller 'arm_1_gripper_controller' node arguments: --ros-args --params-file /workspace/workspace/install/cite_generated/share/cite_generated/control/cell_a_arm_1_controllers.yaml -p use_sim_time:=true --param use_sim_time:=true 
[gz-1] [WARN] [1788462124.821412616] [cite.cell_a.arm_1.arm_1_gripper_controller]: [Deprecated]: the `position_controllers/GripperActionController` and `effort_controllers::GripperActionController` controllers are replaced by 'parallel_gripper_controllers/GripperActionController' controller
[spawner-19] [INFO] [1788462124.826732980] [spawn_arm_1_stage1]: Loaded arm_1_gripper_controller
[gz-1] [INFO] [1788462124.828193400] [cite.cell_a.arm_1.controller_manager]: Configuring controller: 'arm_1_gripper_controller'
[gz-1] [INFO] [1788462124.828264946] [cite.cell_a.arm_1.arm_1_gripper_controller]: Action status changes will be monitored at 20.000000 Hz.
[gz-1] [INFO] [1788462124.834108317] [cite.cell_a.arm_1.controller_manager]: Activating controllers: [ arm_1_gripper_controller ]
[gz-1] [INFO] [1788462124.909531294] [cite.cell_a.arm_1.controller_manager]: Successfully switched controllers!
[spawner-19] [INFO] [1788462124.917489917] [spawn_arm_1_stage1]: Configured and activated arm_1_gripper_controller
[gz-1] [INFO] [1788462124.918275823] [cite.cell_a.arm_1.controller_manager]: Loading controller : 'arm_1_joint_trajectory_controller' of type 'joint_trajectory_controller/JointTrajectoryController'
[gz-1] [INFO] [1788462124.918295126] [cite.cell_a.arm_1.controller_manager]: Loading controller 'arm_1_joint_trajectory_controller'
[gz-1] [INFO] [1788462124.921626947] [cite.cell_a.arm_1.controller_manager]: Controller 'arm_1_joint_trajectory_controller' node arguments: --ros-args --params-file /workspace/workspace/install/cite_generated/share/cite_generated/control/cell_a_arm_1_controllers.yaml -p use_sim_time:=true --param use_sim_time:=true 
[spawner-19] [INFO] [1788462125.017504165] [spawn_arm_1_stage1]: Loaded arm_1_joint_trajectory_controller
[gz-1] [INFO] [1788462125.017883827] [cite.cell_a.arm_1.controller_manager]: Configuring controller: 'arm_1_joint_trajectory_controller'
[gz-1] [INFO] [1788462125.018117999] [cite.cell_a.arm_1.arm_1_joint_trajectory_controller]: No specific joint names are used for command interfaces. Using 'joints' parameter.
[gz-1] [INFO] [1788462125.018150598] [cite.cell_a.arm_1.arm_1_joint_trajectory_controller]: Command interfaces are [position] and state interfaces are [position velocity].
[gz-1] [INFO] [1788462125.018177964] [cite.cell_a.arm_1.arm_1_joint_trajectory_controller]: Using 'splines' interpolation method.
[gz-1] [INFO] [1788462125.020904927] [cite.cell_a.arm_1.arm_1_joint_trajectory_controller]: Action status changes will be monitored at 20.00 Hz.
[gz-1] [INFO] [1788462125.026464644] [cite.cell_a.arm_1.arm_1_joint_trajectory_controller]: Setting initial scaling factor to 1.000000
[gz-1] [INFO] [1788462125.026490978] [cite.cell_a.arm_1.arm_1_joint_trajectory_controller]: No scaling interface set. This controller will not read speed scaling from the hardware.
[gz-1] [INFO] [1788462125.030919554] [cite.cell_a.arm_1.controller_manager]: Activating controllers: [ arm_1_joint_trajectory_controller ]
[gz-1] [INFO] [1788462125.107472911] [cite.cell_a.arm_1.controller_manager]: Successfully switched controllers!
[spawner-19] [INFO] [1788462125.114988332] [spawn_arm_1_stage1]: Configured and activated arm_1_joint_trajectory_controller
[INFO] [spawner-19]: process has finished cleanly [pid 590]
[INFO] [spawner-20]: process started with pid [614]
[spawner-20] [INFO] [1788462125.938603392] [spawn_arm_2_stage0]: waiting for service /cite/cell_a/arm_2/controller_manager/list_controllers to become available...
[gz-1] [INFO] [1788462128.457898568] [cite.cell_a.arm_2.controller_manager]: Loading controller : 'arm_2_joint_state_broadcaster' of type 'joint_state_broadcaster/JointStateBroadcaster'
[gz-1] [INFO] [1788462128.457941568] [cite.cell_a.arm_2.controller_manager]: Loading controller 'arm_2_joint_state_broadcaster'
[gz-1] [INFO] [1788462128.458807255] [cite.cell_a.arm_2.controller_manager]: Controller 'arm_2_joint_state_broadcaster' node arguments: --ros-args --params-file /workspace/workspace/install/cite_generated/share/cite_generated/control/cell_a_arm_2_controllers.yaml -p use_sim_time:=true --param use_sim_time:=true 
[spawner-20] [INFO] [1788462128.512657501] [spawn_arm_2_stage0]: Loaded arm_2_joint_state_broadcaster
[gz-1] [INFO] [1788462128.513933995] [cite.cell_a.arm_2.controller_manager]: Configuring controller: 'arm_2_joint_state_broadcaster'
[gz-1] [INFO] [1788462128.513990566] [cite.cell_a.arm_2.arm_2_joint_state_broadcaster]: 'joints' or 'interfaces' parameter is empty. All available state interfaces will be published
[gz-1] [INFO] [1788462128.519457055] [cite.cell_a.arm_2.controller_manager]: Activating controllers: [ arm_2_joint_state_broadcaster ]
[gz-1] [INFO] [1788462128.525040251] [cite.cell_a.arm_2.controller_manager]: Successfully switched controllers!
[spawner-20] [INFO] [1788462128.533160859] [spawn_arm_2_stage0]: Configured and activated arm_2_joint_state_broadcaster
[INFO] [spawner-20]: process has finished cleanly [pid 614]
[INFO] [spawner-21]: process started with pid [632]
[spawner-21] [INFO] [1788462129.427013876] [spawn_arm_2_stage1]: waiting for service /cite/cell_a/arm_2/controller_manager/list_controllers to become available...
[gz-1] [INFO] [1788462132.705994947] [cite.cell_a.arm_2.controller_manager]: Loading controller : 'arm_2_gripper_controller' of type 'position_controllers/GripperActionController'
[gz-1] [INFO] [1788462132.706049085] [cite.cell_a.arm_2.controller_manager]: Loading controller 'arm_2_gripper_controller'
[gz-1] [INFO] [1788462132.706694972] [cite.cell_a.arm_2.controller_manager]: Controller 'arm_2_gripper_controller' node arguments: --ros-args --params-file /workspace/workspace/install/cite_generated/share/cite_generated/control/cell_a_arm_2_controllers.yaml -p use_sim_time:=true --param use_sim_time:=true 
[gz-1] [WARN] [1788462132.721536934] [cite.cell_a.arm_2.arm_2_gripper_controller]: [Deprecated]: the `position_controllers/GripperActionController` and `effort_controllers::GripperActionController` controllers are replaced by 'parallel_gripper_controllers/GripperActionController' controller
[spawner-21] [INFO] [1788462132.728762278] [spawn_arm_2_stage1]: Loaded arm_2_gripper_controller
[gz-1] [INFO] [1788462132.730123333] [cite.cell_a.arm_2.controller_manager]: Configuring controller: 'arm_2_gripper_controller'
[gz-1] [INFO] [1788462132.730178449] [cite.cell_a.arm_2.arm_2_gripper_controller]: Action status changes will be monitored at 20.000000 Hz.
[gz-1] [INFO] [1788462132.736448438] [cite.cell_a.arm_2.controller_manager]: Activating controllers: [ arm_2_gripper_controller ]
[gz-1] [INFO] [1788462132.812828412] [cite.cell_a.arm_2.controller_manager]: Successfully switched controllers!
[spawner-21] [INFO] [1788462132.820840843] [spawn_arm_2_stage1]: Configured and activated arm_2_gripper_controller
[gz-1] [INFO] [1788462132.821607937] [cite.cell_a.arm_2.controller_manager]: Loading controller : 'arm_2_joint_trajectory_controller' of type 'joint_trajectory_controller/JointTrajectoryController'
[gz-1] [INFO] [1788462132.821628757] [cite.cell_a.arm_2.controller_manager]: Loading controller 'arm_2_joint_trajectory_controller'
[gz-1] [INFO] [1788462132.822096221] [cite.cell_a.arm_2.controller_manager]: Controller 'arm_2_joint_trajectory_controller' node arguments: --ros-args --params-file /workspace/workspace/install/cite_generated/share/cite_generated/control/cell_a_arm_2_controllers.yaml -p use_sim_time:=true --param use_sim_time:=true 
[spawner-21] [INFO] [1788462132.917930347] [spawn_arm_2_stage1]: Loaded arm_2_joint_trajectory_controller
[gz-1] [INFO] [1788462132.918259765] [cite.cell_a.arm_2.controller_manager]: Configuring controller: 'arm_2_joint_trajectory_controller'
[gz-1] [INFO] [1788462132.918463106] [cite.cell_a.arm_2.arm_2_joint_trajectory_controller]: No specific joint names are used for command interfaces. Using 'joints' parameter.
[gz-1] [INFO] [1788462132.918489757] [cite.cell_a.arm_2.arm_2_joint_trajectory_controller]: Command interfaces are [position] and state interfaces are [position velocity].
[gz-1] [INFO] [1788462132.918501945] [cite.cell_a.arm_2.arm_2_joint_trajectory_controller]: Using 'splines' interpolation method.
[gz-1] [INFO] [1788462132.920465513] [cite.cell_a.arm_2.arm_2_joint_trajectory_controller]: Action status changes will be monitored at 20.00 Hz.
[gz-1] [INFO] [1788462132.925081955] [cite.cell_a.arm_2.arm_2_joint_trajectory_controller]: Setting initial scaling factor to 1.000000
[gz-1] [INFO] [1788462132.925105477] [cite.cell_a.arm_2.arm_2_joint_trajectory_controller]: No scaling interface set. This controller will not read speed scaling from the hardware.
[gz-1] [INFO] [1788462133.007690586] [cite.cell_a.arm_2.controller_manager]: Activating controllers: [ arm_2_joint_trajectory_controller ]
[gz-1] [INFO] [1788462133.013699830] [cite.cell_a.arm_2.controller_manager]: Successfully switched controllers!
[spawner-21] [INFO] [1788462133.021550043] [spawn_arm_2_stage1]: Configured and activated arm_2_joint_trajectory_controller
[INFO] [spawner-21]: process has finished cleanly [pid 632]
[INFO] [spawner-22]: process started with pid [657]
[spawner-22] [INFO] [1788462133.857476950] [spawn_arm_3_stage0]: waiting for service /cite/cell_a/arm_3/controller_manager/list_controllers to become available...
[gz-1] [INFO] [1788462135.406885592] [cite.cell_a.arm_3.controller_manager]: Loading controller : 'arm_3_joint_state_broadcaster' of type 'joint_state_broadcaster/JointStateBroadcaster'
[gz-1] [INFO] [1788462135.406921852] [cite.cell_a.arm_3.controller_manager]: Loading controller 'arm_3_joint_state_broadcaster'
[gz-1] [INFO] [1788462135.407871682] [cite.cell_a.arm_3.controller_manager]: Controller 'arm_3_joint_state_broadcaster' node arguments: --ros-args --params-file /workspace/workspace/install/cite_generated/share/cite_generated/control/cell_a_arm_3_controllers.yaml -p use_sim_time:=true --param use_sim_time:=true 
[spawner-22] [INFO] [1788462135.429684282] [spawn_arm_3_stage0]: Loaded arm_3_joint_state_broadcaster
[gz-1] [INFO] [1788462135.431197944] [cite.cell_a.arm_3.controller_manager]: Configuring controller: 'arm_3_joint_state_broadcaster'
[gz-1] [INFO] [1788462135.431261420] [cite.cell_a.arm_3.arm_3_joint_state_broadcaster]: 'joints' or 'interfaces' parameter is empty. All available state interfaces will be published
[gz-1] [INFO] [1788462135.509728952] [cite.cell_a.arm_3.controller_manager]: Activating controllers: [ arm_3_joint_state_broadcaster ]
[gz-1] [INFO] [1788462135.515289175] [cite.cell_a.arm_3.controller_manager]: Successfully switched controllers!
[spawner-22] [INFO] [1788462135.522970477] [spawn_arm_3_stage0]: Configured and activated arm_3_joint_state_broadcaster
[INFO] [spawner-22]: process has finished cleanly [pid 657]
[INFO] [spawner-23]: process started with pid [675]
[spawner-23] [INFO] [1788462136.508387196] [spawn_arm_3_stage1]: waiting for service /cite/cell_a/arm_3/controller_manager/list_controllers to become available...
[gz-1] [INFO] [1788462137.761772856] [cite.cell_a.arm_3.controller_manager]: Loading controller : 'arm_3_gripper_controller' of type 'position_controllers/GripperActionController'
[gz-1] [INFO] [1788462137.761814383] [cite.cell_a.arm_3.controller_manager]: Loading controller 'arm_3_gripper_controller'
[gz-1] [INFO] [1788462137.762265945] [cite.cell_a.arm_3.controller_manager]: Controller 'arm_3_gripper_controller' node arguments: --ros-args --params-file /workspace/workspace/install/cite_generated/share/cite_generated/control/cell_a_arm_3_controllers.yaml -p use_sim_time:=true --param use_sim_time:=true 
[gz-1] [WARN] [1788462137.820402438] [cite.cell_a.arm_3.arm_3_gripper_controller]: [Deprecated]: the `position_controllers/GripperActionController` and `effort_controllers::GripperActionController` controllers are replaced by 'parallel_gripper_controllers/GripperActionController' controller
[spawner-23] [INFO] [1788462137.824519995] [spawn_arm_3_stage1]: Loaded arm_3_gripper_controller
[gz-1] [INFO] [1788462137.826005321] [cite.cell_a.arm_3.controller_manager]: Configuring controller: 'arm_3_gripper_controller'
[gz-1] [INFO] [1788462137.826067792] [cite.cell_a.arm_3.arm_3_gripper_controller]: Action status changes will be monitored at 20.000000 Hz.
[gz-1] [INFO] [1788462137.831609150] [cite.cell_a.arm_3.controller_manager]: Activating controllers: [ arm_3_gripper_controller ]
[gz-1] [INFO] [1788462137.908982115] [cite.cell_a.arm_3.controller_manager]: Successfully switched controllers!
[spawner-23] [INFO] [1788462137.917106652] [spawn_arm_3_stage1]: Configured and activated arm_3_gripper_controller
[gz-1] [INFO] [1788462137.917876038] [cite.cell_a.arm_3.controller_manager]: Loading controller : 'arm_3_joint_trajectory_controller' of type 'joint_trajectory_controller/JointTrajectoryController'
[gz-1] [INFO] [1788462137.917900906] [cite.cell_a.arm_3.controller_manager]: Loading controller 'arm_3_joint_trajectory_controller'
[gz-1] [INFO] [1788462137.918589161] [cite.cell_a.arm_3.controller_manager]: Controller 'arm_3_joint_trajectory_controller' node arguments: --ros-args --params-file /workspace/workspace/install/cite_generated/share/cite_generated/control/cell_a_arm_3_controllers.yaml -p use_sim_time:=true --param use_sim_time:=true 
[spawner-23] [INFO] [1788462138.017665919] [spawn_arm_3_stage1]: Loaded arm_3_joint_trajectory_controller
[gz-1] [INFO] [1788462138.018099981] [cite.cell_a.arm_3.controller_manager]: Configuring controller: 'arm_3_joint_trajectory_controller'
[gz-1] [INFO] [1788462138.018266826] [cite.cell_a.arm_3.arm_3_joint_trajectory_controller]: No specific joint names are used for command interfaces. Using 'joints' parameter.
[gz-1] [INFO] [1788462138.018285086] [cite.cell_a.arm_3.arm_3_joint_trajectory_controller]: Command interfaces are [position] and state interfaces are [position velocity].
[gz-1] [INFO] [1788462138.018292598] [cite.cell_a.arm_3.arm_3_joint_trajectory_controller]: Using 'splines' interpolation method.
[gz-1] [INFO] [1788462138.020200217] [cite.cell_a.arm_3.arm_3_joint_trajectory_controller]: Action status changes will be monitored at 20.00 Hz.
[gz-1] [INFO] [1788462138.025332904] [cite.cell_a.arm_3.arm_3_joint_trajectory_controller]: Setting initial scaling factor to 1.000000
[gz-1] [INFO] [1788462138.025356006] [cite.cell_a.arm_3.arm_3_joint_trajectory_controller]: No scaling interface set. This controller will not read speed scaling from the hardware.
[gz-1] [INFO] [1788462138.113505668] [cite.cell_a.arm_3.controller_manager]: Activating controllers: [ arm_3_joint_trajectory_controller ]
[gz-1] [INFO] [1788462138.119720002] [cite.cell_a.arm_3.controller_manager]: Successfully switched controllers!
[spawner-23] [INFO] [1788462138.127839669] [spawn_arm_3_stage1]: Configured and activated arm_3_joint_trajectory_controller
[INFO] [spawner-23]: process has finished cleanly [pid 675]
[INFO] [planning_scene_loader.py-24]: process started with pid [693]
[planning_scene_loader.py-24] [INFO] [1788462140.335151971] [cite.cell_a.arm_1.load_planning_scene_arm_1]: loaded 12 collision object(s) for zone 'cell_a' in cite_world
[INFO] [planning_scene_loader.py-24]: process has finished cleanly [pid 693]
[INFO] [planning_scene_loader.py-25]: process started with pid [708]
[planning_scene_loader.py-25] [INFO] [1788462144.028389886] [cite.cell_a.arm_2.load_planning_scene_arm_2]: loaded 12 collision object(s) for zone 'cell_a' in cite_world
[INFO] [planning_scene_loader.py-25]: process has finished cleanly [pid 708]
[INFO] [planning_scene_loader.py-26]: process started with pid [729]
[planning_scene_loader.py-26] [INFO] [1788462146.526298378] [cite.cell_a.arm_3.load_planning_scene_arm_3]: loaded 12 collision object(s) for zone 'cell_a' in cite_world
[INFO] [planning_scene_loader.py-26]: process has finished cleanly [pid 729]
[INFO] [skill_server-27]: process started with pid [750]
[INFO] [skill_server-28]: process started with pid [751]
[INFO] [skill_server-29]: process started with pid [752]
[INFO] [readiness_witness.py-30]: process started with pid [753]
[skill_server-29] [WARN] [1788462148.812959299] [rcl.logging_rosout]: Publisher already registered for node name: 'skill_server'. If this is due to multiple nodes with the same name then all logs for the logger named 'cite.cell_a.arm_3.skill_server' will go out over the existing publisher. As soon as any node with that name is destructed it will unregister the publisher, preventing any further logs for that name from being published on the rosout topic.
[skill_server-29] [INFO] [1788462148.821476494] [cite.cell_a.arm_3.skill_server.moveit.ros.rdf_loader]: Loaded robot model in 0 seconds
[skill_server-29] [INFO] [1788462148.821613092] [cite.cell_a.arm_3.skill_server.moveit.core.robot_model]: Loading robot model 'arm_3'...
[skill_server-29] [INFO] [1788462148.821639368] [cite.cell_a.arm_3.skill_server.moveit.core.robot_model]: No root/virtual joint specified in SRDF. Assuming fixed joint
[skill_server-27] [WARN] [1788462148.825098114] [rcl.logging_rosout]: Publisher already registered for node name: 'skill_server'. If this is due to multiple nodes with the same name then all logs for the logger named 'cite.cell_a.arm_1.skill_server' will go out over the existing publisher. As soon as any node with that name is destructed it will unregister the publisher, preventing any further logs for that name from being published on the rosout topic.
[skill_server-28] [WARN] [1788462148.826914045] [rcl.logging_rosout]: Publisher already registered for node name: 'skill_server'. If this is due to multiple nodes with the same name then all logs for the logger named 'cite.cell_a.arm_2.skill_server' will go out over the existing publisher. As soon as any node with that name is destructed it will unregister the publisher, preventing any further logs for that name from being published on the rosout topic.
[skill_server-29] [INFO] [1788462148.910656003] [cite.cell_a.arm_3.skill_server.moveit.kinematics.kdl_kinematics_plugin]: Joint weights for group 'arm_3_xarm5': 1 1 1 1 1
[skill_server-27] [INFO] [1788462148.912807829] [cite.cell_a.arm_1.skill_server.moveit.ros.rdf_loader]: Loaded robot model in 0 seconds
[skill_server-27] [INFO] [1788462148.912895136] [cite.cell_a.arm_1.skill_server.moveit.core.robot_model]: Loading robot model 'arm_1'...
[skill_server-27] [INFO] [1788462148.912915002] [cite.cell_a.arm_1.skill_server.moveit.core.robot_model]: No root/virtual joint specified in SRDF. Assuming fixed joint
[skill_server-27] [INFO] [1788462148.925318475] [cite.cell_a.arm_1.skill_server.moveit.kinematics.kdl_kinematics_plugin]: Joint weights for group 'arm_1_xarm5': 1 1 1 1 1
[skill_server-28] [INFO] [1788462149.310427069] [cite.cell_a.arm_2.skill_server.moveit.ros.rdf_loader]: Loaded robot model in 0 seconds
[skill_server-28] [INFO] [1788462149.310513087] [cite.cell_a.arm_2.skill_server.moveit.core.robot_model]: Loading robot model 'arm_2'...
[skill_server-28] [INFO] [1788462149.310527520] [cite.cell_a.arm_2.skill_server.moveit.core.robot_model]: No root/virtual joint specified in SRDF. Assuming fixed joint
[skill_server-28] [INFO] [1788462149.322305578] [cite.cell_a.arm_2.skill_server.moveit.kinematics.kdl_kinematics_plugin]: Joint weights for group 'arm_2_xarm5': 1 1 1 1 1
[readiness_witness.py-30] [INFO] [1788462149.818853095] [readiness_witness]: waiting for 16 action server(s) on side 'plant'
[skill_server-27] [INFO] [1788462149.920975157] [cite.cell_a.arm_1.skill_server.moveit.ros.move_group_interface]: Ready to take commands for planning group arm_1_xarm5.
[skill_server-27] [INFO] [1788462149.921017514] [cite.cell_a.arm_1.skill_server]: planning for group 'arm_1_xarm5' with end effector 'arm_1_link_tcp' (planning frame 'arm_1_mount')
[skill_server-27] [INFO] [1788462149.921024975] [cite.cell_a.arm_1.skill_server]: planner: pilz_industrial_motion_planner/PTP, falling back to ompl (its own default planner) (ADR-0027)
[skill_server-28] [INFO] [1788462150.206152541] [cite.cell_a.arm_2.skill_server.moveit.ros.move_group_interface]: Ready to take commands for planning group arm_2_xarm5.
[skill_server-28] [INFO] [1788462150.206219778] [cite.cell_a.arm_2.skill_server]: planning for group 'arm_2_xarm5' with end effector 'arm_2_link_tcp' (planning frame 'arm_2_mount')
[skill_server-28] [INFO] [1788462150.206227554] [cite.cell_a.arm_2.skill_server]: planner: pilz_industrial_motion_planner/PTP, falling back to ompl (its own default planner) (ADR-0027)
[skill_server-27] [INFO] [1788462150.211559447] [cite.cell_a.arm_1.skill_server]: skills for arm_1 are accepting goals
[skill_server-29] [INFO] [1788462150.218359503] [cite.cell_a.arm_3.skill_server.moveit.ros.move_group_interface]: Ready to take commands for planning group arm_3_xarm5.
[skill_server-29] [INFO] [1788462150.218409883] [cite.cell_a.arm_3.skill_server]: planning for group 'arm_3_xarm5' with end effector 'arm_3_link_tcp' (planning frame 'arm_3_mount')
[skill_server-29] [INFO] [1788462150.218417807] [cite.cell_a.arm_3.skill_server]: planner: pilz_industrial_motion_planner/PTP, falling back to ompl (its own default planner) (ADR-0027)
[skill_server-29] [INFO] [1788462150.411791036] [cite.cell_a.arm_3.skill_server]: skills for arm_3 are accepting goals
[skill_server-28] [INFO] [1788462150.419615927] [cite.cell_a.arm_2.skill_server]: skills for arm_2 are accepting goals
CITE_TIMING {"scenario": "pick_and_place", "test": "test_the_behaviour_tree_picks_and_places_the_workpiece", "what": "the skill server, and therefore the whole stack beneath it", "ceiling_s": 300.0, "elapsed_s": 36.595, "spins": 24, "monotonic_s": 30170.813}
CITE_TIMING {"scenario": "pick_and_place", "test": "test_the_behaviour_tree_picks_and_places_the_workpiece", "what": "a transform from cite_world to cell_a__table_pick__surface", "ceiling_s": 300.0, "elapsed_s": 0.014, "spins": 5, "monotonic_s": 30170.832}
CITE_TIMING {"scenario": "pick_and_place", "test": "test_the_behaviour_tree_picks_and_places_the_workpiece", "what": "a transform from cite_world to cell_a__conveyor_1__infeed", "ceiling_s": 300.0, "elapsed_s": 0.0, "spins": 0, "monotonic_s": 30170.832}
[detection_server-18] [INFO] [1788462151.752607566] [cite.cell_a.detection.detection_server]: 'beam_pick' BLOCKED after 14.77 s
[readiness_witness.py-30] [INFO] [1788462152.612366420] [readiness_witness]: serving: /cite/cell_a/arm_1/move_to
[readiness_witness.py-30] [INFO] [1788462152.716293930] [readiness_witness]: serving: /cite/cell_a/arm_1/pick
[readiness_witness.py-30] [INFO] [1788462152.807005064] [readiness_witness]: serving: /cite/cell_a/arm_1/place
[readiness_witness.py-30] [INFO] [1788462152.815827481] [readiness_witness]: serving: /cite/cell_a/arm_1/grasp
[readiness_witness.py-30] [INFO] [1788462152.909717961] [readiness_witness]: serving: /cite/cell_a/arm_1/transfer
[readiness_witness.py-30] [INFO] [1788462152.918981880] [readiness_witness]: serving: /cite/cell_a/arm_2/move_to
[readiness_witness.py-30] [INFO] [1788462153.015196321] [readiness_witness]: serving: /cite/cell_a/arm_2/pick
[readiness_witness.py-30] [INFO] [1788462153.110644364] [readiness_witness]: serving: /cite/cell_a/arm_2/place
[readiness_witness.py-30] [INFO] [1788462153.119304808] [readiness_witness]: serving: /cite/cell_a/arm_2/grasp
[readiness_witness.py-30] [INFO] [1788462153.216758081] [readiness_witness]: serving: /cite/cell_a/arm_2/transfer
[readiness_witness.py-30] [INFO] [1788462153.309764277] [readiness_witness]: serving: /cite/cell_a/arm_3/move_to
[readiness_witness.py-30] [INFO] [1788462153.319012375] [readiness_witness]: serving: /cite/cell_a/arm_3/pick
[readiness_witness.py-30] [INFO] [1788462153.323423655] [readiness_witness]: serving: /cite/cell_a/arm_3/place
[readiness_witness.py-30] [INFO] [1788462153.412848188] [readiness_witness]: serving: /cite/cell_a/arm_3/grasp
[readiness_witness.py-30] [INFO] [1788462153.420356169] [readiness_witness]: serving: /cite/cell_a/arm_3/transfer
[readiness_witness.py-30] [INFO] [1788462153.424782892] [readiness_witness]: serving: /cite/cell_a/detection/detect
[INFO] [readiness_witness.py-30]: process has finished cleanly [pid 753]
[INFO] [launch.user]: CITE_SIDE_READY side=plant zone=cell_a
CITE_TIMING {"scenario": "pick_and_place", "test": "test_the_behaviour_tree_picks_and_places_the_workpiece", "what": "the work-piece to settle", "ceiling_s": 60.0, "elapsed_s": 2.115, "spins": 0, "monotonic_s": 30174.329}
[skill_server-27] [INFO] [1788462156.326373468] [cite.cell_a.arm_1.skill_server.moveit.ros.move_group_interface]: MoveGroup action client/server ready
[move_group-15] [INFO] [1788462156.326854118] [cite.cell_a.arm_1.move_group.moveit.ros.move_group.move_action]: MoveGroupMoveAction: Received request
[skill_server-27] [INFO] [1788462156.327001492] [cite.cell_a.arm_1.skill_server.moveit.ros.move_group_interface]: Planning request accepted
[move_group-15] [INFO] [1788462156.327126120] [cite.cell_a.arm_1.move_group.moveit.ros.move_group.move_action]: executing..
[move_group-15] [INFO] [1788462156.406259104] [cite.cell_a.arm_1.move_group.moveit.ros.move_group.move_action]: Planning request received for MoveGroup action. Forwarding to planning pipeline.
[move_group-15] [INFO] [1788462156.406310093] [cite.cell_a.arm_1.move_group.moveit.ros.move_group.capability]: Using planning pipeline 'pilz_industrial_motion_planner'
[move_group-15] [INFO] [1788462156.406558315] [cite.cell_a.arm_1.move_group]: Calling PlanningRequestAdapter 'ResolveConstraintFrames'
[move_group-15] [INFO] [1788462156.406586510] [cite.cell_a.arm_1.move_group]: Calling PlanningRequestAdapter 'ValidateWorkspaceBounds'
[move_group-15] [WARN] [1788462156.406591104] [cite.cell_a.arm_1.move_group.moveit.ros.validate_workspace_bounds]: It looks like the planning volume was not specified. Using default values.
[move_group-15] [INFO] [1788462156.406599093] [cite.cell_a.arm_1.move_group]: Calling PlanningRequestAdapter 'CheckStartStateBounds'
[move_group-15] [INFO] [1788462156.406617915] [cite.cell_a.arm_1.move_group]: Calling PlanningRequestAdapter 'CheckStartStateCollision'
[move_group-15] [INFO] [1788462156.407978661] [cite.cell_a.arm_1.move_group.moveit.planners.pilz.trajectory_generator.ptp]: Initialized Point-to-Point Trajectory Generator.
[move_group-15] [INFO] [1788462156.408006402] [cite.cell_a.arm_1.move_group]: Calling Planner 'Pilz Industrial Motion Planner'
[move_group-15] [INFO] [1788462156.408028970] [cite.cell_a.arm_1.move_group.moveit.planners.pilz.trajectory_generator]: Generating PTP trajectory...
[move_group-15] [INFO] [1788462156.408637515] [cite.cell_a.arm_1.move_group]: Calling PlanningResponseAdapter 'ValidateSolution'
[move_group-15] [INFO] [1788462156.434324628] [cite.cell_a.arm_1.move_group]: Calling PlanningResponseAdapter 'DisplayMotionPath'
[move_group-15] [INFO] [1788462156.434528664] [cite.cell_a.arm_1.move_group.moveit.ros.move_group.move_action]: Motion plan was computed successfully.
[skill_server-27] [INFO] [1788462156.434878045] [cite.cell_a.arm_1.skill_server.moveit.ros.move_group_interface]: Planning request complete!
[skill_server-27] [INFO] [1788462156.505126137] [cite.cell_a.arm_1.skill_server.moveit.ros.move_group_interface]: time taken to generate plan: 0.000493101 seconds
[move_group-15] [INFO] [1788462156.506176723] [cite.cell_a.arm_1.move_group.moveit.ros.move_group.clear_octomap_service]: Execution request received
[skill_server-27] [INFO] [1788462156.506214002] [cite.cell_a.arm_1.skill_server.moveit.ros.move_group_interface]: Execute request accepted
[move_group-15] [INFO] [1788462156.506238579] [cite.cell_a.arm_1.move_group.moveit.plugins.simple_controller_manager]: Returned 2 controllers in list
[move_group-15] [INFO] [1788462156.506259702] [cite.cell_a.arm_1.move_group.moveit.plugins.simple_controller_manager]: Returned 2 controllers in list
[move_group-15] [INFO] [1788462156.506358598] [cite.cell_a.arm_1.move_group.moveit.ros.trajectory_execution_manager]: Validating trajectory with allowed_start_tolerance 0.01
[move_group-15] [INFO] [1788462156.510614110] [cite.cell_a.arm_1.move_group.moveit.ros.trajectory_execution_manager]: Starting trajectory execution ...
[move_group-15] [INFO] [1788462156.510679463] [cite.cell_a.arm_1.move_group.moveit.plugins.simple_controller_manager]: Returned 2 controllers in list
[move_group-15] [INFO] [1788462156.510710158] [cite.cell_a.arm_1.move_group.moveit.plugins.simple_controller_manager]: Returned 2 controllers in list
[move_group-15] [INFO] [1788462156.511021036] [moveit.simple_controller_manager.follow_joint_trajectory_controller_handle]: sending trajectory to arm_1_joint_trajectory_controller
[gz-1] [INFO] [1788462156.511367013] [cite.cell_a.arm_1.arm_1_joint_trajectory_controller]: Received new action goal
[gz-1] [INFO] [1788462156.511415648] [cite.cell_a.arm_1.arm_1_joint_trajectory_controller]: Accepted new action goal
[move_group-15] [INFO] [1788462156.511600557] [moveit.simple_controller_manager.follow_joint_trajectory_controller_handle]: arm_1_joint_trajectory_controller started execution
[move_group-15] [INFO] [1788462156.511616925] [moveit.simple_controller_manager.follow_joint_trajectory_controller_handle]: Goal request accepted!
[gz-1] [INFO] [1788462172.537367010] [cite.cell_a.arm_1.arm_1_joint_trajectory_controller]: Goal reached, success!
[move_group-15] [INFO] [1788462172.605302346] [moveit.simple_controller_manager.follow_joint_trajectory_controller_handle]: Controller 'arm_1_joint_trajectory_controller' successfully finished
[move_group-15] [INFO] [1788462172.607504647] [cite.cell_a.arm_1.move_group.moveit.ros.trajectory_execution_manager]: Completed trajectory execution with status SUCCEEDED ...
[move_group-15] [INFO] [1788462172.607632134] [cite.cell_a.arm_1.move_group.moveit.ros.move_group.clear_octomap_service]: Execution completed: SUCCEEDED
[skill_server-27] [INFO] [1788462172.607901153] [cite.cell_a.arm_1.skill_server.moveit.ros.move_group_interface]: Execute request success!
[skill_server-27] [INFO] [1788462172.609916467] [cite.cell_a.arm_1.skill_server.moveit.ros.current_state_monitor]: Listening to joint states on topic 'joint_states'
[gz-1] [INFO] [1788462172.624351817] [cite.cell_a.arm_1.arm_1_gripper_controller]: Received & accepted new action goal
[skill_server-27] [INFO] [1788462172.705383450] [cite.cell_a.arm_1.skill_server]: gripper: commanded 88.9 mm, reached 88.9 mm, stalled=false, reached_goal=true, effort=60.0 -> empty
[skill_server-27] [INFO] [1788462172.712011999] [cite.cell_a.arm_1.skill_server.moveit.ros.move_group_interface]: MoveGroup action client/server ready
[move_group-15] [INFO] [1788462172.712194648] [cite.cell_a.arm_1.move_group.moveit.ros.move_group.move_action]: MoveGroupMoveAction: Received request
[move_group-15] [INFO] [1788462172.712353498] [cite.cell_a.arm_1.move_group.moveit.ros.move_group.move_action]: executing..
[skill_server-27] [INFO] [1788462172.712309265] [cite.cell_a.arm_1.skill_server.moveit.ros.move_group_interface]: Planning request accepted
[move_group-15] [INFO] [1788462172.718492099] [cite.cell_a.arm_1.move_group.moveit.ros.move_group.move_action]: Planning request received for MoveGroup action. Forwarding to planning pipeline.
[move_group-15] [INFO] [1788462172.718537121] [cite.cell_a.arm_1.move_group.moveit.ros.move_group.capability]: Using planning pipeline 'pilz_industrial_motion_planner'
[move_group-15] [INFO] [1788462172.718678428] [cite.cell_a.arm_1.move_group]: Calling PlanningRequestAdapter 'ResolveConstraintFrames'
[move_group-15] [INFO] [1788462172.718701743] [cite.cell_a.arm_1.move_group]: Calling PlanningRequestAdapter 'ValidateWorkspaceBounds'
[move_group-15] [WARN] [1788462172.718707370] [cite.cell_a.arm_1.move_group.moveit.ros.validate_workspace_bounds]: It looks like the planning volume was not specified. Using default values.
[move_group-15] [INFO] [1788462172.718720792] [cite.cell_a.arm_1.move_group]: Calling PlanningRequestAdapter 'CheckStartStateBounds'
[move_group-15] [INFO] [1788462172.718738196] [cite.cell_a.arm_1.move_group]: Calling PlanningRequestAdapter 'CheckStartStateCollision'
[move_group-15] [INFO] [1788462172.718830296] [cite.cell_a.arm_1.move_group.moveit.planners.pilz.trajectory_generator.ptp]: Initialized Point-to-Point Trajectory Generator.
[move_group-15] [INFO] [1788462172.718855502] [cite.cell_a.arm_1.move_group]: Calling Planner 'Pilz Industrial Motion Planner'
[move_group-15] [INFO] [1788462172.718869732] [cite.cell_a.arm_1.move_group.moveit.planners.pilz.trajectory_generator]: Generating PTP trajectory...
[move_group-15] [INFO] [1788462172.719112587] [cite.cell_a.arm_1.move_group]: Calling PlanningResponseAdapter 'ValidateSolution'
[move_group-15] [INFO] [1788462172.720034146] [cite.cell_a.arm_1.move_group]: Calling PlanningResponseAdapter 'DisplayMotionPath'
[move_group-15] [INFO] [1788462172.720170927] [cite.cell_a.arm_1.move_group.moveit.ros.move_group.move_action]: Motion plan was computed successfully.
[skill_server-27] [INFO] [1788462172.720323842] [cite.cell_a.arm_1.skill_server.moveit.ros.move_group_interface]: Planning request complete!
[skill_server-27] [INFO] [1788462172.720601662] [cite.cell_a.arm_1.skill_server.moveit.ros.move_group_interface]: time taken to generate plan: 0.000183941 seconds
[move_group-15] [INFO] [1788462172.721056557] [cite.cell_a.arm_1.move_group.moveit.ros.move_group.clear_octomap_service]: Execution request received
[skill_server-27] [INFO] [1788462172.721063661] [cite.cell_a.arm_1.skill_server.moveit.ros.move_group_interface]: Execute request accepted
[move_group-15] [INFO] [1788462172.721085913] [cite.cell_a.arm_1.move_group.moveit.plugins.simple_controller_manager]: Returned 2 controllers in list
[move_group-15] [INFO] [1788462172.721098777] [cite.cell_a.arm_1.move_group.moveit.plugins.simple_controller_manager]: Returned 2 controllers in list
[move_group-15] [INFO] [1788462172.721133802] [cite.cell_a.arm_1.move_group.moveit.ros.trajectory_execution_manager]: Validating trajectory with allowed_start_tolerance 0.01
[move_group-15] [INFO] [1788462172.725354114] [cite.cell_a.arm_1.move_group.moveit.ros.trajectory_execution_manager]: Starting trajectory execution ...
[move_group-15] [INFO] [1788462172.725393328] [cite.cell_a.arm_1.move_group.moveit.plugins.simple_controller_manager]: Returned 2 controllers in list
[move_group-15] [INFO] [1788462172.725408874] [cite.cell_a.arm_1.move_group.moveit.plugins.simple_controller_manager]: Returned 2 controllers in list
[move_group-15] [INFO] [1788462172.725738392] [moveit.simple_controller_manager.follow_joint_trajectory_controller_handle]: sending trajectory to arm_1_joint_trajectory_controller
[gz-1] [INFO] [1788462172.725902043] [cite.cell_a.arm_1.arm_1_joint_trajectory_controller]: Received new action goal
[gz-1] [INFO] [1788462172.725928272] [cite.cell_a.arm_1.arm_1_joint_trajectory_controller]: Accepted new action goal
[move_group-15] [INFO] [1788462172.726015635] [moveit.simple_controller_manager.follow_joint_trajectory_controller_handle]: arm_1_joint_trajectory_controller started execution
[move_group-15] [INFO] [1788462172.726024395] [moveit.simple_controller_manager.follow_joint_trajectory_controller_handle]: Goal request accepted!
[gz-1] [INFO] [1788462187.518104108] [cite.cell_a.arm_1.arm_1_joint_trajectory_controller]: Goal reached, success!
[move_group-15] [INFO] [1788462187.526236231] [moveit.simple_controller_manager.follow_joint_trajectory_controller_handle]: Controller 'arm_1_joint_trajectory_controller' successfully finished
[move_group-15] [INFO] [1788462187.532211137] [cite.cell_a.arm_1.move_group.moveit.ros.trajectory_execution_manager]: Completed trajectory execution with status SUCCEEDED ...
[move_group-15] [INFO] [1788462187.532298948] [cite.cell_a.arm_1.move_group.moveit.ros.move_group.clear_octomap_service]: Execution completed: SUCCEEDED
[skill_server-27] [INFO] [1788462187.532452613] [cite.cell_a.arm_1.skill_server.moveit.ros.move_group_interface]: Execute request success!
[skill_server-27] [INFO] [1788462187.539664585] [cite.cell_a.arm_1.skill_server.moveit.ros.move_group_interface]: MoveGroup action client/server ready
[move_group-15] [INFO] [1788462187.539918163] [cite.cell_a.arm_1.move_group.moveit.ros.move_group.move_action]: MoveGroupMoveAction: Received request
[skill_server-27] [INFO] [1788462187.540033642] [cite.cell_a.arm_1.skill_server.moveit.ros.move_group_interface]: Planning request accepted
[move_group-15] [INFO] [1788462187.540083135] [cite.cell_a.arm_1.move_group.moveit.ros.move_group.move_action]: executing..
[move_group-15] [INFO] [1788462187.609715494] [cite.cell_a.arm_1.move_group.moveit.ros.move_group.move_action]: Planning request received for MoveGroup action. Forwarding to planning pipeline.
[move_group-15] [INFO] [1788462187.609772568] [cite.cell_a.arm_1.move_group.moveit.ros.move_group.capability]: Using planning pipeline 'pilz_industrial_motion_planner'
[move_group-15] [INFO] [1788462187.609919027] [cite.cell_a.arm_1.move_group]: Calling PlanningRequestAdapter 'ResolveConstraintFrames'
[move_group-15] [INFO] [1788462187.609939320] [cite.cell_a.arm_1.move_group]: Calling PlanningRequestAdapter 'ValidateWorkspaceBounds'
[move_group-15] [WARN] [1788462187.609945187] [cite.cell_a.arm_1.move_group.moveit.ros.validate_workspace_bounds]: It looks like the planning volume was not specified. Using default values.
[move_group-15] [INFO] [1788462187.609956756] [cite.cell_a.arm_1.move_group]: Calling PlanningRequestAdapter 'CheckStartStateBounds'
[move_group-15] [INFO] [1788462187.609974181] [cite.cell_a.arm_1.move_group]: Calling PlanningRequestAdapter 'CheckStartStateCollision'
[move_group-15] [INFO] [1788462187.610070210] [cite.cell_a.arm_1.move_group.moveit.planners.pilz.trajectory_generator.ptp]: Initialized Point-to-Point Trajectory Generator.
[move_group-15] [INFO] [1788462187.610093550] [cite.cell_a.arm_1.move_group]: Calling Planner 'Pilz Industrial Motion Planner'
[move_group-15] [INFO] [1788462187.610106357] [cite.cell_a.arm_1.move_group.moveit.planners.pilz.trajectory_generator]: Generating PTP trajectory...
[move_group-15] [INFO] [1788462187.610296903] [cite.cell_a.arm_1.move_group]: Calling PlanningResponseAdapter 'ValidateSolution'
[move_group-15] [INFO] [1788462187.613847443] [cite.cell_a.arm_1.move_group]: Calling PlanningResponseAdapter 'DisplayMotionPath'
[move_group-15] [INFO] [1788462187.613993974] [cite.cell_a.arm_1.move_group.moveit.ros.move_group.move_action]: Motion plan was computed successfully.
[skill_server-27] [INFO] [1788462187.614156781] [cite.cell_a.arm_1.skill_server.moveit.ros.move_group_interface]: Planning request complete!
[skill_server-27] [INFO] [1788462187.614936143] [cite.cell_a.arm_1.skill_server.moveit.ros.move_group_interface]: time taken to generate plan: 0.000128556 seconds
[skill_server-27] [INFO] [1788462187.615396090] [cite.cell_a.arm_1.skill_server.moveit.ros.move_group_interface]: Execute request accepted
[move_group-15] [INFO] [1788462187.615395596] [cite.cell_a.arm_1.move_group.moveit.ros.move_group.clear_octomap_service]: Execution request received
[move_group-15] [INFO] [1788462187.615435140] [cite.cell_a.arm_1.move_group.moveit.plugins.simple_controller_manager]: Returned 2 controllers in list
[move_group-15] [INFO] [1788462187.615453787] [cite.cell_a.arm_1.move_group.moveit.plugins.simple_controller_manager]: Returned 2 controllers in list
[move_group-15] [INFO] [1788462187.615501142] [cite.cell_a.arm_1.move_group.moveit.ros.trajectory_execution_manager]: Validating trajectory with allowed_start_tolerance 0.01
[move_group-15] [INFO] [1788462187.616582703] [cite.cell_a.arm_1.move_group.moveit.ros.trajectory_execution_manager]: Starting trajectory execution ...
[move_group-15] [INFO] [1788462187.616629963] [cite.cell_a.arm_1.move_group.moveit.plugins.simple_controller_manager]: Returned 2 controllers in list
[move_group-15] [INFO] [1788462187.616650689] [cite.cell_a.arm_1.move_group.moveit.plugins.simple_controller_manager]: Returned 2 controllers in list
[move_group-15] [INFO] [1788462187.617051312] [moveit.simple_controller_manager.follow_joint_trajectory_controller_handle]: sending trajectory to arm_1_joint_trajectory_controller
[gz-1] [INFO] [1788462187.617228705] [cite.cell_a.arm_1.arm_1_joint_trajectory_controller]: Received new action goal
[gz-1] [INFO] [1788462187.617253793] [cite.cell_a.arm_1.arm_1_joint_trajectory_controller]: Accepted new action goal
[move_group-15] [INFO] [1788462187.617345267] [moveit.simple_controller_manager.follow_joint_trajectory_controller_handle]: arm_1_joint_trajectory_controller started execution
[move_group-15] [INFO] [1788462187.617354446] [moveit.simple_controller_manager.follow_joint_trajectory_controller_handle]: Goal request accepted!
[gz-1] [INFO] [1788462193.508092319] [cite.cell_a.arm_1.arm_1_joint_trajectory_controller]: Goal reached, success!
[move_group-15] [INFO] [1788462193.517578776] [moveit.simple_controller_manager.follow_joint_trajectory_controller_handle]: Controller 'arm_1_joint_trajectory_controller' successfully finished
[move_group-15] [INFO] [1788462193.522003236] [cite.cell_a.arm_1.move_group.moveit.ros.trajectory_execution_manager]: Completed trajectory execution with status SUCCEEDED ...
[move_group-15] [INFO] [1788462193.522080938] [cite.cell_a.arm_1.move_group.moveit.ros.move_group.clear_octomap_service]: Execution completed: SUCCEEDED
[skill_server-27] [INFO] [1788462193.522249161] [cite.cell_a.arm_1.skill_server.moveit.ros.move_group_interface]: Execute request success!
[gz-1] [INFO] [1788462193.529697757] [cite.cell_a.arm_1.arm_1_gripper_controller]: Received & accepted new action goal
[gz-1] [ERROR] [1788462193.535905821] [cite.cell_a.arm_1.controller_manager]: Command of at least one joint is out of limits (throttled log). Joint: 'arm_1_drive_joint', (actual: [Joint: 'arm_1_drive_joint', position: 0.000036, velocity: -0.000605], command: [Joint: 'arm_1_drive_joint', position: 0.452793], limited: [Joint: 'arm_1_drive_joint', position: 0.006667]) with desired period : 0.006667 sec.
[skill_server-27] [INFO] [1788462208.329912051] [cite.cell_a.arm_1.skill_server]: gripper: commanded 45.0 mm, reached 49.9 mm, stalled=true, reached_goal=false, effort=60.0 -> holding
[skill_server-27] [INFO] [1788462208.339143523] [cite.cell_a.arm_1.skill_server.moveit.ros.move_group_interface]: MoveGroup action client/server ready
[move_group-15] [INFO] [1788462208.339314857] [cite.cell_a.arm_1.move_group.moveit.ros.move_group.move_action]: MoveGroupMoveAction: Received request
[move_group-15] [INFO] [1788462208.339437933] [cite.cell_a.arm_1.move_group.moveit.ros.move_group.move_action]: executing..
[skill_server-27] [INFO] [1788462208.339421400] [cite.cell_a.arm_1.skill_server.moveit.ros.move_group_interface]: Planning request accepted
[move_group-15] [INFO] [1788462208.353414722] [cite.cell_a.arm_1.move_group.moveit.ros.move_group.move_action]: Planning request received for MoveGroup action. Forwarding to planning pipeline.
[move_group-15] [INFO] [1788462208.353461134] [cite.cell_a.arm_1.move_group.moveit.ros.move_group.capability]: Using planning pipeline 'pilz_industrial_motion_planner'
[move_group-15] [INFO] [1788462208.353603229] [cite.cell_a.arm_1.move_group]: Calling PlanningRequestAdapter 'ResolveConstraintFrames'
[move_group-15] [INFO] [1788462208.353623462] [cite.cell_a.arm_1.move_group]: Calling PlanningRequestAdapter 'ValidateWorkspaceBounds'
[move_group-15] [WARN] [1788462208.353628688] [cite.cell_a.arm_1.move_group.moveit.ros.validate_workspace_bounds]: It looks like the planning volume was not specified. Using default values.
[move_group-15] [INFO] [1788462208.353641142] [cite.cell_a.arm_1.move_group]: Calling PlanningRequestAdapter 'CheckStartStateBounds'
[move_group-15] [INFO] [1788462208.353658751] [cite.cell_a.arm_1.move_group]: Calling PlanningRequestAdapter 'CheckStartStateCollision'
[move_group-15] [INFO] [1788462208.354090516] [cite.cell_a.arm_1.move_group.moveit.planners.pilz.trajectory_generator.ptp]: Initialized Point-to-Point Trajectory Generator.
[move_group-15] [INFO] [1788462208.354117067] [cite.cell_a.arm_1.move_group]: Calling Planner 'Pilz Industrial Motion Planner'
[move_group-15] [INFO] [1788462208.354129828] [cite.cell_a.arm_1.move_group.moveit.planners.pilz.trajectory_generator]: Generating PTP trajectory...
[move_group-15] [INFO] [1788462208.354282763] [cite.cell_a.arm_1.move_group]: Calling PlanningResponseAdapter 'ValidateSolution'
[move_group-15] [INFO] [1788462208.405416959] [cite.cell_a.arm_1.move_group]: Calling PlanningResponseAdapter 'DisplayMotionPath'
[move_group-15] [INFO] [1788462208.405540321] [cite.cell_a.arm_1.move_group.moveit.ros.move_group.move_action]: Motion plan was computed successfully.
[skill_server-27] [INFO] [1788462208.405713518] [cite.cell_a.arm_1.skill_server.moveit.ros.move_group_interface]: Planning request complete!
[skill_server-27] [INFO] [1788462208.405804670] [cite.cell_a.arm_1.skill_server.moveit.ros.move_group_interface]: time taken to generate plan: 0.000105925 seconds
[move_group-15] [INFO] [1788462208.406287553] [cite.cell_a.arm_1.move_group.moveit.ros.move_group.clear_octomap_service]: Execution request received
[move_group-15] [INFO] [1788462208.406318668] [cite.cell_a.arm_1.move_group.moveit.plugins.simple_controller_manager]: Returned 2 controllers in list
[move_group-15] [INFO] [1788462208.406332618] [cite.cell_a.arm_1.move_group.moveit.plugins.simple_controller_manager]: Returned 2 controllers in list
[move_group-15] [INFO] [1788462208.406370186] [cite.cell_a.arm_1.move_group.moveit.ros.trajectory_execution_manager]: Validating trajectory with allowed_start_tolerance 0.01
[skill_server-27] [INFO] [1788462208.406322861] [cite.cell_a.arm_1.skill_server.moveit.ros.move_group_interface]: Execute request accepted
[move_group-15] [INFO] [1788462208.417169897] [cite.cell_a.arm_1.move_group.moveit.ros.trajectory_execution_manager]: Starting trajectory execution ...
[move_group-15] [INFO] [1788462208.417263078] [cite.cell_a.arm_1.move_group.moveit.plugins.simple_controller_manager]: Returned 2 controllers in list
[move_group-15] [INFO] [1788462208.417306162] [cite.cell_a.arm_1.move_group.moveit.plugins.simple_controller_manager]: Returned 2 controllers in list
[move_group-15] [INFO] [1788462208.417589394] [moveit.simple_controller_manager.follow_joint_trajectory_controller_handle]: sending trajectory to arm_1_joint_trajectory_controller
[gz-1] [INFO] [1788462208.417694004] [cite.cell_a.arm_1.arm_1_joint_trajectory_controller]: Received new action goal
[gz-1] [INFO] [1788462208.417719428] [cite.cell_a.arm_1.arm_1_joint_trajectory_controller]: Accepted new action goal
[move_group-15] [INFO] [1788462208.417832979] [moveit.simple_controller_manager.follow_joint_trajectory_controller_handle]: arm_1_joint_trajectory_controller started execution
[move_group-15] [INFO] [1788462208.417843551] [moveit.simple_controller_manager.follow_joint_trajectory_controller_handle]: Goal request accepted!
[detection_server-18] [INFO] [1788462212.035887026] [cite.cell_a.detection.detection_server]: 'beam_pick' CLEARED after 19.44 s
[gz-1] [INFO] [1788462217.542871238] [cite.cell_a.arm_1.arm_1_joint_trajectory_controller]: Goal reached, success!
[move_group-15] [INFO] [1788462217.568060445] [moveit.simple_controller_manager.follow_joint_trajectory_controller_handle]: Controller 'arm_1_joint_trajectory_controller' successfully finished
[move_group-15] [INFO] [1788462217.605208062] [cite.cell_a.arm_1.move_group.moveit.ros.trajectory_execution_manager]: Completed trajectory execution with status SUCCEEDED ...
[move_group-15] [INFO] [1788462217.605386578] [cite.cell_a.arm_1.move_group.moveit.ros.move_group.clear_octomap_service]: Execution completed: SUCCEEDED
[skill_server-27] [INFO] [1788462217.605741845] [cite.cell_a.arm_1.skill_server.moveit.ros.move_group_interface]: Execute request success!
[skill_server-27] [INFO] [1788462217.617653804] [cite.cell_a.arm_1.skill_server.moveit.ros.move_group_interface]: MoveGroup action client/server ready
[move_group-15] [INFO] [1788462217.617865597] [cite.cell_a.arm_1.move_group.moveit.ros.move_group.move_action]: MoveGroupMoveAction: Received request
[move_group-15] [INFO] [1788462217.617997854] [cite.cell_a.arm_1.move_group.moveit.ros.move_group.move_action]: executing..
[skill_server-27] [INFO] [1788462217.617962980] [cite.cell_a.arm_1.skill_server.moveit.ros.move_group_interface]: Planning request accepted
[move_group-15] [INFO] [1788462217.629982295] [cite.cell_a.arm_1.move_group.moveit.ros.move_group.move_action]: Planning request received for MoveGroup action. Forwarding to planning pipeline.
[move_group-15] [INFO] [1788462217.630024403] [cite.cell_a.arm_1.move_group.moveit.ros.move_group.capability]: Using planning pipeline 'pilz_industrial_motion_planner'
[move_group-15] [INFO] [1788462217.630151935] [cite.cell_a.arm_1.move_group]: Calling PlanningRequestAdapter 'ResolveConstraintFrames'
[move_group-15] [INFO] [1788462217.630171133] [cite.cell_a.arm_1.move_group]: Calling PlanningRequestAdapter 'ValidateWorkspaceBounds'
[move_group-15] [WARN] [1788462217.630175893] [cite.cell_a.arm_1.move_group.moveit.ros.validate_workspace_bounds]: It looks like the planning volume was not specified. Using default values.
[move_group-15] [INFO] [1788462217.630187100] [cite.cell_a.arm_1.move_group]: Calling PlanningRequestAdapter 'CheckStartStateBounds'
[move_group-15] [INFO] [1788462217.630202382] [cite.cell_a.arm_1.move_group]: Calling PlanningRequestAdapter 'CheckStartStateCollision'
[move_group-15] [INFO] [1788462217.630302923] [cite.cell_a.arm_1.move_group.moveit.planners.pilz.trajectory_generator.ptp]: Initialized Point-to-Point Trajectory Generator.
[move_group-15] [INFO] [1788462217.630328153] [cite.cell_a.arm_1.move_group]: Calling Planner 'Pilz Industrial Motion Planner'
[move_group-15] [INFO] [1788462217.630341723] [cite.cell_a.arm_1.move_group.moveit.planners.pilz.trajectory_generator]: Generating PTP trajectory...
[move_group-15] [INFO] [1788462217.630877284] [cite.cell_a.arm_1.move_group]: Calling PlanningResponseAdapter 'ValidateSolution'
[move_group-15] [INFO] [1788462217.632783885] [cite.cell_a.arm_1.move_group]: Calling PlanningResponseAdapter 'DisplayMotionPath'
[move_group-15] [INFO] [1788462217.633006058] [cite.cell_a.arm_1.move_group.moveit.ros.move_group.move_action]: Motion plan was computed successfully.
[skill_server-27] [INFO] [1788462217.633196312] [cite.cell_a.arm_1.skill_server.moveit.ros.move_group_interface]: Planning request complete!
[skill_server-27] [INFO] [1788462217.633707299] [cite.cell_a.arm_1.skill_server.moveit.ros.move_group_interface]: time taken to generate plan: 0.000398432 seconds
[move_group-15] [INFO] [1788462217.634200252] [cite.cell_a.arm_1.move_group.moveit.ros.move_group.clear_octomap_service]: Execution request received
[skill_server-27] [INFO] [1788462217.634217592] [cite.cell_a.arm_1.skill_server.moveit.ros.move_group_interface]: Execute request accepted
[move_group-15] [INFO] [1788462217.634232830] [cite.cell_a.arm_1.move_group.moveit.plugins.simple_controller_manager]: Returned 2 controllers in list
[move_group-15] [INFO] [1788462217.634246670] [cite.cell_a.arm_1.move_group.moveit.plugins.simple_controller_manager]: Returned 2 controllers in list
[move_group-15] [INFO] [1788462217.634295793] [cite.cell_a.arm_1.move_group.moveit.ros.trajectory_execution_manager]: Validating trajectory with allowed_start_tolerance 0.01
[move_group-15] [INFO] [1788462217.642990240] [cite.cell_a.arm_1.move_group.moveit.ros.trajectory_execution_manager]: Starting trajectory execution ...
[move_group-15] [INFO] [1788462217.643182538] [cite.cell_a.arm_1.move_group.moveit.plugins.simple_controller_manager]: Returned 2 controllers in list
[move_group-15] [INFO] [1788462217.643206081] [cite.cell_a.arm_1.move_group.moveit.plugins.simple_controller_manager]: Returned 2 controllers in list
[move_group-15] [INFO] [1788462217.643492813] [moveit.simple_controller_manager.follow_joint_trajectory_controller_handle]: sending trajectory to arm_1_joint_trajectory_controller
[gz-1] [INFO] [1788462217.643679132] [cite.cell_a.arm_1.arm_1_joint_trajectory_controller]: Received new action goal
[gz-1] [INFO] [1788462217.643706477] [cite.cell_a.arm_1.arm_1_joint_trajectory_controller]: Accepted new action goal
[move_group-15] [INFO] [1788462217.643798345] [moveit.simple_controller_manager.follow_joint_trajectory_controller_handle]: arm_1_joint_trajectory_controller started execution
[move_group-15] [INFO] [1788462217.643806265] [moveit.simple_controller_manager.follow_joint_trajectory_controller_handle]: Goal request accepted!
[gz-1] [INFO] [1788462248.933680833] [cite.cell_a.arm_1.arm_1_joint_trajectory_controller]: Goal reached, success!
[move_group-15] [INFO] [1788462248.943964125] [moveit.simple_controller_manager.follow_joint_trajectory_controller_handle]: Controller 'arm_1_joint_trajectory_controller' successfully finished
[move_group-15] [INFO] [1788462248.946970576] [cite.cell_a.arm_1.move_group.moveit.ros.trajectory_execution_manager]: Completed trajectory execution with status SUCCEEDED ...
[move_group-15] [INFO] [1788462248.947078409] [cite.cell_a.arm_1.move_group.moveit.ros.move_group.clear_octomap_service]: Execution completed: SUCCEEDED
[skill_server-27] [INFO] [1788462248.947246940] [cite.cell_a.arm_1.skill_server.moveit.ros.move_group_interface]: Execute request success!
[skill_server-27] [INFO] [1788462249.010724624] [cite.cell_a.arm_1.skill_server.moveit.ros.move_group_interface]: MoveGroup action client/server ready
[move_group-15] [INFO] [1788462249.010923271] [cite.cell_a.arm_1.move_group.moveit.ros.move_group.move_action]: MoveGroupMoveAction: Received request
[move_group-15] [INFO] [1788462249.011076359] [cite.cell_a.arm_1.move_group.moveit.ros.move_group.move_action]: executing..
[skill_server-27] [INFO] [1788462249.011030463] [cite.cell_a.arm_1.skill_server.moveit.ros.move_group_interface]: Planning request accepted
[move_group-15] [INFO] [1788462249.023853471] [cite.cell_a.arm_1.move_group.moveit.ros.move_group.move_action]: Planning request received for MoveGroup action. Forwarding to planning pipeline.
[move_group-15] [INFO] [1788462249.023900200] [cite.cell_a.arm_1.move_group.moveit.ros.move_group.capability]: Using planning pipeline 'pilz_industrial_motion_planner'
[move_group-15] [INFO] [1788462249.024064014] [cite.cell_a.arm_1.move_group]: Calling PlanningRequestAdapter 'ResolveConstraintFrames'
[move_group-15] [INFO] [1788462249.024081868] [cite.cell_a.arm_1.move_group]: Calling PlanningRequestAdapter 'ValidateWorkspaceBounds'
[move_group-15] [WARN] [1788462249.024087249] [cite.cell_a.arm_1.move_group.moveit.ros.validate_workspace_bounds]: It looks like the planning volume was not specified. Using default values.
[move_group-15] [INFO] [1788462249.024098604] [cite.cell_a.arm_1.move_group]: Calling PlanningRequestAdapter 'CheckStartStateBounds'
[move_group-15] [INFO] [1788462249.024116066] [cite.cell_a.arm_1.move_group]: Calling PlanningRequestAdapter 'CheckStartStateCollision'
[move_group-15] [INFO] [1788462249.024240764] [cite.cell_a.arm_1.move_group.moveit.planners.pilz.trajectory_generator.ptp]: Initialized Point-to-Point Trajectory Generator.
[move_group-15] [INFO] [1788462249.024265671] [cite.cell_a.arm_1.move_group]: Calling Planner 'Pilz Industrial Motion Planner'
[move_group-15] [INFO] [1788462249.024277625] [cite.cell_a.arm_1.move_group.moveit.planners.pilz.trajectory_generator]: Generating PTP trajectory...
[move_group-15] [INFO] [1788462249.024472700] [cite.cell_a.arm_1.move_group]: Calling PlanningResponseAdapter 'ValidateSolution'
[move_group-15] [INFO] [1788462249.025153949] [cite.cell_a.arm_1.move_group]: Calling PlanningResponseAdapter 'DisplayMotionPath'
[move_group-15] [INFO] [1788462249.025267255] [cite.cell_a.arm_1.move_group.moveit.ros.move_group.move_action]: Motion plan was computed successfully.
[skill_server-27] [INFO] [1788462249.025459991] [cite.cell_a.arm_1.skill_server.moveit.ros.move_group_interface]: Planning request complete!
[skill_server-27] [INFO] [1788462249.025623828] [cite.cell_a.arm_1.skill_server.moveit.ros.move_group_interface]: time taken to generate plan: 0.000130839 seconds
[move_group-15] [INFO] [1788462249.026114167] [cite.cell_a.arm_1.move_group.moveit.ros.move_group.clear_octomap_service]: Execution request received
[skill_server-27] [INFO] [1788462249.026134354] [cite.cell_a.arm_1.skill_server.moveit.ros.move_group_interface]: Execute request accepted
[move_group-15] [INFO] [1788462249.026143781] [cite.cell_a.arm_1.move_group.moveit.plugins.simple_controller_manager]: Returned 2 controllers in list
[move_group-15] [INFO] [1788462249.026156460] [cite.cell_a.arm_1.move_group.moveit.plugins.simple_controller_manager]: Returned 2 controllers in list
[move_group-15] [INFO] [1788462249.026191477] [cite.cell_a.arm_1.move_group.moveit.ros.trajectory_execution_manager]: Validating trajectory with allowed_start_tolerance 0.01
[move_group-15] [INFO] [1788462249.036863686] [cite.cell_a.arm_1.move_group.moveit.ros.trajectory_execution_manager]: Starting trajectory execution ...
[move_group-15] [INFO] [1788462249.036925680] [cite.cell_a.arm_1.move_group.moveit.plugins.simple_controller_manager]: Returned 2 controllers in list
[move_group-15] [INFO] [1788462249.036951335] [cite.cell_a.arm_1.move_group.moveit.plugins.simple_controller_manager]: Returned 2 controllers in list
[move_group-15] [INFO] [1788462249.037231595] [moveit.simple_controller_manager.follow_joint_trajectory_controller_handle]: sending trajectory to arm_1_joint_trajectory_controller
[gz-1] [INFO] [1788462249.037362810] [cite.cell_a.arm_1.arm_1_joint_trajectory_controller]: Received new action goal
[gz-1] [INFO] [1788462249.037392812] [cite.cell_a.arm_1.arm_1_joint_trajectory_controller]: Accepted new action goal
[move_group-15] [INFO] [1788462249.037477268] [moveit.simple_controller_manager.follow_joint_trajectory_controller_handle]: arm_1_joint_trajectory_controller started execution
[move_group-15] [INFO] [1788462249.037487581] [moveit.simple_controller_manager.follow_joint_trajectory_controller_handle]: Goal request accepted!
[gz-1] [INFO] [1788462257.250867881] [cite.cell_a.arm_1.arm_1_joint_trajectory_controller]: Goal reached, success!
[move_group-15] [INFO] [1788462257.287779052] [moveit.simple_controller_manager.follow_joint_trajectory_controller_handle]: Controller 'arm_1_joint_trajectory_controller' successfully finished
[move_group-15] [INFO] [1788462257.316537081] [cite.cell_a.arm_1.move_group.moveit.ros.trajectory_execution_manager]: Completed trajectory execution with status SUCCEEDED ...
[move_group-15] [INFO] [1788462257.316677422] [cite.cell_a.arm_1.move_group.moveit.ros.move_group.clear_octomap_service]: Execution completed: SUCCEEDED
[skill_server-27] [INFO] [1788462257.316856817] [cite.cell_a.arm_1.skill_server.moveit.ros.move_group_interface]: Execute request success!
[gz-1] [INFO] [1788462257.330352843] [cite.cell_a.arm_1.arm_1_gripper_controller]: Received & accepted new action goal
[gz-1] [ERROR] [1788462257.343323060] [cite.cell_a.arm_1.controller_manager]: Command of at least one joint is out of limits (throttled log). Joint: 'arm_1_drive_joint', (actual: [Joint: 'arm_1_drive_joint', position: 0.408408, velocity: -0.004770], command: [Joint: 'arm_1_drive_joint', position: 0.000000], limited: [Joint: 'arm_1_drive_joint', position: 0.446126]) with desired period : 0.006667 sec.
[skill_server-27] [INFO] [1788462259.130611679] [cite.cell_a.arm_1.skill_server]: gripper: commanded 88.9 mm, reached 88.1 mm, stalled=false, reached_goal=true, effort=60.0 -> empty
[skill_server-27] [INFO] [1788462259.131424762] [cite.cell_a.arm_1.skill_server.moveit.ros.move_group_interface]: MoveGroup action client/server ready
[move_group-15] [INFO] [1788462259.131612876] [cite.cell_a.arm_1.move_group.moveit.ros.move_group.move_action]: MoveGroupMoveAction: Received request
[skill_server-27] [INFO] [1788462259.131736148] [cite.cell_a.arm_1.skill_server.moveit.ros.move_group_interface]: Planning request accepted
[move_group-15] [INFO] [1788462259.131757095] [cite.cell_a.arm_1.move_group.moveit.ros.move_group.move_action]: executing..
[move_group-15] [INFO] [1788462259.137936243] [cite.cell_a.arm_1.move_group.moveit.ros.move_group.move_action]: Planning request received for MoveGroup action. Forwarding to planning pipeline.
[move_group-15] [INFO] [1788462259.137971145] [cite.cell_a.arm_1.move_group.moveit.ros.move_group.capability]: Using planning pipeline 'pilz_industrial_motion_planner'
[move_group-15] [INFO] [1788462259.138075135] [cite.cell_a.arm_1.move_group]: Calling PlanningRequestAdapter 'ResolveConstraintFrames'
[move_group-15] [INFO] [1788462259.138092678] [cite.cell_a.arm_1.move_group]: Calling PlanningRequestAdapter 'ValidateWorkspaceBounds'
[move_group-15] [WARN] [1788462259.138097815] [cite.cell_a.arm_1.move_group.moveit.ros.validate_workspace_bounds]: It looks like the planning volume was not specified. Using default values.
[move_group-15] [INFO] [1788462259.138109697] [cite.cell_a.arm_1.move_group]: Calling PlanningRequestAdapter 'CheckStartStateBounds'
[move_group-15] [INFO] [1788462259.138129023] [cite.cell_a.arm_1.move_group]: Calling PlanningRequestAdapter 'CheckStartStateCollision'
[move_group-15] [INFO] [1788462259.138242754] [cite.cell_a.arm_1.move_group.moveit.planners.pilz.trajectory_generator.ptp]: Initialized Point-to-Point Trajectory Generator.
[move_group-15] [INFO] [1788462259.138265576] [cite.cell_a.arm_1.move_group]: Calling Planner 'Pilz Industrial Motion Planner'
[move_group-15] [INFO] [1788462259.138274014] [cite.cell_a.arm_1.move_group.moveit.planners.pilz.trajectory_generator]: Generating PTP trajectory...
[move_group-15] [INFO] [1788462259.138429467] [cite.cell_a.arm_1.move_group]: Calling PlanningResponseAdapter 'ValidateSolution'
[move_group-15] [INFO] [1788462259.138894060] [cite.cell_a.arm_1.move_group]: Calling PlanningResponseAdapter 'DisplayMotionPath'
[move_group-15] [INFO] [1788462259.138970299] [cite.cell_a.arm_1.move_group.moveit.ros.move_group.move_action]: Motion plan was computed successfully.
[skill_server-27] [INFO] [1788462259.139118375] [cite.cell_a.arm_1.skill_server.moveit.ros.move_group_interface]: Planning request complete!
[skill_server-27] [INFO] [1788462259.139981938] [cite.cell_a.arm_1.skill_server.moveit.ros.move_group_interface]: time taken to generate plan: 0.000110523 seconds
[move_group-15] [INFO] [1788462259.206352665] [cite.cell_a.arm_1.move_group.moveit.ros.move_group.clear_octomap_service]: Execution request received
[move_group-15] [INFO] [1788462259.206399310] [cite.cell_a.arm_1.move_group.moveit.plugins.simple_controller_manager]: Returned 2 controllers in list
[skill_server-27] [INFO] [1788462259.206354420] [cite.cell_a.arm_1.skill_server.moveit.ros.move_group_interface]: Execute request accepted
[move_group-15] [INFO] [1788462259.206412195] [cite.cell_a.arm_1.move_group.moveit.plugins.simple_controller_manager]: Returned 2 controllers in list
[move_group-15] [INFO] [1788462259.206461569] [cite.cell_a.arm_1.move_group.moveit.ros.trajectory_execution_manager]: Validating trajectory with allowed_start_tolerance 0.01
[move_group-15] [INFO] [1788462259.209853973] [cite.cell_a.arm_1.move_group.moveit.ros.trajectory_execution_manager]: Starting trajectory execution ...
[move_group-15] [INFO] [1788462259.210243264] [cite.cell_a.arm_1.move_group.moveit.plugins.simple_controller_manager]: Returned 2 controllers in list
[move_group-15] [INFO] [1788462259.210260815] [cite.cell_a.arm_1.move_group.moveit.plugins.simple_controller_manager]: Returned 2 controllers in list
[move_group-15] [INFO] [1788462259.210515656] [moveit.simple_controller_manager.follow_joint_trajectory_controller_handle]: sending trajectory to arm_1_joint_trajectory_controller
[gz-1] [INFO] [1788462259.210726536] [cite.cell_a.arm_1.arm_1_joint_trajectory_controller]: Received new action goal
[gz-1] [INFO] [1788462259.210756067] [cite.cell_a.arm_1.arm_1_joint_trajectory_controller]: Accepted new action goal
[move_group-15] [INFO] [1788462259.210874465] [moveit.simple_controller_manager.follow_joint_trajectory_controller_handle]: arm_1_joint_trajectory_controller started execution
[move_group-15] [INFO] [1788462259.210883827] [moveit.simple_controller_manager.follow_joint_trajectory_controller_handle]: Goal request accepted!
[gz-1] [INFO] [1788462265.611524056] [cite.cell_a.arm_1.arm_1_joint_trajectory_controller]: Goal reached, success!
[move_group-15] [INFO] [1788462265.661206598] [moveit.simple_controller_manager.follow_joint_trajectory_controller_handle]: Controller 'arm_1_joint_trajectory_controller' successfully finished
[move_group-15] [INFO] [1788462265.710806445] [cite.cell_a.arm_1.move_group.moveit.ros.trajectory_execution_manager]: Completed trajectory execution with status SUCCEEDED ...
[move_group-15] [INFO] [1788462265.710931723] [cite.cell_a.arm_1.move_group.moveit.ros.move_group.clear_octomap_service]: Execution completed: SUCCEEDED
[skill_server-27] [INFO] [1788462265.711096864] [cite.cell_a.arm_1.skill_server.moveit.ros.move_group_interface]: Execute request success!
[skill_server-27] [INFO] [1788462265.715927215] [cite.cell_a.arm_1.skill_server.moveit.ros.move_group_interface]: MoveGroup action client/server ready
[move_group-15] [INFO] [1788462265.716110125] [cite.cell_a.arm_1.move_group.moveit.ros.move_group.move_action]: MoveGroupMoveAction: Received request
[move_group-15] [INFO] [1788462265.716243699] [cite.cell_a.arm_1.move_group.moveit.ros.move_group.move_action]: executing..
[skill_server-27] [INFO] [1788462265.716358589] [cite.cell_a.arm_1.skill_server.moveit.ros.move_group_interface]: Planning request accepted
[move_group-15] [INFO] [1788462265.716965464] [cite.cell_a.arm_1.move_group.moveit.ros.move_group.move_action]: Planning request received for MoveGroup action. Forwarding to planning pipeline.
[move_group-15] [INFO] [1788462265.716990708] [cite.cell_a.arm_1.move_group.moveit.ros.move_group.capability]: Using planning pipeline 'pilz_industrial_motion_planner'
[move_group-15] [INFO] [1788462265.717087787] [cite.cell_a.arm_1.move_group]: Calling PlanningRequestAdapter 'ResolveConstraintFrames'
[move_group-15] [INFO] [1788462265.717105268] [cite.cell_a.arm_1.move_group]: Calling PlanningRequestAdapter 'ValidateWorkspaceBounds'
[move_group-15] [WARN] [1788462265.717110383] [cite.cell_a.arm_1.move_group.moveit.ros.validate_workspace_bounds]: It looks like the planning volume was not specified. Using default values.
[move_group-15] [INFO] [1788462265.717122807] [cite.cell_a.arm_1.move_group]: Calling PlanningRequestAdapter 'CheckStartStateBounds'
[move_group-15] [INFO] [1788462265.717141512] [cite.cell_a.arm_1.move_group]: Calling PlanningRequestAdapter 'CheckStartStateCollision'
[move_group-15] [INFO] [1788462265.717248232] [cite.cell_a.arm_1.move_group.moveit.planners.pilz.trajectory_generator.ptp]: Initialized Point-to-Point Trajectory Generator.
[move_group-15] [INFO] [1788462265.717280499] [cite.cell_a.arm_1.move_group]: Calling Planner 'Pilz Industrial Motion Planner'
[move_group-15] [INFO] [1788462265.717292726] [cite.cell_a.arm_1.move_group.moveit.planners.pilz.trajectory_generator]: Generating PTP trajectory...
[move_group-15] [INFO] [1788462265.717507249] [cite.cell_a.arm_1.move_group]: Calling PlanningResponseAdapter 'ValidateSolution'
[move_group-15] [INFO] [1788462265.718320959] [cite.cell_a.arm_1.move_group]: Calling PlanningResponseAdapter 'DisplayMotionPath'
[move_group-15] [INFO] [1788462265.718430509] [cite.cell_a.arm_1.move_group.moveit.ros.move_group.move_action]: Motion plan was computed successfully.
[skill_server-27] [INFO] [1788462265.718580430] [cite.cell_a.arm_1.skill_server.moveit.ros.move_group_interface]: Planning request complete!
[skill_server-27] [INFO] [1788462265.719296941] [cite.cell_a.arm_1.skill_server.moveit.ros.move_group_interface]: time taken to generate plan: 0.000158485 seconds
[move_group-15] [INFO] [1788462265.719696011] [cite.cell_a.arm_1.move_group.moveit.ros.move_group.clear_octomap_service]: Execution request received
[skill_server-27] [INFO] [1788462265.719723997] [cite.cell_a.arm_1.skill_server.moveit.ros.move_group_interface]: Execute request accepted
[move_group-15] [INFO] [1788462265.719731803] [cite.cell_a.arm_1.move_group.moveit.plugins.simple_controller_manager]: Returned 2 controllers in list
[move_group-15] [INFO] [1788462265.719749286] [cite.cell_a.arm_1.move_group.moveit.plugins.simple_controller_manager]: Returned 2 controllers in list
[move_group-15] [INFO] [1788462265.719787696] [cite.cell_a.arm_1.move_group.moveit.ros.trajectory_execution_manager]: Validating trajectory with allowed_start_tolerance 0.01
[move_group-15] [INFO] [1788462265.723889582] [cite.cell_a.arm_1.move_group.moveit.ros.trajectory_execution_manager]: Starting trajectory execution ...
[move_group-15] [INFO] [1788462265.723937082] [cite.cell_a.arm_1.move_group.moveit.plugins.simple_controller_manager]: Returned 2 controllers in list
[move_group-15] [INFO] [1788462265.723953169] [cite.cell_a.arm_1.move_group.moveit.plugins.simple_controller_manager]: Returned 2 controllers in list
[move_group-15] [INFO] [1788462265.724255237] [moveit.simple_controller_manager.follow_joint_trajectory_controller_handle]: sending trajectory to arm_1_joint_trajectory_controller
[gz-1] [INFO] [1788462265.724427611] [cite.cell_a.arm_1.arm_1_joint_trajectory_controller]: Received new action goal
[gz-1] [INFO] [1788462265.724450892] [cite.cell_a.arm_1.arm_1_joint_trajectory_controller]: Accepted new action goal
[move_group-15] [INFO] [1788462265.724534942] [moveit.simple_controller_manager.follow_joint_trajectory_controller_handle]: arm_1_joint_trajectory_controller started execution
[move_group-15] [INFO] [1788462265.724544135] [moveit.simple_controller_manager.follow_joint_trajectory_controller_handle]: Goal request accepted!
[gz-1] [INFO] [1788462279.538182595] [cite.cell_a.arm_1.arm_1_joint_trajectory_controller]: Goal reached, success!
[move_group-15] [INFO] [1788462279.605527668] [moveit.simple_controller_manager.follow_joint_trajectory_controller_handle]: Controller 'arm_1_joint_trajectory_controller' successfully finished
[move_group-15] [INFO] [1788462279.607455546] [cite.cell_a.arm_1.move_group.moveit.ros.trajectory_execution_manager]: Completed trajectory execution with status SUCCEEDED ...
[move_group-15] [INFO] [1788462279.607740774] [cite.cell_a.arm_1.move_group.moveit.ros.move_group.clear_octomap_service]: Execution completed: SUCCEEDED
[skill_server-27] [INFO] [1788462279.607919780] [cite.cell_a.arm_1.skill_server.moveit.ros.move_group_interface]: Execute request success!
CITE_TIMING {"scenario": "pick_and_place", "test": "test_the_behaviour_tree_picks_and_places_the_workpiece", "what": "the station cycle to run to completion", "ceiling_s": 420.0, "elapsed_s": 126.813, "spins": 133, "monotonic_s": 30301.142}
ok

----------------------------------------------------------------------
Ran 1 test in 170.820s

OK
[INFO] [skill_server-29]: sending signal 'SIGINT' to process[skill_server-29]
[INFO] [skill_server-28]: sending signal 'SIGINT' to process[skill_server-28]
[INFO] [skill_server-27]: sending signal 'SIGINT' to process[skill_server-27]
[INFO] [detection_server-18]: sending signal 'SIGINT' to process[detection_server-18]
[INFO] [move_group-17]: sending signal 'SIGINT' to process[move_group-17]
[INFO] [move_group-16]: sending signal 'SIGINT' to process[move_group-16]
[INFO] [move_group-15]: sending signal 'SIGINT' to process[move_group-15]
[INFO] [topology_server.py-13]: sending signal 'SIGINT' to process[topology_server.py-13]
[INFO] [model_info.py-12]: sending signal 'SIGINT' to process[model_info.py-12]
[INFO] [frame_server.py-11]: sending signal 'SIGINT' to process[frame_server.py-11]
[INFO] [robot_state_publisher-9]: sending signal 'SIGINT' to process[robot_state_publisher-9]
[INFO] [robot_state_publisher-7]: sending signal 'SIGINT' to process[robot_state_publisher-7]
[INFO] [robot_state_publisher-5]: sending signal 'SIGINT' to process[robot_state_publisher-5]
[INFO] [robot_state_publisher-3]: sending signal 'SIGINT' to process[robot_state_publisher-3]
[INFO] [skill_server-29]: process has finished cleanly [pid 752]
[INFO] [parameter_bridge-2]: sending signal 'SIGINT' to process[parameter_bridge-2]
[INFO] [gz-1]: sending signal 'SIGINT' to process[gz-1]
[skill_server-29] [INFO] [1788462283.315033078] [rclcpp]: signal_handler(SIGINT/SIGTERM)
[skill_server-29] Warning: class_loader.ClassLoader: SEVERE WARNING!!! Attempting to unload library while objects created by this loader exist in the heap! You should delete your objects before attempting to unload the library or destroying the ClassLoader. The library will NOT be unloaded.
[skill_server-29]          at line 127 in ./src/class_loader.cpp
[skill_server-28] [INFO] [1788462283.318540262] [rclcpp]: signal_handler(SIGINT/SIGTERM)
[skill_server-28] Warning: class_loader.ClassLoader: SEVERE WARNING!!! Attempting to unload library while objects created by this loader exist in the heap! You should delete your objects before attempting to unload the library or destroying the ClassLoader. The library will NOT be unloaded.
[skill_server-28]          at line 127 in ./src/class_loader.cpp
[skill_server-27] [INFO] [1788462283.322908886] [rclcpp]: signal_handler(SIGINT/SIGTERM)
[skill_server-27] Warning: class_loader.ClassLoader: SEVERE WARNING!!! Attempting to unload library while objects created by this loader exist in the heap! You should delete your objects before attempting to unload the library or destroying the ClassLoader. The library will NOT be unloaded.
[skill_server-27]          at line 127 in ./src/class_loader.cpp
[detection_server-18] [INFO] [1788462283.407590498] [rclcpp]: signal_handler(SIGINT/SIGTERM)
[move_group-17] [INFO] [1788462283.414459713] [rclcpp]: signal_handler(SIGINT/SIGTERM)
[move_group-16] [INFO] [1788462283.419213043] [rclcpp]: signal_handler(SIGINT/SIGTERM)
[move_group-15] [INFO] [1788462283.422673775] [rclcpp]: signal_handler(SIGINT/SIGTERM)
[robot_state_publisher-9] [INFO] [1788462283.606745461] [rclcpp]: signal_handler(SIGINT/SIGTERM)
[robot_state_publisher-7] [INFO] [1788462283.612968789] [rclcpp]: signal_handler(SIGINT/SIGTERM)
[robot_state_publisher-5] [INFO] [1788462283.708853568] [rclcpp]: signal_handler(SIGINT/SIGTERM)
[robot_state_publisher-3] [INFO] [1788462283.715841717] [rclcpp]: signal_handler(SIGINT/SIGTERM)
[parameter_bridge-2] [INFO] [1788462283.808380180] [rclcpp]: signal_handler(SIGINT/SIGTERM)
[INFO] [skill_server-28]: process has finished cleanly [pid 751]
[INFO] [detection_server-18]: process has finished cleanly [pid 133]
[move_group-17] [INFO] [1788462283.911509047] [cite.cell_a.arm_3.move_group.moveit.ros.moveit_cpp]: Deleting MoveItCpp
[move_group-15] [INFO] [1788462283.911786277] [cite.cell_a.arm_1.move_group.moveit.ros.moveit_cpp]: Deleting MoveItCpp
[INFO] [skill_server-27]: process has finished cleanly [pid 750]
[INFO] [robot_state_publisher-9]: process has finished cleanly [pid 112]
[move_group-16] [INFO] [1788462283.919913025] [cite.cell_a.arm_2.move_group.moveit.ros.moveit_cpp]: Deleting MoveItCpp
[INFO] [robot_state_publisher-5]: process has finished cleanly [pid 108]
[move_group-17] Stack trace (most recent call last):
[move_group-15] Stack trace (most recent call last):
[INFO] [robot_state_publisher-7]: process has finished cleanly [pid 110]
[move_group-16] Stack trace (most recent call last):
[INFO] [robot_state_publisher-3]: process has finished cleanly [pid 106]
[INFO] [parameter_bridge-2]: process has finished cleanly [pid 105]
[move_group-15] #15   Object "/usr/lib/x86_64-linux-gnu/ld-linux-x86-64.so.2", at 0xffffffffffffffff, in 
[move_group-15] #14   Object "/opt/ros/jazzy/lib/moveit_ros_move_group/move_group", at 0x61ac8d30fa44, in _start
[move_group-17] #15   Object "/usr/lib/x86_64-linux-gnu/ld-linux-x86-64.so.2", at 0xffffffffffffffff, in 
[move_group-17] #14   Object "/opt/ros/jazzy/lib/moveit_ros_move_group/move_group", at 0x62415ca79a44, in _start
[move_group-16] #15   Object "/usr/lib/x86_64-linux-gnu/ld-linux-x86-64.so.2", at 0xffffffffffffffff, in 
[move_group-16] #14   Object "/opt/ros/jazzy/lib/moveit_ros_move_group/move_group", at 0x5ee05cfa3a44, in _start
[INFO] [topology_server.py-13]: process has finished cleanly [pid 116]
[INFO] [model_info.py-12]: process has finished cleanly [pid 115]
[gz-1] [INFO] [1788462284.129389675] [cite.cell_a.arm_1.controller_manager.pal_statistics]: Async messages lost 0
[gz-1] [INFO] [1788462284.129439266] [cite.cell_a.arm_1.controller_manager.pal_statistics]: publish_async_failures_ 3836
[move_group-15] #13   Source "../csu/libc-start.c", line 360, in __libc_start_main_impl [0x7c016f93628a]
[move_group-15] #12   Source "../sysdeps/nptl/libc_start_call_main.h", line 58, in __libc_start_call_main [0x7c016f9361c9]
[move_group-15] #11   Object "/opt/ros/jazzy/lib/moveit_ros_move_group/move_group", at 0x61ac8d30e539, in main
[move_group-15] #10   Object "/opt/ros/jazzy/lib/moveit_ros_move_group/move_group", at 0x61ac8d311159, in 
[move_group-15] #9    Object "/opt/ros/jazzy/lib/libmoveit_cpp.so.2.12.4", at 0x7c01702c3ad0, in moveit_cpp::MoveItCpp::~MoveItCpp()
[move_group-15] #8    Object "/opt/ros/jazzy/lib/libmoveit_cpp.so.2.12.4", at 0x7c01702c3989, in 
[move_group-15] #7    Object "/opt/ros/jazzy/lib/libmoveit_trajectory_execution_manager.so.2.12.4", at 0x7c016f62d44a, in trajectory_execution_manager::TrajectoryExecutionManager::~TrajectoryExecutionManager()
[move_group-15] #6    Object "/opt/ros/jazzy/lib/libmoveit_trajectory_execution_manager.so.2.12.4", at 0x7c016f63f5a5, in 
[move_group-15] #5    Object "/opt/ros/jazzy/lib/librclcpp.so", at 0x7c016ff5c294, in rclcpp::Node::~Node()
[move_group-15] #4    Object "/opt/ros/jazzy/lib/librclcpp.so", at 0x7c016ff06485, in 
[move_group-15] #3    Object "/opt/ros/jazzy/lib/librclcpp.so", at 0x7c016ff5ab60, in 
[move_group-15] #2    Object "/opt/ros/jazzy/lib/librclcpp.so", at 0x7c016ff5aaa3, in rclcpp::node_interfaces::NodeBase::~NodeBase()
[move_group-15] #1    Object "/opt/ros/jazzy/lib/librclcpp.so", at 0x7c016ff06549, in 
[move_group-15] #0    Object "/opt/ros/jazzy/lib/librclcpp.so", at 0x7c016ff0ab19, in rclcpp::CallbackGroup::~CallbackGroup()
[move_group-15] Segmentation fault (Address not mapped to object [0x7c0154278da0])
[move_group-17] #13   Source "../csu/libc-start.c", line 360, in __libc_start_main_impl [0x77f3ae0d528a]
[move_group-17] #12   Source "../sysdeps/nptl/libc_start_call_main.h", line 58, in __libc_start_call_main [0x77f3ae0d51c9]
[move_group-17] #11   Object "/opt/ros/jazzy/lib/moveit_ros_move_group/move_group", at 0x62415ca78539, in main
[move_group-17] #10   Object "/opt/ros/jazzy/lib/moveit_ros_move_group/move_group", at 0x62415ca7b159, in 
[move_group-17] #9    Object "/opt/ros/jazzy/lib/libmoveit_cpp.so.2.12.4", at 0x77f3aea62ad0, in moveit_cpp::MoveItCpp::~MoveItCpp()
[move_group-17] #8    Object "/opt/ros/jazzy/lib/libmoveit_cpp.so.2.12.4", at 0x77f3aea62989, in 
[gz-1] [INFO] [1788462284.133365596] [cite.cell_a.arm_1.controller_manager.pal_statistics]: Async messages lost 0
[gz-1] [INFO] [1788462284.133391130] [cite.cell_a.arm_1.controller_manager.pal_statistics]: publish_async_failures_ 157
[move_group-17] #7    Object "/opt/ros/jazzy/lib/libmoveit_trajectory_execution_manager.so.2.12.4", at 0x77f3addcc44a, in trajectory_execution_manager::TrajectoryExecutionManager::~TrajectoryExecutionManager()
[move_group-17] #6    Object "/opt/ros/jazzy/lib/libmoveit_trajectory_execution_manager.so.2.12.4", at 0x77f3addde5a5, in 
[move_group-17] #5    Object "/opt/ros/jazzy/lib/librclcpp.so", at 0x77f3ae6fb294, in rclcpp::Node::~Node()
[move_group-17] #4    Object "/opt/ros/jazzy/lib/librclcpp.so", at 0x77f3ae6a5485, in 
[move_group-17] #3    Object "/opt/ros/jazzy/lib/librclcpp.so", at 0x77f3ae6f9b60, in 
[move_group-17] #2    Object "/opt/ros/jazzy/lib/librclcpp.so", at 0x77f3ae6f9aa3, in rclcpp::node_interfaces::NodeBase::~NodeBase()
[move_group-17] #1    Object "/opt/ros/jazzy/lib/librclcpp.so", at 0x77f3ae6a5549, in 
[move_group-17] #0    Object "/opt/ros/jazzy/lib/librclcpp.so", at 0x77f3ae6a9b19, in rclcpp::CallbackGroup::~CallbackGroup()
[move_group-17] Segmentation fault (Address not mapped to object [0x77f3755feda0])
[move_group-16] #13   Source "../csu/libc-start.c", line 360, in __libc_start_main_impl [0x795f1637d28a]
[move_group-16] #12   Source "../sysdeps/nptl/libc_start_call_main.h", line 58, in __libc_start_call_main [0x795f1637d1c9]
[move_group-16] #11   Object "/opt/ros/jazzy/lib/moveit_ros_move_group/move_group", at 0x5ee05cfa2539, in main
[move_group-16] #10   Object "/opt/ros/jazzy/lib/moveit_ros_move_group/move_group", at 0x5ee05cfa5159, in 
[move_group-16] #9    Object "/opt/ros/jazzy/lib/libmoveit_cpp.so.2.12.4", at 0x795f16d0aad0, in moveit_cpp::MoveItCpp::~MoveItCpp()
[move_group-16] #8    Object "/opt/ros/jazzy/lib/libmoveit_cpp.so.2.12.4", at 0x795f16d0a989, in 
[move_group-16] #7    Object "/opt/ros/jazzy/lib/libmoveit_trajectory_execution_manager.so.2.12.4", at 0x795f1607444a, in trajectory_execution_manager::TrajectoryExecutionManager::~TrajectoryExecutionManager()
[move_group-16] #6    Object "/opt/ros/jazzy/lib/libmoveit_trajectory_execution_manager.so.2.12.4", at 0x795f160865a5, in 
[move_group-16] #5    Object "/opt/ros/jazzy/lib/librclcpp.so", at 0x795f169a3294, in rclcpp::Node::~Node()
[move_group-16] #4    Object "/opt/ros/jazzy/lib/librclcpp.so", at 0x795f1694d485, in 
[move_group-16] #3    Object "/opt/ros/jazzy/lib/librclcpp.so", at 0x795f169a1b60, in 
[move_group-16] #2    Object "/opt/ros/jazzy/lib/librclcpp.so", at 0x795f169a1aa3, in rclcpp::node_interfaces::NodeBase::~NodeBase()
[move_group-16] #1    Object "/opt/ros/jazzy/lib/librclcpp.so", at 0x795f1694d549, in 
[move_group-16] #0    Object "/opt/ros/jazzy/lib/librclcpp.so", at 0x795f16951b19, in rclcpp::CallbackGroup::~CallbackGroup()
[move_group-16] Segmentation fault (Address not mapped to object [0x795ed976cda0])
[INFO] [frame_server.py-11]: process has finished cleanly [pid 114]
[ERROR] [move_group-15]: process has died [pid 118, exit code -11, cmd '/opt/ros/jazzy/lib/moveit_ros_move_group/move_group --ros-args -r __node:=move_group -r __ns:=/cite/cell_a/arm_1 --params-file /tmp/launch_params_qufx9n1h --params-file /tmp/launch_params_r1nmnm93 --params-file /tmp/launch_params_say001py --params-file /tmp/launch_params_b22kdhze --params-file /tmp/launch_params_qgrtbal7 --params-file /tmp/launch_params_fw0tzqa0 -r /tf:=/tf -r /tf_static:=/tf_static'].
[ERROR] [move_group-17]: process has died [pid 132, exit code -11, cmd '/opt/ros/jazzy/lib/moveit_ros_move_group/move_group --ros-args -r __node:=move_group -r __ns:=/cite/cell_a/arm_3 --params-file /tmp/launch_params_uto6ffim --params-file /tmp/launch_params_8g5wg2ft --params-file /tmp/launch_params_giw04z1c --params-file /tmp/launch_params_e8b59arw --params-file /tmp/launch_params_fj039yfk --params-file /tmp/launch_params_lsuctky8 -r /tf:=/tf -r /tf_static:=/tf_static'].
[ERROR] [move_group-16]: process has died [pid 124, exit code -11, cmd '/opt/ros/jazzy/lib/moveit_ros_move_group/move_group --ros-args -r __node:=move_group -r __ns:=/cite/cell_a/arm_2 --params-file /tmp/launch_params_7ha_lu7s --params-file /tmp/launch_params_eoor670i --params-file /tmp/launch_params_zjxf19ha --params-file /tmp/launch_params_sjb66f96 --params-file /tmp/launch_params_h6qyv9mw --params-file /tmp/launch_params_5nsw48yu -r /tf:=/tf -r /tf_static:=/tf_static'].
[INFO] [gz-1]: process has finished cleanly [pid 104]
[INFO] [launch]: process[gz-1] was required: shutting down launched system
[ERROR] [launch]: Caught exception in launch (see debug for traceback): Cannot shutdown a ROS adapter that is not running
test_nothing_of_ours_exited_badly (pick_and_place.TestCleanShutdown.test_nothing_of_ours_exited_badly) ... ok
test_report_how_often_the_planner_fell_back (pick_and_place.TestCleanShutdown.test_report_how_often_the_planner_fell_back)
A count, not a gate — and the count is the point (ADR-0027). ... ok

----------------------------------------------------------------------
Ran 2 tests in 0.001s

OK
planner-fallback count: taken=0 declined=0 (ADR-0027; reported, not gated)
  ok Scenario 'pick_and_place' passed
