==> Not a ROS environment — running 'scenario' inside the container
 Container cite-digital-twin-3319196271-dev-run-112f0f041f91 Creating 
 Container cite-digital-twin-3319196271-dev-run-112f0f041f91 Created 
warn Seed 20260824 reaches 'gz sim --seed' only — this run is not reproducible.
warn   That seeds gz::math::Rand: sensor noise and transport RNG.
warn   It does NOT seed the physics solver.
warn   Planning: what is PROVEN is that one move_group answers an identical request
warn   identically within one process (cite_skills' planning-pipeline launch test).
warn   That is repeatability, not scenario determinism, and it holds only where Pilz
warn   answered; the OMPL fallback is unseeded and unseedable (ADR-0006). Grep this
warn   run's log for 'planner fallback:' to see which motions took it, and for
warn   'planner fallback declined:' for the ones that refused a substitute.
==> Running scenario 'bringup' on DDS domain 43
[INFO] [launch]: All log files can be found below /home/cite/.ros/log/2026-09-03-19-00-04-328636-e6a02d381d3c-50
[INFO] [launch]: Default logging verbosity is set to INFO
[INFO] [launch.user]: Bringing up zone cell_a side plant: scene plus 3 arm(s)
test_a_skill_moves_the_arm_to_its_home_configuration (bringup.TestCellBringUp.test_a_skill_moves_the_arm_to_its_home_configuration)
The vertical slice, end to end: L3 goal -> MoveIt -> ros2_control. ... [INFO] [gz-1]: process started with pid [112]
[INFO] [parameter_bridge-2]: process started with pid [113]
[INFO] [robot_state_publisher-3]: process started with pid [114]
[INFO] [create-4]: process started with pid [115]
[INFO] [robot_state_publisher-5]: process started with pid [116]
[INFO] [create-6]: process started with pid [117]
[INFO] [robot_state_publisher-7]: process started with pid [118]
[INFO] [create-8]: process started with pid [119]
[INFO] [robot_state_publisher-9]: process started with pid [120]
[INFO] [create-10]: process started with pid [121]
[INFO] [frame_server.py-11]: process started with pid [122]
[INFO] [model_info.py-12]: process started with pid [123]
[INFO] [topology_server.py-13]: process started with pid [124]
[INFO] [spawner-14]: process started with pid [125]
[INFO] [move_group-15]: process started with pid [126]
[INFO] [move_group-16]: process started with pid [127]
[INFO] [move_group-17]: process started with pid [128]
[INFO] [detection_server-18]: process started with pid [129]
[create-10] [INFO] [1788462005.913337724] [spawn_arm_3]: Requesting list of world names.
[robot_state_publisher-5] [INFO] [1788462005.918425546] [cite.cell_a.arm_1.description_publisher]: Robot initialized
[robot_state_publisher-7] [INFO] [1788462005.932610679] [cite.cell_a.arm_2.description_publisher]: Robot initialized
[create-6] [INFO] [1788462005.932812399] [spawn_arm_1]: Requesting list of world names.
[robot_state_publisher-3] [INFO] [1788462005.936408737] [scene_description_publisher]: Robot initialized
[create-4] [INFO] [1788462006.011302379] [spawn_scene]: Requesting list of world names.
[robot_state_publisher-9] [INFO] [1788462006.030372025] [cite.cell_a.arm_3.description_publisher]: Robot initialized
[parameter_bridge-2] [INFO] [1788462006.030399825] [gz_bridge]: Creating GZ->ROS Bridge: [/clock (gz.msgs.Clock) -> /clock (rosgraph_msgs/msg/Clock)] (Lazy 0)
[create-8] [INFO] [1788462006.033006403] [spawn_arm_2]: Requesting list of world names.
[parameter_bridge-2] [INFO] [1788462006.117840331] [gz_bridge]: Creating ROS->GZ Bridge: [/cite/cell_a/conveyor_1/command (std_msgs/msg/Float64) -> /cite/cell_a/conveyor_1/command (gz.msgs.Double)] (Lazy 0)
[parameter_bridge-2] [INFO] [1788462006.121162923] [gz_bridge]: Creating GZ->ROS Bridge: [/cite/cell_a/conveyor_1/state (gz.msgs.Double) -> /cite/cell_a/conveyor_1/state (std_msgs/msg/Float64)] (Lazy 0)
[parameter_bridge-2] [INFO] [1788462006.123169761] [gz_bridge]: Creating ROS->GZ Bridge: [/cite/cell_a/conveyor_2/command (std_msgs/msg/Float64) -> /cite/cell_a/conveyor_2/command (gz.msgs.Double)] (Lazy 0)
[detection_server-18] [INFO] [1788462006.124399343] [cite.cell_a.detection.detection_server]: watching 'beam_c1_out' on '/cite/cell_a/beam_c1_out/detection_level', publishing events on '/cite/cell_a/beam_c1_out/detection'
[parameter_bridge-2] [INFO] [1788462006.124816404] [gz_bridge]: Creating GZ->ROS Bridge: [/cite/cell_a/conveyor_2/state (gz.msgs.Double) -> /cite/cell_a/conveyor_2/state (std_msgs/msg/Float64)] (Lazy 0)
[parameter_bridge-2] [INFO] [1788462006.127758547] [gz_bridge]: Creating ROS->GZ Bridge: [/cite/cell_a/conveyor_3/command (std_msgs/msg/Float64) -> /cite/cell_a/conveyor_3/command (gz.msgs.Double)] (Lazy 0)
[parameter_bridge-2] [INFO] [1788462006.130058462] [gz_bridge]: Creating GZ->ROS Bridge: [/cite/cell_a/conveyor_3/state (gz.msgs.Double) -> /cite/cell_a/conveyor_3/state (std_msgs/msg/Float64)] (Lazy 0)
[parameter_bridge-2] [INFO] [1788462006.130834704] [gz_bridge]: Creating GZ->ROS Bridge: [/cite/cell_a/beam_c1_out/detection (gz.msgs.Boolean) -> /cite/cell_a/beam_c1_out/detection (std_msgs/msg/Bool)] (Lazy 0)
[parameter_bridge-2] [INFO] [1788462006.131671856] [gz_bridge]: Creating GZ->ROS Bridge: [/cite/cell_a/beam_c2_out/detection (gz.msgs.Boolean) -> /cite/cell_a/beam_c2_out/detection (std_msgs/msg/Bool)] (Lazy 0)
[detection_server-18] [INFO] [1788462006.129033644] [cite.cell_a.detection.detection_server]: watching 'beam_c2_out' on '/cite/cell_a/beam_c2_out/detection_level', publishing events on '/cite/cell_a/beam_c2_out/detection'
[detection_server-18] [INFO] [1788462006.133065282] [cite.cell_a.detection.detection_server]: watching 'beam_c3_out' on '/cite/cell_a/beam_c3_out/detection_level', publishing events on '/cite/cell_a/beam_c3_out/detection'
[move_group-15] [WARN] [1788462006.133108830] [rcl.logging_rosout]: Publisher already registered for node name: 'move_group'. If this is due to multiple nodes with the same name then all logs for the logger named 'cite.cell_a.arm_1.move_group' will go out over the existing publisher. As soon as any node with that name is destructed it will unregister the publisher, preventing any further logs for that name from being published on the rosout topic.
[parameter_bridge-2] [INFO] [1788462006.133772265] [gz_bridge]: Creating GZ->ROS Bridge: [/cite/cell_a/beam_c3_out/detection (gz.msgs.Boolean) -> /cite/cell_a/beam_c3_out/detection (std_msgs/msg/Bool)] (Lazy 0)
[detection_server-18] [INFO] [1788462006.134299150] [cite.cell_a.detection.detection_server]: watching 'beam_pick' on '/cite/cell_a/beam_pick/detection_level', publishing events on '/cite/cell_a/beam_pick/detection'
[parameter_bridge-2] [INFO] [1788462006.135655048] [gz_bridge]: Creating GZ->ROS Bridge: [/cite/cell_a/beam_pick/detection (gz.msgs.Boolean) -> /cite/cell_a/beam_pick/detection (std_msgs/msg/Bool)] (Lazy 0)
[detection_server-18] [INFO] [1788462006.216387587] [cite.cell_a.detection.detection_server]: detection for zone 'cell_a' is accepting goals over 4 sensor(s)
[move_group-17] [WARN] [1788462006.217018369] [rcl.logging_rosout]: Publisher already registered for node name: 'move_group'. If this is due to multiple nodes with the same name then all logs for the logger named 'cite.cell_a.arm_3.move_group' will go out over the existing publisher. As soon as any node with that name is destructed it will unregister the publisher, preventing any further logs for that name from being published on the rosout topic.
[move_group-16] [WARN] [1788462006.223727944] [rcl.logging_rosout]: Publisher already registered for node name: 'move_group'. If this is due to multiple nodes with the same name then all logs for the logger named 'cite.cell_a.arm_2.move_group' will go out over the existing publisher. As soon as any node with that name is destructed it will unregister the publisher, preventing any further logs for that name from being published on the rosout topic.
[move_group-15] [WARN] [1788462006.226002537] [rcl.logging_rosout]: Publisher already registered for node name: 'move_group'. If this is due to multiple nodes with the same name then all logs for the logger named 'cite.cell_a.arm_1.move_group' will go out over the existing publisher. As soon as any node with that name is destructed it will unregister the publisher, preventing any further logs for that name from being published on the rosout topic.
[move_group-17] [WARN] [1788462006.231679048] [rcl.logging_rosout]: Publisher already registered for node name: 'move_group'. If this is due to multiple nodes with the same name then all logs for the logger named 'cite.cell_a.arm_3.move_group' will go out over the existing publisher. As soon as any node with that name is destructed it will unregister the publisher, preventing any further logs for that name from being published on the rosout topic.
[move_group-16] [WARN] [1788462006.310731931] [rcl.logging_rosout]: Publisher already registered for node name: 'move_group'. If this is due to multiple nodes with the same name then all logs for the logger named 'cite.cell_a.arm_2.move_group' will go out over the existing publisher. As soon as any node with that name is destructed it will unregister the publisher, preventing any further logs for that name from being published on the rosout topic.
[move_group-17] [INFO] [1788462006.312660890] [cite.cell_a.arm_3.move_group.moveit.ros.rdf_loader]: Loaded robot model in 0 seconds
[move_group-17] [INFO] [1788462006.312765589] [cite.cell_a.arm_3.move_group.moveit.core.robot_model]: Loading robot model 'arm_3'...
[move_group-17] [INFO] [1788462006.312786153] [cite.cell_a.arm_3.move_group.moveit.core.robot_model]: No root/virtual joint specified in SRDF. Assuming fixed joint
[move_group-15] [INFO] [1788462006.330319046] [cite.cell_a.arm_1.move_group.moveit.ros.rdf_loader]: Loaded robot model in 0 seconds
[move_group-15] [INFO] [1788462006.330429764] [cite.cell_a.arm_1.move_group.moveit.core.robot_model]: Loading robot model 'arm_1'...
[move_group-15] [INFO] [1788462006.330447454] [cite.cell_a.arm_1.move_group.moveit.core.robot_model]: No root/virtual joint specified in SRDF. Assuming fixed joint
[move_group-17] [INFO] [1788462006.335474994] [cite.cell_a.arm_3.move_group.moveit.kinematics.kdl_kinematics_plugin]: Joint weights for group 'arm_3_xarm5': 1 1 1 1 1
[move_group-16] [INFO] [1788462006.338882871] [cite.cell_a.arm_2.move_group.moveit.ros.rdf_loader]: Loaded robot model in 0 seconds
[move_group-16] [INFO] [1788462006.338954823] [cite.cell_a.arm_2.move_group.moveit.core.robot_model]: Loading robot model 'arm_2'...
[move_group-16] [INFO] [1788462006.338964626] [cite.cell_a.arm_2.move_group.moveit.core.robot_model]: No root/virtual joint specified in SRDF. Assuming fixed joint
[move_group-15] [INFO] [1788462006.424213716] [cite.cell_a.arm_1.move_group.moveit.kinematics.kdl_kinematics_plugin]: Joint weights for group 'arm_1_xarm5': 1 1 1 1 1
[move_group-16] [INFO] [1788462006.424493095] [cite.cell_a.arm_2.move_group.moveit.kinematics.kdl_kinematics_plugin]: Joint weights for group 'arm_2_xarm5': 1 1 1 1 1
[move_group-17] [INFO] [1788462006.538806896] [cite.cell_a.arm_3.move_group.moveit.ros.planning_scene_monitor]: Publishing maintained planning scene on 'monitored_planning_scene'
[move_group-17] [INFO] [1788462006.538979245] [cite.cell_a.arm_3.move_group.moveit.ros.moveit_cpp]: Listening to 'joint_states' for joint states
[move_group-17] [INFO] [1788462006.539791476] [cite.cell_a.arm_3.move_group.moveit.ros.current_state_monitor]: Listening to joint states on topic 'joint_states'
[move_group-17] [INFO] [1788462006.540315053] [cite.cell_a.arm_3.move_group.moveit.ros.planning_scene_monitor]: Listening to '/cite/cell_a/arm_3/attached_collision_object' for attached collision objects
[move_group-17] [INFO] [1788462006.540333069] [cite.cell_a.arm_3.move_group.moveit.ros.planning_scene_monitor]: Stopping existing planning scene publisher.
[move_group-17] [INFO] [1788462006.540451831] [cite.cell_a.arm_3.move_group.moveit.ros.planning_scene_monitor]: Stopped publishing maintained planning scene.
[move_group-17] [INFO] [1788462006.540939708] [cite.cell_a.arm_3.move_group.moveit.ros.planning_scene_monitor]: Publishing maintained planning scene on 'monitored_planning_scene'
[move_group-17] [INFO] [1788462006.541283706] [cite.cell_a.arm_3.move_group.moveit.ros.planning_scene_monitor]: Starting planning scene monitor
[move_group-17] [INFO] [1788462006.542934478] [cite.cell_a.arm_3.move_group.moveit.ros.planning_scene_monitor]: Listening to '/cite/cell_a/arm_3/planning_scene'
[move_group-17] [INFO] [1788462006.542960438] [cite.cell_a.arm_3.move_group.moveit.ros.planning_scene_monitor]: Starting world geometry update monitor for collision objects, attached objects, octomap updates.
[move_group-17] [INFO] [1788462006.543580549] [cite.cell_a.arm_3.move_group.moveit.ros.planning_scene_monitor]: Listening to 'collision_object'
[move_group-17] [INFO] [1788462006.544021369] [cite.cell_a.arm_3.move_group.moveit.ros.planning_scene_monitor]: Listening to 'planning_scene_world' for planning scene world geometry
[move_group-17] [ERROR] [1788462006.544292185] [cite.cell_a.arm_3.move_group.moveit.ros.occupancy_map_monitor]: No 3D sensor plugin(s) defined for octomap updates
[move_group-17] [INFO] [1788462006.616088353] [cite.cell_a.arm_3.move_group.moveit.planners.pilz.joint_limits_aggregator]: Reading limits from namespace robot_description_planning
[move_group-15] [INFO] [1788462006.623346884] [cite.cell_a.arm_1.move_group.moveit.ros.planning_scene_monitor]: Publishing maintained planning scene on 'monitored_planning_scene'
[move_group-17] [INFO] [1788462006.623475133] [cite.cell_a.arm_3.move_group.moveit.planners.pilz.command_planner]: Available plugins: pilz_industrial_motion_planner/PlanningContextLoaderCIRC pilz_industrial_motion_planner/PlanningContextLoaderLIN pilz_industrial_motion_planner/PlanningContextLoaderPTP 
[move_group-17] [INFO] [1788462006.623502781] [cite.cell_a.arm_3.move_group.moveit.planners.pilz.command_planner]: About to load: pilz_industrial_motion_planner/PlanningContextLoaderCIRC
[move_group-15] [INFO] [1788462006.623504189] [cite.cell_a.arm_1.move_group.moveit.ros.moveit_cpp]: Listening to 'joint_states' for joint states
[move_group-15] [INFO] [1788462006.624472112] [cite.cell_a.arm_1.move_group.moveit.ros.current_state_monitor]: Listening to joint states on topic 'joint_states'
[move_group-17] [INFO] [1788462006.624747880] [cite.cell_a.arm_3.move_group.moveit.planners.pilz.command_planner]: Registered Algorithm [CIRC]
[move_group-17] [INFO] [1788462006.624768105] [cite.cell_a.arm_3.move_group.moveit.planners.pilz.command_planner]: About to load: pilz_industrial_motion_planner/PlanningContextLoaderLIN
[move_group-15] [INFO] [1788462006.624985751] [cite.cell_a.arm_1.move_group.moveit.ros.planning_scene_monitor]: Listening to '/cite/cell_a/arm_1/attached_collision_object' for attached collision objects
[move_group-15] [INFO] [1788462006.625003345] [cite.cell_a.arm_1.move_group.moveit.ros.planning_scene_monitor]: Stopping existing planning scene publisher.
[move_group-15] [INFO] [1788462006.625190651] [cite.cell_a.arm_1.move_group.moveit.ros.planning_scene_monitor]: Stopped publishing maintained planning scene.
[move_group-15] [INFO] [1788462006.625631436] [cite.cell_a.arm_1.move_group.moveit.ros.planning_scene_monitor]: Publishing maintained planning scene on 'monitored_planning_scene'
[move_group-17] [INFO] [1788462006.625672154] [cite.cell_a.arm_3.move_group.moveit.planners.pilz.command_planner]: Registered Algorithm [LIN]
[move_group-17] [INFO] [1788462006.625694168] [cite.cell_a.arm_3.move_group.moveit.planners.pilz.command_planner]: About to load: pilz_industrial_motion_planner/PlanningContextLoaderPTP
[move_group-15] [INFO] [1788462006.625705870] [cite.cell_a.arm_1.move_group.moveit.ros.planning_scene_monitor]: Starting planning scene monitor
[move_group-15] [INFO] [1788462006.626066317] [cite.cell_a.arm_1.move_group.moveit.ros.planning_scene_monitor]: Listening to '/cite/cell_a/arm_1/planning_scene'
[move_group-15] [INFO] [1788462006.626082212] [cite.cell_a.arm_1.move_group.moveit.ros.planning_scene_monitor]: Starting world geometry update monitor for collision objects, attached objects, octomap updates.
[move_group-17] [INFO] [1788462006.626513111] [cite.cell_a.arm_3.move_group.moveit.planners.pilz.command_planner]: Registered Algorithm [PTP]
[move_group-17] [INFO] [1788462006.626550602] [cite.cell_a.arm_3.move_group.moveit.ros.planning_pipeline]: Successfully loaded planner 'Pilz Industrial Motion Planner'
[move_group-15] [INFO] [1788462006.628016263] [cite.cell_a.arm_1.move_group.moveit.ros.planning_scene_monitor]: Listening to 'collision_object'
[move_group-15] [INFO] [1788462006.628768807] [cite.cell_a.arm_1.move_group.moveit.ros.planning_scene_monitor]: Listening to 'planning_scene_world' for planning scene world geometry
[move_group-15] [ERROR] [1788462006.629007435] [cite.cell_a.arm_1.move_group.moveit.ros.occupancy_map_monitor]: No 3D sensor plugin(s) defined for octomap updates
[move_group-17] [INFO] [1788462006.629392130] [cite.cell_a.arm_3.move_group]: Try loading adapter 'default_planning_request_adapters/ResolveConstraintFrames'
[move_group-17] [INFO] [1788462006.630197275] [cite.cell_a.arm_3.move_group]: Loaded adapter 'default_planning_request_adapters/ResolveConstraintFrames'
[move_group-17] [INFO] [1788462006.630213047] [cite.cell_a.arm_3.move_group]: Try loading adapter 'default_planning_request_adapters/ValidateWorkspaceBounds'
[move_group-17] [INFO] [1788462006.630539784] [cite.cell_a.arm_3.move_group]: Loaded adapter 'default_planning_request_adapters/ValidateWorkspaceBounds'
[move_group-17] [INFO] [1788462006.630554139] [cite.cell_a.arm_3.move_group]: Try loading adapter 'default_planning_request_adapters/CheckStartStateBounds'
[move_group-17] [INFO] [1788462006.630578230] [cite.cell_a.arm_3.move_group]: Loaded adapter 'default_planning_request_adapters/CheckStartStateBounds'
[move_group-17] [INFO] [1788462006.630584400] [cite.cell_a.arm_3.move_group]: Try loading adapter 'default_planning_request_adapters/CheckStartStateCollision'
[move_group-17] [INFO] [1788462006.630601786] [cite.cell_a.arm_3.move_group]: Loaded adapter 'default_planning_request_adapters/CheckStartStateCollision'
[move_group-17] [INFO] [1788462006.632252927] [cite.cell_a.arm_3.move_group]: Try loading adapter 'default_planning_response_adapters/ValidateSolution'
[move_group-17] [INFO] [1788462006.636358154] [cite.cell_a.arm_3.move_group]: Loaded adapter 'default_planning_response_adapters/ValidateSolution'
[move_group-17] [INFO] [1788462006.636377515] [cite.cell_a.arm_3.move_group]: Try loading adapter 'default_planning_response_adapters/DisplayMotionPath'
[move_group-16] [INFO] [1788462006.636639285] [cite.cell_a.arm_2.move_group.moveit.ros.planning_scene_monitor]: Publishing maintained planning scene on 'monitored_planning_scene'
[move_group-16] [INFO] [1788462006.636811343] [cite.cell_a.arm_2.move_group.moveit.ros.moveit_cpp]: Listening to 'joint_states' for joint states
[move_group-17] [INFO] [1788462006.636986006] [cite.cell_a.arm_3.move_group]: Loaded adapter 'default_planning_response_adapters/DisplayMotionPath'
[move_group-16] [INFO] [1788462006.637800764] [cite.cell_a.arm_2.move_group.moveit.ros.current_state_monitor]: Listening to joint states on topic 'joint_states'
[move_group-16] [INFO] [1788462006.638339509] [cite.cell_a.arm_2.move_group.moveit.ros.planning_scene_monitor]: Listening to '/cite/cell_a/arm_2/attached_collision_object' for attached collision objects
[move_group-16] [INFO] [1788462006.638355427] [cite.cell_a.arm_2.move_group.moveit.ros.planning_scene_monitor]: Stopping existing planning scene publisher.
[move_group-16] [INFO] [1788462006.638453407] [cite.cell_a.arm_2.move_group.moveit.ros.planning_scene_monitor]: Stopped publishing maintained planning scene.
[move_group-16] [INFO] [1788462006.638844505] [cite.cell_a.arm_2.move_group.moveit.ros.planning_scene_monitor]: Publishing maintained planning scene on 'monitored_planning_scene'
[move_group-16] [INFO] [1788462006.638919165] [cite.cell_a.arm_2.move_group.moveit.ros.planning_scene_monitor]: Starting planning scene monitor
[move_group-16] [INFO] [1788462006.640291919] [cite.cell_a.arm_2.move_group.moveit.ros.planning_scene_monitor]: Listening to '/cite/cell_a/arm_2/planning_scene'
[move_group-16] [INFO] [1788462006.640312970] [cite.cell_a.arm_2.move_group.moveit.ros.planning_scene_monitor]: Starting world geometry update monitor for collision objects, attached objects, octomap updates.
[move_group-15] [INFO] [1788462006.640860979] [cite.cell_a.arm_1.move_group.moveit.planners.pilz.joint_limits_aggregator]: Reading limits from namespace robot_description_planning
[move_group-16] [INFO] [1788462006.641280140] [cite.cell_a.arm_2.move_group.moveit.ros.planning_scene_monitor]: Listening to 'collision_object'
[move_group-16] [INFO] [1788462006.642082856] [cite.cell_a.arm_2.move_group.moveit.ros.planning_scene_monitor]: Listening to 'planning_scene_world' for planning scene world geometry
[move_group-16] [ERROR] [1788462006.642386188] [cite.cell_a.arm_2.move_group.moveit.ros.occupancy_map_monitor]: No 3D sensor plugin(s) defined for octomap updates
[move_group-15] [INFO] [1788462006.645487118] [cite.cell_a.arm_1.move_group.moveit.planners.pilz.command_planner]: Available plugins: pilz_industrial_motion_planner/PlanningContextLoaderCIRC pilz_industrial_motion_planner/PlanningContextLoaderLIN pilz_industrial_motion_planner/PlanningContextLoaderPTP 
[move_group-15] [INFO] [1788462006.645517881] [cite.cell_a.arm_1.move_group.moveit.planners.pilz.command_planner]: About to load: pilz_industrial_motion_planner/PlanningContextLoaderCIRC
[move_group-15] [INFO] [1788462006.711288049] [cite.cell_a.arm_1.move_group.moveit.planners.pilz.command_planner]: Registered Algorithm [CIRC]
[move_group-15] [INFO] [1788462006.711347256] [cite.cell_a.arm_1.move_group.moveit.planners.pilz.command_planner]: About to load: pilz_industrial_motion_planner/PlanningContextLoaderLIN
[move_group-15] [INFO] [1788462006.712198956] [cite.cell_a.arm_1.move_group.moveit.planners.pilz.command_planner]: Registered Algorithm [LIN]
[move_group-15] [INFO] [1788462006.712214562] [cite.cell_a.arm_1.move_group.moveit.planners.pilz.command_planner]: About to load: pilz_industrial_motion_planner/PlanningContextLoaderPTP
[move_group-15] [INFO] [1788462006.712899972] [cite.cell_a.arm_1.move_group.moveit.planners.pilz.command_planner]: Registered Algorithm [PTP]
[move_group-15] [INFO] [1788462006.712923951] [cite.cell_a.arm_1.move_group.moveit.ros.planning_pipeline]: Successfully loaded planner 'Pilz Industrial Motion Planner'
[move_group-15] [INFO] [1788462006.714090962] [cite.cell_a.arm_1.move_group]: Try loading adapter 'default_planning_request_adapters/ResolveConstraintFrames'
[move_group-15] [INFO] [1788462006.715070047] [cite.cell_a.arm_1.move_group]: Loaded adapter 'default_planning_request_adapters/ResolveConstraintFrames'
[move_group-15] [INFO] [1788462006.715092802] [cite.cell_a.arm_1.move_group]: Try loading adapter 'default_planning_request_adapters/ValidateWorkspaceBounds'
[move_group-15] [INFO] [1788462006.715524643] [cite.cell_a.arm_1.move_group]: Loaded adapter 'default_planning_request_adapters/ValidateWorkspaceBounds'
[move_group-15] [INFO] [1788462006.715542552] [cite.cell_a.arm_1.move_group]: Try loading adapter 'default_planning_request_adapters/CheckStartStateBounds'
[move_group-15] [INFO] [1788462006.715564252] [cite.cell_a.arm_1.move_group]: Loaded adapter 'default_planning_request_adapters/CheckStartStateBounds'
[move_group-15] [INFO] [1788462006.715568831] [cite.cell_a.arm_1.move_group]: Try loading adapter 'default_planning_request_adapters/CheckStartStateCollision'
[move_group-15] [INFO] [1788462006.715589955] [cite.cell_a.arm_1.move_group]: Loaded adapter 'default_planning_request_adapters/CheckStartStateCollision'
[move_group-15] [INFO] [1788462006.716955908] [cite.cell_a.arm_1.move_group]: Try loading adapter 'default_planning_response_adapters/ValidateSolution'
[move_group-16] [INFO] [1788462006.717365081] [cite.cell_a.arm_2.move_group.moveit.planners.pilz.joint_limits_aggregator]: Reading limits from namespace robot_description_planning
[move_group-17] [INFO] [1788462006.717622423] [cite.cell_a.arm_3.move_group.moveit.ros.planning_pipeline]: Successfully loaded planner 'OMPL'
[move_group-17] [INFO] [1788462006.719910837] [cite.cell_a.arm_3.move_group]: Try loading adapter 'default_planning_request_adapters/ResolveConstraintFrames'
[move_group-17] [INFO] [1788462006.720191302] [cite.cell_a.arm_3.move_group]: Loaded adapter 'default_planning_request_adapters/ResolveConstraintFrames'
[move_group-17] [INFO] [1788462006.720213254] [cite.cell_a.arm_3.move_group]: Try loading adapter 'default_planning_request_adapters/ValidateWorkspaceBounds'
[move_group-17] [INFO] [1788462006.720569710] [cite.cell_a.arm_3.move_group]: Loaded adapter 'default_planning_request_adapters/ValidateWorkspaceBounds'
[move_group-17] [INFO] [1788462006.720593439] [cite.cell_a.arm_3.move_group]: Try loading adapter 'default_planning_request_adapters/CheckStartStateBounds'
[move_group-17] [INFO] [1788462006.720631647] [cite.cell_a.arm_3.move_group]: Loaded adapter 'default_planning_request_adapters/CheckStartStateBounds'
[move_group-17] [INFO] [1788462006.720669163] [cite.cell_a.arm_3.move_group]: Try loading adapter 'default_planning_request_adapters/CheckStartStateCollision'
[move_group-17] [INFO] [1788462006.720698103] [cite.cell_a.arm_3.move_group]: Loaded adapter 'default_planning_request_adapters/CheckStartStateCollision'
[move_group-15] [INFO] [1788462006.722389176] [cite.cell_a.arm_1.move_group]: Loaded adapter 'default_planning_response_adapters/ValidateSolution'
[move_group-15] [INFO] [1788462006.722417590] [cite.cell_a.arm_1.move_group]: Try loading adapter 'default_planning_response_adapters/DisplayMotionPath'
[move_group-17] [INFO] [1788462006.722418789] [cite.cell_a.arm_3.move_group]: Try loading adapter 'default_planning_response_adapters/AddTimeOptimalParameterization'
[move_group-17] [INFO] [1788462006.724008946] [cite.cell_a.arm_3.move_group]: Loaded adapter 'default_planning_response_adapters/AddTimeOptimalParameterization'
[move_group-17] [INFO] [1788462006.724098670] [cite.cell_a.arm_3.move_group]: Try loading adapter 'default_planning_response_adapters/ValidateSolution'
[move_group-15] [INFO] [1788462006.724072505] [cite.cell_a.arm_1.move_group]: Loaded adapter 'default_planning_response_adapters/DisplayMotionPath'
[move_group-17] [INFO] [1788462006.725261392] [cite.cell_a.arm_3.move_group]: Loaded adapter 'default_planning_response_adapters/ValidateSolution'
[move_group-17] [INFO] [1788462006.725281828] [cite.cell_a.arm_3.move_group]: Try loading adapter 'default_planning_response_adapters/DisplayMotionPath'
[move_group-17] [INFO] [1788462006.726201170] [cite.cell_a.arm_3.move_group]: Loaded adapter 'default_planning_response_adapters/DisplayMotionPath'
[move_group-16] [INFO] [1788462006.728011872] [cite.cell_a.arm_2.move_group.moveit.planners.pilz.command_planner]: Available plugins: pilz_industrial_motion_planner/PlanningContextLoaderCIRC pilz_industrial_motion_planner/PlanningContextLoaderLIN pilz_industrial_motion_planner/PlanningContextLoaderPTP 
[move_group-16] [INFO] [1788462006.728053416] [cite.cell_a.arm_2.move_group.moveit.planners.pilz.command_planner]: About to load: pilz_industrial_motion_planner/PlanningContextLoaderCIRC
[move_group-17] [WARN] [1788462006.729494148] [rcl.logging_rosout]: Publisher already registered for node name: 'move_group'. If this is due to multiple nodes with the same name then all logs for the logger named 'cite.cell_a.arm_3.move_group' will go out over the existing publisher. As soon as any node with that name is destructed it will unregister the publisher, preventing any further logs for that name from being published on the rosout topic.
[move_group-16] [INFO] [1788462006.729799531] [cite.cell_a.arm_2.move_group.moveit.planners.pilz.command_planner]: Registered Algorithm [CIRC]
[move_group-16] [INFO] [1788462006.729823502] [cite.cell_a.arm_2.move_group.moveit.planners.pilz.command_planner]: About to load: pilz_industrial_motion_planner/PlanningContextLoaderLIN
[move_group-16] [INFO] [1788462006.730789776] [cite.cell_a.arm_2.move_group.moveit.planners.pilz.command_planner]: Registered Algorithm [LIN]
[move_group-16] [INFO] [1788462006.730817245] [cite.cell_a.arm_2.move_group.moveit.planners.pilz.command_planner]: About to load: pilz_industrial_motion_planner/PlanningContextLoaderPTP
[move_group-16] [INFO] [1788462006.731751786] [cite.cell_a.arm_2.move_group.moveit.planners.pilz.command_planner]: Registered Algorithm [PTP]
[move_group-16] [INFO] [1788462006.731778434] [cite.cell_a.arm_2.move_group.moveit.ros.planning_pipeline]: Successfully loaded planner 'Pilz Industrial Motion Planner'
[move_group-16] [INFO] [1788462006.734642414] [cite.cell_a.arm_2.move_group]: Try loading adapter 'default_planning_request_adapters/ResolveConstraintFrames'
[move_group-16] [INFO] [1788462006.735628273] [cite.cell_a.arm_2.move_group]: Loaded adapter 'default_planning_request_adapters/ResolveConstraintFrames'
[move_group-16] [INFO] [1788462006.735647664] [cite.cell_a.arm_2.move_group]: Try loading adapter 'default_planning_request_adapters/ValidateWorkspaceBounds'
[move_group-16] [INFO] [1788462006.736093986] [cite.cell_a.arm_2.move_group]: Loaded adapter 'default_planning_request_adapters/ValidateWorkspaceBounds'
[move_group-16] [INFO] [1788462006.736116820] [cite.cell_a.arm_2.move_group]: Try loading adapter 'default_planning_request_adapters/CheckStartStateBounds'
[move_group-16] [INFO] [1788462006.736149422] [cite.cell_a.arm_2.move_group]: Loaded adapter 'default_planning_request_adapters/CheckStartStateBounds'
[move_group-16] [INFO] [1788462006.736155530] [cite.cell_a.arm_2.move_group]: Try loading adapter 'default_planning_request_adapters/CheckStartStateCollision'
[move_group-16] [INFO] [1788462006.736174856] [cite.cell_a.arm_2.move_group]: Loaded adapter 'default_planning_request_adapters/CheckStartStateCollision'
[move_group-16] [INFO] [1788462006.738575880] [cite.cell_a.arm_2.move_group]: Try loading adapter 'default_planning_response_adapters/ValidateSolution'
[move_group-15] [INFO] [1788462006.740287910] [cite.cell_a.arm_1.move_group.moveit.ros.planning_pipeline]: Successfully loaded planner 'OMPL'
[move_group-15] [INFO] [1788462006.742409667] [cite.cell_a.arm_1.move_group]: Try loading adapter 'default_planning_request_adapters/ResolveConstraintFrames'
[move_group-15] [INFO] [1788462006.742542025] [cite.cell_a.arm_1.move_group]: Loaded adapter 'default_planning_request_adapters/ResolveConstraintFrames'
[move_group-15] [INFO] [1788462006.742550330] [cite.cell_a.arm_1.move_group]: Try loading adapter 'default_planning_request_adapters/ValidateWorkspaceBounds'
[move_group-15] [INFO] [1788462006.742858044] [cite.cell_a.arm_1.move_group]: Loaded adapter 'default_planning_request_adapters/ValidateWorkspaceBounds'
[move_group-15] [INFO] [1788462006.742876219] [cite.cell_a.arm_1.move_group]: Try loading adapter 'default_planning_request_adapters/CheckStartStateBounds'
[move_group-15] [INFO] [1788462006.742900428] [cite.cell_a.arm_1.move_group]: Loaded adapter 'default_planning_request_adapters/CheckStartStateBounds'
[move_group-15] [INFO] [1788462006.742925377] [cite.cell_a.arm_1.move_group]: Try loading adapter 'default_planning_request_adapters/CheckStartStateCollision'
[move_group-15] [INFO] [1788462006.742941530] [cite.cell_a.arm_1.move_group]: Loaded adapter 'default_planning_request_adapters/CheckStartStateCollision'
[move_group-15] [INFO] [1788462006.810687324] [cite.cell_a.arm_1.move_group]: Try loading adapter 'default_planning_response_adapters/AddTimeOptimalParameterization'
[move_group-15] [INFO] [1788462006.811831215] [cite.cell_a.arm_1.move_group]: Loaded adapter 'default_planning_response_adapters/AddTimeOptimalParameterization'
[move_group-15] [INFO] [1788462006.811863588] [cite.cell_a.arm_1.move_group]: Try loading adapter 'default_planning_response_adapters/ValidateSolution'
[move_group-16] [INFO] [1788462006.812249795] [cite.cell_a.arm_2.move_group]: Loaded adapter 'default_planning_response_adapters/ValidateSolution'
[move_group-16] [INFO] [1788462006.812274044] [cite.cell_a.arm_2.move_group]: Try loading adapter 'default_planning_response_adapters/DisplayMotionPath'
[move_group-15] [INFO] [1788462006.812433719] [cite.cell_a.arm_1.move_group]: Loaded adapter 'default_planning_response_adapters/ValidateSolution'
[move_group-15] [INFO] [1788462006.812449700] [cite.cell_a.arm_1.move_group]: Try loading adapter 'default_planning_response_adapters/DisplayMotionPath'
[move_group-15] [INFO] [1788462006.812833451] [cite.cell_a.arm_1.move_group]: Loaded adapter 'default_planning_response_adapters/DisplayMotionPath'
[move_group-16] [INFO] [1788462006.813437329] [cite.cell_a.arm_2.move_group]: Loaded adapter 'default_planning_response_adapters/DisplayMotionPath'
[move_group-15] [WARN] [1788462006.816663696] [rcl.logging_rosout]: Publisher already registered for node name: 'move_group'. If this is due to multiple nodes with the same name then all logs for the logger named 'cite.cell_a.arm_1.move_group' will go out over the existing publisher. As soon as any node with that name is destructed it will unregister the publisher, preventing any further logs for that name from being published on the rosout topic.
[move_group-16] [INFO] [1788462006.833106565] [cite.cell_a.arm_2.move_group.moveit.ros.planning_pipeline]: Successfully loaded planner 'OMPL'
[move_group-17] [INFO] [1788462006.834239574] [cite.cell_a.arm_3.move_group.moveit.plugins.simple_controller_manager]: Added FollowJointTrajectory controller for arm_3_joint_trajectory_controller
[move_group-17] [INFO] [1788462006.834293540] [cite.cell_a.arm_3.move_group.moveit.plugins.simple_controller_manager]: arm_3_gripper_controller will command a max effort of: 0
[move_group-16] [INFO] [1788462006.835313716] [cite.cell_a.arm_2.move_group]: Try loading adapter 'default_planning_request_adapters/ResolveConstraintFrames'
[move_group-16] [INFO] [1788462006.835617975] [cite.cell_a.arm_2.move_group]: Loaded adapter 'default_planning_request_adapters/ResolveConstraintFrames'
[move_group-16] [INFO] [1788462006.835639846] [cite.cell_a.arm_2.move_group]: Try loading adapter 'default_planning_request_adapters/ValidateWorkspaceBounds'
[move_group-16] [INFO] [1788462006.836248746] [cite.cell_a.arm_2.move_group]: Loaded adapter 'default_planning_request_adapters/ValidateWorkspaceBounds'
[move_group-16] [INFO] [1788462006.836264494] [cite.cell_a.arm_2.move_group]: Try loading adapter 'default_planning_request_adapters/CheckStartStateBounds'
[move_group-16] [INFO] [1788462006.836294720] [cite.cell_a.arm_2.move_group]: Loaded adapter 'default_planning_request_adapters/CheckStartStateBounds'
[move_group-16] [INFO] [1788462006.836320237] [cite.cell_a.arm_2.move_group]: Try loading adapter 'default_planning_request_adapters/CheckStartStateCollision'
[move_group-16] [INFO] [1788462006.836338130] [cite.cell_a.arm_2.move_group]: Loaded adapter 'default_planning_request_adapters/CheckStartStateCollision'
[move_group-16] [INFO] [1788462006.838996043] [cite.cell_a.arm_2.move_group]: Try loading adapter 'default_planning_response_adapters/AddTimeOptimalParameterization'
[move_group-16] [INFO] [1788462006.839757824] [cite.cell_a.arm_2.move_group]: Loaded adapter 'default_planning_response_adapters/AddTimeOptimalParameterization'
[move_group-16] [INFO] [1788462006.839771070] [cite.cell_a.arm_2.move_group]: Try loading adapter 'default_planning_response_adapters/ValidateSolution'
[move_group-16] [INFO] [1788462006.840236835] [cite.cell_a.arm_2.move_group]: Loaded adapter 'default_planning_response_adapters/ValidateSolution'
[move_group-16] [INFO] [1788462006.840251310] [cite.cell_a.arm_2.move_group]: Try loading adapter 'default_planning_response_adapters/DisplayMotionPath'
[move_group-16] [INFO] [1788462006.840549031] [cite.cell_a.arm_2.move_group]: Loaded adapter 'default_planning_response_adapters/DisplayMotionPath'
[move_group-16] [WARN] [1788462006.841777561] [rcl.logging_rosout]: Publisher already registered for node name: 'move_group'. If this is due to multiple nodes with the same name then all logs for the logger named 'cite.cell_a.arm_2.move_group' will go out over the existing publisher. As soon as any node with that name is destructed it will unregister the publisher, preventing any further logs for that name from being published on the rosout topic.
[move_group-17] [INFO] [1788462006.912051628] [cite.cell_a.arm_3.move_group.moveit.plugins.simple_controller_manager]: Added GripperCommand controller for arm_3_gripper_controller
[move_group-17] [INFO] [1788462006.912240733] [cite.cell_a.arm_3.move_group.moveit.plugins.simple_controller_manager]: Returned 2 controllers in list
[move_group-17] [INFO] [1788462006.912273806] [cite.cell_a.arm_3.move_group.moveit.plugins.simple_controller_manager]: Returned 2 controllers in list
[move_group-17] [INFO] [1788462006.913468612] [cite.cell_a.arm_3.move_group.moveit.ros.trajectory_execution_manager]: Trajectory execution is not managing controllers
[move_group-17] [INFO] [1788462006.913494453] [cite.cell_a.arm_3.move_group]: MoveGroup debug mode is ON
[move_group-15] [INFO] [1788462006.919097907] [cite.cell_a.arm_1.move_group.moveit.plugins.simple_controller_manager]: Added FollowJointTrajectory controller for arm_1_joint_trajectory_controller
[move_group-15] [INFO] [1788462006.919235776] [cite.cell_a.arm_1.move_group.moveit.plugins.simple_controller_manager]: arm_1_gripper_controller will command a max effort of: 0
[move_group-15] [INFO] [1788462006.927383884] [cite.cell_a.arm_1.move_group.moveit.plugins.simple_controller_manager]: Added GripperCommand controller for arm_1_gripper_controller
[move_group-15] [INFO] [1788462006.927598050] [cite.cell_a.arm_1.move_group.moveit.plugins.simple_controller_manager]: Returned 2 controllers in list
[move_group-15] [INFO] [1788462006.927639455] [cite.cell_a.arm_1.move_group.moveit.plugins.simple_controller_manager]: Returned 2 controllers in list
[move_group-15] [INFO] [1788462006.928428988] [cite.cell_a.arm_1.move_group.moveit.ros.trajectory_execution_manager]: Trajectory execution is not managing controllers
[move_group-15] [INFO] [1788462006.928452538] [cite.cell_a.arm_1.move_group]: MoveGroup debug mode is ON
[move_group-16] [INFO] [1788462007.020847357] [cite.cell_a.arm_2.move_group.moveit.plugins.simple_controller_manager]: Added FollowJointTrajectory controller for arm_2_joint_trajectory_controller
[move_group-16] [INFO] [1788462007.020906268] [cite.cell_a.arm_2.move_group.moveit.plugins.simple_controller_manager]: arm_2_gripper_controller will command a max effort of: 0
[move_group-17] [INFO] [1788462007.024352089] [cite.cell_a.arm_3.move_group.moveit.ros.move_group.executable]: 
[move_group-17] 
[move_group-17] ********************************************************
[move_group-17] * MoveGroup using: 
[move_group-17] *     - apply_planning_scene_service
[move_group-17] *     - clear_octomap_service
[move_group-17] *     - get_group_urdf
[move_group-17] *     - load_geometry_from_file
[move_group-17] *     - CartesianPathService
[move_group-17] *     - execute_trajectory_action
[move_group-17] *     - get_planning_scene_service
[move_group-17] *     - kinematics_service
[move_group-17] *     - move_action
[move_group-17] *     - motion_plan_service
[move_group-17] *     - query_planners_service
[move_group-17] *     - state_validation_service
[move_group-17] *     - save_geometry_to_file
[move_group-17] ********************************************************
[move_group-17] 
[move_group-17] [INFO] [1788462007.024418605] [cite.cell_a.arm_3.move_group.moveit.ros.move_group.context]: MoveGroup context using pipeline pilz_industrial_motion_planner
[move_group-17] [INFO] [1788462007.024433662] [cite.cell_a.arm_3.move_group.moveit.ros.move_group.context]: MoveGroup context initialization complete
[move_group-17] [96mLoading 'move_group/ApplyPlanningSceneService'...[0m
[move_group-17] [96mLoading 'move_group/ClearOctomapService'...[0m
[move_group-17] [96mLoading 'move_group/GetUrdfService'...[0m
[move_group-17] [96mLoading 'move_group/LoadGeometryFromFileService'...[0m
[move_group-17] [96mLoading 'move_group/MoveGroupCartesianPathService'...[0m
[move_group-17] [96mLoading 'move_group/MoveGroupExecuteTrajectoryAction'...[0m
[move_group-17] [96mLoading 'move_group/MoveGroupGetPlanningSceneService'...[0m
[move_group-17] [96mLoading 'move_group/MoveGroupKinematicsService'...[0m
[move_group-17] [96mLoading 'move_group/MoveGroupMoveAction'...[0m
[move_group-17] [96mLoading 'move_group/MoveGroupPlanService'...[0m
[move_group-17] [96mLoading 'move_group/MoveGroupQueryPlannersService'...[0m
[move_group-17] [96mLoading 'move_group/MoveGroupStateValidationService'...[0m
[move_group-17] [96mLoading 'move_group/SaveGeometryToFileService'...[0m
[move_group-17] 
[move_group-17] [92mYou can start planning now![0m
[move_group-17] 
[move_group-16] [INFO] [1788462007.026635332] [cite.cell_a.arm_2.move_group.moveit.plugins.simple_controller_manager]: Added GripperCommand controller for arm_2_gripper_controller
[move_group-16] [INFO] [1788462007.026857787] [cite.cell_a.arm_2.move_group.moveit.plugins.simple_controller_manager]: Returned 2 controllers in list
[move_group-16] [INFO] [1788462007.026904816] [cite.cell_a.arm_2.move_group.moveit.plugins.simple_controller_manager]: Returned 2 controllers in list
[move_group-16] [INFO] [1788462007.027871907] [cite.cell_a.arm_2.move_group.moveit.ros.trajectory_execution_manager]: Trajectory execution is not managing controllers
[move_group-16] [INFO] [1788462007.027895845] [cite.cell_a.arm_2.move_group]: MoveGroup debug mode is ON
[gz-1] [1;33m[Wrn] [conveyor.cpp:169] [0m[1;33m[cite_conveyor] belt at [0m[1;33m1.05[0m[1;33m [0m[1;33m0[0m[1;33m [0m[1;33m0.6[0m[1;33m [0m[1;33m0[0m[1;33m [0m[1;33m0[0m[1;33m [0m[1;33m0[0m[1;33m commanded on '[0m[1;33m/cite/cell_a/conveyor_1/command[0m[1;33m', reporting on '[0m[1;33m/cite/cell_a/conveyor_1/state[0m[1;33m'[0m
[gz-1] [1;33m[Wrn] [conveyor.cpp:169] [0m[1;33m[cite_conveyor] belt at [0m[1;33m3.15[0m[1;33m [0m[1;33m0[0m[1;33m [0m[1;33m0.6[0m[1;33m [0m[1;33m0[0m[1;33m [0m[1;33m0[0m[1;33m [0m[1;33m0[0m[1;33m commanded on '[0m[1;33m/cite/cell_a/conveyor_2/command[0m[1;33m', reporting on '[0m[1;33m/cite/cell_a/conveyor_2/state[0m[1;33m'[0m
[move_group-15] [INFO] [1788462007.036601552] [cite.cell_a.arm_1.move_group.moveit.ros.move_group.executable]: 
[move_group-15] 
[move_group-15] ********************************************************
[move_group-15] * MoveGroup using: 
[move_group-15] *     - apply_planning_scene_service
[move_group-15] *     - clear_octomap_service
[move_group-15] *     - get_group_urdf
[move_group-15] *     - load_geometry_from_file
[move_group-15] *     - CartesianPathService
[move_group-15] *     - execute_trajectory_action
[move_group-15] *     - get_planning_scene_service
[move_group-15] *     - kinematics_service
[move_group-15] *     - move_action
[move_group-15] *     - motion_plan_service
[move_group-15] *     - query_planners_service
[move_group-15] *     - state_validation_service
[move_group-15] *     - save_geometry_to_file
[move_group-15] ********************************************************
[move_group-15] 
[move_group-15] [INFO] [1788462007.036654399] [cite.cell_a.arm_1.move_group.moveit.ros.move_group.context]: MoveGroup context using pipeline pilz_industrial_motion_planner
[move_group-15] [INFO] [1788462007.036664894] [cite.cell_a.arm_1.move_group.moveit.ros.move_group.context]: MoveGroup context initialization complete
[move_group-15] [96mLoading 'move_group/ApplyPlanningSceneService'...[0m
[move_group-15] [96mLoading 'move_group/ClearOctomapService'...[0m
[move_group-15] [96mLoading 'move_group/GetUrdfService'...[0m
[move_group-15] [96mLoading 'move_group/LoadGeometryFromFileService'...[0m
[move_group-15] [96mLoading 'move_group/MoveGroupCartesianPathService'...[0m
[move_group-15] [96mLoading 'move_group/MoveGroupExecuteTrajectoryAction'...[0m
[move_group-15] [96mLoading 'move_group/MoveGroupGetPlanningSceneService'...[0m
[move_group-15] [96mLoading 'move_group/MoveGroupKinematicsService'...[0m
[move_group-15] [96mLoading 'move_group/MoveGroupMoveAction'...[0m
[move_group-15] [96mLoading 'move_group/MoveGroupPlanService'...[0m
[move_group-15] [96mLoading 'move_group/MoveGroupQueryPlannersService'...[0m
[move_group-15] [96mLoading 'move_group/MoveGroupStateValidationService'...[0m
[move_group-15] [96mLoading 'move_group/SaveGeometryToFileService'...[0m
[move_group-15] 
[move_group-15] [92mYou can start planning now![0m
[move_group-15] 
[gz-1] [1;33m[Wrn] [conveyor.cpp:169] [0m[1;33m[cite_conveyor] belt at [0m[1;33m5.25[0m[1;33m [0m[1;33m0[0m[1;33m [0m[1;33m0.6[0m[1;33m [0m[1;33m0[0m[1;33m [0m[1;33m0[0m[1;33m [0m[1;33m0[0m[1;33m commanded on '[0m[1;33m/cite/cell_a/conveyor_3/command[0m[1;33m', reporting on '[0m[1;33m/cite/cell_a/conveyor_3/state[0m[1;33m'[0m
[gz-1] [1;33m[Wrn] [break_beam.cpp:189] [0m[1;33m[cite_beam] beam at [0m[1;33m1.627[0m[1;33m [0m[1;33m0.25[0m[1;33m [0m[1;33m0.63[0m[1;33m [0m[1;33m0[0m[1;33m [0m[1;33m0[0m[1;33m [0m[1;33m0[0m[1;33m reporting on '[0m[1;33m/cite/cell_a/beam_c1_out/detection[0m[1;33m'[0m
[gz-1] [1;33m[Wrn] [break_beam.cpp:189] [0m[1;33m[cite_beam] beam at [0m[1;33m3.727[0m[1;33m [0m[1;33m0.25[0m[1;33m [0m[1;33m0.63[0m[1;33m [0m[1;33m0[0m[1;33m [0m[1;33m0[0m[1;33m [0m[1;33m0[0m[1;33m reporting on '[0m[1;33m/cite/cell_a/beam_c2_out/detection[0m[1;33m'[0m
[gz-1] [1;33m[Wrn] [break_beam.cpp:189] [0m[1;33m[cite_beam] beam at [0m[1;33m5.75[0m[1;33m [0m[1;33m0.25[0m[1;33m [0m[1;33m0.63[0m[1;33m [0m[1;33m0[0m[1;33m [0m[1;33m0[0m[1;33m [0m[1;33m0[0m[1;33m reporting on '[0m[1;33m/cite/cell_a/beam_c3_out/detection[0m[1;33m'[0m
[gz-1] [1;33m[Wrn] [break_beam.cpp:189] [0m[1;33m[cite_beam] beam at [0m[1;33m-0.475[0m[1;33m [0m[1;33m0.25[0m[1;33m [0m[1;33m0.63[0m[1;33m [0m[1;33m0[0m[1;33m [0m[1;33m0[0m[1;33m [0m[1;33m0[0m[1;33m reporting on '[0m[1;33m/cite/cell_a/beam_pick/detection[0m[1;33m'[0m
[move_group-16] [INFO] [1788462007.118335418] [cite.cell_a.arm_2.move_group.moveit.ros.move_group.executable]: 
[move_group-16] 
[move_group-16] ********************************************************
[move_group-16] * MoveGroup using: 
[move_group-16] *     - apply_planning_scene_service
[move_group-16] *     - clear_octomap_service
[move_group-16] *     - get_group_urdf
[move_group-16] *     - load_geometry_from_file
[move_group-16] *     - CartesianPathService
[move_group-16] *     - execute_trajectory_action
[move_group-16] *     - get_planning_scene_service
[move_group-16] *     - kinematics_service
[move_group-16] *     - move_action
[move_group-16] *     - motion_plan_service
[move_group-16] *     - query_planners_service
[move_group-16] *     - state_validation_service
[move_group-16] *     - save_geometry_to_file
[move_group-16] ********************************************************
[move_group-16] 
[move_group-16] [INFO] [1788462007.118392803] [cite.cell_a.arm_2.move_group.moveit.ros.move_group.context]: MoveGroup context using pipeline pilz_industrial_motion_planner
[move_group-16] [INFO] [1788462007.118402783] [cite.cell_a.arm_2.move_group.moveit.ros.move_group.context]: MoveGroup context initialization complete
[move_group-16] [96mLoading 'move_group/ApplyPlanningSceneService'...[0m
[move_group-16] [96mLoading 'move_group/ClearOctomapService'...[0m
[move_group-16] [96mLoading 'move_group/GetUrdfService'...[0m
[move_group-16] [96mLoading 'move_group/LoadGeometryFromFileService'...[0m
[move_group-16] [96mLoading 'move_group/MoveGroupCartesianPathService'...[0m
[move_group-16] [96mLoading 'move_group/MoveGroupExecuteTrajectoryAction'...[0m
[move_group-16] [96mLoading 'move_group/MoveGroupGetPlanningSceneService'...[0m
[move_group-16] [96mLoading 'move_group/MoveGroupKinematicsService'...[0m
[move_group-16] [96mLoading 'move_group/MoveGroupMoveAction'...[0m
[move_group-16] [96mLoading 'move_group/MoveGroupPlanService'...[0m
[move_group-16] [96mLoading 'move_group/MoveGroupQueryPlannersService'...[0m
[move_group-16] [96mLoading 'move_group/MoveGroupStateValidationService'...[0m
[move_group-16] [96mLoading 'move_group/SaveGeometryToFileService'...[0m
[move_group-16] 
[move_group-16] [92mYou can start planning now![0m
[move_group-16] 
[create-8] [INFO] [1788462007.215279630] [spawn_arm_2]: Waiting messages on topic [/cite/cell_a/arm_2/robot_description].
[spawner-14] [INFO] [1788462007.294622684] [spawn_arm_1_stage0]: waiting for service /cite/cell_a/arm_1/controller_manager/list_controllers to become available...
[create-6] [INFO] [1788462007.315454095] [spawn_arm_1]: Waiting messages on topic [/cite/cell_a/arm_1/robot_description].
[create-4] [INFO] [1788462007.415521669] [spawn_scene]: Waiting messages on topic [robot_description].
[frame_server.py-11] [INFO] [1788462007.432296375] [cite.facility.frame_server]: configured with 21 static transform(s)
[frame_server.py-11] [INFO] [1788462007.438429548] [cite.facility.frame_server]: published 21 static transform(s)
[create-8] [INFO] [1788462007.514994910] [spawn_arm_2]: Entity creation successful.
[create-6] [INFO] [1788462007.515070694] [spawn_arm_1]: Entity creation successful.
[create-4] [INFO] [1788462007.515133063] [spawn_scene]: Entity creation successful.
[create-10] [INFO] [1788462007.515994835] [spawn_arm_3]: Waiting messages on topic [/cite/cell_a/arm_3/robot_description].
[create-10] [INFO] [1788462007.527768916] [spawn_arm_3]: Entity creation successful.
[INFO] [create-6]: process has finished cleanly [pid 117]
[INFO] [create-8]: process has finished cleanly [pid 119]
[INFO] [create-4]: process has finished cleanly [pid 115]
[INFO] [create-10]: process has finished cleanly [pid 121]
[gz-1] [1;33mWarning [parser_urdf.cc:1170][0m multiple inconsistent <self_collide> exists due to fixed joint reduction overwriting previous value [1] with [0].
[gz-1] [1;31m[Err] [SystemLoader.cc:92] [0m[1;31mFailed to load system plugin [[0m[1;31mlibgazebo_mimic_joint_plugin.so[0m[1;31m] : Could not find shared library.[0m[1;31m[0m
[gz-1] [1;31m[Err] [SystemLoader.cc:92] [0m[1;31mFailed to load system plugin [[0m[1;31mlibgazebo_mimic_joint_plugin.so[0m[1;31m] : Could not find shared library.[0m[1;31m[0m
[gz-1] [1;31m[Err] [SystemLoader.cc:92] [0m[1;31mFailed to load system plugin [[0m[1;31mlibgazebo_mimic_joint_plugin.so[0m[1;31m] : Could not find shared library.[0m[1;31m[0m
[gz-1] [1;31m[Err] [SystemLoader.cc:92] [0m[1;31mFailed to load system plugin [[0m[1;31mlibgazebo_mimic_joint_plugin.so[0m[1;31m] : Could not find shared library.[0m[1;31m[0m
[gz-1] [1;31m[Err] [SystemLoader.cc:92] [0m[1;31mFailed to load system plugin [[0m[1;31mlibgazebo_mimic_joint_plugin.so[0m[1;31m] : Could not find shared library.[0m[1;31m[0m
[gz-1] [INFO] [1788462008.646275004] [cite.cell_a.arm_2.gz_ros_control]: [gz_ros2_control] Fixed joint ['arm_2_mount_world_anchor'] (Entity='60') is skipped.
[gz-1] [INFO] [1788462008.648077781] [cite.cell_a.arm_2.gz_ros_control]: Loading controller_manager
[gz-1] [INFO] [1788462008.658136730] [cite.cell_a.arm_2.controller_manager]: Using ROS clock for triggering controller manager cycles.
[gz-1] [INFO] [1788462008.661115592] [cite.cell_a.arm_2.controller_manager]: Subscribing to '/cite/cell_a/arm_2/robot_description' topic for robot description.
[gz-1] [WARN] [1788462008.662768780] [cite.cell_a.arm_2.gz_ros_control]: Waiting RM to load and initialize hardware...
[topology_server.py-13] [INFO] [1788462008.794759082] [cite.facility.topology_server]: configured with 5 station(s) and 4 edge(s)
[model_info.py-12] [INFO] [1788462008.803700313] [cite.facility.model_info]: configured for model 95dbbdd9f18c
[gz-1] [WARN] [1788462009.660902883] [cite.cell_a.arm_2.controller_manager]: Waiting for data on 'robot_description' topic to finish initialization
[gz-1] [INFO] [1788462009.860744459] [cite.cell_a.arm_2.controller_manager]: Received robot description from topic.
[gz-1] [INFO] [1788462009.863389630] [cite.cell_a.arm_2.gz_ros_control]: Using JointLimiter for joint 'arm_2_joint5' in hardware 'arm_2_gz_ros2_control/GazeboSimSystem' : '  has position limits: true [-6.28319, 6.28319]
[gz-1]   has velocity limits: true [3.14]
[gz-1]   has acceleration limits: false [nan]
[gz-1]   has deceleration limits: false [nan]
[gz-1]   has jerk limits: false [nan]
[gz-1]   has effort limits: true [20]
[gz-1]   angle wraparound: false'
[gz-1] [INFO] [1788462009.863413131] [cite.cell_a.arm_2.gz_ros_control]: Creating JointSaturationLimiter for joint 'arm_2_joint5' in hardware 'arm_2_gz_ros2_control/GazeboSimSystem'
[gz-1] [INFO] [1788462009.863432218] [cite.cell_a.arm_2.gz_ros_control]: Using JointLimiter for joint 'arm_2_joint4' in hardware 'arm_2_gz_ros2_control/GazeboSimSystem' : '  has position limits: true [-1.69297, 3.14159]
[gz-1]   has velocity limits: true [3.14]
[gz-1]   has acceleration limits: false [nan]
[gz-1]   has deceleration limits: false [nan]
[gz-1]   has jerk limits: false [nan]
[gz-1]   has effort limits: true [20]
[gz-1]   angle wraparound: false'
[gz-1] [INFO] [1788462009.863439647] [cite.cell_a.arm_2.gz_ros_control]: Creating JointSaturationLimiter for joint 'arm_2_joint4' in hardware 'arm_2_gz_ros2_control/GazeboSimSystem'
[gz-1] [INFO] [1788462009.863449154] [cite.cell_a.arm_2.gz_ros_control]: Using JointLimiter for joint 'arm_2_joint3' in hardware 'arm_2_gz_ros2_control/GazeboSimSystem' : '  has position limits: true [-3.927, 0.19198]
[gz-1]   has velocity limits: true [3.14]
[gz-1]   has acceleration limits: false [nan]
[gz-1]   has deceleration limits: false [nan]
[gz-1]   has jerk limits: false [nan]
[gz-1]   has effort limits: true [30]
[gz-1]   angle wraparound: false'
[gz-1] [INFO] [1788462009.863454597] [cite.cell_a.arm_2.gz_ros_control]: Creating JointSaturationLimiter for joint 'arm_2_joint3' in hardware 'arm_2_gz_ros2_control/GazeboSimSystem'
[gz-1] [INFO] [1788462009.863460327] [cite.cell_a.arm_2.gz_ros_control]: Using JointLimiter for joint 'arm_2_joint2' in hardware 'arm_2_gz_ros2_control/GazeboSimSystem' : '  has position limits: true [-2.059, 2.0944]
[gz-1]   has velocity limits: true [3.14]
[gz-1]   has acceleration limits: false [nan]
[gz-1]   has deceleration limits: false [nan]
[gz-1]   has jerk limits: false [nan]
[gz-1]   has effort limits: true [50]
[gz-1]   angle wraparound: false'
[gz-1] [INFO] [1788462009.863464556] [cite.cell_a.arm_2.gz_ros_control]: Creating JointSaturationLimiter for joint 'arm_2_joint2' in hardware 'arm_2_gz_ros2_control/GazeboSimSystem'
[gz-1] [INFO] [1788462009.863469711] [cite.cell_a.arm_2.gz_ros_control]: Using JointLimiter for joint 'arm_2_joint1' in hardware 'arm_2_gz_ros2_control/GazeboSimSystem' : '  has position limits: true [-6.28319, 6.28319]
[gz-1]   has velocity limits: true [3.14]
[gz-1]   has acceleration limits: false [nan]
[gz-1]   has deceleration limits: false [nan]
[gz-1]   has jerk limits: false [nan]
[gz-1]   has effort limits: true [50]
[gz-1]   angle wraparound: false'
[gz-1] [INFO] [1788462009.863473219] [cite.cell_a.arm_2.gz_ros_control]: Creating JointSaturationLimiter for joint 'arm_2_joint1' in hardware 'arm_2_gz_ros2_control/GazeboSimSystem'
[gz-1] [INFO] [1788462009.863481648] [cite.cell_a.arm_2.gz_ros_control]: Using JointLimiter for joint 'arm_2_right_inner_knuckle_joint' in hardware 'arm_2_XArmGripperSystem' : '  has position limits: true [0, 0.85]
[gz-1]   has velocity limits: true [2]
[gz-1]   has acceleration limits: false [nan]
[gz-1]   has deceleration limits: false [nan]
[gz-1]   has jerk limits: false [nan]
[gz-1]   has effort limits: true [50]
[gz-1]   angle wraparound: false'
[gz-1] [INFO] [1788462009.863503542] [cite.cell_a.arm_2.gz_ros_control]: Creating JointSaturationLimiter for joint 'arm_2_right_inner_knuckle_joint' in hardware 'arm_2_XArmGripperSystem'
[gz-1] [INFO] [1788462009.863511042] [cite.cell_a.arm_2.gz_ros_control]: Using JointLimiter for joint 'arm_2_right_finger_joint' in hardware 'arm_2_XArmGripperSystem' : '  has position limits: true [0, 0.85]
[gz-1]   has velocity limits: true [2]
[gz-1]   has acceleration limits: false [nan]
[gz-1]   has deceleration limits: false [nan]
[gz-1]   has jerk limits: false [nan]
[gz-1]   has effort limits: true [50]
[gz-1]   angle wraparound: false'
[gz-1] [INFO] [1788462009.863514611] [cite.cell_a.arm_2.gz_ros_control]: Creating JointSaturationLimiter for joint 'arm_2_right_finger_joint' in hardware 'arm_2_XArmGripperSystem'
[gz-1] [INFO] [1788462009.863520285] [cite.cell_a.arm_2.gz_ros_control]: Using JointLimiter for joint 'arm_2_right_outer_knuckle_joint' in hardware 'arm_2_XArmGripperSystem' : '  has position limits: true [0, 0.85]
[gz-1]   has velocity limits: true [2]
[gz-1]   has acceleration limits: false [nan]
[gz-1]   has deceleration limits: false [nan]
[gz-1]   has jerk limits: false [nan]
[gz-1]   has effort limits: true [50]
[gz-1]   angle wraparound: false'
[gz-1] [INFO] [1788462009.863523808] [cite.cell_a.arm_2.gz_ros_control]: Creating JointSaturationLimiter for joint 'arm_2_right_outer_knuckle_joint' in hardware 'arm_2_XArmGripperSystem'
[gz-1] [INFO] [1788462009.863529898] [cite.cell_a.arm_2.gz_ros_control]: Using JointLimiter for joint 'arm_2_left_finger_joint' in hardware 'arm_2_XArmGripperSystem' : '  has position limits: true [0, 0.85]
[gz-1]   has velocity limits: true [2]
[gz-1]   has acceleration limits: false [nan]
[gz-1]   has deceleration limits: false [nan]
[gz-1]   has jerk limits: false [nan]
[gz-1]   has effort limits: true [50]
[gz-1]   angle wraparound: false'
[gz-1] [INFO] [1788462009.863533354] [cite.cell_a.arm_2.gz_ros_control]: Creating JointSaturationLimiter for joint 'arm_2_left_finger_joint' in hardware 'arm_2_XArmGripperSystem'
[gz-1] [INFO] [1788462009.863539535] [cite.cell_a.arm_2.gz_ros_control]: Using JointLimiter for joint 'arm_2_left_inner_knuckle_joint' in hardware 'arm_2_XArmGripperSystem' : '  has position limits: true [0, 0.85]
[gz-1]   has velocity limits: true [2]
[gz-1]   has acceleration limits: false [nan]
[gz-1]   has deceleration limits: false [nan]
[gz-1]   has jerk limits: false [nan]
[gz-1]   has effort limits: true [50]
[gz-1]   angle wraparound: false'
[gz-1] [INFO] [1788462009.863543016] [cite.cell_a.arm_2.gz_ros_control]: Creating JointSaturationLimiter for joint 'arm_2_left_inner_knuckle_joint' in hardware 'arm_2_XArmGripperSystem'
[gz-1] [INFO] [1788462009.863548700] [cite.cell_a.arm_2.gz_ros_control]: Using JointLimiter for joint 'arm_2_drive_joint' in hardware 'arm_2_XArmGripperSystem' : '  has position limits: true [0, 0.85]
[gz-1]   has velocity limits: true [1]
[gz-1]   has acceleration limits: false [nan]
[gz-1]   has deceleration limits: false [nan]
[gz-1]   has jerk limits: false [nan]
[gz-1]   has effort limits: true [50]
[gz-1]   angle wraparound: false'
[gz-1] [INFO] [1788462009.863553556] [cite.cell_a.arm_2.gz_ros_control]: Creating JointSaturationLimiter for joint 'arm_2_drive_joint' in hardware 'arm_2_XArmGripperSystem'
[gz-1] [INFO] [1788462009.863561407] [cite.cell_a.arm_2.controller_manager]: Enforcing command limits is enabled...
[gz-1] [INFO] [1788462009.866700038] [cite.cell_a.arm_2.gz_ros_control]: The position_proportional_gain has been set to: 0.1
[gz-1] [INFO] [1788462009.866738838] [cite.cell_a.arm_2.gz_ros_control]: Loading joint: arm_2_joint1
[gz-1] [INFO] [1788462009.866744303] [cite.cell_a.arm_2.gz_ros_control]: 	State:
[gz-1] [INFO] [1788462009.866749289] [cite.cell_a.arm_2.gz_ros_control]: 		 position
[gz-1] [INFO] [1788462009.866752902] [cite.cell_a.arm_2.gz_ros_control]: 		 velocity
[gz-1] [INFO] [1788462009.866758796] [cite.cell_a.arm_2.gz_ros_control]: 	Command:
[gz-1] [INFO] [1788462009.866761663] [cite.cell_a.arm_2.gz_ros_control]: 		 position
[gz-1] [INFO] [1788462009.866768580] [cite.cell_a.arm_2.gz_ros_control]: 		 velocity
[gz-1] [INFO] [1788462009.866775723] [cite.cell_a.arm_2.gz_ros_control]: Loading joint: arm_2_joint2
[gz-1] [INFO] [1788462009.866779384] [cite.cell_a.arm_2.gz_ros_control]: 	State:
[gz-1] [INFO] [1788462009.866791200] [cite.cell_a.arm_2.gz_ros_control]: 		 position
[gz-1] [INFO] [1788462009.866799597] [cite.cell_a.arm_2.gz_ros_control]: 		 velocity
[gz-1] [INFO] [1788462009.866802986] [cite.cell_a.arm_2.gz_ros_control]: 	Command:
[gz-1] [INFO] [1788462009.866805702] [cite.cell_a.arm_2.gz_ros_control]: 		 position
[gz-1] [INFO] [1788462009.866810371] [cite.cell_a.arm_2.gz_ros_control]: 		 velocity
[gz-1] [INFO] [1788462009.866816312] [cite.cell_a.arm_2.gz_ros_control]: Loading joint: arm_2_joint3
[gz-1] [INFO] [1788462009.866819648] [cite.cell_a.arm_2.gz_ros_control]: 	State:
[gz-1] [INFO] [1788462009.866822313] [cite.cell_a.arm_2.gz_ros_control]: 		 position
[gz-1] [INFO] [1788462009.866825444] [cite.cell_a.arm_2.gz_ros_control]: 		 velocity
[gz-1] [INFO] [1788462009.866828125] [cite.cell_a.arm_2.gz_ros_control]: 	Command:
[gz-1] [INFO] [1788462009.866830548] [cite.cell_a.arm_2.gz_ros_control]: 		 position
[gz-1] [INFO] [1788462009.866835676] [cite.cell_a.arm_2.gz_ros_control]: 		 velocity
[gz-1] [INFO] [1788462009.866841860] [cite.cell_a.arm_2.gz_ros_control]: Loading joint: arm_2_joint4
[gz-1] [INFO] [1788462009.866844662] [cite.cell_a.arm_2.gz_ros_control]: 	State:
[gz-1] [INFO] [1788462009.866849238] [cite.cell_a.arm_2.gz_ros_control]: 		 position
[gz-1] [INFO] [1788462009.866851841] [cite.cell_a.arm_2.gz_ros_control]: 		 velocity
[gz-1] [INFO] [1788462009.866854324] [cite.cell_a.arm_2.gz_ros_control]: 	Command:
[gz-1] [INFO] [1788462009.866856670] [cite.cell_a.arm_2.gz_ros_control]: 		 position
[gz-1] [INFO] [1788462009.866860595] [cite.cell_a.arm_2.gz_ros_control]: 		 velocity
[gz-1] [INFO] [1788462009.866866463] [cite.cell_a.arm_2.gz_ros_control]: Loading joint: arm_2_joint5
[gz-1] [INFO] [1788462009.866869255] [cite.cell_a.arm_2.gz_ros_control]: 	State:
[gz-1] [INFO] [1788462009.866871700] [cite.cell_a.arm_2.gz_ros_control]: 		 position
[gz-1] [INFO] [1788462009.866874983] [cite.cell_a.arm_2.gz_ros_control]: 		 velocity
[gz-1] [INFO] [1788462009.866877735] [cite.cell_a.arm_2.gz_ros_control]: 	Command:
[gz-1] [INFO] [1788462009.866880186] [cite.cell_a.arm_2.gz_ros_control]: 		 position
[gz-1] [INFO] [1788462009.866884756] [cite.cell_a.arm_2.gz_ros_control]: 		 velocity
[gz-1] [INFO] [1788462009.866976323] [cite.cell_a.arm_2.controller_manager]: Initialize hardware 'arm_2_gz_ros2_control/GazeboSimSystem' 
[gz-1] [WARN] [1788462009.866992436] [cite.cell_a.arm_2.controller_manager.hardware_component.system.arm_2_gz_ros2_control/GazeboSimSystem]: Executor is not available during hardware component initialization for 'arm_2_gz_ros2_control/GazeboSimSystem'. Skipping node creation!
[gz-1] [INFO] [1788462009.867047809] [cite.cell_a.arm_2.controller_manager]: Successful initialization of hardware 'arm_2_gz_ros2_control/GazeboSimSystem'
[gz-1] [INFO] [1788462009.867197352] [cite.cell_a.arm_2.gz_ros_control]: The position_proportional_gain has been set to: 0.1
[gz-1] [INFO] [1788462009.867208756] [cite.cell_a.arm_2.gz_ros_control]: Loading joint: arm_2_drive_joint
[gz-1] [INFO] [1788462009.867212048] [cite.cell_a.arm_2.gz_ros_control]: 	State:
[gz-1] [INFO] [1788462009.867214847] [cite.cell_a.arm_2.gz_ros_control]: 		 position
[gz-1] [INFO] [1788462009.867217736] [cite.cell_a.arm_2.gz_ros_control]: 		 velocity
[gz-1] [INFO] [1788462009.867220749] [cite.cell_a.arm_2.gz_ros_control]: 	Command:
[gz-1] [INFO] [1788462009.867223396] [cite.cell_a.arm_2.gz_ros_control]: 		 position
[gz-1] [INFO] [1788462009.867228306] [cite.cell_a.arm_2.gz_ros_control]: 		 velocity
[gz-1] [INFO] [1788462009.867235648] [cite.cell_a.arm_2.gz_ros_control]: Loading joint: arm_2_left_finger_joint
[gz-1] [INFO] [1788462009.867239689] [cite.cell_a.arm_2.gz_ros_control]: Joint 'arm_2_left_finger_joint'is mimicking joint 'arm_2_drive_joint' with multiplier: 1 and offset: 0
[gz-1] [INFO] [1788462009.867242945] [cite.cell_a.arm_2.gz_ros_control]: 	State:
[gz-1] [INFO] [1788462009.867250289] [cite.cell_a.arm_2.gz_ros_control]: 		 position
[gz-1] [INFO] [1788462009.867254875] [cite.cell_a.arm_2.gz_ros_control]: 		 velocity
[gz-1] [INFO] [1788462009.867258890] [cite.cell_a.arm_2.gz_ros_control]: 	Command:
[gz-1] [INFO] [1788462009.867267396] [cite.cell_a.arm_2.gz_ros_control]: Loading joint: arm_2_left_inner_knuckle_joint
[gz-1] [INFO] [1788462009.867273278] [cite.cell_a.arm_2.gz_ros_control]: Joint 'arm_2_left_inner_knuckle_joint'is mimicking joint 'arm_2_drive_joint' with multiplier: 1 and offset: 0
[gz-1] [INFO] [1788462009.867283755] [cite.cell_a.arm_2.gz_ros_control]: 	State:
[gz-1] [INFO] [1788462009.867287321] [cite.cell_a.arm_2.gz_ros_control]: 		 position
[gz-1] [INFO] [1788462009.867290642] [cite.cell_a.arm_2.gz_ros_control]: 		 velocity
[gz-1] [INFO] [1788462009.867293984] [cite.cell_a.arm_2.gz_ros_control]: 	Command:
[gz-1] [INFO] [1788462009.867300141] [cite.cell_a.arm_2.gz_ros_control]: Loading joint: arm_2_right_outer_knuckle_joint
[gz-1] [INFO] [1788462009.867303986] [cite.cell_a.arm_2.gz_ros_control]: Joint 'arm_2_right_outer_knuckle_joint'is mimicking joint 'arm_2_drive_joint' with multiplier: 1 and offset: 0
[gz-1] [INFO] [1788462009.867307141] [cite.cell_a.arm_2.gz_ros_control]: 	State:
[gz-1] [INFO] [1788462009.867310230] [cite.cell_a.arm_2.gz_ros_control]: 		 position
[gz-1] [INFO] [1788462009.867312960] [cite.cell_a.arm_2.gz_ros_control]: 		 velocity
[gz-1] [INFO] [1788462009.867315465] [cite.cell_a.arm_2.gz_ros_control]: 	Command:
[gz-1] [INFO] [1788462009.867321843] [cite.cell_a.arm_2.gz_ros_control]: Loading joint: arm_2_right_finger_joint
[gz-1] [INFO] [1788462009.867328201] [cite.cell_a.arm_2.gz_ros_control]: Joint 'arm_2_right_finger_joint'is mimicking joint 'arm_2_drive_joint' with multiplier: 1 and offset: 0
[gz-1] [INFO] [1788462009.867332942] [cite.cell_a.arm_2.gz_ros_control]: 	State:
[gz-1] [INFO] [1788462009.867336819] [cite.cell_a.arm_2.gz_ros_control]: 		 position
[gz-1] [INFO] [1788462009.867342124] [cite.cell_a.arm_2.gz_ros_control]: 		 velocity
[gz-1] [INFO] [1788462009.867346275] [cite.cell_a.arm_2.gz_ros_control]: 	Command:
[gz-1] [INFO] [1788462009.867354887] [cite.cell_a.arm_2.gz_ros_control]: Loading joint: arm_2_right_inner_knuckle_joint
[gz-1] [INFO] [1788462009.867360828] [cite.cell_a.arm_2.gz_ros_control]: Joint 'arm_2_right_inner_knuckle_joint'is mimicking joint 'arm_2_drive_joint' with multiplier: 1 and offset: 0
[gz-1] [INFO] [1788462009.867364160] [cite.cell_a.arm_2.gz_ros_control]: 	State:
[gz-1] [INFO] [1788462009.867366868] [cite.cell_a.arm_2.gz_ros_control]: 		 position
[gz-1] [INFO] [1788462009.867369697] [cite.cell_a.arm_2.gz_ros_control]: 		 velocity
[gz-1] [INFO] [1788462009.867374413] [cite.cell_a.arm_2.gz_ros_control]: 	Command:
[gz-1] [INFO] [1788462009.867394489] [cite.cell_a.arm_2.controller_manager]: Initialize hardware 'arm_2_XArmGripperSystem' 
[gz-1] [WARN] [1788462009.867400203] [cite.cell_a.arm_2.controller_manager.hardware_component.system.arm_2_XArmGripperSystem]: Executor is not available during hardware component initialization for 'arm_2_XArmGripperSystem'. Skipping node creation!
[gz-1] [INFO] [1788462009.867439984] [cite.cell_a.arm_2.controller_manager]: Successful initialization of hardware 'arm_2_XArmGripperSystem'
[gz-1] [INFO] [1788462009.867501165] [cite.cell_a.arm_2.controller_manager]: Activating component 'arm_2_XArmGripperSystem'.
[gz-1] [INFO] [1788462009.867510295] [resource_manager]: 'configure' hardware 'arm_2_XArmGripperSystem' 
[gz-1] [INFO] [1788462009.867514858] [cite.cell_a.arm_2.gz_ros_control]: System Successfully configured!
[gz-1] [INFO] [1788462009.867518260] [resource_manager]: Successful 'configure' of hardware 'arm_2_XArmGripperSystem'
[gz-1] [INFO] [1788462009.867525184] [resource_manager]: 'activate' hardware 'arm_2_XArmGripperSystem' 
[gz-1] [INFO] [1788462009.867537796] [resource_manager]: Successful 'activate' of hardware 'arm_2_XArmGripperSystem'
[gz-1] [INFO] [1788462009.867610570] [cite.cell_a.arm_2.controller_manager]: Activating component 'arm_2_gz_ros2_control/GazeboSimSystem'.
[gz-1] [INFO] [1788462009.867617303] [resource_manager]: 'configure' hardware 'arm_2_gz_ros2_control/GazeboSimSystem' 
[gz-1] [INFO] [1788462009.867619178] [cite.cell_a.arm_2.gz_ros_control]: System Successfully configured!
[gz-1] [INFO] [1788462009.867623524] [resource_manager]: Successful 'configure' of hardware 'arm_2_gz_ros2_control/GazeboSimSystem'
[gz-1] [INFO] [1788462009.867626824] [resource_manager]: 'activate' hardware 'arm_2_gz_ros2_control/GazeboSimSystem' 
[gz-1] [INFO] [1788462009.867629345] [resource_manager]: Successful 'activate' of hardware 'arm_2_gz_ros2_control/GazeboSimSystem'
[gz-1] [WARN] [1788462009.867646697] [cite.cell_a.arm_2.controller_manager]: Component 'arm_2_XArmGripperSystem' does not have read or write statistics initialized, skipping registration.
[gz-1] [WARN] [1788462009.867656429] [cite.cell_a.arm_2.controller_manager]: Component 'arm_2_gz_ros2_control/GazeboSimSystem' does not have read or write statistics initialized, skipping registration.
[gz-1] [INFO] [1788462009.867661838] [cite.cell_a.arm_2.controller_manager]: Resource Manager has been successfully initialized. Starting Controller Manager services...
[gz-1] [1;33mWarning [parser_urdf.cc:1170][0m multiple inconsistent <self_collide> exists due to fixed joint reduction overwriting previous value [1] with [0].
[gz-1] [1;31m[Err] [SystemLoader.cc:92] [0m[1;31mFailed to load system plugin [[0m[1;31mlibgazebo_mimic_joint_plugin.so[0m[1;31m] : Could not find shared library.[0m[1;31m[0m
[gz-1] [1;31m[Err] [SystemLoader.cc:92] [0m[1;31mFailed to load system plugin [[0m[1;31mlibgazebo_mimic_joint_plugin.so[0m[1;31m] : Could not find shared library.[0m[1;31m[0m
[gz-1] [1;31m[Err] [SystemLoader.cc:92] [0m[1;31mFailed to load system plugin [[0m[1;31mlibgazebo_mimic_joint_plugin.so[0m[1;31m] : Could not find shared library.[0m[1;31m[0m
[gz-1] [1;31m[Err] [SystemLoader.cc:92] [0m[1;31mFailed to load system plugin [[0m[1;31mlibgazebo_mimic_joint_plugin.so[0m[1;31m] : Could not find shared library.[0m[1;31m[0m
[gz-1] [1;31m[Err] [SystemLoader.cc:92] [0m[1;31mFailed to load system plugin [[0m[1;31mlibgazebo_mimic_joint_plugin.so[0m[1;31m] : Could not find shared library.[0m[1;31m[0m
[gz-1] [INFO] [1788462010.711379074] [cite.cell_a.arm_1.gz_ros_control]: [gz_ros2_control] Fixed joint ['arm_1_mount_world_anchor'] (Entity='111') is skipped.
[gz-1] [INFO] [1788462010.713179882] [cite.cell_a.arm_1.gz_ros_control]: Loading controller_manager
[gz-1] [INFO] [1788462010.726374541] [cite.cell_a.arm_1.controller_manager]: Using ROS clock for triggering controller manager cycles.
[gz-1] [INFO] [1788462010.727108429] [cite.cell_a.arm_1.controller_manager]: Subscribing to '/cite/cell_a/arm_1/robot_description' topic for robot description.
[gz-1] [WARN] [1788462010.727852464] [cite.cell_a.arm_1.gz_ros_control]: Waiting RM to load and initialize hardware...
[gz-1] [INFO] [1788462010.737334581] [cite.cell_a.arm_1.controller_manager]: Received robot description from topic.
[gz-1] [INFO] [1788462010.738968509] [cite.cell_a.arm_1.gz_ros_control]: Using JointLimiter for joint 'arm_1_joint5' in hardware 'arm_1_gz_ros2_control/GazeboSimSystem' : '  has position limits: true [-6.28319, 6.28319]
[gz-1]   has velocity limits: true [3.14]
[gz-1]   has acceleration limits: false [nan]
[gz-1]   has deceleration limits: false [nan]
[gz-1]   has jerk limits: false [nan]
[gz-1]   has effort limits: true [20]
[gz-1]   angle wraparound: false'
[gz-1] [INFO] [1788462010.738985681] [cite.cell_a.arm_1.gz_ros_control]: Creating JointSaturationLimiter for joint 'arm_1_joint5' in hardware 'arm_1_gz_ros2_control/GazeboSimSystem'
[gz-1] [INFO] [1788462010.738994425] [cite.cell_a.arm_1.gz_ros_control]: Using JointLimiter for joint 'arm_1_joint4' in hardware 'arm_1_gz_ros2_control/GazeboSimSystem' : '  has position limits: true [-1.69297, 3.14159]
[gz-1]   has velocity limits: true [3.14]
[gz-1]   has acceleration limits: false [nan]
[gz-1]   has deceleration limits: false [nan]
[gz-1]   has jerk limits: false [nan]
[gz-1]   has effort limits: true [20]
[gz-1]   angle wraparound: false'
[gz-1] [INFO] [1788462010.738998583] [cite.cell_a.arm_1.gz_ros_control]: Creating JointSaturationLimiter for joint 'arm_1_joint4' in hardware 'arm_1_gz_ros2_control/GazeboSimSystem'
[gz-1] [INFO] [1788462010.739004385] [cite.cell_a.arm_1.gz_ros_control]: Using JointLimiter for joint 'arm_1_joint2' in hardware 'arm_1_gz_ros2_control/GazeboSimSystem' : '  has position limits: true [-2.059, 2.0944]
[gz-1]   has velocity limits: true [3.14]
[gz-1]   has acceleration limits: false [nan]
[gz-1]   has deceleration limits: false [nan]
[gz-1]   has jerk limits: false [nan]
[gz-1]   has effort limits: true [50]
[gz-1]   angle wraparound: false'
[gz-1] [INFO] [1788462010.739008200] [cite.cell_a.arm_1.gz_ros_control]: Creating JointSaturationLimiter for joint 'arm_1_joint2' in hardware 'arm_1_gz_ros2_control/GazeboSimSystem'
[gz-1] [INFO] [1788462010.739015806] [cite.cell_a.arm_1.gz_ros_control]: Using JointLimiter for joint 'arm_1_joint3' in hardware 'arm_1_gz_ros2_control/GazeboSimSystem' : '  has position limits: true [-3.927, 0.19198]
[gz-1]   has velocity limits: true [3.14]
[gz-1]   has acceleration limits: false [nan]
[gz-1]   has deceleration limits: false [nan]
[gz-1]   has jerk limits: false [nan]
[gz-1]   has effort limits: true [30]
[gz-1]   angle wraparound: false'
[gz-1] [INFO] [1788462010.739020024] [cite.cell_a.arm_1.gz_ros_control]: Creating JointSaturationLimiter for joint 'arm_1_joint3' in hardware 'arm_1_gz_ros2_control/GazeboSimSystem'
[gz-1] [INFO] [1788462010.739025088] [cite.cell_a.arm_1.gz_ros_control]: Using JointLimiter for joint 'arm_1_joint1' in hardware 'arm_1_gz_ros2_control/GazeboSimSystem' : '  has position limits: true [-6.28319, 6.28319]
[gz-1]   has velocity limits: true [3.14]
[gz-1]   has acceleration limits: false [nan]
[gz-1]   has deceleration limits: false [nan]
[gz-1]   has jerk limits: false [nan]
[gz-1]   has effort limits: true [50]
[gz-1]   angle wraparound: false'
[gz-1] [INFO] [1788462010.739028832] [cite.cell_a.arm_1.gz_ros_control]: Creating JointSaturationLimiter for joint 'arm_1_joint1' in hardware 'arm_1_gz_ros2_control/GazeboSimSystem'
[gz-1] [INFO] [1788462010.739047647] [cite.cell_a.arm_1.gz_ros_control]: Using JointLimiter for joint 'arm_1_right_inner_knuckle_joint' in hardware 'arm_1_XArmGripperSystem' : '  has position limits: true [0, 0.85]
[gz-1]   has velocity limits: true [2]
[gz-1]   has acceleration limits: false [nan]
[gz-1]   has deceleration limits: false [nan]
[gz-1]   has jerk limits: false [nan]
[gz-1]   has effort limits: true [50]
[gz-1]   angle wraparound: false'
[gz-1] [INFO] [1788462010.739052120] [cite.cell_a.arm_1.gz_ros_control]: Creating JointSaturationLimiter for joint 'arm_1_right_inner_knuckle_joint' in hardware 'arm_1_XArmGripperSystem'
[gz-1] [INFO] [1788462010.739058338] [cite.cell_a.arm_1.gz_ros_control]: Using JointLimiter for joint 'arm_1_right_finger_joint' in hardware 'arm_1_XArmGripperSystem' : '  has position limits: true [0, 0.85]
[gz-1]   has velocity limits: true [2]
[gz-1]   has acceleration limits: false [nan]
[gz-1]   has deceleration limits: false [nan]
[gz-1]   has jerk limits: false [nan]
[gz-1]   has effort limits: true [50]
[gz-1]   angle wraparound: false'
[gz-1] [INFO] [1788462010.739062022] [cite.cell_a.arm_1.gz_ros_control]: Creating JointSaturationLimiter for joint 'arm_1_right_finger_joint' in hardware 'arm_1_XArmGripperSystem'
[gz-1] [INFO] [1788462010.739067752] [cite.cell_a.arm_1.gz_ros_control]: Using JointLimiter for joint 'arm_1_right_outer_knuckle_joint' in hardware 'arm_1_XArmGripperSystem' : '  has position limits: true [0, 0.85]
[gz-1]   has velocity limits: true [2]
[gz-1]   has acceleration limits: false [nan]
[gz-1]   has deceleration limits: false [nan]
[gz-1]   has jerk limits: false [nan]
[gz-1]   has effort limits: true [50]
[gz-1]   angle wraparound: false'
[gz-1] [INFO] [1788462010.739071659] [cite.cell_a.arm_1.gz_ros_control]: Creating JointSaturationLimiter for joint 'arm_1_right_outer_knuckle_joint' in hardware 'arm_1_XArmGripperSystem'
[gz-1] [INFO] [1788462010.739077116] [cite.cell_a.arm_1.gz_ros_control]: Using JointLimiter for joint 'arm_1_left_inner_knuckle_joint' in hardware 'arm_1_XArmGripperSystem' : '  has position limits: true [0, 0.85]
[gz-1]   has velocity limits: true [2]
[gz-1]   has acceleration limits: false [nan]
[gz-1]   has deceleration limits: false [nan]
[gz-1]   has jerk limits: false [nan]
[gz-1]   has effort limits: true [50]
[gz-1]   angle wraparound: false'
[gz-1] [INFO] [1788462010.739082298] [cite.cell_a.arm_1.gz_ros_control]: Creating JointSaturationLimiter for joint 'arm_1_left_inner_knuckle_joint' in hardware 'arm_1_XArmGripperSystem'
[gz-1] [INFO] [1788462010.739088273] [cite.cell_a.arm_1.gz_ros_control]: Using JointLimiter for joint 'arm_1_left_finger_joint' in hardware 'arm_1_XArmGripperSystem' : '  has position limits: true [0, 0.85]
[gz-1]   has velocity limits: true [2]
[gz-1]   has acceleration limits: false [nan]
[gz-1]   has deceleration limits: false [nan]
[gz-1]   has jerk limits: false [nan]
[gz-1]   has effort limits: true [50]
[gz-1]   angle wraparound: false'
[gz-1] [INFO] [1788462010.739091801] [cite.cell_a.arm_1.gz_ros_control]: Creating JointSaturationLimiter for joint 'arm_1_left_finger_joint' in hardware 'arm_1_XArmGripperSystem'
[gz-1] [INFO] [1788462010.739097098] [cite.cell_a.arm_1.gz_ros_control]: Using JointLimiter for joint 'arm_1_drive_joint' in hardware 'arm_1_XArmGripperSystem' : '  has position limits: true [0, 0.85]
[gz-1]   has velocity limits: true [1]
[gz-1]   has acceleration limits: false [nan]
[gz-1]   has deceleration limits: false [nan]
[gz-1]   has jerk limits: false [nan]
[gz-1]   has effort limits: true [50]
[gz-1]   angle wraparound: false'
[gz-1] [INFO] [1788462010.739100704] [cite.cell_a.arm_1.gz_ros_control]: Creating JointSaturationLimiter for joint 'arm_1_drive_joint' in hardware 'arm_1_XArmGripperSystem'
[gz-1] [INFO] [1788462010.739109119] [cite.cell_a.arm_1.controller_manager]: Enforcing command limits is enabled...
[gz-1] [INFO] [1788462010.740586850] [cite.cell_a.arm_1.gz_ros_control]: The position_proportional_gain has been set to: 0.1
[gz-1] [INFO] [1788462010.740620073] [cite.cell_a.arm_1.gz_ros_control]: Loading joint: arm_1_joint1
[gz-1] [INFO] [1788462010.740624427] [cite.cell_a.arm_1.gz_ros_control]: 	State:
[gz-1] [INFO] [1788462010.740627886] [cite.cell_a.arm_1.gz_ros_control]: 		 position
[gz-1] [INFO] [1788462010.740631277] [cite.cell_a.arm_1.gz_ros_control]: 		 velocity
[gz-1] [INFO] [1788462010.740635420] [cite.cell_a.arm_1.gz_ros_control]: 	Command:
[gz-1] [INFO] [1788462010.740646370] [cite.cell_a.arm_1.gz_ros_control]: 		 position
[gz-1] [INFO] [1788462010.740654723] [cite.cell_a.arm_1.gz_ros_control]: 		 velocity
[gz-1] [INFO] [1788462010.740663655] [cite.cell_a.arm_1.gz_ros_control]: Loading joint: arm_1_joint2
[gz-1] [INFO] [1788462010.740666912] [cite.cell_a.arm_1.gz_ros_control]: 	State:
[gz-1] [INFO] [1788462010.740669618] [cite.cell_a.arm_1.gz_ros_control]: 		 position
[gz-1] [INFO] [1788462010.740672761] [cite.cell_a.arm_1.gz_ros_control]: 		 velocity
[gz-1] [INFO] [1788462010.740675341] [cite.cell_a.arm_1.gz_ros_control]: 	Command:
[gz-1] [INFO] [1788462010.740677757] [cite.cell_a.arm_1.gz_ros_control]: 		 position
[gz-1] [INFO] [1788462010.740682488] [cite.cell_a.arm_1.gz_ros_control]: 		 velocity
[gz-1] [INFO] [1788462010.740696522] [cite.cell_a.arm_1.gz_ros_control]: Loading joint: arm_1_joint3
[gz-1] [INFO] [1788462010.740699506] [cite.cell_a.arm_1.gz_ros_control]: 	State:
[gz-1] [INFO] [1788462010.740702238] [cite.cell_a.arm_1.gz_ros_control]: 		 position
[gz-1] [INFO] [1788462010.740705305] [cite.cell_a.arm_1.gz_ros_control]: 		 velocity
[gz-1] [INFO] [1788462010.740708346] [cite.cell_a.arm_1.gz_ros_control]: 	Command:
[gz-1] [INFO] [1788462010.740710746] [cite.cell_a.arm_1.gz_ros_control]: 		 position
[gz-1] [INFO] [1788462010.740715909] [cite.cell_a.arm_1.gz_ros_control]: 		 velocity
[gz-1] [INFO] [1788462010.740721660] [cite.cell_a.arm_1.gz_ros_control]: Loading joint: arm_1_joint4
[gz-1] [INFO] [1788462010.740725029] [cite.cell_a.arm_1.gz_ros_control]: 	State:
[gz-1] [INFO] [1788462010.740727517] [cite.cell_a.arm_1.gz_ros_control]: 		 position
[gz-1] [INFO] [1788462010.740730292] [cite.cell_a.arm_1.gz_ros_control]: 		 velocity
[gz-1] [INFO] [1788462010.740732891] [cite.cell_a.arm_1.gz_ros_control]: 	Command:
[gz-1] [INFO] [1788462010.740735352] [cite.cell_a.arm_1.gz_ros_control]: 		 position
[gz-1] [INFO] [1788462010.740739946] [cite.cell_a.arm_1.gz_ros_control]: 		 velocity
[gz-1] [INFO] [1788462010.740748725] [cite.cell_a.arm_1.gz_ros_control]: Loading joint: arm_1_joint5
[gz-1] [INFO] [1788462010.740752968] [cite.cell_a.arm_1.gz_ros_control]: 	State:
[gz-1] [INFO] [1788462010.740755728] [cite.cell_a.arm_1.gz_ros_control]: 		 position
[gz-1] [INFO] [1788462010.740759301] [cite.cell_a.arm_1.gz_ros_control]: 		 velocity
[gz-1] [INFO] [1788462010.740762080] [cite.cell_a.arm_1.gz_ros_control]: 	Command:
[gz-1] [INFO] [1788462010.740764615] [cite.cell_a.arm_1.gz_ros_control]: 		 position
[gz-1] [INFO] [1788462010.740769594] [cite.cell_a.arm_1.gz_ros_control]: 		 velocity
[gz-1] [INFO] [1788462010.740801136] [cite.cell_a.arm_1.controller_manager]: Initialize hardware 'arm_1_gz_ros2_control/GazeboSimSystem' 
[gz-1] [WARN] [1788462010.740812905] [cite.cell_a.arm_1.controller_manager.hardware_component.system.arm_1_gz_ros2_control/GazeboSimSystem]: Executor is not available during hardware component initialization for 'arm_1_gz_ros2_control/GazeboSimSystem'. Skipping node creation!
[gz-1] [INFO] [1788462010.740840146] [cite.cell_a.arm_1.controller_manager]: Successful initialization of hardware 'arm_1_gz_ros2_control/GazeboSimSystem'
[gz-1] [INFO] [1788462010.740967743] [cite.cell_a.arm_1.gz_ros_control]: The position_proportional_gain has been set to: 0.1
[gz-1] [INFO] [1788462010.740982763] [cite.cell_a.arm_1.gz_ros_control]: Loading joint: arm_1_drive_joint
[gz-1] [INFO] [1788462010.740988955] [cite.cell_a.arm_1.gz_ros_control]: 	State:
[gz-1] [INFO] [1788462010.740992056] [cite.cell_a.arm_1.gz_ros_control]: 		 position
[gz-1] [INFO] [1788462010.740995067] [cite.cell_a.arm_1.gz_ros_control]: 		 velocity
[gz-1] [INFO] [1788462010.740998499] [cite.cell_a.arm_1.gz_ros_control]: 	Command:
[gz-1] [INFO] [1788462010.741001105] [cite.cell_a.arm_1.gz_ros_control]: 		 position
[gz-1] [INFO] [1788462010.741006626] [cite.cell_a.arm_1.gz_ros_control]: 		 velocity
[gz-1] [INFO] [1788462010.741014527] [cite.cell_a.arm_1.gz_ros_control]: Loading joint: arm_1_left_finger_joint
[gz-1] [INFO] [1788462010.741018648] [cite.cell_a.arm_1.gz_ros_control]: Joint 'arm_1_left_finger_joint'is mimicking joint 'arm_1_drive_joint' with multiplier: 1 and offset: 0
[gz-1] [INFO] [1788462010.741021846] [cite.cell_a.arm_1.gz_ros_control]: 	State:
[gz-1] [INFO] [1788462010.741024385] [cite.cell_a.arm_1.gz_ros_control]: 		 position
[gz-1] [INFO] [1788462010.741027430] [cite.cell_a.arm_1.gz_ros_control]: 		 velocity
[gz-1] [INFO] [1788462010.741039396] [cite.cell_a.arm_1.gz_ros_control]: 	Command:
[gz-1] [INFO] [1788462010.741046252] [cite.cell_a.arm_1.gz_ros_control]: Loading joint: arm_1_left_inner_knuckle_joint
[gz-1] [INFO] [1788462010.741050098] [cite.cell_a.arm_1.gz_ros_control]: Joint 'arm_1_left_inner_knuckle_joint'is mimicking joint 'arm_1_drive_joint' with multiplier: 1 and offset: 0
[gz-1] [INFO] [1788462010.741053047] [cite.cell_a.arm_1.gz_ros_control]: 	State:
[gz-1] [INFO] [1788462010.741055590] [cite.cell_a.arm_1.gz_ros_control]: 		 position
[gz-1] [INFO] [1788462010.741058677] [cite.cell_a.arm_1.gz_ros_control]: 		 velocity
[gz-1] [INFO] [1788462010.741061455] [cite.cell_a.arm_1.gz_ros_control]: 	Command:
[gz-1] [INFO] [1788462010.741068028] [cite.cell_a.arm_1.gz_ros_control]: Loading joint: arm_1_right_outer_knuckle_joint
[gz-1] [INFO] [1788462010.741071589] [cite.cell_a.arm_1.gz_ros_control]: Joint 'arm_1_right_outer_knuckle_joint'is mimicking joint 'arm_1_drive_joint' with multiplier: 1 and offset: 0
[gz-1] [INFO] [1788462010.741074543] [cite.cell_a.arm_1.gz_ros_control]: 	State:
[gz-1] [INFO] [1788462010.741076941] [cite.cell_a.arm_1.gz_ros_control]: 		 position
[gz-1] [INFO] [1788462010.741079539] [cite.cell_a.arm_1.gz_ros_control]: 		 velocity
[gz-1] [INFO] [1788462010.741082076] [cite.cell_a.arm_1.gz_ros_control]: 	Command:
[gz-1] [INFO] [1788462010.741087128] [cite.cell_a.arm_1.gz_ros_control]: Loading joint: arm_1_right_finger_joint
[gz-1] [INFO] [1788462010.741090529] [cite.cell_a.arm_1.gz_ros_control]: Joint 'arm_1_right_finger_joint'is mimicking joint 'arm_1_drive_joint' with multiplier: 1 and offset: 0
[gz-1] [INFO] [1788462010.741095081] [cite.cell_a.arm_1.gz_ros_control]: 	State:
[gz-1] [INFO] [1788462010.741097596] [cite.cell_a.arm_1.gz_ros_control]: 		 position
[gz-1] [INFO] [1788462010.741101036] [cite.cell_a.arm_1.gz_ros_control]: 		 velocity
[gz-1] [INFO] [1788462010.741105433] [cite.cell_a.arm_1.gz_ros_control]: 	Command:
[gz-1] [INFO] [1788462010.741111896] [cite.cell_a.arm_1.gz_ros_control]: Loading joint: arm_1_right_inner_knuckle_joint
[gz-1] [INFO] [1788462010.741115843] [cite.cell_a.arm_1.gz_ros_control]: Joint 'arm_1_right_inner_knuckle_joint'is mimicking joint 'arm_1_drive_joint' with multiplier: 1 and offset: 0
[gz-1] [INFO] [1788462010.741118815] [cite.cell_a.arm_1.gz_ros_control]: 	State:
[gz-1] [INFO] [1788462010.741121320] [cite.cell_a.arm_1.gz_ros_control]: 		 position
[gz-1] [INFO] [1788462010.741123845] [cite.cell_a.arm_1.gz_ros_control]: 		 velocity
[gz-1] [INFO] [1788462010.741126468] [cite.cell_a.arm_1.gz_ros_control]: 	Command:
[gz-1] [INFO] [1788462010.741142017] [cite.cell_a.arm_1.controller_manager]: Initialize hardware 'arm_1_XArmGripperSystem' 
[gz-1] [WARN] [1788462010.741159205] [cite.cell_a.arm_1.controller_manager.hardware_component.system.arm_1_XArmGripperSystem]: Executor is not available during hardware component initialization for 'arm_1_XArmGripperSystem'. Skipping node creation!
[gz-1] [INFO] [1788462010.741187808] [cite.cell_a.arm_1.controller_manager]: Successful initialization of hardware 'arm_1_XArmGripperSystem'
[gz-1] [INFO] [1788462010.741225828] [cite.cell_a.arm_1.controller_manager]: Activating component 'arm_1_XArmGripperSystem'.
[gz-1] [INFO] [1788462010.741230162] [resource_manager]: 'configure' hardware 'arm_1_XArmGripperSystem' 
[gz-1] [INFO] [1788462010.741232099] [cite.cell_a.arm_1.gz_ros_control]: System Successfully configured!
[gz-1] [INFO] [1788462010.741235432] [resource_manager]: Successful 'configure' of hardware 'arm_1_XArmGripperSystem'
[gz-1] [INFO] [1788462010.741238646] [resource_manager]: 'activate' hardware 'arm_1_XArmGripperSystem' 
[gz-1] [INFO] [1788462010.741241445] [resource_manager]: Successful 'activate' of hardware 'arm_1_XArmGripperSystem'
[gz-1] [INFO] [1788462010.741256999] [cite.cell_a.arm_1.controller_manager]: Activating component 'arm_1_gz_ros2_control/GazeboSimSystem'.
[gz-1] [INFO] [1788462010.741262472] [resource_manager]: 'configure' hardware 'arm_1_gz_ros2_control/GazeboSimSystem' 
[gz-1] [INFO] [1788462010.741265020] [cite.cell_a.arm_1.gz_ros_control]: System Successfully configured!
[gz-1] [INFO] [1788462010.741269884] [resource_manager]: Successful 'configure' of hardware 'arm_1_gz_ros2_control/GazeboSimSystem'
[gz-1] [INFO] [1788462010.741281531] [resource_manager]: 'activate' hardware 'arm_1_gz_ros2_control/GazeboSimSystem' 
[gz-1] [INFO] [1788462010.741283950] [resource_manager]: Successful 'activate' of hardware 'arm_1_gz_ros2_control/GazeboSimSystem'
[gz-1] [WARN] [1788462010.741294202] [cite.cell_a.arm_1.controller_manager]: Component 'arm_1_XArmGripperSystem' does not have read or write statistics initialized, skipping registration.
[gz-1] [WARN] [1788462010.741297654] [cite.cell_a.arm_1.controller_manager]: Component 'arm_1_gz_ros2_control/GazeboSimSystem' does not have read or write statistics initialized, skipping registration.
[gz-1] [INFO] [1788462010.741302418] [cite.cell_a.arm_1.controller_manager]: Resource Manager has been successfully initialized. Starting Controller Manager services...
[gz-1] [INFO] [1788462011.246353273] [cite.cell_a.arm_1.controller_manager]: Loading controller : 'arm_1_joint_state_broadcaster' of type 'joint_state_broadcaster/JointStateBroadcaster'
[gz-1] [INFO] [1788462011.246414476] [cite.cell_a.arm_1.controller_manager]: Loading controller 'arm_1_joint_state_broadcaster'
[gz-1] [INFO] [1788462011.250474363] [cite.cell_a.arm_1.controller_manager]: Controller 'arm_1_joint_state_broadcaster' node arguments: --ros-args --params-file /workspace/workspace/install/cite_generated/share/cite_generated/control/cell_a_arm_1_controllers.yaml -p use_sim_time:=true --param use_sim_time:=true 
[spawner-14] [INFO] [1788462011.262518634] [spawn_arm_1_stage0]: Loaded arm_1_joint_state_broadcaster
[gz-1] [INFO] [1788462011.263615779] [cite.cell_a.arm_1.controller_manager]: Configuring controller: 'arm_1_joint_state_broadcaster'
[gz-1] [INFO] [1788462011.263812410] [cite.cell_a.arm_1.arm_1_joint_state_broadcaster]: 'joints' or 'interfaces' parameter is empty. All available state interfaces will be published
[gz-1] [INFO] [1788462011.273300566] [cite.cell_a.arm_1.controller_manager]: Activating controllers: [ arm_1_joint_state_broadcaster ]
[gz-1] [1;33mWarning [parser_urdf.cc:1170][0m multiple inconsistent <self_collide> exists due to fixed joint reduction overwriting previous value [1] with [0].
[gz-1] [1;31m[Err] [SystemLoader.cc:92] [0m[1;31mFailed to load system plugin [[0m[1;31mlibgazebo_mimic_joint_plugin.so[0m[1;31m] : Could not find shared library.[0m[1;31m[0m
[gz-1] [1;31m[Err] [SystemLoader.cc:92] [0m[1;31mFailed to load system plugin [[0m[1;31mlibgazebo_mimic_joint_plugin.so[0m[1;31m] : Could not find shared library.[0m[1;31m[0m
[gz-1] [1;31m[Err] [SystemLoader.cc:92] [0m[1;31mFailed to load system plugin [[0m[1;31mlibgazebo_mimic_joint_plugin.so[0m[1;31m] : Could not find shared library.[0m[1;31m[0m
[gz-1] [1;31m[Err] [SystemLoader.cc:92] [0m[1;31mFailed to load system plugin [[0m[1;31mlibgazebo_mimic_joint_plugin.so[0m[1;31m] : Could not find shared library.[0m[1;31m[0m
[gz-1] [1;31m[Err] [SystemLoader.cc:92] [0m[1;31mFailed to load system plugin [[0m[1;31mlibgazebo_mimic_joint_plugin.so[0m[1;31m] : Could not find shared library.[0m[1;31m[0m
[gz-1] [INFO] [1788462012.807203544] [cite.cell_a.arm_3.gz_ros_control]: [gz_ros2_control] Fixed joint ['arm_3_mount_world_anchor'] (Entity='188') is skipped.
[gz-1] [INFO] [1788462012.808925255] [cite.cell_a.arm_3.gz_ros_control]: Loading controller_manager
[gz-1] [INFO] [1788462012.824253481] [cite.cell_a.arm_3.controller_manager]: Using ROS clock for triggering controller manager cycles.
[gz-1] [INFO] [1788462012.825151964] [cite.cell_a.arm_3.controller_manager]: Subscribing to '/cite/cell_a/arm_3/robot_description' topic for robot description.
[gz-1] [WARN] [1788462012.825446857] [cite.cell_a.arm_3.gz_ros_control]: Waiting RM to load and initialize hardware...
[gz-1] [INFO] [1788462012.835431266] [cite.cell_a.arm_3.controller_manager]: Received robot description from topic.
[gz-1] [INFO] [1788462012.837107219] [cite.cell_a.arm_3.gz_ros_control]: Using JointLimiter for joint 'arm_3_joint5' in hardware 'arm_3_gz_ros2_control/GazeboSimSystem' : '  has position limits: true [-6.28319, 6.28319]
[gz-1]   has velocity limits: true [3.14]
[gz-1]   has acceleration limits: false [nan]
[gz-1]   has deceleration limits: false [nan]
[gz-1]   has jerk limits: false [nan]
[gz-1]   has effort limits: true [20]
[gz-1]   angle wraparound: false'
[gz-1] [INFO] [1788462012.837126374] [cite.cell_a.arm_3.gz_ros_control]: Creating JointSaturationLimiter for joint 'arm_3_joint5' in hardware 'arm_3_gz_ros2_control/GazeboSimSystem'
[gz-1] [INFO] [1788462012.837136377] [cite.cell_a.arm_3.gz_ros_control]: Using JointLimiter for joint 'arm_3_joint3' in hardware 'arm_3_gz_ros2_control/GazeboSimSystem' : '  has position limits: true [-3.927, 0.19198]
[gz-1]   has velocity limits: true [3.14]
[gz-1]   has acceleration limits: false [nan]
[gz-1]   has deceleration limits: false [nan]
[gz-1]   has jerk limits: false [nan]
[gz-1]   has effort limits: true [30]
[gz-1]   angle wraparound: false'
[gz-1] [INFO] [1788462012.837141080] [cite.cell_a.arm_3.gz_ros_control]: Creating JointSaturationLimiter for joint 'arm_3_joint3' in hardware 'arm_3_gz_ros2_control/GazeboSimSystem'
[gz-1] [INFO] [1788462012.837146448] [cite.cell_a.arm_3.gz_ros_control]: Using JointLimiter for joint 'arm_3_joint4' in hardware 'arm_3_gz_ros2_control/GazeboSimSystem' : '  has position limits: true [-1.69297, 3.14159]
[gz-1]   has velocity limits: true [3.14]
[gz-1]   has acceleration limits: false [nan]
[gz-1]   has deceleration limits: false [nan]
[gz-1]   has jerk limits: false [nan]
[gz-1]   has effort limits: true [20]
[gz-1]   angle wraparound: false'
[gz-1] [INFO] [1788462012.837167442] [cite.cell_a.arm_3.gz_ros_control]: Creating JointSaturationLimiter for joint 'arm_3_joint4' in hardware 'arm_3_gz_ros2_control/GazeboSimSystem'
[gz-1] [INFO] [1788462012.837173793] [cite.cell_a.arm_3.gz_ros_control]: Using JointLimiter for joint 'arm_3_joint2' in hardware 'arm_3_gz_ros2_control/GazeboSimSystem' : '  has position limits: true [-2.059, 2.0944]
[gz-1]   has velocity limits: true [3.14]
[gz-1]   has acceleration limits: false [nan]
[gz-1]   has deceleration limits: false [nan]
[gz-1]   has jerk limits: false [nan]
[gz-1]   has effort limits: true [50]
[gz-1]   angle wraparound: false'
[gz-1] [INFO] [1788462012.837177563] [cite.cell_a.arm_3.gz_ros_control]: Creating JointSaturationLimiter for joint 'arm_3_joint2' in hardware 'arm_3_gz_ros2_control/GazeboSimSystem'
[gz-1] [INFO] [1788462012.837182570] [cite.cell_a.arm_3.gz_ros_control]: Using JointLimiter for joint 'arm_3_joint1' in hardware 'arm_3_gz_ros2_control/GazeboSimSystem' : '  has position limits: true [-6.28319, 6.28319]
[gz-1]   has velocity limits: true [3.14]
[gz-1]   has acceleration limits: false [nan]
[gz-1]   has deceleration limits: false [nan]
[gz-1]   has jerk limits: false [nan]
[gz-1]   has effort limits: true [50]
[gz-1]   angle wraparound: false'
[gz-1] [INFO] [1788462012.837186206] [cite.cell_a.arm_3.gz_ros_control]: Creating JointSaturationLimiter for joint 'arm_3_joint1' in hardware 'arm_3_gz_ros2_control/GazeboSimSystem'
[gz-1] [INFO] [1788462012.837194275] [cite.cell_a.arm_3.gz_ros_control]: Using JointLimiter for joint 'arm_3_right_inner_knuckle_joint' in hardware 'arm_3_XArmGripperSystem' : '  has position limits: true [0, 0.85]
[gz-1]   has velocity limits: true [2]
[gz-1]   has acceleration limits: false [nan]
[gz-1]   has deceleration limits: false [nan]
[gz-1]   has jerk limits: false [nan]
[gz-1]   has effort limits: true [50]
[gz-1]   angle wraparound: false'
[gz-1] [INFO] [1788462012.837198132] [cite.cell_a.arm_3.gz_ros_control]: Creating JointSaturationLimiter for joint 'arm_3_right_inner_knuckle_joint' in hardware 'arm_3_XArmGripperSystem'
[gz-1] [INFO] [1788462012.837204074] [cite.cell_a.arm_3.gz_ros_control]: Using JointLimiter for joint 'arm_3_right_finger_joint' in hardware 'arm_3_XArmGripperSystem' : '  has position limits: true [0, 0.85]
[gz-1]   has velocity limits: true [2]
[gz-1]   has acceleration limits: false [nan]
[gz-1]   has deceleration limits: false [nan]
[gz-1]   has jerk limits: false [nan]
[gz-1]   has effort limits: true [50]
[gz-1]   angle wraparound: false'
[gz-1] [INFO] [1788462012.837207888] [cite.cell_a.arm_3.gz_ros_control]: Creating JointSaturationLimiter for joint 'arm_3_right_finger_joint' in hardware 'arm_3_XArmGripperSystem'
[gz-1] [INFO] [1788462012.837213533] [cite.cell_a.arm_3.gz_ros_control]: Using JointLimiter for joint 'arm_3_right_outer_knuckle_joint' in hardware 'arm_3_XArmGripperSystem' : '  has position limits: true [0, 0.85]
[gz-1]   has velocity limits: true [2]
[gz-1]   has acceleration limits: false [nan]
[gz-1]   has deceleration limits: false [nan]
[gz-1]   has jerk limits: false [nan]
[gz-1]   has effort limits: true [50]
[gz-1]   angle wraparound: false'
[gz-1] [INFO] [1788462012.837217000] [cite.cell_a.arm_3.gz_ros_control]: Creating JointSaturationLimiter for joint 'arm_3_right_outer_knuckle_joint' in hardware 'arm_3_XArmGripperSystem'
[gz-1] [INFO] [1788462012.837222405] [cite.cell_a.arm_3.gz_ros_control]: Using JointLimiter for joint 'arm_3_left_inner_knuckle_joint' in hardware 'arm_3_XArmGripperSystem' : '  has position limits: true [0, 0.85]
[gz-1]   has velocity limits: true [2]
[gz-1]   has acceleration limits: false [nan]
[gz-1]   has deceleration limits: false [nan]
[gz-1]   has jerk limits: false [nan]
[gz-1]   has effort limits: true [50]
[gz-1]   angle wraparound: false'
[gz-1] [INFO] [1788462012.837225904] [cite.cell_a.arm_3.gz_ros_control]: Creating JointSaturationLimiter for joint 'arm_3_left_inner_knuckle_joint' in hardware 'arm_3_XArmGripperSystem'
[gz-1] [INFO] [1788462012.837231712] [cite.cell_a.arm_3.gz_ros_control]: Using JointLimiter for joint 'arm_3_left_finger_joint' in hardware 'arm_3_XArmGripperSystem' : '  has position limits: true [0, 0.85]
[gz-1]   has velocity limits: true [2]
[gz-1]   has acceleration limits: false [nan]
[gz-1]   has deceleration limits: false [nan]
[gz-1]   has jerk limits: false [nan]
[gz-1]   has effort limits: true [50]
[gz-1]   angle wraparound: false'
[gz-1] [INFO] [1788462012.837237949] [cite.cell_a.arm_3.gz_ros_control]: Creating JointSaturationLimiter for joint 'arm_3_left_finger_joint' in hardware 'arm_3_XArmGripperSystem'
[gz-1] [INFO] [1788462012.837243890] [cite.cell_a.arm_3.gz_ros_control]: Using JointLimiter for joint 'arm_3_drive_joint' in hardware 'arm_3_XArmGripperSystem' : '  has position limits: true [0, 0.85]
[gz-1]   has velocity limits: true [1]
[gz-1]   has acceleration limits: false [nan]
[gz-1]   has deceleration limits: false [nan]
[gz-1]   has jerk limits: false [nan]
[gz-1]   has effort limits: true [50]
[gz-1]   angle wraparound: false'
[gz-1] [INFO] [1788462012.837248966] [cite.cell_a.arm_3.gz_ros_control]: Creating JointSaturationLimiter for joint 'arm_3_drive_joint' in hardware 'arm_3_XArmGripperSystem'
[gz-1] [INFO] [1788462012.837256896] [cite.cell_a.arm_3.controller_manager]: Enforcing command limits is enabled...
[gz-1] [INFO] [1788462012.838917261] [cite.cell_a.arm_3.gz_ros_control]: The position_proportional_gain has been set to: 0.1
[gz-1] [INFO] [1788462012.838951827] [cite.cell_a.arm_3.gz_ros_control]: Loading joint: arm_3_joint1
[gz-1] [INFO] [1788462012.838956234] [cite.cell_a.arm_3.gz_ros_control]: 	State:
[gz-1] [INFO] [1788462012.838959731] [cite.cell_a.arm_3.gz_ros_control]: 		 position
[gz-1] [INFO] [1788462012.838962995] [cite.cell_a.arm_3.gz_ros_control]: 		 velocity
[gz-1] [INFO] [1788462012.838967506] [cite.cell_a.arm_3.gz_ros_control]: 	Command:
[gz-1] [INFO] [1788462012.838970371] [cite.cell_a.arm_3.gz_ros_control]: 		 position
[gz-1] [INFO] [1788462012.838978559] [cite.cell_a.arm_3.gz_ros_control]: 		 velocity
[gz-1] [INFO] [1788462012.838985272] [cite.cell_a.arm_3.gz_ros_control]: Loading joint: arm_3_joint2
[gz-1] [INFO] [1788462012.838988272] [cite.cell_a.arm_3.gz_ros_control]: 	State:
[gz-1] [INFO] [1788462012.838990787] [cite.cell_a.arm_3.gz_ros_control]: 		 position
[gz-1] [INFO] [1788462012.838993699] [cite.cell_a.arm_3.gz_ros_control]: 		 velocity
[gz-1] [INFO] [1788462012.838996278] [cite.cell_a.arm_3.gz_ros_control]: 	Command:
[gz-1] [INFO] [1788462012.838998660] [cite.cell_a.arm_3.gz_ros_control]: 		 position
[gz-1] [INFO] [1788462012.839005200] [cite.cell_a.arm_3.gz_ros_control]: 		 velocity
[gz-1] [INFO] [1788462012.839010996] [cite.cell_a.arm_3.gz_ros_control]: Loading joint: arm_3_joint3
[gz-1] [INFO] [1788462012.839013777] [cite.cell_a.arm_3.gz_ros_control]: 	State:
[gz-1] [INFO] [1788462012.839016323] [cite.cell_a.arm_3.gz_ros_control]: 		 position
[gz-1] [INFO] [1788462012.839019510] [cite.cell_a.arm_3.gz_ros_control]: 		 velocity
[gz-1] [INFO] [1788462012.839022040] [cite.cell_a.arm_3.gz_ros_control]: 	Command:
[gz-1] [INFO] [1788462012.839024483] [cite.cell_a.arm_3.gz_ros_control]: 		 position
[gz-1] [INFO] [1788462012.839029041] [cite.cell_a.arm_3.gz_ros_control]: 		 velocity
[gz-1] [INFO] [1788462012.839034861] [cite.cell_a.arm_3.gz_ros_control]: Loading joint: arm_3_joint4
[gz-1] [INFO] [1788462012.839037932] [cite.cell_a.arm_3.gz_ros_control]: 	State:
[gz-1] [INFO] [1788462012.839040585] [cite.cell_a.arm_3.gz_ros_control]: 		 position
[gz-1] [INFO] [1788462012.839052380] [cite.cell_a.arm_3.gz_ros_control]: 		 velocity
[gz-1] [INFO] [1788462012.839056996] [cite.cell_a.arm_3.gz_ros_control]: 	Command:
[gz-1] [INFO] [1788462012.839060734] [cite.cell_a.arm_3.gz_ros_control]: 		 position
[gz-1] [INFO] [1788462012.839065344] [cite.cell_a.arm_3.gz_ros_control]: 		 velocity
[gz-1] [INFO] [1788462012.839071935] [cite.cell_a.arm_3.gz_ros_control]: Loading joint: arm_3_joint5
[gz-1] [INFO] [1788462012.839074941] [cite.cell_a.arm_3.gz_ros_control]: 	State:
[gz-1] [INFO] [1788462012.839077578] [cite.cell_a.arm_3.gz_ros_control]: 		 position
[gz-1] [INFO] [1788462012.839080978] [cite.cell_a.arm_3.gz_ros_control]: 		 velocity
[gz-1] [INFO] [1788462012.839083708] [cite.cell_a.arm_3.gz_ros_control]: 	Command:
[gz-1] [INFO] [1788462012.839086129] [cite.cell_a.arm_3.gz_ros_control]: 		 position
[gz-1] [INFO] [1788462012.839091189] [cite.cell_a.arm_3.gz_ros_control]: 		 velocity
[gz-1] [INFO] [1788462012.839115712] [cite.cell_a.arm_3.controller_manager]: Initialize hardware 'arm_3_gz_ros2_control/GazeboSimSystem' 
[gz-1] [WARN] [1788462012.839125204] [cite.cell_a.arm_3.controller_manager.hardware_component.system.arm_3_gz_ros2_control/GazeboSimSystem]: Executor is not available during hardware component initialization for 'arm_3_gz_ros2_control/GazeboSimSystem'. Skipping node creation!
[gz-1] [INFO] [1788462012.839164938] [cite.cell_a.arm_3.controller_manager]: Successful initialization of hardware 'arm_3_gz_ros2_control/GazeboSimSystem'
[gz-1] [INFO] [1788462012.839285220] [cite.cell_a.arm_3.gz_ros_control]: The position_proportional_gain has been set to: 0.1
[gz-1] [INFO] [1788462012.839301567] [cite.cell_a.arm_3.gz_ros_control]: Loading joint: arm_3_drive_joint
[gz-1] [INFO] [1788462012.839307297] [cite.cell_a.arm_3.gz_ros_control]: 	State:
[gz-1] [INFO] [1788462012.839312050] [cite.cell_a.arm_3.gz_ros_control]: 		 position
[gz-1] [INFO] [1788462012.839316702] [cite.cell_a.arm_3.gz_ros_control]: 		 velocity
[gz-1] [INFO] [1788462012.839321902] [cite.cell_a.arm_3.gz_ros_control]: 	Command:
[gz-1] [INFO] [1788462012.839326322] [cite.cell_a.arm_3.gz_ros_control]: 		 position
[gz-1] [INFO] [1788462012.839332392] [cite.cell_a.arm_3.gz_ros_control]: 		 velocity
[gz-1] [INFO] [1788462012.839339908] [cite.cell_a.arm_3.gz_ros_control]: Loading joint: arm_3_left_finger_joint
[gz-1] [INFO] [1788462012.839344622] [cite.cell_a.arm_3.gz_ros_control]: Joint 'arm_3_left_finger_joint'is mimicking joint 'arm_3_drive_joint' with multiplier: 1 and offset: 0
[gz-1] [INFO] [1788462012.839347798] [cite.cell_a.arm_3.gz_ros_control]: 	State:
[gz-1] [INFO] [1788462012.839350582] [cite.cell_a.arm_3.gz_ros_control]: 		 position
[gz-1] [INFO] [1788462012.839356321] [cite.cell_a.arm_3.gz_ros_control]: 		 velocity
[gz-1] [INFO] [1788462012.839359223] [cite.cell_a.arm_3.gz_ros_control]: 	Command:
[gz-1] [INFO] [1788462012.839371545] [cite.cell_a.arm_3.gz_ros_control]: Loading joint: arm_3_left_inner_knuckle_joint
[gz-1] [INFO] [1788462012.839375311] [cite.cell_a.arm_3.gz_ros_control]: Joint 'arm_3_left_inner_knuckle_joint'is mimicking joint 'arm_3_drive_joint' with multiplier: 1 and offset: 0
[gz-1] [INFO] [1788462012.839378338] [cite.cell_a.arm_3.gz_ros_control]: 	State:
[gz-1] [INFO] [1788462012.839381215] [cite.cell_a.arm_3.gz_ros_control]: 		 position
[gz-1] [INFO] [1788462012.839384568] [cite.cell_a.arm_3.gz_ros_control]: 		 velocity
[gz-1] [INFO] [1788462012.839387424] [cite.cell_a.arm_3.gz_ros_control]: 	Command:
[gz-1] [INFO] [1788462012.839393504] [cite.cell_a.arm_3.gz_ros_control]: Loading joint: arm_3_right_outer_knuckle_joint
[gz-1] [INFO] [1788462012.839399317] [cite.cell_a.arm_3.gz_ros_control]: Joint 'arm_3_right_outer_knuckle_joint'is mimicking joint 'arm_3_drive_joint' with multiplier: 1 and offset: 0
[gz-1] [INFO] [1788462012.839404063] [cite.cell_a.arm_3.gz_ros_control]: 	State:
[gz-1] [INFO] [1788462012.839408211] [cite.cell_a.arm_3.gz_ros_control]: 		 position
[gz-1] [INFO] [1788462012.839412672] [cite.cell_a.arm_3.gz_ros_control]: 		 velocity
[gz-1] [INFO] [1788462012.839416558] [cite.cell_a.arm_3.gz_ros_control]: 	Command:
[gz-1] [INFO] [1788462012.839425044] [cite.cell_a.arm_3.gz_ros_control]: Loading joint: arm_3_right_finger_joint
[gz-1] [INFO] [1788462012.839431075] [cite.cell_a.arm_3.gz_ros_control]: Joint 'arm_3_right_finger_joint'is mimicking joint 'arm_3_drive_joint' with multiplier: 1 and offset: 0
[gz-1] [INFO] [1788462012.839435387] [cite.cell_a.arm_3.gz_ros_control]: 	State:
[gz-1] [INFO] [1788462012.839439401] [cite.cell_a.arm_3.gz_ros_control]: 		 position
[gz-1] [INFO] [1788462012.839445184] [cite.cell_a.arm_3.gz_ros_control]: 		 velocity
[gz-1] [INFO] [1788462012.839449859] [cite.cell_a.arm_3.gz_ros_control]: 	Command:
[gz-1] [INFO] [1788462012.839455488] [cite.cell_a.arm_3.gz_ros_control]: Loading joint: arm_3_right_inner_knuckle_joint
[gz-1] [INFO] [1788462012.839459328] [cite.cell_a.arm_3.gz_ros_control]: Joint 'arm_3_right_inner_knuckle_joint'is mimicking joint 'arm_3_drive_joint' with multiplier: 1 and offset: 0
[gz-1] [INFO] [1788462012.839462381] [cite.cell_a.arm_3.gz_ros_control]: 	State:
[gz-1] [INFO] [1788462012.839464986] [cite.cell_a.arm_3.gz_ros_control]: 		 position
[gz-1] [INFO] [1788462012.839468332] [cite.cell_a.arm_3.gz_ros_control]: 		 velocity
[gz-1] [INFO] [1788462012.839471085] [cite.cell_a.arm_3.gz_ros_control]: 	Command:
[gz-1] [INFO] [1788462012.839488722] [cite.cell_a.arm_3.controller_manager]: Initialize hardware 'arm_3_XArmGripperSystem' 
[gz-1] [WARN] [1788462012.839495068] [cite.cell_a.arm_3.controller_manager.hardware_component.system.arm_3_XArmGripperSystem]: Executor is not available during hardware component initialization for 'arm_3_XArmGripperSystem'. Skipping node creation!
[gz-1] [INFO] [1788462012.839523377] [cite.cell_a.arm_3.controller_manager]: Successful initialization of hardware 'arm_3_XArmGripperSystem'
[gz-1] [INFO] [1788462012.839636164] [cite.cell_a.arm_3.controller_manager]: Activating component 'arm_3_XArmGripperSystem'.
[gz-1] [INFO] [1788462012.839644518] [resource_manager]: 'configure' hardware 'arm_3_XArmGripperSystem' 
[gz-1] [INFO] [1788462012.839647247] [cite.cell_a.arm_3.gz_ros_control]: System Successfully configured!
[gz-1] [INFO] [1788462012.839651321] [resource_manager]: Successful 'configure' of hardware 'arm_3_XArmGripperSystem'
[gz-1] [INFO] [1788462012.839655407] [resource_manager]: 'activate' hardware 'arm_3_XArmGripperSystem' 
[gz-1] [INFO] [1788462012.839658354] [resource_manager]: Successful 'activate' of hardware 'arm_3_XArmGripperSystem'
[gz-1] [INFO] [1788462012.839673281] [cite.cell_a.arm_3.controller_manager]: Activating component 'arm_3_gz_ros2_control/GazeboSimSystem'.
[gz-1] [INFO] [1788462012.839676874] [resource_manager]: 'configure' hardware 'arm_3_gz_ros2_control/GazeboSimSystem' 
[gz-1] [INFO] [1788462012.839678446] [cite.cell_a.arm_3.gz_ros_control]: System Successfully configured!
[gz-1] [INFO] [1788462012.839682276] [resource_manager]: Successful 'configure' of hardware 'arm_3_gz_ros2_control/GazeboSimSystem'
[gz-1] [INFO] [1788462012.839685495] [resource_manager]: 'activate' hardware 'arm_3_gz_ros2_control/GazeboSimSystem' 
[gz-1] [INFO] [1788462012.839687465] [resource_manager]: Successful 'activate' of hardware 'arm_3_gz_ros2_control/GazeboSimSystem'
[gz-1] [WARN] [1788462012.839697394] [cite.cell_a.arm_3.controller_manager]: Component 'arm_3_XArmGripperSystem' does not have read or write statistics initialized, skipping registration.
[gz-1] [WARN] [1788462012.839700953] [cite.cell_a.arm_3.controller_manager]: Component 'arm_3_gz_ros2_control/GazeboSimSystem' does not have read or write statistics initialized, skipping registration.
[gz-1] [INFO] [1788462012.839705563] [cite.cell_a.arm_3.controller_manager]: Resource Manager has been successfully initialized. Starting Controller Manager services...
[gz-1] [1;31m[Err] [Physics.cc:1808] [0m[1;31mAttempting to create a mimic constraint for joint [[0m[1;31marm_2_left_finger_joint[0m[1;31m] but the chosen physics engine does not support [0m[1;31mmimic constraints, so no constraint will be [0m[1;31mcreated.[0m[1;31m[0m
[detection_server-18] [INFO] [1788462014.865056806] [cite.cell_a.detection.detection_server]: 'beam_pick' first reported CLEAR
[detection_server-18] [INFO] [1788462014.865182476] [cite.cell_a.detection.detection_server]: 'beam_c3_out' first reported CLEAR
[detection_server-18] [INFO] [1788462014.865305197] [cite.cell_a.detection.detection_server]: 'beam_c2_out' first reported CLEAR
[detection_server-18] [INFO] [1788462014.865358022] [cite.cell_a.detection.detection_server]: 'beam_c1_out' first reported CLEAR
[gz-1] [WARN] [1788462014.867173338] [cite.cell_a.arm_2.gz_ros_control]:  Desired controller update period (0.00666667 s) is slower than the gazebo simulation period (0.001 s).
[gz-1] [WARN] [1788462014.867312671] [cite.cell_a.arm_1.gz_ros_control]:  Desired controller update period (0.00666667 s) is slower than the gazebo simulation period (0.001 s).
[gz-1] [WARN] [1788462014.867375679] [cite.cell_a.arm_3.gz_ros_control]:  Desired controller update period (0.00666667 s) is slower than the gazebo simulation period (0.001 s).
[gz-1] [INFO] [1788462014.872279378] [cite.cell_a.arm_1.controller_manager]: Successfully switched controllers!
[spawner-14] [INFO] [1788462014.880768371] [spawn_arm_1_stage0]: Configured and activated arm_1_joint_state_broadcaster
[INFO] [spawner-14]: process has finished cleanly [pid 125]
[INFO] [spawner-19]: process started with pid [591]
[spawner-19] [INFO] [1788462015.362031192] [spawn_arm_1_stage1]: waiting for service /cite/cell_a/arm_1/controller_manager/list_controllers to become available...
[gz-1] [INFO] [1788462016.614619658] [cite.cell_a.arm_1.controller_manager]: Loading controller : 'arm_1_gripper_controller' of type 'position_controllers/GripperActionController'
[gz-1] [INFO] [1788462016.614656876] [cite.cell_a.arm_1.controller_manager]: Loading controller 'arm_1_gripper_controller'
[gz-1] [INFO] [1788462016.617742643] [cite.cell_a.arm_1.controller_manager]: Controller 'arm_1_gripper_controller' node arguments: --ros-args --params-file /workspace/workspace/install/cite_generated/share/cite_generated/control/cell_a_arm_1_controllers.yaml -p use_sim_time:=true --param use_sim_time:=true 
[gz-1] [WARN] [1788462016.630556591] [cite.cell_a.arm_1.arm_1_gripper_controller]: [Deprecated]: the `position_controllers/GripperActionController` and `effort_controllers::GripperActionController` controllers are replaced by 'parallel_gripper_controllers/GripperActionController' controller
[spawner-19] [INFO] [1788462016.635277381] [spawn_arm_1_stage1]: Loaded arm_1_gripper_controller
[gz-1] [INFO] [1788462016.636776167] [cite.cell_a.arm_1.controller_manager]: Configuring controller: 'arm_1_gripper_controller'
[gz-1] [INFO] [1788462016.636845809] [cite.cell_a.arm_1.arm_1_gripper_controller]: Action status changes will be monitored at 20.000000 Hz.
[gz-1] [INFO] [1788462016.642339537] [cite.cell_a.arm_1.controller_manager]: Activating controllers: [ arm_1_gripper_controller ]
[gz-1] [INFO] [1788462016.652049520] [cite.cell_a.arm_1.controller_manager]: Successfully switched controllers!
[spawner-19] [INFO] [1788462016.660193752] [spawn_arm_1_stage1]: Configured and activated arm_1_gripper_controller
[gz-1] [INFO] [1788462016.661029172] [cite.cell_a.arm_1.controller_manager]: Loading controller : 'arm_1_joint_trajectory_controller' of type 'joint_trajectory_controller/JointTrajectoryController'
[gz-1] [INFO] [1788462016.661051799] [cite.cell_a.arm_1.controller_manager]: Loading controller 'arm_1_joint_trajectory_controller'
[gz-1] [INFO] [1788462016.664207519] [cite.cell_a.arm_1.controller_manager]: Controller 'arm_1_joint_trajectory_controller' node arguments: --ros-args --params-file /workspace/workspace/install/cite_generated/share/cite_generated/control/cell_a_arm_1_controllers.yaml -p use_sim_time:=true --param use_sim_time:=true 
[spawner-19] [INFO] [1788462016.721380164] [spawn_arm_1_stage1]: Loaded arm_1_joint_trajectory_controller
[gz-1] [INFO] [1788462016.721668804] [cite.cell_a.arm_1.controller_manager]: Configuring controller: 'arm_1_joint_trajectory_controller'
[gz-1] [INFO] [1788462016.721870449] [cite.cell_a.arm_1.arm_1_joint_trajectory_controller]: No specific joint names are used for command interfaces. Using 'joints' parameter.
[gz-1] [INFO] [1788462016.721966270] [cite.cell_a.arm_1.arm_1_joint_trajectory_controller]: Command interfaces are [position] and state interfaces are [position velocity].
[gz-1] [INFO] [1788462016.722007526] [cite.cell_a.arm_1.arm_1_joint_trajectory_controller]: Using 'splines' interpolation method.
[gz-1] [INFO] [1788462016.724964947] [cite.cell_a.arm_1.arm_1_joint_trajectory_controller]: Action status changes will be monitored at 20.00 Hz.
[gz-1] [INFO] [1788462016.730095865] [cite.cell_a.arm_1.arm_1_joint_trajectory_controller]: Setting initial scaling factor to 1.000000
[gz-1] [INFO] [1788462016.730119867] [cite.cell_a.arm_1.arm_1_joint_trajectory_controller]: No scaling interface set. This controller will not read speed scaling from the hardware.
[gz-1] [INFO] [1788462016.735099272] [cite.cell_a.arm_1.controller_manager]: Activating controllers: [ arm_1_joint_trajectory_controller ]
[gz-1] [INFO] [1788462016.741603608] [cite.cell_a.arm_1.controller_manager]: Successfully switched controllers!
[spawner-19] [INFO] [1788462016.749499272] [spawn_arm_1_stage1]: Configured and activated arm_1_joint_trajectory_controller
[INFO] [spawner-19]: process has finished cleanly [pid 591]
[INFO] [spawner-20]: process started with pid [615]
[spawner-20] [INFO] [1788462017.239422203] [spawn_arm_2_stage0]: waiting for service /cite/cell_a/arm_2/controller_manager/list_controllers to become available...
[gz-1] [INFO] [1788462018.491313495] [cite.cell_a.arm_2.controller_manager]: Loading controller : 'arm_2_joint_state_broadcaster' of type 'joint_state_broadcaster/JointStateBroadcaster'
[gz-1] [INFO] [1788462018.491351662] [cite.cell_a.arm_2.controller_manager]: Loading controller 'arm_2_joint_state_broadcaster'
[gz-1] [INFO] [1788462018.492248268] [cite.cell_a.arm_2.controller_manager]: Controller 'arm_2_joint_state_broadcaster' node arguments: --ros-args --params-file /workspace/workspace/install/cite_generated/share/cite_generated/control/cell_a_arm_2_controllers.yaml -p use_sim_time:=true --param use_sim_time:=true 
[spawner-20] [INFO] [1788462018.512719521] [spawn_arm_2_stage0]: Loaded arm_2_joint_state_broadcaster
[gz-1] [INFO] [1788462018.513677818] [cite.cell_a.arm_2.controller_manager]: Configuring controller: 'arm_2_joint_state_broadcaster'
[gz-1] [INFO] [1788462018.513730204] [cite.cell_a.arm_2.arm_2_joint_state_broadcaster]: 'joints' or 'interfaces' parameter is empty. All available state interfaces will be published
[gz-1] [INFO] [1788462018.519741620] [cite.cell_a.arm_2.controller_manager]: Activating controllers: [ arm_2_joint_state_broadcaster ]
[gz-1] [INFO] [1788462018.525551256] [cite.cell_a.arm_2.controller_manager]: Successfully switched controllers!
[spawner-20] [INFO] [1788462018.533403257] [spawn_arm_2_stage0]: Configured and activated arm_2_joint_state_broadcaster
[INFO] [spawner-20]: process has finished cleanly [pid 615]
[INFO] [spawner-21]: process started with pid [633]
[spawner-21] [INFO] [1788462019.056123749] [spawn_arm_2_stage1]: waiting for service /cite/cell_a/arm_2/controller_manager/list_controllers to become available...
[gz-1] [INFO] [1788462019.808309393] [cite.cell_a.arm_2.controller_manager]: Loading controller : 'arm_2_gripper_controller' of type 'position_controllers/GripperActionController'
[gz-1] [INFO] [1788462019.808348587] [cite.cell_a.arm_2.controller_manager]: Loading controller 'arm_2_gripper_controller'
[gz-1] [INFO] [1788462019.809141913] [cite.cell_a.arm_2.controller_manager]: Controller 'arm_2_gripper_controller' node arguments: --ros-args --params-file /workspace/workspace/install/cite_generated/share/cite_generated/control/cell_a_arm_2_controllers.yaml -p use_sim_time:=true --param use_sim_time:=true 
[gz-1] [WARN] [1788462019.822337419] [cite.cell_a.arm_2.arm_2_gripper_controller]: [Deprecated]: the `position_controllers/GripperActionController` and `effort_controllers::GripperActionController` controllers are replaced by 'parallel_gripper_controllers/GripperActionController' controller
[spawner-21] [INFO] [1788462019.826057030] [spawn_arm_2_stage1]: Loaded arm_2_gripper_controller
[gz-1] [INFO] [1788462019.827630682] [cite.cell_a.arm_2.controller_manager]: Configuring controller: 'arm_2_gripper_controller'
[gz-1] [INFO] [1788462019.827851370] [cite.cell_a.arm_2.arm_2_gripper_controller]: Action status changes will be monitored at 20.000000 Hz.
[gz-1] [INFO] [1788462019.832861976] [cite.cell_a.arm_2.controller_manager]: Activating controllers: [ arm_2_gripper_controller ]
[gz-1] [INFO] [1788462019.841220504] [cite.cell_a.arm_2.controller_manager]: Successfully switched controllers!
[spawner-21] [INFO] [1788462019.848958006] [spawn_arm_2_stage1]: Configured and activated arm_2_gripper_controller
[gz-1] [INFO] [1788462019.849615702] [cite.cell_a.arm_2.controller_manager]: Loading controller : 'arm_2_joint_trajectory_controller' of type 'joint_trajectory_controller/JointTrajectoryController'
[gz-1] [INFO] [1788462019.849641039] [cite.cell_a.arm_2.controller_manager]: Loading controller 'arm_2_joint_trajectory_controller'
[gz-1] [INFO] [1788462019.850088186] [cite.cell_a.arm_2.controller_manager]: Controller 'arm_2_joint_trajectory_controller' node arguments: --ros-args --params-file /workspace/workspace/install/cite_generated/share/cite_generated/control/cell_a_arm_2_controllers.yaml -p use_sim_time:=true --param use_sim_time:=true 
[spawner-21] [INFO] [1788462019.913268179] [spawn_arm_2_stage1]: Loaded arm_2_joint_trajectory_controller
[gz-1] [INFO] [1788462019.913578862] [cite.cell_a.arm_2.controller_manager]: Configuring controller: 'arm_2_joint_trajectory_controller'
[gz-1] [INFO] [1788462019.913747935] [cite.cell_a.arm_2.arm_2_joint_trajectory_controller]: No specific joint names are used for command interfaces. Using 'joints' parameter.
[gz-1] [INFO] [1788462019.913770032] [cite.cell_a.arm_2.arm_2_joint_trajectory_controller]: Command interfaces are [position] and state interfaces are [position velocity].
[gz-1] [INFO] [1788462019.913778431] [cite.cell_a.arm_2.arm_2_joint_trajectory_controller]: Using 'splines' interpolation method.
[gz-1] [INFO] [1788462019.915567439] [cite.cell_a.arm_2.arm_2_joint_trajectory_controller]: Action status changes will be monitored at 20.00 Hz.
[gz-1] [INFO] [1788462019.920262428] [cite.cell_a.arm_2.arm_2_joint_trajectory_controller]: Setting initial scaling factor to 1.000000
[gz-1] [INFO] [1788462019.920285573] [cite.cell_a.arm_2.arm_2_joint_trajectory_controller]: No scaling interface set. This controller will not read speed scaling from the hardware.
[gz-1] [INFO] [1788462019.926089819] [cite.cell_a.arm_2.controller_manager]: Activating controllers: [ arm_2_joint_trajectory_controller ]
[gz-1] [INFO] [1788462019.932449834] [cite.cell_a.arm_2.controller_manager]: Successfully switched controllers!
[spawner-21] [INFO] [1788462019.940249489] [spawn_arm_2_stage1]: Configured and activated arm_2_joint_trajectory_controller
[INFO] [spawner-21]: process has finished cleanly [pid 633]
[INFO] [spawner-22]: process started with pid [651]
[spawner-22] [INFO] [1788462020.463982413] [spawn_arm_3_stage0]: waiting for service /cite/cell_a/arm_3/controller_manager/list_controllers to become available...
[gz-1] [INFO] [1788462021.465896778] [cite.cell_a.arm_3.controller_manager]: Loading controller : 'arm_3_joint_state_broadcaster' of type 'joint_state_broadcaster/JointStateBroadcaster'
[gz-1] [INFO] [1788462021.465935950] [cite.cell_a.arm_3.controller_manager]: Loading controller 'arm_3_joint_state_broadcaster'
[gz-1] [INFO] [1788462021.466998536] [cite.cell_a.arm_3.controller_manager]: Controller 'arm_3_joint_state_broadcaster' node arguments: --ros-args --params-file /workspace/workspace/install/cite_generated/share/cite_generated/control/cell_a_arm_3_controllers.yaml -p use_sim_time:=true --param use_sim_time:=true 
[spawner-22] [INFO] [1788462021.486304349] [spawn_arm_3_stage0]: Loaded arm_3_joint_state_broadcaster
[gz-1] [INFO] [1788462021.487307533] [cite.cell_a.arm_3.controller_manager]: Configuring controller: 'arm_3_joint_state_broadcaster'
[gz-1] [INFO] [1788462021.487364750] [cite.cell_a.arm_3.arm_3_joint_state_broadcaster]: 'joints' or 'interfaces' parameter is empty. All available state interfaces will be published
[gz-1] [INFO] [1788462021.492908070] [cite.cell_a.arm_3.controller_manager]: Activating controllers: [ arm_3_joint_state_broadcaster ]
[gz-1] [INFO] [1788462021.498876251] [cite.cell_a.arm_3.controller_manager]: Successfully switched controllers!
[spawner-22] [INFO] [1788462021.506612769] [spawn_arm_3_stage0]: Configured and activated arm_3_joint_state_broadcaster
[INFO] [spawner-22]: process has finished cleanly [pid 651]
[INFO] [spawner-23]: process started with pid [669]
[spawner-23] [INFO] [1788462022.000485267] [spawn_arm_3_stage1]: waiting for service /cite/cell_a/arm_3/controller_manager/list_controllers to become available...
[gz-1] [INFO] [1788462024.753419625] [cite.cell_a.arm_3.controller_manager]: Loading controller : 'arm_3_gripper_controller' of type 'position_controllers/GripperActionController'
[gz-1] [INFO] [1788462024.753453612] [cite.cell_a.arm_3.controller_manager]: Loading controller 'arm_3_gripper_controller'
[gz-1] [INFO] [1788462024.754201448] [cite.cell_a.arm_3.controller_manager]: Controller 'arm_3_gripper_controller' node arguments: --ros-args --params-file /workspace/workspace/install/cite_generated/share/cite_generated/control/cell_a_arm_3_controllers.yaml -p use_sim_time:=true --param use_sim_time:=true 
[gz-1] [WARN] [1788462024.768138623] [cite.cell_a.arm_3.arm_3_gripper_controller]: [Deprecated]: the `position_controllers/GripperActionController` and `effort_controllers::GripperActionController` controllers are replaced by 'parallel_gripper_controllers/GripperActionController' controller
[spawner-23] [INFO] [1788462024.773406796] [spawn_arm_3_stage1]: Loaded arm_3_gripper_controller
[gz-1] [INFO] [1788462024.774734002] [cite.cell_a.arm_3.controller_manager]: Configuring controller: 'arm_3_gripper_controller'
[gz-1] [INFO] [1788462024.774805501] [cite.cell_a.arm_3.arm_3_gripper_controller]: Action status changes will be monitored at 20.000000 Hz.
[gz-1] [INFO] [1788462024.780683949] [cite.cell_a.arm_3.controller_manager]: Activating controllers: [ arm_3_gripper_controller ]
[gz-1] [INFO] [1788462024.789550682] [cite.cell_a.arm_3.controller_manager]: Successfully switched controllers!
[spawner-23] [INFO] [1788462024.811156196] [spawn_arm_3_stage1]: Configured and activated arm_3_gripper_controller
[gz-1] [INFO] [1788462024.811968293] [cite.cell_a.arm_3.controller_manager]: Loading controller : 'arm_3_joint_trajectory_controller' of type 'joint_trajectory_controller/JointTrajectoryController'
[gz-1] [INFO] [1788462024.811993119] [cite.cell_a.arm_3.controller_manager]: Loading controller 'arm_3_joint_trajectory_controller'
[gz-1] [INFO] [1788462024.812790738] [cite.cell_a.arm_3.controller_manager]: Controller 'arm_3_joint_trajectory_controller' node arguments: --ros-args --params-file /workspace/workspace/install/cite_generated/share/cite_generated/control/cell_a_arm_3_controllers.yaml -p use_sim_time:=true --param use_sim_time:=true 
[spawner-23] [INFO] [1788462024.914651463] [spawn_arm_3_stage1]: Loaded arm_3_joint_trajectory_controller
[gz-1] [INFO] [1788462024.914984829] [cite.cell_a.arm_3.controller_manager]: Configuring controller: 'arm_3_joint_trajectory_controller'
[gz-1] [INFO] [1788462024.915134368] [cite.cell_a.arm_3.arm_3_joint_trajectory_controller]: No specific joint names are used for command interfaces. Using 'joints' parameter.
[gz-1] [INFO] [1788462024.915147874] [cite.cell_a.arm_3.arm_3_joint_trajectory_controller]: Command interfaces are [position] and state interfaces are [position velocity].
[gz-1] [INFO] [1788462024.915155891] [cite.cell_a.arm_3.arm_3_joint_trajectory_controller]: Using 'splines' interpolation method.
[gz-1] [INFO] [1788462024.916959064] [cite.cell_a.arm_3.arm_3_joint_trajectory_controller]: Action status changes will be monitored at 20.00 Hz.
[gz-1] [INFO] [1788462024.923231026] [cite.cell_a.arm_3.arm_3_joint_trajectory_controller]: Setting initial scaling factor to 1.000000
[gz-1] [INFO] [1788462024.923262796] [cite.cell_a.arm_3.arm_3_joint_trajectory_controller]: No scaling interface set. This controller will not read speed scaling from the hardware.
[gz-1] [INFO] [1788462024.928694491] [cite.cell_a.arm_3.controller_manager]: Activating controllers: [ arm_3_joint_trajectory_controller ]
[gz-1] [INFO] [1788462024.934860402] [cite.cell_a.arm_3.controller_manager]: Successfully switched controllers!
[spawner-23] [INFO] [1788462024.942860411] [spawn_arm_3_stage1]: Configured and activated arm_3_joint_trajectory_controller
[INFO] [spawner-23]: process has finished cleanly [pid 669]
[INFO] [planning_scene_loader.py-24]: process started with pid [687]
[planning_scene_loader.py-24] [INFO] [1788462027.748448088] [cite.cell_a.arm_1.load_planning_scene_arm_1]: loaded 12 collision object(s) for zone 'cell_a' in cite_world
[INFO] [planning_scene_loader.py-24]: process has finished cleanly [pid 687]
[INFO] [planning_scene_loader.py-25]: process started with pid [708]
[planning_scene_loader.py-25] [INFO] [1788462031.023051201] [cite.cell_a.arm_2.load_planning_scene_arm_2]: loaded 12 collision object(s) for zone 'cell_a' in cite_world
[INFO] [planning_scene_loader.py-25]: process has finished cleanly [pid 708]
[INFO] [planning_scene_loader.py-26]: process started with pid [723]
[planning_scene_loader.py-26] [INFO] [1788462032.918936363] [cite.cell_a.arm_3.load_planning_scene_arm_3]: loaded 12 collision object(s) for zone 'cell_a' in cite_world
[INFO] [planning_scene_loader.py-26]: process has finished cleanly [pid 723]
[INFO] [skill_server-27]: process started with pid [744]
[INFO] [skill_server-28]: process started with pid [745]
[INFO] [skill_server-29]: process started with pid [746]
[INFO] [readiness_witness.py-30]: process started with pid [747]
[skill_server-29] [WARN] [1788462034.114282216] [rcl.logging_rosout]: Publisher already registered for node name: 'skill_server'. If this is due to multiple nodes with the same name then all logs for the logger named 'cite.cell_a.arm_3.skill_server' will go out over the existing publisher. As soon as any node with that name is destructed it will unregister the publisher, preventing any further logs for that name from being published on the rosout topic.
[skill_server-28] [WARN] [1788462034.122940998] [rcl.logging_rosout]: Publisher already registered for node name: 'skill_server'. If this is due to multiple nodes with the same name then all logs for the logger named 'cite.cell_a.arm_2.skill_server' will go out over the existing publisher. As soon as any node with that name is destructed it will unregister the publisher, preventing any further logs for that name from being published on the rosout topic.
[skill_server-29] [INFO] [1788462034.130769996] [cite.cell_a.arm_3.skill_server.moveit.ros.rdf_loader]: Loaded robot model in 0 seconds
[skill_server-29] [INFO] [1788462034.131020010] [cite.cell_a.arm_3.skill_server.moveit.core.robot_model]: Loading robot model 'arm_3'...
[skill_server-29] [INFO] [1788462034.131037245] [cite.cell_a.arm_3.skill_server.moveit.core.robot_model]: No root/virtual joint specified in SRDF. Assuming fixed joint
[skill_server-27] [WARN] [1788462034.131578832] [rcl.logging_rosout]: Publisher already registered for node name: 'skill_server'. If this is due to multiple nodes with the same name then all logs for the logger named 'cite.cell_a.arm_1.skill_server' will go out over the existing publisher. As soon as any node with that name is destructed it will unregister the publisher, preventing any further logs for that name from being published on the rosout topic.
[skill_server-28] [INFO] [1788462034.135766522] [cite.cell_a.arm_2.skill_server.moveit.ros.rdf_loader]: Loaded robot model in 0 seconds
[skill_server-28] [INFO] [1788462034.135880642] [cite.cell_a.arm_2.skill_server.moveit.core.robot_model]: Loading robot model 'arm_2'...
[skill_server-28] [INFO] [1788462034.135897504] [cite.cell_a.arm_2.skill_server.moveit.core.robot_model]: No root/virtual joint specified in SRDF. Assuming fixed joint
[skill_server-27] [INFO] [1788462034.143737355] [cite.cell_a.arm_1.skill_server.moveit.ros.rdf_loader]: Loaded robot model in 0 seconds
[skill_server-29] [INFO] [1788462034.144921409] [cite.cell_a.arm_3.skill_server.moveit.kinematics.kdl_kinematics_plugin]: Joint weights for group 'arm_3_xarm5': 1 1 1 1 1
[skill_server-27] [INFO] [1788462034.212552085] [cite.cell_a.arm_1.skill_server.moveit.core.robot_model]: Loading robot model 'arm_1'...
[skill_server-27] [INFO] [1788462034.212601234] [cite.cell_a.arm_1.skill_server.moveit.core.robot_model]: No root/virtual joint specified in SRDF. Assuming fixed joint
[skill_server-28] [INFO] [1788462034.545633980] [cite.cell_a.arm_2.skill_server.moveit.kinematics.kdl_kinematics_plugin]: Joint weights for group 'arm_2_xarm5': 1 1 1 1 1
[skill_server-27] [INFO] [1788462034.553438130] [cite.cell_a.arm_1.skill_server.moveit.kinematics.kdl_kinematics_plugin]: Joint weights for group 'arm_1_xarm5': 1 1 1 1 1
[readiness_witness.py-30] [INFO] [1788462034.645757227] [readiness_witness]: waiting for 16 action server(s) on side 'plant'
[skill_server-27] [INFO] [1788462035.565657666] [cite.cell_a.arm_1.skill_server.moveit.ros.move_group_interface]: Ready to take commands for planning group arm_1_xarm5.
[skill_server-27] [INFO] [1788462035.565707502] [cite.cell_a.arm_1.skill_server]: planning for group 'arm_1_xarm5' with end effector 'arm_1_link_tcp' (planning frame 'arm_1_mount')
[skill_server-27] [INFO] [1788462035.565716610] [cite.cell_a.arm_1.skill_server]: planner: pilz_industrial_motion_planner/PTP, falling back to ompl (its own default planner) (ADR-0027)
[skill_server-29] [INFO] [1788462035.567996470] [cite.cell_a.arm_3.skill_server.moveit.ros.move_group_interface]: Ready to take commands for planning group arm_3_xarm5.
[skill_server-29] [INFO] [1788462035.568034386] [cite.cell_a.arm_3.skill_server]: planning for group 'arm_3_xarm5' with end effector 'arm_3_link_tcp' (planning frame 'arm_3_mount')
[skill_server-29] [INFO] [1788462035.568040783] [cite.cell_a.arm_3.skill_server]: planner: pilz_industrial_motion_planner/PTP, falling back to ompl (its own default planner) (ADR-0027)
[skill_server-27] [INFO] [1788462035.640014328] [cite.cell_a.arm_1.skill_server]: skills for arm_1 are accepting goals
[skill_server-29] [INFO] [1788462035.640453989] [cite.cell_a.arm_3.skill_server]: skills for arm_3 are accepting goals
CITE_TIMING {"scenario": "bringup", "test": "test_a_skill_moves_the_arm_to_its_home_configuration", "what": "the arm_1 skill server", "ceiling_s": 240.0, "elapsed_s": 29.284, "spins": 29, "monotonic_s": 30056.02}
CITE_TIMING {"scenario": "bringup", "test": "test_a_skill_moves_the_arm_to_its_home_configuration", "what": "the MoveTo goal to be accepted", "ceiling_s": 60.0, "elapsed_s": 0.0, "spins": 1, "monotonic_s": 30056.021}
[skill_server-27] [INFO] [1788462035.715198921] [cite.cell_a.arm_1.skill_server.moveit.ros.move_group_interface]: MoveGroup action client/server ready
[move_group-15] [INFO] [1788462035.715679082] [cite.cell_a.arm_1.move_group.moveit.ros.move_group.move_action]: MoveGroupMoveAction: Received request
[move_group-15] [INFO] [1788462035.715924613] [cite.cell_a.arm_1.move_group.moveit.ros.move_group.move_action]: executing..
[skill_server-27] [INFO] [1788462035.715831972] [cite.cell_a.arm_1.skill_server.moveit.ros.move_group_interface]: Planning request accepted
[move_group-15] [INFO] [1788462035.722624962] [cite.cell_a.arm_1.move_group.moveit.ros.move_group.move_action]: Planning request received for MoveGroup action. Forwarding to planning pipeline.
[move_group-15] [INFO] [1788462035.722668696] [cite.cell_a.arm_1.move_group.moveit.ros.move_group.capability]: Using planning pipeline 'pilz_industrial_motion_planner'
[move_group-15] [INFO] [1788462035.722961146] [cite.cell_a.arm_1.move_group]: Calling PlanningRequestAdapter 'ResolveConstraintFrames'
[move_group-15] [INFO] [1788462035.722996768] [cite.cell_a.arm_1.move_group]: Calling PlanningRequestAdapter 'ValidateWorkspaceBounds'
[move_group-15] [WARN] [1788462035.723003500] [cite.cell_a.arm_1.move_group.moveit.ros.validate_workspace_bounds]: It looks like the planning volume was not specified. Using default values.
[move_group-15] [INFO] [1788462035.723015706] [cite.cell_a.arm_1.move_group]: Calling PlanningRequestAdapter 'CheckStartStateBounds'
[move_group-15] [INFO] [1788462035.723043167] [cite.cell_a.arm_1.move_group]: Calling PlanningRequestAdapter 'CheckStartStateCollision'
[move_group-15] [INFO] [1788462035.725016582] [cite.cell_a.arm_1.move_group.moveit.planners.pilz.trajectory_generator.ptp]: Initialized Point-to-Point Trajectory Generator.
[move_group-15] [INFO] [1788462035.725059905] [cite.cell_a.arm_1.move_group]: Calling Planner 'Pilz Industrial Motion Planner'
[move_group-15] [INFO] [1788462035.725092451] [cite.cell_a.arm_1.move_group.moveit.planners.pilz.trajectory_generator]: Generating PTP trajectory...
[move_group-15] [INFO] [1788462035.725881974] [cite.cell_a.arm_1.move_group]: Calling PlanningResponseAdapter 'ValidateSolution'
[move_group-15] [INFO] [1788462035.763713625] [cite.cell_a.arm_1.move_group]: Calling PlanningResponseAdapter 'DisplayMotionPath'
[move_group-15] [INFO] [1788462035.763994888] [cite.cell_a.arm_1.move_group.moveit.ros.move_group.move_action]: Motion plan was computed successfully.
[skill_server-27] [INFO] [1788462035.764336342] [cite.cell_a.arm_1.skill_server.moveit.ros.move_group_interface]: Planning request complete!
[skill_server-27] [INFO] [1788462035.764518688] [cite.cell_a.arm_1.skill_server.moveit.ros.move_group_interface]: time taken to generate plan: 0.000602165 seconds
[move_group-15] [INFO] [1788462035.765090860] [cite.cell_a.arm_1.move_group.moveit.ros.move_group.clear_octomap_service]: Execution request received
[skill_server-27] [INFO] [1788462035.765114292] [cite.cell_a.arm_1.skill_server.moveit.ros.move_group_interface]: Execute request accepted
[move_group-15] [INFO] [1788462035.765133420] [cite.cell_a.arm_1.move_group.moveit.plugins.simple_controller_manager]: Returned 2 controllers in list
[move_group-15] [INFO] [1788462035.765149513] [cite.cell_a.arm_1.move_group.moveit.plugins.simple_controller_manager]: Returned 2 controllers in list
[move_group-15] [INFO] [1788462035.765223374] [cite.cell_a.arm_1.move_group.moveit.ros.trajectory_execution_manager]: Validating trajectory with allowed_start_tolerance 0.01
[move_group-15] [INFO] [1788462035.771292310] [cite.cell_a.arm_1.move_group.moveit.ros.trajectory_execution_manager]: Starting trajectory execution ...
[move_group-15] [INFO] [1788462035.771343596] [cite.cell_a.arm_1.move_group.moveit.plugins.simple_controller_manager]: Returned 2 controllers in list
[move_group-15] [INFO] [1788462035.771360373] [cite.cell_a.arm_1.move_group.moveit.plugins.simple_controller_manager]: Returned 2 controllers in list
[move_group-15] [INFO] [1788462035.771650362] [moveit.simple_controller_manager.follow_joint_trajectory_controller_handle]: sending trajectory to arm_1_joint_trajectory_controller
[gz-1] [INFO] [1788462035.771959060] [cite.cell_a.arm_1.arm_1_joint_trajectory_controller]: Received new action goal
[gz-1] [INFO] [1788462035.772012906] [cite.cell_a.arm_1.arm_1_joint_trajectory_controller]: Accepted new action goal
[move_group-15] [INFO] [1788462035.772127457] [moveit.simple_controller_manager.follow_joint_trajectory_controller_handle]: arm_1_joint_trajectory_controller started execution
[move_group-15] [INFO] [1788462035.772141895] [moveit.simple_controller_manager.follow_joint_trajectory_controller_handle]: Goal request accepted!
[readiness_witness.py-30] [INFO] [1788462035.779579841] [readiness_witness]: serving: /cite/cell_a/arm_1/move_to
[readiness_witness.py-30] [INFO] [1788462035.783003437] [readiness_witness]: serving: /cite/cell_a/arm_1/pick
[readiness_witness.py-30] [INFO] [1788462035.813381675] [readiness_witness]: serving: /cite/cell_a/arm_1/place
[readiness_witness.py-30] [INFO] [1788462035.817893718] [readiness_witness]: serving: /cite/cell_a/arm_1/grasp
[readiness_witness.py-30] [INFO] [1788462035.822653994] [readiness_witness]: serving: /cite/cell_a/arm_1/transfer
[skill_server-28] [INFO] [1788462036.841089753] [cite.cell_a.arm_2.skill_server.moveit.ros.move_group_interface]: Ready to take commands for planning group arm_2_xarm5.
[skill_server-28] [INFO] [1788462036.841129900] [cite.cell_a.arm_2.skill_server]: planning for group 'arm_2_xarm5' with end effector 'arm_2_link_tcp' (planning frame 'arm_2_mount')
[skill_server-28] [INFO] [1788462036.841135735] [cite.cell_a.arm_2.skill_server]: planner: pilz_industrial_motion_planner/PTP, falling back to ompl (its own default planner) (ADR-0027)
[skill_server-28] [INFO] [1788462036.933861672] [cite.cell_a.arm_2.skill_server]: skills for arm_2 are accepting goals
[readiness_witness.py-30] [INFO] [1788462037.080456467] [readiness_witness]: serving: /cite/cell_a/arm_2/move_to
[readiness_witness.py-30] [INFO] [1788462037.114783274] [readiness_witness]: serving: /cite/cell_a/arm_2/pick
[readiness_witness.py-30] [INFO] [1788462037.123137060] [readiness_witness]: serving: /cite/cell_a/arm_2/place
[readiness_witness.py-30] [INFO] [1788462037.132596788] [readiness_witness]: serving: /cite/cell_a/arm_2/grasp
[readiness_witness.py-30] [INFO] [1788462037.141116326] [readiness_witness]: serving: /cite/cell_a/arm_2/transfer
[readiness_witness.py-30] [INFO] [1788462037.148226809] [readiness_witness]: serving: /cite/cell_a/arm_3/move_to
[readiness_witness.py-30] [INFO] [1788462037.210887656] [readiness_witness]: serving: /cite/cell_a/arm_3/pick
[readiness_witness.py-30] [INFO] [1788462037.219303533] [readiness_witness]: serving: /cite/cell_a/arm_3/place
[readiness_witness.py-30] [INFO] [1788462037.227200518] [readiness_witness]: serving: /cite/cell_a/arm_3/grasp
[readiness_witness.py-30] [INFO] [1788462037.234688936] [readiness_witness]: serving: /cite/cell_a/arm_3/transfer
[readiness_witness.py-30] [INFO] [1788462037.243375570] [readiness_witness]: serving: /cite/cell_a/detection/detect
[INFO] [readiness_witness.py-30]: process has finished cleanly [pid 747]
[INFO] [launch.user]: CITE_SIDE_READY side=plant zone=cell_a
[gz-1] [ERROR] [1788462039.652333672] [cite.cell_a.arm_1.controller_manager]: Command of at least one joint is out of limits (throttled log). Joint: 'arm_1_joint3', (actual: [Joint: 'arm_1_joint3', position: -0.510489, velocity: -0.003885], command: [Joint: 'arm_1_joint3', position: -0.533329], limited: [Joint: 'arm_1_joint3', position: -0.531654]) with desired period : 0.006667 sec.
[gz-1] [INFO] [1788462042.502752698] [cite.cell_a.arm_1.arm_1_joint_trajectory_controller]: Goal reached, success!
[move_group-15] [INFO] [1788462042.522459639] [moveit.simple_controller_manager.follow_joint_trajectory_controller_handle]: Controller 'arm_1_joint_trajectory_controller' successfully finished
[move_group-15] [INFO] [1788462042.523865055] [cite.cell_a.arm_1.move_group.moveit.ros.trajectory_execution_manager]: Completed trajectory execution with status SUCCEEDED ...
[move_group-15] [INFO] [1788462042.523941405] [cite.cell_a.arm_1.move_group.moveit.ros.move_group.clear_octomap_service]: Execution completed: SUCCEEDED
[skill_server-27] [INFO] [1788462042.524105813] [cite.cell_a.arm_1.skill_server.moveit.ros.move_group_interface]: Execute request success!
[skill_server-27] [INFO] [1788462042.525526718] [cite.cell_a.arm_1.skill_server.moveit.ros.current_state_monitor]: Listening to joint states on topic 'joint_states'
CITE_TIMING {"scenario": "bringup", "test": "test_a_skill_moves_the_arm_to_its_home_configuration", "what": "MoveTo to return a result", "ceiling_s": 120.0, "elapsed_s": 6.816, "spins": 14, "monotonic_s": 30062.838}
ok
test_a_trajectory_executes (bringup.TestCellBringUp.test_a_trajectory_executes)
The arm moves when commanded, through the action the skills will use. ... CITE_TIMING {"scenario": "bringup", "test": "test_a_trajectory_executes", "what": "/cite/cell_a/arm_1/arm_1_joint_trajectory_controller/follow_joint_trajectory", "ceiling_s": 240.0, "elapsed_s": 0.0, "spins": 0, "monotonic_s": 30062.882}
[gz-1] [INFO] [1788462042.575958033] [cite.cell_a.arm_1.arm_1_joint_trajectory_controller]: Received new action goal
[gz-1] [INFO] [1788462042.575989406] [cite.cell_a.arm_1.arm_1_joint_trajectory_controller]: Accepted new action goal
CITE_TIMING {"scenario": "bringup", "test": "test_a_trajectory_executes", "what": "the trajectory goal to be accepted", "ceiling_s": 60.0, "elapsed_s": 0.001, "spins": 1, "monotonic_s": 30062.883}
[gz-1] [INFO] [1788462045.653830714] [cite.cell_a.arm_1.arm_1_joint_trajectory_controller]: Goal reached, success!
CITE_TIMING {"scenario": "bringup", "test": "test_a_trajectory_executes", "what": "the trajectory to return a result", "ceiling_s": 60.0, "elapsed_s": 3.099, "spins": 7, "monotonic_s": 30065.983}
ok
test_every_controller_reaches_active (bringup.TestCellBringUp.test_every_controller_reaches_active)
Bring-up completes, on this machine, without any step being timed. ... CITE_TIMING {"scenario": "bringup", "test": "test_every_controller_reaches_active", "what": "/cite/cell_a/arm_1/controller_manager to appear", "ceiling_s": 240.0, "elapsed_s": 0.0, "spins": 0, "monotonic_s": 30065.995}
CITE_TIMING {"scenario": "bringup", "test": "test_every_controller_reaches_active", "what": "arm_1's controllers to be active", "ceiling_s": 240.0, "elapsed_s": 0.001, "spins": 0, "monotonic_s": 30065.996}
CITE_TIMING {"scenario": "bringup", "test": "test_every_controller_reaches_active", "what": "/cite/cell_a/arm_2/controller_manager to appear", "ceiling_s": 240.0, "elapsed_s": 0.0, "spins": 0, "monotonic_s": 30065.997}
CITE_TIMING {"scenario": "bringup", "test": "test_every_controller_reaches_active", "what": "arm_2's controllers to be active", "ceiling_s": 240.0, "elapsed_s": 0.0, "spins": 0, "monotonic_s": 30065.997}
CITE_TIMING {"scenario": "bringup", "test": "test_every_controller_reaches_active", "what": "/cite/cell_a/arm_3/controller_manager to appear", "ceiling_s": 240.0, "elapsed_s": 0.0, "spins": 0, "monotonic_s": 30065.998}
CITE_TIMING {"scenario": "bringup", "test": "test_every_controller_reaches_active", "what": "arm_3's controllers to be active", "ceiling_s": 240.0, "elapsed_s": 0.0, "spins": 0, "monotonic_s": 30065.999}
ok
test_joint_states_are_actually_delivered (bringup.TestCellBringUp.test_joint_states_are_actually_delivered)
Not that a subscriber exists — that a message ARRIVES. ... CITE_TIMING {"scenario": "bringup", "test": "test_joint_states_are_actually_delivered", "what": "a message on /cite/cell_a/arm_1/joint_states", "ceiling_s": 30.0, "elapsed_s": 0.002, "spins": 3, "monotonic_s": 30066.002}
CITE_TIMING {"scenario": "bringup", "test": "test_joint_states_are_actually_delivered", "what": "a message on /cite/cell_a/arm_2/joint_states", "ceiling_s": 30.0, "elapsed_s": 0.005, "spins": 1, "monotonic_s": 30066.009}
CITE_TIMING {"scenario": "bringup", "test": "test_joint_states_are_actually_delivered", "what": "a message on /cite/cell_a/arm_3/joint_states", "ceiling_s": 30.0, "elapsed_s": 0.012, "spins": 1, "monotonic_s": 30066.022}
ok
test_no_joint_name_is_shared_between_arms (bringup.TestCellBringUp.test_no_joint_name_is_shared_between_arms)
Two instances of one component type must never collide. ... CITE_TIMING {"scenario": "bringup", "test": "test_no_joint_name_is_shared_between_arms", "what": "a message on /cite/cell_a/arm_1/joint_states", "ceiling_s": 30.0, "elapsed_s": 0.005, "spins": 1, "monotonic_s": 30066.029}
CITE_TIMING {"scenario": "bringup", "test": "test_no_joint_name_is_shared_between_arms", "what": "a message on /cite/cell_a/arm_2/joint_states", "ceiling_s": 30.0, "elapsed_s": 0.006, "spins": 1, "monotonic_s": 30066.037}
CITE_TIMING {"scenario": "bringup", "test": "test_no_joint_name_is_shared_between_arms", "what": "a message on /cite/cell_a/arm_3/joint_states", "ceiling_s": 30.0, "elapsed_s": 0.005, "spins": 1, "monotonic_s": 30066.043}
ok
test_station_frames_resolve_against_the_world (bringup.TestCellBringUp.test_station_frames_resolve_against_the_world)
Without this an arm's model is a disconnected TF tree. ... CITE_TIMING {"scenario": "bringup", "test": "test_station_frames_resolve_against_the_world", "what": "a transform from cite_world to cell_a__table_pick__surface", "ceiling_s": 30.0, "elapsed_s": 0.012, "spins": 8, "monotonic_s": 30066.079}
CITE_TIMING {"scenario": "bringup", "test": "test_station_frames_resolve_against_the_world", "what": "a transform from cite_world to cell_a__conveyor_1__infeed", "ceiling_s": 30.0, "elapsed_s": 0.0, "spins": 0, "monotonic_s": 30066.079}
CITE_TIMING {"scenario": "bringup", "test": "test_station_frames_resolve_against_the_world", "what": "a transform from cite_world to arm_1_mount", "ceiling_s": 30.0, "elapsed_s": 0.0, "spins": 0, "monotonic_s": 30066.079}
CITE_TIMING {"scenario": "bringup", "test": "test_station_frames_resolve_against_the_world", "what": "a transform from cite_world to arm_1_link_base", "ceiling_s": 30.0, "elapsed_s": 0.0, "spins": 0, "monotonic_s": 30066.079}
ok
test_the_facility_publishes_its_model_version (bringup.TestCellBringUp.test_the_facility_publishes_its_model_version)
L6 stamps this into every recording. ... CITE_TIMING {"scenario": "bringup", "test": "test_the_facility_publishes_its_model_version", "what": "the model version", "ceiling_s": 30.0, "elapsed_s": 0.01, "spins": 1, "monotonic_s": 30066.09}
ok
test_the_gripper_linkage_is_actually_coupled (bringup.TestCellBringUp.test_the_gripper_linkage_is_actually_coupled)
The five follower joints track `drive_joint`, rather than merely existing. ... CITE_TIMING {"scenario": "bringup", "test": "test_the_gripper_linkage_is_actually_coupled", "what": "/cite/cell_a/arm_1/arm_1_gripper_controller/gripper_cmd", "ceiling_s": 240.0, "elapsed_s": 0.0, "spins": 0, "monotonic_s": 30066.095}
[gz-1] [INFO] [1788462045.789084728] [cite.cell_a.arm_1.arm_1_gripper_controller]: Received & accepted new action goal
CITE_TIMING {"scenario": "bringup", "test": "test_the_gripper_linkage_is_actually_coupled", "what": "the gripper goal to be accepted", "ceiling_s": 60.0, "elapsed_s": 0.004, "spins": 1, "monotonic_s": 30066.099}
[gz-1] [ERROR] [1788462045.814129082] [cite.cell_a.arm_1.controller_manager]: Command of at least one joint is out of limits (throttled log). Joint: 'arm_1_drive_joint', (actual: [Joint: 'arm_1_drive_joint', position: 0.000097, velocity: 0.000000], command: [Joint: 'arm_1_drive_joint', position: 0.400000], limited: [Joint: 'arm_1_drive_joint', position: 0.006764]) with desired period : 0.006667 sec.
CITE_TIMING {"scenario": "bringup", "test": "test_the_gripper_linkage_is_actually_coupled", "what": "the gripper to report a result", "ceiling_s": 60.0, "elapsed_s": 0.596, "spins": 2, "monotonic_s": 30066.696}
CITE_TIMING {"scenario": "bringup", "test": "test_the_gripper_linkage_is_actually_coupled", "what": "a joint state after the gripper closed on /cite/cell_a/arm_1/joint_states", "ceiling_s": 30.0, "elapsed_s": 0.004, "spins": 4, "monotonic_s": 30066.702}
ok

----------------------------------------------------------------------
Ran 8 tests in 40.693s

OK
[INFO] [skill_server-29]: sending signal 'SIGINT' to process[skill_server-29]
[INFO] [skill_server-28]: sending signal 'SIGINT' to process[skill_server-28]
[INFO] [skill_server-27]: sending signal 'SIGINT' to process[skill_server-27]
[INFO] [detection_server-18]: sending signal 'SIGINT' to process[detection_server-18]
[INFO] [move_group-17]: sending signal 'SIGINT' to process[move_group-17]
[INFO] [move_group-16]: sending signal 'SIGINT' to process[move_group-16]
[INFO] [move_group-15]: sending signal 'SIGINT' to process[move_group-15]
[INFO] [topology_server.py-13]: sending signal 'SIGINT' to process[topology_server.py-13]
[INFO] [model_info.py-12]: sending signal 'SIGINT' to process[model_info.py-12]
[INFO] [frame_server.py-11]: sending signal 'SIGINT' to process[frame_server.py-11]
[INFO] [robot_state_publisher-9]: sending signal 'SIGINT' to process[robot_state_publisher-9]
[INFO] [robot_state_publisher-7]: sending signal 'SIGINT' to process[robot_state_publisher-7]
[INFO] [robot_state_publisher-5]: sending signal 'SIGINT' to process[robot_state_publisher-5]
[INFO] [robot_state_publisher-3]: sending signal 'SIGINT' to process[robot_state_publisher-3]
[INFO] [detection_server-18]: process has finished cleanly [pid 129]
[INFO] [parameter_bridge-2]: sending signal 'SIGINT' to process[parameter_bridge-2]
[INFO] [gz-1]: sending signal 'SIGINT' to process[gz-1]
[skill_server-29] [INFO] [1788462046.834920524] [rclcpp]: signal_handler(SIGINT/SIGTERM)
[skill_server-29] Warning: class_loader.ClassLoader: SEVERE WARNING!!! Attempting to unload library while objects created by this loader exist in the heap! You should delete your objects before attempting to unload the library or destroying the ClassLoader. The library will NOT be unloaded.
[skill_server-29]          at line 127 in ./src/class_loader.cpp
[INFO] [skill_server-29]: process has finished cleanly [pid 746]
[skill_server-28] [INFO] [1788462046.838844446] [rclcpp]: signal_handler(SIGINT/SIGTERM)
[skill_server-28] Warning: class_loader.ClassLoader: SEVERE WARNING!!! Attempting to unload library while objects created by this loader exist in the heap! You should delete your objects before attempting to unload the library or destroying the ClassLoader. The library will NOT be unloaded.
[skill_server-28]          at line 127 in ./src/class_loader.cpp
[skill_server-27] [INFO] [1788462046.843923478] [rclcpp]: signal_handler(SIGINT/SIGTERM)
[skill_server-27] Warning: class_loader.ClassLoader: SEVERE WARNING!!! Attempting to unload library while objects created by this loader exist in the heap! You should delete your objects before attempting to unload the library or destroying the ClassLoader. The library will NOT be unloaded.
[skill_server-27]          at line 127 in ./src/class_loader.cpp
[detection_server-18] [INFO] [1788462046.850309878] [rclcpp]: signal_handler(SIGINT/SIGTERM)
[move_group-17] [INFO] [1788462046.910432666] [rclcpp]: signal_handler(SIGINT/SIGTERM)
[move_group-16] [INFO] [1788462046.913927908] [rclcpp]: signal_handler(SIGINT/SIGTERM)
[move_group-15] [INFO] [1788462046.918325282] [rclcpp]: signal_handler(SIGINT/SIGTERM)
[robot_state_publisher-9] [INFO] [1788462047.018586847] [rclcpp]: signal_handler(SIGINT/SIGTERM)
[robot_state_publisher-7] [INFO] [1788462047.026812780] [rclcpp]: signal_handler(SIGINT/SIGTERM)
[robot_state_publisher-5] [INFO] [1788462047.032155400] [rclcpp]: signal_handler(SIGINT/SIGTERM)
[move_group-15] [INFO] [1788462047.040703427] [cite.cell_a.arm_1.move_group.moveit.ros.moveit_cpp]: Deleting MoveItCpp
[robot_state_publisher-3] [INFO] [1788462047.110353627] [rclcpp]: signal_handler(SIGINT/SIGTERM)
[parameter_bridge-2] [INFO] [1788462047.116318759] [rclcpp]: signal_handler(SIGINT/SIGTERM)
[move_group-16] [INFO] [1788462047.129747596] [cite.cell_a.arm_2.move_group.moveit.ros.moveit_cpp]: Deleting MoveItCpp
[move_group-17] [INFO] [1788462047.130770814] [cite.cell_a.arm_3.move_group.moveit.ros.moveit_cpp]: Deleting MoveItCpp
[move_group-15] Stack trace (most recent call last):
[INFO] [skill_server-28]: process has finished cleanly [pid 745]
[INFO] [skill_server-27]: process has finished cleanly [pid 744]
[move_group-16] Stack trace (most recent call last):
[move_group-17] Stack trace (most recent call last):
[INFO] [robot_state_publisher-9]: process has finished cleanly [pid 120]
[move_group-15] #15   Object "/usr/lib/x86_64-linux-gnu/ld-linux-x86-64.so.2", at 0xffffffffffffffff, in 
[move_group-15] #14   Object "/opt/ros/jazzy/lib/moveit_ros_move_group/move_group", at 0x62a81ebefa44, in _start
[move_group-16] #15   Object "/usr/lib/x86_64-linux-gnu/ld-linux-x86-64.so.2", at 0xffffffffffffffff, in 
[move_group-16] #14   Object "/opt/ros/jazzy/lib/moveit_ros_move_group/move_group", at 0x637b29e87a44, in _start
[move_group-17] #15   Object "/usr/lib/x86_64-linux-gnu/ld-linux-x86-64.so.2", at 0xffffffffffffffff, in 
[move_group-17] #14   Object "/opt/ros/jazzy/lib/moveit_ros_move_group/move_group", at 0x6274f7f15a44, in _start
[INFO] [robot_state_publisher-3]: process has finished cleanly [pid 114]
[INFO] [robot_state_publisher-7]: process has finished cleanly [pid 118]
[INFO] [parameter_bridge-2]: process has finished cleanly [pid 113]
[INFO] [robot_state_publisher-5]: process has finished cleanly [pid 116]
[gz-1] [INFO] [1788462047.262843198] [cite.cell_a.arm_2.controller_manager.pal_statistics]: Async messages lost 0
[gz-1] [INFO] [1788462047.262893559] [cite.cell_a.arm_2.controller_manager.pal_statistics]: publish_async_failures_ 1845
[gz-1] [INFO] [1788462047.265853286] [cite.cell_a.arm_2.controller_manager.pal_statistics]: Async messages lost 0
[gz-1] [INFO] [1788462047.265870706] [cite.cell_a.arm_2.controller_manager.pal_statistics]: publish_async_failures_ 67
[move_group-16] #13   Source "../csu/libc-start.c", line 360, in __libc_start_main_impl [0x7847c2d6a28a]
[move_group-16] #12   Source "../sysdeps/nptl/libc_start_call_main.h", line 58, in __libc_start_call_main [0x7847c2d6a1c9]
[move_group-16] #11   Object "/opt/ros/jazzy/lib/moveit_ros_move_group/move_group", at 0x637b29e86539, in main
[move_group-16] #10   Object "/opt/ros/jazzy/lib/moveit_ros_move_group/move_group", at 0x637b29e89159, in 
[move_group-16] #9    Object "/opt/ros/jazzy/lib/libmoveit_cpp.so.2.12.4", at 0x7847c36f7ad0, in moveit_cpp::MoveItCpp::~MoveItCpp()
[move_group-16] #8    Object "/opt/ros/jazzy/lib/libmoveit_cpp.so.2.12.4", at 0x7847c36f7989, in 
[move_group-16] #7    Object "/opt/ros/jazzy/lib/libmoveit_trajectory_execution_manager.so.2.12.4", at 0x7847c2a6144a, in trajectory_execution_manager::TrajectoryExecutionManager::~TrajectoryExecutionManager()
[move_group-16] #6    Object "/opt/ros/jazzy/lib/libmoveit_trajectory_execution_manager.so.2.12.4", at 0x7847c2a735a5, in 
[move_group-16] #5    Object "/opt/ros/jazzy/lib/librclcpp.so", at 0x7847c3390294, in rclcpp::Node::~Node()
[move_group-16] #4    Object "/opt/ros/jazzy/lib/librclcpp.so", at 0x7847c333a485, in 
[move_group-16] #3    Object "/opt/ros/jazzy/lib/librclcpp.so", at 0x7847c338eb60, in 
[move_group-16] #2    Object "/opt/ros/jazzy/lib/librclcpp.so", at 0x7847c338eaa3, in rclcpp::node_interfaces::NodeBase::~NodeBase()
[move_group-16] #1    Object "/opt/ros/jazzy/lib/librclcpp.so", at 0x7847c333a549, in 
[move_group-16] #0    Object "/opt/ros/jazzy/lib/librclcpp.so", at 0x7847c333eb19, in rclcpp::CallbackGroup::~CallbackGroup()
[move_group-16] Segmentation fault (Address not mapped to object [0x78478a243da0])
[move_group-15] #13   Source "../csu/libc-start.c", line 360, in __libc_start_main_impl [0x78bccfc7428a]
[move_group-15] #12   Source "../sysdeps/nptl/libc_start_call_main.h", line 58, in __libc_start_call_main [0x78bccfc741c9]
[move_group-15] #11   Object "/opt/ros/jazzy/lib/moveit_ros_move_group/move_group", at 0x62a81ebee539, in main
[move_group-15] #10   Object "/opt/ros/jazzy/lib/moveit_ros_move_group/move_group", at 0x62a81ebf1159, in 
[move_group-15] #9    Object "/opt/ros/jazzy/lib/libmoveit_cpp.so.2.12.4", at 0x78bcd0601ad0, in moveit_cpp::MoveItCpp::~MoveItCpp()
[move_group-15] #8    Object "/opt/ros/jazzy/lib/libmoveit_cpp.so.2.12.4", at 0x78bcd0601989, in 
[move_group-15] #7    Object "/opt/ros/jazzy/lib/libmoveit_trajectory_execution_manager.so.2.12.4", at 0x78bccf96b44a, in trajectory_execution_manager::TrajectoryExecutionManager::~TrajectoryExecutionManager()
[move_group-15] #6    Object "/opt/ros/jazzy/lib/libmoveit_trajectory_execution_manager.so.2.12.4", at 0x78bccf97d5a5, in 
[move_group-15] #5    Object "/opt/ros/jazzy/lib/librclcpp.so", at 0x78bcd029a294, in rclcpp::Node::~Node()
[move_group-15] #4    Object "/opt/ros/jazzy/lib/librclcpp.so", at 0x78bcd0244485, in 
[move_group-15] #3    Object "/opt/ros/jazzy/lib/librclcpp.so", at 0x78bcd0298b60, in 
[move_group-15] #2    Object "/opt/ros/jazzy/lib/librclcpp.so", at 0x78bcd0298aa3, in rclcpp::node_interfaces::NodeBase::~NodeBase()
[move_group-15] #1    Object "/opt/ros/jazzy/lib/librclcpp.so", at 0x78bcd0244549, in 
[move_group-15] #0    Object "/opt/ros/jazzy/lib/librclcpp.so", at 0x78bcd0248b19, in rclcpp::CallbackGroup::~CallbackGroup()
[move_group-15] Segmentation fault (Address not mapped to object [0x78bc8b219da0])
[move_group-17] #13   Source "../csu/libc-start.c", line 360, in __libc_start_main_impl [0x73914d5b528a]
[move_group-17] #12   Source "../sysdeps/nptl/libc_start_call_main.h", line 58, in __libc_start_call_main [0x73914d5b51c9]
[move_group-17] #11   Object "/opt/ros/jazzy/lib/moveit_ros_move_group/move_group", at 0x6274f7f14539, in main
[move_group-17] #10   Object "/opt/ros/jazzy/lib/moveit_ros_move_group/move_group", at 0x6274f7f17159, in 
[move_group-17] #9    Object "/opt/ros/jazzy/lib/libmoveit_cpp.so.2.12.4", at 0x73914df42ad0, in moveit_cpp::MoveItCpp::~MoveItCpp()
[move_group-17] #8    Object "/opt/ros/jazzy/lib/libmoveit_cpp.so.2.12.4", at 0x73914df42989, in 
[move_group-17] #7    Object "/opt/ros/jazzy/lib/libmoveit_trajectory_execution_manager.so.2.12.4", at 0x73914d2ac44a, in trajectory_execution_manager::TrajectoryExecutionManager::~TrajectoryExecutionManager()
[move_group-17] #6    Object "/opt/ros/jazzy/lib/libmoveit_trajectory_execution_manager.so.2.12.4", at 0x73914d2be5a5, in 
[move_group-17] #5    Object "/opt/ros/jazzy/lib/librclcpp.so", at 0x73914dbdb294, in rclcpp::Node::~Node()
[move_group-17] #4    Object "/opt/ros/jazzy/lib/librclcpp.so", at 0x73914db85485, in 
[move_group-17] #3    Object "/opt/ros/jazzy/lib/librclcpp.so", at 0x73914dbd9b60, in 
[move_group-17] #2    Object "/opt/ros/jazzy/lib/librclcpp.so", at 0x73914dbd9aa3, in rclcpp::node_interfaces::NodeBase::~NodeBase()
[move_group-17] #1    Object "/opt/ros/jazzy/lib/librclcpp.so", at 0x73914db85549, in 
[move_group-17] #0    Object "/opt/ros/jazzy/lib/librclcpp.so", at 0x73914db89b19, in rclcpp::CallbackGroup::~CallbackGroup()
[move_group-17] Segmentation fault (Address not mapped to object [0x739120b61da0])
[INFO] [topology_server.py-13]: process has finished cleanly [pid 124]
[INFO] [model_info.py-12]: process has finished cleanly [pid 123]
[INFO] [frame_server.py-11]: process has finished cleanly [pid 122]
[ERROR] [move_group-15]: process has died [pid 126, exit code -11, cmd '/opt/ros/jazzy/lib/moveit_ros_move_group/move_group --ros-args -r __node:=move_group -r __ns:=/cite/cell_a/arm_1 --params-file /tmp/launch_params_89gmsi9e --params-file /tmp/launch_params_vq2ruo7d --params-file /tmp/launch_params_c1z9qy9r --params-file /tmp/launch_params_by9b1ale --params-file /tmp/launch_params_73isz5uq --params-file /tmp/launch_params_n5lx1vsx -r /tf:=/tf -r /tf_static:=/tf_static'].
[ERROR] [move_group-16]: process has died [pid 127, exit code -11, cmd '/opt/ros/jazzy/lib/moveit_ros_move_group/move_group --ros-args -r __node:=move_group -r __ns:=/cite/cell_a/arm_2 --params-file /tmp/launch_params_rhhrhlx8 --params-file /tmp/launch_params_8oskqtfy --params-file /tmp/launch_params_4iv8x142 --params-file /tmp/launch_params_4r9ptx5h --params-file /tmp/launch_params_0soy6ajb --params-file /tmp/launch_params_sh1fbf1k -r /tf:=/tf -r /tf_static:=/tf_static'].
[ERROR] [move_group-17]: process has died [pid 128, exit code -11, cmd '/opt/ros/jazzy/lib/moveit_ros_move_group/move_group --ros-args -r __node:=move_group -r __ns:=/cite/cell_a/arm_3 --params-file /tmp/launch_params_zga9ak8w --params-file /tmp/launch_params_i9zsh68x --params-file /tmp/launch_params__0h_dc3o --params-file /tmp/launch_params__ra43yj7 --params-file /tmp/launch_params_of4i3ruk --params-file /tmp/launch_params_3z7mx9uk -r /tf:=/tf -r /tf_static:=/tf_static'].
[INFO] [gz-1]: process has finished cleanly [pid 112]
[INFO] [launch]: process[gz-1] was required: shutting down launched system
[ERROR] [launch]: Caught exception in launch (see debug for traceback): Cannot shutdown a ROS adapter that is not running
test_nothing_of_ours_exited_badly (bringup.TestCleanShutdown.test_nothing_of_ours_exited_badly) ... ok

----------------------------------------------------------------------
Ran 1 test in 0.000s

OK
  ok Scenario 'bringup' passed
