==> Not a ROS environment — running 'scenario' inside the container
 Container cite-digital-twin-3319196271-dev-run-4b7dfbb9b74e Creating 
 Container cite-digital-twin-3319196271-dev-run-4b7dfbb9b74e Created 
warn Seed 20260824 reaches 'gz sim --seed' only — this run is not reproducible.
warn   That seeds gz::math::Rand: sensor noise and transport RNG.
warn   It does NOT seed the physics solver.
warn   Planning: what is PROVEN is that one move_group answers an identical request
warn   identically within one process (cite_skills' planning-pipeline launch test).
warn   That is repeatability, not scenario determinism, and it holds only where Pilz
warn   answered; the OMPL fallback is unseeded and unseedable (ADR-0006). Grep this
warn   run's log for 'planner fallback:' to see which motions took it, and for
warn   'planner fallback declined:' for the ones that refused a substitute.
==> Running scenario 'bringup' on DDS domain 43
[INFO] [launch]: All log files can be found below /home/cite/.ros/log/2026-09-03-18-15-29-926625-0ce0d9a6a7b0-49
[INFO] [launch]: Default logging verbosity is set to INFO
[INFO] [launch.user]: Bringing up zone cell_a side plant: scene plus 3 arm(s)
test_a_skill_moves_the_arm_to_its_home_configuration (bringup.TestCellBringUp.test_a_skill_moves_the_arm_to_its_home_configuration)
The vertical slice, end to end: L3 goal -> MoveIt -> ros2_control. ... [INFO] [gz-1]: process started with pid [111]
[INFO] [parameter_bridge-2]: process started with pid [112]
[INFO] [robot_state_publisher-3]: process started with pid [113]
[INFO] [create-4]: process started with pid [114]
[INFO] [robot_state_publisher-5]: process started with pid [115]
[INFO] [create-6]: process started with pid [116]
[INFO] [robot_state_publisher-7]: process started with pid [117]
[INFO] [create-8]: process started with pid [118]
[INFO] [robot_state_publisher-9]: process started with pid [119]
[INFO] [create-10]: process started with pid [120]
[INFO] [frame_server.py-11]: process started with pid [121]
[INFO] [model_info.py-12]: process started with pid [122]
[INFO] [topology_server.py-13]: process started with pid [123]
[INFO] [spawner-14]: process started with pid [124]
[INFO] [move_group-15]: process started with pid [125]
[INFO] [move_group-16]: process started with pid [126]
[INFO] [move_group-17]: process started with pid [127]
[INFO] [detection_server-18]: process started with pid [128]
[robot_state_publisher-9] [INFO] [1788459331.367123892] [cite.cell_a.arm_3.description_publisher]: Robot initialized
[robot_state_publisher-3] [INFO] [1788459331.374238250] [scene_description_publisher]: Robot initialized
[robot_state_publisher-7] [INFO] [1788459331.377168227] [cite.cell_a.arm_2.description_publisher]: Robot initialized
[robot_state_publisher-5] [INFO] [1788459331.377215940] [cite.cell_a.arm_1.description_publisher]: Robot initialized
[create-10] [INFO] [1788459331.380961987] [spawn_arm_3]: Requesting list of world names.
[create-6] [INFO] [1788459331.382527519] [spawn_arm_1]: Requesting list of world names.
[create-4] [INFO] [1788459331.387509651] [spawn_scene]: Requesting list of world names.
[parameter_bridge-2] [INFO] [1788459331.408393553] [gz_bridge]: Creating GZ->ROS Bridge: [/clock (gz.msgs.Clock) -> /clock (rosgraph_msgs/msg/Clock)] (Lazy 0)
[create-8] [INFO] [1788459331.410445871] [spawn_arm_2]: Requesting list of world names.
[parameter_bridge-2] [INFO] [1788459331.410817317] [gz_bridge]: Creating ROS->GZ Bridge: [/cite/cell_a/conveyor_1/command (std_msgs/msg/Float64) -> /cite/cell_a/conveyor_1/command (gz.msgs.Double)] (Lazy 0)
[parameter_bridge-2] [INFO] [1788459331.413950678] [gz_bridge]: Creating GZ->ROS Bridge: [/cite/cell_a/conveyor_1/state (gz.msgs.Double) -> /cite/cell_a/conveyor_1/state (std_msgs/msg/Float64)] (Lazy 0)
[move_group-16] [WARN] [1788459331.412027232] [rcl.logging_rosout]: Publisher already registered for node name: 'move_group'. If this is due to multiple nodes with the same name then all logs for the logger named 'cite.cell_a.arm_2.move_group' will go out over the existing publisher. As soon as any node with that name is destructed it will unregister the publisher, preventing any further logs for that name from being published on the rosout topic.
[detection_server-18] [INFO] [1788459331.415178092] [cite.cell_a.detection.detection_server]: watching 'beam_c1_out' on '/cite/cell_a/beam_c1_out/detection_level', publishing events on '/cite/cell_a/beam_c1_out/detection'
[parameter_bridge-2] [INFO] [1788459331.415652163] [gz_bridge]: Creating ROS->GZ Bridge: [/cite/cell_a/conveyor_2/command (std_msgs/msg/Float64) -> /cite/cell_a/conveyor_2/command (gz.msgs.Double)] (Lazy 0)
[parameter_bridge-2] [INFO] [1788459331.416525150] [gz_bridge]: Creating GZ->ROS Bridge: [/cite/cell_a/conveyor_2/state (gz.msgs.Double) -> /cite/cell_a/conveyor_2/state (std_msgs/msg/Float64)] (Lazy 0)
[detection_server-18] [INFO] [1788459331.415657704] [cite.cell_a.detection.detection_server]: watching 'beam_c2_out' on '/cite/cell_a/beam_c2_out/detection_level', publishing events on '/cite/cell_a/beam_c2_out/detection'
[detection_server-18] [INFO] [1788459331.416171200] [cite.cell_a.detection.detection_server]: watching 'beam_c3_out' on '/cite/cell_a/beam_c3_out/detection_level', publishing events on '/cite/cell_a/beam_c3_out/detection'
[detection_server-18] [INFO] [1788459331.416703795] [cite.cell_a.detection.detection_server]: watching 'beam_pick' on '/cite/cell_a/beam_pick/detection_level', publishing events on '/cite/cell_a/beam_pick/detection'
[parameter_bridge-2] [INFO] [1788459331.418081311] [gz_bridge]: Creating ROS->GZ Bridge: [/cite/cell_a/conveyor_3/command (std_msgs/msg/Float64) -> /cite/cell_a/conveyor_3/command (gz.msgs.Double)] (Lazy 0)
[parameter_bridge-2] [INFO] [1788459331.418882209] [gz_bridge]: Creating GZ->ROS Bridge: [/cite/cell_a/conveyor_3/state (gz.msgs.Double) -> /cite/cell_a/conveyor_3/state (std_msgs/msg/Float64)] (Lazy 0)
[parameter_bridge-2] [INFO] [1788459331.419635371] [gz_bridge]: Creating GZ->ROS Bridge: [/cite/cell_a/beam_c1_out/detection (gz.msgs.Boolean) -> /cite/cell_a/beam_c1_out/detection (std_msgs/msg/Bool)] (Lazy 0)
[detection_server-18] [INFO] [1788459331.420180169] [cite.cell_a.detection.detection_server]: detection for zone 'cell_a' is accepting goals over 4 sensor(s)
[parameter_bridge-2] [INFO] [1788459331.420647272] [gz_bridge]: Creating GZ->ROS Bridge: [/cite/cell_a/beam_c2_out/detection (gz.msgs.Boolean) -> /cite/cell_a/beam_c2_out/detection (std_msgs/msg/Bool)] (Lazy 0)
[parameter_bridge-2] [INFO] [1788459331.421879034] [gz_bridge]: Creating GZ->ROS Bridge: [/cite/cell_a/beam_c3_out/detection (gz.msgs.Boolean) -> /cite/cell_a/beam_c3_out/detection (std_msgs/msg/Bool)] (Lazy 0)
[parameter_bridge-2] [INFO] [1788459331.423159552] [gz_bridge]: Creating GZ->ROS Bridge: [/cite/cell_a/beam_pick/detection (gz.msgs.Boolean) -> /cite/cell_a/beam_pick/detection (std_msgs/msg/Bool)] (Lazy 0)
[move_group-16] [WARN] [1788459331.422434267] [rcl.logging_rosout]: Publisher already registered for node name: 'move_group'. If this is due to multiple nodes with the same name then all logs for the logger named 'cite.cell_a.arm_2.move_group' will go out over the existing publisher. As soon as any node with that name is destructed it will unregister the publisher, preventing any further logs for that name from being published on the rosout topic.
[move_group-17] [WARN] [1788459331.430996345] [rcl.logging_rosout]: Publisher already registered for node name: 'move_group'. If this is due to multiple nodes with the same name then all logs for the logger named 'cite.cell_a.arm_3.move_group' will go out over the existing publisher. As soon as any node with that name is destructed it will unregister the publisher, preventing any further logs for that name from being published on the rosout topic.
[move_group-15] [WARN] [1788459331.431842774] [rcl.logging_rosout]: Publisher already registered for node name: 'move_group'. If this is due to multiple nodes with the same name then all logs for the logger named 'cite.cell_a.arm_1.move_group' will go out over the existing publisher. As soon as any node with that name is destructed it will unregister the publisher, preventing any further logs for that name from being published on the rosout topic.
[move_group-16] [INFO] [1788459331.436698563] [cite.cell_a.arm_2.move_group.moveit.ros.rdf_loader]: Loaded robot model in 0 seconds
[move_group-16] [INFO] [1788459331.436806546] [cite.cell_a.arm_2.move_group.moveit.core.robot_model]: Loading robot model 'arm_2'...
[move_group-16] [INFO] [1788459331.436824181] [cite.cell_a.arm_2.move_group.moveit.core.robot_model]: No root/virtual joint specified in SRDF. Assuming fixed joint
[move_group-17] [WARN] [1788459331.437323660] [rcl.logging_rosout]: Publisher already registered for node name: 'move_group'. If this is due to multiple nodes with the same name then all logs for the logger named 'cite.cell_a.arm_3.move_group' will go out over the existing publisher. As soon as any node with that name is destructed it will unregister the publisher, preventing any further logs for that name from being published on the rosout topic.
[move_group-15] [WARN] [1788459331.444431288] [rcl.logging_rosout]: Publisher already registered for node name: 'move_group'. If this is due to multiple nodes with the same name then all logs for the logger named 'cite.cell_a.arm_1.move_group' will go out over the existing publisher. As soon as any node with that name is destructed it will unregister the publisher, preventing any further logs for that name from being published on the rosout topic.
[move_group-17] [INFO] [1788459331.454960660] [cite.cell_a.arm_3.move_group.moveit.ros.rdf_loader]: Loaded robot model in 0 seconds
[move_group-17] [INFO] [1788459331.455067378] [cite.cell_a.arm_3.move_group.moveit.core.robot_model]: Loading robot model 'arm_3'...
[move_group-17] [INFO] [1788459331.455087854] [cite.cell_a.arm_3.move_group.moveit.core.robot_model]: No root/virtual joint specified in SRDF. Assuming fixed joint
[move_group-16] [INFO] [1788459331.455339225] [cite.cell_a.arm_2.move_group.moveit.kinematics.kdl_kinematics_plugin]: Joint weights for group 'arm_2_xarm5': 1 1 1 1 1
[move_group-15] [INFO] [1788459331.462481327] [cite.cell_a.arm_1.move_group.moveit.ros.rdf_loader]: Loaded robot model in 0 seconds
[move_group-15] [INFO] [1788459331.462608185] [cite.cell_a.arm_1.move_group.moveit.core.robot_model]: Loading robot model 'arm_1'...
[move_group-15] [INFO] [1788459331.462659426] [cite.cell_a.arm_1.move_group.moveit.core.robot_model]: No root/virtual joint specified in SRDF. Assuming fixed joint
[move_group-17] [INFO] [1788459331.473498363] [cite.cell_a.arm_3.move_group.moveit.kinematics.kdl_kinematics_plugin]: Joint weights for group 'arm_3_xarm5': 1 1 1 1 1
[move_group-15] [INFO] [1788459331.481438829] [cite.cell_a.arm_1.move_group.moveit.kinematics.kdl_kinematics_plugin]: Joint weights for group 'arm_1_xarm5': 1 1 1 1 1
[move_group-17] [INFO] [1788459331.530517836] [cite.cell_a.arm_3.move_group.moveit.ros.planning_scene_monitor]: Publishing maintained planning scene on 'monitored_planning_scene'
[move_group-17] [INFO] [1788459331.530688983] [cite.cell_a.arm_3.move_group.moveit.ros.moveit_cpp]: Listening to 'joint_states' for joint states
[move_group-17] [INFO] [1788459331.531482019] [cite.cell_a.arm_3.move_group.moveit.ros.current_state_monitor]: Listening to joint states on topic 'joint_states'
[move_group-17] [INFO] [1788459331.531982600] [cite.cell_a.arm_3.move_group.moveit.ros.planning_scene_monitor]: Listening to '/cite/cell_a/arm_3/attached_collision_object' for attached collision objects
[move_group-17] [INFO] [1788459331.531996616] [cite.cell_a.arm_3.move_group.moveit.ros.planning_scene_monitor]: Stopping existing planning scene publisher.
[move_group-17] [INFO] [1788459331.532215766] [cite.cell_a.arm_3.move_group.moveit.ros.planning_scene_monitor]: Stopped publishing maintained planning scene.
[move_group-16] [INFO] [1788459331.531925533] [cite.cell_a.arm_2.move_group.moveit.ros.planning_scene_monitor]: Publishing maintained planning scene on 'monitored_planning_scene'
[move_group-17] [INFO] [1788459331.532536620] [cite.cell_a.arm_3.move_group.moveit.ros.planning_scene_monitor]: Publishing maintained planning scene on 'monitored_planning_scene'
[move_group-17] [INFO] [1788459331.532607072] [cite.cell_a.arm_3.move_group.moveit.ros.planning_scene_monitor]: Starting planning scene monitor
[move_group-16] [INFO] [1788459331.532671467] [cite.cell_a.arm_2.move_group.moveit.ros.moveit_cpp]: Listening to 'joint_states' for joint states
[move_group-16] [INFO] [1788459331.533675169] [cite.cell_a.arm_2.move_group.moveit.ros.current_state_monitor]: Listening to joint states on topic 'joint_states'
[move_group-17] [INFO] [1788459331.533466839] [cite.cell_a.arm_3.move_group.moveit.ros.planning_scene_monitor]: Listening to '/cite/cell_a/arm_3/planning_scene'
[move_group-17] [INFO] [1788459331.534447764] [cite.cell_a.arm_3.move_group.moveit.ros.planning_scene_monitor]: Starting world geometry update monitor for collision objects, attached objects, octomap updates.
[move_group-16] [INFO] [1788459331.534757806] [cite.cell_a.arm_2.move_group.moveit.ros.planning_scene_monitor]: Listening to '/cite/cell_a/arm_2/attached_collision_object' for attached collision objects
[move_group-16] [INFO] [1788459331.534776805] [cite.cell_a.arm_2.move_group.moveit.ros.planning_scene_monitor]: Stopping existing planning scene publisher.
[move_group-16] [INFO] [1788459331.534907955] [cite.cell_a.arm_2.move_group.moveit.ros.planning_scene_monitor]: Stopped publishing maintained planning scene.
[move_group-17] [INFO] [1788459331.534970671] [cite.cell_a.arm_3.move_group.moveit.ros.planning_scene_monitor]: Listening to 'collision_object'
[move_group-16] [INFO] [1788459331.535378653] [cite.cell_a.arm_2.move_group.moveit.ros.planning_scene_monitor]: Publishing maintained planning scene on 'monitored_planning_scene'
[move_group-16] [INFO] [1788459331.535459957] [cite.cell_a.arm_2.move_group.moveit.ros.planning_scene_monitor]: Starting planning scene monitor
[move_group-17] [INFO] [1788459331.535461367] [cite.cell_a.arm_3.move_group.moveit.ros.planning_scene_monitor]: Listening to 'planning_scene_world' for planning scene world geometry
[move_group-16] [INFO] [1788459331.535881982] [cite.cell_a.arm_2.move_group.moveit.ros.planning_scene_monitor]: Listening to '/cite/cell_a/arm_2/planning_scene'
[move_group-16] [INFO] [1788459331.535896381] [cite.cell_a.arm_2.move_group.moveit.ros.planning_scene_monitor]: Starting world geometry update monitor for collision objects, attached objects, octomap updates.
[move_group-17] [ERROR] [1788459331.535886859] [cite.cell_a.arm_3.move_group.moveit.ros.occupancy_map_monitor]: No 3D sensor plugin(s) defined for octomap updates
[move_group-16] [INFO] [1788459331.536880271] [cite.cell_a.arm_2.move_group.moveit.ros.planning_scene_monitor]: Listening to 'collision_object'
[move_group-16] [INFO] [1788459331.540240575] [cite.cell_a.arm_2.move_group.moveit.ros.planning_scene_monitor]: Listening to 'planning_scene_world' for planning scene world geometry
[move_group-16] [ERROR] [1788459331.540607902] [cite.cell_a.arm_2.move_group.moveit.ros.occupancy_map_monitor]: No 3D sensor plugin(s) defined for octomap updates
[move_group-17] [INFO] [1788459331.552766291] [cite.cell_a.arm_3.move_group.moveit.planners.pilz.joint_limits_aggregator]: Reading limits from namespace robot_description_planning
[move_group-16] [INFO] [1788459331.556519028] [cite.cell_a.arm_2.move_group.moveit.planners.pilz.joint_limits_aggregator]: Reading limits from namespace robot_description_planning
[move_group-17] [INFO] [1788459331.556838186] [cite.cell_a.arm_3.move_group.moveit.planners.pilz.command_planner]: Available plugins: pilz_industrial_motion_planner/PlanningContextLoaderCIRC pilz_industrial_motion_planner/PlanningContextLoaderLIN pilz_industrial_motion_planner/PlanningContextLoaderPTP 
[move_group-17] [INFO] [1788459331.556882481] [cite.cell_a.arm_3.move_group.moveit.planners.pilz.command_planner]: About to load: pilz_industrial_motion_planner/PlanningContextLoaderCIRC
[move_group-17] [INFO] [1788459331.558148179] [cite.cell_a.arm_3.move_group.moveit.planners.pilz.command_planner]: Registered Algorithm [CIRC]
[move_group-17] [INFO] [1788459331.558168942] [cite.cell_a.arm_3.move_group.moveit.planners.pilz.command_planner]: About to load: pilz_industrial_motion_planner/PlanningContextLoaderLIN
[move_group-17] [INFO] [1788459331.559365108] [cite.cell_a.arm_3.move_group.moveit.planners.pilz.command_planner]: Registered Algorithm [LIN]
[move_group-17] [INFO] [1788459331.559410246] [cite.cell_a.arm_3.move_group.moveit.planners.pilz.command_planner]: About to load: pilz_industrial_motion_planner/PlanningContextLoaderPTP
[move_group-17] [INFO] [1788459331.560582326] [cite.cell_a.arm_3.move_group.moveit.planners.pilz.command_planner]: Registered Algorithm [PTP]
[move_group-17] [INFO] [1788459331.560614488] [cite.cell_a.arm_3.move_group.moveit.ros.planning_pipeline]: Successfully loaded planner 'Pilz Industrial Motion Planner'
[move_group-15] [INFO] [1788459331.561475480] [cite.cell_a.arm_1.move_group.moveit.ros.planning_scene_monitor]: Publishing maintained planning scene on 'monitored_planning_scene'
[move_group-15] [INFO] [1788459331.561628826] [cite.cell_a.arm_1.move_group.moveit.ros.moveit_cpp]: Listening to 'joint_states' for joint states
[move_group-16] [INFO] [1788459331.561934205] [cite.cell_a.arm_2.move_group.moveit.planners.pilz.command_planner]: Available plugins: pilz_industrial_motion_planner/PlanningContextLoaderCIRC pilz_industrial_motion_planner/PlanningContextLoaderLIN pilz_industrial_motion_planner/PlanningContextLoaderPTP 
[move_group-16] [INFO] [1788459331.561962855] [cite.cell_a.arm_2.move_group.moveit.planners.pilz.command_planner]: About to load: pilz_industrial_motion_planner/PlanningContextLoaderCIRC
[move_group-15] [INFO] [1788459331.562601841] [cite.cell_a.arm_1.move_group.moveit.ros.current_state_monitor]: Listening to joint states on topic 'joint_states'
[move_group-17] [INFO] [1788459331.562943844] [cite.cell_a.arm_3.move_group]: Try loading adapter 'default_planning_request_adapters/ResolveConstraintFrames'
[move_group-15] [INFO] [1788459331.563233882] [cite.cell_a.arm_1.move_group.moveit.ros.planning_scene_monitor]: Listening to '/cite/cell_a/arm_1/attached_collision_object' for attached collision objects
[move_group-15] [INFO] [1788459331.563253019] [cite.cell_a.arm_1.move_group.moveit.ros.planning_scene_monitor]: Stopping existing planning scene publisher.
[move_group-16] [INFO] [1788459331.563408002] [cite.cell_a.arm_2.move_group.moveit.planners.pilz.command_planner]: Registered Algorithm [CIRC]
[move_group-16] [INFO] [1788459331.563432889] [cite.cell_a.arm_2.move_group.moveit.planners.pilz.command_planner]: About to load: pilz_industrial_motion_planner/PlanningContextLoaderLIN
[move_group-15] [INFO] [1788459331.563618979] [cite.cell_a.arm_1.move_group.moveit.ros.planning_scene_monitor]: Stopped publishing maintained planning scene.
[move_group-15] [INFO] [1788459331.564213844] [cite.cell_a.arm_1.move_group.moveit.ros.planning_scene_monitor]: Publishing maintained planning scene on 'monitored_planning_scene'
[move_group-15] [INFO] [1788459331.564282852] [cite.cell_a.arm_1.move_group.moveit.ros.planning_scene_monitor]: Starting planning scene monitor
[move_group-17] [INFO] [1788459331.564374950] [cite.cell_a.arm_3.move_group]: Loaded adapter 'default_planning_request_adapters/ResolveConstraintFrames'
[move_group-17] [INFO] [1788459331.564401656] [cite.cell_a.arm_3.move_group]: Try loading adapter 'default_planning_request_adapters/ValidateWorkspaceBounds'
[move_group-17] [INFO] [1788459331.564688823] [cite.cell_a.arm_3.move_group]: Loaded adapter 'default_planning_request_adapters/ValidateWorkspaceBounds'
[move_group-17] [INFO] [1788459331.564706170] [cite.cell_a.arm_3.move_group]: Try loading adapter 'default_planning_request_adapters/CheckStartStateBounds'
[move_group-17] [INFO] [1788459331.564737327] [cite.cell_a.arm_3.move_group]: Loaded adapter 'default_planning_request_adapters/CheckStartStateBounds'
[move_group-17] [INFO] [1788459331.564745621] [cite.cell_a.arm_3.move_group]: Try loading adapter 'default_planning_request_adapters/CheckStartStateCollision'
[move_group-16] [INFO] [1788459331.564705468] [cite.cell_a.arm_2.move_group.moveit.planners.pilz.command_planner]: Registered Algorithm [LIN]
[move_group-16] [INFO] [1788459331.564733136] [cite.cell_a.arm_2.move_group.moveit.planners.pilz.command_planner]: About to load: pilz_industrial_motion_planner/PlanningContextLoaderPTP
[move_group-17] [INFO] [1788459331.564770779] [cite.cell_a.arm_3.move_group]: Loaded adapter 'default_planning_request_adapters/CheckStartStateCollision'
[move_group-15] [INFO] [1788459331.564869979] [cite.cell_a.arm_1.move_group.moveit.ros.planning_scene_monitor]: Listening to '/cite/cell_a/arm_1/planning_scene'
[move_group-15] [INFO] [1788459331.564888835] [cite.cell_a.arm_1.move_group.moveit.ros.planning_scene_monitor]: Starting world geometry update monitor for collision objects, attached objects, octomap updates.
[move_group-16] [INFO] [1788459331.565609024] [cite.cell_a.arm_2.move_group.moveit.planners.pilz.command_planner]: Registered Algorithm [PTP]
[move_group-16] [INFO] [1788459331.565632439] [cite.cell_a.arm_2.move_group.moveit.ros.planning_pipeline]: Successfully loaded planner 'Pilz Industrial Motion Planner'
[move_group-15] [INFO] [1788459331.565740791] [cite.cell_a.arm_1.move_group.moveit.ros.planning_scene_monitor]: Listening to 'collision_object'
[move_group-15] [INFO] [1788459331.566101394] [cite.cell_a.arm_1.move_group.moveit.ros.planning_scene_monitor]: Listening to 'planning_scene_world' for planning scene world geometry
[move_group-15] [ERROR] [1788459331.566344334] [cite.cell_a.arm_1.move_group.moveit.ros.occupancy_map_monitor]: No 3D sensor plugin(s) defined for octomap updates
[move_group-17] [INFO] [1788459331.567258260] [cite.cell_a.arm_3.move_group]: Try loading adapter 'default_planning_response_adapters/ValidateSolution'
[move_group-16] [INFO] [1788459331.568231085] [cite.cell_a.arm_2.move_group]: Try loading adapter 'default_planning_request_adapters/ResolveConstraintFrames'
[move_group-16] [INFO] [1788459331.569331865] [cite.cell_a.arm_2.move_group]: Loaded adapter 'default_planning_request_adapters/ResolveConstraintFrames'
[move_group-16] [INFO] [1788459331.569356170] [cite.cell_a.arm_2.move_group]: Try loading adapter 'default_planning_request_adapters/ValidateWorkspaceBounds'
[move_group-16] [INFO] [1788459331.569667062] [cite.cell_a.arm_2.move_group]: Loaded adapter 'default_planning_request_adapters/ValidateWorkspaceBounds'
[move_group-16] [INFO] [1788459331.569682676] [cite.cell_a.arm_2.move_group]: Try loading adapter 'default_planning_request_adapters/CheckStartStateBounds'
[move_group-16] [INFO] [1788459331.569708996] [cite.cell_a.arm_2.move_group]: Loaded adapter 'default_planning_request_adapters/CheckStartStateBounds'
[move_group-16] [INFO] [1788459331.569715462] [cite.cell_a.arm_2.move_group]: Try loading adapter 'default_planning_request_adapters/CheckStartStateCollision'
[move_group-16] [INFO] [1788459331.569734461] [cite.cell_a.arm_2.move_group]: Loaded adapter 'default_planning_request_adapters/CheckStartStateCollision'
[move_group-16] [INFO] [1788459331.573055426] [cite.cell_a.arm_2.move_group]: Try loading adapter 'default_planning_response_adapters/ValidateSolution'
[move_group-17] [INFO] [1788459331.574578765] [cite.cell_a.arm_3.move_group]: Loaded adapter 'default_planning_response_adapters/ValidateSolution'
[move_group-17] [INFO] [1788459331.574600774] [cite.cell_a.arm_3.move_group]: Try loading adapter 'default_planning_response_adapters/DisplayMotionPath'
[move_group-17] [INFO] [1788459331.575499954] [cite.cell_a.arm_3.move_group]: Loaded adapter 'default_planning_response_adapters/DisplayMotionPath'
[move_group-16] [INFO] [1788459331.579837412] [cite.cell_a.arm_2.move_group]: Loaded adapter 'default_planning_response_adapters/ValidateSolution'
[move_group-16] [INFO] [1788459331.579891621] [cite.cell_a.arm_2.move_group]: Try loading adapter 'default_planning_response_adapters/DisplayMotionPath'
[move_group-16] [INFO] [1788459331.580838022] [cite.cell_a.arm_2.move_group]: Loaded adapter 'default_planning_response_adapters/DisplayMotionPath'
[move_group-15] [INFO] [1788459331.582983396] [cite.cell_a.arm_1.move_group.moveit.planners.pilz.joint_limits_aggregator]: Reading limits from namespace robot_description_planning
[move_group-15] [INFO] [1788459331.593039185] [cite.cell_a.arm_1.move_group.moveit.planners.pilz.command_planner]: Available plugins: pilz_industrial_motion_planner/PlanningContextLoaderCIRC pilz_industrial_motion_planner/PlanningContextLoaderLIN pilz_industrial_motion_planner/PlanningContextLoaderPTP 
[move_group-15] [INFO] [1788459331.593076762] [cite.cell_a.arm_1.move_group.moveit.planners.pilz.command_planner]: About to load: pilz_industrial_motion_planner/PlanningContextLoaderCIRC
[move_group-15] [INFO] [1788459331.594234201] [cite.cell_a.arm_1.move_group.moveit.planners.pilz.command_planner]: Registered Algorithm [CIRC]
[move_group-15] [INFO] [1788459331.594254918] [cite.cell_a.arm_1.move_group.moveit.planners.pilz.command_planner]: About to load: pilz_industrial_motion_planner/PlanningContextLoaderLIN
[move_group-17] [INFO] [1788459331.594676853] [cite.cell_a.arm_3.move_group.moveit.ros.planning_pipeline]: Successfully loaded planner 'OMPL'
[move_group-15] [INFO] [1788459331.595027695] [cite.cell_a.arm_1.move_group.moveit.planners.pilz.command_planner]: Registered Algorithm [LIN]
[move_group-15] [INFO] [1788459331.595043828] [cite.cell_a.arm_1.move_group.moveit.planners.pilz.command_planner]: About to load: pilz_industrial_motion_planner/PlanningContextLoaderPTP
[move_group-15] [INFO] [1788459331.595838763] [cite.cell_a.arm_1.move_group.moveit.planners.pilz.command_planner]: Registered Algorithm [PTP]
[move_group-15] [INFO] [1788459331.595870954] [cite.cell_a.arm_1.move_group.moveit.ros.planning_pipeline]: Successfully loaded planner 'Pilz Industrial Motion Planner'
[move_group-17] [INFO] [1788459331.597093819] [cite.cell_a.arm_3.move_group]: Try loading adapter 'default_planning_request_adapters/ResolveConstraintFrames'
[move_group-17] [INFO] [1788459331.597280713] [cite.cell_a.arm_3.move_group]: Loaded adapter 'default_planning_request_adapters/ResolveConstraintFrames'
[move_group-17] [INFO] [1788459331.597289495] [cite.cell_a.arm_3.move_group]: Try loading adapter 'default_planning_request_adapters/ValidateWorkspaceBounds'
[move_group-17] [INFO] [1788459331.597504923] [cite.cell_a.arm_3.move_group]: Loaded adapter 'default_planning_request_adapters/ValidateWorkspaceBounds'
[move_group-17] [INFO] [1788459331.597517277] [cite.cell_a.arm_3.move_group]: Try loading adapter 'default_planning_request_adapters/CheckStartStateBounds'
[move_group-17] [INFO] [1788459331.597541765] [cite.cell_a.arm_3.move_group]: Loaded adapter 'default_planning_request_adapters/CheckStartStateBounds'
[move_group-17] [INFO] [1788459331.597564383] [cite.cell_a.arm_3.move_group]: Try loading adapter 'default_planning_request_adapters/CheckStartStateCollision'
[move_group-17] [INFO] [1788459331.597578995] [cite.cell_a.arm_3.move_group]: Loaded adapter 'default_planning_request_adapters/CheckStartStateCollision'
[move_group-15] [INFO] [1788459331.597620782] [cite.cell_a.arm_1.move_group]: Try loading adapter 'default_planning_request_adapters/ResolveConstraintFrames'
[move_group-16] [INFO] [1788459331.598625806] [cite.cell_a.arm_2.move_group.moveit.ros.planning_pipeline]: Successfully loaded planner 'OMPL'
[move_group-15] [INFO] [1788459331.598940210] [cite.cell_a.arm_1.move_group]: Loaded adapter 'default_planning_request_adapters/ResolveConstraintFrames'
[move_group-15] [INFO] [1788459331.598957852] [cite.cell_a.arm_1.move_group]: Try loading adapter 'default_planning_request_adapters/ValidateWorkspaceBounds'
[move_group-15] [INFO] [1788459331.599263987] [cite.cell_a.arm_1.move_group]: Loaded adapter 'default_planning_request_adapters/ValidateWorkspaceBounds'
[move_group-15] [INFO] [1788459331.599283338] [cite.cell_a.arm_1.move_group]: Try loading adapter 'default_planning_request_adapters/CheckStartStateBounds'
[move_group-15] [INFO] [1788459331.599319343] [cite.cell_a.arm_1.move_group]: Loaded adapter 'default_planning_request_adapters/CheckStartStateBounds'
[move_group-15] [INFO] [1788459331.599328843] [cite.cell_a.arm_1.move_group]: Try loading adapter 'default_planning_request_adapters/CheckStartStateCollision'
[move_group-15] [INFO] [1788459331.599355985] [cite.cell_a.arm_1.move_group]: Loaded adapter 'default_planning_request_adapters/CheckStartStateCollision'
[move_group-17] [INFO] [1788459331.599856104] [cite.cell_a.arm_3.move_group]: Try loading adapter 'default_planning_response_adapters/AddTimeOptimalParameterization'
[move_group-17] [INFO] [1788459331.600573897] [cite.cell_a.arm_3.move_group]: Loaded adapter 'default_planning_response_adapters/AddTimeOptimalParameterization'
[move_group-17] [INFO] [1788459331.600588122] [cite.cell_a.arm_3.move_group]: Try loading adapter 'default_planning_response_adapters/ValidateSolution'
[move_group-15] [INFO] [1788459331.601086962] [cite.cell_a.arm_1.move_group]: Try loading adapter 'default_planning_response_adapters/ValidateSolution'
[move_group-16] [INFO] [1788459331.601100747] [cite.cell_a.arm_2.move_group]: Try loading adapter 'default_planning_request_adapters/ResolveConstraintFrames'
[move_group-17] [INFO] [1788459331.601249172] [cite.cell_a.arm_3.move_group]: Loaded adapter 'default_planning_response_adapters/ValidateSolution'
[move_group-17] [INFO] [1788459331.601264258] [cite.cell_a.arm_3.move_group]: Try loading adapter 'default_planning_response_adapters/DisplayMotionPath'
[move_group-16] [INFO] [1788459331.601283903] [cite.cell_a.arm_2.move_group]: Loaded adapter 'default_planning_request_adapters/ResolveConstraintFrames'
[move_group-16] [INFO] [1788459331.601295013] [cite.cell_a.arm_2.move_group]: Try loading adapter 'default_planning_request_adapters/ValidateWorkspaceBounds'
[move_group-16] [INFO] [1788459331.601718084] [cite.cell_a.arm_2.move_group]: Loaded adapter 'default_planning_request_adapters/ValidateWorkspaceBounds'
[move_group-16] [INFO] [1788459331.601735480] [cite.cell_a.arm_2.move_group]: Try loading adapter 'default_planning_request_adapters/CheckStartStateBounds'
[move_group-16] [INFO] [1788459331.601763285] [cite.cell_a.arm_2.move_group]: Loaded adapter 'default_planning_request_adapters/CheckStartStateBounds'
[move_group-16] [INFO] [1788459331.601788034] [cite.cell_a.arm_2.move_group]: Try loading adapter 'default_planning_request_adapters/CheckStartStateCollision'
[move_group-16] [INFO] [1788459331.601810031] [cite.cell_a.arm_2.move_group]: Loaded adapter 'default_planning_request_adapters/CheckStartStateCollision'
[move_group-17] [INFO] [1788459331.601899499] [cite.cell_a.arm_3.move_group]: Loaded adapter 'default_planning_response_adapters/DisplayMotionPath'
[move_group-16] [INFO] [1788459331.604506417] [cite.cell_a.arm_2.move_group]: Try loading adapter 'default_planning_response_adapters/AddTimeOptimalParameterization'
[move_group-17] [WARN] [1788459331.604709182] [rcl.logging_rosout]: Publisher already registered for node name: 'move_group'. If this is due to multiple nodes with the same name then all logs for the logger named 'cite.cell_a.arm_3.move_group' will go out over the existing publisher. As soon as any node with that name is destructed it will unregister the publisher, preventing any further logs for that name from being published on the rosout topic.
[move_group-16] [INFO] [1788459331.605061491] [cite.cell_a.arm_2.move_group]: Loaded adapter 'default_planning_response_adapters/AddTimeOptimalParameterization'
[move_group-16] [INFO] [1788459331.605077807] [cite.cell_a.arm_2.move_group]: Try loading adapter 'default_planning_response_adapters/ValidateSolution'
[move_group-16] [INFO] [1788459331.605815009] [cite.cell_a.arm_2.move_group]: Loaded adapter 'default_planning_response_adapters/ValidateSolution'
[move_group-16] [INFO] [1788459331.605835023] [cite.cell_a.arm_2.move_group]: Try loading adapter 'default_planning_response_adapters/DisplayMotionPath'
[move_group-15] [INFO] [1788459331.606098128] [cite.cell_a.arm_1.move_group]: Loaded adapter 'default_planning_response_adapters/ValidateSolution'
[move_group-15] [INFO] [1788459331.606124010] [cite.cell_a.arm_1.move_group]: Try loading adapter 'default_planning_response_adapters/DisplayMotionPath'
[move_group-16] [INFO] [1788459331.606261929] [cite.cell_a.arm_2.move_group]: Loaded adapter 'default_planning_response_adapters/DisplayMotionPath'
[move_group-15] [INFO] [1788459331.607562005] [cite.cell_a.arm_1.move_group]: Loaded adapter 'default_planning_response_adapters/DisplayMotionPath'
[move_group-16] [WARN] [1788459331.609883033] [rcl.logging_rosout]: Publisher already registered for node name: 'move_group'. If this is due to multiple nodes with the same name then all logs for the logger named 'cite.cell_a.arm_2.move_group' will go out over the existing publisher. As soon as any node with that name is destructed it will unregister the publisher, preventing any further logs for that name from being published on the rosout topic.
[move_group-15] [INFO] [1788459331.626332581] [cite.cell_a.arm_1.move_group.moveit.ros.planning_pipeline]: Successfully loaded planner 'OMPL'
[move_group-15] [INFO] [1788459331.629740843] [cite.cell_a.arm_1.move_group]: Try loading adapter 'default_planning_request_adapters/ResolveConstraintFrames'
[move_group-15] [INFO] [1788459331.629990072] [cite.cell_a.arm_1.move_group]: Loaded adapter 'default_planning_request_adapters/ResolveConstraintFrames'
[move_group-15] [INFO] [1788459331.630007205] [cite.cell_a.arm_1.move_group]: Try loading adapter 'default_planning_request_adapters/ValidateWorkspaceBounds'
[move_group-15] [INFO] [1788459331.630346416] [cite.cell_a.arm_1.move_group]: Loaded adapter 'default_planning_request_adapters/ValidateWorkspaceBounds'
[move_group-15] [INFO] [1788459331.630362185] [cite.cell_a.arm_1.move_group]: Try loading adapter 'default_planning_request_adapters/CheckStartStateBounds'
[move_group-15] [INFO] [1788459331.630391020] [cite.cell_a.arm_1.move_group]: Loaded adapter 'default_planning_request_adapters/CheckStartStateBounds'
[move_group-15] [INFO] [1788459331.630418774] [cite.cell_a.arm_1.move_group]: Try loading adapter 'default_planning_request_adapters/CheckStartStateCollision'
[move_group-15] [INFO] [1788459331.630434821] [cite.cell_a.arm_1.move_group]: Loaded adapter 'default_planning_request_adapters/CheckStartStateCollision'
[move_group-15] [INFO] [1788459331.633493821] [cite.cell_a.arm_1.move_group]: Try loading adapter 'default_planning_response_adapters/AddTimeOptimalParameterization'
[move_group-15] [INFO] [1788459331.634576856] [cite.cell_a.arm_1.move_group]: Loaded adapter 'default_planning_response_adapters/AddTimeOptimalParameterization'
[move_group-15] [INFO] [1788459331.634604460] [cite.cell_a.arm_1.move_group]: Try loading adapter 'default_planning_response_adapters/ValidateSolution'
[move_group-15] [INFO] [1788459331.635548647] [cite.cell_a.arm_1.move_group]: Loaded adapter 'default_planning_response_adapters/ValidateSolution'
[move_group-15] [INFO] [1788459331.635573962] [cite.cell_a.arm_1.move_group]: Try loading adapter 'default_planning_response_adapters/DisplayMotionPath'
[move_group-15] [INFO] [1788459331.636383657] [cite.cell_a.arm_1.move_group]: Loaded adapter 'default_planning_response_adapters/DisplayMotionPath'
[move_group-15] [WARN] [1788459331.639679959] [rcl.logging_rosout]: Publisher already registered for node name: 'move_group'. If this is due to multiple nodes with the same name then all logs for the logger named 'cite.cell_a.arm_1.move_group' will go out over the existing publisher. As soon as any node with that name is destructed it will unregister the publisher, preventing any further logs for that name from being published on the rosout topic.
[move_group-17] [INFO] [1788459331.671153879] [cite.cell_a.arm_3.move_group.moveit.plugins.simple_controller_manager]: Added FollowJointTrajectory controller for arm_3_joint_trajectory_controller
[move_group-17] [INFO] [1788459331.671225874] [cite.cell_a.arm_3.move_group.moveit.plugins.simple_controller_manager]: arm_3_gripper_controller will command a max effort of: 0
[move_group-16] [INFO] [1788459331.674046677] [cite.cell_a.arm_2.move_group.moveit.plugins.simple_controller_manager]: Added FollowJointTrajectory controller for arm_2_joint_trajectory_controller
[move_group-16] [INFO] [1788459331.674259123] [cite.cell_a.arm_2.move_group.moveit.plugins.simple_controller_manager]: arm_2_gripper_controller will command a max effort of: 0
[move_group-17] [INFO] [1788459331.677923961] [cite.cell_a.arm_3.move_group.moveit.plugins.simple_controller_manager]: Added GripperCommand controller for arm_3_gripper_controller
[move_group-17] [INFO] [1788459331.678360303] [cite.cell_a.arm_3.move_group.moveit.plugins.simple_controller_manager]: Returned 2 controllers in list
[move_group-17] [INFO] [1788459331.678513323] [cite.cell_a.arm_3.move_group.moveit.plugins.simple_controller_manager]: Returned 2 controllers in list
[move_group-17] [INFO] [1788459331.680117695] [cite.cell_a.arm_3.move_group.moveit.ros.trajectory_execution_manager]: Trajectory execution is not managing controllers
[move_group-17] [INFO] [1788459331.680142566] [cite.cell_a.arm_3.move_group]: MoveGroup debug mode is ON
[move_group-16] [INFO] [1788459331.680256933] [cite.cell_a.arm_2.move_group.moveit.plugins.simple_controller_manager]: Added GripperCommand controller for arm_2_gripper_controller
[move_group-16] [INFO] [1788459331.680406295] [cite.cell_a.arm_2.move_group.moveit.plugins.simple_controller_manager]: Returned 2 controllers in list
[move_group-16] [INFO] [1788459331.680435697] [cite.cell_a.arm_2.move_group.moveit.plugins.simple_controller_manager]: Returned 2 controllers in list
[move_group-16] [INFO] [1788459331.680867506] [cite.cell_a.arm_2.move_group.moveit.ros.trajectory_execution_manager]: Trajectory execution is not managing controllers
[move_group-16] [INFO] [1788459331.680887679] [cite.cell_a.arm_2.move_group]: MoveGroup debug mode is ON
[move_group-15] [INFO] [1788459331.687970782] [cite.cell_a.arm_1.move_group.moveit.plugins.simple_controller_manager]: Added FollowJointTrajectory controller for arm_1_joint_trajectory_controller
[move_group-15] [INFO] [1788459331.688082552] [cite.cell_a.arm_1.move_group.moveit.plugins.simple_controller_manager]: arm_1_gripper_controller will command a max effort of: 0
[move_group-15] [INFO] [1788459331.692898018] [cite.cell_a.arm_1.move_group.moveit.plugins.simple_controller_manager]: Added GripperCommand controller for arm_1_gripper_controller
[move_group-15] [INFO] [1788459331.693063351] [cite.cell_a.arm_1.move_group.moveit.plugins.simple_controller_manager]: Returned 2 controllers in list
[move_group-15] [INFO] [1788459331.693098890] [cite.cell_a.arm_1.move_group.moveit.plugins.simple_controller_manager]: Returned 2 controllers in list
[move_group-15] [INFO] [1788459331.693551579] [cite.cell_a.arm_1.move_group.moveit.ros.trajectory_execution_manager]: Trajectory execution is not managing controllers
[move_group-15] [INFO] [1788459331.693571237] [cite.cell_a.arm_1.move_group]: MoveGroup debug mode is ON
[move_group-16] [INFO] [1788459331.715159222] [cite.cell_a.arm_2.move_group.moveit.ros.move_group.executable]: 
[move_group-16] 
[move_group-16] ********************************************************
[move_group-16] * MoveGroup using: 
[move_group-16] *     - apply_planning_scene_service
[move_group-16] *     - clear_octomap_service
[move_group-16] *     - get_group_urdf
[move_group-16] *     - load_geometry_from_file
[move_group-16] *     - CartesianPathService
[move_group-16] *     - execute_trajectory_action
[move_group-16] *     - get_planning_scene_service
[move_group-16] *     - kinematics_service
[move_group-16] *     - move_action
[move_group-16] *     - motion_plan_service
[move_group-16] *     - query_planners_service
[move_group-16] *     - state_validation_service
[move_group-16] *     - save_geometry_to_file
[move_group-16] ********************************************************
[move_group-16] 
[move_group-16] [INFO] [1788459331.715226408] [cite.cell_a.arm_2.move_group.moveit.ros.move_group.context]: MoveGroup context using pipeline pilz_industrial_motion_planner
[move_group-16] [INFO] [1788459331.715244436] [cite.cell_a.arm_2.move_group.moveit.ros.move_group.context]: MoveGroup context initialization complete
[move_group-16] [96mLoading 'move_group/ApplyPlanningSceneService'...[0m
[move_group-16] [96mLoading 'move_group/ClearOctomapService'...[0m
[move_group-16] [96mLoading 'move_group/GetUrdfService'...[0m
[move_group-16] [96mLoading 'move_group/LoadGeometryFromFileService'...[0m
[move_group-16] [96mLoading 'move_group/MoveGroupCartesianPathService'...[0m
[move_group-16] [96mLoading 'move_group/MoveGroupExecuteTrajectoryAction'...[0m
[move_group-16] [96mLoading 'move_group/MoveGroupGetPlanningSceneService'...[0m
[move_group-16] [96mLoading 'move_group/MoveGroupKinematicsService'...[0m
[move_group-16] [96mLoading 'move_group/MoveGroupMoveAction'...[0m
[move_group-16] [96mLoading 'move_group/MoveGroupPlanService'...[0m
[move_group-16] [96mLoading 'move_group/MoveGroupQueryPlannersService'...[0m
[move_group-16] [96mLoading 'move_group/MoveGroupStateValidationService'...[0m
[move_group-16] [96mLoading 'move_group/SaveGeometryToFileService'...[0m
[move_group-16] 
[move_group-16] [92mYou can start planning now![0m
[move_group-16] 
[move_group-17] [INFO] [1788459331.727542732] [cite.cell_a.arm_3.move_group.moveit.ros.move_group.executable]: 
[move_group-17] 
[move_group-17] ********************************************************
[move_group-17] * MoveGroup using: 
[move_group-17] *     - apply_planning_scene_service
[move_group-17] *     - clear_octomap_service
[move_group-17] *     - get_group_urdf
[move_group-17] *     - load_geometry_from_file
[move_group-17] *     - CartesianPathService
[move_group-17] *     - execute_trajectory_action
[move_group-17] *     - get_planning_scene_service
[move_group-17] *     - kinematics_service
[move_group-17] *     - move_action
[move_group-17] *     - motion_plan_service
[move_group-17] *     - query_planners_service
[move_group-17] *     - state_validation_service
[move_group-17] *     - save_geometry_to_file
[move_group-17] ********************************************************
[move_group-17] 
[move_group-15] [INFO] [1788459331.727619958] [cite.cell_a.arm_1.move_group.moveit.ros.move_group.executable]: 
[move_group-15] 
[move_group-15] ********************************************************
[move_group-15] * MoveGroup using: 
[move_group-15] *     - apply_planning_scene_service
[move_group-15] *     - clear_octomap_service
[move_group-15] *     - get_group_urdf
[move_group-15] *     - load_geometry_from_file
[move_group-15] *     - CartesianPathService
[move_group-15] *     - execute_trajectory_action
[move_group-15] *     - get_planning_scene_service
[move_group-15] *     - kinematics_service
[move_group-15] *     - move_action
[move_group-15] *     - motion_plan_service
[move_group-15] *     - query_planners_service
[move_group-15] *     - state_validation_service
[move_group-15] *     - save_geometry_to_file
[move_group-15] ********************************************************
[move_group-15] 
[move_group-15] [INFO] [1788459331.727676290] [cite.cell_a.arm_1.move_group.moveit.ros.move_group.context]: MoveGroup context using pipeline pilz_industrial_motion_planner
[move_group-15] [INFO] [1788459331.727684003] [cite.cell_a.arm_1.move_group.moveit.ros.move_group.context]: MoveGroup context initialization complete
[move_group-17] [INFO] [1788459331.727689172] [cite.cell_a.arm_3.move_group.moveit.ros.move_group.context]: MoveGroup context using pipeline pilz_industrial_motion_planner
[move_group-17] [INFO] [1788459331.727702957] [cite.cell_a.arm_3.move_group.moveit.ros.move_group.context]: MoveGroup context initialization complete
[move_group-15] [96mLoading 'move_group/ApplyPlanningSceneService'...[0m
[move_group-15] [96mLoading 'move_group/ClearOctomapService'...[0m
[move_group-15] [96mLoading 'move_group/GetUrdfService'...[0m
[move_group-15] [96mLoading 'move_group/LoadGeometryFromFileService'...[0m
[move_group-15] [96mLoading 'move_group/MoveGroupCartesianPathService'...[0m
[move_group-15] [96mLoading 'move_group/MoveGroupExecuteTrajectoryAction'...[0m
[move_group-15] [96mLoading 'move_group/MoveGroupGetPlanningSceneService'...[0m
[move_group-15] [96mLoading 'move_group/MoveGroupKinematicsService'...[0m
[move_group-15] [96mLoading 'move_group/MoveGroupMoveAction'...[0m
[move_group-15] [96mLoading 'move_group/MoveGroupPlanService'...[0m
[move_group-15] [96mLoading 'move_group/MoveGroupQueryPlannersService'...[0m
[move_group-15] [96mLoading 'move_group/MoveGroupStateValidationService'...[0m
[move_group-15] [96mLoading 'move_group/SaveGeometryToFileService'...[0m
[move_group-15] 
[move_group-15] [92mYou can start planning now![0m
[move_group-15] 
[move_group-17] [96mLoading 'move_group/ApplyPlanningSceneService'...[0m
[move_group-17] [96mLoading 'move_group/ClearOctomapService'...[0m
[move_group-17] [96mLoading 'move_group/GetUrdfService'...[0m
[move_group-17] [96mLoading 'move_group/LoadGeometryFromFileService'...[0m
[move_group-17] [96mLoading 'move_group/MoveGroupCartesianPathService'...[0m
[move_group-17] [96mLoading 'move_group/MoveGroupExecuteTrajectoryAction'...[0m
[move_group-17] [96mLoading 'move_group/MoveGroupGetPlanningSceneService'...[0m
[move_group-17] [96mLoading 'move_group/MoveGroupKinematicsService'...[0m
[move_group-17] [96mLoading 'move_group/MoveGroupMoveAction'...[0m
[move_group-17] [96mLoading 'move_group/MoveGroupPlanService'...[0m
[move_group-17] [96mLoading 'move_group/MoveGroupQueryPlannersService'...[0m
[move_group-17] [96mLoading 'move_group/MoveGroupStateValidationService'...[0m
[move_group-17] [96mLoading 'move_group/SaveGeometryToFileService'...[0m
[move_group-17] 
[move_group-17] [92mYou can start planning now![0m
[move_group-17] 
[gz-1] [1;33m[Wrn] [conveyor.cpp:169] [0m[1;33m[cite_conveyor] belt at [0m[1;33m1.05[0m[1;33m [0m[1;33m0[0m[1;33m [0m[1;33m0.6[0m[1;33m [0m[1;33m0[0m[1;33m [0m[1;33m0[0m[1;33m [0m[1;33m0[0m[1;33m commanded on '[0m[1;33m/cite/cell_a/conveyor_1/command[0m[1;33m', reporting on '[0m[1;33m/cite/cell_a/conveyor_1/state[0m[1;33m'[0m
[gz-1] [1;33m[Wrn] [conveyor.cpp:169] [0m[1;33m[cite_conveyor] belt at [0m[1;33m3.15[0m[1;33m [0m[1;33m0[0m[1;33m [0m[1;33m0.6[0m[1;33m [0m[1;33m0[0m[1;33m [0m[1;33m0[0m[1;33m [0m[1;33m0[0m[1;33m commanded on '[0m[1;33m/cite/cell_a/conveyor_2/command[0m[1;33m', reporting on '[0m[1;33m/cite/cell_a/conveyor_2/state[0m[1;33m'[0m
[gz-1] [1;33m[Wrn] [conveyor.cpp:169] [0m[1;33m[cite_conveyor] belt at [0m[1;33m5.25[0m[1;33m [0m[1;33m0[0m[1;33m [0m[1;33m0.6[0m[1;33m [0m[1;33m0[0m[1;33m [0m[1;33m0[0m[1;33m [0m[1;33m0[0m[1;33m commanded on '[0m[1;33m/cite/cell_a/conveyor_3/command[0m[1;33m', reporting on '[0m[1;33m/cite/cell_a/conveyor_3/state[0m[1;33m'[0m
[gz-1] [1;33m[Wrn] [break_beam.cpp:189] [0m[1;33m[cite_beam] beam at [0m[1;33m1.627[0m[1;33m [0m[1;33m0.25[0m[1;33m [0m[1;33m0.63[0m[1;33m [0m[1;33m0[0m[1;33m [0m[1;33m0[0m[1;33m [0m[1;33m0[0m[1;33m reporting on '[0m[1;33m/cite/cell_a/beam_c1_out/detection[0m[1;33m'[0m
[gz-1] [1;33m[Wrn] [break_beam.cpp:189] [0m[1;33m[cite_beam] beam at [0m[1;33m3.727[0m[1;33m [0m[1;33m0.25[0m[1;33m [0m[1;33m0.63[0m[1;33m [0m[1;33m0[0m[1;33m [0m[1;33m0[0m[1;33m [0m[1;33m0[0m[1;33m reporting on '[0m[1;33m/cite/cell_a/beam_c2_out/detection[0m[1;33m'[0m
[gz-1] [1;33m[Wrn] [break_beam.cpp:189] [0m[1;33m[cite_beam] beam at [0m[1;33m5.75[0m[1;33m [0m[1;33m0.25[0m[1;33m [0m[1;33m0.63[0m[1;33m [0m[1;33m0[0m[1;33m [0m[1;33m0[0m[1;33m [0m[1;33m0[0m[1;33m reporting on '[0m[1;33m/cite/cell_a/beam_c3_out/detection[0m[1;33m'[0m
[gz-1] [1;33m[Wrn] [break_beam.cpp:189] [0m[1;33m[cite_beam] beam at [0m[1;33m-0.475[0m[1;33m [0m[1;33m0.25[0m[1;33m [0m[1;33m0.63[0m[1;33m [0m[1;33m0[0m[1;33m [0m[1;33m0[0m[1;33m [0m[1;33m0[0m[1;33m reporting on '[0m[1;33m/cite/cell_a/beam_pick/detection[0m[1;33m'[0m
[spawner-14] [INFO] [1788459331.891527405] [spawn_arm_1_stage0]: waiting for service /cite/cell_a/arm_1/controller_manager/list_controllers to become available...
[create-8] [INFO] [1788459331.927173983] [spawn_arm_2]: Waiting messages on topic [/cite/cell_a/arm_2/robot_description].
[create-10] [INFO] [1788459332.027418331] [spawn_arm_3]: Waiting messages on topic [/cite/cell_a/arm_3/robot_description].
[frame_server.py-11] [INFO] [1788459332.077684504] [cite.facility.frame_server]: configured with 21 static transform(s)
[topology_server.py-13] [INFO] [1788459332.084405968] [cite.facility.topology_server]: configured with 5 station(s) and 4 edge(s)
[frame_server.py-11] [INFO] [1788459332.085104125] [cite.facility.frame_server]: published 21 static transform(s)
[create-8] [INFO] [1788459332.126642846] [spawn_arm_2]: Entity creation successful.
[create-4] [INFO] [1788459332.127643254] [spawn_scene]: Waiting messages on topic [robot_description].
[model_info.py-12] [INFO] [1788459332.129232570] [cite.facility.model_info]: configured for model 95dbbdd9f18c
[create-4] [INFO] [1788459332.226905367] [spawn_scene]: Entity creation successful.
[create-10] [INFO] [1788459332.226905737] [spawn_arm_3]: Entity creation successful.
[create-6] [INFO] [1788459332.228228509] [spawn_arm_1]: Waiting messages on topic [/cite/cell_a/arm_1/robot_description].
[INFO] [create-8]: process has finished cleanly [pid 118]
[create-6] [INFO] [1788459332.240473067] [spawn_arm_1]: Entity creation successful.
[INFO] [create-10]: process has finished cleanly [pid 120]
[INFO] [create-4]: process has finished cleanly [pid 114]
[INFO] [create-6]: process has finished cleanly [pid 116]
[gz-1] [1;33mWarning [parser_urdf.cc:1170][0m multiple inconsistent <self_collide> exists due to fixed joint reduction overwriting previous value [1] with [0].
[gz-1] [1;31m[Err] [SystemLoader.cc:92] [0m[1;31mFailed to load system plugin [[0m[1;31mlibgazebo_mimic_joint_plugin.so[0m[1;31m] : Could not find shared library.[0m[1;31m[0m
[gz-1] [1;31m[Err] [SystemLoader.cc:92] [0m[1;31mFailed to load system plugin [[0m[1;31mlibgazebo_mimic_joint_plugin.so[0m[1;31m] : Could not find shared library.[0m[1;31m[0m
[gz-1] [1;31m[Err] [SystemLoader.cc:92] [0m[1;31mFailed to load system plugin [[0m[1;31mlibgazebo_mimic_joint_plugin.so[0m[1;31m] : Could not find shared library.[0m[1;31m[0m
[gz-1] [1;31m[Err] [SystemLoader.cc:92] [0m[1;31mFailed to load system plugin [[0m[1;31mlibgazebo_mimic_joint_plugin.so[0m[1;31m] : Could not find shared library.[0m[1;31m[0m
[gz-1] [1;31m[Err] [SystemLoader.cc:92] [0m[1;31mFailed to load system plugin [[0m[1;31mlibgazebo_mimic_joint_plugin.so[0m[1;31m] : Could not find shared library.[0m[1;31m[0m
[gz-1] [INFO] [1788459333.665539267] [cite.cell_a.arm_2.gz_ros_control]: [gz_ros2_control] Fixed joint ['arm_2_mount_world_anchor'] (Entity='60') is skipped.
[gz-1] [INFO] [1788459333.667340282] [cite.cell_a.arm_2.gz_ros_control]: Loading controller_manager
[gz-1] [INFO] [1788459333.679760823] [cite.cell_a.arm_2.controller_manager]: Using ROS clock for triggering controller manager cycles.
[gz-1] [INFO] [1788459333.683023740] [cite.cell_a.arm_2.controller_manager]: Subscribing to '/cite/cell_a/arm_2/robot_description' topic for robot description.
[gz-1] [WARN] [1788459333.685306311] [cite.cell_a.arm_2.gz_ros_control]: Waiting RM to load and initialize hardware...
[gz-1] [WARN] [1788459334.682718466] [cite.cell_a.arm_2.controller_manager]: Waiting for data on 'robot_description' topic to finish initialization
[gz-1] [WARN] [1788459335.682608502] [cite.cell_a.arm_2.controller_manager]: Waiting for data on 'robot_description' topic to finish initialization
[gz-1] [WARN] [1788459335.685461120] [cite.cell_a.arm_2.gz_ros_control]: Waiting RM to load and initialize hardware...
[gz-1] [WARN] [1788459336.682590231] [cite.cell_a.arm_2.controller_manager]: Waiting for data on 'robot_description' topic to finish initialization
[gz-1] [INFO] [1788459336.811043389] [cite.cell_a.arm_2.controller_manager]: Received robot description from topic.
[gz-1] [INFO] [1788459336.813443480] [cite.cell_a.arm_2.gz_ros_control]: Using JointLimiter for joint 'arm_2_joint5' in hardware 'arm_2_gz_ros2_control/GazeboSimSystem' : '  has position limits: true [-6.28319, 6.28319]
[gz-1]   has velocity limits: true [3.14]
[gz-1]   has acceleration limits: false [nan]
[gz-1]   has deceleration limits: false [nan]
[gz-1]   has jerk limits: false [nan]
[gz-1]   has effort limits: true [20]
[gz-1]   angle wraparound: false'
[gz-1] [INFO] [1788459336.813462950] [cite.cell_a.arm_2.gz_ros_control]: Creating JointSaturationLimiter for joint 'arm_2_joint5' in hardware 'arm_2_gz_ros2_control/GazeboSimSystem'
[gz-1] [INFO] [1788459336.813477483] [cite.cell_a.arm_2.gz_ros_control]: Using JointLimiter for joint 'arm_2_joint4' in hardware 'arm_2_gz_ros2_control/GazeboSimSystem' : '  has position limits: true [-1.69297, 3.14159]
[gz-1]   has velocity limits: true [3.14]
[gz-1]   has acceleration limits: false [nan]
[gz-1]   has deceleration limits: false [nan]
[gz-1]   has jerk limits: false [nan]
[gz-1]   has effort limits: true [20]
[gz-1]   angle wraparound: false'
[gz-1] [INFO] [1788459336.813482639] [cite.cell_a.arm_2.gz_ros_control]: Creating JointSaturationLimiter for joint 'arm_2_joint4' in hardware 'arm_2_gz_ros2_control/GazeboSimSystem'
[gz-1] [INFO] [1788459336.813487817] [cite.cell_a.arm_2.gz_ros_control]: Using JointLimiter for joint 'arm_2_joint3' in hardware 'arm_2_gz_ros2_control/GazeboSimSystem' : '  has position limits: true [-3.927, 0.19198]
[gz-1]   has velocity limits: true [3.14]
[gz-1]   has acceleration limits: false [nan]
[gz-1]   has deceleration limits: false [nan]
[gz-1]   has jerk limits: false [nan]
[gz-1]   has effort limits: true [30]
[gz-1]   angle wraparound: false'
[gz-1] [INFO] [1788459336.813491463] [cite.cell_a.arm_2.gz_ros_control]: Creating JointSaturationLimiter for joint 'arm_2_joint3' in hardware 'arm_2_gz_ros2_control/GazeboSimSystem'
[gz-1] [INFO] [1788459336.813496297] [cite.cell_a.arm_2.gz_ros_control]: Using JointLimiter for joint 'arm_2_joint2' in hardware 'arm_2_gz_ros2_control/GazeboSimSystem' : '  has position limits: true [-2.059, 2.0944]
[gz-1]   has velocity limits: true [3.14]
[gz-1]   has acceleration limits: false [nan]
[gz-1]   has deceleration limits: false [nan]
[gz-1]   has jerk limits: false [nan]
[gz-1]   has effort limits: true [50]
[gz-1]   angle wraparound: false'
[gz-1] [INFO] [1788459336.813499770] [cite.cell_a.arm_2.gz_ros_control]: Creating JointSaturationLimiter for joint 'arm_2_joint2' in hardware 'arm_2_gz_ros2_control/GazeboSimSystem'
[gz-1] [INFO] [1788459336.813504527] [cite.cell_a.arm_2.gz_ros_control]: Using JointLimiter for joint 'arm_2_joint1' in hardware 'arm_2_gz_ros2_control/GazeboSimSystem' : '  has position limits: true [-6.28319, 6.28319]
[gz-1]   has velocity limits: true [3.14]
[gz-1]   has acceleration limits: false [nan]
[gz-1]   has deceleration limits: false [nan]
[gz-1]   has jerk limits: false [nan]
[gz-1]   has effort limits: true [50]
[gz-1]   angle wraparound: false'
[gz-1] [INFO] [1788459336.813507915] [cite.cell_a.arm_2.gz_ros_control]: Creating JointSaturationLimiter for joint 'arm_2_joint1' in hardware 'arm_2_gz_ros2_control/GazeboSimSystem'
[gz-1] [INFO] [1788459336.813532861] [cite.cell_a.arm_2.gz_ros_control]: Using JointLimiter for joint 'arm_2_right_inner_knuckle_joint' in hardware 'arm_2_XArmGripperSystem' : '  has position limits: true [0, 0.85]
[gz-1]   has velocity limits: true [2]
[gz-1]   has acceleration limits: false [nan]
[gz-1]   has deceleration limits: false [nan]
[gz-1]   has jerk limits: false [nan]
[gz-1]   has effort limits: true [50]
[gz-1]   angle wraparound: false'
[gz-1] [INFO] [1788459336.813539192] [cite.cell_a.arm_2.gz_ros_control]: Creating JointSaturationLimiter for joint 'arm_2_right_inner_knuckle_joint' in hardware 'arm_2_XArmGripperSystem'
[gz-1] [INFO] [1788459336.813546203] [cite.cell_a.arm_2.gz_ros_control]: Using JointLimiter for joint 'arm_2_right_finger_joint' in hardware 'arm_2_XArmGripperSystem' : '  has position limits: true [0, 0.85]
[gz-1]   has velocity limits: true [2]
[gz-1]   has acceleration limits: false [nan]
[gz-1]   has deceleration limits: false [nan]
[gz-1]   has jerk limits: false [nan]
[gz-1]   has effort limits: true [50]
[gz-1]   angle wraparound: false'
[gz-1] [INFO] [1788459336.813550433] [cite.cell_a.arm_2.gz_ros_control]: Creating JointSaturationLimiter for joint 'arm_2_right_finger_joint' in hardware 'arm_2_XArmGripperSystem'
[gz-1] [INFO] [1788459336.813556063] [cite.cell_a.arm_2.gz_ros_control]: Using JointLimiter for joint 'arm_2_right_outer_knuckle_joint' in hardware 'arm_2_XArmGripperSystem' : '  has position limits: true [0, 0.85]
[gz-1]   has velocity limits: true [2]
[gz-1]   has acceleration limits: false [nan]
[gz-1]   has deceleration limits: false [nan]
[gz-1]   has jerk limits: false [nan]
[gz-1]   has effort limits: true [50]
[gz-1]   angle wraparound: false'
[gz-1] [INFO] [1788459336.813559495] [cite.cell_a.arm_2.gz_ros_control]: Creating JointSaturationLimiter for joint 'arm_2_right_outer_knuckle_joint' in hardware 'arm_2_XArmGripperSystem'
[gz-1] [INFO] [1788459336.813565079] [cite.cell_a.arm_2.gz_ros_control]: Using JointLimiter for joint 'arm_2_left_finger_joint' in hardware 'arm_2_XArmGripperSystem' : '  has position limits: true [0, 0.85]
[gz-1]   has velocity limits: true [2]
[gz-1]   has acceleration limits: false [nan]
[gz-1]   has deceleration limits: false [nan]
[gz-1]   has jerk limits: false [nan]
[gz-1]   has effort limits: true [50]
[gz-1]   angle wraparound: false'
[gz-1] [INFO] [1788459336.813568567] [cite.cell_a.arm_2.gz_ros_control]: Creating JointSaturationLimiter for joint 'arm_2_left_finger_joint' in hardware 'arm_2_XArmGripperSystem'
[gz-1] [INFO] [1788459336.813573957] [cite.cell_a.arm_2.gz_ros_control]: Using JointLimiter for joint 'arm_2_left_inner_knuckle_joint' in hardware 'arm_2_XArmGripperSystem' : '  has position limits: true [0, 0.85]
[gz-1]   has velocity limits: true [2]
[gz-1]   has acceleration limits: false [nan]
[gz-1]   has deceleration limits: false [nan]
[gz-1]   has jerk limits: false [nan]
[gz-1]   has effort limits: true [50]
[gz-1]   angle wraparound: false'
[gz-1] [INFO] [1788459336.813577391] [cite.cell_a.arm_2.gz_ros_control]: Creating JointSaturationLimiter for joint 'arm_2_left_inner_knuckle_joint' in hardware 'arm_2_XArmGripperSystem'
[gz-1] [INFO] [1788459336.813582890] [cite.cell_a.arm_2.gz_ros_control]: Using JointLimiter for joint 'arm_2_drive_joint' in hardware 'arm_2_XArmGripperSystem' : '  has position limits: true [0, 0.85]
[gz-1]   has velocity limits: true [1]
[gz-1]   has acceleration limits: false [nan]
[gz-1]   has deceleration limits: false [nan]
[gz-1]   has jerk limits: false [nan]
[gz-1]   has effort limits: true [50]
[gz-1]   angle wraparound: false'
[gz-1] [INFO] [1788459336.813586360] [cite.cell_a.arm_2.gz_ros_control]: Creating JointSaturationLimiter for joint 'arm_2_drive_joint' in hardware 'arm_2_XArmGripperSystem'
[gz-1] [INFO] [1788459336.813594862] [cite.cell_a.arm_2.controller_manager]: Enforcing command limits is enabled...
[gz-1] [INFO] [1788459336.816943847] [cite.cell_a.arm_2.gz_ros_control]: The position_proportional_gain has been set to: 0.1
[gz-1] [INFO] [1788459336.816983146] [cite.cell_a.arm_2.gz_ros_control]: Loading joint: arm_2_joint1
[gz-1] [INFO] [1788459336.816988809] [cite.cell_a.arm_2.gz_ros_control]: 	State:
[gz-1] [INFO] [1788459336.816993346] [cite.cell_a.arm_2.gz_ros_control]: 		 position
[gz-1] [INFO] [1788459336.816997449] [cite.cell_a.arm_2.gz_ros_control]: 		 velocity
[gz-1] [INFO] [1788459336.817013634] [cite.cell_a.arm_2.gz_ros_control]: 	Command:
[gz-1] [INFO] [1788459336.817017202] [cite.cell_a.arm_2.gz_ros_control]: 		 position
[gz-1] [INFO] [1788459336.817025002] [cite.cell_a.arm_2.gz_ros_control]: 		 velocity
[gz-1] [INFO] [1788459336.817033354] [cite.cell_a.arm_2.gz_ros_control]: Loading joint: arm_2_joint2
[gz-1] [INFO] [1788459336.817036368] [cite.cell_a.arm_2.gz_ros_control]: 	State:
[gz-1] [INFO] [1788459336.817038885] [cite.cell_a.arm_2.gz_ros_control]: 		 position
[gz-1] [INFO] [1788459336.817041893] [cite.cell_a.arm_2.gz_ros_control]: 		 velocity
[gz-1] [INFO] [1788459336.817045217] [cite.cell_a.arm_2.gz_ros_control]: 	Command:
[gz-1] [INFO] [1788459336.817047603] [cite.cell_a.arm_2.gz_ros_control]: 		 position
[gz-1] [INFO] [1788459336.817052129] [cite.cell_a.arm_2.gz_ros_control]: 		 velocity
[gz-1] [INFO] [1788459336.817057787] [cite.cell_a.arm_2.gz_ros_control]: Loading joint: arm_2_joint3
[gz-1] [INFO] [1788459336.817060640] [cite.cell_a.arm_2.gz_ros_control]: 	State:
[gz-1] [INFO] [1788459336.817063080] [cite.cell_a.arm_2.gz_ros_control]: 		 position
[gz-1] [INFO] [1788459336.817066160] [cite.cell_a.arm_2.gz_ros_control]: 		 velocity
[gz-1] [INFO] [1788459336.817068639] [cite.cell_a.arm_2.gz_ros_control]: 	Command:
[gz-1] [INFO] [1788459336.817071061] [cite.cell_a.arm_2.gz_ros_control]: 		 position
[gz-1] [INFO] [1788459336.817075453] [cite.cell_a.arm_2.gz_ros_control]: 		 velocity
[gz-1] [INFO] [1788459336.817080986] [cite.cell_a.arm_2.gz_ros_control]: Loading joint: arm_2_joint4
[gz-1] [INFO] [1788459336.817083925] [cite.cell_a.arm_2.gz_ros_control]: 	State:
[gz-1] [INFO] [1788459336.817086489] [cite.cell_a.arm_2.gz_ros_control]: 		 position
[gz-1] [INFO] [1788459336.817088999] [cite.cell_a.arm_2.gz_ros_control]: 		 velocity
[gz-1] [INFO] [1788459336.817091435] [cite.cell_a.arm_2.gz_ros_control]: 	Command:
[gz-1] [INFO] [1788459336.817096075] [cite.cell_a.arm_2.gz_ros_control]: 		 position
[gz-1] [INFO] [1788459336.817100355] [cite.cell_a.arm_2.gz_ros_control]: 		 velocity
[gz-1] [INFO] [1788459336.817109196] [cite.cell_a.arm_2.gz_ros_control]: Loading joint: arm_2_joint5
[gz-1] [INFO] [1788459336.817113708] [cite.cell_a.arm_2.gz_ros_control]: 	State:
[gz-1] [INFO] [1788459336.817117893] [cite.cell_a.arm_2.gz_ros_control]: 		 position
[gz-1] [INFO] [1788459336.817123163] [cite.cell_a.arm_2.gz_ros_control]: 		 velocity
[gz-1] [INFO] [1788459336.817127452] [cite.cell_a.arm_2.gz_ros_control]: 	Command:
[gz-1] [INFO] [1788459336.817131408] [cite.cell_a.arm_2.gz_ros_control]: 		 position
[gz-1] [INFO] [1788459336.817137708] [cite.cell_a.arm_2.gz_ros_control]: 		 velocity
[gz-1] [INFO] [1788459336.817232529] [cite.cell_a.arm_2.controller_manager]: Initialize hardware 'arm_2_gz_ros2_control/GazeboSimSystem' 
[gz-1] [WARN] [1788459336.817253631] [cite.cell_a.arm_2.controller_manager.hardware_component.system.arm_2_gz_ros2_control/GazeboSimSystem]: Executor is not available during hardware component initialization for 'arm_2_gz_ros2_control/GazeboSimSystem'. Skipping node creation!
[gz-1] [INFO] [1788459336.817332402] [cite.cell_a.arm_2.controller_manager]: Successful initialization of hardware 'arm_2_gz_ros2_control/GazeboSimSystem'
[gz-1] [INFO] [1788459336.817544689] [cite.cell_a.arm_2.gz_ros_control]: The position_proportional_gain has been set to: 0.1
[gz-1] [INFO] [1788459336.817564240] [cite.cell_a.arm_2.gz_ros_control]: Loading joint: arm_2_drive_joint
[gz-1] [INFO] [1788459336.817570734] [cite.cell_a.arm_2.gz_ros_control]: 	State:
[gz-1] [INFO] [1788459336.817575513] [cite.cell_a.arm_2.gz_ros_control]: 		 position
[gz-1] [INFO] [1788459336.817580533] [cite.cell_a.arm_2.gz_ros_control]: 		 velocity
[gz-1] [INFO] [1788459336.817584565] [cite.cell_a.arm_2.gz_ros_control]: 	Command:
[gz-1] [INFO] [1788459336.817587307] [cite.cell_a.arm_2.gz_ros_control]: 		 position
[gz-1] [INFO] [1788459336.817592712] [cite.cell_a.arm_2.gz_ros_control]: 		 velocity
[gz-1] [INFO] [1788459336.817600779] [cite.cell_a.arm_2.gz_ros_control]: Loading joint: arm_2_left_finger_joint
[gz-1] [INFO] [1788459336.817605008] [cite.cell_a.arm_2.gz_ros_control]: Joint 'arm_2_left_finger_joint'is mimicking joint 'arm_2_drive_joint' with multiplier: 1 and offset: 0
[gz-1] [INFO] [1788459336.817608383] [cite.cell_a.arm_2.gz_ros_control]: 	State:
[gz-1] [INFO] [1788459336.817610951] [cite.cell_a.arm_2.gz_ros_control]: 		 position
[gz-1] [INFO] [1788459336.817621994] [cite.cell_a.arm_2.gz_ros_control]: 		 velocity
[gz-1] [INFO] [1788459336.817625126] [cite.cell_a.arm_2.gz_ros_control]: 	Command:
[gz-1] [INFO] [1788459336.817633784] [cite.cell_a.arm_2.gz_ros_control]: Loading joint: arm_2_left_inner_knuckle_joint
[gz-1] [INFO] [1788459336.817637743] [cite.cell_a.arm_2.gz_ros_control]: Joint 'arm_2_left_inner_knuckle_joint'is mimicking joint 'arm_2_drive_joint' with multiplier: 1 and offset: 0
[gz-1] [INFO] [1788459336.817640869] [cite.cell_a.arm_2.gz_ros_control]: 	State:
[gz-1] [INFO] [1788459336.817643277] [cite.cell_a.arm_2.gz_ros_control]: 		 position
[gz-1] [INFO] [1788459336.817646396] [cite.cell_a.arm_2.gz_ros_control]: 		 velocity
[gz-1] [INFO] [1788459336.817648946] [cite.cell_a.arm_2.gz_ros_control]: 	Command:
[gz-1] [INFO] [1788459336.817655313] [cite.cell_a.arm_2.gz_ros_control]: Loading joint: arm_2_right_outer_knuckle_joint
[gz-1] [INFO] [1788459336.817658988] [cite.cell_a.arm_2.gz_ros_control]: Joint 'arm_2_right_outer_knuckle_joint'is mimicking joint 'arm_2_drive_joint' with multiplier: 1 and offset: 0
[gz-1] [INFO] [1788459336.817662611] [cite.cell_a.arm_2.gz_ros_control]: 	State:
[gz-1] [INFO] [1788459336.817665174] [cite.cell_a.arm_2.gz_ros_control]: 		 position
[gz-1] [INFO] [1788459336.817667825] [cite.cell_a.arm_2.gz_ros_control]: 		 velocity
[gz-1] [INFO] [1788459336.817670347] [cite.cell_a.arm_2.gz_ros_control]: 	Command:
[gz-1] [INFO] [1788459336.817675962] [cite.cell_a.arm_2.gz_ros_control]: Loading joint: arm_2_right_finger_joint
[gz-1] [INFO] [1788459336.817679480] [cite.cell_a.arm_2.gz_ros_control]: Joint 'arm_2_right_finger_joint'is mimicking joint 'arm_2_drive_joint' with multiplier: 1 and offset: 0
[gz-1] [INFO] [1788459336.817682359] [cite.cell_a.arm_2.gz_ros_control]: 	State:
[gz-1] [INFO] [1788459336.817684831] [cite.cell_a.arm_2.gz_ros_control]: 		 position
[gz-1] [INFO] [1788459336.817688302] [cite.cell_a.arm_2.gz_ros_control]: 		 velocity
[gz-1] [INFO] [1788459336.817691018] [cite.cell_a.arm_2.gz_ros_control]: 	Command:
[gz-1] [INFO] [1788459336.817696723] [cite.cell_a.arm_2.gz_ros_control]: Loading joint: arm_2_right_inner_knuckle_joint
[gz-1] [INFO] [1788459336.817700341] [cite.cell_a.arm_2.gz_ros_control]: Joint 'arm_2_right_inner_knuckle_joint'is mimicking joint 'arm_2_drive_joint' with multiplier: 1 and offset: 0
[gz-1] [INFO] [1788459336.817703390] [cite.cell_a.arm_2.gz_ros_control]: 	State:
[gz-1] [INFO] [1788459336.817705877] [cite.cell_a.arm_2.gz_ros_control]: 		 position
[gz-1] [INFO] [1788459336.817708552] [cite.cell_a.arm_2.gz_ros_control]: 		 velocity
[gz-1] [INFO] [1788459336.817711119] [cite.cell_a.arm_2.gz_ros_control]: 	Command:
[gz-1] [INFO] [1788459336.817736537] [cite.cell_a.arm_2.controller_manager]: Initialize hardware 'arm_2_XArmGripperSystem' 
[gz-1] [WARN] [1788459336.817748218] [cite.cell_a.arm_2.controller_manager.hardware_component.system.arm_2_XArmGripperSystem]: Executor is not available during hardware component initialization for 'arm_2_XArmGripperSystem'. Skipping node creation!
[gz-1] [INFO] [1788459336.817792009] [cite.cell_a.arm_2.controller_manager]: Successful initialization of hardware 'arm_2_XArmGripperSystem'
[gz-1] [INFO] [1788459336.817877167] [cite.cell_a.arm_2.controller_manager]: Activating component 'arm_2_XArmGripperSystem'.
[gz-1] [INFO] [1788459336.817889406] [resource_manager]: 'configure' hardware 'arm_2_XArmGripperSystem' 
[gz-1] [INFO] [1788459336.817893676] [cite.cell_a.arm_2.gz_ros_control]: System Successfully configured!
[gz-1] [INFO] [1788459336.817897895] [resource_manager]: Successful 'configure' of hardware 'arm_2_XArmGripperSystem'
[gz-1] [INFO] [1788459336.817904162] [resource_manager]: 'activate' hardware 'arm_2_XArmGripperSystem' 
[gz-1] [INFO] [1788459336.817916578] [resource_manager]: Successful 'activate' of hardware 'arm_2_XArmGripperSystem'
[gz-1] [INFO] [1788459336.817977918] [cite.cell_a.arm_2.controller_manager]: Activating component 'arm_2_gz_ros2_control/GazeboSimSystem'.
[gz-1] [INFO] [1788459336.817981779] [resource_manager]: 'configure' hardware 'arm_2_gz_ros2_control/GazeboSimSystem' 
[gz-1] [INFO] [1788459336.817983405] [cite.cell_a.arm_2.gz_ros_control]: System Successfully configured!
[gz-1] [INFO] [1788459336.817988096] [resource_manager]: Successful 'configure' of hardware 'arm_2_gz_ros2_control/GazeboSimSystem'
[gz-1] [INFO] [1788459336.817998299] [resource_manager]: 'activate' hardware 'arm_2_gz_ros2_control/GazeboSimSystem' 
[gz-1] [INFO] [1788459336.818000632] [resource_manager]: Successful 'activate' of hardware 'arm_2_gz_ros2_control/GazeboSimSystem'
[gz-1] [WARN] [1788459336.818023167] [cite.cell_a.arm_2.controller_manager]: Component 'arm_2_XArmGripperSystem' does not have read or write statistics initialized, skipping registration.
[gz-1] [WARN] [1788459336.818029267] [cite.cell_a.arm_2.controller_manager]: Component 'arm_2_gz_ros2_control/GazeboSimSystem' does not have read or write statistics initialized, skipping registration.
[gz-1] [INFO] [1788459336.818037381] [cite.cell_a.arm_2.controller_manager]: Resource Manager has been successfully initialized. Starting Controller Manager services...
[gz-1] [1;33mWarning [parser_urdf.cc:1170][0m multiple inconsistent <self_collide> exists due to fixed joint reduction overwriting previous value [1] with [0].
[gz-1] [1;31m[Err] [SystemLoader.cc:92] [0m[1;31mFailed to load system plugin [[0m[1;31mlibgazebo_mimic_joint_plugin.so[0m[1;31m] : Could not find shared library.[0m[1;31m[0m
[gz-1] [1;31m[Err] [SystemLoader.cc:92] [0m[1;31mFailed to load system plugin [[0m[1;31mlibgazebo_mimic_joint_plugin.so[0m[1;31m] : Could not find shared library.[0m[1;31m[0m
[gz-1] [1;31m[Err] [SystemLoader.cc:92] [0m[1;31mFailed to load system plugin [[0m[1;31mlibgazebo_mimic_joint_plugin.so[0m[1;31m] : Could not find shared library.[0m[1;31m[0m
[gz-1] [1;31m[Err] [SystemLoader.cc:92] [0m[1;31mFailed to load system plugin [[0m[1;31mlibgazebo_mimic_joint_plugin.so[0m[1;31m] : Could not find shared library.[0m[1;31m[0m
[gz-1] [1;31m[Err] [SystemLoader.cc:92] [0m[1;31mFailed to load system plugin [[0m[1;31mlibgazebo_mimic_joint_plugin.so[0m[1;31m] : Could not find shared library.[0m[1;31m[0m
[gz-1] [INFO] [1788459337.734419420] [cite.cell_a.arm_3.gz_ros_control]: [gz_ros2_control] Fixed joint ['arm_3_mount_world_anchor'] (Entity='111') is skipped.
[gz-1] [INFO] [1788459337.736113408] [cite.cell_a.arm_3.gz_ros_control]: Loading controller_manager
[gz-1] [INFO] [1788459337.750549559] [cite.cell_a.arm_3.controller_manager]: Using ROS clock for triggering controller manager cycles.
[gz-1] [INFO] [1788459337.751353957] [cite.cell_a.arm_3.controller_manager]: Subscribing to '/cite/cell_a/arm_3/robot_description' topic for robot description.
[gz-1] [WARN] [1788459337.752517212] [cite.cell_a.arm_3.gz_ros_control]: Waiting RM to load and initialize hardware...
[gz-1] [INFO] [1788459337.761709763] [cite.cell_a.arm_3.controller_manager]: Received robot description from topic.
[gz-1] [INFO] [1788459337.763343159] [cite.cell_a.arm_3.gz_ros_control]: Using JointLimiter for joint 'arm_3_joint5' in hardware 'arm_3_gz_ros2_control/GazeboSimSystem' : '  has position limits: true [-6.28319, 6.28319]
[gz-1]   has velocity limits: true [3.14]
[gz-1]   has acceleration limits: false [nan]
[gz-1]   has deceleration limits: false [nan]
[gz-1]   has jerk limits: false [nan]
[gz-1]   has effort limits: true [20]
[gz-1]   angle wraparound: false'
[gz-1] [INFO] [1788459337.763360207] [cite.cell_a.arm_3.gz_ros_control]: Creating JointSaturationLimiter for joint 'arm_3_joint5' in hardware 'arm_3_gz_ros2_control/GazeboSimSystem'
[gz-1] [INFO] [1788459337.763368712] [cite.cell_a.arm_3.gz_ros_control]: Using JointLimiter for joint 'arm_3_joint3' in hardware 'arm_3_gz_ros2_control/GazeboSimSystem' : '  has position limits: true [-3.927, 0.19198]
[gz-1]   has velocity limits: true [3.14]
[gz-1]   has acceleration limits: false [nan]
[gz-1]   has deceleration limits: false [nan]
[gz-1]   has jerk limits: false [nan]
[gz-1]   has effort limits: true [30]
[gz-1]   angle wraparound: false'
[gz-1] [INFO] [1788459337.763372838] [cite.cell_a.arm_3.gz_ros_control]: Creating JointSaturationLimiter for joint 'arm_3_joint3' in hardware 'arm_3_gz_ros2_control/GazeboSimSystem'
[gz-1] [INFO] [1788459337.763378397] [cite.cell_a.arm_3.gz_ros_control]: Using JointLimiter for joint 'arm_3_joint4' in hardware 'arm_3_gz_ros2_control/GazeboSimSystem' : '  has position limits: true [-1.69297, 3.14159]
[gz-1]   has velocity limits: true [3.14]
[gz-1]   has acceleration limits: false [nan]
[gz-1]   has deceleration limits: false [nan]
[gz-1]   has jerk limits: false [nan]
[gz-1]   has effort limits: true [20]
[gz-1]   angle wraparound: false'
[gz-1] [INFO] [1788459337.763382410] [cite.cell_a.arm_3.gz_ros_control]: Creating JointSaturationLimiter for joint 'arm_3_joint4' in hardware 'arm_3_gz_ros2_control/GazeboSimSystem'
[gz-1] [INFO] [1788459337.763387961] [cite.cell_a.arm_3.gz_ros_control]: Using JointLimiter for joint 'arm_3_joint2' in hardware 'arm_3_gz_ros2_control/GazeboSimSystem' : '  has position limits: true [-2.059, 2.0944]
[gz-1]   has velocity limits: true [3.14]
[gz-1]   has acceleration limits: false [nan]
[gz-1]   has deceleration limits: false [nan]
[gz-1]   has jerk limits: false [nan]
[gz-1]   has effort limits: true [50]
[gz-1]   angle wraparound: false'
[gz-1] [INFO] [1788459337.763391828] [cite.cell_a.arm_3.gz_ros_control]: Creating JointSaturationLimiter for joint 'arm_3_joint2' in hardware 'arm_3_gz_ros2_control/GazeboSimSystem'
[gz-1] [INFO] [1788459337.763396975] [cite.cell_a.arm_3.gz_ros_control]: Using JointLimiter for joint 'arm_3_joint1' in hardware 'arm_3_gz_ros2_control/GazeboSimSystem' : '  has position limits: true [-6.28319, 6.28319]
[gz-1]   has velocity limits: true [3.14]
[gz-1]   has acceleration limits: false [nan]
[gz-1]   has deceleration limits: false [nan]
[gz-1]   has jerk limits: false [nan]
[gz-1]   has effort limits: true [50]
[gz-1]   angle wraparound: false'
[gz-1] [INFO] [1788459337.763414599] [cite.cell_a.arm_3.gz_ros_control]: Creating JointSaturationLimiter for joint 'arm_3_joint1' in hardware 'arm_3_gz_ros2_control/GazeboSimSystem'
[gz-1] [INFO] [1788459337.763421760] [cite.cell_a.arm_3.gz_ros_control]: Using JointLimiter for joint 'arm_3_right_inner_knuckle_joint' in hardware 'arm_3_XArmGripperSystem' : '  has position limits: true [0, 0.85]
[gz-1]   has velocity limits: true [2]
[gz-1]   has acceleration limits: false [nan]
[gz-1]   has deceleration limits: false [nan]
[gz-1]   has jerk limits: false [nan]
[gz-1]   has effort limits: true [50]
[gz-1]   angle wraparound: false'
[gz-1] [INFO] [1788459337.763425930] [cite.cell_a.arm_3.gz_ros_control]: Creating JointSaturationLimiter for joint 'arm_3_right_inner_knuckle_joint' in hardware 'arm_3_XArmGripperSystem'
[gz-1] [INFO] [1788459337.763432350] [cite.cell_a.arm_3.gz_ros_control]: Using JointLimiter for joint 'arm_3_right_finger_joint' in hardware 'arm_3_XArmGripperSystem' : '  has position limits: true [0, 0.85]
[gz-1]   has velocity limits: true [2]
[gz-1]   has acceleration limits: false [nan]
[gz-1]   has deceleration limits: false [nan]
[gz-1]   has jerk limits: false [nan]
[gz-1]   has effort limits: true [50]
[gz-1]   angle wraparound: false'
[gz-1] [INFO] [1788459337.763436265] [cite.cell_a.arm_3.gz_ros_control]: Creating JointSaturationLimiter for joint 'arm_3_right_finger_joint' in hardware 'arm_3_XArmGripperSystem'
[gz-1] [INFO] [1788459337.763442864] [cite.cell_a.arm_3.gz_ros_control]: Using JointLimiter for joint 'arm_3_right_outer_knuckle_joint' in hardware 'arm_3_XArmGripperSystem' : '  has position limits: true [0, 0.85]
[gz-1]   has velocity limits: true [2]
[gz-1]   has acceleration limits: false [nan]
[gz-1]   has deceleration limits: false [nan]
[gz-1]   has jerk limits: false [nan]
[gz-1]   has effort limits: true [50]
[gz-1]   angle wraparound: false'
[gz-1] [INFO] [1788459337.763446609] [cite.cell_a.arm_3.gz_ros_control]: Creating JointSaturationLimiter for joint 'arm_3_right_outer_knuckle_joint' in hardware 'arm_3_XArmGripperSystem'
[gz-1] [INFO] [1788459337.763452442] [cite.cell_a.arm_3.gz_ros_control]: Using JointLimiter for joint 'arm_3_left_inner_knuckle_joint' in hardware 'arm_3_XArmGripperSystem' : '  has position limits: true [0, 0.85]
[gz-1]   has velocity limits: true [2]
[gz-1]   has acceleration limits: false [nan]
[gz-1]   has deceleration limits: false [nan]
[gz-1]   has jerk limits: false [nan]
[gz-1]   has effort limits: true [50]
[gz-1]   angle wraparound: false'
[gz-1] [INFO] [1788459337.763456092] [cite.cell_a.arm_3.gz_ros_control]: Creating JointSaturationLimiter for joint 'arm_3_left_inner_knuckle_joint' in hardware 'arm_3_XArmGripperSystem'
[gz-1] [INFO] [1788459337.763461876] [cite.cell_a.arm_3.gz_ros_control]: Using JointLimiter for joint 'arm_3_left_finger_joint' in hardware 'arm_3_XArmGripperSystem' : '  has position limits: true [0, 0.85]
[gz-1]   has velocity limits: true [2]
[gz-1]   has acceleration limits: false [nan]
[gz-1]   has deceleration limits: false [nan]
[gz-1]   has jerk limits: false [nan]
[gz-1]   has effort limits: true [50]
[gz-1]   angle wraparound: false'
[gz-1] [INFO] [1788459337.763465519] [cite.cell_a.arm_3.gz_ros_control]: Creating JointSaturationLimiter for joint 'arm_3_left_finger_joint' in hardware 'arm_3_XArmGripperSystem'
[gz-1] [INFO] [1788459337.763471385] [cite.cell_a.arm_3.gz_ros_control]: Using JointLimiter for joint 'arm_3_drive_joint' in hardware 'arm_3_XArmGripperSystem' : '  has position limits: true [0, 0.85]
[gz-1]   has velocity limits: true [1]
[gz-1]   has acceleration limits: false [nan]
[gz-1]   has deceleration limits: false [nan]
[gz-1]   has jerk limits: false [nan]
[gz-1]   has effort limits: true [50]
[gz-1]   angle wraparound: false'
[gz-1] [INFO] [1788459337.763475287] [cite.cell_a.arm_3.gz_ros_control]: Creating JointSaturationLimiter for joint 'arm_3_drive_joint' in hardware 'arm_3_XArmGripperSystem'
[gz-1] [INFO] [1788459337.763483779] [cite.cell_a.arm_3.controller_manager]: Enforcing command limits is enabled...
[gz-1] [INFO] [1788459337.764923136] [cite.cell_a.arm_3.gz_ros_control]: The position_proportional_gain has been set to: 0.1
[gz-1] [INFO] [1788459337.764962066] [cite.cell_a.arm_3.gz_ros_control]: Loading joint: arm_3_joint1
[gz-1] [INFO] [1788459337.764967155] [cite.cell_a.arm_3.gz_ros_control]: 	State:
[gz-1] [INFO] [1788459337.764970361] [cite.cell_a.arm_3.gz_ros_control]: 		 position
[gz-1] [INFO] [1788459337.764973579] [cite.cell_a.arm_3.gz_ros_control]: 		 velocity
[gz-1] [INFO] [1788459337.764977927] [cite.cell_a.arm_3.gz_ros_control]: 	Command:
[gz-1] [INFO] [1788459337.764980933] [cite.cell_a.arm_3.gz_ros_control]: 		 position
[gz-1] [INFO] [1788459337.764989585] [cite.cell_a.arm_3.gz_ros_control]: 		 velocity
[gz-1] [INFO] [1788459337.764998003] [cite.cell_a.arm_3.gz_ros_control]: Loading joint: arm_3_joint2
[gz-1] [INFO] [1788459337.765001185] [cite.cell_a.arm_3.gz_ros_control]: 	State:
[gz-1] [INFO] [1788459337.765003907] [cite.cell_a.arm_3.gz_ros_control]: 		 position
[gz-1] [INFO] [1788459337.765006944] [cite.cell_a.arm_3.gz_ros_control]: 		 velocity
[gz-1] [INFO] [1788459337.765009525] [cite.cell_a.arm_3.gz_ros_control]: 	Command:
[gz-1] [INFO] [1788459337.765011970] [cite.cell_a.arm_3.gz_ros_control]: 		 position
[gz-1] [INFO] [1788459337.765016649] [cite.cell_a.arm_3.gz_ros_control]: 		 velocity
[gz-1] [INFO] [1788459337.765025389] [cite.cell_a.arm_3.gz_ros_control]: Loading joint: arm_3_joint3
[gz-1] [INFO] [1788459337.765028432] [cite.cell_a.arm_3.gz_ros_control]: 	State:
[gz-1] [INFO] [1788459337.765031186] [cite.cell_a.arm_3.gz_ros_control]: 		 position
[gz-1] [INFO] [1788459337.765034747] [cite.cell_a.arm_3.gz_ros_control]: 		 velocity
[gz-1] [INFO] [1788459337.765037400] [cite.cell_a.arm_3.gz_ros_control]: 	Command:
[gz-1] [INFO] [1788459337.765039892] [cite.cell_a.arm_3.gz_ros_control]: 		 position
[gz-1] [INFO] [1788459337.765044508] [cite.cell_a.arm_3.gz_ros_control]: 		 velocity
[gz-1] [INFO] [1788459337.765052899] [cite.cell_a.arm_3.gz_ros_control]: Loading joint: arm_3_joint4
[gz-1] [INFO] [1788459337.765056071] [cite.cell_a.arm_3.gz_ros_control]: 	State:
[gz-1] [INFO] [1788459337.765058573] [cite.cell_a.arm_3.gz_ros_control]: 		 position
[gz-1] [INFO] [1788459337.765061248] [cite.cell_a.arm_3.gz_ros_control]: 		 velocity
[gz-1] [INFO] [1788459337.765063833] [cite.cell_a.arm_3.gz_ros_control]: 	Command:
[gz-1] [INFO] [1788459337.765066302] [cite.cell_a.arm_3.gz_ros_control]: 		 position
[gz-1] [INFO] [1788459337.765070411] [cite.cell_a.arm_3.gz_ros_control]: 		 velocity
[gz-1] [INFO] [1788459337.765076453] [cite.cell_a.arm_3.gz_ros_control]: Loading joint: arm_3_joint5
[gz-1] [INFO] [1788459337.765079377] [cite.cell_a.arm_3.gz_ros_control]: 	State:
[gz-1] [INFO] [1788459337.765081944] [cite.cell_a.arm_3.gz_ros_control]: 		 position
[gz-1] [INFO] [1788459337.765085332] [cite.cell_a.arm_3.gz_ros_control]: 		 velocity
[gz-1] [INFO] [1788459337.765087961] [cite.cell_a.arm_3.gz_ros_control]: 	Command:
[gz-1] [INFO] [1788459337.765090514] [cite.cell_a.arm_3.gz_ros_control]: 		 position
[gz-1] [INFO] [1788459337.765095562] [cite.cell_a.arm_3.gz_ros_control]: 		 velocity
[gz-1] [INFO] [1788459337.765120983] [cite.cell_a.arm_3.controller_manager]: Initialize hardware 'arm_3_gz_ros2_control/GazeboSimSystem' 
[gz-1] [WARN] [1788459337.765130511] [cite.cell_a.arm_3.controller_manager.hardware_component.system.arm_3_gz_ros2_control/GazeboSimSystem]: Executor is not available during hardware component initialization for 'arm_3_gz_ros2_control/GazeboSimSystem'. Skipping node creation!
[gz-1] [INFO] [1788459337.765156751] [cite.cell_a.arm_3.controller_manager]: Successful initialization of hardware 'arm_3_gz_ros2_control/GazeboSimSystem'
[gz-1] [INFO] [1788459337.765276435] [cite.cell_a.arm_3.gz_ros_control]: The position_proportional_gain has been set to: 0.1
[gz-1] [INFO] [1788459337.765289082] [cite.cell_a.arm_3.gz_ros_control]: Loading joint: arm_3_drive_joint
[gz-1] [INFO] [1788459337.765293069] [cite.cell_a.arm_3.gz_ros_control]: 	State:
[gz-1] [INFO] [1788459337.765296025] [cite.cell_a.arm_3.gz_ros_control]: 		 position
[gz-1] [INFO] [1788459337.765298919] [cite.cell_a.arm_3.gz_ros_control]: 		 velocity
[gz-1] [INFO] [1788459337.765302017] [cite.cell_a.arm_3.gz_ros_control]: 	Command:
[gz-1] [INFO] [1788459337.765304705] [cite.cell_a.arm_3.gz_ros_control]: 		 position
[gz-1] [INFO] [1788459337.765309770] [cite.cell_a.arm_3.gz_ros_control]: 		 velocity
[gz-1] [INFO] [1788459337.765317919] [cite.cell_a.arm_3.gz_ros_control]: Loading joint: arm_3_left_finger_joint
[gz-1] [INFO] [1788459337.765330894] [cite.cell_a.arm_3.gz_ros_control]: Joint 'arm_3_left_finger_joint'is mimicking joint 'arm_3_drive_joint' with multiplier: 1 and offset: 0
[gz-1] [INFO] [1788459337.765334733] [cite.cell_a.arm_3.gz_ros_control]: 	State:
[gz-1] [INFO] [1788459337.765337643] [cite.cell_a.arm_3.gz_ros_control]: 		 position
[gz-1] [INFO] [1788459337.765341028] [cite.cell_a.arm_3.gz_ros_control]: 		 velocity
[gz-1] [INFO] [1788459337.765343727] [cite.cell_a.arm_3.gz_ros_control]: 	Command:
[gz-1] [INFO] [1788459337.765350074] [cite.cell_a.arm_3.gz_ros_control]: Loading joint: arm_3_left_inner_knuckle_joint
[gz-1] [INFO] [1788459337.765353830] [cite.cell_a.arm_3.gz_ros_control]: Joint 'arm_3_left_inner_knuckle_joint'is mimicking joint 'arm_3_drive_joint' with multiplier: 1 and offset: 0
[gz-1] [INFO] [1788459337.765356951] [cite.cell_a.arm_3.gz_ros_control]: 	State:
[gz-1] [INFO] [1788459337.765359551] [cite.cell_a.arm_3.gz_ros_control]: 		 position
[gz-1] [INFO] [1788459337.765363062] [cite.cell_a.arm_3.gz_ros_control]: 		 velocity
[gz-1] [INFO] [1788459337.765365803] [cite.cell_a.arm_3.gz_ros_control]: 	Command:
[gz-1] [INFO] [1788459337.765372830] [cite.cell_a.arm_3.gz_ros_control]: Loading joint: arm_3_right_outer_knuckle_joint
[gz-1] [INFO] [1788459337.765376540] [cite.cell_a.arm_3.gz_ros_control]: Joint 'arm_3_right_outer_knuckle_joint'is mimicking joint 'arm_3_drive_joint' with multiplier: 1 and offset: 0
[gz-1] [INFO] [1788459337.765379728] [cite.cell_a.arm_3.gz_ros_control]: 	State:
[gz-1] [INFO] [1788459337.765382300] [cite.cell_a.arm_3.gz_ros_control]: 		 position
[gz-1] [INFO] [1788459337.765384896] [cite.cell_a.arm_3.gz_ros_control]: 		 velocity
[gz-1] [INFO] [1788459337.765387513] [cite.cell_a.arm_3.gz_ros_control]: 	Command:
[gz-1] [INFO] [1788459337.765393406] [cite.cell_a.arm_3.gz_ros_control]: Loading joint: arm_3_right_finger_joint
[gz-1] [INFO] [1788459337.765397083] [cite.cell_a.arm_3.gz_ros_control]: Joint 'arm_3_right_finger_joint'is mimicking joint 'arm_3_drive_joint' with multiplier: 1 and offset: 0
[gz-1] [INFO] [1788459337.765400040] [cite.cell_a.arm_3.gz_ros_control]: 	State:
[gz-1] [INFO] [1788459337.765402636] [cite.cell_a.arm_3.gz_ros_control]: 		 position
[gz-1] [INFO] [1788459337.765405953] [cite.cell_a.arm_3.gz_ros_control]: 		 velocity
[gz-1] [INFO] [1788459337.765408712] [cite.cell_a.arm_3.gz_ros_control]: 	Command:
[gz-1] [INFO] [1788459337.765413898] [cite.cell_a.arm_3.gz_ros_control]: Loading joint: arm_3_right_inner_knuckle_joint
[gz-1] [INFO] [1788459337.765417558] [cite.cell_a.arm_3.gz_ros_control]: Joint 'arm_3_right_inner_knuckle_joint'is mimicking joint 'arm_3_drive_joint' with multiplier: 1 and offset: 0
[gz-1] [INFO] [1788459337.765422191] [cite.cell_a.arm_3.gz_ros_control]: 	State:
[gz-1] [INFO] [1788459337.765425452] [cite.cell_a.arm_3.gz_ros_control]: 		 position
[gz-1] [INFO] [1788459337.765428280] [cite.cell_a.arm_3.gz_ros_control]: 		 velocity
[gz-1] [INFO] [1788459337.765430833] [cite.cell_a.arm_3.gz_ros_control]: 	Command:
[gz-1] [INFO] [1788459337.765445317] [cite.cell_a.arm_3.controller_manager]: Initialize hardware 'arm_3_XArmGripperSystem' 
[gz-1] [WARN] [1788459337.765464255] [cite.cell_a.arm_3.controller_manager.hardware_component.system.arm_3_XArmGripperSystem]: Executor is not available during hardware component initialization for 'arm_3_XArmGripperSystem'. Skipping node creation!
[gz-1] [INFO] [1788459337.765492280] [cite.cell_a.arm_3.controller_manager]: Successful initialization of hardware 'arm_3_XArmGripperSystem'
[gz-1] [INFO] [1788459337.765528329] [cite.cell_a.arm_3.controller_manager]: Activating component 'arm_3_XArmGripperSystem'.
[gz-1] [INFO] [1788459337.765532841] [resource_manager]: 'configure' hardware 'arm_3_XArmGripperSystem' 
[gz-1] [INFO] [1788459337.765534778] [cite.cell_a.arm_3.gz_ros_control]: System Successfully configured!
[gz-1] [INFO] [1788459337.765538279] [resource_manager]: Successful 'configure' of hardware 'arm_3_XArmGripperSystem'
[gz-1] [INFO] [1788459337.765541700] [resource_manager]: 'activate' hardware 'arm_3_XArmGripperSystem' 
[gz-1] [INFO] [1788459337.765544455] [resource_manager]: Successful 'activate' of hardware 'arm_3_XArmGripperSystem'
[gz-1] [INFO] [1788459337.765558216] [cite.cell_a.arm_3.controller_manager]: Activating component 'arm_3_gz_ros2_control/GazeboSimSystem'.
[gz-1] [INFO] [1788459337.765567399] [resource_manager]: 'configure' hardware 'arm_3_gz_ros2_control/GazeboSimSystem' 
[gz-1] [INFO] [1788459337.765569066] [cite.cell_a.arm_3.gz_ros_control]: System Successfully configured!
[gz-1] [INFO] [1788459337.765573042] [resource_manager]: Successful 'configure' of hardware 'arm_3_gz_ros2_control/GazeboSimSystem'
[gz-1] [INFO] [1788459337.765576327] [resource_manager]: 'activate' hardware 'arm_3_gz_ros2_control/GazeboSimSystem' 
[gz-1] [INFO] [1788459337.765578403] [resource_manager]: Successful 'activate' of hardware 'arm_3_gz_ros2_control/GazeboSimSystem'
[gz-1] [WARN] [1788459337.765588298] [cite.cell_a.arm_3.controller_manager]: Component 'arm_3_XArmGripperSystem' does not have read or write statistics initialized, skipping registration.
[gz-1] [WARN] [1788459337.765592031] [cite.cell_a.arm_3.controller_manager]: Component 'arm_3_gz_ros2_control/GazeboSimSystem' does not have read or write statistics initialized, skipping registration.
[gz-1] [INFO] [1788459337.765596602] [cite.cell_a.arm_3.controller_manager]: Resource Manager has been successfully initialized. Starting Controller Manager services...
[gz-1] [1;33mWarning [parser_urdf.cc:1170][0m multiple inconsistent <self_collide> exists due to fixed joint reduction overwriting previous value [1] with [0].
[gz-1] [1;31m[Err] [SystemLoader.cc:92] [0m[1;31mFailed to load system plugin [[0m[1;31mlibgazebo_mimic_joint_plugin.so[0m[1;31m] : Could not find shared library.[0m[1;31m[0m
[gz-1] [1;31m[Err] [SystemLoader.cc:92] [0m[1;31mFailed to load system plugin [[0m[1;31mlibgazebo_mimic_joint_plugin.so[0m[1;31m] : Could not find shared library.[0m[1;31m[0m
[gz-1] [1;31m[Err] [SystemLoader.cc:92] [0m[1;31mFailed to load system plugin [[0m[1;31mlibgazebo_mimic_joint_plugin.so[0m[1;31m] : Could not find shared library.[0m[1;31m[0m
[gz-1] [1;31m[Err] [SystemLoader.cc:92] [0m[1;31mFailed to load system plugin [[0m[1;31mlibgazebo_mimic_joint_plugin.so[0m[1;31m] : Could not find shared library.[0m[1;31m[0m
[gz-1] [1;31m[Err] [SystemLoader.cc:92] [0m[1;31mFailed to load system plugin [[0m[1;31mlibgazebo_mimic_joint_plugin.so[0m[1;31m] : Could not find shared library.[0m[1;31m[0m
[gz-1] [INFO] [1788459339.832592029] [cite.cell_a.arm_1.gz_ros_control]: [gz_ros2_control] Fixed joint ['arm_1_mount_world_anchor'] (Entity='188') is skipped.
[gz-1] [INFO] [1788459339.834326230] [cite.cell_a.arm_1.gz_ros_control]: Loading controller_manager
[gz-1] [INFO] [1788459339.850138864] [cite.cell_a.arm_1.controller_manager]: Using ROS clock for triggering controller manager cycles.
[gz-1] [INFO] [1788459339.851005891] [cite.cell_a.arm_1.controller_manager]: Subscribing to '/cite/cell_a/arm_1/robot_description' topic for robot description.
[gz-1] [WARN] [1788459339.851640973] [cite.cell_a.arm_1.gz_ros_control]: Waiting RM to load and initialize hardware...
[gz-1] [INFO] [1788459339.861193806] [cite.cell_a.arm_1.controller_manager]: Received robot description from topic.
[gz-1] [INFO] [1788459339.862841354] [cite.cell_a.arm_1.gz_ros_control]: Using JointLimiter for joint 'arm_1_joint5' in hardware 'arm_1_gz_ros2_control/GazeboSimSystem' : '  has position limits: true [-6.28319, 6.28319]
[gz-1]   has velocity limits: true [3.14]
[gz-1]   has acceleration limits: false [nan]
[gz-1]   has deceleration limits: false [nan]
[gz-1]   has jerk limits: false [nan]
[gz-1]   has effort limits: true [20]
[gz-1]   angle wraparound: false'
[gz-1] [INFO] [1788459339.862859263] [cite.cell_a.arm_1.gz_ros_control]: Creating JointSaturationLimiter for joint 'arm_1_joint5' in hardware 'arm_1_gz_ros2_control/GazeboSimSystem'
[gz-1] [INFO] [1788459339.862868080] [cite.cell_a.arm_1.gz_ros_control]: Using JointLimiter for joint 'arm_1_joint4' in hardware 'arm_1_gz_ros2_control/GazeboSimSystem' : '  has position limits: true [-1.69297, 3.14159]
[gz-1]   has velocity limits: true [3.14]
[gz-1]   has acceleration limits: false [nan]
[gz-1]   has deceleration limits: false [nan]
[gz-1]   has jerk limits: false [nan]
[gz-1]   has effort limits: true [20]
[gz-1]   angle wraparound: false'
[gz-1] [INFO] [1788459339.862872237] [cite.cell_a.arm_1.gz_ros_control]: Creating JointSaturationLimiter for joint 'arm_1_joint4' in hardware 'arm_1_gz_ros2_control/GazeboSimSystem'
[gz-1] [INFO] [1788459339.862877679] [cite.cell_a.arm_1.gz_ros_control]: Using JointLimiter for joint 'arm_1_joint2' in hardware 'arm_1_gz_ros2_control/GazeboSimSystem' : '  has position limits: true [-2.059, 2.0944]
[gz-1]   has velocity limits: true [3.14]
[gz-1]   has acceleration limits: false [nan]
[gz-1]   has deceleration limits: false [nan]
[gz-1]   has jerk limits: false [nan]
[gz-1]   has effort limits: true [50]
[gz-1]   angle wraparound: false'
[gz-1] [INFO] [1788459339.862881810] [cite.cell_a.arm_1.gz_ros_control]: Creating JointSaturationLimiter for joint 'arm_1_joint2' in hardware 'arm_1_gz_ros2_control/GazeboSimSystem'
[gz-1] [INFO] [1788459339.862887184] [cite.cell_a.arm_1.gz_ros_control]: Using JointLimiter for joint 'arm_1_joint3' in hardware 'arm_1_gz_ros2_control/GazeboSimSystem' : '  has position limits: true [-3.927, 0.19198]
[gz-1]   has velocity limits: true [3.14]
[gz-1]   has acceleration limits: false [nan]
[gz-1]   has deceleration limits: false [nan]
[gz-1]   has jerk limits: false [nan]
[gz-1]   has effort limits: true [30]
[gz-1]   angle wraparound: false'
[gz-1] [INFO] [1788459339.862893043] [cite.cell_a.arm_1.gz_ros_control]: Creating JointSaturationLimiter for joint 'arm_1_joint3' in hardware 'arm_1_gz_ros2_control/GazeboSimSystem'
[gz-1] [INFO] [1788459339.862898459] [cite.cell_a.arm_1.gz_ros_control]: Using JointLimiter for joint 'arm_1_joint1' in hardware 'arm_1_gz_ros2_control/GazeboSimSystem' : '  has position limits: true [-6.28319, 6.28319]
[gz-1]   has velocity limits: true [3.14]
[gz-1]   has acceleration limits: false [nan]
[gz-1]   has deceleration limits: false [nan]
[gz-1]   has jerk limits: false [nan]
[gz-1]   has effort limits: true [50]
[gz-1]   angle wraparound: false'
[gz-1] [INFO] [1788459339.862902182] [cite.cell_a.arm_1.gz_ros_control]: Creating JointSaturationLimiter for joint 'arm_1_joint1' in hardware 'arm_1_gz_ros2_control/GazeboSimSystem'
[gz-1] [INFO] [1788459339.862908180] [cite.cell_a.arm_1.gz_ros_control]: Using JointLimiter for joint 'arm_1_right_inner_knuckle_joint' in hardware 'arm_1_XArmGripperSystem' : '  has position limits: true [0, 0.85]
[gz-1]   has velocity limits: true [2]
[gz-1]   has acceleration limits: false [nan]
[gz-1]   has deceleration limits: false [nan]
[gz-1]   has jerk limits: false [nan]
[gz-1]   has effort limits: true [50]
[gz-1]   angle wraparound: false'
[gz-1] [INFO] [1788459339.862926398] [cite.cell_a.arm_1.gz_ros_control]: Creating JointSaturationLimiter for joint 'arm_1_right_inner_knuckle_joint' in hardware 'arm_1_XArmGripperSystem'
[gz-1] [INFO] [1788459339.862933503] [cite.cell_a.arm_1.gz_ros_control]: Using JointLimiter for joint 'arm_1_right_finger_joint' in hardware 'arm_1_XArmGripperSystem' : '  has position limits: true [0, 0.85]
[gz-1]   has velocity limits: true [2]
[gz-1]   has acceleration limits: false [nan]
[gz-1]   has deceleration limits: false [nan]
[gz-1]   has jerk limits: false [nan]
[gz-1]   has effort limits: true [50]
[gz-1]   angle wraparound: false'
[gz-1] [INFO] [1788459339.862937339] [cite.cell_a.arm_1.gz_ros_control]: Creating JointSaturationLimiter for joint 'arm_1_right_finger_joint' in hardware 'arm_1_XArmGripperSystem'
[gz-1] [INFO] [1788459339.862942997] [cite.cell_a.arm_1.gz_ros_control]: Using JointLimiter for joint 'arm_1_right_outer_knuckle_joint' in hardware 'arm_1_XArmGripperSystem' : '  has position limits: true [0, 0.85]
[gz-1]   has velocity limits: true [2]
[gz-1]   has acceleration limits: false [nan]
[gz-1]   has deceleration limits: false [nan]
[gz-1]   has jerk limits: false [nan]
[gz-1]   has effort limits: true [50]
[gz-1]   angle wraparound: false'
[gz-1] [INFO] [1788459339.862946579] [cite.cell_a.arm_1.gz_ros_control]: Creating JointSaturationLimiter for joint 'arm_1_right_outer_knuckle_joint' in hardware 'arm_1_XArmGripperSystem'
[gz-1] [INFO] [1788459339.862952328] [cite.cell_a.arm_1.gz_ros_control]: Using JointLimiter for joint 'arm_1_left_inner_knuckle_joint' in hardware 'arm_1_XArmGripperSystem' : '  has position limits: true [0, 0.85]
[gz-1]   has velocity limits: true [2]
[gz-1]   has acceleration limits: false [nan]
[gz-1]   has deceleration limits: false [nan]
[gz-1]   has jerk limits: false [nan]
[gz-1]   has effort limits: true [50]
[gz-1]   angle wraparound: false'
[gz-1] [INFO] [1788459339.862957285] [cite.cell_a.arm_1.gz_ros_control]: Creating JointSaturationLimiter for joint 'arm_1_left_inner_knuckle_joint' in hardware 'arm_1_XArmGripperSystem'
[gz-1] [INFO] [1788459339.862963040] [cite.cell_a.arm_1.gz_ros_control]: Using JointLimiter for joint 'arm_1_left_finger_joint' in hardware 'arm_1_XArmGripperSystem' : '  has position limits: true [0, 0.85]
[gz-1]   has velocity limits: true [2]
[gz-1]   has acceleration limits: false [nan]
[gz-1]   has deceleration limits: false [nan]
[gz-1]   has jerk limits: false [nan]
[gz-1]   has effort limits: true [50]
[gz-1]   angle wraparound: false'
[gz-1] [INFO] [1788459339.862966704] [cite.cell_a.arm_1.gz_ros_control]: Creating JointSaturationLimiter for joint 'arm_1_left_finger_joint' in hardware 'arm_1_XArmGripperSystem'
[gz-1] [INFO] [1788459339.862972587] [cite.cell_a.arm_1.gz_ros_control]: Using JointLimiter for joint 'arm_1_drive_joint' in hardware 'arm_1_XArmGripperSystem' : '  has position limits: true [0, 0.85]
[gz-1]   has velocity limits: true [1]
[gz-1]   has acceleration limits: false [nan]
[gz-1]   has deceleration limits: false [nan]
[gz-1]   has jerk limits: false [nan]
[gz-1]   has effort limits: true [50]
[gz-1]   angle wraparound: false'
[gz-1] [INFO] [1788459339.862976586] [cite.cell_a.arm_1.gz_ros_control]: Creating JointSaturationLimiter for joint 'arm_1_drive_joint' in hardware 'arm_1_XArmGripperSystem'
[gz-1] [INFO] [1788459339.862984075] [cite.cell_a.arm_1.controller_manager]: Enforcing command limits is enabled...
[gz-1] [INFO] [1788459339.864442837] [cite.cell_a.arm_1.gz_ros_control]: The position_proportional_gain has been set to: 0.1
[gz-1] [INFO] [1788459339.864474320] [cite.cell_a.arm_1.gz_ros_control]: Loading joint: arm_1_joint1
[gz-1] [INFO] [1788459339.864478899] [cite.cell_a.arm_1.gz_ros_control]: 	State:
[gz-1] [INFO] [1788459339.864482701] [cite.cell_a.arm_1.gz_ros_control]: 		 position
[gz-1] [INFO] [1788459339.864486082] [cite.cell_a.arm_1.gz_ros_control]: 		 velocity
[gz-1] [INFO] [1788459339.864490682] [cite.cell_a.arm_1.gz_ros_control]: 	Command:
[gz-1] [INFO] [1788459339.864493511] [cite.cell_a.arm_1.gz_ros_control]: 		 position
[gz-1] [INFO] [1788459339.864501751] [cite.cell_a.arm_1.gz_ros_control]: 		 velocity
[gz-1] [INFO] [1788459339.864509195] [cite.cell_a.arm_1.gz_ros_control]: Loading joint: arm_1_joint2
[gz-1] [INFO] [1788459339.864512191] [cite.cell_a.arm_1.gz_ros_control]: 	State:
[gz-1] [INFO] [1788459339.864514753] [cite.cell_a.arm_1.gz_ros_control]: 		 position
[gz-1] [INFO] [1788459339.864517568] [cite.cell_a.arm_1.gz_ros_control]: 		 velocity
[gz-1] [INFO] [1788459339.864529887] [cite.cell_a.arm_1.gz_ros_control]: 	Command:
[gz-1] [INFO] [1788459339.864532937] [cite.cell_a.arm_1.gz_ros_control]: 		 position
[gz-1] [INFO] [1788459339.864540879] [cite.cell_a.arm_1.gz_ros_control]: 		 velocity
[gz-1] [INFO] [1788459339.864546994] [cite.cell_a.arm_1.gz_ros_control]: Loading joint: arm_1_joint3
[gz-1] [INFO] [1788459339.864550039] [cite.cell_a.arm_1.gz_ros_control]: 	State:
[gz-1] [INFO] [1788459339.864554803] [cite.cell_a.arm_1.gz_ros_control]: 		 position
[gz-1] [INFO] [1788459339.864558140] [cite.cell_a.arm_1.gz_ros_control]: 		 velocity
[gz-1] [INFO] [1788459339.864560957] [cite.cell_a.arm_1.gz_ros_control]: 	Command:
[gz-1] [INFO] [1788459339.864563454] [cite.cell_a.arm_1.gz_ros_control]: 		 position
[gz-1] [INFO] [1788459339.864567984] [cite.cell_a.arm_1.gz_ros_control]: 		 velocity
[gz-1] [INFO] [1788459339.864573261] [cite.cell_a.arm_1.gz_ros_control]: Loading joint: arm_1_joint4
[gz-1] [INFO] [1788459339.864576795] [cite.cell_a.arm_1.gz_ros_control]: 	State:
[gz-1] [INFO] [1788459339.864579271] [cite.cell_a.arm_1.gz_ros_control]: 		 position
[gz-1] [INFO] [1788459339.864581925] [cite.cell_a.arm_1.gz_ros_control]: 		 velocity
[gz-1] [INFO] [1788459339.864584889] [cite.cell_a.arm_1.gz_ros_control]: 	Command:
[gz-1] [INFO] [1788459339.864587373] [cite.cell_a.arm_1.gz_ros_control]: 		 position
[gz-1] [INFO] [1788459339.864591179] [cite.cell_a.arm_1.gz_ros_control]: 		 velocity
[gz-1] [INFO] [1788459339.864597047] [cite.cell_a.arm_1.gz_ros_control]: Loading joint: arm_1_joint5
[gz-1] [INFO] [1788459339.864600463] [cite.cell_a.arm_1.gz_ros_control]: 	State:
[gz-1] [INFO] [1788459339.864603159] [cite.cell_a.arm_1.gz_ros_control]: 		 position
[gz-1] [INFO] [1788459339.864606409] [cite.cell_a.arm_1.gz_ros_control]: 		 velocity
[gz-1] [INFO] [1788459339.864609075] [cite.cell_a.arm_1.gz_ros_control]: 	Command:
[gz-1] [INFO] [1788459339.864611478] [cite.cell_a.arm_1.gz_ros_control]: 		 position
[gz-1] [INFO] [1788459339.864616622] [cite.cell_a.arm_1.gz_ros_control]: 		 velocity
[gz-1] [INFO] [1788459339.864642473] [cite.cell_a.arm_1.controller_manager]: Initialize hardware 'arm_1_gz_ros2_control/GazeboSimSystem' 
[gz-1] [WARN] [1788459339.864651644] [cite.cell_a.arm_1.controller_manager.hardware_component.system.arm_1_gz_ros2_control/GazeboSimSystem]: Executor is not available during hardware component initialization for 'arm_1_gz_ros2_control/GazeboSimSystem'. Skipping node creation!
[gz-1] [INFO] [1788459339.864682748] [cite.cell_a.arm_1.controller_manager]: Successful initialization of hardware 'arm_1_gz_ros2_control/GazeboSimSystem'
[gz-1] [INFO] [1788459339.864784698] [cite.cell_a.arm_1.gz_ros_control]: The position_proportional_gain has been set to: 0.1
[gz-1] [INFO] [1788459339.864799070] [cite.cell_a.arm_1.gz_ros_control]: Loading joint: arm_1_drive_joint
[gz-1] [INFO] [1788459339.864804870] [cite.cell_a.arm_1.gz_ros_control]: 	State:
[gz-1] [INFO] [1788459339.864809567] [cite.cell_a.arm_1.gz_ros_control]: 		 position
[gz-1] [INFO] [1788459339.864814458] [cite.cell_a.arm_1.gz_ros_control]: 		 velocity
[gz-1] [INFO] [1788459339.864821970] [cite.cell_a.arm_1.gz_ros_control]: 	Command:
[gz-1] [INFO] [1788459339.864824922] [cite.cell_a.arm_1.gz_ros_control]: 		 position
[gz-1] [INFO] [1788459339.864830159] [cite.cell_a.arm_1.gz_ros_control]: 		 velocity
[gz-1] [INFO] [1788459339.864837681] [cite.cell_a.arm_1.gz_ros_control]: Loading joint: arm_1_left_finger_joint
[gz-1] [INFO] [1788459339.864842070] [cite.cell_a.arm_1.gz_ros_control]: Joint 'arm_1_left_finger_joint'is mimicking joint 'arm_1_drive_joint' with multiplier: 1 and offset: 0
[gz-1] [INFO] [1788459339.864845309] [cite.cell_a.arm_1.gz_ros_control]: 	State:
[gz-1] [INFO] [1788459339.864848024] [cite.cell_a.arm_1.gz_ros_control]: 		 position
[gz-1] [INFO] [1788459339.864851584] [cite.cell_a.arm_1.gz_ros_control]: 		 velocity
[gz-1] [INFO] [1788459339.864854306] [cite.cell_a.arm_1.gz_ros_control]: 	Command:
[gz-1] [INFO] [1788459339.864865604] [cite.cell_a.arm_1.gz_ros_control]: Loading joint: arm_1_left_inner_knuckle_joint
[gz-1] [INFO] [1788459339.864869319] [cite.cell_a.arm_1.gz_ros_control]: Joint 'arm_1_left_inner_knuckle_joint'is mimicking joint 'arm_1_drive_joint' with multiplier: 1 and offset: 0
[gz-1] [INFO] [1788459339.864872406] [cite.cell_a.arm_1.gz_ros_control]: 	State:
[gz-1] [INFO] [1788459339.864882352] [cite.cell_a.arm_1.gz_ros_control]: 		 position
[gz-1] [INFO] [1788459339.864886032] [cite.cell_a.arm_1.gz_ros_control]: 		 velocity
[gz-1] [INFO] [1788459339.864888849] [cite.cell_a.arm_1.gz_ros_control]: 	Command:
[gz-1] [INFO] [1788459339.864894492] [cite.cell_a.arm_1.gz_ros_control]: Loading joint: arm_1_right_outer_knuckle_joint
[gz-1] [INFO] [1788459339.864898402] [cite.cell_a.arm_1.gz_ros_control]: Joint 'arm_1_right_outer_knuckle_joint'is mimicking joint 'arm_1_drive_joint' with multiplier: 1 and offset: 0
[gz-1] [INFO] [1788459339.864901459] [cite.cell_a.arm_1.gz_ros_control]: 	State:
[gz-1] [INFO] [1788459339.864903979] [cite.cell_a.arm_1.gz_ros_control]: 		 position
[gz-1] [INFO] [1788459339.864906704] [cite.cell_a.arm_1.gz_ros_control]: 		 velocity
[gz-1] [INFO] [1788459339.864909238] [cite.cell_a.arm_1.gz_ros_control]: 	Command:
[gz-1] [INFO] [1788459339.864914837] [cite.cell_a.arm_1.gz_ros_control]: Loading joint: arm_1_right_finger_joint
[gz-1] [INFO] [1788459339.864918476] [cite.cell_a.arm_1.gz_ros_control]: Joint 'arm_1_right_finger_joint'is mimicking joint 'arm_1_drive_joint' with multiplier: 1 and offset: 0
[gz-1] [INFO] [1788459339.864921439] [cite.cell_a.arm_1.gz_ros_control]: 	State:
[gz-1] [INFO] [1788459339.864924128] [cite.cell_a.arm_1.gz_ros_control]: 		 position
[gz-1] [INFO] [1788459339.864927550] [cite.cell_a.arm_1.gz_ros_control]: 		 velocity
[gz-1] [INFO] [1788459339.864932655] [cite.cell_a.arm_1.gz_ros_control]: 	Command:
[gz-1] [INFO] [1788459339.864940708] [cite.cell_a.arm_1.gz_ros_control]: Loading joint: arm_1_right_inner_knuckle_joint
[gz-1] [INFO] [1788459339.864946444] [cite.cell_a.arm_1.gz_ros_control]: Joint 'arm_1_right_inner_knuckle_joint'is mimicking joint 'arm_1_drive_joint' with multiplier: 1 and offset: 0
[gz-1] [INFO] [1788459339.864951282] [cite.cell_a.arm_1.gz_ros_control]: 	State:
[gz-1] [INFO] [1788459339.864955585] [cite.cell_a.arm_1.gz_ros_control]: 		 position
[gz-1] [INFO] [1788459339.864959744] [cite.cell_a.arm_1.gz_ros_control]: 		 velocity
[gz-1] [INFO] [1788459339.864963655] [cite.cell_a.arm_1.gz_ros_control]: 	Command:
[gz-1] [INFO] [1788459339.864986409] [cite.cell_a.arm_1.controller_manager]: Initialize hardware 'arm_1_XArmGripperSystem' 
[gz-1] [WARN] [1788459339.864995898] [cite.cell_a.arm_1.controller_manager.hardware_component.system.arm_1_XArmGripperSystem]: Executor is not available during hardware component initialization for 'arm_1_XArmGripperSystem'. Skipping node creation!
[gz-1] [INFO] [1788459339.865019655] [cite.cell_a.arm_1.controller_manager]: Successful initialization of hardware 'arm_1_XArmGripperSystem'
[gz-1] [INFO] [1788459339.865166796] [cite.cell_a.arm_1.controller_manager]: Activating component 'arm_1_XArmGripperSystem'.
[gz-1] [INFO] [1788459339.865177861] [resource_manager]: 'configure' hardware 'arm_1_XArmGripperSystem' 
[gz-1] [INFO] [1788459339.865181393] [cite.cell_a.arm_1.gz_ros_control]: System Successfully configured!
[gz-1] [INFO] [1788459339.865187834] [resource_manager]: Successful 'configure' of hardware 'arm_1_XArmGripperSystem'
[gz-1] [INFO] [1788459339.865192101] [resource_manager]: 'activate' hardware 'arm_1_XArmGripperSystem' 
[gz-1] [INFO] [1788459339.865196503] [resource_manager]: Successful 'activate' of hardware 'arm_1_XArmGripperSystem'
[gz-1] [INFO] [1788459339.865214693] [cite.cell_a.arm_1.controller_manager]: Activating component 'arm_1_gz_ros2_control/GazeboSimSystem'.
[gz-1] [INFO] [1788459339.865220377] [resource_manager]: 'configure' hardware 'arm_1_gz_ros2_control/GazeboSimSystem' 
[gz-1] [INFO] [1788459339.865222923] [cite.cell_a.arm_1.gz_ros_control]: System Successfully configured!
[gz-1] [INFO] [1788459339.865228758] [resource_manager]: Successful 'configure' of hardware 'arm_1_gz_ros2_control/GazeboSimSystem'
[gz-1] [INFO] [1788459339.865233191] [resource_manager]: 'activate' hardware 'arm_1_gz_ros2_control/GazeboSimSystem' 
[gz-1] [INFO] [1788459339.865236956] [resource_manager]: Successful 'activate' of hardware 'arm_1_gz_ros2_control/GazeboSimSystem'
[gz-1] [WARN] [1788459339.865250720] [cite.cell_a.arm_1.controller_manager]: Component 'arm_1_XArmGripperSystem' does not have read or write statistics initialized, skipping registration.
[gz-1] [WARN] [1788459339.865256373] [cite.cell_a.arm_1.controller_manager]: Component 'arm_1_gz_ros2_control/GazeboSimSystem' does not have read or write statistics initialized, skipping registration.
[gz-1] [INFO] [1788459339.865271878] [cite.cell_a.arm_1.controller_manager]: Resource Manager has been successfully initialized. Starting Controller Manager services...
[gz-1] [INFO] [1788459339.899115800] [cite.cell_a.arm_1.controller_manager]: Loading controller : 'arm_1_joint_state_broadcaster' of type 'joint_state_broadcaster/JointStateBroadcaster'
[gz-1] [INFO] [1788459339.899147249] [cite.cell_a.arm_1.controller_manager]: Loading controller 'arm_1_joint_state_broadcaster'
[gz-1] [INFO] [1788459339.903216290] [cite.cell_a.arm_1.controller_manager]: Controller 'arm_1_joint_state_broadcaster' node arguments: --ros-args --params-file /workspace/workspace/install/cite_generated/share/cite_generated/control/cell_a_arm_1_controllers.yaml -p use_sim_time:=true --param use_sim_time:=true 
[spawner-14] [INFO] [1788459339.915344957] [spawn_arm_1_stage0]: Loaded arm_1_joint_state_broadcaster
[gz-1] [INFO] [1788459339.916433775] [cite.cell_a.arm_1.controller_manager]: Configuring controller: 'arm_1_joint_state_broadcaster'
[gz-1] [INFO] [1788459339.916628323] [cite.cell_a.arm_1.arm_1_joint_state_broadcaster]: 'joints' or 'interfaces' parameter is empty. All available state interfaces will be published
[gz-1] [INFO] [1788459339.926143536] [cite.cell_a.arm_1.controller_manager]: Activating controllers: [ arm_1_joint_state_broadcaster ]
[gz-1] [1;31m[Err] [Physics.cc:1808] [0m[1;31mAttempting to create a mimic constraint for joint [[0m[1;31marm_2_left_finger_joint[0m[1;31m] but the chosen physics engine does not support [0m[1;31mmimic constraints, so no constraint will be [0m[1;31mcreated.[0m[1;31m[0m
[detection_server-18] [INFO] [1788459341.890118038] [cite.cell_a.detection.detection_server]: 'beam_c3_out' first reported CLEAR
[detection_server-18] [INFO] [1788459341.890227100] [cite.cell_a.detection.detection_server]: 'beam_pick' first reported CLEAR
[detection_server-18] [INFO] [1788459341.890307508] [cite.cell_a.detection.detection_server]: 'beam_c2_out' first reported CLEAR
[detection_server-18] [INFO] [1788459341.890320955] [cite.cell_a.detection.detection_server]: 'beam_c1_out' first reported CLEAR
[gz-1] [WARN] [1788459341.892536299] [cite.cell_a.arm_2.gz_ros_control]:  Desired controller update period (0.00666667 s) is slower than the gazebo simulation period (0.001 s).
[gz-1] [WARN] [1788459341.892689639] [cite.cell_a.arm_3.gz_ros_control]:  Desired controller update period (0.00666667 s) is slower than the gazebo simulation period (0.001 s).
[gz-1] [WARN] [1788459341.892755944] [cite.cell_a.arm_1.gz_ros_control]:  Desired controller update period (0.00666667 s) is slower than the gazebo simulation period (0.001 s).
[gz-1] [INFO] [1788459341.898604214] [cite.cell_a.arm_1.controller_manager]: Successfully switched controllers!
[spawner-14] [INFO] [1788459341.906461730] [spawn_arm_1_stage0]: Configured and activated arm_1_joint_state_broadcaster
[INFO] [spawner-14]: process has finished cleanly [pid 124]
[INFO] [spawner-19]: process started with pid [597]
[spawner-19] [INFO] [1788459342.388778572] [spawn_arm_1_stage1]: waiting for service /cite/cell_a/arm_1/controller_manager/list_controllers to become available...
[gz-1] [INFO] [1788459345.141858082] [cite.cell_a.arm_1.controller_manager]: Loading controller : 'arm_1_gripper_controller' of type 'position_controllers/GripperActionController'
[gz-1] [INFO] [1788459345.141894345] [cite.cell_a.arm_1.controller_manager]: Loading controller 'arm_1_gripper_controller'
[gz-1] [INFO] [1788459345.144591822] [cite.cell_a.arm_1.controller_manager]: Controller 'arm_1_gripper_controller' node arguments: --ros-args --params-file /workspace/workspace/install/cite_generated/share/cite_generated/control/cell_a_arm_1_controllers.yaml -p use_sim_time:=true --param use_sim_time:=true 
[gz-1] [WARN] [1788459345.156785122] [cite.cell_a.arm_1.arm_1_gripper_controller]: [Deprecated]: the `position_controllers/GripperActionController` and `effort_controllers::GripperActionController` controllers are replaced by 'parallel_gripper_controllers/GripperActionController' controller
[spawner-19] [INFO] [1788459345.161581440] [spawn_arm_1_stage1]: Loaded arm_1_gripper_controller
[gz-1] [INFO] [1788459345.162930917] [cite.cell_a.arm_1.controller_manager]: Configuring controller: 'arm_1_gripper_controller'
[gz-1] [INFO] [1788459345.163000806] [cite.cell_a.arm_1.arm_1_gripper_controller]: Action status changes will be monitored at 20.000000 Hz.
[gz-1] [INFO] [1788459345.168776740] [cite.cell_a.arm_1.controller_manager]: Activating controllers: [ arm_1_gripper_controller ]
[gz-1] [INFO] [1788459345.179073363] [cite.cell_a.arm_1.controller_manager]: Successfully switched controllers!
[spawner-19] [INFO] [1788459345.186797740] [spawn_arm_1_stage1]: Configured and activated arm_1_gripper_controller
[gz-1] [INFO] [1788459345.187526039] [cite.cell_a.arm_1.controller_manager]: Loading controller : 'arm_1_joint_trajectory_controller' of type 'joint_trajectory_controller/JointTrajectoryController'
[gz-1] [INFO] [1788459345.187548325] [cite.cell_a.arm_1.controller_manager]: Loading controller 'arm_1_joint_trajectory_controller'
[gz-1] [INFO] [1788459345.191071826] [cite.cell_a.arm_1.controller_manager]: Controller 'arm_1_joint_trajectory_controller' node arguments: --ros-args --params-file /workspace/workspace/install/cite_generated/share/cite_generated/control/cell_a_arm_1_controllers.yaml -p use_sim_time:=true --param use_sim_time:=true 
[spawner-19] [INFO] [1788459345.218631487] [spawn_arm_1_stage1]: Loaded arm_1_joint_trajectory_controller
[gz-1] [INFO] [1788459345.219051323] [cite.cell_a.arm_1.controller_manager]: Configuring controller: 'arm_1_joint_trajectory_controller'
[gz-1] [INFO] [1788459345.219225021] [cite.cell_a.arm_1.arm_1_joint_trajectory_controller]: No specific joint names are used for command interfaces. Using 'joints' parameter.
[gz-1] [INFO] [1788459345.219250478] [cite.cell_a.arm_1.arm_1_joint_trajectory_controller]: Command interfaces are [position] and state interfaces are [position velocity].
[gz-1] [INFO] [1788459345.219288387] [cite.cell_a.arm_1.arm_1_joint_trajectory_controller]: Using 'splines' interpolation method.
[gz-1] [INFO] [1788459345.222222648] [cite.cell_a.arm_1.arm_1_joint_trajectory_controller]: Action status changes will be monitored at 20.00 Hz.
[gz-1] [INFO] [1788459345.228024150] [cite.cell_a.arm_1.arm_1_joint_trajectory_controller]: Setting initial scaling factor to 1.000000
[gz-1] [INFO] [1788459345.228052156] [cite.cell_a.arm_1.arm_1_joint_trajectory_controller]: No scaling interface set. This controller will not read speed scaling from the hardware.
[gz-1] [INFO] [1788459345.231542221] [cite.cell_a.arm_1.controller_manager]: Activating controllers: [ arm_1_joint_trajectory_controller ]
[gz-1] [INFO] [1788459345.238073681] [cite.cell_a.arm_1.controller_manager]: Successfully switched controllers!
[spawner-19] [INFO] [1788459345.245875035] [spawn_arm_1_stage1]: Configured and activated arm_1_joint_trajectory_controller
[INFO] [spawner-19]: process has finished cleanly [pid 597]
[INFO] [spawner-20]: process started with pid [615]
[spawner-20] [INFO] [1788459345.728917149] [spawn_arm_2_stage0]: waiting for service /cite/cell_a/arm_2/controller_manager/list_controllers to become available...
[gz-1] [INFO] [1788459347.982183009] [cite.cell_a.arm_2.controller_manager]: Loading controller : 'arm_2_joint_state_broadcaster' of type 'joint_state_broadcaster/JointStateBroadcaster'
[gz-1] [INFO] [1788459347.982222850] [cite.cell_a.arm_2.controller_manager]: Loading controller 'arm_2_joint_state_broadcaster'
[gz-1] [INFO] [1788459347.983195936] [cite.cell_a.arm_2.controller_manager]: Controller 'arm_2_joint_state_broadcaster' node arguments: --ros-args --params-file /workspace/workspace/install/cite_generated/share/cite_generated/control/cell_a_arm_2_controllers.yaml -p use_sim_time:=true --param use_sim_time:=true 
[spawner-20] [INFO] [1788459348.004067680] [spawn_arm_2_stage0]: Loaded arm_2_joint_state_broadcaster
[gz-1] [INFO] [1788459348.005497731] [cite.cell_a.arm_2.controller_manager]: Configuring controller: 'arm_2_joint_state_broadcaster'
[gz-1] [INFO] [1788459348.005562656] [cite.cell_a.arm_2.arm_2_joint_state_broadcaster]: 'joints' or 'interfaces' parameter is empty. All available state interfaces will be published
[gz-1] [INFO] [1788459348.011280120] [cite.cell_a.arm_2.controller_manager]: Activating controllers: [ arm_2_joint_state_broadcaster ]
[gz-1] [INFO] [1788459348.016971118] [cite.cell_a.arm_2.controller_manager]: Successfully switched controllers!
[spawner-20] [INFO] [1788459348.025096772] [spawn_arm_2_stage0]: Configured and activated arm_2_joint_state_broadcaster
[INFO] [spawner-20]: process has finished cleanly [pid 615]
[INFO] [spawner-21]: process started with pid [633]
[spawner-21] [INFO] [1788459348.511914770] [spawn_arm_2_stage1]: waiting for service /cite/cell_a/arm_2/controller_manager/list_controllers to become available...
[gz-1] [INFO] [1788459351.265254989] [cite.cell_a.arm_2.controller_manager]: Loading controller : 'arm_2_gripper_controller' of type 'position_controllers/GripperActionController'
[gz-1] [INFO] [1788459351.265293497] [cite.cell_a.arm_2.controller_manager]: Loading controller 'arm_2_gripper_controller'
[gz-1] [INFO] [1788459351.265762657] [cite.cell_a.arm_2.controller_manager]: Controller 'arm_2_gripper_controller' node arguments: --ros-args --params-file /workspace/workspace/install/cite_generated/share/cite_generated/control/cell_a_arm_2_controllers.yaml -p use_sim_time:=true --param use_sim_time:=true 
[gz-1] [WARN] [1788459351.279201781] [cite.cell_a.arm_2.arm_2_gripper_controller]: [Deprecated]: the `position_controllers/GripperActionController` and `effort_controllers::GripperActionController` controllers are replaced by 'parallel_gripper_controllers/GripperActionController' controller
[spawner-21] [INFO] [1788459351.287237202] [spawn_arm_2_stage1]: Loaded arm_2_gripper_controller
[gz-1] [INFO] [1788459351.288541255] [cite.cell_a.arm_2.controller_manager]: Configuring controller: 'arm_2_gripper_controller'
[gz-1] [INFO] [1788459351.288594044] [cite.cell_a.arm_2.arm_2_gripper_controller]: Action status changes will be monitored at 20.000000 Hz.
[gz-1] [INFO] [1788459351.294511784] [cite.cell_a.arm_2.controller_manager]: Activating controllers: [ arm_2_gripper_controller ]
[gz-1] [INFO] [1788459351.303027704] [cite.cell_a.arm_2.controller_manager]: Successfully switched controllers!
[spawner-21] [INFO] [1788459351.310703775] [spawn_arm_2_stage1]: Configured and activated arm_2_gripper_controller
[gz-1] [INFO] [1788459351.311468535] [cite.cell_a.arm_2.controller_manager]: Loading controller : 'arm_2_joint_trajectory_controller' of type 'joint_trajectory_controller/JointTrajectoryController'
[gz-1] [INFO] [1788459351.311490992] [cite.cell_a.arm_2.controller_manager]: Loading controller 'arm_2_joint_trajectory_controller'
[gz-1] [INFO] [1788459351.311958843] [cite.cell_a.arm_2.controller_manager]: Controller 'arm_2_joint_trajectory_controller' node arguments: --ros-args --params-file /workspace/workspace/install/cite_generated/share/cite_generated/control/cell_a_arm_2_controllers.yaml -p use_sim_time:=true --param use_sim_time:=true 
[spawner-21] [INFO] [1788459351.342079709] [spawn_arm_2_stage1]: Loaded arm_2_joint_trajectory_controller
[gz-1] [INFO] [1788459351.342423368] [cite.cell_a.arm_2.controller_manager]: Configuring controller: 'arm_2_joint_trajectory_controller'
[gz-1] [INFO] [1788459351.342594188] [cite.cell_a.arm_2.arm_2_joint_trajectory_controller]: No specific joint names are used for command interfaces. Using 'joints' parameter.
[gz-1] [INFO] [1788459351.342612490] [cite.cell_a.arm_2.arm_2_joint_trajectory_controller]: Command interfaces are [position] and state interfaces are [position velocity].
[gz-1] [INFO] [1788459351.342619009] [cite.cell_a.arm_2.arm_2_joint_trajectory_controller]: Using 'splines' interpolation method.
[gz-1] [INFO] [1788459351.344477795] [cite.cell_a.arm_2.arm_2_joint_trajectory_controller]: Action status changes will be monitored at 20.00 Hz.
[gz-1] [INFO] [1788459351.349579653] [cite.cell_a.arm_2.arm_2_joint_trajectory_controller]: Setting initial scaling factor to 1.000000
[gz-1] [INFO] [1788459351.349605722] [cite.cell_a.arm_2.arm_2_joint_trajectory_controller]: No scaling interface set. This controller will not read speed scaling from the hardware.
[gz-1] [INFO] [1788459351.355281739] [cite.cell_a.arm_2.controller_manager]: Activating controllers: [ arm_2_joint_trajectory_controller ]
[gz-1] [INFO] [1788459351.361413707] [cite.cell_a.arm_2.controller_manager]: Successfully switched controllers!
[spawner-21] [INFO] [1788459351.369409580] [spawn_arm_2_stage1]: Configured and activated arm_2_joint_trajectory_controller
[INFO] [spawner-21]: process has finished cleanly [pid 633]
[INFO] [spawner-22]: process started with pid [658]
[spawner-22] [INFO] [1788459351.964119434] [spawn_arm_3_stage0]: waiting for service /cite/cell_a/arm_3/controller_manager/list_controllers to become available...
[gz-1] [INFO] [1788459353.467251657] [cite.cell_a.arm_3.controller_manager]: Loading controller : 'arm_3_joint_state_broadcaster' of type 'joint_state_broadcaster/JointStateBroadcaster'
[gz-1] [INFO] [1788459353.467287649] [cite.cell_a.arm_3.controller_manager]: Loading controller 'arm_3_joint_state_broadcaster'
[gz-1] [INFO] [1788459353.468419231] [cite.cell_a.arm_3.controller_manager]: Controller 'arm_3_joint_state_broadcaster' node arguments: --ros-args --params-file /workspace/workspace/install/cite_generated/share/cite_generated/control/cell_a_arm_3_controllers.yaml -p use_sim_time:=true --param use_sim_time:=true 
[spawner-22] [INFO] [1788459353.487239939] [spawn_arm_3_stage0]: Loaded arm_3_joint_state_broadcaster
[gz-1] [INFO] [1788459353.488926574] [cite.cell_a.arm_3.controller_manager]: Configuring controller: 'arm_3_joint_state_broadcaster'
[gz-1] [INFO] [1788459353.488998299] [cite.cell_a.arm_3.arm_3_joint_state_broadcaster]: 'joints' or 'interfaces' parameter is empty. All available state interfaces will be published
[gz-1] [INFO] [1788459353.494480668] [cite.cell_a.arm_3.controller_manager]: Activating controllers: [ arm_3_joint_state_broadcaster ]
[gz-1] [INFO] [1788459353.499620627] [cite.cell_a.arm_3.controller_manager]: Successfully switched controllers!
[spawner-22] [INFO] [1788459353.507473426] [spawn_arm_3_stage0]: Configured and activated arm_3_joint_state_broadcaster
[INFO] [spawner-22]: process has finished cleanly [pid 658]
[INFO] [spawner-23]: process started with pid [676]
[spawner-23] [INFO] [1788459354.021719879] [spawn_arm_3_stage1]: waiting for service /cite/cell_a/arm_3/controller_manager/list_controllers to become available...
[gz-1] [INFO] [1788459357.025121304] [cite.cell_a.arm_3.controller_manager]: Loading controller : 'arm_3_gripper_controller' of type 'position_controllers/GripperActionController'
[gz-1] [INFO] [1788459357.025162810] [cite.cell_a.arm_3.controller_manager]: Loading controller 'arm_3_gripper_controller'
[gz-1] [INFO] [1788459357.025668418] [cite.cell_a.arm_3.controller_manager]: Controller 'arm_3_gripper_controller' node arguments: --ros-args --params-file /workspace/workspace/install/cite_generated/share/cite_generated/control/cell_a_arm_3_controllers.yaml -p use_sim_time:=true --param use_sim_time:=true 
[gz-1] [WARN] [1788459357.040203833] [cite.cell_a.arm_3.arm_3_gripper_controller]: [Deprecated]: the `position_controllers/GripperActionController` and `effort_controllers::GripperActionController` controllers are replaced by 'parallel_gripper_controllers/GripperActionController' controller
[spawner-23] [INFO] [1788459357.045071083] [spawn_arm_3_stage1]: Loaded arm_3_gripper_controller
[gz-1] [INFO] [1788459357.046551556] [cite.cell_a.arm_3.controller_manager]: Configuring controller: 'arm_3_gripper_controller'
[gz-1] [INFO] [1788459357.046613206] [cite.cell_a.arm_3.arm_3_gripper_controller]: Action status changes will be monitored at 20.000000 Hz.
[gz-1] [INFO] [1788459357.051904507] [cite.cell_a.arm_3.controller_manager]: Activating controllers: [ arm_3_gripper_controller ]
[gz-1] [INFO] [1788459357.061039381] [cite.cell_a.arm_3.controller_manager]: Successfully switched controllers!
[spawner-23] [INFO] [1788459357.069074464] [spawn_arm_3_stage1]: Configured and activated arm_3_gripper_controller
[gz-1] [INFO] [1788459357.069880380] [cite.cell_a.arm_3.controller_manager]: Loading controller : 'arm_3_joint_trajectory_controller' of type 'joint_trajectory_controller/JointTrajectoryController'
[gz-1] [INFO] [1788459357.069909478] [cite.cell_a.arm_3.controller_manager]: Loading controller 'arm_3_joint_trajectory_controller'
[gz-1] [INFO] [1788459357.070533222] [cite.cell_a.arm_3.controller_manager]: Controller 'arm_3_joint_trajectory_controller' node arguments: --ros-args --params-file /workspace/workspace/install/cite_generated/share/cite_generated/control/cell_a_arm_3_controllers.yaml -p use_sim_time:=true --param use_sim_time:=true 
[spawner-23] [INFO] [1788459357.101608265] [spawn_arm_3_stage1]: Loaded arm_3_joint_trajectory_controller
[gz-1] [INFO] [1788459357.101972124] [cite.cell_a.arm_3.controller_manager]: Configuring controller: 'arm_3_joint_trajectory_controller'
[gz-1] [INFO] [1788459357.102112355] [cite.cell_a.arm_3.arm_3_joint_trajectory_controller]: No specific joint names are used for command interfaces. Using 'joints' parameter.
[gz-1] [INFO] [1788459357.102126316] [cite.cell_a.arm_3.arm_3_joint_trajectory_controller]: Command interfaces are [position] and state interfaces are [position velocity].
[gz-1] [INFO] [1788459357.102133263] [cite.cell_a.arm_3.arm_3_joint_trajectory_controller]: Using 'splines' interpolation method.
[gz-1] [INFO] [1788459357.104021124] [cite.cell_a.arm_3.arm_3_joint_trajectory_controller]: Action status changes will be monitored at 20.00 Hz.
[gz-1] [INFO] [1788459357.109612160] [cite.cell_a.arm_3.arm_3_joint_trajectory_controller]: Setting initial scaling factor to 1.000000
[gz-1] [INFO] [1788459357.109638494] [cite.cell_a.arm_3.arm_3_joint_trajectory_controller]: No scaling interface set. This controller will not read speed scaling from the hardware.
[gz-1] [INFO] [1788459357.115189663] [cite.cell_a.arm_3.controller_manager]: Activating controllers: [ arm_3_joint_trajectory_controller ]
[gz-1] [INFO] [1788459357.121552178] [cite.cell_a.arm_3.controller_manager]: Successfully switched controllers!
[spawner-23] [INFO] [1788459357.129502687] [spawn_arm_3_stage1]: Configured and activated arm_3_joint_trajectory_controller
[INFO] [spawner-23]: process has finished cleanly [pid 676]
[INFO] [planning_scene_loader.py-24]: process started with pid [694]
[planning_scene_loader.py-24] [INFO] [1788459359.139340489] [cite.cell_a.arm_1.load_planning_scene_arm_1]: loaded 12 collision object(s) for zone 'cell_a' in cite_world
[INFO] [planning_scene_loader.py-24]: process has finished cleanly [pid 694]
[INFO] [planning_scene_loader.py-25]: process started with pid [709]
[planning_scene_loader.py-25] [INFO] [1788459362.161748395] [cite.cell_a.arm_2.load_planning_scene_arm_2]: loaded 12 collision object(s) for zone 'cell_a' in cite_world
[INFO] [planning_scene_loader.py-25]: process has finished cleanly [pid 709]
[INFO] [planning_scene_loader.py-26]: process started with pid [730]
[planning_scene_loader.py-26] [INFO] [1788459364.411542230] [cite.cell_a.arm_3.load_planning_scene_arm_3]: loaded 12 collision object(s) for zone 'cell_a' in cite_world
[INFO] [planning_scene_loader.py-26]: process has finished cleanly [pid 730]
[INFO] [skill_server-27]: process started with pid [751]
[INFO] [skill_server-28]: process started with pid [752]
[INFO] [skill_server-29]: process started with pid [753]
[INFO] [readiness_witness.py-30]: process started with pid [754]
[skill_server-27] [WARN] [1788459365.478394346] [rcl.logging_rosout]: Publisher already registered for node name: 'skill_server'. If this is due to multiple nodes with the same name then all logs for the logger named 'cite.cell_a.arm_1.skill_server' will go out over the existing publisher. As soon as any node with that name is destructed it will unregister the publisher, preventing any further logs for that name from being published on the rosout topic.
[skill_server-29] [WARN] [1788459365.483538969] [rcl.logging_rosout]: Publisher already registered for node name: 'skill_server'. If this is due to multiple nodes with the same name then all logs for the logger named 'cite.cell_a.arm_3.skill_server' will go out over the existing publisher. As soon as any node with that name is destructed it will unregister the publisher, preventing any further logs for that name from being published on the rosout topic.
[skill_server-28] [WARN] [1788459365.484160837] [rcl.logging_rosout]: Publisher already registered for node name: 'skill_server'. If this is due to multiple nodes with the same name then all logs for the logger named 'cite.cell_a.arm_2.skill_server' will go out over the existing publisher. As soon as any node with that name is destructed it will unregister the publisher, preventing any further logs for that name from being published on the rosout topic.
[skill_server-27] [INFO] [1788459365.487733030] [cite.cell_a.arm_1.skill_server.moveit.ros.rdf_loader]: Loaded robot model in 0 seconds
[skill_server-27] [INFO] [1788459365.488338716] [cite.cell_a.arm_1.skill_server.moveit.core.robot_model]: Loading robot model 'arm_1'...
[skill_server-27] [INFO] [1788459365.488362158] [cite.cell_a.arm_1.skill_server.moveit.core.robot_model]: No root/virtual joint specified in SRDF. Assuming fixed joint
[skill_server-28] [INFO] [1788459365.498574065] [cite.cell_a.arm_2.skill_server.moveit.ros.rdf_loader]: Loaded robot model in 0 seconds
[skill_server-28] [INFO] [1788459365.498653684] [cite.cell_a.arm_2.skill_server.moveit.core.robot_model]: Loading robot model 'arm_2'...
[skill_server-28] [INFO] [1788459365.498664564] [cite.cell_a.arm_2.skill_server.moveit.core.robot_model]: No root/virtual joint specified in SRDF. Assuming fixed joint
[skill_server-29] [INFO] [1788459365.498668602] [cite.cell_a.arm_3.skill_server.moveit.ros.rdf_loader]: Loaded robot model in 0 seconds
[skill_server-29] [INFO] [1788459365.498738943] [cite.cell_a.arm_3.skill_server.moveit.core.robot_model]: Loading robot model 'arm_3'...
[skill_server-29] [INFO] [1788459365.498749421] [cite.cell_a.arm_3.skill_server.moveit.core.robot_model]: No root/virtual joint specified in SRDF. Assuming fixed joint
[skill_server-27] [INFO] [1788459365.505394114] [cite.cell_a.arm_1.skill_server.moveit.kinematics.kdl_kinematics_plugin]: Joint weights for group 'arm_1_xarm5': 1 1 1 1 1
[skill_server-28] [INFO] [1788459365.511873766] [cite.cell_a.arm_2.skill_server.moveit.kinematics.kdl_kinematics_plugin]: Joint weights for group 'arm_2_xarm5': 1 1 1 1 1
[skill_server-29] [INFO] [1788459365.512385195] [cite.cell_a.arm_3.skill_server.moveit.kinematics.kdl_kinematics_plugin]: Joint weights for group 'arm_3_xarm5': 1 1 1 1 1
[readiness_witness.py-30] [INFO] [1788459365.955791752] [readiness_witness]: waiting for 16 action server(s) on side 'plant'
[skill_server-28] [INFO] [1788459367.993180535] [cite.cell_a.arm_2.skill_server.moveit.ros.move_group_interface]: Ready to take commands for planning group arm_2_xarm5.
[skill_server-28] [INFO] [1788459367.993219995] [cite.cell_a.arm_2.skill_server]: planning for group 'arm_2_xarm5' with end effector 'arm_2_link_tcp' (planning frame 'arm_2_mount')
[skill_server-28] [INFO] [1788459367.993225700] [cite.cell_a.arm_2.skill_server]: planner: pilz_industrial_motion_planner/PTP, falling back to ompl (its own default planner) (ADR-0027)
[skill_server-28] [INFO] [1788459368.022282420] [cite.cell_a.arm_2.skill_server]: skills for arm_2 are accepting goals
[skill_server-27] [INFO] [1788459368.100389551] [cite.cell_a.arm_1.skill_server.moveit.ros.move_group_interface]: Ready to take commands for planning group arm_1_xarm5.
[skill_server-27] [INFO] [1788459368.100427885] [cite.cell_a.arm_1.skill_server]: planning for group 'arm_1_xarm5' with end effector 'arm_1_link_tcp' (planning frame 'arm_1_mount')
[skill_server-27] [INFO] [1788459368.100433596] [cite.cell_a.arm_1.skill_server]: planner: pilz_industrial_motion_planner/PTP, falling back to ompl (its own default planner) (ADR-0027)
[skill_server-27] [INFO] [1788459368.128569604] [cite.cell_a.arm_1.skill_server]: skills for arm_1 are accepting goals
[skill_server-29] [INFO] [1788459368.215731600] [cite.cell_a.arm_3.skill_server.moveit.ros.move_group_interface]: Ready to take commands for planning group arm_3_xarm5.
[skill_server-29] [INFO] [1788459368.215783399] [cite.cell_a.arm_3.skill_server]: planning for group 'arm_3_xarm5' with end effector 'arm_3_link_tcp' (planning frame 'arm_3_mount')
[skill_server-29] [INFO] [1788459368.215799262] [cite.cell_a.arm_3.skill_server]: planner: pilz_industrial_motion_planner/PTP, falling back to ompl (its own default planner) (ADR-0027)
[skill_server-29] [INFO] [1788459368.242139967] [cite.cell_a.arm_3.skill_server]: skills for arm_3 are accepting goals
[readiness_witness.py-30] [INFO] [1788459368.294528991] [readiness_witness]: serving: /cite/cell_a/arm_1/move_to
[readiness_witness.py-30] [INFO] [1788459368.300811879] [readiness_witness]: serving: /cite/cell_a/arm_1/pick
[readiness_witness.py-30] [INFO] [1788459368.306547302] [readiness_witness]: serving: /cite/cell_a/arm_1/place
[readiness_witness.py-30] [INFO] [1788459368.313424238] [readiness_witness]: serving: /cite/cell_a/arm_1/grasp
[readiness_witness.py-30] [INFO] [1788459368.320032110] [readiness_witness]: serving: /cite/cell_a/arm_1/transfer
[readiness_witness.py-30] [INFO] [1788459368.325329850] [readiness_witness]: serving: /cite/cell_a/arm_2/move_to
[readiness_witness.py-30] [INFO] [1788459368.331478116] [readiness_witness]: serving: /cite/cell_a/arm_2/pick
[readiness_witness.py-30] [INFO] [1788459368.338592856] [readiness_witness]: serving: /cite/cell_a/arm_2/place
[readiness_witness.py-30] [INFO] [1788459368.344849030] [readiness_witness]: serving: /cite/cell_a/arm_2/grasp
[readiness_witness.py-30] [INFO] [1788459368.350671323] [readiness_witness]: serving: /cite/cell_a/arm_2/transfer
[readiness_witness.py-30] [INFO] [1788459368.357017443] [readiness_witness]: serving: /cite/cell_a/arm_3/move_to
[readiness_witness.py-30] [INFO] [1788459368.362884940] [readiness_witness]: serving: /cite/cell_a/arm_3/pick
[readiness_witness.py-30] [INFO] [1788459368.367846408] [readiness_witness]: serving: /cite/cell_a/arm_3/place
[readiness_witness.py-30] [INFO] [1788459368.373127458] [readiness_witness]: serving: /cite/cell_a/arm_3/grasp
[readiness_witness.py-30] [INFO] [1788459368.378603280] [readiness_witness]: serving: /cite/cell_a/arm_3/transfer
[readiness_witness.py-30] [INFO] [1788459368.383957071] [readiness_witness]: serving: /cite/cell_a/detection/detect
CITE_TIMING {"scenario": "bringup", "test": "test_a_skill_moves_the_arm_to_its_home_configuration", "what": "the arm_1 skill server", "ceiling_s": 240.0, "elapsed_s": 37.029, "spins": 37, "monotonic_s": 27388.83}
CITE_TIMING {"scenario": "bringup", "test": "test_a_skill_moves_the_arm_to_its_home_configuration", "what": "the MoveTo goal to be accepted", "ceiling_s": 60.0, "elapsed_s": 0.0, "spins": 1, "monotonic_s": 27388.831}
[skill_server-27] [INFO] [1788459368.524927705] [cite.cell_a.arm_1.skill_server.moveit.ros.move_group_interface]: MoveGroup action client/server ready
[move_group-15] [INFO] [1788459368.525356383] [cite.cell_a.arm_1.move_group.moveit.ros.move_group.move_action]: MoveGroupMoveAction: Received request
[skill_server-27] [INFO] [1788459368.525524897] [cite.cell_a.arm_1.skill_server.moveit.ros.move_group_interface]: Planning request accepted
[move_group-15] [INFO] [1788459368.525625782] [cite.cell_a.arm_1.move_group.moveit.ros.move_group.move_action]: executing..
[move_group-15] [INFO] [1788459368.525897631] [cite.cell_a.arm_1.move_group.moveit.ros.move_group.move_action]: Planning request received for MoveGroup action. Forwarding to planning pipeline.
[move_group-15] [INFO] [1788459368.525923861] [cite.cell_a.arm_1.move_group.moveit.ros.move_group.capability]: Using planning pipeline 'pilz_industrial_motion_planner'
[move_group-15] [INFO] [1788459368.526144154] [cite.cell_a.arm_1.move_group]: Calling PlanningRequestAdapter 'ResolveConstraintFrames'
[move_group-15] [INFO] [1788459368.526178007] [cite.cell_a.arm_1.move_group]: Calling PlanningRequestAdapter 'ValidateWorkspaceBounds'
[move_group-15] [WARN] [1788459368.526184881] [cite.cell_a.arm_1.move_group.moveit.ros.validate_workspace_bounds]: It looks like the planning volume was not specified. Using default values.
[move_group-15] [INFO] [1788459368.526195686] [cite.cell_a.arm_1.move_group]: Calling PlanningRequestAdapter 'CheckStartStateBounds'
[move_group-15] [INFO] [1788459368.526219760] [cite.cell_a.arm_1.move_group]: Calling PlanningRequestAdapter 'CheckStartStateCollision'
[INFO] [readiness_witness.py-30]: process has finished cleanly [pid 754]
[INFO] [launch.user]: CITE_SIDE_READY side=plant zone=cell_a
[move_group-15] [INFO] [1788459368.527742048] [cite.cell_a.arm_1.move_group.moveit.planners.pilz.trajectory_generator.ptp]: Initialized Point-to-Point Trajectory Generator.
[move_group-15] [INFO] [1788459368.527776054] [cite.cell_a.arm_1.move_group]: Calling Planner 'Pilz Industrial Motion Planner'
[move_group-15] [INFO] [1788459368.527803937] [cite.cell_a.arm_1.move_group.moveit.planners.pilz.trajectory_generator]: Generating PTP trajectory...
[move_group-15] [INFO] [1788459368.528366122] [cite.cell_a.arm_1.move_group]: Calling PlanningResponseAdapter 'ValidateSolution'
[move_group-15] [INFO] [1788459368.554304468] [cite.cell_a.arm_1.move_group]: Calling PlanningResponseAdapter 'DisplayMotionPath'
[move_group-15] [INFO] [1788459368.554563418] [cite.cell_a.arm_1.move_group.moveit.ros.move_group.move_action]: Motion plan was computed successfully.
[skill_server-27] [INFO] [1788459368.554905676] [cite.cell_a.arm_1.skill_server.moveit.ros.move_group_interface]: Planning request complete!
[skill_server-27] [INFO] [1788459368.555824680] [cite.cell_a.arm_1.skill_server.moveit.ros.move_group_interface]: time taken to generate plan: 0.000446531 seconds
[move_group-15] [INFO] [1788459368.556360027] [cite.cell_a.arm_1.move_group.moveit.ros.move_group.clear_octomap_service]: Execution request received
[skill_server-27] [INFO] [1788459368.556394046] [cite.cell_a.arm_1.skill_server.moveit.ros.move_group_interface]: Execute request accepted
[move_group-15] [INFO] [1788459368.556401592] [cite.cell_a.arm_1.move_group.moveit.plugins.simple_controller_manager]: Returned 2 controllers in list
[move_group-15] [INFO] [1788459368.556418225] [cite.cell_a.arm_1.move_group.moveit.plugins.simple_controller_manager]: Returned 2 controllers in list
[move_group-15] [INFO] [1788459368.556501205] [cite.cell_a.arm_1.move_group.moveit.ros.trajectory_execution_manager]: Validating trajectory with allowed_start_tolerance 0.01
[move_group-15] [INFO] [1788459368.560556963] [cite.cell_a.arm_1.move_group.moveit.ros.trajectory_execution_manager]: Starting trajectory execution ...
[move_group-15] [INFO] [1788459368.560619556] [cite.cell_a.arm_1.move_group.moveit.plugins.simple_controller_manager]: Returned 2 controllers in list
[move_group-15] [INFO] [1788459368.560646570] [cite.cell_a.arm_1.move_group.moveit.plugins.simple_controller_manager]: Returned 2 controllers in list
[move_group-15] [INFO] [1788459368.561015311] [moveit.simple_controller_manager.follow_joint_trajectory_controller_handle]: sending trajectory to arm_1_joint_trajectory_controller
[gz-1] [INFO] [1788459368.561333204] [cite.cell_a.arm_1.arm_1_joint_trajectory_controller]: Received new action goal
[gz-1] [INFO] [1788459368.561387928] [cite.cell_a.arm_1.arm_1_joint_trajectory_controller]: Accepted new action goal
[move_group-15] [INFO] [1788459368.561504994] [moveit.simple_controller_manager.follow_joint_trajectory_controller_handle]: arm_1_joint_trajectory_controller started execution
[move_group-15] [INFO] [1788459368.561516797] [moveit.simple_controller_manager.follow_joint_trajectory_controller_handle]: Goal request accepted!
[gz-1] [INFO] [1788459374.613113707] [cite.cell_a.arm_1.arm_1_joint_trajectory_controller]: Goal reached, success!
[move_group-15] [INFO] [1788459374.661904129] [moveit.simple_controller_manager.follow_joint_trajectory_controller_handle]: Controller 'arm_1_joint_trajectory_controller' successfully finished
[move_group-15] [INFO] [1788459374.662366988] [cite.cell_a.arm_1.move_group.moveit.ros.trajectory_execution_manager]: Completed trajectory execution with status SUCCEEDED ...
[move_group-15] [INFO] [1788459374.662455227] [cite.cell_a.arm_1.move_group.moveit.ros.move_group.clear_octomap_service]: Execution completed: SUCCEEDED
[skill_server-27] [INFO] [1788459374.662687237] [cite.cell_a.arm_1.skill_server.moveit.ros.move_group_interface]: Execute request success!
[skill_server-27] [INFO] [1788459374.664788377] [cite.cell_a.arm_1.skill_server.moveit.ros.current_state_monitor]: Listening to joint states on topic 'joint_states'
CITE_TIMING {"scenario": "bringup", "test": "test_a_skill_moves_the_arm_to_its_home_configuration", "what": "MoveTo to return a result", "ceiling_s": 120.0, "elapsed_s": 6.145, "spins": 13, "monotonic_s": 27394.976}
ok
test_a_trajectory_executes (bringup.TestCellBringUp.test_a_trajectory_executes)
The arm moves when commanded, through the action the skills will use. ... CITE_TIMING {"scenario": "bringup", "test": "test_a_trajectory_executes", "what": "/cite/cell_a/arm_1/arm_1_joint_trajectory_controller/follow_joint_trajectory", "ceiling_s": 240.0, "elapsed_s": 0.0, "spins": 0, "monotonic_s": 27395.022}
CITE_TIMING {"scenario": "bringup", "test": "test_a_trajectory_executes", "what": "the trajectory goal to be accepted", "ceiling_s": 60.0, "elapsed_s": 0.001, "spins": 1, "monotonic_s": 27395.023}
[gz-1] [INFO] [1788459374.716481491] [cite.cell_a.arm_1.arm_1_joint_trajectory_controller]: Received new action goal
[gz-1] [INFO] [1788459374.716518980] [cite.cell_a.arm_1.arm_1_joint_trajectory_controller]: Accepted new action goal
[gz-1] [INFO] [1788459377.777054860] [cite.cell_a.arm_1.arm_1_joint_trajectory_controller]: Goal reached, success!
CITE_TIMING {"scenario": "bringup", "test": "test_a_trajectory_executes", "what": "the trajectory to return a result", "ceiling_s": 60.0, "elapsed_s": 3.1, "spins": 7, "monotonic_s": 27398.123}
ok
test_every_controller_reaches_active (bringup.TestCellBringUp.test_every_controller_reaches_active)
Bring-up completes, on this machine, without any step being timed. ... CITE_TIMING {"scenario": "bringup", "test": "test_every_controller_reaches_active", "what": "/cite/cell_a/arm_1/controller_manager to appear", "ceiling_s": 240.0, "elapsed_s": 0.0, "spins": 0, "monotonic_s": 27398.136}
CITE_TIMING {"scenario": "bringup", "test": "test_every_controller_reaches_active", "what": "arm_1's controllers to be active", "ceiling_s": 240.0, "elapsed_s": 0.001, "spins": 0, "monotonic_s": 27398.136}
CITE_TIMING {"scenario": "bringup", "test": "test_every_controller_reaches_active", "what": "/cite/cell_a/arm_2/controller_manager to appear", "ceiling_s": 240.0, "elapsed_s": 0.0, "spins": 0, "monotonic_s": 27398.138}
CITE_TIMING {"scenario": "bringup", "test": "test_every_controller_reaches_active", "what": "arm_2's controllers to be active", "ceiling_s": 240.0, "elapsed_s": 0.0, "spins": 0, "monotonic_s": 27398.138}
CITE_TIMING {"scenario": "bringup", "test": "test_every_controller_reaches_active", "what": "/cite/cell_a/arm_3/controller_manager to appear", "ceiling_s": 240.0, "elapsed_s": 0.0, "spins": 0, "monotonic_s": 27398.139}
CITE_TIMING {"scenario": "bringup", "test": "test_every_controller_reaches_active", "what": "arm_3's controllers to be active", "ceiling_s": 240.0, "elapsed_s": 0.0, "spins": 0, "monotonic_s": 27398.14}
ok
test_joint_states_are_actually_delivered (bringup.TestCellBringUp.test_joint_states_are_actually_delivered)
Not that a subscriber exists — that a message ARRIVES. ... CITE_TIMING {"scenario": "bringup", "test": "test_joint_states_are_actually_delivered", "what": "a message on /cite/cell_a/arm_1/joint_states", "ceiling_s": 30.0, "elapsed_s": 0.005, "spins": 3, "monotonic_s": 27398.147}
CITE_TIMING {"scenario": "bringup", "test": "test_joint_states_are_actually_delivered", "what": "a message on /cite/cell_a/arm_2/joint_states", "ceiling_s": 30.0, "elapsed_s": 0.005, "spins": 1, "monotonic_s": 27398.154}
CITE_TIMING {"scenario": "bringup", "test": "test_joint_states_are_actually_delivered", "what": "a message on /cite/cell_a/arm_3/joint_states", "ceiling_s": 30.0, "elapsed_s": 0.005, "spins": 1, "monotonic_s": 27398.161}
ok
test_no_joint_name_is_shared_between_arms (bringup.TestCellBringUp.test_no_joint_name_is_shared_between_arms)
Two instances of one component type must never collide. ... CITE_TIMING {"scenario": "bringup", "test": "test_no_joint_name_is_shared_between_arms", "what": "a message on /cite/cell_a/arm_1/joint_states", "ceiling_s": 30.0, "elapsed_s": 0.005, "spins": 1, "monotonic_s": 27398.168}
CITE_TIMING {"scenario": "bringup", "test": "test_no_joint_name_is_shared_between_arms", "what": "a message on /cite/cell_a/arm_2/joint_states", "ceiling_s": 30.0, "elapsed_s": 0.006, "spins": 1, "monotonic_s": 27398.175}
CITE_TIMING {"scenario": "bringup", "test": "test_no_joint_name_is_shared_between_arms", "what": "a message on /cite/cell_a/arm_3/joint_states", "ceiling_s": 30.0, "elapsed_s": 0.006, "spins": 1, "monotonic_s": 27398.182}
ok
test_station_frames_resolve_against_the_world (bringup.TestCellBringUp.test_station_frames_resolve_against_the_world)
Without this an arm's model is a disconnected TF tree. ... CITE_TIMING {"scenario": "bringup", "test": "test_station_frames_resolve_against_the_world", "what": "a transform from cite_world to cell_a__table_pick__surface", "ceiling_s": 30.0, "elapsed_s": 0.013, "spins": 5, "monotonic_s": 27398.217}
CITE_TIMING {"scenario": "bringup", "test": "test_station_frames_resolve_against_the_world", "what": "a transform from cite_world to cell_a__conveyor_1__infeed", "ceiling_s": 30.0, "elapsed_s": 0.0, "spins": 0, "monotonic_s": 27398.217}
CITE_TIMING {"scenario": "bringup", "test": "test_station_frames_resolve_against_the_world", "what": "a transform from cite_world to arm_1_mount", "ceiling_s": 30.0, "elapsed_s": 0.0, "spins": 0, "monotonic_s": 27398.217}
CITE_TIMING {"scenario": "bringup", "test": "test_station_frames_resolve_against_the_world", "what": "a transform from cite_world to arm_1_link_base", "ceiling_s": 30.0, "elapsed_s": 0.0, "spins": 0, "monotonic_s": 27398.217}
ok
test_the_facility_publishes_its_model_version (bringup.TestCellBringUp.test_the_facility_publishes_its_model_version)
L6 stamps this into every recording. ... CITE_TIMING {"scenario": "bringup", "test": "test_the_facility_publishes_its_model_version", "what": "the model version", "ceiling_s": 30.0, "elapsed_s": 0.01, "spins": 1, "monotonic_s": 27398.228}
ok
test_the_gripper_linkage_is_actually_coupled (bringup.TestCellBringUp.test_the_gripper_linkage_is_actually_coupled)
The five follower joints track `drive_joint`, rather than merely existing. ... CITE_TIMING {"scenario": "bringup", "test": "test_the_gripper_linkage_is_actually_coupled", "what": "/cite/cell_a/arm_1/arm_1_gripper_controller/gripper_cmd", "ceiling_s": 240.0, "elapsed_s": 0.0, "spins": 0, "monotonic_s": 27398.234}
[gz-1] [INFO] [1788459377.928126220] [cite.cell_a.arm_1.arm_1_gripper_controller]: Received & accepted new action goal
CITE_TIMING {"scenario": "bringup", "test": "test_the_gripper_linkage_is_actually_coupled", "what": "the gripper goal to be accepted", "ceiling_s": 60.0, "elapsed_s": 0.001, "spins": 1, "monotonic_s": 27398.235}
[gz-1] [ERROR] [1788459377.931194785] [cite.cell_a.arm_1.controller_manager]: Command of at least one joint is out of limits (throttled log). Joint: 'arm_1_drive_joint', (actual: [Joint: 'arm_1_drive_joint', position: 0.000097, velocity: 0.000000], command: [Joint: 'arm_1_drive_joint', position: 0.400000], limited: [Joint: 'arm_1_drive_joint', position: 0.006764]) with desired period : 0.006667 sec.
CITE_TIMING {"scenario": "bringup", "test": "test_the_gripper_linkage_is_actually_coupled", "what": "the gripper to report a result", "ceiling_s": 60.0, "elapsed_s": 0.55, "spins": 2, "monotonic_s": 27398.785}
CITE_TIMING {"scenario": "bringup", "test": "test_the_gripper_linkage_is_actually_coupled", "what": "a joint state after the gripper closed on /cite/cell_a/arm_1/joint_states", "ceiling_s": 30.0, "elapsed_s": 0.004, "spins": 4, "monotonic_s": 27398.791}
ok

----------------------------------------------------------------------
Ran 8 tests in 47.218s

OK
[INFO] [skill_server-29]: sending signal 'SIGINT' to process[skill_server-29]
[INFO] [skill_server-28]: sending signal 'SIGINT' to process[skill_server-28]
[INFO] [skill_server-27]: sending signal 'SIGINT' to process[skill_server-27]
[INFO] [detection_server-18]: sending signal 'SIGINT' to process[detection_server-18]
[INFO] [move_group-17]: sending signal 'SIGINT' to process[move_group-17]
[INFO] [move_group-16]: sending signal 'SIGINT' to process[move_group-16]
[INFO] [move_group-15]: sending signal 'SIGINT' to process[move_group-15]
[INFO] [topology_server.py-13]: sending signal 'SIGINT' to process[topology_server.py-13]
[INFO] [model_info.py-12]: sending signal 'SIGINT' to process[model_info.py-12]
[INFO] [frame_server.py-11]: sending signal 'SIGINT' to process[frame_server.py-11]
[INFO] [robot_state_publisher-9]: sending signal 'SIGINT' to process[robot_state_publisher-9]
[INFO] [robot_state_publisher-7]: sending signal 'SIGINT' to process[robot_state_publisher-7]
[INFO] [robot_state_publisher-5]: sending signal 'SIGINT' to process[robot_state_publisher-5]
[INFO] [robot_state_publisher-3]: sending signal 'SIGINT' to process[robot_state_publisher-3]
[INFO] [parameter_bridge-2]: sending signal 'SIGINT' to process[parameter_bridge-2]
[INFO] [gz-1]: sending signal 'SIGINT' to process[gz-1]
[skill_server-29] [INFO] [1788459379.158357432] [rclcpp]: signal_handler(SIGINT/SIGTERM)
[skill_server-29] Warning: class_loader.ClassLoader: SEVERE WARNING!!! Attempting to unload library while objects created by this loader exist in the heap! You should delete your objects before attempting to unload the library or destroying the ClassLoader. The library will NOT be unloaded.
[skill_server-29]          at line 127 in ./src/class_loader.cpp
[skill_server-28] [INFO] [1788459379.161778159] [rclcpp]: signal_handler(SIGINT/SIGTERM)
[skill_server-28] Warning: class_loader.ClassLoader: SEVERE WARNING!!! Attempting to unload library while objects created by this loader exist in the heap! You should delete your objects before attempting to unload the library or destroying the ClassLoader. The library will NOT be unloaded.
[skill_server-28]          at line 127 in ./src/class_loader.cpp
[skill_server-27] [INFO] [1788459379.166387280] [rclcpp]: signal_handler(SIGINT/SIGTERM)
[skill_server-27] Warning: class_loader.ClassLoader: SEVERE WARNING!!! Attempting to unload library while objects created by this loader exist in the heap! You should delete your objects before attempting to unload the library or destroying the ClassLoader. The library will NOT be unloaded.
[skill_server-27]          at line 127 in ./src/class_loader.cpp
[detection_server-18] [INFO] [1788459379.172961821] [rclcpp]: signal_handler(SIGINT/SIGTERM)
[move_group-17] [INFO] [1788459379.178829632] [rclcpp]: signal_handler(SIGINT/SIGTERM)
[move_group-16] [INFO] [1788459379.185256223] [rclcpp]: signal_handler(SIGINT/SIGTERM)
[move_group-15] [INFO] [1788459379.194335331] [rclcpp]: signal_handler(SIGINT/SIGTERM)
[frame_server.py-11] [INFO] [1788459379.217393703] [cite_runtime]: rcl reported 'failed to initialize wait set: the given context is not valid, either rcl_init() was not called or rcl_shutdown() was called., at ./src/rcl/wait.c:130' after the context was already invalid, which is the documented wait-set race in rclpy/executors.py; treating it as the shutdown it can only have been.
[robot_state_publisher-9] [INFO] [1788459379.221093233] [rclcpp]: signal_handler(SIGINT/SIGTERM)
[robot_state_publisher-7] [INFO] [1788459379.227734039] [rclcpp]: signal_handler(SIGINT/SIGTERM)
[robot_state_publisher-5] [INFO] [1788459379.233719591] [rclcpp]: signal_handler(SIGINT/SIGTERM)
[robot_state_publisher-3] [INFO] [1788459379.241876152] [rclcpp]: signal_handler(SIGINT/SIGTERM)
[move_group-17] [INFO] [1788459379.244010186] [cite.cell_a.arm_3.move_group.moveit.ros.moveit_cpp]: Deleting MoveItCpp
[parameter_bridge-2] [INFO] [1788459379.248726260] [rclcpp]: signal_handler(SIGINT/SIGTERM)
[move_group-15] [INFO] [1788459379.257200763] [cite.cell_a.arm_1.move_group.moveit.ros.moveit_cpp]: Deleting MoveItCpp
[move_group-16] [INFO] [1788459379.261992407] [cite.cell_a.arm_2.move_group.moveit.ros.moveit_cpp]: Deleting MoveItCpp
[move_group-17] Stack trace (most recent call last):
[move_group-15] Stack trace (most recent call last):
[move_group-16] Stack trace (most recent call last):
[move_group-17] #15   Object "/usr/lib/x86_64-linux-gnu/ld-linux-x86-64.so.2", at 0xffffffffffffffff, in 
[move_group-17] #14   Object "/opt/ros/jazzy/lib/moveit_ros_move_group/move_group", at 0x5739624f4a44, in _start
[move_group-16] #15   Object "/usr/lib/x86_64-linux-gnu/ld-linux-x86-64.so.2", at 0xffffffffffffffff, in 
[move_group-16] #14   Object "/opt/ros/jazzy/lib/moveit_ros_move_group/move_group", at 0x63bc503b2a44, in _start
[move_group-15] #15   Object "/usr/lib/x86_64-linux-gnu/ld-linux-x86-64.so.2", at 0xffffffffffffffff, in 
[move_group-15] #14   Object "/opt/ros/jazzy/lib/moveit_ros_move_group/move_group", at 0x5c38ac3eba44, in _start
[INFO] [skill_server-29]: process has finished cleanly [pid 753]
[move_group-17] #13   Source "../csu/libc-start.c", line 360, in __libc_start_main_impl [0x763aa0fd728a]
[move_group-17] #12   Source "../sysdeps/nptl/libc_start_call_main.h", line 58, in __libc_start_call_main [0x763aa0fd71c9]
[move_group-17] #11   Object "/opt/ros/jazzy/lib/moveit_ros_move_group/move_group", at 0x5739624f3539, in main
[move_group-17] #10   Object "/opt/ros/jazzy/lib/moveit_ros_move_group/move_group", at 0x5739624f6159, in 
[move_group-17] #9    Object "/opt/ros/jazzy/lib/libmoveit_cpp.so.2.12.4", at 0x763aa1964ad0, in moveit_cpp::MoveItCpp::~MoveItCpp()
[move_group-17] #8    Object "/opt/ros/jazzy/lib/libmoveit_cpp.so.2.12.4", at 0x763aa1964989, in 
[move_group-17] #7    Object "/opt/ros/jazzy/lib/libmoveit_trajectory_execution_manager.so.2.12.4", at 0x763aa0cce44a, in trajectory_execution_manager::TrajectoryExecutionManager::~TrajectoryExecutionManager()
[move_group-17] #6    Object "/opt/ros/jazzy/lib/libmoveit_trajectory_execution_manager.so.2.12.4", at 0x763aa0ce05a5, in 
[move_group-17] #5    Object "/opt/ros/jazzy/lib/librclcpp.so", at 0x763aa15fd294, in rclcpp::Node::~Node()
[move_group-17] #4    Object "/opt/ros/jazzy/lib/librclcpp.so", at 0x763aa15a7485, in 
[move_group-17] #3    Object "/opt/ros/jazzy/lib/librclcpp.so", at 0x763aa15fbb60, in 
[move_group-17] #2    Object "/opt/ros/jazzy/lib/librclcpp.so", at 0x763aa15fbaa3, in rclcpp::node_interfaces::NodeBase::~NodeBase()
[move_group-17] #1    Object "/opt/ros/jazzy/lib/librclcpp.so", at 0x763aa15a7549, in 
[move_group-17] #0    Object "/opt/ros/jazzy/lib/librclcpp.so", at 0x763aa15abb19, in rclcpp::CallbackGroup::~CallbackGroup()
[move_group-17] Segmentation fault (Address not mapped to object [0x763a745ecda0])
[INFO] [skill_server-28]: process has finished cleanly [pid 752]
[gz-1] [INFO] [1788459379.322050440] [cite.cell_a.arm_2.controller_manager.pal_statistics]: Async messages lost 0
[gz-1] [INFO] [1788459379.322097926] [cite.cell_a.arm_2.controller_manager.pal_statistics]: publish_async_failures_ 2062
[move_group-16] #13   Source "../csu/libc-start.c", line 360, in __libc_start_main_impl [0x7d6fb2e2628a]
[move_group-16] #12   Source "../sysdeps/nptl/libc_start_call_main.h", line 58, in __libc_start_call_main [0x7d6fb2e261c9]
[move_group-16] #11   Object "/opt/ros/jazzy/lib/moveit_ros_move_group/move_group", at 0x63bc503b1539, in main
[move_group-16] #10   Object "/opt/ros/jazzy/lib/moveit_ros_move_group/move_group", at 0x63bc503b4159, in 
[move_group-16] #9    Object "/opt/ros/jazzy/lib/libmoveit_cpp.so.2.12.4", at 0x7d6fb37b3ad0, in moveit_cpp::MoveItCpp::~MoveItCpp()
[move_group-16] #8    Object "/opt/ros/jazzy/lib/libmoveit_cpp.so.2.12.4", at 0x7d6fb37b3989, in 
[move_group-16] #7    Object "/opt/ros/jazzy/lib/libmoveit_trajectory_execution_manager.so.2.12.4", at 0x7d6fb2b1d44a, in trajectory_execution_manager::TrajectoryExecutionManager::~TrajectoryExecutionManager()
[move_group-16] #6    Object "/opt/ros/jazzy/lib/libmoveit_trajectory_execution_manager.so.2.12.4", at 0x7d6fb2b2f5a5, in 
[move_group-15] #13   Source "../csu/libc-start.c", line 360, in __libc_start_main_impl [0x7ffa5638f28a]
[move_group-16] #5    Object "/opt/ros/jazzy/lib/librclcpp.so", at 0x7d6fb344c294, in rclcpp::Node::~Node()
[INFO] [detection_server-18]: process has finished cleanly [pid 128]
[gz-1] [INFO] [1788459379.325276473] [cite.cell_a.arm_2.controller_manager.pal_statistics]: Async messages lost 0
[gz-1] [INFO] [1788459379.325298853] [cite.cell_a.arm_2.controller_manager.pal_statistics]: publish_async_failures_ 706
[move_group-16] #4    Object "/opt/ros/jazzy/lib/librclcpp.so", at 0x7d6fb33f6485, in 
[move_group-16] #3    Object "/opt/ros/jazzy/lib/librclcpp.so", at 0x7d6fb344ab60, in 
[move_group-16] #2    Object "/opt/ros/jazzy/lib/librclcpp.so", at 0x7d6fb344aaa3, in rclcpp::node_interfaces::NodeBase::~NodeBase()
[move_group-16] #1    Object "/opt/ros/jazzy/lib/librclcpp.so", at 0x7d6fb33f6549, in 
[move_group-15] #12   Source "../sysdeps/nptl/libc_start_call_main.h", line 58, in __libc_start_call_main [0x7ffa5638f1c9]
[move_group-15] #11   Object "/opt/ros/jazzy/lib/moveit_ros_move_group/move_group", at 0x5c38ac3ea539, in main
[move_group-15] #10   Object "/opt/ros/jazzy/lib/moveit_ros_move_group/move_group", at 0x5c38ac3ed159, in 
[move_group-15] #9    Object "/opt/ros/jazzy/lib/libmoveit_cpp.so.2.12.4", at 0x7ffa56d1cad0, in moveit_cpp::MoveItCpp::~MoveItCpp()
[move_group-15] #8    Object "/opt/ros/jazzy/lib/libmoveit_cpp.so.2.12.4", at 0x7ffa56d1c989, in 
[move_group-15] #7    Object "/opt/ros/jazzy/lib/libmoveit_trajectory_execution_manager.so.2.12.4", at 0x7ffa5608644a, in trajectory_execution_manager::TrajectoryExecutionManager::~TrajectoryExecutionManager()
[move_group-15] #6    Object "/opt/ros/jazzy/lib/libmoveit_trajectory_execution_manager.so.2.12.4", at 0x7ffa560985a5, in 
[move_group-16] #0    Object "/opt/ros/jazzy/lib/librclcpp.so", at 0x7d6fb33fab19, in rclcpp::CallbackGroup::~CallbackGroup()
[move_group-16] Segmentation fault (Address not mapped to object [0x7d6f72403da0])
[move_group-15] #5    Object "/opt/ros/jazzy/lib/librclcpp.so", at 0x7ffa569b5294, in rclcpp::Node::~Node()
[move_group-15] #4    Object "/opt/ros/jazzy/lib/librclcpp.so", at 0x7ffa5695f485, in 
[move_group-15] #3    Object "/opt/ros/jazzy/lib/librclcpp.so", at 0x7ffa569b3b60, in 
[move_group-15] #2    Object "/opt/ros/jazzy/lib/librclcpp.so", at 0x7ffa569b3aa3, in rclcpp::node_interfaces::NodeBase::~NodeBase()
[move_group-15] #1    Object "/opt/ros/jazzy/lib/librclcpp.so", at 0x7ffa5695f549, in 
[move_group-15] #0    Object "/opt/ros/jazzy/lib/librclcpp.so", at 0x7ffa56963b19, in rclcpp::CallbackGroup::~CallbackGroup()
[move_group-15] Segmentation fault (Address not mapped to object [0x7ffa21950da0])
[INFO] [skill_server-27]: process has finished cleanly [pid 751]
[INFO] [robot_state_publisher-7]: process has finished cleanly [pid 117]
[INFO] [robot_state_publisher-9]: process has finished cleanly [pid 119]
[INFO] [robot_state_publisher-5]: process has finished cleanly [pid 115]
[INFO] [parameter_bridge-2]: process has finished cleanly [pid 112]
[INFO] [robot_state_publisher-3]: process has finished cleanly [pid 113]
[INFO] [model_info.py-12]: process has finished cleanly [pid 122]
[INFO] [frame_server.py-11]: process has finished cleanly [pid 121]
[INFO] [topology_server.py-13]: process has finished cleanly [pid 123]
[ERROR] [move_group-17]: process has died [pid 127, exit code -11, cmd '/opt/ros/jazzy/lib/moveit_ros_move_group/move_group --ros-args -r __node:=move_group -r __ns:=/cite/cell_a/arm_3 --params-file /tmp/launch_params_jbg9kmuc --params-file /tmp/launch_params_sz_1b72j --params-file /tmp/launch_params_wjb5ry6o --params-file /tmp/launch_params_srlibknm --params-file /tmp/launch_params_nh2j37q_ --params-file /tmp/launch_params_tvq1a4nz -r /tf:=/tf -r /tf_static:=/tf_static'].
[ERROR] [move_group-16]: process has died [pid 126, exit code -11, cmd '/opt/ros/jazzy/lib/moveit_ros_move_group/move_group --ros-args -r __node:=move_group -r __ns:=/cite/cell_a/arm_2 --params-file /tmp/launch_params_6c1s51z4 --params-file /tmp/launch_params_2eki6p84 --params-file /tmp/launch_params_913kg97q --params-file /tmp/launch_params_l7vvy5ta --params-file /tmp/launch_params_vqlx54se --params-file /tmp/launch_params_4_tlwt8e -r /tf:=/tf -r /tf_static:=/tf_static'].
[ERROR] [move_group-15]: process has died [pid 125, exit code -11, cmd '/opt/ros/jazzy/lib/moveit_ros_move_group/move_group --ros-args -r __node:=move_group -r __ns:=/cite/cell_a/arm_1 --params-file /tmp/launch_params_cpu952nu --params-file /tmp/launch_params_h4a6j3o3 --params-file /tmp/launch_params_2ybjf28y --params-file /tmp/launch_params_dhvxwof2 --params-file /tmp/launch_params_hxnjjoip --params-file /tmp/launch_params__6te0bfg -r /tf:=/tf -r /tf_static:=/tf_static'].
[INFO] [gz-1]: process has finished cleanly [pid 111]
[INFO] [launch]: process[gz-1] was required: shutting down launched system
[ERROR] [launch]: Caught exception in launch (see debug for traceback): Cannot shutdown a ROS adapter that is not running
test_nothing_of_ours_exited_badly (bringup.TestCleanShutdown.test_nothing_of_ours_exited_badly) ... ok

----------------------------------------------------------------------
Ran 1 test in 0.000s

OK
  ok Scenario 'bringup' passed
