==> Launching the simulated cell (headless=1)
[INFO] [launch]: All log files can be found below /home/cite/.ros/log/2026-08-29-07-09-42-973295-0a3feb782eab-25
[INFO] [launch]: Default logging verbosity is set to INFO
[INFO] [launch.user]: Bringing up zone cell_a: scene plus 3 arm(s)
[INFO] [gz-1]: process started with pid [120]
[INFO] [parameter_bridge-2]: process started with pid [121]
[INFO] [robot_state_publisher-3]: process started with pid [122]
[INFO] [create-4]: process started with pid [123]
[INFO] [robot_state_publisher-5]: process started with pid [124]
[INFO] [create-6]: process started with pid [125]
[INFO] [robot_state_publisher-7]: process started with pid [126]
[INFO] [create-8]: process started with pid [127]
[INFO] [robot_state_publisher-9]: process started with pid [128]
[INFO] [create-10]: process started with pid [129]
[INFO] [frame_server.py-11]: process started with pid [132]
[INFO] [model_info.py-12]: process started with pid [135]
[INFO] [topology_server.py-13]: process started with pid [138]
[INFO] [spawner-14]: process started with pid [150]
[INFO] [move_group-15]: process started with pid [153]
[INFO] [move_group-16]: process started with pid [174]
[INFO] [move_group-17]: process started with pid [187]
[INFO] [detection_server-18]: process started with pid [197]
[robot_state_publisher-3] [INFO] [1787987383.937551176] [scene_description_publisher]: Robot initialized
[robot_state_publisher-9] [INFO] [1787987383.944789176] [cite.cell_a.arm_3.description_publisher]: Robot initialized
[robot_state_publisher-5] [INFO] [1787987383.951085634] [cite.cell_a.arm_1.description_publisher]: Robot initialized
[robot_state_publisher-7] [INFO] [1787987383.965215676] [cite.cell_a.arm_2.description_publisher]: Robot initialized
[create-4] [INFO] [1787987383.973053759] [spawn_scene]: Requesting list of world names.
[create-6] [INFO] [1787987383.974965843] [spawn_arm_1]: Requesting list of world names.
[parameter_bridge-2] [INFO] [1787987383.978847301] [gz_bridge]: Creating GZ->ROS Bridge: [/clock (gz.msgs.Clock) -> /clock (rosgraph_msgs/msg/Clock)] (Lazy 0)
[create-8] [INFO] [1787987383.980308634] [spawn_arm_2]: Requesting list of world names.
[create-10] [INFO] [1787987383.980775176] [spawn_arm_3]: Requesting list of world names.
[detection_server-18] [INFO] [1787987383.981106593] [cite.cell_a.detection.detection_server]: watching 'beam_c1_out' on '/cite/cell_a/beam_c1_out/detection_level', publishing events on '/cite/cell_a/beam_c1_out/detection'
[detection_server-18] [INFO] [1787987383.981419343] [cite.cell_a.detection.detection_server]: watching 'beam_c2_out' on '/cite/cell_a/beam_c2_out/detection_level', publishing events on '/cite/cell_a/beam_c2_out/detection'
[detection_server-18] [INFO] [1787987383.981642259] [cite.cell_a.detection.detection_server]: watching 'beam_c3_out' on '/cite/cell_a/beam_c3_out/detection_level', publishing events on '/cite/cell_a/beam_c3_out/detection'
[detection_server-18] [INFO] [1787987383.981814968] [cite.cell_a.detection.detection_server]: watching 'beam_pick' on '/cite/cell_a/beam_pick/detection_level', publishing events on '/cite/cell_a/beam_pick/detection'
[detection_server-18] [INFO] [1787987383.984401093] [cite.cell_a.detection.detection_server]: detection for zone 'cell_a' is accepting goals over 4 sensor(s)
[parameter_bridge-2] [INFO] [1787987383.984851843] [gz_bridge]: Creating ROS->GZ Bridge: [/cite/cell_a/conveyor_1/command (std_msgs/msg/Float64) -> /cite/cell_a/conveyor_1/command (gz.msgs.Double)] (Lazy 0)
[parameter_bridge-2] [INFO] [1787987383.986289718] [gz_bridge]: Creating GZ->ROS Bridge: [/cite/cell_a/conveyor_1/state (gz.msgs.Double) -> /cite/cell_a/conveyor_1/state (std_msgs/msg/Float64)] (Lazy 0)
[parameter_bridge-2] [INFO] [1787987383.986996009] [gz_bridge]: Creating ROS->GZ Bridge: [/cite/cell_a/conveyor_2/command (std_msgs/msg/Float64) -> /cite/cell_a/conveyor_2/command (gz.msgs.Double)] (Lazy 0)
[parameter_bridge-2] [INFO] [1787987383.987727801] [gz_bridge]: Creating GZ->ROS Bridge: [/cite/cell_a/conveyor_2/state (gz.msgs.Double) -> /cite/cell_a/conveyor_2/state (std_msgs/msg/Float64)] (Lazy 0)
[parameter_bridge-2] [INFO] [1787987383.988321426] [gz_bridge]: Creating ROS->GZ Bridge: [/cite/cell_a/conveyor_3/command (std_msgs/msg/Float64) -> /cite/cell_a/conveyor_3/command (gz.msgs.Double)] (Lazy 0)
[parameter_bridge-2] [INFO] [1787987383.989331801] [gz_bridge]: Creating GZ->ROS Bridge: [/cite/cell_a/conveyor_3/state (gz.msgs.Double) -> /cite/cell_a/conveyor_3/state (std_msgs/msg/Float64)] (Lazy 0)
[parameter_bridge-2] [INFO] [1787987383.989683384] [gz_bridge]: Creating GZ->ROS Bridge: [/cite/cell_a/beam_c1_out/detection (gz.msgs.Boolean) -> /cite/cell_a/beam_c1_out/detection (std_msgs/msg/Bool)] (Lazy 0)
[parameter_bridge-2] [INFO] [1787987383.990206593] [gz_bridge]: Creating GZ->ROS Bridge: [/cite/cell_a/beam_c2_out/detection (gz.msgs.Boolean) -> /cite/cell_a/beam_c2_out/detection (std_msgs/msg/Bool)] (Lazy 0)
[parameter_bridge-2] [INFO] [1787987383.990800509] [gz_bridge]: Creating GZ->ROS Bridge: [/cite/cell_a/beam_c3_out/detection (gz.msgs.Boolean) -> /cite/cell_a/beam_c3_out/detection (std_msgs/msg/Bool)] (Lazy 0)
[parameter_bridge-2] [INFO] [1787987383.991345718] [gz_bridge]: Creating GZ->ROS Bridge: [/cite/cell_a/beam_pick/detection (gz.msgs.Boolean) -> /cite/cell_a/beam_pick/detection (std_msgs/msg/Bool)] (Lazy 0)
[move_group-15] [WARN] [1787987383.998826468] [rcl.logging_rosout]: Publisher already registered for node name: 'move_group'. If this is due to multiple nodes with the same name then all logs for the logger named 'cite.cell_a.arm_1.move_group' will go out over the existing publisher. As soon as any node with that name is destructed it will unregister the publisher, preventing any further logs for that name from being published on the rosout topic.
[move_group-15] [WARN] [1787987384.000672051] [rcl.logging_rosout]: Publisher already registered for node name: 'move_group'. If this is due to multiple nodes with the same name then all logs for the logger named 'cite.cell_a.arm_1.move_group' will go out over the existing publisher. As soon as any node with that name is destructed it will unregister the publisher, preventing any further logs for that name from being published on the rosout topic.
[move_group-15] [INFO] [1787987384.005260759] [cite.cell_a.arm_1.move_group.moveit.ros.rdf_loader]: Loaded robot model in 0 seconds
[move_group-15] [INFO] [1787987384.005343551] [cite.cell_a.arm_1.move_group.moveit.core.robot_model]: Loading robot model 'arm_1'...
[move_group-15] [INFO] [1787987384.005370759] [cite.cell_a.arm_1.move_group.moveit.core.robot_model]: No root/virtual joint specified in SRDF. Assuming fixed joint
[move_group-16] [WARN] [1787987384.016960759] [rcl.logging_rosout]: Publisher already registered for node name: 'move_group'. If this is due to multiple nodes with the same name then all logs for the logger named 'cite.cell_a.arm_2.move_group' will go out over the existing publisher. As soon as any node with that name is destructed it will unregister the publisher, preventing any further logs for that name from being published on the rosout topic.
[move_group-17] [WARN] [1787987384.017105176] [rcl.logging_rosout]: Publisher already registered for node name: 'move_group'. If this is due to multiple nodes with the same name then all logs for the logger named 'cite.cell_a.arm_3.move_group' will go out over the existing publisher. As soon as any node with that name is destructed it will unregister the publisher, preventing any further logs for that name from being published on the rosout topic.
[move_group-17] [WARN] [1787987384.020113551] [rcl.logging_rosout]: Publisher already registered for node name: 'move_group'. If this is due to multiple nodes with the same name then all logs for the logger named 'cite.cell_a.arm_3.move_group' will go out over the existing publisher. As soon as any node with that name is destructed it will unregister the publisher, preventing any further logs for that name from being published on the rosout topic.
[move_group-16] [WARN] [1787987384.020293009] [rcl.logging_rosout]: Publisher already registered for node name: 'move_group'. If this is due to multiple nodes with the same name then all logs for the logger named 'cite.cell_a.arm_2.move_group' will go out over the existing publisher. As soon as any node with that name is destructed it will unregister the publisher, preventing any further logs for that name from being published on the rosout topic.
[move_group-17] [INFO] [1787987384.027881259] [cite.cell_a.arm_3.move_group.moveit.ros.rdf_loader]: Loaded robot model in 0 seconds
[move_group-17] [INFO] [1787987384.027953801] [cite.cell_a.arm_3.move_group.moveit.core.robot_model]: Loading robot model 'arm_3'...
[move_group-17] [INFO] [1787987384.027962259] [cite.cell_a.arm_3.move_group.moveit.core.robot_model]: No root/virtual joint specified in SRDF. Assuming fixed joint
[move_group-16] [INFO] [1787987384.028754093] [cite.cell_a.arm_2.move_group.moveit.ros.rdf_loader]: Loaded robot model in 0 seconds
[move_group-16] [INFO] [1787987384.028800509] [cite.cell_a.arm_2.move_group.moveit.core.robot_model]: Loading robot model 'arm_2'...
[move_group-16] [INFO] [1787987384.028807176] [cite.cell_a.arm_2.move_group.moveit.core.robot_model]: No root/virtual joint specified in SRDF. Assuming fixed joint
[move_group-16] [INFO] [1787987384.105936884] [cite.cell_a.arm_2.move_group.moveit.kinematics.kdl_kinematics_plugin]: Joint weights for group 'arm_2_xarm5': 1 1 1 1 1
[move_group-15] [INFO] [1787987384.106939509] [cite.cell_a.arm_1.move_group.moveit.kinematics.kdl_kinematics_plugin]: Joint weights for group 'arm_1_xarm5': 1 1 1 1 1
[move_group-17] [INFO] [1787987384.110062343] [cite.cell_a.arm_3.move_group.moveit.kinematics.kdl_kinematics_plugin]: Joint weights for group 'arm_3_xarm5': 1 1 1 1 1
[spawner-14] [INFO] [1787987384.167666384] [spawn_arm_1_stage0]: waiting for service /cite/cell_a/arm_1/controller_manager/list_controllers to become available...
[gz-1] [1;33m[Wrn] [conveyor.cpp:169] [0m[1;33m[cite_conveyor] belt at [0m[1;33m1.05[0m[1;33m [0m[1;33m0[0m[1;33m [0m[1;33m0.6[0m[1;33m [0m[1;33m0[0m[1;33m [0m[1;33m0[0m[1;33m [0m[1;33m0[0m[1;33m commanded on '[0m[1;33m/cite/cell_a/conveyor_1/command[0m[1;33m', reporting on '[0m[1;33m/cite/cell_a/conveyor_1/state[0m[1;33m'[0m
[gz-1] [1;33m[Wrn] [conveyor.cpp:169] [0m[1;33m[cite_conveyor] belt at [0m[1;33m3.15[0m[1;33m [0m[1;33m0[0m[1;33m [0m[1;33m0.6[0m[1;33m [0m[1;33m0[0m[1;33m [0m[1;33m0[0m[1;33m [0m[1;33m0[0m[1;33m commanded on '[0m[1;33m/cite/cell_a/conveyor_2/command[0m[1;33m', reporting on '[0m[1;33m/cite/cell_a/conveyor_2/state[0m[1;33m'[0m
[gz-1] [1;33m[Wrn] [conveyor.cpp:169] [0m[1;33m[cite_conveyor] belt at [0m[1;33m5.25[0m[1;33m [0m[1;33m0[0m[1;33m [0m[1;33m0.6[0m[1;33m [0m[1;33m0[0m[1;33m [0m[1;33m0[0m[1;33m [0m[1;33m0[0m[1;33m commanded on '[0m[1;33m/cite/cell_a/conveyor_3/command[0m[1;33m', reporting on '[0m[1;33m/cite/cell_a/conveyor_3/state[0m[1;33m'[0m
[gz-1] [1;33m[Wrn] [break_beam.cpp:189] [0m[1;33m[cite_beam] beam at [0m[1;33m1.627[0m[1;33m [0m[1;33m0.25[0m[1;33m [0m[1;33m0.63[0m[1;33m [0m[1;33m0[0m[1;33m [0m[1;33m0[0m[1;33m [0m[1;33m0[0m[1;33m reporting on '[0m[1;33m/cite/cell_a/beam_c1_out/detection[0m[1;33m'[0m
[gz-1] [1;33m[Wrn] [break_beam.cpp:189] [0m[1;33m[cite_beam] beam at [0m[1;33m3.727[0m[1;33m [0m[1;33m0.25[0m[1;33m [0m[1;33m0.63[0m[1;33m [0m[1;33m0[0m[1;33m [0m[1;33m0[0m[1;33m [0m[1;33m0[0m[1;33m reporting on '[0m[1;33m/cite/cell_a/beam_c2_out/detection[0m[1;33m'[0m
[gz-1] [1;33m[Wrn] [break_beam.cpp:189] [0m[1;33m[cite_beam] beam at [0m[1;33m5.75[0m[1;33m [0m[1;33m0.25[0m[1;33m [0m[1;33m0.63[0m[1;33m [0m[1;33m0[0m[1;33m [0m[1;33m0[0m[1;33m [0m[1;33m0[0m[1;33m reporting on '[0m[1;33m/cite/cell_a/beam_c3_out/detection[0m[1;33m'[0m
[gz-1] [1;33m[Wrn] [break_beam.cpp:189] [0m[1;33m[cite_beam] beam at [0m[1;33m-0.475[0m[1;33m [0m[1;33m0.25[0m[1;33m [0m[1;33m0.63[0m[1;33m [0m[1;33m0[0m[1;33m [0m[1;33m0[0m[1;33m [0m[1;33m0[0m[1;33m reporting on '[0m[1;33m/cite/cell_a/beam_pick/detection[0m[1;33m'[0m
[move_group-15] [INFO] [1787987384.330060510] [cite.cell_a.arm_1.move_group.moveit.ros.planning_scene_monitor]: Publishing maintained planning scene on 'monitored_planning_scene'
[move_group-15] [INFO] [1787987384.330171676] [cite.cell_a.arm_1.move_group.moveit.ros.moveit_cpp]: Listening to 'joint_states' for joint states
[move_group-15] [INFO] [1787987384.330747468] [cite.cell_a.arm_1.move_group.moveit.ros.current_state_monitor]: Listening to joint states on topic 'joint_states'
[move_group-15] [INFO] [1787987384.331262301] [cite.cell_a.arm_1.move_group.moveit.ros.planning_scene_monitor]: Listening to '/cite/cell_a/arm_1/attached_collision_object' for attached collision objects
[move_group-15] [INFO] [1787987384.331275051] [cite.cell_a.arm_1.move_group.moveit.ros.planning_scene_monitor]: Stopping existing planning scene publisher.
[move_group-15] [INFO] [1787987384.332234260] [cite.cell_a.arm_1.move_group.moveit.ros.planning_scene_monitor]: Stopped publishing maintained planning scene.
[move_group-15] [INFO] [1787987384.332560551] [cite.cell_a.arm_1.move_group.moveit.ros.planning_scene_monitor]: Publishing maintained planning scene on 'monitored_planning_scene'
[move_group-15] [INFO] [1787987384.332602176] [cite.cell_a.arm_1.move_group.moveit.ros.planning_scene_monitor]: Starting planning scene monitor
[move_group-17] [INFO] [1787987384.332334593] [cite.cell_a.arm_3.move_group.moveit.ros.planning_scene_monitor]: Publishing maintained planning scene on 'monitored_planning_scene'
[move_group-17] [INFO] [1787987384.332417468] [cite.cell_a.arm_3.move_group.moveit.ros.moveit_cpp]: Listening to 'joint_states' for joint states
[move_group-15] [INFO] [1787987384.332911468] [cite.cell_a.arm_1.move_group.moveit.ros.planning_scene_monitor]: Listening to '/cite/cell_a/arm_1/planning_scene'
[move_group-15] [INFO] [1787987384.332919676] [cite.cell_a.arm_1.move_group.moveit.ros.planning_scene_monitor]: Starting world geometry update monitor for collision objects, attached objects, octomap updates.
[move_group-17] [INFO] [1787987384.333710468] [cite.cell_a.arm_3.move_group.moveit.ros.current_state_monitor]: Listening to joint states on topic 'joint_states'
[move_group-15] [INFO] [1787987384.333720051] [cite.cell_a.arm_1.move_group.moveit.ros.planning_scene_monitor]: Listening to 'collision_object'
[move_group-15] [INFO] [1787987384.334178926] [cite.cell_a.arm_1.move_group.moveit.ros.planning_scene_monitor]: Listening to 'planning_scene_world' for planning scene world geometry
[move_group-17] [INFO] [1787987384.334179593] [cite.cell_a.arm_3.move_group.moveit.ros.planning_scene_monitor]: Listening to '/cite/cell_a/arm_3/attached_collision_object' for attached collision objects
[move_group-17] [INFO] [1787987384.334188468] [cite.cell_a.arm_3.move_group.moveit.ros.planning_scene_monitor]: Stopping existing planning scene publisher.
[move_group-15] [ERROR] [1787987384.334432885] [cite.cell_a.arm_1.move_group.moveit.ros.occupancy_map_monitor]: No 3D sensor plugin(s) defined for octomap updates
[move_group-17] [INFO] [1787987384.334682176] [cite.cell_a.arm_3.move_group.moveit.ros.planning_scene_monitor]: Stopped publishing maintained planning scene.
[move_group-17] [INFO] [1787987384.335227426] [cite.cell_a.arm_3.move_group.moveit.ros.planning_scene_monitor]: Publishing maintained planning scene on 'monitored_planning_scene'
[move_group-17] [INFO] [1787987384.335326218] [cite.cell_a.arm_3.move_group.moveit.ros.planning_scene_monitor]: Starting planning scene monitor
[move_group-17] [INFO] [1787987384.335836426] [cite.cell_a.arm_3.move_group.moveit.ros.planning_scene_monitor]: Listening to '/cite/cell_a/arm_3/planning_scene'
[move_group-17] [INFO] [1787987384.335847135] [cite.cell_a.arm_3.move_group.moveit.ros.planning_scene_monitor]: Starting world geometry update monitor for collision objects, attached objects, octomap updates.
[move_group-17] [INFO] [1787987384.336793510] [cite.cell_a.arm_3.move_group.moveit.ros.planning_scene_monitor]: Listening to 'collision_object'
[move_group-17] [INFO] [1787987384.337300635] [cite.cell_a.arm_3.move_group.moveit.ros.planning_scene_monitor]: Listening to 'planning_scene_world' for planning scene world geometry
[move_group-17] [ERROR] [1787987384.337453010] [cite.cell_a.arm_3.move_group.moveit.ros.occupancy_map_monitor]: No 3D sensor plugin(s) defined for octomap updates
[move_group-16] [INFO] [1787987384.338973676] [cite.cell_a.arm_2.move_group.moveit.ros.planning_scene_monitor]: Publishing maintained planning scene on 'monitored_planning_scene'
[move_group-16] [INFO] [1787987384.339075635] [cite.cell_a.arm_2.move_group.moveit.ros.moveit_cpp]: Listening to 'joint_states' for joint states
[move_group-16] [INFO] [1787987384.339611385] [cite.cell_a.arm_2.move_group.moveit.ros.current_state_monitor]: Listening to joint states on topic 'joint_states'
[move_group-16] [INFO] [1787987384.339984718] [cite.cell_a.arm_2.move_group.moveit.ros.planning_scene_monitor]: Listening to '/cite/cell_a/arm_2/attached_collision_object' for attached collision objects
[move_group-16] [INFO] [1787987384.340001635] [cite.cell_a.arm_2.move_group.moveit.ros.planning_scene_monitor]: Stopping existing planning scene publisher.
[move_group-16] [INFO] [1787987384.340108051] [cite.cell_a.arm_2.move_group.moveit.ros.planning_scene_monitor]: Stopped publishing maintained planning scene.
[move_group-16] [INFO] [1787987384.340547510] [cite.cell_a.arm_2.move_group.moveit.ros.planning_scene_monitor]: Publishing maintained planning scene on 'monitored_planning_scene'
[move_group-16] [INFO] [1787987384.340607426] [cite.cell_a.arm_2.move_group.moveit.ros.planning_scene_monitor]: Starting planning scene monitor
[move_group-16] [INFO] [1787987384.341128093] [cite.cell_a.arm_2.move_group.moveit.ros.planning_scene_monitor]: Listening to '/cite/cell_a/arm_2/planning_scene'
[move_group-16] [INFO] [1787987384.341142801] [cite.cell_a.arm_2.move_group.moveit.ros.planning_scene_monitor]: Starting world geometry update monitor for collision objects, attached objects, octomap updates.
[move_group-16] [INFO] [1787987384.341770926] [cite.cell_a.arm_2.move_group.moveit.ros.planning_scene_monitor]: Listening to 'collision_object'
[move_group-16] [INFO] [1787987384.342521010] [cite.cell_a.arm_2.move_group.moveit.ros.planning_scene_monitor]: Listening to 'planning_scene_world' for planning scene world geometry
[move_group-16] [ERROR] [1787987384.342698051] [cite.cell_a.arm_2.move_group.moveit.ros.occupancy_map_monitor]: No 3D sensor plugin(s) defined for octomap updates
[create-4] [INFO] [1787987384.343374926] [spawn_scene]: Waiting messages on topic [robot_description].
[create-10] [INFO] [1787987384.444468051] [spawn_arm_3]: Waiting messages on topic [/cite/cell_a/arm_3/robot_description].
[move_group-15] [INFO] [1787987384.450157843] [cite.cell_a.arm_1.move_group.moveit.planners.pilz.joint_limits_aggregator]: Reading limits from namespace robot_description_planning
[move_group-17] [INFO] [1787987384.454279718] [cite.cell_a.arm_3.move_group.moveit.planners.pilz.joint_limits_aggregator]: Reading limits from namespace robot_description_planning
[move_group-16] [INFO] [1787987384.456910968] [cite.cell_a.arm_2.move_group.moveit.planners.pilz.joint_limits_aggregator]: Reading limits from namespace robot_description_planning
[move_group-17] [INFO] [1787987384.460989301] [cite.cell_a.arm_3.move_group.moveit.planners.pilz.command_planner]: Available plugins: pilz_industrial_motion_planner/PlanningContextLoaderCIRC pilz_industrial_motion_planner/PlanningContextLoaderLIN pilz_industrial_motion_planner/PlanningContextLoaderPTP 
[move_group-17] [INFO] [1787987384.461026010] [cite.cell_a.arm_3.move_group.moveit.planners.pilz.command_planner]: About to load: pilz_industrial_motion_planner/PlanningContextLoaderCIRC
[move_group-17] [INFO] [1787987384.462043926] [cite.cell_a.arm_3.move_group.moveit.planners.pilz.command_planner]: Registered Algorithm [CIRC]
[move_group-17] [INFO] [1787987384.462056051] [cite.cell_a.arm_3.move_group.moveit.planners.pilz.command_planner]: About to load: pilz_industrial_motion_planner/PlanningContextLoaderLIN
[move_group-17] [INFO] [1787987384.462542468] [cite.cell_a.arm_3.move_group.moveit.planners.pilz.command_planner]: Registered Algorithm [LIN]
[move_group-17] [INFO] [1787987384.462551093] [cite.cell_a.arm_3.move_group.moveit.planners.pilz.command_planner]: About to load: pilz_industrial_motion_planner/PlanningContextLoaderPTP
[move_group-17] [INFO] [1787987384.464514176] [cite.cell_a.arm_3.move_group.moveit.planners.pilz.command_planner]: Registered Algorithm [PTP]
[move_group-17] [INFO] [1787987384.464533093] [cite.cell_a.arm_3.move_group.moveit.ros.planning_pipeline]: Successfully loaded planner 'Pilz Industrial Motion Planner'
[move_group-15] [INFO] [1787987384.462064635] [cite.cell_a.arm_1.move_group.moveit.planners.pilz.command_planner]: Available plugins: pilz_industrial_motion_planner/PlanningContextLoaderCIRC pilz_industrial_motion_planner/PlanningContextLoaderLIN pilz_industrial_motion_planner/PlanningContextLoaderPTP 
[move_group-15] [INFO] [1787987384.462129343] [cite.cell_a.arm_1.move_group.moveit.planners.pilz.command_planner]: About to load: pilz_industrial_motion_planner/PlanningContextLoaderCIRC
[move_group-15] [INFO] [1787987384.462902760] [cite.cell_a.arm_1.move_group.moveit.planners.pilz.command_planner]: Registered Algorithm [CIRC]
[move_group-15] [INFO] [1787987384.462915551] [cite.cell_a.arm_1.move_group.moveit.planners.pilz.command_planner]: About to load: pilz_industrial_motion_planner/PlanningContextLoaderLIN
[move_group-15] [INFO] [1787987384.463342635] [cite.cell_a.arm_1.move_group.moveit.planners.pilz.command_planner]: Registered Algorithm [LIN]
[move_group-15] [INFO] [1787987384.463350218] [cite.cell_a.arm_1.move_group.moveit.planners.pilz.command_planner]: About to load: pilz_industrial_motion_planner/PlanningContextLoaderPTP
[move_group-15] [INFO] [1787987384.463789010] [cite.cell_a.arm_1.move_group.moveit.planners.pilz.command_planner]: Registered Algorithm [PTP]
[move_group-15] [INFO] [1787987384.463800718] [cite.cell_a.arm_1.move_group.moveit.ros.planning_pipeline]: Successfully loaded planner 'Pilz Industrial Motion Planner'
[move_group-15] [INFO] [1787987384.464538635] [cite.cell_a.arm_1.move_group]: Try loading adapter 'default_planning_request_adapters/ResolveConstraintFrames'
[move_group-16] [INFO] [1787987384.463839593] [cite.cell_a.arm_2.move_group.moveit.planners.pilz.command_planner]: Available plugins: pilz_industrial_motion_planner/PlanningContextLoaderCIRC pilz_industrial_motion_planner/PlanningContextLoaderLIN pilz_industrial_motion_planner/PlanningContextLoaderPTP 
[move_group-16] [INFO] [1787987384.463858510] [cite.cell_a.arm_2.move_group.moveit.planners.pilz.command_planner]: About to load: pilz_industrial_motion_planner/PlanningContextLoaderCIRC
[move_group-16] [INFO] [1787987384.464528676] [cite.cell_a.arm_2.move_group.moveit.planners.pilz.command_planner]: Registered Algorithm [CIRC]
[move_group-16] [INFO] [1787987384.464538260] [cite.cell_a.arm_2.move_group.moveit.planners.pilz.command_planner]: About to load: pilz_industrial_motion_planner/PlanningContextLoaderLIN
[move_group-15] [INFO] [1787987384.465046635] [cite.cell_a.arm_1.move_group]: Loaded adapter 'default_planning_request_adapters/ResolveConstraintFrames'
[move_group-15] [INFO] [1787987384.465054260] [cite.cell_a.arm_1.move_group]: Try loading adapter 'default_planning_request_adapters/ValidateWorkspaceBounds'
[move_group-15] [INFO] [1787987384.465214718] [cite.cell_a.arm_1.move_group]: Loaded adapter 'default_planning_request_adapters/ValidateWorkspaceBounds'
[move_group-15] [INFO] [1787987384.465219343] [cite.cell_a.arm_1.move_group]: Try loading adapter 'default_planning_request_adapters/CheckStartStateBounds'
[move_group-15] [INFO] [1787987384.465228343] [cite.cell_a.arm_1.move_group]: Loaded adapter 'default_planning_request_adapters/CheckStartStateBounds'
[move_group-15] [INFO] [1787987384.465230718] [cite.cell_a.arm_1.move_group]: Try loading adapter 'default_planning_request_adapters/CheckStartStateCollision'
[move_group-15] [INFO] [1787987384.465238010] [cite.cell_a.arm_1.move_group]: Loaded adapter 'default_planning_request_adapters/CheckStartStateCollision'
[move_group-16] [INFO] [1787987384.465103635] [cite.cell_a.arm_2.move_group.moveit.planners.pilz.command_planner]: Registered Algorithm [LIN]
[move_group-16] [INFO] [1787987384.465123510] [cite.cell_a.arm_2.move_group.moveit.planners.pilz.command_planner]: About to load: pilz_industrial_motion_planner/PlanningContextLoaderPTP
[move_group-16] [INFO] [1787987384.465545301] [cite.cell_a.arm_2.move_group.moveit.planners.pilz.command_planner]: Registered Algorithm [PTP]
[move_group-17] [INFO] [1787987384.465346093] [cite.cell_a.arm_3.move_group]: Try loading adapter 'default_planning_request_adapters/ResolveConstraintFrames'
[move_group-16] [INFO] [1787987384.465557885] [cite.cell_a.arm_2.move_group.moveit.ros.planning_pipeline]: Successfully loaded planner 'Pilz Industrial Motion Planner'
[move_group-17] [INFO] [1787987384.465841135] [cite.cell_a.arm_3.move_group]: Loaded adapter 'default_planning_request_adapters/ResolveConstraintFrames'
[move_group-17] [INFO] [1787987384.465846968] [cite.cell_a.arm_3.move_group]: Try loading adapter 'default_planning_request_adapters/ValidateWorkspaceBounds'
[move_group-17] [INFO] [1787987384.466025885] [cite.cell_a.arm_3.move_group]: Loaded adapter 'default_planning_request_adapters/ValidateWorkspaceBounds'
[move_group-17] [INFO] [1787987384.466033010] [cite.cell_a.arm_3.move_group]: Try loading adapter 'default_planning_request_adapters/CheckStartStateBounds'
[move_group-17] [INFO] [1787987384.466046551] [cite.cell_a.arm_3.move_group]: Loaded adapter 'default_planning_request_adapters/CheckStartStateBounds'
[move_group-17] [INFO] [1787987384.466051926] [cite.cell_a.arm_3.move_group]: Try loading adapter 'default_planning_request_adapters/CheckStartStateCollision'
[move_group-17] [INFO] [1787987384.466060010] [cite.cell_a.arm_3.move_group]: Loaded adapter 'default_planning_request_adapters/CheckStartStateCollision'
[move_group-15] [INFO] [1787987384.466491635] [cite.cell_a.arm_1.move_group]: Try loading adapter 'default_planning_response_adapters/ValidateSolution'
[move_group-16] [INFO] [1787987384.466640968] [cite.cell_a.arm_2.move_group]: Try loading adapter 'default_planning_request_adapters/ResolveConstraintFrames'
[move_group-17] [INFO] [1787987384.466815676] [cite.cell_a.arm_3.move_group]: Try loading adapter 'default_planning_response_adapters/ValidateSolution'
[move_group-16] [INFO] [1787987384.467068218] [cite.cell_a.arm_2.move_group]: Loaded adapter 'default_planning_request_adapters/ResolveConstraintFrames'
[move_group-16] [INFO] [1787987384.467074468] [cite.cell_a.arm_2.move_group]: Try loading adapter 'default_planning_request_adapters/ValidateWorkspaceBounds'
[move_group-16] [INFO] [1787987384.467242801] [cite.cell_a.arm_2.move_group]: Loaded adapter 'default_planning_request_adapters/ValidateWorkspaceBounds'
[move_group-16] [INFO] [1787987384.467249135] [cite.cell_a.arm_2.move_group]: Try loading adapter 'default_planning_request_adapters/CheckStartStateBounds'
[move_group-16] [INFO] [1787987384.467258551] [cite.cell_a.arm_2.move_group]: Loaded adapter 'default_planning_request_adapters/CheckStartStateBounds'
[move_group-16] [INFO] [1787987384.467260968] [cite.cell_a.arm_2.move_group]: Try loading adapter 'default_planning_request_adapters/CheckStartStateCollision'
[move_group-16] [INFO] [1787987384.467268343] [cite.cell_a.arm_2.move_group]: Loaded adapter 'default_planning_request_adapters/CheckStartStateCollision'
[move_group-16] [INFO] [1787987384.467869135] [cite.cell_a.arm_2.move_group]: Try loading adapter 'default_planning_response_adapters/ValidateSolution'
[move_group-17] [INFO] [1787987384.470094260] [cite.cell_a.arm_3.move_group]: Loaded adapter 'default_planning_response_adapters/ValidateSolution'
[move_group-17] [INFO] [1787987384.470116093] [cite.cell_a.arm_3.move_group]: Try loading adapter 'default_planning_response_adapters/DisplayMotionPath'
[move_group-17] [INFO] [1787987384.470562593] [cite.cell_a.arm_3.move_group]: Loaded adapter 'default_planning_response_adapters/DisplayMotionPath'
[move_group-15] [INFO] [1787987384.470234385] [cite.cell_a.arm_1.move_group]: Loaded adapter 'default_planning_response_adapters/ValidateSolution'
[move_group-15] [INFO] [1787987384.470252968] [cite.cell_a.arm_1.move_group]: Try loading adapter 'default_planning_response_adapters/DisplayMotionPath'
[move_group-15] [INFO] [1787987384.471592135] [cite.cell_a.arm_1.move_group]: Loaded adapter 'default_planning_response_adapters/DisplayMotionPath'
[move_group-16] [INFO] [1787987384.470587343] [cite.cell_a.arm_2.move_group]: Loaded adapter 'default_planning_response_adapters/ValidateSolution'
[move_group-16] [INFO] [1787987384.470602635] [cite.cell_a.arm_2.move_group]: Try loading adapter 'default_planning_response_adapters/DisplayMotionPath'
[move_group-16] [INFO] [1787987384.472782801] [cite.cell_a.arm_2.move_group]: Loaded adapter 'default_planning_response_adapters/DisplayMotionPath'
[move_group-17] [INFO] [1787987384.480723385] [cite.cell_a.arm_3.move_group.moveit.ros.planning_pipeline]: Successfully loaded planner 'OMPL'
[move_group-15] [INFO] [1787987384.480723593] [cite.cell_a.arm_1.move_group.moveit.ros.planning_pipeline]: Successfully loaded planner 'OMPL'
[move_group-16] [INFO] [1787987384.481758760] [cite.cell_a.arm_2.move_group.moveit.ros.planning_pipeline]: Successfully loaded planner 'OMPL'
[move_group-15] [INFO] [1787987384.482281176] [cite.cell_a.arm_1.move_group]: Try loading adapter 'default_planning_request_adapters/ResolveConstraintFrames'
[move_group-17] [INFO] [1787987384.482281301] [cite.cell_a.arm_3.move_group]: Try loading adapter 'default_planning_request_adapters/ResolveConstraintFrames'
[move_group-15] [INFO] [1787987384.482363468] [cite.cell_a.arm_1.move_group]: Loaded adapter 'default_planning_request_adapters/ResolveConstraintFrames'
[move_group-15] [INFO] [1787987384.482367135] [cite.cell_a.arm_1.move_group]: Try loading adapter 'default_planning_request_adapters/ValidateWorkspaceBounds'
[move_group-17] [INFO] [1787987384.482365010] [cite.cell_a.arm_3.move_group]: Loaded adapter 'default_planning_request_adapters/ResolveConstraintFrames'
[move_group-17] [INFO] [1787987384.482369260] [cite.cell_a.arm_3.move_group]: Try loading adapter 'default_planning_request_adapters/ValidateWorkspaceBounds'
[move_group-16] [INFO] [1787987384.482467385] [cite.cell_a.arm_2.move_group]: Try loading adapter 'default_planning_request_adapters/ResolveConstraintFrames'
[move_group-16] [INFO] [1787987384.482583260] [cite.cell_a.arm_2.move_group]: Loaded adapter 'default_planning_request_adapters/ResolveConstraintFrames'
[move_group-16] [INFO] [1787987384.482593051] [cite.cell_a.arm_2.move_group]: Try loading adapter 'default_planning_request_adapters/ValidateWorkspaceBounds'
[move_group-15] [INFO] [1787987384.482602426] [cite.cell_a.arm_1.move_group]: Loaded adapter 'default_planning_request_adapters/ValidateWorkspaceBounds'
[move_group-15] [INFO] [1787987384.482612176] [cite.cell_a.arm_1.move_group]: Try loading adapter 'default_planning_request_adapters/CheckStartStateBounds'
[move_group-15] [INFO] [1787987384.482652801] [cite.cell_a.arm_1.move_group]: Loaded adapter 'default_planning_request_adapters/CheckStartStateBounds'
[move_group-17] [INFO] [1787987384.482605468] [cite.cell_a.arm_3.move_group]: Loaded adapter 'default_planning_request_adapters/ValidateWorkspaceBounds'
[move_group-17] [INFO] [1787987384.482615926] [cite.cell_a.arm_3.move_group]: Try loading adapter 'default_planning_request_adapters/CheckStartStateBounds'
[move_group-17] [INFO] [1787987384.482650426] [cite.cell_a.arm_3.move_group]: Loaded adapter 'default_planning_request_adapters/CheckStartStateBounds'
[move_group-17] [INFO] [1787987384.482678885] [cite.cell_a.arm_3.move_group]: Try loading adapter 'default_planning_request_adapters/CheckStartStateCollision'
[move_group-17] [INFO] [1787987384.482697218] [cite.cell_a.arm_3.move_group]: Loaded adapter 'default_planning_request_adapters/CheckStartStateCollision'
[move_group-15] [INFO] [1787987384.482739218] [cite.cell_a.arm_1.move_group]: Try loading adapter 'default_planning_request_adapters/CheckStartStateCollision'
[move_group-15] [INFO] [1787987384.482757968] [cite.cell_a.arm_1.move_group]: Loaded adapter 'default_planning_request_adapters/CheckStartStateCollision'
[move_group-16] [INFO] [1787987384.483401051] [cite.cell_a.arm_2.move_group]: Loaded adapter 'default_planning_request_adapters/ValidateWorkspaceBounds'
[move_group-16] [INFO] [1787987384.483415968] [cite.cell_a.arm_2.move_group]: Try loading adapter 'default_planning_request_adapters/CheckStartStateBounds'
[move_group-16] [INFO] [1787987384.483435093] [cite.cell_a.arm_2.move_group]: Loaded adapter 'default_planning_request_adapters/CheckStartStateBounds'
[move_group-16] [INFO] [1787987384.483452926] [cite.cell_a.arm_2.move_group]: Try loading adapter 'default_planning_request_adapters/CheckStartStateCollision'
[move_group-16] [INFO] [1787987384.483466218] [cite.cell_a.arm_2.move_group]: Loaded adapter 'default_planning_request_adapters/CheckStartStateCollision'
[move_group-17] [INFO] [1787987384.484344926] [cite.cell_a.arm_3.move_group]: Try loading adapter 'default_planning_response_adapters/AddTimeOptimalParameterization'
[move_group-15] [INFO] [1787987384.484425801] [cite.cell_a.arm_1.move_group]: Try loading adapter 'default_planning_response_adapters/AddTimeOptimalParameterization'
[move_group-17] [INFO] [1787987384.485021343] [cite.cell_a.arm_3.move_group]: Loaded adapter 'default_planning_response_adapters/AddTimeOptimalParameterization'
[move_group-17] [INFO] [1787987384.485042926] [cite.cell_a.arm_3.move_group]: Try loading adapter 'default_planning_response_adapters/ValidateSolution'
[move_group-16] [INFO] [1787987384.485042135] [cite.cell_a.arm_2.move_group]: Try loading adapter 'default_planning_response_adapters/AddTimeOptimalParameterization'
[move_group-15] [INFO] [1787987384.485772093] [cite.cell_a.arm_1.move_group]: Loaded adapter 'default_planning_response_adapters/AddTimeOptimalParameterization'
[move_group-15] [INFO] [1787987384.485791385] [cite.cell_a.arm_1.move_group]: Try loading adapter 'default_planning_response_adapters/ValidateSolution'
[move_group-17] [INFO] [1787987384.485867843] [cite.cell_a.arm_3.move_group]: Loaded adapter 'default_planning_response_adapters/ValidateSolution'
[move_group-17] [INFO] [1787987384.485887760] [cite.cell_a.arm_3.move_group]: Try loading adapter 'default_planning_response_adapters/DisplayMotionPath'
[move_group-16] [INFO] [1787987384.485973343] [cite.cell_a.arm_2.move_group]: Loaded adapter 'default_planning_response_adapters/AddTimeOptimalParameterization'
[move_group-16] [INFO] [1787987384.485985551] [cite.cell_a.arm_2.move_group]: Try loading adapter 'default_planning_response_adapters/ValidateSolution'
[move_group-16] [INFO] [1787987384.486763718] [cite.cell_a.arm_2.move_group]: Loaded adapter 'default_planning_response_adapters/ValidateSolution'
[move_group-16] [INFO] [1787987384.486777176] [cite.cell_a.arm_2.move_group]: Try loading adapter 'default_planning_response_adapters/DisplayMotionPath'
[move_group-15] [INFO] [1787987384.486880010] [cite.cell_a.arm_1.move_group]: Loaded adapter 'default_planning_response_adapters/ValidateSolution'
[move_group-15] [INFO] [1787987384.486894843] [cite.cell_a.arm_1.move_group]: Try loading adapter 'default_planning_response_adapters/DisplayMotionPath'
[move_group-15] [INFO] [1787987384.487231510] [cite.cell_a.arm_1.move_group]: Loaded adapter 'default_planning_response_adapters/DisplayMotionPath'
[move_group-15] [WARN] [1787987384.489295593] [rcl.logging_rosout]: Publisher already registered for node name: 'move_group'. If this is due to multiple nodes with the same name then all logs for the logger named 'cite.cell_a.arm_1.move_group' will go out over the existing publisher. As soon as any node with that name is destructed it will unregister the publisher, preventing any further logs for that name from being published on the rosout topic.
[move_group-17] [INFO] [1787987384.487094635] [cite.cell_a.arm_3.move_group]: Loaded adapter 'default_planning_response_adapters/DisplayMotionPath'
[move_group-17] [WARN] [1787987384.489457593] [rcl.logging_rosout]: Publisher already registered for node name: 'move_group'. If this is due to multiple nodes with the same name then all logs for the logger named 'cite.cell_a.arm_3.move_group' will go out over the existing publisher. As soon as any node with that name is destructed it will unregister the publisher, preventing any further logs for that name from being published on the rosout topic.
[move_group-16] [INFO] [1787987384.487264343] [cite.cell_a.arm_2.move_group]: Loaded adapter 'default_planning_response_adapters/DisplayMotionPath'
[move_group-16] [WARN] [1787987384.489333426] [rcl.logging_rosout]: Publisher already registered for node name: 'move_group'. If this is due to multiple nodes with the same name then all logs for the logger named 'cite.cell_a.arm_2.move_group' will go out over the existing publisher. As soon as any node with that name is destructed it will unregister the publisher, preventing any further logs for that name from being published on the rosout topic.
[topology_server.py-13] [INFO] [1787987384.507237676] [cite.facility.topology_server]: configured with 5 station(s) and 4 edge(s)
[move_group-15] [INFO] [1787987384.519904343] [cite.cell_a.arm_1.move_group.moveit.plugins.simple_controller_manager]: Added FollowJointTrajectory controller for arm_1_joint_trajectory_controller
[move_group-15] [INFO] [1787987384.519938676] [cite.cell_a.arm_1.move_group.moveit.plugins.simple_controller_manager]: arm_1_gripper_controller will command a max effort of: 0
[move_group-16] [INFO] [1787987384.520616968] [cite.cell_a.arm_2.move_group.moveit.plugins.simple_controller_manager]: Added FollowJointTrajectory controller for arm_2_joint_trajectory_controller
[move_group-16] [INFO] [1787987384.520744718] [cite.cell_a.arm_2.move_group.moveit.plugins.simple_controller_manager]: arm_2_gripper_controller will command a max effort of: 0
[move_group-17] [INFO] [1787987384.522510385] [cite.cell_a.arm_3.move_group.moveit.plugins.simple_controller_manager]: Added FollowJointTrajectory controller for arm_3_joint_trajectory_controller
[move_group-17] [INFO] [1787987384.522545510] [cite.cell_a.arm_3.move_group.moveit.plugins.simple_controller_manager]: arm_3_gripper_controller will command a max effort of: 0
[move_group-15] [INFO] [1787987384.523075260] [cite.cell_a.arm_1.move_group.moveit.plugins.simple_controller_manager]: Added GripperCommand controller for arm_1_gripper_controller
[move_group-15] [INFO] [1787987384.523178093] [cite.cell_a.arm_1.move_group.moveit.plugins.simple_controller_manager]: Returned 2 controllers in list
[move_group-15] [INFO] [1787987384.523193010] [cite.cell_a.arm_1.move_group.moveit.plugins.simple_controller_manager]: Returned 2 controllers in list
[move_group-15] [INFO] [1787987384.523617510] [cite.cell_a.arm_1.move_group.moveit.ros.trajectory_execution_manager]: Trajectory execution is not managing controllers
[move_group-15] [INFO] [1787987384.523661926] [cite.cell_a.arm_1.move_group]: MoveGroup debug mode is ON
[move_group-16] [INFO] [1787987384.524038468] [cite.cell_a.arm_2.move_group.moveit.plugins.simple_controller_manager]: Added GripperCommand controller for arm_2_gripper_controller
[move_group-16] [INFO] [1787987384.524129051] [cite.cell_a.arm_2.move_group.moveit.plugins.simple_controller_manager]: Returned 2 controllers in list
[move_group-16] [INFO] [1787987384.524143176] [cite.cell_a.arm_2.move_group.moveit.plugins.simple_controller_manager]: Returned 2 controllers in list
[move_group-16] [INFO] [1787987384.524442635] [cite.cell_a.arm_2.move_group.moveit.ros.trajectory_execution_manager]: Trajectory execution is not managing controllers
[move_group-16] [INFO] [1787987384.524450801] [cite.cell_a.arm_2.move_group]: MoveGroup debug mode is ON
[move_group-17] [INFO] [1787987384.526608718] [cite.cell_a.arm_3.move_group.moveit.plugins.simple_controller_manager]: Added GripperCommand controller for arm_3_gripper_controller
[move_group-17] [INFO] [1787987384.526727801] [cite.cell_a.arm_3.move_group.moveit.plugins.simple_controller_manager]: Returned 2 controllers in list
[move_group-17] [INFO] [1787987384.526747093] [cite.cell_a.arm_3.move_group.moveit.plugins.simple_controller_manager]: Returned 2 controllers in list
[move_group-17] [INFO] [1787987384.526989093] [cite.cell_a.arm_3.move_group.moveit.ros.trajectory_execution_manager]: Trajectory execution is not managing controllers
[move_group-17] [INFO] [1787987384.527000718] [cite.cell_a.arm_3.move_group]: MoveGroup debug mode is ON
[move_group-16] [INFO] [1787987384.544903676] [cite.cell_a.arm_2.move_group.moveit.ros.move_group.executable]: 
[move_group-16] 
[move_group-16] ********************************************************
[move_group-16] * MoveGroup using: 
[move_group-16] *     - apply_planning_scene_service
[move_group-16] *     - clear_octomap_service
[move_group-16] *     - get_group_urdf
[move_group-16] *     - load_geometry_from_file
[move_group-16] *     - CartesianPathService
[move_group-16] *     - execute_trajectory_action
[move_group-16] *     - get_planning_scene_service
[move_group-16] *     - kinematics_service
[move_group-16] *     - move_action
[move_group-16] *     - motion_plan_service
[move_group-16] *     - query_planners_service
[move_group-16] *     - state_validation_service
[move_group-16] *     - save_geometry_to_file
[move_group-16] ********************************************************
[move_group-16] 
[move_group-16] [INFO] [1787987384.544945801] [cite.cell_a.arm_2.move_group.moveit.ros.move_group.context]: MoveGroup context using pipeline pilz_industrial_motion_planner
[move_group-16] [INFO] [1787987384.544951718] [cite.cell_a.arm_2.move_group.moveit.ros.move_group.context]: MoveGroup context initialization complete
[move_group-16] [96mLoading 'move_group/ApplyPlanningSceneService'...[0m
[move_group-16] [96mLoading 'move_group/ClearOctomapService'...[0m
[move_group-16] [96mLoading 'move_group/GetUrdfService'...[0m
[move_group-16] [96mLoading 'move_group/LoadGeometryFromFileService'...[0m
[move_group-16] [96mLoading 'move_group/MoveGroupCartesianPathService'...[0m
[move_group-16] [96mLoading 'move_group/MoveGroupExecuteTrajectoryAction'...[0m
[move_group-16] [96mLoading 'move_group/MoveGroupGetPlanningSceneService'...[0m
[move_group-16] [96mLoading 'move_group/MoveGroupKinematicsService'...[0m
[move_group-16] [96mLoading 'move_group/MoveGroupMoveAction'...[0m
[move_group-16] [96mLoading 'move_group/MoveGroupPlanService'...[0m
[move_group-16] [96mLoading 'move_group/MoveGroupQueryPlannersService'...[0m
[move_group-16] [96mLoading 'move_group/MoveGroupStateValidationService'...[0m
[move_group-16] [96mLoading 'move_group/SaveGeometryToFileService'...[0m
[move_group-16] 
[move_group-16] [92mYou can start planning now![0m
[move_group-16] 
[create-8] [INFO] [1787987384.545273010] [spawn_arm_2]: Waiting messages on topic [/cite/cell_a/arm_2/robot_description].
[move_group-15] [INFO] [1787987384.546815051] [cite.cell_a.arm_1.move_group.moveit.ros.move_group.executable]: 
[move_group-15] 
[move_group-15] ********************************************************
[move_group-15] * MoveGroup using: 
[move_group-15] *     - apply_planning_scene_service
[move_group-15] *     - clear_octomap_service
[move_group-15] *     - get_group_urdf
[move_group-15] *     - load_geometry_from_file
[move_group-15] *     - CartesianPathService
[move_group-15] *     - execute_trajectory_action
[move_group-15] *     - get_planning_scene_service
[move_group-15] *     - kinematics_service
[move_group-15] *     - move_action
[move_group-15] *     - motion_plan_service
[move_group-15] *     - query_planners_service
[move_group-15] *     - state_validation_service
[move_group-15] *     - save_geometry_to_file
[move_group-15] ********************************************************
[move_group-15] 
[move_group-15] [INFO] [1787987384.546846093] [cite.cell_a.arm_1.move_group.moveit.ros.move_group.context]: MoveGroup context using pipeline pilz_industrial_motion_planner
[move_group-15] [INFO] [1787987384.546852093] [cite.cell_a.arm_1.move_group.moveit.ros.move_group.context]: MoveGroup context initialization complete
[move_group-15] [96mLoading 'move_group/ApplyPlanningSceneService'...[0m
[move_group-15] [96mLoading 'move_group/ClearOctomapService'...[0m
[move_group-15] [96mLoading 'move_group/GetUrdfService'...[0m
[move_group-15] [96mLoading 'move_group/LoadGeometryFromFileService'...[0m
[move_group-15] [96mLoading 'move_group/MoveGroupCartesianPathService'...[0m
[move_group-15] [96mLoading 'move_group/MoveGroupExecuteTrajectoryAction'...[0m
[move_group-15] [96mLoading 'move_group/MoveGroupGetPlanningSceneService'...[0m
[move_group-15] [96mLoading 'move_group/MoveGroupKinematicsService'...[0m
[move_group-15] [96mLoading 'move_group/MoveGroupMoveAction'...[0m
[move_group-15] [96mLoading 'move_group/MoveGroupPlanService'...[0m
[move_group-15] [96mLoading 'move_group/MoveGroupQueryPlannersService'...[0m
[move_group-15] [96mLoading 'move_group/MoveGroupStateValidationService'...[0m
[move_group-15] [96mLoading 'move_group/SaveGeometryToFileService'...[0m
[move_group-15] 
[move_group-15] [92mYou can start planning now![0m
[move_group-15] 
[move_group-17] [INFO] [1787987384.549188260] [cite.cell_a.arm_3.move_group.moveit.ros.move_group.executable]: 
[move_group-17] 
[move_group-17] ********************************************************
[move_group-17] * MoveGroup using: 
[move_group-17] *     - apply_planning_scene_service
[move_group-17] *     - clear_octomap_service
[move_group-17] *     - get_group_urdf
[move_group-17] *     - load_geometry_from_file
[move_group-17] *     - CartesianPathService
[move_group-17] *     - execute_trajectory_action
[move_group-17] *     - get_planning_scene_service
[move_group-17] *     - kinematics_service
[move_group-17] *     - move_action
[move_group-17] *     - motion_plan_service
[move_group-17] *     - query_planners_service
[move_group-17] *     - state_validation_service
[move_group-17] *     - save_geometry_to_file
[move_group-17] ********************************************************
[move_group-17] 
[move_group-17] [INFO] [1787987384.549219760] [cite.cell_a.arm_3.move_group.moveit.ros.move_group.context]: MoveGroup context using pipeline pilz_industrial_motion_planner
[move_group-17] [INFO] [1787987384.549225468] [cite.cell_a.arm_3.move_group.moveit.ros.move_group.context]: MoveGroup context initialization complete
[move_group-17] [96mLoading 'move_group/ApplyPlanningSceneService'...[0m
[move_group-17] [96mLoading 'move_group/ClearOctomapService'...[0m
[move_group-17] [96mLoading 'move_group/GetUrdfService'...[0m
[move_group-17] [96mLoading 'move_group/LoadGeometryFromFileService'...[0m
[move_group-17] [96mLoading 'move_group/MoveGroupCartesianPathService'...[0m
[move_group-17] [96mLoading 'move_group/MoveGroupExecuteTrajectoryAction'...[0m
[move_group-17] [96mLoading 'move_group/MoveGroupGetPlanningSceneService'...[0m
[move_group-17] [96mLoading 'move_group/MoveGroupKinematicsService'...[0m
[move_group-17] [96mLoading 'move_group/MoveGroupMoveAction'...[0m
[move_group-17] [96mLoading 'move_group/MoveGroupPlanService'...[0m
[move_group-17] [96mLoading 'move_group/MoveGroupQueryPlannersService'...[0m
[move_group-17] [96mLoading 'move_group/MoveGroupStateValidationService'...[0m
[move_group-17] [96mLoading 'move_group/SaveGeometryToFileService'...[0m
[move_group-17] 
[move_group-17] [92mYou can start planning now![0m
[move_group-17] 
[create-4] [INFO] [1787987384.646000926] [spawn_scene]: Entity creation successful.
[create-10] [INFO] [1787987384.646091343] [spawn_arm_3]: Entity creation successful.
[create-8] [INFO] [1787987384.646182135] [spawn_arm_2]: Entity creation successful.
[create-6] [INFO] [1787987384.647044676] [spawn_arm_1]: Waiting messages on topic [/cite/cell_a/arm_1/robot_description].
[create-6] [INFO] [1787987384.660608593] [spawn_arm_1]: Entity creation successful.
[INFO] [create-8]: process has finished cleanly [pid 127]
[INFO] [create-4]: process has finished cleanly [pid 123]
[INFO] [create-10]: process has finished cleanly [pid 129]
[INFO] [create-6]: process has finished cleanly [pid 125]
[gz-1] [1;33mWarning [parser_urdf.cc:1170][0m multiple inconsistent <self_collide> exists due to fixed joint reduction overwriting previous value [1] with [0].
[gz-1] [1;31m[Err] [SystemLoader.cc:92] [0m[1;31mFailed to load system plugin [[0m[1;31mlibgazebo_mimic_joint_plugin.so[0m[1;31m] : Could not find shared library.[0m[1;31m[0m
[gz-1] [1;31m[Err] [SystemLoader.cc:92] [0m[1;31mFailed to load system plugin [[0m[1;31mlibgazebo_mimic_joint_plugin.so[0m[1;31m] : Could not find shared library.[0m[1;31m[0m
[gz-1] [1;31m[Err] [SystemLoader.cc:92] [0m[1;31mFailed to load system plugin [[0m[1;31mlibgazebo_mimic_joint_plugin.so[0m[1;31m] : Could not find shared library.[0m[1;31m[0m
[gz-1] [1;31m[Err] [SystemLoader.cc:92] [0m[1;31mFailed to load system plugin [[0m[1;31mlibgazebo_mimic_joint_plugin.so[0m[1;31m] : Could not find shared library.[0m[1;31m[0m
[gz-1] [1;31m[Err] [SystemLoader.cc:92] [0m[1;31mFailed to load system plugin [[0m[1;31mlibgazebo_mimic_joint_plugin.so[0m[1;31m] : Could not find shared library.[0m[1;31m[0m
[gz-1] [INFO] [1787987386.152276302] [cite.cell_a.arm_3.gz_ros_control]: [gz_ros2_control] Fixed joint ['arm_3_mount_world_anchor'] (Entity='86') is skipped.
[gz-1] [INFO] [1787987386.155733302] [cite.cell_a.arm_3.gz_ros_control]: Loading controller_manager
[gz-1] [INFO] [1787987386.166881719] [cite.cell_a.arm_3.controller_manager]: Using ROS clock for triggering controller manager cycles.
[gz-1] [INFO] [1787987386.170465927] [cite.cell_a.arm_3.controller_manager]: Subscribing to '/cite/cell_a/arm_3/robot_description' topic for robot description.
[gz-1] [WARN] [1787987386.173067135] [cite.cell_a.arm_3.gz_ros_control]: Waiting RM to load and initialize hardware...
[gz-1] [WARN] [1787987387.171041553] [cite.cell_a.arm_3.controller_manager]: Waiting for data on 'robot_description' topic to finish initialization
[model_info.py-12] [INFO] [1787987387.422468844] [cite.facility.model_info]: configured for model 773b868ee603
[frame_server.py-11] [INFO] [1787987387.484552261] [cite.facility.frame_server]: configured with 21 static transform(s)
[frame_server.py-11] [INFO] [1787987387.491426303] [cite.facility.frame_server]: published 21 static transform(s)
[gz-1] [WARN] [1787987388.173851095] [cite.cell_a.arm_3.controller_manager]: Waiting for data on 'robot_description' topic to finish initialization
[gz-1] [WARN] [1787987388.173896928] [cite.cell_a.arm_3.gz_ros_control]: Waiting RM to load and initialize hardware...
[gz-1] [INFO] [1787987388.348034970] [cite.cell_a.arm_3.controller_manager]: Received robot description from topic.
[gz-1] [INFO] [1787987388.353597845] [cite.cell_a.arm_3.gz_ros_control]: Using JointLimiter for joint 'arm_3_joint5' in hardware 'arm_3_gz_ros2_control/GazeboSimSystem' : '  has position limits: true [-6.28319, 6.28319]
[gz-1]   has velocity limits: true [3.14]
[gz-1]   has acceleration limits: false [nan]
[gz-1]   has deceleration limits: false [nan]
[gz-1]   has jerk limits: false [nan]
[gz-1]   has effort limits: true [20]
[gz-1]   angle wraparound: false'
[gz-1] [INFO] [1787987388.353680928] [cite.cell_a.arm_3.gz_ros_control]: Creating JointSaturationLimiter for joint 'arm_3_joint5' in hardware 'arm_3_gz_ros2_control/GazeboSimSystem'
[gz-1] [INFO] [1787987388.353727595] [cite.cell_a.arm_3.gz_ros_control]: Using JointLimiter for joint 'arm_3_joint3' in hardware 'arm_3_gz_ros2_control/GazeboSimSystem' : '  has position limits: true [-3.927, 0.19198]
[gz-1]   has velocity limits: true [3.14]
[gz-1]   has acceleration limits: false [nan]
[gz-1]   has deceleration limits: false [nan]
[gz-1]   has jerk limits: false [nan]
[gz-1]   has effort limits: true [30]
[gz-1]   angle wraparound: false'
[gz-1] [INFO] [1787987388.353739345] [cite.cell_a.arm_3.gz_ros_control]: Creating JointSaturationLimiter for joint 'arm_3_joint3' in hardware 'arm_3_gz_ros2_control/GazeboSimSystem'
[gz-1] [INFO] [1787987388.353750303] [cite.cell_a.arm_3.gz_ros_control]: Using JointLimiter for joint 'arm_3_joint4' in hardware 'arm_3_gz_ros2_control/GazeboSimSystem' : '  has position limits: true [-1.69297, 3.14159]
[gz-1]   has velocity limits: true [3.14]
[gz-1]   has acceleration limits: false [nan]
[gz-1]   has deceleration limits: false [nan]
[gz-1]   has jerk limits: false [nan]
[gz-1]   has effort limits: true [20]
[gz-1]   angle wraparound: false'
[gz-1] [INFO] [1787987388.353755095] [cite.cell_a.arm_3.gz_ros_control]: Creating JointSaturationLimiter for joint 'arm_3_joint4' in hardware 'arm_3_gz_ros2_control/GazeboSimSystem'
[gz-1] [INFO] [1787987388.353760970] [cite.cell_a.arm_3.gz_ros_control]: Using JointLimiter for joint 'arm_3_joint2' in hardware 'arm_3_gz_ros2_control/GazeboSimSystem' : '  has position limits: true [-2.059, 2.0944]
[gz-1]   has velocity limits: true [3.14]
[gz-1]   has acceleration limits: false [nan]
[gz-1]   has deceleration limits: false [nan]
[gz-1]   has jerk limits: false [nan]
[gz-1]   has effort limits: true [50]
[gz-1]   angle wraparound: false'
[gz-1] [INFO] [1787987388.353765095] [cite.cell_a.arm_3.gz_ros_control]: Creating JointSaturationLimiter for joint 'arm_3_joint2' in hardware 'arm_3_gz_ros2_control/GazeboSimSystem'
[gz-1] [INFO] [1787987388.353778886] [cite.cell_a.arm_3.gz_ros_control]: Using JointLimiter for joint 'arm_3_joint1' in hardware 'arm_3_gz_ros2_control/GazeboSimSystem' : '  has position limits: true [-6.28319, 6.28319]
[gz-1]   has velocity limits: true [3.14]
[gz-1]   has acceleration limits: false [nan]
[gz-1]   has deceleration limits: false [nan]
[gz-1]   has jerk limits: false [nan]
[gz-1]   has effort limits: true [50]
[gz-1]   angle wraparound: false'
[gz-1] [INFO] [1787987388.353783345] [cite.cell_a.arm_3.gz_ros_control]: Creating JointSaturationLimiter for joint 'arm_3_joint1' in hardware 'arm_3_gz_ros2_control/GazeboSimSystem'
[gz-1] [INFO] [1787987388.353790636] [cite.cell_a.arm_3.gz_ros_control]: Using JointLimiter for joint 'arm_3_right_inner_knuckle_joint' in hardware 'arm_3_XArmGripperSystem' : '  has position limits: true [0, 0.85]
[gz-1]   has velocity limits: true [2]
[gz-1]   has acceleration limits: false [nan]
[gz-1]   has deceleration limits: false [nan]
[gz-1]   has jerk limits: false [nan]
[gz-1]   has effort limits: true [50]
[gz-1]   angle wraparound: false'
[gz-1] [INFO] [1787987388.353853511] [cite.cell_a.arm_3.gz_ros_control]: Creating JointSaturationLimiter for joint 'arm_3_right_inner_knuckle_joint' in hardware 'arm_3_XArmGripperSystem'
[gz-1] [INFO] [1787987388.353869636] [cite.cell_a.arm_3.gz_ros_control]: Using JointLimiter for joint 'arm_3_right_finger_joint' in hardware 'arm_3_XArmGripperSystem' : '  has position limits: true [0, 0.85]
[gz-1]   has velocity limits: true [2]
[gz-1]   has acceleration limits: false [nan]
[gz-1]   has deceleration limits: false [nan]
[gz-1]   has jerk limits: false [nan]
[gz-1]   has effort limits: true [50]
[gz-1]   angle wraparound: false'
[gz-1] [INFO] [1787987388.353881011] [cite.cell_a.arm_3.gz_ros_control]: Creating JointSaturationLimiter for joint 'arm_3_right_finger_joint' in hardware 'arm_3_XArmGripperSystem'
[gz-1] [INFO] [1787987388.353893095] [cite.cell_a.arm_3.gz_ros_control]: Using JointLimiter for joint 'arm_3_right_outer_knuckle_joint' in hardware 'arm_3_XArmGripperSystem' : '  has position limits: true [0, 0.85]
[gz-1]   has velocity limits: true [2]
[gz-1]   has acceleration limits: false [nan]
[gz-1]   has deceleration limits: false [nan]
[gz-1]   has jerk limits: false [nan]
[gz-1]   has effort limits: true [50]
[gz-1]   angle wraparound: false'
[gz-1] [INFO] [1787987388.353907220] [cite.cell_a.arm_3.gz_ros_control]: Creating JointSaturationLimiter for joint 'arm_3_right_outer_knuckle_joint' in hardware 'arm_3_XArmGripperSystem'
[gz-1] [INFO] [1787987388.353920261] [cite.cell_a.arm_3.gz_ros_control]: Using JointLimiter for joint 'arm_3_left_inner_knuckle_joint' in hardware 'arm_3_XArmGripperSystem' : '  has position limits: true [0, 0.85]
[gz-1]   has velocity limits: true [2]
[gz-1]   has acceleration limits: false [nan]
[gz-1]   has deceleration limits: false [nan]
[gz-1]   has jerk limits: false [nan]
[gz-1]   has effort limits: true [50]
[gz-1]   angle wraparound: false'
[gz-1] [INFO] [1787987388.353924136] [cite.cell_a.arm_3.gz_ros_control]: Creating JointSaturationLimiter for joint 'arm_3_left_inner_knuckle_joint' in hardware 'arm_3_XArmGripperSystem'
[gz-1] [INFO] [1787987388.353930970] [cite.cell_a.arm_3.gz_ros_control]: Using JointLimiter for joint 'arm_3_left_finger_joint' in hardware 'arm_3_XArmGripperSystem' : '  has position limits: true [0, 0.85]
[gz-1]   has velocity limits: true [2]
[gz-1]   has acceleration limits: false [nan]
[gz-1]   has deceleration limits: false [nan]
[gz-1]   has jerk limits: false [nan]
[gz-1]   has effort limits: true [50]
[gz-1]   angle wraparound: false'
[gz-1] [INFO] [1787987388.353941636] [cite.cell_a.arm_3.gz_ros_control]: Creating JointSaturationLimiter for joint 'arm_3_left_finger_joint' in hardware 'arm_3_XArmGripperSystem'
[gz-1] [INFO] [1787987388.353948511] [cite.cell_a.arm_3.gz_ros_control]: Using JointLimiter for joint 'arm_3_drive_joint' in hardware 'arm_3_XArmGripperSystem' : '  has position limits: true [0, 0.85]
[gz-1]   has velocity limits: true [1]
[gz-1]   has acceleration limits: false [nan]
[gz-1]   has deceleration limits: false [nan]
[gz-1]   has jerk limits: false [nan]
[gz-1]   has effort limits: true [50]
[gz-1]   angle wraparound: false'
[gz-1] [INFO] [1787987388.353965470] [cite.cell_a.arm_3.gz_ros_control]: Creating JointSaturationLimiter for joint 'arm_3_drive_joint' in hardware 'arm_3_XArmGripperSystem'
[gz-1] [INFO] [1787987388.353979136] [cite.cell_a.arm_3.controller_manager]: Enforcing command limits is enabled...
[gz-1] [INFO] [1787987388.357738386] [cite.cell_a.arm_3.gz_ros_control]: The position_proportional_gain has been set to: 0.1
[gz-1] [INFO] [1787987388.357819886] [cite.cell_a.arm_3.gz_ros_control]: Loading joint: arm_3_joint1
[gz-1] [INFO] [1787987388.357832011] [cite.cell_a.arm_3.gz_ros_control]: 	State:
[gz-1] [INFO] [1787987388.357840053] [cite.cell_a.arm_3.gz_ros_control]: 		 position
[gz-1] [INFO] [1787987388.357849511] [cite.cell_a.arm_3.gz_ros_control]: 		 velocity
[gz-1] [INFO] [1787987388.357863470] [cite.cell_a.arm_3.gz_ros_control]: 	Command:
[gz-1] [INFO] [1787987388.357871720] [cite.cell_a.arm_3.gz_ros_control]: 		 position
[gz-1] [INFO] [1787987388.357890595] [cite.cell_a.arm_3.gz_ros_control]: 		 velocity
[gz-1] [INFO] [1787987388.357900720] [cite.cell_a.arm_3.gz_ros_control]: Loading joint: arm_3_joint2
[gz-1] [INFO] [1787987388.357903803] [cite.cell_a.arm_3.gz_ros_control]: 	State:
[gz-1] [INFO] [1787987388.357906428] [cite.cell_a.arm_3.gz_ros_control]: 		 position
[gz-1] [INFO] [1787987388.357909345] [cite.cell_a.arm_3.gz_ros_control]: 		 velocity
[gz-1] [INFO] [1787987388.357911720] [cite.cell_a.arm_3.gz_ros_control]: 	Command:
[gz-1] [INFO] [1787987388.357914053] [cite.cell_a.arm_3.gz_ros_control]: 		 position
[gz-1] [INFO] [1787987388.357918011] [cite.cell_a.arm_3.gz_ros_control]: 		 velocity
[gz-1] [INFO] [1787987388.357929386] [cite.cell_a.arm_3.gz_ros_control]: Loading joint: arm_3_joint3
[gz-1] [INFO] [1787987388.357937178] [cite.cell_a.arm_3.gz_ros_control]: 	State:
[gz-1] [INFO] [1787987388.357939636] [cite.cell_a.arm_3.gz_ros_control]: 		 position
[gz-1] [INFO] [1787987388.357942720] [cite.cell_a.arm_3.gz_ros_control]: 		 velocity
[gz-1] [INFO] [1787987388.357945178] [cite.cell_a.arm_3.gz_ros_control]: 	Command:
[gz-1] [INFO] [1787987388.357947428] [cite.cell_a.arm_3.gz_ros_control]: 		 position
[gz-1] [INFO] [1787987388.357951678] [cite.cell_a.arm_3.gz_ros_control]: 		 velocity
[gz-1] [INFO] [1787987388.357956720] [cite.cell_a.arm_3.gz_ros_control]: Loading joint: arm_3_joint4
[gz-1] [INFO] [1787987388.357959261] [cite.cell_a.arm_3.gz_ros_control]: 	State:
[gz-1] [INFO] [1787987388.357961595] [cite.cell_a.arm_3.gz_ros_control]: 		 position
[gz-1] [INFO] [1787987388.357963886] [cite.cell_a.arm_3.gz_ros_control]: 		 velocity
[gz-1] [INFO] [1787987388.357966136] [cite.cell_a.arm_3.gz_ros_control]: 	Command:
[gz-1] [INFO] [1787987388.357968303] [cite.cell_a.arm_3.gz_ros_control]: 		 position
[gz-1] [INFO] [1787987388.357971553] [cite.cell_a.arm_3.gz_ros_control]: 		 velocity
[gz-1] [INFO] [1787987388.357983428] [cite.cell_a.arm_3.gz_ros_control]: Loading joint: arm_3_joint5
[gz-1] [INFO] [1787987388.357991303] [cite.cell_a.arm_3.gz_ros_control]: 	State:
[gz-1] [INFO] [1787987388.357993803] [cite.cell_a.arm_3.gz_ros_control]: 		 position
[gz-1] [INFO] [1787987388.357997261] [cite.cell_a.arm_3.gz_ros_control]: 		 velocity
[gz-1] [INFO] [1787987388.357999470] [cite.cell_a.arm_3.gz_ros_control]: 	Command:
[gz-1] [INFO] [1787987388.358001595] [cite.cell_a.arm_3.gz_ros_control]: 		 position
[gz-1] [INFO] [1787987388.358006053] [cite.cell_a.arm_3.gz_ros_control]: 		 velocity
[gz-1] [INFO] [1787987388.358139803] [cite.cell_a.arm_3.controller_manager]: Initialize hardware 'arm_3_gz_ros2_control/GazeboSimSystem' 
[gz-1] [WARN] [1787987388.358166470] [cite.cell_a.arm_3.controller_manager.hardware_component.system.arm_3_gz_ros2_control/GazeboSimSystem]: Executor is not available during hardware component initialization for 'arm_3_gz_ros2_control/GazeboSimSystem'. Skipping node creation!
[gz-1] [INFO] [1787987388.358230053] [cite.cell_a.arm_3.controller_manager]: Successful initialization of hardware 'arm_3_gz_ros2_control/GazeboSimSystem'
[gz-1] [INFO] [1787987388.358416386] [cite.cell_a.arm_3.gz_ros_control]: The position_proportional_gain has been set to: 0.1
[gz-1] [INFO] [1787987388.358429428] [cite.cell_a.arm_3.gz_ros_control]: Loading joint: arm_3_drive_joint
[gz-1] [INFO] [1787987388.358432636] [cite.cell_a.arm_3.gz_ros_control]: 	State:
[gz-1] [INFO] [1787987388.358435595] [cite.cell_a.arm_3.gz_ros_control]: 		 position
[gz-1] [INFO] [1787987388.358438345] [cite.cell_a.arm_3.gz_ros_control]: 		 velocity
[gz-1] [INFO] [1787987388.358441095] [cite.cell_a.arm_3.gz_ros_control]: 	Command:
[gz-1] [INFO] [1787987388.358443220] [cite.cell_a.arm_3.gz_ros_control]: 		 position
[gz-1] [INFO] [1787987388.358447428] [cite.cell_a.arm_3.gz_ros_control]: 		 velocity
[gz-1] [INFO] [1787987388.358454136] [cite.cell_a.arm_3.gz_ros_control]: Loading joint: arm_3_left_finger_joint
[gz-1] [INFO] [1787987388.358457970] [cite.cell_a.arm_3.gz_ros_control]: Joint 'arm_3_left_finger_joint'is mimicking joint 'arm_3_drive_joint' with multiplier: 1 and offset: 0
[gz-1] [INFO] [1787987388.358461178] [cite.cell_a.arm_3.gz_ros_control]: 	State:
[gz-1] [INFO] [1787987388.358463636] [cite.cell_a.arm_3.gz_ros_control]: 		 position
[gz-1] [INFO] [1787987388.358466470] [cite.cell_a.arm_3.gz_ros_control]: 		 velocity
[gz-1] [INFO] [1787987388.358468845] [cite.cell_a.arm_3.gz_ros_control]: 	Command:
[gz-1] [INFO] [1787987388.358477928] [cite.cell_a.arm_3.gz_ros_control]: Loading joint: arm_3_left_inner_knuckle_joint
[gz-1] [INFO] [1787987388.358481511] [cite.cell_a.arm_3.gz_ros_control]: Joint 'arm_3_left_inner_knuckle_joint'is mimicking joint 'arm_3_drive_joint' with multiplier: 1 and offset: 0
[gz-1] [INFO] [1787987388.358484386] [cite.cell_a.arm_3.gz_ros_control]: 	State:
[gz-1] [INFO] [1787987388.358486678] [cite.cell_a.arm_3.gz_ros_control]: 		 position
[gz-1] [INFO] [1787987388.358489636] [cite.cell_a.arm_3.gz_ros_control]: 		 velocity
[gz-1] [INFO] [1787987388.358491970] [cite.cell_a.arm_3.gz_ros_control]: 	Command:
[gz-1] [INFO] [1787987388.358497178] [cite.cell_a.arm_3.gz_ros_control]: Loading joint: arm_3_right_outer_knuckle_joint
[gz-1] [INFO] [1787987388.358500386] [cite.cell_a.arm_3.gz_ros_control]: Joint 'arm_3_right_outer_knuckle_joint'is mimicking joint 'arm_3_drive_joint' with multiplier: 1 and offset: 0
[gz-1] [INFO] [1787987388.358504886] [cite.cell_a.arm_3.gz_ros_control]: 	State:
[gz-1] [INFO] [1787987388.358507220] [cite.cell_a.arm_3.gz_ros_control]: 		 position
[gz-1] [INFO] [1787987388.358509636] [cite.cell_a.arm_3.gz_ros_control]: 		 velocity
[gz-1] [INFO] [1787987388.358511928] [cite.cell_a.arm_3.gz_ros_control]: 	Command:
[gz-1] [INFO] [1787987388.358516803] [cite.cell_a.arm_3.gz_ros_control]: Loading joint: arm_3_right_finger_joint
[gz-1] [INFO] [1787987388.358519845] [cite.cell_a.arm_3.gz_ros_control]: Joint 'arm_3_right_finger_joint'is mimicking joint 'arm_3_drive_joint' with multiplier: 1 and offset: 0
[gz-1] [INFO] [1787987388.358522886] [cite.cell_a.arm_3.gz_ros_control]: 	State:
[gz-1] [INFO] [1787987388.358525095] [cite.cell_a.arm_3.gz_ros_control]: 		 position
[gz-1] [INFO] [1787987388.358528220] [cite.cell_a.arm_3.gz_ros_control]: 		 velocity
[gz-1] [INFO] [1787987388.358530553] [cite.cell_a.arm_3.gz_ros_control]: 	Command:
[gz-1] [INFO] [1787987388.358535053] [cite.cell_a.arm_3.gz_ros_control]: Loading joint: arm_3_right_inner_knuckle_joint
[gz-1] [INFO] [1787987388.358538345] [cite.cell_a.arm_3.gz_ros_control]: Joint 'arm_3_right_inner_knuckle_joint'is mimicking joint 'arm_3_drive_joint' with multiplier: 1 and offset: 0
[gz-1] [INFO] [1787987388.358541053] [cite.cell_a.arm_3.gz_ros_control]: 	State:
[gz-1] [INFO] [1787987388.358543428] [cite.cell_a.arm_3.gz_ros_control]: 		 position
[gz-1] [INFO] [1787987388.358545678] [cite.cell_a.arm_3.gz_ros_control]: 		 velocity
[gz-1] [INFO] [1787987388.358547928] [cite.cell_a.arm_3.gz_ros_control]: 	Command:
[gz-1] [INFO] [1787987388.358564053] [cite.cell_a.arm_3.controller_manager]: Initialize hardware 'arm_3_XArmGripperSystem' 
[gz-1] [WARN] [1787987388.358569636] [cite.cell_a.arm_3.controller_manager.hardware_component.system.arm_3_XArmGripperSystem]: Executor is not available during hardware component initialization for 'arm_3_XArmGripperSystem'. Skipping node creation!
[gz-1] [INFO] [1787987388.358593803] [cite.cell_a.arm_3.controller_manager]: Successful initialization of hardware 'arm_3_XArmGripperSystem'
[gz-1] [INFO] [1787987388.358685636] [cite.cell_a.arm_3.controller_manager]: Activating component 'arm_3_XArmGripperSystem'.
[gz-1] [INFO] [1787987388.358701220] [resource_manager]: 'configure' hardware 'arm_3_XArmGripperSystem' 
[gz-1] [INFO] [1787987388.358706803] [cite.cell_a.arm_3.gz_ros_control]: System Successfully configured!
[gz-1] [INFO] [1787987388.358711053] [resource_manager]: Successful 'configure' of hardware 'arm_3_XArmGripperSystem'
[gz-1] [INFO] [1787987388.358718136] [resource_manager]: 'activate' hardware 'arm_3_XArmGripperSystem' 
[gz-1] [INFO] [1787987388.358739136] [resource_manager]: Successful 'activate' of hardware 'arm_3_XArmGripperSystem'
[gz-1] [INFO] [1787987388.358827803] [cite.cell_a.arm_3.controller_manager]: Activating component 'arm_3_gz_ros2_control/GazeboSimSystem'.
[gz-1] [INFO] [1787987388.358838095] [resource_manager]: 'configure' hardware 'arm_3_gz_ros2_control/GazeboSimSystem' 
[gz-1] [INFO] [1787987388.358840303] [cite.cell_a.arm_3.gz_ros_control]: System Successfully configured!
[gz-1] [INFO] [1787987388.358845345] [resource_manager]: Successful 'configure' of hardware 'arm_3_gz_ros2_control/GazeboSimSystem'
[gz-1] [INFO] [1787987388.358848970] [resource_manager]: 'activate' hardware 'arm_3_gz_ros2_control/GazeboSimSystem' 
[gz-1] [INFO] [1787987388.358856720] [resource_manager]: Successful 'activate' of hardware 'arm_3_gz_ros2_control/GazeboSimSystem'
[gz-1] [WARN] [1787987388.358888636] [cite.cell_a.arm_3.controller_manager]: Component 'arm_3_XArmGripperSystem' does not have read or write statistics initialized, skipping registration.
[gz-1] [WARN] [1787987388.358896428] [cite.cell_a.arm_3.controller_manager]: Component 'arm_3_gz_ros2_control/GazeboSimSystem' does not have read or write statistics initialized, skipping registration.
[gz-1] [INFO] [1787987388.358902386] [cite.cell_a.arm_3.controller_manager]: Resource Manager has been successfully initialized. Starting Controller Manager services...
[gz-1] [1;33mWarning [parser_urdf.cc:1170][0m multiple inconsistent <self_collide> exists due to fixed joint reduction overwriting previous value [1] with [0].
[gz-1] [1;31m[Err] [SystemLoader.cc:92] [0m[1;31mFailed to load system plugin [[0m[1;31mlibgazebo_mimic_joint_plugin.so[0m[1;31m] : Could not find shared library.[0m[1;31m[0m
[gz-1] [1;31m[Err] [SystemLoader.cc:92] [0m[1;31mFailed to load system plugin [[0m[1;31mlibgazebo_mimic_joint_plugin.so[0m[1;31m] : Could not find shared library.[0m[1;31m[0m
[gz-1] [1;31m[Err] [SystemLoader.cc:92] [0m[1;31mFailed to load system plugin [[0m[1;31mlibgazebo_mimic_joint_plugin.so[0m[1;31m] : Could not find shared library.[0m[1;31m[0m
[gz-1] [1;31m[Err] [SystemLoader.cc:92] [0m[1;31mFailed to load system plugin [[0m[1;31mlibgazebo_mimic_joint_plugin.so[0m[1;31m] : Could not find shared library.[0m[1;31m[0m
[gz-1] [1;31m[Err] [SystemLoader.cc:92] [0m[1;31mFailed to load system plugin [[0m[1;31mlibgazebo_mimic_joint_plugin.so[0m[1;31m] : Could not find shared library.[0m[1;31m[0m
[gz-1] [INFO] [1787987390.237092346] [cite.cell_a.arm_2.gz_ros_control]: [gz_ros2_control] Fixed joint ['arm_2_mount_world_anchor'] (Entity='137') is skipped.
[gz-1] [INFO] [1787987390.240146596] [cite.cell_a.arm_2.gz_ros_control]: Loading controller_manager
[gz-1] [INFO] [1787987390.256295721] [cite.cell_a.arm_2.controller_manager]: Using ROS clock for triggering controller manager cycles.
[gz-1] [INFO] [1787987390.257669846] [cite.cell_a.arm_2.controller_manager]: Subscribing to '/cite/cell_a/arm_2/robot_description' topic for robot description.
[gz-1] [WARN] [1787987390.259844221] [cite.cell_a.arm_2.gz_ros_control]: Waiting RM to load and initialize hardware...
[gz-1] [INFO] [1787987390.270246221] [cite.cell_a.arm_2.controller_manager]: Received robot description from topic.
[gz-1] [INFO] [1787987390.271424304] [cite.cell_a.arm_2.gz_ros_control]: Using JointLimiter for joint 'arm_2_joint5' in hardware 'arm_2_gz_ros2_control/GazeboSimSystem' : '  has position limits: true [-6.28319, 6.28319]
[gz-1]   has velocity limits: true [3.14]
[gz-1]   has acceleration limits: false [nan]
[gz-1]   has deceleration limits: false [nan]
[gz-1]   has jerk limits: false [nan]
[gz-1]   has effort limits: true [20]
[gz-1]   angle wraparound: false'
[gz-1] [INFO] [1787987390.271442179] [cite.cell_a.arm_2.gz_ros_control]: Creating JointSaturationLimiter for joint 'arm_2_joint5' in hardware 'arm_2_gz_ros2_control/GazeboSimSystem'
[gz-1] [INFO] [1787987390.271449554] [cite.cell_a.arm_2.gz_ros_control]: Using JointLimiter for joint 'arm_2_joint4' in hardware 'arm_2_gz_ros2_control/GazeboSimSystem' : '  has position limits: true [-1.69297, 3.14159]
[gz-1]   has velocity limits: true [3.14]
[gz-1]   has acceleration limits: false [nan]
[gz-1]   has deceleration limits: false [nan]
[gz-1]   has jerk limits: false [nan]
[gz-1]   has effort limits: true [20]
[gz-1]   angle wraparound: false'
[gz-1] [INFO] [1787987390.271452804] [cite.cell_a.arm_2.gz_ros_control]: Creating JointSaturationLimiter for joint 'arm_2_joint4' in hardware 'arm_2_gz_ros2_control/GazeboSimSystem'
[gz-1] [INFO] [1787987390.271457221] [cite.cell_a.arm_2.gz_ros_control]: Using JointLimiter for joint 'arm_2_joint3' in hardware 'arm_2_gz_ros2_control/GazeboSimSystem' : '  has position limits: true [-3.927, 0.19198]
[gz-1]   has velocity limits: true [3.14]
[gz-1]   has acceleration limits: false [nan]
[gz-1]   has deceleration limits: false [nan]
[gz-1]   has jerk limits: false [nan]
[gz-1]   has effort limits: true [30]
[gz-1]   angle wraparound: false'
[gz-1] [INFO] [1787987390.271460346] [cite.cell_a.arm_2.gz_ros_control]: Creating JointSaturationLimiter for joint 'arm_2_joint3' in hardware 'arm_2_gz_ros2_control/GazeboSimSystem'
[gz-1] [INFO] [1787987390.271463971] [cite.cell_a.arm_2.gz_ros_control]: Using JointLimiter for joint 'arm_2_joint2' in hardware 'arm_2_gz_ros2_control/GazeboSimSystem' : '  has position limits: true [-2.059, 2.0944]
[gz-1]   has velocity limits: true [3.14]
[gz-1]   has acceleration limits: false [nan]
[gz-1]   has deceleration limits: false [nan]
[gz-1]   has jerk limits: false [nan]
[gz-1]   has effort limits: true [50]
[gz-1]   angle wraparound: false'
[gz-1] [INFO] [1787987390.271466679] [cite.cell_a.arm_2.gz_ros_control]: Creating JointSaturationLimiter for joint 'arm_2_joint2' in hardware 'arm_2_gz_ros2_control/GazeboSimSystem'
[gz-1] [INFO] [1787987390.271470262] [cite.cell_a.arm_2.gz_ros_control]: Using JointLimiter for joint 'arm_2_joint1' in hardware 'arm_2_gz_ros2_control/GazeboSimSystem' : '  has position limits: true [-6.28319, 6.28319]
[gz-1]   has velocity limits: true [3.14]
[gz-1]   has acceleration limits: false [nan]
[gz-1]   has deceleration limits: false [nan]
[gz-1]   has jerk limits: false [nan]
[gz-1]   has effort limits: true [50]
[gz-1]   angle wraparound: false'
[gz-1] [INFO] [1787987390.271489846] [cite.cell_a.arm_2.gz_ros_control]: Creating JointSaturationLimiter for joint 'arm_2_joint1' in hardware 'arm_2_gz_ros2_control/GazeboSimSystem'
[gz-1] [INFO] [1787987390.271495471] [cite.cell_a.arm_2.gz_ros_control]: Using JointLimiter for joint 'arm_2_right_inner_knuckle_joint' in hardware 'arm_2_XArmGripperSystem' : '  has position limits: true [0, 0.85]
[gz-1]   has velocity limits: true [2]
[gz-1]   has acceleration limits: false [nan]
[gz-1]   has deceleration limits: false [nan]
[gz-1]   has jerk limits: false [nan]
[gz-1]   has effort limits: true [50]
[gz-1]   angle wraparound: false'
[gz-1] [INFO] [1787987390.271498304] [cite.cell_a.arm_2.gz_ros_control]: Creating JointSaturationLimiter for joint 'arm_2_right_inner_knuckle_joint' in hardware 'arm_2_XArmGripperSystem'
[gz-1] [INFO] [1787987390.271502346] [cite.cell_a.arm_2.gz_ros_control]: Using JointLimiter for joint 'arm_2_right_finger_joint' in hardware 'arm_2_XArmGripperSystem' : '  has position limits: true [0, 0.85]
[gz-1]   has velocity limits: true [2]
[gz-1]   has acceleration limits: false [nan]
[gz-1]   has deceleration limits: false [nan]
[gz-1]   has jerk limits: false [nan]
[gz-1]   has effort limits: true [50]
[gz-1]   angle wraparound: false'
[gz-1] [INFO] [1787987390.271505346] [cite.cell_a.arm_2.gz_ros_control]: Creating JointSaturationLimiter for joint 'arm_2_right_finger_joint' in hardware 'arm_2_XArmGripperSystem'
[gz-1] [INFO] [1787987390.271509137] [cite.cell_a.arm_2.gz_ros_control]: Using JointLimiter for joint 'arm_2_right_outer_knuckle_joint' in hardware 'arm_2_XArmGripperSystem' : '  has position limits: true [0, 0.85]
[gz-1]   has velocity limits: true [2]
[gz-1]   has acceleration limits: false [nan]
[gz-1]   has deceleration limits: false [nan]
[gz-1]   has jerk limits: false [nan]
[gz-1]   has effort limits: true [50]
[gz-1]   angle wraparound: false'
[gz-1] [INFO] [1787987390.271511596] [cite.cell_a.arm_2.gz_ros_control]: Creating JointSaturationLimiter for joint 'arm_2_right_outer_knuckle_joint' in hardware 'arm_2_XArmGripperSystem'
[gz-1] [INFO] [1787987390.271515221] [cite.cell_a.arm_2.gz_ros_control]: Using JointLimiter for joint 'arm_2_left_finger_joint' in hardware 'arm_2_XArmGripperSystem' : '  has position limits: true [0, 0.85]
[gz-1]   has velocity limits: true [2]
[gz-1]   has acceleration limits: false [nan]
[gz-1]   has deceleration limits: false [nan]
[gz-1]   has jerk limits: false [nan]
[gz-1]   has effort limits: true [50]
[gz-1]   angle wraparound: false'
[gz-1] [INFO] [1787987390.271517596] [cite.cell_a.arm_2.gz_ros_control]: Creating JointSaturationLimiter for joint 'arm_2_left_finger_joint' in hardware 'arm_2_XArmGripperSystem'
[gz-1] [INFO] [1787987390.271521137] [cite.cell_a.arm_2.gz_ros_control]: Using JointLimiter for joint 'arm_2_left_inner_knuckle_joint' in hardware 'arm_2_XArmGripperSystem' : '  has position limits: true [0, 0.85]
[gz-1]   has velocity limits: true [2]
[gz-1]   has acceleration limits: false [nan]
[gz-1]   has deceleration limits: false [nan]
[gz-1]   has jerk limits: false [nan]
[gz-1]   has effort limits: true [50]
[gz-1]   angle wraparound: false'
[gz-1] [INFO] [1787987390.271525929] [cite.cell_a.arm_2.gz_ros_control]: Creating JointSaturationLimiter for joint 'arm_2_left_inner_knuckle_joint' in hardware 'arm_2_XArmGripperSystem'
[gz-1] [INFO] [1787987390.271529679] [cite.cell_a.arm_2.gz_ros_control]: Using JointLimiter for joint 'arm_2_drive_joint' in hardware 'arm_2_XArmGripperSystem' : '  has position limits: true [0, 0.85]
[gz-1]   has velocity limits: true [1]
[gz-1]   has acceleration limits: false [nan]
[gz-1]   has deceleration limits: false [nan]
[gz-1]   has jerk limits: false [nan]
[gz-1]   has effort limits: true [50]
[gz-1]   angle wraparound: false'
[gz-1] [INFO] [1787987390.271532137] [cite.cell_a.arm_2.gz_ros_control]: Creating JointSaturationLimiter for joint 'arm_2_drive_joint' in hardware 'arm_2_XArmGripperSystem'
[gz-1] [INFO] [1787987390.271537012] [cite.cell_a.arm_2.controller_manager]: Enforcing command limits is enabled...
[gz-1] [INFO] [1787987390.272551304] [cite.cell_a.arm_2.gz_ros_control]: The position_proportional_gain has been set to: 0.1
[gz-1] [INFO] [1787987390.272575429] [cite.cell_a.arm_2.gz_ros_control]: Loading joint: arm_2_joint1
[gz-1] [INFO] [1787987390.272579596] [cite.cell_a.arm_2.gz_ros_control]: 	State:
[gz-1] [INFO] [1787987390.272587471] [cite.cell_a.arm_2.gz_ros_control]: 		 position
[gz-1] [INFO] [1787987390.272590096] [cite.cell_a.arm_2.gz_ros_control]: 		 velocity
[gz-1] [INFO] [1787987390.272592804] [cite.cell_a.arm_2.gz_ros_control]: 	Command:
[gz-1] [INFO] [1787987390.272594637] [cite.cell_a.arm_2.gz_ros_control]: 		 position
[gz-1] [INFO] [1787987390.272600304] [cite.cell_a.arm_2.gz_ros_control]: 		 velocity
[gz-1] [INFO] [1787987390.272605929] [cite.cell_a.arm_2.gz_ros_control]: Loading joint: arm_2_joint2
[gz-1] [INFO] [1787987390.272608471] [cite.cell_a.arm_2.gz_ros_control]: 	State:
[gz-1] [INFO] [1787987390.272610512] [cite.cell_a.arm_2.gz_ros_control]: 		 position
[gz-1] [INFO] [1787987390.272613137] [cite.cell_a.arm_2.gz_ros_control]: 		 velocity
[gz-1] [INFO] [1787987390.272615096] [cite.cell_a.arm_2.gz_ros_control]: 	Command:
[gz-1] [INFO] [1787987390.272616804] [cite.cell_a.arm_2.gz_ros_control]: 		 position
[gz-1] [INFO] [1787987390.272619512] [cite.cell_a.arm_2.gz_ros_control]: 		 velocity
[gz-1] [INFO] [1787987390.272641596] [cite.cell_a.arm_2.gz_ros_control]: Loading joint: arm_2_joint3
[gz-1] [INFO] [1787987390.272644762] [cite.cell_a.arm_2.gz_ros_control]: 	State:
[gz-1] [INFO] [1787987390.272646512] [cite.cell_a.arm_2.gz_ros_control]: 		 position
[gz-1] [INFO] [1787987390.272648804] [cite.cell_a.arm_2.gz_ros_control]: 		 velocity
[gz-1] [INFO] [1787987390.272650471] [cite.cell_a.arm_2.gz_ros_control]: 	Command:
[gz-1] [INFO] [1787987390.272652054] [cite.cell_a.arm_2.gz_ros_control]: 		 position
[gz-1] [INFO] [1787987390.272656137] [cite.cell_a.arm_2.gz_ros_control]: 		 velocity
[gz-1] [INFO] [1787987390.272660346] [cite.cell_a.arm_2.gz_ros_control]: Loading joint: arm_2_joint4
[gz-1] [INFO] [1787987390.272662554] [cite.cell_a.arm_2.gz_ros_control]: 	State:
[gz-1] [INFO] [1787987390.272664387] [cite.cell_a.arm_2.gz_ros_control]: 		 position
[gz-1] [INFO] [1787987390.272666096] [cite.cell_a.arm_2.gz_ros_control]: 		 velocity
[gz-1] [INFO] [1787987390.272667804] [cite.cell_a.arm_2.gz_ros_control]: 	Command:
[gz-1] [INFO] [1787987390.272669429] [cite.cell_a.arm_2.gz_ros_control]: 		 position
[gz-1] [INFO] [1787987390.272672012] [cite.cell_a.arm_2.gz_ros_control]: 		 velocity
[gz-1] [INFO] [1787987390.272675804] [cite.cell_a.arm_2.gz_ros_control]: Loading joint: arm_2_joint5
[gz-1] [INFO] [1787987390.272677679] [cite.cell_a.arm_2.gz_ros_control]: 	State:
[gz-1] [INFO] [1787987390.272679429] [cite.cell_a.arm_2.gz_ros_control]: 		 position
[gz-1] [INFO] [1787987390.272681596] [cite.cell_a.arm_2.gz_ros_control]: 		 velocity
[gz-1] [INFO] [1787987390.272683471] [cite.cell_a.arm_2.gz_ros_control]: 	Command:
[gz-1] [INFO] [1787987390.272685179] [cite.cell_a.arm_2.gz_ros_control]: 		 position
[gz-1] [INFO] [1787987390.272688637] [cite.cell_a.arm_2.gz_ros_control]: 		 velocity
[gz-1] [INFO] [1787987390.272711054] [cite.cell_a.arm_2.controller_manager]: Initialize hardware 'arm_2_gz_ros2_control/GazeboSimSystem' 
[gz-1] [WARN] [1787987390.272717262] [cite.cell_a.arm_2.controller_manager.hardware_component.system.arm_2_gz_ros2_control/GazeboSimSystem]: Executor is not available during hardware component initialization for 'arm_2_gz_ros2_control/GazeboSimSystem'. Skipping node creation!
[gz-1] [INFO] [1787987390.272738137] [cite.cell_a.arm_2.controller_manager]: Successful initialization of hardware 'arm_2_gz_ros2_control/GazeboSimSystem'
[gz-1] [INFO] [1787987390.272819887] [cite.cell_a.arm_2.gz_ros_control]: The position_proportional_gain has been set to: 0.1
[gz-1] [INFO] [1787987390.272826012] [cite.cell_a.arm_2.gz_ros_control]: Loading joint: arm_2_drive_joint
[gz-1] [INFO] [1787987390.272828429] [cite.cell_a.arm_2.gz_ros_control]: 	State:
[gz-1] [INFO] [1787987390.272830262] [cite.cell_a.arm_2.gz_ros_control]: 		 position
[gz-1] [INFO] [1787987390.272832221] [cite.cell_a.arm_2.gz_ros_control]: 		 velocity
[gz-1] [INFO] [1787987390.272834179] [cite.cell_a.arm_2.gz_ros_control]: 	Command:
[gz-1] [INFO] [1787987390.272835971] [cite.cell_a.arm_2.gz_ros_control]: 		 position
[gz-1] [INFO] [1787987390.272838929] [cite.cell_a.arm_2.gz_ros_control]: 		 velocity
[gz-1] [INFO] [1787987390.272844929] [cite.cell_a.arm_2.gz_ros_control]: Loading joint: arm_2_left_finger_joint
[gz-1] [INFO] [1787987390.272847512] [cite.cell_a.arm_2.gz_ros_control]: Joint 'arm_2_left_finger_joint'is mimicking joint 'arm_2_drive_joint' with multiplier: 1 and offset: 0
[gz-1] [INFO] [1787987390.272852721] [cite.cell_a.arm_2.gz_ros_control]: 	State:
[gz-1] [INFO] [1787987390.272854762] [cite.cell_a.arm_2.gz_ros_control]: 		 position
[gz-1] [INFO] [1787987390.272856846] [cite.cell_a.arm_2.gz_ros_control]: 		 velocity
[gz-1] [INFO] [1787987390.272858471] [cite.cell_a.arm_2.gz_ros_control]: 	Command:
[gz-1] [INFO] [1787987390.272862096] [cite.cell_a.arm_2.gz_ros_control]: Loading joint: arm_2_left_inner_knuckle_joint
[gz-1] [INFO] [1787987390.272864637] [cite.cell_a.arm_2.gz_ros_control]: Joint 'arm_2_left_inner_knuckle_joint'is mimicking joint 'arm_2_drive_joint' with multiplier: 1 and offset: 0
[gz-1] [INFO] [1787987390.272866887] [cite.cell_a.arm_2.gz_ros_control]: 	State:
[gz-1] [INFO] [1787987390.272868471] [cite.cell_a.arm_2.gz_ros_control]: 		 position
[gz-1] [INFO] [1787987390.272870637] [cite.cell_a.arm_2.gz_ros_control]: 		 velocity
[gz-1] [INFO] [1787987390.272872304] [cite.cell_a.arm_2.gz_ros_control]: 	Command:
[gz-1] [INFO] [1787987390.272875846] [cite.cell_a.arm_2.gz_ros_control]: Loading joint: arm_2_right_outer_knuckle_joint
[gz-1] [INFO] [1787987390.272878096] [cite.cell_a.arm_2.gz_ros_control]: Joint 'arm_2_right_outer_knuckle_joint'is mimicking joint 'arm_2_drive_joint' with multiplier: 1 and offset: 0
[gz-1] [INFO] [1787987390.272880137] [cite.cell_a.arm_2.gz_ros_control]: 	State:
[gz-1] [INFO] [1787987390.272881887] [cite.cell_a.arm_2.gz_ros_control]: 		 position
[gz-1] [INFO] [1787987390.272883512] [cite.cell_a.arm_2.gz_ros_control]: 		 velocity
[gz-1] [INFO] [1787987390.272885012] [cite.cell_a.arm_2.gz_ros_control]: 	Command:
[gz-1] [INFO] [1787987390.272888387] [cite.cell_a.arm_2.gz_ros_control]: Loading joint: arm_2_right_finger_joint
[gz-1] [INFO] [1787987390.272890637] [cite.cell_a.arm_2.gz_ros_control]: Joint 'arm_2_right_finger_joint'is mimicking joint 'arm_2_drive_joint' with multiplier: 1 and offset: 0
[gz-1] [INFO] [1787987390.272892554] [cite.cell_a.arm_2.gz_ros_control]: 	State:
[gz-1] [INFO] [1787987390.272894179] [cite.cell_a.arm_2.gz_ros_control]: 		 position
[gz-1] [INFO] [1787987390.272896304] [cite.cell_a.arm_2.gz_ros_control]: 		 velocity
[gz-1] [INFO] [1787987390.272898012] [cite.cell_a.arm_2.gz_ros_control]: 	Command:
[gz-1] [INFO] [1787987390.272901304] [cite.cell_a.arm_2.gz_ros_control]: Loading joint: arm_2_right_inner_knuckle_joint
[gz-1] [INFO] [1787987390.272904221] [cite.cell_a.arm_2.gz_ros_control]: Joint 'arm_2_right_inner_knuckle_joint'is mimicking joint 'arm_2_drive_joint' with multiplier: 1 and offset: 0
[gz-1] [INFO] [1787987390.272906137] [cite.cell_a.arm_2.gz_ros_control]: 	State:
[gz-1] [INFO] [1787987390.272907846] [cite.cell_a.arm_2.gz_ros_control]: 		 position
[gz-1] [INFO] [1787987390.272909471] [cite.cell_a.arm_2.gz_ros_control]: 		 velocity
[gz-1] [INFO] [1787987390.272911137] [cite.cell_a.arm_2.gz_ros_control]: 	Command:
[gz-1] [INFO] [1787987390.272919137] [cite.cell_a.arm_2.controller_manager]: Initialize hardware 'arm_2_XArmGripperSystem' 
[gz-1] [WARN] [1787987390.272928137] [cite.cell_a.arm_2.controller_manager.hardware_component.system.arm_2_XArmGripperSystem]: Executor is not available during hardware component initialization for 'arm_2_XArmGripperSystem'. Skipping node creation!
[gz-1] [INFO] [1787987390.272946137] [cite.cell_a.arm_2.controller_manager]: Successful initialization of hardware 'arm_2_XArmGripperSystem'
[gz-1] [INFO] [1787987390.272974304] [cite.cell_a.arm_2.controller_manager]: Activating component 'arm_2_XArmGripperSystem'.
[gz-1] [INFO] [1787987390.272977762] [resource_manager]: 'configure' hardware 'arm_2_XArmGripperSystem' 
[gz-1] [INFO] [1787987390.272979346] [cite.cell_a.arm_2.gz_ros_control]: System Successfully configured!
[gz-1] [INFO] [1787987390.272981471] [resource_manager]: Successful 'configure' of hardware 'arm_2_XArmGripperSystem'
[gz-1] [INFO] [1787987390.272983846] [resource_manager]: 'activate' hardware 'arm_2_XArmGripperSystem' 
[gz-1] [INFO] [1787987390.272985971] [resource_manager]: Successful 'activate' of hardware 'arm_2_XArmGripperSystem'
[gz-1] [INFO] [1787987390.272998012] [cite.cell_a.arm_2.controller_manager]: Activating component 'arm_2_gz_ros2_control/GazeboSimSystem'.
[gz-1] [INFO] [1787987390.273000637] [resource_manager]: 'configure' hardware 'arm_2_gz_ros2_control/GazeboSimSystem' 
[gz-1] [INFO] [1787987390.273003679] [cite.cell_a.arm_2.gz_ros_control]: System Successfully configured!
[gz-1] [INFO] [1787987390.273006221] [resource_manager]: Successful 'configure' of hardware 'arm_2_gz_ros2_control/GazeboSimSystem'
[gz-1] [INFO] [1787987390.273008471] [resource_manager]: 'activate' hardware 'arm_2_gz_ros2_control/GazeboSimSystem' 
[gz-1] [INFO] [1787987390.273009971] [resource_manager]: Successful 'activate' of hardware 'arm_2_gz_ros2_control/GazeboSimSystem'
[gz-1] [WARN] [1787987390.273017137] [cite.cell_a.arm_2.controller_manager]: Component 'arm_2_XArmGripperSystem' does not have read or write statistics initialized, skipping registration.
[gz-1] [WARN] [1787987390.273019262] [cite.cell_a.arm_2.controller_manager]: Component 'arm_2_gz_ros2_control/GazeboSimSystem' does not have read or write statistics initialized, skipping registration.
[gz-1] [INFO] [1787987390.273022804] [cite.cell_a.arm_2.controller_manager]: Resource Manager has been successfully initialized. Starting Controller Manager services...
[gz-1] [1;33mWarning [parser_urdf.cc:1170][0m multiple inconsistent <self_collide> exists due to fixed joint reduction overwriting previous value [1] with [0].
[gz-1] [1;31m[Err] [SystemLoader.cc:92] [0m[1;31mFailed to load system plugin [[0m[1;31mlibgazebo_mimic_joint_plugin.so[0m[1;31m] : Could not find shared library.[0m[1;31m[0m
[gz-1] [1;31m[Err] [SystemLoader.cc:92] [0m[1;31mFailed to load system plugin [[0m[1;31mlibgazebo_mimic_joint_plugin.so[0m[1;31m] : Could not find shared library.[0m[1;31m[0m
[gz-1] [1;31m[Err] [SystemLoader.cc:92] [0m[1;31mFailed to load system plugin [[0m[1;31mlibgazebo_mimic_joint_plugin.so[0m[1;31m] : Could not find shared library.[0m[1;31m[0m
[gz-1] [1;31m[Err] [SystemLoader.cc:92] [0m[1;31mFailed to load system plugin [[0m[1;31mlibgazebo_mimic_joint_plugin.so[0m[1;31m] : Could not find shared library.[0m[1;31m[0m
[gz-1] [1;31m[Err] [SystemLoader.cc:92] [0m[1;31mFailed to load system plugin [[0m[1;31mlibgazebo_mimic_joint_plugin.so[0m[1;31m] : Could not find shared library.[0m[1;31m[0m
[gz-1] [INFO] [1787987392.308403847] [cite.cell_a.arm_1.gz_ros_control]: [gz_ros2_control] Fixed joint ['arm_1_mount_world_anchor'] (Entity='188') is skipped.
[gz-1] [INFO] [1787987392.311330055] [cite.cell_a.arm_1.gz_ros_control]: Loading controller_manager
[gz-1] [INFO] [1787987392.328281972] [cite.cell_a.arm_1.controller_manager]: Using ROS clock for triggering controller manager cycles.
[gz-1] [INFO] [1787987392.329550972] [cite.cell_a.arm_1.controller_manager]: Subscribing to '/cite/cell_a/arm_1/robot_description' topic for robot description.
[gz-1] [WARN] [1787987392.330855930] [cite.cell_a.arm_1.gz_ros_control]: Waiting RM to load and initialize hardware...
[gz-1] [INFO] [1787987392.340932597] [cite.cell_a.arm_1.controller_manager]: Received robot description from topic.
[gz-1] [INFO] [1787987392.342134930] [cite.cell_a.arm_1.gz_ros_control]: Using JointLimiter for joint 'arm_1_joint5' in hardware 'arm_1_gz_ros2_control/GazeboSimSystem' : '  has position limits: true [-6.28319, 6.28319]
[gz-1]   has velocity limits: true [3.14]
[gz-1]   has acceleration limits: false [nan]
[gz-1]   has deceleration limits: false [nan]
[gz-1]   has jerk limits: false [nan]
[gz-1]   has effort limits: true [20]
[gz-1]   angle wraparound: false'
[gz-1] [INFO] [1787987392.342149472] [cite.cell_a.arm_1.gz_ros_control]: Creating JointSaturationLimiter for joint 'arm_1_joint5' in hardware 'arm_1_gz_ros2_control/GazeboSimSystem'
[gz-1] [INFO] [1787987392.342157013] [cite.cell_a.arm_1.gz_ros_control]: Using JointLimiter for joint 'arm_1_joint4' in hardware 'arm_1_gz_ros2_control/GazeboSimSystem' : '  has position limits: true [-1.69297, 3.14159]
[gz-1]   has velocity limits: true [3.14]
[gz-1]   has acceleration limits: false [nan]
[gz-1]   has deceleration limits: false [nan]
[gz-1]   has jerk limits: false [nan]
[gz-1]   has effort limits: true [20]
[gz-1]   angle wraparound: false'
[gz-1] [INFO] [1787987392.342160097] [cite.cell_a.arm_1.gz_ros_control]: Creating JointSaturationLimiter for joint 'arm_1_joint4' in hardware 'arm_1_gz_ros2_control/GazeboSimSystem'
[gz-1] [INFO] [1787987392.342163888] [cite.cell_a.arm_1.gz_ros_control]: Using JointLimiter for joint 'arm_1_joint2' in hardware 'arm_1_gz_ros2_control/GazeboSimSystem' : '  has position limits: true [-2.059, 2.0944]
[gz-1]   has velocity limits: true [3.14]
[gz-1]   has acceleration limits: false [nan]
[gz-1]   has deceleration limits: false [nan]
[gz-1]   has jerk limits: false [nan]
[gz-1]   has effort limits: true [50]
[gz-1]   angle wraparound: false'
[gz-1] [INFO] [1787987392.342167472] [cite.cell_a.arm_1.gz_ros_control]: Creating JointSaturationLimiter for joint 'arm_1_joint2' in hardware 'arm_1_gz_ros2_control/GazeboSimSystem'
[gz-1] [INFO] [1787987392.342170972] [cite.cell_a.arm_1.gz_ros_control]: Using JointLimiter for joint 'arm_1_joint3' in hardware 'arm_1_gz_ros2_control/GazeboSimSystem' : '  has position limits: true [-3.927, 0.19198]
[gz-1]   has velocity limits: true [3.14]
[gz-1]   has acceleration limits: false [nan]
[gz-1]   has deceleration limits: false [nan]
[gz-1]   has jerk limits: false [nan]
[gz-1]   has effort limits: true [30]
[gz-1]   angle wraparound: false'
[gz-1] [INFO] [1787987392.342173347] [cite.cell_a.arm_1.gz_ros_control]: Creating JointSaturationLimiter for joint 'arm_1_joint3' in hardware 'arm_1_gz_ros2_control/GazeboSimSystem'
[gz-1] [INFO] [1787987392.342176805] [cite.cell_a.arm_1.gz_ros_control]: Using JointLimiter for joint 'arm_1_joint1' in hardware 'arm_1_gz_ros2_control/GazeboSimSystem' : '  has position limits: true [-6.28319, 6.28319]
[gz-1]   has velocity limits: true [3.14]
[gz-1]   has acceleration limits: false [nan]
[gz-1]   has deceleration limits: false [nan]
[gz-1]   has jerk limits: false [nan]
[gz-1]   has effort limits: true [50]
[gz-1]   angle wraparound: false'
[gz-1] [INFO] [1787987392.342179263] [cite.cell_a.arm_1.gz_ros_control]: Creating JointSaturationLimiter for joint 'arm_1_joint1' in hardware 'arm_1_gz_ros2_control/GazeboSimSystem'
[gz-1] [INFO] [1787987392.342182930] [cite.cell_a.arm_1.gz_ros_control]: Using JointLimiter for joint 'arm_1_right_inner_knuckle_joint' in hardware 'arm_1_XArmGripperSystem' : '  has position limits: true [0, 0.85]
[gz-1]   has velocity limits: true [2]
[gz-1]   has acceleration limits: false [nan]
[gz-1]   has deceleration limits: false [nan]
[gz-1]   has jerk limits: false [nan]
[gz-1]   has effort limits: true [50]
[gz-1]   angle wraparound: false'
[gz-1] [INFO] [1787987392.342199097] [cite.cell_a.arm_1.gz_ros_control]: Creating JointSaturationLimiter for joint 'arm_1_right_inner_knuckle_joint' in hardware 'arm_1_XArmGripperSystem'
[gz-1] [INFO] [1787987392.342203972] [cite.cell_a.arm_1.gz_ros_control]: Using JointLimiter for joint 'arm_1_right_finger_joint' in hardware 'arm_1_XArmGripperSystem' : '  has position limits: true [0, 0.85]
[gz-1]   has velocity limits: true [2]
[gz-1]   has acceleration limits: false [nan]
[gz-1]   has deceleration limits: false [nan]
[gz-1]   has jerk limits: false [nan]
[gz-1]   has effort limits: true [50]
[gz-1]   angle wraparound: false'
[gz-1] [INFO] [1787987392.342206430] [cite.cell_a.arm_1.gz_ros_control]: Creating JointSaturationLimiter for joint 'arm_1_right_finger_joint' in hardware 'arm_1_XArmGripperSystem'
[gz-1] [INFO] [1787987392.342210055] [cite.cell_a.arm_1.gz_ros_control]: Using JointLimiter for joint 'arm_1_right_outer_knuckle_joint' in hardware 'arm_1_XArmGripperSystem' : '  has position limits: true [0, 0.85]
[gz-1]   has velocity limits: true [2]
[gz-1]   has acceleration limits: false [nan]
[gz-1]   has deceleration limits: false [nan]
[gz-1]   has jerk limits: false [nan]
[gz-1]   has effort limits: true [50]
[gz-1]   angle wraparound: false'
[gz-1] [INFO] [1787987392.342212305] [cite.cell_a.arm_1.gz_ros_control]: Creating JointSaturationLimiter for joint 'arm_1_right_outer_knuckle_joint' in hardware 'arm_1_XArmGripperSystem'
[gz-1] [INFO] [1787987392.342215597] [cite.cell_a.arm_1.gz_ros_control]: Using JointLimiter for joint 'arm_1_left_inner_knuckle_joint' in hardware 'arm_1_XArmGripperSystem' : '  has position limits: true [0, 0.85]
[gz-1]   has velocity limits: true [2]
[gz-1]   has acceleration limits: false [nan]
[gz-1]   has deceleration limits: false [nan]
[gz-1]   has jerk limits: false [nan]
[gz-1]   has effort limits: true [50]
[gz-1]   angle wraparound: false'
[gz-1] [INFO] [1787987392.342218930] [cite.cell_a.arm_1.gz_ros_control]: Creating JointSaturationLimiter for joint 'arm_1_left_inner_knuckle_joint' in hardware 'arm_1_XArmGripperSystem'
[gz-1] [INFO] [1787987392.342222472] [cite.cell_a.arm_1.gz_ros_control]: Using JointLimiter for joint 'arm_1_left_finger_joint' in hardware 'arm_1_XArmGripperSystem' : '  has position limits: true [0, 0.85]
[gz-1]   has velocity limits: true [2]
[gz-1]   has acceleration limits: false [nan]
[gz-1]   has deceleration limits: false [nan]
[gz-1]   has jerk limits: false [nan]
[gz-1]   has effort limits: true [50]
[gz-1]   angle wraparound: false'
[gz-1] [INFO] [1787987392.342224680] [cite.cell_a.arm_1.gz_ros_control]: Creating JointSaturationLimiter for joint 'arm_1_left_finger_joint' in hardware 'arm_1_XArmGripperSystem'
[gz-1] [INFO] [1787987392.342227888] [cite.cell_a.arm_1.gz_ros_control]: Using JointLimiter for joint 'arm_1_drive_joint' in hardware 'arm_1_XArmGripperSystem' : '  has position limits: true [0, 0.85]
[gz-1]   has velocity limits: true [1]
[gz-1]   has acceleration limits: false [nan]
[gz-1]   has deceleration limits: false [nan]
[gz-1]   has jerk limits: false [nan]
[gz-1]   has effort limits: true [50]
[gz-1]   angle wraparound: false'
[gz-1] [INFO] [1787987392.342230180] [cite.cell_a.arm_1.gz_ros_control]: Creating JointSaturationLimiter for joint 'arm_1_drive_joint' in hardware 'arm_1_XArmGripperSystem'
[gz-1] [INFO] [1787987392.342234430] [cite.cell_a.arm_1.controller_manager]: Enforcing command limits is enabled...
[gz-1] [INFO] [1787987392.343164597] [cite.cell_a.arm_1.gz_ros_control]: The position_proportional_gain has been set to: 0.1
[gz-1] [INFO] [1787987392.343187805] [cite.cell_a.arm_1.gz_ros_control]: Loading joint: arm_1_joint1
[gz-1] [INFO] [1787987392.343190805] [cite.cell_a.arm_1.gz_ros_control]: 	State:
[gz-1] [INFO] [1787987392.343193722] [cite.cell_a.arm_1.gz_ros_control]: 		 position
[gz-1] [INFO] [1787987392.343196347] [cite.cell_a.arm_1.gz_ros_control]: 		 velocity
[gz-1] [INFO] [1787987392.343198972] [cite.cell_a.arm_1.gz_ros_control]: 	Command:
[gz-1] [INFO] [1787987392.343200805] [cite.cell_a.arm_1.gz_ros_control]: 		 position
[gz-1] [INFO] [1787987392.343205388] [cite.cell_a.arm_1.gz_ros_control]: 		 velocity
[gz-1] [INFO] [1787987392.343210013] [cite.cell_a.arm_1.gz_ros_control]: Loading joint: arm_1_joint2
[gz-1] [INFO] [1787987392.343212347] [cite.cell_a.arm_1.gz_ros_control]: 	State:
[gz-1] [INFO] [1787987392.343213972] [cite.cell_a.arm_1.gz_ros_control]: 		 position
[gz-1] [INFO] [1787987392.343215847] [cite.cell_a.arm_1.gz_ros_control]: 		 velocity
[gz-1] [INFO] [1787987392.343222263] [cite.cell_a.arm_1.gz_ros_control]: 	Command:
[gz-1] [INFO] [1787987392.343224180] [cite.cell_a.arm_1.gz_ros_control]: 		 position
[gz-1] [INFO] [1787987392.343229513] [cite.cell_a.arm_1.gz_ros_control]: 		 velocity
[gz-1] [INFO] [1787987392.343233555] [cite.cell_a.arm_1.gz_ros_control]: Loading joint: arm_1_joint3
[gz-1] [INFO] [1787987392.343235805] [cite.cell_a.arm_1.gz_ros_control]: 	State:
[gz-1] [INFO] [1787987392.343237722] [cite.cell_a.arm_1.gz_ros_control]: 		 position
[gz-1] [INFO] [1787987392.343239597] [cite.cell_a.arm_1.gz_ros_control]: 		 velocity
[gz-1] [INFO] [1787987392.343241305] [cite.cell_a.arm_1.gz_ros_control]: 	Command:
[gz-1] [INFO] [1787987392.343242888] [cite.cell_a.arm_1.gz_ros_control]: 		 position
[gz-1] [INFO] [1787987392.343246180] [cite.cell_a.arm_1.gz_ros_control]: 		 velocity
[gz-1] [INFO] [1787987392.343249555] [cite.cell_a.arm_1.gz_ros_control]: Loading joint: arm_1_joint4
[gz-1] [INFO] [1787987392.343251222] [cite.cell_a.arm_1.gz_ros_control]: 	State:
[gz-1] [INFO] [1787987392.343252763] [cite.cell_a.arm_1.gz_ros_control]: 		 position
[gz-1] [INFO] [1787987392.343254305] [cite.cell_a.arm_1.gz_ros_control]: 		 velocity
[gz-1] [INFO] [1787987392.343255888] [cite.cell_a.arm_1.gz_ros_control]: 	Command:
[gz-1] [INFO] [1787987392.343257472] [cite.cell_a.arm_1.gz_ros_control]: 		 position
[gz-1] [INFO] [1787987392.343261597] [cite.cell_a.arm_1.gz_ros_control]: 		 velocity
[gz-1] [INFO] [1787987392.343265638] [cite.cell_a.arm_1.gz_ros_control]: Loading joint: arm_1_joint5
[gz-1] [INFO] [1787987392.343267305] [cite.cell_a.arm_1.gz_ros_control]: 	State:
[gz-1] [INFO] [1787987392.343268930] [cite.cell_a.arm_1.gz_ros_control]: 		 position
[gz-1] [INFO] [1787987392.343271055] [cite.cell_a.arm_1.gz_ros_control]: 		 velocity
[gz-1] [INFO] [1787987392.343272763] [cite.cell_a.arm_1.gz_ros_control]: 	Command:
[gz-1] [INFO] [1787987392.343274263] [cite.cell_a.arm_1.gz_ros_control]: 		 position
[gz-1] [INFO] [1787987392.343277513] [cite.cell_a.arm_1.gz_ros_control]: 		 velocity
[gz-1] [INFO] [1787987392.343295138] [cite.cell_a.arm_1.controller_manager]: Initialize hardware 'arm_1_gz_ros2_control/GazeboSimSystem' 
[gz-1] [WARN] [1787987392.343300513] [cite.cell_a.arm_1.controller_manager.hardware_component.system.arm_1_gz_ros2_control/GazeboSimSystem]: Executor is not available during hardware component initialization for 'arm_1_gz_ros2_control/GazeboSimSystem'. Skipping node creation!
[gz-1] [INFO] [1787987392.343318638] [cite.cell_a.arm_1.controller_manager]: Successful initialization of hardware 'arm_1_gz_ros2_control/GazeboSimSystem'
[gz-1] [INFO] [1787987392.343383638] [cite.cell_a.arm_1.gz_ros_control]: The position_proportional_gain has been set to: 0.1
[gz-1] [INFO] [1787987392.343389430] [cite.cell_a.arm_1.gz_ros_control]: Loading joint: arm_1_drive_joint
[gz-1] [INFO] [1787987392.343391722] [cite.cell_a.arm_1.gz_ros_control]: 	State:
[gz-1] [INFO] [1787987392.343393555] [cite.cell_a.arm_1.gz_ros_control]: 		 position
[gz-1] [INFO] [1787987392.343395305] [cite.cell_a.arm_1.gz_ros_control]: 		 velocity
[gz-1] [INFO] [1787987392.343397055] [cite.cell_a.arm_1.gz_ros_control]: 	Command:
[gz-1] [INFO] [1787987392.343398472] [cite.cell_a.arm_1.gz_ros_control]: 		 position
[gz-1] [INFO] [1787987392.343401597] [cite.cell_a.arm_1.gz_ros_control]: 		 velocity
[gz-1] [INFO] [1787987392.343406472] [cite.cell_a.arm_1.gz_ros_control]: Loading joint: arm_1_left_finger_joint
[gz-1] [INFO] [1787987392.343408972] [cite.cell_a.arm_1.gz_ros_control]: Joint 'arm_1_left_finger_joint'is mimicking joint 'arm_1_drive_joint' with multiplier: 1 and offset: 0
[gz-1] [INFO] [1787987392.343411263] [cite.cell_a.arm_1.gz_ros_control]: 	State:
[gz-1] [INFO] [1787987392.343412805] [cite.cell_a.arm_1.gz_ros_control]: 		 position
[gz-1] [INFO] [1787987392.343414680] [cite.cell_a.arm_1.gz_ros_control]: 		 velocity
[gz-1] [INFO] [1787987392.343416305] [cite.cell_a.arm_1.gz_ros_control]: 	Command:
[gz-1] [INFO] [1787987392.343424180] [cite.cell_a.arm_1.gz_ros_control]: Loading joint: arm_1_left_inner_knuckle_joint
[gz-1] [INFO] [1787987392.343426513] [cite.cell_a.arm_1.gz_ros_control]: Joint 'arm_1_left_inner_knuckle_joint'is mimicking joint 'arm_1_drive_joint' with multiplier: 1 and offset: 0
[gz-1] [INFO] [1787987392.343428513] [cite.cell_a.arm_1.gz_ros_control]: 	State:
[gz-1] [INFO] [1787987392.343432930] [cite.cell_a.arm_1.gz_ros_control]: 		 position
[gz-1] [INFO] [1787987392.343435305] [cite.cell_a.arm_1.gz_ros_control]: 		 velocity
[gz-1] [INFO] [1787987392.343436930] [cite.cell_a.arm_1.gz_ros_control]: 	Command:
[gz-1] [INFO] [1787987392.343440638] [cite.cell_a.arm_1.gz_ros_control]: Loading joint: arm_1_right_outer_knuckle_joint
[gz-1] [INFO] [1787987392.343442805] [cite.cell_a.arm_1.gz_ros_control]: Joint 'arm_1_right_outer_knuckle_joint'is mimicking joint 'arm_1_drive_joint' with multiplier: 1 and offset: 0
[gz-1] [INFO] [1787987392.343444847] [cite.cell_a.arm_1.gz_ros_control]: 	State:
[gz-1] [INFO] [1787987392.343446388] [cite.cell_a.arm_1.gz_ros_control]: 		 position
[gz-1] [INFO] [1787987392.343447888] [cite.cell_a.arm_1.gz_ros_control]: 		 velocity
[gz-1] [INFO] [1787987392.343449388] [cite.cell_a.arm_1.gz_ros_control]: 	Command:
[gz-1] [INFO] [1787987392.343453222] [cite.cell_a.arm_1.gz_ros_control]: Loading joint: arm_1_right_finger_joint
[gz-1] [INFO] [1787987392.343455472] [cite.cell_a.arm_1.gz_ros_control]: Joint 'arm_1_right_finger_joint'is mimicking joint 'arm_1_drive_joint' with multiplier: 1 and offset: 0
[gz-1] [INFO] [1787987392.343458305] [cite.cell_a.arm_1.gz_ros_control]: 	State:
[gz-1] [INFO] [1787987392.343459972] [cite.cell_a.arm_1.gz_ros_control]: 		 position
[gz-1] [INFO] [1787987392.343462013] [cite.cell_a.arm_1.gz_ros_control]: 		 velocity
[gz-1] [INFO] [1787987392.343463680] [cite.cell_a.arm_1.gz_ros_control]: 	Command:
[gz-1] [INFO] [1787987392.343467013] [cite.cell_a.arm_1.gz_ros_control]: Loading joint: arm_1_right_inner_knuckle_joint
[gz-1] [INFO] [1787987392.343469138] [cite.cell_a.arm_1.gz_ros_control]: Joint 'arm_1_right_inner_knuckle_joint'is mimicking joint 'arm_1_drive_joint' with multiplier: 1 and offset: 0
[gz-1] [INFO] [1787987392.343471305] [cite.cell_a.arm_1.gz_ros_control]: 	State:
[gz-1] [INFO] [1787987392.343472763] [cite.cell_a.arm_1.gz_ros_control]: 		 position
[gz-1] [INFO] [1787987392.343474263] [cite.cell_a.arm_1.gz_ros_control]: 		 velocity
[gz-1] [INFO] [1787987392.343475805] [cite.cell_a.arm_1.gz_ros_control]: 	Command:
[gz-1] [INFO] [1787987392.343483388] [cite.cell_a.arm_1.controller_manager]: Initialize hardware 'arm_1_XArmGripperSystem' 
[gz-1] [WARN] [1787987392.343487722] [cite.cell_a.arm_1.controller_manager.hardware_component.system.arm_1_XArmGripperSystem]: Executor is not available during hardware component initialization for 'arm_1_XArmGripperSystem'. Skipping node creation!
[gz-1] [INFO] [1787987392.343497513] [cite.cell_a.arm_1.controller_manager]: Successful initialization of hardware 'arm_1_XArmGripperSystem'
[gz-1] [INFO] [1787987392.343583388] [cite.cell_a.arm_1.controller_manager]: Activating component 'arm_1_XArmGripperSystem'.
[gz-1] [INFO] [1787987392.343587180] [resource_manager]: 'configure' hardware 'arm_1_XArmGripperSystem' 
[gz-1] [INFO] [1787987392.343588722] [cite.cell_a.arm_1.gz_ros_control]: System Successfully configured!
[gz-1] [INFO] [1787987392.343591305] [resource_manager]: Successful 'configure' of hardware 'arm_1_XArmGripperSystem'
[gz-1] [INFO] [1787987392.343593597] [resource_manager]: 'activate' hardware 'arm_1_XArmGripperSystem' 
[gz-1] [INFO] [1787987392.343595513] [resource_manager]: Successful 'activate' of hardware 'arm_1_XArmGripperSystem'
[gz-1] [INFO] [1787987392.343607847] [cite.cell_a.arm_1.controller_manager]: Activating component 'arm_1_gz_ros2_control/GazeboSimSystem'.
[gz-1] [INFO] [1787987392.343610263] [resource_manager]: 'configure' hardware 'arm_1_gz_ros2_control/GazeboSimSystem' 
[gz-1] [INFO] [1787987392.343611347] [cite.cell_a.arm_1.gz_ros_control]: System Successfully configured!
[gz-1] [INFO] [1787987392.343613805] [resource_manager]: Successful 'configure' of hardware 'arm_1_gz_ros2_control/GazeboSimSystem'
[gz-1] [INFO] [1787987392.343616180] [resource_manager]: 'activate' hardware 'arm_1_gz_ros2_control/GazeboSimSystem' 
[gz-1] [INFO] [1787987392.343617805] [resource_manager]: Successful 'activate' of hardware 'arm_1_gz_ros2_control/GazeboSimSystem'
[gz-1] [WARN] [1787987392.343635805] [cite.cell_a.arm_1.controller_manager]: Component 'arm_1_XArmGripperSystem' does not have read or write statistics initialized, skipping registration.
[gz-1] [WARN] [1787987392.343638305] [cite.cell_a.arm_1.controller_manager]: Component 'arm_1_gz_ros2_control/GazeboSimSystem' does not have read or write statistics initialized, skipping registration.
[gz-1] [INFO] [1787987392.343645305] [cite.cell_a.arm_1.controller_manager]: Resource Manager has been successfully initialized. Starting Controller Manager services...
[gz-1] [INFO] [1787987392.462732847] [cite.cell_a.arm_1.controller_manager]: Loading controller : 'arm_1_joint_state_broadcaster' of type 'joint_state_broadcaster/JointStateBroadcaster'
[gz-1] [INFO] [1787987392.462773138] [cite.cell_a.arm_1.controller_manager]: Loading controller 'arm_1_joint_state_broadcaster'
[gz-1] [INFO] [1787987392.467398597] [cite.cell_a.arm_1.controller_manager]: Controller 'arm_1_joint_state_broadcaster' node arguments: --ros-args --params-file /workspace/workspace/install/cite_generated/share/cite_generated/control/cell_a_arm_1_controllers.yaml -p use_sim_time:=true --param use_sim_time:=true 
[spawner-14] [INFO] [1787987392.483814847] [spawn_arm_1_stage0]: Loaded arm_1_joint_state_broadcaster
[gz-1] [INFO] [1787987392.484840013] [cite.cell_a.arm_1.controller_manager]: Configuring controller: 'arm_1_joint_state_broadcaster'
[gz-1] [INFO] [1787987392.484996097] [cite.cell_a.arm_1.arm_1_joint_state_broadcaster]: 'joints' or 'interfaces' parameter is empty. All available state interfaces will be published
[gz-1] [INFO] [1787987392.495684472] [cite.cell_a.arm_1.controller_manager]: Activating controllers: [ arm_1_joint_state_broadcaster ]
[gz-1] [1;31m[Err] [Physics.cc:1808] [0m[1;31mAttempting to create a mimic constraint for joint [[0m[1;31marm_3_left_finger_joint[0m[1;31m] but the chosen physics engine does not support [0m[1;31mmimic constraints, so no constraint will be [0m[1;31mcreated.[0m[1;31m[0m
[detection_server-18] [INFO] [1787987394.584630542] [cite.cell_a.detection.detection_server]: 'beam_pick' first reported CLEAR
[detection_server-18] [INFO] [1787987394.584784000] [cite.cell_a.detection.detection_server]: 'beam_c3_out' first reported CLEAR
[detection_server-18] [INFO] [1787987394.584883583] [cite.cell_a.detection.detection_server]: 'beam_c2_out' first reported CLEAR
[detection_server-18] [INFO] [1787987394.584921042] [cite.cell_a.detection.detection_server]: 'beam_c1_out' first reported CLEAR
[gz-1] [WARN] [1787987394.586660833] [cite.cell_a.arm_3.gz_ros_control]:  Desired controller update period (0.00666667 s) is slower than the gazebo simulation period (0.001 s).
[gz-1] [WARN] [1787987394.586845792] [cite.cell_a.arm_2.gz_ros_control]:  Desired controller update period (0.00666667 s) is slower than the gazebo simulation period (0.001 s).
[gz-1] [WARN] [1787987394.586890750] [cite.cell_a.arm_1.gz_ros_control]:  Desired controller update period (0.00666667 s) is slower than the gazebo simulation period (0.001 s).
[gz-1] [INFO] [1787987394.593531375] [cite.cell_a.arm_1.controller_manager]: Successfully switched controllers!
[spawner-14] [INFO] [1787987394.601554042] [spawn_arm_1_stage0]: Configured and activated arm_1_joint_state_broadcaster
[INFO] [spawner-14]: process has finished cleanly [pid 150]
[INFO] [spawner-19]: process started with pid [602]
[spawner-19] [INFO] [1787987394.934715125] [spawn_arm_1_stage1]: waiting for service /cite/cell_a/arm_1/controller_manager/list_controllers to become available...
[gz-1] [INFO] [1787987398.785016294] [cite.cell_a.arm_1.controller_manager]: Loading controller : 'arm_1_gripper_controller' of type 'position_controllers/GripperActionController'
[gz-1] [INFO] [1787987398.785067627] [cite.cell_a.arm_1.controller_manager]: Loading controller 'arm_1_gripper_controller'
[gz-1] [INFO] [1787987398.788598627] [cite.cell_a.arm_1.controller_manager]: Controller 'arm_1_gripper_controller' node arguments: --ros-args --params-file /workspace/workspace/install/cite_generated/share/cite_generated/control/cell_a_arm_1_controllers.yaml -p use_sim_time:=true --param use_sim_time:=true 
[gz-1] [WARN] [1787987398.804742252] [cite.cell_a.arm_1.arm_1_gripper_controller]: [Deprecated]: the `position_controllers/GripperActionController` and `effort_controllers::GripperActionController` controllers are replaced by 'parallel_gripper_controllers/GripperActionController' controller
[spawner-19] [INFO] [1787987398.808591502] [spawn_arm_1_stage1]: Loaded arm_1_gripper_controller
[gz-1] [INFO] [1787987398.809737544] [cite.cell_a.arm_1.controller_manager]: Configuring controller: 'arm_1_gripper_controller'
[gz-1] [INFO] [1787987398.809801085] [cite.cell_a.arm_1.arm_1_gripper_controller]: Action status changes will be monitored at 20.000000 Hz.
[gz-1] [INFO] [1787987398.816046377] [cite.cell_a.arm_1.controller_manager]: Activating controllers: [ arm_1_gripper_controller ]
[gz-1] [INFO] [1787987398.826310960] [cite.cell_a.arm_1.controller_manager]: Successfully switched controllers!
[spawner-19] [INFO] [1787987398.834405377] [spawn_arm_1_stage1]: Configured and activated arm_1_gripper_controller
[gz-1] [INFO] [1787987398.835082044] [cite.cell_a.arm_1.controller_manager]: Loading controller : 'arm_1_joint_trajectory_controller' of type 'joint_trajectory_controller/JointTrajectoryController'
[gz-1] [INFO] [1787987398.835102044] [cite.cell_a.arm_1.controller_manager]: Loading controller 'arm_1_joint_trajectory_controller'
[gz-1] [INFO] [1787987398.838485460] [cite.cell_a.arm_1.controller_manager]: Controller 'arm_1_joint_trajectory_controller' node arguments: --ros-args --params-file /workspace/workspace/install/cite_generated/share/cite_generated/control/cell_a_arm_1_controllers.yaml -p use_sim_time:=true --param use_sim_time:=true 
[spawner-19] [INFO] [1787987398.865440752] [spawn_arm_1_stage1]: Loaded arm_1_joint_trajectory_controller
[gz-1] [INFO] [1787987398.865699502] [cite.cell_a.arm_1.controller_manager]: Configuring controller: 'arm_1_joint_trajectory_controller'
[gz-1] [INFO] [1787987398.865832210] [cite.cell_a.arm_1.arm_1_joint_trajectory_controller]: No specific joint names are used for command interfaces. Using 'joints' parameter.
[gz-1] [INFO] [1787987398.865865210] [cite.cell_a.arm_1.arm_1_joint_trajectory_controller]: Command interfaces are [position] and state interfaces are [position velocity].
[gz-1] [INFO] [1787987398.865890627] [cite.cell_a.arm_1.arm_1_joint_trajectory_controller]: Using 'splines' interpolation method.
[gz-1] [INFO] [1787987398.868816294] [cite.cell_a.arm_1.arm_1_joint_trajectory_controller]: Action status changes will be monitored at 20.00 Hz.
[gz-1] [INFO] [1787987398.873662960] [cite.cell_a.arm_1.arm_1_joint_trajectory_controller]: Setting initial scaling factor to 1.000000
[gz-1] [INFO] [1787987398.873690169] [cite.cell_a.arm_1.arm_1_joint_trajectory_controller]: No scaling interface set. This controller will not read speed scaling from the hardware.
[gz-1] [INFO] [1787987398.880453544] [cite.cell_a.arm_1.controller_manager]: Activating controllers: [ arm_1_joint_trajectory_controller ]
[gz-1] [INFO] [1787987398.886738544] [cite.cell_a.arm_1.controller_manager]: Successfully switched controllers!
[spawner-19] [INFO] [1787987398.894386002] [spawn_arm_1_stage1]: Configured and activated arm_1_joint_trajectory_controller
[INFO] [spawner-19]: process has finished cleanly [pid 602]
[INFO] [spawner-20]: process started with pid [620]
[spawner-20] [INFO] [1787987399.235211961] [spawn_arm_2_stage0]: waiting for service /cite/cell_a/arm_2/controller_manager/list_controllers to become available...
[gz-1] [INFO] [1787987400.500356003] [cite.cell_a.arm_2.controller_manager]: Loading controller : 'arm_2_joint_state_broadcaster' of type 'joint_state_broadcaster/JointStateBroadcaster'
[gz-1] [INFO] [1787987400.500387795] [cite.cell_a.arm_2.controller_manager]: Loading controller 'arm_2_joint_state_broadcaster'
[gz-1] [INFO] [1787987400.501315128] [cite.cell_a.arm_2.controller_manager]: Controller 'arm_2_joint_state_broadcaster' node arguments: --ros-args --params-file /workspace/workspace/install/cite_generated/share/cite_generated/control/cell_a_arm_2_controllers.yaml -p use_sim_time:=true --param use_sim_time:=true 
[spawner-20] [INFO] [1787987400.523609461] [spawn_arm_2_stage0]: Loaded arm_2_joint_state_broadcaster
[gz-1] [INFO] [1787987400.525051503] [cite.cell_a.arm_2.controller_manager]: Configuring controller: 'arm_2_joint_state_broadcaster'
[gz-1] [INFO] [1787987400.525095878] [cite.cell_a.arm_2.arm_2_joint_state_broadcaster]: 'joints' or 'interfaces' parameter is empty. All available state interfaces will be published
[gz-1] [INFO] [1787987400.532087253] [cite.cell_a.arm_2.controller_manager]: Activating controllers: [ arm_2_joint_state_broadcaster ]
[gz-1] [INFO] [1787987400.536956961] [cite.cell_a.arm_2.controller_manager]: Successfully switched controllers!
[spawner-20] [INFO] [1787987400.544436045] [spawn_arm_2_stage0]: Configured and activated arm_2_joint_state_broadcaster
[INFO] [spawner-20]: process has finished cleanly [pid 620]
[INFO] [spawner-21]: process started with pid [638]
[spawner-21] [INFO] [1787987400.874726170] [spawn_arm_2_stage1]: waiting for service /cite/cell_a/arm_2/controller_manager/list_controllers to become available...
[gz-1] [INFO] [1787987401.629300545] [cite.cell_a.arm_2.controller_manager]: Loading controller : 'arm_2_gripper_controller' of type 'position_controllers/GripperActionController'
[gz-1] [INFO] [1787987401.629328795] [cite.cell_a.arm_2.controller_manager]: Loading controller 'arm_2_gripper_controller'
[gz-1] [INFO] [1787987401.629925045] [cite.cell_a.arm_2.controller_manager]: Controller 'arm_2_gripper_controller' node arguments: --ros-args --params-file /workspace/workspace/install/cite_generated/share/cite_generated/control/cell_a_arm_2_controllers.yaml -p use_sim_time:=true --param use_sim_time:=true 
[gz-1] [WARN] [1787987401.643603212] [cite.cell_a.arm_2.arm_2_gripper_controller]: [Deprecated]: the `position_controllers/GripperActionController` and `effort_controllers::GripperActionController` controllers are replaced by 'parallel_gripper_controllers/GripperActionController' controller
[spawner-21] [INFO] [1787987401.646599962] [spawn_arm_2_stage1]: Loaded arm_2_gripper_controller
[gz-1] [INFO] [1787987401.647577962] [cite.cell_a.arm_2.controller_manager]: Configuring controller: 'arm_2_gripper_controller'
[gz-1] [INFO] [1787987401.647619795] [cite.cell_a.arm_2.arm_2_gripper_controller]: Action status changes will be monitored at 20.000000 Hz.
[gz-1] [INFO] [1787987401.653925587] [cite.cell_a.arm_2.controller_manager]: Activating controllers: [ arm_2_gripper_controller ]
[gz-1] [INFO] [1787987401.662985087] [cite.cell_a.arm_2.controller_manager]: Successfully switched controllers!
[spawner-21] [INFO] [1787987401.671419503] [spawn_arm_2_stage1]: Configured and activated arm_2_gripper_controller
[gz-1] [INFO] [1787987401.672016670] [cite.cell_a.arm_2.controller_manager]: Loading controller : 'arm_2_joint_trajectory_controller' of type 'joint_trajectory_controller/JointTrajectoryController'
[gz-1] [INFO] [1787987401.672032337] [cite.cell_a.arm_2.controller_manager]: Loading controller 'arm_2_joint_trajectory_controller'
[gz-1] [INFO] [1787987401.672362087] [cite.cell_a.arm_2.controller_manager]: Controller 'arm_2_joint_trajectory_controller' node arguments: --ros-args --params-file /workspace/workspace/install/cite_generated/share/cite_generated/control/cell_a_arm_2_controllers.yaml -p use_sim_time:=true --param use_sim_time:=true 
[spawner-21] [INFO] [1787987401.695421629] [spawn_arm_2_stage1]: Loaded arm_2_joint_trajectory_controller
[gz-1] [INFO] [1787987401.695789879] [cite.cell_a.arm_2.controller_manager]: Configuring controller: 'arm_2_joint_trajectory_controller'
[gz-1] [INFO] [1787987401.695876462] [cite.cell_a.arm_2.arm_2_joint_trajectory_controller]: No specific joint names are used for command interfaces. Using 'joints' parameter.
[gz-1] [INFO] [1787987401.695889170] [cite.cell_a.arm_2.arm_2_joint_trajectory_controller]: Command interfaces are [position] and state interfaces are [position velocity].
[gz-1] [INFO] [1787987401.695894670] [cite.cell_a.arm_2.arm_2_joint_trajectory_controller]: Using 'splines' interpolation method.
[gz-1] [INFO] [1787987401.697289504] [cite.cell_a.arm_2.arm_2_joint_trajectory_controller]: Action status changes will be monitored at 20.00 Hz.
[gz-1] [INFO] [1787987401.701874045] [cite.cell_a.arm_2.arm_2_joint_trajectory_controller]: Setting initial scaling factor to 1.000000
[gz-1] [INFO] [1787987401.702049920] [cite.cell_a.arm_2.arm_2_joint_trajectory_controller]: No scaling interface set. This controller will not read speed scaling from the hardware.
[gz-1] [INFO] [1787987401.710286712] [cite.cell_a.arm_2.controller_manager]: Activating controllers: [ arm_2_joint_trajectory_controller ]
[gz-1] [INFO] [1787987401.715734920] [cite.cell_a.arm_2.controller_manager]: Successfully switched controllers!
[spawner-21] [INFO] [1787987401.723374837] [spawn_arm_2_stage1]: Configured and activated arm_2_joint_trajectory_controller
[INFO] [spawner-21]: process has finished cleanly [pid 638]
[INFO] [spawner-22]: process started with pid [656]
[spawner-22] [INFO] [1787987402.054479837] [spawn_arm_3_stage0]: waiting for service /cite/cell_a/arm_3/controller_manager/list_controllers to become available...
[gz-1] [INFO] [1787987403.561978379] [cite.cell_a.arm_3.controller_manager]: Loading controller : 'arm_3_joint_state_broadcaster' of type 'joint_state_broadcaster/JointStateBroadcaster'
[gz-1] [INFO] [1787987403.562009671] [cite.cell_a.arm_3.controller_manager]: Loading controller 'arm_3_joint_state_broadcaster'
[gz-1] [INFO] [1787987403.562980504] [cite.cell_a.arm_3.controller_manager]: Controller 'arm_3_joint_state_broadcaster' node arguments: --ros-args --params-file /workspace/workspace/install/cite_generated/share/cite_generated/control/cell_a_arm_3_controllers.yaml -p use_sim_time:=true --param use_sim_time:=true 
[spawner-22] [INFO] [1787987403.585503629] [spawn_arm_3_stage0]: Loaded arm_3_joint_state_broadcaster
[gz-1] [INFO] [1787987403.674895338] [cite.cell_a.arm_3.controller_manager]: Configuring controller: 'arm_3_joint_state_broadcaster'
[gz-1] [INFO] [1787987403.674951671] [cite.cell_a.arm_3.arm_3_joint_state_broadcaster]: 'joints' or 'interfaces' parameter is empty. All available state interfaces will be published
[gz-1] [INFO] [1787987403.684130379] [cite.cell_a.arm_3.controller_manager]: Activating controllers: [ arm_3_joint_state_broadcaster ]
[gz-1] [INFO] [1787987403.689012796] [cite.cell_a.arm_3.controller_manager]: Successfully switched controllers!
[spawner-22] [INFO] [1787987403.696451588] [spawn_arm_3_stage0]: Configured and activated arm_3_joint_state_broadcaster
[INFO] [spawner-22]: process has finished cleanly [pid 656]
[INFO] [spawner-23]: process started with pid [674]
[spawner-23] [INFO] [1787987404.023385380] [spawn_arm_3_stage1]: waiting for service /cite/cell_a/arm_3/controller_manager/list_controllers to become available...
[gz-1] [INFO] [1787987404.581506213] [cite.cell_a.arm_3.controller_manager]: Loading controller : 'arm_3_gripper_controller' of type 'position_controllers/GripperActionController'
[gz-1] [INFO] [1787987404.581540005] [cite.cell_a.arm_3.controller_manager]: Loading controller 'arm_3_gripper_controller'
[gz-1] [INFO] [1787987404.582557963] [cite.cell_a.arm_3.controller_manager]: Controller 'arm_3_gripper_controller' node arguments: --ros-args --params-file /workspace/workspace/install/cite_generated/share/cite_generated/control/cell_a_arm_3_controllers.yaml -p use_sim_time:=true --param use_sim_time:=true 
[gz-1] [WARN] [1787987404.607084422] [cite.cell_a.arm_3.arm_3_gripper_controller]: [Deprecated]: the `position_controllers/GripperActionController` and `effort_controllers::GripperActionController` controllers are replaced by 'parallel_gripper_controllers/GripperActionController' controller
[spawner-23] [INFO] [1787987404.611563630] [spawn_arm_3_stage1]: Loaded arm_3_gripper_controller
[gz-1] [INFO] [1787987404.612632338] [cite.cell_a.arm_3.controller_manager]: Configuring controller: 'arm_3_gripper_controller'
[gz-1] [INFO] [1787987404.612675297] [cite.cell_a.arm_3.arm_3_gripper_controller]: Action status changes will be monitored at 20.000000 Hz.
[gz-1] [INFO] [1787987404.709941422] [cite.cell_a.arm_3.controller_manager]: Activating controllers: [ arm_3_gripper_controller ]
[gz-1] [INFO] [1787987404.715333297] [cite.cell_a.arm_3.controller_manager]: Successfully switched controllers!
[spawner-23] [INFO] [1787987404.723470547] [spawn_arm_3_stage1]: Configured and activated arm_3_gripper_controller
[gz-1] [INFO] [1787987404.724081755] [cite.cell_a.arm_3.controller_manager]: Loading controller : 'arm_3_joint_trajectory_controller' of type 'joint_trajectory_controller/JointTrajectoryController'
[gz-1] [INFO] [1787987404.724095338] [cite.cell_a.arm_3.controller_manager]: Loading controller 'arm_3_joint_trajectory_controller'
[gz-1] [INFO] [1787987404.724474755] [cite.cell_a.arm_3.controller_manager]: Controller 'arm_3_joint_trajectory_controller' node arguments: --ros-args --params-file /workspace/workspace/install/cite_generated/share/cite_generated/control/cell_a_arm_3_controllers.yaml -p use_sim_time:=true --param use_sim_time:=true 
[spawner-23] [INFO] [1787987404.757401588] [spawn_arm_3_stage1]: Loaded arm_3_joint_trajectory_controller
[gz-1] [INFO] [1787987404.757653005] [cite.cell_a.arm_3.controller_manager]: Configuring controller: 'arm_3_joint_trajectory_controller'
[gz-1] [INFO] [1787987404.757743505] [cite.cell_a.arm_3.arm_3_joint_trajectory_controller]: No specific joint names are used for command interfaces. Using 'joints' parameter.
[gz-1] [INFO] [1787987404.757766172] [cite.cell_a.arm_3.arm_3_joint_trajectory_controller]: Command interfaces are [position] and state interfaces are [position velocity].
[gz-1] [INFO] [1787987404.757771505] [cite.cell_a.arm_3.arm_3_joint_trajectory_controller]: Using 'splines' interpolation method.
[gz-1] [INFO] [1787987404.759803505] [cite.cell_a.arm_3.arm_3_joint_trajectory_controller]: Action status changes will be monitored at 20.00 Hz.
[gz-1] [INFO] [1787987404.764735547] [cite.cell_a.arm_3.arm_3_joint_trajectory_controller]: Setting initial scaling factor to 1.000000
[gz-1] [INFO] [1787987404.764771047] [cite.cell_a.arm_3.arm_3_joint_trajectory_controller]: No scaling interface set. This controller will not read speed scaling from the hardware.
[gz-1] [INFO] [1787987404.772457213] [cite.cell_a.arm_3.controller_manager]: Activating controllers: [ arm_3_joint_trajectory_controller ]
[gz-1] [INFO] [1787987404.778437297] [cite.cell_a.arm_3.controller_manager]: Successfully switched controllers!
[spawner-23] [INFO] [1787987404.786383088] [spawn_arm_3_stage1]: Configured and activated arm_3_joint_trajectory_controller
[INFO] [spawner-23]: process has finished cleanly [pid 674]
[INFO] [planning_scene_loader.py-24]: process started with pid [707]
[planning_scene_loader.py-24] [INFO] [1787987405.993090714] [cite.cell_a.arm_1.load_planning_scene_arm_1]: loaded 12 collision object(s) for zone 'cell_a' in cite_world
[INFO] [planning_scene_loader.py-24]: process has finished cleanly [pid 707]
[INFO] [planning_scene_loader.py-25]: process started with pid [737]
[planning_scene_loader.py-25] [INFO] [1787987406.684838756] [cite.cell_a.arm_2.load_planning_scene_arm_2]: loaded 12 collision object(s) for zone 'cell_a' in cite_world
[INFO] [planning_scene_loader.py-25]: process has finished cleanly [pid 737]
[INFO] [planning_scene_loader.py-26]: process started with pid [752]
[planning_scene_loader.py-26] [INFO] [1787987408.217174840] [cite.cell_a.arm_3.load_planning_scene_arm_3]: loaded 12 collision object(s) for zone 'cell_a' in cite_world
[INFO] [planning_scene_loader.py-26]: process has finished cleanly [pid 752]
[INFO] [skill_server-27]: process started with pid [788]
[INFO] [skill_server-28]: process started with pid [789]
[INFO] [skill_server-29]: process started with pid [790]
[skill_server-28] [WARN] [1787987408.891947049] [rcl.logging_rosout]: Publisher already registered for node name: 'skill_server'. If this is due to multiple nodes with the same name then all logs for the logger named 'cite.cell_a.arm_2.skill_server' will go out over the existing publisher. As soon as any node with that name is destructed it will unregister the publisher, preventing any further logs for that name from being published on the rosout topic.
[skill_server-27] [WARN] [1787987408.893345840] [rcl.logging_rosout]: Publisher already registered for node name: 'skill_server'. If this is due to multiple nodes with the same name then all logs for the logger named 'cite.cell_a.arm_1.skill_server' will go out over the existing publisher. As soon as any node with that name is destructed it will unregister the publisher, preventing any further logs for that name from being published on the rosout topic.
[skill_server-29] [WARN] [1787987408.899382132] [rcl.logging_rosout]: Publisher already registered for node name: 'skill_server'. If this is due to multiple nodes with the same name then all logs for the logger named 'cite.cell_a.arm_3.skill_server' will go out over the existing publisher. As soon as any node with that name is destructed it will unregister the publisher, preventing any further logs for that name from being published on the rosout topic.
[skill_server-28] [INFO] [1787987408.901879674] [cite.cell_a.arm_2.skill_server.moveit.ros.rdf_loader]: Loaded robot model in 0 seconds
[skill_server-28] [INFO] [1787987408.901963632] [cite.cell_a.arm_2.skill_server.moveit.core.robot_model]: Loading robot model 'arm_2'...
[skill_server-28] [INFO] [1787987408.901974632] [cite.cell_a.arm_2.skill_server.moveit.core.robot_model]: No root/virtual joint specified in SRDF. Assuming fixed joint
[skill_server-27] [INFO] [1787987408.901879715] [cite.cell_a.arm_1.skill_server.moveit.ros.rdf_loader]: Loaded robot model in 0 seconds
[skill_server-27] [INFO] [1787987408.901985632] [cite.cell_a.arm_1.skill_server.moveit.core.robot_model]: Loading robot model 'arm_1'...
[skill_server-27] [INFO] [1787987408.902001840] [cite.cell_a.arm_1.skill_server.moveit.core.robot_model]: No root/virtual joint specified in SRDF. Assuming fixed joint
[skill_server-29] [INFO] [1787987408.906276382] [cite.cell_a.arm_3.skill_server.moveit.ros.rdf_loader]: Loaded robot model in 0 seconds
[skill_server-29] [INFO] [1787987408.906357340] [cite.cell_a.arm_3.skill_server.moveit.core.robot_model]: Loading robot model 'arm_3'...
[skill_server-29] [INFO] [1787987408.906365465] [cite.cell_a.arm_3.skill_server.moveit.core.robot_model]: No root/virtual joint specified in SRDF. Assuming fixed joint
[skill_server-27] [INFO] [1787987408.968546632] [cite.cell_a.arm_1.skill_server.moveit.kinematics.kdl_kinematics_plugin]: Joint weights for group 'arm_1_xarm5': 1 1 1 1 1
[skill_server-28] [INFO] [1787987408.968612840] [cite.cell_a.arm_2.skill_server.moveit.kinematics.kdl_kinematics_plugin]: Joint weights for group 'arm_2_xarm5': 1 1 1 1 1
[skill_server-29] [INFO] [1787987408.979143340] [cite.cell_a.arm_3.skill_server.moveit.kinematics.kdl_kinematics_plugin]: Joint weights for group 'arm_3_xarm5': 1 1 1 1 1
[skill_server-29] [INFO] [1787987409.914163299] [cite.cell_a.arm_3.skill_server.moveit.ros.move_group_interface]: Ready to take commands for planning group arm_3_xarm5.
[skill_server-29] [INFO] [1787987409.914209882] [cite.cell_a.arm_3.skill_server]: planning for group 'arm_3_xarm5' with end effector 'arm_3_link_tcp' (planning frame 'arm_3_mount')
[skill_server-29] [INFO] [1787987409.914217966] [cite.cell_a.arm_3.skill_server]: planner: pilz_industrial_motion_planner/PTP, falling back to ompl (its own default planner) (ADR-0027)
[skill_server-29] [INFO] [1787987409.930622674] [cite.cell_a.arm_3.skill_server]: skills for arm_3 are accepting goals
[skill_server-27] [INFO] [1787987410.812653508] [cite.cell_a.arm_1.skill_server.moveit.ros.move_group_interface]: Ready to take commands for planning group arm_1_xarm5.
[skill_server-27] [INFO] [1787987410.812693883] [cite.cell_a.arm_1.skill_server]: planning for group 'arm_1_xarm5' with end effector 'arm_1_link_tcp' (planning frame 'arm_1_mount')
[skill_server-27] [INFO] [1787987410.812698383] [cite.cell_a.arm_1.skill_server]: planner: pilz_industrial_motion_planner/PTP, falling back to ompl (its own default planner) (ADR-0027)
[skill_server-28] [INFO] [1787987410.822340550] [cite.cell_a.arm_2.skill_server.moveit.ros.move_group_interface]: Ready to take commands for planning group arm_2_xarm5.
[skill_server-28] [INFO] [1787987410.822379800] [cite.cell_a.arm_2.skill_server]: planning for group 'arm_2_xarm5' with end effector 'arm_2_link_tcp' (planning frame 'arm_2_mount')
[skill_server-28] [INFO] [1787987410.822384341] [cite.cell_a.arm_2.skill_server]: planner: pilz_industrial_motion_planner/PTP, falling back to ompl (its own default planner) (ADR-0027)
[skill_server-27] [INFO] [1787987410.833392341] [cite.cell_a.arm_1.skill_server]: skills for arm_1 are accepting goals
[skill_server-28] [INFO] [1787987410.845924716] [cite.cell_a.arm_2.skill_server]: skills for arm_2 are accepting goals
[WARNING] [launch]: user interrupted with ctrl-c (SIGINT)
[skill_server-28] [INFO] [1787987590.610161299] [rclcpp]: signal_handler(SIGINT/SIGTERM)
[skill_server-29] [INFO] [1787987590.610161341] [rclcpp]: signal_handler(SIGINT/SIGTERM)
[skill_server-27] [INFO] [1787987590.610148466] [rclcpp]: signal_handler(SIGINT/SIGTERM)
[move_group-15] [INFO] [1787987590.610147716] [rclcpp]: signal_handler(SIGINT/SIGTERM)
[move_group-16] [INFO] [1787987590.610171508] [rclcpp]: signal_handler(SIGINT/SIGTERM)
[detection_server-18] [INFO] [1787987590.610172841] [rclcpp]: signal_handler(SIGINT/SIGTERM)
[move_group-17] [INFO] [1787987590.610197549] [rclcpp]: signal_handler(SIGINT/SIGTERM)
[robot_state_publisher-5] [INFO] [1787987590.610221716] [rclcpp]: signal_handler(SIGINT/SIGTERM)
[robot_state_publisher-9] [INFO] [1787987590.610272091] [rclcpp]: signal_handler(SIGINT/SIGTERM)
[robot_state_publisher-3] [INFO] [1787987590.610594799] [rclcpp]: signal_handler(SIGINT/SIGTERM)
[robot_state_publisher-7] [INFO] [1787987590.610631549] [rclcpp]: signal_handler(SIGINT/SIGTERM)
[INFO] [skill_server-29]: sending signal 'SIGINT' to process[skill_server-29]
[INFO] [skill_server-28]: sending signal 'SIGINT' to process[skill_server-28]
[INFO] [skill_server-27]: sending signal 'SIGINT' to process[skill_server-27]
[ERROR] [skill_server-29]: process has died [pid 790, exit code -2, cmd '/workspace/workspace/install/cite_skills/lib/cite_skills/skill_server --ros-args -r __node:=skill_server -r __ns:=/cite/cell_a/arm_3 --params-file /tmp/launch_params_9eq2bidw --params-file /tmp/launch_params_r5ucbte8 --params-file /tmp/launch_params_7t55fpw7 --params-file /tmp/launch_params_tmhz2we8 -r /tf:=/tf -r /tf_static:=/tf_static'].
[INFO] [detection_server-18]: sending signal 'SIGINT' to process[detection_server-18]
[ERROR] [skill_server-28]: process has died [pid 789, exit code -2, cmd '/workspace/workspace/install/cite_skills/lib/cite_skills/skill_server --ros-args -r __node:=skill_server -r __ns:=/cite/cell_a/arm_2 --params-file /tmp/launch_params_4da2y1_y --params-file /tmp/launch_params_oyxgbupd --params-file /tmp/launch_params_jxr07le5 --params-file /tmp/launch_params_htud4r4h -r /tf:=/tf -r /tf_static:=/tf_static'].
[INFO] [move_group-17]: sending signal 'SIGINT' to process[move_group-17]
[ERROR] [skill_server-27]: process has died [pid 788, exit code -2, cmd '/workspace/workspace/install/cite_skills/lib/cite_skills/skill_server --ros-args -r __node:=skill_server -r __ns:=/cite/cell_a/arm_1 --params-file /tmp/launch_params_gz20n3bz --params-file /tmp/launch_params_c5n2cpdi --params-file /tmp/launch_params_m85m9yyk --params-file /tmp/launch_params_inhd8vzj -r /tf:=/tf -r /tf_static:=/tf_static'].
[ERROR] [detection_server-18]: process has died [pid 197, exit code -2, cmd '/workspace/workspace/install/cite_skills/lib/cite_skills/detection_server --ros-args -r __node:=detection_server -r __ns:=/cite/cell_a/detection --params-file /tmp/launch_params_fsbvr9x2 -r /tf:=/tf -r /tf_static:=/tf_static'].
[INFO] [move_group-16]: sending signal 'SIGINT' to process[move_group-16]
[INFO] [move_group-15]: sending signal 'SIGINT' to process[move_group-15]
[INFO] [topology_server.py-13]: sending signal 'SIGINT' to process[topology_server.py-13]
[INFO] [parameter_bridge-2]: process has finished cleanly [pid 121]
[ERROR] [move_group-17]: process has died [pid 187, exit code -2, cmd '/opt/ros/jazzy/lib/moveit_ros_move_group/move_group --ros-args -r __node:=move_group -r __ns:=/cite/cell_a/arm_3 --params-file /tmp/launch_params_t74pofxn --params-file /tmp/launch_params_mtox63rl --params-file /tmp/launch_params_2mehookg --params-file /tmp/launch_params_cogx9j0w --params-file /tmp/launch_params_dhw9mbzq --params-file /tmp/launch_params_io9gno_5 -r /tf:=/tf -r /tf_static:=/tf_static'].
[INFO] [model_info.py-12]: sending signal 'SIGINT' to process[model_info.py-12]
[ERROR] [move_group-16]: process has died [pid 174, exit code -2, cmd '/opt/ros/jazzy/lib/moveit_ros_move_group/move_group --ros-args -r __node:=move_group -r __ns:=/cite/cell_a/arm_2 --params-file /tmp/launch_params_8cehboub --params-file /tmp/launch_params_n1_1y71w --params-file /tmp/launch_params_c676hcw0 --params-file /tmp/launch_params_p7e7qkcc --params-file /tmp/launch_params_20emdarp --params-file /tmp/launch_params_0gqx1b0v -r /tf:=/tf -r /tf_static:=/tf_static'].
[INFO] [frame_server.py-11]: sending signal 'SIGINT' to process[frame_server.py-11]
[ERROR] [move_group-15]: process has died [pid 153, exit code -2, cmd '/opt/ros/jazzy/lib/moveit_ros_move_group/move_group --ros-args -r __node:=move_group -r __ns:=/cite/cell_a/arm_1 --params-file /tmp/launch_params_xmq1t8d8 --params-file /tmp/launch_params_v53a293q --params-file /tmp/launch_params_sul_e1mj --params-file /tmp/launch_params_guugii4d --params-file /tmp/launch_params_t3fizeg2 --params-file /tmp/launch_params_pzejahiw -r /tf:=/tf -r /tf_static:=/tf_static'].
[ERROR] [topology_server.py-13]: process has died [pid 138, exit code -2, cmd '/workspace/workspace/install/cite_facility/lib/cite_facility/topology_server.py --ros-args -r __node:=topology_server -r __ns:=/cite/facility --params-file /tmp/launch_params_gjnlz9ky --params-file /tmp/launch_params_9w_m7xbu'].
[INFO] [robot_state_publisher-9]: sending signal 'SIGINT' to process[robot_state_publisher-9]
[ERROR] [model_info.py-12]: process has died [pid 135, exit code -2, cmd '/workspace/workspace/install/cite_facility/lib/cite_facility/model_info.py --ros-args -r __node:=model_info -r __ns:=/cite/facility --params-file /tmp/launch_params_ak0j_j0o --params-file /tmp/launch_params_48iqy680'].
[INFO] [robot_state_publisher-7]: sending signal 'SIGINT' to process[robot_state_publisher-7]
[ERROR] [frame_server.py-11]: process has died [pid 132, exit code -2, cmd '/workspace/workspace/install/cite_facility/lib/cite_facility/frame_server.py --ros-args -r __node:=frame_server -r __ns:=/cite/facility --params-file /tmp/launch_params_kf0c7684 --params-file /tmp/launch_params_nhl9qp3d -r /tf_static:=/tf_static'].
[ERROR] [robot_state_publisher-9]: process has died [pid 128, exit code -2, cmd '/opt/ros/jazzy/lib/robot_state_publisher/robot_state_publisher --ros-args -r __node:=description_publisher -r __ns:=/cite/cell_a/arm_3 --params-file /tmp/launch_params_bzgxtgua -r /tf:=/tf -r /tf_static:=/tf_static'].
[INFO] [robot_state_publisher-5]: sending signal 'SIGINT' to process[robot_state_publisher-5]
[INFO] [robot_state_publisher-3]: process has finished cleanly [pid 122]
[INFO] [robot_state_publisher-5]: process has finished cleanly [pid 124]
[ERROR] [robot_state_publisher-7]: process has died [pid 126, exit code -2, cmd '/opt/ros/jazzy/lib/robot_state_publisher/robot_state_publisher --ros-args -r __node:=description_publisher -r __ns:=/cite/cell_a/arm_2 --params-file /tmp/launch_params_yuljup8_ -r /tf:=/tf -r /tf_static:=/tf_static'].
[INFO] [gz-1]: sending signal 'SIGINT' to process[gz-1]
[parameter_bridge-2] [INFO] [1787987590.611414716] [rclcpp]: signal_handler(SIGINT/SIGTERM)
[skill_server-27] Warning: class_loader.ClassLoader: SEVERE WARNING!!! Attempting to unload library while objects created by this loader exist in the heap! You should delete your objects before attempting to unload the library or destroying the ClassLoader. The library will NOT be unloaded.
[skill_server-27]          at line 127 in ./src/class_loader.cpp
[skill_server-29] Warning: class_loader.ClassLoader: SEVERE WARNING!!! Attempting to unload library while objects created by this loader exist in the heap! You should delete your objects before attempting to unload the library or destroying the ClassLoader. The library will NOT be unloaded.
[skill_server-29]          at line 127 in ./src/class_loader.cpp
[skill_server-28] Warning: class_loader.ClassLoader: SEVERE WARNING!!! Attempting to unload library while objects created by this loader exist in the heap! You should delete your objects before attempting to unload the library or destroying the ClassLoader. The library will NOT be unloaded.
[skill_server-28]          at line 127 in ./src/class_loader.cpp
[move_group-16] [INFO] [1787987590.704331508] [cite.cell_a.arm_2.move_group.moveit.ros.moveit_cpp]: Deleting MoveItCpp
[move_group-15] [INFO] [1787987590.709075341] [cite.cell_a.arm_1.move_group.moveit.ros.moveit_cpp]: Deleting MoveItCpp
[move_group-17] [INFO] [1787987590.712244341] [cite.cell_a.arm_3.move_group.moveit.ros.moveit_cpp]: Deleting MoveItCpp
[move_group-16] Stack trace (most recent call last):
[move_group-15] Stack trace (most recent call last):
[move_group-17] Stack trace (most recent call last):
[move_group-16] #15   Object "/usr/lib/aarch64-linux-gnu/ld-linux-aarch64.so.1", at 0xffffffffffffffff, in 
[move_group-17] #15   Object "/usr/lib/aarch64-linux-gnu/ld-linux-aarch64.so.1", at 0xffffffffffffffff, in 
[move_group-15] #15   Object "/usr/lib/aarch64-linux-gnu/ld-linux-aarch64.so.1", at 0xffffffffffffffff, in 
[move_group-15] #14   Object "/opt/ros/jazzy/lib/moveit_ros_move_group/move_group", at 0xaaaad7a31d6f, in _start
[move_group-16] #14   Object "/opt/ros/jazzy/lib/moveit_ros_move_group/move_group", at 0xaaaabd651d6f, in _start
[move_group-17] #14   Object "/opt/ros/jazzy/lib/moveit_ros_move_group/move_group", at 0xaaaad2d41d6f, in _start
[gz-1] [INFO] [1787987590.753977883] [cite.cell_a.arm_3.controller_manager.pal_statistics]: Async messages lost 0
[gz-1] [INFO] [1787987590.754064133] [cite.cell_a.arm_3.controller_manager.pal_statistics]: publish_async_failures_ 2529
[gz-1] [INFO] [1787987590.757049549] [cite.cell_a.arm_3.controller_manager.pal_statistics]: Async messages lost 0
[gz-1] [INFO] [1787987590.757064716] [cite.cell_a.arm_3.controller_manager.pal_statistics]: publish_async_failures_ 239
[INFO] [gz-1]: process has finished cleanly [pid 120]
[INFO] [launch]: process[gz-1] was required: shutting down launched system
[ERROR] [launch]: Caught exception in launch (see debug for traceback): Cannot shutdown a ROS adapter that is not running
