==> Not a ROS environment — running 'scenario' inside the container
==> Running scenario 'bringup' on DDS domain 83
warn Seed 20260824 reaches 'gz sim --seed' only — this run is not reproducible.
warn   That seeds gz::math::Rand: sensor noise and transport RNG.
warn   It does NOT seed the physics solver.
warn   Planning: what is PROVEN is that one move_group answers an identical request
warn   identically within one process (cite_skills' planning-pipeline launch test).
warn   That is repeatability, not scenario determinism, and it holds only where Pilz
warn   answered; the OMPL fallback is unseeded and unseedable (ADR-0006). Grep this
warn   run's log for 'planner fallback:' to see which motions took it, and for
warn   'planner fallback declined:' for the ones that refused a substitute.
[INFO] [launch]: All log files can be found below /home/cite/.ros/log/2026-08-27-18-20-30-513605-171d62f94542-49
[INFO] [launch]: Default logging verbosity is set to INFO
[INFO] [launch.user]: Bringing up zone cell_a: scene plus 3 arm(s)
test_a_skill_moves_the_arm_to_its_home_configuration (bringup.TestCellBringUp.test_a_skill_moves_the_arm_to_its_home_configuration)
The vertical slice, end to end: L3 goal -> MoveIt -> ros2_control. ... [INFO] [gz-1]: process started with pid [87]
[INFO] [parameter_bridge-2]: process started with pid [88]
[INFO] [robot_state_publisher-3]: process started with pid [89]
[INFO] [create-4]: process started with pid [90]
[INFO] [robot_state_publisher-5]: process started with pid [91]
[INFO] [create-6]: process started with pid [92]
[INFO] [robot_state_publisher-7]: process started with pid [93]
[INFO] [create-8]: process started with pid [94]
[INFO] [robot_state_publisher-9]: process started with pid [95]
[INFO] [create-10]: process started with pid [96]
[INFO] [frame_server.py-11]: process started with pid [97]
[INFO] [model_info.py-12]: process started with pid [98]
[INFO] [topology_server.py-13]: process started with pid [115]
[INFO] [spawner-14]: process started with pid [123]
[INFO] [move_group-15]: process started with pid [148]
[INFO] [move_group-16]: process started with pid [155]
[INFO] [move_group-17]: process started with pid [205]
[INFO] [detection_server-18]: process started with pid [206]
[robot_state_publisher-3] [INFO] [1787854831.495951959] [scene_description_publisher]: Robot initialized
[robot_state_publisher-5] [INFO] [1787854831.495864542] [cite.cell_a.arm_1.description_publisher]: Robot initialized
[create-6] [INFO] [1787854831.518154626] [spawn_arm_1]: Requesting list of world names.
[robot_state_publisher-7] [INFO] [1787854831.506518709] [cite.cell_a.arm_2.description_publisher]: Robot initialized
[create-8] [INFO] [1787854831.505732709] [spawn_arm_2]: Requesting list of world names.
[robot_state_publisher-9] [INFO] [1787854831.506843542] [cite.cell_a.arm_3.description_publisher]: Robot initialized
[create-10] [INFO] [1787854831.529450417] [spawn_arm_3]: Requesting list of world names.
[create-4] [INFO] [1787854831.536529417] [spawn_scene]: Requesting list of world names.
[parameter_bridge-2] [INFO] [1787854831.537879876] [gz_bridge]: Creating GZ->ROS Bridge: [/clock (gz.msgs.Clock) -> /clock (rosgraph_msgs/msg/Clock)] (Lazy 0)
[parameter_bridge-2] [INFO] [1787854831.539275959] [gz_bridge]: Creating ROS->GZ Bridge: [/cite/cell_a/conveyor_1/command (std_msgs/msg/Float64) -> /cite/cell_a/conveyor_1/command (gz.msgs.Double)] (Lazy 0)
[parameter_bridge-2] [INFO] [1787854831.540268042] [gz_bridge]: Creating GZ->ROS Bridge: [/cite/cell_a/conveyor_1/state (gz.msgs.Double) -> /cite/cell_a/conveyor_1/state (std_msgs/msg/Float64)] (Lazy 0)
[parameter_bridge-2] [INFO] [1787854831.540589001] [gz_bridge]: Creating ROS->GZ Bridge: [/cite/cell_a/conveyor_2/command (std_msgs/msg/Float64) -> /cite/cell_a/conveyor_2/command (gz.msgs.Double)] (Lazy 0)
[parameter_bridge-2] [INFO] [1787854831.540876501] [gz_bridge]: Creating GZ->ROS Bridge: [/cite/cell_a/conveyor_2/state (gz.msgs.Double) -> /cite/cell_a/conveyor_2/state (std_msgs/msg/Float64)] (Lazy 0)
[parameter_bridge-2] [INFO] [1787854831.541181126] [gz_bridge]: Creating ROS->GZ Bridge: [/cite/cell_a/conveyor_3/command (std_msgs/msg/Float64) -> /cite/cell_a/conveyor_3/command (gz.msgs.Double)] (Lazy 0)
[parameter_bridge-2] [INFO] [1787854831.541456959] [gz_bridge]: Creating GZ->ROS Bridge: [/cite/cell_a/conveyor_3/state (gz.msgs.Double) -> /cite/cell_a/conveyor_3/state (std_msgs/msg/Float64)] (Lazy 0)
[parameter_bridge-2] [INFO] [1787854831.541760959] [gz_bridge]: Creating GZ->ROS Bridge: [/cite/cell_a/beam_c1_out/detection (gz.msgs.Boolean) -> /cite/cell_a/beam_c1_out/detection (std_msgs/msg/Bool)] (Lazy 0)
[parameter_bridge-2] [INFO] [1787854831.542105042] [gz_bridge]: Creating GZ->ROS Bridge: [/cite/cell_a/beam_c2_out/detection (gz.msgs.Boolean) -> /cite/cell_a/beam_c2_out/detection (std_msgs/msg/Bool)] (Lazy 0)
[parameter_bridge-2] [INFO] [1787854831.542382667] [gz_bridge]: Creating GZ->ROS Bridge: [/cite/cell_a/beam_c3_out/detection (gz.msgs.Boolean) -> /cite/cell_a/beam_c3_out/detection (std_msgs/msg/Bool)] (Lazy 0)
[parameter_bridge-2] [INFO] [1787854831.542660584] [gz_bridge]: Creating GZ->ROS Bridge: [/cite/cell_a/beam_pick/detection (gz.msgs.Boolean) -> /cite/cell_a/beam_pick/detection (std_msgs/msg/Bool)] (Lazy 0)
[move_group-17] [WARN] [1787854831.566906001] [rcl.logging_rosout]: Publisher already registered for node name: 'move_group'. If this is due to multiple nodes with the same name then all logs for the logger named 'cite.cell_a.arm_3.move_group' will go out over the existing publisher. As soon as any node with that name is destructed it will unregister the publisher, preventing any further logs for that name from being published on the rosout topic.
[detection_server-18] [INFO] [1787854831.567845542] [cite.cell_a.detection.detection_server]: watching 'beam_c1_out' on '/cite/cell_a/beam_c1_out/detection_level', publishing events on '/cite/cell_a/beam_c1_out/detection'
[detection_server-18] [INFO] [1787854831.568782917] [cite.cell_a.detection.detection_server]: watching 'beam_c2_out' on '/cite/cell_a/beam_c2_out/detection_level', publishing events on '/cite/cell_a/beam_c2_out/detection'
[detection_server-18] [INFO] [1787854831.569460709] [cite.cell_a.detection.detection_server]: watching 'beam_c3_out' on '/cite/cell_a/beam_c3_out/detection_level', publishing events on '/cite/cell_a/beam_c3_out/detection'
[detection_server-18] [INFO] [1787854831.569757667] [cite.cell_a.detection.detection_server]: watching 'beam_pick' on '/cite/cell_a/beam_pick/detection_level', publishing events on '/cite/cell_a/beam_pick/detection'
[move_group-17] [WARN] [1787854831.570973459] [rcl.logging_rosout]: Publisher already registered for node name: 'move_group'. If this is due to multiple nodes with the same name then all logs for the logger named 'cite.cell_a.arm_3.move_group' will go out over the existing publisher. As soon as any node with that name is destructed it will unregister the publisher, preventing any further logs for that name from being published on the rosout topic.
[detection_server-18] [INFO] [1787854831.572123959] [cite.cell_a.detection.detection_server]: detection for zone 'cell_a' is accepting goals over 4 sensor(s)
[move_group-15] [WARN] [1787854831.580239251] [rcl.logging_rosout]: Publisher already registered for node name: 'move_group'. If this is due to multiple nodes with the same name then all logs for the logger named 'cite.cell_a.arm_1.move_group' will go out over the existing publisher. As soon as any node with that name is destructed it will unregister the publisher, preventing any further logs for that name from being published on the rosout topic.
[move_group-15] [WARN] [1787854831.582615501] [rcl.logging_rosout]: Publisher already registered for node name: 'move_group'. If this is due to multiple nodes with the same name then all logs for the logger named 'cite.cell_a.arm_1.move_group' will go out over the existing publisher. As soon as any node with that name is destructed it will unregister the publisher, preventing any further logs for that name from being published on the rosout topic.
[move_group-17] [INFO] [1787854831.586362376] [cite.cell_a.arm_3.move_group.moveit.ros.rdf_loader]: Loaded robot model in 0 seconds
[move_group-17] [INFO] [1787854831.586441042] [cite.cell_a.arm_3.move_group.moveit.core.robot_model]: Loading robot model 'arm_3'...
[move_group-17] [INFO] [1787854831.586450751] [cite.cell_a.arm_3.move_group.moveit.core.robot_model]: No root/virtual joint specified in SRDF. Assuming fixed joint
[move_group-15] [INFO] [1787854831.589255626] [cite.cell_a.arm_1.move_group.moveit.ros.rdf_loader]: Loaded robot model in 0 seconds
[move_group-15] [INFO] [1787854831.589314626] [cite.cell_a.arm_1.move_group.moveit.core.robot_model]: Loading robot model 'arm_1'...
[move_group-15] [INFO] [1787854831.589321709] [cite.cell_a.arm_1.move_group.moveit.core.robot_model]: No root/virtual joint specified in SRDF. Assuming fixed joint
[move_group-16] [WARN] [1787854831.590373459] [rcl.logging_rosout]: Publisher already registered for node name: 'move_group'. If this is due to multiple nodes with the same name then all logs for the logger named 'cite.cell_a.arm_2.move_group' will go out over the existing publisher. As soon as any node with that name is destructed it will unregister the publisher, preventing any further logs for that name from being published on the rosout topic.
[move_group-16] [WARN] [1787854831.595584542] [rcl.logging_rosout]: Publisher already registered for node name: 'move_group'. If this is due to multiple nodes with the same name then all logs for the logger named 'cite.cell_a.arm_2.move_group' will go out over the existing publisher. As soon as any node with that name is destructed it will unregister the publisher, preventing any further logs for that name from being published on the rosout topic.
[move_group-16] [INFO] [1787854831.610157917] [cite.cell_a.arm_2.move_group.moveit.ros.rdf_loader]: Loaded robot model in 0 seconds
[move_group-16] [INFO] [1787854831.610235417] [cite.cell_a.arm_2.move_group.moveit.core.robot_model]: Loading robot model 'arm_2'...
[move_group-16] [INFO] [1787854831.610244959] [cite.cell_a.arm_2.move_group.moveit.core.robot_model]: No root/virtual joint specified in SRDF. Assuming fixed joint
[move_group-17] [INFO] [1787854831.669833126] [cite.cell_a.arm_3.move_group.moveit.kinematics.kdl_kinematics_plugin]: Joint weights for group 'arm_3_xarm5': 1 1 1 1 1
[move_group-15] [INFO] [1787854831.678662376] [cite.cell_a.arm_1.move_group.moveit.kinematics.kdl_kinematics_plugin]: Joint weights for group 'arm_1_xarm5': 1 1 1 1 1
[move_group-16] [INFO] [1787854831.681281126] [cite.cell_a.arm_2.move_group.moveit.kinematics.kdl_kinematics_plugin]: Joint weights for group 'arm_2_xarm5': 1 1 1 1 1
[spawner-14] [INFO] [1787854831.745320292] [spawn_arm_1_stage0]: waiting for service /cite/cell_a/arm_1/controller_manager/list_controllers to become available...
[gz-1] [1;33m[Wrn] [conveyor.cpp:169] [0m[1;33m[cite_conveyor] belt at [0m[1;33m1.05[0m[1;33m [0m[1;33m0[0m[1;33m [0m[1;33m0.6[0m[1;33m [0m[1;33m0[0m[1;33m [0m[1;33m0[0m[1;33m [0m[1;33m0[0m[1;33m commanded on '[0m[1;33m/cite/cell_a/conveyor_1/command[0m[1;33m', reporting on '[0m[1;33m/cite/cell_a/conveyor_1/state[0m[1;33m'[0m
[gz-1] [1;33m[Wrn] [conveyor.cpp:169] [0m[1;33m[cite_conveyor] belt at [0m[1;33m3.15[0m[1;33m [0m[1;33m0[0m[1;33m [0m[1;33m0.6[0m[1;33m [0m[1;33m0[0m[1;33m [0m[1;33m0[0m[1;33m [0m[1;33m0[0m[1;33m commanded on '[0m[1;33m/cite/cell_a/conveyor_2/command[0m[1;33m', reporting on '[0m[1;33m/cite/cell_a/conveyor_2/state[0m[1;33m'[0m
[gz-1] [1;33m[Wrn] [conveyor.cpp:169] [0m[1;33m[cite_conveyor] belt at [0m[1;33m5.25[0m[1;33m [0m[1;33m0[0m[1;33m [0m[1;33m0.6[0m[1;33m [0m[1;33m0[0m[1;33m [0m[1;33m0[0m[1;33m [0m[1;33m0[0m[1;33m commanded on '[0m[1;33m/cite/cell_a/conveyor_3/command[0m[1;33m', reporting on '[0m[1;33m/cite/cell_a/conveyor_3/state[0m[1;33m'[0m
[gz-1] [1;33m[Wrn] [break_beam.cpp:189] [0m[1;33m[cite_beam] beam at [0m[1;33m1.627[0m[1;33m [0m[1;33m0.25[0m[1;33m [0m[1;33m0.63[0m[1;33m [0m[1;33m0[0m[1;33m [0m[1;33m0[0m[1;33m [0m[1;33m0[0m[1;33m reporting on '[0m[1;33m/cite/cell_a/beam_c1_out/detection[0m[1;33m'[0m
[gz-1] [1;33m[Wrn] [break_beam.cpp:189] [0m[1;33m[cite_beam] beam at [0m[1;33m3.727[0m[1;33m [0m[1;33m0.25[0m[1;33m [0m[1;33m0.63[0m[1;33m [0m[1;33m0[0m[1;33m [0m[1;33m0[0m[1;33m [0m[1;33m0[0m[1;33m reporting on '[0m[1;33m/cite/cell_a/beam_c2_out/detection[0m[1;33m'[0m
[gz-1] [1;33m[Wrn] [break_beam.cpp:189] [0m[1;33m[cite_beam] beam at [0m[1;33m5.75[0m[1;33m [0m[1;33m0.25[0m[1;33m [0m[1;33m0.63[0m[1;33m [0m[1;33m0[0m[1;33m [0m[1;33m0[0m[1;33m [0m[1;33m0[0m[1;33m reporting on '[0m[1;33m/cite/cell_a/beam_c3_out/detection[0m[1;33m'[0m
[gz-1] [1;33m[Wrn] [break_beam.cpp:189] [0m[1;33m[cite_beam] beam at [0m[1;33m-0.475[0m[1;33m [0m[1;33m0.25[0m[1;33m [0m[1;33m0.63[0m[1;33m [0m[1;33m0[0m[1;33m [0m[1;33m0[0m[1;33m [0m[1;33m0[0m[1;33m reporting on '[0m[1;33m/cite/cell_a/beam_pick/detection[0m[1;33m'[0m
[move_group-17] [INFO] [1787854831.890332751] [cite.cell_a.arm_3.move_group.moveit.ros.planning_scene_monitor]: Publishing maintained planning scene on 'monitored_planning_scene'
[move_group-17] [INFO] [1787854831.890473626] [cite.cell_a.arm_3.move_group.moveit.ros.moveit_cpp]: Listening to 'joint_states' for joint states
[move_group-17] [INFO] [1787854831.891388126] [cite.cell_a.arm_3.move_group.moveit.ros.current_state_monitor]: Listening to joint states on topic 'joint_states'
[move_group-17] [INFO] [1787854831.892222209] [cite.cell_a.arm_3.move_group.moveit.ros.planning_scene_monitor]: Listening to '/cite/cell_a/arm_3/attached_collision_object' for attached collision objects
[move_group-17] [INFO] [1787854831.892244501] [cite.cell_a.arm_3.move_group.moveit.ros.planning_scene_monitor]: Stopping existing planning scene publisher.
[move_group-17] [INFO] [1787854831.892372626] [cite.cell_a.arm_3.move_group.moveit.ros.planning_scene_monitor]: Stopped publishing maintained planning scene.
[move_group-17] [INFO] [1787854831.892917792] [cite.cell_a.arm_3.move_group.moveit.ros.planning_scene_monitor]: Publishing maintained planning scene on 'monitored_planning_scene'
[move_group-17] [INFO] [1787854831.892991126] [cite.cell_a.arm_3.move_group.moveit.ros.planning_scene_monitor]: Starting planning scene monitor
[move_group-17] [INFO] [1787854831.893811584] [cite.cell_a.arm_3.move_group.moveit.ros.planning_scene_monitor]: Listening to '/cite/cell_a/arm_3/planning_scene'
[move_group-17] [INFO] [1787854831.893829626] [cite.cell_a.arm_3.move_group.moveit.ros.planning_scene_monitor]: Starting world geometry update monitor for collision objects, attached objects, octomap updates.
[move_group-15] [INFO] [1787854831.894800709] [cite.cell_a.arm_1.move_group.moveit.ros.planning_scene_monitor]: Publishing maintained planning scene on 'monitored_planning_scene'
[move_group-15] [INFO] [1787854831.894900001] [cite.cell_a.arm_1.move_group.moveit.ros.moveit_cpp]: Listening to 'joint_states' for joint states
[move_group-15] [INFO] [1787854831.895347334] [cite.cell_a.arm_1.move_group.moveit.ros.current_state_monitor]: Listening to joint states on topic 'joint_states'
[move_group-15] [INFO] [1787854831.895638501] [cite.cell_a.arm_1.move_group.moveit.ros.planning_scene_monitor]: Listening to '/cite/cell_a/arm_1/attached_collision_object' for attached collision objects
[move_group-15] [INFO] [1787854831.895647084] [cite.cell_a.arm_1.move_group.moveit.ros.planning_scene_monitor]: Stopping existing planning scene publisher.
[move_group-15] [INFO] [1787854831.895927251] [cite.cell_a.arm_1.move_group.moveit.ros.planning_scene_monitor]: Stopped publishing maintained planning scene.
[move_group-17] [INFO] [1787854831.895001751] [cite.cell_a.arm_3.move_group.moveit.ros.planning_scene_monitor]: Listening to 'collision_object'
[move_group-17] [INFO] [1787854831.895348167] [cite.cell_a.arm_3.move_group.moveit.ros.planning_scene_monitor]: Listening to 'planning_scene_world' for planning scene world geometry
[move_group-17] [ERROR] [1787854831.895539626] [cite.cell_a.arm_3.move_group.moveit.ros.occupancy_map_monitor]: No 3D sensor plugin(s) defined for octomap updates
[move_group-15] [INFO] [1787854831.896582792] [cite.cell_a.arm_1.move_group.moveit.ros.planning_scene_monitor]: Publishing maintained planning scene on 'monitored_planning_scene'
[move_group-15] [INFO] [1787854831.896669834] [cite.cell_a.arm_1.move_group.moveit.ros.planning_scene_monitor]: Starting planning scene monitor
[model_info.py-12] [INFO] [1787854831.897751042] [cite.facility.model_info]: configured for model 3cd72a112e3f
[move_group-15] [INFO] [1787854831.898316542] [cite.cell_a.arm_1.move_group.moveit.ros.planning_scene_monitor]: Listening to '/cite/cell_a/arm_1/planning_scene'
[move_group-15] [INFO] [1787854831.898332292] [cite.cell_a.arm_1.move_group.moveit.ros.planning_scene_monitor]: Starting world geometry update monitor for collision objects, attached objects, octomap updates.
[move_group-15] [INFO] [1787854831.899363459] [cite.cell_a.arm_1.move_group.moveit.ros.planning_scene_monitor]: Listening to 'collision_object'
[move_group-15] [INFO] [1787854831.900347167] [cite.cell_a.arm_1.move_group.moveit.ros.planning_scene_monitor]: Listening to 'planning_scene_world' for planning scene world geometry
[move_group-15] [ERROR] [1787854831.900583959] [cite.cell_a.arm_1.move_group.moveit.ros.occupancy_map_monitor]: No 3D sensor plugin(s) defined for octomap updates
[move_group-16] [INFO] [1787854831.901829667] [cite.cell_a.arm_2.move_group.moveit.ros.planning_scene_monitor]: Publishing maintained planning scene on 'monitored_planning_scene'
[move_group-16] [INFO] [1787854831.901941251] [cite.cell_a.arm_2.move_group.moveit.ros.moveit_cpp]: Listening to 'joint_states' for joint states
[move_group-16] [INFO] [1787854831.902802792] [cite.cell_a.arm_2.move_group.moveit.ros.current_state_monitor]: Listening to joint states on topic 'joint_states'
[move_group-16] [INFO] [1787854831.903703251] [cite.cell_a.arm_2.move_group.moveit.ros.planning_scene_monitor]: Listening to '/cite/cell_a/arm_2/attached_collision_object' for attached collision objects
[move_group-16] [INFO] [1787854831.903716792] [cite.cell_a.arm_2.move_group.moveit.ros.planning_scene_monitor]: Stopping existing planning scene publisher.
[move_group-16] [INFO] [1787854831.903815584] [cite.cell_a.arm_2.move_group.moveit.ros.planning_scene_monitor]: Stopped publishing maintained planning scene.
[move_group-16] [INFO] [1787854831.904721626] [cite.cell_a.arm_2.move_group.moveit.ros.planning_scene_monitor]: Publishing maintained planning scene on 'monitored_planning_scene'
[move_group-16] [INFO] [1787854831.904794709] [cite.cell_a.arm_2.move_group.moveit.ros.planning_scene_monitor]: Starting planning scene monitor
[move_group-16] [INFO] [1787854831.905553042] [cite.cell_a.arm_2.move_group.moveit.ros.planning_scene_monitor]: Listening to '/cite/cell_a/arm_2/planning_scene'
[move_group-16] [INFO] [1787854831.905567417] [cite.cell_a.arm_2.move_group.moveit.ros.planning_scene_monitor]: Starting world geometry update monitor for collision objects, attached objects, octomap updates.
[move_group-16] [INFO] [1787854831.906646459] [cite.cell_a.arm_2.move_group.moveit.ros.planning_scene_monitor]: Listening to 'collision_object'
[move_group-16] [INFO] [1787854831.907287834] [cite.cell_a.arm_2.move_group.moveit.ros.planning_scene_monitor]: Listening to 'planning_scene_world' for planning scene world geometry
[move_group-16] [ERROR] [1787854831.907499709] [cite.cell_a.arm_2.move_group.moveit.ros.occupancy_map_monitor]: No 3D sensor plugin(s) defined for octomap updates
[create-10] [INFO] [1787854831.914183334] [spawn_arm_3]: Waiting messages on topic [/cite/cell_a/arm_3/robot_description].
[move_group-17] [INFO] [1787854832.011160459] [cite.cell_a.arm_3.move_group.moveit.planners.pilz.joint_limits_aggregator]: Reading limits from namespace robot_description_planning
[move_group-15] [INFO] [1787854832.014586209] [cite.cell_a.arm_1.move_group.moveit.planners.pilz.joint_limits_aggregator]: Reading limits from namespace robot_description_planning
[create-10] [INFO] [1787854832.014795042] [spawn_arm_3]: Entity creation successful.
[create-4] [INFO] [1787854832.015159376] [spawn_scene]: Waiting messages on topic [robot_description].
[move_group-17] [INFO] [1787854832.016906584] [cite.cell_a.arm_3.move_group.moveit.planners.pilz.command_planner]: Available plugins: pilz_industrial_motion_planner/PlanningContextLoaderCIRC pilz_industrial_motion_planner/PlanningContextLoaderLIN pilz_industrial_motion_planner/PlanningContextLoaderPTP 
[move_group-17] [INFO] [1787854832.016931792] [cite.cell_a.arm_3.move_group.moveit.planners.pilz.command_planner]: About to load: pilz_industrial_motion_planner/PlanningContextLoaderCIRC
[move_group-17] [INFO] [1787854832.017878834] [cite.cell_a.arm_3.move_group.moveit.planners.pilz.command_planner]: Registered Algorithm [CIRC]
[move_group-17] [INFO] [1787854832.017902084] [cite.cell_a.arm_3.move_group.moveit.planners.pilz.command_planner]: About to load: pilz_industrial_motion_planner/PlanningContextLoaderLIN
[move_group-17] [INFO] [1787854832.018456167] [cite.cell_a.arm_3.move_group.moveit.planners.pilz.command_planner]: Registered Algorithm [LIN]
[move_group-17] [INFO] [1787854832.018465667] [cite.cell_a.arm_3.move_group.moveit.planners.pilz.command_planner]: About to load: pilz_industrial_motion_planner/PlanningContextLoaderPTP
[move_group-17] [INFO] [1787854832.018921876] [cite.cell_a.arm_3.move_group.moveit.planners.pilz.command_planner]: Registered Algorithm [PTP]
[move_group-17] [INFO] [1787854832.018931876] [cite.cell_a.arm_3.move_group.moveit.ros.planning_pipeline]: Successfully loaded planner 'Pilz Industrial Motion Planner'
[move_group-17] [INFO] [1787854832.019565876] [cite.cell_a.arm_3.move_group]: Try loading adapter 'default_planning_request_adapters/ResolveConstraintFrames'
[move_group-17] [INFO] [1787854832.020317584] [cite.cell_a.arm_3.move_group]: Loaded adapter 'default_planning_request_adapters/ResolveConstraintFrames'
[move_group-17] [INFO] [1787854832.020329792] [cite.cell_a.arm_3.move_group]: Try loading adapter 'default_planning_request_adapters/ValidateWorkspaceBounds'
[move_group-17] [INFO] [1787854832.020538792] [cite.cell_a.arm_3.move_group]: Loaded adapter 'default_planning_request_adapters/ValidateWorkspaceBounds'
[move_group-17] [INFO] [1787854832.020544084] [cite.cell_a.arm_3.move_group]: Try loading adapter 'default_planning_request_adapters/CheckStartStateBounds'
[move_group-17] [INFO] [1787854832.020553167] [cite.cell_a.arm_3.move_group]: Loaded adapter 'default_planning_request_adapters/CheckStartStateBounds'
[move_group-17] [INFO] [1787854832.020555917] [cite.cell_a.arm_3.move_group]: Try loading adapter 'default_planning_request_adapters/CheckStartStateCollision'
[move_group-17] [INFO] [1787854832.020563667] [cite.cell_a.arm_3.move_group]: Loaded adapter 'default_planning_request_adapters/CheckStartStateCollision'
[move_group-15] [INFO] [1787854832.021193709] [cite.cell_a.arm_1.move_group.moveit.planners.pilz.command_planner]: Available plugins: pilz_industrial_motion_planner/PlanningContextLoaderCIRC pilz_industrial_motion_planner/PlanningContextLoaderLIN pilz_industrial_motion_planner/PlanningContextLoaderPTP 
[move_group-15] [INFO] [1787854832.021218209] [cite.cell_a.arm_1.move_group.moveit.planners.pilz.command_planner]: About to load: pilz_industrial_motion_planner/PlanningContextLoaderCIRC
[move_group-17] [INFO] [1787854832.021294584] [cite.cell_a.arm_3.move_group]: Try loading adapter 'default_planning_response_adapters/ValidateSolution'
[move_group-15] [INFO] [1787854832.021977459] [cite.cell_a.arm_1.move_group.moveit.planners.pilz.command_planner]: Registered Algorithm [CIRC]
[move_group-15] [INFO] [1787854832.021989084] [cite.cell_a.arm_1.move_group.moveit.planners.pilz.command_planner]: About to load: pilz_industrial_motion_planner/PlanningContextLoaderLIN
[move_group-15] [INFO] [1787854832.022411501] [cite.cell_a.arm_1.move_group.moveit.planners.pilz.command_planner]: Registered Algorithm [LIN]
[move_group-15] [INFO] [1787854832.022425084] [cite.cell_a.arm_1.move_group.moveit.planners.pilz.command_planner]: About to load: pilz_industrial_motion_planner/PlanningContextLoaderPTP
[move_group-15] [INFO] [1787854832.022855417] [cite.cell_a.arm_1.move_group.moveit.planners.pilz.command_planner]: Registered Algorithm [PTP]
[move_group-15] [INFO] [1787854832.022870209] [cite.cell_a.arm_1.move_group.moveit.ros.planning_pipeline]: Successfully loaded planner 'Pilz Industrial Motion Planner'
[move_group-15] [INFO] [1787854832.023520167] [cite.cell_a.arm_1.move_group]: Try loading adapter 'default_planning_request_adapters/ResolveConstraintFrames'
[move_group-15] [INFO] [1787854832.023957501] [cite.cell_a.arm_1.move_group]: Loaded adapter 'default_planning_request_adapters/ResolveConstraintFrames'
[move_group-15] [INFO] [1787854832.023969792] [cite.cell_a.arm_1.move_group]: Try loading adapter 'default_planning_request_adapters/ValidateWorkspaceBounds'
[move_group-15] [INFO] [1787854832.024137751] [cite.cell_a.arm_1.move_group]: Loaded adapter 'default_planning_request_adapters/ValidateWorkspaceBounds'
[move_group-15] [INFO] [1787854832.024145792] [cite.cell_a.arm_1.move_group]: Try loading adapter 'default_planning_request_adapters/CheckStartStateBounds'
[move_group-15] [INFO] [1787854832.024156501] [cite.cell_a.arm_1.move_group]: Loaded adapter 'default_planning_request_adapters/CheckStartStateBounds'
[move_group-15] [INFO] [1787854832.024158751] [cite.cell_a.arm_1.move_group]: Try loading adapter 'default_planning_request_adapters/CheckStartStateCollision'
[move_group-15] [INFO] [1787854832.024166792] [cite.cell_a.arm_1.move_group]: Loaded adapter 'default_planning_request_adapters/CheckStartStateCollision'
[move_group-15] [INFO] [1787854832.024742084] [cite.cell_a.arm_1.move_group]: Try loading adapter 'default_planning_response_adapters/ValidateSolution'
[move_group-17] [INFO] [1787854832.024912042] [cite.cell_a.arm_3.move_group]: Loaded adapter 'default_planning_response_adapters/ValidateSolution'
[move_group-17] [INFO] [1787854832.024924709] [cite.cell_a.arm_3.move_group]: Try loading adapter 'default_planning_response_adapters/DisplayMotionPath'
[move_group-16] [INFO] [1787854832.025039167] [cite.cell_a.arm_2.move_group.moveit.planners.pilz.joint_limits_aggregator]: Reading limits from namespace robot_description_planning
[move_group-17] [INFO] [1787854832.025695334] [cite.cell_a.arm_3.move_group]: Loaded adapter 'default_planning_response_adapters/DisplayMotionPath'
[move_group-15] [INFO] [1787854832.027578001] [cite.cell_a.arm_1.move_group]: Loaded adapter 'default_planning_response_adapters/ValidateSolution'
[move_group-15] [INFO] [1787854832.027615792] [cite.cell_a.arm_1.move_group]: Try loading adapter 'default_planning_response_adapters/DisplayMotionPath'
[move_group-15] [INFO] [1787854832.028018417] [cite.cell_a.arm_1.move_group]: Loaded adapter 'default_planning_response_adapters/DisplayMotionPath'
[move_group-16] [INFO] [1787854832.031172751] [cite.cell_a.arm_2.move_group.moveit.planners.pilz.command_planner]: Available plugins: pilz_industrial_motion_planner/PlanningContextLoaderCIRC pilz_industrial_motion_planner/PlanningContextLoaderLIN pilz_industrial_motion_planner/PlanningContextLoaderPTP 
[move_group-16] [INFO] [1787854832.031196876] [cite.cell_a.arm_2.move_group.moveit.planners.pilz.command_planner]: About to load: pilz_industrial_motion_planner/PlanningContextLoaderCIRC
[move_group-16] [INFO] [1787854832.032016334] [cite.cell_a.arm_2.move_group.moveit.planners.pilz.command_planner]: Registered Algorithm [CIRC]
[move_group-16] [INFO] [1787854832.032032917] [cite.cell_a.arm_2.move_group.moveit.planners.pilz.command_planner]: About to load: pilz_industrial_motion_planner/PlanningContextLoaderLIN
[move_group-16] [INFO] [1787854832.032549001] [cite.cell_a.arm_2.move_group.moveit.planners.pilz.command_planner]: Registered Algorithm [LIN]
[move_group-16] [INFO] [1787854832.032567167] [cite.cell_a.arm_2.move_group.moveit.planners.pilz.command_planner]: About to load: pilz_industrial_motion_planner/PlanningContextLoaderPTP
[move_group-16] [INFO] [1787854832.033092292] [cite.cell_a.arm_2.move_group.moveit.planners.pilz.command_planner]: Registered Algorithm [PTP]
[move_group-16] [INFO] [1787854832.033107834] [cite.cell_a.arm_2.move_group.moveit.ros.planning_pipeline]: Successfully loaded planner 'Pilz Industrial Motion Planner'
[move_group-16] [INFO] [1787854832.033861751] [cite.cell_a.arm_2.move_group]: Try loading adapter 'default_planning_request_adapters/ResolveConstraintFrames'
[move_group-16] [INFO] [1787854832.034340084] [cite.cell_a.arm_2.move_group]: Loaded adapter 'default_planning_request_adapters/ResolveConstraintFrames'
[move_group-16] [INFO] [1787854832.034357501] [cite.cell_a.arm_2.move_group]: Try loading adapter 'default_planning_request_adapters/ValidateWorkspaceBounds'
[move_group-16] [INFO] [1787854832.034524584] [cite.cell_a.arm_2.move_group]: Loaded adapter 'default_planning_request_adapters/ValidateWorkspaceBounds'
[move_group-16] [INFO] [1787854832.034529667] [cite.cell_a.arm_2.move_group]: Try loading adapter 'default_planning_request_adapters/CheckStartStateBounds'
[move_group-16] [INFO] [1787854832.034538334] [cite.cell_a.arm_2.move_group]: Loaded adapter 'default_planning_request_adapters/CheckStartStateBounds'
[move_group-16] [INFO] [1787854832.034540834] [cite.cell_a.arm_2.move_group]: Try loading adapter 'default_planning_request_adapters/CheckStartStateCollision'
[move_group-16] [INFO] [1787854832.034549084] [cite.cell_a.arm_2.move_group]: Loaded adapter 'default_planning_request_adapters/CheckStartStateCollision'
[move_group-16] [INFO] [1787854832.035363751] [cite.cell_a.arm_2.move_group]: Try loading adapter 'default_planning_response_adapters/ValidateSolution'
[move_group-17] [INFO] [1787854832.036045334] [cite.cell_a.arm_3.move_group.moveit.ros.planning_pipeline]: Successfully loaded planner 'OMPL'
[move_group-17] [INFO] [1787854832.036880667] [cite.cell_a.arm_3.move_group]: Try loading adapter 'default_planning_request_adapters/ResolveConstraintFrames'
[move_group-17] [INFO] [1787854832.036991709] [cite.cell_a.arm_3.move_group]: Loaded adapter 'default_planning_request_adapters/ResolveConstraintFrames'
[move_group-17] [INFO] [1787854832.036997209] [cite.cell_a.arm_3.move_group]: Try loading adapter 'default_planning_request_adapters/ValidateWorkspaceBounds'
[move_group-17] [INFO] [1787854832.037290917] [cite.cell_a.arm_3.move_group]: Loaded adapter 'default_planning_request_adapters/ValidateWorkspaceBounds'
[move_group-17] [INFO] [1787854832.037300542] [cite.cell_a.arm_3.move_group]: Try loading adapter 'default_planning_request_adapters/CheckStartStateBounds'
[move_group-17] [INFO] [1787854832.037317334] [cite.cell_a.arm_3.move_group]: Loaded adapter 'default_planning_request_adapters/CheckStartStateBounds'
[move_group-17] [INFO] [1787854832.037339334] [cite.cell_a.arm_3.move_group]: Try loading adapter 'default_planning_request_adapters/CheckStartStateCollision'
[move_group-17] [INFO] [1787854832.037351667] [cite.cell_a.arm_3.move_group]: Loaded adapter 'default_planning_request_adapters/CheckStartStateCollision'
[move_group-15] [INFO] [1787854832.037517167] [cite.cell_a.arm_1.move_group.moveit.ros.planning_pipeline]: Successfully loaded planner 'OMPL'
[move_group-17] [INFO] [1787854832.038269417] [cite.cell_a.arm_3.move_group]: Try loading adapter 'default_planning_response_adapters/AddTimeOptimalParameterization'
[move_group-15] [INFO] [1787854832.038468626] [cite.cell_a.arm_1.move_group]: Try loading adapter 'default_planning_request_adapters/ResolveConstraintFrames'
[move_group-15] [INFO] [1787854832.038543376] [cite.cell_a.arm_1.move_group]: Loaded adapter 'default_planning_request_adapters/ResolveConstraintFrames'
[move_group-15] [INFO] [1787854832.038547626] [cite.cell_a.arm_1.move_group]: Try loading adapter 'default_planning_request_adapters/ValidateWorkspaceBounds'
[move_group-17] [INFO] [1787854832.038658292] [cite.cell_a.arm_3.move_group]: Loaded adapter 'default_planning_response_adapters/AddTimeOptimalParameterization'
[move_group-17] [INFO] [1787854832.038666917] [cite.cell_a.arm_3.move_group]: Try loading adapter 'default_planning_response_adapters/ValidateSolution'
[move_group-15] [INFO] [1787854832.038707667] [cite.cell_a.arm_1.move_group]: Loaded adapter 'default_planning_request_adapters/ValidateWorkspaceBounds'
[move_group-15] [INFO] [1787854832.038711917] [cite.cell_a.arm_1.move_group]: Try loading adapter 'default_planning_request_adapters/CheckStartStateBounds'
[move_group-15] [INFO] [1787854832.038720709] [cite.cell_a.arm_1.move_group]: Loaded adapter 'default_planning_request_adapters/CheckStartStateBounds'
[move_group-15] [INFO] [1787854832.038731167] [cite.cell_a.arm_1.move_group]: Try loading adapter 'default_planning_request_adapters/CheckStartStateCollision'
[move_group-15] [INFO] [1787854832.038737667] [cite.cell_a.arm_1.move_group]: Loaded adapter 'default_planning_request_adapters/CheckStartStateCollision'
[move_group-15] [INFO] [1787854832.039293834] [cite.cell_a.arm_1.move_group]: Try loading adapter 'default_planning_response_adapters/AddTimeOptimalParameterization'
[move_group-17] [INFO] [1787854832.039539959] [cite.cell_a.arm_3.move_group]: Loaded adapter 'default_planning_response_adapters/ValidateSolution'
[move_group-17] [INFO] [1787854832.039576167] [cite.cell_a.arm_3.move_group]: Try loading adapter 'default_planning_response_adapters/DisplayMotionPath'
[move_group-15] [INFO] [1787854832.039708209] [cite.cell_a.arm_1.move_group]: Loaded adapter 'default_planning_response_adapters/AddTimeOptimalParameterization'
[move_group-15] [INFO] [1787854832.039719626] [cite.cell_a.arm_1.move_group]: Try loading adapter 'default_planning_response_adapters/ValidateSolution'
[move_group-16] [INFO] [1787854832.039949667] [cite.cell_a.arm_2.move_group]: Loaded adapter 'default_planning_response_adapters/ValidateSolution'
[move_group-16] [INFO] [1787854832.039967751] [cite.cell_a.arm_2.move_group]: Try loading adapter 'default_planning_response_adapters/DisplayMotionPath'
[move_group-17] [INFO] [1787854832.040057084] [cite.cell_a.arm_3.move_group]: Loaded adapter 'default_planning_response_adapters/DisplayMotionPath'
[move_group-15] [INFO] [1787854832.040214459] [cite.cell_a.arm_1.move_group]: Loaded adapter 'default_planning_response_adapters/ValidateSolution'
[move_group-15] [INFO] [1787854832.040223084] [cite.cell_a.arm_1.move_group]: Try loading adapter 'default_planning_response_adapters/DisplayMotionPath'
[move_group-15] [INFO] [1787854832.040458876] [cite.cell_a.arm_1.move_group]: Loaded adapter 'default_planning_response_adapters/DisplayMotionPath'
[move_group-16] [INFO] [1787854832.040783417] [cite.cell_a.arm_2.move_group]: Loaded adapter 'default_planning_response_adapters/DisplayMotionPath'
[move_group-17] [WARN] [1787854832.041338126] [rcl.logging_rosout]: Publisher already registered for node name: 'move_group'. If this is due to multiple nodes with the same name then all logs for the logger named 'cite.cell_a.arm_3.move_group' will go out over the existing publisher. As soon as any node with that name is destructed it will unregister the publisher, preventing any further logs for that name from being published on the rosout topic.
[move_group-15] [WARN] [1787854832.041461251] [rcl.logging_rosout]: Publisher already registered for node name: 'move_group'. If this is due to multiple nodes with the same name then all logs for the logger named 'cite.cell_a.arm_1.move_group' will go out over the existing publisher. As soon as any node with that name is destructed it will unregister the publisher, preventing any further logs for that name from being published on the rosout topic.
[move_group-16] [INFO] [1787854832.050549876] [cite.cell_a.arm_2.move_group.moveit.ros.planning_pipeline]: Successfully loaded planner 'OMPL'
[move_group-16] [INFO] [1787854832.051426376] [cite.cell_a.arm_2.move_group]: Try loading adapter 'default_planning_request_adapters/ResolveConstraintFrames'
[move_group-16] [INFO] [1787854832.051519334] [cite.cell_a.arm_2.move_group]: Loaded adapter 'default_planning_request_adapters/ResolveConstraintFrames'
[move_group-16] [INFO] [1787854832.051526167] [cite.cell_a.arm_2.move_group]: Try loading adapter 'default_planning_request_adapters/ValidateWorkspaceBounds'
[move_group-16] [INFO] [1787854832.052733251] [cite.cell_a.arm_2.move_group]: Loaded adapter 'default_planning_request_adapters/ValidateWorkspaceBounds'
[move_group-16] [INFO] [1787854832.052748001] [cite.cell_a.arm_2.move_group]: Try loading adapter 'default_planning_request_adapters/CheckStartStateBounds'
[move_group-16] [INFO] [1787854832.052767417] [cite.cell_a.arm_2.move_group]: Loaded adapter 'default_planning_request_adapters/CheckStartStateBounds'
[move_group-16] [INFO] [1787854832.052784792] [cite.cell_a.arm_2.move_group]: Try loading adapter 'default_planning_request_adapters/CheckStartStateCollision'
[move_group-16] [INFO] [1787854832.052793001] [cite.cell_a.arm_2.move_group]: Loaded adapter 'default_planning_request_adapters/CheckStartStateCollision'
[move_group-16] [INFO] [1787854832.053667334] [cite.cell_a.arm_2.move_group]: Try loading adapter 'default_planning_response_adapters/AddTimeOptimalParameterization'
[move_group-16] [INFO] [1787854832.055140501] [cite.cell_a.arm_2.move_group]: Loaded adapter 'default_planning_response_adapters/AddTimeOptimalParameterization'
[move_group-16] [INFO] [1787854832.055159917] [cite.cell_a.arm_2.move_group]: Try loading adapter 'default_planning_response_adapters/ValidateSolution'
[move_group-16] [INFO] [1787854832.056167834] [cite.cell_a.arm_2.move_group]: Loaded adapter 'default_planning_response_adapters/ValidateSolution'
[move_group-16] [INFO] [1787854832.056179501] [cite.cell_a.arm_2.move_group]: Try loading adapter 'default_planning_response_adapters/DisplayMotionPath'
[move_group-16] [INFO] [1787854832.056408876] [cite.cell_a.arm_2.move_group]: Loaded adapter 'default_planning_response_adapters/DisplayMotionPath'
[move_group-16] [WARN] [1787854832.057271417] [rcl.logging_rosout]: Publisher already registered for node name: 'move_group'. If this is due to multiple nodes with the same name then all logs for the logger named 'cite.cell_a.arm_2.move_group' will go out over the existing publisher. As soon as any node with that name is destructed it will unregister the publisher, preventing any further logs for that name from being published on the rosout topic.
[move_group-15] [INFO] [1787854832.069691167] [cite.cell_a.arm_1.move_group.moveit.plugins.simple_controller_manager]: Added FollowJointTrajectory controller for arm_1_joint_trajectory_controller
[move_group-15] [INFO] [1787854832.069728084] [cite.cell_a.arm_1.move_group.moveit.plugins.simple_controller_manager]: arm_1_gripper_controller will command a max effort of: 0
[move_group-17] [INFO] [1787854832.070731667] [cite.cell_a.arm_3.move_group.moveit.plugins.simple_controller_manager]: Added FollowJointTrajectory controller for arm_3_joint_trajectory_controller
[move_group-17] [INFO] [1787854832.070768126] [cite.cell_a.arm_3.move_group.moveit.plugins.simple_controller_manager]: arm_3_gripper_controller will command a max effort of: 0
[move_group-15] [INFO] [1787854832.074247334] [cite.cell_a.arm_1.move_group.moveit.plugins.simple_controller_manager]: Added GripperCommand controller for arm_1_gripper_controller
[move_group-15] [INFO] [1787854832.074456251] [cite.cell_a.arm_1.move_group.moveit.plugins.simple_controller_manager]: Returned 2 controllers in list
[move_group-15] [INFO] [1787854832.074491334] [cite.cell_a.arm_1.move_group.moveit.plugins.simple_controller_manager]: Returned 2 controllers in list
[move_group-17] [INFO] [1787854832.074618001] [cite.cell_a.arm_3.move_group.moveit.plugins.simple_controller_manager]: Added GripperCommand controller for arm_3_gripper_controller
[move_group-17] [INFO] [1787854832.074734501] [cite.cell_a.arm_3.move_group.moveit.plugins.simple_controller_manager]: Returned 2 controllers in list
[move_group-17] [INFO] [1787854832.074748667] [cite.cell_a.arm_3.move_group.moveit.plugins.simple_controller_manager]: Returned 2 controllers in list
[move_group-15] [INFO] [1787854832.074839459] [cite.cell_a.arm_1.move_group.moveit.ros.trajectory_execution_manager]: Trajectory execution is not managing controllers
[move_group-15] [INFO] [1787854832.074853042] [cite.cell_a.arm_1.move_group]: MoveGroup debug mode is ON
[move_group-17] [INFO] [1787854832.075576167] [cite.cell_a.arm_3.move_group.moveit.ros.trajectory_execution_manager]: Trajectory execution is not managing controllers
[move_group-17] [INFO] [1787854832.075679542] [cite.cell_a.arm_3.move_group]: MoveGroup debug mode is ON
[move_group-16] [INFO] [1787854832.092326667] [cite.cell_a.arm_2.move_group.moveit.plugins.simple_controller_manager]: Added FollowJointTrajectory controller for arm_2_joint_trajectory_controller
[move_group-16] [INFO] [1787854832.092374917] [cite.cell_a.arm_2.move_group.moveit.plugins.simple_controller_manager]: arm_2_gripper_controller will command a max effort of: 0
[move_group-16] [INFO] [1787854832.099006334] [cite.cell_a.arm_2.move_group.moveit.plugins.simple_controller_manager]: Added GripperCommand controller for arm_2_gripper_controller
[move_group-16] [INFO] [1787854832.099624876] [cite.cell_a.arm_2.move_group.moveit.plugins.simple_controller_manager]: Returned 2 controllers in list
[move_group-16] [INFO] [1787854832.099654417] [cite.cell_a.arm_2.move_group.moveit.plugins.simple_controller_manager]: Returned 2 controllers in list
[move_group-17] [INFO] [1787854832.100093001] [cite.cell_a.arm_3.move_group.moveit.ros.move_group.executable]: 
[move_group-17] 
[move_group-17] ********************************************************
[move_group-17] * MoveGroup using: 
[move_group-17] *     - apply_planning_scene_service
[move_group-17] *     - clear_octomap_service
[move_group-17] *     - get_group_urdf
[move_group-17] *     - load_geometry_from_file
[move_group-17] *     - CartesianPathService
[move_group-17] *     - execute_trajectory_action
[move_group-17] *     - get_planning_scene_service
[move_group-17] *     - kinematics_service
[move_group-17] *     - move_action
[move_group-17] *     - motion_plan_service
[move_group-17] *     - query_planners_service
[move_group-17] *     - state_validation_service
[move_group-17] *     - save_geometry_to_file
[move_group-17] ********************************************************
[move_group-17] 
[move_group-17] [INFO] [1787854832.100129667] [cite.cell_a.arm_3.move_group.moveit.ros.move_group.context]: MoveGroup context using pipeline pilz_industrial_motion_planner
[move_group-17] [INFO] [1787854832.100135376] [cite.cell_a.arm_3.move_group.moveit.ros.move_group.context]: MoveGroup context initialization complete
[move_group-17] [96mLoading 'move_group/ApplyPlanningSceneService'...[0m
[move_group-17] [96mLoading 'move_group/ClearOctomapService'...[0m
[move_group-17] [96mLoading 'move_group/GetUrdfService'...[0m
[move_group-17] [96mLoading 'move_group/LoadGeometryFromFileService'...[0m
[move_group-17] [96mLoading 'move_group/MoveGroupCartesianPathService'...[0m
[move_group-17] [96mLoading 'move_group/MoveGroupExecuteTrajectoryAction'...[0m
[move_group-17] [96mLoading 'move_group/MoveGroupGetPlanningSceneService'...[0m
[move_group-17] [96mLoading 'move_group/MoveGroupKinematicsService'...[0m
[move_group-17] [96mLoading 'move_group/MoveGroupMoveAction'...[0m
[move_group-17] [96mLoading 'move_group/MoveGroupPlanService'...[0m
[move_group-17] [96mLoading 'move_group/MoveGroupQueryPlannersService'...[0m
[move_group-17] [96mLoading 'move_group/MoveGroupStateValidationService'...[0m
[move_group-17] [96mLoading 'move_group/SaveGeometryToFileService'...[0m
[move_group-17] 
[move_group-17] [92mYou can start planning now![0m
[move_group-17] 
[move_group-16] [INFO] [1787854832.101942584] [cite.cell_a.arm_2.move_group.moveit.ros.trajectory_execution_manager]: Trajectory execution is not managing controllers
[move_group-16] [INFO] [1787854832.101964001] [cite.cell_a.arm_2.move_group]: MoveGroup debug mode is ON
[move_group-15] [INFO] [1787854832.103463042] [cite.cell_a.arm_1.move_group.moveit.ros.move_group.executable]: 
[move_group-15] 
[move_group-15] ********************************************************
[move_group-15] * MoveGroup using: 
[move_group-15] *     - apply_planning_scene_service
[move_group-15] *     - clear_octomap_service
[move_group-15] *     - get_group_urdf
[move_group-15] *     - load_geometry_from_file
[move_group-15] *     - CartesianPathService
[move_group-15] *     - execute_trajectory_action
[move_group-15] *     - get_planning_scene_service
[move_group-15] *     - kinematics_service
[move_group-15] *     - move_action
[move_group-15] *     - motion_plan_service
[move_group-15] *     - query_planners_service
[move_group-15] *     - state_validation_service
[move_group-15] *     - save_geometry_to_file
[move_group-15] ********************************************************
[move_group-15] 
[move_group-15] [INFO] [1787854832.103493834] [cite.cell_a.arm_1.move_group.moveit.ros.move_group.context]: MoveGroup context using pipeline pilz_industrial_motion_planner
[move_group-15] [INFO] [1787854832.103499876] [cite.cell_a.arm_1.move_group.moveit.ros.move_group.context]: MoveGroup context initialization complete
[move_group-15] [96mLoading 'move_group/ApplyPlanningSceneService'...[0m
[move_group-15] [96mLoading 'move_group/ClearOctomapService'...[0m
[move_group-15] [96mLoading 'move_group/GetUrdfService'...[0m
[move_group-15] [96mLoading 'move_group/LoadGeometryFromFileService'...[0m
[move_group-15] [96mLoading 'move_group/MoveGroupCartesianPathService'...[0m
[move_group-15] [96mLoading 'move_group/MoveGroupExecuteTrajectoryAction'...[0m
[move_group-15] [96mLoading 'move_group/MoveGroupGetPlanningSceneService'...[0m
[move_group-15] [96mLoading 'move_group/MoveGroupKinematicsService'...[0m
[move_group-15] [96mLoading 'move_group/MoveGroupMoveAction'...[0m
[move_group-15] [96mLoading 'move_group/MoveGroupPlanService'...[0m
[move_group-15] [96mLoading 'move_group/MoveGroupQueryPlannersService'...[0m
[move_group-15] [96mLoading 'move_group/MoveGroupStateValidationService'...[0m
[move_group-15] [96mLoading 'move_group/SaveGeometryToFileService'...[0m
[move_group-15] 
[move_group-15] [92mYou can start planning now![0m
[move_group-15] 
[create-8] [INFO] [1787854832.116102751] [spawn_arm_2]: Waiting messages on topic [/cite/cell_a/arm_2/robot_description].
[move_group-16] [INFO] [1787854832.126004834] [cite.cell_a.arm_2.move_group.moveit.ros.move_group.executable]: 
[move_group-16] 
[move_group-16] ********************************************************
[move_group-16] * MoveGroup using: 
[move_group-16] *     - apply_planning_scene_service
[move_group-16] *     - clear_octomap_service
[move_group-16] *     - get_group_urdf
[move_group-16] *     - load_geometry_from_file
[move_group-16] *     - CartesianPathService
[move_group-16] *     - execute_trajectory_action
[move_group-16] *     - get_planning_scene_service
[move_group-16] *     - kinematics_service
[move_group-16] *     - move_action
[move_group-16] *     - motion_plan_service
[move_group-16] *     - query_planners_service
[move_group-16] *     - state_validation_service
[move_group-16] *     - save_geometry_to_file
[move_group-16] ********************************************************
[move_group-16] 
[move_group-16] [INFO] [1787854832.126046209] [cite.cell_a.arm_2.move_group.moveit.ros.move_group.context]: MoveGroup context using pipeline pilz_industrial_motion_planner
[move_group-16] [INFO] [1787854832.126052876] [cite.cell_a.arm_2.move_group.moveit.ros.move_group.context]: MoveGroup context initialization complete
[move_group-16] [96mLoading 'move_group/ApplyPlanningSceneService'...[0m
[move_group-16] [96mLoading 'move_group/ClearOctomapService'...[0m
[move_group-16] [96mLoading 'move_group/GetUrdfService'...[0m
[move_group-16] [96mLoading 'move_group/LoadGeometryFromFileService'...[0m
[move_group-16] [96mLoading 'move_group/MoveGroupCartesianPathService'...[0m
[move_group-16] [96mLoading 'move_group/MoveGroupExecuteTrajectoryAction'...[0m
[move_group-16] [96mLoading 'move_group/MoveGroupGetPlanningSceneService'...[0m
[move_group-16] [96mLoading 'move_group/MoveGroupKinematicsService'...[0m
[move_group-16] [96mLoading 'move_group/MoveGroupMoveAction'...[0m
[move_group-16] [96mLoading 'move_group/MoveGroupPlanService'...[0m
[move_group-16] [96mLoading 'move_group/MoveGroupQueryPlannersService'...[0m
[move_group-16] [96mLoading 'move_group/MoveGroupStateValidationService'...[0m
[move_group-16] [96mLoading 'move_group/SaveGeometryToFileService'...[0m
[move_group-16] 
[move_group-16] [92mYou can start planning now![0m
[move_group-16] 
[INFO] [create-10]: process has finished cleanly [pid 96]
[create-4] [INFO] [1787854832.215211668] [spawn_scene]: Entity creation successful.
[create-8] [INFO] [1787854832.215315126] [spawn_arm_2]: Entity creation successful.
[create-6] [INFO] [1787854832.216639376] [spawn_arm_1]: Waiting messages on topic [/cite/cell_a/arm_1/robot_description].
[create-6] [INFO] [1787854832.232609584] [spawn_arm_1]: Entity creation successful.
[INFO] [create-8]: process has finished cleanly [pid 94]
[INFO] [create-4]: process has finished cleanly [pid 90]
[INFO] [create-6]: process has finished cleanly [pid 92]
[gz-1] [1;33mWarning [parser_urdf.cc:1170][0m multiple inconsistent <self_collide> exists due to fixed joint reduction overwriting previous value [1] with [0].
[gz-1] [1;31m[Err] [SystemLoader.cc:92] [0m[1;31mFailed to load system plugin [[0m[1;31mlibgazebo_mimic_joint_plugin.so[0m[1;31m] : Could not find shared library.[0m[1;31m[0m
[gz-1] [1;31m[Err] [SystemLoader.cc:92] [0m[1;31mFailed to load system plugin [[0m[1;31mlibgazebo_mimic_joint_plugin.so[0m[1;31m] : Could not find shared library.[0m[1;31m[0m
[gz-1] [1;31m[Err] [SystemLoader.cc:92] [0m[1;31mFailed to load system plugin [[0m[1;31mlibgazebo_mimic_joint_plugin.so[0m[1;31m] : Could not find shared library.[0m[1;31m[0m
[gz-1] [1;31m[Err] [SystemLoader.cc:92] [0m[1;31mFailed to load system plugin [[0m[1;31mlibgazebo_mimic_joint_plugin.so[0m[1;31m] : Could not find shared library.[0m[1;31m[0m
[gz-1] [1;31m[Err] [SystemLoader.cc:92] [0m[1;31mFailed to load system plugin [[0m[1;31mlibgazebo_mimic_joint_plugin.so[0m[1;31m] : Could not find shared library.[0m[1;31m[0m
[gz-1] [INFO] [1787854833.713179918] [cite.cell_a.arm_3.gz_ros_control]: [gz_ros2_control] Fixed joint ['arm_3_mount_world_anchor'] (Entity='60') is skipped.
[gz-1] [INFO] [1787854833.715640043] [cite.cell_a.arm_3.gz_ros_control]: Loading controller_manager
[gz-1] [INFO] [1787854833.726421168] [cite.cell_a.arm_3.controller_manager]: Using ROS clock for triggering controller manager cycles.
[gz-1] [INFO] [1787854833.729575710] [cite.cell_a.arm_3.controller_manager]: Subscribing to '/cite/cell_a/arm_3/robot_description' topic for robot description.
[gz-1] [WARN] [1787854833.731696043] [cite.cell_a.arm_3.gz_ros_control]: Waiting RM to load and initialize hardware...
[gz-1] [WARN] [1787854834.729949544] [cite.cell_a.arm_3.controller_manager]: Waiting for data on 'robot_description' topic to finish initialization
[frame_server.py-11] [INFO] [1787854834.802512960] [cite.facility.frame_server]: configured with 21 static transform(s)
[frame_server.py-11] [INFO] [1787854834.811942002] [cite.facility.frame_server]: published 21 static transform(s)
[topology_server.py-13] [INFO] [1787854834.840478044] [cite.facility.topology_server]: configured with 5 station(s) and 4 edge(s)
[gz-1] [INFO] [1787854834.997959044] [cite.cell_a.arm_3.controller_manager]: Received robot description from topic.
[gz-1] [INFO] [1787854835.001335586] [cite.cell_a.arm_3.gz_ros_control]: Using JointLimiter for joint 'arm_3_joint5' in hardware 'arm_3_gz_ros2_control/GazeboSimSystem' : '  has position limits: true [-6.28319, 6.28319]
[gz-1]   has velocity limits: true [3.14]
[gz-1]   has acceleration limits: false [nan]
[gz-1]   has deceleration limits: false [nan]
[gz-1]   has jerk limits: false [nan]
[gz-1]   has effort limits: true [20]
[gz-1]   angle wraparound: false'
[gz-1] [INFO] [1787854835.001367294] [cite.cell_a.arm_3.gz_ros_control]: Creating JointSaturationLimiter for joint 'arm_3_joint5' in hardware 'arm_3_gz_ros2_control/GazeboSimSystem'
[gz-1] [INFO] [1787854835.001388002] [cite.cell_a.arm_3.gz_ros_control]: Using JointLimiter for joint 'arm_3_joint3' in hardware 'arm_3_gz_ros2_control/GazeboSimSystem' : '  has position limits: true [-3.927, 0.19198]
[gz-1]   has velocity limits: true [3.14]
[gz-1]   has acceleration limits: false [nan]
[gz-1]   has deceleration limits: false [nan]
[gz-1]   has jerk limits: false [nan]
[gz-1]   has effort limits: true [30]
[gz-1]   angle wraparound: false'
[gz-1] [INFO] [1787854835.001394002] [cite.cell_a.arm_3.gz_ros_control]: Creating JointSaturationLimiter for joint 'arm_3_joint3' in hardware 'arm_3_gz_ros2_control/GazeboSimSystem'
[gz-1] [INFO] [1787854835.001401252] [cite.cell_a.arm_3.gz_ros_control]: Using JointLimiter for joint 'arm_3_joint4' in hardware 'arm_3_gz_ros2_control/GazeboSimSystem' : '  has position limits: true [-1.69297, 3.14159]
[gz-1]   has velocity limits: true [3.14]
[gz-1]   has acceleration limits: false [nan]
[gz-1]   has deceleration limits: false [nan]
[gz-1]   has jerk limits: false [nan]
[gz-1]   has effort limits: true [20]
[gz-1]   angle wraparound: false'
[gz-1] [INFO] [1787854835.001406044] [cite.cell_a.arm_3.gz_ros_control]: Creating JointSaturationLimiter for joint 'arm_3_joint4' in hardware 'arm_3_gz_ros2_control/GazeboSimSystem'
[gz-1] [INFO] [1787854835.001412502] [cite.cell_a.arm_3.gz_ros_control]: Using JointLimiter for joint 'arm_3_joint2' in hardware 'arm_3_gz_ros2_control/GazeboSimSystem' : '  has position limits: true [-2.059, 2.0944]
[gz-1]   has velocity limits: true [3.14]
[gz-1]   has acceleration limits: false [nan]
[gz-1]   has deceleration limits: false [nan]
[gz-1]   has jerk limits: false [nan]
[gz-1]   has effort limits: true [50]
[gz-1]   angle wraparound: false'
[gz-1] [INFO] [1787854835.001417169] [cite.cell_a.arm_3.gz_ros_control]: Creating JointSaturationLimiter for joint 'arm_3_joint2' in hardware 'arm_3_gz_ros2_control/GazeboSimSystem'
[gz-1] [INFO] [1787854835.001423627] [cite.cell_a.arm_3.gz_ros_control]: Using JointLimiter for joint 'arm_3_joint1' in hardware 'arm_3_gz_ros2_control/GazeboSimSystem' : '  has position limits: true [-6.28319, 6.28319]
[gz-1]   has velocity limits: true [3.14]
[gz-1]   has acceleration limits: false [nan]
[gz-1]   has deceleration limits: false [nan]
[gz-1]   has jerk limits: false [nan]
[gz-1]   has effort limits: true [50]
[gz-1]   angle wraparound: false'
[gz-1] [INFO] [1787854835.001428252] [cite.cell_a.arm_3.gz_ros_control]: Creating JointSaturationLimiter for joint 'arm_3_joint1' in hardware 'arm_3_gz_ros2_control/GazeboSimSystem'
[gz-1] [INFO] [1787854835.001437961] [cite.cell_a.arm_3.gz_ros_control]: Using JointLimiter for joint 'arm_3_right_inner_knuckle_joint' in hardware 'arm_3_XArmGripperSystem' : '  has position limits: true [0, 0.85]
[gz-1]   has velocity limits: true [2]
[gz-1]   has acceleration limits: false [nan]
[gz-1]   has deceleration limits: false [nan]
[gz-1]   has jerk limits: false [nan]
[gz-1]   has effort limits: true [50]
[gz-1]   angle wraparound: false'
[gz-1] [INFO] [1787854835.001478336] [cite.cell_a.arm_3.gz_ros_control]: Creating JointSaturationLimiter for joint 'arm_3_right_inner_knuckle_joint' in hardware 'arm_3_XArmGripperSystem'
[gz-1] [INFO] [1787854835.001495252] [cite.cell_a.arm_3.gz_ros_control]: Using JointLimiter for joint 'arm_3_right_finger_joint' in hardware 'arm_3_XArmGripperSystem' : '  has position limits: true [0, 0.85]
[gz-1]   has velocity limits: true [2]
[gz-1]   has acceleration limits: false [nan]
[gz-1]   has deceleration limits: false [nan]
[gz-1]   has jerk limits: false [nan]
[gz-1]   has effort limits: true [50]
[gz-1]   angle wraparound: false'
[gz-1] [INFO] [1787854835.001500377] [cite.cell_a.arm_3.gz_ros_control]: Creating JointSaturationLimiter for joint 'arm_3_right_finger_joint' in hardware 'arm_3_XArmGripperSystem'
[gz-1] [INFO] [1787854835.001507377] [cite.cell_a.arm_3.gz_ros_control]: Using JointLimiter for joint 'arm_3_right_outer_knuckle_joint' in hardware 'arm_3_XArmGripperSystem' : '  has position limits: true [0, 0.85]
[gz-1]   has velocity limits: true [2]
[gz-1]   has acceleration limits: false [nan]
[gz-1]   has deceleration limits: false [nan]
[gz-1]   has jerk limits: false [nan]
[gz-1]   has effort limits: true [50]
[gz-1]   angle wraparound: false'
[gz-1] [INFO] [1787854835.001511752] [cite.cell_a.arm_3.gz_ros_control]: Creating JointSaturationLimiter for joint 'arm_3_right_outer_knuckle_joint' in hardware 'arm_3_XArmGripperSystem'
[gz-1] [INFO] [1787854835.001518877] [cite.cell_a.arm_3.gz_ros_control]: Using JointLimiter for joint 'arm_3_left_inner_knuckle_joint' in hardware 'arm_3_XArmGripperSystem' : '  has position limits: true [0, 0.85]
[gz-1]   has velocity limits: true [2]
[gz-1]   has acceleration limits: false [nan]
[gz-1]   has deceleration limits: false [nan]
[gz-1]   has jerk limits: false [nan]
[gz-1]   has effort limits: true [50]
[gz-1]   angle wraparound: false'
[gz-1] [INFO] [1787854835.001523169] [cite.cell_a.arm_3.gz_ros_control]: Creating JointSaturationLimiter for joint 'arm_3_left_inner_knuckle_joint' in hardware 'arm_3_XArmGripperSystem'
[gz-1] [INFO] [1787854835.001529711] [cite.cell_a.arm_3.gz_ros_control]: Using JointLimiter for joint 'arm_3_left_finger_joint' in hardware 'arm_3_XArmGripperSystem' : '  has position limits: true [0, 0.85]
[gz-1]   has velocity limits: true [2]
[gz-1]   has acceleration limits: false [nan]
[gz-1]   has deceleration limits: false [nan]
[gz-1]   has jerk limits: false [nan]
[gz-1]   has effort limits: true [50]
[gz-1]   angle wraparound: false'
[gz-1] [INFO] [1787854835.001534044] [cite.cell_a.arm_3.gz_ros_control]: Creating JointSaturationLimiter for joint 'arm_3_left_finger_joint' in hardware 'arm_3_XArmGripperSystem'
[gz-1] [INFO] [1787854835.001540211] [cite.cell_a.arm_3.gz_ros_control]: Using JointLimiter for joint 'arm_3_drive_joint' in hardware 'arm_3_XArmGripperSystem' : '  has position limits: true [0, 0.85]
[gz-1]   has velocity limits: true [1]
[gz-1]   has acceleration limits: false [nan]
[gz-1]   has deceleration limits: false [nan]
[gz-1]   has jerk limits: false [nan]
[gz-1]   has effort limits: true [50]
[gz-1]   angle wraparound: false'
[gz-1] [INFO] [1787854835.001546877] [cite.cell_a.arm_3.gz_ros_control]: Creating JointSaturationLimiter for joint 'arm_3_drive_joint' in hardware 'arm_3_XArmGripperSystem'
[gz-1] [INFO] [1787854835.001555752] [cite.cell_a.arm_3.controller_manager]: Enforcing command limits is enabled...
[gz-1] [INFO] [1787854835.005725002] [cite.cell_a.arm_3.gz_ros_control]: The position_proportional_gain has been set to: 0.1
[gz-1] [INFO] [1787854835.005790752] [cite.cell_a.arm_3.gz_ros_control]: Loading joint: arm_3_joint1
[gz-1] [INFO] [1787854835.005803961] [cite.cell_a.arm_3.gz_ros_control]: 	State:
[gz-1] [INFO] [1787854835.005810002] [cite.cell_a.arm_3.gz_ros_control]: 		 position
[gz-1] [INFO] [1787854835.005815044] [cite.cell_a.arm_3.gz_ros_control]: 		 velocity
[gz-1] [INFO] [1787854835.005829502] [cite.cell_a.arm_3.gz_ros_control]: 	Command:
[gz-1] [INFO] [1787854835.005839836] [cite.cell_a.arm_3.gz_ros_control]: 		 position
[gz-1] [INFO] [1787854835.005849502] [cite.cell_a.arm_3.gz_ros_control]: 		 velocity
[gz-1] [INFO] [1787854835.005858211] [cite.cell_a.arm_3.gz_ros_control]: Loading joint: arm_3_joint2
[gz-1] [INFO] [1787854835.005862002] [cite.cell_a.arm_3.gz_ros_control]: 	State:
[gz-1] [INFO] [1787854835.005879086] [cite.cell_a.arm_3.gz_ros_control]: 		 position
[gz-1] [INFO] [1787854835.005889336] [cite.cell_a.arm_3.gz_ros_control]: 		 velocity
[gz-1] [INFO] [1787854835.005892586] [cite.cell_a.arm_3.gz_ros_control]: 	Command:
[gz-1] [INFO] [1787854835.005895502] [cite.cell_a.arm_3.gz_ros_control]: 		 position
[gz-1] [INFO] [1787854835.005902669] [cite.cell_a.arm_3.gz_ros_control]: 		 velocity
[gz-1] [INFO] [1787854835.005909919] [cite.cell_a.arm_3.gz_ros_control]: Loading joint: arm_3_joint3
[gz-1] [INFO] [1787854835.005913461] [cite.cell_a.arm_3.gz_ros_control]: 	State:
[gz-1] [INFO] [1787854835.005916544] [cite.cell_a.arm_3.gz_ros_control]: 		 position
[gz-1] [INFO] [1787854835.005920169] [cite.cell_a.arm_3.gz_ros_control]: 		 velocity
[gz-1] [INFO] [1787854835.005923169] [cite.cell_a.arm_3.gz_ros_control]: 	Command:
[gz-1] [INFO] [1787854835.005928711] [cite.cell_a.arm_3.gz_ros_control]: 		 position
[gz-1] [INFO] [1787854835.005934252] [cite.cell_a.arm_3.gz_ros_control]: 		 velocity
[gz-1] [INFO] [1787854835.005940461] [cite.cell_a.arm_3.gz_ros_control]: Loading joint: arm_3_joint4
[gz-1] [INFO] [1787854835.005943669] [cite.cell_a.arm_3.gz_ros_control]: 	State:
[gz-1] [INFO] [1787854835.005949586] [cite.cell_a.arm_3.gz_ros_control]: 		 position
[gz-1] [INFO] [1787854835.005952544] [cite.cell_a.arm_3.gz_ros_control]: 		 velocity
[gz-1] [INFO] [1787854835.005955377] [cite.cell_a.arm_3.gz_ros_control]: 	Command:
[gz-1] [INFO] [1787854835.005958252] [cite.cell_a.arm_3.gz_ros_control]: 		 position
[gz-1] [INFO] [1787854835.005962502] [cite.cell_a.arm_3.gz_ros_control]: 		 velocity
[gz-1] [INFO] [1787854835.005968752] [cite.cell_a.arm_3.gz_ros_control]: Loading joint: arm_3_joint5
[gz-1] [INFO] [1787854835.005971919] [cite.cell_a.arm_3.gz_ros_control]: 	State:
[gz-1] [INFO] [1787854835.005974752] [cite.cell_a.arm_3.gz_ros_control]: 		 position
[gz-1] [INFO] [1787854835.005978586] [cite.cell_a.arm_3.gz_ros_control]: 		 velocity
[gz-1] [INFO] [1787854835.005981502] [cite.cell_a.arm_3.gz_ros_control]: 	Command:
[gz-1] [INFO] [1787854835.005984211] [cite.cell_a.arm_3.gz_ros_control]: 		 position
[gz-1] [INFO] [1787854835.005989752] [cite.cell_a.arm_3.gz_ros_control]: 		 velocity
[gz-1] [INFO] [1787854835.006139252] [cite.cell_a.arm_3.controller_manager]: Initialize hardware 'arm_3_gz_ros2_control/GazeboSimSystem' 
[gz-1] [WARN] [1787854835.006164544] [cite.cell_a.arm_3.controller_manager.hardware_component.system.arm_3_gz_ros2_control/GazeboSimSystem]: Executor is not available during hardware component initialization for 'arm_3_gz_ros2_control/GazeboSimSystem'. Skipping node creation!
[gz-1] [INFO] [1787854835.006244502] [cite.cell_a.arm_3.controller_manager]: Successful initialization of hardware 'arm_3_gz_ros2_control/GazeboSimSystem'
[gz-1] [INFO] [1787854835.006449461] [cite.cell_a.arm_3.gz_ros_control]: The position_proportional_gain has been set to: 0.1
[gz-1] [INFO] [1787854835.006467002] [cite.cell_a.arm_3.gz_ros_control]: Loading joint: arm_3_drive_joint
[gz-1] [INFO] [1787854835.006470752] [cite.cell_a.arm_3.gz_ros_control]: 	State:
[gz-1] [INFO] [1787854835.006473711] [cite.cell_a.arm_3.gz_ros_control]: 		 position
[gz-1] [INFO] [1787854835.006476794] [cite.cell_a.arm_3.gz_ros_control]: 		 velocity
[gz-1] [INFO] [1787854835.006479919] [cite.cell_a.arm_3.gz_ros_control]: 	Command:
[gz-1] [INFO] [1787854835.006482419] [cite.cell_a.arm_3.gz_ros_control]: 		 position
[gz-1] [INFO] [1787854835.006487377] [cite.cell_a.arm_3.gz_ros_control]: 		 velocity
[gz-1] [INFO] [1787854835.006494336] [cite.cell_a.arm_3.gz_ros_control]: Loading joint: arm_3_left_finger_joint
[gz-1] [INFO] [1787854835.006498586] [cite.cell_a.arm_3.gz_ros_control]: Joint 'arm_3_left_finger_joint'is mimicking joint 'arm_3_drive_joint' with multiplier: 1 and offset: 0
[gz-1] [INFO] [1787854835.006504544] [cite.cell_a.arm_3.gz_ros_control]: 	State:
[gz-1] [INFO] [1787854835.006507377] [cite.cell_a.arm_3.gz_ros_control]: 		 position
[gz-1] [INFO] [1787854835.006510586] [cite.cell_a.arm_3.gz_ros_control]: 		 velocity
[gz-1] [INFO] [1787854835.006513252] [cite.cell_a.arm_3.gz_ros_control]: 	Command:
[gz-1] [INFO] [1787854835.006518586] [cite.cell_a.arm_3.gz_ros_control]: Loading joint: arm_3_left_inner_knuckle_joint
[gz-1] [INFO] [1787854835.006522294] [cite.cell_a.arm_3.gz_ros_control]: Joint 'arm_3_left_inner_knuckle_joint'is mimicking joint 'arm_3_drive_joint' with multiplier: 1 and offset: 0
[gz-1] [INFO] [1787854835.006529836] [cite.cell_a.arm_3.gz_ros_control]: 	State:
[gz-1] [INFO] [1787854835.006532794] [cite.cell_a.arm_3.gz_ros_control]: 		 position
[gz-1] [INFO] [1787854835.006536044] [cite.cell_a.arm_3.gz_ros_control]: 		 velocity
[gz-1] [INFO] [1787854835.006538627] [cite.cell_a.arm_3.gz_ros_control]: 	Command:
[gz-1] [INFO] [1787854835.006555961] [cite.cell_a.arm_3.gz_ros_control]: Loading joint: arm_3_right_outer_knuckle_joint
[gz-1] [INFO] [1787854835.006674294] [cite.cell_a.arm_3.gz_ros_control]: Joint 'arm_3_right_outer_knuckle_joint'is mimicking joint 'arm_3_drive_joint' with multiplier: 1 and offset: 0
[gz-1] [INFO] [1787854835.006685419] [cite.cell_a.arm_3.gz_ros_control]: 	State:
[gz-1] [INFO] [1787854835.006698711] [cite.cell_a.arm_3.gz_ros_control]: 		 position
[gz-1] [INFO] [1787854835.006702544] [cite.cell_a.arm_3.gz_ros_control]: 		 velocity
[gz-1] [INFO] [1787854835.006705752] [cite.cell_a.arm_3.gz_ros_control]: 	Command:
[gz-1] [INFO] [1787854835.006724169] [cite.cell_a.arm_3.gz_ros_control]: Loading joint: arm_3_right_finger_joint
[gz-1] [INFO] [1787854835.006738461] [cite.cell_a.arm_3.gz_ros_control]: Joint 'arm_3_right_finger_joint'is mimicking joint 'arm_3_drive_joint' with multiplier: 1 and offset: 0
[gz-1] [INFO] [1787854835.006752627] [cite.cell_a.arm_3.gz_ros_control]: 	State:
[gz-1] [INFO] [1787854835.006758461] [cite.cell_a.arm_3.gz_ros_control]: 		 position
[gz-1] [INFO] [1787854835.006763586] [cite.cell_a.arm_3.gz_ros_control]: 		 velocity
[gz-1] [INFO] [1787854835.006770919] [cite.cell_a.arm_3.gz_ros_control]: 	Command:
[gz-1] [INFO] [1787854835.006783752] [cite.cell_a.arm_3.gz_ros_control]: Loading joint: arm_3_right_inner_knuckle_joint
[gz-1] [INFO] [1787854835.006801294] [cite.cell_a.arm_3.gz_ros_control]: Joint 'arm_3_right_inner_knuckle_joint'is mimicking joint 'arm_3_drive_joint' with multiplier: 1 and offset: 0
[gz-1] [INFO] [1787854835.006813419] [cite.cell_a.arm_3.gz_ros_control]: 	State:
[gz-1] [INFO] [1787854835.006827669] [cite.cell_a.arm_3.gz_ros_control]: 		 position
[gz-1] [INFO] [1787854835.006837544] [cite.cell_a.arm_3.gz_ros_control]: 		 velocity
[gz-1] [INFO] [1787854835.006840461] [cite.cell_a.arm_3.gz_ros_control]: 	Command:
[gz-1] [INFO] [1787854835.006866127] [cite.cell_a.arm_3.controller_manager]: Initialize hardware 'arm_3_XArmGripperSystem' 
[gz-1] [WARN] [1787854835.006873502] [cite.cell_a.arm_3.controller_manager.hardware_component.system.arm_3_XArmGripperSystem]: Executor is not available during hardware component initialization for 'arm_3_XArmGripperSystem'. Skipping node creation!
[gz-1] [INFO] [1787854835.006917336] [cite.cell_a.arm_3.controller_manager]: Successful initialization of hardware 'arm_3_XArmGripperSystem'
[gz-1] [INFO] [1787854835.006998502] [cite.cell_a.arm_3.controller_manager]: Activating component 'arm_3_XArmGripperSystem'.
[gz-1] [INFO] [1787854835.007013336] [resource_manager]: 'configure' hardware 'arm_3_XArmGripperSystem' 
[gz-1] [INFO] [1787854835.007026002] [cite.cell_a.arm_3.gz_ros_control]: System Successfully configured!
[gz-1] [INFO] [1787854835.007036586] [resource_manager]: Successful 'configure' of hardware 'arm_3_XArmGripperSystem'
[gz-1] [INFO] [1787854835.007045419] [resource_manager]: 'activate' hardware 'arm_3_XArmGripperSystem' 
[gz-1] [INFO] [1787854835.007069961] [resource_manager]: Successful 'activate' of hardware 'arm_3_XArmGripperSystem'
[gz-1] [INFO] [1787854835.007187669] [cite.cell_a.arm_3.controller_manager]: Activating component 'arm_3_gz_ros2_control/GazeboSimSystem'.
[gz-1] [INFO] [1787854835.007196961] [resource_manager]: 'configure' hardware 'arm_3_gz_ros2_control/GazeboSimSystem' 
[gz-1] [INFO] [1787854835.007199419] [cite.cell_a.arm_3.gz_ros_control]: System Successfully configured!
[gz-1] [INFO] [1787854835.007204669] [resource_manager]: Successful 'configure' of hardware 'arm_3_gz_ros2_control/GazeboSimSystem'
[gz-1] [INFO] [1787854835.007208586] [resource_manager]: 'activate' hardware 'arm_3_gz_ros2_control/GazeboSimSystem' 
[gz-1] [INFO] [1787854835.007211336] [resource_manager]: Successful 'activate' of hardware 'arm_3_gz_ros2_control/GazeboSimSystem'
[gz-1] [WARN] [1787854835.007233836] [cite.cell_a.arm_3.controller_manager]: Component 'arm_3_XArmGripperSystem' does not have read or write statistics initialized, skipping registration.
[gz-1] [WARN] [1787854835.007247794] [cite.cell_a.arm_3.controller_manager]: Component 'arm_3_gz_ros2_control/GazeboSimSystem' does not have read or write statistics initialized, skipping registration.
[gz-1] [INFO] [1787854835.007255002] [cite.cell_a.arm_3.controller_manager]: Resource Manager has been successfully initialized. Starting Controller Manager services...
[gz-1] [1;33mWarning [parser_urdf.cc:1170][0m multiple inconsistent <self_collide> exists due to fixed joint reduction overwriting previous value [1] with [0].
[gz-1] [1;31m[Err] [SystemLoader.cc:92] [0m[1;31mFailed to load system plugin [[0m[1;31mlibgazebo_mimic_joint_plugin.so[0m[1;31m] : Could not find shared library.[0m[1;31m[0m
[gz-1] [1;31m[Err] [SystemLoader.cc:92] [0m[1;31mFailed to load system plugin [[0m[1;31mlibgazebo_mimic_joint_plugin.so[0m[1;31m] : Could not find shared library.[0m[1;31m[0m
[gz-1] [1;31m[Err] [SystemLoader.cc:92] [0m[1;31mFailed to load system plugin [[0m[1;31mlibgazebo_mimic_joint_plugin.so[0m[1;31m] : Could not find shared library.[0m[1;31m[0m
[gz-1] [1;31m[Err] [SystemLoader.cc:92] [0m[1;31mFailed to load system plugin [[0m[1;31mlibgazebo_mimic_joint_plugin.so[0m[1;31m] : Could not find shared library.[0m[1;31m[0m
[gz-1] [1;31m[Err] [SystemLoader.cc:92] [0m[1;31mFailed to load system plugin [[0m[1;31mlibgazebo_mimic_joint_plugin.so[0m[1;31m] : Could not find shared library.[0m[1;31m[0m
[gz-1] [INFO] [1787854835.817210461] [cite.cell_a.arm_2.gz_ros_control]: [gz_ros2_control] Fixed joint ['arm_2_mount_world_anchor'] (Entity='137') is skipped.
[gz-1] [INFO] [1787854835.819634586] [cite.cell_a.arm_2.gz_ros_control]: Loading controller_manager
[gz-1] [INFO] [1787854835.834031378] [cite.cell_a.arm_2.controller_manager]: Using ROS clock for triggering controller manager cycles.
[gz-1] [INFO] [1787854835.835070961] [cite.cell_a.arm_2.controller_manager]: Subscribing to '/cite/cell_a/arm_2/robot_description' topic for robot description.
[gz-1] [WARN] [1787854835.835762128] [cite.cell_a.arm_2.gz_ros_control]: Waiting RM to load and initialize hardware...
[gz-1] [INFO] [1787854835.848015044] [cite.cell_a.arm_2.controller_manager]: Received robot description from topic.
[gz-1] [INFO] [1787854835.849137503] [cite.cell_a.arm_2.gz_ros_control]: Using JointLimiter for joint 'arm_2_joint5' in hardware 'arm_2_gz_ros2_control/GazeboSimSystem' : '  has position limits: true [-6.28319, 6.28319]
[gz-1]   has velocity limits: true [3.14]
[gz-1]   has acceleration limits: false [nan]
[gz-1]   has deceleration limits: false [nan]
[gz-1]   has jerk limits: false [nan]
[gz-1]   has effort limits: true [20]
[gz-1]   angle wraparound: false'
[gz-1] [INFO] [1787854835.849153669] [cite.cell_a.arm_2.gz_ros_control]: Creating JointSaturationLimiter for joint 'arm_2_joint5' in hardware 'arm_2_gz_ros2_control/GazeboSimSystem'
[gz-1] [INFO] [1787854835.849160669] [cite.cell_a.arm_2.gz_ros_control]: Using JointLimiter for joint 'arm_2_joint4' in hardware 'arm_2_gz_ros2_control/GazeboSimSystem' : '  has position limits: true [-1.69297, 3.14159]
[gz-1]   has velocity limits: true [3.14]
[gz-1]   has acceleration limits: false [nan]
[gz-1]   has deceleration limits: false [nan]
[gz-1]   has jerk limits: false [nan]
[gz-1]   has effort limits: true [20]
[gz-1]   angle wraparound: false'
[gz-1] [INFO] [1787854835.849163378] [cite.cell_a.arm_2.gz_ros_control]: Creating JointSaturationLimiter for joint 'arm_2_joint4' in hardware 'arm_2_gz_ros2_control/GazeboSimSystem'
[gz-1] [INFO] [1787854835.849167503] [cite.cell_a.arm_2.gz_ros_control]: Using JointLimiter for joint 'arm_2_joint3' in hardware 'arm_2_gz_ros2_control/GazeboSimSystem' : '  has position limits: true [-3.927, 0.19198]
[gz-1]   has velocity limits: true [3.14]
[gz-1]   has acceleration limits: false [nan]
[gz-1]   has deceleration limits: false [nan]
[gz-1]   has jerk limits: false [nan]
[gz-1]   has effort limits: true [30]
[gz-1]   angle wraparound: false'
[gz-1] [INFO] [1787854835.849170419] [cite.cell_a.arm_2.gz_ros_control]: Creating JointSaturationLimiter for joint 'arm_2_joint3' in hardware 'arm_2_gz_ros2_control/GazeboSimSystem'
[gz-1] [INFO] [1787854835.849173836] [cite.cell_a.arm_2.gz_ros_control]: Using JointLimiter for joint 'arm_2_joint2' in hardware 'arm_2_gz_ros2_control/GazeboSimSystem' : '  has position limits: true [-2.059, 2.0944]
[gz-1]   has velocity limits: true [3.14]
[gz-1]   has acceleration limits: false [nan]
[gz-1]   has deceleration limits: false [nan]
[gz-1]   has jerk limits: false [nan]
[gz-1]   has effort limits: true [50]
[gz-1]   angle wraparound: false'
[gz-1] [INFO] [1787854835.849177336] [cite.cell_a.arm_2.gz_ros_control]: Creating JointSaturationLimiter for joint 'arm_2_joint2' in hardware 'arm_2_gz_ros2_control/GazeboSimSystem'
[gz-1] [INFO] [1787854835.849180628] [cite.cell_a.arm_2.gz_ros_control]: Using JointLimiter for joint 'arm_2_joint1' in hardware 'arm_2_gz_ros2_control/GazeboSimSystem' : '  has position limits: true [-6.28319, 6.28319]
[gz-1]   has velocity limits: true [3.14]
[gz-1]   has acceleration limits: false [nan]
[gz-1]   has deceleration limits: false [nan]
[gz-1]   has jerk limits: false [nan]
[gz-1]   has effort limits: true [50]
[gz-1]   angle wraparound: false'
[gz-1] [INFO] [1787854835.849183003] [cite.cell_a.arm_2.gz_ros_control]: Creating JointSaturationLimiter for joint 'arm_2_joint1' in hardware 'arm_2_gz_ros2_control/GazeboSimSystem'
[gz-1] [INFO] [1787854835.849195878] [cite.cell_a.arm_2.gz_ros_control]: Using JointLimiter for joint 'arm_2_right_inner_knuckle_joint' in hardware 'arm_2_XArmGripperSystem' : '  has position limits: true [0, 0.85]
[gz-1]   has velocity limits: true [2]
[gz-1]   has acceleration limits: false [nan]
[gz-1]   has deceleration limits: false [nan]
[gz-1]   has jerk limits: false [nan]
[gz-1]   has effort limits: true [50]
[gz-1]   angle wraparound: false'
[gz-1] [INFO] [1787854835.849199003] [cite.cell_a.arm_2.gz_ros_control]: Creating JointSaturationLimiter for joint 'arm_2_right_inner_knuckle_joint' in hardware 'arm_2_XArmGripperSystem'
[gz-1] [INFO] [1787854835.849202836] [cite.cell_a.arm_2.gz_ros_control]: Using JointLimiter for joint 'arm_2_right_finger_joint' in hardware 'arm_2_XArmGripperSystem' : '  has position limits: true [0, 0.85]
[gz-1]   has velocity limits: true [2]
[gz-1]   has acceleration limits: false [nan]
[gz-1]   has deceleration limits: false [nan]
[gz-1]   has jerk limits: false [nan]
[gz-1]   has effort limits: true [50]
[gz-1]   angle wraparound: false'
[gz-1] [INFO] [1787854835.849205419] [cite.cell_a.arm_2.gz_ros_control]: Creating JointSaturationLimiter for joint 'arm_2_right_finger_joint' in hardware 'arm_2_XArmGripperSystem'
[gz-1] [INFO] [1787854835.849209003] [cite.cell_a.arm_2.gz_ros_control]: Using JointLimiter for joint 'arm_2_right_outer_knuckle_joint' in hardware 'arm_2_XArmGripperSystem' : '  has position limits: true [0, 0.85]
[gz-1]   has velocity limits: true [2]
[gz-1]   has acceleration limits: false [nan]
[gz-1]   has deceleration limits: false [nan]
[gz-1]   has jerk limits: false [nan]
[gz-1]   has effort limits: true [50]
[gz-1]   angle wraparound: false'
[gz-1] [INFO] [1787854835.849211211] [cite.cell_a.arm_2.gz_ros_control]: Creating JointSaturationLimiter for joint 'arm_2_right_outer_knuckle_joint' in hardware 'arm_2_XArmGripperSystem'
[gz-1] [INFO] [1787854835.849214586] [cite.cell_a.arm_2.gz_ros_control]: Using JointLimiter for joint 'arm_2_left_finger_joint' in hardware 'arm_2_XArmGripperSystem' : '  has position limits: true [0, 0.85]
[gz-1]   has velocity limits: true [2]
[gz-1]   has acceleration limits: false [nan]
[gz-1]   has deceleration limits: false [nan]
[gz-1]   has jerk limits: false [nan]
[gz-1]   has effort limits: true [50]
[gz-1]   angle wraparound: false'
[gz-1] [INFO] [1787854835.849216961] [cite.cell_a.arm_2.gz_ros_control]: Creating JointSaturationLimiter for joint 'arm_2_left_finger_joint' in hardware 'arm_2_XArmGripperSystem'
[gz-1] [INFO] [1787854835.849220836] [cite.cell_a.arm_2.gz_ros_control]: Using JointLimiter for joint 'arm_2_left_inner_knuckle_joint' in hardware 'arm_2_XArmGripperSystem' : '  has position limits: true [0, 0.85]
[gz-1]   has velocity limits: true [2]
[gz-1]   has acceleration limits: false [nan]
[gz-1]   has deceleration limits: false [nan]
[gz-1]   has jerk limits: false [nan]
[gz-1]   has effort limits: true [50]
[gz-1]   angle wraparound: false'
[gz-1] [INFO] [1787854835.849223128] [cite.cell_a.arm_2.gz_ros_control]: Creating JointSaturationLimiter for joint 'arm_2_left_inner_knuckle_joint' in hardware 'arm_2_XArmGripperSystem'
[gz-1] [INFO] [1787854835.849226378] [cite.cell_a.arm_2.gz_ros_control]: Using JointLimiter for joint 'arm_2_drive_joint' in hardware 'arm_2_XArmGripperSystem' : '  has position limits: true [0, 0.85]
[gz-1]   has velocity limits: true [1]
[gz-1]   has acceleration limits: false [nan]
[gz-1]   has deceleration limits: false [nan]
[gz-1]   has jerk limits: false [nan]
[gz-1]   has effort limits: true [50]
[gz-1]   angle wraparound: false'
[gz-1] [INFO] [1787854835.849228794] [cite.cell_a.arm_2.gz_ros_control]: Creating JointSaturationLimiter for joint 'arm_2_drive_joint' in hardware 'arm_2_XArmGripperSystem'
[gz-1] [INFO] [1787854835.849233169] [cite.cell_a.arm_2.controller_manager]: Enforcing command limits is enabled...
[gz-1] [INFO] [1787854835.850165919] [cite.cell_a.arm_2.gz_ros_control]: The position_proportional_gain has been set to: 0.1
[gz-1] [INFO] [1787854835.850196878] [cite.cell_a.arm_2.gz_ros_control]: Loading joint: arm_2_joint1
[gz-1] [INFO] [1787854835.850200378] [cite.cell_a.arm_2.gz_ros_control]: 	State:
[gz-1] [INFO] [1787854835.850202794] [cite.cell_a.arm_2.gz_ros_control]: 		 position
[gz-1] [INFO] [1787854835.850205294] [cite.cell_a.arm_2.gz_ros_control]: 		 velocity
[gz-1] [INFO] [1787854835.850207711] [cite.cell_a.arm_2.gz_ros_control]: 	Command:
[gz-1] [INFO] [1787854835.850214211] [cite.cell_a.arm_2.gz_ros_control]: 		 position
[gz-1] [INFO] [1787854835.850225128] [cite.cell_a.arm_2.gz_ros_control]: 		 velocity
[gz-1] [INFO] [1787854835.850230419] [cite.cell_a.arm_2.gz_ros_control]: Loading joint: arm_2_joint2
[gz-1] [INFO] [1787854835.850232419] [cite.cell_a.arm_2.gz_ros_control]: 	State:
[gz-1] [INFO] [1787854835.850234044] [cite.cell_a.arm_2.gz_ros_control]: 		 position
[gz-1] [INFO] [1787854835.850235961] [cite.cell_a.arm_2.gz_ros_control]: 		 velocity
[gz-1] [INFO] [1787854835.850237544] [cite.cell_a.arm_2.gz_ros_control]: 	Command:
[gz-1] [INFO] [1787854835.850239253] [cite.cell_a.arm_2.gz_ros_control]: 		 position
[gz-1] [INFO] [1787854835.850242128] [cite.cell_a.arm_2.gz_ros_control]: 		 velocity
[gz-1] [INFO] [1787854835.850248211] [cite.cell_a.arm_2.gz_ros_control]: Loading joint: arm_2_joint3
[gz-1] [INFO] [1787854835.850250128] [cite.cell_a.arm_2.gz_ros_control]: 	State:
[gz-1] [INFO] [1787854835.850251794] [cite.cell_a.arm_2.gz_ros_control]: 		 position
[gz-1] [INFO] [1787854835.850257086] [cite.cell_a.arm_2.gz_ros_control]: 		 velocity
[gz-1] [INFO] [1787854835.850258878] [cite.cell_a.arm_2.gz_ros_control]: 	Command:
[gz-1] [INFO] [1787854835.850260378] [cite.cell_a.arm_2.gz_ros_control]: 		 position
[gz-1] [INFO] [1787854835.850263503] [cite.cell_a.arm_2.gz_ros_control]: 		 velocity
[gz-1] [INFO] [1787854835.850267961] [cite.cell_a.arm_2.gz_ros_control]: Loading joint: arm_2_joint4
[gz-1] [INFO] [1787854835.850269961] [cite.cell_a.arm_2.gz_ros_control]: 	State:
[gz-1] [INFO] [1787854835.850271586] [cite.cell_a.arm_2.gz_ros_control]: 		 position
[gz-1] [INFO] [1787854835.850273253] [cite.cell_a.arm_2.gz_ros_control]: 		 velocity
[gz-1] [INFO] [1787854835.850274794] [cite.cell_a.arm_2.gz_ros_control]: 	Command:
[gz-1] [INFO] [1787854835.850276378] [cite.cell_a.arm_2.gz_ros_control]: 		 position
[gz-1] [INFO] [1787854835.850278961] [cite.cell_a.arm_2.gz_ros_control]: 		 velocity
[gz-1] [INFO] [1787854835.850282628] [cite.cell_a.arm_2.gz_ros_control]: Loading joint: arm_2_joint5
[gz-1] [INFO] [1787854835.850284461] [cite.cell_a.arm_2.gz_ros_control]: 	State:
[gz-1] [INFO] [1787854835.850286253] [cite.cell_a.arm_2.gz_ros_control]: 		 position
[gz-1] [INFO] [1787854835.850288419] [cite.cell_a.arm_2.gz_ros_control]: 		 velocity
[gz-1] [INFO] [1787854835.850290211] [cite.cell_a.arm_2.gz_ros_control]: 	Command:
[gz-1] [INFO] [1787854835.850291794] [cite.cell_a.arm_2.gz_ros_control]: 		 position
[gz-1] [INFO] [1787854835.850294836] [cite.cell_a.arm_2.gz_ros_control]: 		 velocity
[gz-1] [INFO] [1787854835.850314294] [cite.cell_a.arm_2.controller_manager]: Initialize hardware 'arm_2_gz_ros2_control/GazeboSimSystem' 
[gz-1] [WARN] [1787854835.850320878] [cite.cell_a.arm_2.controller_manager.hardware_component.system.arm_2_gz_ros2_control/GazeboSimSystem]: Executor is not available during hardware component initialization for 'arm_2_gz_ros2_control/GazeboSimSystem'. Skipping node creation!
[gz-1] [INFO] [1787854835.850343919] [cite.cell_a.arm_2.controller_manager]: Successful initialization of hardware 'arm_2_gz_ros2_control/GazeboSimSystem'
[gz-1] [INFO] [1787854835.850417669] [cite.cell_a.arm_2.gz_ros_control]: The position_proportional_gain has been set to: 0.1
[gz-1] [INFO] [1787854835.850425044] [cite.cell_a.arm_2.gz_ros_control]: Loading joint: arm_2_drive_joint
[gz-1] [INFO] [1787854835.850427336] [cite.cell_a.arm_2.gz_ros_control]: 	State:
[gz-1] [INFO] [1787854835.850429294] [cite.cell_a.arm_2.gz_ros_control]: 		 position
[gz-1] [INFO] [1787854835.850431169] [cite.cell_a.arm_2.gz_ros_control]: 		 velocity
[gz-1] [INFO] [1787854835.850434044] [cite.cell_a.arm_2.gz_ros_control]: 	Command:
[gz-1] [INFO] [1787854835.850435711] [cite.cell_a.arm_2.gz_ros_control]: 		 position
[gz-1] [INFO] [1787854835.850438753] [cite.cell_a.arm_2.gz_ros_control]: 		 velocity
[gz-1] [INFO] [1787854835.850443669] [cite.cell_a.arm_2.gz_ros_control]: Loading joint: arm_2_left_finger_joint
[gz-1] [INFO] [1787854835.850446378] [cite.cell_a.arm_2.gz_ros_control]: Joint 'arm_2_left_finger_joint'is mimicking joint 'arm_2_drive_joint' with multiplier: 1 and offset: 0
[gz-1] [INFO] [1787854835.850448586] [cite.cell_a.arm_2.gz_ros_control]: 	State:
[gz-1] [INFO] [1787854835.850450169] [cite.cell_a.arm_2.gz_ros_control]: 		 position
[gz-1] [INFO] [1787854835.850451961] [cite.cell_a.arm_2.gz_ros_control]: 		 velocity
[gz-1] [INFO] [1787854835.850455836] [cite.cell_a.arm_2.gz_ros_control]: 	Command:
[gz-1] [INFO] [1787854835.850460044] [cite.cell_a.arm_2.gz_ros_control]: Loading joint: arm_2_left_inner_knuckle_joint
[gz-1] [INFO] [1787854835.850462336] [cite.cell_a.arm_2.gz_ros_control]: Joint 'arm_2_left_inner_knuckle_joint'is mimicking joint 'arm_2_drive_joint' with multiplier: 1 and offset: 0
[gz-1] [INFO] [1787854835.850464336] [cite.cell_a.arm_2.gz_ros_control]: 	State:
[gz-1] [INFO] [1787854835.850470586] [cite.cell_a.arm_2.gz_ros_control]: 		 position
[gz-1] [INFO] [1787854835.850473003] [cite.cell_a.arm_2.gz_ros_control]: 		 velocity
[gz-1] [INFO] [1787854835.850474878] [cite.cell_a.arm_2.gz_ros_control]: 	Command:
[gz-1] [INFO] [1787854835.850480378] [cite.cell_a.arm_2.gz_ros_control]: Loading joint: arm_2_right_outer_knuckle_joint
[gz-1] [INFO] [1787854835.850487586] [cite.cell_a.arm_2.gz_ros_control]: Joint 'arm_2_right_outer_knuckle_joint'is mimicking joint 'arm_2_drive_joint' with multiplier: 1 and offset: 0
[gz-1] [INFO] [1787854835.850489628] [cite.cell_a.arm_2.gz_ros_control]: 	State:
[gz-1] [INFO] [1787854835.850491211] [cite.cell_a.arm_2.gz_ros_control]: 		 position
[gz-1] [INFO] [1787854835.850492836] [cite.cell_a.arm_2.gz_ros_control]: 		 velocity
[gz-1] [INFO] [1787854835.850494461] [cite.cell_a.arm_2.gz_ros_control]: 	Command:
[gz-1] [INFO] [1787854835.850499294] [cite.cell_a.arm_2.gz_ros_control]: Loading joint: arm_2_right_finger_joint
[gz-1] [INFO] [1787854835.850501503] [cite.cell_a.arm_2.gz_ros_control]: Joint 'arm_2_right_finger_joint'is mimicking joint 'arm_2_drive_joint' with multiplier: 1 and offset: 0
[gz-1] [INFO] [1787854835.850503628] [cite.cell_a.arm_2.gz_ros_control]: 	State:
[gz-1] [INFO] [1787854835.850505169] [cite.cell_a.arm_2.gz_ros_control]: 		 position
[gz-1] [INFO] [1787854835.850511003] [cite.cell_a.arm_2.gz_ros_control]: 		 velocity
[gz-1] [INFO] [1787854835.850515086] [cite.cell_a.arm_2.gz_ros_control]: 	Command:
[gz-1] [INFO] [1787854835.850520086] [cite.cell_a.arm_2.gz_ros_control]: Loading joint: arm_2_right_inner_knuckle_joint
[gz-1] [INFO] [1787854835.850522336] [cite.cell_a.arm_2.gz_ros_control]: Joint 'arm_2_right_inner_knuckle_joint'is mimicking joint 'arm_2_drive_joint' with multiplier: 1 and offset: 0
[gz-1] [INFO] [1787854835.850524294] [cite.cell_a.arm_2.gz_ros_control]: 	State:
[gz-1] [INFO] [1787854835.850526169] [cite.cell_a.arm_2.gz_ros_control]: 		 position
[gz-1] [INFO] [1787854835.850527711] [cite.cell_a.arm_2.gz_ros_control]: 		 velocity
[gz-1] [INFO] [1787854835.850529378] [cite.cell_a.arm_2.gz_ros_control]: 	Command:
[gz-1] [INFO] [1787854835.850539461] [cite.cell_a.arm_2.controller_manager]: Initialize hardware 'arm_2_XArmGripperSystem' 
[gz-1] [WARN] [1787854835.850555669] [cite.cell_a.arm_2.controller_manager.hardware_component.system.arm_2_XArmGripperSystem]: Executor is not available during hardware component initialization for 'arm_2_XArmGripperSystem'. Skipping node creation!
[gz-1] [INFO] [1787854835.850575878] [cite.cell_a.arm_2.controller_manager]: Successful initialization of hardware 'arm_2_XArmGripperSystem'
[gz-1] [INFO] [1787854835.850671294] [cite.cell_a.arm_2.controller_manager]: Activating component 'arm_2_XArmGripperSystem'.
[gz-1] [INFO] [1787854835.850698503] [resource_manager]: 'configure' hardware 'arm_2_XArmGripperSystem' 
[gz-1] [INFO] [1787854835.850702753] [cite.cell_a.arm_2.gz_ros_control]: System Successfully configured!
[gz-1] [INFO] [1787854835.850707169] [resource_manager]: Successful 'configure' of hardware 'arm_2_XArmGripperSystem'
[gz-1] [INFO] [1787854835.850709586] [resource_manager]: 'activate' hardware 'arm_2_XArmGripperSystem' 
[gz-1] [INFO] [1787854835.850712336] [resource_manager]: Successful 'activate' of hardware 'arm_2_XArmGripperSystem'
[gz-1] [INFO] [1787854835.850728003] [cite.cell_a.arm_2.controller_manager]: Activating component 'arm_2_gz_ros2_control/GazeboSimSystem'.
[gz-1] [INFO] [1787854835.850736294] [resource_manager]: 'configure' hardware 'arm_2_gz_ros2_control/GazeboSimSystem' 
[gz-1] [INFO] [1787854835.850739003] [cite.cell_a.arm_2.gz_ros_control]: System Successfully configured!
[gz-1] [INFO] [1787854835.850742169] [resource_manager]: Successful 'configure' of hardware 'arm_2_gz_ros2_control/GazeboSimSystem'
[gz-1] [INFO] [1787854835.850751461] [resource_manager]: 'activate' hardware 'arm_2_gz_ros2_control/GazeboSimSystem' 
[gz-1] [INFO] [1787854835.850753461] [resource_manager]: Successful 'activate' of hardware 'arm_2_gz_ros2_control/GazeboSimSystem'
[gz-1] [WARN] [1787854835.850762419] [cite.cell_a.arm_2.controller_manager]: Component 'arm_2_XArmGripperSystem' does not have read or write statistics initialized, skipping registration.
[gz-1] [WARN] [1787854835.850764961] [cite.cell_a.arm_2.controller_manager]: Component 'arm_2_gz_ros2_control/GazeboSimSystem' does not have read or write statistics initialized, skipping registration.
[gz-1] [INFO] [1787854835.850768628] [cite.cell_a.arm_2.controller_manager]: Resource Manager has been successfully initialized. Starting Controller Manager services...
[gz-1] [1;33mWarning [parser_urdf.cc:1170][0m multiple inconsistent <self_collide> exists due to fixed joint reduction overwriting previous value [1] with [0].
[gz-1] [1;31m[Err] [SystemLoader.cc:92] [0m[1;31mFailed to load system plugin [[0m[1;31mlibgazebo_mimic_joint_plugin.so[0m[1;31m] : Could not find shared library.[0m[1;31m[0m
[gz-1] [1;31m[Err] [SystemLoader.cc:92] [0m[1;31mFailed to load system plugin [[0m[1;31mlibgazebo_mimic_joint_plugin.so[0m[1;31m] : Could not find shared library.[0m[1;31m[0m
[gz-1] [1;31m[Err] [SystemLoader.cc:92] [0m[1;31mFailed to load system plugin [[0m[1;31mlibgazebo_mimic_joint_plugin.so[0m[1;31m] : Could not find shared library.[0m[1;31m[0m
[gz-1] [1;31m[Err] [SystemLoader.cc:92] [0m[1;31mFailed to load system plugin [[0m[1;31mlibgazebo_mimic_joint_plugin.so[0m[1;31m] : Could not find shared library.[0m[1;31m[0m
[gz-1] [1;31m[Err] [SystemLoader.cc:92] [0m[1;31mFailed to load system plugin [[0m[1;31mlibgazebo_mimic_joint_plugin.so[0m[1;31m] : Could not find shared library.[0m[1;31m[0m
[gz-1] [INFO] [1787854837.901297087] [cite.cell_a.arm_1.gz_ros_control]: [gz_ros2_control] Fixed joint ['arm_1_mount_world_anchor'] (Entity='188') is skipped.
[gz-1] [INFO] [1787854837.903563087] [cite.cell_a.arm_1.gz_ros_control]: Loading controller_manager
[gz-1] [INFO] [1787854837.920321129] [cite.cell_a.arm_1.controller_manager]: Using ROS clock for triggering controller manager cycles.
[gz-1] [INFO] [1787854837.921494087] [cite.cell_a.arm_1.controller_manager]: Subscribing to '/cite/cell_a/arm_1/robot_description' topic for robot description.
[gz-1] [WARN] [1787854837.922861962] [cite.cell_a.arm_1.gz_ros_control]: Waiting RM to load and initialize hardware...
[gz-1] [INFO] [1787854837.933706129] [cite.cell_a.arm_1.controller_manager]: Received robot description from topic.
[gz-1] [INFO] [1787854837.934981504] [cite.cell_a.arm_1.gz_ros_control]: Using JointLimiter for joint 'arm_1_joint5' in hardware 'arm_1_gz_ros2_control/GazeboSimSystem' : '  has position limits: true [-6.28319, 6.28319]
[gz-1]   has velocity limits: true [3.14]
[gz-1]   has acceleration limits: false [nan]
[gz-1]   has deceleration limits: false [nan]
[gz-1]   has jerk limits: false [nan]
[gz-1]   has effort limits: true [20]
[gz-1]   angle wraparound: false'
[gz-1] [INFO] [1787854837.934996420] [cite.cell_a.arm_1.gz_ros_control]: Creating JointSaturationLimiter for joint 'arm_1_joint5' in hardware 'arm_1_gz_ros2_control/GazeboSimSystem'
[gz-1] [INFO] [1787854837.935004170] [cite.cell_a.arm_1.gz_ros_control]: Using JointLimiter for joint 'arm_1_joint4' in hardware 'arm_1_gz_ros2_control/GazeboSimSystem' : '  has position limits: true [-1.69297, 3.14159]
[gz-1]   has velocity limits: true [3.14]
[gz-1]   has acceleration limits: false [nan]
[gz-1]   has deceleration limits: false [nan]
[gz-1]   has jerk limits: false [nan]
[gz-1]   has effort limits: true [20]
[gz-1]   angle wraparound: false'
[gz-1] [INFO] [1787854837.935007254] [cite.cell_a.arm_1.gz_ros_control]: Creating JointSaturationLimiter for joint 'arm_1_joint4' in hardware 'arm_1_gz_ros2_control/GazeboSimSystem'
[gz-1] [INFO] [1787854837.935011045] [cite.cell_a.arm_1.gz_ros_control]: Using JointLimiter for joint 'arm_1_joint2' in hardware 'arm_1_gz_ros2_control/GazeboSimSystem' : '  has position limits: true [-2.059, 2.0944]
[gz-1]   has velocity limits: true [3.14]
[gz-1]   has acceleration limits: false [nan]
[gz-1]   has deceleration limits: false [nan]
[gz-1]   has jerk limits: false [nan]
[gz-1]   has effort limits: true [50]
[gz-1]   angle wraparound: false'
[gz-1] [INFO] [1787854837.935013795] [cite.cell_a.arm_1.gz_ros_control]: Creating JointSaturationLimiter for joint 'arm_1_joint2' in hardware 'arm_1_gz_ros2_control/GazeboSimSystem'
[gz-1] [INFO] [1787854837.935017462] [cite.cell_a.arm_1.gz_ros_control]: Using JointLimiter for joint 'arm_1_joint3' in hardware 'arm_1_gz_ros2_control/GazeboSimSystem' : '  has position limits: true [-3.927, 0.19198]
[gz-1]   has velocity limits: true [3.14]
[gz-1]   has acceleration limits: false [nan]
[gz-1]   has deceleration limits: false [nan]
[gz-1]   has jerk limits: false [nan]
[gz-1]   has effort limits: true [30]
[gz-1]   angle wraparound: false'
[gz-1] [INFO] [1787854837.935020045] [cite.cell_a.arm_1.gz_ros_control]: Creating JointSaturationLimiter for joint 'arm_1_joint3' in hardware 'arm_1_gz_ros2_control/GazeboSimSystem'
[gz-1] [INFO] [1787854837.935023420] [cite.cell_a.arm_1.gz_ros_control]: Using JointLimiter for joint 'arm_1_joint1' in hardware 'arm_1_gz_ros2_control/GazeboSimSystem' : '  has position limits: true [-6.28319, 6.28319]
[gz-1]   has velocity limits: true [3.14]
[gz-1]   has acceleration limits: false [nan]
[gz-1]   has deceleration limits: false [nan]
[gz-1]   has jerk limits: false [nan]
[gz-1]   has effort limits: true [50]
[gz-1]   angle wraparound: false'
[gz-1] [INFO] [1787854837.935037837] [cite.cell_a.arm_1.gz_ros_control]: Creating JointSaturationLimiter for joint 'arm_1_joint1' in hardware 'arm_1_gz_ros2_control/GazeboSimSystem'
[gz-1] [INFO] [1787854837.935043045] [cite.cell_a.arm_1.gz_ros_control]: Using JointLimiter for joint 'arm_1_right_inner_knuckle_joint' in hardware 'arm_1_XArmGripperSystem' : '  has position limits: true [0, 0.85]
[gz-1]   has velocity limits: true [2]
[gz-1]   has acceleration limits: false [nan]
[gz-1]   has deceleration limits: false [nan]
[gz-1]   has jerk limits: false [nan]
[gz-1]   has effort limits: true [50]
[gz-1]   angle wraparound: false'
[gz-1] [INFO] [1787854837.935045837] [cite.cell_a.arm_1.gz_ros_control]: Creating JointSaturationLimiter for joint 'arm_1_right_inner_knuckle_joint' in hardware 'arm_1_XArmGripperSystem'
[gz-1] [INFO] [1787854837.935050045] [cite.cell_a.arm_1.gz_ros_control]: Using JointLimiter for joint 'arm_1_right_finger_joint' in hardware 'arm_1_XArmGripperSystem' : '  has position limits: true [0, 0.85]
[gz-1]   has velocity limits: true [2]
[gz-1]   has acceleration limits: false [nan]
[gz-1]   has deceleration limits: false [nan]
[gz-1]   has jerk limits: false [nan]
[gz-1]   has effort limits: true [50]
[gz-1]   angle wraparound: false'
[gz-1] [INFO] [1787854837.935052629] [cite.cell_a.arm_1.gz_ros_control]: Creating JointSaturationLimiter for joint 'arm_1_right_finger_joint' in hardware 'arm_1_XArmGripperSystem'
[gz-1] [INFO] [1787854837.935056087] [cite.cell_a.arm_1.gz_ros_control]: Using JointLimiter for joint 'arm_1_right_outer_knuckle_joint' in hardware 'arm_1_XArmGripperSystem' : '  has position limits: true [0, 0.85]
[gz-1]   has velocity limits: true [2]
[gz-1]   has acceleration limits: false [nan]
[gz-1]   has deceleration limits: false [nan]
[gz-1]   has jerk limits: false [nan]
[gz-1]   has effort limits: true [50]
[gz-1]   angle wraparound: false'
[gz-1] [INFO] [1787854837.935058504] [cite.cell_a.arm_1.gz_ros_control]: Creating JointSaturationLimiter for joint 'arm_1_right_outer_knuckle_joint' in hardware 'arm_1_XArmGripperSystem'
[gz-1] [INFO] [1787854837.935061795] [cite.cell_a.arm_1.gz_ros_control]: Using JointLimiter for joint 'arm_1_left_inner_knuckle_joint' in hardware 'arm_1_XArmGripperSystem' : '  has position limits: true [0, 0.85]
[gz-1]   has velocity limits: true [2]
[gz-1]   has acceleration limits: false [nan]
[gz-1]   has deceleration limits: false [nan]
[gz-1]   has jerk limits: false [nan]
[gz-1]   has effort limits: true [50]
[gz-1]   angle wraparound: false'
[gz-1] [INFO] [1787854837.935064087] [cite.cell_a.arm_1.gz_ros_control]: Creating JointSaturationLimiter for joint 'arm_1_left_inner_knuckle_joint' in hardware 'arm_1_XArmGripperSystem'
[gz-1] [INFO] [1787854837.935067545] [cite.cell_a.arm_1.gz_ros_control]: Using JointLimiter for joint 'arm_1_left_finger_joint' in hardware 'arm_1_XArmGripperSystem' : '  has position limits: true [0, 0.85]
[gz-1]   has velocity limits: true [2]
[gz-1]   has acceleration limits: false [nan]
[gz-1]   has deceleration limits: false [nan]
[gz-1]   has jerk limits: false [nan]
[gz-1]   has effort limits: true [50]
[gz-1]   angle wraparound: false'
[gz-1] [INFO] [1787854837.935069754] [cite.cell_a.arm_1.gz_ros_control]: Creating JointSaturationLimiter for joint 'arm_1_left_finger_joint' in hardware 'arm_1_XArmGripperSystem'
[gz-1] [INFO] [1787854837.935073545] [cite.cell_a.arm_1.gz_ros_control]: Using JointLimiter for joint 'arm_1_drive_joint' in hardware 'arm_1_XArmGripperSystem' : '  has position limits: true [0, 0.85]
[gz-1]   has velocity limits: true [1]
[gz-1]   has acceleration limits: false [nan]
[gz-1]   has deceleration limits: false [nan]
[gz-1]   has jerk limits: false [nan]
[gz-1]   has effort limits: true [50]
[gz-1]   angle wraparound: false'
[gz-1] [INFO] [1787854837.935076087] [cite.cell_a.arm_1.gz_ros_control]: Creating JointSaturationLimiter for joint 'arm_1_drive_joint' in hardware 'arm_1_XArmGripperSystem'
[gz-1] [INFO] [1787854837.935080462] [cite.cell_a.arm_1.controller_manager]: Enforcing command limits is enabled...
[gz-1] [INFO] [1787854837.936032087] [cite.cell_a.arm_1.gz_ros_control]: The position_proportional_gain has been set to: 0.1
[gz-1] [INFO] [1787854837.936063754] [cite.cell_a.arm_1.gz_ros_control]: Loading joint: arm_1_joint1
[gz-1] [INFO] [1787854837.936078712] [cite.cell_a.arm_1.gz_ros_control]: 	State:
[gz-1] [INFO] [1787854837.936084462] [cite.cell_a.arm_1.gz_ros_control]: 		 position
[gz-1] [INFO] [1787854837.936087212] [cite.cell_a.arm_1.gz_ros_control]: 		 velocity
[gz-1] [INFO] [1787854837.936089962] [cite.cell_a.arm_1.gz_ros_control]: 	Command:
[gz-1] [INFO] [1787854837.936091837] [cite.cell_a.arm_1.gz_ros_control]: 		 position
[gz-1] [INFO] [1787854837.936098670] [cite.cell_a.arm_1.gz_ros_control]: 		 velocity
[gz-1] [INFO] [1787854837.936103879] [cite.cell_a.arm_1.gz_ros_control]: Loading joint: arm_1_joint2
[gz-1] [INFO] [1787854837.936105962] [cite.cell_a.arm_1.gz_ros_control]: 	State:
[gz-1] [INFO] [1787854837.936107754] [cite.cell_a.arm_1.gz_ros_control]: 		 position
[gz-1] [INFO] [1787854837.936109879] [cite.cell_a.arm_1.gz_ros_control]: 		 velocity
[gz-1] [INFO] [1787854837.936111545] [cite.cell_a.arm_1.gz_ros_control]: 	Command:
[gz-1] [INFO] [1787854837.936113129] [cite.cell_a.arm_1.gz_ros_control]: 		 position
[gz-1] [INFO] [1787854837.936117670] [cite.cell_a.arm_1.gz_ros_control]: 		 velocity
[gz-1] [INFO] [1787854837.936121837] [cite.cell_a.arm_1.gz_ros_control]: Loading joint: arm_1_joint3
[gz-1] [INFO] [1787854837.936123670] [cite.cell_a.arm_1.gz_ros_control]: 	State:
[gz-1] [INFO] [1787854837.936125504] [cite.cell_a.arm_1.gz_ros_control]: 		 position
[gz-1] [INFO] [1787854837.936127587] [cite.cell_a.arm_1.gz_ros_control]: 		 velocity
[gz-1] [INFO] [1787854837.936129379] [cite.cell_a.arm_1.gz_ros_control]: 	Command:
[gz-1] [INFO] [1787854837.936131129] [cite.cell_a.arm_1.gz_ros_control]: 		 position
[gz-1] [INFO] [1787854837.936134129] [cite.cell_a.arm_1.gz_ros_control]: 		 velocity
[gz-1] [INFO] [1787854837.936137712] [cite.cell_a.arm_1.gz_ros_control]: Loading joint: arm_1_joint4
[gz-1] [INFO] [1787854837.936142295] [cite.cell_a.arm_1.gz_ros_control]: 	State:
[gz-1] [INFO] [1787854837.936143962] [cite.cell_a.arm_1.gz_ros_control]: 		 position
[gz-1] [INFO] [1787854837.936145629] [cite.cell_a.arm_1.gz_ros_control]: 		 velocity
[gz-1] [INFO] [1787854837.936147212] [cite.cell_a.arm_1.gz_ros_control]: 	Command:
[gz-1] [INFO] [1787854837.936148754] [cite.cell_a.arm_1.gz_ros_control]: 		 position
[gz-1] [INFO] [1787854837.936151337] [cite.cell_a.arm_1.gz_ros_control]: 		 velocity
[gz-1] [INFO] [1787854837.936155295] [cite.cell_a.arm_1.gz_ros_control]: Loading joint: arm_1_joint5
[gz-1] [INFO] [1787854837.936157754] [cite.cell_a.arm_1.gz_ros_control]: 	State:
[gz-1] [INFO] [1787854837.936159587] [cite.cell_a.arm_1.gz_ros_control]: 		 position
[gz-1] [INFO] [1787854837.936161920] [cite.cell_a.arm_1.gz_ros_control]: 		 velocity
[gz-1] [INFO] [1787854837.936168629] [cite.cell_a.arm_1.gz_ros_control]: 	Command:
[gz-1] [INFO] [1787854837.936170420] [cite.cell_a.arm_1.gz_ros_control]: 		 position
[gz-1] [INFO] [1787854837.936175045] [cite.cell_a.arm_1.gz_ros_control]: 		 velocity
[gz-1] [INFO] [1787854837.936193712] [cite.cell_a.arm_1.controller_manager]: Initialize hardware 'arm_1_gz_ros2_control/GazeboSimSystem' 
[gz-1] [WARN] [1787854837.936199587] [cite.cell_a.arm_1.controller_manager.hardware_component.system.arm_1_gz_ros2_control/GazeboSimSystem]: Executor is not available during hardware component initialization for 'arm_1_gz_ros2_control/GazeboSimSystem'. Skipping node creation!
[gz-1] [INFO] [1787854837.936220587] [cite.cell_a.arm_1.controller_manager]: Successful initialization of hardware 'arm_1_gz_ros2_control/GazeboSimSystem'
[gz-1] [INFO] [1787854837.936292170] [cite.cell_a.arm_1.gz_ros_control]: The position_proportional_gain has been set to: 0.1
[gz-1] [INFO] [1787854837.936303712] [cite.cell_a.arm_1.gz_ros_control]: Loading joint: arm_1_drive_joint
[gz-1] [INFO] [1787854837.936311254] [cite.cell_a.arm_1.gz_ros_control]: 	State:
[gz-1] [INFO] [1787854837.936314504] [cite.cell_a.arm_1.gz_ros_control]: 		 position
[gz-1] [INFO] [1787854837.936318504] [cite.cell_a.arm_1.gz_ros_control]: 		 velocity
[gz-1] [INFO] [1787854837.936323379] [cite.cell_a.arm_1.gz_ros_control]: 	Command:
[gz-1] [INFO] [1787854837.936324920] [cite.cell_a.arm_1.gz_ros_control]: 		 position
[gz-1] [INFO] [1787854837.936331295] [cite.cell_a.arm_1.gz_ros_control]: 		 velocity
[gz-1] [INFO] [1787854837.936340504] [cite.cell_a.arm_1.gz_ros_control]: Loading joint: arm_1_left_finger_joint
[gz-1] [INFO] [1787854837.936343504] [cite.cell_a.arm_1.gz_ros_control]: Joint 'arm_1_left_finger_joint'is mimicking joint 'arm_1_drive_joint' with multiplier: 1 and offset: 0
[gz-1] [INFO] [1787854837.936352545] [cite.cell_a.arm_1.gz_ros_control]: 	State:
[gz-1] [INFO] [1787854837.936357587] [cite.cell_a.arm_1.gz_ros_control]: 		 position
[gz-1] [INFO] [1787854837.936363170] [cite.cell_a.arm_1.gz_ros_control]: 		 velocity
[gz-1] [INFO] [1787854837.936366337] [cite.cell_a.arm_1.gz_ros_control]: 	Command:
[gz-1] [INFO] [1787854837.936375879] [cite.cell_a.arm_1.gz_ros_control]: Loading joint: arm_1_left_inner_knuckle_joint
[gz-1] [INFO] [1787854837.936378545] [cite.cell_a.arm_1.gz_ros_control]: Joint 'arm_1_left_inner_knuckle_joint'is mimicking joint 'arm_1_drive_joint' with multiplier: 1 and offset: 0
[gz-1] [INFO] [1787854837.936380629] [cite.cell_a.arm_1.gz_ros_control]: 	State:
[gz-1] [INFO] [1787854837.936382337] [cite.cell_a.arm_1.gz_ros_control]: 		 position
[gz-1] [INFO] [1787854837.936384379] [cite.cell_a.arm_1.gz_ros_control]: 		 velocity
[gz-1] [INFO] [1787854837.936386129] [cite.cell_a.arm_1.gz_ros_control]: 	Command:
[gz-1] [INFO] [1787854837.936389795] [cite.cell_a.arm_1.gz_ros_control]: Loading joint: arm_1_right_outer_knuckle_joint
[gz-1] [INFO] [1787854837.936392087] [cite.cell_a.arm_1.gz_ros_control]: Joint 'arm_1_right_outer_knuckle_joint'is mimicking joint 'arm_1_drive_joint' with multiplier: 1 and offset: 0
[gz-1] [INFO] [1787854837.936394212] [cite.cell_a.arm_1.gz_ros_control]: 	State:
[gz-1] [INFO] [1787854837.936395795] [cite.cell_a.arm_1.gz_ros_control]: 		 position
[gz-1] [INFO] [1787854837.936397504] [cite.cell_a.arm_1.gz_ros_control]: 		 velocity
[gz-1] [INFO] [1787854837.936399087] [cite.cell_a.arm_1.gz_ros_control]: 	Command:
[gz-1] [INFO] [1787854837.936402504] [cite.cell_a.arm_1.gz_ros_control]: Loading joint: arm_1_right_finger_joint
[gz-1] [INFO] [1787854837.936404754] [cite.cell_a.arm_1.gz_ros_control]: Joint 'arm_1_right_finger_joint'is mimicking joint 'arm_1_drive_joint' with multiplier: 1 and offset: 0
[gz-1] [INFO] [1787854837.936407004] [cite.cell_a.arm_1.gz_ros_control]: 	State:
[gz-1] [INFO] [1787854837.936408587] [cite.cell_a.arm_1.gz_ros_control]: 		 position
[gz-1] [INFO] [1787854837.936411337] [cite.cell_a.arm_1.gz_ros_control]: 		 velocity
[gz-1] [INFO] [1787854837.936412962] [cite.cell_a.arm_1.gz_ros_control]: 	Command:
[gz-1] [INFO] [1787854837.936416462] [cite.cell_a.arm_1.gz_ros_control]: Loading joint: arm_1_right_inner_knuckle_joint
[gz-1] [INFO] [1787854837.936418837] [cite.cell_a.arm_1.gz_ros_control]: Joint 'arm_1_right_inner_knuckle_joint'is mimicking joint 'arm_1_drive_joint' with multiplier: 1 and offset: 0
[gz-1] [INFO] [1787854837.936421254] [cite.cell_a.arm_1.gz_ros_control]: 	State:
[gz-1] [INFO] [1787854837.936424545] [cite.cell_a.arm_1.gz_ros_control]: 		 position
[gz-1] [INFO] [1787854837.936426337] [cite.cell_a.arm_1.gz_ros_control]: 		 velocity
[gz-1] [INFO] [1787854837.936427962] [cite.cell_a.arm_1.gz_ros_control]: 	Command:
[gz-1] [INFO] [1787854837.936436754] [cite.cell_a.arm_1.controller_manager]: Initialize hardware 'arm_1_XArmGripperSystem' 
[gz-1] [WARN] [1787854837.936440670] [cite.cell_a.arm_1.controller_manager.hardware_component.system.arm_1_XArmGripperSystem]: Executor is not available during hardware component initialization for 'arm_1_XArmGripperSystem'. Skipping node creation!
[gz-1] [INFO] [1787854837.936450462] [cite.cell_a.arm_1.controller_manager]: Successful initialization of hardware 'arm_1_XArmGripperSystem'
[gz-1] [INFO] [1787854837.936540379] [cite.cell_a.arm_1.controller_manager]: Activating component 'arm_1_XArmGripperSystem'.
[gz-1] [INFO] [1787854837.936547754] [resource_manager]: 'configure' hardware 'arm_1_XArmGripperSystem' 
[gz-1] [INFO] [1787854837.936549504] [cite.cell_a.arm_1.gz_ros_control]: System Successfully configured!
[gz-1] [INFO] [1787854837.936552212] [resource_manager]: Successful 'configure' of hardware 'arm_1_XArmGripperSystem'
[gz-1] [INFO] [1787854837.936554670] [resource_manager]: 'activate' hardware 'arm_1_XArmGripperSystem' 
[gz-1] [INFO] [1787854837.936556962] [resource_manager]: Successful 'activate' of hardware 'arm_1_XArmGripperSystem'
[gz-1] [INFO] [1787854837.936574837] [cite.cell_a.arm_1.controller_manager]: Activating component 'arm_1_gz_ros2_control/GazeboSimSystem'.
[gz-1] [INFO] [1787854837.936580379] [resource_manager]: 'configure' hardware 'arm_1_gz_ros2_control/GazeboSimSystem' 
[gz-1] [INFO] [1787854837.936586045] [cite.cell_a.arm_1.gz_ros_control]: System Successfully configured!
[gz-1] [INFO] [1787854837.936599129] [resource_manager]: Successful 'configure' of hardware 'arm_1_gz_ros2_control/GazeboSimSystem'
[gz-1] [INFO] [1787854837.936603962] [resource_manager]: 'activate' hardware 'arm_1_gz_ros2_control/GazeboSimSystem' 
[gz-1] [INFO] [1787854837.936605587] [resource_manager]: Successful 'activate' of hardware 'arm_1_gz_ros2_control/GazeboSimSystem'
[gz-1] [WARN] [1787854837.936615629] [cite.cell_a.arm_1.controller_manager]: Component 'arm_1_XArmGripperSystem' does not have read or write statistics initialized, skipping registration.
[gz-1] [WARN] [1787854837.936618420] [cite.cell_a.arm_1.controller_manager]: Component 'arm_1_gz_ros2_control/GazeboSimSystem' does not have read or write statistics initialized, skipping registration.
[gz-1] [INFO] [1787854837.936622254] [cite.cell_a.arm_1.controller_manager]: Resource Manager has been successfully initialized. Starting Controller Manager services...
[gz-1] [INFO] [1787854838.044292545] [cite.cell_a.arm_1.controller_manager]: Loading controller : 'arm_1_joint_state_broadcaster' of type 'joint_state_broadcaster/JointStateBroadcaster'
[gz-1] [INFO] [1787854838.044345837] [cite.cell_a.arm_1.controller_manager]: Loading controller 'arm_1_joint_state_broadcaster'
[gz-1] [INFO] [1787854838.049397795] [cite.cell_a.arm_1.controller_manager]: Controller 'arm_1_joint_state_broadcaster' node arguments: --ros-args --params-file /workspace/workspace/install/cite_generated/share/cite_generated/control/cell_a_arm_1_controllers.yaml -p use_sim_time:=true --param use_sim_time:=true 
[spawner-14] [INFO] [1787854838.065902879] [spawn_arm_1_stage0]: Loaded arm_1_joint_state_broadcaster
[gz-1] [INFO] [1787854838.067032962] [cite.cell_a.arm_1.controller_manager]: Configuring controller: 'arm_1_joint_state_broadcaster'
[gz-1] [INFO] [1787854838.067191629] [cite.cell_a.arm_1.arm_1_joint_state_broadcaster]: 'joints' or 'interfaces' parameter is empty. All available state interfaces will be published
[gz-1] [INFO] [1787854838.077743795] [cite.cell_a.arm_1.controller_manager]: Activating controllers: [ arm_1_joint_state_broadcaster ]
[gz-1] [1;31m[Err] [Physics.cc:1808] [0m[1;31mAttempting to create a mimic constraint for joint [[0m[1;31marm_3_left_finger_joint[0m[1;31m] but the chosen physics engine does not support [0m[1;31mmimic constraints, so no constraint will be [0m[1;31mcreated.[0m[1;31m[0m
[detection_server-18] [INFO] [1787854840.148574130] [cite.cell_a.detection.detection_server]: 'beam_c3_out' first reported CLEAR
[detection_server-18] [INFO] [1787854840.148702546] [cite.cell_a.detection.detection_server]: 'beam_c2_out' first reported CLEAR
[detection_server-18] [INFO] [1787854840.148794796] [cite.cell_a.detection.detection_server]: 'beam_c1_out' first reported CLEAR
[detection_server-18] [INFO] [1787854840.148819005] [cite.cell_a.detection.detection_server]: 'beam_pick' first reported CLEAR
[gz-1] [WARN] [1787854840.150916005] [cite.cell_a.arm_3.gz_ros_control]:  Desired controller update period (0.00666667 s) is slower than the gazebo simulation period (0.001 s).
[gz-1] [WARN] [1787854840.151025796] [cite.cell_a.arm_2.gz_ros_control]:  Desired controller update period (0.00666667 s) is slower than the gazebo simulation period (0.001 s).
[gz-1] [WARN] [1787854840.151052963] [cite.cell_a.arm_1.gz_ros_control]:  Desired controller update period (0.00666667 s) is slower than the gazebo simulation period (0.001 s).
[gz-1] [INFO] [1787854840.157117171] [cite.cell_a.arm_1.controller_manager]: Successfully switched controllers!
[spawner-14] [INFO] [1787854840.165476671] [spawn_arm_1_stage0]: Configured and activated arm_1_joint_state_broadcaster
[INFO] [spawner-14]: process has finished cleanly [pid 123]
[INFO] [spawner-19]: process started with pid [538]
[spawner-19] [INFO] [1787854840.499756338] [spawn_arm_1_stage1]: waiting for service /cite/cell_a/arm_1/controller_manager/list_controllers to become available...
[gz-1] [INFO] [1787854842.007260797] [cite.cell_a.arm_1.controller_manager]: Loading controller : 'arm_1_gripper_controller' of type 'position_controllers/GripperActionController'
[gz-1] [INFO] [1787854842.007292047] [cite.cell_a.arm_1.controller_manager]: Loading controller 'arm_1_gripper_controller'
[gz-1] [INFO] [1787854842.009731672] [cite.cell_a.arm_1.controller_manager]: Controller 'arm_1_gripper_controller' node arguments: --ros-args --params-file /workspace/workspace/install/cite_generated/share/cite_generated/control/cell_a_arm_1_controllers.yaml -p use_sim_time:=true --param use_sim_time:=true 
[gz-1] [WARN] [1787854842.024689547] [cite.cell_a.arm_1.arm_1_gripper_controller]: [Deprecated]: the `position_controllers/GripperActionController` and `effort_controllers::GripperActionController` controllers are replaced by 'parallel_gripper_controllers/GripperActionController' controller
[spawner-19] [INFO] [1787854842.032414006] [spawn_arm_1_stage1]: Loaded arm_1_gripper_controller
[gz-1] [INFO] [1787854842.033535422] [cite.cell_a.arm_1.controller_manager]: Configuring controller: 'arm_1_gripper_controller'
[gz-1] [INFO] [1787854842.033617881] [cite.cell_a.arm_1.arm_1_gripper_controller]: Action status changes will be monitored at 20.000000 Hz.
[gz-1] [INFO] [1787854842.040667006] [cite.cell_a.arm_1.controller_manager]: Activating controllers: [ arm_1_gripper_controller ]
[gz-1] [INFO] [1787854842.050117922] [cite.cell_a.arm_1.controller_manager]: Successfully switched controllers!
[spawner-19] [INFO] [1787854842.057455672] [spawn_arm_1_stage1]: Configured and activated arm_1_gripper_controller
[gz-1] [INFO] [1787854842.058065589] [cite.cell_a.arm_1.controller_manager]: Loading controller : 'arm_1_joint_trajectory_controller' of type 'joint_trajectory_controller/JointTrajectoryController'
[gz-1] [INFO] [1787854842.058094964] [cite.cell_a.arm_1.controller_manager]: Loading controller 'arm_1_joint_trajectory_controller'
[gz-1] [INFO] [1787854842.061301756] [cite.cell_a.arm_1.controller_manager]: Controller 'arm_1_joint_trajectory_controller' node arguments: --ros-args --params-file /workspace/workspace/install/cite_generated/share/cite_generated/control/cell_a_arm_1_controllers.yaml -p use_sim_time:=true --param use_sim_time:=true 
[spawner-19] [INFO] [1787854842.086216547] [spawn_arm_1_stage1]: Loaded arm_1_joint_trajectory_controller
[gz-1] [INFO] [1787854842.086469922] [cite.cell_a.arm_1.controller_manager]: Configuring controller: 'arm_1_joint_trajectory_controller'
[gz-1] [INFO] [1787854842.086567172] [cite.cell_a.arm_1.arm_1_joint_trajectory_controller]: No specific joint names are used for command interfaces. Using 'joints' parameter.
[gz-1] [INFO] [1787854842.086606881] [cite.cell_a.arm_1.arm_1_joint_trajectory_controller]: Command interfaces are [position] and state interfaces are [position velocity].
[gz-1] [INFO] [1787854842.086631672] [cite.cell_a.arm_1.arm_1_joint_trajectory_controller]: Using 'splines' interpolation method.
[gz-1] [INFO] [1787854842.089655131] [cite.cell_a.arm_1.arm_1_joint_trajectory_controller]: Action status changes will be monitored at 20.00 Hz.
[gz-1] [INFO] [1787854842.094860422] [cite.cell_a.arm_1.arm_1_joint_trajectory_controller]: Setting initial scaling factor to 1.000000
[gz-1] [INFO] [1787854842.094878297] [cite.cell_a.arm_1.arm_1_joint_trajectory_controller]: No scaling interface set. This controller will not read speed scaling from the hardware.
[gz-1] [INFO] [1787854842.102058964] [cite.cell_a.arm_1.controller_manager]: Activating controllers: [ arm_1_joint_trajectory_controller ]
[gz-1] [INFO] [1787854842.106958631] [cite.cell_a.arm_1.controller_manager]: Successfully switched controllers!
[spawner-19] [INFO] [1787854842.114227089] [spawn_arm_1_stage1]: Configured and activated arm_1_joint_trajectory_controller
[INFO] [spawner-19]: process has finished cleanly [pid 538]
[INFO] [spawner-20]: process started with pid [556]
[spawner-20] [INFO] [1787854842.438532381] [spawn_arm_2_stage0]: waiting for service /cite/cell_a/arm_2/controller_manager/list_controllers to become available...
[gz-1] [INFO] [1787854845.199172507] [cite.cell_a.arm_2.controller_manager]: Loading controller : 'arm_2_joint_state_broadcaster' of type 'joint_state_broadcaster/JointStateBroadcaster'
[gz-1] [INFO] [1787854845.199211049] [cite.cell_a.arm_2.controller_manager]: Loading controller 'arm_2_joint_state_broadcaster'
[gz-1] [INFO] [1787854845.199923674] [cite.cell_a.arm_2.controller_manager]: Controller 'arm_2_joint_state_broadcaster' node arguments: --ros-args --params-file /workspace/workspace/install/cite_generated/share/cite_generated/control/cell_a_arm_2_controllers.yaml -p use_sim_time:=true --param use_sim_time:=true 
[spawner-20] [INFO] [1787854845.223390674] [spawn_arm_2_stage0]: Loaded arm_2_joint_state_broadcaster
[gz-1] [INFO] [1787854845.224896590] [cite.cell_a.arm_2.controller_manager]: Configuring controller: 'arm_2_joint_state_broadcaster'
[gz-1] [INFO] [1787854845.224949465] [cite.cell_a.arm_2.arm_2_joint_state_broadcaster]: 'joints' or 'interfaces' parameter is empty. All available state interfaces will be published
[gz-1] [INFO] [1787854845.230779590] [cite.cell_a.arm_2.controller_manager]: Activating controllers: [ arm_2_joint_state_broadcaster ]
[gz-1] [INFO] [1787854845.235609090] [cite.cell_a.arm_2.controller_manager]: Successfully switched controllers!
[spawner-20] [INFO] [1787854845.243310132] [spawn_arm_2_stage0]: Configured and activated arm_2_joint_state_broadcaster
[INFO] [spawner-20]: process has finished cleanly [pid 556]
[INFO] [spawner-21]: process started with pid [574]
[spawner-21] [INFO] [1787854845.581303299] [spawn_arm_2_stage1]: waiting for service /cite/cell_a/arm_2/controller_manager/list_controllers to become available...
[gz-1] [INFO] [1787854847.341533925] [cite.cell_a.arm_2.controller_manager]: Loading controller : 'arm_2_gripper_controller' of type 'position_controllers/GripperActionController'
[gz-1] [INFO] [1787854847.341647175] [cite.cell_a.arm_2.controller_manager]: Loading controller 'arm_2_gripper_controller'
[gz-1] [INFO] [1787854847.342318050] [cite.cell_a.arm_2.controller_manager]: Controller 'arm_2_gripper_controller' node arguments: --ros-args --params-file /workspace/workspace/install/cite_generated/share/cite_generated/control/cell_a_arm_2_controllers.yaml -p use_sim_time:=true --param use_sim_time:=true 
[gz-1] [WARN] [1787854847.358711591] [cite.cell_a.arm_2.arm_2_gripper_controller]: [Deprecated]: the `position_controllers/GripperActionController` and `effort_controllers::GripperActionController` controllers are replaced by 'parallel_gripper_controllers/GripperActionController' controller
[spawner-21] [INFO] [1787854847.360665258] [spawn_arm_2_stage1]: Loaded arm_2_gripper_controller
[gz-1] [INFO] [1787854847.362148925] [cite.cell_a.arm_2.controller_manager]: Configuring controller: 'arm_2_gripper_controller'
[gz-1] [INFO] [1787854847.362213716] [cite.cell_a.arm_2.arm_2_gripper_controller]: Action status changes will be monitored at 20.000000 Hz.
[gz-1] [INFO] [1787854847.369209841] [cite.cell_a.arm_2.controller_manager]: Activating controllers: [ arm_2_gripper_controller ]
[gz-1] [INFO] [1787854847.377507508] [cite.cell_a.arm_2.controller_manager]: Successfully switched controllers!
[spawner-21] [INFO] [1787854847.385930050] [spawn_arm_2_stage1]: Configured and activated arm_2_gripper_controller
[gz-1] [INFO] [1787854847.386861550] [cite.cell_a.arm_2.controller_manager]: Loading controller : 'arm_2_joint_trajectory_controller' of type 'joint_trajectory_controller/JointTrajectoryController'
[gz-1] [INFO] [1787854847.386889758] [cite.cell_a.arm_2.controller_manager]: Loading controller 'arm_2_joint_trajectory_controller'
[gz-1] [INFO] [1787854847.387509633] [cite.cell_a.arm_2.controller_manager]: Controller 'arm_2_joint_trajectory_controller' node arguments: --ros-args --params-file /workspace/workspace/install/cite_generated/share/cite_generated/control/cell_a_arm_2_controllers.yaml -p use_sim_time:=true --param use_sim_time:=true 
[spawner-21] [INFO] [1787854847.417357341] [spawn_arm_2_stage1]: Loaded arm_2_joint_trajectory_controller
[gz-1] [INFO] [1787854847.417741300] [cite.cell_a.arm_2.controller_manager]: Configuring controller: 'arm_2_joint_trajectory_controller'
[gz-1] [INFO] [1787854847.417851008] [cite.cell_a.arm_2.arm_2_joint_trajectory_controller]: No specific joint names are used for command interfaces. Using 'joints' parameter.
[gz-1] [INFO] [1787854847.417867300] [cite.cell_a.arm_2.arm_2_joint_trajectory_controller]: Command interfaces are [position] and state interfaces are [position velocity].
[gz-1] [INFO] [1787854847.417873216] [cite.cell_a.arm_2.arm_2_joint_trajectory_controller]: Using 'splines' interpolation method.
[gz-1] [INFO] [1787854847.420738133] [cite.cell_a.arm_2.arm_2_joint_trajectory_controller]: Action status changes will be monitored at 20.00 Hz.
[gz-1] [INFO] [1787854847.425962966] [cite.cell_a.arm_2.arm_2_joint_trajectory_controller]: Setting initial scaling factor to 1.000000
[gz-1] [INFO] [1787854847.425982800] [cite.cell_a.arm_2.arm_2_joint_trajectory_controller]: No scaling interface set. This controller will not read speed scaling from the hardware.
[gz-1] [INFO] [1787854847.431238175] [cite.cell_a.arm_2.controller_manager]: Activating controllers: [ arm_2_joint_trajectory_controller ]
[gz-1] [INFO] [1787854847.437009883] [cite.cell_a.arm_2.controller_manager]: Successfully switched controllers!
[spawner-21] [INFO] [1787854847.444354008] [spawn_arm_2_stage1]: Configured and activated arm_2_joint_trajectory_controller
[INFO] [spawner-21]: process has finished cleanly [pid 574]
[INFO] [spawner-22]: process started with pid [592]
[spawner-22] [INFO] [1787854847.781352217] [spawn_arm_3_stage0]: waiting for service /cite/cell_a/arm_3/controller_manager/list_controllers to become available...
[gz-1] [INFO] [1787854848.116758258] [cite.cell_a.arm_3.controller_manager]: Loading controller : 'arm_3_joint_state_broadcaster' of type 'joint_state_broadcaster/JointStateBroadcaster'
[gz-1] [INFO] [1787854848.116809592] [cite.cell_a.arm_3.controller_manager]: Loading controller 'arm_3_joint_state_broadcaster'
[gz-1] [INFO] [1787854848.117673967] [cite.cell_a.arm_3.controller_manager]: Controller 'arm_3_joint_state_broadcaster' node arguments: --ros-args --params-file /workspace/workspace/install/cite_generated/share/cite_generated/control/cell_a_arm_3_controllers.yaml -p use_sim_time:=true --param use_sim_time:=true 
[spawner-22] [INFO] [1787854848.138443842] [spawn_arm_3_stage0]: Loaded arm_3_joint_state_broadcaster
[gz-1] [INFO] [1787854848.139846342] [cite.cell_a.arm_3.controller_manager]: Configuring controller: 'arm_3_joint_state_broadcaster'
[gz-1] [INFO] [1787854848.139902258] [cite.cell_a.arm_3.arm_3_joint_state_broadcaster]: 'joints' or 'interfaces' parameter is empty. All available state interfaces will be published
[gz-1] [INFO] [1787854848.146131133] [cite.cell_a.arm_3.controller_manager]: Activating controllers: [ arm_3_joint_state_broadcaster ]
[gz-1] [INFO] [1787854848.152124300] [cite.cell_a.arm_3.controller_manager]: Successfully switched controllers!
[spawner-22] [INFO] [1787854848.159647883] [spawn_arm_3_stage0]: Configured and activated arm_3_joint_state_broadcaster
[INFO] [spawner-22]: process has finished cleanly [pid 592]
[INFO] [spawner-23]: process started with pid [610]
[spawner-23] [INFO] [1787854848.510642675] [spawn_arm_3_stage1]: waiting for service /cite/cell_a/arm_3/controller_manager/list_controllers to become available...
[gz-1] [INFO] [1787854849.265015134] [cite.cell_a.arm_3.controller_manager]: Loading controller : 'arm_3_gripper_controller' of type 'position_controllers/GripperActionController'
[gz-1] [INFO] [1787854849.265042009] [cite.cell_a.arm_3.controller_manager]: Loading controller 'arm_3_gripper_controller'
[gz-1] [INFO] [1787854849.265645051] [cite.cell_a.arm_3.controller_manager]: Controller 'arm_3_gripper_controller' node arguments: --ros-args --params-file /workspace/workspace/install/cite_generated/share/cite_generated/control/cell_a_arm_3_controllers.yaml -p use_sim_time:=true --param use_sim_time:=true 
[gz-1] [WARN] [1787854849.280507217] [cite.cell_a.arm_3.arm_3_gripper_controller]: [Deprecated]: the `position_controllers/GripperActionController` and `effort_controllers::GripperActionController` controllers are replaced by 'parallel_gripper_controllers/GripperActionController' controller
[spawner-23] [INFO] [1787854849.283333384] [spawn_arm_3_stage1]: Loaded arm_3_gripper_controller
[gz-1] [INFO] [1787854849.284382426] [cite.cell_a.arm_3.controller_manager]: Configuring controller: 'arm_3_gripper_controller'
[gz-1] [INFO] [1787854849.284433676] [cite.cell_a.arm_3.arm_3_gripper_controller]: Action status changes will be monitored at 20.000000 Hz.
[gz-1] [INFO] [1787854849.373889259] [cite.cell_a.arm_3.controller_manager]: Activating controllers: [ arm_3_gripper_controller ]
[gz-1] [INFO] [1787854849.379566592] [cite.cell_a.arm_3.controller_manager]: Successfully switched controllers!
[spawner-23] [INFO] [1787854849.387353717] [spawn_arm_3_stage1]: Configured and activated arm_3_gripper_controller
[gz-1] [INFO] [1787854849.387856717] [cite.cell_a.arm_3.controller_manager]: Loading controller : 'arm_3_joint_trajectory_controller' of type 'joint_trajectory_controller/JointTrajectoryController'
[gz-1] [INFO] [1787854849.387890176] [cite.cell_a.arm_3.controller_manager]: Loading controller 'arm_3_joint_trajectory_controller'
[gz-1] [INFO] [1787854849.388638092] [cite.cell_a.arm_3.controller_manager]: Controller 'arm_3_joint_trajectory_controller' node arguments: --ros-args --params-file /workspace/workspace/install/cite_generated/share/cite_generated/control/cell_a_arm_3_controllers.yaml -p use_sim_time:=true --param use_sim_time:=true 
[spawner-23] [INFO] [1787854849.418367134] [spawn_arm_3_stage1]: Loaded arm_3_joint_trajectory_controller
[gz-1] [INFO] [1787854849.418782509] [cite.cell_a.arm_3.controller_manager]: Configuring controller: 'arm_3_joint_trajectory_controller'
[gz-1] [INFO] [1787854849.418909926] [cite.cell_a.arm_3.arm_3_joint_trajectory_controller]: No specific joint names are used for command interfaces. Using 'joints' parameter.
[gz-1] [INFO] [1787854849.418930134] [cite.cell_a.arm_3.arm_3_joint_trajectory_controller]: Command interfaces are [position] and state interfaces are [position velocity].
[gz-1] [INFO] [1787854849.418938384] [cite.cell_a.arm_3.arm_3_joint_trajectory_controller]: Using 'splines' interpolation method.
[gz-1] [INFO] [1787854849.420611842] [cite.cell_a.arm_3.arm_3_joint_trajectory_controller]: Action status changes will be monitored at 20.00 Hz.
[gz-1] [INFO] [1787854849.426334551] [cite.cell_a.arm_3.arm_3_joint_trajectory_controller]: Setting initial scaling factor to 1.000000
[gz-1] [INFO] [1787854849.426355592] [cite.cell_a.arm_3.arm_3_joint_trajectory_controller]: No scaling interface set. This controller will not read speed scaling from the hardware.
[gz-1] [INFO] [1787854849.433311592] [cite.cell_a.arm_3.controller_manager]: Activating controllers: [ arm_3_joint_trajectory_controller ]
[gz-1] [INFO] [1787854849.439013051] [cite.cell_a.arm_3.controller_manager]: Successfully switched controllers!
[spawner-23] [INFO] [1787854849.446188551] [spawn_arm_3_stage1]: Configured and activated arm_3_joint_trajectory_controller
[INFO] [spawner-23]: process has finished cleanly [pid 610]
[INFO] [planning_scene_loader.py-24]: process started with pid [628]
[planning_scene_loader.py-24] [INFO] [1787854853.167420219] [cite.cell_a.arm_1.load_planning_scene_arm_1]: loaded 12 collision object(s) for zone 'cell_a' in cite_world
[INFO] [planning_scene_loader.py-24]: process has finished cleanly [pid 628]
[INFO] [planning_scene_loader.py-25]: process started with pid [643]
[planning_scene_loader.py-25] [INFO] [1787854856.130645346] [cite.cell_a.arm_2.load_planning_scene_arm_2]: loaded 12 collision object(s) for zone 'cell_a' in cite_world
[INFO] [planning_scene_loader.py-25]: process has finished cleanly [pid 643]
[INFO] [planning_scene_loader.py-26]: process started with pid [658]
[planning_scene_loader.py-26] [INFO] [1787854858.335297097] [cite.cell_a.arm_3.load_planning_scene_arm_3]: loaded 12 collision object(s) for zone 'cell_a' in cite_world
[INFO] [planning_scene_loader.py-26]: process has finished cleanly [pid 658]
[INFO] [skill_server-27]: process started with pid [679]
[INFO] [skill_server-28]: process started with pid [680]
[INFO] [skill_server-29]: process started with pid [681]
[skill_server-29] [WARN] [1787854859.069968639] [rcl.logging_rosout]: Publisher already registered for node name: 'skill_server'. If this is due to multiple nodes with the same name then all logs for the logger named 'cite.cell_a.arm_3.skill_server' will go out over the existing publisher. As soon as any node with that name is destructed it will unregister the publisher, preventing any further logs for that name from being published on the rosout topic.
[skill_server-27] [WARN] [1787854859.070149680] [rcl.logging_rosout]: Publisher already registered for node name: 'skill_server'. If this is due to multiple nodes with the same name then all logs for the logger named 'cite.cell_a.arm_1.skill_server' will go out over the existing publisher. As soon as any node with that name is destructed it will unregister the publisher, preventing any further logs for that name from being published on the rosout topic.
[skill_server-29] [INFO] [1787854859.080148680] [cite.cell_a.arm_3.skill_server.moveit.ros.rdf_loader]: Loaded robot model in 0 seconds
[skill_server-29] [INFO] [1787854859.080239055] [cite.cell_a.arm_3.skill_server.moveit.core.robot_model]: Loading robot model 'arm_3'...
[skill_server-29] [INFO] [1787854859.080259472] [cite.cell_a.arm_3.skill_server.moveit.core.robot_model]: No root/virtual joint specified in SRDF. Assuming fixed joint
[skill_server-27] [INFO] [1787854859.082248555] [cite.cell_a.arm_1.skill_server.moveit.ros.rdf_loader]: Loaded robot model in 0 seconds
[skill_server-27] [INFO] [1787854859.082331014] [cite.cell_a.arm_1.skill_server.moveit.core.robot_model]: Loading robot model 'arm_1'...
[skill_server-27] [INFO] [1787854859.082345430] [cite.cell_a.arm_1.skill_server.moveit.core.robot_model]: No root/virtual joint specified in SRDF. Assuming fixed joint
[skill_server-28] [WARN] [1787854859.084084555] [rcl.logging_rosout]: Publisher already registered for node name: 'skill_server'. If this is due to multiple nodes with the same name then all logs for the logger named 'cite.cell_a.arm_2.skill_server' will go out over the existing publisher. As soon as any node with that name is destructed it will unregister the publisher, preventing any further logs for that name from being published on the rosout topic.
[skill_server-28] [INFO] [1787854859.093354347] [cite.cell_a.arm_2.skill_server.moveit.ros.rdf_loader]: Loaded robot model in 0 seconds
[skill_server-28] [INFO] [1787854859.093430597] [cite.cell_a.arm_2.skill_server.moveit.core.robot_model]: Loading robot model 'arm_2'...
[skill_server-28] [INFO] [1787854859.093438889] [cite.cell_a.arm_2.skill_server.moveit.core.robot_model]: No root/virtual joint specified in SRDF. Assuming fixed joint
[skill_server-29] [INFO] [1787854859.145206722] [cite.cell_a.arm_3.skill_server.moveit.kinematics.kdl_kinematics_plugin]: Joint weights for group 'arm_3_xarm5': 1 1 1 1 1
[skill_server-27] [INFO] [1787854859.152153264] [cite.cell_a.arm_1.skill_server.moveit.kinematics.kdl_kinematics_plugin]: Joint weights for group 'arm_1_xarm5': 1 1 1 1 1
[skill_server-28] [INFO] [1787854859.164886264] [cite.cell_a.arm_2.skill_server.moveit.kinematics.kdl_kinematics_plugin]: Joint weights for group 'arm_2_xarm5': 1 1 1 1 1
[skill_server-29] [INFO] [1787854859.407458083] [cite.cell_a.arm_3.skill_server.moveit.ros.move_group_interface]: Ready to take commands for planning group arm_3_xarm5.
[skill_server-29] [INFO] [1787854859.407509291] [cite.cell_a.arm_3.skill_server]: planning for group 'arm_3_xarm5' with end effector 'arm_3_link_tcp' (planning frame 'arm_3_mount')
[skill_server-29] [INFO] [1787854859.407518250] [cite.cell_a.arm_3.skill_server]: planner: pilz_industrial_motion_planner/PTP, falling back to ompl (its own default planner) (ADR-0027)
[skill_server-28] [INFO] [1787854859.412411375] [cite.cell_a.arm_2.skill_server.moveit.ros.move_group_interface]: Ready to take commands for planning group arm_2_xarm5.
[skill_server-28] [INFO] [1787854859.412449833] [cite.cell_a.arm_2.skill_server]: planning for group 'arm_2_xarm5' with end effector 'arm_2_link_tcp' (planning frame 'arm_2_mount')
[skill_server-28] [INFO] [1787854859.412454083] [cite.cell_a.arm_2.skill_server]: planner: pilz_industrial_motion_planner/PTP, falling back to ompl (its own default planner) (ADR-0027)
[skill_server-27] [INFO] [1787854859.421828125] [cite.cell_a.arm_1.skill_server.moveit.ros.move_group_interface]: Ready to take commands for planning group arm_1_xarm5.
[skill_server-27] [INFO] [1787854859.421871750] [cite.cell_a.arm_1.skill_server]: planning for group 'arm_1_xarm5' with end effector 'arm_1_link_tcp' (planning frame 'arm_1_mount')
[skill_server-27] [INFO] [1787854859.421880541] [cite.cell_a.arm_1.skill_server]: planner: pilz_industrial_motion_planner/PTP, falling back to ompl (its own default planner) (ADR-0027)
[skill_server-29] [INFO] [1787854859.431339375] [cite.cell_a.arm_3.skill_server]: skills for arm_3 are accepting goals
[skill_server-28] [INFO] [1787854859.443193125] [cite.cell_a.arm_2.skill_server]: skills for arm_2 are accepting goals
[skill_server-27] [INFO] [1787854859.453465083] [cite.cell_a.arm_1.skill_server]: skills for arm_1 are accepting goals
[skill_server-27] [WARN] [1787854859.766136958] [cite.cell_a.arm_1.skill_server.rclcpp_action]: Failed to send goal response 123f43b1-5620-4812-afe1-c0d2376d029f (timeout): client will not receive response, at ./src/rmw_response.cpp:153, at ./src/rcl/service.c:400
FAIL
test_a_trajectory_executes (bringup.TestCellBringUp.test_a_trajectory_executes)
The arm moves when commanded, through the action the skills will use. ... [gz-1] [INFO] [1787854919.721154625] [cite.cell_a.arm_1.arm_1_joint_trajectory_controller]: Received new action goal
[gz-1] [INFO] [1787854919.721344791] [cite.cell_a.arm_1.arm_1_joint_trajectory_controller]: Accepted new action goal
[gz-1] [INFO] [1787854922.531158251] [cite.cell_a.arm_1.arm_1_joint_trajectory_controller]: Goal reached, success!
ok
test_every_controller_reaches_active (bringup.TestCellBringUp.test_every_controller_reaches_active)
Bring-up completes, on this machine, without any step being timed. ... ok
test_joint_states_are_actually_delivered (bringup.TestCellBringUp.test_joint_states_are_actually_delivered)
Not that a subscriber exists — that a message ARRIVES. ... ok
test_no_joint_name_is_shared_between_arms (bringup.TestCellBringUp.test_no_joint_name_is_shared_between_arms)
Two instances of one component type must never collide. ... ok
test_station_frames_resolve_against_the_world (bringup.TestCellBringUp.test_station_frames_resolve_against_the_world)
Without this an arm's model is a disconnected TF tree. ... ok
test_the_facility_publishes_its_model_version (bringup.TestCellBringUp.test_the_facility_publishes_its_model_version)
L6 stamps this into every recording. ... ok
test_the_gripper_linkage_is_actually_coupled (bringup.TestCellBringUp.test_the_gripper_linkage_is_actually_coupled)
The five follower joints track `drive_joint`, rather than merely existing. ... [gz-1] [INFO] [1787854922.682694459] [cite.cell_a.arm_1.arm_1_gripper_controller]: Received & accepted new action goal
[gz-1] [ERROR] [1787854922.688008459] [cite.cell_a.arm_1.controller_manager]: Command of at least one joint is out of limits (throttled log). Joint: 'arm_1_drive_joint', (actual: [Joint: 'arm_1_drive_joint', position: 0.000097, velocity: -0.000000], command: [Joint: 'arm_1_drive_joint', position: 0.400000], limited: [Joint: 'arm_1_drive_joint', position: 0.006764]) with desired period : 0.006667 sec.
ok

======================================================================
FAIL: test_a_skill_moves_the_arm_to_its_home_configuration (bringup.TestCellBringUp.test_a_skill_moves_the_arm_to_its_home_configuration)
The vertical slice, end to end: L3 goal -> MoveIt -> ros2_control.
----------------------------------------------------------------------
Traceback (most recent call last):
  File "/workspace/tests/scenarios/bringup.py", line 484, in test_a_skill_moves_the_arm_to_its_home_configuration
    self.assertIsNotNone(handle, "the MoveTo goal was never accepted")
AssertionError: unexpectedly None : the MoveTo goal was never accepted

----------------------------------------------------------------------
Ran 8 tests in 91.759s

FAILED (failures=1)
[INFO] [skill_server-29]: sending signal 'SIGINT' to process[skill_server-29]
[INFO] [skill_server-28]: sending signal 'SIGINT' to process[skill_server-28]
[INFO] [skill_server-27]: sending signal 'SIGINT' to process[skill_server-27]
[INFO] [detection_server-18]: sending signal 'SIGINT' to process[detection_server-18]
[INFO] [move_group-17]: sending signal 'SIGINT' to process[move_group-17]
[INFO] [move_group-16]: sending signal 'SIGINT' to process[move_group-16]
[INFO] [move_group-15]: sending signal 'SIGINT' to process[move_group-15]
[INFO] [topology_server.py-13]: sending signal 'SIGINT' to process[topology_server.py-13]
[INFO] [model_info.py-12]: sending signal 'SIGINT' to process[model_info.py-12]
[INFO] [frame_server.py-11]: sending signal 'SIGINT' to process[frame_server.py-11]
[INFO] [robot_state_publisher-9]: sending signal 'SIGINT' to process[robot_state_publisher-9]
[INFO] [robot_state_publisher-7]: sending signal 'SIGINT' to process[robot_state_publisher-7]
[INFO] [robot_state_publisher-5]: sending signal 'SIGINT' to process[robot_state_publisher-5]
[INFO] [robot_state_publisher-3]: sending signal 'SIGINT' to process[robot_state_publisher-3]
[INFO] [parameter_bridge-2]: sending signal 'SIGINT' to process[parameter_bridge-2]
[INFO] [gz-1]: sending signal 'SIGINT' to process[gz-1]
[skill_server-29] [INFO] [1787854923.949536752] [rclcpp]: signal_handler(SIGINT/SIGTERM)
[skill_server-28] [INFO] [1787854923.952513752] [rclcpp]: signal_handler(SIGINT/SIGTERM)
[skill_server-29] Warning: class_loader.ClassLoader: SEVERE WARNING!!! Attempting to unload library while objects created by this loader exist in the heap! You should delete your objects before attempting to unload the library or destroying the ClassLoader. The library will NOT be unloaded.
[skill_server-29]          at line 127 in ./src/class_loader.cpp
[skill_server-27] [INFO] [1787854923.955483585] [rclcpp]: signal_handler(SIGINT/SIGTERM)
[skill_server-28] Warning: class_loader.ClassLoader: SEVERE WARNING!!! Attempting to unload library while objects created by this loader exist in the heap! You should delete your objects before attempting to unload the library or destroying the ClassLoader. The library will NOT be unloaded.
[skill_server-28]          at line 127 in ./src/class_loader.cpp
[detection_server-18] [INFO] [1787854923.959290877] [rclcpp]: signal_handler(SIGINT/SIGTERM)
[skill_server-27] Warning: class_loader.ClassLoader: SEVERE WARNING!!! Attempting to unload library while objects created by this loader exist in the heap! You should delete your objects before attempting to unload the library or destroying the ClassLoader. The library will NOT be unloaded.
[skill_server-27]          at line 127 in ./src/class_loader.cpp
[move_group-17] [INFO] [1787854923.963819085] [rclcpp]: signal_handler(SIGINT/SIGTERM)
[move_group-16] [INFO] [1787854923.966446127] [rclcpp]: signal_handler(SIGINT/SIGTERM)
[move_group-15] [INFO] [1787854923.969911210] [rclcpp]: signal_handler(SIGINT/SIGTERM)
[robot_state_publisher-9] [INFO] [1787854923.991166502] [rclcpp]: signal_handler(SIGINT/SIGTERM)
[robot_state_publisher-7] [INFO] [1787854923.997994627] [rclcpp]: signal_handler(SIGINT/SIGTERM)
[robot_state_publisher-5] [INFO] [1787854924.008740293] [rclcpp]: signal_handler(SIGINT/SIGTERM)
[robot_state_publisher-3] [INFO] [1787854924.011371543] [rclcpp]: signal_handler(SIGINT/SIGTERM)
[parameter_bridge-2] [INFO] [1787854924.014717585] [rclcpp]: signal_handler(SIGINT/SIGTERM)
[move_group-16] [INFO] [1787854924.055414168] [cite.cell_a.arm_2.move_group.moveit.ros.moveit_cpp]: Deleting MoveItCpp
[move_group-15] [INFO] [1787854924.066066210] [cite.cell_a.arm_1.move_group.moveit.ros.moveit_cpp]: Deleting MoveItCpp
[move_group-16] Stack trace (most recent call last):
[move_group-17] [INFO] [1787854924.077089627] [cite.cell_a.arm_3.move_group.moveit.ros.moveit_cpp]: Deleting MoveItCpp
[move_group-15] Stack trace (most recent call last):
[move_group-16] #15   Object "/usr/lib/aarch64-linux-gnu/ld-linux-aarch64.so.1", at 0xffffffffffffffff, in 
[move_group-15] #15   Object "/usr/lib/aarch64-linux-gnu/ld-linux-aarch64.so.1", at 0xffffffffffffffff, in 
[move_group-17] Stack trace (most recent call last):
[move_group-16] #14   Object "/opt/ros/jazzy/lib/moveit_ros_move_group/move_group", at 0xaaaae67a1d6f, in _start
[move_group-15] #14   Object "/opt/ros/jazzy/lib/moveit_ros_move_group/move_group", at 0xaaaab9db1d6f, in _start
[move_group-17] #15   Object "/usr/lib/aarch64-linux-gnu/ld-linux-aarch64.so.1", at 0xffffffffffffffff, in 
[move_group-17] #14   Object "/opt/ros/jazzy/lib/moveit_ros_move_group/move_group", at 0xaaaac6201d6f, in _start
[INFO] [skill_server-29]: process has finished cleanly [pid 681]
[move_group-15] #13   Source "../csu/libc-start.c", line 360, in __libc_start_main_impl [0xffffa8068597]
[move_group-16] #13   Source "../csu/libc-start.c", line 360, in __libc_start_main_impl [0xffffad868597]
[move_group-15] #12   Source "../sysdeps/nptl/libc_start_call_main.h", line 58, in __aarch64_ldadd4_relax [0xffffa80684c3]
[move_group-15] #11   Object "/opt/ros/jazzy/lib/moveit_ros_move_group/move_group", at 0xaaaab9db0a67, in main
[move_group-15] #10   Object "/opt/ros/jazzy/lib/moveit_ros_move_group/move_group", at 0xaaaab9db36f7, in 
[move_group-16] #12   Source "../sysdeps/nptl/libc_start_call_main.h", line 58, in __aarch64_ldadd4_relax [0xffffad8684c3]
[move_group-16] #11   Object "/opt/ros/jazzy/lib/moveit_ros_move_group/move_group", at 0xaaaae67a0a67, in main
[move_group-16] #10   Object "/opt/ros/jazzy/lib/moveit_ros_move_group/move_group", at 0xaaaae67a36f7, in 
[move_group-15] #9    Object "/opt/ros/jazzy/lib/libmoveit_cpp.so.2.12.4", at 0xffffa8ce9e5f, in moveit_cpp::MoveItCpp::~MoveItCpp()
[move_group-15] #8    Object "/opt/ros/jazzy/lib/libmoveit_cpp.so.2.12.4", at 0xffffa8ce9c57, in 
[move_group-16] #9    Object "/opt/ros/jazzy/lib/libmoveit_cpp.so.2.12.4", at 0xffffae569e5f, in moveit_cpp::MoveItCpp::~MoveItCpp()
[move_group-16] #8    Object "/opt/ros/jazzy/lib/libmoveit_cpp.so.2.12.4", at 0xffffae569c57, in 
[move_group-15] #7    Object "/opt/ros/jazzy/lib/libmoveit_trajectory_execution_manager.so.2.12.4", at 0xffffa7e258ff, in trajectory_execution_manager::TrajectoryExecutionManager::~TrajectoryExecutionManager()
[move_group-15] #6    Object "/opt/ros/jazzy/lib/libmoveit_trajectory_execution_manager.so.2.12.4", at 0xffffa7e36c5f, in 
[move_group-16] #7    Object "/opt/ros/jazzy/lib/libmoveit_trajectory_execution_manager.so.2.12.4", at 0xffffad6d58ff, in trajectory_execution_manager::TrajectoryExecutionManager::~TrajectoryExecutionManager()
[move_group-16] #6    Object "/opt/ros/jazzy/lib/libmoveit_trajectory_execution_manager.so.2.12.4", at 0xffffad6e6c5f, in 
[move_group-15] #5    Object "/opt/ros/jazzy/lib/librclcpp.so", at 0xffffa87335c3, in rclcpp::Node::~Node()
[move_group-15] #4    Object "/opt/ros/jazzy/lib/librclcpp.so", at 0xffffa86cc4cf, in 
[move_group-16] #5    Object "/opt/ros/jazzy/lib/librclcpp.so", at 0xffffadf335c3, in rclcpp::Node::~Node()
[move_group-16] #4    Object "/opt/ros/jazzy/lib/librclcpp.so", at 0xffffadecc4cf, in 
[move_group-15] #3    Object "/opt/ros/jazzy/lib/librclcpp.so", at 0xffffa8731c17, in 
[move_group-15] #2    Object "/opt/ros/jazzy/lib/librclcpp.so", at 0xffffa8731b57, in rclcpp::node_interfaces::NodeBase::~NodeBase()
[move_group-15] #1    Object "/opt/ros/jazzy/lib/librclcpp.so", at 0xffffa86cc5ab, in 
[move_group-16] #3    Object "/opt/ros/jazzy/lib/librclcpp.so", at 0xffffadf31c17, in 
[move_group-16] #2    Object "/opt/ros/jazzy/lib/librclcpp.so", at 0xffffadf31b57, in rclcpp::node_interfaces::NodeBase::~NodeBase()
[move_group-16] #1    Object "/opt/ros/jazzy/lib/librclcpp.so", at 0xffffadecc5ab, in 
[move_group-15] #0    Object "/opt/ros/jazzy/lib/librclcpp.so", at 0xffffa86d1384, in rclcpp::CallbackGroup::~CallbackGroup()
[move_group-15] Segmentation fault (Address not mapped to object [0xffff9823ddc0])
[move_group-16] #0    Object "/opt/ros/jazzy/lib/librclcpp.so", at 0xffffaded1384, in rclcpp::CallbackGroup::~CallbackGroup()
[move_group-16] Segmentation fault (Address not mapped to object [0xffff9aadddc0])
[move_group-17] #13   Source "../csu/libc-start.c", line 360, in __libc_start_main_impl [0xffff90068597]
[move_group-17] #12   Source "../sysdeps/nptl/libc_start_call_main.h", line 58, in __aarch64_ldadd4_relax [0xffff900684c3]
[move_group-17] #11   Object "/opt/ros/jazzy/lib/moveit_ros_move_group/move_group", at 0xaaaac6200a67, in main
[move_group-17] #10   Object "/opt/ros/jazzy/lib/moveit_ros_move_group/move_group", at 0xaaaac62036f7, in 
[move_group-17] #9    Object "/opt/ros/jazzy/lib/libmoveit_cpp.so.2.12.4", at 0xffff90cb9e5f, in moveit_cpp::MoveItCpp::~MoveItCpp()
[move_group-17] #8    Object "/opt/ros/jazzy/lib/libmoveit_cpp.so.2.12.4", at 0xffff90cb9c57, in 
[move_group-17] #7    Object "/opt/ros/jazzy/lib/libmoveit_trajectory_execution_manager.so.2.12.4", at 0xffff8fde58ff, in trajectory_execution_manager::TrajectoryExecutionManager::~TrajectoryExecutionManager()
[move_group-17] #6    Object "/opt/ros/jazzy/lib/libmoveit_trajectory_execution_manager.so.2.12.4", at 0xffff8fdf6c5f, in 
[move_group-17] #5    Object "/opt/ros/jazzy/lib/librclcpp.so", at 0xffff907335c3, in rclcpp::Node::~Node()
[move_group-17] #4    Object "/opt/ros/jazzy/lib/librclcpp.so", at 0xffff906cc4cf, in 
[move_group-17] #3    Object "/opt/ros/jazzy/lib/librclcpp.so", at 0xffff90731c17, in 
[move_group-17] #2    Object "/opt/ros/jazzy/lib/librclcpp.so", at 0xffff90731b57, in rclcpp::node_interfaces::NodeBase::~NodeBase()
[move_group-17] #1    Object "/opt/ros/jazzy/lib/librclcpp.so", at 0xffff906cc5ab, in 
[move_group-17] #0    Object "/opt/ros/jazzy/lib/librclcpp.so", at 0xffff906d1384, in rclcpp::CallbackGroup::~CallbackGroup()
[move_group-17] Segmentation fault (Address not mapped to object [0xffff801eddc0])
[INFO] [skill_server-27]: process has finished cleanly [pid 679]
[INFO] [robot_state_publisher-7]: process has finished cleanly [pid 93]
[INFO] [detection_server-18]: process has finished cleanly [pid 206]
[INFO] [skill_server-28]: process has finished cleanly [pid 680]
[ERROR] [move_group-16]: process has died [pid 155, exit code -11, cmd '/opt/ros/jazzy/lib/moveit_ros_move_group/move_group --ros-args -r __node:=move_group -r __ns:=/cite/cell_a/arm_2 --params-file /tmp/launch_params_m5_9u699 --params-file /tmp/launch_params_0gmbubul --params-file /tmp/launch_params_zwga_idm --params-file /tmp/launch_params_mqefbgl6 --params-file /tmp/launch_params_aj7du1vw --params-file /tmp/launch_params__ua89z0q -r /tf:=/tf -r /tf_static:=/tf_static'].
[ERROR] [move_group-17]: process has died [pid 205, exit code -11, cmd '/opt/ros/jazzy/lib/moveit_ros_move_group/move_group --ros-args -r __node:=move_group -r __ns:=/cite/cell_a/arm_3 --params-file /tmp/launch_params_rgybnux6 --params-file /tmp/launch_params_g8f_drkh --params-file /tmp/launch_params_7xho4af4 --params-file /tmp/launch_params_cbxn_4u2 --params-file /tmp/launch_params_tmj6sxme --params-file /tmp/launch_params_53951xww -r /tf:=/tf -r /tf_static:=/tf_static'].
[INFO] [robot_state_publisher-3]: process has finished cleanly [pid 89]
[ERROR] [move_group-15]: process has died [pid 148, exit code -11, cmd '/opt/ros/jazzy/lib/moveit_ros_move_group/move_group --ros-args -r __node:=move_group -r __ns:=/cite/cell_a/arm_1 --params-file /tmp/launch_params_mk4nvzes --params-file /tmp/launch_params_0qmqltol --params-file /tmp/launch_params_0k5ank__ --params-file /tmp/launch_params_wuyrvra3 --params-file /tmp/launch_params_hll_vg88 --params-file /tmp/launch_params_7qn7q5rl -r /tf:=/tf -r /tf_static:=/tf_static'].
[INFO] [robot_state_publisher-9]: process has finished cleanly [pid 95]
[INFO] [parameter_bridge-2]: process has finished cleanly [pid 88]
[INFO] [robot_state_publisher-5]: process has finished cleanly [pid 91]
[INFO] [model_info.py-12]: process has finished cleanly [pid 98]
[gz-1] [INFO] [1787854924.188917793] [cite.cell_a.arm_3.controller_manager.pal_statistics]: Async messages lost 0
[gz-1] [INFO] [1787854924.188977627] [cite.cell_a.arm_3.controller_manager.pal_statistics]: publish_async_failures_ 1180
[gz-1] [INFO] [1787854924.191899752] [cite.cell_a.arm_3.controller_manager.pal_statistics]: Async messages lost 0
[gz-1] [INFO] [1787854924.191954418] [cite.cell_a.arm_3.controller_manager.pal_statistics]: publish_async_failures_ 100
[INFO] [topology_server.py-13]: process has finished cleanly [pid 115]
[INFO] [frame_server.py-11]: process has finished cleanly [pid 97]
[INFO] [gz-1]: process has finished cleanly [pid 87]
[INFO] [launch]: process[gz-1] was required: shutting down launched system
[ERROR] [launch]: Caught exception in launch (see debug for traceback): Cannot shutdown a ROS adapter that is not running
test_nothing_of_ours_exited_badly (bringup.TestCleanShutdown.test_nothing_of_ours_exited_badly) ... ok

----------------------------------------------------------------------
Ran 1 test in 0.000s

OK

Failing assertions
  cycle    bringup.TestCellBringUp.test_a_skill_moves_the_arm_to_its_home_configuration
           AssertionError: unexpectedly None : the MoveTo goal was never accepted
error Scenario 'bringup' failed — 1 cycle assertion(s) failed

