==> Not a ROS environment — running 'scenario' inside the container
warn Seed 20260824 reaches 'gz sim --seed' only — this run is not reproducible.
warn   That seeds gz::math::Rand: sensor noise and transport RNG.
warn   It does NOT seed the physics solver.
warn   Planning: what is PROVEN is that one move_group answers an identical request
warn   identically within one process (cite_skills' planning-pipeline launch test).
==> Running scenario 'bringup' on DDS domain 83
warn   That is repeatability, not scenario determinism, and it holds only where Pilz
warn   answered; the OMPL fallback is unseeded and unseedable (ADR-0006). Grep this
warn   run's log for 'planner fallback:' to see which motions took it, and for
warn   'planner fallback declined:' for the ones that refused a substitute.
[INFO] [launch]: All log files can be found below /home/cite/.ros/log/2026-08-27-18-16-12-507814-6984ba155f8b-50
[INFO] [launch]: Default logging verbosity is set to INFO
[INFO] [launch.user]: Bringing up zone cell_a: scene plus 3 arm(s)
test_a_skill_moves_the_arm_to_its_home_configuration (bringup.TestCellBringUp.test_a_skill_moves_the_arm_to_its_home_configuration)
The vertical slice, end to end: L3 goal -> MoveIt -> ros2_control. ... [INFO] [gz-1]: process started with pid [88]
[INFO] [parameter_bridge-2]: process started with pid [89]
[INFO] [robot_state_publisher-3]: process started with pid [90]
[INFO] [create-4]: process started with pid [91]
[INFO] [robot_state_publisher-5]: process started with pid [92]
[INFO] [create-6]: process started with pid [93]
[INFO] [robot_state_publisher-7]: process started with pid [94]
[INFO] [create-8]: process started with pid [95]
[INFO] [robot_state_publisher-9]: process started with pid [96]
[INFO] [create-10]: process started with pid [97]
[INFO] [frame_server.py-11]: process started with pid [98]
[INFO] [model_info.py-12]: process started with pid [109]
[INFO] [topology_server.py-13]: process started with pid [123]
[INFO] [spawner-14]: process started with pid [155]
[INFO] [move_group-15]: process started with pid [167]
[INFO] [move_group-16]: process started with pid [181]
[INFO] [move_group-17]: process started with pid [182]
[INFO] [detection_server-18]: process started with pid [183]
[robot_state_publisher-3] [INFO] [1787854573.566885215] [scene_description_publisher]: Robot initialized
[robot_state_publisher-5] [INFO] [1787854573.567309131] [cite.cell_a.arm_1.description_publisher]: Robot initialized
[create-6] [INFO] [1787854573.573275423] [spawn_arm_1]: Requesting list of world names.
[robot_state_publisher-9] [INFO] [1787854573.561633881] [cite.cell_a.arm_3.description_publisher]: Robot initialized
[robot_state_publisher-7] [INFO] [1787854573.581460173] [cite.cell_a.arm_2.description_publisher]: Robot initialized
[create-10] [INFO] [1787854573.585257215] [spawn_arm_3]: Requesting list of world names.
[create-4] [INFO] [1787854573.591745798] [spawn_scene]: Requesting list of world names.
[parameter_bridge-2] [INFO] [1787854573.609840798] [gz_bridge]: Creating GZ->ROS Bridge: [/clock (gz.msgs.Clock) -> /clock (rosgraph_msgs/msg/Clock)] (Lazy 0)
[parameter_bridge-2] [INFO] [1787854573.610564465] [gz_bridge]: Creating ROS->GZ Bridge: [/cite/cell_a/conveyor_1/command (std_msgs/msg/Float64) -> /cite/cell_a/conveyor_1/command (gz.msgs.Double)] (Lazy 0)
[create-8] [INFO] [1787854573.610600131] [spawn_arm_2]: Requesting list of world names.
[parameter_bridge-2] [INFO] [1787854573.611328631] [gz_bridge]: Creating GZ->ROS Bridge: [/cite/cell_a/conveyor_1/state (gz.msgs.Double) -> /cite/cell_a/conveyor_1/state (std_msgs/msg/Float64)] (Lazy 0)
[parameter_bridge-2] [INFO] [1787854573.611520881] [gz_bridge]: Creating ROS->GZ Bridge: [/cite/cell_a/conveyor_2/command (std_msgs/msg/Float64) -> /cite/cell_a/conveyor_2/command (gz.msgs.Double)] (Lazy 0)
[parameter_bridge-2] [INFO] [1787854573.611720798] [gz_bridge]: Creating GZ->ROS Bridge: [/cite/cell_a/conveyor_2/state (gz.msgs.Double) -> /cite/cell_a/conveyor_2/state (std_msgs/msg/Float64)] (Lazy 0)
[parameter_bridge-2] [INFO] [1787854573.611868048] [gz_bridge]: Creating ROS->GZ Bridge: [/cite/cell_a/conveyor_3/command (std_msgs/msg/Float64) -> /cite/cell_a/conveyor_3/command (gz.msgs.Double)] (Lazy 0)
[parameter_bridge-2] [INFO] [1787854573.612055423] [gz_bridge]: Creating GZ->ROS Bridge: [/cite/cell_a/conveyor_3/state (gz.msgs.Double) -> /cite/cell_a/conveyor_3/state (std_msgs/msg/Float64)] (Lazy 0)
[parameter_bridge-2] [INFO] [1787854573.612238215] [gz_bridge]: Creating GZ->ROS Bridge: [/cite/cell_a/beam_c1_out/detection (gz.msgs.Boolean) -> /cite/cell_a/beam_c1_out/detection (std_msgs/msg/Bool)] (Lazy 0)
[parameter_bridge-2] [INFO] [1787854573.612473756] [gz_bridge]: Creating GZ->ROS Bridge: [/cite/cell_a/beam_c2_out/detection (gz.msgs.Boolean) -> /cite/cell_a/beam_c2_out/detection (std_msgs/msg/Bool)] (Lazy 0)
[parameter_bridge-2] [INFO] [1787854573.612632923] [gz_bridge]: Creating GZ->ROS Bridge: [/cite/cell_a/beam_c3_out/detection (gz.msgs.Boolean) -> /cite/cell_a/beam_c3_out/detection (std_msgs/msg/Bool)] (Lazy 0)
[parameter_bridge-2] [INFO] [1787854573.612832590] [gz_bridge]: Creating GZ->ROS Bridge: [/cite/cell_a/beam_pick/detection (gz.msgs.Boolean) -> /cite/cell_a/beam_pick/detection (std_msgs/msg/Bool)] (Lazy 0)
[move_group-17] [WARN] [1787854573.659486256] [rcl.logging_rosout]: Publisher already registered for node name: 'move_group'. If this is due to multiple nodes with the same name then all logs for the logger named 'cite.cell_a.arm_3.move_group' will go out over the existing publisher. As soon as any node with that name is destructed it will unregister the publisher, preventing any further logs for that name from being published on the rosout topic.
[detection_server-18] [INFO] [1787854573.664680090] [cite.cell_a.detection.detection_server]: watching 'beam_c1_out' on '/cite/cell_a/beam_c1_out/detection_level', publishing events on '/cite/cell_a/beam_c1_out/detection'
[detection_server-18] [INFO] [1787854573.666069548] [cite.cell_a.detection.detection_server]: watching 'beam_c2_out' on '/cite/cell_a/beam_c2_out/detection_level', publishing events on '/cite/cell_a/beam_c2_out/detection'
[move_group-17] [WARN] [1787854573.666165715] [rcl.logging_rosout]: Publisher already registered for node name: 'move_group'. If this is due to multiple nodes with the same name then all logs for the logger named 'cite.cell_a.arm_3.move_group' will go out over the existing publisher. As soon as any node with that name is destructed it will unregister the publisher, preventing any further logs for that name from being published on the rosout topic.
[detection_server-18] [INFO] [1787854573.667216506] [cite.cell_a.detection.detection_server]: watching 'beam_c3_out' on '/cite/cell_a/beam_c3_out/detection_level', publishing events on '/cite/cell_a/beam_c3_out/detection'
[detection_server-18] [INFO] [1787854573.667926090] [cite.cell_a.detection.detection_server]: watching 'beam_pick' on '/cite/cell_a/beam_pick/detection_level', publishing events on '/cite/cell_a/beam_pick/detection'
[detection_server-18] [INFO] [1787854573.670145006] [cite.cell_a.detection.detection_server]: detection for zone 'cell_a' is accepting goals over 4 sensor(s)
[move_group-16] [WARN] [1787854573.674044173] [rcl.logging_rosout]: Publisher already registered for node name: 'move_group'. If this is due to multiple nodes with the same name then all logs for the logger named 'cite.cell_a.arm_2.move_group' will go out over the existing publisher. As soon as any node with that name is destructed it will unregister the publisher, preventing any further logs for that name from being published on the rosout topic.
[move_group-17] [INFO] [1787854573.675107340] [cite.cell_a.arm_3.move_group.moveit.ros.rdf_loader]: Loaded robot model in 0 seconds
[move_group-17] [INFO] [1787854573.675166840] [cite.cell_a.arm_3.move_group.moveit.core.robot_model]: Loading robot model 'arm_3'...
[move_group-17] [INFO] [1787854573.675174798] [cite.cell_a.arm_3.move_group.moveit.core.robot_model]: No root/virtual joint specified in SRDF. Assuming fixed joint
[move_group-16] [WARN] [1787854573.679081506] [rcl.logging_rosout]: Publisher already registered for node name: 'move_group'. If this is due to multiple nodes with the same name then all logs for the logger named 'cite.cell_a.arm_2.move_group' will go out over the existing publisher. As soon as any node with that name is destructed it will unregister the publisher, preventing any further logs for that name from being published on the rosout topic.
[move_group-15] [WARN] [1787854573.686267215] [rcl.logging_rosout]: Publisher already registered for node name: 'move_group'. If this is due to multiple nodes with the same name then all logs for the logger named 'cite.cell_a.arm_1.move_group' will go out over the existing publisher. As soon as any node with that name is destructed it will unregister the publisher, preventing any further logs for that name from being published on the rosout topic.
[move_group-15] [WARN] [1787854573.691010131] [rcl.logging_rosout]: Publisher already registered for node name: 'move_group'. If this is due to multiple nodes with the same name then all logs for the logger named 'cite.cell_a.arm_1.move_group' will go out over the existing publisher. As soon as any node with that name is destructed it will unregister the publisher, preventing any further logs for that name from being published on the rosout topic.
[move_group-16] [INFO] [1787854573.701917298] [cite.cell_a.arm_2.move_group.moveit.ros.rdf_loader]: Loaded robot model in 0 seconds
[move_group-16] [INFO] [1787854573.701993506] [cite.cell_a.arm_2.move_group.moveit.core.robot_model]: Loading robot model 'arm_2'...
[move_group-16] [INFO] [1787854573.702001798] [cite.cell_a.arm_2.move_group.moveit.core.robot_model]: No root/virtual joint specified in SRDF. Assuming fixed joint
[move_group-15] [INFO] [1787854573.704408340] [cite.cell_a.arm_1.move_group.moveit.ros.rdf_loader]: Loaded robot model in 0 seconds
[move_group-15] [INFO] [1787854573.704683881] [cite.cell_a.arm_1.move_group.moveit.core.robot_model]: Loading robot model 'arm_1'...
[move_group-15] [INFO] [1787854573.704691965] [cite.cell_a.arm_1.move_group.moveit.core.robot_model]: No root/virtual joint specified in SRDF. Assuming fixed joint
[move_group-17] [INFO] [1787854573.788517048] [cite.cell_a.arm_3.move_group.moveit.kinematics.kdl_kinematics_plugin]: Joint weights for group 'arm_3_xarm5': 1 1 1 1 1
[spawner-14] [INFO] [1787854573.822547756] [spawn_arm_1_stage0]: waiting for service /cite/cell_a/arm_1/controller_manager/list_controllers to become available...
[gz-1] [1;33m[Wrn] [conveyor.cpp:169] [0m[1;33m[cite_conveyor] belt at [0m[1;33m1.05[0m[1;33m [0m[1;33m0[0m[1;33m [0m[1;33m0.6[0m[1;33m [0m[1;33m0[0m[1;33m [0m[1;33m0[0m[1;33m [0m[1;33m0[0m[1;33m commanded on '[0m[1;33m/cite/cell_a/conveyor_1/command[0m[1;33m', reporting on '[0m[1;33m/cite/cell_a/conveyor_1/state[0m[1;33m'[0m
[gz-1] [1;33m[Wrn] [conveyor.cpp:169] [0m[1;33m[cite_conveyor] belt at [0m[1;33m3.15[0m[1;33m [0m[1;33m0[0m[1;33m [0m[1;33m0.6[0m[1;33m [0m[1;33m0[0m[1;33m [0m[1;33m0[0m[1;33m [0m[1;33m0[0m[1;33m commanded on '[0m[1;33m/cite/cell_a/conveyor_2/command[0m[1;33m', reporting on '[0m[1;33m/cite/cell_a/conveyor_2/state[0m[1;33m'[0m
[gz-1] [1;33m[Wrn] [conveyor.cpp:169] [0m[1;33m[cite_conveyor] belt at [0m[1;33m5.25[0m[1;33m [0m[1;33m0[0m[1;33m [0m[1;33m0.6[0m[1;33m [0m[1;33m0[0m[1;33m [0m[1;33m0[0m[1;33m [0m[1;33m0[0m[1;33m commanded on '[0m[1;33m/cite/cell_a/conveyor_3/command[0m[1;33m', reporting on '[0m[1;33m/cite/cell_a/conveyor_3/state[0m[1;33m'[0m
[gz-1] [1;33m[Wrn] [break_beam.cpp:189] [0m[1;33m[cite_beam] beam at [0m[1;33m1.627[0m[1;33m [0m[1;33m0.25[0m[1;33m [0m[1;33m0.63[0m[1;33m [0m[1;33m0[0m[1;33m [0m[1;33m0[0m[1;33m [0m[1;33m0[0m[1;33m reporting on '[0m[1;33m/cite/cell_a/beam_c1_out/detection[0m[1;33m'[0m
[gz-1] [1;33m[Wrn] [break_beam.cpp:189] [0m[1;33m[cite_beam] beam at [0m[1;33m3.727[0m[1;33m [0m[1;33m0.25[0m[1;33m [0m[1;33m0.63[0m[1;33m [0m[1;33m0[0m[1;33m [0m[1;33m0[0m[1;33m [0m[1;33m0[0m[1;33m reporting on '[0m[1;33m/cite/cell_a/beam_c2_out/detection[0m[1;33m'[0m
[gz-1] [1;33m[Wrn] [break_beam.cpp:189] [0m[1;33m[cite_beam] beam at [0m[1;33m5.75[0m[1;33m [0m[1;33m0.25[0m[1;33m [0m[1;33m0.63[0m[1;33m [0m[1;33m0[0m[1;33m [0m[1;33m0[0m[1;33m [0m[1;33m0[0m[1;33m reporting on '[0m[1;33m/cite/cell_a/beam_c3_out/detection[0m[1;33m'[0m
[gz-1] [1;33m[Wrn] [break_beam.cpp:189] [0m[1;33m[cite_beam] beam at [0m[1;33m-0.475[0m[1;33m [0m[1;33m0.25[0m[1;33m [0m[1;33m0.63[0m[1;33m [0m[1;33m0[0m[1;33m [0m[1;33m0[0m[1;33m [0m[1;33m0[0m[1;33m reporting on '[0m[1;33m/cite/cell_a/beam_pick/detection[0m[1;33m'[0m
[move_group-16] [INFO] [1787854573.832561506] [cite.cell_a.arm_2.move_group.moveit.kinematics.kdl_kinematics_plugin]: Joint weights for group 'arm_2_xarm5': 1 1 1 1 1
[move_group-15] [INFO] [1787854573.843236548] [cite.cell_a.arm_1.move_group.moveit.kinematics.kdl_kinematics_plugin]: Joint weights for group 'arm_1_xarm5': 1 1 1 1 1
[create-10] [INFO] [1787854573.973765631] [spawn_arm_3]: Waiting messages on topic [/cite/cell_a/arm_3/robot_description].
[move_group-17] [INFO] [1787854574.012821006] [cite.cell_a.arm_3.move_group.moveit.ros.planning_scene_monitor]: Publishing maintained planning scene on 'monitored_planning_scene'
[move_group-17] [INFO] [1787854574.013256048] [cite.cell_a.arm_3.move_group.moveit.ros.moveit_cpp]: Listening to 'joint_states' for joint states
[move_group-17] [INFO] [1787854574.014191381] [cite.cell_a.arm_3.move_group.moveit.ros.current_state_monitor]: Listening to joint states on topic 'joint_states'
[move_group-17] [INFO] [1787854574.015055006] [cite.cell_a.arm_3.move_group.moveit.ros.planning_scene_monitor]: Listening to '/cite/cell_a/arm_3/attached_collision_object' for attached collision objects
[move_group-17] [INFO] [1787854574.015077715] [cite.cell_a.arm_3.move_group.moveit.ros.planning_scene_monitor]: Stopping existing planning scene publisher.
[move_group-17] [INFO] [1787854574.015136298] [cite.cell_a.arm_3.move_group.moveit.ros.planning_scene_monitor]: Stopped publishing maintained planning scene.
[move_group-17] [INFO] [1787854574.015654548] [cite.cell_a.arm_3.move_group.moveit.ros.planning_scene_monitor]: Publishing maintained planning scene on 'monitored_planning_scene'
[move_group-17] [INFO] [1787854574.015704298] [cite.cell_a.arm_3.move_group.moveit.ros.planning_scene_monitor]: Starting planning scene monitor
[model_info.py-12] [INFO] [1787854574.015856798] [cite.facility.model_info]: configured for model 3cd72a112e3f
[move_group-17] [INFO] [1787854574.016603381] [cite.cell_a.arm_3.move_group.moveit.ros.planning_scene_monitor]: Listening to '/cite/cell_a/arm_3/planning_scene'
[move_group-17] [INFO] [1787854574.016617715] [cite.cell_a.arm_3.move_group.moveit.ros.planning_scene_monitor]: Starting world geometry update monitor for collision objects, attached objects, octomap updates.
[move_group-17] [INFO] [1787854574.017371715] [cite.cell_a.arm_3.move_group.moveit.ros.planning_scene_monitor]: Listening to 'collision_object'
[move_group-17] [INFO] [1787854574.017689215] [cite.cell_a.arm_3.move_group.moveit.ros.planning_scene_monitor]: Listening to 'planning_scene_world' for planning scene world geometry
[move_group-17] [ERROR] [1787854574.017889132] [cite.cell_a.arm_3.move_group.moveit.ros.occupancy_map_monitor]: No 3D sensor plugin(s) defined for octomap updates
[move_group-16] [INFO] [1787854574.059469632] [cite.cell_a.arm_2.move_group.moveit.ros.planning_scene_monitor]: Publishing maintained planning scene on 'monitored_planning_scene'
[move_group-16] [INFO] [1787854574.059577215] [cite.cell_a.arm_2.move_group.moveit.ros.moveit_cpp]: Listening to 'joint_states' for joint states
[move_group-16] [INFO] [1787854574.060184132] [cite.cell_a.arm_2.move_group.moveit.ros.current_state_monitor]: Listening to joint states on topic 'joint_states'
[move_group-16] [INFO] [1787854574.060567673] [cite.cell_a.arm_2.move_group.moveit.ros.planning_scene_monitor]: Listening to '/cite/cell_a/arm_2/attached_collision_object' for attached collision objects
[move_group-16] [INFO] [1787854574.060579465] [cite.cell_a.arm_2.move_group.moveit.ros.planning_scene_monitor]: Stopping existing planning scene publisher.
[move_group-16] [INFO] [1787854574.061065632] [cite.cell_a.arm_2.move_group.moveit.ros.planning_scene_monitor]: Stopped publishing maintained planning scene.
[move_group-16] [INFO] [1787854574.061837882] [cite.cell_a.arm_2.move_group.moveit.ros.planning_scene_monitor]: Publishing maintained planning scene on 'monitored_planning_scene'
[move_group-16] [INFO] [1787854574.061895048] [cite.cell_a.arm_2.move_group.moveit.ros.planning_scene_monitor]: Starting planning scene monitor
[move_group-16] [INFO] [1787854574.062306798] [cite.cell_a.arm_2.move_group.moveit.ros.planning_scene_monitor]: Listening to '/cite/cell_a/arm_2/planning_scene'
[move_group-16] [INFO] [1787854574.062315798] [cite.cell_a.arm_2.move_group.moveit.ros.planning_scene_monitor]: Starting world geometry update monitor for collision objects, attached objects, octomap updates.
[move_group-16] [INFO] [1787854574.062608007] [cite.cell_a.arm_2.move_group.moveit.ros.planning_scene_monitor]: Listening to 'collision_object'
[move_group-16] [INFO] [1787854574.063476298] [cite.cell_a.arm_2.move_group.moveit.ros.planning_scene_monitor]: Listening to 'planning_scene_world' for planning scene world geometry
[move_group-16] [ERROR] [1787854574.063687090] [cite.cell_a.arm_2.move_group.moveit.ros.occupancy_map_monitor]: No 3D sensor plugin(s) defined for octomap updates
[create-6] [INFO] [1787854574.075206590] [spawn_arm_1]: Waiting messages on topic [/cite/cell_a/arm_1/robot_description].
[move_group-15] [INFO] [1787854574.079117132] [cite.cell_a.arm_1.move_group.moveit.ros.planning_scene_monitor]: Publishing maintained planning scene on 'monitored_planning_scene'
[move_group-15] [INFO] [1787854574.079219090] [cite.cell_a.arm_1.move_group.moveit.ros.moveit_cpp]: Listening to 'joint_states' for joint states
[move_group-15] [INFO] [1787854574.079915132] [cite.cell_a.arm_1.move_group.moveit.ros.current_state_monitor]: Listening to joint states on topic 'joint_states'
[move_group-15] [INFO] [1787854574.080932465] [cite.cell_a.arm_1.move_group.moveit.ros.planning_scene_monitor]: Listening to '/cite/cell_a/arm_1/attached_collision_object' for attached collision objects
[move_group-15] [INFO] [1787854574.080949257] [cite.cell_a.arm_1.move_group.moveit.ros.planning_scene_monitor]: Stopping existing planning scene publisher.
[move_group-15] [INFO] [1787854574.081175423] [cite.cell_a.arm_1.move_group.moveit.ros.planning_scene_monitor]: Stopped publishing maintained planning scene.
[move_group-15] [INFO] [1787854574.082024840] [cite.cell_a.arm_1.move_group.moveit.ros.planning_scene_monitor]: Publishing maintained planning scene on 'monitored_planning_scene'
[move_group-15] [INFO] [1787854574.082091798] [cite.cell_a.arm_1.move_group.moveit.ros.planning_scene_monitor]: Starting planning scene monitor
[move_group-15] [INFO] [1787854574.082504215] [cite.cell_a.arm_1.move_group.moveit.ros.planning_scene_monitor]: Listening to '/cite/cell_a/arm_1/planning_scene'
[move_group-15] [INFO] [1787854574.082512257] [cite.cell_a.arm_1.move_group.moveit.ros.planning_scene_monitor]: Starting world geometry update monitor for collision objects, attached objects, octomap updates.
[move_group-15] [INFO] [1787854574.083554298] [cite.cell_a.arm_1.move_group.moveit.ros.planning_scene_monitor]: Listening to 'collision_object'
[move_group-15] [INFO] [1787854574.084633507] [cite.cell_a.arm_1.move_group.moveit.ros.planning_scene_monitor]: Listening to 'planning_scene_world' for planning scene world geometry
[move_group-15] [ERROR] [1787854574.084836715] [cite.cell_a.arm_1.move_group.moveit.ros.occupancy_map_monitor]: No 3D sensor plugin(s) defined for octomap updates
[move_group-17] [INFO] [1787854574.130809173] [cite.cell_a.arm_3.move_group.moveit.planners.pilz.joint_limits_aggregator]: Reading limits from namespace robot_description_planning
[move_group-17] [INFO] [1787854574.134215882] [cite.cell_a.arm_3.move_group.moveit.planners.pilz.command_planner]: Available plugins: pilz_industrial_motion_planner/PlanningContextLoaderCIRC pilz_industrial_motion_planner/PlanningContextLoaderLIN pilz_industrial_motion_planner/PlanningContextLoaderPTP 
[move_group-17] [INFO] [1787854574.134235632] [cite.cell_a.arm_3.move_group.moveit.planners.pilz.command_planner]: About to load: pilz_industrial_motion_planner/PlanningContextLoaderCIRC
[move_group-17] [INFO] [1787854574.135014798] [cite.cell_a.arm_3.move_group.moveit.planners.pilz.command_planner]: Registered Algorithm [CIRC]
[move_group-17] [INFO] [1787854574.135035298] [cite.cell_a.arm_3.move_group.moveit.planners.pilz.command_planner]: About to load: pilz_industrial_motion_planner/PlanningContextLoaderLIN
[move_group-17] [INFO] [1787854574.135435590] [cite.cell_a.arm_3.move_group.moveit.planners.pilz.command_planner]: Registered Algorithm [LIN]
[move_group-17] [INFO] [1787854574.135449007] [cite.cell_a.arm_3.move_group.moveit.planners.pilz.command_planner]: About to load: pilz_industrial_motion_planner/PlanningContextLoaderPTP
[move_group-17] [INFO] [1787854574.136029173] [cite.cell_a.arm_3.move_group.moveit.planners.pilz.command_planner]: Registered Algorithm [PTP]
[move_group-17] [INFO] [1787854574.136056840] [cite.cell_a.arm_3.move_group.moveit.ros.planning_pipeline]: Successfully loaded planner 'Pilz Industrial Motion Planner'
[move_group-17] [INFO] [1787854574.137133507] [cite.cell_a.arm_3.move_group]: Try loading adapter 'default_planning_request_adapters/ResolveConstraintFrames'
[move_group-17] [INFO] [1787854574.137642007] [cite.cell_a.arm_3.move_group]: Loaded adapter 'default_planning_request_adapters/ResolveConstraintFrames'
[move_group-17] [INFO] [1787854574.137657090] [cite.cell_a.arm_3.move_group]: Try loading adapter 'default_planning_request_adapters/ValidateWorkspaceBounds'
[move_group-17] [INFO] [1787854574.138034840] [cite.cell_a.arm_3.move_group]: Loaded adapter 'default_planning_request_adapters/ValidateWorkspaceBounds'
[move_group-17] [INFO] [1787854574.138074923] [cite.cell_a.arm_3.move_group]: Try loading adapter 'default_planning_request_adapters/CheckStartStateBounds'
[move_group-17] [INFO] [1787854574.138135382] [cite.cell_a.arm_3.move_group]: Loaded adapter 'default_planning_request_adapters/CheckStartStateBounds'
[move_group-17] [INFO] [1787854574.138144590] [cite.cell_a.arm_3.move_group]: Try loading adapter 'default_planning_request_adapters/CheckStartStateCollision'
[move_group-17] [INFO] [1787854574.138156632] [cite.cell_a.arm_3.move_group]: Loaded adapter 'default_planning_request_adapters/CheckStartStateCollision'
[move_group-17] [INFO] [1787854574.138760048] [cite.cell_a.arm_3.move_group]: Try loading adapter 'default_planning_response_adapters/ValidateSolution'
[move_group-17] [INFO] [1787854574.142096548] [cite.cell_a.arm_3.move_group]: Loaded adapter 'default_planning_response_adapters/ValidateSolution'
[move_group-17] [INFO] [1787854574.142115340] [cite.cell_a.arm_3.move_group]: Try loading adapter 'default_planning_response_adapters/DisplayMotionPath'
[move_group-17] [INFO] [1787854574.142741173] [cite.cell_a.arm_3.move_group]: Loaded adapter 'default_planning_response_adapters/DisplayMotionPath'
[move_group-17] [INFO] [1787854574.151234715] [cite.cell_a.arm_3.move_group.moveit.ros.planning_pipeline]: Successfully loaded planner 'OMPL'
[move_group-17] [INFO] [1787854574.151858548] [cite.cell_a.arm_3.move_group]: Try loading adapter 'default_planning_request_adapters/ResolveConstraintFrames'
[move_group-17] [INFO] [1787854574.151929173] [cite.cell_a.arm_3.move_group]: Loaded adapter 'default_planning_request_adapters/ResolveConstraintFrames'
[move_group-17] [INFO] [1787854574.151932757] [cite.cell_a.arm_3.move_group]: Try loading adapter 'default_planning_request_adapters/ValidateWorkspaceBounds'
[move_group-17] [INFO] [1787854574.152277798] [cite.cell_a.arm_3.move_group]: Loaded adapter 'default_planning_request_adapters/ValidateWorkspaceBounds'
[move_group-17] [INFO] [1787854574.152284798] [cite.cell_a.arm_3.move_group]: Try loading adapter 'default_planning_request_adapters/CheckStartStateBounds'
[move_group-17] [INFO] [1787854574.152294382] [cite.cell_a.arm_3.move_group]: Loaded adapter 'default_planning_request_adapters/CheckStartStateBounds'
[move_group-17] [INFO] [1787854574.152309007] [cite.cell_a.arm_3.move_group]: Try loading adapter 'default_planning_request_adapters/CheckStartStateCollision'
[move_group-17] [INFO] [1787854574.152315423] [cite.cell_a.arm_3.move_group]: Loaded adapter 'default_planning_request_adapters/CheckStartStateCollision'
[move_group-17] [INFO] [1787854574.152867673] [cite.cell_a.arm_3.move_group]: Try loading adapter 'default_planning_response_adapters/AddTimeOptimalParameterization'
[move_group-17] [INFO] [1787854574.153457423] [cite.cell_a.arm_3.move_group]: Loaded adapter 'default_planning_response_adapters/AddTimeOptimalParameterization'
[move_group-17] [INFO] [1787854574.153475048] [cite.cell_a.arm_3.move_group]: Try loading adapter 'default_planning_response_adapters/ValidateSolution'
[move_group-17] [INFO] [1787854574.154489548] [cite.cell_a.arm_3.move_group]: Loaded adapter 'default_planning_response_adapters/ValidateSolution'
[move_group-17] [INFO] [1787854574.154546923] [cite.cell_a.arm_3.move_group]: Try loading adapter 'default_planning_response_adapters/DisplayMotionPath'
[move_group-17] [INFO] [1787854574.155333173] [cite.cell_a.arm_3.move_group]: Loaded adapter 'default_planning_response_adapters/DisplayMotionPath'
[move_group-17] [WARN] [1787854574.156179882] [rcl.logging_rosout]: Publisher already registered for node name: 'move_group'. If this is due to multiple nodes with the same name then all logs for the logger named 'cite.cell_a.arm_3.move_group' will go out over the existing publisher. As soon as any node with that name is destructed it will unregister the publisher, preventing any further logs for that name from being published on the rosout topic.
[create-4] [INFO] [1787854574.175711757] [spawn_scene]: Waiting messages on topic [robot_description].
[move_group-16] [INFO] [1787854574.176283632] [cite.cell_a.arm_2.move_group.moveit.planners.pilz.joint_limits_aggregator]: Reading limits from namespace robot_description_planning
[move_group-17] [INFO] [1787854574.180176757] [cite.cell_a.arm_3.move_group.moveit.plugins.simple_controller_manager]: Added FollowJointTrajectory controller for arm_3_joint_trajectory_controller
[move_group-17] [INFO] [1787854574.180210215] [cite.cell_a.arm_3.move_group.moveit.plugins.simple_controller_manager]: arm_3_gripper_controller will command a max effort of: 0
[move_group-16] [INFO] [1787854574.180942007] [cite.cell_a.arm_2.move_group.moveit.planners.pilz.command_planner]: Available plugins: pilz_industrial_motion_planner/PlanningContextLoaderCIRC pilz_industrial_motion_planner/PlanningContextLoaderLIN pilz_industrial_motion_planner/PlanningContextLoaderPTP 
[move_group-16] [INFO] [1787854574.181012590] [cite.cell_a.arm_2.move_group.moveit.planners.pilz.command_planner]: About to load: pilz_industrial_motion_planner/PlanningContextLoaderCIRC
[move_group-16] [INFO] [1787854574.181783923] [cite.cell_a.arm_2.move_group.moveit.planners.pilz.command_planner]: Registered Algorithm [CIRC]
[move_group-16] [INFO] [1787854574.181794423] [cite.cell_a.arm_2.move_group.moveit.planners.pilz.command_planner]: About to load: pilz_industrial_motion_planner/PlanningContextLoaderLIN
[move_group-16] [INFO] [1787854574.182205548] [cite.cell_a.arm_2.move_group.moveit.planners.pilz.command_planner]: Registered Algorithm [LIN]
[move_group-16] [INFO] [1787854574.182218507] [cite.cell_a.arm_2.move_group.moveit.planners.pilz.command_planner]: About to load: pilz_industrial_motion_planner/PlanningContextLoaderPTP
[move_group-16] [INFO] [1787854574.182607465] [cite.cell_a.arm_2.move_group.moveit.planners.pilz.command_planner]: Registered Algorithm [PTP]
[move_group-16] [INFO] [1787854574.182617798] [cite.cell_a.arm_2.move_group.moveit.ros.planning_pipeline]: Successfully loaded planner 'Pilz Industrial Motion Planner'
[move_group-17] [INFO] [1787854574.182946007] [cite.cell_a.arm_3.move_group.moveit.plugins.simple_controller_manager]: Added GripperCommand controller for arm_3_gripper_controller
[move_group-17] [INFO] [1787854574.183115132] [cite.cell_a.arm_3.move_group.moveit.plugins.simple_controller_manager]: Returned 2 controllers in list
[move_group-17] [INFO] [1787854574.183136715] [cite.cell_a.arm_3.move_group.moveit.plugins.simple_controller_manager]: Returned 2 controllers in list
[move_group-16] [INFO] [1787854574.183265673] [cite.cell_a.arm_2.move_group]: Try loading adapter 'default_planning_request_adapters/ResolveConstraintFrames'
[move_group-17] [INFO] [1787854574.183434132] [cite.cell_a.arm_3.move_group.moveit.ros.trajectory_execution_manager]: Trajectory execution is not managing controllers
[move_group-17] [INFO] [1787854574.183444715] [cite.cell_a.arm_3.move_group]: MoveGroup debug mode is ON
[move_group-16] [INFO] [1787854574.183697340] [cite.cell_a.arm_2.move_group]: Loaded adapter 'default_planning_request_adapters/ResolveConstraintFrames'
[move_group-16] [INFO] [1787854574.183712173] [cite.cell_a.arm_2.move_group]: Try loading adapter 'default_planning_request_adapters/ValidateWorkspaceBounds'
[move_group-16] [INFO] [1787854574.183899548] [cite.cell_a.arm_2.move_group]: Loaded adapter 'default_planning_request_adapters/ValidateWorkspaceBounds'
[move_group-16] [INFO] [1787854574.183905882] [cite.cell_a.arm_2.move_group]: Try loading adapter 'default_planning_request_adapters/CheckStartStateBounds'
[move_group-16] [INFO] [1787854574.183915048] [cite.cell_a.arm_2.move_group]: Loaded adapter 'default_planning_request_adapters/CheckStartStateBounds'
[move_group-16] [INFO] [1787854574.183917257] [cite.cell_a.arm_2.move_group]: Try loading adapter 'default_planning_request_adapters/CheckStartStateCollision'
[move_group-16] [INFO] [1787854574.183925423] [cite.cell_a.arm_2.move_group]: Loaded adapter 'default_planning_request_adapters/CheckStartStateCollision'
[move_group-16] [INFO] [1787854574.184554465] [cite.cell_a.arm_2.move_group]: Try loading adapter 'default_planning_response_adapters/ValidateSolution'
[move_group-16] [INFO] [1787854574.187858173] [cite.cell_a.arm_2.move_group]: Loaded adapter 'default_planning_response_adapters/ValidateSolution'
[move_group-16] [INFO] [1787854574.187879965] [cite.cell_a.arm_2.move_group]: Try loading adapter 'default_planning_response_adapters/DisplayMotionPath'
[move_group-16] [INFO] [1787854574.188244882] [cite.cell_a.arm_2.move_group]: Loaded adapter 'default_planning_response_adapters/DisplayMotionPath'
[move_group-16] [INFO] [1787854574.197533215] [cite.cell_a.arm_2.move_group.moveit.ros.planning_pipeline]: Successfully loaded planner 'OMPL'
[move_group-16] [INFO] [1787854574.198259840] [cite.cell_a.arm_2.move_group]: Try loading adapter 'default_planning_request_adapters/ResolveConstraintFrames'
[move_group-16] [INFO] [1787854574.198347132] [cite.cell_a.arm_2.move_group]: Loaded adapter 'default_planning_request_adapters/ResolveConstraintFrames'
[move_group-16] [INFO] [1787854574.198353048] [cite.cell_a.arm_2.move_group]: Try loading adapter 'default_planning_request_adapters/ValidateWorkspaceBounds'
[move_group-16] [INFO] [1787854574.198768007] [cite.cell_a.arm_2.move_group]: Loaded adapter 'default_planning_request_adapters/ValidateWorkspaceBounds'
[move_group-16] [INFO] [1787854574.198775632] [cite.cell_a.arm_2.move_group]: Try loading adapter 'default_planning_request_adapters/CheckStartStateBounds'
[move_group-16] [INFO] [1787854574.198786257] [cite.cell_a.arm_2.move_group]: Loaded adapter 'default_planning_request_adapters/CheckStartStateBounds'
[move_group-16] [INFO] [1787854574.198801298] [cite.cell_a.arm_2.move_group]: Try loading adapter 'default_planning_request_adapters/CheckStartStateCollision'
[move_group-16] [INFO] [1787854574.198807840] [cite.cell_a.arm_2.move_group]: Loaded adapter 'default_planning_request_adapters/CheckStartStateCollision'
[move_group-16] [INFO] [1787854574.199354548] [cite.cell_a.arm_2.move_group]: Try loading adapter 'default_planning_response_adapters/AddTimeOptimalParameterization'
[move_group-17] [INFO] [1787854574.200038757] [cite.cell_a.arm_3.move_group.moveit.ros.move_group.executable]: 
[move_group-17] 
[move_group-17] ********************************************************
[move_group-17] * MoveGroup using: 
[move_group-17] *     - apply_planning_scene_service
[move_group-17] *     - clear_octomap_service
[move_group-17] *     - get_group_urdf
[move_group-17] *     - load_geometry_from_file
[move_group-17] *     - CartesianPathService
[move_group-17] *     - execute_trajectory_action
[move_group-17] *     - get_planning_scene_service
[move_group-17] *     - kinematics_service
[move_group-17] *     - move_action
[move_group-17] *     - motion_plan_service
[move_group-17] *     - query_planners_service
[move_group-17] *     - state_validation_service
[move_group-17] *     - save_geometry_to_file
[move_group-17] ********************************************************
[move_group-17] 
[move_group-17] [INFO] [1787854574.200073548] [cite.cell_a.arm_3.move_group.moveit.ros.move_group.context]: MoveGroup context using pipeline pilz_industrial_motion_planner
[move_group-17] [INFO] [1787854574.200080007] [cite.cell_a.arm_3.move_group.moveit.ros.move_group.context]: MoveGroup context initialization complete
[move_group-17] [96mLoading 'move_group/ApplyPlanningSceneService'...[0m
[move_group-17] [96mLoading 'move_group/ClearOctomapService'...[0m
[move_group-17] [96mLoading 'move_group/GetUrdfService'...[0m
[move_group-17] [96mLoading 'move_group/LoadGeometryFromFileService'...[0m
[move_group-17] [96mLoading 'move_group/MoveGroupCartesianPathService'...[0m
[move_group-17] [96mLoading 'move_group/MoveGroupExecuteTrajectoryAction'...[0m
[move_group-17] [96mLoading 'move_group/MoveGroupGetPlanningSceneService'...[0m
[move_group-17] [96mLoading 'move_group/MoveGroupKinematicsService'...[0m
[move_group-17] [96mLoading 'move_group/MoveGroupMoveAction'...[0m
[move_group-17] [96mLoading 'move_group/MoveGroupPlanService'...[0m
[move_group-17] [96mLoading 'move_group/MoveGroupQueryPlannersService'...[0m
[move_group-17] [96mLoading 'move_group/MoveGroupStateValidationService'...[0m
[move_group-17] [96mLoading 'move_group/SaveGeometryToFileService'...[0m
[move_group-17] 
[move_group-17] [92mYou can start planning now![0m
[move_group-17] 
[move_group-16] [INFO] [1787854574.200518423] [cite.cell_a.arm_2.move_group]: Loaded adapter 'default_planning_response_adapters/AddTimeOptimalParameterization'
[move_group-16] [INFO] [1787854574.200534048] [cite.cell_a.arm_2.move_group]: Try loading adapter 'default_planning_response_adapters/ValidateSolution'
[move_group-16] [INFO] [1787854574.201377507] [cite.cell_a.arm_2.move_group]: Loaded adapter 'default_planning_response_adapters/ValidateSolution'
[move_group-16] [INFO] [1787854574.201390840] [cite.cell_a.arm_2.move_group]: Try loading adapter 'default_planning_response_adapters/DisplayMotionPath'
[move_group-16] [INFO] [1787854574.201940673] [cite.cell_a.arm_2.move_group]: Loaded adapter 'default_planning_response_adapters/DisplayMotionPath'
[move_group-16] [WARN] [1787854574.202761132] [rcl.logging_rosout]: Publisher already registered for node name: 'move_group'. If this is due to multiple nodes with the same name then all logs for the logger named 'cite.cell_a.arm_2.move_group' will go out over the existing publisher. As soon as any node with that name is destructed it will unregister the publisher, preventing any further logs for that name from being published on the rosout topic.
[move_group-15] [INFO] [1787854574.205764007] [cite.cell_a.arm_1.move_group.moveit.planners.pilz.joint_limits_aggregator]: Reading limits from namespace robot_description_planning
[move_group-15] [INFO] [1787854574.215661590] [cite.cell_a.arm_1.move_group.moveit.planners.pilz.command_planner]: Available plugins: pilz_industrial_motion_planner/PlanningContextLoaderCIRC pilz_industrial_motion_planner/PlanningContextLoaderLIN pilz_industrial_motion_planner/PlanningContextLoaderPTP 
[move_group-15] [INFO] [1787854574.215720173] [cite.cell_a.arm_1.move_group.moveit.planners.pilz.command_planner]: About to load: pilz_industrial_motion_planner/PlanningContextLoaderCIRC
[move_group-15] [INFO] [1787854574.217023840] [cite.cell_a.arm_1.move_group.moveit.planners.pilz.command_planner]: Registered Algorithm [CIRC]
[move_group-15] [INFO] [1787854574.217043048] [cite.cell_a.arm_1.move_group.moveit.planners.pilz.command_planner]: About to load: pilz_industrial_motion_planner/PlanningContextLoaderLIN
[move_group-15] [INFO] [1787854574.217515048] [cite.cell_a.arm_1.move_group.moveit.planners.pilz.command_planner]: Registered Algorithm [LIN]
[move_group-15] [INFO] [1787854574.217521715] [cite.cell_a.arm_1.move_group.moveit.planners.pilz.command_planner]: About to load: pilz_industrial_motion_planner/PlanningContextLoaderPTP
[move_group-15] [INFO] [1787854574.217926257] [cite.cell_a.arm_1.move_group.moveit.planners.pilz.command_planner]: Registered Algorithm [PTP]
[move_group-15] [INFO] [1787854574.217935923] [cite.cell_a.arm_1.move_group.moveit.ros.planning_pipeline]: Successfully loaded planner 'Pilz Industrial Motion Planner'
[move_group-15] [INFO] [1787854574.218942673] [cite.cell_a.arm_1.move_group]: Try loading adapter 'default_planning_request_adapters/ResolveConstraintFrames'
[move_group-15] [INFO] [1787854574.219862882] [cite.cell_a.arm_1.move_group]: Loaded adapter 'default_planning_request_adapters/ResolveConstraintFrames'
[move_group-15] [INFO] [1787854574.219882923] [cite.cell_a.arm_1.move_group]: Try loading adapter 'default_planning_request_adapters/ValidateWorkspaceBounds'
[move_group-15] [INFO] [1787854574.220696382] [cite.cell_a.arm_1.move_group]: Loaded adapter 'default_planning_request_adapters/ValidateWorkspaceBounds'
[move_group-15] [INFO] [1787854574.220707757] [cite.cell_a.arm_1.move_group]: Try loading adapter 'default_planning_request_adapters/CheckStartStateBounds'
[move_group-15] [INFO] [1787854574.220722632] [cite.cell_a.arm_1.move_group]: Loaded adapter 'default_planning_request_adapters/CheckStartStateBounds'
[move_group-15] [INFO] [1787854574.220725798] [cite.cell_a.arm_1.move_group]: Try loading adapter 'default_planning_request_adapters/CheckStartStateCollision'
[move_group-15] [INFO] [1787854574.220734007] [cite.cell_a.arm_1.move_group]: Loaded adapter 'default_planning_request_adapters/CheckStartStateCollision'
[move_group-15] [INFO] [1787854574.221348090] [cite.cell_a.arm_1.move_group]: Try loading adapter 'default_planning_response_adapters/ValidateSolution'
[move_group-15] [INFO] [1787854574.224437632] [cite.cell_a.arm_1.move_group]: Loaded adapter 'default_planning_response_adapters/ValidateSolution'
[move_group-15] [INFO] [1787854574.224457632] [cite.cell_a.arm_1.move_group]: Try loading adapter 'default_planning_response_adapters/DisplayMotionPath'
[move_group-15] [INFO] [1787854574.225400840] [cite.cell_a.arm_1.move_group]: Loaded adapter 'default_planning_response_adapters/DisplayMotionPath'
[move_group-16] [INFO] [1787854574.229537090] [cite.cell_a.arm_2.move_group.moveit.plugins.simple_controller_manager]: Added FollowJointTrajectory controller for arm_2_joint_trajectory_controller
[move_group-16] [INFO] [1787854574.229571048] [cite.cell_a.arm_2.move_group.moveit.plugins.simple_controller_manager]: arm_2_gripper_controller will command a max effort of: 0
[move_group-16] [INFO] [1787854574.232426215] [cite.cell_a.arm_2.move_group.moveit.plugins.simple_controller_manager]: Added GripperCommand controller for arm_2_gripper_controller
[move_group-16] [INFO] [1787854574.232529257] [cite.cell_a.arm_2.move_group.moveit.plugins.simple_controller_manager]: Returned 2 controllers in list
[move_group-16] [INFO] [1787854574.232541923] [cite.cell_a.arm_2.move_group.moveit.plugins.simple_controller_manager]: Returned 2 controllers in list
[move_group-16] [INFO] [1787854574.232831965] [cite.cell_a.arm_2.move_group.moveit.ros.trajectory_execution_manager]: Trajectory execution is not managing controllers
[move_group-16] [INFO] [1787854574.232844465] [cite.cell_a.arm_2.move_group]: MoveGroup debug mode is ON
[move_group-15] [INFO] [1787854574.235431298] [cite.cell_a.arm_1.move_group.moveit.ros.planning_pipeline]: Successfully loaded planner 'OMPL'
[move_group-15] [INFO] [1787854574.236144090] [cite.cell_a.arm_1.move_group]: Try loading adapter 'default_planning_request_adapters/ResolveConstraintFrames'
[move_group-15] [INFO] [1787854574.236226048] [cite.cell_a.arm_1.move_group]: Loaded adapter 'default_planning_request_adapters/ResolveConstraintFrames'
[move_group-15] [INFO] [1787854574.236229632] [cite.cell_a.arm_1.move_group]: Try loading adapter 'default_planning_request_adapters/ValidateWorkspaceBounds'
[move_group-15] [INFO] [1787854574.236703423] [cite.cell_a.arm_1.move_group]: Loaded adapter 'default_planning_request_adapters/ValidateWorkspaceBounds'
[move_group-15] [INFO] [1787854574.236716298] [cite.cell_a.arm_1.move_group]: Try loading adapter 'default_planning_request_adapters/CheckStartStateBounds'
[move_group-15] [INFO] [1787854574.236733298] [cite.cell_a.arm_1.move_group]: Loaded adapter 'default_planning_request_adapters/CheckStartStateBounds'
[move_group-15] [INFO] [1787854574.236748215] [cite.cell_a.arm_1.move_group]: Try loading adapter 'default_planning_request_adapters/CheckStartStateCollision'
[move_group-15] [INFO] [1787854574.236756965] [cite.cell_a.arm_1.move_group]: Loaded adapter 'default_planning_request_adapters/CheckStartStateCollision'
[move_group-15] [INFO] [1787854574.237804048] [cite.cell_a.arm_1.move_group]: Try loading adapter 'default_planning_response_adapters/AddTimeOptimalParameterization'
[move_group-15] [INFO] [1787854574.238810632] [cite.cell_a.arm_1.move_group]: Loaded adapter 'default_planning_response_adapters/AddTimeOptimalParameterization'
[move_group-15] [INFO] [1787854574.238823215] [cite.cell_a.arm_1.move_group]: Try loading adapter 'default_planning_response_adapters/ValidateSolution'
[move_group-15] [INFO] [1787854574.239424007] [cite.cell_a.arm_1.move_group]: Loaded adapter 'default_planning_response_adapters/ValidateSolution'
[move_group-15] [INFO] [1787854574.239432632] [cite.cell_a.arm_1.move_group]: Try loading adapter 'default_planning_response_adapters/DisplayMotionPath'
[move_group-15] [INFO] [1787854574.240337965] [cite.cell_a.arm_1.move_group]: Loaded adapter 'default_planning_response_adapters/DisplayMotionPath'
[move_group-15] [WARN] [1787854574.241726715] [rcl.logging_rosout]: Publisher already registered for node name: 'move_group'. If this is due to multiple nodes with the same name then all logs for the logger named 'cite.cell_a.arm_1.move_group' will go out over the existing publisher. As soon as any node with that name is destructed it will unregister the publisher, preventing any further logs for that name from being published on the rosout topic.
[move_group-16] [INFO] [1787854574.252631882] [cite.cell_a.arm_2.move_group.moveit.ros.move_group.executable]: 
[move_group-16] 
[move_group-16] ********************************************************
[move_group-16] * MoveGroup using: 
[move_group-16] *     - apply_planning_scene_service
[move_group-16] *     - clear_octomap_service
[move_group-16] *     - get_group_urdf
[move_group-16] *     - load_geometry_from_file
[move_group-16] *     - CartesianPathService
[move_group-16] *     - execute_trajectory_action
[move_group-16] *     - get_planning_scene_service
[move_group-16] *     - kinematics_service
[move_group-16] *     - move_action
[move_group-16] *     - motion_plan_service
[move_group-16] *     - query_planners_service
[move_group-16] *     - state_validation_service
[move_group-16] *     - save_geometry_to_file
[move_group-16] ********************************************************
[move_group-16] 
[move_group-16] [INFO] [1787854574.252670840] [cite.cell_a.arm_2.move_group.moveit.ros.move_group.context]: MoveGroup context using pipeline pilz_industrial_motion_planner
[move_group-16] [INFO] [1787854574.252677090] [cite.cell_a.arm_2.move_group.moveit.ros.move_group.context]: MoveGroup context initialization complete
[move_group-16] [96mLoading 'move_group/ApplyPlanningSceneService'...[0m
[move_group-16] [96mLoading 'move_group/ClearOctomapService'...[0m
[move_group-16] [96mLoading 'move_group/GetUrdfService'...[0m
[move_group-16] [96mLoading 'move_group/LoadGeometryFromFileService'...[0m
[move_group-16] [96mLoading 'move_group/MoveGroupCartesianPathService'...[0m
[move_group-16] [96mLoading 'move_group/MoveGroupExecuteTrajectoryAction'...[0m
[move_group-16] [96mLoading 'move_group/MoveGroupGetPlanningSceneService'...[0m
[move_group-16] [96mLoading 'move_group/MoveGroupKinematicsService'...[0m
[move_group-16] [96mLoading 'move_group/MoveGroupMoveAction'...[0m
[move_group-16] [96mLoading 'move_group/MoveGroupPlanService'...[0m
[move_group-16] [96mLoading 'move_group/MoveGroupQueryPlannersService'...[0m
[move_group-16] [96mLoading 'move_group/MoveGroupStateValidationService'...[0m
[move_group-16] [96mLoading 'move_group/SaveGeometryToFileService'...[0m
[move_group-16] 
[move_group-16] [92mYou can start planning now![0m
[move_group-16] 
[move_group-15] [INFO] [1787854574.273487673] [cite.cell_a.arm_1.move_group.moveit.plugins.simple_controller_manager]: Added FollowJointTrajectory controller for arm_1_joint_trajectory_controller
[move_group-15] [INFO] [1787854574.273524548] [cite.cell_a.arm_1.move_group.moveit.plugins.simple_controller_manager]: arm_1_gripper_controller will command a max effort of: 0
[create-10] [INFO] [1787854574.275945215] [spawn_arm_3]: Entity creation successful.
[create-4] [INFO] [1787854574.275985257] [spawn_scene]: Entity creation successful.
[create-8] [INFO] [1787854574.276628340] [spawn_arm_2]: Waiting messages on topic [/cite/cell_a/arm_2/robot_description].
[move_group-15] [INFO] [1787854574.277568548] [cite.cell_a.arm_1.move_group.moveit.plugins.simple_controller_manager]: Added GripperCommand controller for arm_1_gripper_controller
[create-6] [INFO] [1787854574.277631132] [spawn_arm_1]: Entity creation successful.
[move_group-15] [INFO] [1787854574.277761090] [cite.cell_a.arm_1.move_group.moveit.plugins.simple_controller_manager]: Returned 2 controllers in list
[move_group-15] [INFO] [1787854574.277782923] [cite.cell_a.arm_1.move_group.moveit.plugins.simple_controller_manager]: Returned 2 controllers in list
[move_group-15] [INFO] [1787854574.278570507] [cite.cell_a.arm_1.move_group.moveit.ros.trajectory_execution_manager]: Trajectory execution is not managing controllers
[move_group-15] [INFO] [1787854574.278602840] [cite.cell_a.arm_1.move_group]: MoveGroup debug mode is ON
[create-8] [INFO] [1787854574.291286923] [spawn_arm_2]: Entity creation successful.
[move_group-15] [INFO] [1787854574.304659757] [cite.cell_a.arm_1.move_group.moveit.ros.move_group.executable]: 
[move_group-15] 
[move_group-15] ********************************************************
[move_group-15] * MoveGroup using: 
[move_group-15] *     - apply_planning_scene_service
[move_group-15] *     - clear_octomap_service
[move_group-15] *     - get_group_urdf
[move_group-15] *     - load_geometry_from_file
[move_group-15] *     - CartesianPathService
[move_group-15] *     - execute_trajectory_action
[move_group-15] *     - get_planning_scene_service
[move_group-15] *     - kinematics_service
[move_group-15] *     - move_action
[move_group-15] *     - motion_plan_service
[move_group-15] *     - query_planners_service
[move_group-15] *     - state_validation_service
[move_group-15] *     - save_geometry_to_file
[move_group-15] ********************************************************
[move_group-15] 
[move_group-15] [INFO] [1787854574.304712423] [cite.cell_a.arm_1.move_group.moveit.ros.move_group.context]: MoveGroup context using pipeline pilz_industrial_motion_planner
[move_group-15] [INFO] [1787854574.304723923] [cite.cell_a.arm_1.move_group.moveit.ros.move_group.context]: MoveGroup context initialization complete
[move_group-15] [96mLoading 'move_group/ApplyPlanningSceneService'...[0m
[move_group-15] [96mLoading 'move_group/ClearOctomapService'...[0m
[move_group-15] [96mLoading 'move_group/GetUrdfService'...[0m
[move_group-15] [96mLoading 'move_group/LoadGeometryFromFileService'...[0m
[move_group-15] [96mLoading 'move_group/MoveGroupCartesianPathService'...[0m
[move_group-15] [96mLoading 'move_group/MoveGroupExecuteTrajectoryAction'...[0m
[move_group-15] [96mLoading 'move_group/MoveGroupGetPlanningSceneService'...[0m
[move_group-15] [96mLoading 'move_group/MoveGroupKinematicsService'...[0m
[move_group-15] [96mLoading 'move_group/MoveGroupMoveAction'...[0m
[move_group-15] [96mLoading 'move_group/MoveGroupPlanService'...[0m
[move_group-15] [96mLoading 'move_group/MoveGroupQueryPlannersService'...[0m
[move_group-15] [96mLoading 'move_group/MoveGroupStateValidationService'...[0m
[move_group-15] [96mLoading 'move_group/SaveGeometryToFileService'...[0m
[move_group-15] 
[move_group-15] [92mYou can start planning now![0m
[move_group-15] 
[INFO] [create-4]: process has finished cleanly [pid 91]
[INFO] [create-10]: process has finished cleanly [pid 97]
[INFO] [create-6]: process has finished cleanly [pid 93]
[INFO] [create-8]: process has finished cleanly [pid 95]
[gz-1] [1;33mWarning [parser_urdf.cc:1170][0m multiple inconsistent <self_collide> exists due to fixed joint reduction overwriting previous value [1] with [0].
[gz-1] [1;31m[Err] [SystemLoader.cc:92] [0m[1;31mFailed to load system plugin [[0m[1;31mlibgazebo_mimic_joint_plugin.so[0m[1;31m] : Could not find shared library.[0m[1;31m[0m
[gz-1] [1;31m[Err] [SystemLoader.cc:92] [0m[1;31mFailed to load system plugin [[0m[1;31mlibgazebo_mimic_joint_plugin.so[0m[1;31m] : Could not find shared library.[0m[1;31m[0m
[gz-1] [1;31m[Err] [SystemLoader.cc:92] [0m[1;31mFailed to load system plugin [[0m[1;31mlibgazebo_mimic_joint_plugin.so[0m[1;31m] : Could not find shared library.[0m[1;31m[0m
[gz-1] [1;31m[Err] [SystemLoader.cc:92] [0m[1;31mFailed to load system plugin [[0m[1;31mlibgazebo_mimic_joint_plugin.so[0m[1;31m] : Could not find shared library.[0m[1;31m[0m
[gz-1] [1;31m[Err] [SystemLoader.cc:92] [0m[1;31mFailed to load system plugin [[0m[1;31mlibgazebo_mimic_joint_plugin.so[0m[1;31m] : Could not find shared library.[0m[1;31m[0m
[gz-1] [INFO] [1787854575.756519549] [cite.cell_a.arm_3.gz_ros_control]: [gz_ros2_control] Fixed joint ['arm_3_mount_world_anchor'] (Entity='60') is skipped.
[gz-1] [INFO] [1787854575.759050174] [cite.cell_a.arm_3.gz_ros_control]: Loading controller_manager
[gz-1] [INFO] [1787854575.770536632] [cite.cell_a.arm_3.controller_manager]: Using ROS clock for triggering controller manager cycles.
[gz-1] [INFO] [1787854575.773855549] [cite.cell_a.arm_3.controller_manager]: Subscribing to '/cite/cell_a/arm_3/robot_description' topic for robot description.
[gz-1] [WARN] [1787854575.776471507] [cite.cell_a.arm_3.gz_ros_control]: Waiting RM to load and initialize hardware...
[gz-1] [WARN] [1787854576.776302758] [cite.cell_a.arm_3.controller_manager]: Waiting for data on 'robot_description' topic to finish initialization
[frame_server.py-11] [INFO] [1787854577.118362425] [cite.facility.frame_server]: configured with 21 static transform(s)
[frame_server.py-11] [INFO] [1787854577.124970091] [cite.facility.frame_server]: published 21 static transform(s)
[topology_server.py-13] [INFO] [1787854577.146885550] [cite.facility.topology_server]: configured with 5 station(s) and 4 edge(s)
[gz-1] [INFO] [1787854577.290254008] [cite.cell_a.arm_3.controller_manager]: Received robot description from topic.
[gz-1] [INFO] [1787854577.292515675] [cite.cell_a.arm_3.gz_ros_control]: Using JointLimiter for joint 'arm_3_joint5' in hardware 'arm_3_gz_ros2_control/GazeboSimSystem' : '  has position limits: true [-6.28319, 6.28319]
[gz-1]   has velocity limits: true [3.14]
[gz-1]   has acceleration limits: false [nan]
[gz-1]   has deceleration limits: false [nan]
[gz-1]   has jerk limits: false [nan]
[gz-1]   has effort limits: true [20]
[gz-1]   angle wraparound: false'
[gz-1] [INFO] [1787854577.292544133] [cite.cell_a.arm_3.gz_ros_control]: Creating JointSaturationLimiter for joint 'arm_3_joint5' in hardware 'arm_3_gz_ros2_control/GazeboSimSystem'
[gz-1] [INFO] [1787854577.292560133] [cite.cell_a.arm_3.gz_ros_control]: Using JointLimiter for joint 'arm_3_joint3' in hardware 'arm_3_gz_ros2_control/GazeboSimSystem' : '  has position limits: true [-3.927, 0.19198]
[gz-1]   has velocity limits: true [3.14]
[gz-1]   has acceleration limits: false [nan]
[gz-1]   has deceleration limits: false [nan]
[gz-1]   has jerk limits: false [nan]
[gz-1]   has effort limits: true [30]
[gz-1]   angle wraparound: false'
[gz-1] [INFO] [1787854577.292563800] [cite.cell_a.arm_3.gz_ros_control]: Creating JointSaturationLimiter for joint 'arm_3_joint3' in hardware 'arm_3_gz_ros2_control/GazeboSimSystem'
[gz-1] [INFO] [1787854577.292567966] [cite.cell_a.arm_3.gz_ros_control]: Using JointLimiter for joint 'arm_3_joint4' in hardware 'arm_3_gz_ros2_control/GazeboSimSystem' : '  has position limits: true [-1.69297, 3.14159]
[gz-1]   has velocity limits: true [3.14]
[gz-1]   has acceleration limits: false [nan]
[gz-1]   has deceleration limits: false [nan]
[gz-1]   has jerk limits: false [nan]
[gz-1]   has effort limits: true [20]
[gz-1]   angle wraparound: false'
[gz-1] [INFO] [1787854577.292570675] [cite.cell_a.arm_3.gz_ros_control]: Creating JointSaturationLimiter for joint 'arm_3_joint4' in hardware 'arm_3_gz_ros2_control/GazeboSimSystem'
[gz-1] [INFO] [1787854577.292574133] [cite.cell_a.arm_3.gz_ros_control]: Using JointLimiter for joint 'arm_3_joint2' in hardware 'arm_3_gz_ros2_control/GazeboSimSystem' : '  has position limits: true [-2.059, 2.0944]
[gz-1]   has velocity limits: true [3.14]
[gz-1]   has acceleration limits: false [nan]
[gz-1]   has deceleration limits: false [nan]
[gz-1]   has jerk limits: false [nan]
[gz-1]   has effort limits: true [50]
[gz-1]   angle wraparound: false'
[gz-1] [INFO] [1787854577.292576758] [cite.cell_a.arm_3.gz_ros_control]: Creating JointSaturationLimiter for joint 'arm_3_joint2' in hardware 'arm_3_gz_ros2_control/GazeboSimSystem'
[gz-1] [INFO] [1787854577.292587175] [cite.cell_a.arm_3.gz_ros_control]: Using JointLimiter for joint 'arm_3_joint1' in hardware 'arm_3_gz_ros2_control/GazeboSimSystem' : '  has position limits: true [-6.28319, 6.28319]
[gz-1]   has velocity limits: true [3.14]
[gz-1]   has acceleration limits: false [nan]
[gz-1]   has deceleration limits: false [nan]
[gz-1]   has jerk limits: false [nan]
[gz-1]   has effort limits: true [50]
[gz-1]   angle wraparound: false'
[gz-1] [INFO] [1787854577.292591550] [cite.cell_a.arm_3.gz_ros_control]: Creating JointSaturationLimiter for joint 'arm_3_joint1' in hardware 'arm_3_gz_ros2_control/GazeboSimSystem'
[gz-1] [INFO] [1787854577.292597175] [cite.cell_a.arm_3.gz_ros_control]: Using JointLimiter for joint 'arm_3_right_inner_knuckle_joint' in hardware 'arm_3_XArmGripperSystem' : '  has position limits: true [0, 0.85]
[gz-1]   has velocity limits: true [2]
[gz-1]   has acceleration limits: false [nan]
[gz-1]   has deceleration limits: false [nan]
[gz-1]   has jerk limits: false [nan]
[gz-1]   has effort limits: true [50]
[gz-1]   angle wraparound: false'
[gz-1] [INFO] [1787854577.292626716] [cite.cell_a.arm_3.gz_ros_control]: Creating JointSaturationLimiter for joint 'arm_3_right_inner_knuckle_joint' in hardware 'arm_3_XArmGripperSystem'
[gz-1] [INFO] [1787854577.292635966] [cite.cell_a.arm_3.gz_ros_control]: Using JointLimiter for joint 'arm_3_right_finger_joint' in hardware 'arm_3_XArmGripperSystem' : '  has position limits: true [0, 0.85]
[gz-1]   has velocity limits: true [2]
[gz-1]   has acceleration limits: false [nan]
[gz-1]   has deceleration limits: false [nan]
[gz-1]   has jerk limits: false [nan]
[gz-1]   has effort limits: true [50]
[gz-1]   angle wraparound: false'
[gz-1] [INFO] [1787854577.292638841] [cite.cell_a.arm_3.gz_ros_control]: Creating JointSaturationLimiter for joint 'arm_3_right_finger_joint' in hardware 'arm_3_XArmGripperSystem'
[gz-1] [INFO] [1787854577.292642550] [cite.cell_a.arm_3.gz_ros_control]: Using JointLimiter for joint 'arm_3_right_outer_knuckle_joint' in hardware 'arm_3_XArmGripperSystem' : '  has position limits: true [0, 0.85]
[gz-1]   has velocity limits: true [2]
[gz-1]   has acceleration limits: false [nan]
[gz-1]   has deceleration limits: false [nan]
[gz-1]   has jerk limits: false [nan]
[gz-1]   has effort limits: true [50]
[gz-1]   angle wraparound: false'
[gz-1] [INFO] [1787854577.292645050] [cite.cell_a.arm_3.gz_ros_control]: Creating JointSaturationLimiter for joint 'arm_3_right_outer_knuckle_joint' in hardware 'arm_3_XArmGripperSystem'
[gz-1] [INFO] [1787854577.292649716] [cite.cell_a.arm_3.gz_ros_control]: Using JointLimiter for joint 'arm_3_left_inner_knuckle_joint' in hardware 'arm_3_XArmGripperSystem' : '  has position limits: true [0, 0.85]
[gz-1]   has velocity limits: true [2]
[gz-1]   has acceleration limits: false [nan]
[gz-1]   has deceleration limits: false [nan]
[gz-1]   has jerk limits: false [nan]
[gz-1]   has effort limits: true [50]
[gz-1]   angle wraparound: false'
[gz-1] [INFO] [1787854577.292652633] [cite.cell_a.arm_3.gz_ros_control]: Creating JointSaturationLimiter for joint 'arm_3_left_inner_knuckle_joint' in hardware 'arm_3_XArmGripperSystem'
[gz-1] [INFO] [1787854577.292656800] [cite.cell_a.arm_3.gz_ros_control]: Using JointLimiter for joint 'arm_3_left_finger_joint' in hardware 'arm_3_XArmGripperSystem' : '  has position limits: true [0, 0.85]
[gz-1]   has velocity limits: true [2]
[gz-1]   has acceleration limits: false [nan]
[gz-1]   has deceleration limits: false [nan]
[gz-1]   has jerk limits: false [nan]
[gz-1]   has effort limits: true [50]
[gz-1]   angle wraparound: false'
[gz-1] [INFO] [1787854577.292659800] [cite.cell_a.arm_3.gz_ros_control]: Creating JointSaturationLimiter for joint 'arm_3_left_finger_joint' in hardware 'arm_3_XArmGripperSystem'
[gz-1] [INFO] [1787854577.292663675] [cite.cell_a.arm_3.gz_ros_control]: Using JointLimiter for joint 'arm_3_drive_joint' in hardware 'arm_3_XArmGripperSystem' : '  has position limits: true [0, 0.85]
[gz-1]   has velocity limits: true [1]
[gz-1]   has acceleration limits: false [nan]
[gz-1]   has deceleration limits: false [nan]
[gz-1]   has jerk limits: false [nan]
[gz-1]   has effort limits: true [50]
[gz-1]   angle wraparound: false'
[gz-1] [INFO] [1787854577.292666050] [cite.cell_a.arm_3.gz_ros_control]: Creating JointSaturationLimiter for joint 'arm_3_drive_joint' in hardware 'arm_3_XArmGripperSystem'
[gz-1] [INFO] [1787854577.292671050] [cite.cell_a.arm_3.controller_manager]: Enforcing command limits is enabled...
[gz-1] [INFO] [1787854577.294959716] [cite.cell_a.arm_3.gz_ros_control]: The position_proportional_gain has been set to: 0.1
[gz-1] [INFO] [1787854577.295014383] [cite.cell_a.arm_3.gz_ros_control]: Loading joint: arm_3_joint1
[gz-1] [INFO] [1787854577.295026758] [cite.cell_a.arm_3.gz_ros_control]: 	State:
[gz-1] [INFO] [1787854577.295032383] [cite.cell_a.arm_3.gz_ros_control]: 		 position
[gz-1] [INFO] [1787854577.295034883] [cite.cell_a.arm_3.gz_ros_control]: 		 velocity
[gz-1] [INFO] [1787854577.295041758] [cite.cell_a.arm_3.gz_ros_control]: 	Command:
[gz-1] [INFO] [1787854577.295047508] [cite.cell_a.arm_3.gz_ros_control]: 		 position
[gz-1] [INFO] [1787854577.295053133] [cite.cell_a.arm_3.gz_ros_control]: 		 velocity
[gz-1] [INFO] [1787854577.295058216] [cite.cell_a.arm_3.gz_ros_control]: Loading joint: arm_3_joint2
[gz-1] [INFO] [1787854577.295060216] [cite.cell_a.arm_3.gz_ros_control]: 	State:
[gz-1] [INFO] [1787854577.295067841] [cite.cell_a.arm_3.gz_ros_control]: 		 position
[gz-1] [INFO] [1787854577.295070341] [cite.cell_a.arm_3.gz_ros_control]: 		 velocity
[gz-1] [INFO] [1787854577.295072133] [cite.cell_a.arm_3.gz_ros_control]: 	Command:
[gz-1] [INFO] [1787854577.295073841] [cite.cell_a.arm_3.gz_ros_control]: 		 position
[gz-1] [INFO] [1787854577.295076966] [cite.cell_a.arm_3.gz_ros_control]: 		 velocity
[gz-1] [INFO] [1787854577.295081050] [cite.cell_a.arm_3.gz_ros_control]: Loading joint: arm_3_joint3
[gz-1] [INFO] [1787854577.295083466] [cite.cell_a.arm_3.gz_ros_control]: 	State:
[gz-1] [INFO] [1787854577.295085508] [cite.cell_a.arm_3.gz_ros_control]: 		 position
[gz-1] [INFO] [1787854577.295088050] [cite.cell_a.arm_3.gz_ros_control]: 		 velocity
[gz-1] [INFO] [1787854577.295090008] [cite.cell_a.arm_3.gz_ros_control]: 	Command:
[gz-1] [INFO] [1787854577.295091841] [cite.cell_a.arm_3.gz_ros_control]: 		 position
[gz-1] [INFO] [1787854577.295094966] [cite.cell_a.arm_3.gz_ros_control]: 		 velocity
[gz-1] [INFO] [1787854577.295098341] [cite.cell_a.arm_3.gz_ros_control]: Loading joint: arm_3_joint4
[gz-1] [INFO] [1787854577.295100133] [cite.cell_a.arm_3.gz_ros_control]: 	State:
[gz-1] [INFO] [1787854577.295101925] [cite.cell_a.arm_3.gz_ros_control]: 		 position
[gz-1] [INFO] [1787854577.295103550] [cite.cell_a.arm_3.gz_ros_control]: 		 velocity
[gz-1] [INFO] [1787854577.295105133] [cite.cell_a.arm_3.gz_ros_control]: 	Command:
[gz-1] [INFO] [1787854577.295106675] [cite.cell_a.arm_3.gz_ros_control]: 		 position
[gz-1] [INFO] [1787854577.295110383] [cite.cell_a.arm_3.gz_ros_control]: 		 velocity
[gz-1] [INFO] [1787854577.295114758] [cite.cell_a.arm_3.gz_ros_control]: Loading joint: arm_3_joint5
[gz-1] [INFO] [1787854577.295116550] [cite.cell_a.arm_3.gz_ros_control]: 	State:
[gz-1] [INFO] [1787854577.295118050] [cite.cell_a.arm_3.gz_ros_control]: 		 position
[gz-1] [INFO] [1787854577.295120216] [cite.cell_a.arm_3.gz_ros_control]: 		 velocity
[gz-1] [INFO] [1787854577.295121841] [cite.cell_a.arm_3.gz_ros_control]: 	Command:
[gz-1] [INFO] [1787854577.295123341] [cite.cell_a.arm_3.gz_ros_control]: 		 position
[gz-1] [INFO] [1787854577.295126883] [cite.cell_a.arm_3.gz_ros_control]: 		 velocity
[gz-1] [INFO] [1787854577.295218175] [cite.cell_a.arm_3.controller_manager]: Initialize hardware 'arm_3_gz_ros2_control/GazeboSimSystem' 
[gz-1] [WARN] [1787854577.295232425] [cite.cell_a.arm_3.controller_manager.hardware_component.system.arm_3_gz_ros2_control/GazeboSimSystem]: Executor is not available during hardware component initialization for 'arm_3_gz_ros2_control/GazeboSimSystem'. Skipping node creation!
[gz-1] [INFO] [1787854577.295285966] [cite.cell_a.arm_3.controller_manager]: Successful initialization of hardware 'arm_3_gz_ros2_control/GazeboSimSystem'
[gz-1] [INFO] [1787854577.295416966] [cite.cell_a.arm_3.gz_ros_control]: The position_proportional_gain has been set to: 0.1
[gz-1] [INFO] [1787854577.295425675] [cite.cell_a.arm_3.gz_ros_control]: Loading joint: arm_3_drive_joint
[gz-1] [INFO] [1787854577.295428008] [cite.cell_a.arm_3.gz_ros_control]: 	State:
[gz-1] [INFO] [1787854577.295429841] [cite.cell_a.arm_3.gz_ros_control]: 		 position
[gz-1] [INFO] [1787854577.295431591] [cite.cell_a.arm_3.gz_ros_control]: 		 velocity
[gz-1] [INFO] [1787854577.295433508] [cite.cell_a.arm_3.gz_ros_control]: 	Command:
[gz-1] [INFO] [1787854577.295435216] [cite.cell_a.arm_3.gz_ros_control]: 		 position
[gz-1] [INFO] [1787854577.295440550] [cite.cell_a.arm_3.gz_ros_control]: 		 velocity
[gz-1] [INFO] [1787854577.295445133] [cite.cell_a.arm_3.gz_ros_control]: Loading joint: arm_3_left_finger_joint
[gz-1] [INFO] [1787854577.295447883] [cite.cell_a.arm_3.gz_ros_control]: Joint 'arm_3_left_finger_joint'is mimicking joint 'arm_3_drive_joint' with multiplier: 1 and offset: 0
[gz-1] [INFO] [1787854577.295450050] [cite.cell_a.arm_3.gz_ros_control]: 	State:
[gz-1] [INFO] [1787854577.295451675] [cite.cell_a.arm_3.gz_ros_control]: 		 position
[gz-1] [INFO] [1787854577.295453633] [cite.cell_a.arm_3.gz_ros_control]: 		 velocity
[gz-1] [INFO] [1787854577.295455383] [cite.cell_a.arm_3.gz_ros_control]: 	Command:
[gz-1] [INFO] [1787854577.295460300] [cite.cell_a.arm_3.gz_ros_control]: Loading joint: arm_3_left_inner_knuckle_joint
[gz-1] [INFO] [1787854577.295462800] [cite.cell_a.arm_3.gz_ros_control]: Joint 'arm_3_left_inner_knuckle_joint'is mimicking joint 'arm_3_drive_joint' with multiplier: 1 and offset: 0
[gz-1] [INFO] [1787854577.295467466] [cite.cell_a.arm_3.gz_ros_control]: 	State:
[gz-1] [INFO] [1787854577.295469341] [cite.cell_a.arm_3.gz_ros_control]: 		 position
[gz-1] [INFO] [1787854577.295471508] [cite.cell_a.arm_3.gz_ros_control]: 		 velocity
[gz-1] [INFO] [1787854577.295473133] [cite.cell_a.arm_3.gz_ros_control]: 	Command:
[gz-1] [INFO] [1787854577.295476633] [cite.cell_a.arm_3.gz_ros_control]: Loading joint: arm_3_right_outer_knuckle_joint
[gz-1] [INFO] [1787854577.295478758] [cite.cell_a.arm_3.gz_ros_control]: Joint 'arm_3_right_outer_knuckle_joint'is mimicking joint 'arm_3_drive_joint' with multiplier: 1 and offset: 0
[gz-1] [INFO] [1787854577.295480925] [cite.cell_a.arm_3.gz_ros_control]: 	State:
[gz-1] [INFO] [1787854577.295482466] [cite.cell_a.arm_3.gz_ros_control]: 		 position
[gz-1] [INFO] [1787854577.295484091] [cite.cell_a.arm_3.gz_ros_control]: 		 velocity
[gz-1] [INFO] [1787854577.295485716] [cite.cell_a.arm_3.gz_ros_control]: 	Command:
[gz-1] [INFO] [1787854577.295493841] [cite.cell_a.arm_3.gz_ros_control]: Loading joint: arm_3_right_finger_joint
[gz-1] [INFO] [1787854577.295499841] [cite.cell_a.arm_3.gz_ros_control]: Joint 'arm_3_right_finger_joint'is mimicking joint 'arm_3_drive_joint' with multiplier: 1 and offset: 0
[gz-1] [INFO] [1787854577.295501716] [cite.cell_a.arm_3.gz_ros_control]: 	State:
[gz-1] [INFO] [1787854577.295503383] [cite.cell_a.arm_3.gz_ros_control]: 		 position
[gz-1] [INFO] [1787854577.295505633] [cite.cell_a.arm_3.gz_ros_control]: 		 velocity
[gz-1] [INFO] [1787854577.295507341] [cite.cell_a.arm_3.gz_ros_control]: 	Command:
[gz-1] [INFO] [1787854577.295510300] [cite.cell_a.arm_3.gz_ros_control]: Loading joint: arm_3_right_inner_knuckle_joint
[gz-1] [INFO] [1787854577.295512591] [cite.cell_a.arm_3.gz_ros_control]: Joint 'arm_3_right_inner_knuckle_joint'is mimicking joint 'arm_3_drive_joint' with multiplier: 1 and offset: 0
[gz-1] [INFO] [1787854577.295515091] [cite.cell_a.arm_3.gz_ros_control]: 	State:
[gz-1] [INFO] [1787854577.295516758] [cite.cell_a.arm_3.gz_ros_control]: 		 position
[gz-1] [INFO] [1787854577.295518300] [cite.cell_a.arm_3.gz_ros_control]: 		 velocity
[gz-1] [INFO] [1787854577.295519800] [cite.cell_a.arm_3.gz_ros_control]: 	Command:
[gz-1] [INFO] [1787854577.295531841] [cite.cell_a.arm_3.controller_manager]: Initialize hardware 'arm_3_XArmGripperSystem' 
[gz-1] [WARN] [1787854577.295537216] [cite.cell_a.arm_3.controller_manager.hardware_component.system.arm_3_XArmGripperSystem]: Executor is not available during hardware component initialization for 'arm_3_XArmGripperSystem'. Skipping node creation!
[gz-1] [INFO] [1787854577.295559883] [cite.cell_a.arm_3.controller_manager]: Successful initialization of hardware 'arm_3_XArmGripperSystem'
[gz-1] [INFO] [1787854577.295615716] [cite.cell_a.arm_3.controller_manager]: Activating component 'arm_3_XArmGripperSystem'.
[gz-1] [INFO] [1787854577.295626008] [resource_manager]: 'configure' hardware 'arm_3_XArmGripperSystem' 
[gz-1] [INFO] [1787854577.295629925] [cite.cell_a.arm_3.gz_ros_control]: System Successfully configured!
[gz-1] [INFO] [1787854577.295632716] [resource_manager]: Successful 'configure' of hardware 'arm_3_XArmGripperSystem'
[gz-1] [INFO] [1787854577.295638591] [resource_manager]: 'activate' hardware 'arm_3_XArmGripperSystem' 
[gz-1] [INFO] [1787854577.295649966] [resource_manager]: Successful 'activate' of hardware 'arm_3_XArmGripperSystem'
[gz-1] [INFO] [1787854577.295712425] [cite.cell_a.arm_3.controller_manager]: Activating component 'arm_3_gz_ros2_control/GazeboSimSystem'.
[gz-1] [INFO] [1787854577.295715591] [resource_manager]: 'configure' hardware 'arm_3_gz_ros2_control/GazeboSimSystem' 
[gz-1] [INFO] [1787854577.295716841] [cite.cell_a.arm_3.gz_ros_control]: System Successfully configured!
[gz-1] [INFO] [1787854577.295719716] [resource_manager]: Successful 'configure' of hardware 'arm_3_gz_ros2_control/GazeboSimSystem'
[gz-1] [INFO] [1787854577.295721966] [resource_manager]: 'activate' hardware 'arm_3_gz_ros2_control/GazeboSimSystem' 
[gz-1] [INFO] [1787854577.295723508] [resource_manager]: Successful 'activate' of hardware 'arm_3_gz_ros2_control/GazeboSimSystem'
[gz-1] [WARN] [1787854577.295737675] [cite.cell_a.arm_3.controller_manager]: Component 'arm_3_XArmGripperSystem' does not have read or write statistics initialized, skipping registration.
[gz-1] [WARN] [1787854577.295750508] [cite.cell_a.arm_3.controller_manager]: Component 'arm_3_gz_ros2_control/GazeboSimSystem' does not have read or write statistics initialized, skipping registration.
[gz-1] [INFO] [1787854577.295758133] [cite.cell_a.arm_3.controller_manager]: Resource Manager has been successfully initialized. Starting Controller Manager services...
[gz-1] [1;33mWarning [parser_urdf.cc:1170][0m multiple inconsistent <self_collide> exists due to fixed joint reduction overwriting previous value [1] with [0].
[gz-1] [1;31m[Err] [SystemLoader.cc:92] [0m[1;31mFailed to load system plugin [[0m[1;31mlibgazebo_mimic_joint_plugin.so[0m[1;31m] : Could not find shared library.[0m[1;31m[0m
[gz-1] [1;31m[Err] [SystemLoader.cc:92] [0m[1;31mFailed to load system plugin [[0m[1;31mlibgazebo_mimic_joint_plugin.so[0m[1;31m] : Could not find shared library.[0m[1;31m[0m
[gz-1] [1;31m[Err] [SystemLoader.cc:92] [0m[1;31mFailed to load system plugin [[0m[1;31mlibgazebo_mimic_joint_plugin.so[0m[1;31m] : Could not find shared library.[0m[1;31m[0m
[gz-1] [1;31m[Err] [SystemLoader.cc:92] [0m[1;31mFailed to load system plugin [[0m[1;31mlibgazebo_mimic_joint_plugin.so[0m[1;31m] : Could not find shared library.[0m[1;31m[0m
[gz-1] [1;31m[Err] [SystemLoader.cc:92] [0m[1;31mFailed to load system plugin [[0m[1;31mlibgazebo_mimic_joint_plugin.so[0m[1;31m] : Could not find shared library.[0m[1;31m[0m
[gz-1] [INFO] [1787854577.840042008] [cite.cell_a.arm_1.gz_ros_control]: [gz_ros2_control] Fixed joint ['arm_1_mount_world_anchor'] (Entity='111') is skipped.
[gz-1] [INFO] [1787854577.842510300] [cite.cell_a.arm_1.gz_ros_control]: Loading controller_manager
[gz-1] [INFO] [1787854577.858550883] [cite.cell_a.arm_1.controller_manager]: Using ROS clock for triggering controller manager cycles.
[gz-1] [INFO] [1787854577.859615967] [cite.cell_a.arm_1.controller_manager]: Subscribing to '/cite/cell_a/arm_1/robot_description' topic for robot description.
[gz-1] [WARN] [1787854577.861996133] [cite.cell_a.arm_1.gz_ros_control]: Waiting RM to load and initialize hardware...
[gz-1] [INFO] [1787854577.871156758] [cite.cell_a.arm_1.controller_manager]: Received robot description from topic.
[gz-1] [INFO] [1787854577.872284300] [cite.cell_a.arm_1.gz_ros_control]: Using JointLimiter for joint 'arm_1_joint5' in hardware 'arm_1_gz_ros2_control/GazeboSimSystem' : '  has position limits: true [-6.28319, 6.28319]
[gz-1]   has velocity limits: true [3.14]
[gz-1]   has acceleration limits: false [nan]
[gz-1]   has deceleration limits: false [nan]
[gz-1]   has jerk limits: false [nan]
[gz-1]   has effort limits: true [20]
[gz-1]   angle wraparound: false'
[gz-1] [INFO] [1787854577.872302175] [cite.cell_a.arm_1.gz_ros_control]: Creating JointSaturationLimiter for joint 'arm_1_joint5' in hardware 'arm_1_gz_ros2_control/GazeboSimSystem'
[gz-1] [INFO] [1787854577.872308842] [cite.cell_a.arm_1.gz_ros_control]: Using JointLimiter for joint 'arm_1_joint4' in hardware 'arm_1_gz_ros2_control/GazeboSimSystem' : '  has position limits: true [-1.69297, 3.14159]
[gz-1]   has velocity limits: true [3.14]
[gz-1]   has acceleration limits: false [nan]
[gz-1]   has deceleration limits: false [nan]
[gz-1]   has jerk limits: false [nan]
[gz-1]   has effort limits: true [20]
[gz-1]   angle wraparound: false'
[gz-1] [INFO] [1787854577.872311967] [cite.cell_a.arm_1.gz_ros_control]: Creating JointSaturationLimiter for joint 'arm_1_joint4' in hardware 'arm_1_gz_ros2_control/GazeboSimSystem'
[gz-1] [INFO] [1787854577.872315633] [cite.cell_a.arm_1.gz_ros_control]: Using JointLimiter for joint 'arm_1_joint2' in hardware 'arm_1_gz_ros2_control/GazeboSimSystem' : '  has position limits: true [-2.059, 2.0944]
[gz-1]   has velocity limits: true [3.14]
[gz-1]   has acceleration limits: false [nan]
[gz-1]   has deceleration limits: false [nan]
[gz-1]   has jerk limits: false [nan]
[gz-1]   has effort limits: true [50]
[gz-1]   angle wraparound: false'
[gz-1] [INFO] [1787854577.872318425] [cite.cell_a.arm_1.gz_ros_control]: Creating JointSaturationLimiter for joint 'arm_1_joint2' in hardware 'arm_1_gz_ros2_control/GazeboSimSystem'
[gz-1] [INFO] [1787854577.872322092] [cite.cell_a.arm_1.gz_ros_control]: Using JointLimiter for joint 'arm_1_joint3' in hardware 'arm_1_gz_ros2_control/GazeboSimSystem' : '  has position limits: true [-3.927, 0.19198]
[gz-1]   has velocity limits: true [3.14]
[gz-1]   has acceleration limits: false [nan]
[gz-1]   has deceleration limits: false [nan]
[gz-1]   has jerk limits: false [nan]
[gz-1]   has effort limits: true [30]
[gz-1]   angle wraparound: false'
[gz-1] [INFO] [1787854577.872324633] [cite.cell_a.arm_1.gz_ros_control]: Creating JointSaturationLimiter for joint 'arm_1_joint3' in hardware 'arm_1_gz_ros2_control/GazeboSimSystem'
[gz-1] [INFO] [1787854577.872327967] [cite.cell_a.arm_1.gz_ros_control]: Using JointLimiter for joint 'arm_1_joint1' in hardware 'arm_1_gz_ros2_control/GazeboSimSystem' : '  has position limits: true [-6.28319, 6.28319]
[gz-1]   has velocity limits: true [3.14]
[gz-1]   has acceleration limits: false [nan]
[gz-1]   has deceleration limits: false [nan]
[gz-1]   has jerk limits: false [nan]
[gz-1]   has effort limits: true [50]
[gz-1]   angle wraparound: false'
[gz-1] [INFO] [1787854577.872330425] [cite.cell_a.arm_1.gz_ros_control]: Creating JointSaturationLimiter for joint 'arm_1_joint1' in hardware 'arm_1_gz_ros2_control/GazeboSimSystem'
[gz-1] [INFO] [1787854577.872342717] [cite.cell_a.arm_1.gz_ros_control]: Using JointLimiter for joint 'arm_1_right_inner_knuckle_joint' in hardware 'arm_1_XArmGripperSystem' : '  has position limits: true [0, 0.85]
[gz-1]   has velocity limits: true [2]
[gz-1]   has acceleration limits: false [nan]
[gz-1]   has deceleration limits: false [nan]
[gz-1]   has jerk limits: false [nan]
[gz-1]   has effort limits: true [50]
[gz-1]   angle wraparound: false'
[gz-1] [INFO] [1787854577.872346050] [cite.cell_a.arm_1.gz_ros_control]: Creating JointSaturationLimiter for joint 'arm_1_right_inner_knuckle_joint' in hardware 'arm_1_XArmGripperSystem'
[gz-1] [INFO] [1787854577.872350008] [cite.cell_a.arm_1.gz_ros_control]: Using JointLimiter for joint 'arm_1_right_finger_joint' in hardware 'arm_1_XArmGripperSystem' : '  has position limits: true [0, 0.85]
[gz-1]   has velocity limits: true [2]
[gz-1]   has acceleration limits: false [nan]
[gz-1]   has deceleration limits: false [nan]
[gz-1]   has jerk limits: false [nan]
[gz-1]   has effort limits: true [50]
[gz-1]   angle wraparound: false'
[gz-1] [INFO] [1787854577.872352592] [cite.cell_a.arm_1.gz_ros_control]: Creating JointSaturationLimiter for joint 'arm_1_right_finger_joint' in hardware 'arm_1_XArmGripperSystem'
[gz-1] [INFO] [1787854577.872356300] [cite.cell_a.arm_1.gz_ros_control]: Using JointLimiter for joint 'arm_1_right_outer_knuckle_joint' in hardware 'arm_1_XArmGripperSystem' : '  has position limits: true [0, 0.85]
[gz-1]   has velocity limits: true [2]
[gz-1]   has acceleration limits: false [nan]
[gz-1]   has deceleration limits: false [nan]
[gz-1]   has jerk limits: false [nan]
[gz-1]   has effort limits: true [50]
[gz-1]   angle wraparound: false'
[gz-1] [INFO] [1787854577.872358550] [cite.cell_a.arm_1.gz_ros_control]: Creating JointSaturationLimiter for joint 'arm_1_right_outer_knuckle_joint' in hardware 'arm_1_XArmGripperSystem'
[gz-1] [INFO] [1787854577.872362133] [cite.cell_a.arm_1.gz_ros_control]: Using JointLimiter for joint 'arm_1_left_inner_knuckle_joint' in hardware 'arm_1_XArmGripperSystem' : '  has position limits: true [0, 0.85]
[gz-1]   has velocity limits: true [2]
[gz-1]   has acceleration limits: false [nan]
[gz-1]   has deceleration limits: false [nan]
[gz-1]   has jerk limits: false [nan]
[gz-1]   has effort limits: true [50]
[gz-1]   angle wraparound: false'
[gz-1] [INFO] [1787854577.872364467] [cite.cell_a.arm_1.gz_ros_control]: Creating JointSaturationLimiter for joint 'arm_1_left_inner_knuckle_joint' in hardware 'arm_1_XArmGripperSystem'
[gz-1] [INFO] [1787854577.872367758] [cite.cell_a.arm_1.gz_ros_control]: Using JointLimiter for joint 'arm_1_left_finger_joint' in hardware 'arm_1_XArmGripperSystem' : '  has position limits: true [0, 0.85]
[gz-1]   has velocity limits: true [2]
[gz-1]   has acceleration limits: false [nan]
[gz-1]   has deceleration limits: false [nan]
[gz-1]   has jerk limits: false [nan]
[gz-1]   has effort limits: true [50]
[gz-1]   angle wraparound: false'
[gz-1] [INFO] [1787854577.872369967] [cite.cell_a.arm_1.gz_ros_control]: Creating JointSaturationLimiter for joint 'arm_1_left_finger_joint' in hardware 'arm_1_XArmGripperSystem'
[gz-1] [INFO] [1787854577.872373133] [cite.cell_a.arm_1.gz_ros_control]: Using JointLimiter for joint 'arm_1_drive_joint' in hardware 'arm_1_XArmGripperSystem' : '  has position limits: true [0, 0.85]
[gz-1]   has velocity limits: true [1]
[gz-1]   has acceleration limits: false [nan]
[gz-1]   has deceleration limits: false [nan]
[gz-1]   has jerk limits: false [nan]
[gz-1]   has effort limits: true [50]
[gz-1]   angle wraparound: false'
[gz-1] [INFO] [1787854577.872375383] [cite.cell_a.arm_1.gz_ros_control]: Creating JointSaturationLimiter for joint 'arm_1_drive_joint' in hardware 'arm_1_XArmGripperSystem'
[gz-1] [INFO] [1787854577.872379633] [cite.cell_a.arm_1.controller_manager]: Enforcing command limits is enabled...
[gz-1] [INFO] [1787854577.873299758] [cite.cell_a.arm_1.gz_ros_control]: The position_proportional_gain has been set to: 0.1
[gz-1] [INFO] [1787854577.873329008] [cite.cell_a.arm_1.gz_ros_control]: Loading joint: arm_1_joint1
[gz-1] [INFO] [1787854577.873337467] [cite.cell_a.arm_1.gz_ros_control]: 	State:
[gz-1] [INFO] [1787854577.873340008] [cite.cell_a.arm_1.gz_ros_control]: 		 position
[gz-1] [INFO] [1787854577.873342550] [cite.cell_a.arm_1.gz_ros_control]: 		 velocity
[gz-1] [INFO] [1787854577.873345133] [cite.cell_a.arm_1.gz_ros_control]: 	Command:
[gz-1] [INFO] [1787854577.873350967] [cite.cell_a.arm_1.gz_ros_control]: 		 position
[gz-1] [INFO] [1787854577.873357300] [cite.cell_a.arm_1.gz_ros_control]: 		 velocity
[gz-1] [INFO] [1787854577.873362342] [cite.cell_a.arm_1.gz_ros_control]: Loading joint: arm_1_joint2
[gz-1] [INFO] [1787854577.873364342] [cite.cell_a.arm_1.gz_ros_control]: 	State:
[gz-1] [INFO] [1787854577.873366092] [cite.cell_a.arm_1.gz_ros_control]: 		 position
[gz-1] [INFO] [1787854577.873368175] [cite.cell_a.arm_1.gz_ros_control]: 		 velocity
[gz-1] [INFO] [1787854577.873369842] [cite.cell_a.arm_1.gz_ros_control]: 	Command:
[gz-1] [INFO] [1787854577.873371383] [cite.cell_a.arm_1.gz_ros_control]: 		 position
[gz-1] [INFO] [1787854577.873374550] [cite.cell_a.arm_1.gz_ros_control]: 		 velocity
[gz-1] [INFO] [1787854577.873379883] [cite.cell_a.arm_1.gz_ros_control]: Loading joint: arm_1_joint3
[gz-1] [INFO] [1787854577.873381758] [cite.cell_a.arm_1.gz_ros_control]: 	State:
[gz-1] [INFO] [1787854577.873384675] [cite.cell_a.arm_1.gz_ros_control]: 		 position
[gz-1] [INFO] [1787854577.873386717] [cite.cell_a.arm_1.gz_ros_control]: 		 velocity
[gz-1] [INFO] [1787854577.873388258] [cite.cell_a.arm_1.gz_ros_control]: 	Command:
[gz-1] [INFO] [1787854577.873389883] [cite.cell_a.arm_1.gz_ros_control]: 		 position
[gz-1] [INFO] [1787854577.873392967] [cite.cell_a.arm_1.gz_ros_control]: 		 velocity
[gz-1] [INFO] [1787854577.873396842] [cite.cell_a.arm_1.gz_ros_control]: Loading joint: arm_1_joint4
[gz-1] [INFO] [1787854577.873398717] [cite.cell_a.arm_1.gz_ros_control]: 	State:
[gz-1] [INFO] [1787854577.873400383] [cite.cell_a.arm_1.gz_ros_control]: 		 position
[gz-1] [INFO] [1787854577.873402050] [cite.cell_a.arm_1.gz_ros_control]: 		 velocity
[gz-1] [INFO] [1787854577.873403592] [cite.cell_a.arm_1.gz_ros_control]: 	Command:
[gz-1] [INFO] [1787854577.873405050] [cite.cell_a.arm_1.gz_ros_control]: 		 position
[gz-1] [INFO] [1787854577.873407592] [cite.cell_a.arm_1.gz_ros_control]: 		 velocity
[gz-1] [INFO] [1787854577.873411842] [cite.cell_a.arm_1.gz_ros_control]: Loading joint: arm_1_joint5
[gz-1] [INFO] [1787854577.873413883] [cite.cell_a.arm_1.gz_ros_control]: 	State:
[gz-1] [INFO] [1787854577.873415550] [cite.cell_a.arm_1.gz_ros_control]: 		 position
[gz-1] [INFO] [1787854577.873417675] [cite.cell_a.arm_1.gz_ros_control]: 		 velocity
[gz-1] [INFO] [1787854577.873419342] [cite.cell_a.arm_1.gz_ros_control]: 	Command:
[gz-1] [INFO] [1787854577.873420967] [cite.cell_a.arm_1.gz_ros_control]: 		 position
[gz-1] [INFO] [1787854577.873424467] [cite.cell_a.arm_1.gz_ros_control]: 		 velocity
[gz-1] [INFO] [1787854577.873445675] [cite.cell_a.arm_1.controller_manager]: Initialize hardware 'arm_1_gz_ros2_control/GazeboSimSystem' 
[gz-1] [WARN] [1787854577.873457633] [cite.cell_a.arm_1.controller_manager.hardware_component.system.arm_1_gz_ros2_control/GazeboSimSystem]: Executor is not available during hardware component initialization for 'arm_1_gz_ros2_control/GazeboSimSystem'. Skipping node creation!
[gz-1] [INFO] [1787854577.873481592] [cite.cell_a.arm_1.controller_manager]: Successful initialization of hardware 'arm_1_gz_ros2_control/GazeboSimSystem'
[gz-1] [INFO] [1787854577.873555967] [cite.cell_a.arm_1.gz_ros_control]: The position_proportional_gain has been set to: 0.1
[gz-1] [INFO] [1787854577.873562758] [cite.cell_a.arm_1.gz_ros_control]: Loading joint: arm_1_drive_joint
[gz-1] [INFO] [1787854577.873565175] [cite.cell_a.arm_1.gz_ros_control]: 	State:
[gz-1] [INFO] [1787854577.873567883] [cite.cell_a.arm_1.gz_ros_control]: 		 position
[gz-1] [INFO] [1787854577.873569842] [cite.cell_a.arm_1.gz_ros_control]: 		 velocity
[gz-1] [INFO] [1787854577.873571800] [cite.cell_a.arm_1.gz_ros_control]: 	Command:
[gz-1] [INFO] [1787854577.873573300] [cite.cell_a.arm_1.gz_ros_control]: 		 position
[gz-1] [INFO] [1787854577.873576300] [cite.cell_a.arm_1.gz_ros_control]: 		 velocity
[gz-1] [INFO] [1787854577.873671300] [cite.cell_a.arm_1.gz_ros_control]: Loading joint: arm_1_left_finger_joint
[gz-1] [INFO] [1787854577.873689467] [cite.cell_a.arm_1.gz_ros_control]: Joint 'arm_1_left_finger_joint'is mimicking joint 'arm_1_drive_joint' with multiplier: 1 and offset: 0
[gz-1] [INFO] [1787854577.873692883] [cite.cell_a.arm_1.gz_ros_control]: 	State:
[gz-1] [INFO] [1787854577.873695508] [cite.cell_a.arm_1.gz_ros_control]: 		 position
[gz-1] [INFO] [1787854577.873698883] [cite.cell_a.arm_1.gz_ros_control]: 		 velocity
[gz-1] [INFO] [1787854577.873709258] [cite.cell_a.arm_1.gz_ros_control]: 	Command:
[gz-1] [INFO] [1787854577.873718217] [cite.cell_a.arm_1.gz_ros_control]: Loading joint: arm_1_left_inner_knuckle_joint
[gz-1] [INFO] [1787854577.873721633] [cite.cell_a.arm_1.gz_ros_control]: Joint 'arm_1_left_inner_knuckle_joint'is mimicking joint 'arm_1_drive_joint' with multiplier: 1 and offset: 0
[gz-1] [INFO] [1787854577.873724342] [cite.cell_a.arm_1.gz_ros_control]: 	State:
[gz-1] [INFO] [1787854577.873726175] [cite.cell_a.arm_1.gz_ros_control]: 		 position
[gz-1] [INFO] [1787854577.873728592] [cite.cell_a.arm_1.gz_ros_control]: 		 velocity
[gz-1] [INFO] [1787854577.873730300] [cite.cell_a.arm_1.gz_ros_control]: 	Command:
[gz-1] [INFO] [1787854577.873734633] [cite.cell_a.arm_1.gz_ros_control]: Loading joint: arm_1_right_outer_knuckle_joint
[gz-1] [INFO] [1787854577.873736967] [cite.cell_a.arm_1.gz_ros_control]: Joint 'arm_1_right_outer_knuckle_joint'is mimicking joint 'arm_1_drive_joint' with multiplier: 1 and offset: 0
[gz-1] [INFO] [1787854577.873739092] [cite.cell_a.arm_1.gz_ros_control]: 	State:
[gz-1] [INFO] [1787854577.873740675] [cite.cell_a.arm_1.gz_ros_control]: 		 position
[gz-1] [INFO] [1787854577.873742383] [cite.cell_a.arm_1.gz_ros_control]: 		 velocity
[gz-1] [INFO] [1787854577.873743967] [cite.cell_a.arm_1.gz_ros_control]: 	Command:
[gz-1] [INFO] [1787854577.873747300] [cite.cell_a.arm_1.gz_ros_control]: Loading joint: arm_1_right_finger_joint
[gz-1] [INFO] [1787854577.873751883] [cite.cell_a.arm_1.gz_ros_control]: Joint 'arm_1_right_finger_joint'is mimicking joint 'arm_1_drive_joint' with multiplier: 1 and offset: 0
[gz-1] [INFO] [1787854577.873759300] [cite.cell_a.arm_1.gz_ros_control]: 	State:
[gz-1] [INFO] [1787854577.873763217] [cite.cell_a.arm_1.gz_ros_control]: 		 position
[gz-1] [INFO] [1787854577.873765800] [cite.cell_a.arm_1.gz_ros_control]: 		 velocity
[gz-1] [INFO] [1787854577.873767592] [cite.cell_a.arm_1.gz_ros_control]: 	Command:
[gz-1] [INFO] [1787854577.873772383] [cite.cell_a.arm_1.gz_ros_control]: Loading joint: arm_1_right_inner_knuckle_joint
[gz-1] [INFO] [1787854577.873774717] [cite.cell_a.arm_1.gz_ros_control]: Joint 'arm_1_right_inner_knuckle_joint'is mimicking joint 'arm_1_drive_joint' with multiplier: 1 and offset: 0
[gz-1] [INFO] [1787854577.873776758] [cite.cell_a.arm_1.gz_ros_control]: 	State:
[gz-1] [INFO] [1787854577.873778342] [cite.cell_a.arm_1.gz_ros_control]: 		 position
[gz-1] [INFO] [1787854577.873780050] [cite.cell_a.arm_1.gz_ros_control]: 		 velocity
[gz-1] [INFO] [1787854577.873781800] [cite.cell_a.arm_1.gz_ros_control]: 	Command:
[gz-1] [INFO] [1787854577.873798092] [cite.cell_a.arm_1.controller_manager]: Initialize hardware 'arm_1_XArmGripperSystem' 
[gz-1] [WARN] [1787854577.873810758] [cite.cell_a.arm_1.controller_manager.hardware_component.system.arm_1_XArmGripperSystem]: Executor is not available during hardware component initialization for 'arm_1_XArmGripperSystem'. Skipping node creation!
[gz-1] [INFO] [1787854577.873830675] [cite.cell_a.arm_1.controller_manager]: Successful initialization of hardware 'arm_1_XArmGripperSystem'
[gz-1] [INFO] [1787854577.873862675] [cite.cell_a.arm_1.controller_manager]: Activating component 'arm_1_XArmGripperSystem'.
[gz-1] [INFO] [1787854577.873870050] [resource_manager]: 'configure' hardware 'arm_1_XArmGripperSystem' 
[gz-1] [INFO] [1787854577.873873883] [cite.cell_a.arm_1.gz_ros_control]: System Successfully configured!
[gz-1] [INFO] [1787854577.873877842] [resource_manager]: Successful 'configure' of hardware 'arm_1_XArmGripperSystem'
[gz-1] [INFO] [1787854577.873880425] [resource_manager]: 'activate' hardware 'arm_1_XArmGripperSystem' 
[gz-1] [INFO] [1787854577.873882592] [resource_manager]: Successful 'activate' of hardware 'arm_1_XArmGripperSystem'
[gz-1] [INFO] [1787854577.873895342] [cite.cell_a.arm_1.controller_manager]: Activating component 'arm_1_gz_ros2_control/GazeboSimSystem'.
[gz-1] [INFO] [1787854577.873897842] [resource_manager]: 'configure' hardware 'arm_1_gz_ros2_control/GazeboSimSystem' 
[gz-1] [INFO] [1787854577.873898883] [cite.cell_a.arm_1.gz_ros_control]: System Successfully configured!
[gz-1] [INFO] [1787854577.873901550] [resource_manager]: Successful 'configure' of hardware 'arm_1_gz_ros2_control/GazeboSimSystem'
[gz-1] [INFO] [1787854577.873906800] [resource_manager]: 'activate' hardware 'arm_1_gz_ros2_control/GazeboSimSystem' 
[gz-1] [INFO] [1787854577.873908300] [resource_manager]: Successful 'activate' of hardware 'arm_1_gz_ros2_control/GazeboSimSystem'
[gz-1] [WARN] [1787854577.873919633] [cite.cell_a.arm_1.controller_manager]: Component 'arm_1_XArmGripperSystem' does not have read or write statistics initialized, skipping registration.
[gz-1] [WARN] [1787854577.873923925] [cite.cell_a.arm_1.controller_manager]: Component 'arm_1_gz_ros2_control/GazeboSimSystem' does not have read or write statistics initialized, skipping registration.
[gz-1] [INFO] [1787854577.873927592] [cite.cell_a.arm_1.controller_manager]: Resource Manager has been successfully initialized. Starting Controller Manager services...
[gz-1] [INFO] [1787854578.102222717] [cite.cell_a.arm_1.controller_manager]: Loading controller : 'arm_1_joint_state_broadcaster' of type 'joint_state_broadcaster/JointStateBroadcaster'
[gz-1] [INFO] [1787854578.102306258] [cite.cell_a.arm_1.controller_manager]: Loading controller 'arm_1_joint_state_broadcaster'
[gz-1] [INFO] [1787854578.110408217] [cite.cell_a.arm_1.controller_manager]: Controller 'arm_1_joint_state_broadcaster' node arguments: --ros-args --params-file /workspace/workspace/install/cite_generated/share/cite_generated/control/cell_a_arm_1_controllers.yaml -p use_sim_time:=true --param use_sim_time:=true 
[spawner-14] [INFO] [1787854578.131830717] [spawn_arm_1_stage0]: Loaded arm_1_joint_state_broadcaster
[gz-1] [INFO] [1787854578.218224009] [cite.cell_a.arm_1.controller_manager]: Configuring controller: 'arm_1_joint_state_broadcaster'
[gz-1] [INFO] [1787854578.218548342] [cite.cell_a.arm_1.arm_1_joint_state_broadcaster]: 'joints' or 'interfaces' parameter is empty. All available state interfaces will be published
[gz-1] [INFO] [1787854578.235344134] [cite.cell_a.arm_1.controller_manager]: Activating controllers: [ arm_1_joint_state_broadcaster ]
[gz-1] [1;33mWarning [parser_urdf.cc:1170][0m multiple inconsistent <self_collide> exists due to fixed joint reduction overwriting previous value [1] with [0].
[gz-1] [1;31m[Err] [SystemLoader.cc:92] [0m[1;31mFailed to load system plugin [[0m[1;31mlibgazebo_mimic_joint_plugin.so[0m[1;31m] : Could not find shared library.[0m[1;31m[0m
[gz-1] [1;31m[Err] [SystemLoader.cc:92] [0m[1;31mFailed to load system plugin [[0m[1;31mlibgazebo_mimic_joint_plugin.so[0m[1;31m] : Could not find shared library.[0m[1;31m[0m
[gz-1] [1;31m[Err] [SystemLoader.cc:92] [0m[1;31mFailed to load system plugin [[0m[1;31mlibgazebo_mimic_joint_plugin.so[0m[1;31m] : Could not find shared library.[0m[1;31m[0m
[gz-1] [1;31m[Err] [SystemLoader.cc:92] [0m[1;31mFailed to load system plugin [[0m[1;31mlibgazebo_mimic_joint_plugin.so[0m[1;31m] : Could not find shared library.[0m[1;31m[0m
[gz-1] [1;31m[Err] [SystemLoader.cc:92] [0m[1;31mFailed to load system plugin [[0m[1;31mlibgazebo_mimic_joint_plugin.so[0m[1;31m] : Could not find shared library.[0m[1;31m[0m
[gz-1] [INFO] [1787854579.945763301] [cite.cell_a.arm_2.gz_ros_control]: [gz_ros2_control] Fixed joint ['arm_2_mount_world_anchor'] (Entity='188') is skipped.
[gz-1] [INFO] [1787854579.947923926] [cite.cell_a.arm_2.gz_ros_control]: Loading controller_manager
[gz-1] [INFO] [1787854579.963963509] [cite.cell_a.arm_2.controller_manager]: Using ROS clock for triggering controller manager cycles.
[gz-1] [INFO] [1787854579.964790759] [cite.cell_a.arm_2.controller_manager]: Subscribing to '/cite/cell_a/arm_2/robot_description' topic for robot description.
[gz-1] [WARN] [1787854579.965826176] [cite.cell_a.arm_2.gz_ros_control]: Waiting RM to load and initialize hardware...
[gz-1] [INFO] [1787854579.977112593] [cite.cell_a.arm_2.controller_manager]: Received robot description from topic.
[gz-1] [INFO] [1787854579.978423634] [cite.cell_a.arm_2.gz_ros_control]: Using JointLimiter for joint 'arm_2_joint5' in hardware 'arm_2_gz_ros2_control/GazeboSimSystem' : '  has position limits: true [-6.28319, 6.28319]
[gz-1]   has velocity limits: true [3.14]
[gz-1]   has acceleration limits: false [nan]
[gz-1]   has deceleration limits: false [nan]
[gz-1]   has jerk limits: false [nan]
[gz-1]   has effort limits: true [20]
[gz-1]   angle wraparound: false'
[gz-1] [INFO] [1787854579.978448676] [cite.cell_a.arm_2.gz_ros_control]: Creating JointSaturationLimiter for joint 'arm_2_joint5' in hardware 'arm_2_gz_ros2_control/GazeboSimSystem'
[gz-1] [INFO] [1787854579.978455593] [cite.cell_a.arm_2.gz_ros_control]: Using JointLimiter for joint 'arm_2_joint4' in hardware 'arm_2_gz_ros2_control/GazeboSimSystem' : '  has position limits: true [-1.69297, 3.14159]
[gz-1]   has velocity limits: true [3.14]
[gz-1]   has acceleration limits: false [nan]
[gz-1]   has deceleration limits: false [nan]
[gz-1]   has jerk limits: false [nan]
[gz-1]   has effort limits: true [20]
[gz-1]   angle wraparound: false'
[gz-1] [INFO] [1787854579.978458384] [cite.cell_a.arm_2.gz_ros_control]: Creating JointSaturationLimiter for joint 'arm_2_joint4' in hardware 'arm_2_gz_ros2_control/GazeboSimSystem'
[gz-1] [INFO] [1787854579.978461884] [cite.cell_a.arm_2.gz_ros_control]: Using JointLimiter for joint 'arm_2_joint3' in hardware 'arm_2_gz_ros2_control/GazeboSimSystem' : '  has position limits: true [-3.927, 0.19198]
[gz-1]   has velocity limits: true [3.14]
[gz-1]   has acceleration limits: false [nan]
[gz-1]   has deceleration limits: false [nan]
[gz-1]   has jerk limits: false [nan]
[gz-1]   has effort limits: true [30]
[gz-1]   angle wraparound: false'
[gz-1] [INFO] [1787854579.978480801] [cite.cell_a.arm_2.gz_ros_control]: Creating JointSaturationLimiter for joint 'arm_2_joint3' in hardware 'arm_2_gz_ros2_control/GazeboSimSystem'
[gz-1] [INFO] [1787854579.978489718] [cite.cell_a.arm_2.gz_ros_control]: Using JointLimiter for joint 'arm_2_joint2' in hardware 'arm_2_gz_ros2_control/GazeboSimSystem' : '  has position limits: true [-2.059, 2.0944]
[gz-1]   has velocity limits: true [3.14]
[gz-1]   has acceleration limits: false [nan]
[gz-1]   has deceleration limits: false [nan]
[gz-1]   has jerk limits: false [nan]
[gz-1]   has effort limits: true [50]
[gz-1]   angle wraparound: false'
[gz-1] [INFO] [1787854579.978492301] [cite.cell_a.arm_2.gz_ros_control]: Creating JointSaturationLimiter for joint 'arm_2_joint2' in hardware 'arm_2_gz_ros2_control/GazeboSimSystem'
[gz-1] [INFO] [1787854579.978495676] [cite.cell_a.arm_2.gz_ros_control]: Using JointLimiter for joint 'arm_2_joint1' in hardware 'arm_2_gz_ros2_control/GazeboSimSystem' : '  has position limits: true [-6.28319, 6.28319]
[gz-1]   has velocity limits: true [3.14]
[gz-1]   has acceleration limits: false [nan]
[gz-1]   has deceleration limits: false [nan]
[gz-1]   has jerk limits: false [nan]
[gz-1]   has effort limits: true [50]
[gz-1]   angle wraparound: false'
[gz-1] [INFO] [1787854579.978498593] [cite.cell_a.arm_2.gz_ros_control]: Creating JointSaturationLimiter for joint 'arm_2_joint1' in hardware 'arm_2_gz_ros2_control/GazeboSimSystem'
[gz-1] [INFO] [1787854579.978502343] [cite.cell_a.arm_2.gz_ros_control]: Using JointLimiter for joint 'arm_2_right_inner_knuckle_joint' in hardware 'arm_2_XArmGripperSystem' : '  has position limits: true [0, 0.85]
[gz-1]   has velocity limits: true [2]
[gz-1]   has acceleration limits: false [nan]
[gz-1]   has deceleration limits: false [nan]
[gz-1]   has jerk limits: false [nan]
[gz-1]   has effort limits: true [50]
[gz-1]   angle wraparound: false'
[gz-1] [INFO] [1787854579.978505051] [cite.cell_a.arm_2.gz_ros_control]: Creating JointSaturationLimiter for joint 'arm_2_right_inner_knuckle_joint' in hardware 'arm_2_XArmGripperSystem'
[gz-1] [INFO] [1787854579.978508718] [cite.cell_a.arm_2.gz_ros_control]: Using JointLimiter for joint 'arm_2_right_finger_joint' in hardware 'arm_2_XArmGripperSystem' : '  has position limits: true [0, 0.85]
[gz-1]   has velocity limits: true [2]
[gz-1]   has acceleration limits: false [nan]
[gz-1]   has deceleration limits: false [nan]
[gz-1]   has jerk limits: false [nan]
[gz-1]   has effort limits: true [50]
[gz-1]   angle wraparound: false'
[gz-1] [INFO] [1787854579.978511093] [cite.cell_a.arm_2.gz_ros_control]: Creating JointSaturationLimiter for joint 'arm_2_right_finger_joint' in hardware 'arm_2_XArmGripperSystem'
[gz-1] [INFO] [1787854579.978514801] [cite.cell_a.arm_2.gz_ros_control]: Using JointLimiter for joint 'arm_2_right_outer_knuckle_joint' in hardware 'arm_2_XArmGripperSystem' : '  has position limits: true [0, 0.85]
[gz-1]   has velocity limits: true [2]
[gz-1]   has acceleration limits: false [nan]
[gz-1]   has deceleration limits: false [nan]
[gz-1]   has jerk limits: false [nan]
[gz-1]   has effort limits: true [50]
[gz-1]   angle wraparound: false'
[gz-1] [INFO] [1787854579.978517259] [cite.cell_a.arm_2.gz_ros_control]: Creating JointSaturationLimiter for joint 'arm_2_right_outer_knuckle_joint' in hardware 'arm_2_XArmGripperSystem'
[gz-1] [INFO] [1787854579.978522093] [cite.cell_a.arm_2.gz_ros_control]: Using JointLimiter for joint 'arm_2_left_finger_joint' in hardware 'arm_2_XArmGripperSystem' : '  has position limits: true [0, 0.85]
[gz-1]   has velocity limits: true [2]
[gz-1]   has acceleration limits: false [nan]
[gz-1]   has deceleration limits: false [nan]
[gz-1]   has jerk limits: false [nan]
[gz-1]   has effort limits: true [50]
[gz-1]   angle wraparound: false'
[gz-1] [INFO] [1787854579.978524509] [cite.cell_a.arm_2.gz_ros_control]: Creating JointSaturationLimiter for joint 'arm_2_left_finger_joint' in hardware 'arm_2_XArmGripperSystem'
[gz-1] [INFO] [1787854579.978527926] [cite.cell_a.arm_2.gz_ros_control]: Using JointLimiter for joint 'arm_2_left_inner_knuckle_joint' in hardware 'arm_2_XArmGripperSystem' : '  has position limits: true [0, 0.85]
[gz-1]   has velocity limits: true [2]
[gz-1]   has acceleration limits: false [nan]
[gz-1]   has deceleration limits: false [nan]
[gz-1]   has jerk limits: false [nan]
[gz-1]   has effort limits: true [50]
[gz-1]   angle wraparound: false'
[gz-1] [INFO] [1787854579.978532259] [cite.cell_a.arm_2.gz_ros_control]: Creating JointSaturationLimiter for joint 'arm_2_left_inner_knuckle_joint' in hardware 'arm_2_XArmGripperSystem'
[gz-1] [INFO] [1787854579.978535801] [cite.cell_a.arm_2.gz_ros_control]: Using JointLimiter for joint 'arm_2_drive_joint' in hardware 'arm_2_XArmGripperSystem' : '  has position limits: true [0, 0.85]
[gz-1]   has velocity limits: true [1]
[gz-1]   has acceleration limits: false [nan]
[gz-1]   has deceleration limits: false [nan]
[gz-1]   has jerk limits: false [nan]
[gz-1]   has effort limits: true [50]
[gz-1]   angle wraparound: false'
[gz-1] [INFO] [1787854579.978538051] [cite.cell_a.arm_2.gz_ros_control]: Creating JointSaturationLimiter for joint 'arm_2_drive_joint' in hardware 'arm_2_XArmGripperSystem'
[gz-1] [INFO] [1787854579.978544801] [cite.cell_a.arm_2.controller_manager]: Enforcing command limits is enabled...
[gz-1] [INFO] [1787854579.979540134] [cite.cell_a.arm_2.gz_ros_control]: The position_proportional_gain has been set to: 0.1
[gz-1] [INFO] [1787854579.979621176] [cite.cell_a.arm_2.gz_ros_control]: Loading joint: arm_2_joint1
[gz-1] [INFO] [1787854579.979631009] [cite.cell_a.arm_2.gz_ros_control]: 	State:
[gz-1] [INFO] [1787854579.979638134] [cite.cell_a.arm_2.gz_ros_control]: 		 position
[gz-1] [INFO] [1787854579.979640509] [cite.cell_a.arm_2.gz_ros_control]: 		 velocity
[gz-1] [INFO] [1787854579.979647468] [cite.cell_a.arm_2.gz_ros_control]: 	Command:
[gz-1] [INFO] [1787854579.979650509] [cite.cell_a.arm_2.gz_ros_control]: 		 position
[gz-1] [INFO] [1787854579.979656926] [cite.cell_a.arm_2.gz_ros_control]: 		 velocity
[gz-1] [INFO] [1787854579.979662593] [cite.cell_a.arm_2.gz_ros_control]: Loading joint: arm_2_joint2
[gz-1] [INFO] [1787854579.979664634] [cite.cell_a.arm_2.gz_ros_control]: 	State:
[gz-1] [INFO] [1787854579.979666426] [cite.cell_a.arm_2.gz_ros_control]: 		 position
[gz-1] [INFO] [1787854579.979668718] [cite.cell_a.arm_2.gz_ros_control]: 		 velocity
[gz-1] [INFO] [1787854579.979670509] [cite.cell_a.arm_2.gz_ros_control]: 	Command:
[gz-1] [INFO] [1787854579.979674926] [cite.cell_a.arm_2.gz_ros_control]: 		 position
[gz-1] [INFO] [1787854579.979681468] [cite.cell_a.arm_2.gz_ros_control]: 		 velocity
[gz-1] [INFO] [1787854579.979687968] [cite.cell_a.arm_2.gz_ros_control]: Loading joint: arm_2_joint3
[gz-1] [INFO] [1787854579.979693551] [cite.cell_a.arm_2.gz_ros_control]: 	State:
[gz-1] [INFO] [1787854579.979695301] [cite.cell_a.arm_2.gz_ros_control]: 		 position
[gz-1] [INFO] [1787854579.979697759] [cite.cell_a.arm_2.gz_ros_control]: 		 velocity
[gz-1] [INFO] [1787854579.979699301] [cite.cell_a.arm_2.gz_ros_control]: 	Command:
[gz-1] [INFO] [1787854579.979700843] [cite.cell_a.arm_2.gz_ros_control]: 		 position
[gz-1] [INFO] [1787854579.979703843] [cite.cell_a.arm_2.gz_ros_control]: 		 velocity
[gz-1] [INFO] [1787854579.979707384] [cite.cell_a.arm_2.gz_ros_control]: Loading joint: arm_2_joint4
[gz-1] [INFO] [1787854579.979715051] [cite.cell_a.arm_2.gz_ros_control]: 	State:
[gz-1] [INFO] [1787854579.979718259] [cite.cell_a.arm_2.gz_ros_control]: 		 position
[gz-1] [INFO] [1787854579.979719884] [cite.cell_a.arm_2.gz_ros_control]: 		 velocity
[gz-1] [INFO] [1787854579.979721509] [cite.cell_a.arm_2.gz_ros_control]: 	Command:
[gz-1] [INFO] [1787854579.979723093] [cite.cell_a.arm_2.gz_ros_control]: 		 position
[gz-1] [INFO] [1787854579.979726926] [cite.cell_a.arm_2.gz_ros_control]: 		 velocity
[gz-1] [INFO] [1787854579.979731718] [cite.cell_a.arm_2.gz_ros_control]: Loading joint: arm_2_joint5
[gz-1] [INFO] [1787854579.979734009] [cite.cell_a.arm_2.gz_ros_control]: 	State:
[gz-1] [INFO] [1787854579.979735884] [cite.cell_a.arm_2.gz_ros_control]: 		 position
[gz-1] [INFO] [1787854579.979738718] [cite.cell_a.arm_2.gz_ros_control]: 		 velocity
[gz-1] [INFO] [1787854579.979740801] [cite.cell_a.arm_2.gz_ros_control]: 	Command:
[gz-1] [INFO] [1787854579.979742759] [cite.cell_a.arm_2.gz_ros_control]: 		 position
[gz-1] [INFO] [1787854579.979747134] [cite.cell_a.arm_2.gz_ros_control]: 		 velocity
[gz-1] [INFO] [1787854579.979770468] [cite.cell_a.arm_2.controller_manager]: Initialize hardware 'arm_2_gz_ros2_control/GazeboSimSystem' 
[gz-1] [WARN] [1787854579.979783968] [cite.cell_a.arm_2.controller_manager.hardware_component.system.arm_2_gz_ros2_control/GazeboSimSystem]: Executor is not available during hardware component initialization for 'arm_2_gz_ros2_control/GazeboSimSystem'. Skipping node creation!
[gz-1] [INFO] [1787854579.979817176] [cite.cell_a.arm_2.controller_manager]: Successful initialization of hardware 'arm_2_gz_ros2_control/GazeboSimSystem'
[gz-1] [INFO] [1787854579.979919259] [cite.cell_a.arm_2.gz_ros_control]: The position_proportional_gain has been set to: 0.1
[gz-1] [INFO] [1787854579.979936843] [cite.cell_a.arm_2.gz_ros_control]: Loading joint: arm_2_drive_joint
[gz-1] [INFO] [1787854579.979940843] [cite.cell_a.arm_2.gz_ros_control]: 	State:
[gz-1] [INFO] [1787854579.979942759] [cite.cell_a.arm_2.gz_ros_control]: 		 position
[gz-1] [INFO] [1787854579.979944634] [cite.cell_a.arm_2.gz_ros_control]: 		 velocity
[gz-1] [INFO] [1787854579.979946718] [cite.cell_a.arm_2.gz_ros_control]: 	Command:
[gz-1] [INFO] [1787854579.979948301] [cite.cell_a.arm_2.gz_ros_control]: 		 position
[gz-1] [INFO] [1787854579.979951218] [cite.cell_a.arm_2.gz_ros_control]: 		 velocity
[gz-1] [INFO] [1787854579.979955926] [cite.cell_a.arm_2.gz_ros_control]: Loading joint: arm_2_left_finger_joint
[gz-1] [INFO] [1787854579.979959093] [cite.cell_a.arm_2.gz_ros_control]: Joint 'arm_2_left_finger_joint'is mimicking joint 'arm_2_drive_joint' with multiplier: 1 and offset: 0
[gz-1] [INFO] [1787854579.979961301] [cite.cell_a.arm_2.gz_ros_control]: 	State:
[gz-1] [INFO] [1787854579.979962926] [cite.cell_a.arm_2.gz_ros_control]: 		 position
[gz-1] [INFO] [1787854579.979964718] [cite.cell_a.arm_2.gz_ros_control]: 		 velocity
[gz-1] [INFO] [1787854579.979966468] [cite.cell_a.arm_2.gz_ros_control]: 	Command:
[gz-1] [INFO] [1787854579.979973343] [cite.cell_a.arm_2.gz_ros_control]: Loading joint: arm_2_left_inner_knuckle_joint
[gz-1] [INFO] [1787854579.979975843] [cite.cell_a.arm_2.gz_ros_control]: Joint 'arm_2_left_inner_knuckle_joint'is mimicking joint 'arm_2_drive_joint' with multiplier: 1 and offset: 0
[gz-1] [INFO] [1787854579.979977926] [cite.cell_a.arm_2.gz_ros_control]: 	State:
[gz-1] [INFO] [1787854579.979979468] [cite.cell_a.arm_2.gz_ros_control]: 		 position
[gz-1] [INFO] [1787854579.979981509] [cite.cell_a.arm_2.gz_ros_control]: 		 velocity
[gz-1] [INFO] [1787854579.979983176] [cite.cell_a.arm_2.gz_ros_control]: 	Command:
[gz-1] [INFO] [1787854579.979986968] [cite.cell_a.arm_2.gz_ros_control]: Loading joint: arm_2_right_outer_knuckle_joint
[gz-1] [INFO] [1787854579.979993218] [cite.cell_a.arm_2.gz_ros_control]: Joint 'arm_2_right_outer_knuckle_joint'is mimicking joint 'arm_2_drive_joint' with multiplier: 1 and offset: 0
[gz-1] [INFO] [1787854579.979995718] [cite.cell_a.arm_2.gz_ros_control]: 	State:
[gz-1] [INFO] [1787854579.979997843] [cite.cell_a.arm_2.gz_ros_control]: 		 position
[gz-1] [INFO] [1787854579.979999884] [cite.cell_a.arm_2.gz_ros_control]: 		 velocity
[gz-1] [INFO] [1787854579.980002051] [cite.cell_a.arm_2.gz_ros_control]: 	Command:
[gz-1] [INFO] [1787854579.980006218] [cite.cell_a.arm_2.gz_ros_control]: Loading joint: arm_2_right_finger_joint
[gz-1] [INFO] [1787854579.980008843] [cite.cell_a.arm_2.gz_ros_control]: Joint 'arm_2_right_finger_joint'is mimicking joint 'arm_2_drive_joint' with multiplier: 1 and offset: 0
[gz-1] [INFO] [1787854579.980012301] [cite.cell_a.arm_2.gz_ros_control]: 	State:
[gz-1] [INFO] [1787854579.980014384] [cite.cell_a.arm_2.gz_ros_control]: 		 position
[gz-1] [INFO] [1787854579.980017009] [cite.cell_a.arm_2.gz_ros_control]: 		 velocity
[gz-1] [INFO] [1787854579.980019093] [cite.cell_a.arm_2.gz_ros_control]: 	Command:
[gz-1] [INFO] [1787854579.980026009] [cite.cell_a.arm_2.gz_ros_control]: Loading joint: arm_2_right_inner_knuckle_joint
[gz-1] [INFO] [1787854579.980033593] [cite.cell_a.arm_2.gz_ros_control]: Joint 'arm_2_right_inner_knuckle_joint'is mimicking joint 'arm_2_drive_joint' with multiplier: 1 and offset: 0
[gz-1] [INFO] [1787854579.980036093] [cite.cell_a.arm_2.gz_ros_control]: 	State:
[gz-1] [INFO] [1787854579.980038134] [cite.cell_a.arm_2.gz_ros_control]: 		 position
[gz-1] [INFO] [1787854579.980040009] [cite.cell_a.arm_2.gz_ros_control]: 		 velocity
[gz-1] [INFO] [1787854579.980045509] [cite.cell_a.arm_2.gz_ros_control]: 	Command:
[gz-1] [INFO] [1787854579.980058176] [cite.cell_a.arm_2.controller_manager]: Initialize hardware 'arm_2_XArmGripperSystem' 
[gz-1] [WARN] [1787854579.980062384] [cite.cell_a.arm_2.controller_manager.hardware_component.system.arm_2_XArmGripperSystem]: Executor is not available during hardware component initialization for 'arm_2_XArmGripperSystem'. Skipping node creation!
[gz-1] [INFO] [1787854579.980076218] [cite.cell_a.arm_2.controller_manager]: Successful initialization of hardware 'arm_2_XArmGripperSystem'
[gz-1] [INFO] [1787854579.980152009] [cite.cell_a.arm_2.controller_manager]: Activating component 'arm_2_XArmGripperSystem'.
[gz-1] [INFO] [1787854579.980158218] [resource_manager]: 'configure' hardware 'arm_2_XArmGripperSystem' 
[gz-1] [INFO] [1787854579.980159843] [cite.cell_a.arm_2.gz_ros_control]: System Successfully configured!
[gz-1] [INFO] [1787854579.980162343] [resource_manager]: Successful 'configure' of hardware 'arm_2_XArmGripperSystem'
[gz-1] [INFO] [1787854579.980164676] [resource_manager]: 'activate' hardware 'arm_2_XArmGripperSystem' 
[gz-1] [INFO] [1787854579.980166926] [resource_manager]: Successful 'activate' of hardware 'arm_2_XArmGripperSystem'
[gz-1] [INFO] [1787854579.980180176] [cite.cell_a.arm_2.controller_manager]: Activating component 'arm_2_gz_ros2_control/GazeboSimSystem'.
[gz-1] [INFO] [1787854579.980182509] [resource_manager]: 'configure' hardware 'arm_2_gz_ros2_control/GazeboSimSystem' 
[gz-1] [INFO] [1787854579.980183551] [cite.cell_a.arm_2.gz_ros_control]: System Successfully configured!
[gz-1] [INFO] [1787854579.980186218] [resource_manager]: Successful 'configure' of hardware 'arm_2_gz_ros2_control/GazeboSimSystem'
[gz-1] [INFO] [1787854579.980188218] [resource_manager]: 'activate' hardware 'arm_2_gz_ros2_control/GazeboSimSystem' 
[gz-1] [INFO] [1787854579.980189593] [resource_manager]: Successful 'activate' of hardware 'arm_2_gz_ros2_control/GazeboSimSystem'
[gz-1] [WARN] [1787854579.980197384] [cite.cell_a.arm_2.controller_manager]: Component 'arm_2_XArmGripperSystem' does not have read or write statistics initialized, skipping registration.
[gz-1] [WARN] [1787854579.980199509] [cite.cell_a.arm_2.controller_manager]: Component 'arm_2_gz_ros2_control/GazeboSimSystem' does not have read or write statistics initialized, skipping registration.
[gz-1] [INFO] [1787854579.980203009] [cite.cell_a.arm_2.controller_manager]: Resource Manager has been successfully initialized. Starting Controller Manager services...
[gz-1] [1;31m[Err] [Physics.cc:1808] [0m[1;31mAttempting to create a mimic constraint for joint [[0m[1;31marm_3_left_finger_joint[0m[1;31m] but the chosen physics engine does not support [0m[1;31mmimic constraints, so no constraint will be [0m[1;31mcreated.[0m[1;31m[0m
[detection_server-18] [INFO] [1787854582.203713052] [cite.cell_a.detection.detection_server]: 'beam_pick' first reported CLEAR
[detection_server-18] [INFO] [1787854582.203861094] [cite.cell_a.detection.detection_server]: 'beam_c2_out' first reported CLEAR
[detection_server-18] [INFO] [1787854582.203917760] [cite.cell_a.detection.detection_server]: 'beam_c3_out' first reported CLEAR
[detection_server-18] [INFO] [1787854582.203950885] [cite.cell_a.detection.detection_server]: 'beam_c1_out' first reported CLEAR
[gz-1] [WARN] [1787854582.206211677] [cite.cell_a.arm_3.gz_ros_control]:  Desired controller update period (0.00666667 s) is slower than the gazebo simulation period (0.001 s).
[gz-1] [WARN] [1787854582.206350469] [cite.cell_a.arm_1.gz_ros_control]:  Desired controller update period (0.00666667 s) is slower than the gazebo simulation period (0.001 s).
[gz-1] [WARN] [1787854582.206386635] [cite.cell_a.arm_2.gz_ros_control]:  Desired controller update period (0.00666667 s) is slower than the gazebo simulation period (0.001 s).
[gz-1] [INFO] [1787854582.212797844] [cite.cell_a.arm_1.controller_manager]: Successfully switched controllers!
[spawner-14] [INFO] [1787854582.221862260] [spawn_arm_1_stage0]: Configured and activated arm_1_joint_state_broadcaster
[INFO] [spawner-14]: process has finished cleanly [pid 155]
[INFO] [spawner-19]: process started with pid [540]
[spawner-19] [INFO] [1787854582.567871094] [spawn_arm_1_stage1]: waiting for service /cite/cell_a/arm_1/controller_manager/list_controllers to become available...
[gz-1] [INFO] [1787854586.583357429] [cite.cell_a.arm_1.controller_manager]: Loading controller : 'arm_1_gripper_controller' of type 'position_controllers/GripperActionController'
[gz-1] [INFO] [1787854586.583390637] [cite.cell_a.arm_1.controller_manager]: Loading controller 'arm_1_gripper_controller'
[gz-1] [INFO] [1787854586.586120137] [cite.cell_a.arm_1.controller_manager]: Controller 'arm_1_gripper_controller' node arguments: --ros-args --params-file /workspace/workspace/install/cite_generated/share/cite_generated/control/cell_a_arm_1_controllers.yaml -p use_sim_time:=true --param use_sim_time:=true 
[gz-1] [WARN] [1787854586.600655221] [cite.cell_a.arm_1.arm_1_gripper_controller]: [Deprecated]: the `position_controllers/GripperActionController` and `effort_controllers::GripperActionController` controllers are replaced by 'parallel_gripper_controllers/GripperActionController' controller
[spawner-19] [INFO] [1787854586.608460013] [spawn_arm_1_stage1]: Loaded arm_1_gripper_controller
[gz-1] [INFO] [1787854586.610108763] [cite.cell_a.arm_1.controller_manager]: Configuring controller: 'arm_1_gripper_controller'
[gz-1] [INFO] [1787854586.610166513] [cite.cell_a.arm_1.arm_1_gripper_controller]: Action status changes will be monitored at 20.000000 Hz.
[gz-1] [INFO] [1787854586.616141054] [cite.cell_a.arm_1.controller_manager]: Activating controllers: [ arm_1_gripper_controller ]
[gz-1] [INFO] [1787854586.624950304] [cite.cell_a.arm_1.controller_manager]: Successfully switched controllers!
[spawner-19] [INFO] [1787854586.632396263] [spawn_arm_1_stage1]: Configured and activated arm_1_gripper_controller
[gz-1] [INFO] [1787854586.633069054] [cite.cell_a.arm_1.controller_manager]: Loading controller : 'arm_1_joint_trajectory_controller' of type 'joint_trajectory_controller/JointTrajectoryController'
[gz-1] [INFO] [1787854586.633089429] [cite.cell_a.arm_1.controller_manager]: Loading controller 'arm_1_joint_trajectory_controller'
[gz-1] [INFO] [1787854586.636640971] [cite.cell_a.arm_1.controller_manager]: Controller 'arm_1_joint_trajectory_controller' node arguments: --ros-args --params-file /workspace/workspace/install/cite_generated/share/cite_generated/control/cell_a_arm_1_controllers.yaml -p use_sim_time:=true --param use_sim_time:=true 
[spawner-19] [INFO] [1787854586.663230763] [spawn_arm_1_stage1]: Loaded arm_1_joint_trajectory_controller
[gz-1] [INFO] [1787854586.663677346] [cite.cell_a.arm_1.controller_manager]: Configuring controller: 'arm_1_joint_trajectory_controller'
[gz-1] [INFO] [1787854586.663801888] [cite.cell_a.arm_1.arm_1_joint_trajectory_controller]: No specific joint names are used for command interfaces. Using 'joints' parameter.
[gz-1] [INFO] [1787854586.663826679] [cite.cell_a.arm_1.arm_1_joint_trajectory_controller]: Command interfaces are [position] and state interfaces are [position velocity].
[gz-1] [INFO] [1787854586.663850346] [cite.cell_a.arm_1.arm_1_joint_trajectory_controller]: Using 'splines' interpolation method.
[gz-1] [INFO] [1787854586.666602929] [cite.cell_a.arm_1.arm_1_joint_trajectory_controller]: Action status changes will be monitored at 20.00 Hz.
[gz-1] [INFO] [1787854586.671096679] [cite.cell_a.arm_1.arm_1_joint_trajectory_controller]: Setting initial scaling factor to 1.000000
[gz-1] [INFO] [1787854586.671114138] [cite.cell_a.arm_1.arm_1_joint_trajectory_controller]: No scaling interface set. This controller will not read speed scaling from the hardware.
[gz-1] [INFO] [1787854586.677139721] [cite.cell_a.arm_1.controller_manager]: Activating controllers: [ arm_1_joint_trajectory_controller ]
[gz-1] [INFO] [1787854586.682596804] [cite.cell_a.arm_1.controller_manager]: Successfully switched controllers!
[spawner-19] [INFO] [1787854586.690337846] [spawn_arm_1_stage1]: Configured and activated arm_1_joint_trajectory_controller
[INFO] [spawner-19]: process has finished cleanly [pid 540]
[INFO] [spawner-20]: process started with pid [558]
[spawner-20] [INFO] [1787854587.016226221] [spawn_arm_2_stage0]: waiting for service /cite/cell_a/arm_2/controller_manager/list_controllers to become available...
[gz-1] [INFO] [1787854587.267991929] [cite.cell_a.arm_2.controller_manager]: Loading controller : 'arm_2_joint_state_broadcaster' of type 'joint_state_broadcaster/JointStateBroadcaster'
[gz-1] [INFO] [1787854587.268028554] [cite.cell_a.arm_2.controller_manager]: Loading controller 'arm_2_joint_state_broadcaster'
[gz-1] [INFO] [1787854587.268603888] [cite.cell_a.arm_2.controller_manager]: Controller 'arm_2_joint_state_broadcaster' node arguments: --ros-args --params-file /workspace/workspace/install/cite_generated/share/cite_generated/control/cell_a_arm_2_controllers.yaml -p use_sim_time:=true --param use_sim_time:=true 
[spawner-20] [INFO] [1787854587.290415763] [spawn_arm_2_stage0]: Loaded arm_2_joint_state_broadcaster
[gz-1] [INFO] [1787854587.291256679] [cite.cell_a.arm_2.controller_manager]: Configuring controller: 'arm_2_joint_state_broadcaster'
[gz-1] [INFO] [1787854587.291308846] [cite.cell_a.arm_2.arm_2_joint_state_broadcaster]: 'joints' or 'interfaces' parameter is empty. All available state interfaces will be published
[gz-1] [INFO] [1787854587.297419221] [cite.cell_a.arm_2.controller_manager]: Activating controllers: [ arm_2_joint_state_broadcaster ]
[gz-1] [INFO] [1787854587.303004763] [cite.cell_a.arm_2.controller_manager]: Successfully switched controllers!
[spawner-20] [INFO] [1787854587.310299930] [spawn_arm_2_stage0]: Configured and activated arm_2_joint_state_broadcaster
[INFO] [spawner-20]: process has finished cleanly [pid 558]
[INFO] [spawner-21]: process started with pid [576]
[spawner-21] [INFO] [1787854587.643714180] [spawn_arm_2_stage1]: waiting for service /cite/cell_a/arm_2/controller_manager/list_controllers to become available...
[gz-1] [INFO] [1787854588.899846139] [cite.cell_a.arm_2.controller_manager]: Loading controller : 'arm_2_gripper_controller' of type 'position_controllers/GripperActionController'
[gz-1] [INFO] [1787854588.899884555] [cite.cell_a.arm_2.controller_manager]: Loading controller 'arm_2_gripper_controller'
[gz-1] [INFO] [1787854588.900355097] [cite.cell_a.arm_2.controller_manager]: Controller 'arm_2_gripper_controller' node arguments: --ros-args --params-file /workspace/workspace/install/cite_generated/share/cite_generated/control/cell_a_arm_2_controllers.yaml -p use_sim_time:=true --param use_sim_time:=true 
[gz-1] [WARN] [1787854588.914955430] [cite.cell_a.arm_2.arm_2_gripper_controller]: [Deprecated]: the `position_controllers/GripperActionController` and `effort_controllers::GripperActionController` controllers are replaced by 'parallel_gripper_controllers/GripperActionController' controller
[spawner-21] [INFO] [1787854588.921383305] [spawn_arm_2_stage1]: Loaded arm_2_gripper_controller
[gz-1] [INFO] [1787854588.922907555] [cite.cell_a.arm_2.controller_manager]: Configuring controller: 'arm_2_gripper_controller'
[gz-1] [INFO] [1787854588.922956222] [cite.cell_a.arm_2.arm_2_gripper_controller]: Action status changes will be monitored at 20.000000 Hz.
[gz-1] [INFO] [1787854588.929865097] [cite.cell_a.arm_2.controller_manager]: Activating controllers: [ arm_2_gripper_controller ]
[gz-1] [INFO] [1787854588.938340264] [cite.cell_a.arm_2.controller_manager]: Successfully switched controllers!
[spawner-21] [INFO] [1787854588.946396305] [spawn_arm_2_stage1]: Configured and activated arm_2_gripper_controller
[gz-1] [INFO] [1787854588.946984930] [cite.cell_a.arm_2.controller_manager]: Loading controller : 'arm_2_joint_trajectory_controller' of type 'joint_trajectory_controller/JointTrajectoryController'
[gz-1] [INFO] [1787854588.947007722] [cite.cell_a.arm_2.controller_manager]: Loading controller 'arm_2_joint_trajectory_controller'
[gz-1] [INFO] [1787854588.947500472] [cite.cell_a.arm_2.controller_manager]: Controller 'arm_2_joint_trajectory_controller' node arguments: --ros-args --params-file /workspace/workspace/install/cite_generated/share/cite_generated/control/cell_a_arm_2_controllers.yaml -p use_sim_time:=true --param use_sim_time:=true 
[spawner-21] [INFO] [1787854588.972264014] [spawn_arm_2_stage1]: Loaded arm_2_joint_trajectory_controller
[gz-1] [INFO] [1787854588.972545764] [cite.cell_a.arm_2.controller_manager]: Configuring controller: 'arm_2_joint_trajectory_controller'
[gz-1] [INFO] [1787854588.972657097] [cite.cell_a.arm_2.arm_2_joint_trajectory_controller]: No specific joint names are used for command interfaces. Using 'joints' parameter.
[gz-1] [INFO] [1787854588.972698472] [cite.cell_a.arm_2.arm_2_joint_trajectory_controller]: Command interfaces are [position] and state interfaces are [position velocity].
[gz-1] [INFO] [1787854588.972714639] [cite.cell_a.arm_2.arm_2_joint_trajectory_controller]: Using 'splines' interpolation method.
[gz-1] [INFO] [1787854588.974705930] [cite.cell_a.arm_2.arm_2_joint_trajectory_controller]: Action status changes will be monitored at 20.00 Hz.
[gz-1] [INFO] [1787854588.979396264] [cite.cell_a.arm_2.arm_2_joint_trajectory_controller]: Setting initial scaling factor to 1.000000
[gz-1] [INFO] [1787854588.979414305] [cite.cell_a.arm_2.arm_2_joint_trajectory_controller]: No scaling interface set. This controller will not read speed scaling from the hardware.
[gz-1] [INFO] [1787854588.987385139] [cite.cell_a.arm_2.controller_manager]: Activating controllers: [ arm_2_joint_trajectory_controller ]
[gz-1] [INFO] [1787854588.992320930] [cite.cell_a.arm_2.controller_manager]: Successfully switched controllers!
[spawner-21] [INFO] [1787854588.999320014] [spawn_arm_2_stage1]: Configured and activated arm_2_joint_trajectory_controller
[INFO] [spawner-21]: process has finished cleanly [pid 576]
[INFO] [spawner-22]: process started with pid [594]
[spawner-22] [INFO] [1787854589.333592389] [spawn_arm_3_stage0]: waiting for service /cite/cell_a/arm_3/controller_manager/list_controllers to become available...
[gz-1] [INFO] [1787854589.838240958] [cite.cell_a.arm_3.controller_manager]: Loading controller : 'arm_3_joint_state_broadcaster' of type 'joint_state_broadcaster/JointStateBroadcaster'
[gz-1] [INFO] [1787854589.838292666] [cite.cell_a.arm_3.controller_manager]: Loading controller 'arm_3_joint_state_broadcaster'
[gz-1] [INFO] [1787854589.839092000] [cite.cell_a.arm_3.controller_manager]: Controller 'arm_3_joint_state_broadcaster' node arguments: --ros-args --params-file /workspace/workspace/install/cite_generated/share/cite_generated/control/cell_a_arm_3_controllers.yaml -p use_sim_time:=true --param use_sim_time:=true 
[spawner-22] [INFO] [1787854589.860905166] [spawn_arm_3_stage0]: Loaded arm_3_joint_state_broadcaster
[gz-1] [INFO] [1787854589.862144083] [cite.cell_a.arm_3.controller_manager]: Configuring controller: 'arm_3_joint_state_broadcaster'
[gz-1] [INFO] [1787854589.862196791] [cite.cell_a.arm_3.arm_3_joint_state_broadcaster]: 'joints' or 'interfaces' parameter is empty. All available state interfaces will be published
[gz-1] [INFO] [1787854589.869281291] [cite.cell_a.arm_3.controller_manager]: Activating controllers: [ arm_3_joint_state_broadcaster ]
[gz-1] [INFO] [1787854589.874669916] [cite.cell_a.arm_3.controller_manager]: Successfully switched controllers!
[spawner-22] [INFO] [1787854589.881726833] [spawn_arm_3_stage0]: Configured and activated arm_3_joint_state_broadcaster
[INFO] [spawner-22]: process has finished cleanly [pid 594]
[INFO] [spawner-23]: process started with pid [612]
[spawner-23] [INFO] [1787854590.217176917] [spawn_arm_3_stage1]: waiting for service /cite/cell_a/arm_3/controller_manager/list_controllers to become available...
[gz-1] [INFO] [1787854590.481155500] [cite.cell_a.arm_3.controller_manager]: Loading controller : 'arm_3_gripper_controller' of type 'position_controllers/GripperActionController'
[gz-1] [INFO] [1787854590.481188000] [cite.cell_a.arm_3.controller_manager]: Loading controller 'arm_3_gripper_controller'
[gz-1] [INFO] [1787854590.481936333] [cite.cell_a.arm_3.controller_manager]: Controller 'arm_3_gripper_controller' node arguments: --ros-args --params-file /workspace/workspace/install/cite_generated/share/cite_generated/control/cell_a_arm_3_controllers.yaml -p use_sim_time:=true --param use_sim_time:=true 
[gz-1] [WARN] [1787854590.498588083] [cite.cell_a.arm_3.arm_3_gripper_controller]: [Deprecated]: the `position_controllers/GripperActionController` and `effort_controllers::GripperActionController` controllers are replaced by 'parallel_gripper_controllers/GripperActionController' controller
[spawner-23] [INFO] [1787854590.507917208] [spawn_arm_3_stage1]: Loaded arm_3_gripper_controller
[gz-1] [INFO] [1787854590.509430542] [cite.cell_a.arm_3.controller_manager]: Configuring controller: 'arm_3_gripper_controller'
[gz-1] [INFO] [1787854590.509484167] [cite.cell_a.arm_3.arm_3_gripper_controller]: Action status changes will be monitored at 20.000000 Hz.
[gz-1] [INFO] [1787854590.515836792] [cite.cell_a.arm_3.controller_manager]: Activating controllers: [ arm_3_gripper_controller ]
[gz-1] [INFO] [1787854590.524134750] [cite.cell_a.arm_3.controller_manager]: Successfully switched controllers!
[spawner-23] [INFO] [1787854590.531859333] [spawn_arm_3_stage1]: Configured and activated arm_3_gripper_controller
[gz-1] [INFO] [1787854590.532561667] [cite.cell_a.arm_3.controller_manager]: Loading controller : 'arm_3_joint_trajectory_controller' of type 'joint_trajectory_controller/JointTrajectoryController'
[gz-1] [INFO] [1787854590.532588167] [cite.cell_a.arm_3.controller_manager]: Loading controller 'arm_3_joint_trajectory_controller'
[gz-1] [INFO] [1787854590.533403958] [cite.cell_a.arm_3.controller_manager]: Controller 'arm_3_joint_trajectory_controller' node arguments: --ros-args --params-file /workspace/workspace/install/cite_generated/share/cite_generated/control/cell_a_arm_3_controllers.yaml -p use_sim_time:=true --param use_sim_time:=true 
[spawner-23] [INFO] [1787854590.565953250] [spawn_arm_3_stage1]: Loaded arm_3_joint_trajectory_controller
[gz-1] [INFO] [1787854590.566288083] [cite.cell_a.arm_3.controller_manager]: Configuring controller: 'arm_3_joint_trajectory_controller'
[gz-1] [INFO] [1787854590.566388125] [cite.cell_a.arm_3.arm_3_joint_trajectory_controller]: No specific joint names are used for command interfaces. Using 'joints' parameter.
[gz-1] [INFO] [1787854590.566404208] [cite.cell_a.arm_3.arm_3_joint_trajectory_controller]: Command interfaces are [position] and state interfaces are [position velocity].
[gz-1] [INFO] [1787854590.566409917] [cite.cell_a.arm_3.arm_3_joint_trajectory_controller]: Using 'splines' interpolation method.
[gz-1] [INFO] [1787854590.568195750] [cite.cell_a.arm_3.arm_3_joint_trajectory_controller]: Action status changes will be monitored at 20.00 Hz.
[gz-1] [INFO] [1787854590.574907375] [cite.cell_a.arm_3.arm_3_joint_trajectory_controller]: Setting initial scaling factor to 1.000000
[gz-1] [INFO] [1787854590.574932792] [cite.cell_a.arm_3.arm_3_joint_trajectory_controller]: No scaling interface set. This controller will not read speed scaling from the hardware.
[gz-1] [INFO] [1787854590.580629417] [cite.cell_a.arm_3.controller_manager]: Activating controllers: [ arm_3_joint_trajectory_controller ]
[gz-1] [INFO] [1787854590.586829208] [cite.cell_a.arm_3.controller_manager]: Successfully switched controllers!
[spawner-23] [INFO] [1787854590.594679792] [spawn_arm_3_stage1]: Configured and activated arm_3_joint_trajectory_controller
[INFO] [spawner-23]: process has finished cleanly [pid 612]
[INFO] [planning_scene_loader.py-24]: process started with pid [630]
[planning_scene_loader.py-24] [INFO] [1787854592.540100834] [cite.cell_a.arm_1.load_planning_scene_arm_1]: loaded 12 collision object(s) for zone 'cell_a' in cite_world
[INFO] [planning_scene_loader.py-24]: process has finished cleanly [pid 630]
[INFO] [planning_scene_loader.py-25]: process started with pid [645]
[planning_scene_loader.py-25] [INFO] [1787854595.487798752] [cite.cell_a.arm_2.load_planning_scene_arm_2]: loaded 12 collision object(s) for zone 'cell_a' in cite_world
[INFO] [planning_scene_loader.py-25]: process has finished cleanly [pid 645]
[INFO] [planning_scene_loader.py-26]: process started with pid [660]
[planning_scene_loader.py-26] [INFO] [1787854598.687712171] [cite.cell_a.arm_3.load_planning_scene_arm_3]: loaded 12 collision object(s) for zone 'cell_a' in cite_world
[INFO] [planning_scene_loader.py-26]: process has finished cleanly [pid 660]
[INFO] [skill_server-27]: process started with pid [681]
[INFO] [skill_server-28]: process started with pid [682]
[INFO] [skill_server-29]: process started with pid [683]
[skill_server-29] [WARN] [1787854599.335702629] [rcl.logging_rosout]: Publisher already registered for node name: 'skill_server'. If this is due to multiple nodes with the same name then all logs for the logger named 'cite.cell_a.arm_3.skill_server' will go out over the existing publisher. As soon as any node with that name is destructed it will unregister the publisher, preventing any further logs for that name from being published on the rosout topic.
[skill_server-29] [INFO] [1787854599.341692213] [cite.cell_a.arm_3.skill_server.moveit.ros.rdf_loader]: Loaded robot model in 0 seconds
[skill_server-29] [INFO] [1787854599.341799296] [cite.cell_a.arm_3.skill_server.moveit.core.robot_model]: Loading robot model 'arm_3'...
[skill_server-29] [INFO] [1787854599.341825046] [cite.cell_a.arm_3.skill_server.moveit.core.robot_model]: No root/virtual joint specified in SRDF. Assuming fixed joint
[skill_server-28] [WARN] [1787854599.342265838] [rcl.logging_rosout]: Publisher already registered for node name: 'skill_server'. If this is due to multiple nodes with the same name then all logs for the logger named 'cite.cell_a.arm_2.skill_server' will go out over the existing publisher. As soon as any node with that name is destructed it will unregister the publisher, preventing any further logs for that name from being published on the rosout topic.
[skill_server-27] [WARN] [1787854599.343160921] [rcl.logging_rosout]: Publisher already registered for node name: 'skill_server'. If this is due to multiple nodes with the same name then all logs for the logger named 'cite.cell_a.arm_1.skill_server' will go out over the existing publisher. As soon as any node with that name is destructed it will unregister the publisher, preventing any further logs for that name from being published on the rosout topic.
[skill_server-27] [INFO] [1787854599.350452588] [cite.cell_a.arm_1.skill_server.moveit.ros.rdf_loader]: Loaded robot model in 0 seconds
[skill_server-27] [INFO] [1787854599.350524004] [cite.cell_a.arm_1.skill_server.moveit.core.robot_model]: Loading robot model 'arm_1'...
[skill_server-27] [INFO] [1787854599.350532213] [cite.cell_a.arm_1.skill_server.moveit.core.robot_model]: No root/virtual joint specified in SRDF. Assuming fixed joint
[skill_server-28] [INFO] [1787854599.353773296] [cite.cell_a.arm_2.skill_server.moveit.ros.rdf_loader]: Loaded robot model in 0 seconds
[skill_server-28] [INFO] [1787854599.353833171] [cite.cell_a.arm_2.skill_server.moveit.core.robot_model]: Loading robot model 'arm_2'...
[skill_server-28] [INFO] [1787854599.353840754] [cite.cell_a.arm_2.skill_server.moveit.core.robot_model]: No root/virtual joint specified in SRDF. Assuming fixed joint
[skill_server-29] [INFO] [1787854599.405903338] [cite.cell_a.arm_3.skill_server.moveit.kinematics.kdl_kinematics_plugin]: Joint weights for group 'arm_3_xarm5': 1 1 1 1 1
[skill_server-28] [INFO] [1787854599.433099129] [cite.cell_a.arm_2.skill_server.moveit.kinematics.kdl_kinematics_plugin]: Joint weights for group 'arm_2_xarm5': 1 1 1 1 1
[skill_server-27] [INFO] [1787854599.441319879] [cite.cell_a.arm_1.skill_server.moveit.kinematics.kdl_kinematics_plugin]: Joint weights for group 'arm_1_xarm5': 1 1 1 1 1
[skill_server-28] [INFO] [1787854599.677034004] [cite.cell_a.arm_2.skill_server.moveit.ros.move_group_interface]: Ready to take commands for planning group arm_2_xarm5.
[skill_server-28] [INFO] [1787854599.677080421] [cite.cell_a.arm_2.skill_server]: planning for group 'arm_2_xarm5' with end effector 'arm_2_link_tcp' (planning frame 'arm_2_mount')
[skill_server-28] [INFO] [1787854599.677085046] [cite.cell_a.arm_2.skill_server]: planner: pilz_industrial_motion_planner/PTP, falling back to ompl (its own default planner) (ADR-0027)
[skill_server-28] [INFO] [1787854599.695229254] [cite.cell_a.arm_2.skill_server]: skills for arm_2 are accepting goals
[skill_server-27] [INFO] [1787854600.445149088] [cite.cell_a.arm_1.skill_server.moveit.ros.move_group_interface]: Ready to take commands for planning group arm_1_xarm5.
[skill_server-27] [INFO] [1787854600.445269713] [cite.cell_a.arm_1.skill_server]: planning for group 'arm_1_xarm5' with end effector 'arm_1_link_tcp' (planning frame 'arm_1_mount')
[skill_server-27] [INFO] [1787854600.445274921] [cite.cell_a.arm_1.skill_server]: planner: pilz_industrial_motion_planner/PTP, falling back to ompl (its own default planner) (ADR-0027)
[skill_server-27] [INFO] [1787854600.464775255] [cite.cell_a.arm_1.skill_server]: skills for arm_1 are accepting goals
[skill_server-27] [INFO] [1787854600.755705797] [cite.cell_a.arm_1.skill_server.moveit.ros.move_group_interface]: MoveGroup action client/server ready
[move_group-15] [INFO] [1787854600.756143922] [cite.cell_a.arm_1.move_group.moveit.ros.move_group.move_action]: MoveGroupMoveAction: Received request
[skill_server-27] [INFO] [1787854600.756315922] [cite.cell_a.arm_1.skill_server.moveit.ros.move_group_interface]: Planning request accepted
[move_group-15] [INFO] [1787854600.756441047] [cite.cell_a.arm_1.move_group.moveit.ros.move_group.move_action]: executing..
[move_group-15] [INFO] [1787854600.965848672] [cite.cell_a.arm_1.move_group.moveit.ros.move_group.move_action]: Planning request received for MoveGroup action. Forwarding to planning pipeline.
[move_group-15] [INFO] [1787854600.965886963] [cite.cell_a.arm_1.move_group.moveit.ros.move_group.capability]: Using planning pipeline 'pilz_industrial_motion_planner'
[move_group-15] [INFO] [1787854600.966108005] [cite.cell_a.arm_1.move_group]: Calling PlanningRequestAdapter 'ResolveConstraintFrames'
[move_group-15] [INFO] [1787854600.966137213] [cite.cell_a.arm_1.move_group]: Calling PlanningRequestAdapter 'ValidateWorkspaceBounds'
[move_group-15] [WARN] [1787854600.966145297] [cite.cell_a.arm_1.move_group.moveit.ros.validate_workspace_bounds]: It looks like the planning volume was not specified. Using default values.
[move_group-15] [INFO] [1787854600.966154463] [cite.cell_a.arm_1.move_group]: Calling PlanningRequestAdapter 'CheckStartStateBounds'
[move_group-15] [INFO] [1787854600.966169713] [cite.cell_a.arm_1.move_group]: Calling PlanningRequestAdapter 'CheckStartStateCollision'
[move_group-15] [INFO] [1787854600.987243713] [cite.cell_a.arm_1.move_group.moveit.planners.pilz.trajectory_generator.ptp]: Initialized Point-to-Point Trajectory Generator.
[move_group-15] [INFO] [1787854600.987290797] [cite.cell_a.arm_1.move_group]: Calling Planner 'Pilz Industrial Motion Planner'
[move_group-15] [INFO] [1787854600.987338463] [cite.cell_a.arm_1.move_group.moveit.planners.pilz.trajectory_generator]: Generating PTP trajectory...
[move_group-15] [INFO] [1787854600.987757130] [cite.cell_a.arm_1.move_group]: Calling PlanningResponseAdapter 'ValidateSolution'
[move_group-15] [INFO] [1787854601.220801172] [cite.cell_a.arm_1.move_group]: Calling PlanningResponseAdapter 'DisplayMotionPath'
[move_group-15] [INFO] [1787854601.220978255] [cite.cell_a.arm_1.move_group.moveit.ros.move_group.move_action]: Motion plan was computed successfully.
[skill_server-27] [INFO] [1787854601.221248672] [cite.cell_a.arm_1.skill_server.moveit.ros.move_group_interface]: Planning request complete!
[skill_server-27] [INFO] [1787854601.222089463] [cite.cell_a.arm_1.skill_server.moveit.ros.move_group_interface]: time taken to generate plan: 0.000331333 seconds
[skill_server-27] [INFO] [1787854601.222688755] [cite.cell_a.arm_1.skill_server.moveit.ros.move_group_interface]: Execute request accepted
[move_group-15] [INFO] [1787854601.222700380] [cite.cell_a.arm_1.move_group.moveit.ros.move_group.clear_octomap_service]: Execution request received
[move_group-15] [INFO] [1787854601.222758047] [cite.cell_a.arm_1.move_group.moveit.plugins.simple_controller_manager]: Returned 2 controllers in list
[move_group-15] [INFO] [1787854601.222777255] [cite.cell_a.arm_1.move_group.moveit.plugins.simple_controller_manager]: Returned 2 controllers in list
[move_group-15] [INFO] [1787854601.222876755] [cite.cell_a.arm_1.move_group.moveit.ros.trajectory_execution_manager]: Validating trajectory with allowed_start_tolerance 0.01
[move_group-15] [INFO] [1787854601.227904505] [cite.cell_a.arm_1.move_group.moveit.ros.trajectory_execution_manager]: Starting trajectory execution ...
[move_group-15] [INFO] [1787854601.227953839] [cite.cell_a.arm_1.move_group.moveit.plugins.simple_controller_manager]: Returned 2 controllers in list
[move_group-15] [INFO] [1787854601.227962839] [cite.cell_a.arm_1.move_group.moveit.plugins.simple_controller_manager]: Returned 2 controllers in list
[move_group-15] [INFO] [1787854601.228318297] [moveit.simple_controller_manager.follow_joint_trajectory_controller_handle]: sending trajectory to arm_1_joint_trajectory_controller
[gz-1] [INFO] [1787854601.228657964] [cite.cell_a.arm_1.arm_1_joint_trajectory_controller]: Received new action goal
[gz-1] [INFO] [1787854601.228710839] [cite.cell_a.arm_1.arm_1_joint_trajectory_controller]: Accepted new action goal
[move_group-15] [INFO] [1787854601.228879464] [moveit.simple_controller_manager.follow_joint_trajectory_controller_handle]: arm_1_joint_trajectory_controller started execution
[move_group-15] [INFO] [1787854601.228888922] [moveit.simple_controller_manager.follow_joint_trajectory_controller_handle]: Goal request accepted!
[skill_server-29] [INFO] [1787854601.466641672] [cite.cell_a.arm_3.skill_server.moveit.ros.move_group_interface]: Ready to take commands for planning group arm_3_xarm5.
[skill_server-29] [INFO] [1787854601.466682339] [cite.cell_a.arm_3.skill_server]: planning for group 'arm_3_xarm5' with end effector 'arm_3_link_tcp' (planning frame 'arm_3_mount')
[skill_server-29] [INFO] [1787854601.466686297] [cite.cell_a.arm_3.skill_server]: planner: pilz_industrial_motion_planner/PTP, falling back to ompl (its own default planner) (ADR-0027)
[skill_server-29] [INFO] [1787854601.487564589] [cite.cell_a.arm_3.skill_server]: skills for arm_3 are accepting goals
[gz-1] [INFO] [1787854606.865129300] [cite.cell_a.arm_1.arm_1_joint_trajectory_controller]: Goal reached, success!
[move_group-15] [INFO] [1787854606.879482008] [moveit.simple_controller_manager.follow_joint_trajectory_controller_handle]: Controller 'arm_1_joint_trajectory_controller' successfully finished
[move_group-15] [INFO] [1787854606.884648550] [cite.cell_a.arm_1.move_group.moveit.ros.trajectory_execution_manager]: Completed trajectory execution with status SUCCEEDED ...
[move_group-15] [INFO] [1787854606.884857091] [cite.cell_a.arm_1.move_group.moveit.ros.move_group.clear_octomap_service]: Execution completed: SUCCEEDED
[skill_server-27] [INFO] [1787854606.885068550] [cite.cell_a.arm_1.skill_server.moveit.ros.move_group_interface]: Execute request success!
[skill_server-27] [INFO] [1787854606.887597758] [cite.cell_a.arm_1.skill_server.moveit.ros.current_state_monitor]: Listening to joint states on topic 'joint_states'
ok
test_a_trajectory_executes (bringup.TestCellBringUp.test_a_trajectory_executes)
The arm moves when commanded, through the action the skills will use. ... [gz-1] [INFO] [1787854606.923500258] [cite.cell_a.arm_1.arm_1_joint_trajectory_controller]: Received new action goal
[gz-1] [INFO] [1787854606.923534716] [cite.cell_a.arm_1.arm_1_joint_trajectory_controller]: Accepted new action goal
[gz-1] [INFO] [1787854609.707867134] [cite.cell_a.arm_1.arm_1_joint_trajectory_controller]: Goal reached, success!
ok
test_every_controller_reaches_active (bringup.TestCellBringUp.test_every_controller_reaches_active)
Bring-up completes, on this machine, without any step being timed. ... ok
test_joint_states_are_actually_delivered (bringup.TestCellBringUp.test_joint_states_are_actually_delivered)
Not that a subscriber exists — that a message ARRIVES. ... ok
test_no_joint_name_is_shared_between_arms (bringup.TestCellBringUp.test_no_joint_name_is_shared_between_arms)
Two instances of one component type must never collide. ... ok
test_station_frames_resolve_against_the_world (bringup.TestCellBringUp.test_station_frames_resolve_against_the_world)
Without this an arm's model is a disconnected TF tree. ... ok
test_the_facility_publishes_its_model_version (bringup.TestCellBringUp.test_the_facility_publishes_its_model_version)
L6 stamps this into every recording. ... ok
test_the_gripper_linkage_is_actually_coupled (bringup.TestCellBringUp.test_the_gripper_linkage_is_actually_coupled)
The five follower joints track `drive_joint`, rather than merely existing. ... [gz-1] [INFO] [1787854609.825210051] [cite.cell_a.arm_1.arm_1_gripper_controller]: Received & accepted new action goal
[gz-1] [ERROR] [1787854609.825741176] [cite.cell_a.arm_1.controller_manager]: Command of at least one joint is out of limits (throttled log). Joint: 'arm_1_drive_joint', (actual: [Joint: 'arm_1_drive_joint', position: 0.000097, velocity: 0.000000], command: [Joint: 'arm_1_drive_joint', position: 0.400000], limited: [Joint: 'arm_1_drive_joint', position: 0.006764]) with desired period : 0.006667 sec.
ok

----------------------------------------------------------------------
Ran 8 tests in 36.832s

OK
[INFO] [skill_server-29]: sending signal 'SIGINT' to process[skill_server-29]
[INFO] [skill_server-28]: sending signal 'SIGINT' to process[skill_server-28]
[INFO] [skill_server-27]: sending signal 'SIGINT' to process[skill_server-27]
[INFO] [detection_server-18]: sending signal 'SIGINT' to process[detection_server-18]
[INFO] [move_group-17]: sending signal 'SIGINT' to process[move_group-17]
[INFO] [move_group-16]: sending signal 'SIGINT' to process[move_group-16]
[INFO] [move_group-15]: sending signal 'SIGINT' to process[move_group-15]
[INFO] [topology_server.py-13]: sending signal 'SIGINT' to process[topology_server.py-13]
[INFO] [model_info.py-12]: sending signal 'SIGINT' to process[model_info.py-12]
[INFO] [frame_server.py-11]: sending signal 'SIGINT' to process[frame_server.py-11]
[INFO] [robot_state_publisher-9]: sending signal 'SIGINT' to process[robot_state_publisher-9]
[INFO] [robot_state_publisher-7]: sending signal 'SIGINT' to process[robot_state_publisher-7]
[INFO] [robot_state_publisher-5]: sending signal 'SIGINT' to process[robot_state_publisher-5]
[INFO] [robot_state_publisher-3]: sending signal 'SIGINT' to process[robot_state_publisher-3]
[INFO] [parameter_bridge-2]: sending signal 'SIGINT' to process[parameter_bridge-2]
[INFO] [gz-1]: sending signal 'SIGINT' to process[gz-1]
[skill_server-29] [INFO] [1787854611.212926593] [rclcpp]: signal_handler(SIGINT/SIGTERM)
[skill_server-28] [INFO] [1787854611.215007510] [rclcpp]: signal_handler(SIGINT/SIGTERM)
[skill_server-29] Warning: class_loader.ClassLoader: SEVERE WARNING!!! Attempting to unload library while objects created by this loader exist in the heap! You should delete your objects before attempting to unload the library or destroying the ClassLoader. The library will NOT be unloaded.
[skill_server-29]          at line 127 in ./src/class_loader.cpp
[skill_server-27] [INFO] [1787854611.216891885] [rclcpp]: signal_handler(SIGINT/SIGTERM)
[skill_server-28] Warning: class_loader.ClassLoader: SEVERE WARNING!!! Attempting to unload library while objects created by this loader exist in the heap! You should delete your objects before attempting to unload the library or destroying the ClassLoader. The library will NOT be unloaded.
[skill_server-28]          at line 127 in ./src/class_loader.cpp
[detection_server-18] [INFO] [1787854611.219064177] [rclcpp]: signal_handler(SIGINT/SIGTERM)
[skill_server-27] Warning: class_loader.ClassLoader: SEVERE WARNING!!! Attempting to unload library while objects created by this loader exist in the heap! You should delete your objects before attempting to unload the library or destroying the ClassLoader. The library will NOT be unloaded.
[skill_server-27]          at line 127 in ./src/class_loader.cpp
[move_group-17] [INFO] [1787854611.222867010] [rclcpp]: signal_handler(SIGINT/SIGTERM)
[move_group-16] [INFO] [1787854611.224187677] [rclcpp]: signal_handler(SIGINT/SIGTERM)
[move_group-15] [INFO] [1787854611.226108927] [rclcpp]: signal_handler(SIGINT/SIGTERM)
[robot_state_publisher-9] [INFO] [1787854611.237914760] [rclcpp]: signal_handler(SIGINT/SIGTERM)
[robot_state_publisher-7] [INFO] [1787854611.239581010] [rclcpp]: signal_handler(SIGINT/SIGTERM)
[robot_state_publisher-5] [INFO] [1787854611.243918135] [rclcpp]: signal_handler(SIGINT/SIGTERM)
[robot_state_publisher-3] [INFO] [1787854611.247770718] [rclcpp]: signal_handler(SIGINT/SIGTERM)
[parameter_bridge-2] [INFO] [1787854611.252591677] [rclcpp]: signal_handler(SIGINT/SIGTERM)
[move_group-17] [INFO] [1787854611.281266010] [cite.cell_a.arm_3.move_group.moveit.ros.moveit_cpp]: Deleting MoveItCpp
[move_group-15] [INFO] [1787854611.286908052] [cite.cell_a.arm_1.move_group.moveit.ros.moveit_cpp]: Deleting MoveItCpp
[move_group-16] [INFO] [1787854611.291792427] [cite.cell_a.arm_2.move_group.moveit.ros.moveit_cpp]: Deleting MoveItCpp
[move_group-17] Stack trace (most recent call last):
[move_group-15] Stack trace (most recent call last):
[move_group-17] #15   Object "/usr/lib/aarch64-linux-gnu/ld-linux-aarch64.so.1", at 0xffffffffffffffff, in 
[move_group-16] Stack trace (most recent call last):
[move_group-17] #14   Object "/opt/ros/jazzy/lib/moveit_ros_move_group/move_group", at 0xaaaad2271d6f, in _start
[move_group-15] #15   Object "/usr/lib/aarch64-linux-gnu/ld-linux-aarch64.so.1", at 0xffffffffffffffff, in 
[move_group-15] #14   Object "/opt/ros/jazzy/lib/moveit_ros_move_group/move_group", at 0xaaaacfbe1d6f, in _start
[move_group-16] #15   Object "/usr/lib/aarch64-linux-gnu/ld-linux-aarch64.so.1", at 0xffffffffffffffff, in 
[move_group-16] #14   Object "/opt/ros/jazzy/lib/moveit_ros_move_group/move_group", at 0xaaaaccfd1d6f, in _start
[gz-1] [INFO] [1787854611.313148177] [cite.cell_a.arm_3.controller_manager.pal_statistics]: Async messages lost 0
[gz-1] [INFO] [1787854611.313190802] [cite.cell_a.arm_3.controller_manager.pal_statistics]: publish_async_failures_ 440
[gz-1] [INFO] [1787854611.316485177] [cite.cell_a.arm_3.controller_manager.pal_statistics]: Async messages lost 0
[gz-1] [INFO] [1787854611.316502718] [cite.cell_a.arm_3.controller_manager.pal_statistics]: publish_async_failures_ 46
[move_group-17] #13   Source "../csu/libc-start.c", line 360, in __libc_start_main_impl [0xffff93868597]
[move_group-17] #12   Source "../sysdeps/nptl/libc_start_call_main.h", line 58, in __aarch64_ldadd4_relax [0xffff938684c3]
[move_group-17] #11   Object "/opt/ros/jazzy/lib/moveit_ros_move_group/move_group", at 0xaaaad2270a67, in main
[move_group-17] #10   Object "/opt/ros/jazzy/lib/moveit_ros_move_group/move_group", at 0xaaaad22736f7, in 
[move_group-17] #9    Object "/opt/ros/jazzy/lib/libmoveit_cpp.so.2.12.4", at 0xffff944e9e5f, in moveit_cpp::MoveItCpp::~MoveItCpp()
[move_group-17] #8    Object "/opt/ros/jazzy/lib/libmoveit_cpp.so.2.12.4", at 0xffff944e9c57, in 
[move_group-17] #7    Object "/opt/ros/jazzy/lib/libmoveit_trajectory_execution_manager.so.2.12.4", at 0xffff936258ff, in trajectory_execution_manager::TrajectoryExecutionManager::~TrajectoryExecutionManager()
[move_group-17] #6    Object "/opt/ros/jazzy/lib/libmoveit_trajectory_execution_manager.so.2.12.4", at 0xffff93636c5f, in 
[move_group-17] #5    Object "/opt/ros/jazzy/lib/librclcpp.so", at 0xffff93f335c3, in rclcpp::Node::~Node()
[move_group-17] #4    Object "/opt/ros/jazzy/lib/librclcpp.so", at 0xffff93ecc4cf, in 
[move_group-17] #3    Object "/opt/ros/jazzy/lib/librclcpp.so", at 0xffff93f31c17, in 
[move_group-17] #2    Object "/opt/ros/jazzy/lib/librclcpp.so", at 0xffff93f31b57, in rclcpp::node_interfaces::NodeBase::~NodeBase()
[move_group-17] #1    Object "/opt/ros/jazzy/lib/librclcpp.so", at 0xffff93ecc5ab, in 
[move_group-17] #0    Object "/opt/ros/jazzy/lib/librclcpp.so", at 0xffff93ed1384, in rclcpp::CallbackGroup::~CallbackGroup()
[move_group-17] Segmentation fault (Address not mapped to object [0xffff7ffeddc0])
[move_group-15] #13   Source "../csu/libc-start.c", line 360, in __libc_start_main_impl [0xffffb5668597]
[move_group-15] #12   Source "../sysdeps/nptl/libc_start_call_main.h", line 58, in __aarch64_ldadd4_relax [0xffffb56684c3]
[move_group-15] #11   Object "/opt/ros/jazzy/lib/moveit_ros_move_group/move_group", at 0xaaaacfbe0a67, in main
[move_group-15] #10   Object "/opt/ros/jazzy/lib/moveit_ros_move_group/move_group", at 0xaaaacfbe36f7, in 
[move_group-15] #9    Object "/opt/ros/jazzy/lib/libmoveit_cpp.so.2.12.4", at 0xffffb6289e5f, in moveit_cpp::MoveItCpp::~MoveItCpp()
[move_group-15] #8    Object "/opt/ros/jazzy/lib/libmoveit_cpp.so.2.12.4", at 0xffffb6289c57, in 
[move_group-15] #7    Object "/opt/ros/jazzy/lib/libmoveit_trajectory_execution_manager.so.2.12.4", at 0xffffb53a58ff, in trajectory_execution_manager::TrajectoryExecutionManager::~TrajectoryExecutionManager()
[move_group-15] #6    Object "/opt/ros/jazzy/lib/libmoveit_trajectory_execution_manager.so.2.12.4", at 0xffffb53b6c5f, in 
[move_group-15] #5    Object "/opt/ros/jazzy/lib/librclcpp.so", at 0xffffb5d335c3, in rclcpp::Node::~Node()
[move_group-15] #4    Object "/opt/ros/jazzy/lib/librclcpp.so", at 0xffffb5ccc4cf, in 
[move_group-15] #3    Object "/opt/ros/jazzy/lib/librclcpp.so", at 0xffffb5d31c17, in 
[move_group-15] #2    Object "/opt/ros/jazzy/lib/librclcpp.so", at 0xffffb5d31b57, in rclcpp::node_interfaces::NodeBase::~NodeBase()
[move_group-15] #1    Object "/opt/ros/jazzy/lib/librclcpp.so", at 0xffffb5ccc5ab, in 
[move_group-15] #0    Object "/opt/ros/jazzy/lib/librclcpp.so", at 0xffffb5cd1384, in rclcpp::CallbackGroup::~CallbackGroup()
[move_group-15] Segmentation fault (Address not mapped to object [0xffffa355ddc0])
[ERROR] [move_group-17]: process has died [pid 182, exit code -11, cmd '/opt/ros/jazzy/lib/moveit_ros_move_group/move_group --ros-args -r __node:=move_group -r __ns:=/cite/cell_a/arm_3 --params-file /tmp/launch_params_eew6ku68 --params-file /tmp/launch_params__supv3cs --params-file /tmp/launch_params_8_jqj7p2 --params-file /tmp/launch_params_9y5e85n4 --params-file /tmp/launch_params_f3foczdo --params-file /tmp/launch_params_xiea2jdq -r /tf:=/tf -r /tf_static:=/tf_static'].
[ERROR] [move_group-15]: process has died [pid 167, exit code -11, cmd '/opt/ros/jazzy/lib/moveit_ros_move_group/move_group --ros-args -r __node:=move_group -r __ns:=/cite/cell_a/arm_1 --params-file /tmp/launch_params_h16x2xqn --params-file /tmp/launch_params_65mg1ytz --params-file /tmp/launch_params_cfz8qyq1 --params-file /tmp/launch_params_3tt_ipip --params-file /tmp/launch_params_wewtgrtq --params-file /tmp/launch_params___5ga9q3 -r /tf:=/tf -r /tf_static:=/tf_static'].
[move_group-16] #13   Source "../csu/libc-start.c", line 360, in __libc_start_main_impl [0xffff8ce68597]
[move_group-16] #12   Source "../sysdeps/nptl/libc_start_call_main.h", line 58, in __aarch64_ldadd4_relax [0xffff8ce684c3]
[move_group-16] #11   Object "/opt/ros/jazzy/lib/moveit_ros_move_group/move_group", at 0xaaaaccfd0a67, in main
[move_group-16] #10   Object "/opt/ros/jazzy/lib/moveit_ros_move_group/move_group", at 0xaaaaccfd36f7, in 
[move_group-16] #9    Object "/opt/ros/jazzy/lib/libmoveit_cpp.so.2.12.4", at 0xffff8da99e5f, in moveit_cpp::MoveItCpp::~MoveItCpp()
[move_group-16] #8    Object "/opt/ros/jazzy/lib/libmoveit_cpp.so.2.12.4", at 0xffff8da99c57, in 
[move_group-16] #7    Object "/opt/ros/jazzy/lib/libmoveit_trajectory_execution_manager.so.2.12.4", at 0xffff8cbe58ff, in trajectory_execution_manager::TrajectoryExecutionManager::~TrajectoryExecutionManager()
[move_group-16] #6    Object "/opt/ros/jazzy/lib/libmoveit_trajectory_execution_manager.so.2.12.4", at 0xffff8cbf6c5f, in 
[move_group-16] #5    Object "/opt/ros/jazzy/lib/librclcpp.so", at 0xffff8d5335c3, in rclcpp::Node::~Node()
[move_group-16] #4    Object "/opt/ros/jazzy/lib/librclcpp.so", at 0xffff8d4cc4cf, in 
[move_group-16] #3    Object "/opt/ros/jazzy/lib/librclcpp.so", at 0xffff8d531c17, in 
[move_group-16] #2    Object "/opt/ros/jazzy/lib/librclcpp.so", at 0xffff8d531b57, in rclcpp::node_interfaces::NodeBase::~NodeBase()
[move_group-16] #1    Object "/opt/ros/jazzy/lib/librclcpp.so", at 0xffff8d4cc5ab, in 
[move_group-16] #0    Object "/opt/ros/jazzy/lib/librclcpp.so", at 0xffff8d4d1384, in rclcpp::CallbackGroup::~CallbackGroup()
[move_group-16] Segmentation fault (Address not mapped to object [0xffff7a08ddc0])
[ERROR] [move_group-16]: process has died [pid 181, exit code -11, cmd '/opt/ros/jazzy/lib/moveit_ros_move_group/move_group --ros-args -r __node:=move_group -r __ns:=/cite/cell_a/arm_2 --params-file /tmp/launch_params_o4vmdp3h --params-file /tmp/launch_params_bvook_yg --params-file /tmp/launch_params_fq6yqx7i --params-file /tmp/launch_params_ucac8khs --params-file /tmp/launch_params_egwqpbyd --params-file /tmp/launch_params_p6t43g59 -r /tf:=/tf -r /tf_static:=/tf_static'].
[INFO] [detection_server-18]: process has finished cleanly [pid 183]
[INFO] [parameter_bridge-2]: process has finished cleanly [pid 89]
[INFO] [robot_state_publisher-5]: process has finished cleanly [pid 92]
[INFO] [robot_state_publisher-9]: process has finished cleanly [pid 96]
[INFO] [skill_server-29]: process has finished cleanly [pid 683]
[INFO] [skill_server-28]: process has finished cleanly [pid 682]
[INFO] [skill_server-27]: process has finished cleanly [pid 681]
[INFO] [robot_state_publisher-3]: process has finished cleanly [pid 90]
[INFO] [robot_state_publisher-7]: process has finished cleanly [pid 94]
[INFO] [model_info.py-12]: process has finished cleanly [pid 109]
[INFO] [topology_server.py-13]: process has finished cleanly [pid 123]
[INFO] [frame_server.py-11]: process has finished cleanly [pid 98]
[INFO] [gz-1]: process has finished cleanly [pid 88]
[INFO] [launch]: process[gz-1] was required: shutting down launched system
[ERROR] [launch]: Caught exception in launch (see debug for traceback): Cannot shutdown a ROS adapter that is not running
test_nothing_of_ours_exited_badly (bringup.TestCleanShutdown.test_nothing_of_ours_exited_badly) ... ok

----------------------------------------------------------------------
Ran 1 test in 0.000s

OK
  ok Scenario 'bringup' passed
